timestamp,vm_id,min_cpu,avg_cpu,max_cpu
0,a0kbD0wrCI8kaItWajaE6DtgAXRxlv1YrKiJ6RlnSNKAogVm7jWmQ7+AySLA9Tg9,1.014991,9.00689,3.4883040000000003
300,a0kbD0wrCI8kaItWajaE6DtgAXRxlv1YrKiJ6RlnSNKAogVm7jWmQ7+AySLA9Tg9,1.191443,7.283117,3.775065
600,a0kbD0wrCI8kaItWajaE6DtgAXRxlv1YrKiJ6RlnSNKAogVm7jWmQ7+AySLA9Tg9,1.8231979999999999,8.179034,4.152533
900,a0kbD0wrCI8kaItWajaE6DtgAXRxlv1YrKiJ6RlnSNKAogVm7jWmQ7+AySLA9Tg9,1.6502740000000002,7.456188,3.8587569999999998
1200,a0kbD0wrCI8kaItWajaE6DtgAXRxlv1YrKiJ6RlnSNKAogVm7jWmQ7+AySLA9Tg9,1.665936,13.256955,6.1895
1500,a0kbD0wrCI8kaItWajaE6DtgAXRxlv1YrKiJ6RlnSNKAogVm7jWmQ7+AySLA9Tg9,1.4715719999999999,8.449993,4.861187999999999
1800,a0kbD0wrCI8kaItWajaE6DtgAXRxlv1YrKiJ6RlnSNKAogVm7jWmQ7+AySLA9Tg9,1.402924,24.355065,4.92697
2100,a0kbD0wrCI8kaItWajaE6DtgAXRxlv1YrKiJ6RlnSNKAogVm7jWmQ7+AySLA9Tg9,2.073143,6.977567999999999,4.502187
2400,a0kbD0wrCI8kaItWajaE6DtgAXRxlv1YrKiJ6RlnSNKAogVm7jWmQ7+AySLA9Tg9,1.147693,10.692658999999999,3.835117
2700,a0kbD0wrCI8kaItWajaE6DtgAXRxlv1YrKiJ6RlnSNKAogVm7jWmQ7+AySLA9Tg9,1.304764,6.808099,3.9583209999999998
3000,a0kbD0wrCI8kaItWajaE6DtgAXRxlv1YrKiJ6RlnSNKAogVm7jWmQ7+AySLA9Tg9,0.56155,7.144228,3.660681
3300,a0kbD0wrCI8kaItWajaE6DtgAXRxlv1YrKiJ6RlnSNKAogVm7jWmQ7+AySLA9Tg9,1.57123,5.487933,3.810433
3600,a0kbD0wrCI8kaItWajaE6DtgAXRxlv1YrKiJ6RlnSNKAogVm7jWmQ7+AySLA9Tg9,0.783742,6.044596,3.560076
3900,a0kbD0wrCI8kaItWajaE6DtgAXRxlv1YrKiJ6RlnSNKAogVm7jWmQ7+AySLA9Tg9,0.866667,7.412364999999999,4.437318
4200,a0kbD0wrCI8kaItWajaE6DtgAXRxlv1YrKiJ6RlnSNKAogVm7jWmQ7+AySLA9Tg9,2.146231,8.065423,4.406175
4500,a0kbD0wrCI8kaItWajaE6DtgAXRxlv1YrKiJ6RlnSNKAogVm7jWmQ7+AySLA9Tg9,1.201705,6.529872,3.794582
4800,a0kbD0wrCI8kaItWajaE6DtgAXRxlv1YrKiJ6RlnSNKAogVm7jWmQ7+AySLA9Tg9,2.2107229999999998,6.280278,4.0186150000000005
5100,a0kbD0wrCI8kaItWajaE6DtgAXRxlv1YrKiJ6RlnSNKAogVm7jWmQ7+AySLA9Tg9,0.704387,7.6767080000000005,3.98262
5400,a0kbD0wrCI8kaItWajaE6DtgAXRxlv1YrKiJ6RlnSNKAogVm7jWmQ7+AySLA9Tg9,1.4396149999999999,6.086806,3.3365
5700,a0kbD0wrCI8kaItWajaE6DtgAXRxlv1YrKiJ6RlnSNKAogVm7jWmQ7+AySLA9Tg9,0.8890819999999999,5.613764,3.28738
6000,a0kbD0wrCI8kaItWajaE6DtgAXRxlv1YrKiJ6RlnSNKAogVm7jWmQ7+AySLA9Tg9,1.828179,9.544321,3.931053
6300,a0kbD0wrCI8kaItWajaE6DtgAXRxlv1YrKiJ6RlnSNKAogVm7jWmQ7+AySLA9Tg9,0.9456690000000001,5.527722,2.98976
6600,a0kbD0wrCI8kaItWajaE6DtgAXRxlv1YrKiJ6RlnSNKAogVm7jWmQ7+AySLA9Tg9,1.2403030000000002,6.351276,3.350082
6900,a0kbD0wrCI8kaItWajaE6DtgAXRxlv1YrKiJ6RlnSNKAogVm7jWmQ7+AySLA9Tg9,2.7611470000000002,10.363174,4.598541
7200,a0kbD0wrCI8kaItWajaE6DtgAXRxlv1YrKiJ6RlnSNKAogVm7jWmQ7+AySLA9Tg9,0.452666,7.322196000000001,3.5794300000000003
7500,a0kbD0wrCI8kaItWajaE6DtgAXRxlv1YrKiJ6RlnSNKAogVm7jWmQ7+AySLA9Tg9,3.2242029999999997,8.872032,5.621086
7800,a0kbD0wrCI8kaItWajaE6DtgAXRxlv1YrKiJ6RlnSNKAogVm7jWmQ7+AySLA9Tg9,1.935715,25.51695,6.1622699999999995
8100,a0kbD0wrCI8kaItWajaE6DtgAXRxlv1YrKiJ6RlnSNKAogVm7jWmQ7+AySLA9Tg9,1.826784,8.0485,4.708566
8400,a0kbD0wrCI8kaItWajaE6DtgAXRxlv1YrKiJ6RlnSNKAogVm7jWmQ7+AySLA9Tg9,3.5210809999999997,9.872239,5.988517
8700,a0kbD0wrCI8kaItWajaE6DtgAXRxlv1YrKiJ6RlnSNKAogVm7jWmQ7+AySLA9Tg9,2.506613,44.711296000000004,13.712929999999998
9000,a0kbD0wrCI8kaItWajaE6DtgAXRxlv1YrKiJ6RlnSNKAogVm7jWmQ7+AySLA9Tg9,1.485826,8.983213000000001,3.9611940000000003
9300,a0kbD0wrCI8kaItWajaE6DtgAXRxlv1YrKiJ6RlnSNKAogVm7jWmQ7+AySLA9Tg9,2.480321,10.202605,4.299293
9600,a0kbD0wrCI8kaItWajaE6DtgAXRxlv1YrKiJ6RlnSNKAogVm7jWmQ7+AySLA9Tg9,1.288335,13.106161,4.202159
9900,a0kbD0wrCI8kaItWajaE6DtgAXRxlv1YrKiJ6RlnSNKAogVm7jWmQ7+AySLA9Tg9,1.1270360000000001,12.778317999999999,3.680271
10200,a0kbD0wrCI8kaItWajaE6DtgAXRxlv1YrKiJ6RlnSNKAogVm7jWmQ7+AySLA9Tg9,1.5258770000000001,6.4644330000000005,4.499353
10500,a0kbD0wrCI8kaItWajaE6DtgAXRxlv1YrKiJ6RlnSNKAogVm7jWmQ7+AySLA9Tg9,2.045153,9.369531,5.267348999999999
10800,a0kbD0wrCI8kaItWajaE6DtgAXRxlv1YrKiJ6RlnSNKAogVm7jWmQ7+AySLA9Tg9,1.254001,6.804178,4.209018
11100,a0kbD0wrCI8kaItWajaE6DtgAXRxlv1YrKiJ6RlnSNKAogVm7jWmQ7+AySLA9Tg9,0.776948,8.208568,4.225533
11400,a0kbD0wrCI8kaItWajaE6DtgAXRxlv1YrKiJ6RlnSNKAogVm7jWmQ7+AySLA9Tg9,2.884289,9.74231,5.243523000000001
11700,a0kbD0wrCI8kaItWajaE6DtgAXRxlv1YrKiJ6RlnSNKAogVm7jWmQ7+AySLA9Tg9,0.836391,15.334338,5.187804
12000,a0kbD0wrCI8kaItWajaE6DtgAXRxlv1YrKiJ6RlnSNKAogVm7jWmQ7+AySLA9Tg9,0.795846,8.798244,5.006069999999999
12300,a0kbD0wrCI8kaItWajaE6DtgAXRxlv1YrKiJ6RlnSNKAogVm7jWmQ7+AySLA9Tg9,3.07755,11.290237,6.573321000000001
12600,a0kbD0wrCI8kaItWajaE6DtgAXRxlv1YrKiJ6RlnSNKAogVm7jWmQ7+AySLA9Tg9,1.7692299999999999,7.005509,3.767733
12900,a0kbD0wrCI8kaItWajaE6DtgAXRxlv1YrKiJ6RlnSNKAogVm7jWmQ7+AySLA9Tg9,1.699169,7.839425,4.639486
13200,a0kbD0wrCI8kaItWajaE6DtgAXRxlv1YrKiJ6RlnSNKAogVm7jWmQ7+AySLA9Tg9,0.713395,16.007622,5.220113
13500,a0kbD0wrCI8kaItWajaE6DtgAXRxlv1YrKiJ6RlnSNKAogVm7jWmQ7+AySLA9Tg9,2.009768,8.11152,4.900416000000001
13800,a0kbD0wrCI8kaItWajaE6DtgAXRxlv1YrKiJ6RlnSNKAogVm7jWmQ7+AySLA9Tg9,2.27389,10.191697999999999,5.644332
14100,a0kbD0wrCI8kaItWajaE6DtgAXRxlv1YrKiJ6RlnSNKAogVm7jWmQ7+AySLA9Tg9,2.579062,7.363797,5.39719
14400,a0kbD0wrCI8kaItWajaE6DtgAXRxlv1YrKiJ6RlnSNKAogVm7jWmQ7+AySLA9Tg9,2.246075,19.814529999999998,6.012846
14700,a0kbD0wrCI8kaItWajaE6DtgAXRxlv1YrKiJ6RlnSNKAogVm7jWmQ7+AySLA9Tg9,0.6317149999999999,8.751472,4.789421
15000,a0kbD0wrCI8kaItWajaE6DtgAXRxlv1YrKiJ6RlnSNKAogVm7jWmQ7+AySLA9Tg9,3.202602,9.190797,5.615064
15300,a0kbD0wrCI8kaItWajaE6DtgAXRxlv1YrKiJ6RlnSNKAogVm7jWmQ7+AySLA9Tg9,1.056294,11.080208,5.388571
15600,a0kbD0wrCI8kaItWajaE6DtgAXRxlv1YrKiJ6RlnSNKAogVm7jWmQ7+AySLA9Tg9,2.245212,9.905111,6.052892
15900,a0kbD0wrCI8kaItWajaE6DtgAXRxlv1YrKiJ6RlnSNKAogVm7jWmQ7+AySLA9Tg9,0.5887020000000001,12.2291,5.3001190000000005
16200,a0kbD0wrCI8kaItWajaE6DtgAXRxlv1YrKiJ6RlnSNKAogVm7jWmQ7+AySLA9Tg9,2.413081,8.026775,4.554105
16500,a0kbD0wrCI8kaItWajaE6DtgAXRxlv1YrKiJ6RlnSNKAogVm7jWmQ7+AySLA9Tg9,0.98669,10.305544,5.89015
16800,a0kbD0wrCI8kaItWajaE6DtgAXRxlv1YrKiJ6RlnSNKAogVm7jWmQ7+AySLA9Tg9,3.954907,15.391387,7.101191
17100,a0kbD0wrCI8kaItWajaE6DtgAXRxlv1YrKiJ6RlnSNKAogVm7jWmQ7+AySLA9Tg9,1.657574,8.666780000000001,4.70858
17400,a0kbD0wrCI8kaItWajaE6DtgAXRxlv1YrKiJ6RlnSNKAogVm7jWmQ7+AySLA9Tg9,0.78799,7.224907000000001,3.5377050000000003
17700,a0kbD0wrCI8kaItWajaE6DtgAXRxlv1YrKiJ6RlnSNKAogVm7jWmQ7+AySLA9Tg9,3.230779,8.631495,5.208088
18000,a0kbD0wrCI8kaItWajaE6DtgAXRxlv1YrKiJ6RlnSNKAogVm7jWmQ7+AySLA9Tg9,2.5777349999999997,10.794852,5.2013940000000005
18300,a0kbD0wrCI8kaItWajaE6DtgAXRxlv1YrKiJ6RlnSNKAogVm7jWmQ7+AySLA9Tg9,1.8993659999999999,8.951908999999999,4.336207
18600,a0kbD0wrCI8kaItWajaE6DtgAXRxlv1YrKiJ6RlnSNKAogVm7jWmQ7+AySLA9Tg9,4.052649,12.422649,6.614576
18900,a0kbD0wrCI8kaItWajaE6DtgAXRxlv1YrKiJ6RlnSNKAogVm7jWmQ7+AySLA9Tg9,2.447969,7.221703,4.2557599999999995
19200,a0kbD0wrCI8kaItWajaE6DtgAXRxlv1YrKiJ6RlnSNKAogVm7jWmQ7+AySLA9Tg9,1.289351,27.775809999999996,5.390055
19500,a0kbD0wrCI8kaItWajaE6DtgAXRxlv1YrKiJ6RlnSNKAogVm7jWmQ7+AySLA9Tg9,2.190014,9.365244,4.844967
19800,a0kbD0wrCI8kaItWajaE6DtgAXRxlv1YrKiJ6RlnSNKAogVm7jWmQ7+AySLA9Tg9,0.910591,6.719786999999999,3.3203120000000004
20100,a0kbD0wrCI8kaItWajaE6DtgAXRxlv1YrKiJ6RlnSNKAogVm7jWmQ7+AySLA9Tg9,1.4382700000000002,9.002823,4.285957
20400,a0kbD0wrCI8kaItWajaE6DtgAXRxlv1YrKiJ6RlnSNKAogVm7jWmQ7+AySLA9Tg9,0.741071,13.778491,4.807064
20700,a0kbD0wrCI8kaItWajaE6DtgAXRxlv1YrKiJ6RlnSNKAogVm7jWmQ7+AySLA9Tg9,2.342407,6.946369,4.103477
21000,a0kbD0wrCI8kaItWajaE6DtgAXRxlv1YrKiJ6RlnSNKAogVm7jWmQ7+AySLA9Tg9,1.257058,8.05448,3.386191
21300,a0kbD0wrCI8kaItWajaE6DtgAXRxlv1YrKiJ6RlnSNKAogVm7jWmQ7+AySLA9Tg9,1.689554,7.27682,3.9532300000000005
21600,a0kbD0wrCI8kaItWajaE6DtgAXRxlv1YrKiJ6RlnSNKAogVm7jWmQ7+AySLA9Tg9,0.753174,6.392223,3.1270990000000003
21900,a0kbD0wrCI8kaItWajaE6DtgAXRxlv1YrKiJ6RlnSNKAogVm7jWmQ7+AySLA9Tg9,0.496903,7.300463000000001,3.221144
22200,a0kbD0wrCI8kaItWajaE6DtgAXRxlv1YrKiJ6RlnSNKAogVm7jWmQ7+AySLA9Tg9,2.4125799999999997,8.118152,4.772943
22500,a0kbD0wrCI8kaItWajaE6DtgAXRxlv1YrKiJ6RlnSNKAogVm7jWmQ7+AySLA9Tg9,0.5824020000000001,7.285572999999999,3.515089
22800,a0kbD0wrCI8kaItWajaE6DtgAXRxlv1YrKiJ6RlnSNKAogVm7jWmQ7+AySLA9Tg9,1.10607,8.049759,3.732728
23100,a0kbD0wrCI8kaItWajaE6DtgAXRxlv1YrKiJ6RlnSNKAogVm7jWmQ7+AySLA9Tg9,2.122884,12.28939,4.956595
23400,a0kbD0wrCI8kaItWajaE6DtgAXRxlv1YrKiJ6RlnSNKAogVm7jWmQ7+AySLA9Tg9,1.891818,6.960222999999999,3.7289510000000003
23700,a0kbD0wrCI8kaItWajaE6DtgAXRxlv1YrKiJ6RlnSNKAogVm7jWmQ7+AySLA9Tg9,0.670666,6.420844000000001,3.074388
24000,a0kbD0wrCI8kaItWajaE6DtgAXRxlv1YrKiJ6RlnSNKAogVm7jWmQ7+AySLA9Tg9,1.396405,17.937394,6.19784
24300,a0kbD0wrCI8kaItWajaE6DtgAXRxlv1YrKiJ6RlnSNKAogVm7jWmQ7+AySLA9Tg9,1.117851,15.208314000000001,4.76194
24600,a0kbD0wrCI8kaItWajaE6DtgAXRxlv1YrKiJ6RlnSNKAogVm7jWmQ7+AySLA9Tg9,0.367279,6.688652,2.994329
24900,a0kbD0wrCI8kaItWajaE6DtgAXRxlv1YrKiJ6RlnSNKAogVm7jWmQ7+AySLA9Tg9,1.705344,7.234261999999999,4.0317099999999995
25200,a0kbD0wrCI8kaItWajaE6DtgAXRxlv1YrKiJ6RlnSNKAogVm7jWmQ7+AySLA9Tg9,0.814534,7.607049000000001,3.6381069999999998
25500,a0kbD0wrCI8kaItWajaE6DtgAXRxlv1YrKiJ6RlnSNKAogVm7jWmQ7+AySLA9Tg9,1.364696,7.546778,3.923564
25800,a0kbD0wrCI8kaItWajaE6DtgAXRxlv1YrKiJ6RlnSNKAogVm7jWmQ7+AySLA9Tg9,3.060064,33.570674,7.378310000000001
26100,a0kbD0wrCI8kaItWajaE6DtgAXRxlv1YrKiJ6RlnSNKAogVm7jWmQ7+AySLA9Tg9,2.52664,9.597722000000001,4.7488660000000005
26400,a0kbD0wrCI8kaItWajaE6DtgAXRxlv1YrKiJ6RlnSNKAogVm7jWmQ7+AySLA9Tg9,2.5521599999999998,15.663075,5.214425
26700,a0kbD0wrCI8kaItWajaE6DtgAXRxlv1YrKiJ6RlnSNKAogVm7jWmQ7+AySLA9Tg9,1.782772,8.700481,4.81532
27000,a0kbD0wrCI8kaItWajaE6DtgAXRxlv1YrKiJ6RlnSNKAogVm7jWmQ7+AySLA9Tg9,1.9439229999999998,26.577485,6.7189309999999995
27300,a0kbD0wrCI8kaItWajaE6DtgAXRxlv1YrKiJ6RlnSNKAogVm7jWmQ7+AySLA9Tg9,0.618016,7.603566000000001,3.008523
27600,a0kbD0wrCI8kaItWajaE6DtgAXRxlv1YrKiJ6RlnSNKAogVm7jWmQ7+AySLA9Tg9,1.9633450000000001,11.318315,4.573798
27900,a0kbD0wrCI8kaItWajaE6DtgAXRxlv1YrKiJ6RlnSNKAogVm7jWmQ7+AySLA9Tg9,0.447625,11.223907,3.593657
28200,a0kbD0wrCI8kaItWajaE6DtgAXRxlv1YrKiJ6RlnSNKAogVm7jWmQ7+AySLA9Tg9,2.069994,7.9641020000000005,4.076384
28500,a0kbD0wrCI8kaItWajaE6DtgAXRxlv1YrKiJ6RlnSNKAogVm7jWmQ7+AySLA9Tg9,1.8671240000000002,7.867447,3.974496
28800,a0kbD0wrCI8kaItWajaE6DtgAXRxlv1YrKiJ6RlnSNKAogVm7jWmQ7+AySLA9Tg9,1.5202,7.622528999999999,3.275185
29100,a0kbD0wrCI8kaItWajaE6DtgAXRxlv1YrKiJ6RlnSNKAogVm7jWmQ7+AySLA9Tg9,1.936622,7.51855,3.6898419999999996
29400,a0kbD0wrCI8kaItWajaE6DtgAXRxlv1YrKiJ6RlnSNKAogVm7jWmQ7+AySLA9Tg9,1.9498389999999999,5.79494,3.377622
29700,a0kbD0wrCI8kaItWajaE6DtgAXRxlv1YrKiJ6RlnSNKAogVm7jWmQ7+AySLA9Tg9,0.599924,9.002727,3.509931
30000,a0kbD0wrCI8kaItWajaE6DtgAXRxlv1YrKiJ6RlnSNKAogVm7jWmQ7+AySLA9Tg9,1.591745,48.492391,5.967911
30300,a0kbD0wrCI8kaItWajaE6DtgAXRxlv1YrKiJ6RlnSNKAogVm7jWmQ7+AySLA9Tg9,1.861005,6.010091,3.773369
30600,a0kbD0wrCI8kaItWajaE6DtgAXRxlv1YrKiJ6RlnSNKAogVm7jWmQ7+AySLA9Tg9,1.178732,7.20248,3.565085
30900,a0kbD0wrCI8kaItWajaE6DtgAXRxlv1YrKiJ6RlnSNKAogVm7jWmQ7+AySLA9Tg9,1.58701,7.5803270000000005,3.4029050000000005
31200,a0kbD0wrCI8kaItWajaE6DtgAXRxlv1YrKiJ6RlnSNKAogVm7jWmQ7+AySLA9Tg9,0.537717,7.285253999999999,3.821757
31500,a0kbD0wrCI8kaItWajaE6DtgAXRxlv1YrKiJ6RlnSNKAogVm7jWmQ7+AySLA9Tg9,1.7716,18.308003,3.816757
31800,a0kbD0wrCI8kaItWajaE6DtgAXRxlv1YrKiJ6RlnSNKAogVm7jWmQ7+AySLA9Tg9,1.013838,8.834528,3.8908980000000004
32100,a0kbD0wrCI8kaItWajaE6DtgAXRxlv1YrKiJ6RlnSNKAogVm7jWmQ7+AySLA9Tg9,1.725061,6.155218,3.852469
32400,a0kbD0wrCI8kaItWajaE6DtgAXRxlv1YrKiJ6RlnSNKAogVm7jWmQ7+AySLA9Tg9,0.901429,11.581689,3.73409
32700,a0kbD0wrCI8kaItWajaE6DtgAXRxlv1YrKiJ6RlnSNKAogVm7jWmQ7+AySLA9Tg9,0.643695,7.938209,3.258717
33000,a0kbD0wrCI8kaItWajaE6DtgAXRxlv1YrKiJ6RlnSNKAogVm7jWmQ7+AySLA9Tg9,1.9314200000000001,10.749982000000001,5.057498000000001
33300,a0kbD0wrCI8kaItWajaE6DtgAXRxlv1YrKiJ6RlnSNKAogVm7jWmQ7+AySLA9Tg9,1.729412,26.033129000000002,5.38625
33600,a0kbD0wrCI8kaItWajaE6DtgAXRxlv1YrKiJ6RlnSNKAogVm7jWmQ7+AySLA9Tg9,1.10761,9.37968,3.594781
33900,a0kbD0wrCI8kaItWajaE6DtgAXRxlv1YrKiJ6RlnSNKAogVm7jWmQ7+AySLA9Tg9,1.7831110000000001,7.800766,4.30623
34200,a0kbD0wrCI8kaItWajaE6DtgAXRxlv1YrKiJ6RlnSNKAogVm7jWmQ7+AySLA9Tg9,1.93622,12.028618,5.3292779999999995
34500,a0kbD0wrCI8kaItWajaE6DtgAXRxlv1YrKiJ6RlnSNKAogVm7jWmQ7+AySLA9Tg9,0.555515,6.578942,4.068162999999999
34800,a0kbD0wrCI8kaItWajaE6DtgAXRxlv1YrKiJ6RlnSNKAogVm7jWmQ7+AySLA9Tg9,1.7485060000000001,8.428993,4.137643
35100,a0kbD0wrCI8kaItWajaE6DtgAXRxlv1YrKiJ6RlnSNKAogVm7jWmQ7+AySLA9Tg9,0.522975,12.700374,3.613894
35400,a0kbD0wrCI8kaItWajaE6DtgAXRxlv1YrKiJ6RlnSNKAogVm7jWmQ7+AySLA9Tg9,1.706346,29.941299,5.346680999999999
35700,a0kbD0wrCI8kaItWajaE6DtgAXRxlv1YrKiJ6RlnSNKAogVm7jWmQ7+AySLA9Tg9,1.489595,6.744594,3.5242489999999997
36000,a0kbD0wrCI8kaItWajaE6DtgAXRxlv1YrKiJ6RlnSNKAogVm7jWmQ7+AySLA9Tg9,0.45172299999999993,6.3774370000000005,3.421854
36300,a0kbD0wrCI8kaItWajaE6DtgAXRxlv1YrKiJ6RlnSNKAogVm7jWmQ7+AySLA9Tg9,1.526567,8.867576,3.219545
36600,a0kbD0wrCI8kaItWajaE6DtgAXRxlv1YrKiJ6RlnSNKAogVm7jWmQ7+AySLA9Tg9,0.798924,30.082384,5.511307
36900,a0kbD0wrCI8kaItWajaE6DtgAXRxlv1YrKiJ6RlnSNKAogVm7jWmQ7+AySLA9Tg9,1.3077889999999999,7.447328,3.222091
37200,a0kbD0wrCI8kaItWajaE6DtgAXRxlv1YrKiJ6RlnSNKAogVm7jWmQ7+AySLA9Tg9,0.598627,8.622857000000002,3.050574
37500,a0kbD0wrCI8kaItWajaE6DtgAXRxlv1YrKiJ6RlnSNKAogVm7jWmQ7+AySLA9Tg9,1.801216,8.634696,3.6842980000000005
37800,a0kbD0wrCI8kaItWajaE6DtgAXRxlv1YrKiJ6RlnSNKAogVm7jWmQ7+AySLA9Tg9,0.888452,5.583589,3.056518
38100,a0kbD0wrCI8kaItWajaE6DtgAXRxlv1YrKiJ6RlnSNKAogVm7jWmQ7+AySLA9Tg9,0.858923,7.822,3.144339
38400,a0kbD0wrCI8kaItWajaE6DtgAXRxlv1YrKiJ6RlnSNKAogVm7jWmQ7+AySLA9Tg9,1.78465,8.379458999999999,3.373706
38700,a0kbD0wrCI8kaItWajaE6DtgAXRxlv1YrKiJ6RlnSNKAogVm7jWmQ7+AySLA9Tg9,0.799499,14.662892000000001,4.252454
39000,a0kbD0wrCI8kaItWajaE6DtgAXRxlv1YrKiJ6RlnSNKAogVm7jWmQ7+AySLA9Tg9,1.770254,8.553101,3.7945379999999997
39300,a0kbD0wrCI8kaItWajaE6DtgAXRxlv1YrKiJ6RlnSNKAogVm7jWmQ7+AySLA9Tg9,1.007233,8.166162,3.819984
39600,a0kbD0wrCI8kaItWajaE6DtgAXRxlv1YrKiJ6RlnSNKAogVm7jWmQ7+AySLA9Tg9,1.23339,5.858841,3.357726
39900,a0kbD0wrCI8kaItWajaE6DtgAXRxlv1YrKiJ6RlnSNKAogVm7jWmQ7+AySLA9Tg9,0.973885,6.672209,2.983318
40200,a0kbD0wrCI8kaItWajaE6DtgAXRxlv1YrKiJ6RlnSNKAogVm7jWmQ7+AySLA9Tg9,1.2460579999999999,7.871534,3.430011
40500,a0kbD0wrCI8kaItWajaE6DtgAXRxlv1YrKiJ6RlnSNKAogVm7jWmQ7+AySLA9Tg9,1.34653,6.154523999999999,3.216017
40800,a0kbD0wrCI8kaItWajaE6DtgAXRxlv1YrKiJ6RlnSNKAogVm7jWmQ7+AySLA9Tg9,0.722953,6.357463,3.255244
41100,a0kbD0wrCI8kaItWajaE6DtgAXRxlv1YrKiJ6RlnSNKAogVm7jWmQ7+AySLA9Tg9,1.3596,10.902707000000001,3.847968
41400,a0kbD0wrCI8kaItWajaE6DtgAXRxlv1YrKiJ6RlnSNKAogVm7jWmQ7+AySLA9Tg9,1.451748,10.189684,3.8880529999999998
41700,a0kbD0wrCI8kaItWajaE6DtgAXRxlv1YrKiJ6RlnSNKAogVm7jWmQ7+AySLA9Tg9,1.720564,6.900156,3.6827970000000003
42000,a0kbD0wrCI8kaItWajaE6DtgAXRxlv1YrKiJ6RlnSNKAogVm7jWmQ7+AySLA9Tg9,0.9239870000000001,13.011119,4.018636
42300,a0kbD0wrCI8kaItWajaE6DtgAXRxlv1YrKiJ6RlnSNKAogVm7jWmQ7+AySLA9Tg9,1.445765,14.826061,4.106984
42600,a0kbD0wrCI8kaItWajaE6DtgAXRxlv1YrKiJ6RlnSNKAogVm7jWmQ7+AySLA9Tg9,1.9228779999999999,12.496305,4.244019000000001
42900,a0kbD0wrCI8kaItWajaE6DtgAXRxlv1YrKiJ6RlnSNKAogVm7jWmQ7+AySLA9Tg9,2.061184,9.174561,3.9333699999999996
43200,a0kbD0wrCI8kaItWajaE6DtgAXRxlv1YrKiJ6RlnSNKAogVm7jWmQ7+AySLA9Tg9,1.3876950000000001,9.169727,3.644165
43500,a0kbD0wrCI8kaItWajaE6DtgAXRxlv1YrKiJ6RlnSNKAogVm7jWmQ7+AySLA9Tg9,0.954594,5.381754,2.834634
43800,a0kbD0wrCI8kaItWajaE6DtgAXRxlv1YrKiJ6RlnSNKAogVm7jWmQ7+AySLA9Tg9,1.348898,9.196731,3.795784
44100,a0kbD0wrCI8kaItWajaE6DtgAXRxlv1YrKiJ6RlnSNKAogVm7jWmQ7+AySLA9Tg9,1.5000870000000002,7.695123,3.762825
44400,a0kbD0wrCI8kaItWajaE6DtgAXRxlv1YrKiJ6RlnSNKAogVm7jWmQ7+AySLA9Tg9,1.5288329999999999,5.913384,2.9959759999999998
44700,a0kbD0wrCI8kaItWajaE6DtgAXRxlv1YrKiJ6RlnSNKAogVm7jWmQ7+AySLA9Tg9,1.147319,7.611103999999999,4.638344999999999
45000,a0kbD0wrCI8kaItWajaE6DtgAXRxlv1YrKiJ6RlnSNKAogVm7jWmQ7+AySLA9Tg9,1.482446,10.972953,4.448265
45300,a0kbD0wrCI8kaItWajaE6DtgAXRxlv1YrKiJ6RlnSNKAogVm7jWmQ7+AySLA9Tg9,1.025179,7.742197999999999,3.8225800000000003
45600,a0kbD0wrCI8kaItWajaE6DtgAXRxlv1YrKiJ6RlnSNKAogVm7jWmQ7+AySLA9Tg9,1.882111,14.568922,5.887246
45900,a0kbD0wrCI8kaItWajaE6DtgAXRxlv1YrKiJ6RlnSNKAogVm7jWmQ7+AySLA9Tg9,3.483282,15.546232,6.171544
46200,a0kbD0wrCI8kaItWajaE6DtgAXRxlv1YrKiJ6RlnSNKAogVm7jWmQ7+AySLA9Tg9,0.8192459999999999,6.98968,3.47411
46500,a0kbD0wrCI8kaItWajaE6DtgAXRxlv1YrKiJ6RlnSNKAogVm7jWmQ7+AySLA9Tg9,1.953043,9.6829,4.074169
46800,a0kbD0wrCI8kaItWajaE6DtgAXRxlv1YrKiJ6RlnSNKAogVm7jWmQ7+AySLA9Tg9,0.956404,7.886067,3.773483
47100,a0kbD0wrCI8kaItWajaE6DtgAXRxlv1YrKiJ6RlnSNKAogVm7jWmQ7+AySLA9Tg9,1.7603810000000002,12.481916,4.0022720000000005
47400,a0kbD0wrCI8kaItWajaE6DtgAXRxlv1YrKiJ6RlnSNKAogVm7jWmQ7+AySLA9Tg9,1.249718,11.939523,3.434969
47700,a0kbD0wrCI8kaItWajaE6DtgAXRxlv1YrKiJ6RlnSNKAogVm7jWmQ7+AySLA9Tg9,1.288593,8.1247,4.231973
48000,a0kbD0wrCI8kaItWajaE6DtgAXRxlv1YrKiJ6RlnSNKAogVm7jWmQ7+AySLA9Tg9,0.864563,6.56589,3.255504
48300,a0kbD0wrCI8kaItWajaE6DtgAXRxlv1YrKiJ6RlnSNKAogVm7jWmQ7+AySLA9Tg9,1.601702,8.179225,3.314767
48600,a0kbD0wrCI8kaItWajaE6DtgAXRxlv1YrKiJ6RlnSNKAogVm7jWmQ7+AySLA9Tg9,1.13925,5.462433,3.069389
48900,a0kbD0wrCI8kaItWajaE6DtgAXRxlv1YrKiJ6RlnSNKAogVm7jWmQ7+AySLA9Tg9,0.687646,7.514696000000001,2.793097
49200,a0kbD0wrCI8kaItWajaE6DtgAXRxlv1YrKiJ6RlnSNKAogVm7jWmQ7+AySLA9Tg9,1.7254900000000002,7.302528999999999,3.4452239999999996
49500,a0kbD0wrCI8kaItWajaE6DtgAXRxlv1YrKiJ6RlnSNKAogVm7jWmQ7+AySLA9Tg9,0.5973970000000001,13.356715,3.7899879999999997
49800,a0kbD0wrCI8kaItWajaE6DtgAXRxlv1YrKiJ6RlnSNKAogVm7jWmQ7+AySLA9Tg9,1.705482,8.44701,3.764996
50100,a0kbD0wrCI8kaItWajaE6DtgAXRxlv1YrKiJ6RlnSNKAogVm7jWmQ7+AySLA9Tg9,0.462555,7.135014999999999,3.322981
50400,a0kbD0wrCI8kaItWajaE6DtgAXRxlv1YrKiJ6RlnSNKAogVm7jWmQ7+AySLA9Tg9,1.5202069999999999,6.324485,3.3552269999999997
50700,a0kbD0wrCI8kaItWajaE6DtgAXRxlv1YrKiJ6RlnSNKAogVm7jWmQ7+AySLA9Tg9,1.184123,6.3967,3.115005
51000,a0kbD0wrCI8kaItWajaE6DtgAXRxlv1YrKiJ6RlnSNKAogVm7jWmQ7+AySLA9Tg9,1.3212629999999999,7.173555,3.472805
51300,a0kbD0wrCI8kaItWajaE6DtgAXRxlv1YrKiJ6RlnSNKAogVm7jWmQ7+AySLA9Tg9,1.0452110000000001,7.913177,4.497722
51600,a0kbD0wrCI8kaItWajaE6DtgAXRxlv1YrKiJ6RlnSNKAogVm7jWmQ7+AySLA9Tg9,1.365514,7.083038,3.39925
51900,a0kbD0wrCI8kaItWajaE6DtgAXRxlv1YrKiJ6RlnSNKAogVm7jWmQ7+AySLA9Tg9,2.90817,40.92553,14.373629999999999
52200,a0kbD0wrCI8kaItWajaE6DtgAXRxlv1YrKiJ6RlnSNKAogVm7jWmQ7+AySLA9Tg9,0.821628,7.754515,4.239304
52500,a0kbD0wrCI8kaItWajaE6DtgAXRxlv1YrKiJ6RlnSNKAogVm7jWmQ7+AySLA9Tg9,1.308945,7.694485,3.9129370000000003
52800,a0kbD0wrCI8kaItWajaE6DtgAXRxlv1YrKiJ6RlnSNKAogVm7jWmQ7+AySLA9Tg9,0.998499,8.286396,3.8647980000000004
53100,a0kbD0wrCI8kaItWajaE6DtgAXRxlv1YrKiJ6RlnSNKAogVm7jWmQ7+AySLA9Tg9,1.328586,12.190949,4.7942
53400,a0kbD0wrCI8kaItWajaE6DtgAXRxlv1YrKiJ6RlnSNKAogVm7jWmQ7+AySLA9Tg9,1.6048129999999998,8.410528999999999,3.83543
53700,a0kbD0wrCI8kaItWajaE6DtgAXRxlv1YrKiJ6RlnSNKAogVm7jWmQ7+AySLA9Tg9,1.849148,10.11553,4.694897
54000,a0kbD0wrCI8kaItWajaE6DtgAXRxlv1YrKiJ6RlnSNKAogVm7jWmQ7+AySLA9Tg9,0.96485,10.487278,4.163453
54300,a0kbD0wrCI8kaItWajaE6DtgAXRxlv1YrKiJ6RlnSNKAogVm7jWmQ7+AySLA9Tg9,0.778434,8.09925,3.9574190000000002
54600,a0kbD0wrCI8kaItWajaE6DtgAXRxlv1YrKiJ6RlnSNKAogVm7jWmQ7+AySLA9Tg9,1.234361,7.967247,3.888978
54900,a0kbD0wrCI8kaItWajaE6DtgAXRxlv1YrKiJ6RlnSNKAogVm7jWmQ7+AySLA9Tg9,1.020271,10.168449,3.4894580000000004
55200,a0kbD0wrCI8kaItWajaE6DtgAXRxlv1YrKiJ6RlnSNKAogVm7jWmQ7+AySLA9Tg9,1.9956639999999999,8.559858,4.307012
55500,a0kbD0wrCI8kaItWajaE6DtgAXRxlv1YrKiJ6RlnSNKAogVm7jWmQ7+AySLA9Tg9,0.5880310000000001,12.747449000000001,4.969599
55800,a0kbD0wrCI8kaItWajaE6DtgAXRxlv1YrKiJ6RlnSNKAogVm7jWmQ7+AySLA9Tg9,1.131685,8.132116,3.444168
56100,a0kbD0wrCI8kaItWajaE6DtgAXRxlv1YrKiJ6RlnSNKAogVm7jWmQ7+AySLA9Tg9,0.608323,6.622572,3.817825
56400,a0kbD0wrCI8kaItWajaE6DtgAXRxlv1YrKiJ6RlnSNKAogVm7jWmQ7+AySLA9Tg9,2.528618,12.941230000000001,5.225189
56700,a0kbD0wrCI8kaItWajaE6DtgAXRxlv1YrKiJ6RlnSNKAogVm7jWmQ7+AySLA9Tg9,1.588066,18.583869,7.085260000000001
57000,a0kbD0wrCI8kaItWajaE6DtgAXRxlv1YrKiJ6RlnSNKAogVm7jWmQ7+AySLA9Tg9,1.6079629999999998,8.429822,5.511968
57300,a0kbD0wrCI8kaItWajaE6DtgAXRxlv1YrKiJ6RlnSNKAogVm7jWmQ7+AySLA9Tg9,3.117872,20.223526,8.405063
57600,a0kbD0wrCI8kaItWajaE6DtgAXRxlv1YrKiJ6RlnSNKAogVm7jWmQ7+AySLA9Tg9,2.7196029999999998,16.65965,7.5898080000000006
57900,a0kbD0wrCI8kaItWajaE6DtgAXRxlv1YrKiJ6RlnSNKAogVm7jWmQ7+AySLA9Tg9,2.5017009999999997,10.993722,5.397599
58200,a0kbD0wrCI8kaItWajaE6DtgAXRxlv1YrKiJ6RlnSNKAogVm7jWmQ7+AySLA9Tg9,3.4180059999999997,29.576062,10.282328
58500,a0kbD0wrCI8kaItWajaE6DtgAXRxlv1YrKiJ6RlnSNKAogVm7jWmQ7+AySLA9Tg9,2.368734,11.692387,4.959174
58800,a0kbD0wrCI8kaItWajaE6DtgAXRxlv1YrKiJ6RlnSNKAogVm7jWmQ7+AySLA9Tg9,1.190967,13.574522,4.454883000000001
59100,a0kbD0wrCI8kaItWajaE6DtgAXRxlv1YrKiJ6RlnSNKAogVm7jWmQ7+AySLA9Tg9,1.054058,7.422696000000001,2.689715
59400,a0kbD0wrCI8kaItWajaE6DtgAXRxlv1YrKiJ6RlnSNKAogVm7jWmQ7+AySLA9Tg9,0.867827,7.7885029999999995,2.235983
59700,a0kbD0wrCI8kaItWajaE6DtgAXRxlv1YrKiJ6RlnSNKAogVm7jWmQ7+AySLA9Tg9,0.557819,5.3034300000000005,2.181579
60000,a0kbD0wrCI8kaItWajaE6DtgAXRxlv1YrKiJ6RlnSNKAogVm7jWmQ7+AySLA9Tg9,0.8858090000000001,5.548058,2.212785
60300,a0kbD0wrCI8kaItWajaE6DtgAXRxlv1YrKiJ6RlnSNKAogVm7jWmQ7+AySLA9Tg9,0.8670760000000001,12.338273,2.614605
60600,a0kbD0wrCI8kaItWajaE6DtgAXRxlv1YrKiJ6RlnSNKAogVm7jWmQ7+AySLA9Tg9,0.927657,4.529032,1.9499939999999998
60900,a0kbD0wrCI8kaItWajaE6DtgAXRxlv1YrKiJ6RlnSNKAogVm7jWmQ7+AySLA9Tg9,0.743324,7.404571000000001,2.204281
61200,a0kbD0wrCI8kaItWajaE6DtgAXRxlv1YrKiJ6RlnSNKAogVm7jWmQ7+AySLA9Tg9,0.9486889999999999,6.8969570000000004,1.9772740000000002
61500,a0kbD0wrCI8kaItWajaE6DtgAXRxlv1YrKiJ6RlnSNKAogVm7jWmQ7+AySLA9Tg9,0.9618040000000001,5.513596,1.980488
61800,a0kbD0wrCI8kaItWajaE6DtgAXRxlv1YrKiJ6RlnSNKAogVm7jWmQ7+AySLA9Tg9,1.101684,4.816783999999999,2.225156
62100,a0kbD0wrCI8kaItWajaE6DtgAXRxlv1YrKiJ6RlnSNKAogVm7jWmQ7+AySLA9Tg9,0.802876,11.484702,3.4321839999999995
62400,a0kbD0wrCI8kaItWajaE6DtgAXRxlv1YrKiJ6RlnSNKAogVm7jWmQ7+AySLA9Tg9,1.250928,23.723004,6.07029
62700,a0kbD0wrCI8kaItWajaE6DtgAXRxlv1YrKiJ6RlnSNKAogVm7jWmQ7+AySLA9Tg9,1.5455510000000001,13.468943,5.497299
63000,a0kbD0wrCI8kaItWajaE6DtgAXRxlv1YrKiJ6RlnSNKAogVm7jWmQ7+AySLA9Tg9,0.577421,13.289857999999999,5.320638
63300,a0kbD0wrCI8kaItWajaE6DtgAXRxlv1YrKiJ6RlnSNKAogVm7jWmQ7+AySLA9Tg9,1.6433520000000001,10.132543,4.244573
63600,a0kbD0wrCI8kaItWajaE6DtgAXRxlv1YrKiJ6RlnSNKAogVm7jWmQ7+AySLA9Tg9,0.735912,8.586242,3.748725
63900,a0kbD0wrCI8kaItWajaE6DtgAXRxlv1YrKiJ6RlnSNKAogVm7jWmQ7+AySLA9Tg9,1.2641719999999999,13.410212,4.683941
64200,a0kbD0wrCI8kaItWajaE6DtgAXRxlv1YrKiJ6RlnSNKAogVm7jWmQ7+AySLA9Tg9,3.335289,29.525295,7.554326
64500,a0kbD0wrCI8kaItWajaE6DtgAXRxlv1YrKiJ6RlnSNKAogVm7jWmQ7+AySLA9Tg9,2.217722,7.487513000000001,4.416225
64800,a0kbD0wrCI8kaItWajaE6DtgAXRxlv1YrKiJ6RlnSNKAogVm7jWmQ7+AySLA9Tg9,1.550706,9.793768,5.064982
65100,a0kbD0wrCI8kaItWajaE6DtgAXRxlv1YrKiJ6RlnSNKAogVm7jWmQ7+AySLA9Tg9,1.749552,13.722857999999999,5.86759
65400,a0kbD0wrCI8kaItWajaE6DtgAXRxlv1YrKiJ6RlnSNKAogVm7jWmQ7+AySLA9Tg9,2.050347,29.568075,9.328254
65700,a0kbD0wrCI8kaItWajaE6DtgAXRxlv1YrKiJ6RlnSNKAogVm7jWmQ7+AySLA9Tg9,0.670426,13.715901,7.53268
66000,a0kbD0wrCI8kaItWajaE6DtgAXRxlv1YrKiJ6RlnSNKAogVm7jWmQ7+AySLA9Tg9,4.0488480000000004,13.953529999999999,9.273413
66300,a0kbD0wrCI8kaItWajaE6DtgAXRxlv1YrKiJ6RlnSNKAogVm7jWmQ7+AySLA9Tg9,1.15466,11.858804,6.8600460000000005
66600,a0kbD0wrCI8kaItWajaE6DtgAXRxlv1YrKiJ6RlnSNKAogVm7jWmQ7+AySLA9Tg9,3.088946,8.722509,5.970333999999999
66900,a0kbD0wrCI8kaItWajaE6DtgAXRxlv1YrKiJ6RlnSNKAogVm7jWmQ7+AySLA9Tg9,3.36456,28.640402,8.683677000000001
67200,a0kbD0wrCI8kaItWajaE6DtgAXRxlv1YrKiJ6RlnSNKAogVm7jWmQ7+AySLA9Tg9,2.2121020000000002,12.553326,5.773182
67500,a0kbD0wrCI8kaItWajaE6DtgAXRxlv1YrKiJ6RlnSNKAogVm7jWmQ7+AySLA9Tg9,0.7737430000000001,14.449898000000001,6.036034
67800,a0kbD0wrCI8kaItWajaE6DtgAXRxlv1YrKiJ6RlnSNKAogVm7jWmQ7+AySLA9Tg9,1.2207430000000001,10.370937,7.191167999999999
68100,a0kbD0wrCI8kaItWajaE6DtgAXRxlv1YrKiJ6RlnSNKAogVm7jWmQ7+AySLA9Tg9,3.154487,13.725435000000001,6.467272
68400,a0kbD0wrCI8kaItWajaE6DtgAXRxlv1YrKiJ6RlnSNKAogVm7jWmQ7+AySLA9Tg9,2.8521549999999998,9.348317,5.869393
68700,a0kbD0wrCI8kaItWajaE6DtgAXRxlv1YrKiJ6RlnSNKAogVm7jWmQ7+AySLA9Tg9,4.895354,9.596761,7.143902000000001
69000,a0kbD0wrCI8kaItWajaE6DtgAXRxlv1YrKiJ6RlnSNKAogVm7jWmQ7+AySLA9Tg9,1.245365,12.120650999999999,5.2124690000000005
69300,a0kbD0wrCI8kaItWajaE6DtgAXRxlv1YrKiJ6RlnSNKAogVm7jWmQ7+AySLA9Tg9,2.232751,8.08501,4.567932
69600,a0kbD0wrCI8kaItWajaE6DtgAXRxlv1YrKiJ6RlnSNKAogVm7jWmQ7+AySLA9Tg9,0.8793280000000001,7.562952,5.119728
69900,a0kbD0wrCI8kaItWajaE6DtgAXRxlv1YrKiJ6RlnSNKAogVm7jWmQ7+AySLA9Tg9,2.011404,12.219342,6.664480999999999
70200,a0kbD0wrCI8kaItWajaE6DtgAXRxlv1YrKiJ6RlnSNKAogVm7jWmQ7+AySLA9Tg9,0.994108,10.115785,5.282099
70500,a0kbD0wrCI8kaItWajaE6DtgAXRxlv1YrKiJ6RlnSNKAogVm7jWmQ7+AySLA9Tg9,2.7272279999999998,10.848139999999999,6.114308
70800,a0kbD0wrCI8kaItWajaE6DtgAXRxlv1YrKiJ6RlnSNKAogVm7jWmQ7+AySLA9Tg9,1.563499,12.366597,5.7207230000000004
71100,a0kbD0wrCI8kaItWajaE6DtgAXRxlv1YrKiJ6RlnSNKAogVm7jWmQ7+AySLA9Tg9,1.068386,19.308324,5.4257230000000005
71400,a0kbD0wrCI8kaItWajaE6DtgAXRxlv1YrKiJ6RlnSNKAogVm7jWmQ7+AySLA9Tg9,3.920758,10.347773,6.75255
71700,a0kbD0wrCI8kaItWajaE6DtgAXRxlv1YrKiJ6RlnSNKAogVm7jWmQ7+AySLA9Tg9,3.598299,20.622508,7.984013
72000,a0kbD0wrCI8kaItWajaE6DtgAXRxlv1YrKiJ6RlnSNKAogVm7jWmQ7+AySLA9Tg9,2.166248,10.199361,5.374880999999999
72300,a0kbD0wrCI8kaItWajaE6DtgAXRxlv1YrKiJ6RlnSNKAogVm7jWmQ7+AySLA9Tg9,2.947581,10.054385,5.615863
72600,a0kbD0wrCI8kaItWajaE6DtgAXRxlv1YrKiJ6RlnSNKAogVm7jWmQ7+AySLA9Tg9,2.621032,11.061342,6.141507
72900,a0kbD0wrCI8kaItWajaE6DtgAXRxlv1YrKiJ6RlnSNKAogVm7jWmQ7+AySLA9Tg9,1.935457,11.784115,5.594753
73200,a0kbD0wrCI8kaItWajaE6DtgAXRxlv1YrKiJ6RlnSNKAogVm7jWmQ7+AySLA9Tg9,2.333932,15.154038,6.176391000000001
73500,a0kbD0wrCI8kaItWajaE6DtgAXRxlv1YrKiJ6RlnSNKAogVm7jWmQ7+AySLA9Tg9,3.062383,10.537716,6.889488
73800,a0kbD0wrCI8kaItWajaE6DtgAXRxlv1YrKiJ6RlnSNKAogVm7jWmQ7+AySLA9Tg9,3.581864,21.257641,7.633761
74100,a0kbD0wrCI8kaItWajaE6DtgAXRxlv1YrKiJ6RlnSNKAogVm7jWmQ7+AySLA9Tg9,1.6821979999999999,10.209127,5.324148
74400,a0kbD0wrCI8kaItWajaE6DtgAXRxlv1YrKiJ6RlnSNKAogVm7jWmQ7+AySLA9Tg9,1.595769,11.482999000000001,5.999505
74700,a0kbD0wrCI8kaItWajaE6DtgAXRxlv1YrKiJ6RlnSNKAogVm7jWmQ7+AySLA9Tg9,1.865243,15.539155,5.78809
75000,a0kbD0wrCI8kaItWajaE6DtgAXRxlv1YrKiJ6RlnSNKAogVm7jWmQ7+AySLA9Tg9,0.46297,9.861605,4.955497
75300,a0kbD0wrCI8kaItWajaE6DtgAXRxlv1YrKiJ6RlnSNKAogVm7jWmQ7+AySLA9Tg9,2.079462,10.739857,5.486565000000001
75600,a0kbD0wrCI8kaItWajaE6DtgAXRxlv1YrKiJ6RlnSNKAogVm7jWmQ7+AySLA9Tg9,1.4112209999999998,11.449987,5.532209
75900,a0kbD0wrCI8kaItWajaE6DtgAXRxlv1YrKiJ6RlnSNKAogVm7jWmQ7+AySLA9Tg9,5.771103,13.203347,9.187809
76200,a0kbD0wrCI8kaItWajaE6DtgAXRxlv1YrKiJ6RlnSNKAogVm7jWmQ7+AySLA9Tg9,3.165262,14.992804999999999,7.756995
76500,a0kbD0wrCI8kaItWajaE6DtgAXRxlv1YrKiJ6RlnSNKAogVm7jWmQ7+AySLA9Tg9,2.2048490000000003,12.360178999999999,6.8599619999999994
76800,a0kbD0wrCI8kaItWajaE6DtgAXRxlv1YrKiJ6RlnSNKAogVm7jWmQ7+AySLA9Tg9,2.306466,15.400565,6.099743
77100,a0kbD0wrCI8kaItWajaE6DtgAXRxlv1YrKiJ6RlnSNKAogVm7jWmQ7+AySLA9Tg9,1.209989,14.798926000000002,7.1537820000000005
77400,a0kbD0wrCI8kaItWajaE6DtgAXRxlv1YrKiJ6RlnSNKAogVm7jWmQ7+AySLA9Tg9,3.945004,15.747416000000001,7.791133
77700,a0kbD0wrCI8kaItWajaE6DtgAXRxlv1YrKiJ6RlnSNKAogVm7jWmQ7+AySLA9Tg9,1.7429290000000002,10.203235000000001,5.925002
78000,a0kbD0wrCI8kaItWajaE6DtgAXRxlv1YrKiJ6RlnSNKAogVm7jWmQ7+AySLA9Tg9,3.113842,10.494245,5.925942
78300,a0kbD0wrCI8kaItWajaE6DtgAXRxlv1YrKiJ6RlnSNKAogVm7jWmQ7+AySLA9Tg9,2.295614,14.010916,7.288283
78600,a0kbD0wrCI8kaItWajaE6DtgAXRxlv1YrKiJ6RlnSNKAogVm7jWmQ7+AySLA9Tg9,4.746949,13.674949,8.748116
78900,a0kbD0wrCI8kaItWajaE6DtgAXRxlv1YrKiJ6RlnSNKAogVm7jWmQ7+AySLA9Tg9,1.7882689999999999,23.272434,7.821853
79200,a0kbD0wrCI8kaItWajaE6DtgAXRxlv1YrKiJ6RlnSNKAogVm7jWmQ7+AySLA9Tg9,1.9690889999999999,16.584569000000002,6.918696000000001
79500,a0kbD0wrCI8kaItWajaE6DtgAXRxlv1YrKiJ6RlnSNKAogVm7jWmQ7+AySLA9Tg9,4.133927,13.675817000000002,6.6455660000000005
79800,a0kbD0wrCI8kaItWajaE6DtgAXRxlv1YrKiJ6RlnSNKAogVm7jWmQ7+AySLA9Tg9,1.539046,12.804636,5.528525
80100,a0kbD0wrCI8kaItWajaE6DtgAXRxlv1YrKiJ6RlnSNKAogVm7jWmQ7+AySLA9Tg9,2.627357,26.198672,7.455531
80400,a0kbD0wrCI8kaItWajaE6DtgAXRxlv1YrKiJ6RlnSNKAogVm7jWmQ7+AySLA9Tg9,1.207154,12.571634,6.049005
80700,a0kbD0wrCI8kaItWajaE6DtgAXRxlv1YrKiJ6RlnSNKAogVm7jWmQ7+AySLA9Tg9,3.153429,14.010414,7.5022199999999994
81000,a0kbD0wrCI8kaItWajaE6DtgAXRxlv1YrKiJ6RlnSNKAogVm7jWmQ7+AySLA9Tg9,0.815976,17.450223,9.32875
81300,a0kbD0wrCI8kaItWajaE6DtgAXRxlv1YrKiJ6RlnSNKAogVm7jWmQ7+AySLA9Tg9,4.760112,15.44539,8.895497
81600,a0kbD0wrCI8kaItWajaE6DtgAXRxlv1YrKiJ6RlnSNKAogVm7jWmQ7+AySLA9Tg9,3.2996230000000004,26.931186,8.427064
81900,a0kbD0wrCI8kaItWajaE6DtgAXRxlv1YrKiJ6RlnSNKAogVm7jWmQ7+AySLA9Tg9,3.662297,24.353057999999997,8.937180999999999
82200,a0kbD0wrCI8kaItWajaE6DtgAXRxlv1YrKiJ6RlnSNKAogVm7jWmQ7+AySLA9Tg9,3.612476,10.939869999999999,6.625711
82500,a0kbD0wrCI8kaItWajaE6DtgAXRxlv1YrKiJ6RlnSNKAogVm7jWmQ7+AySLA9Tg9,0.9752270000000001,12.824154,5.645757
82800,a0kbD0wrCI8kaItWajaE6DtgAXRxlv1YrKiJ6RlnSNKAogVm7jWmQ7+AySLA9Tg9,2.348948,14.439323000000002,6.489787000000001
83100,a0kbD0wrCI8kaItWajaE6DtgAXRxlv1YrKiJ6RlnSNKAogVm7jWmQ7+AySLA9Tg9,1.02742,12.366878999999999,5.577936
83400,a0kbD0wrCI8kaItWajaE6DtgAXRxlv1YrKiJ6RlnSNKAogVm7jWmQ7+AySLA9Tg9,1.877846,17.199004000000002,6.623385000000001
83700,a0kbD0wrCI8kaItWajaE6DtgAXRxlv1YrKiJ6RlnSNKAogVm7jWmQ7+AySLA9Tg9,2.59692,23.896064000000003,8.984741
84000,a0kbD0wrCI8kaItWajaE6DtgAXRxlv1YrKiJ6RlnSNKAogVm7jWmQ7+AySLA9Tg9,2.513563,9.934663,4.969028
84300,a0kbD0wrCI8kaItWajaE6DtgAXRxlv1YrKiJ6RlnSNKAogVm7jWmQ7+AySLA9Tg9,1.414298,12.875912,7.22691
84600,a0kbD0wrCI8kaItWajaE6DtgAXRxlv1YrKiJ6RlnSNKAogVm7jWmQ7+AySLA9Tg9,1.715695,11.978344,6.577404
84900,a0kbD0wrCI8kaItWajaE6DtgAXRxlv1YrKiJ6RlnSNKAogVm7jWmQ7+AySLA9Tg9,2.731616,9.621058,5.849128
85200,a0kbD0wrCI8kaItWajaE6DtgAXRxlv1YrKiJ6RlnSNKAogVm7jWmQ7+AySLA9Tg9,0.8516450000000001,12.10167,6.658269000000001
85500,a0kbD0wrCI8kaItWajaE6DtgAXRxlv1YrKiJ6RlnSNKAogVm7jWmQ7+AySLA9Tg9,2.625705,26.995441999999997,7.342121000000001
85800,a0kbD0wrCI8kaItWajaE6DtgAXRxlv1YrKiJ6RlnSNKAogVm7jWmQ7+AySLA9Tg9,0.878498,17.332531,7.225237
86100,a0kbD0wrCI8kaItWajaE6DtgAXRxlv1YrKiJ6RlnSNKAogVm7jWmQ7+AySLA9Tg9,3.12224,14.513738,8.464526
86400,a0kbD0wrCI8kaItWajaE6DtgAXRxlv1YrKiJ6RlnSNKAogVm7jWmQ7+AySLA9Tg9,0.800238,14.733614999999999,7.353997
86700,a0kbD0wrCI8kaItWajaE6DtgAXRxlv1YrKiJ6RlnSNKAogVm7jWmQ7+AySLA9Tg9,3.7576669999999996,12.429553,7.163039
87000,a0kbD0wrCI8kaItWajaE6DtgAXRxlv1YrKiJ6RlnSNKAogVm7jWmQ7+AySLA9Tg9,4.775098000000001,15.289741000000001,9.139851
87300,a0kbD0wrCI8kaItWajaE6DtgAXRxlv1YrKiJ6RlnSNKAogVm7jWmQ7+AySLA9Tg9,1.385566,13.450335,8.407892
87600,a0kbD0wrCI8kaItWajaE6DtgAXRxlv1YrKiJ6RlnSNKAogVm7jWmQ7+AySLA9Tg9,4.723696,15.006513,9.651497
87900,a0kbD0wrCI8kaItWajaE6DtgAXRxlv1YrKiJ6RlnSNKAogVm7jWmQ7+AySLA9Tg9,1.442178,17.707101,8.427814
88200,a0kbD0wrCI8kaItWajaE6DtgAXRxlv1YrKiJ6RlnSNKAogVm7jWmQ7+AySLA9Tg9,3.2866239999999998,20.248667,10.488356
88500,a0kbD0wrCI8kaItWajaE6DtgAXRxlv1YrKiJ6RlnSNKAogVm7jWmQ7+AySLA9Tg9,2.817713,13.612185,7.690021000000001
88800,a0kbD0wrCI8kaItWajaE6DtgAXRxlv1YrKiJ6RlnSNKAogVm7jWmQ7+AySLA9Tg9,4.551416000000001,12.407752,8.576528999999999
89100,a0kbD0wrCI8kaItWajaE6DtgAXRxlv1YrKiJ6RlnSNKAogVm7jWmQ7+AySLA9Tg9,0.587827,24.13028,8.417397
89400,a0kbD0wrCI8kaItWajaE6DtgAXRxlv1YrKiJ6RlnSNKAogVm7jWmQ7+AySLA9Tg9,3.947807,19.235385,8.747038
89700,a0kbD0wrCI8kaItWajaE6DtgAXRxlv1YrKiJ6RlnSNKAogVm7jWmQ7+AySLA9Tg9,2.747088,31.798282,11.245075
90000,a0kbD0wrCI8kaItWajaE6DtgAXRxlv1YrKiJ6RlnSNKAogVm7jWmQ7+AySLA9Tg9,0.893631,21.26201,8.991783
90300,a0kbD0wrCI8kaItWajaE6DtgAXRxlv1YrKiJ6RlnSNKAogVm7jWmQ7+AySLA9Tg9,3.32438,15.400571,7.961597
90600,a0kbD0wrCI8kaItWajaE6DtgAXRxlv1YrKiJ6RlnSNKAogVm7jWmQ7+AySLA9Tg9,0.674435,12.89296,7.08105
90900,a0kbD0wrCI8kaItWajaE6DtgAXRxlv1YrKiJ6RlnSNKAogVm7jWmQ7+AySLA9Tg9,5.690323,15.844189000000002,9.260892
91200,a0kbD0wrCI8kaItWajaE6DtgAXRxlv1YrKiJ6RlnSNKAogVm7jWmQ7+AySLA9Tg9,0.656691,12.077657,6.910683000000001
91500,a0kbD0wrCI8kaItWajaE6DtgAXRxlv1YrKiJ6RlnSNKAogVm7jWmQ7+AySLA9Tg9,4.153276,13.022625999999999,7.959666
91800,a0kbD0wrCI8kaItWajaE6DtgAXRxlv1YrKiJ6RlnSNKAogVm7jWmQ7+AySLA9Tg9,3.4718440000000004,21.391401000000002,11.371889
92100,a0kbD0wrCI8kaItWajaE6DtgAXRxlv1YrKiJ6RlnSNKAogVm7jWmQ7+AySLA9Tg9,4.88114,12.452883,8.86026
92400,a0kbD0wrCI8kaItWajaE6DtgAXRxlv1YrKiJ6RlnSNKAogVm7jWmQ7+AySLA9Tg9,0.94685,17.951747,11.039327
92700,a0kbD0wrCI8kaItWajaE6DtgAXRxlv1YrKiJ6RlnSNKAogVm7jWmQ7+AySLA9Tg9,2.654522,18.787157999999998,11.151063
93000,a0kbD0wrCI8kaItWajaE6DtgAXRxlv1YrKiJ6RlnSNKAogVm7jWmQ7+AySLA9Tg9,4.884519,17.190777,9.678195
93300,a0kbD0wrCI8kaItWajaE6DtgAXRxlv1YrKiJ6RlnSNKAogVm7jWmQ7+AySLA9Tg9,0.776946,18.374168,8.71449
93600,a0kbD0wrCI8kaItWajaE6DtgAXRxlv1YrKiJ6RlnSNKAogVm7jWmQ7+AySLA9Tg9,5.207609,16.373084,10.711394
93900,a0kbD0wrCI8kaItWajaE6DtgAXRxlv1YrKiJ6RlnSNKAogVm7jWmQ7+AySLA9Tg9,5.697692,24.240619,10.617711
94200,a0kbD0wrCI8kaItWajaE6DtgAXRxlv1YrKiJ6RlnSNKAogVm7jWmQ7+AySLA9Tg9,3.995596,22.500475,11.294827
94500,a0kbD0wrCI8kaItWajaE6DtgAXRxlv1YrKiJ6RlnSNKAogVm7jWmQ7+AySLA9Tg9,3.369077,15.571635999999998,8.533138000000001
94800,a0kbD0wrCI8kaItWajaE6DtgAXRxlv1YrKiJ6RlnSNKAogVm7jWmQ7+AySLA9Tg9,2.370048,19.722610999999997,8.173653999999999
95100,a0kbD0wrCI8kaItWajaE6DtgAXRxlv1YrKiJ6RlnSNKAogVm7jWmQ7+AySLA9Tg9,10.177445,49.478934,31.054136
95400,a0kbD0wrCI8kaItWajaE6DtgAXRxlv1YrKiJ6RlnSNKAogVm7jWmQ7+AySLA9Tg9,0.9643440000000001,32.428645,11.066888
95700,a0kbD0wrCI8kaItWajaE6DtgAXRxlv1YrKiJ6RlnSNKAogVm7jWmQ7+AySLA9Tg9,4.334126,14.866239000000002,8.184969
96000,a0kbD0wrCI8kaItWajaE6DtgAXRxlv1YrKiJ6RlnSNKAogVm7jWmQ7+AySLA9Tg9,3.491019,20.648893,10.412448
96300,a0kbD0wrCI8kaItWajaE6DtgAXRxlv1YrKiJ6RlnSNKAogVm7jWmQ7+AySLA9Tg9,6.42884,22.005439000000003,12.634186
96600,a0kbD0wrCI8kaItWajaE6DtgAXRxlv1YrKiJ6RlnSNKAogVm7jWmQ7+AySLA9Tg9,3.7928669999999998,16.956953,8.498759
96900,a0kbD0wrCI8kaItWajaE6DtgAXRxlv1YrKiJ6RlnSNKAogVm7jWmQ7+AySLA9Tg9,6.012028,17.285892,10.875906
97200,a0kbD0wrCI8kaItWajaE6DtgAXRxlv1YrKiJ6RlnSNKAogVm7jWmQ7+AySLA9Tg9,5.750848,20.925662,11.316234
97500,a0kbD0wrCI8kaItWajaE6DtgAXRxlv1YrKiJ6RlnSNKAogVm7jWmQ7+AySLA9Tg9,6.21284,17.384866,10.111588000000001
97800,a0kbD0wrCI8kaItWajaE6DtgAXRxlv1YrKiJ6RlnSNKAogVm7jWmQ7+AySLA9Tg9,6.347897,17.365761,10.289897999999999
98100,a0kbD0wrCI8kaItWajaE6DtgAXRxlv1YrKiJ6RlnSNKAogVm7jWmQ7+AySLA9Tg9,0.780867,13.854671,7.765764999999999
98400,a0kbD0wrCI8kaItWajaE6DtgAXRxlv1YrKiJ6RlnSNKAogVm7jWmQ7+AySLA9Tg9,5.147665,15.884087,8.906057
98700,a0kbD0wrCI8kaItWajaE6DtgAXRxlv1YrKiJ6RlnSNKAogVm7jWmQ7+AySLA9Tg9,0.901327,19.167956,10.253851
99000,a0kbD0wrCI8kaItWajaE6DtgAXRxlv1YrKiJ6RlnSNKAogVm7jWmQ7+AySLA9Tg9,5.633076,16.321103,9.107954
99300,a0kbD0wrCI8kaItWajaE6DtgAXRxlv1YrKiJ6RlnSNKAogVm7jWmQ7+AySLA9Tg9,1.1596799999999998,10.362774,7.485734
99600,a0kbD0wrCI8kaItWajaE6DtgAXRxlv1YrKiJ6RlnSNKAogVm7jWmQ7+AySLA9Tg9,2.152906,21.078044000000002,10.61003
99900,a0kbD0wrCI8kaItWajaE6DtgAXRxlv1YrKiJ6RlnSNKAogVm7jWmQ7+AySLA9Tg9,3.053172,19.349097,8.178991
100200,a0kbD0wrCI8kaItWajaE6DtgAXRxlv1YrKiJ6RlnSNKAogVm7jWmQ7+AySLA9Tg9,6.171748,14.100809,9.750588
100500,a0kbD0wrCI8kaItWajaE6DtgAXRxlv1YrKiJ6RlnSNKAogVm7jWmQ7+AySLA9Tg9,4.434995,17.427570000000003,10.382033
100800,a0kbD0wrCI8kaItWajaE6DtgAXRxlv1YrKiJ6RlnSNKAogVm7jWmQ7+AySLA9Tg9,3.13805,13.717675,8.09465
101100,a0kbD0wrCI8kaItWajaE6DtgAXRxlv1YrKiJ6RlnSNKAogVm7jWmQ7+AySLA9Tg9,4.7019150000000005,16.322715,9.091044
101400,a0kbD0wrCI8kaItWajaE6DtgAXRxlv1YrKiJ6RlnSNKAogVm7jWmQ7+AySLA9Tg9,3.9726559999999997,14.521616,9.534892999999999
101700,a0kbD0wrCI8kaItWajaE6DtgAXRxlv1YrKiJ6RlnSNKAogVm7jWmQ7+AySLA9Tg9,4.541253,18.984776,8.957173
102000,a0kbD0wrCI8kaItWajaE6DtgAXRxlv1YrKiJ6RlnSNKAogVm7jWmQ7+AySLA9Tg9,4.273598000000001,15.738447,9.435319
102300,a0kbD0wrCI8kaItWajaE6DtgAXRxlv1YrKiJ6RlnSNKAogVm7jWmQ7+AySLA9Tg9,5.674803,17.997681,10.394381
102600,a0kbD0wrCI8kaItWajaE6DtgAXRxlv1YrKiJ6RlnSNKAogVm7jWmQ7+AySLA9Tg9,0.599429,14.129821,9.068878999999999
102900,a0kbD0wrCI8kaItWajaE6DtgAXRxlv1YrKiJ6RlnSNKAogVm7jWmQ7+AySLA9Tg9,5.140894,15.817758,9.949549000000001
103200,a0kbD0wrCI8kaItWajaE6DtgAXRxlv1YrKiJ6RlnSNKAogVm7jWmQ7+AySLA9Tg9,6.356114,19.234510999999998,10.393736
103500,a0kbD0wrCI8kaItWajaE6DtgAXRxlv1YrKiJ6RlnSNKAogVm7jWmQ7+AySLA9Tg9,1.452615,15.303916000000001,8.498331
103800,a0kbD0wrCI8kaItWajaE6DtgAXRxlv1YrKiJ6RlnSNKAogVm7jWmQ7+AySLA9Tg9,6.659189,18.502223,10.664050999999999
104100,a0kbD0wrCI8kaItWajaE6DtgAXRxlv1YrKiJ6RlnSNKAogVm7jWmQ7+AySLA9Tg9,1.649227,20.477069,9.656918
104400,a0kbD0wrCI8kaItWajaE6DtgAXRxlv1YrKiJ6RlnSNKAogVm7jWmQ7+AySLA9Tg9,3.63101,15.233244000000001,9.693045
104700,a0kbD0wrCI8kaItWajaE6DtgAXRxlv1YrKiJ6RlnSNKAogVm7jWmQ7+AySLA9Tg9,6.072552,25.656352,11.880491000000001
105000,a0kbD0wrCI8kaItWajaE6DtgAXRxlv1YrKiJ6RlnSNKAogVm7jWmQ7+AySLA9Tg9,7.6019559999999995,17.538466,12.29663
105300,a0kbD0wrCI8kaItWajaE6DtgAXRxlv1YrKiJ6RlnSNKAogVm7jWmQ7+AySLA9Tg9,3.532061,14.338044,9.132054
105600,a0kbD0wrCI8kaItWajaE6DtgAXRxlv1YrKiJ6RlnSNKAogVm7jWmQ7+AySLA9Tg9,5.784388,19.810879999999997,12.478517
105900,a0kbD0wrCI8kaItWajaE6DtgAXRxlv1YrKiJ6RlnSNKAogVm7jWmQ7+AySLA9Tg9,8.607462,21.911592000000002,13.631143
106200,a0kbD0wrCI8kaItWajaE6DtgAXRxlv1YrKiJ6RlnSNKAogVm7jWmQ7+AySLA9Tg9,6.238197,37.230043,13.085239999999999
106500,a0kbD0wrCI8kaItWajaE6DtgAXRxlv1YrKiJ6RlnSNKAogVm7jWmQ7+AySLA9Tg9,5.699498,19.386278,12.06904
106800,a0kbD0wrCI8kaItWajaE6DtgAXRxlv1YrKiJ6RlnSNKAogVm7jWmQ7+AySLA9Tg9,6.105741,25.474929,13.176314000000001
107100,a0kbD0wrCI8kaItWajaE6DtgAXRxlv1YrKiJ6RlnSNKAogVm7jWmQ7+AySLA9Tg9,4.956283999999999,18.906376,11.027728999999999
107400,a0kbD0wrCI8kaItWajaE6DtgAXRxlv1YrKiJ6RlnSNKAogVm7jWmQ7+AySLA9Tg9,5.281296,22.270843,12.942213
107700,a0kbD0wrCI8kaItWajaE6DtgAXRxlv1YrKiJ6RlnSNKAogVm7jWmQ7+AySLA9Tg9,8.259539,18.207921,13.47176
108000,a0kbD0wrCI8kaItWajaE6DtgAXRxlv1YrKiJ6RlnSNKAogVm7jWmQ7+AySLA9Tg9,1.3704120000000002,20.894527,12.937719
108300,a0kbD0wrCI8kaItWajaE6DtgAXRxlv1YrKiJ6RlnSNKAogVm7jWmQ7+AySLA9Tg9,6.836301,20.909782,12.060189
108600,a0kbD0wrCI8kaItWajaE6DtgAXRxlv1YrKiJ6RlnSNKAogVm7jWmQ7+AySLA9Tg9,1.222693,19.840616,11.395709
108900,a0kbD0wrCI8kaItWajaE6DtgAXRxlv1YrKiJ6RlnSNKAogVm7jWmQ7+AySLA9Tg9,4.12181,18.293182,10.048417
109200,a0kbD0wrCI8kaItWajaE6DtgAXRxlv1YrKiJ6RlnSNKAogVm7jWmQ7+AySLA9Tg9,6.169133,19.067296,10.833688
109500,a0kbD0wrCI8kaItWajaE6DtgAXRxlv1YrKiJ6RlnSNKAogVm7jWmQ7+AySLA9Tg9,0.872928,18.375923,10.589469
109800,a0kbD0wrCI8kaItWajaE6DtgAXRxlv1YrKiJ6RlnSNKAogVm7jWmQ7+AySLA9Tg9,5.785231,20.23622,10.970369999999999
110100,a0kbD0wrCI8kaItWajaE6DtgAXRxlv1YrKiJ6RlnSNKAogVm7jWmQ7+AySLA9Tg9,5.538522,20.850661,11.633952
110400,a0kbD0wrCI8kaItWajaE6DtgAXRxlv1YrKiJ6RlnSNKAogVm7jWmQ7+AySLA9Tg9,4.076654,24.217049,12.103949
110700,a0kbD0wrCI8kaItWajaE6DtgAXRxlv1YrKiJ6RlnSNKAogVm7jWmQ7+AySLA9Tg9,5.249502,22.301819000000002,11.144039
111000,a0kbD0wrCI8kaItWajaE6DtgAXRxlv1YrKiJ6RlnSNKAogVm7jWmQ7+AySLA9Tg9,5.023448,22.98153,11.159148
111300,a0kbD0wrCI8kaItWajaE6DtgAXRxlv1YrKiJ6RlnSNKAogVm7jWmQ7+AySLA9Tg9,4.452273,19.32657,11.425332000000001
111600,a0kbD0wrCI8kaItWajaE6DtgAXRxlv1YrKiJ6RlnSNKAogVm7jWmQ7+AySLA9Tg9,2.144687,16.520245000000003,8.522183
111900,a0kbD0wrCI8kaItWajaE6DtgAXRxlv1YrKiJ6RlnSNKAogVm7jWmQ7+AySLA9Tg9,5.570302,22.3209,11.749057
112200,a0kbD0wrCI8kaItWajaE6DtgAXRxlv1YrKiJ6RlnSNKAogVm7jWmQ7+AySLA9Tg9,1.860895,15.960444,8.984139
112500,a0kbD0wrCI8kaItWajaE6DtgAXRxlv1YrKiJ6RlnSNKAogVm7jWmQ7+AySLA9Tg9,3.8842559999999997,14.11895,8.024357
112800,a0kbD0wrCI8kaItWajaE6DtgAXRxlv1YrKiJ6RlnSNKAogVm7jWmQ7+AySLA9Tg9,6.479868,29.792596999999997,11.394801
113100,a0kbD0wrCI8kaItWajaE6DtgAXRxlv1YrKiJ6RlnSNKAogVm7jWmQ7+AySLA9Tg9,7.250837,22.047817000000002,11.095971
113400,a0kbD0wrCI8kaItWajaE6DtgAXRxlv1YrKiJ6RlnSNKAogVm7jWmQ7+AySLA9Tg9,0.776362,12.050677,6.958383
113700,a0kbD0wrCI8kaItWajaE6DtgAXRxlv1YrKiJ6RlnSNKAogVm7jWmQ7+AySLA9Tg9,6.790244,14.28265,9.885542999999998
114000,a0kbD0wrCI8kaItWajaE6DtgAXRxlv1YrKiJ6RlnSNKAogVm7jWmQ7+AySLA9Tg9,0.663975,24.368816,10.493319999999999
114300,a0kbD0wrCI8kaItWajaE6DtgAXRxlv1YrKiJ6RlnSNKAogVm7jWmQ7+AySLA9Tg9,5.67657,33.028048999999996,12.734121
114600,a0kbD0wrCI8kaItWajaE6DtgAXRxlv1YrKiJ6RlnSNKAogVm7jWmQ7+AySLA9Tg9,6.216663,21.234506,11.332236
114900,a0kbD0wrCI8kaItWajaE6DtgAXRxlv1YrKiJ6RlnSNKAogVm7jWmQ7+AySLA9Tg9,0.621731,20.419529,9.646834
115200,a0kbD0wrCI8kaItWajaE6DtgAXRxlv1YrKiJ6RlnSNKAogVm7jWmQ7+AySLA9Tg9,3.0398490000000002,17.18682,8.045092
115500,a0kbD0wrCI8kaItWajaE6DtgAXRxlv1YrKiJ6RlnSNKAogVm7jWmQ7+AySLA9Tg9,1.735227,20.812355,10.748175999999999
115800,a0kbD0wrCI8kaItWajaE6DtgAXRxlv1YrKiJ6RlnSNKAogVm7jWmQ7+AySLA9Tg9,6.2493870000000005,16.761713,10.700656
116100,a0kbD0wrCI8kaItWajaE6DtgAXRxlv1YrKiJ6RlnSNKAogVm7jWmQ7+AySLA9Tg9,4.759688,39.589677,11.023214999999999
116400,a0kbD0wrCI8kaItWajaE6DtgAXRxlv1YrKiJ6RlnSNKAogVm7jWmQ7+AySLA9Tg9,4.756530000000001,19.673772,9.319155
116700,a0kbD0wrCI8kaItWajaE6DtgAXRxlv1YrKiJ6RlnSNKAogVm7jWmQ7+AySLA9Tg9,4.481591000000001,18.394762,10.119553
117000,a0kbD0wrCI8kaItWajaE6DtgAXRxlv1YrKiJ6RlnSNKAogVm7jWmQ7+AySLA9Tg9,5.4630410000000005,20.948774,9.076378
117300,a0kbD0wrCI8kaItWajaE6DtgAXRxlv1YrKiJ6RlnSNKAogVm7jWmQ7+AySLA9Tg9,4.2572589999999995,14.711063000000001,7.317591999999999
117600,a0kbD0wrCI8kaItWajaE6DtgAXRxlv1YrKiJ6RlnSNKAogVm7jWmQ7+AySLA9Tg9,2.526311,14.774067,8.168818
117900,a0kbD0wrCI8kaItWajaE6DtgAXRxlv1YrKiJ6RlnSNKAogVm7jWmQ7+AySLA9Tg9,4.004204,16.191326,9.266969
118200,a0kbD0wrCI8kaItWajaE6DtgAXRxlv1YrKiJ6RlnSNKAogVm7jWmQ7+AySLA9Tg9,2.207056,12.999689,8.098466
118500,a0kbD0wrCI8kaItWajaE6DtgAXRxlv1YrKiJ6RlnSNKAogVm7jWmQ7+AySLA9Tg9,5.1202,16.915385,9.77007
118800,a0kbD0wrCI8kaItWajaE6DtgAXRxlv1YrKiJ6RlnSNKAogVm7jWmQ7+AySLA9Tg9,4.9121120000000005,31.033258,9.667022
119100,a0kbD0wrCI8kaItWajaE6DtgAXRxlv1YrKiJ6RlnSNKAogVm7jWmQ7+AySLA9Tg9,5.275939,18.767129999999998,10.212357
119400,a0kbD0wrCI8kaItWajaE6DtgAXRxlv1YrKiJ6RlnSNKAogVm7jWmQ7+AySLA9Tg9,4.52351,14.091431,8.088592
119700,a0kbD0wrCI8kaItWajaE6DtgAXRxlv1YrKiJ6RlnSNKAogVm7jWmQ7+AySLA9Tg9,2.0900939999999997,12.516072,7.006347
120000,a0kbD0wrCI8kaItWajaE6DtgAXRxlv1YrKiJ6RlnSNKAogVm7jWmQ7+AySLA9Tg9,2.664526,15.454365,7.712028999999999
120300,a0kbD0wrCI8kaItWajaE6DtgAXRxlv1YrKiJ6RlnSNKAogVm7jWmQ7+AySLA9Tg9,0.9964459999999999,14.032192000000002,8.420299
120600,a0kbD0wrCI8kaItWajaE6DtgAXRxlv1YrKiJ6RlnSNKAogVm7jWmQ7+AySLA9Tg9,4.554439,14.016418,7.848953999999999
120900,a0kbD0wrCI8kaItWajaE6DtgAXRxlv1YrKiJ6RlnSNKAogVm7jWmQ7+AySLA9Tg9,4.287958000000001,26.794753999999998,9.659429
121200,a0kbD0wrCI8kaItWajaE6DtgAXRxlv1YrKiJ6RlnSNKAogVm7jWmQ7+AySLA9Tg9,6.2492779999999994,14.661776000000001,9.887951
121500,a0kbD0wrCI8kaItWajaE6DtgAXRxlv1YrKiJ6RlnSNKAogVm7jWmQ7+AySLA9Tg9,1.189363,17.752077,7.944571000000001
121800,a0kbD0wrCI8kaItWajaE6DtgAXRxlv1YrKiJ6RlnSNKAogVm7jWmQ7+AySLA9Tg9,2.793123,17.486446,7.878153999999999
122100,a0kbD0wrCI8kaItWajaE6DtgAXRxlv1YrKiJ6RlnSNKAogVm7jWmQ7+AySLA9Tg9,4.9661610000000005,14.3158,8.82103
122400,a0kbD0wrCI8kaItWajaE6DtgAXRxlv1YrKiJ6RlnSNKAogVm7jWmQ7+AySLA9Tg9,1.541611,15.109535999999999,7.317964
122700,a0kbD0wrCI8kaItWajaE6DtgAXRxlv1YrKiJ6RlnSNKAogVm7jWmQ7+AySLA9Tg9,3.012277,16.410757,8.056499
123000,a0kbD0wrCI8kaItWajaE6DtgAXRxlv1YrKiJ6RlnSNKAogVm7jWmQ7+AySLA9Tg9,1.271405,26.029563,8.299567999999999
123300,a0kbD0wrCI8kaItWajaE6DtgAXRxlv1YrKiJ6RlnSNKAogVm7jWmQ7+AySLA9Tg9,2.7483169999999997,12.849176,7.918127
123600,a0kbD0wrCI8kaItWajaE6DtgAXRxlv1YrKiJ6RlnSNKAogVm7jWmQ7+AySLA9Tg9,0.725662,14.549074,6.071663
123900,a0kbD0wrCI8kaItWajaE6DtgAXRxlv1YrKiJ6RlnSNKAogVm7jWmQ7+AySLA9Tg9,3.631996,17.158316,10.83365
124200,a0kbD0wrCI8kaItWajaE6DtgAXRxlv1YrKiJ6RlnSNKAogVm7jWmQ7+AySLA9Tg9,5.296976,23.146347,11.017501
124500,a0kbD0wrCI8kaItWajaE6DtgAXRxlv1YrKiJ6RlnSNKAogVm7jWmQ7+AySLA9Tg9,5.115243,16.835491,9.625711
124800,a0kbD0wrCI8kaItWajaE6DtgAXRxlv1YrKiJ6RlnSNKAogVm7jWmQ7+AySLA9Tg9,2.577284,17.573516,9.528259
125100,a0kbD0wrCI8kaItWajaE6DtgAXRxlv1YrKiJ6RlnSNKAogVm7jWmQ7+AySLA9Tg9,3.306374,16.888247,8.979703
125400,a0kbD0wrCI8kaItWajaE6DtgAXRxlv1YrKiJ6RlnSNKAogVm7jWmQ7+AySLA9Tg9,3.4426400000000004,16.21756,7.52358
125700,a0kbD0wrCI8kaItWajaE6DtgAXRxlv1YrKiJ6RlnSNKAogVm7jWmQ7+AySLA9Tg9,2.4877439999999997,13.309351000000001,6.428482
126000,a0kbD0wrCI8kaItWajaE6DtgAXRxlv1YrKiJ6RlnSNKAogVm7jWmQ7+AySLA9Tg9,3.605264,12.157919999999999,6.989178999999999
126300,a0kbD0wrCI8kaItWajaE6DtgAXRxlv1YrKiJ6RlnSNKAogVm7jWmQ7+AySLA9Tg9,2.6710990000000003,12.493499,6.774136
126600,a0kbD0wrCI8kaItWajaE6DtgAXRxlv1YrKiJ6RlnSNKAogVm7jWmQ7+AySLA9Tg9,3.7384230000000005,14.706342999999999,9.134367
126900,a0kbD0wrCI8kaItWajaE6DtgAXRxlv1YrKiJ6RlnSNKAogVm7jWmQ7+AySLA9Tg9,2.23788,10.151169,6.186205999999999
127200,a0kbD0wrCI8kaItWajaE6DtgAXRxlv1YrKiJ6RlnSNKAogVm7jWmQ7+AySLA9Tg9,2.768457,13.205476999999998,6.7389589999999995
127500,a0kbD0wrCI8kaItWajaE6DtgAXRxlv1YrKiJ6RlnSNKAogVm7jWmQ7+AySLA9Tg9,3.6721660000000003,29.602942,9.094422
127800,a0kbD0wrCI8kaItWajaE6DtgAXRxlv1YrKiJ6RlnSNKAogVm7jWmQ7+AySLA9Tg9,2.823785,10.597619,5.817191
128100,a0kbD0wrCI8kaItWajaE6DtgAXRxlv1YrKiJ6RlnSNKAogVm7jWmQ7+AySLA9Tg9,2.8316,11.644791,6.106768
128400,a0kbD0wrCI8kaItWajaE6DtgAXRxlv1YrKiJ6RlnSNKAogVm7jWmQ7+AySLA9Tg9,1.544286,13.110766,6.7992490000000005
128700,a0kbD0wrCI8kaItWajaE6DtgAXRxlv1YrKiJ6RlnSNKAogVm7jWmQ7+AySLA9Tg9,3.5871120000000003,14.119948,6.825852
129000,a0kbD0wrCI8kaItWajaE6DtgAXRxlv1YrKiJ6RlnSNKAogVm7jWmQ7+AySLA9Tg9,1.476705,14.965178,6.754111999999999
129300,a0kbD0wrCI8kaItWajaE6DtgAXRxlv1YrKiJ6RlnSNKAogVm7jWmQ7+AySLA9Tg9,2.488385,10.569898,6.490622
129600,a0kbD0wrCI8kaItWajaE6DtgAXRxlv1YrKiJ6RlnSNKAogVm7jWmQ7+AySLA9Tg9,0.766806,10.191669000000001,5.178698000000001
129900,a0kbD0wrCI8kaItWajaE6DtgAXRxlv1YrKiJ6RlnSNKAogVm7jWmQ7+AySLA9Tg9,2.149954,8.162808,5.489362
130200,a0kbD0wrCI8kaItWajaE6DtgAXRxlv1YrKiJ6RlnSNKAogVm7jWmQ7+AySLA9Tg9,0.660402,9.168718,5.361238
130500,a0kbD0wrCI8kaItWajaE6DtgAXRxlv1YrKiJ6RlnSNKAogVm7jWmQ7+AySLA9Tg9,1.7375369999999999,11.104168,5.764511
130800,a0kbD0wrCI8kaItWajaE6DtgAXRxlv1YrKiJ6RlnSNKAogVm7jWmQ7+AySLA9Tg9,2.744482,11.799112,5.992692
131100,a0kbD0wrCI8kaItWajaE6DtgAXRxlv1YrKiJ6RlnSNKAogVm7jWmQ7+AySLA9Tg9,1.222928,12.780513000000001,6.321232
131400,a0kbD0wrCI8kaItWajaE6DtgAXRxlv1YrKiJ6RlnSNKAogVm7jWmQ7+AySLA9Tg9,2.8292479999999998,11.868628999999999,5.786974
131700,a0kbD0wrCI8kaItWajaE6DtgAXRxlv1YrKiJ6RlnSNKAogVm7jWmQ7+AySLA9Tg9,1.206872,9.639832,5.277579
132000,a0kbD0wrCI8kaItWajaE6DtgAXRxlv1YrKiJ6RlnSNKAogVm7jWmQ7+AySLA9Tg9,3.145955,11.427292999999999,6.53185
132300,a0kbD0wrCI8kaItWajaE6DtgAXRxlv1YrKiJ6RlnSNKAogVm7jWmQ7+AySLA9Tg9,1.354523,15.838004000000002,5.603061
132600,a0kbD0wrCI8kaItWajaE6DtgAXRxlv1YrKiJ6RlnSNKAogVm7jWmQ7+AySLA9Tg9,2.497119,10.608748,5.644626000000001
132900,a0kbD0wrCI8kaItWajaE6DtgAXRxlv1YrKiJ6RlnSNKAogVm7jWmQ7+AySLA9Tg9,0.818303,8.104284,5.232176
133200,a0kbD0wrCI8kaItWajaE6DtgAXRxlv1YrKiJ6RlnSNKAogVm7jWmQ7+AySLA9Tg9,1.699036,18.562376,5.4377580000000005
133500,a0kbD0wrCI8kaItWajaE6DtgAXRxlv1YrKiJ6RlnSNKAogVm7jWmQ7+AySLA9Tg9,1.165931,9.665144,4.6586419999999995
133800,a0kbD0wrCI8kaItWajaE6DtgAXRxlv1YrKiJ6RlnSNKAogVm7jWmQ7+AySLA9Tg9,0.9672350000000001,9.35399,4.128186
134100,a0kbD0wrCI8kaItWajaE6DtgAXRxlv1YrKiJ6RlnSNKAogVm7jWmQ7+AySLA9Tg9,1.4759010000000001,11.304821,4.273395
134400,a0kbD0wrCI8kaItWajaE6DtgAXRxlv1YrKiJ6RlnSNKAogVm7jWmQ7+AySLA9Tg9,1.124398,9.099569,4.549705
134700,a0kbD0wrCI8kaItWajaE6DtgAXRxlv1YrKiJ6RlnSNKAogVm7jWmQ7+AySLA9Tg9,2.49641,11.324523,5.490851999999999
135000,a0kbD0wrCI8kaItWajaE6DtgAXRxlv1YrKiJ6RlnSNKAogVm7jWmQ7+AySLA9Tg9,0.623153,9.523666,3.775287
135300,a0kbD0wrCI8kaItWajaE6DtgAXRxlv1YrKiJ6RlnSNKAogVm7jWmQ7+AySLA9Tg9,1.1625370000000002,10.243558,3.808885
135600,a0kbD0wrCI8kaItWajaE6DtgAXRxlv1YrKiJ6RlnSNKAogVm7jWmQ7+AySLA9Tg9,0.640783,9.37544,4.667483
135900,a0kbD0wrCI8kaItWajaE6DtgAXRxlv1YrKiJ6RlnSNKAogVm7jWmQ7+AySLA9Tg9,1.538859,13.604989000000002,5.1576010000000005
136200,a0kbD0wrCI8kaItWajaE6DtgAXRxlv1YrKiJ6RlnSNKAogVm7jWmQ7+AySLA9Tg9,1.8504630000000002,12.487017999999999,5.115453
136500,a0kbD0wrCI8kaItWajaE6DtgAXRxlv1YrKiJ6RlnSNKAogVm7jWmQ7+AySLA9Tg9,1.9007310000000002,38.475026,6.7719190000000005
136800,a0kbD0wrCI8kaItWajaE6DtgAXRxlv1YrKiJ6RlnSNKAogVm7jWmQ7+AySLA9Tg9,2.0391209999999997,13.357128,5.985666999999999
137100,a0kbD0wrCI8kaItWajaE6DtgAXRxlv1YrKiJ6RlnSNKAogVm7jWmQ7+AySLA9Tg9,1.432756,16.524008,5.662037000000001
137400,a0kbD0wrCI8kaItWajaE6DtgAXRxlv1YrKiJ6RlnSNKAogVm7jWmQ7+AySLA9Tg9,3.9059269999999997,11.145997,6.290939
137700,a0kbD0wrCI8kaItWajaE6DtgAXRxlv1YrKiJ6RlnSNKAogVm7jWmQ7+AySLA9Tg9,1.008735,11.970747,5.135321
138000,a0kbD0wrCI8kaItWajaE6DtgAXRxlv1YrKiJ6RlnSNKAogVm7jWmQ7+AySLA9Tg9,2.2732759999999996,10.68421,5.83925
138300,a0kbD0wrCI8kaItWajaE6DtgAXRxlv1YrKiJ6RlnSNKAogVm7jWmQ7+AySLA9Tg9,3.958051,30.720987,11.297448
138600,a0kbD0wrCI8kaItWajaE6DtgAXRxlv1YrKiJ6RlnSNKAogVm7jWmQ7+AySLA9Tg9,1.03375,11.02484,5.7930589999999995
138900,a0kbD0wrCI8kaItWajaE6DtgAXRxlv1YrKiJ6RlnSNKAogVm7jWmQ7+AySLA9Tg9,1.9619349999999998,10.298465,4.8273779999999995
139200,a0kbD0wrCI8kaItWajaE6DtgAXRxlv1YrKiJ6RlnSNKAogVm7jWmQ7+AySLA9Tg9,2.556341,7.871224000000001,5.158507
139500,a0kbD0wrCI8kaItWajaE6DtgAXRxlv1YrKiJ6RlnSNKAogVm7jWmQ7+AySLA9Tg9,3.42927,14.972191,5.889817
139800,a0kbD0wrCI8kaItWajaE6DtgAXRxlv1YrKiJ6RlnSNKAogVm7jWmQ7+AySLA9Tg9,2.232613,12.986452,5.409168
140100,a0kbD0wrCI8kaItWajaE6DtgAXRxlv1YrKiJ6RlnSNKAogVm7jWmQ7+AySLA9Tg9,3.531769,12.292864999999999,6.163029
140400,a0kbD0wrCI8kaItWajaE6DtgAXRxlv1YrKiJ6RlnSNKAogVm7jWmQ7+AySLA9Tg9,0.8231299999999999,12.557502000000001,5.875291000000001
140700,a0kbD0wrCI8kaItWajaE6DtgAXRxlv1YrKiJ6RlnSNKAogVm7jWmQ7+AySLA9Tg9,1.702578,12.618205,4.885025
141000,a0kbD0wrCI8kaItWajaE6DtgAXRxlv1YrKiJ6RlnSNKAogVm7jWmQ7+AySLA9Tg9,0.8274040000000001,8.661355,4.232196
141300,a0kbD0wrCI8kaItWajaE6DtgAXRxlv1YrKiJ6RlnSNKAogVm7jWmQ7+AySLA9Tg9,1.35741,8.574705,4.352745
141600,a0kbD0wrCI8kaItWajaE6DtgAXRxlv1YrKiJ6RlnSNKAogVm7jWmQ7+AySLA9Tg9,0.946794,7.702816,4.081711
141900,a0kbD0wrCI8kaItWajaE6DtgAXRxlv1YrKiJ6RlnSNKAogVm7jWmQ7+AySLA9Tg9,2.03169,11.994537,6.038138
142200,a0kbD0wrCI8kaItWajaE6DtgAXRxlv1YrKiJ6RlnSNKAogVm7jWmQ7+AySLA9Tg9,1.2417690000000001,13.369568,5.716386
142500,a0kbD0wrCI8kaItWajaE6DtgAXRxlv1YrKiJ6RlnSNKAogVm7jWmQ7+AySLA9Tg9,0.845043,9.603216999999999,5.274793
142800,a0kbD0wrCI8kaItWajaE6DtgAXRxlv1YrKiJ6RlnSNKAogVm7jWmQ7+AySLA9Tg9,3.768154,13.860134,8.355419
143100,a0kbD0wrCI8kaItWajaE6DtgAXRxlv1YrKiJ6RlnSNKAogVm7jWmQ7+AySLA9Tg9,0.6467310000000001,12.598637,5.803994
143400,a0kbD0wrCI8kaItWajaE6DtgAXRxlv1YrKiJ6RlnSNKAogVm7jWmQ7+AySLA9Tg9,1.7930810000000001,11.694206,5.545634
143700,a0kbD0wrCI8kaItWajaE6DtgAXRxlv1YrKiJ6RlnSNKAogVm7jWmQ7+AySLA9Tg9,0.882654,12.954528999999999,6.286962
144000,a0kbD0wrCI8kaItWajaE6DtgAXRxlv1YrKiJ6RlnSNKAogVm7jWmQ7+AySLA9Tg9,3.772705,16.517643,6.884144999999999
144300,a0kbD0wrCI8kaItWajaE6DtgAXRxlv1YrKiJ6RlnSNKAogVm7jWmQ7+AySLA9Tg9,2.9660919999999997,14.482375,6.476597
144600,a0kbD0wrCI8kaItWajaE6DtgAXRxlv1YrKiJ6RlnSNKAogVm7jWmQ7+AySLA9Tg9,0.942162,15.43666,5.556673
144900,a0kbD0wrCI8kaItWajaE6DtgAXRxlv1YrKiJ6RlnSNKAogVm7jWmQ7+AySLA9Tg9,1.433103,11.726361,6.6677990000000005
145200,a0kbD0wrCI8kaItWajaE6DtgAXRxlv1YrKiJ6RlnSNKAogVm7jWmQ7+AySLA9Tg9,0.792388,13.3962,6.096369999999999
145500,a0kbD0wrCI8kaItWajaE6DtgAXRxlv1YrKiJ6RlnSNKAogVm7jWmQ7+AySLA9Tg9,3.084496,10.603178999999999,6.209065
145800,a0kbD0wrCI8kaItWajaE6DtgAXRxlv1YrKiJ6RlnSNKAogVm7jWmQ7+AySLA9Tg9,2.698238,14.039032,6.9710149999999995
146100,a0kbD0wrCI8kaItWajaE6DtgAXRxlv1YrKiJ6RlnSNKAogVm7jWmQ7+AySLA9Tg9,2.88634,13.490916,6.856058
146400,a0kbD0wrCI8kaItWajaE6DtgAXRxlv1YrKiJ6RlnSNKAogVm7jWmQ7+AySLA9Tg9,1.331761,37.440579,10.556132
146700,a0kbD0wrCI8kaItWajaE6DtgAXRxlv1YrKiJ6RlnSNKAogVm7jWmQ7+AySLA9Tg9,0.634314,12.198656,6.947802
147000,a0kbD0wrCI8kaItWajaE6DtgAXRxlv1YrKiJ6RlnSNKAogVm7jWmQ7+AySLA9Tg9,2.4325330000000003,13.9668,5.720476000000001
147300,a0kbD0wrCI8kaItWajaE6DtgAXRxlv1YrKiJ6RlnSNKAogVm7jWmQ7+AySLA9Tg9,2.314921,8.064267,4.722321
147600,a0kbD0wrCI8kaItWajaE6DtgAXRxlv1YrKiJ6RlnSNKAogVm7jWmQ7+AySLA9Tg9,4.281379,13.899956,7.319286999999999
147900,a0kbD0wrCI8kaItWajaE6DtgAXRxlv1YrKiJ6RlnSNKAogVm7jWmQ7+AySLA9Tg9,1.7561639999999998,15.190089000000002,7.557175999999999
148200,a0kbD0wrCI8kaItWajaE6DtgAXRxlv1YrKiJ6RlnSNKAogVm7jWmQ7+AySLA9Tg9,3.6205540000000003,9.30139,5.429418
148500,a0kbD0wrCI8kaItWajaE6DtgAXRxlv1YrKiJ6RlnSNKAogVm7jWmQ7+AySLA9Tg9,2.15161,10.448688,6.205946
148800,a0kbD0wrCI8kaItWajaE6DtgAXRxlv1YrKiJ6RlnSNKAogVm7jWmQ7+AySLA9Tg9,2.078147,17.244719,7.898428
149100,a0kbD0wrCI8kaItWajaE6DtgAXRxlv1YrKiJ6RlnSNKAogVm7jWmQ7+AySLA9Tg9,2.489434,14.058841000000001,5.169381
149400,a0kbD0wrCI8kaItWajaE6DtgAXRxlv1YrKiJ6RlnSNKAogVm7jWmQ7+AySLA9Tg9,0.783808,12.12544,5.761551
149700,a0kbD0wrCI8kaItWajaE6DtgAXRxlv1YrKiJ6RlnSNKAogVm7jWmQ7+AySLA9Tg9,2.207573,12.011258999999999,5.498189
150000,a0kbD0wrCI8kaItWajaE6DtgAXRxlv1YrKiJ6RlnSNKAogVm7jWmQ7+AySLA9Tg9,0.7985399999999999,10.289627000000001,5.87723
150300,a0kbD0wrCI8kaItWajaE6DtgAXRxlv1YrKiJ6RlnSNKAogVm7jWmQ7+AySLA9Tg9,3.683161,31.484323,8.510613000000001
150600,a0kbD0wrCI8kaItWajaE6DtgAXRxlv1YrKiJ6RlnSNKAogVm7jWmQ7+AySLA9Tg9,1.974493,12.02727,5.2613330000000005
150900,a0kbD0wrCI8kaItWajaE6DtgAXRxlv1YrKiJ6RlnSNKAogVm7jWmQ7+AySLA9Tg9,2.540743,12.748967,5.678854
151200,a0kbD0wrCI8kaItWajaE6DtgAXRxlv1YrKiJ6RlnSNKAogVm7jWmQ7+AySLA9Tg9,0.822016,11.337009,5.501446
151500,a0kbD0wrCI8kaItWajaE6DtgAXRxlv1YrKiJ6RlnSNKAogVm7jWmQ7+AySLA9Tg9,2.681277,10.18905,5.418334
151800,a0kbD0wrCI8kaItWajaE6DtgAXRxlv1YrKiJ6RlnSNKAogVm7jWmQ7+AySLA9Tg9,2.852446,20.763003,7.343762
152100,a0kbD0wrCI8kaItWajaE6DtgAXRxlv1YrKiJ6RlnSNKAogVm7jWmQ7+AySLA9Tg9,0.9063260000000001,11.440973,6.304167
152400,a0kbD0wrCI8kaItWajaE6DtgAXRxlv1YrKiJ6RlnSNKAogVm7jWmQ7+AySLA9Tg9,2.889185,13.463403,6.9072
152700,a0kbD0wrCI8kaItWajaE6DtgAXRxlv1YrKiJ6RlnSNKAogVm7jWmQ7+AySLA9Tg9,2.814162,38.603531,8.41508
153000,a0kbD0wrCI8kaItWajaE6DtgAXRxlv1YrKiJ6RlnSNKAogVm7jWmQ7+AySLA9Tg9,2.6415330000000004,13.478381,6.1397010000000005
153300,a0kbD0wrCI8kaItWajaE6DtgAXRxlv1YrKiJ6RlnSNKAogVm7jWmQ7+AySLA9Tg9,0.931875,9.436534,4.6804879999999995
153600,a0kbD0wrCI8kaItWajaE6DtgAXRxlv1YrKiJ6RlnSNKAogVm7jWmQ7+AySLA9Tg9,1.852966,10.265963000000001,5.745367
153900,a0kbD0wrCI8kaItWajaE6DtgAXRxlv1YrKiJ6RlnSNKAogVm7jWmQ7+AySLA9Tg9,1.913932,14.138753,5.3601540000000005
154200,a0kbD0wrCI8kaItWajaE6DtgAXRxlv1YrKiJ6RlnSNKAogVm7jWmQ7+AySLA9Tg9,3.2752209999999997,10.707946000000002,6.393312
154500,a0kbD0wrCI8kaItWajaE6DtgAXRxlv1YrKiJ6RlnSNKAogVm7jWmQ7+AySLA9Tg9,3.4655139999999998,10.106952,5.702429
154800,a0kbD0wrCI8kaItWajaE6DtgAXRxlv1YrKiJ6RlnSNKAogVm7jWmQ7+AySLA9Tg9,0.54084,14.013646,5.145957
155100,a0kbD0wrCI8kaItWajaE6DtgAXRxlv1YrKiJ6RlnSNKAogVm7jWmQ7+AySLA9Tg9,1.801064,11.96524,6.062767
155400,a0kbD0wrCI8kaItWajaE6DtgAXRxlv1YrKiJ6RlnSNKAogVm7jWmQ7+AySLA9Tg9,4.573531,27.409912,8.659544
155700,a0kbD0wrCI8kaItWajaE6DtgAXRxlv1YrKiJ6RlnSNKAogVm7jWmQ7+AySLA9Tg9,2.2736680000000002,18.903,6.802588
156000,a0kbD0wrCI8kaItWajaE6DtgAXRxlv1YrKiJ6RlnSNKAogVm7jWmQ7+AySLA9Tg9,2.012581,19.061585,6.260533000000001
156300,a0kbD0wrCI8kaItWajaE6DtgAXRxlv1YrKiJ6RlnSNKAogVm7jWmQ7+AySLA9Tg9,3.4271019999999996,10.298325,6.241828
156600,a0kbD0wrCI8kaItWajaE6DtgAXRxlv1YrKiJ6RlnSNKAogVm7jWmQ7+AySLA9Tg9,2.574791,13.613326,6.3882769999999995
156900,a0kbD0wrCI8kaItWajaE6DtgAXRxlv1YrKiJ6RlnSNKAogVm7jWmQ7+AySLA9Tg9,2.53557,8.676683,5.425548
157200,a0kbD0wrCI8kaItWajaE6DtgAXRxlv1YrKiJ6RlnSNKAogVm7jWmQ7+AySLA9Tg9,0.896824,12.567133,6.157661
157500,a0kbD0wrCI8kaItWajaE6DtgAXRxlv1YrKiJ6RlnSNKAogVm7jWmQ7+AySLA9Tg9,1.770615,11.174257,5.853983
157800,a0kbD0wrCI8kaItWajaE6DtgAXRxlv1YrKiJ6RlnSNKAogVm7jWmQ7+AySLA9Tg9,3.3914449999999996,15.893645999999999,6.0281080000000005
158100,a0kbD0wrCI8kaItWajaE6DtgAXRxlv1YrKiJ6RlnSNKAogVm7jWmQ7+AySLA9Tg9,3.949329,12.639654,7.194509
158400,a0kbD0wrCI8kaItWajaE6DtgAXRxlv1YrKiJ6RlnSNKAogVm7jWmQ7+AySLA9Tg9,3.783903,12.822806,6.252967
158700,a0kbD0wrCI8kaItWajaE6DtgAXRxlv1YrKiJ6RlnSNKAogVm7jWmQ7+AySLA9Tg9,0.61336,9.607883000000001,5.537307
159000,a0kbD0wrCI8kaItWajaE6DtgAXRxlv1YrKiJ6RlnSNKAogVm7jWmQ7+AySLA9Tg9,3.7419629999999997,11.551009,7.636092999999999
159300,a0kbD0wrCI8kaItWajaE6DtgAXRxlv1YrKiJ6RlnSNKAogVm7jWmQ7+AySLA9Tg9,1.116929,12.249619000000001,5.174557
159600,a0kbD0wrCI8kaItWajaE6DtgAXRxlv1YrKiJ6RlnSNKAogVm7jWmQ7+AySLA9Tg9,2.145957,10.288892,6.61417
159900,a0kbD0wrCI8kaItWajaE6DtgAXRxlv1YrKiJ6RlnSNKAogVm7jWmQ7+AySLA9Tg9,0.747351,15.908238,7.568316
160200,a0kbD0wrCI8kaItWajaE6DtgAXRxlv1YrKiJ6RlnSNKAogVm7jWmQ7+AySLA9Tg9,3.6603449999999995,13.341628,7.435289999999999
160500,a0kbD0wrCI8kaItWajaE6DtgAXRxlv1YrKiJ6RlnSNKAogVm7jWmQ7+AySLA9Tg9,0.9027879999999999,12.13681,7.873219000000001
160800,a0kbD0wrCI8kaItWajaE6DtgAXRxlv1YrKiJ6RlnSNKAogVm7jWmQ7+AySLA9Tg9,0.48406400000000005,11.871578,7.838906
161100,a0kbD0wrCI8kaItWajaE6DtgAXRxlv1YrKiJ6RlnSNKAogVm7jWmQ7+AySLA9Tg9,3.533211,11.834665,7.303358
161400,a0kbD0wrCI8kaItWajaE6DtgAXRxlv1YrKiJ6RlnSNKAogVm7jWmQ7+AySLA9Tg9,0.94452,12.127127,6.353014
161700,a0kbD0wrCI8kaItWajaE6DtgAXRxlv1YrKiJ6RlnSNKAogVm7jWmQ7+AySLA9Tg9,3.5741199999999997,10.900022,7.699144
162000,a0kbD0wrCI8kaItWajaE6DtgAXRxlv1YrKiJ6RlnSNKAogVm7jWmQ7+AySLA9Tg9,1.010278,12.550824,6.957299000000001
162300,a0kbD0wrCI8kaItWajaE6DtgAXRxlv1YrKiJ6RlnSNKAogVm7jWmQ7+AySLA9Tg9,3.627343,14.440570000000001,7.654909
162600,a0kbD0wrCI8kaItWajaE6DtgAXRxlv1YrKiJ6RlnSNKAogVm7jWmQ7+AySLA9Tg9,3.587591,16.365203,8.555505
162900,a0kbD0wrCI8kaItWajaE6DtgAXRxlv1YrKiJ6RlnSNKAogVm7jWmQ7+AySLA9Tg9,4.190612000000001,17.623039000000002,8.174923
163200,a0kbD0wrCI8kaItWajaE6DtgAXRxlv1YrKiJ6RlnSNKAogVm7jWmQ7+AySLA9Tg9,2.74053,19.73773,8.037041
163500,a0kbD0wrCI8kaItWajaE6DtgAXRxlv1YrKiJ6RlnSNKAogVm7jWmQ7+AySLA9Tg9,5.9368360000000004,28.389,10.713592
163800,a0kbD0wrCI8kaItWajaE6DtgAXRxlv1YrKiJ6RlnSNKAogVm7jWmQ7+AySLA9Tg9,3.212281,15.109262,7.859534
164100,a0kbD0wrCI8kaItWajaE6DtgAXRxlv1YrKiJ6RlnSNKAogVm7jWmQ7+AySLA9Tg9,0.728163,11.541386,6.507417
164400,a0kbD0wrCI8kaItWajaE6DtgAXRxlv1YrKiJ6RlnSNKAogVm7jWmQ7+AySLA9Tg9,3.750742,12.557167999999999,7.235492
164700,a0kbD0wrCI8kaItWajaE6DtgAXRxlv1YrKiJ6RlnSNKAogVm7jWmQ7+AySLA9Tg9,1.030928,13.506664,7.46322
165000,a0kbD0wrCI8kaItWajaE6DtgAXRxlv1YrKiJ6RlnSNKAogVm7jWmQ7+AySLA9Tg9,3.8678839999999997,13.288532,7.991510000000001
165300,a0kbD0wrCI8kaItWajaE6DtgAXRxlv1YrKiJ6RlnSNKAogVm7jWmQ7+AySLA9Tg9,3.402615,14.062173999999999,8.307773
165600,a0kbD0wrCI8kaItWajaE6DtgAXRxlv1YrKiJ6RlnSNKAogVm7jWmQ7+AySLA9Tg9,4.659495,17.767957,9.827524
165900,a0kbD0wrCI8kaItWajaE6DtgAXRxlv1YrKiJ6RlnSNKAogVm7jWmQ7+AySLA9Tg9,2.581143,21.715721,8.484497
166200,a0kbD0wrCI8kaItWajaE6DtgAXRxlv1YrKiJ6RlnSNKAogVm7jWmQ7+AySLA9Tg9,1.91608,12.578424,8.222976
166500,a0kbD0wrCI8kaItWajaE6DtgAXRxlv1YrKiJ6RlnSNKAogVm7jWmQ7+AySLA9Tg9,3.401046,19.242716,10.00354
166800,a0kbD0wrCI8kaItWajaE6DtgAXRxlv1YrKiJ6RlnSNKAogVm7jWmQ7+AySLA9Tg9,0.861692,15.217422000000001,8.528651
167100,a0kbD0wrCI8kaItWajaE6DtgAXRxlv1YrKiJ6RlnSNKAogVm7jWmQ7+AySLA9Tg9,4.260419000000001,17.080694,8.997263
167400,a0kbD0wrCI8kaItWajaE6DtgAXRxlv1YrKiJ6RlnSNKAogVm7jWmQ7+AySLA9Tg9,5.816143,19.41406,10.718841000000001
167700,a0kbD0wrCI8kaItWajaE6DtgAXRxlv1YrKiJ6RlnSNKAogVm7jWmQ7+AySLA9Tg9,3.6986559999999997,12.624261,8.435667
168000,a0kbD0wrCI8kaItWajaE6DtgAXRxlv1YrKiJ6RlnSNKAogVm7jWmQ7+AySLA9Tg9,0.790992,21.339555999999998,8.942346
168300,a0kbD0wrCI8kaItWajaE6DtgAXRxlv1YrKiJ6RlnSNKAogVm7jWmQ7+AySLA9Tg9,5.315139,17.784612,10.708260000000001
168600,a0kbD0wrCI8kaItWajaE6DtgAXRxlv1YrKiJ6RlnSNKAogVm7jWmQ7+AySLA9Tg9,0.473492,18.658265,9.099913
168900,a0kbD0wrCI8kaItWajaE6DtgAXRxlv1YrKiJ6RlnSNKAogVm7jWmQ7+AySLA9Tg9,3.917004,14.472701999999998,7.777153
169200,a0kbD0wrCI8kaItWajaE6DtgAXRxlv1YrKiJ6RlnSNKAogVm7jWmQ7+AySLA9Tg9,6.422772,22.102408999999998,11.465845
169500,a0kbD0wrCI8kaItWajaE6DtgAXRxlv1YrKiJ6RlnSNKAogVm7jWmQ7+AySLA9Tg9,3.7938690000000004,27.711923,11.601235
169800,a0kbD0wrCI8kaItWajaE6DtgAXRxlv1YrKiJ6RlnSNKAogVm7jWmQ7+AySLA9Tg9,3.8189699999999998,20.039557000000002,10.465333
170100,a0kbD0wrCI8kaItWajaE6DtgAXRxlv1YrKiJ6RlnSNKAogVm7jWmQ7+AySLA9Tg9,6.984172999999999,25.997131,12.889536999999999
170400,a0kbD0wrCI8kaItWajaE6DtgAXRxlv1YrKiJ6RlnSNKAogVm7jWmQ7+AySLA9Tg9,4.902686,19.319713,9.743416
170700,a0kbD0wrCI8kaItWajaE6DtgAXRxlv1YrKiJ6RlnSNKAogVm7jWmQ7+AySLA9Tg9,6.3133040000000005,27.221069,11.545788
171000,a0kbD0wrCI8kaItWajaE6DtgAXRxlv1YrKiJ6RlnSNKAogVm7jWmQ7+AySLA9Tg9,5.153395,16.504118,10.885717999999999
171300,a0kbD0wrCI8kaItWajaE6DtgAXRxlv1YrKiJ6RlnSNKAogVm7jWmQ7+AySLA9Tg9,5.3505080000000005,17.275204000000002,9.786266
171600,a0kbD0wrCI8kaItWajaE6DtgAXRxlv1YrKiJ6RlnSNKAogVm7jWmQ7+AySLA9Tg9,5.136279,28.691159999999996,10.089874
171900,a0kbD0wrCI8kaItWajaE6DtgAXRxlv1YrKiJ6RlnSNKAogVm7jWmQ7+AySLA9Tg9,5.131282,17.709068,9.610498
172200,a0kbD0wrCI8kaItWajaE6DtgAXRxlv1YrKiJ6RlnSNKAogVm7jWmQ7+AySLA9Tg9,2.982343,26.715251000000002,11.981549000000001
172500,a0kbD0wrCI8kaItWajaE6DtgAXRxlv1YrKiJ6RlnSNKAogVm7jWmQ7+AySLA9Tg9,5.936624,19.416644,10.563943
172800,a0kbD0wrCI8kaItWajaE6DtgAXRxlv1YrKiJ6RlnSNKAogVm7jWmQ7+AySLA9Tg9,2.669785,23.817139,13.804694
173100,a0kbD0wrCI8kaItWajaE6DtgAXRxlv1YrKiJ6RlnSNKAogVm7jWmQ7+AySLA9Tg9,6.510268,25.344223,12.736411
173400,a0kbD0wrCI8kaItWajaE6DtgAXRxlv1YrKiJ6RlnSNKAogVm7jWmQ7+AySLA9Tg9,0.494331,19.334004999999998,10.280629
173700,a0kbD0wrCI8kaItWajaE6DtgAXRxlv1YrKiJ6RlnSNKAogVm7jWmQ7+AySLA9Tg9,9.034599,21.501785,14.232099
174000,a0kbD0wrCI8kaItWajaE6DtgAXRxlv1YrKiJ6RlnSNKAogVm7jWmQ7+AySLA9Tg9,7.700464,36.550603,17.327627
174300,a0kbD0wrCI8kaItWajaE6DtgAXRxlv1YrKiJ6RlnSNKAogVm7jWmQ7+AySLA9Tg9,7.30098,31.019640999999996,16.17979
174600,a0kbD0wrCI8kaItWajaE6DtgAXRxlv1YrKiJ6RlnSNKAogVm7jWmQ7+AySLA9Tg9,9.712411,25.951426,17.349252
174900,a0kbD0wrCI8kaItWajaE6DtgAXRxlv1YrKiJ6RlnSNKAogVm7jWmQ7+AySLA9Tg9,9.163157,22.345420999999998,15.708867999999999
175200,a0kbD0wrCI8kaItWajaE6DtgAXRxlv1YrKiJ6RlnSNKAogVm7jWmQ7+AySLA9Tg9,4.6155870000000006,21.462305999999998,11.173306
175500,a0kbD0wrCI8kaItWajaE6DtgAXRxlv1YrKiJ6RlnSNKAogVm7jWmQ7+AySLA9Tg9,6.619549,45.378929,16.516029999999997
175800,a0kbD0wrCI8kaItWajaE6DtgAXRxlv1YrKiJ6RlnSNKAogVm7jWmQ7+AySLA9Tg9,6.071703,32.998264,16.656036999999998
176100,a0kbD0wrCI8kaItWajaE6DtgAXRxlv1YrKiJ6RlnSNKAogVm7jWmQ7+AySLA9Tg9,5.231111,29.234881,12.947165
176400,a0kbD0wrCI8kaItWajaE6DtgAXRxlv1YrKiJ6RlnSNKAogVm7jWmQ7+AySLA9Tg9,4.408817,21.126739,14.162323
176700,a0kbD0wrCI8kaItWajaE6DtgAXRxlv1YrKiJ6RlnSNKAogVm7jWmQ7+AySLA9Tg9,1.6768020000000001,21.197543,13.321663000000001
177000,a0kbD0wrCI8kaItWajaE6DtgAXRxlv1YrKiJ6RlnSNKAogVm7jWmQ7+AySLA9Tg9,5.432716,27.734416999999997,15.165785999999999
177300,a0kbD0wrCI8kaItWajaE6DtgAXRxlv1YrKiJ6RlnSNKAogVm7jWmQ7+AySLA9Tg9,7.664548,17.216914000000003,12.044045
177600,a0kbD0wrCI8kaItWajaE6DtgAXRxlv1YrKiJ6RlnSNKAogVm7jWmQ7+AySLA9Tg9,0.727382,20.683583,10.871343
177900,a0kbD0wrCI8kaItWajaE6DtgAXRxlv1YrKiJ6RlnSNKAogVm7jWmQ7+AySLA9Tg9,8.018225,20.11016,12.127217
178200,a0kbD0wrCI8kaItWajaE6DtgAXRxlv1YrKiJ6RlnSNKAogVm7jWmQ7+AySLA9Tg9,0.7788069999999999,29.030531,13.735783999999999
178500,a0kbD0wrCI8kaItWajaE6DtgAXRxlv1YrKiJ6RlnSNKAogVm7jWmQ7+AySLA9Tg9,6.340207,17.603685000000002,13.260446
178800,a0kbD0wrCI8kaItWajaE6DtgAXRxlv1YrKiJ6RlnSNKAogVm7jWmQ7+AySLA9Tg9,2.550463,16.776239999999998,11.062933000000001
179100,a0kbD0wrCI8kaItWajaE6DtgAXRxlv1YrKiJ6RlnSNKAogVm7jWmQ7+AySLA9Tg9,6.389832,19.824078,13.186501999999999
179400,a0kbD0wrCI8kaItWajaE6DtgAXRxlv1YrKiJ6RlnSNKAogVm7jWmQ7+AySLA9Tg9,2.125745,25.361401,11.434543
179700,a0kbD0wrCI8kaItWajaE6DtgAXRxlv1YrKiJ6RlnSNKAogVm7jWmQ7+AySLA9Tg9,5.600402,22.651088,12.169914
180000,a0kbD0wrCI8kaItWajaE6DtgAXRxlv1YrKiJ6RlnSNKAogVm7jWmQ7+AySLA9Tg9,7.105341,22.80252,11.138477
180300,a0kbD0wrCI8kaItWajaE6DtgAXRxlv1YrKiJ6RlnSNKAogVm7jWmQ7+AySLA9Tg9,0.516935,18.282186,9.628832000000001
180600,a0kbD0wrCI8kaItWajaE6DtgAXRxlv1YrKiJ6RlnSNKAogVm7jWmQ7+AySLA9Tg9,5.143473999999999,32.558203000000006,12.240708
180900,a0kbD0wrCI8kaItWajaE6DtgAXRxlv1YrKiJ6RlnSNKAogVm7jWmQ7+AySLA9Tg9,8.581547,34.687012,15.637142
181200,a0kbD0wrCI8kaItWajaE6DtgAXRxlv1YrKiJ6RlnSNKAogVm7jWmQ7+AySLA9Tg9,8.907736,20.892048000000003,12.285876
181500,a0kbD0wrCI8kaItWajaE6DtgAXRxlv1YrKiJ6RlnSNKAogVm7jWmQ7+AySLA9Tg9,1.891629,57.216281,20.939459
181800,a0kbD0wrCI8kaItWajaE6DtgAXRxlv1YrKiJ6RlnSNKAogVm7jWmQ7+AySLA9Tg9,6.853299000000001,19.124520999999998,13.143295000000002
182100,a0kbD0wrCI8kaItWajaE6DtgAXRxlv1YrKiJ6RlnSNKAogVm7jWmQ7+AySLA9Tg9,3.139118,21.817428,10.644089
182400,a0kbD0wrCI8kaItWajaE6DtgAXRxlv1YrKiJ6RlnSNKAogVm7jWmQ7+AySLA9Tg9,2.359918,18.802112,11.25965
182700,a0kbD0wrCI8kaItWajaE6DtgAXRxlv1YrKiJ6RlnSNKAogVm7jWmQ7+AySLA9Tg9,9.939051,33.629732000000004,18.237591000000002
183000,a0kbD0wrCI8kaItWajaE6DtgAXRxlv1YrKiJ6RlnSNKAogVm7jWmQ7+AySLA9Tg9,1.566754,23.216409,10.749006
183300,a0kbD0wrCI8kaItWajaE6DtgAXRxlv1YrKiJ6RlnSNKAogVm7jWmQ7+AySLA9Tg9,6.238355,18.738108999999998,11.10713
183600,a0kbD0wrCI8kaItWajaE6DtgAXRxlv1YrKiJ6RlnSNKAogVm7jWmQ7+AySLA9Tg9,8.207633999999999,23.053793,16.139706
183900,a0kbD0wrCI8kaItWajaE6DtgAXRxlv1YrKiJ6RlnSNKAogVm7jWmQ7+AySLA9Tg9,7.110595,21.312418,13.462326000000001
184200,a0kbD0wrCI8kaItWajaE6DtgAXRxlv1YrKiJ6RlnSNKAogVm7jWmQ7+AySLA9Tg9,4.116087,25.698539999999998,14.918903
184500,a0kbD0wrCI8kaItWajaE6DtgAXRxlv1YrKiJ6RlnSNKAogVm7jWmQ7+AySLA9Tg9,10.088436,24.919711,17.502069
184800,a0kbD0wrCI8kaItWajaE6DtgAXRxlv1YrKiJ6RlnSNKAogVm7jWmQ7+AySLA9Tg9,3.9179459999999997,28.163115,17.011355
185100,a0kbD0wrCI8kaItWajaE6DtgAXRxlv1YrKiJ6RlnSNKAogVm7jWmQ7+AySLA9Tg9,0.8839319999999999,21.206247,12.425071
185400,a0kbD0wrCI8kaItWajaE6DtgAXRxlv1YrKiJ6RlnSNKAogVm7jWmQ7+AySLA9Tg9,11.519949,25.810767000000002,17.350466
185700,a0kbD0wrCI8kaItWajaE6DtgAXRxlv1YrKiJ6RlnSNKAogVm7jWmQ7+AySLA9Tg9,11.555518,31.086878999999996,19.641901999999998
186000,a0kbD0wrCI8kaItWajaE6DtgAXRxlv1YrKiJ6RlnSNKAogVm7jWmQ7+AySLA9Tg9,11.722633,28.695587,19.311194
186300,a0kbD0wrCI8kaItWajaE6DtgAXRxlv1YrKiJ6RlnSNKAogVm7jWmQ7+AySLA9Tg9,3.876348,26.817040000000002,17.436892
186600,a0kbD0wrCI8kaItWajaE6DtgAXRxlv1YrKiJ6RlnSNKAogVm7jWmQ7+AySLA9Tg9,10.321606,23.519071,15.255505
186900,a0kbD0wrCI8kaItWajaE6DtgAXRxlv1YrKiJ6RlnSNKAogVm7jWmQ7+AySLA9Tg9,10.562380000000001,23.218114,17.789834
187200,a0kbD0wrCI8kaItWajaE6DtgAXRxlv1YrKiJ6RlnSNKAogVm7jWmQ7+AySLA9Tg9,10.017461,29.342087,20.821165
187500,a0kbD0wrCI8kaItWajaE6DtgAXRxlv1YrKiJ6RlnSNKAogVm7jWmQ7+AySLA9Tg9,11.996678,29.416491999999998,19.487461
187800,a0kbD0wrCI8kaItWajaE6DtgAXRxlv1YrKiJ6RlnSNKAogVm7jWmQ7+AySLA9Tg9,13.771635,28.047936,21.030336
188100,a0kbD0wrCI8kaItWajaE6DtgAXRxlv1YrKiJ6RlnSNKAogVm7jWmQ7+AySLA9Tg9,14.399951999999999,34.202936,21.849849
188400,a0kbD0wrCI8kaItWajaE6DtgAXRxlv1YrKiJ6RlnSNKAogVm7jWmQ7+AySLA9Tg9,3.3093690000000002,33.50821,22.053725
188700,a0kbD0wrCI8kaItWajaE6DtgAXRxlv1YrKiJ6RlnSNKAogVm7jWmQ7+AySLA9Tg9,13.02105,32.181187,21.182351
189000,a0kbD0wrCI8kaItWajaE6DtgAXRxlv1YrKiJ6RlnSNKAogVm7jWmQ7+AySLA9Tg9,3.8027910000000005,32.285005,21.414188
189300,a0kbD0wrCI8kaItWajaE6DtgAXRxlv1YrKiJ6RlnSNKAogVm7jWmQ7+AySLA9Tg9,12.169345,42.919419,25.866162
189600,a0kbD0wrCI8kaItWajaE6DtgAXRxlv1YrKiJ6RlnSNKAogVm7jWmQ7+AySLA9Tg9,13.589334,43.058811,27.489307
189900,a0kbD0wrCI8kaItWajaE6DtgAXRxlv1YrKiJ6RlnSNKAogVm7jWmQ7+AySLA9Tg9,14.013023,31.80818,24.536848000000003
190200,a0kbD0wrCI8kaItWajaE6DtgAXRxlv1YrKiJ6RlnSNKAogVm7jWmQ7+AySLA9Tg9,10.344234,37.133593,25.790756
190500,a0kbD0wrCI8kaItWajaE6DtgAXRxlv1YrKiJ6RlnSNKAogVm7jWmQ7+AySLA9Tg9,2.29624,31.610125,20.077413
190800,a0kbD0wrCI8kaItWajaE6DtgAXRxlv1YrKiJ6RlnSNKAogVm7jWmQ7+AySLA9Tg9,12.047741,33.123968,21.603847000000002
191100,a0kbD0wrCI8kaItWajaE6DtgAXRxlv1YrKiJ6RlnSNKAogVm7jWmQ7+AySLA9Tg9,16.476732000000002,34.919647999999995,25.478097
191400,a0kbD0wrCI8kaItWajaE6DtgAXRxlv1YrKiJ6RlnSNKAogVm7jWmQ7+AySLA9Tg9,12.69086,34.871286,23.345757
191700,a0kbD0wrCI8kaItWajaE6DtgAXRxlv1YrKiJ6RlnSNKAogVm7jWmQ7+AySLA9Tg9,18.582013,42.270663,28.667455
192000,a0kbD0wrCI8kaItWajaE6DtgAXRxlv1YrKiJ6RlnSNKAogVm7jWmQ7+AySLA9Tg9,11.382887,40.578047999999995,23.974287
192300,a0kbD0wrCI8kaItWajaE6DtgAXRxlv1YrKiJ6RlnSNKAogVm7jWmQ7+AySLA9Tg9,16.994864,41.359913,29.641151
192600,a0kbD0wrCI8kaItWajaE6DtgAXRxlv1YrKiJ6RlnSNKAogVm7jWmQ7+AySLA9Tg9,22.783594,35.47605,28.510083
192900,a0kbD0wrCI8kaItWajaE6DtgAXRxlv1YrKiJ6RlnSNKAogVm7jWmQ7+AySLA9Tg9,13.277657000000001,50.172252,26.476946
193200,a0kbD0wrCI8kaItWajaE6DtgAXRxlv1YrKiJ6RlnSNKAogVm7jWmQ7+AySLA9Tg9,16.34761,48.883967999999996,26.755299
193500,a0kbD0wrCI8kaItWajaE6DtgAXRxlv1YrKiJ6RlnSNKAogVm7jWmQ7+AySLA9Tg9,18.601579,41.122046999999995,27.824989000000002
193800,a0kbD0wrCI8kaItWajaE6DtgAXRxlv1YrKiJ6RlnSNKAogVm7jWmQ7+AySLA9Tg9,12.478194,43.943186,29.211831
194100,a0kbD0wrCI8kaItWajaE6DtgAXRxlv1YrKiJ6RlnSNKAogVm7jWmQ7+AySLA9Tg9,16.914623000000002,40.667139,27.003424
194400,a0kbD0wrCI8kaItWajaE6DtgAXRxlv1YrKiJ6RlnSNKAogVm7jWmQ7+AySLA9Tg9,17.577567000000002,38.638131,28.097122
194700,a0kbD0wrCI8kaItWajaE6DtgAXRxlv1YrKiJ6RlnSNKAogVm7jWmQ7+AySLA9Tg9,18.29424,40.776152,29.713918
195000,a0kbD0wrCI8kaItWajaE6DtgAXRxlv1YrKiJ6RlnSNKAogVm7jWmQ7+AySLA9Tg9,2.5196520000000002,41.364461,27.979087
195300,a0kbD0wrCI8kaItWajaE6DtgAXRxlv1YrKiJ6RlnSNKAogVm7jWmQ7+AySLA9Tg9,19.354249,39.644644,28.121772999999997
195600,a0kbD0wrCI8kaItWajaE6DtgAXRxlv1YrKiJ6RlnSNKAogVm7jWmQ7+AySLA9Tg9,13.538831,37.893736,27.02265
195900,a0kbD0wrCI8kaItWajaE6DtgAXRxlv1YrKiJ6RlnSNKAogVm7jWmQ7+AySLA9Tg9,16.865302,40.742748999999996,26.997638000000002
196200,a0kbD0wrCI8kaItWajaE6DtgAXRxlv1YrKiJ6RlnSNKAogVm7jWmQ7+AySLA9Tg9,13.936568,35.064413,26.098432
196500,a0kbD0wrCI8kaItWajaE6DtgAXRxlv1YrKiJ6RlnSNKAogVm7jWmQ7+AySLA9Tg9,16.605708,50.643289,28.102092
196800,a0kbD0wrCI8kaItWajaE6DtgAXRxlv1YrKiJ6RlnSNKAogVm7jWmQ7+AySLA9Tg9,14.421317000000002,45.70022,29.449834000000003
197100,a0kbD0wrCI8kaItWajaE6DtgAXRxlv1YrKiJ6RlnSNKAogVm7jWmQ7+AySLA9Tg9,16.655511999999998,37.215627000000005,27.2046
197400,a0kbD0wrCI8kaItWajaE6DtgAXRxlv1YrKiJ6RlnSNKAogVm7jWmQ7+AySLA9Tg9,14.958938,33.988789000000004,21.961166
197700,a0kbD0wrCI8kaItWajaE6DtgAXRxlv1YrKiJ6RlnSNKAogVm7jWmQ7+AySLA9Tg9,15.642612,38.147085,24.296016
198000,a0kbD0wrCI8kaItWajaE6DtgAXRxlv1YrKiJ6RlnSNKAogVm7jWmQ7+AySLA9Tg9,14.819904999999999,32.713135,23.662439000000003
198300,a0kbD0wrCI8kaItWajaE6DtgAXRxlv1YrKiJ6RlnSNKAogVm7jWmQ7+AySLA9Tg9,10.974664,39.017334000000005,24.743256
198600,a0kbD0wrCI8kaItWajaE6DtgAXRxlv1YrKiJ6RlnSNKAogVm7jWmQ7+AySLA9Tg9,17.365933,41.511903000000004,27.902758000000002
198900,a0kbD0wrCI8kaItWajaE6DtgAXRxlv1YrKiJ6RlnSNKAogVm7jWmQ7+AySLA9Tg9,21.351110000000002,36.194396000000005,26.780821000000003
199200,a0kbD0wrCI8kaItWajaE6DtgAXRxlv1YrKiJ6RlnSNKAogVm7jWmQ7+AySLA9Tg9,12.149913,36.784661,25.802131
199500,a0kbD0wrCI8kaItWajaE6DtgAXRxlv1YrKiJ6RlnSNKAogVm7jWmQ7+AySLA9Tg9,11.214758,60.419312,28.621021999999996
199800,a0kbD0wrCI8kaItWajaE6DtgAXRxlv1YrKiJ6RlnSNKAogVm7jWmQ7+AySLA9Tg9,4.674231,41.712062,30.096442
200100,a0kbD0wrCI8kaItWajaE6DtgAXRxlv1YrKiJ6RlnSNKAogVm7jWmQ7+AySLA9Tg9,17.503942000000002,38.411784999999995,26.156365
200400,a0kbD0wrCI8kaItWajaE6DtgAXRxlv1YrKiJ6RlnSNKAogVm7jWmQ7+AySLA9Tg9,14.11234,30.54562,21.670381
200700,a0kbD0wrCI8kaItWajaE6DtgAXRxlv1YrKiJ6RlnSNKAogVm7jWmQ7+AySLA9Tg9,17.515651000000002,36.00096,25.34669
201000,a0kbD0wrCI8kaItWajaE6DtgAXRxlv1YrKiJ6RlnSNKAogVm7jWmQ7+AySLA9Tg9,22.926738,43.17856,29.167819
201300,a0kbD0wrCI8kaItWajaE6DtgAXRxlv1YrKiJ6RlnSNKAogVm7jWmQ7+AySLA9Tg9,16.301779999999997,43.481097999999996,27.621332000000002
201600,a0kbD0wrCI8kaItWajaE6DtgAXRxlv1YrKiJ6RlnSNKAogVm7jWmQ7+AySLA9Tg9,14.923276000000001,37.3648,24.381335
201900,a0kbD0wrCI8kaItWajaE6DtgAXRxlv1YrKiJ6RlnSNKAogVm7jWmQ7+AySLA9Tg9,0.6739430000000001,36.597786,21.266955
202200,a0kbD0wrCI8kaItWajaE6DtgAXRxlv1YrKiJ6RlnSNKAogVm7jWmQ7+AySLA9Tg9,18.331284,39.389294,26.261291999999997
202500,a0kbD0wrCI8kaItWajaE6DtgAXRxlv1YrKiJ6RlnSNKAogVm7jWmQ7+AySLA9Tg9,16.645566,34.315864000000005,24.090735000000002
202800,a0kbD0wrCI8kaItWajaE6DtgAXRxlv1YrKiJ6RlnSNKAogVm7jWmQ7+AySLA9Tg9,14.703536999999999,34.22359,24.325407000000002
203100,a0kbD0wrCI8kaItWajaE6DtgAXRxlv1YrKiJ6RlnSNKAogVm7jWmQ7+AySLA9Tg9,15.071566,68.29296,29.016531
203400,a0kbD0wrCI8kaItWajaE6DtgAXRxlv1YrKiJ6RlnSNKAogVm7jWmQ7+AySLA9Tg9,14.272331,31.675164000000002,21.555504
203700,a0kbD0wrCI8kaItWajaE6DtgAXRxlv1YrKiJ6RlnSNKAogVm7jWmQ7+AySLA9Tg9,6.72802,41.161843,26.382336
204000,a0kbD0wrCI8kaItWajaE6DtgAXRxlv1YrKiJ6RlnSNKAogVm7jWmQ7+AySLA9Tg9,15.608285999999998,37.60159,24.371913
204300,a0kbD0wrCI8kaItWajaE6DtgAXRxlv1YrKiJ6RlnSNKAogVm7jWmQ7+AySLA9Tg9,12.070749000000001,34.209064,23.743269
204600,a0kbD0wrCI8kaItWajaE6DtgAXRxlv1YrKiJ6RlnSNKAogVm7jWmQ7+AySLA9Tg9,15.235729000000001,39.98556,21.558224
204900,a0kbD0wrCI8kaItWajaE6DtgAXRxlv1YrKiJ6RlnSNKAogVm7jWmQ7+AySLA9Tg9,13.423166,37.023332,22.705079
205200,a0kbD0wrCI8kaItWajaE6DtgAXRxlv1YrKiJ6RlnSNKAogVm7jWmQ7+AySLA9Tg9,1.9759779999999998,31.588065000000004,21.321572
205500,a0kbD0wrCI8kaItWajaE6DtgAXRxlv1YrKiJ6RlnSNKAogVm7jWmQ7+AySLA9Tg9,16.613916,32.363877,24.51681
205800,a0kbD0wrCI8kaItWajaE6DtgAXRxlv1YrKiJ6RlnSNKAogVm7jWmQ7+AySLA9Tg9,14.03651,29.623132000000002,22.267539000000003
206100,a0kbD0wrCI8kaItWajaE6DtgAXRxlv1YrKiJ6RlnSNKAogVm7jWmQ7+AySLA9Tg9,14.389178,32.990275,21.872475
206400,a0kbD0wrCI8kaItWajaE6DtgAXRxlv1YrKiJ6RlnSNKAogVm7jWmQ7+AySLA9Tg9,12.578841,42.935241,20.87024
206700,a0kbD0wrCI8kaItWajaE6DtgAXRxlv1YrKiJ6RlnSNKAogVm7jWmQ7+AySLA9Tg9,13.137932000000001,26.891928999999998,18.890099
207000,a0kbD0wrCI8kaItWajaE6DtgAXRxlv1YrKiJ6RlnSNKAogVm7jWmQ7+AySLA9Tg9,9.342644,33.958046,22.2917
207300,a0kbD0wrCI8kaItWajaE6DtgAXRxlv1YrKiJ6RlnSNKAogVm7jWmQ7+AySLA9Tg9,9.719465,27.746025,17.268752
207600,a0kbD0wrCI8kaItWajaE6DtgAXRxlv1YrKiJ6RlnSNKAogVm7jWmQ7+AySLA9Tg9,10.128328999999999,30.97905,18.676523
207900,a0kbD0wrCI8kaItWajaE6DtgAXRxlv1YrKiJ6RlnSNKAogVm7jWmQ7+AySLA9Tg9,13.382705,33.303058,22.203457
208200,a0kbD0wrCI8kaItWajaE6DtgAXRxlv1YrKiJ6RlnSNKAogVm7jWmQ7+AySLA9Tg9,15.811276999999999,31.263771999999996,21.684889000000002
208500,a0kbD0wrCI8kaItWajaE6DtgAXRxlv1YrKiJ6RlnSNKAogVm7jWmQ7+AySLA9Tg9,1.520743,27.147897999999998,15.658706
208800,a0kbD0wrCI8kaItWajaE6DtgAXRxlv1YrKiJ6RlnSNKAogVm7jWmQ7+AySLA9Tg9,12.125210000000001,33.358292999999996,22.376721
209100,a0kbD0wrCI8kaItWajaE6DtgAXRxlv1YrKiJ6RlnSNKAogVm7jWmQ7+AySLA9Tg9,14.503291,46.085370000000005,24.8699
209400,a0kbD0wrCI8kaItWajaE6DtgAXRxlv1YrKiJ6RlnSNKAogVm7jWmQ7+AySLA9Tg9,11.295081,40.310862,24.614032
209700,a0kbD0wrCI8kaItWajaE6DtgAXRxlv1YrKiJ6RlnSNKAogVm7jWmQ7+AySLA9Tg9,4.802307,37.736963,21.929191
210000,a0kbD0wrCI8kaItWajaE6DtgAXRxlv1YrKiJ6RlnSNKAogVm7jWmQ7+AySLA9Tg9,16.055024,43.06531,24.790165
210300,a0kbD0wrCI8kaItWajaE6DtgAXRxlv1YrKiJ6RlnSNKAogVm7jWmQ7+AySLA9Tg9,13.563848000000002,32.513940000000005,20.508525
210600,a0kbD0wrCI8kaItWajaE6DtgAXRxlv1YrKiJ6RlnSNKAogVm7jWmQ7+AySLA9Tg9,17.784377,32.617317,24.429149
210900,a0kbD0wrCI8kaItWajaE6DtgAXRxlv1YrKiJ6RlnSNKAogVm7jWmQ7+AySLA9Tg9,13.954707999999998,34.249091,22.826786
211200,a0kbD0wrCI8kaItWajaE6DtgAXRxlv1YrKiJ6RlnSNKAogVm7jWmQ7+AySLA9Tg9,14.219137,35.785855,23.149559
211500,a0kbD0wrCI8kaItWajaE6DtgAXRxlv1YrKiJ6RlnSNKAogVm7jWmQ7+AySLA9Tg9,14.608039000000002,32.562926000000004,22.714657
211800,a0kbD0wrCI8kaItWajaE6DtgAXRxlv1YrKiJ6RlnSNKAogVm7jWmQ7+AySLA9Tg9,12.145586999999999,28.069090000000003,18.787868
212100,a0kbD0wrCI8kaItWajaE6DtgAXRxlv1YrKiJ6RlnSNKAogVm7jWmQ7+AySLA9Tg9,9.513025,79.618087,27.048632
212400,a0kbD0wrCI8kaItWajaE6DtgAXRxlv1YrKiJ6RlnSNKAogVm7jWmQ7+AySLA9Tg9,12.155484,31.330468,22.422772
212700,a0kbD0wrCI8kaItWajaE6DtgAXRxlv1YrKiJ6RlnSNKAogVm7jWmQ7+AySLA9Tg9,0.6785760000000001,29.936296000000002,19.481558
213000,a0kbD0wrCI8kaItWajaE6DtgAXRxlv1YrKiJ6RlnSNKAogVm7jWmQ7+AySLA9Tg9,13.56388,35.167795,22.546089000000002
213300,a0kbD0wrCI8kaItWajaE6DtgAXRxlv1YrKiJ6RlnSNKAogVm7jWmQ7+AySLA9Tg9,1.92987,31.716822999999998,21.383778
213600,a0kbD0wrCI8kaItWajaE6DtgAXRxlv1YrKiJ6RlnSNKAogVm7jWmQ7+AySLA9Tg9,13.500487,29.776771999999998,21.124699
213900,a0kbD0wrCI8kaItWajaE6DtgAXRxlv1YrKiJ6RlnSNKAogVm7jWmQ7+AySLA9Tg9,3.7158019999999996,33.145484,17.510299
214200,a0kbD0wrCI8kaItWajaE6DtgAXRxlv1YrKiJ6RlnSNKAogVm7jWmQ7+AySLA9Tg9,8.872674,31.715194,19.430869
214500,a0kbD0wrCI8kaItWajaE6DtgAXRxlv1YrKiJ6RlnSNKAogVm7jWmQ7+AySLA9Tg9,14.80481,37.18018,23.016052
214800,a0kbD0wrCI8kaItWajaE6DtgAXRxlv1YrKiJ6RlnSNKAogVm7jWmQ7+AySLA9Tg9,10.097227,27.893619,19.29472
215100,a0kbD0wrCI8kaItWajaE6DtgAXRxlv1YrKiJ6RlnSNKAogVm7jWmQ7+AySLA9Tg9,15.291345000000002,48.360139000000004,23.361758
215400,a0kbD0wrCI8kaItWajaE6DtgAXRxlv1YrKiJ6RlnSNKAogVm7jWmQ7+AySLA9Tg9,2.169947,27.273169,17.365674
215700,a0kbD0wrCI8kaItWajaE6DtgAXRxlv1YrKiJ6RlnSNKAogVm7jWmQ7+AySLA9Tg9,8.770037,25.958126999999998,18.06125
216000,a0kbD0wrCI8kaItWajaE6DtgAXRxlv1YrKiJ6RlnSNKAogVm7jWmQ7+AySLA9Tg9,4.372984,24.470492,16.335026
216300,a0kbD0wrCI8kaItWajaE6DtgAXRxlv1YrKiJ6RlnSNKAogVm7jWmQ7+AySLA9Tg9,10.759953999999999,27.583595000000003,18.075898000000002
216600,a0kbD0wrCI8kaItWajaE6DtgAXRxlv1YrKiJ6RlnSNKAogVm7jWmQ7+AySLA9Tg9,9.510565,27.806465999999997,16.727681
216900,a0kbD0wrCI8kaItWajaE6DtgAXRxlv1YrKiJ6RlnSNKAogVm7jWmQ7+AySLA9Tg9,14.091935000000001,29.043001,19.814647
217200,a0kbD0wrCI8kaItWajaE6DtgAXRxlv1YrKiJ6RlnSNKAogVm7jWmQ7+AySLA9Tg9,10.993101,31.950910999999998,20.913819
217500,a0kbD0wrCI8kaItWajaE6DtgAXRxlv1YrKiJ6RlnSNKAogVm7jWmQ7+AySLA9Tg9,12.537244,30.070206,19.113784
217800,a0kbD0wrCI8kaItWajaE6DtgAXRxlv1YrKiJ6RlnSNKAogVm7jWmQ7+AySLA9Tg9,10.614542,34.528419,17.168316
218100,a0kbD0wrCI8kaItWajaE6DtgAXRxlv1YrKiJ6RlnSNKAogVm7jWmQ7+AySLA9Tg9,7.777678999999999,21.470648,16.406371
218400,a0kbD0wrCI8kaItWajaE6DtgAXRxlv1YrKiJ6RlnSNKAogVm7jWmQ7+AySLA9Tg9,14.143284,35.739045000000004,22.663227
218700,a0kbD0wrCI8kaItWajaE6DtgAXRxlv1YrKiJ6RlnSNKAogVm7jWmQ7+AySLA9Tg9,3.2244580000000003,35.172694,21.883032999999998
219000,a0kbD0wrCI8kaItWajaE6DtgAXRxlv1YrKiJ6RlnSNKAogVm7jWmQ7+AySLA9Tg9,11.016618,29.246454999999997,20.548433
219300,a0kbD0wrCI8kaItWajaE6DtgAXRxlv1YrKiJ6RlnSNKAogVm7jWmQ7+AySLA9Tg9,11.046189,24.681255,16.309583
219600,a0kbD0wrCI8kaItWajaE6DtgAXRxlv1YrKiJ6RlnSNKAogVm7jWmQ7+AySLA9Tg9,9.606893,29.125916999999998,17.012179999999997
219900,a0kbD0wrCI8kaItWajaE6DtgAXRxlv1YrKiJ6RlnSNKAogVm7jWmQ7+AySLA9Tg9,8.350405,25.210791,16.321619000000002
220200,a0kbD0wrCI8kaItWajaE6DtgAXRxlv1YrKiJ6RlnSNKAogVm7jWmQ7+AySLA9Tg9,5.974168,19.430618,11.362492
220500,a0kbD0wrCI8kaItWajaE6DtgAXRxlv1YrKiJ6RlnSNKAogVm7jWmQ7+AySLA9Tg9,10.315287,34.401153,18.180401
220800,a0kbD0wrCI8kaItWajaE6DtgAXRxlv1YrKiJ6RlnSNKAogVm7jWmQ7+AySLA9Tg9,3.8839660000000005,21.536272,13.735342999999999
221100,a0kbD0wrCI8kaItWajaE6DtgAXRxlv1YrKiJ6RlnSNKAogVm7jWmQ7+AySLA9Tg9,6.142946,21.433353,12.660582000000002
221400,a0kbD0wrCI8kaItWajaE6DtgAXRxlv1YrKiJ6RlnSNKAogVm7jWmQ7+AySLA9Tg9,2.75846,19.50143,12.362494
221700,a0kbD0wrCI8kaItWajaE6DtgAXRxlv1YrKiJ6RlnSNKAogVm7jWmQ7+AySLA9Tg9,8.415823,29.469177000000002,15.898635999999998
222000,a0kbD0wrCI8kaItWajaE6DtgAXRxlv1YrKiJ6RlnSNKAogVm7jWmQ7+AySLA9Tg9,2.914174,29.175231,14.057920999999999
222300,a0kbD0wrCI8kaItWajaE6DtgAXRxlv1YrKiJ6RlnSNKAogVm7jWmQ7+AySLA9Tg9,6.46628,17.742316,11.746386
222600,a0kbD0wrCI8kaItWajaE6DtgAXRxlv1YrKiJ6RlnSNKAogVm7jWmQ7+AySLA9Tg9,4.3726389999999995,19.94089,12.188125
222900,a0kbD0wrCI8kaItWajaE6DtgAXRxlv1YrKiJ6RlnSNKAogVm7jWmQ7+AySLA9Tg9,6.856656,19.155489000000003,11.542697
223200,a0kbD0wrCI8kaItWajaE6DtgAXRxlv1YrKiJ6RlnSNKAogVm7jWmQ7+AySLA9Tg9,1.595866,16.813557,10.4578
223500,a0kbD0wrCI8kaItWajaE6DtgAXRxlv1YrKiJ6RlnSNKAogVm7jWmQ7+AySLA9Tg9,2.121766,18.925366,10.002272
223800,a0kbD0wrCI8kaItWajaE6DtgAXRxlv1YrKiJ6RlnSNKAogVm7jWmQ7+AySLA9Tg9,3.811914,14.932457999999999,9.037766
224100,a0kbD0wrCI8kaItWajaE6DtgAXRxlv1YrKiJ6RlnSNKAogVm7jWmQ7+AySLA9Tg9,2.682007,13.88941,9.405762
224400,a0kbD0wrCI8kaItWajaE6DtgAXRxlv1YrKiJ6RlnSNKAogVm7jWmQ7+AySLA9Tg9,6.619935000000001,18.735333999999998,9.341109
224700,a0kbD0wrCI8kaItWajaE6DtgAXRxlv1YrKiJ6RlnSNKAogVm7jWmQ7+AySLA9Tg9,2.2447369999999998,34.793171,12.985961999999999
225000,a0kbD0wrCI8kaItWajaE6DtgAXRxlv1YrKiJ6RlnSNKAogVm7jWmQ7+AySLA9Tg9,4.898855999999999,13.636967000000002,8.628636
225300,a0kbD0wrCI8kaItWajaE6DtgAXRxlv1YrKiJ6RlnSNKAogVm7jWmQ7+AySLA9Tg9,1.7396049999999998,12.505180000000001,6.941039999999999
225600,a0kbD0wrCI8kaItWajaE6DtgAXRxlv1YrKiJ6RlnSNKAogVm7jWmQ7+AySLA9Tg9,3.036653,14.541513,7.645836
225900,a0kbD0wrCI8kaItWajaE6DtgAXRxlv1YrKiJ6RlnSNKAogVm7jWmQ7+AySLA9Tg9,3.083775,16.694785999999997,9.460612
226200,a0kbD0wrCI8kaItWajaE6DtgAXRxlv1YrKiJ6RlnSNKAogVm7jWmQ7+AySLA9Tg9,6.651572,30.086765000000003,12.892777
226500,a0kbD0wrCI8kaItWajaE6DtgAXRxlv1YrKiJ6RlnSNKAogVm7jWmQ7+AySLA9Tg9,3.355292,27.748088,9.670238000000001
226800,a0kbD0wrCI8kaItWajaE6DtgAXRxlv1YrKiJ6RlnSNKAogVm7jWmQ7+AySLA9Tg9,2.9701310000000003,17.471792999999998,10.481950999999999
227100,a0kbD0wrCI8kaItWajaE6DtgAXRxlv1YrKiJ6RlnSNKAogVm7jWmQ7+AySLA9Tg9,4.960584,17.005042,8.691499
227400,a0kbD0wrCI8kaItWajaE6DtgAXRxlv1YrKiJ6RlnSNKAogVm7jWmQ7+AySLA9Tg9,3.351925,30.519562,10.183507
227700,a0kbD0wrCI8kaItWajaE6DtgAXRxlv1YrKiJ6RlnSNKAogVm7jWmQ7+AySLA9Tg9,5.541091000000001,24.220735,11.924455
228000,a0kbD0wrCI8kaItWajaE6DtgAXRxlv1YrKiJ6RlnSNKAogVm7jWmQ7+AySLA9Tg9,3.9283300000000003,39.140974,12.462822000000001
228300,a0kbD0wrCI8kaItWajaE6DtgAXRxlv1YrKiJ6RlnSNKAogVm7jWmQ7+AySLA9Tg9,2.843522,11.656642,6.009377
228600,a0kbD0wrCI8kaItWajaE6DtgAXRxlv1YrKiJ6RlnSNKAogVm7jWmQ7+AySLA9Tg9,1.28115,14.869237,6.76813
228900,a0kbD0wrCI8kaItWajaE6DtgAXRxlv1YrKiJ6RlnSNKAogVm7jWmQ7+AySLA9Tg9,2.108418,12.560174,8.337377
229200,a0kbD0wrCI8kaItWajaE6DtgAXRxlv1YrKiJ6RlnSNKAogVm7jWmQ7+AySLA9Tg9,3.7386739999999996,17.959349,7.947642
229500,a0kbD0wrCI8kaItWajaE6DtgAXRxlv1YrKiJ6RlnSNKAogVm7jWmQ7+AySLA9Tg9,1.547493,19.978088,8.780892999999999
229800,a0kbD0wrCI8kaItWajaE6DtgAXRxlv1YrKiJ6RlnSNKAogVm7jWmQ7+AySLA9Tg9,3.264741,19.397013,9.559095
230100,a0kbD0wrCI8kaItWajaE6DtgAXRxlv1YrKiJ6RlnSNKAogVm7jWmQ7+AySLA9Tg9,0.622418,12.55493,6.001725
230400,a0kbD0wrCI8kaItWajaE6DtgAXRxlv1YrKiJ6RlnSNKAogVm7jWmQ7+AySLA9Tg9,4.060225,11.32302,7.673985000000001
230700,a0kbD0wrCI8kaItWajaE6DtgAXRxlv1YrKiJ6RlnSNKAogVm7jWmQ7+AySLA9Tg9,1.964734,20.899077,9.5927
231000,a0kbD0wrCI8kaItWajaE6DtgAXRxlv1YrKiJ6RlnSNKAogVm7jWmQ7+AySLA9Tg9,3.339393,16.046015,6.5700460000000005
231300,a0kbD0wrCI8kaItWajaE6DtgAXRxlv1YrKiJ6RlnSNKAogVm7jWmQ7+AySLA9Tg9,2.264773,19.114539,7.526642
231600,a0kbD0wrCI8kaItWajaE6DtgAXRxlv1YrKiJ6RlnSNKAogVm7jWmQ7+AySLA9Tg9,2.0242169999999997,18.272389,9.136994999999999
231900,a0kbD0wrCI8kaItWajaE6DtgAXRxlv1YrKiJ6RlnSNKAogVm7jWmQ7+AySLA9Tg9,2.671303,15.214785000000001,6.812366
232200,a0kbD0wrCI8kaItWajaE6DtgAXRxlv1YrKiJ6RlnSNKAogVm7jWmQ7+AySLA9Tg9,1.516853,12.204205,6.678453
232500,a0kbD0wrCI8kaItWajaE6DtgAXRxlv1YrKiJ6RlnSNKAogVm7jWmQ7+AySLA9Tg9,3.970657,12.125525999999999,8.344443
232800,a0kbD0wrCI8kaItWajaE6DtgAXRxlv1YrKiJ6RlnSNKAogVm7jWmQ7+AySLA9Tg9,2.350862,17.227692,5.82951
233100,a0kbD0wrCI8kaItWajaE6DtgAXRxlv1YrKiJ6RlnSNKAogVm7jWmQ7+AySLA9Tg9,5.19654,12.186262,8.082297
233400,a0kbD0wrCI8kaItWajaE6DtgAXRxlv1YrKiJ6RlnSNKAogVm7jWmQ7+AySLA9Tg9,0.6340520000000001,27.398723999999998,8.80372
233700,a0kbD0wrCI8kaItWajaE6DtgAXRxlv1YrKiJ6RlnSNKAogVm7jWmQ7+AySLA9Tg9,5.943025,15.991389000000002,9.560369
234000,a0kbD0wrCI8kaItWajaE6DtgAXRxlv1YrKiJ6RlnSNKAogVm7jWmQ7+AySLA9Tg9,1.430042,18.548833,9.018092999999999
234300,a0kbD0wrCI8kaItWajaE6DtgAXRxlv1YrKiJ6RlnSNKAogVm7jWmQ7+AySLA9Tg9,1.386994,17.228629,9.693583
234600,a0kbD0wrCI8kaItWajaE6DtgAXRxlv1YrKiJ6RlnSNKAogVm7jWmQ7+AySLA9Tg9,2.714292,16.604673000000002,7.417916
234900,a0kbD0wrCI8kaItWajaE6DtgAXRxlv1YrKiJ6RlnSNKAogVm7jWmQ7+AySLA9Tg9,2.5397279999999998,14.098241,9.440242999999999
235200,a0kbD0wrCI8kaItWajaE6DtgAXRxlv1YrKiJ6RlnSNKAogVm7jWmQ7+AySLA9Tg9,4.463476,23.344929999999998,8.974592999999999
235500,a0kbD0wrCI8kaItWajaE6DtgAXRxlv1YrKiJ6RlnSNKAogVm7jWmQ7+AySLA9Tg9,1.683236,26.206459,10.502728999999999
235800,a0kbD0wrCI8kaItWajaE6DtgAXRxlv1YrKiJ6RlnSNKAogVm7jWmQ7+AySLA9Tg9,4.316253,16.654373,8.490824
236100,a0kbD0wrCI8kaItWajaE6DtgAXRxlv1YrKiJ6RlnSNKAogVm7jWmQ7+AySLA9Tg9,4.373734,15.862329999999998,8.908783999999999
236400,a0kbD0wrCI8kaItWajaE6DtgAXRxlv1YrKiJ6RlnSNKAogVm7jWmQ7+AySLA9Tg9,2.735118,13.474670000000001,6.668104
236700,a0kbD0wrCI8kaItWajaE6DtgAXRxlv1YrKiJ6RlnSNKAogVm7jWmQ7+AySLA9Tg9,0.715992,12.001636,7.414772999999999
237000,a0kbD0wrCI8kaItWajaE6DtgAXRxlv1YrKiJ6RlnSNKAogVm7jWmQ7+AySLA9Tg9,1.0986040000000001,17.665254,8.450762
237300,a0kbD0wrCI8kaItWajaE6DtgAXRxlv1YrKiJ6RlnSNKAogVm7jWmQ7+AySLA9Tg9,5.450709,16.726079000000002,8.890932000000001
237600,a0kbD0wrCI8kaItWajaE6DtgAXRxlv1YrKiJ6RlnSNKAogVm7jWmQ7+AySLA9Tg9,4.439582,30.773822999999997,9.293264
237900,a0kbD0wrCI8kaItWajaE6DtgAXRxlv1YrKiJ6RlnSNKAogVm7jWmQ7+AySLA9Tg9,4.430234,15.383415,8.650803
238200,a0kbD0wrCI8kaItWajaE6DtgAXRxlv1YrKiJ6RlnSNKAogVm7jWmQ7+AySLA9Tg9,3.431916,24.063913,8.941393
238500,a0kbD0wrCI8kaItWajaE6DtgAXRxlv1YrKiJ6RlnSNKAogVm7jWmQ7+AySLA9Tg9,4.418273999999999,13.722757000000001,8.379224
238800,a0kbD0wrCI8kaItWajaE6DtgAXRxlv1YrKiJ6RlnSNKAogVm7jWmQ7+AySLA9Tg9,5.49691,27.131342,10.546904
239100,a0kbD0wrCI8kaItWajaE6DtgAXRxlv1YrKiJ6RlnSNKAogVm7jWmQ7+AySLA9Tg9,4.606404,15.124035000000001,9.466275999999999
239400,a0kbD0wrCI8kaItWajaE6DtgAXRxlv1YrKiJ6RlnSNKAogVm7jWmQ7+AySLA9Tg9,2.642043,29.525951,10.654224000000001
239700,a0kbD0wrCI8kaItWajaE6DtgAXRxlv1YrKiJ6RlnSNKAogVm7jWmQ7+AySLA9Tg9,1.2107569999999999,20.042923000000002,8.872282
240000,a0kbD0wrCI8kaItWajaE6DtgAXRxlv1YrKiJ6RlnSNKAogVm7jWmQ7+AySLA9Tg9,3.746365,17.981360000000002,7.908311
240300,a0kbD0wrCI8kaItWajaE6DtgAXRxlv1YrKiJ6RlnSNKAogVm7jWmQ7+AySLA9Tg9,3.5543120000000004,13.435371,8.249236999999999
240600,a0kbD0wrCI8kaItWajaE6DtgAXRxlv1YrKiJ6RlnSNKAogVm7jWmQ7+AySLA9Tg9,5.412615,21.570401999999998,9.949827
240900,a0kbD0wrCI8kaItWajaE6DtgAXRxlv1YrKiJ6RlnSNKAogVm7jWmQ7+AySLA9Tg9,3.018616,34.101157,7.575216999999999
241200,a0kbD0wrCI8kaItWajaE6DtgAXRxlv1YrKiJ6RlnSNKAogVm7jWmQ7+AySLA9Tg9,3.9447379999999996,17.363678,9.155827
241500,a0kbD0wrCI8kaItWajaE6DtgAXRxlv1YrKiJ6RlnSNKAogVm7jWmQ7+AySLA9Tg9,3.187601,24.057865,9.434002
241800,a0kbD0wrCI8kaItWajaE6DtgAXRxlv1YrKiJ6RlnSNKAogVm7jWmQ7+AySLA9Tg9,4.343211,15.927565,9.198554
242100,a0kbD0wrCI8kaItWajaE6DtgAXRxlv1YrKiJ6RlnSNKAogVm7jWmQ7+AySLA9Tg9,1.5906420000000001,11.620735,7.546619000000001
242400,a0kbD0wrCI8kaItWajaE6DtgAXRxlv1YrKiJ6RlnSNKAogVm7jWmQ7+AySLA9Tg9,4.565493,34.060088,10.646741
242700,a0kbD0wrCI8kaItWajaE6DtgAXRxlv1YrKiJ6RlnSNKAogVm7jWmQ7+AySLA9Tg9,5.0791260000000005,20.581194,9.457086
243000,a0kbD0wrCI8kaItWajaE6DtgAXRxlv1YrKiJ6RlnSNKAogVm7jWmQ7+AySLA9Tg9,1.595341,21.656046,10.263107000000002
243300,a0kbD0wrCI8kaItWajaE6DtgAXRxlv1YrKiJ6RlnSNKAogVm7jWmQ7+AySLA9Tg9,5.318646,16.977498999999998,10.685661
243600,a0kbD0wrCI8kaItWajaE6DtgAXRxlv1YrKiJ6RlnSNKAogVm7jWmQ7+AySLA9Tg9,4.874624,24.063333,10.148027
243900,a0kbD0wrCI8kaItWajaE6DtgAXRxlv1YrKiJ6RlnSNKAogVm7jWmQ7+AySLA9Tg9,3.620168,17.526929,9.154208
244200,a0kbD0wrCI8kaItWajaE6DtgAXRxlv1YrKiJ6RlnSNKAogVm7jWmQ7+AySLA9Tg9,5.103061,23.730359,10.940242
244500,a0kbD0wrCI8kaItWajaE6DtgAXRxlv1YrKiJ6RlnSNKAogVm7jWmQ7+AySLA9Tg9,3.4286559999999997,14.823410999999998,7.869797
244800,a0kbD0wrCI8kaItWajaE6DtgAXRxlv1YrKiJ6RlnSNKAogVm7jWmQ7+AySLA9Tg9,7.0018139999999995,20.622702,12.030942
245100,a0kbD0wrCI8kaItWajaE6DtgAXRxlv1YrKiJ6RlnSNKAogVm7jWmQ7+AySLA9Tg9,1.0509899999999999,16.012064000000002,8.435263
245400,a0kbD0wrCI8kaItWajaE6DtgAXRxlv1YrKiJ6RlnSNKAogVm7jWmQ7+AySLA9Tg9,3.817068,17.153423,7.479659
245700,a0kbD0wrCI8kaItWajaE6DtgAXRxlv1YrKiJ6RlnSNKAogVm7jWmQ7+AySLA9Tg9,2.142491,17.300182,9.767686999999999
246000,a0kbD0wrCI8kaItWajaE6DtgAXRxlv1YrKiJ6RlnSNKAogVm7jWmQ7+AySLA9Tg9,5.6351580000000006,20.357464999999998,12.031346000000001
246300,a0kbD0wrCI8kaItWajaE6DtgAXRxlv1YrKiJ6RlnSNKAogVm7jWmQ7+AySLA9Tg9,1.417215,16.003997000000002,8.310156
246600,a0kbD0wrCI8kaItWajaE6DtgAXRxlv1YrKiJ6RlnSNKAogVm7jWmQ7+AySLA9Tg9,5.760962,17.058715,9.286014
246900,a0kbD0wrCI8kaItWajaE6DtgAXRxlv1YrKiJ6RlnSNKAogVm7jWmQ7+AySLA9Tg9,1.583132,25.881304,10.41667
247200,a0kbD0wrCI8kaItWajaE6DtgAXRxlv1YrKiJ6RlnSNKAogVm7jWmQ7+AySLA9Tg9,3.6199239999999997,16.121336,7.256283
247500,a0kbD0wrCI8kaItWajaE6DtgAXRxlv1YrKiJ6RlnSNKAogVm7jWmQ7+AySLA9Tg9,1.194395,14.364714999999999,8.253597000000001
247800,a0kbD0wrCI8kaItWajaE6DtgAXRxlv1YrKiJ6RlnSNKAogVm7jWmQ7+AySLA9Tg9,2.356805,24.53381,10.195128
248100,a0kbD0wrCI8kaItWajaE6DtgAXRxlv1YrKiJ6RlnSNKAogVm7jWmQ7+AySLA9Tg9,4.228121,17.06456,9.262425
248400,a0kbD0wrCI8kaItWajaE6DtgAXRxlv1YrKiJ6RlnSNKAogVm7jWmQ7+AySLA9Tg9,2.750251,14.764337,7.662097999999999
248700,a0kbD0wrCI8kaItWajaE6DtgAXRxlv1YrKiJ6RlnSNKAogVm7jWmQ7+AySLA9Tg9,6.09314,22.469872,10.732432000000001
249000,a0kbD0wrCI8kaItWajaE6DtgAXRxlv1YrKiJ6RlnSNKAogVm7jWmQ7+AySLA9Tg9,3.777217,15.611495000000001,9.901914
249300,a0kbD0wrCI8kaItWajaE6DtgAXRxlv1YrKiJ6RlnSNKAogVm7jWmQ7+AySLA9Tg9,7.0458110000000005,17.82426,10.160536
249600,a0kbD0wrCI8kaItWajaE6DtgAXRxlv1YrKiJ6RlnSNKAogVm7jWmQ7+AySLA9Tg9,3.334036,20.093331,12.277897
249900,a0kbD0wrCI8kaItWajaE6DtgAXRxlv1YrKiJ6RlnSNKAogVm7jWmQ7+AySLA9Tg9,6.266951000000001,29.462108,12.586362
250200,a0kbD0wrCI8kaItWajaE6DtgAXRxlv1YrKiJ6RlnSNKAogVm7jWmQ7+AySLA9Tg9,0.9064629999999999,15.779376000000001,8.791752
250500,a0kbD0wrCI8kaItWajaE6DtgAXRxlv1YrKiJ6RlnSNKAogVm7jWmQ7+AySLA9Tg9,6.248133,24.124392,12.35164
250800,a0kbD0wrCI8kaItWajaE6DtgAXRxlv1YrKiJ6RlnSNKAogVm7jWmQ7+AySLA9Tg9,3.881621,17.592735,9.781925
251100,a0kbD0wrCI8kaItWajaE6DtgAXRxlv1YrKiJ6RlnSNKAogVm7jWmQ7+AySLA9Tg9,4.2420290000000005,38.016228999999996,13.192051000000001
251400,a0kbD0wrCI8kaItWajaE6DtgAXRxlv1YrKiJ6RlnSNKAogVm7jWmQ7+AySLA9Tg9,5.268807,16.780155,10.439819
251700,a0kbD0wrCI8kaItWajaE6DtgAXRxlv1YrKiJ6RlnSNKAogVm7jWmQ7+AySLA9Tg9,2.576953,16.927666000000002,9.550624000000001
252000,a0kbD0wrCI8kaItWajaE6DtgAXRxlv1YrKiJ6RlnSNKAogVm7jWmQ7+AySLA9Tg9,4.457622,18.316577,10.905045
252300,a0kbD0wrCI8kaItWajaE6DtgAXRxlv1YrKiJ6RlnSNKAogVm7jWmQ7+AySLA9Tg9,6.727606,18.984091,11.655598
252600,a0kbD0wrCI8kaItWajaE6DtgAXRxlv1YrKiJ6RlnSNKAogVm7jWmQ7+AySLA9Tg9,4.970097,18.657287,9.916795
252900,a0kbD0wrCI8kaItWajaE6DtgAXRxlv1YrKiJ6RlnSNKAogVm7jWmQ7+AySLA9Tg9,2.15252,17.91341,10.554074
253200,a0kbD0wrCI8kaItWajaE6DtgAXRxlv1YrKiJ6RlnSNKAogVm7jWmQ7+AySLA9Tg9,3.0564400000000003,15.084022000000001,9.9119
253500,a0kbD0wrCI8kaItWajaE6DtgAXRxlv1YrKiJ6RlnSNKAogVm7jWmQ7+AySLA9Tg9,4.601624,20.941494,8.993852
253800,a0kbD0wrCI8kaItWajaE6DtgAXRxlv1YrKiJ6RlnSNKAogVm7jWmQ7+AySLA9Tg9,4.402346,18.479082000000002,10.367167
254100,a0kbD0wrCI8kaItWajaE6DtgAXRxlv1YrKiJ6RlnSNKAogVm7jWmQ7+AySLA9Tg9,7.870822,18.355173999999998,13.056355
254400,a0kbD0wrCI8kaItWajaE6DtgAXRxlv1YrKiJ6RlnSNKAogVm7jWmQ7+AySLA9Tg9,3.973372,23.129097,9.880979
254700,a0kbD0wrCI8kaItWajaE6DtgAXRxlv1YrKiJ6RlnSNKAogVm7jWmQ7+AySLA9Tg9,6.536416,22.465183,11.652132
255000,a0kbD0wrCI8kaItWajaE6DtgAXRxlv1YrKiJ6RlnSNKAogVm7jWmQ7+AySLA9Tg9,7.04834,17.655437,10.887165
255300,a0kbD0wrCI8kaItWajaE6DtgAXRxlv1YrKiJ6RlnSNKAogVm7jWmQ7+AySLA9Tg9,5.0951949999999995,24.678985,9.789829
255600,a0kbD0wrCI8kaItWajaE6DtgAXRxlv1YrKiJ6RlnSNKAogVm7jWmQ7+AySLA9Tg9,6.2081610000000005,20.311591,10.749333
255900,a0kbD0wrCI8kaItWajaE6DtgAXRxlv1YrKiJ6RlnSNKAogVm7jWmQ7+AySLA9Tg9,1.08189,14.184429999999999,9.035927000000001
256200,a0kbD0wrCI8kaItWajaE6DtgAXRxlv1YrKiJ6RlnSNKAogVm7jWmQ7+AySLA9Tg9,5.909744,22.033354,9.831023
256500,a0kbD0wrCI8kaItWajaE6DtgAXRxlv1YrKiJ6RlnSNKAogVm7jWmQ7+AySLA9Tg9,5.334185,18.458519,11.255315
256800,a0kbD0wrCI8kaItWajaE6DtgAXRxlv1YrKiJ6RlnSNKAogVm7jWmQ7+AySLA9Tg9,7.234027,13.55039,10.549965
257100,a0kbD0wrCI8kaItWajaE6DtgAXRxlv1YrKiJ6RlnSNKAogVm7jWmQ7+AySLA9Tg9,5.960816,30.703812,11.769573
257400,a0kbD0wrCI8kaItWajaE6DtgAXRxlv1YrKiJ6RlnSNKAogVm7jWmQ7+AySLA9Tg9,4.732081,18.671961,10.674451
257700,a0kbD0wrCI8kaItWajaE6DtgAXRxlv1YrKiJ6RlnSNKAogVm7jWmQ7+AySLA9Tg9,7.328129,18.554548999999998,11.214957
258000,a0kbD0wrCI8kaItWajaE6DtgAXRxlv1YrKiJ6RlnSNKAogVm7jWmQ7+AySLA9Tg9,4.690436,16.399483,9.874286999999999
258300,a0kbD0wrCI8kaItWajaE6DtgAXRxlv1YrKiJ6RlnSNKAogVm7jWmQ7+AySLA9Tg9,2.7636529999999997,16.047546,10.02356
258600,a0kbD0wrCI8kaItWajaE6DtgAXRxlv1YrKiJ6RlnSNKAogVm7jWmQ7+AySLA9Tg9,6.257269,20.731123999999998,13.307169
258900,a0kbD0wrCI8kaItWajaE6DtgAXRxlv1YrKiJ6RlnSNKAogVm7jWmQ7+AySLA9Tg9,5.781122,21.467472,11.515416
259200,a0kbD0wrCI8kaItWajaE6DtgAXRxlv1YrKiJ6RlnSNKAogVm7jWmQ7+AySLA9Tg9,6.394851999999999,51.193409,15.452077
259500,a0kbD0wrCI8kaItWajaE6DtgAXRxlv1YrKiJ6RlnSNKAogVm7jWmQ7+AySLA9Tg9,6.888392,18.283367000000002,11.453374
259800,a0kbD0wrCI8kaItWajaE6DtgAXRxlv1YrKiJ6RlnSNKAogVm7jWmQ7+AySLA9Tg9,7.635847,31.773940000000003,13.808972
260100,a0kbD0wrCI8kaItWajaE6DtgAXRxlv1YrKiJ6RlnSNKAogVm7jWmQ7+AySLA9Tg9,9.806816,20.392739000000002,14.025904999999998
260400,a0kbD0wrCI8kaItWajaE6DtgAXRxlv1YrKiJ6RlnSNKAogVm7jWmQ7+AySLA9Tg9,4.0841,17.222417,10.732903
260700,a0kbD0wrCI8kaItWajaE6DtgAXRxlv1YrKiJ6RlnSNKAogVm7jWmQ7+AySLA9Tg9,5.366892,18.082611,10.575733999999999
261000,a0kbD0wrCI8kaItWajaE6DtgAXRxlv1YrKiJ6RlnSNKAogVm7jWmQ7+AySLA9Tg9,4.759077,19.093075,11.888247999999999
261300,a0kbD0wrCI8kaItWajaE6DtgAXRxlv1YrKiJ6RlnSNKAogVm7jWmQ7+AySLA9Tg9,3.033082,21.281542,11.575045
261600,a0kbD0wrCI8kaItWajaE6DtgAXRxlv1YrKiJ6RlnSNKAogVm7jWmQ7+AySLA9Tg9,6.751055,22.013096,12.559475
261900,a0kbD0wrCI8kaItWajaE6DtgAXRxlv1YrKiJ6RlnSNKAogVm7jWmQ7+AySLA9Tg9,4.624144,22.106161,10.622927
262200,a0kbD0wrCI8kaItWajaE6DtgAXRxlv1YrKiJ6RlnSNKAogVm7jWmQ7+AySLA9Tg9,5.817858,20.913238,11.928177999999999
262500,a0kbD0wrCI8kaItWajaE6DtgAXRxlv1YrKiJ6RlnSNKAogVm7jWmQ7+AySLA9Tg9,4.490243,20.259593,11.746203999999999
262800,a0kbD0wrCI8kaItWajaE6DtgAXRxlv1YrKiJ6RlnSNKAogVm7jWmQ7+AySLA9Tg9,7.2015720000000005,18.776926,12.548656
263100,a0kbD0wrCI8kaItWajaE6DtgAXRxlv1YrKiJ6RlnSNKAogVm7jWmQ7+AySLA9Tg9,7.192178,34.651733,13.016699000000001
263400,a0kbD0wrCI8kaItWajaE6DtgAXRxlv1YrKiJ6RlnSNKAogVm7jWmQ7+AySLA9Tg9,4.458621,16.282307,10.272965
263700,a0kbD0wrCI8kaItWajaE6DtgAXRxlv1YrKiJ6RlnSNKAogVm7jWmQ7+AySLA9Tg9,2.0127990000000002,18.898322,12.4789
264000,a0kbD0wrCI8kaItWajaE6DtgAXRxlv1YrKiJ6RlnSNKAogVm7jWmQ7+AySLA9Tg9,7.885412,30.103741999999997,14.826956
264300,a0kbD0wrCI8kaItWajaE6DtgAXRxlv1YrKiJ6RlnSNKAogVm7jWmQ7+AySLA9Tg9,8.75315,25.192147,13.711101000000001
264600,a0kbD0wrCI8kaItWajaE6DtgAXRxlv1YrKiJ6RlnSNKAogVm7jWmQ7+AySLA9Tg9,4.393422,19.557226999999997,13.229987
264900,a0kbD0wrCI8kaItWajaE6DtgAXRxlv1YrKiJ6RlnSNKAogVm7jWmQ7+AySLA9Tg9,5.545658,27.357251,11.640426
265200,a0kbD0wrCI8kaItWajaE6DtgAXRxlv1YrKiJ6RlnSNKAogVm7jWmQ7+AySLA9Tg9,6.740435000000001,16.234123,11.129189
265500,a0kbD0wrCI8kaItWajaE6DtgAXRxlv1YrKiJ6RlnSNKAogVm7jWmQ7+AySLA9Tg9,6.841562,20.245060000000002,13.992265
265800,a0kbD0wrCI8kaItWajaE6DtgAXRxlv1YrKiJ6RlnSNKAogVm7jWmQ7+AySLA9Tg9,2.3878340000000002,22.874276000000002,12.694836
266100,a0kbD0wrCI8kaItWajaE6DtgAXRxlv1YrKiJ6RlnSNKAogVm7jWmQ7+AySLA9Tg9,6.887124000000001,27.000774,12.987034
266400,a0kbD0wrCI8kaItWajaE6DtgAXRxlv1YrKiJ6RlnSNKAogVm7jWmQ7+AySLA9Tg9,3.3695559999999998,23.25879,14.207501999999998
266700,a0kbD0wrCI8kaItWajaE6DtgAXRxlv1YrKiJ6RlnSNKAogVm7jWmQ7+AySLA9Tg9,5.4022120000000005,19.366431,12.964527
267000,a0kbD0wrCI8kaItWajaE6DtgAXRxlv1YrKiJ6RlnSNKAogVm7jWmQ7+AySLA9Tg9,10.790007000000001,42.301722,18.961883
267300,a0kbD0wrCI8kaItWajaE6DtgAXRxlv1YrKiJ6RlnSNKAogVm7jWmQ7+AySLA9Tg9,0.5090399999999999,25.724117,14.729117
267600,a0kbD0wrCI8kaItWajaE6DtgAXRxlv1YrKiJ6RlnSNKAogVm7jWmQ7+AySLA9Tg9,9.328228,25.843252,15.332714999999999
267900,a0kbD0wrCI8kaItWajaE6DtgAXRxlv1YrKiJ6RlnSNKAogVm7jWmQ7+AySLA9Tg9,10.742051,63.822782,29.230221000000004
268200,a0kbD0wrCI8kaItWajaE6DtgAXRxlv1YrKiJ6RlnSNKAogVm7jWmQ7+AySLA9Tg9,11.582694,26.540045000000003,16.499325
268500,a0kbD0wrCI8kaItWajaE6DtgAXRxlv1YrKiJ6RlnSNKAogVm7jWmQ7+AySLA9Tg9,1.406766,22.403163,14.931459
268800,a0kbD0wrCI8kaItWajaE6DtgAXRxlv1YrKiJ6RlnSNKAogVm7jWmQ7+AySLA9Tg9,9.830731,26.562588,15.296299
269100,a0kbD0wrCI8kaItWajaE6DtgAXRxlv1YrKiJ6RlnSNKAogVm7jWmQ7+AySLA9Tg9,7.1649080000000005,55.252078000000004,18.018635
269400,a0kbD0wrCI8kaItWajaE6DtgAXRxlv1YrKiJ6RlnSNKAogVm7jWmQ7+AySLA9Tg9,9.030888000000001,25.099076999999998,17.481631
269700,a0kbD0wrCI8kaItWajaE6DtgAXRxlv1YrKiJ6RlnSNKAogVm7jWmQ7+AySLA9Tg9,8.345896,33.811741999999995,17.297518
270000,a0kbD0wrCI8kaItWajaE6DtgAXRxlv1YrKiJ6RlnSNKAogVm7jWmQ7+AySLA9Tg9,8.293153,26.585676,17.034106
270300,a0kbD0wrCI8kaItWajaE6DtgAXRxlv1YrKiJ6RlnSNKAogVm7jWmQ7+AySLA9Tg9,8.831463000000001,27.145159999999997,16.38689
270600,a0kbD0wrCI8kaItWajaE6DtgAXRxlv1YrKiJ6RlnSNKAogVm7jWmQ7+AySLA9Tg9,3.4338089999999997,32.755205,15.434195
270900,a0kbD0wrCI8kaItWajaE6DtgAXRxlv1YrKiJ6RlnSNKAogVm7jWmQ7+AySLA9Tg9,11.081567999999999,28.905134999999998,18.145078
271200,a0kbD0wrCI8kaItWajaE6DtgAXRxlv1YrKiJ6RlnSNKAogVm7jWmQ7+AySLA9Tg9,5.617381,28.423853,18.521354000000002
271500,a0kbD0wrCI8kaItWajaE6DtgAXRxlv1YrKiJ6RlnSNKAogVm7jWmQ7+AySLA9Tg9,9.988241,23.794407999999997,15.726992000000001
271800,a0kbD0wrCI8kaItWajaE6DtgAXRxlv1YrKiJ6RlnSNKAogVm7jWmQ7+AySLA9Tg9,5.660435,26.049695,16.539625
272100,a0kbD0wrCI8kaItWajaE6DtgAXRxlv1YrKiJ6RlnSNKAogVm7jWmQ7+AySLA9Tg9,12.194951,34.211381,19.883399
272400,a0kbD0wrCI8kaItWajaE6DtgAXRxlv1YrKiJ6RlnSNKAogVm7jWmQ7+AySLA9Tg9,10.886828,29.636965999999997,18.952246
272700,a0kbD0wrCI8kaItWajaE6DtgAXRxlv1YrKiJ6RlnSNKAogVm7jWmQ7+AySLA9Tg9,0.703232,23.244723,14.941144
273000,a0kbD0wrCI8kaItWajaE6DtgAXRxlv1YrKiJ6RlnSNKAogVm7jWmQ7+AySLA9Tg9,11.430947999999999,25.981939,17.723502
273300,a0kbD0wrCI8kaItWajaE6DtgAXRxlv1YrKiJ6RlnSNKAogVm7jWmQ7+AySLA9Tg9,2.150666,33.367895000000004,18.335425
273600,a0kbD0wrCI8kaItWajaE6DtgAXRxlv1YrKiJ6RlnSNKAogVm7jWmQ7+AySLA9Tg9,10.400421000000001,32.819691999999996,23.837598999999997
273900,a0kbD0wrCI8kaItWajaE6DtgAXRxlv1YrKiJ6RlnSNKAogVm7jWmQ7+AySLA9Tg9,2.449182,34.950752,21.451597
274200,a0kbD0wrCI8kaItWajaE6DtgAXRxlv1YrKiJ6RlnSNKAogVm7jWmQ7+AySLA9Tg9,9.068276,28.924431,18.063745
274500,a0kbD0wrCI8kaItWajaE6DtgAXRxlv1YrKiJ6RlnSNKAogVm7jWmQ7+AySLA9Tg9,4.496367,24.81731,14.839245000000002
274800,a0kbD0wrCI8kaItWajaE6DtgAXRxlv1YrKiJ6RlnSNKAogVm7jWmQ7+AySLA9Tg9,7.6470009999999995,32.038148,18.028614
275100,a0kbD0wrCI8kaItWajaE6DtgAXRxlv1YrKiJ6RlnSNKAogVm7jWmQ7+AySLA9Tg9,9.098896,27.796167999999998,16.450018
275400,a0kbD0wrCI8kaItWajaE6DtgAXRxlv1YrKiJ6RlnSNKAogVm7jWmQ7+AySLA9Tg9,11.336323,41.507816999999996,20.282782
275700,a0kbD0wrCI8kaItWajaE6DtgAXRxlv1YrKiJ6RlnSNKAogVm7jWmQ7+AySLA9Tg9,13.584535999999998,28.445363,20.156986
276000,a0kbD0wrCI8kaItWajaE6DtgAXRxlv1YrKiJ6RlnSNKAogVm7jWmQ7+AySLA9Tg9,10.178094,34.678571000000005,20.286867
276300,a0kbD0wrCI8kaItWajaE6DtgAXRxlv1YrKiJ6RlnSNKAogVm7jWmQ7+AySLA9Tg9,13.013256,23.020397,18.179320999999998
276600,a0kbD0wrCI8kaItWajaE6DtgAXRxlv1YrKiJ6RlnSNKAogVm7jWmQ7+AySLA9Tg9,19.274187,42.398159,26.010688000000002
276900,a0kbD0wrCI8kaItWajaE6DtgAXRxlv1YrKiJ6RlnSNKAogVm7jWmQ7+AySLA9Tg9,15.138791000000001,30.00729,22.606243
277200,a0kbD0wrCI8kaItWajaE6DtgAXRxlv1YrKiJ6RlnSNKAogVm7jWmQ7+AySLA9Tg9,10.892478,36.186143,21.356170000000002
277500,a0kbD0wrCI8kaItWajaE6DtgAXRxlv1YrKiJ6RlnSNKAogVm7jWmQ7+AySLA9Tg9,15.106682000000001,37.13889,28.213914000000003
277800,a0kbD0wrCI8kaItWajaE6DtgAXRxlv1YrKiJ6RlnSNKAogVm7jWmQ7+AySLA9Tg9,15.383819,30.962291999999998,22.948492
278100,a0kbD0wrCI8kaItWajaE6DtgAXRxlv1YrKiJ6RlnSNKAogVm7jWmQ7+AySLA9Tg9,16.47755,57.596762,27.10645
278400,a0kbD0wrCI8kaItWajaE6DtgAXRxlv1YrKiJ6RlnSNKAogVm7jWmQ7+AySLA9Tg9,15.231404000000001,32.735206,24.085026
278700,a0kbD0wrCI8kaItWajaE6DtgAXRxlv1YrKiJ6RlnSNKAogVm7jWmQ7+AySLA9Tg9,16.585555,33.111277,24.466205
279000,a0kbD0wrCI8kaItWajaE6DtgAXRxlv1YrKiJ6RlnSNKAogVm7jWmQ7+AySLA9Tg9,14.046754,33.140109,25.018459
279300,a0kbD0wrCI8kaItWajaE6DtgAXRxlv1YrKiJ6RlnSNKAogVm7jWmQ7+AySLA9Tg9,15.059674,41.663846,25.663957999999997
279600,a0kbD0wrCI8kaItWajaE6DtgAXRxlv1YrKiJ6RlnSNKAogVm7jWmQ7+AySLA9Tg9,15.743893,30.006511,22.541180999999998
279900,a0kbD0wrCI8kaItWajaE6DtgAXRxlv1YrKiJ6RlnSNKAogVm7jWmQ7+AySLA9Tg9,2.43197,35.701606,23.826747
280200,a0kbD0wrCI8kaItWajaE6DtgAXRxlv1YrKiJ6RlnSNKAogVm7jWmQ7+AySLA9Tg9,14.065071,32.480415,21.089838
280500,a0kbD0wrCI8kaItWajaE6DtgAXRxlv1YrKiJ6RlnSNKAogVm7jWmQ7+AySLA9Tg9,11.017941,35.744576,20.474797
280800,a0kbD0wrCI8kaItWajaE6DtgAXRxlv1YrKiJ6RlnSNKAogVm7jWmQ7+AySLA9Tg9,15.436855,43.78988,23.848747
281100,a0kbD0wrCI8kaItWajaE6DtgAXRxlv1YrKiJ6RlnSNKAogVm7jWmQ7+AySLA9Tg9,18.689231,36.031834,26.23837
281400,a0kbD0wrCI8kaItWajaE6DtgAXRxlv1YrKiJ6RlnSNKAogVm7jWmQ7+AySLA9Tg9,10.425485,31.092934999999997,21.898117000000003
281700,a0kbD0wrCI8kaItWajaE6DtgAXRxlv1YrKiJ6RlnSNKAogVm7jWmQ7+AySLA9Tg9,19.648723,41.800635,27.53895
282000,a0kbD0wrCI8kaItWajaE6DtgAXRxlv1YrKiJ6RlnSNKAogVm7jWmQ7+AySLA9Tg9,18.523518,35.943362,28.177224
282300,a0kbD0wrCI8kaItWajaE6DtgAXRxlv1YrKiJ6RlnSNKAogVm7jWmQ7+AySLA9Tg9,15.418187,34.387143,25.489589000000002
282600,a0kbD0wrCI8kaItWajaE6DtgAXRxlv1YrKiJ6RlnSNKAogVm7jWmQ7+AySLA9Tg9,12.939908,77.917137,26.528539000000002
282900,a0kbD0wrCI8kaItWajaE6DtgAXRxlv1YrKiJ6RlnSNKAogVm7jWmQ7+AySLA9Tg9,17.946737,35.833249,26.426825
283200,a0kbD0wrCI8kaItWajaE6DtgAXRxlv1YrKiJ6RlnSNKAogVm7jWmQ7+AySLA9Tg9,14.72601,32.674648,23.100551
283500,a0kbD0wrCI8kaItWajaE6DtgAXRxlv1YrKiJ6RlnSNKAogVm7jWmQ7+AySLA9Tg9,2.940657,35.482745,24.328679
283800,a0kbD0wrCI8kaItWajaE6DtgAXRxlv1YrKiJ6RlnSNKAogVm7jWmQ7+AySLA9Tg9,16.604407000000002,38.027465,25.760528
284100,a0kbD0wrCI8kaItWajaE6DtgAXRxlv1YrKiJ6RlnSNKAogVm7jWmQ7+AySLA9Tg9,13.871844,37.3111,25.050987
284400,a0kbD0wrCI8kaItWajaE6DtgAXRxlv1YrKiJ6RlnSNKAogVm7jWmQ7+AySLA9Tg9,13.438692000000001,33.476564,21.886804
284700,a0kbD0wrCI8kaItWajaE6DtgAXRxlv1YrKiJ6RlnSNKAogVm7jWmQ7+AySLA9Tg9,16.614385000000002,49.285628,27.350251
285000,a0kbD0wrCI8kaItWajaE6DtgAXRxlv1YrKiJ6RlnSNKAogVm7jWmQ7+AySLA9Tg9,13.742551999999998,33.082924,21.712560999999997
285300,a0kbD0wrCI8kaItWajaE6DtgAXRxlv1YrKiJ6RlnSNKAogVm7jWmQ7+AySLA9Tg9,4.149617,28.465102,19.720675
285600,a0kbD0wrCI8kaItWajaE6DtgAXRxlv1YrKiJ6RlnSNKAogVm7jWmQ7+AySLA9Tg9,18.425079999999998,56.983126,27.653116999999998
285900,a0kbD0wrCI8kaItWajaE6DtgAXRxlv1YrKiJ6RlnSNKAogVm7jWmQ7+AySLA9Tg9,18.53718,37.856446999999996,25.018167000000002
286200,a0kbD0wrCI8kaItWajaE6DtgAXRxlv1YrKiJ6RlnSNKAogVm7jWmQ7+AySLA9Tg9,5.21324,33.125727000000005,19.873176
286500,a0kbD0wrCI8kaItWajaE6DtgAXRxlv1YrKiJ6RlnSNKAogVm7jWmQ7+AySLA9Tg9,14.697799,36.693176,23.686404
286800,a0kbD0wrCI8kaItWajaE6DtgAXRxlv1YrKiJ6RlnSNKAogVm7jWmQ7+AySLA9Tg9,13.428175,30.319885,21.090478
287100,a0kbD0wrCI8kaItWajaE6DtgAXRxlv1YrKiJ6RlnSNKAogVm7jWmQ7+AySLA9Tg9,11.585797999999999,33.690871,19.169684
287400,a0kbD0wrCI8kaItWajaE6DtgAXRxlv1YrKiJ6RlnSNKAogVm7jWmQ7+AySLA9Tg9,7.147675,37.048199,25.338201
287700,a0kbD0wrCI8kaItWajaE6DtgAXRxlv1YrKiJ6RlnSNKAogVm7jWmQ7+AySLA9Tg9,15.933541,47.065599,24.630628
288000,a0kbD0wrCI8kaItWajaE6DtgAXRxlv1YrKiJ6RlnSNKAogVm7jWmQ7+AySLA9Tg9,16.190507,42.372412,25.741441000000002
288300,a0kbD0wrCI8kaItWajaE6DtgAXRxlv1YrKiJ6RlnSNKAogVm7jWmQ7+AySLA9Tg9,0.769415,30.197357,21.099871
288600,a0kbD0wrCI8kaItWajaE6DtgAXRxlv1YrKiJ6RlnSNKAogVm7jWmQ7+AySLA9Tg9,14.450441,36.006539000000004,23.479753
288900,a0kbD0wrCI8kaItWajaE6DtgAXRxlv1YrKiJ6RlnSNKAogVm7jWmQ7+AySLA9Tg9,14.685847,37.418704,23.424741
289200,a0kbD0wrCI8kaItWajaE6DtgAXRxlv1YrKiJ6RlnSNKAogVm7jWmQ7+AySLA9Tg9,17.048098,39.674477,25.643511
289500,a0kbD0wrCI8kaItWajaE6DtgAXRxlv1YrKiJ6RlnSNKAogVm7jWmQ7+AySLA9Tg9,12.701260000000001,37.805819,23.779566
289800,a0kbD0wrCI8kaItWajaE6DtgAXRxlv1YrKiJ6RlnSNKAogVm7jWmQ7+AySLA9Tg9,15.802223999999999,32.105613,21.222296
290100,a0kbD0wrCI8kaItWajaE6DtgAXRxlv1YrKiJ6RlnSNKAogVm7jWmQ7+AySLA9Tg9,4.231101,36.15765,23.609485999999997
290400,a0kbD0wrCI8kaItWajaE6DtgAXRxlv1YrKiJ6RlnSNKAogVm7jWmQ7+AySLA9Tg9,18.274991,37.579936,26.508056
290700,a0kbD0wrCI8kaItWajaE6DtgAXRxlv1YrKiJ6RlnSNKAogVm7jWmQ7+AySLA9Tg9,15.057785999999998,34.441595,22.485375
291000,a0kbD0wrCI8kaItWajaE6DtgAXRxlv1YrKiJ6RlnSNKAogVm7jWmQ7+AySLA9Tg9,18.492321,39.672838,27.642721999999996
291300,a0kbD0wrCI8kaItWajaE6DtgAXRxlv1YrKiJ6RlnSNKAogVm7jWmQ7+AySLA9Tg9,7.935571,38.354597999999996,23.357313
291600,a0kbD0wrCI8kaItWajaE6DtgAXRxlv1YrKiJ6RlnSNKAogVm7jWmQ7+AySLA9Tg9,8.729308,29.808901000000002,19.768169
291900,a0kbD0wrCI8kaItWajaE6DtgAXRxlv1YrKiJ6RlnSNKAogVm7jWmQ7+AySLA9Tg9,16.053066,30.96053,22.165208
292200,a0kbD0wrCI8kaItWajaE6DtgAXRxlv1YrKiJ6RlnSNKAogVm7jWmQ7+AySLA9Tg9,16.271256,38.858967,24.654161
292500,a0kbD0wrCI8kaItWajaE6DtgAXRxlv1YrKiJ6RlnSNKAogVm7jWmQ7+AySLA9Tg9,12.630796,31.713234000000003,21.164667
292800,a0kbD0wrCI8kaItWajaE6DtgAXRxlv1YrKiJ6RlnSNKAogVm7jWmQ7+AySLA9Tg9,0.509839,25.367673999999997,17.71642
293100,a0kbD0wrCI8kaItWajaE6DtgAXRxlv1YrKiJ6RlnSNKAogVm7jWmQ7+AySLA9Tg9,16.318277,38.311788,23.568271
293400,a0kbD0wrCI8kaItWajaE6DtgAXRxlv1YrKiJ6RlnSNKAogVm7jWmQ7+AySLA9Tg9,7.916003,32.056996000000005,21.399411999999998
293700,a0kbD0wrCI8kaItWajaE6DtgAXRxlv1YrKiJ6RlnSNKAogVm7jWmQ7+AySLA9Tg9,14.650719,33.821487,21.876324
294000,a0kbD0wrCI8kaItWajaE6DtgAXRxlv1YrKiJ6RlnSNKAogVm7jWmQ7+AySLA9Tg9,15.773074,37.333289,24.194825
294300,a0kbD0wrCI8kaItWajaE6DtgAXRxlv1YrKiJ6RlnSNKAogVm7jWmQ7+AySLA9Tg9,14.959967,42.589605999999996,23.73294
294600,a0kbD0wrCI8kaItWajaE6DtgAXRxlv1YrKiJ6RlnSNKAogVm7jWmQ7+AySLA9Tg9,14.5054,30.979885999999997,22.040687
294900,a0kbD0wrCI8kaItWajaE6DtgAXRxlv1YrKiJ6RlnSNKAogVm7jWmQ7+AySLA9Tg9,8.999248,33.507442,22.34827
295200,a0kbD0wrCI8kaItWajaE6DtgAXRxlv1YrKiJ6RlnSNKAogVm7jWmQ7+AySLA9Tg9,16.856501,29.134401,21.806538
295500,a0kbD0wrCI8kaItWajaE6DtgAXRxlv1YrKiJ6RlnSNKAogVm7jWmQ7+AySLA9Tg9,3.57438,31.461640000000003,20.501227
295800,a0kbD0wrCI8kaItWajaE6DtgAXRxlv1YrKiJ6RlnSNKAogVm7jWmQ7+AySLA9Tg9,11.892742,35.962656,23.317674
296100,a0kbD0wrCI8kaItWajaE6DtgAXRxlv1YrKiJ6RlnSNKAogVm7jWmQ7+AySLA9Tg9,14.353414,33.547992,21.652653
296400,a0kbD0wrCI8kaItWajaE6DtgAXRxlv1YrKiJ6RlnSNKAogVm7jWmQ7+AySLA9Tg9,16.919014,37.158518,25.744562
296700,a0kbD0wrCI8kaItWajaE6DtgAXRxlv1YrKiJ6RlnSNKAogVm7jWmQ7+AySLA9Tg9,2.913523,32.490117,21.04566
297000,a0kbD0wrCI8kaItWajaE6DtgAXRxlv1YrKiJ6RlnSNKAogVm7jWmQ7+AySLA9Tg9,13.825585,43.259297,25.098956
297300,a0kbD0wrCI8kaItWajaE6DtgAXRxlv1YrKiJ6RlnSNKAogVm7jWmQ7+AySLA9Tg9,5.90388,26.702951000000002,15.160886999999999
297600,a0kbD0wrCI8kaItWajaE6DtgAXRxlv1YrKiJ6RlnSNKAogVm7jWmQ7+AySLA9Tg9,9.285048,62.056419999999996,26.625558
297900,a0kbD0wrCI8kaItWajaE6DtgAXRxlv1YrKiJ6RlnSNKAogVm7jWmQ7+AySLA9Tg9,16.926656,32.357147999999995,22.863097
298200,a0kbD0wrCI8kaItWajaE6DtgAXRxlv1YrKiJ6RlnSNKAogVm7jWmQ7+AySLA9Tg9,6.090478,35.294994,22.146889
298500,a0kbD0wrCI8kaItWajaE6DtgAXRxlv1YrKiJ6RlnSNKAogVm7jWmQ7+AySLA9Tg9,8.779722,24.291351000000002,16.601264999999998
298800,a0kbD0wrCI8kaItWajaE6DtgAXRxlv1YrKiJ6RlnSNKAogVm7jWmQ7+AySLA9Tg9,2.347167,55.310168999999995,22.660193
299100,a0kbD0wrCI8kaItWajaE6DtgAXRxlv1YrKiJ6RlnSNKAogVm7jWmQ7+AySLA9Tg9,13.297132000000001,32.40201,22.797504
299400,a0kbD0wrCI8kaItWajaE6DtgAXRxlv1YrKiJ6RlnSNKAogVm7jWmQ7+AySLA9Tg9,11.118812,36.129807,19.497515
299700,a0kbD0wrCI8kaItWajaE6DtgAXRxlv1YrKiJ6RlnSNKAogVm7jWmQ7+AySLA9Tg9,11.800192,37.535647,19.883989
300000,a0kbD0wrCI8kaItWajaE6DtgAXRxlv1YrKiJ6RlnSNKAogVm7jWmQ7+AySLA9Tg9,12.305906,27.288631,19.44878
300300,a0kbD0wrCI8kaItWajaE6DtgAXRxlv1YrKiJ6RlnSNKAogVm7jWmQ7+AySLA9Tg9,6.6772860000000005,22.131482000000002,17.474107
300600,a0kbD0wrCI8kaItWajaE6DtgAXRxlv1YrKiJ6RlnSNKAogVm7jWmQ7+AySLA9Tg9,11.788359,42.362778000000006,22.650385
300900,a0kbD0wrCI8kaItWajaE6DtgAXRxlv1YrKiJ6RlnSNKAogVm7jWmQ7+AySLA9Tg9,0.6433270000000001,32.707891,16.600072
301200,a0kbD0wrCI8kaItWajaE6DtgAXRxlv1YrKiJ6RlnSNKAogVm7jWmQ7+AySLA9Tg9,9.637463,25.910172,17.018175
301500,a0kbD0wrCI8kaItWajaE6DtgAXRxlv1YrKiJ6RlnSNKAogVm7jWmQ7+AySLA9Tg9,8.275715,43.603094,19.336903
301800,a0kbD0wrCI8kaItWajaE6DtgAXRxlv1YrKiJ6RlnSNKAogVm7jWmQ7+AySLA9Tg9,13.04429,28.02117,19.369239999999998
302100,a0kbD0wrCI8kaItWajaE6DtgAXRxlv1YrKiJ6RlnSNKAogVm7jWmQ7+AySLA9Tg9,6.847751,33.491868,15.020303
302400,a0kbD0wrCI8kaItWajaE6DtgAXRxlv1YrKiJ6RlnSNKAogVm7jWmQ7+AySLA9Tg9,8.27464,30.224583000000003,18.195946
302700,a0kbD0wrCI8kaItWajaE6DtgAXRxlv1YrKiJ6RlnSNKAogVm7jWmQ7+AySLA9Tg9,12.11993,29.227862,20.566945999999998
303000,a0kbD0wrCI8kaItWajaE6DtgAXRxlv1YrKiJ6RlnSNKAogVm7jWmQ7+AySLA9Tg9,1.6769900000000002,31.340590999999996,15.069184
303300,a0kbD0wrCI8kaItWajaE6DtgAXRxlv1YrKiJ6RlnSNKAogVm7jWmQ7+AySLA9Tg9,8.070621000000001,23.545531,14.295760000000001
303600,a0kbD0wrCI8kaItWajaE6DtgAXRxlv1YrKiJ6RlnSNKAogVm7jWmQ7+AySLA9Tg9,4.183072,59.90274399999999,22.405475
303900,a0kbD0wrCI8kaItWajaE6DtgAXRxlv1YrKiJ6RlnSNKAogVm7jWmQ7+AySLA9Tg9,10.428646,27.192671,16.740582999999997
304200,a0kbD0wrCI8kaItWajaE6DtgAXRxlv1YrKiJ6RlnSNKAogVm7jWmQ7+AySLA9Tg9,9.750212,30.522707,18.976842
304500,a0kbD0wrCI8kaItWajaE6DtgAXRxlv1YrKiJ6RlnSNKAogVm7jWmQ7+AySLA9Tg9,14.88067,46.550214000000004,25.578039999999998
304800,a0kbD0wrCI8kaItWajaE6DtgAXRxlv1YrKiJ6RlnSNKAogVm7jWmQ7+AySLA9Tg9,12.797152,82.77634599999999,25.314096
305100,a0kbD0wrCI8kaItWajaE6DtgAXRxlv1YrKiJ6RlnSNKAogVm7jWmQ7+AySLA9Tg9,8.706093,44.623222999999996,20.324838
305400,a0kbD0wrCI8kaItWajaE6DtgAXRxlv1YrKiJ6RlnSNKAogVm7jWmQ7+AySLA9Tg9,8.869788,48.595115,22.797288
305700,a0kbD0wrCI8kaItWajaE6DtgAXRxlv1YrKiJ6RlnSNKAogVm7jWmQ7+AySLA9Tg9,6.407187,34.20062,17.180234
306000,a0kbD0wrCI8kaItWajaE6DtgAXRxlv1YrKiJ6RlnSNKAogVm7jWmQ7+AySLA9Tg9,7.0583089999999995,29.633245000000002,16.998013
306300,a0kbD0wrCI8kaItWajaE6DtgAXRxlv1YrKiJ6RlnSNKAogVm7jWmQ7+AySLA9Tg9,10.318161,47.584255999999996,21.544885999999998
306600,a0kbD0wrCI8kaItWajaE6DtgAXRxlv1YrKiJ6RlnSNKAogVm7jWmQ7+AySLA9Tg9,9.186277,22.970796,15.666770000000001
306900,a0kbD0wrCI8kaItWajaE6DtgAXRxlv1YrKiJ6RlnSNKAogVm7jWmQ7+AySLA9Tg9,5.829662,33.753934,16.323774
307200,a0kbD0wrCI8kaItWajaE6DtgAXRxlv1YrKiJ6RlnSNKAogVm7jWmQ7+AySLA9Tg9,8.330396,40.010889,18.808803
307500,a0kbD0wrCI8kaItWajaE6DtgAXRxlv1YrKiJ6RlnSNKAogVm7jWmQ7+AySLA9Tg9,2.567806,32.446778,14.23196
307800,a0kbD0wrCI8kaItWajaE6DtgAXRxlv1YrKiJ6RlnSNKAogVm7jWmQ7+AySLA9Tg9,9.317902,44.207425,15.93707
308100,a0kbD0wrCI8kaItWajaE6DtgAXRxlv1YrKiJ6RlnSNKAogVm7jWmQ7+AySLA9Tg9,5.816536,43.873909000000005,17.042610999999997
308400,a0kbD0wrCI8kaItWajaE6DtgAXRxlv1YrKiJ6RlnSNKAogVm7jWmQ7+AySLA9Tg9,0.957311,26.312138,12.378138
308700,a0kbD0wrCI8kaItWajaE6DtgAXRxlv1YrKiJ6RlnSNKAogVm7jWmQ7+AySLA9Tg9,6.309044999999999,24.001181,11.714162
309000,a0kbD0wrCI8kaItWajaE6DtgAXRxlv1YrKiJ6RlnSNKAogVm7jWmQ7+AySLA9Tg9,5.4834190000000005,33.954861,14.528876
309300,a0kbD0wrCI8kaItWajaE6DtgAXRxlv1YrKiJ6RlnSNKAogVm7jWmQ7+AySLA9Tg9,4.932582,18.657768,10.846813000000001
309600,a0kbD0wrCI8kaItWajaE6DtgAXRxlv1YrKiJ6RlnSNKAogVm7jWmQ7+AySLA9Tg9,5.6809,25.312894,12.447916000000001
309900,a0kbD0wrCI8kaItWajaE6DtgAXRxlv1YrKiJ6RlnSNKAogVm7jWmQ7+AySLA9Tg9,3.816246,22.840770000000003,10.895391
310200,a0kbD0wrCI8kaItWajaE6DtgAXRxlv1YrKiJ6RlnSNKAogVm7jWmQ7+AySLA9Tg9,0.592183,17.073238,8.854498
310500,a0kbD0wrCI8kaItWajaE6DtgAXRxlv1YrKiJ6RlnSNKAogVm7jWmQ7+AySLA9Tg9,8.026867999999999,23.038026000000002,12.485928
310800,a0kbD0wrCI8kaItWajaE6DtgAXRxlv1YrKiJ6RlnSNKAogVm7jWmQ7+AySLA9Tg9,5.2215739999999995,25.519485,13.339001999999999
311100,a0kbD0wrCI8kaItWajaE6DtgAXRxlv1YrKiJ6RlnSNKAogVm7jWmQ7+AySLA9Tg9,4.860099,21.485663,10.467116
311400,a0kbD0wrCI8kaItWajaE6DtgAXRxlv1YrKiJ6RlnSNKAogVm7jWmQ7+AySLA9Tg9,4.186478,19.60325,9.572851
311700,a0kbD0wrCI8kaItWajaE6DtgAXRxlv1YrKiJ6RlnSNKAogVm7jWmQ7+AySLA9Tg9,4.288594,40.042789,13.571446
312000,a0kbD0wrCI8kaItWajaE6DtgAXRxlv1YrKiJ6RlnSNKAogVm7jWmQ7+AySLA9Tg9,6.543139,21.408715,12.228131
312300,a0kbD0wrCI8kaItWajaE6DtgAXRxlv1YrKiJ6RlnSNKAogVm7jWmQ7+AySLA9Tg9,4.625087000000001,28.293834000000004,10.847512
312600,a0kbD0wrCI8kaItWajaE6DtgAXRxlv1YrKiJ6RlnSNKAogVm7jWmQ7+AySLA9Tg9,5.490542,16.575157,10.71537
312900,a0kbD0wrCI8kaItWajaE6DtgAXRxlv1YrKiJ6RlnSNKAogVm7jWmQ7+AySLA9Tg9,3.005641,21.450948999999998,11.878027000000001
313200,a0kbD0wrCI8kaItWajaE6DtgAXRxlv1YrKiJ6RlnSNKAogVm7jWmQ7+AySLA9Tg9,2.411554,18.366064,7.370559
313500,a0kbD0wrCI8kaItWajaE6DtgAXRxlv1YrKiJ6RlnSNKAogVm7jWmQ7+AySLA9Tg9,3.469933,19.722426000000002,8.677153
313800,a0kbD0wrCI8kaItWajaE6DtgAXRxlv1YrKiJ6RlnSNKAogVm7jWmQ7+AySLA9Tg9,2.158458,15.490728,7.203867
314100,a0kbD0wrCI8kaItWajaE6DtgAXRxlv1YrKiJ6RlnSNKAogVm7jWmQ7+AySLA9Tg9,4.115743,15.399497,7.584347
314400,a0kbD0wrCI8kaItWajaE6DtgAXRxlv1YrKiJ6RlnSNKAogVm7jWmQ7+AySLA9Tg9,1.748075,13.372029999999999,7.242833999999999
314700,a0kbD0wrCI8kaItWajaE6DtgAXRxlv1YrKiJ6RlnSNKAogVm7jWmQ7+AySLA9Tg9,7.453110000000001,22.871192999999998,12.104387
315000,a0kbD0wrCI8kaItWajaE6DtgAXRxlv1YrKiJ6RlnSNKAogVm7jWmQ7+AySLA9Tg9,3.964778,15.103357999999998,7.264348
315300,a0kbD0wrCI8kaItWajaE6DtgAXRxlv1YrKiJ6RlnSNKAogVm7jWmQ7+AySLA9Tg9,3.8055260000000004,17.439269,7.713868
315600,a0kbD0wrCI8kaItWajaE6DtgAXRxlv1YrKiJ6RlnSNKAogVm7jWmQ7+AySLA9Tg9,1.540107,18.908711,7.998714
315900,a0kbD0wrCI8kaItWajaE6DtgAXRxlv1YrKiJ6RlnSNKAogVm7jWmQ7+AySLA9Tg9,0.822225,17.686001,7.487366000000001
316200,a0kbD0wrCI8kaItWajaE6DtgAXRxlv1YrKiJ6RlnSNKAogVm7jWmQ7+AySLA9Tg9,4.2393,19.913458,7.7647710000000005
316500,a0kbD0wrCI8kaItWajaE6DtgAXRxlv1YrKiJ6RlnSNKAogVm7jWmQ7+AySLA9Tg9,1.209009,18.634994,7.981176
316800,a0kbD0wrCI8kaItWajaE6DtgAXRxlv1YrKiJ6RlnSNKAogVm7jWmQ7+AySLA9Tg9,1.262764,10.971964,5.386792
317100,a0kbD0wrCI8kaItWajaE6DtgAXRxlv1YrKiJ6RlnSNKAogVm7jWmQ7+AySLA9Tg9,1.112268,12.286996,5.900251
317400,a0kbD0wrCI8kaItWajaE6DtgAXRxlv1YrKiJ6RlnSNKAogVm7jWmQ7+AySLA9Tg9,4.547907,16.952579999999998,8.460383
317700,a0kbD0wrCI8kaItWajaE6DtgAXRxlv1YrKiJ6RlnSNKAogVm7jWmQ7+AySLA9Tg9,3.8399,11.876510000000001,7.003417999999999
318000,a0kbD0wrCI8kaItWajaE6DtgAXRxlv1YrKiJ6RlnSNKAogVm7jWmQ7+AySLA9Tg9,3.105073,18.653551999999998,8.248811
318300,a0kbD0wrCI8kaItWajaE6DtgAXRxlv1YrKiJ6RlnSNKAogVm7jWmQ7+AySLA9Tg9,1.700647,18.072632000000002,6.821625999999999
318600,a0kbD0wrCI8kaItWajaE6DtgAXRxlv1YrKiJ6RlnSNKAogVm7jWmQ7+AySLA9Tg9,3.1469080000000003,12.004052,6.491164
318900,a0kbD0wrCI8kaItWajaE6DtgAXRxlv1YrKiJ6RlnSNKAogVm7jWmQ7+AySLA9Tg9,2.840832,21.192608,8.401843
319200,a0kbD0wrCI8kaItWajaE6DtgAXRxlv1YrKiJ6RlnSNKAogVm7jWmQ7+AySLA9Tg9,1.904125,14.212647,6.1659440000000005
319500,a0kbD0wrCI8kaItWajaE6DtgAXRxlv1YrKiJ6RlnSNKAogVm7jWmQ7+AySLA9Tg9,3.1889369999999997,10.051300999999999,6.3426480000000005
319800,a0kbD0wrCI8kaItWajaE6DtgAXRxlv1YrKiJ6RlnSNKAogVm7jWmQ7+AySLA9Tg9,4.926819999999999,32.120435,12.979657000000001
320100,a0kbD0wrCI8kaItWajaE6DtgAXRxlv1YrKiJ6RlnSNKAogVm7jWmQ7+AySLA9Tg9,3.7029660000000004,24.455102,9.0384
320400,a0kbD0wrCI8kaItWajaE6DtgAXRxlv1YrKiJ6RlnSNKAogVm7jWmQ7+AySLA9Tg9,0.883444,21.395979999999998,9.204421
320700,a0kbD0wrCI8kaItWajaE6DtgAXRxlv1YrKiJ6RlnSNKAogVm7jWmQ7+AySLA9Tg9,5.9882800000000005,25.984756,14.189223000000002
321000,a0kbD0wrCI8kaItWajaE6DtgAXRxlv1YrKiJ6RlnSNKAogVm7jWmQ7+AySLA9Tg9,1.1911610000000001,12.965860000000001,8.214509
321300,a0kbD0wrCI8kaItWajaE6DtgAXRxlv1YrKiJ6RlnSNKAogVm7jWmQ7+AySLA9Tg9,3.885304,13.823992,9.056051
321600,a0kbD0wrCI8kaItWajaE6DtgAXRxlv1YrKiJ6RlnSNKAogVm7jWmQ7+AySLA9Tg9,3.442939,16.256307,7.4109300000000005
321900,a0kbD0wrCI8kaItWajaE6DtgAXRxlv1YrKiJ6RlnSNKAogVm7jWmQ7+AySLA9Tg9,3.3676559999999998,14.332861,7.390285
322200,a0kbD0wrCI8kaItWajaE6DtgAXRxlv1YrKiJ6RlnSNKAogVm7jWmQ7+AySLA9Tg9,2.728535,13.136803,6.396483
322500,a0kbD0wrCI8kaItWajaE6DtgAXRxlv1YrKiJ6RlnSNKAogVm7jWmQ7+AySLA9Tg9,3.9027220000000002,12.562089,7.640378999999999
322800,a0kbD0wrCI8kaItWajaE6DtgAXRxlv1YrKiJ6RlnSNKAogVm7jWmQ7+AySLA9Tg9,3.5713690000000002,14.148776000000002,6.7038199999999994
323100,a0kbD0wrCI8kaItWajaE6DtgAXRxlv1YrKiJ6RlnSNKAogVm7jWmQ7+AySLA9Tg9,3.830799,21.972274,7.931197
323400,a0kbD0wrCI8kaItWajaE6DtgAXRxlv1YrKiJ6RlnSNKAogVm7jWmQ7+AySLA9Tg9,4.635866,12.698696,8.093235
323700,a0kbD0wrCI8kaItWajaE6DtgAXRxlv1YrKiJ6RlnSNKAogVm7jWmQ7+AySLA9Tg9,3.6325480000000003,24.958725,8.839814
324000,a0kbD0wrCI8kaItWajaE6DtgAXRxlv1YrKiJ6RlnSNKAogVm7jWmQ7+AySLA9Tg9,4.670108,17.612973,8.510558999999999
324300,a0kbD0wrCI8kaItWajaE6DtgAXRxlv1YrKiJ6RlnSNKAogVm7jWmQ7+AySLA9Tg9,4.807338,22.509769,10.496533
324600,a0kbD0wrCI8kaItWajaE6DtgAXRxlv1YrKiJ6RlnSNKAogVm7jWmQ7+AySLA9Tg9,6.251938,25.113129999999998,11.561859
324900,a0kbD0wrCI8kaItWajaE6DtgAXRxlv1YrKiJ6RlnSNKAogVm7jWmQ7+AySLA9Tg9,4.529232,10.083963,6.839154
325200,a0kbD0wrCI8kaItWajaE6DtgAXRxlv1YrKiJ6RlnSNKAogVm7jWmQ7+AySLA9Tg9,2.6255439999999997,14.917459,7.4058
325500,a0kbD0wrCI8kaItWajaE6DtgAXRxlv1YrKiJ6RlnSNKAogVm7jWmQ7+AySLA9Tg9,4.255548999999999,17.18381,8.777724000000001
325800,a0kbD0wrCI8kaItWajaE6DtgAXRxlv1YrKiJ6RlnSNKAogVm7jWmQ7+AySLA9Tg9,1.814323,10.985416,7.010032000000001
326100,a0kbD0wrCI8kaItWajaE6DtgAXRxlv1YrKiJ6RlnSNKAogVm7jWmQ7+AySLA9Tg9,4.750374,14.284953,7.887536
326400,a0kbD0wrCI8kaItWajaE6DtgAXRxlv1YrKiJ6RlnSNKAogVm7jWmQ7+AySLA9Tg9,4.798098,18.589045000000002,10.148568
326700,a0kbD0wrCI8kaItWajaE6DtgAXRxlv1YrKiJ6RlnSNKAogVm7jWmQ7+AySLA9Tg9,3.574012,12.02781,6.9763850000000005
327000,a0kbD0wrCI8kaItWajaE6DtgAXRxlv1YrKiJ6RlnSNKAogVm7jWmQ7+AySLA9Tg9,6.642083,18.197104,10.150400999999999
327300,a0kbD0wrCI8kaItWajaE6DtgAXRxlv1YrKiJ6RlnSNKAogVm7jWmQ7+AySLA9Tg9,4.6471,22.232428,11.50336
327600,a0kbD0wrCI8kaItWajaE6DtgAXRxlv1YrKiJ6RlnSNKAogVm7jWmQ7+AySLA9Tg9,3.1765950000000003,14.510078,8.024372999999999
327900,a0kbD0wrCI8kaItWajaE6DtgAXRxlv1YrKiJ6RlnSNKAogVm7jWmQ7+AySLA9Tg9,4.243461,16.005442000000002,9.737458
328200,a0kbD0wrCI8kaItWajaE6DtgAXRxlv1YrKiJ6RlnSNKAogVm7jWmQ7+AySLA9Tg9,7.435164,21.139336,11.770222
328500,a0kbD0wrCI8kaItWajaE6DtgAXRxlv1YrKiJ6RlnSNKAogVm7jWmQ7+AySLA9Tg9,0.66235,15.232163,8.531955
328800,a0kbD0wrCI8kaItWajaE6DtgAXRxlv1YrKiJ6RlnSNKAogVm7jWmQ7+AySLA9Tg9,3.349241,14.475033999999999,8.936809
329100,a0kbD0wrCI8kaItWajaE6DtgAXRxlv1YrKiJ6RlnSNKAogVm7jWmQ7+AySLA9Tg9,3.534422,12.152550999999999,7.763831
329400,a0kbD0wrCI8kaItWajaE6DtgAXRxlv1YrKiJ6RlnSNKAogVm7jWmQ7+AySLA9Tg9,4.511699,36.479198,11.714922
329700,a0kbD0wrCI8kaItWajaE6DtgAXRxlv1YrKiJ6RlnSNKAogVm7jWmQ7+AySLA9Tg9,6.998794999999999,19.632649,12.194306
330000,a0kbD0wrCI8kaItWajaE6DtgAXRxlv1YrKiJ6RlnSNKAogVm7jWmQ7+AySLA9Tg9,4.256828,19.12261,11.807266
330300,a0kbD0wrCI8kaItWajaE6DtgAXRxlv1YrKiJ6RlnSNKAogVm7jWmQ7+AySLA9Tg9,4.670163,18.931448,9.929527
330600,a0kbD0wrCI8kaItWajaE6DtgAXRxlv1YrKiJ6RlnSNKAogVm7jWmQ7+AySLA9Tg9,0.9730049999999999,15.184389999999999,9.036933
330900,a0kbD0wrCI8kaItWajaE6DtgAXRxlv1YrKiJ6RlnSNKAogVm7jWmQ7+AySLA9Tg9,3.6191419999999996,17.043851,9.657473
331200,a0kbD0wrCI8kaItWajaE6DtgAXRxlv1YrKiJ6RlnSNKAogVm7jWmQ7+AySLA9Tg9,2.793955,17.374311,7.984992
331500,a0kbD0wrCI8kaItWajaE6DtgAXRxlv1YrKiJ6RlnSNKAogVm7jWmQ7+AySLA9Tg9,4.898519,14.413598,9.916599
331800,a0kbD0wrCI8kaItWajaE6DtgAXRxlv1YrKiJ6RlnSNKAogVm7jWmQ7+AySLA9Tg9,7.594550999999999,38.041959999999996,13.166926
332100,a0kbD0wrCI8kaItWajaE6DtgAXRxlv1YrKiJ6RlnSNKAogVm7jWmQ7+AySLA9Tg9,5.180619999999999,16.566337,9.769507
332400,a0kbD0wrCI8kaItWajaE6DtgAXRxlv1YrKiJ6RlnSNKAogVm7jWmQ7+AySLA9Tg9,8.738877,23.051192,13.481976999999999
332700,a0kbD0wrCI8kaItWajaE6DtgAXRxlv1YrKiJ6RlnSNKAogVm7jWmQ7+AySLA9Tg9,4.353663,35.810765,14.269629
333000,a0kbD0wrCI8kaItWajaE6DtgAXRxlv1YrKiJ6RlnSNKAogVm7jWmQ7+AySLA9Tg9,6.352341,20.287038,12.321014
333300,a0kbD0wrCI8kaItWajaE6DtgAXRxlv1YrKiJ6RlnSNKAogVm7jWmQ7+AySLA9Tg9,4.234411,18.722839999999998,9.547033
333600,a0kbD0wrCI8kaItWajaE6DtgAXRxlv1YrKiJ6RlnSNKAogVm7jWmQ7+AySLA9Tg9,4.183402,19.227482000000002,9.750755
333900,a0kbD0wrCI8kaItWajaE6DtgAXRxlv1YrKiJ6RlnSNKAogVm7jWmQ7+AySLA9Tg9,0.682682,18.888788,10.974435
334200,a0kbD0wrCI8kaItWajaE6DtgAXRxlv1YrKiJ6RlnSNKAogVm7jWmQ7+AySLA9Tg9,4.557957,20.134069,11.655875
334500,a0kbD0wrCI8kaItWajaE6DtgAXRxlv1YrKiJ6RlnSNKAogVm7jWmQ7+AySLA9Tg9,2.520413,23.316147,10.819972
334800,a0kbD0wrCI8kaItWajaE6DtgAXRxlv1YrKiJ6RlnSNKAogVm7jWmQ7+AySLA9Tg9,1.483288,15.605226000000002,7.935532000000001
335100,a0kbD0wrCI8kaItWajaE6DtgAXRxlv1YrKiJ6RlnSNKAogVm7jWmQ7+AySLA9Tg9,3.88766,21.502249,11.071747
335400,a0kbD0wrCI8kaItWajaE6DtgAXRxlv1YrKiJ6RlnSNKAogVm7jWmQ7+AySLA9Tg9,6.711602,24.348478,11.361927
335700,a0kbD0wrCI8kaItWajaE6DtgAXRxlv1YrKiJ6RlnSNKAogVm7jWmQ7+AySLA9Tg9,6.792750999999999,20.796576,10.975091
336000,a0kbD0wrCI8kaItWajaE6DtgAXRxlv1YrKiJ6RlnSNKAogVm7jWmQ7+AySLA9Tg9,2.912347,16.311375,9.051252999999999
336300,a0kbD0wrCI8kaItWajaE6DtgAXRxlv1YrKiJ6RlnSNKAogVm7jWmQ7+AySLA9Tg9,5.246512999999999,19.645672,10.726921
336600,a0kbD0wrCI8kaItWajaE6DtgAXRxlv1YrKiJ6RlnSNKAogVm7jWmQ7+AySLA9Tg9,4.622257,27.365071,13.353204000000002
336900,a0kbD0wrCI8kaItWajaE6DtgAXRxlv1YrKiJ6RlnSNKAogVm7jWmQ7+AySLA9Tg9,4.592765,21.192726,10.247060000000001
337200,a0kbD0wrCI8kaItWajaE6DtgAXRxlv1YrKiJ6RlnSNKAogVm7jWmQ7+AySLA9Tg9,2.3751290000000003,23.008709,13.397103
337500,a0kbD0wrCI8kaItWajaE6DtgAXRxlv1YrKiJ6RlnSNKAogVm7jWmQ7+AySLA9Tg9,5.011119,19.541857999999998,12.151598
337800,a0kbD0wrCI8kaItWajaE6DtgAXRxlv1YrKiJ6RlnSNKAogVm7jWmQ7+AySLA9Tg9,5.0957099999999995,17.869553,11.193764999999999
338100,a0kbD0wrCI8kaItWajaE6DtgAXRxlv1YrKiJ6RlnSNKAogVm7jWmQ7+AySLA9Tg9,5.46063,26.218697,13.223977
338400,a0kbD0wrCI8kaItWajaE6DtgAXRxlv1YrKiJ6RlnSNKAogVm7jWmQ7+AySLA9Tg9,8.133166000000001,21.770898000000003,13.487136999999999
338700,a0kbD0wrCI8kaItWajaE6DtgAXRxlv1YrKiJ6RlnSNKAogVm7jWmQ7+AySLA9Tg9,0.81888,16.716448,10.922303999999999
339000,a0kbD0wrCI8kaItWajaE6DtgAXRxlv1YrKiJ6RlnSNKAogVm7jWmQ7+AySLA9Tg9,5.371701,18.741484,12.515738
339300,a0kbD0wrCI8kaItWajaE6DtgAXRxlv1YrKiJ6RlnSNKAogVm7jWmQ7+AySLA9Tg9,1.071736,18.488894000000002,11.973065
339600,a0kbD0wrCI8kaItWajaE6DtgAXRxlv1YrKiJ6RlnSNKAogVm7jWmQ7+AySLA9Tg9,5.594942,21.373657,11.711819
339900,a0kbD0wrCI8kaItWajaE6DtgAXRxlv1YrKiJ6RlnSNKAogVm7jWmQ7+AySLA9Tg9,4.756704,24.295862,14.002266
340200,a0kbD0wrCI8kaItWajaE6DtgAXRxlv1YrKiJ6RlnSNKAogVm7jWmQ7+AySLA9Tg9,0.51705,20.217569,12.529603999999999
340500,a0kbD0wrCI8kaItWajaE6DtgAXRxlv1YrKiJ6RlnSNKAogVm7jWmQ7+AySLA9Tg9,7.4270000000000005,22.713483,12.305267
340800,a0kbD0wrCI8kaItWajaE6DtgAXRxlv1YrKiJ6RlnSNKAogVm7jWmQ7+AySLA9Tg9,7.4503449999999996,35.070809999999994,15.61
341100,a0kbD0wrCI8kaItWajaE6DtgAXRxlv1YrKiJ6RlnSNKAogVm7jWmQ7+AySLA9Tg9,8.660223,16.302826,12.759992
341400,a0kbD0wrCI8kaItWajaE6DtgAXRxlv1YrKiJ6RlnSNKAogVm7jWmQ7+AySLA9Tg9,7.76594,41.915795,14.396849
341700,a0kbD0wrCI8kaItWajaE6DtgAXRxlv1YrKiJ6RlnSNKAogVm7jWmQ7+AySLA9Tg9,8.728061,28.39542,15.918353
342000,a0kbD0wrCI8kaItWajaE6DtgAXRxlv1YrKiJ6RlnSNKAogVm7jWmQ7+AySLA9Tg9,5.681751,67.797066,14.827747
342300,a0kbD0wrCI8kaItWajaE6DtgAXRxlv1YrKiJ6RlnSNKAogVm7jWmQ7+AySLA9Tg9,5.524286,22.293019,9.834334
342600,a0kbD0wrCI8kaItWajaE6DtgAXRxlv1YrKiJ6RlnSNKAogVm7jWmQ7+AySLA9Tg9,1.7197900000000002,16.403761,10.024517
342900,a0kbD0wrCI8kaItWajaE6DtgAXRxlv1YrKiJ6RlnSNKAogVm7jWmQ7+AySLA9Tg9,5.122269999999999,22.764278,11.458682000000001
343200,a0kbD0wrCI8kaItWajaE6DtgAXRxlv1YrKiJ6RlnSNKAogVm7jWmQ7+AySLA9Tg9,6.148885,20.687652,11.189288000000001
343500,a0kbD0wrCI8kaItWajaE6DtgAXRxlv1YrKiJ6RlnSNKAogVm7jWmQ7+AySLA9Tg9,5.579381,19.693641,12.025241000000001
343800,a0kbD0wrCI8kaItWajaE6DtgAXRxlv1YrKiJ6RlnSNKAogVm7jWmQ7+AySLA9Tg9,7.799805999999999,19.433914,12.937953
344100,a0kbD0wrCI8kaItWajaE6DtgAXRxlv1YrKiJ6RlnSNKAogVm7jWmQ7+AySLA9Tg9,2.917664,16.313007,9.84976
344400,a0kbD0wrCI8kaItWajaE6DtgAXRxlv1YrKiJ6RlnSNKAogVm7jWmQ7+AySLA9Tg9,7.201661,18.919742000000003,11.538961
344700,a0kbD0wrCI8kaItWajaE6DtgAXRxlv1YrKiJ6RlnSNKAogVm7jWmQ7+AySLA9Tg9,6.33667,57.804458,13.947135000000001
345000,a0kbD0wrCI8kaItWajaE6DtgAXRxlv1YrKiJ6RlnSNKAogVm7jWmQ7+AySLA9Tg9,6.129253,18.231249,9.699863
345300,a0kbD0wrCI8kaItWajaE6DtgAXRxlv1YrKiJ6RlnSNKAogVm7jWmQ7+AySLA9Tg9,6.548525,24.912899,14.278804999999998
345600,a0kbD0wrCI8kaItWajaE6DtgAXRxlv1YrKiJ6RlnSNKAogVm7jWmQ7+AySLA9Tg9,6.368307,29.566549,13.354065
345900,a0kbD0wrCI8kaItWajaE6DtgAXRxlv1YrKiJ6RlnSNKAogVm7jWmQ7+AySLA9Tg9,6.01875,18.021527,10.994961
346200,a0kbD0wrCI8kaItWajaE6DtgAXRxlv1YrKiJ6RlnSNKAogVm7jWmQ7+AySLA9Tg9,1.615599,16.776848,11.801756
346500,a0kbD0wrCI8kaItWajaE6DtgAXRxlv1YrKiJ6RlnSNKAogVm7jWmQ7+AySLA9Tg9,9.09581,20.539209,13.548264999999999
346800,a0kbD0wrCI8kaItWajaE6DtgAXRxlv1YrKiJ6RlnSNKAogVm7jWmQ7+AySLA9Tg9,4.616147,22.425860999999998,13.678525
347100,a0kbD0wrCI8kaItWajaE6DtgAXRxlv1YrKiJ6RlnSNKAogVm7jWmQ7+AySLA9Tg9,5.720526,24.291657,14.300791
347400,a0kbD0wrCI8kaItWajaE6DtgAXRxlv1YrKiJ6RlnSNKAogVm7jWmQ7+AySLA9Tg9,5.0858360000000005,48.403897,16.198152
347700,a0kbD0wrCI8kaItWajaE6DtgAXRxlv1YrKiJ6RlnSNKAogVm7jWmQ7+AySLA9Tg9,5.602126999999999,20.743972,13.382709
348000,a0kbD0wrCI8kaItWajaE6DtgAXRxlv1YrKiJ6RlnSNKAogVm7jWmQ7+AySLA9Tg9,12.094316000000001,24.474118,18.231963
348300,a0kbD0wrCI8kaItWajaE6DtgAXRxlv1YrKiJ6RlnSNKAogVm7jWmQ7+AySLA9Tg9,2.556025,22.966439,14.150529999999998
348600,a0kbD0wrCI8kaItWajaE6DtgAXRxlv1YrKiJ6RlnSNKAogVm7jWmQ7+AySLA9Tg9,8.159817,20.333647,13.288141
348900,a0kbD0wrCI8kaItWajaE6DtgAXRxlv1YrKiJ6RlnSNKAogVm7jWmQ7+AySLA9Tg9,1.237215,31.623435999999998,14.654314999999999
349200,a0kbD0wrCI8kaItWajaE6DtgAXRxlv1YrKiJ6RlnSNKAogVm7jWmQ7+AySLA9Tg9,6.598938,23.97346,14.055717999999999
349500,a0kbD0wrCI8kaItWajaE6DtgAXRxlv1YrKiJ6RlnSNKAogVm7jWmQ7+AySLA9Tg9,0.618171,18.855379,11.866282
349800,a0kbD0wrCI8kaItWajaE6DtgAXRxlv1YrKiJ6RlnSNKAogVm7jWmQ7+AySLA9Tg9,5.007365,20.985287,12.750759
350100,a0kbD0wrCI8kaItWajaE6DtgAXRxlv1YrKiJ6RlnSNKAogVm7jWmQ7+AySLA9Tg9,10.702639999999999,66.586212,18.690279999999998
350400,a0kbD0wrCI8kaItWajaE6DtgAXRxlv1YrKiJ6RlnSNKAogVm7jWmQ7+AySLA9Tg9,10.892738,25.348045000000003,17.677249
350700,a0kbD0wrCI8kaItWajaE6DtgAXRxlv1YrKiJ6RlnSNKAogVm7jWmQ7+AySLA9Tg9,6.20999,28.108455,12.240697
351000,a0kbD0wrCI8kaItWajaE6DtgAXRxlv1YrKiJ6RlnSNKAogVm7jWmQ7+AySLA9Tg9,2.505498,22.819916,14.236267999999999
351300,a0kbD0wrCI8kaItWajaE6DtgAXRxlv1YrKiJ6RlnSNKAogVm7jWmQ7+AySLA9Tg9,7.2475190000000005,18.654608,11.513407
351600,a0kbD0wrCI8kaItWajaE6DtgAXRxlv1YrKiJ6RlnSNKAogVm7jWmQ7+AySLA9Tg9,7.660578999999999,30.465663,13.35875
351900,a0kbD0wrCI8kaItWajaE6DtgAXRxlv1YrKiJ6RlnSNKAogVm7jWmQ7+AySLA9Tg9,7.995872,22.444005999999998,13.133101000000002
352200,a0kbD0wrCI8kaItWajaE6DtgAXRxlv1YrKiJ6RlnSNKAogVm7jWmQ7+AySLA9Tg9,0.799099,49.805825,12.629838000000001
352500,a0kbD0wrCI8kaItWajaE6DtgAXRxlv1YrKiJ6RlnSNKAogVm7jWmQ7+AySLA9Tg9,7.167671,26.542063,16.360196
352800,a0kbD0wrCI8kaItWajaE6DtgAXRxlv1YrKiJ6RlnSNKAogVm7jWmQ7+AySLA9Tg9,4.445701000000001,79.461641,17.682146
353100,a0kbD0wrCI8kaItWajaE6DtgAXRxlv1YrKiJ6RlnSNKAogVm7jWmQ7+AySLA9Tg9,9.712484,29.737894,16.721287
353400,a0kbD0wrCI8kaItWajaE6DtgAXRxlv1YrKiJ6RlnSNKAogVm7jWmQ7+AySLA9Tg9,7.460976,55.352453000000004,16.925659
353700,a0kbD0wrCI8kaItWajaE6DtgAXRxlv1YrKiJ6RlnSNKAogVm7jWmQ7+AySLA9Tg9,14.471776,31.136840000000003,20.679988
354000,a0kbD0wrCI8kaItWajaE6DtgAXRxlv1YrKiJ6RlnSNKAogVm7jWmQ7+AySLA9Tg9,7.8207070000000005,21.497323,14.746410999999998
354300,a0kbD0wrCI8kaItWajaE6DtgAXRxlv1YrKiJ6RlnSNKAogVm7jWmQ7+AySLA9Tg9,12.607442,57.544109999999996,32.9406
354600,a0kbD0wrCI8kaItWajaE6DtgAXRxlv1YrKiJ6RlnSNKAogVm7jWmQ7+AySLA9Tg9,7.694777,28.781454999999998,17.081070999999998
354900,a0kbD0wrCI8kaItWajaE6DtgAXRxlv1YrKiJ6RlnSNKAogVm7jWmQ7+AySLA9Tg9,2.086257,25.516114,13.957179
355200,a0kbD0wrCI8kaItWajaE6DtgAXRxlv1YrKiJ6RlnSNKAogVm7jWmQ7+AySLA9Tg9,7.509683,21.111324,13.534359
355500,a0kbD0wrCI8kaItWajaE6DtgAXRxlv1YrKiJ6RlnSNKAogVm7jWmQ7+AySLA9Tg9,9.81969,45.011321,16.528046
355800,a0kbD0wrCI8kaItWajaE6DtgAXRxlv1YrKiJ6RlnSNKAogVm7jWmQ7+AySLA9Tg9,8.698986999999999,19.756303,14.481653
356100,a0kbD0wrCI8kaItWajaE6DtgAXRxlv1YrKiJ6RlnSNKAogVm7jWmQ7+AySLA9Tg9,6.741678,30.062592,16.933668
356400,a0kbD0wrCI8kaItWajaE6DtgAXRxlv1YrKiJ6RlnSNKAogVm7jWmQ7+AySLA9Tg9,2.6246650000000002,23.212789,16.091619
356700,a0kbD0wrCI8kaItWajaE6DtgAXRxlv1YrKiJ6RlnSNKAogVm7jWmQ7+AySLA9Tg9,8.407167,23.429502,14.845001000000002
357000,a0kbD0wrCI8kaItWajaE6DtgAXRxlv1YrKiJ6RlnSNKAogVm7jWmQ7+AySLA9Tg9,0.5934119999999999,20.884503,12.824581
357300,a0kbD0wrCI8kaItWajaE6DtgAXRxlv1YrKiJ6RlnSNKAogVm7jWmQ7+AySLA9Tg9,10.273404,39.113627,24.097412
357600,a0kbD0wrCI8kaItWajaE6DtgAXRxlv1YrKiJ6RlnSNKAogVm7jWmQ7+AySLA9Tg9,15.515145,48.349616999999995,26.499139000000003
357900,a0kbD0wrCI8kaItWajaE6DtgAXRxlv1YrKiJ6RlnSNKAogVm7jWmQ7+AySLA9Tg9,12.371453,28.172521000000003,19.383982999999997
358200,a0kbD0wrCI8kaItWajaE6DtgAXRxlv1YrKiJ6RlnSNKAogVm7jWmQ7+AySLA9Tg9,11.634524,84.703753,21.611801999999997
358500,a0kbD0wrCI8kaItWajaE6DtgAXRxlv1YrKiJ6RlnSNKAogVm7jWmQ7+AySLA9Tg9,9.453164,31.619496,23.197329999999997
358800,a0kbD0wrCI8kaItWajaE6DtgAXRxlv1YrKiJ6RlnSNKAogVm7jWmQ7+AySLA9Tg9,5.213066,28.268189000000003,20.202685
359100,a0kbD0wrCI8kaItWajaE6DtgAXRxlv1YrKiJ6RlnSNKAogVm7jWmQ7+AySLA9Tg9,12.426143,49.486474,22.722364000000002
359400,a0kbD0wrCI8kaItWajaE6DtgAXRxlv1YrKiJ6RlnSNKAogVm7jWmQ7+AySLA9Tg9,11.225698,27.834608000000003,18.172848000000002
359700,a0kbD0wrCI8kaItWajaE6DtgAXRxlv1YrKiJ6RlnSNKAogVm7jWmQ7+AySLA9Tg9,1.036339,24.766008,15.756635999999999
360000,a0kbD0wrCI8kaItWajaE6DtgAXRxlv1YrKiJ6RlnSNKAogVm7jWmQ7+AySLA9Tg9,13.046560000000001,33.469734,21.14575
360300,a0kbD0wrCI8kaItWajaE6DtgAXRxlv1YrKiJ6RlnSNKAogVm7jWmQ7+AySLA9Tg9,7.631952,30.341269,19.325279000000002
360600,a0kbD0wrCI8kaItWajaE6DtgAXRxlv1YrKiJ6RlnSNKAogVm7jWmQ7+AySLA9Tg9,10.997256,31.07845,20.952333
360900,a0kbD0wrCI8kaItWajaE6DtgAXRxlv1YrKiJ6RlnSNKAogVm7jWmQ7+AySLA9Tg9,11.857833,56.193233,23.212398999999998
361200,a0kbD0wrCI8kaItWajaE6DtgAXRxlv1YrKiJ6RlnSNKAogVm7jWmQ7+AySLA9Tg9,11.366977,38.53304,22.53762
361500,a0kbD0wrCI8kaItWajaE6DtgAXRxlv1YrKiJ6RlnSNKAogVm7jWmQ7+AySLA9Tg9,0.568554,29.485088,17.908922
361800,a0kbD0wrCI8kaItWajaE6DtgAXRxlv1YrKiJ6RlnSNKAogVm7jWmQ7+AySLA9Tg9,13.783853,41.939091999999995,20.059707
362100,a0kbD0wrCI8kaItWajaE6DtgAXRxlv1YrKiJ6RlnSNKAogVm7jWmQ7+AySLA9Tg9,14.229522,27.792029,20.35022
362400,a0kbD0wrCI8kaItWajaE6DtgAXRxlv1YrKiJ6RlnSNKAogVm7jWmQ7+AySLA9Tg9,1.6413330000000002,29.273034000000003,21.062555
362700,a0kbD0wrCI8kaItWajaE6DtgAXRxlv1YrKiJ6RlnSNKAogVm7jWmQ7+AySLA9Tg9,12.403402,33.967444,23.406239000000003
363000,a0kbD0wrCI8kaItWajaE6DtgAXRxlv1YrKiJ6RlnSNKAogVm7jWmQ7+AySLA9Tg9,10.76493,35.242657,26.516944
363300,a0kbD0wrCI8kaItWajaE6DtgAXRxlv1YrKiJ6RlnSNKAogVm7jWmQ7+AySLA9Tg9,16.206444,36.554865,25.282723
363600,a0kbD0wrCI8kaItWajaE6DtgAXRxlv1YrKiJ6RlnSNKAogVm7jWmQ7+AySLA9Tg9,8.735649,60.875133,23.302618
363900,a0kbD0wrCI8kaItWajaE6DtgAXRxlv1YrKiJ6RlnSNKAogVm7jWmQ7+AySLA9Tg9,15.855387,36.232391,24.230304
364200,a0kbD0wrCI8kaItWajaE6DtgAXRxlv1YrKiJ6RlnSNKAogVm7jWmQ7+AySLA9Tg9,3.553667,32.830832,21.215714000000002
364500,a0kbD0wrCI8kaItWajaE6DtgAXRxlv1YrKiJ6RlnSNKAogVm7jWmQ7+AySLA9Tg9,6.853650999999999,33.874319,23.912861
364800,a0kbD0wrCI8kaItWajaE6DtgAXRxlv1YrKiJ6RlnSNKAogVm7jWmQ7+AySLA9Tg9,18.126556,37.936329,27.262341999999997
365100,a0kbD0wrCI8kaItWajaE6DtgAXRxlv1YrKiJ6RlnSNKAogVm7jWmQ7+AySLA9Tg9,14.592022,37.710088,27.973371000000004
365400,a0kbD0wrCI8kaItWajaE6DtgAXRxlv1YrKiJ6RlnSNKAogVm7jWmQ7+AySLA9Tg9,14.660572,43.950804,26.211044
365700,a0kbD0wrCI8kaItWajaE6DtgAXRxlv1YrKiJ6RlnSNKAogVm7jWmQ7+AySLA9Tg9,8.96744,41.69505,28.502948999999997
366000,a0kbD0wrCI8kaItWajaE6DtgAXRxlv1YrKiJ6RlnSNKAogVm7jWmQ7+AySLA9Tg9,19.810198,38.314678,27.543765999999998
366300,a0kbD0wrCI8kaItWajaE6DtgAXRxlv1YrKiJ6RlnSNKAogVm7jWmQ7+AySLA9Tg9,18.755892000000003,70.40572900000001,28.767819
366600,a0kbD0wrCI8kaItWajaE6DtgAXRxlv1YrKiJ6RlnSNKAogVm7jWmQ7+AySLA9Tg9,23.622462,40.560888,31.97707
366900,a0kbD0wrCI8kaItWajaE6DtgAXRxlv1YrKiJ6RlnSNKAogVm7jWmQ7+AySLA9Tg9,11.647412,42.232735,27.872071999999996
367200,a0kbD0wrCI8kaItWajaE6DtgAXRxlv1YrKiJ6RlnSNKAogVm7jWmQ7+AySLA9Tg9,6.396694,35.911393,24.524017
367500,a0kbD0wrCI8kaItWajaE6DtgAXRxlv1YrKiJ6RlnSNKAogVm7jWmQ7+AySLA9Tg9,18.505418,39.130256,30.460471999999996
367800,a0kbD0wrCI8kaItWajaE6DtgAXRxlv1YrKiJ6RlnSNKAogVm7jWmQ7+AySLA9Tg9,15.02885,37.689705,28.861365999999997
368100,a0kbD0wrCI8kaItWajaE6DtgAXRxlv1YrKiJ6RlnSNKAogVm7jWmQ7+AySLA9Tg9,17.847634,44.370459000000004,30.954924
368400,a0kbD0wrCI8kaItWajaE6DtgAXRxlv1YrKiJ6RlnSNKAogVm7jWmQ7+AySLA9Tg9,19.508029,67.42840799999999,30.179740999999996
368700,a0kbD0wrCI8kaItWajaE6DtgAXRxlv1YrKiJ6RlnSNKAogVm7jWmQ7+AySLA9Tg9,18.579039,43.643619,28.636578000000004
369000,a0kbD0wrCI8kaItWajaE6DtgAXRxlv1YrKiJ6RlnSNKAogVm7jWmQ7+AySLA9Tg9,5.2523599999999995,45.770516,26.649542999999998
369300,a0kbD0wrCI8kaItWajaE6DtgAXRxlv1YrKiJ6RlnSNKAogVm7jWmQ7+AySLA9Tg9,16.372168,38.752694,26.553390999999998
369600,a0kbD0wrCI8kaItWajaE6DtgAXRxlv1YrKiJ6RlnSNKAogVm7jWmQ7+AySLA9Tg9,22.37619,40.269205,27.903323999999998
369900,a0kbD0wrCI8kaItWajaE6DtgAXRxlv1YrKiJ6RlnSNKAogVm7jWmQ7+AySLA9Tg9,20.653660000000002,49.453964,28.232946000000002
370200,a0kbD0wrCI8kaItWajaE6DtgAXRxlv1YrKiJ6RlnSNKAogVm7jWmQ7+AySLA9Tg9,11.842274,37.708133000000004,23.302135999999997
370500,a0kbD0wrCI8kaItWajaE6DtgAXRxlv1YrKiJ6RlnSNKAogVm7jWmQ7+AySLA9Tg9,11.686027000000001,38.640285,26.615243
370800,a0kbD0wrCI8kaItWajaE6DtgAXRxlv1YrKiJ6RlnSNKAogVm7jWmQ7+AySLA9Tg9,18.988809,44.638569,27.748982
371100,a0kbD0wrCI8kaItWajaE6DtgAXRxlv1YrKiJ6RlnSNKAogVm7jWmQ7+AySLA9Tg9,1.088709,32.348783000000005,19.758833
371400,a0kbD0wrCI8kaItWajaE6DtgAXRxlv1YrKiJ6RlnSNKAogVm7jWmQ7+AySLA9Tg9,16.052667,37.872203999999996,23.103122
371700,a0kbD0wrCI8kaItWajaE6DtgAXRxlv1YrKiJ6RlnSNKAogVm7jWmQ7+AySLA9Tg9,15.665548999999999,35.679103000000005,24.001116
372000,a0kbD0wrCI8kaItWajaE6DtgAXRxlv1YrKiJ6RlnSNKAogVm7jWmQ7+AySLA9Tg9,15.031533999999999,32.070098,22.553029000000002
372300,a0kbD0wrCI8kaItWajaE6DtgAXRxlv1YrKiJ6RlnSNKAogVm7jWmQ7+AySLA9Tg9,0.9143629999999999,35.561893,22.144379999999998
372600,a0kbD0wrCI8kaItWajaE6DtgAXRxlv1YrKiJ6RlnSNKAogVm7jWmQ7+AySLA9Tg9,2.651185,38.644745,21.458061999999998
372900,a0kbD0wrCI8kaItWajaE6DtgAXRxlv1YrKiJ6RlnSNKAogVm7jWmQ7+AySLA9Tg9,14.210441000000001,39.12233,24.888689000000003
373200,a0kbD0wrCI8kaItWajaE6DtgAXRxlv1YrKiJ6RlnSNKAogVm7jWmQ7+AySLA9Tg9,15.818693,53.591377,27.191891
373500,a0kbD0wrCI8kaItWajaE6DtgAXRxlv1YrKiJ6RlnSNKAogVm7jWmQ7+AySLA9Tg9,14.728895999999999,36.731626,23.815197
373800,a0kbD0wrCI8kaItWajaE6DtgAXRxlv1YrKiJ6RlnSNKAogVm7jWmQ7+AySLA9Tg9,13.817955,69.82131700000001,27.555518
374100,a0kbD0wrCI8kaItWajaE6DtgAXRxlv1YrKiJ6RlnSNKAogVm7jWmQ7+AySLA9Tg9,17.676001,33.670485,25.608538
374400,a0kbD0wrCI8kaItWajaE6DtgAXRxlv1YrKiJ6RlnSNKAogVm7jWmQ7+AySLA9Tg9,10.050742999999999,29.510939,20.946692000000002
374700,a0kbD0wrCI8kaItWajaE6DtgAXRxlv1YrKiJ6RlnSNKAogVm7jWmQ7+AySLA9Tg9,15.370763,32.624652000000005,22.182223999999998
375000,a0kbD0wrCI8kaItWajaE6DtgAXRxlv1YrKiJ6RlnSNKAogVm7jWmQ7+AySLA9Tg9,18.281848,35.034231,25.363551
375300,a0kbD0wrCI8kaItWajaE6DtgAXRxlv1YrKiJ6RlnSNKAogVm7jWmQ7+AySLA9Tg9,12.046563,47.293067,21.907292
375600,a0kbD0wrCI8kaItWajaE6DtgAXRxlv1YrKiJ6RlnSNKAogVm7jWmQ7+AySLA9Tg9,15.365438000000001,34.738473,22.912733
375900,a0kbD0wrCI8kaItWajaE6DtgAXRxlv1YrKiJ6RlnSNKAogVm7jWmQ7+AySLA9Tg9,19.040103,36.310651,25.468166
376200,a0kbD0wrCI8kaItWajaE6DtgAXRxlv1YrKiJ6RlnSNKAogVm7jWmQ7+AySLA9Tg9,11.813329,32.874755,24.453638
376500,a0kbD0wrCI8kaItWajaE6DtgAXRxlv1YrKiJ6RlnSNKAogVm7jWmQ7+AySLA9Tg9,2.221915,32.748633,20.665723999999997
376800,a0kbD0wrCI8kaItWajaE6DtgAXRxlv1YrKiJ6RlnSNKAogVm7jWmQ7+AySLA9Tg9,19.518621,37.212227,25.733772000000002
377100,a0kbD0wrCI8kaItWajaE6DtgAXRxlv1YrKiJ6RlnSNKAogVm7jWmQ7+AySLA9Tg9,14.999492000000002,40.877649,23.065516
377400,a0kbD0wrCI8kaItWajaE6DtgAXRxlv1YrKiJ6RlnSNKAogVm7jWmQ7+AySLA9Tg9,10.322277,33.165842,22.810239000000003
377700,a0kbD0wrCI8kaItWajaE6DtgAXRxlv1YrKiJ6RlnSNKAogVm7jWmQ7+AySLA9Tg9,12.273518,35.453306,22.384047
378000,a0kbD0wrCI8kaItWajaE6DtgAXRxlv1YrKiJ6RlnSNKAogVm7jWmQ7+AySLA9Tg9,1.522945,30.762342999999998,19.123620000000003
378300,a0kbD0wrCI8kaItWajaE6DtgAXRxlv1YrKiJ6RlnSNKAogVm7jWmQ7+AySLA9Tg9,11.485565,30.395718,21.491432
378600,a0kbD0wrCI8kaItWajaE6DtgAXRxlv1YrKiJ6RlnSNKAogVm7jWmQ7+AySLA9Tg9,15.1976,27.883979999999998,19.688989000000003
378900,a0kbD0wrCI8kaItWajaE6DtgAXRxlv1YrKiJ6RlnSNKAogVm7jWmQ7+AySLA9Tg9,11.238562,26.199594,17.759395
379200,a0kbD0wrCI8kaItWajaE6DtgAXRxlv1YrKiJ6RlnSNKAogVm7jWmQ7+AySLA9Tg9,9.107264,28.454681,17.38574
379500,a0kbD0wrCI8kaItWajaE6DtgAXRxlv1YrKiJ6RlnSNKAogVm7jWmQ7+AySLA9Tg9,13.302772000000001,28.148842,18.95788
379800,a0kbD0wrCI8kaItWajaE6DtgAXRxlv1YrKiJ6RlnSNKAogVm7jWmQ7+AySLA9Tg9,10.188656,30.419077,17.965123000000002
380100,a0kbD0wrCI8kaItWajaE6DtgAXRxlv1YrKiJ6RlnSNKAogVm7jWmQ7+AySLA9Tg9,8.995194999999999,28.342561,19.41631
380400,a0kbD0wrCI8kaItWajaE6DtgAXRxlv1YrKiJ6RlnSNKAogVm7jWmQ7+AySLA9Tg9,11.289531,35.064958000000004,21.095126999999998
380700,a0kbD0wrCI8kaItWajaE6DtgAXRxlv1YrKiJ6RlnSNKAogVm7jWmQ7+AySLA9Tg9,10.29809,28.341165999999998,19.553094
381000,a0kbD0wrCI8kaItWajaE6DtgAXRxlv1YrKiJ6RlnSNKAogVm7jWmQ7+AySLA9Tg9,13.573089999999999,57.350205,26.319592
381300,a0kbD0wrCI8kaItWajaE6DtgAXRxlv1YrKiJ6RlnSNKAogVm7jWmQ7+AySLA9Tg9,18.332467,64.05058199999999,30.292765999999997
381600,a0kbD0wrCI8kaItWajaE6DtgAXRxlv1YrKiJ6RlnSNKAogVm7jWmQ7+AySLA9Tg9,14.370098,27.640357,21.392606
381900,a0kbD0wrCI8kaItWajaE6DtgAXRxlv1YrKiJ6RlnSNKAogVm7jWmQ7+AySLA9Tg9,8.181227999999999,31.011938,21.352967
382200,a0kbD0wrCI8kaItWajaE6DtgAXRxlv1YrKiJ6RlnSNKAogVm7jWmQ7+AySLA9Tg9,13.51645,43.518314000000004,23.182412
382500,a0kbD0wrCI8kaItWajaE6DtgAXRxlv1YrKiJ6RlnSNKAogVm7jWmQ7+AySLA9Tg9,18.653325,52.487306999999994,25.39494
382800,a0kbD0wrCI8kaItWajaE6DtgAXRxlv1YrKiJ6RlnSNKAogVm7jWmQ7+AySLA9Tg9,14.906320999999998,30.138334000000004,22.037607
383100,a0kbD0wrCI8kaItWajaE6DtgAXRxlv1YrKiJ6RlnSNKAogVm7jWmQ7+AySLA9Tg9,0.441978,37.333422999999996,19.346766
383400,a0kbD0wrCI8kaItWajaE6DtgAXRxlv1YrKiJ6RlnSNKAogVm7jWmQ7+AySLA9Tg9,14.78067,31.836662,23.439410000000002
383700,a0kbD0wrCI8kaItWajaE6DtgAXRxlv1YrKiJ6RlnSNKAogVm7jWmQ7+AySLA9Tg9,17.186267,31.452653,24.030829
384000,a0kbD0wrCI8kaItWajaE6DtgAXRxlv1YrKiJ6RlnSNKAogVm7jWmQ7+AySLA9Tg9,11.379952000000001,34.68527,24.32098
384300,a0kbD0wrCI8kaItWajaE6DtgAXRxlv1YrKiJ6RlnSNKAogVm7jWmQ7+AySLA9Tg9,15.556707000000001,30.172161,22.885162
384600,a0kbD0wrCI8kaItWajaE6DtgAXRxlv1YrKiJ6RlnSNKAogVm7jWmQ7+AySLA9Tg9,11.701632,40.573054,20.796616
384900,a0kbD0wrCI8kaItWajaE6DtgAXRxlv1YrKiJ6RlnSNKAogVm7jWmQ7+AySLA9Tg9,14.238197,33.395979,20.516875
385200,a0kbD0wrCI8kaItWajaE6DtgAXRxlv1YrKiJ6RlnSNKAogVm7jWmQ7+AySLA9Tg9,2.8794619999999997,32.40262,22.333689
385500,a0kbD0wrCI8kaItWajaE6DtgAXRxlv1YrKiJ6RlnSNKAogVm7jWmQ7+AySLA9Tg9,11.28655,31.720021999999997,19.634222
385800,a0kbD0wrCI8kaItWajaE6DtgAXRxlv1YrKiJ6RlnSNKAogVm7jWmQ7+AySLA9Tg9,10.315892,31.522795000000002,20.639378
386100,a0kbD0wrCI8kaItWajaE6DtgAXRxlv1YrKiJ6RlnSNKAogVm7jWmQ7+AySLA9Tg9,17.651778,29.811754999999998,22.526285
386400,a0kbD0wrCI8kaItWajaE6DtgAXRxlv1YrKiJ6RlnSNKAogVm7jWmQ7+AySLA9Tg9,10.652371,38.039986999999996,17.275447
386700,a0kbD0wrCI8kaItWajaE6DtgAXRxlv1YrKiJ6RlnSNKAogVm7jWmQ7+AySLA9Tg9,7.289264,25.237847,16.846736
387000,a0kbD0wrCI8kaItWajaE6DtgAXRxlv1YrKiJ6RlnSNKAogVm7jWmQ7+AySLA9Tg9,13.758548999999999,27.641209999999997,18.796452
387300,a0kbD0wrCI8kaItWajaE6DtgAXRxlv1YrKiJ6RlnSNKAogVm7jWmQ7+AySLA9Tg9,0.854867,23.871673,16.557647
387600,a0kbD0wrCI8kaItWajaE6DtgAXRxlv1YrKiJ6RlnSNKAogVm7jWmQ7+AySLA9Tg9,12.869696000000001,27.260889000000002,19.416388
387900,a0kbD0wrCI8kaItWajaE6DtgAXRxlv1YrKiJ6RlnSNKAogVm7jWmQ7+AySLA9Tg9,12.369741000000001,29.761822,20.516937
388200,a0kbD0wrCI8kaItWajaE6DtgAXRxlv1YrKiJ6RlnSNKAogVm7jWmQ7+AySLA9Tg9,12.284742,28.211251,18.868674
388500,a0kbD0wrCI8kaItWajaE6DtgAXRxlv1YrKiJ6RlnSNKAogVm7jWmQ7+AySLA9Tg9,3.7103379999999997,21.397788000000002,13.846592000000001
388800,a0kbD0wrCI8kaItWajaE6DtgAXRxlv1YrKiJ6RlnSNKAogVm7jWmQ7+AySLA9Tg9,11.747191,28.233296999999997,18.382761
389100,a0kbD0wrCI8kaItWajaE6DtgAXRxlv1YrKiJ6RlnSNKAogVm7jWmQ7+AySLA9Tg9,4.267308,30.781233,19.661769
389400,a0kbD0wrCI8kaItWajaE6DtgAXRxlv1YrKiJ6RlnSNKAogVm7jWmQ7+AySLA9Tg9,5.561671,26.654958,19.246979999999997
389700,a0kbD0wrCI8kaItWajaE6DtgAXRxlv1YrKiJ6RlnSNKAogVm7jWmQ7+AySLA9Tg9,12.157797,25.714884,18.598806
390000,a0kbD0wrCI8kaItWajaE6DtgAXRxlv1YrKiJ6RlnSNKAogVm7jWmQ7+AySLA9Tg9,11.43497,34.010496,18.509431
390300,a0kbD0wrCI8kaItWajaE6DtgAXRxlv1YrKiJ6RlnSNKAogVm7jWmQ7+AySLA9Tg9,8.262495,25.932073000000003,14.277307999999998
390600,a0kbD0wrCI8kaItWajaE6DtgAXRxlv1YrKiJ6RlnSNKAogVm7jWmQ7+AySLA9Tg9,1.15295,22.906451999999998,14.762123
390900,a0kbD0wrCI8kaItWajaE6DtgAXRxlv1YrKiJ6RlnSNKAogVm7jWmQ7+AySLA9Tg9,9.9263,25.14163,15.309017
391200,a0kbD0wrCI8kaItWajaE6DtgAXRxlv1YrKiJ6RlnSNKAogVm7jWmQ7+AySLA9Tg9,8.443017,30.171694,15.529616
391500,a0kbD0wrCI8kaItWajaE6DtgAXRxlv1YrKiJ6RlnSNKAogVm7jWmQ7+AySLA9Tg9,9.513342,24.350498,15.928545000000002
391800,a0kbD0wrCI8kaItWajaE6DtgAXRxlv1YrKiJ6RlnSNKAogVm7jWmQ7+AySLA9Tg9,1.8093279999999998,29.745965,17.404939000000002
392100,a0kbD0wrCI8kaItWajaE6DtgAXRxlv1YrKiJ6RlnSNKAogVm7jWmQ7+AySLA9Tg9,2.4840720000000003,23.222209,14.947298000000002
392400,a0kbD0wrCI8kaItWajaE6DtgAXRxlv1YrKiJ6RlnSNKAogVm7jWmQ7+AySLA9Tg9,8.177831,25.003489000000002,16.158514
392700,a0kbD0wrCI8kaItWajaE6DtgAXRxlv1YrKiJ6RlnSNKAogVm7jWmQ7+AySLA9Tg9,10.957079,27.253020000000003,18.717284
393000,a0kbD0wrCI8kaItWajaE6DtgAXRxlv1YrKiJ6RlnSNKAogVm7jWmQ7+AySLA9Tg9,10.120646,21.94908,16.343404
393300,a0kbD0wrCI8kaItWajaE6DtgAXRxlv1YrKiJ6RlnSNKAogVm7jWmQ7+AySLA9Tg9,13.557604000000001,34.984306,19.948925
393600,a0kbD0wrCI8kaItWajaE6DtgAXRxlv1YrKiJ6RlnSNKAogVm7jWmQ7+AySLA9Tg9,6.530279,25.910211999999998,15.357357999999998
393900,a0kbD0wrCI8kaItWajaE6DtgAXRxlv1YrKiJ6RlnSNKAogVm7jWmQ7+AySLA9Tg9,1.724568,24.478912,14.469344
394200,a0kbD0wrCI8kaItWajaE6DtgAXRxlv1YrKiJ6RlnSNKAogVm7jWmQ7+AySLA9Tg9,7.703295,25.144416,14.054525
394500,a0kbD0wrCI8kaItWajaE6DtgAXRxlv1YrKiJ6RlnSNKAogVm7jWmQ7+AySLA9Tg9,0.815928,20.940811,11.958081
394800,a0kbD0wrCI8kaItWajaE6DtgAXRxlv1YrKiJ6RlnSNKAogVm7jWmQ7+AySLA9Tg9,0.649821,25.561128,13.642444
395100,a0kbD0wrCI8kaItWajaE6DtgAXRxlv1YrKiJ6RlnSNKAogVm7jWmQ7+AySLA9Tg9,5.2114769999999995,17.218359,10.83672
395400,a0kbD0wrCI8kaItWajaE6DtgAXRxlv1YrKiJ6RlnSNKAogVm7jWmQ7+AySLA9Tg9,5.549739,21.579435999999998,11.974002
395700,a0kbD0wrCI8kaItWajaE6DtgAXRxlv1YrKiJ6RlnSNKAogVm7jWmQ7+AySLA9Tg9,7.9612419999999995,21.763831,13.366948
396000,a0kbD0wrCI8kaItWajaE6DtgAXRxlv1YrKiJ6RlnSNKAogVm7jWmQ7+AySLA9Tg9,0.706833,20.499365,10.961974
396300,a0kbD0wrCI8kaItWajaE6DtgAXRxlv1YrKiJ6RlnSNKAogVm7jWmQ7+AySLA9Tg9,7.168125,22.348815,12.545895
396600,a0kbD0wrCI8kaItWajaE6DtgAXRxlv1YrKiJ6RlnSNKAogVm7jWmQ7+AySLA9Tg9,1.3068959999999998,20.979317,10.55931
396900,a0kbD0wrCI8kaItWajaE6DtgAXRxlv1YrKiJ6RlnSNKAogVm7jWmQ7+AySLA9Tg9,8.362947,23.083935,13.186801999999998
397200,a0kbD0wrCI8kaItWajaE6DtgAXRxlv1YrKiJ6RlnSNKAogVm7jWmQ7+AySLA9Tg9,0.46021999999999996,16.643304,9.692472
397500,a0kbD0wrCI8kaItWajaE6DtgAXRxlv1YrKiJ6RlnSNKAogVm7jWmQ7+AySLA9Tg9,6.876657000000001,24.741160999999998,10.945646
397800,a0kbD0wrCI8kaItWajaE6DtgAXRxlv1YrKiJ6RlnSNKAogVm7jWmQ7+AySLA9Tg9,5.595861,21.125779,9.43108
398100,a0kbD0wrCI8kaItWajaE6DtgAXRxlv1YrKiJ6RlnSNKAogVm7jWmQ7+AySLA9Tg9,7.022911,23.671291,12.361049000000001
398400,a0kbD0wrCI8kaItWajaE6DtgAXRxlv1YrKiJ6RlnSNKAogVm7jWmQ7+AySLA9Tg9,5.286554,21.405438,10.667415
398700,a0kbD0wrCI8kaItWajaE6DtgAXRxlv1YrKiJ6RlnSNKAogVm7jWmQ7+AySLA9Tg9,4.301692,17.841964,9.432332
399000,a0kbD0wrCI8kaItWajaE6DtgAXRxlv1YrKiJ6RlnSNKAogVm7jWmQ7+AySLA9Tg9,5.392542,13.308404000000001,8.162194
399300,a0kbD0wrCI8kaItWajaE6DtgAXRxlv1YrKiJ6RlnSNKAogVm7jWmQ7+AySLA9Tg9,4.620186,23.859375,10.394656
399600,a0kbD0wrCI8kaItWajaE6DtgAXRxlv1YrKiJ6RlnSNKAogVm7jWmQ7+AySLA9Tg9,3.580214,18.693209,7.863982000000001
399900,a0kbD0wrCI8kaItWajaE6DtgAXRxlv1YrKiJ6RlnSNKAogVm7jWmQ7+AySLA9Tg9,3.1347400000000003,20.054413,7.90083
400200,a0kbD0wrCI8kaItWajaE6DtgAXRxlv1YrKiJ6RlnSNKAogVm7jWmQ7+AySLA9Tg9,0.786643,14.921744,8.500102
400500,a0kbD0wrCI8kaItWajaE6DtgAXRxlv1YrKiJ6RlnSNKAogVm7jWmQ7+AySLA9Tg9,4.796442,18.449212,8.265737
400800,a0kbD0wrCI8kaItWajaE6DtgAXRxlv1YrKiJ6RlnSNKAogVm7jWmQ7+AySLA9Tg9,0.659263,14.438393,8.229103
401100,a0kbD0wrCI8kaItWajaE6DtgAXRxlv1YrKiJ6RlnSNKAogVm7jWmQ7+AySLA9Tg9,4.330221,14.917708,7.9798979999999995
401400,a0kbD0wrCI8kaItWajaE6DtgAXRxlv1YrKiJ6RlnSNKAogVm7jWmQ7+AySLA9Tg9,2.2122,14.333967000000001,6.05691
401700,a0kbD0wrCI8kaItWajaE6DtgAXRxlv1YrKiJ6RlnSNKAogVm7jWmQ7+AySLA9Tg9,3.243459,9.513459,6.474511
402000,a0kbD0wrCI8kaItWajaE6DtgAXRxlv1YrKiJ6RlnSNKAogVm7jWmQ7+AySLA9Tg9,0.9646959999999999,20.27111,7.579542999999999
402300,a0kbD0wrCI8kaItWajaE6DtgAXRxlv1YrKiJ6RlnSNKAogVm7jWmQ7+AySLA9Tg9,2.897902,16.704623,6.71018
402600,a0kbD0wrCI8kaItWajaE6DtgAXRxlv1YrKiJ6RlnSNKAogVm7jWmQ7+AySLA9Tg9,4.191312,15.462947,7.797027000000001
402900,a0kbD0wrCI8kaItWajaE6DtgAXRxlv1YrKiJ6RlnSNKAogVm7jWmQ7+AySLA9Tg9,5.182772,23.002051,10.285033
403200,a0kbD0wrCI8kaItWajaE6DtgAXRxlv1YrKiJ6RlnSNKAogVm7jWmQ7+AySLA9Tg9,4.186196,18.449029,8.563733000000001
403500,a0kbD0wrCI8kaItWajaE6DtgAXRxlv1YrKiJ6RlnSNKAogVm7jWmQ7+AySLA9Tg9,3.4257489999999997,13.574019,7.4250940000000005
403800,a0kbD0wrCI8kaItWajaE6DtgAXRxlv1YrKiJ6RlnSNKAogVm7jWmQ7+AySLA9Tg9,4.572878,14.427232,7.9045179999999995
404100,a0kbD0wrCI8kaItWajaE6DtgAXRxlv1YrKiJ6RlnSNKAogVm7jWmQ7+AySLA9Tg9,1.200524,14.54715,6.41606
404400,a0kbD0wrCI8kaItWajaE6DtgAXRxlv1YrKiJ6RlnSNKAogVm7jWmQ7+AySLA9Tg9,4.061593,16.210293,7.925719
404700,a0kbD0wrCI8kaItWajaE6DtgAXRxlv1YrKiJ6RlnSNKAogVm7jWmQ7+AySLA9Tg9,1.0835709999999998,15.911010999999998,7.76505
405000,a0kbD0wrCI8kaItWajaE6DtgAXRxlv1YrKiJ6RlnSNKAogVm7jWmQ7+AySLA9Tg9,4.70678,15.309976,7.976928999999999
405300,a0kbD0wrCI8kaItWajaE6DtgAXRxlv1YrKiJ6RlnSNKAogVm7jWmQ7+AySLA9Tg9,1.686243,12.46142,6.631438
405600,a0kbD0wrCI8kaItWajaE6DtgAXRxlv1YrKiJ6RlnSNKAogVm7jWmQ7+AySLA9Tg9,6.103198,19.472576999999998,8.386041
405900,a0kbD0wrCI8kaItWajaE6DtgAXRxlv1YrKiJ6RlnSNKAogVm7jWmQ7+AySLA9Tg9,4.183322,13.005529,8.372923
406200,a0kbD0wrCI8kaItWajaE6DtgAXRxlv1YrKiJ6RlnSNKAogVm7jWmQ7+AySLA9Tg9,2.1262659999999998,26.904507000000002,8.771348
406500,a0kbD0wrCI8kaItWajaE6DtgAXRxlv1YrKiJ6RlnSNKAogVm7jWmQ7+AySLA9Tg9,6.315383,17.323353,10.950218
406800,a0kbD0wrCI8kaItWajaE6DtgAXRxlv1YrKiJ6RlnSNKAogVm7jWmQ7+AySLA9Tg9,4.39733,22.477248,10.984397
407100,a0kbD0wrCI8kaItWajaE6DtgAXRxlv1YrKiJ6RlnSNKAogVm7jWmQ7+AySLA9Tg9,4.286731,14.136887,7.549594
407400,a0kbD0wrCI8kaItWajaE6DtgAXRxlv1YrKiJ6RlnSNKAogVm7jWmQ7+AySLA9Tg9,4.8809,22.721388,9.595613
407700,a0kbD0wrCI8kaItWajaE6DtgAXRxlv1YrKiJ6RlnSNKAogVm7jWmQ7+AySLA9Tg9,2.489578,15.432932000000001,8.308266
408000,a0kbD0wrCI8kaItWajaE6DtgAXRxlv1YrKiJ6RlnSNKAogVm7jWmQ7+AySLA9Tg9,6.770525,25.135913000000002,13.236142999999998
408300,a0kbD0wrCI8kaItWajaE6DtgAXRxlv1YrKiJ6RlnSNKAogVm7jWmQ7+AySLA9Tg9,5.657681,19.006864999999998,9.64833
408600,a0kbD0wrCI8kaItWajaE6DtgAXRxlv1YrKiJ6RlnSNKAogVm7jWmQ7+AySLA9Tg9,3.085426,12.581745,6.927592999999999
408900,a0kbD0wrCI8kaItWajaE6DtgAXRxlv1YrKiJ6RlnSNKAogVm7jWmQ7+AySLA9Tg9,2.627755,28.252384000000003,8.564583
409200,a0kbD0wrCI8kaItWajaE6DtgAXRxlv1YrKiJ6RlnSNKAogVm7jWmQ7+AySLA9Tg9,4.595499,13.356842000000002,8.012801
409500,a0kbD0wrCI8kaItWajaE6DtgAXRxlv1YrKiJ6RlnSNKAogVm7jWmQ7+AySLA9Tg9,1.389527,10.474788,6.553363
409800,a0kbD0wrCI8kaItWajaE6DtgAXRxlv1YrKiJ6RlnSNKAogVm7jWmQ7+AySLA9Tg9,3.6839180000000002,15.788385,8.234689
410100,a0kbD0wrCI8kaItWajaE6DtgAXRxlv1YrKiJ6RlnSNKAogVm7jWmQ7+AySLA9Tg9,2.470609,12.036245,8.122262
410400,a0kbD0wrCI8kaItWajaE6DtgAXRxlv1YrKiJ6RlnSNKAogVm7jWmQ7+AySLA9Tg9,2.984222,16.684376,7.811674000000001
410700,a0kbD0wrCI8kaItWajaE6DtgAXRxlv1YrKiJ6RlnSNKAogVm7jWmQ7+AySLA9Tg9,3.717954,19.624538,7.885808
411000,a0kbD0wrCI8kaItWajaE6DtgAXRxlv1YrKiJ6RlnSNKAogVm7jWmQ7+AySLA9Tg9,0.815265,31.599790999999996,9.87371
411300,a0kbD0wrCI8kaItWajaE6DtgAXRxlv1YrKiJ6RlnSNKAogVm7jWmQ7+AySLA9Tg9,3.382389,12.594398,6.391416
411600,a0kbD0wrCI8kaItWajaE6DtgAXRxlv1YrKiJ6RlnSNKAogVm7jWmQ7+AySLA9Tg9,3.7995690000000004,16.939754,8.406431
411900,a0kbD0wrCI8kaItWajaE6DtgAXRxlv1YrKiJ6RlnSNKAogVm7jWmQ7+AySLA9Tg9,1.7096349999999998,13.203805,7.435811
412200,a0kbD0wrCI8kaItWajaE6DtgAXRxlv1YrKiJ6RlnSNKAogVm7jWmQ7+AySLA9Tg9,0.906399,14.18934,5.952743
412500,a0kbD0wrCI8kaItWajaE6DtgAXRxlv1YrKiJ6RlnSNKAogVm7jWmQ7+AySLA9Tg9,3.166255,15.077372,8.146358
412800,a0kbD0wrCI8kaItWajaE6DtgAXRxlv1YrKiJ6RlnSNKAogVm7jWmQ7+AySLA9Tg9,3.553958,16.159060999999998,7.949013000000001
413100,a0kbD0wrCI8kaItWajaE6DtgAXRxlv1YrKiJ6RlnSNKAogVm7jWmQ7+AySLA9Tg9,4.281019000000001,14.227176,6.299615
413400,a0kbD0wrCI8kaItWajaE6DtgAXRxlv1YrKiJ6RlnSNKAogVm7jWmQ7+AySLA9Tg9,1.124861,11.634617,6.092929
413700,a0kbD0wrCI8kaItWajaE6DtgAXRxlv1YrKiJ6RlnSNKAogVm7jWmQ7+AySLA9Tg9,1.464226,17.389817,7.758413000000001
414000,a0kbD0wrCI8kaItWajaE6DtgAXRxlv1YrKiJ6RlnSNKAogVm7jWmQ7+AySLA9Tg9,4.816264,15.643512,7.426028
414300,a0kbD0wrCI8kaItWajaE6DtgAXRxlv1YrKiJ6RlnSNKAogVm7jWmQ7+AySLA9Tg9,0.697234,15.078542,5.801312
414600,a0kbD0wrCI8kaItWajaE6DtgAXRxlv1YrKiJ6RlnSNKAogVm7jWmQ7+AySLA9Tg9,3.105449,16.591815,7.627256
414900,a0kbD0wrCI8kaItWajaE6DtgAXRxlv1YrKiJ6RlnSNKAogVm7jWmQ7+AySLA9Tg9,1.210285,13.593947,6.8203119999999995
415200,a0kbD0wrCI8kaItWajaE6DtgAXRxlv1YrKiJ6RlnSNKAogVm7jWmQ7+AySLA9Tg9,3.9249730000000005,12.676200999999999,6.906194999999999
415500,a0kbD0wrCI8kaItWajaE6DtgAXRxlv1YrKiJ6RlnSNKAogVm7jWmQ7+AySLA9Tg9,1.165239,19.240847,8.065843
415800,a0kbD0wrCI8kaItWajaE6DtgAXRxlv1YrKiJ6RlnSNKAogVm7jWmQ7+AySLA9Tg9,4.941223,13.042524,8.242235
416100,a0kbD0wrCI8kaItWajaE6DtgAXRxlv1YrKiJ6RlnSNKAogVm7jWmQ7+AySLA9Tg9,4.929101999999999,21.663841,8.807661999999999
416400,a0kbD0wrCI8kaItWajaE6DtgAXRxlv1YrKiJ6RlnSNKAogVm7jWmQ7+AySLA9Tg9,1.2011209999999999,15.718298,7.818969
416700,a0kbD0wrCI8kaItWajaE6DtgAXRxlv1YrKiJ6RlnSNKAogVm7jWmQ7+AySLA9Tg9,4.151164,11.906568,6.848126
417000,a0kbD0wrCI8kaItWajaE6DtgAXRxlv1YrKiJ6RlnSNKAogVm7jWmQ7+AySLA9Tg9,2.875954,19.146060000000002,8.299089
417300,a0kbD0wrCI8kaItWajaE6DtgAXRxlv1YrKiJ6RlnSNKAogVm7jWmQ7+AySLA9Tg9,4.712279,18.381622,9.849357000000001
417600,a0kbD0wrCI8kaItWajaE6DtgAXRxlv1YrKiJ6RlnSNKAogVm7jWmQ7+AySLA9Tg9,1.307006,13.513032,7.806177000000001
417900,a0kbD0wrCI8kaItWajaE6DtgAXRxlv1YrKiJ6RlnSNKAogVm7jWmQ7+AySLA9Tg9,2.807994,20.857517,8.876731
418200,a0kbD0wrCI8kaItWajaE6DtgAXRxlv1YrKiJ6RlnSNKAogVm7jWmQ7+AySLA9Tg9,0.597366,15.839466,7.2785899999999994
418500,a0kbD0wrCI8kaItWajaE6DtgAXRxlv1YrKiJ6RlnSNKAogVm7jWmQ7+AySLA9Tg9,4.437076,17.009507,8.134556
418800,a0kbD0wrCI8kaItWajaE6DtgAXRxlv1YrKiJ6RlnSNKAogVm7jWmQ7+AySLA9Tg9,1.5807870000000002,20.443654000000002,8.985119000000001
419100,a0kbD0wrCI8kaItWajaE6DtgAXRxlv1YrKiJ6RlnSNKAogVm7jWmQ7+AySLA9Tg9,0.9076069999999999,15.448185999999998,7.735367
419400,a0kbD0wrCI8kaItWajaE6DtgAXRxlv1YrKiJ6RlnSNKAogVm7jWmQ7+AySLA9Tg9,4.781561,19.562896,9.459402
419700,a0kbD0wrCI8kaItWajaE6DtgAXRxlv1YrKiJ6RlnSNKAogVm7jWmQ7+AySLA9Tg9,1.9049209999999999,20.992009,11.522687
420000,a0kbD0wrCI8kaItWajaE6DtgAXRxlv1YrKiJ6RlnSNKAogVm7jWmQ7+AySLA9Tg9,4.17975,17.273922,9.707646
420300,a0kbD0wrCI8kaItWajaE6DtgAXRxlv1YrKiJ6RlnSNKAogVm7jWmQ7+AySLA9Tg9,4.52781,20.672537,9.775312
420600,a0kbD0wrCI8kaItWajaE6DtgAXRxlv1YrKiJ6RlnSNKAogVm7jWmQ7+AySLA9Tg9,6.676594000000001,21.731112,12.444849000000001
420900,a0kbD0wrCI8kaItWajaE6DtgAXRxlv1YrKiJ6RlnSNKAogVm7jWmQ7+AySLA9Tg9,7.466832000000001,25.000306,11.874288
421200,a0kbD0wrCI8kaItWajaE6DtgAXRxlv1YrKiJ6RlnSNKAogVm7jWmQ7+AySLA9Tg9,6.965072999999999,21.083785,10.654936
421500,a0kbD0wrCI8kaItWajaE6DtgAXRxlv1YrKiJ6RlnSNKAogVm7jWmQ7+AySLA9Tg9,1.291878,23.000151000000002,9.224282
421800,a0kbD0wrCI8kaItWajaE6DtgAXRxlv1YrKiJ6RlnSNKAogVm7jWmQ7+AySLA9Tg9,6.244305000000001,24.952489,11.601207
422100,a0kbD0wrCI8kaItWajaE6DtgAXRxlv1YrKiJ6RlnSNKAogVm7jWmQ7+AySLA9Tg9,6.175397,12.548866,8.393828
422400,a0kbD0wrCI8kaItWajaE6DtgAXRxlv1YrKiJ6RlnSNKAogVm7jWmQ7+AySLA9Tg9,0.863366,23.636485,12.337786
422700,a0kbD0wrCI8kaItWajaE6DtgAXRxlv1YrKiJ6RlnSNKAogVm7jWmQ7+AySLA9Tg9,7.368557000000001,19.750936,12.269204
423000,a0kbD0wrCI8kaItWajaE6DtgAXRxlv1YrKiJ6RlnSNKAogVm7jWmQ7+AySLA9Tg9,4.028358,21.028681,9.748286
423300,a0kbD0wrCI8kaItWajaE6DtgAXRxlv1YrKiJ6RlnSNKAogVm7jWmQ7+AySLA9Tg9,4.070349,18.997529,10.593356
423600,a0kbD0wrCI8kaItWajaE6DtgAXRxlv1YrKiJ6RlnSNKAogVm7jWmQ7+AySLA9Tg9,7.916538,22.771453,13.141305
423900,a0kbD0wrCI8kaItWajaE6DtgAXRxlv1YrKiJ6RlnSNKAogVm7jWmQ7+AySLA9Tg9,5.103879,13.386873000000001,9.256094000000001
424200,a0kbD0wrCI8kaItWajaE6DtgAXRxlv1YrKiJ6RlnSNKAogVm7jWmQ7+AySLA9Tg9,1.300114,15.396197,10.036219000000001
424500,a0kbD0wrCI8kaItWajaE6DtgAXRxlv1YrKiJ6RlnSNKAogVm7jWmQ7+AySLA9Tg9,5.5857779999999995,14.165744,10.296388
424800,a0kbD0wrCI8kaItWajaE6DtgAXRxlv1YrKiJ6RlnSNKAogVm7jWmQ7+AySLA9Tg9,4.40724,25.823363,10.830542999999999
425100,a0kbD0wrCI8kaItWajaE6DtgAXRxlv1YrKiJ6RlnSNKAogVm7jWmQ7+AySLA9Tg9,2.6255330000000003,19.904828,9.882849
425400,a0kbD0wrCI8kaItWajaE6DtgAXRxlv1YrKiJ6RlnSNKAogVm7jWmQ7+AySLA9Tg9,3.551511,15.775849,10.055423
425700,a0kbD0wrCI8kaItWajaE6DtgAXRxlv1YrKiJ6RlnSNKAogVm7jWmQ7+AySLA9Tg9,0.980547,13.383825,7.878571000000001
426000,a0kbD0wrCI8kaItWajaE6DtgAXRxlv1YrKiJ6RlnSNKAogVm7jWmQ7+AySLA9Tg9,4.72253,18.696769,9.504395
426300,a0kbD0wrCI8kaItWajaE6DtgAXRxlv1YrKiJ6RlnSNKAogVm7jWmQ7+AySLA9Tg9,6.718976,26.397638,11.949361
426600,a0kbD0wrCI8kaItWajaE6DtgAXRxlv1YrKiJ6RlnSNKAogVm7jWmQ7+AySLA9Tg9,4.094323,18.359251,10.680436
426900,a0kbD0wrCI8kaItWajaE6DtgAXRxlv1YrKiJ6RlnSNKAogVm7jWmQ7+AySLA9Tg9,0.91945,20.156726000000003,9.633871000000001
427200,a0kbD0wrCI8kaItWajaE6DtgAXRxlv1YrKiJ6RlnSNKAogVm7jWmQ7+AySLA9Tg9,1.7003990000000002,24.714095,10.098391000000001
427500,a0kbD0wrCI8kaItWajaE6DtgAXRxlv1YrKiJ6RlnSNKAogVm7jWmQ7+AySLA9Tg9,6.01729,16.625298,12.152529
427800,a0kbD0wrCI8kaItWajaE6DtgAXRxlv1YrKiJ6RlnSNKAogVm7jWmQ7+AySLA9Tg9,2.8646849999999997,22.299307000000002,12.541456
428100,a0kbD0wrCI8kaItWajaE6DtgAXRxlv1YrKiJ6RlnSNKAogVm7jWmQ7+AySLA9Tg9,5.9348540000000005,16.682686,11.970342
428400,a0kbD0wrCI8kaItWajaE6DtgAXRxlv1YrKiJ6RlnSNKAogVm7jWmQ7+AySLA9Tg9,0.925369,20.710554000000002,9.748712
428700,a0kbD0wrCI8kaItWajaE6DtgAXRxlv1YrKiJ6RlnSNKAogVm7jWmQ7+AySLA9Tg9,4.24728,21.298466,10.83654
429000,a0kbD0wrCI8kaItWajaE6DtgAXRxlv1YrKiJ6RlnSNKAogVm7jWmQ7+AySLA9Tg9,5.2589239999999995,18.928314999999998,10.947546
429300,a0kbD0wrCI8kaItWajaE6DtgAXRxlv1YrKiJ6RlnSNKAogVm7jWmQ7+AySLA9Tg9,5.675617,23.71489,11.562158
429600,a0kbD0wrCI8kaItWajaE6DtgAXRxlv1YrKiJ6RlnSNKAogVm7jWmQ7+AySLA9Tg9,1.4316200000000001,22.963714000000003,10.934878
429900,a0kbD0wrCI8kaItWajaE6DtgAXRxlv1YrKiJ6RlnSNKAogVm7jWmQ7+AySLA9Tg9,4.572759,22.083837,13.336525
430200,a0kbD0wrCI8kaItWajaE6DtgAXRxlv1YrKiJ6RlnSNKAogVm7jWmQ7+AySLA9Tg9,5.864738,23.183836,12.638266999999999
430500,a0kbD0wrCI8kaItWajaE6DtgAXRxlv1YrKiJ6RlnSNKAogVm7jWmQ7+AySLA9Tg9,7.754605000000001,20.857951999999997,12.014864
430800,a0kbD0wrCI8kaItWajaE6DtgAXRxlv1YrKiJ6RlnSNKAogVm7jWmQ7+AySLA9Tg9,5.014519,19.252553,9.210348
431100,a0kbD0wrCI8kaItWajaE6DtgAXRxlv1YrKiJ6RlnSNKAogVm7jWmQ7+AySLA9Tg9,6.609408999999999,17.418636,10.138587
431400,a0kbD0wrCI8kaItWajaE6DtgAXRxlv1YrKiJ6RlnSNKAogVm7jWmQ7+AySLA9Tg9,5.7874620000000006,18.896522,10.895449000000001
431700,a0kbD0wrCI8kaItWajaE6DtgAXRxlv1YrKiJ6RlnSNKAogVm7jWmQ7+AySLA9Tg9,5.65854,12.828272,9.350957000000001
432000,a0kbD0wrCI8kaItWajaE6DtgAXRxlv1YrKiJ6RlnSNKAogVm7jWmQ7+AySLA9Tg9,5.86728,20.416064000000002,11.774647
432300,a0kbD0wrCI8kaItWajaE6DtgAXRxlv1YrKiJ6RlnSNKAogVm7jWmQ7+AySLA9Tg9,8.4848,35.658640000000005,14.662656
432600,a0kbD0wrCI8kaItWajaE6DtgAXRxlv1YrKiJ6RlnSNKAogVm7jWmQ7+AySLA9Tg9,6.124454,21.535467,12.089236999999999
432900,a0kbD0wrCI8kaItWajaE6DtgAXRxlv1YrKiJ6RlnSNKAogVm7jWmQ7+AySLA9Tg9,0.964463,21.102435999999997,11.867064
433200,a0kbD0wrCI8kaItWajaE6DtgAXRxlv1YrKiJ6RlnSNKAogVm7jWmQ7+AySLA9Tg9,7.86773,26.966189,14.885963
433500,a0kbD0wrCI8kaItWajaE6DtgAXRxlv1YrKiJ6RlnSNKAogVm7jWmQ7+AySLA9Tg9,6.9114,25.582492000000002,13.134720000000002
433800,a0kbD0wrCI8kaItWajaE6DtgAXRxlv1YrKiJ6RlnSNKAogVm7jWmQ7+AySLA9Tg9,3.862481,20.220511,13.645607
434100,a0kbD0wrCI8kaItWajaE6DtgAXRxlv1YrKiJ6RlnSNKAogVm7jWmQ7+AySLA9Tg9,3.774464,19.381262,12.097016
434400,a0kbD0wrCI8kaItWajaE6DtgAXRxlv1YrKiJ6RlnSNKAogVm7jWmQ7+AySLA9Tg9,0.960375,18.483635,11.874202
434700,a0kbD0wrCI8kaItWajaE6DtgAXRxlv1YrKiJ6RlnSNKAogVm7jWmQ7+AySLA9Tg9,4.666263,17.365323,11.105531
435000,a0kbD0wrCI8kaItWajaE6DtgAXRxlv1YrKiJ6RlnSNKAogVm7jWmQ7+AySLA9Tg9,1.6035270000000001,20.619937,12.217084
435300,a0kbD0wrCI8kaItWajaE6DtgAXRxlv1YrKiJ6RlnSNKAogVm7jWmQ7+AySLA9Tg9,6.4009339999999995,20.160683,11.234591
435600,a0kbD0wrCI8kaItWajaE6DtgAXRxlv1YrKiJ6RlnSNKAogVm7jWmQ7+AySLA9Tg9,0.595696,21.211047,10.253631
435900,a0kbD0wrCI8kaItWajaE6DtgAXRxlv1YrKiJ6RlnSNKAogVm7jWmQ7+AySLA9Tg9,4.838608,25.015736999999998,14.369204000000002
436200,a0kbD0wrCI8kaItWajaE6DtgAXRxlv1YrKiJ6RlnSNKAogVm7jWmQ7+AySLA9Tg9,5.472988,19.170551,11.416527
436500,a0kbD0wrCI8kaItWajaE6DtgAXRxlv1YrKiJ6RlnSNKAogVm7jWmQ7+AySLA9Tg9,2.3595490000000003,20.944484,10.604330000000001
436800,a0kbD0wrCI8kaItWajaE6DtgAXRxlv1YrKiJ6RlnSNKAogVm7jWmQ7+AySLA9Tg9,5.043664,25.151494,12.755566
437100,a0kbD0wrCI8kaItWajaE6DtgAXRxlv1YrKiJ6RlnSNKAogVm7jWmQ7+AySLA9Tg9,5.651665,42.584199,13.329426999999999
437400,a0kbD0wrCI8kaItWajaE6DtgAXRxlv1YrKiJ6RlnSNKAogVm7jWmQ7+AySLA9Tg9,5.918675,22.003753,12.563307
437700,a0kbD0wrCI8kaItWajaE6DtgAXRxlv1YrKiJ6RlnSNKAogVm7jWmQ7+AySLA9Tg9,8.433072,25.137024,14.216282000000001
438000,a0kbD0wrCI8kaItWajaE6DtgAXRxlv1YrKiJ6RlnSNKAogVm7jWmQ7+AySLA9Tg9,7.236522,21.090569,11.966398
438300,a0kbD0wrCI8kaItWajaE6DtgAXRxlv1YrKiJ6RlnSNKAogVm7jWmQ7+AySLA9Tg9,7.723955999999999,21.128209,14.915384
438600,a0kbD0wrCI8kaItWajaE6DtgAXRxlv1YrKiJ6RlnSNKAogVm7jWmQ7+AySLA9Tg9,1.113701,28.084503,14.738909
438900,a0kbD0wrCI8kaItWajaE6DtgAXRxlv1YrKiJ6RlnSNKAogVm7jWmQ7+AySLA9Tg9,7.591338,22.949061,11.977767
439200,a0kbD0wrCI8kaItWajaE6DtgAXRxlv1YrKiJ6RlnSNKAogVm7jWmQ7+AySLA9Tg9,4.977136,16.545019,10.834839
439500,a0kbD0wrCI8kaItWajaE6DtgAXRxlv1YrKiJ6RlnSNKAogVm7jWmQ7+AySLA9Tg9,9.091758,28.402337,14.665071
439800,a0kbD0wrCI8kaItWajaE6DtgAXRxlv1YrKiJ6RlnSNKAogVm7jWmQ7+AySLA9Tg9,4.2581370000000005,30.108239,11.527885000000001
440100,a0kbD0wrCI8kaItWajaE6DtgAXRxlv1YrKiJ6RlnSNKAogVm7jWmQ7+AySLA9Tg9,7.008984,18.24655,12.375466000000001
440400,a0kbD0wrCI8kaItWajaE6DtgAXRxlv1YrKiJ6RlnSNKAogVm7jWmQ7+AySLA9Tg9,4.359612,31.214128000000002,18.090284
440700,a0kbD0wrCI8kaItWajaE6DtgAXRxlv1YrKiJ6RlnSNKAogVm7jWmQ7+AySLA9Tg9,12.46596,68.364026,33.956652000000005
441000,a0kbD0wrCI8kaItWajaE6DtgAXRxlv1YrKiJ6RlnSNKAogVm7jWmQ7+AySLA9Tg9,9.447092999999999,67.621461,21.034176000000002
441300,a0kbD0wrCI8kaItWajaE6DtgAXRxlv1YrKiJ6RlnSNKAogVm7jWmQ7+AySLA9Tg9,8.165156,21.117201,13.471845000000002
441600,a0kbD0wrCI8kaItWajaE6DtgAXRxlv1YrKiJ6RlnSNKAogVm7jWmQ7+AySLA9Tg9,6.205596,20.439803,12.329485
441900,a0kbD0wrCI8kaItWajaE6DtgAXRxlv1YrKiJ6RlnSNKAogVm7jWmQ7+AySLA9Tg9,1.2401469999999999,21.988436,11.924593
442200,a0kbD0wrCI8kaItWajaE6DtgAXRxlv1YrKiJ6RlnSNKAogVm7jWmQ7+AySLA9Tg9,6.56675,24.188548,11.602186
442500,a0kbD0wrCI8kaItWajaE6DtgAXRxlv1YrKiJ6RlnSNKAogVm7jWmQ7+AySLA9Tg9,2.9058650000000004,26.350573999999998,17.24744
442800,a0kbD0wrCI8kaItWajaE6DtgAXRxlv1YrKiJ6RlnSNKAogVm7jWmQ7+AySLA9Tg9,9.835837,30.608634000000002,19.801849
443100,a0kbD0wrCI8kaItWajaE6DtgAXRxlv1YrKiJ6RlnSNKAogVm7jWmQ7+AySLA9Tg9,11.924197,56.784663,22.571023999999998
443400,a0kbD0wrCI8kaItWajaE6DtgAXRxlv1YrKiJ6RlnSNKAogVm7jWmQ7+AySLA9Tg9,11.108652000000001,40.930577,21.756835
443700,a0kbD0wrCI8kaItWajaE6DtgAXRxlv1YrKiJ6RlnSNKAogVm7jWmQ7+AySLA9Tg9,11.248422,21.875769000000002,16.53349
444000,a0kbD0wrCI8kaItWajaE6DtgAXRxlv1YrKiJ6RlnSNKAogVm7jWmQ7+AySLA9Tg9,8.489559,29.978134999999998,18.433173
444300,a0kbD0wrCI8kaItWajaE6DtgAXRxlv1YrKiJ6RlnSNKAogVm7jWmQ7+AySLA9Tg9,11.98282,33.093065,19.672968
444600,a0kbD0wrCI8kaItWajaE6DtgAXRxlv1YrKiJ6RlnSNKAogVm7jWmQ7+AySLA9Tg9,11.115714,31.142556,20.341645
444900,a0kbD0wrCI8kaItWajaE6DtgAXRxlv1YrKiJ6RlnSNKAogVm7jWmQ7+AySLA9Tg9,10.253494,31.685304,21.870125
445200,a0kbD0wrCI8kaItWajaE6DtgAXRxlv1YrKiJ6RlnSNKAogVm7jWmQ7+AySLA9Tg9,9.222607,32.153672,19.66694
445500,a0kbD0wrCI8kaItWajaE6DtgAXRxlv1YrKiJ6RlnSNKAogVm7jWmQ7+AySLA9Tg9,8.171786,24.130295999999998,16.224755
445800,a0kbD0wrCI8kaItWajaE6DtgAXRxlv1YrKiJ6RlnSNKAogVm7jWmQ7+AySLA9Tg9,9.626707000000001,29.700083000000003,15.406532
446100,a0kbD0wrCI8kaItWajaE6DtgAXRxlv1YrKiJ6RlnSNKAogVm7jWmQ7+AySLA9Tg9,7.550969,27.748063000000002,17.382527
446400,a0kbD0wrCI8kaItWajaE6DtgAXRxlv1YrKiJ6RlnSNKAogVm7jWmQ7+AySLA9Tg9,1.650178,24.368499,15.123949
446700,a0kbD0wrCI8kaItWajaE6DtgAXRxlv1YrKiJ6RlnSNKAogVm7jWmQ7+AySLA9Tg9,10.009373,51.666666,23.527608999999998
447000,a0kbD0wrCI8kaItWajaE6DtgAXRxlv1YrKiJ6RlnSNKAogVm7jWmQ7+AySLA9Tg9,13.279751000000001,42.931467,26.401397999999997
447300,a0kbD0wrCI8kaItWajaE6DtgAXRxlv1YrKiJ6RlnSNKAogVm7jWmQ7+AySLA9Tg9,11.503936999999999,35.000763,21.495912
447600,a0kbD0wrCI8kaItWajaE6DtgAXRxlv1YrKiJ6RlnSNKAogVm7jWmQ7+AySLA9Tg9,9.218736,34.823434000000006,19.61303
447900,a0kbD0wrCI8kaItWajaE6DtgAXRxlv1YrKiJ6RlnSNKAogVm7jWmQ7+AySLA9Tg9,8.858649,30.402043,16.217899
448200,a0kbD0wrCI8kaItWajaE6DtgAXRxlv1YrKiJ6RlnSNKAogVm7jWmQ7+AySLA9Tg9,10.689798,25.382209,17.337064
448500,a0kbD0wrCI8kaItWajaE6DtgAXRxlv1YrKiJ6RlnSNKAogVm7jWmQ7+AySLA9Tg9,11.078331,28.503611,19.607468
448800,a0kbD0wrCI8kaItWajaE6DtgAXRxlv1YrKiJ6RlnSNKAogVm7jWmQ7+AySLA9Tg9,11.57082,30.561190000000003,17.679462
449100,a0kbD0wrCI8kaItWajaE6DtgAXRxlv1YrKiJ6RlnSNKAogVm7jWmQ7+AySLA9Tg9,10.748283,27.604822,17.854723999999997
449400,a0kbD0wrCI8kaItWajaE6DtgAXRxlv1YrKiJ6RlnSNKAogVm7jWmQ7+AySLA9Tg9,7.1954080000000005,21.745482,14.573
449700,a0kbD0wrCI8kaItWajaE6DtgAXRxlv1YrKiJ6RlnSNKAogVm7jWmQ7+AySLA9Tg9,9.423079,34.424878,17.075886999999998
450000,a0kbD0wrCI8kaItWajaE6DtgAXRxlv1YrKiJ6RlnSNKAogVm7jWmQ7+AySLA9Tg9,11.404093,36.806767,19.630047
450300,a0kbD0wrCI8kaItWajaE6DtgAXRxlv1YrKiJ6RlnSNKAogVm7jWmQ7+AySLA9Tg9,11.02554,36.3853,21.644327
450600,a0kbD0wrCI8kaItWajaE6DtgAXRxlv1YrKiJ6RlnSNKAogVm7jWmQ7+AySLA9Tg9,14.66381,39.221392,24.607287
450900,a0kbD0wrCI8kaItWajaE6DtgAXRxlv1YrKiJ6RlnSNKAogVm7jWmQ7+AySLA9Tg9,18.823393,34.035592,25.207526
451200,a0kbD0wrCI8kaItWajaE6DtgAXRxlv1YrKiJ6RlnSNKAogVm7jWmQ7+AySLA9Tg9,14.100529000000002,38.781473,24.746229999999997
451500,a0kbD0wrCI8kaItWajaE6DtgAXRxlv1YrKiJ6RlnSNKAogVm7jWmQ7+AySLA9Tg9,14.156160999999999,33.162357,22.654146
451800,a0kbD0wrCI8kaItWajaE6DtgAXRxlv1YrKiJ6RlnSNKAogVm7jWmQ7+AySLA9Tg9,11.83767,30.030534999999997,19.963721
452100,a0kbD0wrCI8kaItWajaE6DtgAXRxlv1YrKiJ6RlnSNKAogVm7jWmQ7+AySLA9Tg9,11.780852000000001,51.8598,28.374553000000002
452400,a0kbD0wrCI8kaItWajaE6DtgAXRxlv1YrKiJ6RlnSNKAogVm7jWmQ7+AySLA9Tg9,21.514594,39.978446000000005,27.332503999999997
452700,a0kbD0wrCI8kaItWajaE6DtgAXRxlv1YrKiJ6RlnSNKAogVm7jWmQ7+AySLA9Tg9,13.428579000000001,52.232879,23.182312
453000,a0kbD0wrCI8kaItWajaE6DtgAXRxlv1YrKiJ6RlnSNKAogVm7jWmQ7+AySLA9Tg9,15.519207999999999,38.578767,23.542018
453300,a0kbD0wrCI8kaItWajaE6DtgAXRxlv1YrKiJ6RlnSNKAogVm7jWmQ7+AySLA9Tg9,12.025367,36.194209,23.849725
453600,a0kbD0wrCI8kaItWajaE6DtgAXRxlv1YrKiJ6RlnSNKAogVm7jWmQ7+AySLA9Tg9,14.267995,29.510187,20.367053
453900,a0kbD0wrCI8kaItWajaE6DtgAXRxlv1YrKiJ6RlnSNKAogVm7jWmQ7+AySLA9Tg9,11.460539,36.39295,20.259705
454200,a0kbD0wrCI8kaItWajaE6DtgAXRxlv1YrKiJ6RlnSNKAogVm7jWmQ7+AySLA9Tg9,9.485531,35.137159999999994,21.755071
454500,a0kbD0wrCI8kaItWajaE6DtgAXRxlv1YrKiJ6RlnSNKAogVm7jWmQ7+AySLA9Tg9,10.666424000000001,34.596624,19.331801000000002
454800,a0kbD0wrCI8kaItWajaE6DtgAXRxlv1YrKiJ6RlnSNKAogVm7jWmQ7+AySLA9Tg9,12.664501,35.141568,22.85389
455100,a0kbD0wrCI8kaItWajaE6DtgAXRxlv1YrKiJ6RlnSNKAogVm7jWmQ7+AySLA9Tg9,12.994119,28.920032,20.103912
455400,a0kbD0wrCI8kaItWajaE6DtgAXRxlv1YrKiJ6RlnSNKAogVm7jWmQ7+AySLA9Tg9,9.86168,27.952060999999997,19.205003
455700,a0kbD0wrCI8kaItWajaE6DtgAXRxlv1YrKiJ6RlnSNKAogVm7jWmQ7+AySLA9Tg9,10.309431,25.226349,18.089156
456000,a0kbD0wrCI8kaItWajaE6DtgAXRxlv1YrKiJ6RlnSNKAogVm7jWmQ7+AySLA9Tg9,11.238663,28.501189,18.631161
456300,a0kbD0wrCI8kaItWajaE6DtgAXRxlv1YrKiJ6RlnSNKAogVm7jWmQ7+AySLA9Tg9,10.933919,32.433026,19.968018
456600,a0kbD0wrCI8kaItWajaE6DtgAXRxlv1YrKiJ6RlnSNKAogVm7jWmQ7+AySLA9Tg9,5.6219209999999995,32.125398,21.516170000000002
456900,a0kbD0wrCI8kaItWajaE6DtgAXRxlv1YrKiJ6RlnSNKAogVm7jWmQ7+AySLA9Tg9,13.633548999999999,32.365476,22.484419
457200,a0kbD0wrCI8kaItWajaE6DtgAXRxlv1YrKiJ6RlnSNKAogVm7jWmQ7+AySLA9Tg9,14.378449,38.471084999999995,26.121653
457500,a0kbD0wrCI8kaItWajaE6DtgAXRxlv1YrKiJ6RlnSNKAogVm7jWmQ7+AySLA9Tg9,8.796654,29.654699,20.636092
457800,a0kbD0wrCI8kaItWajaE6DtgAXRxlv1YrKiJ6RlnSNKAogVm7jWmQ7+AySLA9Tg9,14.415308999999999,36.545303999999994,23.20881
458100,a0kbD0wrCI8kaItWajaE6DtgAXRxlv1YrKiJ6RlnSNKAogVm7jWmQ7+AySLA9Tg9,9.680489,30.583643,19.980641000000002
458400,a0kbD0wrCI8kaItWajaE6DtgAXRxlv1YrKiJ6RlnSNKAogVm7jWmQ7+AySLA9Tg9,12.472935000000001,33.93497,22.171081
458700,a0kbD0wrCI8kaItWajaE6DtgAXRxlv1YrKiJ6RlnSNKAogVm7jWmQ7+AySLA9Tg9,3.146525,26.624157,16.320128
459000,a0kbD0wrCI8kaItWajaE6DtgAXRxlv1YrKiJ6RlnSNKAogVm7jWmQ7+AySLA9Tg9,10.125687,24.127815,17.490429000000002
459300,a0kbD0wrCI8kaItWajaE6DtgAXRxlv1YrKiJ6RlnSNKAogVm7jWmQ7+AySLA9Tg9,11.276889,43.557369,21.482481
459600,a0kbD0wrCI8kaItWajaE6DtgAXRxlv1YrKiJ6RlnSNKAogVm7jWmQ7+AySLA9Tg9,12.193372,28.361741,19.661093
459900,a0kbD0wrCI8kaItWajaE6DtgAXRxlv1YrKiJ6RlnSNKAogVm7jWmQ7+AySLA9Tg9,1.585546,28.557570000000002,19.076728
460200,a0kbD0wrCI8kaItWajaE6DtgAXRxlv1YrKiJ6RlnSNKAogVm7jWmQ7+AySLA9Tg9,11.939039,35.802989000000004,20.329821
460500,a0kbD0wrCI8kaItWajaE6DtgAXRxlv1YrKiJ6RlnSNKAogVm7jWmQ7+AySLA9Tg9,10.609751,33.497014,20.450126
460800,a0kbD0wrCI8kaItWajaE6DtgAXRxlv1YrKiJ6RlnSNKAogVm7jWmQ7+AySLA9Tg9,8.543216000000001,25.988019,16.679922
461100,a0kbD0wrCI8kaItWajaE6DtgAXRxlv1YrKiJ6RlnSNKAogVm7jWmQ7+AySLA9Tg9,11.61956,36.394202,20.487804999999998
461400,a0kbD0wrCI8kaItWajaE6DtgAXRxlv1YrKiJ6RlnSNKAogVm7jWmQ7+AySLA9Tg9,7.781076,25.86695,17.896881
461700,a0kbD0wrCI8kaItWajaE6DtgAXRxlv1YrKiJ6RlnSNKAogVm7jWmQ7+AySLA9Tg9,13.905285000000001,28.300005,20.160097
462000,a0kbD0wrCI8kaItWajaE6DtgAXRxlv1YrKiJ6RlnSNKAogVm7jWmQ7+AySLA9Tg9,12.542457,27.58802,20.706616
462300,a0kbD0wrCI8kaItWajaE6DtgAXRxlv1YrKiJ6RlnSNKAogVm7jWmQ7+AySLA9Tg9,2.480844,27.113135999999997,13.378526999999998
462600,a0kbD0wrCI8kaItWajaE6DtgAXRxlv1YrKiJ6RlnSNKAogVm7jWmQ7+AySLA9Tg9,1.132269,25.364962,12.497572
462900,a0kbD0wrCI8kaItWajaE6DtgAXRxlv1YrKiJ6RlnSNKAogVm7jWmQ7+AySLA9Tg9,11.776817999999999,46.96763,20.578194
463200,a0kbD0wrCI8kaItWajaE6DtgAXRxlv1YrKiJ6RlnSNKAogVm7jWmQ7+AySLA9Tg9,5.26467,24.402010999999998,14.959056
463500,a0kbD0wrCI8kaItWajaE6DtgAXRxlv1YrKiJ6RlnSNKAogVm7jWmQ7+AySLA9Tg9,7.629481,32.109315,15.004585999999998
463800,a0kbD0wrCI8kaItWajaE6DtgAXRxlv1YrKiJ6RlnSNKAogVm7jWmQ7+AySLA9Tg9,9.761207,30.780026,16.378418
464100,a0kbD0wrCI8kaItWajaE6DtgAXRxlv1YrKiJ6RlnSNKAogVm7jWmQ7+AySLA9Tg9,6.353953,39.069809,16.031994
464400,a0kbD0wrCI8kaItWajaE6DtgAXRxlv1YrKiJ6RlnSNKAogVm7jWmQ7+AySLA9Tg9,6.017530000000001,24.02286,14.636517000000001
464700,a0kbD0wrCI8kaItWajaE6DtgAXRxlv1YrKiJ6RlnSNKAogVm7jWmQ7+AySLA9Tg9,0.42960299999999996,25.200657999999997,12.494608
465000,a0kbD0wrCI8kaItWajaE6DtgAXRxlv1YrKiJ6RlnSNKAogVm7jWmQ7+AySLA9Tg9,7.567386,27.790567,16.472304
465300,a0kbD0wrCI8kaItWajaE6DtgAXRxlv1YrKiJ6RlnSNKAogVm7jWmQ7+AySLA9Tg9,2.607002,28.492143,15.555268
465600,a0kbD0wrCI8kaItWajaE6DtgAXRxlv1YrKiJ6RlnSNKAogVm7jWmQ7+AySLA9Tg9,5.617502,29.747491999999998,14.375366
465900,a0kbD0wrCI8kaItWajaE6DtgAXRxlv1YrKiJ6RlnSNKAogVm7jWmQ7+AySLA9Tg9,7.3489830000000005,21.682317,15.112511999999999
466200,a0kbD0wrCI8kaItWajaE6DtgAXRxlv1YrKiJ6RlnSNKAogVm7jWmQ7+AySLA9Tg9,9.57128,30.658337,16.498496
466500,a0kbD0wrCI8kaItWajaE6DtgAXRxlv1YrKiJ6RlnSNKAogVm7jWmQ7+AySLA9Tg9,4.048521,25.133156,13.689551999999999
466800,a0kbD0wrCI8kaItWajaE6DtgAXRxlv1YrKiJ6RlnSNKAogVm7jWmQ7+AySLA9Tg9,6.444793,21.639574,14.824109
467100,a0kbD0wrCI8kaItWajaE6DtgAXRxlv1YrKiJ6RlnSNKAogVm7jWmQ7+AySLA9Tg9,13.073308,25.266199,18.438568
467400,a0kbD0wrCI8kaItWajaE6DtgAXRxlv1YrKiJ6RlnSNKAogVm7jWmQ7+AySLA9Tg9,7.82286,27.312677,15.034673999999999
467700,a0kbD0wrCI8kaItWajaE6DtgAXRxlv1YrKiJ6RlnSNKAogVm7jWmQ7+AySLA9Tg9,8.360769,26.959774,15.100906
468000,a0kbD0wrCI8kaItWajaE6DtgAXRxlv1YrKiJ6RlnSNKAogVm7jWmQ7+AySLA9Tg9,3.937792,27.666753000000003,16.586322
468300,a0kbD0wrCI8kaItWajaE6DtgAXRxlv1YrKiJ6RlnSNKAogVm7jWmQ7+AySLA9Tg9,7.8555600000000005,28.210607,15.142902
468600,a0kbD0wrCI8kaItWajaE6DtgAXRxlv1YrKiJ6RlnSNKAogVm7jWmQ7+AySLA9Tg9,9.967982000000001,42.165051,19.501464000000002
468900,a0kbD0wrCI8kaItWajaE6DtgAXRxlv1YrKiJ6RlnSNKAogVm7jWmQ7+AySLA9Tg9,8.525412,23.726371,17.124384
469200,a0kbD0wrCI8kaItWajaE6DtgAXRxlv1YrKiJ6RlnSNKAogVm7jWmQ7+AySLA9Tg9,10.121587,26.859665000000003,18.091737
469500,a0kbD0wrCI8kaItWajaE6DtgAXRxlv1YrKiJ6RlnSNKAogVm7jWmQ7+AySLA9Tg9,1.951136,24.259434,14.697923000000001
469800,a0kbD0wrCI8kaItWajaE6DtgAXRxlv1YrKiJ6RlnSNKAogVm7jWmQ7+AySLA9Tg9,9.552697,25.407906,16.090132
470100,a0kbD0wrCI8kaItWajaE6DtgAXRxlv1YrKiJ6RlnSNKAogVm7jWmQ7+AySLA9Tg9,3.427601,25.74342,14.761644
470400,a0kbD0wrCI8kaItWajaE6DtgAXRxlv1YrKiJ6RlnSNKAogVm7jWmQ7+AySLA9Tg9,7.69331,35.906203000000005,17.301714
470700,a0kbD0wrCI8kaItWajaE6DtgAXRxlv1YrKiJ6RlnSNKAogVm7jWmQ7+AySLA9Tg9,9.47058,37.502896,17.735357
471000,a0kbD0wrCI8kaItWajaE6DtgAXRxlv1YrKiJ6RlnSNKAogVm7jWmQ7+AySLA9Tg9,5.9543610000000005,34.22829,16.674376000000002
471300,a0kbD0wrCI8kaItWajaE6DtgAXRxlv1YrKiJ6RlnSNKAogVm7jWmQ7+AySLA9Tg9,7.464268,28.368292999999998,17.345283
471600,a0kbD0wrCI8kaItWajaE6DtgAXRxlv1YrKiJ6RlnSNKAogVm7jWmQ7+AySLA9Tg9,9.194497,53.025620999999994,21.327755
471900,a0kbD0wrCI8kaItWajaE6DtgAXRxlv1YrKiJ6RlnSNKAogVm7jWmQ7+AySLA9Tg9,8.242261,24.496883,15.391901
472200,a0kbD0wrCI8kaItWajaE6DtgAXRxlv1YrKiJ6RlnSNKAogVm7jWmQ7+AySLA9Tg9,8.679509,41.970815,16.656851
472500,a0kbD0wrCI8kaItWajaE6DtgAXRxlv1YrKiJ6RlnSNKAogVm7jWmQ7+AySLA9Tg9,11.239408000000001,28.708356,17.230352
472800,a0kbD0wrCI8kaItWajaE6DtgAXRxlv1YrKiJ6RlnSNKAogVm7jWmQ7+AySLA9Tg9,5.909419000000001,22.778867,14.002442000000002
473100,a0kbD0wrCI8kaItWajaE6DtgAXRxlv1YrKiJ6RlnSNKAogVm7jWmQ7+AySLA9Tg9,11.368777,29.972909,17.485029
473400,a0kbD0wrCI8kaItWajaE6DtgAXRxlv1YrKiJ6RlnSNKAogVm7jWmQ7+AySLA9Tg9,3.258336,21.54348,15.083043
473700,a0kbD0wrCI8kaItWajaE6DtgAXRxlv1YrKiJ6RlnSNKAogVm7jWmQ7+AySLA9Tg9,4.492882,26.760882000000002,15.826160999999999
474000,a0kbD0wrCI8kaItWajaE6DtgAXRxlv1YrKiJ6RlnSNKAogVm7jWmQ7+AySLA9Tg9,9.895733,23.032529,16.127554
474300,a0kbD0wrCI8kaItWajaE6DtgAXRxlv1YrKiJ6RlnSNKAogVm7jWmQ7+AySLA9Tg9,8.246273,24.760728,16.011128
474600,a0kbD0wrCI8kaItWajaE6DtgAXRxlv1YrKiJ6RlnSNKAogVm7jWmQ7+AySLA9Tg9,9.190010000000001,29.128953000000003,15.424437
474900,a0kbD0wrCI8kaItWajaE6DtgAXRxlv1YrKiJ6RlnSNKAogVm7jWmQ7+AySLA9Tg9,7.289694,21.155609,13.997288000000001
475200,a0kbD0wrCI8kaItWajaE6DtgAXRxlv1YrKiJ6RlnSNKAogVm7jWmQ7+AySLA9Tg9,8.363552,30.74111,18.184164000000003
475500,a0kbD0wrCI8kaItWajaE6DtgAXRxlv1YrKiJ6RlnSNKAogVm7jWmQ7+AySLA9Tg9,3.089761,27.602915999999997,14.387768
475800,a0kbD0wrCI8kaItWajaE6DtgAXRxlv1YrKiJ6RlnSNKAogVm7jWmQ7+AySLA9Tg9,13.072558,26.721929,18.830471
476100,a0kbD0wrCI8kaItWajaE6DtgAXRxlv1YrKiJ6RlnSNKAogVm7jWmQ7+AySLA9Tg9,3.564525,25.691352,15.608482999999998
476400,a0kbD0wrCI8kaItWajaE6DtgAXRxlv1YrKiJ6RlnSNKAogVm7jWmQ7+AySLA9Tg9,6.153256,23.739932,12.879133
476700,a0kbD0wrCI8kaItWajaE6DtgAXRxlv1YrKiJ6RlnSNKAogVm7jWmQ7+AySLA9Tg9,10.403672,22.982908,15.901853
477000,a0kbD0wrCI8kaItWajaE6DtgAXRxlv1YrKiJ6RlnSNKAogVm7jWmQ7+AySLA9Tg9,7.190836,29.215460999999998,17.742156
477300,a0kbD0wrCI8kaItWajaE6DtgAXRxlv1YrKiJ6RlnSNKAogVm7jWmQ7+AySLA9Tg9,8.462246,22.287598000000003,15.577565
477600,a0kbD0wrCI8kaItWajaE6DtgAXRxlv1YrKiJ6RlnSNKAogVm7jWmQ7+AySLA9Tg9,4.888866999999999,29.603046000000003,15.805522
477900,a0kbD0wrCI8kaItWajaE6DtgAXRxlv1YrKiJ6RlnSNKAogVm7jWmQ7+AySLA9Tg9,9.164786999999999,25.441334,17.397136
478200,a0kbD0wrCI8kaItWajaE6DtgAXRxlv1YrKiJ6RlnSNKAogVm7jWmQ7+AySLA9Tg9,11.928472,34.810496,17.184929999999998
478500,a0kbD0wrCI8kaItWajaE6DtgAXRxlv1YrKiJ6RlnSNKAogVm7jWmQ7+AySLA9Tg9,7.6258479999999995,21.480163,14.121222
478800,a0kbD0wrCI8kaItWajaE6DtgAXRxlv1YrKiJ6RlnSNKAogVm7jWmQ7+AySLA9Tg9,6.456326,34.861483,15.597175
479100,a0kbD0wrCI8kaItWajaE6DtgAXRxlv1YrKiJ6RlnSNKAogVm7jWmQ7+AySLA9Tg9,6.550082,28.401384999999998,13.850045000000001
479400,a0kbD0wrCI8kaItWajaE6DtgAXRxlv1YrKiJ6RlnSNKAogVm7jWmQ7+AySLA9Tg9,9.586646,25.187545999999998,16.342370000000003
479700,a0kbD0wrCI8kaItWajaE6DtgAXRxlv1YrKiJ6RlnSNKAogVm7jWmQ7+AySLA9Tg9,4.430561,20.784938,14.944033
480000,a0kbD0wrCI8kaItWajaE6DtgAXRxlv1YrKiJ6RlnSNKAogVm7jWmQ7+AySLA9Tg9,6.665468,27.368078999999998,13.703672000000001
480300,a0kbD0wrCI8kaItWajaE6DtgAXRxlv1YrKiJ6RlnSNKAogVm7jWmQ7+AySLA9Tg9,7.235975999999999,32.398489,13.805192000000002
480600,a0kbD0wrCI8kaItWajaE6DtgAXRxlv1YrKiJ6RlnSNKAogVm7jWmQ7+AySLA9Tg9,5.503638,23.73694,12.299711
480900,a0kbD0wrCI8kaItWajaE6DtgAXRxlv1YrKiJ6RlnSNKAogVm7jWmQ7+AySLA9Tg9,7.619984,25.551962,14.080573000000001
481200,a0kbD0wrCI8kaItWajaE6DtgAXRxlv1YrKiJ6RlnSNKAogVm7jWmQ7+AySLA9Tg9,3.526535,20.951159,10.858383
481500,a0kbD0wrCI8kaItWajaE6DtgAXRxlv1YrKiJ6RlnSNKAogVm7jWmQ7+AySLA9Tg9,1.8118470000000002,19.714160999999997,11.928933
481800,a0kbD0wrCI8kaItWajaE6DtgAXRxlv1YrKiJ6RlnSNKAogVm7jWmQ7+AySLA9Tg9,6.095936,19.107676,10.430192
482100,a0kbD0wrCI8kaItWajaE6DtgAXRxlv1YrKiJ6RlnSNKAogVm7jWmQ7+AySLA9Tg9,4.869609,19.030849,11.790811
482400,a0kbD0wrCI8kaItWajaE6DtgAXRxlv1YrKiJ6RlnSNKAogVm7jWmQ7+AySLA9Tg9,0.712078,21.016382999999998,9.270387
482700,a0kbD0wrCI8kaItWajaE6DtgAXRxlv1YrKiJ6RlnSNKAogVm7jWmQ7+AySLA9Tg9,4.8521,12.032696000000001,7.998256
483000,a0kbD0wrCI8kaItWajaE6DtgAXRxlv1YrKiJ6RlnSNKAogVm7jWmQ7+AySLA9Tg9,5.449251,15.122584,9.870909
483300,a0kbD0wrCI8kaItWajaE6DtgAXRxlv1YrKiJ6RlnSNKAogVm7jWmQ7+AySLA9Tg9,4.512222,16.57244,8.302301
483600,a0kbD0wrCI8kaItWajaE6DtgAXRxlv1YrKiJ6RlnSNKAogVm7jWmQ7+AySLA9Tg9,1.322209,13.693534,6.665864
483900,a0kbD0wrCI8kaItWajaE6DtgAXRxlv1YrKiJ6RlnSNKAogVm7jWmQ7+AySLA9Tg9,3.526734,15.316673000000002,8.628159
484200,a0kbD0wrCI8kaItWajaE6DtgAXRxlv1YrKiJ6RlnSNKAogVm7jWmQ7+AySLA9Tg9,1.269657,18.666028,8.265421
484500,a0kbD0wrCI8kaItWajaE6DtgAXRxlv1YrKiJ6RlnSNKAogVm7jWmQ7+AySLA9Tg9,1.344554,15.660826,7.781605
484800,a0kbD0wrCI8kaItWajaE6DtgAXRxlv1YrKiJ6RlnSNKAogVm7jWmQ7+AySLA9Tg9,3.15216,16.414113,7.438163
485100,a0kbD0wrCI8kaItWajaE6DtgAXRxlv1YrKiJ6RlnSNKAogVm7jWmQ7+AySLA9Tg9,0.691481,10.220459,6.463216
485400,a0kbD0wrCI8kaItWajaE6DtgAXRxlv1YrKiJ6RlnSNKAogVm7jWmQ7+AySLA9Tg9,3.334261,10.525763000000001,6.28851
485700,a0kbD0wrCI8kaItWajaE6DtgAXRxlv1YrKiJ6RlnSNKAogVm7jWmQ7+AySLA9Tg9,0.6694180000000001,19.217823000000003,9.303886
486000,a0kbD0wrCI8kaItWajaE6DtgAXRxlv1YrKiJ6RlnSNKAogVm7jWmQ7+AySLA9Tg9,5.562582,19.113625,11.071613000000001
486300,a0kbD0wrCI8kaItWajaE6DtgAXRxlv1YrKiJ6RlnSNKAogVm7jWmQ7+AySLA9Tg9,3.01753,13.503826,7.9998190000000005
486600,a0kbD0wrCI8kaItWajaE6DtgAXRxlv1YrKiJ6RlnSNKAogVm7jWmQ7+AySLA9Tg9,2.9338189999999997,20.495034,9.174712
486900,a0kbD0wrCI8kaItWajaE6DtgAXRxlv1YrKiJ6RlnSNKAogVm7jWmQ7+AySLA9Tg9,3.621605,17.881948,9.826429
487200,a0kbD0wrCI8kaItWajaE6DtgAXRxlv1YrKiJ6RlnSNKAogVm7jWmQ7+AySLA9Tg9,1.9952889999999999,11.133341999999999,6.059804
487500,a0kbD0wrCI8kaItWajaE6DtgAXRxlv1YrKiJ6RlnSNKAogVm7jWmQ7+AySLA9Tg9,2.241286,12.625798,6.458166
487800,a0kbD0wrCI8kaItWajaE6DtgAXRxlv1YrKiJ6RlnSNKAogVm7jWmQ7+AySLA9Tg9,3.8851089999999995,25.197289,8.665846
488100,a0kbD0wrCI8kaItWajaE6DtgAXRxlv1YrKiJ6RlnSNKAogVm7jWmQ7+AySLA9Tg9,2.2364580000000003,9.699437,5.861562999999999
488400,a0kbD0wrCI8kaItWajaE6DtgAXRxlv1YrKiJ6RlnSNKAogVm7jWmQ7+AySLA9Tg9,1.2845309999999999,16.267951999999998,6.167421
488700,a0kbD0wrCI8kaItWajaE6DtgAXRxlv1YrKiJ6RlnSNKAogVm7jWmQ7+AySLA9Tg9,3.240272,12.964357000000001,7.070745
489000,a0kbD0wrCI8kaItWajaE6DtgAXRxlv1YrKiJ6RlnSNKAogVm7jWmQ7+AySLA9Tg9,1.499684,12.369197999999999,5.649464
489300,a0kbD0wrCI8kaItWajaE6DtgAXRxlv1YrKiJ6RlnSNKAogVm7jWmQ7+AySLA9Tg9,4.099049,13.163851000000001,6.887475
489600,a0kbD0wrCI8kaItWajaE6DtgAXRxlv1YrKiJ6RlnSNKAogVm7jWmQ7+AySLA9Tg9,4.0755550000000005,37.366343,9.851072
489900,a0kbD0wrCI8kaItWajaE6DtgAXRxlv1YrKiJ6RlnSNKAogVm7jWmQ7+AySLA9Tg9,1.308884,10.244568,5.10056
490200,a0kbD0wrCI8kaItWajaE6DtgAXRxlv1YrKiJ6RlnSNKAogVm7jWmQ7+AySLA9Tg9,1.7786220000000001,12.960607000000001,4.838274
490500,a0kbD0wrCI8kaItWajaE6DtgAXRxlv1YrKiJ6RlnSNKAogVm7jWmQ7+AySLA9Tg9,0.850008,8.629667,4.679551
490800,a0kbD0wrCI8kaItWajaE6DtgAXRxlv1YrKiJ6RlnSNKAogVm7jWmQ7+AySLA9Tg9,1.8591220000000002,9.208192,5.321262
491100,a0kbD0wrCI8kaItWajaE6DtgAXRxlv1YrKiJ6RlnSNKAogVm7jWmQ7+AySLA9Tg9,1.2356719999999999,9.960888,5.330724
491400,a0kbD0wrCI8kaItWajaE6DtgAXRxlv1YrKiJ6RlnSNKAogVm7jWmQ7+AySLA9Tg9,3.914708,14.058904,7.025875
491700,a0kbD0wrCI8kaItWajaE6DtgAXRxlv1YrKiJ6RlnSNKAogVm7jWmQ7+AySLA9Tg9,1.7136209999999998,9.941073,5.440519999999999
492000,a0kbD0wrCI8kaItWajaE6DtgAXRxlv1YrKiJ6RlnSNKAogVm7jWmQ7+AySLA9Tg9,1.30769,13.192480999999999,4.930733
492300,a0kbD0wrCI8kaItWajaE6DtgAXRxlv1YrKiJ6RlnSNKAogVm7jWmQ7+AySLA9Tg9,0.6168710000000001,11.759953999999999,5.347133
492600,a0kbD0wrCI8kaItWajaE6DtgAXRxlv1YrKiJ6RlnSNKAogVm7jWmQ7+AySLA9Tg9,1.241658,10.996832000000001,5.158622
492900,a0kbD0wrCI8kaItWajaE6DtgAXRxlv1YrKiJ6RlnSNKAogVm7jWmQ7+AySLA9Tg9,1.267224,10.473464,4.878981
493200,a0kbD0wrCI8kaItWajaE6DtgAXRxlv1YrKiJ6RlnSNKAogVm7jWmQ7+AySLA9Tg9,0.9913559999999999,11.676245,5.2651650000000005
493500,a0kbD0wrCI8kaItWajaE6DtgAXRxlv1YrKiJ6RlnSNKAogVm7jWmQ7+AySLA9Tg9,2.5392259999999998,11.337016,5.242516999999999
493800,a0kbD0wrCI8kaItWajaE6DtgAXRxlv1YrKiJ6RlnSNKAogVm7jWmQ7+AySLA9Tg9,2.203127,14.422163000000001,5.153032
494100,a0kbD0wrCI8kaItWajaE6DtgAXRxlv1YrKiJ6RlnSNKAogVm7jWmQ7+AySLA9Tg9,2.8167240000000002,10.527047999999999,5.886821
494400,a0kbD0wrCI8kaItWajaE6DtgAXRxlv1YrKiJ6RlnSNKAogVm7jWmQ7+AySLA9Tg9,0.9035190000000001,9.28355,4.632084
494700,a0kbD0wrCI8kaItWajaE6DtgAXRxlv1YrKiJ6RlnSNKAogVm7jWmQ7+AySLA9Tg9,2.756072,10.568038,5.20932
495000,a0kbD0wrCI8kaItWajaE6DtgAXRxlv1YrKiJ6RlnSNKAogVm7jWmQ7+AySLA9Tg9,2.482527,19.048537,6.984767
495300,a0kbD0wrCI8kaItWajaE6DtgAXRxlv1YrKiJ6RlnSNKAogVm7jWmQ7+AySLA9Tg9,1.224108,14.245098,5.149685
495600,a0kbD0wrCI8kaItWajaE6DtgAXRxlv1YrKiJ6RlnSNKAogVm7jWmQ7+AySLA9Tg9,1.741797,8.797052,4.518487
495900,a0kbD0wrCI8kaItWajaE6DtgAXRxlv1YrKiJ6RlnSNKAogVm7jWmQ7+AySLA9Tg9,1.614357,10.770897999999999,6.090043
496200,a0kbD0wrCI8kaItWajaE6DtgAXRxlv1YrKiJ6RlnSNKAogVm7jWmQ7+AySLA9Tg9,1.7609650000000001,10.839386,5.355956
496500,a0kbD0wrCI8kaItWajaE6DtgAXRxlv1YrKiJ6RlnSNKAogVm7jWmQ7+AySLA9Tg9,2.146648,15.427265,6.148981
496800,a0kbD0wrCI8kaItWajaE6DtgAXRxlv1YrKiJ6RlnSNKAogVm7jWmQ7+AySLA9Tg9,2.26693,12.748323,5.560423999999999
497100,a0kbD0wrCI8kaItWajaE6DtgAXRxlv1YrKiJ6RlnSNKAogVm7jWmQ7+AySLA9Tg9,2.818809,26.24855,7.684067
497400,a0kbD0wrCI8kaItWajaE6DtgAXRxlv1YrKiJ6RlnSNKAogVm7jWmQ7+AySLA9Tg9,3.022109,11.014455,6.696675
497700,a0kbD0wrCI8kaItWajaE6DtgAXRxlv1YrKiJ6RlnSNKAogVm7jWmQ7+AySLA9Tg9,2.7349080000000003,49.823593,8.836675999999999
498000,a0kbD0wrCI8kaItWajaE6DtgAXRxlv1YrKiJ6RlnSNKAogVm7jWmQ7+AySLA9Tg9,1.090869,11.836708999999999,3.606114
498300,a0kbD0wrCI8kaItWajaE6DtgAXRxlv1YrKiJ6RlnSNKAogVm7jWmQ7+AySLA9Tg9,2.589339,10.476278,4.634436
498600,a0kbD0wrCI8kaItWajaE6DtgAXRxlv1YrKiJ6RlnSNKAogVm7jWmQ7+AySLA9Tg9,0.936974,8.655505999999999,4.1446819999999995
498900,a0kbD0wrCI8kaItWajaE6DtgAXRxlv1YrKiJ6RlnSNKAogVm7jWmQ7+AySLA9Tg9,1.699154,10.544938,4.175991000000001
499200,a0kbD0wrCI8kaItWajaE6DtgAXRxlv1YrKiJ6RlnSNKAogVm7jWmQ7+AySLA9Tg9,1.1341629999999998,9.547191999999999,4.292222
499500,a0kbD0wrCI8kaItWajaE6DtgAXRxlv1YrKiJ6RlnSNKAogVm7jWmQ7+AySLA9Tg9,1.351448,9.052213,4.52907
499800,a0kbD0wrCI8kaItWajaE6DtgAXRxlv1YrKiJ6RlnSNKAogVm7jWmQ7+AySLA9Tg9,0.858406,10.773094,4.486214
500100,a0kbD0wrCI8kaItWajaE6DtgAXRxlv1YrKiJ6RlnSNKAogVm7jWmQ7+AySLA9Tg9,1.843609,9.873386,4.884218
500400,a0kbD0wrCI8kaItWajaE6DtgAXRxlv1YrKiJ6RlnSNKAogVm7jWmQ7+AySLA9Tg9,0.664207,18.081598,4.932266
500700,a0kbD0wrCI8kaItWajaE6DtgAXRxlv1YrKiJ6RlnSNKAogVm7jWmQ7+AySLA9Tg9,2.3002279999999997,11.831814999999999,5.454835
501000,a0kbD0wrCI8kaItWajaE6DtgAXRxlv1YrKiJ6RlnSNKAogVm7jWmQ7+AySLA9Tg9,1.902575,11.05769,4.5982389999999995
501300,a0kbD0wrCI8kaItWajaE6DtgAXRxlv1YrKiJ6RlnSNKAogVm7jWmQ7+AySLA9Tg9,2.207945,7.646965,4.763789
501600,a0kbD0wrCI8kaItWajaE6DtgAXRxlv1YrKiJ6RlnSNKAogVm7jWmQ7+AySLA9Tg9,2.500036,7.126321000000001,4.137094
501900,a0kbD0wrCI8kaItWajaE6DtgAXRxlv1YrKiJ6RlnSNKAogVm7jWmQ7+AySLA9Tg9,1.0528790000000001,9.974167999999999,4.280048000000001
502200,a0kbD0wrCI8kaItWajaE6DtgAXRxlv1YrKiJ6RlnSNKAogVm7jWmQ7+AySLA9Tg9,2.976947,11.962046,5.524999
502500,a0kbD0wrCI8kaItWajaE6DtgAXRxlv1YrKiJ6RlnSNKAogVm7jWmQ7+AySLA9Tg9,0.9748620000000001,10.362304,4.522289
502800,a0kbD0wrCI8kaItWajaE6DtgAXRxlv1YrKiJ6RlnSNKAogVm7jWmQ7+AySLA9Tg9,1.965571,15.114448999999999,5.638429
503100,a0kbD0wrCI8kaItWajaE6DtgAXRxlv1YrKiJ6RlnSNKAogVm7jWmQ7+AySLA9Tg9,1.0891870000000001,10.245125,4.831903
503400,a0kbD0wrCI8kaItWajaE6DtgAXRxlv1YrKiJ6RlnSNKAogVm7jWmQ7+AySLA9Tg9,2.18513,11.448176,4.592662000000001
503700,a0kbD0wrCI8kaItWajaE6DtgAXRxlv1YrKiJ6RlnSNKAogVm7jWmQ7+AySLA9Tg9,1.871578,12.314618,4.640228
504000,a0kbD0wrCI8kaItWajaE6DtgAXRxlv1YrKiJ6RlnSNKAogVm7jWmQ7+AySLA9Tg9,0.903292,10.839796,5.64928
504300,a0kbD0wrCI8kaItWajaE6DtgAXRxlv1YrKiJ6RlnSNKAogVm7jWmQ7+AySLA9Tg9,3.8187629999999997,15.776695000000002,7.648135000000001
504600,a0kbD0wrCI8kaItWajaE6DtgAXRxlv1YrKiJ6RlnSNKAogVm7jWmQ7+AySLA9Tg9,1.889144,12.31753,4.082489
504900,a0kbD0wrCI8kaItWajaE6DtgAXRxlv1YrKiJ6RlnSNKAogVm7jWmQ7+AySLA9Tg9,1.6912310000000002,9.318992,4.9278949999999995
505200,a0kbD0wrCI8kaItWajaE6DtgAXRxlv1YrKiJ6RlnSNKAogVm7jWmQ7+AySLA9Tg9,0.693546,8.462519,3.8422769999999997
505500,a0kbD0wrCI8kaItWajaE6DtgAXRxlv1YrKiJ6RlnSNKAogVm7jWmQ7+AySLA9Tg9,1.586584,10.6178,4.291322
505800,a0kbD0wrCI8kaItWajaE6DtgAXRxlv1YrKiJ6RlnSNKAogVm7jWmQ7+AySLA9Tg9,2.352441,11.598028,5.580815
506100,a0kbD0wrCI8kaItWajaE6DtgAXRxlv1YrKiJ6RlnSNKAogVm7jWmQ7+AySLA9Tg9,1.084975,8.317188,4.823535
506400,a0kbD0wrCI8kaItWajaE6DtgAXRxlv1YrKiJ6RlnSNKAogVm7jWmQ7+AySLA9Tg9,2.221904,10.614327000000001,5.714722
506700,a0kbD0wrCI8kaItWajaE6DtgAXRxlv1YrKiJ6RlnSNKAogVm7jWmQ7+AySLA9Tg9,1.432342,17.506866,6.291818
507000,a0kbD0wrCI8kaItWajaE6DtgAXRxlv1YrKiJ6RlnSNKAogVm7jWmQ7+AySLA9Tg9,2.077014,7.725581,4.464003
507300,a0kbD0wrCI8kaItWajaE6DtgAXRxlv1YrKiJ6RlnSNKAogVm7jWmQ7+AySLA9Tg9,1.242077,8.691459,4.274608
507600,a0kbD0wrCI8kaItWajaE6DtgAXRxlv1YrKiJ6RlnSNKAogVm7jWmQ7+AySLA9Tg9,1.785607,10.875227,5.084726
507900,a0kbD0wrCI8kaItWajaE6DtgAXRxlv1YrKiJ6RlnSNKAogVm7jWmQ7+AySLA9Tg9,1.751453,24.545855,8.282144
508200,a0kbD0wrCI8kaItWajaE6DtgAXRxlv1YrKiJ6RlnSNKAogVm7jWmQ7+AySLA9Tg9,3.128703,11.694778,6.987922
508500,a0kbD0wrCI8kaItWajaE6DtgAXRxlv1YrKiJ6RlnSNKAogVm7jWmQ7+AySLA9Tg9,2.337841,20.685285,6.769658
508800,a0kbD0wrCI8kaItWajaE6DtgAXRxlv1YrKiJ6RlnSNKAogVm7jWmQ7+AySLA9Tg9,0.755333,10.893202,5.187687
509100,a0kbD0wrCI8kaItWajaE6DtgAXRxlv1YrKiJ6RlnSNKAogVm7jWmQ7+AySLA9Tg9,2.594097,16.468593,5.551606
509400,a0kbD0wrCI8kaItWajaE6DtgAXRxlv1YrKiJ6RlnSNKAogVm7jWmQ7+AySLA9Tg9,0.622492,12.464802,5.139695
509700,a0kbD0wrCI8kaItWajaE6DtgAXRxlv1YrKiJ6RlnSNKAogVm7jWmQ7+AySLA9Tg9,1.2942770000000001,12.907943,5.640280000000001
510000,a0kbD0wrCI8kaItWajaE6DtgAXRxlv1YrKiJ6RlnSNKAogVm7jWmQ7+AySLA9Tg9,2.068967,12.702061,5.255999
510300,a0kbD0wrCI8kaItWajaE6DtgAXRxlv1YrKiJ6RlnSNKAogVm7jWmQ7+AySLA9Tg9,1.386796,13.548784,4.495972
510600,a0kbD0wrCI8kaItWajaE6DtgAXRxlv1YrKiJ6RlnSNKAogVm7jWmQ7+AySLA9Tg9,2.869224,13.142173999999999,5.632919
510900,a0kbD0wrCI8kaItWajaE6DtgAXRxlv1YrKiJ6RlnSNKAogVm7jWmQ7+AySLA9Tg9,3.2587450000000002,7.960978,5.117135
511200,a0kbD0wrCI8kaItWajaE6DtgAXRxlv1YrKiJ6RlnSNKAogVm7jWmQ7+AySLA9Tg9,1.295643,10.706795,5.028129
511500,a0kbD0wrCI8kaItWajaE6DtgAXRxlv1YrKiJ6RlnSNKAogVm7jWmQ7+AySLA9Tg9,0.74593,17.268442999999998,5.671387
511800,a0kbD0wrCI8kaItWajaE6DtgAXRxlv1YrKiJ6RlnSNKAogVm7jWmQ7+AySLA9Tg9,2.000584,28.568717,5.788975
512100,a0kbD0wrCI8kaItWajaE6DtgAXRxlv1YrKiJ6RlnSNKAogVm7jWmQ7+AySLA9Tg9,0.940291,9.510085,5.372891
512400,a0kbD0wrCI8kaItWajaE6DtgAXRxlv1YrKiJ6RlnSNKAogVm7jWmQ7+AySLA9Tg9,1.631767,12.005676,5.1310519999999995
512700,a0kbD0wrCI8kaItWajaE6DtgAXRxlv1YrKiJ6RlnSNKAogVm7jWmQ7+AySLA9Tg9,1.22336,11.301449,4.461145
513000,a0kbD0wrCI8kaItWajaE6DtgAXRxlv1YrKiJ6RlnSNKAogVm7jWmQ7+AySLA9Tg9,2.7837560000000003,10.823222999999999,5.19493
513300,a0kbD0wrCI8kaItWajaE6DtgAXRxlv1YrKiJ6RlnSNKAogVm7jWmQ7+AySLA9Tg9,0.794451,8.359819,4.209268
513600,a0kbD0wrCI8kaItWajaE6DtgAXRxlv1YrKiJ6RlnSNKAogVm7jWmQ7+AySLA9Tg9,1.570999,10.917622999999999,4.513597
513900,a0kbD0wrCI8kaItWajaE6DtgAXRxlv1YrKiJ6RlnSNKAogVm7jWmQ7+AySLA9Tg9,2.667897,12.238748,5.880933
514200,a0kbD0wrCI8kaItWajaE6DtgAXRxlv1YrKiJ6RlnSNKAogVm7jWmQ7+AySLA9Tg9,0.419362,7.731967,3.995272
514500,a0kbD0wrCI8kaItWajaE6DtgAXRxlv1YrKiJ6RlnSNKAogVm7jWmQ7+AySLA9Tg9,1.53296,10.525418,4.090081
514800,a0kbD0wrCI8kaItWajaE6DtgAXRxlv1YrKiJ6RlnSNKAogVm7jWmQ7+AySLA9Tg9,1.41441,8.620763,4.908055
515100,a0kbD0wrCI8kaItWajaE6DtgAXRxlv1YrKiJ6RlnSNKAogVm7jWmQ7+AySLA9Tg9,1.803432,11.4414,4.733383
515400,a0kbD0wrCI8kaItWajaE6DtgAXRxlv1YrKiJ6RlnSNKAogVm7jWmQ7+AySLA9Tg9,1.252448,10.073853999999999,4.975207
515700,a0kbD0wrCI8kaItWajaE6DtgAXRxlv1YrKiJ6RlnSNKAogVm7jWmQ7+AySLA9Tg9,1.9542240000000002,12.710949000000001,5.556798000000001
516000,a0kbD0wrCI8kaItWajaE6DtgAXRxlv1YrKiJ6RlnSNKAogVm7jWmQ7+AySLA9Tg9,0.8072239999999999,9.200039,3.7739800000000003
516300,a0kbD0wrCI8kaItWajaE6DtgAXRxlv1YrKiJ6RlnSNKAogVm7jWmQ7+AySLA9Tg9,2.200853,8.259258,4.578447
516600,a0kbD0wrCI8kaItWajaE6DtgAXRxlv1YrKiJ6RlnSNKAogVm7jWmQ7+AySLA9Tg9,2.215831,18.39027,6.36932
516900,a0kbD0wrCI8kaItWajaE6DtgAXRxlv1YrKiJ6RlnSNKAogVm7jWmQ7+AySLA9Tg9,2.287139,8.302666,4.059839
517200,a0kbD0wrCI8kaItWajaE6DtgAXRxlv1YrKiJ6RlnSNKAogVm7jWmQ7+AySLA9Tg9,4.793346,12.207032,8.061565
517500,a0kbD0wrCI8kaItWajaE6DtgAXRxlv1YrKiJ6RlnSNKAogVm7jWmQ7+AySLA9Tg9,0.8988149999999999,13.578346,5.580213
517800,a0kbD0wrCI8kaItWajaE6DtgAXRxlv1YrKiJ6RlnSNKAogVm7jWmQ7+AySLA9Tg9,1.394466,10.395067999999998,5.1937489999999995
518100,a0kbD0wrCI8kaItWajaE6DtgAXRxlv1YrKiJ6RlnSNKAogVm7jWmQ7+AySLA9Tg9,2.271211,10.676431,5.534263
518400,a0kbD0wrCI8kaItWajaE6DtgAXRxlv1YrKiJ6RlnSNKAogVm7jWmQ7+AySLA9Tg9,2.716586,12.556171,5.658791000000001
518700,a0kbD0wrCI8kaItWajaE6DtgAXRxlv1YrKiJ6RlnSNKAogVm7jWmQ7+AySLA9Tg9,0.9240719999999999,16.247182000000002,4.661961
519000,a0kbD0wrCI8kaItWajaE6DtgAXRxlv1YrKiJ6RlnSNKAogVm7jWmQ7+AySLA9Tg9,3.074776,12.890367999999999,6.535387999999999
519300,a0kbD0wrCI8kaItWajaE6DtgAXRxlv1YrKiJ6RlnSNKAogVm7jWmQ7+AySLA9Tg9,1.208718,13.206164999999999,6.532373000000001
519600,a0kbD0wrCI8kaItWajaE6DtgAXRxlv1YrKiJ6RlnSNKAogVm7jWmQ7+AySLA9Tg9,0.5102770000000001,11.048955,5.26708
519900,a0kbD0wrCI8kaItWajaE6DtgAXRxlv1YrKiJ6RlnSNKAogVm7jWmQ7+AySLA9Tg9,3.225916,21.472561,7.216829
520200,a0kbD0wrCI8kaItWajaE6DtgAXRxlv1YrKiJ6RlnSNKAogVm7jWmQ7+AySLA9Tg9,1.393549,12.068418,5.2240910000000005
520500,a0kbD0wrCI8kaItWajaE6DtgAXRxlv1YrKiJ6RlnSNKAogVm7jWmQ7+AySLA9Tg9,2.046708,9.261718,5.140436
520800,a0kbD0wrCI8kaItWajaE6DtgAXRxlv1YrKiJ6RlnSNKAogVm7jWmQ7+AySLA9Tg9,0.902991,8.955561,4.810989
521100,a0kbD0wrCI8kaItWajaE6DtgAXRxlv1YrKiJ6RlnSNKAogVm7jWmQ7+AySLA9Tg9,2.140577,11.708882000000001,5.419865
521400,a0kbD0wrCI8kaItWajaE6DtgAXRxlv1YrKiJ6RlnSNKAogVm7jWmQ7+AySLA9Tg9,1.2376530000000001,10.163969999999999,4.323286
521700,a0kbD0wrCI8kaItWajaE6DtgAXRxlv1YrKiJ6RlnSNKAogVm7jWmQ7+AySLA9Tg9,2.667711,10.958706,5.611929
522000,a0kbD0wrCI8kaItWajaE6DtgAXRxlv1YrKiJ6RlnSNKAogVm7jWmQ7+AySLA9Tg9,1.957715,14.494114000000001,5.671672
522300,a0kbD0wrCI8kaItWajaE6DtgAXRxlv1YrKiJ6RlnSNKAogVm7jWmQ7+AySLA9Tg9,1.8250689999999998,20.737282999999998,6.17931
522600,a0kbD0wrCI8kaItWajaE6DtgAXRxlv1YrKiJ6RlnSNKAogVm7jWmQ7+AySLA9Tg9,2.961822,9.932564999999999,5.263928
522900,a0kbD0wrCI8kaItWajaE6DtgAXRxlv1YrKiJ6RlnSNKAogVm7jWmQ7+AySLA9Tg9,1.1550479999999999,14.389563,4.955306
523200,a0kbD0wrCI8kaItWajaE6DtgAXRxlv1YrKiJ6RlnSNKAogVm7jWmQ7+AySLA9Tg9,1.830525,8.671841,4.425621
523500,a0kbD0wrCI8kaItWajaE6DtgAXRxlv1YrKiJ6RlnSNKAogVm7jWmQ7+AySLA9Tg9,2.462025,22.023621,6.853153
523800,a0kbD0wrCI8kaItWajaE6DtgAXRxlv1YrKiJ6RlnSNKAogVm7jWmQ7+AySLA9Tg9,1.060669,9.28548,4.2249550000000005
524100,a0kbD0wrCI8kaItWajaE6DtgAXRxlv1YrKiJ6RlnSNKAogVm7jWmQ7+AySLA9Tg9,0.807298,6.30654,3.094348
524400,a0kbD0wrCI8kaItWajaE6DtgAXRxlv1YrKiJ6RlnSNKAogVm7jWmQ7+AySLA9Tg9,3.199823,14.538201,5.979864
524700,a0kbD0wrCI8kaItWajaE6DtgAXRxlv1YrKiJ6RlnSNKAogVm7jWmQ7+AySLA9Tg9,1.4215209999999998,28.492690000000003,7.020828
525000,a0kbD0wrCI8kaItWajaE6DtgAXRxlv1YrKiJ6RlnSNKAogVm7jWmQ7+AySLA9Tg9,1.518149,9.246219,4.161558
525300,a0kbD0wrCI8kaItWajaE6DtgAXRxlv1YrKiJ6RlnSNKAogVm7jWmQ7+AySLA9Tg9,1.110387,7.694402,4.429114
525600,a0kbD0wrCI8kaItWajaE6DtgAXRxlv1YrKiJ6RlnSNKAogVm7jWmQ7+AySLA9Tg9,0.88507,12.532235,4.0097830000000005
525900,a0kbD0wrCI8kaItWajaE6DtgAXRxlv1YrKiJ6RlnSNKAogVm7jWmQ7+AySLA9Tg9,1.4321469999999998,11.320169,4.783221
526200,a0kbD0wrCI8kaItWajaE6DtgAXRxlv1YrKiJ6RlnSNKAogVm7jWmQ7+AySLA9Tg9,1.9489299999999998,26.92882,6.453639
526500,a0kbD0wrCI8kaItWajaE6DtgAXRxlv1YrKiJ6RlnSNKAogVm7jWmQ7+AySLA9Tg9,2.5154509999999997,12.085972,6.228994
526800,a0kbD0wrCI8kaItWajaE6DtgAXRxlv1YrKiJ6RlnSNKAogVm7jWmQ7+AySLA9Tg9,0.555537,8.056363000000001,3.3016669999999997
527100,a0kbD0wrCI8kaItWajaE6DtgAXRxlv1YrKiJ6RlnSNKAogVm7jWmQ7+AySLA9Tg9,1.8262880000000001,15.935734,5.994578
527400,a0kbD0wrCI8kaItWajaE6DtgAXRxlv1YrKiJ6RlnSNKAogVm7jWmQ7+AySLA9Tg9,0.6112810000000001,11.077546,4.409788
527700,a0kbD0wrCI8kaItWajaE6DtgAXRxlv1YrKiJ6RlnSNKAogVm7jWmQ7+AySLA9Tg9,1.268416,12.457889999999999,3.6883239999999997
528000,a0kbD0wrCI8kaItWajaE6DtgAXRxlv1YrKiJ6RlnSNKAogVm7jWmQ7+AySLA9Tg9,1.373491,6.936653,3.955435
528300,a0kbD0wrCI8kaItWajaE6DtgAXRxlv1YrKiJ6RlnSNKAogVm7jWmQ7+AySLA9Tg9,1.110547,11.878086999999999,4.377783
528600,a0kbD0wrCI8kaItWajaE6DtgAXRxlv1YrKiJ6RlnSNKAogVm7jWmQ7+AySLA9Tg9,1.771212,8.437911999999999,4.1893519999999995
528900,a0kbD0wrCI8kaItWajaE6DtgAXRxlv1YrKiJ6RlnSNKAogVm7jWmQ7+AySLA9Tg9,2.588219,15.059829999999998,5.543705
529200,a0kbD0wrCI8kaItWajaE6DtgAXRxlv1YrKiJ6RlnSNKAogVm7jWmQ7+AySLA9Tg9,1.638232,9.085592,5.292476000000001
529500,a0kbD0wrCI8kaItWajaE6DtgAXRxlv1YrKiJ6RlnSNKAogVm7jWmQ7+AySLA9Tg9,0.345752,21.425386,5.443884
529800,a0kbD0wrCI8kaItWajaE6DtgAXRxlv1YrKiJ6RlnSNKAogVm7jWmQ7+AySLA9Tg9,3.080498,9.446645,5.607228
530100,a0kbD0wrCI8kaItWajaE6DtgAXRxlv1YrKiJ6RlnSNKAogVm7jWmQ7+AySLA9Tg9,1.285706,12.605411,5.386005
530400,a0kbD0wrCI8kaItWajaE6DtgAXRxlv1YrKiJ6RlnSNKAogVm7jWmQ7+AySLA9Tg9,1.229587,7.330126,3.562674
530700,a0kbD0wrCI8kaItWajaE6DtgAXRxlv1YrKiJ6RlnSNKAogVm7jWmQ7+AySLA9Tg9,1.208156,11.425946000000001,5.286112
531000,a0kbD0wrCI8kaItWajaE6DtgAXRxlv1YrKiJ6RlnSNKAogVm7jWmQ7+AySLA9Tg9,1.9807169999999998,12.173672,5.88587
531300,a0kbD0wrCI8kaItWajaE6DtgAXRxlv1YrKiJ6RlnSNKAogVm7jWmQ7+AySLA9Tg9,1.94025,12.552103,5.868593
531600,a0kbD0wrCI8kaItWajaE6DtgAXRxlv1YrKiJ6RlnSNKAogVm7jWmQ7+AySLA9Tg9,0.627903,8.727267999999999,4.630927
531900,a0kbD0wrCI8kaItWajaE6DtgAXRxlv1YrKiJ6RlnSNKAogVm7jWmQ7+AySLA9Tg9,2.0700990000000004,16.000407,5.98686
532200,a0kbD0wrCI8kaItWajaE6DtgAXRxlv1YrKiJ6RlnSNKAogVm7jWmQ7+AySLA9Tg9,2.165811,9.989306,4.412001999999999
532500,a0kbD0wrCI8kaItWajaE6DtgAXRxlv1YrKiJ6RlnSNKAogVm7jWmQ7+AySLA9Tg9,1.756961,7.355875999999999,4.5989580000000005
532800,a0kbD0wrCI8kaItWajaE6DtgAXRxlv1YrKiJ6RlnSNKAogVm7jWmQ7+AySLA9Tg9,1.382365,12.084584,4.785383
533100,a0kbD0wrCI8kaItWajaE6DtgAXRxlv1YrKiJ6RlnSNKAogVm7jWmQ7+AySLA9Tg9,2.109784,14.140101999999999,4.088455000000001
533400,a0kbD0wrCI8kaItWajaE6DtgAXRxlv1YrKiJ6RlnSNKAogVm7jWmQ7+AySLA9Tg9,0.949364,9.082487,4.304094999999999
533700,a0kbD0wrCI8kaItWajaE6DtgAXRxlv1YrKiJ6RlnSNKAogVm7jWmQ7+AySLA9Tg9,2.151668,12.215055,5.379675
534000,a0kbD0wrCI8kaItWajaE6DtgAXRxlv1YrKiJ6RlnSNKAogVm7jWmQ7+AySLA9Tg9,1.9432779999999998,7.659851,4.37804
534300,a0kbD0wrCI8kaItWajaE6DtgAXRxlv1YrKiJ6RlnSNKAogVm7jWmQ7+AySLA9Tg9,0.992258,7.91988,4.46074
534600,a0kbD0wrCI8kaItWajaE6DtgAXRxlv1YrKiJ6RlnSNKAogVm7jWmQ7+AySLA9Tg9,1.596494,11.29309,4.161205000000001
534900,a0kbD0wrCI8kaItWajaE6DtgAXRxlv1YrKiJ6RlnSNKAogVm7jWmQ7+AySLA9Tg9,0.393121,6.481045,3.345249
535200,a0kbD0wrCI8kaItWajaE6DtgAXRxlv1YrKiJ6RlnSNKAogVm7jWmQ7+AySLA9Tg9,2.903173,6.505154,4.17858
535500,a0kbD0wrCI8kaItWajaE6DtgAXRxlv1YrKiJ6RlnSNKAogVm7jWmQ7+AySLA9Tg9,1.3611309999999999,17.796156,5.469621
535800,a0kbD0wrCI8kaItWajaE6DtgAXRxlv1YrKiJ6RlnSNKAogVm7jWmQ7+AySLA9Tg9,1.9168150000000002,7.332828,3.6656480000000005
536100,a0kbD0wrCI8kaItWajaE6DtgAXRxlv1YrKiJ6RlnSNKAogVm7jWmQ7+AySLA9Tg9,2.023987,12.005203,6.0533529999999995
536400,a0kbD0wrCI8kaItWajaE6DtgAXRxlv1YrKiJ6RlnSNKAogVm7jWmQ7+AySLA9Tg9,1.292032,12.998933000000001,6.949999000000001
536700,a0kbD0wrCI8kaItWajaE6DtgAXRxlv1YrKiJ6RlnSNKAogVm7jWmQ7+AySLA9Tg9,3.197329,14.544448000000001,6.913161
537000,a0kbD0wrCI8kaItWajaE6DtgAXRxlv1YrKiJ6RlnSNKAogVm7jWmQ7+AySLA9Tg9,0.451474,19.487712,7.428235000000001
537300,a0kbD0wrCI8kaItWajaE6DtgAXRxlv1YrKiJ6RlnSNKAogVm7jWmQ7+AySLA9Tg9,1.669171,15.699766,7.450003
537600,a0kbD0wrCI8kaItWajaE6DtgAXRxlv1YrKiJ6RlnSNKAogVm7jWmQ7+AySLA9Tg9,1.043332,9.889041,5.296371
537900,a0kbD0wrCI8kaItWajaE6DtgAXRxlv1YrKiJ6RlnSNKAogVm7jWmQ7+AySLA9Tg9,2.519025,9.577263,5.047103
538200,a0kbD0wrCI8kaItWajaE6DtgAXRxlv1YrKiJ6RlnSNKAogVm7jWmQ7+AySLA9Tg9,0.9103899999999999,11.74413,4.802798999999999
538500,a0kbD0wrCI8kaItWajaE6DtgAXRxlv1YrKiJ6RlnSNKAogVm7jWmQ7+AySLA9Tg9,2.143582,7.9308320000000005,4.383911
538800,a0kbD0wrCI8kaItWajaE6DtgAXRxlv1YrKiJ6RlnSNKAogVm7jWmQ7+AySLA9Tg9,2.660388,15.607835000000001,6.308065
539100,a0kbD0wrCI8kaItWajaE6DtgAXRxlv1YrKiJ6RlnSNKAogVm7jWmQ7+AySLA9Tg9,1.809896,17.480242999999998,8.221888
539400,a0kbD0wrCI8kaItWajaE6DtgAXRxlv1YrKiJ6RlnSNKAogVm7jWmQ7+AySLA9Tg9,3.40193,10.751261,6.366712000000001
539700,a0kbD0wrCI8kaItWajaE6DtgAXRxlv1YrKiJ6RlnSNKAogVm7jWmQ7+AySLA9Tg9,0.9882620000000001,18.698898,8.818819
540000,a0kbD0wrCI8kaItWajaE6DtgAXRxlv1YrKiJ6RlnSNKAogVm7jWmQ7+AySLA9Tg9,1.4718870000000002,16.553788,7.825856
540300,a0kbD0wrCI8kaItWajaE6DtgAXRxlv1YrKiJ6RlnSNKAogVm7jWmQ7+AySLA9Tg9,2.483409,35.405017,10.238471
540600,a0kbD0wrCI8kaItWajaE6DtgAXRxlv1YrKiJ6RlnSNKAogVm7jWmQ7+AySLA9Tg9,4.839042,11.144044000000001,7.382789999999999
540900,a0kbD0wrCI8kaItWajaE6DtgAXRxlv1YrKiJ6RlnSNKAogVm7jWmQ7+AySLA9Tg9,1.093848,14.182666000000001,6.487605
541200,a0kbD0wrCI8kaItWajaE6DtgAXRxlv1YrKiJ6RlnSNKAogVm7jWmQ7+AySLA9Tg9,3.3839550000000003,10.963463,6.490781
541500,a0kbD0wrCI8kaItWajaE6DtgAXRxlv1YrKiJ6RlnSNKAogVm7jWmQ7+AySLA9Tg9,0.537668,8.043415,4.726729
541800,a0kbD0wrCI8kaItWajaE6DtgAXRxlv1YrKiJ6RlnSNKAogVm7jWmQ7+AySLA9Tg9,0.595026,9.574084,4.362865
542100,a0kbD0wrCI8kaItWajaE6DtgAXRxlv1YrKiJ6RlnSNKAogVm7jWmQ7+AySLA9Tg9,2.387916,9.020984,4.569272
542400,a0kbD0wrCI8kaItWajaE6DtgAXRxlv1YrKiJ6RlnSNKAogVm7jWmQ7+AySLA9Tg9,0.5835,9.290658,4.6988449999999995
542700,a0kbD0wrCI8kaItWajaE6DtgAXRxlv1YrKiJ6RlnSNKAogVm7jWmQ7+AySLA9Tg9,2.293959,10.10999,4.709478
543000,a0kbD0wrCI8kaItWajaE6DtgAXRxlv1YrKiJ6RlnSNKAogVm7jWmQ7+AySLA9Tg9,1.065239,10.124513,5.181494
543300,a0kbD0wrCI8kaItWajaE6DtgAXRxlv1YrKiJ6RlnSNKAogVm7jWmQ7+AySLA9Tg9,3.5363620000000004,14.486421,7.342924000000001
543600,a0kbD0wrCI8kaItWajaE6DtgAXRxlv1YrKiJ6RlnSNKAogVm7jWmQ7+AySLA9Tg9,0.801372,10.994466000000001,5.324879
543900,a0kbD0wrCI8kaItWajaE6DtgAXRxlv1YrKiJ6RlnSNKAogVm7jWmQ7+AySLA9Tg9,2.511174,14.147817000000002,7.024648
544200,a0kbD0wrCI8kaItWajaE6DtgAXRxlv1YrKiJ6RlnSNKAogVm7jWmQ7+AySLA9Tg9,0.875708,14.875936,6.335483
544500,a0kbD0wrCI8kaItWajaE6DtgAXRxlv1YrKiJ6RlnSNKAogVm7jWmQ7+AySLA9Tg9,1.825391,10.565694,5.406702
544800,a0kbD0wrCI8kaItWajaE6DtgAXRxlv1YrKiJ6RlnSNKAogVm7jWmQ7+AySLA9Tg9,2.803322,9.816294000000001,5.523645
545100,a0kbD0wrCI8kaItWajaE6DtgAXRxlv1YrKiJ6RlnSNKAogVm7jWmQ7+AySLA9Tg9,1.861851,12.537941,6.643635000000001
545400,a0kbD0wrCI8kaItWajaE6DtgAXRxlv1YrKiJ6RlnSNKAogVm7jWmQ7+AySLA9Tg9,3.1663240000000004,10.393322999999999,5.593737
545700,a0kbD0wrCI8kaItWajaE6DtgAXRxlv1YrKiJ6RlnSNKAogVm7jWmQ7+AySLA9Tg9,0.938517,14.424448000000002,5.894879
546000,a0kbD0wrCI8kaItWajaE6DtgAXRxlv1YrKiJ6RlnSNKAogVm7jWmQ7+AySLA9Tg9,3.676713,12.802589,7.1896070000000005
546300,a0kbD0wrCI8kaItWajaE6DtgAXRxlv1YrKiJ6RlnSNKAogVm7jWmQ7+AySLA9Tg9,1.251325,13.052499000000001,6.598517
546600,a0kbD0wrCI8kaItWajaE6DtgAXRxlv1YrKiJ6RlnSNKAogVm7jWmQ7+AySLA9Tg9,4.006571,14.102618,8.4807
546900,a0kbD0wrCI8kaItWajaE6DtgAXRxlv1YrKiJ6RlnSNKAogVm7jWmQ7+AySLA9Tg9,1.221174,14.816413,7.785892
547200,a0kbD0wrCI8kaItWajaE6DtgAXRxlv1YrKiJ6RlnSNKAogVm7jWmQ7+AySLA9Tg9,5.021895,16.805075,8.170742
547500,a0kbD0wrCI8kaItWajaE6DtgAXRxlv1YrKiJ6RlnSNKAogVm7jWmQ7+AySLA9Tg9,4.2541139999999995,14.270785,7.997661
547800,a0kbD0wrCI8kaItWajaE6DtgAXRxlv1YrKiJ6RlnSNKAogVm7jWmQ7+AySLA9Tg9,4.917951,34.922647999999995,9.713247
548100,a0kbD0wrCI8kaItWajaE6DtgAXRxlv1YrKiJ6RlnSNKAogVm7jWmQ7+AySLA9Tg9,2.53039,14.779712,7.472308
548400,a0kbD0wrCI8kaItWajaE6DtgAXRxlv1YrKiJ6RlnSNKAogVm7jWmQ7+AySLA9Tg9,0.691466,11.46083,6.111889
548700,a0kbD0wrCI8kaItWajaE6DtgAXRxlv1YrKiJ6RlnSNKAogVm7jWmQ7+AySLA9Tg9,5.000666000000001,14.298367,8.019025
549000,a0kbD0wrCI8kaItWajaE6DtgAXRxlv1YrKiJ6RlnSNKAogVm7jWmQ7+AySLA9Tg9,0.7739729999999999,12.823102,6.089679
549300,a0kbD0wrCI8kaItWajaE6DtgAXRxlv1YrKiJ6RlnSNKAogVm7jWmQ7+AySLA9Tg9,1.803439,10.489407,6.140428
549600,a0kbD0wrCI8kaItWajaE6DtgAXRxlv1YrKiJ6RlnSNKAogVm7jWmQ7+AySLA9Tg9,0.844722,8.41789,4.769341000000001
549900,a0kbD0wrCI8kaItWajaE6DtgAXRxlv1YrKiJ6RlnSNKAogVm7jWmQ7+AySLA9Tg9,0.706662,12.389704,6.406607
550200,a0kbD0wrCI8kaItWajaE6DtgAXRxlv1YrKiJ6RlnSNKAogVm7jWmQ7+AySLA9Tg9,1.787522,10.291354,5.151521
550500,a0kbD0wrCI8kaItWajaE6DtgAXRxlv1YrKiJ6RlnSNKAogVm7jWmQ7+AySLA9Tg9,4.768109,23.959356,8.637421
550800,a0kbD0wrCI8kaItWajaE6DtgAXRxlv1YrKiJ6RlnSNKAogVm7jWmQ7+AySLA9Tg9,2.637279,10.937819000000001,5.497664
551100,a0kbD0wrCI8kaItWajaE6DtgAXRxlv1YrKiJ6RlnSNKAogVm7jWmQ7+AySLA9Tg9,1.224895,11.816261,5.388822
551400,a0kbD0wrCI8kaItWajaE6DtgAXRxlv1YrKiJ6RlnSNKAogVm7jWmQ7+AySLA9Tg9,2.225299,9.657667,5.423635
551700,a0kbD0wrCI8kaItWajaE6DtgAXRxlv1YrKiJ6RlnSNKAogVm7jWmQ7+AySLA9Tg9,0.746849,9.289164999999999,5.2794870000000005
552000,a0kbD0wrCI8kaItWajaE6DtgAXRxlv1YrKiJ6RlnSNKAogVm7jWmQ7+AySLA9Tg9,3.3207370000000003,9.878102,5.668336
552300,a0kbD0wrCI8kaItWajaE6DtgAXRxlv1YrKiJ6RlnSNKAogVm7jWmQ7+AySLA9Tg9,0.715696,7.936327,4.870789
552600,a0kbD0wrCI8kaItWajaE6DtgAXRxlv1YrKiJ6RlnSNKAogVm7jWmQ7+AySLA9Tg9,0.659166,12.319608,6.0034540000000005
552900,a0kbD0wrCI8kaItWajaE6DtgAXRxlv1YrKiJ6RlnSNKAogVm7jWmQ7+AySLA9Tg9,3.485502,8.858421,5.4913
553200,a0kbD0wrCI8kaItWajaE6DtgAXRxlv1YrKiJ6RlnSNKAogVm7jWmQ7+AySLA9Tg9,1.958316,15.074766,5.32935
553500,a0kbD0wrCI8kaItWajaE6DtgAXRxlv1YrKiJ6RlnSNKAogVm7jWmQ7+AySLA9Tg9,3.018185,9.184865,5.587086
553800,a0kbD0wrCI8kaItWajaE6DtgAXRxlv1YrKiJ6RlnSNKAogVm7jWmQ7+AySLA9Tg9,0.863425,10.553177,5.976133
554100,a0kbD0wrCI8kaItWajaE6DtgAXRxlv1YrKiJ6RlnSNKAogVm7jWmQ7+AySLA9Tg9,2.4246790000000003,7.771388000000001,4.680194
554400,a0kbD0wrCI8kaItWajaE6DtgAXRxlv1YrKiJ6RlnSNKAogVm7jWmQ7+AySLA9Tg9,1.138183,6.946766,4.2451989999999995
554700,a0kbD0wrCI8kaItWajaE6DtgAXRxlv1YrKiJ6RlnSNKAogVm7jWmQ7+AySLA9Tg9,1.3005209999999998,16.861971,6.044773
555000,a0kbD0wrCI8kaItWajaE6DtgAXRxlv1YrKiJ6RlnSNKAogVm7jWmQ7+AySLA9Tg9,0.9234370000000001,26.749581,8.999685000000001
555300,a0kbD0wrCI8kaItWajaE6DtgAXRxlv1YrKiJ6RlnSNKAogVm7jWmQ7+AySLA9Tg9,2.255068,15.662132999999999,6.694039
555600,a0kbD0wrCI8kaItWajaE6DtgAXRxlv1YrKiJ6RlnSNKAogVm7jWmQ7+AySLA9Tg9,2.892588,12.596250999999999,5.915004
555900,a0kbD0wrCI8kaItWajaE6DtgAXRxlv1YrKiJ6RlnSNKAogVm7jWmQ7+AySLA9Tg9,0.703554,11.071515,7.5770979999999994
556200,a0kbD0wrCI8kaItWajaE6DtgAXRxlv1YrKiJ6RlnSNKAogVm7jWmQ7+AySLA9Tg9,3.432458,10.103958,6.259513
556500,a0kbD0wrCI8kaItWajaE6DtgAXRxlv1YrKiJ6RlnSNKAogVm7jWmQ7+AySLA9Tg9,0.9195709999999999,8.544257,5.184654
556800,a0kbD0wrCI8kaItWajaE6DtgAXRxlv1YrKiJ6RlnSNKAogVm7jWmQ7+AySLA9Tg9,1.754118,6.488164,4.231419
557100,a0kbD0wrCI8kaItWajaE6DtgAXRxlv1YrKiJ6RlnSNKAogVm7jWmQ7+AySLA9Tg9,1.296977,8.463547,4.657325
557400,a0kbD0wrCI8kaItWajaE6DtgAXRxlv1YrKiJ6RlnSNKAogVm7jWmQ7+AySLA9Tg9,2.436076,8.565007000000001,4.799622
557700,a0kbD0wrCI8kaItWajaE6DtgAXRxlv1YrKiJ6RlnSNKAogVm7jWmQ7+AySLA9Tg9,0.86961,9.262912,4.61036
558000,a0kbD0wrCI8kaItWajaE6DtgAXRxlv1YrKiJ6RlnSNKAogVm7jWmQ7+AySLA9Tg9,1.5018989999999999,9.881571000000001,5.56581
558300,a0kbD0wrCI8kaItWajaE6DtgAXRxlv1YrKiJ6RlnSNKAogVm7jWmQ7+AySLA9Tg9,1.201719,20.669948,5.16391
558600,a0kbD0wrCI8kaItWajaE6DtgAXRxlv1YrKiJ6RlnSNKAogVm7jWmQ7+AySLA9Tg9,0.9473090000000001,9.544534,5.221273
558900,a0kbD0wrCI8kaItWajaE6DtgAXRxlv1YrKiJ6RlnSNKAogVm7jWmQ7+AySLA9Tg9,2.112329,9.545624,5.660836
559200,a0kbD0wrCI8kaItWajaE6DtgAXRxlv1YrKiJ6RlnSNKAogVm7jWmQ7+AySLA9Tg9,1.1834040000000001,7.159472999999999,3.76264
559500,a0kbD0wrCI8kaItWajaE6DtgAXRxlv1YrKiJ6RlnSNKAogVm7jWmQ7+AySLA9Tg9,2.211534,8.286067999999998,4.557385
559800,a0kbD0wrCI8kaItWajaE6DtgAXRxlv1YrKiJ6RlnSNKAogVm7jWmQ7+AySLA9Tg9,1.343591,8.317208,4.774457
560100,a0kbD0wrCI8kaItWajaE6DtgAXRxlv1YrKiJ6RlnSNKAogVm7jWmQ7+AySLA9Tg9,1.324124,8.969700999999999,4.380404
560400,a0kbD0wrCI8kaItWajaE6DtgAXRxlv1YrKiJ6RlnSNKAogVm7jWmQ7+AySLA9Tg9,2.109497,11.415958,6.197581
560700,a0kbD0wrCI8kaItWajaE6DtgAXRxlv1YrKiJ6RlnSNKAogVm7jWmQ7+AySLA9Tg9,0.525775,8.531286999999999,4.786239
561000,a0kbD0wrCI8kaItWajaE6DtgAXRxlv1YrKiJ6RlnSNKAogVm7jWmQ7+AySLA9Tg9,1.8834970000000002,7.700429,4.548264
561300,a0kbD0wrCI8kaItWajaE6DtgAXRxlv1YrKiJ6RlnSNKAogVm7jWmQ7+AySLA9Tg9,2.009807,10.559159,5.573007
561600,a0kbD0wrCI8kaItWajaE6DtgAXRxlv1YrKiJ6RlnSNKAogVm7jWmQ7+AySLA9Tg9,2.280643,8.64578,5.076775
561900,a0kbD0wrCI8kaItWajaE6DtgAXRxlv1YrKiJ6RlnSNKAogVm7jWmQ7+AySLA9Tg9,1.331097,21.528192,5.438291
562200,a0kbD0wrCI8kaItWajaE6DtgAXRxlv1YrKiJ6RlnSNKAogVm7jWmQ7+AySLA9Tg9,2.222723,8.985147999999999,4.964551999999999
562500,a0kbD0wrCI8kaItWajaE6DtgAXRxlv1YrKiJ6RlnSNKAogVm7jWmQ7+AySLA9Tg9,1.144953,6.861305000000001,4.402751
562800,a0kbD0wrCI8kaItWajaE6DtgAXRxlv1YrKiJ6RlnSNKAogVm7jWmQ7+AySLA9Tg9,3.363654,10.779529,6.69873
563100,a0kbD0wrCI8kaItWajaE6DtgAXRxlv1YrKiJ6RlnSNKAogVm7jWmQ7+AySLA9Tg9,3.695987,12.733241,6.951422999999999
563400,a0kbD0wrCI8kaItWajaE6DtgAXRxlv1YrKiJ6RlnSNKAogVm7jWmQ7+AySLA9Tg9,1.7235880000000001,11.377894,6.008324
563700,a0kbD0wrCI8kaItWajaE6DtgAXRxlv1YrKiJ6RlnSNKAogVm7jWmQ7+AySLA9Tg9,2.148177,7.108874,4.915344999999999
564000,a0kbD0wrCI8kaItWajaE6DtgAXRxlv1YrKiJ6RlnSNKAogVm7jWmQ7+AySLA9Tg9,2.387501,8.049577000000001,5.32782
564300,a0kbD0wrCI8kaItWajaE6DtgAXRxlv1YrKiJ6RlnSNKAogVm7jWmQ7+AySLA9Tg9,3.2681810000000002,14.055376999999998,6.637264
564600,a0kbD0wrCI8kaItWajaE6DtgAXRxlv1YrKiJ6RlnSNKAogVm7jWmQ7+AySLA9Tg9,2.462428,25.437294,6.7408529999999995
564900,a0kbD0wrCI8kaItWajaE6DtgAXRxlv1YrKiJ6RlnSNKAogVm7jWmQ7+AySLA9Tg9,1.619243,10.857249000000001,6.001847
565200,a0kbD0wrCI8kaItWajaE6DtgAXRxlv1YrKiJ6RlnSNKAogVm7jWmQ7+AySLA9Tg9,2.418055,11.825706,5.280312
565500,a0kbD0wrCI8kaItWajaE6DtgAXRxlv1YrKiJ6RlnSNKAogVm7jWmQ7+AySLA9Tg9,1.446299,16.047559,5.342701
565800,a0kbD0wrCI8kaItWajaE6DtgAXRxlv1YrKiJ6RlnSNKAogVm7jWmQ7+AySLA9Tg9,1.188202,9.144971,5.578244000000001
566100,a0kbD0wrCI8kaItWajaE6DtgAXRxlv1YrKiJ6RlnSNKAogVm7jWmQ7+AySLA9Tg9,3.81472,13.934102,6.391458999999999
566400,a0kbD0wrCI8kaItWajaE6DtgAXRxlv1YrKiJ6RlnSNKAogVm7jWmQ7+AySLA9Tg9,1.9916610000000001,12.740654,5.145649
566700,a0kbD0wrCI8kaItWajaE6DtgAXRxlv1YrKiJ6RlnSNKAogVm7jWmQ7+AySLA9Tg9,1.2558989999999999,9.607495,4.974892
567000,a0kbD0wrCI8kaItWajaE6DtgAXRxlv1YrKiJ6RlnSNKAogVm7jWmQ7+AySLA9Tg9,2.735103,11.188017,5.381508999999999
567300,a0kbD0wrCI8kaItWajaE6DtgAXRxlv1YrKiJ6RlnSNKAogVm7jWmQ7+AySLA9Tg9,1.871146,14.348573000000002,4.489859
567600,a0kbD0wrCI8kaItWajaE6DtgAXRxlv1YrKiJ6RlnSNKAogVm7jWmQ7+AySLA9Tg9,2.0257400000000003,8.410081,4.338833
567900,a0kbD0wrCI8kaItWajaE6DtgAXRxlv1YrKiJ6RlnSNKAogVm7jWmQ7+AySLA9Tg9,2.7483049999999998,26.458579999999998,5.634749
568200,a0kbD0wrCI8kaItWajaE6DtgAXRxlv1YrKiJ6RlnSNKAogVm7jWmQ7+AySLA9Tg9,1.27504,6.9689630000000005,4.511417
568500,a0kbD0wrCI8kaItWajaE6DtgAXRxlv1YrKiJ6RlnSNKAogVm7jWmQ7+AySLA9Tg9,0.8425530000000001,8.776964999999999,4.409779
568800,a0kbD0wrCI8kaItWajaE6DtgAXRxlv1YrKiJ6RlnSNKAogVm7jWmQ7+AySLA9Tg9,1.39266,9.361080000000001,5.007594999999999
569100,a0kbD0wrCI8kaItWajaE6DtgAXRxlv1YrKiJ6RlnSNKAogVm7jWmQ7+AySLA9Tg9,1.212453,13.302487,5.318707
569400,a0kbD0wrCI8kaItWajaE6DtgAXRxlv1YrKiJ6RlnSNKAogVm7jWmQ7+AySLA9Tg9,0.7472489999999999,9.830786999999999,4.147089
569700,a0kbD0wrCI8kaItWajaE6DtgAXRxlv1YrKiJ6RlnSNKAogVm7jWmQ7+AySLA9Tg9,2.91103,10.484713000000001,6.088255
570000,a0kbD0wrCI8kaItWajaE6DtgAXRxlv1YrKiJ6RlnSNKAogVm7jWmQ7+AySLA9Tg9,1.642482,6.684436,4.234533
570300,a0kbD0wrCI8kaItWajaE6DtgAXRxlv1YrKiJ6RlnSNKAogVm7jWmQ7+AySLA9Tg9,1.572194,9.834837,4.983676999999999
570600,a0kbD0wrCI8kaItWajaE6DtgAXRxlv1YrKiJ6RlnSNKAogVm7jWmQ7+AySLA9Tg9,1.9131639999999999,38.57376,6.354557
570900,a0kbD0wrCI8kaItWajaE6DtgAXRxlv1YrKiJ6RlnSNKAogVm7jWmQ7+AySLA9Tg9,2.056956,11.563092999999999,5.029281
571200,a0kbD0wrCI8kaItWajaE6DtgAXRxlv1YrKiJ6RlnSNKAogVm7jWmQ7+AySLA9Tg9,1.961513,16.570798999999997,4.914582
571500,a0kbD0wrCI8kaItWajaE6DtgAXRxlv1YrKiJ6RlnSNKAogVm7jWmQ7+AySLA9Tg9,0.665957,9.438039999999999,5.198276
571800,a0kbD0wrCI8kaItWajaE6DtgAXRxlv1YrKiJ6RlnSNKAogVm7jWmQ7+AySLA9Tg9,1.52841,9.819612,4.579427
572100,a0kbD0wrCI8kaItWajaE6DtgAXRxlv1YrKiJ6RlnSNKAogVm7jWmQ7+AySLA9Tg9,0.769289,10.695357000000001,5.650835
572400,a0kbD0wrCI8kaItWajaE6DtgAXRxlv1YrKiJ6RlnSNKAogVm7jWmQ7+AySLA9Tg9,1.4054790000000001,8.452884,5.303799
572700,a0kbD0wrCI8kaItWajaE6DtgAXRxlv1YrKiJ6RlnSNKAogVm7jWmQ7+AySLA9Tg9,1.794184,39.747088,8.191219
573000,a0kbD0wrCI8kaItWajaE6DtgAXRxlv1YrKiJ6RlnSNKAogVm7jWmQ7+AySLA9Tg9,3.1064380000000003,10.292626,6.509183
573300,a0kbD0wrCI8kaItWajaE6DtgAXRxlv1YrKiJ6RlnSNKAogVm7jWmQ7+AySLA9Tg9,2.245733,79.731696,9.975448
573600,a0kbD0wrCI8kaItWajaE6DtgAXRxlv1YrKiJ6RlnSNKAogVm7jWmQ7+AySLA9Tg9,2.2265919999999997,11.334458999999999,6.29102
573900,a0kbD0wrCI8kaItWajaE6DtgAXRxlv1YrKiJ6RlnSNKAogVm7jWmQ7+AySLA9Tg9,2.584882,12.60454,6.466623
574200,a0kbD0wrCI8kaItWajaE6DtgAXRxlv1YrKiJ6RlnSNKAogVm7jWmQ7+AySLA9Tg9,3.641543,20.382693,9.266739999999999
574500,a0kbD0wrCI8kaItWajaE6DtgAXRxlv1YrKiJ6RlnSNKAogVm7jWmQ7+AySLA9Tg9,2.549588,12.540678999999999,5.671043
574800,a0kbD0wrCI8kaItWajaE6DtgAXRxlv1YrKiJ6RlnSNKAogVm7jWmQ7+AySLA9Tg9,1.03277,15.983422000000001,7.585414999999999
575100,a0kbD0wrCI8kaItWajaE6DtgAXRxlv1YrKiJ6RlnSNKAogVm7jWmQ7+AySLA9Tg9,1.375746,10.193926,4.683775
575400,a0kbD0wrCI8kaItWajaE6DtgAXRxlv1YrKiJ6RlnSNKAogVm7jWmQ7+AySLA9Tg9,1.7647560000000002,7.2820279999999995,4.127383
575700,a0kbD0wrCI8kaItWajaE6DtgAXRxlv1YrKiJ6RlnSNKAogVm7jWmQ7+AySLA9Tg9,1.1735870000000002,8.014561,4.294094
576000,a0kbD0wrCI8kaItWajaE6DtgAXRxlv1YrKiJ6RlnSNKAogVm7jWmQ7+AySLA9Tg9,1.3976600000000001,57.98635,5.909221
576300,a0kbD0wrCI8kaItWajaE6DtgAXRxlv1YrKiJ6RlnSNKAogVm7jWmQ7+AySLA9Tg9,1.498165,9.866480000000001,4.272308
576600,a0kbD0wrCI8kaItWajaE6DtgAXRxlv1YrKiJ6RlnSNKAogVm7jWmQ7+AySLA9Tg9,0.8854040000000001,13.358282,6.1566849999999995
576900,a0kbD0wrCI8kaItWajaE6DtgAXRxlv1YrKiJ6RlnSNKAogVm7jWmQ7+AySLA9Tg9,0.456689,9.917433,4.237074
577200,a0kbD0wrCI8kaItWajaE6DtgAXRxlv1YrKiJ6RlnSNKAogVm7jWmQ7+AySLA9Tg9,1.301894,7.191447999999999,3.9780550000000003
577500,a0kbD0wrCI8kaItWajaE6DtgAXRxlv1YrKiJ6RlnSNKAogVm7jWmQ7+AySLA9Tg9,1.7644080000000002,9.994337,5.216618
577800,a0kbD0wrCI8kaItWajaE6DtgAXRxlv1YrKiJ6RlnSNKAogVm7jWmQ7+AySLA9Tg9,3.4388669999999997,9.251891,5.710191
578100,a0kbD0wrCI8kaItWajaE6DtgAXRxlv1YrKiJ6RlnSNKAogVm7jWmQ7+AySLA9Tg9,3.38084,20.423593,8.852682000000001
578400,a0kbD0wrCI8kaItWajaE6DtgAXRxlv1YrKiJ6RlnSNKAogVm7jWmQ7+AySLA9Tg9,2.879452,10.003642999999999,5.778742
578700,a0kbD0wrCI8kaItWajaE6DtgAXRxlv1YrKiJ6RlnSNKAogVm7jWmQ7+AySLA9Tg9,2.448268,37.139219,6.567842
579000,a0kbD0wrCI8kaItWajaE6DtgAXRxlv1YrKiJ6RlnSNKAogVm7jWmQ7+AySLA9Tg9,1.1582430000000001,9.009829,3.7383599999999997
579300,a0kbD0wrCI8kaItWajaE6DtgAXRxlv1YrKiJ6RlnSNKAogVm7jWmQ7+AySLA9Tg9,1.246926,10.243578,4.039415
579600,a0kbD0wrCI8kaItWajaE6DtgAXRxlv1YrKiJ6RlnSNKAogVm7jWmQ7+AySLA9Tg9,0.862276,8.167189,3.787981
579900,a0kbD0wrCI8kaItWajaE6DtgAXRxlv1YrKiJ6RlnSNKAogVm7jWmQ7+AySLA9Tg9,1.7466709999999999,11.610591000000001,4.860012
580200,a0kbD0wrCI8kaItWajaE6DtgAXRxlv1YrKiJ6RlnSNKAogVm7jWmQ7+AySLA9Tg9,3.395119,17.974051,6.662421000000001
580500,a0kbD0wrCI8kaItWajaE6DtgAXRxlv1YrKiJ6RlnSNKAogVm7jWmQ7+AySLA9Tg9,3.25264,7.1729009999999995,5.156949
580800,a0kbD0wrCI8kaItWajaE6DtgAXRxlv1YrKiJ6RlnSNKAogVm7jWmQ7+AySLA9Tg9,1.1013680000000001,8.35373,3.5657910000000004
581100,a0kbD0wrCI8kaItWajaE6DtgAXRxlv1YrKiJ6RlnSNKAogVm7jWmQ7+AySLA9Tg9,2.2997520000000002,10.292556,5.063971
581400,a0kbD0wrCI8kaItWajaE6DtgAXRxlv1YrKiJ6RlnSNKAogVm7jWmQ7+AySLA9Tg9,1.416035,53.962256999999994,7.721009
581700,a0kbD0wrCI8kaItWajaE6DtgAXRxlv1YrKiJ6RlnSNKAogVm7jWmQ7+AySLA9Tg9,1.5903530000000001,7.484996000000001,3.4516690000000003
582000,a0kbD0wrCI8kaItWajaE6DtgAXRxlv1YrKiJ6RlnSNKAogVm7jWmQ7+AySLA9Tg9,1.889832,12.592573,4.28449
582300,a0kbD0wrCI8kaItWajaE6DtgAXRxlv1YrKiJ6RlnSNKAogVm7jWmQ7+AySLA9Tg9,1.416807,13.667475,5.4448870000000005
582600,a0kbD0wrCI8kaItWajaE6DtgAXRxlv1YrKiJ6RlnSNKAogVm7jWmQ7+AySLA9Tg9,0.955807,11.147994,4.360932
582900,a0kbD0wrCI8kaItWajaE6DtgAXRxlv1YrKiJ6RlnSNKAogVm7jWmQ7+AySLA9Tg9,0.5414329999999999,11.597453,5.257681
583200,a0kbD0wrCI8kaItWajaE6DtgAXRxlv1YrKiJ6RlnSNKAogVm7jWmQ7+AySLA9Tg9,1.20685,17.657221,4.819579
583500,a0kbD0wrCI8kaItWajaE6DtgAXRxlv1YrKiJ6RlnSNKAogVm7jWmQ7+AySLA9Tg9,0.44172799999999995,16.639611,3.9721889999999997
583800,a0kbD0wrCI8kaItWajaE6DtgAXRxlv1YrKiJ6RlnSNKAogVm7jWmQ7+AySLA9Tg9,2.216956,27.569401,6.919480999999999
584100,a0kbD0wrCI8kaItWajaE6DtgAXRxlv1YrKiJ6RlnSNKAogVm7jWmQ7+AySLA9Tg9,2.013786,48.280976,7.147183999999999
584400,a0kbD0wrCI8kaItWajaE6DtgAXRxlv1YrKiJ6RlnSNKAogVm7jWmQ7+AySLA9Tg9,1.0506870000000001,11.04519,4.970199
584700,a0kbD0wrCI8kaItWajaE6DtgAXRxlv1YrKiJ6RlnSNKAogVm7jWmQ7+AySLA9Tg9,1.437977,37.194508,8.062871000000001
585000,a0kbD0wrCI8kaItWajaE6DtgAXRxlv1YrKiJ6RlnSNKAogVm7jWmQ7+AySLA9Tg9,2.720262,9.162336999999999,4.366637
585300,a0kbD0wrCI8kaItWajaE6DtgAXRxlv1YrKiJ6RlnSNKAogVm7jWmQ7+AySLA9Tg9,0.667734,10.779997,4.845102
585600,a0kbD0wrCI8kaItWajaE6DtgAXRxlv1YrKiJ6RlnSNKAogVm7jWmQ7+AySLA9Tg9,1.489583,9.651038,3.839406
585900,a0kbD0wrCI8kaItWajaE6DtgAXRxlv1YrKiJ6RlnSNKAogVm7jWmQ7+AySLA9Tg9,1.7459740000000001,11.409310000000001,4.436958
586200,a0kbD0wrCI8kaItWajaE6DtgAXRxlv1YrKiJ6RlnSNKAogVm7jWmQ7+AySLA9Tg9,2.041035,8.700072,4.818899
586500,a0kbD0wrCI8kaItWajaE6DtgAXRxlv1YrKiJ6RlnSNKAogVm7jWmQ7+AySLA9Tg9,1.208767,10.094334,4.0373
586800,a0kbD0wrCI8kaItWajaE6DtgAXRxlv1YrKiJ6RlnSNKAogVm7jWmQ7+AySLA9Tg9,1.917641,55.276357999999995,6.477943
587100,a0kbD0wrCI8kaItWajaE6DtgAXRxlv1YrKiJ6RlnSNKAogVm7jWmQ7+AySLA9Tg9,2.05967,23.179028,7.300317
587400,a0kbD0wrCI8kaItWajaE6DtgAXRxlv1YrKiJ6RlnSNKAogVm7jWmQ7+AySLA9Tg9,0.823507,10.98954,4.902977
587700,a0kbD0wrCI8kaItWajaE6DtgAXRxlv1YrKiJ6RlnSNKAogVm7jWmQ7+AySLA9Tg9,2.7156119999999997,10.305833999999999,5.616837
588000,a0kbD0wrCI8kaItWajaE6DtgAXRxlv1YrKiJ6RlnSNKAogVm7jWmQ7+AySLA9Tg9,2.143591,10.976274,5.052566000000001
588300,a0kbD0wrCI8kaItWajaE6DtgAXRxlv1YrKiJ6RlnSNKAogVm7jWmQ7+AySLA9Tg9,0.847914,8.658415,4.2736
588600,a0kbD0wrCI8kaItWajaE6DtgAXRxlv1YrKiJ6RlnSNKAogVm7jWmQ7+AySLA9Tg9,1.246896,8.416085,4.75748
588900,a0kbD0wrCI8kaItWajaE6DtgAXRxlv1YrKiJ6RlnSNKAogVm7jWmQ7+AySLA9Tg9,0.832751,11.925027,4.4646360000000005
589200,a0kbD0wrCI8kaItWajaE6DtgAXRxlv1YrKiJ6RlnSNKAogVm7jWmQ7+AySLA9Tg9,2.068504,7.905351,4.34203
589500,a0kbD0wrCI8kaItWajaE6DtgAXRxlv1YrKiJ6RlnSNKAogVm7jWmQ7+AySLA9Tg9,1.713226,79.38893,6.408791000000001
589800,a0kbD0wrCI8kaItWajaE6DtgAXRxlv1YrKiJ6RlnSNKAogVm7jWmQ7+AySLA9Tg9,2.0146990000000002,10.359739999999999,4.331144999999999
590100,a0kbD0wrCI8kaItWajaE6DtgAXRxlv1YrKiJ6RlnSNKAogVm7jWmQ7+AySLA9Tg9,1.153181,7.862883999999999,3.934531
590400,a0kbD0wrCI8kaItWajaE6DtgAXRxlv1YrKiJ6RlnSNKAogVm7jWmQ7+AySLA9Tg9,2.439151,10.37526,5.137669
590700,a0kbD0wrCI8kaItWajaE6DtgAXRxlv1YrKiJ6RlnSNKAogVm7jWmQ7+AySLA9Tg9,1.4777770000000001,13.161479,5.714957
591000,a0kbD0wrCI8kaItWajaE6DtgAXRxlv1YrKiJ6RlnSNKAogVm7jWmQ7+AySLA9Tg9,1.222856,10.120066,4.153539
591300,a0kbD0wrCI8kaItWajaE6DtgAXRxlv1YrKiJ6RlnSNKAogVm7jWmQ7+AySLA9Tg9,2.3742419999999997,8.896411,4.848155
591600,a0kbD0wrCI8kaItWajaE6DtgAXRxlv1YrKiJ6RlnSNKAogVm7jWmQ7+AySLA9Tg9,1.629896,9.720322999999999,4.32715
591900,a0kbD0wrCI8kaItWajaE6DtgAXRxlv1YrKiJ6RlnSNKAogVm7jWmQ7+AySLA9Tg9,2.1235060000000003,10.409906,5.449167
592200,a0kbD0wrCI8kaItWajaE6DtgAXRxlv1YrKiJ6RlnSNKAogVm7jWmQ7+AySLA9Tg9,1.335542,28.567321999999997,5.271758
592500,a0kbD0wrCI8kaItWajaE6DtgAXRxlv1YrKiJ6RlnSNKAogVm7jWmQ7+AySLA9Tg9,2.043907,8.302721,5.2932760000000005
592800,a0kbD0wrCI8kaItWajaE6DtgAXRxlv1YrKiJ6RlnSNKAogVm7jWmQ7+AySLA9Tg9,0.435224,12.138834,5.082229
593100,a0kbD0wrCI8kaItWajaE6DtgAXRxlv1YrKiJ6RlnSNKAogVm7jWmQ7+AySLA9Tg9,1.8528240000000002,10.364384,5.462089
593400,a0kbD0wrCI8kaItWajaE6DtgAXRxlv1YrKiJ6RlnSNKAogVm7jWmQ7+AySLA9Tg9,1.041037,8.871597999999999,4.254569
593700,a0kbD0wrCI8kaItWajaE6DtgAXRxlv1YrKiJ6RlnSNKAogVm7jWmQ7+AySLA9Tg9,2.4083069999999998,17.831468,5.370774
594000,a0kbD0wrCI8kaItWajaE6DtgAXRxlv1YrKiJ6RlnSNKAogVm7jWmQ7+AySLA9Tg9,1.7854970000000001,10.82121,4.17703
594300,a0kbD0wrCI8kaItWajaE6DtgAXRxlv1YrKiJ6RlnSNKAogVm7jWmQ7+AySLA9Tg9,1.7464669999999998,14.117602,5.168018
594600,a0kbD0wrCI8kaItWajaE6DtgAXRxlv1YrKiJ6RlnSNKAogVm7jWmQ7+AySLA9Tg9,2.140959,10.891598,5.415622
594900,a0kbD0wrCI8kaItWajaE6DtgAXRxlv1YrKiJ6RlnSNKAogVm7jWmQ7+AySLA9Tg9,1.310685,19.893725,4.306853
595200,a0kbD0wrCI8kaItWajaE6DtgAXRxlv1YrKiJ6RlnSNKAogVm7jWmQ7+AySLA9Tg9,2.594122,10.045814,5.197423000000001
595500,a0kbD0wrCI8kaItWajaE6DtgAXRxlv1YrKiJ6RlnSNKAogVm7jWmQ7+AySLA9Tg9,2.9878009999999997,14.021085999999999,7.032914
595800,a0kbD0wrCI8kaItWajaE6DtgAXRxlv1YrKiJ6RlnSNKAogVm7jWmQ7+AySLA9Tg9,2.053873,9.686096000000001,4.990362999999999
596100,a0kbD0wrCI8kaItWajaE6DtgAXRxlv1YrKiJ6RlnSNKAogVm7jWmQ7+AySLA9Tg9,2.10875,8.602938,4.77142
596400,a0kbD0wrCI8kaItWajaE6DtgAXRxlv1YrKiJ6RlnSNKAogVm7jWmQ7+AySLA9Tg9,0.671235,9.537587,4.610093
596700,a0kbD0wrCI8kaItWajaE6DtgAXRxlv1YrKiJ6RlnSNKAogVm7jWmQ7+AySLA9Tg9,2.117123,8.5584,4.614896
597000,a0kbD0wrCI8kaItWajaE6DtgAXRxlv1YrKiJ6RlnSNKAogVm7jWmQ7+AySLA9Tg9,1.515539,10.600775,4.583792
597300,a0kbD0wrCI8kaItWajaE6DtgAXRxlv1YrKiJ6RlnSNKAogVm7jWmQ7+AySLA9Tg9,1.6105049999999999,7.489414999999999,4.768342
597600,a0kbD0wrCI8kaItWajaE6DtgAXRxlv1YrKiJ6RlnSNKAogVm7jWmQ7+AySLA9Tg9,1.462142,9.007978999999999,4.8162970000000005
597900,a0kbD0wrCI8kaItWajaE6DtgAXRxlv1YrKiJ6RlnSNKAogVm7jWmQ7+AySLA9Tg9,2.826107,14.809535,4.773402
598200,a0kbD0wrCI8kaItWajaE6DtgAXRxlv1YrKiJ6RlnSNKAogVm7jWmQ7+AySLA9Tg9,1.4139329999999999,8.426485000000001,4.288033
598500,a0kbD0wrCI8kaItWajaE6DtgAXRxlv1YrKiJ6RlnSNKAogVm7jWmQ7+AySLA9Tg9,1.9939099999999998,8.978943,4.460511
598800,a0kbD0wrCI8kaItWajaE6DtgAXRxlv1YrKiJ6RlnSNKAogVm7jWmQ7+AySLA9Tg9,0.790116,7.9583960000000005,4.178104
599100,a0kbD0wrCI8kaItWajaE6DtgAXRxlv1YrKiJ6RlnSNKAogVm7jWmQ7+AySLA9Tg9,1.154306,6.984057000000001,3.624401
599400,a0kbD0wrCI8kaItWajaE6DtgAXRxlv1YrKiJ6RlnSNKAogVm7jWmQ7+AySLA9Tg9,1.618926,23.731149,5.8793169999999995
599700,a0kbD0wrCI8kaItWajaE6DtgAXRxlv1YrKiJ6RlnSNKAogVm7jWmQ7+AySLA9Tg9,1.9107939999999999,8.595467999999999,4.3040080000000005
600000,a0kbD0wrCI8kaItWajaE6DtgAXRxlv1YrKiJ6RlnSNKAogVm7jWmQ7+AySLA9Tg9,1.624221,6.428609,3.8862980000000005
600300,a0kbD0wrCI8kaItWajaE6DtgAXRxlv1YrKiJ6RlnSNKAogVm7jWmQ7+AySLA9Tg9,0.600456,9.819094,4.229197
600600,a0kbD0wrCI8kaItWajaE6DtgAXRxlv1YrKiJ6RlnSNKAogVm7jWmQ7+AySLA9Tg9,1.4927620000000001,7.067150999999999,3.9664940000000004
600900,a0kbD0wrCI8kaItWajaE6DtgAXRxlv1YrKiJ6RlnSNKAogVm7jWmQ7+AySLA9Tg9,0.9783459999999999,7.3842039999999995,3.902859
601200,a0kbD0wrCI8kaItWajaE6DtgAXRxlv1YrKiJ6RlnSNKAogVm7jWmQ7+AySLA9Tg9,2.298413,9.835192,4.419352
601500,a0kbD0wrCI8kaItWajaE6DtgAXRxlv1YrKiJ6RlnSNKAogVm7jWmQ7+AySLA9Tg9,0.6038439999999999,11.659989999999999,5.119152
601800,a0kbD0wrCI8kaItWajaE6DtgAXRxlv1YrKiJ6RlnSNKAogVm7jWmQ7+AySLA9Tg9,1.268797,7.771969,3.871806
602100,a0kbD0wrCI8kaItWajaE6DtgAXRxlv1YrKiJ6RlnSNKAogVm7jWmQ7+AySLA9Tg9,1.751424,7.376946,4.0628269999999995
602400,a0kbD0wrCI8kaItWajaE6DtgAXRxlv1YrKiJ6RlnSNKAogVm7jWmQ7+AySLA9Tg9,0.61026,8.638278999999999,3.9519260000000003
602700,a0kbD0wrCI8kaItWajaE6DtgAXRxlv1YrKiJ6RlnSNKAogVm7jWmQ7+AySLA9Tg9,2.8590709999999997,11.811001,5.70293
603000,a0kbD0wrCI8kaItWajaE6DtgAXRxlv1YrKiJ6RlnSNKAogVm7jWmQ7+AySLA9Tg9,2.530786,10.426274000000001,5.3255099999999995
603300,a0kbD0wrCI8kaItWajaE6DtgAXRxlv1YrKiJ6RlnSNKAogVm7jWmQ7+AySLA9Tg9,2.089875,8.351811999999999,5.007951
603600,a0kbD0wrCI8kaItWajaE6DtgAXRxlv1YrKiJ6RlnSNKAogVm7jWmQ7+AySLA9Tg9,1.046822,6.971855000000001,4.475262
603900,a0kbD0wrCI8kaItWajaE6DtgAXRxlv1YrKiJ6RlnSNKAogVm7jWmQ7+AySLA9Tg9,1.8384200000000002,11.864773,5.616631
604200,a0kbD0wrCI8kaItWajaE6DtgAXRxlv1YrKiJ6RlnSNKAogVm7jWmQ7+AySLA9Tg9,2.748189,12.885186000000001,6.213644
604500,a0kbD0wrCI8kaItWajaE6DtgAXRxlv1YrKiJ6RlnSNKAogVm7jWmQ7+AySLA9Tg9,2.980435,13.684897,6.755802
604800,a0kbD0wrCI8kaItWajaE6DtgAXRxlv1YrKiJ6RlnSNKAogVm7jWmQ7+AySLA9Tg9,2.5994029999999997,10.083775,5.811237
605100,a0kbD0wrCI8kaItWajaE6DtgAXRxlv1YrKiJ6RlnSNKAogVm7jWmQ7+AySLA9Tg9,3.6600870000000003,18.759928,7.299297999999999
605400,a0kbD0wrCI8kaItWajaE6DtgAXRxlv1YrKiJ6RlnSNKAogVm7jWmQ7+AySLA9Tg9,1.92271,11.765031,4.158639
605700,a0kbD0wrCI8kaItWajaE6DtgAXRxlv1YrKiJ6RlnSNKAogVm7jWmQ7+AySLA9Tg9,1.2536690000000001,11.432477,3.8659519999999996
606000,a0kbD0wrCI8kaItWajaE6DtgAXRxlv1YrKiJ6RlnSNKAogVm7jWmQ7+AySLA9Tg9,1.620932,9.335745,4.501785
606300,a0kbD0wrCI8kaItWajaE6DtgAXRxlv1YrKiJ6RlnSNKAogVm7jWmQ7+AySLA9Tg9,0.580967,7.839844,4.454726
606600,a0kbD0wrCI8kaItWajaE6DtgAXRxlv1YrKiJ6RlnSNKAogVm7jWmQ7+AySLA9Tg9,1.057374,9.377882000000001,4.738837999999999
606900,a0kbD0wrCI8kaItWajaE6DtgAXRxlv1YrKiJ6RlnSNKAogVm7jWmQ7+AySLA9Tg9,1.9899959999999999,29.297959000000002,6.718261
607200,a0kbD0wrCI8kaItWajaE6DtgAXRxlv1YrKiJ6RlnSNKAogVm7jWmQ7+AySLA9Tg9,0.918494,9.127755,4.287580999999999
607500,a0kbD0wrCI8kaItWajaE6DtgAXRxlv1YrKiJ6RlnSNKAogVm7jWmQ7+AySLA9Tg9,1.458777,10.678003,4.821057
607800,a0kbD0wrCI8kaItWajaE6DtgAXRxlv1YrKiJ6RlnSNKAogVm7jWmQ7+AySLA9Tg9,1.259567,7.7384699999999995,3.835838
608100,a0kbD0wrCI8kaItWajaE6DtgAXRxlv1YrKiJ6RlnSNKAogVm7jWmQ7+AySLA9Tg9,1.624565,7.511013,4.326468
608400,a0kbD0wrCI8kaItWajaE6DtgAXRxlv1YrKiJ6RlnSNKAogVm7jWmQ7+AySLA9Tg9,1.295218,7.2609699999999995,3.715765
608700,a0kbD0wrCI8kaItWajaE6DtgAXRxlv1YrKiJ6RlnSNKAogVm7jWmQ7+AySLA9Tg9,2.237164,11.278512,4.789235
609000,a0kbD0wrCI8kaItWajaE6DtgAXRxlv1YrKiJ6RlnSNKAogVm7jWmQ7+AySLA9Tg9,0.5703550000000001,8.07495,3.8353910000000004
609300,a0kbD0wrCI8kaItWajaE6DtgAXRxlv1YrKiJ6RlnSNKAogVm7jWmQ7+AySLA9Tg9,1.183729,6.972228,3.626614
609600,a0kbD0wrCI8kaItWajaE6DtgAXRxlv1YrKiJ6RlnSNKAogVm7jWmQ7+AySLA9Tg9,1.2694020000000001,7.112561,4.011307
609900,a0kbD0wrCI8kaItWajaE6DtgAXRxlv1YrKiJ6RlnSNKAogVm7jWmQ7+AySLA9Tg9,1.8317430000000001,7.8824369999999995,4.5845709999999995
610200,a0kbD0wrCI8kaItWajaE6DtgAXRxlv1YrKiJ6RlnSNKAogVm7jWmQ7+AySLA9Tg9,2.086166,8.938114,4.805753
610500,a0kbD0wrCI8kaItWajaE6DtgAXRxlv1YrKiJ6RlnSNKAogVm7jWmQ7+AySLA9Tg9,2.068714,23.680457,6.032083
610800,a0kbD0wrCI8kaItWajaE6DtgAXRxlv1YrKiJ6RlnSNKAogVm7jWmQ7+AySLA9Tg9,1.0264030000000002,7.713322,4.470422
611100,a0kbD0wrCI8kaItWajaE6DtgAXRxlv1YrKiJ6RlnSNKAogVm7jWmQ7+AySLA9Tg9,1.074009,7.585994,3.5217129999999996
611400,a0kbD0wrCI8kaItWajaE6DtgAXRxlv1YrKiJ6RlnSNKAogVm7jWmQ7+AySLA9Tg9,1.736003,6.119836,4.147724
611700,a0kbD0wrCI8kaItWajaE6DtgAXRxlv1YrKiJ6RlnSNKAogVm7jWmQ7+AySLA9Tg9,0.8811770000000001,10.153473,3.813443
612000,a0kbD0wrCI8kaItWajaE6DtgAXRxlv1YrKiJ6RlnSNKAogVm7jWmQ7+AySLA9Tg9,1.3792879999999998,11.077914999999999,5.153897
612300,a0kbD0wrCI8kaItWajaE6DtgAXRxlv1YrKiJ6RlnSNKAogVm7jWmQ7+AySLA9Tg9,0.9923,11.305375,4.495697
612600,a0kbD0wrCI8kaItWajaE6DtgAXRxlv1YrKiJ6RlnSNKAogVm7jWmQ7+AySLA9Tg9,0.975698,26.493499,6.159793
612900,a0kbD0wrCI8kaItWajaE6DtgAXRxlv1YrKiJ6RlnSNKAogVm7jWmQ7+AySLA9Tg9,1.200774,8.502905,3.9730790000000002
613200,a0kbD0wrCI8kaItWajaE6DtgAXRxlv1YrKiJ6RlnSNKAogVm7jWmQ7+AySLA9Tg9,0.972325,5.817565,3.613154
613500,a0kbD0wrCI8kaItWajaE6DtgAXRxlv1YrKiJ6RlnSNKAogVm7jWmQ7+AySLA9Tg9,1.291842,21.759695999999998,5.9043790000000005
613800,a0kbD0wrCI8kaItWajaE6DtgAXRxlv1YrKiJ6RlnSNKAogVm7jWmQ7+AySLA9Tg9,0.7266050000000001,9.055964999999999,3.7250629999999996
614100,a0kbD0wrCI8kaItWajaE6DtgAXRxlv1YrKiJ6RlnSNKAogVm7jWmQ7+AySLA9Tg9,1.707269,6.811698,3.886311
614400,a0kbD0wrCI8kaItWajaE6DtgAXRxlv1YrKiJ6RlnSNKAogVm7jWmQ7+AySLA9Tg9,1.333364,9.675550999999999,3.8883989999999997
614700,a0kbD0wrCI8kaItWajaE6DtgAXRxlv1YrKiJ6RlnSNKAogVm7jWmQ7+AySLA9Tg9,1.206053,7.53995,3.8844279999999998
615000,a0kbD0wrCI8kaItWajaE6DtgAXRxlv1YrKiJ6RlnSNKAogVm7jWmQ7+AySLA9Tg9,0.7752680000000001,6.638259,3.545206
615300,a0kbD0wrCI8kaItWajaE6DtgAXRxlv1YrKiJ6RlnSNKAogVm7jWmQ7+AySLA9Tg9,0.915364,9.442859,4.256135
615600,a0kbD0wrCI8kaItWajaE6DtgAXRxlv1YrKiJ6RlnSNKAogVm7jWmQ7+AySLA9Tg9,2.3831900000000004,9.688222999999999,4.641139
615900,a0kbD0wrCI8kaItWajaE6DtgAXRxlv1YrKiJ6RlnSNKAogVm7jWmQ7+AySLA9Tg9,2.4154720000000003,6.13641,3.7856389999999998
616200,a0kbD0wrCI8kaItWajaE6DtgAXRxlv1YrKiJ6RlnSNKAogVm7jWmQ7+AySLA9Tg9,1.177575,13.711381,4.911311
616500,a0kbD0wrCI8kaItWajaE6DtgAXRxlv1YrKiJ6RlnSNKAogVm7jWmQ7+AySLA9Tg9,2.441952,8.615586,4.5230879999999996
616800,a0kbD0wrCI8kaItWajaE6DtgAXRxlv1YrKiJ6RlnSNKAogVm7jWmQ7+AySLA9Tg9,1.556273,7.360351,3.9029629999999997
617100,a0kbD0wrCI8kaItWajaE6DtgAXRxlv1YrKiJ6RlnSNKAogVm7jWmQ7+AySLA9Tg9,0.48435,11.568969000000001,4.127687
617400,a0kbD0wrCI8kaItWajaE6DtgAXRxlv1YrKiJ6RlnSNKAogVm7jWmQ7+AySLA9Tg9,2.976284,9.374591,4.981369
617700,a0kbD0wrCI8kaItWajaE6DtgAXRxlv1YrKiJ6RlnSNKAogVm7jWmQ7+AySLA9Tg9,3.5113849999999998,27.330005,7.321095
618000,a0kbD0wrCI8kaItWajaE6DtgAXRxlv1YrKiJ6RlnSNKAogVm7jWmQ7+AySLA9Tg9,0.686713,8.8715,4.411091000000001
618300,a0kbD0wrCI8kaItWajaE6DtgAXRxlv1YrKiJ6RlnSNKAogVm7jWmQ7+AySLA9Tg9,1.547885,8.528303999999999,4.14415
618600,a0kbD0wrCI8kaItWajaE6DtgAXRxlv1YrKiJ6RlnSNKAogVm7jWmQ7+AySLA9Tg9,2.26234,16.476564,4.932711
618900,a0kbD0wrCI8kaItWajaE6DtgAXRxlv1YrKiJ6RlnSNKAogVm7jWmQ7+AySLA9Tg9,1.0729090000000001,7.287476,3.682438
619200,a0kbD0wrCI8kaItWajaE6DtgAXRxlv1YrKiJ6RlnSNKAogVm7jWmQ7+AySLA9Tg9,2.026714,6.93135,4.343907
619500,a0kbD0wrCI8kaItWajaE6DtgAXRxlv1YrKiJ6RlnSNKAogVm7jWmQ7+AySLA9Tg9,1.71776,6.384508,3.529636
619800,a0kbD0wrCI8kaItWajaE6DtgAXRxlv1YrKiJ6RlnSNKAogVm7jWmQ7+AySLA9Tg9,0.669388,11.623335,3.9769410000000005
620100,a0kbD0wrCI8kaItWajaE6DtgAXRxlv1YrKiJ6RlnSNKAogVm7jWmQ7+AySLA9Tg9,1.912911,6.133869,4.076365
620400,a0kbD0wrCI8kaItWajaE6DtgAXRxlv1YrKiJ6RlnSNKAogVm7jWmQ7+AySLA9Tg9,0.386752,6.7421690000000005,3.467001
620700,a0kbD0wrCI8kaItWajaE6DtgAXRxlv1YrKiJ6RlnSNKAogVm7jWmQ7+AySLA9Tg9,0.853043,8.098008,3.816506
621000,a0kbD0wrCI8kaItWajaE6DtgAXRxlv1YrKiJ6RlnSNKAogVm7jWmQ7+AySLA9Tg9,1.9391150000000001,7.562591,4.028993
621300,a0kbD0wrCI8kaItWajaE6DtgAXRxlv1YrKiJ6RlnSNKAogVm7jWmQ7+AySLA9Tg9,1.503351,6.806642,3.4492949999999998
621600,a0kbD0wrCI8kaItWajaE6DtgAXRxlv1YrKiJ6RlnSNKAogVm7jWmQ7+AySLA9Tg9,1.413449,6.464743,3.3965389999999998
621900,a0kbD0wrCI8kaItWajaE6DtgAXRxlv1YrKiJ6RlnSNKAogVm7jWmQ7+AySLA9Tg9,1.608356,9.425866000000001,4.29725
622200,a0kbD0wrCI8kaItWajaE6DtgAXRxlv1YrKiJ6RlnSNKAogVm7jWmQ7+AySLA9Tg9,1.80807,6.498168,3.652335
622500,a0kbD0wrCI8kaItWajaE6DtgAXRxlv1YrKiJ6RlnSNKAogVm7jWmQ7+AySLA9Tg9,1.6695099999999998,10.128819,4.367381
622800,a0kbD0wrCI8kaItWajaE6DtgAXRxlv1YrKiJ6RlnSNKAogVm7jWmQ7+AySLA9Tg9,2.060912,9.818208,4.745356
623100,a0kbD0wrCI8kaItWajaE6DtgAXRxlv1YrKiJ6RlnSNKAogVm7jWmQ7+AySLA9Tg9,1.086206,10.907468,4.287658
623400,a0kbD0wrCI8kaItWajaE6DtgAXRxlv1YrKiJ6RlnSNKAogVm7jWmQ7+AySLA9Tg9,1.522456,8.919617,4.092413
623700,a0kbD0wrCI8kaItWajaE6DtgAXRxlv1YrKiJ6RlnSNKAogVm7jWmQ7+AySLA9Tg9,1.900096,9.451084,4.473902
624000,a0kbD0wrCI8kaItWajaE6DtgAXRxlv1YrKiJ6RlnSNKAogVm7jWmQ7+AySLA9Tg9,2.3705830000000003,13.800507000000001,4.443676
624300,a0kbD0wrCI8kaItWajaE6DtgAXRxlv1YrKiJ6RlnSNKAogVm7jWmQ7+AySLA9Tg9,1.487392,6.460065,3.5549410000000004
624600,a0kbD0wrCI8kaItWajaE6DtgAXRxlv1YrKiJ6RlnSNKAogVm7jWmQ7+AySLA9Tg9,2.1837869999999997,24.377075,6.862178
624900,a0kbD0wrCI8kaItWajaE6DtgAXRxlv1YrKiJ6RlnSNKAogVm7jWmQ7+AySLA9Tg9,2.092629,7.436589,4.00288
625200,a0kbD0wrCI8kaItWajaE6DtgAXRxlv1YrKiJ6RlnSNKAogVm7jWmQ7+AySLA9Tg9,0.7979649999999999,8.749375,3.977095
625500,a0kbD0wrCI8kaItWajaE6DtgAXRxlv1YrKiJ6RlnSNKAogVm7jWmQ7+AySLA9Tg9,1.8328520000000001,12.435234,5.540072
625800,a0kbD0wrCI8kaItWajaE6DtgAXRxlv1YrKiJ6RlnSNKAogVm7jWmQ7+AySLA9Tg9,0.623225,9.156680999999999,4.540404
626100,a0kbD0wrCI8kaItWajaE6DtgAXRxlv1YrKiJ6RlnSNKAogVm7jWmQ7+AySLA9Tg9,0.46874899999999997,8.82359,4.087608
626400,a0kbD0wrCI8kaItWajaE6DtgAXRxlv1YrKiJ6RlnSNKAogVm7jWmQ7+AySLA9Tg9,3.18345,14.254157999999999,6.371503
626700,a0kbD0wrCI8kaItWajaE6DtgAXRxlv1YrKiJ6RlnSNKAogVm7jWmQ7+AySLA9Tg9,1.0881290000000001,8.101199000000001,4.628355
627000,a0kbD0wrCI8kaItWajaE6DtgAXRxlv1YrKiJ6RlnSNKAogVm7jWmQ7+AySLA9Tg9,1.834864,13.645666,4.979488
627300,a0kbD0wrCI8kaItWajaE6DtgAXRxlv1YrKiJ6RlnSNKAogVm7jWmQ7+AySLA9Tg9,0.805198,11.335883,4.639409
627600,a0kbD0wrCI8kaItWajaE6DtgAXRxlv1YrKiJ6RlnSNKAogVm7jWmQ7+AySLA9Tg9,1.228579,7.009734,4.219214
627900,a0kbD0wrCI8kaItWajaE6DtgAXRxlv1YrKiJ6RlnSNKAogVm7jWmQ7+AySLA9Tg9,0.9436690000000001,9.8043,3.610559
628200,a0kbD0wrCI8kaItWajaE6DtgAXRxlv1YrKiJ6RlnSNKAogVm7jWmQ7+AySLA9Tg9,1.861696,9.586532,4.7723830000000005
628500,a0kbD0wrCI8kaItWajaE6DtgAXRxlv1YrKiJ6RlnSNKAogVm7jWmQ7+AySLA9Tg9,0.652573,9.328519,4.276496
628800,a0kbD0wrCI8kaItWajaE6DtgAXRxlv1YrKiJ6RlnSNKAogVm7jWmQ7+AySLA9Tg9,1.08384,6.917091,3.227604
629100,a0kbD0wrCI8kaItWajaE6DtgAXRxlv1YrKiJ6RlnSNKAogVm7jWmQ7+AySLA9Tg9,1.927079,9.116508,4.1702650000000006
629400,a0kbD0wrCI8kaItWajaE6DtgAXRxlv1YrKiJ6RlnSNKAogVm7jWmQ7+AySLA9Tg9,0.8285959999999999,7.278147,3.8448339999999996
629700,a0kbD0wrCI8kaItWajaE6DtgAXRxlv1YrKiJ6RlnSNKAogVm7jWmQ7+AySLA9Tg9,1.389782,6.301793,3.4050599999999998
630000,a0kbD0wrCI8kaItWajaE6DtgAXRxlv1YrKiJ6RlnSNKAogVm7jWmQ7+AySLA9Tg9,1.8585450000000001,8.509192,4.324433999999999
630300,a0kbD0wrCI8kaItWajaE6DtgAXRxlv1YrKiJ6RlnSNKAogVm7jWmQ7+AySLA9Tg9,2.257279,9.288786,4.111753
630600,a0kbD0wrCI8kaItWajaE6DtgAXRxlv1YrKiJ6RlnSNKAogVm7jWmQ7+AySLA9Tg9,0.588759,10.808675,4.281601
630900,a0kbD0wrCI8kaItWajaE6DtgAXRxlv1YrKiJ6RlnSNKAogVm7jWmQ7+AySLA9Tg9,2.642684,8.050930000000001,4.222162
631200,a0kbD0wrCI8kaItWajaE6DtgAXRxlv1YrKiJ6RlnSNKAogVm7jWmQ7+AySLA9Tg9,0.6308020000000001,7.937831,4.057112
631500,a0kbD0wrCI8kaItWajaE6DtgAXRxlv1YrKiJ6RlnSNKAogVm7jWmQ7+AySLA9Tg9,1.10811,8.141821,3.403719
631800,a0kbD0wrCI8kaItWajaE6DtgAXRxlv1YrKiJ6RlnSNKAogVm7jWmQ7+AySLA9Tg9,2.403644,8.609147,4.695939
632100,a0kbD0wrCI8kaItWajaE6DtgAXRxlv1YrKiJ6RlnSNKAogVm7jWmQ7+AySLA9Tg9,0.93095,7.571947,3.8573160000000004
632400,a0kbD0wrCI8kaItWajaE6DtgAXRxlv1YrKiJ6RlnSNKAogVm7jWmQ7+AySLA9Tg9,1.173931,7.0661130000000005,3.554218
632700,a0kbD0wrCI8kaItWajaE6DtgAXRxlv1YrKiJ6RlnSNKAogVm7jWmQ7+AySLA9Tg9,0.48429700000000003,9.288138,4.593621
633000,a0kbD0wrCI8kaItWajaE6DtgAXRxlv1YrKiJ6RlnSNKAogVm7jWmQ7+AySLA9Tg9,1.297202,6.263658,4.107857
633300,a0kbD0wrCI8kaItWajaE6DtgAXRxlv1YrKiJ6RlnSNKAogVm7jWmQ7+AySLA9Tg9,0.724312,7.351958,3.5145800000000005
633600,a0kbD0wrCI8kaItWajaE6DtgAXRxlv1YrKiJ6RlnSNKAogVm7jWmQ7+AySLA9Tg9,2.068956,10.288889999999999,5.026166
633900,a0kbD0wrCI8kaItWajaE6DtgAXRxlv1YrKiJ6RlnSNKAogVm7jWmQ7+AySLA9Tg9,1.5679809999999998,7.573889,4.5648040000000005
634200,a0kbD0wrCI8kaItWajaE6DtgAXRxlv1YrKiJ6RlnSNKAogVm7jWmQ7+AySLA9Tg9,0.900223,11.17062,5.076756
634500,a0kbD0wrCI8kaItWajaE6DtgAXRxlv1YrKiJ6RlnSNKAogVm7jWmQ7+AySLA9Tg9,1.578515,7.4835009999999995,4.441939
634800,a0kbD0wrCI8kaItWajaE6DtgAXRxlv1YrKiJ6RlnSNKAogVm7jWmQ7+AySLA9Tg9,1.3754899999999999,6.130107,3.9849
635100,a0kbD0wrCI8kaItWajaE6DtgAXRxlv1YrKiJ6RlnSNKAogVm7jWmQ7+AySLA9Tg9,1.12414,8.20505,3.769657
635400,a0kbD0wrCI8kaItWajaE6DtgAXRxlv1YrKiJ6RlnSNKAogVm7jWmQ7+AySLA9Tg9,0.798355,7.713539,3.9424349999999997
635700,a0kbD0wrCI8kaItWajaE6DtgAXRxlv1YrKiJ6RlnSNKAogVm7jWmQ7+AySLA9Tg9,1.8326759999999997,7.486939,3.8965330000000002
636000,a0kbD0wrCI8kaItWajaE6DtgAXRxlv1YrKiJ6RlnSNKAogVm7jWmQ7+AySLA9Tg9,1.024246,7.537319999999999,3.7231870000000002
636300,a0kbD0wrCI8kaItWajaE6DtgAXRxlv1YrKiJ6RlnSNKAogVm7jWmQ7+AySLA9Tg9,2.427474,10.247162,5.470926
636600,a0kbD0wrCI8kaItWajaE6DtgAXRxlv1YrKiJ6RlnSNKAogVm7jWmQ7+AySLA9Tg9,0.95689,7.575667,3.977639
636900,a0kbD0wrCI8kaItWajaE6DtgAXRxlv1YrKiJ6RlnSNKAogVm7jWmQ7+AySLA9Tg9,0.649061,8.315278999999999,3.6767559999999997
637200,a0kbD0wrCI8kaItWajaE6DtgAXRxlv1YrKiJ6RlnSNKAogVm7jWmQ7+AySLA9Tg9,1.256032,8.327992,5.445526999999999
637500,a0kbD0wrCI8kaItWajaE6DtgAXRxlv1YrKiJ6RlnSNKAogVm7jWmQ7+AySLA9Tg9,2.731952,15.596229000000001,5.773288
637800,a0kbD0wrCI8kaItWajaE6DtgAXRxlv1YrKiJ6RlnSNKAogVm7jWmQ7+AySLA9Tg9,1.43555,10.135660000000001,4.602794
638100,a0kbD0wrCI8kaItWajaE6DtgAXRxlv1YrKiJ6RlnSNKAogVm7jWmQ7+AySLA9Tg9,1.0047709999999999,6.806375999999999,4.272886
638400,a0kbD0wrCI8kaItWajaE6DtgAXRxlv1YrKiJ6RlnSNKAogVm7jWmQ7+AySLA9Tg9,1.4135870000000001,8.205954,3.9287769999999997
638700,a0kbD0wrCI8kaItWajaE6DtgAXRxlv1YrKiJ6RlnSNKAogVm7jWmQ7+AySLA9Tg9,0.764907,8.881267,3.660249
639000,a0kbD0wrCI8kaItWajaE6DtgAXRxlv1YrKiJ6RlnSNKAogVm7jWmQ7+AySLA9Tg9,2.284102,9.289303,5.276518
639300,a0kbD0wrCI8kaItWajaE6DtgAXRxlv1YrKiJ6RlnSNKAogVm7jWmQ7+AySLA9Tg9,1.007448,9.798478999999999,4.8919
639600,a0kbD0wrCI8kaItWajaE6DtgAXRxlv1YrKiJ6RlnSNKAogVm7jWmQ7+AySLA9Tg9,1.274982,6.767339,3.6483489999999996
639900,a0kbD0wrCI8kaItWajaE6DtgAXRxlv1YrKiJ6RlnSNKAogVm7jWmQ7+AySLA9Tg9,3.5342379999999998,8.072761999999999,5.4530769999999995
640200,a0kbD0wrCI8kaItWajaE6DtgAXRxlv1YrKiJ6RlnSNKAogVm7jWmQ7+AySLA9Tg9,1.301828,6.885569,3.7615489999999996
640500,a0kbD0wrCI8kaItWajaE6DtgAXRxlv1YrKiJ6RlnSNKAogVm7jWmQ7+AySLA9Tg9,1.495696,6.319253,3.626186
640800,a0kbD0wrCI8kaItWajaE6DtgAXRxlv1YrKiJ6RlnSNKAogVm7jWmQ7+AySLA9Tg9,2.9735080000000003,20.68551,6.661811999999999
641100,a0kbD0wrCI8kaItWajaE6DtgAXRxlv1YrKiJ6RlnSNKAogVm7jWmQ7+AySLA9Tg9,2.579207,8.336679,4.643341
641400,a0kbD0wrCI8kaItWajaE6DtgAXRxlv1YrKiJ6RlnSNKAogVm7jWmQ7+AySLA9Tg9,1.5561459999999998,30.367559999999997,5.626265
641700,a0kbD0wrCI8kaItWajaE6DtgAXRxlv1YrKiJ6RlnSNKAogVm7jWmQ7+AySLA9Tg9,2.5005450000000002,10.137503,5.5688949999999995
642000,a0kbD0wrCI8kaItWajaE6DtgAXRxlv1YrKiJ6RlnSNKAogVm7jWmQ7+AySLA9Tg9,1.396117,7.6424460000000005,3.620687
642300,a0kbD0wrCI8kaItWajaE6DtgAXRxlv1YrKiJ6RlnSNKAogVm7jWmQ7+AySLA9Tg9,1.004233,8.065853,3.507231
642600,a0kbD0wrCI8kaItWajaE6DtgAXRxlv1YrKiJ6RlnSNKAogVm7jWmQ7+AySLA9Tg9,2.551704,14.275967000000001,5.863955000000001
642900,a0kbD0wrCI8kaItWajaE6DtgAXRxlv1YrKiJ6RlnSNKAogVm7jWmQ7+AySLA9Tg9,0.7991689999999999,6.572202000000001,3.269906
643200,a0kbD0wrCI8kaItWajaE6DtgAXRxlv1YrKiJ6RlnSNKAogVm7jWmQ7+AySLA9Tg9,1.36148,6.940772999999999,3.692769
643500,a0kbD0wrCI8kaItWajaE6DtgAXRxlv1YrKiJ6RlnSNKAogVm7jWmQ7+AySLA9Tg9,0.600478,8.727678,5.011086
643800,a0kbD0wrCI8kaItWajaE6DtgAXRxlv1YrKiJ6RlnSNKAogVm7jWmQ7+AySLA9Tg9,1.9269290000000001,6.673953,3.9497660000000003
644100,a0kbD0wrCI8kaItWajaE6DtgAXRxlv1YrKiJ6RlnSNKAogVm7jWmQ7+AySLA9Tg9,0.565109,7.5659149999999995,3.192463
644400,a0kbD0wrCI8kaItWajaE6DtgAXRxlv1YrKiJ6RlnSNKAogVm7jWmQ7+AySLA9Tg9,2.928403,11.78625,5.432695
644700,a0kbD0wrCI8kaItWajaE6DtgAXRxlv1YrKiJ6RlnSNKAogVm7jWmQ7+AySLA9Tg9,1.021478,10.233936,3.914417
645000,a0kbD0wrCI8kaItWajaE6DtgAXRxlv1YrKiJ6RlnSNKAogVm7jWmQ7+AySLA9Tg9,0.461786,10.049702,3.772297
645300,a0kbD0wrCI8kaItWajaE6DtgAXRxlv1YrKiJ6RlnSNKAogVm7jWmQ7+AySLA9Tg9,2.292584,10.060816,5.627807
645600,a0kbD0wrCI8kaItWajaE6DtgAXRxlv1YrKiJ6RlnSNKAogVm7jWmQ7+AySLA9Tg9,2.554015,10.92287,4.475333999999999
645900,a0kbD0wrCI8kaItWajaE6DtgAXRxlv1YrKiJ6RlnSNKAogVm7jWmQ7+AySLA9Tg9,1.668404,6.515847,3.5647510000000002
646200,a0kbD0wrCI8kaItWajaE6DtgAXRxlv1YrKiJ6RlnSNKAogVm7jWmQ7+AySLA9Tg9,0.770059,11.244847,5.604935
646500,a0kbD0wrCI8kaItWajaE6DtgAXRxlv1YrKiJ6RlnSNKAogVm7jWmQ7+AySLA9Tg9,2.143795,8.575571,4.417845
646800,a0kbD0wrCI8kaItWajaE6DtgAXRxlv1YrKiJ6RlnSNKAogVm7jWmQ7+AySLA9Tg9,2.244337,9.386836,4.647098000000001
647100,a0kbD0wrCI8kaItWajaE6DtgAXRxlv1YrKiJ6RlnSNKAogVm7jWmQ7+AySLA9Tg9,2.727908,11.853609,6.574763000000001
647400,a0kbD0wrCI8kaItWajaE6DtgAXRxlv1YrKiJ6RlnSNKAogVm7jWmQ7+AySLA9Tg9,0.509653,8.975016,4.207621
647700,a0kbD0wrCI8kaItWajaE6DtgAXRxlv1YrKiJ6RlnSNKAogVm7jWmQ7+AySLA9Tg9,0.710665,7.19767,3.505156
648000,a0kbD0wrCI8kaItWajaE6DtgAXRxlv1YrKiJ6RlnSNKAogVm7jWmQ7+AySLA9Tg9,2.409479,11.856619,6.266883
648300,a0kbD0wrCI8kaItWajaE6DtgAXRxlv1YrKiJ6RlnSNKAogVm7jWmQ7+AySLA9Tg9,0.643988,10.103286,4.900494
648600,a0kbD0wrCI8kaItWajaE6DtgAXRxlv1YrKiJ6RlnSNKAogVm7jWmQ7+AySLA9Tg9,2.452369,11.578126,5.987506
648900,a0kbD0wrCI8kaItWajaE6DtgAXRxlv1YrKiJ6RlnSNKAogVm7jWmQ7+AySLA9Tg9,1.440617,11.425324,6.497047
649200,a0kbD0wrCI8kaItWajaE6DtgAXRxlv1YrKiJ6RlnSNKAogVm7jWmQ7+AySLA9Tg9,1.9216669999999998,11.824742,4.853956
649500,a0kbD0wrCI8kaItWajaE6DtgAXRxlv1YrKiJ6RlnSNKAogVm7jWmQ7+AySLA9Tg9,1.783189,14.671989000000002,5.659123999999999
649800,a0kbD0wrCI8kaItWajaE6DtgAXRxlv1YrKiJ6RlnSNKAogVm7jWmQ7+AySLA9Tg9,3.374532,10.705083,5.9919970000000005
650100,a0kbD0wrCI8kaItWajaE6DtgAXRxlv1YrKiJ6RlnSNKAogVm7jWmQ7+AySLA9Tg9,1.017039,21.804809,6.211525
650400,a0kbD0wrCI8kaItWajaE6DtgAXRxlv1YrKiJ6RlnSNKAogVm7jWmQ7+AySLA9Tg9,1.422825,36.119058,6.972328999999999
650700,a0kbD0wrCI8kaItWajaE6DtgAXRxlv1YrKiJ6RlnSNKAogVm7jWmQ7+AySLA9Tg9,2.7617849999999997,13.771917000000002,6.33148
651000,a0kbD0wrCI8kaItWajaE6DtgAXRxlv1YrKiJ6RlnSNKAogVm7jWmQ7+AySLA9Tg9,0.718337,8.993719,4.180001
651300,a0kbD0wrCI8kaItWajaE6DtgAXRxlv1YrKiJ6RlnSNKAogVm7jWmQ7+AySLA9Tg9,1.533799,6.219725,3.454343
651600,a0kbD0wrCI8kaItWajaE6DtgAXRxlv1YrKiJ6RlnSNKAogVm7jWmQ7+AySLA9Tg9,1.8602830000000001,18.854301,5.910271
651900,a0kbD0wrCI8kaItWajaE6DtgAXRxlv1YrKiJ6RlnSNKAogVm7jWmQ7+AySLA9Tg9,1.22282,7.728903,3.7390849999999998
652200,a0kbD0wrCI8kaItWajaE6DtgAXRxlv1YrKiJ6RlnSNKAogVm7jWmQ7+AySLA9Tg9,0.576347,8.580282,4.170338
652500,a0kbD0wrCI8kaItWajaE6DtgAXRxlv1YrKiJ6RlnSNKAogVm7jWmQ7+AySLA9Tg9,4.295338,21.917989000000002,7.659569
652800,a0kbD0wrCI8kaItWajaE6DtgAXRxlv1YrKiJ6RlnSNKAogVm7jWmQ7+AySLA9Tg9,0.555612,23.68978,5.946688
653100,a0kbD0wrCI8kaItWajaE6DtgAXRxlv1YrKiJ6RlnSNKAogVm7jWmQ7+AySLA9Tg9,1.6497669999999998,9.899875999999999,5.10273
653400,a0kbD0wrCI8kaItWajaE6DtgAXRxlv1YrKiJ6RlnSNKAogVm7jWmQ7+AySLA9Tg9,2.760951,10.174178999999999,6.238106
653700,a0kbD0wrCI8kaItWajaE6DtgAXRxlv1YrKiJ6RlnSNKAogVm7jWmQ7+AySLA9Tg9,1.413826,9.633797,5.0103029999999995
654000,a0kbD0wrCI8kaItWajaE6DtgAXRxlv1YrKiJ6RlnSNKAogVm7jWmQ7+AySLA9Tg9,1.570804,8.039501,4.424361
654300,a0kbD0wrCI8kaItWajaE6DtgAXRxlv1YrKiJ6RlnSNKAogVm7jWmQ7+AySLA9Tg9,1.480668,8.375402000000001,4.619164
654600,a0kbD0wrCI8kaItWajaE6DtgAXRxlv1YrKiJ6RlnSNKAogVm7jWmQ7+AySLA9Tg9,1.153627,7.938469,3.946212
654900,a0kbD0wrCI8kaItWajaE6DtgAXRxlv1YrKiJ6RlnSNKAogVm7jWmQ7+AySLA9Tg9,1.179809,6.34468,3.8039379999999996
655200,a0kbD0wrCI8kaItWajaE6DtgAXRxlv1YrKiJ6RlnSNKAogVm7jWmQ7+AySLA9Tg9,2.584502,12.701635000000001,6.558339999999999
655500,a0kbD0wrCI8kaItWajaE6DtgAXRxlv1YrKiJ6RlnSNKAogVm7jWmQ7+AySLA9Tg9,4.079084,13.701372000000001,7.439358
655800,a0kbD0wrCI8kaItWajaE6DtgAXRxlv1YrKiJ6RlnSNKAogVm7jWmQ7+AySLA9Tg9,3.217191,12.089221,6.472924
656100,a0kbD0wrCI8kaItWajaE6DtgAXRxlv1YrKiJ6RlnSNKAogVm7jWmQ7+AySLA9Tg9,2.437802,11.592018,6.9130080000000005
656400,a0kbD0wrCI8kaItWajaE6DtgAXRxlv1YrKiJ6RlnSNKAogVm7jWmQ7+AySLA9Tg9,1.29513,10.253732000000001,4.729509999999999
656700,a0kbD0wrCI8kaItWajaE6DtgAXRxlv1YrKiJ6RlnSNKAogVm7jWmQ7+AySLA9Tg9,1.466217,6.850286,3.9811419999999997
657000,a0kbD0wrCI8kaItWajaE6DtgAXRxlv1YrKiJ6RlnSNKAogVm7jWmQ7+AySLA9Tg9,1.05856,10.171202000000001,4.763392
657300,a0kbD0wrCI8kaItWajaE6DtgAXRxlv1YrKiJ6RlnSNKAogVm7jWmQ7+AySLA9Tg9,2.9676869999999997,13.287764000000001,7.393585000000001
657600,a0kbD0wrCI8kaItWajaE6DtgAXRxlv1YrKiJ6RlnSNKAogVm7jWmQ7+AySLA9Tg9,3.2424009999999996,19.438948,8.892642
657900,a0kbD0wrCI8kaItWajaE6DtgAXRxlv1YrKiJ6RlnSNKAogVm7jWmQ7+AySLA9Tg9,2.5246,10.349037,5.7747150000000005
658200,a0kbD0wrCI8kaItWajaE6DtgAXRxlv1YrKiJ6RlnSNKAogVm7jWmQ7+AySLA9Tg9,0.737467,9.472216,4.633332
658500,a0kbD0wrCI8kaItWajaE6DtgAXRxlv1YrKiJ6RlnSNKAogVm7jWmQ7+AySLA9Tg9,1.788904,8.933057000000002,4.299421
658800,a0kbD0wrCI8kaItWajaE6DtgAXRxlv1YrKiJ6RlnSNKAogVm7jWmQ7+AySLA9Tg9,0.686276,9.428417999999999,5.623214
659100,a0kbD0wrCI8kaItWajaE6DtgAXRxlv1YrKiJ6RlnSNKAogVm7jWmQ7+AySLA9Tg9,1.652736,11.420675,4.83361
659400,a0kbD0wrCI8kaItWajaE6DtgAXRxlv1YrKiJ6RlnSNKAogVm7jWmQ7+AySLA9Tg9,2.1493759999999997,17.478733,7.759697
659700,a0kbD0wrCI8kaItWajaE6DtgAXRxlv1YrKiJ6RlnSNKAogVm7jWmQ7+AySLA9Tg9,1.409445,7.25213,4.352301000000001
660000,a0kbD0wrCI8kaItWajaE6DtgAXRxlv1YrKiJ6RlnSNKAogVm7jWmQ7+AySLA9Tg9,2.421913,10.06976,5.319441
660300,a0kbD0wrCI8kaItWajaE6DtgAXRxlv1YrKiJ6RlnSNKAogVm7jWmQ7+AySLA9Tg9,1.3725399999999999,8.447106,4.170756
660600,a0kbD0wrCI8kaItWajaE6DtgAXRxlv1YrKiJ6RlnSNKAogVm7jWmQ7+AySLA9Tg9,3.278461,7.748319,4.701417
660900,a0kbD0wrCI8kaItWajaE6DtgAXRxlv1YrKiJ6RlnSNKAogVm7jWmQ7+AySLA9Tg9,2.461617,10.64368,6.04977
661200,a0kbD0wrCI8kaItWajaE6DtgAXRxlv1YrKiJ6RlnSNKAogVm7jWmQ7+AySLA9Tg9,1.998921,15.009713,5.579488
661500,a0kbD0wrCI8kaItWajaE6DtgAXRxlv1YrKiJ6RlnSNKAogVm7jWmQ7+AySLA9Tg9,1.478197,10.328043,4.619153
661800,a0kbD0wrCI8kaItWajaE6DtgAXRxlv1YrKiJ6RlnSNKAogVm7jWmQ7+AySLA9Tg9,1.1462290000000002,11.72591,6.115199
662100,a0kbD0wrCI8kaItWajaE6DtgAXRxlv1YrKiJ6RlnSNKAogVm7jWmQ7+AySLA9Tg9,3.31092,12.322222,6.058262
662400,a0kbD0wrCI8kaItWajaE6DtgAXRxlv1YrKiJ6RlnSNKAogVm7jWmQ7+AySLA9Tg9,1.160461,9.231997999999999,5.3435760000000005
662700,a0kbD0wrCI8kaItWajaE6DtgAXRxlv1YrKiJ6RlnSNKAogVm7jWmQ7+AySLA9Tg9,4.089478,11.172321,6.560179
663000,a0kbD0wrCI8kaItWajaE6DtgAXRxlv1YrKiJ6RlnSNKAogVm7jWmQ7+AySLA9Tg9,0.967783,11.022730000000001,6.218978
663300,a0kbD0wrCI8kaItWajaE6DtgAXRxlv1YrKiJ6RlnSNKAogVm7jWmQ7+AySLA9Tg9,4.043119,13.001087,7.128858999999999
663600,a0kbD0wrCI8kaItWajaE6DtgAXRxlv1YrKiJ6RlnSNKAogVm7jWmQ7+AySLA9Tg9,1.242084,14.649023000000001,7.004183
663900,a0kbD0wrCI8kaItWajaE6DtgAXRxlv1YrKiJ6RlnSNKAogVm7jWmQ7+AySLA9Tg9,5.497207,14.992726000000001,9.353453
664200,a0kbD0wrCI8kaItWajaE6DtgAXRxlv1YrKiJ6RlnSNKAogVm7jWmQ7+AySLA9Tg9,4.191633,20.532121,7.821681
664500,a0kbD0wrCI8kaItWajaE6DtgAXRxlv1YrKiJ6RlnSNKAogVm7jWmQ7+AySLA9Tg9,3.7838529999999997,16.328925,8.371734
664800,a0kbD0wrCI8kaItWajaE6DtgAXRxlv1YrKiJ6RlnSNKAogVm7jWmQ7+AySLA9Tg9,3.103653,10.528715,7.141197
665100,a0kbD0wrCI8kaItWajaE6DtgAXRxlv1YrKiJ6RlnSNKAogVm7jWmQ7+AySLA9Tg9,3.385932,14.699420000000002,7.353891
665400,a0kbD0wrCI8kaItWajaE6DtgAXRxlv1YrKiJ6RlnSNKAogVm7jWmQ7+AySLA9Tg9,6.277234,16.360706,9.782706
665700,a0kbD0wrCI8kaItWajaE6DtgAXRxlv1YrKiJ6RlnSNKAogVm7jWmQ7+AySLA9Tg9,0.564565,14.632973000000002,7.8518550000000005
666000,a0kbD0wrCI8kaItWajaE6DtgAXRxlv1YrKiJ6RlnSNKAogVm7jWmQ7+AySLA9Tg9,2.692245,11.191429,6.59967
666300,a0kbD0wrCI8kaItWajaE6DtgAXRxlv1YrKiJ6RlnSNKAogVm7jWmQ7+AySLA9Tg9,2.9886619999999997,44.405037,10.950661
666600,a0kbD0wrCI8kaItWajaE6DtgAXRxlv1YrKiJ6RlnSNKAogVm7jWmQ7+AySLA9Tg9,3.471545,17.5633,7.928908
666900,a0kbD0wrCI8kaItWajaE6DtgAXRxlv1YrKiJ6RlnSNKAogVm7jWmQ7+AySLA9Tg9,1.164822,10.032362,6.467009
667200,a0kbD0wrCI8kaItWajaE6DtgAXRxlv1YrKiJ6RlnSNKAogVm7jWmQ7+AySLA9Tg9,0.707493,10.532355,6.536124
667500,a0kbD0wrCI8kaItWajaE6DtgAXRxlv1YrKiJ6RlnSNKAogVm7jWmQ7+AySLA9Tg9,5.576313,14.438573000000002,10.835799
667800,a0kbD0wrCI8kaItWajaE6DtgAXRxlv1YrKiJ6RlnSNKAogVm7jWmQ7+AySLA9Tg9,1.925859,15.189326999999999,8.056297
668100,a0kbD0wrCI8kaItWajaE6DtgAXRxlv1YrKiJ6RlnSNKAogVm7jWmQ7+AySLA9Tg9,3.2943300000000004,14.540033,7.560617
668400,a0kbD0wrCI8kaItWajaE6DtgAXRxlv1YrKiJ6RlnSNKAogVm7jWmQ7+AySLA9Tg9,1.063504,33.547465,12.521884
668700,a0kbD0wrCI8kaItWajaE6DtgAXRxlv1YrKiJ6RlnSNKAogVm7jWmQ7+AySLA9Tg9,6.642583999999999,18.553329,10.349428999999999
669000,a0kbD0wrCI8kaItWajaE6DtgAXRxlv1YrKiJ6RlnSNKAogVm7jWmQ7+AySLA9Tg9,4.672375,16.354029,8.352655
669300,a0kbD0wrCI8kaItWajaE6DtgAXRxlv1YrKiJ6RlnSNKAogVm7jWmQ7+AySLA9Tg9,5.544594999999999,13.589220999999998,8.598616999999999
669600,a0kbD0wrCI8kaItWajaE6DtgAXRxlv1YrKiJ6RlnSNKAogVm7jWmQ7+AySLA9Tg9,2.99638,16.784129,9.119923
669900,a0kbD0wrCI8kaItWajaE6DtgAXRxlv1YrKiJ6RlnSNKAogVm7jWmQ7+AySLA9Tg9,4.784687,20.661151999999998,11.289214999999999
670200,a0kbD0wrCI8kaItWajaE6DtgAXRxlv1YrKiJ6RlnSNKAogVm7jWmQ7+AySLA9Tg9,5.127312,35.212666,12.708496
670500,a0kbD0wrCI8kaItWajaE6DtgAXRxlv1YrKiJ6RlnSNKAogVm7jWmQ7+AySLA9Tg9,2.939331,24.948004,9.336917
670800,a0kbD0wrCI8kaItWajaE6DtgAXRxlv1YrKiJ6RlnSNKAogVm7jWmQ7+AySLA9Tg9,3.021902,12.980167999999999,7.055963
671100,a0kbD0wrCI8kaItWajaE6DtgAXRxlv1YrKiJ6RlnSNKAogVm7jWmQ7+AySLA9Tg9,3.5002089999999995,21.240251,9.941692999999999
671400,a0kbD0wrCI8kaItWajaE6DtgAXRxlv1YrKiJ6RlnSNKAogVm7jWmQ7+AySLA9Tg9,4.805389,12.900592999999999,8.689927
671700,a0kbD0wrCI8kaItWajaE6DtgAXRxlv1YrKiJ6RlnSNKAogVm7jWmQ7+AySLA9Tg9,1.6640650000000001,16.661219,7.204350999999999
672000,a0kbD0wrCI8kaItWajaE6DtgAXRxlv1YrKiJ6RlnSNKAogVm7jWmQ7+AySLA9Tg9,2.231559,15.303161,7.74435
672300,a0kbD0wrCI8kaItWajaE6DtgAXRxlv1YrKiJ6RlnSNKAogVm7jWmQ7+AySLA9Tg9,1.372117,13.259304,7.430116
672600,a0kbD0wrCI8kaItWajaE6DtgAXRxlv1YrKiJ6RlnSNKAogVm7jWmQ7+AySLA9Tg9,1.0325520000000001,15.679789999999999,7.287532000000001
672900,a0kbD0wrCI8kaItWajaE6DtgAXRxlv1YrKiJ6RlnSNKAogVm7jWmQ7+AySLA9Tg9,2.014389,15.352934,8.116991
673200,a0kbD0wrCI8kaItWajaE6DtgAXRxlv1YrKiJ6RlnSNKAogVm7jWmQ7+AySLA9Tg9,1.1027790000000002,12.287519999999999,6.423965
673500,a0kbD0wrCI8kaItWajaE6DtgAXRxlv1YrKiJ6RlnSNKAogVm7jWmQ7+AySLA9Tg9,5.568825,14.17136,10.355845
673800,a0kbD0wrCI8kaItWajaE6DtgAXRxlv1YrKiJ6RlnSNKAogVm7jWmQ7+AySLA9Tg9,2.156403,40.169027,7.68429
674100,a0kbD0wrCI8kaItWajaE6DtgAXRxlv1YrKiJ6RlnSNKAogVm7jWmQ7+AySLA9Tg9,3.469235,11.30232,6.630595
674400,a0kbD0wrCI8kaItWajaE6DtgAXRxlv1YrKiJ6RlnSNKAogVm7jWmQ7+AySLA9Tg9,2.0641849999999997,12.243589,6.535353
674700,a0kbD0wrCI8kaItWajaE6DtgAXRxlv1YrKiJ6RlnSNKAogVm7jWmQ7+AySLA9Tg9,1.596537,16.820378,7.451844
675000,a0kbD0wrCI8kaItWajaE6DtgAXRxlv1YrKiJ6RlnSNKAogVm7jWmQ7+AySLA9Tg9,1.6743029999999999,14.963976,7.659095
675300,a0kbD0wrCI8kaItWajaE6DtgAXRxlv1YrKiJ6RlnSNKAogVm7jWmQ7+AySLA9Tg9,1.3478219999999999,14.414301000000002,7.079892
675600,a0kbD0wrCI8kaItWajaE6DtgAXRxlv1YrKiJ6RlnSNKAogVm7jWmQ7+AySLA9Tg9,3.032541,16.629759,7.897775
675900,a0kbD0wrCI8kaItWajaE6DtgAXRxlv1YrKiJ6RlnSNKAogVm7jWmQ7+AySLA9Tg9,0.7677729999999999,18.402473,8.310702000000001
676200,a0kbD0wrCI8kaItWajaE6DtgAXRxlv1YrKiJ6RlnSNKAogVm7jWmQ7+AySLA9Tg9,2.975804,11.893625,7.283453999999999
676500,a0kbD0wrCI8kaItWajaE6DtgAXRxlv1YrKiJ6RlnSNKAogVm7jWmQ7+AySLA9Tg9,2.5434490000000003,24.300623,9.130776
676800,a0kbD0wrCI8kaItWajaE6DtgAXRxlv1YrKiJ6RlnSNKAogVm7jWmQ7+AySLA9Tg9,3.882204,12.477886,8.499308000000001
677100,a0kbD0wrCI8kaItWajaE6DtgAXRxlv1YrKiJ6RlnSNKAogVm7jWmQ7+AySLA9Tg9,0.47390200000000005,20.037968,8.083827000000001
677400,a0kbD0wrCI8kaItWajaE6DtgAXRxlv1YrKiJ6RlnSNKAogVm7jWmQ7+AySLA9Tg9,4.5446860000000004,19.192906,8.901562
677700,a0kbD0wrCI8kaItWajaE6DtgAXRxlv1YrKiJ6RlnSNKAogVm7jWmQ7+AySLA9Tg9,2.322977,11.835465,8.03618
678000,a0kbD0wrCI8kaItWajaE6DtgAXRxlv1YrKiJ6RlnSNKAogVm7jWmQ7+AySLA9Tg9,0.810371,13.336029000000002,7.532706
678300,a0kbD0wrCI8kaItWajaE6DtgAXRxlv1YrKiJ6RlnSNKAogVm7jWmQ7+AySLA9Tg9,5.120318,16.431455,9.14821
678600,a0kbD0wrCI8kaItWajaE6DtgAXRxlv1YrKiJ6RlnSNKAogVm7jWmQ7+AySLA9Tg9,0.7555729999999999,14.433076000000002,7.578596000000001
678900,a0kbD0wrCI8kaItWajaE6DtgAXRxlv1YrKiJ6RlnSNKAogVm7jWmQ7+AySLA9Tg9,3.8200309999999997,13.636394000000001,7.713706
679200,a0kbD0wrCI8kaItWajaE6DtgAXRxlv1YrKiJ6RlnSNKAogVm7jWmQ7+AySLA9Tg9,1.528958,14.536145999999999,7.907119000000001
679500,a0kbD0wrCI8kaItWajaE6DtgAXRxlv1YrKiJ6RlnSNKAogVm7jWmQ7+AySLA9Tg9,3.523595,16.402176,9.069798
679800,a0kbD0wrCI8kaItWajaE6DtgAXRxlv1YrKiJ6RlnSNKAogVm7jWmQ7+AySLA9Tg9,0.636054,15.818247,9.574271000000001
680100,a0kbD0wrCI8kaItWajaE6DtgAXRxlv1YrKiJ6RlnSNKAogVm7jWmQ7+AySLA9Tg9,4.364564,23.617231,10.683701
680400,a0kbD0wrCI8kaItWajaE6DtgAXRxlv1YrKiJ6RlnSNKAogVm7jWmQ7+AySLA9Tg9,3.115857,17.174222,8.372518
680700,a0kbD0wrCI8kaItWajaE6DtgAXRxlv1YrKiJ6RlnSNKAogVm7jWmQ7+AySLA9Tg9,5.6112519999999995,16.961801,10.375605
681000,a0kbD0wrCI8kaItWajaE6DtgAXRxlv1YrKiJ6RlnSNKAogVm7jWmQ7+AySLA9Tg9,4.309069999999999,20.03971,9.825163
681300,a0kbD0wrCI8kaItWajaE6DtgAXRxlv1YrKiJ6RlnSNKAogVm7jWmQ7+AySLA9Tg9,5.0383379999999995,15.247647,9.903132000000001
681600,a0kbD0wrCI8kaItWajaE6DtgAXRxlv1YrKiJ6RlnSNKAogVm7jWmQ7+AySLA9Tg9,4.959569999999999,15.364501,9.222287
681900,a0kbD0wrCI8kaItWajaE6DtgAXRxlv1YrKiJ6RlnSNKAogVm7jWmQ7+AySLA9Tg9,0.8715790000000001,21.905816,11.191289
682200,a0kbD0wrCI8kaItWajaE6DtgAXRxlv1YrKiJ6RlnSNKAogVm7jWmQ7+AySLA9Tg9,5.501645,20.391516,11.985714
682500,a0kbD0wrCI8kaItWajaE6DtgAXRxlv1YrKiJ6RlnSNKAogVm7jWmQ7+AySLA9Tg9,3.9882800000000005,14.067292000000002,8.859743
682800,a0kbD0wrCI8kaItWajaE6DtgAXRxlv1YrKiJ6RlnSNKAogVm7jWmQ7+AySLA9Tg9,6.052941000000001,20.763456,12.191587
683100,a0kbD0wrCI8kaItWajaE6DtgAXRxlv1YrKiJ6RlnSNKAogVm7jWmQ7+AySLA9Tg9,7.017508,37.612444,14.587129999999998
683400,a0kbD0wrCI8kaItWajaE6DtgAXRxlv1YrKiJ6RlnSNKAogVm7jWmQ7+AySLA9Tg9,4.198,17.575116,11.687649
683700,a0kbD0wrCI8kaItWajaE6DtgAXRxlv1YrKiJ6RlnSNKAogVm7jWmQ7+AySLA9Tg9,4.8798580000000005,20.879153,10.980293
684000,a0kbD0wrCI8kaItWajaE6DtgAXRxlv1YrKiJ6RlnSNKAogVm7jWmQ7+AySLA9Tg9,3.464409,19.904061,12.177344999999999
684300,a0kbD0wrCI8kaItWajaE6DtgAXRxlv1YrKiJ6RlnSNKAogVm7jWmQ7+AySLA9Tg9,6.383709,17.877647,9.986102
684600,a0kbD0wrCI8kaItWajaE6DtgAXRxlv1YrKiJ6RlnSNKAogVm7jWmQ7+AySLA9Tg9,1.9667459999999999,17.006615,10.790988
684900,a0kbD0wrCI8kaItWajaE6DtgAXRxlv1YrKiJ6RlnSNKAogVm7jWmQ7+AySLA9Tg9,9.943246,27.250258000000002,15.107351000000001
685200,a0kbD0wrCI8kaItWajaE6DtgAXRxlv1YrKiJ6RlnSNKAogVm7jWmQ7+AySLA9Tg9,0.719167,24.499011,12.786012
685500,a0kbD0wrCI8kaItWajaE6DtgAXRxlv1YrKiJ6RlnSNKAogVm7jWmQ7+AySLA9Tg9,5.684012,21.84446,12.36092
685800,a0kbD0wrCI8kaItWajaE6DtgAXRxlv1YrKiJ6RlnSNKAogVm7jWmQ7+AySLA9Tg9,8.372591,45.428217,14.813542000000002
686100,a0kbD0wrCI8kaItWajaE6DtgAXRxlv1YrKiJ6RlnSNKAogVm7jWmQ7+AySLA9Tg9,3.334223,20.907334,12.437692
686400,a0kbD0wrCI8kaItWajaE6DtgAXRxlv1YrKiJ6RlnSNKAogVm7jWmQ7+AySLA9Tg9,7.190747,18.992913,12.63183
686700,a0kbD0wrCI8kaItWajaE6DtgAXRxlv1YrKiJ6RlnSNKAogVm7jWmQ7+AySLA9Tg9,4.043081,19.285246,12.324867999999999
687000,a0kbD0wrCI8kaItWajaE6DtgAXRxlv1YrKiJ6RlnSNKAogVm7jWmQ7+AySLA9Tg9,6.302129,20.77163,11.026858
687300,a0kbD0wrCI8kaItWajaE6DtgAXRxlv1YrKiJ6RlnSNKAogVm7jWmQ7+AySLA9Tg9,4.897141,16.730529999999998,8.500639
687600,a0kbD0wrCI8kaItWajaE6DtgAXRxlv1YrKiJ6RlnSNKAogVm7jWmQ7+AySLA9Tg9,8.340705999999999,21.604816,14.057025
687900,a0kbD0wrCI8kaItWajaE6DtgAXRxlv1YrKiJ6RlnSNKAogVm7jWmQ7+AySLA9Tg9,3.956442,25.642092,12.70852
688200,a0kbD0wrCI8kaItWajaE6DtgAXRxlv1YrKiJ6RlnSNKAogVm7jWmQ7+AySLA9Tg9,5.0445150000000005,17.996264,10.8122
688500,a0kbD0wrCI8kaItWajaE6DtgAXRxlv1YrKiJ6RlnSNKAogVm7jWmQ7+AySLA9Tg9,2.81917,21.294608,12.125326
688800,a0kbD0wrCI8kaItWajaE6DtgAXRxlv1YrKiJ6RlnSNKAogVm7jWmQ7+AySLA9Tg9,4.17278,23.434321,12.365532
689100,a0kbD0wrCI8kaItWajaE6DtgAXRxlv1YrKiJ6RlnSNKAogVm7jWmQ7+AySLA9Tg9,5.7522150000000005,18.45484,9.979866000000001
689400,a0kbD0wrCI8kaItWajaE6DtgAXRxlv1YrKiJ6RlnSNKAogVm7jWmQ7+AySLA9Tg9,0.727436,21.167783,11.230836
689700,a0kbD0wrCI8kaItWajaE6DtgAXRxlv1YrKiJ6RlnSNKAogVm7jWmQ7+AySLA9Tg9,6.6206570000000005,19.535795,11.816096
690000,a0kbD0wrCI8kaItWajaE6DtgAXRxlv1YrKiJ6RlnSNKAogVm7jWmQ7+AySLA9Tg9,2.409178,16.09146,10.105496
690300,a0kbD0wrCI8kaItWajaE6DtgAXRxlv1YrKiJ6RlnSNKAogVm7jWmQ7+AySLA9Tg9,6.753118,19.743861,11.027623
690600,a0kbD0wrCI8kaItWajaE6DtgAXRxlv1YrKiJ6RlnSNKAogVm7jWmQ7+AySLA9Tg9,0.974872,16.484384,10.654639999999999
690900,a0kbD0wrCI8kaItWajaE6DtgAXRxlv1YrKiJ6RlnSNKAogVm7jWmQ7+AySLA9Tg9,4.9644010000000005,22.120066,10.776157000000001
