timestamp,vm_id,min_cpu,avg_cpu,max_cpu
0,a1ae1/t4k9+hz7Co6GQMZFGR7+1LZjTFPgvl3idQZhUqP0WEkGTW/0YkzZV4pdsm,0.135405,6.898510000000001,0.893568
300,a1ae1/t4k9+hz7Co6GQMZFGR7+1LZjTFPgvl3idQZhUqP0WEkGTW/0YkzZV4pdsm,0.15171099999999998,0.685729,0.3423
600,a1ae1/t4k9+hz7Co6GQMZFGR7+1LZjTFPgvl3idQZhUqP0WEkGTW/0YkzZV4pdsm,0.063747,0.920939,0.355331
900,a1ae1/t4k9+hz7Co6GQMZFGR7+1LZjTFPgvl3idQZhUqP0WEkGTW/0YkzZV4pdsm,0.117315,1.2700770000000001,0.375938
1200,a1ae1/t4k9+hz7Co6GQMZFGR7+1LZjTFPgvl3idQZhUqP0WEkGTW/0YkzZV4pdsm,0.11443900000000001,0.808484,0.301056
1500,a1ae1/t4k9+hz7Co6GQMZFGR7+1LZjTFPgvl3idQZhUqP0WEkGTW/0YkzZV4pdsm,0.091306,1.749768,0.452071
1800,a1ae1/t4k9+hz7Co6GQMZFGR7+1LZjTFPgvl3idQZhUqP0WEkGTW/0YkzZV4pdsm,0.120375,0.973967,0.35725100000000004
2100,a1ae1/t4k9+hz7Co6GQMZFGR7+1LZjTFPgvl3idQZhUqP0WEkGTW/0YkzZV4pdsm,0.06435199999999999,1.050633,0.333042
2400,a1ae1/t4k9+hz7Co6GQMZFGR7+1LZjTFPgvl3idQZhUqP0WEkGTW/0YkzZV4pdsm,0.14846900000000002,1.221831,0.396758
2700,a1ae1/t4k9+hz7Co6GQMZFGR7+1LZjTFPgvl3idQZhUqP0WEkGTW/0YkzZV4pdsm,0.121502,17.390019,1.091653
3000,a1ae1/t4k9+hz7Co6GQMZFGR7+1LZjTFPgvl3idQZhUqP0WEkGTW/0YkzZV4pdsm,0.132804,1.180261,0.376848
3300,a1ae1/t4k9+hz7Co6GQMZFGR7+1LZjTFPgvl3idQZhUqP0WEkGTW/0YkzZV4pdsm,0.071724,0.8650969999999999,0.32762399999999997
3600,a1ae1/t4k9+hz7Co6GQMZFGR7+1LZjTFPgvl3idQZhUqP0WEkGTW/0YkzZV4pdsm,0.137417,0.86434,0.380985
3900,a1ae1/t4k9+hz7Co6GQMZFGR7+1LZjTFPgvl3idQZhUqP0WEkGTW/0YkzZV4pdsm,0.079061,0.8560190000000001,0.324332
4200,a1ae1/t4k9+hz7Co6GQMZFGR7+1LZjTFPgvl3idQZhUqP0WEkGTW/0YkzZV4pdsm,0.13055799999999998,1.03475,0.330946
4500,a1ae1/t4k9+hz7Co6GQMZFGR7+1LZjTFPgvl3idQZhUqP0WEkGTW/0YkzZV4pdsm,0.130502,1.098298,0.39054
4800,a1ae1/t4k9+hz7Co6GQMZFGR7+1LZjTFPgvl3idQZhUqP0WEkGTW/0YkzZV4pdsm,0.138295,0.857299,0.32263200000000003
5100,a1ae1/t4k9+hz7Co6GQMZFGR7+1LZjTFPgvl3idQZhUqP0WEkGTW/0YkzZV4pdsm,0.15258,0.89605,0.399594
5400,a1ae1/t4k9+hz7Co6GQMZFGR7+1LZjTFPgvl3idQZhUqP0WEkGTW/0YkzZV4pdsm,0.09070800000000001,1.108694,0.28931799999999996
5700,a1ae1/t4k9+hz7Co6GQMZFGR7+1LZjTFPgvl3idQZhUqP0WEkGTW/0YkzZV4pdsm,0.107958,1.1155620000000002,0.353069
6000,a1ae1/t4k9+hz7Co6GQMZFGR7+1LZjTFPgvl3idQZhUqP0WEkGTW/0YkzZV4pdsm,0.093809,8.021609,0.9294690000000001
6300,a1ae1/t4k9+hz7Co6GQMZFGR7+1LZjTFPgvl3idQZhUqP0WEkGTW/0YkzZV4pdsm,0.085729,16.431558,0.9913879999999999
6600,a1ae1/t4k9+hz7Co6GQMZFGR7+1LZjTFPgvl3idQZhUqP0WEkGTW/0YkzZV4pdsm,0.07953400000000001,0.94091,0.345967
6900,a1ae1/t4k9+hz7Co6GQMZFGR7+1LZjTFPgvl3idQZhUqP0WEkGTW/0YkzZV4pdsm,0.089429,6.32003,0.689746
7200,a1ae1/t4k9+hz7Co6GQMZFGR7+1LZjTFPgvl3idQZhUqP0WEkGTW/0YkzZV4pdsm,0.08907000000000001,1.019499,0.373841
7500,a1ae1/t4k9+hz7Co6GQMZFGR7+1LZjTFPgvl3idQZhUqP0WEkGTW/0YkzZV4pdsm,0.07658,0.7176170000000001,0.343542
7800,a1ae1/t4k9+hz7Co6GQMZFGR7+1LZjTFPgvl3idQZhUqP0WEkGTW/0YkzZV4pdsm,0.092092,1.355464,0.348057
8100,a1ae1/t4k9+hz7Co6GQMZFGR7+1LZjTFPgvl3idQZhUqP0WEkGTW/0YkzZV4pdsm,0.060588,1.0067760000000001,0.393237
8400,a1ae1/t4k9+hz7Co6GQMZFGR7+1LZjTFPgvl3idQZhUqP0WEkGTW/0YkzZV4pdsm,0.096866,0.8750389999999999,0.330843
8700,a1ae1/t4k9+hz7Co6GQMZFGR7+1LZjTFPgvl3idQZhUqP0WEkGTW/0YkzZV4pdsm,0.10102799999999999,1.2912780000000001,0.370721
9000,a1ae1/t4k9+hz7Co6GQMZFGR7+1LZjTFPgvl3idQZhUqP0WEkGTW/0YkzZV4pdsm,0.090519,1.020601,0.356454
9300,a1ae1/t4k9+hz7Co6GQMZFGR7+1LZjTFPgvl3idQZhUqP0WEkGTW/0YkzZV4pdsm,0.071827,1.025241,0.365117
9600,a1ae1/t4k9+hz7Co6GQMZFGR7+1LZjTFPgvl3idQZhUqP0WEkGTW/0YkzZV4pdsm,0.039736,1.264441,0.375708
9900,a1ae1/t4k9+hz7Co6GQMZFGR7+1LZjTFPgvl3idQZhUqP0WEkGTW/0YkzZV4pdsm,0.078243,11.256862,0.986991
10200,a1ae1/t4k9+hz7Co6GQMZFGR7+1LZjTFPgvl3idQZhUqP0WEkGTW/0YkzZV4pdsm,0.066832,1.061488,0.35438800000000004
10500,a1ae1/t4k9+hz7Co6GQMZFGR7+1LZjTFPgvl3idQZhUqP0WEkGTW/0YkzZV4pdsm,0.090661,1.272089,0.373567
10800,a1ae1/t4k9+hz7Co6GQMZFGR7+1LZjTFPgvl3idQZhUqP0WEkGTW/0YkzZV4pdsm,0.06706799999999999,1.2786540000000002,0.365962
11100,a1ae1/t4k9+hz7Co6GQMZFGR7+1LZjTFPgvl3idQZhUqP0WEkGTW/0YkzZV4pdsm,0.099301,0.7934760000000001,0.340459
11400,a1ae1/t4k9+hz7Co6GQMZFGR7+1LZjTFPgvl3idQZhUqP0WEkGTW/0YkzZV4pdsm,0.102843,1.0655860000000001,0.332264
11700,a1ae1/t4k9+hz7Co6GQMZFGR7+1LZjTFPgvl3idQZhUqP0WEkGTW/0YkzZV4pdsm,0.10598099999999999,0.951822,0.390495
12000,a1ae1/t4k9+hz7Co6GQMZFGR7+1LZjTFPgvl3idQZhUqP0WEkGTW/0YkzZV4pdsm,0.048188,0.788583,0.328441
12300,a1ae1/t4k9+hz7Co6GQMZFGR7+1LZjTFPgvl3idQZhUqP0WEkGTW/0YkzZV4pdsm,0.09612799999999999,1.161071,0.399264
12600,a1ae1/t4k9+hz7Co6GQMZFGR7+1LZjTFPgvl3idQZhUqP0WEkGTW/0YkzZV4pdsm,0.10080599999999999,1.098608,0.392261
12900,a1ae1/t4k9+hz7Co6GQMZFGR7+1LZjTFPgvl3idQZhUqP0WEkGTW/0YkzZV4pdsm,0.062587,0.91081,0.292117
13200,a1ae1/t4k9+hz7Co6GQMZFGR7+1LZjTFPgvl3idQZhUqP0WEkGTW/0YkzZV4pdsm,0.075624,0.9113870000000001,0.399713
13500,a1ae1/t4k9+hz7Co6GQMZFGR7+1LZjTFPgvl3idQZhUqP0WEkGTW/0YkzZV4pdsm,0.046222000000000006,15.166707999999998,0.9977030000000001
13800,a1ae1/t4k9+hz7Co6GQMZFGR7+1LZjTFPgvl3idQZhUqP0WEkGTW/0YkzZV4pdsm,0.111098,1.006194,0.352313
14100,a1ae1/t4k9+hz7Co6GQMZFGR7+1LZjTFPgvl3idQZhUqP0WEkGTW/0YkzZV4pdsm,0.07948200000000001,0.9413370000000001,0.361242
14400,a1ae1/t4k9+hz7Co6GQMZFGR7+1LZjTFPgvl3idQZhUqP0WEkGTW/0YkzZV4pdsm,0.131388,1.09835,0.37652399999999997
14700,a1ae1/t4k9+hz7Co6GQMZFGR7+1LZjTFPgvl3idQZhUqP0WEkGTW/0YkzZV4pdsm,0.083609,0.8953610000000001,0.338667
15000,a1ae1/t4k9+hz7Co6GQMZFGR7+1LZjTFPgvl3idQZhUqP0WEkGTW/0YkzZV4pdsm,0.045474,0.9506479999999999,0.352743
15300,a1ae1/t4k9+hz7Co6GQMZFGR7+1LZjTFPgvl3idQZhUqP0WEkGTW/0YkzZV4pdsm,0.14464000000000002,0.915212,0.404305
15600,a1ae1/t4k9+hz7Co6GQMZFGR7+1LZjTFPgvl3idQZhUqP0WEkGTW/0YkzZV4pdsm,0.110246,0.910941,0.27716799999999997
15900,a1ae1/t4k9+hz7Co6GQMZFGR7+1LZjTFPgvl3idQZhUqP0WEkGTW/0YkzZV4pdsm,0.109681,1.219148,0.401411
16200,a1ae1/t4k9+hz7Co6GQMZFGR7+1LZjTFPgvl3idQZhUqP0WEkGTW/0YkzZV4pdsm,0.082701,0.983808,0.37599499999999997
16500,a1ae1/t4k9+hz7Co6GQMZFGR7+1LZjTFPgvl3idQZhUqP0WEkGTW/0YkzZV4pdsm,0.10491099999999999,1.204067,0.33064699999999997
16800,a1ae1/t4k9+hz7Co6GQMZFGR7+1LZjTFPgvl3idQZhUqP0WEkGTW/0YkzZV4pdsm,0.12192,0.797469,0.39282
17100,a1ae1/t4k9+hz7Co6GQMZFGR7+1LZjTFPgvl3idQZhUqP0WEkGTW/0YkzZV4pdsm,0.132961,12.052863,1.027116
17400,a1ae1/t4k9+hz7Co6GQMZFGR7+1LZjTFPgvl3idQZhUqP0WEkGTW/0YkzZV4pdsm,0.11215699999999999,1.195064,0.37787800000000005
17700,a1ae1/t4k9+hz7Co6GQMZFGR7+1LZjTFPgvl3idQZhUqP0WEkGTW/0YkzZV4pdsm,0.071211,0.956833,0.365733
18000,a1ae1/t4k9+hz7Co6GQMZFGR7+1LZjTFPgvl3idQZhUqP0WEkGTW/0YkzZV4pdsm,0.101221,0.9898020000000001,0.372286
18300,a1ae1/t4k9+hz7Co6GQMZFGR7+1LZjTFPgvl3idQZhUqP0WEkGTW/0YkzZV4pdsm,0.047387,0.9909610000000001,0.34083
18600,a1ae1/t4k9+hz7Co6GQMZFGR7+1LZjTFPgvl3idQZhUqP0WEkGTW/0YkzZV4pdsm,0.128304,1.0202149999999999,0.357088
18900,a1ae1/t4k9+hz7Co6GQMZFGR7+1LZjTFPgvl3idQZhUqP0WEkGTW/0YkzZV4pdsm,0.091817,1.205717,0.366293
19200,a1ae1/t4k9+hz7Co6GQMZFGR7+1LZjTFPgvl3idQZhUqP0WEkGTW/0YkzZV4pdsm,0.096222,0.928234,0.335378
19500,a1ae1/t4k9+hz7Co6GQMZFGR7+1LZjTFPgvl3idQZhUqP0WEkGTW/0YkzZV4pdsm,0.056025,0.8683549999999999,0.35339899999999996
19800,a1ae1/t4k9+hz7Co6GQMZFGR7+1LZjTFPgvl3idQZhUqP0WEkGTW/0YkzZV4pdsm,0.108502,1.364658,0.387061
20100,a1ae1/t4k9+hz7Co6GQMZFGR7+1LZjTFPgvl3idQZhUqP0WEkGTW/0YkzZV4pdsm,0.083892,1.599646,0.339341
20400,a1ae1/t4k9+hz7Co6GQMZFGR7+1LZjTFPgvl3idQZhUqP0WEkGTW/0YkzZV4pdsm,0.06902,1.361361,0.36795300000000003
20700,a1ae1/t4k9+hz7Co6GQMZFGR7+1LZjTFPgvl3idQZhUqP0WEkGTW/0YkzZV4pdsm,0.140281,4.244883,0.565749
21000,a1ae1/t4k9+hz7Co6GQMZFGR7+1LZjTFPgvl3idQZhUqP0WEkGTW/0YkzZV4pdsm,0.057836,12.558907000000001,0.724617
21300,a1ae1/t4k9+hz7Co6GQMZFGR7+1LZjTFPgvl3idQZhUqP0WEkGTW/0YkzZV4pdsm,0.11638,1.18118,0.372062
21600,a1ae1/t4k9+hz7Co6GQMZFGR7+1LZjTFPgvl3idQZhUqP0WEkGTW/0YkzZV4pdsm,0.092928,1.1850530000000001,0.376956
21900,a1ae1/t4k9+hz7Co6GQMZFGR7+1LZjTFPgvl3idQZhUqP0WEkGTW/0YkzZV4pdsm,0.149523,1.4358389999999999,0.35144200000000003
22200,a1ae1/t4k9+hz7Co6GQMZFGR7+1LZjTFPgvl3idQZhUqP0WEkGTW/0YkzZV4pdsm,0.060586,0.860613,0.278871
22500,a1ae1/t4k9+hz7Co6GQMZFGR7+1LZjTFPgvl3idQZhUqP0WEkGTW/0YkzZV4pdsm,0.132146,1.006243,0.386623
22800,a1ae1/t4k9+hz7Co6GQMZFGR7+1LZjTFPgvl3idQZhUqP0WEkGTW/0YkzZV4pdsm,0.08195,1.177119,0.32374200000000003
23100,a1ae1/t4k9+hz7Co6GQMZFGR7+1LZjTFPgvl3idQZhUqP0WEkGTW/0YkzZV4pdsm,0.119343,1.675704,0.39185
23400,a1ae1/t4k9+hz7Co6GQMZFGR7+1LZjTFPgvl3idQZhUqP0WEkGTW/0YkzZV4pdsm,0.091913,1.646709,0.38418
23700,a1ae1/t4k9+hz7Co6GQMZFGR7+1LZjTFPgvl3idQZhUqP0WEkGTW/0YkzZV4pdsm,0.106273,1.060297,0.31145100000000003
24000,a1ae1/t4k9+hz7Co6GQMZFGR7+1LZjTFPgvl3idQZhUqP0WEkGTW/0YkzZV4pdsm,0.13777799999999998,0.957032,0.394429
24300,a1ae1/t4k9+hz7Co6GQMZFGR7+1LZjTFPgvl3idQZhUqP0WEkGTW/0YkzZV4pdsm,0.0572,4.497898999999999,0.46465200000000006
24600,a1ae1/t4k9+hz7Co6GQMZFGR7+1LZjTFPgvl3idQZhUqP0WEkGTW/0YkzZV4pdsm,0.104305,20.181632999999998,0.975556
24900,a1ae1/t4k9+hz7Co6GQMZFGR7+1LZjTFPgvl3idQZhUqP0WEkGTW/0YkzZV4pdsm,0.041691000000000006,0.887598,0.327779
25200,a1ae1/t4k9+hz7Co6GQMZFGR7+1LZjTFPgvl3idQZhUqP0WEkGTW/0YkzZV4pdsm,0.08338200000000001,1.338208,0.342003
25500,a1ae1/t4k9+hz7Co6GQMZFGR7+1LZjTFPgvl3idQZhUqP0WEkGTW/0YkzZV4pdsm,0.042457,1.21379,0.34474699999999997
25800,a1ae1/t4k9+hz7Co6GQMZFGR7+1LZjTFPgvl3idQZhUqP0WEkGTW/0YkzZV4pdsm,0.10426700000000001,1.103624,0.360901
26100,a1ae1/t4k9+hz7Co6GQMZFGR7+1LZjTFPgvl3idQZhUqP0WEkGTW/0YkzZV4pdsm,0.057412,1.4222569999999999,0.399438
26400,a1ae1/t4k9+hz7Co6GQMZFGR7+1LZjTFPgvl3idQZhUqP0WEkGTW/0YkzZV4pdsm,0.05474299999999999,0.9911469999999999,0.327725
26700,a1ae1/t4k9+hz7Co6GQMZFGR7+1LZjTFPgvl3idQZhUqP0WEkGTW/0YkzZV4pdsm,0.10926400000000001,0.904725,0.37690999999999997
27000,a1ae1/t4k9+hz7Co6GQMZFGR7+1LZjTFPgvl3idQZhUqP0WEkGTW/0YkzZV4pdsm,0.015796,1.226318,0.383482
27300,a1ae1/t4k9+hz7Co6GQMZFGR7+1LZjTFPgvl3idQZhUqP0WEkGTW/0YkzZV4pdsm,0.096944,1.2643870000000001,0.32974000000000003
27600,a1ae1/t4k9+hz7Co6GQMZFGR7+1LZjTFPgvl3idQZhUqP0WEkGTW/0YkzZV4pdsm,0.074597,0.968525,0.347746
27900,a1ae1/t4k9+hz7Co6GQMZFGR7+1LZjTFPgvl3idQZhUqP0WEkGTW/0YkzZV4pdsm,0.11446500000000001,0.932285,0.374623
28200,a1ae1/t4k9+hz7Co6GQMZFGR7+1LZjTFPgvl3idQZhUqP0WEkGTW/0YkzZV4pdsm,0.096735,12.158028999999999,1.003765
28500,a1ae1/t4k9+hz7Co6GQMZFGR7+1LZjTFPgvl3idQZhUqP0WEkGTW/0YkzZV4pdsm,0.09758,0.9557260000000001,0.38469000000000003
28800,a1ae1/t4k9+hz7Co6GQMZFGR7+1LZjTFPgvl3idQZhUqP0WEkGTW/0YkzZV4pdsm,0.080358,0.917183,0.347962
29100,a1ae1/t4k9+hz7Co6GQMZFGR7+1LZjTFPgvl3idQZhUqP0WEkGTW/0YkzZV4pdsm,0.031097000000000003,1.135243,0.328714
29400,a1ae1/t4k9+hz7Co6GQMZFGR7+1LZjTFPgvl3idQZhUqP0WEkGTW/0YkzZV4pdsm,0.096398,0.984534,0.35832600000000003
29700,a1ae1/t4k9+hz7Co6GQMZFGR7+1LZjTFPgvl3idQZhUqP0WEkGTW/0YkzZV4pdsm,0.044392,1.108509,0.37792600000000004
30000,a1ae1/t4k9+hz7Co6GQMZFGR7+1LZjTFPgvl3idQZhUqP0WEkGTW/0YkzZV4pdsm,0.102285,0.961824,0.365188
30300,a1ae1/t4k9+hz7Co6GQMZFGR7+1LZjTFPgvl3idQZhUqP0WEkGTW/0YkzZV4pdsm,0.092972,15.027870000000002,1.275937
30600,a1ae1/t4k9+hz7Co6GQMZFGR7+1LZjTFPgvl3idQZhUqP0WEkGTW/0YkzZV4pdsm,0.10545399999999999,0.997775,0.391328
30900,a1ae1/t4k9+hz7Co6GQMZFGR7+1LZjTFPgvl3idQZhUqP0WEkGTW/0YkzZV4pdsm,0.022765999999999998,0.780369,0.315717
31200,a1ae1/t4k9+hz7Co6GQMZFGR7+1LZjTFPgvl3idQZhUqP0WEkGTW/0YkzZV4pdsm,0.118605,1.074465,0.377554
31500,a1ae1/t4k9+hz7Co6GQMZFGR7+1LZjTFPgvl3idQZhUqP0WEkGTW/0YkzZV4pdsm,0.012634999999999999,0.869984,0.351674
31800,a1ae1/t4k9+hz7Co6GQMZFGR7+1LZjTFPgvl3idQZhUqP0WEkGTW/0YkzZV4pdsm,0.006448000000000001,11.543175999999999,0.939074
32100,a1ae1/t4k9+hz7Co6GQMZFGR7+1LZjTFPgvl3idQZhUqP0WEkGTW/0YkzZV4pdsm,0.14183199999999999,0.9571770000000001,0.389345
32400,a1ae1/t4k9+hz7Co6GQMZFGR7+1LZjTFPgvl3idQZhUqP0WEkGTW/0YkzZV4pdsm,0.07886,2.0629869999999997,0.38596199999999997
32700,a1ae1/t4k9+hz7Co6GQMZFGR7+1LZjTFPgvl3idQZhUqP0WEkGTW/0YkzZV4pdsm,0.122001,1.079416,0.373238
33000,a1ae1/t4k9+hz7Co6GQMZFGR7+1LZjTFPgvl3idQZhUqP0WEkGTW/0YkzZV4pdsm,0.038217,0.761415,0.35890500000000003
33300,a1ae1/t4k9+hz7Co6GQMZFGR7+1LZjTFPgvl3idQZhUqP0WEkGTW/0YkzZV4pdsm,0.10694000000000001,1.037209,0.388462
33600,a1ae1/t4k9+hz7Co6GQMZFGR7+1LZjTFPgvl3idQZhUqP0WEkGTW/0YkzZV4pdsm,0.005416,0.816386,0.311531
33900,a1ae1/t4k9+hz7Co6GQMZFGR7+1LZjTFPgvl3idQZhUqP0WEkGTW/0YkzZV4pdsm,0.12369200000000001,0.934235,0.381625
34200,a1ae1/t4k9+hz7Co6GQMZFGR7+1LZjTFPgvl3idQZhUqP0WEkGTW/0YkzZV4pdsm,0.024171,0.9965,0.402148
34500,a1ae1/t4k9+hz7Co6GQMZFGR7+1LZjTFPgvl3idQZhUqP0WEkGTW/0YkzZV4pdsm,0.033389999999999996,0.86985,0.316708
34800,a1ae1/t4k9+hz7Co6GQMZFGR7+1LZjTFPgvl3idQZhUqP0WEkGTW/0YkzZV4pdsm,0.13379100000000002,0.8532,0.373311
35100,a1ae1/t4k9+hz7Co6GQMZFGR7+1LZjTFPgvl3idQZhUqP0WEkGTW/0YkzZV4pdsm,0.039135,0.987239,0.380367
35400,a1ae1/t4k9+hz7Co6GQMZFGR7+1LZjTFPgvl3idQZhUqP0WEkGTW/0YkzZV4pdsm,0.130671,13.127002,0.9799030000000001
35700,a1ae1/t4k9+hz7Co6GQMZFGR7+1LZjTFPgvl3idQZhUqP0WEkGTW/0YkzZV4pdsm,0.085491,1.231898,0.388162
36000,a1ae1/t4k9+hz7Co6GQMZFGR7+1LZjTFPgvl3idQZhUqP0WEkGTW/0YkzZV4pdsm,0.09166,0.877983,0.341785
36300,a1ae1/t4k9+hz7Co6GQMZFGR7+1LZjTFPgvl3idQZhUqP0WEkGTW/0YkzZV4pdsm,0.094218,0.8299209999999999,0.352427
36600,a1ae1/t4k9+hz7Co6GQMZFGR7+1LZjTFPgvl3idQZhUqP0WEkGTW/0YkzZV4pdsm,0.121423,0.9757520000000001,0.365125
36900,a1ae1/t4k9+hz7Co6GQMZFGR7+1LZjTFPgvl3idQZhUqP0WEkGTW/0YkzZV4pdsm,0.038732,1.344198,0.36511
37200,a1ae1/t4k9+hz7Co6GQMZFGR7+1LZjTFPgvl3idQZhUqP0WEkGTW/0YkzZV4pdsm,0.06573899999999999,0.979727,0.374632
37500,a1ae1/t4k9+hz7Co6GQMZFGR7+1LZjTFPgvl3idQZhUqP0WEkGTW/0YkzZV4pdsm,0.12148099999999999,1.324571,0.37199299999999996
37800,a1ae1/t4k9+hz7Co6GQMZFGR7+1LZjTFPgvl3idQZhUqP0WEkGTW/0YkzZV4pdsm,0.048559,0.956116,0.359427
38100,a1ae1/t4k9+hz7Co6GQMZFGR7+1LZjTFPgvl3idQZhUqP0WEkGTW/0YkzZV4pdsm,0.13831,0.97909,0.32816999999999996
38400,a1ae1/t4k9+hz7Co6GQMZFGR7+1LZjTFPgvl3idQZhUqP0WEkGTW/0YkzZV4pdsm,0.092284,1.0903610000000001,0.389913
38700,a1ae1/t4k9+hz7Co6GQMZFGR7+1LZjTFPgvl3idQZhUqP0WEkGTW/0YkzZV4pdsm,0.12089000000000001,0.7878470000000001,0.37701599999999996
39000,a1ae1/t4k9+hz7Co6GQMZFGR7+1LZjTFPgvl3idQZhUqP0WEkGTW/0YkzZV4pdsm,0.08329199999999999,13.844045999999999,0.978776
39300,a1ae1/t4k9+hz7Co6GQMZFGR7+1LZjTFPgvl3idQZhUqP0WEkGTW/0YkzZV4pdsm,0.14699500000000001,1.107201,0.383894
39600,a1ae1/t4k9+hz7Co6GQMZFGR7+1LZjTFPgvl3idQZhUqP0WEkGTW/0YkzZV4pdsm,0.11002200000000001,9.339785000000001,0.77662
39900,a1ae1/t4k9+hz7Co6GQMZFGR7+1LZjTFPgvl3idQZhUqP0WEkGTW/0YkzZV4pdsm,0.076586,1.020311,0.375467
40200,a1ae1/t4k9+hz7Co6GQMZFGR7+1LZjTFPgvl3idQZhUqP0WEkGTW/0YkzZV4pdsm,0.12947899999999998,0.813114,0.36656
40500,a1ae1/t4k9+hz7Co6GQMZFGR7+1LZjTFPgvl3idQZhUqP0WEkGTW/0YkzZV4pdsm,0.065366,1.205214,0.397432
40800,a1ae1/t4k9+hz7Co6GQMZFGR7+1LZjTFPgvl3idQZhUqP0WEkGTW/0YkzZV4pdsm,0.101896,1.145031,0.36990300000000004
41100,a1ae1/t4k9+hz7Co6GQMZFGR7+1LZjTFPgvl3idQZhUqP0WEkGTW/0YkzZV4pdsm,0.07219500000000001,0.833844,0.375853
41400,a1ae1/t4k9+hz7Co6GQMZFGR7+1LZjTFPgvl3idQZhUqP0WEkGTW/0YkzZV4pdsm,0.11287799999999999,0.8673379999999999,0.391905
41700,a1ae1/t4k9+hz7Co6GQMZFGR7+1LZjTFPgvl3idQZhUqP0WEkGTW/0YkzZV4pdsm,0.081953,0.934866,0.32566100000000003
42000,a1ae1/t4k9+hz7Co6GQMZFGR7+1LZjTFPgvl3idQZhUqP0WEkGTW/0YkzZV4pdsm,0.105649,0.8236889999999999,0.383384
42300,a1ae1/t4k9+hz7Co6GQMZFGR7+1LZjTFPgvl3idQZhUqP0WEkGTW/0YkzZV4pdsm,0.061320000000000006,1.144593,0.375645
42600,a1ae1/t4k9+hz7Co6GQMZFGR7+1LZjTFPgvl3idQZhUqP0WEkGTW/0YkzZV4pdsm,0.061762,13.244317,0.9423299999999999
42900,a1ae1/t4k9+hz7Co6GQMZFGR7+1LZjTFPgvl3idQZhUqP0WEkGTW/0YkzZV4pdsm,0.096171,1.128236,0.402475
43200,a1ae1/t4k9+hz7Co6GQMZFGR7+1LZjTFPgvl3idQZhUqP0WEkGTW/0YkzZV4pdsm,0.092333,1.170307,0.359181
43500,a1ae1/t4k9+hz7Co6GQMZFGR7+1LZjTFPgvl3idQZhUqP0WEkGTW/0YkzZV4pdsm,0.098329,1.234564,0.367456
43800,a1ae1/t4k9+hz7Co6GQMZFGR7+1LZjTFPgvl3idQZhUqP0WEkGTW/0YkzZV4pdsm,0.082473,1.455165,0.390444
44100,a1ae1/t4k9+hz7Co6GQMZFGR7+1LZjTFPgvl3idQZhUqP0WEkGTW/0YkzZV4pdsm,0.10357100000000001,1.345923,0.36541999999999997
44400,a1ae1/t4k9+hz7Co6GQMZFGR7+1LZjTFPgvl3idQZhUqP0WEkGTW/0YkzZV4pdsm,0.052504999999999996,1.2254690000000001,0.309467
44700,a1ae1/t4k9+hz7Co6GQMZFGR7+1LZjTFPgvl3idQZhUqP0WEkGTW/0YkzZV4pdsm,0.092735,0.927834,0.388405
45000,a1ae1/t4k9+hz7Co6GQMZFGR7+1LZjTFPgvl3idQZhUqP0WEkGTW/0YkzZV4pdsm,0.082175,1.272893,0.374446
45300,a1ae1/t4k9+hz7Co6GQMZFGR7+1LZjTFPgvl3idQZhUqP0WEkGTW/0YkzZV4pdsm,0.10924600000000001,12.959274,0.843879
45600,a1ae1/t4k9+hz7Co6GQMZFGR7+1LZjTFPgvl3idQZhUqP0WEkGTW/0YkzZV4pdsm,0.092514,0.9891200000000001,0.372504
45900,a1ae1/t4k9+hz7Co6GQMZFGR7+1LZjTFPgvl3idQZhUqP0WEkGTW/0YkzZV4pdsm,0.076784,15.160594,0.965098
46200,a1ae1/t4k9+hz7Co6GQMZFGR7+1LZjTFPgvl3idQZhUqP0WEkGTW/0YkzZV4pdsm,0.085203,18.275695000000002,0.942967
46500,a1ae1/t4k9+hz7Co6GQMZFGR7+1LZjTFPgvl3idQZhUqP0WEkGTW/0YkzZV4pdsm,0.124976,10.258265,0.883446
46800,a1ae1/t4k9+hz7Co6GQMZFGR7+1LZjTFPgvl3idQZhUqP0WEkGTW/0YkzZV4pdsm,0.09315599999999999,1.2411590000000001,0.352545
47100,a1ae1/t4k9+hz7Co6GQMZFGR7+1LZjTFPgvl3idQZhUqP0WEkGTW/0YkzZV4pdsm,0.10353599999999999,11.986339,0.819358
47400,a1ae1/t4k9+hz7Co6GQMZFGR7+1LZjTFPgvl3idQZhUqP0WEkGTW/0YkzZV4pdsm,0.082822,1.224234,0.400509
47700,a1ae1/t4k9+hz7Co6GQMZFGR7+1LZjTFPgvl3idQZhUqP0WEkGTW/0YkzZV4pdsm,0.10368499999999999,11.933843,0.815653
48000,a1ae1/t4k9+hz7Co6GQMZFGR7+1LZjTFPgvl3idQZhUqP0WEkGTW/0YkzZV4pdsm,0.13819800000000002,10.987849,0.8529399999999999
48300,a1ae1/t4k9+hz7Co6GQMZFGR7+1LZjTFPgvl3idQZhUqP0WEkGTW/0YkzZV4pdsm,0.090627,0.939887,0.353471
48600,a1ae1/t4k9+hz7Co6GQMZFGR7+1LZjTFPgvl3idQZhUqP0WEkGTW/0YkzZV4pdsm,0.08204700000000001,9.641954,0.87474
48900,a1ae1/t4k9+hz7Co6GQMZFGR7+1LZjTFPgvl3idQZhUqP0WEkGTW/0YkzZV4pdsm,0.110385,0.86019,0.35135700000000003
49200,a1ae1/t4k9+hz7Co6GQMZFGR7+1LZjTFPgvl3idQZhUqP0WEkGTW/0YkzZV4pdsm,0.12021199999999999,13.510242000000002,0.860558
49500,a1ae1/t4k9+hz7Co6GQMZFGR7+1LZjTFPgvl3idQZhUqP0WEkGTW/0YkzZV4pdsm,0.095314,1.2303620000000002,0.378604
49800,a1ae1/t4k9+hz7Co6GQMZFGR7+1LZjTFPgvl3idQZhUqP0WEkGTW/0YkzZV4pdsm,0.08945299999999999,14.63045,1.404779
50100,a1ae1/t4k9+hz7Co6GQMZFGR7+1LZjTFPgvl3idQZhUqP0WEkGTW/0YkzZV4pdsm,0.087504,1.312447,0.391123
50400,a1ae1/t4k9+hz7Co6GQMZFGR7+1LZjTFPgvl3idQZhUqP0WEkGTW/0YkzZV4pdsm,0.137552,13.582192000000001,0.811211
50700,a1ae1/t4k9+hz7Co6GQMZFGR7+1LZjTFPgvl3idQZhUqP0WEkGTW/0YkzZV4pdsm,0.136641,10.202608,0.861382
51000,a1ae1/t4k9+hz7Co6GQMZFGR7+1LZjTFPgvl3idQZhUqP0WEkGTW/0YkzZV4pdsm,0.098776,1.427008,0.36531399999999997
51300,a1ae1/t4k9+hz7Co6GQMZFGR7+1LZjTFPgvl3idQZhUqP0WEkGTW/0YkzZV4pdsm,0.126181,13.572542000000002,0.814547
51600,a1ae1/t4k9+hz7Co6GQMZFGR7+1LZjTFPgvl3idQZhUqP0WEkGTW/0YkzZV4pdsm,0.156367,1.293627,0.366641
51900,a1ae1/t4k9+hz7Co6GQMZFGR7+1LZjTFPgvl3idQZhUqP0WEkGTW/0YkzZV4pdsm,0.146527,14.527265,0.8232870000000001
52200,a1ae1/t4k9+hz7Co6GQMZFGR7+1LZjTFPgvl3idQZhUqP0WEkGTW/0YkzZV4pdsm,0.111448,1.192122,0.37559499999999996
52500,a1ae1/t4k9+hz7Co6GQMZFGR7+1LZjTFPgvl3idQZhUqP0WEkGTW/0YkzZV4pdsm,0.11706400000000002,11.767318,0.780555
52800,a1ae1/t4k9+hz7Co6GQMZFGR7+1LZjTFPgvl3idQZhUqP0WEkGTW/0YkzZV4pdsm,0.09714,1.238847,0.386806
53100,a1ae1/t4k9+hz7Co6GQMZFGR7+1LZjTFPgvl3idQZhUqP0WEkGTW/0YkzZV4pdsm,0.120806,13.455172,0.838475
53400,a1ae1/t4k9+hz7Co6GQMZFGR7+1LZjTFPgvl3idQZhUqP0WEkGTW/0YkzZV4pdsm,0.128021,23.924509,1.433753
53700,a1ae1/t4k9+hz7Co6GQMZFGR7+1LZjTFPgvl3idQZhUqP0WEkGTW/0YkzZV4pdsm,0.130314,1.001034,0.375795
54000,a1ae1/t4k9+hz7Co6GQMZFGR7+1LZjTFPgvl3idQZhUqP0WEkGTW/0YkzZV4pdsm,0.134856,14.919768,0.820808
54300,a1ae1/t4k9+hz7Co6GQMZFGR7+1LZjTFPgvl3idQZhUqP0WEkGTW/0YkzZV4pdsm,0.11033,1.1502729999999999,0.367082
54600,a1ae1/t4k9+hz7Co6GQMZFGR7+1LZjTFPgvl3idQZhUqP0WEkGTW/0YkzZV4pdsm,0.12633699999999998,14.428117000000002,0.857317
54900,a1ae1/t4k9+hz7Co6GQMZFGR7+1LZjTFPgvl3idQZhUqP0WEkGTW/0YkzZV4pdsm,0.08796,0.995784,0.370784
55200,a1ae1/t4k9+hz7Co6GQMZFGR7+1LZjTFPgvl3idQZhUqP0WEkGTW/0YkzZV4pdsm,0.12020299999999999,13.885728,0.81829
55500,a1ae1/t4k9+hz7Co6GQMZFGR7+1LZjTFPgvl3idQZhUqP0WEkGTW/0YkzZV4pdsm,0.11396300000000001,0.9725209999999999,0.37109000000000003
55800,a1ae1/t4k9+hz7Co6GQMZFGR7+1LZjTFPgvl3idQZhUqP0WEkGTW/0YkzZV4pdsm,0.128302,10.425933,0.863981
56100,a1ae1/t4k9+hz7Co6GQMZFGR7+1LZjTFPgvl3idQZhUqP0WEkGTW/0YkzZV4pdsm,0.12343,9.572065,0.827844
56400,a1ae1/t4k9+hz7Co6GQMZFGR7+1LZjTFPgvl3idQZhUqP0WEkGTW/0YkzZV4pdsm,0.093958,0.774389,0.36883699999999997
56700,a1ae1/t4k9+hz7Co6GQMZFGR7+1LZjTFPgvl3idQZhUqP0WEkGTW/0YkzZV4pdsm,0.138079,14.209806,0.843982
57000,a1ae1/t4k9+hz7Co6GQMZFGR7+1LZjTFPgvl3idQZhUqP0WEkGTW/0YkzZV4pdsm,0.124608,12.714317999999999,0.954335
57300,a1ae1/t4k9+hz7Co6GQMZFGR7+1LZjTFPgvl3idQZhUqP0WEkGTW/0YkzZV4pdsm,0.15771500000000002,13.670024,0.824318
57600,a1ae1/t4k9+hz7Co6GQMZFGR7+1LZjTFPgvl3idQZhUqP0WEkGTW/0YkzZV4pdsm,0.112578,0.8727530000000001,0.369411
57900,a1ae1/t4k9+hz7Co6GQMZFGR7+1LZjTFPgvl3idQZhUqP0WEkGTW/0YkzZV4pdsm,0.131522,13.085071000000001,0.741244
58200,a1ae1/t4k9+hz7Co6GQMZFGR7+1LZjTFPgvl3idQZhUqP0WEkGTW/0YkzZV4pdsm,0.13133,1.11788,0.389277
58500,a1ae1/t4k9+hz7Co6GQMZFGR7+1LZjTFPgvl3idQZhUqP0WEkGTW/0YkzZV4pdsm,0.094674,8.954441000000001,0.698535
58800,a1ae1/t4k9+hz7Co6GQMZFGR7+1LZjTFPgvl3idQZhUqP0WEkGTW/0YkzZV4pdsm,0.125806,3.447023,0.534092
59100,a1ae1/t4k9+hz7Co6GQMZFGR7+1LZjTFPgvl3idQZhUqP0WEkGTW/0YkzZV4pdsm,0.12106900000000001,0.884272,0.348459
59400,a1ae1/t4k9+hz7Co6GQMZFGR7+1LZjTFPgvl3idQZhUqP0WEkGTW/0YkzZV4pdsm,0.10852200000000001,4.241112,0.575371
59700,a1ae1/t4k9+hz7Co6GQMZFGR7+1LZjTFPgvl3idQZhUqP0WEkGTW/0YkzZV4pdsm,0.113101,0.9085549999999999,0.35018699999999997
60000,a1ae1/t4k9+hz7Co6GQMZFGR7+1LZjTFPgvl3idQZhUqP0WEkGTW/0YkzZV4pdsm,0.10252,0.8360770000000001,0.32432300000000003
60300,a1ae1/t4k9+hz7Co6GQMZFGR7+1LZjTFPgvl3idQZhUqP0WEkGTW/0YkzZV4pdsm,0.089827,0.924974,0.38012399999999996
60600,a1ae1/t4k9+hz7Co6GQMZFGR7+1LZjTFPgvl3idQZhUqP0WEkGTW/0YkzZV4pdsm,0.117149,0.670665,0.30790100000000004
60900,a1ae1/t4k9+hz7Co6GQMZFGR7+1LZjTFPgvl3idQZhUqP0WEkGTW/0YkzZV4pdsm,0.104994,0.937909,0.376155
61200,a1ae1/t4k9+hz7Co6GQMZFGR7+1LZjTFPgvl3idQZhUqP0WEkGTW/0YkzZV4pdsm,0.110053,0.9119440000000001,0.363666
61500,a1ae1/t4k9+hz7Co6GQMZFGR7+1LZjTFPgvl3idQZhUqP0WEkGTW/0YkzZV4pdsm,0.11919,0.988339,0.37133299999999997
61800,a1ae1/t4k9+hz7Co6GQMZFGR7+1LZjTFPgvl3idQZhUqP0WEkGTW/0YkzZV4pdsm,0.09555599999999999,1.310316,0.371729
62100,a1ae1/t4k9+hz7Co6GQMZFGR7+1LZjTFPgvl3idQZhUqP0WEkGTW/0YkzZV4pdsm,0.06287899999999999,0.8741540000000001,0.34608
62400,a1ae1/t4k9+hz7Co6GQMZFGR7+1LZjTFPgvl3idQZhUqP0WEkGTW/0YkzZV4pdsm,0.094091,1.362162,0.352007
62700,a1ae1/t4k9+hz7Co6GQMZFGR7+1LZjTFPgvl3idQZhUqP0WEkGTW/0YkzZV4pdsm,0.12221199999999999,0.977843,0.367779
63000,a1ae1/t4k9+hz7Co6GQMZFGR7+1LZjTFPgvl3idQZhUqP0WEkGTW/0YkzZV4pdsm,0.092016,0.983608,0.37046399999999996
63300,a1ae1/t4k9+hz7Co6GQMZFGR7+1LZjTFPgvl3idQZhUqP0WEkGTW/0YkzZV4pdsm,0.119595,0.6656569999999999,0.335787
63600,a1ae1/t4k9+hz7Co6GQMZFGR7+1LZjTFPgvl3idQZhUqP0WEkGTW/0YkzZV4pdsm,0.106081,1.062483,0.337889
63900,a1ae1/t4k9+hz7Co6GQMZFGR7+1LZjTFPgvl3idQZhUqP0WEkGTW/0YkzZV4pdsm,0.086726,1.021963,0.36828
64200,a1ae1/t4k9+hz7Co6GQMZFGR7+1LZjTFPgvl3idQZhUqP0WEkGTW/0YkzZV4pdsm,0.11457300000000001,13.150088,0.993812
64500,a1ae1/t4k9+hz7Co6GQMZFGR7+1LZjTFPgvl3idQZhUqP0WEkGTW/0YkzZV4pdsm,0.095916,1.256284,0.387932
64800,a1ae1/t4k9+hz7Co6GQMZFGR7+1LZjTFPgvl3idQZhUqP0WEkGTW/0YkzZV4pdsm,0.09199500000000001,1.162784,0.374859
65100,a1ae1/t4k9+hz7Co6GQMZFGR7+1LZjTFPgvl3idQZhUqP0WEkGTW/0YkzZV4pdsm,0.110241,1.854216,0.47928699999999996
65400,a1ae1/t4k9+hz7Co6GQMZFGR7+1LZjTFPgvl3idQZhUqP0WEkGTW/0YkzZV4pdsm,0.12256099999999999,0.941724,0.403334
65700,a1ae1/t4k9+hz7Co6GQMZFGR7+1LZjTFPgvl3idQZhUqP0WEkGTW/0YkzZV4pdsm,0.063753,0.878441,0.364927
66000,a1ae1/t4k9+hz7Co6GQMZFGR7+1LZjTFPgvl3idQZhUqP0WEkGTW/0YkzZV4pdsm,0.10172300000000001,1.244926,0.319919
66300,a1ae1/t4k9+hz7Co6GQMZFGR7+1LZjTFPgvl3idQZhUqP0WEkGTW/0YkzZV4pdsm,0.100092,1.391833,0.390487
66600,a1ae1/t4k9+hz7Co6GQMZFGR7+1LZjTFPgvl3idQZhUqP0WEkGTW/0YkzZV4pdsm,0.089099,1.2207940000000002,0.37707399999999996
66900,a1ae1/t4k9+hz7Co6GQMZFGR7+1LZjTFPgvl3idQZhUqP0WEkGTW/0YkzZV4pdsm,0.107876,0.9355190000000001,0.360033
67200,a1ae1/t4k9+hz7Co6GQMZFGR7+1LZjTFPgvl3idQZhUqP0WEkGTW/0YkzZV4pdsm,0.101124,1.075712,0.338383
67500,a1ae1/t4k9+hz7Co6GQMZFGR7+1LZjTFPgvl3idQZhUqP0WEkGTW/0YkzZV4pdsm,0.10185,5.330031,0.5018520000000001
67800,a1ae1/t4k9+hz7Co6GQMZFGR7+1LZjTFPgvl3idQZhUqP0WEkGTW/0YkzZV4pdsm,0.087002,12.775352,0.9693950000000001
68100,a1ae1/t4k9+hz7Co6GQMZFGR7+1LZjTFPgvl3idQZhUqP0WEkGTW/0YkzZV4pdsm,0.123215,0.992453,0.382712
68400,a1ae1/t4k9+hz7Co6GQMZFGR7+1LZjTFPgvl3idQZhUqP0WEkGTW/0YkzZV4pdsm,0.116596,1.5010370000000002,0.39305
68700,a1ae1/t4k9+hz7Co6GQMZFGR7+1LZjTFPgvl3idQZhUqP0WEkGTW/0YkzZV4pdsm,0.095682,0.932891,0.306608
69000,a1ae1/t4k9+hz7Co6GQMZFGR7+1LZjTFPgvl3idQZhUqP0WEkGTW/0YkzZV4pdsm,0.086023,0.872401,0.391427
69300,a1ae1/t4k9+hz7Co6GQMZFGR7+1LZjTFPgvl3idQZhUqP0WEkGTW/0YkzZV4pdsm,0.048111,0.807407,0.321944
69600,a1ae1/t4k9+hz7Co6GQMZFGR7+1LZjTFPgvl3idQZhUqP0WEkGTW/0YkzZV4pdsm,0.119804,0.78504,0.35820599999999997
69900,a1ae1/t4k9+hz7Co6GQMZFGR7+1LZjTFPgvl3idQZhUqP0WEkGTW/0YkzZV4pdsm,0.124945,0.86167,0.34883600000000003
70200,a1ae1/t4k9+hz7Co6GQMZFGR7+1LZjTFPgvl3idQZhUqP0WEkGTW/0YkzZV4pdsm,0.104146,0.923268,0.319544
70500,a1ae1/t4k9+hz7Co6GQMZFGR7+1LZjTFPgvl3idQZhUqP0WEkGTW/0YkzZV4pdsm,0.130748,1.2224549999999998,0.348554
70800,a1ae1/t4k9+hz7Co6GQMZFGR7+1LZjTFPgvl3idQZhUqP0WEkGTW/0YkzZV4pdsm,0.086903,0.9277850000000001,0.310813
71100,a1ae1/t4k9+hz7Co6GQMZFGR7+1LZjTFPgvl3idQZhUqP0WEkGTW/0YkzZV4pdsm,0.125625,1.141981,0.38757199999999997
71400,a1ae1/t4k9+hz7Co6GQMZFGR7+1LZjTFPgvl3idQZhUqP0WEkGTW/0YkzZV4pdsm,0.11071800000000001,0.940348,0.323797
71700,a1ae1/t4k9+hz7Co6GQMZFGR7+1LZjTFPgvl3idQZhUqP0WEkGTW/0YkzZV4pdsm,0.132045,1.188576,0.39400999999999997
72000,a1ae1/t4k9+hz7Co6GQMZFGR7+1LZjTFPgvl3idQZhUqP0WEkGTW/0YkzZV4pdsm,0.073586,1.093284,0.368413
72300,a1ae1/t4k9+hz7Co6GQMZFGR7+1LZjTFPgvl3idQZhUqP0WEkGTW/0YkzZV4pdsm,0.135239,1.118778,0.330185
72600,a1ae1/t4k9+hz7Co6GQMZFGR7+1LZjTFPgvl3idQZhUqP0WEkGTW/0YkzZV4pdsm,0.09362100000000001,1.048875,0.376664
72900,a1ae1/t4k9+hz7Co6GQMZFGR7+1LZjTFPgvl3idQZhUqP0WEkGTW/0YkzZV4pdsm,0.062644,1.016508,0.341742
73200,a1ae1/t4k9+hz7Co6GQMZFGR7+1LZjTFPgvl3idQZhUqP0WEkGTW/0YkzZV4pdsm,0.12496700000000001,1.3649870000000002,0.357244
73500,a1ae1/t4k9+hz7Co6GQMZFGR7+1LZjTFPgvl3idQZhUqP0WEkGTW/0YkzZV4pdsm,0.13125699999999998,1.138115,0.39186
73800,a1ae1/t4k9+hz7Co6GQMZFGR7+1LZjTFPgvl3idQZhUqP0WEkGTW/0YkzZV4pdsm,0.14474800000000002,0.845194,0.374128
74100,a1ae1/t4k9+hz7Co6GQMZFGR7+1LZjTFPgvl3idQZhUqP0WEkGTW/0YkzZV4pdsm,0.06715299999999999,1.194606,0.35442199999999996
74400,a1ae1/t4k9+hz7Co6GQMZFGR7+1LZjTFPgvl3idQZhUqP0WEkGTW/0YkzZV4pdsm,0.136812,0.923839,0.345202
74700,a1ae1/t4k9+hz7Co6GQMZFGR7+1LZjTFPgvl3idQZhUqP0WEkGTW/0YkzZV4pdsm,0.11826600000000001,1.055713,0.392592
75000,a1ae1/t4k9+hz7Co6GQMZFGR7+1LZjTFPgvl3idQZhUqP0WEkGTW/0YkzZV4pdsm,0.097178,19.680479000000002,0.9722209999999999
75300,a1ae1/t4k9+hz7Co6GQMZFGR7+1LZjTFPgvl3idQZhUqP0WEkGTW/0YkzZV4pdsm,0.090171,1.187289,0.40306
75600,a1ae1/t4k9+hz7Co6GQMZFGR7+1LZjTFPgvl3idQZhUqP0WEkGTW/0YkzZV4pdsm,0.11880299999999999,1.320789,0.396455
75900,a1ae1/t4k9+hz7Co6GQMZFGR7+1LZjTFPgvl3idQZhUqP0WEkGTW/0YkzZV4pdsm,0.127277,1.054655,0.335581
76200,a1ae1/t4k9+hz7Co6GQMZFGR7+1LZjTFPgvl3idQZhUqP0WEkGTW/0YkzZV4pdsm,0.100647,0.9237190000000001,0.376089
76500,a1ae1/t4k9+hz7Co6GQMZFGR7+1LZjTFPgvl3idQZhUqP0WEkGTW/0YkzZV4pdsm,0.117868,0.987684,0.362315
76800,a1ae1/t4k9+hz7Co6GQMZFGR7+1LZjTFPgvl3idQZhUqP0WEkGTW/0YkzZV4pdsm,0.100039,0.916975,0.35177600000000003
77100,a1ae1/t4k9+hz7Co6GQMZFGR7+1LZjTFPgvl3idQZhUqP0WEkGTW/0YkzZV4pdsm,0.086145,1.0256450000000001,0.388375
77400,a1ae1/t4k9+hz7Co6GQMZFGR7+1LZjTFPgvl3idQZhUqP0WEkGTW/0YkzZV4pdsm,0.082226,1.046683,0.310783
77700,a1ae1/t4k9+hz7Co6GQMZFGR7+1LZjTFPgvl3idQZhUqP0WEkGTW/0YkzZV4pdsm,0.101148,1.005287,0.34604
78000,a1ae1/t4k9+hz7Co6GQMZFGR7+1LZjTFPgvl3idQZhUqP0WEkGTW/0YkzZV4pdsm,0.080446,1.247582,0.351236
78300,a1ae1/t4k9+hz7Co6GQMZFGR7+1LZjTFPgvl3idQZhUqP0WEkGTW/0YkzZV4pdsm,0.080057,1.1615799999999998,0.384998
78600,a1ae1/t4k9+hz7Co6GQMZFGR7+1LZjTFPgvl3idQZhUqP0WEkGTW/0YkzZV4pdsm,0.110777,7.024075999999999,0.9692440000000001
78900,a1ae1/t4k9+hz7Co6GQMZFGR7+1LZjTFPgvl3idQZhUqP0WEkGTW/0YkzZV4pdsm,0.105358,0.9864280000000001,0.371564
79200,a1ae1/t4k9+hz7Co6GQMZFGR7+1LZjTFPgvl3idQZhUqP0WEkGTW/0YkzZV4pdsm,0.118122,0.966462,0.39965100000000003
79500,a1ae1/t4k9+hz7Co6GQMZFGR7+1LZjTFPgvl3idQZhUqP0WEkGTW/0YkzZV4pdsm,0.10880799999999999,0.9357770000000001,0.34525900000000004
79800,a1ae1/t4k9+hz7Co6GQMZFGR7+1LZjTFPgvl3idQZhUqP0WEkGTW/0YkzZV4pdsm,0.126224,0.9418549999999999,0.35739099999999996
80100,a1ae1/t4k9+hz7Co6GQMZFGR7+1LZjTFPgvl3idQZhUqP0WEkGTW/0YkzZV4pdsm,0.138991,0.9570120000000001,0.346011
80400,a1ae1/t4k9+hz7Co6GQMZFGR7+1LZjTFPgvl3idQZhUqP0WEkGTW/0YkzZV4pdsm,0.11908599999999998,1.044038,0.36296300000000004
80700,a1ae1/t4k9+hz7Co6GQMZFGR7+1LZjTFPgvl3idQZhUqP0WEkGTW/0YkzZV4pdsm,0.090062,1.457217,0.37293200000000004
81000,a1ae1/t4k9+hz7Co6GQMZFGR7+1LZjTFPgvl3idQZhUqP0WEkGTW/0YkzZV4pdsm,0.10811,1.246651,0.347876
81300,a1ae1/t4k9+hz7Co6GQMZFGR7+1LZjTFPgvl3idQZhUqP0WEkGTW/0YkzZV4pdsm,0.12465699999999999,1.251667,0.39216
81600,a1ae1/t4k9+hz7Co6GQMZFGR7+1LZjTFPgvl3idQZhUqP0WEkGTW/0YkzZV4pdsm,0.092472,1.341421,0.354817
81900,a1ae1/t4k9+hz7Co6GQMZFGR7+1LZjTFPgvl3idQZhUqP0WEkGTW/0YkzZV4pdsm,0.11155,1.036374,0.388408
82200,a1ae1/t4k9+hz7Co6GQMZFGR7+1LZjTFPgvl3idQZhUqP0WEkGTW/0YkzZV4pdsm,0.11052200000000001,26.866433,1.073137
82500,a1ae1/t4k9+hz7Co6GQMZFGR7+1LZjTFPgvl3idQZhUqP0WEkGTW/0YkzZV4pdsm,0.12516300000000002,1.0192649999999999,0.35026799999999997
82800,a1ae1/t4k9+hz7Co6GQMZFGR7+1LZjTFPgvl3idQZhUqP0WEkGTW/0YkzZV4pdsm,0.093937,0.9495950000000001,0.382236
83100,a1ae1/t4k9+hz7Co6GQMZFGR7+1LZjTFPgvl3idQZhUqP0WEkGTW/0YkzZV4pdsm,0.112783,1.326181,0.35132199999999997
83400,a1ae1/t4k9+hz7Co6GQMZFGR7+1LZjTFPgvl3idQZhUqP0WEkGTW/0YkzZV4pdsm,0.09514600000000001,1.212669,0.364281
83700,a1ae1/t4k9+hz7Co6GQMZFGR7+1LZjTFPgvl3idQZhUqP0WEkGTW/0YkzZV4pdsm,0.12022999999999999,1.450364,0.392675
84000,a1ae1/t4k9+hz7Co6GQMZFGR7+1LZjTFPgvl3idQZhUqP0WEkGTW/0YkzZV4pdsm,0.132043,1.8497560000000002,0.36490100000000003
84300,a1ae1/t4k9+hz7Co6GQMZFGR7+1LZjTFPgvl3idQZhUqP0WEkGTW/0YkzZV4pdsm,0.083722,1.240063,0.371302
84600,a1ae1/t4k9+hz7Co6GQMZFGR7+1LZjTFPgvl3idQZhUqP0WEkGTW/0YkzZV4pdsm,0.124521,1.328019,0.345084
84900,a1ae1/t4k9+hz7Co6GQMZFGR7+1LZjTFPgvl3idQZhUqP0WEkGTW/0YkzZV4pdsm,0.105246,1.3092840000000001,0.352454
85200,a1ae1/t4k9+hz7Co6GQMZFGR7+1LZjTFPgvl3idQZhUqP0WEkGTW/0YkzZV4pdsm,0.128076,0.909963,0.34470700000000004
85500,a1ae1/t4k9+hz7Co6GQMZFGR7+1LZjTFPgvl3idQZhUqP0WEkGTW/0YkzZV4pdsm,0.079157,0.935572,0.356401
85800,a1ae1/t4k9+hz7Co6GQMZFGR7+1LZjTFPgvl3idQZhUqP0WEkGTW/0YkzZV4pdsm,0.142539,20.356673,1.015657
86100,a1ae1/t4k9+hz7Co6GQMZFGR7+1LZjTFPgvl3idQZhUqP0WEkGTW/0YkzZV4pdsm,0.092652,1.151624,0.371055
86400,a1ae1/t4k9+hz7Co6GQMZFGR7+1LZjTFPgvl3idQZhUqP0WEkGTW/0YkzZV4pdsm,0.058673,1.128847,0.362191
86700,a1ae1/t4k9+hz7Co6GQMZFGR7+1LZjTFPgvl3idQZhUqP0WEkGTW/0YkzZV4pdsm,0.157656,1.063776,0.3538
87000,a1ae1/t4k9+hz7Co6GQMZFGR7+1LZjTFPgvl3idQZhUqP0WEkGTW/0YkzZV4pdsm,0.030452,0.963728,0.327581
87300,a1ae1/t4k9+hz7Co6GQMZFGR7+1LZjTFPgvl3idQZhUqP0WEkGTW/0YkzZV4pdsm,0.12007899999999999,0.9045790000000001,0.37812199999999996
87600,a1ae1/t4k9+hz7Co6GQMZFGR7+1LZjTFPgvl3idQZhUqP0WEkGTW/0YkzZV4pdsm,0.075103,1.162873,0.331577
87900,a1ae1/t4k9+hz7Co6GQMZFGR7+1LZjTFPgvl3idQZhUqP0WEkGTW/0YkzZV4pdsm,0.120878,1.8804869999999998,0.43702399999999997
88200,a1ae1/t4k9+hz7Co6GQMZFGR7+1LZjTFPgvl3idQZhUqP0WEkGTW/0YkzZV4pdsm,0.112783,1.3787719999999999,0.35326
88500,a1ae1/t4k9+hz7Co6GQMZFGR7+1LZjTFPgvl3idQZhUqP0WEkGTW/0YkzZV4pdsm,0.136876,1.019536,0.39669
88800,a1ae1/t4k9+hz7Co6GQMZFGR7+1LZjTFPgvl3idQZhUqP0WEkGTW/0YkzZV4pdsm,0.07433300000000001,0.933891,0.34363
89100,a1ae1/t4k9+hz7Co6GQMZFGR7+1LZjTFPgvl3idQZhUqP0WEkGTW/0YkzZV4pdsm,0.025958999999999996,4.377305000000001,0.48297299999999993
89400,a1ae1/t4k9+hz7Co6GQMZFGR7+1LZjTFPgvl3idQZhUqP0WEkGTW/0YkzZV4pdsm,0.149571,6.691837,1.0188190000000001
89700,a1ae1/t4k9+hz7Co6GQMZFGR7+1LZjTFPgvl3idQZhUqP0WEkGTW/0YkzZV4pdsm,0.044443,0.842038,0.34877800000000003
90000,a1ae1/t4k9+hz7Co6GQMZFGR7+1LZjTFPgvl3idQZhUqP0WEkGTW/0YkzZV4pdsm,0.13839500000000002,1.057409,0.393405
90300,a1ae1/t4k9+hz7Co6GQMZFGR7+1LZjTFPgvl3idQZhUqP0WEkGTW/0YkzZV4pdsm,0.041663,1.267941,0.328361
90600,a1ae1/t4k9+hz7Co6GQMZFGR7+1LZjTFPgvl3idQZhUqP0WEkGTW/0YkzZV4pdsm,0.128574,1.069539,0.353513
90900,a1ae1/t4k9+hz7Co6GQMZFGR7+1LZjTFPgvl3idQZhUqP0WEkGTW/0YkzZV4pdsm,0.07562100000000001,0.8955139999999999,0.35162
91200,a1ae1/t4k9+hz7Co6GQMZFGR7+1LZjTFPgvl3idQZhUqP0WEkGTW/0YkzZV4pdsm,0.122386,1.2576120000000002,0.359051
91500,a1ae1/t4k9+hz7Co6GQMZFGR7+1LZjTFPgvl3idQZhUqP0WEkGTW/0YkzZV4pdsm,0.14088399999999998,3.2747740000000003,0.531891
91800,a1ae1/t4k9+hz7Co6GQMZFGR7+1LZjTFPgvl3idQZhUqP0WEkGTW/0YkzZV4pdsm,0.11341199999999999,0.7557050000000001,0.322297
92100,a1ae1/t4k9+hz7Co6GQMZFGR7+1LZjTFPgvl3idQZhUqP0WEkGTW/0YkzZV4pdsm,0.11433299999999999,0.9589620000000001,0.38173
92400,a1ae1/t4k9+hz7Co6GQMZFGR7+1LZjTFPgvl3idQZhUqP0WEkGTW/0YkzZV4pdsm,0.042220999999999995,0.8633879999999999,0.343011
92700,a1ae1/t4k9+hz7Co6GQMZFGR7+1LZjTFPgvl3idQZhUqP0WEkGTW/0YkzZV4pdsm,0.14838099999999999,1.498492,0.403285
93000,a1ae1/t4k9+hz7Co6GQMZFGR7+1LZjTFPgvl3idQZhUqP0WEkGTW/0YkzZV4pdsm,0.14041700000000001,17.398731,1.1078379999999999
93300,a1ae1/t4k9+hz7Co6GQMZFGR7+1LZjTFPgvl3idQZhUqP0WEkGTW/0YkzZV4pdsm,0.10418399999999998,0.881566,0.330965
93600,a1ae1/t4k9+hz7Co6GQMZFGR7+1LZjTFPgvl3idQZhUqP0WEkGTW/0YkzZV4pdsm,0.10953099999999999,0.818116,0.375328
93900,a1ae1/t4k9+hz7Co6GQMZFGR7+1LZjTFPgvl3idQZhUqP0WEkGTW/0YkzZV4pdsm,0.12399600000000001,1.2776290000000001,0.355299
94200,a1ae1/t4k9+hz7Co6GQMZFGR7+1LZjTFPgvl3idQZhUqP0WEkGTW/0YkzZV4pdsm,0.099031,0.813334,0.367503
94500,a1ae1/t4k9+hz7Co6GQMZFGR7+1LZjTFPgvl3idQZhUqP0WEkGTW/0YkzZV4pdsm,0.06783099999999999,0.9295030000000001,0.36439699999999997
94800,a1ae1/t4k9+hz7Co6GQMZFGR7+1LZjTFPgvl3idQZhUqP0WEkGTW/0YkzZV4pdsm,0.139519,1.010146,0.38166500000000003
95100,a1ae1/t4k9+hz7Co6GQMZFGR7+1LZjTFPgvl3idQZhUqP0WEkGTW/0YkzZV4pdsm,0.087397,1.1146690000000001,0.353046
95400,a1ae1/t4k9+hz7Co6GQMZFGR7+1LZjTFPgvl3idQZhUqP0WEkGTW/0YkzZV4pdsm,0.131176,0.9980370000000001,0.337667
95700,a1ae1/t4k9+hz7Co6GQMZFGR7+1LZjTFPgvl3idQZhUqP0WEkGTW/0YkzZV4pdsm,0.088636,0.9538559999999999,0.35625100000000004
96000,a1ae1/t4k9+hz7Co6GQMZFGR7+1LZjTFPgvl3idQZhUqP0WEkGTW/0YkzZV4pdsm,0.11408399999999999,1.0229139999999999,0.344639
96300,a1ae1/t4k9+hz7Co6GQMZFGR7+1LZjTFPgvl3idQZhUqP0WEkGTW/0YkzZV4pdsm,0.106924,0.793936,0.348451
96600,a1ae1/t4k9+hz7Co6GQMZFGR7+1LZjTFPgvl3idQZhUqP0WEkGTW/0YkzZV4pdsm,0.12014200000000001,14.832132000000001,1.014086
96900,a1ae1/t4k9+hz7Co6GQMZFGR7+1LZjTFPgvl3idQZhUqP0WEkGTW/0YkzZV4pdsm,0.078943,1.236264,0.353346
97200,a1ae1/t4k9+hz7Co6GQMZFGR7+1LZjTFPgvl3idQZhUqP0WEkGTW/0YkzZV4pdsm,0.052818,0.9402290000000001,0.37569
97500,a1ae1/t4k9+hz7Co6GQMZFGR7+1LZjTFPgvl3idQZhUqP0WEkGTW/0YkzZV4pdsm,0.142296,1.0649469999999999,0.347028
97800,a1ae1/t4k9+hz7Co6GQMZFGR7+1LZjTFPgvl3idQZhUqP0WEkGTW/0YkzZV4pdsm,0.092438,0.9359870000000001,0.307925
98100,a1ae1/t4k9+hz7Co6GQMZFGR7+1LZjTFPgvl3idQZhUqP0WEkGTW/0YkzZV4pdsm,0.118788,1.304403,0.378626
98400,a1ae1/t4k9+hz7Co6GQMZFGR7+1LZjTFPgvl3idQZhUqP0WEkGTW/0YkzZV4pdsm,0.134186,1.189458,0.404534
98700,a1ae1/t4k9+hz7Co6GQMZFGR7+1LZjTFPgvl3idQZhUqP0WEkGTW/0YkzZV4pdsm,0.14361,1.240019,0.36330999999999997
99000,a1ae1/t4k9+hz7Co6GQMZFGR7+1LZjTFPgvl3idQZhUqP0WEkGTW/0YkzZV4pdsm,0.11298299999999999,0.891516,0.33008699999999996
99300,a1ae1/t4k9+hz7Co6GQMZFGR7+1LZjTFPgvl3idQZhUqP0WEkGTW/0YkzZV4pdsm,0.14765999999999999,1.0738,0.384658
99600,a1ae1/t4k9+hz7Co6GQMZFGR7+1LZjTFPgvl3idQZhUqP0WEkGTW/0YkzZV4pdsm,0.105458,1.119051,0.336107
99900,a1ae1/t4k9+hz7Co6GQMZFGR7+1LZjTFPgvl3idQZhUqP0WEkGTW/0YkzZV4pdsm,0.084783,1.222841,0.388081
100200,a1ae1/t4k9+hz7Co6GQMZFGR7+1LZjTFPgvl3idQZhUqP0WEkGTW/0YkzZV4pdsm,0.12080999999999999,12.935264,1.013349
100500,a1ae1/t4k9+hz7Co6GQMZFGR7+1LZjTFPgvl3idQZhUqP0WEkGTW/0YkzZV4pdsm,0.089305,0.9468030000000001,0.315048
100800,a1ae1/t4k9+hz7Co6GQMZFGR7+1LZjTFPgvl3idQZhUqP0WEkGTW/0YkzZV4pdsm,0.102114,1.149889,0.379529
101100,a1ae1/t4k9+hz7Co6GQMZFGR7+1LZjTFPgvl3idQZhUqP0WEkGTW/0YkzZV4pdsm,0.147897,7.563421000000001,0.8332510000000001
101400,a1ae1/t4k9+hz7Co6GQMZFGR7+1LZjTFPgvl3idQZhUqP0WEkGTW/0YkzZV4pdsm,0.122374,1.042713,0.37554899999999997
101700,a1ae1/t4k9+hz7Co6GQMZFGR7+1LZjTFPgvl3idQZhUqP0WEkGTW/0YkzZV4pdsm,0.070493,0.9767899999999999,0.359656
102000,a1ae1/t4k9+hz7Co6GQMZFGR7+1LZjTFPgvl3idQZhUqP0WEkGTW/0YkzZV4pdsm,0.129991,0.8737969999999999,0.335572
102300,a1ae1/t4k9+hz7Co6GQMZFGR7+1LZjTFPgvl3idQZhUqP0WEkGTW/0YkzZV4pdsm,0.077762,1.155091,0.367093
102600,a1ae1/t4k9+hz7Co6GQMZFGR7+1LZjTFPgvl3idQZhUqP0WEkGTW/0YkzZV4pdsm,0.141777,0.94316,0.360241
102900,a1ae1/t4k9+hz7Co6GQMZFGR7+1LZjTFPgvl3idQZhUqP0WEkGTW/0YkzZV4pdsm,0.11340599999999999,1.088127,0.388401
103200,a1ae1/t4k9+hz7Co6GQMZFGR7+1LZjTFPgvl3idQZhUqP0WEkGTW/0YkzZV4pdsm,0.0367,1.406741,0.37003600000000003
103500,a1ae1/t4k9+hz7Co6GQMZFGR7+1LZjTFPgvl3idQZhUqP0WEkGTW/0YkzZV4pdsm,0.14495,0.9220709999999999,0.357954
103800,a1ae1/t4k9+hz7Co6GQMZFGR7+1LZjTFPgvl3idQZhUqP0WEkGTW/0YkzZV4pdsm,0.058471,11.119035,1.021221
104100,a1ae1/t4k9+hz7Co6GQMZFGR7+1LZjTFPgvl3idQZhUqP0WEkGTW/0YkzZV4pdsm,0.119296,0.858707,0.34328200000000003
104400,a1ae1/t4k9+hz7Co6GQMZFGR7+1LZjTFPgvl3idQZhUqP0WEkGTW/0YkzZV4pdsm,0.114212,1.0898860000000001,0.35167800000000005
104700,a1ae1/t4k9+hz7Co6GQMZFGR7+1LZjTFPgvl3idQZhUqP0WEkGTW/0YkzZV4pdsm,0.140657,1.007858,0.37795500000000004
105000,a1ae1/t4k9+hz7Co6GQMZFGR7+1LZjTFPgvl3idQZhUqP0WEkGTW/0YkzZV4pdsm,0.051762999999999997,1.025759,0.359783
105300,a1ae1/t4k9+hz7Co6GQMZFGR7+1LZjTFPgvl3idQZhUqP0WEkGTW/0YkzZV4pdsm,0.149775,1.370333,0.47047
105600,a1ae1/t4k9+hz7Co6GQMZFGR7+1LZjTFPgvl3idQZhUqP0WEkGTW/0YkzZV4pdsm,0.108502,1.539232,0.336291
105900,a1ae1/t4k9+hz7Co6GQMZFGR7+1LZjTFPgvl3idQZhUqP0WEkGTW/0YkzZV4pdsm,0.160605,1.278779,0.449966
106200,a1ae1/t4k9+hz7Co6GQMZFGR7+1LZjTFPgvl3idQZhUqP0WEkGTW/0YkzZV4pdsm,0.128175,1.147774,0.355537
106500,a1ae1/t4k9+hz7Co6GQMZFGR7+1LZjTFPgvl3idQZhUqP0WEkGTW/0YkzZV4pdsm,0.137447,1.7256630000000002,0.49414600000000003
106800,a1ae1/t4k9+hz7Co6GQMZFGR7+1LZjTFPgvl3idQZhUqP0WEkGTW/0YkzZV4pdsm,0.10751199999999998,1.1380059999999999,0.388311
107100,a1ae1/t4k9+hz7Co6GQMZFGR7+1LZjTFPgvl3idQZhUqP0WEkGTW/0YkzZV4pdsm,0.109806,1.526032,0.408016
107400,a1ae1/t4k9+hz7Co6GQMZFGR7+1LZjTFPgvl3idQZhUqP0WEkGTW/0YkzZV4pdsm,0.11233599999999999,13.612420000000002,1.018169
107700,a1ae1/t4k9+hz7Co6GQMZFGR7+1LZjTFPgvl3idQZhUqP0WEkGTW/0YkzZV4pdsm,0.12094,5.049513,0.602412
108000,a1ae1/t4k9+hz7Co6GQMZFGR7+1LZjTFPgvl3idQZhUqP0WEkGTW/0YkzZV4pdsm,0.128155,1.3253,0.47277399999999997
108300,a1ae1/t4k9+hz7Co6GQMZFGR7+1LZjTFPgvl3idQZhUqP0WEkGTW/0YkzZV4pdsm,0.13278800000000002,1.298302,0.37406500000000004
108600,a1ae1/t4k9+hz7Co6GQMZFGR7+1LZjTFPgvl3idQZhUqP0WEkGTW/0YkzZV4pdsm,0.117818,4.2220580000000005,0.550277
108900,a1ae1/t4k9+hz7Co6GQMZFGR7+1LZjTFPgvl3idQZhUqP0WEkGTW/0YkzZV4pdsm,0.094628,0.758985,0.380271
109200,a1ae1/t4k9+hz7Co6GQMZFGR7+1LZjTFPgvl3idQZhUqP0WEkGTW/0YkzZV4pdsm,0.094861,4.609184,0.521338
109500,a1ae1/t4k9+hz7Co6GQMZFGR7+1LZjTFPgvl3idQZhUqP0WEkGTW/0YkzZV4pdsm,0.119996,0.7935989999999999,0.381232
109800,a1ae1/t4k9+hz7Co6GQMZFGR7+1LZjTFPgvl3idQZhUqP0WEkGTW/0YkzZV4pdsm,0.127524,1.409641,0.44479300000000005
110100,a1ae1/t4k9+hz7Co6GQMZFGR7+1LZjTFPgvl3idQZhUqP0WEkGTW/0YkzZV4pdsm,0.091667,1.155717,0.375762
110400,a1ae1/t4k9+hz7Co6GQMZFGR7+1LZjTFPgvl3idQZhUqP0WEkGTW/0YkzZV4pdsm,0.126962,7.6770570000000005,0.8644569999999999
110700,a1ae1/t4k9+hz7Co6GQMZFGR7+1LZjTFPgvl3idQZhUqP0WEkGTW/0YkzZV4pdsm,0.10228,5.538711,0.593008
111000,a1ae1/t4k9+hz7Co6GQMZFGR7+1LZjTFPgvl3idQZhUqP0WEkGTW/0YkzZV4pdsm,0.149337,17.541777,1.026879
111300,a1ae1/t4k9+hz7Co6GQMZFGR7+1LZjTFPgvl3idQZhUqP0WEkGTW/0YkzZV4pdsm,0.12430899999999999,4.283501,0.5309010000000001
111600,a1ae1/t4k9+hz7Co6GQMZFGR7+1LZjTFPgvl3idQZhUqP0WEkGTW/0YkzZV4pdsm,0.12329100000000001,0.876498,0.381182
111900,a1ae1/t4k9+hz7Co6GQMZFGR7+1LZjTFPgvl3idQZhUqP0WEkGTW/0YkzZV4pdsm,0.135259,1.5104229999999998,0.45355500000000004
112200,a1ae1/t4k9+hz7Co6GQMZFGR7+1LZjTFPgvl3idQZhUqP0WEkGTW/0YkzZV4pdsm,0.105249,0.967425,0.354002
112500,a1ae1/t4k9+hz7Co6GQMZFGR7+1LZjTFPgvl3idQZhUqP0WEkGTW/0YkzZV4pdsm,0.11402999999999999,1.785153,0.46302299999999996
112800,a1ae1/t4k9+hz7Co6GQMZFGR7+1LZjTFPgvl3idQZhUqP0WEkGTW/0YkzZV4pdsm,0.131043,1.046146,0.33931500000000003
113100,a1ae1/t4k9+hz7Co6GQMZFGR7+1LZjTFPgvl3idQZhUqP0WEkGTW/0YkzZV4pdsm,0.135735,3.5473839999999996,0.525608
113400,a1ae1/t4k9+hz7Co6GQMZFGR7+1LZjTFPgvl3idQZhUqP0WEkGTW/0YkzZV4pdsm,0.156677,0.9243309999999999,0.357021
113700,a1ae1/t4k9+hz7Co6GQMZFGR7+1LZjTFPgvl3idQZhUqP0WEkGTW/0YkzZV4pdsm,0.041824,1.111376,0.359678
114000,a1ae1/t4k9+hz7Co6GQMZFGR7+1LZjTFPgvl3idQZhUqP0WEkGTW/0YkzZV4pdsm,0.094303,1.249692,0.347018
114300,a1ae1/t4k9+hz7Co6GQMZFGR7+1LZjTFPgvl3idQZhUqP0WEkGTW/0YkzZV4pdsm,0.117903,0.796221,0.369854
114600,a1ae1/t4k9+hz7Co6GQMZFGR7+1LZjTFPgvl3idQZhUqP0WEkGTW/0YkzZV4pdsm,0.081138,8.111234,0.983459
114900,a1ae1/t4k9+hz7Co6GQMZFGR7+1LZjTFPgvl3idQZhUqP0WEkGTW/0YkzZV4pdsm,0.144707,0.9833149999999999,0.366214
115200,a1ae1/t4k9+hz7Co6GQMZFGR7+1LZjTFPgvl3idQZhUqP0WEkGTW/0YkzZV4pdsm,0.13281099999999998,0.838249,0.399647
115500,a1ae1/t4k9+hz7Co6GQMZFGR7+1LZjTFPgvl3idQZhUqP0WEkGTW/0YkzZV4pdsm,0.116335,0.96662,0.353024
115800,a1ae1/t4k9+hz7Co6GQMZFGR7+1LZjTFPgvl3idQZhUqP0WEkGTW/0YkzZV4pdsm,0.09174,1.083332,0.302111
116100,a1ae1/t4k9+hz7Co6GQMZFGR7+1LZjTFPgvl3idQZhUqP0WEkGTW/0YkzZV4pdsm,0.124287,0.9660790000000001,0.394679
116400,a1ae1/t4k9+hz7Co6GQMZFGR7+1LZjTFPgvl3idQZhUqP0WEkGTW/0YkzZV4pdsm,0.050881,1.290773,0.312666
116700,a1ae1/t4k9+hz7Co6GQMZFGR7+1LZjTFPgvl3idQZhUqP0WEkGTW/0YkzZV4pdsm,0.045147,0.973043,0.38161799999999996
117000,a1ae1/t4k9+hz7Co6GQMZFGR7+1LZjTFPgvl3idQZhUqP0WEkGTW/0YkzZV4pdsm,0.10535,1.0326819999999999,0.398468
117300,a1ae1/t4k9+hz7Co6GQMZFGR7+1LZjTFPgvl3idQZhUqP0WEkGTW/0YkzZV4pdsm,0.086832,0.85057,0.303697
117600,a1ae1/t4k9+hz7Co6GQMZFGR7+1LZjTFPgvl3idQZhUqP0WEkGTW/0YkzZV4pdsm,0.10821199999999999,1.173845,0.380896
117900,a1ae1/t4k9+hz7Co6GQMZFGR7+1LZjTFPgvl3idQZhUqP0WEkGTW/0YkzZV4pdsm,0.070083,0.95924,0.329885
118200,a1ae1/t4k9+hz7Co6GQMZFGR7+1LZjTFPgvl3idQZhUqP0WEkGTW/0YkzZV4pdsm,0.12751500000000002,15.161762,1.030878
118500,a1ae1/t4k9+hz7Co6GQMZFGR7+1LZjTFPgvl3idQZhUqP0WEkGTW/0YkzZV4pdsm,0.050166,1.0627870000000001,0.353159
118800,a1ae1/t4k9+hz7Co6GQMZFGR7+1LZjTFPgvl3idQZhUqP0WEkGTW/0YkzZV4pdsm,0.122743,0.926017,0.363155
119100,a1ae1/t4k9+hz7Co6GQMZFGR7+1LZjTFPgvl3idQZhUqP0WEkGTW/0YkzZV4pdsm,0.07034,1.154947,0.337539
119400,a1ae1/t4k9+hz7Co6GQMZFGR7+1LZjTFPgvl3idQZhUqP0WEkGTW/0YkzZV4pdsm,0.087561,0.770584,0.317897
119700,a1ae1/t4k9+hz7Co6GQMZFGR7+1LZjTFPgvl3idQZhUqP0WEkGTW/0YkzZV4pdsm,0.10456800000000001,1.008834,0.39268200000000003
120000,a1ae1/t4k9+hz7Co6GQMZFGR7+1LZjTFPgvl3idQZhUqP0WEkGTW/0YkzZV4pdsm,0.123144,16.420970999999998,1.292712
120300,a1ae1/t4k9+hz7Co6GQMZFGR7+1LZjTFPgvl3idQZhUqP0WEkGTW/0YkzZV4pdsm,0.14382799999999998,1.108573,0.381347
120600,a1ae1/t4k9+hz7Co6GQMZFGR7+1LZjTFPgvl3idQZhUqP0WEkGTW/0YkzZV4pdsm,0.075393,1.056167,0.385881
120900,a1ae1/t4k9+hz7Co6GQMZFGR7+1LZjTFPgvl3idQZhUqP0WEkGTW/0YkzZV4pdsm,0.139971,1.0957270000000001,0.357383
121200,a1ae1/t4k9+hz7Co6GQMZFGR7+1LZjTFPgvl3idQZhUqP0WEkGTW/0YkzZV4pdsm,0.093283,0.904436,0.353674
121500,a1ae1/t4k9+hz7Co6GQMZFGR7+1LZjTFPgvl3idQZhUqP0WEkGTW/0YkzZV4pdsm,0.115059,1.255881,0.360191
121800,a1ae1/t4k9+hz7Co6GQMZFGR7+1LZjTFPgvl3idQZhUqP0WEkGTW/0YkzZV4pdsm,0.014184,13.728675,1.0210569999999999
122100,a1ae1/t4k9+hz7Co6GQMZFGR7+1LZjTFPgvl3idQZhUqP0WEkGTW/0YkzZV4pdsm,0.040731,0.916601,0.350092
122400,a1ae1/t4k9+hz7Co6GQMZFGR7+1LZjTFPgvl3idQZhUqP0WEkGTW/0YkzZV4pdsm,0.102292,1.051736,0.374363
122700,a1ae1/t4k9+hz7Co6GQMZFGR7+1LZjTFPgvl3idQZhUqP0WEkGTW/0YkzZV4pdsm,0.076027,1.155391,0.374772
123000,a1ae1/t4k9+hz7Co6GQMZFGR7+1LZjTFPgvl3idQZhUqP0WEkGTW/0YkzZV4pdsm,0.11979100000000001,1.005573,0.32956799999999997
123300,a1ae1/t4k9+hz7Co6GQMZFGR7+1LZjTFPgvl3idQZhUqP0WEkGTW/0YkzZV4pdsm,0.11669000000000002,1.477989,0.40223000000000003
123600,a1ae1/t4k9+hz7Co6GQMZFGR7+1LZjTFPgvl3idQZhUqP0WEkGTW/0YkzZV4pdsm,0.145123,1.355997,0.355206
123900,a1ae1/t4k9+hz7Co6GQMZFGR7+1LZjTFPgvl3idQZhUqP0WEkGTW/0YkzZV4pdsm,0.092071,0.7811279999999999,0.350761
124200,a1ae1/t4k9+hz7Co6GQMZFGR7+1LZjTFPgvl3idQZhUqP0WEkGTW/0YkzZV4pdsm,0.10974600000000001,1.3470790000000001,0.397897
124500,a1ae1/t4k9+hz7Co6GQMZFGR7+1LZjTFPgvl3idQZhUqP0WEkGTW/0YkzZV4pdsm,0.054161,1.345229,0.330542
124800,a1ae1/t4k9+hz7Co6GQMZFGR7+1LZjTFPgvl3idQZhUqP0WEkGTW/0YkzZV4pdsm,0.062668,1.056865,0.385185
125100,a1ae1/t4k9+hz7Co6GQMZFGR7+1LZjTFPgvl3idQZhUqP0WEkGTW/0YkzZV4pdsm,0.125083,1.035454,0.360562
125400,a1ae1/t4k9+hz7Co6GQMZFGR7+1LZjTFPgvl3idQZhUqP0WEkGTW/0YkzZV4pdsm,0.058485,13.229375,0.9880030000000001
125700,a1ae1/t4k9+hz7Co6GQMZFGR7+1LZjTFPgvl3idQZhUqP0WEkGTW/0YkzZV4pdsm,0.113097,0.806366,0.360183
126000,a1ae1/t4k9+hz7Co6GQMZFGR7+1LZjTFPgvl3idQZhUqP0WEkGTW/0YkzZV4pdsm,0.039918,1.085364,0.375105
126300,a1ae1/t4k9+hz7Co6GQMZFGR7+1LZjTFPgvl3idQZhUqP0WEkGTW/0YkzZV4pdsm,0.125166,1.036836,0.360064
126600,a1ae1/t4k9+hz7Co6GQMZFGR7+1LZjTFPgvl3idQZhUqP0WEkGTW/0YkzZV4pdsm,0.075018,0.894234,0.27784899999999996
126900,a1ae1/t4k9+hz7Co6GQMZFGR7+1LZjTFPgvl3idQZhUqP0WEkGTW/0YkzZV4pdsm,0.114445,1.2244760000000001,0.387125
127200,a1ae1/t4k9+hz7Co6GQMZFGR7+1LZjTFPgvl3idQZhUqP0WEkGTW/0YkzZV4pdsm,0.118253,1.127614,0.335462
127500,a1ae1/t4k9+hz7Co6GQMZFGR7+1LZjTFPgvl3idQZhUqP0WEkGTW/0YkzZV4pdsm,0.089874,1.0923559999999999,0.37912399999999996
127800,a1ae1/t4k9+hz7Co6GQMZFGR7+1LZjTFPgvl3idQZhUqP0WEkGTW/0YkzZV4pdsm,0.13094,1.074598,0.395884
128100,a1ae1/t4k9+hz7Co6GQMZFGR7+1LZjTFPgvl3idQZhUqP0WEkGTW/0YkzZV4pdsm,0.06275800000000001,0.8892389999999999,0.316786
128400,a1ae1/t4k9+hz7Co6GQMZFGR7+1LZjTFPgvl3idQZhUqP0WEkGTW/0YkzZV4pdsm,0.112483,1.040821,0.387924
128700,a1ae1/t4k9+hz7Co6GQMZFGR7+1LZjTFPgvl3idQZhUqP0WEkGTW/0YkzZV4pdsm,0.086155,0.8280879999999999,0.345536
129000,a1ae1/t4k9+hz7Co6GQMZFGR7+1LZjTFPgvl3idQZhUqP0WEkGTW/0YkzZV4pdsm,0.130906,23.130526,1.010443
129300,a1ae1/t4k9+hz7Co6GQMZFGR7+1LZjTFPgvl3idQZhUqP0WEkGTW/0YkzZV4pdsm,0.08874,0.8681719999999999,0.313164
129600,a1ae1/t4k9+hz7Co6GQMZFGR7+1LZjTFPgvl3idQZhUqP0WEkGTW/0YkzZV4pdsm,0.114079,1.035037,0.37842600000000004
129900,a1ae1/t4k9+hz7Co6GQMZFGR7+1LZjTFPgvl3idQZhUqP0WEkGTW/0YkzZV4pdsm,0.055646,1.062382,0.359521
130200,a1ae1/t4k9+hz7Co6GQMZFGR7+1LZjTFPgvl3idQZhUqP0WEkGTW/0YkzZV4pdsm,0.036072,0.9075610000000001,0.317341
130500,a1ae1/t4k9+hz7Co6GQMZFGR7+1LZjTFPgvl3idQZhUqP0WEkGTW/0YkzZV4pdsm,0.099621,1.1331069999999999,0.39808699999999997
130800,a1ae1/t4k9+hz7Co6GQMZFGR7+1LZjTFPgvl3idQZhUqP0WEkGTW/0YkzZV4pdsm,0.102162,1.590822,0.324074
131100,a1ae1/t4k9+hz7Co6GQMZFGR7+1LZjTFPgvl3idQZhUqP0WEkGTW/0YkzZV4pdsm,0.140568,1.390708,0.413736
131400,a1ae1/t4k9+hz7Co6GQMZFGR7+1LZjTFPgvl3idQZhUqP0WEkGTW/0YkzZV4pdsm,0.067419,1.3875389999999999,0.37587800000000005
131700,a1ae1/t4k9+hz7Co6GQMZFGR7+1LZjTFPgvl3idQZhUqP0WEkGTW/0YkzZV4pdsm,0.12873199999999999,1.401202,0.360171
132000,a1ae1/t4k9+hz7Co6GQMZFGR7+1LZjTFPgvl3idQZhUqP0WEkGTW/0YkzZV4pdsm,0.11270799999999999,0.9828520000000001,0.34835
132300,a1ae1/t4k9+hz7Co6GQMZFGR7+1LZjTFPgvl3idQZhUqP0WEkGTW/0YkzZV4pdsm,0.101579,3.591364,0.490124
132600,a1ae1/t4k9+hz7Co6GQMZFGR7+1LZjTFPgvl3idQZhUqP0WEkGTW/0YkzZV4pdsm,0.091835,23.627482999999998,1.1547120000000002
132900,a1ae1/t4k9+hz7Co6GQMZFGR7+1LZjTFPgvl3idQZhUqP0WEkGTW/0YkzZV4pdsm,0.058123,1.856857,0.38865500000000003
133200,a1ae1/t4k9+hz7Co6GQMZFGR7+1LZjTFPgvl3idQZhUqP0WEkGTW/0YkzZV4pdsm,0.091812,1.422941,0.344124
133500,a1ae1/t4k9+hz7Co6GQMZFGR7+1LZjTFPgvl3idQZhUqP0WEkGTW/0YkzZV4pdsm,0.0369,1.4873370000000001,0.392164
133800,a1ae1/t4k9+hz7Co6GQMZFGR7+1LZjTFPgvl3idQZhUqP0WEkGTW/0YkzZV4pdsm,0.12312000000000001,1.709063,0.342194
134100,a1ae1/t4k9+hz7Co6GQMZFGR7+1LZjTFPgvl3idQZhUqP0WEkGTW/0YkzZV4pdsm,0.06586,0.9995780000000001,0.3881
134400,a1ae1/t4k9+hz7Co6GQMZFGR7+1LZjTFPgvl3idQZhUqP0WEkGTW/0YkzZV4pdsm,0.13923,1.1243969999999999,0.379915
134700,a1ae1/t4k9+hz7Co6GQMZFGR7+1LZjTFPgvl3idQZhUqP0WEkGTW/0YkzZV4pdsm,0.124269,12.233998,1.244838
135000,a1ae1/t4k9+hz7Co6GQMZFGR7+1LZjTFPgvl3idQZhUqP0WEkGTW/0YkzZV4pdsm,0.111318,1.2207299999999999,0.414571
135300,a1ae1/t4k9+hz7Co6GQMZFGR7+1LZjTFPgvl3idQZhUqP0WEkGTW/0YkzZV4pdsm,0.040527999999999995,0.953094,0.319996
135600,a1ae1/t4k9+hz7Co6GQMZFGR7+1LZjTFPgvl3idQZhUqP0WEkGTW/0YkzZV4pdsm,0.080845,1.06441,0.342002
135900,a1ae1/t4k9+hz7Co6GQMZFGR7+1LZjTFPgvl3idQZhUqP0WEkGTW/0YkzZV4pdsm,0.117003,1.117793,0.36998400000000004
136200,a1ae1/t4k9+hz7Co6GQMZFGR7+1LZjTFPgvl3idQZhUqP0WEkGTW/0YkzZV4pdsm,0.077666,0.8481709999999999,0.36995
136500,a1ae1/t4k9+hz7Co6GQMZFGR7+1LZjTFPgvl3idQZhUqP0WEkGTW/0YkzZV4pdsm,0.098471,13.134901999999999,1.016199
136800,a1ae1/t4k9+hz7Co6GQMZFGR7+1LZjTFPgvl3idQZhUqP0WEkGTW/0YkzZV4pdsm,0.048997000000000006,0.7905840000000001,0.340091
137100,a1ae1/t4k9+hz7Co6GQMZFGR7+1LZjTFPgvl3idQZhUqP0WEkGTW/0YkzZV4pdsm,0.112927,1.0115120000000002,0.386225
137400,a1ae1/t4k9+hz7Co6GQMZFGR7+1LZjTFPgvl3idQZhUqP0WEkGTW/0YkzZV4pdsm,0.098884,0.77667,0.31725
137700,a1ae1/t4k9+hz7Co6GQMZFGR7+1LZjTFPgvl3idQZhUqP0WEkGTW/0YkzZV4pdsm,0.124545,1.1202020000000001,0.388038
138000,a1ae1/t4k9+hz7Co6GQMZFGR7+1LZjTFPgvl3idQZhUqP0WEkGTW/0YkzZV4pdsm,0.066398,0.944392,0.36227600000000004
138300,a1ae1/t4k9+hz7Co6GQMZFGR7+1LZjTFPgvl3idQZhUqP0WEkGTW/0YkzZV4pdsm,0.06289299999999999,0.960967,0.34225300000000003
138600,a1ae1/t4k9+hz7Co6GQMZFGR7+1LZjTFPgvl3idQZhUqP0WEkGTW/0YkzZV4pdsm,0.09505,1.017159,0.405025
138900,a1ae1/t4k9+hz7Co6GQMZFGR7+1LZjTFPgvl3idQZhUqP0WEkGTW/0YkzZV4pdsm,0.039682,1.310552,0.335554
139200,a1ae1/t4k9+hz7Co6GQMZFGR7+1LZjTFPgvl3idQZhUqP0WEkGTW/0YkzZV4pdsm,0.112876,0.9914229999999999,0.354759
139500,a1ae1/t4k9+hz7Co6GQMZFGR7+1LZjTFPgvl3idQZhUqP0WEkGTW/0YkzZV4pdsm,0.065825,1.138396,0.354781
139800,a1ae1/t4k9+hz7Co6GQMZFGR7+1LZjTFPgvl3idQZhUqP0WEkGTW/0YkzZV4pdsm,0.10173600000000001,0.9431129999999999,0.371151
140100,a1ae1/t4k9+hz7Co6GQMZFGR7+1LZjTFPgvl3idQZhUqP0WEkGTW/0YkzZV4pdsm,0.09838200000000001,13.119047,0.987907
140400,a1ae1/t4k9+hz7Co6GQMZFGR7+1LZjTFPgvl3idQZhUqP0WEkGTW/0YkzZV4pdsm,0.110552,0.8086899999999999,0.351208
140700,a1ae1/t4k9+hz7Co6GQMZFGR7+1LZjTFPgvl3idQZhUqP0WEkGTW/0YkzZV4pdsm,0.049512,1.0450780000000002,0.345487
141000,a1ae1/t4k9+hz7Co6GQMZFGR7+1LZjTFPgvl3idQZhUqP0WEkGTW/0YkzZV4pdsm,0.074739,1.0588950000000001,0.319229
141300,a1ae1/t4k9+hz7Co6GQMZFGR7+1LZjTFPgvl3idQZhUqP0WEkGTW/0YkzZV4pdsm,0.103595,1.1892770000000001,0.395459
141600,a1ae1/t4k9+hz7Co6GQMZFGR7+1LZjTFPgvl3idQZhUqP0WEkGTW/0YkzZV4pdsm,0.097224,1.7629270000000001,0.36630100000000004
141900,a1ae1/t4k9+hz7Co6GQMZFGR7+1LZjTFPgvl3idQZhUqP0WEkGTW/0YkzZV4pdsm,0.119467,1.241025,0.359178
142200,a1ae1/t4k9+hz7Co6GQMZFGR7+1LZjTFPgvl3idQZhUqP0WEkGTW/0YkzZV4pdsm,0.10512,0.7654310000000001,0.33150100000000005
142500,a1ae1/t4k9+hz7Co6GQMZFGR7+1LZjTFPgvl3idQZhUqP0WEkGTW/0YkzZV4pdsm,0.111375,1.2469620000000001,0.346455
142800,a1ae1/t4k9+hz7Co6GQMZFGR7+1LZjTFPgvl3idQZhUqP0WEkGTW/0YkzZV4pdsm,0.103379,0.8198340000000001,0.32977399999999996
143100,a1ae1/t4k9+hz7Co6GQMZFGR7+1LZjTFPgvl3idQZhUqP0WEkGTW/0YkzZV4pdsm,0.109483,1.083626,0.37045500000000003
143400,a1ae1/t4k9+hz7Co6GQMZFGR7+1LZjTFPgvl3idQZhUqP0WEkGTW/0YkzZV4pdsm,0.059954999999999994,1.2304959999999998,0.367821
143700,a1ae1/t4k9+hz7Co6GQMZFGR7+1LZjTFPgvl3idQZhUqP0WEkGTW/0YkzZV4pdsm,0.078442,19.590947,0.9786389999999999
144000,a1ae1/t4k9+hz7Co6GQMZFGR7+1LZjTFPgvl3idQZhUqP0WEkGTW/0YkzZV4pdsm,0.105244,0.993174,0.345574
144300,a1ae1/t4k9+hz7Co6GQMZFGR7+1LZjTFPgvl3idQZhUqP0WEkGTW/0YkzZV4pdsm,0.071663,1.08115,0.396448
144600,a1ae1/t4k9+hz7Co6GQMZFGR7+1LZjTFPgvl3idQZhUqP0WEkGTW/0YkzZV4pdsm,0.125531,0.8726799999999999,0.33576
144900,a1ae1/t4k9+hz7Co6GQMZFGR7+1LZjTFPgvl3idQZhUqP0WEkGTW/0YkzZV4pdsm,0.098593,1.62199,0.40915799999999997
145200,a1ae1/t4k9+hz7Co6GQMZFGR7+1LZjTFPgvl3idQZhUqP0WEkGTW/0YkzZV4pdsm,0.097206,1.724633,0.38657199999999997
145500,a1ae1/t4k9+hz7Co6GQMZFGR7+1LZjTFPgvl3idQZhUqP0WEkGTW/0YkzZV4pdsm,0.135233,0.854232,0.312778
145800,a1ae1/t4k9+hz7Co6GQMZFGR7+1LZjTFPgvl3idQZhUqP0WEkGTW/0YkzZV4pdsm,0.12951400000000002,0.982765,0.404184
146100,a1ae1/t4k9+hz7Co6GQMZFGR7+1LZjTFPgvl3idQZhUqP0WEkGTW/0YkzZV4pdsm,0.087115,1.089974,0.367843
146400,a1ae1/t4k9+hz7Co6GQMZFGR7+1LZjTFPgvl3idQZhUqP0WEkGTW/0YkzZV4pdsm,0.06698899999999999,0.908415,0.365119
146700,a1ae1/t4k9+hz7Co6GQMZFGR7+1LZjTFPgvl3idQZhUqP0WEkGTW/0YkzZV4pdsm,0.127885,1.027316,0.37921900000000003
147000,a1ae1/t4k9+hz7Co6GQMZFGR7+1LZjTFPgvl3idQZhUqP0WEkGTW/0YkzZV4pdsm,0.128307,1.0089059999999999,0.366123
147300,a1ae1/t4k9+hz7Co6GQMZFGR7+1LZjTFPgvl3idQZhUqP0WEkGTW/0YkzZV4pdsm,0.13651300000000002,12.730908,1.012913
147600,a1ae1/t4k9+hz7Co6GQMZFGR7+1LZjTFPgvl3idQZhUqP0WEkGTW/0YkzZV4pdsm,0.10518599999999999,1.033093,0.350783
147900,a1ae1/t4k9+hz7Co6GQMZFGR7+1LZjTFPgvl3idQZhUqP0WEkGTW/0YkzZV4pdsm,0.139057,1.182487,0.383998
148200,a1ae1/t4k9+hz7Co6GQMZFGR7+1LZjTFPgvl3idQZhUqP0WEkGTW/0YkzZV4pdsm,0.089665,0.824544,0.357518
148500,a1ae1/t4k9+hz7Co6GQMZFGR7+1LZjTFPgvl3idQZhUqP0WEkGTW/0YkzZV4pdsm,0.10645299999999999,1.035374,0.361629
148800,a1ae1/t4k9+hz7Co6GQMZFGR7+1LZjTFPgvl3idQZhUqP0WEkGTW/0YkzZV4pdsm,0.065974,0.914902,0.349734
149100,a1ae1/t4k9+hz7Co6GQMZFGR7+1LZjTFPgvl3idQZhUqP0WEkGTW/0YkzZV4pdsm,0.05536699999999999,0.973726,0.339942
149400,a1ae1/t4k9+hz7Co6GQMZFGR7+1LZjTFPgvl3idQZhUqP0WEkGTW/0YkzZV4pdsm,0.11427799999999999,1.07638,0.37446799999999997
149700,a1ae1/t4k9+hz7Co6GQMZFGR7+1LZjTFPgvl3idQZhUqP0WEkGTW/0YkzZV4pdsm,0.047993,1.435872,0.346693
150000,a1ae1/t4k9+hz7Co6GQMZFGR7+1LZjTFPgvl3idQZhUqP0WEkGTW/0YkzZV4pdsm,0.095356,0.8480040000000001,0.361703
150300,a1ae1/t4k9+hz7Co6GQMZFGR7+1LZjTFPgvl3idQZhUqP0WEkGTW/0YkzZV4pdsm,0.116404,1.001183,0.39334
150600,a1ae1/t4k9+hz7Co6GQMZFGR7+1LZjTFPgvl3idQZhUqP0WEkGTW/0YkzZV4pdsm,0.108497,0.7951239999999999,0.337575
150900,a1ae1/t4k9+hz7Co6GQMZFGR7+1LZjTFPgvl3idQZhUqP0WEkGTW/0YkzZV4pdsm,0.083946,16.656139000000003,1.003524
151200,a1ae1/t4k9+hz7Co6GQMZFGR7+1LZjTFPgvl3idQZhUqP0WEkGTW/0YkzZV4pdsm,0.120354,1.456106,0.363236
151500,a1ae1/t4k9+hz7Co6GQMZFGR7+1LZjTFPgvl3idQZhUqP0WEkGTW/0YkzZV4pdsm,0.059410000000000004,0.9551860000000001,0.343105
151800,a1ae1/t4k9+hz7Co6GQMZFGR7+1LZjTFPgvl3idQZhUqP0WEkGTW/0YkzZV4pdsm,0.08272,1.086489,0.362603
152100,a1ae1/t4k9+hz7Co6GQMZFGR7+1LZjTFPgvl3idQZhUqP0WEkGTW/0YkzZV4pdsm,0.106885,1.0075129999999999,0.37861
152400,a1ae1/t4k9+hz7Co6GQMZFGR7+1LZjTFPgvl3idQZhUqP0WEkGTW/0YkzZV4pdsm,0.126674,1.1070280000000001,0.382932
152700,a1ae1/t4k9+hz7Co6GQMZFGR7+1LZjTFPgvl3idQZhUqP0WEkGTW/0YkzZV4pdsm,0.136446,0.9588899999999999,0.341391
153000,a1ae1/t4k9+hz7Co6GQMZFGR7+1LZjTFPgvl3idQZhUqP0WEkGTW/0YkzZV4pdsm,0.048039,1.238976,0.36590500000000004
153300,a1ae1/t4k9+hz7Co6GQMZFGR7+1LZjTFPgvl3idQZhUqP0WEkGTW/0YkzZV4pdsm,0.111546,0.955664,0.38372
153600,a1ae1/t4k9+hz7Co6GQMZFGR7+1LZjTFPgvl3idQZhUqP0WEkGTW/0YkzZV4pdsm,0.077813,0.896516,0.347168
153900,a1ae1/t4k9+hz7Co6GQMZFGR7+1LZjTFPgvl3idQZhUqP0WEkGTW/0YkzZV4pdsm,0.11586099999999999,4.997999,0.495475
154200,a1ae1/t4k9+hz7Co6GQMZFGR7+1LZjTFPgvl3idQZhUqP0WEkGTW/0YkzZV4pdsm,0.05714400000000001,0.990892,0.318304
154500,a1ae1/t4k9+hz7Co6GQMZFGR7+1LZjTFPgvl3idQZhUqP0WEkGTW/0YkzZV4pdsm,0.12456099999999999,17.334032,1.029256
154800,a1ae1/t4k9+hz7Co6GQMZFGR7+1LZjTFPgvl3idQZhUqP0WEkGTW/0YkzZV4pdsm,0.106646,0.982241,0.35029299999999997
155100,a1ae1/t4k9+hz7Co6GQMZFGR7+1LZjTFPgvl3idQZhUqP0WEkGTW/0YkzZV4pdsm,0.088379,1.3995959999999998,0.394255
155400,a1ae1/t4k9+hz7Co6GQMZFGR7+1LZjTFPgvl3idQZhUqP0WEkGTW/0YkzZV4pdsm,0.10359600000000001,1.155834,0.386496
155700,a1ae1/t4k9+hz7Co6GQMZFGR7+1LZjTFPgvl3idQZhUqP0WEkGTW/0YkzZV4pdsm,0.018068,0.9393360000000001,0.34544600000000003
156000,a1ae1/t4k9+hz7Co6GQMZFGR7+1LZjTFPgvl3idQZhUqP0WEkGTW/0YkzZV4pdsm,0.13080899999999998,1.050354,0.37787800000000005
156300,a1ae1/t4k9+hz7Co6GQMZFGR7+1LZjTFPgvl3idQZhUqP0WEkGTW/0YkzZV4pdsm,0.059451,0.915997,0.33069899999999997
156600,a1ae1/t4k9+hz7Co6GQMZFGR7+1LZjTFPgvl3idQZhUqP0WEkGTW/0YkzZV4pdsm,0.099531,1.0899940000000001,0.376249
156900,a1ae1/t4k9+hz7Co6GQMZFGR7+1LZjTFPgvl3idQZhUqP0WEkGTW/0YkzZV4pdsm,0.11164600000000001,14.609822,1.301082
157200,a1ae1/t4k9+hz7Co6GQMZFGR7+1LZjTFPgvl3idQZhUqP0WEkGTW/0YkzZV4pdsm,0.109971,1.4241540000000001,0.36455
157500,a1ae1/t4k9+hz7Co6GQMZFGR7+1LZjTFPgvl3idQZhUqP0WEkGTW/0YkzZV4pdsm,0.047282,1.490695,0.384878
157800,a1ae1/t4k9+hz7Co6GQMZFGR7+1LZjTFPgvl3idQZhUqP0WEkGTW/0YkzZV4pdsm,0.012847999999999998,1.159126,0.33065500000000003
158100,a1ae1/t4k9+hz7Co6GQMZFGR7+1LZjTFPgvl3idQZhUqP0WEkGTW/0YkzZV4pdsm,0.11433499999999999,9.85852,1.005392
158400,a1ae1/t4k9+hz7Co6GQMZFGR7+1LZjTFPgvl3idQZhUqP0WEkGTW/0YkzZV4pdsm,0.047497000000000004,1.5150620000000001,0.361146
158700,a1ae1/t4k9+hz7Co6GQMZFGR7+1LZjTFPgvl3idQZhUqP0WEkGTW/0YkzZV4pdsm,0.117771,1.4570530000000002,0.391808
159000,a1ae1/t4k9+hz7Co6GQMZFGR7+1LZjTFPgvl3idQZhUqP0WEkGTW/0YkzZV4pdsm,0.04626,1.20585,0.367325
159300,a1ae1/t4k9+hz7Co6GQMZFGR7+1LZjTFPgvl3idQZhUqP0WEkGTW/0YkzZV4pdsm,0.128961,1.283396,0.36008
159600,a1ae1/t4k9+hz7Co6GQMZFGR7+1LZjTFPgvl3idQZhUqP0WEkGTW/0YkzZV4pdsm,0.044024,1.619998,0.470491
159900,a1ae1/t4k9+hz7Co6GQMZFGR7+1LZjTFPgvl3idQZhUqP0WEkGTW/0YkzZV4pdsm,0.123475,1.284087,0.337192
160200,a1ae1/t4k9+hz7Co6GQMZFGR7+1LZjTFPgvl3idQZhUqP0WEkGTW/0YkzZV4pdsm,0.060435,1.393299,0.376553
160500,a1ae1/t4k9+hz7Co6GQMZFGR7+1LZjTFPgvl3idQZhUqP0WEkGTW/0YkzZV4pdsm,0.069244,1.132802,0.362109
160800,a1ae1/t4k9+hz7Co6GQMZFGR7+1LZjTFPgvl3idQZhUqP0WEkGTW/0YkzZV4pdsm,0.12411400000000002,1.032857,0.364708
161100,a1ae1/t4k9+hz7Co6GQMZFGR7+1LZjTFPgvl3idQZhUqP0WEkGTW/0YkzZV4pdsm,0.050473000000000004,1.3498370000000002,0.372603
161400,a1ae1/t4k9+hz7Co6GQMZFGR7+1LZjTFPgvl3idQZhUqP0WEkGTW/0YkzZV4pdsm,0.11012000000000001,1.201566,0.33338
161700,a1ae1/t4k9+hz7Co6GQMZFGR7+1LZjTFPgvl3idQZhUqP0WEkGTW/0YkzZV4pdsm,0.088091,13.276069,1.086825
162000,a1ae1/t4k9+hz7Co6GQMZFGR7+1LZjTFPgvl3idQZhUqP0WEkGTW/0YkzZV4pdsm,0.11260899999999999,0.952564,0.379143
162300,a1ae1/t4k9+hz7Co6GQMZFGR7+1LZjTFPgvl3idQZhUqP0WEkGTW/0YkzZV4pdsm,0.14060899999999998,12.082991,1.315883
162600,a1ae1/t4k9+hz7Co6GQMZFGR7+1LZjTFPgvl3idQZhUqP0WEkGTW/0YkzZV4pdsm,0.10861099999999999,1.382542,0.36956
162900,a1ae1/t4k9+hz7Co6GQMZFGR7+1LZjTFPgvl3idQZhUqP0WEkGTW/0YkzZV4pdsm,0.13591199999999998,0.9576209999999999,0.383838
163200,a1ae1/t4k9+hz7Co6GQMZFGR7+1LZjTFPgvl3idQZhUqP0WEkGTW/0YkzZV4pdsm,0.042773,1.225889,0.359984
163500,a1ae1/t4k9+hz7Co6GQMZFGR7+1LZjTFPgvl3idQZhUqP0WEkGTW/0YkzZV4pdsm,0.12301400000000001,0.9496620000000001,0.339503
163800,a1ae1/t4k9+hz7Co6GQMZFGR7+1LZjTFPgvl3idQZhUqP0WEkGTW/0YkzZV4pdsm,0.030433999999999996,1.059669,0.377577
164100,a1ae1/t4k9+hz7Co6GQMZFGR7+1LZjTFPgvl3idQZhUqP0WEkGTW/0YkzZV4pdsm,0.132828,1.233991,0.37858200000000003
164400,a1ae1/t4k9+hz7Co6GQMZFGR7+1LZjTFPgvl3idQZhUqP0WEkGTW/0YkzZV4pdsm,0.027642,0.857656,0.306081
164700,a1ae1/t4k9+hz7Co6GQMZFGR7+1LZjTFPgvl3idQZhUqP0WEkGTW/0YkzZV4pdsm,0.11799000000000001,1.0566280000000001,0.372996
165000,a1ae1/t4k9+hz7Co6GQMZFGR7+1LZjTFPgvl3idQZhUqP0WEkGTW/0YkzZV4pdsm,0.086762,0.9766219999999999,0.33769499999999997
165300,a1ae1/t4k9+hz7Co6GQMZFGR7+1LZjTFPgvl3idQZhUqP0WEkGTW/0YkzZV4pdsm,0.11077100000000001,12.02719,1.010211
165600,a1ae1/t4k9+hz7Co6GQMZFGR7+1LZjTFPgvl3idQZhUqP0WEkGTW/0YkzZV4pdsm,0.025927999999999996,1.264846,0.361575
165900,a1ae1/t4k9+hz7Co6GQMZFGR7+1LZjTFPgvl3idQZhUqP0WEkGTW/0YkzZV4pdsm,0.030732,1.3177860000000001,0.356731
166200,a1ae1/t4k9+hz7Co6GQMZFGR7+1LZjTFPgvl3idQZhUqP0WEkGTW/0YkzZV4pdsm,0.10000099999999999,1.451937,0.385561
166500,a1ae1/t4k9+hz7Co6GQMZFGR7+1LZjTFPgvl3idQZhUqP0WEkGTW/0YkzZV4pdsm,0.11619700000000001,3.185647,0.49008900000000005
166800,a1ae1/t4k9+hz7Co6GQMZFGR7+1LZjTFPgvl3idQZhUqP0WEkGTW/0YkzZV4pdsm,0.101739,1.18529,0.378177
167100,a1ae1/t4k9+hz7Co6GQMZFGR7+1LZjTFPgvl3idQZhUqP0WEkGTW/0YkzZV4pdsm,0.090895,1.247309,0.355093
167400,a1ae1/t4k9+hz7Co6GQMZFGR7+1LZjTFPgvl3idQZhUqP0WEkGTW/0YkzZV4pdsm,0.09638,1.145619,0.384888
167700,a1ae1/t4k9+hz7Co6GQMZFGR7+1LZjTFPgvl3idQZhUqP0WEkGTW/0YkzZV4pdsm,0.04401,1.390735,0.356008
168000,a1ae1/t4k9+hz7Co6GQMZFGR7+1LZjTFPgvl3idQZhUqP0WEkGTW/0YkzZV4pdsm,0.11520999999999999,1.024169,0.355486
168300,a1ae1/t4k9+hz7Co6GQMZFGR7+1LZjTFPgvl3idQZhUqP0WEkGTW/0YkzZV4pdsm,0.03296,1.164633,0.392545
168600,a1ae1/t4k9+hz7Co6GQMZFGR7+1LZjTFPgvl3idQZhUqP0WEkGTW/0YkzZV4pdsm,0.06257,1.089766,0.354693
168900,a1ae1/t4k9+hz7Co6GQMZFGR7+1LZjTFPgvl3idQZhUqP0WEkGTW/0YkzZV4pdsm,0.10971199999999999,18.421481,1.028256
169200,a1ae1/t4k9+hz7Co6GQMZFGR7+1LZjTFPgvl3idQZhUqP0WEkGTW/0YkzZV4pdsm,0.096234,0.943824,0.40970100000000004
169500,a1ae1/t4k9+hz7Co6GQMZFGR7+1LZjTFPgvl3idQZhUqP0WEkGTW/0YkzZV4pdsm,0.130018,1.087795,0.34423899999999996
169800,a1ae1/t4k9+hz7Co6GQMZFGR7+1LZjTFPgvl3idQZhUqP0WEkGTW/0YkzZV4pdsm,0.079859,0.840683,0.341379
170100,a1ae1/t4k9+hz7Co6GQMZFGR7+1LZjTFPgvl3idQZhUqP0WEkGTW/0YkzZV4pdsm,0.127023,0.995599,0.354988
170400,a1ae1/t4k9+hz7Co6GQMZFGR7+1LZjTFPgvl3idQZhUqP0WEkGTW/0YkzZV4pdsm,0.06966599999999999,1.2728959999999998,0.38259699999999996
170700,a1ae1/t4k9+hz7Co6GQMZFGR7+1LZjTFPgvl3idQZhUqP0WEkGTW/0YkzZV4pdsm,0.113774,1.026721,0.356957
171000,a1ae1/t4k9+hz7Co6GQMZFGR7+1LZjTFPgvl3idQZhUqP0WEkGTW/0YkzZV4pdsm,0.102019,1.127067,0.358541
171300,a1ae1/t4k9+hz7Co6GQMZFGR7+1LZjTFPgvl3idQZhUqP0WEkGTW/0YkzZV4pdsm,0.149751,0.840815,0.36675
171600,a1ae1/t4k9+hz7Co6GQMZFGR7+1LZjTFPgvl3idQZhUqP0WEkGTW/0YkzZV4pdsm,0.10338900000000001,1.043994,0.321763
171900,a1ae1/t4k9+hz7Co6GQMZFGR7+1LZjTFPgvl3idQZhUqP0WEkGTW/0YkzZV4pdsm,0.016951,1.071521,0.365748
172200,a1ae1/t4k9+hz7Co6GQMZFGR7+1LZjTFPgvl3idQZhUqP0WEkGTW/0YkzZV4pdsm,0.10675599999999999,1.118327,0.356625
172500,a1ae1/t4k9+hz7Co6GQMZFGR7+1LZjTFPgvl3idQZhUqP0WEkGTW/0YkzZV4pdsm,0.020957,11.25794,1.003319
172800,a1ae1/t4k9+hz7Co6GQMZFGR7+1LZjTFPgvl3idQZhUqP0WEkGTW/0YkzZV4pdsm,0.12554,1.172639,0.38437899999999997
173100,a1ae1/t4k9+hz7Co6GQMZFGR7+1LZjTFPgvl3idQZhUqP0WEkGTW/0YkzZV4pdsm,0.08040499999999999,1.35286,0.333165
173400,a1ae1/t4k9+hz7Co6GQMZFGR7+1LZjTFPgvl3idQZhUqP0WEkGTW/0YkzZV4pdsm,0.108509,0.9855459999999999,0.363004
173700,a1ae1/t4k9+hz7Co6GQMZFGR7+1LZjTFPgvl3idQZhUqP0WEkGTW/0YkzZV4pdsm,0.068797,1.1317110000000001,0.384178
174000,a1ae1/t4k9+hz7Co6GQMZFGR7+1LZjTFPgvl3idQZhUqP0WEkGTW/0YkzZV4pdsm,0.03249,1.1697799999999998,0.372225
174300,a1ae1/t4k9+hz7Co6GQMZFGR7+1LZjTFPgvl3idQZhUqP0WEkGTW/0YkzZV4pdsm,0.124134,1.9814919999999998,0.43518100000000004
174600,a1ae1/t4k9+hz7Co6GQMZFGR7+1LZjTFPgvl3idQZhUqP0WEkGTW/0YkzZV4pdsm,0.067351,1.324589,0.372139
174900,a1ae1/t4k9+hz7Co6GQMZFGR7+1LZjTFPgvl3idQZhUqP0WEkGTW/0YkzZV4pdsm,0.128382,0.8912709999999999,0.36941199999999996
175200,a1ae1/t4k9+hz7Co6GQMZFGR7+1LZjTFPgvl3idQZhUqP0WEkGTW/0YkzZV4pdsm,0.05600499999999999,1.172233,0.313681
175500,a1ae1/t4k9+hz7Co6GQMZFGR7+1LZjTFPgvl3idQZhUqP0WEkGTW/0YkzZV4pdsm,0.107397,4.938539,0.519616
175800,a1ae1/t4k9+hz7Co6GQMZFGR7+1LZjTFPgvl3idQZhUqP0WEkGTW/0YkzZV4pdsm,0.046329,1.0956549999999998,0.304088
176100,a1ae1/t4k9+hz7Co6GQMZFGR7+1LZjTFPgvl3idQZhUqP0WEkGTW/0YkzZV4pdsm,0.099467,15.238503,1.01004
176400,a1ae1/t4k9+hz7Co6GQMZFGR7+1LZjTFPgvl3idQZhUqP0WEkGTW/0YkzZV4pdsm,0.089414,0.938242,0.314826
176700,a1ae1/t4k9+hz7Co6GQMZFGR7+1LZjTFPgvl3idQZhUqP0WEkGTW/0YkzZV4pdsm,0.104628,1.368808,0.320498
177000,a1ae1/t4k9+hz7Co6GQMZFGR7+1LZjTFPgvl3idQZhUqP0WEkGTW/0YkzZV4pdsm,0.136388,0.791081,0.382918
177300,a1ae1/t4k9+hz7Co6GQMZFGR7+1LZjTFPgvl3idQZhUqP0WEkGTW/0YkzZV4pdsm,0.132757,7.07187,0.527763
177600,a1ae1/t4k9+hz7Co6GQMZFGR7+1LZjTFPgvl3idQZhUqP0WEkGTW/0YkzZV4pdsm,0.132363,1.303647,0.371868
177900,a1ae1/t4k9+hz7Co6GQMZFGR7+1LZjTFPgvl3idQZhUqP0WEkGTW/0YkzZV4pdsm,0.140584,10.341598,0.8596389999999999
178200,a1ae1/t4k9+hz7Co6GQMZFGR7+1LZjTFPgvl3idQZhUqP0WEkGTW/0YkzZV4pdsm,0.140248,0.864665,0.383234
178500,a1ae1/t4k9+hz7Co6GQMZFGR7+1LZjTFPgvl3idQZhUqP0WEkGTW/0YkzZV4pdsm,0.051015,0.894601,0.320525
178800,a1ae1/t4k9+hz7Co6GQMZFGR7+1LZjTFPgvl3idQZhUqP0WEkGTW/0YkzZV4pdsm,0.125253,0.9608049999999999,0.324278
179100,a1ae1/t4k9+hz7Co6GQMZFGR7+1LZjTFPgvl3idQZhUqP0WEkGTW/0YkzZV4pdsm,0.057076,0.9972790000000001,0.351745
179400,a1ae1/t4k9+hz7Co6GQMZFGR7+1LZjTFPgvl3idQZhUqP0WEkGTW/0YkzZV4pdsm,0.054404999999999995,1.029536,0.321885
179700,a1ae1/t4k9+hz7Co6GQMZFGR7+1LZjTFPgvl3idQZhUqP0WEkGTW/0YkzZV4pdsm,0.125605,15.801409,1.0109270000000001
180000,a1ae1/t4k9+hz7Co6GQMZFGR7+1LZjTFPgvl3idQZhUqP0WEkGTW/0YkzZV4pdsm,0.055245,1.068284,0.360135
180300,a1ae1/t4k9+hz7Co6GQMZFGR7+1LZjTFPgvl3idQZhUqP0WEkGTW/0YkzZV4pdsm,0.12268599999999999,1.142196,0.352052
180600,a1ae1/t4k9+hz7Co6GQMZFGR7+1LZjTFPgvl3idQZhUqP0WEkGTW/0YkzZV4pdsm,0.07020499999999999,0.805926,0.34986999999999996
180900,a1ae1/t4k9+hz7Co6GQMZFGR7+1LZjTFPgvl3idQZhUqP0WEkGTW/0YkzZV4pdsm,0.13253900000000002,1.121967,0.357646
181200,a1ae1/t4k9+hz7Co6GQMZFGR7+1LZjTFPgvl3idQZhUqP0WEkGTW/0YkzZV4pdsm,0.06714099999999999,1.087169,0.325198
181500,a1ae1/t4k9+hz7Co6GQMZFGR7+1LZjTFPgvl3idQZhUqP0WEkGTW/0YkzZV4pdsm,0.131678,0.8960819999999999,0.362102
181800,a1ae1/t4k9+hz7Co6GQMZFGR7+1LZjTFPgvl3idQZhUqP0WEkGTW/0YkzZV4pdsm,0.103004,0.9022879999999999,0.35018699999999997
182100,a1ae1/t4k9+hz7Co6GQMZFGR7+1LZjTFPgvl3idQZhUqP0WEkGTW/0YkzZV4pdsm,0.08087799999999999,1.200587,0.310071
182400,a1ae1/t4k9+hz7Co6GQMZFGR7+1LZjTFPgvl3idQZhUqP0WEkGTW/0YkzZV4pdsm,0.12283599999999999,0.850224,0.326229
182700,a1ae1/t4k9+hz7Co6GQMZFGR7+1LZjTFPgvl3idQZhUqP0WEkGTW/0YkzZV4pdsm,0.110801,1.063612,0.359955
183000,a1ae1/t4k9+hz7Co6GQMZFGR7+1LZjTFPgvl3idQZhUqP0WEkGTW/0YkzZV4pdsm,0.125499,0.9047219999999999,0.340941
183300,a1ae1/t4k9+hz7Co6GQMZFGR7+1LZjTFPgvl3idQZhUqP0WEkGTW/0YkzZV4pdsm,0.085346,16.508113,0.993792
183600,a1ae1/t4k9+hz7Co6GQMZFGR7+1LZjTFPgvl3idQZhUqP0WEkGTW/0YkzZV4pdsm,0.138213,1.3374620000000002,0.394361
183900,a1ae1/t4k9+hz7Co6GQMZFGR7+1LZjTFPgvl3idQZhUqP0WEkGTW/0YkzZV4pdsm,0.11013599999999998,0.677301,0.293229
184200,a1ae1/t4k9+hz7Co6GQMZFGR7+1LZjTFPgvl3idQZhUqP0WEkGTW/0YkzZV4pdsm,0.096,1.5295809999999999,0.365154
184500,a1ae1/t4k9+hz7Co6GQMZFGR7+1LZjTFPgvl3idQZhUqP0WEkGTW/0YkzZV4pdsm,0.043837,1.346496,0.313139
184800,a1ae1/t4k9+hz7Co6GQMZFGR7+1LZjTFPgvl3idQZhUqP0WEkGTW/0YkzZV4pdsm,0.032501,1.392142,0.338841
185100,a1ae1/t4k9+hz7Co6GQMZFGR7+1LZjTFPgvl3idQZhUqP0WEkGTW/0YkzZV4pdsm,0.13239700000000001,1.318229,0.36516
185400,a1ae1/t4k9+hz7Co6GQMZFGR7+1LZjTFPgvl3idQZhUqP0WEkGTW/0YkzZV4pdsm,0.104547,1.139956,0.337146
185700,a1ae1/t4k9+hz7Co6GQMZFGR7+1LZjTFPgvl3idQZhUqP0WEkGTW/0YkzZV4pdsm,0.10811,1.742704,0.36328499999999997
186000,a1ae1/t4k9+hz7Co6GQMZFGR7+1LZjTFPgvl3idQZhUqP0WEkGTW/0YkzZV4pdsm,0.081912,1.175416,0.307312
186300,a1ae1/t4k9+hz7Co6GQMZFGR7+1LZjTFPgvl3idQZhUqP0WEkGTW/0YkzZV4pdsm,0.11701800000000001,1.4363920000000001,0.389447
186600,a1ae1/t4k9+hz7Co6GQMZFGR7+1LZjTFPgvl3idQZhUqP0WEkGTW/0YkzZV4pdsm,0.060427,0.761207,0.274333
186900,a1ae1/t4k9+hz7Co6GQMZFGR7+1LZjTFPgvl3idQZhUqP0WEkGTW/0YkzZV4pdsm,0.131618,16.025713,1.010592
187200,a1ae1/t4k9+hz7Co6GQMZFGR7+1LZjTFPgvl3idQZhUqP0WEkGTW/0YkzZV4pdsm,0.074185,1.608862,0.364166
187500,a1ae1/t4k9+hz7Co6GQMZFGR7+1LZjTFPgvl3idQZhUqP0WEkGTW/0YkzZV4pdsm,0.07975399999999999,2.088827,0.31884
187800,a1ae1/t4k9+hz7Co6GQMZFGR7+1LZjTFPgvl3idQZhUqP0WEkGTW/0YkzZV4pdsm,0.118406,1.388262,0.379733
188100,a1ae1/t4k9+hz7Co6GQMZFGR7+1LZjTFPgvl3idQZhUqP0WEkGTW/0YkzZV4pdsm,0.08988600000000001,1.259881,0.337859
188400,a1ae1/t4k9+hz7Co6GQMZFGR7+1LZjTFPgvl3idQZhUqP0WEkGTW/0YkzZV4pdsm,0.12583699999999998,1.176669,0.373689
188700,a1ae1/t4k9+hz7Co6GQMZFGR7+1LZjTFPgvl3idQZhUqP0WEkGTW/0YkzZV4pdsm,0.061301999999999995,0.8115319999999999,0.33458899999999997
189000,a1ae1/t4k9+hz7Co6GQMZFGR7+1LZjTFPgvl3idQZhUqP0WEkGTW/0YkzZV4pdsm,0.116745,0.9104209999999999,0.392585
189300,a1ae1/t4k9+hz7Co6GQMZFGR7+1LZjTFPgvl3idQZhUqP0WEkGTW/0YkzZV4pdsm,0.091922,0.841835,0.311236
189600,a1ae1/t4k9+hz7Co6GQMZFGR7+1LZjTFPgvl3idQZhUqP0WEkGTW/0YkzZV4pdsm,0.134446,1.154879,0.32676700000000003
189900,a1ae1/t4k9+hz7Co6GQMZFGR7+1LZjTFPgvl3idQZhUqP0WEkGTW/0YkzZV4pdsm,0.093098,1.0320049999999998,0.30942800000000004
190200,a1ae1/t4k9+hz7Co6GQMZFGR7+1LZjTFPgvl3idQZhUqP0WEkGTW/0YkzZV4pdsm,0.082852,1.050771,0.331271
190500,a1ae1/t4k9+hz7Co6GQMZFGR7+1LZjTFPgvl3idQZhUqP0WEkGTW/0YkzZV4pdsm,0.11801099999999999,11.789663000000001,0.9941270000000001
190800,a1ae1/t4k9+hz7Co6GQMZFGR7+1LZjTFPgvl3idQZhUqP0WEkGTW/0YkzZV4pdsm,0.089547,1.0026469999999998,0.369077
191100,a1ae1/t4k9+hz7Co6GQMZFGR7+1LZjTFPgvl3idQZhUqP0WEkGTW/0YkzZV4pdsm,0.11693800000000001,1.139425,0.353991
191400,a1ae1/t4k9+hz7Co6GQMZFGR7+1LZjTFPgvl3idQZhUqP0WEkGTW/0YkzZV4pdsm,0.041264,0.849764,0.303937
191700,a1ae1/t4k9+hz7Co6GQMZFGR7+1LZjTFPgvl3idQZhUqP0WEkGTW/0YkzZV4pdsm,0.113923,0.9974299999999999,0.373033
192000,a1ae1/t4k9+hz7Co6GQMZFGR7+1LZjTFPgvl3idQZhUqP0WEkGTW/0YkzZV4pdsm,0.08578,0.9667290000000001,0.324162
192300,a1ae1/t4k9+hz7Co6GQMZFGR7+1LZjTFPgvl3idQZhUqP0WEkGTW/0YkzZV4pdsm,0.11804500000000001,1.007039,0.365636
192600,a1ae1/t4k9+hz7Co6GQMZFGR7+1LZjTFPgvl3idQZhUqP0WEkGTW/0YkzZV4pdsm,0.062338,0.972786,0.314307
192900,a1ae1/t4k9+hz7Co6GQMZFGR7+1LZjTFPgvl3idQZhUqP0WEkGTW/0YkzZV4pdsm,0.042102,0.9930379999999999,0.345254
193200,a1ae1/t4k9+hz7Co6GQMZFGR7+1LZjTFPgvl3idQZhUqP0WEkGTW/0YkzZV4pdsm,0.11130899999999999,1.073648,0.341711
193500,a1ae1/t4k9+hz7Co6GQMZFGR7+1LZjTFPgvl3idQZhUqP0WEkGTW/0YkzZV4pdsm,0.102322,1.195851,0.379587
193800,a1ae1/t4k9+hz7Co6GQMZFGR7+1LZjTFPgvl3idQZhUqP0WEkGTW/0YkzZV4pdsm,0.101971,1.3068629999999999,0.38002600000000003
194100,a1ae1/t4k9+hz7Co6GQMZFGR7+1LZjTFPgvl3idQZhUqP0WEkGTW/0YkzZV4pdsm,0.071038,6.680130999999999,0.46121999999999996
194400,a1ae1/t4k9+hz7Co6GQMZFGR7+1LZjTFPgvl3idQZhUqP0WEkGTW/0YkzZV4pdsm,0.10486199999999998,0.915218,0.39942
194700,a1ae1/t4k9+hz7Co6GQMZFGR7+1LZjTFPgvl3idQZhUqP0WEkGTW/0YkzZV4pdsm,0.038373000000000004,1.164112,0.338068
195000,a1ae1/t4k9+hz7Co6GQMZFGR7+1LZjTFPgvl3idQZhUqP0WEkGTW/0YkzZV4pdsm,0.12515,1.466208,0.351159
195300,a1ae1/t4k9+hz7Co6GQMZFGR7+1LZjTFPgvl3idQZhUqP0WEkGTW/0YkzZV4pdsm,0.040391,0.9828040000000001,0.373731
195600,a1ae1/t4k9+hz7Co6GQMZFGR7+1LZjTFPgvl3idQZhUqP0WEkGTW/0YkzZV4pdsm,0.10587,1.009707,0.37366
195900,a1ae1/t4k9+hz7Co6GQMZFGR7+1LZjTFPgvl3idQZhUqP0WEkGTW/0YkzZV4pdsm,0.09526,5.046453,0.468113
196200,a1ae1/t4k9+hz7Co6GQMZFGR7+1LZjTFPgvl3idQZhUqP0WEkGTW/0YkzZV4pdsm,0.10749,0.9283889999999999,0.34710799999999997
196500,a1ae1/t4k9+hz7Co6GQMZFGR7+1LZjTFPgvl3idQZhUqP0WEkGTW/0YkzZV4pdsm,0.109365,1.0173590000000001,0.35135500000000003
196800,a1ae1/t4k9+hz7Co6GQMZFGR7+1LZjTFPgvl3idQZhUqP0WEkGTW/0YkzZV4pdsm,0.038261,0.797912,0.306118
197100,a1ae1/t4k9+hz7Co6GQMZFGR7+1LZjTFPgvl3idQZhUqP0WEkGTW/0YkzZV4pdsm,0.12442,3.854971,0.5175529999999999
197400,a1ae1/t4k9+hz7Co6GQMZFGR7+1LZjTFPgvl3idQZhUqP0WEkGTW/0YkzZV4pdsm,0.09650299999999999,1.4123450000000002,0.384936
197700,a1ae1/t4k9+hz7Co6GQMZFGR7+1LZjTFPgvl3idQZhUqP0WEkGTW/0YkzZV4pdsm,0.11592100000000001,13.858882999999999,1.00001
198000,a1ae1/t4k9+hz7Co6GQMZFGR7+1LZjTFPgvl3idQZhUqP0WEkGTW/0YkzZV4pdsm,0.048588,1.0783049999999998,0.390583
198300,a1ae1/t4k9+hz7Co6GQMZFGR7+1LZjTFPgvl3idQZhUqP0WEkGTW/0YkzZV4pdsm,0.126801,0.903769,0.349511
198600,a1ae1/t4k9+hz7Co6GQMZFGR7+1LZjTFPgvl3idQZhUqP0WEkGTW/0YkzZV4pdsm,0.130882,0.882443,0.354548
198900,a1ae1/t4k9+hz7Co6GQMZFGR7+1LZjTFPgvl3idQZhUqP0WEkGTW/0YkzZV4pdsm,0.058837,0.901593,0.383319
199200,a1ae1/t4k9+hz7Co6GQMZFGR7+1LZjTFPgvl3idQZhUqP0WEkGTW/0YkzZV4pdsm,0.10706500000000001,1.159534,0.382425
199500,a1ae1/t4k9+hz7Co6GQMZFGR7+1LZjTFPgvl3idQZhUqP0WEkGTW/0YkzZV4pdsm,0.046277,0.9863790000000001,0.322448
199800,a1ae1/t4k9+hz7Co6GQMZFGR7+1LZjTFPgvl3idQZhUqP0WEkGTW/0YkzZV4pdsm,0.136595,0.957342,0.34688
200100,a1ae1/t4k9+hz7Co6GQMZFGR7+1LZjTFPgvl3idQZhUqP0WEkGTW/0YkzZV4pdsm,0.067939,1.061302,0.397588
200400,a1ae1/t4k9+hz7Co6GQMZFGR7+1LZjTFPgvl3idQZhUqP0WEkGTW/0YkzZV4pdsm,0.137211,1.005441,0.34786300000000003
200700,a1ae1/t4k9+hz7Co6GQMZFGR7+1LZjTFPgvl3idQZhUqP0WEkGTW/0YkzZV4pdsm,0.070132,1.276751,0.415551
201000,a1ae1/t4k9+hz7Co6GQMZFGR7+1LZjTFPgvl3idQZhUqP0WEkGTW/0YkzZV4pdsm,0.10930999999999999,1.16295,0.384461
201300,a1ae1/t4k9+hz7Co6GQMZFGR7+1LZjTFPgvl3idQZhUqP0WEkGTW/0YkzZV4pdsm,0.08228099999999999,13.531654000000001,1.102874
201600,a1ae1/t4k9+hz7Co6GQMZFGR7+1LZjTFPgvl3idQZhUqP0WEkGTW/0YkzZV4pdsm,0.053009,0.976405,0.399403
201900,a1ae1/t4k9+hz7Co6GQMZFGR7+1LZjTFPgvl3idQZhUqP0WEkGTW/0YkzZV4pdsm,0.118748,1.423604,0.356144
202200,a1ae1/t4k9+hz7Co6GQMZFGR7+1LZjTFPgvl3idQZhUqP0WEkGTW/0YkzZV4pdsm,0.07409199999999999,0.862899,0.32301199999999997
202500,a1ae1/t4k9+hz7Co6GQMZFGR7+1LZjTFPgvl3idQZhUqP0WEkGTW/0YkzZV4pdsm,0.12415699999999999,0.942734,0.378301
202800,a1ae1/t4k9+hz7Co6GQMZFGR7+1LZjTFPgvl3idQZhUqP0WEkGTW/0YkzZV4pdsm,0.058070000000000004,1.3585120000000002,0.37294499999999997
203100,a1ae1/t4k9+hz7Co6GQMZFGR7+1LZjTFPgvl3idQZhUqP0WEkGTW/0YkzZV4pdsm,0.083463,1.200849,0.35996100000000003
203400,a1ae1/t4k9+hz7Co6GQMZFGR7+1LZjTFPgvl3idQZhUqP0WEkGTW/0YkzZV4pdsm,0.10903099999999999,1.0650110000000002,0.357448
203700,a1ae1/t4k9+hz7Co6GQMZFGR7+1LZjTFPgvl3idQZhUqP0WEkGTW/0YkzZV4pdsm,0.127433,1.1455469999999999,0.40125
204000,a1ae1/t4k9+hz7Co6GQMZFGR7+1LZjTFPgvl3idQZhUqP0WEkGTW/0YkzZV4pdsm,0.108226,6.235367,0.612917
204300,a1ae1/t4k9+hz7Co6GQMZFGR7+1LZjTFPgvl3idQZhUqP0WEkGTW/0YkzZV4pdsm,0.106297,1.219941,0.41216899999999995
204600,a1ae1/t4k9+hz7Co6GQMZFGR7+1LZjTFPgvl3idQZhUqP0WEkGTW/0YkzZV4pdsm,0.109742,1.607908,0.391935
204900,a1ae1/t4k9+hz7Co6GQMZFGR7+1LZjTFPgvl3idQZhUqP0WEkGTW/0YkzZV4pdsm,0.054697,3.074698,0.410344
205200,a1ae1/t4k9+hz7Co6GQMZFGR7+1LZjTFPgvl3idQZhUqP0WEkGTW/0YkzZV4pdsm,0.111141,1.5536860000000001,0.37472
205500,a1ae1/t4k9+hz7Co6GQMZFGR7+1LZjTFPgvl3idQZhUqP0WEkGTW/0YkzZV4pdsm,0.016645,1.316122,0.379608
205800,a1ae1/t4k9+hz7Co6GQMZFGR7+1LZjTFPgvl3idQZhUqP0WEkGTW/0YkzZV4pdsm,0.108125,0.9221360000000001,0.35885100000000003
206100,a1ae1/t4k9+hz7Co6GQMZFGR7+1LZjTFPgvl3idQZhUqP0WEkGTW/0YkzZV4pdsm,0.051963999999999996,0.949011,0.35070999999999997
206400,a1ae1/t4k9+hz7Co6GQMZFGR7+1LZjTFPgvl3idQZhUqP0WEkGTW/0YkzZV4pdsm,0.090599,0.9917799999999999,0.3418
206700,a1ae1/t4k9+hz7Co6GQMZFGR7+1LZjTFPgvl3idQZhUqP0WEkGTW/0YkzZV4pdsm,0.107557,4.364507,0.444271
207000,a1ae1/t4k9+hz7Co6GQMZFGR7+1LZjTFPgvl3idQZhUqP0WEkGTW/0YkzZV4pdsm,0.045448,1.239695,0.352663
207300,a1ae1/t4k9+hz7Co6GQMZFGR7+1LZjTFPgvl3idQZhUqP0WEkGTW/0YkzZV4pdsm,0.087656,0.9271729999999999,0.404294
207600,a1ae1/t4k9+hz7Co6GQMZFGR7+1LZjTFPgvl3idQZhUqP0WEkGTW/0YkzZV4pdsm,0.063451,0.910776,0.347082
207900,a1ae1/t4k9+hz7Co6GQMZFGR7+1LZjTFPgvl3idQZhUqP0WEkGTW/0YkzZV4pdsm,0.089147,1.2355770000000001,0.361396
208200,a1ae1/t4k9+hz7Co6GQMZFGR7+1LZjTFPgvl3idQZhUqP0WEkGTW/0YkzZV4pdsm,0.098118,0.8624120000000001,0.33707800000000004
208500,a1ae1/t4k9+hz7Co6GQMZFGR7+1LZjTFPgvl3idQZhUqP0WEkGTW/0YkzZV4pdsm,0.12307799999999999,13.786675,1.0100200000000001
208800,a1ae1/t4k9+hz7Co6GQMZFGR7+1LZjTFPgvl3idQZhUqP0WEkGTW/0YkzZV4pdsm,0.044879,1.182041,0.378012
209100,a1ae1/t4k9+hz7Co6GQMZFGR7+1LZjTFPgvl3idQZhUqP0WEkGTW/0YkzZV4pdsm,0.098522,1.141199,0.369283
209400,a1ae1/t4k9+hz7Co6GQMZFGR7+1LZjTFPgvl3idQZhUqP0WEkGTW/0YkzZV4pdsm,0.071844,0.916573,0.359247
209700,a1ae1/t4k9+hz7Co6GQMZFGR7+1LZjTFPgvl3idQZhUqP0WEkGTW/0YkzZV4pdsm,0.076302,1.079236,0.350621
210000,a1ae1/t4k9+hz7Co6GQMZFGR7+1LZjTFPgvl3idQZhUqP0WEkGTW/0YkzZV4pdsm,0.14591500000000002,1.1176760000000001,0.332416
210300,a1ae1/t4k9+hz7Co6GQMZFGR7+1LZjTFPgvl3idQZhUqP0WEkGTW/0YkzZV4pdsm,0.068506,0.884116,0.37459499999999996
210600,a1ae1/t4k9+hz7Co6GQMZFGR7+1LZjTFPgvl3idQZhUqP0WEkGTW/0YkzZV4pdsm,0.127382,0.9593290000000001,0.361885
210900,a1ae1/t4k9+hz7Co6GQMZFGR7+1LZjTFPgvl3idQZhUqP0WEkGTW/0YkzZV4pdsm,0.05795,1.127721,0.378419
211200,a1ae1/t4k9+hz7Co6GQMZFGR7+1LZjTFPgvl3idQZhUqP0WEkGTW/0YkzZV4pdsm,0.11059200000000001,1.177265,0.37504299999999996
211500,a1ae1/t4k9+hz7Co6GQMZFGR7+1LZjTFPgvl3idQZhUqP0WEkGTW/0YkzZV4pdsm,0.070983,1.176053,0.31148899999999996
211800,a1ae1/t4k9+hz7Co6GQMZFGR7+1LZjTFPgvl3idQZhUqP0WEkGTW/0YkzZV4pdsm,0.151808,0.9657370000000001,0.39162399999999997
212100,a1ae1/t4k9+hz7Co6GQMZFGR7+1LZjTFPgvl3idQZhUqP0WEkGTW/0YkzZV4pdsm,0.085512,24.135273,1.104968
212400,a1ae1/t4k9+hz7Co6GQMZFGR7+1LZjTFPgvl3idQZhUqP0WEkGTW/0YkzZV4pdsm,0.12468699999999999,0.9847549999999999,0.390507
212700,a1ae1/t4k9+hz7Co6GQMZFGR7+1LZjTFPgvl3idQZhUqP0WEkGTW/0YkzZV4pdsm,0.10739100000000001,0.9567110000000001,0.373787
213000,a1ae1/t4k9+hz7Co6GQMZFGR7+1LZjTFPgvl3idQZhUqP0WEkGTW/0YkzZV4pdsm,0.088798,1.322131,0.334694
213300,a1ae1/t4k9+hz7Co6GQMZFGR7+1LZjTFPgvl3idQZhUqP0WEkGTW/0YkzZV4pdsm,0.11721500000000001,1.148465,0.390427
213600,a1ae1/t4k9+hz7Co6GQMZFGR7+1LZjTFPgvl3idQZhUqP0WEkGTW/0YkzZV4pdsm,0.067347,1.579418,0.33660100000000004
213900,a1ae1/t4k9+hz7Co6GQMZFGR7+1LZjTFPgvl3idQZhUqP0WEkGTW/0YkzZV4pdsm,0.10612100000000001,1.286879,0.37531
214200,a1ae1/t4k9+hz7Co6GQMZFGR7+1LZjTFPgvl3idQZhUqP0WEkGTW/0YkzZV4pdsm,0.081205,1.417286,0.380322
214500,a1ae1/t4k9+hz7Co6GQMZFGR7+1LZjTFPgvl3idQZhUqP0WEkGTW/0YkzZV4pdsm,0.12418599999999999,1.9017380000000002,0.395391
214800,a1ae1/t4k9+hz7Co6GQMZFGR7+1LZjTFPgvl3idQZhUqP0WEkGTW/0YkzZV4pdsm,0.12687,1.4060139999999999,0.411054
215100,a1ae1/t4k9+hz7Co6GQMZFGR7+1LZjTFPgvl3idQZhUqP0WEkGTW/0YkzZV4pdsm,0.113023,1.627725,0.380728
215400,a1ae1/t4k9+hz7Co6GQMZFGR7+1LZjTFPgvl3idQZhUqP0WEkGTW/0YkzZV4pdsm,0.105029,1.532719,0.392547
215700,a1ae1/t4k9+hz7Co6GQMZFGR7+1LZjTFPgvl3idQZhUqP0WEkGTW/0YkzZV4pdsm,0.12759700000000002,69.96675400000001,2.766555
216000,a1ae1/t4k9+hz7Co6GQMZFGR7+1LZjTFPgvl3idQZhUqP0WEkGTW/0YkzZV4pdsm,0.11336600000000001,1.398902,0.386922
216300,a1ae1/t4k9+hz7Co6GQMZFGR7+1LZjTFPgvl3idQZhUqP0WEkGTW/0YkzZV4pdsm,0.113202,1.598159,0.385332
216600,a1ae1/t4k9+hz7Co6GQMZFGR7+1LZjTFPgvl3idQZhUqP0WEkGTW/0YkzZV4pdsm,0.11080699999999999,1.229846,0.36281199999999997
216900,a1ae1/t4k9+hz7Co6GQMZFGR7+1LZjTFPgvl3idQZhUqP0WEkGTW/0YkzZV4pdsm,0.09347000000000001,0.920766,0.311429
217200,a1ae1/t4k9+hz7Co6GQMZFGR7+1LZjTFPgvl3idQZhUqP0WEkGTW/0YkzZV4pdsm,0.11081099999999999,1.521374,0.351716
217500,a1ae1/t4k9+hz7Co6GQMZFGR7+1LZjTFPgvl3idQZhUqP0WEkGTW/0YkzZV4pdsm,0.076351,1.415308,0.321949
217800,a1ae1/t4k9+hz7Co6GQMZFGR7+1LZjTFPgvl3idQZhUqP0WEkGTW/0YkzZV4pdsm,0.048849000000000004,1.3384459999999998,0.348592
218100,a1ae1/t4k9+hz7Co6GQMZFGR7+1LZjTFPgvl3idQZhUqP0WEkGTW/0YkzZV4pdsm,0.099107,1.7838759999999998,0.391202
218400,a1ae1/t4k9+hz7Co6GQMZFGR7+1LZjTFPgvl3idQZhUqP0WEkGTW/0YkzZV4pdsm,0.10890799999999999,1.5089629999999998,0.33920700000000004
218700,a1ae1/t4k9+hz7Co6GQMZFGR7+1LZjTFPgvl3idQZhUqP0WEkGTW/0YkzZV4pdsm,0.10404200000000001,3.351732,0.488886
219000,a1ae1/t4k9+hz7Co6GQMZFGR7+1LZjTFPgvl3idQZhUqP0WEkGTW/0YkzZV4pdsm,0.036456,1.230544,0.341362
219300,a1ae1/t4k9+hz7Co6GQMZFGR7+1LZjTFPgvl3idQZhUqP0WEkGTW/0YkzZV4pdsm,0.11944,12.722039,0.996993
219600,a1ae1/t4k9+hz7Co6GQMZFGR7+1LZjTFPgvl3idQZhUqP0WEkGTW/0YkzZV4pdsm,0.070656,1.130657,0.35579299999999997
219900,a1ae1/t4k9+hz7Co6GQMZFGR7+1LZjTFPgvl3idQZhUqP0WEkGTW/0YkzZV4pdsm,0.11439,1.130817,0.379752
220200,a1ae1/t4k9+hz7Co6GQMZFGR7+1LZjTFPgvl3idQZhUqP0WEkGTW/0YkzZV4pdsm,0.088014,0.804847,0.337821
220500,a1ae1/t4k9+hz7Co6GQMZFGR7+1LZjTFPgvl3idQZhUqP0WEkGTW/0YkzZV4pdsm,0.118867,1.054708,0.369895
220800,a1ae1/t4k9+hz7Co6GQMZFGR7+1LZjTFPgvl3idQZhUqP0WEkGTW/0YkzZV4pdsm,0.10881800000000001,1.328897,0.338198
221100,a1ae1/t4k9+hz7Co6GQMZFGR7+1LZjTFPgvl3idQZhUqP0WEkGTW/0YkzZV4pdsm,0.055376,0.879251,0.360768
221400,a1ae1/t4k9+hz7Co6GQMZFGR7+1LZjTFPgvl3idQZhUqP0WEkGTW/0YkzZV4pdsm,0.130417,0.8962760000000001,0.41017700000000007
221700,a1ae1/t4k9+hz7Co6GQMZFGR7+1LZjTFPgvl3idQZhUqP0WEkGTW/0YkzZV4pdsm,0.09260399999999999,1.118895,0.348005
222000,a1ae1/t4k9+hz7Co6GQMZFGR7+1LZjTFPgvl3idQZhUqP0WEkGTW/0YkzZV4pdsm,0.118322,1.0113370000000002,0.381731
222300,a1ae1/t4k9+hz7Co6GQMZFGR7+1LZjTFPgvl3idQZhUqP0WEkGTW/0YkzZV4pdsm,0.110698,1.031833,0.35101
222600,a1ae1/t4k9+hz7Co6GQMZFGR7+1LZjTFPgvl3idQZhUqP0WEkGTW/0YkzZV4pdsm,0.12317,0.9090219999999999,0.372071
222900,a1ae1/t4k9+hz7Co6GQMZFGR7+1LZjTFPgvl3idQZhUqP0WEkGTW/0YkzZV4pdsm,0.091305,19.356648999999997,1.009892
223200,a1ae1/t4k9+hz7Co6GQMZFGR7+1LZjTFPgvl3idQZhUqP0WEkGTW/0YkzZV4pdsm,0.104431,1.124195,0.37751
223500,a1ae1/t4k9+hz7Co6GQMZFGR7+1LZjTFPgvl3idQZhUqP0WEkGTW/0YkzZV4pdsm,0.131966,1.5388680000000001,0.376824
223800,a1ae1/t4k9+hz7Co6GQMZFGR7+1LZjTFPgvl3idQZhUqP0WEkGTW/0YkzZV4pdsm,0.103902,1.1098940000000002,0.31408400000000003
224100,a1ae1/t4k9+hz7Co6GQMZFGR7+1LZjTFPgvl3idQZhUqP0WEkGTW/0YkzZV4pdsm,0.11613299999999999,1.0907799999999999,0.402713
224400,a1ae1/t4k9+hz7Co6GQMZFGR7+1LZjTFPgvl3idQZhUqP0WEkGTW/0YkzZV4pdsm,0.10720199999999999,1.188484,0.343273
224700,a1ae1/t4k9+hz7Co6GQMZFGR7+1LZjTFPgvl3idQZhUqP0WEkGTW/0YkzZV4pdsm,0.130494,0.8795209999999999,0.369016
225000,a1ae1/t4k9+hz7Co6GQMZFGR7+1LZjTFPgvl3idQZhUqP0WEkGTW/0YkzZV4pdsm,0.10828499999999999,0.918135,0.382356
225300,a1ae1/t4k9+hz7Co6GQMZFGR7+1LZjTFPgvl3idQZhUqP0WEkGTW/0YkzZV4pdsm,0.10869300000000001,0.854883,0.37006300000000003
225600,a1ae1/t4k9+hz7Co6GQMZFGR7+1LZjTFPgvl3idQZhUqP0WEkGTW/0YkzZV4pdsm,0.059722000000000004,1.249778,0.352311
225900,a1ae1/t4k9+hz7Co6GQMZFGR7+1LZjTFPgvl3idQZhUqP0WEkGTW/0YkzZV4pdsm,0.070493,1.172276,0.362026
226200,a1ae1/t4k9+hz7Co6GQMZFGR7+1LZjTFPgvl3idQZhUqP0WEkGTW/0YkzZV4pdsm,0.096078,1.102417,0.346194
226500,a1ae1/t4k9+hz7Co6GQMZFGR7+1LZjTFPgvl3idQZhUqP0WEkGTW/0YkzZV4pdsm,0.099591,50.581961,2.558569
226800,a1ae1/t4k9+hz7Co6GQMZFGR7+1LZjTFPgvl3idQZhUqP0WEkGTW/0YkzZV4pdsm,0.11152000000000001,1.031334,0.377653
227100,a1ae1/t4k9+hz7Co6GQMZFGR7+1LZjTFPgvl3idQZhUqP0WEkGTW/0YkzZV4pdsm,0.12169100000000001,1.140203,0.33258699999999997
227400,a1ae1/t4k9+hz7Co6GQMZFGR7+1LZjTFPgvl3idQZhUqP0WEkGTW/0YkzZV4pdsm,0.12403800000000001,1.016742,0.325021
227700,a1ae1/t4k9+hz7Co6GQMZFGR7+1LZjTFPgvl3idQZhUqP0WEkGTW/0YkzZV4pdsm,0.11317200000000001,5.212411,0.572631
228000,a1ae1/t4k9+hz7Co6GQMZFGR7+1LZjTFPgvl3idQZhUqP0WEkGTW/0YkzZV4pdsm,0.130591,1.026217,0.34779899999999997
228300,a1ae1/t4k9+hz7Co6GQMZFGR7+1LZjTFPgvl3idQZhUqP0WEkGTW/0YkzZV4pdsm,0.084303,1.2299360000000001,0.367325
228600,a1ae1/t4k9+hz7Co6GQMZFGR7+1LZjTFPgvl3idQZhUqP0WEkGTW/0YkzZV4pdsm,0.07494400000000001,1.22326,0.38307199999999997
228900,a1ae1/t4k9+hz7Co6GQMZFGR7+1LZjTFPgvl3idQZhUqP0WEkGTW/0YkzZV4pdsm,0.10561,1.218284,0.360003
229200,a1ae1/t4k9+hz7Co6GQMZFGR7+1LZjTFPgvl3idQZhUqP0WEkGTW/0YkzZV4pdsm,0.043064,1.449398,0.372605
229500,a1ae1/t4k9+hz7Co6GQMZFGR7+1LZjTFPgvl3idQZhUqP0WEkGTW/0YkzZV4pdsm,0.11221800000000001,0.990431,0.372102
229800,a1ae1/t4k9+hz7Co6GQMZFGR7+1LZjTFPgvl3idQZhUqP0WEkGTW/0YkzZV4pdsm,0.06048099999999999,1.108574,0.326777
230100,a1ae1/t4k9+hz7Co6GQMZFGR7+1LZjTFPgvl3idQZhUqP0WEkGTW/0YkzZV4pdsm,0.117756,17.602373,0.9978020000000001
230400,a1ae1/t4k9+hz7Co6GQMZFGR7+1LZjTFPgvl3idQZhUqP0WEkGTW/0YkzZV4pdsm,0.10345399999999999,0.908775,0.355675
230700,a1ae1/t4k9+hz7Co6GQMZFGR7+1LZjTFPgvl3idQZhUqP0WEkGTW/0YkzZV4pdsm,0.13307,1.062411,0.357048
231000,a1ae1/t4k9+hz7Co6GQMZFGR7+1LZjTFPgvl3idQZhUqP0WEkGTW/0YkzZV4pdsm,0.084111,1.020999,0.312218
231300,a1ae1/t4k9+hz7Co6GQMZFGR7+1LZjTFPgvl3idQZhUqP0WEkGTW/0YkzZV4pdsm,0.08497,1.141626,0.38346199999999997
231600,a1ae1/t4k9+hz7Co6GQMZFGR7+1LZjTFPgvl3idQZhUqP0WEkGTW/0YkzZV4pdsm,0.11573399999999999,1.2898120000000002,0.36178699999999997
231900,a1ae1/t4k9+hz7Co6GQMZFGR7+1LZjTFPgvl3idQZhUqP0WEkGTW/0YkzZV4pdsm,0.028201999999999998,1.124239,0.342115
232200,a1ae1/t4k9+hz7Co6GQMZFGR7+1LZjTFPgvl3idQZhUqP0WEkGTW/0YkzZV4pdsm,0.120476,1.313048,0.393579
232500,a1ae1/t4k9+hz7Co6GQMZFGR7+1LZjTFPgvl3idQZhUqP0WEkGTW/0YkzZV4pdsm,0.0926,1.219266,0.360173
232800,a1ae1/t4k9+hz7Co6GQMZFGR7+1LZjTFPgvl3idQZhUqP0WEkGTW/0YkzZV4pdsm,0.12842,0.951925,0.36620199999999997
233100,a1ae1/t4k9+hz7Co6GQMZFGR7+1LZjTFPgvl3idQZhUqP0WEkGTW/0YkzZV4pdsm,0.09377100000000001,0.73061,0.360728
233400,a1ae1/t4k9+hz7Co6GQMZFGR7+1LZjTFPgvl3idQZhUqP0WEkGTW/0YkzZV4pdsm,0.125346,1.298716,0.381477
233700,a1ae1/t4k9+hz7Co6GQMZFGR7+1LZjTFPgvl3idQZhUqP0WEkGTW/0YkzZV4pdsm,0.070065,14.010492999999999,0.96796
234000,a1ae1/t4k9+hz7Co6GQMZFGR7+1LZjTFPgvl3idQZhUqP0WEkGTW/0YkzZV4pdsm,0.051821000000000006,0.8576450000000001,0.327216
234300,a1ae1/t4k9+hz7Co6GQMZFGR7+1LZjTFPgvl3idQZhUqP0WEkGTW/0YkzZV4pdsm,0.110676,1.192826,0.389841
234600,a1ae1/t4k9+hz7Co6GQMZFGR7+1LZjTFPgvl3idQZhUqP0WEkGTW/0YkzZV4pdsm,0.075428,1.077377,0.305156
234900,a1ae1/t4k9+hz7Co6GQMZFGR7+1LZjTFPgvl3idQZhUqP0WEkGTW/0YkzZV4pdsm,0.11403599999999998,0.885567,0.391662
235200,a1ae1/t4k9+hz7Co6GQMZFGR7+1LZjTFPgvl3idQZhUqP0WEkGTW/0YkzZV4pdsm,0.099076,0.8766579999999999,0.367812
235500,a1ae1/t4k9+hz7Co6GQMZFGR7+1LZjTFPgvl3idQZhUqP0WEkGTW/0YkzZV4pdsm,0.127635,0.951677,0.334843
235800,a1ae1/t4k9+hz7Co6GQMZFGR7+1LZjTFPgvl3idQZhUqP0WEkGTW/0YkzZV4pdsm,0.132393,11.045548,1.078115
236100,a1ae1/t4k9+hz7Co6GQMZFGR7+1LZjTFPgvl3idQZhUqP0WEkGTW/0YkzZV4pdsm,0.11453699999999999,1.431625,0.35908
236400,a1ae1/t4k9+hz7Co6GQMZFGR7+1LZjTFPgvl3idQZhUqP0WEkGTW/0YkzZV4pdsm,0.099938,0.9404399999999999,0.353873
236700,a1ae1/t4k9+hz7Co6GQMZFGR7+1LZjTFPgvl3idQZhUqP0WEkGTW/0YkzZV4pdsm,0.092587,1.112593,0.378502
237000,a1ae1/t4k9+hz7Co6GQMZFGR7+1LZjTFPgvl3idQZhUqP0WEkGTW/0YkzZV4pdsm,0.07076,1.103426,0.377319
237300,a1ae1/t4k9+hz7Co6GQMZFGR7+1LZjTFPgvl3idQZhUqP0WEkGTW/0YkzZV4pdsm,0.109358,80.728065,2.8023759999999998
237600,a1ae1/t4k9+hz7Co6GQMZFGR7+1LZjTFPgvl3idQZhUqP0WEkGTW/0YkzZV4pdsm,0.10545,1.330203,0.35391
237900,a1ae1/t4k9+hz7Co6GQMZFGR7+1LZjTFPgvl3idQZhUqP0WEkGTW/0YkzZV4pdsm,0.087562,1.035424,0.39421
238200,a1ae1/t4k9+hz7Co6GQMZFGR7+1LZjTFPgvl3idQZhUqP0WEkGTW/0YkzZV4pdsm,0.095791,0.907819,0.349177
238500,a1ae1/t4k9+hz7Co6GQMZFGR7+1LZjTFPgvl3idQZhUqP0WEkGTW/0YkzZV4pdsm,0.088298,1.108309,0.406787
238800,a1ae1/t4k9+hz7Co6GQMZFGR7+1LZjTFPgvl3idQZhUqP0WEkGTW/0YkzZV4pdsm,0.104361,1.051758,0.37704899999999997
239100,a1ae1/t4k9+hz7Co6GQMZFGR7+1LZjTFPgvl3idQZhUqP0WEkGTW/0YkzZV4pdsm,0.09345,1.02136,0.34644
239400,a1ae1/t4k9+hz7Co6GQMZFGR7+1LZjTFPgvl3idQZhUqP0WEkGTW/0YkzZV4pdsm,0.090423,1.2059,0.395633
239700,a1ae1/t4k9+hz7Co6GQMZFGR7+1LZjTFPgvl3idQZhUqP0WEkGTW/0YkzZV4pdsm,0.096241,1.197794,0.379873
240000,a1ae1/t4k9+hz7Co6GQMZFGR7+1LZjTFPgvl3idQZhUqP0WEkGTW/0YkzZV4pdsm,0.046865,0.9549200000000001,0.355254
240300,a1ae1/t4k9+hz7Co6GQMZFGR7+1LZjTFPgvl3idQZhUqP0WEkGTW/0YkzZV4pdsm,0.108965,5.070587000000001,0.498309
240600,a1ae1/t4k9+hz7Co6GQMZFGR7+1LZjTFPgvl3idQZhUqP0WEkGTW/0YkzZV4pdsm,0.041325,1.056058,0.360156
240900,a1ae1/t4k9+hz7Co6GQMZFGR7+1LZjTFPgvl3idQZhUqP0WEkGTW/0YkzZV4pdsm,0.086372,38.101634000000004,2.405628
241200,a1ae1/t4k9+hz7Co6GQMZFGR7+1LZjTFPgvl3idQZhUqP0WEkGTW/0YkzZV4pdsm,0.076447,1.045016,0.33150300000000005
241500,a1ae1/t4k9+hz7Co6GQMZFGR7+1LZjTFPgvl3idQZhUqP0WEkGTW/0YkzZV4pdsm,0.12238800000000001,1.034918,0.378306
241800,a1ae1/t4k9+hz7Co6GQMZFGR7+1LZjTFPgvl3idQZhUqP0WEkGTW/0YkzZV4pdsm,0.084302,0.933508,0.301505
242100,a1ae1/t4k9+hz7Co6GQMZFGR7+1LZjTFPgvl3idQZhUqP0WEkGTW/0YkzZV4pdsm,0.121,1.225587,0.399921
242400,a1ae1/t4k9+hz7Co6GQMZFGR7+1LZjTFPgvl3idQZhUqP0WEkGTW/0YkzZV4pdsm,0.09222799999999999,1.4951809999999999,0.384069
242700,a1ae1/t4k9+hz7Co6GQMZFGR7+1LZjTFPgvl3idQZhUqP0WEkGTW/0YkzZV4pdsm,0.069984,1.234253,0.346067
243000,a1ae1/t4k9+hz7Co6GQMZFGR7+1LZjTFPgvl3idQZhUqP0WEkGTW/0YkzZV4pdsm,0.112428,0.9890770000000001,0.40371399999999996
243300,a1ae1/t4k9+hz7Co6GQMZFGR7+1LZjTFPgvl3idQZhUqP0WEkGTW/0YkzZV4pdsm,0.090508,1.107009,0.346179
243600,a1ae1/t4k9+hz7Co6GQMZFGR7+1LZjTFPgvl3idQZhUqP0WEkGTW/0YkzZV4pdsm,0.10983299999999999,0.85413,0.356678
243900,a1ae1/t4k9+hz7Co6GQMZFGR7+1LZjTFPgvl3idQZhUqP0WEkGTW/0YkzZV4pdsm,0.108624,1.3142559999999999,0.397421
244200,a1ae1/t4k9+hz7Co6GQMZFGR7+1LZjTFPgvl3idQZhUqP0WEkGTW/0YkzZV4pdsm,0.11563699999999999,1.564457,0.35933200000000004
244500,a1ae1/t4k9+hz7Co6GQMZFGR7+1LZjTFPgvl3idQZhUqP0WEkGTW/0YkzZV4pdsm,0.11065,18.035567999999998,1.016501
244800,a1ae1/t4k9+hz7Co6GQMZFGR7+1LZjTFPgvl3idQZhUqP0WEkGTW/0YkzZV4pdsm,0.10980999999999999,1.2876290000000001,0.356929
245100,a1ae1/t4k9+hz7Co6GQMZFGR7+1LZjTFPgvl3idQZhUqP0WEkGTW/0YkzZV4pdsm,0.03582,1.378204,0.367774
245400,a1ae1/t4k9+hz7Co6GQMZFGR7+1LZjTFPgvl3idQZhUqP0WEkGTW/0YkzZV4pdsm,0.082464,1.366492,0.345441
245700,a1ae1/t4k9+hz7Co6GQMZFGR7+1LZjTFPgvl3idQZhUqP0WEkGTW/0YkzZV4pdsm,0.107635,1.670475,0.409653
246000,a1ae1/t4k9+hz7Co6GQMZFGR7+1LZjTFPgvl3idQZhUqP0WEkGTW/0YkzZV4pdsm,0.051051,1.835321,0.374722
246300,a1ae1/t4k9+hz7Co6GQMZFGR7+1LZjTFPgvl3idQZhUqP0WEkGTW/0YkzZV4pdsm,0.120978,1.400744,0.334258
246600,a1ae1/t4k9+hz7Co6GQMZFGR7+1LZjTFPgvl3idQZhUqP0WEkGTW/0YkzZV4pdsm,0.0496,1.351488,0.39402600000000004
246900,a1ae1/t4k9+hz7Co6GQMZFGR7+1LZjTFPgvl3idQZhUqP0WEkGTW/0YkzZV4pdsm,0.10346,1.448871,0.352077
247200,a1ae1/t4k9+hz7Co6GQMZFGR7+1LZjTFPgvl3idQZhUqP0WEkGTW/0YkzZV4pdsm,0.073746,1.2192459999999998,0.35714
247500,a1ae1/t4k9+hz7Co6GQMZFGR7+1LZjTFPgvl3idQZhUqP0WEkGTW/0YkzZV4pdsm,0.119572,1.1547,0.37699099999999997
247800,a1ae1/t4k9+hz7Co6GQMZFGR7+1LZjTFPgvl3idQZhUqP0WEkGTW/0YkzZV4pdsm,0.091709,1.209307,0.373611
248100,a1ae1/t4k9+hz7Co6GQMZFGR7+1LZjTFPgvl3idQZhUqP0WEkGTW/0YkzZV4pdsm,0.05418200000000001,5.746739,0.6757029999999999
248400,a1ae1/t4k9+hz7Co6GQMZFGR7+1LZjTFPgvl3idQZhUqP0WEkGTW/0YkzZV4pdsm,0.12270199999999999,6.292749,0.699974
248700,a1ae1/t4k9+hz7Co6GQMZFGR7+1LZjTFPgvl3idQZhUqP0WEkGTW/0YkzZV4pdsm,0.095372,1.392285,0.388353
249000,a1ae1/t4k9+hz7Co6GQMZFGR7+1LZjTFPgvl3idQZhUqP0WEkGTW/0YkzZV4pdsm,0.117176,1.095887,0.37344299999999997
249300,a1ae1/t4k9+hz7Co6GQMZFGR7+1LZjTFPgvl3idQZhUqP0WEkGTW/0YkzZV4pdsm,0.09371900000000001,1.193991,0.341527
249600,a1ae1/t4k9+hz7Co6GQMZFGR7+1LZjTFPgvl3idQZhUqP0WEkGTW/0YkzZV4pdsm,0.09317,1.363644,0.384998
249900,a1ae1/t4k9+hz7Co6GQMZFGR7+1LZjTFPgvl3idQZhUqP0WEkGTW/0YkzZV4pdsm,0.1381,1.363588,0.347037
250200,a1ae1/t4k9+hz7Co6GQMZFGR7+1LZjTFPgvl3idQZhUqP0WEkGTW/0YkzZV4pdsm,0.099093,0.9323610000000001,0.389271
250500,a1ae1/t4k9+hz7Co6GQMZFGR7+1LZjTFPgvl3idQZhUqP0WEkGTW/0YkzZV4pdsm,0.086537,0.899185,0.331917
250800,a1ae1/t4k9+hz7Co6GQMZFGR7+1LZjTFPgvl3idQZhUqP0WEkGTW/0YkzZV4pdsm,0.030060000000000003,0.810503,0.322843
251100,a1ae1/t4k9+hz7Co6GQMZFGR7+1LZjTFPgvl3idQZhUqP0WEkGTW/0YkzZV4pdsm,0.086088,1.073969,0.373214
251400,a1ae1/t4k9+hz7Co6GQMZFGR7+1LZjTFPgvl3idQZhUqP0WEkGTW/0YkzZV4pdsm,0.100132,3.150624,0.516103
251700,a1ae1/t4k9+hz7Co6GQMZFGR7+1LZjTFPgvl3idQZhUqP0WEkGTW/0YkzZV4pdsm,0.120958,1.079874,0.367991
252000,a1ae1/t4k9+hz7Co6GQMZFGR7+1LZjTFPgvl3idQZhUqP0WEkGTW/0YkzZV4pdsm,0.090015,14.322591000000001,0.960483
252300,a1ae1/t4k9+hz7Co6GQMZFGR7+1LZjTFPgvl3idQZhUqP0WEkGTW/0YkzZV4pdsm,0.151152,0.9171090000000001,0.382346
252600,a1ae1/t4k9+hz7Co6GQMZFGR7+1LZjTFPgvl3idQZhUqP0WEkGTW/0YkzZV4pdsm,0.079532,0.8866350000000001,0.348113
252900,a1ae1/t4k9+hz7Co6GQMZFGR7+1LZjTFPgvl3idQZhUqP0WEkGTW/0YkzZV4pdsm,0.10975599999999999,1.066232,0.35920799999999997
253200,a1ae1/t4k9+hz7Co6GQMZFGR7+1LZjTFPgvl3idQZhUqP0WEkGTW/0YkzZV4pdsm,0.084619,1.024412,0.379639
253500,a1ae1/t4k9+hz7Co6GQMZFGR7+1LZjTFPgvl3idQZhUqP0WEkGTW/0YkzZV4pdsm,0.06001,1.159229,0.348979
253800,a1ae1/t4k9+hz7Co6GQMZFGR7+1LZjTFPgvl3idQZhUqP0WEkGTW/0YkzZV4pdsm,0.11220699999999999,0.940098,0.375394
254100,a1ae1/t4k9+hz7Co6GQMZFGR7+1LZjTFPgvl3idQZhUqP0WEkGTW/0YkzZV4pdsm,0.037937,1.187581,0.33926999999999996
254400,a1ae1/t4k9+hz7Co6GQMZFGR7+1LZjTFPgvl3idQZhUqP0WEkGTW/0YkzZV4pdsm,0.11134200000000001,1.315772,0.359556
254700,a1ae1/t4k9+hz7Co6GQMZFGR7+1LZjTFPgvl3idQZhUqP0WEkGTW/0YkzZV4pdsm,0.062825,1.102686,0.38548899999999997
255000,a1ae1/t4k9+hz7Co6GQMZFGR7+1LZjTFPgvl3idQZhUqP0WEkGTW/0YkzZV4pdsm,0.10096000000000001,0.832676,0.33675
255300,a1ae1/t4k9+hz7Co6GQMZFGR7+1LZjTFPgvl3idQZhUqP0WEkGTW/0YkzZV4pdsm,0.064665,1.23359,0.366606
255600,a1ae1/t4k9+hz7Co6GQMZFGR7+1LZjTFPgvl3idQZhUqP0WEkGTW/0YkzZV4pdsm,0.098862,12.574886,1.007749
255900,a1ae1/t4k9+hz7Co6GQMZFGR7+1LZjTFPgvl3idQZhUqP0WEkGTW/0YkzZV4pdsm,0.108036,1.098942,0.379786
256200,a1ae1/t4k9+hz7Co6GQMZFGR7+1LZjTFPgvl3idQZhUqP0WEkGTW/0YkzZV4pdsm,0.090916,1.041677,0.373676
256500,a1ae1/t4k9+hz7Co6GQMZFGR7+1LZjTFPgvl3idQZhUqP0WEkGTW/0YkzZV4pdsm,0.107375,0.9291450000000001,0.366071
256800,a1ae1/t4k9+hz7Co6GQMZFGR7+1LZjTFPgvl3idQZhUqP0WEkGTW/0YkzZV4pdsm,0.027233999999999998,1.28558,0.37662399999999996
257100,a1ae1/t4k9+hz7Co6GQMZFGR7+1LZjTFPgvl3idQZhUqP0WEkGTW/0YkzZV4pdsm,0.10874400000000001,1.402966,0.343248
257400,a1ae1/t4k9+hz7Co6GQMZFGR7+1LZjTFPgvl3idQZhUqP0WEkGTW/0YkzZV4pdsm,0.032682,1.0149700000000001,0.32458899999999996
257700,a1ae1/t4k9+hz7Co6GQMZFGR7+1LZjTFPgvl3idQZhUqP0WEkGTW/0YkzZV4pdsm,0.09086799999999999,1.149712,0.366343
258000,a1ae1/t4k9+hz7Co6GQMZFGR7+1LZjTFPgvl3idQZhUqP0WEkGTW/0YkzZV4pdsm,0.044612,0.997231,0.336839
258300,a1ae1/t4k9+hz7Co6GQMZFGR7+1LZjTFPgvl3idQZhUqP0WEkGTW/0YkzZV4pdsm,0.12339100000000001,1.3156290000000002,0.37438699999999997
258600,a1ae1/t4k9+hz7Co6GQMZFGR7+1LZjTFPgvl3idQZhUqP0WEkGTW/0YkzZV4pdsm,0.082594,3.02943,0.428069
258900,a1ae1/t4k9+hz7Co6GQMZFGR7+1LZjTFPgvl3idQZhUqP0WEkGTW/0YkzZV4pdsm,0.080381,0.9856090000000001,0.388918
259200,a1ae1/t4k9+hz7Co6GQMZFGR7+1LZjTFPgvl3idQZhUqP0WEkGTW/0YkzZV4pdsm,0.038863,13.481860999999999,0.9493290000000001
259500,a1ae1/t4k9+hz7Co6GQMZFGR7+1LZjTFPgvl3idQZhUqP0WEkGTW/0YkzZV4pdsm,0.059216,1.514633,0.361802
259800,a1ae1/t4k9+hz7Co6GQMZFGR7+1LZjTFPgvl3idQZhUqP0WEkGTW/0YkzZV4pdsm,0.11434200000000001,1.282414,0.375318
260100,a1ae1/t4k9+hz7Co6GQMZFGR7+1LZjTFPgvl3idQZhUqP0WEkGTW/0YkzZV4pdsm,0.090061,1.225729,0.360475
260400,a1ae1/t4k9+hz7Co6GQMZFGR7+1LZjTFPgvl3idQZhUqP0WEkGTW/0YkzZV4pdsm,0.11355599999999999,0.970527,0.40002600000000005
260700,a1ae1/t4k9+hz7Co6GQMZFGR7+1LZjTFPgvl3idQZhUqP0WEkGTW/0YkzZV4pdsm,0.069526,1.5329700000000002,0.386766
261000,a1ae1/t4k9+hz7Co6GQMZFGR7+1LZjTFPgvl3idQZhUqP0WEkGTW/0YkzZV4pdsm,0.128693,0.973244,0.37335799999999997
261300,a1ae1/t4k9+hz7Co6GQMZFGR7+1LZjTFPgvl3idQZhUqP0WEkGTW/0YkzZV4pdsm,0.048954000000000004,1.147298,0.36251300000000003
261600,a1ae1/t4k9+hz7Co6GQMZFGR7+1LZjTFPgvl3idQZhUqP0WEkGTW/0YkzZV4pdsm,0.126155,0.840484,0.336147
261900,a1ae1/t4k9+hz7Co6GQMZFGR7+1LZjTFPgvl3idQZhUqP0WEkGTW/0YkzZV4pdsm,0.044632,3.5914230000000003,0.47446000000000005
262200,a1ae1/t4k9+hz7Co6GQMZFGR7+1LZjTFPgvl3idQZhUqP0WEkGTW/0YkzZV4pdsm,0.076685,1.189444,0.337713
262500,a1ae1/t4k9+hz7Co6GQMZFGR7+1LZjTFPgvl3idQZhUqP0WEkGTW/0YkzZV4pdsm,0.128132,1.011843,0.376398
262800,a1ae1/t4k9+hz7Co6GQMZFGR7+1LZjTFPgvl3idQZhUqP0WEkGTW/0YkzZV4pdsm,0.035315,15.884014,1.034967
263100,a1ae1/t4k9+hz7Co6GQMZFGR7+1LZjTFPgvl3idQZhUqP0WEkGTW/0YkzZV4pdsm,0.074972,1.16713,0.364003
263400,a1ae1/t4k9+hz7Co6GQMZFGR7+1LZjTFPgvl3idQZhUqP0WEkGTW/0YkzZV4pdsm,0.097969,0.851252,0.357835
263700,a1ae1/t4k9+hz7Co6GQMZFGR7+1LZjTFPgvl3idQZhUqP0WEkGTW/0YkzZV4pdsm,0.11769600000000001,1.013606,0.36592199999999997
264000,a1ae1/t4k9+hz7Co6GQMZFGR7+1LZjTFPgvl3idQZhUqP0WEkGTW/0YkzZV4pdsm,0.008685,1.069037,0.344501
264300,a1ae1/t4k9+hz7Co6GQMZFGR7+1LZjTFPgvl3idQZhUqP0WEkGTW/0YkzZV4pdsm,0.115077,0.8590629999999999,0.364634
264600,a1ae1/t4k9+hz7Co6GQMZFGR7+1LZjTFPgvl3idQZhUqP0WEkGTW/0YkzZV4pdsm,0.032322000000000004,0.903769,0.34852
264900,a1ae1/t4k9+hz7Co6GQMZFGR7+1LZjTFPgvl3idQZhUqP0WEkGTW/0YkzZV4pdsm,0.029429000000000004,1.281397,0.321023
265200,a1ae1/t4k9+hz7Co6GQMZFGR7+1LZjTFPgvl3idQZhUqP0WEkGTW/0YkzZV4pdsm,0.11573800000000001,0.872408,0.331063
265500,a1ae1/t4k9+hz7Co6GQMZFGR7+1LZjTFPgvl3idQZhUqP0WEkGTW/0YkzZV4pdsm,0.015729,1.0087840000000001,0.376345
265800,a1ae1/t4k9+hz7Co6GQMZFGR7+1LZjTFPgvl3idQZhUqP0WEkGTW/0YkzZV4pdsm,0.09578400000000001,1.044813,0.350939
266100,a1ae1/t4k9+hz7Co6GQMZFGR7+1LZjTFPgvl3idQZhUqP0WEkGTW/0YkzZV4pdsm,0.041613,0.729457,0.344321
266400,a1ae1/t4k9+hz7Co6GQMZFGR7+1LZjTFPgvl3idQZhUqP0WEkGTW/0YkzZV4pdsm,0.133716,12.004674000000001,1.04187
266700,a1ae1/t4k9+hz7Co6GQMZFGR7+1LZjTFPgvl3idQZhUqP0WEkGTW/0YkzZV4pdsm,0.018123,0.9465520000000001,0.316198
267000,a1ae1/t4k9+hz7Co6GQMZFGR7+1LZjTFPgvl3idQZhUqP0WEkGTW/0YkzZV4pdsm,0.116824,0.865497,0.385949
267300,a1ae1/t4k9+hz7Co6GQMZFGR7+1LZjTFPgvl3idQZhUqP0WEkGTW/0YkzZV4pdsm,0.052377999999999994,1.182181,0.35726399999999997
267600,a1ae1/t4k9+hz7Co6GQMZFGR7+1LZjTFPgvl3idQZhUqP0WEkGTW/0YkzZV4pdsm,0.020654,1.11788,0.352385
267900,a1ae1/t4k9+hz7Co6GQMZFGR7+1LZjTFPgvl3idQZhUqP0WEkGTW/0YkzZV4pdsm,0.102729,0.873692,0.350109
268200,a1ae1/t4k9+hz7Co6GQMZFGR7+1LZjTFPgvl3idQZhUqP0WEkGTW/0YkzZV4pdsm,0.019972,1.458861,0.344827
268500,a1ae1/t4k9+hz7Co6GQMZFGR7+1LZjTFPgvl3idQZhUqP0WEkGTW/0YkzZV4pdsm,0.07013899999999999,1.2337049999999998,0.370029
268800,a1ae1/t4k9+hz7Co6GQMZFGR7+1LZjTFPgvl3idQZhUqP0WEkGTW/0YkzZV4pdsm,0.017234,0.971403,0.301319
269100,a1ae1/t4k9+hz7Co6GQMZFGR7+1LZjTFPgvl3idQZhUqP0WEkGTW/0YkzZV4pdsm,0.08582200000000001,1.360589,0.397555
269400,a1ae1/t4k9+hz7Co6GQMZFGR7+1LZjTFPgvl3idQZhUqP0WEkGTW/0YkzZV4pdsm,0.073785,0.939945,0.268327
269700,a1ae1/t4k9+hz7Co6GQMZFGR7+1LZjTFPgvl3idQZhUqP0WEkGTW/0YkzZV4pdsm,0.100125,1.416307,0.398543
270000,a1ae1/t4k9+hz7Co6GQMZFGR7+1LZjTFPgvl3idQZhUqP0WEkGTW/0YkzZV4pdsm,0.06312100000000001,13.958004999999998,1.021814
270300,a1ae1/t4k9+hz7Co6GQMZFGR7+1LZjTFPgvl3idQZhUqP0WEkGTW/0YkzZV4pdsm,0.0571,1.206857,0.32151799999999997
270600,a1ae1/t4k9+hz7Co6GQMZFGR7+1LZjTFPgvl3idQZhUqP0WEkGTW/0YkzZV4pdsm,0.094591,1.099747,0.38956999999999997
270900,a1ae1/t4k9+hz7Co6GQMZFGR7+1LZjTFPgvl3idQZhUqP0WEkGTW/0YkzZV4pdsm,0.033916,0.9931469999999999,0.35017600000000004
271200,a1ae1/t4k9+hz7Co6GQMZFGR7+1LZjTFPgvl3idQZhUqP0WEkGTW/0YkzZV4pdsm,0.10378699999999999,1.112376,0.352146
271500,a1ae1/t4k9+hz7Co6GQMZFGR7+1LZjTFPgvl3idQZhUqP0WEkGTW/0YkzZV4pdsm,0.08404,0.8281209999999999,0.364298
271800,a1ae1/t4k9+hz7Co6GQMZFGR7+1LZjTFPgvl3idQZhUqP0WEkGTW/0YkzZV4pdsm,0.098058,1.067312,0.349044
272100,a1ae1/t4k9+hz7Co6GQMZFGR7+1LZjTFPgvl3idQZhUqP0WEkGTW/0YkzZV4pdsm,0.048833999999999995,1.223696,0.356533
272400,a1ae1/t4k9+hz7Co6GQMZFGR7+1LZjTFPgvl3idQZhUqP0WEkGTW/0YkzZV4pdsm,0.105931,1.4722790000000001,0.365363
272700,a1ae1/t4k9+hz7Co6GQMZFGR7+1LZjTFPgvl3idQZhUqP0WEkGTW/0YkzZV4pdsm,0.077309,1.53205,0.378416
273000,a1ae1/t4k9+hz7Co6GQMZFGR7+1LZjTFPgvl3idQZhUqP0WEkGTW/0YkzZV4pdsm,0.100215,1.53322,0.334959
273300,a1ae1/t4k9+hz7Co6GQMZFGR7+1LZjTFPgvl3idQZhUqP0WEkGTW/0YkzZV4pdsm,0.093299,1.535104,0.378245
273600,a1ae1/t4k9+hz7Co6GQMZFGR7+1LZjTFPgvl3idQZhUqP0WEkGTW/0YkzZV4pdsm,0.037456,13.702974,1.0336020000000001
273900,a1ae1/t4k9+hz7Co6GQMZFGR7+1LZjTFPgvl3idQZhUqP0WEkGTW/0YkzZV4pdsm,0.098143,1.348735,0.34518899999999997
274200,a1ae1/t4k9+hz7Co6GQMZFGR7+1LZjTFPgvl3idQZhUqP0WEkGTW/0YkzZV4pdsm,0.058119000000000004,1.108586,0.31319400000000003
274500,a1ae1/t4k9+hz7Co6GQMZFGR7+1LZjTFPgvl3idQZhUqP0WEkGTW/0YkzZV4pdsm,0.090554,1.316419,0.378754
274800,a1ae1/t4k9+hz7Co6GQMZFGR7+1LZjTFPgvl3idQZhUqP0WEkGTW/0YkzZV4pdsm,0.072872,1.293716,0.328318
275100,a1ae1/t4k9+hz7Co6GQMZFGR7+1LZjTFPgvl3idQZhUqP0WEkGTW/0YkzZV4pdsm,0.12601199999999999,1.122271,0.40511199999999997
275400,a1ae1/t4k9+hz7Co6GQMZFGR7+1LZjTFPgvl3idQZhUqP0WEkGTW/0YkzZV4pdsm,0.028954,0.984558,0.341586
275700,a1ae1/t4k9+hz7Co6GQMZFGR7+1LZjTFPgvl3idQZhUqP0WEkGTW/0YkzZV4pdsm,0.035355000000000004,1.26715,0.322542
276000,a1ae1/t4k9+hz7Co6GQMZFGR7+1LZjTFPgvl3idQZhUqP0WEkGTW/0YkzZV4pdsm,0.133249,0.993007,0.371348
276300,a1ae1/t4k9+hz7Co6GQMZFGR7+1LZjTFPgvl3idQZhUqP0WEkGTW/0YkzZV4pdsm,0.019013,1.081524,0.39934000000000003
276600,a1ae1/t4k9+hz7Co6GQMZFGR7+1LZjTFPgvl3idQZhUqP0WEkGTW/0YkzZV4pdsm,0.16573,1.02855,0.364718
276900,a1ae1/t4k9+hz7Co6GQMZFGR7+1LZjTFPgvl3idQZhUqP0WEkGTW/0YkzZV4pdsm,0.020914,0.8679899999999999,0.350139
277200,a1ae1/t4k9+hz7Co6GQMZFGR7+1LZjTFPgvl3idQZhUqP0WEkGTW/0YkzZV4pdsm,0.090829,13.425772,1.059468
277500,a1ae1/t4k9+hz7Co6GQMZFGR7+1LZjTFPgvl3idQZhUqP0WEkGTW/0YkzZV4pdsm,0.102745,1.135636,0.338674
277800,a1ae1/t4k9+hz7Co6GQMZFGR7+1LZjTFPgvl3idQZhUqP0WEkGTW/0YkzZV4pdsm,0.130991,1.0528819999999999,0.372471
278100,a1ae1/t4k9+hz7Co6GQMZFGR7+1LZjTFPgvl3idQZhUqP0WEkGTW/0YkzZV4pdsm,0.056507,1.1093520000000001,0.369653
278400,a1ae1/t4k9+hz7Co6GQMZFGR7+1LZjTFPgvl3idQZhUqP0WEkGTW/0YkzZV4pdsm,0.027638999999999997,0.983772,0.339841
278700,a1ae1/t4k9+hz7Co6GQMZFGR7+1LZjTFPgvl3idQZhUqP0WEkGTW/0YkzZV4pdsm,0.137492,0.72735,0.389936
279000,a1ae1/t4k9+hz7Co6GQMZFGR7+1LZjTFPgvl3idQZhUqP0WEkGTW/0YkzZV4pdsm,0.050086,0.8394860000000001,0.343132
279300,a1ae1/t4k9+hz7Co6GQMZFGR7+1LZjTFPgvl3idQZhUqP0WEkGTW/0YkzZV4pdsm,0.113693,0.981133,0.376121
279600,a1ae1/t4k9+hz7Co6GQMZFGR7+1LZjTFPgvl3idQZhUqP0WEkGTW/0YkzZV4pdsm,0.088283,0.749622,0.343275
279900,a1ae1/t4k9+hz7Co6GQMZFGR7+1LZjTFPgvl3idQZhUqP0WEkGTW/0YkzZV4pdsm,0.160406,0.93558,0.394571
280200,a1ae1/t4k9+hz7Co6GQMZFGR7+1LZjTFPgvl3idQZhUqP0WEkGTW/0YkzZV4pdsm,0.057229999999999996,1.1118540000000001,0.34089200000000003
280500,a1ae1/t4k9+hz7Co6GQMZFGR7+1LZjTFPgvl3idQZhUqP0WEkGTW/0YkzZV4pdsm,0.12234400000000001,1.024629,0.368551
280800,a1ae1/t4k9+hz7Co6GQMZFGR7+1LZjTFPgvl3idQZhUqP0WEkGTW/0YkzZV4pdsm,0.034157,11.506692,1.1273090000000001
281100,a1ae1/t4k9+hz7Co6GQMZFGR7+1LZjTFPgvl3idQZhUqP0WEkGTW/0YkzZV4pdsm,0.096373,4.92183,0.6775979999999999
281400,a1ae1/t4k9+hz7Co6GQMZFGR7+1LZjTFPgvl3idQZhUqP0WEkGTW/0YkzZV4pdsm,0.10136,1.013671,0.36098
281700,a1ae1/t4k9+hz7Co6GQMZFGR7+1LZjTFPgvl3idQZhUqP0WEkGTW/0YkzZV4pdsm,0.09211,1.067861,0.390925
282000,a1ae1/t4k9+hz7Co6GQMZFGR7+1LZjTFPgvl3idQZhUqP0WEkGTW/0YkzZV4pdsm,0.084868,1.3257450000000002,0.305571
282300,a1ae1/t4k9+hz7Co6GQMZFGR7+1LZjTFPgvl3idQZhUqP0WEkGTW/0YkzZV4pdsm,0.082376,1.2438209999999998,0.38742
282600,a1ae1/t4k9+hz7Co6GQMZFGR7+1LZjTFPgvl3idQZhUqP0WEkGTW/0YkzZV4pdsm,0.069701,0.8567790000000001,0.36899
282900,a1ae1/t4k9+hz7Co6GQMZFGR7+1LZjTFPgvl3idQZhUqP0WEkGTW/0YkzZV4pdsm,0.059431,1.350381,0.36994099999999996
283200,a1ae1/t4k9+hz7Co6GQMZFGR7+1LZjTFPgvl3idQZhUqP0WEkGTW/0YkzZV4pdsm,0.096342,1.2957610000000002,0.36749299999999996
283500,a1ae1/t4k9+hz7Co6GQMZFGR7+1LZjTFPgvl3idQZhUqP0WEkGTW/0YkzZV4pdsm,0.027199,3.320449,0.491108
283800,a1ae1/t4k9+hz7Co6GQMZFGR7+1LZjTFPgvl3idQZhUqP0WEkGTW/0YkzZV4pdsm,0.065443,1.411389,0.370415
284100,a1ae1/t4k9+hz7Co6GQMZFGR7+1LZjTFPgvl3idQZhUqP0WEkGTW/0YkzZV4pdsm,0.11084000000000001,1.24712,0.359094
284400,a1ae1/t4k9+hz7Co6GQMZFGR7+1LZjTFPgvl3idQZhUqP0WEkGTW/0YkzZV4pdsm,0.063939,14.007335000000001,1.060499
284700,a1ae1/t4k9+hz7Co6GQMZFGR7+1LZjTFPgvl3idQZhUqP0WEkGTW/0YkzZV4pdsm,0.11608800000000001,1.159549,0.355912
285000,a1ae1/t4k9+hz7Co6GQMZFGR7+1LZjTFPgvl3idQZhUqP0WEkGTW/0YkzZV4pdsm,0.057155,1.1106340000000001,0.406878
285300,a1ae1/t4k9+hz7Co6GQMZFGR7+1LZjTFPgvl3idQZhUqP0WEkGTW/0YkzZV4pdsm,0.107839,1.054594,0.38809899999999997
285600,a1ae1/t4k9+hz7Co6GQMZFGR7+1LZjTFPgvl3idQZhUqP0WEkGTW/0YkzZV4pdsm,0.06298200000000001,1.416049,0.333543
285900,a1ae1/t4k9+hz7Co6GQMZFGR7+1LZjTFPgvl3idQZhUqP0WEkGTW/0YkzZV4pdsm,0.08814,0.840706,0.39676999999999996
286200,a1ae1/t4k9+hz7Co6GQMZFGR7+1LZjTFPgvl3idQZhUqP0WEkGTW/0YkzZV4pdsm,0.107572,1.255262,0.378942
286500,a1ae1/t4k9+hz7Co6GQMZFGR7+1LZjTFPgvl3idQZhUqP0WEkGTW/0YkzZV4pdsm,0.028624,1.117905,0.36799
286800,a1ae1/t4k9+hz7Co6GQMZFGR7+1LZjTFPgvl3idQZhUqP0WEkGTW/0YkzZV4pdsm,0.09489700000000001,1.012964,0.372329
287100,a1ae1/t4k9+hz7Co6GQMZFGR7+1LZjTFPgvl3idQZhUqP0WEkGTW/0YkzZV4pdsm,0.041776,1.291147,0.372199
287400,a1ae1/t4k9+hz7Co6GQMZFGR7+1LZjTFPgvl3idQZhUqP0WEkGTW/0YkzZV4pdsm,0.089061,1.151736,0.36391799999999996
287700,a1ae1/t4k9+hz7Co6GQMZFGR7+1LZjTFPgvl3idQZhUqP0WEkGTW/0YkzZV4pdsm,0.05159400000000001,1.1203040000000002,0.377688
288000,a1ae1/t4k9+hz7Co6GQMZFGR7+1LZjTFPgvl3idQZhUqP0WEkGTW/0YkzZV4pdsm,0.125752,14.181704000000002,1.040301
288300,a1ae1/t4k9+hz7Co6GQMZFGR7+1LZjTFPgvl3idQZhUqP0WEkGTW/0YkzZV4pdsm,0.077915,1.280645,0.354734
288600,a1ae1/t4k9+hz7Co6GQMZFGR7+1LZjTFPgvl3idQZhUqP0WEkGTW/0YkzZV4pdsm,0.101688,0.888302,0.372866
288900,a1ae1/t4k9+hz7Co6GQMZFGR7+1LZjTFPgvl3idQZhUqP0WEkGTW/0YkzZV4pdsm,0.044204,1.06208,0.35949200000000003
289200,a1ae1/t4k9+hz7Co6GQMZFGR7+1LZjTFPgvl3idQZhUqP0WEkGTW/0YkzZV4pdsm,0.031560000000000005,0.973081,0.311176
289500,a1ae1/t4k9+hz7Co6GQMZFGR7+1LZjTFPgvl3idQZhUqP0WEkGTW/0YkzZV4pdsm,0.125172,1.255103,0.40572800000000003
289800,a1ae1/t4k9+hz7Co6GQMZFGR7+1LZjTFPgvl3idQZhUqP0WEkGTW/0YkzZV4pdsm,0.036794,0.9812780000000001,0.31599
290100,a1ae1/t4k9+hz7Co6GQMZFGR7+1LZjTFPgvl3idQZhUqP0WEkGTW/0YkzZV4pdsm,0.09237200000000001,0.956375,0.37047800000000003
290400,a1ae1/t4k9+hz7Co6GQMZFGR7+1LZjTFPgvl3idQZhUqP0WEkGTW/0YkzZV4pdsm,0.06312899999999999,1.03681,0.39090199999999997
290700,a1ae1/t4k9+hz7Co6GQMZFGR7+1LZjTFPgvl3idQZhUqP0WEkGTW/0YkzZV4pdsm,0.128157,1.040798,0.35841300000000004
291000,a1ae1/t4k9+hz7Co6GQMZFGR7+1LZjTFPgvl3idQZhUqP0WEkGTW/0YkzZV4pdsm,0.029207,1.467892,0.377131
291300,a1ae1/t4k9+hz7Co6GQMZFGR7+1LZjTFPgvl3idQZhUqP0WEkGTW/0YkzZV4pdsm,0.12288099999999999,0.888782,0.364523
291600,a1ae1/t4k9+hz7Co6GQMZFGR7+1LZjTFPgvl3idQZhUqP0WEkGTW/0YkzZV4pdsm,0.017797999999999998,10.180211,1.0372540000000001
291900,a1ae1/t4k9+hz7Co6GQMZFGR7+1LZjTFPgvl3idQZhUqP0WEkGTW/0YkzZV4pdsm,0.024286000000000002,1.354498,0.35822800000000005
292200,a1ae1/t4k9+hz7Co6GQMZFGR7+1LZjTFPgvl3idQZhUqP0WEkGTW/0YkzZV4pdsm,0.07952200000000001,1.191571,0.383146
292500,a1ae1/t4k9+hz7Co6GQMZFGR7+1LZjTFPgvl3idQZhUqP0WEkGTW/0YkzZV4pdsm,0.029046,1.1767379999999998,0.37469
292800,a1ae1/t4k9+hz7Co6GQMZFGR7+1LZjTFPgvl3idQZhUqP0WEkGTW/0YkzZV4pdsm,0.114103,0.8981180000000001,0.312548
293100,a1ae1/t4k9+hz7Co6GQMZFGR7+1LZjTFPgvl3idQZhUqP0WEkGTW/0YkzZV4pdsm,0.023661,1.327604,0.395999
293400,a1ae1/t4k9+hz7Co6GQMZFGR7+1LZjTFPgvl3idQZhUqP0WEkGTW/0YkzZV4pdsm,0.077801,1.143868,0.356199
293700,a1ae1/t4k9+hz7Co6GQMZFGR7+1LZjTFPgvl3idQZhUqP0WEkGTW/0YkzZV4pdsm,0.050161000000000004,1.131211,0.359194
294000,a1ae1/t4k9+hz7Co6GQMZFGR7+1LZjTFPgvl3idQZhUqP0WEkGTW/0YkzZV4pdsm,0.091991,0.9869209999999999,0.393391
294300,a1ae1/t4k9+hz7Co6GQMZFGR7+1LZjTFPgvl3idQZhUqP0WEkGTW/0YkzZV4pdsm,0.06640599999999999,1.230202,0.367834
294600,a1ae1/t4k9+hz7Co6GQMZFGR7+1LZjTFPgvl3idQZhUqP0WEkGTW/0YkzZV4pdsm,0.086097,0.9261219999999999,0.34371399999999996
294900,a1ae1/t4k9+hz7Co6GQMZFGR7+1LZjTFPgvl3idQZhUqP0WEkGTW/0YkzZV4pdsm,0.136795,0.8768530000000001,0.37609699999999996
295200,a1ae1/t4k9+hz7Co6GQMZFGR7+1LZjTFPgvl3idQZhUqP0WEkGTW/0YkzZV4pdsm,0.030833999999999997,12.550035000000001,0.994785
295500,a1ae1/t4k9+hz7Co6GQMZFGR7+1LZjTFPgvl3idQZhUqP0WEkGTW/0YkzZV4pdsm,0.113384,1.041809,0.35388200000000003
295800,a1ae1/t4k9+hz7Co6GQMZFGR7+1LZjTFPgvl3idQZhUqP0WEkGTW/0YkzZV4pdsm,0.072805,0.911694,0.36788899999999997
296100,a1ae1/t4k9+hz7Co6GQMZFGR7+1LZjTFPgvl3idQZhUqP0WEkGTW/0YkzZV4pdsm,0.11191,1.046805,0.378848
296400,a1ae1/t4k9+hz7Co6GQMZFGR7+1LZjTFPgvl3idQZhUqP0WEkGTW/0YkzZV4pdsm,0.100096,2.6013349999999997,0.398289
296700,a1ae1/t4k9+hz7Co6GQMZFGR7+1LZjTFPgvl3idQZhUqP0WEkGTW/0YkzZV4pdsm,0.122726,0.9176280000000001,0.40005
297000,a1ae1/t4k9+hz7Co6GQMZFGR7+1LZjTFPgvl3idQZhUqP0WEkGTW/0YkzZV4pdsm,0.055982000000000004,1.046664,0.33993
297300,a1ae1/t4k9+hz7Co6GQMZFGR7+1LZjTFPgvl3idQZhUqP0WEkGTW/0YkzZV4pdsm,0.027221,1.045636,0.369157
297600,a1ae1/t4k9+hz7Co6GQMZFGR7+1LZjTFPgvl3idQZhUqP0WEkGTW/0YkzZV4pdsm,0.09162100000000001,0.925693,0.401156
297900,a1ae1/t4k9+hz7Co6GQMZFGR7+1LZjTFPgvl3idQZhUqP0WEkGTW/0YkzZV4pdsm,0.05254400000000001,0.9872569999999999,0.35236
298200,a1ae1/t4k9+hz7Co6GQMZFGR7+1LZjTFPgvl3idQZhUqP0WEkGTW/0YkzZV4pdsm,0.1152,1.1635010000000001,0.362799
298500,a1ae1/t4k9+hz7Co6GQMZFGR7+1LZjTFPgvl3idQZhUqP0WEkGTW/0YkzZV4pdsm,0.056661,0.9374319999999999,0.362793
298800,a1ae1/t4k9+hz7Co6GQMZFGR7+1LZjTFPgvl3idQZhUqP0WEkGTW/0YkzZV4pdsm,0.082971,15.430191,1.030203
299100,a1ae1/t4k9+hz7Co6GQMZFGR7+1LZjTFPgvl3idQZhUqP0WEkGTW/0YkzZV4pdsm,0.083754,15.1232,1.3064639999999998
299400,a1ae1/t4k9+hz7Co6GQMZFGR7+1LZjTFPgvl3idQZhUqP0WEkGTW/0YkzZV4pdsm,0.103344,1.1770049999999999,0.367769
299700,a1ae1/t4k9+hz7Co6GQMZFGR7+1LZjTFPgvl3idQZhUqP0WEkGTW/0YkzZV4pdsm,0.071079,1.068106,0.375747
300000,a1ae1/t4k9+hz7Co6GQMZFGR7+1LZjTFPgvl3idQZhUqP0WEkGTW/0YkzZV4pdsm,0.045754,1.398185,0.307037
300300,a1ae1/t4k9+hz7Co6GQMZFGR7+1LZjTFPgvl3idQZhUqP0WEkGTW/0YkzZV4pdsm,0.12411300000000001,1.276931,0.40578600000000004
300600,a1ae1/t4k9+hz7Co6GQMZFGR7+1LZjTFPgvl3idQZhUqP0WEkGTW/0YkzZV4pdsm,0.091259,1.118105,0.379237
300900,a1ae1/t4k9+hz7Co6GQMZFGR7+1LZjTFPgvl3idQZhUqP0WEkGTW/0YkzZV4pdsm,0.097013,1.669872,0.37239099999999997
301200,a1ae1/t4k9+hz7Co6GQMZFGR7+1LZjTFPgvl3idQZhUqP0WEkGTW/0YkzZV4pdsm,0.05457000000000001,1.044133,0.394004
301500,a1ae1/t4k9+hz7Co6GQMZFGR7+1LZjTFPgvl3idQZhUqP0WEkGTW/0YkzZV4pdsm,0.126855,1.316107,0.365883
301800,a1ae1/t4k9+hz7Co6GQMZFGR7+1LZjTFPgvl3idQZhUqP0WEkGTW/0YkzZV4pdsm,0.07296799999999999,0.464542,0.267273
302100,a1ae1/t4k9+hz7Co6GQMZFGR7+1LZjTFPgvl3idQZhUqP0WEkGTW/0YkzZV4pdsm,0.11858599999999998,1.129826,0.385178
302400,a1ae1/t4k9+hz7Co6GQMZFGR7+1LZjTFPgvl3idQZhUqP0WEkGTW/0YkzZV4pdsm,0.10191900000000001,13.042346,1.011767
302700,a1ae1/t4k9+hz7Co6GQMZFGR7+1LZjTFPgvl3idQZhUqP0WEkGTW/0YkzZV4pdsm,0.086389,1.306791,0.35652
303000,a1ae1/t4k9+hz7Co6GQMZFGR7+1LZjTFPgvl3idQZhUqP0WEkGTW/0YkzZV4pdsm,0.111739,1.379472,0.319916
303300,a1ae1/t4k9+hz7Co6GQMZFGR7+1LZjTFPgvl3idQZhUqP0WEkGTW/0YkzZV4pdsm,0.091195,1.40509,0.36047399999999996
303600,a1ae1/t4k9+hz7Co6GQMZFGR7+1LZjTFPgvl3idQZhUqP0WEkGTW/0YkzZV4pdsm,0.102777,1.03088,0.33866599999999997
303900,a1ae1/t4k9+hz7Co6GQMZFGR7+1LZjTFPgvl3idQZhUqP0WEkGTW/0YkzZV4pdsm,0.073134,1.200261,0.36592399999999997
304200,a1ae1/t4k9+hz7Co6GQMZFGR7+1LZjTFPgvl3idQZhUqP0WEkGTW/0YkzZV4pdsm,0.09046799999999999,0.9247719999999999,0.366651
304500,a1ae1/t4k9+hz7Co6GQMZFGR7+1LZjTFPgvl3idQZhUqP0WEkGTW/0YkzZV4pdsm,0.11223499999999999,0.785094,0.300546
304800,a1ae1/t4k9+hz7Co6GQMZFGR7+1LZjTFPgvl3idQZhUqP0WEkGTW/0YkzZV4pdsm,0.113692,1.139034,0.396384
305100,a1ae1/t4k9+hz7Co6GQMZFGR7+1LZjTFPgvl3idQZhUqP0WEkGTW/0YkzZV4pdsm,0.032105,5.532908,0.44898699999999997
305400,a1ae1/t4k9+hz7Co6GQMZFGR7+1LZjTFPgvl3idQZhUqP0WEkGTW/0YkzZV4pdsm,0.10441099999999999,1.3567559999999999,0.339096
305700,a1ae1/t4k9+hz7Co6GQMZFGR7+1LZjTFPgvl3idQZhUqP0WEkGTW/0YkzZV4pdsm,0.050229,0.8549209999999999,0.33071500000000004
306000,a1ae1/t4k9+hz7Co6GQMZFGR7+1LZjTFPgvl3idQZhUqP0WEkGTW/0YkzZV4pdsm,0.05832999999999999,24.925387,0.975769
306300,a1ae1/t4k9+hz7Co6GQMZFGR7+1LZjTFPgvl3idQZhUqP0WEkGTW/0YkzZV4pdsm,0.103902,1.010421,0.355891
306600,a1ae1/t4k9+hz7Co6GQMZFGR7+1LZjTFPgvl3idQZhUqP0WEkGTW/0YkzZV4pdsm,0.099179,0.880663,0.316849
306900,a1ae1/t4k9+hz7Co6GQMZFGR7+1LZjTFPgvl3idQZhUqP0WEkGTW/0YkzZV4pdsm,0.12520699999999998,1.2751569999999999,0.403393
307200,a1ae1/t4k9+hz7Co6GQMZFGR7+1LZjTFPgvl3idQZhUqP0WEkGTW/0YkzZV4pdsm,0.08483099999999999,0.68075,0.286551
307500,a1ae1/t4k9+hz7Co6GQMZFGR7+1LZjTFPgvl3idQZhUqP0WEkGTW/0YkzZV4pdsm,0.133233,0.854109,0.387881
307800,a1ae1/t4k9+hz7Co6GQMZFGR7+1LZjTFPgvl3idQZhUqP0WEkGTW/0YkzZV4pdsm,0.07864,0.854884,0.33536
308100,a1ae1/t4k9+hz7Co6GQMZFGR7+1LZjTFPgvl3idQZhUqP0WEkGTW/0YkzZV4pdsm,0.09715599999999999,1.068984,0.325429
308400,a1ae1/t4k9+hz7Co6GQMZFGR7+1LZjTFPgvl3idQZhUqP0WEkGTW/0YkzZV4pdsm,0.099137,1.243307,0.394496
308700,a1ae1/t4k9+hz7Co6GQMZFGR7+1LZjTFPgvl3idQZhUqP0WEkGTW/0YkzZV4pdsm,0.067319,1.293683,0.34432199999999996
309000,a1ae1/t4k9+hz7Co6GQMZFGR7+1LZjTFPgvl3idQZhUqP0WEkGTW/0YkzZV4pdsm,0.12350599999999999,1.005603,0.34577600000000003
309300,a1ae1/t4k9+hz7Co6GQMZFGR7+1LZjTFPgvl3idQZhUqP0WEkGTW/0YkzZV4pdsm,0.088535,0.850483,0.325346
309600,a1ae1/t4k9+hz7Co6GQMZFGR7+1LZjTFPgvl3idQZhUqP0WEkGTW/0YkzZV4pdsm,0.104816,13.786449,1.033936
309900,a1ae1/t4k9+hz7Co6GQMZFGR7+1LZjTFPgvl3idQZhUqP0WEkGTW/0YkzZV4pdsm,0.064859,0.573304,0.282967
310200,a1ae1/t4k9+hz7Co6GQMZFGR7+1LZjTFPgvl3idQZhUqP0WEkGTW/0YkzZV4pdsm,0.089887,1.116671,0.339417
310500,a1ae1/t4k9+hz7Co6GQMZFGR7+1LZjTFPgvl3idQZhUqP0WEkGTW/0YkzZV4pdsm,0.093932,0.9661879999999999,0.370305
310800,a1ae1/t4k9+hz7Co6GQMZFGR7+1LZjTFPgvl3idQZhUqP0WEkGTW/0YkzZV4pdsm,0.10119299999999999,0.831283,0.32203699999999996
311100,a1ae1/t4k9+hz7Co6GQMZFGR7+1LZjTFPgvl3idQZhUqP0WEkGTW/0YkzZV4pdsm,0.071487,1.0695219999999999,0.347217
311400,a1ae1/t4k9+hz7Co6GQMZFGR7+1LZjTFPgvl3idQZhUqP0WEkGTW/0YkzZV4pdsm,0.096927,0.956025,0.360599
311700,a1ae1/t4k9+hz7Co6GQMZFGR7+1LZjTFPgvl3idQZhUqP0WEkGTW/0YkzZV4pdsm,0.09518099999999999,1.1471209999999998,0.327534
312000,a1ae1/t4k9+hz7Co6GQMZFGR7+1LZjTFPgvl3idQZhUqP0WEkGTW/0YkzZV4pdsm,0.080594,1.103942,0.333621
312300,a1ae1/t4k9+hz7Co6GQMZFGR7+1LZjTFPgvl3idQZhUqP0WEkGTW/0YkzZV4pdsm,0.101382,0.8579950000000001,0.358197
312600,a1ae1/t4k9+hz7Co6GQMZFGR7+1LZjTFPgvl3idQZhUqP0WEkGTW/0YkzZV4pdsm,0.084676,0.9556530000000001,0.30262100000000003
312900,a1ae1/t4k9+hz7Co6GQMZFGR7+1LZjTFPgvl3idQZhUqP0WEkGTW/0YkzZV4pdsm,0.08867,1.158547,0.366636
313200,a1ae1/t4k9+hz7Co6GQMZFGR7+1LZjTFPgvl3idQZhUqP0WEkGTW/0YkzZV4pdsm,0.062457000000000006,12.338165,0.981416
313500,a1ae1/t4k9+hz7Co6GQMZFGR7+1LZjTFPgvl3idQZhUqP0WEkGTW/0YkzZV4pdsm,0.10178200000000001,1.007174,0.350419
313800,a1ae1/t4k9+hz7Co6GQMZFGR7+1LZjTFPgvl3idQZhUqP0WEkGTW/0YkzZV4pdsm,0.08909500000000001,1.1768100000000001,0.283841
314100,a1ae1/t4k9+hz7Co6GQMZFGR7+1LZjTFPgvl3idQZhUqP0WEkGTW/0YkzZV4pdsm,0.040283,1.003607,0.368874
314400,a1ae1/t4k9+hz7Co6GQMZFGR7+1LZjTFPgvl3idQZhUqP0WEkGTW/0YkzZV4pdsm,0.092198,1.164491,0.322871
314700,a1ae1/t4k9+hz7Co6GQMZFGR7+1LZjTFPgvl3idQZhUqP0WEkGTW/0YkzZV4pdsm,0.101964,1.1280700000000001,0.354496
315000,a1ae1/t4k9+hz7Co6GQMZFGR7+1LZjTFPgvl3idQZhUqP0WEkGTW/0YkzZV4pdsm,0.080086,0.9978600000000001,0.397941
315300,a1ae1/t4k9+hz7Co6GQMZFGR7+1LZjTFPgvl3idQZhUqP0WEkGTW/0YkzZV4pdsm,0.06718500000000001,0.790679,0.279558
315600,a1ae1/t4k9+hz7Co6GQMZFGR7+1LZjTFPgvl3idQZhUqP0WEkGTW/0YkzZV4pdsm,0.11533099999999999,1.367902,0.389273
315900,a1ae1/t4k9+hz7Co6GQMZFGR7+1LZjTFPgvl3idQZhUqP0WEkGTW/0YkzZV4pdsm,0.024967,0.991123,0.336336
316200,a1ae1/t4k9+hz7Co6GQMZFGR7+1LZjTFPgvl3idQZhUqP0WEkGTW/0YkzZV4pdsm,0.102519,0.9182540000000001,0.353665
316500,a1ae1/t4k9+hz7Co6GQMZFGR7+1LZjTFPgvl3idQZhUqP0WEkGTW/0YkzZV4pdsm,0.056201,1.144743,0.325732
316800,a1ae1/t4k9+hz7Co6GQMZFGR7+1LZjTFPgvl3idQZhUqP0WEkGTW/0YkzZV4pdsm,0.08724,11.381914,0.990351
317100,a1ae1/t4k9+hz7Co6GQMZFGR7+1LZjTFPgvl3idQZhUqP0WEkGTW/0YkzZV4pdsm,0.08626900000000001,1.341343,0.370636
317400,a1ae1/t4k9+hz7Co6GQMZFGR7+1LZjTFPgvl3idQZhUqP0WEkGTW/0YkzZV4pdsm,0.050618,1.053284,0.324106
317700,a1ae1/t4k9+hz7Co6GQMZFGR7+1LZjTFPgvl3idQZhUqP0WEkGTW/0YkzZV4pdsm,0.115159,1.090049,0.392167
318000,a1ae1/t4k9+hz7Co6GQMZFGR7+1LZjTFPgvl3idQZhUqP0WEkGTW/0YkzZV4pdsm,0.06858099999999999,0.69616,0.282589
318300,a1ae1/t4k9+hz7Co6GQMZFGR7+1LZjTFPgvl3idQZhUqP0WEkGTW/0YkzZV4pdsm,0.12004300000000001,19.472061,1.890711
318600,a1ae1/t4k9+hz7Co6GQMZFGR7+1LZjTFPgvl3idQZhUqP0WEkGTW/0YkzZV4pdsm,0.11690299999999999,1.360751,0.34371399999999996
318900,a1ae1/t4k9+hz7Co6GQMZFGR7+1LZjTFPgvl3idQZhUqP0WEkGTW/0YkzZV4pdsm,0.076698,1.003436,0.33860500000000004
319200,a1ae1/t4k9+hz7Co6GQMZFGR7+1LZjTFPgvl3idQZhUqP0WEkGTW/0YkzZV4pdsm,0.104245,1.350507,0.365408
319500,a1ae1/t4k9+hz7Co6GQMZFGR7+1LZjTFPgvl3idQZhUqP0WEkGTW/0YkzZV4pdsm,0.044216000000000005,0.942575,0.360625
319800,a1ae1/t4k9+hz7Co6GQMZFGR7+1LZjTFPgvl3idQZhUqP0WEkGTW/0YkzZV4pdsm,0.08835499999999999,1.140058,0.348382
320100,a1ae1/t4k9+hz7Co6GQMZFGR7+1LZjTFPgvl3idQZhUqP0WEkGTW/0YkzZV4pdsm,0.029983999999999997,1.2271100000000001,0.379394
320400,a1ae1/t4k9+hz7Co6GQMZFGR7+1LZjTFPgvl3idQZhUqP0WEkGTW/0YkzZV4pdsm,0.094203,14.619809,1.004317
320700,a1ae1/t4k9+hz7Co6GQMZFGR7+1LZjTFPgvl3idQZhUqP0WEkGTW/0YkzZV4pdsm,0.106726,1.416567,0.375053
321000,a1ae1/t4k9+hz7Co6GQMZFGR7+1LZjTFPgvl3idQZhUqP0WEkGTW/0YkzZV4pdsm,0.10698599999999998,0.949514,0.35188
321300,a1ae1/t4k9+hz7Co6GQMZFGR7+1LZjTFPgvl3idQZhUqP0WEkGTW/0YkzZV4pdsm,0.054223,1.521439,0.398469
321600,a1ae1/t4k9+hz7Co6GQMZFGR7+1LZjTFPgvl3idQZhUqP0WEkGTW/0YkzZV4pdsm,0.11961300000000001,1.17139,0.36829
321900,a1ae1/t4k9+hz7Co6GQMZFGR7+1LZjTFPgvl3idQZhUqP0WEkGTW/0YkzZV4pdsm,0.057044000000000004,0.9508909999999999,0.351431
322200,a1ae1/t4k9+hz7Co6GQMZFGR7+1LZjTFPgvl3idQZhUqP0WEkGTW/0YkzZV4pdsm,0.064889,1.688784,0.400454
322500,a1ae1/t4k9+hz7Co6GQMZFGR7+1LZjTFPgvl3idQZhUqP0WEkGTW/0YkzZV4pdsm,0.1021,0.9370200000000001,0.33809
322800,a1ae1/t4k9+hz7Co6GQMZFGR7+1LZjTFPgvl3idQZhUqP0WEkGTW/0YkzZV4pdsm,0.08261399999999999,1.417721,0.38953499999999996
323100,a1ae1/t4k9+hz7Co6GQMZFGR7+1LZjTFPgvl3idQZhUqP0WEkGTW/0YkzZV4pdsm,0.106653,1.1487459999999998,0.373479
323400,a1ae1/t4k9+hz7Co6GQMZFGR7+1LZjTFPgvl3idQZhUqP0WEkGTW/0YkzZV4pdsm,0.037955,1.065509,0.354009
323700,a1ae1/t4k9+hz7Co6GQMZFGR7+1LZjTFPgvl3idQZhUqP0WEkGTW/0YkzZV4pdsm,0.116968,1.037194,0.376014
324000,a1ae1/t4k9+hz7Co6GQMZFGR7+1LZjTFPgvl3idQZhUqP0WEkGTW/0YkzZV4pdsm,0.052199,17.279743,0.98426
324300,a1ae1/t4k9+hz7Co6GQMZFGR7+1LZjTFPgvl3idQZhUqP0WEkGTW/0YkzZV4pdsm,0.084789,1.0824129999999998,0.373469
324600,a1ae1/t4k9+hz7Co6GQMZFGR7+1LZjTFPgvl3idQZhUqP0WEkGTW/0YkzZV4pdsm,0.09900700000000001,1.028008,0.342175
324900,a1ae1/t4k9+hz7Co6GQMZFGR7+1LZjTFPgvl3idQZhUqP0WEkGTW/0YkzZV4pdsm,0.10778499999999999,1.1536600000000001,0.394619
325200,a1ae1/t4k9+hz7Co6GQMZFGR7+1LZjTFPgvl3idQZhUqP0WEkGTW/0YkzZV4pdsm,0.080664,1.049515,0.362749
325500,a1ae1/t4k9+hz7Co6GQMZFGR7+1LZjTFPgvl3idQZhUqP0WEkGTW/0YkzZV4pdsm,0.067358,0.9493090000000001,0.345171
325800,a1ae1/t4k9+hz7Co6GQMZFGR7+1LZjTFPgvl3idQZhUqP0WEkGTW/0YkzZV4pdsm,0.114284,1.013319,0.38247600000000004
326100,a1ae1/t4k9+hz7Co6GQMZFGR7+1LZjTFPgvl3idQZhUqP0WEkGTW/0YkzZV4pdsm,0.06288200000000001,1.303434,0.31014400000000003
326400,a1ae1/t4k9+hz7Co6GQMZFGR7+1LZjTFPgvl3idQZhUqP0WEkGTW/0YkzZV4pdsm,0.12184400000000001,1.085891,0.39050100000000004
326700,a1ae1/t4k9+hz7Co6GQMZFGR7+1LZjTFPgvl3idQZhUqP0WEkGTW/0YkzZV4pdsm,0.09503099999999999,5.898746,0.456191
327000,a1ae1/t4k9+hz7Co6GQMZFGR7+1LZjTFPgvl3idQZhUqP0WEkGTW/0YkzZV4pdsm,0.120056,1.193677,0.347382
327300,a1ae1/t4k9+hz7Co6GQMZFGR7+1LZjTFPgvl3idQZhUqP0WEkGTW/0YkzZV4pdsm,0.09012300000000001,1.436268,0.377943
327600,a1ae1/t4k9+hz7Co6GQMZFGR7+1LZjTFPgvl3idQZhUqP0WEkGTW/0YkzZV4pdsm,0.062817,15.977398,0.9921139999999999
327900,a1ae1/t4k9+hz7Co6GQMZFGR7+1LZjTFPgvl3idQZhUqP0WEkGTW/0YkzZV4pdsm,0.090875,1.3033219999999999,0.370695
328200,a1ae1/t4k9+hz7Co6GQMZFGR7+1LZjTFPgvl3idQZhUqP0WEkGTW/0YkzZV4pdsm,0.06064,1.305742,0.36591999999999997
328500,a1ae1/t4k9+hz7Co6GQMZFGR7+1LZjTFPgvl3idQZhUqP0WEkGTW/0YkzZV4pdsm,0.117371,1.184784,0.39465700000000004
328800,a1ae1/t4k9+hz7Co6GQMZFGR7+1LZjTFPgvl3idQZhUqP0WEkGTW/0YkzZV4pdsm,0.075008,1.253639,0.363861
329100,a1ae1/t4k9+hz7Co6GQMZFGR7+1LZjTFPgvl3idQZhUqP0WEkGTW/0YkzZV4pdsm,0.090228,1.2569860000000002,0.361944
329400,a1ae1/t4k9+hz7Co6GQMZFGR7+1LZjTFPgvl3idQZhUqP0WEkGTW/0YkzZV4pdsm,0.096399,1.554586,0.390335
329700,a1ae1/t4k9+hz7Co6GQMZFGR7+1LZjTFPgvl3idQZhUqP0WEkGTW/0YkzZV4pdsm,0.090652,1.500421,0.344567
330000,a1ae1/t4k9+hz7Co6GQMZFGR7+1LZjTFPgvl3idQZhUqP0WEkGTW/0YkzZV4pdsm,0.06273300000000001,1.3061459999999998,0.378054
330300,a1ae1/t4k9+hz7Co6GQMZFGR7+1LZjTFPgvl3idQZhUqP0WEkGTW/0YkzZV4pdsm,0.062706,1.592926,0.37109899999999996
330600,a1ae1/t4k9+hz7Co6GQMZFGR7+1LZjTFPgvl3idQZhUqP0WEkGTW/0YkzZV4pdsm,0.091296,1.617059,0.324653
330900,a1ae1/t4k9+hz7Co6GQMZFGR7+1LZjTFPgvl3idQZhUqP0WEkGTW/0YkzZV4pdsm,0.07064400000000001,1.6389209999999999,0.395742
331200,a1ae1/t4k9+hz7Co6GQMZFGR7+1LZjTFPgvl3idQZhUqP0WEkGTW/0YkzZV4pdsm,0.065857,14.238216,1.005428
331500,a1ae1/t4k9+hz7Co6GQMZFGR7+1LZjTFPgvl3idQZhUqP0WEkGTW/0YkzZV4pdsm,0.100885,1.56758,0.409974
331800,a1ae1/t4k9+hz7Co6GQMZFGR7+1LZjTFPgvl3idQZhUqP0WEkGTW/0YkzZV4pdsm,0.1026,1.475033,0.355955
332100,a1ae1/t4k9+hz7Co6GQMZFGR7+1LZjTFPgvl3idQZhUqP0WEkGTW/0YkzZV4pdsm,0.096738,1.87598,0.422863
332400,a1ae1/t4k9+hz7Co6GQMZFGR7+1LZjTFPgvl3idQZhUqP0WEkGTW/0YkzZV4pdsm,0.087156,1.7695130000000001,0.373479
332700,a1ae1/t4k9+hz7Co6GQMZFGR7+1LZjTFPgvl3idQZhUqP0WEkGTW/0YkzZV4pdsm,0.063591,1.676654,0.385467
333000,a1ae1/t4k9+hz7Co6GQMZFGR7+1LZjTFPgvl3idQZhUqP0WEkGTW/0YkzZV4pdsm,0.059309,1.316392,0.374305
333300,a1ae1/t4k9+hz7Co6GQMZFGR7+1LZjTFPgvl3idQZhUqP0WEkGTW/0YkzZV4pdsm,0.09863200000000001,1.446393,0.342798
333600,a1ae1/t4k9+hz7Co6GQMZFGR7+1LZjTFPgvl3idQZhUqP0WEkGTW/0YkzZV4pdsm,0.097095,1.1957959999999999,0.39526500000000003
333900,a1ae1/t4k9+hz7Co6GQMZFGR7+1LZjTFPgvl3idQZhUqP0WEkGTW/0YkzZV4pdsm,0.096217,1.457225,0.373189
334200,a1ae1/t4k9+hz7Co6GQMZFGR7+1LZjTFPgvl3idQZhUqP0WEkGTW/0YkzZV4pdsm,0.06176,1.158052,0.311197
334500,a1ae1/t4k9+hz7Co6GQMZFGR7+1LZjTFPgvl3idQZhUqP0WEkGTW/0YkzZV4pdsm,0.1291,1.0387870000000001,0.40015
334800,a1ae1/t4k9+hz7Co6GQMZFGR7+1LZjTFPgvl3idQZhUqP0WEkGTW/0YkzZV4pdsm,0.074935,17.066402,1.007578
335100,a1ae1/t4k9+hz7Co6GQMZFGR7+1LZjTFPgvl3idQZhUqP0WEkGTW/0YkzZV4pdsm,0.09246599999999999,1.2713459999999999,0.359849
335400,a1ae1/t4k9+hz7Co6GQMZFGR7+1LZjTFPgvl3idQZhUqP0WEkGTW/0YkzZV4pdsm,0.086522,0.9505600000000001,0.39167399999999997
335700,a1ae1/t4k9+hz7Co6GQMZFGR7+1LZjTFPgvl3idQZhUqP0WEkGTW/0YkzZV4pdsm,0.04861,0.986849,0.334886
336000,a1ae1/t4k9+hz7Co6GQMZFGR7+1LZjTFPgvl3idQZhUqP0WEkGTW/0YkzZV4pdsm,0.139684,1.3621530000000002,0.36956100000000003
336300,a1ae1/t4k9+hz7Co6GQMZFGR7+1LZjTFPgvl3idQZhUqP0WEkGTW/0YkzZV4pdsm,0.047282,0.898652,0.35433400000000004
336600,a1ae1/t4k9+hz7Co6GQMZFGR7+1LZjTFPgvl3idQZhUqP0WEkGTW/0YkzZV4pdsm,0.101646,1.0041440000000001,0.374787
336900,a1ae1/t4k9+hz7Co6GQMZFGR7+1LZjTFPgvl3idQZhUqP0WEkGTW/0YkzZV4pdsm,0.071394,1.0574620000000001,0.304302
337200,a1ae1/t4k9+hz7Co6GQMZFGR7+1LZjTFPgvl3idQZhUqP0WEkGTW/0YkzZV4pdsm,0.121447,0.9407840000000001,0.399398
337500,a1ae1/t4k9+hz7Co6GQMZFGR7+1LZjTFPgvl3idQZhUqP0WEkGTW/0YkzZV4pdsm,0.08985499999999999,1.297428,0.391962
337800,a1ae1/t4k9+hz7Co6GQMZFGR7+1LZjTFPgvl3idQZhUqP0WEkGTW/0YkzZV4pdsm,0.11663299999999999,0.558582,0.281416
338100,a1ae1/t4k9+hz7Co6GQMZFGR7+1LZjTFPgvl3idQZhUqP0WEkGTW/0YkzZV4pdsm,0.243011,2.910909,0.9431950000000001
338400,a1ae1/t4k9+hz7Co6GQMZFGR7+1LZjTFPgvl3idQZhUqP0WEkGTW/0YkzZV4pdsm,0.21488800000000002,12.285943,1.575046
338700,a1ae1/t4k9+hz7Co6GQMZFGR7+1LZjTFPgvl3idQZhUqP0WEkGTW/0YkzZV4pdsm,0.10641199999999999,1.805346,0.403819
339000,a1ae1/t4k9+hz7Co6GQMZFGR7+1LZjTFPgvl3idQZhUqP0WEkGTW/0YkzZV4pdsm,0.07384500000000001,1.0517219999999998,0.380529
339300,a1ae1/t4k9+hz7Co6GQMZFGR7+1LZjTFPgvl3idQZhUqP0WEkGTW/0YkzZV4pdsm,0.10017000000000001,4.363368,0.486538
339600,a1ae1/t4k9+hz7Co6GQMZFGR7+1LZjTFPgvl3idQZhUqP0WEkGTW/0YkzZV4pdsm,0.09754600000000001,1.213961,0.372085
339900,a1ae1/t4k9+hz7Co6GQMZFGR7+1LZjTFPgvl3idQZhUqP0WEkGTW/0YkzZV4pdsm,0.106272,1.177167,0.367148
340200,a1ae1/t4k9+hz7Co6GQMZFGR7+1LZjTFPgvl3idQZhUqP0WEkGTW/0YkzZV4pdsm,0.110858,0.9896290000000001,0.365033
340500,a1ae1/t4k9+hz7Co6GQMZFGR7+1LZjTFPgvl3idQZhUqP0WEkGTW/0YkzZV4pdsm,0.102433,1.0090940000000002,0.339334
340800,a1ae1/t4k9+hz7Co6GQMZFGR7+1LZjTFPgvl3idQZhUqP0WEkGTW/0YkzZV4pdsm,0.088318,1.28777,0.30906100000000003
341100,a1ae1/t4k9+hz7Co6GQMZFGR7+1LZjTFPgvl3idQZhUqP0WEkGTW/0YkzZV4pdsm,0.09740599999999999,1.473933,0.375683
341400,a1ae1/t4k9+hz7Co6GQMZFGR7+1LZjTFPgvl3idQZhUqP0WEkGTW/0YkzZV4pdsm,0.050336,0.5379010000000001,0.251897
341700,a1ae1/t4k9+hz7Co6GQMZFGR7+1LZjTFPgvl3idQZhUqP0WEkGTW/0YkzZV4pdsm,0.06358899999999999,1.850091,0.402816
342000,a1ae1/t4k9+hz7Co6GQMZFGR7+1LZjTFPgvl3idQZhUqP0WEkGTW/0YkzZV4pdsm,0.094308,1.610254,0.399658
342300,a1ae1/t4k9+hz7Co6GQMZFGR7+1LZjTFPgvl3idQZhUqP0WEkGTW/0YkzZV4pdsm,0.09022000000000001,1.1224690000000002,0.319708
342600,a1ae1/t4k9+hz7Co6GQMZFGR7+1LZjTFPgvl3idQZhUqP0WEkGTW/0YkzZV4pdsm,0.100649,1.180209,0.339489
342900,a1ae1/t4k9+hz7Co6GQMZFGR7+1LZjTFPgvl3idQZhUqP0WEkGTW/0YkzZV4pdsm,0.094817,0.9928610000000001,0.32413200000000003
343200,a1ae1/t4k9+hz7Co6GQMZFGR7+1LZjTFPgvl3idQZhUqP0WEkGTW/0YkzZV4pdsm,0.090017,1.273585,0.36999
343500,a1ae1/t4k9+hz7Co6GQMZFGR7+1LZjTFPgvl3idQZhUqP0WEkGTW/0YkzZV4pdsm,0.056103999999999994,1.450293,0.321494
343800,a1ae1/t4k9+hz7Co6GQMZFGR7+1LZjTFPgvl3idQZhUqP0WEkGTW/0YkzZV4pdsm,0.084465,0.8596389999999999,0.35364
344100,a1ae1/t4k9+hz7Co6GQMZFGR7+1LZjTFPgvl3idQZhUqP0WEkGTW/0YkzZV4pdsm,0.07631900000000001,1.102687,0.305175
344400,a1ae1/t4k9+hz7Co6GQMZFGR7+1LZjTFPgvl3idQZhUqP0WEkGTW/0YkzZV4pdsm,0.044369,1.036022,0.35902199999999995
344700,a1ae1/t4k9+hz7Co6GQMZFGR7+1LZjTFPgvl3idQZhUqP0WEkGTW/0YkzZV4pdsm,0.112577,0.9450620000000001,0.384332
345000,a1ae1/t4k9+hz7Co6GQMZFGR7+1LZjTFPgvl3idQZhUqP0WEkGTW/0YkzZV4pdsm,0.041471,0.97915,0.290108
345300,a1ae1/t4k9+hz7Co6GQMZFGR7+1LZjTFPgvl3idQZhUqP0WEkGTW/0YkzZV4pdsm,0.099478,1.259403,0.368976
345600,a1ae1/t4k9+hz7Co6GQMZFGR7+1LZjTFPgvl3idQZhUqP0WEkGTW/0YkzZV4pdsm,0.06430599999999999,0.8465379999999999,0.346823
345900,a1ae1/t4k9+hz7Co6GQMZFGR7+1LZjTFPgvl3idQZhUqP0WEkGTW/0YkzZV4pdsm,0.11421400000000001,0.8410610000000001,0.356304
346200,a1ae1/t4k9+hz7Co6GQMZFGR7+1LZjTFPgvl3idQZhUqP0WEkGTW/0YkzZV4pdsm,0.090633,0.789905,0.314479
346500,a1ae1/t4k9+hz7Co6GQMZFGR7+1LZjTFPgvl3idQZhUqP0WEkGTW/0YkzZV4pdsm,0.100927,0.852817,0.33065300000000003
346800,a1ae1/t4k9+hz7Co6GQMZFGR7+1LZjTFPgvl3idQZhUqP0WEkGTW/0YkzZV4pdsm,0.032928,0.786543,0.30949899999999997
347100,a1ae1/t4k9+hz7Co6GQMZFGR7+1LZjTFPgvl3idQZhUqP0WEkGTW/0YkzZV4pdsm,0.06588,0.930731,0.336039
347400,a1ae1/t4k9+hz7Co6GQMZFGR7+1LZjTFPgvl3idQZhUqP0WEkGTW/0YkzZV4pdsm,0.10512200000000001,1.016076,0.36599699999999996
347700,a1ae1/t4k9+hz7Co6GQMZFGR7+1LZjTFPgvl3idQZhUqP0WEkGTW/0YkzZV4pdsm,0.07658999999999999,0.9024840000000001,0.347468
348000,a1ae1/t4k9+hz7Co6GQMZFGR7+1LZjTFPgvl3idQZhUqP0WEkGTW/0YkzZV4pdsm,0.100635,0.804619,0.319748
348300,a1ae1/t4k9+hz7Co6GQMZFGR7+1LZjTFPgvl3idQZhUqP0WEkGTW/0YkzZV4pdsm,0.048355,0.8823200000000001,0.341197
348600,a1ae1/t4k9+hz7Co6GQMZFGR7+1LZjTFPgvl3idQZhUqP0WEkGTW/0YkzZV4pdsm,0.114764,0.81152,0.337352
348900,a1ae1/t4k9+hz7Co6GQMZFGR7+1LZjTFPgvl3idQZhUqP0WEkGTW/0YkzZV4pdsm,0.076529,0.8304870000000001,0.341377
349200,a1ae1/t4k9+hz7Co6GQMZFGR7+1LZjTFPgvl3idQZhUqP0WEkGTW/0YkzZV4pdsm,0.090439,1.051266,0.355207
349500,a1ae1/t4k9+hz7Co6GQMZFGR7+1LZjTFPgvl3idQZhUqP0WEkGTW/0YkzZV4pdsm,0.094349,0.8276610000000001,0.338661
349800,a1ae1/t4k9+hz7Co6GQMZFGR7+1LZjTFPgvl3idQZhUqP0WEkGTW/0YkzZV4pdsm,0.07603,1.0053219999999998,0.321549
350100,a1ae1/t4k9+hz7Co6GQMZFGR7+1LZjTFPgvl3idQZhUqP0WEkGTW/0YkzZV4pdsm,0.109668,0.961274,0.325863
350400,a1ae1/t4k9+hz7Co6GQMZFGR7+1LZjTFPgvl3idQZhUqP0WEkGTW/0YkzZV4pdsm,0.027239999999999997,1.1289850000000001,0.37158800000000003
350700,a1ae1/t4k9+hz7Co6GQMZFGR7+1LZjTFPgvl3idQZhUqP0WEkGTW/0YkzZV4pdsm,0.111247,1.006157,0.331751
351000,a1ae1/t4k9+hz7Co6GQMZFGR7+1LZjTFPgvl3idQZhUqP0WEkGTW/0YkzZV4pdsm,0.063424,0.965507,0.362076
351300,a1ae1/t4k9+hz7Co6GQMZFGR7+1LZjTFPgvl3idQZhUqP0WEkGTW/0YkzZV4pdsm,0.085158,1.020972,0.37248400000000004
351600,a1ae1/t4k9+hz7Co6GQMZFGR7+1LZjTFPgvl3idQZhUqP0WEkGTW/0YkzZV4pdsm,0.077731,0.9389790000000001,0.31466900000000003
351900,a1ae1/t4k9+hz7Co6GQMZFGR7+1LZjTFPgvl3idQZhUqP0WEkGTW/0YkzZV4pdsm,0.101339,1.222919,0.380409
352200,a1ae1/t4k9+hz7Co6GQMZFGR7+1LZjTFPgvl3idQZhUqP0WEkGTW/0YkzZV4pdsm,0.05998,1.0264149999999999,0.309629
352500,a1ae1/t4k9+hz7Co6GQMZFGR7+1LZjTFPgvl3idQZhUqP0WEkGTW/0YkzZV4pdsm,0.078282,1.019468,0.372696
352800,a1ae1/t4k9+hz7Co6GQMZFGR7+1LZjTFPgvl3idQZhUqP0WEkGTW/0YkzZV4pdsm,0.10786199999999999,0.9467979999999999,0.343225
353100,a1ae1/t4k9+hz7Co6GQMZFGR7+1LZjTFPgvl3idQZhUqP0WEkGTW/0YkzZV4pdsm,0.057507,0.8856959999999999,0.358757
353400,a1ae1/t4k9+hz7Co6GQMZFGR7+1LZjTFPgvl3idQZhUqP0WEkGTW/0YkzZV4pdsm,0.104423,0.978893,0.340879
353700,a1ae1/t4k9+hz7Co6GQMZFGR7+1LZjTFPgvl3idQZhUqP0WEkGTW/0YkzZV4pdsm,0.065386,0.946709,0.316743
354000,a1ae1/t4k9+hz7Co6GQMZFGR7+1LZjTFPgvl3idQZhUqP0WEkGTW/0YkzZV4pdsm,0.145268,0.939399,0.362315
354300,a1ae1/t4k9+hz7Co6GQMZFGR7+1LZjTFPgvl3idQZhUqP0WEkGTW/0YkzZV4pdsm,0.076672,1.021887,0.299058
354600,a1ae1/t4k9+hz7Co6GQMZFGR7+1LZjTFPgvl3idQZhUqP0WEkGTW/0YkzZV4pdsm,0.090754,1.052624,0.373205
354900,a1ae1/t4k9+hz7Co6GQMZFGR7+1LZjTFPgvl3idQZhUqP0WEkGTW/0YkzZV4pdsm,0.082345,0.93863,0.345875
355200,a1ae1/t4k9+hz7Co6GQMZFGR7+1LZjTFPgvl3idQZhUqP0WEkGTW/0YkzZV4pdsm,0.06850099999999999,0.9721780000000001,0.283952
355500,a1ae1/t4k9+hz7Co6GQMZFGR7+1LZjTFPgvl3idQZhUqP0WEkGTW/0YkzZV4pdsm,0.10926400000000001,0.957886,0.38929600000000003
355800,a1ae1/t4k9+hz7Co6GQMZFGR7+1LZjTFPgvl3idQZhUqP0WEkGTW/0YkzZV4pdsm,0.079149,0.868225,0.330163
356100,a1ae1/t4k9+hz7Co6GQMZFGR7+1LZjTFPgvl3idQZhUqP0WEkGTW/0YkzZV4pdsm,0.085406,1.265823,0.37211
356400,a1ae1/t4k9+hz7Co6GQMZFGR7+1LZjTFPgvl3idQZhUqP0WEkGTW/0YkzZV4pdsm,0.054589,1.023383,0.342062
356700,a1ae1/t4k9+hz7Co6GQMZFGR7+1LZjTFPgvl3idQZhUqP0WEkGTW/0YkzZV4pdsm,0.0888,0.9694729999999999,0.36028899999999997
357000,a1ae1/t4k9+hz7Co6GQMZFGR7+1LZjTFPgvl3idQZhUqP0WEkGTW/0YkzZV4pdsm,0.064974,0.941052,0.314888
357300,a1ae1/t4k9+hz7Co6GQMZFGR7+1LZjTFPgvl3idQZhUqP0WEkGTW/0YkzZV4pdsm,0.08148899999999999,0.9752200000000001,0.322417
357600,a1ae1/t4k9+hz7Co6GQMZFGR7+1LZjTFPgvl3idQZhUqP0WEkGTW/0YkzZV4pdsm,0.059744000000000005,0.8223950000000001,0.330382
357900,a1ae1/t4k9+hz7Co6GQMZFGR7+1LZjTFPgvl3idQZhUqP0WEkGTW/0YkzZV4pdsm,0.06846000000000001,1.007825,0.300696
358200,a1ae1/t4k9+hz7Co6GQMZFGR7+1LZjTFPgvl3idQZhUqP0WEkGTW/0YkzZV4pdsm,0.089919,1.030724,0.36852199999999996
358500,a1ae1/t4k9+hz7Co6GQMZFGR7+1LZjTFPgvl3idQZhUqP0WEkGTW/0YkzZV4pdsm,0.091711,0.923003,0.36496799999999996
358800,a1ae1/t4k9+hz7Co6GQMZFGR7+1LZjTFPgvl3idQZhUqP0WEkGTW/0YkzZV4pdsm,0.083635,0.8830969999999999,0.333646
359100,a1ae1/t4k9+hz7Co6GQMZFGR7+1LZjTFPgvl3idQZhUqP0WEkGTW/0YkzZV4pdsm,0.07617,0.9733440000000001,0.365593
359400,a1ae1/t4k9+hz7Co6GQMZFGR7+1LZjTFPgvl3idQZhUqP0WEkGTW/0YkzZV4pdsm,0.08583400000000001,1.1153170000000001,0.35586100000000004
359700,a1ae1/t4k9+hz7Co6GQMZFGR7+1LZjTFPgvl3idQZhUqP0WEkGTW/0YkzZV4pdsm,0.07307899999999999,1.087751,0.303215
360000,a1ae1/t4k9+hz7Co6GQMZFGR7+1LZjTFPgvl3idQZhUqP0WEkGTW/0YkzZV4pdsm,0.089152,1.011784,0.342957
360300,a1ae1/t4k9+hz7Co6GQMZFGR7+1LZjTFPgvl3idQZhUqP0WEkGTW/0YkzZV4pdsm,0.085162,0.8440549999999999,0.296479
360600,a1ae1/t4k9+hz7Co6GQMZFGR7+1LZjTFPgvl3idQZhUqP0WEkGTW/0YkzZV4pdsm,0.047488,1.398585,0.354682
360900,a1ae1/t4k9+hz7Co6GQMZFGR7+1LZjTFPgvl3idQZhUqP0WEkGTW/0YkzZV4pdsm,0.079051,3.5428290000000002,0.46541800000000005
361200,a1ae1/t4k9+hz7Co6GQMZFGR7+1LZjTFPgvl3idQZhUqP0WEkGTW/0YkzZV4pdsm,0.052364,1.20134,0.302226
361500,a1ae1/t4k9+hz7Co6GQMZFGR7+1LZjTFPgvl3idQZhUqP0WEkGTW/0YkzZV4pdsm,0.09585199999999999,0.9541129999999999,0.337898
361800,a1ae1/t4k9+hz7Co6GQMZFGR7+1LZjTFPgvl3idQZhUqP0WEkGTW/0YkzZV4pdsm,0.10893699999999999,1.03128,0.39969
362100,a1ae1/t4k9+hz7Co6GQMZFGR7+1LZjTFPgvl3idQZhUqP0WEkGTW/0YkzZV4pdsm,0.099979,0.9534239999999999,0.367657
362400,a1ae1/t4k9+hz7Co6GQMZFGR7+1LZjTFPgvl3idQZhUqP0WEkGTW/0YkzZV4pdsm,0.108886,1.009392,0.33006399999999997
362700,a1ae1/t4k9+hz7Co6GQMZFGR7+1LZjTFPgvl3idQZhUqP0WEkGTW/0YkzZV4pdsm,0.09917000000000001,0.989956,0.363184
363000,a1ae1/t4k9+hz7Co6GQMZFGR7+1LZjTFPgvl3idQZhUqP0WEkGTW/0YkzZV4pdsm,0.097815,1.043188,0.352482
363300,a1ae1/t4k9+hz7Co6GQMZFGR7+1LZjTFPgvl3idQZhUqP0WEkGTW/0YkzZV4pdsm,0.092035,1.221258,0.38561599999999996
363600,a1ae1/t4k9+hz7Co6GQMZFGR7+1LZjTFPgvl3idQZhUqP0WEkGTW/0YkzZV4pdsm,0.10291099999999999,0.731632,0.354139
363900,a1ae1/t4k9+hz7Co6GQMZFGR7+1LZjTFPgvl3idQZhUqP0WEkGTW/0YkzZV4pdsm,0.096454,0.90636,0.30777899999999997
364200,a1ae1/t4k9+hz7Co6GQMZFGR7+1LZjTFPgvl3idQZhUqP0WEkGTW/0YkzZV4pdsm,0.107298,1.22505,0.35825500000000005
364500,a1ae1/t4k9+hz7Co6GQMZFGR7+1LZjTFPgvl3idQZhUqP0WEkGTW/0YkzZV4pdsm,0.07022300000000001,1.047294,0.339317
364800,a1ae1/t4k9+hz7Co6GQMZFGR7+1LZjTFPgvl3idQZhUqP0WEkGTW/0YkzZV4pdsm,0.095449,0.8331430000000001,0.35018699999999997
365100,a1ae1/t4k9+hz7Co6GQMZFGR7+1LZjTFPgvl3idQZhUqP0WEkGTW/0YkzZV4pdsm,0.100027,0.9958389999999999,0.340028
365400,a1ae1/t4k9+hz7Co6GQMZFGR7+1LZjTFPgvl3idQZhUqP0WEkGTW/0YkzZV4pdsm,0.093665,0.794322,0.338109
365700,a1ae1/t4k9+hz7Co6GQMZFGR7+1LZjTFPgvl3idQZhUqP0WEkGTW/0YkzZV4pdsm,0.114423,1.0372629999999998,0.367714
366000,a1ae1/t4k9+hz7Co6GQMZFGR7+1LZjTFPgvl3idQZhUqP0WEkGTW/0YkzZV4pdsm,0.109964,0.975592,0.320515
366300,a1ae1/t4k9+hz7Co6GQMZFGR7+1LZjTFPgvl3idQZhUqP0WEkGTW/0YkzZV4pdsm,0.10335799999999999,0.976194,0.360722
366600,a1ae1/t4k9+hz7Co6GQMZFGR7+1LZjTFPgvl3idQZhUqP0WEkGTW/0YkzZV4pdsm,0.07891799999999999,0.95268,0.342143
366900,a1ae1/t4k9+hz7Co6GQMZFGR7+1LZjTFPgvl3idQZhUqP0WEkGTW/0YkzZV4pdsm,0.096377,1.463591,0.38003000000000003
367200,a1ae1/t4k9+hz7Co6GQMZFGR7+1LZjTFPgvl3idQZhUqP0WEkGTW/0YkzZV4pdsm,0.081028,0.8332620000000001,0.357108
367500,a1ae1/t4k9+hz7Co6GQMZFGR7+1LZjTFPgvl3idQZhUqP0WEkGTW/0YkzZV4pdsm,0.09625700000000001,0.9482370000000001,0.319486
367800,a1ae1/t4k9+hz7Co6GQMZFGR7+1LZjTFPgvl3idQZhUqP0WEkGTW/0YkzZV4pdsm,0.060967999999999994,1.470907,0.363584
368100,a1ae1/t4k9+hz7Co6GQMZFGR7+1LZjTFPgvl3idQZhUqP0WEkGTW/0YkzZV4pdsm,0.078364,0.843928,0.348161
368400,a1ae1/t4k9+hz7Co6GQMZFGR7+1LZjTFPgvl3idQZhUqP0WEkGTW/0YkzZV4pdsm,0.103727,0.88541,0.37447800000000003
368700,a1ae1/t4k9+hz7Co6GQMZFGR7+1LZjTFPgvl3idQZhUqP0WEkGTW/0YkzZV4pdsm,0.073264,0.903374,0.357533
369000,a1ae1/t4k9+hz7Co6GQMZFGR7+1LZjTFPgvl3idQZhUqP0WEkGTW/0YkzZV4pdsm,0.114397,0.907479,0.338735
369300,a1ae1/t4k9+hz7Co6GQMZFGR7+1LZjTFPgvl3idQZhUqP0WEkGTW/0YkzZV4pdsm,0.10561,1.084041,0.371327
369600,a1ae1/t4k9+hz7Co6GQMZFGR7+1LZjTFPgvl3idQZhUqP0WEkGTW/0YkzZV4pdsm,0.110171,1.082241,0.324517
369900,a1ae1/t4k9+hz7Co6GQMZFGR7+1LZjTFPgvl3idQZhUqP0WEkGTW/0YkzZV4pdsm,0.060392999999999995,1.093122,0.314499
370200,a1ae1/t4k9+hz7Co6GQMZFGR7+1LZjTFPgvl3idQZhUqP0WEkGTW/0YkzZV4pdsm,0.12337200000000001,0.939602,0.33769
370500,a1ae1/t4k9+hz7Co6GQMZFGR7+1LZjTFPgvl3idQZhUqP0WEkGTW/0YkzZV4pdsm,0.095571,1.333431,0.383806
370800,a1ae1/t4k9+hz7Co6GQMZFGR7+1LZjTFPgvl3idQZhUqP0WEkGTW/0YkzZV4pdsm,0.11698900000000001,0.905588,0.354034
371100,a1ae1/t4k9+hz7Co6GQMZFGR7+1LZjTFPgvl3idQZhUqP0WEkGTW/0YkzZV4pdsm,0.079266,1.038858,0.316768
371400,a1ae1/t4k9+hz7Co6GQMZFGR7+1LZjTFPgvl3idQZhUqP0WEkGTW/0YkzZV4pdsm,0.09371,0.973125,0.340067
371700,a1ae1/t4k9+hz7Co6GQMZFGR7+1LZjTFPgvl3idQZhUqP0WEkGTW/0YkzZV4pdsm,0.089271,1.202164,0.32947
372000,a1ae1/t4k9+hz7Co6GQMZFGR7+1LZjTFPgvl3idQZhUqP0WEkGTW/0YkzZV4pdsm,0.058580999999999994,1.032572,0.33508899999999997
372300,a1ae1/t4k9+hz7Co6GQMZFGR7+1LZjTFPgvl3idQZhUqP0WEkGTW/0YkzZV4pdsm,0.105065,1.24889,0.359295
372600,a1ae1/t4k9+hz7Co6GQMZFGR7+1LZjTFPgvl3idQZhUqP0WEkGTW/0YkzZV4pdsm,0.107492,0.8781549999999999,0.356222
372900,a1ae1/t4k9+hz7Co6GQMZFGR7+1LZjTFPgvl3idQZhUqP0WEkGTW/0YkzZV4pdsm,0.098514,0.794942,0.371632
373200,a1ae1/t4k9+hz7Co6GQMZFGR7+1LZjTFPgvl3idQZhUqP0WEkGTW/0YkzZV4pdsm,0.082979,1.3110950000000001,0.322883
373500,a1ae1/t4k9+hz7Co6GQMZFGR7+1LZjTFPgvl3idQZhUqP0WEkGTW/0YkzZV4pdsm,0.083512,1.09064,0.370388
373800,a1ae1/t4k9+hz7Co6GQMZFGR7+1LZjTFPgvl3idQZhUqP0WEkGTW/0YkzZV4pdsm,0.079975,1.00626,0.313759
374100,a1ae1/t4k9+hz7Co6GQMZFGR7+1LZjTFPgvl3idQZhUqP0WEkGTW/0YkzZV4pdsm,0.09185800000000001,1.6237,0.341012
374400,a1ae1/t4k9+hz7Co6GQMZFGR7+1LZjTFPgvl3idQZhUqP0WEkGTW/0YkzZV4pdsm,0.09702100000000001,1.043453,0.356274
374700,a1ae1/t4k9+hz7Co6GQMZFGR7+1LZjTFPgvl3idQZhUqP0WEkGTW/0YkzZV4pdsm,0.09070299999999999,0.949427,0.325209
375000,a1ae1/t4k9+hz7Co6GQMZFGR7+1LZjTFPgvl3idQZhUqP0WEkGTW/0YkzZV4pdsm,0.10956700000000001,1.071991,0.347823
375300,a1ae1/t4k9+hz7Co6GQMZFGR7+1LZjTFPgvl3idQZhUqP0WEkGTW/0YkzZV4pdsm,0.088295,1.159371,0.347901
375600,a1ae1/t4k9+hz7Co6GQMZFGR7+1LZjTFPgvl3idQZhUqP0WEkGTW/0YkzZV4pdsm,0.08727599999999999,1.022359,0.3601
375900,a1ae1/t4k9+hz7Co6GQMZFGR7+1LZjTFPgvl3idQZhUqP0WEkGTW/0YkzZV4pdsm,0.060475,1.471135,0.347368
376200,a1ae1/t4k9+hz7Co6GQMZFGR7+1LZjTFPgvl3idQZhUqP0WEkGTW/0YkzZV4pdsm,0.087698,0.959353,0.347269
376500,a1ae1/t4k9+hz7Co6GQMZFGR7+1LZjTFPgvl3idQZhUqP0WEkGTW/0YkzZV4pdsm,0.110812,0.862483,0.351095
376800,a1ae1/t4k9+hz7Co6GQMZFGR7+1LZjTFPgvl3idQZhUqP0WEkGTW/0YkzZV4pdsm,0.056671000000000006,1.129725,0.343279
377100,a1ae1/t4k9+hz7Co6GQMZFGR7+1LZjTFPgvl3idQZhUqP0WEkGTW/0YkzZV4pdsm,0.087897,1.1368200000000002,0.361624
377400,a1ae1/t4k9+hz7Co6GQMZFGR7+1LZjTFPgvl3idQZhUqP0WEkGTW/0YkzZV4pdsm,0.063203,1.132525,0.32260500000000003
377700,a1ae1/t4k9+hz7Co6GQMZFGR7+1LZjTFPgvl3idQZhUqP0WEkGTW/0YkzZV4pdsm,0.08261,1.59934,0.35110399999999997
378000,a1ae1/t4k9+hz7Co6GQMZFGR7+1LZjTFPgvl3idQZhUqP0WEkGTW/0YkzZV4pdsm,0.047163,1.363141,0.373775
378300,a1ae1/t4k9+hz7Co6GQMZFGR7+1LZjTFPgvl3idQZhUqP0WEkGTW/0YkzZV4pdsm,0.089822,1.350573,0.326999
378600,a1ae1/t4k9+hz7Co6GQMZFGR7+1LZjTFPgvl3idQZhUqP0WEkGTW/0YkzZV4pdsm,0.057365,1.097993,0.364619
378900,a1ae1/t4k9+hz7Co6GQMZFGR7+1LZjTFPgvl3idQZhUqP0WEkGTW/0YkzZV4pdsm,0.084576,1.049159,0.37348899999999996
379200,a1ae1/t4k9+hz7Co6GQMZFGR7+1LZjTFPgvl3idQZhUqP0WEkGTW/0YkzZV4pdsm,0.093284,0.956809,0.312668
379500,a1ae1/t4k9+hz7Co6GQMZFGR7+1LZjTFPgvl3idQZhUqP0WEkGTW/0YkzZV4pdsm,0.08826200000000001,0.920683,0.383509
379800,a1ae1/t4k9+hz7Co6GQMZFGR7+1LZjTFPgvl3idQZhUqP0WEkGTW/0YkzZV4pdsm,0.08443300000000001,1.159071,0.36937600000000004
380100,a1ae1/t4k9+hz7Co6GQMZFGR7+1LZjTFPgvl3idQZhUqP0WEkGTW/0YkzZV4pdsm,0.057042999999999996,0.8851760000000001,0.347183
380400,a1ae1/t4k9+hz7Co6GQMZFGR7+1LZjTFPgvl3idQZhUqP0WEkGTW/0YkzZV4pdsm,0.081118,1.3698780000000002,0.339146
380700,a1ae1/t4k9+hz7Co6GQMZFGR7+1LZjTFPgvl3idQZhUqP0WEkGTW/0YkzZV4pdsm,0.065247,1.2297069999999999,0.356398
381000,a1ae1/t4k9+hz7Co6GQMZFGR7+1LZjTFPgvl3idQZhUqP0WEkGTW/0YkzZV4pdsm,0.104342,1.110406,0.34386
381300,a1ae1/t4k9+hz7Co6GQMZFGR7+1LZjTFPgvl3idQZhUqP0WEkGTW/0YkzZV4pdsm,0.075365,6.441189,0.815148
381600,a1ae1/t4k9+hz7Co6GQMZFGR7+1LZjTFPgvl3idQZhUqP0WEkGTW/0YkzZV4pdsm,0.088176,1.207537,0.37102399999999996
381900,a1ae1/t4k9+hz7Co6GQMZFGR7+1LZjTFPgvl3idQZhUqP0WEkGTW/0YkzZV4pdsm,0.06515,0.946501,0.333804
382200,a1ae1/t4k9+hz7Co6GQMZFGR7+1LZjTFPgvl3idQZhUqP0WEkGTW/0YkzZV4pdsm,0.11551800000000001,1.050067,0.370269
382500,a1ae1/t4k9+hz7Co6GQMZFGR7+1LZjTFPgvl3idQZhUqP0WEkGTW/0YkzZV4pdsm,0.08957899999999999,25.348596,1.056758
382800,a1ae1/t4k9+hz7Co6GQMZFGR7+1LZjTFPgvl3idQZhUqP0WEkGTW/0YkzZV4pdsm,0.10909300000000001,1.01114,0.334907
383100,a1ae1/t4k9+hz7Co6GQMZFGR7+1LZjTFPgvl3idQZhUqP0WEkGTW/0YkzZV4pdsm,0.098332,1.103081,0.370438
383400,a1ae1/t4k9+hz7Co6GQMZFGR7+1LZjTFPgvl3idQZhUqP0WEkGTW/0YkzZV4pdsm,0.050601,1.014186,0.353246
383700,a1ae1/t4k9+hz7Co6GQMZFGR7+1LZjTFPgvl3idQZhUqP0WEkGTW/0YkzZV4pdsm,0.08527699999999999,1.066142,0.357433
384000,a1ae1/t4k9+hz7Co6GQMZFGR7+1LZjTFPgvl3idQZhUqP0WEkGTW/0YkzZV4pdsm,0.078187,0.9985780000000001,0.341129
384300,a1ae1/t4k9+hz7Co6GQMZFGR7+1LZjTFPgvl3idQZhUqP0WEkGTW/0YkzZV4pdsm,0.107456,0.897591,0.357481
384600,a1ae1/t4k9+hz7Co6GQMZFGR7+1LZjTFPgvl3idQZhUqP0WEkGTW/0YkzZV4pdsm,0.021214,1.398307,0.333968
384900,a1ae1/t4k9+hz7Co6GQMZFGR7+1LZjTFPgvl3idQZhUqP0WEkGTW/0YkzZV4pdsm,0.093652,1.457193,0.359558
385200,a1ae1/t4k9+hz7Co6GQMZFGR7+1LZjTFPgvl3idQZhUqP0WEkGTW/0YkzZV4pdsm,0.04554,0.824247,0.342314
385500,a1ae1/t4k9+hz7Co6GQMZFGR7+1LZjTFPgvl3idQZhUqP0WEkGTW/0YkzZV4pdsm,0.070876,0.80404,0.335065
385800,a1ae1/t4k9+hz7Co6GQMZFGR7+1LZjTFPgvl3idQZhUqP0WEkGTW/0YkzZV4pdsm,0.119001,1.231649,0.371057
386100,a1ae1/t4k9+hz7Co6GQMZFGR7+1LZjTFPgvl3idQZhUqP0WEkGTW/0YkzZV4pdsm,0.018276,0.9114690000000001,0.360575
386400,a1ae1/t4k9+hz7Co6GQMZFGR7+1LZjTFPgvl3idQZhUqP0WEkGTW/0YkzZV4pdsm,0.096822,0.8867219999999999,0.32855
386700,a1ae1/t4k9+hz7Co6GQMZFGR7+1LZjTFPgvl3idQZhUqP0WEkGTW/0YkzZV4pdsm,0.032422,0.973825,0.332408
387000,a1ae1/t4k9+hz7Co6GQMZFGR7+1LZjTFPgvl3idQZhUqP0WEkGTW/0YkzZV4pdsm,0.10720299999999999,0.8684149999999999,0.34328400000000003
387300,a1ae1/t4k9+hz7Co6GQMZFGR7+1LZjTFPgvl3idQZhUqP0WEkGTW/0YkzZV4pdsm,0.039729,0.8201959999999999,0.319727
387600,a1ae1/t4k9+hz7Co6GQMZFGR7+1LZjTFPgvl3idQZhUqP0WEkGTW/0YkzZV4pdsm,0.092713,0.889265,0.33824699999999996
387900,a1ae1/t4k9+hz7Co6GQMZFGR7+1LZjTFPgvl3idQZhUqP0WEkGTW/0YkzZV4pdsm,0.052959000000000006,0.875698,0.333539
388200,a1ae1/t4k9+hz7Co6GQMZFGR7+1LZjTFPgvl3idQZhUqP0WEkGTW/0YkzZV4pdsm,0.019756,0.754625,0.316769
388500,a1ae1/t4k9+hz7Co6GQMZFGR7+1LZjTFPgvl3idQZhUqP0WEkGTW/0YkzZV4pdsm,0.091836,1.720648,0.345532
388800,a1ae1/t4k9+hz7Co6GQMZFGR7+1LZjTFPgvl3idQZhUqP0WEkGTW/0YkzZV4pdsm,0.067286,0.9602729999999999,0.363207
389100,a1ae1/t4k9+hz7Co6GQMZFGR7+1LZjTFPgvl3idQZhUqP0WEkGTW/0YkzZV4pdsm,0.096134,1.0562120000000002,0.333604
389400,a1ae1/t4k9+hz7Co6GQMZFGR7+1LZjTFPgvl3idQZhUqP0WEkGTW/0YkzZV4pdsm,0.08525,1.274515,0.332271
389700,a1ae1/t4k9+hz7Co6GQMZFGR7+1LZjTFPgvl3idQZhUqP0WEkGTW/0YkzZV4pdsm,0.077534,0.7711439999999999,0.372359
390000,a1ae1/t4k9+hz7Co6GQMZFGR7+1LZjTFPgvl3idQZhUqP0WEkGTW/0YkzZV4pdsm,0.056449,0.8688870000000001,0.323569
390300,a1ae1/t4k9+hz7Co6GQMZFGR7+1LZjTFPgvl3idQZhUqP0WEkGTW/0YkzZV4pdsm,0.093863,0.997302,0.37191
390600,a1ae1/t4k9+hz7Co6GQMZFGR7+1LZjTFPgvl3idQZhUqP0WEkGTW/0YkzZV4pdsm,0.07807599999999999,0.93224,0.312618
390900,a1ae1/t4k9+hz7Co6GQMZFGR7+1LZjTFPgvl3idQZhUqP0WEkGTW/0YkzZV4pdsm,0.058213,0.8470469999999999,0.343646
391200,a1ae1/t4k9+hz7Co6GQMZFGR7+1LZjTFPgvl3idQZhUqP0WEkGTW/0YkzZV4pdsm,0.09060900000000001,0.794986,0.359792
391500,a1ae1/t4k9+hz7Co6GQMZFGR7+1LZjTFPgvl3idQZhUqP0WEkGTW/0YkzZV4pdsm,0.07507,0.99929,0.35428000000000004
391800,a1ae1/t4k9+hz7Co6GQMZFGR7+1LZjTFPgvl3idQZhUqP0WEkGTW/0YkzZV4pdsm,0.096687,1.218832,0.351925
392100,a1ae1/t4k9+hz7Co6GQMZFGR7+1LZjTFPgvl3idQZhUqP0WEkGTW/0YkzZV4pdsm,0.049203,1.872643,0.34115700000000004
392400,a1ae1/t4k9+hz7Co6GQMZFGR7+1LZjTFPgvl3idQZhUqP0WEkGTW/0YkzZV4pdsm,0.089887,1.026744,0.374616
392700,a1ae1/t4k9+hz7Co6GQMZFGR7+1LZjTFPgvl3idQZhUqP0WEkGTW/0YkzZV4pdsm,0.045571,0.9790030000000001,0.310676
393000,a1ae1/t4k9+hz7Co6GQMZFGR7+1LZjTFPgvl3idQZhUqP0WEkGTW/0YkzZV4pdsm,0.09929299999999999,0.7694880000000001,0.37414200000000003
393300,a1ae1/t4k9+hz7Co6GQMZFGR7+1LZjTFPgvl3idQZhUqP0WEkGTW/0YkzZV4pdsm,0.09799400000000001,0.805906,0.339947
393600,a1ae1/t4k9+hz7Co6GQMZFGR7+1LZjTFPgvl3idQZhUqP0WEkGTW/0YkzZV4pdsm,0.076535,0.849649,0.327191
393900,a1ae1/t4k9+hz7Co6GQMZFGR7+1LZjTFPgvl3idQZhUqP0WEkGTW/0YkzZV4pdsm,0.083128,1.02391,0.352786
394200,a1ae1/t4k9+hz7Co6GQMZFGR7+1LZjTFPgvl3idQZhUqP0WEkGTW/0YkzZV4pdsm,0.092291,1.281388,0.340708
394500,a1ae1/t4k9+hz7Co6GQMZFGR7+1LZjTFPgvl3idQZhUqP0WEkGTW/0YkzZV4pdsm,0.097234,0.937416,0.34926199999999996
394800,a1ae1/t4k9+hz7Co6GQMZFGR7+1LZjTFPgvl3idQZhUqP0WEkGTW/0YkzZV4pdsm,0.062103,0.9419040000000001,0.322698
395100,a1ae1/t4k9+hz7Co6GQMZFGR7+1LZjTFPgvl3idQZhUqP0WEkGTW/0YkzZV4pdsm,0.090357,0.8451709999999999,0.320686
395400,a1ae1/t4k9+hz7Co6GQMZFGR7+1LZjTFPgvl3idQZhUqP0WEkGTW/0YkzZV4pdsm,0.103131,4.579172,0.567837
395700,a1ae1/t4k9+hz7Co6GQMZFGR7+1LZjTFPgvl3idQZhUqP0WEkGTW/0YkzZV4pdsm,0.106653,1.5771190000000002,0.367286
396000,a1ae1/t4k9+hz7Co6GQMZFGR7+1LZjTFPgvl3idQZhUqP0WEkGTW/0YkzZV4pdsm,0.068587,0.89831,0.33676999999999996
396300,a1ae1/t4k9+hz7Co6GQMZFGR7+1LZjTFPgvl3idQZhUqP0WEkGTW/0YkzZV4pdsm,0.052565,1.252037,0.336052
396600,a1ae1/t4k9+hz7Co6GQMZFGR7+1LZjTFPgvl3idQZhUqP0WEkGTW/0YkzZV4pdsm,0.108021,0.982778,0.365675
396900,a1ae1/t4k9+hz7Co6GQMZFGR7+1LZjTFPgvl3idQZhUqP0WEkGTW/0YkzZV4pdsm,0.04036,0.864554,0.326338
397200,a1ae1/t4k9+hz7Co6GQMZFGR7+1LZjTFPgvl3idQZhUqP0WEkGTW/0YkzZV4pdsm,0.103381,0.837835,0.34721399999999997
397500,a1ae1/t4k9+hz7Co6GQMZFGR7+1LZjTFPgvl3idQZhUqP0WEkGTW/0YkzZV4pdsm,0.07990599999999999,1.092991,0.346603
397800,a1ae1/t4k9+hz7Co6GQMZFGR7+1LZjTFPgvl3idQZhUqP0WEkGTW/0YkzZV4pdsm,0.084024,1.339856,0.35646700000000003
398100,a1ae1/t4k9+hz7Co6GQMZFGR7+1LZjTFPgvl3idQZhUqP0WEkGTW/0YkzZV4pdsm,0.019548,1.096439,0.328967
398400,a1ae1/t4k9+hz7Co6GQMZFGR7+1LZjTFPgvl3idQZhUqP0WEkGTW/0YkzZV4pdsm,0.092001,1.308959,0.346906
398700,a1ae1/t4k9+hz7Co6GQMZFGR7+1LZjTFPgvl3idQZhUqP0WEkGTW/0YkzZV4pdsm,0.055815,0.71117,0.28546900000000003
399000,a1ae1/t4k9+hz7Co6GQMZFGR7+1LZjTFPgvl3idQZhUqP0WEkGTW/0YkzZV4pdsm,0.02155,1.384844,0.367639
399300,a1ae1/t4k9+hz7Co6GQMZFGR7+1LZjTFPgvl3idQZhUqP0WEkGTW/0YkzZV4pdsm,0.10288499999999999,1.7447080000000001,0.37542600000000004
399600,a1ae1/t4k9+hz7Co6GQMZFGR7+1LZjTFPgvl3idQZhUqP0WEkGTW/0YkzZV4pdsm,0.031304000000000005,1.115811,0.322477
399900,a1ae1/t4k9+hz7Co6GQMZFGR7+1LZjTFPgvl3idQZhUqP0WEkGTW/0YkzZV4pdsm,0.082372,0.7850520000000001,0.360715
400200,a1ae1/t4k9+hz7Co6GQMZFGR7+1LZjTFPgvl3idQZhUqP0WEkGTW/0YkzZV4pdsm,0.040938,0.9075049999999999,0.324265
400500,a1ae1/t4k9+hz7Co6GQMZFGR7+1LZjTFPgvl3idQZhUqP0WEkGTW/0YkzZV4pdsm,0.089137,1.0269709999999999,0.367899
400800,a1ae1/t4k9+hz7Co6GQMZFGR7+1LZjTFPgvl3idQZhUqP0WEkGTW/0YkzZV4pdsm,0.07209299999999999,0.913437,0.329333
401100,a1ae1/t4k9+hz7Co6GQMZFGR7+1LZjTFPgvl3idQZhUqP0WEkGTW/0YkzZV4pdsm,0.101476,1.00546,0.37043400000000004
401400,a1ae1/t4k9+hz7Co6GQMZFGR7+1LZjTFPgvl3idQZhUqP0WEkGTW/0YkzZV4pdsm,0.061064,0.9511290000000001,0.315785
401700,a1ae1/t4k9+hz7Co6GQMZFGR7+1LZjTFPgvl3idQZhUqP0WEkGTW/0YkzZV4pdsm,0.066977,0.8795139999999999,0.332333
402000,a1ae1/t4k9+hz7Co6GQMZFGR7+1LZjTFPgvl3idQZhUqP0WEkGTW/0YkzZV4pdsm,0.097544,0.7769659999999999,0.346574
402300,a1ae1/t4k9+hz7Co6GQMZFGR7+1LZjTFPgvl3idQZhUqP0WEkGTW/0YkzZV4pdsm,0.08628999999999999,0.8686229999999999,0.26400100000000004
402600,a1ae1/t4k9+hz7Co6GQMZFGR7+1LZjTFPgvl3idQZhUqP0WEkGTW/0YkzZV4pdsm,0.10617,1.344706,0.370218
402900,a1ae1/t4k9+hz7Co6GQMZFGR7+1LZjTFPgvl3idQZhUqP0WEkGTW/0YkzZV4pdsm,0.053058,1.8635259999999998,0.35430100000000003
403200,a1ae1/t4k9+hz7Co6GQMZFGR7+1LZjTFPgvl3idQZhUqP0WEkGTW/0YkzZV4pdsm,0.11130899999999999,0.866712,0.374189
403500,a1ae1/t4k9+hz7Co6GQMZFGR7+1LZjTFPgvl3idQZhUqP0WEkGTW/0YkzZV4pdsm,0.090614,0.9105700000000001,0.315424
403800,a1ae1/t4k9+hz7Co6GQMZFGR7+1LZjTFPgvl3idQZhUqP0WEkGTW/0YkzZV4pdsm,0.09237000000000001,0.854349,0.337017
404100,a1ae1/t4k9+hz7Co6GQMZFGR7+1LZjTFPgvl3idQZhUqP0WEkGTW/0YkzZV4pdsm,0.10285,5.130473,0.5812229999999999
404400,a1ae1/t4k9+hz7Co6GQMZFGR7+1LZjTFPgvl3idQZhUqP0WEkGTW/0YkzZV4pdsm,0.087298,0.8593200000000001,0.32622199999999996
404700,a1ae1/t4k9+hz7Co6GQMZFGR7+1LZjTFPgvl3idQZhUqP0WEkGTW/0YkzZV4pdsm,0.097024,1.0256299999999998,0.354923
405000,a1ae1/t4k9+hz7Co6GQMZFGR7+1LZjTFPgvl3idQZhUqP0WEkGTW/0YkzZV4pdsm,0.06829299999999999,0.9777459999999999,0.33448
405300,a1ae1/t4k9+hz7Co6GQMZFGR7+1LZjTFPgvl3idQZhUqP0WEkGTW/0YkzZV4pdsm,0.09955499999999999,0.9632940000000001,0.351559
405600,a1ae1/t4k9+hz7Co6GQMZFGR7+1LZjTFPgvl3idQZhUqP0WEkGTW/0YkzZV4pdsm,0.09751699999999999,1.191705,0.365313
405900,a1ae1/t4k9+hz7Co6GQMZFGR7+1LZjTFPgvl3idQZhUqP0WEkGTW/0YkzZV4pdsm,0.089263,0.936991,0.32500300000000004
406200,a1ae1/t4k9+hz7Co6GQMZFGR7+1LZjTFPgvl3idQZhUqP0WEkGTW/0YkzZV4pdsm,0.058694,0.9001239999999999,0.31947
406500,a1ae1/t4k9+hz7Co6GQMZFGR7+1LZjTFPgvl3idQZhUqP0WEkGTW/0YkzZV4pdsm,0.11828,1.697978,0.371643
406800,a1ae1/t4k9+hz7Co6GQMZFGR7+1LZjTFPgvl3idQZhUqP0WEkGTW/0YkzZV4pdsm,0.056991999999999994,0.936527,0.359993
407100,a1ae1/t4k9+hz7Co6GQMZFGR7+1LZjTFPgvl3idQZhUqP0WEkGTW/0YkzZV4pdsm,0.071666,1.149849,0.359165
407400,a1ae1/t4k9+hz7Co6GQMZFGR7+1LZjTFPgvl3idQZhUqP0WEkGTW/0YkzZV4pdsm,0.108721,0.826049,0.336341
407700,a1ae1/t4k9+hz7Co6GQMZFGR7+1LZjTFPgvl3idQZhUqP0WEkGTW/0YkzZV4pdsm,0.05725,0.8532270000000001,0.343986
408000,a1ae1/t4k9+hz7Co6GQMZFGR7+1LZjTFPgvl3idQZhUqP0WEkGTW/0YkzZV4pdsm,0.102007,0.9033459999999999,0.335945
408300,a1ae1/t4k9+hz7Co6GQMZFGR7+1LZjTFPgvl3idQZhUqP0WEkGTW/0YkzZV4pdsm,0.100325,1.113796,0.34664
408600,a1ae1/t4k9+hz7Co6GQMZFGR7+1LZjTFPgvl3idQZhUqP0WEkGTW/0YkzZV4pdsm,0.096178,1.008367,0.360437
408900,a1ae1/t4k9+hz7Co6GQMZFGR7+1LZjTFPgvl3idQZhUqP0WEkGTW/0YkzZV4pdsm,0.093199,0.903899,0.298952
409200,a1ae1/t4k9+hz7Co6GQMZFGR7+1LZjTFPgvl3idQZhUqP0WEkGTW/0YkzZV4pdsm,0.100217,0.829875,0.357375
409500,a1ae1/t4k9+hz7Co6GQMZFGR7+1LZjTFPgvl3idQZhUqP0WEkGTW/0YkzZV4pdsm,0.037107999999999995,0.865562,0.31095700000000004
409800,a1ae1/t4k9+hz7Co6GQMZFGR7+1LZjTFPgvl3idQZhUqP0WEkGTW/0YkzZV4pdsm,0.075382,0.9698370000000001,0.34809
410100,a1ae1/t4k9+hz7Co6GQMZFGR7+1LZjTFPgvl3idQZhUqP0WEkGTW/0YkzZV4pdsm,0.096024,2.018056,0.380177
410400,a1ae1/t4k9+hz7Co6GQMZFGR7+1LZjTFPgvl3idQZhUqP0WEkGTW/0YkzZV4pdsm,0.095937,7.284559,0.8195110000000001
410700,a1ae1/t4k9+hz7Co6GQMZFGR7+1LZjTFPgvl3idQZhUqP0WEkGTW/0YkzZV4pdsm,0.088094,1.548853,0.453326
411000,a1ae1/t4k9+hz7Co6GQMZFGR7+1LZjTFPgvl3idQZhUqP0WEkGTW/0YkzZV4pdsm,0.06864400000000001,0.860101,0.32510300000000003
411300,a1ae1/t4k9+hz7Co6GQMZFGR7+1LZjTFPgvl3idQZhUqP0WEkGTW/0YkzZV4pdsm,0.093052,0.9485030000000001,0.360608
411600,a1ae1/t4k9+hz7Co6GQMZFGR7+1LZjTFPgvl3idQZhUqP0WEkGTW/0YkzZV4pdsm,0.080937,0.9791350000000001,0.329379
411900,a1ae1/t4k9+hz7Co6GQMZFGR7+1LZjTFPgvl3idQZhUqP0WEkGTW/0YkzZV4pdsm,0.092771,1.116401,0.371423
412200,a1ae1/t4k9+hz7Co6GQMZFGR7+1LZjTFPgvl3idQZhUqP0WEkGTW/0YkzZV4pdsm,0.039736,0.8687229999999999,0.33805100000000005
412500,a1ae1/t4k9+hz7Co6GQMZFGR7+1LZjTFPgvl3idQZhUqP0WEkGTW/0YkzZV4pdsm,0.039185000000000005,1.024549,0.290823
412800,a1ae1/t4k9+hz7Co6GQMZFGR7+1LZjTFPgvl3idQZhUqP0WEkGTW/0YkzZV4pdsm,0.089306,1.221064,0.361761
413100,a1ae1/t4k9+hz7Co6GQMZFGR7+1LZjTFPgvl3idQZhUqP0WEkGTW/0YkzZV4pdsm,0.100595,0.9380219999999999,0.329406
413400,a1ae1/t4k9+hz7Co6GQMZFGR7+1LZjTFPgvl3idQZhUqP0WEkGTW/0YkzZV4pdsm,0.093096,0.8440280000000001,0.359792
413700,a1ae1/t4k9+hz7Co6GQMZFGR7+1LZjTFPgvl3idQZhUqP0WEkGTW/0YkzZV4pdsm,0.073512,2.4196,0.391795
414000,a1ae1/t4k9+hz7Co6GQMZFGR7+1LZjTFPgvl3idQZhUqP0WEkGTW/0YkzZV4pdsm,0.105333,0.8635309999999999,0.35154
414300,a1ae1/t4k9+hz7Co6GQMZFGR7+1LZjTFPgvl3idQZhUqP0WEkGTW/0YkzZV4pdsm,0.07012,1.003058,0.345472
414600,a1ae1/t4k9+hz7Co6GQMZFGR7+1LZjTFPgvl3idQZhUqP0WEkGTW/0YkzZV4pdsm,0.087609,0.9116209999999999,0.331849
414900,a1ae1/t4k9+hz7Co6GQMZFGR7+1LZjTFPgvl3idQZhUqP0WEkGTW/0YkzZV4pdsm,0.048966,0.8860180000000001,0.33454
415200,a1ae1/t4k9+hz7Co6GQMZFGR7+1LZjTFPgvl3idQZhUqP0WEkGTW/0YkzZV4pdsm,0.08514400000000001,0.88802,0.301781
415500,a1ae1/t4k9+hz7Co6GQMZFGR7+1LZjTFPgvl3idQZhUqP0WEkGTW/0YkzZV4pdsm,0.098271,1.039175,0.346674
415800,a1ae1/t4k9+hz7Co6GQMZFGR7+1LZjTFPgvl3idQZhUqP0WEkGTW/0YkzZV4pdsm,0.078876,0.836023,0.352996
416100,a1ae1/t4k9+hz7Co6GQMZFGR7+1LZjTFPgvl3idQZhUqP0WEkGTW/0YkzZV4pdsm,0.12778299999999998,0.811561,0.311631
416400,a1ae1/t4k9+hz7Co6GQMZFGR7+1LZjTFPgvl3idQZhUqP0WEkGTW/0YkzZV4pdsm,0.109776,1.17357,0.318477
416700,a1ae1/t4k9+hz7Co6GQMZFGR7+1LZjTFPgvl3idQZhUqP0WEkGTW/0YkzZV4pdsm,0.133979,1.089596,0.334835
417000,a1ae1/t4k9+hz7Co6GQMZFGR7+1LZjTFPgvl3idQZhUqP0WEkGTW/0YkzZV4pdsm,0.094154,1.0221280000000001,0.337974
417300,a1ae1/t4k9+hz7Co6GQMZFGR7+1LZjTFPgvl3idQZhUqP0WEkGTW/0YkzZV4pdsm,0.10713699999999998,2.123118,0.410709
417600,a1ae1/t4k9+hz7Co6GQMZFGR7+1LZjTFPgvl3idQZhUqP0WEkGTW/0YkzZV4pdsm,0.057802,0.848083,0.315392
417900,a1ae1/t4k9+hz7Co6GQMZFGR7+1LZjTFPgvl3idQZhUqP0WEkGTW/0YkzZV4pdsm,0.063208,1.026132,0.314429
418200,a1ae1/t4k9+hz7Co6GQMZFGR7+1LZjTFPgvl3idQZhUqP0WEkGTW/0YkzZV4pdsm,0.12063299999999999,1.0499049999999999,0.32899
418500,a1ae1/t4k9+hz7Co6GQMZFGR7+1LZjTFPgvl3idQZhUqP0WEkGTW/0YkzZV4pdsm,0.085776,0.876553,0.306285
418800,a1ae1/t4k9+hz7Co6GQMZFGR7+1LZjTFPgvl3idQZhUqP0WEkGTW/0YkzZV4pdsm,0.11261800000000001,1.02139,0.342746
419100,a1ae1/t4k9+hz7Co6GQMZFGR7+1LZjTFPgvl3idQZhUqP0WEkGTW/0YkzZV4pdsm,0.094315,1.0485010000000001,0.318872
419400,a1ae1/t4k9+hz7Co6GQMZFGR7+1LZjTFPgvl3idQZhUqP0WEkGTW/0YkzZV4pdsm,0.124948,0.803589,0.363588
419700,a1ae1/t4k9+hz7Co6GQMZFGR7+1LZjTFPgvl3idQZhUqP0WEkGTW/0YkzZV4pdsm,0.055785,0.92755,0.292522
420000,a1ae1/t4k9+hz7Co6GQMZFGR7+1LZjTFPgvl3idQZhUqP0WEkGTW/0YkzZV4pdsm,0.111575,0.964981,0.36836599999999997
420300,a1ae1/t4k9+hz7Co6GQMZFGR7+1LZjTFPgvl3idQZhUqP0WEkGTW/0YkzZV4pdsm,0.051855,0.9229780000000001,0.317736
420600,a1ae1/t4k9+hz7Co6GQMZFGR7+1LZjTFPgvl3idQZhUqP0WEkGTW/0YkzZV4pdsm,0.118594,0.895993,0.319226
420900,a1ae1/t4k9+hz7Co6GQMZFGR7+1LZjTFPgvl3idQZhUqP0WEkGTW/0YkzZV4pdsm,0.11414300000000001,1.9539099999999998,0.415159
421200,a1ae1/t4k9+hz7Co6GQMZFGR7+1LZjTFPgvl3idQZhUqP0WEkGTW/0YkzZV4pdsm,0.12680999999999998,0.875374,0.327908
421500,a1ae1/t4k9+hz7Co6GQMZFGR7+1LZjTFPgvl3idQZhUqP0WEkGTW/0YkzZV4pdsm,0.094648,1.137941,0.357145
421800,a1ae1/t4k9+hz7Co6GQMZFGR7+1LZjTFPgvl3idQZhUqP0WEkGTW/0YkzZV4pdsm,0.089838,10.368175,0.799463
422100,a1ae1/t4k9+hz7Co6GQMZFGR7+1LZjTFPgvl3idQZhUqP0WEkGTW/0YkzZV4pdsm,0.090805,1.085334,0.363859
422400,a1ae1/t4k9+hz7Co6GQMZFGR7+1LZjTFPgvl3idQZhUqP0WEkGTW/0YkzZV4pdsm,0.10001499999999999,1.355796,0.32759699999999997
422700,a1ae1/t4k9+hz7Co6GQMZFGR7+1LZjTFPgvl3idQZhUqP0WEkGTW/0YkzZV4pdsm,0.089385,0.9477389999999999,0.354139
423000,a1ae1/t4k9+hz7Co6GQMZFGR7+1LZjTFPgvl3idQZhUqP0WEkGTW/0YkzZV4pdsm,0.11387699999999999,1.263459,0.34421399999999996
423300,a1ae1/t4k9+hz7Co6GQMZFGR7+1LZjTFPgvl3idQZhUqP0WEkGTW/0YkzZV4pdsm,0.087987,1.191929,0.322587
423600,a1ae1/t4k9+hz7Co6GQMZFGR7+1LZjTFPgvl3idQZhUqP0WEkGTW/0YkzZV4pdsm,0.095065,0.901001,0.32414899999999996
423900,a1ae1/t4k9+hz7Co6GQMZFGR7+1LZjTFPgvl3idQZhUqP0WEkGTW/0YkzZV4pdsm,0.085609,0.949758,0.325923
424200,a1ae1/t4k9+hz7Co6GQMZFGR7+1LZjTFPgvl3idQZhUqP0WEkGTW/0YkzZV4pdsm,0.115008,0.955892,0.38162199999999996
424500,a1ae1/t4k9+hz7Co6GQMZFGR7+1LZjTFPgvl3idQZhUqP0WEkGTW/0YkzZV4pdsm,0.097344,1.835525,0.38534
424800,a1ae1/t4k9+hz7Co6GQMZFGR7+1LZjTFPgvl3idQZhUqP0WEkGTW/0YkzZV4pdsm,0.102161,0.95029,0.347534
425100,a1ae1/t4k9+hz7Co6GQMZFGR7+1LZjTFPgvl3idQZhUqP0WEkGTW/0YkzZV4pdsm,0.061809,0.925543,0.34853
425400,a1ae1/t4k9+hz7Co6GQMZFGR7+1LZjTFPgvl3idQZhUqP0WEkGTW/0YkzZV4pdsm,0.084155,1.0887280000000001,0.32603499999999996
425700,a1ae1/t4k9+hz7Co6GQMZFGR7+1LZjTFPgvl3idQZhUqP0WEkGTW/0YkzZV4pdsm,0.06644299999999999,2.659599,0.435663
426000,a1ae1/t4k9+hz7Co6GQMZFGR7+1LZjTFPgvl3idQZhUqP0WEkGTW/0YkzZV4pdsm,0.106233,1.191242,0.35449
426300,a1ae1/t4k9+hz7Co6GQMZFGR7+1LZjTFPgvl3idQZhUqP0WEkGTW/0YkzZV4pdsm,0.074643,0.838967,0.290674
426600,a1ae1/t4k9+hz7Co6GQMZFGR7+1LZjTFPgvl3idQZhUqP0WEkGTW/0YkzZV4pdsm,0.049513999999999996,0.801854,0.342502
426900,a1ae1/t4k9+hz7Co6GQMZFGR7+1LZjTFPgvl3idQZhUqP0WEkGTW/0YkzZV4pdsm,0.085039,1.199792,0.311753
427200,a1ae1/t4k9+hz7Co6GQMZFGR7+1LZjTFPgvl3idQZhUqP0WEkGTW/0YkzZV4pdsm,0.092573,1.264393,0.329214
427500,a1ae1/t4k9+hz7Co6GQMZFGR7+1LZjTFPgvl3idQZhUqP0WEkGTW/0YkzZV4pdsm,0.090924,1.052902,0.337562
427800,a1ae1/t4k9+hz7Co6GQMZFGR7+1LZjTFPgvl3idQZhUqP0WEkGTW/0YkzZV4pdsm,0.093574,1.23728,0.385025
428100,a1ae1/t4k9+hz7Co6GQMZFGR7+1LZjTFPgvl3idQZhUqP0WEkGTW/0YkzZV4pdsm,0.105558,2.22875,0.402336
428400,a1ae1/t4k9+hz7Co6GQMZFGR7+1LZjTFPgvl3idQZhUqP0WEkGTW/0YkzZV4pdsm,0.092814,0.920222,0.35521199999999997
428700,a1ae1/t4k9+hz7Co6GQMZFGR7+1LZjTFPgvl3idQZhUqP0WEkGTW/0YkzZV4pdsm,0.086247,0.989527,0.348407
429000,a1ae1/t4k9+hz7Co6GQMZFGR7+1LZjTFPgvl3idQZhUqP0WEkGTW/0YkzZV4pdsm,0.090687,1.040023,0.281661
429300,a1ae1/t4k9+hz7Co6GQMZFGR7+1LZjTFPgvl3idQZhUqP0WEkGTW/0YkzZV4pdsm,0.052588,0.863642,0.292059
429600,a1ae1/t4k9+hz7Co6GQMZFGR7+1LZjTFPgvl3idQZhUqP0WEkGTW/0YkzZV4pdsm,0.103487,1.200998,0.342457
429900,a1ae1/t4k9+hz7Co6GQMZFGR7+1LZjTFPgvl3idQZhUqP0WEkGTW/0YkzZV4pdsm,0.083164,1.134095,0.2711
430200,a1ae1/t4k9+hz7Co6GQMZFGR7+1LZjTFPgvl3idQZhUqP0WEkGTW/0YkzZV4pdsm,0.100539,1.3315489999999999,0.373366
430500,a1ae1/t4k9+hz7Co6GQMZFGR7+1LZjTFPgvl3idQZhUqP0WEkGTW/0YkzZV4pdsm,0.037297000000000004,1.04811,0.315544
430800,a1ae1/t4k9+hz7Co6GQMZFGR7+1LZjTFPgvl3idQZhUqP0WEkGTW/0YkzZV4pdsm,0.106709,1.075258,0.372085
431100,a1ae1/t4k9+hz7Co6GQMZFGR7+1LZjTFPgvl3idQZhUqP0WEkGTW/0YkzZV4pdsm,0.06768500000000001,1.074063,0.295433
431400,a1ae1/t4k9+hz7Co6GQMZFGR7+1LZjTFPgvl3idQZhUqP0WEkGTW/0YkzZV4pdsm,0.093967,1.064063,0.36152
431700,a1ae1/t4k9+hz7Co6GQMZFGR7+1LZjTFPgvl3idQZhUqP0WEkGTW/0YkzZV4pdsm,0.027846,1.486053,0.37802600000000003
432000,a1ae1/t4k9+hz7Co6GQMZFGR7+1LZjTFPgvl3idQZhUqP0WEkGTW/0YkzZV4pdsm,0.084013,0.9553309999999999,0.327098
432300,a1ae1/t4k9+hz7Co6GQMZFGR7+1LZjTFPgvl3idQZhUqP0WEkGTW/0YkzZV4pdsm,0.129156,0.894576,0.341206
432600,a1ae1/t4k9+hz7Co6GQMZFGR7+1LZjTFPgvl3idQZhUqP0WEkGTW/0YkzZV4pdsm,0.057022,1.09728,0.316336
432900,a1ae1/t4k9+hz7Co6GQMZFGR7+1LZjTFPgvl3idQZhUqP0WEkGTW/0YkzZV4pdsm,0.107145,1.1177860000000002,0.353693
433200,a1ae1/t4k9+hz7Co6GQMZFGR7+1LZjTFPgvl3idQZhUqP0WEkGTW/0YkzZV4pdsm,0.048224,0.789509,0.333436
433500,a1ae1/t4k9+hz7Co6GQMZFGR7+1LZjTFPgvl3idQZhUqP0WEkGTW/0YkzZV4pdsm,0.093318,1.046301,0.325813
433800,a1ae1/t4k9+hz7Co6GQMZFGR7+1LZjTFPgvl3idQZhUqP0WEkGTW/0YkzZV4pdsm,0.055485,1.005264,0.353028
434100,a1ae1/t4k9+hz7Co6GQMZFGR7+1LZjTFPgvl3idQZhUqP0WEkGTW/0YkzZV4pdsm,0.10678699999999999,0.929934,0.33564099999999997
434400,a1ae1/t4k9+hz7Co6GQMZFGR7+1LZjTFPgvl3idQZhUqP0WEkGTW/0YkzZV4pdsm,0.061537,0.8457969999999999,0.332775
434700,a1ae1/t4k9+hz7Co6GQMZFGR7+1LZjTFPgvl3idQZhUqP0WEkGTW/0YkzZV4pdsm,0.054883,1.0515,0.35435900000000004
435000,a1ae1/t4k9+hz7Co6GQMZFGR7+1LZjTFPgvl3idQZhUqP0WEkGTW/0YkzZV4pdsm,0.108714,0.8673120000000001,0.333688
435300,a1ae1/t4k9+hz7Co6GQMZFGR7+1LZjTFPgvl3idQZhUqP0WEkGTW/0YkzZV4pdsm,0.10429100000000001,2.4926909999999998,0.405125
435600,a1ae1/t4k9+hz7Co6GQMZFGR7+1LZjTFPgvl3idQZhUqP0WEkGTW/0YkzZV4pdsm,0.100498,0.809262,0.336634
435900,a1ae1/t4k9+hz7Co6GQMZFGR7+1LZjTFPgvl3idQZhUqP0WEkGTW/0YkzZV4pdsm,0.131492,0.925283,0.33811399999999997
436200,a1ae1/t4k9+hz7Co6GQMZFGR7+1LZjTFPgvl3idQZhUqP0WEkGTW/0YkzZV4pdsm,0.100142,1.273955,0.33908499999999997
436500,a1ae1/t4k9+hz7Co6GQMZFGR7+1LZjTFPgvl3idQZhUqP0WEkGTW/0YkzZV4pdsm,0.049673,1.2057639999999998,0.312042
436800,a1ae1/t4k9+hz7Co6GQMZFGR7+1LZjTFPgvl3idQZhUqP0WEkGTW/0YkzZV4pdsm,0.096581,0.806779,0.346236
437100,a1ae1/t4k9+hz7Co6GQMZFGR7+1LZjTFPgvl3idQZhUqP0WEkGTW/0YkzZV4pdsm,0.050191,0.923243,0.28554
437400,a1ae1/t4k9+hz7Co6GQMZFGR7+1LZjTFPgvl3idQZhUqP0WEkGTW/0YkzZV4pdsm,0.067263,1.357882,0.35505
437700,a1ae1/t4k9+hz7Co6GQMZFGR7+1LZjTFPgvl3idQZhUqP0WEkGTW/0YkzZV4pdsm,0.08934299999999999,1.091416,0.336944
438000,a1ae1/t4k9+hz7Co6GQMZFGR7+1LZjTFPgvl3idQZhUqP0WEkGTW/0YkzZV4pdsm,0.025674000000000002,1.426643,0.330852
438300,a1ae1/t4k9+hz7Co6GQMZFGR7+1LZjTFPgvl3idQZhUqP0WEkGTW/0YkzZV4pdsm,0.10354200000000001,1.179162,0.372773
438600,a1ae1/t4k9+hz7Co6GQMZFGR7+1LZjTFPgvl3idQZhUqP0WEkGTW/0YkzZV4pdsm,0.099567,0.9406129999999999,0.344121
438900,a1ae1/t4k9+hz7Co6GQMZFGR7+1LZjTFPgvl3idQZhUqP0WEkGTW/0YkzZV4pdsm,0.098057,2.6253290000000002,0.41853199999999996
439200,a1ae1/t4k9+hz7Co6GQMZFGR7+1LZjTFPgvl3idQZhUqP0WEkGTW/0YkzZV4pdsm,0.051811,0.9296760000000001,0.280853
439500,a1ae1/t4k9+hz7Co6GQMZFGR7+1LZjTFPgvl3idQZhUqP0WEkGTW/0YkzZV4pdsm,0.112562,0.883286,0.345053
439800,a1ae1/t4k9+hz7Co6GQMZFGR7+1LZjTFPgvl3idQZhUqP0WEkGTW/0YkzZV4pdsm,0.066847,0.8093600000000001,0.290025
440100,a1ae1/t4k9+hz7Co6GQMZFGR7+1LZjTFPgvl3idQZhUqP0WEkGTW/0YkzZV4pdsm,0.08931499999999999,1.043323,0.309568
440400,a1ae1/t4k9+hz7Co6GQMZFGR7+1LZjTFPgvl3idQZhUqP0WEkGTW/0YkzZV4pdsm,0.096012,0.9699770000000001,0.35234899999999997
440700,a1ae1/t4k9+hz7Co6GQMZFGR7+1LZjTFPgvl3idQZhUqP0WEkGTW/0YkzZV4pdsm,0.033502,0.9608469999999999,0.274903
441000,a1ae1/t4k9+hz7Co6GQMZFGR7+1LZjTFPgvl3idQZhUqP0WEkGTW/0YkzZV4pdsm,0.102254,1.381268,0.378207
441300,a1ae1/t4k9+hz7Co6GQMZFGR7+1LZjTFPgvl3idQZhUqP0WEkGTW/0YkzZV4pdsm,0.044895,1.017311,0.32414499999999996
441600,a1ae1/t4k9+hz7Co6GQMZFGR7+1LZjTFPgvl3idQZhUqP0WEkGTW/0YkzZV4pdsm,0.093516,0.793145,0.370161
441900,a1ae1/t4k9+hz7Co6GQMZFGR7+1LZjTFPgvl3idQZhUqP0WEkGTW/0YkzZV4pdsm,0.101721,1.089389,0.357885
442200,a1ae1/t4k9+hz7Co6GQMZFGR7+1LZjTFPgvl3idQZhUqP0WEkGTW/0YkzZV4pdsm,0.089072,1.183431,0.33836
442500,a1ae1/t4k9+hz7Co6GQMZFGR7+1LZjTFPgvl3idQZhUqP0WEkGTW/0YkzZV4pdsm,0.064635,1.607318,0.384836
442800,a1ae1/t4k9+hz7Co6GQMZFGR7+1LZjTFPgvl3idQZhUqP0WEkGTW/0YkzZV4pdsm,0.091389,0.853808,0.324746
443100,a1ae1/t4k9+hz7Co6GQMZFGR7+1LZjTFPgvl3idQZhUqP0WEkGTW/0YkzZV4pdsm,0.10072,0.882496,0.350498
443400,a1ae1/t4k9+hz7Co6GQMZFGR7+1LZjTFPgvl3idQZhUqP0WEkGTW/0YkzZV4pdsm,0.10052799999999999,0.88418,0.31059499999999995
443700,a1ae1/t4k9+hz7Co6GQMZFGR7+1LZjTFPgvl3idQZhUqP0WEkGTW/0YkzZV4pdsm,0.109016,0.8123020000000001,0.357769
444000,a1ae1/t4k9+hz7Co6GQMZFGR7+1LZjTFPgvl3idQZhUqP0WEkGTW/0YkzZV4pdsm,0.095171,1.0332629999999998,0.351486
444300,a1ae1/t4k9+hz7Co6GQMZFGR7+1LZjTFPgvl3idQZhUqP0WEkGTW/0YkzZV4pdsm,0.11191300000000001,0.8271139999999999,0.31476
444600,a1ae1/t4k9+hz7Co6GQMZFGR7+1LZjTFPgvl3idQZhUqP0WEkGTW/0YkzZV4pdsm,0.11452899999999999,0.8975049999999999,0.349724
444900,a1ae1/t4k9+hz7Co6GQMZFGR7+1LZjTFPgvl3idQZhUqP0WEkGTW/0YkzZV4pdsm,0.09159400000000001,0.9516309999999999,0.322793
445200,a1ae1/t4k9+hz7Co6GQMZFGR7+1LZjTFPgvl3idQZhUqP0WEkGTW/0YkzZV4pdsm,0.082995,0.784941,0.36327800000000005
445500,a1ae1/t4k9+hz7Co6GQMZFGR7+1LZjTFPgvl3idQZhUqP0WEkGTW/0YkzZV4pdsm,0.07916799999999999,1.025922,0.372575
445800,a1ae1/t4k9+hz7Co6GQMZFGR7+1LZjTFPgvl3idQZhUqP0WEkGTW/0YkzZV4pdsm,0.11095799999999999,0.962142,0.340917
446100,a1ae1/t4k9+hz7Co6GQMZFGR7+1LZjTFPgvl3idQZhUqP0WEkGTW/0YkzZV4pdsm,0.042196,2.571093,0.423412
446400,a1ae1/t4k9+hz7Co6GQMZFGR7+1LZjTFPgvl3idQZhUqP0WEkGTW/0YkzZV4pdsm,0.099722,0.8312219999999999,0.337758
446700,a1ae1/t4k9+hz7Co6GQMZFGR7+1LZjTFPgvl3idQZhUqP0WEkGTW/0YkzZV4pdsm,0.10332000000000001,0.889202,0.35509
447000,a1ae1/t4k9+hz7Co6GQMZFGR7+1LZjTFPgvl3idQZhUqP0WEkGTW/0YkzZV4pdsm,0.11763,0.88986,0.355455
447300,a1ae1/t4k9+hz7Co6GQMZFGR7+1LZjTFPgvl3idQZhUqP0WEkGTW/0YkzZV4pdsm,0.054278,3.4027760000000002,0.460819
447600,a1ae1/t4k9+hz7Co6GQMZFGR7+1LZjTFPgvl3idQZhUqP0WEkGTW/0YkzZV4pdsm,0.101132,1.024178,0.345512
447900,a1ae1/t4k9+hz7Co6GQMZFGR7+1LZjTFPgvl3idQZhUqP0WEkGTW/0YkzZV4pdsm,0.072771,1.0885209999999998,0.31194299999999997
448200,a1ae1/t4k9+hz7Co6GQMZFGR7+1LZjTFPgvl3idQZhUqP0WEkGTW/0YkzZV4pdsm,0.10371,1.129557,0.358822
448500,a1ae1/t4k9+hz7Co6GQMZFGR7+1LZjTFPgvl3idQZhUqP0WEkGTW/0YkzZV4pdsm,0.092475,0.9509719999999999,0.336326
448800,a1ae1/t4k9+hz7Co6GQMZFGR7+1LZjTFPgvl3idQZhUqP0WEkGTW/0YkzZV4pdsm,0.092253,0.727317,0.35541799999999996
449100,a1ae1/t4k9+hz7Co6GQMZFGR7+1LZjTFPgvl3idQZhUqP0WEkGTW/0YkzZV4pdsm,0.112346,0.8512780000000001,0.376446
449400,a1ae1/t4k9+hz7Co6GQMZFGR7+1LZjTFPgvl3idQZhUqP0WEkGTW/0YkzZV4pdsm,0.098289,0.935552,0.334392
449700,a1ae1/t4k9+hz7Co6GQMZFGR7+1LZjTFPgvl3idQZhUqP0WEkGTW/0YkzZV4pdsm,0.107116,2.626185,0.418901
450000,a1ae1/t4k9+hz7Co6GQMZFGR7+1LZjTFPgvl3idQZhUqP0WEkGTW/0YkzZV4pdsm,0.10572100000000001,0.951894,0.352837
450300,a1ae1/t4k9+hz7Co6GQMZFGR7+1LZjTFPgvl3idQZhUqP0WEkGTW/0YkzZV4pdsm,0.11088699999999999,0.8486520000000001,0.353555
450600,a1ae1/t4k9+hz7Co6GQMZFGR7+1LZjTFPgvl3idQZhUqP0WEkGTW/0YkzZV4pdsm,0.097651,0.9396200000000001,0.369946
450900,a1ae1/t4k9+hz7Co6GQMZFGR7+1LZjTFPgvl3idQZhUqP0WEkGTW/0YkzZV4pdsm,0.096035,0.9943629999999999,0.329158
451200,a1ae1/t4k9+hz7Co6GQMZFGR7+1LZjTFPgvl3idQZhUqP0WEkGTW/0YkzZV4pdsm,0.100747,1.364818,0.365475
451500,a1ae1/t4k9+hz7Co6GQMZFGR7+1LZjTFPgvl3idQZhUqP0WEkGTW/0YkzZV4pdsm,0.078373,1.246183,0.342771
451800,a1ae1/t4k9+hz7Co6GQMZFGR7+1LZjTFPgvl3idQZhUqP0WEkGTW/0YkzZV4pdsm,0.095269,0.8362379999999999,0.368489
452100,a1ae1/t4k9+hz7Co6GQMZFGR7+1LZjTFPgvl3idQZhUqP0WEkGTW/0YkzZV4pdsm,0.069319,0.981015,0.31601999999999997
452400,a1ae1/t4k9+hz7Co6GQMZFGR7+1LZjTFPgvl3idQZhUqP0WEkGTW/0YkzZV4pdsm,0.093204,0.881225,0.33687
452700,a1ae1/t4k9+hz7Co6GQMZFGR7+1LZjTFPgvl3idQZhUqP0WEkGTW/0YkzZV4pdsm,0.095917,0.9333959999999999,0.374251
453000,a1ae1/t4k9+hz7Co6GQMZFGR7+1LZjTFPgvl3idQZhUqP0WEkGTW/0YkzZV4pdsm,0.09435299999999999,0.844521,0.33419899999999997
453300,a1ae1/t4k9+hz7Co6GQMZFGR7+1LZjTFPgvl3idQZhUqP0WEkGTW/0YkzZV4pdsm,0.09838200000000001,2.860488,0.400412
453600,a1ae1/t4k9+hz7Co6GQMZFGR7+1LZjTFPgvl3idQZhUqP0WEkGTW/0YkzZV4pdsm,0.08156000000000001,0.7819560000000001,0.331663
453900,a1ae1/t4k9+hz7Co6GQMZFGR7+1LZjTFPgvl3idQZhUqP0WEkGTW/0YkzZV4pdsm,0.130935,0.88107,0.341426
454200,a1ae1/t4k9+hz7Co6GQMZFGR7+1LZjTFPgvl3idQZhUqP0WEkGTW/0YkzZV4pdsm,0.0914,1.056235,0.351068
454500,a1ae1/t4k9+hz7Co6GQMZFGR7+1LZjTFPgvl3idQZhUqP0WEkGTW/0YkzZV4pdsm,0.10054600000000001,0.887922,0.33471599999999996
454800,a1ae1/t4k9+hz7Co6GQMZFGR7+1LZjTFPgvl3idQZhUqP0WEkGTW/0YkzZV4pdsm,0.059663,1.055124,0.332321
455100,a1ae1/t4k9+hz7Co6GQMZFGR7+1LZjTFPgvl3idQZhUqP0WEkGTW/0YkzZV4pdsm,0.12019200000000001,1.255715,0.325448
455400,a1ae1/t4k9+hz7Co6GQMZFGR7+1LZjTFPgvl3idQZhUqP0WEkGTW/0YkzZV4pdsm,0.102788,0.826938,0.378107
455700,a1ae1/t4k9+hz7Co6GQMZFGR7+1LZjTFPgvl3idQZhUqP0WEkGTW/0YkzZV4pdsm,0.136223,0.863933,0.341406
456000,a1ae1/t4k9+hz7Co6GQMZFGR7+1LZjTFPgvl3idQZhUqP0WEkGTW/0YkzZV4pdsm,0.091486,1.107171,0.343384
456300,a1ae1/t4k9+hz7Co6GQMZFGR7+1LZjTFPgvl3idQZhUqP0WEkGTW/0YkzZV4pdsm,0.100872,4.62054,0.6899350000000001
456600,a1ae1/t4k9+hz7Co6GQMZFGR7+1LZjTFPgvl3idQZhUqP0WEkGTW/0YkzZV4pdsm,0.115531,0.974029,0.311973
456900,a1ae1/t4k9+hz7Co6GQMZFGR7+1LZjTFPgvl3idQZhUqP0WEkGTW/0YkzZV4pdsm,0.085525,1.782275,0.380048
457200,a1ae1/t4k9+hz7Co6GQMZFGR7+1LZjTFPgvl3idQZhUqP0WEkGTW/0YkzZV4pdsm,0.095448,0.9162299999999999,0.34936500000000004
457500,a1ae1/t4k9+hz7Co6GQMZFGR7+1LZjTFPgvl3idQZhUqP0WEkGTW/0YkzZV4pdsm,0.044451,1.2487489999999999,0.353462
457800,a1ae1/t4k9+hz7Co6GQMZFGR7+1LZjTFPgvl3idQZhUqP0WEkGTW/0YkzZV4pdsm,0.086158,1.116436,0.358198
458100,a1ae1/t4k9+hz7Co6GQMZFGR7+1LZjTFPgvl3idQZhUqP0WEkGTW/0YkzZV4pdsm,0.045596,1.003325,0.313053
458400,a1ae1/t4k9+hz7Co6GQMZFGR7+1LZjTFPgvl3idQZhUqP0WEkGTW/0YkzZV4pdsm,0.105805,1.125947,0.356535
458700,a1ae1/t4k9+hz7Co6GQMZFGR7+1LZjTFPgvl3idQZhUqP0WEkGTW/0YkzZV4pdsm,0.073031,0.911301,0.309207
459000,a1ae1/t4k9+hz7Co6GQMZFGR7+1LZjTFPgvl3idQZhUqP0WEkGTW/0YkzZV4pdsm,0.100879,1.050967,0.37607199999999996
459300,a1ae1/t4k9+hz7Co6GQMZFGR7+1LZjTFPgvl3idQZhUqP0WEkGTW/0YkzZV4pdsm,0.09465,1.242026,0.385274
459600,a1ae1/t4k9+hz7Co6GQMZFGR7+1LZjTFPgvl3idQZhUqP0WEkGTW/0YkzZV4pdsm,0.077916,1.32265,0.343407
459900,a1ae1/t4k9+hz7Co6GQMZFGR7+1LZjTFPgvl3idQZhUqP0WEkGTW/0YkzZV4pdsm,0.092221,0.969176,0.37283299999999997
460200,a1ae1/t4k9+hz7Co6GQMZFGR7+1LZjTFPgvl3idQZhUqP0WEkGTW/0YkzZV4pdsm,0.089337,0.899493,0.31450100000000003
460500,a1ae1/t4k9+hz7Co6GQMZFGR7+1LZjTFPgvl3idQZhUqP0WEkGTW/0YkzZV4pdsm,0.100025,1.760118,0.42511800000000005
460800,a1ae1/t4k9+hz7Co6GQMZFGR7+1LZjTFPgvl3idQZhUqP0WEkGTW/0YkzZV4pdsm,0.10401300000000001,0.9496120000000001,0.35216
461100,a1ae1/t4k9+hz7Co6GQMZFGR7+1LZjTFPgvl3idQZhUqP0WEkGTW/0YkzZV4pdsm,0.103699,0.9089790000000001,0.33726799999999996
461400,a1ae1/t4k9+hz7Co6GQMZFGR7+1LZjTFPgvl3idQZhUqP0WEkGTW/0YkzZV4pdsm,0.092837,0.910323,0.352733
461700,a1ae1/t4k9+hz7Co6GQMZFGR7+1LZjTFPgvl3idQZhUqP0WEkGTW/0YkzZV4pdsm,0.088852,1.117235,0.316558
462000,a1ae1/t4k9+hz7Co6GQMZFGR7+1LZjTFPgvl3idQZhUqP0WEkGTW/0YkzZV4pdsm,0.112534,1.198282,0.369286
462300,a1ae1/t4k9+hz7Co6GQMZFGR7+1LZjTFPgvl3idQZhUqP0WEkGTW/0YkzZV4pdsm,0.095262,0.758181,0.304626
462600,a1ae1/t4k9+hz7Co6GQMZFGR7+1LZjTFPgvl3idQZhUqP0WEkGTW/0YkzZV4pdsm,0.10205299999999999,0.942901,0.380054
462900,a1ae1/t4k9+hz7Co6GQMZFGR7+1LZjTFPgvl3idQZhUqP0WEkGTW/0YkzZV4pdsm,0.08040800000000001,1.0438530000000001,0.353288
463200,a1ae1/t4k9+hz7Co6GQMZFGR7+1LZjTFPgvl3idQZhUqP0WEkGTW/0YkzZV4pdsm,0.11366400000000002,0.812153,0.33761599999999997
463500,a1ae1/t4k9+hz7Co6GQMZFGR7+1LZjTFPgvl3idQZhUqP0WEkGTW/0YkzZV4pdsm,0.074839,0.8287459999999999,0.363748
463800,a1ae1/t4k9+hz7Co6GQMZFGR7+1LZjTFPgvl3idQZhUqP0WEkGTW/0YkzZV4pdsm,0.102565,1.199079,0.362937
464100,a1ae1/t4k9+hz7Co6GQMZFGR7+1LZjTFPgvl3idQZhUqP0WEkGTW/0YkzZV4pdsm,0.053466999999999994,2.096139,0.39645
464400,a1ae1/t4k9+hz7Co6GQMZFGR7+1LZjTFPgvl3idQZhUqP0WEkGTW/0YkzZV4pdsm,0.033533,0.81411,0.348806
464700,a1ae1/t4k9+hz7Co6GQMZFGR7+1LZjTFPgvl3idQZhUqP0WEkGTW/0YkzZV4pdsm,0.109368,0.834522,0.313276
465000,a1ae1/t4k9+hz7Co6GQMZFGR7+1LZjTFPgvl3idQZhUqP0WEkGTW/0YkzZV4pdsm,0.07942300000000001,1.404495,0.338974
465300,a1ae1/t4k9+hz7Co6GQMZFGR7+1LZjTFPgvl3idQZhUqP0WEkGTW/0YkzZV4pdsm,0.082812,1.131717,0.342803
465600,a1ae1/t4k9+hz7Co6GQMZFGR7+1LZjTFPgvl3idQZhUqP0WEkGTW/0YkzZV4pdsm,0.110654,1.032657,0.38113
465900,a1ae1/t4k9+hz7Co6GQMZFGR7+1LZjTFPgvl3idQZhUqP0WEkGTW/0YkzZV4pdsm,0.085651,1.30466,0.346509
466200,a1ae1/t4k9+hz7Co6GQMZFGR7+1LZjTFPgvl3idQZhUqP0WEkGTW/0YkzZV4pdsm,0.048666,0.874452,0.365699
466500,a1ae1/t4k9+hz7Co6GQMZFGR7+1LZjTFPgvl3idQZhUqP0WEkGTW/0YkzZV4pdsm,0.090625,1.042109,0.36654899999999996
466800,a1ae1/t4k9+hz7Co6GQMZFGR7+1LZjTFPgvl3idQZhUqP0WEkGTW/0YkzZV4pdsm,0.065015,0.7559939999999999,0.27162
467100,a1ae1/t4k9+hz7Co6GQMZFGR7+1LZjTFPgvl3idQZhUqP0WEkGTW/0YkzZV4pdsm,0.08656599999999999,0.995181,0.354033
467400,a1ae1/t4k9+hz7Co6GQMZFGR7+1LZjTFPgvl3idQZhUqP0WEkGTW/0YkzZV4pdsm,0.067565,0.767579,0.299604
467700,a1ae1/t4k9+hz7Co6GQMZFGR7+1LZjTFPgvl3idQZhUqP0WEkGTW/0YkzZV4pdsm,0.041125,2.691753,0.449783
468000,a1ae1/t4k9+hz7Co6GQMZFGR7+1LZjTFPgvl3idQZhUqP0WEkGTW/0YkzZV4pdsm,0.097553,1.086088,0.356275
468300,a1ae1/t4k9+hz7Co6GQMZFGR7+1LZjTFPgvl3idQZhUqP0WEkGTW/0YkzZV4pdsm,0.073851,0.843377,0.276673
468600,a1ae1/t4k9+hz7Co6GQMZFGR7+1LZjTFPgvl3idQZhUqP0WEkGTW/0YkzZV4pdsm,0.100922,1.331274,0.356036
468900,a1ae1/t4k9+hz7Co6GQMZFGR7+1LZjTFPgvl3idQZhUqP0WEkGTW/0YkzZV4pdsm,0.08831900000000001,2.822532,0.446524
469200,a1ae1/t4k9+hz7Co6GQMZFGR7+1LZjTFPgvl3idQZhUqP0WEkGTW/0YkzZV4pdsm,0.10668399999999999,0.960584,0.372085
469500,a1ae1/t4k9+hz7Co6GQMZFGR7+1LZjTFPgvl3idQZhUqP0WEkGTW/0YkzZV4pdsm,0.078126,0.728204,0.32404299999999997
469800,a1ae1/t4k9+hz7Co6GQMZFGR7+1LZjTFPgvl3idQZhUqP0WEkGTW/0YkzZV4pdsm,0.12283499999999999,0.812974,0.34724499999999997
470100,a1ae1/t4k9+hz7Co6GQMZFGR7+1LZjTFPgvl3idQZhUqP0WEkGTW/0YkzZV4pdsm,0.060323,0.815882,0.33693
470400,a1ae1/t4k9+hz7Co6GQMZFGR7+1LZjTFPgvl3idQZhUqP0WEkGTW/0YkzZV4pdsm,0.035563,1.025588,0.315347
470700,a1ae1/t4k9+hz7Co6GQMZFGR7+1LZjTFPgvl3idQZhUqP0WEkGTW/0YkzZV4pdsm,0.100216,0.919383,0.360222
471000,a1ae1/t4k9+hz7Co6GQMZFGR7+1LZjTFPgvl3idQZhUqP0WEkGTW/0YkzZV4pdsm,0.064917,1.05529,0.33063200000000004
471300,a1ae1/t4k9+hz7Co6GQMZFGR7+1LZjTFPgvl3idQZhUqP0WEkGTW/0YkzZV4pdsm,0.088246,3.049095,0.426083
471600,a1ae1/t4k9+hz7Co6GQMZFGR7+1LZjTFPgvl3idQZhUqP0WEkGTW/0YkzZV4pdsm,0.060283,0.955717,0.35120500000000004
471900,a1ae1/t4k9+hz7Co6GQMZFGR7+1LZjTFPgvl3idQZhUqP0WEkGTW/0YkzZV4pdsm,0.105075,0.96029,0.323282
472200,a1ae1/t4k9+hz7Co6GQMZFGR7+1LZjTFPgvl3idQZhUqP0WEkGTW/0YkzZV4pdsm,0.06068,1.078951,0.346231
472500,a1ae1/t4k9+hz7Co6GQMZFGR7+1LZjTFPgvl3idQZhUqP0WEkGTW/0YkzZV4pdsm,0.094777,0.8819819999999999,0.332252
472800,a1ae1/t4k9+hz7Co6GQMZFGR7+1LZjTFPgvl3idQZhUqP0WEkGTW/0YkzZV4pdsm,0.088529,0.8519059999999999,0.349973
473100,a1ae1/t4k9+hz7Co6GQMZFGR7+1LZjTFPgvl3idQZhUqP0WEkGTW/0YkzZV4pdsm,0.086208,1.31746,0.385823
473400,a1ae1/t4k9+hz7Co6GQMZFGR7+1LZjTFPgvl3idQZhUqP0WEkGTW/0YkzZV4pdsm,0.093921,0.889403,0.34398
473700,a1ae1/t4k9+hz7Co6GQMZFGR7+1LZjTFPgvl3idQZhUqP0WEkGTW/0YkzZV4pdsm,0.08272,1.276317,0.389426
474000,a1ae1/t4k9+hz7Co6GQMZFGR7+1LZjTFPgvl3idQZhUqP0WEkGTW/0YkzZV4pdsm,0.074531,1.005587,0.321676
474300,a1ae1/t4k9+hz7Co6GQMZFGR7+1LZjTFPgvl3idQZhUqP0WEkGTW/0YkzZV4pdsm,0.05266900000000001,1.0580049999999999,0.309253
474600,a1ae1/t4k9+hz7Co6GQMZFGR7+1LZjTFPgvl3idQZhUqP0WEkGTW/0YkzZV4pdsm,0.11506199999999998,0.912904,0.354829
474900,a1ae1/t4k9+hz7Co6GQMZFGR7+1LZjTFPgvl3idQZhUqP0WEkGTW/0YkzZV4pdsm,0.058724,0.950216,0.32816300000000004
475200,a1ae1/t4k9+hz7Co6GQMZFGR7+1LZjTFPgvl3idQZhUqP0WEkGTW/0YkzZV4pdsm,0.09459,0.8542649999999999,0.355698
475500,a1ae1/t4k9+hz7Co6GQMZFGR7+1LZjTFPgvl3idQZhUqP0WEkGTW/0YkzZV4pdsm,0.097152,0.655517,0.279988
475800,a1ae1/t4k9+hz7Co6GQMZFGR7+1LZjTFPgvl3idQZhUqP0WEkGTW/0YkzZV4pdsm,0.072672,0.930903,0.343033
476100,a1ae1/t4k9+hz7Co6GQMZFGR7+1LZjTFPgvl3idQZhUqP0WEkGTW/0YkzZV4pdsm,0.092324,0.756471,0.344387
476400,a1ae1/t4k9+hz7Co6GQMZFGR7+1LZjTFPgvl3idQZhUqP0WEkGTW/0YkzZV4pdsm,0.057346,0.9335370000000001,0.343168
476700,a1ae1/t4k9+hz7Co6GQMZFGR7+1LZjTFPgvl3idQZhUqP0WEkGTW/0YkzZV4pdsm,0.080014,0.9598270000000001,0.366697
477000,a1ae1/t4k9+hz7Co6GQMZFGR7+1LZjTFPgvl3idQZhUqP0WEkGTW/0YkzZV4pdsm,0.014889,0.854914,0.291107
477300,a1ae1/t4k9+hz7Co6GQMZFGR7+1LZjTFPgvl3idQZhUqP0WEkGTW/0YkzZV4pdsm,0.09209099999999999,0.854901,0.355319
477600,a1ae1/t4k9+hz7Co6GQMZFGR7+1LZjTFPgvl3idQZhUqP0WEkGTW/0YkzZV4pdsm,0.020184999999999998,0.833506,0.29995
477900,a1ae1/t4k9+hz7Co6GQMZFGR7+1LZjTFPgvl3idQZhUqP0WEkGTW/0YkzZV4pdsm,0.10933,0.923351,0.35733400000000004
478200,a1ae1/t4k9+hz7Co6GQMZFGR7+1LZjTFPgvl3idQZhUqP0WEkGTW/0YkzZV4pdsm,0.087315,0.701049,0.310753
478500,a1ae1/t4k9+hz7Co6GQMZFGR7+1LZjTFPgvl3idQZhUqP0WEkGTW/0YkzZV4pdsm,0.030581999999999998,3.3719919999999997,0.38568
478800,a1ae1/t4k9+hz7Co6GQMZFGR7+1LZjTFPgvl3idQZhUqP0WEkGTW/0YkzZV4pdsm,0.10080700000000001,0.798153,0.35295
479100,a1ae1/t4k9+hz7Co6GQMZFGR7+1LZjTFPgvl3idQZhUqP0WEkGTW/0YkzZV4pdsm,0.054729999999999994,0.792925,0.295605
479400,a1ae1/t4k9+hz7Co6GQMZFGR7+1LZjTFPgvl3idQZhUqP0WEkGTW/0YkzZV4pdsm,0.101035,0.8535590000000001,0.366238
479700,a1ae1/t4k9+hz7Co6GQMZFGR7+1LZjTFPgvl3idQZhUqP0WEkGTW/0YkzZV4pdsm,0.09900199999999999,0.84226,0.299123
480000,a1ae1/t4k9+hz7Co6GQMZFGR7+1LZjTFPgvl3idQZhUqP0WEkGTW/0YkzZV4pdsm,0.09464600000000001,1.180272,0.361342
480300,a1ae1/t4k9+hz7Co6GQMZFGR7+1LZjTFPgvl3idQZhUqP0WEkGTW/0YkzZV4pdsm,0.11338699999999999,1.019906,0.361894
480600,a1ae1/t4k9+hz7Co6GQMZFGR7+1LZjTFPgvl3idQZhUqP0WEkGTW/0YkzZV4pdsm,0.104059,0.8664719999999999,0.348132
480900,a1ae1/t4k9+hz7Co6GQMZFGR7+1LZjTFPgvl3idQZhUqP0WEkGTW/0YkzZV4pdsm,0.074848,0.692407,0.33321999999999996
481200,a1ae1/t4k9+hz7Co6GQMZFGR7+1LZjTFPgvl3idQZhUqP0WEkGTW/0YkzZV4pdsm,0.025155,0.8439989999999999,0.299757
481500,a1ae1/t4k9+hz7Co6GQMZFGR7+1LZjTFPgvl3idQZhUqP0WEkGTW/0YkzZV4pdsm,0.087758,0.8499709999999999,0.365948
481800,a1ae1/t4k9+hz7Co6GQMZFGR7+1LZjTFPgvl3idQZhUqP0WEkGTW/0YkzZV4pdsm,0.086156,1.004564,0.3443
482100,a1ae1/t4k9+hz7Co6GQMZFGR7+1LZjTFPgvl3idQZhUqP0WEkGTW/0YkzZV4pdsm,0.098688,2.9495270000000002,0.418493
482400,a1ae1/t4k9+hz7Co6GQMZFGR7+1LZjTFPgvl3idQZhUqP0WEkGTW/0YkzZV4pdsm,0.073152,0.858367,0.315442
482700,a1ae1/t4k9+hz7Co6GQMZFGR7+1LZjTFPgvl3idQZhUqP0WEkGTW/0YkzZV4pdsm,0.093539,0.745201,0.319623
483000,a1ae1/t4k9+hz7Co6GQMZFGR7+1LZjTFPgvl3idQZhUqP0WEkGTW/0YkzZV4pdsm,0.09699400000000001,0.904502,0.338528
483300,a1ae1/t4k9+hz7Co6GQMZFGR7+1LZjTFPgvl3idQZhUqP0WEkGTW/0YkzZV4pdsm,0.097224,0.933773,0.345165
483600,a1ae1/t4k9+hz7Co6GQMZFGR7+1LZjTFPgvl3idQZhUqP0WEkGTW/0YkzZV4pdsm,0.106959,1.017845,0.347841
483900,a1ae1/t4k9+hz7Co6GQMZFGR7+1LZjTFPgvl3idQZhUqP0WEkGTW/0YkzZV4pdsm,0.11761600000000001,3.875916,0.446263
484200,a1ae1/t4k9+hz7Co6GQMZFGR7+1LZjTFPgvl3idQZhUqP0WEkGTW/0YkzZV4pdsm,0.091185,0.908201,0.34814
484500,a1ae1/t4k9+hz7Co6GQMZFGR7+1LZjTFPgvl3idQZhUqP0WEkGTW/0YkzZV4pdsm,0.032107,0.937858,0.297979
484800,a1ae1/t4k9+hz7Co6GQMZFGR7+1LZjTFPgvl3idQZhUqP0WEkGTW/0YkzZV4pdsm,0.10228999999999999,1.008427,0.355795
485100,a1ae1/t4k9+hz7Co6GQMZFGR7+1LZjTFPgvl3idQZhUqP0WEkGTW/0YkzZV4pdsm,0.091451,15.179426999999999,1.2359209999999998
485400,a1ae1/t4k9+hz7Co6GQMZFGR7+1LZjTFPgvl3idQZhUqP0WEkGTW/0YkzZV4pdsm,0.097138,0.936099,0.347281
485700,a1ae1/t4k9+hz7Co6GQMZFGR7+1LZjTFPgvl3idQZhUqP0WEkGTW/0YkzZV4pdsm,0.051871,0.817067,0.29801500000000003
486000,a1ae1/t4k9+hz7Co6GQMZFGR7+1LZjTFPgvl3idQZhUqP0WEkGTW/0YkzZV4pdsm,0.09249299999999999,1.281077,0.38319699999999995
486300,a1ae1/t4k9+hz7Co6GQMZFGR7+1LZjTFPgvl3idQZhUqP0WEkGTW/0YkzZV4pdsm,0.07266900000000001,0.685631,0.290639
486600,a1ae1/t4k9+hz7Co6GQMZFGR7+1LZjTFPgvl3idQZhUqP0WEkGTW/0YkzZV4pdsm,0.074025,1.114745,0.360543
486900,a1ae1/t4k9+hz7Co6GQMZFGR7+1LZjTFPgvl3idQZhUqP0WEkGTW/0YkzZV4pdsm,0.098229,0.927675,0.373523
487200,a1ae1/t4k9+hz7Co6GQMZFGR7+1LZjTFPgvl3idQZhUqP0WEkGTW/0YkzZV4pdsm,0.048428,0.979833,0.324372
487500,a1ae1/t4k9+hz7Co6GQMZFGR7+1LZjTFPgvl3idQZhUqP0WEkGTW/0YkzZV4pdsm,0.11414300000000001,0.943362,0.376452
487800,a1ae1/t4k9+hz7Co6GQMZFGR7+1LZjTFPgvl3idQZhUqP0WEkGTW/0YkzZV4pdsm,0.112267,0.831782,0.33396
488100,a1ae1/t4k9+hz7Co6GQMZFGR7+1LZjTFPgvl3idQZhUqP0WEkGTW/0YkzZV4pdsm,0.10633699999999999,0.815497,0.351723
488400,a1ae1/t4k9+hz7Co6GQMZFGR7+1LZjTFPgvl3idQZhUqP0WEkGTW/0YkzZV4pdsm,0.097018,0.9889969999999999,0.38424400000000003
488700,a1ae1/t4k9+hz7Co6GQMZFGR7+1LZjTFPgvl3idQZhUqP0WEkGTW/0YkzZV4pdsm,0.10041699999999999,0.8459629999999999,0.350598
489000,a1ae1/t4k9+hz7Co6GQMZFGR7+1LZjTFPgvl3idQZhUqP0WEkGTW/0YkzZV4pdsm,0.12050899999999999,0.787407,0.35902199999999995
489300,a1ae1/t4k9+hz7Co6GQMZFGR7+1LZjTFPgvl3idQZhUqP0WEkGTW/0YkzZV4pdsm,0.106178,7.116632000000001,0.857108
489600,a1ae1/t4k9+hz7Co6GQMZFGR7+1LZjTFPgvl3idQZhUqP0WEkGTW/0YkzZV4pdsm,0.119473,1.3975790000000001,0.361433
489900,a1ae1/t4k9+hz7Co6GQMZFGR7+1LZjTFPgvl3idQZhUqP0WEkGTW/0YkzZV4pdsm,0.099632,1.535109,0.365437
490200,a1ae1/t4k9+hz7Co6GQMZFGR7+1LZjTFPgvl3idQZhUqP0WEkGTW/0YkzZV4pdsm,0.09990700000000001,1.097701,0.37001999999999996
490500,a1ae1/t4k9+hz7Co6GQMZFGR7+1LZjTFPgvl3idQZhUqP0WEkGTW/0YkzZV4pdsm,0.12006300000000002,3.053505,0.517076
490800,a1ae1/t4k9+hz7Co6GQMZFGR7+1LZjTFPgvl3idQZhUqP0WEkGTW/0YkzZV4pdsm,0.09472,0.886252,0.330979
491100,a1ae1/t4k9+hz7Co6GQMZFGR7+1LZjTFPgvl3idQZhUqP0WEkGTW/0YkzZV4pdsm,0.09698,1.038612,0.391254
491400,a1ae1/t4k9+hz7Co6GQMZFGR7+1LZjTFPgvl3idQZhUqP0WEkGTW/0YkzZV4pdsm,0.122055,0.9335100000000001,0.339227
491700,a1ae1/t4k9+hz7Co6GQMZFGR7+1LZjTFPgvl3idQZhUqP0WEkGTW/0YkzZV4pdsm,0.1213,1.001371,0.37785100000000005
492000,a1ae1/t4k9+hz7Co6GQMZFGR7+1LZjTFPgvl3idQZhUqP0WEkGTW/0YkzZV4pdsm,0.056136,0.983347,0.328416
492300,a1ae1/t4k9+hz7Co6GQMZFGR7+1LZjTFPgvl3idQZhUqP0WEkGTW/0YkzZV4pdsm,0.07099,0.9323170000000001,0.344695
492600,a1ae1/t4k9+hz7Co6GQMZFGR7+1LZjTFPgvl3idQZhUqP0WEkGTW/0YkzZV4pdsm,0.107806,2.099173,0.429745
492900,a1ae1/t4k9+hz7Co6GQMZFGR7+1LZjTFPgvl3idQZhUqP0WEkGTW/0YkzZV4pdsm,0.082942,3.712792,0.387293
493200,a1ae1/t4k9+hz7Co6GQMZFGR7+1LZjTFPgvl3idQZhUqP0WEkGTW/0YkzZV4pdsm,0.10095900000000001,0.954147,0.377734
493500,a1ae1/t4k9+hz7Co6GQMZFGR7+1LZjTFPgvl3idQZhUqP0WEkGTW/0YkzZV4pdsm,0.09523999999999999,1.266131,0.329771
493800,a1ae1/t4k9+hz7Co6GQMZFGR7+1LZjTFPgvl3idQZhUqP0WEkGTW/0YkzZV4pdsm,0.10095900000000001,1.205546,0.357134
494100,a1ae1/t4k9+hz7Co6GQMZFGR7+1LZjTFPgvl3idQZhUqP0WEkGTW/0YkzZV4pdsm,0.07840599999999999,0.878144,0.37124
494400,a1ae1/t4k9+hz7Co6GQMZFGR7+1LZjTFPgvl3idQZhUqP0WEkGTW/0YkzZV4pdsm,0.10555199999999999,0.847924,0.32860500000000004
494700,a1ae1/t4k9+hz7Co6GQMZFGR7+1LZjTFPgvl3idQZhUqP0WEkGTW/0YkzZV4pdsm,0.061329999999999996,0.966615,0.350528
495000,a1ae1/t4k9+hz7Co6GQMZFGR7+1LZjTFPgvl3idQZhUqP0WEkGTW/0YkzZV4pdsm,0.0965,1.174115,0.336391
495300,a1ae1/t4k9+hz7Co6GQMZFGR7+1LZjTFPgvl3idQZhUqP0WEkGTW/0YkzZV4pdsm,0.043366,0.9311780000000001,0.27416399999999996
495600,a1ae1/t4k9+hz7Co6GQMZFGR7+1LZjTFPgvl3idQZhUqP0WEkGTW/0YkzZV4pdsm,0.101262,0.9514090000000001,0.355621
495900,a1ae1/t4k9+hz7Co6GQMZFGR7+1LZjTFPgvl3idQZhUqP0WEkGTW/0YkzZV4pdsm,0.047356999999999996,0.976359,0.35388200000000003
496200,a1ae1/t4k9+hz7Co6GQMZFGR7+1LZjTFPgvl3idQZhUqP0WEkGTW/0YkzZV4pdsm,0.10848,0.8434440000000001,0.34410100000000005
496500,a1ae1/t4k9+hz7Co6GQMZFGR7+1LZjTFPgvl3idQZhUqP0WEkGTW/0YkzZV4pdsm,0.08533099999999999,3.4490239999999996,0.426191
496800,a1ae1/t4k9+hz7Co6GQMZFGR7+1LZjTFPgvl3idQZhUqP0WEkGTW/0YkzZV4pdsm,0.09274199999999999,1.15814,0.367888
497100,a1ae1/t4k9+hz7Co6GQMZFGR7+1LZjTFPgvl3idQZhUqP0WEkGTW/0YkzZV4pdsm,0.09491000000000001,1.298786,0.320447
497400,a1ae1/t4k9+hz7Co6GQMZFGR7+1LZjTFPgvl3idQZhUqP0WEkGTW/0YkzZV4pdsm,0.068945,0.950738,0.36386199999999996
497700,a1ae1/t4k9+hz7Co6GQMZFGR7+1LZjTFPgvl3idQZhUqP0WEkGTW/0YkzZV4pdsm,0.097327,1.359243,0.373805
498000,a1ae1/t4k9+hz7Co6GQMZFGR7+1LZjTFPgvl3idQZhUqP0WEkGTW/0YkzZV4pdsm,0.068895,0.988275,0.29834099999999997
498300,a1ae1/t4k9+hz7Co6GQMZFGR7+1LZjTFPgvl3idQZhUqP0WEkGTW/0YkzZV4pdsm,0.114981,0.861038,0.370791
498600,a1ae1/t4k9+hz7Co6GQMZFGR7+1LZjTFPgvl3idQZhUqP0WEkGTW/0YkzZV4pdsm,0.093377,0.787602,0.321301
498900,a1ae1/t4k9+hz7Co6GQMZFGR7+1LZjTFPgvl3idQZhUqP0WEkGTW/0YkzZV4pdsm,0.096679,1.635704,0.425554
499200,a1ae1/t4k9+hz7Co6GQMZFGR7+1LZjTFPgvl3idQZhUqP0WEkGTW/0YkzZV4pdsm,0.080789,1.08552,0.342136
499500,a1ae1/t4k9+hz7Co6GQMZFGR7+1LZjTFPgvl3idQZhUqP0WEkGTW/0YkzZV4pdsm,0.09539199999999999,0.971258,0.323119
499800,a1ae1/t4k9+hz7Co6GQMZFGR7+1LZjTFPgvl3idQZhUqP0WEkGTW/0YkzZV4pdsm,0.045711,1.3011059999999999,0.36456900000000003
500100,a1ae1/t4k9+hz7Co6GQMZFGR7+1LZjTFPgvl3idQZhUqP0WEkGTW/0YkzZV4pdsm,0.059613,3.636561,0.41866499999999995
500400,a1ae1/t4k9+hz7Co6GQMZFGR7+1LZjTFPgvl3idQZhUqP0WEkGTW/0YkzZV4pdsm,0.095066,1.0734139999999999,0.378058
500700,a1ae1/t4k9+hz7Co6GQMZFGR7+1LZjTFPgvl3idQZhUqP0WEkGTW/0YkzZV4pdsm,0.035519,1.0977379999999999,0.365216
501000,a1ae1/t4k9+hz7Co6GQMZFGR7+1LZjTFPgvl3idQZhUqP0WEkGTW/0YkzZV4pdsm,0.10713900000000001,1.241567,0.34063699999999997
501300,a1ae1/t4k9+hz7Co6GQMZFGR7+1LZjTFPgvl3idQZhUqP0WEkGTW/0YkzZV4pdsm,0.039806,1.002069,0.368183
501600,a1ae1/t4k9+hz7Co6GQMZFGR7+1LZjTFPgvl3idQZhUqP0WEkGTW/0YkzZV4pdsm,0.11211900000000001,0.857065,0.334536
501900,a1ae1/t4k9+hz7Co6GQMZFGR7+1LZjTFPgvl3idQZhUqP0WEkGTW/0YkzZV4pdsm,0.091921,0.949385,0.357616
502200,a1ae1/t4k9+hz7Co6GQMZFGR7+1LZjTFPgvl3idQZhUqP0WEkGTW/0YkzZV4pdsm,0.099409,0.853648,0.357454
502500,a1ae1/t4k9+hz7Co6GQMZFGR7+1LZjTFPgvl3idQZhUqP0WEkGTW/0YkzZV4pdsm,0.079106,0.8521340000000001,0.333758
502800,a1ae1/t4k9+hz7Co6GQMZFGR7+1LZjTFPgvl3idQZhUqP0WEkGTW/0YkzZV4pdsm,0.071601,1.151011,0.350668
503100,a1ae1/t4k9+hz7Co6GQMZFGR7+1LZjTFPgvl3idQZhUqP0WEkGTW/0YkzZV4pdsm,0.086475,0.795855,0.327838
503400,a1ae1/t4k9+hz7Co6GQMZFGR7+1LZjTFPgvl3idQZhUqP0WEkGTW/0YkzZV4pdsm,0.081455,1.6318469999999998,0.34463499999999997
503700,a1ae1/t4k9+hz7Co6GQMZFGR7+1LZjTFPgvl3idQZhUqP0WEkGTW/0YkzZV4pdsm,0.098312,1.893066,0.424674
504000,a1ae1/t4k9+hz7Co6GQMZFGR7+1LZjTFPgvl3idQZhUqP0WEkGTW/0YkzZV4pdsm,0.040135000000000004,0.9705010000000001,0.372177
504300,a1ae1/t4k9+hz7Co6GQMZFGR7+1LZjTFPgvl3idQZhUqP0WEkGTW/0YkzZV4pdsm,0.10534500000000001,0.922651,0.369908
504600,a1ae1/t4k9+hz7Co6GQMZFGR7+1LZjTFPgvl3idQZhUqP0WEkGTW/0YkzZV4pdsm,0.050334,0.878483,0.298575
504900,a1ae1/t4k9+hz7Co6GQMZFGR7+1LZjTFPgvl3idQZhUqP0WEkGTW/0YkzZV4pdsm,0.093953,0.8444459999999999,0.37399299999999996
505200,a1ae1/t4k9+hz7Co6GQMZFGR7+1LZjTFPgvl3idQZhUqP0WEkGTW/0YkzZV4pdsm,0.062197,1.141712,0.32083
505500,a1ae1/t4k9+hz7Co6GQMZFGR7+1LZjTFPgvl3idQZhUqP0WEkGTW/0YkzZV4pdsm,0.056201999999999995,1.026195,0.34391
505800,a1ae1/t4k9+hz7Co6GQMZFGR7+1LZjTFPgvl3idQZhUqP0WEkGTW/0YkzZV4pdsm,0.104603,1.124667,0.36586599999999997
506100,a1ae1/t4k9+hz7Co6GQMZFGR7+1LZjTFPgvl3idQZhUqP0WEkGTW/0YkzZV4pdsm,0.033713,0.893374,0.300593
506400,a1ae1/t4k9+hz7Co6GQMZFGR7+1LZjTFPgvl3idQZhUqP0WEkGTW/0YkzZV4pdsm,0.094963,1.0481610000000001,0.359642
506700,a1ae1/t4k9+hz7Co6GQMZFGR7+1LZjTFPgvl3idQZhUqP0WEkGTW/0YkzZV4pdsm,0.031631,0.971282,0.326183
507000,a1ae1/t4k9+hz7Co6GQMZFGR7+1LZjTFPgvl3idQZhUqP0WEkGTW/0YkzZV4pdsm,0.09084099999999999,1.386002,0.372251
507300,a1ae1/t4k9+hz7Co6GQMZFGR7+1LZjTFPgvl3idQZhUqP0WEkGTW/0YkzZV4pdsm,0.069459,2.662117,0.407385
507600,a1ae1/t4k9+hz7Co6GQMZFGR7+1LZjTFPgvl3idQZhUqP0WEkGTW/0YkzZV4pdsm,0.102648,0.813176,0.37286199999999997
507900,a1ae1/t4k9+hz7Co6GQMZFGR7+1LZjTFPgvl3idQZhUqP0WEkGTW/0YkzZV4pdsm,0.040514999999999995,1.152649,0.314822
508200,a1ae1/t4k9+hz7Co6GQMZFGR7+1LZjTFPgvl3idQZhUqP0WEkGTW/0YkzZV4pdsm,0.095605,0.936011,0.33335
508500,a1ae1/t4k9+hz7Co6GQMZFGR7+1LZjTFPgvl3idQZhUqP0WEkGTW/0YkzZV4pdsm,0.058861000000000004,0.953276,0.351396
508800,a1ae1/t4k9+hz7Co6GQMZFGR7+1LZjTFPgvl3idQZhUqP0WEkGTW/0YkzZV4pdsm,0.094777,1.072079,0.311356
509100,a1ae1/t4k9+hz7Co6GQMZFGR7+1LZjTFPgvl3idQZhUqP0WEkGTW/0YkzZV4pdsm,0.097772,1.0365540000000002,0.338431
509400,a1ae1/t4k9+hz7Co6GQMZFGR7+1LZjTFPgvl3idQZhUqP0WEkGTW/0YkzZV4pdsm,0.10216599999999999,0.796374,0.347582
509700,a1ae1/t4k9+hz7Co6GQMZFGR7+1LZjTFPgvl3idQZhUqP0WEkGTW/0YkzZV4pdsm,0.10363599999999999,0.930113,0.351618
510000,a1ae1/t4k9+hz7Co6GQMZFGR7+1LZjTFPgvl3idQZhUqP0WEkGTW/0YkzZV4pdsm,0.070651,0.976836,0.307026
510300,a1ae1/t4k9+hz7Co6GQMZFGR7+1LZjTFPgvl3idQZhUqP0WEkGTW/0YkzZV4pdsm,0.106966,0.9329799999999999,0.326022
510600,a1ae1/t4k9+hz7Co6GQMZFGR7+1LZjTFPgvl3idQZhUqP0WEkGTW/0YkzZV4pdsm,0.071372,1.2307489999999999,0.382658
510900,a1ae1/t4k9+hz7Co6GQMZFGR7+1LZjTFPgvl3idQZhUqP0WEkGTW/0YkzZV4pdsm,0.11751400000000001,3.691404,0.439665
511200,a1ae1/t4k9+hz7Co6GQMZFGR7+1LZjTFPgvl3idQZhUqP0WEkGTW/0YkzZV4pdsm,0.055186,0.9821340000000001,0.345771
511500,a1ae1/t4k9+hz7Co6GQMZFGR7+1LZjTFPgvl3idQZhUqP0WEkGTW/0YkzZV4pdsm,0.033786000000000004,1.011774,0.339836
511800,a1ae1/t4k9+hz7Co6GQMZFGR7+1LZjTFPgvl3idQZhUqP0WEkGTW/0YkzZV4pdsm,0.088653,0.8317110000000001,0.343472
512100,a1ae1/t4k9+hz7Co6GQMZFGR7+1LZjTFPgvl3idQZhUqP0WEkGTW/0YkzZV4pdsm,0.04477,4.542451,0.481653
512400,a1ae1/t4k9+hz7Co6GQMZFGR7+1LZjTFPgvl3idQZhUqP0WEkGTW/0YkzZV4pdsm,0.121932,0.859599,0.334495
512700,a1ae1/t4k9+hz7Co6GQMZFGR7+1LZjTFPgvl3idQZhUqP0WEkGTW/0YkzZV4pdsm,0.049713,1.003314,0.298655
513000,a1ae1/t4k9+hz7Co6GQMZFGR7+1LZjTFPgvl3idQZhUqP0WEkGTW/0YkzZV4pdsm,0.10115299999999999,0.9940200000000001,0.36031399999999997
513300,a1ae1/t4k9+hz7Co6GQMZFGR7+1LZjTFPgvl3idQZhUqP0WEkGTW/0YkzZV4pdsm,0.08137,1.043827,0.329901
513600,a1ae1/t4k9+hz7Co6GQMZFGR7+1LZjTFPgvl3idQZhUqP0WEkGTW/0YkzZV4pdsm,0.11262,0.943104,0.360607
513900,a1ae1/t4k9+hz7Co6GQMZFGR7+1LZjTFPgvl3idQZhUqP0WEkGTW/0YkzZV4pdsm,0.098088,0.677113,0.306692
514200,a1ae1/t4k9+hz7Co6GQMZFGR7+1LZjTFPgvl3idQZhUqP0WEkGTW/0YkzZV4pdsm,0.041669,0.912698,0.358172
514500,a1ae1/t4k9+hz7Co6GQMZFGR7+1LZjTFPgvl3idQZhUqP0WEkGTW/0YkzZV4pdsm,0.102953,3.854712,0.419912
514800,a1ae1/t4k9+hz7Co6GQMZFGR7+1LZjTFPgvl3idQZhUqP0WEkGTW/0YkzZV4pdsm,0.030036,0.787871,0.377042
515100,a1ae1/t4k9+hz7Co6GQMZFGR7+1LZjTFPgvl3idQZhUqP0WEkGTW/0YkzZV4pdsm,0.11243900000000001,0.786828,0.35276
515400,a1ae1/t4k9+hz7Co6GQMZFGR7+1LZjTFPgvl3idQZhUqP0WEkGTW/0YkzZV4pdsm,0.06590399999999999,1.061676,0.323848
515700,a1ae1/t4k9+hz7Co6GQMZFGR7+1LZjTFPgvl3idQZhUqP0WEkGTW/0YkzZV4pdsm,0.098348,0.9988600000000001,0.372873
516000,a1ae1/t4k9+hz7Co6GQMZFGR7+1LZjTFPgvl3idQZhUqP0WEkGTW/0YkzZV4pdsm,0.079079,0.8399190000000001,0.327872
516300,a1ae1/t4k9+hz7Co6GQMZFGR7+1LZjTFPgvl3idQZhUqP0WEkGTW/0YkzZV4pdsm,0.094224,0.937843,0.342032
516600,a1ae1/t4k9+hz7Co6GQMZFGR7+1LZjTFPgvl3idQZhUqP0WEkGTW/0YkzZV4pdsm,0.009845999999999999,0.93279,0.32045300000000004
516900,a1ae1/t4k9+hz7Co6GQMZFGR7+1LZjTFPgvl3idQZhUqP0WEkGTW/0YkzZV4pdsm,0.066669,1.100543,0.34636100000000003
517200,a1ae1/t4k9+hz7Co6GQMZFGR7+1LZjTFPgvl3idQZhUqP0WEkGTW/0YkzZV4pdsm,0.087105,1.043798,0.33885
517500,a1ae1/t4k9+hz7Co6GQMZFGR7+1LZjTFPgvl3idQZhUqP0WEkGTW/0YkzZV4pdsm,0.034994,0.9261790000000001,0.276983
517800,a1ae1/t4k9+hz7Co6GQMZFGR7+1LZjTFPgvl3idQZhUqP0WEkGTW/0YkzZV4pdsm,0.128246,1.010624,0.379666
518100,a1ae1/t4k9+hz7Co6GQMZFGR7+1LZjTFPgvl3idQZhUqP0WEkGTW/0YkzZV4pdsm,0.08318500000000001,3.8894260000000003,0.419626
518400,a1ae1/t4k9+hz7Co6GQMZFGR7+1LZjTFPgvl3idQZhUqP0WEkGTW/0YkzZV4pdsm,0.11512,0.943066,0.376152
518700,a1ae1/t4k9+hz7Co6GQMZFGR7+1LZjTFPgvl3idQZhUqP0WEkGTW/0YkzZV4pdsm,0.052957000000000004,1.020726,0.34431
519000,a1ae1/t4k9+hz7Co6GQMZFGR7+1LZjTFPgvl3idQZhUqP0WEkGTW/0YkzZV4pdsm,0.087288,1.331173,0.327277
519300,a1ae1/t4k9+hz7Co6GQMZFGR7+1LZjTFPgvl3idQZhUqP0WEkGTW/0YkzZV4pdsm,0.024427,0.706975,0.339075
519600,a1ae1/t4k9+hz7Co6GQMZFGR7+1LZjTFPgvl3idQZhUqP0WEkGTW/0YkzZV4pdsm,0.098461,1.718204,0.36401500000000003
519900,a1ae1/t4k9+hz7Co6GQMZFGR7+1LZjTFPgvl3idQZhUqP0WEkGTW/0YkzZV4pdsm,0.099411,1.194623,0.345806
520200,a1ae1/t4k9+hz7Co6GQMZFGR7+1LZjTFPgvl3idQZhUqP0WEkGTW/0YkzZV4pdsm,0.06501599999999999,1.10709,0.328967
520500,a1ae1/t4k9+hz7Co6GQMZFGR7+1LZjTFPgvl3idQZhUqP0WEkGTW/0YkzZV4pdsm,0.082203,1.2088940000000001,0.352127
520800,a1ae1/t4k9+hz7Co6GQMZFGR7+1LZjTFPgvl3idQZhUqP0WEkGTW/0YkzZV4pdsm,0.09435199999999999,1.772319,0.383784
521100,a1ae1/t4k9+hz7Co6GQMZFGR7+1LZjTFPgvl3idQZhUqP0WEkGTW/0YkzZV4pdsm,0.092477,1.054448,0.318961
521400,a1ae1/t4k9+hz7Co6GQMZFGR7+1LZjTFPgvl3idQZhUqP0WEkGTW/0YkzZV4pdsm,0.11012999999999999,1.000055,0.355475
521700,a1ae1/t4k9+hz7Co6GQMZFGR7+1LZjTFPgvl3idQZhUqP0WEkGTW/0YkzZV4pdsm,0.106556,1.8443720000000001,0.42982299999999996
522000,a1ae1/t4k9+hz7Co6GQMZFGR7+1LZjTFPgvl3idQZhUqP0WEkGTW/0YkzZV4pdsm,0.047187,0.902014,0.336119
522300,a1ae1/t4k9+hz7Co6GQMZFGR7+1LZjTFPgvl3idQZhUqP0WEkGTW/0YkzZV4pdsm,0.062139,0.897752,0.35218
522600,a1ae1/t4k9+hz7Co6GQMZFGR7+1LZjTFPgvl3idQZhUqP0WEkGTW/0YkzZV4pdsm,0.131464,0.888027,0.336796
522900,a1ae1/t4k9+hz7Co6GQMZFGR7+1LZjTFPgvl3idQZhUqP0WEkGTW/0YkzZV4pdsm,0.059597000000000004,0.8680979999999999,0.34232399999999996
523200,a1ae1/t4k9+hz7Co6GQMZFGR7+1LZjTFPgvl3idQZhUqP0WEkGTW/0YkzZV4pdsm,0.11985,1.19855,0.355071
523500,a1ae1/t4k9+hz7Co6GQMZFGR7+1LZjTFPgvl3idQZhUqP0WEkGTW/0YkzZV4pdsm,0.04093,1.074647,0.355272
523800,a1ae1/t4k9+hz7Co6GQMZFGR7+1LZjTFPgvl3idQZhUqP0WEkGTW/0YkzZV4pdsm,0.09944700000000001,0.8828940000000001,0.376279
524100,a1ae1/t4k9+hz7Co6GQMZFGR7+1LZjTFPgvl3idQZhUqP0WEkGTW/0YkzZV4pdsm,0.025686,0.790914,0.30262100000000003
524400,a1ae1/t4k9+hz7Co6GQMZFGR7+1LZjTFPgvl3idQZhUqP0WEkGTW/0YkzZV4pdsm,0.11265399999999999,1.580705,0.364164
524700,a1ae1/t4k9+hz7Co6GQMZFGR7+1LZjTFPgvl3idQZhUqP0WEkGTW/0YkzZV4pdsm,0.055417999999999995,0.8961110000000001,0.296354
525000,a1ae1/t4k9+hz7Co6GQMZFGR7+1LZjTFPgvl3idQZhUqP0WEkGTW/0YkzZV4pdsm,0.027656,1.141252,0.363033
525300,a1ae1/t4k9+hz7Co6GQMZFGR7+1LZjTFPgvl3idQZhUqP0WEkGTW/0YkzZV4pdsm,0.10846300000000002,3.7631690000000004,0.47265
525600,a1ae1/t4k9+hz7Co6GQMZFGR7+1LZjTFPgvl3idQZhUqP0WEkGTW/0YkzZV4pdsm,0.028181,0.972367,0.315537
525900,a1ae1/t4k9+hz7Co6GQMZFGR7+1LZjTFPgvl3idQZhUqP0WEkGTW/0YkzZV4pdsm,0.102281,0.901681,0.356071
526200,a1ae1/t4k9+hz7Co6GQMZFGR7+1LZjTFPgvl3idQZhUqP0WEkGTW/0YkzZV4pdsm,0.069258,0.9098860000000001,0.316338
526500,a1ae1/t4k9+hz7Co6GQMZFGR7+1LZjTFPgvl3idQZhUqP0WEkGTW/0YkzZV4pdsm,0.108465,0.9883719999999999,0.355453
526800,a1ae1/t4k9+hz7Co6GQMZFGR7+1LZjTFPgvl3idQZhUqP0WEkGTW/0YkzZV4pdsm,0.068937,1.188805,0.316781
527100,a1ae1/t4k9+hz7Co6GQMZFGR7+1LZjTFPgvl3idQZhUqP0WEkGTW/0YkzZV4pdsm,0.083129,1.0661530000000001,0.355973
527400,a1ae1/t4k9+hz7Co6GQMZFGR7+1LZjTFPgvl3idQZhUqP0WEkGTW/0YkzZV4pdsm,0.068436,1.175979,0.331413
527700,a1ae1/t4k9+hz7Co6GQMZFGR7+1LZjTFPgvl3idQZhUqP0WEkGTW/0YkzZV4pdsm,0.095558,0.8502149999999999,0.312688
528000,a1ae1/t4k9+hz7Co6GQMZFGR7+1LZjTFPgvl3idQZhUqP0WEkGTW/0YkzZV4pdsm,0.090019,1.519221,0.382602
528300,a1ae1/t4k9+hz7Co6GQMZFGR7+1LZjTFPgvl3idQZhUqP0WEkGTW/0YkzZV4pdsm,0.081936,1.09562,0.338436
528600,a1ae1/t4k9+hz7Co6GQMZFGR7+1LZjTFPgvl3idQZhUqP0WEkGTW/0YkzZV4pdsm,0.102029,1.060647,0.371059
528900,a1ae1/t4k9+hz7Co6GQMZFGR7+1LZjTFPgvl3idQZhUqP0WEkGTW/0YkzZV4pdsm,0.054715999999999994,3.8121089999999995,0.43670200000000003
529200,a1ae1/t4k9+hz7Co6GQMZFGR7+1LZjTFPgvl3idQZhUqP0WEkGTW/0YkzZV4pdsm,0.10241900000000001,1.104117,0.340252
529500,a1ae1/t4k9+hz7Co6GQMZFGR7+1LZjTFPgvl3idQZhUqP0WEkGTW/0YkzZV4pdsm,0.076356,1.106578,0.342889
529800,a1ae1/t4k9+hz7Co6GQMZFGR7+1LZjTFPgvl3idQZhUqP0WEkGTW/0YkzZV4pdsm,0.10179400000000001,1.100991,0.339669
530100,a1ae1/t4k9+hz7Co6GQMZFGR7+1LZjTFPgvl3idQZhUqP0WEkGTW/0YkzZV4pdsm,0.07778,0.993185,0.338138
530400,a1ae1/t4k9+hz7Co6GQMZFGR7+1LZjTFPgvl3idQZhUqP0WEkGTW/0YkzZV4pdsm,0.087568,0.830309,0.329584
530700,a1ae1/t4k9+hz7Co6GQMZFGR7+1LZjTFPgvl3idQZhUqP0WEkGTW/0YkzZV4pdsm,0.098626,1.114126,0.358798
531000,a1ae1/t4k9+hz7Co6GQMZFGR7+1LZjTFPgvl3idQZhUqP0WEkGTW/0YkzZV4pdsm,0.066691,0.939602,0.330861
531300,a1ae1/t4k9+hz7Co6GQMZFGR7+1LZjTFPgvl3idQZhUqP0WEkGTW/0YkzZV4pdsm,0.089172,0.986188,0.304765
531600,a1ae1/t4k9+hz7Co6GQMZFGR7+1LZjTFPgvl3idQZhUqP0WEkGTW/0YkzZV4pdsm,0.05024,0.9262889999999999,0.335574
531900,a1ae1/t4k9+hz7Co6GQMZFGR7+1LZjTFPgvl3idQZhUqP0WEkGTW/0YkzZV4pdsm,0.095492,0.9563280000000001,0.337762
532200,a1ae1/t4k9+hz7Co6GQMZFGR7+1LZjTFPgvl3idQZhUqP0WEkGTW/0YkzZV4pdsm,0.057439,0.920999,0.281961
532500,a1ae1/t4k9+hz7Co6GQMZFGR7+1LZjTFPgvl3idQZhUqP0WEkGTW/0YkzZV4pdsm,0.092012,4.912646,0.462898
532800,a1ae1/t4k9+hz7Co6GQMZFGR7+1LZjTFPgvl3idQZhUqP0WEkGTW/0YkzZV4pdsm,0.05155800000000001,0.819014,0.329777
533100,a1ae1/t4k9+hz7Co6GQMZFGR7+1LZjTFPgvl3idQZhUqP0WEkGTW/0YkzZV4pdsm,0.060498,0.9567959999999999,0.331522
533400,a1ae1/t4k9+hz7Co6GQMZFGR7+1LZjTFPgvl3idQZhUqP0WEkGTW/0YkzZV4pdsm,0.112828,0.816122,0.335595
533700,a1ae1/t4k9+hz7Co6GQMZFGR7+1LZjTFPgvl3idQZhUqP0WEkGTW/0YkzZV4pdsm,0.052347000000000005,4.02672,0.394871
534000,a1ae1/t4k9+hz7Co6GQMZFGR7+1LZjTFPgvl3idQZhUqP0WEkGTW/0YkzZV4pdsm,0.11225999999999998,0.9987219999999999,0.349916
534300,a1ae1/t4k9+hz7Co6GQMZFGR7+1LZjTFPgvl3idQZhUqP0WEkGTW/0YkzZV4pdsm,0.055537,0.874616,0.328884
534600,a1ae1/t4k9+hz7Co6GQMZFGR7+1LZjTFPgvl3idQZhUqP0WEkGTW/0YkzZV4pdsm,0.115077,0.8908020000000001,0.361652
534900,a1ae1/t4k9+hz7Co6GQMZFGR7+1LZjTFPgvl3idQZhUqP0WEkGTW/0YkzZV4pdsm,0.104429,0.7688689999999999,0.279533
535200,a1ae1/t4k9+hz7Co6GQMZFGR7+1LZjTFPgvl3idQZhUqP0WEkGTW/0YkzZV4pdsm,0.12086,0.9063950000000001,0.37914899999999996
535500,a1ae1/t4k9+hz7Co6GQMZFGR7+1LZjTFPgvl3idQZhUqP0WEkGTW/0YkzZV4pdsm,0.065085,0.849769,0.303537
535800,a1ae1/t4k9+hz7Co6GQMZFGR7+1LZjTFPgvl3idQZhUqP0WEkGTW/0YkzZV4pdsm,0.057846,1.19775,0.34676799999999997
536100,a1ae1/t4k9+hz7Co6GQMZFGR7+1LZjTFPgvl3idQZhUqP0WEkGTW/0YkzZV4pdsm,0.086034,4.13684,0.47600600000000004
536400,a1ae1/t4k9+hz7Co6GQMZFGR7+1LZjTFPgvl3idQZhUqP0WEkGTW/0YkzZV4pdsm,0.040505,0.9024129999999999,0.310477
536700,a1ae1/t4k9+hz7Co6GQMZFGR7+1LZjTFPgvl3idQZhUqP0WEkGTW/0YkzZV4pdsm,0.114649,1.044226,0.366676
537000,a1ae1/t4k9+hz7Co6GQMZFGR7+1LZjTFPgvl3idQZhUqP0WEkGTW/0YkzZV4pdsm,0.112812,0.9054690000000001,0.310008
537300,a1ae1/t4k9+hz7Co6GQMZFGR7+1LZjTFPgvl3idQZhUqP0WEkGTW/0YkzZV4pdsm,0.10999500000000001,1.18135,0.364133
537600,a1ae1/t4k9+hz7Co6GQMZFGR7+1LZjTFPgvl3idQZhUqP0WEkGTW/0YkzZV4pdsm,0.035922,0.813008,0.31332899999999997
537900,a1ae1/t4k9+hz7Co6GQMZFGR7+1LZjTFPgvl3idQZhUqP0WEkGTW/0YkzZV4pdsm,0.093034,0.8740690000000001,0.350557
538200,a1ae1/t4k9+hz7Co6GQMZFGR7+1LZjTFPgvl3idQZhUqP0WEkGTW/0YkzZV4pdsm,0.057973000000000004,0.8957700000000001,0.342529
538500,a1ae1/t4k9+hz7Co6GQMZFGR7+1LZjTFPgvl3idQZhUqP0WEkGTW/0YkzZV4pdsm,0.065955,0.793647,0.283175
538800,a1ae1/t4k9+hz7Co6GQMZFGR7+1LZjTFPgvl3idQZhUqP0WEkGTW/0YkzZV4pdsm,0.114424,1.025854,0.37746799999999997
539100,a1ae1/t4k9+hz7Co6GQMZFGR7+1LZjTFPgvl3idQZhUqP0WEkGTW/0YkzZV4pdsm,0.070497,0.8512639999999999,0.319494
539400,a1ae1/t4k9+hz7Co6GQMZFGR7+1LZjTFPgvl3idQZhUqP0WEkGTW/0YkzZV4pdsm,0.08769,1.300809,0.383294
539700,a1ae1/t4k9+hz7Co6GQMZFGR7+1LZjTFPgvl3idQZhUqP0WEkGTW/0YkzZV4pdsm,0.07172200000000001,2.650496,0.43431800000000004
540000,a1ae1/t4k9+hz7Co6GQMZFGR7+1LZjTFPgvl3idQZhUqP0WEkGTW/0YkzZV4pdsm,0.10392799999999999,1.0144540000000002,0.34918699999999997
540300,a1ae1/t4k9+hz7Co6GQMZFGR7+1LZjTFPgvl3idQZhUqP0WEkGTW/0YkzZV4pdsm,0.101475,0.951477,0.341934
540600,a1ae1/t4k9+hz7Co6GQMZFGR7+1LZjTFPgvl3idQZhUqP0WEkGTW/0YkzZV4pdsm,0.104582,0.8046300000000001,0.34770700000000004
540900,a1ae1/t4k9+hz7Co6GQMZFGR7+1LZjTFPgvl3idQZhUqP0WEkGTW/0YkzZV4pdsm,0.082775,0.931642,0.331926
541200,a1ae1/t4k9+hz7Co6GQMZFGR7+1LZjTFPgvl3idQZhUqP0WEkGTW/0YkzZV4pdsm,0.089143,0.754887,0.33131
541500,a1ae1/t4k9+hz7Co6GQMZFGR7+1LZjTFPgvl3idQZhUqP0WEkGTW/0YkzZV4pdsm,0.090366,0.7691020000000001,0.316943
541800,a1ae1/t4k9+hz7Co6GQMZFGR7+1LZjTFPgvl3idQZhUqP0WEkGTW/0YkzZV4pdsm,0.098998,1.296546,0.377387
542100,a1ae1/t4k9+hz7Co6GQMZFGR7+1LZjTFPgvl3idQZhUqP0WEkGTW/0YkzZV4pdsm,0.09701900000000001,0.918892,0.32760300000000003
542400,a1ae1/t4k9+hz7Co6GQMZFGR7+1LZjTFPgvl3idQZhUqP0WEkGTW/0YkzZV4pdsm,0.092935,0.8877870000000001,0.355615
542700,a1ae1/t4k9+hz7Co6GQMZFGR7+1LZjTFPgvl3idQZhUqP0WEkGTW/0YkzZV4pdsm,0.08966299999999999,1.0276379999999998,0.379166
543000,a1ae1/t4k9+hz7Co6GQMZFGR7+1LZjTFPgvl3idQZhUqP0WEkGTW/0YkzZV4pdsm,0.098416,2.398085,0.49466000000000004
543300,a1ae1/t4k9+hz7Co6GQMZFGR7+1LZjTFPgvl3idQZhUqP0WEkGTW/0YkzZV4pdsm,0.08889,4.250464,0.46842700000000004
543600,a1ae1/t4k9+hz7Co6GQMZFGR7+1LZjTFPgvl3idQZhUqP0WEkGTW/0YkzZV4pdsm,0.1056,4.352119,0.609152
543900,a1ae1/t4k9+hz7Co6GQMZFGR7+1LZjTFPgvl3idQZhUqP0WEkGTW/0YkzZV4pdsm,0.109525,7.224906,0.589565
544200,a1ae1/t4k9+hz7Co6GQMZFGR7+1LZjTFPgvl3idQZhUqP0WEkGTW/0YkzZV4pdsm,0.086388,1.271296,0.364361
544500,a1ae1/t4k9+hz7Co6GQMZFGR7+1LZjTFPgvl3idQZhUqP0WEkGTW/0YkzZV4pdsm,0.093724,4.143603,0.596507
544800,a1ae1/t4k9+hz7Co6GQMZFGR7+1LZjTFPgvl3idQZhUqP0WEkGTW/0YkzZV4pdsm,0.11337799999999999,0.8699620000000001,0.35385900000000003
545100,a1ae1/t4k9+hz7Co6GQMZFGR7+1LZjTFPgvl3idQZhUqP0WEkGTW/0YkzZV4pdsm,0.091035,6.8780399999999995,0.532485
545400,a1ae1/t4k9+hz7Co6GQMZFGR7+1LZjTFPgvl3idQZhUqP0WEkGTW/0YkzZV4pdsm,0.10221799999999999,1.292041,0.357373
545700,a1ae1/t4k9+hz7Co6GQMZFGR7+1LZjTFPgvl3idQZhUqP0WEkGTW/0YkzZV4pdsm,0.093815,1.448603,0.420343
546000,a1ae1/t4k9+hz7Co6GQMZFGR7+1LZjTFPgvl3idQZhUqP0WEkGTW/0YkzZV4pdsm,0.079371,1.370793,0.377887
546300,a1ae1/t4k9+hz7Co6GQMZFGR7+1LZjTFPgvl3idQZhUqP0WEkGTW/0YkzZV4pdsm,0.101336,8.725094,0.965074
546600,a1ae1/t4k9+hz7Co6GQMZFGR7+1LZjTFPgvl3idQZhUqP0WEkGTW/0YkzZV4pdsm,0.09953,4.678858999999999,0.602726
546900,a1ae1/t4k9+hz7Co6GQMZFGR7+1LZjTFPgvl3idQZhUqP0WEkGTW/0YkzZV4pdsm,0.105032,4.336818,0.46472399999999997
547200,a1ae1/t4k9+hz7Co6GQMZFGR7+1LZjTFPgvl3idQZhUqP0WEkGTW/0YkzZV4pdsm,0.10424800000000001,6.85553,0.572688
547500,a1ae1/t4k9+hz7Co6GQMZFGR7+1LZjTFPgvl3idQZhUqP0WEkGTW/0YkzZV4pdsm,0.095915,1.319061,0.362155
547800,a1ae1/t4k9+hz7Co6GQMZFGR7+1LZjTFPgvl3idQZhUqP0WEkGTW/0YkzZV4pdsm,0.10373099999999999,4.208757,0.574
548100,a1ae1/t4k9+hz7Co6GQMZFGR7+1LZjTFPgvl3idQZhUqP0WEkGTW/0YkzZV4pdsm,0.101469,1.000925,0.35435500000000003
548400,a1ae1/t4k9+hz7Co6GQMZFGR7+1LZjTFPgvl3idQZhUqP0WEkGTW/0YkzZV4pdsm,0.091211,0.9823540000000001,0.339848
548700,a1ae1/t4k9+hz7Co6GQMZFGR7+1LZjTFPgvl3idQZhUqP0WEkGTW/0YkzZV4pdsm,0.113739,1.2642959999999999,0.315129
549000,a1ae1/t4k9+hz7Co6GQMZFGR7+1LZjTFPgvl3idQZhUqP0WEkGTW/0YkzZV4pdsm,0.059908,1.1566370000000001,0.351493
549300,a1ae1/t4k9+hz7Co6GQMZFGR7+1LZjTFPgvl3idQZhUqP0WEkGTW/0YkzZV4pdsm,0.110109,1.0815489999999999,0.34734699999999996
549600,a1ae1/t4k9+hz7Co6GQMZFGR7+1LZjTFPgvl3idQZhUqP0WEkGTW/0YkzZV4pdsm,0.067856,0.861216,0.331631
549900,a1ae1/t4k9+hz7Co6GQMZFGR7+1LZjTFPgvl3idQZhUqP0WEkGTW/0YkzZV4pdsm,0.099852,0.8911459999999999,0.365374
550200,a1ae1/t4k9+hz7Co6GQMZFGR7+1LZjTFPgvl3idQZhUqP0WEkGTW/0YkzZV4pdsm,0.104271,1.185798,0.341498
550500,a1ae1/t4k9+hz7Co6GQMZFGR7+1LZjTFPgvl3idQZhUqP0WEkGTW/0YkzZV4pdsm,0.042009,2.597241,0.42494899999999997
550800,a1ae1/t4k9+hz7Co6GQMZFGR7+1LZjTFPgvl3idQZhUqP0WEkGTW/0YkzZV4pdsm,0.145284,1.0026629999999999,0.342171
551100,a1ae1/t4k9+hz7Co6GQMZFGR7+1LZjTFPgvl3idQZhUqP0WEkGTW/0YkzZV4pdsm,0.071397,1.115594,0.35178000000000004
551400,a1ae1/t4k9+hz7Co6GQMZFGR7+1LZjTFPgvl3idQZhUqP0WEkGTW/0YkzZV4pdsm,0.09823,1.0469959999999998,0.357541
551700,a1ae1/t4k9+hz7Co6GQMZFGR7+1LZjTFPgvl3idQZhUqP0WEkGTW/0YkzZV4pdsm,0.069858,1.10847,0.332905
552000,a1ae1/t4k9+hz7Co6GQMZFGR7+1LZjTFPgvl3idQZhUqP0WEkGTW/0YkzZV4pdsm,0.103163,0.9347200000000001,0.353315
552300,a1ae1/t4k9+hz7Co6GQMZFGR7+1LZjTFPgvl3idQZhUqP0WEkGTW/0YkzZV4pdsm,0.07359199999999999,0.72713,0.294558
552600,a1ae1/t4k9+hz7Co6GQMZFGR7+1LZjTFPgvl3idQZhUqP0WEkGTW/0YkzZV4pdsm,0.071095,1.005408,0.365077
552900,a1ae1/t4k9+hz7Co6GQMZFGR7+1LZjTFPgvl3idQZhUqP0WEkGTW/0YkzZV4pdsm,0.103853,0.8736219999999999,0.335459
553200,a1ae1/t4k9+hz7Co6GQMZFGR7+1LZjTFPgvl3idQZhUqP0WEkGTW/0YkzZV4pdsm,0.0829,0.9319370000000001,0.360565
553500,a1ae1/t4k9+hz7Co6GQMZFGR7+1LZjTFPgvl3idQZhUqP0WEkGTW/0YkzZV4pdsm,0.094079,1.266255,0.369784
553800,a1ae1/t4k9+hz7Co6GQMZFGR7+1LZjTFPgvl3idQZhUqP0WEkGTW/0YkzZV4pdsm,0.062145000000000006,0.8559950000000001,0.340702
554100,a1ae1/t4k9+hz7Co6GQMZFGR7+1LZjTFPgvl3idQZhUqP0WEkGTW/0YkzZV4pdsm,0.12987100000000001,4.2726180000000005,0.533371
554400,a1ae1/t4k9+hz7Co6GQMZFGR7+1LZjTFPgvl3idQZhUqP0WEkGTW/0YkzZV4pdsm,0.030819,1.001763,0.314749
554700,a1ae1/t4k9+hz7Co6GQMZFGR7+1LZjTFPgvl3idQZhUqP0WEkGTW/0YkzZV4pdsm,0.115712,1.167043,0.362127
555000,a1ae1/t4k9+hz7Co6GQMZFGR7+1LZjTFPgvl3idQZhUqP0WEkGTW/0YkzZV4pdsm,0.068756,0.8870979999999999,0.323044
555300,a1ae1/t4k9+hz7Co6GQMZFGR7+1LZjTFPgvl3idQZhUqP0WEkGTW/0YkzZV4pdsm,0.107673,4.864922,0.464786
555600,a1ae1/t4k9+hz7Co6GQMZFGR7+1LZjTFPgvl3idQZhUqP0WEkGTW/0YkzZV4pdsm,0.11406199999999998,0.915256,0.354
555900,a1ae1/t4k9+hz7Co6GQMZFGR7+1LZjTFPgvl3idQZhUqP0WEkGTW/0YkzZV4pdsm,0.058316999999999994,1.025395,0.299367
556200,a1ae1/t4k9+hz7Co6GQMZFGR7+1LZjTFPgvl3idQZhUqP0WEkGTW/0YkzZV4pdsm,0.11382300000000001,1.056129,0.37099099999999996
556500,a1ae1/t4k9+hz7Co6GQMZFGR7+1LZjTFPgvl3idQZhUqP0WEkGTW/0YkzZV4pdsm,0.09298300000000001,0.8551639999999999,0.330471
556800,a1ae1/t4k9+hz7Co6GQMZFGR7+1LZjTFPgvl3idQZhUqP0WEkGTW/0YkzZV4pdsm,0.09108200000000001,0.8567809999999999,0.363098
557100,a1ae1/t4k9+hz7Co6GQMZFGR7+1LZjTFPgvl3idQZhUqP0WEkGTW/0YkzZV4pdsm,0.077152,0.9587389999999999,0.350585
557400,a1ae1/t4k9+hz7Co6GQMZFGR7+1LZjTFPgvl3idQZhUqP0WEkGTW/0YkzZV4pdsm,0.10763199999999999,0.789626,0.33128
557700,a1ae1/t4k9+hz7Co6GQMZFGR7+1LZjTFPgvl3idQZhUqP0WEkGTW/0YkzZV4pdsm,0.07776799999999999,2.527986,0.43829700000000005
558000,a1ae1/t4k9+hz7Co6GQMZFGR7+1LZjTFPgvl3idQZhUqP0WEkGTW/0YkzZV4pdsm,0.058474,0.759261,0.319135
558300,a1ae1/t4k9+hz7Co6GQMZFGR7+1LZjTFPgvl3idQZhUqP0WEkGTW/0YkzZV4pdsm,0.096875,0.968698,0.3423
558600,a1ae1/t4k9+hz7Co6GQMZFGR7+1LZjTFPgvl3idQZhUqP0WEkGTW/0YkzZV4pdsm,0.07636699999999999,0.876353,0.31572
558900,a1ae1/t4k9+hz7Co6GQMZFGR7+1LZjTFPgvl3idQZhUqP0WEkGTW/0YkzZV4pdsm,0.09333,1.181509,0.34707
559200,a1ae1/t4k9+hz7Co6GQMZFGR7+1LZjTFPgvl3idQZhUqP0WEkGTW/0YkzZV4pdsm,0.09296900000000001,1.083844,0.319276
559500,a1ae1/t4k9+hz7Co6GQMZFGR7+1LZjTFPgvl3idQZhUqP0WEkGTW/0YkzZV4pdsm,0.099707,1.091679,0.339916
559800,a1ae1/t4k9+hz7Co6GQMZFGR7+1LZjTFPgvl3idQZhUqP0WEkGTW/0YkzZV4pdsm,0.092427,0.793235,0.30294499999999996
560100,a1ae1/t4k9+hz7Co6GQMZFGR7+1LZjTFPgvl3idQZhUqP0WEkGTW/0YkzZV4pdsm,0.096496,1.230995,0.374846
560400,a1ae1/t4k9+hz7Co6GQMZFGR7+1LZjTFPgvl3idQZhUqP0WEkGTW/0YkzZV4pdsm,0.035913,0.9391079999999999,0.299638
560700,a1ae1/t4k9+hz7Co6GQMZFGR7+1LZjTFPgvl3idQZhUqP0WEkGTW/0YkzZV4pdsm,0.038919,0.896932,0.33838
561000,a1ae1/t4k9+hz7Co6GQMZFGR7+1LZjTFPgvl3idQZhUqP0WEkGTW/0YkzZV4pdsm,0.101273,0.85524,0.337675
561300,a1ae1/t4k9+hz7Co6GQMZFGR7+1LZjTFPgvl3idQZhUqP0WEkGTW/0YkzZV4pdsm,0.06850099999999999,4.2361629999999995,0.39126700000000003
561600,a1ae1/t4k9+hz7Co6GQMZFGR7+1LZjTFPgvl3idQZhUqP0WEkGTW/0YkzZV4pdsm,0.091789,1.165966,0.35091100000000003
561900,a1ae1/t4k9+hz7Co6GQMZFGR7+1LZjTFPgvl3idQZhUqP0WEkGTW/0YkzZV4pdsm,0.068074,1.110485,0.34326799999999996
562200,a1ae1/t4k9+hz7Co6GQMZFGR7+1LZjTFPgvl3idQZhUqP0WEkGTW/0YkzZV4pdsm,0.092285,1.2136049999999998,0.352689
562500,a1ae1/t4k9+hz7Co6GQMZFGR7+1LZjTFPgvl3idQZhUqP0WEkGTW/0YkzZV4pdsm,0.049701,0.854352,0.26072399999999996
562800,a1ae1/t4k9+hz7Co6GQMZFGR7+1LZjTFPgvl3idQZhUqP0WEkGTW/0YkzZV4pdsm,0.10566400000000001,1.268592,0.374436
563100,a1ae1/t4k9+hz7Co6GQMZFGR7+1LZjTFPgvl3idQZhUqP0WEkGTW/0YkzZV4pdsm,0.075529,0.853195,0.27511599999999997
563400,a1ae1/t4k9+hz7Co6GQMZFGR7+1LZjTFPgvl3idQZhUqP0WEkGTW/0YkzZV4pdsm,0.059061,1.460817,0.345441
563700,a1ae1/t4k9+hz7Co6GQMZFGR7+1LZjTFPgvl3idQZhUqP0WEkGTW/0YkzZV4pdsm,0.117323,1.378308,0.364736
564000,a1ae1/t4k9+hz7Co6GQMZFGR7+1LZjTFPgvl3idQZhUqP0WEkGTW/0YkzZV4pdsm,0.056747000000000006,0.9143040000000001,0.289615
564300,a1ae1/t4k9+hz7Co6GQMZFGR7+1LZjTFPgvl3idQZhUqP0WEkGTW/0YkzZV4pdsm,0.088506,0.8387020000000001,0.373785
564600,a1ae1/t4k9+hz7Co6GQMZFGR7+1LZjTFPgvl3idQZhUqP0WEkGTW/0YkzZV4pdsm,0.044112,0.801569,0.29749200000000003
564900,a1ae1/t4k9+hz7Co6GQMZFGR7+1LZjTFPgvl3idQZhUqP0WEkGTW/0YkzZV4pdsm,0.10703800000000001,2.908642,0.45385200000000003
565200,a1ae1/t4k9+hz7Co6GQMZFGR7+1LZjTFPgvl3idQZhUqP0WEkGTW/0YkzZV4pdsm,0.069451,0.999661,0.347081
565500,a1ae1/t4k9+hz7Co6GQMZFGR7+1LZjTFPgvl3idQZhUqP0WEkGTW/0YkzZV4pdsm,0.112121,1.166052,0.34323000000000004
565800,a1ae1/t4k9+hz7Co6GQMZFGR7+1LZjTFPgvl3idQZhUqP0WEkGTW/0YkzZV4pdsm,0.086372,0.665501,0.328739
566100,a1ae1/t4k9+hz7Co6GQMZFGR7+1LZjTFPgvl3idQZhUqP0WEkGTW/0YkzZV4pdsm,0.076575,0.818401,0.344531
566400,a1ae1/t4k9+hz7Co6GQMZFGR7+1LZjTFPgvl3idQZhUqP0WEkGTW/0YkzZV4pdsm,0.116203,1.45872,0.376499
566700,a1ae1/t4k9+hz7Co6GQMZFGR7+1LZjTFPgvl3idQZhUqP0WEkGTW/0YkzZV4pdsm,0.081696,5.374251,0.503556
567000,a1ae1/t4k9+hz7Co6GQMZFGR7+1LZjTFPgvl3idQZhUqP0WEkGTW/0YkzZV4pdsm,0.097974,0.9646969999999999,0.372719
567300,a1ae1/t4k9+hz7Co6GQMZFGR7+1LZjTFPgvl3idQZhUqP0WEkGTW/0YkzZV4pdsm,0.045896,0.87528,0.35488800000000004
567600,a1ae1/t4k9+hz7Co6GQMZFGR7+1LZjTFPgvl3idQZhUqP0WEkGTW/0YkzZV4pdsm,0.11054100000000001,0.908854,0.33745
567900,a1ae1/t4k9+hz7Co6GQMZFGR7+1LZjTFPgvl3idQZhUqP0WEkGTW/0YkzZV4pdsm,0.08862300000000001,0.8008460000000001,0.36657399999999996
568200,a1ae1/t4k9+hz7Co6GQMZFGR7+1LZjTFPgvl3idQZhUqP0WEkGTW/0YkzZV4pdsm,0.12324,0.8519709999999999,0.343147
568500,a1ae1/t4k9+hz7Co6GQMZFGR7+1LZjTFPgvl3idQZhUqP0WEkGTW/0YkzZV4pdsm,0.041125,3.267156,0.426571
568800,a1ae1/t4k9+hz7Co6GQMZFGR7+1LZjTFPgvl3idQZhUqP0WEkGTW/0YkzZV4pdsm,0.06743099999999999,0.806562,0.347831
569100,a1ae1/t4k9+hz7Co6GQMZFGR7+1LZjTFPgvl3idQZhUqP0WEkGTW/0YkzZV4pdsm,0.09577100000000001,0.9458700000000001,0.342621
569400,a1ae1/t4k9+hz7Co6GQMZFGR7+1LZjTFPgvl3idQZhUqP0WEkGTW/0YkzZV4pdsm,0.079206,1.028823,0.340473
569700,a1ae1/t4k9+hz7Co6GQMZFGR7+1LZjTFPgvl3idQZhUqP0WEkGTW/0YkzZV4pdsm,0.087252,0.8330719999999999,0.32855500000000004
570000,a1ae1/t4k9+hz7Co6GQMZFGR7+1LZjTFPgvl3idQZhUqP0WEkGTW/0YkzZV4pdsm,0.104975,0.784051,0.355637
570300,a1ae1/t4k9+hz7Co6GQMZFGR7+1LZjTFPgvl3idQZhUqP0WEkGTW/0YkzZV4pdsm,0.102774,0.8607809999999999,0.33315900000000004
570600,a1ae1/t4k9+hz7Co6GQMZFGR7+1LZjTFPgvl3idQZhUqP0WEkGTW/0YkzZV4pdsm,0.108297,0.808768,0.330978
570900,a1ae1/t4k9+hz7Co6GQMZFGR7+1LZjTFPgvl3idQZhUqP0WEkGTW/0YkzZV4pdsm,0.084007,0.781443,0.357056
571200,a1ae1/t4k9+hz7Co6GQMZFGR7+1LZjTFPgvl3idQZhUqP0WEkGTW/0YkzZV4pdsm,0.035869,0.7501720000000001,0.320396
571500,a1ae1/t4k9+hz7Co6GQMZFGR7+1LZjTFPgvl3idQZhUqP0WEkGTW/0YkzZV4pdsm,0.08198,0.764208,0.35618299999999997
571800,a1ae1/t4k9+hz7Co6GQMZFGR7+1LZjTFPgvl3idQZhUqP0WEkGTW/0YkzZV4pdsm,0.103125,0.8455870000000001,0.333571
572100,a1ae1/t4k9+hz7Co6GQMZFGR7+1LZjTFPgvl3idQZhUqP0WEkGTW/0YkzZV4pdsm,0.11103199999999999,4.574015,0.44172700000000004
572400,a1ae1/t4k9+hz7Co6GQMZFGR7+1LZjTFPgvl3idQZhUqP0WEkGTW/0YkzZV4pdsm,0.081992,1.033261,0.364044
572700,a1ae1/t4k9+hz7Co6GQMZFGR7+1LZjTFPgvl3idQZhUqP0WEkGTW/0YkzZV4pdsm,0.087882,1.016443,0.358011
573000,a1ae1/t4k9+hz7Co6GQMZFGR7+1LZjTFPgvl3idQZhUqP0WEkGTW/0YkzZV4pdsm,0.105625,0.906734,0.352715
573300,a1ae1/t4k9+hz7Co6GQMZFGR7+1LZjTFPgvl3idQZhUqP0WEkGTW/0YkzZV4pdsm,0.083249,1.027388,0.32103400000000004
573600,a1ae1/t4k9+hz7Co6GQMZFGR7+1LZjTFPgvl3idQZhUqP0WEkGTW/0YkzZV4pdsm,0.086216,0.989144,0.383835
573900,a1ae1/t4k9+hz7Co6GQMZFGR7+1LZjTFPgvl3idQZhUqP0WEkGTW/0YkzZV4pdsm,0.086656,0.8585969999999999,0.302539
574200,a1ae1/t4k9+hz7Co6GQMZFGR7+1LZjTFPgvl3idQZhUqP0WEkGTW/0YkzZV4pdsm,0.08429500000000001,0.853671,0.362383
574500,a1ae1/t4k9+hz7Co6GQMZFGR7+1LZjTFPgvl3idQZhUqP0WEkGTW/0YkzZV4pdsm,0.07346799999999999,1.1081239999999999,0.371126
574800,a1ae1/t4k9+hz7Co6GQMZFGR7+1LZjTFPgvl3idQZhUqP0WEkGTW/0YkzZV4pdsm,0.040969,0.788808,0.321437
575100,a1ae1/t4k9+hz7Co6GQMZFGR7+1LZjTFPgvl3idQZhUqP0WEkGTW/0YkzZV4pdsm,0.093165,0.862592,0.383159
575400,a1ae1/t4k9+hz7Co6GQMZFGR7+1LZjTFPgvl3idQZhUqP0WEkGTW/0YkzZV4pdsm,0.096005,1.8878830000000002,0.33473600000000003
575700,a1ae1/t4k9+hz7Co6GQMZFGR7+1LZjTFPgvl3idQZhUqP0WEkGTW/0YkzZV4pdsm,0.11631,4.71475,0.46777700000000005
576000,a1ae1/t4k9+hz7Co6GQMZFGR7+1LZjTFPgvl3idQZhUqP0WEkGTW/0YkzZV4pdsm,0.084857,0.9204200000000001,0.35822600000000004
576300,a1ae1/t4k9+hz7Co6GQMZFGR7+1LZjTFPgvl3idQZhUqP0WEkGTW/0YkzZV4pdsm,0.088589,1.0706200000000001,0.34823699999999996
576600,a1ae1/t4k9+hz7Co6GQMZFGR7+1LZjTFPgvl3idQZhUqP0WEkGTW/0YkzZV4pdsm,0.074811,1.151448,0.32903000000000004
576900,a1ae1/t4k9+hz7Co6GQMZFGR7+1LZjTFPgvl3idQZhUqP0WEkGTW/0YkzZV4pdsm,0.096611,5.392358,0.436438
577200,a1ae1/t4k9+hz7Co6GQMZFGR7+1LZjTFPgvl3idQZhUqP0WEkGTW/0YkzZV4pdsm,0.077486,1.03669,0.37590100000000004
577500,a1ae1/t4k9+hz7Co6GQMZFGR7+1LZjTFPgvl3idQZhUqP0WEkGTW/0YkzZV4pdsm,0.08733300000000001,0.994389,0.341088
577800,a1ae1/t4k9+hz7Co6GQMZFGR7+1LZjTFPgvl3idQZhUqP0WEkGTW/0YkzZV4pdsm,0.07711,0.8912690000000001,0.353624
578100,a1ae1/t4k9+hz7Co6GQMZFGR7+1LZjTFPgvl3idQZhUqP0WEkGTW/0YkzZV4pdsm,0.032728,0.8730190000000001,0.314152
578400,a1ae1/t4k9+hz7Co6GQMZFGR7+1LZjTFPgvl3idQZhUqP0WEkGTW/0YkzZV4pdsm,0.105366,1.216051,0.323151
578700,a1ae1/t4k9+hz7Co6GQMZFGR7+1LZjTFPgvl3idQZhUqP0WEkGTW/0YkzZV4pdsm,0.04788,0.914151,0.357543
579000,a1ae1/t4k9+hz7Co6GQMZFGR7+1LZjTFPgvl3idQZhUqP0WEkGTW/0YkzZV4pdsm,0.09463099999999999,0.9503719999999999,0.36017
579300,a1ae1/t4k9+hz7Co6GQMZFGR7+1LZjTFPgvl3idQZhUqP0WEkGTW/0YkzZV4pdsm,0.07551000000000001,3.1378939999999997,0.44814799999999994
579600,a1ae1/t4k9+hz7Co6GQMZFGR7+1LZjTFPgvl3idQZhUqP0WEkGTW/0YkzZV4pdsm,0.039857,0.876743,0.32426
579900,a1ae1/t4k9+hz7Co6GQMZFGR7+1LZjTFPgvl3idQZhUqP0WEkGTW/0YkzZV4pdsm,0.09704700000000001,1.0110540000000001,0.326824
580200,a1ae1/t4k9+hz7Co6GQMZFGR7+1LZjTFPgvl3idQZhUqP0WEkGTW/0YkzZV4pdsm,0.036696,1.1303729999999999,0.344199
580500,a1ae1/t4k9+hz7Co6GQMZFGR7+1LZjTFPgvl3idQZhUqP0WEkGTW/0YkzZV4pdsm,0.095851,1.230201,0.344458
580800,a1ae1/t4k9+hz7Co6GQMZFGR7+1LZjTFPgvl3idQZhUqP0WEkGTW/0YkzZV4pdsm,0.057776,1.142069,0.36747199999999997
581100,a1ae1/t4k9+hz7Co6GQMZFGR7+1LZjTFPgvl3idQZhUqP0WEkGTW/0YkzZV4pdsm,0.078126,1.009147,0.352616
581400,a1ae1/t4k9+hz7Co6GQMZFGR7+1LZjTFPgvl3idQZhUqP0WEkGTW/0YkzZV4pdsm,0.052608,0.884376,0.32535
581700,a1ae1/t4k9+hz7Co6GQMZFGR7+1LZjTFPgvl3idQZhUqP0WEkGTW/0YkzZV4pdsm,0.099766,1.130131,0.372161
582000,a1ae1/t4k9+hz7Co6GQMZFGR7+1LZjTFPgvl3idQZhUqP0WEkGTW/0YkzZV4pdsm,0.077074,0.966515,0.315297
582300,a1ae1/t4k9+hz7Co6GQMZFGR7+1LZjTFPgvl3idQZhUqP0WEkGTW/0YkzZV4pdsm,0.09984,1.097166,0.36473
582600,a1ae1/t4k9+hz7Co6GQMZFGR7+1LZjTFPgvl3idQZhUqP0WEkGTW/0YkzZV4pdsm,0.098969,1.045498,0.370525
582900,a1ae1/t4k9+hz7Co6GQMZFGR7+1LZjTFPgvl3idQZhUqP0WEkGTW/0YkzZV4pdsm,0.045762,4.790362,0.429388
583200,a1ae1/t4k9+hz7Co6GQMZFGR7+1LZjTFPgvl3idQZhUqP0WEkGTW/0YkzZV4pdsm,0.084111,1.0195459999999998,0.36544699999999997
583500,a1ae1/t4k9+hz7Co6GQMZFGR7+1LZjTFPgvl3idQZhUqP0WEkGTW/0YkzZV4pdsm,0.047376999999999996,0.864298,0.307396
583800,a1ae1/t4k9+hz7Co6GQMZFGR7+1LZjTFPgvl3idQZhUqP0WEkGTW/0YkzZV4pdsm,0.108644,1.3430309999999999,0.36076199999999997
584100,a1ae1/t4k9+hz7Co6GQMZFGR7+1LZjTFPgvl3idQZhUqP0WEkGTW/0YkzZV4pdsm,0.052277,1.068683,0.329998
584400,a1ae1/t4k9+hz7Co6GQMZFGR7+1LZjTFPgvl3idQZhUqP0WEkGTW/0YkzZV4pdsm,0.085053,0.763388,0.36933499999999997
584700,a1ae1/t4k9+hz7Co6GQMZFGR7+1LZjTFPgvl3idQZhUqP0WEkGTW/0YkzZV4pdsm,0.068311,0.8349719999999999,0.3296
585000,a1ae1/t4k9+hz7Co6GQMZFGR7+1LZjTFPgvl3idQZhUqP0WEkGTW/0YkzZV4pdsm,0.04729,0.9885700000000001,0.314711
585300,a1ae1/t4k9+hz7Co6GQMZFGR7+1LZjTFPgvl3idQZhUqP0WEkGTW/0YkzZV4pdsm,0.081064,0.844599,0.37117100000000003
585600,a1ae1/t4k9+hz7Co6GQMZFGR7+1LZjTFPgvl3idQZhUqP0WEkGTW/0YkzZV4pdsm,0.044116,0.720349,0.279028
585900,a1ae1/t4k9+hz7Co6GQMZFGR7+1LZjTFPgvl3idQZhUqP0WEkGTW/0YkzZV4pdsm,0.083622,1.008745,0.362627
586200,a1ae1/t4k9+hz7Co6GQMZFGR7+1LZjTFPgvl3idQZhUqP0WEkGTW/0YkzZV4pdsm,0.051537,0.914428,0.35023899999999997
586500,a1ae1/t4k9+hz7Co6GQMZFGR7+1LZjTFPgvl3idQZhUqP0WEkGTW/0YkzZV4pdsm,0.07347999999999999,4.491327,0.46431999999999995
586800,a1ae1/t4k9+hz7Co6GQMZFGR7+1LZjTFPgvl3idQZhUqP0WEkGTW/0YkzZV4pdsm,0.034811,1.052694,0.359083
587100,a1ae1/t4k9+hz7Co6GQMZFGR7+1LZjTFPgvl3idQZhUqP0WEkGTW/0YkzZV4pdsm,0.081206,0.93225,0.329164
587400,a1ae1/t4k9+hz7Co6GQMZFGR7+1LZjTFPgvl3idQZhUqP0WEkGTW/0YkzZV4pdsm,0.038655,0.9862780000000001,0.321897
587700,a1ae1/t4k9+hz7Co6GQMZFGR7+1LZjTFPgvl3idQZhUqP0WEkGTW/0YkzZV4pdsm,0.066277,0.9839530000000001,0.322393
588000,a1ae1/t4k9+hz7Co6GQMZFGR7+1LZjTFPgvl3idQZhUqP0WEkGTW/0YkzZV4pdsm,0.08175700000000001,1.041369,0.379037
588300,a1ae1/t4k9+hz7Co6GQMZFGR7+1LZjTFPgvl3idQZhUqP0WEkGTW/0YkzZV4pdsm,0.077984,0.84506,0.35223899999999997
588600,a1ae1/t4k9+hz7Co6GQMZFGR7+1LZjTFPgvl3idQZhUqP0WEkGTW/0YkzZV4pdsm,0.10630899999999999,0.933314,0.34970500000000004
588900,a1ae1/t4k9+hz7Co6GQMZFGR7+1LZjTFPgvl3idQZhUqP0WEkGTW/0YkzZV4pdsm,0.065108,1.020566,0.344068
589200,a1ae1/t4k9+hz7Co6GQMZFGR7+1LZjTFPgvl3idQZhUqP0WEkGTW/0YkzZV4pdsm,0.10261700000000001,1.469352,0.407738
589500,a1ae1/t4k9+hz7Co6GQMZFGR7+1LZjTFPgvl3idQZhUqP0WEkGTW/0YkzZV4pdsm,0.096741,1.151162,0.376021
589800,a1ae1/t4k9+hz7Co6GQMZFGR7+1LZjTFPgvl3idQZhUqP0WEkGTW/0YkzZV4pdsm,0.089651,1.069785,0.35777600000000004
590100,a1ae1/t4k9+hz7Co6GQMZFGR7+1LZjTFPgvl3idQZhUqP0WEkGTW/0YkzZV4pdsm,0.09287999999999999,4.394335,0.441275
590400,a1ae1/t4k9+hz7Co6GQMZFGR7+1LZjTFPgvl3idQZhUqP0WEkGTW/0YkzZV4pdsm,0.09689199999999999,0.8327629999999999,0.363951
590700,a1ae1/t4k9+hz7Co6GQMZFGR7+1LZjTFPgvl3idQZhUqP0WEkGTW/0YkzZV4pdsm,0.068131,0.880871,0.323383
591000,a1ae1/t4k9+hz7Co6GQMZFGR7+1LZjTFPgvl3idQZhUqP0WEkGTW/0YkzZV4pdsm,0.085357,1.10978,0.35690700000000003
591300,a1ae1/t4k9+hz7Co6GQMZFGR7+1LZjTFPgvl3idQZhUqP0WEkGTW/0YkzZV4pdsm,0.073148,0.887124,0.33536900000000003
591600,a1ae1/t4k9+hz7Co6GQMZFGR7+1LZjTFPgvl3idQZhUqP0WEkGTW/0YkzZV4pdsm,0.070664,0.9172020000000001,0.359248
591900,a1ae1/t4k9+hz7Co6GQMZFGR7+1LZjTFPgvl3idQZhUqP0WEkGTW/0YkzZV4pdsm,0.082557,0.8603729999999999,0.363358
592200,a1ae1/t4k9+hz7Co6GQMZFGR7+1LZjTFPgvl3idQZhUqP0WEkGTW/0YkzZV4pdsm,0.065827,1.0425149999999999,0.347638
592500,a1ae1/t4k9+hz7Co6GQMZFGR7+1LZjTFPgvl3idQZhUqP0WEkGTW/0YkzZV4pdsm,0.069623,0.9480069999999999,0.360755
592800,a1ae1/t4k9+hz7Co6GQMZFGR7+1LZjTFPgvl3idQZhUqP0WEkGTW/0YkzZV4pdsm,0.048219,0.8522540000000001,0.32772399999999996
593100,a1ae1/t4k9+hz7Co6GQMZFGR7+1LZjTFPgvl3idQZhUqP0WEkGTW/0YkzZV4pdsm,0.090398,1.1731340000000001,0.371253
593400,a1ae1/t4k9+hz7Co6GQMZFGR7+1LZjTFPgvl3idQZhUqP0WEkGTW/0YkzZV4pdsm,0.08279199999999999,9.595921,0.780975
593700,a1ae1/t4k9+hz7Co6GQMZFGR7+1LZjTFPgvl3idQZhUqP0WEkGTW/0YkzZV4pdsm,0.12038299999999999,7.244501,0.9161100000000001
594000,a1ae1/t4k9+hz7Co6GQMZFGR7+1LZjTFPgvl3idQZhUqP0WEkGTW/0YkzZV4pdsm,0.094102,1.141091,0.364166
594300,a1ae1/t4k9+hz7Co6GQMZFGR7+1LZjTFPgvl3idQZhUqP0WEkGTW/0YkzZV4pdsm,0.05778,0.9195620000000001,0.309515
594600,a1ae1/t4k9+hz7Co6GQMZFGR7+1LZjTFPgvl3idQZhUqP0WEkGTW/0YkzZV4pdsm,0.089693,0.968253,0.357191
594900,a1ae1/t4k9+hz7Co6GQMZFGR7+1LZjTFPgvl3idQZhUqP0WEkGTW/0YkzZV4pdsm,0.05220399999999999,0.797317,0.32774000000000003
595200,a1ae1/t4k9+hz7Co6GQMZFGR7+1LZjTFPgvl3idQZhUqP0WEkGTW/0YkzZV4pdsm,0.08533099999999999,0.9253600000000001,0.362931
595500,a1ae1/t4k9+hz7Co6GQMZFGR7+1LZjTFPgvl3idQZhUqP0WEkGTW/0YkzZV4pdsm,0.066471,1.134098,0.354475
595800,a1ae1/t4k9+hz7Co6GQMZFGR7+1LZjTFPgvl3idQZhUqP0WEkGTW/0YkzZV4pdsm,0.100569,0.8614569999999999,0.343088
596100,a1ae1/t4k9+hz7Co6GQMZFGR7+1LZjTFPgvl3idQZhUqP0WEkGTW/0YkzZV4pdsm,0.064051,0.956782,0.342857
596400,a1ae1/t4k9+hz7Co6GQMZFGR7+1LZjTFPgvl3idQZhUqP0WEkGTW/0YkzZV4pdsm,0.087585,0.8361770000000001,0.298829
596700,a1ae1/t4k9+hz7Co6GQMZFGR7+1LZjTFPgvl3idQZhUqP0WEkGTW/0YkzZV4pdsm,0.081562,1.016933,0.367421
597000,a1ae1/t4k9+hz7Co6GQMZFGR7+1LZjTFPgvl3idQZhUqP0WEkGTW/0YkzZV4pdsm,0.057034,0.933832,0.366745
597300,a1ae1/t4k9+hz7Co6GQMZFGR7+1LZjTFPgvl3idQZhUqP0WEkGTW/0YkzZV4pdsm,0.112633,4.9092,0.489911
597600,a1ae1/t4k9+hz7Co6GQMZFGR7+1LZjTFPgvl3idQZhUqP0WEkGTW/0YkzZV4pdsm,0.047932999999999996,0.855411,0.32745599999999997
597900,a1ae1/t4k9+hz7Co6GQMZFGR7+1LZjTFPgvl3idQZhUqP0WEkGTW/0YkzZV4pdsm,0.076717,0.9478790000000001,0.31695100000000004
598200,a1ae1/t4k9+hz7Co6GQMZFGR7+1LZjTFPgvl3idQZhUqP0WEkGTW/0YkzZV4pdsm,0.040559,1.043515,0.351519
598500,a1ae1/t4k9+hz7Co6GQMZFGR7+1LZjTFPgvl3idQZhUqP0WEkGTW/0YkzZV4pdsm,0.077164,4.376825,0.45058100000000006
598800,a1ae1/t4k9+hz7Co6GQMZFGR7+1LZjTFPgvl3idQZhUqP0WEkGTW/0YkzZV4pdsm,0.077448,5.2012410000000004,0.543411
599100,a1ae1/t4k9+hz7Co6GQMZFGR7+1LZjTFPgvl3idQZhUqP0WEkGTW/0YkzZV4pdsm,0.062247000000000004,0.911589,0.348091
599400,a1ae1/t4k9+hz7Co6GQMZFGR7+1LZjTFPgvl3idQZhUqP0WEkGTW/0YkzZV4pdsm,0.060163,0.8781559999999999,0.34607
599700,a1ae1/t4k9+hz7Co6GQMZFGR7+1LZjTFPgvl3idQZhUqP0WEkGTW/0YkzZV4pdsm,0.051881,1.141606,0.361503
600000,a1ae1/t4k9+hz7Co6GQMZFGR7+1LZjTFPgvl3idQZhUqP0WEkGTW/0YkzZV4pdsm,0.087891,1.087517,0.315777
600300,a1ae1/t4k9+hz7Co6GQMZFGR7+1LZjTFPgvl3idQZhUqP0WEkGTW/0YkzZV4pdsm,0.07032000000000001,12.636425,1.2891629999999998
600600,a1ae1/t4k9+hz7Co6GQMZFGR7+1LZjTFPgvl3idQZhUqP0WEkGTW/0YkzZV4pdsm,0.09662000000000001,0.977152,0.344816
600900,a1ae1/t4k9+hz7Co6GQMZFGR7+1LZjTFPgvl3idQZhUqP0WEkGTW/0YkzZV4pdsm,0.075329,5.02989,0.43774700000000005
601200,a1ae1/t4k9+hz7Co6GQMZFGR7+1LZjTFPgvl3idQZhUqP0WEkGTW/0YkzZV4pdsm,0.079509,1.137742,0.388957
601500,a1ae1/t4k9+hz7Co6GQMZFGR7+1LZjTFPgvl3idQZhUqP0WEkGTW/0YkzZV4pdsm,0.064412,1.0717299999999998,0.31902600000000003
601800,a1ae1/t4k9+hz7Co6GQMZFGR7+1LZjTFPgvl3idQZhUqP0WEkGTW/0YkzZV4pdsm,0.068863,1.239841,0.36690500000000004
602100,a1ae1/t4k9+hz7Co6GQMZFGR7+1LZjTFPgvl3idQZhUqP0WEkGTW/0YkzZV4pdsm,0.101089,0.927816,0.37285100000000004
602400,a1ae1/t4k9+hz7Co6GQMZFGR7+1LZjTFPgvl3idQZhUqP0WEkGTW/0YkzZV4pdsm,0.096493,0.8649120000000001,0.34518499999999996
602700,a1ae1/t4k9+hz7Co6GQMZFGR7+1LZjTFPgvl3idQZhUqP0WEkGTW/0YkzZV4pdsm,0.097065,1.2512020000000001,0.362056
603000,a1ae1/t4k9+hz7Co6GQMZFGR7+1LZjTFPgvl3idQZhUqP0WEkGTW/0YkzZV4pdsm,0.081131,0.832094,0.33489800000000003
603300,a1ae1/t4k9+hz7Co6GQMZFGR7+1LZjTFPgvl3idQZhUqP0WEkGTW/0YkzZV4pdsm,0.067911,0.850354,0.347209
603600,a1ae1/t4k9+hz7Co6GQMZFGR7+1LZjTFPgvl3idQZhUqP0WEkGTW/0YkzZV4pdsm,0.08632100000000001,1.379182,0.36008
603900,a1ae1/t4k9+hz7Co6GQMZFGR7+1LZjTFPgvl3idQZhUqP0WEkGTW/0YkzZV4pdsm,0.08973300000000001,0.934558,0.363475
604200,a1ae1/t4k9+hz7Co6GQMZFGR7+1LZjTFPgvl3idQZhUqP0WEkGTW/0YkzZV4pdsm,0.11031800000000001,1.056198,0.341296
604500,a1ae1/t4k9+hz7Co6GQMZFGR7+1LZjTFPgvl3idQZhUqP0WEkGTW/0YkzZV4pdsm,0.048997000000000006,3.103853,0.461978
604800,a1ae1/t4k9+hz7Co6GQMZFGR7+1LZjTFPgvl3idQZhUqP0WEkGTW/0YkzZV4pdsm,0.086798,1.1023020000000001,0.379884
605100,a1ae1/t4k9+hz7Co6GQMZFGR7+1LZjTFPgvl3idQZhUqP0WEkGTW/0YkzZV4pdsm,0.066275,1.040017,0.348191
605400,a1ae1/t4k9+hz7Co6GQMZFGR7+1LZjTFPgvl3idQZhUqP0WEkGTW/0YkzZV4pdsm,0.070326,0.9167049999999999,0.364558
605700,a1ae1/t4k9+hz7Co6GQMZFGR7+1LZjTFPgvl3idQZhUqP0WEkGTW/0YkzZV4pdsm,0.057694,1.13181,0.38937
606000,a1ae1/t4k9+hz7Co6GQMZFGR7+1LZjTFPgvl3idQZhUqP0WEkGTW/0YkzZV4pdsm,0.07384600000000001,1.019016,0.337488
606300,a1ae1/t4k9+hz7Co6GQMZFGR7+1LZjTFPgvl3idQZhUqP0WEkGTW/0YkzZV4pdsm,0.052365999999999996,0.8430549999999999,0.360979
606600,a1ae1/t4k9+hz7Co6GQMZFGR7+1LZjTFPgvl3idQZhUqP0WEkGTW/0YkzZV4pdsm,0.079324,0.827326,0.35382600000000003
606900,a1ae1/t4k9+hz7Co6GQMZFGR7+1LZjTFPgvl3idQZhUqP0WEkGTW/0YkzZV4pdsm,0.071755,0.818148,0.332072
607200,a1ae1/t4k9+hz7Co6GQMZFGR7+1LZjTFPgvl3idQZhUqP0WEkGTW/0YkzZV4pdsm,0.061948,1.141463,0.349164
607500,a1ae1/t4k9+hz7Co6GQMZFGR7+1LZjTFPgvl3idQZhUqP0WEkGTW/0YkzZV4pdsm,0.09321900000000001,0.9731290000000001,0.357146
607800,a1ae1/t4k9+hz7Co6GQMZFGR7+1LZjTFPgvl3idQZhUqP0WEkGTW/0YkzZV4pdsm,0.049373,1.038567,0.34910599999999997
608100,a1ae1/t4k9+hz7Co6GQMZFGR7+1LZjTFPgvl3idQZhUqP0WEkGTW/0YkzZV4pdsm,0.08683400000000001,3.4430059999999996,0.44113
608400,a1ae1/t4k9+hz7Co6GQMZFGR7+1LZjTFPgvl3idQZhUqP0WEkGTW/0YkzZV4pdsm,0.038229,1.0531409999999999,0.351693
608700,a1ae1/t4k9+hz7Co6GQMZFGR7+1LZjTFPgvl3idQZhUqP0WEkGTW/0YkzZV4pdsm,0.093187,1.017205,0.334434
609000,a1ae1/t4k9+hz7Co6GQMZFGR7+1LZjTFPgvl3idQZhUqP0WEkGTW/0YkzZV4pdsm,0.059410000000000004,0.9831110000000001,0.349127
609300,a1ae1/t4k9+hz7Co6GQMZFGR7+1LZjTFPgvl3idQZhUqP0WEkGTW/0YkzZV4pdsm,0.079444,0.9690129999999999,0.377218
609600,a1ae1/t4k9+hz7Co6GQMZFGR7+1LZjTFPgvl3idQZhUqP0WEkGTW/0YkzZV4pdsm,0.08794199999999999,0.861507,0.340599
609900,a1ae1/t4k9+hz7Co6GQMZFGR7+1LZjTFPgvl3idQZhUqP0WEkGTW/0YkzZV4pdsm,0.035043,1.025608,0.336808
610200,a1ae1/t4k9+hz7Co6GQMZFGR7+1LZjTFPgvl3idQZhUqP0WEkGTW/0YkzZV4pdsm,0.073844,0.9068709999999999,0.354908
610500,a1ae1/t4k9+hz7Co6GQMZFGR7+1LZjTFPgvl3idQZhUqP0WEkGTW/0YkzZV4pdsm,0.023069,0.782409,0.326998
610800,a1ae1/t4k9+hz7Co6GQMZFGR7+1LZjTFPgvl3idQZhUqP0WEkGTW/0YkzZV4pdsm,0.096449,0.887824,0.344998
611100,a1ae1/t4k9+hz7Co6GQMZFGR7+1LZjTFPgvl3idQZhUqP0WEkGTW/0YkzZV4pdsm,0.07197100000000001,1.222375,0.33010100000000003
611400,a1ae1/t4k9+hz7Co6GQMZFGR7+1LZjTFPgvl3idQZhUqP0WEkGTW/0YkzZV4pdsm,0.107175,0.9268700000000001,0.35023200000000004
611700,a1ae1/t4k9+hz7Co6GQMZFGR7+1LZjTFPgvl3idQZhUqP0WEkGTW/0YkzZV4pdsm,0.057645,4.157987,0.457693
612000,a1ae1/t4k9+hz7Co6GQMZFGR7+1LZjTFPgvl3idQZhUqP0WEkGTW/0YkzZV4pdsm,0.097914,1.205576,0.378979
612300,a1ae1/t4k9+hz7Co6GQMZFGR7+1LZjTFPgvl3idQZhUqP0WEkGTW/0YkzZV4pdsm,0.025762,1.164311,0.319662
612600,a1ae1/t4k9+hz7Co6GQMZFGR7+1LZjTFPgvl3idQZhUqP0WEkGTW/0YkzZV4pdsm,0.03829,0.979018,0.354246
612900,a1ae1/t4k9+hz7Co6GQMZFGR7+1LZjTFPgvl3idQZhUqP0WEkGTW/0YkzZV4pdsm,0.095068,1.052561,0.383766
613200,a1ae1/t4k9+hz7Co6GQMZFGR7+1LZjTFPgvl3idQZhUqP0WEkGTW/0YkzZV4pdsm,0.09749400000000001,1.114494,0.358007
613500,a1ae1/t4k9+hz7Co6GQMZFGR7+1LZjTFPgvl3idQZhUqP0WEkGTW/0YkzZV4pdsm,0.10116599999999999,1.170165,0.345535
613800,a1ae1/t4k9+hz7Co6GQMZFGR7+1LZjTFPgvl3idQZhUqP0WEkGTW/0YkzZV4pdsm,0.097574,0.9375530000000001,0.34315500000000004
614100,a1ae1/t4k9+hz7Co6GQMZFGR7+1LZjTFPgvl3idQZhUqP0WEkGTW/0YkzZV4pdsm,0.07800399999999999,1.1681139999999999,0.353211
614400,a1ae1/t4k9+hz7Co6GQMZFGR7+1LZjTFPgvl3idQZhUqP0WEkGTW/0YkzZV4pdsm,0.05446,1.0554219999999999,0.349235
614700,a1ae1/t4k9+hz7Co6GQMZFGR7+1LZjTFPgvl3idQZhUqP0WEkGTW/0YkzZV4pdsm,0.093318,0.8333659999999999,0.358105
615000,a1ae1/t4k9+hz7Co6GQMZFGR7+1LZjTFPgvl3idQZhUqP0WEkGTW/0YkzZV4pdsm,0.047947000000000004,1.002865,0.32828
615300,a1ae1/t4k9+hz7Co6GQMZFGR7+1LZjTFPgvl3idQZhUqP0WEkGTW/0YkzZV4pdsm,0.036787,5.286499,0.43984399999999996
615600,a1ae1/t4k9+hz7Co6GQMZFGR7+1LZjTFPgvl3idQZhUqP0WEkGTW/0YkzZV4pdsm,0.115335,1.13024,0.38460500000000003
615900,a1ae1/t4k9+hz7Co6GQMZFGR7+1LZjTFPgvl3idQZhUqP0WEkGTW/0YkzZV4pdsm,0.081472,0.9805459999999999,0.336555
616200,a1ae1/t4k9+hz7Co6GQMZFGR7+1LZjTFPgvl3idQZhUqP0WEkGTW/0YkzZV4pdsm,0.081756,1.079511,0.370847
616500,a1ae1/t4k9+hz7Co6GQMZFGR7+1LZjTFPgvl3idQZhUqP0WEkGTW/0YkzZV4pdsm,0.0499,1.068553,0.386482
616800,a1ae1/t4k9+hz7Co6GQMZFGR7+1LZjTFPgvl3idQZhUqP0WEkGTW/0YkzZV4pdsm,0.07886900000000001,0.9166639999999999,0.33402800000000005
617100,a1ae1/t4k9+hz7Co6GQMZFGR7+1LZjTFPgvl3idQZhUqP0WEkGTW/0YkzZV4pdsm,0.063462,1.37384,0.369529
617400,a1ae1/t4k9+hz7Co6GQMZFGR7+1LZjTFPgvl3idQZhUqP0WEkGTW/0YkzZV4pdsm,0.090473,1.035311,0.339791
617700,a1ae1/t4k9+hz7Co6GQMZFGR7+1LZjTFPgvl3idQZhUqP0WEkGTW/0YkzZV4pdsm,0.043439,1.421676,0.31361999999999995
618000,a1ae1/t4k9+hz7Co6GQMZFGR7+1LZjTFPgvl3idQZhUqP0WEkGTW/0YkzZV4pdsm,0.018121,1.022785,0.319087
618300,a1ae1/t4k9+hz7Co6GQMZFGR7+1LZjTFPgvl3idQZhUqP0WEkGTW/0YkzZV4pdsm,0.079189,0.949225,0.354987
618600,a1ae1/t4k9+hz7Co6GQMZFGR7+1LZjTFPgvl3idQZhUqP0WEkGTW/0YkzZV4pdsm,0.047744999999999996,1.06762,0.294081
618900,a1ae1/t4k9+hz7Co6GQMZFGR7+1LZjTFPgvl3idQZhUqP0WEkGTW/0YkzZV4pdsm,0.108633,5.041212000000001,0.45747200000000005
619200,a1ae1/t4k9+hz7Co6GQMZFGR7+1LZjTFPgvl3idQZhUqP0WEkGTW/0YkzZV4pdsm,0.048858,0.9782639999999999,0.358041
619500,a1ae1/t4k9+hz7Co6GQMZFGR7+1LZjTFPgvl3idQZhUqP0WEkGTW/0YkzZV4pdsm,0.083819,0.843567,0.368967
619800,a1ae1/t4k9+hz7Co6GQMZFGR7+1LZjTFPgvl3idQZhUqP0WEkGTW/0YkzZV4pdsm,0.016999,0.8754860000000001,0.315886
620100,a1ae1/t4k9+hz7Co6GQMZFGR7+1LZjTFPgvl3idQZhUqP0WEkGTW/0YkzZV4pdsm,0.07669,5.005269,0.477472
620400,a1ae1/t4k9+hz7Co6GQMZFGR7+1LZjTFPgvl3idQZhUqP0WEkGTW/0YkzZV4pdsm,0.028687999999999998,1.024026,0.286248
620700,a1ae1/t4k9+hz7Co6GQMZFGR7+1LZjTFPgvl3idQZhUqP0WEkGTW/0YkzZV4pdsm,0.031758,0.8609620000000001,0.327988
621000,a1ae1/t4k9+hz7Co6GQMZFGR7+1LZjTFPgvl3idQZhUqP0WEkGTW/0YkzZV4pdsm,0.099676,1.1325459999999998,0.36704499999999995
621300,a1ae1/t4k9+hz7Co6GQMZFGR7+1LZjTFPgvl3idQZhUqP0WEkGTW/0YkzZV4pdsm,0.055416999999999994,0.77574,0.332516
621600,a1ae1/t4k9+hz7Co6GQMZFGR7+1LZjTFPgvl3idQZhUqP0WEkGTW/0YkzZV4pdsm,0.08934199999999999,0.907568,0.350686
621900,a1ae1/t4k9+hz7Co6GQMZFGR7+1LZjTFPgvl3idQZhUqP0WEkGTW/0YkzZV4pdsm,0.070194,0.852133,0.311417
622200,a1ae1/t4k9+hz7Co6GQMZFGR7+1LZjTFPgvl3idQZhUqP0WEkGTW/0YkzZV4pdsm,0.081594,0.9979690000000001,0.376686
622500,a1ae1/t4k9+hz7Co6GQMZFGR7+1LZjTFPgvl3idQZhUqP0WEkGTW/0YkzZV4pdsm,0.08955199999999999,5.785267,0.454979
622800,a1ae1/t4k9+hz7Co6GQMZFGR7+1LZjTFPgvl3idQZhUqP0WEkGTW/0YkzZV4pdsm,0.095332,1.0939530000000002,0.382127
623100,a1ae1/t4k9+hz7Co6GQMZFGR7+1LZjTFPgvl3idQZhUqP0WEkGTW/0YkzZV4pdsm,0.038189999999999995,1.345216,0.357722
623400,a1ae1/t4k9+hz7Co6GQMZFGR7+1LZjTFPgvl3idQZhUqP0WEkGTW/0YkzZV4pdsm,0.019251,0.934249,0.29936
623700,a1ae1/t4k9+hz7Co6GQMZFGR7+1LZjTFPgvl3idQZhUqP0WEkGTW/0YkzZV4pdsm,0.098036,0.95031,0.380855
624000,a1ae1/t4k9+hz7Co6GQMZFGR7+1LZjTFPgvl3idQZhUqP0WEkGTW/0YkzZV4pdsm,0.057249,0.8254450000000001,0.311332
624300,a1ae1/t4k9+hz7Co6GQMZFGR7+1LZjTFPgvl3idQZhUqP0WEkGTW/0YkzZV4pdsm,0.087418,0.94936,0.341541
624600,a1ae1/t4k9+hz7Co6GQMZFGR7+1LZjTFPgvl3idQZhUqP0WEkGTW/0YkzZV4pdsm,0.041623,1.156998,0.352213
624900,a1ae1/t4k9+hz7Co6GQMZFGR7+1LZjTFPgvl3idQZhUqP0WEkGTW/0YkzZV4pdsm,0.119729,0.790801,0.35338600000000003
625200,a1ae1/t4k9+hz7Co6GQMZFGR7+1LZjTFPgvl3idQZhUqP0WEkGTW/0YkzZV4pdsm,0.053234000000000004,0.789155,0.299338
625500,a1ae1/t4k9+hz7Co6GQMZFGR7+1LZjTFPgvl3idQZhUqP0WEkGTW/0YkzZV4pdsm,0.096698,0.986942,0.325848
625800,a1ae1/t4k9+hz7Co6GQMZFGR7+1LZjTFPgvl3idQZhUqP0WEkGTW/0YkzZV4pdsm,0.042831,1.109548,0.349174
626100,a1ae1/t4k9+hz7Co6GQMZFGR7+1LZjTFPgvl3idQZhUqP0WEkGTW/0YkzZV4pdsm,0.095139,4.584903,0.456855
626400,a1ae1/t4k9+hz7Co6GQMZFGR7+1LZjTFPgvl3idQZhUqP0WEkGTW/0YkzZV4pdsm,0.029513,0.79146,0.346943
626700,a1ae1/t4k9+hz7Co6GQMZFGR7+1LZjTFPgvl3idQZhUqP0WEkGTW/0YkzZV4pdsm,0.040124,0.858974,0.360968
627000,a1ae1/t4k9+hz7Co6GQMZFGR7+1LZjTFPgvl3idQZhUqP0WEkGTW/0YkzZV4pdsm,0.081478,0.9072389999999999,0.325387
627300,a1ae1/t4k9+hz7Co6GQMZFGR7+1LZjTFPgvl3idQZhUqP0WEkGTW/0YkzZV4pdsm,0.031025,0.9835459999999999,0.37447800000000003
627600,a1ae1/t4k9+hz7Co6GQMZFGR7+1LZjTFPgvl3idQZhUqP0WEkGTW/0YkzZV4pdsm,0.096828,0.979484,0.32841
627900,a1ae1/t4k9+hz7Co6GQMZFGR7+1LZjTFPgvl3idQZhUqP0WEkGTW/0YkzZV4pdsm,0.025481999999999998,0.968161,0.33026300000000003
628200,a1ae1/t4k9+hz7Co6GQMZFGR7+1LZjTFPgvl3idQZhUqP0WEkGTW/0YkzZV4pdsm,0.081832,1.012442,0.354516
628500,a1ae1/t4k9+hz7Co6GQMZFGR7+1LZjTFPgvl3idQZhUqP0WEkGTW/0YkzZV4pdsm,0.046653,0.9490219999999999,0.350997
628800,a1ae1/t4k9+hz7Co6GQMZFGR7+1LZjTFPgvl3idQZhUqP0WEkGTW/0YkzZV4pdsm,0.10630999999999999,0.795038,0.336246
629100,a1ae1/t4k9+hz7Co6GQMZFGR7+1LZjTFPgvl3idQZhUqP0WEkGTW/0YkzZV4pdsm,0.030077,1.584147,0.343543
629400,a1ae1/t4k9+hz7Co6GQMZFGR7+1LZjTFPgvl3idQZhUqP0WEkGTW/0YkzZV4pdsm,0.044517,0.7680939999999999,0.343574
629700,a1ae1/t4k9+hz7Co6GQMZFGR7+1LZjTFPgvl3idQZhUqP0WEkGTW/0YkzZV4pdsm,0.107994,5.8931830000000005,0.462838
630000,a1ae1/t4k9+hz7Co6GQMZFGR7+1LZjTFPgvl3idQZhUqP0WEkGTW/0YkzZV4pdsm,0.086783,1.018886,0.372873
630300,a1ae1/t4k9+hz7Co6GQMZFGR7+1LZjTFPgvl3idQZhUqP0WEkGTW/0YkzZV4pdsm,0.087659,0.998193,0.376098
630600,a1ae1/t4k9+hz7Co6GQMZFGR7+1LZjTFPgvl3idQZhUqP0WEkGTW/0YkzZV4pdsm,0.083255,0.8208709999999999,0.297658
630900,a1ae1/t4k9+hz7Co6GQMZFGR7+1LZjTFPgvl3idQZhUqP0WEkGTW/0YkzZV4pdsm,0.090978,0.846526,0.372181
631200,a1ae1/t4k9+hz7Co6GQMZFGR7+1LZjTFPgvl3idQZhUqP0WEkGTW/0YkzZV4pdsm,0.040022,0.786967,0.328873
631500,a1ae1/t4k9+hz7Co6GQMZFGR7+1LZjTFPgvl3idQZhUqP0WEkGTW/0YkzZV4pdsm,0.100368,0.8328530000000001,0.338943
631800,a1ae1/t4k9+hz7Co6GQMZFGR7+1LZjTFPgvl3idQZhUqP0WEkGTW/0YkzZV4pdsm,0.048323000000000005,0.801413,0.341973
632100,a1ae1/t4k9+hz7Co6GQMZFGR7+1LZjTFPgvl3idQZhUqP0WEkGTW/0YkzZV4pdsm,0.091025,1.4019620000000002,0.341958
632400,a1ae1/t4k9+hz7Co6GQMZFGR7+1LZjTFPgvl3idQZhUqP0WEkGTW/0YkzZV4pdsm,0.10840699999999999,0.885753,0.33973400000000004
632700,a1ae1/t4k9+hz7Co6GQMZFGR7+1LZjTFPgvl3idQZhUqP0WEkGTW/0YkzZV4pdsm,0.10456300000000002,0.8825059999999999,0.33972800000000003
633000,a1ae1/t4k9+hz7Co6GQMZFGR7+1LZjTFPgvl3idQZhUqP0WEkGTW/0YkzZV4pdsm,0.097354,1.039461,0.36768
633300,a1ae1/t4k9+hz7Co6GQMZFGR7+1LZjTFPgvl3idQZhUqP0WEkGTW/0YkzZV4pdsm,0.062874,0.77347,0.330516
633600,a1ae1/t4k9+hz7Co6GQMZFGR7+1LZjTFPgvl3idQZhUqP0WEkGTW/0YkzZV4pdsm,0.083665,0.8659389999999999,0.34318899999999997
633900,a1ae1/t4k9+hz7Co6GQMZFGR7+1LZjTFPgvl3idQZhUqP0WEkGTW/0YkzZV4pdsm,0.10396500000000002,0.9864219999999999,0.373357
634200,a1ae1/t4k9+hz7Co6GQMZFGR7+1LZjTFPgvl3idQZhUqP0WEkGTW/0YkzZV4pdsm,0.096224,1.090374,0.328631
634500,a1ae1/t4k9+hz7Co6GQMZFGR7+1LZjTFPgvl3idQZhUqP0WEkGTW/0YkzZV4pdsm,0.105102,3.166403,0.48037399999999997
634800,a1ae1/t4k9+hz7Co6GQMZFGR7+1LZjTFPgvl3idQZhUqP0WEkGTW/0YkzZV4pdsm,0.059542,1.0149299999999999,0.352672
635100,a1ae1/t4k9+hz7Co6GQMZFGR7+1LZjTFPgvl3idQZhUqP0WEkGTW/0YkzZV4pdsm,0.07496599999999999,1.106953,0.349407
635400,a1ae1/t4k9+hz7Co6GQMZFGR7+1LZjTFPgvl3idQZhUqP0WEkGTW/0YkzZV4pdsm,0.07406599999999999,0.822775,0.362471
635700,a1ae1/t4k9+hz7Co6GQMZFGR7+1LZjTFPgvl3idQZhUqP0WEkGTW/0YkzZV4pdsm,0.07774,1.027102,0.319757
636000,a1ae1/t4k9+hz7Co6GQMZFGR7+1LZjTFPgvl3idQZhUqP0WEkGTW/0YkzZV4pdsm,0.052599,1.040732,0.357042
636300,a1ae1/t4k9+hz7Co6GQMZFGR7+1LZjTFPgvl3idQZhUqP0WEkGTW/0YkzZV4pdsm,0.063247,0.9922549999999999,0.351906
636600,a1ae1/t4k9+hz7Co6GQMZFGR7+1LZjTFPgvl3idQZhUqP0WEkGTW/0YkzZV4pdsm,0.063564,0.813129,0.351217
636900,a1ae1/t4k9+hz7Co6GQMZFGR7+1LZjTFPgvl3idQZhUqP0WEkGTW/0YkzZV4pdsm,0.09787,3.623617,0.505668
637200,a1ae1/t4k9+hz7Co6GQMZFGR7+1LZjTFPgvl3idQZhUqP0WEkGTW/0YkzZV4pdsm,0.069219,0.826274,0.333165
637500,a1ae1/t4k9+hz7Co6GQMZFGR7+1LZjTFPgvl3idQZhUqP0WEkGTW/0YkzZV4pdsm,0.050072000000000005,0.8176399999999999,0.35096900000000003
637800,a1ae1/t4k9+hz7Co6GQMZFGR7+1LZjTFPgvl3idQZhUqP0WEkGTW/0YkzZV4pdsm,0.094933,0.9652200000000001,0.322331
638100,a1ae1/t4k9+hz7Co6GQMZFGR7+1LZjTFPgvl3idQZhUqP0WEkGTW/0YkzZV4pdsm,0.045247,0.8579899999999999,0.330337
638400,a1ae1/t4k9+hz7Co6GQMZFGR7+1LZjTFPgvl3idQZhUqP0WEkGTW/0YkzZV4pdsm,0.071753,0.847717,0.34460799999999997
638700,a1ae1/t4k9+hz7Co6GQMZFGR7+1LZjTFPgvl3idQZhUqP0WEkGTW/0YkzZV4pdsm,0.04493,1.438259,0.356389
639000,a1ae1/t4k9+hz7Co6GQMZFGR7+1LZjTFPgvl3idQZhUqP0WEkGTW/0YkzZV4pdsm,0.074068,0.8842190000000001,0.360772
639300,a1ae1/t4k9+hz7Co6GQMZFGR7+1LZjTFPgvl3idQZhUqP0WEkGTW/0YkzZV4pdsm,0.01374,0.938193,0.320982
639600,a1ae1/t4k9+hz7Co6GQMZFGR7+1LZjTFPgvl3idQZhUqP0WEkGTW/0YkzZV4pdsm,0.09199500000000001,1.394981,0.35480500000000004
639900,a1ae1/t4k9+hz7Co6GQMZFGR7+1LZjTFPgvl3idQZhUqP0WEkGTW/0YkzZV4pdsm,0.02061,0.9967590000000001,0.32252600000000003
640200,a1ae1/t4k9+hz7Co6GQMZFGR7+1LZjTFPgvl3idQZhUqP0WEkGTW/0YkzZV4pdsm,0.013646,0.942524,0.361662
640500,a1ae1/t4k9+hz7Co6GQMZFGR7+1LZjTFPgvl3idQZhUqP0WEkGTW/0YkzZV4pdsm,0.10321099999999998,5.716329,0.5731350000000001
640800,a1ae1/t4k9+hz7Co6GQMZFGR7+1LZjTFPgvl3idQZhUqP0WEkGTW/0YkzZV4pdsm,0.09814099999999999,0.826938,0.37151100000000004
641100,a1ae1/t4k9+hz7Co6GQMZFGR7+1LZjTFPgvl3idQZhUqP0WEkGTW/0YkzZV4pdsm,0.078463,1.209593,0.379745
641400,a1ae1/t4k9+hz7Co6GQMZFGR7+1LZjTFPgvl3idQZhUqP0WEkGTW/0YkzZV4pdsm,0.019337,1.229099,0.333853
641700,a1ae1/t4k9+hz7Co6GQMZFGR7+1LZjTFPgvl3idQZhUqP0WEkGTW/0YkzZV4pdsm,0.06669800000000001,3.9060230000000002,0.47696700000000003
642000,a1ae1/t4k9+hz7Co6GQMZFGR7+1LZjTFPgvl3idQZhUqP0WEkGTW/0YkzZV4pdsm,0.05384,0.803774,0.35255
642300,a1ae1/t4k9+hz7Co6GQMZFGR7+1LZjTFPgvl3idQZhUqP0WEkGTW/0YkzZV4pdsm,0.09194,1.1969370000000001,0.347224
642600,a1ae1/t4k9+hz7Co6GQMZFGR7+1LZjTFPgvl3idQZhUqP0WEkGTW/0YkzZV4pdsm,0.045221,0.802423,0.360073
642900,a1ae1/t4k9+hz7Co6GQMZFGR7+1LZjTFPgvl3idQZhUqP0WEkGTW/0YkzZV4pdsm,0.042178,0.9715290000000001,0.305571
643200,a1ae1/t4k9+hz7Co6GQMZFGR7+1LZjTFPgvl3idQZhUqP0WEkGTW/0YkzZV4pdsm,0.109645,1.230925,0.35833899999999996
643500,a1ae1/t4k9+hz7Co6GQMZFGR7+1LZjTFPgvl3idQZhUqP0WEkGTW/0YkzZV4pdsm,0.030501,1.147098,0.31054499999999996
643800,a1ae1/t4k9+hz7Co6GQMZFGR7+1LZjTFPgvl3idQZhUqP0WEkGTW/0YkzZV4pdsm,0.073018,1.222618,0.369799
644100,a1ae1/t4k9+hz7Co6GQMZFGR7+1LZjTFPgvl3idQZhUqP0WEkGTW/0YkzZV4pdsm,0.011003,1.131936,0.349005
644400,a1ae1/t4k9+hz7Co6GQMZFGR7+1LZjTFPgvl3idQZhUqP0WEkGTW/0YkzZV4pdsm,0.096548,0.7906979999999999,0.34870100000000004
644700,a1ae1/t4k9+hz7Co6GQMZFGR7+1LZjTFPgvl3idQZhUqP0WEkGTW/0YkzZV4pdsm,0.070495,0.837923,0.370158
645000,a1ae1/t4k9+hz7Co6GQMZFGR7+1LZjTFPgvl3idQZhUqP0WEkGTW/0YkzZV4pdsm,0.088006,0.901483,0.33016799999999996
645300,a1ae1/t4k9+hz7Co6GQMZFGR7+1LZjTFPgvl3idQZhUqP0WEkGTW/0YkzZV4pdsm,0.07106799999999999,0.912335,0.327788
645600,a1ae1/t4k9+hz7Co6GQMZFGR7+1LZjTFPgvl3idQZhUqP0WEkGTW/0YkzZV4pdsm,0.06387000000000001,1.1345319999999999,0.355633
645900,a1ae1/t4k9+hz7Co6GQMZFGR7+1LZjTFPgvl3idQZhUqP0WEkGTW/0YkzZV4pdsm,0.10974,0.957255,0.349353
646200,a1ae1/t4k9+hz7Co6GQMZFGR7+1LZjTFPgvl3idQZhUqP0WEkGTW/0YkzZV4pdsm,0.04217,1.034359,0.346075
646500,a1ae1/t4k9+hz7Co6GQMZFGR7+1LZjTFPgvl3idQZhUqP0WEkGTW/0YkzZV4pdsm,0.07307000000000001,1.0726040000000001,0.306052
646800,a1ae1/t4k9+hz7Co6GQMZFGR7+1LZjTFPgvl3idQZhUqP0WEkGTW/0YkzZV4pdsm,0.065682,1.053788,0.317331
647100,a1ae1/t4k9+hz7Co6GQMZFGR7+1LZjTFPgvl3idQZhUqP0WEkGTW/0YkzZV4pdsm,0.093907,1.324924,0.372785
647400,a1ae1/t4k9+hz7Co6GQMZFGR7+1LZjTFPgvl3idQZhUqP0WEkGTW/0YkzZV4pdsm,0.083663,1.019634,0.320325
647700,a1ae1/t4k9+hz7Co6GQMZFGR7+1LZjTFPgvl3idQZhUqP0WEkGTW/0YkzZV4pdsm,0.092874,4.121859,0.49868199999999996
648000,a1ae1/t4k9+hz7Co6GQMZFGR7+1LZjTFPgvl3idQZhUqP0WEkGTW/0YkzZV4pdsm,0.054746,1.04071,0.321585
648300,a1ae1/t4k9+hz7Co6GQMZFGR7+1LZjTFPgvl3idQZhUqP0WEkGTW/0YkzZV4pdsm,0.072141,1.054149,0.327362
648600,a1ae1/t4k9+hz7Co6GQMZFGR7+1LZjTFPgvl3idQZhUqP0WEkGTW/0YkzZV4pdsm,0.094098,1.161938,0.34078800000000004
648900,a1ae1/t4k9+hz7Co6GQMZFGR7+1LZjTFPgvl3idQZhUqP0WEkGTW/0YkzZV4pdsm,0.117469,0.913954,0.350677
649200,a1ae1/t4k9+hz7Co6GQMZFGR7+1LZjTFPgvl3idQZhUqP0WEkGTW/0YkzZV4pdsm,0.127893,1.033153,0.357333
649500,a1ae1/t4k9+hz7Co6GQMZFGR7+1LZjTFPgvl3idQZhUqP0WEkGTW/0YkzZV4pdsm,0.066807,1.041139,0.298856
649800,a1ae1/t4k9+hz7Co6GQMZFGR7+1LZjTFPgvl3idQZhUqP0WEkGTW/0YkzZV4pdsm,0.085565,1.4863520000000001,0.383711
650100,a1ae1/t4k9+hz7Co6GQMZFGR7+1LZjTFPgvl3idQZhUqP0WEkGTW/0YkzZV4pdsm,0.053265999999999994,1.117726,0.32460100000000003
650400,a1ae1/t4k9+hz7Co6GQMZFGR7+1LZjTFPgvl3idQZhUqP0WEkGTW/0YkzZV4pdsm,0.11427999999999999,0.9074760000000001,0.360928
650700,a1ae1/t4k9+hz7Co6GQMZFGR7+1LZjTFPgvl3idQZhUqP0WEkGTW/0YkzZV4pdsm,0.081807,0.966507,0.339147
651000,a1ae1/t4k9+hz7Co6GQMZFGR7+1LZjTFPgvl3idQZhUqP0WEkGTW/0YkzZV4pdsm,0.099445,1.040621,0.319027
651300,a1ae1/t4k9+hz7Co6GQMZFGR7+1LZjTFPgvl3idQZhUqP0WEkGTW/0YkzZV4pdsm,0.113291,4.120604,0.5051140000000001
651600,a1ae1/t4k9+hz7Co6GQMZFGR7+1LZjTFPgvl3idQZhUqP0WEkGTW/0YkzZV4pdsm,0.100242,1.1579959999999998,0.31100900000000004
651900,a1ae1/t4k9+hz7Co6GQMZFGR7+1LZjTFPgvl3idQZhUqP0WEkGTW/0YkzZV4pdsm,0.065566,1.034465,0.369517
652200,a1ae1/t4k9+hz7Co6GQMZFGR7+1LZjTFPgvl3idQZhUqP0WEkGTW/0YkzZV4pdsm,0.048391,1.121091,0.318838
652500,a1ae1/t4k9+hz7Co6GQMZFGR7+1LZjTFPgvl3idQZhUqP0WEkGTW/0YkzZV4pdsm,0.087866,1.003573,0.361707
652800,a1ae1/t4k9+hz7Co6GQMZFGR7+1LZjTFPgvl3idQZhUqP0WEkGTW/0YkzZV4pdsm,0.088126,0.8740479999999999,0.335731
653100,a1ae1/t4k9+hz7Co6GQMZFGR7+1LZjTFPgvl3idQZhUqP0WEkGTW/0YkzZV4pdsm,0.079559,0.691377,0.31485599999999997
653400,a1ae1/t4k9+hz7Co6GQMZFGR7+1LZjTFPgvl3idQZhUqP0WEkGTW/0YkzZV4pdsm,0.093704,1.178293,0.34228200000000003
653700,a1ae1/t4k9+hz7Co6GQMZFGR7+1LZjTFPgvl3idQZhUqP0WEkGTW/0YkzZV4pdsm,0.069849,0.9375870000000001,0.333854
654000,a1ae1/t4k9+hz7Co6GQMZFGR7+1LZjTFPgvl3idQZhUqP0WEkGTW/0YkzZV4pdsm,0.059451,1.033591,0.343464
654300,a1ae1/t4k9+hz7Co6GQMZFGR7+1LZjTFPgvl3idQZhUqP0WEkGTW/0YkzZV4pdsm,0.039807,0.9059200000000001,0.31453400000000004
654600,a1ae1/t4k9+hz7Co6GQMZFGR7+1LZjTFPgvl3idQZhUqP0WEkGTW/0YkzZV4pdsm,0.09264700000000001,1.0917649999999999,0.3419
654900,a1ae1/t4k9+hz7Co6GQMZFGR7+1LZjTFPgvl3idQZhUqP0WEkGTW/0YkzZV4pdsm,0.067349,0.813832,0.33413200000000004
655200,a1ae1/t4k9+hz7Co6GQMZFGR7+1LZjTFPgvl3idQZhUqP0WEkGTW/0YkzZV4pdsm,0.078127,1.072473,0.350542
655500,a1ae1/t4k9+hz7Co6GQMZFGR7+1LZjTFPgvl3idQZhUqP0WEkGTW/0YkzZV4pdsm,0.042808,0.8808940000000001,0.33669299999999996
655800,a1ae1/t4k9+hz7Co6GQMZFGR7+1LZjTFPgvl3idQZhUqP0WEkGTW/0YkzZV4pdsm,0.098887,1.184842,0.339711
656100,a1ae1/t4k9+hz7Co6GQMZFGR7+1LZjTFPgvl3idQZhUqP0WEkGTW/0YkzZV4pdsm,0.090615,0.938393,0.299646
656400,a1ae1/t4k9+hz7Co6GQMZFGR7+1LZjTFPgvl3idQZhUqP0WEkGTW/0YkzZV4pdsm,0.105097,0.836666,0.341423
656700,a1ae1/t4k9+hz7Co6GQMZFGR7+1LZjTFPgvl3idQZhUqP0WEkGTW/0YkzZV4pdsm,0.070994,0.870347,0.307209
657000,a1ae1/t4k9+hz7Co6GQMZFGR7+1LZjTFPgvl3idQZhUqP0WEkGTW/0YkzZV4pdsm,0.086061,1.265366,0.367379
657300,a1ae1/t4k9+hz7Co6GQMZFGR7+1LZjTFPgvl3idQZhUqP0WEkGTW/0YkzZV4pdsm,0.083454,1.0837709999999998,0.337566
657600,a1ae1/t4k9+hz7Co6GQMZFGR7+1LZjTFPgvl3idQZhUqP0WEkGTW/0YkzZV4pdsm,0.08859199999999999,1.057343,0.331809
657900,a1ae1/t4k9+hz7Co6GQMZFGR7+1LZjTFPgvl3idQZhUqP0WEkGTW/0YkzZV4pdsm,0.094302,0.912333,0.368693
658200,a1ae1/t4k9+hz7Co6GQMZFGR7+1LZjTFPgvl3idQZhUqP0WEkGTW/0YkzZV4pdsm,0.054741,0.9354870000000001,0.314261
658500,a1ae1/t4k9+hz7Co6GQMZFGR7+1LZjTFPgvl3idQZhUqP0WEkGTW/0YkzZV4pdsm,0.130251,4.225326,0.513887
658800,a1ae1/t4k9+hz7Co6GQMZFGR7+1LZjTFPgvl3idQZhUqP0WEkGTW/0YkzZV4pdsm,0.099551,0.885229,0.34374299999999997
659100,a1ae1/t4k9+hz7Co6GQMZFGR7+1LZjTFPgvl3idQZhUqP0WEkGTW/0YkzZV4pdsm,0.086123,0.8568620000000001,0.348063
659400,a1ae1/t4k9+hz7Co6GQMZFGR7+1LZjTFPgvl3idQZhUqP0WEkGTW/0YkzZV4pdsm,0.079039,0.99529,0.34358099999999997
659700,a1ae1/t4k9+hz7Co6GQMZFGR7+1LZjTFPgvl3idQZhUqP0WEkGTW/0YkzZV4pdsm,0.079335,0.980349,0.34391900000000003
660000,a1ae1/t4k9+hz7Co6GQMZFGR7+1LZjTFPgvl3idQZhUqP0WEkGTW/0YkzZV4pdsm,0.091566,0.9797440000000001,0.349646
660300,a1ae1/t4k9+hz7Co6GQMZFGR7+1LZjTFPgvl3idQZhUqP0WEkGTW/0YkzZV4pdsm,0.045268,1.2248620000000001,0.304236
660600,a1ae1/t4k9+hz7Co6GQMZFGR7+1LZjTFPgvl3idQZhUqP0WEkGTW/0YkzZV4pdsm,0.077568,1.295482,0.37911300000000003
660900,a1ae1/t4k9+hz7Co6GQMZFGR7+1LZjTFPgvl3idQZhUqP0WEkGTW/0YkzZV4pdsm,0.073172,0.7686689999999999,0.26724899999999996
661200,a1ae1/t4k9+hz7Co6GQMZFGR7+1LZjTFPgvl3idQZhUqP0WEkGTW/0YkzZV4pdsm,0.066624,1.098336,0.38803699999999997
661500,a1ae1/t4k9+hz7Co6GQMZFGR7+1LZjTFPgvl3idQZhUqP0WEkGTW/0YkzZV4pdsm,0.053884,1.164965,0.362129
661800,a1ae1/t4k9+hz7Co6GQMZFGR7+1LZjTFPgvl3idQZhUqP0WEkGTW/0YkzZV4pdsm,0.078071,1.382599,0.32090100000000005
662100,a1ae1/t4k9+hz7Co6GQMZFGR7+1LZjTFPgvl3idQZhUqP0WEkGTW/0YkzZV4pdsm,0.08785499999999999,4.819573,0.483075
662400,a1ae1/t4k9+hz7Co6GQMZFGR7+1LZjTFPgvl3idQZhUqP0WEkGTW/0YkzZV4pdsm,0.040046,0.900758,0.30503600000000003
662700,a1ae1/t4k9+hz7Co6GQMZFGR7+1LZjTFPgvl3idQZhUqP0WEkGTW/0YkzZV4pdsm,0.075454,1.112884,0.356265
663000,a1ae1/t4k9+hz7Co6GQMZFGR7+1LZjTFPgvl3idQZhUqP0WEkGTW/0YkzZV4pdsm,0.098077,0.916422,0.326872
663300,a1ae1/t4k9+hz7Co6GQMZFGR7+1LZjTFPgvl3idQZhUqP0WEkGTW/0YkzZV4pdsm,0.07095900000000001,5.050937,0.460196
663600,a1ae1/t4k9+hz7Co6GQMZFGR7+1LZjTFPgvl3idQZhUqP0WEkGTW/0YkzZV4pdsm,0.085323,0.9923270000000001,0.286623
663900,a1ae1/t4k9+hz7Co6GQMZFGR7+1LZjTFPgvl3idQZhUqP0WEkGTW/0YkzZV4pdsm,0.08991299999999999,1.031796,0.311849
664200,a1ae1/t4k9+hz7Co6GQMZFGR7+1LZjTFPgvl3idQZhUqP0WEkGTW/0YkzZV4pdsm,0.072335,0.8043520000000001,0.309422
664500,a1ae1/t4k9+hz7Co6GQMZFGR7+1LZjTFPgvl3idQZhUqP0WEkGTW/0YkzZV4pdsm,0.086042,0.921588,0.32204099999999997
664800,a1ae1/t4k9+hz7Co6GQMZFGR7+1LZjTFPgvl3idQZhUqP0WEkGTW/0YkzZV4pdsm,0.093801,1.115899,0.32960500000000004
665100,a1ae1/t4k9+hz7Co6GQMZFGR7+1LZjTFPgvl3idQZhUqP0WEkGTW/0YkzZV4pdsm,0.09325800000000001,1.39804,0.331041
665400,a1ae1/t4k9+hz7Co6GQMZFGR7+1LZjTFPgvl3idQZhUqP0WEkGTW/0YkzZV4pdsm,0.06923,1.376464,0.332698
665700,a1ae1/t4k9+hz7Co6GQMZFGR7+1LZjTFPgvl3idQZhUqP0WEkGTW/0YkzZV4pdsm,0.035604000000000004,0.94437,0.298678
666000,a1ae1/t4k9+hz7Co6GQMZFGR7+1LZjTFPgvl3idQZhUqP0WEkGTW/0YkzZV4pdsm,0.07675499999999999,0.94126,0.33878600000000003
666300,a1ae1/t4k9+hz7Co6GQMZFGR7+1LZjTFPgvl3idQZhUqP0WEkGTW/0YkzZV4pdsm,0.078428,0.8414530000000001,0.318385
666600,a1ae1/t4k9+hz7Co6GQMZFGR7+1LZjTFPgvl3idQZhUqP0WEkGTW/0YkzZV4pdsm,0.109615,1.3725450000000001,0.346383
666900,a1ae1/t4k9+hz7Co6GQMZFGR7+1LZjTFPgvl3idQZhUqP0WEkGTW/0YkzZV4pdsm,0.09308999999999999,0.951658,0.356652
667200,a1ae1/t4k9+hz7Co6GQMZFGR7+1LZjTFPgvl3idQZhUqP0WEkGTW/0YkzZV4pdsm,0.110892,1.085915,0.353068
667500,a1ae1/t4k9+hz7Co6GQMZFGR7+1LZjTFPgvl3idQZhUqP0WEkGTW/0YkzZV4pdsm,0.096312,0.733746,0.295202
667800,a1ae1/t4k9+hz7Co6GQMZFGR7+1LZjTFPgvl3idQZhUqP0WEkGTW/0YkzZV4pdsm,0.075277,0.943398,0.356258
668100,a1ae1/t4k9+hz7Co6GQMZFGR7+1LZjTFPgvl3idQZhUqP0WEkGTW/0YkzZV4pdsm,0.133236,0.768518,0.366444
668400,a1ae1/t4k9+hz7Co6GQMZFGR7+1LZjTFPgvl3idQZhUqP0WEkGTW/0YkzZV4pdsm,0.110225,0.850915,0.325679
668700,a1ae1/t4k9+hz7Co6GQMZFGR7+1LZjTFPgvl3idQZhUqP0WEkGTW/0YkzZV4pdsm,0.10282000000000001,1.287598,0.380617
669000,a1ae1/t4k9+hz7Co6GQMZFGR7+1LZjTFPgvl3idQZhUqP0WEkGTW/0YkzZV4pdsm,0.074144,0.953883,0.290786
669300,a1ae1/t4k9+hz7Co6GQMZFGR7+1LZjTFPgvl3idQZhUqP0WEkGTW/0YkzZV4pdsm,0.130946,3.626789,0.5119319999999999
669600,a1ae1/t4k9+hz7Co6GQMZFGR7+1LZjTFPgvl3idQZhUqP0WEkGTW/0YkzZV4pdsm,0.043611000000000004,1.109124,0.35199899999999995
669900,a1ae1/t4k9+hz7Co6GQMZFGR7+1LZjTFPgvl3idQZhUqP0WEkGTW/0YkzZV4pdsm,0.139322,0.835886,0.35251
670200,a1ae1/t4k9+hz7Co6GQMZFGR7+1LZjTFPgvl3idQZhUqP0WEkGTW/0YkzZV4pdsm,0.046861,0.759328,0.32876
670500,a1ae1/t4k9+hz7Co6GQMZFGR7+1LZjTFPgvl3idQZhUqP0WEkGTW/0YkzZV4pdsm,0.075822,1.50279,0.40821199999999996
670800,a1ae1/t4k9+hz7Co6GQMZFGR7+1LZjTFPgvl3idQZhUqP0WEkGTW/0YkzZV4pdsm,0.087216,1.326287,0.363771
671100,a1ae1/t4k9+hz7Co6GQMZFGR7+1LZjTFPgvl3idQZhUqP0WEkGTW/0YkzZV4pdsm,0.139158,1.108914,0.3489
671400,a1ae1/t4k9+hz7Co6GQMZFGR7+1LZjTFPgvl3idQZhUqP0WEkGTW/0YkzZV4pdsm,0.086221,0.983248,0.37051100000000003
671700,a1ae1/t4k9+hz7Co6GQMZFGR7+1LZjTFPgvl3idQZhUqP0WEkGTW/0YkzZV4pdsm,0.091507,0.913904,0.34008
672000,a1ae1/t4k9+hz7Co6GQMZFGR7+1LZjTFPgvl3idQZhUqP0WEkGTW/0YkzZV4pdsm,0.104501,0.730855,0.330115
672300,a1ae1/t4k9+hz7Co6GQMZFGR7+1LZjTFPgvl3idQZhUqP0WEkGTW/0YkzZV4pdsm,0.064472,1.132957,0.37708200000000003
672600,a1ae1/t4k9+hz7Co6GQMZFGR7+1LZjTFPgvl3idQZhUqP0WEkGTW/0YkzZV4pdsm,0.081941,0.865791,0.341527
672900,a1ae1/t4k9+hz7Co6GQMZFGR7+1LZjTFPgvl3idQZhUqP0WEkGTW/0YkzZV4pdsm,0.058464999999999996,4.08271,0.47015500000000005
673200,a1ae1/t4k9+hz7Co6GQMZFGR7+1LZjTFPgvl3idQZhUqP0WEkGTW/0YkzZV4pdsm,0.041027999999999995,0.8763540000000001,0.36344699999999996
673500,a1ae1/t4k9+hz7Co6GQMZFGR7+1LZjTFPgvl3idQZhUqP0WEkGTW/0YkzZV4pdsm,0.092958,0.863892,0.34758
673800,a1ae1/t4k9+hz7Co6GQMZFGR7+1LZjTFPgvl3idQZhUqP0WEkGTW/0YkzZV4pdsm,0.062022,1.008185,0.34818699999999997
674100,a1ae1/t4k9+hz7Co6GQMZFGR7+1LZjTFPgvl3idQZhUqP0WEkGTW/0YkzZV4pdsm,0.074658,0.857856,0.327519
674400,a1ae1/t4k9+hz7Co6GQMZFGR7+1LZjTFPgvl3idQZhUqP0WEkGTW/0YkzZV4pdsm,0.070201,0.972975,0.363475
674700,a1ae1/t4k9+hz7Co6GQMZFGR7+1LZjTFPgvl3idQZhUqP0WEkGTW/0YkzZV4pdsm,0.081572,1.199571,0.32623800000000003
675000,a1ae1/t4k9+hz7Co6GQMZFGR7+1LZjTFPgvl3idQZhUqP0WEkGTW/0YkzZV4pdsm,0.052881,0.849735,0.354142
675300,a1ae1/t4k9+hz7Co6GQMZFGR7+1LZjTFPgvl3idQZhUqP0WEkGTW/0YkzZV4pdsm,0.072966,0.8862200000000001,0.37213
675600,a1ae1/t4k9+hz7Co6GQMZFGR7+1LZjTFPgvl3idQZhUqP0WEkGTW/0YkzZV4pdsm,0.07065,0.890967,0.314663
675900,a1ae1/t4k9+hz7Co6GQMZFGR7+1LZjTFPgvl3idQZhUqP0WEkGTW/0YkzZV4pdsm,0.07032100000000001,1.313418,0.38626
676200,a1ae1/t4k9+hz7Co6GQMZFGR7+1LZjTFPgvl3idQZhUqP0WEkGTW/0YkzZV4pdsm,0.060609,1.22871,0.330771
676500,a1ae1/t4k9+hz7Co6GQMZFGR7+1LZjTFPgvl3idQZhUqP0WEkGTW/0YkzZV4pdsm,0.047135,4.413093,0.492993
676800,a1ae1/t4k9+hz7Co6GQMZFGR7+1LZjTFPgvl3idQZhUqP0WEkGTW/0YkzZV4pdsm,0.074433,1.040804,0.359634
677100,a1ae1/t4k9+hz7Co6GQMZFGR7+1LZjTFPgvl3idQZhUqP0WEkGTW/0YkzZV4pdsm,0.0651,1.407442,0.389441
677400,a1ae1/t4k9+hz7Co6GQMZFGR7+1LZjTFPgvl3idQZhUqP0WEkGTW/0YkzZV4pdsm,0.060154,0.936776,0.33571599999999996
677700,a1ae1/t4k9+hz7Co6GQMZFGR7+1LZjTFPgvl3idQZhUqP0WEkGTW/0YkzZV4pdsm,0.084892,1.503671,0.358426
678000,a1ae1/t4k9+hz7Co6GQMZFGR7+1LZjTFPgvl3idQZhUqP0WEkGTW/0YkzZV4pdsm,0.082081,0.895164,0.358282
678300,a1ae1/t4k9+hz7Co6GQMZFGR7+1LZjTFPgvl3idQZhUqP0WEkGTW/0YkzZV4pdsm,0.054439,1.093852,0.31411999999999995
678600,a1ae1/t4k9+hz7Co6GQMZFGR7+1LZjTFPgvl3idQZhUqP0WEkGTW/0YkzZV4pdsm,0.05695,1.3603180000000001,0.41158500000000003
678900,a1ae1/t4k9+hz7Co6GQMZFGR7+1LZjTFPgvl3idQZhUqP0WEkGTW/0YkzZV4pdsm,0.08532100000000001,1.0161870000000002,0.364277
679200,a1ae1/t4k9+hz7Co6GQMZFGR7+1LZjTFPgvl3idQZhUqP0WEkGTW/0YkzZV4pdsm,0.076325,1.3861459999999999,0.326817
679500,a1ae1/t4k9+hz7Co6GQMZFGR7+1LZjTFPgvl3idQZhUqP0WEkGTW/0YkzZV4pdsm,0.090667,1.15788,0.382396
679800,a1ae1/t4k9+hz7Co6GQMZFGR7+1LZjTFPgvl3idQZhUqP0WEkGTW/0YkzZV4pdsm,0.067589,1.643399,0.399336
680100,a1ae1/t4k9+hz7Co6GQMZFGR7+1LZjTFPgvl3idQZhUqP0WEkGTW/0YkzZV4pdsm,0.085408,4.718821,0.5227430000000001
680400,a1ae1/t4k9+hz7Co6GQMZFGR7+1LZjTFPgvl3idQZhUqP0WEkGTW/0YkzZV4pdsm,0.094337,1.508247,0.42140900000000003
680700,a1ae1/t4k9+hz7Co6GQMZFGR7+1LZjTFPgvl3idQZhUqP0WEkGTW/0YkzZV4pdsm,0.072801,0.993339,0.340727
681000,a1ae1/t4k9+hz7Co6GQMZFGR7+1LZjTFPgvl3idQZhUqP0WEkGTW/0YkzZV4pdsm,0.049923,1.368069,0.361202
681300,a1ae1/t4k9+hz7Co6GQMZFGR7+1LZjTFPgvl3idQZhUqP0WEkGTW/0YkzZV4pdsm,0.057123,2.3212189999999997,0.41131899999999993
681600,a1ae1/t4k9+hz7Co6GQMZFGR7+1LZjTFPgvl3idQZhUqP0WEkGTW/0YkzZV4pdsm,0.06841599999999999,0.927969,0.348097
681900,a1ae1/t4k9+hz7Co6GQMZFGR7+1LZjTFPgvl3idQZhUqP0WEkGTW/0YkzZV4pdsm,0.092794,2.117206,0.47007200000000005
682200,a1ae1/t4k9+hz7Co6GQMZFGR7+1LZjTFPgvl3idQZhUqP0WEkGTW/0YkzZV4pdsm,0.091451,1.06739,0.330833
682500,a1ae1/t4k9+hz7Co6GQMZFGR7+1LZjTFPgvl3idQZhUqP0WEkGTW/0YkzZV4pdsm,0.081486,2.028914,0.43203800000000003
682800,a1ae1/t4k9+hz7Co6GQMZFGR7+1LZjTFPgvl3idQZhUqP0WEkGTW/0YkzZV4pdsm,0.068691,1.053944,0.338186
683100,a1ae1/t4k9+hz7Co6GQMZFGR7+1LZjTFPgvl3idQZhUqP0WEkGTW/0YkzZV4pdsm,0.07220800000000001,1.521754,0.422592
683400,a1ae1/t4k9+hz7Co6GQMZFGR7+1LZjTFPgvl3idQZhUqP0WEkGTW/0YkzZV4pdsm,0.09103,0.7646,0.346831
683700,a1ae1/t4k9+hz7Co6GQMZFGR7+1LZjTFPgvl3idQZhUqP0WEkGTW/0YkzZV4pdsm,0.056374,4.512528,0.62022
684000,a1ae1/t4k9+hz7Co6GQMZFGR7+1LZjTFPgvl3idQZhUqP0WEkGTW/0YkzZV4pdsm,0.095558,1.6643689999999998,0.400391
684300,a1ae1/t4k9+hz7Co6GQMZFGR7+1LZjTFPgvl3idQZhUqP0WEkGTW/0YkzZV4pdsm,0.09518,0.876461,0.315357
684600,a1ae1/t4k9+hz7Co6GQMZFGR7+1LZjTFPgvl3idQZhUqP0WEkGTW/0YkzZV4pdsm,0.057245000000000004,1.628487,0.41934499999999997
684900,a1ae1/t4k9+hz7Co6GQMZFGR7+1LZjTFPgvl3idQZhUqP0WEkGTW/0YkzZV4pdsm,0.093097,5.414668,0.45352299999999995
685200,a1ae1/t4k9+hz7Co6GQMZFGR7+1LZjTFPgvl3idQZhUqP0WEkGTW/0YkzZV4pdsm,0.05190499999999999,0.9208930000000001,0.33831700000000003
685500,a1ae1/t4k9+hz7Co6GQMZFGR7+1LZjTFPgvl3idQZhUqP0WEkGTW/0YkzZV4pdsm,0.109925,1.167979,0.398003
685800,a1ae1/t4k9+hz7Co6GQMZFGR7+1LZjTFPgvl3idQZhUqP0WEkGTW/0YkzZV4pdsm,0.047802,0.958219,0.319439
686100,a1ae1/t4k9+hz7Co6GQMZFGR7+1LZjTFPgvl3idQZhUqP0WEkGTW/0YkzZV4pdsm,0.140284,0.8858360000000001,0.36084099999999997
686400,a1ae1/t4k9+hz7Co6GQMZFGR7+1LZjTFPgvl3idQZhUqP0WEkGTW/0YkzZV4pdsm,0.073923,0.805879,0.32605500000000004
686700,a1ae1/t4k9+hz7Co6GQMZFGR7+1LZjTFPgvl3idQZhUqP0WEkGTW/0YkzZV4pdsm,0.093916,0.860158,0.348165
687000,a1ae1/t4k9+hz7Co6GQMZFGR7+1LZjTFPgvl3idQZhUqP0WEkGTW/0YkzZV4pdsm,0.055406,1.0276299999999998,0.329464
687300,a1ae1/t4k9+hz7Co6GQMZFGR7+1LZjTFPgvl3idQZhUqP0WEkGTW/0YkzZV4pdsm,0.031977,3.8399099999999997,0.5184489999999999
687600,a1ae1/t4k9+hz7Co6GQMZFGR7+1LZjTFPgvl3idQZhUqP0WEkGTW/0YkzZV4pdsm,0.12262999999999999,0.83735,0.362423
687900,a1ae1/t4k9+hz7Co6GQMZFGR7+1LZjTFPgvl3idQZhUqP0WEkGTW/0YkzZV4pdsm,0.063098,0.933132,0.301883
688200,a1ae1/t4k9+hz7Co6GQMZFGR7+1LZjTFPgvl3idQZhUqP0WEkGTW/0YkzZV4pdsm,0.122204,1.305754,0.372397
688500,a1ae1/t4k9+hz7Co6GQMZFGR7+1LZjTFPgvl3idQZhUqP0WEkGTW/0YkzZV4pdsm,0.078081,1.004005,0.32764099999999996
688800,a1ae1/t4k9+hz7Co6GQMZFGR7+1LZjTFPgvl3idQZhUqP0WEkGTW/0YkzZV4pdsm,0.11420699999999999,1.040095,0.347196
689100,a1ae1/t4k9+hz7Co6GQMZFGR7+1LZjTFPgvl3idQZhUqP0WEkGTW/0YkzZV4pdsm,0.07122,1.149205,0.368628
689400,a1ae1/t4k9+hz7Co6GQMZFGR7+1LZjTFPgvl3idQZhUqP0WEkGTW/0YkzZV4pdsm,0.107877,0.864246,0.34274899999999997
689700,a1ae1/t4k9+hz7Co6GQMZFGR7+1LZjTFPgvl3idQZhUqP0WEkGTW/0YkzZV4pdsm,0.09867000000000001,0.943486,0.337233
690000,a1ae1/t4k9+hz7Co6GQMZFGR7+1LZjTFPgvl3idQZhUqP0WEkGTW/0YkzZV4pdsm,0.07736,0.82237,0.326525
690300,a1ae1/t4k9+hz7Co6GQMZFGR7+1LZjTFPgvl3idQZhUqP0WEkGTW/0YkzZV4pdsm,0.09781000000000001,0.9664790000000001,0.364374
690600,a1ae1/t4k9+hz7Co6GQMZFGR7+1LZjTFPgvl3idQZhUqP0WEkGTW/0YkzZV4pdsm,0.065209,1.130242,0.32212399999999997
690900,a1ae1/t4k9+hz7Co6GQMZFGR7+1LZjTFPgvl3idQZhUqP0WEkGTW/0YkzZV4pdsm,0.078403,4.428674,0.5361100000000001
