timestamp,vm_id,min_cpu,avg_cpu,max_cpu
0,a1r9IRN6Zrgwo194AsPW2IbLNqg7U+5NX6Z4ptggBuvc0ieb1/K5xnTD+5rJDYEH,2.702559,14.455781,7.915947
300,a1r9IRN6Zrgwo194AsPW2IbLNqg7U+5NX6Z4ptggBuvc0ieb1/K5xnTD+5rJDYEH,3.968918,12.491785,6.276952
600,a1r9IRN6Zrgwo194AsPW2IbLNqg7U+5NX6Z4ptggBuvc0ieb1/K5xnTD+5rJDYEH,2.730763,80.15729,8.868477
900,a1r9IRN6Zrgwo194AsPW2IbLNqg7U+5NX6Z4ptggBuvc0ieb1/K5xnTD+5rJDYEH,2.979855,8.686536,5.361185
1200,a1r9IRN6Zrgwo194AsPW2IbLNqg7U+5NX6Z4ptggBuvc0ieb1/K5xnTD+5rJDYEH,4.435082,12.744174000000001,7.8242259999999995
1500,a1r9IRN6Zrgwo194AsPW2IbLNqg7U+5NX6Z4ptggBuvc0ieb1/K5xnTD+5rJDYEH,2.610389,13.750616,8.18754
1800,a1r9IRN6Zrgwo194AsPW2IbLNqg7U+5NX6Z4ptggBuvc0ieb1/K5xnTD+5rJDYEH,2.1029619999999998,15.665613,5.20622
2100,a1r9IRN6Zrgwo194AsPW2IbLNqg7U+5NX6Z4ptggBuvc0ieb1/K5xnTD+5rJDYEH,2.038543,16.185763,7.1483300000000005
2400,a1r9IRN6Zrgwo194AsPW2IbLNqg7U+5NX6Z4ptggBuvc0ieb1/K5xnTD+5rJDYEH,2.5050310000000002,11.124675,6.098168
2700,a1r9IRN6Zrgwo194AsPW2IbLNqg7U+5NX6Z4ptggBuvc0ieb1/K5xnTD+5rJDYEH,1.135689,14.315671,6.955863000000001
3000,a1r9IRN6Zrgwo194AsPW2IbLNqg7U+5NX6Z4ptggBuvc0ieb1/K5xnTD+5rJDYEH,3.733863,11.966422,6.45054
3300,a1r9IRN6Zrgwo194AsPW2IbLNqg7U+5NX6Z4ptggBuvc0ieb1/K5xnTD+5rJDYEH,2.899476,81.213892,8.199311999999999
3600,a1r9IRN6Zrgwo194AsPW2IbLNqg7U+5NX6Z4ptggBuvc0ieb1/K5xnTD+5rJDYEH,2.825756,8.930266,5.750472
3900,a1r9IRN6Zrgwo194AsPW2IbLNqg7U+5NX6Z4ptggBuvc0ieb1/K5xnTD+5rJDYEH,1.6878369999999998,9.603342,3.6358410000000005
4200,a1r9IRN6Zrgwo194AsPW2IbLNqg7U+5NX6Z4ptggBuvc0ieb1/K5xnTD+5rJDYEH,0.966764,7.696950999999999,4.109898
4500,a1r9IRN6Zrgwo194AsPW2IbLNqg7U+5NX6Z4ptggBuvc0ieb1/K5xnTD+5rJDYEH,3.231445,8.514853,5.601233000000001
4800,a1r9IRN6Zrgwo194AsPW2IbLNqg7U+5NX6Z4ptggBuvc0ieb1/K5xnTD+5rJDYEH,3.9796120000000004,12.966758,7.065607000000001
5100,a1r9IRN6Zrgwo194AsPW2IbLNqg7U+5NX6Z4ptggBuvc0ieb1/K5xnTD+5rJDYEH,2.819309,8.565794,4.960287999999999
5400,a1r9IRN6Zrgwo194AsPW2IbLNqg7U+5NX6Z4ptggBuvc0ieb1/K5xnTD+5rJDYEH,1.692259,21.946897,5.216137000000001
5700,a1r9IRN6Zrgwo194AsPW2IbLNqg7U+5NX6Z4ptggBuvc0ieb1/K5xnTD+5rJDYEH,2.6168169999999997,18.314663,7.525688000000001
6000,a1r9IRN6Zrgwo194AsPW2IbLNqg7U+5NX6Z4ptggBuvc0ieb1/K5xnTD+5rJDYEH,7.406262,56.75089499999999,14.968229000000001
6300,a1r9IRN6Zrgwo194AsPW2IbLNqg7U+5NX6Z4ptggBuvc0ieb1/K5xnTD+5rJDYEH,3.705147,13.814617000000002,8.811792
6600,a1r9IRN6Zrgwo194AsPW2IbLNqg7U+5NX6Z4ptggBuvc0ieb1/K5xnTD+5rJDYEH,2.315864,10.012622,4.7572220000000005
6900,a1r9IRN6Zrgwo194AsPW2IbLNqg7U+5NX6Z4ptggBuvc0ieb1/K5xnTD+5rJDYEH,6.409076,18.529544,11.110244
7200,a1r9IRN6Zrgwo194AsPW2IbLNqg7U+5NX6Z4ptggBuvc0ieb1/K5xnTD+5rJDYEH,2.864159,13.290097,6.001663
7500,a1r9IRN6Zrgwo194AsPW2IbLNqg7U+5NX6Z4ptggBuvc0ieb1/K5xnTD+5rJDYEH,6.123006,24.272206,15.814139
7800,a1r9IRN6Zrgwo194AsPW2IbLNqg7U+5NX6Z4ptggBuvc0ieb1/K5xnTD+5rJDYEH,6.993972,15.406651,10.677607
8100,a1r9IRN6Zrgwo194AsPW2IbLNqg7U+5NX6Z4ptggBuvc0ieb1/K5xnTD+5rJDYEH,3.813525,22.121326999999997,13.933059
8400,a1r9IRN6Zrgwo194AsPW2IbLNqg7U+5NX6Z4ptggBuvc0ieb1/K5xnTD+5rJDYEH,2.960239,10.233625,5.748261
8700,a1r9IRN6Zrgwo194AsPW2IbLNqg7U+5NX6Z4ptggBuvc0ieb1/K5xnTD+5rJDYEH,3.400382,54.892759999999996,9.356119999999999
9000,a1r9IRN6Zrgwo194AsPW2IbLNqg7U+5NX6Z4ptggBuvc0ieb1/K5xnTD+5rJDYEH,4.730122,14.385520999999999,7.803796000000001
9300,a1r9IRN6Zrgwo194AsPW2IbLNqg7U+5NX6Z4ptggBuvc0ieb1/K5xnTD+5rJDYEH,2.678937,14.568795999999999,5.272001
9600,a1r9IRN6Zrgwo194AsPW2IbLNqg7U+5NX6Z4ptggBuvc0ieb1/K5xnTD+5rJDYEH,3.729246,12.652627,6.994472
9900,a1r9IRN6Zrgwo194AsPW2IbLNqg7U+5NX6Z4ptggBuvc0ieb1/K5xnTD+5rJDYEH,2.786259,9.043151,5.008964
10200,a1r9IRN6Zrgwo194AsPW2IbLNqg7U+5NX6Z4ptggBuvc0ieb1/K5xnTD+5rJDYEH,0.693588,12.609233999999999,4.864006
10500,a1r9IRN6Zrgwo194AsPW2IbLNqg7U+5NX6Z4ptggBuvc0ieb1/K5xnTD+5rJDYEH,3.418679,10.06,5.202667
10800,a1r9IRN6Zrgwo194AsPW2IbLNqg7U+5NX6Z4ptggBuvc0ieb1/K5xnTD+5rJDYEH,3.480546,9.819713,5.85149
11100,a1r9IRN6Zrgwo194AsPW2IbLNqg7U+5NX6Z4ptggBuvc0ieb1/K5xnTD+5rJDYEH,2.8609720000000003,10.269719,5.223605
11400,a1r9IRN6Zrgwo194AsPW2IbLNqg7U+5NX6Z4ptggBuvc0ieb1/K5xnTD+5rJDYEH,1.718478,28.673090000000002,9.491943
11700,a1r9IRN6Zrgwo194AsPW2IbLNqg7U+5NX6Z4ptggBuvc0ieb1/K5xnTD+5rJDYEH,5.227024,15.791775,8.908700999999999
12000,a1r9IRN6Zrgwo194AsPW2IbLNqg7U+5NX6Z4ptggBuvc0ieb1/K5xnTD+5rJDYEH,5.121207,61.408201,10.359016
12300,a1r9IRN6Zrgwo194AsPW2IbLNqg7U+5NX6Z4ptggBuvc0ieb1/K5xnTD+5rJDYEH,5.407923,16.019239000000002,10.086606
12600,a1r9IRN6Zrgwo194AsPW2IbLNqg7U+5NX6Z4ptggBuvc0ieb1/K5xnTD+5rJDYEH,2.644372,13.919787,5.661072
12900,a1r9IRN6Zrgwo194AsPW2IbLNqg7U+5NX6Z4ptggBuvc0ieb1/K5xnTD+5rJDYEH,2.8740959999999998,11.345477,6.298852
13200,a1r9IRN6Zrgwo194AsPW2IbLNqg7U+5NX6Z4ptggBuvc0ieb1/K5xnTD+5rJDYEH,5.9137260000000005,15.643619000000001,9.006383999999999
13500,a1r9IRN6Zrgwo194AsPW2IbLNqg7U+5NX6Z4ptggBuvc0ieb1/K5xnTD+5rJDYEH,1.348693,9.269909,6.335247
13800,a1r9IRN6Zrgwo194AsPW2IbLNqg7U+5NX6Z4ptggBuvc0ieb1/K5xnTD+5rJDYEH,4.952845,12.978867999999999,8.680877
14100,a1r9IRN6Zrgwo194AsPW2IbLNqg7U+5NX6Z4ptggBuvc0ieb1/K5xnTD+5rJDYEH,2.984266,19.229525,10.301567
14400,a1r9IRN6Zrgwo194AsPW2IbLNqg7U+5NX6Z4ptggBuvc0ieb1/K5xnTD+5rJDYEH,4.495863,18.028795000000002,10.806555
14700,a1r9IRN6Zrgwo194AsPW2IbLNqg7U+5NX6Z4ptggBuvc0ieb1/K5xnTD+5rJDYEH,2.846746,18.079404999999998,10.018096
15000,a1r9IRN6Zrgwo194AsPW2IbLNqg7U+5NX6Z4ptggBuvc0ieb1/K5xnTD+5rJDYEH,1.391816,9.745292,5.237615
15300,a1r9IRN6Zrgwo194AsPW2IbLNqg7U+5NX6Z4ptggBuvc0ieb1/K5xnTD+5rJDYEH,5.198328,17.075163,11.343779
15600,a1r9IRN6Zrgwo194AsPW2IbLNqg7U+5NX6Z4ptggBuvc0ieb1/K5xnTD+5rJDYEH,5.193631,20.639422,14.621659
15900,a1r9IRN6Zrgwo194AsPW2IbLNqg7U+5NX6Z4ptggBuvc0ieb1/K5xnTD+5rJDYEH,7.229008,19.387217,11.932884
16200,a1r9IRN6Zrgwo194AsPW2IbLNqg7U+5NX6Z4ptggBuvc0ieb1/K5xnTD+5rJDYEH,6.01277,24.219476999999998,15.360304999999999
16500,a1r9IRN6Zrgwo194AsPW2IbLNqg7U+5NX6Z4ptggBuvc0ieb1/K5xnTD+5rJDYEH,5.464022,15.289463,10.099295
16800,a1r9IRN6Zrgwo194AsPW2IbLNqg7U+5NX6Z4ptggBuvc0ieb1/K5xnTD+5rJDYEH,9.679336,22.673669,16.436485
17100,a1r9IRN6Zrgwo194AsPW2IbLNqg7U+5NX6Z4ptggBuvc0ieb1/K5xnTD+5rJDYEH,2.870014,19.280273,8.076879
17400,a1r9IRN6Zrgwo194AsPW2IbLNqg7U+5NX6Z4ptggBuvc0ieb1/K5xnTD+5rJDYEH,2.9085799999999997,21.333923000000002,10.218436
17700,a1r9IRN6Zrgwo194AsPW2IbLNqg7U+5NX6Z4ptggBuvc0ieb1/K5xnTD+5rJDYEH,10.791158,28.499315999999997,18.137042
18000,a1r9IRN6Zrgwo194AsPW2IbLNqg7U+5NX6Z4ptggBuvc0ieb1/K5xnTD+5rJDYEH,6.3916059999999995,20.46601,13.856252
18300,a1r9IRN6Zrgwo194AsPW2IbLNqg7U+5NX6Z4ptggBuvc0ieb1/K5xnTD+5rJDYEH,11.718452000000001,27.651296999999996,15.865204
18600,a1r9IRN6Zrgwo194AsPW2IbLNqg7U+5NX6Z4ptggBuvc0ieb1/K5xnTD+5rJDYEH,12.15473,29.781671000000003,20.532915
18900,a1r9IRN6Zrgwo194AsPW2IbLNqg7U+5NX6Z4ptggBuvc0ieb1/K5xnTD+5rJDYEH,4.949366,20.704207999999998,8.968853
19200,a1r9IRN6Zrgwo194AsPW2IbLNqg7U+5NX6Z4ptggBuvc0ieb1/K5xnTD+5rJDYEH,11.203161999999999,27.345185999999998,17.96945
19500,a1r9IRN6Zrgwo194AsPW2IbLNqg7U+5NX6Z4ptggBuvc0ieb1/K5xnTD+5rJDYEH,9.841158,26.209015,19.728583
19800,a1r9IRN6Zrgwo194AsPW2IbLNqg7U+5NX6Z4ptggBuvc0ieb1/K5xnTD+5rJDYEH,7.548946000000001,27.215112,14.336897
20100,a1r9IRN6Zrgwo194AsPW2IbLNqg7U+5NX6Z4ptggBuvc0ieb1/K5xnTD+5rJDYEH,11.877153,31.40832,17.899004
20400,a1r9IRN6Zrgwo194AsPW2IbLNqg7U+5NX6Z4ptggBuvc0ieb1/K5xnTD+5rJDYEH,5.456882,30.713582000000002,16.390411999999998
20700,a1r9IRN6Zrgwo194AsPW2IbLNqg7U+5NX6Z4ptggBuvc0ieb1/K5xnTD+5rJDYEH,13.426816,26.069157,18.845207000000002
21000,a1r9IRN6Zrgwo194AsPW2IbLNqg7U+5NX6Z4ptggBuvc0ieb1/K5xnTD+5rJDYEH,8.615458,37.089604,18.436066
21300,a1r9IRN6Zrgwo194AsPW2IbLNqg7U+5NX6Z4ptggBuvc0ieb1/K5xnTD+5rJDYEH,11.856719,27.786465999999997,19.066365
21600,a1r9IRN6Zrgwo194AsPW2IbLNqg7U+5NX6Z4ptggBuvc0ieb1/K5xnTD+5rJDYEH,9.713994999999999,39.11299,22.141066
21900,a1r9IRN6Zrgwo194AsPW2IbLNqg7U+5NX6Z4ptggBuvc0ieb1/K5xnTD+5rJDYEH,7.559330999999999,28.34287,15.440907999999999
22200,a1r9IRN6Zrgwo194AsPW2IbLNqg7U+5NX6Z4ptggBuvc0ieb1/K5xnTD+5rJDYEH,9.623387,25.651325,17.574242
22500,a1r9IRN6Zrgwo194AsPW2IbLNqg7U+5NX6Z4ptggBuvc0ieb1/K5xnTD+5rJDYEH,11.577114,25.155027,18.192026000000002
22800,a1r9IRN6Zrgwo194AsPW2IbLNqg7U+5NX6Z4ptggBuvc0ieb1/K5xnTD+5rJDYEH,10.164489,25.160498,18.398001
23100,a1r9IRN6Zrgwo194AsPW2IbLNqg7U+5NX6Z4ptggBuvc0ieb1/K5xnTD+5rJDYEH,15.086119,39.063386,23.904981
23400,a1r9IRN6Zrgwo194AsPW2IbLNqg7U+5NX6Z4ptggBuvc0ieb1/K5xnTD+5rJDYEH,11.286453999999999,25.155324,17.320362
23700,a1r9IRN6Zrgwo194AsPW2IbLNqg7U+5NX6Z4ptggBuvc0ieb1/K5xnTD+5rJDYEH,19.426835999999998,48.080677,29.514549
24000,a1r9IRN6Zrgwo194AsPW2IbLNqg7U+5NX6Z4ptggBuvc0ieb1/K5xnTD+5rJDYEH,10.072663,29.207933,19.442579000000002
24300,a1r9IRN6Zrgwo194AsPW2IbLNqg7U+5NX6Z4ptggBuvc0ieb1/K5xnTD+5rJDYEH,9.222796,40.034856,21.698171
24600,a1r9IRN6Zrgwo194AsPW2IbLNqg7U+5NX6Z4ptggBuvc0ieb1/K5xnTD+5rJDYEH,12.866223,28.211664000000003,19.776833
24900,a1r9IRN6Zrgwo194AsPW2IbLNqg7U+5NX6Z4ptggBuvc0ieb1/K5xnTD+5rJDYEH,7.370164,24.157511,14.965098000000001
25200,a1r9IRN6Zrgwo194AsPW2IbLNqg7U+5NX6Z4ptggBuvc0ieb1/K5xnTD+5rJDYEH,11.340059,32.552541999999995,22.421115
25500,a1r9IRN6Zrgwo194AsPW2IbLNqg7U+5NX6Z4ptggBuvc0ieb1/K5xnTD+5rJDYEH,18.799027,86.02714,33.610646
25800,a1r9IRN6Zrgwo194AsPW2IbLNqg7U+5NX6Z4ptggBuvc0ieb1/K5xnTD+5rJDYEH,12.389642,33.556965999999996,20.91055
26100,a1r9IRN6Zrgwo194AsPW2IbLNqg7U+5NX6Z4ptggBuvc0ieb1/K5xnTD+5rJDYEH,22.735015,41.240596999999994,32.255423
26400,a1r9IRN6Zrgwo194AsPW2IbLNqg7U+5NX6Z4ptggBuvc0ieb1/K5xnTD+5rJDYEH,8.47448,31.608471,18.719427
26700,a1r9IRN6Zrgwo194AsPW2IbLNqg7U+5NX6Z4ptggBuvc0ieb1/K5xnTD+5rJDYEH,11.639383,28.253919,20.024204
27000,a1r9IRN6Zrgwo194AsPW2IbLNqg7U+5NX6Z4ptggBuvc0ieb1/K5xnTD+5rJDYEH,8.823539,31.359040000000004,19.322654
27300,a1r9IRN6Zrgwo194AsPW2IbLNqg7U+5NX6Z4ptggBuvc0ieb1/K5xnTD+5rJDYEH,5.618819,31.878681,15.809528
27600,a1r9IRN6Zrgwo194AsPW2IbLNqg7U+5NX6Z4ptggBuvc0ieb1/K5xnTD+5rJDYEH,4.726868,25.389135,18.765982
27900,a1r9IRN6Zrgwo194AsPW2IbLNqg7U+5NX6Z4ptggBuvc0ieb1/K5xnTD+5rJDYEH,11.543811999999999,29.649676,19.25244
28200,a1r9IRN6Zrgwo194AsPW2IbLNqg7U+5NX6Z4ptggBuvc0ieb1/K5xnTD+5rJDYEH,12.596129,46.620133,23.305341000000002
28500,a1r9IRN6Zrgwo194AsPW2IbLNqg7U+5NX6Z4ptggBuvc0ieb1/K5xnTD+5rJDYEH,12.526399000000001,35.266385,21.881692
28800,a1r9IRN6Zrgwo194AsPW2IbLNqg7U+5NX6Z4ptggBuvc0ieb1/K5xnTD+5rJDYEH,14.734041,32.235163,22.004738
29100,a1r9IRN6Zrgwo194AsPW2IbLNqg7U+5NX6Z4ptggBuvc0ieb1/K5xnTD+5rJDYEH,15.039035,55.73264399999999,25.798939
29400,a1r9IRN6Zrgwo194AsPW2IbLNqg7U+5NX6Z4ptggBuvc0ieb1/K5xnTD+5rJDYEH,18.557801,34.288243,26.559942
29700,a1r9IRN6Zrgwo194AsPW2IbLNqg7U+5NX6Z4ptggBuvc0ieb1/K5xnTD+5rJDYEH,17.830752,33.213828,23.446106
30000,a1r9IRN6Zrgwo194AsPW2IbLNqg7U+5NX6Z4ptggBuvc0ieb1/K5xnTD+5rJDYEH,14.613879,31.029405,22.385127
30300,a1r9IRN6Zrgwo194AsPW2IbLNqg7U+5NX6Z4ptggBuvc0ieb1/K5xnTD+5rJDYEH,7.890239,26.428766999999997,16.517695
30600,a1r9IRN6Zrgwo194AsPW2IbLNqg7U+5NX6Z4ptggBuvc0ieb1/K5xnTD+5rJDYEH,7.637923,46.826059,22.034551
30900,a1r9IRN6Zrgwo194AsPW2IbLNqg7U+5NX6Z4ptggBuvc0ieb1/K5xnTD+5rJDYEH,20.659019,52.374848,37.498451
31200,a1r9IRN6Zrgwo194AsPW2IbLNqg7U+5NX6Z4ptggBuvc0ieb1/K5xnTD+5rJDYEH,18.233742000000003,36.108211,26.326529999999998
31500,a1r9IRN6Zrgwo194AsPW2IbLNqg7U+5NX6Z4ptggBuvc0ieb1/K5xnTD+5rJDYEH,14.547545000000001,39.926158,28.661748
31800,a1r9IRN6Zrgwo194AsPW2IbLNqg7U+5NX6Z4ptggBuvc0ieb1/K5xnTD+5rJDYEH,14.160158,42.299873,25.907633999999998
32100,a1r9IRN6Zrgwo194AsPW2IbLNqg7U+5NX6Z4ptggBuvc0ieb1/K5xnTD+5rJDYEH,10.826735000000001,25.558761999999998,17.34081
32400,a1r9IRN6Zrgwo194AsPW2IbLNqg7U+5NX6Z4ptggBuvc0ieb1/K5xnTD+5rJDYEH,12.696479,31.669271000000002,19.977505999999998
32700,a1r9IRN6Zrgwo194AsPW2IbLNqg7U+5NX6Z4ptggBuvc0ieb1/K5xnTD+5rJDYEH,17.030594,29.027514,21.776193
33000,a1r9IRN6Zrgwo194AsPW2IbLNqg7U+5NX6Z4ptggBuvc0ieb1/K5xnTD+5rJDYEH,1.8688779999999998,28.185457,15.660143
33300,a1r9IRN6Zrgwo194AsPW2IbLNqg7U+5NX6Z4ptggBuvc0ieb1/K5xnTD+5rJDYEH,14.471013000000001,33.006376,22.968813
33600,a1r9IRN6Zrgwo194AsPW2IbLNqg7U+5NX6Z4ptggBuvc0ieb1/K5xnTD+5rJDYEH,7.999596,39.691105,17.513572
33900,a1r9IRN6Zrgwo194AsPW2IbLNqg7U+5NX6Z4ptggBuvc0ieb1/K5xnTD+5rJDYEH,6.2938480000000006,49.35071,21.732982
34200,a1r9IRN6Zrgwo194AsPW2IbLNqg7U+5NX6Z4ptggBuvc0ieb1/K5xnTD+5rJDYEH,7.242536,34.296506,17.408949
34500,a1r9IRN6Zrgwo194AsPW2IbLNqg7U+5NX6Z4ptggBuvc0ieb1/K5xnTD+5rJDYEH,12.097796,37.282524,25.460969
34800,a1r9IRN6Zrgwo194AsPW2IbLNqg7U+5NX6Z4ptggBuvc0ieb1/K5xnTD+5rJDYEH,8.850173,34.300908,21.547117999999998
35100,a1r9IRN6Zrgwo194AsPW2IbLNqg7U+5NX6Z4ptggBuvc0ieb1/K5xnTD+5rJDYEH,6.83437,33.711861,16.339554999999997
35400,a1r9IRN6Zrgwo194AsPW2IbLNqg7U+5NX6Z4ptggBuvc0ieb1/K5xnTD+5rJDYEH,10.116763,28.272817,17.558011999999998
35700,a1r9IRN6Zrgwo194AsPW2IbLNqg7U+5NX6Z4ptggBuvc0ieb1/K5xnTD+5rJDYEH,19.407792999999998,50.676275,29.635184999999996
36000,a1r9IRN6Zrgwo194AsPW2IbLNqg7U+5NX6Z4ptggBuvc0ieb1/K5xnTD+5rJDYEH,10.872321000000001,32.049521,19.100572
36300,a1r9IRN6Zrgwo194AsPW2IbLNqg7U+5NX6Z4ptggBuvc0ieb1/K5xnTD+5rJDYEH,13.42506,34.43345,28.126157
36600,a1r9IRN6Zrgwo194AsPW2IbLNqg7U+5NX6Z4ptggBuvc0ieb1/K5xnTD+5rJDYEH,20.386346,46.663952,29.140659999999997
36900,a1r9IRN6Zrgwo194AsPW2IbLNqg7U+5NX6Z4ptggBuvc0ieb1/K5xnTD+5rJDYEH,17.060829000000002,43.825589,31.70392
37200,a1r9IRN6Zrgwo194AsPW2IbLNqg7U+5NX6Z4ptggBuvc0ieb1/K5xnTD+5rJDYEH,11.197754,50.560333,25.42781
37500,a1r9IRN6Zrgwo194AsPW2IbLNqg7U+5NX6Z4ptggBuvc0ieb1/K5xnTD+5rJDYEH,13.51845,53.49488,37.452706
37800,a1r9IRN6Zrgwo194AsPW2IbLNqg7U+5NX6Z4ptggBuvc0ieb1/K5xnTD+5rJDYEH,14.785713000000001,43.105756,26.76182
38100,a1r9IRN6Zrgwo194AsPW2IbLNqg7U+5NX6Z4ptggBuvc0ieb1/K5xnTD+5rJDYEH,15.927914000000001,46.528090999999996,27.852271999999996
38400,a1r9IRN6Zrgwo194AsPW2IbLNqg7U+5NX6Z4ptggBuvc0ieb1/K5xnTD+5rJDYEH,13.630976,44.206998999999996,33.819085
38700,a1r9IRN6Zrgwo194AsPW2IbLNqg7U+5NX6Z4ptggBuvc0ieb1/K5xnTD+5rJDYEH,13.811064000000002,41.273513,25.439276
39000,a1r9IRN6Zrgwo194AsPW2IbLNqg7U+5NX6Z4ptggBuvc0ieb1/K5xnTD+5rJDYEH,24.800072,45.066615999999996,36.453888
39300,a1r9IRN6Zrgwo194AsPW2IbLNqg7U+5NX6Z4ptggBuvc0ieb1/K5xnTD+5rJDYEH,17.988584,45.434346000000005,27.918513
39600,a1r9IRN6Zrgwo194AsPW2IbLNqg7U+5NX6Z4ptggBuvc0ieb1/K5xnTD+5rJDYEH,17.227604,40.267329,30.546424
39900,a1r9IRN6Zrgwo194AsPW2IbLNqg7U+5NX6Z4ptggBuvc0ieb1/K5xnTD+5rJDYEH,4.902183999999999,36.164957,23.002958
40200,a1r9IRN6Zrgwo194AsPW2IbLNqg7U+5NX6Z4ptggBuvc0ieb1/K5xnTD+5rJDYEH,7.473882000000001,34.192491,20.980883
40500,a1r9IRN6Zrgwo194AsPW2IbLNqg7U+5NX6Z4ptggBuvc0ieb1/K5xnTD+5rJDYEH,6.7938089999999995,36.595611,22.518058
40800,a1r9IRN6Zrgwo194AsPW2IbLNqg7U+5NX6Z4ptggBuvc0ieb1/K5xnTD+5rJDYEH,15.5461,42.055902,28.83697
41100,a1r9IRN6Zrgwo194AsPW2IbLNqg7U+5NX6Z4ptggBuvc0ieb1/K5xnTD+5rJDYEH,20.994363,47.322094,31.928975
41400,a1r9IRN6Zrgwo194AsPW2IbLNqg7U+5NX6Z4ptggBuvc0ieb1/K5xnTD+5rJDYEH,13.668695999999999,36.705163,27.285724
41700,a1r9IRN6Zrgwo194AsPW2IbLNqg7U+5NX6Z4ptggBuvc0ieb1/K5xnTD+5rJDYEH,4.399323000000001,29.075051000000002,17.207258
42000,a1r9IRN6Zrgwo194AsPW2IbLNqg7U+5NX6Z4ptggBuvc0ieb1/K5xnTD+5rJDYEH,7.618669000000001,42.944238,27.877396
42300,a1r9IRN6Zrgwo194AsPW2IbLNqg7U+5NX6Z4ptggBuvc0ieb1/K5xnTD+5rJDYEH,8.122982,21.278414,14.69775
42600,a1r9IRN6Zrgwo194AsPW2IbLNqg7U+5NX6Z4ptggBuvc0ieb1/K5xnTD+5rJDYEH,14.709264000000001,36.574918,22.077053
42900,a1r9IRN6Zrgwo194AsPW2IbLNqg7U+5NX6Z4ptggBuvc0ieb1/K5xnTD+5rJDYEH,16.641851000000003,37.490565000000004,28.235919
43200,a1r9IRN6Zrgwo194AsPW2IbLNqg7U+5NX6Z4ptggBuvc0ieb1/K5xnTD+5rJDYEH,7.299514,32.791995,19.783672
43500,a1r9IRN6Zrgwo194AsPW2IbLNqg7U+5NX6Z4ptggBuvc0ieb1/K5xnTD+5rJDYEH,16.421708,29.879669,22.533776
43800,a1r9IRN6Zrgwo194AsPW2IbLNqg7U+5NX6Z4ptggBuvc0ieb1/K5xnTD+5rJDYEH,11.553261000000001,35.486065999999994,24.461759
44100,a1r9IRN6Zrgwo194AsPW2IbLNqg7U+5NX6Z4ptggBuvc0ieb1/K5xnTD+5rJDYEH,8.970868,20.77127,13.536567000000002
44400,a1r9IRN6Zrgwo194AsPW2IbLNqg7U+5NX6Z4ptggBuvc0ieb1/K5xnTD+5rJDYEH,11.024521,36.893607,24.182862
44700,a1r9IRN6Zrgwo194AsPW2IbLNqg7U+5NX6Z4ptggBuvc0ieb1/K5xnTD+5rJDYEH,16.56514,40.856668,26.039257
45000,a1r9IRN6Zrgwo194AsPW2IbLNqg7U+5NX6Z4ptggBuvc0ieb1/K5xnTD+5rJDYEH,18.681521,43.462006,28.407055
45300,a1r9IRN6Zrgwo194AsPW2IbLNqg7U+5NX6Z4ptggBuvc0ieb1/K5xnTD+5rJDYEH,7.013311999999999,36.141034999999995,21.488938
45600,a1r9IRN6Zrgwo194AsPW2IbLNqg7U+5NX6Z4ptggBuvc0ieb1/K5xnTD+5rJDYEH,11.867421,35.293302000000004,22.355404
45900,a1r9IRN6Zrgwo194AsPW2IbLNqg7U+5NX6Z4ptggBuvc0ieb1/K5xnTD+5rJDYEH,19.692317000000003,56.949373,39.127046
46200,a1r9IRN6Zrgwo194AsPW2IbLNqg7U+5NX6Z4ptggBuvc0ieb1/K5xnTD+5rJDYEH,25.887485,44.538953,35.408039
46500,a1r9IRN6Zrgwo194AsPW2IbLNqg7U+5NX6Z4ptggBuvc0ieb1/K5xnTD+5rJDYEH,25.07718,48.966824,37.014998
46800,a1r9IRN6Zrgwo194AsPW2IbLNqg7U+5NX6Z4ptggBuvc0ieb1/K5xnTD+5rJDYEH,4.075336,42.099449,25.383707
47100,a1r9IRN6Zrgwo194AsPW2IbLNqg7U+5NX6Z4ptggBuvc0ieb1/K5xnTD+5rJDYEH,4.756069999999999,37.653827,20.405870999999998
47400,a1r9IRN6Zrgwo194AsPW2IbLNqg7U+5NX6Z4ptggBuvc0ieb1/K5xnTD+5rJDYEH,23.135406,60.161871,36.076453
47700,a1r9IRN6Zrgwo194AsPW2IbLNqg7U+5NX6Z4ptggBuvc0ieb1/K5xnTD+5rJDYEH,12.378147,34.200964,22.434663
48000,a1r9IRN6Zrgwo194AsPW2IbLNqg7U+5NX6Z4ptggBuvc0ieb1/K5xnTD+5rJDYEH,12.522587,57.261418000000006,28.415878999999997
48300,a1r9IRN6Zrgwo194AsPW2IbLNqg7U+5NX6Z4ptggBuvc0ieb1/K5xnTD+5rJDYEH,23.64489,40.900774,30.304757000000002
48600,a1r9IRN6Zrgwo194AsPW2IbLNqg7U+5NX6Z4ptggBuvc0ieb1/K5xnTD+5rJDYEH,12.769568,36.131398,23.174118
48900,a1r9IRN6Zrgwo194AsPW2IbLNqg7U+5NX6Z4ptggBuvc0ieb1/K5xnTD+5rJDYEH,11.255681,34.000777,24.972479999999997
49200,a1r9IRN6Zrgwo194AsPW2IbLNqg7U+5NX6Z4ptggBuvc0ieb1/K5xnTD+5rJDYEH,6.536384,38.165307,25.491198
49500,a1r9IRN6Zrgwo194AsPW2IbLNqg7U+5NX6Z4ptggBuvc0ieb1/K5xnTD+5rJDYEH,20.262898,36.275940999999996,26.781201
49800,a1r9IRN6Zrgwo194AsPW2IbLNqg7U+5NX6Z4ptggBuvc0ieb1/K5xnTD+5rJDYEH,13.021131,33.018209000000006,24.87324
50100,a1r9IRN6Zrgwo194AsPW2IbLNqg7U+5NX6Z4ptggBuvc0ieb1/K5xnTD+5rJDYEH,16.977037,39.280573,25.823491
50400,a1r9IRN6Zrgwo194AsPW2IbLNqg7U+5NX6Z4ptggBuvc0ieb1/K5xnTD+5rJDYEH,12.363403,27.886014000000003,17.794143
50700,a1r9IRN6Zrgwo194AsPW2IbLNqg7U+5NX6Z4ptggBuvc0ieb1/K5xnTD+5rJDYEH,14.440451999999999,41.717729,26.868414
51000,a1r9IRN6Zrgwo194AsPW2IbLNqg7U+5NX6Z4ptggBuvc0ieb1/K5xnTD+5rJDYEH,21.582168,47.470926,33.746878
51300,a1r9IRN6Zrgwo194AsPW2IbLNqg7U+5NX6Z4ptggBuvc0ieb1/K5xnTD+5rJDYEH,32.393021000000005,54.83234100000001,43.567040000000006
51600,a1r9IRN6Zrgwo194AsPW2IbLNqg7U+5NX6Z4ptggBuvc0ieb1/K5xnTD+5rJDYEH,27.986674,53.74598100000001,40.364201
51900,a1r9IRN6Zrgwo194AsPW2IbLNqg7U+5NX6Z4ptggBuvc0ieb1/K5xnTD+5rJDYEH,22.770026,46.700319,35.006852
52200,a1r9IRN6Zrgwo194AsPW2IbLNqg7U+5NX6Z4ptggBuvc0ieb1/K5xnTD+5rJDYEH,25.905969,49.285724,38.596431
52500,a1r9IRN6Zrgwo194AsPW2IbLNqg7U+5NX6Z4ptggBuvc0ieb1/K5xnTD+5rJDYEH,19.430782,40.418332,30.275427
52800,a1r9IRN6Zrgwo194AsPW2IbLNqg7U+5NX6Z4ptggBuvc0ieb1/K5xnTD+5rJDYEH,10.808919,43.325278999999995,29.326889
53100,a1r9IRN6Zrgwo194AsPW2IbLNqg7U+5NX6Z4ptggBuvc0ieb1/K5xnTD+5rJDYEH,20.753065,47.702269,33.95987
53400,a1r9IRN6Zrgwo194AsPW2IbLNqg7U+5NX6Z4ptggBuvc0ieb1/K5xnTD+5rJDYEH,17.143194,34.008675,26.521603000000002
53700,a1r9IRN6Zrgwo194AsPW2IbLNqg7U+5NX6Z4ptggBuvc0ieb1/K5xnTD+5rJDYEH,13.255070000000002,39.528841,22.873851000000002
54000,a1r9IRN6Zrgwo194AsPW2IbLNqg7U+5NX6Z4ptggBuvc0ieb1/K5xnTD+5rJDYEH,18.323087,37.028766999999995,26.469131
54300,a1r9IRN6Zrgwo194AsPW2IbLNqg7U+5NX6Z4ptggBuvc0ieb1/K5xnTD+5rJDYEH,20.221463,54.48343199999999,30.0819
54600,a1r9IRN6Zrgwo194AsPW2IbLNqg7U+5NX6Z4ptggBuvc0ieb1/K5xnTD+5rJDYEH,8.865200999999999,30.122233,17.823119000000002
54900,a1r9IRN6Zrgwo194AsPW2IbLNqg7U+5NX6Z4ptggBuvc0ieb1/K5xnTD+5rJDYEH,25.118353,53.124283,39.658728
55200,a1r9IRN6Zrgwo194AsPW2IbLNqg7U+5NX6Z4ptggBuvc0ieb1/K5xnTD+5rJDYEH,18.865344,42.898917,25.701681
55500,a1r9IRN6Zrgwo194AsPW2IbLNqg7U+5NX6Z4ptggBuvc0ieb1/K5xnTD+5rJDYEH,11.08566,34.55818,26.046341
55800,a1r9IRN6Zrgwo194AsPW2IbLNqg7U+5NX6Z4ptggBuvc0ieb1/K5xnTD+5rJDYEH,17.700962,51.598932,36.523414
56100,a1r9IRN6Zrgwo194AsPW2IbLNqg7U+5NX6Z4ptggBuvc0ieb1/K5xnTD+5rJDYEH,20.240337,59.29365799999999,48.39666
56400,a1r9IRN6Zrgwo194AsPW2IbLNqg7U+5NX6Z4ptggBuvc0ieb1/K5xnTD+5rJDYEH,18.017162,54.9628,30.852736
56700,a1r9IRN6Zrgwo194AsPW2IbLNqg7U+5NX6Z4ptggBuvc0ieb1/K5xnTD+5rJDYEH,21.654004,36.619254,27.822777000000002
57000,a1r9IRN6Zrgwo194AsPW2IbLNqg7U+5NX6Z4ptggBuvc0ieb1/K5xnTD+5rJDYEH,22.185617,47.987821999999994,36.996369
57300,a1r9IRN6Zrgwo194AsPW2IbLNqg7U+5NX6Z4ptggBuvc0ieb1/K5xnTD+5rJDYEH,18.184186999999998,43.792473,29.713533
57600,a1r9IRN6Zrgwo194AsPW2IbLNqg7U+5NX6Z4ptggBuvc0ieb1/K5xnTD+5rJDYEH,28.693976,48.038619,39.724135
57900,a1r9IRN6Zrgwo194AsPW2IbLNqg7U+5NX6Z4ptggBuvc0ieb1/K5xnTD+5rJDYEH,33.044005,63.410484999999994,46.38048
58200,a1r9IRN6Zrgwo194AsPW2IbLNqg7U+5NX6Z4ptggBuvc0ieb1/K5xnTD+5rJDYEH,19.629947,44.870748999999996,36.111328
58500,a1r9IRN6Zrgwo194AsPW2IbLNqg7U+5NX6Z4ptggBuvc0ieb1/K5xnTD+5rJDYEH,19.335801999999997,33.389533,25.206709
58800,a1r9IRN6Zrgwo194AsPW2IbLNqg7U+5NX6Z4ptggBuvc0ieb1/K5xnTD+5rJDYEH,25.130177,75.09115899999999,38.642674
59100,a1r9IRN6Zrgwo194AsPW2IbLNqg7U+5NX6Z4ptggBuvc0ieb1/K5xnTD+5rJDYEH,26.427026,47.059667,36.792229
59400,a1r9IRN6Zrgwo194AsPW2IbLNqg7U+5NX6Z4ptggBuvc0ieb1/K5xnTD+5rJDYEH,27.554908,53.129689,40.955929
59700,a1r9IRN6Zrgwo194AsPW2IbLNqg7U+5NX6Z4ptggBuvc0ieb1/K5xnTD+5rJDYEH,23.227382000000002,51.319720000000004,32.000337
60000,a1r9IRN6Zrgwo194AsPW2IbLNqg7U+5NX6Z4ptggBuvc0ieb1/K5xnTD+5rJDYEH,11.712313,45.42517,29.404295
60300,a1r9IRN6Zrgwo194AsPW2IbLNqg7U+5NX6Z4ptggBuvc0ieb1/K5xnTD+5rJDYEH,34.771612,49.893369,42.115815000000005
60600,a1r9IRN6Zrgwo194AsPW2IbLNqg7U+5NX6Z4ptggBuvc0ieb1/K5xnTD+5rJDYEH,21.930059,48.161784999999995,34.608107000000004
60900,a1r9IRN6Zrgwo194AsPW2IbLNqg7U+5NX6Z4ptggBuvc0ieb1/K5xnTD+5rJDYEH,16.549034,62.06148,29.672002000000003
61200,a1r9IRN6Zrgwo194AsPW2IbLNqg7U+5NX6Z4ptggBuvc0ieb1/K5xnTD+5rJDYEH,40.472751,56.837166,48.299334
61500,a1r9IRN6Zrgwo194AsPW2IbLNqg7U+5NX6Z4ptggBuvc0ieb1/K5xnTD+5rJDYEH,6.461455,52.737412,31.424753999999997
61800,a1r9IRN6Zrgwo194AsPW2IbLNqg7U+5NX6Z4ptggBuvc0ieb1/K5xnTD+5rJDYEH,15.884445999999999,38.820234,24.402467
62100,a1r9IRN6Zrgwo194AsPW2IbLNqg7U+5NX6Z4ptggBuvc0ieb1/K5xnTD+5rJDYEH,20.221695,45.505313,28.862593
62400,a1r9IRN6Zrgwo194AsPW2IbLNqg7U+5NX6Z4ptggBuvc0ieb1/K5xnTD+5rJDYEH,36.915521999999996,57.342702,46.676784000000005
62700,a1r9IRN6Zrgwo194AsPW2IbLNqg7U+5NX6Z4ptggBuvc0ieb1/K5xnTD+5rJDYEH,25.914045,46.656519,35.42905
63000,a1r9IRN6Zrgwo194AsPW2IbLNqg7U+5NX6Z4ptggBuvc0ieb1/K5xnTD+5rJDYEH,20.645061,46.160828,31.879175
63300,a1r9IRN6Zrgwo194AsPW2IbLNqg7U+5NX6Z4ptggBuvc0ieb1/K5xnTD+5rJDYEH,31.408208000000002,47.630007,39.256488
63600,a1r9IRN6Zrgwo194AsPW2IbLNqg7U+5NX6Z4ptggBuvc0ieb1/K5xnTD+5rJDYEH,23.74604,56.132659999999994,37.956282
63900,a1r9IRN6Zrgwo194AsPW2IbLNqg7U+5NX6Z4ptggBuvc0ieb1/K5xnTD+5rJDYEH,24.727018,44.97135,35.845054
64200,a1r9IRN6Zrgwo194AsPW2IbLNqg7U+5NX6Z4ptggBuvc0ieb1/K5xnTD+5rJDYEH,15.701789000000002,44.612013,32.58018
64500,a1r9IRN6Zrgwo194AsPW2IbLNqg7U+5NX6Z4ptggBuvc0ieb1/K5xnTD+5rJDYEH,23.109738,52.819061,33.593749
64800,a1r9IRN6Zrgwo194AsPW2IbLNqg7U+5NX6Z4ptggBuvc0ieb1/K5xnTD+5rJDYEH,18.293975,42.576175,26.367083
65100,a1r9IRN6Zrgwo194AsPW2IbLNqg7U+5NX6Z4ptggBuvc0ieb1/K5xnTD+5rJDYEH,24.160535999999997,44.771167,33.310296
65400,a1r9IRN6Zrgwo194AsPW2IbLNqg7U+5NX6Z4ptggBuvc0ieb1/K5xnTD+5rJDYEH,14.061430999999999,29.304557,21.499828
65700,a1r9IRN6Zrgwo194AsPW2IbLNqg7U+5NX6Z4ptggBuvc0ieb1/K5xnTD+5rJDYEH,11.019314,50.969832000000004,25.979609
66000,a1r9IRN6Zrgwo194AsPW2IbLNqg7U+5NX6Z4ptggBuvc0ieb1/K5xnTD+5rJDYEH,31.90036,63.827215,47.968041
66300,a1r9IRN6Zrgwo194AsPW2IbLNqg7U+5NX6Z4ptggBuvc0ieb1/K5xnTD+5rJDYEH,21.061898,36.534074,26.842910999999997
66600,a1r9IRN6Zrgwo194AsPW2IbLNqg7U+5NX6Z4ptggBuvc0ieb1/K5xnTD+5rJDYEH,6.4050519999999995,25.25734,14.231195000000001
66900,a1r9IRN6Zrgwo194AsPW2IbLNqg7U+5NX6Z4ptggBuvc0ieb1/K5xnTD+5rJDYEH,16.025291,46.195615000000004,27.989531
67200,a1r9IRN6Zrgwo194AsPW2IbLNqg7U+5NX6Z4ptggBuvc0ieb1/K5xnTD+5rJDYEH,19.260787,40.856209,28.256645000000002
67500,a1r9IRN6Zrgwo194AsPW2IbLNqg7U+5NX6Z4ptggBuvc0ieb1/K5xnTD+5rJDYEH,17.246516,39.070531,29.917606
67800,a1r9IRN6Zrgwo194AsPW2IbLNqg7U+5NX6Z4ptggBuvc0ieb1/K5xnTD+5rJDYEH,20.435201,45.444081,33.847103000000004
68100,a1r9IRN6Zrgwo194AsPW2IbLNqg7U+5NX6Z4ptggBuvc0ieb1/K5xnTD+5rJDYEH,8.042864,35.538144,16.950304
68400,a1r9IRN6Zrgwo194AsPW2IbLNqg7U+5NX6Z4ptggBuvc0ieb1/K5xnTD+5rJDYEH,22.381977,48.34383,32.523569
68700,a1r9IRN6Zrgwo194AsPW2IbLNqg7U+5NX6Z4ptggBuvc0ieb1/K5xnTD+5rJDYEH,20.847804,39.980668,29.872833
69000,a1r9IRN6Zrgwo194AsPW2IbLNqg7U+5NX6Z4ptggBuvc0ieb1/K5xnTD+5rJDYEH,14.086260000000001,38.697721,23.807995000000002
69300,a1r9IRN6Zrgwo194AsPW2IbLNqg7U+5NX6Z4ptggBuvc0ieb1/K5xnTD+5rJDYEH,16.737758,43.769211,33.600884
69600,a1r9IRN6Zrgwo194AsPW2IbLNqg7U+5NX6Z4ptggBuvc0ieb1/K5xnTD+5rJDYEH,14.71856,35.036681,26.024746
69900,a1r9IRN6Zrgwo194AsPW2IbLNqg7U+5NX6Z4ptggBuvc0ieb1/K5xnTD+5rJDYEH,11.578205,35.224989,19.577654000000003
70200,a1r9IRN6Zrgwo194AsPW2IbLNqg7U+5NX6Z4ptggBuvc0ieb1/K5xnTD+5rJDYEH,5.437129,28.087784000000003,17.801412
70500,a1r9IRN6Zrgwo194AsPW2IbLNqg7U+5NX6Z4ptggBuvc0ieb1/K5xnTD+5rJDYEH,21.41909,50.858818,32.307349
70800,a1r9IRN6Zrgwo194AsPW2IbLNqg7U+5NX6Z4ptggBuvc0ieb1/K5xnTD+5rJDYEH,11.275574,34.450179,23.919753
71100,a1r9IRN6Zrgwo194AsPW2IbLNqg7U+5NX6Z4ptggBuvc0ieb1/K5xnTD+5rJDYEH,15.494214999999999,42.409632,28.404659999999996
71400,a1r9IRN6Zrgwo194AsPW2IbLNqg7U+5NX6Z4ptggBuvc0ieb1/K5xnTD+5rJDYEH,10.891100999999999,27.508194,16.726997
71700,a1r9IRN6Zrgwo194AsPW2IbLNqg7U+5NX6Z4ptggBuvc0ieb1/K5xnTD+5rJDYEH,7.371063,45.5909,22.109797
72000,a1r9IRN6Zrgwo194AsPW2IbLNqg7U+5NX6Z4ptggBuvc0ieb1/K5xnTD+5rJDYEH,13.723460000000001,56.29209,31.390340999999996
72300,a1r9IRN6Zrgwo194AsPW2IbLNqg7U+5NX6Z4ptggBuvc0ieb1/K5xnTD+5rJDYEH,11.051728,28.350233000000003,17.544992999999998
72600,a1r9IRN6Zrgwo194AsPW2IbLNqg7U+5NX6Z4ptggBuvc0ieb1/K5xnTD+5rJDYEH,22.579515,39.233614,28.572501000000003
72900,a1r9IRN6Zrgwo194AsPW2IbLNqg7U+5NX6Z4ptggBuvc0ieb1/K5xnTD+5rJDYEH,14.145855,38.651990999999995,24.102184
73200,a1r9IRN6Zrgwo194AsPW2IbLNqg7U+5NX6Z4ptggBuvc0ieb1/K5xnTD+5rJDYEH,9.805252000000001,26.445497999999997,15.527448999999999
73500,a1r9IRN6Zrgwo194AsPW2IbLNqg7U+5NX6Z4ptggBuvc0ieb1/K5xnTD+5rJDYEH,14.100945000000001,32.932261,21.727147
73800,a1r9IRN6Zrgwo194AsPW2IbLNqg7U+5NX6Z4ptggBuvc0ieb1/K5xnTD+5rJDYEH,7.316666000000001,26.7487,18.934796
74100,a1r9IRN6Zrgwo194AsPW2IbLNqg7U+5NX6Z4ptggBuvc0ieb1/K5xnTD+5rJDYEH,3.8441059999999996,22.532982999999998,13.762789000000001
74400,a1r9IRN6Zrgwo194AsPW2IbLNqg7U+5NX6Z4ptggBuvc0ieb1/K5xnTD+5rJDYEH,6.0723080000000005,25.197692,15.440311
74700,a1r9IRN6Zrgwo194AsPW2IbLNqg7U+5NX6Z4ptggBuvc0ieb1/K5xnTD+5rJDYEH,12.272806,35.18841,19.375010999999997
75000,a1r9IRN6Zrgwo194AsPW2IbLNqg7U+5NX6Z4ptggBuvc0ieb1/K5xnTD+5rJDYEH,5.171376,28.410424,21.197123
75300,a1r9IRN6Zrgwo194AsPW2IbLNqg7U+5NX6Z4ptggBuvc0ieb1/K5xnTD+5rJDYEH,15.671548000000001,36.300798,23.794416000000002
75600,a1r9IRN6Zrgwo194AsPW2IbLNqg7U+5NX6Z4ptggBuvc0ieb1/K5xnTD+5rJDYEH,5.751766,23.155376,14.406651
75900,a1r9IRN6Zrgwo194AsPW2IbLNqg7U+5NX6Z4ptggBuvc0ieb1/K5xnTD+5rJDYEH,11.294559,20.294326,15.222507
76200,a1r9IRN6Zrgwo194AsPW2IbLNqg7U+5NX6Z4ptggBuvc0ieb1/K5xnTD+5rJDYEH,7.0213600000000005,23.293657,15.122482000000002
76500,a1r9IRN6Zrgwo194AsPW2IbLNqg7U+5NX6Z4ptggBuvc0ieb1/K5xnTD+5rJDYEH,9.199711,21.586911999999998,13.301695
76800,a1r9IRN6Zrgwo194AsPW2IbLNqg7U+5NX6Z4ptggBuvc0ieb1/K5xnTD+5rJDYEH,3.222979,24.489893,14.6039
77100,a1r9IRN6Zrgwo194AsPW2IbLNqg7U+5NX6Z4ptggBuvc0ieb1/K5xnTD+5rJDYEH,3.3886160000000003,20.488667,9.161406
77400,a1r9IRN6Zrgwo194AsPW2IbLNqg7U+5NX6Z4ptggBuvc0ieb1/K5xnTD+5rJDYEH,6.898353999999999,19.848292,12.022739
77700,a1r9IRN6Zrgwo194AsPW2IbLNqg7U+5NX6Z4ptggBuvc0ieb1/K5xnTD+5rJDYEH,7.341572,25.384213,14.406680999999999
78000,a1r9IRN6Zrgwo194AsPW2IbLNqg7U+5NX6Z4ptggBuvc0ieb1/K5xnTD+5rJDYEH,4.994219,18.144133,11.902886
78300,a1r9IRN6Zrgwo194AsPW2IbLNqg7U+5NX6Z4ptggBuvc0ieb1/K5xnTD+5rJDYEH,8.168719,21.14735,14.557837
78600,a1r9IRN6Zrgwo194AsPW2IbLNqg7U+5NX6Z4ptggBuvc0ieb1/K5xnTD+5rJDYEH,5.330451,15.219246,9.004375
78900,a1r9IRN6Zrgwo194AsPW2IbLNqg7U+5NX6Z4ptggBuvc0ieb1/K5xnTD+5rJDYEH,9.102544,36.628593,15.894271
79200,a1r9IRN6Zrgwo194AsPW2IbLNqg7U+5NX6Z4ptggBuvc0ieb1/K5xnTD+5rJDYEH,6.638244,19.959827999999998,13.404499
79500,a1r9IRN6Zrgwo194AsPW2IbLNqg7U+5NX6Z4ptggBuvc0ieb1/K5xnTD+5rJDYEH,6.14995,17.476292,12.175227
79800,a1r9IRN6Zrgwo194AsPW2IbLNqg7U+5NX6Z4ptggBuvc0ieb1/K5xnTD+5rJDYEH,5.910125,18.348525,11.646353999999999
80100,a1r9IRN6Zrgwo194AsPW2IbLNqg7U+5NX6Z4ptggBuvc0ieb1/K5xnTD+5rJDYEH,4.200061,18.231109,9.865616000000001
80400,a1r9IRN6Zrgwo194AsPW2IbLNqg7U+5NX6Z4ptggBuvc0ieb1/K5xnTD+5rJDYEH,5.532843,26.142575,11.659161
80700,a1r9IRN6Zrgwo194AsPW2IbLNqg7U+5NX6Z4ptggBuvc0ieb1/K5xnTD+5rJDYEH,6.450595,15.679604000000001,10.496016000000001
81000,a1r9IRN6Zrgwo194AsPW2IbLNqg7U+5NX6Z4ptggBuvc0ieb1/K5xnTD+5rJDYEH,8.996398,24.175628,14.861502
81300,a1r9IRN6Zrgwo194AsPW2IbLNqg7U+5NX6Z4ptggBuvc0ieb1/K5xnTD+5rJDYEH,6.748284,23.358683,11.906864
81600,a1r9IRN6Zrgwo194AsPW2IbLNqg7U+5NX6Z4ptggBuvc0ieb1/K5xnTD+5rJDYEH,6.42852,26.862374,13.518098
81900,a1r9IRN6Zrgwo194AsPW2IbLNqg7U+5NX6Z4ptggBuvc0ieb1/K5xnTD+5rJDYEH,5.838764,14.090898000000001,9.584854
82200,a1r9IRN6Zrgwo194AsPW2IbLNqg7U+5NX6Z4ptggBuvc0ieb1/K5xnTD+5rJDYEH,5.677537999999999,15.754929,10.176641
82500,a1r9IRN6Zrgwo194AsPW2IbLNqg7U+5NX6Z4ptggBuvc0ieb1/K5xnTD+5rJDYEH,6.203469,15.917851,11.010522
82800,a1r9IRN6Zrgwo194AsPW2IbLNqg7U+5NX6Z4ptggBuvc0ieb1/K5xnTD+5rJDYEH,3.5889230000000003,14.044521,8.13457
83100,a1r9IRN6Zrgwo194AsPW2IbLNqg7U+5NX6Z4ptggBuvc0ieb1/K5xnTD+5rJDYEH,4.885369,34.722747,13.196047
83400,a1r9IRN6Zrgwo194AsPW2IbLNqg7U+5NX6Z4ptggBuvc0ieb1/K5xnTD+5rJDYEH,5.308577,16.239516000000002,10.692950999999999
83700,a1r9IRN6Zrgwo194AsPW2IbLNqg7U+5NX6Z4ptggBuvc0ieb1/K5xnTD+5rJDYEH,5.534798,27.522707,8.681623
84000,a1r9IRN6Zrgwo194AsPW2IbLNqg7U+5NX6Z4ptggBuvc0ieb1/K5xnTD+5rJDYEH,2.962877,10.650978,6.489415
84300,a1r9IRN6Zrgwo194AsPW2IbLNqg7U+5NX6Z4ptggBuvc0ieb1/K5xnTD+5rJDYEH,2.6395880000000003,16.235844,10.274758
84600,a1r9IRN6Zrgwo194AsPW2IbLNqg7U+5NX6Z4ptggBuvc0ieb1/K5xnTD+5rJDYEH,4.283158,12.880736,8.173781
84900,a1r9IRN6Zrgwo194AsPW2IbLNqg7U+5NX6Z4ptggBuvc0ieb1/K5xnTD+5rJDYEH,4.375273,15.744019,9.18926
85200,a1r9IRN6Zrgwo194AsPW2IbLNqg7U+5NX6Z4ptggBuvc0ieb1/K5xnTD+5rJDYEH,6.791167,16.272473,10.5497
85500,a1r9IRN6Zrgwo194AsPW2IbLNqg7U+5NX6Z4ptggBuvc0ieb1/K5xnTD+5rJDYEH,4.825844999999999,18.647641,8.91273
85800,a1r9IRN6Zrgwo194AsPW2IbLNqg7U+5NX6Z4ptggBuvc0ieb1/K5xnTD+5rJDYEH,1.2860209999999999,15.871992,7.60248
86100,a1r9IRN6Zrgwo194AsPW2IbLNqg7U+5NX6Z4ptggBuvc0ieb1/K5xnTD+5rJDYEH,4.896115,10.921411,7.670719
86400,a1r9IRN6Zrgwo194AsPW2IbLNqg7U+5NX6Z4ptggBuvc0ieb1/K5xnTD+5rJDYEH,1.488033,12.471827000000001,6.201633999999999
86700,a1r9IRN6Zrgwo194AsPW2IbLNqg7U+5NX6Z4ptggBuvc0ieb1/K5xnTD+5rJDYEH,2.861291,10.058433,5.875227
87000,a1r9IRN6Zrgwo194AsPW2IbLNqg7U+5NX6Z4ptggBuvc0ieb1/K5xnTD+5rJDYEH,4.227776,12.091327,7.895128
87300,a1r9IRN6Zrgwo194AsPW2IbLNqg7U+5NX6Z4ptggBuvc0ieb1/K5xnTD+5rJDYEH,3.578385,7.994263,5.5575779999999995
87600,a1r9IRN6Zrgwo194AsPW2IbLNqg7U+5NX6Z4ptggBuvc0ieb1/K5xnTD+5rJDYEH,2.6793310000000004,10.283629,6.125973999999999
87900,a1r9IRN6Zrgwo194AsPW2IbLNqg7U+5NX6Z4ptggBuvc0ieb1/K5xnTD+5rJDYEH,3.210915,10.145764,6.28595
88200,a1r9IRN6Zrgwo194AsPW2IbLNqg7U+5NX6Z4ptggBuvc0ieb1/K5xnTD+5rJDYEH,1.181668,12.338332000000001,6.701548
88500,a1r9IRN6Zrgwo194AsPW2IbLNqg7U+5NX6Z4ptggBuvc0ieb1/K5xnTD+5rJDYEH,4.7980599999999995,20.242453,10.485471
88800,a1r9IRN6Zrgwo194AsPW2IbLNqg7U+5NX6Z4ptggBuvc0ieb1/K5xnTD+5rJDYEH,4.006969000000001,16.431397,7.596897
89100,a1r9IRN6Zrgwo194AsPW2IbLNqg7U+5NX6Z4ptggBuvc0ieb1/K5xnTD+5rJDYEH,1.958991,11.763653,6.6826289999999995
89400,a1r9IRN6Zrgwo194AsPW2IbLNqg7U+5NX6Z4ptggBuvc0ieb1/K5xnTD+5rJDYEH,3.8154190000000003,12.912786,9.052049
89700,a1r9IRN6Zrgwo194AsPW2IbLNqg7U+5NX6Z4ptggBuvc0ieb1/K5xnTD+5rJDYEH,1.23979,10.998814,7.527578999999999
90000,a1r9IRN6Zrgwo194AsPW2IbLNqg7U+5NX6Z4ptggBuvc0ieb1/K5xnTD+5rJDYEH,3.767289,11.053336,8.189753
90300,a1r9IRN6Zrgwo194AsPW2IbLNqg7U+5NX6Z4ptggBuvc0ieb1/K5xnTD+5rJDYEH,0.5777479999999999,7.833385000000001,4.312985
90600,a1r9IRN6Zrgwo194AsPW2IbLNqg7U+5NX6Z4ptggBuvc0ieb1/K5xnTD+5rJDYEH,3.5360080000000003,9.420127,5.93904
90900,a1r9IRN6Zrgwo194AsPW2IbLNqg7U+5NX6Z4ptggBuvc0ieb1/K5xnTD+5rJDYEH,0.978883,11.417738,5.723475
91200,a1r9IRN6Zrgwo194AsPW2IbLNqg7U+5NX6Z4ptggBuvc0ieb1/K5xnTD+5rJDYEH,3.4998769999999997,15.850105,7.627086
91500,a1r9IRN6Zrgwo194AsPW2IbLNqg7U+5NX6Z4ptggBuvc0ieb1/K5xnTD+5rJDYEH,3.181069,12.813741,6.188631
91800,a1r9IRN6Zrgwo194AsPW2IbLNqg7U+5NX6Z4ptggBuvc0ieb1/K5xnTD+5rJDYEH,1.6715529999999998,10.90755,5.355385
92100,a1r9IRN6Zrgwo194AsPW2IbLNqg7U+5NX6Z4ptggBuvc0ieb1/K5xnTD+5rJDYEH,4.073012,17.234198000000003,8.253519
92400,a1r9IRN6Zrgwo194AsPW2IbLNqg7U+5NX6Z4ptggBuvc0ieb1/K5xnTD+5rJDYEH,2.522742,9.344695,5.013249
92700,a1r9IRN6Zrgwo194AsPW2IbLNqg7U+5NX6Z4ptggBuvc0ieb1/K5xnTD+5rJDYEH,3.612424,8.988786,5.6919
93000,a1r9IRN6Zrgwo194AsPW2IbLNqg7U+5NX6Z4ptggBuvc0ieb1/K5xnTD+5rJDYEH,2.725881,15.593298,6.129982
93300,a1r9IRN6Zrgwo194AsPW2IbLNqg7U+5NX6Z4ptggBuvc0ieb1/K5xnTD+5rJDYEH,3.0213200000000002,15.541691,5.774208
93600,a1r9IRN6Zrgwo194AsPW2IbLNqg7U+5NX6Z4ptggBuvc0ieb1/K5xnTD+5rJDYEH,2.6354029999999997,30.602693,10.426927000000001
93900,a1r9IRN6Zrgwo194AsPW2IbLNqg7U+5NX6Z4ptggBuvc0ieb1/K5xnTD+5rJDYEH,3.29428,23.386044000000002,10.505335
94200,a1r9IRN6Zrgwo194AsPW2IbLNqg7U+5NX6Z4ptggBuvc0ieb1/K5xnTD+5rJDYEH,5.577372,27.49558,14.735007000000001
94500,a1r9IRN6Zrgwo194AsPW2IbLNqg7U+5NX6Z4ptggBuvc0ieb1/K5xnTD+5rJDYEH,4.224861,10.783097,6.694853
94800,a1r9IRN6Zrgwo194AsPW2IbLNqg7U+5NX6Z4ptggBuvc0ieb1/K5xnTD+5rJDYEH,3.750067,11.068445,7.1582300000000005
95100,a1r9IRN6Zrgwo194AsPW2IbLNqg7U+5NX6Z4ptggBuvc0ieb1/K5xnTD+5rJDYEH,3.494193,14.308981,8.074675
95400,a1r9IRN6Zrgwo194AsPW2IbLNqg7U+5NX6Z4ptggBuvc0ieb1/K5xnTD+5rJDYEH,4.6832650000000005,12.861736,8.270223
95700,a1r9IRN6Zrgwo194AsPW2IbLNqg7U+5NX6Z4ptggBuvc0ieb1/K5xnTD+5rJDYEH,0.880242,13.94319,5.6051720000000005
96000,a1r9IRN6Zrgwo194AsPW2IbLNqg7U+5NX6Z4ptggBuvc0ieb1/K5xnTD+5rJDYEH,3.387658,17.294537,8.161184
96300,a1r9IRN6Zrgwo194AsPW2IbLNqg7U+5NX6Z4ptggBuvc0ieb1/K5xnTD+5rJDYEH,5.831873000000001,15.834334,9.810917
96600,a1r9IRN6Zrgwo194AsPW2IbLNqg7U+5NX6Z4ptggBuvc0ieb1/K5xnTD+5rJDYEH,1.813663,16.24646,8.570619
96900,a1r9IRN6Zrgwo194AsPW2IbLNqg7U+5NX6Z4ptggBuvc0ieb1/K5xnTD+5rJDYEH,3.7943059999999997,12.580005,7.390261
97200,a1r9IRN6Zrgwo194AsPW2IbLNqg7U+5NX6Z4ptggBuvc0ieb1/K5xnTD+5rJDYEH,5.514165,17.75379,11.881789999999999
97500,a1r9IRN6Zrgwo194AsPW2IbLNqg7U+5NX6Z4ptggBuvc0ieb1/K5xnTD+5rJDYEH,5.5043940000000005,12.867604,8.983925
97800,a1r9IRN6Zrgwo194AsPW2IbLNqg7U+5NX6Z4ptggBuvc0ieb1/K5xnTD+5rJDYEH,2.167404,10.561328999999999,6.080501
98100,a1r9IRN6Zrgwo194AsPW2IbLNqg7U+5NX6Z4ptggBuvc0ieb1/K5xnTD+5rJDYEH,3.46633,15.75035,8.915047999999999
98400,a1r9IRN6Zrgwo194AsPW2IbLNqg7U+5NX6Z4ptggBuvc0ieb1/K5xnTD+5rJDYEH,6.835742,18.766801,12.330264
98700,a1r9IRN6Zrgwo194AsPW2IbLNqg7U+5NX6Z4ptggBuvc0ieb1/K5xnTD+5rJDYEH,3.593343,11.840708,7.755344999999999
99000,a1r9IRN6Zrgwo194AsPW2IbLNqg7U+5NX6Z4ptggBuvc0ieb1/K5xnTD+5rJDYEH,2.7753240000000003,7.362206,5.039152
99300,a1r9IRN6Zrgwo194AsPW2IbLNqg7U+5NX6Z4ptggBuvc0ieb1/K5xnTD+5rJDYEH,1.255724,15.040299,5.995097
99600,a1r9IRN6Zrgwo194AsPW2IbLNqg7U+5NX6Z4ptggBuvc0ieb1/K5xnTD+5rJDYEH,8.435931,22.303157000000002,14.224447
99900,a1r9IRN6Zrgwo194AsPW2IbLNqg7U+5NX6Z4ptggBuvc0ieb1/K5xnTD+5rJDYEH,6.803781,22.906558999999998,15.922604000000002
100200,a1r9IRN6Zrgwo194AsPW2IbLNqg7U+5NX6Z4ptggBuvc0ieb1/K5xnTD+5rJDYEH,7.240132000000001,20.114798,11.909708
100500,a1r9IRN6Zrgwo194AsPW2IbLNqg7U+5NX6Z4ptggBuvc0ieb1/K5xnTD+5rJDYEH,7.348219,28.973902000000002,15.921248
100800,a1r9IRN6Zrgwo194AsPW2IbLNqg7U+5NX6Z4ptggBuvc0ieb1/K5xnTD+5rJDYEH,4.208101999999999,12.371095,7.926292999999999
101100,a1r9IRN6Zrgwo194AsPW2IbLNqg7U+5NX6Z4ptggBuvc0ieb1/K5xnTD+5rJDYEH,3.7548199999999996,20.299096,14.266697
101400,a1r9IRN6Zrgwo194AsPW2IbLNqg7U+5NX6Z4ptggBuvc0ieb1/K5xnTD+5rJDYEH,5.481008999999999,15.504596,9.665981
101700,a1r9IRN6Zrgwo194AsPW2IbLNqg7U+5NX6Z4ptggBuvc0ieb1/K5xnTD+5rJDYEH,0.8123100000000001,17.89349,8.462622
102000,a1r9IRN6Zrgwo194AsPW2IbLNqg7U+5NX6Z4ptggBuvc0ieb1/K5xnTD+5rJDYEH,18.154554,34.497219,26.211349
102300,a1r9IRN6Zrgwo194AsPW2IbLNqg7U+5NX6Z4ptggBuvc0ieb1/K5xnTD+5rJDYEH,10.304210000000001,23.360806,17.352254000000002
102600,a1r9IRN6Zrgwo194AsPW2IbLNqg7U+5NX6Z4ptggBuvc0ieb1/K5xnTD+5rJDYEH,9.763307000000001,22.252036999999998,14.066410000000001
102900,a1r9IRN6Zrgwo194AsPW2IbLNqg7U+5NX6Z4ptggBuvc0ieb1/K5xnTD+5rJDYEH,11.282932,27.536525,16.396678
103200,a1r9IRN6Zrgwo194AsPW2IbLNqg7U+5NX6Z4ptggBuvc0ieb1/K5xnTD+5rJDYEH,12.686386,25.92482,17.577731
103500,a1r9IRN6Zrgwo194AsPW2IbLNqg7U+5NX6Z4ptggBuvc0ieb1/K5xnTD+5rJDYEH,13.326494,33.719024,21.441725
103800,a1r9IRN6Zrgwo194AsPW2IbLNqg7U+5NX6Z4ptggBuvc0ieb1/K5xnTD+5rJDYEH,1.8674520000000001,18.313089,10.670964999999999
104100,a1r9IRN6Zrgwo194AsPW2IbLNqg7U+5NX6Z4ptggBuvc0ieb1/K5xnTD+5rJDYEH,9.117646,20.28275,13.764092999999999
104400,a1r9IRN6Zrgwo194AsPW2IbLNqg7U+5NX6Z4ptggBuvc0ieb1/K5xnTD+5rJDYEH,5.392641,16.387204999999998,9.842112
104700,a1r9IRN6Zrgwo194AsPW2IbLNqg7U+5NX6Z4ptggBuvc0ieb1/K5xnTD+5rJDYEH,10.81758,24.125382000000002,16.595568
105000,a1r9IRN6Zrgwo194AsPW2IbLNqg7U+5NX6Z4ptggBuvc0ieb1/K5xnTD+5rJDYEH,7.8097970000000005,24.593421,13.593047
105300,a1r9IRN6Zrgwo194AsPW2IbLNqg7U+5NX6Z4ptggBuvc0ieb1/K5xnTD+5rJDYEH,12.433755999999999,45.687656,20.807465
105600,a1r9IRN6Zrgwo194AsPW2IbLNqg7U+5NX6Z4ptggBuvc0ieb1/K5xnTD+5rJDYEH,9.117596,33.439496999999996,22.80067
105900,a1r9IRN6Zrgwo194AsPW2IbLNqg7U+5NX6Z4ptggBuvc0ieb1/K5xnTD+5rJDYEH,4.231023,22.978098000000003,11.786802
106200,a1r9IRN6Zrgwo194AsPW2IbLNqg7U+5NX6Z4ptggBuvc0ieb1/K5xnTD+5rJDYEH,17.663726,36.200576,27.594936999999998
106500,a1r9IRN6Zrgwo194AsPW2IbLNqg7U+5NX6Z4ptggBuvc0ieb1/K5xnTD+5rJDYEH,13.167674,44.359536999999996,26.194151
106800,a1r9IRN6Zrgwo194AsPW2IbLNqg7U+5NX6Z4ptggBuvc0ieb1/K5xnTD+5rJDYEH,8.585942,23.147529000000002,16.970189
107100,a1r9IRN6Zrgwo194AsPW2IbLNqg7U+5NX6Z4ptggBuvc0ieb1/K5xnTD+5rJDYEH,0.7306729999999999,17.218120000000003,9.765746
107400,a1r9IRN6Zrgwo194AsPW2IbLNqg7U+5NX6Z4ptggBuvc0ieb1/K5xnTD+5rJDYEH,9.800249,29.368431,16.169795999999998
107700,a1r9IRN6Zrgwo194AsPW2IbLNqg7U+5NX6Z4ptggBuvc0ieb1/K5xnTD+5rJDYEH,10.922080000000001,34.593359,22.603505
108000,a1r9IRN6Zrgwo194AsPW2IbLNqg7U+5NX6Z4ptggBuvc0ieb1/K5xnTD+5rJDYEH,10.376371,20.168304,13.428978
108300,a1r9IRN6Zrgwo194AsPW2IbLNqg7U+5NX6Z4ptggBuvc0ieb1/K5xnTD+5rJDYEH,6.992489,23.954489000000002,12.987923
108600,a1r9IRN6Zrgwo194AsPW2IbLNqg7U+5NX6Z4ptggBuvc0ieb1/K5xnTD+5rJDYEH,17.057009,52.597176,32.257819
108900,a1r9IRN6Zrgwo194AsPW2IbLNqg7U+5NX6Z4ptggBuvc0ieb1/K5xnTD+5rJDYEH,15.515985999999998,50.026266,32.160084999999995
109200,a1r9IRN6Zrgwo194AsPW2IbLNqg7U+5NX6Z4ptggBuvc0ieb1/K5xnTD+5rJDYEH,17.56104,38.375236,27.896109999999997
109500,a1r9IRN6Zrgwo194AsPW2IbLNqg7U+5NX6Z4ptggBuvc0ieb1/K5xnTD+5rJDYEH,8.015017,31.23344,17.623604999999998
109800,a1r9IRN6Zrgwo194AsPW2IbLNqg7U+5NX6Z4ptggBuvc0ieb1/K5xnTD+5rJDYEH,20.501264000000003,44.362978000000005,32.744637
110100,a1r9IRN6Zrgwo194AsPW2IbLNqg7U+5NX6Z4ptggBuvc0ieb1/K5xnTD+5rJDYEH,25.135845,44.868798,33.804966
110400,a1r9IRN6Zrgwo194AsPW2IbLNqg7U+5NX6Z4ptggBuvc0ieb1/K5xnTD+5rJDYEH,18.355615,37.149066999999995,27.792057
110700,a1r9IRN6Zrgwo194AsPW2IbLNqg7U+5NX6Z4ptggBuvc0ieb1/K5xnTD+5rJDYEH,16.833105,39.110746999999996,30.095349
111000,a1r9IRN6Zrgwo194AsPW2IbLNqg7U+5NX6Z4ptggBuvc0ieb1/K5xnTD+5rJDYEH,22.480207999999998,43.625871000000004,32.790672
111300,a1r9IRN6Zrgwo194AsPW2IbLNqg7U+5NX6Z4ptggBuvc0ieb1/K5xnTD+5rJDYEH,13.200004000000002,42.841281,33.590206
111600,a1r9IRN6Zrgwo194AsPW2IbLNqg7U+5NX6Z4ptggBuvc0ieb1/K5xnTD+5rJDYEH,24.803631,44.215198,32.246111
111900,a1r9IRN6Zrgwo194AsPW2IbLNqg7U+5NX6Z4ptggBuvc0ieb1/K5xnTD+5rJDYEH,14.594887,42.446428999999995,28.893698999999998
112200,a1r9IRN6Zrgwo194AsPW2IbLNqg7U+5NX6Z4ptggBuvc0ieb1/K5xnTD+5rJDYEH,24.644192,41.191453,32.454299
112500,a1r9IRN6Zrgwo194AsPW2IbLNqg7U+5NX6Z4ptggBuvc0ieb1/K5xnTD+5rJDYEH,15.827808,44.267996000000004,36.319922
112800,a1r9IRN6Zrgwo194AsPW2IbLNqg7U+5NX6Z4ptggBuvc0ieb1/K5xnTD+5rJDYEH,25.326445,42.073941999999995,33.66146
113100,a1r9IRN6Zrgwo194AsPW2IbLNqg7U+5NX6Z4ptggBuvc0ieb1/K5xnTD+5rJDYEH,11.492072,36.332243,21.330686
113400,a1r9IRN6Zrgwo194AsPW2IbLNqg7U+5NX6Z4ptggBuvc0ieb1/K5xnTD+5rJDYEH,6.385167,21.501172,13.711688
113700,a1r9IRN6Zrgwo194AsPW2IbLNqg7U+5NX6Z4ptggBuvc0ieb1/K5xnTD+5rJDYEH,11.766902,36.064309,20.448620000000002
114000,a1r9IRN6Zrgwo194AsPW2IbLNqg7U+5NX6Z4ptggBuvc0ieb1/K5xnTD+5rJDYEH,18.246062,46.493442,37.289552
114300,a1r9IRN6Zrgwo194AsPW2IbLNqg7U+5NX6Z4ptggBuvc0ieb1/K5xnTD+5rJDYEH,18.00751,29.105614000000003,22.422556
114600,a1r9IRN6Zrgwo194AsPW2IbLNqg7U+5NX6Z4ptggBuvc0ieb1/K5xnTD+5rJDYEH,19.35557,64.238309,37.686719000000004
114900,a1r9IRN6Zrgwo194AsPW2IbLNqg7U+5NX6Z4ptggBuvc0ieb1/K5xnTD+5rJDYEH,11.236855,35.751836,24.17589
115200,a1r9IRN6Zrgwo194AsPW2IbLNqg7U+5NX6Z4ptggBuvc0ieb1/K5xnTD+5rJDYEH,13.868452,52.045289000000004,19.43304
115500,a1r9IRN6Zrgwo194AsPW2IbLNqg7U+5NX6Z4ptggBuvc0ieb1/K5xnTD+5rJDYEH,10.724425,45.049676,20.369023000000002
115800,a1r9IRN6Zrgwo194AsPW2IbLNqg7U+5NX6Z4ptggBuvc0ieb1/K5xnTD+5rJDYEH,13.047564,44.529379999999996,22.689469
116100,a1r9IRN6Zrgwo194AsPW2IbLNqg7U+5NX6Z4ptggBuvc0ieb1/K5xnTD+5rJDYEH,12.824351,43.750425,26.017371
116400,a1r9IRN6Zrgwo194AsPW2IbLNqg7U+5NX6Z4ptggBuvc0ieb1/K5xnTD+5rJDYEH,15.177826999999999,37.931767,25.726767000000002
116700,a1r9IRN6Zrgwo194AsPW2IbLNqg7U+5NX6Z4ptggBuvc0ieb1/K5xnTD+5rJDYEH,17.554726000000002,38.825153,25.274712
117000,a1r9IRN6Zrgwo194AsPW2IbLNqg7U+5NX6Z4ptggBuvc0ieb1/K5xnTD+5rJDYEH,23.443261,39.683009000000006,31.980499
117300,a1r9IRN6Zrgwo194AsPW2IbLNqg7U+5NX6Z4ptggBuvc0ieb1/K5xnTD+5rJDYEH,10.198084,45.761058,27.42955
117600,a1r9IRN6Zrgwo194AsPW2IbLNqg7U+5NX6Z4ptggBuvc0ieb1/K5xnTD+5rJDYEH,10.819026,27.741589,18.922209
117900,a1r9IRN6Zrgwo194AsPW2IbLNqg7U+5NX6Z4ptggBuvc0ieb1/K5xnTD+5rJDYEH,16.848936,35.622547999999995,26.968462
118200,a1r9IRN6Zrgwo194AsPW2IbLNqg7U+5NX6Z4ptggBuvc0ieb1/K5xnTD+5rJDYEH,23.83954,51.015406,36.239295
118500,a1r9IRN6Zrgwo194AsPW2IbLNqg7U+5NX6Z4ptggBuvc0ieb1/K5xnTD+5rJDYEH,17.078411,44.541011,32.441599
118800,a1r9IRN6Zrgwo194AsPW2IbLNqg7U+5NX6Z4ptggBuvc0ieb1/K5xnTD+5rJDYEH,10.870764,41.867622,25.126624
119100,a1r9IRN6Zrgwo194AsPW2IbLNqg7U+5NX6Z4ptggBuvc0ieb1/K5xnTD+5rJDYEH,30.426174,54.624403,39.599672
119400,a1r9IRN6Zrgwo194AsPW2IbLNqg7U+5NX6Z4ptggBuvc0ieb1/K5xnTD+5rJDYEH,19.652287,44.908425,33.641436
119700,a1r9IRN6Zrgwo194AsPW2IbLNqg7U+5NX6Z4ptggBuvc0ieb1/K5xnTD+5rJDYEH,26.553271999999996,53.522898,37.165731
120000,a1r9IRN6Zrgwo194AsPW2IbLNqg7U+5NX6Z4ptggBuvc0ieb1/K5xnTD+5rJDYEH,12.686497,40.009114000000004,24.943189
120300,a1r9IRN6Zrgwo194AsPW2IbLNqg7U+5NX6Z4ptggBuvc0ieb1/K5xnTD+5rJDYEH,11.283551,29.110275,18.175258
120600,a1r9IRN6Zrgwo194AsPW2IbLNqg7U+5NX6Z4ptggBuvc0ieb1/K5xnTD+5rJDYEH,6.774708,33.194695,20.92776
120900,a1r9IRN6Zrgwo194AsPW2IbLNqg7U+5NX6Z4ptggBuvc0ieb1/K5xnTD+5rJDYEH,7.625608000000001,32.313715,17.49642
121200,a1r9IRN6Zrgwo194AsPW2IbLNqg7U+5NX6Z4ptggBuvc0ieb1/K5xnTD+5rJDYEH,15.367628,37.692425,25.578431
121500,a1r9IRN6Zrgwo194AsPW2IbLNqg7U+5NX6Z4ptggBuvc0ieb1/K5xnTD+5rJDYEH,13.7001,45.152026,28.91402
121800,a1r9IRN6Zrgwo194AsPW2IbLNqg7U+5NX6Z4ptggBuvc0ieb1/K5xnTD+5rJDYEH,15.873273999999999,36.727052,25.409853
122100,a1r9IRN6Zrgwo194AsPW2IbLNqg7U+5NX6Z4ptggBuvc0ieb1/K5xnTD+5rJDYEH,20.124871,52.563368000000004,32.245015
122400,a1r9IRN6Zrgwo194AsPW2IbLNqg7U+5NX6Z4ptggBuvc0ieb1/K5xnTD+5rJDYEH,30.285736,51.335514,41.535841
122700,a1r9IRN6Zrgwo194AsPW2IbLNqg7U+5NX6Z4ptggBuvc0ieb1/K5xnTD+5rJDYEH,14.717414999999999,42.664789,30.550939
123000,a1r9IRN6Zrgwo194AsPW2IbLNqg7U+5NX6Z4ptggBuvc0ieb1/K5xnTD+5rJDYEH,24.647261999999998,45.376235,35.661437
123300,a1r9IRN6Zrgwo194AsPW2IbLNqg7U+5NX6Z4ptggBuvc0ieb1/K5xnTD+5rJDYEH,12.20618,37.622111,20.412958
123600,a1r9IRN6Zrgwo194AsPW2IbLNqg7U+5NX6Z4ptggBuvc0ieb1/K5xnTD+5rJDYEH,19.6451,39.599082,31.362142
123900,a1r9IRN6Zrgwo194AsPW2IbLNqg7U+5NX6Z4ptggBuvc0ieb1/K5xnTD+5rJDYEH,5.619591000000001,31.600184999999996,12.780771000000001
124200,a1r9IRN6Zrgwo194AsPW2IbLNqg7U+5NX6Z4ptggBuvc0ieb1/K5xnTD+5rJDYEH,10.138285,51.595258,30.606647
124500,a1r9IRN6Zrgwo194AsPW2IbLNqg7U+5NX6Z4ptggBuvc0ieb1/K5xnTD+5rJDYEH,15.03035,39.143874,26.727149
124800,a1r9IRN6Zrgwo194AsPW2IbLNqg7U+5NX6Z4ptggBuvc0ieb1/K5xnTD+5rJDYEH,27.674041,58.352039000000005,42.398477
125100,a1r9IRN6Zrgwo194AsPW2IbLNqg7U+5NX6Z4ptggBuvc0ieb1/K5xnTD+5rJDYEH,34.254169,60.375756,45.368759999999995
125400,a1r9IRN6Zrgwo194AsPW2IbLNqg7U+5NX6Z4ptggBuvc0ieb1/K5xnTD+5rJDYEH,31.302109,63.424387,44.067040000000006
125700,a1r9IRN6Zrgwo194AsPW2IbLNqg7U+5NX6Z4ptggBuvc0ieb1/K5xnTD+5rJDYEH,23.925214999999998,46.04627,35.280937
126000,a1r9IRN6Zrgwo194AsPW2IbLNqg7U+5NX6Z4ptggBuvc0ieb1/K5xnTD+5rJDYEH,26.25109,51.427391,39.23076
126300,a1r9IRN6Zrgwo194AsPW2IbLNqg7U+5NX6Z4ptggBuvc0ieb1/K5xnTD+5rJDYEH,35.774087,54.311201000000004,45.163534000000006
126600,a1r9IRN6Zrgwo194AsPW2IbLNqg7U+5NX6Z4ptggBuvc0ieb1/K5xnTD+5rJDYEH,17.876889000000002,71.993894,45.926289000000004
126900,a1r9IRN6Zrgwo194AsPW2IbLNqg7U+5NX6Z4ptggBuvc0ieb1/K5xnTD+5rJDYEH,22.270169,60.486982999999995,37.428022
127200,a1r9IRN6Zrgwo194AsPW2IbLNqg7U+5NX6Z4ptggBuvc0ieb1/K5xnTD+5rJDYEH,21.848623999999997,53.01661,37.236609
127500,a1r9IRN6Zrgwo194AsPW2IbLNqg7U+5NX6Z4ptggBuvc0ieb1/K5xnTD+5rJDYEH,27.904199,60.591925,39.747232000000004
127800,a1r9IRN6Zrgwo194AsPW2IbLNqg7U+5NX6Z4ptggBuvc0ieb1/K5xnTD+5rJDYEH,15.549581,40.772335999999996,24.445757999999998
128100,a1r9IRN6Zrgwo194AsPW2IbLNqg7U+5NX6Z4ptggBuvc0ieb1/K5xnTD+5rJDYEH,24.348864000000003,43.520699,33.186638
128400,a1r9IRN6Zrgwo194AsPW2IbLNqg7U+5NX6Z4ptggBuvc0ieb1/K5xnTD+5rJDYEH,26.454169,51.317012,35.439704
128700,a1r9IRN6Zrgwo194AsPW2IbLNqg7U+5NX6Z4ptggBuvc0ieb1/K5xnTD+5rJDYEH,15.455082,41.647046,25.92849
129000,a1r9IRN6Zrgwo194AsPW2IbLNqg7U+5NX6Z4ptggBuvc0ieb1/K5xnTD+5rJDYEH,16.570989,52.038171000000006,34.861852
129300,a1r9IRN6Zrgwo194AsPW2IbLNqg7U+5NX6Z4ptggBuvc0ieb1/K5xnTD+5rJDYEH,25.959739000000003,70.191802,38.862058000000005
129600,a1r9IRN6Zrgwo194AsPW2IbLNqg7U+5NX6Z4ptggBuvc0ieb1/K5xnTD+5rJDYEH,20.355079999999997,54.473834,36.740961999999996
129900,a1r9IRN6Zrgwo194AsPW2IbLNqg7U+5NX6Z4ptggBuvc0ieb1/K5xnTD+5rJDYEH,16.452913,40.106632,29.711746999999995
130200,a1r9IRN6Zrgwo194AsPW2IbLNqg7U+5NX6Z4ptggBuvc0ieb1/K5xnTD+5rJDYEH,27.726621,52.14052,39.917311
130500,a1r9IRN6Zrgwo194AsPW2IbLNqg7U+5NX6Z4ptggBuvc0ieb1/K5xnTD+5rJDYEH,23.995951,53.524181000000006,35.65505
130800,a1r9IRN6Zrgwo194AsPW2IbLNqg7U+5NX6Z4ptggBuvc0ieb1/K5xnTD+5rJDYEH,20.629616,61.616049,33.70102
131100,a1r9IRN6Zrgwo194AsPW2IbLNqg7U+5NX6Z4ptggBuvc0ieb1/K5xnTD+5rJDYEH,27.34719,52.621076,42.231885999999996
131400,a1r9IRN6Zrgwo194AsPW2IbLNqg7U+5NX6Z4ptggBuvc0ieb1/K5xnTD+5rJDYEH,17.300565,58.694228,38.036584000000005
131700,a1r9IRN6Zrgwo194AsPW2IbLNqg7U+5NX6Z4ptggBuvc0ieb1/K5xnTD+5rJDYEH,6.49164,36.634519,20.630498
132000,a1r9IRN6Zrgwo194AsPW2IbLNqg7U+5NX6Z4ptggBuvc0ieb1/K5xnTD+5rJDYEH,5.019532,58.722726,37.121877000000005
132300,a1r9IRN6Zrgwo194AsPW2IbLNqg7U+5NX6Z4ptggBuvc0ieb1/K5xnTD+5rJDYEH,15.663155999999999,47.179024,29.188371000000004
132600,a1r9IRN6Zrgwo194AsPW2IbLNqg7U+5NX6Z4ptggBuvc0ieb1/K5xnTD+5rJDYEH,11.779488,37.295014,21.602757999999998
132900,a1r9IRN6Zrgwo194AsPW2IbLNqg7U+5NX6Z4ptggBuvc0ieb1/K5xnTD+5rJDYEH,18.990669,38.298225,28.322564
133200,a1r9IRN6Zrgwo194AsPW2IbLNqg7U+5NX6Z4ptggBuvc0ieb1/K5xnTD+5rJDYEH,13.895072,32.212447,22.805505
133500,a1r9IRN6Zrgwo194AsPW2IbLNqg7U+5NX6Z4ptggBuvc0ieb1/K5xnTD+5rJDYEH,16.18921,35.679404999999996,24.133076000000003
133800,a1r9IRN6Zrgwo194AsPW2IbLNqg7U+5NX6Z4ptggBuvc0ieb1/K5xnTD+5rJDYEH,15.180679000000001,30.709629999999997,20.964294
134100,a1r9IRN6Zrgwo194AsPW2IbLNqg7U+5NX6Z4ptggBuvc0ieb1/K5xnTD+5rJDYEH,15.175523000000002,53.242096999999994,35.452754999999996
134400,a1r9IRN6Zrgwo194AsPW2IbLNqg7U+5NX6Z4ptggBuvc0ieb1/K5xnTD+5rJDYEH,19.547577,43.745231,30.873679
134700,a1r9IRN6Zrgwo194AsPW2IbLNqg7U+5NX6Z4ptggBuvc0ieb1/K5xnTD+5rJDYEH,8.709298,24.309022,15.868243
135000,a1r9IRN6Zrgwo194AsPW2IbLNqg7U+5NX6Z4ptggBuvc0ieb1/K5xnTD+5rJDYEH,13.937213,41.233412,22.030757
135300,a1r9IRN6Zrgwo194AsPW2IbLNqg7U+5NX6Z4ptggBuvc0ieb1/K5xnTD+5rJDYEH,18.094913000000002,42.1866,30.808866
135600,a1r9IRN6Zrgwo194AsPW2IbLNqg7U+5NX6Z4ptggBuvc0ieb1/K5xnTD+5rJDYEH,16.352329,39.281973,27.318248999999998
135900,a1r9IRN6Zrgwo194AsPW2IbLNqg7U+5NX6Z4ptggBuvc0ieb1/K5xnTD+5rJDYEH,11.664688,42.198414,20.653648999999998
136200,a1r9IRN6Zrgwo194AsPW2IbLNqg7U+5NX6Z4ptggBuvc0ieb1/K5xnTD+5rJDYEH,20.536856,42.837232,33.597471
136500,a1r9IRN6Zrgwo194AsPW2IbLNqg7U+5NX6Z4ptggBuvc0ieb1/K5xnTD+5rJDYEH,24.339548,48.934129,36.217248
136800,a1r9IRN6Zrgwo194AsPW2IbLNqg7U+5NX6Z4ptggBuvc0ieb1/K5xnTD+5rJDYEH,19.509199,49.9172,36.116744
137100,a1r9IRN6Zrgwo194AsPW2IbLNqg7U+5NX6Z4ptggBuvc0ieb1/K5xnTD+5rJDYEH,9.858312,40.275143,23.316737
137400,a1r9IRN6Zrgwo194AsPW2IbLNqg7U+5NX6Z4ptggBuvc0ieb1/K5xnTD+5rJDYEH,13.763897,48.281572,27.890874
137700,a1r9IRN6Zrgwo194AsPW2IbLNqg7U+5NX6Z4ptggBuvc0ieb1/K5xnTD+5rJDYEH,12.020621,46.946038,26.892341
138000,a1r9IRN6Zrgwo194AsPW2IbLNqg7U+5NX6Z4ptggBuvc0ieb1/K5xnTD+5rJDYEH,10.307106,52.008871,30.054454999999997
138300,a1r9IRN6Zrgwo194AsPW2IbLNqg7U+5NX6Z4ptggBuvc0ieb1/K5xnTD+5rJDYEH,14.14976,48.24771,27.446963
138600,a1r9IRN6Zrgwo194AsPW2IbLNqg7U+5NX6Z4ptggBuvc0ieb1/K5xnTD+5rJDYEH,25.900423,53.514529,40.911772
138900,a1r9IRN6Zrgwo194AsPW2IbLNqg7U+5NX6Z4ptggBuvc0ieb1/K5xnTD+5rJDYEH,20.845022,47.248248,37.170158
139200,a1r9IRN6Zrgwo194AsPW2IbLNqg7U+5NX6Z4ptggBuvc0ieb1/K5xnTD+5rJDYEH,35.513329,55.29544,44.745870000000004
139500,a1r9IRN6Zrgwo194AsPW2IbLNqg7U+5NX6Z4ptggBuvc0ieb1/K5xnTD+5rJDYEH,17.861365,41.383106,25.145131
139800,a1r9IRN6Zrgwo194AsPW2IbLNqg7U+5NX6Z4ptggBuvc0ieb1/K5xnTD+5rJDYEH,20.586704,60.696234999999994,45.574117
140100,a1r9IRN6Zrgwo194AsPW2IbLNqg7U+5NX6Z4ptggBuvc0ieb1/K5xnTD+5rJDYEH,23.751644,49.883674,34.051693
140400,a1r9IRN6Zrgwo194AsPW2IbLNqg7U+5NX6Z4ptggBuvc0ieb1/K5xnTD+5rJDYEH,21.207659,44.773185999999995,34.354972
140700,a1r9IRN6Zrgwo194AsPW2IbLNqg7U+5NX6Z4ptggBuvc0ieb1/K5xnTD+5rJDYEH,26.639929,54.486588,36.179778999999996
141000,a1r9IRN6Zrgwo194AsPW2IbLNqg7U+5NX6Z4ptggBuvc0ieb1/K5xnTD+5rJDYEH,26.277225,46.614042,37.395965000000004
141300,a1r9IRN6Zrgwo194AsPW2IbLNqg7U+5NX6Z4ptggBuvc0ieb1/K5xnTD+5rJDYEH,37.372927000000004,62.022466,48.202967
141600,a1r9IRN6Zrgwo194AsPW2IbLNqg7U+5NX6Z4ptggBuvc0ieb1/K5xnTD+5rJDYEH,44.859451,76.58614,59.383386
141900,a1r9IRN6Zrgwo194AsPW2IbLNqg7U+5NX6Z4ptggBuvc0ieb1/K5xnTD+5rJDYEH,18.327079,58.067824,31.944477000000003
142200,a1r9IRN6Zrgwo194AsPW2IbLNqg7U+5NX6Z4ptggBuvc0ieb1/K5xnTD+5rJDYEH,27.905110999999998,87.894202,38.569942
142500,a1r9IRN6Zrgwo194AsPW2IbLNqg7U+5NX6Z4ptggBuvc0ieb1/K5xnTD+5rJDYEH,23.657381,52.493912,40.953169
142800,a1r9IRN6Zrgwo194AsPW2IbLNqg7U+5NX6Z4ptggBuvc0ieb1/K5xnTD+5rJDYEH,21.752658,49.969547999999996,35.164039
143100,a1r9IRN6Zrgwo194AsPW2IbLNqg7U+5NX6Z4ptggBuvc0ieb1/K5xnTD+5rJDYEH,8.440833999999999,55.322959999999995,41.143433
143400,a1r9IRN6Zrgwo194AsPW2IbLNqg7U+5NX6Z4ptggBuvc0ieb1/K5xnTD+5rJDYEH,5.771982,33.811046000000005,16.161314
143700,a1r9IRN6Zrgwo194AsPW2IbLNqg7U+5NX6Z4ptggBuvc0ieb1/K5xnTD+5rJDYEH,6.332927,29.544435999999997,20.175670999999998
144000,a1r9IRN6Zrgwo194AsPW2IbLNqg7U+5NX6Z4ptggBuvc0ieb1/K5xnTD+5rJDYEH,15.774826000000001,48.297599,29.751659999999998
144300,a1r9IRN6Zrgwo194AsPW2IbLNqg7U+5NX6Z4ptggBuvc0ieb1/K5xnTD+5rJDYEH,22.807068,53.800712,42.408056
144600,a1r9IRN6Zrgwo194AsPW2IbLNqg7U+5NX6Z4ptggBuvc0ieb1/K5xnTD+5rJDYEH,18.910911,44.721905,29.268297999999998
144900,a1r9IRN6Zrgwo194AsPW2IbLNqg7U+5NX6Z4ptggBuvc0ieb1/K5xnTD+5rJDYEH,42.622559,62.439918999999996,51.08252
145200,a1r9IRN6Zrgwo194AsPW2IbLNqg7U+5NX6Z4ptggBuvc0ieb1/K5xnTD+5rJDYEH,22.704692,57.180479000000005,40.486164
145500,a1r9IRN6Zrgwo194AsPW2IbLNqg7U+5NX6Z4ptggBuvc0ieb1/K5xnTD+5rJDYEH,17.099591,36.443694,24.858017999999998
145800,a1r9IRN6Zrgwo194AsPW2IbLNqg7U+5NX6Z4ptggBuvc0ieb1/K5xnTD+5rJDYEH,28.558435,56.804075,45.024795000000005
146100,a1r9IRN6Zrgwo194AsPW2IbLNqg7U+5NX6Z4ptggBuvc0ieb1/K5xnTD+5rJDYEH,17.963076,46.909002,31.367418
146400,a1r9IRN6Zrgwo194AsPW2IbLNqg7U+5NX6Z4ptggBuvc0ieb1/K5xnTD+5rJDYEH,19.029132,55.247368,33.138607
146700,a1r9IRN6Zrgwo194AsPW2IbLNqg7U+5NX6Z4ptggBuvc0ieb1/K5xnTD+5rJDYEH,16.49057,50.359326,32.336559
147000,a1r9IRN6Zrgwo194AsPW2IbLNqg7U+5NX6Z4ptggBuvc0ieb1/K5xnTD+5rJDYEH,20.588435999999998,60.786142000000005,38.206181
147300,a1r9IRN6Zrgwo194AsPW2IbLNqg7U+5NX6Z4ptggBuvc0ieb1/K5xnTD+5rJDYEH,23.919489000000002,55.21394599999999,39.927162
147600,a1r9IRN6Zrgwo194AsPW2IbLNqg7U+5NX6Z4ptggBuvc0ieb1/K5xnTD+5rJDYEH,22.714354,55.536926,40.771808
147900,a1r9IRN6Zrgwo194AsPW2IbLNqg7U+5NX6Z4ptggBuvc0ieb1/K5xnTD+5rJDYEH,26.896490000000004,50.345841,35.251598
148200,a1r9IRN6Zrgwo194AsPW2IbLNqg7U+5NX6Z4ptggBuvc0ieb1/K5xnTD+5rJDYEH,34.232212,50.964222,41.207741
148500,a1r9IRN6Zrgwo194AsPW2IbLNqg7U+5NX6Z4ptggBuvc0ieb1/K5xnTD+5rJDYEH,21.417413,46.559087,33.129033
148800,a1r9IRN6Zrgwo194AsPW2IbLNqg7U+5NX6Z4ptggBuvc0ieb1/K5xnTD+5rJDYEH,16.056472,43.333828000000004,26.348801
149100,a1r9IRN6Zrgwo194AsPW2IbLNqg7U+5NX6Z4ptggBuvc0ieb1/K5xnTD+5rJDYEH,20.59048,56.256526,35.627633
149400,a1r9IRN6Zrgwo194AsPW2IbLNqg7U+5NX6Z4ptggBuvc0ieb1/K5xnTD+5rJDYEH,20.556829,45.835482,31.56675
149700,a1r9IRN6Zrgwo194AsPW2IbLNqg7U+5NX6Z4ptggBuvc0ieb1/K5xnTD+5rJDYEH,27.068219,60.589086,41.508179999999996
150000,a1r9IRN6Zrgwo194AsPW2IbLNqg7U+5NX6Z4ptggBuvc0ieb1/K5xnTD+5rJDYEH,33.852574,68.617604,53.84743
150300,a1r9IRN6Zrgwo194AsPW2IbLNqg7U+5NX6Z4ptggBuvc0ieb1/K5xnTD+5rJDYEH,17.912612,48.627722999999996,34.428515999999995
150600,a1r9IRN6Zrgwo194AsPW2IbLNqg7U+5NX6Z4ptggBuvc0ieb1/K5xnTD+5rJDYEH,16.39932,52.104688,38.16316
150900,a1r9IRN6Zrgwo194AsPW2IbLNqg7U+5NX6Z4ptggBuvc0ieb1/K5xnTD+5rJDYEH,20.192367,55.589216,40.524565
151200,a1r9IRN6Zrgwo194AsPW2IbLNqg7U+5NX6Z4ptggBuvc0ieb1/K5xnTD+5rJDYEH,29.397654,56.418656999999996,39.620948999999996
151500,a1r9IRN6Zrgwo194AsPW2IbLNqg7U+5NX6Z4ptggBuvc0ieb1/K5xnTD+5rJDYEH,14.642554999999998,53.626974,37.624047
151800,a1r9IRN6Zrgwo194AsPW2IbLNqg7U+5NX6Z4ptggBuvc0ieb1/K5xnTD+5rJDYEH,5.858474,15.886728,10.741019999999999
152100,a1r9IRN6Zrgwo194AsPW2IbLNqg7U+5NX6Z4ptggBuvc0ieb1/K5xnTD+5rJDYEH,8.411742,49.1301,28.228966999999997
152400,a1r9IRN6Zrgwo194AsPW2IbLNqg7U+5NX6Z4ptggBuvc0ieb1/K5xnTD+5rJDYEH,29.758212,63.270179000000006,51.276551
152700,a1r9IRN6Zrgwo194AsPW2IbLNqg7U+5NX6Z4ptggBuvc0ieb1/K5xnTD+5rJDYEH,27.363771999999997,45.07124,35.127039
153000,a1r9IRN6Zrgwo194AsPW2IbLNqg7U+5NX6Z4ptggBuvc0ieb1/K5xnTD+5rJDYEH,35.051194,55.306566000000004,44.907773
153300,a1r9IRN6Zrgwo194AsPW2IbLNqg7U+5NX6Z4ptggBuvc0ieb1/K5xnTD+5rJDYEH,40.465834,62.486722,50.739667
153600,a1r9IRN6Zrgwo194AsPW2IbLNqg7U+5NX6Z4ptggBuvc0ieb1/K5xnTD+5rJDYEH,16.10472,37.457661,27.939801
153900,a1r9IRN6Zrgwo194AsPW2IbLNqg7U+5NX6Z4ptggBuvc0ieb1/K5xnTD+5rJDYEH,7.300655,30.106978,18.929845999999998
154200,a1r9IRN6Zrgwo194AsPW2IbLNqg7U+5NX6Z4ptggBuvc0ieb1/K5xnTD+5rJDYEH,12.991635,44.455332,30.376751000000002
154500,a1r9IRN6Zrgwo194AsPW2IbLNqg7U+5NX6Z4ptggBuvc0ieb1/K5xnTD+5rJDYEH,32.877414,77.470051,46.661359999999995
154800,a1r9IRN6Zrgwo194AsPW2IbLNqg7U+5NX6Z4ptggBuvc0ieb1/K5xnTD+5rJDYEH,19.489823,44.613746,27.010042
155100,a1r9IRN6Zrgwo194AsPW2IbLNqg7U+5NX6Z4ptggBuvc0ieb1/K5xnTD+5rJDYEH,13.974656,33.088621,25.862060999999997
155400,a1r9IRN6Zrgwo194AsPW2IbLNqg7U+5NX6Z4ptggBuvc0ieb1/K5xnTD+5rJDYEH,15.504844,41.093016999999996,26.574964
155700,a1r9IRN6Zrgwo194AsPW2IbLNqg7U+5NX6Z4ptggBuvc0ieb1/K5xnTD+5rJDYEH,13.911584,45.630092,28.787959000000004
156000,a1r9IRN6Zrgwo194AsPW2IbLNqg7U+5NX6Z4ptggBuvc0ieb1/K5xnTD+5rJDYEH,5.272724,31.511661,14.335745000000001
156300,a1r9IRN6Zrgwo194AsPW2IbLNqg7U+5NX6Z4ptggBuvc0ieb1/K5xnTD+5rJDYEH,0.873868,27.456977000000002,11.492932000000001
156600,a1r9IRN6Zrgwo194AsPW2IbLNqg7U+5NX6Z4ptggBuvc0ieb1/K5xnTD+5rJDYEH,6.358823999999999,25.021704,16.893172
156900,a1r9IRN6Zrgwo194AsPW2IbLNqg7U+5NX6Z4ptggBuvc0ieb1/K5xnTD+5rJDYEH,11.776538,54.077687,27.766683
157200,a1r9IRN6Zrgwo194AsPW2IbLNqg7U+5NX6Z4ptggBuvc0ieb1/K5xnTD+5rJDYEH,23.260495000000002,48.498779,31.997195
157500,a1r9IRN6Zrgwo194AsPW2IbLNqg7U+5NX6Z4ptggBuvc0ieb1/K5xnTD+5rJDYEH,31.721745000000002,64.10929499999999,49.255018
157800,a1r9IRN6Zrgwo194AsPW2IbLNqg7U+5NX6Z4ptggBuvc0ieb1/K5xnTD+5rJDYEH,9.931066,36.746563,19.859451
158100,a1r9IRN6Zrgwo194AsPW2IbLNqg7U+5NX6Z4ptggBuvc0ieb1/K5xnTD+5rJDYEH,4.909573,30.443246000000002,15.8977
158400,a1r9IRN6Zrgwo194AsPW2IbLNqg7U+5NX6Z4ptggBuvc0ieb1/K5xnTD+5rJDYEH,20.699436,42.717106,30.119726
158700,a1r9IRN6Zrgwo194AsPW2IbLNqg7U+5NX6Z4ptggBuvc0ieb1/K5xnTD+5rJDYEH,21.041157000000002,41.233213,29.718163
159000,a1r9IRN6Zrgwo194AsPW2IbLNqg7U+5NX6Z4ptggBuvc0ieb1/K5xnTD+5rJDYEH,21.921364,60.363926,30.427309
159300,a1r9IRN6Zrgwo194AsPW2IbLNqg7U+5NX6Z4ptggBuvc0ieb1/K5xnTD+5rJDYEH,10.64151,35.764527,25.22579
159600,a1r9IRN6Zrgwo194AsPW2IbLNqg7U+5NX6Z4ptggBuvc0ieb1/K5xnTD+5rJDYEH,18.142020000000002,32.679156,24.991219
159900,a1r9IRN6Zrgwo194AsPW2IbLNqg7U+5NX6Z4ptggBuvc0ieb1/K5xnTD+5rJDYEH,10.063298,37.118062,23.123516
160200,a1r9IRN6Zrgwo194AsPW2IbLNqg7U+5NX6Z4ptggBuvc0ieb1/K5xnTD+5rJDYEH,9.740767,27.211835999999998,16.327917000000003
160500,a1r9IRN6Zrgwo194AsPW2IbLNqg7U+5NX6Z4ptggBuvc0ieb1/K5xnTD+5rJDYEH,13.604469,31.528734999999998,22.515012
160800,a1r9IRN6Zrgwo194AsPW2IbLNqg7U+5NX6Z4ptggBuvc0ieb1/K5xnTD+5rJDYEH,18.520523,32.954434,24.2583
161100,a1r9IRN6Zrgwo194AsPW2IbLNqg7U+5NX6Z4ptggBuvc0ieb1/K5xnTD+5rJDYEH,15.040446,39.381245,27.496624
161400,a1r9IRN6Zrgwo194AsPW2IbLNqg7U+5NX6Z4ptggBuvc0ieb1/K5xnTD+5rJDYEH,10.977598,31.313144,19.928023
161700,a1r9IRN6Zrgwo194AsPW2IbLNqg7U+5NX6Z4ptggBuvc0ieb1/K5xnTD+5rJDYEH,4.276590000000001,24.096588,17.794529999999998
162000,a1r9IRN6Zrgwo194AsPW2IbLNqg7U+5NX6Z4ptggBuvc0ieb1/K5xnTD+5rJDYEH,2.673425,32.613574,17.218019
162300,a1r9IRN6Zrgwo194AsPW2IbLNqg7U+5NX6Z4ptggBuvc0ieb1/K5xnTD+5rJDYEH,7.576733,29.979915000000002,19.059896
162600,a1r9IRN6Zrgwo194AsPW2IbLNqg7U+5NX6Z4ptggBuvc0ieb1/K5xnTD+5rJDYEH,9.533375,32.681053999999996,23.383020000000002
162900,a1r9IRN6Zrgwo194AsPW2IbLNqg7U+5NX6Z4ptggBuvc0ieb1/K5xnTD+5rJDYEH,9.138821,26.281201,17.317799
163200,a1r9IRN6Zrgwo194AsPW2IbLNqg7U+5NX6Z4ptggBuvc0ieb1/K5xnTD+5rJDYEH,2.933089,15.260727,10.356821
163500,a1r9IRN6Zrgwo194AsPW2IbLNqg7U+5NX6Z4ptggBuvc0ieb1/K5xnTD+5rJDYEH,8.997533,22.220208,13.597610000000001
163800,a1r9IRN6Zrgwo194AsPW2IbLNqg7U+5NX6Z4ptggBuvc0ieb1/K5xnTD+5rJDYEH,12.145631,43.048811,19.124301000000003
164100,a1r9IRN6Zrgwo194AsPW2IbLNqg7U+5NX6Z4ptggBuvc0ieb1/K5xnTD+5rJDYEH,6.93507,22.147478,13.282767999999999
164400,a1r9IRN6Zrgwo194AsPW2IbLNqg7U+5NX6Z4ptggBuvc0ieb1/K5xnTD+5rJDYEH,4.902948,23.56035,12.752542
164700,a1r9IRN6Zrgwo194AsPW2IbLNqg7U+5NX6Z4ptggBuvc0ieb1/K5xnTD+5rJDYEH,3.299055,17.6962,11.153039
165000,a1r9IRN6Zrgwo194AsPW2IbLNqg7U+5NX6Z4ptggBuvc0ieb1/K5xnTD+5rJDYEH,11.081982,19.893017999999998,15.783804
165300,a1r9IRN6Zrgwo194AsPW2IbLNqg7U+5NX6Z4ptggBuvc0ieb1/K5xnTD+5rJDYEH,6.80669,26.937015999999996,14.560572
165600,a1r9IRN6Zrgwo194AsPW2IbLNqg7U+5NX6Z4ptggBuvc0ieb1/K5xnTD+5rJDYEH,8.105847,22.52508,14.946813
165900,a1r9IRN6Zrgwo194AsPW2IbLNqg7U+5NX6Z4ptggBuvc0ieb1/K5xnTD+5rJDYEH,10.274581,39.180172999999996,20.020875
166200,a1r9IRN6Zrgwo194AsPW2IbLNqg7U+5NX6Z4ptggBuvc0ieb1/K5xnTD+5rJDYEH,11.430997999999999,28.122419,17.726599
166500,a1r9IRN6Zrgwo194AsPW2IbLNqg7U+5NX6Z4ptggBuvc0ieb1/K5xnTD+5rJDYEH,3.3657510000000004,16.808528,11.72478
166800,a1r9IRN6Zrgwo194AsPW2IbLNqg7U+5NX6Z4ptggBuvc0ieb1/K5xnTD+5rJDYEH,2.488787,12.258778,5.94929
167100,a1r9IRN6Zrgwo194AsPW2IbLNqg7U+5NX6Z4ptggBuvc0ieb1/K5xnTD+5rJDYEH,0.6323409999999999,12.460042,6.712874
167400,a1r9IRN6Zrgwo194AsPW2IbLNqg7U+5NX6Z4ptggBuvc0ieb1/K5xnTD+5rJDYEH,3.916465,16.927712,9.687814999999999
167700,a1r9IRN6Zrgwo194AsPW2IbLNqg7U+5NX6Z4ptggBuvc0ieb1/K5xnTD+5rJDYEH,3.929389,13.960391,8.59983
168000,a1r9IRN6Zrgwo194AsPW2IbLNqg7U+5NX6Z4ptggBuvc0ieb1/K5xnTD+5rJDYEH,3.003586,14.841192000000001,6.516851
168300,a1r9IRN6Zrgwo194AsPW2IbLNqg7U+5NX6Z4ptggBuvc0ieb1/K5xnTD+5rJDYEH,6.065641,15.207901000000001,9.143925
168600,a1r9IRN6Zrgwo194AsPW2IbLNqg7U+5NX6Z4ptggBuvc0ieb1/K5xnTD+5rJDYEH,3.6781669999999997,16.954608,9.550389
168900,a1r9IRN6Zrgwo194AsPW2IbLNqg7U+5NX6Z4ptggBuvc0ieb1/K5xnTD+5rJDYEH,5.434432,12.289810000000001,9.015338
169200,a1r9IRN6Zrgwo194AsPW2IbLNqg7U+5NX6Z4ptggBuvc0ieb1/K5xnTD+5rJDYEH,3.6618160000000004,14.541307000000002,8.456134
169500,a1r9IRN6Zrgwo194AsPW2IbLNqg7U+5NX6Z4ptggBuvc0ieb1/K5xnTD+5rJDYEH,8.100563000000001,34.089254,14.275754999999998
169800,a1r9IRN6Zrgwo194AsPW2IbLNqg7U+5NX6Z4ptggBuvc0ieb1/K5xnTD+5rJDYEH,2.4925189999999997,14.934358999999999,9.602449
170100,a1r9IRN6Zrgwo194AsPW2IbLNqg7U+5NX6Z4ptggBuvc0ieb1/K5xnTD+5rJDYEH,1.7031169999999998,17.599265,7.8787270000000005
170400,a1r9IRN6Zrgwo194AsPW2IbLNqg7U+5NX6Z4ptggBuvc0ieb1/K5xnTD+5rJDYEH,3.314174,10.668356,6.510333
170700,a1r9IRN6Zrgwo194AsPW2IbLNqg7U+5NX6Z4ptggBuvc0ieb1/K5xnTD+5rJDYEH,2.0082310000000003,13.496629,6.752006
171000,a1r9IRN6Zrgwo194AsPW2IbLNqg7U+5NX6Z4ptggBuvc0ieb1/K5xnTD+5rJDYEH,3.966538,11.186831,7.466367
171300,a1r9IRN6Zrgwo194AsPW2IbLNqg7U+5NX6Z4ptggBuvc0ieb1/K5xnTD+5rJDYEH,5.390281,18.746505,10.011263
171600,a1r9IRN6Zrgwo194AsPW2IbLNqg7U+5NX6Z4ptggBuvc0ieb1/K5xnTD+5rJDYEH,5.32924,16.069529,9.467804
171900,a1r9IRN6Zrgwo194AsPW2IbLNqg7U+5NX6Z4ptggBuvc0ieb1/K5xnTD+5rJDYEH,3.562475,13.916229999999999,8.580082
172200,a1r9IRN6Zrgwo194AsPW2IbLNqg7U+5NX6Z4ptggBuvc0ieb1/K5xnTD+5rJDYEH,6.879341,16.182557,10.520782
172500,a1r9IRN6Zrgwo194AsPW2IbLNqg7U+5NX6Z4ptggBuvc0ieb1/K5xnTD+5rJDYEH,1.578342,13.02966,7.314047
172800,a1r9IRN6Zrgwo194AsPW2IbLNqg7U+5NX6Z4ptggBuvc0ieb1/K5xnTD+5rJDYEH,1.843523,12.806755,7.9750570000000005
173100,a1r9IRN6Zrgwo194AsPW2IbLNqg7U+5NX6Z4ptggBuvc0ieb1/K5xnTD+5rJDYEH,3.9158120000000003,10.770846,6.554944
173400,a1r9IRN6Zrgwo194AsPW2IbLNqg7U+5NX6Z4ptggBuvc0ieb1/K5xnTD+5rJDYEH,4.02566,14.823678,8.363937
173700,a1r9IRN6Zrgwo194AsPW2IbLNqg7U+5NX6Z4ptggBuvc0ieb1/K5xnTD+5rJDYEH,4.55527,12.313063,7.949611999999999
174000,a1r9IRN6Zrgwo194AsPW2IbLNqg7U+5NX6Z4ptggBuvc0ieb1/K5xnTD+5rJDYEH,4.797448,20.1292,8.807333
174300,a1r9IRN6Zrgwo194AsPW2IbLNqg7U+5NX6Z4ptggBuvc0ieb1/K5xnTD+5rJDYEH,6.042333999999999,16.098909,9.485318
174600,a1r9IRN6Zrgwo194AsPW2IbLNqg7U+5NX6Z4ptggBuvc0ieb1/K5xnTD+5rJDYEH,3.838137,13.397679,7.236669
174900,a1r9IRN6Zrgwo194AsPW2IbLNqg7U+5NX6Z4ptggBuvc0ieb1/K5xnTD+5rJDYEH,3.6945040000000002,8.943636999999999,6.030088
175200,a1r9IRN6Zrgwo194AsPW2IbLNqg7U+5NX6Z4ptggBuvc0ieb1/K5xnTD+5rJDYEH,3.2627189999999997,13.767104000000002,7.602799
175500,a1r9IRN6Zrgwo194AsPW2IbLNqg7U+5NX6Z4ptggBuvc0ieb1/K5xnTD+5rJDYEH,5.695133,13.484762,8.477343
175800,a1r9IRN6Zrgwo194AsPW2IbLNqg7U+5NX6Z4ptggBuvc0ieb1/K5xnTD+5rJDYEH,5.19911,13.111998999999999,8.757556
176100,a1r9IRN6Zrgwo194AsPW2IbLNqg7U+5NX6Z4ptggBuvc0ieb1/K5xnTD+5rJDYEH,1.636616,10.712396,6.35962
176400,a1r9IRN6Zrgwo194AsPW2IbLNqg7U+5NX6Z4ptggBuvc0ieb1/K5xnTD+5rJDYEH,4.02236,10.773166,6.703124000000001
176700,a1r9IRN6Zrgwo194AsPW2IbLNqg7U+5NX6Z4ptggBuvc0ieb1/K5xnTD+5rJDYEH,1.65225,11.760247999999999,7.436967
177000,a1r9IRN6Zrgwo194AsPW2IbLNqg7U+5NX6Z4ptggBuvc0ieb1/K5xnTD+5rJDYEH,4.412904,10.450178,7.839391
177300,a1r9IRN6Zrgwo194AsPW2IbLNqg7U+5NX6Z4ptggBuvc0ieb1/K5xnTD+5rJDYEH,1.27722,9.930419,5.711298
177600,a1r9IRN6Zrgwo194AsPW2IbLNqg7U+5NX6Z4ptggBuvc0ieb1/K5xnTD+5rJDYEH,3.374804,9.560732000000002,6.737696000000001
177900,a1r9IRN6Zrgwo194AsPW2IbLNqg7U+5NX6Z4ptggBuvc0ieb1/K5xnTD+5rJDYEH,2.2908470000000003,8.801312,6.03139
178200,a1r9IRN6Zrgwo194AsPW2IbLNqg7U+5NX6Z4ptggBuvc0ieb1/K5xnTD+5rJDYEH,6.0114849999999995,13.007727000000001,8.573360000000001
178500,a1r9IRN6Zrgwo194AsPW2IbLNqg7U+5NX6Z4ptggBuvc0ieb1/K5xnTD+5rJDYEH,6.089613,12.805736999999999,8.979885000000001
178800,a1r9IRN6Zrgwo194AsPW2IbLNqg7U+5NX6Z4ptggBuvc0ieb1/K5xnTD+5rJDYEH,1.043544,19.911257,10.974724
179100,a1r9IRN6Zrgwo194AsPW2IbLNqg7U+5NX6Z4ptggBuvc0ieb1/K5xnTD+5rJDYEH,5.897015000000001,13.912475,8.698321
179400,a1r9IRN6Zrgwo194AsPW2IbLNqg7U+5NX6Z4ptggBuvc0ieb1/K5xnTD+5rJDYEH,4.162986,10.826507000000001,6.3360769999999995
179700,a1r9IRN6Zrgwo194AsPW2IbLNqg7U+5NX6Z4ptggBuvc0ieb1/K5xnTD+5rJDYEH,5.079001,12.389915,7.344203
180000,a1r9IRN6Zrgwo194AsPW2IbLNqg7U+5NX6Z4ptggBuvc0ieb1/K5xnTD+5rJDYEH,2.614583,11.964928,6.474557
180300,a1r9IRN6Zrgwo194AsPW2IbLNqg7U+5NX6Z4ptggBuvc0ieb1/K5xnTD+5rJDYEH,4.620031,11.533287,6.6575679999999995
180600,a1r9IRN6Zrgwo194AsPW2IbLNqg7U+5NX6Z4ptggBuvc0ieb1/K5xnTD+5rJDYEH,3.8973430000000002,17.590385,9.956285000000001
180900,a1r9IRN6Zrgwo194AsPW2IbLNqg7U+5NX6Z4ptggBuvc0ieb1/K5xnTD+5rJDYEH,3.038541,17.157411,11.306911999999999
181200,a1r9IRN6Zrgwo194AsPW2IbLNqg7U+5NX6Z4ptggBuvc0ieb1/K5xnTD+5rJDYEH,3.9137980000000003,10.576915,6.657195
181500,a1r9IRN6Zrgwo194AsPW2IbLNqg7U+5NX6Z4ptggBuvc0ieb1/K5xnTD+5rJDYEH,2.353037,19.699251,10.862175
181800,a1r9IRN6Zrgwo194AsPW2IbLNqg7U+5NX6Z4ptggBuvc0ieb1/K5xnTD+5rJDYEH,7.34237,14.10336,10.062944
182100,a1r9IRN6Zrgwo194AsPW2IbLNqg7U+5NX6Z4ptggBuvc0ieb1/K5xnTD+5rJDYEH,1.5211620000000001,13.865570000000002,8.352672
182400,a1r9IRN6Zrgwo194AsPW2IbLNqg7U+5NX6Z4ptggBuvc0ieb1/K5xnTD+5rJDYEH,6.896555,19.770751,11.561252
182700,a1r9IRN6Zrgwo194AsPW2IbLNqg7U+5NX6Z4ptggBuvc0ieb1/K5xnTD+5rJDYEH,2.930334,13.768151000000001,8.45031
183000,a1r9IRN6Zrgwo194AsPW2IbLNqg7U+5NX6Z4ptggBuvc0ieb1/K5xnTD+5rJDYEH,3.8390440000000003,13.472509,8.932744999999999
183300,a1r9IRN6Zrgwo194AsPW2IbLNqg7U+5NX6Z4ptggBuvc0ieb1/K5xnTD+5rJDYEH,5.771616000000001,26.966681,12.606284
183600,a1r9IRN6Zrgwo194AsPW2IbLNqg7U+5NX6Z4ptggBuvc0ieb1/K5xnTD+5rJDYEH,5.246987,18.257922,10.396414
183900,a1r9IRN6Zrgwo194AsPW2IbLNqg7U+5NX6Z4ptggBuvc0ieb1/K5xnTD+5rJDYEH,4.144544000000001,18.369162,9.589025999999999
184200,a1r9IRN6Zrgwo194AsPW2IbLNqg7U+5NX6Z4ptggBuvc0ieb1/K5xnTD+5rJDYEH,3.104741,13.683916,6.222048
184500,a1r9IRN6Zrgwo194AsPW2IbLNqg7U+5NX6Z4ptggBuvc0ieb1/K5xnTD+5rJDYEH,3.4410870000000005,13.336289,8.02213
184800,a1r9IRN6Zrgwo194AsPW2IbLNqg7U+5NX6Z4ptggBuvc0ieb1/K5xnTD+5rJDYEH,3.9236,13.643317000000001,8.186973
185100,a1r9IRN6Zrgwo194AsPW2IbLNqg7U+5NX6Z4ptggBuvc0ieb1/K5xnTD+5rJDYEH,4.161807,8.412842,6.353139
185400,a1r9IRN6Zrgwo194AsPW2IbLNqg7U+5NX6Z4ptggBuvc0ieb1/K5xnTD+5rJDYEH,1.573401,12.160781,6.685136
185700,a1r9IRN6Zrgwo194AsPW2IbLNqg7U+5NX6Z4ptggBuvc0ieb1/K5xnTD+5rJDYEH,6.594391000000001,14.786945999999999,10.877205
186000,a1r9IRN6Zrgwo194AsPW2IbLNqg7U+5NX6Z4ptggBuvc0ieb1/K5xnTD+5rJDYEH,5.052815,16.68486,9.831178
186300,a1r9IRN6Zrgwo194AsPW2IbLNqg7U+5NX6Z4ptggBuvc0ieb1/K5xnTD+5rJDYEH,4.5044830000000005,18.247279000000002,11.867512
186600,a1r9IRN6Zrgwo194AsPW2IbLNqg7U+5NX6Z4ptggBuvc0ieb1/K5xnTD+5rJDYEH,6.744225999999999,21.254135,14.390781
186900,a1r9IRN6Zrgwo194AsPW2IbLNqg7U+5NX6Z4ptggBuvc0ieb1/K5xnTD+5rJDYEH,8.462506,24.427251000000002,15.176222000000001
187200,a1r9IRN6Zrgwo194AsPW2IbLNqg7U+5NX6Z4ptggBuvc0ieb1/K5xnTD+5rJDYEH,5.045533,26.139059,14.916509
187500,a1r9IRN6Zrgwo194AsPW2IbLNqg7U+5NX6Z4ptggBuvc0ieb1/K5xnTD+5rJDYEH,7.212242999999999,18.735221,11.596208
187800,a1r9IRN6Zrgwo194AsPW2IbLNqg7U+5NX6Z4ptggBuvc0ieb1/K5xnTD+5rJDYEH,7.9497279999999995,21.826139,15.088014999999999
188100,a1r9IRN6Zrgwo194AsPW2IbLNqg7U+5NX6Z4ptggBuvc0ieb1/K5xnTD+5rJDYEH,8.662756,21.315758,13.520484
188400,a1r9IRN6Zrgwo194AsPW2IbLNqg7U+5NX6Z4ptggBuvc0ieb1/K5xnTD+5rJDYEH,11.592536,27.572036999999998,17.819879
188700,a1r9IRN6Zrgwo194AsPW2IbLNqg7U+5NX6Z4ptggBuvc0ieb1/K5xnTD+5rJDYEH,6.713303,31.552457,14.984742
189000,a1r9IRN6Zrgwo194AsPW2IbLNqg7U+5NX6Z4ptggBuvc0ieb1/K5xnTD+5rJDYEH,6.854055000000001,16.612276,10.121603
189300,a1r9IRN6Zrgwo194AsPW2IbLNqg7U+5NX6Z4ptggBuvc0ieb1/K5xnTD+5rJDYEH,12.348794,25.381839000000003,18.474504999999997
189600,a1r9IRN6Zrgwo194AsPW2IbLNqg7U+5NX6Z4ptggBuvc0ieb1/K5xnTD+5rJDYEH,8.974293,25.952462,14.599376000000001
189900,a1r9IRN6Zrgwo194AsPW2IbLNqg7U+5NX6Z4ptggBuvc0ieb1/K5xnTD+5rJDYEH,9.454481,25.223157,18.808804000000002
190200,a1r9IRN6Zrgwo194AsPW2IbLNqg7U+5NX6Z4ptggBuvc0ieb1/K5xnTD+5rJDYEH,11.12215,36.969629,20.193002
190500,a1r9IRN6Zrgwo194AsPW2IbLNqg7U+5NX6Z4ptggBuvc0ieb1/K5xnTD+5rJDYEH,7.913869999999999,27.494526,16.054264
190800,a1r9IRN6Zrgwo194AsPW2IbLNqg7U+5NX6Z4ptggBuvc0ieb1/K5xnTD+5rJDYEH,3.699767,12.595967,9.553992
191100,a1r9IRN6Zrgwo194AsPW2IbLNqg7U+5NX6Z4ptggBuvc0ieb1/K5xnTD+5rJDYEH,7.740058,17.407817,12.729981
191400,a1r9IRN6Zrgwo194AsPW2IbLNqg7U+5NX6Z4ptggBuvc0ieb1/K5xnTD+5rJDYEH,5.5591550000000005,29.5912,13.672295000000002
191700,a1r9IRN6Zrgwo194AsPW2IbLNqg7U+5NX6Z4ptggBuvc0ieb1/K5xnTD+5rJDYEH,12.86208,33.411556,20.075326999999998
192000,a1r9IRN6Zrgwo194AsPW2IbLNqg7U+5NX6Z4ptggBuvc0ieb1/K5xnTD+5rJDYEH,10.873921000000001,19.762547,14.854645000000001
192300,a1r9IRN6Zrgwo194AsPW2IbLNqg7U+5NX6Z4ptggBuvc0ieb1/K5xnTD+5rJDYEH,12.823791,30.911088,18.887829999999997
192600,a1r9IRN6Zrgwo194AsPW2IbLNqg7U+5NX6Z4ptggBuvc0ieb1/K5xnTD+5rJDYEH,7.767807,27.794631,13.743398999999998
192900,a1r9IRN6Zrgwo194AsPW2IbLNqg7U+5NX6Z4ptggBuvc0ieb1/K5xnTD+5rJDYEH,12.024394000000001,31.484032,19.65824
193200,a1r9IRN6Zrgwo194AsPW2IbLNqg7U+5NX6Z4ptggBuvc0ieb1/K5xnTD+5rJDYEH,10.609715,33.973935,22.72946
193500,a1r9IRN6Zrgwo194AsPW2IbLNqg7U+5NX6Z4ptggBuvc0ieb1/K5xnTD+5rJDYEH,9.027560000000001,29.99655,21.421198999999998
193800,a1r9IRN6Zrgwo194AsPW2IbLNqg7U+5NX6Z4ptggBuvc0ieb1/K5xnTD+5rJDYEH,17.407792999999998,35.844910999999996,24.333102
194100,a1r9IRN6Zrgwo194AsPW2IbLNqg7U+5NX6Z4ptggBuvc0ieb1/K5xnTD+5rJDYEH,11.622573,37.134503,23.188693
194400,a1r9IRN6Zrgwo194AsPW2IbLNqg7U+5NX6Z4ptggBuvc0ieb1/K5xnTD+5rJDYEH,17.339029,41.734096,30.314918
194700,a1r9IRN6Zrgwo194AsPW2IbLNqg7U+5NX6Z4ptggBuvc0ieb1/K5xnTD+5rJDYEH,11.602200999999999,38.286969,24.458744
195000,a1r9IRN6Zrgwo194AsPW2IbLNqg7U+5NX6Z4ptggBuvc0ieb1/K5xnTD+5rJDYEH,10.890559,46.165213,21.326064000000002
195300,a1r9IRN6Zrgwo194AsPW2IbLNqg7U+5NX6Z4ptggBuvc0ieb1/K5xnTD+5rJDYEH,12.018756,28.392863000000002,19.389748
195600,a1r9IRN6Zrgwo194AsPW2IbLNqg7U+5NX6Z4ptggBuvc0ieb1/K5xnTD+5rJDYEH,12.786522999999999,35.733077,23.536345999999998
195900,a1r9IRN6Zrgwo194AsPW2IbLNqg7U+5NX6Z4ptggBuvc0ieb1/K5xnTD+5rJDYEH,5.584023999999999,25.792889000000002,14.393346
196200,a1r9IRN6Zrgwo194AsPW2IbLNqg7U+5NX6Z4ptggBuvc0ieb1/K5xnTD+5rJDYEH,18.063636,37.413914,28.8802
196500,a1r9IRN6Zrgwo194AsPW2IbLNqg7U+5NX6Z4ptggBuvc0ieb1/K5xnTD+5rJDYEH,25.534106,40.836999,31.405477
196800,a1r9IRN6Zrgwo194AsPW2IbLNqg7U+5NX6Z4ptggBuvc0ieb1/K5xnTD+5rJDYEH,9.128952,38.128873,19.196225
197100,a1r9IRN6Zrgwo194AsPW2IbLNqg7U+5NX6Z4ptggBuvc0ieb1/K5xnTD+5rJDYEH,11.428329,24.341554000000002,16.565784
197400,a1r9IRN6Zrgwo194AsPW2IbLNqg7U+5NX6Z4ptggBuvc0ieb1/K5xnTD+5rJDYEH,2.943804,32.297908,17.466746
197700,a1r9IRN6Zrgwo194AsPW2IbLNqg7U+5NX6Z4ptggBuvc0ieb1/K5xnTD+5rJDYEH,20.86921,39.007585999999996,28.992964
198000,a1r9IRN6Zrgwo194AsPW2IbLNqg7U+5NX6Z4ptggBuvc0ieb1/K5xnTD+5rJDYEH,10.544243,34.86448,20.117629
198300,a1r9IRN6Zrgwo194AsPW2IbLNqg7U+5NX6Z4ptggBuvc0ieb1/K5xnTD+5rJDYEH,16.861356,46.116278,28.898856
198600,a1r9IRN6Zrgwo194AsPW2IbLNqg7U+5NX6Z4ptggBuvc0ieb1/K5xnTD+5rJDYEH,22.021875,43.628484,33.219026
198900,a1r9IRN6Zrgwo194AsPW2IbLNqg7U+5NX6Z4ptggBuvc0ieb1/K5xnTD+5rJDYEH,20.99775,41.481638000000004,30.204967
199200,a1r9IRN6Zrgwo194AsPW2IbLNqg7U+5NX6Z4ptggBuvc0ieb1/K5xnTD+5rJDYEH,13.245188,37.399840000000005,23.774413
199500,a1r9IRN6Zrgwo194AsPW2IbLNqg7U+5NX6Z4ptggBuvc0ieb1/K5xnTD+5rJDYEH,9.026850999999999,28.373408,18.119488
199800,a1r9IRN6Zrgwo194AsPW2IbLNqg7U+5NX6Z4ptggBuvc0ieb1/K5xnTD+5rJDYEH,10.185263,27.804321,19.127788
200100,a1r9IRN6Zrgwo194AsPW2IbLNqg7U+5NX6Z4ptggBuvc0ieb1/K5xnTD+5rJDYEH,13.286593,36.096009,23.750823
200400,a1r9IRN6Zrgwo194AsPW2IbLNqg7U+5NX6Z4ptggBuvc0ieb1/K5xnTD+5rJDYEH,9.794319999999999,35.797793,21.416047
200700,a1r9IRN6Zrgwo194AsPW2IbLNqg7U+5NX6Z4ptggBuvc0ieb1/K5xnTD+5rJDYEH,34.78306,55.603486,45.414612
201000,a1r9IRN6Zrgwo194AsPW2IbLNqg7U+5NX6Z4ptggBuvc0ieb1/K5xnTD+5rJDYEH,16.921024,46.058242,32.450927
201300,a1r9IRN6Zrgwo194AsPW2IbLNqg7U+5NX6Z4ptggBuvc0ieb1/K5xnTD+5rJDYEH,13.189301,26.224833,19.359597
201600,a1r9IRN6Zrgwo194AsPW2IbLNqg7U+5NX6Z4ptggBuvc0ieb1/K5xnTD+5rJDYEH,16.709846,51.890596,29.711362
201900,a1r9IRN6Zrgwo194AsPW2IbLNqg7U+5NX6Z4ptggBuvc0ieb1/K5xnTD+5rJDYEH,11.34411,35.84035,25.101661
202200,a1r9IRN6Zrgwo194AsPW2IbLNqg7U+5NX6Z4ptggBuvc0ieb1/K5xnTD+5rJDYEH,11.122667,37.414024,21.609904999999998
202500,a1r9IRN6Zrgwo194AsPW2IbLNqg7U+5NX6Z4ptggBuvc0ieb1/K5xnTD+5rJDYEH,10.799852,35.586228999999996,22.534415
202800,a1r9IRN6Zrgwo194AsPW2IbLNqg7U+5NX6Z4ptggBuvc0ieb1/K5xnTD+5rJDYEH,11.26807,34.559424,20.904803
203100,a1r9IRN6Zrgwo194AsPW2IbLNqg7U+5NX6Z4ptggBuvc0ieb1/K5xnTD+5rJDYEH,17.762105,42.930796,30.067635
203400,a1r9IRN6Zrgwo194AsPW2IbLNqg7U+5NX6Z4ptggBuvc0ieb1/K5xnTD+5rJDYEH,21.476551,44.130674,34.849334999999996
203700,a1r9IRN6Zrgwo194AsPW2IbLNqg7U+5NX6Z4ptggBuvc0ieb1/K5xnTD+5rJDYEH,7.526619,34.008881,21.055426999999998
204000,a1r9IRN6Zrgwo194AsPW2IbLNqg7U+5NX6Z4ptggBuvc0ieb1/K5xnTD+5rJDYEH,6.559461,17.200645,11.692534
204300,a1r9IRN6Zrgwo194AsPW2IbLNqg7U+5NX6Z4ptggBuvc0ieb1/K5xnTD+5rJDYEH,12.767696,39.524659,25.43529
204600,a1r9IRN6Zrgwo194AsPW2IbLNqg7U+5NX6Z4ptggBuvc0ieb1/K5xnTD+5rJDYEH,7.143431,34.597996,18.610385
204900,a1r9IRN6Zrgwo194AsPW2IbLNqg7U+5NX6Z4ptggBuvc0ieb1/K5xnTD+5rJDYEH,6.794637,26.328975,14.258306
205200,a1r9IRN6Zrgwo194AsPW2IbLNqg7U+5NX6Z4ptggBuvc0ieb1/K5xnTD+5rJDYEH,9.470794999999999,32.688163,21.838167000000002
205500,a1r9IRN6Zrgwo194AsPW2IbLNqg7U+5NX6Z4ptggBuvc0ieb1/K5xnTD+5rJDYEH,5.38145,27.493812,15.441144
205800,a1r9IRN6Zrgwo194AsPW2IbLNqg7U+5NX6Z4ptggBuvc0ieb1/K5xnTD+5rJDYEH,16.783401,39.729625,26.038142999999998
206100,a1r9IRN6Zrgwo194AsPW2IbLNqg7U+5NX6Z4ptggBuvc0ieb1/K5xnTD+5rJDYEH,16.754316,39.71042,29.512058000000003
206400,a1r9IRN6Zrgwo194AsPW2IbLNqg7U+5NX6Z4ptggBuvc0ieb1/K5xnTD+5rJDYEH,13.217325,46.790774,27.558047
206700,a1r9IRN6Zrgwo194AsPW2IbLNqg7U+5NX6Z4ptggBuvc0ieb1/K5xnTD+5rJDYEH,20.742593,45.902968,33.153214
207000,a1r9IRN6Zrgwo194AsPW2IbLNqg7U+5NX6Z4ptggBuvc0ieb1/K5xnTD+5rJDYEH,27.833771999999996,69.761923,41.277631
207300,a1r9IRN6Zrgwo194AsPW2IbLNqg7U+5NX6Z4ptggBuvc0ieb1/K5xnTD+5rJDYEH,7.680698,38.677378000000004,20.404548000000002
207600,a1r9IRN6Zrgwo194AsPW2IbLNqg7U+5NX6Z4ptggBuvc0ieb1/K5xnTD+5rJDYEH,4.060975,34.692629,22.438638
207900,a1r9IRN6Zrgwo194AsPW2IbLNqg7U+5NX6Z4ptggBuvc0ieb1/K5xnTD+5rJDYEH,13.437005,32.610558000000005,24.764275
208200,a1r9IRN6Zrgwo194AsPW2IbLNqg7U+5NX6Z4ptggBuvc0ieb1/K5xnTD+5rJDYEH,18.673917000000003,59.395217,30.494938
208500,a1r9IRN6Zrgwo194AsPW2IbLNqg7U+5NX6Z4ptggBuvc0ieb1/K5xnTD+5rJDYEH,10.911769,43.360257,24.440639
208800,a1r9IRN6Zrgwo194AsPW2IbLNqg7U+5NX6Z4ptggBuvc0ieb1/K5xnTD+5rJDYEH,18.603335,46.609603,30.357538
209100,a1r9IRN6Zrgwo194AsPW2IbLNqg7U+5NX6Z4ptggBuvc0ieb1/K5xnTD+5rJDYEH,17.510916,43.806498,34.107347
209400,a1r9IRN6Zrgwo194AsPW2IbLNqg7U+5NX6Z4ptggBuvc0ieb1/K5xnTD+5rJDYEH,6.846261,25.430844,12.702473
209700,a1r9IRN6Zrgwo194AsPW2IbLNqg7U+5NX6Z4ptggBuvc0ieb1/K5xnTD+5rJDYEH,8.283033999999999,30.015068,18.202312
210000,a1r9IRN6Zrgwo194AsPW2IbLNqg7U+5NX6Z4ptggBuvc0ieb1/K5xnTD+5rJDYEH,8.288344,32.292381,19.791737
210300,a1r9IRN6Zrgwo194AsPW2IbLNqg7U+5NX6Z4ptggBuvc0ieb1/K5xnTD+5rJDYEH,20.060064,36.379932000000004,27.72087
210600,a1r9IRN6Zrgwo194AsPW2IbLNqg7U+5NX6Z4ptggBuvc0ieb1/K5xnTD+5rJDYEH,17.858112,39.691813,28.127369
210900,a1r9IRN6Zrgwo194AsPW2IbLNqg7U+5NX6Z4ptggBuvc0ieb1/K5xnTD+5rJDYEH,16.325864000000003,42.043336,31.841194
211200,a1r9IRN6Zrgwo194AsPW2IbLNqg7U+5NX6Z4ptggBuvc0ieb1/K5xnTD+5rJDYEH,18.717792000000003,43.890514,31.474583000000003
211500,a1r9IRN6Zrgwo194AsPW2IbLNqg7U+5NX6Z4ptggBuvc0ieb1/K5xnTD+5rJDYEH,11.046871000000001,34.773025,20.808944
211800,a1r9IRN6Zrgwo194AsPW2IbLNqg7U+5NX6Z4ptggBuvc0ieb1/K5xnTD+5rJDYEH,5.209605000000001,75.301243,20.227339999999998
212100,a1r9IRN6Zrgwo194AsPW2IbLNqg7U+5NX6Z4ptggBuvc0ieb1/K5xnTD+5rJDYEH,10.167106,28.403097999999996,18.161243
212400,a1r9IRN6Zrgwo194AsPW2IbLNqg7U+5NX6Z4ptggBuvc0ieb1/K5xnTD+5rJDYEH,9.289525,33.721064,17.58519
212700,a1r9IRN6Zrgwo194AsPW2IbLNqg7U+5NX6Z4ptggBuvc0ieb1/K5xnTD+5rJDYEH,12.665668,30.277781,19.402361
213000,a1r9IRN6Zrgwo194AsPW2IbLNqg7U+5NX6Z4ptggBuvc0ieb1/K5xnTD+5rJDYEH,3.28838,40.60453,26.346994
213300,a1r9IRN6Zrgwo194AsPW2IbLNqg7U+5NX6Z4ptggBuvc0ieb1/K5xnTD+5rJDYEH,17.332507999999997,40.364038,28.920440000000003
213600,a1r9IRN6Zrgwo194AsPW2IbLNqg7U+5NX6Z4ptggBuvc0ieb1/K5xnTD+5rJDYEH,18.680827999999998,48.097454,31.45996
213900,a1r9IRN6Zrgwo194AsPW2IbLNqg7U+5NX6Z4ptggBuvc0ieb1/K5xnTD+5rJDYEH,20.566786999999998,43.87828,28.185131
214200,a1r9IRN6Zrgwo194AsPW2IbLNqg7U+5NX6Z4ptggBuvc0ieb1/K5xnTD+5rJDYEH,17.523678,43.023837,29.103755
214500,a1r9IRN6Zrgwo194AsPW2IbLNqg7U+5NX6Z4ptggBuvc0ieb1/K5xnTD+5rJDYEH,17.391111,47.03127,33.452948
214800,a1r9IRN6Zrgwo194AsPW2IbLNqg7U+5NX6Z4ptggBuvc0ieb1/K5xnTD+5rJDYEH,16.999292,39.006519,28.377925
215100,a1r9IRN6Zrgwo194AsPW2IbLNqg7U+5NX6Z4ptggBuvc0ieb1/K5xnTD+5rJDYEH,17.119429999999998,39.079833,25.684143
215400,a1r9IRN6Zrgwo194AsPW2IbLNqg7U+5NX6Z4ptggBuvc0ieb1/K5xnTD+5rJDYEH,6.939735000000001,24.654621,16.376397
215700,a1r9IRN6Zrgwo194AsPW2IbLNqg7U+5NX6Z4ptggBuvc0ieb1/K5xnTD+5rJDYEH,15.882689000000001,45.42924,26.077329000000002
216000,a1r9IRN6Zrgwo194AsPW2IbLNqg7U+5NX6Z4ptggBuvc0ieb1/K5xnTD+5rJDYEH,22.574284,41.445869,31.326159999999998
216300,a1r9IRN6Zrgwo194AsPW2IbLNqg7U+5NX6Z4ptggBuvc0ieb1/K5xnTD+5rJDYEH,9.009303,20.852463,15.111949
216600,a1r9IRN6Zrgwo194AsPW2IbLNqg7U+5NX6Z4ptggBuvc0ieb1/K5xnTD+5rJDYEH,11.659972,39.633445,25.474032
216900,a1r9IRN6Zrgwo194AsPW2IbLNqg7U+5NX6Z4ptggBuvc0ieb1/K5xnTD+5rJDYEH,20.242028,41.428015,29.808353999999998
217200,a1r9IRN6Zrgwo194AsPW2IbLNqg7U+5NX6Z4ptggBuvc0ieb1/K5xnTD+5rJDYEH,3.751874,29.797633,13.852927
217500,a1r9IRN6Zrgwo194AsPW2IbLNqg7U+5NX6Z4ptggBuvc0ieb1/K5xnTD+5rJDYEH,8.707571000000002,33.127998999999996,16.888317999999998
217800,a1r9IRN6Zrgwo194AsPW2IbLNqg7U+5NX6Z4ptggBuvc0ieb1/K5xnTD+5rJDYEH,7.535158,44.304854,19.875311
218100,a1r9IRN6Zrgwo194AsPW2IbLNqg7U+5NX6Z4ptggBuvc0ieb1/K5xnTD+5rJDYEH,15.400303,32.807598999999996,23.030379999999997
218400,a1r9IRN6Zrgwo194AsPW2IbLNqg7U+5NX6Z4ptggBuvc0ieb1/K5xnTD+5rJDYEH,14.027270000000001,38.541776,25.504302
218700,a1r9IRN6Zrgwo194AsPW2IbLNqg7U+5NX6Z4ptggBuvc0ieb1/K5xnTD+5rJDYEH,17.093469,38.070917,28.983655
219000,a1r9IRN6Zrgwo194AsPW2IbLNqg7U+5NX6Z4ptggBuvc0ieb1/K5xnTD+5rJDYEH,9.02438,59.997085,19.818473
219300,a1r9IRN6Zrgwo194AsPW2IbLNqg7U+5NX6Z4ptggBuvc0ieb1/K5xnTD+5rJDYEH,8.852705,32.848321999999996,16.449372
219600,a1r9IRN6Zrgwo194AsPW2IbLNqg7U+5NX6Z4ptggBuvc0ieb1/K5xnTD+5rJDYEH,7.512903,21.650669,14.113499
219900,a1r9IRN6Zrgwo194AsPW2IbLNqg7U+5NX6Z4ptggBuvc0ieb1/K5xnTD+5rJDYEH,9.994077,62.202507,30.592784
220200,a1r9IRN6Zrgwo194AsPW2IbLNqg7U+5NX6Z4ptggBuvc0ieb1/K5xnTD+5rJDYEH,17.382783,42.908711,26.926365999999998
220500,a1r9IRN6Zrgwo194AsPW2IbLNqg7U+5NX6Z4ptggBuvc0ieb1/K5xnTD+5rJDYEH,23.703028,58.854544,37.830589
220800,a1r9IRN6Zrgwo194AsPW2IbLNqg7U+5NX6Z4ptggBuvc0ieb1/K5xnTD+5rJDYEH,18.103009,46.620621,32.236039
221100,a1r9IRN6Zrgwo194AsPW2IbLNqg7U+5NX6Z4ptggBuvc0ieb1/K5xnTD+5rJDYEH,13.707603,31.903128999999996,23.051725
221400,a1r9IRN6Zrgwo194AsPW2IbLNqg7U+5NX6Z4ptggBuvc0ieb1/K5xnTD+5rJDYEH,22.585236,47.451654,35.232106
221700,a1r9IRN6Zrgwo194AsPW2IbLNqg7U+5NX6Z4ptggBuvc0ieb1/K5xnTD+5rJDYEH,19.881221,48.833760999999996,29.732284999999997
222000,a1r9IRN6Zrgwo194AsPW2IbLNqg7U+5NX6Z4ptggBuvc0ieb1/K5xnTD+5rJDYEH,4.2864379999999995,37.118606,25.931608999999998
222300,a1r9IRN6Zrgwo194AsPW2IbLNqg7U+5NX6Z4ptggBuvc0ieb1/K5xnTD+5rJDYEH,10.593349,27.782038,19.427272
222600,a1r9IRN6Zrgwo194AsPW2IbLNqg7U+5NX6Z4ptggBuvc0ieb1/K5xnTD+5rJDYEH,11.282077000000001,42.555176,21.34494
222900,a1r9IRN6Zrgwo194AsPW2IbLNqg7U+5NX6Z4ptggBuvc0ieb1/K5xnTD+5rJDYEH,17.463166,43.230518,27.276635
223200,a1r9IRN6Zrgwo194AsPW2IbLNqg7U+5NX6Z4ptggBuvc0ieb1/K5xnTD+5rJDYEH,18.121225,41.480546000000004,30.877184999999997
223500,a1r9IRN6Zrgwo194AsPW2IbLNqg7U+5NX6Z4ptggBuvc0ieb1/K5xnTD+5rJDYEH,26.111955,46.596582,35.590627000000005
223800,a1r9IRN6Zrgwo194AsPW2IbLNqg7U+5NX6Z4ptggBuvc0ieb1/K5xnTD+5rJDYEH,19.377072000000002,41.295504,31.64576
224100,a1r9IRN6Zrgwo194AsPW2IbLNqg7U+5NX6Z4ptggBuvc0ieb1/K5xnTD+5rJDYEH,10.688897,38.673745000000004,23.114487
224400,a1r9IRN6Zrgwo194AsPW2IbLNqg7U+5NX6Z4ptggBuvc0ieb1/K5xnTD+5rJDYEH,11.190069,36.506861,26.731036
224700,a1r9IRN6Zrgwo194AsPW2IbLNqg7U+5NX6Z4ptggBuvc0ieb1/K5xnTD+5rJDYEH,26.960454,47.897625,37.330075
225000,a1r9IRN6Zrgwo194AsPW2IbLNqg7U+5NX6Z4ptggBuvc0ieb1/K5xnTD+5rJDYEH,19.404593,44.954052000000004,29.126078000000003
225300,a1r9IRN6Zrgwo194AsPW2IbLNqg7U+5NX6Z4ptggBuvc0ieb1/K5xnTD+5rJDYEH,21.348226999999998,49.148388,35.575404
225600,a1r9IRN6Zrgwo194AsPW2IbLNqg7U+5NX6Z4ptggBuvc0ieb1/K5xnTD+5rJDYEH,17.311114,42.126058,30.118331
225900,a1r9IRN6Zrgwo194AsPW2IbLNqg7U+5NX6Z4ptggBuvc0ieb1/K5xnTD+5rJDYEH,25.703711,59.332428,37.461515000000006
226200,a1r9IRN6Zrgwo194AsPW2IbLNqg7U+5NX6Z4ptggBuvc0ieb1/K5xnTD+5rJDYEH,21.568216,43.352383,31.567648
226500,a1r9IRN6Zrgwo194AsPW2IbLNqg7U+5NX6Z4ptggBuvc0ieb1/K5xnTD+5rJDYEH,13.643199,46.810918,30.860141
226800,a1r9IRN6Zrgwo194AsPW2IbLNqg7U+5NX6Z4ptggBuvc0ieb1/K5xnTD+5rJDYEH,10.922419999999999,34.564277000000004,21.993209
227100,a1r9IRN6Zrgwo194AsPW2IbLNqg7U+5NX6Z4ptggBuvc0ieb1/K5xnTD+5rJDYEH,17.000352,44.04218,26.516966999999998
227400,a1r9IRN6Zrgwo194AsPW2IbLNqg7U+5NX6Z4ptggBuvc0ieb1/K5xnTD+5rJDYEH,12.133316,28.916484999999998,19.362528
227700,a1r9IRN6Zrgwo194AsPW2IbLNqg7U+5NX6Z4ptggBuvc0ieb1/K5xnTD+5rJDYEH,16.72145,49.329376,36.633946
228000,a1r9IRN6Zrgwo194AsPW2IbLNqg7U+5NX6Z4ptggBuvc0ieb1/K5xnTD+5rJDYEH,14.006020000000001,50.759025,30.677307
228300,a1r9IRN6Zrgwo194AsPW2IbLNqg7U+5NX6Z4ptggBuvc0ieb1/K5xnTD+5rJDYEH,13.498307999999998,28.515495,23.385868
228600,a1r9IRN6Zrgwo194AsPW2IbLNqg7U+5NX6Z4ptggBuvc0ieb1/K5xnTD+5rJDYEH,22.582248999999997,47.322175,35.046882000000004
228900,a1r9IRN6Zrgwo194AsPW2IbLNqg7U+5NX6Z4ptggBuvc0ieb1/K5xnTD+5rJDYEH,16.979174,39.629827,26.027452
229200,a1r9IRN6Zrgwo194AsPW2IbLNqg7U+5NX6Z4ptggBuvc0ieb1/K5xnTD+5rJDYEH,8.552236,28.402207,17.473538
229500,a1r9IRN6Zrgwo194AsPW2IbLNqg7U+5NX6Z4ptggBuvc0ieb1/K5xnTD+5rJDYEH,5.005573,42.024621999999994,19.750161
229800,a1r9IRN6Zrgwo194AsPW2IbLNqg7U+5NX6Z4ptggBuvc0ieb1/K5xnTD+5rJDYEH,11.441586000000001,50.495525,28.452040999999998
230100,a1r9IRN6Zrgwo194AsPW2IbLNqg7U+5NX6Z4ptggBuvc0ieb1/K5xnTD+5rJDYEH,12.138845,42.868990999999994,27.651628999999996
230400,a1r9IRN6Zrgwo194AsPW2IbLNqg7U+5NX6Z4ptggBuvc0ieb1/K5xnTD+5rJDYEH,15.781493,52.487967000000005,36.795840999999996
230700,a1r9IRN6Zrgwo194AsPW2IbLNqg7U+5NX6Z4ptggBuvc0ieb1/K5xnTD+5rJDYEH,17.597391000000002,51.401979,29.034063
231000,a1r9IRN6Zrgwo194AsPW2IbLNqg7U+5NX6Z4ptggBuvc0ieb1/K5xnTD+5rJDYEH,26.448434999999996,53.693915000000004,38.453812
231300,a1r9IRN6Zrgwo194AsPW2IbLNqg7U+5NX6Z4ptggBuvc0ieb1/K5xnTD+5rJDYEH,10.731022,51.464425,29.232121999999997
231600,a1r9IRN6Zrgwo194AsPW2IbLNqg7U+5NX6Z4ptggBuvc0ieb1/K5xnTD+5rJDYEH,17.34939,51.022912,35.835212
231900,a1r9IRN6Zrgwo194AsPW2IbLNqg7U+5NX6Z4ptggBuvc0ieb1/K5xnTD+5rJDYEH,18.424386,61.746525,41.230337
232200,a1r9IRN6Zrgwo194AsPW2IbLNqg7U+5NX6Z4ptggBuvc0ieb1/K5xnTD+5rJDYEH,14.556297,53.3965,32.68529
232500,a1r9IRN6Zrgwo194AsPW2IbLNqg7U+5NX6Z4ptggBuvc0ieb1/K5xnTD+5rJDYEH,27.935337,57.928376,36.408085
232800,a1r9IRN6Zrgwo194AsPW2IbLNqg7U+5NX6Z4ptggBuvc0ieb1/K5xnTD+5rJDYEH,29.696061,53.70230600000001,40.848386
233100,a1r9IRN6Zrgwo194AsPW2IbLNqg7U+5NX6Z4ptggBuvc0ieb1/K5xnTD+5rJDYEH,37.208964,63.764166,45.73242
233400,a1r9IRN6Zrgwo194AsPW2IbLNqg7U+5NX6Z4ptggBuvc0ieb1/K5xnTD+5rJDYEH,27.896722999999998,49.849063,39.941407
233700,a1r9IRN6Zrgwo194AsPW2IbLNqg7U+5NX6Z4ptggBuvc0ieb1/K5xnTD+5rJDYEH,37.321877,68.294514,49.477343
234000,a1r9IRN6Zrgwo194AsPW2IbLNqg7U+5NX6Z4ptggBuvc0ieb1/K5xnTD+5rJDYEH,18.998735,45.016826,33.373104
234300,a1r9IRN6Zrgwo194AsPW2IbLNqg7U+5NX6Z4ptggBuvc0ieb1/K5xnTD+5rJDYEH,25.318331,57.448529,36.677875
234600,a1r9IRN6Zrgwo194AsPW2IbLNqg7U+5NX6Z4ptggBuvc0ieb1/K5xnTD+5rJDYEH,12.108716000000001,58.52425600000001,36.458684999999996
234900,a1r9IRN6Zrgwo194AsPW2IbLNqg7U+5NX6Z4ptggBuvc0ieb1/K5xnTD+5rJDYEH,12.815896,36.049763,25.31928
235200,a1r9IRN6Zrgwo194AsPW2IbLNqg7U+5NX6Z4ptggBuvc0ieb1/K5xnTD+5rJDYEH,3.1239169999999996,47.379356,34.428185
235500,a1r9IRN6Zrgwo194AsPW2IbLNqg7U+5NX6Z4ptggBuvc0ieb1/K5xnTD+5rJDYEH,11.985772,47.533488,24.456694
235800,a1r9IRN6Zrgwo194AsPW2IbLNqg7U+5NX6Z4ptggBuvc0ieb1/K5xnTD+5rJDYEH,8.090479,39.908386,22.35785
236100,a1r9IRN6Zrgwo194AsPW2IbLNqg7U+5NX6Z4ptggBuvc0ieb1/K5xnTD+5rJDYEH,17.476009,36.833943,26.144852
236400,a1r9IRN6Zrgwo194AsPW2IbLNqg7U+5NX6Z4ptggBuvc0ieb1/K5xnTD+5rJDYEH,10.527907,37.536893,24.685978
236700,a1r9IRN6Zrgwo194AsPW2IbLNqg7U+5NX6Z4ptggBuvc0ieb1/K5xnTD+5rJDYEH,7.865575,23.708662,15.777551999999998
237000,a1r9IRN6Zrgwo194AsPW2IbLNqg7U+5NX6Z4ptggBuvc0ieb1/K5xnTD+5rJDYEH,11.252089999999999,32.402114000000005,19.390845000000002
237300,a1r9IRN6Zrgwo194AsPW2IbLNqg7U+5NX6Z4ptggBuvc0ieb1/K5xnTD+5rJDYEH,12.167761,47.797277,20.448091
237600,a1r9IRN6Zrgwo194AsPW2IbLNqg7U+5NX6Z4ptggBuvc0ieb1/K5xnTD+5rJDYEH,18.716317,37.152904,26.961043
237900,a1r9IRN6Zrgwo194AsPW2IbLNqg7U+5NX6Z4ptggBuvc0ieb1/K5xnTD+5rJDYEH,15.517039000000002,39.091059,26.879509999999996
238200,a1r9IRN6Zrgwo194AsPW2IbLNqg7U+5NX6Z4ptggBuvc0ieb1/K5xnTD+5rJDYEH,18.833915,33.447517,26.182629000000002
238500,a1r9IRN6Zrgwo194AsPW2IbLNqg7U+5NX6Z4ptggBuvc0ieb1/K5xnTD+5rJDYEH,14.356216,46.817089,33.810901
238800,a1r9IRN6Zrgwo194AsPW2IbLNqg7U+5NX6Z4ptggBuvc0ieb1/K5xnTD+5rJDYEH,25.671313,64.369353,43.220406
239100,a1r9IRN6Zrgwo194AsPW2IbLNqg7U+5NX6Z4ptggBuvc0ieb1/K5xnTD+5rJDYEH,30.863853999999996,71.566767,52.249224
239400,a1r9IRN6Zrgwo194AsPW2IbLNqg7U+5NX6Z4ptggBuvc0ieb1/K5xnTD+5rJDYEH,17.395296,51.319444,31.568518
239700,a1r9IRN6Zrgwo194AsPW2IbLNqg7U+5NX6Z4ptggBuvc0ieb1/K5xnTD+5rJDYEH,25.033191,51.260065000000004,37.509873
240000,a1r9IRN6Zrgwo194AsPW2IbLNqg7U+5NX6Z4ptggBuvc0ieb1/K5xnTD+5rJDYEH,20.552713,43.900135,34.311959
240300,a1r9IRN6Zrgwo194AsPW2IbLNqg7U+5NX6Z4ptggBuvc0ieb1/K5xnTD+5rJDYEH,21.826098,36.622486,28.167877
240600,a1r9IRN6Zrgwo194AsPW2IbLNqg7U+5NX6Z4ptggBuvc0ieb1/K5xnTD+5rJDYEH,26.047989,50.795546,36.021743
240900,a1r9IRN6Zrgwo194AsPW2IbLNqg7U+5NX6Z4ptggBuvc0ieb1/K5xnTD+5rJDYEH,16.531479,32.918402,24.15157
241200,a1r9IRN6Zrgwo194AsPW2IbLNqg7U+5NX6Z4ptggBuvc0ieb1/K5xnTD+5rJDYEH,20.347709,40.413185,29.622835
241500,a1r9IRN6Zrgwo194AsPW2IbLNqg7U+5NX6Z4ptggBuvc0ieb1/K5xnTD+5rJDYEH,14.791919,51.386614,27.353621
241800,a1r9IRN6Zrgwo194AsPW2IbLNqg7U+5NX6Z4ptggBuvc0ieb1/K5xnTD+5rJDYEH,14.856738,38.298179,25.084849
242100,a1r9IRN6Zrgwo194AsPW2IbLNqg7U+5NX6Z4ptggBuvc0ieb1/K5xnTD+5rJDYEH,16.668291,41.808652,28.532007
242400,a1r9IRN6Zrgwo194AsPW2IbLNqg7U+5NX6Z4ptggBuvc0ieb1/K5xnTD+5rJDYEH,31.661351,70.349877,43.618767999999996
242700,a1r9IRN6Zrgwo194AsPW2IbLNqg7U+5NX6Z4ptggBuvc0ieb1/K5xnTD+5rJDYEH,9.60647,36.778321999999996,22.476738
243000,a1r9IRN6Zrgwo194AsPW2IbLNqg7U+5NX6Z4ptggBuvc0ieb1/K5xnTD+5rJDYEH,11.353707,27.009131,19.642096
243300,a1r9IRN6Zrgwo194AsPW2IbLNqg7U+5NX6Z4ptggBuvc0ieb1/K5xnTD+5rJDYEH,17.626510999999997,69.846293,38.122536
243600,a1r9IRN6Zrgwo194AsPW2IbLNqg7U+5NX6Z4ptggBuvc0ieb1/K5xnTD+5rJDYEH,21.454679000000002,60.094052000000005,38.906434999999995
243900,a1r9IRN6Zrgwo194AsPW2IbLNqg7U+5NX6Z4ptggBuvc0ieb1/K5xnTD+5rJDYEH,16.358647,52.627547,28.408990999999997
244200,a1r9IRN6Zrgwo194AsPW2IbLNqg7U+5NX6Z4ptggBuvc0ieb1/K5xnTD+5rJDYEH,17.493097,56.89089499999999,39.790046000000004
244500,a1r9IRN6Zrgwo194AsPW2IbLNqg7U+5NX6Z4ptggBuvc0ieb1/K5xnTD+5rJDYEH,30.010165999999998,56.36630400000001,38.586541
244800,a1r9IRN6Zrgwo194AsPW2IbLNqg7U+5NX6Z4ptggBuvc0ieb1/K5xnTD+5rJDYEH,13.415915,41.797976,24.770937
245100,a1r9IRN6Zrgwo194AsPW2IbLNqg7U+5NX6Z4ptggBuvc0ieb1/K5xnTD+5rJDYEH,12.649517,28.493803999999997,19.965633
245400,a1r9IRN6Zrgwo194AsPW2IbLNqg7U+5NX6Z4ptggBuvc0ieb1/K5xnTD+5rJDYEH,15.193538,36.989327,27.473747999999997
245700,a1r9IRN6Zrgwo194AsPW2IbLNqg7U+5NX6Z4ptggBuvc0ieb1/K5xnTD+5rJDYEH,15.497931,32.368373,22.515023
246000,a1r9IRN6Zrgwo194AsPW2IbLNqg7U+5NX6Z4ptggBuvc0ieb1/K5xnTD+5rJDYEH,8.093829,26.283167,16.768164000000002
246300,a1r9IRN6Zrgwo194AsPW2IbLNqg7U+5NX6Z4ptggBuvc0ieb1/K5xnTD+5rJDYEH,6.846952000000001,16.501194,11.843011
246600,a1r9IRN6Zrgwo194AsPW2IbLNqg7U+5NX6Z4ptggBuvc0ieb1/K5xnTD+5rJDYEH,3.019412,22.842529000000003,12.595059
246900,a1r9IRN6Zrgwo194AsPW2IbLNqg7U+5NX6Z4ptggBuvc0ieb1/K5xnTD+5rJDYEH,10.704063,39.745248,26.225171999999997
247200,a1r9IRN6Zrgwo194AsPW2IbLNqg7U+5NX6Z4ptggBuvc0ieb1/K5xnTD+5rJDYEH,10.447471,45.093593,22.179821
247500,a1r9IRN6Zrgwo194AsPW2IbLNqg7U+5NX6Z4ptggBuvc0ieb1/K5xnTD+5rJDYEH,5.656540000000001,24.04889,11.70143
247800,a1r9IRN6Zrgwo194AsPW2IbLNqg7U+5NX6Z4ptggBuvc0ieb1/K5xnTD+5rJDYEH,5.845548,24.25365,13.927310999999998
248100,a1r9IRN6Zrgwo194AsPW2IbLNqg7U+5NX6Z4ptggBuvc0ieb1/K5xnTD+5rJDYEH,2.813951,20.290972,12.538255
248400,a1r9IRN6Zrgwo194AsPW2IbLNqg7U+5NX6Z4ptggBuvc0ieb1/K5xnTD+5rJDYEH,6.77787,16.432295,11.081721
248700,a1r9IRN6Zrgwo194AsPW2IbLNqg7U+5NX6Z4ptggBuvc0ieb1/K5xnTD+5rJDYEH,4.333871,22.617532999999998,12.319395
249000,a1r9IRN6Zrgwo194AsPW2IbLNqg7U+5NX6Z4ptggBuvc0ieb1/K5xnTD+5rJDYEH,11.105806,20.179772,15.394435999999999
249300,a1r9IRN6Zrgwo194AsPW2IbLNqg7U+5NX6Z4ptggBuvc0ieb1/K5xnTD+5rJDYEH,6.953691,46.363023999999996,13.267867
249600,a1r9IRN6Zrgwo194AsPW2IbLNqg7U+5NX6Z4ptggBuvc0ieb1/K5xnTD+5rJDYEH,9.465003,26.708965999999997,16.910466
249900,a1r9IRN6Zrgwo194AsPW2IbLNqg7U+5NX6Z4ptggBuvc0ieb1/K5xnTD+5rJDYEH,12.574739,24.522422,17.272004000000003
250200,a1r9IRN6Zrgwo194AsPW2IbLNqg7U+5NX6Z4ptggBuvc0ieb1/K5xnTD+5rJDYEH,8.640792,29.318209999999997,15.712253
250500,a1r9IRN6Zrgwo194AsPW2IbLNqg7U+5NX6Z4ptggBuvc0ieb1/K5xnTD+5rJDYEH,5.963711,20.218328,11.522917
250800,a1r9IRN6Zrgwo194AsPW2IbLNqg7U+5NX6Z4ptggBuvc0ieb1/K5xnTD+5rJDYEH,1.265189,21.354843,9.951622
251100,a1r9IRN6Zrgwo194AsPW2IbLNqg7U+5NX6Z4ptggBuvc0ieb1/K5xnTD+5rJDYEH,5.652699,14.873973000000001,9.215802
251400,a1r9IRN6Zrgwo194AsPW2IbLNqg7U+5NX6Z4ptggBuvc0ieb1/K5xnTD+5rJDYEH,8.288283,28.485906,14.571662
251700,a1r9IRN6Zrgwo194AsPW2IbLNqg7U+5NX6Z4ptggBuvc0ieb1/K5xnTD+5rJDYEH,6.467425,16.54903,11.823509
252000,a1r9IRN6Zrgwo194AsPW2IbLNqg7U+5NX6Z4ptggBuvc0ieb1/K5xnTD+5rJDYEH,2.345788,16.368917,10.414959
252300,a1r9IRN6Zrgwo194AsPW2IbLNqg7U+5NX6Z4ptggBuvc0ieb1/K5xnTD+5rJDYEH,2.290109,11.408321,7.53252
252600,a1r9IRN6Zrgwo194AsPW2IbLNqg7U+5NX6Z4ptggBuvc0ieb1/K5xnTD+5rJDYEH,4.617497,14.656949,9.415865
252900,a1r9IRN6Zrgwo194AsPW2IbLNqg7U+5NX6Z4ptggBuvc0ieb1/K5xnTD+5rJDYEH,11.788411,22.334838,17.050977
253200,a1r9IRN6Zrgwo194AsPW2IbLNqg7U+5NX6Z4ptggBuvc0ieb1/K5xnTD+5rJDYEH,4.1075669999999995,15.669580999999999,8.056689
253500,a1r9IRN6Zrgwo194AsPW2IbLNqg7U+5NX6Z4ptggBuvc0ieb1/K5xnTD+5rJDYEH,3.3678449999999995,12.584507,6.883806
253800,a1r9IRN6Zrgwo194AsPW2IbLNqg7U+5NX6Z4ptggBuvc0ieb1/K5xnTD+5rJDYEH,3.044538,15.109817000000001,8.362249
254100,a1r9IRN6Zrgwo194AsPW2IbLNqg7U+5NX6Z4ptggBuvc0ieb1/K5xnTD+5rJDYEH,1.6653380000000002,13.794757,5.893827
254400,a1r9IRN6Zrgwo194AsPW2IbLNqg7U+5NX6Z4ptggBuvc0ieb1/K5xnTD+5rJDYEH,4.512804,17.610727,8.560382
254700,a1r9IRN6Zrgwo194AsPW2IbLNqg7U+5NX6Z4ptggBuvc0ieb1/K5xnTD+5rJDYEH,1.597164,12.680327,4.9507639999999995
255000,a1r9IRN6Zrgwo194AsPW2IbLNqg7U+5NX6Z4ptggBuvc0ieb1/K5xnTD+5rJDYEH,1.11815,11.71422,7.173575
255300,a1r9IRN6Zrgwo194AsPW2IbLNqg7U+5NX6Z4ptggBuvc0ieb1/K5xnTD+5rJDYEH,6.088368,15.195647,9.539158
255600,a1r9IRN6Zrgwo194AsPW2IbLNqg7U+5NX6Z4ptggBuvc0ieb1/K5xnTD+5rJDYEH,5.951775,20.459073999999998,10.931444
255900,a1r9IRN6Zrgwo194AsPW2IbLNqg7U+5NX6Z4ptggBuvc0ieb1/K5xnTD+5rJDYEH,5.0386940000000005,35.304541,14.763145999999999
256200,a1r9IRN6Zrgwo194AsPW2IbLNqg7U+5NX6Z4ptggBuvc0ieb1/K5xnTD+5rJDYEH,6.8327160000000005,25.211645,12.912299
256500,a1r9IRN6Zrgwo194AsPW2IbLNqg7U+5NX6Z4ptggBuvc0ieb1/K5xnTD+5rJDYEH,6.395876,19.397248,12.54509
256800,a1r9IRN6Zrgwo194AsPW2IbLNqg7U+5NX6Z4ptggBuvc0ieb1/K5xnTD+5rJDYEH,2.500497,13.52576,7.910480000000001
257100,a1r9IRN6Zrgwo194AsPW2IbLNqg7U+5NX6Z4ptggBuvc0ieb1/K5xnTD+5rJDYEH,4.336558999999999,11.189144,7.570656
257400,a1r9IRN6Zrgwo194AsPW2IbLNqg7U+5NX6Z4ptggBuvc0ieb1/K5xnTD+5rJDYEH,3.50722,14.143101000000001,6.6237580000000005
257700,a1r9IRN6Zrgwo194AsPW2IbLNqg7U+5NX6Z4ptggBuvc0ieb1/K5xnTD+5rJDYEH,3.678297,16.660238,8.147623
258000,a1r9IRN6Zrgwo194AsPW2IbLNqg7U+5NX6Z4ptggBuvc0ieb1/K5xnTD+5rJDYEH,4.161219,16.46136,8.440942999999999
258300,a1r9IRN6Zrgwo194AsPW2IbLNqg7U+5NX6Z4ptggBuvc0ieb1/K5xnTD+5rJDYEH,2.002961,15.580392999999999,6.949735
258600,a1r9IRN6Zrgwo194AsPW2IbLNqg7U+5NX6Z4ptggBuvc0ieb1/K5xnTD+5rJDYEH,2.823264,10.759472,6.015115
258900,a1r9IRN6Zrgwo194AsPW2IbLNqg7U+5NX6Z4ptggBuvc0ieb1/K5xnTD+5rJDYEH,2.142075,18.083098,6.9982429999999995
259200,a1r9IRN6Zrgwo194AsPW2IbLNqg7U+5NX6Z4ptggBuvc0ieb1/K5xnTD+5rJDYEH,2.774845,9.50654,4.703790000000001
259500,a1r9IRN6Zrgwo194AsPW2IbLNqg7U+5NX6Z4ptggBuvc0ieb1/K5xnTD+5rJDYEH,1.616837,10.964906,5.993084
259800,a1r9IRN6Zrgwo194AsPW2IbLNqg7U+5NX6Z4ptggBuvc0ieb1/K5xnTD+5rJDYEH,4.898594,11.826897,8.124373
260100,a1r9IRN6Zrgwo194AsPW2IbLNqg7U+5NX6Z4ptggBuvc0ieb1/K5xnTD+5rJDYEH,5.165366000000001,22.906925,8.667598
260400,a1r9IRN6Zrgwo194AsPW2IbLNqg7U+5NX6Z4ptggBuvc0ieb1/K5xnTD+5rJDYEH,1.402832,9.422748,6.52682
260700,a1r9IRN6Zrgwo194AsPW2IbLNqg7U+5NX6Z4ptggBuvc0ieb1/K5xnTD+5rJDYEH,3.7160599999999997,11.374233,7.143121000000001
261000,a1r9IRN6Zrgwo194AsPW2IbLNqg7U+5NX6Z4ptggBuvc0ieb1/K5xnTD+5rJDYEH,3.910911,14.129762,9.861787
261300,a1r9IRN6Zrgwo194AsPW2IbLNqg7U+5NX6Z4ptggBuvc0ieb1/K5xnTD+5rJDYEH,6.145576,15.129710999999999,8.912647
261600,a1r9IRN6Zrgwo194AsPW2IbLNqg7U+5NX6Z4ptggBuvc0ieb1/K5xnTD+5rJDYEH,3.582382,15.678870000000002,8.166255
261900,a1r9IRN6Zrgwo194AsPW2IbLNqg7U+5NX6Z4ptggBuvc0ieb1/K5xnTD+5rJDYEH,2.677633,10.046095,5.9829870000000005
262200,a1r9IRN6Zrgwo194AsPW2IbLNqg7U+5NX6Z4ptggBuvc0ieb1/K5xnTD+5rJDYEH,2.0603830000000003,15.297942,6.471692
262500,a1r9IRN6Zrgwo194AsPW2IbLNqg7U+5NX6Z4ptggBuvc0ieb1/K5xnTD+5rJDYEH,4.4461889999999995,14.09015,8.724839
262800,a1r9IRN6Zrgwo194AsPW2IbLNqg7U+5NX6Z4ptggBuvc0ieb1/K5xnTD+5rJDYEH,0.665518,12.148132,7.42156
263100,a1r9IRN6Zrgwo194AsPW2IbLNqg7U+5NX6Z4ptggBuvc0ieb1/K5xnTD+5rJDYEH,3.651368,13.652092999999999,7.239217
263400,a1r9IRN6Zrgwo194AsPW2IbLNqg7U+5NX6Z4ptggBuvc0ieb1/K5xnTD+5rJDYEH,3.787026,10.435955,5.985194
263700,a1r9IRN6Zrgwo194AsPW2IbLNqg7U+5NX6Z4ptggBuvc0ieb1/K5xnTD+5rJDYEH,4.801124,19.699325,9.842830000000001
264000,a1r9IRN6Zrgwo194AsPW2IbLNqg7U+5NX6Z4ptggBuvc0ieb1/K5xnTD+5rJDYEH,5.007053,14.795854,8.707517
264300,a1r9IRN6Zrgwo194AsPW2IbLNqg7U+5NX6Z4ptggBuvc0ieb1/K5xnTD+5rJDYEH,2.221865,9.797361,4.891881
264600,a1r9IRN6Zrgwo194AsPW2IbLNqg7U+5NX6Z4ptggBuvc0ieb1/K5xnTD+5rJDYEH,3.499307,9.373412,6.044457
264900,a1r9IRN6Zrgwo194AsPW2IbLNqg7U+5NX6Z4ptggBuvc0ieb1/K5xnTD+5rJDYEH,3.488722,15.160008,7.082408999999999
265200,a1r9IRN6Zrgwo194AsPW2IbLNqg7U+5NX6Z4ptggBuvc0ieb1/K5xnTD+5rJDYEH,3.611499,17.970045000000002,6.938060000000001
265500,a1r9IRN6Zrgwo194AsPW2IbLNqg7U+5NX6Z4ptggBuvc0ieb1/K5xnTD+5rJDYEH,6.509295,23.186615,14.813347
265800,a1r9IRN6Zrgwo194AsPW2IbLNqg7U+5NX6Z4ptggBuvc0ieb1/K5xnTD+5rJDYEH,5.901147,36.923582,11.881077000000001
266100,a1r9IRN6Zrgwo194AsPW2IbLNqg7U+5NX6Z4ptggBuvc0ieb1/K5xnTD+5rJDYEH,6.94337,20.906191,13.655435999999998
266400,a1r9IRN6Zrgwo194AsPW2IbLNqg7U+5NX6Z4ptggBuvc0ieb1/K5xnTD+5rJDYEH,1.94913,15.508173999999999,7.065506
266700,a1r9IRN6Zrgwo194AsPW2IbLNqg7U+5NX6Z4ptggBuvc0ieb1/K5xnTD+5rJDYEH,9.063128,18.218932000000002,12.319716
267000,a1r9IRN6Zrgwo194AsPW2IbLNqg7U+5NX6Z4ptggBuvc0ieb1/K5xnTD+5rJDYEH,2.491326,32.318903000000006,11.339619
267300,a1r9IRN6Zrgwo194AsPW2IbLNqg7U+5NX6Z4ptggBuvc0ieb1/K5xnTD+5rJDYEH,9.593266999999999,21.422069,14.2893
267600,a1r9IRN6Zrgwo194AsPW2IbLNqg7U+5NX6Z4ptggBuvc0ieb1/K5xnTD+5rJDYEH,2.133715,14.721718,8.049309
267900,a1r9IRN6Zrgwo194AsPW2IbLNqg7U+5NX6Z4ptggBuvc0ieb1/K5xnTD+5rJDYEH,4.890748,14.692854999999998,8.935999
268200,a1r9IRN6Zrgwo194AsPW2IbLNqg7U+5NX6Z4ptggBuvc0ieb1/K5xnTD+5rJDYEH,9.818536,18.345482,14.208008999999999
268500,a1r9IRN6Zrgwo194AsPW2IbLNqg7U+5NX6Z4ptggBuvc0ieb1/K5xnTD+5rJDYEH,2.050363,21.384895999999998,11.564362
268800,a1r9IRN6Zrgwo194AsPW2IbLNqg7U+5NX6Z4ptggBuvc0ieb1/K5xnTD+5rJDYEH,4.554755999999999,16.941029,8.538350999999999
269100,a1r9IRN6Zrgwo194AsPW2IbLNqg7U+5NX6Z4ptggBuvc0ieb1/K5xnTD+5rJDYEH,3.8858129999999997,16.279936,9.29752
269400,a1r9IRN6Zrgwo194AsPW2IbLNqg7U+5NX6Z4ptggBuvc0ieb1/K5xnTD+5rJDYEH,3.310279,12.162583999999999,6.8095229999999995
269700,a1r9IRN6Zrgwo194AsPW2IbLNqg7U+5NX6Z4ptggBuvc0ieb1/K5xnTD+5rJDYEH,3.203338,18.115627,10.286994
270000,a1r9IRN6Zrgwo194AsPW2IbLNqg7U+5NX6Z4ptggBuvc0ieb1/K5xnTD+5rJDYEH,8.661099,20.766541,12.996953
270300,a1r9IRN6Zrgwo194AsPW2IbLNqg7U+5NX6Z4ptggBuvc0ieb1/K5xnTD+5rJDYEH,4.018822,14.193449,8.603011
270600,a1r9IRN6Zrgwo194AsPW2IbLNqg7U+5NX6Z4ptggBuvc0ieb1/K5xnTD+5rJDYEH,8.738118,16.409571,12.697196
270900,a1r9IRN6Zrgwo194AsPW2IbLNqg7U+5NX6Z4ptggBuvc0ieb1/K5xnTD+5rJDYEH,7.428512,20.093429,15.192184
271200,a1r9IRN6Zrgwo194AsPW2IbLNqg7U+5NX6Z4ptggBuvc0ieb1/K5xnTD+5rJDYEH,11.708805,29.326926,18.848745
271500,a1r9IRN6Zrgwo194AsPW2IbLNqg7U+5NX6Z4ptggBuvc0ieb1/K5xnTD+5rJDYEH,9.45462,26.191111,16.957402
271800,a1r9IRN6Zrgwo194AsPW2IbLNqg7U+5NX6Z4ptggBuvc0ieb1/K5xnTD+5rJDYEH,6.0091470000000005,21.439802,10.280669
272100,a1r9IRN6Zrgwo194AsPW2IbLNqg7U+5NX6Z4ptggBuvc0ieb1/K5xnTD+5rJDYEH,5.591614,18.440012,10.514864999999999
272400,a1r9IRN6Zrgwo194AsPW2IbLNqg7U+5NX6Z4ptggBuvc0ieb1/K5xnTD+5rJDYEH,5.835356,28.513140000000003,14.412761999999999
272700,a1r9IRN6Zrgwo194AsPW2IbLNqg7U+5NX6Z4ptggBuvc0ieb1/K5xnTD+5rJDYEH,2.820806,19.630856,9.261565
273000,a1r9IRN6Zrgwo194AsPW2IbLNqg7U+5NX6Z4ptggBuvc0ieb1/K5xnTD+5rJDYEH,4.746919,18.788864999999998,10.37283
273300,a1r9IRN6Zrgwo194AsPW2IbLNqg7U+5NX6Z4ptggBuvc0ieb1/K5xnTD+5rJDYEH,6.725098,17.644188,11.315785
273600,a1r9IRN6Zrgwo194AsPW2IbLNqg7U+5NX6Z4ptggBuvc0ieb1/K5xnTD+5rJDYEH,5.026258,20.668926000000003,11.7877
273900,a1r9IRN6Zrgwo194AsPW2IbLNqg7U+5NX6Z4ptggBuvc0ieb1/K5xnTD+5rJDYEH,7.755400999999999,20.432578,14.547367999999999
274200,a1r9IRN6Zrgwo194AsPW2IbLNqg7U+5NX6Z4ptggBuvc0ieb1/K5xnTD+5rJDYEH,8.443456,24.004188,15.824720000000001
274500,a1r9IRN6Zrgwo194AsPW2IbLNqg7U+5NX6Z4ptggBuvc0ieb1/K5xnTD+5rJDYEH,7.217307000000001,18.762508999999998,12.995904
274800,a1r9IRN6Zrgwo194AsPW2IbLNqg7U+5NX6Z4ptggBuvc0ieb1/K5xnTD+5rJDYEH,8.533624,18.829310999999997,12.905249000000001
275100,a1r9IRN6Zrgwo194AsPW2IbLNqg7U+5NX6Z4ptggBuvc0ieb1/K5xnTD+5rJDYEH,7.606167,22.815217,14.390011
275400,a1r9IRN6Zrgwo194AsPW2IbLNqg7U+5NX6Z4ptggBuvc0ieb1/K5xnTD+5rJDYEH,11.146067,30.036103000000004,19.653679
275700,a1r9IRN6Zrgwo194AsPW2IbLNqg7U+5NX6Z4ptggBuvc0ieb1/K5xnTD+5rJDYEH,2.5889439999999997,22.638818,12.615169999999999
276000,a1r9IRN6Zrgwo194AsPW2IbLNqg7U+5NX6Z4ptggBuvc0ieb1/K5xnTD+5rJDYEH,8.68626,27.347654,15.818143
276300,a1r9IRN6Zrgwo194AsPW2IbLNqg7U+5NX6Z4ptggBuvc0ieb1/K5xnTD+5rJDYEH,8.439250999999999,25.344565,14.377308
276600,a1r9IRN6Zrgwo194AsPW2IbLNqg7U+5NX6Z4ptggBuvc0ieb1/K5xnTD+5rJDYEH,15.233514999999999,33.479611,25.176076000000002
276900,a1r9IRN6Zrgwo194AsPW2IbLNqg7U+5NX6Z4ptggBuvc0ieb1/K5xnTD+5rJDYEH,8.478992,25.427157,14.849426999999999
277200,a1r9IRN6Zrgwo194AsPW2IbLNqg7U+5NX6Z4ptggBuvc0ieb1/K5xnTD+5rJDYEH,6.378935,23.31227,12.129649
277500,a1r9IRN6Zrgwo194AsPW2IbLNqg7U+5NX6Z4ptggBuvc0ieb1/K5xnTD+5rJDYEH,9.739155,17.590839000000003,13.636904000000001
277800,a1r9IRN6Zrgwo194AsPW2IbLNqg7U+5NX6Z4ptggBuvc0ieb1/K5xnTD+5rJDYEH,7.662750999999999,23.933735000000002,15.171641000000001
278100,a1r9IRN6Zrgwo194AsPW2IbLNqg7U+5NX6Z4ptggBuvc0ieb1/K5xnTD+5rJDYEH,5.612855000000001,16.928236,10.338743
278400,a1r9IRN6Zrgwo194AsPW2IbLNqg7U+5NX6Z4ptggBuvc0ieb1/K5xnTD+5rJDYEH,1.716448,17.087907,10.208397999999999
278700,a1r9IRN6Zrgwo194AsPW2IbLNqg7U+5NX6Z4ptggBuvc0ieb1/K5xnTD+5rJDYEH,8.776455,21.603279,14.48499
279000,a1r9IRN6Zrgwo194AsPW2IbLNqg7U+5NX6Z4ptggBuvc0ieb1/K5xnTD+5rJDYEH,8.066995,17.176023,13.37222
279300,a1r9IRN6Zrgwo194AsPW2IbLNqg7U+5NX6Z4ptggBuvc0ieb1/K5xnTD+5rJDYEH,6.231466999999999,22.768344,12.94622
279600,a1r9IRN6Zrgwo194AsPW2IbLNqg7U+5NX6Z4ptggBuvc0ieb1/K5xnTD+5rJDYEH,7.990008,27.016322,18.945142
279900,a1r9IRN6Zrgwo194AsPW2IbLNqg7U+5NX6Z4ptggBuvc0ieb1/K5xnTD+5rJDYEH,5.654342,27.629801,14.677432000000001
280200,a1r9IRN6Zrgwo194AsPW2IbLNqg7U+5NX6Z4ptggBuvc0ieb1/K5xnTD+5rJDYEH,6.065703,27.123936999999998,15.324841000000001
280500,a1r9IRN6Zrgwo194AsPW2IbLNqg7U+5NX6Z4ptggBuvc0ieb1/K5xnTD+5rJDYEH,7.353037,45.219889,19.042929
280800,a1r9IRN6Zrgwo194AsPW2IbLNqg7U+5NX6Z4ptggBuvc0ieb1/K5xnTD+5rJDYEH,14.317775,40.066559999999996,27.118921000000004
281100,a1r9IRN6Zrgwo194AsPW2IbLNqg7U+5NX6Z4ptggBuvc0ieb1/K5xnTD+5rJDYEH,17.817775,46.869955,29.695814000000002
281400,a1r9IRN6Zrgwo194AsPW2IbLNqg7U+5NX6Z4ptggBuvc0ieb1/K5xnTD+5rJDYEH,18.218252,34.219147,24.729568
281700,a1r9IRN6Zrgwo194AsPW2IbLNqg7U+5NX6Z4ptggBuvc0ieb1/K5xnTD+5rJDYEH,5.335349,33.980940999999994,16.257316
282000,a1r9IRN6Zrgwo194AsPW2IbLNqg7U+5NX6Z4ptggBuvc0ieb1/K5xnTD+5rJDYEH,9.924156,33.705249,20.372823999999998
282300,a1r9IRN6Zrgwo194AsPW2IbLNqg7U+5NX6Z4ptggBuvc0ieb1/K5xnTD+5rJDYEH,12.88734,38.021903,23.243366
282600,a1r9IRN6Zrgwo194AsPW2IbLNqg7U+5NX6Z4ptggBuvc0ieb1/K5xnTD+5rJDYEH,12.358492,40.594793,25.535377
282900,a1r9IRN6Zrgwo194AsPW2IbLNqg7U+5NX6Z4ptggBuvc0ieb1/K5xnTD+5rJDYEH,18.827668,40.416408000000004,27.101761
283200,a1r9IRN6Zrgwo194AsPW2IbLNqg7U+5NX6Z4ptggBuvc0ieb1/K5xnTD+5rJDYEH,4.541894,32.325595,19.777214
283500,a1r9IRN6Zrgwo194AsPW2IbLNqg7U+5NX6Z4ptggBuvc0ieb1/K5xnTD+5rJDYEH,10.457361,33.350004,20.469942
283800,a1r9IRN6Zrgwo194AsPW2IbLNqg7U+5NX6Z4ptggBuvc0ieb1/K5xnTD+5rJDYEH,7.2174130000000005,34.354413,20.76932
284100,a1r9IRN6Zrgwo194AsPW2IbLNqg7U+5NX6Z4ptggBuvc0ieb1/K5xnTD+5rJDYEH,9.407658999999999,31.038704,19.941597
284400,a1r9IRN6Zrgwo194AsPW2IbLNqg7U+5NX6Z4ptggBuvc0ieb1/K5xnTD+5rJDYEH,3.928846,27.159017,13.620591000000001
284700,a1r9IRN6Zrgwo194AsPW2IbLNqg7U+5NX6Z4ptggBuvc0ieb1/K5xnTD+5rJDYEH,5.294637000000001,40.762007000000004,20.724526
285000,a1r9IRN6Zrgwo194AsPW2IbLNqg7U+5NX6Z4ptggBuvc0ieb1/K5xnTD+5rJDYEH,9.911086,23.474493,16.346408
285300,a1r9IRN6Zrgwo194AsPW2IbLNqg7U+5NX6Z4ptggBuvc0ieb1/K5xnTD+5rJDYEH,5.8307199999999995,21.649055,14.626593
285600,a1r9IRN6Zrgwo194AsPW2IbLNqg7U+5NX6Z4ptggBuvc0ieb1/K5xnTD+5rJDYEH,13.2285,32.936928,21.27487
285900,a1r9IRN6Zrgwo194AsPW2IbLNqg7U+5NX6Z4ptggBuvc0ieb1/K5xnTD+5rJDYEH,20.967603,34.626689,27.271190999999998
286200,a1r9IRN6Zrgwo194AsPW2IbLNqg7U+5NX6Z4ptggBuvc0ieb1/K5xnTD+5rJDYEH,14.907105,35.617374,24.898239
286500,a1r9IRN6Zrgwo194AsPW2IbLNqg7U+5NX6Z4ptggBuvc0ieb1/K5xnTD+5rJDYEH,11.01623,34.584066,25.665306
286800,a1r9IRN6Zrgwo194AsPW2IbLNqg7U+5NX6Z4ptggBuvc0ieb1/K5xnTD+5rJDYEH,6.646723,33.735919,20.960628
287100,a1r9IRN6Zrgwo194AsPW2IbLNqg7U+5NX6Z4ptggBuvc0ieb1/K5xnTD+5rJDYEH,11.520059,30.749716999999997,20.287855
287400,a1r9IRN6Zrgwo194AsPW2IbLNqg7U+5NX6Z4ptggBuvc0ieb1/K5xnTD+5rJDYEH,12.061172000000001,34.899525,20.390276999999998
287700,a1r9IRN6Zrgwo194AsPW2IbLNqg7U+5NX6Z4ptggBuvc0ieb1/K5xnTD+5rJDYEH,18.152103,35.039941,27.042907
288000,a1r9IRN6Zrgwo194AsPW2IbLNqg7U+5NX6Z4ptggBuvc0ieb1/K5xnTD+5rJDYEH,15.01948,41.587329,26.951439
288300,a1r9IRN6Zrgwo194AsPW2IbLNqg7U+5NX6Z4ptggBuvc0ieb1/K5xnTD+5rJDYEH,19.76608,35.713741999999996,26.389181
288600,a1r9IRN6Zrgwo194AsPW2IbLNqg7U+5NX6Z4ptggBuvc0ieb1/K5xnTD+5rJDYEH,18.012513000000002,48.108546999999994,27.13405
288900,a1r9IRN6Zrgwo194AsPW2IbLNqg7U+5NX6Z4ptggBuvc0ieb1/K5xnTD+5rJDYEH,15.889798999999998,41.370967,25.70082
289200,a1r9IRN6Zrgwo194AsPW2IbLNqg7U+5NX6Z4ptggBuvc0ieb1/K5xnTD+5rJDYEH,11.390189999999999,34.500085999999996,22.584782999999998
289500,a1r9IRN6Zrgwo194AsPW2IbLNqg7U+5NX6Z4ptggBuvc0ieb1/K5xnTD+5rJDYEH,18.727527,34.138504,25.308882
289800,a1r9IRN6Zrgwo194AsPW2IbLNqg7U+5NX6Z4ptggBuvc0ieb1/K5xnTD+5rJDYEH,13.511079,36.837262,24.053685
290100,a1r9IRN6Zrgwo194AsPW2IbLNqg7U+5NX6Z4ptggBuvc0ieb1/K5xnTD+5rJDYEH,17.155587,37.056312,26.950464
290400,a1r9IRN6Zrgwo194AsPW2IbLNqg7U+5NX6Z4ptggBuvc0ieb1/K5xnTD+5rJDYEH,24.434611999999998,46.110448,34.282379999999996
290700,a1r9IRN6Zrgwo194AsPW2IbLNqg7U+5NX6Z4ptggBuvc0ieb1/K5xnTD+5rJDYEH,13.500860000000001,52.505764,31.683449
291000,a1r9IRN6Zrgwo194AsPW2IbLNqg7U+5NX6Z4ptggBuvc0ieb1/K5xnTD+5rJDYEH,14.569537,39.505126000000004,24.941858
291300,a1r9IRN6Zrgwo194AsPW2IbLNqg7U+5NX6Z4ptggBuvc0ieb1/K5xnTD+5rJDYEH,11.407346,44.150455,23.280537
291600,a1r9IRN6Zrgwo194AsPW2IbLNqg7U+5NX6Z4ptggBuvc0ieb1/K5xnTD+5rJDYEH,12.888828,31.387003000000004,22.643902
291900,a1r9IRN6Zrgwo194AsPW2IbLNqg7U+5NX6Z4ptggBuvc0ieb1/K5xnTD+5rJDYEH,12.762528999999999,39.824231,24.765219000000002
292200,a1r9IRN6Zrgwo194AsPW2IbLNqg7U+5NX6Z4ptggBuvc0ieb1/K5xnTD+5rJDYEH,23.691523,41.694313,30.186040000000002
292500,a1r9IRN6Zrgwo194AsPW2IbLNqg7U+5NX6Z4ptggBuvc0ieb1/K5xnTD+5rJDYEH,18.159807999999998,45.159962,33.793156
292800,a1r9IRN6Zrgwo194AsPW2IbLNqg7U+5NX6Z4ptggBuvc0ieb1/K5xnTD+5rJDYEH,20.379123,48.902836,35.356032
293100,a1r9IRN6Zrgwo194AsPW2IbLNqg7U+5NX6Z4ptggBuvc0ieb1/K5xnTD+5rJDYEH,18.738108999999998,34.995657,25.566585999999997
293400,a1r9IRN6Zrgwo194AsPW2IbLNqg7U+5NX6Z4ptggBuvc0ieb1/K5xnTD+5rJDYEH,6.761833,26.905986,15.472055
293700,a1r9IRN6Zrgwo194AsPW2IbLNqg7U+5NX6Z4ptggBuvc0ieb1/K5xnTD+5rJDYEH,13.21679,29.514256,20.272579999999998
294000,a1r9IRN6Zrgwo194AsPW2IbLNqg7U+5NX6Z4ptggBuvc0ieb1/K5xnTD+5rJDYEH,17.256587,55.84335,32.050722
294300,a1r9IRN6Zrgwo194AsPW2IbLNqg7U+5NX6Z4ptggBuvc0ieb1/K5xnTD+5rJDYEH,13.472458999999999,44.107127,27.597272999999998
294600,a1r9IRN6Zrgwo194AsPW2IbLNqg7U+5NX6Z4ptggBuvc0ieb1/K5xnTD+5rJDYEH,11.479005,28.100565000000003,19.408117999999998
294900,a1r9IRN6Zrgwo194AsPW2IbLNqg7U+5NX6Z4ptggBuvc0ieb1/K5xnTD+5rJDYEH,9.937368,49.091547,26.228589000000003
295200,a1r9IRN6Zrgwo194AsPW2IbLNqg7U+5NX6Z4ptggBuvc0ieb1/K5xnTD+5rJDYEH,18.28761,33.652905,27.224968
295500,a1r9IRN6Zrgwo194AsPW2IbLNqg7U+5NX6Z4ptggBuvc0ieb1/K5xnTD+5rJDYEH,21.303454000000002,53.527401,33.342573
295800,a1r9IRN6Zrgwo194AsPW2IbLNqg7U+5NX6Z4ptggBuvc0ieb1/K5xnTD+5rJDYEH,17.883081,43.150628999999995,32.074639000000005
296100,a1r9IRN6Zrgwo194AsPW2IbLNqg7U+5NX6Z4ptggBuvc0ieb1/K5xnTD+5rJDYEH,3.7633089999999996,18.595589,13.120014000000001
296400,a1r9IRN6Zrgwo194AsPW2IbLNqg7U+5NX6Z4ptggBuvc0ieb1/K5xnTD+5rJDYEH,8.59473,19.295634,12.325961999999999
296700,a1r9IRN6Zrgwo194AsPW2IbLNqg7U+5NX6Z4ptggBuvc0ieb1/K5xnTD+5rJDYEH,10.778967999999999,27.336294,17.645027
297000,a1r9IRN6Zrgwo194AsPW2IbLNqg7U+5NX6Z4ptggBuvc0ieb1/K5xnTD+5rJDYEH,15.497282,26.878078000000002,21.810181
297300,a1r9IRN6Zrgwo194AsPW2IbLNqg7U+5NX6Z4ptggBuvc0ieb1/K5xnTD+5rJDYEH,12.843989,37.359553000000005,21.752187
297600,a1r9IRN6Zrgwo194AsPW2IbLNqg7U+5NX6Z4ptggBuvc0ieb1/K5xnTD+5rJDYEH,7.480693,22.630853,14.530192999999999
297900,a1r9IRN6Zrgwo194AsPW2IbLNqg7U+5NX6Z4ptggBuvc0ieb1/K5xnTD+5rJDYEH,7.658549000000001,33.063736999999996,18.610416
298200,a1r9IRN6Zrgwo194AsPW2IbLNqg7U+5NX6Z4ptggBuvc0ieb1/K5xnTD+5rJDYEH,21.40299,42.623325,29.51527
298500,a1r9IRN6Zrgwo194AsPW2IbLNqg7U+5NX6Z4ptggBuvc0ieb1/K5xnTD+5rJDYEH,19.972777999999998,62.475837,37.998201
298800,a1r9IRN6Zrgwo194AsPW2IbLNqg7U+5NX6Z4ptggBuvc0ieb1/K5xnTD+5rJDYEH,17.346642000000003,59.495987,34.388337
299100,a1r9IRN6Zrgwo194AsPW2IbLNqg7U+5NX6Z4ptggBuvc0ieb1/K5xnTD+5rJDYEH,24.797721,71.917197,48.461281
299400,a1r9IRN6Zrgwo194AsPW2IbLNqg7U+5NX6Z4ptggBuvc0ieb1/K5xnTD+5rJDYEH,12.683454,40.696926,27.167572999999997
299700,a1r9IRN6Zrgwo194AsPW2IbLNqg7U+5NX6Z4ptggBuvc0ieb1/K5xnTD+5rJDYEH,19.418994,46.298888,32.766358000000004
300000,a1r9IRN6Zrgwo194AsPW2IbLNqg7U+5NX6Z4ptggBuvc0ieb1/K5xnTD+5rJDYEH,9.692047,46.282462,28.121764000000002
300300,a1r9IRN6Zrgwo194AsPW2IbLNqg7U+5NX6Z4ptggBuvc0ieb1/K5xnTD+5rJDYEH,20.445818,55.609415000000006,37.790286
300600,a1r9IRN6Zrgwo194AsPW2IbLNqg7U+5NX6Z4ptggBuvc0ieb1/K5xnTD+5rJDYEH,6.757313000000001,34.209783,20.243376
300900,a1r9IRN6Zrgwo194AsPW2IbLNqg7U+5NX6Z4ptggBuvc0ieb1/K5xnTD+5rJDYEH,9.900431,31.523532,18.795297
301200,a1r9IRN6Zrgwo194AsPW2IbLNqg7U+5NX6Z4ptggBuvc0ieb1/K5xnTD+5rJDYEH,22.078878,46.713987,34.612856
301500,a1r9IRN6Zrgwo194AsPW2IbLNqg7U+5NX6Z4ptggBuvc0ieb1/K5xnTD+5rJDYEH,16.293395,51.647034000000005,30.256457
301800,a1r9IRN6Zrgwo194AsPW2IbLNqg7U+5NX6Z4ptggBuvc0ieb1/K5xnTD+5rJDYEH,9.239073,33.176377,17.348814
302100,a1r9IRN6Zrgwo194AsPW2IbLNqg7U+5NX6Z4ptggBuvc0ieb1/K5xnTD+5rJDYEH,10.664558999999999,31.624158,19.162699
302400,a1r9IRN6Zrgwo194AsPW2IbLNqg7U+5NX6Z4ptggBuvc0ieb1/K5xnTD+5rJDYEH,20.638409,41.772626,29.130446000000003
302700,a1r9IRN6Zrgwo194AsPW2IbLNqg7U+5NX6Z4ptggBuvc0ieb1/K5xnTD+5rJDYEH,12.020850999999999,37.482869,24.142198
303000,a1r9IRN6Zrgwo194AsPW2IbLNqg7U+5NX6Z4ptggBuvc0ieb1/K5xnTD+5rJDYEH,17.097326000000002,44.258136,30.317631
303300,a1r9IRN6Zrgwo194AsPW2IbLNqg7U+5NX6Z4ptggBuvc0ieb1/K5xnTD+5rJDYEH,15.441507999999999,47.462046,35.324882
303600,a1r9IRN6Zrgwo194AsPW2IbLNqg7U+5NX6Z4ptggBuvc0ieb1/K5xnTD+5rJDYEH,20.080712,45.407992,31.036773999999998
303900,a1r9IRN6Zrgwo194AsPW2IbLNqg7U+5NX6Z4ptggBuvc0ieb1/K5xnTD+5rJDYEH,12.898209,45.968695000000004,30.581408000000003
304200,a1r9IRN6Zrgwo194AsPW2IbLNqg7U+5NX6Z4ptggBuvc0ieb1/K5xnTD+5rJDYEH,18.644134,41.399592,28.556284
304500,a1r9IRN6Zrgwo194AsPW2IbLNqg7U+5NX6Z4ptggBuvc0ieb1/K5xnTD+5rJDYEH,23.42349,41.232126,28.251317999999998
304800,a1r9IRN6Zrgwo194AsPW2IbLNqg7U+5NX6Z4ptggBuvc0ieb1/K5xnTD+5rJDYEH,8.564083,33.580292,23.090728
305100,a1r9IRN6Zrgwo194AsPW2IbLNqg7U+5NX6Z4ptggBuvc0ieb1/K5xnTD+5rJDYEH,15.986310999999999,47.396786999999996,27.926362
305400,a1r9IRN6Zrgwo194AsPW2IbLNqg7U+5NX6Z4ptggBuvc0ieb1/K5xnTD+5rJDYEH,6.435551,51.104292,21.433276
305700,a1r9IRN6Zrgwo194AsPW2IbLNqg7U+5NX6Z4ptggBuvc0ieb1/K5xnTD+5rJDYEH,17.539013,42.865244,28.945176
306000,a1r9IRN6Zrgwo194AsPW2IbLNqg7U+5NX6Z4ptggBuvc0ieb1/K5xnTD+5rJDYEH,12.783951,55.786505000000005,20.419061
306300,a1r9IRN6Zrgwo194AsPW2IbLNqg7U+5NX6Z4ptggBuvc0ieb1/K5xnTD+5rJDYEH,5.61153,29.362415999999996,13.197436999999999
306600,a1r9IRN6Zrgwo194AsPW2IbLNqg7U+5NX6Z4ptggBuvc0ieb1/K5xnTD+5rJDYEH,14.120161999999999,37.585006,26.11169
306900,a1r9IRN6Zrgwo194AsPW2IbLNqg7U+5NX6Z4ptggBuvc0ieb1/K5xnTD+5rJDYEH,26.034676,52.172419,35.06114
307200,a1r9IRN6Zrgwo194AsPW2IbLNqg7U+5NX6Z4ptggBuvc0ieb1/K5xnTD+5rJDYEH,22.904396,43.082495,31.091563
307500,a1r9IRN6Zrgwo194AsPW2IbLNqg7U+5NX6Z4ptggBuvc0ieb1/K5xnTD+5rJDYEH,29.561165000000003,55.334179000000006,42.178548
307800,a1r9IRN6Zrgwo194AsPW2IbLNqg7U+5NX6Z4ptggBuvc0ieb1/K5xnTD+5rJDYEH,15.920488,45.265997999999996,28.415102
308100,a1r9IRN6Zrgwo194AsPW2IbLNqg7U+5NX6Z4ptggBuvc0ieb1/K5xnTD+5rJDYEH,11.949192,37.586264,23.41988
308400,a1r9IRN6Zrgwo194AsPW2IbLNqg7U+5NX6Z4ptggBuvc0ieb1/K5xnTD+5rJDYEH,8.675064,30.925532,19.294478
308700,a1r9IRN6Zrgwo194AsPW2IbLNqg7U+5NX6Z4ptggBuvc0ieb1/K5xnTD+5rJDYEH,13.481206,54.608132999999995,22.823953
309000,a1r9IRN6Zrgwo194AsPW2IbLNqg7U+5NX6Z4ptggBuvc0ieb1/K5xnTD+5rJDYEH,29.647098,55.042784999999995,41.435542
309300,a1r9IRN6Zrgwo194AsPW2IbLNqg7U+5NX6Z4ptggBuvc0ieb1/K5xnTD+5rJDYEH,16.680398,44.389874,28.887101
309600,a1r9IRN6Zrgwo194AsPW2IbLNqg7U+5NX6Z4ptggBuvc0ieb1/K5xnTD+5rJDYEH,18.157531,47.143409999999996,30.172857
309900,a1r9IRN6Zrgwo194AsPW2IbLNqg7U+5NX6Z4ptggBuvc0ieb1/K5xnTD+5rJDYEH,27.967259999999996,56.405811,37.728466999999995
310200,a1r9IRN6Zrgwo194AsPW2IbLNqg7U+5NX6Z4ptggBuvc0ieb1/K5xnTD+5rJDYEH,21.432827,52.840779000000005,39.972823999999996
310500,a1r9IRN6Zrgwo194AsPW2IbLNqg7U+5NX6Z4ptggBuvc0ieb1/K5xnTD+5rJDYEH,9.5885,20.982595,14.830244
310800,a1r9IRN6Zrgwo194AsPW2IbLNqg7U+5NX6Z4ptggBuvc0ieb1/K5xnTD+5rJDYEH,11.327669,37.579759,21.647114000000002
311100,a1r9IRN6Zrgwo194AsPW2IbLNqg7U+5NX6Z4ptggBuvc0ieb1/K5xnTD+5rJDYEH,12.899417,34.347840000000005,24.72131
311400,a1r9IRN6Zrgwo194AsPW2IbLNqg7U+5NX6Z4ptggBuvc0ieb1/K5xnTD+5rJDYEH,27.779224,69.56355,35.458424
311700,a1r9IRN6Zrgwo194AsPW2IbLNqg7U+5NX6Z4ptggBuvc0ieb1/K5xnTD+5rJDYEH,15.888019,35.919743,24.340212
312000,a1r9IRN6Zrgwo194AsPW2IbLNqg7U+5NX6Z4ptggBuvc0ieb1/K5xnTD+5rJDYEH,21.910961999999998,42.942921999999996,31.259047
312300,a1r9IRN6Zrgwo194AsPW2IbLNqg7U+5NX6Z4ptggBuvc0ieb1/K5xnTD+5rJDYEH,5.538208,44.124407,27.452425
312600,a1r9IRN6Zrgwo194AsPW2IbLNqg7U+5NX6Z4ptggBuvc0ieb1/K5xnTD+5rJDYEH,10.784239999999999,27.13826,20.332019
312900,a1r9IRN6Zrgwo194AsPW2IbLNqg7U+5NX6Z4ptggBuvc0ieb1/K5xnTD+5rJDYEH,17.130592,42.076777,27.125471
313200,a1r9IRN6Zrgwo194AsPW2IbLNqg7U+5NX6Z4ptggBuvc0ieb1/K5xnTD+5rJDYEH,25.58858,39.389685,31.807606
313500,a1r9IRN6Zrgwo194AsPW2IbLNqg7U+5NX6Z4ptggBuvc0ieb1/K5xnTD+5rJDYEH,8.083725999999999,46.467591999999996,28.588458000000003
313800,a1r9IRN6Zrgwo194AsPW2IbLNqg7U+5NX6Z4ptggBuvc0ieb1/K5xnTD+5rJDYEH,7.297894,27.995326000000002,13.805648000000001
314100,a1r9IRN6Zrgwo194AsPW2IbLNqg7U+5NX6Z4ptggBuvc0ieb1/K5xnTD+5rJDYEH,19.959129,78.288957,42.770513
314400,a1r9IRN6Zrgwo194AsPW2IbLNqg7U+5NX6Z4ptggBuvc0ieb1/K5xnTD+5rJDYEH,27.289655,69.25835500000001,45.779135
314700,a1r9IRN6Zrgwo194AsPW2IbLNqg7U+5NX6Z4ptggBuvc0ieb1/K5xnTD+5rJDYEH,11.500945,35.044768,23.854966
315000,a1r9IRN6Zrgwo194AsPW2IbLNqg7U+5NX6Z4ptggBuvc0ieb1/K5xnTD+5rJDYEH,4.14923,38.038160999999995,22.90012
315300,a1r9IRN6Zrgwo194AsPW2IbLNqg7U+5NX6Z4ptggBuvc0ieb1/K5xnTD+5rJDYEH,13.054886999999999,33.815740000000005,21.863056
315600,a1r9IRN6Zrgwo194AsPW2IbLNqg7U+5NX6Z4ptggBuvc0ieb1/K5xnTD+5rJDYEH,22.609979,50.790884000000005,35.799054999999996
315900,a1r9IRN6Zrgwo194AsPW2IbLNqg7U+5NX6Z4ptggBuvc0ieb1/K5xnTD+5rJDYEH,14.836428,26.185354999999998,20.504392000000003
316200,a1r9IRN6Zrgwo194AsPW2IbLNqg7U+5NX6Z4ptggBuvc0ieb1/K5xnTD+5rJDYEH,5.867915,52.76973,30.853443
316500,a1r9IRN6Zrgwo194AsPW2IbLNqg7U+5NX6Z4ptggBuvc0ieb1/K5xnTD+5rJDYEH,25.892201,60.225815000000004,40.804307
316800,a1r9IRN6Zrgwo194AsPW2IbLNqg7U+5NX6Z4ptggBuvc0ieb1/K5xnTD+5rJDYEH,17.231403,48.239036,28.217369
317100,a1r9IRN6Zrgwo194AsPW2IbLNqg7U+5NX6Z4ptggBuvc0ieb1/K5xnTD+5rJDYEH,25.216171,59.162743999999996,39.102815
317400,a1r9IRN6Zrgwo194AsPW2IbLNqg7U+5NX6Z4ptggBuvc0ieb1/K5xnTD+5rJDYEH,14.468687,30.960929999999998,20.599903
317700,a1r9IRN6Zrgwo194AsPW2IbLNqg7U+5NX6Z4ptggBuvc0ieb1/K5xnTD+5rJDYEH,25.077839,67.68351899999999,34.661190999999995
318000,a1r9IRN6Zrgwo194AsPW2IbLNqg7U+5NX6Z4ptggBuvc0ieb1/K5xnTD+5rJDYEH,17.616232,42.060113,29.282914
318300,a1r9IRN6Zrgwo194AsPW2IbLNqg7U+5NX6Z4ptggBuvc0ieb1/K5xnTD+5rJDYEH,18.802142,49.498366,31.57631
318600,a1r9IRN6Zrgwo194AsPW2IbLNqg7U+5NX6Z4ptggBuvc0ieb1/K5xnTD+5rJDYEH,14.681107,40.682226,28.410653000000003
318900,a1r9IRN6Zrgwo194AsPW2IbLNqg7U+5NX6Z4ptggBuvc0ieb1/K5xnTD+5rJDYEH,29.900794,68.715314,41.936431
319200,a1r9IRN6Zrgwo194AsPW2IbLNqg7U+5NX6Z4ptggBuvc0ieb1/K5xnTD+5rJDYEH,7.32907,27.85057,13.580274
319500,a1r9IRN6Zrgwo194AsPW2IbLNqg7U+5NX6Z4ptggBuvc0ieb1/K5xnTD+5rJDYEH,20.724155,76.962818,36.930956
319800,a1r9IRN6Zrgwo194AsPW2IbLNqg7U+5NX6Z4ptggBuvc0ieb1/K5xnTD+5rJDYEH,32.110853000000006,66.29345699999999,50.082408
320100,a1r9IRN6Zrgwo194AsPW2IbLNqg7U+5NX6Z4ptggBuvc0ieb1/K5xnTD+5rJDYEH,31.872637,58.53082,41.997334
320400,a1r9IRN6Zrgwo194AsPW2IbLNqg7U+5NX6Z4ptggBuvc0ieb1/K5xnTD+5rJDYEH,37.161248,66.744702,51.804247
320700,a1r9IRN6Zrgwo194AsPW2IbLNqg7U+5NX6Z4ptggBuvc0ieb1/K5xnTD+5rJDYEH,19.973084,44.449657,30.214736
321000,a1r9IRN6Zrgwo194AsPW2IbLNqg7U+5NX6Z4ptggBuvc0ieb1/K5xnTD+5rJDYEH,5.307557,46.980604,31.599421000000003
321300,a1r9IRN6Zrgwo194AsPW2IbLNqg7U+5NX6Z4ptggBuvc0ieb1/K5xnTD+5rJDYEH,15.271815,62.731637,39.804162
321600,a1r9IRN6Zrgwo194AsPW2IbLNqg7U+5NX6Z4ptggBuvc0ieb1/K5xnTD+5rJDYEH,13.193968,66.19099,34.960662
321900,a1r9IRN6Zrgwo194AsPW2IbLNqg7U+5NX6Z4ptggBuvc0ieb1/K5xnTD+5rJDYEH,15.111725,41.921087,28.965859000000002
322200,a1r9IRN6Zrgwo194AsPW2IbLNqg7U+5NX6Z4ptggBuvc0ieb1/K5xnTD+5rJDYEH,6.5684059999999995,34.726045,22.401104
322500,a1r9IRN6Zrgwo194AsPW2IbLNqg7U+5NX6Z4ptggBuvc0ieb1/K5xnTD+5rJDYEH,18.158005,45.069072,31.180954999999997
322800,a1r9IRN6Zrgwo194AsPW2IbLNqg7U+5NX6Z4ptggBuvc0ieb1/K5xnTD+5rJDYEH,13.736863,41.99803,30.097253000000002
323100,a1r9IRN6Zrgwo194AsPW2IbLNqg7U+5NX6Z4ptggBuvc0ieb1/K5xnTD+5rJDYEH,22.918351,44.515488,32.055268
323400,a1r9IRN6Zrgwo194AsPW2IbLNqg7U+5NX6Z4ptggBuvc0ieb1/K5xnTD+5rJDYEH,15.308634,42.397843,28.947999
323700,a1r9IRN6Zrgwo194AsPW2IbLNqg7U+5NX6Z4ptggBuvc0ieb1/K5xnTD+5rJDYEH,30.465969,50.678883,40.795291999999996
324000,a1r9IRN6Zrgwo194AsPW2IbLNqg7U+5NX6Z4ptggBuvc0ieb1/K5xnTD+5rJDYEH,18.258155,43.858348,28.511552000000002
324300,a1r9IRN6Zrgwo194AsPW2IbLNqg7U+5NX6Z4ptggBuvc0ieb1/K5xnTD+5rJDYEH,14.900668,40.666149,24.224424
324600,a1r9IRN6Zrgwo194AsPW2IbLNqg7U+5NX6Z4ptggBuvc0ieb1/K5xnTD+5rJDYEH,15.769344,44.295164,29.938715000000002
324900,a1r9IRN6Zrgwo194AsPW2IbLNqg7U+5NX6Z4ptggBuvc0ieb1/K5xnTD+5rJDYEH,16.358999,43.904694,29.023776
325200,a1r9IRN6Zrgwo194AsPW2IbLNqg7U+5NX6Z4ptggBuvc0ieb1/K5xnTD+5rJDYEH,22.211038000000002,49.734891999999995,34.569359999999996
325500,a1r9IRN6Zrgwo194AsPW2IbLNqg7U+5NX6Z4ptggBuvc0ieb1/K5xnTD+5rJDYEH,22.311694,42.475605,31.50869
325800,a1r9IRN6Zrgwo194AsPW2IbLNqg7U+5NX6Z4ptggBuvc0ieb1/K5xnTD+5rJDYEH,18.32855,44.934071,28.004565000000003
326100,a1r9IRN6Zrgwo194AsPW2IbLNqg7U+5NX6Z4ptggBuvc0ieb1/K5xnTD+5rJDYEH,18.84284,36.507071999999994,26.124204000000002
326400,a1r9IRN6Zrgwo194AsPW2IbLNqg7U+5NX6Z4ptggBuvc0ieb1/K5xnTD+5rJDYEH,25.174452,62.188216000000004,42.946798
326700,a1r9IRN6Zrgwo194AsPW2IbLNqg7U+5NX6Z4ptggBuvc0ieb1/K5xnTD+5rJDYEH,22.590079,57.632619999999996,37.919265
327000,a1r9IRN6Zrgwo194AsPW2IbLNqg7U+5NX6Z4ptggBuvc0ieb1/K5xnTD+5rJDYEH,18.89339,53.648603,36.076287
327300,a1r9IRN6Zrgwo194AsPW2IbLNqg7U+5NX6Z4ptggBuvc0ieb1/K5xnTD+5rJDYEH,13.49186,42.647069,25.599432
327600,a1r9IRN6Zrgwo194AsPW2IbLNqg7U+5NX6Z4ptggBuvc0ieb1/K5xnTD+5rJDYEH,27.828608000000003,70.959158,47.550388
327900,a1r9IRN6Zrgwo194AsPW2IbLNqg7U+5NX6Z4ptggBuvc0ieb1/K5xnTD+5rJDYEH,8.413371000000001,36.113391,19.565624
328200,a1r9IRN6Zrgwo194AsPW2IbLNqg7U+5NX6Z4ptggBuvc0ieb1/K5xnTD+5rJDYEH,10.627458,40.046452,26.265956
328500,a1r9IRN6Zrgwo194AsPW2IbLNqg7U+5NX6Z4ptggBuvc0ieb1/K5xnTD+5rJDYEH,24.207818,46.964286,34.276112
328800,a1r9IRN6Zrgwo194AsPW2IbLNqg7U+5NX6Z4ptggBuvc0ieb1/K5xnTD+5rJDYEH,16.771981,37.759051,24.702146
329100,a1r9IRN6Zrgwo194AsPW2IbLNqg7U+5NX6Z4ptggBuvc0ieb1/K5xnTD+5rJDYEH,13.730770000000001,68.202745,30.618011
329400,a1r9IRN6Zrgwo194AsPW2IbLNqg7U+5NX6Z4ptggBuvc0ieb1/K5xnTD+5rJDYEH,17.210657,45.097085,28.352359999999997
329700,a1r9IRN6Zrgwo194AsPW2IbLNqg7U+5NX6Z4ptggBuvc0ieb1/K5xnTD+5rJDYEH,15.200565,66.575097,40.02668
330000,a1r9IRN6Zrgwo194AsPW2IbLNqg7U+5NX6Z4ptggBuvc0ieb1/K5xnTD+5rJDYEH,20.615134,38.626284999999996,29.650628
330300,a1r9IRN6Zrgwo194AsPW2IbLNqg7U+5NX6Z4ptggBuvc0ieb1/K5xnTD+5rJDYEH,10.411825,63.638456000000005,38.721273
330600,a1r9IRN6Zrgwo194AsPW2IbLNqg7U+5NX6Z4ptggBuvc0ieb1/K5xnTD+5rJDYEH,18.940285999999997,36.701028,25.533497
330900,a1r9IRN6Zrgwo194AsPW2IbLNqg7U+5NX6Z4ptggBuvc0ieb1/K5xnTD+5rJDYEH,12.005645,33.539823,22.039528
331200,a1r9IRN6Zrgwo194AsPW2IbLNqg7U+5NX6Z4ptggBuvc0ieb1/K5xnTD+5rJDYEH,8.954127,46.761731,27.398653000000003
331500,a1r9IRN6Zrgwo194AsPW2IbLNqg7U+5NX6Z4ptggBuvc0ieb1/K5xnTD+5rJDYEH,12.704871,30.324823,21.174972
331800,a1r9IRN6Zrgwo194AsPW2IbLNqg7U+5NX6Z4ptggBuvc0ieb1/K5xnTD+5rJDYEH,17.290751,41.072808,23.926562
332100,a1r9IRN6Zrgwo194AsPW2IbLNqg7U+5NX6Z4ptggBuvc0ieb1/K5xnTD+5rJDYEH,11.989032,36.614482,24.797259
332400,a1r9IRN6Zrgwo194AsPW2IbLNqg7U+5NX6Z4ptggBuvc0ieb1/K5xnTD+5rJDYEH,18.299059,38.237802,26.938671999999997
332700,a1r9IRN6Zrgwo194AsPW2IbLNqg7U+5NX6Z4ptggBuvc0ieb1/K5xnTD+5rJDYEH,16.918191,33.439170000000004,23.035292000000002
333000,a1r9IRN6Zrgwo194AsPW2IbLNqg7U+5NX6Z4ptggBuvc0ieb1/K5xnTD+5rJDYEH,16.822408,34.77316,24.738574
333300,a1r9IRN6Zrgwo194AsPW2IbLNqg7U+5NX6Z4ptggBuvc0ieb1/K5xnTD+5rJDYEH,13.30357,33.273505,23.363849
333600,a1r9IRN6Zrgwo194AsPW2IbLNqg7U+5NX6Z4ptggBuvc0ieb1/K5xnTD+5rJDYEH,15.532495,32.378628000000006,22.673796
333900,a1r9IRN6Zrgwo194AsPW2IbLNqg7U+5NX6Z4ptggBuvc0ieb1/K5xnTD+5rJDYEH,3.887722,25.994652,13.424137
334200,a1r9IRN6Zrgwo194AsPW2IbLNqg7U+5NX6Z4ptggBuvc0ieb1/K5xnTD+5rJDYEH,7.546488,33.572453,18.155176
334500,a1r9IRN6Zrgwo194AsPW2IbLNqg7U+5NX6Z4ptggBuvc0ieb1/K5xnTD+5rJDYEH,14.64679,33.430626000000004,22.104519
334800,a1r9IRN6Zrgwo194AsPW2IbLNqg7U+5NX6Z4ptggBuvc0ieb1/K5xnTD+5rJDYEH,11.892095,33.616104,20.289143
335100,a1r9IRN6Zrgwo194AsPW2IbLNqg7U+5NX6Z4ptggBuvc0ieb1/K5xnTD+5rJDYEH,8.751547,32.828216999999995,14.514507
335400,a1r9IRN6Zrgwo194AsPW2IbLNqg7U+5NX6Z4ptggBuvc0ieb1/K5xnTD+5rJDYEH,10.04475,22.407341,15.813945
335700,a1r9IRN6Zrgwo194AsPW2IbLNqg7U+5NX6Z4ptggBuvc0ieb1/K5xnTD+5rJDYEH,4.3895480000000004,21.482695,11.659606
336000,a1r9IRN6Zrgwo194AsPW2IbLNqg7U+5NX6Z4ptggBuvc0ieb1/K5xnTD+5rJDYEH,10.277207,32.107145,19.394104000000002
336300,a1r9IRN6Zrgwo194AsPW2IbLNqg7U+5NX6Z4ptggBuvc0ieb1/K5xnTD+5rJDYEH,11.732034,34.921649,21.349785999999998
336600,a1r9IRN6Zrgwo194AsPW2IbLNqg7U+5NX6Z4ptggBuvc0ieb1/K5xnTD+5rJDYEH,6.027675,20.963233,10.977376
336900,a1r9IRN6Zrgwo194AsPW2IbLNqg7U+5NX6Z4ptggBuvc0ieb1/K5xnTD+5rJDYEH,10.744805,29.579808,17.669529
337200,a1r9IRN6Zrgwo194AsPW2IbLNqg7U+5NX6Z4ptggBuvc0ieb1/K5xnTD+5rJDYEH,10.029371000000001,28.331764,17.716366
337500,a1r9IRN6Zrgwo194AsPW2IbLNqg7U+5NX6Z4ptggBuvc0ieb1/K5xnTD+5rJDYEH,5.159981,23.588962,12.852185
337800,a1r9IRN6Zrgwo194AsPW2IbLNqg7U+5NX6Z4ptggBuvc0ieb1/K5xnTD+5rJDYEH,1.483063,17.448382000000002,8.041738
338100,a1r9IRN6Zrgwo194AsPW2IbLNqg7U+5NX6Z4ptggBuvc0ieb1/K5xnTD+5rJDYEH,7.720752,24.969698,13.258935000000001
338400,a1r9IRN6Zrgwo194AsPW2IbLNqg7U+5NX6Z4ptggBuvc0ieb1/K5xnTD+5rJDYEH,11.1131,24.006691,17.193082999999998
338700,a1r9IRN6Zrgwo194AsPW2IbLNqg7U+5NX6Z4ptggBuvc0ieb1/K5xnTD+5rJDYEH,5.382784,20.198655,11.401644000000001
339000,a1r9IRN6Zrgwo194AsPW2IbLNqg7U+5NX6Z4ptggBuvc0ieb1/K5xnTD+5rJDYEH,1.9567700000000001,14.06928,8.419605
339300,a1r9IRN6Zrgwo194AsPW2IbLNqg7U+5NX6Z4ptggBuvc0ieb1/K5xnTD+5rJDYEH,5.518051,17.368635,10.575911
339600,a1r9IRN6Zrgwo194AsPW2IbLNqg7U+5NX6Z4ptggBuvc0ieb1/K5xnTD+5rJDYEH,6.752306,17.401444,9.863731
339900,a1r9IRN6Zrgwo194AsPW2IbLNqg7U+5NX6Z4ptggBuvc0ieb1/K5xnTD+5rJDYEH,1.002891,16.423604,8.795405
340200,a1r9IRN6Zrgwo194AsPW2IbLNqg7U+5NX6Z4ptggBuvc0ieb1/K5xnTD+5rJDYEH,3.198804,9.777677,6.523082
340500,a1r9IRN6Zrgwo194AsPW2IbLNqg7U+5NX6Z4ptggBuvc0ieb1/K5xnTD+5rJDYEH,4.5270470000000005,23.960781,8.385142
340800,a1r9IRN6Zrgwo194AsPW2IbLNqg7U+5NX6Z4ptggBuvc0ieb1/K5xnTD+5rJDYEH,4.411219,14.567692000000001,8.006895
341100,a1r9IRN6Zrgwo194AsPW2IbLNqg7U+5NX6Z4ptggBuvc0ieb1/K5xnTD+5rJDYEH,2.667418,20.347993,11.01142
341400,a1r9IRN6Zrgwo194AsPW2IbLNqg7U+5NX6Z4ptggBuvc0ieb1/K5xnTD+5rJDYEH,5.6619720000000004,17.426579,10.931361
341700,a1r9IRN6Zrgwo194AsPW2IbLNqg7U+5NX6Z4ptggBuvc0ieb1/K5xnTD+5rJDYEH,1.166456,18.974769000000002,11.172062
342000,a1r9IRN6Zrgwo194AsPW2IbLNqg7U+5NX6Z4ptggBuvc0ieb1/K5xnTD+5rJDYEH,6.596811,19.348955,10.936492999999999
342300,a1r9IRN6Zrgwo194AsPW2IbLNqg7U+5NX6Z4ptggBuvc0ieb1/K5xnTD+5rJDYEH,7.071855,29.41315,11.760843
342600,a1r9IRN6Zrgwo194AsPW2IbLNqg7U+5NX6Z4ptggBuvc0ieb1/K5xnTD+5rJDYEH,4.824145,19.176559,9.610896
342900,a1r9IRN6Zrgwo194AsPW2IbLNqg7U+5NX6Z4ptggBuvc0ieb1/K5xnTD+5rJDYEH,7.3077369999999995,21.737659,12.74451
343200,a1r9IRN6Zrgwo194AsPW2IbLNqg7U+5NX6Z4ptggBuvc0ieb1/K5xnTD+5rJDYEH,3.511169,15.169095,7.071778
343500,a1r9IRN6Zrgwo194AsPW2IbLNqg7U+5NX6Z4ptggBuvc0ieb1/K5xnTD+5rJDYEH,4.570264,26.6839,10.947935000000001
343800,a1r9IRN6Zrgwo194AsPW2IbLNqg7U+5NX6Z4ptggBuvc0ieb1/K5xnTD+5rJDYEH,5.4739260000000005,26.625586,10.681369
344100,a1r9IRN6Zrgwo194AsPW2IbLNqg7U+5NX6Z4ptggBuvc0ieb1/K5xnTD+5rJDYEH,3.108343,11.059228,5.8219
344400,a1r9IRN6Zrgwo194AsPW2IbLNqg7U+5NX6Z4ptggBuvc0ieb1/K5xnTD+5rJDYEH,1.577122,13.835099,8.798853999999999
344700,a1r9IRN6Zrgwo194AsPW2IbLNqg7U+5NX6Z4ptggBuvc0ieb1/K5xnTD+5rJDYEH,5.101936,19.983435,10.210287
345000,a1r9IRN6Zrgwo194AsPW2IbLNqg7U+5NX6Z4ptggBuvc0ieb1/K5xnTD+5rJDYEH,4.047055,11.983771,6.516908
345300,a1r9IRN6Zrgwo194AsPW2IbLNqg7U+5NX6Z4ptggBuvc0ieb1/K5xnTD+5rJDYEH,2.371425,11.939591,5.807018
345600,a1r9IRN6Zrgwo194AsPW2IbLNqg7U+5NX6Z4ptggBuvc0ieb1/K5xnTD+5rJDYEH,3.3000550000000004,9.719188,5.9351199999999995
345900,a1r9IRN6Zrgwo194AsPW2IbLNqg7U+5NX6Z4ptggBuvc0ieb1/K5xnTD+5rJDYEH,3.425503,13.980325,7.401076
346200,a1r9IRN6Zrgwo194AsPW2IbLNqg7U+5NX6Z4ptggBuvc0ieb1/K5xnTD+5rJDYEH,2.936146,14.124812,7.616282000000001
346500,a1r9IRN6Zrgwo194AsPW2IbLNqg7U+5NX6Z4ptggBuvc0ieb1/K5xnTD+5rJDYEH,4.538323999999999,17.347571,10.091387
346800,a1r9IRN6Zrgwo194AsPW2IbLNqg7U+5NX6Z4ptggBuvc0ieb1/K5xnTD+5rJDYEH,2.399362,10.822538,5.196382
347100,a1r9IRN6Zrgwo194AsPW2IbLNqg7U+5NX6Z4ptggBuvc0ieb1/K5xnTD+5rJDYEH,0.603195,8.081873,4.417473
347400,a1r9IRN6Zrgwo194AsPW2IbLNqg7U+5NX6Z4ptggBuvc0ieb1/K5xnTD+5rJDYEH,3.990911,16.753391,6.830128
347700,a1r9IRN6Zrgwo194AsPW2IbLNqg7U+5NX6Z4ptggBuvc0ieb1/K5xnTD+5rJDYEH,4.4644010000000005,11.606766,7.038467
348000,a1r9IRN6Zrgwo194AsPW2IbLNqg7U+5NX6Z4ptggBuvc0ieb1/K5xnTD+5rJDYEH,3.052311,9.259858,5.996639
348300,a1r9IRN6Zrgwo194AsPW2IbLNqg7U+5NX6Z4ptggBuvc0ieb1/K5xnTD+5rJDYEH,5.728882,24.804101,9.346051
348600,a1r9IRN6Zrgwo194AsPW2IbLNqg7U+5NX6Z4ptggBuvc0ieb1/K5xnTD+5rJDYEH,4.575067,16.875357,10.560312
348900,a1r9IRN6Zrgwo194AsPW2IbLNqg7U+5NX6Z4ptggBuvc0ieb1/K5xnTD+5rJDYEH,2.0726139999999997,12.659034,5.578547
349200,a1r9IRN6Zrgwo194AsPW2IbLNqg7U+5NX6Z4ptggBuvc0ieb1/K5xnTD+5rJDYEH,1.521501,18.785308999999998,6.69723
349500,a1r9IRN6Zrgwo194AsPW2IbLNqg7U+5NX6Z4ptggBuvc0ieb1/K5xnTD+5rJDYEH,4.53336,14.520582000000001,8.048221
349800,a1r9IRN6Zrgwo194AsPW2IbLNqg7U+5NX6Z4ptggBuvc0ieb1/K5xnTD+5rJDYEH,1.5521969999999998,12.612091,6.70268
350100,a1r9IRN6Zrgwo194AsPW2IbLNqg7U+5NX6Z4ptggBuvc0ieb1/K5xnTD+5rJDYEH,4.948924,12.736527,8.686041000000001
350400,a1r9IRN6Zrgwo194AsPW2IbLNqg7U+5NX6Z4ptggBuvc0ieb1/K5xnTD+5rJDYEH,3.001601,9.679211,6.056654
350700,a1r9IRN6Zrgwo194AsPW2IbLNqg7U+5NX6Z4ptggBuvc0ieb1/K5xnTD+5rJDYEH,0.476351,11.435960000000001,7.7413
351000,a1r9IRN6Zrgwo194AsPW2IbLNqg7U+5NX6Z4ptggBuvc0ieb1/K5xnTD+5rJDYEH,5.667964,13.733258,8.742905
351300,a1r9IRN6Zrgwo194AsPW2IbLNqg7U+5NX6Z4ptggBuvc0ieb1/K5xnTD+5rJDYEH,3.6635199999999997,10.215233,6.232599
351600,a1r9IRN6Zrgwo194AsPW2IbLNqg7U+5NX6Z4ptggBuvc0ieb1/K5xnTD+5rJDYEH,3.1565090000000002,10.751908,5.380424
351900,a1r9IRN6Zrgwo194AsPW2IbLNqg7U+5NX6Z4ptggBuvc0ieb1/K5xnTD+5rJDYEH,2.040902,22.066651,8.32765
352200,a1r9IRN6Zrgwo194AsPW2IbLNqg7U+5NX6Z4ptggBuvc0ieb1/K5xnTD+5rJDYEH,5.767898000000001,12.63584,8.854208
352500,a1r9IRN6Zrgwo194AsPW2IbLNqg7U+5NX6Z4ptggBuvc0ieb1/K5xnTD+5rJDYEH,4.049451,23.367066,10.367299000000001
352800,a1r9IRN6Zrgwo194AsPW2IbLNqg7U+5NX6Z4ptggBuvc0ieb1/K5xnTD+5rJDYEH,1.064186,11.395634,6.84448
353100,a1r9IRN6Zrgwo194AsPW2IbLNqg7U+5NX6Z4ptggBuvc0ieb1/K5xnTD+5rJDYEH,5.517278,16.893107999999998,9.548712
353400,a1r9IRN6Zrgwo194AsPW2IbLNqg7U+5NX6Z4ptggBuvc0ieb1/K5xnTD+5rJDYEH,1.677097,11.836877000000001,6.040681
353700,a1r9IRN6Zrgwo194AsPW2IbLNqg7U+5NX6Z4ptggBuvc0ieb1/K5xnTD+5rJDYEH,3.7724589999999996,11.024425,5.806895
354000,a1r9IRN6Zrgwo194AsPW2IbLNqg7U+5NX6Z4ptggBuvc0ieb1/K5xnTD+5rJDYEH,0.724842,11.830229,7.194799000000001
354300,a1r9IRN6Zrgwo194AsPW2IbLNqg7U+5NX6Z4ptggBuvc0ieb1/K5xnTD+5rJDYEH,3.6867410000000005,14.832949,9.615250999999999
354600,a1r9IRN6Zrgwo194AsPW2IbLNqg7U+5NX6Z4ptggBuvc0ieb1/K5xnTD+5rJDYEH,3.051672,14.336685999999998,7.1236690000000005
354900,a1r9IRN6Zrgwo194AsPW2IbLNqg7U+5NX6Z4ptggBuvc0ieb1/K5xnTD+5rJDYEH,5.269923,14.776404000000001,9.186383
355200,a1r9IRN6Zrgwo194AsPW2IbLNqg7U+5NX6Z4ptggBuvc0ieb1/K5xnTD+5rJDYEH,3.414647,15.156095,8.568957000000001
355500,a1r9IRN6Zrgwo194AsPW2IbLNqg7U+5NX6Z4ptggBuvc0ieb1/K5xnTD+5rJDYEH,1.078648,16.590875,9.866306
355800,a1r9IRN6Zrgwo194AsPW2IbLNqg7U+5NX6Z4ptggBuvc0ieb1/K5xnTD+5rJDYEH,3.161635,11.651608999999999,6.272885
356100,a1r9IRN6Zrgwo194AsPW2IbLNqg7U+5NX6Z4ptggBuvc0ieb1/K5xnTD+5rJDYEH,3.241377,20.627833,7.428267999999999
356400,a1r9IRN6Zrgwo194AsPW2IbLNqg7U+5NX6Z4ptggBuvc0ieb1/K5xnTD+5rJDYEH,5.826238,20.916241,10.288385
356700,a1r9IRN6Zrgwo194AsPW2IbLNqg7U+5NX6Z4ptggBuvc0ieb1/K5xnTD+5rJDYEH,3.256786,20.734903,9.430207000000001
357000,a1r9IRN6Zrgwo194AsPW2IbLNqg7U+5NX6Z4ptggBuvc0ieb1/K5xnTD+5rJDYEH,3.13362,16.856278,8.370097
357300,a1r9IRN6Zrgwo194AsPW2IbLNqg7U+5NX6Z4ptggBuvc0ieb1/K5xnTD+5rJDYEH,6.606478,27.844357000000002,12.537778999999999
357600,a1r9IRN6Zrgwo194AsPW2IbLNqg7U+5NX6Z4ptggBuvc0ieb1/K5xnTD+5rJDYEH,7.8906089999999995,19.126611999999998,12.605844
357900,a1r9IRN6Zrgwo194AsPW2IbLNqg7U+5NX6Z4ptggBuvc0ieb1/K5xnTD+5rJDYEH,4.314237,24.222598,14.429453
358200,a1r9IRN6Zrgwo194AsPW2IbLNqg7U+5NX6Z4ptggBuvc0ieb1/K5xnTD+5rJDYEH,6.960441,35.762452,12.744753999999999
358500,a1r9IRN6Zrgwo194AsPW2IbLNqg7U+5NX6Z4ptggBuvc0ieb1/K5xnTD+5rJDYEH,4.726259,14.207835000000001,8.772046000000001
358800,a1r9IRN6Zrgwo194AsPW2IbLNqg7U+5NX6Z4ptggBuvc0ieb1/K5xnTD+5rJDYEH,5.28186,39.701206,12.191449
359100,a1r9IRN6Zrgwo194AsPW2IbLNqg7U+5NX6Z4ptggBuvc0ieb1/K5xnTD+5rJDYEH,3.507279,22.69106,8.458297
359400,a1r9IRN6Zrgwo194AsPW2IbLNqg7U+5NX6Z4ptggBuvc0ieb1/K5xnTD+5rJDYEH,4.051272,23.824693,8.282259
359700,a1r9IRN6Zrgwo194AsPW2IbLNqg7U+5NX6Z4ptggBuvc0ieb1/K5xnTD+5rJDYEH,5.531731,21.923551999999997,11.260296
360000,a1r9IRN6Zrgwo194AsPW2IbLNqg7U+5NX6Z4ptggBuvc0ieb1/K5xnTD+5rJDYEH,7.8166139999999995,29.693432,18.163836
360300,a1r9IRN6Zrgwo194AsPW2IbLNqg7U+5NX6Z4ptggBuvc0ieb1/K5xnTD+5rJDYEH,8.588082,23.40535,14.454101999999999
360600,a1r9IRN6Zrgwo194AsPW2IbLNqg7U+5NX6Z4ptggBuvc0ieb1/K5xnTD+5rJDYEH,2.947098,14.522607,7.957491
360900,a1r9IRN6Zrgwo194AsPW2IbLNqg7U+5NX6Z4ptggBuvc0ieb1/K5xnTD+5rJDYEH,4.852171,17.44083,9.349666000000001
361200,a1r9IRN6Zrgwo194AsPW2IbLNqg7U+5NX6Z4ptggBuvc0ieb1/K5xnTD+5rJDYEH,2.120579,14.25668,8.191053
361500,a1r9IRN6Zrgwo194AsPW2IbLNqg7U+5NX6Z4ptggBuvc0ieb1/K5xnTD+5rJDYEH,5.9917620000000005,19.500052,10.132295
361800,a1r9IRN6Zrgwo194AsPW2IbLNqg7U+5NX6Z4ptggBuvc0ieb1/K5xnTD+5rJDYEH,8.379395,24.484545,14.328189000000002
362100,a1r9IRN6Zrgwo194AsPW2IbLNqg7U+5NX6Z4ptggBuvc0ieb1/K5xnTD+5rJDYEH,5.708798000000001,21.232004999999997,12.339908
362400,a1r9IRN6Zrgwo194AsPW2IbLNqg7U+5NX6Z4ptggBuvc0ieb1/K5xnTD+5rJDYEH,6.521032,26.011705,12.302037
362700,a1r9IRN6Zrgwo194AsPW2IbLNqg7U+5NX6Z4ptggBuvc0ieb1/K5xnTD+5rJDYEH,7.990321000000001,25.598206,16.467023
363000,a1r9IRN6Zrgwo194AsPW2IbLNqg7U+5NX6Z4ptggBuvc0ieb1/K5xnTD+5rJDYEH,4.384599,19.953128,11.21083
363300,a1r9IRN6Zrgwo194AsPW2IbLNqg7U+5NX6Z4ptggBuvc0ieb1/K5xnTD+5rJDYEH,4.927139,24.708598000000002,10.271355
363600,a1r9IRN6Zrgwo194AsPW2IbLNqg7U+5NX6Z4ptggBuvc0ieb1/K5xnTD+5rJDYEH,8.399086,25.434562,16.201709
363900,a1r9IRN6Zrgwo194AsPW2IbLNqg7U+5NX6Z4ptggBuvc0ieb1/K5xnTD+5rJDYEH,11.462639,40.903923999999996,26.382625
364200,a1r9IRN6Zrgwo194AsPW2IbLNqg7U+5NX6Z4ptggBuvc0ieb1/K5xnTD+5rJDYEH,11.743685000000001,39.756831,19.771098000000002
364500,a1r9IRN6Zrgwo194AsPW2IbLNqg7U+5NX6Z4ptggBuvc0ieb1/K5xnTD+5rJDYEH,11.310746,32.178998,21.675667
364800,a1r9IRN6Zrgwo194AsPW2IbLNqg7U+5NX6Z4ptggBuvc0ieb1/K5xnTD+5rJDYEH,9.260480000000001,38.216319,23.545391
365100,a1r9IRN6Zrgwo194AsPW2IbLNqg7U+5NX6Z4ptggBuvc0ieb1/K5xnTD+5rJDYEH,4.977912,22.542903,11.962457
365400,a1r9IRN6Zrgwo194AsPW2IbLNqg7U+5NX6Z4ptggBuvc0ieb1/K5xnTD+5rJDYEH,5.566955999999999,26.03377,15.356062
365700,a1r9IRN6Zrgwo194AsPW2IbLNqg7U+5NX6Z4ptggBuvc0ieb1/K5xnTD+5rJDYEH,4.223262999999999,17.653817,10.19713
366000,a1r9IRN6Zrgwo194AsPW2IbLNqg7U+5NX6Z4ptggBuvc0ieb1/K5xnTD+5rJDYEH,11.92658,36.578533,21.380531
366300,a1r9IRN6Zrgwo194AsPW2IbLNqg7U+5NX6Z4ptggBuvc0ieb1/K5xnTD+5rJDYEH,8.616612,30.581919,18.52122
366600,a1r9IRN6Zrgwo194AsPW2IbLNqg7U+5NX6Z4ptggBuvc0ieb1/K5xnTD+5rJDYEH,2.552449,31.077036,15.02646
366900,a1r9IRN6Zrgwo194AsPW2IbLNqg7U+5NX6Z4ptggBuvc0ieb1/K5xnTD+5rJDYEH,14.862101000000001,40.818315000000005,28.565129
367200,a1r9IRN6Zrgwo194AsPW2IbLNqg7U+5NX6Z4ptggBuvc0ieb1/K5xnTD+5rJDYEH,8.875029,21.236655,14.734235
367500,a1r9IRN6Zrgwo194AsPW2IbLNqg7U+5NX6Z4ptggBuvc0ieb1/K5xnTD+5rJDYEH,3.4683260000000002,30.144795000000002,18.165817
367800,a1r9IRN6Zrgwo194AsPW2IbLNqg7U+5NX6Z4ptggBuvc0ieb1/K5xnTD+5rJDYEH,11.211464,32.650903,20.956142
368100,a1r9IRN6Zrgwo194AsPW2IbLNqg7U+5NX6Z4ptggBuvc0ieb1/K5xnTD+5rJDYEH,12.273591,30.516506,20.143129000000002
368400,a1r9IRN6Zrgwo194AsPW2IbLNqg7U+5NX6Z4ptggBuvc0ieb1/K5xnTD+5rJDYEH,17.066117000000002,43.059785,31.998288
368700,a1r9IRN6Zrgwo194AsPW2IbLNqg7U+5NX6Z4ptggBuvc0ieb1/K5xnTD+5rJDYEH,11.283424,39.061116,25.717256
369000,a1r9IRN6Zrgwo194AsPW2IbLNqg7U+5NX6Z4ptggBuvc0ieb1/K5xnTD+5rJDYEH,11.951221,28.165373,17.419721
369300,a1r9IRN6Zrgwo194AsPW2IbLNqg7U+5NX6Z4ptggBuvc0ieb1/K5xnTD+5rJDYEH,10.556689,33.275203999999995,23.152679
369600,a1r9IRN6Zrgwo194AsPW2IbLNqg7U+5NX6Z4ptggBuvc0ieb1/K5xnTD+5rJDYEH,12.459154,37.374935,21.734013
369900,a1r9IRN6Zrgwo194AsPW2IbLNqg7U+5NX6Z4ptggBuvc0ieb1/K5xnTD+5rJDYEH,15.74114,29.525378000000003,23.112379999999998
370200,a1r9IRN6Zrgwo194AsPW2IbLNqg7U+5NX6Z4ptggBuvc0ieb1/K5xnTD+5rJDYEH,16.884202,39.345319,26.265533
370500,a1r9IRN6Zrgwo194AsPW2IbLNqg7U+5NX6Z4ptggBuvc0ieb1/K5xnTD+5rJDYEH,14.336066,41.792417,26.960276
370800,a1r9IRN6Zrgwo194AsPW2IbLNqg7U+5NX6Z4ptggBuvc0ieb1/K5xnTD+5rJDYEH,14.24975,46.377538,31.382111
371100,a1r9IRN6Zrgwo194AsPW2IbLNqg7U+5NX6Z4ptggBuvc0ieb1/K5xnTD+5rJDYEH,8.408605,42.255897999999995,25.951715
371400,a1r9IRN6Zrgwo194AsPW2IbLNqg7U+5NX6Z4ptggBuvc0ieb1/K5xnTD+5rJDYEH,5.5243150000000005,37.831453,14.294642999999999
371700,a1r9IRN6Zrgwo194AsPW2IbLNqg7U+5NX6Z4ptggBuvc0ieb1/K5xnTD+5rJDYEH,16.17764,46.723161,33.545719
372000,a1r9IRN6Zrgwo194AsPW2IbLNqg7U+5NX6Z4ptggBuvc0ieb1/K5xnTD+5rJDYEH,24.355591,43.54909,33.128685
372300,a1r9IRN6Zrgwo194AsPW2IbLNqg7U+5NX6Z4ptggBuvc0ieb1/K5xnTD+5rJDYEH,14.875363,32.08083,21.702842999999998
372600,a1r9IRN6Zrgwo194AsPW2IbLNqg7U+5NX6Z4ptggBuvc0ieb1/K5xnTD+5rJDYEH,12.031566,21.908017,16.837969
372900,a1r9IRN6Zrgwo194AsPW2IbLNqg7U+5NX6Z4ptggBuvc0ieb1/K5xnTD+5rJDYEH,12.660895,35.535715,23.963193
373200,a1r9IRN6Zrgwo194AsPW2IbLNqg7U+5NX6Z4ptggBuvc0ieb1/K5xnTD+5rJDYEH,28.269039000000003,43.49941,34.706099
373500,a1r9IRN6Zrgwo194AsPW2IbLNqg7U+5NX6Z4ptggBuvc0ieb1/K5xnTD+5rJDYEH,24.043789,45.656459000000005,34.383043
373800,a1r9IRN6Zrgwo194AsPW2IbLNqg7U+5NX6Z4ptggBuvc0ieb1/K5xnTD+5rJDYEH,22.013915,39.079102,30.183176
374100,a1r9IRN6Zrgwo194AsPW2IbLNqg7U+5NX6Z4ptggBuvc0ieb1/K5xnTD+5rJDYEH,13.230282,27.500792999999998,20.136337
374400,a1r9IRN6Zrgwo194AsPW2IbLNqg7U+5NX6Z4ptggBuvc0ieb1/K5xnTD+5rJDYEH,19.018651000000002,39.821988,30.403353999999997
374700,a1r9IRN6Zrgwo194AsPW2IbLNqg7U+5NX6Z4ptggBuvc0ieb1/K5xnTD+5rJDYEH,11.059661,40.516777000000005,23.950196
375000,a1r9IRN6Zrgwo194AsPW2IbLNqg7U+5NX6Z4ptggBuvc0ieb1/K5xnTD+5rJDYEH,18.000382000000002,50.46287,27.103033
375300,a1r9IRN6Zrgwo194AsPW2IbLNqg7U+5NX6Z4ptggBuvc0ieb1/K5xnTD+5rJDYEH,6.494206,26.747989,15.469139000000002
375600,a1r9IRN6Zrgwo194AsPW2IbLNqg7U+5NX6Z4ptggBuvc0ieb1/K5xnTD+5rJDYEH,11.10835,36.872626000000004,20.390872
375900,a1r9IRN6Zrgwo194AsPW2IbLNqg7U+5NX6Z4ptggBuvc0ieb1/K5xnTD+5rJDYEH,5.757866,23.116488,12.881739999999999
376200,a1r9IRN6Zrgwo194AsPW2IbLNqg7U+5NX6Z4ptggBuvc0ieb1/K5xnTD+5rJDYEH,9.018609,37.446822,18.688518
376500,a1r9IRN6Zrgwo194AsPW2IbLNqg7U+5NX6Z4ptggBuvc0ieb1/K5xnTD+5rJDYEH,17.150972,38.418378999999995,25.598873
376800,a1r9IRN6Zrgwo194AsPW2IbLNqg7U+5NX6Z4ptggBuvc0ieb1/K5xnTD+5rJDYEH,8.755096,51.946977000000004,22.182668
377100,a1r9IRN6Zrgwo194AsPW2IbLNqg7U+5NX6Z4ptggBuvc0ieb1/K5xnTD+5rJDYEH,8.800151,43.80064,22.906036999999998
377400,a1r9IRN6Zrgwo194AsPW2IbLNqg7U+5NX6Z4ptggBuvc0ieb1/K5xnTD+5rJDYEH,2.763675,20.038295,11.68614
377700,a1r9IRN6Zrgwo194AsPW2IbLNqg7U+5NX6Z4ptggBuvc0ieb1/K5xnTD+5rJDYEH,9.980522,25.181631,15.786169000000001
378000,a1r9IRN6Zrgwo194AsPW2IbLNqg7U+5NX6Z4ptggBuvc0ieb1/K5xnTD+5rJDYEH,11.16152,40.240632,27.308116
378300,a1r9IRN6Zrgwo194AsPW2IbLNqg7U+5NX6Z4ptggBuvc0ieb1/K5xnTD+5rJDYEH,8.623375999999999,36.420035999999996,21.553835
378600,a1r9IRN6Zrgwo194AsPW2IbLNqg7U+5NX6Z4ptggBuvc0ieb1/K5xnTD+5rJDYEH,22.8024,42.33871,30.412106
378900,a1r9IRN6Zrgwo194AsPW2IbLNqg7U+5NX6Z4ptggBuvc0ieb1/K5xnTD+5rJDYEH,13.67462,35.935208,23.074157
379200,a1r9IRN6Zrgwo194AsPW2IbLNqg7U+5NX6Z4ptggBuvc0ieb1/K5xnTD+5rJDYEH,9.73156,32.189536,19.617070000000002
379500,a1r9IRN6Zrgwo194AsPW2IbLNqg7U+5NX6Z4ptggBuvc0ieb1/K5xnTD+5rJDYEH,21.102425,51.763975,34.099294
379800,a1r9IRN6Zrgwo194AsPW2IbLNqg7U+5NX6Z4ptggBuvc0ieb1/K5xnTD+5rJDYEH,28.356895,52.291896,38.659777000000005
380100,a1r9IRN6Zrgwo194AsPW2IbLNqg7U+5NX6Z4ptggBuvc0ieb1/K5xnTD+5rJDYEH,14.732044,45.536111,30.127592
380400,a1r9IRN6Zrgwo194AsPW2IbLNqg7U+5NX6Z4ptggBuvc0ieb1/K5xnTD+5rJDYEH,10.054322,29.168332,18.985745
380700,a1r9IRN6Zrgwo194AsPW2IbLNqg7U+5NX6Z4ptggBuvc0ieb1/K5xnTD+5rJDYEH,9.370042,24.770456,14.887279000000001
381000,a1r9IRN6Zrgwo194AsPW2IbLNqg7U+5NX6Z4ptggBuvc0ieb1/K5xnTD+5rJDYEH,8.790472,36.955117,16.363456
381300,a1r9IRN6Zrgwo194AsPW2IbLNqg7U+5NX6Z4ptggBuvc0ieb1/K5xnTD+5rJDYEH,10.836044000000001,45.311669,24.19497
381600,a1r9IRN6Zrgwo194AsPW2IbLNqg7U+5NX6Z4ptggBuvc0ieb1/K5xnTD+5rJDYEH,26.771461,62.093262,42.22317
381900,a1r9IRN6Zrgwo194AsPW2IbLNqg7U+5NX6Z4ptggBuvc0ieb1/K5xnTD+5rJDYEH,20.498954,37.817126,28.116535
382200,a1r9IRN6Zrgwo194AsPW2IbLNqg7U+5NX6Z4ptggBuvc0ieb1/K5xnTD+5rJDYEH,14.949679000000001,46.60691,30.210708
382500,a1r9IRN6Zrgwo194AsPW2IbLNqg7U+5NX6Z4ptggBuvc0ieb1/K5xnTD+5rJDYEH,12.098653,33.661515,22.342082
382800,a1r9IRN6Zrgwo194AsPW2IbLNqg7U+5NX6Z4ptggBuvc0ieb1/K5xnTD+5rJDYEH,12.799082,39.629353,27.368264
383100,a1r9IRN6Zrgwo194AsPW2IbLNqg7U+5NX6Z4ptggBuvc0ieb1/K5xnTD+5rJDYEH,13.475694,36.065472,27.195224
383400,a1r9IRN6Zrgwo194AsPW2IbLNqg7U+5NX6Z4ptggBuvc0ieb1/K5xnTD+5rJDYEH,11.044763,33.310994,21.13934
383700,a1r9IRN6Zrgwo194AsPW2IbLNqg7U+5NX6Z4ptggBuvc0ieb1/K5xnTD+5rJDYEH,2.202097,16.645905,9.137619
384000,a1r9IRN6Zrgwo194AsPW2IbLNqg7U+5NX6Z4ptggBuvc0ieb1/K5xnTD+5rJDYEH,11.314722,35.384316,25.086135000000002
384300,a1r9IRN6Zrgwo194AsPW2IbLNqg7U+5NX6Z4ptggBuvc0ieb1/K5xnTD+5rJDYEH,9.384210000000001,39.273292,22.442322
384600,a1r9IRN6Zrgwo194AsPW2IbLNqg7U+5NX6Z4ptggBuvc0ieb1/K5xnTD+5rJDYEH,21.868952,45.745871,30.722896000000002
384900,a1r9IRN6Zrgwo194AsPW2IbLNqg7U+5NX6Z4ptggBuvc0ieb1/K5xnTD+5rJDYEH,13.881027,46.925098,31.063829
385200,a1r9IRN6Zrgwo194AsPW2IbLNqg7U+5NX6Z4ptggBuvc0ieb1/K5xnTD+5rJDYEH,19.588294,40.491413,28.760348999999998
385500,a1r9IRN6Zrgwo194AsPW2IbLNqg7U+5NX6Z4ptggBuvc0ieb1/K5xnTD+5rJDYEH,18.906782,43.14548,28.474359000000003
385800,a1r9IRN6Zrgwo194AsPW2IbLNqg7U+5NX6Z4ptggBuvc0ieb1/K5xnTD+5rJDYEH,10.484755999999999,39.942099,21.663063
386100,a1r9IRN6Zrgwo194AsPW2IbLNqg7U+5NX6Z4ptggBuvc0ieb1/K5xnTD+5rJDYEH,21.510426000000002,48.899448,34.857115
386400,a1r9IRN6Zrgwo194AsPW2IbLNqg7U+5NX6Z4ptggBuvc0ieb1/K5xnTD+5rJDYEH,9.474925,35.29141,21.742457
386700,a1r9IRN6Zrgwo194AsPW2IbLNqg7U+5NX6Z4ptggBuvc0ieb1/K5xnTD+5rJDYEH,26.523984000000002,39.461195000000004,33.412925
387000,a1r9IRN6Zrgwo194AsPW2IbLNqg7U+5NX6Z4ptggBuvc0ieb1/K5xnTD+5rJDYEH,3.790256,39.586845000000004,22.754360000000002
387300,a1r9IRN6Zrgwo194AsPW2IbLNqg7U+5NX6Z4ptggBuvc0ieb1/K5xnTD+5rJDYEH,14.794004999999999,31.352331,22.036043
387600,a1r9IRN6Zrgwo194AsPW2IbLNqg7U+5NX6Z4ptggBuvc0ieb1/K5xnTD+5rJDYEH,12.304746000000002,44.279702,22.965453
387900,a1r9IRN6Zrgwo194AsPW2IbLNqg7U+5NX6Z4ptggBuvc0ieb1/K5xnTD+5rJDYEH,32.492287,49.503251,41.231358
388200,a1r9IRN6Zrgwo194AsPW2IbLNqg7U+5NX6Z4ptggBuvc0ieb1/K5xnTD+5rJDYEH,21.672595,56.242212,33.422090000000004
388500,a1r9IRN6Zrgwo194AsPW2IbLNqg7U+5NX6Z4ptggBuvc0ieb1/K5xnTD+5rJDYEH,17.10267,38.003174,29.572853000000002
388800,a1r9IRN6Zrgwo194AsPW2IbLNqg7U+5NX6Z4ptggBuvc0ieb1/K5xnTD+5rJDYEH,19.616922,38.568933,29.264749
389100,a1r9IRN6Zrgwo194AsPW2IbLNqg7U+5NX6Z4ptggBuvc0ieb1/K5xnTD+5rJDYEH,8.970424000000001,29.15907,21.561667
389400,a1r9IRN6Zrgwo194AsPW2IbLNqg7U+5NX6Z4ptggBuvc0ieb1/K5xnTD+5rJDYEH,17.259121,41.224712,28.603412
389700,a1r9IRN6Zrgwo194AsPW2IbLNqg7U+5NX6Z4ptggBuvc0ieb1/K5xnTD+5rJDYEH,6.846918,36.378366,24.395225
390000,a1r9IRN6Zrgwo194AsPW2IbLNqg7U+5NX6Z4ptggBuvc0ieb1/K5xnTD+5rJDYEH,17.052964000000003,39.188877000000005,27.961099
390300,a1r9IRN6Zrgwo194AsPW2IbLNqg7U+5NX6Z4ptggBuvc0ieb1/K5xnTD+5rJDYEH,10.958917999999999,47.208479,23.774592000000002
390600,a1r9IRN6Zrgwo194AsPW2IbLNqg7U+5NX6Z4ptggBuvc0ieb1/K5xnTD+5rJDYEH,21.853376,34.797247999999996,27.324590999999998
390900,a1r9IRN6Zrgwo194AsPW2IbLNqg7U+5NX6Z4ptggBuvc0ieb1/K5xnTD+5rJDYEH,16.913805,41.700140999999995,27.204729999999998
391200,a1r9IRN6Zrgwo194AsPW2IbLNqg7U+5NX6Z4ptggBuvc0ieb1/K5xnTD+5rJDYEH,9.670917999999999,39.688339,29.091539
391500,a1r9IRN6Zrgwo194AsPW2IbLNqg7U+5NX6Z4ptggBuvc0ieb1/K5xnTD+5rJDYEH,6.604452,28.686557,15.751301000000002
391800,a1r9IRN6Zrgwo194AsPW2IbLNqg7U+5NX6Z4ptggBuvc0ieb1/K5xnTD+5rJDYEH,25.011534,42.418464,33.25574
392100,a1r9IRN6Zrgwo194AsPW2IbLNqg7U+5NX6Z4ptggBuvc0ieb1/K5xnTD+5rJDYEH,20.03934,40.440663,29.503709000000004
392400,a1r9IRN6Zrgwo194AsPW2IbLNqg7U+5NX6Z4ptggBuvc0ieb1/K5xnTD+5rJDYEH,11.967275,35.207161,22.149522
392700,a1r9IRN6Zrgwo194AsPW2IbLNqg7U+5NX6Z4ptggBuvc0ieb1/K5xnTD+5rJDYEH,18.528754,39.595411999999996,28.404803
393000,a1r9IRN6Zrgwo194AsPW2IbLNqg7U+5NX6Z4ptggBuvc0ieb1/K5xnTD+5rJDYEH,9.964269999999999,28.7121,19.812271
393300,a1r9IRN6Zrgwo194AsPW2IbLNqg7U+5NX6Z4ptggBuvc0ieb1/K5xnTD+5rJDYEH,19.17192,33.274852,26.048262
393600,a1r9IRN6Zrgwo194AsPW2IbLNqg7U+5NX6Z4ptggBuvc0ieb1/K5xnTD+5rJDYEH,13.930378,32.300284000000005,21.92015
393900,a1r9IRN6Zrgwo194AsPW2IbLNqg7U+5NX6Z4ptggBuvc0ieb1/K5xnTD+5rJDYEH,19.15061,35.70427,25.957353
394200,a1r9IRN6Zrgwo194AsPW2IbLNqg7U+5NX6Z4ptggBuvc0ieb1/K5xnTD+5rJDYEH,22.788185000000002,59.12074200000001,38.534746000000005
394500,a1r9IRN6Zrgwo194AsPW2IbLNqg7U+5NX6Z4ptggBuvc0ieb1/K5xnTD+5rJDYEH,10.353137,43.894853999999995,28.5237
394800,a1r9IRN6Zrgwo194AsPW2IbLNqg7U+5NX6Z4ptggBuvc0ieb1/K5xnTD+5rJDYEH,10.702442,31.743007000000002,20.102126000000002
395100,a1r9IRN6Zrgwo194AsPW2IbLNqg7U+5NX6Z4ptggBuvc0ieb1/K5xnTD+5rJDYEH,13.518749,45.09089,27.689519
395400,a1r9IRN6Zrgwo194AsPW2IbLNqg7U+5NX6Z4ptggBuvc0ieb1/K5xnTD+5rJDYEH,18.113719,42.080543,28.926156
395700,a1r9IRN6Zrgwo194AsPW2IbLNqg7U+5NX6Z4ptggBuvc0ieb1/K5xnTD+5rJDYEH,12.696427,39.997861,24.393371
396000,a1r9IRN6Zrgwo194AsPW2IbLNqg7U+5NX6Z4ptggBuvc0ieb1/K5xnTD+5rJDYEH,10.321852999999999,33.444379,22.059957999999998
396300,a1r9IRN6Zrgwo194AsPW2IbLNqg7U+5NX6Z4ptggBuvc0ieb1/K5xnTD+5rJDYEH,13.918795999999999,36.205227,24.34486
396600,a1r9IRN6Zrgwo194AsPW2IbLNqg7U+5NX6Z4ptggBuvc0ieb1/K5xnTD+5rJDYEH,15.768241,52.346971999999994,32.180777
396900,a1r9IRN6Zrgwo194AsPW2IbLNqg7U+5NX6Z4ptggBuvc0ieb1/K5xnTD+5rJDYEH,19.801865,40.670363,30.138686
397200,a1r9IRN6Zrgwo194AsPW2IbLNqg7U+5NX6Z4ptggBuvc0ieb1/K5xnTD+5rJDYEH,17.568419,44.772022,31.861846000000003
397500,a1r9IRN6Zrgwo194AsPW2IbLNqg7U+5NX6Z4ptggBuvc0ieb1/K5xnTD+5rJDYEH,27.452706,51.365384999999996,37.120062
397800,a1r9IRN6Zrgwo194AsPW2IbLNqg7U+5NX6Z4ptggBuvc0ieb1/K5xnTD+5rJDYEH,14.427999999999999,41.238455,28.197244
398100,a1r9IRN6Zrgwo194AsPW2IbLNqg7U+5NX6Z4ptggBuvc0ieb1/K5xnTD+5rJDYEH,19.605863,45.559508,31.004908
398400,a1r9IRN6Zrgwo194AsPW2IbLNqg7U+5NX6Z4ptggBuvc0ieb1/K5xnTD+5rJDYEH,13.778347,41.906731,21.508516
398700,a1r9IRN6Zrgwo194AsPW2IbLNqg7U+5NX6Z4ptggBuvc0ieb1/K5xnTD+5rJDYEH,11.49075,31.817756,20.64882
399000,a1r9IRN6Zrgwo194AsPW2IbLNqg7U+5NX6Z4ptggBuvc0ieb1/K5xnTD+5rJDYEH,14.354486999999999,44.713048,29.399855
399300,a1r9IRN6Zrgwo194AsPW2IbLNqg7U+5NX6Z4ptggBuvc0ieb1/K5xnTD+5rJDYEH,18.770595999999998,51.61336,33.846702
399600,a1r9IRN6Zrgwo194AsPW2IbLNqg7U+5NX6Z4ptggBuvc0ieb1/K5xnTD+5rJDYEH,21.006653,45.405244,30.441367
399900,a1r9IRN6Zrgwo194AsPW2IbLNqg7U+5NX6Z4ptggBuvc0ieb1/K5xnTD+5rJDYEH,20.669710000000002,57.209584,35.955524
400200,a1r9IRN6Zrgwo194AsPW2IbLNqg7U+5NX6Z4ptggBuvc0ieb1/K5xnTD+5rJDYEH,34.571163,62.85775,47.352515000000004
400500,a1r9IRN6Zrgwo194AsPW2IbLNqg7U+5NX6Z4ptggBuvc0ieb1/K5xnTD+5rJDYEH,9.566796,37.128165,23.53675
400800,a1r9IRN6Zrgwo194AsPW2IbLNqg7U+5NX6Z4ptggBuvc0ieb1/K5xnTD+5rJDYEH,19.349513,38.707330999999996,29.957234000000003
401100,a1r9IRN6Zrgwo194AsPW2IbLNqg7U+5NX6Z4ptggBuvc0ieb1/K5xnTD+5rJDYEH,22.226411,44.445522,31.433179
401400,a1r9IRN6Zrgwo194AsPW2IbLNqg7U+5NX6Z4ptggBuvc0ieb1/K5xnTD+5rJDYEH,24.720607,48.432578,37.135843
401700,a1r9IRN6Zrgwo194AsPW2IbLNqg7U+5NX6Z4ptggBuvc0ieb1/K5xnTD+5rJDYEH,26.207092000000003,56.839971999999996,41.08579
402000,a1r9IRN6Zrgwo194AsPW2IbLNqg7U+5NX6Z4ptggBuvc0ieb1/K5xnTD+5rJDYEH,15.322868,41.734790000000004,28.292514
402300,a1r9IRN6Zrgwo194AsPW2IbLNqg7U+5NX6Z4ptggBuvc0ieb1/K5xnTD+5rJDYEH,11.743273,32.754397999999995,24.840168
402600,a1r9IRN6Zrgwo194AsPW2IbLNqg7U+5NX6Z4ptggBuvc0ieb1/K5xnTD+5rJDYEH,15.044338,44.490943,30.851076000000003
402900,a1r9IRN6Zrgwo194AsPW2IbLNqg7U+5NX6Z4ptggBuvc0ieb1/K5xnTD+5rJDYEH,18.306712,42.069629,29.711149
403200,a1r9IRN6Zrgwo194AsPW2IbLNqg7U+5NX6Z4ptggBuvc0ieb1/K5xnTD+5rJDYEH,8.448315,35.231539,23.194556
403500,a1r9IRN6Zrgwo194AsPW2IbLNqg7U+5NX6Z4ptggBuvc0ieb1/K5xnTD+5rJDYEH,20.431435,51.190274,31.745345
403800,a1r9IRN6Zrgwo194AsPW2IbLNqg7U+5NX6Z4ptggBuvc0ieb1/K5xnTD+5rJDYEH,13.966218,29.170744,20.878065
404100,a1r9IRN6Zrgwo194AsPW2IbLNqg7U+5NX6Z4ptggBuvc0ieb1/K5xnTD+5rJDYEH,10.432358,32.904295,21.020402999999998
404400,a1r9IRN6Zrgwo194AsPW2IbLNqg7U+5NX6Z4ptggBuvc0ieb1/K5xnTD+5rJDYEH,6.734233000000001,43.952053,26.019369
404700,a1r9IRN6Zrgwo194AsPW2IbLNqg7U+5NX6Z4ptggBuvc0ieb1/K5xnTD+5rJDYEH,28.009818,59.038588,38.590928999999996
405000,a1r9IRN6Zrgwo194AsPW2IbLNqg7U+5NX6Z4ptggBuvc0ieb1/K5xnTD+5rJDYEH,39.345727000000004,72.318697,58.284318000000006
405300,a1r9IRN6Zrgwo194AsPW2IbLNqg7U+5NX6Z4ptggBuvc0ieb1/K5xnTD+5rJDYEH,14.274446,40.397019,29.318329
405600,a1r9IRN6Zrgwo194AsPW2IbLNqg7U+5NX6Z4ptggBuvc0ieb1/K5xnTD+5rJDYEH,14.554279999999999,40.979652,27.564045
405900,a1r9IRN6Zrgwo194AsPW2IbLNqg7U+5NX6Z4ptggBuvc0ieb1/K5xnTD+5rJDYEH,16.951731,52.064368,32.669754
406200,a1r9IRN6Zrgwo194AsPW2IbLNqg7U+5NX6Z4ptggBuvc0ieb1/K5xnTD+5rJDYEH,27.329727000000002,54.019829,42.069096
406500,a1r9IRN6Zrgwo194AsPW2IbLNqg7U+5NX6Z4ptggBuvc0ieb1/K5xnTD+5rJDYEH,23.561535,44.899495,34.447675
406800,a1r9IRN6Zrgwo194AsPW2IbLNqg7U+5NX6Z4ptggBuvc0ieb1/K5xnTD+5rJDYEH,41.374654,73.551304,54.493675
407100,a1r9IRN6Zrgwo194AsPW2IbLNqg7U+5NX6Z4ptggBuvc0ieb1/K5xnTD+5rJDYEH,27.097865999999996,57.107937,42.025215
407400,a1r9IRN6Zrgwo194AsPW2IbLNqg7U+5NX6Z4ptggBuvc0ieb1/K5xnTD+5rJDYEH,19.28075,35.939778999999994,26.026872
407700,a1r9IRN6Zrgwo194AsPW2IbLNqg7U+5NX6Z4ptggBuvc0ieb1/K5xnTD+5rJDYEH,8.458451,35.73471,20.912698000000002
408000,a1r9IRN6Zrgwo194AsPW2IbLNqg7U+5NX6Z4ptggBuvc0ieb1/K5xnTD+5rJDYEH,19.916973000000002,52.354673,40.357946000000005
408300,a1r9IRN6Zrgwo194AsPW2IbLNqg7U+5NX6Z4ptggBuvc0ieb1/K5xnTD+5rJDYEH,15.875673999999998,40.173646000000005,25.652084
408600,a1r9IRN6Zrgwo194AsPW2IbLNqg7U+5NX6Z4ptggBuvc0ieb1/K5xnTD+5rJDYEH,26.562440999999996,44.793675,34.098652
408900,a1r9IRN6Zrgwo194AsPW2IbLNqg7U+5NX6Z4ptggBuvc0ieb1/K5xnTD+5rJDYEH,29.181884999999998,46.287732,35.71028
409200,a1r9IRN6Zrgwo194AsPW2IbLNqg7U+5NX6Z4ptggBuvc0ieb1/K5xnTD+5rJDYEH,14.175866000000001,58.56866899999999,29.659765999999998
409500,a1r9IRN6Zrgwo194AsPW2IbLNqg7U+5NX6Z4ptggBuvc0ieb1/K5xnTD+5rJDYEH,21.983304,63.797263,46.932437
409800,a1r9IRN6Zrgwo194AsPW2IbLNqg7U+5NX6Z4ptggBuvc0ieb1/K5xnTD+5rJDYEH,15.222802,41.582473,28.604824
410100,a1r9IRN6Zrgwo194AsPW2IbLNqg7U+5NX6Z4ptggBuvc0ieb1/K5xnTD+5rJDYEH,28.796566,50.990635,39.425338
410400,a1r9IRN6Zrgwo194AsPW2IbLNqg7U+5NX6Z4ptggBuvc0ieb1/K5xnTD+5rJDYEH,19.41072,37.6547,27.82357
410700,a1r9IRN6Zrgwo194AsPW2IbLNqg7U+5NX6Z4ptggBuvc0ieb1/K5xnTD+5rJDYEH,29.814565999999996,63.201693999999996,40.315494
411000,a1r9IRN6Zrgwo194AsPW2IbLNqg7U+5NX6Z4ptggBuvc0ieb1/K5xnTD+5rJDYEH,27.347878,56.375125,37.736872
411300,a1r9IRN6Zrgwo194AsPW2IbLNqg7U+5NX6Z4ptggBuvc0ieb1/K5xnTD+5rJDYEH,15.611149,42.272253000000006,31.247238
411600,a1r9IRN6Zrgwo194AsPW2IbLNqg7U+5NX6Z4ptggBuvc0ieb1/K5xnTD+5rJDYEH,26.935616999999997,53.072706000000004,36.353285
411900,a1r9IRN6Zrgwo194AsPW2IbLNqg7U+5NX6Z4ptggBuvc0ieb1/K5xnTD+5rJDYEH,17.939318,43.887192,33.05121
412200,a1r9IRN6Zrgwo194AsPW2IbLNqg7U+5NX6Z4ptggBuvc0ieb1/K5xnTD+5rJDYEH,11.216447,38.672815,19.702277
412500,a1r9IRN6Zrgwo194AsPW2IbLNqg7U+5NX6Z4ptggBuvc0ieb1/K5xnTD+5rJDYEH,23.350894,45.927469,34.251515999999995
412800,a1r9IRN6Zrgwo194AsPW2IbLNqg7U+5NX6Z4ptggBuvc0ieb1/K5xnTD+5rJDYEH,33.835951,52.516208999999996,42.461082
413100,a1r9IRN6Zrgwo194AsPW2IbLNqg7U+5NX6Z4ptggBuvc0ieb1/K5xnTD+5rJDYEH,18.247373,48.675187,31.956697
413400,a1r9IRN6Zrgwo194AsPW2IbLNqg7U+5NX6Z4ptggBuvc0ieb1/K5xnTD+5rJDYEH,8.410744000000001,43.271828,24.400535
413700,a1r9IRN6Zrgwo194AsPW2IbLNqg7U+5NX6Z4ptggBuvc0ieb1/K5xnTD+5rJDYEH,12.646839,33.89533,21.818856
414000,a1r9IRN6Zrgwo194AsPW2IbLNqg7U+5NX6Z4ptggBuvc0ieb1/K5xnTD+5rJDYEH,16.975693,41.060228,24.970085
414300,a1r9IRN6Zrgwo194AsPW2IbLNqg7U+5NX6Z4ptggBuvc0ieb1/K5xnTD+5rJDYEH,12.073017,35.407967,23.631836
414600,a1r9IRN6Zrgwo194AsPW2IbLNqg7U+5NX6Z4ptggBuvc0ieb1/K5xnTD+5rJDYEH,7.944647,27.638663,18.510995
414900,a1r9IRN6Zrgwo194AsPW2IbLNqg7U+5NX6Z4ptggBuvc0ieb1/K5xnTD+5rJDYEH,14.404096,21.870204,18.054713
415200,a1r9IRN6Zrgwo194AsPW2IbLNqg7U+5NX6Z4ptggBuvc0ieb1/K5xnTD+5rJDYEH,9.136961999999999,27.844466999999998,21.520345000000002
415500,a1r9IRN6Zrgwo194AsPW2IbLNqg7U+5NX6Z4ptggBuvc0ieb1/K5xnTD+5rJDYEH,12.622689999999999,39.214611,18.432167
415800,a1r9IRN6Zrgwo194AsPW2IbLNqg7U+5NX6Z4ptggBuvc0ieb1/K5xnTD+5rJDYEH,19.067262,32.144951,25.106784
416100,a1r9IRN6Zrgwo194AsPW2IbLNqg7U+5NX6Z4ptggBuvc0ieb1/K5xnTD+5rJDYEH,11.141942,42.077022,24.862612
416400,a1r9IRN6Zrgwo194AsPW2IbLNqg7U+5NX6Z4ptggBuvc0ieb1/K5xnTD+5rJDYEH,17.42191,58.804232999999996,35.784821
416700,a1r9IRN6Zrgwo194AsPW2IbLNqg7U+5NX6Z4ptggBuvc0ieb1/K5xnTD+5rJDYEH,10.842653,25.062806,17.155251
417000,a1r9IRN6Zrgwo194AsPW2IbLNqg7U+5NX6Z4ptggBuvc0ieb1/K5xnTD+5rJDYEH,13.065878,30.716362,21.582749
417300,a1r9IRN6Zrgwo194AsPW2IbLNqg7U+5NX6Z4ptggBuvc0ieb1/K5xnTD+5rJDYEH,8.923568,26.554552,16.857453
417600,a1r9IRN6Zrgwo194AsPW2IbLNqg7U+5NX6Z4ptggBuvc0ieb1/K5xnTD+5rJDYEH,9.930192,23.078634,15.355576999999998
417900,a1r9IRN6Zrgwo194AsPW2IbLNqg7U+5NX6Z4ptggBuvc0ieb1/K5xnTD+5rJDYEH,6.00212,30.813188,20.827117
418200,a1r9IRN6Zrgwo194AsPW2IbLNqg7U+5NX6Z4ptggBuvc0ieb1/K5xnTD+5rJDYEH,20.211654,40.379090000000005,27.936404
418500,a1r9IRN6Zrgwo194AsPW2IbLNqg7U+5NX6Z4ptggBuvc0ieb1/K5xnTD+5rJDYEH,7.617804,28.389248,15.592688
418800,a1r9IRN6Zrgwo194AsPW2IbLNqg7U+5NX6Z4ptggBuvc0ieb1/K5xnTD+5rJDYEH,15.527094,38.137488,26.268801
419100,a1r9IRN6Zrgwo194AsPW2IbLNqg7U+5NX6Z4ptggBuvc0ieb1/K5xnTD+5rJDYEH,11.98643,35.747227,20.710406
419400,a1r9IRN6Zrgwo194AsPW2IbLNqg7U+5NX6Z4ptggBuvc0ieb1/K5xnTD+5rJDYEH,8.177987,26.135414,17.854274
419700,a1r9IRN6Zrgwo194AsPW2IbLNqg7U+5NX6Z4ptggBuvc0ieb1/K5xnTD+5rJDYEH,7.2499899999999995,24.770208,15.654397
420000,a1r9IRN6Zrgwo194AsPW2IbLNqg7U+5NX6Z4ptggBuvc0ieb1/K5xnTD+5rJDYEH,6.311738,27.208303000000004,17.670964
420300,a1r9IRN6Zrgwo194AsPW2IbLNqg7U+5NX6Z4ptggBuvc0ieb1/K5xnTD+5rJDYEH,12.468789,34.263378,22.112095
420600,a1r9IRN6Zrgwo194AsPW2IbLNqg7U+5NX6Z4ptggBuvc0ieb1/K5xnTD+5rJDYEH,10.264063,28.399155,17.051768
420900,a1r9IRN6Zrgwo194AsPW2IbLNqg7U+5NX6Z4ptggBuvc0ieb1/K5xnTD+5rJDYEH,10.653153999999999,24.378131,17.607192
421200,a1r9IRN6Zrgwo194AsPW2IbLNqg7U+5NX6Z4ptggBuvc0ieb1/K5xnTD+5rJDYEH,20.092391,43.124253,31.122397999999997
421500,a1r9IRN6Zrgwo194AsPW2IbLNqg7U+5NX6Z4ptggBuvc0ieb1/K5xnTD+5rJDYEH,8.303446000000001,37.895227,21.537186
421800,a1r9IRN6Zrgwo194AsPW2IbLNqg7U+5NX6Z4ptggBuvc0ieb1/K5xnTD+5rJDYEH,6.726353,29.683522999999997,13.286776999999999
422100,a1r9IRN6Zrgwo194AsPW2IbLNqg7U+5NX6Z4ptggBuvc0ieb1/K5xnTD+5rJDYEH,3.104715,30.145307,15.899195
422400,a1r9IRN6Zrgwo194AsPW2IbLNqg7U+5NX6Z4ptggBuvc0ieb1/K5xnTD+5rJDYEH,11.197004,24.314383,17.386204
422700,a1r9IRN6Zrgwo194AsPW2IbLNqg7U+5NX6Z4ptggBuvc0ieb1/K5xnTD+5rJDYEH,6.498397,23.446095,18.704966
423000,a1r9IRN6Zrgwo194AsPW2IbLNqg7U+5NX6Z4ptggBuvc0ieb1/K5xnTD+5rJDYEH,11.588695,27.825962,19.490774
423300,a1r9IRN6Zrgwo194AsPW2IbLNqg7U+5NX6Z4ptggBuvc0ieb1/K5xnTD+5rJDYEH,4.605605000000001,18.006276,11.349573
423600,a1r9IRN6Zrgwo194AsPW2IbLNqg7U+5NX6Z4ptggBuvc0ieb1/K5xnTD+5rJDYEH,5.8530489999999995,21.254325,10.983867
423900,a1r9IRN6Zrgwo194AsPW2IbLNqg7U+5NX6Z4ptggBuvc0ieb1/K5xnTD+5rJDYEH,6.640747999999999,23.097075,13.25121
424200,a1r9IRN6Zrgwo194AsPW2IbLNqg7U+5NX6Z4ptggBuvc0ieb1/K5xnTD+5rJDYEH,6.829548,26.926852,16.092814999999998
424500,a1r9IRN6Zrgwo194AsPW2IbLNqg7U+5NX6Z4ptggBuvc0ieb1/K5xnTD+5rJDYEH,10.445730000000001,19.7938,15.207138
424800,a1r9IRN6Zrgwo194AsPW2IbLNqg7U+5NX6Z4ptggBuvc0ieb1/K5xnTD+5rJDYEH,12.308867999999999,25.713475,17.366985999999997
425100,a1r9IRN6Zrgwo194AsPW2IbLNqg7U+5NX6Z4ptggBuvc0ieb1/K5xnTD+5rJDYEH,7.063086,17.788653,12.461587
425400,a1r9IRN6Zrgwo194AsPW2IbLNqg7U+5NX6Z4ptggBuvc0ieb1/K5xnTD+5rJDYEH,8.557777999999999,21.331749,13.451504000000002
425700,a1r9IRN6Zrgwo194AsPW2IbLNqg7U+5NX6Z4ptggBuvc0ieb1/K5xnTD+5rJDYEH,7.789381,23.853884,15.590014000000002
426000,a1r9IRN6Zrgwo194AsPW2IbLNqg7U+5NX6Z4ptggBuvc0ieb1/K5xnTD+5rJDYEH,4.054501999999999,21.900498000000002,12.645217
426300,a1r9IRN6Zrgwo194AsPW2IbLNqg7U+5NX6Z4ptggBuvc0ieb1/K5xnTD+5rJDYEH,5.522733000000001,14.265112,9.318309
426600,a1r9IRN6Zrgwo194AsPW2IbLNqg7U+5NX6Z4ptggBuvc0ieb1/K5xnTD+5rJDYEH,2.6898779999999998,13.838084,9.847816
426900,a1r9IRN6Zrgwo194AsPW2IbLNqg7U+5NX6Z4ptggBuvc0ieb1/K5xnTD+5rJDYEH,5.756104,21.55461,10.875927
427200,a1r9IRN6Zrgwo194AsPW2IbLNqg7U+5NX6Z4ptggBuvc0ieb1/K5xnTD+5rJDYEH,7.6351759999999995,18.943929999999998,13.531115
427500,a1r9IRN6Zrgwo194AsPW2IbLNqg7U+5NX6Z4ptggBuvc0ieb1/K5xnTD+5rJDYEH,7.880383999999999,23.856873999999998,12.93666
427800,a1r9IRN6Zrgwo194AsPW2IbLNqg7U+5NX6Z4ptggBuvc0ieb1/K5xnTD+5rJDYEH,5.1820260000000005,22.981927,10.131485000000001
428100,a1r9IRN6Zrgwo194AsPW2IbLNqg7U+5NX6Z4ptggBuvc0ieb1/K5xnTD+5rJDYEH,9.364195,18.786119,13.070561999999999
428400,a1r9IRN6Zrgwo194AsPW2IbLNqg7U+5NX6Z4ptggBuvc0ieb1/K5xnTD+5rJDYEH,4.335255,19.298441,11.201811
428700,a1r9IRN6Zrgwo194AsPW2IbLNqg7U+5NX6Z4ptggBuvc0ieb1/K5xnTD+5rJDYEH,1.998678,34.250378999999995,11.994257000000001
429000,a1r9IRN6Zrgwo194AsPW2IbLNqg7U+5NX6Z4ptggBuvc0ieb1/K5xnTD+5rJDYEH,3.897329,17.495473999999998,8.462216999999999
429300,a1r9IRN6Zrgwo194AsPW2IbLNqg7U+5NX6Z4ptggBuvc0ieb1/K5xnTD+5rJDYEH,1.025684,15.144376000000001,8.776932
429600,a1r9IRN6Zrgwo194AsPW2IbLNqg7U+5NX6Z4ptggBuvc0ieb1/K5xnTD+5rJDYEH,1.316936,15.425014000000001,7.727388
429900,a1r9IRN6Zrgwo194AsPW2IbLNqg7U+5NX6Z4ptggBuvc0ieb1/K5xnTD+5rJDYEH,3.396646,10.463531,6.734489999999999
430200,a1r9IRN6Zrgwo194AsPW2IbLNqg7U+5NX6Z4ptggBuvc0ieb1/K5xnTD+5rJDYEH,2.7513959999999997,17.79627,8.019873
430500,a1r9IRN6Zrgwo194AsPW2IbLNqg7U+5NX6Z4ptggBuvc0ieb1/K5xnTD+5rJDYEH,4.808138,13.083578999999999,8.562033
430800,a1r9IRN6Zrgwo194AsPW2IbLNqg7U+5NX6Z4ptggBuvc0ieb1/K5xnTD+5rJDYEH,1.307636,8.737425,5.440793
431100,a1r9IRN6Zrgwo194AsPW2IbLNqg7U+5NX6Z4ptggBuvc0ieb1/K5xnTD+5rJDYEH,4.659008,15.097470999999999,9.033809
431400,a1r9IRN6Zrgwo194AsPW2IbLNqg7U+5NX6Z4ptggBuvc0ieb1/K5xnTD+5rJDYEH,3.029643,13.613139000000002,5.9055599999999995
431700,a1r9IRN6Zrgwo194AsPW2IbLNqg7U+5NX6Z4ptggBuvc0ieb1/K5xnTD+5rJDYEH,2.380113,8.744864,5.406915000000001
432000,a1r9IRN6Zrgwo194AsPW2IbLNqg7U+5NX6Z4ptggBuvc0ieb1/K5xnTD+5rJDYEH,7.306135,15.767904000000001,11.027163999999999
432300,a1r9IRN6Zrgwo194AsPW2IbLNqg7U+5NX6Z4ptggBuvc0ieb1/K5xnTD+5rJDYEH,6.037946,15.137035999999998,10.138475
432600,a1r9IRN6Zrgwo194AsPW2IbLNqg7U+5NX6Z4ptggBuvc0ieb1/K5xnTD+5rJDYEH,3.051561,11.791157,5.793475
432900,a1r9IRN6Zrgwo194AsPW2IbLNqg7U+5NX6Z4ptggBuvc0ieb1/K5xnTD+5rJDYEH,0.871179,14.800013,6.599112
433200,a1r9IRN6Zrgwo194AsPW2IbLNqg7U+5NX6Z4ptggBuvc0ieb1/K5xnTD+5rJDYEH,2.640695,9.321717999999999,5.243707
433500,a1r9IRN6Zrgwo194AsPW2IbLNqg7U+5NX6Z4ptggBuvc0ieb1/K5xnTD+5rJDYEH,1.269983,10.270472,5.640803
433800,a1r9IRN6Zrgwo194AsPW2IbLNqg7U+5NX6Z4ptggBuvc0ieb1/K5xnTD+5rJDYEH,5.173479,13.714213,7.639315
434100,a1r9IRN6Zrgwo194AsPW2IbLNqg7U+5NX6Z4ptggBuvc0ieb1/K5xnTD+5rJDYEH,1.7254880000000001,12.5932,5.690980000000001
434400,a1r9IRN6Zrgwo194AsPW2IbLNqg7U+5NX6Z4ptggBuvc0ieb1/K5xnTD+5rJDYEH,2.42979,10.243727,6.082889
434700,a1r9IRN6Zrgwo194AsPW2IbLNqg7U+5NX6Z4ptggBuvc0ieb1/K5xnTD+5rJDYEH,1.9785409999999999,11.461547999999999,6.790605
435000,a1r9IRN6Zrgwo194AsPW2IbLNqg7U+5NX6Z4ptggBuvc0ieb1/K5xnTD+5rJDYEH,1.7372580000000002,15.372983999999999,7.714316
435300,a1r9IRN6Zrgwo194AsPW2IbLNqg7U+5NX6Z4ptggBuvc0ieb1/K5xnTD+5rJDYEH,3.2920949999999998,9.984548,5.650394
435600,a1r9IRN6Zrgwo194AsPW2IbLNqg7U+5NX6Z4ptggBuvc0ieb1/K5xnTD+5rJDYEH,4.114783999999999,29.445152,7.086264
435900,a1r9IRN6Zrgwo194AsPW2IbLNqg7U+5NX6Z4ptggBuvc0ieb1/K5xnTD+5rJDYEH,4.094312,10.438374000000001,6.324294999999999
436200,a1r9IRN6Zrgwo194AsPW2IbLNqg7U+5NX6Z4ptggBuvc0ieb1/K5xnTD+5rJDYEH,2.6485830000000004,12.092002,7.250422
436500,a1r9IRN6Zrgwo194AsPW2IbLNqg7U+5NX6Z4ptggBuvc0ieb1/K5xnTD+5rJDYEH,4.210156,12.858938,7.589453
436800,a1r9IRN6Zrgwo194AsPW2IbLNqg7U+5NX6Z4ptggBuvc0ieb1/K5xnTD+5rJDYEH,0.753604,11.104178,7.0867130000000005
437100,a1r9IRN6Zrgwo194AsPW2IbLNqg7U+5NX6Z4ptggBuvc0ieb1/K5xnTD+5rJDYEH,5.360964,12.935374000000001,8.077114
437400,a1r9IRN6Zrgwo194AsPW2IbLNqg7U+5NX6Z4ptggBuvc0ieb1/K5xnTD+5rJDYEH,1.494581,13.764445000000002,8.398698
437700,a1r9IRN6Zrgwo194AsPW2IbLNqg7U+5NX6Z4ptggBuvc0ieb1/K5xnTD+5rJDYEH,2.058913,14.708779999999999,8.772143
438000,a1r9IRN6Zrgwo194AsPW2IbLNqg7U+5NX6Z4ptggBuvc0ieb1/K5xnTD+5rJDYEH,4.557092,13.606075,8.155671
438300,a1r9IRN6Zrgwo194AsPW2IbLNqg7U+5NX6Z4ptggBuvc0ieb1/K5xnTD+5rJDYEH,1.055044,10.451825999999999,5.48281
438600,a1r9IRN6Zrgwo194AsPW2IbLNqg7U+5NX6Z4ptggBuvc0ieb1/K5xnTD+5rJDYEH,3.735931,18.96523,8.152650999999999
438900,a1r9IRN6Zrgwo194AsPW2IbLNqg7U+5NX6Z4ptggBuvc0ieb1/K5xnTD+5rJDYEH,2.8193479999999997,13.827660999999999,9.266728
439200,a1r9IRN6Zrgwo194AsPW2IbLNqg7U+5NX6Z4ptggBuvc0ieb1/K5xnTD+5rJDYEH,4.709122,14.471998999999999,10.101154
439500,a1r9IRN6Zrgwo194AsPW2IbLNqg7U+5NX6Z4ptggBuvc0ieb1/K5xnTD+5rJDYEH,1.310958,11.300687,6.260235
439800,a1r9IRN6Zrgwo194AsPW2IbLNqg7U+5NX6Z4ptggBuvc0ieb1/K5xnTD+5rJDYEH,3.885126,9.607439,6.747914
440100,a1r9IRN6Zrgwo194AsPW2IbLNqg7U+5NX6Z4ptggBuvc0ieb1/K5xnTD+5rJDYEH,2.571544,11.923649000000001,7.406446000000001
440400,a1r9IRN6Zrgwo194AsPW2IbLNqg7U+5NX6Z4ptggBuvc0ieb1/K5xnTD+5rJDYEH,5.190759,21.443559,9.232409
440700,a1r9IRN6Zrgwo194AsPW2IbLNqg7U+5NX6Z4ptggBuvc0ieb1/K5xnTD+5rJDYEH,7.113074,24.411363,17.252720999999998
441000,a1r9IRN6Zrgwo194AsPW2IbLNqg7U+5NX6Z4ptggBuvc0ieb1/K5xnTD+5rJDYEH,3.8792470000000003,23.192985,10.544766000000001
441300,a1r9IRN6Zrgwo194AsPW2IbLNqg7U+5NX6Z4ptggBuvc0ieb1/K5xnTD+5rJDYEH,7.260459,21.660107,14.422618
441600,a1r9IRN6Zrgwo194AsPW2IbLNqg7U+5NX6Z4ptggBuvc0ieb1/K5xnTD+5rJDYEH,4.249847,18.368954000000002,9.653071
441900,a1r9IRN6Zrgwo194AsPW2IbLNqg7U+5NX6Z4ptggBuvc0ieb1/K5xnTD+5rJDYEH,4.635105,15.94387,8.020613
442200,a1r9IRN6Zrgwo194AsPW2IbLNqg7U+5NX6Z4ptggBuvc0ieb1/K5xnTD+5rJDYEH,4.55955,21.127589999999998,9.430078
442500,a1r9IRN6Zrgwo194AsPW2IbLNqg7U+5NX6Z4ptggBuvc0ieb1/K5xnTD+5rJDYEH,8.865188999999999,20.423134,13.109851
442800,a1r9IRN6Zrgwo194AsPW2IbLNqg7U+5NX6Z4ptggBuvc0ieb1/K5xnTD+5rJDYEH,3.844176,31.063684000000002,18.872513
443100,a1r9IRN6Zrgwo194AsPW2IbLNqg7U+5NX6Z4ptggBuvc0ieb1/K5xnTD+5rJDYEH,5.652511,18.472181,12.157369000000001
443400,a1r9IRN6Zrgwo194AsPW2IbLNqg7U+5NX6Z4ptggBuvc0ieb1/K5xnTD+5rJDYEH,3.7391300000000003,12.431649,6.4982120000000005
443700,a1r9IRN6Zrgwo194AsPW2IbLNqg7U+5NX6Z4ptggBuvc0ieb1/K5xnTD+5rJDYEH,4.746222,11.323511,7.382322
444000,a1r9IRN6Zrgwo194AsPW2IbLNqg7U+5NX6Z4ptggBuvc0ieb1/K5xnTD+5rJDYEH,6.780857000000001,16.977992999999998,11.699603
444300,a1r9IRN6Zrgwo194AsPW2IbLNqg7U+5NX6Z4ptggBuvc0ieb1/K5xnTD+5rJDYEH,10.345028,25.036711999999998,17.527548
444600,a1r9IRN6Zrgwo194AsPW2IbLNqg7U+5NX6Z4ptggBuvc0ieb1/K5xnTD+5rJDYEH,7.23768,24.664324,14.542973000000002
444900,a1r9IRN6Zrgwo194AsPW2IbLNqg7U+5NX6Z4ptggBuvc0ieb1/K5xnTD+5rJDYEH,5.107948,28.733559000000003,13.361253
445200,a1r9IRN6Zrgwo194AsPW2IbLNqg7U+5NX6Z4ptggBuvc0ieb1/K5xnTD+5rJDYEH,8.693745,19.086561,13.848817000000002
445500,a1r9IRN6Zrgwo194AsPW2IbLNqg7U+5NX6Z4ptggBuvc0ieb1/K5xnTD+5rJDYEH,5.580217,28.783914000000003,13.593805999999999
445800,a1r9IRN6Zrgwo194AsPW2IbLNqg7U+5NX6Z4ptggBuvc0ieb1/K5xnTD+5rJDYEH,4.467694,22.813963,13.511984
446100,a1r9IRN6Zrgwo194AsPW2IbLNqg7U+5NX6Z4ptggBuvc0ieb1/K5xnTD+5rJDYEH,4.5919870000000005,16.602623,10.33142
446400,a1r9IRN6Zrgwo194AsPW2IbLNqg7U+5NX6Z4ptggBuvc0ieb1/K5xnTD+5rJDYEH,4.021605999999999,25.666942000000002,9.89235
446700,a1r9IRN6Zrgwo194AsPW2IbLNqg7U+5NX6Z4ptggBuvc0ieb1/K5xnTD+5rJDYEH,10.153996000000001,25.098876999999998,17.27669
447000,a1r9IRN6Zrgwo194AsPW2IbLNqg7U+5NX6Z4ptggBuvc0ieb1/K5xnTD+5rJDYEH,2.096997,19.314833,12.023196
447300,a1r9IRN6Zrgwo194AsPW2IbLNqg7U+5NX6Z4ptggBuvc0ieb1/K5xnTD+5rJDYEH,6.461753,17.12775,10.736807
447600,a1r9IRN6Zrgwo194AsPW2IbLNqg7U+5NX6Z4ptggBuvc0ieb1/K5xnTD+5rJDYEH,2.332313,17.134037,9.695891
447900,a1r9IRN6Zrgwo194AsPW2IbLNqg7U+5NX6Z4ptggBuvc0ieb1/K5xnTD+5rJDYEH,10.03321,26.101,18.286667
448200,a1r9IRN6Zrgwo194AsPW2IbLNqg7U+5NX6Z4ptggBuvc0ieb1/K5xnTD+5rJDYEH,14.501935000000001,27.005114000000003,21.152916
448500,a1r9IRN6Zrgwo194AsPW2IbLNqg7U+5NX6Z4ptggBuvc0ieb1/K5xnTD+5rJDYEH,3.846806,25.977934,16.741235999999997
448800,a1r9IRN6Zrgwo194AsPW2IbLNqg7U+5NX6Z4ptggBuvc0ieb1/K5xnTD+5rJDYEH,9.802425,29.641690000000004,16.311941
449100,a1r9IRN6Zrgwo194AsPW2IbLNqg7U+5NX6Z4ptggBuvc0ieb1/K5xnTD+5rJDYEH,14.12447,38.474945,23.514385
449400,a1r9IRN6Zrgwo194AsPW2IbLNqg7U+5NX6Z4ptggBuvc0ieb1/K5xnTD+5rJDYEH,4.445608,26.143626,14.934382000000001
449700,a1r9IRN6Zrgwo194AsPW2IbLNqg7U+5NX6Z4ptggBuvc0ieb1/K5xnTD+5rJDYEH,6.743508,31.062185999999997,19.980909
450000,a1r9IRN6Zrgwo194AsPW2IbLNqg7U+5NX6Z4ptggBuvc0ieb1/K5xnTD+5rJDYEH,14.07721,26.742833,19.959945
450300,a1r9IRN6Zrgwo194AsPW2IbLNqg7U+5NX6Z4ptggBuvc0ieb1/K5xnTD+5rJDYEH,6.18922,32.990075,20.176403
450600,a1r9IRN6Zrgwo194AsPW2IbLNqg7U+5NX6Z4ptggBuvc0ieb1/K5xnTD+5rJDYEH,10.630649,32.367325,22.578699
450900,a1r9IRN6Zrgwo194AsPW2IbLNqg7U+5NX6Z4ptggBuvc0ieb1/K5xnTD+5rJDYEH,7.631278,23.508089000000002,15.188248000000002
451200,a1r9IRN6Zrgwo194AsPW2IbLNqg7U+5NX6Z4ptggBuvc0ieb1/K5xnTD+5rJDYEH,10.299553,24.192188,16.295264000000003
451500,a1r9IRN6Zrgwo194AsPW2IbLNqg7U+5NX6Z4ptggBuvc0ieb1/K5xnTD+5rJDYEH,8.76518,20.474987,15.052579999999999
451800,a1r9IRN6Zrgwo194AsPW2IbLNqg7U+5NX6Z4ptggBuvc0ieb1/K5xnTD+5rJDYEH,2.313212,18.736041,11.267863
452100,a1r9IRN6Zrgwo194AsPW2IbLNqg7U+5NX6Z4ptggBuvc0ieb1/K5xnTD+5rJDYEH,9.138489,26.897496000000004,18.206831
452400,a1r9IRN6Zrgwo194AsPW2IbLNqg7U+5NX6Z4ptggBuvc0ieb1/K5xnTD+5rJDYEH,12.575758,28.366951,19.496857000000002
452700,a1r9IRN6Zrgwo194AsPW2IbLNqg7U+5NX6Z4ptggBuvc0ieb1/K5xnTD+5rJDYEH,7.136424000000001,25.301398000000002,15.808048999999999
453000,a1r9IRN6Zrgwo194AsPW2IbLNqg7U+5NX6Z4ptggBuvc0ieb1/K5xnTD+5rJDYEH,2.985955,41.46286,17.77737
453300,a1r9IRN6Zrgwo194AsPW2IbLNqg7U+5NX6Z4ptggBuvc0ieb1/K5xnTD+5rJDYEH,8.189698,23.997364,15.84109
453600,a1r9IRN6Zrgwo194AsPW2IbLNqg7U+5NX6Z4ptggBuvc0ieb1/K5xnTD+5rJDYEH,10.532845,34.185782,23.107326
453900,a1r9IRN6Zrgwo194AsPW2IbLNqg7U+5NX6Z4ptggBuvc0ieb1/K5xnTD+5rJDYEH,9.32134,35.149955,16.892139999999998
454200,a1r9IRN6Zrgwo194AsPW2IbLNqg7U+5NX6Z4ptggBuvc0ieb1/K5xnTD+5rJDYEH,17.973075,33.897458,25.438201
454500,a1r9IRN6Zrgwo194AsPW2IbLNqg7U+5NX6Z4ptggBuvc0ieb1/K5xnTD+5rJDYEH,12.738839,43.098827,27.409449
454800,a1r9IRN6Zrgwo194AsPW2IbLNqg7U+5NX6Z4ptggBuvc0ieb1/K5xnTD+5rJDYEH,14.215584,33.645615,22.636538
455100,a1r9IRN6Zrgwo194AsPW2IbLNqg7U+5NX6Z4ptggBuvc0ieb1/K5xnTD+5rJDYEH,9.673107,31.733559000000003,18.666265
455400,a1r9IRN6Zrgwo194AsPW2IbLNqg7U+5NX6Z4ptggBuvc0ieb1/K5xnTD+5rJDYEH,10.735936,27.982437,17.757215
455700,a1r9IRN6Zrgwo194AsPW2IbLNqg7U+5NX6Z4ptggBuvc0ieb1/K5xnTD+5rJDYEH,10.03432,60.437309,18.658360000000002
456000,a1r9IRN6Zrgwo194AsPW2IbLNqg7U+5NX6Z4ptggBuvc0ieb1/K5xnTD+5rJDYEH,7.287086,19.507973,13.465319000000001
456300,a1r9IRN6Zrgwo194AsPW2IbLNqg7U+5NX6Z4ptggBuvc0ieb1/K5xnTD+5rJDYEH,11.715548,32.718711,22.582358
456600,a1r9IRN6Zrgwo194AsPW2IbLNqg7U+5NX6Z4ptggBuvc0ieb1/K5xnTD+5rJDYEH,8.801909,32.513007,16.225005
456900,a1r9IRN6Zrgwo194AsPW2IbLNqg7U+5NX6Z4ptggBuvc0ieb1/K5xnTD+5rJDYEH,17.261395,32.731390999999995,24.896607
457200,a1r9IRN6Zrgwo194AsPW2IbLNqg7U+5NX6Z4ptggBuvc0ieb1/K5xnTD+5rJDYEH,7.0157300000000005,30.924752,20.655054
457500,a1r9IRN6Zrgwo194AsPW2IbLNqg7U+5NX6Z4ptggBuvc0ieb1/K5xnTD+5rJDYEH,17.424355,42.250444,25.266161
457800,a1r9IRN6Zrgwo194AsPW2IbLNqg7U+5NX6Z4ptggBuvc0ieb1/K5xnTD+5rJDYEH,10.443655999999999,27.333817,16.183020000000003
458100,a1r9IRN6Zrgwo194AsPW2IbLNqg7U+5NX6Z4ptggBuvc0ieb1/K5xnTD+5rJDYEH,5.105874,14.513476,9.59035
458400,a1r9IRN6Zrgwo194AsPW2IbLNqg7U+5NX6Z4ptggBuvc0ieb1/K5xnTD+5rJDYEH,9.284943,68.239535,27.895241
458700,a1r9IRN6Zrgwo194AsPW2IbLNqg7U+5NX6Z4ptggBuvc0ieb1/K5xnTD+5rJDYEH,5.114841,29.062863,18.488712
459000,a1r9IRN6Zrgwo194AsPW2IbLNqg7U+5NX6Z4ptggBuvc0ieb1/K5xnTD+5rJDYEH,17.340615,36.051284,26.323583000000003
459300,a1r9IRN6Zrgwo194AsPW2IbLNqg7U+5NX6Z4ptggBuvc0ieb1/K5xnTD+5rJDYEH,12.912817,39.2677,27.180376000000003
459600,a1r9IRN6Zrgwo194AsPW2IbLNqg7U+5NX6Z4ptggBuvc0ieb1/K5xnTD+5rJDYEH,14.838989000000002,41.785224,23.155698
459900,a1r9IRN6Zrgwo194AsPW2IbLNqg7U+5NX6Z4ptggBuvc0ieb1/K5xnTD+5rJDYEH,11.55307,37.233412,22.7038
460200,a1r9IRN6Zrgwo194AsPW2IbLNqg7U+5NX6Z4ptggBuvc0ieb1/K5xnTD+5rJDYEH,17.331616,33.104641,24.059787
460500,a1r9IRN6Zrgwo194AsPW2IbLNqg7U+5NX6Z4ptggBuvc0ieb1/K5xnTD+5rJDYEH,10.556132,37.393142,23.289937
460800,a1r9IRN6Zrgwo194AsPW2IbLNqg7U+5NX6Z4ptggBuvc0ieb1/K5xnTD+5rJDYEH,18.436207999999997,42.092507,28.616377000000004
461100,a1r9IRN6Zrgwo194AsPW2IbLNqg7U+5NX6Z4ptggBuvc0ieb1/K5xnTD+5rJDYEH,21.011605,44.370596,31.596973
461400,a1r9IRN6Zrgwo194AsPW2IbLNqg7U+5NX6Z4ptggBuvc0ieb1/K5xnTD+5rJDYEH,12.074284,34.756346,22.106829
461700,a1r9IRN6Zrgwo194AsPW2IbLNqg7U+5NX6Z4ptggBuvc0ieb1/K5xnTD+5rJDYEH,5.206673,47.015625,29.843707000000002
462000,a1r9IRN6Zrgwo194AsPW2IbLNqg7U+5NX6Z4ptggBuvc0ieb1/K5xnTD+5rJDYEH,21.524662,44.010925,31.752758
462300,a1r9IRN6Zrgwo194AsPW2IbLNqg7U+5NX6Z4ptggBuvc0ieb1/K5xnTD+5rJDYEH,21.717883,43.12064,31.577465000000004
462600,a1r9IRN6Zrgwo194AsPW2IbLNqg7U+5NX6Z4ptggBuvc0ieb1/K5xnTD+5rJDYEH,16.569357,44.121619,29.910966
462900,a1r9IRN6Zrgwo194AsPW2IbLNqg7U+5NX6Z4ptggBuvc0ieb1/K5xnTD+5rJDYEH,10.71155,27.814760999999997,18.233659
463200,a1r9IRN6Zrgwo194AsPW2IbLNqg7U+5NX6Z4ptggBuvc0ieb1/K5xnTD+5rJDYEH,21.737083,42.962537,31.221048
463500,a1r9IRN6Zrgwo194AsPW2IbLNqg7U+5NX6Z4ptggBuvc0ieb1/K5xnTD+5rJDYEH,22.58847,43.723104,30.588901
463800,a1r9IRN6Zrgwo194AsPW2IbLNqg7U+5NX6Z4ptggBuvc0ieb1/K5xnTD+5rJDYEH,20.648379000000002,43.445190000000004,29.506396999999996
464100,a1r9IRN6Zrgwo194AsPW2IbLNqg7U+5NX6Z4ptggBuvc0ieb1/K5xnTD+5rJDYEH,11.032974000000001,29.615774,19.708553
464400,a1r9IRN6Zrgwo194AsPW2IbLNqg7U+5NX6Z4ptggBuvc0ieb1/K5xnTD+5rJDYEH,10.930603999999999,32.534089,20.797627
464700,a1r9IRN6Zrgwo194AsPW2IbLNqg7U+5NX6Z4ptggBuvc0ieb1/K5xnTD+5rJDYEH,17.530986,34.792045,25.459509
465000,a1r9IRN6Zrgwo194AsPW2IbLNqg7U+5NX6Z4ptggBuvc0ieb1/K5xnTD+5rJDYEH,14.764897,44.996006,32.632723
465300,a1r9IRN6Zrgwo194AsPW2IbLNqg7U+5NX6Z4ptggBuvc0ieb1/K5xnTD+5rJDYEH,8.441931,43.970095,22.559374
465600,a1r9IRN6Zrgwo194AsPW2IbLNqg7U+5NX6Z4ptggBuvc0ieb1/K5xnTD+5rJDYEH,7.659282000000001,27.712816999999998,16.513030999999998
465900,a1r9IRN6Zrgwo194AsPW2IbLNqg7U+5NX6Z4ptggBuvc0ieb1/K5xnTD+5rJDYEH,11.316995,34.939639,21.839492
466200,a1r9IRN6Zrgwo194AsPW2IbLNqg7U+5NX6Z4ptggBuvc0ieb1/K5xnTD+5rJDYEH,10.412249000000001,24.993459,17.218989999999998
466500,a1r9IRN6Zrgwo194AsPW2IbLNqg7U+5NX6Z4ptggBuvc0ieb1/K5xnTD+5rJDYEH,17.232421,47.294507,31.575088
466800,a1r9IRN6Zrgwo194AsPW2IbLNqg7U+5NX6Z4ptggBuvc0ieb1/K5xnTD+5rJDYEH,8.505083,34.649939,18.755506
467100,a1r9IRN6Zrgwo194AsPW2IbLNqg7U+5NX6Z4ptggBuvc0ieb1/K5xnTD+5rJDYEH,12.319302,37.498698,24.806293
467400,a1r9IRN6Zrgwo194AsPW2IbLNqg7U+5NX6Z4ptggBuvc0ieb1/K5xnTD+5rJDYEH,8.388235,41.677362,21.362639
467700,a1r9IRN6Zrgwo194AsPW2IbLNqg7U+5NX6Z4ptggBuvc0ieb1/K5xnTD+5rJDYEH,10.943804,25.847587,19.66235
468000,a1r9IRN6Zrgwo194AsPW2IbLNqg7U+5NX6Z4ptggBuvc0ieb1/K5xnTD+5rJDYEH,8.492322999999999,26.6823,16.999345
468300,a1r9IRN6Zrgwo194AsPW2IbLNqg7U+5NX6Z4ptggBuvc0ieb1/K5xnTD+5rJDYEH,13.371797,29.803092,20.523857999999997
468600,a1r9IRN6Zrgwo194AsPW2IbLNqg7U+5NX6Z4ptggBuvc0ieb1/K5xnTD+5rJDYEH,17.256549,35.151718,24.980711
468900,a1r9IRN6Zrgwo194AsPW2IbLNqg7U+5NX6Z4ptggBuvc0ieb1/K5xnTD+5rJDYEH,13.131376999999999,37.053466,26.550225
469200,a1r9IRN6Zrgwo194AsPW2IbLNqg7U+5NX6Z4ptggBuvc0ieb1/K5xnTD+5rJDYEH,22.510504,44.12343,33.607878
469500,a1r9IRN6Zrgwo194AsPW2IbLNqg7U+5NX6Z4ptggBuvc0ieb1/K5xnTD+5rJDYEH,20.241201999999998,35.280599,25.896060000000002
469800,a1r9IRN6Zrgwo194AsPW2IbLNqg7U+5NX6Z4ptggBuvc0ieb1/K5xnTD+5rJDYEH,15.270245000000001,31.997609999999998,22.795166000000002
470100,a1r9IRN6Zrgwo194AsPW2IbLNqg7U+5NX6Z4ptggBuvc0ieb1/K5xnTD+5rJDYEH,4.876442,24.46387,18.751626
470400,a1r9IRN6Zrgwo194AsPW2IbLNqg7U+5NX6Z4ptggBuvc0ieb1/K5xnTD+5rJDYEH,10.324225,28.319207000000002,18.729408
470700,a1r9IRN6Zrgwo194AsPW2IbLNqg7U+5NX6Z4ptggBuvc0ieb1/K5xnTD+5rJDYEH,4.98234,30.659297,21.439064000000002
471000,a1r9IRN6Zrgwo194AsPW2IbLNqg7U+5NX6Z4ptggBuvc0ieb1/K5xnTD+5rJDYEH,16.371205,37.903785,27.067625
471300,a1r9IRN6Zrgwo194AsPW2IbLNqg7U+5NX6Z4ptggBuvc0ieb1/K5xnTD+5rJDYEH,16.426818,48.702490000000004,32.354217
471600,a1r9IRN6Zrgwo194AsPW2IbLNqg7U+5NX6Z4ptggBuvc0ieb1/K5xnTD+5rJDYEH,21.422762,35.9212,29.420612
471900,a1r9IRN6Zrgwo194AsPW2IbLNqg7U+5NX6Z4ptggBuvc0ieb1/K5xnTD+5rJDYEH,11.195986,47.420634,27.773421999999997
472200,a1r9IRN6Zrgwo194AsPW2IbLNqg7U+5NX6Z4ptggBuvc0ieb1/K5xnTD+5rJDYEH,17.478453,38.504119,25.971249
472500,a1r9IRN6Zrgwo194AsPW2IbLNqg7U+5NX6Z4ptggBuvc0ieb1/K5xnTD+5rJDYEH,11.236996000000001,37.534915999999996,20.683214000000003
472800,a1r9IRN6Zrgwo194AsPW2IbLNqg7U+5NX6Z4ptggBuvc0ieb1/K5xnTD+5rJDYEH,16.029232999999998,40.12538,25.753689
473100,a1r9IRN6Zrgwo194AsPW2IbLNqg7U+5NX6Z4ptggBuvc0ieb1/K5xnTD+5rJDYEH,22.652285,42.982337,33.553481
473400,a1r9IRN6Zrgwo194AsPW2IbLNqg7U+5NX6Z4ptggBuvc0ieb1/K5xnTD+5rJDYEH,5.1186300000000005,31.811464,19.612353
473700,a1r9IRN6Zrgwo194AsPW2IbLNqg7U+5NX6Z4ptggBuvc0ieb1/K5xnTD+5rJDYEH,11.489594,29.330696000000003,21.204429
474000,a1r9IRN6Zrgwo194AsPW2IbLNqg7U+5NX6Z4ptggBuvc0ieb1/K5xnTD+5rJDYEH,2.558567,22.113975,15.06161
474300,a1r9IRN6Zrgwo194AsPW2IbLNqg7U+5NX6Z4ptggBuvc0ieb1/K5xnTD+5rJDYEH,18.015456,45.333808000000005,33.251562
474600,a1r9IRN6Zrgwo194AsPW2IbLNqg7U+5NX6Z4ptggBuvc0ieb1/K5xnTD+5rJDYEH,19.999102,38.48555,30.472946000000004
474900,a1r9IRN6Zrgwo194AsPW2IbLNqg7U+5NX6Z4ptggBuvc0ieb1/K5xnTD+5rJDYEH,12.212872,31.118194,20.057456
475200,a1r9IRN6Zrgwo194AsPW2IbLNqg7U+5NX6Z4ptggBuvc0ieb1/K5xnTD+5rJDYEH,8.844216000000001,29.491013,20.333969
475500,a1r9IRN6Zrgwo194AsPW2IbLNqg7U+5NX6Z4ptggBuvc0ieb1/K5xnTD+5rJDYEH,6.55474,39.328758,17.850328
475800,a1r9IRN6Zrgwo194AsPW2IbLNqg7U+5NX6Z4ptggBuvc0ieb1/K5xnTD+5rJDYEH,15.815055,47.43541,30.923001
476100,a1r9IRN6Zrgwo194AsPW2IbLNqg7U+5NX6Z4ptggBuvc0ieb1/K5xnTD+5rJDYEH,19.442028,47.518238000000004,30.794288
476400,a1r9IRN6Zrgwo194AsPW2IbLNqg7U+5NX6Z4ptggBuvc0ieb1/K5xnTD+5rJDYEH,22.633832,48.912458,36.583155
476700,a1r9IRN6Zrgwo194AsPW2IbLNqg7U+5NX6Z4ptggBuvc0ieb1/K5xnTD+5rJDYEH,21.648679,48.915534,31.812458000000003
477000,a1r9IRN6Zrgwo194AsPW2IbLNqg7U+5NX6Z4ptggBuvc0ieb1/K5xnTD+5rJDYEH,16.963282,42.561309,30.662752
477300,a1r9IRN6Zrgwo194AsPW2IbLNqg7U+5NX6Z4ptggBuvc0ieb1/K5xnTD+5rJDYEH,15.098524,40.856991,28.288703
477600,a1r9IRN6Zrgwo194AsPW2IbLNqg7U+5NX6Z4ptggBuvc0ieb1/K5xnTD+5rJDYEH,21.251773999999997,45.720239,32.989206
477900,a1r9IRN6Zrgwo194AsPW2IbLNqg7U+5NX6Z4ptggBuvc0ieb1/K5xnTD+5rJDYEH,9.323159,35.471864000000004,19.130888
478200,a1r9IRN6Zrgwo194AsPW2IbLNqg7U+5NX6Z4ptggBuvc0ieb1/K5xnTD+5rJDYEH,20.982175,39.000321,29.464403000000004
478500,a1r9IRN6Zrgwo194AsPW2IbLNqg7U+5NX6Z4ptggBuvc0ieb1/K5xnTD+5rJDYEH,18.248632,34.767938,25.318482
478800,a1r9IRN6Zrgwo194AsPW2IbLNqg7U+5NX6Z4ptggBuvc0ieb1/K5xnTD+5rJDYEH,18.841583,44.780924,29.507803000000003
479100,a1r9IRN6Zrgwo194AsPW2IbLNqg7U+5NX6Z4ptggBuvc0ieb1/K5xnTD+5rJDYEH,19.177477,37.972396,25.606753
479400,a1r9IRN6Zrgwo194AsPW2IbLNqg7U+5NX6Z4ptggBuvc0ieb1/K5xnTD+5rJDYEH,7.983630000000001,26.159613,17.441107000000002
479700,a1r9IRN6Zrgwo194AsPW2IbLNqg7U+5NX6Z4ptggBuvc0ieb1/K5xnTD+5rJDYEH,12.322500999999999,26.588583,19.167332000000002
480000,a1r9IRN6Zrgwo194AsPW2IbLNqg7U+5NX6Z4ptggBuvc0ieb1/K5xnTD+5rJDYEH,14.050185,32.408147,22.224408
480300,a1r9IRN6Zrgwo194AsPW2IbLNqg7U+5NX6Z4ptggBuvc0ieb1/K5xnTD+5rJDYEH,12.066575,34.631445,20.076586
480600,a1r9IRN6Zrgwo194AsPW2IbLNqg7U+5NX6Z4ptggBuvc0ieb1/K5xnTD+5rJDYEH,16.637255,46.636701,31.148386
480900,a1r9IRN6Zrgwo194AsPW2IbLNqg7U+5NX6Z4ptggBuvc0ieb1/K5xnTD+5rJDYEH,14.917079000000001,31.609028000000002,21.929981
481200,a1r9IRN6Zrgwo194AsPW2IbLNqg7U+5NX6Z4ptggBuvc0ieb1/K5xnTD+5rJDYEH,10.625334,68.323167,23.029455
481500,a1r9IRN6Zrgwo194AsPW2IbLNqg7U+5NX6Z4ptggBuvc0ieb1/K5xnTD+5rJDYEH,21.496503,48.373807,30.390475
481800,a1r9IRN6Zrgwo194AsPW2IbLNqg7U+5NX6Z4ptggBuvc0ieb1/K5xnTD+5rJDYEH,22.595724,45.979686,33.114945
482100,a1r9IRN6Zrgwo194AsPW2IbLNqg7U+5NX6Z4ptggBuvc0ieb1/K5xnTD+5rJDYEH,9.269163,35.723363,21.009712
482400,a1r9IRN6Zrgwo194AsPW2IbLNqg7U+5NX6Z4ptggBuvc0ieb1/K5xnTD+5rJDYEH,14.872169,40.052639,27.834716999999998
482700,a1r9IRN6Zrgwo194AsPW2IbLNqg7U+5NX6Z4ptggBuvc0ieb1/K5xnTD+5rJDYEH,12.207833,31.222524,24.530351
483000,a1r9IRN6Zrgwo194AsPW2IbLNqg7U+5NX6Z4ptggBuvc0ieb1/K5xnTD+5rJDYEH,20.831046,42.971256,29.712969
483300,a1r9IRN6Zrgwo194AsPW2IbLNqg7U+5NX6Z4ptggBuvc0ieb1/K5xnTD+5rJDYEH,2.45388,30.522695000000002,18.200634
483600,a1r9IRN6Zrgwo194AsPW2IbLNqg7U+5NX6Z4ptggBuvc0ieb1/K5xnTD+5rJDYEH,12.90276,28.838217999999998,20.233475
483900,a1r9IRN6Zrgwo194AsPW2IbLNqg7U+5NX6Z4ptggBuvc0ieb1/K5xnTD+5rJDYEH,19.663373999999997,55.542338,40.939468
484200,a1r9IRN6Zrgwo194AsPW2IbLNqg7U+5NX6Z4ptggBuvc0ieb1/K5xnTD+5rJDYEH,24.510066000000002,55.457378000000006,38.51056
484500,a1r9IRN6Zrgwo194AsPW2IbLNqg7U+5NX6Z4ptggBuvc0ieb1/K5xnTD+5rJDYEH,12.832901,44.573896000000005,27.256028000000004
484800,a1r9IRN6Zrgwo194AsPW2IbLNqg7U+5NX6Z4ptggBuvc0ieb1/K5xnTD+5rJDYEH,15.366985000000001,35.887957,22.5078
485100,a1r9IRN6Zrgwo194AsPW2IbLNqg7U+5NX6Z4ptggBuvc0ieb1/K5xnTD+5rJDYEH,8.487739999999999,35.35345,20.291692
485400,a1r9IRN6Zrgwo194AsPW2IbLNqg7U+5NX6Z4ptggBuvc0ieb1/K5xnTD+5rJDYEH,22.011846,53.312989,36.691996
485700,a1r9IRN6Zrgwo194AsPW2IbLNqg7U+5NX6Z4ptggBuvc0ieb1/K5xnTD+5rJDYEH,35.442714,55.430184,44.180696000000005
486000,a1r9IRN6Zrgwo194AsPW2IbLNqg7U+5NX6Z4ptggBuvc0ieb1/K5xnTD+5rJDYEH,16.779034,45.392053000000004,34.91356
486300,a1r9IRN6Zrgwo194AsPW2IbLNqg7U+5NX6Z4ptggBuvc0ieb1/K5xnTD+5rJDYEH,26.460763,52.448798,40.08845
486600,a1r9IRN6Zrgwo194AsPW2IbLNqg7U+5NX6Z4ptggBuvc0ieb1/K5xnTD+5rJDYEH,4.472422,46.101504,31.202424
486900,a1r9IRN6Zrgwo194AsPW2IbLNqg7U+5NX6Z4ptggBuvc0ieb1/K5xnTD+5rJDYEH,34.034847,55.417162,40.409690999999995
487200,a1r9IRN6Zrgwo194AsPW2IbLNqg7U+5NX6Z4ptggBuvc0ieb1/K5xnTD+5rJDYEH,26.045054,46.92562,35.756141
487500,a1r9IRN6Zrgwo194AsPW2IbLNqg7U+5NX6Z4ptggBuvc0ieb1/K5xnTD+5rJDYEH,22.154792,54.011629000000006,33.616316999999995
487800,a1r9IRN6Zrgwo194AsPW2IbLNqg7U+5NX6Z4ptggBuvc0ieb1/K5xnTD+5rJDYEH,20.099209,39.570890999999996,28.141694
488100,a1r9IRN6Zrgwo194AsPW2IbLNqg7U+5NX6Z4ptggBuvc0ieb1/K5xnTD+5rJDYEH,2.15694,23.276519,16.464894
488400,a1r9IRN6Zrgwo194AsPW2IbLNqg7U+5NX6Z4ptggBuvc0ieb1/K5xnTD+5rJDYEH,6.904756,28.371339000000003,15.274929
488700,a1r9IRN6Zrgwo194AsPW2IbLNqg7U+5NX6Z4ptggBuvc0ieb1/K5xnTD+5rJDYEH,17.244183,42.255845,25.738316
489000,a1r9IRN6Zrgwo194AsPW2IbLNqg7U+5NX6Z4ptggBuvc0ieb1/K5xnTD+5rJDYEH,17.70652,41.225496,31.643643
489300,a1r9IRN6Zrgwo194AsPW2IbLNqg7U+5NX6Z4ptggBuvc0ieb1/K5xnTD+5rJDYEH,7.530977,41.602204,27.400377000000002
489600,a1r9IRN6Zrgwo194AsPW2IbLNqg7U+5NX6Z4ptggBuvc0ieb1/K5xnTD+5rJDYEH,16.440028,49.380519,37.180813
489900,a1r9IRN6Zrgwo194AsPW2IbLNqg7U+5NX6Z4ptggBuvc0ieb1/K5xnTD+5rJDYEH,19.979898000000002,51.644653000000005,35.581451
490200,a1r9IRN6Zrgwo194AsPW2IbLNqg7U+5NX6Z4ptggBuvc0ieb1/K5xnTD+5rJDYEH,21.093432,53.437813,41.583698
490500,a1r9IRN6Zrgwo194AsPW2IbLNqg7U+5NX6Z4ptggBuvc0ieb1/K5xnTD+5rJDYEH,21.835776,57.996838000000004,43.079685999999995
490800,a1r9IRN6Zrgwo194AsPW2IbLNqg7U+5NX6Z4ptggBuvc0ieb1/K5xnTD+5rJDYEH,15.991124,42.630454,28.876590999999998
491100,a1r9IRN6Zrgwo194AsPW2IbLNqg7U+5NX6Z4ptggBuvc0ieb1/K5xnTD+5rJDYEH,12.801397999999999,35.25992,25.896619
491400,a1r9IRN6Zrgwo194AsPW2IbLNqg7U+5NX6Z4ptggBuvc0ieb1/K5xnTD+5rJDYEH,14.452945999999999,34.426178,24.630673
491700,a1r9IRN6Zrgwo194AsPW2IbLNqg7U+5NX6Z4ptggBuvc0ieb1/K5xnTD+5rJDYEH,33.748802000000005,54.638974,44.525962
492000,a1r9IRN6Zrgwo194AsPW2IbLNqg7U+5NX6Z4ptggBuvc0ieb1/K5xnTD+5rJDYEH,29.83697,51.916985,37.036279
492300,a1r9IRN6Zrgwo194AsPW2IbLNqg7U+5NX6Z4ptggBuvc0ieb1/K5xnTD+5rJDYEH,7.120777,49.91812,35.150496000000004
492600,a1r9IRN6Zrgwo194AsPW2IbLNqg7U+5NX6Z4ptggBuvc0ieb1/K5xnTD+5rJDYEH,12.809661,53.379830000000005,25.834019
492900,a1r9IRN6Zrgwo194AsPW2IbLNqg7U+5NX6Z4ptggBuvc0ieb1/K5xnTD+5rJDYEH,18.150392999999998,49.576668,34.542799
493200,a1r9IRN6Zrgwo194AsPW2IbLNqg7U+5NX6Z4ptggBuvc0ieb1/K5xnTD+5rJDYEH,19.702043,56.701598,31.269589
493500,a1r9IRN6Zrgwo194AsPW2IbLNqg7U+5NX6Z4ptggBuvc0ieb1/K5xnTD+5rJDYEH,31.277735999999997,66.43165,48.522626
493800,a1r9IRN6Zrgwo194AsPW2IbLNqg7U+5NX6Z4ptggBuvc0ieb1/K5xnTD+5rJDYEH,21.919387,46.860621,31.737470000000002
494100,a1r9IRN6Zrgwo194AsPW2IbLNqg7U+5NX6Z4ptggBuvc0ieb1/K5xnTD+5rJDYEH,28.089478999999997,45.86287,37.430854
494400,a1r9IRN6Zrgwo194AsPW2IbLNqg7U+5NX6Z4ptggBuvc0ieb1/K5xnTD+5rJDYEH,16.673588,48.29246,31.792153000000003
494700,a1r9IRN6Zrgwo194AsPW2IbLNqg7U+5NX6Z4ptggBuvc0ieb1/K5xnTD+5rJDYEH,13.808745000000002,58.258053000000004,41.561663
495000,a1r9IRN6Zrgwo194AsPW2IbLNqg7U+5NX6Z4ptggBuvc0ieb1/K5xnTD+5rJDYEH,17.352616,50.875995,36.36333
495300,a1r9IRN6Zrgwo194AsPW2IbLNqg7U+5NX6Z4ptggBuvc0ieb1/K5xnTD+5rJDYEH,25.494515,40.758851,32.808448
495600,a1r9IRN6Zrgwo194AsPW2IbLNqg7U+5NX6Z4ptggBuvc0ieb1/K5xnTD+5rJDYEH,22.939355,44.832370000000004,33.203082
495900,a1r9IRN6Zrgwo194AsPW2IbLNqg7U+5NX6Z4ptggBuvc0ieb1/K5xnTD+5rJDYEH,21.455215,48.213771,32.630246
496200,a1r9IRN6Zrgwo194AsPW2IbLNqg7U+5NX6Z4ptggBuvc0ieb1/K5xnTD+5rJDYEH,37.205996999999996,69.741835,51.427565
496500,a1r9IRN6Zrgwo194AsPW2IbLNqg7U+5NX6Z4ptggBuvc0ieb1/K5xnTD+5rJDYEH,31.874838,56.321757999999996,44.319801
496800,a1r9IRN6Zrgwo194AsPW2IbLNqg7U+5NX6Z4ptggBuvc0ieb1/K5xnTD+5rJDYEH,19.835882,44.120692,33.056979
497100,a1r9IRN6Zrgwo194AsPW2IbLNqg7U+5NX6Z4ptggBuvc0ieb1/K5xnTD+5rJDYEH,16.577202,49.184612,34.284388
497400,a1r9IRN6Zrgwo194AsPW2IbLNqg7U+5NX6Z4ptggBuvc0ieb1/K5xnTD+5rJDYEH,10.706664,40.920013,21.558266
497700,a1r9IRN6Zrgwo194AsPW2IbLNqg7U+5NX6Z4ptggBuvc0ieb1/K5xnTD+5rJDYEH,21.771905,52.863381000000004,34.65464
498000,a1r9IRN6Zrgwo194AsPW2IbLNqg7U+5NX6Z4ptggBuvc0ieb1/K5xnTD+5rJDYEH,19.632451,40.815265999999994,28.194327
498300,a1r9IRN6Zrgwo194AsPW2IbLNqg7U+5NX6Z4ptggBuvc0ieb1/K5xnTD+5rJDYEH,9.732673,28.713176,19.539925
498600,a1r9IRN6Zrgwo194AsPW2IbLNqg7U+5NX6Z4ptggBuvc0ieb1/K5xnTD+5rJDYEH,12.465246,30.136264,19.728432
498900,a1r9IRN6Zrgwo194AsPW2IbLNqg7U+5NX6Z4ptggBuvc0ieb1/K5xnTD+5rJDYEH,11.906196000000001,30.597559999999998,22.130782
499200,a1r9IRN6Zrgwo194AsPW2IbLNqg7U+5NX6Z4ptggBuvc0ieb1/K5xnTD+5rJDYEH,19.215974,51.22645,33.354312
499500,a1r9IRN6Zrgwo194AsPW2IbLNqg7U+5NX6Z4ptggBuvc0ieb1/K5xnTD+5rJDYEH,24.257114,42.426873,32.603786
499800,a1r9IRN6Zrgwo194AsPW2IbLNqg7U+5NX6Z4ptggBuvc0ieb1/K5xnTD+5rJDYEH,13.380742000000001,35.918960999999996,23.152299
500100,a1r9IRN6Zrgwo194AsPW2IbLNqg7U+5NX6Z4ptggBuvc0ieb1/K5xnTD+5rJDYEH,17.709146,47.208864,37.018345000000004
500400,a1r9IRN6Zrgwo194AsPW2IbLNqg7U+5NX6Z4ptggBuvc0ieb1/K5xnTD+5rJDYEH,12.565591,38.540908,20.985186
500700,a1r9IRN6Zrgwo194AsPW2IbLNqg7U+5NX6Z4ptggBuvc0ieb1/K5xnTD+5rJDYEH,16.498615,37.73646,26.022710999999997
501000,a1r9IRN6Zrgwo194AsPW2IbLNqg7U+5NX6Z4ptggBuvc0ieb1/K5xnTD+5rJDYEH,18.450754,38.567365,25.791142999999998
501300,a1r9IRN6Zrgwo194AsPW2IbLNqg7U+5NX6Z4ptggBuvc0ieb1/K5xnTD+5rJDYEH,21.510396,65.45085999999999,44.974858000000005
501600,a1r9IRN6Zrgwo194AsPW2IbLNqg7U+5NX6Z4ptggBuvc0ieb1/K5xnTD+5rJDYEH,11.554477,44.595014,28.815253000000002
501900,a1r9IRN6Zrgwo194AsPW2IbLNqg7U+5NX6Z4ptggBuvc0ieb1/K5xnTD+5rJDYEH,18.664763,38.411685,29.360296
502200,a1r9IRN6Zrgwo194AsPW2IbLNqg7U+5NX6Z4ptggBuvc0ieb1/K5xnTD+5rJDYEH,11.776418,35.608227,23.345925
502500,a1r9IRN6Zrgwo194AsPW2IbLNqg7U+5NX6Z4ptggBuvc0ieb1/K5xnTD+5rJDYEH,11.488248,50.401561,28.470451
502800,a1r9IRN6Zrgwo194AsPW2IbLNqg7U+5NX6Z4ptggBuvc0ieb1/K5xnTD+5rJDYEH,23.442373,45.233034,33.133517
503100,a1r9IRN6Zrgwo194AsPW2IbLNqg7U+5NX6Z4ptggBuvc0ieb1/K5xnTD+5rJDYEH,16.842389999999998,37.666964,24.439059
503400,a1r9IRN6Zrgwo194AsPW2IbLNqg7U+5NX6Z4ptggBuvc0ieb1/K5xnTD+5rJDYEH,18.165812,68.51842099999999,33.214619
503700,a1r9IRN6Zrgwo194AsPW2IbLNqg7U+5NX6Z4ptggBuvc0ieb1/K5xnTD+5rJDYEH,25.262491,61.397836,39.075604999999996
504000,a1r9IRN6Zrgwo194AsPW2IbLNqg7U+5NX6Z4ptggBuvc0ieb1/K5xnTD+5rJDYEH,10.521483,29.582561,18.599553
504300,a1r9IRN6Zrgwo194AsPW2IbLNqg7U+5NX6Z4ptggBuvc0ieb1/K5xnTD+5rJDYEH,2.4529240000000003,17.355469,10.573381
504600,a1r9IRN6Zrgwo194AsPW2IbLNqg7U+5NX6Z4ptggBuvc0ieb1/K5xnTD+5rJDYEH,7.329436,35.480902,19.039710999999997
504900,a1r9IRN6Zrgwo194AsPW2IbLNqg7U+5NX6Z4ptggBuvc0ieb1/K5xnTD+5rJDYEH,24.398332999999997,42.942814,32.12376
505200,a1r9IRN6Zrgwo194AsPW2IbLNqg7U+5NX6Z4ptggBuvc0ieb1/K5xnTD+5rJDYEH,22.114316,45.307376,34.348061
505500,a1r9IRN6Zrgwo194AsPW2IbLNqg7U+5NX6Z4ptggBuvc0ieb1/K5xnTD+5rJDYEH,10.081103,30.238488,19.006686
505800,a1r9IRN6Zrgwo194AsPW2IbLNqg7U+5NX6Z4ptggBuvc0ieb1/K5xnTD+5rJDYEH,3.5520449999999997,31.826512,19.392962
506100,a1r9IRN6Zrgwo194AsPW2IbLNqg7U+5NX6Z4ptggBuvc0ieb1/K5xnTD+5rJDYEH,14.695533,33.506267,24.418505
506400,a1r9IRN6Zrgwo194AsPW2IbLNqg7U+5NX6Z4ptggBuvc0ieb1/K5xnTD+5rJDYEH,18.778534,38.478821,30.038275
506700,a1r9IRN6Zrgwo194AsPW2IbLNqg7U+5NX6Z4ptggBuvc0ieb1/K5xnTD+5rJDYEH,12.614844999999999,25.539920000000002,19.058970000000002
507000,a1r9IRN6Zrgwo194AsPW2IbLNqg7U+5NX6Z4ptggBuvc0ieb1/K5xnTD+5rJDYEH,7.354982000000001,27.186756,16.843649
507300,a1r9IRN6Zrgwo194AsPW2IbLNqg7U+5NX6Z4ptggBuvc0ieb1/K5xnTD+5rJDYEH,15.543277,35.002421999999996,23.811362
507600,a1r9IRN6Zrgwo194AsPW2IbLNqg7U+5NX6Z4ptggBuvc0ieb1/K5xnTD+5rJDYEH,13.002197,36.876016,19.637709
507900,a1r9IRN6Zrgwo194AsPW2IbLNqg7U+5NX6Z4ptggBuvc0ieb1/K5xnTD+5rJDYEH,13.011778999999999,34.203264000000004,21.854804
508200,a1r9IRN6Zrgwo194AsPW2IbLNqg7U+5NX6Z4ptggBuvc0ieb1/K5xnTD+5rJDYEH,10.208272000000001,32.462437,21.649497
508500,a1r9IRN6Zrgwo194AsPW2IbLNqg7U+5NX6Z4ptggBuvc0ieb1/K5xnTD+5rJDYEH,2.9843990000000002,31.871657,17.864839
508800,a1r9IRN6Zrgwo194AsPW2IbLNqg7U+5NX6Z4ptggBuvc0ieb1/K5xnTD+5rJDYEH,7.273876,28.696792,16.592238000000002
509100,a1r9IRN6Zrgwo194AsPW2IbLNqg7U+5NX6Z4ptggBuvc0ieb1/K5xnTD+5rJDYEH,6.144595,29.799582,18.030662
509400,a1r9IRN6Zrgwo194AsPW2IbLNqg7U+5NX6Z4ptggBuvc0ieb1/K5xnTD+5rJDYEH,10.504531,18.84595,14.548103
509700,a1r9IRN6Zrgwo194AsPW2IbLNqg7U+5NX6Z4ptggBuvc0ieb1/K5xnTD+5rJDYEH,10.836642,27.888078999999998,17.503019000000002
510000,a1r9IRN6Zrgwo194AsPW2IbLNqg7U+5NX6Z4ptggBuvc0ieb1/K5xnTD+5rJDYEH,9.469239,26.565671000000002,16.754464000000002
510300,a1r9IRN6Zrgwo194AsPW2IbLNqg7U+5NX6Z4ptggBuvc0ieb1/K5xnTD+5rJDYEH,0.889423,21.332054,11.515585
510600,a1r9IRN6Zrgwo194AsPW2IbLNqg7U+5NX6Z4ptggBuvc0ieb1/K5xnTD+5rJDYEH,5.540874,16.991310000000002,10.004219
510900,a1r9IRN6Zrgwo194AsPW2IbLNqg7U+5NX6Z4ptggBuvc0ieb1/K5xnTD+5rJDYEH,2.999734,17.013379999999998,9.533522999999999
511200,a1r9IRN6Zrgwo194AsPW2IbLNqg7U+5NX6Z4ptggBuvc0ieb1/K5xnTD+5rJDYEH,3.492747,22.350641,8.849926
511500,a1r9IRN6Zrgwo194AsPW2IbLNqg7U+5NX6Z4ptggBuvc0ieb1/K5xnTD+5rJDYEH,6.6566350000000005,21.900562,12.6433
511800,a1r9IRN6Zrgwo194AsPW2IbLNqg7U+5NX6Z4ptggBuvc0ieb1/K5xnTD+5rJDYEH,6.851342999999999,23.724332999999998,13.511364000000002
512100,a1r9IRN6Zrgwo194AsPW2IbLNqg7U+5NX6Z4ptggBuvc0ieb1/K5xnTD+5rJDYEH,6.353155,18.853949,12.283128999999999
512400,a1r9IRN6Zrgwo194AsPW2IbLNqg7U+5NX6Z4ptggBuvc0ieb1/K5xnTD+5rJDYEH,5.640305000000001,21.879761,12.121844
512700,a1r9IRN6Zrgwo194AsPW2IbLNqg7U+5NX6Z4ptggBuvc0ieb1/K5xnTD+5rJDYEH,4.653214,18.222003,10.458682000000001
513000,a1r9IRN6Zrgwo194AsPW2IbLNqg7U+5NX6Z4ptggBuvc0ieb1/K5xnTD+5rJDYEH,0.930557,10.823083,6.7777970000000005
513300,a1r9IRN6Zrgwo194AsPW2IbLNqg7U+5NX6Z4ptggBuvc0ieb1/K5xnTD+5rJDYEH,4.470165,14.105332999999998,8.177639
513600,a1r9IRN6Zrgwo194AsPW2IbLNqg7U+5NX6Z4ptggBuvc0ieb1/K5xnTD+5rJDYEH,6.938669,19.63169,13.864804000000001
513900,a1r9IRN6Zrgwo194AsPW2IbLNqg7U+5NX6Z4ptggBuvc0ieb1/K5xnTD+5rJDYEH,8.225339,18.621043,12.632976
514200,a1r9IRN6Zrgwo194AsPW2IbLNqg7U+5NX6Z4ptggBuvc0ieb1/K5xnTD+5rJDYEH,7.064339,17.256189000000003,10.490853
514500,a1r9IRN6Zrgwo194AsPW2IbLNqg7U+5NX6Z4ptggBuvc0ieb1/K5xnTD+5rJDYEH,5.863239,21.0377,10.893396000000001
514800,a1r9IRN6Zrgwo194AsPW2IbLNqg7U+5NX6Z4ptggBuvc0ieb1/K5xnTD+5rJDYEH,4.706859,10.883497,7.924327000000001
515100,a1r9IRN6Zrgwo194AsPW2IbLNqg7U+5NX6Z4ptggBuvc0ieb1/K5xnTD+5rJDYEH,4.3946879999999995,35.351442,10.192343
515400,a1r9IRN6Zrgwo194AsPW2IbLNqg7U+5NX6Z4ptggBuvc0ieb1/K5xnTD+5rJDYEH,5.548655999999999,16.911217999999998,10.94115
515700,a1r9IRN6Zrgwo194AsPW2IbLNqg7U+5NX6Z4ptggBuvc0ieb1/K5xnTD+5rJDYEH,4.370609,14.642710000000001,9.589156
516000,a1r9IRN6Zrgwo194AsPW2IbLNqg7U+5NX6Z4ptggBuvc0ieb1/K5xnTD+5rJDYEH,4.504459,17.964855,10.459149
516300,a1r9IRN6Zrgwo194AsPW2IbLNqg7U+5NX6Z4ptggBuvc0ieb1/K5xnTD+5rJDYEH,6.297932,15.768226,10.374293
516600,a1r9IRN6Zrgwo194AsPW2IbLNqg7U+5NX6Z4ptggBuvc0ieb1/K5xnTD+5rJDYEH,5.801458,13.119145999999999,8.639919
516900,a1r9IRN6Zrgwo194AsPW2IbLNqg7U+5NX6Z4ptggBuvc0ieb1/K5xnTD+5rJDYEH,4.459418,15.224507999999998,8.586176
517200,a1r9IRN6Zrgwo194AsPW2IbLNqg7U+5NX6Z4ptggBuvc0ieb1/K5xnTD+5rJDYEH,2.850527,14.789567000000002,7.995128
517500,a1r9IRN6Zrgwo194AsPW2IbLNqg7U+5NX6Z4ptggBuvc0ieb1/K5xnTD+5rJDYEH,4.8124150000000006,16.189682,10.080977
517800,a1r9IRN6Zrgwo194AsPW2IbLNqg7U+5NX6Z4ptggBuvc0ieb1/K5xnTD+5rJDYEH,2.581944,15.988041,10.256267999999999
518100,a1r9IRN6Zrgwo194AsPW2IbLNqg7U+5NX6Z4ptggBuvc0ieb1/K5xnTD+5rJDYEH,4.992013,22.119135,10.828377
518400,a1r9IRN6Zrgwo194AsPW2IbLNqg7U+5NX6Z4ptggBuvc0ieb1/K5xnTD+5rJDYEH,4.381359,16.302517,8.037560000000001
518700,a1r9IRN6Zrgwo194AsPW2IbLNqg7U+5NX6Z4ptggBuvc0ieb1/K5xnTD+5rJDYEH,4.377330000000001,12.348985,8.064967
519000,a1r9IRN6Zrgwo194AsPW2IbLNqg7U+5NX6Z4ptggBuvc0ieb1/K5xnTD+5rJDYEH,1.362759,9.483152,5.342434
519300,a1r9IRN6Zrgwo194AsPW2IbLNqg7U+5NX6Z4ptggBuvc0ieb1/K5xnTD+5rJDYEH,5.596017,19.273223,8.374169
519600,a1r9IRN6Zrgwo194AsPW2IbLNqg7U+5NX6Z4ptggBuvc0ieb1/K5xnTD+5rJDYEH,4.718323000000001,13.221870000000001,8.149869
519900,a1r9IRN6Zrgwo194AsPW2IbLNqg7U+5NX6Z4ptggBuvc0ieb1/K5xnTD+5rJDYEH,0.7652180000000001,17.510306,8.687857000000001
520200,a1r9IRN6Zrgwo194AsPW2IbLNqg7U+5NX6Z4ptggBuvc0ieb1/K5xnTD+5rJDYEH,3.636632,11.692322,8.028807
520500,a1r9IRN6Zrgwo194AsPW2IbLNqg7U+5NX6Z4ptggBuvc0ieb1/K5xnTD+5rJDYEH,3.5609,13.383876,6.942495
520800,a1r9IRN6Zrgwo194AsPW2IbLNqg7U+5NX6Z4ptggBuvc0ieb1/K5xnTD+5rJDYEH,3.481432,10.153119,6.9645779999999995
521100,a1r9IRN6Zrgwo194AsPW2IbLNqg7U+5NX6Z4ptggBuvc0ieb1/K5xnTD+5rJDYEH,4.510736,13.004036,7.916492999999999
521400,a1r9IRN6Zrgwo194AsPW2IbLNqg7U+5NX6Z4ptggBuvc0ieb1/K5xnTD+5rJDYEH,4.462133000000001,10.943622,7.142017999999999
521700,a1r9IRN6Zrgwo194AsPW2IbLNqg7U+5NX6Z4ptggBuvc0ieb1/K5xnTD+5rJDYEH,3.7211410000000003,21.01835,7.727196000000001
522000,a1r9IRN6Zrgwo194AsPW2IbLNqg7U+5NX6Z4ptggBuvc0ieb1/K5xnTD+5rJDYEH,2.853854,15.075631,8.103411
522300,a1r9IRN6Zrgwo194AsPW2IbLNqg7U+5NX6Z4ptggBuvc0ieb1/K5xnTD+5rJDYEH,2.5851990000000002,7.569389,4.610563
522600,a1r9IRN6Zrgwo194AsPW2IbLNqg7U+5NX6Z4ptggBuvc0ieb1/K5xnTD+5rJDYEH,2.6192509999999998,9.51825,5.685244
522900,a1r9IRN6Zrgwo194AsPW2IbLNqg7U+5NX6Z4ptggBuvc0ieb1/K5xnTD+5rJDYEH,3.35426,12.330007,7.9504529999999995
523200,a1r9IRN6Zrgwo194AsPW2IbLNqg7U+5NX6Z4ptggBuvc0ieb1/K5xnTD+5rJDYEH,3.661722,10.407302,7.152421
523500,a1r9IRN6Zrgwo194AsPW2IbLNqg7U+5NX6Z4ptggBuvc0ieb1/K5xnTD+5rJDYEH,3.421821,13.184519,8.523247
523800,a1r9IRN6Zrgwo194AsPW2IbLNqg7U+5NX6Z4ptggBuvc0ieb1/K5xnTD+5rJDYEH,1.973497,10.295647,5.571615
524100,a1r9IRN6Zrgwo194AsPW2IbLNqg7U+5NX6Z4ptggBuvc0ieb1/K5xnTD+5rJDYEH,3.369754,10.387210000000001,5.988907
524400,a1r9IRN6Zrgwo194AsPW2IbLNqg7U+5NX6Z4ptggBuvc0ieb1/K5xnTD+5rJDYEH,2.634001,22.935967,10.349772
524700,a1r9IRN6Zrgwo194AsPW2IbLNqg7U+5NX6Z4ptggBuvc0ieb1/K5xnTD+5rJDYEH,6.718833,25.297926,14.705907999999999
525000,a1r9IRN6Zrgwo194AsPW2IbLNqg7U+5NX6Z4ptggBuvc0ieb1/K5xnTD+5rJDYEH,5.162294,14.538203,10.294935
525300,a1r9IRN6Zrgwo194AsPW2IbLNqg7U+5NX6Z4ptggBuvc0ieb1/K5xnTD+5rJDYEH,9.622098,24.243007000000002,14.468608999999999
525600,a1r9IRN6Zrgwo194AsPW2IbLNqg7U+5NX6Z4ptggBuvc0ieb1/K5xnTD+5rJDYEH,5.930727,24.189685,14.5269
525900,a1r9IRN6Zrgwo194AsPW2IbLNqg7U+5NX6Z4ptggBuvc0ieb1/K5xnTD+5rJDYEH,2.177766,24.882996,11.111152
526200,a1r9IRN6Zrgwo194AsPW2IbLNqg7U+5NX6Z4ptggBuvc0ieb1/K5xnTD+5rJDYEH,1.680262,15.66894,8.262246000000001
526500,a1r9IRN6Zrgwo194AsPW2IbLNqg7U+5NX6Z4ptggBuvc0ieb1/K5xnTD+5rJDYEH,4.405722,14.943003,8.294386
526800,a1r9IRN6Zrgwo194AsPW2IbLNqg7U+5NX6Z4ptggBuvc0ieb1/K5xnTD+5rJDYEH,3.8655980000000003,15.844864999999999,9.067412
527100,a1r9IRN6Zrgwo194AsPW2IbLNqg7U+5NX6Z4ptggBuvc0ieb1/K5xnTD+5rJDYEH,2.980715,17.098983999999998,9.294264
527400,a1r9IRN6Zrgwo194AsPW2IbLNqg7U+5NX6Z4ptggBuvc0ieb1/K5xnTD+5rJDYEH,3.593865,26.675041999999998,7.031302
527700,a1r9IRN6Zrgwo194AsPW2IbLNqg7U+5NX6Z4ptggBuvc0ieb1/K5xnTD+5rJDYEH,6.39102,13.822898,9.151480000000001
528000,a1r9IRN6Zrgwo194AsPW2IbLNqg7U+5NX6Z4ptggBuvc0ieb1/K5xnTD+5rJDYEH,5.105104,12.587462,8.259267
528300,a1r9IRN6Zrgwo194AsPW2IbLNqg7U+5NX6Z4ptggBuvc0ieb1/K5xnTD+5rJDYEH,5.039339,17.975173,8.967132000000001
528600,a1r9IRN6Zrgwo194AsPW2IbLNqg7U+5NX6Z4ptggBuvc0ieb1/K5xnTD+5rJDYEH,7.330975,19.524226000000002,12.195489
528900,a1r9IRN6Zrgwo194AsPW2IbLNqg7U+5NX6Z4ptggBuvc0ieb1/K5xnTD+5rJDYEH,7.3509839999999995,19.79014,11.097088000000001
529200,a1r9IRN6Zrgwo194AsPW2IbLNqg7U+5NX6Z4ptggBuvc0ieb1/K5xnTD+5rJDYEH,2.171105,15.186366,8.717267999999999
529500,a1r9IRN6Zrgwo194AsPW2IbLNqg7U+5NX6Z4ptggBuvc0ieb1/K5xnTD+5rJDYEH,8.037345,23.087845,13.90422
529800,a1r9IRN6Zrgwo194AsPW2IbLNqg7U+5NX6Z4ptggBuvc0ieb1/K5xnTD+5rJDYEH,3.4571709999999998,19.062261,10.48757
530100,a1r9IRN6Zrgwo194AsPW2IbLNqg7U+5NX6Z4ptggBuvc0ieb1/K5xnTD+5rJDYEH,4.39114,23.100594,9.168329
530400,a1r9IRN6Zrgwo194AsPW2IbLNqg7U+5NX6Z4ptggBuvc0ieb1/K5xnTD+5rJDYEH,5.893358,19.070464,10.801528999999999
530700,a1r9IRN6Zrgwo194AsPW2IbLNqg7U+5NX6Z4ptggBuvc0ieb1/K5xnTD+5rJDYEH,5.534876000000001,14.435514999999999,8.064859
531000,a1r9IRN6Zrgwo194AsPW2IbLNqg7U+5NX6Z4ptggBuvc0ieb1/K5xnTD+5rJDYEH,7.868567999999999,20.516002,12.95551
531300,a1r9IRN6Zrgwo194AsPW2IbLNqg7U+5NX6Z4ptggBuvc0ieb1/K5xnTD+5rJDYEH,0.8294290000000001,16.301266000000002,10.054459
531600,a1r9IRN6Zrgwo194AsPW2IbLNqg7U+5NX6Z4ptggBuvc0ieb1/K5xnTD+5rJDYEH,5.388878,20.817593,13.161007999999999
531900,a1r9IRN6Zrgwo194AsPW2IbLNqg7U+5NX6Z4ptggBuvc0ieb1/K5xnTD+5rJDYEH,6.715700999999999,43.911854,13.359698999999999
532200,a1r9IRN6Zrgwo194AsPW2IbLNqg7U+5NX6Z4ptggBuvc0ieb1/K5xnTD+5rJDYEH,7.93584,18.320176,11.861749
532500,a1r9IRN6Zrgwo194AsPW2IbLNqg7U+5NX6Z4ptggBuvc0ieb1/K5xnTD+5rJDYEH,9.531912,23.098098,14.870820000000002
532800,a1r9IRN6Zrgwo194AsPW2IbLNqg7U+5NX6Z4ptggBuvc0ieb1/K5xnTD+5rJDYEH,9.859885,21.190488000000002,14.102104999999998
533100,a1r9IRN6Zrgwo194AsPW2IbLNqg7U+5NX6Z4ptggBuvc0ieb1/K5xnTD+5rJDYEH,2.051744,17.597575,11.224877000000001
533400,a1r9IRN6Zrgwo194AsPW2IbLNqg7U+5NX6Z4ptggBuvc0ieb1/K5xnTD+5rJDYEH,3.685532,14.783382999999999,8.331738
533700,a1r9IRN6Zrgwo194AsPW2IbLNqg7U+5NX6Z4ptggBuvc0ieb1/K5xnTD+5rJDYEH,9.225644,24.721676000000002,15.52542
534000,a1r9IRN6Zrgwo194AsPW2IbLNqg7U+5NX6Z4ptggBuvc0ieb1/K5xnTD+5rJDYEH,7.980116000000001,21.446293,14.989323
534300,a1r9IRN6Zrgwo194AsPW2IbLNqg7U+5NX6Z4ptggBuvc0ieb1/K5xnTD+5rJDYEH,13.256827,29.037187,19.448809
534600,a1r9IRN6Zrgwo194AsPW2IbLNqg7U+5NX6Z4ptggBuvc0ieb1/K5xnTD+5rJDYEH,8.445074,28.851490999999996,14.727778
534900,a1r9IRN6Zrgwo194AsPW2IbLNqg7U+5NX6Z4ptggBuvc0ieb1/K5xnTD+5rJDYEH,10.304624,27.81955,15.970844
535200,a1r9IRN6Zrgwo194AsPW2IbLNqg7U+5NX6Z4ptggBuvc0ieb1/K5xnTD+5rJDYEH,11.514264,29.646289000000003,21.032926
535500,a1r9IRN6Zrgwo194AsPW2IbLNqg7U+5NX6Z4ptggBuvc0ieb1/K5xnTD+5rJDYEH,7.530107000000001,19.835481,13.382187
535800,a1r9IRN6Zrgwo194AsPW2IbLNqg7U+5NX6Z4ptggBuvc0ieb1/K5xnTD+5rJDYEH,16.565496,39.552296999999996,23.496248
536100,a1r9IRN6Zrgwo194AsPW2IbLNqg7U+5NX6Z4ptggBuvc0ieb1/K5xnTD+5rJDYEH,5.533748,28.669006,17.571254
536400,a1r9IRN6Zrgwo194AsPW2IbLNqg7U+5NX6Z4ptggBuvc0ieb1/K5xnTD+5rJDYEH,11.192717,30.98783,18.514359
536700,a1r9IRN6Zrgwo194AsPW2IbLNqg7U+5NX6Z4ptggBuvc0ieb1/K5xnTD+5rJDYEH,12.052783,36.585407000000004,25.490547
537000,a1r9IRN6Zrgwo194AsPW2IbLNqg7U+5NX6Z4ptggBuvc0ieb1/K5xnTD+5rJDYEH,9.479982000000001,31.669649,15.457279000000002
537300,a1r9IRN6Zrgwo194AsPW2IbLNqg7U+5NX6Z4ptggBuvc0ieb1/K5xnTD+5rJDYEH,4.673311,28.667540000000002,18.573432
537600,a1r9IRN6Zrgwo194AsPW2IbLNqg7U+5NX6Z4ptggBuvc0ieb1/K5xnTD+5rJDYEH,11.626096,30.276484000000004,17.097248
537900,a1r9IRN6Zrgwo194AsPW2IbLNqg7U+5NX6Z4ptggBuvc0ieb1/K5xnTD+5rJDYEH,15.947557000000002,34.395161,25.488487
538200,a1r9IRN6Zrgwo194AsPW2IbLNqg7U+5NX6Z4ptggBuvc0ieb1/K5xnTD+5rJDYEH,14.280169,29.399132,20.493316
538500,a1r9IRN6Zrgwo194AsPW2IbLNqg7U+5NX6Z4ptggBuvc0ieb1/K5xnTD+5rJDYEH,6.658761,30.687388000000002,20.47767
538800,a1r9IRN6Zrgwo194AsPW2IbLNqg7U+5NX6Z4ptggBuvc0ieb1/K5xnTD+5rJDYEH,6.522151999999999,24.149881,14.778008999999999
539100,a1r9IRN6Zrgwo194AsPW2IbLNqg7U+5NX6Z4ptggBuvc0ieb1/K5xnTD+5rJDYEH,19.232573000000002,36.981567999999996,27.458402000000003
539400,a1r9IRN6Zrgwo194AsPW2IbLNqg7U+5NX6Z4ptggBuvc0ieb1/K5xnTD+5rJDYEH,7.5897,36.523711999999996,19.993470000000002
539700,a1r9IRN6Zrgwo194AsPW2IbLNqg7U+5NX6Z4ptggBuvc0ieb1/K5xnTD+5rJDYEH,3.337102,20.586394,10.898947
540000,a1r9IRN6Zrgwo194AsPW2IbLNqg7U+5NX6Z4ptggBuvc0ieb1/K5xnTD+5rJDYEH,4.764714,30.474048,19.010365
540300,a1r9IRN6Zrgwo194AsPW2IbLNqg7U+5NX6Z4ptggBuvc0ieb1/K5xnTD+5rJDYEH,8.169739,35.04067,17.495326000000002
540600,a1r9IRN6Zrgwo194AsPW2IbLNqg7U+5NX6Z4ptggBuvc0ieb1/K5xnTD+5rJDYEH,17.001075,38.624533,28.503456
540900,a1r9IRN6Zrgwo194AsPW2IbLNqg7U+5NX6Z4ptggBuvc0ieb1/K5xnTD+5rJDYEH,14.255482,33.97617,22.665183
541200,a1r9IRN6Zrgwo194AsPW2IbLNqg7U+5NX6Z4ptggBuvc0ieb1/K5xnTD+5rJDYEH,9.093778,33.9589,22.447056
541500,a1r9IRN6Zrgwo194AsPW2IbLNqg7U+5NX6Z4ptggBuvc0ieb1/K5xnTD+5rJDYEH,24.279319,47.088959,35.448763
541800,a1r9IRN6Zrgwo194AsPW2IbLNqg7U+5NX6Z4ptggBuvc0ieb1/K5xnTD+5rJDYEH,17.347967,34.815622,25.917106
542100,a1r9IRN6Zrgwo194AsPW2IbLNqg7U+5NX6Z4ptggBuvc0ieb1/K5xnTD+5rJDYEH,20.752754,40.245082000000004,28.278185999999998
542400,a1r9IRN6Zrgwo194AsPW2IbLNqg7U+5NX6Z4ptggBuvc0ieb1/K5xnTD+5rJDYEH,18.232696,39.230740999999995,28.73012
542700,a1r9IRN6Zrgwo194AsPW2IbLNqg7U+5NX6Z4ptggBuvc0ieb1/K5xnTD+5rJDYEH,12.189046000000001,37.387854,22.414614999999998
543000,a1r9IRN6Zrgwo194AsPW2IbLNqg7U+5NX6Z4ptggBuvc0ieb1/K5xnTD+5rJDYEH,8.779069,27.388646,16.163038
543300,a1r9IRN6Zrgwo194AsPW2IbLNqg7U+5NX6Z4ptggBuvc0ieb1/K5xnTD+5rJDYEH,15.350829000000001,32.34413,23.221754999999998
543600,a1r9IRN6Zrgwo194AsPW2IbLNqg7U+5NX6Z4ptggBuvc0ieb1/K5xnTD+5rJDYEH,6.811383,30.397269,16.138468
543900,a1r9IRN6Zrgwo194AsPW2IbLNqg7U+5NX6Z4ptggBuvc0ieb1/K5xnTD+5rJDYEH,5.2924940000000005,42.347912,21.522384
544200,a1r9IRN6Zrgwo194AsPW2IbLNqg7U+5NX6Z4ptggBuvc0ieb1/K5xnTD+5rJDYEH,25.182137,53.469409,41.259284
544500,a1r9IRN6Zrgwo194AsPW2IbLNqg7U+5NX6Z4ptggBuvc0ieb1/K5xnTD+5rJDYEH,11.480739,38.194915,20.906927
544800,a1r9IRN6Zrgwo194AsPW2IbLNqg7U+5NX6Z4ptggBuvc0ieb1/K5xnTD+5rJDYEH,23.784208,54.729963,34.357321
545100,a1r9IRN6Zrgwo194AsPW2IbLNqg7U+5NX6Z4ptggBuvc0ieb1/K5xnTD+5rJDYEH,8.365373,43.556044,22.999567000000003
545400,a1r9IRN6Zrgwo194AsPW2IbLNqg7U+5NX6Z4ptggBuvc0ieb1/K5xnTD+5rJDYEH,10.120301,35.634288,23.719517
545700,a1r9IRN6Zrgwo194AsPW2IbLNqg7U+5NX6Z4ptggBuvc0ieb1/K5xnTD+5rJDYEH,16.432032,44.666007,30.213757
546000,a1r9IRN6Zrgwo194AsPW2IbLNqg7U+5NX6Z4ptggBuvc0ieb1/K5xnTD+5rJDYEH,24.523049,50.04397,36.627171999999995
546300,a1r9IRN6Zrgwo194AsPW2IbLNqg7U+5NX6Z4ptggBuvc0ieb1/K5xnTD+5rJDYEH,6.645241,29.124056,17.440502
546600,a1r9IRN6Zrgwo194AsPW2IbLNqg7U+5NX6Z4ptggBuvc0ieb1/K5xnTD+5rJDYEH,4.8589,21.601088,12.732505
546900,a1r9IRN6Zrgwo194AsPW2IbLNqg7U+5NX6Z4ptggBuvc0ieb1/K5xnTD+5rJDYEH,7.237724000000001,30.739015999999996,16.903523999999997
547200,a1r9IRN6Zrgwo194AsPW2IbLNqg7U+5NX6Z4ptggBuvc0ieb1/K5xnTD+5rJDYEH,18.553123,45.417681,33.595887
547500,a1r9IRN6Zrgwo194AsPW2IbLNqg7U+5NX6Z4ptggBuvc0ieb1/K5xnTD+5rJDYEH,9.489739,38.9812,22.048094
547800,a1r9IRN6Zrgwo194AsPW2IbLNqg7U+5NX6Z4ptggBuvc0ieb1/K5xnTD+5rJDYEH,18.651657,39.103993,30.516047999999998
548100,a1r9IRN6Zrgwo194AsPW2IbLNqg7U+5NX6Z4ptggBuvc0ieb1/K5xnTD+5rJDYEH,6.657972,32.927948,18.852367
548400,a1r9IRN6Zrgwo194AsPW2IbLNqg7U+5NX6Z4ptggBuvc0ieb1/K5xnTD+5rJDYEH,27.568640000000002,44.031252,35.653057000000004
548700,a1r9IRN6Zrgwo194AsPW2IbLNqg7U+5NX6Z4ptggBuvc0ieb1/K5xnTD+5rJDYEH,15.892679000000001,48.127891,29.704745000000003
549000,a1r9IRN6Zrgwo194AsPW2IbLNqg7U+5NX6Z4ptggBuvc0ieb1/K5xnTD+5rJDYEH,23.966159,43.277699,33.668923
549300,a1r9IRN6Zrgwo194AsPW2IbLNqg7U+5NX6Z4ptggBuvc0ieb1/K5xnTD+5rJDYEH,13.638156,46.311537,31.127553000000002
549600,a1r9IRN6Zrgwo194AsPW2IbLNqg7U+5NX6Z4ptggBuvc0ieb1/K5xnTD+5rJDYEH,8.11707,38.134797999999996,22.012023000000003
549900,a1r9IRN6Zrgwo194AsPW2IbLNqg7U+5NX6Z4ptggBuvc0ieb1/K5xnTD+5rJDYEH,5.759623,31.797266999999998,18.751371
550200,a1r9IRN6Zrgwo194AsPW2IbLNqg7U+5NX6Z4ptggBuvc0ieb1/K5xnTD+5rJDYEH,11.673881,33.328175,24.182972
550500,a1r9IRN6Zrgwo194AsPW2IbLNqg7U+5NX6Z4ptggBuvc0ieb1/K5xnTD+5rJDYEH,25.260195,43.773906,33.297585999999995
550800,a1r9IRN6Zrgwo194AsPW2IbLNqg7U+5NX6Z4ptggBuvc0ieb1/K5xnTD+5rJDYEH,20.441114000000002,42.849939,31.0839
551100,a1r9IRN6Zrgwo194AsPW2IbLNqg7U+5NX6Z4ptggBuvc0ieb1/K5xnTD+5rJDYEH,27.798496000000004,53.768588,40.277066999999995
551400,a1r9IRN6Zrgwo194AsPW2IbLNqg7U+5NX6Z4ptggBuvc0ieb1/K5xnTD+5rJDYEH,23.878985999999998,40.939679,32.392764
551700,a1r9IRN6Zrgwo194AsPW2IbLNqg7U+5NX6Z4ptggBuvc0ieb1/K5xnTD+5rJDYEH,20.219205,42.221846,30.979290000000002
552000,a1r9IRN6Zrgwo194AsPW2IbLNqg7U+5NX6Z4ptggBuvc0ieb1/K5xnTD+5rJDYEH,11.635589999999999,42.526538,26.985644
552300,a1r9IRN6Zrgwo194AsPW2IbLNqg7U+5NX6Z4ptggBuvc0ieb1/K5xnTD+5rJDYEH,9.534631,27.612741999999997,17.949193
552600,a1r9IRN6Zrgwo194AsPW2IbLNqg7U+5NX6Z4ptggBuvc0ieb1/K5xnTD+5rJDYEH,15.125791,37.300664000000005,25.135492000000003
552900,a1r9IRN6Zrgwo194AsPW2IbLNqg7U+5NX6Z4ptggBuvc0ieb1/K5xnTD+5rJDYEH,12.350597,33.695052000000004,21.240591000000002
553200,a1r9IRN6Zrgwo194AsPW2IbLNqg7U+5NX6Z4ptggBuvc0ieb1/K5xnTD+5rJDYEH,15.015141,37.670888,25.550395
553500,a1r9IRN6Zrgwo194AsPW2IbLNqg7U+5NX6Z4ptggBuvc0ieb1/K5xnTD+5rJDYEH,17.914893,37.91576,25.591555
553800,a1r9IRN6Zrgwo194AsPW2IbLNqg7U+5NX6Z4ptggBuvc0ieb1/K5xnTD+5rJDYEH,17.09122,30.699023999999998,24.168585999999998
554100,a1r9IRN6Zrgwo194AsPW2IbLNqg7U+5NX6Z4ptggBuvc0ieb1/K5xnTD+5rJDYEH,24.852495,79.96723100000001,36.54663
554400,a1r9IRN6Zrgwo194AsPW2IbLNqg7U+5NX6Z4ptggBuvc0ieb1/K5xnTD+5rJDYEH,15.367102,39.481778999999996,27.308090999999997
554700,a1r9IRN6Zrgwo194AsPW2IbLNqg7U+5NX6Z4ptggBuvc0ieb1/K5xnTD+5rJDYEH,21.160864,43.564724,31.842783
555000,a1r9IRN6Zrgwo194AsPW2IbLNqg7U+5NX6Z4ptggBuvc0ieb1/K5xnTD+5rJDYEH,25.78094,55.716478,36.416044
555300,a1r9IRN6Zrgwo194AsPW2IbLNqg7U+5NX6Z4ptggBuvc0ieb1/K5xnTD+5rJDYEH,21.7821,56.457094999999995,37.682052
555600,a1r9IRN6Zrgwo194AsPW2IbLNqg7U+5NX6Z4ptggBuvc0ieb1/K5xnTD+5rJDYEH,23.481727,50.181509999999996,34.813703000000004
555900,a1r9IRN6Zrgwo194AsPW2IbLNqg7U+5NX6Z4ptggBuvc0ieb1/K5xnTD+5rJDYEH,19.405298000000002,38.847592999999996,28.096164
556200,a1r9IRN6Zrgwo194AsPW2IbLNqg7U+5NX6Z4ptggBuvc0ieb1/K5xnTD+5rJDYEH,15.282595,42.007503,29.023418
556500,a1r9IRN6Zrgwo194AsPW2IbLNqg7U+5NX6Z4ptggBuvc0ieb1/K5xnTD+5rJDYEH,25.141704999999998,58.533080000000005,39.589267
556800,a1r9IRN6Zrgwo194AsPW2IbLNqg7U+5NX6Z4ptggBuvc0ieb1/K5xnTD+5rJDYEH,13.4816,41.543347,26.658008000000002
557100,a1r9IRN6Zrgwo194AsPW2IbLNqg7U+5NX6Z4ptggBuvc0ieb1/K5xnTD+5rJDYEH,20.688753,45.796817,34.261223
557400,a1r9IRN6Zrgwo194AsPW2IbLNqg7U+5NX6Z4ptggBuvc0ieb1/K5xnTD+5rJDYEH,10.241087,49.702617,30.165846000000002
557700,a1r9IRN6Zrgwo194AsPW2IbLNqg7U+5NX6Z4ptggBuvc0ieb1/K5xnTD+5rJDYEH,19.049404,61.967916,38.191993
558000,a1r9IRN6Zrgwo194AsPW2IbLNqg7U+5NX6Z4ptggBuvc0ieb1/K5xnTD+5rJDYEH,16.913694,43.991005,27.973719
558300,a1r9IRN6Zrgwo194AsPW2IbLNqg7U+5NX6Z4ptggBuvc0ieb1/K5xnTD+5rJDYEH,21.029587,57.003473,37.552312
558600,a1r9IRN6Zrgwo194AsPW2IbLNqg7U+5NX6Z4ptggBuvc0ieb1/K5xnTD+5rJDYEH,6.4191650000000005,30.487876,17.033659
558900,a1r9IRN6Zrgwo194AsPW2IbLNqg7U+5NX6Z4ptggBuvc0ieb1/K5xnTD+5rJDYEH,6.032276,47.422896,17.483773
559200,a1r9IRN6Zrgwo194AsPW2IbLNqg7U+5NX6Z4ptggBuvc0ieb1/K5xnTD+5rJDYEH,13.183425,42.590354999999995,26.417213
559500,a1r9IRN6Zrgwo194AsPW2IbLNqg7U+5NX6Z4ptggBuvc0ieb1/K5xnTD+5rJDYEH,10.332296000000001,29.971090999999998,19.436887
559800,a1r9IRN6Zrgwo194AsPW2IbLNqg7U+5NX6Z4ptggBuvc0ieb1/K5xnTD+5rJDYEH,17.572995000000002,43.522813,28.975783000000003
560100,a1r9IRN6Zrgwo194AsPW2IbLNqg7U+5NX6Z4ptggBuvc0ieb1/K5xnTD+5rJDYEH,30.527255,51.706532,40.293409000000004
560400,a1r9IRN6Zrgwo194AsPW2IbLNqg7U+5NX6Z4ptggBuvc0ieb1/K5xnTD+5rJDYEH,9.308968,36.748349,23.480647
560700,a1r9IRN6Zrgwo194AsPW2IbLNqg7U+5NX6Z4ptggBuvc0ieb1/K5xnTD+5rJDYEH,14.169316,31.712148,22.106153
561000,a1r9IRN6Zrgwo194AsPW2IbLNqg7U+5NX6Z4ptggBuvc0ieb1/K5xnTD+5rJDYEH,8.473365,38.346238,22.710481
561300,a1r9IRN6Zrgwo194AsPW2IbLNqg7U+5NX6Z4ptggBuvc0ieb1/K5xnTD+5rJDYEH,25.956424,61.836389000000004,41.717843
561600,a1r9IRN6Zrgwo194AsPW2IbLNqg7U+5NX6Z4ptggBuvc0ieb1/K5xnTD+5rJDYEH,23.137667,67.168584,42.000492
561900,a1r9IRN6Zrgwo194AsPW2IbLNqg7U+5NX6Z4ptggBuvc0ieb1/K5xnTD+5rJDYEH,10.696891,43.342452,25.277873
562200,a1r9IRN6Zrgwo194AsPW2IbLNqg7U+5NX6Z4ptggBuvc0ieb1/K5xnTD+5rJDYEH,26.070446,54.774724,39.608239000000005
562500,a1r9IRN6Zrgwo194AsPW2IbLNqg7U+5NX6Z4ptggBuvc0ieb1/K5xnTD+5rJDYEH,23.734596,61.282237,40.441117999999996
562800,a1r9IRN6Zrgwo194AsPW2IbLNqg7U+5NX6Z4ptggBuvc0ieb1/K5xnTD+5rJDYEH,21.386582999999998,38.111461,30.595275
563100,a1r9IRN6Zrgwo194AsPW2IbLNqg7U+5NX6Z4ptggBuvc0ieb1/K5xnTD+5rJDYEH,14.276828,53.223666,25.718643
563400,a1r9IRN6Zrgwo194AsPW2IbLNqg7U+5NX6Z4ptggBuvc0ieb1/K5xnTD+5rJDYEH,13.552907000000001,46.203936999999996,30.469658000000003
563700,a1r9IRN6Zrgwo194AsPW2IbLNqg7U+5NX6Z4ptggBuvc0ieb1/K5xnTD+5rJDYEH,14.234637,42.409178000000004,27.223836
564000,a1r9IRN6Zrgwo194AsPW2IbLNqg7U+5NX6Z4ptggBuvc0ieb1/K5xnTD+5rJDYEH,23.825127,48.035284000000004,36.156040999999995
564300,a1r9IRN6Zrgwo194AsPW2IbLNqg7U+5NX6Z4ptggBuvc0ieb1/K5xnTD+5rJDYEH,18.43676,63.469859,27.950822
564600,a1r9IRN6Zrgwo194AsPW2IbLNqg7U+5NX6Z4ptggBuvc0ieb1/K5xnTD+5rJDYEH,22.018826,44.153284,30.854389
564900,a1r9IRN6Zrgwo194AsPW2IbLNqg7U+5NX6Z4ptggBuvc0ieb1/K5xnTD+5rJDYEH,9.249162,43.893968,29.410923999999998
565200,a1r9IRN6Zrgwo194AsPW2IbLNqg7U+5NX6Z4ptggBuvc0ieb1/K5xnTD+5rJDYEH,22.11861,54.206103000000006,38.495020000000004
565500,a1r9IRN6Zrgwo194AsPW2IbLNqg7U+5NX6Z4ptggBuvc0ieb1/K5xnTD+5rJDYEH,11.262352,40.405836,25.004410999999998
565800,a1r9IRN6Zrgwo194AsPW2IbLNqg7U+5NX6Z4ptggBuvc0ieb1/K5xnTD+5rJDYEH,10.328515,51.443836,25.140698
566100,a1r9IRN6Zrgwo194AsPW2IbLNqg7U+5NX6Z4ptggBuvc0ieb1/K5xnTD+5rJDYEH,15.285772,43.799575,28.972517
566400,a1r9IRN6Zrgwo194AsPW2IbLNqg7U+5NX6Z4ptggBuvc0ieb1/K5xnTD+5rJDYEH,10.567456,39.158198999999996,27.519051
566700,a1r9IRN6Zrgwo194AsPW2IbLNqg7U+5NX6Z4ptggBuvc0ieb1/K5xnTD+5rJDYEH,14.018142999999998,37.362667,23.44195
567000,a1r9IRN6Zrgwo194AsPW2IbLNqg7U+5NX6Z4ptggBuvc0ieb1/K5xnTD+5rJDYEH,18.841365,48.165973,35.632721999999994
567300,a1r9IRN6Zrgwo194AsPW2IbLNqg7U+5NX6Z4ptggBuvc0ieb1/K5xnTD+5rJDYEH,18.290941,42.141328,29.929814
567600,a1r9IRN6Zrgwo194AsPW2IbLNqg7U+5NX6Z4ptggBuvc0ieb1/K5xnTD+5rJDYEH,18.199852,50.386268,28.814324
567900,a1r9IRN6Zrgwo194AsPW2IbLNqg7U+5NX6Z4ptggBuvc0ieb1/K5xnTD+5rJDYEH,29.014246999999997,58.37896800000001,43.190582
568200,a1r9IRN6Zrgwo194AsPW2IbLNqg7U+5NX6Z4ptggBuvc0ieb1/K5xnTD+5rJDYEH,16.631349,59.138188,37.86637
568500,a1r9IRN6Zrgwo194AsPW2IbLNqg7U+5NX6Z4ptggBuvc0ieb1/K5xnTD+5rJDYEH,10.702438,39.240204,26.156596
568800,a1r9IRN6Zrgwo194AsPW2IbLNqg7U+5NX6Z4ptggBuvc0ieb1/K5xnTD+5rJDYEH,9.796183000000001,57.047706999999996,29.650033
569100,a1r9IRN6Zrgwo194AsPW2IbLNqg7U+5NX6Z4ptggBuvc0ieb1/K5xnTD+5rJDYEH,20.669786,57.335958,41.217383
569400,a1r9IRN6Zrgwo194AsPW2IbLNqg7U+5NX6Z4ptggBuvc0ieb1/K5xnTD+5rJDYEH,22.278022,40.580688,31.187851000000002
569700,a1r9IRN6Zrgwo194AsPW2IbLNqg7U+5NX6Z4ptggBuvc0ieb1/K5xnTD+5rJDYEH,11.978638,45.779614,31.501124
570000,a1r9IRN6Zrgwo194AsPW2IbLNqg7U+5NX6Z4ptggBuvc0ieb1/K5xnTD+5rJDYEH,18.483173999999998,49.121549,30.244213000000002
570300,a1r9IRN6Zrgwo194AsPW2IbLNqg7U+5NX6Z4ptggBuvc0ieb1/K5xnTD+5rJDYEH,15.935804999999998,44.365216,23.84573
570600,a1r9IRN6Zrgwo194AsPW2IbLNqg7U+5NX6Z4ptggBuvc0ieb1/K5xnTD+5rJDYEH,9.375304,32.531845000000004,20.591534
570900,a1r9IRN6Zrgwo194AsPW2IbLNqg7U+5NX6Z4ptggBuvc0ieb1/K5xnTD+5rJDYEH,6.135187,32.191476,19.020511
571200,a1r9IRN6Zrgwo194AsPW2IbLNqg7U+5NX6Z4ptggBuvc0ieb1/K5xnTD+5rJDYEH,12.91505,42.424289,24.985267
571500,a1r9IRN6Zrgwo194AsPW2IbLNqg7U+5NX6Z4ptggBuvc0ieb1/K5xnTD+5rJDYEH,15.967184,45.348621,33.65161
571800,a1r9IRN6Zrgwo194AsPW2IbLNqg7U+5NX6Z4ptggBuvc0ieb1/K5xnTD+5rJDYEH,10.761083,26.420531,17.706253
572100,a1r9IRN6Zrgwo194AsPW2IbLNqg7U+5NX6Z4ptggBuvc0ieb1/K5xnTD+5rJDYEH,11.950368,41.406646,26.921342
572400,a1r9IRN6Zrgwo194AsPW2IbLNqg7U+5NX6Z4ptggBuvc0ieb1/K5xnTD+5rJDYEH,9.401696000000001,44.962564,27.060808
572700,a1r9IRN6Zrgwo194AsPW2IbLNqg7U+5NX6Z4ptggBuvc0ieb1/K5xnTD+5rJDYEH,20.878798,61.223946,40.39049
573000,a1r9IRN6Zrgwo194AsPW2IbLNqg7U+5NX6Z4ptggBuvc0ieb1/K5xnTD+5rJDYEH,23.284914,53.818668,36.549352
573300,a1r9IRN6Zrgwo194AsPW2IbLNqg7U+5NX6Z4ptggBuvc0ieb1/K5xnTD+5rJDYEH,36.07437,59.879739,46.872422
573600,a1r9IRN6Zrgwo194AsPW2IbLNqg7U+5NX6Z4ptggBuvc0ieb1/K5xnTD+5rJDYEH,39.20897,79.492812,59.408181000000006
573900,a1r9IRN6Zrgwo194AsPW2IbLNqg7U+5NX6Z4ptggBuvc0ieb1/K5xnTD+5rJDYEH,24.202839,67.013862,39.556002
574200,a1r9IRN6Zrgwo194AsPW2IbLNqg7U+5NX6Z4ptggBuvc0ieb1/K5xnTD+5rJDYEH,33.461877,52.520951000000004,40.943225
574500,a1r9IRN6Zrgwo194AsPW2IbLNqg7U+5NX6Z4ptggBuvc0ieb1/K5xnTD+5rJDYEH,17.491726999999997,52.172312,33.126232
574800,a1r9IRN6Zrgwo194AsPW2IbLNqg7U+5NX6Z4ptggBuvc0ieb1/K5xnTD+5rJDYEH,17.774922,42.536142,28.628104999999998
575100,a1r9IRN6Zrgwo194AsPW2IbLNqg7U+5NX6Z4ptggBuvc0ieb1/K5xnTD+5rJDYEH,9.003884,39.285537,25.177979
575400,a1r9IRN6Zrgwo194AsPW2IbLNqg7U+5NX6Z4ptggBuvc0ieb1/K5xnTD+5rJDYEH,17.347005,41.346166,26.213369
575700,a1r9IRN6Zrgwo194AsPW2IbLNqg7U+5NX6Z4ptggBuvc0ieb1/K5xnTD+5rJDYEH,32.711054,59.374193000000005,44.513902
576000,a1r9IRN6Zrgwo194AsPW2IbLNqg7U+5NX6Z4ptggBuvc0ieb1/K5xnTD+5rJDYEH,39.696832,57.335485999999996,46.909526
576300,a1r9IRN6Zrgwo194AsPW2IbLNqg7U+5NX6Z4ptggBuvc0ieb1/K5xnTD+5rJDYEH,21.404331,59.064748,41.322264000000004
576600,a1r9IRN6Zrgwo194AsPW2IbLNqg7U+5NX6Z4ptggBuvc0ieb1/K5xnTD+5rJDYEH,7.7935740000000004,55.538949,34.525085
576900,a1r9IRN6Zrgwo194AsPW2IbLNqg7U+5NX6Z4ptggBuvc0ieb1/K5xnTD+5rJDYEH,5.462924,39.821531,18.323295
577200,a1r9IRN6Zrgwo194AsPW2IbLNqg7U+5NX6Z4ptggBuvc0ieb1/K5xnTD+5rJDYEH,29.30045,64.750744,43.280801000000004
577500,a1r9IRN6Zrgwo194AsPW2IbLNqg7U+5NX6Z4ptggBuvc0ieb1/K5xnTD+5rJDYEH,16.934137,47.956208000000004,33.848151
577800,a1r9IRN6Zrgwo194AsPW2IbLNqg7U+5NX6Z4ptggBuvc0ieb1/K5xnTD+5rJDYEH,23.813904,46.198006,34.838287
578100,a1r9IRN6Zrgwo194AsPW2IbLNqg7U+5NX6Z4ptggBuvc0ieb1/K5xnTD+5rJDYEH,23.524183999999998,45.031046,34.044266
578400,a1r9IRN6Zrgwo194AsPW2IbLNqg7U+5NX6Z4ptggBuvc0ieb1/K5xnTD+5rJDYEH,17.639885999999997,50.611649,36.334425
578700,a1r9IRN6Zrgwo194AsPW2IbLNqg7U+5NX6Z4ptggBuvc0ieb1/K5xnTD+5rJDYEH,24.755479,41.969284,31.340211
579000,a1r9IRN6Zrgwo194AsPW2IbLNqg7U+5NX6Z4ptggBuvc0ieb1/K5xnTD+5rJDYEH,23.623142,54.52847,36.206154
579300,a1r9IRN6Zrgwo194AsPW2IbLNqg7U+5NX6Z4ptggBuvc0ieb1/K5xnTD+5rJDYEH,12.110864,56.301577,40.227413
579600,a1r9IRN6Zrgwo194AsPW2IbLNqg7U+5NX6Z4ptggBuvc0ieb1/K5xnTD+5rJDYEH,10.825827,34.682589,20.175666
579900,a1r9IRN6Zrgwo194AsPW2IbLNqg7U+5NX6Z4ptggBuvc0ieb1/K5xnTD+5rJDYEH,29.368345,62.412902,45.61983
580200,a1r9IRN6Zrgwo194AsPW2IbLNqg7U+5NX6Z4ptggBuvc0ieb1/K5xnTD+5rJDYEH,21.275063,46.927446,33.97998
580500,a1r9IRN6Zrgwo194AsPW2IbLNqg7U+5NX6Z4ptggBuvc0ieb1/K5xnTD+5rJDYEH,19.959715,44.101125,30.667107
580800,a1r9IRN6Zrgwo194AsPW2IbLNqg7U+5NX6Z4ptggBuvc0ieb1/K5xnTD+5rJDYEH,26.068045,52.038354999999996,39.946446
581100,a1r9IRN6Zrgwo194AsPW2IbLNqg7U+5NX6Z4ptggBuvc0ieb1/K5xnTD+5rJDYEH,25.664291,41.420148,32.100844
581400,a1r9IRN6Zrgwo194AsPW2IbLNqg7U+5NX6Z4ptggBuvc0ieb1/K5xnTD+5rJDYEH,10.433537,34.212047,21.437831
581700,a1r9IRN6Zrgwo194AsPW2IbLNqg7U+5NX6Z4ptggBuvc0ieb1/K5xnTD+5rJDYEH,8.568697,68.631528,34.383682
582000,a1r9IRN6Zrgwo194AsPW2IbLNqg7U+5NX6Z4ptggBuvc0ieb1/K5xnTD+5rJDYEH,28.162888,87.87299300000001,64.595972
582300,a1r9IRN6Zrgwo194AsPW2IbLNqg7U+5NX6Z4ptggBuvc0ieb1/K5xnTD+5rJDYEH,14.764725,41.054016,26.346911
582600,a1r9IRN6Zrgwo194AsPW2IbLNqg7U+5NX6Z4ptggBuvc0ieb1/K5xnTD+5rJDYEH,24.178043,45.719167999999996,34.532284000000004
582900,a1r9IRN6Zrgwo194AsPW2IbLNqg7U+5NX6Z4ptggBuvc0ieb1/K5xnTD+5rJDYEH,13.389326,39.273122,30.139928
583200,a1r9IRN6Zrgwo194AsPW2IbLNqg7U+5NX6Z4ptggBuvc0ieb1/K5xnTD+5rJDYEH,12.24128,41.068591,28.139078
583500,a1r9IRN6Zrgwo194AsPW2IbLNqg7U+5NX6Z4ptggBuvc0ieb1/K5xnTD+5rJDYEH,30.475917,63.778507999999995,49.218946
583800,a1r9IRN6Zrgwo194AsPW2IbLNqg7U+5NX6Z4ptggBuvc0ieb1/K5xnTD+5rJDYEH,21.204508999999998,50.469401,34.149565
584100,a1r9IRN6Zrgwo194AsPW2IbLNqg7U+5NX6Z4ptggBuvc0ieb1/K5xnTD+5rJDYEH,19.480749,43.002077,33.916388
584400,a1r9IRN6Zrgwo194AsPW2IbLNqg7U+5NX6Z4ptggBuvc0ieb1/K5xnTD+5rJDYEH,13.875839000000001,49.460027000000004,38.580852
584700,a1r9IRN6Zrgwo194AsPW2IbLNqg7U+5NX6Z4ptggBuvc0ieb1/K5xnTD+5rJDYEH,14.130857999999998,42.154183,28.509789
585000,a1r9IRN6Zrgwo194AsPW2IbLNqg7U+5NX6Z4ptggBuvc0ieb1/K5xnTD+5rJDYEH,19.053391,49.951592,35.033768
585300,a1r9IRN6Zrgwo194AsPW2IbLNqg7U+5NX6Z4ptggBuvc0ieb1/K5xnTD+5rJDYEH,21.921901000000002,50.103464,33.422523
585600,a1r9IRN6Zrgwo194AsPW2IbLNqg7U+5NX6Z4ptggBuvc0ieb1/K5xnTD+5rJDYEH,28.833992,61.066363,45.179811
585900,a1r9IRN6Zrgwo194AsPW2IbLNqg7U+5NX6Z4ptggBuvc0ieb1/K5xnTD+5rJDYEH,17.863529999999997,39.855129,28.078938
586200,a1r9IRN6Zrgwo194AsPW2IbLNqg7U+5NX6Z4ptggBuvc0ieb1/K5xnTD+5rJDYEH,19.393048,36.024446000000005,28.487671000000002
586500,a1r9IRN6Zrgwo194AsPW2IbLNqg7U+5NX6Z4ptggBuvc0ieb1/K5xnTD+5rJDYEH,12.973359,43.437925,23.450024
586800,a1r9IRN6Zrgwo194AsPW2IbLNqg7U+5NX6Z4ptggBuvc0ieb1/K5xnTD+5rJDYEH,15.742956,35.70319,23.885317999999998
587100,a1r9IRN6Zrgwo194AsPW2IbLNqg7U+5NX6Z4ptggBuvc0ieb1/K5xnTD+5rJDYEH,0.8046270000000001,26.632483,14.990513
587400,a1r9IRN6Zrgwo194AsPW2IbLNqg7U+5NX6Z4ptggBuvc0ieb1/K5xnTD+5rJDYEH,15.947752,39.562001,24.222407999999998
587700,a1r9IRN6Zrgwo194AsPW2IbLNqg7U+5NX6Z4ptggBuvc0ieb1/K5xnTD+5rJDYEH,18.71402,40.639665,26.93395
588000,a1r9IRN6Zrgwo194AsPW2IbLNqg7U+5NX6Z4ptggBuvc0ieb1/K5xnTD+5rJDYEH,1.243057,43.817762,22.219535999999998
588300,a1r9IRN6Zrgwo194AsPW2IbLNqg7U+5NX6Z4ptggBuvc0ieb1/K5xnTD+5rJDYEH,27.838286,67.264756,48.110994
588600,a1r9IRN6Zrgwo194AsPW2IbLNqg7U+5NX6Z4ptggBuvc0ieb1/K5xnTD+5rJDYEH,9.167015,30.992395000000002,18.558478
588900,a1r9IRN6Zrgwo194AsPW2IbLNqg7U+5NX6Z4ptggBuvc0ieb1/K5xnTD+5rJDYEH,24.123679,55.215880000000006,40.271916
589200,a1r9IRN6Zrgwo194AsPW2IbLNqg7U+5NX6Z4ptggBuvc0ieb1/K5xnTD+5rJDYEH,16.83526,57.315603,30.382209000000003
589500,a1r9IRN6Zrgwo194AsPW2IbLNqg7U+5NX6Z4ptggBuvc0ieb1/K5xnTD+5rJDYEH,12.503222000000001,36.176736,22.089757000000002
589800,a1r9IRN6Zrgwo194AsPW2IbLNqg7U+5NX6Z4ptggBuvc0ieb1/K5xnTD+5rJDYEH,15.35805,47.051028,25.680371
590100,a1r9IRN6Zrgwo194AsPW2IbLNqg7U+5NX6Z4ptggBuvc0ieb1/K5xnTD+5rJDYEH,13.820992000000002,53.959548,26.060691000000002
590400,a1r9IRN6Zrgwo194AsPW2IbLNqg7U+5NX6Z4ptggBuvc0ieb1/K5xnTD+5rJDYEH,16.163609,48.439617999999996,27.482086
590700,a1r9IRN6Zrgwo194AsPW2IbLNqg7U+5NX6Z4ptggBuvc0ieb1/K5xnTD+5rJDYEH,12.626807000000001,37.649412,19.336486999999998
591000,a1r9IRN6Zrgwo194AsPW2IbLNqg7U+5NX6Z4ptggBuvc0ieb1/K5xnTD+5rJDYEH,15.592834,35.528764,26.404627
591300,a1r9IRN6Zrgwo194AsPW2IbLNqg7U+5NX6Z4ptggBuvc0ieb1/K5xnTD+5rJDYEH,12.344038000000001,30.043515999999997,20.244320000000002
591600,a1r9IRN6Zrgwo194AsPW2IbLNqg7U+5NX6Z4ptggBuvc0ieb1/K5xnTD+5rJDYEH,14.509324,32.18203,21.322108
591900,a1r9IRN6Zrgwo194AsPW2IbLNqg7U+5NX6Z4ptggBuvc0ieb1/K5xnTD+5rJDYEH,13.185998000000001,34.29523,20.357968
592200,a1r9IRN6Zrgwo194AsPW2IbLNqg7U+5NX6Z4ptggBuvc0ieb1/K5xnTD+5rJDYEH,10.90649,29.211633000000003,18.753418
592500,a1r9IRN6Zrgwo194AsPW2IbLNqg7U+5NX6Z4ptggBuvc0ieb1/K5xnTD+5rJDYEH,6.586625,20.703641,11.775232
592800,a1r9IRN6Zrgwo194AsPW2IbLNqg7U+5NX6Z4ptggBuvc0ieb1/K5xnTD+5rJDYEH,9.076879,40.451347999999996,14.021595999999999
593100,a1r9IRN6Zrgwo194AsPW2IbLNqg7U+5NX6Z4ptggBuvc0ieb1/K5xnTD+5rJDYEH,17.687963,39.640701,28.682851
593400,a1r9IRN6Zrgwo194AsPW2IbLNqg7U+5NX6Z4ptggBuvc0ieb1/K5xnTD+5rJDYEH,7.525519,44.406709,22.748986
593700,a1r9IRN6Zrgwo194AsPW2IbLNqg7U+5NX6Z4ptggBuvc0ieb1/K5xnTD+5rJDYEH,8.92522,30.78026,17.676982000000002
594000,a1r9IRN6Zrgwo194AsPW2IbLNqg7U+5NX6Z4ptggBuvc0ieb1/K5xnTD+5rJDYEH,11.033334,45.206261,26.310782
594300,a1r9IRN6Zrgwo194AsPW2IbLNqg7U+5NX6Z4ptggBuvc0ieb1/K5xnTD+5rJDYEH,11.553001,37.43795,19.941098
594600,a1r9IRN6Zrgwo194AsPW2IbLNqg7U+5NX6Z4ptggBuvc0ieb1/K5xnTD+5rJDYEH,6.400926,24.867122,14.005291
594900,a1r9IRN6Zrgwo194AsPW2IbLNqg7U+5NX6Z4ptggBuvc0ieb1/K5xnTD+5rJDYEH,7.758074000000001,22.314446,14.230439000000002
595200,a1r9IRN6Zrgwo194AsPW2IbLNqg7U+5NX6Z4ptggBuvc0ieb1/K5xnTD+5rJDYEH,17.408678,39.046293,26.311262
595500,a1r9IRN6Zrgwo194AsPW2IbLNqg7U+5NX6Z4ptggBuvc0ieb1/K5xnTD+5rJDYEH,13.164972,32.874209,21.963764
595800,a1r9IRN6Zrgwo194AsPW2IbLNqg7U+5NX6Z4ptggBuvc0ieb1/K5xnTD+5rJDYEH,12.457416,31.594794,21.602401
596100,a1r9IRN6Zrgwo194AsPW2IbLNqg7U+5NX6Z4ptggBuvc0ieb1/K5xnTD+5rJDYEH,4.604968,22.533744,13.34491
596400,a1r9IRN6Zrgwo194AsPW2IbLNqg7U+5NX6Z4ptggBuvc0ieb1/K5xnTD+5rJDYEH,6.495685,19.205208,11.613912
596700,a1r9IRN6Zrgwo194AsPW2IbLNqg7U+5NX6Z4ptggBuvc0ieb1/K5xnTD+5rJDYEH,4.677626999999999,20.771131,13.576967999999999
597000,a1r9IRN6Zrgwo194AsPW2IbLNqg7U+5NX6Z4ptggBuvc0ieb1/K5xnTD+5rJDYEH,4.3417129999999995,23.824863,10.191771000000001
597300,a1r9IRN6Zrgwo194AsPW2IbLNqg7U+5NX6Z4ptggBuvc0ieb1/K5xnTD+5rJDYEH,8.193985000000001,29.405490999999998,18.616227
597600,a1r9IRN6Zrgwo194AsPW2IbLNqg7U+5NX6Z4ptggBuvc0ieb1/K5xnTD+5rJDYEH,7.395713000000001,32.590137,12.932732000000001
597900,a1r9IRN6Zrgwo194AsPW2IbLNqg7U+5NX6Z4ptggBuvc0ieb1/K5xnTD+5rJDYEH,9.692313,24.810278,17.518138
598200,a1r9IRN6Zrgwo194AsPW2IbLNqg7U+5NX6Z4ptggBuvc0ieb1/K5xnTD+5rJDYEH,5.038256,17.701829,10.789547
598500,a1r9IRN6Zrgwo194AsPW2IbLNqg7U+5NX6Z4ptggBuvc0ieb1/K5xnTD+5rJDYEH,4.326833000000001,14.788057,8.291738
598800,a1r9IRN6Zrgwo194AsPW2IbLNqg7U+5NX6Z4ptggBuvc0ieb1/K5xnTD+5rJDYEH,7.654706,22.640167,11.334622999999999
599100,a1r9IRN6Zrgwo194AsPW2IbLNqg7U+5NX6Z4ptggBuvc0ieb1/K5xnTD+5rJDYEH,5.404025,16.695859,10.119404
599400,a1r9IRN6Zrgwo194AsPW2IbLNqg7U+5NX6Z4ptggBuvc0ieb1/K5xnTD+5rJDYEH,5.934507,15.270527,9.715856
599700,a1r9IRN6Zrgwo194AsPW2IbLNqg7U+5NX6Z4ptggBuvc0ieb1/K5xnTD+5rJDYEH,5.608808,30.323395,11.660199
600000,a1r9IRN6Zrgwo194AsPW2IbLNqg7U+5NX6Z4ptggBuvc0ieb1/K5xnTD+5rJDYEH,5.697915,20.434357000000002,11.574745
600300,a1r9IRN6Zrgwo194AsPW2IbLNqg7U+5NX6Z4ptggBuvc0ieb1/K5xnTD+5rJDYEH,6.270065,23.286209,14.294157
600600,a1r9IRN6Zrgwo194AsPW2IbLNqg7U+5NX6Z4ptggBuvc0ieb1/K5xnTD+5rJDYEH,3.217219,11.030593,6.153828
600900,a1r9IRN6Zrgwo194AsPW2IbLNqg7U+5NX6Z4ptggBuvc0ieb1/K5xnTD+5rJDYEH,5.60047,68.536932,13.037857
601200,a1r9IRN6Zrgwo194AsPW2IbLNqg7U+5NX6Z4ptggBuvc0ieb1/K5xnTD+5rJDYEH,6.827991,15.076498,11.108022
601500,a1r9IRN6Zrgwo194AsPW2IbLNqg7U+5NX6Z4ptggBuvc0ieb1/K5xnTD+5rJDYEH,4.291517,24.012567,9.872950999999999
601800,a1r9IRN6Zrgwo194AsPW2IbLNqg7U+5NX6Z4ptggBuvc0ieb1/K5xnTD+5rJDYEH,4.025192,11.235914999999999,8.096335
602100,a1r9IRN6Zrgwo194AsPW2IbLNqg7U+5NX6Z4ptggBuvc0ieb1/K5xnTD+5rJDYEH,6.193404,16.713224,10.882609
602400,a1r9IRN6Zrgwo194AsPW2IbLNqg7U+5NX6Z4ptggBuvc0ieb1/K5xnTD+5rJDYEH,7.079508000000001,23.759839000000003,14.203021
602700,a1r9IRN6Zrgwo194AsPW2IbLNqg7U+5NX6Z4ptggBuvc0ieb1/K5xnTD+5rJDYEH,3.440368,16.685543,8.896878
603000,a1r9IRN6Zrgwo194AsPW2IbLNqg7U+5NX6Z4ptggBuvc0ieb1/K5xnTD+5rJDYEH,7.187050999999999,17.459463,10.9159
603300,a1r9IRN6Zrgwo194AsPW2IbLNqg7U+5NX6Z4ptggBuvc0ieb1/K5xnTD+5rJDYEH,3.397204,16.527295000000002,7.418211
603600,a1r9IRN6Zrgwo194AsPW2IbLNqg7U+5NX6Z4ptggBuvc0ieb1/K5xnTD+5rJDYEH,0.782884,10.38677,6.636088000000001
603900,a1r9IRN6Zrgwo194AsPW2IbLNqg7U+5NX6Z4ptggBuvc0ieb1/K5xnTD+5rJDYEH,4.202332,13.290417000000001,7.2438080000000005
604200,a1r9IRN6Zrgwo194AsPW2IbLNqg7U+5NX6Z4ptggBuvc0ieb1/K5xnTD+5rJDYEH,5.3980809999999995,16.106707,10.086539
604500,a1r9IRN6Zrgwo194AsPW2IbLNqg7U+5NX6Z4ptggBuvc0ieb1/K5xnTD+5rJDYEH,3.934364,13.424384,6.65193
604800,a1r9IRN6Zrgwo194AsPW2IbLNqg7U+5NX6Z4ptggBuvc0ieb1/K5xnTD+5rJDYEH,1.094067,8.432765,5.358212
605100,a1r9IRN6Zrgwo194AsPW2IbLNqg7U+5NX6Z4ptggBuvc0ieb1/K5xnTD+5rJDYEH,6.449686,13.892251000000002,9.567952
605400,a1r9IRN6Zrgwo194AsPW2IbLNqg7U+5NX6Z4ptggBuvc0ieb1/K5xnTD+5rJDYEH,2.654824,13.641489000000002,5.935327
605700,a1r9IRN6Zrgwo194AsPW2IbLNqg7U+5NX6Z4ptggBuvc0ieb1/K5xnTD+5rJDYEH,3.675812,12.214716000000001,6.452267
606000,a1r9IRN6Zrgwo194AsPW2IbLNqg7U+5NX6Z4ptggBuvc0ieb1/K5xnTD+5rJDYEH,4.678871,20.766548,10.027391999999999
606300,a1r9IRN6Zrgwo194AsPW2IbLNqg7U+5NX6Z4ptggBuvc0ieb1/K5xnTD+5rJDYEH,3.668905,11.519346,7.415259
606600,a1r9IRN6Zrgwo194AsPW2IbLNqg7U+5NX6Z4ptggBuvc0ieb1/K5xnTD+5rJDYEH,2.242729,12.553595,5.503205
606900,a1r9IRN6Zrgwo194AsPW2IbLNqg7U+5NX6Z4ptggBuvc0ieb1/K5xnTD+5rJDYEH,1.9963849999999999,10.679405000000001,6.280468
607200,a1r9IRN6Zrgwo194AsPW2IbLNqg7U+5NX6Z4ptggBuvc0ieb1/K5xnTD+5rJDYEH,2.659982,12.846211,8.727217
607500,a1r9IRN6Zrgwo194AsPW2IbLNqg7U+5NX6Z4ptggBuvc0ieb1/K5xnTD+5rJDYEH,1.757954,14.421884,6.122895
607800,a1r9IRN6Zrgwo194AsPW2IbLNqg7U+5NX6Z4ptggBuvc0ieb1/K5xnTD+5rJDYEH,3.613572,13.68254,7.482166
608100,a1r9IRN6Zrgwo194AsPW2IbLNqg7U+5NX6Z4ptggBuvc0ieb1/K5xnTD+5rJDYEH,3.290145,18.617988,8.179587
608400,a1r9IRN6Zrgwo194AsPW2IbLNqg7U+5NX6Z4ptggBuvc0ieb1/K5xnTD+5rJDYEH,4.750558,14.558995000000001,8.994339
608700,a1r9IRN6Zrgwo194AsPW2IbLNqg7U+5NX6Z4ptggBuvc0ieb1/K5xnTD+5rJDYEH,2.69414,8.966617999999999,5.670326
609000,a1r9IRN6Zrgwo194AsPW2IbLNqg7U+5NX6Z4ptggBuvc0ieb1/K5xnTD+5rJDYEH,3.4009089999999995,8.344071000000001,5.515916000000001
609300,a1r9IRN6Zrgwo194AsPW2IbLNqg7U+5NX6Z4ptggBuvc0ieb1/K5xnTD+5rJDYEH,3.661342,12.251825,7.152156
609600,a1r9IRN6Zrgwo194AsPW2IbLNqg7U+5NX6Z4ptggBuvc0ieb1/K5xnTD+5rJDYEH,4.114949,11.820547,6.423487000000001
609900,a1r9IRN6Zrgwo194AsPW2IbLNqg7U+5NX6Z4ptggBuvc0ieb1/K5xnTD+5rJDYEH,3.551211,7.488683999999999,5.35093
610200,a1r9IRN6Zrgwo194AsPW2IbLNqg7U+5NX6Z4ptggBuvc0ieb1/K5xnTD+5rJDYEH,1.3092290000000002,9.137908,4.381317
610500,a1r9IRN6Zrgwo194AsPW2IbLNqg7U+5NX6Z4ptggBuvc0ieb1/K5xnTD+5rJDYEH,2.2688040000000003,9.874312,5.80249
610800,a1r9IRN6Zrgwo194AsPW2IbLNqg7U+5NX6Z4ptggBuvc0ieb1/K5xnTD+5rJDYEH,0.955376,10.831946,6.7655199999999995
611100,a1r9IRN6Zrgwo194AsPW2IbLNqg7U+5NX6Z4ptggBuvc0ieb1/K5xnTD+5rJDYEH,2.702142,15.461357000000001,6.509085
611400,a1r9IRN6Zrgwo194AsPW2IbLNqg7U+5NX6Z4ptggBuvc0ieb1/K5xnTD+5rJDYEH,0.9679700000000001,11.614367999999999,6.489698000000001
611700,a1r9IRN6Zrgwo194AsPW2IbLNqg7U+5NX6Z4ptggBuvc0ieb1/K5xnTD+5rJDYEH,5.6409650000000005,19.57366,14.018513
612000,a1r9IRN6Zrgwo194AsPW2IbLNqg7U+5NX6Z4ptggBuvc0ieb1/K5xnTD+5rJDYEH,3.333165,12.605741,7.697252000000001
612300,a1r9IRN6Zrgwo194AsPW2IbLNqg7U+5NX6Z4ptggBuvc0ieb1/K5xnTD+5rJDYEH,2.307858,17.006625,8.163688
612600,a1r9IRN6Zrgwo194AsPW2IbLNqg7U+5NX6Z4ptggBuvc0ieb1/K5xnTD+5rJDYEH,3.778572,12.384205,7.653287
612900,a1r9IRN6Zrgwo194AsPW2IbLNqg7U+5NX6Z4ptggBuvc0ieb1/K5xnTD+5rJDYEH,2.76448,12.190078999999999,7.4708380000000005
613200,a1r9IRN6Zrgwo194AsPW2IbLNqg7U+5NX6Z4ptggBuvc0ieb1/K5xnTD+5rJDYEH,5.009084,10.985104,7.450397
613500,a1r9IRN6Zrgwo194AsPW2IbLNqg7U+5NX6Z4ptggBuvc0ieb1/K5xnTD+5rJDYEH,4.76887,14.583041,8.626767
613800,a1r9IRN6Zrgwo194AsPW2IbLNqg7U+5NX6Z4ptggBuvc0ieb1/K5xnTD+5rJDYEH,6.171717,12.264532,9.025905999999999
614100,a1r9IRN6Zrgwo194AsPW2IbLNqg7U+5NX6Z4ptggBuvc0ieb1/K5xnTD+5rJDYEH,6.501143,18.134563,9.944930000000001
614400,a1r9IRN6Zrgwo194AsPW2IbLNqg7U+5NX6Z4ptggBuvc0ieb1/K5xnTD+5rJDYEH,4.9523459999999995,15.384947,9.734469
614700,a1r9IRN6Zrgwo194AsPW2IbLNqg7U+5NX6Z4ptggBuvc0ieb1/K5xnTD+5rJDYEH,7.377135000000001,56.44201999999999,14.321429
615000,a1r9IRN6Zrgwo194AsPW2IbLNqg7U+5NX6Z4ptggBuvc0ieb1/K5xnTD+5rJDYEH,6.687448,17.199114,10.044281
615300,a1r9IRN6Zrgwo194AsPW2IbLNqg7U+5NX6Z4ptggBuvc0ieb1/K5xnTD+5rJDYEH,7.057409,21.330858,11.14509
615600,a1r9IRN6Zrgwo194AsPW2IbLNqg7U+5NX6Z4ptggBuvc0ieb1/K5xnTD+5rJDYEH,2.706428,15.589985999999998,8.684177
615900,a1r9IRN6Zrgwo194AsPW2IbLNqg7U+5NX6Z4ptggBuvc0ieb1/K5xnTD+5rJDYEH,5.5451,16.96821,11.608049000000001
616200,a1r9IRN6Zrgwo194AsPW2IbLNqg7U+5NX6Z4ptggBuvc0ieb1/K5xnTD+5rJDYEH,7.079382000000001,18.9036,12.360472999999999
616500,a1r9IRN6Zrgwo194AsPW2IbLNqg7U+5NX6Z4ptggBuvc0ieb1/K5xnTD+5rJDYEH,6.10128,16.644445,10.645678
616800,a1r9IRN6Zrgwo194AsPW2IbLNqg7U+5NX6Z4ptggBuvc0ieb1/K5xnTD+5rJDYEH,8.663217999999999,19.934535999999998,12.809007000000001
617100,a1r9IRN6Zrgwo194AsPW2IbLNqg7U+5NX6Z4ptggBuvc0ieb1/K5xnTD+5rJDYEH,14.341764000000001,22.868279,17.266315
617400,a1r9IRN6Zrgwo194AsPW2IbLNqg7U+5NX6Z4ptggBuvc0ieb1/K5xnTD+5rJDYEH,7.797018,25.791292000000002,14.536956
617700,a1r9IRN6Zrgwo194AsPW2IbLNqg7U+5NX6Z4ptggBuvc0ieb1/K5xnTD+5rJDYEH,2.170692,17.362351,6.514686
618000,a1r9IRN6Zrgwo194AsPW2IbLNqg7U+5NX6Z4ptggBuvc0ieb1/K5xnTD+5rJDYEH,3.458333,16.794247,7.907592
618300,a1r9IRN6Zrgwo194AsPW2IbLNqg7U+5NX6Z4ptggBuvc0ieb1/K5xnTD+5rJDYEH,5.890524,22.481778,13.523411
618600,a1r9IRN6Zrgwo194AsPW2IbLNqg7U+5NX6Z4ptggBuvc0ieb1/K5xnTD+5rJDYEH,5.832168,20.523867000000003,10.657164999999999
618900,a1r9IRN6Zrgwo194AsPW2IbLNqg7U+5NX6Z4ptggBuvc0ieb1/K5xnTD+5rJDYEH,6.799202999999999,22.427445000000002,12.361386
619200,a1r9IRN6Zrgwo194AsPW2IbLNqg7U+5NX6Z4ptggBuvc0ieb1/K5xnTD+5rJDYEH,12.592516999999999,33.51887,22.505175
619500,a1r9IRN6Zrgwo194AsPW2IbLNqg7U+5NX6Z4ptggBuvc0ieb1/K5xnTD+5rJDYEH,4.935236,31.000813,15.413035999999998
619800,a1r9IRN6Zrgwo194AsPW2IbLNqg7U+5NX6Z4ptggBuvc0ieb1/K5xnTD+5rJDYEH,7.041539,16.846072,10.559002
620100,a1r9IRN6Zrgwo194AsPW2IbLNqg7U+5NX6Z4ptggBuvc0ieb1/K5xnTD+5rJDYEH,2.602696,26.238115000000004,7.47388
620400,a1r9IRN6Zrgwo194AsPW2IbLNqg7U+5NX6Z4ptggBuvc0ieb1/K5xnTD+5rJDYEH,3.6044970000000003,15.188398999999999,10.940589
620700,a1r9IRN6Zrgwo194AsPW2IbLNqg7U+5NX6Z4ptggBuvc0ieb1/K5xnTD+5rJDYEH,8.735264,29.297694,18.997831
621000,a1r9IRN6Zrgwo194AsPW2IbLNqg7U+5NX6Z4ptggBuvc0ieb1/K5xnTD+5rJDYEH,19.125557999999998,39.942719,29.392002
621300,a1r9IRN6Zrgwo194AsPW2IbLNqg7U+5NX6Z4ptggBuvc0ieb1/K5xnTD+5rJDYEH,13.877471,34.582078,22.400531
621600,a1r9IRN6Zrgwo194AsPW2IbLNqg7U+5NX6Z4ptggBuvc0ieb1/K5xnTD+5rJDYEH,4.218507,25.404381,11.991249
621900,a1r9IRN6Zrgwo194AsPW2IbLNqg7U+5NX6Z4ptggBuvc0ieb1/K5xnTD+5rJDYEH,7.066364,27.914665000000003,15.424210999999998
622200,a1r9IRN6Zrgwo194AsPW2IbLNqg7U+5NX6Z4ptggBuvc0ieb1/K5xnTD+5rJDYEH,4.893353,27.036685,13.358285999999998
622500,a1r9IRN6Zrgwo194AsPW2IbLNqg7U+5NX6Z4ptggBuvc0ieb1/K5xnTD+5rJDYEH,7.919757000000001,23.12345,16.026487
622800,a1r9IRN6Zrgwo194AsPW2IbLNqg7U+5NX6Z4ptggBuvc0ieb1/K5xnTD+5rJDYEH,6.658938,19.861808,13.374757999999998
623100,a1r9IRN6Zrgwo194AsPW2IbLNqg7U+5NX6Z4ptggBuvc0ieb1/K5xnTD+5rJDYEH,6.953614999999999,23.852705,12.751672
623400,a1r9IRN6Zrgwo194AsPW2IbLNqg7U+5NX6Z4ptggBuvc0ieb1/K5xnTD+5rJDYEH,9.164694,23.458006,15.074784
623700,a1r9IRN6Zrgwo194AsPW2IbLNqg7U+5NX6Z4ptggBuvc0ieb1/K5xnTD+5rJDYEH,7.369569,24.183629999999997,17.010026999999997
624000,a1r9IRN6Zrgwo194AsPW2IbLNqg7U+5NX6Z4ptggBuvc0ieb1/K5xnTD+5rJDYEH,7.052617999999999,27.999122999999997,18.570276
624300,a1r9IRN6Zrgwo194AsPW2IbLNqg7U+5NX6Z4ptggBuvc0ieb1/K5xnTD+5rJDYEH,13.111173999999998,27.535690000000002,19.060617999999998
624600,a1r9IRN6Zrgwo194AsPW2IbLNqg7U+5NX6Z4ptggBuvc0ieb1/K5xnTD+5rJDYEH,11.177168,29.750911,19.26671
624900,a1r9IRN6Zrgwo194AsPW2IbLNqg7U+5NX6Z4ptggBuvc0ieb1/K5xnTD+5rJDYEH,16.319392999999998,43.917845,25.455610999999998
625200,a1r9IRN6Zrgwo194AsPW2IbLNqg7U+5NX6Z4ptggBuvc0ieb1/K5xnTD+5rJDYEH,17.614917000000002,36.563813,25.331803
625500,a1r9IRN6Zrgwo194AsPW2IbLNqg7U+5NX6Z4ptggBuvc0ieb1/K5xnTD+5rJDYEH,16.759611,51.961974,27.146865999999996
625800,a1r9IRN6Zrgwo194AsPW2IbLNqg7U+5NX6Z4ptggBuvc0ieb1/K5xnTD+5rJDYEH,15.719232,43.104001000000004,25.696437
626100,a1r9IRN6Zrgwo194AsPW2IbLNqg7U+5NX6Z4ptggBuvc0ieb1/K5xnTD+5rJDYEH,13.825044,38.152941999999996,24.802548
626400,a1r9IRN6Zrgwo194AsPW2IbLNqg7U+5NX6Z4ptggBuvc0ieb1/K5xnTD+5rJDYEH,7.1893,34.214824,19.458957
626700,a1r9IRN6Zrgwo194AsPW2IbLNqg7U+5NX6Z4ptggBuvc0ieb1/K5xnTD+5rJDYEH,11.710355999999999,29.377645,18.921434
627000,a1r9IRN6Zrgwo194AsPW2IbLNqg7U+5NX6Z4ptggBuvc0ieb1/K5xnTD+5rJDYEH,7.6038179999999995,32.229987,17.611447000000002
627300,a1r9IRN6Zrgwo194AsPW2IbLNqg7U+5NX6Z4ptggBuvc0ieb1/K5xnTD+5rJDYEH,9.334397000000001,27.100364000000003,15.577034
627600,a1r9IRN6Zrgwo194AsPW2IbLNqg7U+5NX6Z4ptggBuvc0ieb1/K5xnTD+5rJDYEH,4.9592220000000005,23.203977,12.227271
627900,a1r9IRN6Zrgwo194AsPW2IbLNqg7U+5NX6Z4ptggBuvc0ieb1/K5xnTD+5rJDYEH,6.893687,16.327495000000003,11.43581
628200,a1r9IRN6Zrgwo194AsPW2IbLNqg7U+5NX6Z4ptggBuvc0ieb1/K5xnTD+5rJDYEH,5.546371,19.171301,11.530588999999999
628500,a1r9IRN6Zrgwo194AsPW2IbLNqg7U+5NX6Z4ptggBuvc0ieb1/K5xnTD+5rJDYEH,8.716664999999999,27.521865000000002,15.216679999999998
628800,a1r9IRN6Zrgwo194AsPW2IbLNqg7U+5NX6Z4ptggBuvc0ieb1/K5xnTD+5rJDYEH,9.123084,34.263778,18.896615
629100,a1r9IRN6Zrgwo194AsPW2IbLNqg7U+5NX6Z4ptggBuvc0ieb1/K5xnTD+5rJDYEH,5.207075,32.353494,19.129998999999998
629400,a1r9IRN6Zrgwo194AsPW2IbLNqg7U+5NX6Z4ptggBuvc0ieb1/K5xnTD+5rJDYEH,5.841213,23.928404,14.816072
629700,a1r9IRN6Zrgwo194AsPW2IbLNqg7U+5NX6Z4ptggBuvc0ieb1/K5xnTD+5rJDYEH,15.441788,38.431761,23.372331
630000,a1r9IRN6Zrgwo194AsPW2IbLNqg7U+5NX6Z4ptggBuvc0ieb1/K5xnTD+5rJDYEH,13.259756,37.196046,26.496214000000002
630300,a1r9IRN6Zrgwo194AsPW2IbLNqg7U+5NX6Z4ptggBuvc0ieb1/K5xnTD+5rJDYEH,23.585375,58.924127,42.342748
630600,a1r9IRN6Zrgwo194AsPW2IbLNqg7U+5NX6Z4ptggBuvc0ieb1/K5xnTD+5rJDYEH,20.770683,49.775445,34.104921000000004
630900,a1r9IRN6Zrgwo194AsPW2IbLNqg7U+5NX6Z4ptggBuvc0ieb1/K5xnTD+5rJDYEH,18.401919,49.089428999999996,27.139809999999997
631200,a1r9IRN6Zrgwo194AsPW2IbLNqg7U+5NX6Z4ptggBuvc0ieb1/K5xnTD+5rJDYEH,11.731128,33.138121000000005,20.457701999999998
631500,a1r9IRN6Zrgwo194AsPW2IbLNqg7U+5NX6Z4ptggBuvc0ieb1/K5xnTD+5rJDYEH,8.382566,23.883423,14.621201999999998
631800,a1r9IRN6Zrgwo194AsPW2IbLNqg7U+5NX6Z4ptggBuvc0ieb1/K5xnTD+5rJDYEH,8.182475,35.680867,16.379580999999998
632100,a1r9IRN6Zrgwo194AsPW2IbLNqg7U+5NX6Z4ptggBuvc0ieb1/K5xnTD+5rJDYEH,8.751028999999999,30.051893,18.527171
632400,a1r9IRN6Zrgwo194AsPW2IbLNqg7U+5NX6Z4ptggBuvc0ieb1/K5xnTD+5rJDYEH,7.309914999999999,26.397312,16.119013
632700,a1r9IRN6Zrgwo194AsPW2IbLNqg7U+5NX6Z4ptggBuvc0ieb1/K5xnTD+5rJDYEH,18.618703,40.468261,30.304409999999997
633000,a1r9IRN6Zrgwo194AsPW2IbLNqg7U+5NX6Z4ptggBuvc0ieb1/K5xnTD+5rJDYEH,20.389587,37.152936,27.940092
633300,a1r9IRN6Zrgwo194AsPW2IbLNqg7U+5NX6Z4ptggBuvc0ieb1/K5xnTD+5rJDYEH,11.696966999999999,30.871244,20.400807
633600,a1r9IRN6Zrgwo194AsPW2IbLNqg7U+5NX6Z4ptggBuvc0ieb1/K5xnTD+5rJDYEH,5.038412999999999,30.788149,13.314306
633900,a1r9IRN6Zrgwo194AsPW2IbLNqg7U+5NX6Z4ptggBuvc0ieb1/K5xnTD+5rJDYEH,9.035863,30.181722999999998,19.180993
634200,a1r9IRN6Zrgwo194AsPW2IbLNqg7U+5NX6Z4ptggBuvc0ieb1/K5xnTD+5rJDYEH,15.14901,30.951575,21.685887
634500,a1r9IRN6Zrgwo194AsPW2IbLNqg7U+5NX6Z4ptggBuvc0ieb1/K5xnTD+5rJDYEH,8.953436,32.082265,20.208326
634800,a1r9IRN6Zrgwo194AsPW2IbLNqg7U+5NX6Z4ptggBuvc0ieb1/K5xnTD+5rJDYEH,16.743979,40.92908,26.206191
635100,a1r9IRN6Zrgwo194AsPW2IbLNqg7U+5NX6Z4ptggBuvc0ieb1/K5xnTD+5rJDYEH,18.430211,35.172160999999996,27.658140000000003
635400,a1r9IRN6Zrgwo194AsPW2IbLNqg7U+5NX6Z4ptggBuvc0ieb1/K5xnTD+5rJDYEH,11.868642,27.336914,18.532532
635700,a1r9IRN6Zrgwo194AsPW2IbLNqg7U+5NX6Z4ptggBuvc0ieb1/K5xnTD+5rJDYEH,11.696259,26.007073000000002,17.648145
636000,a1r9IRN6Zrgwo194AsPW2IbLNqg7U+5NX6Z4ptggBuvc0ieb1/K5xnTD+5rJDYEH,10.157509,35.991245,21.731621
636300,a1r9IRN6Zrgwo194AsPW2IbLNqg7U+5NX6Z4ptggBuvc0ieb1/K5xnTD+5rJDYEH,16.506742000000003,38.35843,23.554716
636600,a1r9IRN6Zrgwo194AsPW2IbLNqg7U+5NX6Z4ptggBuvc0ieb1/K5xnTD+5rJDYEH,15.979742000000002,49.621947,33.011282
636900,a1r9IRN6Zrgwo194AsPW2IbLNqg7U+5NX6Z4ptggBuvc0ieb1/K5xnTD+5rJDYEH,30.217256,52.47245699999999,40.255746
637200,a1r9IRN6Zrgwo194AsPW2IbLNqg7U+5NX6Z4ptggBuvc0ieb1/K5xnTD+5rJDYEH,13.898498000000002,44.626959,29.359923
637500,a1r9IRN6Zrgwo194AsPW2IbLNqg7U+5NX6Z4ptggBuvc0ieb1/K5xnTD+5rJDYEH,5.931707,31.219983000000003,17.091319
637800,a1r9IRN6Zrgwo194AsPW2IbLNqg7U+5NX6Z4ptggBuvc0ieb1/K5xnTD+5rJDYEH,14.218029000000001,55.141952,23.821465
638100,a1r9IRN6Zrgwo194AsPW2IbLNqg7U+5NX6Z4ptggBuvc0ieb1/K5xnTD+5rJDYEH,8.136828999999999,28.008151,16.522834
638400,a1r9IRN6Zrgwo194AsPW2IbLNqg7U+5NX6Z4ptggBuvc0ieb1/K5xnTD+5rJDYEH,7.065948,37.184125,20.166717000000002
638700,a1r9IRN6Zrgwo194AsPW2IbLNqg7U+5NX6Z4ptggBuvc0ieb1/K5xnTD+5rJDYEH,9.480347,39.437166,24.699092999999998
639000,a1r9IRN6Zrgwo194AsPW2IbLNqg7U+5NX6Z4ptggBuvc0ieb1/K5xnTD+5rJDYEH,5.830318,29.896534999999997,18.179456
639300,a1r9IRN6Zrgwo194AsPW2IbLNqg7U+5NX6Z4ptggBuvc0ieb1/K5xnTD+5rJDYEH,10.700722,30.903979999999997,19.904763
639600,a1r9IRN6Zrgwo194AsPW2IbLNqg7U+5NX6Z4ptggBuvc0ieb1/K5xnTD+5rJDYEH,18.017603,35.955527000000004,26.501119
639900,a1r9IRN6Zrgwo194AsPW2IbLNqg7U+5NX6Z4ptggBuvc0ieb1/K5xnTD+5rJDYEH,11.598562,48.186541999999996,30.948626
640200,a1r9IRN6Zrgwo194AsPW2IbLNqg7U+5NX6Z4ptggBuvc0ieb1/K5xnTD+5rJDYEH,13.473541,39.754197999999995,24.839968
640500,a1r9IRN6Zrgwo194AsPW2IbLNqg7U+5NX6Z4ptggBuvc0ieb1/K5xnTD+5rJDYEH,29.674498999999997,60.691775,39.370718
640800,a1r9IRN6Zrgwo194AsPW2IbLNqg7U+5NX6Z4ptggBuvc0ieb1/K5xnTD+5rJDYEH,19.498569,45.165839,31.064606
641100,a1r9IRN6Zrgwo194AsPW2IbLNqg7U+5NX6Z4ptggBuvc0ieb1/K5xnTD+5rJDYEH,13.127634,47.780452000000004,25.575662
641400,a1r9IRN6Zrgwo194AsPW2IbLNqg7U+5NX6Z4ptggBuvc0ieb1/K5xnTD+5rJDYEH,12.299213,28.720392999999998,20.499181
641700,a1r9IRN6Zrgwo194AsPW2IbLNqg7U+5NX6Z4ptggBuvc0ieb1/K5xnTD+5rJDYEH,11.676153,25.015956,18.677398
642000,a1r9IRN6Zrgwo194AsPW2IbLNqg7U+5NX6Z4ptggBuvc0ieb1/K5xnTD+5rJDYEH,18.531867000000002,45.31603,28.57941
642300,a1r9IRN6Zrgwo194AsPW2IbLNqg7U+5NX6Z4ptggBuvc0ieb1/K5xnTD+5rJDYEH,7.158353,35.369597999999996,20.467485
642600,a1r9IRN6Zrgwo194AsPW2IbLNqg7U+5NX6Z4ptggBuvc0ieb1/K5xnTD+5rJDYEH,3.196936,20.12913,12.767616
642900,a1r9IRN6Zrgwo194AsPW2IbLNqg7U+5NX6Z4ptggBuvc0ieb1/K5xnTD+5rJDYEH,7.490578999999999,33.73488,18.492573999999998
643200,a1r9IRN6Zrgwo194AsPW2IbLNqg7U+5NX6Z4ptggBuvc0ieb1/K5xnTD+5rJDYEH,17.847503,41.570859000000006,26.387475
643500,a1r9IRN6Zrgwo194AsPW2IbLNqg7U+5NX6Z4ptggBuvc0ieb1/K5xnTD+5rJDYEH,22.073213,44.908834999999996,37.343681
643800,a1r9IRN6Zrgwo194AsPW2IbLNqg7U+5NX6Z4ptggBuvc0ieb1/K5xnTD+5rJDYEH,23.757126,45.704137,34.110969
644100,a1r9IRN6Zrgwo194AsPW2IbLNqg7U+5NX6Z4ptggBuvc0ieb1/K5xnTD+5rJDYEH,16.894822,39.96286,27.388098
644400,a1r9IRN6Zrgwo194AsPW2IbLNqg7U+5NX6Z4ptggBuvc0ieb1/K5xnTD+5rJDYEH,11.081863,28.181708,21.270825
644700,a1r9IRN6Zrgwo194AsPW2IbLNqg7U+5NX6Z4ptggBuvc0ieb1/K5xnTD+5rJDYEH,20.03135,45.385179,30.588821000000003
645000,a1r9IRN6Zrgwo194AsPW2IbLNqg7U+5NX6Z4ptggBuvc0ieb1/K5xnTD+5rJDYEH,22.975854,47.438573,33.782445
645300,a1r9IRN6Zrgwo194AsPW2IbLNqg7U+5NX6Z4ptggBuvc0ieb1/K5xnTD+5rJDYEH,18.382039000000002,42.570118,25.858572
645600,a1r9IRN6Zrgwo194AsPW2IbLNqg7U+5NX6Z4ptggBuvc0ieb1/K5xnTD+5rJDYEH,22.811860999999997,53.44815500000001,32.683457000000004
645900,a1r9IRN6Zrgwo194AsPW2IbLNqg7U+5NX6Z4ptggBuvc0ieb1/K5xnTD+5rJDYEH,29.688371999999998,54.540834,43.537778
646200,a1r9IRN6Zrgwo194AsPW2IbLNqg7U+5NX6Z4ptggBuvc0ieb1/K5xnTD+5rJDYEH,17.166932,40.212084000000004,28.51955
646500,a1r9IRN6Zrgwo194AsPW2IbLNqg7U+5NX6Z4ptggBuvc0ieb1/K5xnTD+5rJDYEH,16.798501,46.006976,29.427986999999998
646800,a1r9IRN6Zrgwo194AsPW2IbLNqg7U+5NX6Z4ptggBuvc0ieb1/K5xnTD+5rJDYEH,28.600035,44.401481,34.587564
647100,a1r9IRN6Zrgwo194AsPW2IbLNqg7U+5NX6Z4ptggBuvc0ieb1/K5xnTD+5rJDYEH,18.00358,56.992233999999996,30.254301
647400,a1r9IRN6Zrgwo194AsPW2IbLNqg7U+5NX6Z4ptggBuvc0ieb1/K5xnTD+5rJDYEH,9.446387,35.550162,25.59349
647700,a1r9IRN6Zrgwo194AsPW2IbLNqg7U+5NX6Z4ptggBuvc0ieb1/K5xnTD+5rJDYEH,16.409378,38.059793,26.164483999999998
648000,a1r9IRN6Zrgwo194AsPW2IbLNqg7U+5NX6Z4ptggBuvc0ieb1/K5xnTD+5rJDYEH,13.954811999999999,46.192071,29.107196000000002
648300,a1r9IRN6Zrgwo194AsPW2IbLNqg7U+5NX6Z4ptggBuvc0ieb1/K5xnTD+5rJDYEH,17.133718,39.837894,29.060578000000003
648600,a1r9IRN6Zrgwo194AsPW2IbLNqg7U+5NX6Z4ptggBuvc0ieb1/K5xnTD+5rJDYEH,20.671351,48.621679,30.212153999999998
648900,a1r9IRN6Zrgwo194AsPW2IbLNqg7U+5NX6Z4ptggBuvc0ieb1/K5xnTD+5rJDYEH,20.746682999999997,52.195469,31.769253000000003
649200,a1r9IRN6Zrgwo194AsPW2IbLNqg7U+5NX6Z4ptggBuvc0ieb1/K5xnTD+5rJDYEH,23.481627,50.403402,35.904728000000006
649500,a1r9IRN6Zrgwo194AsPW2IbLNqg7U+5NX6Z4ptggBuvc0ieb1/K5xnTD+5rJDYEH,32.907462,58.56619499999999,42.801888
649800,a1r9IRN6Zrgwo194AsPW2IbLNqg7U+5NX6Z4ptggBuvc0ieb1/K5xnTD+5rJDYEH,14.531926,58.223305,28.850078999999997
650100,a1r9IRN6Zrgwo194AsPW2IbLNqg7U+5NX6Z4ptggBuvc0ieb1/K5xnTD+5rJDYEH,14.698163000000001,47.079826000000004,27.645171
650400,a1r9IRN6Zrgwo194AsPW2IbLNqg7U+5NX6Z4ptggBuvc0ieb1/K5xnTD+5rJDYEH,23.20518,44.244903,32.760661999999996
650700,a1r9IRN6Zrgwo194AsPW2IbLNqg7U+5NX6Z4ptggBuvc0ieb1/K5xnTD+5rJDYEH,14.129420999999999,38.196614000000004,26.700409000000004
651000,a1r9IRN6Zrgwo194AsPW2IbLNqg7U+5NX6Z4ptggBuvc0ieb1/K5xnTD+5rJDYEH,12.835908,44.002024,26.574779
651300,a1r9IRN6Zrgwo194AsPW2IbLNqg7U+5NX6Z4ptggBuvc0ieb1/K5xnTD+5rJDYEH,16.898160999999998,45.702585,28.571502000000002
651600,a1r9IRN6Zrgwo194AsPW2IbLNqg7U+5NX6Z4ptggBuvc0ieb1/K5xnTD+5rJDYEH,16.318307,39.115687,26.727028000000004
651900,a1r9IRN6Zrgwo194AsPW2IbLNqg7U+5NX6Z4ptggBuvc0ieb1/K5xnTD+5rJDYEH,21.743527,48.871234,36.548390999999995
652200,a1r9IRN6Zrgwo194AsPW2IbLNqg7U+5NX6Z4ptggBuvc0ieb1/K5xnTD+5rJDYEH,25.000006,41.313207,31.959242
652500,a1r9IRN6Zrgwo194AsPW2IbLNqg7U+5NX6Z4ptggBuvc0ieb1/K5xnTD+5rJDYEH,14.822217000000002,39.672912,25.752354999999998
652800,a1r9IRN6Zrgwo194AsPW2IbLNqg7U+5NX6Z4ptggBuvc0ieb1/K5xnTD+5rJDYEH,18.560329,45.423080999999996,29.718096000000003
653100,a1r9IRN6Zrgwo194AsPW2IbLNqg7U+5NX6Z4ptggBuvc0ieb1/K5xnTD+5rJDYEH,14.996884,37.894428999999995,26.131888
653400,a1r9IRN6Zrgwo194AsPW2IbLNqg7U+5NX6Z4ptggBuvc0ieb1/K5xnTD+5rJDYEH,19.189936,39.46852,28.712309
653700,a1r9IRN6Zrgwo194AsPW2IbLNqg7U+5NX6Z4ptggBuvc0ieb1/K5xnTD+5rJDYEH,21.004376999999998,40.838688,29.887332
654000,a1r9IRN6Zrgwo194AsPW2IbLNqg7U+5NX6Z4ptggBuvc0ieb1/K5xnTD+5rJDYEH,22.912558999999998,43.403698999999996,30.511038
654300,a1r9IRN6Zrgwo194AsPW2IbLNqg7U+5NX6Z4ptggBuvc0ieb1/K5xnTD+5rJDYEH,26.986995,42.228969,34.017664
654600,a1r9IRN6Zrgwo194AsPW2IbLNqg7U+5NX6Z4ptggBuvc0ieb1/K5xnTD+5rJDYEH,17.670799,46.999818,32.892038
654900,a1r9IRN6Zrgwo194AsPW2IbLNqg7U+5NX6Z4ptggBuvc0ieb1/K5xnTD+5rJDYEH,15.842922,31.489125,22.1856
655200,a1r9IRN6Zrgwo194AsPW2IbLNqg7U+5NX6Z4ptggBuvc0ieb1/K5xnTD+5rJDYEH,9.344648,43.623578,29.301578000000003
655500,a1r9IRN6Zrgwo194AsPW2IbLNqg7U+5NX6Z4ptggBuvc0ieb1/K5xnTD+5rJDYEH,19.801497,42.297272,29.685708
655800,a1r9IRN6Zrgwo194AsPW2IbLNqg7U+5NX6Z4ptggBuvc0ieb1/K5xnTD+5rJDYEH,13.673028,43.345888,27.929686
656100,a1r9IRN6Zrgwo194AsPW2IbLNqg7U+5NX6Z4ptggBuvc0ieb1/K5xnTD+5rJDYEH,21.336001,51.667012,33.025115
656400,a1r9IRN6Zrgwo194AsPW2IbLNqg7U+5NX6Z4ptggBuvc0ieb1/K5xnTD+5rJDYEH,21.670798,46.152412,36.157731
656700,a1r9IRN6Zrgwo194AsPW2IbLNqg7U+5NX6Z4ptggBuvc0ieb1/K5xnTD+5rJDYEH,17.058448000000002,37.215606,26.831577000000003
657000,a1r9IRN6Zrgwo194AsPW2IbLNqg7U+5NX6Z4ptggBuvc0ieb1/K5xnTD+5rJDYEH,14.562985000000001,41.771227,27.436144
657300,a1r9IRN6Zrgwo194AsPW2IbLNqg7U+5NX6Z4ptggBuvc0ieb1/K5xnTD+5rJDYEH,5.788428,35.720804,20.288222
657600,a1r9IRN6Zrgwo194AsPW2IbLNqg7U+5NX6Z4ptggBuvc0ieb1/K5xnTD+5rJDYEH,16.142228,36.469553999999995,23.542659
657900,a1r9IRN6Zrgwo194AsPW2IbLNqg7U+5NX6Z4ptggBuvc0ieb1/K5xnTD+5rJDYEH,7.2097869999999995,25.91825,14.347935000000001
658200,a1r9IRN6Zrgwo194AsPW2IbLNqg7U+5NX6Z4ptggBuvc0ieb1/K5xnTD+5rJDYEH,15.398294,36.113493,21.972041
658500,a1r9IRN6Zrgwo194AsPW2IbLNqg7U+5NX6Z4ptggBuvc0ieb1/K5xnTD+5rJDYEH,33.720321000000006,57.808813,42.195657000000004
658800,a1r9IRN6Zrgwo194AsPW2IbLNqg7U+5NX6Z4ptggBuvc0ieb1/K5xnTD+5rJDYEH,26.789739,68.35254,37.662529
659100,a1r9IRN6Zrgwo194AsPW2IbLNqg7U+5NX6Z4ptggBuvc0ieb1/K5xnTD+5rJDYEH,35.919746999999994,68.97403800000001,52.065643
659400,a1r9IRN6Zrgwo194AsPW2IbLNqg7U+5NX6Z4ptggBuvc0ieb1/K5xnTD+5rJDYEH,17.205510999999998,54.58665500000001,39.357627
659700,a1r9IRN6Zrgwo194AsPW2IbLNqg7U+5NX6Z4ptggBuvc0ieb1/K5xnTD+5rJDYEH,10.491309,43.634477000000004,27.486932
660000,a1r9IRN6Zrgwo194AsPW2IbLNqg7U+5NX6Z4ptggBuvc0ieb1/K5xnTD+5rJDYEH,6.587491,32.096384,18.450824
660300,a1r9IRN6Zrgwo194AsPW2IbLNqg7U+5NX6Z4ptggBuvc0ieb1/K5xnTD+5rJDYEH,23.515954999999998,45.62672,34.700904
660600,a1r9IRN6Zrgwo194AsPW2IbLNqg7U+5NX6Z4ptggBuvc0ieb1/K5xnTD+5rJDYEH,11.079961,51.527662,24.513297
660900,a1r9IRN6Zrgwo194AsPW2IbLNqg7U+5NX6Z4ptggBuvc0ieb1/K5xnTD+5rJDYEH,14.342423000000002,38.626258,26.566809999999997
661200,a1r9IRN6Zrgwo194AsPW2IbLNqg7U+5NX6Z4ptggBuvc0ieb1/K5xnTD+5rJDYEH,18.817313000000002,47.337933,31.371833000000002
661500,a1r9IRN6Zrgwo194AsPW2IbLNqg7U+5NX6Z4ptggBuvc0ieb1/K5xnTD+5rJDYEH,12.686321000000001,48.42549,34.001836
661800,a1r9IRN6Zrgwo194AsPW2IbLNqg7U+5NX6Z4ptggBuvc0ieb1/K5xnTD+5rJDYEH,21.664359,50.477140999999996,32.836259999999996
662100,a1r9IRN6Zrgwo194AsPW2IbLNqg7U+5NX6Z4ptggBuvc0ieb1/K5xnTD+5rJDYEH,23.005322,61.341554,42.574686
662400,a1r9IRN6Zrgwo194AsPW2IbLNqg7U+5NX6Z4ptggBuvc0ieb1/K5xnTD+5rJDYEH,23.534003,65.002239,46.072001
662700,a1r9IRN6Zrgwo194AsPW2IbLNqg7U+5NX6Z4ptggBuvc0ieb1/K5xnTD+5rJDYEH,18.930172,46.45406,28.684508
663000,a1r9IRN6Zrgwo194AsPW2IbLNqg7U+5NX6Z4ptggBuvc0ieb1/K5xnTD+5rJDYEH,19.474971,47.457678,30.436897
663300,a1r9IRN6Zrgwo194AsPW2IbLNqg7U+5NX6Z4ptggBuvc0ieb1/K5xnTD+5rJDYEH,13.271476000000002,44.74434,32.062409
663600,a1r9IRN6Zrgwo194AsPW2IbLNqg7U+5NX6Z4ptggBuvc0ieb1/K5xnTD+5rJDYEH,27.644716,52.211244,38.830647
663900,a1r9IRN6Zrgwo194AsPW2IbLNqg7U+5NX6Z4ptggBuvc0ieb1/K5xnTD+5rJDYEH,29.901398999999998,56.765434,41.677351
664200,a1r9IRN6Zrgwo194AsPW2IbLNqg7U+5NX6Z4ptggBuvc0ieb1/K5xnTD+5rJDYEH,6.467442,51.761008000000004,26.35957
664500,a1r9IRN6Zrgwo194AsPW2IbLNqg7U+5NX6Z4ptggBuvc0ieb1/K5xnTD+5rJDYEH,11.368259,38.277064,27.576646999999998
664800,a1r9IRN6Zrgwo194AsPW2IbLNqg7U+5NX6Z4ptggBuvc0ieb1/K5xnTD+5rJDYEH,25.809846,46.821723999999996,33.155488
665100,a1r9IRN6Zrgwo194AsPW2IbLNqg7U+5NX6Z4ptggBuvc0ieb1/K5xnTD+5rJDYEH,22.518419,60.764165000000006,40.297779999999996
665400,a1r9IRN6Zrgwo194AsPW2IbLNqg7U+5NX6Z4ptggBuvc0ieb1/K5xnTD+5rJDYEH,21.099975,69.285529,49.790577
665700,a1r9IRN6Zrgwo194AsPW2IbLNqg7U+5NX6Z4ptggBuvc0ieb1/K5xnTD+5rJDYEH,21.570241,57.97572099999999,36.078531
666000,a1r9IRN6Zrgwo194AsPW2IbLNqg7U+5NX6Z4ptggBuvc0ieb1/K5xnTD+5rJDYEH,29.376928000000003,48.152881,40.728226
666300,a1r9IRN6Zrgwo194AsPW2IbLNqg7U+5NX6Z4ptggBuvc0ieb1/K5xnTD+5rJDYEH,27.901245,54.166916,39.712199
666600,a1r9IRN6Zrgwo194AsPW2IbLNqg7U+5NX6Z4ptggBuvc0ieb1/K5xnTD+5rJDYEH,20.041578,45.892065,28.837774
666900,a1r9IRN6Zrgwo194AsPW2IbLNqg7U+5NX6Z4ptggBuvc0ieb1/K5xnTD+5rJDYEH,25.367496,45.120863,33.631913
667200,a1r9IRN6Zrgwo194AsPW2IbLNqg7U+5NX6Z4ptggBuvc0ieb1/K5xnTD+5rJDYEH,23.096176,56.190888,39.645346999999994
667500,a1r9IRN6Zrgwo194AsPW2IbLNqg7U+5NX6Z4ptggBuvc0ieb1/K5xnTD+5rJDYEH,28.910090999999998,60.925668,45.480777
667800,a1r9IRN6Zrgwo194AsPW2IbLNqg7U+5NX6Z4ptggBuvc0ieb1/K5xnTD+5rJDYEH,29.46665,64.434354,47.43614
668100,a1r9IRN6Zrgwo194AsPW2IbLNqg7U+5NX6Z4ptggBuvc0ieb1/K5xnTD+5rJDYEH,14.121489000000002,62.977895999999994,41.178613
668400,a1r9IRN6Zrgwo194AsPW2IbLNqg7U+5NX6Z4ptggBuvc0ieb1/K5xnTD+5rJDYEH,11.551003999999999,51.853596,27.587233
668700,a1r9IRN6Zrgwo194AsPW2IbLNqg7U+5NX6Z4ptggBuvc0ieb1/K5xnTD+5rJDYEH,35.980472999999996,60.594501,47.637562
669000,a1r9IRN6Zrgwo194AsPW2IbLNqg7U+5NX6Z4ptggBuvc0ieb1/K5xnTD+5rJDYEH,23.371341,45.030838,34.43238
669300,a1r9IRN6Zrgwo194AsPW2IbLNqg7U+5NX6Z4ptggBuvc0ieb1/K5xnTD+5rJDYEH,11.216714,42.333393,24.642997
669600,a1r9IRN6Zrgwo194AsPW2IbLNqg7U+5NX6Z4ptggBuvc0ieb1/K5xnTD+5rJDYEH,7.1915,32.804608,23.038107
669900,a1r9IRN6Zrgwo194AsPW2IbLNqg7U+5NX6Z4ptggBuvc0ieb1/K5xnTD+5rJDYEH,10.084603,39.01619,21.291567
670200,a1r9IRN6Zrgwo194AsPW2IbLNqg7U+5NX6Z4ptggBuvc0ieb1/K5xnTD+5rJDYEH,23.04826,58.509966000000006,36.613652
670500,a1r9IRN6Zrgwo194AsPW2IbLNqg7U+5NX6Z4ptggBuvc0ieb1/K5xnTD+5rJDYEH,12.238613,39.102595,27.276191999999998
670800,a1r9IRN6Zrgwo194AsPW2IbLNqg7U+5NX6Z4ptggBuvc0ieb1/K5xnTD+5rJDYEH,21.550517000000003,62.203264000000004,39.106252000000005
671100,a1r9IRN6Zrgwo194AsPW2IbLNqg7U+5NX6Z4ptggBuvc0ieb1/K5xnTD+5rJDYEH,15.604637,65.256057,34.426862
671400,a1r9IRN6Zrgwo194AsPW2IbLNqg7U+5NX6Z4ptggBuvc0ieb1/K5xnTD+5rJDYEH,27.243740999999996,68.57005799999999,51.845086
671700,a1r9IRN6Zrgwo194AsPW2IbLNqg7U+5NX6Z4ptggBuvc0ieb1/K5xnTD+5rJDYEH,14.131870000000001,31.578422999999997,22.584646
672000,a1r9IRN6Zrgwo194AsPW2IbLNqg7U+5NX6Z4ptggBuvc0ieb1/K5xnTD+5rJDYEH,9.875051,36.311902,20.80216
672300,a1r9IRN6Zrgwo194AsPW2IbLNqg7U+5NX6Z4ptggBuvc0ieb1/K5xnTD+5rJDYEH,26.436673,52.620836,35.728343
672600,a1r9IRN6Zrgwo194AsPW2IbLNqg7U+5NX6Z4ptggBuvc0ieb1/K5xnTD+5rJDYEH,33.945352,53.356458999999994,43.324096000000004
672900,a1r9IRN6Zrgwo194AsPW2IbLNqg7U+5NX6Z4ptggBuvc0ieb1/K5xnTD+5rJDYEH,16.478472,47.501213,34.924833
673200,a1r9IRN6Zrgwo194AsPW2IbLNqg7U+5NX6Z4ptggBuvc0ieb1/K5xnTD+5rJDYEH,20.180912,42.247040000000005,28.492269
673500,a1r9IRN6Zrgwo194AsPW2IbLNqg7U+5NX6Z4ptggBuvc0ieb1/K5xnTD+5rJDYEH,21.159813,58.566455000000005,38.154332000000004
673800,a1r9IRN6Zrgwo194AsPW2IbLNqg7U+5NX6Z4ptggBuvc0ieb1/K5xnTD+5rJDYEH,16.612078,45.992246,31.754054999999997
674100,a1r9IRN6Zrgwo194AsPW2IbLNqg7U+5NX6Z4ptggBuvc0ieb1/K5xnTD+5rJDYEH,9.469581,29.075446000000003,21.889517
674400,a1r9IRN6Zrgwo194AsPW2IbLNqg7U+5NX6Z4ptggBuvc0ieb1/K5xnTD+5rJDYEH,10.254644,29.640822999999997,20.17982
674700,a1r9IRN6Zrgwo194AsPW2IbLNqg7U+5NX6Z4ptggBuvc0ieb1/K5xnTD+5rJDYEH,11.148905000000001,35.013482,21.983276999999998
675000,a1r9IRN6Zrgwo194AsPW2IbLNqg7U+5NX6Z4ptggBuvc0ieb1/K5xnTD+5rJDYEH,9.578028999999999,41.315535,28.673328
675300,a1r9IRN6Zrgwo194AsPW2IbLNqg7U+5NX6Z4ptggBuvc0ieb1/K5xnTD+5rJDYEH,10.208997,30.588105,19.710816
675600,a1r9IRN6Zrgwo194AsPW2IbLNqg7U+5NX6Z4ptggBuvc0ieb1/K5xnTD+5rJDYEH,8.899785000000001,21.130498,14.863295
675900,a1r9IRN6Zrgwo194AsPW2IbLNqg7U+5NX6Z4ptggBuvc0ieb1/K5xnTD+5rJDYEH,10.210469999999999,27.546504,18.339971
676200,a1r9IRN6Zrgwo194AsPW2IbLNqg7U+5NX6Z4ptggBuvc0ieb1/K5xnTD+5rJDYEH,12.678815,34.19119,20.168725
676500,a1r9IRN6Zrgwo194AsPW2IbLNqg7U+5NX6Z4ptggBuvc0ieb1/K5xnTD+5rJDYEH,13.519434,33.98766,22.233499
676800,a1r9IRN6Zrgwo194AsPW2IbLNqg7U+5NX6Z4ptggBuvc0ieb1/K5xnTD+5rJDYEH,9.548561999999999,41.875716,27.855023
677100,a1r9IRN6Zrgwo194AsPW2IbLNqg7U+5NX6Z4ptggBuvc0ieb1/K5xnTD+5rJDYEH,18.577551999999997,33.884109,25.47652
677400,a1r9IRN6Zrgwo194AsPW2IbLNqg7U+5NX6Z4ptggBuvc0ieb1/K5xnTD+5rJDYEH,4.861649,35.979294,22.828477
677700,a1r9IRN6Zrgwo194AsPW2IbLNqg7U+5NX6Z4ptggBuvc0ieb1/K5xnTD+5rJDYEH,8.373812,36.673858,25.361667
678000,a1r9IRN6Zrgwo194AsPW2IbLNqg7U+5NX6Z4ptggBuvc0ieb1/K5xnTD+5rJDYEH,9.234175,24.893228,14.383447
678300,a1r9IRN6Zrgwo194AsPW2IbLNqg7U+5NX6Z4ptggBuvc0ieb1/K5xnTD+5rJDYEH,9.863713,30.780009999999997,21.121023
678600,a1r9IRN6Zrgwo194AsPW2IbLNqg7U+5NX6Z4ptggBuvc0ieb1/K5xnTD+5rJDYEH,15.309859,36.504354,24.917586
678900,a1r9IRN6Zrgwo194AsPW2IbLNqg7U+5NX6Z4ptggBuvc0ieb1/K5xnTD+5rJDYEH,6.23789,27.996384999999997,17.652344
679200,a1r9IRN6Zrgwo194AsPW2IbLNqg7U+5NX6Z4ptggBuvc0ieb1/K5xnTD+5rJDYEH,10.006026,28.121714,17.686405999999998
679500,a1r9IRN6Zrgwo194AsPW2IbLNqg7U+5NX6Z4ptggBuvc0ieb1/K5xnTD+5rJDYEH,5.374002,27.835853000000004,18.862137
679800,a1r9IRN6Zrgwo194AsPW2IbLNqg7U+5NX6Z4ptggBuvc0ieb1/K5xnTD+5rJDYEH,14.128020999999999,34.6068,22.004428
680100,a1r9IRN6Zrgwo194AsPW2IbLNqg7U+5NX6Z4ptggBuvc0ieb1/K5xnTD+5rJDYEH,13.683736999999999,52.197949,22.616357
680400,a1r9IRN6Zrgwo194AsPW2IbLNqg7U+5NX6Z4ptggBuvc0ieb1/K5xnTD+5rJDYEH,4.043628,26.581709999999998,18.139958
680700,a1r9IRN6Zrgwo194AsPW2IbLNqg7U+5NX6Z4ptggBuvc0ieb1/K5xnTD+5rJDYEH,13.065717999999999,28.087981,19.498373
681000,a1r9IRN6Zrgwo194AsPW2IbLNqg7U+5NX6Z4ptggBuvc0ieb1/K5xnTD+5rJDYEH,8.809764999999999,22.91421,15.174995999999998
681300,a1r9IRN6Zrgwo194AsPW2IbLNqg7U+5NX6Z4ptggBuvc0ieb1/K5xnTD+5rJDYEH,11.912303999999999,25.819489,18.813972
681600,a1r9IRN6Zrgwo194AsPW2IbLNqg7U+5NX6Z4ptggBuvc0ieb1/K5xnTD+5rJDYEH,7.2581050000000005,16.936871,11.954659
681900,a1r9IRN6Zrgwo194AsPW2IbLNqg7U+5NX6Z4ptggBuvc0ieb1/K5xnTD+5rJDYEH,11.613273,25.510538,18.799195
682200,a1r9IRN6Zrgwo194AsPW2IbLNqg7U+5NX6Z4ptggBuvc0ieb1/K5xnTD+5rJDYEH,6.803109,23.296191,12.333209
682500,a1r9IRN6Zrgwo194AsPW2IbLNqg7U+5NX6Z4ptggBuvc0ieb1/K5xnTD+5rJDYEH,6.516871,20.148703,13.066689
682800,a1r9IRN6Zrgwo194AsPW2IbLNqg7U+5NX6Z4ptggBuvc0ieb1/K5xnTD+5rJDYEH,0.9325889999999999,20.782155,13.743321
683100,a1r9IRN6Zrgwo194AsPW2IbLNqg7U+5NX6Z4ptggBuvc0ieb1/K5xnTD+5rJDYEH,9.213714999999999,23.404295,15.331016
683400,a1r9IRN6Zrgwo194AsPW2IbLNqg7U+5NX6Z4ptggBuvc0ieb1/K5xnTD+5rJDYEH,6.388337,20.497264,12.122065
683700,a1r9IRN6Zrgwo194AsPW2IbLNqg7U+5NX6Z4ptggBuvc0ieb1/K5xnTD+5rJDYEH,4.246646,15.831982,10.803811
684000,a1r9IRN6Zrgwo194AsPW2IbLNqg7U+5NX6Z4ptggBuvc0ieb1/K5xnTD+5rJDYEH,9.879435,29.256688,18.686882
684300,a1r9IRN6Zrgwo194AsPW2IbLNqg7U+5NX6Z4ptggBuvc0ieb1/K5xnTD+5rJDYEH,10.524814,29.612146000000003,16.618504
684600,a1r9IRN6Zrgwo194AsPW2IbLNqg7U+5NX6Z4ptggBuvc0ieb1/K5xnTD+5rJDYEH,6.166461,31.261139,14.520903
684900,a1r9IRN6Zrgwo194AsPW2IbLNqg7U+5NX6Z4ptggBuvc0ieb1/K5xnTD+5rJDYEH,1.831751,21.493563,11.99654
685200,a1r9IRN6Zrgwo194AsPW2IbLNqg7U+5NX6Z4ptggBuvc0ieb1/K5xnTD+5rJDYEH,9.641555,23.137157000000002,15.888995999999999
685500,a1r9IRN6Zrgwo194AsPW2IbLNqg7U+5NX6Z4ptggBuvc0ieb1/K5xnTD+5rJDYEH,4.596607,26.707957,9.796113
685800,a1r9IRN6Zrgwo194AsPW2IbLNqg7U+5NX6Z4ptggBuvc0ieb1/K5xnTD+5rJDYEH,3.7111370000000004,17.280282,8.828695
686100,a1r9IRN6Zrgwo194AsPW2IbLNqg7U+5NX6Z4ptggBuvc0ieb1/K5xnTD+5rJDYEH,7.813648,15.093620999999999,10.894857
686400,a1r9IRN6Zrgwo194AsPW2IbLNqg7U+5NX6Z4ptggBuvc0ieb1/K5xnTD+5rJDYEH,3.7129489999999996,16.350225,8.380037
686700,a1r9IRN6Zrgwo194AsPW2IbLNqg7U+5NX6Z4ptggBuvc0ieb1/K5xnTD+5rJDYEH,3.3483080000000003,12.792900999999999,7.820112
687000,a1r9IRN6Zrgwo194AsPW2IbLNqg7U+5NX6Z4ptggBuvc0ieb1/K5xnTD+5rJDYEH,5.820921,15.489307,10.190791
687300,a1r9IRN6Zrgwo194AsPW2IbLNqg7U+5NX6Z4ptggBuvc0ieb1/K5xnTD+5rJDYEH,4.116702,14.237260000000001,8.904850999999999
687600,a1r9IRN6Zrgwo194AsPW2IbLNqg7U+5NX6Z4ptggBuvc0ieb1/K5xnTD+5rJDYEH,2.126087,24.141941,10.009179
687900,a1r9IRN6Zrgwo194AsPW2IbLNqg7U+5NX6Z4ptggBuvc0ieb1/K5xnTD+5rJDYEH,3.94846,34.842605999999996,9.084750999999999
688200,a1r9IRN6Zrgwo194AsPW2IbLNqg7U+5NX6Z4ptggBuvc0ieb1/K5xnTD+5rJDYEH,2.524394,11.507932,6.201411
688500,a1r9IRN6Zrgwo194AsPW2IbLNqg7U+5NX6Z4ptggBuvc0ieb1/K5xnTD+5rJDYEH,0.6065699999999999,10.95487,6.363499
688800,a1r9IRN6Zrgwo194AsPW2IbLNqg7U+5NX6Z4ptggBuvc0ieb1/K5xnTD+5rJDYEH,3.676443,11.034821,7.356147999999999
689100,a1r9IRN6Zrgwo194AsPW2IbLNqg7U+5NX6Z4ptggBuvc0ieb1/K5xnTD+5rJDYEH,3.667589,16.03238,7.713379
689400,a1r9IRN6Zrgwo194AsPW2IbLNqg7U+5NX6Z4ptggBuvc0ieb1/K5xnTD+5rJDYEH,6.430878,18.177751,11.316605000000001
689700,a1r9IRN6Zrgwo194AsPW2IbLNqg7U+5NX6Z4ptggBuvc0ieb1/K5xnTD+5rJDYEH,0.546397,13.298229999999998,6.883583
690000,a1r9IRN6Zrgwo194AsPW2IbLNqg7U+5NX6Z4ptggBuvc0ieb1/K5xnTD+5rJDYEH,4.025009,13.214525,7.376005
690300,a1r9IRN6Zrgwo194AsPW2IbLNqg7U+5NX6Z4ptggBuvc0ieb1/K5xnTD+5rJDYEH,0.686139,11.746416,7.567212
690600,a1r9IRN6Zrgwo194AsPW2IbLNqg7U+5NX6Z4ptggBuvc0ieb1/K5xnTD+5rJDYEH,4.538766000000001,14.513592000000001,8.380685
690900,a1r9IRN6Zrgwo194AsPW2IbLNqg7U+5NX6Z4ptggBuvc0ieb1/K5xnTD+5rJDYEH,1.1061239999999999,10.895481,7.363536999999999
