timestamp,vm_id,min_cpu,avg_cpu,max_cpu
0,a2JJDid759RYBNLdQjknGV2qhRXPAlpcYYYaf5dG+CMw0+jFhtWBYIIHCd5dN16Y,1.556537,3.458709,2.805749
300,a2JJDid759RYBNLdQjknGV2qhRXPAlpcYYYaf5dG+CMw0+jFhtWBYIIHCd5dN16Y,1.899709,4.239552,3.016924
600,a2JJDid759RYBNLdQjknGV2qhRXPAlpcYYYaf5dG+CMw0+jFhtWBYIIHCd5dN16Y,2.41597,5.284374,3.5482940000000003
900,a2JJDid759RYBNLdQjknGV2qhRXPAlpcYYYaf5dG+CMw0+jFhtWBYIIHCd5dN16Y,2.073941,5.64665,3.031664
1200,a2JJDid759RYBNLdQjknGV2qhRXPAlpcYYYaf5dG+CMw0+jFhtWBYIIHCd5dN16Y,2.300467,4.1169519999999995,3.1594189999999998
1500,a2JJDid759RYBNLdQjknGV2qhRXPAlpcYYYaf5dG+CMw0+jFhtWBYIIHCd5dN16Y,1.899118,4.159579,3.065787
1800,a2JJDid759RYBNLdQjknGV2qhRXPAlpcYYYaf5dG+CMw0+jFhtWBYIIHCd5dN16Y,1.9299810000000002,4.063356,2.971715
2100,a2JJDid759RYBNLdQjknGV2qhRXPAlpcYYYaf5dG+CMw0+jFhtWBYIIHCd5dN16Y,0.593056,3.9243669999999997,2.709674
2400,a2JJDid759RYBNLdQjknGV2qhRXPAlpcYYYaf5dG+CMw0+jFhtWBYIIHCd5dN16Y,1.4856260000000001,4.436039,3.259798
2700,a2JJDid759RYBNLdQjknGV2qhRXPAlpcYYYaf5dG+CMw0+jFhtWBYIIHCd5dN16Y,0.428225,3.997694,2.8222150000000004
3000,a2JJDid759RYBNLdQjknGV2qhRXPAlpcYYYaf5dG+CMw0+jFhtWBYIIHCd5dN16Y,2.387714,4.424143,2.9971900000000002
3300,a2JJDid759RYBNLdQjknGV2qhRXPAlpcYYYaf5dG+CMw0+jFhtWBYIIHCd5dN16Y,1.8892959999999999,15.126831,3.8813769999999996
3600,a2JJDid759RYBNLdQjknGV2qhRXPAlpcYYYaf5dG+CMw0+jFhtWBYIIHCd5dN16Y,1.326009,6.265625,2.880583
3900,a2JJDid759RYBNLdQjknGV2qhRXPAlpcYYYaf5dG+CMw0+jFhtWBYIIHCd5dN16Y,1.9702849999999998,4.272973,2.862675
4200,a2JJDid759RYBNLdQjknGV2qhRXPAlpcYYYaf5dG+CMw0+jFhtWBYIIHCd5dN16Y,1.12405,4.152715,2.610537
4500,a2JJDid759RYBNLdQjknGV2qhRXPAlpcYYYaf5dG+CMw0+jFhtWBYIIHCd5dN16Y,1.672223,3.642465,2.5352200000000003
4800,a2JJDid759RYBNLdQjknGV2qhRXPAlpcYYYaf5dG+CMw0+jFhtWBYIIHCd5dN16Y,1.3695389999999998,4.814019999999999,2.886657
5100,a2JJDid759RYBNLdQjknGV2qhRXPAlpcYYYaf5dG+CMw0+jFhtWBYIIHCd5dN16Y,1.628042,4.614646,2.786073
5400,a2JJDid759RYBNLdQjknGV2qhRXPAlpcYYYaf5dG+CMw0+jFhtWBYIIHCd5dN16Y,1.050154,4.270908,2.747178
5700,a2JJDid759RYBNLdQjknGV2qhRXPAlpcYYYaf5dG+CMw0+jFhtWBYIIHCd5dN16Y,1.858828,4.471756,2.780357
6000,a2JJDid759RYBNLdQjknGV2qhRXPAlpcYYYaf5dG+CMw0+jFhtWBYIIHCd5dN16Y,0.409531,4.460156,2.853134
6300,a2JJDid759RYBNLdQjknGV2qhRXPAlpcYYYaf5dG+CMw0+jFhtWBYIIHCd5dN16Y,1.812725,3.988157,2.833107
6600,a2JJDid759RYBNLdQjknGV2qhRXPAlpcYYYaf5dG+CMw0+jFhtWBYIIHCd5dN16Y,2.1860779999999997,16.814119,4.300431
6900,a2JJDid759RYBNLdQjknGV2qhRXPAlpcYYYaf5dG+CMw0+jFhtWBYIIHCd5dN16Y,0.535107,19.563195999999998,6.6307350000000005
7200,a2JJDid759RYBNLdQjknGV2qhRXPAlpcYYYaf5dG+CMw0+jFhtWBYIIHCd5dN16Y,2.2345490000000003,4.200455000000001,3.0480240000000003
7500,a2JJDid759RYBNLdQjknGV2qhRXPAlpcYYYaf5dG+CMw0+jFhtWBYIIHCd5dN16Y,1.858477,7.000255,3.3475410000000005
7800,a2JJDid759RYBNLdQjknGV2qhRXPAlpcYYYaf5dG+CMw0+jFhtWBYIIHCd5dN16Y,1.90786,3.6391769999999997,2.964357
8100,a2JJDid759RYBNLdQjknGV2qhRXPAlpcYYYaf5dG+CMw0+jFhtWBYIIHCd5dN16Y,0.669888,4.4666559999999995,2.7133979999999998
8400,a2JJDid759RYBNLdQjknGV2qhRXPAlpcYYYaf5dG+CMw0+jFhtWBYIIHCd5dN16Y,2.45595,4.16165,3.093608
8700,a2JJDid759RYBNLdQjknGV2qhRXPAlpcYYYaf5dG+CMw0+jFhtWBYIIHCd5dN16Y,0.28763,4.331694000000001,2.8209869999999997
9000,a2JJDid759RYBNLdQjknGV2qhRXPAlpcYYYaf5dG+CMw0+jFhtWBYIIHCd5dN16Y,1.6622240000000001,4.057964,3.034112
9300,a2JJDid759RYBNLdQjknGV2qhRXPAlpcYYYaf5dG+CMw0+jFhtWBYIIHCd5dN16Y,2.28523,4.913892,3.1486400000000003
9600,a2JJDid759RYBNLdQjknGV2qhRXPAlpcYYYaf5dG+CMw0+jFhtWBYIIHCd5dN16Y,0.408098,5.454464,3.023209
9900,a2JJDid759RYBNLdQjknGV2qhRXPAlpcYYYaf5dG+CMw0+jFhtWBYIIHCd5dN16Y,1.733375,4.980669,2.743965
10200,a2JJDid759RYBNLdQjknGV2qhRXPAlpcYYYaf5dG+CMw0+jFhtWBYIIHCd5dN16Y,2.042652,6.369714,3.170647
10500,a2JJDid759RYBNLdQjknGV2qhRXPAlpcYYYaf5dG+CMw0+jFhtWBYIIHCd5dN16Y,1.816604,17.582212,4.057771
10800,a2JJDid759RYBNLdQjknGV2qhRXPAlpcYYYaf5dG+CMw0+jFhtWBYIIHCd5dN16Y,0.387038,4.50608,2.69863
11100,a2JJDid759RYBNLdQjknGV2qhRXPAlpcYYYaf5dG+CMw0+jFhtWBYIIHCd5dN16Y,1.9143849999999998,5.157262,2.756322
11400,a2JJDid759RYBNLdQjknGV2qhRXPAlpcYYYaf5dG+CMw0+jFhtWBYIIHCd5dN16Y,1.7689409999999999,14.12566,3.367372
11700,a2JJDid759RYBNLdQjknGV2qhRXPAlpcYYYaf5dG+CMw0+jFhtWBYIIHCd5dN16Y,0.60206,4.104572,2.486957
12000,a2JJDid759RYBNLdQjknGV2qhRXPAlpcYYYaf5dG+CMw0+jFhtWBYIIHCd5dN16Y,1.818368,4.437926,2.8606409999999998
12300,a2JJDid759RYBNLdQjknGV2qhRXPAlpcYYYaf5dG+CMw0+jFhtWBYIIHCd5dN16Y,1.876622,4.340942,2.760168
12600,a2JJDid759RYBNLdQjknGV2qhRXPAlpcYYYaf5dG+CMw0+jFhtWBYIIHCd5dN16Y,1.7632560000000002,5.083216999999999,2.949565
12900,a2JJDid759RYBNLdQjknGV2qhRXPAlpcYYYaf5dG+CMw0+jFhtWBYIIHCd5dN16Y,0.431666,5.7602269999999995,2.695582
13200,a2JJDid759RYBNLdQjknGV2qhRXPAlpcYYYaf5dG+CMw0+jFhtWBYIIHCd5dN16Y,1.8083529999999999,5.093831,3.28294
13500,a2JJDid759RYBNLdQjknGV2qhRXPAlpcYYYaf5dG+CMw0+jFhtWBYIIHCd5dN16Y,1.8945439999999998,4.94576,2.840573
13800,a2JJDid759RYBNLdQjknGV2qhRXPAlpcYYYaf5dG+CMw0+jFhtWBYIIHCd5dN16Y,1.914526,5.075995,2.89182
14100,a2JJDid759RYBNLdQjknGV2qhRXPAlpcYYYaf5dG+CMw0+jFhtWBYIIHCd5dN16Y,1.875331,7.604450999999999,3.340796
14400,a2JJDid759RYBNLdQjknGV2qhRXPAlpcYYYaf5dG+CMw0+jFhtWBYIIHCd5dN16Y,0.778409,10.935794999999999,3.751015
14700,a2JJDid759RYBNLdQjknGV2qhRXPAlpcYYYaf5dG+CMw0+jFhtWBYIIHCd5dN16Y,1.6907009999999998,5.810768,2.8129720000000002
15000,a2JJDid759RYBNLdQjknGV2qhRXPAlpcYYYaf5dG+CMw0+jFhtWBYIIHCd5dN16Y,0.318477,4.3052410000000005,2.698211
15300,a2JJDid759RYBNLdQjknGV2qhRXPAlpcYYYaf5dG+CMw0+jFhtWBYIIHCd5dN16Y,1.6849299999999998,4.933865,2.627247
15600,a2JJDid759RYBNLdQjknGV2qhRXPAlpcYYYaf5dG+CMw0+jFhtWBYIIHCd5dN16Y,1.775469,6.4224120000000005,3.076591
15900,a2JJDid759RYBNLdQjknGV2qhRXPAlpcYYYaf5dG+CMw0+jFhtWBYIIHCd5dN16Y,1.8138459999999998,4.014874,2.694338
16200,a2JJDid759RYBNLdQjknGV2qhRXPAlpcYYYaf5dG+CMw0+jFhtWBYIIHCd5dN16Y,0.43946899999999994,3.829937,2.587956
16500,a2JJDid759RYBNLdQjknGV2qhRXPAlpcYYYaf5dG+CMw0+jFhtWBYIIHCd5dN16Y,1.650655,4.597189,2.6118509999999997
16800,a2JJDid759RYBNLdQjknGV2qhRXPAlpcYYYaf5dG+CMw0+jFhtWBYIIHCd5dN16Y,2.346746,3.8960589999999997,2.936983
17100,a2JJDid759RYBNLdQjknGV2qhRXPAlpcYYYaf5dG+CMw0+jFhtWBYIIHCd5dN16Y,1.9396229999999999,5.0727139999999995,2.957035
17400,a2JJDid759RYBNLdQjknGV2qhRXPAlpcYYYaf5dG+CMw0+jFhtWBYIIHCd5dN16Y,1.6451650000000002,4.1200470000000005,2.652647
17700,a2JJDid759RYBNLdQjknGV2qhRXPAlpcYYYaf5dG+CMw0+jFhtWBYIIHCd5dN16Y,1.882277,3.643726,2.5666889999999998
18000,a2JJDid759RYBNLdQjknGV2qhRXPAlpcYYYaf5dG+CMw0+jFhtWBYIIHCd5dN16Y,2.621518,17.414565,5.123522
18300,a2JJDid759RYBNLdQjknGV2qhRXPAlpcYYYaf5dG+CMw0+jFhtWBYIIHCd5dN16Y,1.619122,18.840788,3.865331
18600,a2JJDid759RYBNLdQjknGV2qhRXPAlpcYYYaf5dG+CMw0+jFhtWBYIIHCd5dN16Y,1.9398970000000002,4.5011339999999995,3.16121
18900,a2JJDid759RYBNLdQjknGV2qhRXPAlpcYYYaf5dG+CMw0+jFhtWBYIIHCd5dN16Y,1.898577,5.761439,2.927565
19200,a2JJDid759RYBNLdQjknGV2qhRXPAlpcYYYaf5dG+CMw0+jFhtWBYIIHCd5dN16Y,1.776636,4.804074,2.661939
19500,a2JJDid759RYBNLdQjknGV2qhRXPAlpcYYYaf5dG+CMw0+jFhtWBYIIHCd5dN16Y,1.7879619999999998,4.57913,2.726507
19800,a2JJDid759RYBNLdQjknGV2qhRXPAlpcYYYaf5dG+CMw0+jFhtWBYIIHCd5dN16Y,1.664318,6.8198300000000005,2.9464360000000003
20100,a2JJDid759RYBNLdQjknGV2qhRXPAlpcYYYaf5dG+CMw0+jFhtWBYIIHCd5dN16Y,1.946431,4.2569550000000005,2.6480770000000002
20400,a2JJDid759RYBNLdQjknGV2qhRXPAlpcYYYaf5dG+CMw0+jFhtWBYIIHCd5dN16Y,1.948898,4.410283,2.952316
20700,a2JJDid759RYBNLdQjknGV2qhRXPAlpcYYYaf5dG+CMw0+jFhtWBYIIHCd5dN16Y,2.2151650000000003,4.451361,3.004273
21000,a2JJDid759RYBNLdQjknGV2qhRXPAlpcYYYaf5dG+CMw0+jFhtWBYIIHCd5dN16Y,2.001353,11.750625,3.778693
21300,a2JJDid759RYBNLdQjknGV2qhRXPAlpcYYYaf5dG+CMw0+jFhtWBYIIHCd5dN16Y,2.190402,3.9233480000000003,2.837627
21600,a2JJDid759RYBNLdQjknGV2qhRXPAlpcYYYaf5dG+CMw0+jFhtWBYIIHCd5dN16Y,2.345741,16.795510999999998,4.321753
21900,a2JJDid759RYBNLdQjknGV2qhRXPAlpcYYYaf5dG+CMw0+jFhtWBYIIHCd5dN16Y,1.8554419999999998,5.219943,3.1669709999999998
22200,a2JJDid759RYBNLdQjknGV2qhRXPAlpcYYYaf5dG+CMw0+jFhtWBYIIHCd5dN16Y,2.203121,7.197339,3.5792410000000006
22500,a2JJDid759RYBNLdQjknGV2qhRXPAlpcYYYaf5dG+CMw0+jFhtWBYIIHCd5dN16Y,2.310239,6.581092999999999,3.456511
22800,a2JJDid759RYBNLdQjknGV2qhRXPAlpcYYYaf5dG+CMw0+jFhtWBYIIHCd5dN16Y,1.971414,4.750588,2.911946
23100,a2JJDid759RYBNLdQjknGV2qhRXPAlpcYYYaf5dG+CMw0+jFhtWBYIIHCd5dN16Y,1.956125,5.0871059999999995,2.968026
23400,a2JJDid759RYBNLdQjknGV2qhRXPAlpcYYYaf5dG+CMw0+jFhtWBYIIHCd5dN16Y,1.657734,4.43457,2.937911
23700,a2JJDid759RYBNLdQjknGV2qhRXPAlpcYYYaf5dG+CMw0+jFhtWBYIIHCd5dN16Y,1.4600540000000002,20.812849,4.271968
24000,a2JJDid759RYBNLdQjknGV2qhRXPAlpcYYYaf5dG+CMw0+jFhtWBYIIHCd5dN16Y,1.7819630000000002,5.941916,3.377192
24300,a2JJDid759RYBNLdQjknGV2qhRXPAlpcYYYaf5dG+CMw0+jFhtWBYIIHCd5dN16Y,1.74455,6.829561999999999,3.400496
24600,a2JJDid759RYBNLdQjknGV2qhRXPAlpcYYYaf5dG+CMw0+jFhtWBYIIHCd5dN16Y,2.101018,5.309786,3.336869
24900,a2JJDid759RYBNLdQjknGV2qhRXPAlpcYYYaf5dG+CMw0+jFhtWBYIIHCd5dN16Y,1.9758830000000003,8.873234,3.501043
25200,a2JJDid759RYBNLdQjknGV2qhRXPAlpcYYYaf5dG+CMw0+jFhtWBYIIHCd5dN16Y,2.297708,15.537898,4.428016
25500,a2JJDid759RYBNLdQjknGV2qhRXPAlpcYYYaf5dG+CMw0+jFhtWBYIIHCd5dN16Y,1.9343540000000001,5.458728,3.087683
25800,a2JJDid759RYBNLdQjknGV2qhRXPAlpcYYYaf5dG+CMw0+jFhtWBYIIHCd5dN16Y,2.0836900000000003,5.15338,3.368296
26100,a2JJDid759RYBNLdQjknGV2qhRXPAlpcYYYaf5dG+CMw0+jFhtWBYIIHCd5dN16Y,2.319209,6.20549,3.2888940000000004
26400,a2JJDid759RYBNLdQjknGV2qhRXPAlpcYYYaf5dG+CMw0+jFhtWBYIIHCd5dN16Y,1.85225,22.126171,4.220039
26700,a2JJDid759RYBNLdQjknGV2qhRXPAlpcYYYaf5dG+CMw0+jFhtWBYIIHCd5dN16Y,1.729427,5.586742,3.060806
27000,a2JJDid759RYBNLdQjknGV2qhRXPAlpcYYYaf5dG+CMw0+jFhtWBYIIHCd5dN16Y,2.3625380000000002,5.9330169999999995,3.394672
27300,a2JJDid759RYBNLdQjknGV2qhRXPAlpcYYYaf5dG+CMw0+jFhtWBYIIHCd5dN16Y,2.26385,4.823457,2.994787
27600,a2JJDid759RYBNLdQjknGV2qhRXPAlpcYYYaf5dG+CMw0+jFhtWBYIIHCd5dN16Y,2.1640759999999997,5.4597430000000005,3.0484240000000002
27900,a2JJDid759RYBNLdQjknGV2qhRXPAlpcYYYaf5dG+CMw0+jFhtWBYIIHCd5dN16Y,1.700136,4.900930000000001,2.8911740000000004
28200,a2JJDid759RYBNLdQjknGV2qhRXPAlpcYYYaf5dG+CMw0+jFhtWBYIIHCd5dN16Y,2.108982,5.920473,3.208042
28500,a2JJDid759RYBNLdQjknGV2qhRXPAlpcYYYaf5dG+CMw0+jFhtWBYIIHCd5dN16Y,2.352863,9.340713000000001,4.016072
28800,a2JJDid759RYBNLdQjknGV2qhRXPAlpcYYYaf5dG+CMw0+jFhtWBYIIHCd5dN16Y,2.09776,16.406635,4.312387
29100,a2JJDid759RYBNLdQjknGV2qhRXPAlpcYYYaf5dG+CMw0+jFhtWBYIIHCd5dN16Y,1.9235369999999998,12.488415,3.654438
29400,a2JJDid759RYBNLdQjknGV2qhRXPAlpcYYYaf5dG+CMw0+jFhtWBYIIHCd5dN16Y,2.1925470000000002,4.4485269999999995,3.199368
29700,a2JJDid759RYBNLdQjknGV2qhRXPAlpcYYYaf5dG+CMw0+jFhtWBYIIHCd5dN16Y,2.368831,6.551354,3.29547
30000,a2JJDid759RYBNLdQjknGV2qhRXPAlpcYYYaf5dG+CMw0+jFhtWBYIIHCd5dN16Y,2.2112540000000003,5.687554,3.270587
30300,a2JJDid759RYBNLdQjknGV2qhRXPAlpcYYYaf5dG+CMw0+jFhtWBYIIHCd5dN16Y,0.802441,4.3988949999999996,2.837091
30600,a2JJDid759RYBNLdQjknGV2qhRXPAlpcYYYaf5dG+CMw0+jFhtWBYIIHCd5dN16Y,2.262753,5.694032,3.1781330000000003
30900,a2JJDid759RYBNLdQjknGV2qhRXPAlpcYYYaf5dG+CMw0+jFhtWBYIIHCd5dN16Y,2.4618439999999997,5.320767,3.528942
31200,a2JJDid759RYBNLdQjknGV2qhRXPAlpcYYYaf5dG+CMw0+jFhtWBYIIHCd5dN16Y,0.415271,4.338412,2.779985
31500,a2JJDid759RYBNLdQjknGV2qhRXPAlpcYYYaf5dG+CMw0+jFhtWBYIIHCd5dN16Y,1.8728069999999999,4.43055,2.639168
31800,a2JJDid759RYBNLdQjknGV2qhRXPAlpcYYYaf5dG+CMw0+jFhtWBYIIHCd5dN16Y,1.236866,8.789411999999999,2.9826479999999997
32100,a2JJDid759RYBNLdQjknGV2qhRXPAlpcYYYaf5dG+CMw0+jFhtWBYIIHCd5dN16Y,1.739265,4.4152,3.009318
32400,a2JJDid759RYBNLdQjknGV2qhRXPAlpcYYYaf5dG+CMw0+jFhtWBYIIHCd5dN16Y,0.43944099999999997,16.467883999999998,3.904723
32700,a2JJDid759RYBNLdQjknGV2qhRXPAlpcYYYaf5dG+CMw0+jFhtWBYIIHCd5dN16Y,1.613633,5.362458,2.9287520000000002
33000,a2JJDid759RYBNLdQjknGV2qhRXPAlpcYYYaf5dG+CMw0+jFhtWBYIIHCd5dN16Y,0.306311,4.868492,2.7060150000000003
33300,a2JJDid759RYBNLdQjknGV2qhRXPAlpcYYYaf5dG+CMw0+jFhtWBYIIHCd5dN16Y,2.0888419999999996,4.723325,3.236766
33600,a2JJDid759RYBNLdQjknGV2qhRXPAlpcYYYaf5dG+CMw0+jFhtWBYIIHCd5dN16Y,2.115606,4.685836,3.2003369999999998
33900,a2JJDid759RYBNLdQjknGV2qhRXPAlpcYYYaf5dG+CMw0+jFhtWBYIIHCd5dN16Y,1.786625,4.686114,2.907985
34200,a2JJDid759RYBNLdQjknGV2qhRXPAlpcYYYaf5dG+CMw0+jFhtWBYIIHCd5dN16Y,1.9309939999999999,4.813609,2.9448060000000003
34500,a2JJDid759RYBNLdQjknGV2qhRXPAlpcYYYaf5dG+CMw0+jFhtWBYIIHCd5dN16Y,1.8888580000000001,17.588585000000002,3.7069589999999994
34800,a2JJDid759RYBNLdQjknGV2qhRXPAlpcYYYaf5dG+CMw0+jFhtWBYIIHCd5dN16Y,2.104349,4.406878,3.034137
35100,a2JJDid759RYBNLdQjknGV2qhRXPAlpcYYYaf5dG+CMw0+jFhtWBYIIHCd5dN16Y,1.8096029999999999,3.8581550000000004,2.789294
35400,a2JJDid759RYBNLdQjknGV2qhRXPAlpcYYYaf5dG+CMw0+jFhtWBYIIHCd5dN16Y,1.9689279999999998,17.349946,4.956694000000001
35700,a2JJDid759RYBNLdQjknGV2qhRXPAlpcYYYaf5dG+CMw0+jFhtWBYIIHCd5dN16Y,1.175877,27.260246999999996,4.994051
36000,a2JJDid759RYBNLdQjknGV2qhRXPAlpcYYYaf5dG+CMw0+jFhtWBYIIHCd5dN16Y,0.595672,13.257585999999998,4.195469
36300,a2JJDid759RYBNLdQjknGV2qhRXPAlpcYYYaf5dG+CMw0+jFhtWBYIIHCd5dN16Y,1.746127,5.80171,2.683989
36600,a2JJDid759RYBNLdQjknGV2qhRXPAlpcYYYaf5dG+CMw0+jFhtWBYIIHCd5dN16Y,0.6548689999999999,3.926222,2.579802
36900,a2JJDid759RYBNLdQjknGV2qhRXPAlpcYYYaf5dG+CMw0+jFhtWBYIIHCd5dN16Y,2.011257,5.319087000000001,2.898711
37200,a2JJDid759RYBNLdQjknGV2qhRXPAlpcYYYaf5dG+CMw0+jFhtWBYIIHCd5dN16Y,1.59998,7.8745210000000005,3.131627
37500,a2JJDid759RYBNLdQjknGV2qhRXPAlpcYYYaf5dG+CMw0+jFhtWBYIIHCd5dN16Y,2.033564,5.026757,2.661653
37800,a2JJDid759RYBNLdQjknGV2qhRXPAlpcYYYaf5dG+CMw0+jFhtWBYIIHCd5dN16Y,0.540331,4.210812000000001,2.38058
38100,a2JJDid759RYBNLdQjknGV2qhRXPAlpcYYYaf5dG+CMw0+jFhtWBYIIHCd5dN16Y,1.7655450000000001,3.748022,2.5601599999999998
38400,a2JJDid759RYBNLdQjknGV2qhRXPAlpcYYYaf5dG+CMw0+jFhtWBYIIHCd5dN16Y,1.984232,4.339616,2.8460490000000003
38700,a2JJDid759RYBNLdQjknGV2qhRXPAlpcYYYaf5dG+CMw0+jFhtWBYIIHCd5dN16Y,2.132545,4.237531,2.817039
39000,a2JJDid759RYBNLdQjknGV2qhRXPAlpcYYYaf5dG+CMw0+jFhtWBYIIHCd5dN16Y,1.974414,5.385447,3.065759
39300,a2JJDid759RYBNLdQjknGV2qhRXPAlpcYYYaf5dG+CMw0+jFhtWBYIIHCd5dN16Y,2.323212,13.763754,3.7574129999999997
39600,a2JJDid759RYBNLdQjknGV2qhRXPAlpcYYYaf5dG+CMw0+jFhtWBYIIHCd5dN16Y,2.199733,14.298651999999999,4.450789
39900,a2JJDid759RYBNLdQjknGV2qhRXPAlpcYYYaf5dG+CMw0+jFhtWBYIIHCd5dN16Y,1.635998,5.810868,2.869304
40200,a2JJDid759RYBNLdQjknGV2qhRXPAlpcYYYaf5dG+CMw0+jFhtWBYIIHCd5dN16Y,1.8201439999999998,4.8616980000000005,2.837927
40500,a2JJDid759RYBNLdQjknGV2qhRXPAlpcYYYaf5dG+CMw0+jFhtWBYIIHCd5dN16Y,0.548115,4.625354,2.690657
40800,a2JJDid759RYBNLdQjknGV2qhRXPAlpcYYYaf5dG+CMw0+jFhtWBYIIHCd5dN16Y,1.8361470000000002,4.633439,2.96455
41100,a2JJDid759RYBNLdQjknGV2qhRXPAlpcYYYaf5dG+CMw0+jFhtWBYIIHCd5dN16Y,2.0355380000000003,4.598349,2.9134330000000004
41400,a2JJDid759RYBNLdQjknGV2qhRXPAlpcYYYaf5dG+CMw0+jFhtWBYIIHCd5dN16Y,2.030447,5.778433000000001,3.278279
41700,a2JJDid759RYBNLdQjknGV2qhRXPAlpcYYYaf5dG+CMw0+jFhtWBYIIHCd5dN16Y,0.4575,5.087693,2.614143
42000,a2JJDid759RYBNLdQjknGV2qhRXPAlpcYYYaf5dG+CMw0+jFhtWBYIIHCd5dN16Y,1.9525279999999998,4.888583000000001,2.9191540000000002
42300,a2JJDid759RYBNLdQjknGV2qhRXPAlpcYYYaf5dG+CMw0+jFhtWBYIIHCd5dN16Y,1.3528040000000001,5.326144,2.933632
42600,a2JJDid759RYBNLdQjknGV2qhRXPAlpcYYYaf5dG+CMw0+jFhtWBYIIHCd5dN16Y,1.6985689999999998,4.950194000000001,2.700887
42900,a2JJDid759RYBNLdQjknGV2qhRXPAlpcYYYaf5dG+CMw0+jFhtWBYIIHCd5dN16Y,0.828879,3.981847,2.719681
43200,a2JJDid759RYBNLdQjknGV2qhRXPAlpcYYYaf5dG+CMw0+jFhtWBYIIHCd5dN16Y,1.775827,15.818485999999998,4.281929
43500,a2JJDid759RYBNLdQjknGV2qhRXPAlpcYYYaf5dG+CMw0+jFhtWBYIIHCd5dN16Y,1.628049,6.032947,2.921279
43800,a2JJDid759RYBNLdQjknGV2qhRXPAlpcYYYaf5dG+CMw0+jFhtWBYIIHCd5dN16Y,0.578915,4.371094,2.666196
44100,a2JJDid759RYBNLdQjknGV2qhRXPAlpcYYYaf5dG+CMw0+jFhtWBYIIHCd5dN16Y,1.8074729999999999,5.3585769999999995,2.983416
44400,a2JJDid759RYBNLdQjknGV2qhRXPAlpcYYYaf5dG+CMw0+jFhtWBYIIHCd5dN16Y,0.650496,7.907298,3.306572
44700,a2JJDid759RYBNLdQjknGV2qhRXPAlpcYYYaf5dG+CMw0+jFhtWBYIIHCd5dN16Y,1.806656,4.749121,2.7097439999999997
45000,a2JJDid759RYBNLdQjknGV2qhRXPAlpcYYYaf5dG+CMw0+jFhtWBYIIHCd5dN16Y,1.44607,4.9767269999999995,3.0045029999999997
45300,a2JJDid759RYBNLdQjknGV2qhRXPAlpcYYYaf5dG+CMw0+jFhtWBYIIHCd5dN16Y,1.769348,4.984397,2.8342099999999997
45600,a2JJDid759RYBNLdQjknGV2qhRXPAlpcYYYaf5dG+CMw0+jFhtWBYIIHCd5dN16Y,2.6488560000000003,7.9036729999999995,3.7951
45900,a2JJDid759RYBNLdQjknGV2qhRXPAlpcYYYaf5dG+CMw0+jFhtWBYIIHCd5dN16Y,2.6446810000000003,4.806514,3.224986
46200,a2JJDid759RYBNLdQjknGV2qhRXPAlpcYYYaf5dG+CMw0+jFhtWBYIIHCd5dN16Y,2.124017,5.505583000000001,3.3350910000000002
46500,a2JJDid759RYBNLdQjknGV2qhRXPAlpcYYYaf5dG+CMw0+jFhtWBYIIHCd5dN16Y,1.7148860000000001,4.845437,2.833947
46800,a2JJDid759RYBNLdQjknGV2qhRXPAlpcYYYaf5dG+CMw0+jFhtWBYIIHCd5dN16Y,1.8715529999999998,19.669363,4.142804
47100,a2JJDid759RYBNLdQjknGV2qhRXPAlpcYYYaf5dG+CMw0+jFhtWBYIIHCd5dN16Y,2.158572,5.079991000000001,2.995519
47400,a2JJDid759RYBNLdQjknGV2qhRXPAlpcYYYaf5dG+CMw0+jFhtWBYIIHCd5dN16Y,2.243506,4.359218,3.093016
47700,a2JJDid759RYBNLdQjknGV2qhRXPAlpcYYYaf5dG+CMw0+jFhtWBYIIHCd5dN16Y,1.258592,5.695973,3.2917940000000003
48000,a2JJDid759RYBNLdQjknGV2qhRXPAlpcYYYaf5dG+CMw0+jFhtWBYIIHCd5dN16Y,2.578125,5.210408999999999,3.330107
48300,a2JJDid759RYBNLdQjknGV2qhRXPAlpcYYYaf5dG+CMw0+jFhtWBYIIHCd5dN16Y,0.7051810000000001,4.9610389999999995,3.177924
48600,a2JJDid759RYBNLdQjknGV2qhRXPAlpcYYYaf5dG+CMw0+jFhtWBYIIHCd5dN16Y,2.7580009999999997,4.783592,3.5070930000000002
48900,a2JJDid759RYBNLdQjknGV2qhRXPAlpcYYYaf5dG+CMw0+jFhtWBYIIHCd5dN16Y,1.921934,4.608904,3.083012
49200,a2JJDid759RYBNLdQjknGV2qhRXPAlpcYYYaf5dG+CMw0+jFhtWBYIIHCd5dN16Y,0.9832850000000001,5.06726,3.135002
49500,a2JJDid759RYBNLdQjknGV2qhRXPAlpcYYYaf5dG+CMw0+jFhtWBYIIHCd5dN16Y,1.7648259999999998,5.9302209999999995,3.083857
49800,a2JJDid759RYBNLdQjknGV2qhRXPAlpcYYYaf5dG+CMw0+jFhtWBYIIHCd5dN16Y,1.101998,5.1952940000000005,2.822739
50100,a2JJDid759RYBNLdQjknGV2qhRXPAlpcYYYaf5dG+CMw0+jFhtWBYIIHCd5dN16Y,2.018522,5.205431,2.791033
50400,a2JJDid759RYBNLdQjknGV2qhRXPAlpcYYYaf5dG+CMw0+jFhtWBYIIHCd5dN16Y,1.6770610000000001,15.118256,4.009915
50700,a2JJDid759RYBNLdQjknGV2qhRXPAlpcYYYaf5dG+CMw0+jFhtWBYIIHCd5dN16Y,1.995914,4.446016,3.1078259999999998
51000,a2JJDid759RYBNLdQjknGV2qhRXPAlpcYYYaf5dG+CMw0+jFhtWBYIIHCd5dN16Y,2.0918200000000002,4.5720410000000005,3.124474
51300,a2JJDid759RYBNLdQjknGV2qhRXPAlpcYYYaf5dG+CMw0+jFhtWBYIIHCd5dN16Y,2.110343,5.641213,3.056203
51600,a2JJDid759RYBNLdQjknGV2qhRXPAlpcYYYaf5dG+CMw0+jFhtWBYIIHCd5dN16Y,2.315189,7.333131,3.4794690000000004
51900,a2JJDid759RYBNLdQjknGV2qhRXPAlpcYYYaf5dG+CMw0+jFhtWBYIIHCd5dN16Y,2.21372,4.07677,2.803486
52200,a2JJDid759RYBNLdQjknGV2qhRXPAlpcYYYaf5dG+CMw0+jFhtWBYIIHCd5dN16Y,2.042951,4.4397199999999994,2.945467
52500,a2JJDid759RYBNLdQjknGV2qhRXPAlpcYYYaf5dG+CMw0+jFhtWBYIIHCd5dN16Y,2.318397,4.730066000000001,3.125482
52800,a2JJDid759RYBNLdQjknGV2qhRXPAlpcYYYaf5dG+CMw0+jFhtWBYIIHCd5dN16Y,2.152268,5.258776999999999,3.02325
53100,a2JJDid759RYBNLdQjknGV2qhRXPAlpcYYYaf5dG+CMw0+jFhtWBYIIHCd5dN16Y,2.235805,4.550934,3.181814
53400,a2JJDid759RYBNLdQjknGV2qhRXPAlpcYYYaf5dG+CMw0+jFhtWBYIIHCd5dN16Y,2.2906590000000002,4.869125,3.3721699999999997
53700,a2JJDid759RYBNLdQjknGV2qhRXPAlpcYYYaf5dG+CMw0+jFhtWBYIIHCd5dN16Y,2.2343599999999997,5.338355,3.055213
54000,a2JJDid759RYBNLdQjknGV2qhRXPAlpcYYYaf5dG+CMw0+jFhtWBYIIHCd5dN16Y,2.181278,16.580357,4.44951
54300,a2JJDid759RYBNLdQjknGV2qhRXPAlpcYYYaf5dG+CMw0+jFhtWBYIIHCd5dN16Y,1.0207469999999998,4.99378,2.985302
54600,a2JJDid759RYBNLdQjknGV2qhRXPAlpcYYYaf5dG+CMw0+jFhtWBYIIHCd5dN16Y,0.731446,5.985307,3.394167
54900,a2JJDid759RYBNLdQjknGV2qhRXPAlpcYYYaf5dG+CMw0+jFhtWBYIIHCd5dN16Y,2.121475,7.7541899999999995,3.639942
55200,a2JJDid759RYBNLdQjknGV2qhRXPAlpcYYYaf5dG+CMw0+jFhtWBYIIHCd5dN16Y,2.519304,6.808952000000001,3.942571
55500,a2JJDid759RYBNLdQjknGV2qhRXPAlpcYYYaf5dG+CMw0+jFhtWBYIIHCd5dN16Y,2.04555,6.128744,3.2883910000000003
55800,a2JJDid759RYBNLdQjknGV2qhRXPAlpcYYYaf5dG+CMw0+jFhtWBYIIHCd5dN16Y,0.869173,5.925342,3.350455
56100,a2JJDid759RYBNLdQjknGV2qhRXPAlpcYYYaf5dG+CMw0+jFhtWBYIIHCd5dN16Y,2.078907,5.733692,3.6690769999999997
56400,a2JJDid759RYBNLdQjknGV2qhRXPAlpcYYYaf5dG+CMw0+jFhtWBYIIHCd5dN16Y,2.477933,6.153256,3.7520839999999995
56700,a2JJDid759RYBNLdQjknGV2qhRXPAlpcYYYaf5dG+CMw0+jFhtWBYIIHCd5dN16Y,2.868229,6.977360000000001,3.7666779999999997
57000,a2JJDid759RYBNLdQjknGV2qhRXPAlpcYYYaf5dG+CMw0+jFhtWBYIIHCd5dN16Y,0.8489,5.575492,3.268521
57300,a2JJDid759RYBNLdQjknGV2qhRXPAlpcYYYaf5dG+CMw0+jFhtWBYIIHCd5dN16Y,1.614156,5.490566,3.191862
57600,a2JJDid759RYBNLdQjknGV2qhRXPAlpcYYYaf5dG+CMw0+jFhtWBYIIHCd5dN16Y,2.097915,15.494644000000001,4.433930999999999
57900,a2JJDid759RYBNLdQjknGV2qhRXPAlpcYYYaf5dG+CMw0+jFhtWBYIIHCd5dN16Y,1.037564,5.458405,3.212341
58200,a2JJDid759RYBNLdQjknGV2qhRXPAlpcYYYaf5dG+CMw0+jFhtWBYIIHCd5dN16Y,2.337884,5.897702,3.357612
58500,a2JJDid759RYBNLdQjknGV2qhRXPAlpcYYYaf5dG+CMw0+jFhtWBYIIHCd5dN16Y,0.5803149999999999,7.09236,3.147193
58800,a2JJDid759RYBNLdQjknGV2qhRXPAlpcYYYaf5dG+CMw0+jFhtWBYIIHCd5dN16Y,1.819534,5.152168,3.126968
59100,a2JJDid759RYBNLdQjknGV2qhRXPAlpcYYYaf5dG+CMw0+jFhtWBYIIHCd5dN16Y,0.815154,5.293761,3.092551
59400,a2JJDid759RYBNLdQjknGV2qhRXPAlpcYYYaf5dG+CMw0+jFhtWBYIIHCd5dN16Y,1.7710700000000001,6.195841000000001,3.4493199999999997
59700,a2JJDid759RYBNLdQjknGV2qhRXPAlpcYYYaf5dG+CMw0+jFhtWBYIIHCd5dN16Y,1.314133,5.433332,3.389971
60000,a2JJDid759RYBNLdQjknGV2qhRXPAlpcYYYaf5dG+CMw0+jFhtWBYIIHCd5dN16Y,2.231945,6.965938,3.702839
60300,a2JJDid759RYBNLdQjknGV2qhRXPAlpcYYYaf5dG+CMw0+jFhtWBYIIHCd5dN16Y,2.029808,5.781701,3.078138
60600,a2JJDid759RYBNLdQjknGV2qhRXPAlpcYYYaf5dG+CMw0+jFhtWBYIIHCd5dN16Y,0.742753,5.174405,3.118431
60900,a2JJDid759RYBNLdQjknGV2qhRXPAlpcYYYaf5dG+CMw0+jFhtWBYIIHCd5dN16Y,2.507952,5.146411,3.2660080000000002
61200,a2JJDid759RYBNLdQjknGV2qhRXPAlpcYYYaf5dG+CMw0+jFhtWBYIIHCd5dN16Y,2.727489,6.675117999999999,3.902268
61500,a2JJDid759RYBNLdQjknGV2qhRXPAlpcYYYaf5dG+CMw0+jFhtWBYIIHCd5dN16Y,2.580347,21.480721,4.613778
61800,a2JJDid759RYBNLdQjknGV2qhRXPAlpcYYYaf5dG+CMw0+jFhtWBYIIHCd5dN16Y,2.414468,4.797862,3.3179260000000004
62100,a2JJDid759RYBNLdQjknGV2qhRXPAlpcYYYaf5dG+CMw0+jFhtWBYIIHCd5dN16Y,2.6187970000000003,6.146393,3.3298629999999996
62400,a2JJDid759RYBNLdQjknGV2qhRXPAlpcYYYaf5dG+CMw0+jFhtWBYIIHCd5dN16Y,1.873896,5.54154,3.135287
62700,a2JJDid759RYBNLdQjknGV2qhRXPAlpcYYYaf5dG+CMw0+jFhtWBYIIHCd5dN16Y,1.85076,4.859679,2.917009
63000,a2JJDid759RYBNLdQjknGV2qhRXPAlpcYYYaf5dG+CMw0+jFhtWBYIIHCd5dN16Y,1.9625270000000001,5.535989,2.727537
63300,a2JJDid759RYBNLdQjknGV2qhRXPAlpcYYYaf5dG+CMw0+jFhtWBYIIHCd5dN16Y,1.627328,4.579275,2.508125
63600,a2JJDid759RYBNLdQjknGV2qhRXPAlpcYYYaf5dG+CMw0+jFhtWBYIIHCd5dN16Y,1.9447029999999998,3.927421,2.614919
63900,a2JJDid759RYBNLdQjknGV2qhRXPAlpcYYYaf5dG+CMw0+jFhtWBYIIHCd5dN16Y,1.541176,4.022056,2.53882
64200,a2JJDid759RYBNLdQjknGV2qhRXPAlpcYYYaf5dG+CMw0+jFhtWBYIIHCd5dN16Y,2.411436,17.735836,4.6462639999999995
64500,a2JJDid759RYBNLdQjknGV2qhRXPAlpcYYYaf5dG+CMw0+jFhtWBYIIHCd5dN16Y,1.491578,27.937469,5.735551
64800,a2JJDid759RYBNLdQjknGV2qhRXPAlpcYYYaf5dG+CMw0+jFhtWBYIIHCd5dN16Y,2.114033,16.434538,4.231758999999999
65100,a2JJDid759RYBNLdQjknGV2qhRXPAlpcYYYaf5dG+CMw0+jFhtWBYIIHCd5dN16Y,1.8007849999999999,6.388578,3.218556
65400,a2JJDid759RYBNLdQjknGV2qhRXPAlpcYYYaf5dG+CMw0+jFhtWBYIIHCd5dN16Y,1.0856379999999999,5.060583,2.767439
65700,a2JJDid759RYBNLdQjknGV2qhRXPAlpcYYYaf5dG+CMw0+jFhtWBYIIHCd5dN16Y,1.641166,4.834473,2.817733
66000,a2JJDid759RYBNLdQjknGV2qhRXPAlpcYYYaf5dG+CMw0+jFhtWBYIIHCd5dN16Y,2.544931,6.585792999999999,3.368615
66300,a2JJDid759RYBNLdQjknGV2qhRXPAlpcYYYaf5dG+CMw0+jFhtWBYIIHCd5dN16Y,2.092736,4.746247,2.830308
66600,a2JJDid759RYBNLdQjknGV2qhRXPAlpcYYYaf5dG+CMw0+jFhtWBYIIHCd5dN16Y,2.090903,6.1937739999999994,3.146752
66900,a2JJDid759RYBNLdQjknGV2qhRXPAlpcYYYaf5dG+CMw0+jFhtWBYIIHCd5dN16Y,1.989796,5.033956,2.916705
67200,a2JJDid759RYBNLdQjknGV2qhRXPAlpcYYYaf5dG+CMw0+jFhtWBYIIHCd5dN16Y,0.633785,4.456932,2.7747290000000002
67500,a2JJDid759RYBNLdQjknGV2qhRXPAlpcYYYaf5dG+CMw0+jFhtWBYIIHCd5dN16Y,2.180693,5.249712000000001,3.032437
67800,a2JJDid759RYBNLdQjknGV2qhRXPAlpcYYYaf5dG+CMw0+jFhtWBYIIHCd5dN16Y,0.616354,5.164532,3.081525
68100,a2JJDid759RYBNLdQjknGV2qhRXPAlpcYYYaf5dG+CMw0+jFhtWBYIIHCd5dN16Y,1.413016,5.625908,3.001664
68400,a2JJDid759RYBNLdQjknGV2qhRXPAlpcYYYaf5dG+CMw0+jFhtWBYIIHCd5dN16Y,2.062441,14.294642000000001,4.200844999999999
68700,a2JJDid759RYBNLdQjknGV2qhRXPAlpcYYYaf5dG+CMw0+jFhtWBYIIHCd5dN16Y,1.7638189999999998,5.220356,2.863289
69000,a2JJDid759RYBNLdQjknGV2qhRXPAlpcYYYaf5dG+CMw0+jFhtWBYIIHCd5dN16Y,1.9815060000000002,4.264182,2.865279
69300,a2JJDid759RYBNLdQjknGV2qhRXPAlpcYYYaf5dG+CMw0+jFhtWBYIIHCd5dN16Y,1.673098,5.094727,2.811718
69600,a2JJDid759RYBNLdQjknGV2qhRXPAlpcYYYaf5dG+CMw0+jFhtWBYIIHCd5dN16Y,2.3155080000000003,5.015837,3.100155
69900,a2JJDid759RYBNLdQjknGV2qhRXPAlpcYYYaf5dG+CMw0+jFhtWBYIIHCd5dN16Y,2.147221,6.198649,3.354601
70200,a2JJDid759RYBNLdQjknGV2qhRXPAlpcYYYaf5dG+CMw0+jFhtWBYIIHCd5dN16Y,1.536063,5.145693,2.902961
70500,a2JJDid759RYBNLdQjknGV2qhRXPAlpcYYYaf5dG+CMw0+jFhtWBYIIHCd5dN16Y,0.718113,4.921641999999999,2.461964
70800,a2JJDid759RYBNLdQjknGV2qhRXPAlpcYYYaf5dG+CMw0+jFhtWBYIIHCd5dN16Y,0.50634,5.42122,2.334392
71100,a2JJDid759RYBNLdQjknGV2qhRXPAlpcYYYaf5dG+CMw0+jFhtWBYIIHCd5dN16Y,1.531728,4.6401650000000005,2.4553439999999997
71400,a2JJDid759RYBNLdQjknGV2qhRXPAlpcYYYaf5dG+CMw0+jFhtWBYIIHCd5dN16Y,0.263453,4.6997,2.991234
71700,a2JJDid759RYBNLdQjknGV2qhRXPAlpcYYYaf5dG+CMw0+jFhtWBYIIHCd5dN16Y,1.572273,4.831118,2.951248
72000,a2JJDid759RYBNLdQjknGV2qhRXPAlpcYYYaf5dG+CMw0+jFhtWBYIIHCd5dN16Y,1.087453,15.875758,4.0726830000000005
72300,a2JJDid759RYBNLdQjknGV2qhRXPAlpcYYYaf5dG+CMw0+jFhtWBYIIHCd5dN16Y,2.1413900000000003,4.474302,2.781221
72600,a2JJDid759RYBNLdQjknGV2qhRXPAlpcYYYaf5dG+CMw0+jFhtWBYIIHCd5dN16Y,1.9610869999999998,4.323103,2.85502
72900,a2JJDid759RYBNLdQjknGV2qhRXPAlpcYYYaf5dG+CMw0+jFhtWBYIIHCd5dN16Y,2.0626189999999998,5.915186,3.061907
73200,a2JJDid759RYBNLdQjknGV2qhRXPAlpcYYYaf5dG+CMw0+jFhtWBYIIHCd5dN16Y,0.9765659999999999,5.874729,3.089937
73500,a2JJDid759RYBNLdQjknGV2qhRXPAlpcYYYaf5dG+CMw0+jFhtWBYIIHCd5dN16Y,0.45737799999999995,5.0078830000000005,2.740462
73800,a2JJDid759RYBNLdQjknGV2qhRXPAlpcYYYaf5dG+CMw0+jFhtWBYIIHCd5dN16Y,1.6932189999999998,6.383937,3.245477
74100,a2JJDid759RYBNLdQjknGV2qhRXPAlpcYYYaf5dG+CMw0+jFhtWBYIIHCd5dN16Y,0.7047939999999999,4.748994000000001,2.668752
74400,a2JJDid759RYBNLdQjknGV2qhRXPAlpcYYYaf5dG+CMw0+jFhtWBYIIHCd5dN16Y,2.130583,4.074637999999999,2.986337
74700,a2JJDid759RYBNLdQjknGV2qhRXPAlpcYYYaf5dG+CMw0+jFhtWBYIIHCd5dN16Y,2.373883,6.565583999999999,3.2372400000000003
75000,a2JJDid759RYBNLdQjknGV2qhRXPAlpcYYYaf5dG+CMw0+jFhtWBYIIHCd5dN16Y,2.3253369999999998,5.057894999999999,3.014382
75300,a2JJDid759RYBNLdQjknGV2qhRXPAlpcYYYaf5dG+CMw0+jFhtWBYIIHCd5dN16Y,0.615884,3.668382,2.5064580000000003
75600,a2JJDid759RYBNLdQjknGV2qhRXPAlpcYYYaf5dG+CMw0+jFhtWBYIIHCd5dN16Y,1.7157080000000002,15.310653,4.098628
75900,a2JJDid759RYBNLdQjknGV2qhRXPAlpcYYYaf5dG+CMw0+jFhtWBYIIHCd5dN16Y,1.7682959999999999,4.476703,2.77603
76200,a2JJDid759RYBNLdQjknGV2qhRXPAlpcYYYaf5dG+CMw0+jFhtWBYIIHCd5dN16Y,0.643147,4.235762,2.793103
76500,a2JJDid759RYBNLdQjknGV2qhRXPAlpcYYYaf5dG+CMw0+jFhtWBYIIHCd5dN16Y,2.26294,5.1779589999999995,3.043298
76800,a2JJDid759RYBNLdQjknGV2qhRXPAlpcYYYaf5dG+CMw0+jFhtWBYIIHCd5dN16Y,2.11035,5.030012,2.875769
77100,a2JJDid759RYBNLdQjknGV2qhRXPAlpcYYYaf5dG+CMw0+jFhtWBYIIHCd5dN16Y,2.194563,4.051642,3.001975
77400,a2JJDid759RYBNLdQjknGV2qhRXPAlpcYYYaf5dG+CMw0+jFhtWBYIIHCd5dN16Y,0.534712,5.994443,3.092018
77700,a2JJDid759RYBNLdQjknGV2qhRXPAlpcYYYaf5dG+CMw0+jFhtWBYIIHCd5dN16Y,1.9632610000000001,4.927161,3.048784
78000,a2JJDid759RYBNLdQjknGV2qhRXPAlpcYYYaf5dG+CMw0+jFhtWBYIIHCd5dN16Y,0.449755,5.665239,2.972725
78300,a2JJDid759RYBNLdQjknGV2qhRXPAlpcYYYaf5dG+CMw0+jFhtWBYIIHCd5dN16Y,1.6861130000000002,5.23515,2.853866
78600,a2JJDid759RYBNLdQjknGV2qhRXPAlpcYYYaf5dG+CMw0+jFhtWBYIIHCd5dN16Y,0.6028720000000001,4.2940830000000005,2.8081080000000003
78900,a2JJDid759RYBNLdQjknGV2qhRXPAlpcYYYaf5dG+CMw0+jFhtWBYIIHCd5dN16Y,0.46808299999999997,5.338839,2.869401
79200,a2JJDid759RYBNLdQjknGV2qhRXPAlpcYYYaf5dG+CMw0+jFhtWBYIIHCd5dN16Y,1.9833310000000002,17.069692,4.1181160000000006
79500,a2JJDid759RYBNLdQjknGV2qhRXPAlpcYYYaf5dG+CMw0+jFhtWBYIIHCd5dN16Y,2.003874,8.237758,3.470386
79800,a2JJDid759RYBNLdQjknGV2qhRXPAlpcYYYaf5dG+CMw0+jFhtWBYIIHCd5dN16Y,2.2159009999999997,4.19953,3.0965830000000003
80100,a2JJDid759RYBNLdQjknGV2qhRXPAlpcYYYaf5dG+CMw0+jFhtWBYIIHCd5dN16Y,0.799547,5.601168,2.776347
80400,a2JJDid759RYBNLdQjknGV2qhRXPAlpcYYYaf5dG+CMw0+jFhtWBYIIHCd5dN16Y,1.771971,4.61581,3.075119
80700,a2JJDid759RYBNLdQjknGV2qhRXPAlpcYYYaf5dG+CMw0+jFhtWBYIIHCd5dN16Y,1.867722,4.267094999999999,2.643568
81000,a2JJDid759RYBNLdQjknGV2qhRXPAlpcYYYaf5dG+CMw0+jFhtWBYIIHCd5dN16Y,2.030787,4.71499,2.999635
81300,a2JJDid759RYBNLdQjknGV2qhRXPAlpcYYYaf5dG+CMw0+jFhtWBYIIHCd5dN16Y,1.444936,3.507828,2.638945
81600,a2JJDid759RYBNLdQjknGV2qhRXPAlpcYYYaf5dG+CMw0+jFhtWBYIIHCd5dN16Y,1.851002,4.406495,2.835321
81900,a2JJDid759RYBNLdQjknGV2qhRXPAlpcYYYaf5dG+CMw0+jFhtWBYIIHCd5dN16Y,1.6806900000000002,4.892955000000001,3.0438169999999998
82200,a2JJDid759RYBNLdQjknGV2qhRXPAlpcYYYaf5dG+CMw0+jFhtWBYIIHCd5dN16Y,2.074386,18.349187,4.340205999999999
82500,a2JJDid759RYBNLdQjknGV2qhRXPAlpcYYYaf5dG+CMw0+jFhtWBYIIHCd5dN16Y,1.7131490000000003,4.897101999999999,2.8203270000000003
82800,a2JJDid759RYBNLdQjknGV2qhRXPAlpcYYYaf5dG+CMw0+jFhtWBYIIHCd5dN16Y,1.58975,16.539753,4.155453
83100,a2JJDid759RYBNLdQjknGV2qhRXPAlpcYYYaf5dG+CMw0+jFhtWBYIIHCd5dN16Y,1.8397119999999998,4.903993,3.034539
83400,a2JJDid759RYBNLdQjknGV2qhRXPAlpcYYYaf5dG+CMw0+jFhtWBYIIHCd5dN16Y,1.291644,5.01215,2.861266
83700,a2JJDid759RYBNLdQjknGV2qhRXPAlpcYYYaf5dG+CMw0+jFhtWBYIIHCd5dN16Y,1.661829,5.01907,2.781398
84000,a2JJDid759RYBNLdQjknGV2qhRXPAlpcYYYaf5dG+CMw0+jFhtWBYIIHCd5dN16Y,2.0212220000000003,3.920689,2.687437
84300,a2JJDid759RYBNLdQjknGV2qhRXPAlpcYYYaf5dG+CMw0+jFhtWBYIIHCd5dN16Y,0.669867,4.780965,2.71915
84600,a2JJDid759RYBNLdQjknGV2qhRXPAlpcYYYaf5dG+CMw0+jFhtWBYIIHCd5dN16Y,1.63494,4.936019,3.112302
84900,a2JJDid759RYBNLdQjknGV2qhRXPAlpcYYYaf5dG+CMw0+jFhtWBYIIHCd5dN16Y,2.260493,4.867493,2.977882
85200,a2JJDid759RYBNLdQjknGV2qhRXPAlpcYYYaf5dG+CMw0+jFhtWBYIIHCd5dN16Y,1.6978240000000002,4.008547,2.817575
85500,a2JJDid759RYBNLdQjknGV2qhRXPAlpcYYYaf5dG+CMw0+jFhtWBYIIHCd5dN16Y,1.7481959999999999,4.830533999999999,2.638358
85800,a2JJDid759RYBNLdQjknGV2qhRXPAlpcYYYaf5dG+CMw0+jFhtWBYIIHCd5dN16Y,2.190819,4.020612,3.108148
86100,a2JJDid759RYBNLdQjknGV2qhRXPAlpcYYYaf5dG+CMw0+jFhtWBYIIHCd5dN16Y,2.185575,4.833396,3.084193
86400,a2JJDid759RYBNLdQjknGV2qhRXPAlpcYYYaf5dG+CMw0+jFhtWBYIIHCd5dN16Y,2.456527,15.251910999999998,4.4230529999999995
86700,a2JJDid759RYBNLdQjknGV2qhRXPAlpcYYYaf5dG+CMw0+jFhtWBYIIHCd5dN16Y,1.582958,3.4016480000000002,2.9018029999999997
87000,a2JJDid759RYBNLdQjknGV2qhRXPAlpcYYYaf5dG+CMw0+jFhtWBYIIHCd5dN16Y,1.967812,4.19209,2.831824
87300,a2JJDid759RYBNLdQjknGV2qhRXPAlpcYYYaf5dG+CMw0+jFhtWBYIIHCd5dN16Y,1.625501,3.597956,2.513197
87600,a2JJDid759RYBNLdQjknGV2qhRXPAlpcYYYaf5dG+CMw0+jFhtWBYIIHCd5dN16Y,2.1597180000000002,4.980887999999999,3.0308080000000004
87900,a2JJDid759RYBNLdQjknGV2qhRXPAlpcYYYaf5dG+CMw0+jFhtWBYIIHCd5dN16Y,1.831618,4.3040709999999995,2.643382
88200,a2JJDid759RYBNLdQjknGV2qhRXPAlpcYYYaf5dG+CMw0+jFhtWBYIIHCd5dN16Y,2.05387,4.914325,2.952269
88500,a2JJDid759RYBNLdQjknGV2qhRXPAlpcYYYaf5dG+CMw0+jFhtWBYIIHCd5dN16Y,1.88855,4.503282,2.694331
88800,a2JJDid759RYBNLdQjknGV2qhRXPAlpcYYYaf5dG+CMw0+jFhtWBYIIHCd5dN16Y,1.844817,3.481756,2.59839
89100,a2JJDid759RYBNLdQjknGV2qhRXPAlpcYYYaf5dG+CMw0+jFhtWBYIIHCd5dN16Y,1.9293490000000002,5.262117,2.8041490000000002
89400,a2JJDid759RYBNLdQjknGV2qhRXPAlpcYYYaf5dG+CMw0+jFhtWBYIIHCd5dN16Y,0.7078770000000001,3.1437939999999998,2.432903
89700,a2JJDid759RYBNLdQjknGV2qhRXPAlpcYYYaf5dG+CMw0+jFhtWBYIIHCd5dN16Y,0.42591899999999994,3.542562,2.304553
90000,a2JJDid759RYBNLdQjknGV2qhRXPAlpcYYYaf5dG+CMw0+jFhtWBYIIHCd5dN16Y,1.5596370000000002,16.213877,3.729223
90300,a2JJDid759RYBNLdQjknGV2qhRXPAlpcYYYaf5dG+CMw0+jFhtWBYIIHCd5dN16Y,0.534867,3.8909949999999998,2.682848
90600,a2JJDid759RYBNLdQjknGV2qhRXPAlpcYYYaf5dG+CMw0+jFhtWBYIIHCd5dN16Y,1.9286009999999998,5.429417,2.9571169999999998
90900,a2JJDid759RYBNLdQjknGV2qhRXPAlpcYYYaf5dG+CMw0+jFhtWBYIIHCd5dN16Y,0.54995,4.627992,2.504513
91200,a2JJDid759RYBNLdQjknGV2qhRXPAlpcYYYaf5dG+CMw0+jFhtWBYIIHCd5dN16Y,1.811779,4.451355,3.056561
91500,a2JJDid759RYBNLdQjknGV2qhRXPAlpcYYYaf5dG+CMw0+jFhtWBYIIHCd5dN16Y,1.191542,5.1974849999999995,2.712583
91800,a2JJDid759RYBNLdQjknGV2qhRXPAlpcYYYaf5dG+CMw0+jFhtWBYIIHCd5dN16Y,1.7361060000000001,5.347461,2.771745
92100,a2JJDid759RYBNLdQjknGV2qhRXPAlpcYYYaf5dG+CMw0+jFhtWBYIIHCd5dN16Y,1.688118,8.50877,2.849438
92400,a2JJDid759RYBNLdQjknGV2qhRXPAlpcYYYaf5dG+CMw0+jFhtWBYIIHCd5dN16Y,0.373214,5.063168,2.466223
92700,a2JJDid759RYBNLdQjknGV2qhRXPAlpcYYYaf5dG+CMw0+jFhtWBYIIHCd5dN16Y,1.737787,4.5007459999999995,2.866117
93000,a2JJDid759RYBNLdQjknGV2qhRXPAlpcYYYaf5dG+CMw0+jFhtWBYIIHCd5dN16Y,2.165551,20.328982999999997,4.792375
93300,a2JJDid759RYBNLdQjknGV2qhRXPAlpcYYYaf5dG+CMw0+jFhtWBYIIHCd5dN16Y,2.327503,27.384526,6.094689
93600,a2JJDid759RYBNLdQjknGV2qhRXPAlpcYYYaf5dG+CMw0+jFhtWBYIIHCd5dN16Y,2.564308,15.965748999999999,5.2454019999999995
93900,a2JJDid759RYBNLdQjknGV2qhRXPAlpcYYYaf5dG+CMw0+jFhtWBYIIHCd5dN16Y,2.1624529999999997,5.786672,3.081292
94200,a2JJDid759RYBNLdQjknGV2qhRXPAlpcYYYaf5dG+CMw0+jFhtWBYIIHCd5dN16Y,0.563638,5.741809,3.126744
94500,a2JJDid759RYBNLdQjknGV2qhRXPAlpcYYYaf5dG+CMw0+jFhtWBYIIHCd5dN16Y,1.65202,5.054286,2.845405
94800,a2JJDid759RYBNLdQjknGV2qhRXPAlpcYYYaf5dG+CMw0+jFhtWBYIIHCd5dN16Y,0.446513,4.600626,2.905864
95100,a2JJDid759RYBNLdQjknGV2qhRXPAlpcYYYaf5dG+CMw0+jFhtWBYIIHCd5dN16Y,0.993793,5.375744,2.910017
95400,a2JJDid759RYBNLdQjknGV2qhRXPAlpcYYYaf5dG+CMw0+jFhtWBYIIHCd5dN16Y,1.35562,3.910856,2.881599
95700,a2JJDid759RYBNLdQjknGV2qhRXPAlpcYYYaf5dG+CMw0+jFhtWBYIIHCd5dN16Y,1.7501900000000001,10.483573,3.3176129999999997
96000,a2JJDid759RYBNLdQjknGV2qhRXPAlpcYYYaf5dG+CMw0+jFhtWBYIIHCd5dN16Y,1.784339,4.0004,2.919767
96300,a2JJDid759RYBNLdQjknGV2qhRXPAlpcYYYaf5dG+CMw0+jFhtWBYIIHCd5dN16Y,0.6998340000000001,4.6205169999999995,2.433704
96600,a2JJDid759RYBNLdQjknGV2qhRXPAlpcYYYaf5dG+CMw0+jFhtWBYIIHCd5dN16Y,2.128212,3.902446,2.852072
96900,a2JJDid759RYBNLdQjknGV2qhRXPAlpcYYYaf5dG+CMw0+jFhtWBYIIHCd5dN16Y,2.001835,4.565484,2.977084
97200,a2JJDid759RYBNLdQjknGV2qhRXPAlpcYYYaf5dG+CMw0+jFhtWBYIIHCd5dN16Y,2.2026830000000004,16.256142,3.917933
97500,a2JJDid759RYBNLdQjknGV2qhRXPAlpcYYYaf5dG+CMw0+jFhtWBYIIHCd5dN16Y,0.389728,3.1817159999999998,2.349911
97800,a2JJDid759RYBNLdQjknGV2qhRXPAlpcYYYaf5dG+CMw0+jFhtWBYIIHCd5dN16Y,0.560815,3.93309,2.387486
98100,a2JJDid759RYBNLdQjknGV2qhRXPAlpcYYYaf5dG+CMw0+jFhtWBYIIHCd5dN16Y,2.329716,4.592017,2.922568
98400,a2JJDid759RYBNLdQjknGV2qhRXPAlpcYYYaf5dG+CMw0+jFhtWBYIIHCd5dN16Y,0.37238699999999997,4.458081,2.6301360000000003
98700,a2JJDid759RYBNLdQjknGV2qhRXPAlpcYYYaf5dG+CMw0+jFhtWBYIIHCd5dN16Y,1.746171,4.470428,2.688552
99000,a2JJDid759RYBNLdQjknGV2qhRXPAlpcYYYaf5dG+CMw0+jFhtWBYIIHCd5dN16Y,0.630479,4.218841,2.49059
99300,a2JJDid759RYBNLdQjknGV2qhRXPAlpcYYYaf5dG+CMw0+jFhtWBYIIHCd5dN16Y,1.930518,4.120867,2.5038669999999996
99600,a2JJDid759RYBNLdQjknGV2qhRXPAlpcYYYaf5dG+CMw0+jFhtWBYIIHCd5dN16Y,0.429187,4.291364,2.788311
99900,a2JJDid759RYBNLdQjknGV2qhRXPAlpcYYYaf5dG+CMw0+jFhtWBYIIHCd5dN16Y,2.095309,4.8811160000000005,3.085705
100200,a2JJDid759RYBNLdQjknGV2qhRXPAlpcYYYaf5dG+CMw0+jFhtWBYIIHCd5dN16Y,2.144427,8.947384,3.4486980000000003
100500,a2JJDid759RYBNLdQjknGV2qhRXPAlpcYYYaf5dG+CMw0+jFhtWBYIIHCd5dN16Y,0.426358,5.072799,2.913614
100800,a2JJDid759RYBNLdQjknGV2qhRXPAlpcYYYaf5dG+CMw0+jFhtWBYIIHCd5dN16Y,1.921525,13.217722,4.055886
101100,a2JJDid759RYBNLdQjknGV2qhRXPAlpcYYYaf5dG+CMw0+jFhtWBYIIHCd5dN16Y,0.411793,4.503141,2.507644
101400,a2JJDid759RYBNLdQjknGV2qhRXPAlpcYYYaf5dG+CMw0+jFhtWBYIIHCd5dN16Y,1.6200379999999999,4.678453,2.625061
101700,a2JJDid759RYBNLdQjknGV2qhRXPAlpcYYYaf5dG+CMw0+jFhtWBYIIHCd5dN16Y,2.275719,7.481223,3.471219
102000,a2JJDid759RYBNLdQjknGV2qhRXPAlpcYYYaf5dG+CMw0+jFhtWBYIIHCd5dN16Y,2.33616,5.005313,3.3289730000000004
102300,a2JJDid759RYBNLdQjknGV2qhRXPAlpcYYYaf5dG+CMw0+jFhtWBYIIHCd5dN16Y,0.832808,4.648975,2.734931
102600,a2JJDid759RYBNLdQjknGV2qhRXPAlpcYYYaf5dG+CMw0+jFhtWBYIIHCd5dN16Y,2.169114,4.998088,2.905225
102900,a2JJDid759RYBNLdQjknGV2qhRXPAlpcYYYaf5dG+CMw0+jFhtWBYIIHCd5dN16Y,0.966751,3.8010589999999995,2.530712
103200,a2JJDid759RYBNLdQjknGV2qhRXPAlpcYYYaf5dG+CMw0+jFhtWBYIIHCd5dN16Y,0.802133,5.046521,2.806796
103500,a2JJDid759RYBNLdQjknGV2qhRXPAlpcYYYaf5dG+CMw0+jFhtWBYIIHCd5dN16Y,1.733365,3.948372,2.738794
103800,a2JJDid759RYBNLdQjknGV2qhRXPAlpcYYYaf5dG+CMw0+jFhtWBYIIHCd5dN16Y,2.1023110000000003,9.766967,3.465014
104100,a2JJDid759RYBNLdQjknGV2qhRXPAlpcYYYaf5dG+CMw0+jFhtWBYIIHCd5dN16Y,1.716125,4.300180999999999,2.784712
104400,a2JJDid759RYBNLdQjknGV2qhRXPAlpcYYYaf5dG+CMw0+jFhtWBYIIHCd5dN16Y,0.504944,14.734067000000001,3.767181
104700,a2JJDid759RYBNLdQjknGV2qhRXPAlpcYYYaf5dG+CMw0+jFhtWBYIIHCd5dN16Y,2.218732,23.907255,4.140093
105000,a2JJDid759RYBNLdQjknGV2qhRXPAlpcYYYaf5dG+CMw0+jFhtWBYIIHCd5dN16Y,0.8589450000000001,5.183738,3.1428220000000002
105300,a2JJDid759RYBNLdQjknGV2qhRXPAlpcYYYaf5dG+CMw0+jFhtWBYIIHCd5dN16Y,2.305817,5.6775519999999995,3.067975
105600,a2JJDid759RYBNLdQjknGV2qhRXPAlpcYYYaf5dG+CMw0+jFhtWBYIIHCd5dN16Y,0.39718000000000003,4.084368,2.545835
105900,a2JJDid759RYBNLdQjknGV2qhRXPAlpcYYYaf5dG+CMw0+jFhtWBYIIHCd5dN16Y,0.433302,4.338126,2.597766
106200,a2JJDid759RYBNLdQjknGV2qhRXPAlpcYYYaf5dG+CMw0+jFhtWBYIIHCd5dN16Y,1.994116,4.955135,3.047932
106500,a2JJDid759RYBNLdQjknGV2qhRXPAlpcYYYaf5dG+CMw0+jFhtWBYIIHCd5dN16Y,2.092718,14.173195999999999,3.646157
106800,a2JJDid759RYBNLdQjknGV2qhRXPAlpcYYYaf5dG+CMw0+jFhtWBYIIHCd5dN16Y,2.771823,5.698042,3.4811660000000004
107100,a2JJDid759RYBNLdQjknGV2qhRXPAlpcYYYaf5dG+CMw0+jFhtWBYIIHCd5dN16Y,1.292804,5.352017,3.146239
107400,a2JJDid759RYBNLdQjknGV2qhRXPAlpcYYYaf5dG+CMw0+jFhtWBYIIHCd5dN16Y,2.145588,5.753376,2.780357
107700,a2JJDid759RYBNLdQjknGV2qhRXPAlpcYYYaf5dG+CMw0+jFhtWBYIIHCd5dN16Y,0.554397,4.448621,2.7688650000000004
108000,a2JJDid759RYBNLdQjknGV2qhRXPAlpcYYYaf5dG+CMw0+jFhtWBYIIHCd5dN16Y,1.9393900000000002,16.787112,4.140728
108300,a2JJDid759RYBNLdQjknGV2qhRXPAlpcYYYaf5dG+CMw0+jFhtWBYIIHCd5dN16Y,1.407671,5.182593,3.20813
108600,a2JJDid759RYBNLdQjknGV2qhRXPAlpcYYYaf5dG+CMw0+jFhtWBYIIHCd5dN16Y,2.023764,4.383237,3.011982
108900,a2JJDid759RYBNLdQjknGV2qhRXPAlpcYYYaf5dG+CMw0+jFhtWBYIIHCd5dN16Y,0.855157,6.040451,3.279935
109200,a2JJDid759RYBNLdQjknGV2qhRXPAlpcYYYaf5dG+CMw0+jFhtWBYIIHCd5dN16Y,2.275258,17.184948000000002,4.566088
109500,a2JJDid759RYBNLdQjknGV2qhRXPAlpcYYYaf5dG+CMw0+jFhtWBYIIHCd5dN16Y,1.880466,5.141881,2.77893
109800,a2JJDid759RYBNLdQjknGV2qhRXPAlpcYYYaf5dG+CMw0+jFhtWBYIIHCd5dN16Y,1.135708,4.121464,2.5934
110100,a2JJDid759RYBNLdQjknGV2qhRXPAlpcYYYaf5dG+CMw0+jFhtWBYIIHCd5dN16Y,1.762056,4.026416,3.014806
110400,a2JJDid759RYBNLdQjknGV2qhRXPAlpcYYYaf5dG+CMw0+jFhtWBYIIHCd5dN16Y,1.221325,4.416530000000001,3.266028
110700,a2JJDid759RYBNLdQjknGV2qhRXPAlpcYYYaf5dG+CMw0+jFhtWBYIIHCd5dN16Y,1.864297,4.782946,2.965067
111000,a2JJDid759RYBNLdQjknGV2qhRXPAlpcYYYaf5dG+CMw0+jFhtWBYIIHCd5dN16Y,0.49625699999999995,4.6717,2.6510860000000003
111300,a2JJDid759RYBNLdQjknGV2qhRXPAlpcYYYaf5dG+CMw0+jFhtWBYIIHCd5dN16Y,2.094404,4.439182,2.7248650000000003
111600,a2JJDid759RYBNLdQjknGV2qhRXPAlpcYYYaf5dG+CMw0+jFhtWBYIIHCd5dN16Y,0.9608260000000001,14.126873999999999,3.768595
111900,a2JJDid759RYBNLdQjknGV2qhRXPAlpcYYYaf5dG+CMw0+jFhtWBYIIHCd5dN16Y,0.35703,5.145226,2.584845
112200,a2JJDid759RYBNLdQjknGV2qhRXPAlpcYYYaf5dG+CMw0+jFhtWBYIIHCd5dN16Y,2.155253,4.453005,2.9377470000000003
112500,a2JJDid759RYBNLdQjknGV2qhRXPAlpcYYYaf5dG+CMw0+jFhtWBYIIHCd5dN16Y,0.8289979999999999,4.98825,2.9301169999999996
112800,a2JJDid759RYBNLdQjknGV2qhRXPAlpcYYYaf5dG+CMw0+jFhtWBYIIHCd5dN16Y,2.013284,4.835886,2.812306
113100,a2JJDid759RYBNLdQjknGV2qhRXPAlpcYYYaf5dG+CMw0+jFhtWBYIIHCd5dN16Y,1.6115190000000001,4.630241000000001,2.911353
113400,a2JJDid759RYBNLdQjknGV2qhRXPAlpcYYYaf5dG+CMw0+jFhtWBYIIHCd5dN16Y,1.834446,4.488512999999999,2.8401400000000003
113700,a2JJDid759RYBNLdQjknGV2qhRXPAlpcYYYaf5dG+CMw0+jFhtWBYIIHCd5dN16Y,0.31188499999999997,4.302137,2.340223
114000,a2JJDid759RYBNLdQjknGV2qhRXPAlpcYYYaf5dG+CMw0+jFhtWBYIIHCd5dN16Y,2.226167,4.429822,3.069661
114300,a2JJDid759RYBNLdQjknGV2qhRXPAlpcYYYaf5dG+CMw0+jFhtWBYIIHCd5dN16Y,1.9355639999999998,6.519983,3.3361690000000004
114600,a2JJDid759RYBNLdQjknGV2qhRXPAlpcYYYaf5dG+CMw0+jFhtWBYIIHCd5dN16Y,0.9389639999999999,3.856301,2.640303
114900,a2JJDid759RYBNLdQjknGV2qhRXPAlpcYYYaf5dG+CMw0+jFhtWBYIIHCd5dN16Y,2.3195919999999997,4.946827,2.840521
115200,a2JJDid759RYBNLdQjknGV2qhRXPAlpcYYYaf5dG+CMw0+jFhtWBYIIHCd5dN16Y,0.479108,13.884915,3.802343
115500,a2JJDid759RYBNLdQjknGV2qhRXPAlpcYYYaf5dG+CMw0+jFhtWBYIIHCd5dN16Y,1.865429,4.144744,2.561106
115800,a2JJDid759RYBNLdQjknGV2qhRXPAlpcYYYaf5dG+CMw0+jFhtWBYIIHCd5dN16Y,0.5404909999999999,4.5201080000000005,2.590804
116100,a2JJDid759RYBNLdQjknGV2qhRXPAlpcYYYaf5dG+CMw0+jFhtWBYIIHCd5dN16Y,1.7766810000000002,4.1765550000000005,2.7698099999999997
116400,a2JJDid759RYBNLdQjknGV2qhRXPAlpcYYYaf5dG+CMw0+jFhtWBYIIHCd5dN16Y,0.974622,3.7321800000000005,2.611702
116700,a2JJDid759RYBNLdQjknGV2qhRXPAlpcYYYaf5dG+CMw0+jFhtWBYIIHCd5dN16Y,2.219137,4.457954,2.7649310000000002
117000,a2JJDid759RYBNLdQjknGV2qhRXPAlpcYYYaf5dG+CMw0+jFhtWBYIIHCd5dN16Y,1.326107,4.729188,3.073185
117300,a2JJDid759RYBNLdQjknGV2qhRXPAlpcYYYaf5dG+CMw0+jFhtWBYIIHCd5dN16Y,0.389415,5.187258,2.763458
117600,a2JJDid759RYBNLdQjknGV2qhRXPAlpcYYYaf5dG+CMw0+jFhtWBYIIHCd5dN16Y,2.425447,6.512553,3.375829
117900,a2JJDid759RYBNLdQjknGV2qhRXPAlpcYYYaf5dG+CMw0+jFhtWBYIIHCd5dN16Y,1.6777959999999998,5.782138,2.938614
118200,a2JJDid759RYBNLdQjknGV2qhRXPAlpcYYYaf5dG+CMw0+jFhtWBYIIHCd5dN16Y,1.5267309999999998,4.942271,2.689864
118500,a2JJDid759RYBNLdQjknGV2qhRXPAlpcYYYaf5dG+CMw0+jFhtWBYIIHCd5dN16Y,0.473904,3.892725,2.708631
118800,a2JJDid759RYBNLdQjknGV2qhRXPAlpcYYYaf5dG+CMw0+jFhtWBYIIHCd5dN16Y,1.551485,13.255021,3.7257559999999996
119100,a2JJDid759RYBNLdQjknGV2qhRXPAlpcYYYaf5dG+CMw0+jFhtWBYIIHCd5dN16Y,0.34983200000000003,4.244421,2.6764799999999997
119400,a2JJDid759RYBNLdQjknGV2qhRXPAlpcYYYaf5dG+CMw0+jFhtWBYIIHCd5dN16Y,1.910437,4.4618459999999995,2.86958
119700,a2JJDid759RYBNLdQjknGV2qhRXPAlpcYYYaf5dG+CMw0+jFhtWBYIIHCd5dN16Y,1.912382,5.130505,2.872515
120000,a2JJDid759RYBNLdQjknGV2qhRXPAlpcYYYaf5dG+CMw0+jFhtWBYIIHCd5dN16Y,0.383627,4.491251,2.813715
120300,a2JJDid759RYBNLdQjknGV2qhRXPAlpcYYYaf5dG+CMw0+jFhtWBYIIHCd5dN16Y,2.163121,4.899955,2.8666810000000003
120600,a2JJDid759RYBNLdQjknGV2qhRXPAlpcYYYaf5dG+CMw0+jFhtWBYIIHCd5dN16Y,1.119055,4.426082,2.770838
120900,a2JJDid759RYBNLdQjknGV2qhRXPAlpcYYYaf5dG+CMw0+jFhtWBYIIHCd5dN16Y,1.917318,4.752172,2.78335
121200,a2JJDid759RYBNLdQjknGV2qhRXPAlpcYYYaf5dG+CMw0+jFhtWBYIIHCd5dN16Y,0.584214,4.211894999999999,2.982524
121500,a2JJDid759RYBNLdQjknGV2qhRXPAlpcYYYaf5dG+CMw0+jFhtWBYIIHCd5dN16Y,2.2656650000000003,4.5350150000000005,3.004979
121800,a2JJDid759RYBNLdQjknGV2qhRXPAlpcYYYaf5dG+CMw0+jFhtWBYIIHCd5dN16Y,0.489138,19.80435,4.697498
122100,a2JJDid759RYBNLdQjknGV2qhRXPAlpcYYYaf5dG+CMw0+jFhtWBYIIHCd5dN16Y,2.3216810000000003,39.853077,6.22613
122400,a2JJDid759RYBNLdQjknGV2qhRXPAlpcYYYaf5dG+CMw0+jFhtWBYIIHCd5dN16Y,0.5461739999999999,5.299996,3.115412
122700,a2JJDid759RYBNLdQjknGV2qhRXPAlpcYYYaf5dG+CMw0+jFhtWBYIIHCd5dN16Y,1.85622,13.239432999999998,4.06134
123000,a2JJDid759RYBNLdQjknGV2qhRXPAlpcYYYaf5dG+CMw0+jFhtWBYIIHCd5dN16Y,1.928698,5.069255,3.055266
123300,a2JJDid759RYBNLdQjknGV2qhRXPAlpcYYYaf5dG+CMw0+jFhtWBYIIHCd5dN16Y,1.8227779999999998,4.9225650000000005,3.046451
123600,a2JJDid759RYBNLdQjknGV2qhRXPAlpcYYYaf5dG+CMw0+jFhtWBYIIHCd5dN16Y,1.8085240000000002,4.952987,3.010727
123900,a2JJDid759RYBNLdQjknGV2qhRXPAlpcYYYaf5dG+CMw0+jFhtWBYIIHCd5dN16Y,1.879447,5.160798000000001,3.007604
124200,a2JJDid759RYBNLdQjknGV2qhRXPAlpcYYYaf5dG+CMw0+jFhtWBYIIHCd5dN16Y,1.577453,5.0339529999999995,3.208595
124500,a2JJDid759RYBNLdQjknGV2qhRXPAlpcYYYaf5dG+CMw0+jFhtWBYIIHCd5dN16Y,0.8529049999999999,5.712039,3.099207
124800,a2JJDid759RYBNLdQjknGV2qhRXPAlpcYYYaf5dG+CMw0+jFhtWBYIIHCd5dN16Y,1.8935849999999999,6.08817,3.046532
125100,a2JJDid759RYBNLdQjknGV2qhRXPAlpcYYYaf5dG+CMw0+jFhtWBYIIHCd5dN16Y,1.34825,5.4122900000000005,2.867099
125400,a2JJDid759RYBNLdQjknGV2qhRXPAlpcYYYaf5dG+CMw0+jFhtWBYIIHCd5dN16Y,1.7486279999999998,4.909541,2.683479
125700,a2JJDid759RYBNLdQjknGV2qhRXPAlpcYYYaf5dG+CMw0+jFhtWBYIIHCd5dN16Y,1.8057159999999999,5.300886,2.916317
126000,a2JJDid759RYBNLdQjknGV2qhRXPAlpcYYYaf5dG+CMw0+jFhtWBYIIHCd5dN16Y,2.124343,4.530474,2.969431
126300,a2JJDid759RYBNLdQjknGV2qhRXPAlpcYYYaf5dG+CMw0+jFhtWBYIIHCd5dN16Y,1.765841,16.654494,4.070639
126600,a2JJDid759RYBNLdQjknGV2qhRXPAlpcYYYaf5dG+CMw0+jFhtWBYIIHCd5dN16Y,1.971116,8.808472,3.702685
126900,a2JJDid759RYBNLdQjknGV2qhRXPAlpcYYYaf5dG+CMw0+jFhtWBYIIHCd5dN16Y,1.697143,4.9708559999999995,2.7921810000000002
127200,a2JJDid759RYBNLdQjknGV2qhRXPAlpcYYYaf5dG+CMw0+jFhtWBYIIHCd5dN16Y,1.605399,4.995107,2.696065
127500,a2JJDid759RYBNLdQjknGV2qhRXPAlpcYYYaf5dG+CMw0+jFhtWBYIIHCd5dN16Y,1.472774,4.66102,2.804698
127800,a2JJDid759RYBNLdQjknGV2qhRXPAlpcYYYaf5dG+CMw0+jFhtWBYIIHCd5dN16Y,1.594309,5.193176,2.894432
128100,a2JJDid759RYBNLdQjknGV2qhRXPAlpcYYYaf5dG+CMw0+jFhtWBYIIHCd5dN16Y,1.18192,4.805366,2.689803
128400,a2JJDid759RYBNLdQjknGV2qhRXPAlpcYYYaf5dG+CMw0+jFhtWBYIIHCd5dN16Y,1.984502,5.9665099999999995,2.992969
128700,a2JJDid759RYBNLdQjknGV2qhRXPAlpcYYYaf5dG+CMw0+jFhtWBYIIHCd5dN16Y,1.3152110000000001,4.698516000000001,2.688142
129000,a2JJDid759RYBNLdQjknGV2qhRXPAlpcYYYaf5dG+CMw0+jFhtWBYIIHCd5dN16Y,1.570853,4.0974639999999996,2.914364
129300,a2JJDid759RYBNLdQjknGV2qhRXPAlpcYYYaf5dG+CMw0+jFhtWBYIIHCd5dN16Y,1.520461,5.168799,2.8379790000000003
129600,a2JJDid759RYBNLdQjknGV2qhRXPAlpcYYYaf5dG+CMw0+jFhtWBYIIHCd5dN16Y,2.225515,4.380662,3.0964419999999997
129900,a2JJDid759RYBNLdQjknGV2qhRXPAlpcYYYaf5dG+CMw0+jFhtWBYIIHCd5dN16Y,2.002332,16.230623,4.048311
130200,a2JJDid759RYBNLdQjknGV2qhRXPAlpcYYYaf5dG+CMw0+jFhtWBYIIHCd5dN16Y,1.7183810000000002,5.400114,2.970796
130500,a2JJDid759RYBNLdQjknGV2qhRXPAlpcYYYaf5dG+CMw0+jFhtWBYIIHCd5dN16Y,1.543978,4.224616,2.942996
130800,a2JJDid759RYBNLdQjknGV2qhRXPAlpcYYYaf5dG+CMw0+jFhtWBYIIHCd5dN16Y,1.614142,4.493093,2.9491669999999996
131100,a2JJDid759RYBNLdQjknGV2qhRXPAlpcYYYaf5dG+CMw0+jFhtWBYIIHCd5dN16Y,1.81705,6.421282,3.047365
131400,a2JJDid759RYBNLdQjknGV2qhRXPAlpcYYYaf5dG+CMw0+jFhtWBYIIHCd5dN16Y,2.173902,5.6921230000000005,3.323119
131700,a2JJDid759RYBNLdQjknGV2qhRXPAlpcYYYaf5dG+CMw0+jFhtWBYIIHCd5dN16Y,2.050984,5.364455,3.09313
132000,a2JJDid759RYBNLdQjknGV2qhRXPAlpcYYYaf5dG+CMw0+jFhtWBYIIHCd5dN16Y,1.869001,5.2491,2.999284
132300,a2JJDid759RYBNLdQjknGV2qhRXPAlpcYYYaf5dG+CMw0+jFhtWBYIIHCd5dN16Y,1.7288720000000002,4.805118,2.879003
132600,a2JJDid759RYBNLdQjknGV2qhRXPAlpcYYYaf5dG+CMw0+jFhtWBYIIHCd5dN16Y,1.522058,4.828793,2.684062
132900,a2JJDid759RYBNLdQjknGV2qhRXPAlpcYYYaf5dG+CMw0+jFhtWBYIIHCd5dN16Y,1.4326379999999999,4.475847,2.691276
133200,a2JJDid759RYBNLdQjknGV2qhRXPAlpcYYYaf5dG+CMw0+jFhtWBYIIHCd5dN16Y,1.8349959999999998,5.081472,3.099765
133500,a2JJDid759RYBNLdQjknGV2qhRXPAlpcYYYaf5dG+CMw0+jFhtWBYIIHCd5dN16Y,2.0057490000000002,16.152901,3.844244
133800,a2JJDid759RYBNLdQjknGV2qhRXPAlpcYYYaf5dG+CMw0+jFhtWBYIIHCd5dN16Y,1.9644270000000001,5.306173,3.078651
134100,a2JJDid759RYBNLdQjknGV2qhRXPAlpcYYYaf5dG+CMw0+jFhtWBYIIHCd5dN16Y,2.074119,6.1589339999999995,3.18245
134400,a2JJDid759RYBNLdQjknGV2qhRXPAlpcYYYaf5dG+CMw0+jFhtWBYIIHCd5dN16Y,1.4962280000000001,4.298673,2.878145
134700,a2JJDid759RYBNLdQjknGV2qhRXPAlpcYYYaf5dG+CMw0+jFhtWBYIIHCd5dN16Y,1.8413990000000002,5.669055,2.914504
135000,a2JJDid759RYBNLdQjknGV2qhRXPAlpcYYYaf5dG+CMw0+jFhtWBYIIHCd5dN16Y,1.640047,4.438566000000001,2.869573
135300,a2JJDid759RYBNLdQjknGV2qhRXPAlpcYYYaf5dG+CMw0+jFhtWBYIIHCd5dN16Y,1.987141,6.0370870000000005,3.127579
135600,a2JJDid759RYBNLdQjknGV2qhRXPAlpcYYYaf5dG+CMw0+jFhtWBYIIHCd5dN16Y,1.935314,5.4211800000000006,3.017468
135900,a2JJDid759RYBNLdQjknGV2qhRXPAlpcYYYaf5dG+CMw0+jFhtWBYIIHCd5dN16Y,1.8222310000000002,5.160996,3.0409479999999998
136200,a2JJDid759RYBNLdQjknGV2qhRXPAlpcYYYaf5dG+CMw0+jFhtWBYIIHCd5dN16Y,1.74302,6.682228,3.031214
136500,a2JJDid759RYBNLdQjknGV2qhRXPAlpcYYYaf5dG+CMw0+jFhtWBYIIHCd5dN16Y,1.8765490000000002,4.763961,2.790679
136800,a2JJDid759RYBNLdQjknGV2qhRXPAlpcYYYaf5dG+CMw0+jFhtWBYIIHCd5dN16Y,1.8782290000000001,5.587594999999999,3.018539
137100,a2JJDid759RYBNLdQjknGV2qhRXPAlpcYYYaf5dG+CMw0+jFhtWBYIIHCd5dN16Y,1.968975,17.034354,3.9576309999999997
137400,a2JJDid759RYBNLdQjknGV2qhRXPAlpcYYYaf5dG+CMw0+jFhtWBYIIHCd5dN16Y,1.871777,21.135167000000003,4.333648
137700,a2JJDid759RYBNLdQjknGV2qhRXPAlpcYYYaf5dG+CMw0+jFhtWBYIIHCd5dN16Y,1.878075,4.202297,3.024946
138000,a2JJDid759RYBNLdQjknGV2qhRXPAlpcYYYaf5dG+CMw0+jFhtWBYIIHCd5dN16Y,1.785902,5.177612,3.166759
138300,a2JJDid759RYBNLdQjknGV2qhRXPAlpcYYYaf5dG+CMw0+jFhtWBYIIHCd5dN16Y,1.8828580000000001,5.476375,3.058222
138600,a2JJDid759RYBNLdQjknGV2qhRXPAlpcYYYaf5dG+CMw0+jFhtWBYIIHCd5dN16Y,1.693814,5.588248999999999,3.1394439999999997
138900,a2JJDid759RYBNLdQjknGV2qhRXPAlpcYYYaf5dG+CMw0+jFhtWBYIIHCd5dN16Y,1.6943720000000002,5.777486,3.035532
139200,a2JJDid759RYBNLdQjknGV2qhRXPAlpcYYYaf5dG+CMw0+jFhtWBYIIHCd5dN16Y,1.240781,4.595646,2.630617
139500,a2JJDid759RYBNLdQjknGV2qhRXPAlpcYYYaf5dG+CMw0+jFhtWBYIIHCd5dN16Y,1.134534,5.269164,2.538534
139800,a2JJDid759RYBNLdQjknGV2qhRXPAlpcYYYaf5dG+CMw0+jFhtWBYIIHCd5dN16Y,1.490682,4.802442,2.7446900000000003
140100,a2JJDid759RYBNLdQjknGV2qhRXPAlpcYYYaf5dG+CMw0+jFhtWBYIIHCd5dN16Y,1.053771,6.453898000000001,2.83534
140400,a2JJDid759RYBNLdQjknGV2qhRXPAlpcYYYaf5dG+CMw0+jFhtWBYIIHCd5dN16Y,2.180662,5.358886,3.082528
140700,a2JJDid759RYBNLdQjknGV2qhRXPAlpcYYYaf5dG+CMw0+jFhtWBYIIHCd5dN16Y,1.600277,13.080102,3.9446559999999997
141000,a2JJDid759RYBNLdQjknGV2qhRXPAlpcYYYaf5dG+CMw0+jFhtWBYIIHCd5dN16Y,1.8961849999999998,5.153459,2.895568
141300,a2JJDid759RYBNLdQjknGV2qhRXPAlpcYYYaf5dG+CMw0+jFhtWBYIIHCd5dN16Y,0.9327270000000001,3.6179309999999996,2.46339
141600,a2JJDid759RYBNLdQjknGV2qhRXPAlpcYYYaf5dG+CMw0+jFhtWBYIIHCd5dN16Y,1.998198,4.940965,2.817447
141900,a2JJDid759RYBNLdQjknGV2qhRXPAlpcYYYaf5dG+CMw0+jFhtWBYIIHCd5dN16Y,1.6715240000000002,4.860571,2.7786299999999997
142200,a2JJDid759RYBNLdQjknGV2qhRXPAlpcYYYaf5dG+CMw0+jFhtWBYIIHCd5dN16Y,0.795134,4.886433,2.729147
142500,a2JJDid759RYBNLdQjknGV2qhRXPAlpcYYYaf5dG+CMw0+jFhtWBYIIHCd5dN16Y,1.190791,4.642471,2.51746
142800,a2JJDid759RYBNLdQjknGV2qhRXPAlpcYYYaf5dG+CMw0+jFhtWBYIIHCd5dN16Y,0.613317,4.689171,2.636573
143100,a2JJDid759RYBNLdQjknGV2qhRXPAlpcYYYaf5dG+CMw0+jFhtWBYIIHCd5dN16Y,1.84693,4.734837000000001,2.795459
143400,a2JJDid759RYBNLdQjknGV2qhRXPAlpcYYYaf5dG+CMw0+jFhtWBYIIHCd5dN16Y,1.185818,5.035372,2.834009
143700,a2JJDid759RYBNLdQjknGV2qhRXPAlpcYYYaf5dG+CMw0+jFhtWBYIIHCd5dN16Y,1.7650560000000002,5.3558330000000005,2.974576
144000,a2JJDid759RYBNLdQjknGV2qhRXPAlpcYYYaf5dG+CMw0+jFhtWBYIIHCd5dN16Y,0.999765,4.069195,2.564966
144300,a2JJDid759RYBNLdQjknGV2qhRXPAlpcYYYaf5dG+CMw0+jFhtWBYIIHCd5dN16Y,0.641544,14.849969,3.6405230000000004
144600,a2JJDid759RYBNLdQjknGV2qhRXPAlpcYYYaf5dG+CMw0+jFhtWBYIIHCd5dN16Y,1.8427169999999997,5.100291,2.747516
144900,a2JJDid759RYBNLdQjknGV2qhRXPAlpcYYYaf5dG+CMw0+jFhtWBYIIHCd5dN16Y,0.369548,5.4116919999999995,2.554513
145200,a2JJDid759RYBNLdQjknGV2qhRXPAlpcYYYaf5dG+CMw0+jFhtWBYIIHCd5dN16Y,1.736716,5.365144,3.028911
145500,a2JJDid759RYBNLdQjknGV2qhRXPAlpcYYYaf5dG+CMw0+jFhtWBYIIHCd5dN16Y,1.7994299999999999,5.551506,2.648752
145800,a2JJDid759RYBNLdQjknGV2qhRXPAlpcYYYaf5dG+CMw0+jFhtWBYIIHCd5dN16Y,1.9629599999999998,4.378598,2.7835349999999996
146100,a2JJDid759RYBNLdQjknGV2qhRXPAlpcYYYaf5dG+CMw0+jFhtWBYIIHCd5dN16Y,0.409002,4.300013,2.4654599999999998
146400,a2JJDid759RYBNLdQjknGV2qhRXPAlpcYYYaf5dG+CMw0+jFhtWBYIIHCd5dN16Y,1.7869080000000002,4.982354,2.8860330000000003
146700,a2JJDid759RYBNLdQjknGV2qhRXPAlpcYYYaf5dG+CMw0+jFhtWBYIIHCd5dN16Y,0.345614,3.745311,2.390463
147000,a2JJDid759RYBNLdQjknGV2qhRXPAlpcYYYaf5dG+CMw0+jFhtWBYIIHCd5dN16Y,0.503768,5.041524,2.504762
147300,a2JJDid759RYBNLdQjknGV2qhRXPAlpcYYYaf5dG+CMw0+jFhtWBYIIHCd5dN16Y,1.609004,4.444775,2.7559299999999998
147600,a2JJDid759RYBNLdQjknGV2qhRXPAlpcYYYaf5dG+CMw0+jFhtWBYIIHCd5dN16Y,0.8413120000000001,4.698162,2.639616
147900,a2JJDid759RYBNLdQjknGV2qhRXPAlpcYYYaf5dG+CMw0+jFhtWBYIIHCd5dN16Y,1.9885389999999998,22.67662,5.221349
148200,a2JJDid759RYBNLdQjknGV2qhRXPAlpcYYYaf5dG+CMw0+jFhtWBYIIHCd5dN16Y,0.701342,4.734596,2.654389
148500,a2JJDid759RYBNLdQjknGV2qhRXPAlpcYYYaf5dG+CMw0+jFhtWBYIIHCd5dN16Y,1.5561610000000001,4.192826999999999,2.76309
148800,a2JJDid759RYBNLdQjknGV2qhRXPAlpcYYYaf5dG+CMw0+jFhtWBYIIHCd5dN16Y,0.663082,4.454905999999999,2.610776
149100,a2JJDid759RYBNLdQjknGV2qhRXPAlpcYYYaf5dG+CMw0+jFhtWBYIIHCd5dN16Y,1.519024,5.452363,2.901322
149400,a2JJDid759RYBNLdQjknGV2qhRXPAlpcYYYaf5dG+CMw0+jFhtWBYIIHCd5dN16Y,0.553742,3.610179,2.292865
149700,a2JJDid759RYBNLdQjknGV2qhRXPAlpcYYYaf5dG+CMw0+jFhtWBYIIHCd5dN16Y,0.7816350000000001,5.297833,2.738794
150000,a2JJDid759RYBNLdQjknGV2qhRXPAlpcYYYaf5dG+CMw0+jFhtWBYIIHCd5dN16Y,1.6796849999999999,5.224043,3.2952980000000003
150300,a2JJDid759RYBNLdQjknGV2qhRXPAlpcYYYaf5dG+CMw0+jFhtWBYIIHCd5dN16Y,1.868746,6.417798,3.035199
150600,a2JJDid759RYBNLdQjknGV2qhRXPAlpcYYYaf5dG+CMw0+jFhtWBYIIHCd5dN16Y,1.7521630000000001,22.440253,4.639468
150900,a2JJDid759RYBNLdQjknGV2qhRXPAlpcYYYaf5dG+CMw0+jFhtWBYIIHCd5dN16Y,0.614954,25.615657000000002,5.083755
151200,a2JJDid759RYBNLdQjknGV2qhRXPAlpcYYYaf5dG+CMw0+jFhtWBYIIHCd5dN16Y,2.001442,5.531280000000001,2.997019
151500,a2JJDid759RYBNLdQjknGV2qhRXPAlpcYYYaf5dG+CMw0+jFhtWBYIIHCd5dN16Y,0.5349510000000001,10.526843,3.29375
151800,a2JJDid759RYBNLdQjknGV2qhRXPAlpcYYYaf5dG+CMw0+jFhtWBYIIHCd5dN16Y,1.736911,6.037748000000001,3.361162
152100,a2JJDid759RYBNLdQjknGV2qhRXPAlpcYYYaf5dG+CMw0+jFhtWBYIIHCd5dN16Y,0.99441,4.21207,2.552649
152400,a2JJDid759RYBNLdQjknGV2qhRXPAlpcYYYaf5dG+CMw0+jFhtWBYIIHCd5dN16Y,1.638287,4.939216,2.9244830000000004
152700,a2JJDid759RYBNLdQjknGV2qhRXPAlpcYYYaf5dG+CMw0+jFhtWBYIIHCd5dN16Y,1.817268,6.565157000000001,3.1546689999999997
153000,a2JJDid759RYBNLdQjknGV2qhRXPAlpcYYYaf5dG+CMw0+jFhtWBYIIHCd5dN16Y,1.4935200000000002,5.093918,2.8458080000000003
153300,a2JJDid759RYBNLdQjknGV2qhRXPAlpcYYYaf5dG+CMw0+jFhtWBYIIHCd5dN16Y,1.8795580000000003,5.293804,3.034166
153600,a2JJDid759RYBNLdQjknGV2qhRXPAlpcYYYaf5dG+CMw0+jFhtWBYIIHCd5dN16Y,2.030358,6.139344,3.4604980000000003
153900,a2JJDid759RYBNLdQjknGV2qhRXPAlpcYYYaf5dG+CMw0+jFhtWBYIIHCd5dN16Y,1.598768,5.368848000000001,2.8469450000000003
154200,a2JJDid759RYBNLdQjknGV2qhRXPAlpcYYYaf5dG+CMw0+jFhtWBYIIHCd5dN16Y,0.878923,5.02304,2.729221
154500,a2JJDid759RYBNLdQjknGV2qhRXPAlpcYYYaf5dG+CMw0+jFhtWBYIIHCd5dN16Y,1.9118439999999999,5.802385,3.1644229999999998
154800,a2JJDid759RYBNLdQjknGV2qhRXPAlpcYYYaf5dG+CMw0+jFhtWBYIIHCd5dN16Y,1.020102,4.475048999999999,2.800581
155100,a2JJDid759RYBNLdQjknGV2qhRXPAlpcYYYaf5dG+CMw0+jFhtWBYIIHCd5dN16Y,1.0292540000000001,15.710770000000002,3.8962809999999997
155400,a2JJDid759RYBNLdQjknGV2qhRXPAlpcYYYaf5dG+CMw0+jFhtWBYIIHCd5dN16Y,1.637137,4.3916010000000005,2.775458
155700,a2JJDid759RYBNLdQjknGV2qhRXPAlpcYYYaf5dG+CMw0+jFhtWBYIIHCd5dN16Y,1.0958709999999998,5.159825,2.556491
156000,a2JJDid759RYBNLdQjknGV2qhRXPAlpcYYYaf5dG+CMw0+jFhtWBYIIHCd5dN16Y,1.69259,4.4958,2.868204
156300,a2JJDid759RYBNLdQjknGV2qhRXPAlpcYYYaf5dG+CMw0+jFhtWBYIIHCd5dN16Y,1.4822950000000001,4.5188440000000005,2.62663
156600,a2JJDid759RYBNLdQjknGV2qhRXPAlpcYYYaf5dG+CMw0+jFhtWBYIIHCd5dN16Y,1.772266,4.827129,2.938425
156900,a2JJDid759RYBNLdQjknGV2qhRXPAlpcYYYaf5dG+CMw0+jFhtWBYIIHCd5dN16Y,1.3070030000000001,5.54068,2.6692810000000002
157200,a2JJDid759RYBNLdQjknGV2qhRXPAlpcYYYaf5dG+CMw0+jFhtWBYIIHCd5dN16Y,1.8910900000000002,4.581647,2.930659
157500,a2JJDid759RYBNLdQjknGV2qhRXPAlpcYYYaf5dG+CMw0+jFhtWBYIIHCd5dN16Y,0.9446450000000001,3.221725,2.5346849999999996
157800,a2JJDid759RYBNLdQjknGV2qhRXPAlpcYYYaf5dG+CMw0+jFhtWBYIIHCd5dN16Y,1.163554,5.21939,2.778963
158100,a2JJDid759RYBNLdQjknGV2qhRXPAlpcYYYaf5dG+CMw0+jFhtWBYIIHCd5dN16Y,1.674855,5.425751999999999,2.7138400000000003
158400,a2JJDid759RYBNLdQjknGV2qhRXPAlpcYYYaf5dG+CMw0+jFhtWBYIIHCd5dN16Y,0.8251059999999999,4.254361,2.4547689999999998
158700,a2JJDid759RYBNLdQjknGV2qhRXPAlpcYYYaf5dG+CMw0+jFhtWBYIIHCd5dN16Y,2.009523,15.044031,3.8659510000000004
159000,a2JJDid759RYBNLdQjknGV2qhRXPAlpcYYYaf5dG+CMw0+jFhtWBYIIHCd5dN16Y,1.518432,4.602249,2.794317
159300,a2JJDid759RYBNLdQjknGV2qhRXPAlpcYYYaf5dG+CMw0+jFhtWBYIIHCd5dN16Y,1.720425,4.592359,2.688834
159600,a2JJDid759RYBNLdQjknGV2qhRXPAlpcYYYaf5dG+CMw0+jFhtWBYIIHCd5dN16Y,1.030036,8.466547,3.1137189999999997
159900,a2JJDid759RYBNLdQjknGV2qhRXPAlpcYYYaf5dG+CMw0+jFhtWBYIIHCd5dN16Y,1.616547,4.23688,2.765751
160200,a2JJDid759RYBNLdQjknGV2qhRXPAlpcYYYaf5dG+CMw0+jFhtWBYIIHCd5dN16Y,0.909308,3.9806209999999997,2.4029380000000002
160500,a2JJDid759RYBNLdQjknGV2qhRXPAlpcYYYaf5dG+CMw0+jFhtWBYIIHCd5dN16Y,0.502104,5.240218,2.460888
160800,a2JJDid759RYBNLdQjknGV2qhRXPAlpcYYYaf5dG+CMw0+jFhtWBYIIHCd5dN16Y,1.8479720000000002,4.573216,2.950948
161100,a2JJDid759RYBNLdQjknGV2qhRXPAlpcYYYaf5dG+CMw0+jFhtWBYIIHCd5dN16Y,0.640934,4.71429,2.320806
161400,a2JJDid759RYBNLdQjknGV2qhRXPAlpcYYYaf5dG+CMw0+jFhtWBYIIHCd5dN16Y,1.667541,4.694744,2.8356060000000003
161700,a2JJDid759RYBNLdQjknGV2qhRXPAlpcYYYaf5dG+CMw0+jFhtWBYIIHCd5dN16Y,0.82776,4.43387,2.599754
162000,a2JJDid759RYBNLdQjknGV2qhRXPAlpcYYYaf5dG+CMw0+jFhtWBYIIHCd5dN16Y,2.0682669999999996,5.546973,2.9560169999999997
162300,a2JJDid759RYBNLdQjknGV2qhRXPAlpcYYYaf5dG+CMw0+jFhtWBYIIHCd5dN16Y,2.471607,38.705853000000005,6.315939
162600,a2JJDid759RYBNLdQjknGV2qhRXPAlpcYYYaf5dG+CMw0+jFhtWBYIIHCd5dN16Y,1.878744,5.4546339999999995,3.184646
162900,a2JJDid759RYBNLdQjknGV2qhRXPAlpcYYYaf5dG+CMw0+jFhtWBYIIHCd5dN16Y,1.237147,3.206375,2.5004150000000003
163200,a2JJDid759RYBNLdQjknGV2qhRXPAlpcYYYaf5dG+CMw0+jFhtWBYIIHCd5dN16Y,0.7974140000000001,4.480188,2.704503
163500,a2JJDid759RYBNLdQjknGV2qhRXPAlpcYYYaf5dG+CMw0+jFhtWBYIIHCd5dN16Y,1.7999330000000002,3.712076,2.530071
163800,a2JJDid759RYBNLdQjknGV2qhRXPAlpcYYYaf5dG+CMw0+jFhtWBYIIHCd5dN16Y,1.8396599999999999,4.161434,2.4591119999999997
164100,a2JJDid759RYBNLdQjknGV2qhRXPAlpcYYYaf5dG+CMw0+jFhtWBYIIHCd5dN16Y,1.621491,3.9271580000000004,2.486226
164400,a2JJDid759RYBNLdQjknGV2qhRXPAlpcYYYaf5dG+CMw0+jFhtWBYIIHCd5dN16Y,0.42795500000000003,4.063458,2.824178
164700,a2JJDid759RYBNLdQjknGV2qhRXPAlpcYYYaf5dG+CMw0+jFhtWBYIIHCd5dN16Y,1.772211,5.72888,2.853663
165000,a2JJDid759RYBNLdQjknGV2qhRXPAlpcYYYaf5dG+CMw0+jFhtWBYIIHCd5dN16Y,0.491044,4.556044,2.589023
165300,a2JJDid759RYBNLdQjknGV2qhRXPAlpcYYYaf5dG+CMw0+jFhtWBYIIHCd5dN16Y,1.870827,5.1009199999999995,2.884016
165600,a2JJDid759RYBNLdQjknGV2qhRXPAlpcYYYaf5dG+CMw0+jFhtWBYIIHCd5dN16Y,0.802131,4.646755000000001,2.8375169999999996
165900,a2JJDid759RYBNLdQjknGV2qhRXPAlpcYYYaf5dG+CMw0+jFhtWBYIIHCd5dN16Y,0.791287,15.300586,3.778035
166200,a2JJDid759RYBNLdQjknGV2qhRXPAlpcYYYaf5dG+CMw0+jFhtWBYIIHCd5dN16Y,1.692518,5.173874,3.149393
166500,a2JJDid759RYBNLdQjknGV2qhRXPAlpcYYYaf5dG+CMw0+jFhtWBYIIHCd5dN16Y,0.464484,5.086633,2.4971360000000002
166800,a2JJDid759RYBNLdQjknGV2qhRXPAlpcYYYaf5dG+CMw0+jFhtWBYIIHCd5dN16Y,1.678421,4.049136,2.678169
167100,a2JJDid759RYBNLdQjknGV2qhRXPAlpcYYYaf5dG+CMw0+jFhtWBYIIHCd5dN16Y,1.091906,5.30081,2.640894
167400,a2JJDid759RYBNLdQjknGV2qhRXPAlpcYYYaf5dG+CMw0+jFhtWBYIIHCd5dN16Y,1.908134,5.797662,2.928433
167700,a2JJDid759RYBNLdQjknGV2qhRXPAlpcYYYaf5dG+CMw0+jFhtWBYIIHCd5dN16Y,0.481979,4.604664,2.5225009999999997
168000,a2JJDid759RYBNLdQjknGV2qhRXPAlpcYYYaf5dG+CMw0+jFhtWBYIIHCd5dN16Y,1.6479009999999998,4.746794,2.834653
168300,a2JJDid759RYBNLdQjknGV2qhRXPAlpcYYYaf5dG+CMw0+jFhtWBYIIHCd5dN16Y,1.3851069999999999,5.453142,2.806082
168600,a2JJDid759RYBNLdQjknGV2qhRXPAlpcYYYaf5dG+CMw0+jFhtWBYIIHCd5dN16Y,0.699774,4.93917,2.7039720000000003
168900,a2JJDid759RYBNLdQjknGV2qhRXPAlpcYYYaf5dG+CMw0+jFhtWBYIIHCd5dN16Y,1.435813,4.553162,2.824125
169200,a2JJDid759RYBNLdQjknGV2qhRXPAlpcYYYaf5dG+CMw0+jFhtWBYIIHCd5dN16Y,1.924363,5.127778,2.827043
169500,a2JJDid759RYBNLdQjknGV2qhRXPAlpcYYYaf5dG+CMw0+jFhtWBYIIHCd5dN16Y,1.890585,14.534056,3.6113800000000005
169800,a2JJDid759RYBNLdQjknGV2qhRXPAlpcYYYaf5dG+CMw0+jFhtWBYIIHCd5dN16Y,0.770828,4.366626,2.33964
170100,a2JJDid759RYBNLdQjknGV2qhRXPAlpcYYYaf5dG+CMw0+jFhtWBYIIHCd5dN16Y,1.9654470000000002,5.306249,2.834178
170400,a2JJDid759RYBNLdQjknGV2qhRXPAlpcYYYaf5dG+CMw0+jFhtWBYIIHCd5dN16Y,1.880785,6.841228999999999,3.505686
170700,a2JJDid759RYBNLdQjknGV2qhRXPAlpcYYYaf5dG+CMw0+jFhtWBYIIHCd5dN16Y,2.020526,5.149007,3.1888810000000003
171000,a2JJDid759RYBNLdQjknGV2qhRXPAlpcYYYaf5dG+CMw0+jFhtWBYIIHCd5dN16Y,0.803682,3.8637410000000005,2.898042
171300,a2JJDid759RYBNLdQjknGV2qhRXPAlpcYYYaf5dG+CMw0+jFhtWBYIIHCd5dN16Y,0.46514300000000003,4.665906,2.276594
171600,a2JJDid759RYBNLdQjknGV2qhRXPAlpcYYYaf5dG+CMw0+jFhtWBYIIHCd5dN16Y,1.857916,4.565921,2.979911
171900,a2JJDid759RYBNLdQjknGV2qhRXPAlpcYYYaf5dG+CMw0+jFhtWBYIIHCd5dN16Y,0.557882,4.973895,2.688773
172200,a2JJDid759RYBNLdQjknGV2qhRXPAlpcYYYaf5dG+CMw0+jFhtWBYIIHCd5dN16Y,1.859736,6.232138,3.144673
172500,a2JJDid759RYBNLdQjknGV2qhRXPAlpcYYYaf5dG+CMw0+jFhtWBYIIHCd5dN16Y,1.6782110000000001,7.5539,3.3633629999999997
172800,a2JJDid759RYBNLdQjknGV2qhRXPAlpcYYYaf5dG+CMw0+jFhtWBYIIHCd5dN16Y,1.997643,5.523346,3.322171
173100,a2JJDid759RYBNLdQjknGV2qhRXPAlpcYYYaf5dG+CMw0+jFhtWBYIIHCd5dN16Y,1.9716509999999998,9.831748,4.561922
173400,a2JJDid759RYBNLdQjknGV2qhRXPAlpcYYYaf5dG+CMw0+jFhtWBYIIHCd5dN16Y,1.759471,5.259779,3.010837
173700,a2JJDid759RYBNLdQjknGV2qhRXPAlpcYYYaf5dG+CMw0+jFhtWBYIIHCd5dN16Y,1.052293,4.023023,2.6286560000000003
174000,a2JJDid759RYBNLdQjknGV2qhRXPAlpcYYYaf5dG+CMw0+jFhtWBYIIHCd5dN16Y,0.8923530000000001,4.976354,2.71747
174300,a2JJDid759RYBNLdQjknGV2qhRXPAlpcYYYaf5dG+CMw0+jFhtWBYIIHCd5dN16Y,1.318539,4.83021,2.868416
174600,a2JJDid759RYBNLdQjknGV2qhRXPAlpcYYYaf5dG+CMw0+jFhtWBYIIHCd5dN16Y,0.9357139999999999,5.4208110000000005,2.8880209999999997
174900,a2JJDid759RYBNLdQjknGV2qhRXPAlpcYYYaf5dG+CMw0+jFhtWBYIIHCd5dN16Y,2.097532,5.526793,2.88778
175200,a2JJDid759RYBNLdQjknGV2qhRXPAlpcYYYaf5dG+CMw0+jFhtWBYIIHCd5dN16Y,0.620328,4.610367,2.9195889999999998
175500,a2JJDid759RYBNLdQjknGV2qhRXPAlpcYYYaf5dG+CMw0+jFhtWBYIIHCd5dN16Y,2.308132,5.264983,2.87285
175800,a2JJDid759RYBNLdQjknGV2qhRXPAlpcYYYaf5dG+CMw0+jFhtWBYIIHCd5dN16Y,0.9140309999999999,5.188482,2.865901
176100,a2JJDid759RYBNLdQjknGV2qhRXPAlpcYYYaf5dG+CMw0+jFhtWBYIIHCd5dN16Y,1.856473,4.609065,2.7345450000000002
176400,a2JJDid759RYBNLdQjknGV2qhRXPAlpcYYYaf5dG+CMw0+jFhtWBYIIHCd5dN16Y,2.093594,3.451571,2.768021
176700,a2JJDid759RYBNLdQjknGV2qhRXPAlpcYYYaf5dG+CMw0+jFhtWBYIIHCd5dN16Y,0.49895600000000007,16.465359,3.423554
177000,a2JJDid759RYBNLdQjknGV2qhRXPAlpcYYYaf5dG+CMw0+jFhtWBYIIHCd5dN16Y,1.7816049999999999,4.579798,2.909811
177300,a2JJDid759RYBNLdQjknGV2qhRXPAlpcYYYaf5dG+CMw0+jFhtWBYIIHCd5dN16Y,0.504827,4.3492370000000005,2.76158
177600,a2JJDid759RYBNLdQjknGV2qhRXPAlpcYYYaf5dG+CMw0+jFhtWBYIIHCd5dN16Y,2.0006459999999997,5.034744,2.9972659999999998
177900,a2JJDid759RYBNLdQjknGV2qhRXPAlpcYYYaf5dG+CMw0+jFhtWBYIIHCd5dN16Y,0.574527,4.491904,2.6514450000000003
178200,a2JJDid759RYBNLdQjknGV2qhRXPAlpcYYYaf5dG+CMw0+jFhtWBYIIHCd5dN16Y,2.0413509999999997,4.536194999999999,2.9823169999999997
178500,a2JJDid759RYBNLdQjknGV2qhRXPAlpcYYYaf5dG+CMw0+jFhtWBYIIHCd5dN16Y,0.419842,4.830393,2.553769
178800,a2JJDid759RYBNLdQjknGV2qhRXPAlpcYYYaf5dG+CMw0+jFhtWBYIIHCd5dN16Y,1.9510310000000002,4.5088610000000005,2.810228
179100,a2JJDid759RYBNLdQjknGV2qhRXPAlpcYYYaf5dG+CMw0+jFhtWBYIIHCd5dN16Y,0.9527370000000001,3.177341,2.245664
179400,a2JJDid759RYBNLdQjknGV2qhRXPAlpcYYYaf5dG+CMw0+jFhtWBYIIHCd5dN16Y,0.605697,4.863361,2.7160599999999997
179700,a2JJDid759RYBNLdQjknGV2qhRXPAlpcYYYaf5dG+CMw0+jFhtWBYIIHCd5dN16Y,1.784228,30.526466999999997,5.4557139999999995
180000,a2JJDid759RYBNLdQjknGV2qhRXPAlpcYYYaf5dG+CMw0+jFhtWBYIIHCd5dN16Y,2.09374,4.822238,2.94082
180300,a2JJDid759RYBNLdQjknGV2qhRXPAlpcYYYaf5dG+CMw0+jFhtWBYIIHCd5dN16Y,2.156097,14.872642,3.893526
180600,a2JJDid759RYBNLdQjknGV2qhRXPAlpcYYYaf5dG+CMw0+jFhtWBYIIHCd5dN16Y,0.431533,4.154033,2.994749
180900,a2JJDid759RYBNLdQjknGV2qhRXPAlpcYYYaf5dG+CMw0+jFhtWBYIIHCd5dN16Y,2.1279369999999997,5.716627,3.107806
181200,a2JJDid759RYBNLdQjknGV2qhRXPAlpcYYYaf5dG+CMw0+jFhtWBYIIHCd5dN16Y,0.34425700000000004,5.129854,2.894591
181500,a2JJDid759RYBNLdQjknGV2qhRXPAlpcYYYaf5dG+CMw0+jFhtWBYIIHCd5dN16Y,1.872366,5.084236,2.928625
181800,a2JJDid759RYBNLdQjknGV2qhRXPAlpcYYYaf5dG+CMw0+jFhtWBYIIHCd5dN16Y,1.204712,4.5126919999999995,2.851326
182100,a2JJDid759RYBNLdQjknGV2qhRXPAlpcYYYaf5dG+CMw0+jFhtWBYIIHCd5dN16Y,2.1239369999999997,4.788355,2.744263
182400,a2JJDid759RYBNLdQjknGV2qhRXPAlpcYYYaf5dG+CMw0+jFhtWBYIIHCd5dN16Y,0.592813,4.261829,2.962369
182700,a2JJDid759RYBNLdQjknGV2qhRXPAlpcYYYaf5dG+CMw0+jFhtWBYIIHCd5dN16Y,0.867976,4.1332510000000005,2.942085
183000,a2JJDid759RYBNLdQjknGV2qhRXPAlpcYYYaf5dG+CMw0+jFhtWBYIIHCd5dN16Y,2.3185189999999998,4.134264,3.043894
183300,a2JJDid759RYBNLdQjknGV2qhRXPAlpcYYYaf5dG+CMw0+jFhtWBYIIHCd5dN16Y,0.675942,4.6847449999999995,2.7846900000000003
183600,a2JJDid759RYBNLdQjknGV2qhRXPAlpcYYYaf5dG+CMw0+jFhtWBYIIHCd5dN16Y,2.202322,4.815055999999999,3.027097
183900,a2JJDid759RYBNLdQjknGV2qhRXPAlpcYYYaf5dG+CMw0+jFhtWBYIIHCd5dN16Y,2.040166,8.872330999999999,4.123765000000001
184200,a2JJDid759RYBNLdQjknGV2qhRXPAlpcYYYaf5dG+CMw0+jFhtWBYIIHCd5dN16Y,2.2346470000000003,4.3823360000000005,3.16417
184500,a2JJDid759RYBNLdQjknGV2qhRXPAlpcYYYaf5dG+CMw0+jFhtWBYIIHCd5dN16Y,1.8957580000000003,5.089771,2.9505529999999998
184800,a2JJDid759RYBNLdQjknGV2qhRXPAlpcYYYaf5dG+CMw0+jFhtWBYIIHCd5dN16Y,1.692775,4.035879,2.952717
185100,a2JJDid759RYBNLdQjknGV2qhRXPAlpcYYYaf5dG+CMw0+jFhtWBYIIHCd5dN16Y,0.80852,4.376322,2.7790939999999997
185400,a2JJDid759RYBNLdQjknGV2qhRXPAlpcYYYaf5dG+CMw0+jFhtWBYIIHCd5dN16Y,2.200858,7.330622,3.220075
185700,a2JJDid759RYBNLdQjknGV2qhRXPAlpcYYYaf5dG+CMw0+jFhtWBYIIHCd5dN16Y,2.3044830000000003,4.998133,3.001572
186000,a2JJDid759RYBNLdQjknGV2qhRXPAlpcYYYaf5dG+CMw0+jFhtWBYIIHCd5dN16Y,2.393343,4.909982,3.1873080000000003
186300,a2JJDid759RYBNLdQjknGV2qhRXPAlpcYYYaf5dG+CMw0+jFhtWBYIIHCd5dN16Y,2.298453,4.615533999999999,2.955981
186600,a2JJDid759RYBNLdQjknGV2qhRXPAlpcYYYaf5dG+CMw0+jFhtWBYIIHCd5dN16Y,0.991693,5.01781,3.0735770000000002
186900,a2JJDid759RYBNLdQjknGV2qhRXPAlpcYYYaf5dG+CMw0+jFhtWBYIIHCd5dN16Y,2.024746,4.238745,2.903101
187200,a2JJDid759RYBNLdQjknGV2qhRXPAlpcYYYaf5dG+CMw0+jFhtWBYIIHCd5dN16Y,1.430919,4.127981,2.794321
187500,a2JJDid759RYBNLdQjknGV2qhRXPAlpcYYYaf5dG+CMw0+jFhtWBYIIHCd5dN16Y,1.9532939999999999,15.371960000000001,3.8495699999999995
187800,a2JJDid759RYBNLdQjknGV2qhRXPAlpcYYYaf5dG+CMw0+jFhtWBYIIHCd5dN16Y,2.321702,4.339059,3.040151
188100,a2JJDid759RYBNLdQjknGV2qhRXPAlpcYYYaf5dG+CMw0+jFhtWBYIIHCd5dN16Y,0.874448,3.669233,2.6705080000000003
188400,a2JJDid759RYBNLdQjknGV2qhRXPAlpcYYYaf5dG+CMw0+jFhtWBYIIHCd5dN16Y,2.406577,4.6366510000000005,3.159401
188700,a2JJDid759RYBNLdQjknGV2qhRXPAlpcYYYaf5dG+CMw0+jFhtWBYIIHCd5dN16Y,0.32610900000000004,4.207668,2.701878
189000,a2JJDid759RYBNLdQjknGV2qhRXPAlpcYYYaf5dG+CMw0+jFhtWBYIIHCd5dN16Y,1.862357,4.273598000000001,2.80923
189300,a2JJDid759RYBNLdQjknGV2qhRXPAlpcYYYaf5dG+CMw0+jFhtWBYIIHCd5dN16Y,0.334177,4.184069,2.5288169999999996
189600,a2JJDid759RYBNLdQjknGV2qhRXPAlpcYYYaf5dG+CMw0+jFhtWBYIIHCd5dN16Y,2.4179150000000003,4.296354,3.01253
189900,a2JJDid759RYBNLdQjknGV2qhRXPAlpcYYYaf5dG+CMw0+jFhtWBYIIHCd5dN16Y,0.6890539999999999,5.115379,3.049713
190200,a2JJDid759RYBNLdQjknGV2qhRXPAlpcYYYaf5dG+CMw0+jFhtWBYIIHCd5dN16Y,2.213094,4.629035,3.1153009999999997
190500,a2JJDid759RYBNLdQjknGV2qhRXPAlpcYYYaf5dG+CMw0+jFhtWBYIIHCd5dN16Y,0.40529,5.006835,2.822737
190800,a2JJDid759RYBNLdQjknGV2qhRXPAlpcYYYaf5dG+CMw0+jFhtWBYIIHCd5dN16Y,0.666797,4.673743,2.87843
191100,a2JJDid759RYBNLdQjknGV2qhRXPAlpcYYYaf5dG+CMw0+jFhtWBYIIHCd5dN16Y,2.41173,20.457832999999997,5.528776000000001
191400,a2JJDid759RYBNLdQjknGV2qhRXPAlpcYYYaf5dG+CMw0+jFhtWBYIIHCd5dN16Y,0.407909,5.240104,2.9272169999999997
191700,a2JJDid759RYBNLdQjknGV2qhRXPAlpcYYYaf5dG+CMw0+jFhtWBYIIHCd5dN16Y,2.339483,4.6175559999999995,3.247374
192000,a2JJDid759RYBNLdQjknGV2qhRXPAlpcYYYaf5dG+CMw0+jFhtWBYIIHCd5dN16Y,0.34065,4.4080010000000005,2.781024
192300,a2JJDid759RYBNLdQjknGV2qhRXPAlpcYYYaf5dG+CMw0+jFhtWBYIIHCd5dN16Y,1.594627,5.10441,2.95566
192600,a2JJDid759RYBNLdQjknGV2qhRXPAlpcYYYaf5dG+CMw0+jFhtWBYIIHCd5dN16Y,0.739795,5.133247,3.086005
192900,a2JJDid759RYBNLdQjknGV2qhRXPAlpcYYYaf5dG+CMw0+jFhtWBYIIHCd5dN16Y,1.96712,4.103899,2.9597740000000003
193200,a2JJDid759RYBNLdQjknGV2qhRXPAlpcYYYaf5dG+CMw0+jFhtWBYIIHCd5dN16Y,0.396597,4.029153,2.9885990000000002
193500,a2JJDid759RYBNLdQjknGV2qhRXPAlpcYYYaf5dG+CMw0+jFhtWBYIIHCd5dN16Y,0.910457,3.95375,2.817828
193800,a2JJDid759RYBNLdQjknGV2qhRXPAlpcYYYaf5dG+CMw0+jFhtWBYIIHCd5dN16Y,1.833031,4.487883999999999,2.97258
194100,a2JJDid759RYBNLdQjknGV2qhRXPAlpcYYYaf5dG+CMw0+jFhtWBYIIHCd5dN16Y,0.818146,4.1942129999999995,2.690332
194400,a2JJDid759RYBNLdQjknGV2qhRXPAlpcYYYaf5dG+CMw0+jFhtWBYIIHCd5dN16Y,2.466648,4.034459,2.9501459999999997
194700,a2JJDid759RYBNLdQjknGV2qhRXPAlpcYYYaf5dG+CMw0+jFhtWBYIIHCd5dN16Y,2.567125,13.513792,4.336279
195000,a2JJDid759RYBNLdQjknGV2qhRXPAlpcYYYaf5dG+CMw0+jFhtWBYIIHCd5dN16Y,2.0906849999999997,5.108206,3.004772
195300,a2JJDid759RYBNLdQjknGV2qhRXPAlpcYYYaf5dG+CMw0+jFhtWBYIIHCd5dN16Y,1.679359,9.298658,3.460238
195600,a2JJDid759RYBNLdQjknGV2qhRXPAlpcYYYaf5dG+CMw0+jFhtWBYIIHCd5dN16Y,2.029424,4.998971,2.912296
195900,a2JJDid759RYBNLdQjknGV2qhRXPAlpcYYYaf5dG+CMw0+jFhtWBYIIHCd5dN16Y,0.42090500000000003,3.8252800000000002,2.496804
196200,a2JJDid759RYBNLdQjknGV2qhRXPAlpcYYYaf5dG+CMw0+jFhtWBYIIHCd5dN16Y,0.661628,4.113137999999999,2.260175
196500,a2JJDid759RYBNLdQjknGV2qhRXPAlpcYYYaf5dG+CMw0+jFhtWBYIIHCd5dN16Y,1.739745,5.1016010000000005,2.637634
196800,a2JJDid759RYBNLdQjknGV2qhRXPAlpcYYYaf5dG+CMw0+jFhtWBYIIHCd5dN16Y,0.503851,4.7896529999999995,2.4380189999999997
197100,a2JJDid759RYBNLdQjknGV2qhRXPAlpcYYYaf5dG+CMw0+jFhtWBYIIHCd5dN16Y,1.46148,4.190396,2.579781
197400,a2JJDid759RYBNLdQjknGV2qhRXPAlpcYYYaf5dG+CMw0+jFhtWBYIIHCd5dN16Y,0.534111,4.194793,2.487763
197700,a2JJDid759RYBNLdQjknGV2qhRXPAlpcYYYaf5dG+CMw0+jFhtWBYIIHCd5dN16Y,1.789193,4.3645629999999995,2.6135990000000002
198000,a2JJDid759RYBNLdQjknGV2qhRXPAlpcYYYaf5dG+CMw0+jFhtWBYIIHCd5dN16Y,2.028298,4.700817,2.829862
198300,a2JJDid759RYBNLdQjknGV2qhRXPAlpcYYYaf5dG+CMw0+jFhtWBYIIHCd5dN16Y,1.9968869999999999,15.498167,3.881614
198600,a2JJDid759RYBNLdQjknGV2qhRXPAlpcYYYaf5dG+CMw0+jFhtWBYIIHCd5dN16Y,0.576933,4.9877769999999995,2.896823
198900,a2JJDid759RYBNLdQjknGV2qhRXPAlpcYYYaf5dG+CMw0+jFhtWBYIIHCd5dN16Y,0.369533,4.31349,2.768944
199200,a2JJDid759RYBNLdQjknGV2qhRXPAlpcYYYaf5dG+CMw0+jFhtWBYIIHCd5dN16Y,2.0505430000000002,5.787636,2.9968779999999997
199500,a2JJDid759RYBNLdQjknGV2qhRXPAlpcYYYaf5dG+CMw0+jFhtWBYIIHCd5dN16Y,0.6269560000000001,4.1153129999999996,2.416462
199800,a2JJDid759RYBNLdQjknGV2qhRXPAlpcYYYaf5dG+CMw0+jFhtWBYIIHCd5dN16Y,1.738645,4.829251,2.764207
200100,a2JJDid759RYBNLdQjknGV2qhRXPAlpcYYYaf5dG+CMw0+jFhtWBYIIHCd5dN16Y,1.677211,6.655507000000001,2.947664
200400,a2JJDid759RYBNLdQjknGV2qhRXPAlpcYYYaf5dG+CMw0+jFhtWBYIIHCd5dN16Y,2.036064,3.7315650000000002,3.097871
200700,a2JJDid759RYBNLdQjknGV2qhRXPAlpcYYYaf5dG+CMw0+jFhtWBYIIHCd5dN16Y,0.806802,4.1695459999999995,2.868605
201000,a2JJDid759RYBNLdQjknGV2qhRXPAlpcYYYaf5dG+CMw0+jFhtWBYIIHCd5dN16Y,2.253735,4.871098,2.9197450000000003
201300,a2JJDid759RYBNLdQjknGV2qhRXPAlpcYYYaf5dG+CMw0+jFhtWBYIIHCd5dN16Y,0.44531000000000004,5.034713,2.354725
201600,a2JJDid759RYBNLdQjknGV2qhRXPAlpcYYYaf5dG+CMw0+jFhtWBYIIHCd5dN16Y,0.581055,4.622449,2.7804919999999997
201900,a2JJDid759RYBNLdQjknGV2qhRXPAlpcYYYaf5dG+CMw0+jFhtWBYIIHCd5dN16Y,1.885607,15.608585999999999,3.8634120000000003
202200,a2JJDid759RYBNLdQjknGV2qhRXPAlpcYYYaf5dG+CMw0+jFhtWBYIIHCd5dN16Y,0.678585,4.207585,2.860054
202500,a2JJDid759RYBNLdQjknGV2qhRXPAlpcYYYaf5dG+CMw0+jFhtWBYIIHCd5dN16Y,1.937285,5.286314,2.849982
202800,a2JJDid759RYBNLdQjknGV2qhRXPAlpcYYYaf5dG+CMw0+jFhtWBYIIHCd5dN16Y,0.5745439999999999,5.286033,2.705869
203100,a2JJDid759RYBNLdQjknGV2qhRXPAlpcYYYaf5dG+CMw0+jFhtWBYIIHCd5dN16Y,1.679555,4.697598,2.6895759999999997
203400,a2JJDid759RYBNLdQjknGV2qhRXPAlpcYYYaf5dG+CMw0+jFhtWBYIIHCd5dN16Y,1.625527,4.428393,2.719291
203700,a2JJDid759RYBNLdQjknGV2qhRXPAlpcYYYaf5dG+CMw0+jFhtWBYIIHCd5dN16Y,1.9254930000000001,4.792431,2.8471319999999998
204000,a2JJDid759RYBNLdQjknGV2qhRXPAlpcYYYaf5dG+CMw0+jFhtWBYIIHCd5dN16Y,2.035286,6.153665,3.395279
204300,a2JJDid759RYBNLdQjknGV2qhRXPAlpcYYYaf5dG+CMw0+jFhtWBYIIHCd5dN16Y,0.778414,4.045488,2.5884669999999996
204600,a2JJDid759RYBNLdQjknGV2qhRXPAlpcYYYaf5dG+CMw0+jFhtWBYIIHCd5dN16Y,1.568849,5.492438,2.800107
204900,a2JJDid759RYBNLdQjknGV2qhRXPAlpcYYYaf5dG+CMw0+jFhtWBYIIHCd5dN16Y,0.462113,4.130783,2.57693
205200,a2JJDid759RYBNLdQjknGV2qhRXPAlpcYYYaf5dG+CMw0+jFhtWBYIIHCd5dN16Y,1.8298,4.609494000000001,2.983581
205500,a2JJDid759RYBNLdQjknGV2qhRXPAlpcYYYaf5dG+CMw0+jFhtWBYIIHCd5dN16Y,0.5413279999999999,12.576825999999999,3.9143550000000005
205800,a2JJDid759RYBNLdQjknGV2qhRXPAlpcYYYaf5dG+CMw0+jFhtWBYIIHCd5dN16Y,1.6724259999999997,4.768009999999999,2.901945
206100,a2JJDid759RYBNLdQjknGV2qhRXPAlpcYYYaf5dG+CMw0+jFhtWBYIIHCd5dN16Y,0.775935,4.286943,2.547118
206400,a2JJDid759RYBNLdQjknGV2qhRXPAlpcYYYaf5dG+CMw0+jFhtWBYIIHCd5dN16Y,2.326781,5.033467,3.13502
206700,a2JJDid759RYBNLdQjknGV2qhRXPAlpcYYYaf5dG+CMw0+jFhtWBYIIHCd5dN16Y,0.6287050000000001,5.080878,3.185418
207000,a2JJDid759RYBNLdQjknGV2qhRXPAlpcYYYaf5dG+CMw0+jFhtWBYIIHCd5dN16Y,2.222316,6.9665669999999995,3.572114
207300,a2JJDid759RYBNLdQjknGV2qhRXPAlpcYYYaf5dG+CMw0+jFhtWBYIIHCd5dN16Y,2.109083,5.902439,2.9003759999999996
207600,a2JJDid759RYBNLdQjknGV2qhRXPAlpcYYYaf5dG+CMw0+jFhtWBYIIHCd5dN16Y,1.665198,9.554715,3.620475
207900,a2JJDid759RYBNLdQjknGV2qhRXPAlpcYYYaf5dG+CMw0+jFhtWBYIIHCd5dN16Y,2.4642310000000003,4.263703,3.178426
208200,a2JJDid759RYBNLdQjknGV2qhRXPAlpcYYYaf5dG+CMw0+jFhtWBYIIHCd5dN16Y,0.933557,32.186918,6.266046
208500,a2JJDid759RYBNLdQjknGV2qhRXPAlpcYYYaf5dG+CMw0+jFhtWBYIIHCd5dN16Y,2.19694,29.779090000000004,6.109907
208800,a2JJDid759RYBNLdQjknGV2qhRXPAlpcYYYaf5dG+CMw0+jFhtWBYIIHCd5dN16Y,0.641309,4.379181,3.01978
209100,a2JJDid759RYBNLdQjknGV2qhRXPAlpcYYYaf5dG+CMw0+jFhtWBYIIHCd5dN16Y,2.047803,14.317885,4.273651
209400,a2JJDid759RYBNLdQjknGV2qhRXPAlpcYYYaf5dG+CMw0+jFhtWBYIIHCd5dN16Y,0.377108,5.693155,3.035387
209700,a2JJDid759RYBNLdQjknGV2qhRXPAlpcYYYaf5dG+CMw0+jFhtWBYIIHCd5dN16Y,0.46933199999999997,4.25955,2.786915
210000,a2JJDid759RYBNLdQjknGV2qhRXPAlpcYYYaf5dG+CMw0+jFhtWBYIIHCd5dN16Y,2.069053,5.537475,3.144232
210300,a2JJDid759RYBNLdQjknGV2qhRXPAlpcYYYaf5dG+CMw0+jFhtWBYIIHCd5dN16Y,0.759409,4.70925,2.9174130000000003
210600,a2JJDid759RYBNLdQjknGV2qhRXPAlpcYYYaf5dG+CMw0+jFhtWBYIIHCd5dN16Y,2.241621,4.948568,3.038399
210900,a2JJDid759RYBNLdQjknGV2qhRXPAlpcYYYaf5dG+CMw0+jFhtWBYIIHCd5dN16Y,0.418519,4.875653,2.7100779999999998
211200,a2JJDid759RYBNLdQjknGV2qhRXPAlpcYYYaf5dG+CMw0+jFhtWBYIIHCd5dN16Y,2.3126599999999997,4.1837349999999995,3.196585
211500,a2JJDid759RYBNLdQjknGV2qhRXPAlpcYYYaf5dG+CMw0+jFhtWBYIIHCd5dN16Y,0.727526,5.345152,2.939826
211800,a2JJDid759RYBNLdQjknGV2qhRXPAlpcYYYaf5dG+CMw0+jFhtWBYIIHCd5dN16Y,1.852709,5.389953,2.9379869999999997
212100,a2JJDid759RYBNLdQjknGV2qhRXPAlpcYYYaf5dG+CMw0+jFhtWBYIIHCd5dN16Y,0.45106,3.857297,2.645205
212400,a2JJDid759RYBNLdQjknGV2qhRXPAlpcYYYaf5dG+CMw0+jFhtWBYIIHCd5dN16Y,0.941983,4.428325,2.991926
212700,a2JJDid759RYBNLdQjknGV2qhRXPAlpcYYYaf5dG+CMw0+jFhtWBYIIHCd5dN16Y,1.869895,16.565028,4.025241
213000,a2JJDid759RYBNLdQjknGV2qhRXPAlpcYYYaf5dG+CMw0+jFhtWBYIIHCd5dN16Y,0.9128860000000001,4.690538,2.837026
213300,a2JJDid759RYBNLdQjknGV2qhRXPAlpcYYYaf5dG+CMw0+jFhtWBYIIHCd5dN16Y,1.6461400000000002,5.1946650000000005,2.852606
213600,a2JJDid759RYBNLdQjknGV2qhRXPAlpcYYYaf5dG+CMw0+jFhtWBYIIHCd5dN16Y,0.927067,4.918615,2.89721
213900,a2JJDid759RYBNLdQjknGV2qhRXPAlpcYYYaf5dG+CMw0+jFhtWBYIIHCd5dN16Y,1.9213419999999999,4.725364,2.953968
214200,a2JJDid759RYBNLdQjknGV2qhRXPAlpcYYYaf5dG+CMw0+jFhtWBYIIHCd5dN16Y,2.1092020000000002,4.100176,3.005996
214500,a2JJDid759RYBNLdQjknGV2qhRXPAlpcYYYaf5dG+CMw0+jFhtWBYIIHCd5dN16Y,2.152108,5.1785879999999995,3.044879
214800,a2JJDid759RYBNLdQjknGV2qhRXPAlpcYYYaf5dG+CMw0+jFhtWBYIIHCd5dN16Y,0.769646,4.33865,2.957403
215100,a2JJDid759RYBNLdQjknGV2qhRXPAlpcYYYaf5dG+CMw0+jFhtWBYIIHCd5dN16Y,2.334071,4.460185,3.002624
215400,a2JJDid759RYBNLdQjknGV2qhRXPAlpcYYYaf5dG+CMw0+jFhtWBYIIHCd5dN16Y,1.900423,4.923922,3.273319
215700,a2JJDid759RYBNLdQjknGV2qhRXPAlpcYYYaf5dG+CMw0+jFhtWBYIIHCd5dN16Y,1.559928,4.345244999999999,2.9013
216000,a2JJDid759RYBNLdQjknGV2qhRXPAlpcYYYaf5dG+CMw0+jFhtWBYIIHCd5dN16Y,2.336781,4.586214,3.443121
216300,a2JJDid759RYBNLdQjknGV2qhRXPAlpcYYYaf5dG+CMw0+jFhtWBYIIHCd5dN16Y,0.6345029999999999,14.260606,3.94445
216600,a2JJDid759RYBNLdQjknGV2qhRXPAlpcYYYaf5dG+CMw0+jFhtWBYIIHCd5dN16Y,2.36083,4.454378,3.099838
216900,a2JJDid759RYBNLdQjknGV2qhRXPAlpcYYYaf5dG+CMw0+jFhtWBYIIHCd5dN16Y,1.3722889999999999,5.5510980000000005,3.1708979999999998
217200,a2JJDid759RYBNLdQjknGV2qhRXPAlpcYYYaf5dG+CMw0+jFhtWBYIIHCd5dN16Y,1.8930759999999998,4.667372,3.227113
217500,a2JJDid759RYBNLdQjknGV2qhRXPAlpcYYYaf5dG+CMw0+jFhtWBYIIHCd5dN16Y,0.7604380000000001,3.110582,2.406198
217800,a2JJDid759RYBNLdQjknGV2qhRXPAlpcYYYaf5dG+CMw0+jFhtWBYIIHCd5dN16Y,0.818712,3.451949,2.589426
218100,a2JJDid759RYBNLdQjknGV2qhRXPAlpcYYYaf5dG+CMw0+jFhtWBYIIHCd5dN16Y,2.113412,4.633506,2.694397
218400,a2JJDid759RYBNLdQjknGV2qhRXPAlpcYYYaf5dG+CMw0+jFhtWBYIIHCd5dN16Y,0.973291,3.9461510000000004,2.7633509999999997
218700,a2JJDid759RYBNLdQjknGV2qhRXPAlpcYYYaf5dG+CMw0+jFhtWBYIIHCd5dN16Y,2.3138349999999996,5.164549,2.999499
219000,a2JJDid759RYBNLdQjknGV2qhRXPAlpcYYYaf5dG+CMw0+jFhtWBYIIHCd5dN16Y,1.204274,4.312195,2.982891
219300,a2JJDid759RYBNLdQjknGV2qhRXPAlpcYYYaf5dG+CMw0+jFhtWBYIIHCd5dN16Y,1.594164,5.044029,2.895346
219600,a2JJDid759RYBNLdQjknGV2qhRXPAlpcYYYaf5dG+CMw0+jFhtWBYIIHCd5dN16Y,1.4497659999999999,5.203366,2.930859
219900,a2JJDid759RYBNLdQjknGV2qhRXPAlpcYYYaf5dG+CMw0+jFhtWBYIIHCd5dN16Y,1.6529509999999998,15.644404999999999,3.899807
220200,a2JJDid759RYBNLdQjknGV2qhRXPAlpcYYYaf5dG+CMw0+jFhtWBYIIHCd5dN16Y,0.776251,3.9239050000000004,2.699113
220500,a2JJDid759RYBNLdQjknGV2qhRXPAlpcYYYaf5dG+CMw0+jFhtWBYIIHCd5dN16Y,0.643364,4.002299,2.9339180000000002
220800,a2JJDid759RYBNLdQjknGV2qhRXPAlpcYYYaf5dG+CMw0+jFhtWBYIIHCd5dN16Y,1.9327400000000001,4.862951,3.167363
221100,a2JJDid759RYBNLdQjknGV2qhRXPAlpcYYYaf5dG+CMw0+jFhtWBYIIHCd5dN16Y,0.6079979999999999,4.42299,2.963978
221400,a2JJDid759RYBNLdQjknGV2qhRXPAlpcYYYaf5dG+CMw0+jFhtWBYIIHCd5dN16Y,1.597885,5.2784260000000005,3.190718
221700,a2JJDid759RYBNLdQjknGV2qhRXPAlpcYYYaf5dG+CMw0+jFhtWBYIIHCd5dN16Y,1.025725,4.289981,3.036607
222000,a2JJDid759RYBNLdQjknGV2qhRXPAlpcYYYaf5dG+CMw0+jFhtWBYIIHCd5dN16Y,2.516839,4.211796,3.350569
222300,a2JJDid759RYBNLdQjknGV2qhRXPAlpcYYYaf5dG+CMw0+jFhtWBYIIHCd5dN16Y,0.766884,4.783309,3.303147
222600,a2JJDid759RYBNLdQjknGV2qhRXPAlpcYYYaf5dG+CMw0+jFhtWBYIIHCd5dN16Y,2.467223,5.568302,3.527318
222900,a2JJDid759RYBNLdQjknGV2qhRXPAlpcYYYaf5dG+CMw0+jFhtWBYIIHCd5dN16Y,0.44213199999999997,3.916129,2.808385
223200,a2JJDid759RYBNLdQjknGV2qhRXPAlpcYYYaf5dG+CMw0+jFhtWBYIIHCd5dN16Y,1.2996889999999999,4.498646,3.523572
223500,a2JJDid759RYBNLdQjknGV2qhRXPAlpcYYYaf5dG+CMw0+jFhtWBYIIHCd5dN16Y,2.519961,14.126116,4.261351
223800,a2JJDid759RYBNLdQjknGV2qhRXPAlpcYYYaf5dG+CMw0+jFhtWBYIIHCd5dN16Y,0.361844,4.910457,3.0938
224100,a2JJDid759RYBNLdQjknGV2qhRXPAlpcYYYaf5dG+CMw0+jFhtWBYIIHCd5dN16Y,2.600695,6.131814,3.542934
224400,a2JJDid759RYBNLdQjknGV2qhRXPAlpcYYYaf5dG+CMw0+jFhtWBYIIHCd5dN16Y,0.704762,6.077269,3.162943
224700,a2JJDid759RYBNLdQjknGV2qhRXPAlpcYYYaf5dG+CMw0+jFhtWBYIIHCd5dN16Y,2.333086,5.677169,3.065677
225000,a2JJDid759RYBNLdQjknGV2qhRXPAlpcYYYaf5dG+CMw0+jFhtWBYIIHCd5dN16Y,0.826509,5.916025,3.414052
225300,a2JJDid759RYBNLdQjknGV2qhRXPAlpcYYYaf5dG+CMw0+jFhtWBYIIHCd5dN16Y,2.720302,5.67486,3.763494
225600,a2JJDid759RYBNLdQjknGV2qhRXPAlpcYYYaf5dG+CMw0+jFhtWBYIIHCd5dN16Y,0.41103100000000004,4.465389,3.086747
225900,a2JJDid759RYBNLdQjknGV2qhRXPAlpcYYYaf5dG+CMw0+jFhtWBYIIHCd5dN16Y,2.093994,5.033705,3.252807
226200,a2JJDid759RYBNLdQjknGV2qhRXPAlpcYYYaf5dG+CMw0+jFhtWBYIIHCd5dN16Y,2.209181,5.755415,3.218738
226500,a2JJDid759RYBNLdQjknGV2qhRXPAlpcYYYaf5dG+CMw0+jFhtWBYIIHCd5dN16Y,1.125444,5.078189,2.9319029999999997
226800,a2JJDid759RYBNLdQjknGV2qhRXPAlpcYYYaf5dG+CMw0+jFhtWBYIIHCd5dN16Y,2.3284380000000002,4.764611,3.269819
227100,a2JJDid759RYBNLdQjknGV2qhRXPAlpcYYYaf5dG+CMw0+jFhtWBYIIHCd5dN16Y,1.15636,6.424056,3.160431
227400,a2JJDid759RYBNLdQjknGV2qhRXPAlpcYYYaf5dG+CMw0+jFhtWBYIIHCd5dN16Y,2.253006,13.99414,3.93652
227700,a2JJDid759RYBNLdQjknGV2qhRXPAlpcYYYaf5dG+CMw0+jFhtWBYIIHCd5dN16Y,1.619267,4.670758,3.291583
228000,a2JJDid759RYBNLdQjknGV2qhRXPAlpcYYYaf5dG+CMw0+jFhtWBYIIHCd5dN16Y,2.578763,4.196818,3.34825
228300,a2JJDid759RYBNLdQjknGV2qhRXPAlpcYYYaf5dG+CMw0+jFhtWBYIIHCd5dN16Y,1.334463,4.287175,2.934289
228600,a2JJDid759RYBNLdQjknGV2qhRXPAlpcYYYaf5dG+CMw0+jFhtWBYIIHCd5dN16Y,2.482423,5.04221,3.4640269999999997
228900,a2JJDid759RYBNLdQjknGV2qhRXPAlpcYYYaf5dG+CMw0+jFhtWBYIIHCd5dN16Y,1.9127830000000001,5.220764,3.211383
229200,a2JJDid759RYBNLdQjknGV2qhRXPAlpcYYYaf5dG+CMw0+jFhtWBYIIHCd5dN16Y,0.931149,4.526209,3.1286959999999997
229500,a2JJDid759RYBNLdQjknGV2qhRXPAlpcYYYaf5dG+CMw0+jFhtWBYIIHCd5dN16Y,1.814687,4.289123,3.112908
229800,a2JJDid759RYBNLdQjknGV2qhRXPAlpcYYYaf5dG+CMw0+jFhtWBYIIHCd5dN16Y,1.6858009999999999,4.897174,3.266994
230100,a2JJDid759RYBNLdQjknGV2qhRXPAlpcYYYaf5dG+CMw0+jFhtWBYIIHCd5dN16Y,2.211274,4.780508,3.3191029999999997
230400,a2JJDid759RYBNLdQjknGV2qhRXPAlpcYYYaf5dG+CMw0+jFhtWBYIIHCd5dN16Y,0.385988,5.719404,3.134168
230700,a2JJDid759RYBNLdQjknGV2qhRXPAlpcYYYaf5dG+CMw0+jFhtWBYIIHCd5dN16Y,2.720668,4.853511,3.3126830000000003
231000,a2JJDid759RYBNLdQjknGV2qhRXPAlpcYYYaf5dG+CMw0+jFhtWBYIIHCd5dN16Y,0.29335,17.146639,3.8815769999999996
231300,a2JJDid759RYBNLdQjknGV2qhRXPAlpcYYYaf5dG+CMw0+jFhtWBYIIHCd5dN16Y,2.239775,4.328506,3.122642
231600,a2JJDid759RYBNLdQjknGV2qhRXPAlpcYYYaf5dG+CMw0+jFhtWBYIIHCd5dN16Y,0.43176400000000004,4.648393,3.043838
231900,a2JJDid759RYBNLdQjknGV2qhRXPAlpcYYYaf5dG+CMw0+jFhtWBYIIHCd5dN16Y,1.119051,8.294642,3.468949
232200,a2JJDid759RYBNLdQjknGV2qhRXPAlpcYYYaf5dG+CMw0+jFhtWBYIIHCd5dN16Y,2.823851,5.727139,3.4920459999999998
232500,a2JJDid759RYBNLdQjknGV2qhRXPAlpcYYYaf5dG+CMw0+jFhtWBYIIHCd5dN16Y,1.129149,4.963269,3.123631
232800,a2JJDid759RYBNLdQjknGV2qhRXPAlpcYYYaf5dG+CMw0+jFhtWBYIIHCd5dN16Y,2.5513310000000002,4.9382980000000005,3.2865010000000003
233100,a2JJDid759RYBNLdQjknGV2qhRXPAlpcYYYaf5dG+CMw0+jFhtWBYIIHCd5dN16Y,0.984658,4.616181,3.052268
233400,a2JJDid759RYBNLdQjknGV2qhRXPAlpcYYYaf5dG+CMw0+jFhtWBYIIHCd5dN16Y,2.5608619999999997,5.141547,3.3161300000000002
233700,a2JJDid759RYBNLdQjknGV2qhRXPAlpcYYYaf5dG+CMw0+jFhtWBYIIHCd5dN16Y,0.413638,3.742312,2.790279
234000,a2JJDid759RYBNLdQjknGV2qhRXPAlpcYYYaf5dG+CMw0+jFhtWBYIIHCd5dN16Y,2.634541,5.634457,3.411828
234300,a2JJDid759RYBNLdQjknGV2qhRXPAlpcYYYaf5dG+CMw0+jFhtWBYIIHCd5dN16Y,0.792261,21.38932,4.014667
234600,a2JJDid759RYBNLdQjknGV2qhRXPAlpcYYYaf5dG+CMw0+jFhtWBYIIHCd5dN16Y,1.918777,16.005746,4.772393
234900,a2JJDid759RYBNLdQjknGV2qhRXPAlpcYYYaf5dG+CMw0+jFhtWBYIIHCd5dN16Y,1.795693,5.094547,3.010977
235200,a2JJDid759RYBNLdQjknGV2qhRXPAlpcYYYaf5dG+CMw0+jFhtWBYIIHCd5dN16Y,0.328415,4.385993,3.098157
235500,a2JJDid759RYBNLdQjknGV2qhRXPAlpcYYYaf5dG+CMw0+jFhtWBYIIHCd5dN16Y,2.578266,5.17861,3.326003
235800,a2JJDid759RYBNLdQjknGV2qhRXPAlpcYYYaf5dG+CMw0+jFhtWBYIIHCd5dN16Y,1.351876,5.9801720000000005,3.388839
236100,a2JJDid759RYBNLdQjknGV2qhRXPAlpcYYYaf5dG+CMw0+jFhtWBYIIHCd5dN16Y,2.341231,5.298474,3.300029
236400,a2JJDid759RYBNLdQjknGV2qhRXPAlpcYYYaf5dG+CMw0+jFhtWBYIIHCd5dN16Y,0.848441,3.739238,2.957596
236700,a2JJDid759RYBNLdQjknGV2qhRXPAlpcYYYaf5dG+CMw0+jFhtWBYIIHCd5dN16Y,2.432682,16.718811,5.543606
237000,a2JJDid759RYBNLdQjknGV2qhRXPAlpcYYYaf5dG+CMw0+jFhtWBYIIHCd5dN16Y,2.221163,17.51912,4.492209
237300,a2JJDid759RYBNLdQjknGV2qhRXPAlpcYYYaf5dG+CMw0+jFhtWBYIIHCd5dN16Y,0.5895699999999999,33.808743,5.766863
237600,a2JJDid759RYBNLdQjknGV2qhRXPAlpcYYYaf5dG+CMw0+jFhtWBYIIHCd5dN16Y,1.9576060000000002,4.722594,3.2913040000000002
237900,a2JJDid759RYBNLdQjknGV2qhRXPAlpcYYYaf5dG+CMw0+jFhtWBYIIHCd5dN16Y,2.236312,4.781484,3.3547480000000003
238200,a2JJDid759RYBNLdQjknGV2qhRXPAlpcYYYaf5dG+CMw0+jFhtWBYIIHCd5dN16Y,2.3491419999999996,12.126399000000001,4.580474
238500,a2JJDid759RYBNLdQjknGV2qhRXPAlpcYYYaf5dG+CMw0+jFhtWBYIIHCd5dN16Y,1.963184,5.424277,3.258734
238800,a2JJDid759RYBNLdQjknGV2qhRXPAlpcYYYaf5dG+CMw0+jFhtWBYIIHCd5dN16Y,2.021346,4.757697,3.5417349999999996
239100,a2JJDid759RYBNLdQjknGV2qhRXPAlpcYYYaf5dG+CMw0+jFhtWBYIIHCd5dN16Y,2.918587,13.214151999999999,3.974171
239400,a2JJDid759RYBNLdQjknGV2qhRXPAlpcYYYaf5dG+CMw0+jFhtWBYIIHCd5dN16Y,2.883274,5.123312,3.4529389999999998
239700,a2JJDid759RYBNLdQjknGV2qhRXPAlpcYYYaf5dG+CMw0+jFhtWBYIIHCd5dN16Y,2.353124,5.254586,3.407892
240000,a2JJDid759RYBNLdQjknGV2qhRXPAlpcYYYaf5dG+CMw0+jFhtWBYIIHCd5dN16Y,0.989137,5.508881,2.844327
240300,a2JJDid759RYBNLdQjknGV2qhRXPAlpcYYYaf5dG+CMw0+jFhtWBYIIHCd5dN16Y,2.2314119999999997,5.837295,3.291491
240600,a2JJDid759RYBNLdQjknGV2qhRXPAlpcYYYaf5dG+CMw0+jFhtWBYIIHCd5dN16Y,0.982662,4.843829,3.0958
240900,a2JJDid759RYBNLdQjknGV2qhRXPAlpcYYYaf5dG+CMw0+jFhtWBYIIHCd5dN16Y,2.2685779999999998,4.748711,2.902964
241200,a2JJDid759RYBNLdQjknGV2qhRXPAlpcYYYaf5dG+CMw0+jFhtWBYIIHCd5dN16Y,1.89799,5.660292,3.222052
241500,a2JJDid759RYBNLdQjknGV2qhRXPAlpcYYYaf5dG+CMw0+jFhtWBYIIHCd5dN16Y,1.782404,4.4668779999999995,2.793184
241800,a2JJDid759RYBNLdQjknGV2qhRXPAlpcYYYaf5dG+CMw0+jFhtWBYIIHCd5dN16Y,2.055909,4.384862,2.966143
242100,a2JJDid759RYBNLdQjknGV2qhRXPAlpcYYYaf5dG+CMw0+jFhtWBYIIHCd5dN16Y,2.176968,4.5413120000000005,3.099242
242400,a2JJDid759RYBNLdQjknGV2qhRXPAlpcYYYaf5dG+CMw0+jFhtWBYIIHCd5dN16Y,2.251445,10.255265,3.517983
242700,a2JJDid759RYBNLdQjknGV2qhRXPAlpcYYYaf5dG+CMw0+jFhtWBYIIHCd5dN16Y,2.31336,4.462512,3.051085
243000,a2JJDid759RYBNLdQjknGV2qhRXPAlpcYYYaf5dG+CMw0+jFhtWBYIIHCd5dN16Y,1.6310950000000002,5.101017,3.16255
243300,a2JJDid759RYBNLdQjknGV2qhRXPAlpcYYYaf5dG+CMw0+jFhtWBYIIHCd5dN16Y,2.266045,8.443673,3.675302
243600,a2JJDid759RYBNLdQjknGV2qhRXPAlpcYYYaf5dG+CMw0+jFhtWBYIIHCd5dN16Y,2.759938,5.440646,3.324875
243900,a2JJDid759RYBNLdQjknGV2qhRXPAlpcYYYaf5dG+CMw0+jFhtWBYIIHCd5dN16Y,2.403301,5.400949,3.3207169999999997
244200,a2JJDid759RYBNLdQjknGV2qhRXPAlpcYYYaf5dG+CMw0+jFhtWBYIIHCd5dN16Y,2.428627,5.9604610000000005,3.353474
244500,a2JJDid759RYBNLdQjknGV2qhRXPAlpcYYYaf5dG+CMw0+jFhtWBYIIHCd5dN16Y,1.922791,8.788953,3.2885809999999998
244800,a2JJDid759RYBNLdQjknGV2qhRXPAlpcYYYaf5dG+CMw0+jFhtWBYIIHCd5dN16Y,2.543098,4.841848000000001,3.2838870000000004
245100,a2JJDid759RYBNLdQjknGV2qhRXPAlpcYYYaf5dG+CMw0+jFhtWBYIIHCd5dN16Y,1.723134,5.2400709999999995,3.105587
245400,a2JJDid759RYBNLdQjknGV2qhRXPAlpcYYYaf5dG+CMw0+jFhtWBYIIHCd5dN16Y,2.611199,16.059646,4.802126
245700,a2JJDid759RYBNLdQjknGV2qhRXPAlpcYYYaf5dG+CMw0+jFhtWBYIIHCd5dN16Y,1.938482,4.831567,3.097427
246000,a2JJDid759RYBNLdQjknGV2qhRXPAlpcYYYaf5dG+CMw0+jFhtWBYIIHCd5dN16Y,2.365163,5.861342,3.2835940000000003
246300,a2JJDid759RYBNLdQjknGV2qhRXPAlpcYYYaf5dG+CMw0+jFhtWBYIIHCd5dN16Y,2.26114,5.295813,3.2535220000000002
246600,a2JJDid759RYBNLdQjknGV2qhRXPAlpcYYYaf5dG+CMw0+jFhtWBYIIHCd5dN16Y,1.9969869999999998,7.119981,3.283544
246900,a2JJDid759RYBNLdQjknGV2qhRXPAlpcYYYaf5dG+CMw0+jFhtWBYIIHCd5dN16Y,2.278957,5.429796,3.294141
247200,a2JJDid759RYBNLdQjknGV2qhRXPAlpcYYYaf5dG+CMw0+jFhtWBYIIHCd5dN16Y,2.5005319999999998,5.508677,3.206772
247500,a2JJDid759RYBNLdQjknGV2qhRXPAlpcYYYaf5dG+CMw0+jFhtWBYIIHCd5dN16Y,2.0874509999999997,5.394991,3.166547
247800,a2JJDid759RYBNLdQjknGV2qhRXPAlpcYYYaf5dG+CMw0+jFhtWBYIIHCd5dN16Y,2.399033,12.171321,3.9077559999999996
248100,a2JJDid759RYBNLdQjknGV2qhRXPAlpcYYYaf5dG+CMw0+jFhtWBYIIHCd5dN16Y,2.4957409999999998,11.656887,3.9245160000000006
248400,a2JJDid759RYBNLdQjknGV2qhRXPAlpcYYYaf5dG+CMw0+jFhtWBYIIHCd5dN16Y,2.43757,5.098185,3.204961
248700,a2JJDid759RYBNLdQjknGV2qhRXPAlpcYYYaf5dG+CMw0+jFhtWBYIIHCd5dN16Y,1.7444970000000002,9.67424,3.4277580000000003
249000,a2JJDid759RYBNLdQjknGV2qhRXPAlpcYYYaf5dG+CMw0+jFhtWBYIIHCd5dN16Y,1.945487,13.67114,4.07758
249300,a2JJDid759RYBNLdQjknGV2qhRXPAlpcYYYaf5dG+CMw0+jFhtWBYIIHCd5dN16Y,2.46733,10.041503,3.7413309999999997
249600,a2JJDid759RYBNLdQjknGV2qhRXPAlpcYYYaf5dG+CMw0+jFhtWBYIIHCd5dN16Y,2.2985349999999998,4.846518,2.971625
249900,a2JJDid759RYBNLdQjknGV2qhRXPAlpcYYYaf5dG+CMw0+jFhtWBYIIHCd5dN16Y,2.037829,9.584105000000001,3.362106
250200,a2JJDid759RYBNLdQjknGV2qhRXPAlpcYYYaf5dG+CMw0+jFhtWBYIIHCd5dN16Y,2.402009,4.713389,3.269536
250500,a2JJDid759RYBNLdQjknGV2qhRXPAlpcYYYaf5dG+CMw0+jFhtWBYIIHCd5dN16Y,2.273139,7.5554190000000006,3.344814
250800,a2JJDid759RYBNLdQjknGV2qhRXPAlpcYYYaf5dG+CMw0+jFhtWBYIIHCd5dN16Y,0.406497,5.393114,2.953026
251100,a2JJDid759RYBNLdQjknGV2qhRXPAlpcYYYaf5dG+CMw0+jFhtWBYIIHCd5dN16Y,1.476802,4.991558,2.900761
251400,a2JJDid759RYBNLdQjknGV2qhRXPAlpcYYYaf5dG+CMw0+jFhtWBYIIHCd5dN16Y,2.18595,3.734287,2.927781
251700,a2JJDid759RYBNLdQjknGV2qhRXPAlpcYYYaf5dG+CMw0+jFhtWBYIIHCd5dN16Y,2.266667,3.958192,3.029186
252000,a2JJDid759RYBNLdQjknGV2qhRXPAlpcYYYaf5dG+CMw0+jFhtWBYIIHCd5dN16Y,2.2294099999999997,9.905357,3.4813330000000002
252300,a2JJDid759RYBNLdQjknGV2qhRXPAlpcYYYaf5dG+CMw0+jFhtWBYIIHCd5dN16Y,1.985325,4.243894,2.875127
252600,a2JJDid759RYBNLdQjknGV2qhRXPAlpcYYYaf5dG+CMw0+jFhtWBYIIHCd5dN16Y,1.425529,4.2443919999999995,2.949625
252900,a2JJDid759RYBNLdQjknGV2qhRXPAlpcYYYaf5dG+CMw0+jFhtWBYIIHCd5dN16Y,1.934346,4.713355,2.725613
253200,a2JJDid759RYBNLdQjknGV2qhRXPAlpcYYYaf5dG+CMw0+jFhtWBYIIHCd5dN16Y,2.367016,4.437221,3.019765
253500,a2JJDid759RYBNLdQjknGV2qhRXPAlpcYYYaf5dG+CMw0+jFhtWBYIIHCd5dN16Y,2.190915,4.886038,3.046999
253800,a2JJDid759RYBNLdQjknGV2qhRXPAlpcYYYaf5dG+CMw0+jFhtWBYIIHCd5dN16Y,1.6856759999999997,4.832884,2.9365580000000002
254100,a2JJDid759RYBNLdQjknGV2qhRXPAlpcYYYaf5dG+CMw0+jFhtWBYIIHCd5dN16Y,0.380042,4.357125,2.659686
254400,a2JJDid759RYBNLdQjknGV2qhRXPAlpcYYYaf5dG+CMw0+jFhtWBYIIHCd5dN16Y,2.4192270000000002,3.735005,3.202344
254700,a2JJDid759RYBNLdQjknGV2qhRXPAlpcYYYaf5dG+CMw0+jFhtWBYIIHCd5dN16Y,2.269099,14.776299,4.1310199999999995
255000,a2JJDid759RYBNLdQjknGV2qhRXPAlpcYYYaf5dG+CMw0+jFhtWBYIIHCd5dN16Y,2.604114,4.228276,3.174057
255300,a2JJDid759RYBNLdQjknGV2qhRXPAlpcYYYaf5dG+CMw0+jFhtWBYIIHCd5dN16Y,0.588481,5.192524,2.686162
255600,a2JJDid759RYBNLdQjknGV2qhRXPAlpcYYYaf5dG+CMw0+jFhtWBYIIHCd5dN16Y,2.066147,4.676857,3.03912
255900,a2JJDid759RYBNLdQjknGV2qhRXPAlpcYYYaf5dG+CMw0+jFhtWBYIIHCd5dN16Y,2.044145,5.158846,3.0213810000000003
256200,a2JJDid759RYBNLdQjknGV2qhRXPAlpcYYYaf5dG+CMw0+jFhtWBYIIHCd5dN16Y,1.3064719999999999,17.244747,3.9641870000000003
256500,a2JJDid759RYBNLdQjknGV2qhRXPAlpcYYYaf5dG+CMw0+jFhtWBYIIHCd5dN16Y,2.2886040000000003,5.052095,3.081455
256800,a2JJDid759RYBNLdQjknGV2qhRXPAlpcYYYaf5dG+CMw0+jFhtWBYIIHCd5dN16Y,0.5536810000000001,4.559826999999999,2.908332
257100,a2JJDid759RYBNLdQjknGV2qhRXPAlpcYYYaf5dG+CMw0+jFhtWBYIIHCd5dN16Y,2.498957,4.618488,3.135509
257400,a2JJDid759RYBNLdQjknGV2qhRXPAlpcYYYaf5dG+CMw0+jFhtWBYIIHCd5dN16Y,1.583119,5.4596480000000005,3.218117
257700,a2JJDid759RYBNLdQjknGV2qhRXPAlpcYYYaf5dG+CMw0+jFhtWBYIIHCd5dN16Y,2.368546,4.221613,2.932563
258000,a2JJDid759RYBNLdQjknGV2qhRXPAlpcYYYaf5dG+CMw0+jFhtWBYIIHCd5dN16Y,2.043997,6.766066,3.151918
258300,a2JJDid759RYBNLdQjknGV2qhRXPAlpcYYYaf5dG+CMw0+jFhtWBYIIHCd5dN16Y,2.135094,4.121219,2.7723
258600,a2JJDid759RYBNLdQjknGV2qhRXPAlpcYYYaf5dG+CMw0+jFhtWBYIIHCd5dN16Y,2.527444,4.84065,3.244579
258900,a2JJDid759RYBNLdQjknGV2qhRXPAlpcYYYaf5dG+CMw0+jFhtWBYIIHCd5dN16Y,0.367295,4.156912999999999,2.6317779999999997
259200,a2JJDid759RYBNLdQjknGV2qhRXPAlpcYYYaf5dG+CMw0+jFhtWBYIIHCd5dN16Y,2.237832,4.783885,3.3050949999999997
259500,a2JJDid759RYBNLdQjknGV2qhRXPAlpcYYYaf5dG+CMw0+jFhtWBYIIHCd5dN16Y,1.522283,6.511584,3.081037
259800,a2JJDid759RYBNLdQjknGV2qhRXPAlpcYYYaf5dG+CMw0+jFhtWBYIIHCd5dN16Y,2.299643,13.815654,3.8945809999999996
260100,a2JJDid759RYBNLdQjknGV2qhRXPAlpcYYYaf5dG+CMw0+jFhtWBYIIHCd5dN16Y,1.9494060000000002,3.758485,2.9357029999999997
260400,a2JJDid759RYBNLdQjknGV2qhRXPAlpcYYYaf5dG+CMw0+jFhtWBYIIHCd5dN16Y,2.317574,4.139293,3.2213119999999997
260700,a2JJDid759RYBNLdQjknGV2qhRXPAlpcYYYaf5dG+CMw0+jFhtWBYIIHCd5dN16Y,0.666226,5.119502,3.016464
261000,a2JJDid759RYBNLdQjknGV2qhRXPAlpcYYYaf5dG+CMw0+jFhtWBYIIHCd5dN16Y,1.711618,5.352991,3.010059
261300,a2JJDid759RYBNLdQjknGV2qhRXPAlpcYYYaf5dG+CMw0+jFhtWBYIIHCd5dN16Y,1.9039119999999998,5.343833999999999,3.0015650000000003
261600,a2JJDid759RYBNLdQjknGV2qhRXPAlpcYYYaf5dG+CMw0+jFhtWBYIIHCd5dN16Y,1.801423,4.332823,3.011387
261900,a2JJDid759RYBNLdQjknGV2qhRXPAlpcYYYaf5dG+CMw0+jFhtWBYIIHCd5dN16Y,1.718059,4.3006720000000005,2.932048
262200,a2JJDid759RYBNLdQjknGV2qhRXPAlpcYYYaf5dG+CMw0+jFhtWBYIIHCd5dN16Y,2.090314,5.390409,3.3030589999999997
262500,a2JJDid759RYBNLdQjknGV2qhRXPAlpcYYYaf5dG+CMw0+jFhtWBYIIHCd5dN16Y,2.351139,4.243192,3.1610009999999997
262800,a2JJDid759RYBNLdQjknGV2qhRXPAlpcYYYaf5dG+CMw0+jFhtWBYIIHCd5dN16Y,1.8896540000000002,5.057899,3.026999
263100,a2JJDid759RYBNLdQjknGV2qhRXPAlpcYYYaf5dG+CMw0+jFhtWBYIIHCd5dN16Y,2.190125,5.187999,3.197448
263400,a2JJDid759RYBNLdQjknGV2qhRXPAlpcYYYaf5dG+CMw0+jFhtWBYIIHCd5dN16Y,2.577575,16.957742,4.340118
263700,a2JJDid759RYBNLdQjknGV2qhRXPAlpcYYYaf5dG+CMw0+jFhtWBYIIHCd5dN16Y,1.731811,4.505279,3.059961
264000,a2JJDid759RYBNLdQjknGV2qhRXPAlpcYYYaf5dG+CMw0+jFhtWBYIIHCd5dN16Y,2.511176,4.2241610000000005,3.263344
264300,a2JJDid759RYBNLdQjknGV2qhRXPAlpcYYYaf5dG+CMw0+jFhtWBYIIHCd5dN16Y,0.338069,4.6066970000000005,2.551415
264600,a2JJDid759RYBNLdQjknGV2qhRXPAlpcYYYaf5dG+CMw0+jFhtWBYIIHCd5dN16Y,1.967357,4.302525,2.948266
264900,a2JJDid759RYBNLdQjknGV2qhRXPAlpcYYYaf5dG+CMw0+jFhtWBYIIHCd5dN16Y,0.472588,4.274207,2.63225
265200,a2JJDid759RYBNLdQjknGV2qhRXPAlpcYYYaf5dG+CMw0+jFhtWBYIIHCd5dN16Y,1.316414,4.739501000000001,2.886111
265500,a2JJDid759RYBNLdQjknGV2qhRXPAlpcYYYaf5dG+CMw0+jFhtWBYIIHCd5dN16Y,0.642951,3.779087,2.617254
265800,a2JJDid759RYBNLdQjknGV2qhRXPAlpcYYYaf5dG+CMw0+jFhtWBYIIHCd5dN16Y,2.126359,22.96436,4.542153
266100,a2JJDid759RYBNLdQjknGV2qhRXPAlpcYYYaf5dG+CMw0+jFhtWBYIIHCd5dN16Y,0.8992469999999999,30.207989,5.296467
266400,a2JJDid759RYBNLdQjknGV2qhRXPAlpcYYYaf5dG+CMw0+jFhtWBYIIHCd5dN16Y,1.365486,4.803022,3.0123729999999997
266700,a2JJDid759RYBNLdQjknGV2qhRXPAlpcYYYaf5dG+CMw0+jFhtWBYIIHCd5dN16Y,1.997732,12.3819,3.302894
267000,a2JJDid759RYBNLdQjknGV2qhRXPAlpcYYYaf5dG+CMw0+jFhtWBYIIHCd5dN16Y,0.451479,14.448867000000002,3.716906
267300,a2JJDid759RYBNLdQjknGV2qhRXPAlpcYYYaf5dG+CMw0+jFhtWBYIIHCd5dN16Y,1.9282240000000002,4.0903410000000004,2.852116
267600,a2JJDid759RYBNLdQjknGV2qhRXPAlpcYYYaf5dG+CMw0+jFhtWBYIIHCd5dN16Y,0.6144470000000001,3.9026690000000004,2.721571
267900,a2JJDid759RYBNLdQjknGV2qhRXPAlpcYYYaf5dG+CMw0+jFhtWBYIIHCd5dN16Y,2.2517169999999997,4.05101,2.954096
268200,a2JJDid759RYBNLdQjknGV2qhRXPAlpcYYYaf5dG+CMw0+jFhtWBYIIHCd5dN16Y,1.924236,7.775632000000001,3.40426
268500,a2JJDid759RYBNLdQjknGV2qhRXPAlpcYYYaf5dG+CMw0+jFhtWBYIIHCd5dN16Y,1.6830509999999999,3.937589,2.651891
268800,a2JJDid759RYBNLdQjknGV2qhRXPAlpcYYYaf5dG+CMw0+jFhtWBYIIHCd5dN16Y,0.571917,4.246173000000001,2.72628
269100,a2JJDid759RYBNLdQjknGV2qhRXPAlpcYYYaf5dG+CMw0+jFhtWBYIIHCd5dN16Y,2.030027,3.924902,3.0043599999999997
269400,a2JJDid759RYBNLdQjknGV2qhRXPAlpcYYYaf5dG+CMw0+jFhtWBYIIHCd5dN16Y,0.7147180000000001,4.503502,2.793461
269700,a2JJDid759RYBNLdQjknGV2qhRXPAlpcYYYaf5dG+CMw0+jFhtWBYIIHCd5dN16Y,0.41203599999999996,4.5026589999999995,2.855546
270000,a2JJDid759RYBNLdQjknGV2qhRXPAlpcYYYaf5dG+CMw0+jFhtWBYIIHCd5dN16Y,1.829333,4.72877,3.226693
270300,a2JJDid759RYBNLdQjknGV2qhRXPAlpcYYYaf5dG+CMw0+jFhtWBYIIHCd5dN16Y,0.630268,3.803582,2.58549
270600,a2JJDid759RYBNLdQjknGV2qhRXPAlpcYYYaf5dG+CMw0+jFhtWBYIIHCd5dN16Y,2.194183,16.149727,4.144666
270900,a2JJDid759RYBNLdQjknGV2qhRXPAlpcYYYaf5dG+CMw0+jFhtWBYIIHCd5dN16Y,1.203098,4.538181,2.964937
271200,a2JJDid759RYBNLdQjknGV2qhRXPAlpcYYYaf5dG+CMw0+jFhtWBYIIHCd5dN16Y,1.8921759999999999,4.796855,3.01894
271500,a2JJDid759RYBNLdQjknGV2qhRXPAlpcYYYaf5dG+CMw0+jFhtWBYIIHCd5dN16Y,2.190401,4.847707,3.022549
271800,a2JJDid759RYBNLdQjknGV2qhRXPAlpcYYYaf5dG+CMw0+jFhtWBYIIHCd5dN16Y,2.173546,4.582463,3.1350540000000002
272100,a2JJDid759RYBNLdQjknGV2qhRXPAlpcYYYaf5dG+CMw0+jFhtWBYIIHCd5dN16Y,2.296723,4.835041,3.082755
272400,a2JJDid759RYBNLdQjknGV2qhRXPAlpcYYYaf5dG+CMw0+jFhtWBYIIHCd5dN16Y,0.418975,5.472276,2.859336
272700,a2JJDid759RYBNLdQjknGV2qhRXPAlpcYYYaf5dG+CMw0+jFhtWBYIIHCd5dN16Y,2.469184,3.7221660000000005,3.0279700000000003
273000,a2JJDid759RYBNLdQjknGV2qhRXPAlpcYYYaf5dG+CMw0+jFhtWBYIIHCd5dN16Y,0.625203,4.738707,2.832179
273300,a2JJDid759RYBNLdQjknGV2qhRXPAlpcYYYaf5dG+CMw0+jFhtWBYIIHCd5dN16Y,1.9560849999999999,5.097046,2.893207
273600,a2JJDid759RYBNLdQjknGV2qhRXPAlpcYYYaf5dG+CMw0+jFhtWBYIIHCd5dN16Y,1.137051,4.186044,2.754711
273900,a2JJDid759RYBNLdQjknGV2qhRXPAlpcYYYaf5dG+CMw0+jFhtWBYIIHCd5dN16Y,1.979932,4.948002,2.943738
274200,a2JJDid759RYBNLdQjknGV2qhRXPAlpcYYYaf5dG+CMw0+jFhtWBYIIHCd5dN16Y,0.9909030000000001,19.240361,3.956332
274500,a2JJDid759RYBNLdQjknGV2qhRXPAlpcYYYaf5dG+CMw0+jFhtWBYIIHCd5dN16Y,2.392246,4.1607769999999995,2.9755990000000003
274800,a2JJDid759RYBNLdQjknGV2qhRXPAlpcYYYaf5dG+CMw0+jFhtWBYIIHCd5dN16Y,0.9944120000000001,4.174713,2.7881169999999997
275100,a2JJDid759RYBNLdQjknGV2qhRXPAlpcYYYaf5dG+CMw0+jFhtWBYIIHCd5dN16Y,0.358775,4.909192,2.5497240000000003
275400,a2JJDid759RYBNLdQjknGV2qhRXPAlpcYYYaf5dG+CMw0+jFhtWBYIIHCd5dN16Y,2.409078,4.2278910000000005,3.233886
275700,a2JJDid759RYBNLdQjknGV2qhRXPAlpcYYYaf5dG+CMw0+jFhtWBYIIHCd5dN16Y,0.405341,3.874221,2.7553669999999997
276000,a2JJDid759RYBNLdQjknGV2qhRXPAlpcYYYaf5dG+CMw0+jFhtWBYIIHCd5dN16Y,1.9541240000000002,4.493112,3.230572
276300,a2JJDid759RYBNLdQjknGV2qhRXPAlpcYYYaf5dG+CMw0+jFhtWBYIIHCd5dN16Y,0.556008,4.542185,2.802502
276600,a2JJDid759RYBNLdQjknGV2qhRXPAlpcYYYaf5dG+CMw0+jFhtWBYIIHCd5dN16Y,2.274638,3.9711160000000003,3.028972
276900,a2JJDid759RYBNLdQjknGV2qhRXPAlpcYYYaf5dG+CMw0+jFhtWBYIIHCd5dN16Y,2.1576020000000002,4.5736870000000005,3.128495
277200,a2JJDid759RYBNLdQjknGV2qhRXPAlpcYYYaf5dG+CMw0+jFhtWBYIIHCd5dN16Y,2.575926,4.3423099999999994,3.470013
277500,a2JJDid759RYBNLdQjknGV2qhRXPAlpcYYYaf5dG+CMw0+jFhtWBYIIHCd5dN16Y,1.1214629999999999,21.737092999999998,4.080181
277800,a2JJDid759RYBNLdQjknGV2qhRXPAlpcYYYaf5dG+CMw0+jFhtWBYIIHCd5dN16Y,1.007226,13.796712,3.972141
278100,a2JJDid759RYBNLdQjknGV2qhRXPAlpcYYYaf5dG+CMw0+jFhtWBYIIHCd5dN16Y,2.506545,3.9410629999999998,3.220447
278400,a2JJDid759RYBNLdQjknGV2qhRXPAlpcYYYaf5dG+CMw0+jFhtWBYIIHCd5dN16Y,2.1622220000000003,14.132317,3.906885
278700,a2JJDid759RYBNLdQjknGV2qhRXPAlpcYYYaf5dG+CMw0+jFhtWBYIIHCd5dN16Y,2.429113,5.123188,3.117273
279000,a2JJDid759RYBNLdQjknGV2qhRXPAlpcYYYaf5dG+CMw0+jFhtWBYIIHCd5dN16Y,2.159854,4.605419,3.286265
279300,a2JJDid759RYBNLdQjknGV2qhRXPAlpcYYYaf5dG+CMw0+jFhtWBYIIHCd5dN16Y,2.20342,4.825258,3.009659
279600,a2JJDid759RYBNLdQjknGV2qhRXPAlpcYYYaf5dG+CMw0+jFhtWBYIIHCd5dN16Y,2.347552,5.390553,3.526146
279900,a2JJDid759RYBNLdQjknGV2qhRXPAlpcYYYaf5dG+CMw0+jFhtWBYIIHCd5dN16Y,1.8934549999999999,5.03555,2.972419
280200,a2JJDid759RYBNLdQjknGV2qhRXPAlpcYYYaf5dG+CMw0+jFhtWBYIIHCd5dN16Y,0.887289,4.235623,2.670403
280500,a2JJDid759RYBNLdQjknGV2qhRXPAlpcYYYaf5dG+CMw0+jFhtWBYIIHCd5dN16Y,0.509877,3.945353,2.31672
280800,a2JJDid759RYBNLdQjknGV2qhRXPAlpcYYYaf5dG+CMw0+jFhtWBYIIHCd5dN16Y,1.326133,4.691346,2.7765310000000003
281100,a2JJDid759RYBNLdQjknGV2qhRXPAlpcYYYaf5dG+CMw0+jFhtWBYIIHCd5dN16Y,0.547259,4.428788,2.612505
281400,a2JJDid759RYBNLdQjknGV2qhRXPAlpcYYYaf5dG+CMw0+jFhtWBYIIHCd5dN16Y,1.9350759999999998,19.23016,4.388562
281700,a2JJDid759RYBNLdQjknGV2qhRXPAlpcYYYaf5dG+CMw0+jFhtWBYIIHCd5dN16Y,1.9821540000000002,10.986311,3.676015
282000,a2JJDid759RYBNLdQjknGV2qhRXPAlpcYYYaf5dG+CMw0+jFhtWBYIIHCd5dN16Y,2.072751,5.1745730000000005,2.972474
282300,a2JJDid759RYBNLdQjknGV2qhRXPAlpcYYYaf5dG+CMw0+jFhtWBYIIHCd5dN16Y,1.3078450000000001,4.602101,2.654962
282600,a2JJDid759RYBNLdQjknGV2qhRXPAlpcYYYaf5dG+CMw0+jFhtWBYIIHCd5dN16Y,2.397175,5.466061,3.3459489999999996
282900,a2JJDid759RYBNLdQjknGV2qhRXPAlpcYYYaf5dG+CMw0+jFhtWBYIIHCd5dN16Y,1.366606,4.324112,2.766177
283200,a2JJDid759RYBNLdQjknGV2qhRXPAlpcYYYaf5dG+CMw0+jFhtWBYIIHCd5dN16Y,1.844603,4.824507,2.863182
283500,a2JJDid759RYBNLdQjknGV2qhRXPAlpcYYYaf5dG+CMw0+jFhtWBYIIHCd5dN16Y,1.9724869999999999,4.598857,2.87399
283800,a2JJDid759RYBNLdQjknGV2qhRXPAlpcYYYaf5dG+CMw0+jFhtWBYIIHCd5dN16Y,1.6518979999999999,4.04409,2.7598540000000003
284100,a2JJDid759RYBNLdQjknGV2qhRXPAlpcYYYaf5dG+CMw0+jFhtWBYIIHCd5dN16Y,2.186928,3.9134519999999995,2.853725
284400,a2JJDid759RYBNLdQjknGV2qhRXPAlpcYYYaf5dG+CMw0+jFhtWBYIIHCd5dN16Y,2.225924,4.529937,3.243855
284700,a2JJDid759RYBNLdQjknGV2qhRXPAlpcYYYaf5dG+CMw0+jFhtWBYIIHCd5dN16Y,1.723385,4.6331370000000005,3.032834
285000,a2JJDid759RYBNLdQjknGV2qhRXPAlpcYYYaf5dG+CMw0+jFhtWBYIIHCd5dN16Y,2.216357,15.590716,4.363782
285300,a2JJDid759RYBNLdQjknGV2qhRXPAlpcYYYaf5dG+CMw0+jFhtWBYIIHCd5dN16Y,2.230327,3.987248,3.1606349999999996
285600,a2JJDid759RYBNLdQjknGV2qhRXPAlpcYYYaf5dG+CMw0+jFhtWBYIIHCd5dN16Y,1.975457,5.110803,3.124359
285900,a2JJDid759RYBNLdQjknGV2qhRXPAlpcYYYaf5dG+CMw0+jFhtWBYIIHCd5dN16Y,1.7825819999999999,7.138561999999999,3.423369
286200,a2JJDid759RYBNLdQjknGV2qhRXPAlpcYYYaf5dG+CMw0+jFhtWBYIIHCd5dN16Y,2.488673,5.070232,3.241794
286500,a2JJDid759RYBNLdQjknGV2qhRXPAlpcYYYaf5dG+CMw0+jFhtWBYIIHCd5dN16Y,2.081844,7.3510100000000005,3.4201629999999996
286800,a2JJDid759RYBNLdQjknGV2qhRXPAlpcYYYaf5dG+CMw0+jFhtWBYIIHCd5dN16Y,2.611991,4.811412000000001,3.3093510000000004
287100,a2JJDid759RYBNLdQjknGV2qhRXPAlpcYYYaf5dG+CMw0+jFhtWBYIIHCd5dN16Y,2.053884,5.019489,3.257802
287400,a2JJDid759RYBNLdQjknGV2qhRXPAlpcYYYaf5dG+CMw0+jFhtWBYIIHCd5dN16Y,1.7202939999999998,5.1522879999999995,3.019339
287700,a2JJDid759RYBNLdQjknGV2qhRXPAlpcYYYaf5dG+CMw0+jFhtWBYIIHCd5dN16Y,2.388799,5.095847,3.2025069999999998
288000,a2JJDid759RYBNLdQjknGV2qhRXPAlpcYYYaf5dG+CMw0+jFhtWBYIIHCd5dN16Y,2.4489099999999997,4.62931,3.0851900000000003
288300,a2JJDid759RYBNLdQjknGV2qhRXPAlpcYYYaf5dG+CMw0+jFhtWBYIIHCd5dN16Y,2.36364,7.1476619999999995,3.206543
288600,a2JJDid759RYBNLdQjknGV2qhRXPAlpcYYYaf5dG+CMw0+jFhtWBYIIHCd5dN16Y,2.3419939999999997,16.622329,4.4304
288900,a2JJDid759RYBNLdQjknGV2qhRXPAlpcYYYaf5dG+CMw0+jFhtWBYIIHCd5dN16Y,0.5452520000000001,3.886328,2.683908
289200,a2JJDid759RYBNLdQjknGV2qhRXPAlpcYYYaf5dG+CMw0+jFhtWBYIIHCd5dN16Y,1.917287,4.909811,3.0154959999999997
289500,a2JJDid759RYBNLdQjknGV2qhRXPAlpcYYYaf5dG+CMw0+jFhtWBYIIHCd5dN16Y,2.086937,4.425663,3.053912
289800,a2JJDid759RYBNLdQjknGV2qhRXPAlpcYYYaf5dG+CMw0+jFhtWBYIIHCd5dN16Y,0.332303,4.991351,3.055062
290100,a2JJDid759RYBNLdQjknGV2qhRXPAlpcYYYaf5dG+CMw0+jFhtWBYIIHCd5dN16Y,2.400003,5.0231,3.1248400000000003
290400,a2JJDid759RYBNLdQjknGV2qhRXPAlpcYYYaf5dG+CMw0+jFhtWBYIIHCd5dN16Y,0.8595450000000001,5.249128,2.942304
290700,a2JJDid759RYBNLdQjknGV2qhRXPAlpcYYYaf5dG+CMw0+jFhtWBYIIHCd5dN16Y,2.0163189999999998,4.2911470000000005,2.87506
291000,a2JJDid759RYBNLdQjknGV2qhRXPAlpcYYYaf5dG+CMw0+jFhtWBYIIHCd5dN16Y,0.717079,3.5297660000000004,2.668557
291300,a2JJDid759RYBNLdQjknGV2qhRXPAlpcYYYaf5dG+CMw0+jFhtWBYIIHCd5dN16Y,2.130371,4.807737,2.991696
291600,a2JJDid759RYBNLdQjknGV2qhRXPAlpcYYYaf5dG+CMw0+jFhtWBYIIHCd5dN16Y,0.34591900000000003,4.886701,3.094661
291900,a2JJDid759RYBNLdQjknGV2qhRXPAlpcYYYaf5dG+CMw0+jFhtWBYIIHCd5dN16Y,0.5841850000000001,4.4705,2.8535369999999998
292200,a2JJDid759RYBNLdQjknGV2qhRXPAlpcYYYaf5dG+CMw0+jFhtWBYIIHCd5dN16Y,2.346923,17.221093,4.192463
292500,a2JJDid759RYBNLdQjknGV2qhRXPAlpcYYYaf5dG+CMw0+jFhtWBYIIHCd5dN16Y,0.57625,4.027982,2.835578
292800,a2JJDid759RYBNLdQjknGV2qhRXPAlpcYYYaf5dG+CMw0+jFhtWBYIIHCd5dN16Y,1.945097,4.653881,2.993405
293100,a2JJDid759RYBNLdQjknGV2qhRXPAlpcYYYaf5dG+CMw0+jFhtWBYIIHCd5dN16Y,1.219868,4.518318,3.051984
293400,a2JJDid759RYBNLdQjknGV2qhRXPAlpcYYYaf5dG+CMw0+jFhtWBYIIHCd5dN16Y,2.4744450000000002,4.736168,3.458966
293700,a2JJDid759RYBNLdQjknGV2qhRXPAlpcYYYaf5dG+CMw0+jFhtWBYIIHCd5dN16Y,0.718612,3.8692089999999997,2.686424
294000,a2JJDid759RYBNLdQjknGV2qhRXPAlpcYYYaf5dG+CMw0+jFhtWBYIIHCd5dN16Y,2.3998,5.110478,3.5065489999999997
294300,a2JJDid759RYBNLdQjknGV2qhRXPAlpcYYYaf5dG+CMw0+jFhtWBYIIHCd5dN16Y,1.3517430000000001,6.031409,3.1534009999999997
294600,a2JJDid759RYBNLdQjknGV2qhRXPAlpcYYYaf5dG+CMw0+jFhtWBYIIHCd5dN16Y,1.831461,9.395833,4.693046
294900,a2JJDid759RYBNLdQjknGV2qhRXPAlpcYYYaf5dG+CMw0+jFhtWBYIIHCd5dN16Y,2.185676,38.276269,7.119389
295200,a2JJDid759RYBNLdQjknGV2qhRXPAlpcYYYaf5dG+CMw0+jFhtWBYIIHCd5dN16Y,0.7367279999999999,11.03588,3.467597
295500,a2JJDid759RYBNLdQjknGV2qhRXPAlpcYYYaf5dG+CMw0+jFhtWBYIIHCd5dN16Y,1.8059900000000002,4.515403,2.937784
295800,a2JJDid759RYBNLdQjknGV2qhRXPAlpcYYYaf5dG+CMw0+jFhtWBYIIHCd5dN16Y,2.140563,16.649,4.505262
296100,a2JJDid759RYBNLdQjknGV2qhRXPAlpcYYYaf5dG+CMw0+jFhtWBYIIHCd5dN16Y,1.860079,4.884525,3.252382
296400,a2JJDid759RYBNLdQjknGV2qhRXPAlpcYYYaf5dG+CMw0+jFhtWBYIIHCd5dN16Y,0.481142,4.2259970000000004,2.8091180000000002
296700,a2JJDid759RYBNLdQjknGV2qhRXPAlpcYYYaf5dG+CMw0+jFhtWBYIIHCd5dN16Y,1.9603130000000002,5.093648,2.99951
297000,a2JJDid759RYBNLdQjknGV2qhRXPAlpcYYYaf5dG+CMw0+jFhtWBYIIHCd5dN16Y,2.07836,4.803469000000001,3.091127
297300,a2JJDid759RYBNLdQjknGV2qhRXPAlpcYYYaf5dG+CMw0+jFhtWBYIIHCd5dN16Y,0.675301,4.7362,2.846031
297600,a2JJDid759RYBNLdQjknGV2qhRXPAlpcYYYaf5dG+CMw0+jFhtWBYIIHCd5dN16Y,2.14554,4.881685,3.259033
297900,a2JJDid759RYBNLdQjknGV2qhRXPAlpcYYYaf5dG+CMw0+jFhtWBYIIHCd5dN16Y,0.8305520000000001,4.382814,2.799287
298200,a2JJDid759RYBNLdQjknGV2qhRXPAlpcYYYaf5dG+CMw0+jFhtWBYIIHCd5dN16Y,1.9335669999999998,4.95195,2.917593
298500,a2JJDid759RYBNLdQjknGV2qhRXPAlpcYYYaf5dG+CMw0+jFhtWBYIIHCd5dN16Y,0.378708,4.1581269999999995,2.770946
298800,a2JJDid759RYBNLdQjknGV2qhRXPAlpcYYYaf5dG+CMw0+jFhtWBYIIHCd5dN16Y,1.791021,4.339494,2.892862
299100,a2JJDid759RYBNLdQjknGV2qhRXPAlpcYYYaf5dG+CMw0+jFhtWBYIIHCd5dN16Y,2.217894,8.727623,3.461244
299400,a2JJDid759RYBNLdQjknGV2qhRXPAlpcYYYaf5dG+CMw0+jFhtWBYIIHCd5dN16Y,1.919615,14.583395000000001,4.10533
299700,a2JJDid759RYBNLdQjknGV2qhRXPAlpcYYYaf5dG+CMw0+jFhtWBYIIHCd5dN16Y,0.48466099999999995,5.757388,2.947969
300000,a2JJDid759RYBNLdQjknGV2qhRXPAlpcYYYaf5dG+CMw0+jFhtWBYIIHCd5dN16Y,1.2956239999999999,5.075558,3.019098
300300,a2JJDid759RYBNLdQjknGV2qhRXPAlpcYYYaf5dG+CMw0+jFhtWBYIIHCd5dN16Y,1.9027889999999998,4.785931,2.7592060000000003
300600,a2JJDid759RYBNLdQjknGV2qhRXPAlpcYYYaf5dG+CMw0+jFhtWBYIIHCd5dN16Y,2.189548,4.084877,2.826327
300900,a2JJDid759RYBNLdQjknGV2qhRXPAlpcYYYaf5dG+CMw0+jFhtWBYIIHCd5dN16Y,1.914549,4.425231,2.7662560000000003
301200,a2JJDid759RYBNLdQjknGV2qhRXPAlpcYYYaf5dG+CMw0+jFhtWBYIIHCd5dN16Y,0.513559,4.940606,3.049613
301500,a2JJDid759RYBNLdQjknGV2qhRXPAlpcYYYaf5dG+CMw0+jFhtWBYIIHCd5dN16Y,2.457922,4.478459,3.2614669999999997
301800,a2JJDid759RYBNLdQjknGV2qhRXPAlpcYYYaf5dG+CMw0+jFhtWBYIIHCd5dN16Y,0.310606,4.0289269999999995,3.011725
302100,a2JJDid759RYBNLdQjknGV2qhRXPAlpcYYYaf5dG+CMw0+jFhtWBYIIHCd5dN16Y,1.5002520000000001,5.141999,2.744659
302400,a2JJDid759RYBNLdQjknGV2qhRXPAlpcYYYaf5dG+CMw0+jFhtWBYIIHCd5dN16Y,0.328278,4.1356839999999995,2.7528
302700,a2JJDid759RYBNLdQjknGV2qhRXPAlpcYYYaf5dG+CMw0+jFhtWBYIIHCd5dN16Y,1.8459139999999998,3.9176010000000003,2.863181
303000,a2JJDid759RYBNLdQjknGV2qhRXPAlpcYYYaf5dG+CMw0+jFhtWBYIIHCd5dN16Y,1.8196869999999998,13.282103,3.998414
303300,a2JJDid759RYBNLdQjknGV2qhRXPAlpcYYYaf5dG+CMw0+jFhtWBYIIHCd5dN16Y,0.6468550000000001,5.03726,2.8245970000000002
303600,a2JJDid759RYBNLdQjknGV2qhRXPAlpcYYYaf5dG+CMw0+jFhtWBYIIHCd5dN16Y,1.9766689999999998,4.565068,2.926437
303900,a2JJDid759RYBNLdQjknGV2qhRXPAlpcYYYaf5dG+CMw0+jFhtWBYIIHCd5dN16Y,1.700822,4.059108999999999,2.831862
304200,a2JJDid759RYBNLdQjknGV2qhRXPAlpcYYYaf5dG+CMw0+jFhtWBYIIHCd5dN16Y,1.6760540000000002,4.075774,2.895929
304500,a2JJDid759RYBNLdQjknGV2qhRXPAlpcYYYaf5dG+CMw0+jFhtWBYIIHCd5dN16Y,0.5110359999999999,3.593322,2.5701959999999997
304800,a2JJDid759RYBNLdQjknGV2qhRXPAlpcYYYaf5dG+CMw0+jFhtWBYIIHCd5dN16Y,1.697475,4.042232,3.049877
305100,a2JJDid759RYBNLdQjknGV2qhRXPAlpcYYYaf5dG+CMw0+jFhtWBYIIHCd5dN16Y,1.609625,4.218677,2.937992
305400,a2JJDid759RYBNLdQjknGV2qhRXPAlpcYYYaf5dG+CMw0+jFhtWBYIIHCd5dN16Y,0.654299,4.6033349999999995,2.444793
305700,a2JJDid759RYBNLdQjknGV2qhRXPAlpcYYYaf5dG+CMw0+jFhtWBYIIHCd5dN16Y,1.745411,4.745737999999999,2.7517720000000003
306000,a2JJDid759RYBNLdQjknGV2qhRXPAlpcYYYaf5dG+CMw0+jFhtWBYIIHCd5dN16Y,0.43071400000000004,3.935479,2.74263
306300,a2JJDid759RYBNLdQjknGV2qhRXPAlpcYYYaf5dG+CMw0+jFhtWBYIIHCd5dN16Y,1.859702,3.3818589999999995,2.655384
306600,a2JJDid759RYBNLdQjknGV2qhRXPAlpcYYYaf5dG+CMw0+jFhtWBYIIHCd5dN16Y,0.75481,14.900554000000001,3.918888
306900,a2JJDid759RYBNLdQjknGV2qhRXPAlpcYYYaf5dG+CMw0+jFhtWBYIIHCd5dN16Y,1.861391,4.726963,2.893549
307200,a2JJDid759RYBNLdQjknGV2qhRXPAlpcYYYaf5dG+CMw0+jFhtWBYIIHCd5dN16Y,0.302166,3.4044760000000003,2.719722
307500,a2JJDid759RYBNLdQjknGV2qhRXPAlpcYYYaf5dG+CMw0+jFhtWBYIIHCd5dN16Y,2.214826,4.925111,2.8969400000000003
307800,a2JJDid759RYBNLdQjknGV2qhRXPAlpcYYYaf5dG+CMw0+jFhtWBYIIHCd5dN16Y,2.103583,4.887608999999999,2.8862080000000003
308100,a2JJDid759RYBNLdQjknGV2qhRXPAlpcYYYaf5dG+CMw0+jFhtWBYIIHCd5dN16Y,0.818733,4.859296,2.79338
308400,a2JJDid759RYBNLdQjknGV2qhRXPAlpcYYYaf5dG+CMw0+jFhtWBYIIHCd5dN16Y,2.245845,4.90931,3.151981
308700,a2JJDid759RYBNLdQjknGV2qhRXPAlpcYYYaf5dG+CMw0+jFhtWBYIIHCd5dN16Y,0.7614920000000001,5.137885,2.8057090000000002
309000,a2JJDid759RYBNLdQjknGV2qhRXPAlpcYYYaf5dG+CMw0+jFhtWBYIIHCd5dN16Y,1.980889,3.9828620000000003,2.867864
309300,a2JJDid759RYBNLdQjknGV2qhRXPAlpcYYYaf5dG+CMw0+jFhtWBYIIHCd5dN16Y,0.913041,4.364387000000001,2.791193
309600,a2JJDid759RYBNLdQjknGV2qhRXPAlpcYYYaf5dG+CMw0+jFhtWBYIIHCd5dN16Y,2.122757,5.247346,2.966334
309900,a2JJDid759RYBNLdQjknGV2qhRXPAlpcYYYaf5dG+CMw0+jFhtWBYIIHCd5dN16Y,0.535197,3.5256510000000003,2.377929
310200,a2JJDid759RYBNLdQjknGV2qhRXPAlpcYYYaf5dG+CMw0+jFhtWBYIIHCd5dN16Y,1.598286,15.560307,3.856554
310500,a2JJDid759RYBNLdQjknGV2qhRXPAlpcYYYaf5dG+CMw0+jFhtWBYIIHCd5dN16Y,0.888691,3.363543,2.4320049999999998
310800,a2JJDid759RYBNLdQjknGV2qhRXPAlpcYYYaf5dG+CMw0+jFhtWBYIIHCd5dN16Y,0.35684699999999997,4.143132,2.644096
311100,a2JJDid759RYBNLdQjknGV2qhRXPAlpcYYYaf5dG+CMw0+jFhtWBYIIHCd5dN16Y,1.562686,4.794437,2.574039
311400,a2JJDid759RYBNLdQjknGV2qhRXPAlpcYYYaf5dG+CMw0+jFhtWBYIIHCd5dN16Y,0.42720699999999995,4.1542900000000005,2.403343
311700,a2JJDid759RYBNLdQjknGV2qhRXPAlpcYYYaf5dG+CMw0+jFhtWBYIIHCd5dN16Y,1.393892,3.395313,2.440754
312000,a2JJDid759RYBNLdQjknGV2qhRXPAlpcYYYaf5dG+CMw0+jFhtWBYIIHCd5dN16Y,0.511051,4.363542,2.745149
312300,a2JJDid759RYBNLdQjknGV2qhRXPAlpcYYYaf5dG+CMw0+jFhtWBYIIHCd5dN16Y,1.523149,3.5085910000000005,2.577081
312600,a2JJDid759RYBNLdQjknGV2qhRXPAlpcYYYaf5dG+CMw0+jFhtWBYIIHCd5dN16Y,0.5383819999999999,3.431704,2.397261
312900,a2JJDid759RYBNLdQjknGV2qhRXPAlpcYYYaf5dG+CMw0+jFhtWBYIIHCd5dN16Y,1.683625,4.599076999999999,2.9049720000000003
313200,a2JJDid759RYBNLdQjknGV2qhRXPAlpcYYYaf5dG+CMw0+jFhtWBYIIHCd5dN16Y,1.6795400000000003,4.715333,2.760032
313500,a2JJDid759RYBNLdQjknGV2qhRXPAlpcYYYaf5dG+CMw0+jFhtWBYIIHCd5dN16Y,1.6312790000000001,3.744165,2.642857
313800,a2JJDid759RYBNLdQjknGV2qhRXPAlpcYYYaf5dG+CMw0+jFhtWBYIIHCd5dN16Y,1.588761,13.355692999999999,3.787572
314100,a2JJDid759RYBNLdQjknGV2qhRXPAlpcYYYaf5dG+CMw0+jFhtWBYIIHCd5dN16Y,1.9423599999999999,9.938819,3.315952
314400,a2JJDid759RYBNLdQjknGV2qhRXPAlpcYYYaf5dG+CMw0+jFhtWBYIIHCd5dN16Y,1.991655,3.9873279999999998,2.782064
314700,a2JJDid759RYBNLdQjknGV2qhRXPAlpcYYYaf5dG+CMw0+jFhtWBYIIHCd5dN16Y,0.547523,4.511085,2.56305
315000,a2JJDid759RYBNLdQjknGV2qhRXPAlpcYYYaf5dG+CMw0+jFhtWBYIIHCd5dN16Y,2.24877,3.971207,3.076432
315300,a2JJDid759RYBNLdQjknGV2qhRXPAlpcYYYaf5dG+CMw0+jFhtWBYIIHCd5dN16Y,1.769523,12.345639,3.4726519999999996
315600,a2JJDid759RYBNLdQjknGV2qhRXPAlpcYYYaf5dG+CMw0+jFhtWBYIIHCd5dN16Y,2.088121,4.943646,3.187364
315900,a2JJDid759RYBNLdQjknGV2qhRXPAlpcYYYaf5dG+CMw0+jFhtWBYIIHCd5dN16Y,1.9602810000000002,5.014455,2.944188
316200,a2JJDid759RYBNLdQjknGV2qhRXPAlpcYYYaf5dG+CMw0+jFhtWBYIIHCd5dN16Y,1.1361139999999998,4.68257,2.2890490000000003
316500,a2JJDid759RYBNLdQjknGV2qhRXPAlpcYYYaf5dG+CMw0+jFhtWBYIIHCd5dN16Y,1.7474459999999998,4.071973000000001,2.2694959999999997
316800,a2JJDid759RYBNLdQjknGV2qhRXPAlpcYYYaf5dG+CMw0+jFhtWBYIIHCd5dN16Y,1.7959479999999999,4.28266,2.502155
317100,a2JJDid759RYBNLdQjknGV2qhRXPAlpcYYYaf5dG+CMw0+jFhtWBYIIHCd5dN16Y,1.381678,3.540225,2.1937349999999998
317400,a2JJDid759RYBNLdQjknGV2qhRXPAlpcYYYaf5dG+CMw0+jFhtWBYIIHCd5dN16Y,1.384024,16.039025,3.507935
317700,a2JJDid759RYBNLdQjknGV2qhRXPAlpcYYYaf5dG+CMw0+jFhtWBYIIHCd5dN16Y,2.302164,3.8837040000000003,2.795386
318000,a2JJDid759RYBNLdQjknGV2qhRXPAlpcYYYaf5dG+CMw0+jFhtWBYIIHCd5dN16Y,1.721466,13.085349,3.684946
318300,a2JJDid759RYBNLdQjknGV2qhRXPAlpcYYYaf5dG+CMw0+jFhtWBYIIHCd5dN16Y,2.147817,4.515251,2.885834
318600,a2JJDid759RYBNLdQjknGV2qhRXPAlpcYYYaf5dG+CMw0+jFhtWBYIIHCd5dN16Y,1.9820400000000002,4.326612,2.960451
318900,a2JJDid759RYBNLdQjknGV2qhRXPAlpcYYYaf5dG+CMw0+jFhtWBYIIHCd5dN16Y,2.1621759999999997,28.645103000000002,5.009644000000001
319200,a2JJDid759RYBNLdQjknGV2qhRXPAlpcYYYaf5dG+CMw0+jFhtWBYIIHCd5dN16Y,1.9127029999999998,3.860568,2.8081669999999996
319500,a2JJDid759RYBNLdQjknGV2qhRXPAlpcYYYaf5dG+CMw0+jFhtWBYIIHCd5dN16Y,1.209525,3.431944,2.5650470000000003
319800,a2JJDid759RYBNLdQjknGV2qhRXPAlpcYYYaf5dG+CMw0+jFhtWBYIIHCd5dN16Y,1.995423,5.279081,2.8556310000000003
320100,a2JJDid759RYBNLdQjknGV2qhRXPAlpcYYYaf5dG+CMw0+jFhtWBYIIHCd5dN16Y,0.404932,4.417814,2.482246
320400,a2JJDid759RYBNLdQjknGV2qhRXPAlpcYYYaf5dG+CMw0+jFhtWBYIIHCd5dN16Y,2.008571,3.525524,2.552637
320700,a2JJDid759RYBNLdQjknGV2qhRXPAlpcYYYaf5dG+CMw0+jFhtWBYIIHCd5dN16Y,1.742996,3.6110629999999997,2.627821
321000,a2JJDid759RYBNLdQjknGV2qhRXPAlpcYYYaf5dG+CMw0+jFhtWBYIIHCd5dN16Y,1.9168830000000001,21.198072,4.952058
321300,a2JJDid759RYBNLdQjknGV2qhRXPAlpcYYYaf5dG+CMw0+jFhtWBYIIHCd5dN16Y,0.748724,3.803246,2.400856
321600,a2JJDid759RYBNLdQjknGV2qhRXPAlpcYYYaf5dG+CMw0+jFhtWBYIIHCd5dN16Y,0.600917,4.114451,2.650538
321900,a2JJDid759RYBNLdQjknGV2qhRXPAlpcYYYaf5dG+CMw0+jFhtWBYIIHCd5dN16Y,1.859305,3.96501,2.586929
322200,a2JJDid759RYBNLdQjknGV2qhRXPAlpcYYYaf5dG+CMw0+jFhtWBYIIHCd5dN16Y,1.7989979999999999,3.902419,2.769486
322500,a2JJDid759RYBNLdQjknGV2qhRXPAlpcYYYaf5dG+CMw0+jFhtWBYIIHCd5dN16Y,1.059207,3.677985,2.6752689999999997
322800,a2JJDid759RYBNLdQjknGV2qhRXPAlpcYYYaf5dG+CMw0+jFhtWBYIIHCd5dN16Y,2.15596,4.768451,2.915482
323100,a2JJDid759RYBNLdQjknGV2qhRXPAlpcYYYaf5dG+CMw0+jFhtWBYIIHCd5dN16Y,1.6145100000000001,3.757309,2.553543
323400,a2JJDid759RYBNLdQjknGV2qhRXPAlpcYYYaf5dG+CMw0+jFhtWBYIIHCd5dN16Y,1.6457849999999998,4.360213,2.698439
323700,a2JJDid759RYBNLdQjknGV2qhRXPAlpcYYYaf5dG+CMw0+jFhtWBYIIHCd5dN16Y,1.7696029999999998,21.142713,5.277812
324000,a2JJDid759RYBNLdQjknGV2qhRXPAlpcYYYaf5dG+CMw0+jFhtWBYIIHCd5dN16Y,1.8535700000000002,4.202172,2.682285
324300,a2JJDid759RYBNLdQjknGV2qhRXPAlpcYYYaf5dG+CMw0+jFhtWBYIIHCd5dN16Y,1.792666,3.65938,2.617123
324600,a2JJDid759RYBNLdQjknGV2qhRXPAlpcYYYaf5dG+CMw0+jFhtWBYIIHCd5dN16Y,0.8285870000000001,4.651221,2.686337
324900,a2JJDid759RYBNLdQjknGV2qhRXPAlpcYYYaf5dG+CMw0+jFhtWBYIIHCd5dN16Y,2.168949,15.736151000000001,3.6976190000000004
325200,a2JJDid759RYBNLdQjknGV2qhRXPAlpcYYYaf5dG+CMw0+jFhtWBYIIHCd5dN16Y,0.46585699999999997,4.542584,2.47932
325500,a2JJDid759RYBNLdQjknGV2qhRXPAlpcYYYaf5dG+CMw0+jFhtWBYIIHCd5dN16Y,1.997666,5.079192,2.695653
325800,a2JJDid759RYBNLdQjknGV2qhRXPAlpcYYYaf5dG+CMw0+jFhtWBYIIHCd5dN16Y,0.976741,5.148872,2.668562
326100,a2JJDid759RYBNLdQjknGV2qhRXPAlpcYYYaf5dG+CMw0+jFhtWBYIIHCd5dN16Y,1.9229880000000001,3.775033,2.416023
326400,a2JJDid759RYBNLdQjknGV2qhRXPAlpcYYYaf5dG+CMw0+jFhtWBYIIHCd5dN16Y,1.402105,3.8727949999999995,2.490415
326700,a2JJDid759RYBNLdQjknGV2qhRXPAlpcYYYaf5dG+CMw0+jFhtWBYIIHCd5dN16Y,1.827103,3.387079,2.473965
327000,a2JJDid759RYBNLdQjknGV2qhRXPAlpcYYYaf5dG+CMw0+jFhtWBYIIHCd5dN16Y,1.626906,3.475969,2.625063
327300,a2JJDid759RYBNLdQjknGV2qhRXPAlpcYYYaf5dG+CMw0+jFhtWBYIIHCd5dN16Y,1.8193139999999999,9.004675,3.139477
327600,a2JJDid759RYBNLdQjknGV2qhRXPAlpcYYYaf5dG+CMw0+jFhtWBYIIHCd5dN16Y,1.7541349999999998,3.620019,2.570062
327900,a2JJDid759RYBNLdQjknGV2qhRXPAlpcYYYaf5dG+CMw0+jFhtWBYIIHCd5dN16Y,0.584884,3.8070190000000004,2.2596540000000003
328200,a2JJDid759RYBNLdQjknGV2qhRXPAlpcYYYaf5dG+CMw0+jFhtWBYIIHCd5dN16Y,1.609284,4.217839,2.295316
328500,a2JJDid759RYBNLdQjknGV2qhRXPAlpcYYYaf5dG+CMw0+jFhtWBYIIHCd5dN16Y,1.8490830000000003,15.247713000000001,3.661626
328800,a2JJDid759RYBNLdQjknGV2qhRXPAlpcYYYaf5dG+CMw0+jFhtWBYIIHCd5dN16Y,1.28744,3.486607,2.558935
329100,a2JJDid759RYBNLdQjknGV2qhRXPAlpcYYYaf5dG+CMw0+jFhtWBYIIHCd5dN16Y,2.0619509999999996,4.045071,2.649261
329400,a2JJDid759RYBNLdQjknGV2qhRXPAlpcYYYaf5dG+CMw0+jFhtWBYIIHCd5dN16Y,1.264534,3.7549669999999997,2.5916650000000003
329700,a2JJDid759RYBNLdQjknGV2qhRXPAlpcYYYaf5dG+CMw0+jFhtWBYIIHCd5dN16Y,1.9095259999999998,3.548896,2.5038139999999998
330000,a2JJDid759RYBNLdQjknGV2qhRXPAlpcYYYaf5dG+CMw0+jFhtWBYIIHCd5dN16Y,1.633083,3.8009180000000002,2.763697
330300,a2JJDid759RYBNLdQjknGV2qhRXPAlpcYYYaf5dG+CMw0+jFhtWBYIIHCd5dN16Y,1.927861,3.5071199999999996,2.454268
330600,a2JJDid759RYBNLdQjknGV2qhRXPAlpcYYYaf5dG+CMw0+jFhtWBYIIHCd5dN16Y,1.368109,4.416086,2.494924
330900,a2JJDid759RYBNLdQjknGV2qhRXPAlpcYYYaf5dG+CMw0+jFhtWBYIIHCd5dN16Y,1.689086,3.647,2.3504169999999998
331200,a2JJDid759RYBNLdQjknGV2qhRXPAlpcYYYaf5dG+CMw0+jFhtWBYIIHCd5dN16Y,0.904667,3.5223459999999998,2.234434
331500,a2JJDid759RYBNLdQjknGV2qhRXPAlpcYYYaf5dG+CMw0+jFhtWBYIIHCd5dN16Y,0.31900300000000004,3.932482,2.199215
331800,a2JJDid759RYBNLdQjknGV2qhRXPAlpcYYYaf5dG+CMw0+jFhtWBYIIHCd5dN16Y,1.700852,3.967314,2.553754
332100,a2JJDid759RYBNLdQjknGV2qhRXPAlpcYYYaf5dG+CMw0+jFhtWBYIIHCd5dN16Y,1.3551739999999999,15.90974,3.730229
332400,a2JJDid759RYBNLdQjknGV2qhRXPAlpcYYYaf5dG+CMw0+jFhtWBYIIHCd5dN16Y,1.9338119999999999,3.5193519999999996,2.485213
332700,a2JJDid759RYBNLdQjknGV2qhRXPAlpcYYYaf5dG+CMw0+jFhtWBYIIHCd5dN16Y,0.9840909999999999,4.318522,2.241541
333000,a2JJDid759RYBNLdQjknGV2qhRXPAlpcYYYaf5dG+CMw0+jFhtWBYIIHCd5dN16Y,1.8421029999999998,3.992204,2.4201759999999997
333300,a2JJDid759RYBNLdQjknGV2qhRXPAlpcYYYaf5dG+CMw0+jFhtWBYIIHCd5dN16Y,1.419102,3.623587,2.321319
333600,a2JJDid759RYBNLdQjknGV2qhRXPAlpcYYYaf5dG+CMw0+jFhtWBYIIHCd5dN16Y,1.461961,3.6284669999999997,2.433346
333900,a2JJDid759RYBNLdQjknGV2qhRXPAlpcYYYaf5dG+CMw0+jFhtWBYIIHCd5dN16Y,1.324327,3.685335,2.598966
334200,a2JJDid759RYBNLdQjknGV2qhRXPAlpcYYYaf5dG+CMw0+jFhtWBYIIHCd5dN16Y,0.46716199999999997,4.493348999999999,2.639688
334500,a2JJDid759RYBNLdQjknGV2qhRXPAlpcYYYaf5dG+CMw0+jFhtWBYIIHCd5dN16Y,1.7256779999999998,4.83006,2.797828
334800,a2JJDid759RYBNLdQjknGV2qhRXPAlpcYYYaf5dG+CMw0+jFhtWBYIIHCd5dN16Y,1.7737450000000001,4.444395,2.637029
335100,a2JJDid759RYBNLdQjknGV2qhRXPAlpcYYYaf5dG+CMw0+jFhtWBYIIHCd5dN16Y,2.255184,3.590959,2.716186
335400,a2JJDid759RYBNLdQjknGV2qhRXPAlpcYYYaf5dG+CMw0+jFhtWBYIIHCd5dN16Y,0.5497529999999999,4.7111089999999995,2.482966
335700,a2JJDid759RYBNLdQjknGV2qhRXPAlpcYYYaf5dG+CMw0+jFhtWBYIIHCd5dN16Y,1.791911,14.390282000000001,3.866776
336000,a2JJDid759RYBNLdQjknGV2qhRXPAlpcYYYaf5dG+CMw0+jFhtWBYIIHCd5dN16Y,1.6240620000000001,3.52431,2.4640720000000003
336300,a2JJDid759RYBNLdQjknGV2qhRXPAlpcYYYaf5dG+CMw0+jFhtWBYIIHCd5dN16Y,2.013834,3.524255,2.581597
336600,a2JJDid759RYBNLdQjknGV2qhRXPAlpcYYYaf5dG+CMw0+jFhtWBYIIHCd5dN16Y,0.600008,3.7197480000000005,2.6083540000000003
336900,a2JJDid759RYBNLdQjknGV2qhRXPAlpcYYYaf5dG+CMw0+jFhtWBYIIHCd5dN16Y,1.9280099999999998,9.186377,3.00749
337200,a2JJDid759RYBNLdQjknGV2qhRXPAlpcYYYaf5dG+CMw0+jFhtWBYIIHCd5dN16Y,1.4473260000000001,6.587869,3.376751
337500,a2JJDid759RYBNLdQjknGV2qhRXPAlpcYYYaf5dG+CMw0+jFhtWBYIIHCd5dN16Y,2.778563,6.548566,4.598448
337800,a2JJDid759RYBNLdQjknGV2qhRXPAlpcYYYaf5dG+CMw0+jFhtWBYIIHCd5dN16Y,2.176628,6.1431379999999995,3.785979
338100,a2JJDid759RYBNLdQjknGV2qhRXPAlpcYYYaf5dG+CMw0+jFhtWBYIIHCd5dN16Y,0.490467,31.395865,13.708974
338400,a2JJDid759RYBNLdQjknGV2qhRXPAlpcYYYaf5dG+CMw0+jFhtWBYIIHCd5dN16Y,1.199639,4.1669480000000005,2.183466
338700,a2JJDid759RYBNLdQjknGV2qhRXPAlpcYYYaf5dG+CMw0+jFhtWBYIIHCd5dN16Y,0.420608,7.648203,2.653899
339000,a2JJDid759RYBNLdQjknGV2qhRXPAlpcYYYaf5dG+CMw0+jFhtWBYIIHCd5dN16Y,1.287978,3.610486,2.108942
339300,a2JJDid759RYBNLdQjknGV2qhRXPAlpcYYYaf5dG+CMw0+jFhtWBYIIHCd5dN16Y,0.337131,3.092996,2.086805
339600,a2JJDid759RYBNLdQjknGV2qhRXPAlpcYYYaf5dG+CMw0+jFhtWBYIIHCd5dN16Y,0.595134,3.639307,1.7645939999999998
339900,a2JJDid759RYBNLdQjknGV2qhRXPAlpcYYYaf5dG+CMw0+jFhtWBYIIHCd5dN16Y,0.799875,2.899527,1.529156
340200,a2JJDid759RYBNLdQjknGV2qhRXPAlpcYYYaf5dG+CMw0+jFhtWBYIIHCd5dN16Y,0.807982,6.959548,2.092012
340500,a2JJDid759RYBNLdQjknGV2qhRXPAlpcYYYaf5dG+CMw0+jFhtWBYIIHCd5dN16Y,1.1798819999999999,3.6358660000000005,2.235864
340800,a2JJDid759RYBNLdQjknGV2qhRXPAlpcYYYaf5dG+CMw0+jFhtWBYIIHCd5dN16Y,1.141622,3.630497,2.201072
341100,a2JJDid759RYBNLdQjknGV2qhRXPAlpcYYYaf5dG+CMw0+jFhtWBYIIHCd5dN16Y,1.241755,2.9056889999999997,1.924478
341400,a2JJDid759RYBNLdQjknGV2qhRXPAlpcYYYaf5dG+CMw0+jFhtWBYIIHCd5dN16Y,0.8587239999999999,2.709731,1.5442879999999999
341700,a2JJDid759RYBNLdQjknGV2qhRXPAlpcYYYaf5dG+CMw0+jFhtWBYIIHCd5dN16Y,1.267313,4.481777,2.290151
342000,a2JJDid759RYBNLdQjknGV2qhRXPAlpcYYYaf5dG+CMw0+jFhtWBYIIHCd5dN16Y,0.333029,3.119573,1.9174799999999999
342300,a2JJDid759RYBNLdQjknGV2qhRXPAlpcYYYaf5dG+CMw0+jFhtWBYIIHCd5dN16Y,0.8062779999999999,3.147853,1.9217810000000002
342600,a2JJDid759RYBNLdQjknGV2qhRXPAlpcYYYaf5dG+CMw0+jFhtWBYIIHCd5dN16Y,1.392472,3.640882,2.0183590000000002
342900,a2JJDid759RYBNLdQjknGV2qhRXPAlpcYYYaf5dG+CMw0+jFhtWBYIIHCd5dN16Y,0.366399,3.1180060000000003,1.9411740000000002
343200,a2JJDid759RYBNLdQjknGV2qhRXPAlpcYYYaf5dG+CMw0+jFhtWBYIIHCd5dN16Y,1.344487,3.066274,2.156749
343500,a2JJDid759RYBNLdQjknGV2qhRXPAlpcYYYaf5dG+CMw0+jFhtWBYIIHCd5dN16Y,0.355956,3.772497,2.267632
343800,a2JJDid759RYBNLdQjknGV2qhRXPAlpcYYYaf5dG+CMw0+jFhtWBYIIHCd5dN16Y,1.479303,3.323265,2.308847
344100,a2JJDid759RYBNLdQjknGV2qhRXPAlpcYYYaf5dG+CMw0+jFhtWBYIIHCd5dN16Y,0.63449,3.516396,2.233936
344400,a2JJDid759RYBNLdQjknGV2qhRXPAlpcYYYaf5dG+CMw0+jFhtWBYIIHCd5dN16Y,1.3553469999999999,3.654417,2.29624
344700,a2JJDid759RYBNLdQjknGV2qhRXPAlpcYYYaf5dG+CMw0+jFhtWBYIIHCd5dN16Y,1.855779,14.954204,3.3203699999999996
345000,a2JJDid759RYBNLdQjknGV2qhRXPAlpcYYYaf5dG+CMw0+jFhtWBYIIHCd5dN16Y,0.321862,3.9452809999999996,2.380522
345300,a2JJDid759RYBNLdQjknGV2qhRXPAlpcYYYaf5dG+CMw0+jFhtWBYIIHCd5dN16Y,1.8111869999999999,4.717582,2.8740810000000003
345600,a2JJDid759RYBNLdQjknGV2qhRXPAlpcYYYaf5dG+CMw0+jFhtWBYIIHCd5dN16Y,1.777708,6.349043,2.943323
345900,a2JJDid759RYBNLdQjknGV2qhRXPAlpcYYYaf5dG+CMw0+jFhtWBYIIHCd5dN16Y,1.499582,5.047504,2.740727
346200,a2JJDid759RYBNLdQjknGV2qhRXPAlpcYYYaf5dG+CMw0+jFhtWBYIIHCd5dN16Y,0.42714300000000005,4.967149,2.557573
346500,a2JJDid759RYBNLdQjknGV2qhRXPAlpcYYYaf5dG+CMw0+jFhtWBYIIHCd5dN16Y,1.634204,4.350871,2.970326
346800,a2JJDid759RYBNLdQjknGV2qhRXPAlpcYYYaf5dG+CMw0+jFhtWBYIIHCd5dN16Y,0.373653,4.52757,2.747591
347100,a2JJDid759RYBNLdQjknGV2qhRXPAlpcYYYaf5dG+CMw0+jFhtWBYIIHCd5dN16Y,2.147823,5.2056949999999995,3.1225099999999997
347400,a2JJDid759RYBNLdQjknGV2qhRXPAlpcYYYaf5dG+CMw0+jFhtWBYIIHCd5dN16Y,1.7620349999999998,4.128875,2.700567
347700,a2JJDid759RYBNLdQjknGV2qhRXPAlpcYYYaf5dG+CMw0+jFhtWBYIIHCd5dN16Y,1.993611,4.576975,2.759113
348000,a2JJDid759RYBNLdQjknGV2qhRXPAlpcYYYaf5dG+CMw0+jFhtWBYIIHCd5dN16Y,1.546613,4.302151,2.611607
348300,a2JJDid759RYBNLdQjknGV2qhRXPAlpcYYYaf5dG+CMw0+jFhtWBYIIHCd5dN16Y,2.132773,6.388426,3.068491
348600,a2JJDid759RYBNLdQjknGV2qhRXPAlpcYYYaf5dG+CMw0+jFhtWBYIIHCd5dN16Y,2.0627459999999997,3.520107,2.610504
348900,a2JJDid759RYBNLdQjknGV2qhRXPAlpcYYYaf5dG+CMw0+jFhtWBYIIHCd5dN16Y,0.521662,4.975322,2.804791
349200,a2JJDid759RYBNLdQjknGV2qhRXPAlpcYYYaf5dG+CMw0+jFhtWBYIIHCd5dN16Y,2.196174,3.9230120000000004,2.732125
349500,a2JJDid759RYBNLdQjknGV2qhRXPAlpcYYYaf5dG+CMw0+jFhtWBYIIHCd5dN16Y,2.0714490000000003,4.004119,2.7890349999999997
349800,a2JJDid759RYBNLdQjknGV2qhRXPAlpcYYYaf5dG+CMw0+jFhtWBYIIHCd5dN16Y,1.783697,4.6580129999999995,2.75559
350100,a2JJDid759RYBNLdQjknGV2qhRXPAlpcYYYaf5dG+CMw0+jFhtWBYIIHCd5dN16Y,2.254997,21.87242,4.136929
350400,a2JJDid759RYBNLdQjknGV2qhRXPAlpcYYYaf5dG+CMw0+jFhtWBYIIHCd5dN16Y,1.920579,4.477993,2.866535
350700,a2JJDid759RYBNLdQjknGV2qhRXPAlpcYYYaf5dG+CMw0+jFhtWBYIIHCd5dN16Y,0.348675,4.594233999999999,2.76273
351000,a2JJDid759RYBNLdQjknGV2qhRXPAlpcYYYaf5dG+CMw0+jFhtWBYIIHCd5dN16Y,0.32559,4.8283190000000005,2.6678349999999997
351300,a2JJDid759RYBNLdQjknGV2qhRXPAlpcYYYaf5dG+CMw0+jFhtWBYIIHCd5dN16Y,1.9967540000000001,4.147333000000001,2.8051939999999997
351600,a2JJDid759RYBNLdQjknGV2qhRXPAlpcYYYaf5dG+CMw0+jFhtWBYIIHCd5dN16Y,0.41748100000000005,4.289018,2.387009
351900,a2JJDid759RYBNLdQjknGV2qhRXPAlpcYYYaf5dG+CMw0+jFhtWBYIIHCd5dN16Y,1.428531,4.348711,2.775423
352200,a2JJDid759RYBNLdQjknGV2qhRXPAlpcYYYaf5dG+CMw0+jFhtWBYIIHCd5dN16Y,0.663104,3.6020849999999998,2.418767
352500,a2JJDid759RYBNLdQjknGV2qhRXPAlpcYYYaf5dG+CMw0+jFhtWBYIIHCd5dN16Y,2.624457,20.940510999999997,4.455508999999999
352800,a2JJDid759RYBNLdQjknGV2qhRXPAlpcYYYaf5dG+CMw0+jFhtWBYIIHCd5dN16Y,2.266381,18.851248000000002,3.947896
353100,a2JJDid759RYBNLdQjknGV2qhRXPAlpcYYYaf5dG+CMw0+jFhtWBYIIHCd5dN16Y,2.052821,4.213883,3.02192
353400,a2JJDid759RYBNLdQjknGV2qhRXPAlpcYYYaf5dG+CMw0+jFhtWBYIIHCd5dN16Y,1.9754060000000002,6.896428,3.1547549999999998
353700,a2JJDid759RYBNLdQjknGV2qhRXPAlpcYYYaf5dG+CMw0+jFhtWBYIIHCd5dN16Y,1.9280689999999998,5.103976,2.925986
354000,a2JJDid759RYBNLdQjknGV2qhRXPAlpcYYYaf5dG+CMw0+jFhtWBYIIHCd5dN16Y,1.645486,4.289836,2.662717
354300,a2JJDid759RYBNLdQjknGV2qhRXPAlpcYYYaf5dG+CMw0+jFhtWBYIIHCd5dN16Y,0.265889,4.647952,2.4999740000000004
354600,a2JJDid759RYBNLdQjknGV2qhRXPAlpcYYYaf5dG+CMw0+jFhtWBYIIHCd5dN16Y,1.550543,4.014871,2.576496
354900,a2JJDid759RYBNLdQjknGV2qhRXPAlpcYYYaf5dG+CMw0+jFhtWBYIIHCd5dN16Y,0.268959,3.6852699999999996,2.44442
355200,a2JJDid759RYBNLdQjknGV2qhRXPAlpcYYYaf5dG+CMw0+jFhtWBYIIHCd5dN16Y,2.061982,4.421229,2.690248
355500,a2JJDid759RYBNLdQjknGV2qhRXPAlpcYYYaf5dG+CMw0+jFhtWBYIIHCd5dN16Y,1.735838,4.362094,2.657696
355800,a2JJDid759RYBNLdQjknGV2qhRXPAlpcYYYaf5dG+CMw0+jFhtWBYIIHCd5dN16Y,2.001608,3.78195,2.73139
356100,a2JJDid759RYBNLdQjknGV2qhRXPAlpcYYYaf5dG+CMw0+jFhtWBYIIHCd5dN16Y,0.769122,5.17696,2.854942
356400,a2JJDid759RYBNLdQjknGV2qhRXPAlpcYYYaf5dG+CMw0+jFhtWBYIIHCd5dN16Y,0.522813,4.130332,2.622631
356700,a2JJDid759RYBNLdQjknGV2qhRXPAlpcYYYaf5dG+CMw0+jFhtWBYIIHCd5dN16Y,1.837486,4.290098,2.811198
357000,a2JJDid759RYBNLdQjknGV2qhRXPAlpcYYYaf5dG+CMw0+jFhtWBYIIHCd5dN16Y,0.260712,3.942163,2.442442
357300,a2JJDid759RYBNLdQjknGV2qhRXPAlpcYYYaf5dG+CMw0+jFhtWBYIIHCd5dN16Y,1.827437,3.767072,2.602826
357600,a2JJDid759RYBNLdQjknGV2qhRXPAlpcYYYaf5dG+CMw0+jFhtWBYIIHCd5dN16Y,1.181167,3.528719,2.510895
357900,a2JJDid759RYBNLdQjknGV2qhRXPAlpcYYYaf5dG+CMw0+jFhtWBYIIHCd5dN16Y,1.749743,4.2517,2.613397
358200,a2JJDid759RYBNLdQjknGV2qhRXPAlpcYYYaf5dG+CMw0+jFhtWBYIIHCd5dN16Y,1.530699,4.40226,2.445078
358500,a2JJDid759RYBNLdQjknGV2qhRXPAlpcYYYaf5dG+CMw0+jFhtWBYIIHCd5dN16Y,1.7482400000000002,4.1143019999999995,2.794327
358800,a2JJDid759RYBNLdQjknGV2qhRXPAlpcYYYaf5dG+CMw0+jFhtWBYIIHCd5dN16Y,2.2643150000000003,3.6966660000000005,2.756238
359100,a2JJDid759RYBNLdQjknGV2qhRXPAlpcYYYaf5dG+CMw0+jFhtWBYIIHCd5dN16Y,0.721536,3.817658,2.533362
359400,a2JJDid759RYBNLdQjknGV2qhRXPAlpcYYYaf5dG+CMw0+jFhtWBYIIHCd5dN16Y,1.865363,4.117454,2.835315
359700,a2JJDid759RYBNLdQjknGV2qhRXPAlpcYYYaf5dG+CMw0+jFhtWBYIIHCd5dN16Y,0.412191,5.448309,2.710095
360000,a2JJDid759RYBNLdQjknGV2qhRXPAlpcYYYaf5dG+CMw0+jFhtWBYIIHCd5dN16Y,1.8611779999999998,4.499073,2.84269
360300,a2JJDid759RYBNLdQjknGV2qhRXPAlpcYYYaf5dG+CMw0+jFhtWBYIIHCd5dN16Y,1.642998,4.712774,2.648129
360600,a2JJDid759RYBNLdQjknGV2qhRXPAlpcYYYaf5dG+CMw0+jFhtWBYIIHCd5dN16Y,1.9576939999999998,4.459824,2.5072970000000003
360900,a2JJDid759RYBNLdQjknGV2qhRXPAlpcYYYaf5dG+CMw0+jFhtWBYIIHCd5dN16Y,1.8214970000000001,3.121997,2.468033
361200,a2JJDid759RYBNLdQjknGV2qhRXPAlpcYYYaf5dG+CMw0+jFhtWBYIIHCd5dN16Y,1.755221,4.621629,2.482618
361500,a2JJDid759RYBNLdQjknGV2qhRXPAlpcYYYaf5dG+CMw0+jFhtWBYIIHCd5dN16Y,0.332352,4.114072,2.3110020000000002
361800,a2JJDid759RYBNLdQjknGV2qhRXPAlpcYYYaf5dG+CMw0+jFhtWBYIIHCd5dN16Y,1.6839419999999998,7.304849000000001,2.880769
362100,a2JJDid759RYBNLdQjknGV2qhRXPAlpcYYYaf5dG+CMw0+jFhtWBYIIHCd5dN16Y,1.445167,3.5453629999999996,2.419411
362400,a2JJDid759RYBNLdQjknGV2qhRXPAlpcYYYaf5dG+CMw0+jFhtWBYIIHCd5dN16Y,0.384862,3.7827589999999995,2.251442
362700,a2JJDid759RYBNLdQjknGV2qhRXPAlpcYYYaf5dG+CMw0+jFhtWBYIIHCd5dN16Y,1.7560310000000001,3.668538,2.515956
363000,a2JJDid759RYBNLdQjknGV2qhRXPAlpcYYYaf5dG+CMw0+jFhtWBYIIHCd5dN16Y,1.8870060000000002,3.45358,2.459863
363300,a2JJDid759RYBNLdQjknGV2qhRXPAlpcYYYaf5dG+CMw0+jFhtWBYIIHCd5dN16Y,1.7509279999999998,4.356018,2.581608
363600,a2JJDid759RYBNLdQjknGV2qhRXPAlpcYYYaf5dG+CMw0+jFhtWBYIIHCd5dN16Y,1.8414099999999998,5.62076,2.7093849999999997
363900,a2JJDid759RYBNLdQjknGV2qhRXPAlpcYYYaf5dG+CMw0+jFhtWBYIIHCd5dN16Y,1.855064,4.124558,2.736396
364200,a2JJDid759RYBNLdQjknGV2qhRXPAlpcYYYaf5dG+CMw0+jFhtWBYIIHCd5dN16Y,1.537558,4.137338,2.5871180000000003
364500,a2JJDid759RYBNLdQjknGV2qhRXPAlpcYYYaf5dG+CMw0+jFhtWBYIIHCd5dN16Y,1.530584,4.09903,2.638772
364800,a2JJDid759RYBNLdQjknGV2qhRXPAlpcYYYaf5dG+CMw0+jFhtWBYIIHCd5dN16Y,1.40527,4.4282639999999995,2.330111
365100,a2JJDid759RYBNLdQjknGV2qhRXPAlpcYYYaf5dG+CMw0+jFhtWBYIIHCd5dN16Y,1.935111,3.4220309999999996,2.4701310000000003
365400,a2JJDid759RYBNLdQjknGV2qhRXPAlpcYYYaf5dG+CMw0+jFhtWBYIIHCd5dN16Y,1.614424,3.361507,2.405481
365700,a2JJDid759RYBNLdQjknGV2qhRXPAlpcYYYaf5dG+CMw0+jFhtWBYIIHCd5dN16Y,0.410174,2.977177,2.211536
366000,a2JJDid759RYBNLdQjknGV2qhRXPAlpcYYYaf5dG+CMw0+jFhtWBYIIHCd5dN16Y,1.9446430000000001,3.1735740000000003,2.552445
366300,a2JJDid759RYBNLdQjknGV2qhRXPAlpcYYYaf5dG+CMw0+jFhtWBYIIHCd5dN16Y,1.50813,3.649918,2.544632
366600,a2JJDid759RYBNLdQjknGV2qhRXPAlpcYYYaf5dG+CMw0+jFhtWBYIIHCd5dN16Y,1.924449,3.6218529999999998,2.679601
366900,a2JJDid759RYBNLdQjknGV2qhRXPAlpcYYYaf5dG+CMw0+jFhtWBYIIHCd5dN16Y,1.767697,6.663763,3.1929939999999997
367200,a2JJDid759RYBNLdQjknGV2qhRXPAlpcYYYaf5dG+CMw0+jFhtWBYIIHCd5dN16Y,1.781005,3.5810800000000005,2.547238
367500,a2JJDid759RYBNLdQjknGV2qhRXPAlpcYYYaf5dG+CMw0+jFhtWBYIIHCd5dN16Y,2.061958,25.652627,6.439007
367800,a2JJDid759RYBNLdQjknGV2qhRXPAlpcYYYaf5dG+CMw0+jFhtWBYIIHCd5dN16Y,2.080221,3.870972,2.699204
368100,a2JJDid759RYBNLdQjknGV2qhRXPAlpcYYYaf5dG+CMw0+jFhtWBYIIHCd5dN16Y,2.199667,3.700447,2.893457
368400,a2JJDid759RYBNLdQjknGV2qhRXPAlpcYYYaf5dG+CMw0+jFhtWBYIIHCd5dN16Y,2.2076759999999997,3.819236,2.912645
368700,a2JJDid759RYBNLdQjknGV2qhRXPAlpcYYYaf5dG+CMw0+jFhtWBYIIHCd5dN16Y,1.6501029999999999,4.347002,2.55098
369000,a2JJDid759RYBNLdQjknGV2qhRXPAlpcYYYaf5dG+CMw0+jFhtWBYIIHCd5dN16Y,0.7459439999999999,3.100469,2.2487060000000003
369300,a2JJDid759RYBNLdQjknGV2qhRXPAlpcYYYaf5dG+CMw0+jFhtWBYIIHCd5dN16Y,2.137687,4.077603,3.073509
369600,a2JJDid759RYBNLdQjknGV2qhRXPAlpcYYYaf5dG+CMw0+jFhtWBYIIHCd5dN16Y,2.131496,3.611883,2.846002
369900,a2JJDid759RYBNLdQjknGV2qhRXPAlpcYYYaf5dG+CMw0+jFhtWBYIIHCd5dN16Y,1.8996099999999998,3.9071519999999995,2.8657060000000003
370200,a2JJDid759RYBNLdQjknGV2qhRXPAlpcYYYaf5dG+CMw0+jFhtWBYIIHCd5dN16Y,2.053407,3.782035,2.798824
370500,a2JJDid759RYBNLdQjknGV2qhRXPAlpcYYYaf5dG+CMw0+jFhtWBYIIHCd5dN16Y,0.432328,5.072877,2.9048849999999997
370800,a2JJDid759RYBNLdQjknGV2qhRXPAlpcYYYaf5dG+CMw0+jFhtWBYIIHCd5dN16Y,1.8825189999999998,4.456968,2.852589
371100,a2JJDid759RYBNLdQjknGV2qhRXPAlpcYYYaf5dG+CMw0+jFhtWBYIIHCd5dN16Y,2.028689,4.278082,3.045388
371400,a2JJDid759RYBNLdQjknGV2qhRXPAlpcYYYaf5dG+CMw0+jFhtWBYIIHCd5dN16Y,2.266301,3.797472,2.818278
371700,a2JJDid759RYBNLdQjknGV2qhRXPAlpcYYYaf5dG+CMw0+jFhtWBYIIHCd5dN16Y,2.29402,10.66371,3.45577
372000,a2JJDid759RYBNLdQjknGV2qhRXPAlpcYYYaf5dG+CMw0+jFhtWBYIIHCd5dN16Y,1.9902950000000001,3.6353400000000002,2.9754
372300,a2JJDid759RYBNLdQjknGV2qhRXPAlpcYYYaf5dG+CMw0+jFhtWBYIIHCd5dN16Y,1.8772369999999998,4.201928,2.964212
372600,a2JJDid759RYBNLdQjknGV2qhRXPAlpcYYYaf5dG+CMw0+jFhtWBYIIHCd5dN16Y,2.020155,3.6474949999999997,2.849699
372900,a2JJDid759RYBNLdQjknGV2qhRXPAlpcYYYaf5dG+CMw0+jFhtWBYIIHCd5dN16Y,2.3272060000000003,4.389949,3.073127
373200,a2JJDid759RYBNLdQjknGV2qhRXPAlpcYYYaf5dG+CMw0+jFhtWBYIIHCd5dN16Y,0.826124,4.166988,2.779634
373500,a2JJDid759RYBNLdQjknGV2qhRXPAlpcYYYaf5dG+CMw0+jFhtWBYIIHCd5dN16Y,2.1531439999999997,4.283728,2.935536
373800,a2JJDid759RYBNLdQjknGV2qhRXPAlpcYYYaf5dG+CMw0+jFhtWBYIIHCd5dN16Y,1.8858139999999999,4.809335,3.001861
374100,a2JJDid759RYBNLdQjknGV2qhRXPAlpcYYYaf5dG+CMw0+jFhtWBYIIHCd5dN16Y,2.3160830000000003,5.253222,3.2493369999999997
374400,a2JJDid759RYBNLdQjknGV2qhRXPAlpcYYYaf5dG+CMw0+jFhtWBYIIHCd5dN16Y,2.000675,3.240247,2.616788
374700,a2JJDid759RYBNLdQjknGV2qhRXPAlpcYYYaf5dG+CMw0+jFhtWBYIIHCd5dN16Y,1.847723,4.085408,2.846131
375000,a2JJDid759RYBNLdQjknGV2qhRXPAlpcYYYaf5dG+CMw0+jFhtWBYIIHCd5dN16Y,0.38188,3.6587300000000003,2.447345
375300,a2JJDid759RYBNLdQjknGV2qhRXPAlpcYYYaf5dG+CMw0+jFhtWBYIIHCd5dN16Y,2.055756,9.926806,3.5049309999999996
375600,a2JJDid759RYBNLdQjknGV2qhRXPAlpcYYYaf5dG+CMw0+jFhtWBYIIHCd5dN16Y,1.8486650000000002,5.423349,2.661667
375900,a2JJDid759RYBNLdQjknGV2qhRXPAlpcYYYaf5dG+CMw0+jFhtWBYIIHCd5dN16Y,2.133437,5.108096,3.7017029999999997
376200,a2JJDid759RYBNLdQjknGV2qhRXPAlpcYYYaf5dG+CMw0+jFhtWBYIIHCd5dN16Y,2.582419,5.262997,3.8309349999999998
376500,a2JJDid759RYBNLdQjknGV2qhRXPAlpcYYYaf5dG+CMw0+jFhtWBYIIHCd5dN16Y,2.470368,14.031227,7.927811999999999
376800,a2JJDid759RYBNLdQjknGV2qhRXPAlpcYYYaf5dG+CMw0+jFhtWBYIIHCd5dN16Y,1.855741,4.676714,2.745304
377100,a2JJDid759RYBNLdQjknGV2qhRXPAlpcYYYaf5dG+CMw0+jFhtWBYIIHCd5dN16Y,1.760822,4.078688,2.7115709999999997
377400,a2JJDid759RYBNLdQjknGV2qhRXPAlpcYYYaf5dG+CMw0+jFhtWBYIIHCd5dN16Y,2.117239,4.724062,2.8784669999999997
377700,a2JJDid759RYBNLdQjknGV2qhRXPAlpcYYYaf5dG+CMw0+jFhtWBYIIHCd5dN16Y,2.007613,5.274698,2.947754
378000,a2JJDid759RYBNLdQjknGV2qhRXPAlpcYYYaf5dG+CMw0+jFhtWBYIIHCd5dN16Y,2.112103,8.687739,3.224502
378300,a2JJDid759RYBNLdQjknGV2qhRXPAlpcYYYaf5dG+CMw0+jFhtWBYIIHCd5dN16Y,2.121195,3.8302730000000005,2.788329
378600,a2JJDid759RYBNLdQjknGV2qhRXPAlpcYYYaf5dG+CMw0+jFhtWBYIIHCd5dN16Y,0.96188,3.4484879999999998,2.5236709999999998
378900,a2JJDid759RYBNLdQjknGV2qhRXPAlpcYYYaf5dG+CMw0+jFhtWBYIIHCd5dN16Y,1.892305,3.92516,2.7879560000000003
379200,a2JJDid759RYBNLdQjknGV2qhRXPAlpcYYYaf5dG+CMw0+jFhtWBYIIHCd5dN16Y,0.9784370000000001,3.640868,2.461263
379500,a2JJDid759RYBNLdQjknGV2qhRXPAlpcYYYaf5dG+CMw0+jFhtWBYIIHCd5dN16Y,1.636654,4.821822,2.567418
379800,a2JJDid759RYBNLdQjknGV2qhRXPAlpcYYYaf5dG+CMw0+jFhtWBYIIHCd5dN16Y,1.24993,3.374228,2.2811220000000003
380100,a2JJDid759RYBNLdQjknGV2qhRXPAlpcYYYaf5dG+CMw0+jFhtWBYIIHCd5dN16Y,2.1008419999999997,4.547944,3.034477
380400,a2JJDid759RYBNLdQjknGV2qhRXPAlpcYYYaf5dG+CMw0+jFhtWBYIIHCd5dN16Y,1.049963,4.080407,2.341993
380700,a2JJDid759RYBNLdQjknGV2qhRXPAlpcYYYaf5dG+CMw0+jFhtWBYIIHCd5dN16Y,1.1201370000000002,3.6094209999999998,2.631639
381000,a2JJDid759RYBNLdQjknGV2qhRXPAlpcYYYaf5dG+CMw0+jFhtWBYIIHCd5dN16Y,1.8258240000000001,4.563132,2.647895
381300,a2JJDid759RYBNLdQjknGV2qhRXPAlpcYYYaf5dG+CMw0+jFhtWBYIIHCd5dN16Y,1.22776,16.744384,4.032177
381600,a2JJDid759RYBNLdQjknGV2qhRXPAlpcYYYaf5dG+CMw0+jFhtWBYIIHCd5dN16Y,2.080969,4.580374,2.81555
381900,a2JJDid759RYBNLdQjknGV2qhRXPAlpcYYYaf5dG+CMw0+jFhtWBYIIHCd5dN16Y,1.716688,4.810324,2.555196
382200,a2JJDid759RYBNLdQjknGV2qhRXPAlpcYYYaf5dG+CMw0+jFhtWBYIIHCd5dN16Y,1.542605,3.8824980000000004,2.4009650000000002
382500,a2JJDid759RYBNLdQjknGV2qhRXPAlpcYYYaf5dG+CMw0+jFhtWBYIIHCd5dN16Y,1.7892970000000001,4.3349660000000005,2.838968
382800,a2JJDid759RYBNLdQjknGV2qhRXPAlpcYYYaf5dG+CMw0+jFhtWBYIIHCd5dN16Y,1.673195,4.311393,2.477158
383100,a2JJDid759RYBNLdQjknGV2qhRXPAlpcYYYaf5dG+CMw0+jFhtWBYIIHCd5dN16Y,0.606668,4.097208999999999,2.469267
383400,a2JJDid759RYBNLdQjknGV2qhRXPAlpcYYYaf5dG+CMw0+jFhtWBYIIHCd5dN16Y,1.769255,4.132649,2.75041
383700,a2JJDid759RYBNLdQjknGV2qhRXPAlpcYYYaf5dG+CMw0+jFhtWBYIIHCd5dN16Y,0.9255770000000001,4.7496849999999995,2.656111
384000,a2JJDid759RYBNLdQjknGV2qhRXPAlpcYYYaf5dG+CMw0+jFhtWBYIIHCd5dN16Y,1.587801,4.0487519999999995,2.6310990000000003
384300,a2JJDid759RYBNLdQjknGV2qhRXPAlpcYYYaf5dG+CMw0+jFhtWBYIIHCd5dN16Y,0.813882,4.027876,2.381551
384600,a2JJDid759RYBNLdQjknGV2qhRXPAlpcYYYaf5dG+CMw0+jFhtWBYIIHCd5dN16Y,1.594354,3.379061,2.4055400000000002
384900,a2JJDid759RYBNLdQjknGV2qhRXPAlpcYYYaf5dG+CMw0+jFhtWBYIIHCd5dN16Y,1.410699,5.184516,2.928818
385200,a2JJDid759RYBNLdQjknGV2qhRXPAlpcYYYaf5dG+CMw0+jFhtWBYIIHCd5dN16Y,1.752527,4.2902379999999996,2.71808
385500,a2JJDid759RYBNLdQjknGV2qhRXPAlpcYYYaf5dG+CMw0+jFhtWBYIIHCd5dN16Y,1.9217380000000002,4.642156,2.778756
385800,a2JJDid759RYBNLdQjknGV2qhRXPAlpcYYYaf5dG+CMw0+jFhtWBYIIHCd5dN16Y,1.811618,4.245701,2.68172
386100,a2JJDid759RYBNLdQjknGV2qhRXPAlpcYYYaf5dG+CMw0+jFhtWBYIIHCd5dN16Y,1.7930169999999999,3.9321019999999995,2.726582
386400,a2JJDid759RYBNLdQjknGV2qhRXPAlpcYYYaf5dG+CMw0+jFhtWBYIIHCd5dN16Y,0.46396400000000004,4.730012,2.786837
386700,a2JJDid759RYBNLdQjknGV2qhRXPAlpcYYYaf5dG+CMw0+jFhtWBYIIHCd5dN16Y,2.0733770000000002,4.148926,2.956836
387000,a2JJDid759RYBNLdQjknGV2qhRXPAlpcYYYaf5dG+CMw0+jFhtWBYIIHCd5dN16Y,1.041459,4.6636239999999995,2.762126
387300,a2JJDid759RYBNLdQjknGV2qhRXPAlpcYYYaf5dG+CMw0+jFhtWBYIIHCd5dN16Y,2.311132,4.42531,3.0524419999999997
387600,a2JJDid759RYBNLdQjknGV2qhRXPAlpcYYYaf5dG+CMw0+jFhtWBYIIHCd5dN16Y,2.113909,5.262816,2.975957
387900,a2JJDid759RYBNLdQjknGV2qhRXPAlpcYYYaf5dG+CMw0+jFhtWBYIIHCd5dN16Y,1.949561,5.30786,3.139785
388200,a2JJDid759RYBNLdQjknGV2qhRXPAlpcYYYaf5dG+CMw0+jFhtWBYIIHCd5dN16Y,2.018255,3.5749190000000004,2.7770759999999997
388500,a2JJDid759RYBNLdQjknGV2qhRXPAlpcYYYaf5dG+CMw0+jFhtWBYIIHCd5dN16Y,0.586553,5.468392,2.90579
388800,a2JJDid759RYBNLdQjknGV2qhRXPAlpcYYYaf5dG+CMw0+jFhtWBYIIHCd5dN16Y,2.196236,4.766975,2.888933
389100,a2JJDid759RYBNLdQjknGV2qhRXPAlpcYYYaf5dG+CMw0+jFhtWBYIIHCd5dN16Y,0.9849709999999999,4.919695,2.873341
389400,a2JJDid759RYBNLdQjknGV2qhRXPAlpcYYYaf5dG+CMw0+jFhtWBYIIHCd5dN16Y,2.147514,4.357562000000001,2.89085
389700,a2JJDid759RYBNLdQjknGV2qhRXPAlpcYYYaf5dG+CMw0+jFhtWBYIIHCd5dN16Y,1.218553,4.273162999999999,2.7364439999999997
390000,a2JJDid759RYBNLdQjknGV2qhRXPAlpcYYYaf5dG+CMw0+jFhtWBYIIHCd5dN16Y,2.074161,3.9754370000000003,2.924244
390300,a2JJDid759RYBNLdQjknGV2qhRXPAlpcYYYaf5dG+CMw0+jFhtWBYIIHCd5dN16Y,2.404219,5.184807,3.1588540000000003
390600,a2JJDid759RYBNLdQjknGV2qhRXPAlpcYYYaf5dG+CMw0+jFhtWBYIIHCd5dN16Y,0.861452,4.469866000000001,3.109516
390900,a2JJDid759RYBNLdQjknGV2qhRXPAlpcYYYaf5dG+CMw0+jFhtWBYIIHCd5dN16Y,2.460391,5.271196,3.401665
391200,a2JJDid759RYBNLdQjknGV2qhRXPAlpcYYYaf5dG+CMw0+jFhtWBYIIHCd5dN16Y,2.225847,7.753236,3.433379
391500,a2JJDid759RYBNLdQjknGV2qhRXPAlpcYYYaf5dG+CMw0+jFhtWBYIIHCd5dN16Y,2.3308240000000002,5.108901,3.186774
391800,a2JJDid759RYBNLdQjknGV2qhRXPAlpcYYYaf5dG+CMw0+jFhtWBYIIHCd5dN16Y,0.586653,5.145696,2.646163
392100,a2JJDid759RYBNLdQjknGV2qhRXPAlpcYYYaf5dG+CMw0+jFhtWBYIIHCd5dN16Y,1.3615620000000002,5.001403,2.6366669999999996
392400,a2JJDid759RYBNLdQjknGV2qhRXPAlpcYYYaf5dG+CMw0+jFhtWBYIIHCd5dN16Y,2.14301,4.3946,2.7086669999999997
392700,a2JJDid759RYBNLdQjknGV2qhRXPAlpcYYYaf5dG+CMw0+jFhtWBYIIHCd5dN16Y,1.8779689999999998,4.846979,2.7632689999999998
393000,a2JJDid759RYBNLdQjknGV2qhRXPAlpcYYYaf5dG+CMw0+jFhtWBYIIHCd5dN16Y,1.69032,5.590396,2.837007
393300,a2JJDid759RYBNLdQjknGV2qhRXPAlpcYYYaf5dG+CMw0+jFhtWBYIIHCd5dN16Y,1.692373,3.667036,2.565156
393600,a2JJDid759RYBNLdQjknGV2qhRXPAlpcYYYaf5dG+CMw0+jFhtWBYIIHCd5dN16Y,1.9048759999999998,3.864143,2.672952
393900,a2JJDid759RYBNLdQjknGV2qhRXPAlpcYYYaf5dG+CMw0+jFhtWBYIIHCd5dN16Y,0.784328,4.4428529999999995,2.5045610000000003
394200,a2JJDid759RYBNLdQjknGV2qhRXPAlpcYYYaf5dG+CMw0+jFhtWBYIIHCd5dN16Y,1.9211049999999998,3.815724,2.722978
394500,a2JJDid759RYBNLdQjknGV2qhRXPAlpcYYYaf5dG+CMw0+jFhtWBYIIHCd5dN16Y,0.9562379999999999,3.141133,2.514809
394800,a2JJDid759RYBNLdQjknGV2qhRXPAlpcYYYaf5dG+CMw0+jFhtWBYIIHCd5dN16Y,2.009578,3.5019760000000004,2.581855
395100,a2JJDid759RYBNLdQjknGV2qhRXPAlpcYYYaf5dG+CMw0+jFhtWBYIIHCd5dN16Y,2.349847,4.909226,3.086424
395400,a2JJDid759RYBNLdQjknGV2qhRXPAlpcYYYaf5dG+CMw0+jFhtWBYIIHCd5dN16Y,2.288584,4.410761,2.988739
395700,a2JJDid759RYBNLdQjknGV2qhRXPAlpcYYYaf5dG+CMw0+jFhtWBYIIHCd5dN16Y,2.793029,15.603192000000002,4.564744
396000,a2JJDid759RYBNLdQjknGV2qhRXPAlpcYYYaf5dG+CMw0+jFhtWBYIIHCd5dN16Y,1.931784,6.065871,3.325754
396300,a2JJDid759RYBNLdQjknGV2qhRXPAlpcYYYaf5dG+CMw0+jFhtWBYIIHCd5dN16Y,2.287026,36.514696,7.2533199999999995
396600,a2JJDid759RYBNLdQjknGV2qhRXPAlpcYYYaf5dG+CMw0+jFhtWBYIIHCd5dN16Y,2.315755,4.34604,3.078825
396900,a2JJDid759RYBNLdQjknGV2qhRXPAlpcYYYaf5dG+CMw0+jFhtWBYIIHCd5dN16Y,2.3599360000000003,4.3869489999999995,3.067072
397200,a2JJDid759RYBNLdQjknGV2qhRXPAlpcYYYaf5dG+CMw0+jFhtWBYIIHCd5dN16Y,2.3205009999999997,6.045895,3.374875
397500,a2JJDid759RYBNLdQjknGV2qhRXPAlpcYYYaf5dG+CMw0+jFhtWBYIIHCd5dN16Y,1.602574,5.335822,2.857844
397800,a2JJDid759RYBNLdQjknGV2qhRXPAlpcYYYaf5dG+CMw0+jFhtWBYIIHCd5dN16Y,2.1863189999999997,4.674191,2.914468
398100,a2JJDid759RYBNLdQjknGV2qhRXPAlpcYYYaf5dG+CMw0+jFhtWBYIIHCd5dN16Y,1.9639939999999998,4.84722,3.186743
398400,a2JJDid759RYBNLdQjknGV2qhRXPAlpcYYYaf5dG+CMw0+jFhtWBYIIHCd5dN16Y,1.908189,4.670603,2.824424
398700,a2JJDid759RYBNLdQjknGV2qhRXPAlpcYYYaf5dG+CMw0+jFhtWBYIIHCd5dN16Y,0.5299050000000001,4.819405000000001,2.712919
399000,a2JJDid759RYBNLdQjknGV2qhRXPAlpcYYYaf5dG+CMw0+jFhtWBYIIHCd5dN16Y,2.0750990000000002,4.603365,2.790547
399300,a2JJDid759RYBNLdQjknGV2qhRXPAlpcYYYaf5dG+CMw0+jFhtWBYIIHCd5dN16Y,1.5637510000000001,5.6478470000000005,2.929364
399600,a2JJDid759RYBNLdQjknGV2qhRXPAlpcYYYaf5dG+CMw0+jFhtWBYIIHCd5dN16Y,2.165364,4.1567050000000005,3.099365
399900,a2JJDid759RYBNLdQjknGV2qhRXPAlpcYYYaf5dG+CMw0+jFhtWBYIIHCd5dN16Y,2.113438,4.361224,2.998343
400200,a2JJDid759RYBNLdQjknGV2qhRXPAlpcYYYaf5dG+CMw0+jFhtWBYIIHCd5dN16Y,2.0459970000000003,4.028304,2.8279419999999997
400500,a2JJDid759RYBNLdQjknGV2qhRXPAlpcYYYaf5dG+CMw0+jFhtWBYIIHCd5dN16Y,0.510045,4.487665,2.699924
400800,a2JJDid759RYBNLdQjknGV2qhRXPAlpcYYYaf5dG+CMw0+jFhtWBYIIHCd5dN16Y,2.432864,4.174618,3.024127
401100,a2JJDid759RYBNLdQjknGV2qhRXPAlpcYYYaf5dG+CMw0+jFhtWBYIIHCd5dN16Y,2.3867990000000003,7.813860000000001,3.693051
401400,a2JJDid759RYBNLdQjknGV2qhRXPAlpcYYYaf5dG+CMw0+jFhtWBYIIHCd5dN16Y,1.498672,3.7421349999999998,2.571005
401700,a2JJDid759RYBNLdQjknGV2qhRXPAlpcYYYaf5dG+CMw0+jFhtWBYIIHCd5dN16Y,2.42599,4.3558900000000005,3.0828290000000003
402000,a2JJDid759RYBNLdQjknGV2qhRXPAlpcYYYaf5dG+CMw0+jFhtWBYIIHCd5dN16Y,2.289724,4.474694,3.03154
402300,a2JJDid759RYBNLdQjknGV2qhRXPAlpcYYYaf5dG+CMw0+jFhtWBYIIHCd5dN16Y,1.861443,4.874097,3.00001
402600,a2JJDid759RYBNLdQjknGV2qhRXPAlpcYYYaf5dG+CMw0+jFhtWBYIIHCd5dN16Y,2.012099,4.086172,2.9063380000000003
402900,a2JJDid759RYBNLdQjknGV2qhRXPAlpcYYYaf5dG+CMw0+jFhtWBYIIHCd5dN16Y,1.832962,5.114528,3.103242
403200,a2JJDid759RYBNLdQjknGV2qhRXPAlpcYYYaf5dG+CMw0+jFhtWBYIIHCd5dN16Y,2.305597,5.006913,3.109339
403500,a2JJDid759RYBNLdQjknGV2qhRXPAlpcYYYaf5dG+CMw0+jFhtWBYIIHCd5dN16Y,2.05646,4.115927,3.063901
403800,a2JJDid759RYBNLdQjknGV2qhRXPAlpcYYYaf5dG+CMw0+jFhtWBYIIHCd5dN16Y,0.478753,4.898205,2.343834
404100,a2JJDid759RYBNLdQjknGV2qhRXPAlpcYYYaf5dG+CMw0+jFhtWBYIIHCd5dN16Y,2.297298,4.103836,3.030514
406800,a2JJDid759RYBNLdQjknGV2qhRXPAlpcYYYaf5dG+CMw0+jFhtWBYIIHCd5dN16Y,0.641977,3.9353910000000005,2.601603
407100,a2JJDid759RYBNLdQjknGV2qhRXPAlpcYYYaf5dG+CMw0+jFhtWBYIIHCd5dN16Y,0.49467799999999995,4.2096,2.578945
407400,a2JJDid759RYBNLdQjknGV2qhRXPAlpcYYYaf5dG+CMw0+jFhtWBYIIHCd5dN16Y,1.807203,4.838592,2.845538
407700,a2JJDid759RYBNLdQjknGV2qhRXPAlpcYYYaf5dG+CMw0+jFhtWBYIIHCd5dN16Y,0.906066,4.052442,2.7398759999999998
408000,a2JJDid759RYBNLdQjknGV2qhRXPAlpcYYYaf5dG+CMw0+jFhtWBYIIHCd5dN16Y,1.880759,4.141692,2.962884
408300,a2JJDid759RYBNLdQjknGV2qhRXPAlpcYYYaf5dG+CMw0+jFhtWBYIIHCd5dN16Y,1.6903419999999998,6.769469,2.9898759999999998
408600,a2JJDid759RYBNLdQjknGV2qhRXPAlpcYYYaf5dG+CMw0+jFhtWBYIIHCd5dN16Y,1.6640720000000002,3.4912339999999995,2.64446
408900,a2JJDid759RYBNLdQjknGV2qhRXPAlpcYYYaf5dG+CMw0+jFhtWBYIIHCd5dN16Y,1.390729,13.724366,3.4244839999999996
409200,a2JJDid759RYBNLdQjknGV2qhRXPAlpcYYYaf5dG+CMw0+jFhtWBYIIHCd5dN16Y,1.738241,3.996748,2.6438490000000003
409500,a2JJDid759RYBNLdQjknGV2qhRXPAlpcYYYaf5dG+CMw0+jFhtWBYIIHCd5dN16Y,1.467646,3.3470459999999997,2.46083
409800,a2JJDid759RYBNLdQjknGV2qhRXPAlpcYYYaf5dG+CMw0+jFhtWBYIIHCd5dN16Y,2.157255,3.881156,2.768239
410100,a2JJDid759RYBNLdQjknGV2qhRXPAlpcYYYaf5dG+CMw0+jFhtWBYIIHCd5dN16Y,1.528815,5.825854,2.764396
410400,a2JJDid759RYBNLdQjknGV2qhRXPAlpcYYYaf5dG+CMw0+jFhtWBYIIHCd5dN16Y,1.039215,3.712457,2.6955299999999998
410700,a2JJDid759RYBNLdQjknGV2qhRXPAlpcYYYaf5dG+CMw0+jFhtWBYIIHCd5dN16Y,2.417309,4.334482,3.081396
411000,a2JJDid759RYBNLdQjknGV2qhRXPAlpcYYYaf5dG+CMw0+jFhtWBYIIHCd5dN16Y,1.3649799999999999,4.014941,2.79619
411300,a2JJDid759RYBNLdQjknGV2qhRXPAlpcYYYaf5dG+CMw0+jFhtWBYIIHCd5dN16Y,1.614293,3.839519,2.573989
411600,a2JJDid759RYBNLdQjknGV2qhRXPAlpcYYYaf5dG+CMw0+jFhtWBYIIHCd5dN16Y,0.755484,4.015689,2.639723
411900,a2JJDid759RYBNLdQjknGV2qhRXPAlpcYYYaf5dG+CMw0+jFhtWBYIIHCd5dN16Y,1.500224,4.34414,2.784639
412200,a2JJDid759RYBNLdQjknGV2qhRXPAlpcYYYaf5dG+CMw0+jFhtWBYIIHCd5dN16Y,1.905829,5.660519,3.112939
412500,a2JJDid759RYBNLdQjknGV2qhRXPAlpcYYYaf5dG+CMw0+jFhtWBYIIHCd5dN16Y,0.389437,4.494926,2.740017
412800,a2JJDid759RYBNLdQjknGV2qhRXPAlpcYYYaf5dG+CMw0+jFhtWBYIIHCd5dN16Y,2.405337,4.808694999999999,3.063056
413100,a2JJDid759RYBNLdQjknGV2qhRXPAlpcYYYaf5dG+CMw0+jFhtWBYIIHCd5dN16Y,1.760774,3.8719019999999995,2.718599
413400,a2JJDid759RYBNLdQjknGV2qhRXPAlpcYYYaf5dG+CMw0+jFhtWBYIIHCd5dN16Y,1.10248,3.7563120000000003,2.372104
413700,a2JJDid759RYBNLdQjknGV2qhRXPAlpcYYYaf5dG+CMw0+jFhtWBYIIHCd5dN16Y,1.46375,5.045974,2.72316
414000,a2JJDid759RYBNLdQjknGV2qhRXPAlpcYYYaf5dG+CMw0+jFhtWBYIIHCd5dN16Y,0.6789310000000001,3.9187790000000002,2.365366
414300,a2JJDid759RYBNLdQjknGV2qhRXPAlpcYYYaf5dG+CMw0+jFhtWBYIIHCd5dN16Y,0.504156,4.240322,2.410749
414600,a2JJDid759RYBNLdQjknGV2qhRXPAlpcYYYaf5dG+CMw0+jFhtWBYIIHCd5dN16Y,1.486438,3.758251,2.304232
414900,a2JJDid759RYBNLdQjknGV2qhRXPAlpcYYYaf5dG+CMw0+jFhtWBYIIHCd5dN16Y,0.855649,3.9473019999999996,2.382963
415200,a2JJDid759RYBNLdQjknGV2qhRXPAlpcYYYaf5dG+CMw0+jFhtWBYIIHCd5dN16Y,1.507792,3.549361,2.415746
415500,a2JJDid759RYBNLdQjknGV2qhRXPAlpcYYYaf5dG+CMw0+jFhtWBYIIHCd5dN16Y,1.8412080000000002,3.8017849999999997,2.6575889999999998
415800,a2JJDid759RYBNLdQjknGV2qhRXPAlpcYYYaf5dG+CMw0+jFhtWBYIIHCd5dN16Y,1.8498740000000002,4.8418,3.037909
416100,a2JJDid759RYBNLdQjknGV2qhRXPAlpcYYYaf5dG+CMw0+jFhtWBYIIHCd5dN16Y,1.850556,21.536179999999998,4.02963
416400,a2JJDid759RYBNLdQjknGV2qhRXPAlpcYYYaf5dG+CMw0+jFhtWBYIIHCd5dN16Y,2.104955,4.04105,2.904155
416700,a2JJDid759RYBNLdQjknGV2qhRXPAlpcYYYaf5dG+CMw0+jFhtWBYIIHCd5dN16Y,2.31071,5.714078,3.3659879999999998
417000,a2JJDid759RYBNLdQjknGV2qhRXPAlpcYYYaf5dG+CMw0+jFhtWBYIIHCd5dN16Y,0.380205,3.7894690000000004,2.622802
417300,a2JJDid759RYBNLdQjknGV2qhRXPAlpcYYYaf5dG+CMw0+jFhtWBYIIHCd5dN16Y,2.217045,5.465693,3.2799650000000002
417600,a2JJDid759RYBNLdQjknGV2qhRXPAlpcYYYaf5dG+CMw0+jFhtWBYIIHCd5dN16Y,0.502104,4.568585,2.955482
417900,a2JJDid759RYBNLdQjknGV2qhRXPAlpcYYYaf5dG+CMw0+jFhtWBYIIHCd5dN16Y,2.2823689999999996,5.010301999999999,3.2211380000000003
418200,a2JJDid759RYBNLdQjknGV2qhRXPAlpcYYYaf5dG+CMw0+jFhtWBYIIHCd5dN16Y,1.499816,4.5051309999999996,3.056708
418500,a2JJDid759RYBNLdQjknGV2qhRXPAlpcYYYaf5dG+CMw0+jFhtWBYIIHCd5dN16Y,2.348959,5.261781,3.458219
418800,a2JJDid759RYBNLdQjknGV2qhRXPAlpcYYYaf5dG+CMw0+jFhtWBYIIHCd5dN16Y,2.1287849999999997,30.733144,4.727101
419100,a2JJDid759RYBNLdQjknGV2qhRXPAlpcYYYaf5dG+CMw0+jFhtWBYIIHCd5dN16Y,2.1387,5.503233,3.373075
419400,a2JJDid759RYBNLdQjknGV2qhRXPAlpcYYYaf5dG+CMw0+jFhtWBYIIHCd5dN16Y,0.393477,5.537211,3.019155
419700,a2JJDid759RYBNLdQjknGV2qhRXPAlpcYYYaf5dG+CMw0+jFhtWBYIIHCd5dN16Y,0.31885,4.1041300000000005,2.652368
420000,a2JJDid759RYBNLdQjknGV2qhRXPAlpcYYYaf5dG+CMw0+jFhtWBYIIHCd5dN16Y,2.127071,3.976989,2.7551200000000002
420300,a2JJDid759RYBNLdQjknGV2qhRXPAlpcYYYaf5dG+CMw0+jFhtWBYIIHCd5dN16Y,1.53233,7.064881,3.2423669999999998
420600,a2JJDid759RYBNLdQjknGV2qhRXPAlpcYYYaf5dG+CMw0+jFhtWBYIIHCd5dN16Y,1.887034,4.411164,2.645092
420900,a2JJDid759RYBNLdQjknGV2qhRXPAlpcYYYaf5dG+CMw0+jFhtWBYIIHCd5dN16Y,0.646345,3.635783,2.471441
421200,a2JJDid759RYBNLdQjknGV2qhRXPAlpcYYYaf5dG+CMw0+jFhtWBYIIHCd5dN16Y,1.579305,4.166821,2.7480189999999998
421500,a2JJDid759RYBNLdQjknGV2qhRXPAlpcYYYaf5dG+CMw0+jFhtWBYIIHCd5dN16Y,1.479152,51.115204,5.47537
421800,a2JJDid759RYBNLdQjknGV2qhRXPAlpcYYYaf5dG+CMw0+jFhtWBYIIHCd5dN16Y,1.7551330000000003,4.150442,2.731546
422100,a2JJDid759RYBNLdQjknGV2qhRXPAlpcYYYaf5dG+CMw0+jFhtWBYIIHCd5dN16Y,1.291057,4.201866000000001,2.6374299999999997
422400,a2JJDid759RYBNLdQjknGV2qhRXPAlpcYYYaf5dG+CMw0+jFhtWBYIIHCd5dN16Y,0.406954,3.981649,2.653012
422700,a2JJDid759RYBNLdQjknGV2qhRXPAlpcYYYaf5dG+CMw0+jFhtWBYIIHCd5dN16Y,1.2466139999999999,4.733493,2.957075
423000,a2JJDid759RYBNLdQjknGV2qhRXPAlpcYYYaf5dG+CMw0+jFhtWBYIIHCd5dN16Y,0.312867,3.8120260000000004,2.531075
423300,a2JJDid759RYBNLdQjknGV2qhRXPAlpcYYYaf5dG+CMw0+jFhtWBYIIHCd5dN16Y,2.041791,4.803865,3.005194
423600,a2JJDid759RYBNLdQjknGV2qhRXPAlpcYYYaf5dG+CMw0+jFhtWBYIIHCd5dN16Y,0.37959699999999996,4.283315,2.419671
423900,a2JJDid759RYBNLdQjknGV2qhRXPAlpcYYYaf5dG+CMw0+jFhtWBYIIHCd5dN16Y,1.917466,3.942257,2.921037
424200,a2JJDid759RYBNLdQjknGV2qhRXPAlpcYYYaf5dG+CMw0+jFhtWBYIIHCd5dN16Y,2.111295,45.646436,4.939514
424500,a2JJDid759RYBNLdQjknGV2qhRXPAlpcYYYaf5dG+CMw0+jFhtWBYIIHCd5dN16Y,2.4757830000000003,5.551028,3.348579
424800,a2JJDid759RYBNLdQjknGV2qhRXPAlpcYYYaf5dG+CMw0+jFhtWBYIIHCd5dN16Y,0.37299899999999997,6.3840959999999995,3.4699769999999996
425100,a2JJDid759RYBNLdQjknGV2qhRXPAlpcYYYaf5dG+CMw0+jFhtWBYIIHCd5dN16Y,2.3853150000000003,22.197551999999998,5.865796
425400,a2JJDid759RYBNLdQjknGV2qhRXPAlpcYYYaf5dG+CMw0+jFhtWBYIIHCd5dN16Y,1.6531939999999998,4.863226,3.12811
425700,a2JJDid759RYBNLdQjknGV2qhRXPAlpcYYYaf5dG+CMw0+jFhtWBYIIHCd5dN16Y,0.45646000000000003,4.575657,2.8254740000000003
426000,a2JJDid759RYBNLdQjknGV2qhRXPAlpcYYYaf5dG+CMw0+jFhtWBYIIHCd5dN16Y,2.146774,3.75205,2.965896
426300,a2JJDid759RYBNLdQjknGV2qhRXPAlpcYYYaf5dG+CMw0+jFhtWBYIIHCd5dN16Y,0.577434,4.817323,3.112727
426600,a2JJDid759RYBNLdQjknGV2qhRXPAlpcYYYaf5dG+CMw0+jFhtWBYIIHCd5dN16Y,2.318489,4.962008,3.399511
426900,a2JJDid759RYBNLdQjknGV2qhRXPAlpcYYYaf5dG+CMw0+jFhtWBYIIHCd5dN16Y,1.75843,41.558721000000006,6.515371
427200,a2JJDid759RYBNLdQjknGV2qhRXPAlpcYYYaf5dG+CMw0+jFhtWBYIIHCd5dN16Y,2.116938,5.186047,3.1906849999999998
427500,a2JJDid759RYBNLdQjknGV2qhRXPAlpcYYYaf5dG+CMw0+jFhtWBYIIHCd5dN16Y,1.4053209999999998,4.201569999999999,2.903882
427800,a2JJDid759RYBNLdQjknGV2qhRXPAlpcYYYaf5dG+CMw0+jFhtWBYIIHCd5dN16Y,1.345513,4.078812,2.839155
428100,a2JJDid759RYBNLdQjknGV2qhRXPAlpcYYYaf5dG+CMw0+jFhtWBYIIHCd5dN16Y,1.4707629999999998,5.0857730000000005,2.620683
428400,a2JJDid759RYBNLdQjknGV2qhRXPAlpcYYYaf5dG+CMw0+jFhtWBYIIHCd5dN16Y,0.535977,3.8144410000000004,2.301784
428700,a2JJDid759RYBNLdQjknGV2qhRXPAlpcYYYaf5dG+CMw0+jFhtWBYIIHCd5dN16Y,1.8622330000000002,4.5030220000000005,2.821529
429000,a2JJDid759RYBNLdQjknGV2qhRXPAlpcYYYaf5dG+CMw0+jFhtWBYIIHCd5dN16Y,0.944707,3.4706059999999996,2.413925
429300,a2JJDid759RYBNLdQjknGV2qhRXPAlpcYYYaf5dG+CMw0+jFhtWBYIIHCd5dN16Y,1.7578330000000002,4.587791,2.892816
429600,a2JJDid759RYBNLdQjknGV2qhRXPAlpcYYYaf5dG+CMw0+jFhtWBYIIHCd5dN16Y,1.6930169999999998,45.125344,5.7378290000000005
429900,a2JJDid759RYBNLdQjknGV2qhRXPAlpcYYYaf5dG+CMw0+jFhtWBYIIHCd5dN16Y,1.369094,3.73196,2.464321
430200,a2JJDid759RYBNLdQjknGV2qhRXPAlpcYYYaf5dG+CMw0+jFhtWBYIIHCd5dN16Y,0.32945100000000005,3.5596699999999997,2.475093
430500,a2JJDid759RYBNLdQjknGV2qhRXPAlpcYYYaf5dG+CMw0+jFhtWBYIIHCd5dN16Y,2.353437,6.003448000000001,3.8778650000000003
430800,a2JJDid759RYBNLdQjknGV2qhRXPAlpcYYYaf5dG+CMw0+jFhtWBYIIHCd5dN16Y,2.041562,6.048046,3.554728
431100,a2JJDid759RYBNLdQjknGV2qhRXPAlpcYYYaf5dG+CMw0+jFhtWBYIIHCd5dN16Y,1.425042,11.559708,7.3954960000000005
431400,a2JJDid759RYBNLdQjknGV2qhRXPAlpcYYYaf5dG+CMw0+jFhtWBYIIHCd5dN16Y,1.649929,3.92659,2.6396610000000003
431700,a2JJDid759RYBNLdQjknGV2qhRXPAlpcYYYaf5dG+CMw0+jFhtWBYIIHCd5dN16Y,0.50756,3.6609769999999995,2.524807
432000,a2JJDid759RYBNLdQjknGV2qhRXPAlpcYYYaf5dG+CMw0+jFhtWBYIIHCd5dN16Y,1.8049959999999998,3.4638910000000003,2.7238189999999998
432300,a2JJDid759RYBNLdQjknGV2qhRXPAlpcYYYaf5dG+CMw0+jFhtWBYIIHCd5dN16Y,1.898613,42.972691,5.518066999999999
432600,a2JJDid759RYBNLdQjknGV2qhRXPAlpcYYYaf5dG+CMw0+jFhtWBYIIHCd5dN16Y,2.220111,4.567085,3.043889
432900,a2JJDid759RYBNLdQjknGV2qhRXPAlpcYYYaf5dG+CMw0+jFhtWBYIIHCd5dN16Y,1.410224,4.320192,2.909532
433200,a2JJDid759RYBNLdQjknGV2qhRXPAlpcYYYaf5dG+CMw0+jFhtWBYIIHCd5dN16Y,0.5350590000000001,3.9617089999999995,2.602029
433500,a2JJDid759RYBNLdQjknGV2qhRXPAlpcYYYaf5dG+CMw0+jFhtWBYIIHCd5dN16Y,1.7696049999999999,3.9646519999999996,2.74547
433800,a2JJDid759RYBNLdQjknGV2qhRXPAlpcYYYaf5dG+CMw0+jFhtWBYIIHCd5dN16Y,1.7567549999999998,5.879077,2.88793
434100,a2JJDid759RYBNLdQjknGV2qhRXPAlpcYYYaf5dG+CMw0+jFhtWBYIIHCd5dN16Y,1.0738299999999998,3.71421,2.193701
434400,a2JJDid759RYBNLdQjknGV2qhRXPAlpcYYYaf5dG+CMw0+jFhtWBYIIHCd5dN16Y,1.457494,2.828007,1.915084
434700,a2JJDid759RYBNLdQjknGV2qhRXPAlpcYYYaf5dG+CMw0+jFhtWBYIIHCd5dN16Y,1.522393,3.171891,2.1891990000000003
435000,a2JJDid759RYBNLdQjknGV2qhRXPAlpcYYYaf5dG+CMw0+jFhtWBYIIHCd5dN16Y,1.293457,28.92721,3.7531309999999998
435300,a2JJDid759RYBNLdQjknGV2qhRXPAlpcYYYaf5dG+CMw0+jFhtWBYIIHCd5dN16Y,1.7768119999999998,4.185613,2.701681
435600,a2JJDid759RYBNLdQjknGV2qhRXPAlpcYYYaf5dG+CMw0+jFhtWBYIIHCd5dN16Y,2.044762,5.175331,2.76308
435900,a2JJDid759RYBNLdQjknGV2qhRXPAlpcYYYaf5dG+CMw0+jFhtWBYIIHCd5dN16Y,0.376362,3.4673160000000003,2.417735
436200,a2JJDid759RYBNLdQjknGV2qhRXPAlpcYYYaf5dG+CMw0+jFhtWBYIIHCd5dN16Y,1.6489759999999998,3.713626,2.4317889999999998
436500,a2JJDid759RYBNLdQjknGV2qhRXPAlpcYYYaf5dG+CMw0+jFhtWBYIIHCd5dN16Y,0.391703,4.489532,2.533014
436800,a2JJDid759RYBNLdQjknGV2qhRXPAlpcYYYaf5dG+CMw0+jFhtWBYIIHCd5dN16Y,1.5063360000000001,3.29145,2.492543
437100,a2JJDid759RYBNLdQjknGV2qhRXPAlpcYYYaf5dG+CMw0+jFhtWBYIIHCd5dN16Y,1.127687,3.736096,2.299429
437400,a2JJDid759RYBNLdQjknGV2qhRXPAlpcYYYaf5dG+CMw0+jFhtWBYIIHCd5dN16Y,1.568589,3.8323080000000003,2.238379
437700,a2JJDid759RYBNLdQjknGV2qhRXPAlpcYYYaf5dG+CMw0+jFhtWBYIIHCd5dN16Y,1.464612,25.396281,3.4809589999999995
438000,a2JJDid759RYBNLdQjknGV2qhRXPAlpcYYYaf5dG+CMw0+jFhtWBYIIHCd5dN16Y,1.518393,3.509042,2.1569830000000003
438300,a2JJDid759RYBNLdQjknGV2qhRXPAlpcYYYaf5dG+CMw0+jFhtWBYIIHCd5dN16Y,0.405939,4.42555,2.273214
438600,a2JJDid759RYBNLdQjknGV2qhRXPAlpcYYYaf5dG+CMw0+jFhtWBYIIHCd5dN16Y,1.540441,4.580362,2.319008
438900,a2JJDid759RYBNLdQjknGV2qhRXPAlpcYYYaf5dG+CMw0+jFhtWBYIIHCd5dN16Y,1.808443,20.867007,3.9309629999999998
439200,a2JJDid759RYBNLdQjknGV2qhRXPAlpcYYYaf5dG+CMw0+jFhtWBYIIHCd5dN16Y,0.365502,4.742877,2.2926040000000003
439500,a2JJDid759RYBNLdQjknGV2qhRXPAlpcYYYaf5dG+CMw0+jFhtWBYIIHCd5dN16Y,1.7822380000000002,3.570408,2.453023
439800,a2JJDid759RYBNLdQjknGV2qhRXPAlpcYYYaf5dG+CMw0+jFhtWBYIIHCd5dN16Y,0.622087,2.780519,2.029879
440100,a2JJDid759RYBNLdQjknGV2qhRXPAlpcYYYaf5dG+CMw0+jFhtWBYIIHCd5dN16Y,1.285783,3.6525790000000002,2.439987
440400,a2JJDid759RYBNLdQjknGV2qhRXPAlpcYYYaf5dG+CMw0+jFhtWBYIIHCd5dN16Y,1.7590150000000002,10.875962,3.054122
440700,a2JJDid759RYBNLdQjknGV2qhRXPAlpcYYYaf5dG+CMw0+jFhtWBYIIHCd5dN16Y,1.7437209999999999,3.603992,2.458847
441000,a2JJDid759RYBNLdQjknGV2qhRXPAlpcYYYaf5dG+CMw0+jFhtWBYIIHCd5dN16Y,0.5634560000000001,3.517931,2.355122
441300,a2JJDid759RYBNLdQjknGV2qhRXPAlpcYYYaf5dG+CMw0+jFhtWBYIIHCd5dN16Y,0.429124,4.375406,2.377414
441600,a2JJDid759RYBNLdQjknGV2qhRXPAlpcYYYaf5dG+CMw0+jFhtWBYIIHCd5dN16Y,1.522929,3.5521019999999996,2.504653
441900,a2JJDid759RYBNLdQjknGV2qhRXPAlpcYYYaf5dG+CMw0+jFhtWBYIIHCd5dN16Y,1.368301,4.802951,2.811871
442200,a2JJDid759RYBNLdQjknGV2qhRXPAlpcYYYaf5dG+CMw0+jFhtWBYIIHCd5dN16Y,1.5616139999999998,4.329378,2.578649
442500,a2JJDid759RYBNLdQjknGV2qhRXPAlpcYYYaf5dG+CMw0+jFhtWBYIIHCd5dN16Y,1.575116,17.696739,3.601893
442800,a2JJDid759RYBNLdQjknGV2qhRXPAlpcYYYaf5dG+CMw0+jFhtWBYIIHCd5dN16Y,1.6828,4.296279,2.534807
443100,a2JJDid759RYBNLdQjknGV2qhRXPAlpcYYYaf5dG+CMw0+jFhtWBYIIHCd5dN16Y,1.360096,6.3698,2.371196
443400,a2JJDid759RYBNLdQjknGV2qhRXPAlpcYYYaf5dG+CMw0+jFhtWBYIIHCd5dN16Y,1.697832,3.4493730000000005,2.266906
443700,a2JJDid759RYBNLdQjknGV2qhRXPAlpcYYYaf5dG+CMw0+jFhtWBYIIHCd5dN16Y,0.5200060000000001,3.7082019999999996,2.31106
444000,a2JJDid759RYBNLdQjknGV2qhRXPAlpcYYYaf5dG+CMw0+jFhtWBYIIHCd5dN16Y,1.662764,2.793482,2.297456
444300,a2JJDid759RYBNLdQjknGV2qhRXPAlpcYYYaf5dG+CMw0+jFhtWBYIIHCd5dN16Y,1.8288200000000001,3.451542,2.5832490000000004
444600,a2JJDid759RYBNLdQjknGV2qhRXPAlpcYYYaf5dG+CMw0+jFhtWBYIIHCd5dN16Y,0.380841,3.451229,2.0995369999999998
444900,a2JJDid759RYBNLdQjknGV2qhRXPAlpcYYYaf5dG+CMw0+jFhtWBYIIHCd5dN16Y,1.220329,3.753357,2.349576
445200,a2JJDid759RYBNLdQjknGV2qhRXPAlpcYYYaf5dG+CMw0+jFhtWBYIIHCd5dN16Y,0.546108,3.2948739999999996,2.116091
445500,a2JJDid759RYBNLdQjknGV2qhRXPAlpcYYYaf5dG+CMw0+jFhtWBYIIHCd5dN16Y,1.438372,3.506421,2.175404
445800,a2JJDid759RYBNLdQjknGV2qhRXPAlpcYYYaf5dG+CMw0+jFhtWBYIIHCd5dN16Y,0.644886,3.2060049999999998,2.1947970000000003
446100,a2JJDid759RYBNLdQjknGV2qhRXPAlpcYYYaf5dG+CMw0+jFhtWBYIIHCd5dN16Y,1.759208,4.577208000000001,2.881336
446400,a2JJDid759RYBNLdQjknGV2qhRXPAlpcYYYaf5dG+CMw0+jFhtWBYIIHCd5dN16Y,1.8149939999999998,5.5513330000000005,2.920986
446700,a2JJDid759RYBNLdQjknGV2qhRXPAlpcYYYaf5dG+CMw0+jFhtWBYIIHCd5dN16Y,0.566969,3.531688,2.3047470000000003
447000,a2JJDid759RYBNLdQjknGV2qhRXPAlpcYYYaf5dG+CMw0+jFhtWBYIIHCd5dN16Y,1.503118,3.131298,2.2502009999999997
447300,a2JJDid759RYBNLdQjknGV2qhRXPAlpcYYYaf5dG+CMw0+jFhtWBYIIHCd5dN16Y,0.293584,4.0146180000000005,2.2462
447600,a2JJDid759RYBNLdQjknGV2qhRXPAlpcYYYaf5dG+CMw0+jFhtWBYIIHCd5dN16Y,1.690966,3.419004,2.384986
447900,a2JJDid759RYBNLdQjknGV2qhRXPAlpcYYYaf5dG+CMw0+jFhtWBYIIHCd5dN16Y,0.344558,3.048625,2.010002
448200,a2JJDid759RYBNLdQjknGV2qhRXPAlpcYYYaf5dG+CMw0+jFhtWBYIIHCd5dN16Y,1.41895,3.359717,2.4235889999999998
448500,a2JJDid759RYBNLdQjknGV2qhRXPAlpcYYYaf5dG+CMw0+jFhtWBYIIHCd5dN16Y,0.985677,4.454548,2.261939
448800,a2JJDid759RYBNLdQjknGV2qhRXPAlpcYYYaf5dG+CMw0+jFhtWBYIIHCd5dN16Y,1.698107,2.9825369999999998,2.3107900000000003
449100,a2JJDid759RYBNLdQjknGV2qhRXPAlpcYYYaf5dG+CMw0+jFhtWBYIIHCd5dN16Y,0.773088,4.301130000000001,2.273289
449400,a2JJDid759RYBNLdQjknGV2qhRXPAlpcYYYaf5dG+CMw0+jFhtWBYIIHCd5dN16Y,0.35591100000000003,3.104652,2.257029
449700,a2JJDid759RYBNLdQjknGV2qhRXPAlpcYYYaf5dG+CMw0+jFhtWBYIIHCd5dN16Y,1.889427,4.238037,2.559847
450000,a2JJDid759RYBNLdQjknGV2qhRXPAlpcYYYaf5dG+CMw0+jFhtWBYIIHCd5dN16Y,0.334594,4.084229,2.097947
450300,a2JJDid759RYBNLdQjknGV2qhRXPAlpcYYYaf5dG+CMw0+jFhtWBYIIHCd5dN16Y,1.523202,3.883428,2.4991950000000003
450600,a2JJDid759RYBNLdQjknGV2qhRXPAlpcYYYaf5dG+CMw0+jFhtWBYIIHCd5dN16Y,0.57775,3.7993339999999995,2.413959
450900,a2JJDid759RYBNLdQjknGV2qhRXPAlpcYYYaf5dG+CMw0+jFhtWBYIIHCd5dN16Y,1.6741439999999999,4.55175,2.566332
451200,a2JJDid759RYBNLdQjknGV2qhRXPAlpcYYYaf5dG+CMw0+jFhtWBYIIHCd5dN16Y,0.442366,2.964443,1.9016
451500,a2JJDid759RYBNLdQjknGV2qhRXPAlpcYYYaf5dG+CMw0+jFhtWBYIIHCd5dN16Y,1.557868,3.364067,2.42694
451800,a2JJDid759RYBNLdQjknGV2qhRXPAlpcYYYaf5dG+CMw0+jFhtWBYIIHCd5dN16Y,0.6462180000000001,3.869768,2.2740259999999997
452100,a2JJDid759RYBNLdQjknGV2qhRXPAlpcYYYaf5dG+CMw0+jFhtWBYIIHCd5dN16Y,0.533354,3.694583,2.3036060000000003
452400,a2JJDid759RYBNLdQjknGV2qhRXPAlpcYYYaf5dG+CMw0+jFhtWBYIIHCd5dN16Y,1.6054979999999999,3.9136379999999997,2.516394
452700,a2JJDid759RYBNLdQjknGV2qhRXPAlpcYYYaf5dG+CMw0+jFhtWBYIIHCd5dN16Y,1.2946959999999998,6.290741000000001,3.0216380000000003
453000,a2JJDid759RYBNLdQjknGV2qhRXPAlpcYYYaf5dG+CMw0+jFhtWBYIIHCd5dN16Y,1.862175,3.9405660000000005,2.552584
453300,a2JJDid759RYBNLdQjknGV2qhRXPAlpcYYYaf5dG+CMw0+jFhtWBYIIHCd5dN16Y,0.456805,4.249585,2.186109
453600,a2JJDid759RYBNLdQjknGV2qhRXPAlpcYYYaf5dG+CMw0+jFhtWBYIIHCd5dN16Y,1.640938,3.7309,2.274323
453900,a2JJDid759RYBNLdQjknGV2qhRXPAlpcYYYaf5dG+CMw0+jFhtWBYIIHCd5dN16Y,0.5937060000000001,28.594109000000003,5.970905
454200,a2JJDid759RYBNLdQjknGV2qhRXPAlpcYYYaf5dG+CMw0+jFhtWBYIIHCd5dN16Y,1.5442120000000001,3.0743,2.361769
454500,a2JJDid759RYBNLdQjknGV2qhRXPAlpcYYYaf5dG+CMw0+jFhtWBYIIHCd5dN16Y,0.342859,4.590372,2.222191
454800,a2JJDid759RYBNLdQjknGV2qhRXPAlpcYYYaf5dG+CMw0+jFhtWBYIIHCd5dN16Y,0.282442,3.075552,1.913259
455100,a2JJDid759RYBNLdQjknGV2qhRXPAlpcYYYaf5dG+CMw0+jFhtWBYIIHCd5dN16Y,2.365944,7.354774000000001,4.124377
455400,a2JJDid759RYBNLdQjknGV2qhRXPAlpcYYYaf5dG+CMw0+jFhtWBYIIHCd5dN16Y,1.012155,59.372738,13.420719
455700,a2JJDid759RYBNLdQjknGV2qhRXPAlpcYYYaf5dG+CMw0+jFhtWBYIIHCd5dN16Y,1.481911,4.218847,2.423157
456000,a2JJDid759RYBNLdQjknGV2qhRXPAlpcYYYaf5dG+CMw0+jFhtWBYIIHCd5dN16Y,1.810682,9.1747,3.58146
456300,a2JJDid759RYBNLdQjknGV2qhRXPAlpcYYYaf5dG+CMw0+jFhtWBYIIHCd5dN16Y,1.410782,3.6552239999999996,2.26619
456600,a2JJDid759RYBNLdQjknGV2qhRXPAlpcYYYaf5dG+CMw0+jFhtWBYIIHCd5dN16Y,0.451507,4.384384,1.8567209999999998
456900,a2JJDid759RYBNLdQjknGV2qhRXPAlpcYYYaf5dG+CMw0+jFhtWBYIIHCd5dN16Y,1.320482,3.300243,2.0957779999999997
457200,a2JJDid759RYBNLdQjknGV2qhRXPAlpcYYYaf5dG+CMw0+jFhtWBYIIHCd5dN16Y,0.8733569999999999,3.8868300000000002,2.309742
457500,a2JJDid759RYBNLdQjknGV2qhRXPAlpcYYYaf5dG+CMw0+jFhtWBYIIHCd5dN16Y,0.494935,4.115018,2.153929
457800,a2JJDid759RYBNLdQjknGV2qhRXPAlpcYYYaf5dG+CMw0+jFhtWBYIIHCd5dN16Y,1.8183040000000001,3.706726,2.689963
458100,a2JJDid759RYBNLdQjknGV2qhRXPAlpcYYYaf5dG+CMw0+jFhtWBYIIHCd5dN16Y,0.5399390000000001,4.4449,2.580955
458400,a2JJDid759RYBNLdQjknGV2qhRXPAlpcYYYaf5dG+CMw0+jFhtWBYIIHCd5dN16Y,2.211291,4.444089,2.92081
458700,a2JJDid759RYBNLdQjknGV2qhRXPAlpcYYYaf5dG+CMw0+jFhtWBYIIHCd5dN16Y,1.4411610000000001,4.51054,2.761085
459000,a2JJDid759RYBNLdQjknGV2qhRXPAlpcYYYaf5dG+CMw0+jFhtWBYIIHCd5dN16Y,1.304923,4.740730999999999,2.473989
459300,a2JJDid759RYBNLdQjknGV2qhRXPAlpcYYYaf5dG+CMw0+jFhtWBYIIHCd5dN16Y,1.468877,2.528047,1.999141
459600,a2JJDid759RYBNLdQjknGV2qhRXPAlpcYYYaf5dG+CMw0+jFhtWBYIIHCd5dN16Y,1.23695,3.909896,2.1505099999999997
459900,a2JJDid759RYBNLdQjknGV2qhRXPAlpcYYYaf5dG+CMw0+jFhtWBYIIHCd5dN16Y,0.6190829999999999,3.161619,1.959571
460200,a2JJDid759RYBNLdQjknGV2qhRXPAlpcYYYaf5dG+CMw0+jFhtWBYIIHCd5dN16Y,0.44646099999999994,3.121379,2.0021299999999997
460500,a2JJDid759RYBNLdQjknGV2qhRXPAlpcYYYaf5dG+CMw0+jFhtWBYIIHCd5dN16Y,1.592865,3.389157,2.1913150000000003
460800,a2JJDid759RYBNLdQjknGV2qhRXPAlpcYYYaf5dG+CMw0+jFhtWBYIIHCd5dN16Y,0.561442,3.221011,2.025811
461100,a2JJDid759RYBNLdQjknGV2qhRXPAlpcYYYaf5dG+CMw0+jFhtWBYIIHCd5dN16Y,1.5614430000000001,2.967936,2.092461
461400,a2JJDid759RYBNLdQjknGV2qhRXPAlpcYYYaf5dG+CMw0+jFhtWBYIIHCd5dN16Y,0.6733859999999999,3.513576,2.296291
461700,a2JJDid759RYBNLdQjknGV2qhRXPAlpcYYYaf5dG+CMw0+jFhtWBYIIHCd5dN16Y,1.726445,4.031143,2.487975
462000,a2JJDid759RYBNLdQjknGV2qhRXPAlpcYYYaf5dG+CMw0+jFhtWBYIIHCd5dN16Y,1.757898,6.578486,2.941449
462300,a2JJDid759RYBNLdQjknGV2qhRXPAlpcYYYaf5dG+CMw0+jFhtWBYIIHCd5dN16Y,1.57181,3.9962370000000003,2.447737
462600,a2JJDid759RYBNLdQjknGV2qhRXPAlpcYYYaf5dG+CMw0+jFhtWBYIIHCd5dN16Y,0.533978,5.095655000000001,2.545572
462900,a2JJDid759RYBNLdQjknGV2qhRXPAlpcYYYaf5dG+CMw0+jFhtWBYIIHCd5dN16Y,1.353832,3.9057989999999996,2.472599
463200,a2JJDid759RYBNLdQjknGV2qhRXPAlpcYYYaf5dG+CMw0+jFhtWBYIIHCd5dN16Y,1.591422,4.627122,2.462818
463500,a2JJDid759RYBNLdQjknGV2qhRXPAlpcYYYaf5dG+CMw0+jFhtWBYIIHCd5dN16Y,1.542071,3.8436190000000003,2.2786470000000003
463800,a2JJDid759RYBNLdQjknGV2qhRXPAlpcYYYaf5dG+CMw0+jFhtWBYIIHCd5dN16Y,1.495282,4.848275,2.3636169999999996
464100,a2JJDid759RYBNLdQjknGV2qhRXPAlpcYYYaf5dG+CMw0+jFhtWBYIIHCd5dN16Y,0.342012,3.855364,2.11116
464400,a2JJDid759RYBNLdQjknGV2qhRXPAlpcYYYaf5dG+CMw0+jFhtWBYIIHCd5dN16Y,1.72187,4.526711,2.5524299999999998
464700,a2JJDid759RYBNLdQjknGV2qhRXPAlpcYYYaf5dG+CMw0+jFhtWBYIIHCd5dN16Y,0.44668,3.3088699999999998,2.382366
465000,a2JJDid759RYBNLdQjknGV2qhRXPAlpcYYYaf5dG+CMw0+jFhtWBYIIHCd5dN16Y,1.651172,4.03165,2.432226
465300,a2JJDid759RYBNLdQjknGV2qhRXPAlpcYYYaf5dG+CMw0+jFhtWBYIIHCd5dN16Y,2.259306,4.135358999999999,2.8083810000000002
465600,a2JJDid759RYBNLdQjknGV2qhRXPAlpcYYYaf5dG+CMw0+jFhtWBYIIHCd5dN16Y,0.796428,4.320316,2.631936
465900,a2JJDid759RYBNLdQjknGV2qhRXPAlpcYYYaf5dG+CMw0+jFhtWBYIIHCd5dN16Y,2.014111,3.980761,2.763721
466200,a2JJDid759RYBNLdQjknGV2qhRXPAlpcYYYaf5dG+CMw0+jFhtWBYIIHCd5dN16Y,0.41753599999999996,5.8880230000000005,2.85466
466500,a2JJDid759RYBNLdQjknGV2qhRXPAlpcYYYaf5dG+CMw0+jFhtWBYIIHCd5dN16Y,1.782557,3.9567349999999997,2.721453
466800,a2JJDid759RYBNLdQjknGV2qhRXPAlpcYYYaf5dG+CMw0+jFhtWBYIIHCd5dN16Y,0.502939,4.828837999999999,2.415166
467100,a2JJDid759RYBNLdQjknGV2qhRXPAlpcYYYaf5dG+CMw0+jFhtWBYIIHCd5dN16Y,2.197685,4.518342,2.657292
467400,a2JJDid759RYBNLdQjknGV2qhRXPAlpcYYYaf5dG+CMw0+jFhtWBYIIHCd5dN16Y,1.4681620000000002,10.495302,2.935142
467700,a2JJDid759RYBNLdQjknGV2qhRXPAlpcYYYaf5dG+CMw0+jFhtWBYIIHCd5dN16Y,2.29127,4.683775,2.96063
468000,a2JJDid759RYBNLdQjknGV2qhRXPAlpcYYYaf5dG+CMw0+jFhtWBYIIHCd5dN16Y,1.211384,4.286204,2.8795900000000003
468300,a2JJDid759RYBNLdQjknGV2qhRXPAlpcYYYaf5dG+CMw0+jFhtWBYIIHCd5dN16Y,1.8790689999999999,8.853218,3.2309330000000003
468600,a2JJDid759RYBNLdQjknGV2qhRXPAlpcYYYaf5dG+CMw0+jFhtWBYIIHCd5dN16Y,1.8568650000000002,3.8653440000000003,2.665772
468900,a2JJDid759RYBNLdQjknGV2qhRXPAlpcYYYaf5dG+CMw0+jFhtWBYIIHCd5dN16Y,0.47881599999999996,3.787837,2.248202
469200,a2JJDid759RYBNLdQjknGV2qhRXPAlpcYYYaf5dG+CMw0+jFhtWBYIIHCd5dN16Y,1.714451,4.440423,2.61793
469500,a2JJDid759RYBNLdQjknGV2qhRXPAlpcYYYaf5dG+CMw0+jFhtWBYIIHCd5dN16Y,0.646519,3.8825790000000002,2.3292450000000002
469800,a2JJDid759RYBNLdQjknGV2qhRXPAlpcYYYaf5dG+CMw0+jFhtWBYIIHCd5dN16Y,1.825036,5.24224,3.042273
470100,a2JJDid759RYBNLdQjknGV2qhRXPAlpcYYYaf5dG+CMw0+jFhtWBYIIHCd5dN16Y,0.41792299999999993,3.0552639999999998,1.9864240000000002
470400,a2JJDid759RYBNLdQjknGV2qhRXPAlpcYYYaf5dG+CMw0+jFhtWBYIIHCd5dN16Y,1.226623,4.479030000000001,2.5562650000000002
470700,a2JJDid759RYBNLdQjknGV2qhRXPAlpcYYYaf5dG+CMw0+jFhtWBYIIHCd5dN16Y,0.9167379999999999,3.547563,2.2222630000000003
471000,a2JJDid759RYBNLdQjknGV2qhRXPAlpcYYYaf5dG+CMw0+jFhtWBYIIHCd5dN16Y,0.5627340000000001,3.6105300000000002,2.0916639999999997
471300,a2JJDid759RYBNLdQjknGV2qhRXPAlpcYYYaf5dG+CMw0+jFhtWBYIIHCd5dN16Y,1.572086,3.7032519999999995,2.2660970000000002
471600,a2JJDid759RYBNLdQjknGV2qhRXPAlpcYYYaf5dG+CMw0+jFhtWBYIIHCd5dN16Y,0.585645,4.72202,2.1791080000000003
471900,a2JJDid759RYBNLdQjknGV2qhRXPAlpcYYYaf5dG+CMw0+jFhtWBYIIHCd5dN16Y,1.7710290000000002,3.361236,2.3811430000000002
472200,a2JJDid759RYBNLdQjknGV2qhRXPAlpcYYYaf5dG+CMw0+jFhtWBYIIHCd5dN16Y,1.7216060000000002,4.68661,2.6703040000000002
472500,a2JJDid759RYBNLdQjknGV2qhRXPAlpcYYYaf5dG+CMw0+jFhtWBYIIHCd5dN16Y,2.038975,3.916614,2.745038
472800,a2JJDid759RYBNLdQjknGV2qhRXPAlpcYYYaf5dG+CMw0+jFhtWBYIIHCd5dN16Y,1.371065,4.315765,2.323383
473100,a2JJDid759RYBNLdQjknGV2qhRXPAlpcYYYaf5dG+CMw0+jFhtWBYIIHCd5dN16Y,2.118523,3.9375839999999998,2.705422
473400,a2JJDid759RYBNLdQjknGV2qhRXPAlpcYYYaf5dG+CMw0+jFhtWBYIIHCd5dN16Y,1.7298779999999998,7.69977,3.3383089999999997
473700,a2JJDid759RYBNLdQjknGV2qhRXPAlpcYYYaf5dG+CMw0+jFhtWBYIIHCd5dN16Y,0.530057,3.9905440000000003,2.438559
474000,a2JJDid759RYBNLdQjknGV2qhRXPAlpcYYYaf5dG+CMw0+jFhtWBYIIHCd5dN16Y,1.8182049999999998,4.396822,2.536445
474300,a2JJDid759RYBNLdQjknGV2qhRXPAlpcYYYaf5dG+CMw0+jFhtWBYIIHCd5dN16Y,0.7263689999999999,3.269505,2.330437
474600,a2JJDid759RYBNLdQjknGV2qhRXPAlpcYYYaf5dG+CMw0+jFhtWBYIIHCd5dN16Y,1.593434,4.566383,2.596095
474900,a2JJDid759RYBNLdQjknGV2qhRXPAlpcYYYaf5dG+CMw0+jFhtWBYIIHCd5dN16Y,1.640218,4.0090699999999995,2.524079
475200,a2JJDid759RYBNLdQjknGV2qhRXPAlpcYYYaf5dG+CMw0+jFhtWBYIIHCd5dN16Y,1.523699,4.608507,2.4242369999999998
475500,a2JJDid759RYBNLdQjknGV2qhRXPAlpcYYYaf5dG+CMw0+jFhtWBYIIHCd5dN16Y,0.509954,3.62395,2.3061580000000004
475800,a2JJDid759RYBNLdQjknGV2qhRXPAlpcYYYaf5dG+CMw0+jFhtWBYIIHCd5dN16Y,1.695884,4.249624,2.61043
476100,a2JJDid759RYBNLdQjknGV2qhRXPAlpcYYYaf5dG+CMw0+jFhtWBYIIHCd5dN16Y,1.435072,3.512286,2.312303
476400,a2JJDid759RYBNLdQjknGV2qhRXPAlpcYYYaf5dG+CMw0+jFhtWBYIIHCd5dN16Y,0.36351999999999995,3.703496,2.1848009999999998
476700,a2JJDid759RYBNLdQjknGV2qhRXPAlpcYYYaf5dG+CMw0+jFhtWBYIIHCd5dN16Y,1.373839,3.155389,2.195839
477000,a2JJDid759RYBNLdQjknGV2qhRXPAlpcYYYaf5dG+CMw0+jFhtWBYIIHCd5dN16Y,0.995784,4.406343,2.2413529999999997
477300,a2JJDid759RYBNLdQjknGV2qhRXPAlpcYYYaf5dG+CMw0+jFhtWBYIIHCd5dN16Y,1.298805,3.2205060000000003,2.1026130000000003
477600,a2JJDid759RYBNLdQjknGV2qhRXPAlpcYYYaf5dG+CMw0+jFhtWBYIIHCd5dN16Y,0.929532,3.879458,2.094974
477900,a2JJDid759RYBNLdQjknGV2qhRXPAlpcYYYaf5dG+CMw0+jFhtWBYIIHCd5dN16Y,1.337181,3.021728,2.231091
478200,a2JJDid759RYBNLdQjknGV2qhRXPAlpcYYYaf5dG+CMw0+jFhtWBYIIHCd5dN16Y,0.542461,4.02021,1.9293049999999998
478500,a2JJDid759RYBNLdQjknGV2qhRXPAlpcYYYaf5dG+CMw0+jFhtWBYIIHCd5dN16Y,1.8650900000000001,4.287904,2.718065
478800,a2JJDid759RYBNLdQjknGV2qhRXPAlpcYYYaf5dG+CMw0+jFhtWBYIIHCd5dN16Y,0.345636,4.951971,2.775368
479100,a2JJDid759RYBNLdQjknGV2qhRXPAlpcYYYaf5dG+CMw0+jFhtWBYIIHCd5dN16Y,0.47038,4.2131680000000005,2.437617
479400,a2JJDid759RYBNLdQjknGV2qhRXPAlpcYYYaf5dG+CMw0+jFhtWBYIIHCd5dN16Y,2.186468,4.058143,2.877093
479700,a2JJDid759RYBNLdQjknGV2qhRXPAlpcYYYaf5dG+CMw0+jFhtWBYIIHCd5dN16Y,0.43051999999999996,3.7918309999999997,1.9797930000000001
480000,a2JJDid759RYBNLdQjknGV2qhRXPAlpcYYYaf5dG+CMw0+jFhtWBYIIHCd5dN16Y,1.902536,3.7822760000000004,2.705317
480300,a2JJDid759RYBNLdQjknGV2qhRXPAlpcYYYaf5dG+CMw0+jFhtWBYIIHCd5dN16Y,0.32556199999999996,3.7768639999999998,2.408618
480600,a2JJDid759RYBNLdQjknGV2qhRXPAlpcYYYaf5dG+CMw0+jFhtWBYIIHCd5dN16Y,1.8780740000000002,5.342876,2.889875
480900,a2JJDid759RYBNLdQjknGV2qhRXPAlpcYYYaf5dG+CMw0+jFhtWBYIIHCd5dN16Y,0.369643,3.607529,2.516138
481200,a2JJDid759RYBNLdQjknGV2qhRXPAlpcYYYaf5dG+CMw0+jFhtWBYIIHCd5dN16Y,2.035979,4.6536480000000005,2.796781
481500,a2JJDid759RYBNLdQjknGV2qhRXPAlpcYYYaf5dG+CMw0+jFhtWBYIIHCd5dN16Y,0.47929799999999995,4.4733849999999995,2.4954810000000003
481800,a2JJDid759RYBNLdQjknGV2qhRXPAlpcYYYaf5dG+CMw0+jFhtWBYIIHCd5dN16Y,1.3557540000000001,4.544868,2.516424
482100,a2JJDid759RYBNLdQjknGV2qhRXPAlpcYYYaf5dG+CMw0+jFhtWBYIIHCd5dN16Y,1.805105,3.9559900000000003,2.57412
482400,a2JJDid759RYBNLdQjknGV2qhRXPAlpcYYYaf5dG+CMw0+jFhtWBYIIHCd5dN16Y,0.461556,4.095256,2.665142
482700,a2JJDid759RYBNLdQjknGV2qhRXPAlpcYYYaf5dG+CMw0+jFhtWBYIIHCd5dN16Y,1.6456979999999999,28.157998,5.848044
483000,a2JJDid759RYBNLdQjknGV2qhRXPAlpcYYYaf5dG+CMw0+jFhtWBYIIHCd5dN16Y,0.432914,4.824769,2.664675
483300,a2JJDid759RYBNLdQjknGV2qhRXPAlpcYYYaf5dG+CMw0+jFhtWBYIIHCd5dN16Y,1.934292,4.243983,2.6717049999999998
483600,a2JJDid759RYBNLdQjknGV2qhRXPAlpcYYYaf5dG+CMw0+jFhtWBYIIHCd5dN16Y,0.467405,3.639465,2.538665
483900,a2JJDid759RYBNLdQjknGV2qhRXPAlpcYYYaf5dG+CMw0+jFhtWBYIIHCd5dN16Y,1.871953,4.3019739999999995,2.746772
484200,a2JJDid759RYBNLdQjknGV2qhRXPAlpcYYYaf5dG+CMw0+jFhtWBYIIHCd5dN16Y,1.123105,5.593527,2.933357
484500,a2JJDid759RYBNLdQjknGV2qhRXPAlpcYYYaf5dG+CMw0+jFhtWBYIIHCd5dN16Y,0.516458,4.4413730000000005,2.313848
484800,a2JJDid759RYBNLdQjknGV2qhRXPAlpcYYYaf5dG+CMw0+jFhtWBYIIHCd5dN16Y,1.522246,4.152221,2.576947
485100,a2JJDid759RYBNLdQjknGV2qhRXPAlpcYYYaf5dG+CMw0+jFhtWBYIIHCd5dN16Y,0.633414,3.825883,2.471263
485400,a2JJDid759RYBNLdQjknGV2qhRXPAlpcYYYaf5dG+CMw0+jFhtWBYIIHCd5dN16Y,1.403573,3.093729,2.115395
485700,a2JJDid759RYBNLdQjknGV2qhRXPAlpcYYYaf5dG+CMw0+jFhtWBYIIHCd5dN16Y,0.802714,4.127908000000001,1.9634919999999998
486000,a2JJDid759RYBNLdQjknGV2qhRXPAlpcYYYaf5dG+CMw0+jFhtWBYIIHCd5dN16Y,1.328192,3.293827,2.011998
486300,a2JJDid759RYBNLdQjknGV2qhRXPAlpcYYYaf5dG+CMw0+jFhtWBYIIHCd5dN16Y,0.6996859999999999,3.441925,2.042887
486600,a2JJDid759RYBNLdQjknGV2qhRXPAlpcYYYaf5dG+CMw0+jFhtWBYIIHCd5dN16Y,1.451136,4.26547,2.334975
486900,a2JJDid759RYBNLdQjknGV2qhRXPAlpcYYYaf5dG+CMw0+jFhtWBYIIHCd5dN16Y,1.805498,7.373689,3.090609
487200,a2JJDid759RYBNLdQjknGV2qhRXPAlpcYYYaf5dG+CMw0+jFhtWBYIIHCd5dN16Y,0.871589,4.838847,2.802658
487500,a2JJDid759RYBNLdQjknGV2qhRXPAlpcYYYaf5dG+CMw0+jFhtWBYIIHCd5dN16Y,1.9275259999999999,4.995749,2.762189
487800,a2JJDid759RYBNLdQjknGV2qhRXPAlpcYYYaf5dG+CMw0+jFhtWBYIIHCd5dN16Y,1.670235,6.363994,3.06754
488100,a2JJDid759RYBNLdQjknGV2qhRXPAlpcYYYaf5dG+CMw0+jFhtWBYIIHCd5dN16Y,1.973309,3.8799080000000004,2.733951
488400,a2JJDid759RYBNLdQjknGV2qhRXPAlpcYYYaf5dG+CMw0+jFhtWBYIIHCd5dN16Y,0.514614,4.250906,2.413954
488700,a2JJDid759RYBNLdQjknGV2qhRXPAlpcYYYaf5dG+CMw0+jFhtWBYIIHCd5dN16Y,1.4520549999999999,2.7930580000000003,1.975607
489000,a2JJDid759RYBNLdQjknGV2qhRXPAlpcYYYaf5dG+CMw0+jFhtWBYIIHCd5dN16Y,0.347673,4.3746339999999995,2.2092110000000003
489300,a2JJDid759RYBNLdQjknGV2qhRXPAlpcYYYaf5dG+CMw0+jFhtWBYIIHCd5dN16Y,1.453977,4.789015,2.772999
489600,a2JJDid759RYBNLdQjknGV2qhRXPAlpcYYYaf5dG+CMw0+jFhtWBYIIHCd5dN16Y,0.509995,3.871697,2.41794
489900,a2JJDid759RYBNLdQjknGV2qhRXPAlpcYYYaf5dG+CMw0+jFhtWBYIIHCd5dN16Y,1.5499399999999999,10.81097,2.7944720000000003
490200,a2JJDid759RYBNLdQjknGV2qhRXPAlpcYYYaf5dG+CMw0+jFhtWBYIIHCd5dN16Y,1.36239,5.3889260000000005,2.595425
490500,a2JJDid759RYBNLdQjknGV2qhRXPAlpcYYYaf5dG+CMw0+jFhtWBYIIHCd5dN16Y,0.430938,3.4863510000000004,2.214396
490800,a2JJDid759RYBNLdQjknGV2qhRXPAlpcYYYaf5dG+CMw0+jFhtWBYIIHCd5dN16Y,1.724564,3.8722190000000003,2.542236
491100,a2JJDid759RYBNLdQjknGV2qhRXPAlpcYYYaf5dG+CMw0+jFhtWBYIIHCd5dN16Y,1.124902,8.564513999999999,2.581829
491400,a2JJDid759RYBNLdQjknGV2qhRXPAlpcYYYaf5dG+CMw0+jFhtWBYIIHCd5dN16Y,1.840386,4.661534,2.7099189999999997
491700,a2JJDid759RYBNLdQjknGV2qhRXPAlpcYYYaf5dG+CMw0+jFhtWBYIIHCd5dN16Y,1.489858,4.102924,2.470997
492000,a2JJDid759RYBNLdQjknGV2qhRXPAlpcYYYaf5dG+CMw0+jFhtWBYIIHCd5dN16Y,1.7027450000000002,4.258643,2.80195
492300,a2JJDid759RYBNLdQjknGV2qhRXPAlpcYYYaf5dG+CMw0+jFhtWBYIIHCd5dN16Y,2.023343,48.931554,10.19346
492600,a2JJDid759RYBNLdQjknGV2qhRXPAlpcYYYaf5dG+CMw0+jFhtWBYIIHCd5dN16Y,0.465876,21.032120000000003,3.91649
492900,a2JJDid759RYBNLdQjknGV2qhRXPAlpcYYYaf5dG+CMw0+jFhtWBYIIHCd5dN16Y,1.699918,5.05295,2.7044740000000003
493200,a2JJDid759RYBNLdQjknGV2qhRXPAlpcYYYaf5dG+CMw0+jFhtWBYIIHCd5dN16Y,0.484833,4.581444,2.7209849999999998
493500,a2JJDid759RYBNLdQjknGV2qhRXPAlpcYYYaf5dG+CMw0+jFhtWBYIIHCd5dN16Y,1.583166,3.798728,2.762681
493800,a2JJDid759RYBNLdQjknGV2qhRXPAlpcYYYaf5dG+CMw0+jFhtWBYIIHCd5dN16Y,0.596676,4.361796,2.603335
494100,a2JJDid759RYBNLdQjknGV2qhRXPAlpcYYYaf5dG+CMw0+jFhtWBYIIHCd5dN16Y,1.5615430000000001,3.607873,2.521722
494400,a2JJDid759RYBNLdQjknGV2qhRXPAlpcYYYaf5dG+CMw0+jFhtWBYIIHCd5dN16Y,0.647663,4.011342,2.3055630000000003
494700,a2JJDid759RYBNLdQjknGV2qhRXPAlpcYYYaf5dG+CMw0+jFhtWBYIIHCd5dN16Y,1.874595,4.13481,2.755723
495000,a2JJDid759RYBNLdQjknGV2qhRXPAlpcYYYaf5dG+CMw0+jFhtWBYIIHCd5dN16Y,0.478883,4.7109510000000006,2.916661
495300,a2JJDid759RYBNLdQjknGV2qhRXPAlpcYYYaf5dG+CMw0+jFhtWBYIIHCd5dN16Y,0.575326,4.162178,2.837567
495600,a2JJDid759RYBNLdQjknGV2qhRXPAlpcYYYaf5dG+CMw0+jFhtWBYIIHCd5dN16Y,1.869647,5.573028,3.0169490000000003
495900,a2JJDid759RYBNLdQjknGV2qhRXPAlpcYYYaf5dG+CMw0+jFhtWBYIIHCd5dN16Y,0.5147189999999999,5.692387999999999,2.818161
496200,a2JJDid759RYBNLdQjknGV2qhRXPAlpcYYYaf5dG+CMw0+jFhtWBYIIHCd5dN16Y,2.289733,4.824148999999999,3.0615919999999996
496500,a2JJDid759RYBNLdQjknGV2qhRXPAlpcYYYaf5dG+CMw0+jFhtWBYIIHCd5dN16Y,2.351645,6.852286,3.561064
496800,a2JJDid759RYBNLdQjknGV2qhRXPAlpcYYYaf5dG+CMw0+jFhtWBYIIHCd5dN16Y,2.607903,4.613232,3.329474
497100,a2JJDid759RYBNLdQjknGV2qhRXPAlpcYYYaf5dG+CMw0+jFhtWBYIIHCd5dN16Y,1.9548159999999999,15.217213000000001,3.8629379999999998
497400,a2JJDid759RYBNLdQjknGV2qhRXPAlpcYYYaf5dG+CMw0+jFhtWBYIIHCd5dN16Y,1.641232,4.828814,2.6734459999999998
497700,a2JJDid759RYBNLdQjknGV2qhRXPAlpcYYYaf5dG+CMw0+jFhtWBYIIHCd5dN16Y,2.032837,5.291322,2.9993060000000002
498000,a2JJDid759RYBNLdQjknGV2qhRXPAlpcYYYaf5dG+CMw0+jFhtWBYIIHCd5dN16Y,0.750888,3.9815110000000002,2.726539
498300,a2JJDid759RYBNLdQjknGV2qhRXPAlpcYYYaf5dG+CMw0+jFhtWBYIIHCd5dN16Y,1.867305,5.221623,2.689105
498600,a2JJDid759RYBNLdQjknGV2qhRXPAlpcYYYaf5dG+CMw0+jFhtWBYIIHCd5dN16Y,0.588204,4.151611,2.689009
498900,a2JJDid759RYBNLdQjknGV2qhRXPAlpcYYYaf5dG+CMw0+jFhtWBYIIHCd5dN16Y,2.085856,3.972468,2.7826720000000003
499200,a2JJDid759RYBNLdQjknGV2qhRXPAlpcYYYaf5dG+CMw0+jFhtWBYIIHCd5dN16Y,0.41833400000000004,4.472866000000001,2.5131360000000003
499500,a2JJDid759RYBNLdQjknGV2qhRXPAlpcYYYaf5dG+CMw0+jFhtWBYIIHCd5dN16Y,1.920448,4.335111,2.493562
499800,a2JJDid759RYBNLdQjknGV2qhRXPAlpcYYYaf5dG+CMw0+jFhtWBYIIHCd5dN16Y,0.388391,3.91419,2.498774
500100,a2JJDid759RYBNLdQjknGV2qhRXPAlpcYYYaf5dG+CMw0+jFhtWBYIIHCd5dN16Y,1.860282,4.764889,2.7160349999999998
500400,a2JJDid759RYBNLdQjknGV2qhRXPAlpcYYYaf5dG+CMw0+jFhtWBYIIHCd5dN16Y,0.561212,3.851146,2.5161599999999997
500700,a2JJDid759RYBNLdQjknGV2qhRXPAlpcYYYaf5dG+CMw0+jFhtWBYIIHCd5dN16Y,0.413213,3.9638089999999995,2.2833069999999998
501000,a2JJDid759RYBNLdQjknGV2qhRXPAlpcYYYaf5dG+CMw0+jFhtWBYIIHCd5dN16Y,1.092611,4.375466,2.649499
501300,a2JJDid759RYBNLdQjknGV2qhRXPAlpcYYYaf5dG+CMw0+jFhtWBYIIHCd5dN16Y,0.972829,4.2496410000000004,2.402468
501600,a2JJDid759RYBNLdQjknGV2qhRXPAlpcYYYaf5dG+CMw0+jFhtWBYIIHCd5dN16Y,2.025489,4.346107,2.7923270000000002
501900,a2JJDid759RYBNLdQjknGV2qhRXPAlpcYYYaf5dG+CMw0+jFhtWBYIIHCd5dN16Y,0.486516,4.886198,2.823338
502200,a2JJDid759RYBNLdQjknGV2qhRXPAlpcYYYaf5dG+CMw0+jFhtWBYIIHCd5dN16Y,2.069461,5.13665,3.133162
502500,a2JJDid759RYBNLdQjknGV2qhRXPAlpcYYYaf5dG+CMw0+jFhtWBYIIHCd5dN16Y,1.132649,4.822724,2.984511
502800,a2JJDid759RYBNLdQjknGV2qhRXPAlpcYYYaf5dG+CMw0+jFhtWBYIIHCd5dN16Y,2.1623959999999998,5.867824,3.1836029999999997
503100,a2JJDid759RYBNLdQjknGV2qhRXPAlpcYYYaf5dG+CMw0+jFhtWBYIIHCd5dN16Y,1.315117,4.043382,2.873232
503400,a2JJDid759RYBNLdQjknGV2qhRXPAlpcYYYaf5dG+CMw0+jFhtWBYIIHCd5dN16Y,2.309524,4.905778,3.194847
503700,a2JJDid759RYBNLdQjknGV2qhRXPAlpcYYYaf5dG+CMw0+jFhtWBYIIHCd5dN16Y,1.494777,5.496859,3.4579449999999996
504000,a2JJDid759RYBNLdQjknGV2qhRXPAlpcYYYaf5dG+CMw0+jFhtWBYIIHCd5dN16Y,1.870925,7.240991999999999,2.950609
504300,a2JJDid759RYBNLdQjknGV2qhRXPAlpcYYYaf5dG+CMw0+jFhtWBYIIHCd5dN16Y,1.6635060000000002,4.468739,2.801735
504600,a2JJDid759RYBNLdQjknGV2qhRXPAlpcYYYaf5dG+CMw0+jFhtWBYIIHCd5dN16Y,0.7601720000000001,5.601278,2.69854
504900,a2JJDid759RYBNLdQjknGV2qhRXPAlpcYYYaf5dG+CMw0+jFhtWBYIIHCd5dN16Y,1.839755,3.570153,2.693072
505200,a2JJDid759RYBNLdQjknGV2qhRXPAlpcYYYaf5dG+CMw0+jFhtWBYIIHCd5dN16Y,0.486175,4.452006,2.588382
505500,a2JJDid759RYBNLdQjknGV2qhRXPAlpcYYYaf5dG+CMw0+jFhtWBYIIHCd5dN16Y,1.845537,4.89496,2.673421
505800,a2JJDid759RYBNLdQjknGV2qhRXPAlpcYYYaf5dG+CMw0+jFhtWBYIIHCd5dN16Y,1.7618479999999999,9.066258,2.8165150000000003
506100,a2JJDid759RYBNLdQjknGV2qhRXPAlpcYYYaf5dG+CMw0+jFhtWBYIIHCd5dN16Y,1.5633299999999999,3.8635550000000003,2.714914
506400,a2JJDid759RYBNLdQjknGV2qhRXPAlpcYYYaf5dG+CMw0+jFhtWBYIIHCd5dN16Y,1.6846580000000002,5.314675,2.690069
506700,a2JJDid759RYBNLdQjknGV2qhRXPAlpcYYYaf5dG+CMw0+jFhtWBYIIHCd5dN16Y,0.43068900000000004,4.240869,2.717659
507000,a2JJDid759RYBNLdQjknGV2qhRXPAlpcYYYaf5dG+CMw0+jFhtWBYIIHCd5dN16Y,1.869888,3.960695,2.536566
507300,a2JJDid759RYBNLdQjknGV2qhRXPAlpcYYYaf5dG+CMw0+jFhtWBYIIHCd5dN16Y,0.34083600000000003,4.509469999999999,2.69004
507600,a2JJDid759RYBNLdQjknGV2qhRXPAlpcYYYaf5dG+CMw0+jFhtWBYIIHCd5dN16Y,1.676273,3.859467,2.73086
507900,a2JJDid759RYBNLdQjknGV2qhRXPAlpcYYYaf5dG+CMw0+jFhtWBYIIHCd5dN16Y,0.772057,4.001416000000001,2.346009
508200,a2JJDid759RYBNLdQjknGV2qhRXPAlpcYYYaf5dG+CMw0+jFhtWBYIIHCd5dN16Y,1.706357,4.358795,2.5026639999999998
508500,a2JJDid759RYBNLdQjknGV2qhRXPAlpcYYYaf5dG+CMw0+jFhtWBYIIHCd5dN16Y,0.979675,2.9239610000000003,2.169874
508800,a2JJDid759RYBNLdQjknGV2qhRXPAlpcYYYaf5dG+CMw0+jFhtWBYIIHCd5dN16Y,1.7792709999999998,4.084276,2.483386
509100,a2JJDid759RYBNLdQjknGV2qhRXPAlpcYYYaf5dG+CMw0+jFhtWBYIIHCd5dN16Y,0.504621,4.3506290000000005,2.262724
509400,a2JJDid759RYBNLdQjknGV2qhRXPAlpcYYYaf5dG+CMw0+jFhtWBYIIHCd5dN16Y,0.554721,4.387027,2.305001
509700,a2JJDid759RYBNLdQjknGV2qhRXPAlpcYYYaf5dG+CMw0+jFhtWBYIIHCd5dN16Y,1.7687240000000002,3.343033,2.360664
510000,a2JJDid759RYBNLdQjknGV2qhRXPAlpcYYYaf5dG+CMw0+jFhtWBYIIHCd5dN16Y,0.304681,4.2418949999999995,2.5850310000000003
510300,a2JJDid759RYBNLdQjknGV2qhRXPAlpcYYYaf5dG+CMw0+jFhtWBYIIHCd5dN16Y,2.061502,3.837832,2.792243
510600,a2JJDid759RYBNLdQjknGV2qhRXPAlpcYYYaf5dG+CMw0+jFhtWBYIIHCd5dN16Y,0.374581,4.997721,2.523298
510900,a2JJDid759RYBNLdQjknGV2qhRXPAlpcYYYaf5dG+CMw0+jFhtWBYIIHCd5dN16Y,1.359574,4.567558,2.774982
511200,a2JJDid759RYBNLdQjknGV2qhRXPAlpcYYYaf5dG+CMw0+jFhtWBYIIHCd5dN16Y,1.084026,4.592235,2.8241009999999998
511500,a2JJDid759RYBNLdQjknGV2qhRXPAlpcYYYaf5dG+CMw0+jFhtWBYIIHCd5dN16Y,1.7052619999999998,22.991699,5.855030999999999
511800,a2JJDid759RYBNLdQjknGV2qhRXPAlpcYYYaf5dG+CMw0+jFhtWBYIIHCd5dN16Y,0.410116,6.151941000000001,2.87374
512100,a2JJDid759RYBNLdQjknGV2qhRXPAlpcYYYaf5dG+CMw0+jFhtWBYIIHCd5dN16Y,0.594111,5.460348000000001,2.864751
512400,a2JJDid759RYBNLdQjknGV2qhRXPAlpcYYYaf5dG+CMw0+jFhtWBYIIHCd5dN16Y,2.379109,5.0005440000000005,3.061923
512700,a2JJDid759RYBNLdQjknGV2qhRXPAlpcYYYaf5dG+CMw0+jFhtWBYIIHCd5dN16Y,1.7000939999999998,6.780627000000001,2.897231
513000,a2JJDid759RYBNLdQjknGV2qhRXPAlpcYYYaf5dG+CMw0+jFhtWBYIIHCd5dN16Y,1.719018,4.268504,2.588168
513300,a2JJDid759RYBNLdQjknGV2qhRXPAlpcYYYaf5dG+CMw0+jFhtWBYIIHCd5dN16Y,1.1381430000000001,4.153638,2.4156299999999997
513600,a2JJDid759RYBNLdQjknGV2qhRXPAlpcYYYaf5dG+CMw0+jFhtWBYIIHCd5dN16Y,1.686694,3.8968239999999996,2.6561
513900,a2JJDid759RYBNLdQjknGV2qhRXPAlpcYYYaf5dG+CMw0+jFhtWBYIIHCd5dN16Y,0.638717,3.361451,2.339369
514200,a2JJDid759RYBNLdQjknGV2qhRXPAlpcYYYaf5dG+CMw0+jFhtWBYIIHCd5dN16Y,1.9129990000000001,4.078489,2.76966
514500,a2JJDid759RYBNLdQjknGV2qhRXPAlpcYYYaf5dG+CMw0+jFhtWBYIIHCd5dN16Y,0.507609,4.447883,2.821787
514800,a2JJDid759RYBNLdQjknGV2qhRXPAlpcYYYaf5dG+CMw0+jFhtWBYIIHCd5dN16Y,1.7577990000000001,4.373784,2.621323
515100,a2JJDid759RYBNLdQjknGV2qhRXPAlpcYYYaf5dG+CMw0+jFhtWBYIIHCd5dN16Y,1.572901,3.802696,2.43465
515400,a2JJDid759RYBNLdQjknGV2qhRXPAlpcYYYaf5dG+CMw0+jFhtWBYIIHCd5dN16Y,0.5637949999999999,4.069019,2.521209
515700,a2JJDid759RYBNLdQjknGV2qhRXPAlpcYYYaf5dG+CMw0+jFhtWBYIIHCd5dN16Y,2.003416,4.191114,2.7490639999999997
516000,a2JJDid759RYBNLdQjknGV2qhRXPAlpcYYYaf5dG+CMw0+jFhtWBYIIHCd5dN16Y,0.384319,4.163355999999999,2.547416
516300,a2JJDid759RYBNLdQjknGV2qhRXPAlpcYYYaf5dG+CMw0+jFhtWBYIIHCd5dN16Y,2.400693,4.557544999999999,3.086634
516600,a2JJDid759RYBNLdQjknGV2qhRXPAlpcYYYaf5dG+CMw0+jFhtWBYIIHCd5dN16Y,1.357925,4.874085,3.046604
516900,a2JJDid759RYBNLdQjknGV2qhRXPAlpcYYYaf5dG+CMw0+jFhtWBYIIHCd5dN16Y,2.4253240000000003,4.7621720000000005,3.176037
517200,a2JJDid759RYBNLdQjknGV2qhRXPAlpcYYYaf5dG+CMw0+jFhtWBYIIHCd5dN16Y,0.998851,4.839297,3.065652
517500,a2JJDid759RYBNLdQjknGV2qhRXPAlpcYYYaf5dG+CMw0+jFhtWBYIIHCd5dN16Y,2.41109,7.504433000000001,3.502822
517800,a2JJDid759RYBNLdQjknGV2qhRXPAlpcYYYaf5dG+CMw0+jFhtWBYIIHCd5dN16Y,2.189644,5.24552,3.301083
518100,a2JJDid759RYBNLdQjknGV2qhRXPAlpcYYYaf5dG+CMw0+jFhtWBYIIHCd5dN16Y,0.68777,5.406464,3.001586
518400,a2JJDid759RYBNLdQjknGV2qhRXPAlpcYYYaf5dG+CMw0+jFhtWBYIIHCd5dN16Y,2.241128,4.512993,2.936737
518700,a2JJDid759RYBNLdQjknGV2qhRXPAlpcYYYaf5dG+CMw0+jFhtWBYIIHCd5dN16Y,0.8298989999999999,4.7762839999999995,2.7110689999999997
519000,a2JJDid759RYBNLdQjknGV2qhRXPAlpcYYYaf5dG+CMw0+jFhtWBYIIHCd5dN16Y,1.7838169999999998,4.676165,2.849348
519300,a2JJDid759RYBNLdQjknGV2qhRXPAlpcYYYaf5dG+CMw0+jFhtWBYIIHCd5dN16Y,0.48010200000000003,3.162718,2.388429
519600,a2JJDid759RYBNLdQjknGV2qhRXPAlpcYYYaf5dG+CMw0+jFhtWBYIIHCd5dN16Y,2.036734,5.156162999999999,2.948845
519900,a2JJDid759RYBNLdQjknGV2qhRXPAlpcYYYaf5dG+CMw0+jFhtWBYIIHCd5dN16Y,1.304886,5.236232,2.718196
520200,a2JJDid759RYBNLdQjknGV2qhRXPAlpcYYYaf5dG+CMw0+jFhtWBYIIHCd5dN16Y,0.569666,4.634878,2.600537
520500,a2JJDid759RYBNLdQjknGV2qhRXPAlpcYYYaf5dG+CMw0+jFhtWBYIIHCd5dN16Y,1.8038889999999999,4.082396,2.690369
520800,a2JJDid759RYBNLdQjknGV2qhRXPAlpcYYYaf5dG+CMw0+jFhtWBYIIHCd5dN16Y,0.791266,4.856657,2.650121
521100,a2JJDid759RYBNLdQjknGV2qhRXPAlpcYYYaf5dG+CMw0+jFhtWBYIIHCd5dN16Y,2.272033,4.454858,3.0913060000000003
521400,a2JJDid759RYBNLdQjknGV2qhRXPAlpcYYYaf5dG+CMw0+jFhtWBYIIHCd5dN16Y,2.299054,5.109991,3.480406
521700,a2JJDid759RYBNLdQjknGV2qhRXPAlpcYYYaf5dG+CMw0+jFhtWBYIIHCd5dN16Y,2.345447,6.164077,3.340121
522000,a2JJDid759RYBNLdQjknGV2qhRXPAlpcYYYaf5dG+CMw0+jFhtWBYIIHCd5dN16Y,1.265092,14.820799,4.253703
522300,a2JJDid759RYBNLdQjknGV2qhRXPAlpcYYYaf5dG+CMw0+jFhtWBYIIHCd5dN16Y,2.2161150000000003,5.347103,3.1307270000000003
522600,a2JJDid759RYBNLdQjknGV2qhRXPAlpcYYYaf5dG+CMw0+jFhtWBYIIHCd5dN16Y,2.297542,6.989964,3.5157769999999995
522900,a2JJDid759RYBNLdQjknGV2qhRXPAlpcYYYaf5dG+CMw0+jFhtWBYIIHCd5dN16Y,0.618931,5.545007,3.000725
523200,a2JJDid759RYBNLdQjknGV2qhRXPAlpcYYYaf5dG+CMw0+jFhtWBYIIHCd5dN16Y,2.455902,5.437849,3.3402580000000004
523500,a2JJDid759RYBNLdQjknGV2qhRXPAlpcYYYaf5dG+CMw0+jFhtWBYIIHCd5dN16Y,1.39917,5.469094999999999,2.971349
523800,a2JJDid759RYBNLdQjknGV2qhRXPAlpcYYYaf5dG+CMw0+jFhtWBYIIHCd5dN16Y,2.2715389999999998,5.117735,2.969656
524100,a2JJDid759RYBNLdQjknGV2qhRXPAlpcYYYaf5dG+CMw0+jFhtWBYIIHCd5dN16Y,0.520622,4.979271,2.5743099999999997
524400,a2JJDid759RYBNLdQjknGV2qhRXPAlpcYYYaf5dG+CMw0+jFhtWBYIIHCd5dN16Y,1.9749700000000001,5.04539,2.968314
524700,a2JJDid759RYBNLdQjknGV2qhRXPAlpcYYYaf5dG+CMw0+jFhtWBYIIHCd5dN16Y,2.23751,3.756583,3.064692
525000,a2JJDid759RYBNLdQjknGV2qhRXPAlpcYYYaf5dG+CMw0+jFhtWBYIIHCd5dN16Y,2.181797,5.6211839999999995,3.256314
525300,a2JJDid759RYBNLdQjknGV2qhRXPAlpcYYYaf5dG+CMw0+jFhtWBYIIHCd5dN16Y,1.136082,5.626742,3.064445
525600,a2JJDid759RYBNLdQjknGV2qhRXPAlpcYYYaf5dG+CMw0+jFhtWBYIIHCd5dN16Y,1.5103719999999998,4.685332,2.866475
525900,a2JJDid759RYBNLdQjknGV2qhRXPAlpcYYYaf5dG+CMw0+jFhtWBYIIHCd5dN16Y,1.989109,4.796938,2.684367
526200,a2JJDid759RYBNLdQjknGV2qhRXPAlpcYYYaf5dG+CMw0+jFhtWBYIIHCd5dN16Y,1.598902,4.017432,2.677031
526500,a2JJDid759RYBNLdQjknGV2qhRXPAlpcYYYaf5dG+CMw0+jFhtWBYIIHCd5dN16Y,1.646407,3.880725,2.542637
526800,a2JJDid759RYBNLdQjknGV2qhRXPAlpcYYYaf5dG+CMw0+jFhtWBYIIHCd5dN16Y,0.608682,3.8956989999999996,2.4710229999999997
527100,a2JJDid759RYBNLdQjknGV2qhRXPAlpcYYYaf5dG+CMw0+jFhtWBYIIHCd5dN16Y,1.769729,3.974591,2.573385
527400,a2JJDid759RYBNLdQjknGV2qhRXPAlpcYYYaf5dG+CMw0+jFhtWBYIIHCd5dN16Y,0.683171,5.10761,2.635293
527700,a2JJDid759RYBNLdQjknGV2qhRXPAlpcYYYaf5dG+CMw0+jFhtWBYIIHCd5dN16Y,1.9460169999999999,3.8681900000000002,2.767706
528000,a2JJDid759RYBNLdQjknGV2qhRXPAlpcYYYaf5dG+CMw0+jFhtWBYIIHCd5dN16Y,2.457119,4.831751000000001,3.174471
528300,a2JJDid759RYBNLdQjknGV2qhRXPAlpcYYYaf5dG+CMw0+jFhtWBYIIHCd5dN16Y,2.103908,12.736481,3.61058
528600,a2JJDid759RYBNLdQjknGV2qhRXPAlpcYYYaf5dG+CMw0+jFhtWBYIIHCd5dN16Y,2.120011,4.807596,3.120715
528900,a2JJDid759RYBNLdQjknGV2qhRXPAlpcYYYaf5dG+CMw0+jFhtWBYIIHCd5dN16Y,0.795512,4.434025,2.859156
529200,a2JJDid759RYBNLdQjknGV2qhRXPAlpcYYYaf5dG+CMw0+jFhtWBYIIHCd5dN16Y,1.877425,5.311706,3.085783
529500,a2JJDid759RYBNLdQjknGV2qhRXPAlpcYYYaf5dG+CMw0+jFhtWBYIIHCd5dN16Y,1.110074,4.847377,3.0339139999999998
529800,a2JJDid759RYBNLdQjknGV2qhRXPAlpcYYYaf5dG+CMw0+jFhtWBYIIHCd5dN16Y,2.2087790000000003,4.592083000000001,2.981137
530100,a2JJDid759RYBNLdQjknGV2qhRXPAlpcYYYaf5dG+CMw0+jFhtWBYIIHCd5dN16Y,1.02671,3.160198,2.218459
530400,a2JJDid759RYBNLdQjknGV2qhRXPAlpcYYYaf5dG+CMw0+jFhtWBYIIHCd5dN16Y,1.497352,4.5034529999999995,2.528204
530700,a2JJDid759RYBNLdQjknGV2qhRXPAlpcYYYaf5dG+CMw0+jFhtWBYIIHCd5dN16Y,0.98856,4.516538,2.390536
531000,a2JJDid759RYBNLdQjknGV2qhRXPAlpcYYYaf5dG+CMw0+jFhtWBYIIHCd5dN16Y,1.4856790000000002,4.89801,2.716609
531300,a2JJDid759RYBNLdQjknGV2qhRXPAlpcYYYaf5dG+CMw0+jFhtWBYIIHCd5dN16Y,2.1057770000000002,3.7217279999999997,2.848799
531600,a2JJDid759RYBNLdQjknGV2qhRXPAlpcYYYaf5dG+CMw0+jFhtWBYIIHCd5dN16Y,0.522899,5.432451,2.834978
531900,a2JJDid759RYBNLdQjknGV2qhRXPAlpcYYYaf5dG+CMw0+jFhtWBYIIHCd5dN16Y,1.9707169999999998,4.0847430000000005,2.85451
532200,a2JJDid759RYBNLdQjknGV2qhRXPAlpcYYYaf5dG+CMw0+jFhtWBYIIHCd5dN16Y,2.1144979999999998,8.595903,3.3916459999999997
532500,a2JJDid759RYBNLdQjknGV2qhRXPAlpcYYYaf5dG+CMw0+jFhtWBYIIHCd5dN16Y,2.092043,4.777309,2.890662
532800,a2JJDid759RYBNLdQjknGV2qhRXPAlpcYYYaf5dG+CMw0+jFhtWBYIIHCd5dN16Y,2.080286,6.133888,2.956459
533100,a2JJDid759RYBNLdQjknGV2qhRXPAlpcYYYaf5dG+CMw0+jFhtWBYIIHCd5dN16Y,1.8489659999999999,4.036706,2.638356
533400,a2JJDid759RYBNLdQjknGV2qhRXPAlpcYYYaf5dG+CMw0+jFhtWBYIIHCd5dN16Y,1.830907,9.310369999999999,3.06691
533700,a2JJDid759RYBNLdQjknGV2qhRXPAlpcYYYaf5dG+CMw0+jFhtWBYIIHCd5dN16Y,0.600776,5.316685,2.482765
534000,a2JJDid759RYBNLdQjknGV2qhRXPAlpcYYYaf5dG+CMw0+jFhtWBYIIHCd5dN16Y,1.9408919999999998,4.174069,2.738566
534300,a2JJDid759RYBNLdQjknGV2qhRXPAlpcYYYaf5dG+CMw0+jFhtWBYIIHCd5dN16Y,0.949601,4.787316000000001,2.5028240000000004
534600,a2JJDid759RYBNLdQjknGV2qhRXPAlpcYYYaf5dG+CMw0+jFhtWBYIIHCd5dN16Y,2.0300759999999998,4.738073,2.994472
534900,a2JJDid759RYBNLdQjknGV2qhRXPAlpcYYYaf5dG+CMw0+jFhtWBYIIHCd5dN16Y,0.9477690000000001,4.362575,2.596508
535200,a2JJDid759RYBNLdQjknGV2qhRXPAlpcYYYaf5dG+CMw0+jFhtWBYIIHCd5dN16Y,1.892311,4.592546,2.871798
535500,a2JJDid759RYBNLdQjknGV2qhRXPAlpcYYYaf5dG+CMw0+jFhtWBYIIHCd5dN16Y,0.954039,5.268153,2.452884
535800,a2JJDid759RYBNLdQjknGV2qhRXPAlpcYYYaf5dG+CMw0+jFhtWBYIIHCd5dN16Y,2.0991560000000002,4.615621,2.68383
536100,a2JJDid759RYBNLdQjknGV2qhRXPAlpcYYYaf5dG+CMw0+jFhtWBYIIHCd5dN16Y,2.114911,8.963313000000001,3.3352230000000005
536400,a2JJDid759RYBNLdQjknGV2qhRXPAlpcYYYaf5dG+CMw0+jFhtWBYIIHCd5dN16Y,0.597646,4.933207,2.4112720000000003
536700,a2JJDid759RYBNLdQjknGV2qhRXPAlpcYYYaf5dG+CMw0+jFhtWBYIIHCd5dN16Y,1.8164040000000001,4.179012,2.519246
537000,a2JJDid759RYBNLdQjknGV2qhRXPAlpcYYYaf5dG+CMw0+jFhtWBYIIHCd5dN16Y,1.478322,3.80934,2.63753
537300,a2JJDid759RYBNLdQjknGV2qhRXPAlpcYYYaf5dG+CMw0+jFhtWBYIIHCd5dN16Y,1.665677,4.2601,2.5345419999999996
537600,a2JJDid759RYBNLdQjknGV2qhRXPAlpcYYYaf5dG+CMw0+jFhtWBYIIHCd5dN16Y,0.847397,4.783129,2.3786099999999997
537900,a2JJDid759RYBNLdQjknGV2qhRXPAlpcYYYaf5dG+CMw0+jFhtWBYIIHCd5dN16Y,1.7068240000000001,3.6782800000000004,2.6500310000000002
538200,a2JJDid759RYBNLdQjknGV2qhRXPAlpcYYYaf5dG+CMw0+jFhtWBYIIHCd5dN16Y,0.811167,4.189824,2.3275930000000002
538500,a2JJDid759RYBNLdQjknGV2qhRXPAlpcYYYaf5dG+CMw0+jFhtWBYIIHCd5dN16Y,1.888581,4.088987,2.473195
538800,a2JJDid759RYBNLdQjknGV2qhRXPAlpcYYYaf5dG+CMw0+jFhtWBYIIHCd5dN16Y,0.768061,4.6558839999999995,2.62339
539100,a2JJDid759RYBNLdQjknGV2qhRXPAlpcYYYaf5dG+CMw0+jFhtWBYIIHCd5dN16Y,1.437499,4.533661,2.6911549999999997
539400,a2JJDid759RYBNLdQjknGV2qhRXPAlpcYYYaf5dG+CMw0+jFhtWBYIIHCd5dN16Y,1.8684209999999999,5.663165,2.844102
539700,a2JJDid759RYBNLdQjknGV2qhRXPAlpcYYYaf5dG+CMw0+jFhtWBYIIHCd5dN16Y,0.8456040000000001,4.256462,2.6147099999999996
540000,a2JJDid759RYBNLdQjknGV2qhRXPAlpcYYYaf5dG+CMw0+jFhtWBYIIHCd5dN16Y,2.513025,4.474317,3.074169
540300,a2JJDid759RYBNLdQjknGV2qhRXPAlpcYYYaf5dG+CMw0+jFhtWBYIIHCd5dN16Y,0.833831,34.645168,6.6855080000000005
540600,a2JJDid759RYBNLdQjknGV2qhRXPAlpcYYYaf5dG+CMw0+jFhtWBYIIHCd5dN16Y,2.206026,4.706428,3.105232
540900,a2JJDid759RYBNLdQjknGV2qhRXPAlpcYYYaf5dG+CMw0+jFhtWBYIIHCd5dN16Y,2.253466,7.253344,3.257089
541200,a2JJDid759RYBNLdQjknGV2qhRXPAlpcYYYaf5dG+CMw0+jFhtWBYIIHCd5dN16Y,2.459394,4.807092,3.314315
541500,a2JJDid759RYBNLdQjknGV2qhRXPAlpcYYYaf5dG+CMw0+jFhtWBYIIHCd5dN16Y,0.9872549999999999,4.605256,3.0112240000000003
541800,a2JJDid759RYBNLdQjknGV2qhRXPAlpcYYYaf5dG+CMw0+jFhtWBYIIHCd5dN16Y,2.345528,5.694587,3.6211870000000004
542100,a2JJDid759RYBNLdQjknGV2qhRXPAlpcYYYaf5dG+CMw0+jFhtWBYIIHCd5dN16Y,2.173093,5.919091000000001,3.079754
542400,a2JJDid759RYBNLdQjknGV2qhRXPAlpcYYYaf5dG+CMw0+jFhtWBYIIHCd5dN16Y,0.2927,10.36801,3.206502
542700,a2JJDid759RYBNLdQjknGV2qhRXPAlpcYYYaf5dG+CMw0+jFhtWBYIIHCd5dN16Y,2.4970470000000002,4.515892,3.3050349999999997
543000,a2JJDid759RYBNLdQjknGV2qhRXPAlpcYYYaf5dG+CMw0+jFhtWBYIIHCd5dN16Y,1.8234830000000002,6.361134,3.287865
543300,a2JJDid759RYBNLdQjknGV2qhRXPAlpcYYYaf5dG+CMw0+jFhtWBYIIHCd5dN16Y,2.249646,5.971303,3.342028
543600,a2JJDid759RYBNLdQjknGV2qhRXPAlpcYYYaf5dG+CMw0+jFhtWBYIIHCd5dN16Y,2.7156700000000003,5.759664,3.4503739999999996
543900,a2JJDid759RYBNLdQjknGV2qhRXPAlpcYYYaf5dG+CMw0+jFhtWBYIIHCd5dN16Y,2.0272040000000002,5.281728,3.031976
544200,a2JJDid759RYBNLdQjknGV2qhRXPAlpcYYYaf5dG+CMw0+jFhtWBYIIHCd5dN16Y,0.501846,4.281536,2.280365
544500,a2JJDid759RYBNLdQjknGV2qhRXPAlpcYYYaf5dG+CMw0+jFhtWBYIIHCd5dN16Y,1.6240649999999999,3.7351199999999998,2.622287
544800,a2JJDid759RYBNLdQjknGV2qhRXPAlpcYYYaf5dG+CMw0+jFhtWBYIIHCd5dN16Y,2.356232,5.67221,3.195929
545100,a2JJDid759RYBNLdQjknGV2qhRXPAlpcYYYaf5dG+CMw0+jFhtWBYIIHCd5dN16Y,2.196628,20.822719,3.912976
545400,a2JJDid759RYBNLdQjknGV2qhRXPAlpcYYYaf5dG+CMw0+jFhtWBYIIHCd5dN16Y,1.4520110000000002,4.679916,2.8104869999999997
545700,a2JJDid759RYBNLdQjknGV2qhRXPAlpcYYYaf5dG+CMw0+jFhtWBYIIHCd5dN16Y,0.47427600000000003,3.513063,1.9159
546000,a2JJDid759RYBNLdQjknGV2qhRXPAlpcYYYaf5dG+CMw0+jFhtWBYIIHCd5dN16Y,1.374455,3.025232,2.064407
546300,a2JJDid759RYBNLdQjknGV2qhRXPAlpcYYYaf5dG+CMw0+jFhtWBYIIHCd5dN16Y,0.399866,3.2926330000000004,2.0174630000000002
546600,a2JJDid759RYBNLdQjknGV2qhRXPAlpcYYYaf5dG+CMw0+jFhtWBYIIHCd5dN16Y,1.421899,3.8058589999999994,2.462845
546900,a2JJDid759RYBNLdQjknGV2qhRXPAlpcYYYaf5dG+CMw0+jFhtWBYIIHCd5dN16Y,1.44897,9.566592,2.888092
547200,a2JJDid759RYBNLdQjknGV2qhRXPAlpcYYYaf5dG+CMw0+jFhtWBYIIHCd5dN16Y,1.707596,3.8663019999999997,2.4898439999999997
547500,a2JJDid759RYBNLdQjknGV2qhRXPAlpcYYYaf5dG+CMw0+jFhtWBYIIHCd5dN16Y,0.417699,4.391106,2.2885
547800,a2JJDid759RYBNLdQjknGV2qhRXPAlpcYYYaf5dG+CMw0+jFhtWBYIIHCd5dN16Y,1.9938740000000001,4.090523999999999,2.607912
548100,a2JJDid759RYBNLdQjknGV2qhRXPAlpcYYYaf5dG+CMw0+jFhtWBYIIHCd5dN16Y,1.856823,6.659781,3.022064
548400,a2JJDid759RYBNLdQjknGV2qhRXPAlpcYYYaf5dG+CMw0+jFhtWBYIIHCd5dN16Y,1.827368,4.254705,2.675911
548700,a2JJDid759RYBNLdQjknGV2qhRXPAlpcYYYaf5dG+CMw0+jFhtWBYIIHCd5dN16Y,1.8397439999999998,4.258531,2.579113
549000,a2JJDid759RYBNLdQjknGV2qhRXPAlpcYYYaf5dG+CMw0+jFhtWBYIIHCd5dN16Y,1.564138,4.603524,2.7030790000000002
549300,a2JJDid759RYBNLdQjknGV2qhRXPAlpcYYYaf5dG+CMw0+jFhtWBYIIHCd5dN16Y,1.887457,3.754173,2.501445
549600,a2JJDid759RYBNLdQjknGV2qhRXPAlpcYYYaf5dG+CMw0+jFhtWBYIIHCd5dN16Y,0.690376,3.5390599999999997,2.432284
549900,a2JJDid759RYBNLdQjknGV2qhRXPAlpcYYYaf5dG+CMw0+jFhtWBYIIHCd5dN16Y,2.031475,3.9275510000000002,2.58209
550200,a2JJDid759RYBNLdQjknGV2qhRXPAlpcYYYaf5dG+CMw0+jFhtWBYIIHCd5dN16Y,0.970025,4.077248,2.4823419999999996
550500,a2JJDid759RYBNLdQjknGV2qhRXPAlpcYYYaf5dG+CMw0+jFhtWBYIIHCd5dN16Y,1.8387240000000002,4.560314,2.8435580000000003
550800,a2JJDid759RYBNLdQjknGV2qhRXPAlpcYYYaf5dG+CMw0+jFhtWBYIIHCd5dN16Y,1.5041799999999999,4.191152,2.701753
551100,a2JJDid759RYBNLdQjknGV2qhRXPAlpcYYYaf5dG+CMw0+jFhtWBYIIHCd5dN16Y,2.117568,4.84371,2.649763
551400,a2JJDid759RYBNLdQjknGV2qhRXPAlpcYYYaf5dG+CMw0+jFhtWBYIIHCd5dN16Y,0.503443,3.877221,2.401176
551700,a2JJDid759RYBNLdQjknGV2qhRXPAlpcYYYaf5dG+CMw0+jFhtWBYIIHCd5dN16Y,1.928102,4.273567,2.646852
552000,a2JJDid759RYBNLdQjknGV2qhRXPAlpcYYYaf5dG+CMw0+jFhtWBYIIHCd5dN16Y,1.8774529999999998,3.891275,2.624291
552300,a2JJDid759RYBNLdQjknGV2qhRXPAlpcYYYaf5dG+CMw0+jFhtWBYIIHCd5dN16Y,0.82788,3.6882580000000003,2.350196
552600,a2JJDid759RYBNLdQjknGV2qhRXPAlpcYYYaf5dG+CMw0+jFhtWBYIIHCd5dN16Y,2.048985,4.540374,2.8249419999999996
552900,a2JJDid759RYBNLdQjknGV2qhRXPAlpcYYYaf5dG+CMw0+jFhtWBYIIHCd5dN16Y,0.437406,4.293914,2.455754
553200,a2JJDid759RYBNLdQjknGV2qhRXPAlpcYYYaf5dG+CMw0+jFhtWBYIIHCd5dN16Y,1.889466,3.833768,2.718506
553500,a2JJDid759RYBNLdQjknGV2qhRXPAlpcYYYaf5dG+CMw0+jFhtWBYIIHCd5dN16Y,0.470732,3.9448269999999996,2.292366
553800,a2JJDid759RYBNLdQjknGV2qhRXPAlpcYYYaf5dG+CMw0+jFhtWBYIIHCd5dN16Y,1.510456,3.6480839999999994,2.451674
554100,a2JJDid759RYBNLdQjknGV2qhRXPAlpcYYYaf5dG+CMw0+jFhtWBYIIHCd5dN16Y,0.687485,4.865668,2.307419
554400,a2JJDid759RYBNLdQjknGV2qhRXPAlpcYYYaf5dG+CMw0+jFhtWBYIIHCd5dN16Y,0.36515,3.5937959999999998,2.111421
554700,a2JJDid759RYBNLdQjknGV2qhRXPAlpcYYYaf5dG+CMw0+jFhtWBYIIHCd5dN16Y,1.3654870000000001,3.97497,1.992102
555000,a2JJDid759RYBNLdQjknGV2qhRXPAlpcYYYaf5dG+CMw0+jFhtWBYIIHCd5dN16Y,0.449042,3.2997080000000003,1.9388729999999998
555300,a2JJDid759RYBNLdQjknGV2qhRXPAlpcYYYaf5dG+CMw0+jFhtWBYIIHCd5dN16Y,1.669577,3.227827,2.329215
555600,a2JJDid759RYBNLdQjknGV2qhRXPAlpcYYYaf5dG+CMw0+jFhtWBYIIHCd5dN16Y,0.892009,4.440275,2.700316
555900,a2JJDid759RYBNLdQjknGV2qhRXPAlpcYYYaf5dG+CMw0+jFhtWBYIIHCd5dN16Y,2.224167,3.9155900000000003,2.638546
556200,a2JJDid759RYBNLdQjknGV2qhRXPAlpcYYYaf5dG+CMw0+jFhtWBYIIHCd5dN16Y,0.448043,4.686234,2.617541
556500,a2JJDid759RYBNLdQjknGV2qhRXPAlpcYYYaf5dG+CMw0+jFhtWBYIIHCd5dN16Y,1.859894,5.505117,2.654693
556800,a2JJDid759RYBNLdQjknGV2qhRXPAlpcYYYaf5dG+CMw0+jFhtWBYIIHCd5dN16Y,1.484484,7.400525,2.9935240000000003
557100,a2JJDid759RYBNLdQjknGV2qhRXPAlpcYYYaf5dG+CMw0+jFhtWBYIIHCd5dN16Y,0.40576,4.167393,2.4841
557400,a2JJDid759RYBNLdQjknGV2qhRXPAlpcYYYaf5dG+CMw0+jFhtWBYIIHCd5dN16Y,1.35595,5.405032,2.748682
557700,a2JJDid759RYBNLdQjknGV2qhRXPAlpcYYYaf5dG+CMw0+jFhtWBYIIHCd5dN16Y,1.7081279999999999,5.895758,3.035034
558000,a2JJDid759RYBNLdQjknGV2qhRXPAlpcYYYaf5dG+CMw0+jFhtWBYIIHCd5dN16Y,1.700821,4.359415,2.713541
558300,a2JJDid759RYBNLdQjknGV2qhRXPAlpcYYYaf5dG+CMw0+jFhtWBYIIHCd5dN16Y,0.584568,4.192842,2.3592720000000003
558600,a2JJDid759RYBNLdQjknGV2qhRXPAlpcYYYaf5dG+CMw0+jFhtWBYIIHCd5dN16Y,2.033759,3.9161019999999995,2.6614419999999996
558900,a2JJDid759RYBNLdQjknGV2qhRXPAlpcYYYaf5dG+CMw0+jFhtWBYIIHCd5dN16Y,1.8528380000000002,4.68458,2.879105
559200,a2JJDid759RYBNLdQjknGV2qhRXPAlpcYYYaf5dG+CMw0+jFhtWBYIIHCd5dN16Y,1.817998,5.500275,2.812857
559500,a2JJDid759RYBNLdQjknGV2qhRXPAlpcYYYaf5dG+CMw0+jFhtWBYIIHCd5dN16Y,0.698673,4.649244,2.3466099999999996
559800,a2JJDid759RYBNLdQjknGV2qhRXPAlpcYYYaf5dG+CMw0+jFhtWBYIIHCd5dN16Y,1.0831110000000002,4.337879,2.6777580000000003
560100,a2JJDid759RYBNLdQjknGV2qhRXPAlpcYYYaf5dG+CMw0+jFhtWBYIIHCd5dN16Y,1.673218,4.296563,2.610918
560400,a2JJDid759RYBNLdQjknGV2qhRXPAlpcYYYaf5dG+CMw0+jFhtWBYIIHCd5dN16Y,0.5067229999999999,3.7015839999999995,2.414519
560700,a2JJDid759RYBNLdQjknGV2qhRXPAlpcYYYaf5dG+CMw0+jFhtWBYIIHCd5dN16Y,1.768023,4.597222,2.5695900000000003
561000,a2JJDid759RYBNLdQjknGV2qhRXPAlpcYYYaf5dG+CMw0+jFhtWBYIIHCd5dN16Y,0.367136,4.804048000000001,2.589337
561300,a2JJDid759RYBNLdQjknGV2qhRXPAlpcYYYaf5dG+CMw0+jFhtWBYIIHCd5dN16Y,1.7857349999999999,5.568141000000001,2.847745
561600,a2JJDid759RYBNLdQjknGV2qhRXPAlpcYYYaf5dG+CMw0+jFhtWBYIIHCd5dN16Y,0.8232510000000001,4.127604,2.370141
561900,a2JJDid759RYBNLdQjknGV2qhRXPAlpcYYYaf5dG+CMw0+jFhtWBYIIHCd5dN16Y,1.269641,4.391514,2.195725
562200,a2JJDid759RYBNLdQjknGV2qhRXPAlpcYYYaf5dG+CMw0+jFhtWBYIIHCd5dN16Y,0.415221,3.9026089999999996,2.037764
562500,a2JJDid759RYBNLdQjknGV2qhRXPAlpcYYYaf5dG+CMw0+jFhtWBYIIHCd5dN16Y,0.6832630000000001,3.9433800000000003,2.221579
562800,a2JJDid759RYBNLdQjknGV2qhRXPAlpcYYYaf5dG+CMw0+jFhtWBYIIHCd5dN16Y,1.543672,4.611904,2.398519
563100,a2JJDid759RYBNLdQjknGV2qhRXPAlpcYYYaf5dG+CMw0+jFhtWBYIIHCd5dN16Y,1.389851,7.855623,2.6924770000000002
563400,a2JJDid759RYBNLdQjknGV2qhRXPAlpcYYYaf5dG+CMw0+jFhtWBYIIHCd5dN16Y,1.849419,5.179876999999999,2.88502
563700,a2JJDid759RYBNLdQjknGV2qhRXPAlpcYYYaf5dG+CMw0+jFhtWBYIIHCd5dN16Y,0.5746760000000001,4.410252,2.456141
564000,a2JJDid759RYBNLdQjknGV2qhRXPAlpcYYYaf5dG+CMw0+jFhtWBYIIHCd5dN16Y,1.409182,3.635367,2.4717759999999998
564300,a2JJDid759RYBNLdQjknGV2qhRXPAlpcYYYaf5dG+CMw0+jFhtWBYIIHCd5dN16Y,0.49375699999999995,3.568657,2.302957
564600,a2JJDid759RYBNLdQjknGV2qhRXPAlpcYYYaf5dG+CMw0+jFhtWBYIIHCd5dN16Y,1.7659529999999999,4.220894,2.660547
564900,a2JJDid759RYBNLdQjknGV2qhRXPAlpcYYYaf5dG+CMw0+jFhtWBYIIHCd5dN16Y,0.614591,5.949035,2.659362
565200,a2JJDid759RYBNLdQjknGV2qhRXPAlpcYYYaf5dG+CMw0+jFhtWBYIIHCd5dN16Y,1.106794,19.675760999999998,3.7718510000000003
565500,a2JJDid759RYBNLdQjknGV2qhRXPAlpcYYYaf5dG+CMw0+jFhtWBYIIHCd5dN16Y,2.204856,4.501039,2.868739
565800,a2JJDid759RYBNLdQjknGV2qhRXPAlpcYYYaf5dG+CMw0+jFhtWBYIIHCd5dN16Y,0.481653,4.8611260000000005,2.640287
566100,a2JJDid759RYBNLdQjknGV2qhRXPAlpcYYYaf5dG+CMw0+jFhtWBYIIHCd5dN16Y,1.6103889999999998,5.129430999999999,2.609978
566400,a2JJDid759RYBNLdQjknGV2qhRXPAlpcYYYaf5dG+CMw0+jFhtWBYIIHCd5dN16Y,2.0445889999999998,4.978992,2.888241
566700,a2JJDid759RYBNLdQjknGV2qhRXPAlpcYYYaf5dG+CMw0+jFhtWBYIIHCd5dN16Y,1.888152,3.437743,2.4935810000000003
567000,a2JJDid759RYBNLdQjknGV2qhRXPAlpcYYYaf5dG+CMw0+jFhtWBYIIHCd5dN16Y,0.474149,3.9661239999999998,2.275001
567300,a2JJDid759RYBNLdQjknGV2qhRXPAlpcYYYaf5dG+CMw0+jFhtWBYIIHCd5dN16Y,1.2834379999999999,3.388439,2.225884
567600,a2JJDid759RYBNLdQjknGV2qhRXPAlpcYYYaf5dG+CMw0+jFhtWBYIIHCd5dN16Y,0.516994,2.647081,1.78079
567900,a2JJDid759RYBNLdQjknGV2qhRXPAlpcYYYaf5dG+CMw0+jFhtWBYIIHCd5dN16Y,0.724352,3.12327,1.9005290000000001
568200,a2JJDid759RYBNLdQjknGV2qhRXPAlpcYYYaf5dG+CMw0+jFhtWBYIIHCd5dN16Y,1.246742,3.3043739999999997,1.9330040000000002
568500,a2JJDid759RYBNLdQjknGV2qhRXPAlpcYYYaf5dG+CMw0+jFhtWBYIIHCd5dN16Y,0.46963299999999997,7.549924000000001,2.274598
568800,a2JJDid759RYBNLdQjknGV2qhRXPAlpcYYYaf5dG+CMw0+jFhtWBYIIHCd5dN16Y,1.238373,3.222455,2.10216
569100,a2JJDid759RYBNLdQjknGV2qhRXPAlpcYYYaf5dG+CMw0+jFhtWBYIIHCd5dN16Y,1.840546,28.01118,6.679442999999999
569400,a2JJDid759RYBNLdQjknGV2qhRXPAlpcYYYaf5dG+CMw0+jFhtWBYIIHCd5dN16Y,1.2332889999999999,3.872922,2.1597779999999998
569700,a2JJDid759RYBNLdQjknGV2qhRXPAlpcYYYaf5dG+CMw0+jFhtWBYIIHCd5dN16Y,1.122731,3.180397,2.131918
570000,a2JJDid759RYBNLdQjknGV2qhRXPAlpcYYYaf5dG+CMw0+jFhtWBYIIHCd5dN16Y,1.561415,3.7728,2.401007
570300,a2JJDid759RYBNLdQjknGV2qhRXPAlpcYYYaf5dG+CMw0+jFhtWBYIIHCd5dN16Y,0.45576700000000003,3.6244110000000003,1.994329
570600,a2JJDid759RYBNLdQjknGV2qhRXPAlpcYYYaf5dG+CMw0+jFhtWBYIIHCd5dN16Y,0.679506,4.348947,2.282532
570900,a2JJDid759RYBNLdQjknGV2qhRXPAlpcYYYaf5dG+CMw0+jFhtWBYIIHCd5dN16Y,1.7074049999999998,3.6087059999999997,2.2553669999999997
571200,a2JJDid759RYBNLdQjknGV2qhRXPAlpcYYYaf5dG+CMw0+jFhtWBYIIHCd5dN16Y,0.402477,3.854143,2.26937
571500,a2JJDid759RYBNLdQjknGV2qhRXPAlpcYYYaf5dG+CMw0+jFhtWBYIIHCd5dN16Y,1.613438,3.4189839999999996,2.2882569999999998
571800,a2JJDid759RYBNLdQjknGV2qhRXPAlpcYYYaf5dG+CMw0+jFhtWBYIIHCd5dN16Y,0.338171,3.57579,2.287845
572100,a2JJDid759RYBNLdQjknGV2qhRXPAlpcYYYaf5dG+CMw0+jFhtWBYIIHCd5dN16Y,1.428266,4.630933,2.507005
572400,a2JJDid759RYBNLdQjknGV2qhRXPAlpcYYYaf5dG+CMw0+jFhtWBYIIHCd5dN16Y,0.29281599999999997,3.233397,2.028508
572700,a2JJDid759RYBNLdQjknGV2qhRXPAlpcYYYaf5dG+CMw0+jFhtWBYIIHCd5dN16Y,1.633202,3.165756,2.273466
573000,a2JJDid759RYBNLdQjknGV2qhRXPAlpcYYYaf5dG+CMw0+jFhtWBYIIHCd5dN16Y,1.26902,4.011409,2.39866
573300,a2JJDid759RYBNLdQjknGV2qhRXPAlpcYYYaf5dG+CMw0+jFhtWBYIIHCd5dN16Y,0.467167,3.040689,1.8875979999999999
573600,a2JJDid759RYBNLdQjknGV2qhRXPAlpcYYYaf5dG+CMw0+jFhtWBYIIHCd5dN16Y,1.68317,4.009458,2.3808689999999997
573900,a2JJDid759RYBNLdQjknGV2qhRXPAlpcYYYaf5dG+CMw0+jFhtWBYIIHCd5dN16Y,1.892148,6.268513,2.8488450000000003
574200,a2JJDid759RYBNLdQjknGV2qhRXPAlpcYYYaf5dG+CMw0+jFhtWBYIIHCd5dN16Y,1.692927,4.4828660000000005,2.577106
574500,a2JJDid759RYBNLdQjknGV2qhRXPAlpcYYYaf5dG+CMw0+jFhtWBYIIHCd5dN16Y,0.388205,3.456946,2.204113
574800,a2JJDid759RYBNLdQjknGV2qhRXPAlpcYYYaf5dG+CMw0+jFhtWBYIIHCd5dN16Y,1.8612400000000002,3.6999769999999996,2.438656
575100,a2JJDid759RYBNLdQjknGV2qhRXPAlpcYYYaf5dG+CMw0+jFhtWBYIIHCd5dN16Y,0.49960299999999996,3.859672,2.303665
575400,a2JJDid759RYBNLdQjknGV2qhRXPAlpcYYYaf5dG+CMw0+jFhtWBYIIHCd5dN16Y,1.589429,3.888168,2.488511
575700,a2JJDid759RYBNLdQjknGV2qhRXPAlpcYYYaf5dG+CMw0+jFhtWBYIIHCd5dN16Y,1.397338,4.93409,2.5157990000000003
576000,a2JJDid759RYBNLdQjknGV2qhRXPAlpcYYYaf5dG+CMw0+jFhtWBYIIHCd5dN16Y,1.85655,3.585862,2.482014
576300,a2JJDid759RYBNLdQjknGV2qhRXPAlpcYYYaf5dG+CMw0+jFhtWBYIIHCd5dN16Y,1.790182,3.330421,2.354702
576600,a2JJDid759RYBNLdQjknGV2qhRXPAlpcYYYaf5dG+CMw0+jFhtWBYIIHCd5dN16Y,0.418666,3.5947459999999998,2.235062
576900,a2JJDid759RYBNLdQjknGV2qhRXPAlpcYYYaf5dG+CMw0+jFhtWBYIIHCd5dN16Y,1.791273,3.674118,2.345345
577200,a2JJDid759RYBNLdQjknGV2qhRXPAlpcYYYaf5dG+CMw0+jFhtWBYIIHCd5dN16Y,0.436129,3.7818980000000004,2.0940630000000002
577500,a2JJDid759RYBNLdQjknGV2qhRXPAlpcYYYaf5dG+CMw0+jFhtWBYIIHCd5dN16Y,1.287815,2.795896,1.997897
577800,a2JJDid759RYBNLdQjknGV2qhRXPAlpcYYYaf5dG+CMw0+jFhtWBYIIHCd5dN16Y,0.658363,3.3347279999999997,2.250771
578100,a2JJDid759RYBNLdQjknGV2qhRXPAlpcYYYaf5dG+CMw0+jFhtWBYIIHCd5dN16Y,1.599956,3.9005980000000005,2.3883349999999997
578400,a2JJDid759RYBNLdQjknGV2qhRXPAlpcYYYaf5dG+CMw0+jFhtWBYIIHCd5dN16Y,0.35665399999999997,3.6507419999999997,2.173413
578700,a2JJDid759RYBNLdQjknGV2qhRXPAlpcYYYaf5dG+CMw0+jFhtWBYIIHCd5dN16Y,1.48264,3.4416580000000003,2.4534540000000002
579000,a2JJDid759RYBNLdQjknGV2qhRXPAlpcYYYaf5dG+CMw0+jFhtWBYIIHCd5dN16Y,1.860139,3.6305370000000003,2.405932
579300,a2JJDid759RYBNLdQjknGV2qhRXPAlpcYYYaf5dG+CMw0+jFhtWBYIIHCd5dN16Y,0.848291,3.743378,2.33554
579600,a2JJDid759RYBNLdQjknGV2qhRXPAlpcYYYaf5dG+CMw0+jFhtWBYIIHCd5dN16Y,1.786486,4.542574,2.597588
579900,a2JJDid759RYBNLdQjknGV2qhRXPAlpcYYYaf5dG+CMw0+jFhtWBYIIHCd5dN16Y,0.33164299999999997,4.3549739999999995,2.12491
580200,a2JJDid759RYBNLdQjknGV2qhRXPAlpcYYYaf5dG+CMw0+jFhtWBYIIHCd5dN16Y,1.958423,3.8372550000000003,2.731087
580500,a2JJDid759RYBNLdQjknGV2qhRXPAlpcYYYaf5dG+CMw0+jFhtWBYIIHCd5dN16Y,0.294962,4.256508999999999,2.241844
580800,a2JJDid759RYBNLdQjknGV2qhRXPAlpcYYYaf5dG+CMw0+jFhtWBYIIHCd5dN16Y,1.8746759999999998,4.272107,2.65472
581100,a2JJDid759RYBNLdQjknGV2qhRXPAlpcYYYaf5dG+CMw0+jFhtWBYIIHCd5dN16Y,1.7877740000000002,4.32877,2.353888
581400,a2JJDid759RYBNLdQjknGV2qhRXPAlpcYYYaf5dG+CMw0+jFhtWBYIIHCd5dN16Y,0.422521,4.015793,2.315665
581700,a2JJDid759RYBNLdQjknGV2qhRXPAlpcYYYaf5dG+CMw0+jFhtWBYIIHCd5dN16Y,1.657043,3.6791379999999996,2.285102
582000,a2JJDid759RYBNLdQjknGV2qhRXPAlpcYYYaf5dG+CMw0+jFhtWBYIIHCd5dN16Y,0.405118,3.6229440000000004,2.2639810000000002
582300,a2JJDid759RYBNLdQjknGV2qhRXPAlpcYYYaf5dG+CMw0+jFhtWBYIIHCd5dN16Y,1.621406,4.870137000000001,2.626849
582600,a2JJDid759RYBNLdQjknGV2qhRXPAlpcYYYaf5dG+CMw0+jFhtWBYIIHCd5dN16Y,1.4679790000000001,6.900847,2.8464810000000003
582900,a2JJDid759RYBNLdQjknGV2qhRXPAlpcYYYaf5dG+CMw0+jFhtWBYIIHCd5dN16Y,1.59064,5.68216,2.4921439999999997
583200,a2JJDid759RYBNLdQjknGV2qhRXPAlpcYYYaf5dG+CMw0+jFhtWBYIIHCd5dN16Y,0.441346,3.171855,2.228815
583500,a2JJDid759RYBNLdQjknGV2qhRXPAlpcYYYaf5dG+CMw0+jFhtWBYIIHCd5dN16Y,1.6810490000000002,3.6218589999999997,2.319338
583800,a2JJDid759RYBNLdQjknGV2qhRXPAlpcYYYaf5dG+CMw0+jFhtWBYIIHCd5dN16Y,1.668478,7.942011,2.802463
584100,a2JJDid759RYBNLdQjknGV2qhRXPAlpcYYYaf5dG+CMw0+jFhtWBYIIHCd5dN16Y,0.380255,4.400158,2.3363240000000003
584400,a2JJDid759RYBNLdQjknGV2qhRXPAlpcYYYaf5dG+CMw0+jFhtWBYIIHCd5dN16Y,1.542306,4.105499,2.526386
584700,a2JJDid759RYBNLdQjknGV2qhRXPAlpcYYYaf5dG+CMw0+jFhtWBYIIHCd5dN16Y,1.53766,4.019235,2.366046
585000,a2JJDid759RYBNLdQjknGV2qhRXPAlpcYYYaf5dG+CMw0+jFhtWBYIIHCd5dN16Y,1.898724,4.096896,2.699221
585300,a2JJDid759RYBNLdQjknGV2qhRXPAlpcYYYaf5dG+CMw0+jFhtWBYIIHCd5dN16Y,0.719576,3.701679,2.460701
585600,a2JJDid759RYBNLdQjknGV2qhRXPAlpcYYYaf5dG+CMw0+jFhtWBYIIHCd5dN16Y,1.6512369999999998,3.4358410000000004,2.445016
585900,a2JJDid759RYBNLdQjknGV2qhRXPAlpcYYYaf5dG+CMw0+jFhtWBYIIHCd5dN16Y,0.499133,3.4954160000000005,2.221837
586200,a2JJDid759RYBNLdQjknGV2qhRXPAlpcYYYaf5dG+CMw0+jFhtWBYIIHCd5dN16Y,1.682453,3.8791309999999997,2.487984
586500,a2JJDid759RYBNLdQjknGV2qhRXPAlpcYYYaf5dG+CMw0+jFhtWBYIIHCd5dN16Y,1.204688,6.514062,2.704352
586800,a2JJDid759RYBNLdQjknGV2qhRXPAlpcYYYaf5dG+CMw0+jFhtWBYIIHCd5dN16Y,0.346416,3.36291,2.321905
587100,a2JJDid759RYBNLdQjknGV2qhRXPAlpcYYYaf5dG+CMw0+jFhtWBYIIHCd5dN16Y,1.807898,3.378839,2.3541
587400,a2JJDid759RYBNLdQjknGV2qhRXPAlpcYYYaf5dG+CMw0+jFhtWBYIIHCd5dN16Y,0.393751,3.374492,2.228051
587700,a2JJDid759RYBNLdQjknGV2qhRXPAlpcYYYaf5dG+CMw0+jFhtWBYIIHCd5dN16Y,1.642696,3.8728629999999997,2.399377
588000,a2JJDid759RYBNLdQjknGV2qhRXPAlpcYYYaf5dG+CMw0+jFhtWBYIIHCd5dN16Y,0.360689,4.270233,2.346001
588300,a2JJDid759RYBNLdQjknGV2qhRXPAlpcYYYaf5dG+CMw0+jFhtWBYIIHCd5dN16Y,1.7405259999999998,3.684546,2.351279
588600,a2JJDid759RYBNLdQjknGV2qhRXPAlpcYYYaf5dG+CMw0+jFhtWBYIIHCd5dN16Y,0.39415100000000003,3.87404,2.550864
588900,a2JJDid759RYBNLdQjknGV2qhRXPAlpcYYYaf5dG+CMw0+jFhtWBYIIHCd5dN16Y,1.910039,3.943219,2.801548
589200,a2JJDid759RYBNLdQjknGV2qhRXPAlpcYYYaf5dG+CMw0+jFhtWBYIIHCd5dN16Y,1.518664,6.465222,3.002465
589500,a2JJDid759RYBNLdQjknGV2qhRXPAlpcYYYaf5dG+CMw0+jFhtWBYIIHCd5dN16Y,0.462696,3.610625,2.2808200000000003
589800,a2JJDid759RYBNLdQjknGV2qhRXPAlpcYYYaf5dG+CMw0+jFhtWBYIIHCd5dN16Y,1.519253,3.544296,2.230293
590100,a2JJDid759RYBNLdQjknGV2qhRXPAlpcYYYaf5dG+CMw0+jFhtWBYIIHCd5dN16Y,1.369551,3.485171,2.203303
590400,a2JJDid759RYBNLdQjknGV2qhRXPAlpcYYYaf5dG+CMw0+jFhtWBYIIHCd5dN16Y,1.618688,3.863205,2.4943310000000003
590700,a2JJDid759RYBNLdQjknGV2qhRXPAlpcYYYaf5dG+CMw0+jFhtWBYIIHCd5dN16Y,1.771418,3.340245,2.385313
591000,a2JJDid759RYBNLdQjknGV2qhRXPAlpcYYYaf5dG+CMw0+jFhtWBYIIHCd5dN16Y,1.918464,3.955453,2.6222220000000003
591300,a2JJDid759RYBNLdQjknGV2qhRXPAlpcYYYaf5dG+CMw0+jFhtWBYIIHCd5dN16Y,0.8138770000000001,4.191093,2.586748
591600,a2JJDid759RYBNLdQjknGV2qhRXPAlpcYYYaf5dG+CMw0+jFhtWBYIIHCd5dN16Y,2.085036,4.364023,2.85849
591900,a2JJDid759RYBNLdQjknGV2qhRXPAlpcYYYaf5dG+CMw0+jFhtWBYIIHCd5dN16Y,1.74058,3.1613279999999997,2.443892
592200,a2JJDid759RYBNLdQjknGV2qhRXPAlpcYYYaf5dG+CMw0+jFhtWBYIIHCd5dN16Y,1.744822,4.027158,2.4563900000000003
592500,a2JJDid759RYBNLdQjknGV2qhRXPAlpcYYYaf5dG+CMw0+jFhtWBYIIHCd5dN16Y,1.302174,3.2267360000000003,2.2656389999999997
592800,a2JJDid759RYBNLdQjknGV2qhRXPAlpcYYYaf5dG+CMw0+jFhtWBYIIHCd5dN16Y,0.9334,3.4182309999999996,2.301919
593100,a2JJDid759RYBNLdQjknGV2qhRXPAlpcYYYaf5dG+CMw0+jFhtWBYIIHCd5dN16Y,1.517932,3.189384,2.302405
593400,a2JJDid759RYBNLdQjknGV2qhRXPAlpcYYYaf5dG+CMw0+jFhtWBYIIHCd5dN16Y,0.819283,3.592191,2.269515
593700,a2JJDid759RYBNLdQjknGV2qhRXPAlpcYYYaf5dG+CMw0+jFhtWBYIIHCd5dN16Y,1.7199490000000002,5.616159,2.61768
594000,a2JJDid759RYBNLdQjknGV2qhRXPAlpcYYYaf5dG+CMw0+jFhtWBYIIHCd5dN16Y,1.573763,7.931412,3.01043
594300,a2JJDid759RYBNLdQjknGV2qhRXPAlpcYYYaf5dG+CMw0+jFhtWBYIIHCd5dN16Y,1.835905,3.721835,2.4525349999999997
594600,a2JJDid759RYBNLdQjknGV2qhRXPAlpcYYYaf5dG+CMw0+jFhtWBYIIHCd5dN16Y,1.634593,3.657888,2.382509
594900,a2JJDid759RYBNLdQjknGV2qhRXPAlpcYYYaf5dG+CMw0+jFhtWBYIIHCd5dN16Y,1.567024,3.806521,2.3171150000000003
595200,a2JJDid759RYBNLdQjknGV2qhRXPAlpcYYYaf5dG+CMw0+jFhtWBYIIHCd5dN16Y,1.255185,3.73259,2.457826
595500,a2JJDid759RYBNLdQjknGV2qhRXPAlpcYYYaf5dG+CMw0+jFhtWBYIIHCd5dN16Y,0.814754,3.4381019999999998,2.2347189999999997
595800,a2JJDid759RYBNLdQjknGV2qhRXPAlpcYYYaf5dG+CMw0+jFhtWBYIIHCd5dN16Y,1.78381,3.9697730000000004,2.5051650000000003
596100,a2JJDid759RYBNLdQjknGV2qhRXPAlpcYYYaf5dG+CMw0+jFhtWBYIIHCd5dN16Y,1.6947580000000002,3.316443,2.397477
596400,a2JJDid759RYBNLdQjknGV2qhRXPAlpcYYYaf5dG+CMw0+jFhtWBYIIHCd5dN16Y,1.750902,3.8033870000000003,2.488109
596700,a2JJDid759RYBNLdQjknGV2qhRXPAlpcYYYaf5dG+CMw0+jFhtWBYIIHCd5dN16Y,1.242657,7.954282000000001,2.795872
597000,a2JJDid759RYBNLdQjknGV2qhRXPAlpcYYYaf5dG+CMw0+jFhtWBYIIHCd5dN16Y,1.8468369999999998,4.192186,2.527243
597300,a2JJDid759RYBNLdQjknGV2qhRXPAlpcYYYaf5dG+CMw0+jFhtWBYIIHCd5dN16Y,0.79264,6.8110029999999995,2.705003
597600,a2JJDid759RYBNLdQjknGV2qhRXPAlpcYYYaf5dG+CMw0+jFhtWBYIIHCd5dN16Y,2.115358,3.98392,2.831855
597900,a2JJDid759RYBNLdQjknGV2qhRXPAlpcYYYaf5dG+CMw0+jFhtWBYIIHCd5dN16Y,1.37265,29.223575,6.642161
598200,a2JJDid759RYBNLdQjknGV2qhRXPAlpcYYYaf5dG+CMw0+jFhtWBYIIHCd5dN16Y,0.800906,4.135102,2.840003
598500,a2JJDid759RYBNLdQjknGV2qhRXPAlpcYYYaf5dG+CMw0+jFhtWBYIIHCd5dN16Y,1.540602,4.149780000000001,2.136791
598800,a2JJDid759RYBNLdQjknGV2qhRXPAlpcYYYaf5dG+CMw0+jFhtWBYIIHCd5dN16Y,1.151556,3.385561,1.9464849999999998
599100,a2JJDid759RYBNLdQjknGV2qhRXPAlpcYYYaf5dG+CMw0+jFhtWBYIIHCd5dN16Y,1.4695049999999998,3.404584,2.000722
599400,a2JJDid759RYBNLdQjknGV2qhRXPAlpcYYYaf5dG+CMw0+jFhtWBYIIHCd5dN16Y,1.499714,3.923486,2.263403
599700,a2JJDid759RYBNLdQjknGV2qhRXPAlpcYYYaf5dG+CMw0+jFhtWBYIIHCd5dN16Y,1.3290170000000001,2.728911,1.946378
600000,a2JJDid759RYBNLdQjknGV2qhRXPAlpcYYYaf5dG+CMw0+jFhtWBYIIHCd5dN16Y,1.2469700000000001,2.993657,1.916291
600300,a2JJDid759RYBNLdQjknGV2qhRXPAlpcYYYaf5dG+CMw0+jFhtWBYIIHCd5dN16Y,1.200381,3.294754,1.861186
600600,a2JJDid759RYBNLdQjknGV2qhRXPAlpcYYYaf5dG+CMw0+jFhtWBYIIHCd5dN16Y,1.172244,2.955885,1.9625169999999998
600900,a2JJDid759RYBNLdQjknGV2qhRXPAlpcYYYaf5dG+CMw0+jFhtWBYIIHCd5dN16Y,1.1934870000000002,5.0149669999999995,2.199921
601200,a2JJDid759RYBNLdQjknGV2qhRXPAlpcYYYaf5dG+CMw0+jFhtWBYIIHCd5dN16Y,1.6160430000000001,3.838746,2.365418
601500,a2JJDid759RYBNLdQjknGV2qhRXPAlpcYYYaf5dG+CMw0+jFhtWBYIIHCd5dN16Y,1.8001049999999998,3.538904,2.305368
601800,a2JJDid759RYBNLdQjknGV2qhRXPAlpcYYYaf5dG+CMw0+jFhtWBYIIHCd5dN16Y,1.5553,3.9063269999999997,2.386574
602100,a2JJDid759RYBNLdQjknGV2qhRXPAlpcYYYaf5dG+CMw0+jFhtWBYIIHCd5dN16Y,1.7909950000000001,11.934496000000001,3.081927
602400,a2JJDid759RYBNLdQjknGV2qhRXPAlpcYYYaf5dG+CMw0+jFhtWBYIIHCd5dN16Y,1.390403,3.5328209999999998,2.465183
602700,a2JJDid759RYBNLdQjknGV2qhRXPAlpcYYYaf5dG+CMw0+jFhtWBYIIHCd5dN16Y,1.816987,3.4348919999999996,2.4161919999999997
603000,a2JJDid759RYBNLdQjknGV2qhRXPAlpcYYYaf5dG+CMw0+jFhtWBYIIHCd5dN16Y,1.471063,4.219425,2.6214049999999998
603300,a2JJDid759RYBNLdQjknGV2qhRXPAlpcYYYaf5dG+CMw0+jFhtWBYIIHCd5dN16Y,1.445368,5.710504,2.581242
603600,a2JJDid759RYBNLdQjknGV2qhRXPAlpcYYYaf5dG+CMw0+jFhtWBYIIHCd5dN16Y,1.711572,3.7582940000000002,2.422921
603900,a2JJDid759RYBNLdQjknGV2qhRXPAlpcYYYaf5dG+CMw0+jFhtWBYIIHCd5dN16Y,1.758429,3.571652,2.3043560000000003
604200,a2JJDid759RYBNLdQjknGV2qhRXPAlpcYYYaf5dG+CMw0+jFhtWBYIIHCd5dN16Y,1.472448,3.726626,2.330363
604500,a2JJDid759RYBNLdQjknGV2qhRXPAlpcYYYaf5dG+CMw0+jFhtWBYIIHCd5dN16Y,1.109664,5.295869000000001,2.092706
604800,a2JJDid759RYBNLdQjknGV2qhRXPAlpcYYYaf5dG+CMw0+jFhtWBYIIHCd5dN16Y,1.15575,3.184452,1.982011
605100,a2JJDid759RYBNLdQjknGV2qhRXPAlpcYYYaf5dG+CMw0+jFhtWBYIIHCd5dN16Y,1.588396,3.247371,2.136542
605400,a2JJDid759RYBNLdQjknGV2qhRXPAlpcYYYaf5dG+CMw0+jFhtWBYIIHCd5dN16Y,1.7714509999999999,3.989954,2.6265240000000003
605700,a2JJDid759RYBNLdQjknGV2qhRXPAlpcYYYaf5dG+CMw0+jFhtWBYIIHCd5dN16Y,1.666597,3.824896,2.4091139999999998
606000,a2JJDid759RYBNLdQjknGV2qhRXPAlpcYYYaf5dG+CMw0+jFhtWBYIIHCd5dN16Y,1.1380649999999999,4.000875,2.107823
606300,a2JJDid759RYBNLdQjknGV2qhRXPAlpcYYYaf5dG+CMw0+jFhtWBYIIHCd5dN16Y,1.272742,2.505302,1.984547
606600,a2JJDid759RYBNLdQjknGV2qhRXPAlpcYYYaf5dG+CMw0+jFhtWBYIIHCd5dN16Y,1.147717,3.7449790000000003,1.994272
606900,a2JJDid759RYBNLdQjknGV2qhRXPAlpcYYYaf5dG+CMw0+jFhtWBYIIHCd5dN16Y,1.156297,5.558228,2.0196549999999998
607200,a2JJDid759RYBNLdQjknGV2qhRXPAlpcYYYaf5dG+CMw0+jFhtWBYIIHCd5dN16Y,1.1908379999999998,3.039185,1.8788799999999999
607500,a2JJDid759RYBNLdQjknGV2qhRXPAlpcYYYaf5dG+CMw0+jFhtWBYIIHCd5dN16Y,1.40406,3.858425,1.9515779999999998
607800,a2JJDid759RYBNLdQjknGV2qhRXPAlpcYYYaf5dG+CMw0+jFhtWBYIIHCd5dN16Y,1.272316,3.336903,2.205925
608100,a2JJDid759RYBNLdQjknGV2qhRXPAlpcYYYaf5dG+CMw0+jFhtWBYIIHCd5dN16Y,1.581317,5.37172,2.5478259999999997
608400,a2JJDid759RYBNLdQjknGV2qhRXPAlpcYYYaf5dG+CMw0+jFhtWBYIIHCd5dN16Y,2.1144439999999998,18.333343,3.9510989999999997
608700,a2JJDid759RYBNLdQjknGV2qhRXPAlpcYYYaf5dG+CMw0+jFhtWBYIIHCd5dN16Y,2.0917790000000003,7.740463,3.160611
609000,a2JJDid759RYBNLdQjknGV2qhRXPAlpcYYYaf5dG+CMw0+jFhtWBYIIHCd5dN16Y,1.9769310000000002,3.827431,2.837688
609300,a2JJDid759RYBNLdQjknGV2qhRXPAlpcYYYaf5dG+CMw0+jFhtWBYIIHCd5dN16Y,2.087159,4.447289,2.559007
609600,a2JJDid759RYBNLdQjknGV2qhRXPAlpcYYYaf5dG+CMw0+jFhtWBYIIHCd5dN16Y,2.059275,4.464132,2.558426
609900,a2JJDid759RYBNLdQjknGV2qhRXPAlpcYYYaf5dG+CMw0+jFhtWBYIIHCd5dN16Y,1.9705169999999999,4.226641000000001,2.682487
610200,a2JJDid759RYBNLdQjknGV2qhRXPAlpcYYYaf5dG+CMw0+jFhtWBYIIHCd5dN16Y,1.4416229999999999,4.661107,2.6861200000000003
610500,a2JJDid759RYBNLdQjknGV2qhRXPAlpcYYYaf5dG+CMw0+jFhtWBYIIHCd5dN16Y,1.874632,4.104386,2.549642
610800,a2JJDid759RYBNLdQjknGV2qhRXPAlpcYYYaf5dG+CMw0+jFhtWBYIIHCd5dN16Y,1.721481,3.7768230000000003,2.608492
611100,a2JJDid759RYBNLdQjknGV2qhRXPAlpcYYYaf5dG+CMw0+jFhtWBYIIHCd5dN16Y,1.81453,4.470248000000001,2.578186
611400,a2JJDid759RYBNLdQjknGV2qhRXPAlpcYYYaf5dG+CMw0+jFhtWBYIIHCd5dN16Y,1.563067,4.543253,2.489521
611700,a2JJDid759RYBNLdQjknGV2qhRXPAlpcYYYaf5dG+CMw0+jFhtWBYIIHCd5dN16Y,1.031758,5.126583999999999,2.6620369999999998
612000,a2JJDid759RYBNLdQjknGV2qhRXPAlpcYYYaf5dG+CMw0+jFhtWBYIIHCd5dN16Y,1.9287009999999998,4.893204,2.6210560000000003
612300,a2JJDid759RYBNLdQjknGV2qhRXPAlpcYYYaf5dG+CMw0+jFhtWBYIIHCd5dN16Y,2.184714,8.078221000000001,3.430439
612600,a2JJDid759RYBNLdQjknGV2qhRXPAlpcYYYaf5dG+CMw0+jFhtWBYIIHCd5dN16Y,1.9129630000000002,4.092566000000001,2.857861
612900,a2JJDid759RYBNLdQjknGV2qhRXPAlpcYYYaf5dG+CMw0+jFhtWBYIIHCd5dN16Y,1.218521,4.423967,2.50852
613200,a2JJDid759RYBNLdQjknGV2qhRXPAlpcYYYaf5dG+CMw0+jFhtWBYIIHCd5dN16Y,1.9091490000000002,3.402804,2.547189
613500,a2JJDid759RYBNLdQjknGV2qhRXPAlpcYYYaf5dG+CMw0+jFhtWBYIIHCd5dN16Y,1.144184,3.409412,2.6281779999999997
613800,a2JJDid759RYBNLdQjknGV2qhRXPAlpcYYYaf5dG+CMw0+jFhtWBYIIHCd5dN16Y,2.23637,4.862576,3.107012
614100,a2JJDid759RYBNLdQjknGV2qhRXPAlpcYYYaf5dG+CMw0+jFhtWBYIIHCd5dN16Y,1.635243,4.10211,2.901027
614400,a2JJDid759RYBNLdQjknGV2qhRXPAlpcYYYaf5dG+CMw0+jFhtWBYIIHCd5dN16Y,1.190197,5.116239,3.027549
614700,a2JJDid759RYBNLdQjknGV2qhRXPAlpcYYYaf5dG+CMw0+jFhtWBYIIHCd5dN16Y,2.309327,5.174508,3.1094049999999998
615000,a2JJDid759RYBNLdQjknGV2qhRXPAlpcYYYaf5dG+CMw0+jFhtWBYIIHCd5dN16Y,2.5116509999999996,4.497737,3.11795
615300,a2JJDid759RYBNLdQjknGV2qhRXPAlpcYYYaf5dG+CMw0+jFhtWBYIIHCd5dN16Y,1.544814,5.617883,2.948053
615600,a2JJDid759RYBNLdQjknGV2qhRXPAlpcYYYaf5dG+CMw0+jFhtWBYIIHCd5dN16Y,0.819628,4.63018,2.5196810000000003
615900,a2JJDid759RYBNLdQjknGV2qhRXPAlpcYYYaf5dG+CMw0+jFhtWBYIIHCd5dN16Y,1.815675,4.152798000000001,2.4937259999999997
616200,a2JJDid759RYBNLdQjknGV2qhRXPAlpcYYYaf5dG+CMw0+jFhtWBYIIHCd5dN16Y,1.061114,4.565847,2.509594
616500,a2JJDid759RYBNLdQjknGV2qhRXPAlpcYYYaf5dG+CMw0+jFhtWBYIIHCd5dN16Y,2.228752,4.104643,2.769396
616800,a2JJDid759RYBNLdQjknGV2qhRXPAlpcYYYaf5dG+CMw0+jFhtWBYIIHCd5dN16Y,0.398982,4.431497,2.446498
617100,a2JJDid759RYBNLdQjknGV2qhRXPAlpcYYYaf5dG+CMw0+jFhtWBYIIHCd5dN16Y,1.561926,7.082046000000001,3.081518
617400,a2JJDid759RYBNLdQjknGV2qhRXPAlpcYYYaf5dG+CMw0+jFhtWBYIIHCd5dN16Y,1.4625219999999999,5.032671,2.800055
617700,a2JJDid759RYBNLdQjknGV2qhRXPAlpcYYYaf5dG+CMw0+jFhtWBYIIHCd5dN16Y,0.46004399999999995,3.83578,2.43515
618000,a2JJDid759RYBNLdQjknGV2qhRXPAlpcYYYaf5dG+CMw0+jFhtWBYIIHCd5dN16Y,1.7981029999999998,4.1514940000000005,2.6309560000000003
618300,a2JJDid759RYBNLdQjknGV2qhRXPAlpcYYYaf5dG+CMw0+jFhtWBYIIHCd5dN16Y,0.616125,3.631465,2.363454
618600,a2JJDid759RYBNLdQjknGV2qhRXPAlpcYYYaf5dG+CMw0+jFhtWBYIIHCd5dN16Y,1.612106,3.5786949999999997,2.482812
618900,a2JJDid759RYBNLdQjknGV2qhRXPAlpcYYYaf5dG+CMw0+jFhtWBYIIHCd5dN16Y,0.575829,5.496445,2.485974
619200,a2JJDid759RYBNLdQjknGV2qhRXPAlpcYYYaf5dG+CMw0+jFhtWBYIIHCd5dN16Y,1.150744,3.747592,2.287274
619500,a2JJDid759RYBNLdQjknGV2qhRXPAlpcYYYaf5dG+CMw0+jFhtWBYIIHCd5dN16Y,1.267976,2.798614,1.989398
619800,a2JJDid759RYBNLdQjknGV2qhRXPAlpcYYYaf5dG+CMw0+jFhtWBYIIHCd5dN16Y,0.355302,3.3370029999999997,2.2641560000000003
620100,a2JJDid759RYBNLdQjknGV2qhRXPAlpcYYYaf5dG+CMw0+jFhtWBYIIHCd5dN16Y,1.872816,3.9603610000000002,2.671646
620400,a2JJDid759RYBNLdQjknGV2qhRXPAlpcYYYaf5dG+CMw0+jFhtWBYIIHCd5dN16Y,0.440429,3.986668,2.428114
620700,a2JJDid759RYBNLdQjknGV2qhRXPAlpcYYYaf5dG+CMw0+jFhtWBYIIHCd5dN16Y,1.6250040000000001,3.375107,2.5158650000000002
621000,a2JJDid759RYBNLdQjknGV2qhRXPAlpcYYYaf5dG+CMw0+jFhtWBYIIHCd5dN16Y,0.961982,4.6638660000000005,2.6170430000000002
621300,a2JJDid759RYBNLdQjknGV2qhRXPAlpcYYYaf5dG+CMw0+jFhtWBYIIHCd5dN16Y,1.720357,3.360131,2.4468330000000003
621600,a2JJDid759RYBNLdQjknGV2qhRXPAlpcYYYaf5dG+CMw0+jFhtWBYIIHCd5dN16Y,0.37549499999999997,3.962758,2.235938
621900,a2JJDid759RYBNLdQjknGV2qhRXPAlpcYYYaf5dG+CMw0+jFhtWBYIIHCd5dN16Y,1.906075,3.192488,2.450574
622200,a2JJDid759RYBNLdQjknGV2qhRXPAlpcYYYaf5dG+CMw0+jFhtWBYIIHCd5dN16Y,1.8174709999999998,6.230625,2.953523
622500,a2JJDid759RYBNLdQjknGV2qhRXPAlpcYYYaf5dG+CMw0+jFhtWBYIIHCd5dN16Y,0.361641,5.904132,2.5167889999999997
622800,a2JJDid759RYBNLdQjknGV2qhRXPAlpcYYYaf5dG+CMw0+jFhtWBYIIHCd5dN16Y,2.102591,4.063149,2.657175
623100,a2JJDid759RYBNLdQjknGV2qhRXPAlpcYYYaf5dG+CMw0+jFhtWBYIIHCd5dN16Y,0.9231440000000001,4.136311,2.331372
623400,a2JJDid759RYBNLdQjknGV2qhRXPAlpcYYYaf5dG+CMw0+jFhtWBYIIHCd5dN16Y,1.495187,3.4327089999999996,2.391006
623700,a2JJDid759RYBNLdQjknGV2qhRXPAlpcYYYaf5dG+CMw0+jFhtWBYIIHCd5dN16Y,0.509698,4.040891,2.176876
624000,a2JJDid759RYBNLdQjknGV2qhRXPAlpcYYYaf5dG+CMw0+jFhtWBYIIHCd5dN16Y,1.7478639999999999,3.8590459999999998,2.353585
624300,a2JJDid759RYBNLdQjknGV2qhRXPAlpcYYYaf5dG+CMw0+jFhtWBYIIHCd5dN16Y,1.684135,3.128515,2.3642540000000003
624600,a2JJDid759RYBNLdQjknGV2qhRXPAlpcYYYaf5dG+CMw0+jFhtWBYIIHCd5dN16Y,1.819347,4.769495,2.500875
624900,a2JJDid759RYBNLdQjknGV2qhRXPAlpcYYYaf5dG+CMw0+jFhtWBYIIHCd5dN16Y,1.043294,3.425482,2.067226
625200,a2JJDid759RYBNLdQjknGV2qhRXPAlpcYYYaf5dG+CMw0+jFhtWBYIIHCd5dN16Y,0.526652,3.386312,2.096462
625500,a2JJDid759RYBNLdQjknGV2qhRXPAlpcYYYaf5dG+CMw0+jFhtWBYIIHCd5dN16Y,1.429705,2.886672,2.108443
625800,a2JJDid759RYBNLdQjknGV2qhRXPAlpcYYYaf5dG+CMw0+jFhtWBYIIHCd5dN16Y,0.5735359999999999,3.2766900000000003,1.982452
626100,a2JJDid759RYBNLdQjknGV2qhRXPAlpcYYYaf5dG+CMw0+jFhtWBYIIHCd5dN16Y,1.261055,5.501338,2.3641509999999997
626400,a2JJDid759RYBNLdQjknGV2qhRXPAlpcYYYaf5dG+CMw0+jFhtWBYIIHCd5dN16Y,0.604278,4.100935,2.295489
626700,a2JJDid759RYBNLdQjknGV2qhRXPAlpcYYYaf5dG+CMw0+jFhtWBYIIHCd5dN16Y,1.8441919999999998,27.205544,6.304233
627000,a2JJDid759RYBNLdQjknGV2qhRXPAlpcYYYaf5dG+CMw0+jFhtWBYIIHCd5dN16Y,1.5345870000000001,3.8905550000000004,2.3700330000000003
627300,a2JJDid759RYBNLdQjknGV2qhRXPAlpcYYYaf5dG+CMw0+jFhtWBYIIHCd5dN16Y,1.7736720000000001,3.3458160000000006,2.317866
627600,a2JJDid759RYBNLdQjknGV2qhRXPAlpcYYYaf5dG+CMw0+jFhtWBYIIHCd5dN16Y,0.361202,3.6660019999999998,2.164187
627900,a2JJDid759RYBNLdQjknGV2qhRXPAlpcYYYaf5dG+CMw0+jFhtWBYIIHCd5dN16Y,0.41971,2.800964,2.094236
628200,a2JJDid759RYBNLdQjknGV2qhRXPAlpcYYYaf5dG+CMw0+jFhtWBYIIHCd5dN16Y,1.4336790000000001,5.545714,2.366156
628500,a2JJDid759RYBNLdQjknGV2qhRXPAlpcYYYaf5dG+CMw0+jFhtWBYIIHCd5dN16Y,0.661976,4.815714,2.319456
628800,a2JJDid759RYBNLdQjknGV2qhRXPAlpcYYYaf5dG+CMw0+jFhtWBYIIHCd5dN16Y,1.493948,9.727077,3.3098440000000005
629100,a2JJDid759RYBNLdQjknGV2qhRXPAlpcYYYaf5dG+CMw0+jFhtWBYIIHCd5dN16Y,1.126248,3.267626,2.262655
629400,a2JJDid759RYBNLdQjknGV2qhRXPAlpcYYYaf5dG+CMw0+jFhtWBYIIHCd5dN16Y,1.479454,4.1944930000000005,2.342227
629700,a2JJDid759RYBNLdQjknGV2qhRXPAlpcYYYaf5dG+CMw0+jFhtWBYIIHCd5dN16Y,1.214742,4.5492669999999995,2.394516
630000,a2JJDid759RYBNLdQjknGV2qhRXPAlpcYYYaf5dG+CMw0+jFhtWBYIIHCd5dN16Y,1.269801,4.4412519999999995,2.3441389999999998
630300,a2JJDid759RYBNLdQjknGV2qhRXPAlpcYYYaf5dG+CMw0+jFhtWBYIIHCd5dN16Y,0.6792189999999999,3.102488,2.0237
630600,a2JJDid759RYBNLdQjknGV2qhRXPAlpcYYYaf5dG+CMw0+jFhtWBYIIHCd5dN16Y,1.398231,4.675663,2.508282
630900,a2JJDid759RYBNLdQjknGV2qhRXPAlpcYYYaf5dG+CMw0+jFhtWBYIIHCd5dN16Y,1.698393,3.02948,2.258991
631200,a2JJDid759RYBNLdQjknGV2qhRXPAlpcYYYaf5dG+CMw0+jFhtWBYIIHCd5dN16Y,1.170994,3.283204,2.34145
631500,a2JJDid759RYBNLdQjknGV2qhRXPAlpcYYYaf5dG+CMw0+jFhtWBYIIHCd5dN16Y,1.461068,3.839631,2.435433
631800,a2JJDid759RYBNLdQjknGV2qhRXPAlpcYYYaf5dG+CMw0+jFhtWBYIIHCd5dN16Y,0.5631510000000001,4.702905,2.544921
632100,a2JJDid759RYBNLdQjknGV2qhRXPAlpcYYYaf5dG+CMw0+jFhtWBYIIHCd5dN16Y,1.622662,3.723736,2.468347
632400,a2JJDid759RYBNLdQjknGV2qhRXPAlpcYYYaf5dG+CMw0+jFhtWBYIIHCd5dN16Y,1.386136,4.0462940000000005,2.37445
632700,a2JJDid759RYBNLdQjknGV2qhRXPAlpcYYYaf5dG+CMw0+jFhtWBYIIHCd5dN16Y,1.730631,3.238873,2.354778
633000,a2JJDid759RYBNLdQjknGV2qhRXPAlpcYYYaf5dG+CMw0+jFhtWBYIIHCd5dN16Y,1.278678,4.217026000000001,2.28686
633300,a2JJDid759RYBNLdQjknGV2qhRXPAlpcYYYaf5dG+CMw0+jFhtWBYIIHCd5dN16Y,1.636031,4.776748,2.484591
633600,a2JJDid759RYBNLdQjknGV2qhRXPAlpcYYYaf5dG+CMw0+jFhtWBYIIHCd5dN16Y,1.657588,3.900546,2.352414
633900,a2JJDid759RYBNLdQjknGV2qhRXPAlpcYYYaf5dG+CMw0+jFhtWBYIIHCd5dN16Y,0.61301,2.931973,2.009463
634200,a2JJDid759RYBNLdQjknGV2qhRXPAlpcYYYaf5dG+CMw0+jFhtWBYIIHCd5dN16Y,1.4314639999999998,3.099694,2.145332
634500,a2JJDid759RYBNLdQjknGV2qhRXPAlpcYYYaf5dG+CMw0+jFhtWBYIIHCd5dN16Y,0.7474109999999999,2.900747,2.001327
634800,a2JJDid759RYBNLdQjknGV2qhRXPAlpcYYYaf5dG+CMw0+jFhtWBYIIHCd5dN16Y,1.50129,3.185046,2.02947
635100,a2JJDid759RYBNLdQjknGV2qhRXPAlpcYYYaf5dG+CMw0+jFhtWBYIIHCd5dN16Y,0.8734190000000001,2.915258,2.177136
635400,a2JJDid759RYBNLdQjknGV2qhRXPAlpcYYYaf5dG+CMw0+jFhtWBYIIHCd5dN16Y,1.8407950000000002,4.771003,2.717355
635700,a2JJDid759RYBNLdQjknGV2qhRXPAlpcYYYaf5dG+CMw0+jFhtWBYIIHCd5dN16Y,1.707864,6.589065,3.079021
636000,a2JJDid759RYBNLdQjknGV2qhRXPAlpcYYYaf5dG+CMw0+jFhtWBYIIHCd5dN16Y,1.683498,3.812675,2.63505
636300,a2JJDid759RYBNLdQjknGV2qhRXPAlpcYYYaf5dG+CMw0+jFhtWBYIIHCd5dN16Y,2.0937639999999997,3.4462620000000004,2.562081
636600,a2JJDid759RYBNLdQjknGV2qhRXPAlpcYYYaf5dG+CMw0+jFhtWBYIIHCd5dN16Y,0.69897,3.763496,2.6029139999999997
636900,a2JJDid759RYBNLdQjknGV2qhRXPAlpcYYYaf5dG+CMw0+jFhtWBYIIHCd5dN16Y,1.826886,4.884896,2.774235
637200,a2JJDid759RYBNLdQjknGV2qhRXPAlpcYYYaf5dG+CMw0+jFhtWBYIIHCd5dN16Y,0.75602,4.896399,2.372684
637500,a2JJDid759RYBNLdQjknGV2qhRXPAlpcYYYaf5dG+CMw0+jFhtWBYIIHCd5dN16Y,1.608288,3.8159919999999996,2.511244
637800,a2JJDid759RYBNLdQjknGV2qhRXPAlpcYYYaf5dG+CMw0+jFhtWBYIIHCd5dN16Y,1.3137020000000001,3.702611,2.357829
638100,a2JJDid759RYBNLdQjknGV2qhRXPAlpcYYYaf5dG+CMw0+jFhtWBYIIHCd5dN16Y,1.465484,3.543966,2.423278
638400,a2JJDid759RYBNLdQjknGV2qhRXPAlpcYYYaf5dG+CMw0+jFhtWBYIIHCd5dN16Y,1.214503,3.857571,2.13233
638700,a2JJDid759RYBNLdQjknGV2qhRXPAlpcYYYaf5dG+CMw0+jFhtWBYIIHCd5dN16Y,1.126226,3.7917330000000002,2.253886
639000,a2JJDid759RYBNLdQjknGV2qhRXPAlpcYYYaf5dG+CMw0+jFhtWBYIIHCd5dN16Y,1.790375,4.865986,2.727543
639300,a2JJDid759RYBNLdQjknGV2qhRXPAlpcYYYaf5dG+CMw0+jFhtWBYIIHCd5dN16Y,1.602665,4.302828,2.570834
639600,a2JJDid759RYBNLdQjknGV2qhRXPAlpcYYYaf5dG+CMw0+jFhtWBYIIHCd5dN16Y,1.928334,3.666125,2.6400580000000002
639900,a2JJDid759RYBNLdQjknGV2qhRXPAlpcYYYaf5dG+CMw0+jFhtWBYIIHCd5dN16Y,0.5722520000000001,3.4337519999999997,2.31373
640200,a2JJDid759RYBNLdQjknGV2qhRXPAlpcYYYaf5dG+CMw0+jFhtWBYIIHCd5dN16Y,1.788411,4.204584,2.7526509999999997
640500,a2JJDid759RYBNLdQjknGV2qhRXPAlpcYYYaf5dG+CMw0+jFhtWBYIIHCd5dN16Y,0.9365899999999999,6.591541,2.715426
640800,a2JJDid759RYBNLdQjknGV2qhRXPAlpcYYYaf5dG+CMw0+jFhtWBYIIHCd5dN16Y,1.9369439999999998,4.387965,2.879211
641100,a2JJDid759RYBNLdQjknGV2qhRXPAlpcYYYaf5dG+CMw0+jFhtWBYIIHCd5dN16Y,1.438668,4.677386,2.4934830000000003
641400,a2JJDid759RYBNLdQjknGV2qhRXPAlpcYYYaf5dG+CMw0+jFhtWBYIIHCd5dN16Y,0.7821359999999999,3.669479,2.204729
641700,a2JJDid759RYBNLdQjknGV2qhRXPAlpcYYYaf5dG+CMw0+jFhtWBYIIHCd5dN16Y,1.5674629999999998,3.7688639999999998,2.494184
642000,a2JJDid759RYBNLdQjknGV2qhRXPAlpcYYYaf5dG+CMw0+jFhtWBYIIHCd5dN16Y,1.657189,6.281323,2.775584
642300,a2JJDid759RYBNLdQjknGV2qhRXPAlpcYYYaf5dG+CMw0+jFhtWBYIIHCd5dN16Y,1.773365,3.221943,2.4209650000000003
642600,a2JJDid759RYBNLdQjknGV2qhRXPAlpcYYYaf5dG+CMw0+jFhtWBYIIHCd5dN16Y,0.721553,4.3415099999999995,2.503935
642900,a2JJDid759RYBNLdQjknGV2qhRXPAlpcYYYaf5dG+CMw0+jFhtWBYIIHCd5dN16Y,1.577817,3.70316,2.433909
643200,a2JJDid759RYBNLdQjknGV2qhRXPAlpcYYYaf5dG+CMw0+jFhtWBYIIHCd5dN16Y,1.208901,3.988289,2.261541
643500,a2JJDid759RYBNLdQjknGV2qhRXPAlpcYYYaf5dG+CMw0+jFhtWBYIIHCd5dN16Y,1.292642,4.220401,2.330716
643800,a2JJDid759RYBNLdQjknGV2qhRXPAlpcYYYaf5dG+CMw0+jFhtWBYIIHCd5dN16Y,1.66225,6.218693,2.673451
644100,a2JJDid759RYBNLdQjknGV2qhRXPAlpcYYYaf5dG+CMw0+jFhtWBYIIHCd5dN16Y,0.531463,5.064186,2.667609
644400,a2JJDid759RYBNLdQjknGV2qhRXPAlpcYYYaf5dG+CMw0+jFhtWBYIIHCd5dN16Y,0.941393,3.8664379999999996,2.284306
644700,a2JJDid759RYBNLdQjknGV2qhRXPAlpcYYYaf5dG+CMw0+jFhtWBYIIHCd5dN16Y,1.224567,3.4853059999999996,2.1090880000000003
645000,a2JJDid759RYBNLdQjknGV2qhRXPAlpcYYYaf5dG+CMw0+jFhtWBYIIHCd5dN16Y,1.400633,4.168159999999999,2.531886
645300,a2JJDid759RYBNLdQjknGV2qhRXPAlpcYYYaf5dG+CMw0+jFhtWBYIIHCd5dN16Y,0.558873,3.4391589999999996,2.383474
645600,a2JJDid759RYBNLdQjknGV2qhRXPAlpcYYYaf5dG+CMw0+jFhtWBYIIHCd5dN16Y,1.922718,3.793654,2.47146
645900,a2JJDid759RYBNLdQjknGV2qhRXPAlpcYYYaf5dG+CMw0+jFhtWBYIIHCd5dN16Y,1.7199509999999998,4.772443,2.5726
646200,a2JJDid759RYBNLdQjknGV2qhRXPAlpcYYYaf5dG+CMw0+jFhtWBYIIHCd5dN16Y,1.3181770000000002,4.840592,2.218317
646500,a2JJDid759RYBNLdQjknGV2qhRXPAlpcYYYaf5dG+CMw0+jFhtWBYIIHCd5dN16Y,1.534565,12.284541,2.627857
646800,a2JJDid759RYBNLdQjknGV2qhRXPAlpcYYYaf5dG+CMw0+jFhtWBYIIHCd5dN16Y,0.5083880000000001,3.9367669999999997,2.2452389999999998
647100,a2JJDid759RYBNLdQjknGV2qhRXPAlpcYYYaf5dG+CMw0+jFhtWBYIIHCd5dN16Y,1.063479,3.171144,2.432921
647400,a2JJDid759RYBNLdQjknGV2qhRXPAlpcYYYaf5dG+CMw0+jFhtWBYIIHCd5dN16Y,1.188713,3.797647,2.473804
647700,a2JJDid759RYBNLdQjknGV2qhRXPAlpcYYYaf5dG+CMw0+jFhtWBYIIHCd5dN16Y,1.8549330000000002,7.133681,2.681391
648000,a2JJDid759RYBNLdQjknGV2qhRXPAlpcYYYaf5dG+CMw0+jFhtWBYIIHCd5dN16Y,0.668938,3.365707,2.286507
648300,a2JJDid759RYBNLdQjknGV2qhRXPAlpcYYYaf5dG+CMw0+jFhtWBYIIHCd5dN16Y,1.224393,3.1540619999999997,2.24441
648600,a2JJDid759RYBNLdQjknGV2qhRXPAlpcYYYaf5dG+CMw0+jFhtWBYIIHCd5dN16Y,0.37357399999999996,3.2970089999999996,2.1916729999999998
648900,a2JJDid759RYBNLdQjknGV2qhRXPAlpcYYYaf5dG+CMw0+jFhtWBYIIHCd5dN16Y,1.697501,3.395451,2.522325
649200,a2JJDid759RYBNLdQjknGV2qhRXPAlpcYYYaf5dG+CMw0+jFhtWBYIIHCd5dN16Y,1.751797,21.668839000000002,3.2663990000000003
649500,a2JJDid759RYBNLdQjknGV2qhRXPAlpcYYYaf5dG+CMw0+jFhtWBYIIHCd5dN16Y,1.364485,2.953411,2.255137
649800,a2JJDid759RYBNLdQjknGV2qhRXPAlpcYYYaf5dG+CMw0+jFhtWBYIIHCd5dN16Y,1.77405,4.414585,2.7361299999999997
650100,a2JJDid759RYBNLdQjknGV2qhRXPAlpcYYYaf5dG+CMw0+jFhtWBYIIHCd5dN16Y,0.53771,4.644206,2.382144
650400,a2JJDid759RYBNLdQjknGV2qhRXPAlpcYYYaf5dG+CMw0+jFhtWBYIIHCd5dN16Y,1.3426850000000001,4.228642,2.32575
650700,a2JJDid759RYBNLdQjknGV2qhRXPAlpcYYYaf5dG+CMw0+jFhtWBYIIHCd5dN16Y,0.47508500000000004,3.473383,2.099898
651000,a2JJDid759RYBNLdQjknGV2qhRXPAlpcYYYaf5dG+CMw0+jFhtWBYIIHCd5dN16Y,1.294022,3.825728,2.512855
651300,a2JJDid759RYBNLdQjknGV2qhRXPAlpcYYYaf5dG+CMw0+jFhtWBYIIHCd5dN16Y,0.390038,5.210986,2.34789
651600,a2JJDid759RYBNLdQjknGV2qhRXPAlpcYYYaf5dG+CMw0+jFhtWBYIIHCd5dN16Y,1.359905,19.255117000000002,3.5484449999999996
651900,a2JJDid759RYBNLdQjknGV2qhRXPAlpcYYYaf5dG+CMw0+jFhtWBYIIHCd5dN16Y,1.103415,29.872183000000003,3.835283
652200,a2JJDid759RYBNLdQjknGV2qhRXPAlpcYYYaf5dG+CMw0+jFhtWBYIIHCd5dN16Y,0.245777,3.527126,2.090157
652500,a2JJDid759RYBNLdQjknGV2qhRXPAlpcYYYaf5dG+CMw0+jFhtWBYIIHCd5dN16Y,1.3498620000000001,2.806633,2.0748580000000003
652800,a2JJDid759RYBNLdQjknGV2qhRXPAlpcYYYaf5dG+CMw0+jFhtWBYIIHCd5dN16Y,0.431094,3.5313120000000002,2.182052
653100,a2JJDid759RYBNLdQjknGV2qhRXPAlpcYYYaf5dG+CMw0+jFhtWBYIIHCd5dN16Y,1.596419,3.9706300000000003,2.509141
653400,a2JJDid759RYBNLdQjknGV2qhRXPAlpcYYYaf5dG+CMw0+jFhtWBYIIHCd5dN16Y,0.60744,4.78001,2.347643
653700,a2JJDid759RYBNLdQjknGV2qhRXPAlpcYYYaf5dG+CMw0+jFhtWBYIIHCd5dN16Y,1.475057,3.820008,2.616017
654000,a2JJDid759RYBNLdQjknGV2qhRXPAlpcYYYaf5dG+CMw0+jFhtWBYIIHCd5dN16Y,0.52307,3.943939,2.4959740000000004
654300,a2JJDid759RYBNLdQjknGV2qhRXPAlpcYYYaf5dG+CMw0+jFhtWBYIIHCd5dN16Y,1.491809,2.922499,2.112402
654600,a2JJDid759RYBNLdQjknGV2qhRXPAlpcYYYaf5dG+CMw0+jFhtWBYIIHCd5dN16Y,1.377605,44.631492,4.1161650000000005
654900,a2JJDid759RYBNLdQjknGV2qhRXPAlpcYYYaf5dG+CMw0+jFhtWBYIIHCd5dN16Y,0.369735,5.660826,2.2089689999999997
655200,a2JJDid759RYBNLdQjknGV2qhRXPAlpcYYYaf5dG+CMw0+jFhtWBYIIHCd5dN16Y,1.5659129999999999,3.509446,2.295769
655500,a2JJDid759RYBNLdQjknGV2qhRXPAlpcYYYaf5dG+CMw0+jFhtWBYIIHCd5dN16Y,2.294375,74.925414,9.846507
655800,a2JJDid759RYBNLdQjknGV2qhRXPAlpcYYYaf5dG+CMw0+jFhtWBYIIHCd5dN16Y,1.567,4.414857,2.8187729999999998
656100,a2JJDid759RYBNLdQjknGV2qhRXPAlpcYYYaf5dG+CMw0+jFhtWBYIIHCd5dN16Y,1.398757,11.468336,3.0247919999999997
656400,a2JJDid759RYBNLdQjknGV2qhRXPAlpcYYYaf5dG+CMw0+jFhtWBYIIHCd5dN16Y,1.878573,4.1837230000000005,2.801488
656700,a2JJDid759RYBNLdQjknGV2qhRXPAlpcYYYaf5dG+CMw0+jFhtWBYIIHCd5dN16Y,1.9986709999999999,8.853311999999999,3.385782
657000,a2JJDid759RYBNLdQjknGV2qhRXPAlpcYYYaf5dG+CMw0+jFhtWBYIIHCd5dN16Y,1.8512979999999999,4.563105,2.995464
657300,a2JJDid759RYBNLdQjknGV2qhRXPAlpcYYYaf5dG+CMw0+jFhtWBYIIHCd5dN16Y,2.0090689999999998,34.416331,5.03914
657600,a2JJDid759RYBNLdQjknGV2qhRXPAlpcYYYaf5dG+CMw0+jFhtWBYIIHCd5dN16Y,0.474495,5.006568,2.9059880000000002
657900,a2JJDid759RYBNLdQjknGV2qhRXPAlpcYYYaf5dG+CMw0+jFhtWBYIIHCd5dN16Y,1.867602,3.615473,2.3224110000000002
658200,a2JJDid759RYBNLdQjknGV2qhRXPAlpcYYYaf5dG+CMw0+jFhtWBYIIHCd5dN16Y,0.475383,4.259861,2.40564
658500,a2JJDid759RYBNLdQjknGV2qhRXPAlpcYYYaf5dG+CMw0+jFhtWBYIIHCd5dN16Y,1.711791,5.958001,2.878155
658800,a2JJDid759RYBNLdQjknGV2qhRXPAlpcYYYaf5dG+CMw0+jFhtWBYIIHCd5dN16Y,0.436679,3.514477,2.467821
659100,a2JJDid759RYBNLdQjknGV2qhRXPAlpcYYYaf5dG+CMw0+jFhtWBYIIHCd5dN16Y,1.643217,3.332711,2.661366
659400,a2JJDid759RYBNLdQjknGV2qhRXPAlpcYYYaf5dG+CMw0+jFhtWBYIIHCd5dN16Y,1.29093,4.2140580000000005,2.413425
659700,a2JJDid759RYBNLdQjknGV2qhRXPAlpcYYYaf5dG+CMw0+jFhtWBYIIHCd5dN16Y,1.731252,4.814481,2.588061
660000,a2JJDid759RYBNLdQjknGV2qhRXPAlpcYYYaf5dG+CMw0+jFhtWBYIIHCd5dN16Y,1.398744,32.350721,5.535303
660300,a2JJDid759RYBNLdQjknGV2qhRXPAlpcYYYaf5dG+CMw0+jFhtWBYIIHCd5dN16Y,1.2548780000000002,3.949635,2.633334
660600,a2JJDid759RYBNLdQjknGV2qhRXPAlpcYYYaf5dG+CMw0+jFhtWBYIIHCd5dN16Y,1.812301,4.972723,2.912527
660900,a2JJDid759RYBNLdQjknGV2qhRXPAlpcYYYaf5dG+CMw0+jFhtWBYIIHCd5dN16Y,0.274008,3.868118,2.249978
661200,a2JJDid759RYBNLdQjknGV2qhRXPAlpcYYYaf5dG+CMw0+jFhtWBYIIHCd5dN16Y,1.473633,4.3629050000000005,2.777859
661500,a2JJDid759RYBNLdQjknGV2qhRXPAlpcYYYaf5dG+CMw0+jFhtWBYIIHCd5dN16Y,0.472843,3.9493110000000002,2.308527
661800,a2JJDid759RYBNLdQjknGV2qhRXPAlpcYYYaf5dG+CMw0+jFhtWBYIIHCd5dN16Y,1.9563669999999997,4.70201,2.769057
662100,a2JJDid759RYBNLdQjknGV2qhRXPAlpcYYYaf5dG+CMw0+jFhtWBYIIHCd5dN16Y,0.350098,5.87685,2.5478419999999997
662400,a2JJDid759RYBNLdQjknGV2qhRXPAlpcYYYaf5dG+CMw0+jFhtWBYIIHCd5dN16Y,1.9053529999999999,4.370967,3.004528
662700,a2JJDid759RYBNLdQjknGV2qhRXPAlpcYYYaf5dG+CMw0+jFhtWBYIIHCd5dN16Y,1.569885,55.812298999999996,5.813556
663000,a2JJDid759RYBNLdQjknGV2qhRXPAlpcYYYaf5dG+CMw0+jFhtWBYIIHCd5dN16Y,1.337369,4.0561110000000005,2.626484
663300,a2JJDid759RYBNLdQjknGV2qhRXPAlpcYYYaf5dG+CMw0+jFhtWBYIIHCd5dN16Y,1.5916620000000001,3.868951,2.558386
663600,a2JJDid759RYBNLdQjknGV2qhRXPAlpcYYYaf5dG+CMw0+jFhtWBYIIHCd5dN16Y,0.42721899999999996,4.494136,2.4912490000000003
663900,a2JJDid759RYBNLdQjknGV2qhRXPAlpcYYYaf5dG+CMw0+jFhtWBYIIHCd5dN16Y,1.4626709999999998,4.453137,2.5873209999999998
664200,a2JJDid759RYBNLdQjknGV2qhRXPAlpcYYYaf5dG+CMw0+jFhtWBYIIHCd5dN16Y,0.43736099999999994,4.373603,2.561586
664500,a2JJDid759RYBNLdQjknGV2qhRXPAlpcYYYaf5dG+CMw0+jFhtWBYIIHCd5dN16Y,1.487465,3.541811,2.405046
664800,a2JJDid759RYBNLdQjknGV2qhRXPAlpcYYYaf5dG+CMw0+jFhtWBYIIHCd5dN16Y,0.481299,3.9295489999999997,2.18321
665100,a2JJDid759RYBNLdQjknGV2qhRXPAlpcYYYaf5dG+CMw0+jFhtWBYIIHCd5dN16Y,1.505667,3.3192690000000002,2.290481
665400,a2JJDid759RYBNLdQjknGV2qhRXPAlpcYYYaf5dG+CMw0+jFhtWBYIIHCd5dN16Y,2.099288,55.998042000000005,6.76802
665700,a2JJDid759RYBNLdQjknGV2qhRXPAlpcYYYaf5dG+CMw0+jFhtWBYIIHCd5dN16Y,0.434429,5.832114,2.739534
666000,a2JJDid759RYBNLdQjknGV2qhRXPAlpcYYYaf5dG+CMw0+jFhtWBYIIHCd5dN16Y,1.9275240000000002,3.849451,2.657698
666300,a2JJDid759RYBNLdQjknGV2qhRXPAlpcYYYaf5dG+CMw0+jFhtWBYIIHCd5dN16Y,1.5650389999999998,3.8536699999999997,2.485712
666600,a2JJDid759RYBNLdQjknGV2qhRXPAlpcYYYaf5dG+CMw0+jFhtWBYIIHCd5dN16Y,1.309453,3.384171,2.219174
666900,a2JJDid759RYBNLdQjknGV2qhRXPAlpcYYYaf5dG+CMw0+jFhtWBYIIHCd5dN16Y,0.7844140000000001,4.056602,2.280563
667200,a2JJDid759RYBNLdQjknGV2qhRXPAlpcYYYaf5dG+CMw0+jFhtWBYIIHCd5dN16Y,1.261184,3.353619,2.227678
667500,a2JJDid759RYBNLdQjknGV2qhRXPAlpcYYYaf5dG+CMw0+jFhtWBYIIHCd5dN16Y,0.512482,3.442039,2.1090020000000003
667800,a2JJDid759RYBNLdQjknGV2qhRXPAlpcYYYaf5dG+CMw0+jFhtWBYIIHCd5dN16Y,1.615432,4.0140080000000005,2.535407
668100,a2JJDid759RYBNLdQjknGV2qhRXPAlpcYYYaf5dG+CMw0+jFhtWBYIIHCd5dN16Y,1.844748,32.522473,4.159553
668400,a2JJDid759RYBNLdQjknGV2qhRXPAlpcYYYaf5dG+CMw0+jFhtWBYIIHCd5dN16Y,0.595693,4.136761,2.311107
668700,a2JJDid759RYBNLdQjknGV2qhRXPAlpcYYYaf5dG+CMw0+jFhtWBYIIHCd5dN16Y,1.7446650000000001,3.2338970000000002,2.441612
669000,a2JJDid759RYBNLdQjknGV2qhRXPAlpcYYYaf5dG+CMw0+jFhtWBYIIHCd5dN16Y,1.4041649999999999,3.584425,2.37608
669300,a2JJDid759RYBNLdQjknGV2qhRXPAlpcYYYaf5dG+CMw0+jFhtWBYIIHCd5dN16Y,2.056247,5.833657,2.891315
669600,a2JJDid759RYBNLdQjknGV2qhRXPAlpcYYYaf5dG+CMw0+jFhtWBYIIHCd5dN16Y,0.49627899999999997,4.41121,2.5577490000000003
669900,a2JJDid759RYBNLdQjknGV2qhRXPAlpcYYYaf5dG+CMw0+jFhtWBYIIHCd5dN16Y,1.599728,3.27605,2.4916560000000003
670200,a2JJDid759RYBNLdQjknGV2qhRXPAlpcYYYaf5dG+CMw0+jFhtWBYIIHCd5dN16Y,0.486454,3.904756,2.111525
670500,a2JJDid759RYBNLdQjknGV2qhRXPAlpcYYYaf5dG+CMw0+jFhtWBYIIHCd5dN16Y,2.058736,3.357622,2.5331040000000002
670800,a2JJDid759RYBNLdQjknGV2qhRXPAlpcYYYaf5dG+CMw0+jFhtWBYIIHCd5dN16Y,2.023864,25.667358,4.527266
671100,a2JJDid759RYBNLdQjknGV2qhRXPAlpcYYYaf5dG+CMw0+jFhtWBYIIHCd5dN16Y,0.676581,4.770613,2.525309
671400,a2JJDid759RYBNLdQjknGV2qhRXPAlpcYYYaf5dG+CMw0+jFhtWBYIIHCd5dN16Y,1.971918,4.739388,2.9901299999999997
671700,a2JJDid759RYBNLdQjknGV2qhRXPAlpcYYYaf5dG+CMw0+jFhtWBYIIHCd5dN16Y,0.660028,4.337949,2.67528
672000,a2JJDid759RYBNLdQjknGV2qhRXPAlpcYYYaf5dG+CMw0+jFhtWBYIIHCd5dN16Y,1.683077,4.206592,2.696878
672300,a2JJDid759RYBNLdQjknGV2qhRXPAlpcYYYaf5dG+CMw0+jFhtWBYIIHCd5dN16Y,0.482857,3.925168,2.386231
672600,a2JJDid759RYBNLdQjknGV2qhRXPAlpcYYYaf5dG+CMw0+jFhtWBYIIHCd5dN16Y,1.8279439999999998,4.068238,2.71124
672900,a2JJDid759RYBNLdQjknGV2qhRXPAlpcYYYaf5dG+CMw0+jFhtWBYIIHCd5dN16Y,1.0073889999999999,6.464811,2.819357
673200,a2JJDid759RYBNLdQjknGV2qhRXPAlpcYYYaf5dG+CMw0+jFhtWBYIIHCd5dN16Y,1.922157,4.916864,2.875018
673500,a2JJDid759RYBNLdQjknGV2qhRXPAlpcYYYaf5dG+CMw0+jFhtWBYIIHCd5dN16Y,0.665166,3.5415349999999997,2.265483
673800,a2JJDid759RYBNLdQjknGV2qhRXPAlpcYYYaf5dG+CMw0+jFhtWBYIIHCd5dN16Y,1.838601,3.9102870000000003,2.6087700000000003
674100,a2JJDid759RYBNLdQjknGV2qhRXPAlpcYYYaf5dG+CMw0+jFhtWBYIIHCd5dN16Y,1.6157030000000001,3.5480089999999995,2.443866
674400,a2JJDid759RYBNLdQjknGV2qhRXPAlpcYYYaf5dG+CMw0+jFhtWBYIIHCd5dN16Y,1.2050290000000001,3.985303,2.435351
674700,a2JJDid759RYBNLdQjknGV2qhRXPAlpcYYYaf5dG+CMw0+jFhtWBYIIHCd5dN16Y,0.824758,3.570842,2.2595959999999997
675000,a2JJDid759RYBNLdQjknGV2qhRXPAlpcYYYaf5dG+CMw0+jFhtWBYIIHCd5dN16Y,0.967564,4.447195,2.28792
675300,a2JJDid759RYBNLdQjknGV2qhRXPAlpcYYYaf5dG+CMw0+jFhtWBYIIHCd5dN16Y,1.2004709999999998,3.9185519999999996,2.178491
675600,a2JJDid759RYBNLdQjknGV2qhRXPAlpcYYYaf5dG+CMw0+jFhtWBYIIHCd5dN16Y,1.400033,3.6255410000000006,2.144405
675900,a2JJDid759RYBNLdQjknGV2qhRXPAlpcYYYaf5dG+CMw0+jFhtWBYIIHCd5dN16Y,0.6399229999999999,3.0135490000000003,1.999783
676200,a2JJDid759RYBNLdQjknGV2qhRXPAlpcYYYaf5dG+CMw0+jFhtWBYIIHCd5dN16Y,1.6673259999999999,6.084764,2.762542
676500,a2JJDid759RYBNLdQjknGV2qhRXPAlpcYYYaf5dG+CMw0+jFhtWBYIIHCd5dN16Y,1.559933,5.216179,2.476018
676800,a2JJDid759RYBNLdQjknGV2qhRXPAlpcYYYaf5dG+CMw0+jFhtWBYIIHCd5dN16Y,1.13558,3.2949980000000005,2.251587
677100,a2JJDid759RYBNLdQjknGV2qhRXPAlpcYYYaf5dG+CMw0+jFhtWBYIIHCd5dN16Y,1.596314,3.592486,2.281239
677400,a2JJDid759RYBNLdQjknGV2qhRXPAlpcYYYaf5dG+CMw0+jFhtWBYIIHCd5dN16Y,1.977279,8.545859,3.228211
677700,a2JJDid759RYBNLdQjknGV2qhRXPAlpcYYYaf5dG+CMw0+jFhtWBYIIHCd5dN16Y,1.498889,3.41143,2.232234
678000,a2JJDid759RYBNLdQjknGV2qhRXPAlpcYYYaf5dG+CMw0+jFhtWBYIIHCd5dN16Y,0.452791,3.111374,2.207344
678300,a2JJDid759RYBNLdQjknGV2qhRXPAlpcYYYaf5dG+CMw0+jFhtWBYIIHCd5dN16Y,1.624676,3.6516040000000003,2.361775
678600,a2JJDid759RYBNLdQjknGV2qhRXPAlpcYYYaf5dG+CMw0+jFhtWBYIIHCd5dN16Y,0.607052,4.0217089999999995,2.399498
678900,a2JJDid759RYBNLdQjknGV2qhRXPAlpcYYYaf5dG+CMw0+jFhtWBYIIHCd5dN16Y,0.388046,3.13807,2.063874
679200,a2JJDid759RYBNLdQjknGV2qhRXPAlpcYYYaf5dG+CMw0+jFhtWBYIIHCd5dN16Y,1.479962,3.387786,2.3878459999999997
679500,a2JJDid759RYBNLdQjknGV2qhRXPAlpcYYYaf5dG+CMw0+jFhtWBYIIHCd5dN16Y,0.419612,3.5391809999999997,1.939661
679800,a2JJDid759RYBNLdQjknGV2qhRXPAlpcYYYaf5dG+CMw0+jFhtWBYIIHCd5dN16Y,1.507333,3.107113,2.060402
680100,a2JJDid759RYBNLdQjknGV2qhRXPAlpcYYYaf5dG+CMw0+jFhtWBYIIHCd5dN16Y,1.487376,6.257079,2.468695
680400,a2JJDid759RYBNLdQjknGV2qhRXPAlpcYYYaf5dG+CMw0+jFhtWBYIIHCd5dN16Y,1.654839,3.8476529999999998,2.5988740000000004
680700,a2JJDid759RYBNLdQjknGV2qhRXPAlpcYYYaf5dG+CMw0+jFhtWBYIIHCd5dN16Y,0.399319,3.335668,2.199136
681000,a2JJDid759RYBNLdQjknGV2qhRXPAlpcYYYaf5dG+CMw0+jFhtWBYIIHCd5dN16Y,1.8209099999999998,4.855216,2.737664
681300,a2JJDid759RYBNLdQjknGV2qhRXPAlpcYYYaf5dG+CMw0+jFhtWBYIIHCd5dN16Y,1.730091,12.148064999999999,3.2924889999999998
681600,a2JJDid759RYBNLdQjknGV2qhRXPAlpcYYYaf5dG+CMw0+jFhtWBYIIHCd5dN16Y,0.808248,4.144588,2.627976
681900,a2JJDid759RYBNLdQjknGV2qhRXPAlpcYYYaf5dG+CMw0+jFhtWBYIIHCd5dN16Y,1.970822,3.7265040000000003,2.622998
682200,a2JJDid759RYBNLdQjknGV2qhRXPAlpcYYYaf5dG+CMw0+jFhtWBYIIHCd5dN16Y,1.360566,6.320494999999999,3.06937
682500,a2JJDid759RYBNLdQjknGV2qhRXPAlpcYYYaf5dG+CMw0+jFhtWBYIIHCd5dN16Y,1.383876,3.687336,2.669187
682800,a2JJDid759RYBNLdQjknGV2qhRXPAlpcYYYaf5dG+CMw0+jFhtWBYIIHCd5dN16Y,0.5493859999999999,4.942529,2.6317630000000003
683100,a2JJDid759RYBNLdQjknGV2qhRXPAlpcYYYaf5dG+CMw0+jFhtWBYIIHCd5dN16Y,1.991198,3.922247,2.748357
683400,a2JJDid759RYBNLdQjknGV2qhRXPAlpcYYYaf5dG+CMw0+jFhtWBYIIHCd5dN16Y,0.857856,4.5523050000000005,2.656454
683700,a2JJDid759RYBNLdQjknGV2qhRXPAlpcYYYaf5dG+CMw0+jFhtWBYIIHCd5dN16Y,1.9299970000000002,5.285476999999999,2.973028
684000,a2JJDid759RYBNLdQjknGV2qhRXPAlpcYYYaf5dG+CMw0+jFhtWBYIIHCd5dN16Y,1.6745560000000002,3.861397,2.751884
684300,a2JJDid759RYBNLdQjknGV2qhRXPAlpcYYYaf5dG+CMw0+jFhtWBYIIHCd5dN16Y,0.716072,19.689010999999997,5.023804
684600,a2JJDid759RYBNLdQjknGV2qhRXPAlpcYYYaf5dG+CMw0+jFhtWBYIIHCd5dN16Y,2.113122,4.369993,2.935387
684900,a2JJDid759RYBNLdQjknGV2qhRXPAlpcYYYaf5dG+CMw0+jFhtWBYIIHCd5dN16Y,0.389717,3.133412,2.286765
685200,a2JJDid759RYBNLdQjknGV2qhRXPAlpcYYYaf5dG+CMw0+jFhtWBYIIHCd5dN16Y,2.159079,4.465515,3.023107
685500,a2JJDid759RYBNLdQjknGV2qhRXPAlpcYYYaf5dG+CMw0+jFhtWBYIIHCd5dN16Y,0.415076,4.390625,2.4101630000000003
685800,a2JJDid759RYBNLdQjknGV2qhRXPAlpcYYYaf5dG+CMw0+jFhtWBYIIHCd5dN16Y,2.085925,3.8628129999999996,2.906766
686100,a2JJDid759RYBNLdQjknGV2qhRXPAlpcYYYaf5dG+CMw0+jFhtWBYIIHCd5dN16Y,1.949207,3.790118,2.695983
686400,a2JJDid759RYBNLdQjknGV2qhRXPAlpcYYYaf5dG+CMw0+jFhtWBYIIHCd5dN16Y,2.555549,4.416942,3.104364
686700,a2JJDid759RYBNLdQjknGV2qhRXPAlpcYYYaf5dG+CMw0+jFhtWBYIIHCd5dN16Y,0.5070600000000001,3.8472980000000003,2.418009
687000,a2JJDid759RYBNLdQjknGV2qhRXPAlpcYYYaf5dG+CMw0+jFhtWBYIIHCd5dN16Y,0.6556489999999999,3.282883,2.230444
687300,a2JJDid759RYBNLdQjknGV2qhRXPAlpcYYYaf5dG+CMw0+jFhtWBYIIHCd5dN16Y,1.454143,5.307009,2.42381
687600,a2JJDid759RYBNLdQjknGV2qhRXPAlpcYYYaf5dG+CMw0+jFhtWBYIIHCd5dN16Y,0.38254699999999997,3.051562,2.019365
687900,a2JJDid759RYBNLdQjknGV2qhRXPAlpcYYYaf5dG+CMw0+jFhtWBYIIHCd5dN16Y,1.235949,3.73944,2.024506
688200,a2JJDid759RYBNLdQjknGV2qhRXPAlpcYYYaf5dG+CMw0+jFhtWBYIIHCd5dN16Y,0.7362479999999999,3.279699,1.932622
688500,a2JJDid759RYBNLdQjknGV2qhRXPAlpcYYYaf5dG+CMw0+jFhtWBYIIHCd5dN16Y,1.2574290000000001,2.916275,1.795982
688800,a2JJDid759RYBNLdQjknGV2qhRXPAlpcYYYaf5dG+CMw0+jFhtWBYIIHCd5dN16Y,0.363025,3.739793,1.9937220000000002
689100,a2JJDid759RYBNLdQjknGV2qhRXPAlpcYYYaf5dG+CMw0+jFhtWBYIIHCd5dN16Y,1.339384,3.5140019999999996,2.155237
689400,a2JJDid759RYBNLdQjknGV2qhRXPAlpcYYYaf5dG+CMw0+jFhtWBYIIHCd5dN16Y,1.37942,4.549597,2.6069459999999998
689700,a2JJDid759RYBNLdQjknGV2qhRXPAlpcYYYaf5dG+CMw0+jFhtWBYIIHCd5dN16Y,0.708879,3.65979,2.427476
690000,a2JJDid759RYBNLdQjknGV2qhRXPAlpcYYYaf5dG+CMw0+jFhtWBYIIHCd5dN16Y,1.5032159999999999,4.049601,2.485111
690300,a2JJDid759RYBNLdQjknGV2qhRXPAlpcYYYaf5dG+CMw0+jFhtWBYIIHCd5dN16Y,0.9580690000000001,4.035448000000001,2.5030240000000004
690600,a2JJDid759RYBNLdQjknGV2qhRXPAlpcYYYaf5dG+CMw0+jFhtWBYIIHCd5dN16Y,1.590868,4.264954,2.691696
690900,a2JJDid759RYBNLdQjknGV2qhRXPAlpcYYYaf5dG+CMw0+jFhtWBYIIHCd5dN16Y,0.532974,7.380003,2.726323
