timestamp,vm_id,min_cpu,avg_cpu,max_cpu
0,a4/EViBmYJ566CSpWdSAeMJRInSjAT9JPxjQFPmvB9zE/uNbZIUsdhCUuPOHPe/v,3.545979,6.18023,4.816733
300,a4/EViBmYJ566CSpWdSAeMJRInSjAT9JPxjQFPmvB9zE/uNbZIUsdhCUuPOHPe/v,3.681231,5.934643,4.771907
600,a4/EViBmYJ566CSpWdSAeMJRInSjAT9JPxjQFPmvB9zE/uNbZIUsdhCUuPOHPe/v,3.679275,6.779837,4.825508999999999
900,a4/EViBmYJ566CSpWdSAeMJRInSjAT9JPxjQFPmvB9zE/uNbZIUsdhCUuPOHPe/v,3.5754449999999998,6.9534020000000005,4.566801
1200,a4/EViBmYJ566CSpWdSAeMJRInSjAT9JPxjQFPmvB9zE/uNbZIUsdhCUuPOHPe/v,3.514624,7.317492999999999,4.840291000000001
1500,a4/EViBmYJ566CSpWdSAeMJRInSjAT9JPxjQFPmvB9zE/uNbZIUsdhCUuPOHPe/v,3.384876,6.241124,4.867705
1800,a4/EViBmYJ566CSpWdSAeMJRInSjAT9JPxjQFPmvB9zE/uNbZIUsdhCUuPOHPe/v,3.659825,7.121685,4.792612
2100,a4/EViBmYJ566CSpWdSAeMJRInSjAT9JPxjQFPmvB9zE/uNbZIUsdhCUuPOHPe/v,3.481258,6.898405,4.708497
2400,a4/EViBmYJ566CSpWdSAeMJRInSjAT9JPxjQFPmvB9zE/uNbZIUsdhCUuPOHPe/v,3.354023,6.8046,4.738052
2700,a4/EViBmYJ566CSpWdSAeMJRInSjAT9JPxjQFPmvB9zE/uNbZIUsdhCUuPOHPe/v,3.7363230000000005,6.767339999999999,4.805478
3000,a4/EViBmYJ566CSpWdSAeMJRInSjAT9JPxjQFPmvB9zE/uNbZIUsdhCUuPOHPe/v,3.567047,6.428818,4.5480599999999995
3300,a4/EViBmYJ566CSpWdSAeMJRInSjAT9JPxjQFPmvB9zE/uNbZIUsdhCUuPOHPe/v,3.608487,6.248767,4.662505
3600,a4/EViBmYJ566CSpWdSAeMJRInSjAT9JPxjQFPmvB9zE/uNbZIUsdhCUuPOHPe/v,3.382513,6.687492,4.516696
3900,a4/EViBmYJ566CSpWdSAeMJRInSjAT9JPxjQFPmvB9zE/uNbZIUsdhCUuPOHPe/v,3.5510620000000004,6.593,4.625303
4200,a4/EViBmYJ566CSpWdSAeMJRInSjAT9JPxjQFPmvB9zE/uNbZIUsdhCUuPOHPe/v,3.1790689999999997,6.5197199999999995,4.60283
4500,a4/EViBmYJ566CSpWdSAeMJRInSjAT9JPxjQFPmvB9zE/uNbZIUsdhCUuPOHPe/v,3.5884300000000002,6.625906,4.739013
4800,a4/EViBmYJ566CSpWdSAeMJRInSjAT9JPxjQFPmvB9zE/uNbZIUsdhCUuPOHPe/v,3.275952,6.485358,4.5986
5100,a4/EViBmYJ566CSpWdSAeMJRInSjAT9JPxjQFPmvB9zE/uNbZIUsdhCUuPOHPe/v,3.7672550000000005,6.5695179999999995,4.837554
5400,a4/EViBmYJ566CSpWdSAeMJRInSjAT9JPxjQFPmvB9zE/uNbZIUsdhCUuPOHPe/v,3.3090559999999996,7.1202570000000005,4.611562999999999
5700,a4/EViBmYJ566CSpWdSAeMJRInSjAT9JPxjQFPmvB9zE/uNbZIUsdhCUuPOHPe/v,3.399056,6.3385739999999995,4.679969
6000,a4/EViBmYJ566CSpWdSAeMJRInSjAT9JPxjQFPmvB9zE/uNbZIUsdhCUuPOHPe/v,3.5161029999999998,6.74565,4.743396
6300,a4/EViBmYJ566CSpWdSAeMJRInSjAT9JPxjQFPmvB9zE/uNbZIUsdhCUuPOHPe/v,3.087962,6.180655000000001,4.6778949999999995
6600,a4/EViBmYJ566CSpWdSAeMJRInSjAT9JPxjQFPmvB9zE/uNbZIUsdhCUuPOHPe/v,3.54616,5.849204,4.678153
6900,a4/EViBmYJ566CSpWdSAeMJRInSjAT9JPxjQFPmvB9zE/uNbZIUsdhCUuPOHPe/v,3.301375,6.247657,4.747455
7200,a4/EViBmYJ566CSpWdSAeMJRInSjAT9JPxjQFPmvB9zE/uNbZIUsdhCUuPOHPe/v,3.730614,6.4799050000000005,4.803079
7500,a4/EViBmYJ566CSpWdSAeMJRInSjAT9JPxjQFPmvB9zE/uNbZIUsdhCUuPOHPe/v,3.4262080000000004,6.432815,4.496529
7800,a4/EViBmYJ566CSpWdSAeMJRInSjAT9JPxjQFPmvB9zE/uNbZIUsdhCUuPOHPe/v,3.432397,6.726767999999999,4.82777
8100,a4/EViBmYJ566CSpWdSAeMJRInSjAT9JPxjQFPmvB9zE/uNbZIUsdhCUuPOHPe/v,3.557836,6.788003999999999,4.546685
8400,a4/EViBmYJ566CSpWdSAeMJRInSjAT9JPxjQFPmvB9zE/uNbZIUsdhCUuPOHPe/v,3.314685,7.1193729999999995,4.499218
8700,a4/EViBmYJ566CSpWdSAeMJRInSjAT9JPxjQFPmvB9zE/uNbZIUsdhCUuPOHPe/v,3.4794709999999998,6.5560160000000005,4.639227
9000,a4/EViBmYJ566CSpWdSAeMJRInSjAT9JPxjQFPmvB9zE/uNbZIUsdhCUuPOHPe/v,3.2084669999999997,7.146399000000001,4.627495
9300,a4/EViBmYJ566CSpWdSAeMJRInSjAT9JPxjQFPmvB9zE/uNbZIUsdhCUuPOHPe/v,3.351917,6.594276,4.632187
9600,a4/EViBmYJ566CSpWdSAeMJRInSjAT9JPxjQFPmvB9zE/uNbZIUsdhCUuPOHPe/v,3.63257,58.566843000000006,8.590309
9900,a4/EViBmYJ566CSpWdSAeMJRInSjAT9JPxjQFPmvB9zE/uNbZIUsdhCUuPOHPe/v,3.685771,6.250275,4.728117
10200,a4/EViBmYJ566CSpWdSAeMJRInSjAT9JPxjQFPmvB9zE/uNbZIUsdhCUuPOHPe/v,3.1442639999999997,6.17471,4.639721
10500,a4/EViBmYJ566CSpWdSAeMJRInSjAT9JPxjQFPmvB9zE/uNbZIUsdhCUuPOHPe/v,3.684646,6.6918880000000005,4.788314
10800,a4/EViBmYJ566CSpWdSAeMJRInSjAT9JPxjQFPmvB9zE/uNbZIUsdhCUuPOHPe/v,3.181522,6.411793,4.621459
11100,a4/EViBmYJ566CSpWdSAeMJRInSjAT9JPxjQFPmvB9zE/uNbZIUsdhCUuPOHPe/v,3.269832,6.197936,4.632928
11400,a4/EViBmYJ566CSpWdSAeMJRInSjAT9JPxjQFPmvB9zE/uNbZIUsdhCUuPOHPe/v,3.593376,6.968472,4.768428
11700,a4/EViBmYJ566CSpWdSAeMJRInSjAT9JPxjQFPmvB9zE/uNbZIUsdhCUuPOHPe/v,3.3445910000000003,6.447469,4.468133
12000,a4/EViBmYJ566CSpWdSAeMJRInSjAT9JPxjQFPmvB9zE/uNbZIUsdhCUuPOHPe/v,3.4574230000000004,6.534395,4.619416999999999
12300,a4/EViBmYJ566CSpWdSAeMJRInSjAT9JPxjQFPmvB9zE/uNbZIUsdhCUuPOHPe/v,3.3621519999999996,7.0175160000000005,4.520505
12600,a4/EViBmYJ566CSpWdSAeMJRInSjAT9JPxjQFPmvB9zE/uNbZIUsdhCUuPOHPe/v,3.6684099999999997,6.142504,4.702852
12900,a4/EViBmYJ566CSpWdSAeMJRInSjAT9JPxjQFPmvB9zE/uNbZIUsdhCUuPOHPe/v,3.5312230000000002,6.732735000000001,4.547599
13200,a4/EViBmYJ566CSpWdSAeMJRInSjAT9JPxjQFPmvB9zE/uNbZIUsdhCUuPOHPe/v,3.5704580000000004,6.101278,4.702428
13500,a4/EViBmYJ566CSpWdSAeMJRInSjAT9JPxjQFPmvB9zE/uNbZIUsdhCUuPOHPe/v,3.480833,6.2721160000000005,4.49182
13800,a4/EViBmYJ566CSpWdSAeMJRInSjAT9JPxjQFPmvB9zE/uNbZIUsdhCUuPOHPe/v,3.315786,6.279508,4.46553
14100,a4/EViBmYJ566CSpWdSAeMJRInSjAT9JPxjQFPmvB9zE/uNbZIUsdhCUuPOHPe/v,3.4369169999999998,6.846414,4.555313
14400,a4/EViBmYJ566CSpWdSAeMJRInSjAT9JPxjQFPmvB9zE/uNbZIUsdhCUuPOHPe/v,3.816225,6.984922999999999,4.879094
14700,a4/EViBmYJ566CSpWdSAeMJRInSjAT9JPxjQFPmvB9zE/uNbZIUsdhCUuPOHPe/v,3.834736,6.736127000000001,4.780645
15000,a4/EViBmYJ566CSpWdSAeMJRInSjAT9JPxjQFPmvB9zE/uNbZIUsdhCUuPOHPe/v,3.712189,6.19879,4.849213
15300,a4/EViBmYJ566CSpWdSAeMJRInSjAT9JPxjQFPmvB9zE/uNbZIUsdhCUuPOHPe/v,3.7183650000000004,6.367962,4.807728
15600,a4/EViBmYJ566CSpWdSAeMJRInSjAT9JPxjQFPmvB9zE/uNbZIUsdhCUuPOHPe/v,3.621373,6.771578,4.784239
15900,a4/EViBmYJ566CSpWdSAeMJRInSjAT9JPxjQFPmvB9zE/uNbZIUsdhCUuPOHPe/v,3.8238800000000004,6.372154,4.744791
16200,a4/EViBmYJ566CSpWdSAeMJRInSjAT9JPxjQFPmvB9zE/uNbZIUsdhCUuPOHPe/v,3.51272,7.309928,4.837021
16500,a4/EViBmYJ566CSpWdSAeMJRInSjAT9JPxjQFPmvB9zE/uNbZIUsdhCUuPOHPe/v,3.538306,7.111925,4.608559
16800,a4/EViBmYJ566CSpWdSAeMJRInSjAT9JPxjQFPmvB9zE/uNbZIUsdhCUuPOHPe/v,3.6001730000000003,6.527612,4.820752
17100,a4/EViBmYJ566CSpWdSAeMJRInSjAT9JPxjQFPmvB9zE/uNbZIUsdhCUuPOHPe/v,3.240075,6.985809,4.592434
17400,a4/EViBmYJ566CSpWdSAeMJRInSjAT9JPxjQFPmvB9zE/uNbZIUsdhCUuPOHPe/v,3.6543639999999997,6.779103,4.754194999999999
17700,a4/EViBmYJ566CSpWdSAeMJRInSjAT9JPxjQFPmvB9zE/uNbZIUsdhCUuPOHPe/v,3.5454470000000002,6.380242,4.605402
18000,a4/EViBmYJ566CSpWdSAeMJRInSjAT9JPxjQFPmvB9zE/uNbZIUsdhCUuPOHPe/v,3.615595,6.559842,4.755808
18300,a4/EViBmYJ566CSpWdSAeMJRInSjAT9JPxjQFPmvB9zE/uNbZIUsdhCUuPOHPe/v,3.539706,17.133512,5.570444999999999
18600,a4/EViBmYJ566CSpWdSAeMJRInSjAT9JPxjQFPmvB9zE/uNbZIUsdhCUuPOHPe/v,3.629177,6.687711,4.833793
18900,a4/EViBmYJ566CSpWdSAeMJRInSjAT9JPxjQFPmvB9zE/uNbZIUsdhCUuPOHPe/v,3.5704480000000003,6.337061,4.7583400000000005
19200,a4/EViBmYJ566CSpWdSAeMJRInSjAT9JPxjQFPmvB9zE/uNbZIUsdhCUuPOHPe/v,3.55044,6.783755,4.84046
19500,a4/EViBmYJ566CSpWdSAeMJRInSjAT9JPxjQFPmvB9zE/uNbZIUsdhCUuPOHPe/v,3.680792,6.886224,4.683885
19800,a4/EViBmYJ566CSpWdSAeMJRInSjAT9JPxjQFPmvB9zE/uNbZIUsdhCUuPOHPe/v,3.637485,6.277158,4.662313
20100,a4/EViBmYJ566CSpWdSAeMJRInSjAT9JPxjQFPmvB9zE/uNbZIUsdhCUuPOHPe/v,3.6447540000000003,6.442408,4.702203
20400,a4/EViBmYJ566CSpWdSAeMJRInSjAT9JPxjQFPmvB9zE/uNbZIUsdhCUuPOHPe/v,3.5648160000000004,6.0940199999999995,4.6879349999999995
20700,a4/EViBmYJ566CSpWdSAeMJRInSjAT9JPxjQFPmvB9zE/uNbZIUsdhCUuPOHPe/v,3.521749,6.178744999999999,4.581397
21000,a4/EViBmYJ566CSpWdSAeMJRInSjAT9JPxjQFPmvB9zE/uNbZIUsdhCUuPOHPe/v,3.509189,6.546224,4.580097
21300,a4/EViBmYJ566CSpWdSAeMJRInSjAT9JPxjQFPmvB9zE/uNbZIUsdhCUuPOHPe/v,3.7097059999999997,6.709409,4.669878
21600,a4/EViBmYJ566CSpWdSAeMJRInSjAT9JPxjQFPmvB9zE/uNbZIUsdhCUuPOHPe/v,3.721521,6.650289,4.630506
21900,a4/EViBmYJ566CSpWdSAeMJRInSjAT9JPxjQFPmvB9zE/uNbZIUsdhCUuPOHPe/v,3.534643,6.304183999999999,4.524319
22200,a4/EViBmYJ566CSpWdSAeMJRInSjAT9JPxjQFPmvB9zE/uNbZIUsdhCUuPOHPe/v,3.243055,6.288308,4.494748
22500,a4/EViBmYJ566CSpWdSAeMJRInSjAT9JPxjQFPmvB9zE/uNbZIUsdhCUuPOHPe/v,3.111961,7.2207550000000005,4.604741000000001
22800,a4/EViBmYJ566CSpWdSAeMJRInSjAT9JPxjQFPmvB9zE/uNbZIUsdhCUuPOHPe/v,3.6275370000000002,6.859292,4.897334
23100,a4/EViBmYJ566CSpWdSAeMJRInSjAT9JPxjQFPmvB9zE/uNbZIUsdhCUuPOHPe/v,3.400349,9.112642,5.289028
23400,a4/EViBmYJ566CSpWdSAeMJRInSjAT9JPxjQFPmvB9zE/uNbZIUsdhCUuPOHPe/v,3.626072,6.870088000000001,4.88025
23700,a4/EViBmYJ566CSpWdSAeMJRInSjAT9JPxjQFPmvB9zE/uNbZIUsdhCUuPOHPe/v,2.8773779999999998,7.404999,4.579329
24000,a4/EViBmYJ566CSpWdSAeMJRInSjAT9JPxjQFPmvB9zE/uNbZIUsdhCUuPOHPe/v,3.4342019999999995,6.398878,4.7930779999999995
24300,a4/EViBmYJ566CSpWdSAeMJRInSjAT9JPxjQFPmvB9zE/uNbZIUsdhCUuPOHPe/v,3.8243910000000003,34.97654,6.420215
24600,a4/EViBmYJ566CSpWdSAeMJRInSjAT9JPxjQFPmvB9zE/uNbZIUsdhCUuPOHPe/v,3.805674,6.634484,4.814816
24900,a4/EViBmYJ566CSpWdSAeMJRInSjAT9JPxjQFPmvB9zE/uNbZIUsdhCUuPOHPe/v,3.281843,6.754619,4.724885
25200,a4/EViBmYJ566CSpWdSAeMJRInSjAT9JPxjQFPmvB9zE/uNbZIUsdhCUuPOHPe/v,3.572166,6.485538,4.721108
25500,a4/EViBmYJ566CSpWdSAeMJRInSjAT9JPxjQFPmvB9zE/uNbZIUsdhCUuPOHPe/v,3.573154,6.666651,4.738201999999999
25800,a4/EViBmYJ566CSpWdSAeMJRInSjAT9JPxjQFPmvB9zE/uNbZIUsdhCUuPOHPe/v,3.578963,6.52581,4.632828
26100,a4/EViBmYJ566CSpWdSAeMJRInSjAT9JPxjQFPmvB9zE/uNbZIUsdhCUuPOHPe/v,3.410801,6.257796,4.513863
26400,a4/EViBmYJ566CSpWdSAeMJRInSjAT9JPxjQFPmvB9zE/uNbZIUsdhCUuPOHPe/v,3.4221470000000003,6.908638000000001,4.576349
26700,a4/EViBmYJ566CSpWdSAeMJRInSjAT9JPxjQFPmvB9zE/uNbZIUsdhCUuPOHPe/v,3.467744,7.2835,4.753106
27000,a4/EViBmYJ566CSpWdSAeMJRInSjAT9JPxjQFPmvB9zE/uNbZIUsdhCUuPOHPe/v,3.33785,6.796308,4.548102
27300,a4/EViBmYJ566CSpWdSAeMJRInSjAT9JPxjQFPmvB9zE/uNbZIUsdhCUuPOHPe/v,3.5069269999999997,7.423483,4.728816
27600,a4/EViBmYJ566CSpWdSAeMJRInSjAT9JPxjQFPmvB9zE/uNbZIUsdhCUuPOHPe/v,3.3904080000000003,7.568909,4.59775
27900,a4/EViBmYJ566CSpWdSAeMJRInSjAT9JPxjQFPmvB9zE/uNbZIUsdhCUuPOHPe/v,2.776933,6.14446,4.335827
28200,a4/EViBmYJ566CSpWdSAeMJRInSjAT9JPxjQFPmvB9zE/uNbZIUsdhCUuPOHPe/v,3.5484459999999998,6.339887999999999,4.760523
28500,a4/EViBmYJ566CSpWdSAeMJRInSjAT9JPxjQFPmvB9zE/uNbZIUsdhCUuPOHPe/v,3.317328,5.761647,4.675553
28800,a4/EViBmYJ566CSpWdSAeMJRInSjAT9JPxjQFPmvB9zE/uNbZIUsdhCUuPOHPe/v,3.7409589999999997,6.449761,4.695361
29100,a4/EViBmYJ566CSpWdSAeMJRInSjAT9JPxjQFPmvB9zE/uNbZIUsdhCUuPOHPe/v,3.100493,6.485256,4.512972
29400,a4/EViBmYJ566CSpWdSAeMJRInSjAT9JPxjQFPmvB9zE/uNbZIUsdhCUuPOHPe/v,3.7051,5.920175,4.678542
29700,a4/EViBmYJ566CSpWdSAeMJRInSjAT9JPxjQFPmvB9zE/uNbZIUsdhCUuPOHPe/v,3.084143,6.298411,4.490614
30000,a4/EViBmYJ566CSpWdSAeMJRInSjAT9JPxjQFPmvB9zE/uNbZIUsdhCUuPOHPe/v,3.6659080000000004,5.422267,4.639098000000001
30300,a4/EViBmYJ566CSpWdSAeMJRInSjAT9JPxjQFPmvB9zE/uNbZIUsdhCUuPOHPe/v,3.179404,6.6714850000000006,4.582974
30600,a4/EViBmYJ566CSpWdSAeMJRInSjAT9JPxjQFPmvB9zE/uNbZIUsdhCUuPOHPe/v,3.45161,6.357094,4.416633
30900,a4/EViBmYJ566CSpWdSAeMJRInSjAT9JPxjQFPmvB9zE/uNbZIUsdhCUuPOHPe/v,3.561609,6.699378,4.779298000000001
31200,a4/EViBmYJ566CSpWdSAeMJRInSjAT9JPxjQFPmvB9zE/uNbZIUsdhCUuPOHPe/v,3.484316,6.693306,4.626301
31500,a4/EViBmYJ566CSpWdSAeMJRInSjAT9JPxjQFPmvB9zE/uNbZIUsdhCUuPOHPe/v,3.6125160000000003,7.4549520000000005,4.7167580000000005
31800,a4/EViBmYJ566CSpWdSAeMJRInSjAT9JPxjQFPmvB9zE/uNbZIUsdhCUuPOHPe/v,3.47726,6.709892999999999,4.64082
32100,a4/EViBmYJ566CSpWdSAeMJRInSjAT9JPxjQFPmvB9zE/uNbZIUsdhCUuPOHPe/v,3.486278,6.986822,4.796305
32400,a4/EViBmYJ566CSpWdSAeMJRInSjAT9JPxjQFPmvB9zE/uNbZIUsdhCUuPOHPe/v,3.4760150000000003,7.66523,4.792153
32700,a4/EViBmYJ566CSpWdSAeMJRInSjAT9JPxjQFPmvB9zE/uNbZIUsdhCUuPOHPe/v,3.8121980000000004,6.919929,4.843113
33000,a4/EViBmYJ566CSpWdSAeMJRInSjAT9JPxjQFPmvB9zE/uNbZIUsdhCUuPOHPe/v,3.316938,6.940486,4.816256
33300,a4/EViBmYJ566CSpWdSAeMJRInSjAT9JPxjQFPmvB9zE/uNbZIUsdhCUuPOHPe/v,3.3704410000000005,6.938261,4.709159
33600,a4/EViBmYJ566CSpWdSAeMJRInSjAT9JPxjQFPmvB9zE/uNbZIUsdhCUuPOHPe/v,3.7909629999999996,7.0587789999999995,4.869572
33900,a4/EViBmYJ566CSpWdSAeMJRInSjAT9JPxjQFPmvB9zE/uNbZIUsdhCUuPOHPe/v,3.403285,6.351305,4.7101370000000005
34200,a4/EViBmYJ566CSpWdSAeMJRInSjAT9JPxjQFPmvB9zE/uNbZIUsdhCUuPOHPe/v,3.5604089999999995,6.79265,4.714333
34500,a4/EViBmYJ566CSpWdSAeMJRInSjAT9JPxjQFPmvB9zE/uNbZIUsdhCUuPOHPe/v,3.758179,7.398662,4.809297
34800,a4/EViBmYJ566CSpWdSAeMJRInSjAT9JPxjQFPmvB9zE/uNbZIUsdhCUuPOHPe/v,3.5793839999999997,6.591218,4.665348000000001
35100,a4/EViBmYJ566CSpWdSAeMJRInSjAT9JPxjQFPmvB9zE/uNbZIUsdhCUuPOHPe/v,3.520912,6.126525,4.577622
35400,a4/EViBmYJ566CSpWdSAeMJRInSjAT9JPxjQFPmvB9zE/uNbZIUsdhCUuPOHPe/v,3.5634959999999998,6.364361,4.79038
35700,a4/EViBmYJ566CSpWdSAeMJRInSjAT9JPxjQFPmvB9zE/uNbZIUsdhCUuPOHPe/v,3.616253,6.0292639999999995,4.5592
36000,a4/EViBmYJ566CSpWdSAeMJRInSjAT9JPxjQFPmvB9zE/uNbZIUsdhCUuPOHPe/v,3.4717339999999997,7.186872999999999,4.565565
36300,a4/EViBmYJ566CSpWdSAeMJRInSjAT9JPxjQFPmvB9zE/uNbZIUsdhCUuPOHPe/v,3.5425370000000003,6.350389,4.7210730000000005
36600,a4/EViBmYJ566CSpWdSAeMJRInSjAT9JPxjQFPmvB9zE/uNbZIUsdhCUuPOHPe/v,3.399796,6.600447999999999,4.575826
36900,a4/EViBmYJ566CSpWdSAeMJRInSjAT9JPxjQFPmvB9zE/uNbZIUsdhCUuPOHPe/v,3.584915,6.125839,4.6344129999999994
37200,a4/EViBmYJ566CSpWdSAeMJRInSjAT9JPxjQFPmvB9zE/uNbZIUsdhCUuPOHPe/v,3.611962,6.188184,4.746755
37500,a4/EViBmYJ566CSpWdSAeMJRInSjAT9JPxjQFPmvB9zE/uNbZIUsdhCUuPOHPe/v,3.7428470000000003,6.123646,4.669872
37800,a4/EViBmYJ566CSpWdSAeMJRInSjAT9JPxjQFPmvB9zE/uNbZIUsdhCUuPOHPe/v,3.727665,6.107183,4.750446
38100,a4/EViBmYJ566CSpWdSAeMJRInSjAT9JPxjQFPmvB9zE/uNbZIUsdhCUuPOHPe/v,3.6318610000000002,6.440887,4.758331
38400,a4/EViBmYJ566CSpWdSAeMJRInSjAT9JPxjQFPmvB9zE/uNbZIUsdhCUuPOHPe/v,3.76701,6.2277569999999995,4.773334999999999
38700,a4/EViBmYJ566CSpWdSAeMJRInSjAT9JPxjQFPmvB9zE/uNbZIUsdhCUuPOHPe/v,3.824546,6.889155000000001,4.786326
39000,a4/EViBmYJ566CSpWdSAeMJRInSjAT9JPxjQFPmvB9zE/uNbZIUsdhCUuPOHPe/v,3.7560279999999997,6.845632000000001,4.740098000000001
39300,a4/EViBmYJ566CSpWdSAeMJRInSjAT9JPxjQFPmvB9zE/uNbZIUsdhCUuPOHPe/v,3.246587,6.487287,4.592325
39600,a4/EViBmYJ566CSpWdSAeMJRInSjAT9JPxjQFPmvB9zE/uNbZIUsdhCUuPOHPe/v,3.716586,6.353371,4.834345
39900,a4/EViBmYJ566CSpWdSAeMJRInSjAT9JPxjQFPmvB9zE/uNbZIUsdhCUuPOHPe/v,3.611311,6.910538000000001,4.735117
40200,a4/EViBmYJ566CSpWdSAeMJRInSjAT9JPxjQFPmvB9zE/uNbZIUsdhCUuPOHPe/v,3.63827,6.419146,4.809353
40500,a4/EViBmYJ566CSpWdSAeMJRInSjAT9JPxjQFPmvB9zE/uNbZIUsdhCUuPOHPe/v,3.529379,5.735695,4.543943
40800,a4/EViBmYJ566CSpWdSAeMJRInSjAT9JPxjQFPmvB9zE/uNbZIUsdhCUuPOHPe/v,3.5954669999999997,6.6843960000000004,4.865183
41100,a4/EViBmYJ566CSpWdSAeMJRInSjAT9JPxjQFPmvB9zE/uNbZIUsdhCUuPOHPe/v,3.378285,7.820266999999999,4.86191
41400,a4/EViBmYJ566CSpWdSAeMJRInSjAT9JPxjQFPmvB9zE/uNbZIUsdhCUuPOHPe/v,3.00943,6.682378,4.6613430000000005
41700,a4/EViBmYJ566CSpWdSAeMJRInSjAT9JPxjQFPmvB9zE/uNbZIUsdhCUuPOHPe/v,3.73305,6.509501,4.858925
42000,a4/EViBmYJ566CSpWdSAeMJRInSjAT9JPxjQFPmvB9zE/uNbZIUsdhCUuPOHPe/v,3.041074,6.010622,4.625838
42300,a4/EViBmYJ566CSpWdSAeMJRInSjAT9JPxjQFPmvB9zE/uNbZIUsdhCUuPOHPe/v,3.663671,7.161254,4.727615
42600,a4/EViBmYJ566CSpWdSAeMJRInSjAT9JPxjQFPmvB9zE/uNbZIUsdhCUuPOHPe/v,3.6325160000000003,6.248637,4.64879
42900,a4/EViBmYJ566CSpWdSAeMJRInSjAT9JPxjQFPmvB9zE/uNbZIUsdhCUuPOHPe/v,3.6912800000000003,6.642044,4.760566000000001
43200,a4/EViBmYJ566CSpWdSAeMJRInSjAT9JPxjQFPmvB9zE/uNbZIUsdhCUuPOHPe/v,3.427207,5.984818,4.397272
43500,a4/EViBmYJ566CSpWdSAeMJRInSjAT9JPxjQFPmvB9zE/uNbZIUsdhCUuPOHPe/v,3.566743,6.380662999999999,4.688651999999999
43800,a4/EViBmYJ566CSpWdSAeMJRInSjAT9JPxjQFPmvB9zE/uNbZIUsdhCUuPOHPe/v,3.263214,6.911192999999999,4.801848000000001
44100,a4/EViBmYJ566CSpWdSAeMJRInSjAT9JPxjQFPmvB9zE/uNbZIUsdhCUuPOHPe/v,3.2429189999999997,6.2943050000000005,4.607697
44400,a4/EViBmYJ566CSpWdSAeMJRInSjAT9JPxjQFPmvB9zE/uNbZIUsdhCUuPOHPe/v,3.53566,6.517023,4.682887
44700,a4/EViBmYJ566CSpWdSAeMJRInSjAT9JPxjQFPmvB9zE/uNbZIUsdhCUuPOHPe/v,3.181146,6.816535000000001,4.647905000000001
45000,a4/EViBmYJ566CSpWdSAeMJRInSjAT9JPxjQFPmvB9zE/uNbZIUsdhCUuPOHPe/v,3.498501,7.578407,4.671547
45300,a4/EViBmYJ566CSpWdSAeMJRInSjAT9JPxjQFPmvB9zE/uNbZIUsdhCUuPOHPe/v,3.149701,6.153425,4.569458
45600,a4/EViBmYJ566CSpWdSAeMJRInSjAT9JPxjQFPmvB9zE/uNbZIUsdhCUuPOHPe/v,3.7450910000000004,6.374786,4.734408
45900,a4/EViBmYJ566CSpWdSAeMJRInSjAT9JPxjQFPmvB9zE/uNbZIUsdhCUuPOHPe/v,3.2216709999999997,6.015663,4.456772
46200,a4/EViBmYJ566CSpWdSAeMJRInSjAT9JPxjQFPmvB9zE/uNbZIUsdhCUuPOHPe/v,3.516251,6.467893,4.632979
46500,a4/EViBmYJ566CSpWdSAeMJRInSjAT9JPxjQFPmvB9zE/uNbZIUsdhCUuPOHPe/v,3.482528,6.037881,4.512318
46800,a4/EViBmYJ566CSpWdSAeMJRInSjAT9JPxjQFPmvB9zE/uNbZIUsdhCUuPOHPe/v,3.237261,6.293614,4.504942
47100,a4/EViBmYJ566CSpWdSAeMJRInSjAT9JPxjQFPmvB9zE/uNbZIUsdhCUuPOHPe/v,3.5573269999999995,7.022586,4.675198
47400,a4/EViBmYJ566CSpWdSAeMJRInSjAT9JPxjQFPmvB9zE/uNbZIUsdhCUuPOHPe/v,3.333965,6.24351,4.577175
47700,a4/EViBmYJ566CSpWdSAeMJRInSjAT9JPxjQFPmvB9zE/uNbZIUsdhCUuPOHPe/v,3.4558910000000003,7.1410160000000005,4.574871
48000,a4/EViBmYJ566CSpWdSAeMJRInSjAT9JPxjQFPmvB9zE/uNbZIUsdhCUuPOHPe/v,3.56163,7.1720630000000005,4.767971
48300,a4/EViBmYJ566CSpWdSAeMJRInSjAT9JPxjQFPmvB9zE/uNbZIUsdhCUuPOHPe/v,3.480179,6.319948999999999,4.691018
48600,a4/EViBmYJ566CSpWdSAeMJRInSjAT9JPxjQFPmvB9zE/uNbZIUsdhCUuPOHPe/v,3.352271,6.535208,4.741811
48900,a4/EViBmYJ566CSpWdSAeMJRInSjAT9JPxjQFPmvB9zE/uNbZIUsdhCUuPOHPe/v,3.557235,6.603492999999999,4.816547
49200,a4/EViBmYJ566CSpWdSAeMJRInSjAT9JPxjQFPmvB9zE/uNbZIUsdhCUuPOHPe/v,3.4737440000000004,6.6538580000000005,4.7420599999999995
49500,a4/EViBmYJ566CSpWdSAeMJRInSjAT9JPxjQFPmvB9zE/uNbZIUsdhCUuPOHPe/v,3.4787480000000004,6.7080839999999995,4.815101
49800,a4/EViBmYJ566CSpWdSAeMJRInSjAT9JPxjQFPmvB9zE/uNbZIUsdhCUuPOHPe/v,3.445376,5.8159410000000005,4.813625
50100,a4/EViBmYJ566CSpWdSAeMJRInSjAT9JPxjQFPmvB9zE/uNbZIUsdhCUuPOHPe/v,3.637836,5.817118,4.648662
50400,a4/EViBmYJ566CSpWdSAeMJRInSjAT9JPxjQFPmvB9zE/uNbZIUsdhCUuPOHPe/v,3.685028,6.146853,4.711753
50700,a4/EViBmYJ566CSpWdSAeMJRInSjAT9JPxjQFPmvB9zE/uNbZIUsdhCUuPOHPe/v,3.521571,6.5430779999999995,4.568581
51000,a4/EViBmYJ566CSpWdSAeMJRInSjAT9JPxjQFPmvB9zE/uNbZIUsdhCUuPOHPe/v,3.628704,5.497079,4.672479
51300,a4/EViBmYJ566CSpWdSAeMJRInSjAT9JPxjQFPmvB9zE/uNbZIUsdhCUuPOHPe/v,3.6467110000000003,15.376710000000001,5.772728
51600,a4/EViBmYJ566CSpWdSAeMJRInSjAT9JPxjQFPmvB9zE/uNbZIUsdhCUuPOHPe/v,3.776681,6.653174000000001,4.741378
51900,a4/EViBmYJ566CSpWdSAeMJRInSjAT9JPxjQFPmvB9zE/uNbZIUsdhCUuPOHPe/v,3.2988410000000004,6.482094,4.382301999999999
52200,a4/EViBmYJ566CSpWdSAeMJRInSjAT9JPxjQFPmvB9zE/uNbZIUsdhCUuPOHPe/v,3.3731449999999996,6.616463,4.779597
52500,a4/EViBmYJ566CSpWdSAeMJRInSjAT9JPxjQFPmvB9zE/uNbZIUsdhCUuPOHPe/v,3.4506419999999998,6.869466,4.638047
52800,a4/EViBmYJ566CSpWdSAeMJRInSjAT9JPxjQFPmvB9zE/uNbZIUsdhCUuPOHPe/v,3.3312370000000002,6.655819999999999,4.633124
53100,a4/EViBmYJ566CSpWdSAeMJRInSjAT9JPxjQFPmvB9zE/uNbZIUsdhCUuPOHPe/v,3.3285690000000003,6.483743,4.734735
53400,a4/EViBmYJ566CSpWdSAeMJRInSjAT9JPxjQFPmvB9zE/uNbZIUsdhCUuPOHPe/v,3.536571,7.596806,4.852371
53700,a4/EViBmYJ566CSpWdSAeMJRInSjAT9JPxjQFPmvB9zE/uNbZIUsdhCUuPOHPe/v,3.502914,6.018433,4.704203
54000,a4/EViBmYJ566CSpWdSAeMJRInSjAT9JPxjQFPmvB9zE/uNbZIUsdhCUuPOHPe/v,3.535969,6.878961,4.8762550000000005
54300,a4/EViBmYJ566CSpWdSAeMJRInSjAT9JPxjQFPmvB9zE/uNbZIUsdhCUuPOHPe/v,3.6336129999999995,5.717747,4.624087
54600,a4/EViBmYJ566CSpWdSAeMJRInSjAT9JPxjQFPmvB9zE/uNbZIUsdhCUuPOHPe/v,3.637426,7.438072999999999,4.767794
54900,a4/EViBmYJ566CSpWdSAeMJRInSjAT9JPxjQFPmvB9zE/uNbZIUsdhCUuPOHPe/v,3.7886230000000003,6.552645,4.7542919999999995
55200,a4/EViBmYJ566CSpWdSAeMJRInSjAT9JPxjQFPmvB9zE/uNbZIUsdhCUuPOHPe/v,3.885736,6.091602,4.7292440000000004
55500,a4/EViBmYJ566CSpWdSAeMJRInSjAT9JPxjQFPmvB9zE/uNbZIUsdhCUuPOHPe/v,3.8356160000000004,6.493829,4.812236
55800,a4/EViBmYJ566CSpWdSAeMJRInSjAT9JPxjQFPmvB9zE/uNbZIUsdhCUuPOHPe/v,3.7593949999999996,6.57372,4.833289
56100,a4/EViBmYJ566CSpWdSAeMJRInSjAT9JPxjQFPmvB9zE/uNbZIUsdhCUuPOHPe/v,3.4941940000000002,6.797232000000001,4.637239
56400,a4/EViBmYJ566CSpWdSAeMJRInSjAT9JPxjQFPmvB9zE/uNbZIUsdhCUuPOHPe/v,3.394999,7.337184,4.750896
56700,a4/EViBmYJ566CSpWdSAeMJRInSjAT9JPxjQFPmvB9zE/uNbZIUsdhCUuPOHPe/v,3.3958449999999996,7.814619,4.761158
57000,a4/EViBmYJ566CSpWdSAeMJRInSjAT9JPxjQFPmvB9zE/uNbZIUsdhCUuPOHPe/v,3.327079,6.502873,4.715775
57300,a4/EViBmYJ566CSpWdSAeMJRInSjAT9JPxjQFPmvB9zE/uNbZIUsdhCUuPOHPe/v,3.4262580000000002,6.764203,4.729307
57600,a4/EViBmYJ566CSpWdSAeMJRInSjAT9JPxjQFPmvB9zE/uNbZIUsdhCUuPOHPe/v,3.4499730000000004,6.512883,4.877142
57900,a4/EViBmYJ566CSpWdSAeMJRInSjAT9JPxjQFPmvB9zE/uNbZIUsdhCUuPOHPe/v,3.548453,7.39645,4.799617
58200,a4/EViBmYJ566CSpWdSAeMJRInSjAT9JPxjQFPmvB9zE/uNbZIUsdhCUuPOHPe/v,3.410077,6.538956,4.760358999999999
58500,a4/EViBmYJ566CSpWdSAeMJRInSjAT9JPxjQFPmvB9zE/uNbZIUsdhCUuPOHPe/v,3.9342080000000004,5.923291000000001,4.763868
58800,a4/EViBmYJ566CSpWdSAeMJRInSjAT9JPxjQFPmvB9zE/uNbZIUsdhCUuPOHPe/v,3.683578,6.194262999999999,4.652893
59100,a4/EViBmYJ566CSpWdSAeMJRInSjAT9JPxjQFPmvB9zE/uNbZIUsdhCUuPOHPe/v,3.7998629999999998,6.017741,4.6768279999999995
59400,a4/EViBmYJ566CSpWdSAeMJRInSjAT9JPxjQFPmvB9zE/uNbZIUsdhCUuPOHPe/v,3.9862290000000002,6.433893,4.650967
59700,a4/EViBmYJ566CSpWdSAeMJRInSjAT9JPxjQFPmvB9zE/uNbZIUsdhCUuPOHPe/v,3.8425309999999997,6.407591,4.823715
60000,a4/EViBmYJ566CSpWdSAeMJRInSjAT9JPxjQFPmvB9zE/uNbZIUsdhCUuPOHPe/v,3.4527120000000004,6.579323,4.626207
60300,a4/EViBmYJ566CSpWdSAeMJRInSjAT9JPxjQFPmvB9zE/uNbZIUsdhCUuPOHPe/v,3.3990099999999996,5.971,4.617448
60600,a4/EViBmYJ566CSpWdSAeMJRInSjAT9JPxjQFPmvB9zE/uNbZIUsdhCUuPOHPe/v,3.3939410000000003,6.9855160000000005,4.569401999999999
60900,a4/EViBmYJ566CSpWdSAeMJRInSjAT9JPxjQFPmvB9zE/uNbZIUsdhCUuPOHPe/v,3.562511,6.6833979999999995,4.737025
61200,a4/EViBmYJ566CSpWdSAeMJRInSjAT9JPxjQFPmvB9zE/uNbZIUsdhCUuPOHPe/v,3.565806,7.372451,4.7962940000000005
61500,a4/EViBmYJ566CSpWdSAeMJRInSjAT9JPxjQFPmvB9zE/uNbZIUsdhCUuPOHPe/v,3.5183269999999998,6.790522,4.654621
61800,a4/EViBmYJ566CSpWdSAeMJRInSjAT9JPxjQFPmvB9zE/uNbZIUsdhCUuPOHPe/v,3.4011839999999998,6.6412830000000005,4.693807
62100,a4/EViBmYJ566CSpWdSAeMJRInSjAT9JPxjQFPmvB9zE/uNbZIUsdhCUuPOHPe/v,3.335919,6.414763,4.449415
62400,a4/EViBmYJ566CSpWdSAeMJRInSjAT9JPxjQFPmvB9zE/uNbZIUsdhCUuPOHPe/v,3.5641839999999996,6.465342,4.7769639999999995
62700,a4/EViBmYJ566CSpWdSAeMJRInSjAT9JPxjQFPmvB9zE/uNbZIUsdhCUuPOHPe/v,3.246245,5.448295,4.477329
63000,a4/EViBmYJ566CSpWdSAeMJRInSjAT9JPxjQFPmvB9zE/uNbZIUsdhCUuPOHPe/v,3.677557,6.42221,4.639958
63300,a4/EViBmYJ566CSpWdSAeMJRInSjAT9JPxjQFPmvB9zE/uNbZIUsdhCUuPOHPe/v,3.3299769999999995,6.653739,4.59596
63600,a4/EViBmYJ566CSpWdSAeMJRInSjAT9JPxjQFPmvB9zE/uNbZIUsdhCUuPOHPe/v,3.454338,6.872628999999999,4.86527
63900,a4/EViBmYJ566CSpWdSAeMJRInSjAT9JPxjQFPmvB9zE/uNbZIUsdhCUuPOHPe/v,3.8058940000000003,6.452643,4.845962
64200,a4/EViBmYJ566CSpWdSAeMJRInSjAT9JPxjQFPmvB9zE/uNbZIUsdhCUuPOHPe/v,3.561585,5.763281,4.739205
64500,a4/EViBmYJ566CSpWdSAeMJRInSjAT9JPxjQFPmvB9zE/uNbZIUsdhCUuPOHPe/v,3.794133,6.009224,4.795732
64800,a4/EViBmYJ566CSpWdSAeMJRInSjAT9JPxjQFPmvB9zE/uNbZIUsdhCUuPOHPe/v,3.312444,6.468763,4.597461
65100,a4/EViBmYJ566CSpWdSAeMJRInSjAT9JPxjQFPmvB9zE/uNbZIUsdhCUuPOHPe/v,3.4535410000000004,6.907978,4.653898000000001
65400,a4/EViBmYJ566CSpWdSAeMJRInSjAT9JPxjQFPmvB9zE/uNbZIUsdhCUuPOHPe/v,3.171916,6.852398,4.54537
65700,a4/EViBmYJ566CSpWdSAeMJRInSjAT9JPxjQFPmvB9zE/uNbZIUsdhCUuPOHPe/v,3.6354040000000003,6.709223,4.882022
66000,a4/EViBmYJ566CSpWdSAeMJRInSjAT9JPxjQFPmvB9zE/uNbZIUsdhCUuPOHPe/v,3.3394459999999997,6.383636,4.680029
66300,a4/EViBmYJ566CSpWdSAeMJRInSjAT9JPxjQFPmvB9zE/uNbZIUsdhCUuPOHPe/v,3.180658,10.337703999999999,5.381882
66600,a4/EViBmYJ566CSpWdSAeMJRInSjAT9JPxjQFPmvB9zE/uNbZIUsdhCUuPOHPe/v,3.7675410000000005,6.845998,4.965332
66900,a4/EViBmYJ566CSpWdSAeMJRInSjAT9JPxjQFPmvB9zE/uNbZIUsdhCUuPOHPe/v,3.5135739999999998,6.6226270000000005,4.519602
67200,a4/EViBmYJ566CSpWdSAeMJRInSjAT9JPxjQFPmvB9zE/uNbZIUsdhCUuPOHPe/v,3.8273940000000004,6.3995809999999995,4.758362
67500,a4/EViBmYJ566CSpWdSAeMJRInSjAT9JPxjQFPmvB9zE/uNbZIUsdhCUuPOHPe/v,3.7299580000000003,6.938766,4.781413
67800,a4/EViBmYJ566CSpWdSAeMJRInSjAT9JPxjQFPmvB9zE/uNbZIUsdhCUuPOHPe/v,3.699876,6.925625,4.773383
68100,a4/EViBmYJ566CSpWdSAeMJRInSjAT9JPxjQFPmvB9zE/uNbZIUsdhCUuPOHPe/v,3.203709,6.351243,4.783308
68400,a4/EViBmYJ566CSpWdSAeMJRInSjAT9JPxjQFPmvB9zE/uNbZIUsdhCUuPOHPe/v,3.868533,6.739752,4.866989
68700,a4/EViBmYJ566CSpWdSAeMJRInSjAT9JPxjQFPmvB9zE/uNbZIUsdhCUuPOHPe/v,3.5394699999999997,7.078961,4.8314129999999995
69000,a4/EViBmYJ566CSpWdSAeMJRInSjAT9JPxjQFPmvB9zE/uNbZIUsdhCUuPOHPe/v,3.628913,6.308565,4.422872
69300,a4/EViBmYJ566CSpWdSAeMJRInSjAT9JPxjQFPmvB9zE/uNbZIUsdhCUuPOHPe/v,3.650919,6.573167,4.7401860000000005
69600,a4/EViBmYJ566CSpWdSAeMJRInSjAT9JPxjQFPmvB9zE/uNbZIUsdhCUuPOHPe/v,3.460286,6.64843,4.566751999999999
69900,a4/EViBmYJ566CSpWdSAeMJRInSjAT9JPxjQFPmvB9zE/uNbZIUsdhCUuPOHPe/v,3.439311,6.679144,4.741527
70200,a4/EViBmYJ566CSpWdSAeMJRInSjAT9JPxjQFPmvB9zE/uNbZIUsdhCUuPOHPe/v,3.4037019999999996,7.374911999999999,4.5039690000000006
70500,a4/EViBmYJ566CSpWdSAeMJRInSjAT9JPxjQFPmvB9zE/uNbZIUsdhCUuPOHPe/v,3.3651809999999998,6.812899000000001,4.609528
70800,a4/EViBmYJ566CSpWdSAeMJRInSjAT9JPxjQFPmvB9zE/uNbZIUsdhCUuPOHPe/v,3.575419,6.352957,4.525221
71100,a4/EViBmYJ566CSpWdSAeMJRInSjAT9JPxjQFPmvB9zE/uNbZIUsdhCUuPOHPe/v,3.3192480000000004,6.655692999999999,4.717891000000001
71400,a4/EViBmYJ566CSpWdSAeMJRInSjAT9JPxjQFPmvB9zE/uNbZIUsdhCUuPOHPe/v,3.5724089999999995,6.6449229999999995,4.683282
71700,a4/EViBmYJ566CSpWdSAeMJRInSjAT9JPxjQFPmvB9zE/uNbZIUsdhCUuPOHPe/v,3.805083,7.084328999999999,4.851755000000001
72000,a4/EViBmYJ566CSpWdSAeMJRInSjAT9JPxjQFPmvB9zE/uNbZIUsdhCUuPOHPe/v,3.824415,6.8608009999999995,4.936843
72300,a4/EViBmYJ566CSpWdSAeMJRInSjAT9JPxjQFPmvB9zE/uNbZIUsdhCUuPOHPe/v,3.173522,6.397292,4.727091000000001
72600,a4/EViBmYJ566CSpWdSAeMJRInSjAT9JPxjQFPmvB9zE/uNbZIUsdhCUuPOHPe/v,3.720014,6.191757,4.746958
72900,a4/EViBmYJ566CSpWdSAeMJRInSjAT9JPxjQFPmvB9zE/uNbZIUsdhCUuPOHPe/v,3.6059059999999996,6.340552,4.666526
73200,a4/EViBmYJ566CSpWdSAeMJRInSjAT9JPxjQFPmvB9zE/uNbZIUsdhCUuPOHPe/v,3.6656169999999997,6.824723,4.648143
73500,a4/EViBmYJ566CSpWdSAeMJRInSjAT9JPxjQFPmvB9zE/uNbZIUsdhCUuPOHPe/v,3.483222,7.12891,4.499825
73800,a4/EViBmYJ566CSpWdSAeMJRInSjAT9JPxjQFPmvB9zE/uNbZIUsdhCUuPOHPe/v,3.5275849999999997,7.054844999999999,4.812049
74100,a4/EViBmYJ566CSpWdSAeMJRInSjAT9JPxjQFPmvB9zE/uNbZIUsdhCUuPOHPe/v,3.1415580000000003,6.74299,4.55928
74400,a4/EViBmYJ566CSpWdSAeMJRInSjAT9JPxjQFPmvB9zE/uNbZIUsdhCUuPOHPe/v,3.372179,7.57728,4.559983
74700,a4/EViBmYJ566CSpWdSAeMJRInSjAT9JPxjQFPmvB9zE/uNbZIUsdhCUuPOHPe/v,3.4494580000000004,7.220567999999999,4.782072
75000,a4/EViBmYJ566CSpWdSAeMJRInSjAT9JPxjQFPmvB9zE/uNbZIUsdhCUuPOHPe/v,3.413436,6.6247940000000005,4.488819
75300,a4/EViBmYJ566CSpWdSAeMJRInSjAT9JPxjQFPmvB9zE/uNbZIUsdhCUuPOHPe/v,3.438804,6.530125,4.728088
75600,a4/EViBmYJ566CSpWdSAeMJRInSjAT9JPxjQFPmvB9zE/uNbZIUsdhCUuPOHPe/v,3.488863,6.575883999999999,4.553527
75900,a4/EViBmYJ566CSpWdSAeMJRInSjAT9JPxjQFPmvB9zE/uNbZIUsdhCUuPOHPe/v,3.6066190000000002,6.297462,4.552823
76200,a4/EViBmYJ566CSpWdSAeMJRInSjAT9JPxjQFPmvB9zE/uNbZIUsdhCUuPOHPe/v,3.2955410000000005,6.411951999999999,4.725833000000001
76500,a4/EViBmYJ566CSpWdSAeMJRInSjAT9JPxjQFPmvB9zE/uNbZIUsdhCUuPOHPe/v,3.787151,6.514975,4.693134
76800,a4/EViBmYJ566CSpWdSAeMJRInSjAT9JPxjQFPmvB9zE/uNbZIUsdhCUuPOHPe/v,3.458905,6.379153,4.734477
77100,a4/EViBmYJ566CSpWdSAeMJRInSjAT9JPxjQFPmvB9zE/uNbZIUsdhCUuPOHPe/v,3.6064839999999996,5.969002,4.700033
77400,a4/EViBmYJ566CSpWdSAeMJRInSjAT9JPxjQFPmvB9zE/uNbZIUsdhCUuPOHPe/v,3.4864379999999997,6.067595,4.647741000000001
77700,a4/EViBmYJ566CSpWdSAeMJRInSjAT9JPxjQFPmvB9zE/uNbZIUsdhCUuPOHPe/v,3.238826,6.068724,4.320214
78000,a4/EViBmYJ566CSpWdSAeMJRInSjAT9JPxjQFPmvB9zE/uNbZIUsdhCUuPOHPe/v,3.44961,6.957758999999999,4.770393
78300,a4/EViBmYJ566CSpWdSAeMJRInSjAT9JPxjQFPmvB9zE/uNbZIUsdhCUuPOHPe/v,3.4446449999999995,6.51536,4.491118
78600,a4/EViBmYJ566CSpWdSAeMJRInSjAT9JPxjQFPmvB9zE/uNbZIUsdhCUuPOHPe/v,3.442654,6.551409,4.649607
78900,a4/EViBmYJ566CSpWdSAeMJRInSjAT9JPxjQFPmvB9zE/uNbZIUsdhCUuPOHPe/v,3.19335,6.450489,4.440558
79200,a4/EViBmYJ566CSpWdSAeMJRInSjAT9JPxjQFPmvB9zE/uNbZIUsdhCUuPOHPe/v,3.203551,6.56252,4.660051999999999
79500,a4/EViBmYJ566CSpWdSAeMJRInSjAT9JPxjQFPmvB9zE/uNbZIUsdhCUuPOHPe/v,3.202043,7.036726,4.449919
79800,a4/EViBmYJ566CSpWdSAeMJRInSjAT9JPxjQFPmvB9zE/uNbZIUsdhCUuPOHPe/v,3.401049,6.933503,4.517843
80100,a4/EViBmYJ566CSpWdSAeMJRInSjAT9JPxjQFPmvB9zE/uNbZIUsdhCUuPOHPe/v,3.4710300000000003,6.431197,4.809221
80400,a4/EViBmYJ566CSpWdSAeMJRInSjAT9JPxjQFPmvB9zE/uNbZIUsdhCUuPOHPe/v,3.4825769999999996,5.958009,4.716954
80700,a4/EViBmYJ566CSpWdSAeMJRInSjAT9JPxjQFPmvB9zE/uNbZIUsdhCUuPOHPe/v,3.764704,6.316612999999999,4.742629
81000,a4/EViBmYJ566CSpWdSAeMJRInSjAT9JPxjQFPmvB9zE/uNbZIUsdhCUuPOHPe/v,3.351517,6.666488,4.767144
81300,a4/EViBmYJ566CSpWdSAeMJRInSjAT9JPxjQFPmvB9zE/uNbZIUsdhCUuPOHPe/v,3.7837410000000005,6.071000000000001,4.677312000000001
81600,a4/EViBmYJ566CSpWdSAeMJRInSjAT9JPxjQFPmvB9zE/uNbZIUsdhCUuPOHPe/v,3.315661,6.193074,4.640176
84600,a4/EViBmYJ566CSpWdSAeMJRInSjAT9JPxjQFPmvB9zE/uNbZIUsdhCUuPOHPe/v,3.763297,6.912256,4.8265400000000005
84900,a4/EViBmYJ566CSpWdSAeMJRInSjAT9JPxjQFPmvB9zE/uNbZIUsdhCUuPOHPe/v,3.301767,6.4097480000000004,4.529669999999999
85200,a4/EViBmYJ566CSpWdSAeMJRInSjAT9JPxjQFPmvB9zE/uNbZIUsdhCUuPOHPe/v,3.8615239999999997,6.4373059999999995,4.848996
85500,a4/EViBmYJ566CSpWdSAeMJRInSjAT9JPxjQFPmvB9zE/uNbZIUsdhCUuPOHPe/v,3.209206,6.665537,4.682231
85800,a4/EViBmYJ566CSpWdSAeMJRInSjAT9JPxjQFPmvB9zE/uNbZIUsdhCUuPOHPe/v,3.370052,6.518971,4.682576
86100,a4/EViBmYJ566CSpWdSAeMJRInSjAT9JPxjQFPmvB9zE/uNbZIUsdhCUuPOHPe/v,3.591946,6.287292,4.7343589999999995
86400,a4/EViBmYJ566CSpWdSAeMJRInSjAT9JPxjQFPmvB9zE/uNbZIUsdhCUuPOHPe/v,3.427601,7.364408,4.718947
86700,a4/EViBmYJ566CSpWdSAeMJRInSjAT9JPxjQFPmvB9zE/uNbZIUsdhCUuPOHPe/v,3.6595760000000004,6.310048,4.663096
87000,a4/EViBmYJ566CSpWdSAeMJRInSjAT9JPxjQFPmvB9zE/uNbZIUsdhCUuPOHPe/v,3.199081,6.294842,4.544055
87300,a4/EViBmYJ566CSpWdSAeMJRInSjAT9JPxjQFPmvB9zE/uNbZIUsdhCUuPOHPe/v,3.6079220000000003,6.643378,4.791226
87600,a4/EViBmYJ566CSpWdSAeMJRInSjAT9JPxjQFPmvB9zE/uNbZIUsdhCUuPOHPe/v,3.3769129999999996,6.139856,4.4786220000000005
87900,a4/EViBmYJ566CSpWdSAeMJRInSjAT9JPxjQFPmvB9zE/uNbZIUsdhCUuPOHPe/v,3.66686,7.316978,4.734815
88200,a4/EViBmYJ566CSpWdSAeMJRInSjAT9JPxjQFPmvB9zE/uNbZIUsdhCUuPOHPe/v,3.287695,6.588048,4.531313
88500,a4/EViBmYJ566CSpWdSAeMJRInSjAT9JPxjQFPmvB9zE/uNbZIUsdhCUuPOHPe/v,3.783758,5.681907,4.627305000000001
88800,a4/EViBmYJ566CSpWdSAeMJRInSjAT9JPxjQFPmvB9zE/uNbZIUsdhCUuPOHPe/v,3.6587160000000005,6.011435,4.795018
89100,a4/EViBmYJ566CSpWdSAeMJRInSjAT9JPxjQFPmvB9zE/uNbZIUsdhCUuPOHPe/v,3.52265,6.278226,4.68953
89400,a4/EViBmYJ566CSpWdSAeMJRInSjAT9JPxjQFPmvB9zE/uNbZIUsdhCUuPOHPe/v,3.900943,6.5475769999999995,4.919651999999999
89700,a4/EViBmYJ566CSpWdSAeMJRInSjAT9JPxjQFPmvB9zE/uNbZIUsdhCUuPOHPe/v,3.385102,6.561779,4.749054
90000,a4/EViBmYJ566CSpWdSAeMJRInSjAT9JPxjQFPmvB9zE/uNbZIUsdhCUuPOHPe/v,3.673951,6.461698,4.86784
90300,a4/EViBmYJ566CSpWdSAeMJRInSjAT9JPxjQFPmvB9zE/uNbZIUsdhCUuPOHPe/v,3.384461,6.70949,4.711633999999999
90600,a4/EViBmYJ566CSpWdSAeMJRInSjAT9JPxjQFPmvB9zE/uNbZIUsdhCUuPOHPe/v,3.682352,6.068444,4.69629
90900,a4/EViBmYJ566CSpWdSAeMJRInSjAT9JPxjQFPmvB9zE/uNbZIUsdhCUuPOHPe/v,3.065314,6.742257,4.731599
91200,a4/EViBmYJ566CSpWdSAeMJRInSjAT9JPxjQFPmvB9zE/uNbZIUsdhCUuPOHPe/v,3.2263029999999997,6.431292,4.852226
91500,a4/EViBmYJ566CSpWdSAeMJRInSjAT9JPxjQFPmvB9zE/uNbZIUsdhCUuPOHPe/v,3.7749050000000004,6.763905,4.7802489999999995
91800,a4/EViBmYJ566CSpWdSAeMJRInSjAT9JPxjQFPmvB9zE/uNbZIUsdhCUuPOHPe/v,3.4828949999999996,7.696832000000001,4.709091
92100,a4/EViBmYJ566CSpWdSAeMJRInSjAT9JPxjQFPmvB9zE/uNbZIUsdhCUuPOHPe/v,3.747435,6.863411999999999,4.857983
92400,a4/EViBmYJ566CSpWdSAeMJRInSjAT9JPxjQFPmvB9zE/uNbZIUsdhCUuPOHPe/v,3.5131059999999996,7.978149,4.6592720000000005
92700,a4/EViBmYJ566CSpWdSAeMJRInSjAT9JPxjQFPmvB9zE/uNbZIUsdhCUuPOHPe/v,3.280078,6.44531,4.660767
93000,a4/EViBmYJ566CSpWdSAeMJRInSjAT9JPxjQFPmvB9zE/uNbZIUsdhCUuPOHPe/v,3.473364,6.7831399999999995,4.502598
93300,a4/EViBmYJ566CSpWdSAeMJRInSjAT9JPxjQFPmvB9zE/uNbZIUsdhCUuPOHPe/v,3.560141,7.354992,4.8328050000000005
93600,a4/EViBmYJ566CSpWdSAeMJRInSjAT9JPxjQFPmvB9zE/uNbZIUsdhCUuPOHPe/v,3.7057300000000004,7.2076139999999995,4.7874669999999995
93900,a4/EViBmYJ566CSpWdSAeMJRInSjAT9JPxjQFPmvB9zE/uNbZIUsdhCUuPOHPe/v,3.942543,7.11777,4.9639370000000005
94200,a4/EViBmYJ566CSpWdSAeMJRInSjAT9JPxjQFPmvB9zE/uNbZIUsdhCUuPOHPe/v,3.8083839999999998,7.002559,4.941133
94500,a4/EViBmYJ566CSpWdSAeMJRInSjAT9JPxjQFPmvB9zE/uNbZIUsdhCUuPOHPe/v,3.528197,6.852455,4.711453
94800,a4/EViBmYJ566CSpWdSAeMJRInSjAT9JPxjQFPmvB9zE/uNbZIUsdhCUuPOHPe/v,3.863439,5.9930010000000005,4.766430000000001
95100,a4/EViBmYJ566CSpWdSAeMJRInSjAT9JPxjQFPmvB9zE/uNbZIUsdhCUuPOHPe/v,3.626035,7.1465190000000005,4.796672
95400,a4/EViBmYJ566CSpWdSAeMJRInSjAT9JPxjQFPmvB9zE/uNbZIUsdhCUuPOHPe/v,3.8101010000000004,6.578292,4.770478
95700,a4/EViBmYJ566CSpWdSAeMJRInSjAT9JPxjQFPmvB9zE/uNbZIUsdhCUuPOHPe/v,3.219296,7.20887,4.516359
96000,a4/EViBmYJ566CSpWdSAeMJRInSjAT9JPxjQFPmvB9zE/uNbZIUsdhCUuPOHPe/v,3.4127980000000004,6.401891,4.706828
96300,a4/EViBmYJ566CSpWdSAeMJRInSjAT9JPxjQFPmvB9zE/uNbZIUsdhCUuPOHPe/v,3.2887129999999996,5.986251,4.514069
96600,a4/EViBmYJ566CSpWdSAeMJRInSjAT9JPxjQFPmvB9zE/uNbZIUsdhCUuPOHPe/v,3.170383,6.676652000000001,4.474101999999999
96900,a4/EViBmYJ566CSpWdSAeMJRInSjAT9JPxjQFPmvB9zE/uNbZIUsdhCUuPOHPe/v,3.5624589999999996,6.664524,4.764067
97200,a4/EViBmYJ566CSpWdSAeMJRInSjAT9JPxjQFPmvB9zE/uNbZIUsdhCUuPOHPe/v,3.2064939999999997,7.103565,4.556439
97500,a4/EViBmYJ566CSpWdSAeMJRInSjAT9JPxjQFPmvB9zE/uNbZIUsdhCUuPOHPe/v,3.558875,6.5857410000000005,4.831735
97800,a4/EViBmYJ566CSpWdSAeMJRInSjAT9JPxjQFPmvB9zE/uNbZIUsdhCUuPOHPe/v,3.206184,6.937181,4.548685
98100,a4/EViBmYJ566CSpWdSAeMJRInSjAT9JPxjQFPmvB9zE/uNbZIUsdhCUuPOHPe/v,3.6746769999999995,6.291369,4.691945
98400,a4/EViBmYJ566CSpWdSAeMJRInSjAT9JPxjQFPmvB9zE/uNbZIUsdhCUuPOHPe/v,3.412119,6.658025,4.696581
98700,a4/EViBmYJ566CSpWdSAeMJRInSjAT9JPxjQFPmvB9zE/uNbZIUsdhCUuPOHPe/v,3.6464220000000003,6.21863,4.683241000000001
99000,a4/EViBmYJ566CSpWdSAeMJRInSjAT9JPxjQFPmvB9zE/uNbZIUsdhCUuPOHPe/v,3.191925,6.446365,4.759915
99300,a4/EViBmYJ566CSpWdSAeMJRInSjAT9JPxjQFPmvB9zE/uNbZIUsdhCUuPOHPe/v,3.025947,6.345477,4.592388
99600,a4/EViBmYJ566CSpWdSAeMJRInSjAT9JPxjQFPmvB9zE/uNbZIUsdhCUuPOHPe/v,3.852934,6.8385169999999995,4.8350480000000005
99900,a4/EViBmYJ566CSpWdSAeMJRInSjAT9JPxjQFPmvB9zE/uNbZIUsdhCUuPOHPe/v,3.354427,6.8658600000000005,4.707198
100200,a4/EViBmYJ566CSpWdSAeMJRInSjAT9JPxjQFPmvB9zE/uNbZIUsdhCUuPOHPe/v,3.624649,6.2028620000000005,4.625902
100500,a4/EViBmYJ566CSpWdSAeMJRInSjAT9JPxjQFPmvB9zE/uNbZIUsdhCUuPOHPe/v,3.263319,6.021013,4.490585
100800,a4/EViBmYJ566CSpWdSAeMJRInSjAT9JPxjQFPmvB9zE/uNbZIUsdhCUuPOHPe/v,3.491108,6.62909,4.8044910000000005
101100,a4/EViBmYJ566CSpWdSAeMJRInSjAT9JPxjQFPmvB9zE/uNbZIUsdhCUuPOHPe/v,3.3253459999999997,5.94723,4.517843
101400,a4/EViBmYJ566CSpWdSAeMJRInSjAT9JPxjQFPmvB9zE/uNbZIUsdhCUuPOHPe/v,3.503448,6.213496,4.645205000000001
101700,a4/EViBmYJ566CSpWdSAeMJRInSjAT9JPxjQFPmvB9zE/uNbZIUsdhCUuPOHPe/v,3.4774769999999995,6.2021690000000005,4.532968
102000,a4/EViBmYJ566CSpWdSAeMJRInSjAT9JPxjQFPmvB9zE/uNbZIUsdhCUuPOHPe/v,3.0855580000000002,6.3184260000000005,4.461236
102300,a4/EViBmYJ566CSpWdSAeMJRInSjAT9JPxjQFPmvB9zE/uNbZIUsdhCUuPOHPe/v,3.570906,6.000265,4.448633
102600,a4/EViBmYJ566CSpWdSAeMJRInSjAT9JPxjQFPmvB9zE/uNbZIUsdhCUuPOHPe/v,3.656564,6.683712,4.698161
102900,a4/EViBmYJ566CSpWdSAeMJRInSjAT9JPxjQFPmvB9zE/uNbZIUsdhCUuPOHPe/v,3.5140309999999997,6.598910000000001,4.709442
103200,a4/EViBmYJ566CSpWdSAeMJRInSjAT9JPxjQFPmvB9zE/uNbZIUsdhCUuPOHPe/v,3.750438,5.919647,4.790088
103500,a4/EViBmYJ566CSpWdSAeMJRInSjAT9JPxjQFPmvB9zE/uNbZIUsdhCUuPOHPe/v,3.7584199999999996,6.646686999999999,4.7375620000000005
103800,a4/EViBmYJ566CSpWdSAeMJRInSjAT9JPxjQFPmvB9zE/uNbZIUsdhCUuPOHPe/v,3.5064059999999997,6.9045119999999995,4.663479
104100,a4/EViBmYJ566CSpWdSAeMJRInSjAT9JPxjQFPmvB9zE/uNbZIUsdhCUuPOHPe/v,3.858692,6.323658,4.679308
104400,a4/EViBmYJ566CSpWdSAeMJRInSjAT9JPxjQFPmvB9zE/uNbZIUsdhCUuPOHPe/v,3.793626,6.322653,4.720046
104700,a4/EViBmYJ566CSpWdSAeMJRInSjAT9JPxjQFPmvB9zE/uNbZIUsdhCUuPOHPe/v,3.241478,6.388787000000001,4.6255120000000005
105000,a4/EViBmYJ566CSpWdSAeMJRInSjAT9JPxjQFPmvB9zE/uNbZIUsdhCUuPOHPe/v,3.520377,6.308097,4.679575
105300,a4/EViBmYJ566CSpWdSAeMJRInSjAT9JPxjQFPmvB9zE/uNbZIUsdhCUuPOHPe/v,3.340356,6.527051999999999,4.4215160000000004
105600,a4/EViBmYJ566CSpWdSAeMJRInSjAT9JPxjQFPmvB9zE/uNbZIUsdhCUuPOHPe/v,3.3996169999999997,6.492905,4.614425
105900,a4/EViBmYJ566CSpWdSAeMJRInSjAT9JPxjQFPmvB9zE/uNbZIUsdhCUuPOHPe/v,3.2871589999999995,6.367371,4.486713
106200,a4/EViBmYJ566CSpWdSAeMJRInSjAT9JPxjQFPmvB9zE/uNbZIUsdhCUuPOHPe/v,3.427671,6.0725489999999995,4.672435
106500,a4/EViBmYJ566CSpWdSAeMJRInSjAT9JPxjQFPmvB9zE/uNbZIUsdhCUuPOHPe/v,3.541437,8.506029,5.094212000000001
106800,a4/EViBmYJ566CSpWdSAeMJRInSjAT9JPxjQFPmvB9zE/uNbZIUsdhCUuPOHPe/v,3.447138,6.716455000000001,4.581332
107100,a4/EViBmYJ566CSpWdSAeMJRInSjAT9JPxjQFPmvB9zE/uNbZIUsdhCUuPOHPe/v,3.640743,7.974064,4.880726999999999
107400,a4/EViBmYJ566CSpWdSAeMJRInSjAT9JPxjQFPmvB9zE/uNbZIUsdhCUuPOHPe/v,3.889539,6.864746,4.872587
107700,a4/EViBmYJ566CSpWdSAeMJRInSjAT9JPxjQFPmvB9zE/uNbZIUsdhCUuPOHPe/v,3.8017309999999997,8.801553,5.045565
108000,a4/EViBmYJ566CSpWdSAeMJRInSjAT9JPxjQFPmvB9zE/uNbZIUsdhCUuPOHPe/v,3.946311,7.8561,5.0801110000000005
108300,a4/EViBmYJ566CSpWdSAeMJRInSjAT9JPxjQFPmvB9zE/uNbZIUsdhCUuPOHPe/v,3.896849,7.149083,4.761129
108600,a4/EViBmYJ566CSpWdSAeMJRInSjAT9JPxjQFPmvB9zE/uNbZIUsdhCUuPOHPe/v,3.7770379999999997,7.863411,4.993563
108900,a4/EViBmYJ566CSpWdSAeMJRInSjAT9JPxjQFPmvB9zE/uNbZIUsdhCUuPOHPe/v,3.7129559999999997,5.672944,4.612062
109200,a4/EViBmYJ566CSpWdSAeMJRInSjAT9JPxjQFPmvB9zE/uNbZIUsdhCUuPOHPe/v,3.4305589999999997,47.819736,7.096037
109500,a4/EViBmYJ566CSpWdSAeMJRInSjAT9JPxjQFPmvB9zE/uNbZIUsdhCUuPOHPe/v,3.4502559999999995,8.336689999999999,5.348674
109800,a4/EViBmYJ566CSpWdSAeMJRInSjAT9JPxjQFPmvB9zE/uNbZIUsdhCUuPOHPe/v,3.375536,7.78437,5.004746
110100,a4/EViBmYJ566CSpWdSAeMJRInSjAT9JPxjQFPmvB9zE/uNbZIUsdhCUuPOHPe/v,3.410711,6.26957,4.678803
110400,a4/EViBmYJ566CSpWdSAeMJRInSjAT9JPxjQFPmvB9zE/uNbZIUsdhCUuPOHPe/v,3.5056190000000003,8.136441,5.098306
110700,a4/EViBmYJ566CSpWdSAeMJRInSjAT9JPxjQFPmvB9zE/uNbZIUsdhCUuPOHPe/v,3.503018,9.067775,5.16991
111000,a4/EViBmYJ566CSpWdSAeMJRInSjAT9JPxjQFPmvB9zE/uNbZIUsdhCUuPOHPe/v,3.5437550000000004,7.215462,4.822368
111300,a4/EViBmYJ566CSpWdSAeMJRInSjAT9JPxjQFPmvB9zE/uNbZIUsdhCUuPOHPe/v,3.579884,9.084342,5.104977
111600,a4/EViBmYJ566CSpWdSAeMJRInSjAT9JPxjQFPmvB9zE/uNbZIUsdhCUuPOHPe/v,3.7367769999999996,6.604355,4.808135
111900,a4/EViBmYJ566CSpWdSAeMJRInSjAT9JPxjQFPmvB9zE/uNbZIUsdhCUuPOHPe/v,3.709125,8.875628,5.073862
112200,a4/EViBmYJ566CSpWdSAeMJRInSjAT9JPxjQFPmvB9zE/uNbZIUsdhCUuPOHPe/v,3.8537410000000003,6.373049,4.871802
112500,a4/EViBmYJ566CSpWdSAeMJRInSjAT9JPxjQFPmvB9zE/uNbZIUsdhCUuPOHPe/v,3.7001180000000002,7.937114,4.86947
112800,a4/EViBmYJ566CSpWdSAeMJRInSjAT9JPxjQFPmvB9zE/uNbZIUsdhCUuPOHPe/v,3.701875,6.987069,4.813184
113100,a4/EViBmYJ566CSpWdSAeMJRInSjAT9JPxjQFPmvB9zE/uNbZIUsdhCUuPOHPe/v,3.735129,7.386742999999999,4.9218589999999995
113400,a4/EViBmYJ566CSpWdSAeMJRInSjAT9JPxjQFPmvB9zE/uNbZIUsdhCUuPOHPe/v,3.3944360000000002,8.291499,4.94574
113700,a4/EViBmYJ566CSpWdSAeMJRInSjAT9JPxjQFPmvB9zE/uNbZIUsdhCUuPOHPe/v,3.1627389999999997,6.9090169999999995,4.812628
114000,a4/EViBmYJ566CSpWdSAeMJRInSjAT9JPxjQFPmvB9zE/uNbZIUsdhCUuPOHPe/v,3.508193,7.216521000000001,5.183101000000001
114300,a4/EViBmYJ566CSpWdSAeMJRInSjAT9JPxjQFPmvB9zE/uNbZIUsdhCUuPOHPe/v,3.496752,6.4087629999999995,4.7929379999999995
114600,a4/EViBmYJ566CSpWdSAeMJRInSjAT9JPxjQFPmvB9zE/uNbZIUsdhCUuPOHPe/v,3.1682360000000003,7.167650999999999,5.059914
114900,a4/EViBmYJ566CSpWdSAeMJRInSjAT9JPxjQFPmvB9zE/uNbZIUsdhCUuPOHPe/v,3.5624879999999997,7.093798,4.73104
115200,a4/EViBmYJ566CSpWdSAeMJRInSjAT9JPxjQFPmvB9zE/uNbZIUsdhCUuPOHPe/v,3.576221,7.434087,5.1106300000000005
115500,a4/EViBmYJ566CSpWdSAeMJRInSjAT9JPxjQFPmvB9zE/uNbZIUsdhCUuPOHPe/v,3.4036470000000003,7.130961,4.683617
115800,a4/EViBmYJ566CSpWdSAeMJRInSjAT9JPxjQFPmvB9zE/uNbZIUsdhCUuPOHPe/v,3.408919,6.6138520000000005,4.801522
116100,a4/EViBmYJ566CSpWdSAeMJRInSjAT9JPxjQFPmvB9zE/uNbZIUsdhCUuPOHPe/v,3.6155120000000003,6.416442,4.719955000000001
116400,a4/EViBmYJ566CSpWdSAeMJRInSjAT9JPxjQFPmvB9zE/uNbZIUsdhCUuPOHPe/v,3.7357480000000005,6.808886,4.700406
116700,a4/EViBmYJ566CSpWdSAeMJRInSjAT9JPxjQFPmvB9zE/uNbZIUsdhCUuPOHPe/v,3.609234,6.739146000000001,4.688827
117000,a4/EViBmYJ566CSpWdSAeMJRInSjAT9JPxjQFPmvB9zE/uNbZIUsdhCUuPOHPe/v,3.763979,6.172308999999999,4.648487
117300,a4/EViBmYJ566CSpWdSAeMJRInSjAT9JPxjQFPmvB9zE/uNbZIUsdhCUuPOHPe/v,3.760298,6.106058,4.7381660000000005
117600,a4/EViBmYJ566CSpWdSAeMJRInSjAT9JPxjQFPmvB9zE/uNbZIUsdhCUuPOHPe/v,3.733569,6.662381,4.884918
117900,a4/EViBmYJ566CSpWdSAeMJRInSjAT9JPxjQFPmvB9zE/uNbZIUsdhCUuPOHPe/v,3.6081830000000004,6.312922,4.608698
118200,a4/EViBmYJ566CSpWdSAeMJRInSjAT9JPxjQFPmvB9zE/uNbZIUsdhCUuPOHPe/v,3.611942,6.807979,4.7999220000000005
118500,a4/EViBmYJ566CSpWdSAeMJRInSjAT9JPxjQFPmvB9zE/uNbZIUsdhCUuPOHPe/v,3.567661,6.343235,4.728534
118800,a4/EViBmYJ566CSpWdSAeMJRInSjAT9JPxjQFPmvB9zE/uNbZIUsdhCUuPOHPe/v,3.53537,7.1661649999999995,4.855316999999999
119100,a4/EViBmYJ566CSpWdSAeMJRInSjAT9JPxjQFPmvB9zE/uNbZIUsdhCUuPOHPe/v,3.483738,6.349117,4.752782
119400,a4/EViBmYJ566CSpWdSAeMJRInSjAT9JPxjQFPmvB9zE/uNbZIUsdhCUuPOHPe/v,3.550097,7.067605,4.772651000000001
119700,a4/EViBmYJ566CSpWdSAeMJRInSjAT9JPxjQFPmvB9zE/uNbZIUsdhCUuPOHPe/v,3.6138190000000003,7.142494,4.882745
120000,a4/EViBmYJ566CSpWdSAeMJRInSjAT9JPxjQFPmvB9zE/uNbZIUsdhCUuPOHPe/v,3.256881,7.226156,4.77435
120300,a4/EViBmYJ566CSpWdSAeMJRInSjAT9JPxjQFPmvB9zE/uNbZIUsdhCUuPOHPe/v,3.6957379999999995,6.591277000000001,4.814566
120600,a4/EViBmYJ566CSpWdSAeMJRInSjAT9JPxjQFPmvB9zE/uNbZIUsdhCUuPOHPe/v,3.416833,6.700596000000001,4.732346
120900,a4/EViBmYJ566CSpWdSAeMJRInSjAT9JPxjQFPmvB9zE/uNbZIUsdhCUuPOHPe/v,3.6150629999999997,6.188301,4.7138279999999995
121200,a4/EViBmYJ566CSpWdSAeMJRInSjAT9JPxjQFPmvB9zE/uNbZIUsdhCUuPOHPe/v,2.650594,6.396783999999999,4.459662000000001
121500,a4/EViBmYJ566CSpWdSAeMJRInSjAT9JPxjQFPmvB9zE/uNbZIUsdhCUuPOHPe/v,3.510997,6.549779,4.548106
121800,a4/EViBmYJ566CSpWdSAeMJRInSjAT9JPxjQFPmvB9zE/uNbZIUsdhCUuPOHPe/v,3.641234,6.5199620000000005,4.756564
122100,a4/EViBmYJ566CSpWdSAeMJRInSjAT9JPxjQFPmvB9zE/uNbZIUsdhCUuPOHPe/v,3.26235,5.928162,4.497003
122400,a4/EViBmYJ566CSpWdSAeMJRInSjAT9JPxjQFPmvB9zE/uNbZIUsdhCUuPOHPe/v,3.630604,6.133017,4.817948
122700,a4/EViBmYJ566CSpWdSAeMJRInSjAT9JPxjQFPmvB9zE/uNbZIUsdhCUuPOHPe/v,3.2010549999999998,6.4741089999999994,4.737636
123000,a4/EViBmYJ566CSpWdSAeMJRInSjAT9JPxjQFPmvB9zE/uNbZIUsdhCUuPOHPe/v,3.3662449999999997,7.172255000000001,4.715991000000001
123300,a4/EViBmYJ566CSpWdSAeMJRInSjAT9JPxjQFPmvB9zE/uNbZIUsdhCUuPOHPe/v,3.4833279999999998,7.048414,4.682164
123600,a4/EViBmYJ566CSpWdSAeMJRInSjAT9JPxjQFPmvB9zE/uNbZIUsdhCUuPOHPe/v,3.4578309999999997,6.248939,4.68268
123900,a4/EViBmYJ566CSpWdSAeMJRInSjAT9JPxjQFPmvB9zE/uNbZIUsdhCUuPOHPe/v,3.0452220000000003,6.639025999999999,4.6239349999999995
124200,a4/EViBmYJ566CSpWdSAeMJRInSjAT9JPxjQFPmvB9zE/uNbZIUsdhCUuPOHPe/v,3.462485,6.7079,4.677344000000001
124500,a4/EViBmYJ566CSpWdSAeMJRInSjAT9JPxjQFPmvB9zE/uNbZIUsdhCUuPOHPe/v,3.4344620000000003,5.948968,4.53249
124800,a4/EViBmYJ566CSpWdSAeMJRInSjAT9JPxjQFPmvB9zE/uNbZIUsdhCUuPOHPe/v,3.3765449999999997,5.749864,4.528808000000001
125100,a4/EViBmYJ566CSpWdSAeMJRInSjAT9JPxjQFPmvB9zE/uNbZIUsdhCUuPOHPe/v,3.752764,6.567016000000001,4.700615
125400,a4/EViBmYJ566CSpWdSAeMJRInSjAT9JPxjQFPmvB9zE/uNbZIUsdhCUuPOHPe/v,3.0759790000000002,6.3822220000000005,4.484737
125700,a4/EViBmYJ566CSpWdSAeMJRInSjAT9JPxjQFPmvB9zE/uNbZIUsdhCUuPOHPe/v,3.694462,6.767053999999999,4.640697
126000,a4/EViBmYJ566CSpWdSAeMJRInSjAT9JPxjQFPmvB9zE/uNbZIUsdhCUuPOHPe/v,3.20896,6.763724000000001,4.696895
126300,a4/EViBmYJ566CSpWdSAeMJRInSjAT9JPxjQFPmvB9zE/uNbZIUsdhCUuPOHPe/v,3.6816519999999997,6.288746,4.700716000000001
126600,a4/EViBmYJ566CSpWdSAeMJRInSjAT9JPxjQFPmvB9zE/uNbZIUsdhCUuPOHPe/v,3.221682,6.679939,4.744657
126900,a4/EViBmYJ566CSpWdSAeMJRInSjAT9JPxjQFPmvB9zE/uNbZIUsdhCUuPOHPe/v,3.6102540000000003,7.065633,4.533621
127200,a4/EViBmYJ566CSpWdSAeMJRInSjAT9JPxjQFPmvB9zE/uNbZIUsdhCUuPOHPe/v,3.500756,7.222009,4.796671
127500,a4/EViBmYJ566CSpWdSAeMJRInSjAT9JPxjQFPmvB9zE/uNbZIUsdhCUuPOHPe/v,3.4688120000000002,5.543655,4.45653
127800,a4/EViBmYJ566CSpWdSAeMJRInSjAT9JPxjQFPmvB9zE/uNbZIUsdhCUuPOHPe/v,3.5182059999999997,6.406271,4.715532
128100,a4/EViBmYJ566CSpWdSAeMJRInSjAT9JPxjQFPmvB9zE/uNbZIUsdhCUuPOHPe/v,3.4476839999999997,6.839733,4.527171
128400,a4/EViBmYJ566CSpWdSAeMJRInSjAT9JPxjQFPmvB9zE/uNbZIUsdhCUuPOHPe/v,3.530654,7.218386,4.786201999999999
128700,a4/EViBmYJ566CSpWdSAeMJRInSjAT9JPxjQFPmvB9zE/uNbZIUsdhCUuPOHPe/v,3.433298,6.278808000000001,4.592931
129000,a4/EViBmYJ566CSpWdSAeMJRInSjAT9JPxjQFPmvB9zE/uNbZIUsdhCUuPOHPe/v,3.552372,6.160532,4.709249
129300,a4/EViBmYJ566CSpWdSAeMJRInSjAT9JPxjQFPmvB9zE/uNbZIUsdhCUuPOHPe/v,3.4448589999999997,6.243926,4.7030970000000005
129600,a4/EViBmYJ566CSpWdSAeMJRInSjAT9JPxjQFPmvB9zE/uNbZIUsdhCUuPOHPe/v,3.687653,6.428444,4.777251000000001
129900,a4/EViBmYJ566CSpWdSAeMJRInSjAT9JPxjQFPmvB9zE/uNbZIUsdhCUuPOHPe/v,3.517465,6.318332,4.648016
130200,a4/EViBmYJ566CSpWdSAeMJRInSjAT9JPxjQFPmvB9zE/uNbZIUsdhCUuPOHPe/v,3.7333830000000003,6.809213000000001,4.70669
130500,a4/EViBmYJ566CSpWdSAeMJRInSjAT9JPxjQFPmvB9zE/uNbZIUsdhCUuPOHPe/v,3.6728449999999997,6.658475,4.7864260000000005
130800,a4/EViBmYJ566CSpWdSAeMJRInSjAT9JPxjQFPmvB9zE/uNbZIUsdhCUuPOHPe/v,3.2946739999999997,6.223793,4.685276
131100,a4/EViBmYJ566CSpWdSAeMJRInSjAT9JPxjQFPmvB9zE/uNbZIUsdhCUuPOHPe/v,3.5097370000000003,7.221425,4.75853
131400,a4/EViBmYJ566CSpWdSAeMJRInSjAT9JPxjQFPmvB9zE/uNbZIUsdhCUuPOHPe/v,3.493911,6.528156,4.608847
131700,a4/EViBmYJ566CSpWdSAeMJRInSjAT9JPxjQFPmvB9zE/uNbZIUsdhCUuPOHPe/v,3.473376,7.137662,4.729019999999999
132000,a4/EViBmYJ566CSpWdSAeMJRInSjAT9JPxjQFPmvB9zE/uNbZIUsdhCUuPOHPe/v,3.650546,6.257665,4.659728
132300,a4/EViBmYJ566CSpWdSAeMJRInSjAT9JPxjQFPmvB9zE/uNbZIUsdhCUuPOHPe/v,3.354288,6.580817,4.582822
132600,a4/EViBmYJ566CSpWdSAeMJRInSjAT9JPxjQFPmvB9zE/uNbZIUsdhCUuPOHPe/v,3.5961589999999997,6.683692999999999,4.792372
132900,a4/EViBmYJ566CSpWdSAeMJRInSjAT9JPxjQFPmvB9zE/uNbZIUsdhCUuPOHPe/v,3.4623120000000003,6.361828,4.441689
133200,a4/EViBmYJ566CSpWdSAeMJRInSjAT9JPxjQFPmvB9zE/uNbZIUsdhCUuPOHPe/v,3.4485069999999998,6.844292,4.5973440000000005
133500,a4/EViBmYJ566CSpWdSAeMJRInSjAT9JPxjQFPmvB9zE/uNbZIUsdhCUuPOHPe/v,3.317361,6.457459,4.665585
133800,a4/EViBmYJ566CSpWdSAeMJRInSjAT9JPxjQFPmvB9zE/uNbZIUsdhCUuPOHPe/v,3.7467379999999997,6.163488,4.771822
134100,a4/EViBmYJ566CSpWdSAeMJRInSjAT9JPxjQFPmvB9zE/uNbZIUsdhCUuPOHPe/v,3.7469330000000003,6.101393,4.7201900000000006
134400,a4/EViBmYJ566CSpWdSAeMJRInSjAT9JPxjQFPmvB9zE/uNbZIUsdhCUuPOHPe/v,3.7160330000000004,6.423906,4.790198999999999
134700,a4/EViBmYJ566CSpWdSAeMJRInSjAT9JPxjQFPmvB9zE/uNbZIUsdhCUuPOHPe/v,3.4279059999999997,6.142193,4.718916
135000,a4/EViBmYJ566CSpWdSAeMJRInSjAT9JPxjQFPmvB9zE/uNbZIUsdhCUuPOHPe/v,3.148772,6.071286,4.763074
135300,a4/EViBmYJ566CSpWdSAeMJRInSjAT9JPxjQFPmvB9zE/uNbZIUsdhCUuPOHPe/v,3.803293,7.926007000000001,4.944337
135600,a4/EViBmYJ566CSpWdSAeMJRInSjAT9JPxjQFPmvB9zE/uNbZIUsdhCUuPOHPe/v,3.30062,6.274978,4.562612000000001
135900,a4/EViBmYJ566CSpWdSAeMJRInSjAT9JPxjQFPmvB9zE/uNbZIUsdhCUuPOHPe/v,3.4299589999999998,6.857514999999999,4.687893
136200,a4/EViBmYJ566CSpWdSAeMJRInSjAT9JPxjQFPmvB9zE/uNbZIUsdhCUuPOHPe/v,3.3132300000000003,6.515469,4.4462660000000005
136500,a4/EViBmYJ566CSpWdSAeMJRInSjAT9JPxjQFPmvB9zE/uNbZIUsdhCUuPOHPe/v,3.4486529999999997,6.6375720000000005,4.64666
136800,a4/EViBmYJ566CSpWdSAeMJRInSjAT9JPxjQFPmvB9zE/uNbZIUsdhCUuPOHPe/v,3.3937660000000003,7.3532720000000005,4.618938
137100,a4/EViBmYJ566CSpWdSAeMJRInSjAT9JPxjQFPmvB9zE/uNbZIUsdhCUuPOHPe/v,3.735375,7.517791000000001,4.870723
137400,a4/EViBmYJ566CSpWdSAeMJRInSjAT9JPxjQFPmvB9zE/uNbZIUsdhCUuPOHPe/v,3.369257,7.3981580000000005,4.677359
137700,a4/EViBmYJ566CSpWdSAeMJRInSjAT9JPxjQFPmvB9zE/uNbZIUsdhCUuPOHPe/v,3.353873,6.181201000000001,4.604101999999999
138000,a4/EViBmYJ566CSpWdSAeMJRInSjAT9JPxjQFPmvB9zE/uNbZIUsdhCUuPOHPe/v,3.8034230000000004,6.653874000000001,4.876459
138300,a4/EViBmYJ566CSpWdSAeMJRInSjAT9JPxjQFPmvB9zE/uNbZIUsdhCUuPOHPe/v,3.368436,5.998676000000001,4.74261
138600,a4/EViBmYJ566CSpWdSAeMJRInSjAT9JPxjQFPmvB9zE/uNbZIUsdhCUuPOHPe/v,3.9449059999999996,6.482931,4.833642
138900,a4/EViBmYJ566CSpWdSAeMJRInSjAT9JPxjQFPmvB9zE/uNbZIUsdhCUuPOHPe/v,3.089105,6.891063000000001,4.669986
139200,a4/EViBmYJ566CSpWdSAeMJRInSjAT9JPxjQFPmvB9zE/uNbZIUsdhCUuPOHPe/v,3.772657,7.424658999999999,4.794704
139500,a4/EViBmYJ566CSpWdSAeMJRInSjAT9JPxjQFPmvB9zE/uNbZIUsdhCUuPOHPe/v,3.398083,7.17738,4.789274
139800,a4/EViBmYJ566CSpWdSAeMJRInSjAT9JPxjQFPmvB9zE/uNbZIUsdhCUuPOHPe/v,3.4724779999999997,7.011413,4.817754
140100,a4/EViBmYJ566CSpWdSAeMJRInSjAT9JPxjQFPmvB9zE/uNbZIUsdhCUuPOHPe/v,3.139854,6.727987,4.6174669999999995
140400,a4/EViBmYJ566CSpWdSAeMJRInSjAT9JPxjQFPmvB9zE/uNbZIUsdhCUuPOHPe/v,2.970988,7.272607000000001,4.462708
140700,a4/EViBmYJ566CSpWdSAeMJRInSjAT9JPxjQFPmvB9zE/uNbZIUsdhCUuPOHPe/v,3.413873,7.17823,4.6948989999999995
141000,a4/EViBmYJ566CSpWdSAeMJRInSjAT9JPxjQFPmvB9zE/uNbZIUsdhCUuPOHPe/v,3.158457,7.488109,4.541943
141300,a4/EViBmYJ566CSpWdSAeMJRInSjAT9JPxjQFPmvB9zE/uNbZIUsdhCUuPOHPe/v,3.4431269999999996,7.149089999999999,4.662998
141600,a4/EViBmYJ566CSpWdSAeMJRInSjAT9JPxjQFPmvB9zE/uNbZIUsdhCUuPOHPe/v,3.432218,6.21305,4.5002629999999995
141900,a4/EViBmYJ566CSpWdSAeMJRInSjAT9JPxjQFPmvB9zE/uNbZIUsdhCUuPOHPe/v,3.6211839999999995,6.092575,4.506793
142200,a4/EViBmYJ566CSpWdSAeMJRInSjAT9JPxjQFPmvB9zE/uNbZIUsdhCUuPOHPe/v,3.812868,9.257584,5.018025
142500,a4/EViBmYJ566CSpWdSAeMJRInSjAT9JPxjQFPmvB9zE/uNbZIUsdhCUuPOHPe/v,3.7429699999999997,6.573188,4.622189
142800,a4/EViBmYJ566CSpWdSAeMJRInSjAT9JPxjQFPmvB9zE/uNbZIUsdhCUuPOHPe/v,3.291349,6.206427,4.515477
143100,a4/EViBmYJ566CSpWdSAeMJRInSjAT9JPxjQFPmvB9zE/uNbZIUsdhCUuPOHPe/v,3.7581279999999997,6.269003,4.640785
143400,a4/EViBmYJ566CSpWdSAeMJRInSjAT9JPxjQFPmvB9zE/uNbZIUsdhCUuPOHPe/v,3.6360019999999995,6.957713,4.684689
143700,a4/EViBmYJ566CSpWdSAeMJRInSjAT9JPxjQFPmvB9zE/uNbZIUsdhCUuPOHPe/v,3.5148230000000003,8.657581,5.007243
144000,a4/EViBmYJ566CSpWdSAeMJRInSjAT9JPxjQFPmvB9zE/uNbZIUsdhCUuPOHPe/v,3.811771,5.660803,4.70708
144300,a4/EViBmYJ566CSpWdSAeMJRInSjAT9JPxjQFPmvB9zE/uNbZIUsdhCUuPOHPe/v,3.5463620000000002,6.064756,4.717583
144600,a4/EViBmYJ566CSpWdSAeMJRInSjAT9JPxjQFPmvB9zE/uNbZIUsdhCUuPOHPe/v,3.473429,6.9981800000000005,4.774426
144900,a4/EViBmYJ566CSpWdSAeMJRInSjAT9JPxjQFPmvB9zE/uNbZIUsdhCUuPOHPe/v,3.4702089999999997,7.752930999999999,4.734906
145200,a4/EViBmYJ566CSpWdSAeMJRInSjAT9JPxjQFPmvB9zE/uNbZIUsdhCUuPOHPe/v,3.484239,6.820366,4.7127550000000005
145500,a4/EViBmYJ566CSpWdSAeMJRInSjAT9JPxjQFPmvB9zE/uNbZIUsdhCUuPOHPe/v,3.211817,6.531251,4.626627
145800,a4/EViBmYJ566CSpWdSAeMJRInSjAT9JPxjQFPmvB9zE/uNbZIUsdhCUuPOHPe/v,3.522729,6.763255,4.72969
146100,a4/EViBmYJ566CSpWdSAeMJRInSjAT9JPxjQFPmvB9zE/uNbZIUsdhCUuPOHPe/v,3.636306,6.7724899999999995,4.727864
146400,a4/EViBmYJ566CSpWdSAeMJRInSjAT9JPxjQFPmvB9zE/uNbZIUsdhCUuPOHPe/v,3.536056,6.318764,4.602295
146700,a4/EViBmYJ566CSpWdSAeMJRInSjAT9JPxjQFPmvB9zE/uNbZIUsdhCUuPOHPe/v,3.7429900000000003,6.619287,4.837974
147000,a4/EViBmYJ566CSpWdSAeMJRInSjAT9JPxjQFPmvB9zE/uNbZIUsdhCUuPOHPe/v,3.355499,6.333419,4.646394
147300,a4/EViBmYJ566CSpWdSAeMJRInSjAT9JPxjQFPmvB9zE/uNbZIUsdhCUuPOHPe/v,3.7372910000000004,7.203195,4.8507
147600,a4/EViBmYJ566CSpWdSAeMJRInSjAT9JPxjQFPmvB9zE/uNbZIUsdhCUuPOHPe/v,3.2946410000000004,6.635134,4.608039
147900,a4/EViBmYJ566CSpWdSAeMJRInSjAT9JPxjQFPmvB9zE/uNbZIUsdhCUuPOHPe/v,3.7466769999999996,5.928466,4.685392
148200,a4/EViBmYJ566CSpWdSAeMJRInSjAT9JPxjQFPmvB9zE/uNbZIUsdhCUuPOHPe/v,3.29144,5.991275,4.554385
148500,a4/EViBmYJ566CSpWdSAeMJRInSjAT9JPxjQFPmvB9zE/uNbZIUsdhCUuPOHPe/v,3.6932480000000005,7.035433,4.73995
148800,a4/EViBmYJ566CSpWdSAeMJRInSjAT9JPxjQFPmvB9zE/uNbZIUsdhCUuPOHPe/v,3.7630339999999998,45.535745,7.997014
149100,a4/EViBmYJ566CSpWdSAeMJRInSjAT9JPxjQFPmvB9zE/uNbZIUsdhCUuPOHPe/v,2.908862,6.4195,4.71901
149400,a4/EViBmYJ566CSpWdSAeMJRInSjAT9JPxjQFPmvB9zE/uNbZIUsdhCUuPOHPe/v,3.4700699999999998,7.0532,4.813954
149700,a4/EViBmYJ566CSpWdSAeMJRInSjAT9JPxjQFPmvB9zE/uNbZIUsdhCUuPOHPe/v,3.4658830000000003,6.563138,4.695369
150000,a4/EViBmYJ566CSpWdSAeMJRInSjAT9JPxjQFPmvB9zE/uNbZIUsdhCUuPOHPe/v,3.5042419999999996,6.698045,4.725813
150300,a4/EViBmYJ566CSpWdSAeMJRInSjAT9JPxjQFPmvB9zE/uNbZIUsdhCUuPOHPe/v,3.3769739999999997,6.699267,4.745285
150600,a4/EViBmYJ566CSpWdSAeMJRInSjAT9JPxjQFPmvB9zE/uNbZIUsdhCUuPOHPe/v,3.6731559999999996,6.582861,4.678139
150900,a4/EViBmYJ566CSpWdSAeMJRInSjAT9JPxjQFPmvB9zE/uNbZIUsdhCUuPOHPe/v,3.2779529999999997,6.245833,4.4916849999999995
151200,a4/EViBmYJ566CSpWdSAeMJRInSjAT9JPxjQFPmvB9zE/uNbZIUsdhCUuPOHPe/v,3.6432029999999997,6.823764,4.71035
151500,a4/EViBmYJ566CSpWdSAeMJRInSjAT9JPxjQFPmvB9zE/uNbZIUsdhCUuPOHPe/v,3.087065,5.778735,4.495480000000001
151800,a4/EViBmYJ566CSpWdSAeMJRInSjAT9JPxjQFPmvB9zE/uNbZIUsdhCUuPOHPe/v,3.250634,6.355097,4.577851
152100,a4/EViBmYJ566CSpWdSAeMJRInSjAT9JPxjQFPmvB9zE/uNbZIUsdhCUuPOHPe/v,3.7006010000000003,6.275714,4.747505
152400,a4/EViBmYJ566CSpWdSAeMJRInSjAT9JPxjQFPmvB9zE/uNbZIUsdhCUuPOHPe/v,3.469874,6.623692999999999,4.585155
152700,a4/EViBmYJ566CSpWdSAeMJRInSjAT9JPxjQFPmvB9zE/uNbZIUsdhCUuPOHPe/v,3.8299849999999998,8.923713000000001,5.4424339999999995
153000,a4/EViBmYJ566CSpWdSAeMJRInSjAT9JPxjQFPmvB9zE/uNbZIUsdhCUuPOHPe/v,3.581293,6.38433,4.682483
153300,a4/EViBmYJ566CSpWdSAeMJRInSjAT9JPxjQFPmvB9zE/uNbZIUsdhCUuPOHPe/v,3.65836,7.000064,4.809295
153600,a4/EViBmYJ566CSpWdSAeMJRInSjAT9JPxjQFPmvB9zE/uNbZIUsdhCUuPOHPe/v,3.475538,6.614333,4.8231470000000005
153900,a4/EViBmYJ566CSpWdSAeMJRInSjAT9JPxjQFPmvB9zE/uNbZIUsdhCUuPOHPe/v,3.485479,6.780336,4.6898919999999995
154200,a4/EViBmYJ566CSpWdSAeMJRInSjAT9JPxjQFPmvB9zE/uNbZIUsdhCUuPOHPe/v,3.6654690000000003,6.743747,4.838334
154500,a4/EViBmYJ566CSpWdSAeMJRInSjAT9JPxjQFPmvB9zE/uNbZIUsdhCUuPOHPe/v,3.7327339999999998,6.939175,4.814905
154800,a4/EViBmYJ566CSpWdSAeMJRInSjAT9JPxjQFPmvB9zE/uNbZIUsdhCUuPOHPe/v,3.608529,7.3660630000000005,4.8483160000000005
155100,a4/EViBmYJ566CSpWdSAeMJRInSjAT9JPxjQFPmvB9zE/uNbZIUsdhCUuPOHPe/v,3.702515,6.856438000000001,4.687991
155400,a4/EViBmYJ566CSpWdSAeMJRInSjAT9JPxjQFPmvB9zE/uNbZIUsdhCUuPOHPe/v,3.790447,6.344341,4.886215
155700,a4/EViBmYJ566CSpWdSAeMJRInSjAT9JPxjQFPmvB9zE/uNbZIUsdhCUuPOHPe/v,3.596939,6.297629,4.728193
156000,a4/EViBmYJ566CSpWdSAeMJRInSjAT9JPxjQFPmvB9zE/uNbZIUsdhCUuPOHPe/v,3.646632,14.305791000000001,5.594538
156300,a4/EViBmYJ566CSpWdSAeMJRInSjAT9JPxjQFPmvB9zE/uNbZIUsdhCUuPOHPe/v,3.772622,7.802036,5.571655000000001
156600,a4/EViBmYJ566CSpWdSAeMJRInSjAT9JPxjQFPmvB9zE/uNbZIUsdhCUuPOHPe/v,3.6467669999999996,6.875622999999999,4.798584
156900,a4/EViBmYJ566CSpWdSAeMJRInSjAT9JPxjQFPmvB9zE/uNbZIUsdhCUuPOHPe/v,2.914748,6.240037,4.476624
157200,a4/EViBmYJ566CSpWdSAeMJRInSjAT9JPxjQFPmvB9zE/uNbZIUsdhCUuPOHPe/v,3.718487,6.810128999999999,4.833416000000001
157500,a4/EViBmYJ566CSpWdSAeMJRInSjAT9JPxjQFPmvB9zE/uNbZIUsdhCUuPOHPe/v,3.549878,7.2663850000000005,4.736732
157800,a4/EViBmYJ566CSpWdSAeMJRInSjAT9JPxjQFPmvB9zE/uNbZIUsdhCUuPOHPe/v,3.249152,6.674567,4.706668
158100,a4/EViBmYJ566CSpWdSAeMJRInSjAT9JPxjQFPmvB9zE/uNbZIUsdhCUuPOHPe/v,3.6503620000000003,6.772769,4.79707
158400,a4/EViBmYJ566CSpWdSAeMJRInSjAT9JPxjQFPmvB9zE/uNbZIUsdhCUuPOHPe/v,3.238671,6.693575,4.723669999999999
158700,a4/EViBmYJ566CSpWdSAeMJRInSjAT9JPxjQFPmvB9zE/uNbZIUsdhCUuPOHPe/v,3.52985,7.172086,4.6729769999999995
159000,a4/EViBmYJ566CSpWdSAeMJRInSjAT9JPxjQFPmvB9zE/uNbZIUsdhCUuPOHPe/v,3.003125,6.6338479999999995,4.578182
159300,a4/EViBmYJ566CSpWdSAeMJRInSjAT9JPxjQFPmvB9zE/uNbZIUsdhCUuPOHPe/v,3.442739,6.466722,4.655976
159600,a4/EViBmYJ566CSpWdSAeMJRInSjAT9JPxjQFPmvB9zE/uNbZIUsdhCUuPOHPe/v,3.074641,6.717395,4.497043
159900,a4/EViBmYJ566CSpWdSAeMJRInSjAT9JPxjQFPmvB9zE/uNbZIUsdhCUuPOHPe/v,3.56762,6.532237,4.491095
160200,a4/EViBmYJ566CSpWdSAeMJRInSjAT9JPxjQFPmvB9zE/uNbZIUsdhCUuPOHPe/v,3.521633,6.781039999999999,4.643743
160500,a4/EViBmYJ566CSpWdSAeMJRInSjAT9JPxjQFPmvB9zE/uNbZIUsdhCUuPOHPe/v,3.4503559999999998,6.961428999999999,4.516441
160800,a4/EViBmYJ566CSpWdSAeMJRInSjAT9JPxjQFPmvB9zE/uNbZIUsdhCUuPOHPe/v,3.629634,6.404954,4.672162
161100,a4/EViBmYJ566CSpWdSAeMJRInSjAT9JPxjQFPmvB9zE/uNbZIUsdhCUuPOHPe/v,3.235578,5.955941999999999,4.445369
161400,a4/EViBmYJ566CSpWdSAeMJRInSjAT9JPxjQFPmvB9zE/uNbZIUsdhCUuPOHPe/v,3.727128,6.878717999999999,4.678927
161700,a4/EViBmYJ566CSpWdSAeMJRInSjAT9JPxjQFPmvB9zE/uNbZIUsdhCUuPOHPe/v,3.442154,6.656947,4.622078
162000,a4/EViBmYJ566CSpWdSAeMJRInSjAT9JPxjQFPmvB9zE/uNbZIUsdhCUuPOHPe/v,3.334737,7.417014999999999,4.796222
162300,a4/EViBmYJ566CSpWdSAeMJRInSjAT9JPxjQFPmvB9zE/uNbZIUsdhCUuPOHPe/v,3.2874449999999995,6.272086,4.711143
162600,a4/EViBmYJ566CSpWdSAeMJRInSjAT9JPxjQFPmvB9zE/uNbZIUsdhCUuPOHPe/v,3.414888,7.185225999999999,4.978769000000001
162900,a4/EViBmYJ566CSpWdSAeMJRInSjAT9JPxjQFPmvB9zE/uNbZIUsdhCUuPOHPe/v,3.3665010000000004,6.7496,4.648322
163200,a4/EViBmYJ566CSpWdSAeMJRInSjAT9JPxjQFPmvB9zE/uNbZIUsdhCUuPOHPe/v,3.5707419999999996,6.581386999999999,4.722576999999999
163500,a4/EViBmYJ566CSpWdSAeMJRInSjAT9JPxjQFPmvB9zE/uNbZIUsdhCUuPOHPe/v,3.590358,7.301394999999999,4.7996099999999995
163800,a4/EViBmYJ566CSpWdSAeMJRInSjAT9JPxjQFPmvB9zE/uNbZIUsdhCUuPOHPe/v,3.591874,7.029151,4.675977
164100,a4/EViBmYJ566CSpWdSAeMJRInSjAT9JPxjQFPmvB9zE/uNbZIUsdhCUuPOHPe/v,3.765371,6.7250380000000005,4.805779
164400,a4/EViBmYJ566CSpWdSAeMJRInSjAT9JPxjQFPmvB9zE/uNbZIUsdhCUuPOHPe/v,3.721807,6.612621000000001,4.667523
164700,a4/EViBmYJ566CSpWdSAeMJRInSjAT9JPxjQFPmvB9zE/uNbZIUsdhCUuPOHPe/v,3.88786,6.479392,4.761963
165000,a4/EViBmYJ566CSpWdSAeMJRInSjAT9JPxjQFPmvB9zE/uNbZIUsdhCUuPOHPe/v,3.220137,6.89085,4.507272
165300,a4/EViBmYJ566CSpWdSAeMJRInSjAT9JPxjQFPmvB9zE/uNbZIUsdhCUuPOHPe/v,3.3592230000000005,6.80076,4.67853
165600,a4/EViBmYJ566CSpWdSAeMJRInSjAT9JPxjQFPmvB9zE/uNbZIUsdhCUuPOHPe/v,3.718176,6.722106,4.763605
165900,a4/EViBmYJ566CSpWdSAeMJRInSjAT9JPxjQFPmvB9zE/uNbZIUsdhCUuPOHPe/v,3.565418,6.5151900000000005,4.745883
166200,a4/EViBmYJ566CSpWdSAeMJRInSjAT9JPxjQFPmvB9zE/uNbZIUsdhCUuPOHPe/v,3.542408,6.7327509999999995,4.772636
166500,a4/EViBmYJ566CSpWdSAeMJRInSjAT9JPxjQFPmvB9zE/uNbZIUsdhCUuPOHPe/v,3.5189730000000004,6.697961,4.759106
166800,a4/EViBmYJ566CSpWdSAeMJRInSjAT9JPxjQFPmvB9zE/uNbZIUsdhCUuPOHPe/v,3.442285,7.184274,4.827272
167100,a4/EViBmYJ566CSpWdSAeMJRInSjAT9JPxjQFPmvB9zE/uNbZIUsdhCUuPOHPe/v,3.5010660000000002,6.716253999999999,4.752923
167400,a4/EViBmYJ566CSpWdSAeMJRInSjAT9JPxjQFPmvB9zE/uNbZIUsdhCUuPOHPe/v,3.4791559999999997,6.257237,4.7070989999999995
167700,a4/EViBmYJ566CSpWdSAeMJRInSjAT9JPxjQFPmvB9zE/uNbZIUsdhCUuPOHPe/v,3.560171,6.9150529999999995,4.820964
168000,a4/EViBmYJ566CSpWdSAeMJRInSjAT9JPxjQFPmvB9zE/uNbZIUsdhCUuPOHPe/v,3.5672449999999998,6.175942,4.752172
168300,a4/EViBmYJ566CSpWdSAeMJRInSjAT9JPxjQFPmvB9zE/uNbZIUsdhCUuPOHPe/v,3.533176,6.632992999999999,4.5632459999999995
168600,a4/EViBmYJ566CSpWdSAeMJRInSjAT9JPxjQFPmvB9zE/uNbZIUsdhCUuPOHPe/v,3.55536,6.432015,4.671591
168900,a4/EViBmYJ566CSpWdSAeMJRInSjAT9JPxjQFPmvB9zE/uNbZIUsdhCUuPOHPe/v,3.7214400000000003,6.533886,4.663791000000001
169200,a4/EViBmYJ566CSpWdSAeMJRInSjAT9JPxjQFPmvB9zE/uNbZIUsdhCUuPOHPe/v,3.101604,6.8593720000000005,4.753531
169500,a4/EViBmYJ566CSpWdSAeMJRInSjAT9JPxjQFPmvB9zE/uNbZIUsdhCUuPOHPe/v,3.641453,7.1030050000000005,4.710785
169800,a4/EViBmYJ566CSpWdSAeMJRInSjAT9JPxjQFPmvB9zE/uNbZIUsdhCUuPOHPe/v,2.830308,6.620744,4.724843
170100,a4/EViBmYJ566CSpWdSAeMJRInSjAT9JPxjQFPmvB9zE/uNbZIUsdhCUuPOHPe/v,3.7753980000000005,6.491902,4.725167
170400,a4/EViBmYJ566CSpWdSAeMJRInSjAT9JPxjQFPmvB9zE/uNbZIUsdhCUuPOHPe/v,3.3326860000000003,6.860856,4.825465
170700,a4/EViBmYJ566CSpWdSAeMJRInSjAT9JPxjQFPmvB9zE/uNbZIUsdhCUuPOHPe/v,3.21936,7.164475,4.592378
171000,a4/EViBmYJ566CSpWdSAeMJRInSjAT9JPxjQFPmvB9zE/uNbZIUsdhCUuPOHPe/v,3.66779,7.391061,4.842645
171300,a4/EViBmYJ566CSpWdSAeMJRInSjAT9JPxjQFPmvB9zE/uNbZIUsdhCUuPOHPe/v,3.2934059999999996,6.05549,4.506298
171600,a4/EViBmYJ566CSpWdSAeMJRInSjAT9JPxjQFPmvB9zE/uNbZIUsdhCUuPOHPe/v,3.5225660000000003,6.826416,4.732041000000001
171900,a4/EViBmYJ566CSpWdSAeMJRInSjAT9JPxjQFPmvB9zE/uNbZIUsdhCUuPOHPe/v,3.106369,6.2168220000000005,4.404157
172200,a4/EViBmYJ566CSpWdSAeMJRInSjAT9JPxjQFPmvB9zE/uNbZIUsdhCUuPOHPe/v,3.6062309999999997,6.619418,4.815348
172500,a4/EViBmYJ566CSpWdSAeMJRInSjAT9JPxjQFPmvB9zE/uNbZIUsdhCUuPOHPe/v,3.501072,5.9698150000000005,4.483405
172800,a4/EViBmYJ566CSpWdSAeMJRInSjAT9JPxjQFPmvB9zE/uNbZIUsdhCUuPOHPe/v,3.7572870000000003,6.649437,4.859159
173100,a4/EViBmYJ566CSpWdSAeMJRInSjAT9JPxjQFPmvB9zE/uNbZIUsdhCUuPOHPe/v,3.5068629999999996,7.105828999999999,4.816942
173400,a4/EViBmYJ566CSpWdSAeMJRInSjAT9JPxjQFPmvB9zE/uNbZIUsdhCUuPOHPe/v,3.558131,7.3249509999999995,4.794903
173700,a4/EViBmYJ566CSpWdSAeMJRInSjAT9JPxjQFPmvB9zE/uNbZIUsdhCUuPOHPe/v,3.5914260000000002,6.604475,4.696896
174000,a4/EViBmYJ566CSpWdSAeMJRInSjAT9JPxjQFPmvB9zE/uNbZIUsdhCUuPOHPe/v,3.512046,6.885561,4.747771
174300,a4/EViBmYJ566CSpWdSAeMJRInSjAT9JPxjQFPmvB9zE/uNbZIUsdhCUuPOHPe/v,3.691099,7.394688,4.748251
174600,a4/EViBmYJ566CSpWdSAeMJRInSjAT9JPxjQFPmvB9zE/uNbZIUsdhCUuPOHPe/v,3.372126,7.206003,4.748673999999999
174900,a4/EViBmYJ566CSpWdSAeMJRInSjAT9JPxjQFPmvB9zE/uNbZIUsdhCUuPOHPe/v,3.7206269999999995,6.689024000000001,4.7222800000000005
175200,a4/EViBmYJ566CSpWdSAeMJRInSjAT9JPxjQFPmvB9zE/uNbZIUsdhCUuPOHPe/v,3.6368099999999997,6.61068,4.683841
175500,a4/EViBmYJ566CSpWdSAeMJRInSjAT9JPxjQFPmvB9zE/uNbZIUsdhCUuPOHPe/v,3.652685,6.416962,4.747361
175800,a4/EViBmYJ566CSpWdSAeMJRInSjAT9JPxjQFPmvB9zE/uNbZIUsdhCUuPOHPe/v,3.772792,6.799884,4.817951
176100,a4/EViBmYJ566CSpWdSAeMJRInSjAT9JPxjQFPmvB9zE/uNbZIUsdhCUuPOHPe/v,3.5744279999999997,6.904242,4.623131
176400,a4/EViBmYJ566CSpWdSAeMJRInSjAT9JPxjQFPmvB9zE/uNbZIUsdhCUuPOHPe/v,3.5600370000000003,6.5445150000000005,4.733129
176700,a4/EViBmYJ566CSpWdSAeMJRInSjAT9JPxjQFPmvB9zE/uNbZIUsdhCUuPOHPe/v,3.640207,6.171426,4.507438
177000,a4/EViBmYJ566CSpWdSAeMJRInSjAT9JPxjQFPmvB9zE/uNbZIUsdhCUuPOHPe/v,3.5836339999999995,6.710191,4.689585
177300,a4/EViBmYJ566CSpWdSAeMJRInSjAT9JPxjQFPmvB9zE/uNbZIUsdhCUuPOHPe/v,3.248373,7.085481,4.653593
177600,a4/EViBmYJ566CSpWdSAeMJRInSjAT9JPxjQFPmvB9zE/uNbZIUsdhCUuPOHPe/v,3.568233,6.711606,4.75711
177900,a4/EViBmYJ566CSpWdSAeMJRInSjAT9JPxjQFPmvB9zE/uNbZIUsdhCUuPOHPe/v,3.267705,6.727207000000001,4.6890410000000005
178200,a4/EViBmYJ566CSpWdSAeMJRInSjAT9JPxjQFPmvB9zE/uNbZIUsdhCUuPOHPe/v,3.6270029999999998,6.244622,4.652932
178500,a4/EViBmYJ566CSpWdSAeMJRInSjAT9JPxjQFPmvB9zE/uNbZIUsdhCUuPOHPe/v,3.3337449999999995,7.128676,4.70493
178800,a4/EViBmYJ566CSpWdSAeMJRInSjAT9JPxjQFPmvB9zE/uNbZIUsdhCUuPOHPe/v,3.666057,7.115499000000001,4.777254
179100,a4/EViBmYJ566CSpWdSAeMJRInSjAT9JPxjQFPmvB9zE/uNbZIUsdhCUuPOHPe/v,3.642035,6.6027320000000005,4.681415
179400,a4/EViBmYJ566CSpWdSAeMJRInSjAT9JPxjQFPmvB9zE/uNbZIUsdhCUuPOHPe/v,3.7589550000000003,7.056626,4.749825
179700,a4/EViBmYJ566CSpWdSAeMJRInSjAT9JPxjQFPmvB9zE/uNbZIUsdhCUuPOHPe/v,3.577589,6.918576,4.845208
180000,a4/EViBmYJ566CSpWdSAeMJRInSjAT9JPxjQFPmvB9zE/uNbZIUsdhCUuPOHPe/v,3.7525739999999996,7.178283,4.756393
180300,a4/EViBmYJ566CSpWdSAeMJRInSjAT9JPxjQFPmvB9zE/uNbZIUsdhCUuPOHPe/v,3.7371550000000004,6.897142999999999,4.847782
180600,a4/EViBmYJ566CSpWdSAeMJRInSjAT9JPxjQFPmvB9zE/uNbZIUsdhCUuPOHPe/v,3.545558,5.991773,4.501315
180900,a4/EViBmYJ566CSpWdSAeMJRInSjAT9JPxjQFPmvB9zE/uNbZIUsdhCUuPOHPe/v,3.558214,6.498605,4.656912
181200,a4/EViBmYJ566CSpWdSAeMJRInSjAT9JPxjQFPmvB9zE/uNbZIUsdhCUuPOHPe/v,3.631294,6.97657,4.594501
181500,a4/EViBmYJ566CSpWdSAeMJRInSjAT9JPxjQFPmvB9zE/uNbZIUsdhCUuPOHPe/v,3.715124,6.871372999999999,4.729106
181800,a4/EViBmYJ566CSpWdSAeMJRInSjAT9JPxjQFPmvB9zE/uNbZIUsdhCUuPOHPe/v,3.793439,7.389835000000001,4.926783
182100,a4/EViBmYJ566CSpWdSAeMJRInSjAT9JPxjQFPmvB9zE/uNbZIUsdhCUuPOHPe/v,3.641528,6.423026,4.844793
182400,a4/EViBmYJ566CSpWdSAeMJRInSjAT9JPxjQFPmvB9zE/uNbZIUsdhCUuPOHPe/v,3.73759,7.072019999999999,4.8508510000000005
182700,a4/EViBmYJ566CSpWdSAeMJRInSjAT9JPxjQFPmvB9zE/uNbZIUsdhCUuPOHPe/v,3.644682,7.207739,4.700532
183000,a4/EViBmYJ566CSpWdSAeMJRInSjAT9JPxjQFPmvB9zE/uNbZIUsdhCUuPOHPe/v,3.6235739999999996,6.257237,4.781045
183300,a4/EViBmYJ566CSpWdSAeMJRInSjAT9JPxjQFPmvB9zE/uNbZIUsdhCUuPOHPe/v,3.4127120000000004,6.585346,4.6106050000000005
183600,a4/EViBmYJ566CSpWdSAeMJRInSjAT9JPxjQFPmvB9zE/uNbZIUsdhCUuPOHPe/v,3.489457,6.4737,4.656006
183900,a4/EViBmYJ566CSpWdSAeMJRInSjAT9JPxjQFPmvB9zE/uNbZIUsdhCUuPOHPe/v,3.5578190000000003,6.9177029999999995,4.612166
184200,a4/EViBmYJ566CSpWdSAeMJRInSjAT9JPxjQFPmvB9zE/uNbZIUsdhCUuPOHPe/v,3.464804,6.821476,4.523416
184500,a4/EViBmYJ566CSpWdSAeMJRInSjAT9JPxjQFPmvB9zE/uNbZIUsdhCUuPOHPe/v,3.5807260000000003,6.928691000000001,4.764037
184800,a4/EViBmYJ566CSpWdSAeMJRInSjAT9JPxjQFPmvB9zE/uNbZIUsdhCUuPOHPe/v,3.297892,6.651408,4.579614
185100,a4/EViBmYJ566CSpWdSAeMJRInSjAT9JPxjQFPmvB9zE/uNbZIUsdhCUuPOHPe/v,3.4962800000000005,7.237472,4.716804
185400,a4/EViBmYJ566CSpWdSAeMJRInSjAT9JPxjQFPmvB9zE/uNbZIUsdhCUuPOHPe/v,3.486674,6.4522,4.5754660000000005
185700,a4/EViBmYJ566CSpWdSAeMJRInSjAT9JPxjQFPmvB9zE/uNbZIUsdhCUuPOHPe/v,3.69896,6.748069999999999,4.753845
186000,a4/EViBmYJ566CSpWdSAeMJRInSjAT9JPxjQFPmvB9zE/uNbZIUsdhCUuPOHPe/v,3.6096790000000003,6.376692,4.583416000000001
186300,a4/EViBmYJ566CSpWdSAeMJRInSjAT9JPxjQFPmvB9zE/uNbZIUsdhCUuPOHPe/v,3.64015,6.552386,4.632236
186600,a4/EViBmYJ566CSpWdSAeMJRInSjAT9JPxjQFPmvB9zE/uNbZIUsdhCUuPOHPe/v,3.317975,6.259801,4.514227
186900,a4/EViBmYJ566CSpWdSAeMJRInSjAT9JPxjQFPmvB9zE/uNbZIUsdhCUuPOHPe/v,3.5671760000000003,6.749383,4.658304
187200,a4/EViBmYJ566CSpWdSAeMJRInSjAT9JPxjQFPmvB9zE/uNbZIUsdhCUuPOHPe/v,3.3539480000000004,6.859002,4.465343
187500,a4/EViBmYJ566CSpWdSAeMJRInSjAT9JPxjQFPmvB9zE/uNbZIUsdhCUuPOHPe/v,3.733823,6.528719000000001,4.552364
187800,a4/EViBmYJ566CSpWdSAeMJRInSjAT9JPxjQFPmvB9zE/uNbZIUsdhCUuPOHPe/v,3.437271,6.443744000000001,4.678575
188100,a4/EViBmYJ566CSpWdSAeMJRInSjAT9JPxjQFPmvB9zE/uNbZIUsdhCUuPOHPe/v,3.520971,6.201728,4.7679849999999995
188400,a4/EViBmYJ566CSpWdSAeMJRInSjAT9JPxjQFPmvB9zE/uNbZIUsdhCUuPOHPe/v,3.541783,6.980377000000001,4.808178
188700,a4/EViBmYJ566CSpWdSAeMJRInSjAT9JPxjQFPmvB9zE/uNbZIUsdhCUuPOHPe/v,3.4572239999999996,7.544401,4.820744
189000,a4/EViBmYJ566CSpWdSAeMJRInSjAT9JPxjQFPmvB9zE/uNbZIUsdhCUuPOHPe/v,3.5525480000000003,6.9615339999999994,4.769868
189300,a4/EViBmYJ566CSpWdSAeMJRInSjAT9JPxjQFPmvB9zE/uNbZIUsdhCUuPOHPe/v,3.348293,7.661784,4.658501
189600,a4/EViBmYJ566CSpWdSAeMJRInSjAT9JPxjQFPmvB9zE/uNbZIUsdhCUuPOHPe/v,3.516115,6.740597,4.759246
189900,a4/EViBmYJ566CSpWdSAeMJRInSjAT9JPxjQFPmvB9zE/uNbZIUsdhCUuPOHPe/v,3.476839,6.290914,4.416046
190200,a4/EViBmYJ566CSpWdSAeMJRInSjAT9JPxjQFPmvB9zE/uNbZIUsdhCUuPOHPe/v,3.4107279999999998,5.611855,4.414493
190500,a4/EViBmYJ566CSpWdSAeMJRInSjAT9JPxjQFPmvB9zE/uNbZIUsdhCUuPOHPe/v,3.779465,6.403093,4.690055
190800,a4/EViBmYJ566CSpWdSAeMJRInSjAT9JPxjQFPmvB9zE/uNbZIUsdhCUuPOHPe/v,3.7905830000000003,7.121069,4.816057
191100,a4/EViBmYJ566CSpWdSAeMJRInSjAT9JPxjQFPmvB9zE/uNbZIUsdhCUuPOHPe/v,3.753079,6.733905,4.717768
191400,a4/EViBmYJ566CSpWdSAeMJRInSjAT9JPxjQFPmvB9zE/uNbZIUsdhCUuPOHPe/v,3.76203,6.455019999999999,4.8266480000000005
191700,a4/EViBmYJ566CSpWdSAeMJRInSjAT9JPxjQFPmvB9zE/uNbZIUsdhCUuPOHPe/v,3.6829989999999997,6.531375,4.707382
192000,a4/EViBmYJ566CSpWdSAeMJRInSjAT9JPxjQFPmvB9zE/uNbZIUsdhCUuPOHPe/v,3.2246650000000003,5.96506,4.535018
192300,a4/EViBmYJ566CSpWdSAeMJRInSjAT9JPxjQFPmvB9zE/uNbZIUsdhCUuPOHPe/v,3.5029730000000003,7.149959,4.773576
192600,a4/EViBmYJ566CSpWdSAeMJRInSjAT9JPxjQFPmvB9zE/uNbZIUsdhCUuPOHPe/v,3.214509,6.528439,4.729152
192900,a4/EViBmYJ566CSpWdSAeMJRInSjAT9JPxjQFPmvB9zE/uNbZIUsdhCUuPOHPe/v,3.278554,7.322999,4.72958
193200,a4/EViBmYJ566CSpWdSAeMJRInSjAT9JPxjQFPmvB9zE/uNbZIUsdhCUuPOHPe/v,3.318544,6.944103999999999,4.755969
193500,a4/EViBmYJ566CSpWdSAeMJRInSjAT9JPxjQFPmvB9zE/uNbZIUsdhCUuPOHPe/v,3.7352839999999996,7.0777529999999995,4.838568
193800,a4/EViBmYJ566CSpWdSAeMJRInSjAT9JPxjQFPmvB9zE/uNbZIUsdhCUuPOHPe/v,3.555075,6.937413,4.836998
194100,a4/EViBmYJ566CSpWdSAeMJRInSjAT9JPxjQFPmvB9zE/uNbZIUsdhCUuPOHPe/v,3.584308,7.061501,4.789703
194400,a4/EViBmYJ566CSpWdSAeMJRInSjAT9JPxjQFPmvB9zE/uNbZIUsdhCUuPOHPe/v,3.60817,6.4925559999999995,4.593192
194700,a4/EViBmYJ566CSpWdSAeMJRInSjAT9JPxjQFPmvB9zE/uNbZIUsdhCUuPOHPe/v,3.4302660000000005,6.412564,4.473914
195000,a4/EViBmYJ566CSpWdSAeMJRInSjAT9JPxjQFPmvB9zE/uNbZIUsdhCUuPOHPe/v,3.6853870000000004,6.557011999999999,4.8102279999999995
195300,a4/EViBmYJ566CSpWdSAeMJRInSjAT9JPxjQFPmvB9zE/uNbZIUsdhCUuPOHPe/v,3.853557,10.139277,4.944684
195600,a4/EViBmYJ566CSpWdSAeMJRInSjAT9JPxjQFPmvB9zE/uNbZIUsdhCUuPOHPe/v,3.6645879999999997,6.440328,4.69484
195900,a4/EViBmYJ566CSpWdSAeMJRInSjAT9JPxjQFPmvB9zE/uNbZIUsdhCUuPOHPe/v,3.580093,8.182404,5.176608
196200,a4/EViBmYJ566CSpWdSAeMJRInSjAT9JPxjQFPmvB9zE/uNbZIUsdhCUuPOHPe/v,3.685258,6.265406,4.659554
196500,a4/EViBmYJ566CSpWdSAeMJRInSjAT9JPxjQFPmvB9zE/uNbZIUsdhCUuPOHPe/v,3.295197,6.279186,4.491594999999999
196800,a4/EViBmYJ566CSpWdSAeMJRInSjAT9JPxjQFPmvB9zE/uNbZIUsdhCUuPOHPe/v,3.5112330000000003,6.437485,4.700965
197100,a4/EViBmYJ566CSpWdSAeMJRInSjAT9JPxjQFPmvB9zE/uNbZIUsdhCUuPOHPe/v,3.4864059999999997,6.678004,4.609154
197400,a4/EViBmYJ566CSpWdSAeMJRInSjAT9JPxjQFPmvB9zE/uNbZIUsdhCUuPOHPe/v,3.329339,6.473651,4.693137999999999
197700,a4/EViBmYJ566CSpWdSAeMJRInSjAT9JPxjQFPmvB9zE/uNbZIUsdhCUuPOHPe/v,3.527195,6.912841,4.624035
198000,a4/EViBmYJ566CSpWdSAeMJRInSjAT9JPxjQFPmvB9zE/uNbZIUsdhCUuPOHPe/v,3.4610410000000003,6.639330999999999,4.634893
198300,a4/EViBmYJ566CSpWdSAeMJRInSjAT9JPxjQFPmvB9zE/uNbZIUsdhCUuPOHPe/v,3.452589,7.2050279999999995,4.668628
198600,a4/EViBmYJ566CSpWdSAeMJRInSjAT9JPxjQFPmvB9zE/uNbZIUsdhCUuPOHPe/v,3.3752690000000003,6.736271,4.665344
198900,a4/EViBmYJ566CSpWdSAeMJRInSjAT9JPxjQFPmvB9zE/uNbZIUsdhCUuPOHPe/v,3.4429309999999997,6.919564,4.4946
199200,a4/EViBmYJ566CSpWdSAeMJRInSjAT9JPxjQFPmvB9zE/uNbZIUsdhCUuPOHPe/v,3.6446669999999997,6.638535000000001,4.715254
199500,a4/EViBmYJ566CSpWdSAeMJRInSjAT9JPxjQFPmvB9zE/uNbZIUsdhCUuPOHPe/v,3.6977900000000004,6.708058,4.773847
199800,a4/EViBmYJ566CSpWdSAeMJRInSjAT9JPxjQFPmvB9zE/uNbZIUsdhCUuPOHPe/v,3.8081059999999995,7.012177,4.727601
200100,a4/EViBmYJ566CSpWdSAeMJRInSjAT9JPxjQFPmvB9zE/uNbZIUsdhCUuPOHPe/v,3.517407,7.468603,4.543128
200400,a4/EViBmYJ566CSpWdSAeMJRInSjAT9JPxjQFPmvB9zE/uNbZIUsdhCUuPOHPe/v,3.577381,6.6505160000000005,4.61756
200700,a4/EViBmYJ566CSpWdSAeMJRInSjAT9JPxjQFPmvB9zE/uNbZIUsdhCUuPOHPe/v,3.204951,6.886178,4.427941000000001
201000,a4/EViBmYJ566CSpWdSAeMJRInSjAT9JPxjQFPmvB9zE/uNbZIUsdhCUuPOHPe/v,3.609108,6.491741,4.690616
201300,a4/EViBmYJ566CSpWdSAeMJRInSjAT9JPxjQFPmvB9zE/uNbZIUsdhCUuPOHPe/v,3.785652,39.387836,6.774748
201600,a4/EViBmYJ566CSpWdSAeMJRInSjAT9JPxjQFPmvB9zE/uNbZIUsdhCUuPOHPe/v,3.78013,7.159677,4.85726
201900,a4/EViBmYJ566CSpWdSAeMJRInSjAT9JPxjQFPmvB9zE/uNbZIUsdhCUuPOHPe/v,3.3657769999999996,6.2864949999999995,4.653434
202200,a4/EViBmYJ566CSpWdSAeMJRInSjAT9JPxjQFPmvB9zE/uNbZIUsdhCUuPOHPe/v,3.40564,6.736257000000001,4.696492
202500,a4/EViBmYJ566CSpWdSAeMJRInSjAT9JPxjQFPmvB9zE/uNbZIUsdhCUuPOHPe/v,3.5245379999999997,6.751024,4.666651
202800,a4/EViBmYJ566CSpWdSAeMJRInSjAT9JPxjQFPmvB9zE/uNbZIUsdhCUuPOHPe/v,3.311804,6.965354,4.698942
203100,a4/EViBmYJ566CSpWdSAeMJRInSjAT9JPxjQFPmvB9zE/uNbZIUsdhCUuPOHPe/v,3.459029,6.807067,4.577794
203400,a4/EViBmYJ566CSpWdSAeMJRInSjAT9JPxjQFPmvB9zE/uNbZIUsdhCUuPOHPe/v,3.262812,6.550576,4.379752
203700,a4/EViBmYJ566CSpWdSAeMJRInSjAT9JPxjQFPmvB9zE/uNbZIUsdhCUuPOHPe/v,3.5855089999999996,6.801089999999999,4.643314
204000,a4/EViBmYJ566CSpWdSAeMJRInSjAT9JPxjQFPmvB9zE/uNbZIUsdhCUuPOHPe/v,3.349829,6.399624,4.685706
204300,a4/EViBmYJ566CSpWdSAeMJRInSjAT9JPxjQFPmvB9zE/uNbZIUsdhCUuPOHPe/v,3.5213940000000004,6.6132100000000005,4.70062
204600,a4/EViBmYJ566CSpWdSAeMJRInSjAT9JPxjQFPmvB9zE/uNbZIUsdhCUuPOHPe/v,3.3472089999999994,7.380114999999999,4.710839
204900,a4/EViBmYJ566CSpWdSAeMJRInSjAT9JPxjQFPmvB9zE/uNbZIUsdhCUuPOHPe/v,3.612823,6.420042,4.641209
205200,a4/EViBmYJ566CSpWdSAeMJRInSjAT9JPxjQFPmvB9zE/uNbZIUsdhCUuPOHPe/v,3.071137,7.591596000000001,5.058381
205500,a4/EViBmYJ566CSpWdSAeMJRInSjAT9JPxjQFPmvB9zE/uNbZIUsdhCUuPOHPe/v,3.4711339999999997,6.5712850000000005,4.543232
205800,a4/EViBmYJ566CSpWdSAeMJRInSjAT9JPxjQFPmvB9zE/uNbZIUsdhCUuPOHPe/v,3.543429,7.310242999999999,4.687898000000001
206100,a4/EViBmYJ566CSpWdSAeMJRInSjAT9JPxjQFPmvB9zE/uNbZIUsdhCUuPOHPe/v,3.547861,7.302212,4.584205
206400,a4/EViBmYJ566CSpWdSAeMJRInSjAT9JPxjQFPmvB9zE/uNbZIUsdhCUuPOHPe/v,3.584219,6.7704960000000005,4.7066669999999995
206700,a4/EViBmYJ566CSpWdSAeMJRInSjAT9JPxjQFPmvB9zE/uNbZIUsdhCUuPOHPe/v,3.439946,6.424105,4.493701000000001
207000,a4/EViBmYJ566CSpWdSAeMJRInSjAT9JPxjQFPmvB9zE/uNbZIUsdhCUuPOHPe/v,3.411092,6.549091000000001,4.602869999999999
207300,a4/EViBmYJ566CSpWdSAeMJRInSjAT9JPxjQFPmvB9zE/uNbZIUsdhCUuPOHPe/v,3.304707,6.194821,4.4387620000000005
207600,a4/EViBmYJ566CSpWdSAeMJRInSjAT9JPxjQFPmvB9zE/uNbZIUsdhCUuPOHPe/v,3.476078,5.9457629999999995,4.616625
207900,a4/EViBmYJ566CSpWdSAeMJRInSjAT9JPxjQFPmvB9zE/uNbZIUsdhCUuPOHPe/v,3.459522,6.31499,4.362149
208200,a4/EViBmYJ566CSpWdSAeMJRInSjAT9JPxjQFPmvB9zE/uNbZIUsdhCUuPOHPe/v,3.2794309999999998,6.525291999999999,4.642525
208500,a4/EViBmYJ566CSpWdSAeMJRInSjAT9JPxjQFPmvB9zE/uNbZIUsdhCUuPOHPe/v,3.5319160000000003,6.797192999999999,4.6208089999999995
208800,a4/EViBmYJ566CSpWdSAeMJRInSjAT9JPxjQFPmvB9zE/uNbZIUsdhCUuPOHPe/v,3.1176619999999997,7.347411999999999,4.612612
209100,a4/EViBmYJ566CSpWdSAeMJRInSjAT9JPxjQFPmvB9zE/uNbZIUsdhCUuPOHPe/v,3.5958699999999997,6.701536,4.7405550000000005
209400,a4/EViBmYJ566CSpWdSAeMJRInSjAT9JPxjQFPmvB9zE/uNbZIUsdhCUuPOHPe/v,3.2168200000000002,6.259565,4.57397
209700,a4/EViBmYJ566CSpWdSAeMJRInSjAT9JPxjQFPmvB9zE/uNbZIUsdhCUuPOHPe/v,3.714453,6.331449,4.58876
210000,a4/EViBmYJ566CSpWdSAeMJRInSjAT9JPxjQFPmvB9zE/uNbZIUsdhCUuPOHPe/v,3.3863800000000004,6.6837100000000005,4.589016
210300,a4/EViBmYJ566CSpWdSAeMJRInSjAT9JPxjQFPmvB9zE/uNbZIUsdhCUuPOHPe/v,3.618151,7.171351,4.777712
210600,a4/EViBmYJ566CSpWdSAeMJRInSjAT9JPxjQFPmvB9zE/uNbZIUsdhCUuPOHPe/v,3.622093,6.780494,4.6539779999999995
210900,a4/EViBmYJ566CSpWdSAeMJRInSjAT9JPxjQFPmvB9zE/uNbZIUsdhCUuPOHPe/v,3.3303010000000004,6.309254,4.588017
211200,a4/EViBmYJ566CSpWdSAeMJRInSjAT9JPxjQFPmvB9zE/uNbZIUsdhCUuPOHPe/v,3.7241809999999997,7.008322,4.7036489999999995
211500,a4/EViBmYJ566CSpWdSAeMJRInSjAT9JPxjQFPmvB9zE/uNbZIUsdhCUuPOHPe/v,3.649843,6.414352,4.6466650000000005
211800,a4/EViBmYJ566CSpWdSAeMJRInSjAT9JPxjQFPmvB9zE/uNbZIUsdhCUuPOHPe/v,3.537607,6.938744,4.677326
212100,a4/EViBmYJ566CSpWdSAeMJRInSjAT9JPxjQFPmvB9zE/uNbZIUsdhCUuPOHPe/v,3.566961,6.615802,4.527506
212400,a4/EViBmYJ566CSpWdSAeMJRInSjAT9JPxjQFPmvB9zE/uNbZIUsdhCUuPOHPe/v,3.7421849999999997,6.865442,4.710865
212700,a4/EViBmYJ566CSpWdSAeMJRInSjAT9JPxjQFPmvB9zE/uNbZIUsdhCUuPOHPe/v,3.4692190000000003,6.9311300000000005,4.709498
213000,a4/EViBmYJ566CSpWdSAeMJRInSjAT9JPxjQFPmvB9zE/uNbZIUsdhCUuPOHPe/v,3.725708,6.477434,4.835184
213300,a4/EViBmYJ566CSpWdSAeMJRInSjAT9JPxjQFPmvB9zE/uNbZIUsdhCUuPOHPe/v,3.508665,7.082286,4.74078
213600,a4/EViBmYJ566CSpWdSAeMJRInSjAT9JPxjQFPmvB9zE/uNbZIUsdhCUuPOHPe/v,3.758575,7.129455,4.816228
213900,a4/EViBmYJ566CSpWdSAeMJRInSjAT9JPxjQFPmvB9zE/uNbZIUsdhCUuPOHPe/v,3.719707,6.870753,4.672451000000001
214200,a4/EViBmYJ566CSpWdSAeMJRInSjAT9JPxjQFPmvB9zE/uNbZIUsdhCUuPOHPe/v,3.6553089999999995,6.674475999999999,4.738583
214500,a4/EViBmYJ566CSpWdSAeMJRInSjAT9JPxjQFPmvB9zE/uNbZIUsdhCUuPOHPe/v,3.577692,7.3576690000000005,4.753521
214800,a4/EViBmYJ566CSpWdSAeMJRInSjAT9JPxjQFPmvB9zE/uNbZIUsdhCUuPOHPe/v,3.541283,6.927192,4.5488800000000005
215100,a4/EViBmYJ566CSpWdSAeMJRInSjAT9JPxjQFPmvB9zE/uNbZIUsdhCUuPOHPe/v,3.501443,6.345055,4.803563
215400,a4/EViBmYJ566CSpWdSAeMJRInSjAT9JPxjQFPmvB9zE/uNbZIUsdhCUuPOHPe/v,3.586666,6.312037,4.538318
215700,a4/EViBmYJ566CSpWdSAeMJRInSjAT9JPxjQFPmvB9zE/uNbZIUsdhCUuPOHPe/v,3.56154,6.85645,4.769839
216000,a4/EViBmYJ566CSpWdSAeMJRInSjAT9JPxjQFPmvB9zE/uNbZIUsdhCUuPOHPe/v,3.3193089999999996,6.526979,4.527492
216300,a4/EViBmYJ566CSpWdSAeMJRInSjAT9JPxjQFPmvB9zE/uNbZIUsdhCUuPOHPe/v,3.416011,6.642983999999999,4.439886
216600,a4/EViBmYJ566CSpWdSAeMJRInSjAT9JPxjQFPmvB9zE/uNbZIUsdhCUuPOHPe/v,3.652831,6.2043349999999995,4.599671
216900,a4/EViBmYJ566CSpWdSAeMJRInSjAT9JPxjQFPmvB9zE/uNbZIUsdhCUuPOHPe/v,3.390771,6.330266,4.626563
217200,a4/EViBmYJ566CSpWdSAeMJRInSjAT9JPxjQFPmvB9zE/uNbZIUsdhCUuPOHPe/v,3.713624,6.074481,4.726918
217500,a4/EViBmYJ566CSpWdSAeMJRInSjAT9JPxjQFPmvB9zE/uNbZIUsdhCUuPOHPe/v,3.420612,6.343177,4.59317
217800,a4/EViBmYJ566CSpWdSAeMJRInSjAT9JPxjQFPmvB9zE/uNbZIUsdhCUuPOHPe/v,3.744422,6.090916,4.687769
218100,a4/EViBmYJ566CSpWdSAeMJRInSjAT9JPxjQFPmvB9zE/uNbZIUsdhCUuPOHPe/v,3.5859690000000004,5.789297,4.622314
218400,a4/EViBmYJ566CSpWdSAeMJRInSjAT9JPxjQFPmvB9zE/uNbZIUsdhCUuPOHPe/v,3.707175,6.578098,4.687685
218700,a4/EViBmYJ566CSpWdSAeMJRInSjAT9JPxjQFPmvB9zE/uNbZIUsdhCUuPOHPe/v,3.583736,6.724861,4.667355000000001
219000,a4/EViBmYJ566CSpWdSAeMJRInSjAT9JPxjQFPmvB9zE/uNbZIUsdhCUuPOHPe/v,3.268679,6.382016999999999,4.518331
219300,a4/EViBmYJ566CSpWdSAeMJRInSjAT9JPxjQFPmvB9zE/uNbZIUsdhCUuPOHPe/v,3.488809,6.4485790000000005,4.634939
219600,a4/EViBmYJ566CSpWdSAeMJRInSjAT9JPxjQFPmvB9zE/uNbZIUsdhCUuPOHPe/v,3.325533,6.682685,4.51696
219900,a4/EViBmYJ566CSpWdSAeMJRInSjAT9JPxjQFPmvB9zE/uNbZIUsdhCUuPOHPe/v,3.7066739999999996,7.259714,4.843266000000001
220200,a4/EViBmYJ566CSpWdSAeMJRInSjAT9JPxjQFPmvB9zE/uNbZIUsdhCUuPOHPe/v,3.26057,6.818867,4.498273
220500,a4/EViBmYJ566CSpWdSAeMJRInSjAT9JPxjQFPmvB9zE/uNbZIUsdhCUuPOHPe/v,3.525606,7.141121000000001,4.726349
220800,a4/EViBmYJ566CSpWdSAeMJRInSjAT9JPxjQFPmvB9zE/uNbZIUsdhCUuPOHPe/v,3.338229,6.202289,4.428151000000001
221100,a4/EViBmYJ566CSpWdSAeMJRInSjAT9JPxjQFPmvB9zE/uNbZIUsdhCUuPOHPe/v,3.303175,6.564375,4.5407720000000005
221400,a4/EViBmYJ566CSpWdSAeMJRInSjAT9JPxjQFPmvB9zE/uNbZIUsdhCUuPOHPe/v,3.251184,6.602688000000001,4.535071
221700,a4/EViBmYJ566CSpWdSAeMJRInSjAT9JPxjQFPmvB9zE/uNbZIUsdhCUuPOHPe/v,3.4089669999999996,7.359482000000001,4.716386
222000,a4/EViBmYJ566CSpWdSAeMJRInSjAT9JPxjQFPmvB9zE/uNbZIUsdhCUuPOHPe/v,3.6577290000000002,7.393853,4.745158
222300,a4/EViBmYJ566CSpWdSAeMJRInSjAT9JPxjQFPmvB9zE/uNbZIUsdhCUuPOHPe/v,3.7159800000000005,6.620044999999999,4.727885
222600,a4/EViBmYJ566CSpWdSAeMJRInSjAT9JPxjQFPmvB9zE/uNbZIUsdhCUuPOHPe/v,3.776265,6.892597,4.753623999999999
222900,a4/EViBmYJ566CSpWdSAeMJRInSjAT9JPxjQFPmvB9zE/uNbZIUsdhCUuPOHPe/v,3.725081,7.051778,4.595894
223200,a4/EViBmYJ566CSpWdSAeMJRInSjAT9JPxjQFPmvB9zE/uNbZIUsdhCUuPOHPe/v,3.6653540000000002,6.974553,4.800476000000001
223500,a4/EViBmYJ566CSpWdSAeMJRInSjAT9JPxjQFPmvB9zE/uNbZIUsdhCUuPOHPe/v,3.5184290000000003,6.066006,4.565371
223800,a4/EViBmYJ566CSpWdSAeMJRInSjAT9JPxjQFPmvB9zE/uNbZIUsdhCUuPOHPe/v,3.4746639999999998,6.477889,4.663901999999999
224100,a4/EViBmYJ566CSpWdSAeMJRInSjAT9JPxjQFPmvB9zE/uNbZIUsdhCUuPOHPe/v,3.014726,6.783436999999999,4.690313
224400,a4/EViBmYJ566CSpWdSAeMJRInSjAT9JPxjQFPmvB9zE/uNbZIUsdhCUuPOHPe/v,3.5738769999999995,7.308775,4.688854
224700,a4/EViBmYJ566CSpWdSAeMJRInSjAT9JPxjQFPmvB9zE/uNbZIUsdhCUuPOHPe/v,3.3371779999999998,6.974402,4.710445
225000,a4/EViBmYJ566CSpWdSAeMJRInSjAT9JPxjQFPmvB9zE/uNbZIUsdhCUuPOHPe/v,3.238208,7.33436,4.760967
225300,a4/EViBmYJ566CSpWdSAeMJRInSjAT9JPxjQFPmvB9zE/uNbZIUsdhCUuPOHPe/v,3.516748,6.791299,4.6397129999999995
225600,a4/EViBmYJ566CSpWdSAeMJRInSjAT9JPxjQFPmvB9zE/uNbZIUsdhCUuPOHPe/v,3.724668,7.8631899999999995,4.8131639999999996
225900,a4/EViBmYJ566CSpWdSAeMJRInSjAT9JPxjQFPmvB9zE/uNbZIUsdhCUuPOHPe/v,3.6746199999999996,6.358276999999999,4.740378
226200,a4/EViBmYJ566CSpWdSAeMJRInSjAT9JPxjQFPmvB9zE/uNbZIUsdhCUuPOHPe/v,3.626126,6.693933,4.7277
226500,a4/EViBmYJ566CSpWdSAeMJRInSjAT9JPxjQFPmvB9zE/uNbZIUsdhCUuPOHPe/v,3.6483800000000004,6.791786999999999,4.707724
226800,a4/EViBmYJ566CSpWdSAeMJRInSjAT9JPxjQFPmvB9zE/uNbZIUsdhCUuPOHPe/v,3.650089,6.443301,4.571899
227100,a4/EViBmYJ566CSpWdSAeMJRInSjAT9JPxjQFPmvB9zE/uNbZIUsdhCUuPOHPe/v,3.565764,5.651638,4.63513
227400,a4/EViBmYJ566CSpWdSAeMJRInSjAT9JPxjQFPmvB9zE/uNbZIUsdhCUuPOHPe/v,3.649172,6.427137999999999,4.550922
227700,a4/EViBmYJ566CSpWdSAeMJRInSjAT9JPxjQFPmvB9zE/uNbZIUsdhCUuPOHPe/v,3.4889769999999998,6.438914,4.598852
228000,a4/EViBmYJ566CSpWdSAeMJRInSjAT9JPxjQFPmvB9zE/uNbZIUsdhCUuPOHPe/v,3.5947760000000004,6.403045,4.683508
228300,a4/EViBmYJ566CSpWdSAeMJRInSjAT9JPxjQFPmvB9zE/uNbZIUsdhCUuPOHPe/v,3.234052,6.752827000000001,4.602633999999999
228600,a4/EViBmYJ566CSpWdSAeMJRInSjAT9JPxjQFPmvB9zE/uNbZIUsdhCUuPOHPe/v,3.558958,6.550694999999999,4.756688
228900,a4/EViBmYJ566CSpWdSAeMJRInSjAT9JPxjQFPmvB9zE/uNbZIUsdhCUuPOHPe/v,3.335171,6.9787289999999995,4.732506
229200,a4/EViBmYJ566CSpWdSAeMJRInSjAT9JPxjQFPmvB9zE/uNbZIUsdhCUuPOHPe/v,3.651677,6.498267,4.867408
229500,a4/EViBmYJ566CSpWdSAeMJRInSjAT9JPxjQFPmvB9zE/uNbZIUsdhCUuPOHPe/v,3.534094,7.477283,4.700198
229800,a4/EViBmYJ566CSpWdSAeMJRInSjAT9JPxjQFPmvB9zE/uNbZIUsdhCUuPOHPe/v,3.6443550000000005,6.6570149999999995,4.608137
230100,a4/EViBmYJ566CSpWdSAeMJRInSjAT9JPxjQFPmvB9zE/uNbZIUsdhCUuPOHPe/v,3.160618,6.1895169999999995,4.4096910000000005
230400,a4/EViBmYJ566CSpWdSAeMJRInSjAT9JPxjQFPmvB9zE/uNbZIUsdhCUuPOHPe/v,3.546347,7.086246000000001,4.486097
230700,a4/EViBmYJ566CSpWdSAeMJRInSjAT9JPxjQFPmvB9zE/uNbZIUsdhCUuPOHPe/v,3.564378,6.6076880000000005,4.603646
231000,a4/EViBmYJ566CSpWdSAeMJRInSjAT9JPxjQFPmvB9zE/uNbZIUsdhCUuPOHPe/v,3.695384,6.530841000000001,4.614597
231300,a4/EViBmYJ566CSpWdSAeMJRInSjAT9JPxjQFPmvB9zE/uNbZIUsdhCUuPOHPe/v,3.712293,6.835222999999999,4.79246
231600,a4/EViBmYJ566CSpWdSAeMJRInSjAT9JPxjQFPmvB9zE/uNbZIUsdhCUuPOHPe/v,3.439289,6.599427,4.607221
231900,a4/EViBmYJ566CSpWdSAeMJRInSjAT9JPxjQFPmvB9zE/uNbZIUsdhCUuPOHPe/v,3.66026,6.3257010000000005,4.775169
232200,a4/EViBmYJ566CSpWdSAeMJRInSjAT9JPxjQFPmvB9zE/uNbZIUsdhCUuPOHPe/v,3.6367309999999997,42.842366,6.882639
232500,a4/EViBmYJ566CSpWdSAeMJRInSjAT9JPxjQFPmvB9zE/uNbZIUsdhCUuPOHPe/v,3.5799,6.616536999999999,4.723441
232800,a4/EViBmYJ566CSpWdSAeMJRInSjAT9JPxjQFPmvB9zE/uNbZIUsdhCUuPOHPe/v,3.365853,7.220885000000001,4.717531
233100,a4/EViBmYJ566CSpWdSAeMJRInSjAT9JPxjQFPmvB9zE/uNbZIUsdhCUuPOHPe/v,3.0304439999999997,6.732928,4.641636
233400,a4/EViBmYJ566CSpWdSAeMJRInSjAT9JPxjQFPmvB9zE/uNbZIUsdhCUuPOHPe/v,3.606519,6.786582000000001,4.766797
233700,a4/EViBmYJ566CSpWdSAeMJRInSjAT9JPxjQFPmvB9zE/uNbZIUsdhCUuPOHPe/v,3.526628,6.288467,4.689538
234000,a4/EViBmYJ566CSpWdSAeMJRInSjAT9JPxjQFPmvB9zE/uNbZIUsdhCUuPOHPe/v,3.6740169999999996,6.543067,4.892271
234300,a4/EViBmYJ566CSpWdSAeMJRInSjAT9JPxjQFPmvB9zE/uNbZIUsdhCUuPOHPe/v,3.665774,5.79055,4.366231
234600,a4/EViBmYJ566CSpWdSAeMJRInSjAT9JPxjQFPmvB9zE/uNbZIUsdhCUuPOHPe/v,3.7401660000000003,6.807246000000001,4.863954
234900,a4/EViBmYJ566CSpWdSAeMJRInSjAT9JPxjQFPmvB9zE/uNbZIUsdhCUuPOHPe/v,3.575229,6.415268,4.529126
235200,a4/EViBmYJ566CSpWdSAeMJRInSjAT9JPxjQFPmvB9zE/uNbZIUsdhCUuPOHPe/v,3.4207050000000003,6.5555509999999995,4.720791
235500,a4/EViBmYJ566CSpWdSAeMJRInSjAT9JPxjQFPmvB9zE/uNbZIUsdhCUuPOHPe/v,3.58869,6.87063,4.533815
235800,a4/EViBmYJ566CSpWdSAeMJRInSjAT9JPxjQFPmvB9zE/uNbZIUsdhCUuPOHPe/v,3.35964,6.850069,4.619783
236100,a4/EViBmYJ566CSpWdSAeMJRInSjAT9JPxjQFPmvB9zE/uNbZIUsdhCUuPOHPe/v,3.7381919999999997,6.635436,4.6788099999999995
236400,a4/EViBmYJ566CSpWdSAeMJRInSjAT9JPxjQFPmvB9zE/uNbZIUsdhCUuPOHPe/v,3.716269,12.37827,5.203689
236700,a4/EViBmYJ566CSpWdSAeMJRInSjAT9JPxjQFPmvB9zE/uNbZIUsdhCUuPOHPe/v,3.5901059999999996,6.40522,4.671622
237000,a4/EViBmYJ566CSpWdSAeMJRInSjAT9JPxjQFPmvB9zE/uNbZIUsdhCUuPOHPe/v,3.3425050000000005,6.087397,4.584373
237300,a4/EViBmYJ566CSpWdSAeMJRInSjAT9JPxjQFPmvB9zE/uNbZIUsdhCUuPOHPe/v,3.6236550000000003,6.531422,4.678012
237600,a4/EViBmYJ566CSpWdSAeMJRInSjAT9JPxjQFPmvB9zE/uNbZIUsdhCUuPOHPe/v,3.311293,6.475943,4.633362
237900,a4/EViBmYJ566CSpWdSAeMJRInSjAT9JPxjQFPmvB9zE/uNbZIUsdhCUuPOHPe/v,3.6036230000000002,6.600749,4.646662999999999
238200,a4/EViBmYJ566CSpWdSAeMJRInSjAT9JPxjQFPmvB9zE/uNbZIUsdhCUuPOHPe/v,3.591763,6.730964,4.720962
238500,a4/EViBmYJ566CSpWdSAeMJRInSjAT9JPxjQFPmvB9zE/uNbZIUsdhCUuPOHPe/v,3.326782,5.607475,4.394198
238800,a4/EViBmYJ566CSpWdSAeMJRInSjAT9JPxjQFPmvB9zE/uNbZIUsdhCUuPOHPe/v,3.182144,6.887724,4.496632
239100,a4/EViBmYJ566CSpWdSAeMJRInSjAT9JPxjQFPmvB9zE/uNbZIUsdhCUuPOHPe/v,3.57495,10.364208,5.74055
239400,a4/EViBmYJ566CSpWdSAeMJRInSjAT9JPxjQFPmvB9zE/uNbZIUsdhCUuPOHPe/v,3.665227,6.722384,4.769435
239700,a4/EViBmYJ566CSpWdSAeMJRInSjAT9JPxjQFPmvB9zE/uNbZIUsdhCUuPOHPe/v,3.148491,6.814025,4.589383
240000,a4/EViBmYJ566CSpWdSAeMJRInSjAT9JPxjQFPmvB9zE/uNbZIUsdhCUuPOHPe/v,3.5725580000000003,5.7936440000000005,4.61606
240300,a4/EViBmYJ566CSpWdSAeMJRInSjAT9JPxjQFPmvB9zE/uNbZIUsdhCUuPOHPe/v,3.40297,6.706791,4.546268
240600,a4/EViBmYJ566CSpWdSAeMJRInSjAT9JPxjQFPmvB9zE/uNbZIUsdhCUuPOHPe/v,3.595971,6.921289999999999,4.611701
240900,a4/EViBmYJ566CSpWdSAeMJRInSjAT9JPxjQFPmvB9zE/uNbZIUsdhCUuPOHPe/v,3.3530550000000003,6.665132000000001,4.752831
241200,a4/EViBmYJ566CSpWdSAeMJRInSjAT9JPxjQFPmvB9zE/uNbZIUsdhCUuPOHPe/v,3.503015,6.525322,4.6334480000000005
241500,a4/EViBmYJ566CSpWdSAeMJRInSjAT9JPxjQFPmvB9zE/uNbZIUsdhCUuPOHPe/v,3.572918,6.222892,4.753693
241800,a4/EViBmYJ566CSpWdSAeMJRInSjAT9JPxjQFPmvB9zE/uNbZIUsdhCUuPOHPe/v,3.344214,6.674171,4.590123999999999
242100,a4/EViBmYJ566CSpWdSAeMJRInSjAT9JPxjQFPmvB9zE/uNbZIUsdhCUuPOHPe/v,3.545496,7.048555,4.734716000000001
242400,a4/EViBmYJ566CSpWdSAeMJRInSjAT9JPxjQFPmvB9zE/uNbZIUsdhCUuPOHPe/v,3.495021,6.182735,4.506959999999999
242700,a4/EViBmYJ566CSpWdSAeMJRInSjAT9JPxjQFPmvB9zE/uNbZIUsdhCUuPOHPe/v,3.5788949999999997,7.138712,4.681066
243000,a4/EViBmYJ566CSpWdSAeMJRInSjAT9JPxjQFPmvB9zE/uNbZIUsdhCUuPOHPe/v,3.386143,6.793421,4.411678
243300,a4/EViBmYJ566CSpWdSAeMJRInSjAT9JPxjQFPmvB9zE/uNbZIUsdhCUuPOHPe/v,3.6954559999999996,6.276404,4.646381
243600,a4/EViBmYJ566CSpWdSAeMJRInSjAT9JPxjQFPmvB9zE/uNbZIUsdhCUuPOHPe/v,3.261416,6.510432,4.752054
243900,a4/EViBmYJ566CSpWdSAeMJRInSjAT9JPxjQFPmvB9zE/uNbZIUsdhCUuPOHPe/v,3.391574,6.992833,4.696866
244200,a4/EViBmYJ566CSpWdSAeMJRInSjAT9JPxjQFPmvB9zE/uNbZIUsdhCUuPOHPe/v,3.62808,6.689350999999999,4.791649
244500,a4/EViBmYJ566CSpWdSAeMJRInSjAT9JPxjQFPmvB9zE/uNbZIUsdhCUuPOHPe/v,3.268235,6.73733,4.603166000000001
244800,a4/EViBmYJ566CSpWdSAeMJRInSjAT9JPxjQFPmvB9zE/uNbZIUsdhCUuPOHPe/v,3.651815,6.5744240000000005,4.728574
245100,a4/EViBmYJ566CSpWdSAeMJRInSjAT9JPxjQFPmvB9zE/uNbZIUsdhCUuPOHPe/v,3.410051,6.600252,4.632629
245400,a4/EViBmYJ566CSpWdSAeMJRInSjAT9JPxjQFPmvB9zE/uNbZIUsdhCUuPOHPe/v,3.555592,6.865913000000001,4.716582
245700,a4/EViBmYJ566CSpWdSAeMJRInSjAT9JPxjQFPmvB9zE/uNbZIUsdhCUuPOHPe/v,3.540447,6.426097,4.478643
246000,a4/EViBmYJ566CSpWdSAeMJRInSjAT9JPxjQFPmvB9zE/uNbZIUsdhCUuPOHPe/v,3.5233309999999998,6.914366,4.672063
246300,a4/EViBmYJ566CSpWdSAeMJRInSjAT9JPxjQFPmvB9zE/uNbZIUsdhCUuPOHPe/v,3.4986870000000003,6.4370449999999995,4.497622
246600,a4/EViBmYJ566CSpWdSAeMJRInSjAT9JPxjQFPmvB9zE/uNbZIUsdhCUuPOHPe/v,3.474791,6.386705999999999,4.467283
246900,a4/EViBmYJ566CSpWdSAeMJRInSjAT9JPxjQFPmvB9zE/uNbZIUsdhCUuPOHPe/v,3.551632,6.241385,4.640992
247200,a4/EViBmYJ566CSpWdSAeMJRInSjAT9JPxjQFPmvB9zE/uNbZIUsdhCUuPOHPe/v,3.4778870000000004,6.860146,4.590431
247500,a4/EViBmYJ566CSpWdSAeMJRInSjAT9JPxjQFPmvB9zE/uNbZIUsdhCUuPOHPe/v,3.60416,6.291342,4.568287000000001
247800,a4/EViBmYJ566CSpWdSAeMJRInSjAT9JPxjQFPmvB9zE/uNbZIUsdhCUuPOHPe/v,3.414649,6.557664999999999,4.640055
248100,a4/EViBmYJ566CSpWdSAeMJRInSjAT9JPxjQFPmvB9zE/uNbZIUsdhCUuPOHPe/v,3.802223,6.580013,4.865165
248400,a4/EViBmYJ566CSpWdSAeMJRInSjAT9JPxjQFPmvB9zE/uNbZIUsdhCUuPOHPe/v,3.433812,6.84213,4.75249
248700,a4/EViBmYJ566CSpWdSAeMJRInSjAT9JPxjQFPmvB9zE/uNbZIUsdhCUuPOHPe/v,3.743372,6.475649,4.802005
249000,a4/EViBmYJ566CSpWdSAeMJRInSjAT9JPxjQFPmvB9zE/uNbZIUsdhCUuPOHPe/v,3.3729089999999995,7.1570160000000005,4.699907
249300,a4/EViBmYJ566CSpWdSAeMJRInSjAT9JPxjQFPmvB9zE/uNbZIUsdhCUuPOHPe/v,3.7878239999999996,6.635433,4.678192
249600,a4/EViBmYJ566CSpWdSAeMJRInSjAT9JPxjQFPmvB9zE/uNbZIUsdhCUuPOHPe/v,3.6233129999999996,6.562226,4.658155000000001
249900,a4/EViBmYJ566CSpWdSAeMJRInSjAT9JPxjQFPmvB9zE/uNbZIUsdhCUuPOHPe/v,3.420344,6.397337,4.623023
250200,a4/EViBmYJ566CSpWdSAeMJRInSjAT9JPxjQFPmvB9zE/uNbZIUsdhCUuPOHPe/v,3.5185760000000004,6.801039,4.825553
250500,a4/EViBmYJ566CSpWdSAeMJRInSjAT9JPxjQFPmvB9zE/uNbZIUsdhCUuPOHPe/v,3.595561,6.943239,4.614365
250800,a4/EViBmYJ566CSpWdSAeMJRInSjAT9JPxjQFPmvB9zE/uNbZIUsdhCUuPOHPe/v,3.456325,7.108478999999999,4.826427
251100,a4/EViBmYJ566CSpWdSAeMJRInSjAT9JPxjQFPmvB9zE/uNbZIUsdhCUuPOHPe/v,3.16455,6.984932000000001,4.542939
251400,a4/EViBmYJ566CSpWdSAeMJRInSjAT9JPxjQFPmvB9zE/uNbZIUsdhCUuPOHPe/v,3.56368,7.532375999999999,4.733404
251700,a4/EViBmYJ566CSpWdSAeMJRInSjAT9JPxjQFPmvB9zE/uNbZIUsdhCUuPOHPe/v,3.127839,6.7960080000000005,4.385244999999999
252000,a4/EViBmYJ566CSpWdSAeMJRInSjAT9JPxjQFPmvB9zE/uNbZIUsdhCUuPOHPe/v,3.237192,6.751466000000001,4.5763370000000005
252300,a4/EViBmYJ566CSpWdSAeMJRInSjAT9JPxjQFPmvB9zE/uNbZIUsdhCUuPOHPe/v,3.527944,6.775182000000001,4.709061
252600,a4/EViBmYJ566CSpWdSAeMJRInSjAT9JPxjQFPmvB9zE/uNbZIUsdhCUuPOHPe/v,3.2913129999999997,7.042031,4.755552
252900,a4/EViBmYJ566CSpWdSAeMJRInSjAT9JPxjQFPmvB9zE/uNbZIUsdhCUuPOHPe/v,3.803701,6.279569,4.823986
253200,a4/EViBmYJ566CSpWdSAeMJRInSjAT9JPxjQFPmvB9zE/uNbZIUsdhCUuPOHPe/v,3.537142,6.508547,4.685722
253500,a4/EViBmYJ566CSpWdSAeMJRInSjAT9JPxjQFPmvB9zE/uNbZIUsdhCUuPOHPe/v,3.533621,12.258285,5.360135
253800,a4/EViBmYJ566CSpWdSAeMJRInSjAT9JPxjQFPmvB9zE/uNbZIUsdhCUuPOHPe/v,3.568376,11.976007000000001,5.274446
254100,a4/EViBmYJ566CSpWdSAeMJRInSjAT9JPxjQFPmvB9zE/uNbZIUsdhCUuPOHPe/v,3.635585,6.708557000000001,4.622143
254400,a4/EViBmYJ566CSpWdSAeMJRInSjAT9JPxjQFPmvB9zE/uNbZIUsdhCUuPOHPe/v,3.4811629999999996,6.933002,4.547445
254700,a4/EViBmYJ566CSpWdSAeMJRInSjAT9JPxjQFPmvB9zE/uNbZIUsdhCUuPOHPe/v,3.5145779999999998,6.320918,4.620503
255000,a4/EViBmYJ566CSpWdSAeMJRInSjAT9JPxjQFPmvB9zE/uNbZIUsdhCUuPOHPe/v,3.577065,6.934906,4.824744
255300,a4/EViBmYJ566CSpWdSAeMJRInSjAT9JPxjQFPmvB9zE/uNbZIUsdhCUuPOHPe/v,3.4397839999999995,6.8405309999999995,4.748933
255600,a4/EViBmYJ566CSpWdSAeMJRInSjAT9JPxjQFPmvB9zE/uNbZIUsdhCUuPOHPe/v,3.5078300000000002,6.993558,4.708956
255900,a4/EViBmYJ566CSpWdSAeMJRInSjAT9JPxjQFPmvB9zE/uNbZIUsdhCUuPOHPe/v,3.5350349999999997,6.472659999999999,4.863273
256200,a4/EViBmYJ566CSpWdSAeMJRInSjAT9JPxjQFPmvB9zE/uNbZIUsdhCUuPOHPe/v,3.545958,6.697147999999999,4.686414
256500,a4/EViBmYJ566CSpWdSAeMJRInSjAT9JPxjQFPmvB9zE/uNbZIUsdhCUuPOHPe/v,2.96579,6.139069,4.435085
256800,a4/EViBmYJ566CSpWdSAeMJRInSjAT9JPxjQFPmvB9zE/uNbZIUsdhCUuPOHPe/v,3.663754,6.738457,4.697487000000001
257100,a4/EViBmYJ566CSpWdSAeMJRInSjAT9JPxjQFPmvB9zE/uNbZIUsdhCUuPOHPe/v,3.247496,5.883033,4.458204
257400,a4/EViBmYJ566CSpWdSAeMJRInSjAT9JPxjQFPmvB9zE/uNbZIUsdhCUuPOHPe/v,3.6475160000000004,6.752616000000001,4.578833
257700,a4/EViBmYJ566CSpWdSAeMJRInSjAT9JPxjQFPmvB9zE/uNbZIUsdhCUuPOHPe/v,3.400009,6.672445,4.453062
258000,a4/EViBmYJ566CSpWdSAeMJRInSjAT9JPxjQFPmvB9zE/uNbZIUsdhCUuPOHPe/v,3.6486910000000004,6.998289,4.599542
258300,a4/EViBmYJ566CSpWdSAeMJRInSjAT9JPxjQFPmvB9zE/uNbZIUsdhCUuPOHPe/v,3.632363,7.058831,4.738716
258600,a4/EViBmYJ566CSpWdSAeMJRInSjAT9JPxjQFPmvB9zE/uNbZIUsdhCUuPOHPe/v,3.498098,6.825519,4.81372
258900,a4/EViBmYJ566CSpWdSAeMJRInSjAT9JPxjQFPmvB9zE/uNbZIUsdhCUuPOHPe/v,3.586588,6.86481,4.746335
259200,a4/EViBmYJ566CSpWdSAeMJRInSjAT9JPxjQFPmvB9zE/uNbZIUsdhCUuPOHPe/v,3.3074739999999996,7.018355000000001,4.705374
259500,a4/EViBmYJ566CSpWdSAeMJRInSjAT9JPxjQFPmvB9zE/uNbZIUsdhCUuPOHPe/v,3.49064,6.449212999999999,4.671551999999999
259800,a4/EViBmYJ566CSpWdSAeMJRInSjAT9JPxjQFPmvB9zE/uNbZIUsdhCUuPOHPe/v,3.32723,6.622167999999999,4.670001
260100,a4/EViBmYJ566CSpWdSAeMJRInSjAT9JPxjQFPmvB9zE/uNbZIUsdhCUuPOHPe/v,3.339521,6.635447,4.644238
260400,a4/EViBmYJ566CSpWdSAeMJRInSjAT9JPxjQFPmvB9zE/uNbZIUsdhCUuPOHPe/v,3.0543869999999997,16.455831,5.5892669999999995
260700,a4/EViBmYJ566CSpWdSAeMJRInSjAT9JPxjQFPmvB9zE/uNbZIUsdhCUuPOHPe/v,3.2868459999999997,6.009688,4.43878
261000,a4/EViBmYJ566CSpWdSAeMJRInSjAT9JPxjQFPmvB9zE/uNbZIUsdhCUuPOHPe/v,3.6980760000000004,6.885528,4.730848
261300,a4/EViBmYJ566CSpWdSAeMJRInSjAT9JPxjQFPmvB9zE/uNbZIUsdhCUuPOHPe/v,3.701798,6.730772,4.672073
261600,a4/EViBmYJ566CSpWdSAeMJRInSjAT9JPxjQFPmvB9zE/uNbZIUsdhCUuPOHPe/v,3.6435489999999997,6.668239,4.758336
261900,a4/EViBmYJ566CSpWdSAeMJRInSjAT9JPxjQFPmvB9zE/uNbZIUsdhCUuPOHPe/v,3.666082,6.572814,4.6413459999999995
262200,a4/EViBmYJ566CSpWdSAeMJRInSjAT9JPxjQFPmvB9zE/uNbZIUsdhCUuPOHPe/v,3.63398,6.5530610000000005,4.688313
262500,a4/EViBmYJ566CSpWdSAeMJRInSjAT9JPxjQFPmvB9zE/uNbZIUsdhCUuPOHPe/v,3.7054709999999997,6.582564,4.643283
262800,a4/EViBmYJ566CSpWdSAeMJRInSjAT9JPxjQFPmvB9zE/uNbZIUsdhCUuPOHPe/v,3.597057,6.388274,4.683879
263100,a4/EViBmYJ566CSpWdSAeMJRInSjAT9JPxjQFPmvB9zE/uNbZIUsdhCUuPOHPe/v,3.223179,6.6059470000000005,4.750612
263400,a4/EViBmYJ566CSpWdSAeMJRInSjAT9JPxjQFPmvB9zE/uNbZIUsdhCUuPOHPe/v,3.4617660000000003,6.582449,4.749448
263700,a4/EViBmYJ566CSpWdSAeMJRInSjAT9JPxjQFPmvB9zE/uNbZIUsdhCUuPOHPe/v,3.4662669999999998,6.839225,4.596421
264000,a4/EViBmYJ566CSpWdSAeMJRInSjAT9JPxjQFPmvB9zE/uNbZIUsdhCUuPOHPe/v,3.54826,6.127368,4.808582
264300,a4/EViBmYJ566CSpWdSAeMJRInSjAT9JPxjQFPmvB9zE/uNbZIUsdhCUuPOHPe/v,3.4736260000000003,6.70087,4.658318
264600,a4/EViBmYJ566CSpWdSAeMJRInSjAT9JPxjQFPmvB9zE/uNbZIUsdhCUuPOHPe/v,3.4741589999999998,6.655123,4.761952
264900,a4/EViBmYJ566CSpWdSAeMJRInSjAT9JPxjQFPmvB9zE/uNbZIUsdhCUuPOHPe/v,3.5960080000000003,6.789341,4.587626
265200,a4/EViBmYJ566CSpWdSAeMJRInSjAT9JPxjQFPmvB9zE/uNbZIUsdhCUuPOHPe/v,3.7429300000000003,17.502481,5.772752
265500,a4/EViBmYJ566CSpWdSAeMJRInSjAT9JPxjQFPmvB9zE/uNbZIUsdhCUuPOHPe/v,3.5415010000000002,7.18462,4.732434
265800,a4/EViBmYJ566CSpWdSAeMJRInSjAT9JPxjQFPmvB9zE/uNbZIUsdhCUuPOHPe/v,3.6683160000000004,6.515594999999999,4.690278
266100,a4/EViBmYJ566CSpWdSAeMJRInSjAT9JPxjQFPmvB9zE/uNbZIUsdhCUuPOHPe/v,3.047529,6.897813,4.534212999999999
266400,a4/EViBmYJ566CSpWdSAeMJRInSjAT9JPxjQFPmvB9zE/uNbZIUsdhCUuPOHPe/v,3.6993080000000003,6.156035,4.702547
266700,a4/EViBmYJ566CSpWdSAeMJRInSjAT9JPxjQFPmvB9zE/uNbZIUsdhCUuPOHPe/v,3.6049300000000004,11.245173,5.181488
267000,a4/EViBmYJ566CSpWdSAeMJRInSjAT9JPxjQFPmvB9zE/uNbZIUsdhCUuPOHPe/v,3.669281,6.86597,4.811393
267300,a4/EViBmYJ566CSpWdSAeMJRInSjAT9JPxjQFPmvB9zE/uNbZIUsdhCUuPOHPe/v,3.38197,7.035455000000001,4.927043
267600,a4/EViBmYJ566CSpWdSAeMJRInSjAT9JPxjQFPmvB9zE/uNbZIUsdhCUuPOHPe/v,3.534845,7.287319999999999,4.87035
267900,a4/EViBmYJ566CSpWdSAeMJRInSjAT9JPxjQFPmvB9zE/uNbZIUsdhCUuPOHPe/v,3.4788019999999995,7.426113000000001,4.818045
268200,a4/EViBmYJ566CSpWdSAeMJRInSjAT9JPxjQFPmvB9zE/uNbZIUsdhCUuPOHPe/v,3.500719,7.061777,4.770873
268500,a4/EViBmYJ566CSpWdSAeMJRInSjAT9JPxjQFPmvB9zE/uNbZIUsdhCUuPOHPe/v,3.238156,7.352906,4.6238980000000005
268800,a4/EViBmYJ566CSpWdSAeMJRInSjAT9JPxjQFPmvB9zE/uNbZIUsdhCUuPOHPe/v,3.5196080000000003,7.070059,4.827718
269100,a4/EViBmYJ566CSpWdSAeMJRInSjAT9JPxjQFPmvB9zE/uNbZIUsdhCUuPOHPe/v,3.47197,6.976041,4.473058999999999
269400,a4/EViBmYJ566CSpWdSAeMJRInSjAT9JPxjQFPmvB9zE/uNbZIUsdhCUuPOHPe/v,3.7439480000000005,13.010435000000001,5.189047
269700,a4/EViBmYJ566CSpWdSAeMJRInSjAT9JPxjQFPmvB9zE/uNbZIUsdhCUuPOHPe/v,3.7428800000000004,6.560025,4.74987
270000,a4/EViBmYJ566CSpWdSAeMJRInSjAT9JPxjQFPmvB9zE/uNbZIUsdhCUuPOHPe/v,3.6858400000000002,7.023503,4.637282
270300,a4/EViBmYJ566CSpWdSAeMJRInSjAT9JPxjQFPmvB9zE/uNbZIUsdhCUuPOHPe/v,3.548834,6.518371,4.728388
270600,a4/EViBmYJ566CSpWdSAeMJRInSjAT9JPxjQFPmvB9zE/uNbZIUsdhCUuPOHPe/v,3.6245550000000004,16.095889,5.4022190000000005
270900,a4/EViBmYJ566CSpWdSAeMJRInSjAT9JPxjQFPmvB9zE/uNbZIUsdhCUuPOHPe/v,3.699724,6.575786999999999,4.58983
271200,a4/EViBmYJ566CSpWdSAeMJRInSjAT9JPxjQFPmvB9zE/uNbZIUsdhCUuPOHPe/v,3.700821,6.1708989999999995,4.711833
271500,a4/EViBmYJ566CSpWdSAeMJRInSjAT9JPxjQFPmvB9zE/uNbZIUsdhCUuPOHPe/v,3.4686690000000002,6.985009,4.730497
271800,a4/EViBmYJ566CSpWdSAeMJRInSjAT9JPxjQFPmvB9zE/uNbZIUsdhCUuPOHPe/v,3.405261,6.46617,4.60992
272100,a4/EViBmYJ566CSpWdSAeMJRInSjAT9JPxjQFPmvB9zE/uNbZIUsdhCUuPOHPe/v,3.30399,6.719778999999999,4.783067
272400,a4/EViBmYJ566CSpWdSAeMJRInSjAT9JPxjQFPmvB9zE/uNbZIUsdhCUuPOHPe/v,3.4011139999999997,6.750177000000001,4.652227
272700,a4/EViBmYJ566CSpWdSAeMJRInSjAT9JPxjQFPmvB9zE/uNbZIUsdhCUuPOHPe/v,3.226369,6.42266,4.5369839999999995
273000,a4/EViBmYJ566CSpWdSAeMJRInSjAT9JPxjQFPmvB9zE/uNbZIUsdhCUuPOHPe/v,3.3343089999999997,6.905686,4.658073
273300,a4/EViBmYJ566CSpWdSAeMJRInSjAT9JPxjQFPmvB9zE/uNbZIUsdhCUuPOHPe/v,3.4591629999999998,6.90603,4.548203
273600,a4/EViBmYJ566CSpWdSAeMJRInSjAT9JPxjQFPmvB9zE/uNbZIUsdhCUuPOHPe/v,3.5341080000000002,7.278047999999999,4.5783
273900,a4/EViBmYJ566CSpWdSAeMJRInSjAT9JPxjQFPmvB9zE/uNbZIUsdhCUuPOHPe/v,3.809425,58.088816,8.672183
274200,a4/EViBmYJ566CSpWdSAeMJRInSjAT9JPxjQFPmvB9zE/uNbZIUsdhCUuPOHPe/v,3.1970419999999997,6.8900369999999995,4.717444
274500,a4/EViBmYJ566CSpWdSAeMJRInSjAT9JPxjQFPmvB9zE/uNbZIUsdhCUuPOHPe/v,3.4602480000000004,6.848899,4.621871
274800,a4/EViBmYJ566CSpWdSAeMJRInSjAT9JPxjQFPmvB9zE/uNbZIUsdhCUuPOHPe/v,3.40619,6.822118,4.626125
275100,a4/EViBmYJ566CSpWdSAeMJRInSjAT9JPxjQFPmvB9zE/uNbZIUsdhCUuPOHPe/v,3.686947,6.197243,4.640582
275400,a4/EViBmYJ566CSpWdSAeMJRInSjAT9JPxjQFPmvB9zE/uNbZIUsdhCUuPOHPe/v,3.660382,6.8006660000000005,4.70066
275700,a4/EViBmYJ566CSpWdSAeMJRInSjAT9JPxjQFPmvB9zE/uNbZIUsdhCUuPOHPe/v,3.781949,6.246668,4.733442
276000,a4/EViBmYJ566CSpWdSAeMJRInSjAT9JPxjQFPmvB9zE/uNbZIUsdhCUuPOHPe/v,3.5033809999999996,7.151136,4.616674
276300,a4/EViBmYJ566CSpWdSAeMJRInSjAT9JPxjQFPmvB9zE/uNbZIUsdhCUuPOHPe/v,3.4837589999999996,7.023072,4.741668
276600,a4/EViBmYJ566CSpWdSAeMJRInSjAT9JPxjQFPmvB9zE/uNbZIUsdhCUuPOHPe/v,3.363401,7.0912619999999995,4.5918730000000005
276900,a4/EViBmYJ566CSpWdSAeMJRInSjAT9JPxjQFPmvB9zE/uNbZIUsdhCUuPOHPe/v,3.183909,6.392556,4.530498000000001
277200,a4/EViBmYJ566CSpWdSAeMJRInSjAT9JPxjQFPmvB9zE/uNbZIUsdhCUuPOHPe/v,3.4643059999999997,6.312079,4.6471279999999995
277500,a4/EViBmYJ566CSpWdSAeMJRInSjAT9JPxjQFPmvB9zE/uNbZIUsdhCUuPOHPe/v,3.407853,6.1006029999999996,4.397951
277800,a4/EViBmYJ566CSpWdSAeMJRInSjAT9JPxjQFPmvB9zE/uNbZIUsdhCUuPOHPe/v,3.4238760000000004,6.642892,4.6073900000000005
278100,a4/EViBmYJ566CSpWdSAeMJRInSjAT9JPxjQFPmvB9zE/uNbZIUsdhCUuPOHPe/v,3.489417,61.99270799999999,7.823148
278400,a4/EViBmYJ566CSpWdSAeMJRInSjAT9JPxjQFPmvB9zE/uNbZIUsdhCUuPOHPe/v,3.547146,6.177535,4.635316
278700,a4/EViBmYJ566CSpWdSAeMJRInSjAT9JPxjQFPmvB9zE/uNbZIUsdhCUuPOHPe/v,3.2216869999999997,6.997719,4.584898
279000,a4/EViBmYJ566CSpWdSAeMJRInSjAT9JPxjQFPmvB9zE/uNbZIUsdhCUuPOHPe/v,3.670495,6.406649,4.6571620000000005
279300,a4/EViBmYJ566CSpWdSAeMJRInSjAT9JPxjQFPmvB9zE/uNbZIUsdhCUuPOHPe/v,3.20782,6.415236,4.661439
279600,a4/EViBmYJ566CSpWdSAeMJRInSjAT9JPxjQFPmvB9zE/uNbZIUsdhCUuPOHPe/v,3.339322,6.270162,4.62557
279900,a4/EViBmYJ566CSpWdSAeMJRInSjAT9JPxjQFPmvB9zE/uNbZIUsdhCUuPOHPe/v,3.40429,5.931714,4.644746
280200,a4/EViBmYJ566CSpWdSAeMJRInSjAT9JPxjQFPmvB9zE/uNbZIUsdhCUuPOHPe/v,3.475629,6.4605440000000005,4.439524
280500,a4/EViBmYJ566CSpWdSAeMJRInSjAT9JPxjQFPmvB9zE/uNbZIUsdhCUuPOHPe/v,3.4449080000000003,6.735764,4.594172
280800,a4/EViBmYJ566CSpWdSAeMJRInSjAT9JPxjQFPmvB9zE/uNbZIUsdhCUuPOHPe/v,3.3782620000000003,15.484539999999999,5.445251
281100,a4/EViBmYJ566CSpWdSAeMJRInSjAT9JPxjQFPmvB9zE/uNbZIUsdhCUuPOHPe/v,3.4253739999999997,6.790927000000001,4.675294999999999
281400,a4/EViBmYJ566CSpWdSAeMJRInSjAT9JPxjQFPmvB9zE/uNbZIUsdhCUuPOHPe/v,3.4389830000000003,6.239637999999999,4.4068309999999995
281700,a4/EViBmYJ566CSpWdSAeMJRInSjAT9JPxjQFPmvB9zE/uNbZIUsdhCUuPOHPe/v,3.376719,6.302519,4.580213
282000,a4/EViBmYJ566CSpWdSAeMJRInSjAT9JPxjQFPmvB9zE/uNbZIUsdhCUuPOHPe/v,2.967188,6.904764,4.435543
282300,a4/EViBmYJ566CSpWdSAeMJRInSjAT9JPxjQFPmvB9zE/uNbZIUsdhCUuPOHPe/v,3.414939,6.307713,4.440207
282600,a4/EViBmYJ566CSpWdSAeMJRInSjAT9JPxjQFPmvB9zE/uNbZIUsdhCUuPOHPe/v,3.633027,6.546987000000001,4.522198
282900,a4/EViBmYJ566CSpWdSAeMJRInSjAT9JPxjQFPmvB9zE/uNbZIUsdhCUuPOHPe/v,3.472354,6.636298,4.602599
283200,a4/EViBmYJ566CSpWdSAeMJRInSjAT9JPxjQFPmvB9zE/uNbZIUsdhCUuPOHPe/v,3.6296480000000004,6.858839,4.746355
283500,a4/EViBmYJ566CSpWdSAeMJRInSjAT9JPxjQFPmvB9zE/uNbZIUsdhCUuPOHPe/v,3.305069,7.021982,4.793496
283800,a4/EViBmYJ566CSpWdSAeMJRInSjAT9JPxjQFPmvB9zE/uNbZIUsdhCUuPOHPe/v,3.594035,7.438536,4.751762
284100,a4/EViBmYJ566CSpWdSAeMJRInSjAT9JPxjQFPmvB9zE/uNbZIUsdhCUuPOHPe/v,3.178488,6.659217,4.548716000000001
284400,a4/EViBmYJ566CSpWdSAeMJRInSjAT9JPxjQFPmvB9zE/uNbZIUsdhCUuPOHPe/v,3.612143,6.6709830000000006,4.703725
284700,a4/EViBmYJ566CSpWdSAeMJRInSjAT9JPxjQFPmvB9zE/uNbZIUsdhCUuPOHPe/v,3.292979,6.609501,4.519012
285000,a4/EViBmYJ566CSpWdSAeMJRInSjAT9JPxjQFPmvB9zE/uNbZIUsdhCUuPOHPe/v,3.3138690000000004,6.7129520000000005,4.5015529999999995
285300,a4/EViBmYJ566CSpWdSAeMJRInSjAT9JPxjQFPmvB9zE/uNbZIUsdhCUuPOHPe/v,3.578604,6.6940100000000005,4.725599
285600,a4/EViBmYJ566CSpWdSAeMJRInSjAT9JPxjQFPmvB9zE/uNbZIUsdhCUuPOHPe/v,3.3316,6.464098,4.619046
285900,a4/EViBmYJ566CSpWdSAeMJRInSjAT9JPxjQFPmvB9zE/uNbZIUsdhCUuPOHPe/v,3.3507809999999996,6.392054,4.668666
286200,a4/EViBmYJ566CSpWdSAeMJRInSjAT9JPxjQFPmvB9zE/uNbZIUsdhCUuPOHPe/v,3.494296,6.534852,4.648607
286500,a4/EViBmYJ566CSpWdSAeMJRInSjAT9JPxjQFPmvB9zE/uNbZIUsdhCUuPOHPe/v,3.4436910000000003,6.586889,4.58751
286800,a4/EViBmYJ566CSpWdSAeMJRInSjAT9JPxjQFPmvB9zE/uNbZIUsdhCUuPOHPe/v,3.287961,6.136447,4.341833
287100,a4/EViBmYJ566CSpWdSAeMJRInSjAT9JPxjQFPmvB9zE/uNbZIUsdhCUuPOHPe/v,3.666526,6.2650559999999995,4.692964
287400,a4/EViBmYJ566CSpWdSAeMJRInSjAT9JPxjQFPmvB9zE/uNbZIUsdhCUuPOHPe/v,3.333443,6.278059,4.658943
287700,a4/EViBmYJ566CSpWdSAeMJRInSjAT9JPxjQFPmvB9zE/uNbZIUsdhCUuPOHPe/v,3.702288,6.624776,4.5768830000000005
288000,a4/EViBmYJ566CSpWdSAeMJRInSjAT9JPxjQFPmvB9zE/uNbZIUsdhCUuPOHPe/v,3.674519,6.825313,4.719259
288300,a4/EViBmYJ566CSpWdSAeMJRInSjAT9JPxjQFPmvB9zE/uNbZIUsdhCUuPOHPe/v,3.5412809999999997,6.9065710000000005,4.647171
288600,a4/EViBmYJ566CSpWdSAeMJRInSjAT9JPxjQFPmvB9zE/uNbZIUsdhCUuPOHPe/v,3.636998,6.523665,4.732756
288900,a4/EViBmYJ566CSpWdSAeMJRInSjAT9JPxjQFPmvB9zE/uNbZIUsdhCUuPOHPe/v,3.0781389999999997,6.959328,4.657222
289200,a4/EViBmYJ566CSpWdSAeMJRInSjAT9JPxjQFPmvB9zE/uNbZIUsdhCUuPOHPe/v,3.4500290000000002,6.723284,4.707395
289500,a4/EViBmYJ566CSpWdSAeMJRInSjAT9JPxjQFPmvB9zE/uNbZIUsdhCUuPOHPe/v,3.031087,6.236205,4.3837410000000006
289800,a4/EViBmYJ566CSpWdSAeMJRInSjAT9JPxjQFPmvB9zE/uNbZIUsdhCUuPOHPe/v,3.544169,6.723992,4.711582
290100,a4/EViBmYJ566CSpWdSAeMJRInSjAT9JPxjQFPmvB9zE/uNbZIUsdhCUuPOHPe/v,3.062516,6.856875,4.531452
290400,a4/EViBmYJ566CSpWdSAeMJRInSjAT9JPxjQFPmvB9zE/uNbZIUsdhCUuPOHPe/v,3.4190400000000003,6.020723,4.551394
290700,a4/EViBmYJ566CSpWdSAeMJRInSjAT9JPxjQFPmvB9zE/uNbZIUsdhCUuPOHPe/v,3.438768,6.61937,4.59809
291000,a4/EViBmYJ566CSpWdSAeMJRInSjAT9JPxjQFPmvB9zE/uNbZIUsdhCUuPOHPe/v,3.3826120000000004,6.182596,4.485036
291300,a4/EViBmYJ566CSpWdSAeMJRInSjAT9JPxjQFPmvB9zE/uNbZIUsdhCUuPOHPe/v,3.65058,6.977385000000001,4.5061230000000005
291600,a4/EViBmYJ566CSpWdSAeMJRInSjAT9JPxjQFPmvB9zE/uNbZIUsdhCUuPOHPe/v,3.283374,6.991871000000001,4.621907
291900,a4/EViBmYJ566CSpWdSAeMJRInSjAT9JPxjQFPmvB9zE/uNbZIUsdhCUuPOHPe/v,3.530816,5.975458000000001,4.536791
292200,a4/EViBmYJ566CSpWdSAeMJRInSjAT9JPxjQFPmvB9zE/uNbZIUsdhCUuPOHPe/v,3.3629800000000003,6.646959,4.580648
292500,a4/EViBmYJ566CSpWdSAeMJRInSjAT9JPxjQFPmvB9zE/uNbZIUsdhCUuPOHPe/v,3.6508239999999996,6.605049,4.668964
292800,a4/EViBmYJ566CSpWdSAeMJRInSjAT9JPxjQFPmvB9zE/uNbZIUsdhCUuPOHPe/v,3.271536,7.3657770000000005,4.733581
293100,a4/EViBmYJ566CSpWdSAeMJRInSjAT9JPxjQFPmvB9zE/uNbZIUsdhCUuPOHPe/v,3.380057,6.198368,4.61934
293400,a4/EViBmYJ566CSpWdSAeMJRInSjAT9JPxjQFPmvB9zE/uNbZIUsdhCUuPOHPe/v,3.595585,6.9761,4.702415
293700,a4/EViBmYJ566CSpWdSAeMJRInSjAT9JPxjQFPmvB9zE/uNbZIUsdhCUuPOHPe/v,3.4719580000000003,6.397774,4.5287
294000,a4/EViBmYJ566CSpWdSAeMJRInSjAT9JPxjQFPmvB9zE/uNbZIUsdhCUuPOHPe/v,3.4255459999999998,6.069808,4.6032519999999995
294300,a4/EViBmYJ566CSpWdSAeMJRInSjAT9JPxjQFPmvB9zE/uNbZIUsdhCUuPOHPe/v,3.17292,7.000241,4.625118
294600,a4/EViBmYJ566CSpWdSAeMJRInSjAT9JPxjQFPmvB9zE/uNbZIUsdhCUuPOHPe/v,3.499027,6.8112639999999995,4.7168779999999995
294900,a4/EViBmYJ566CSpWdSAeMJRInSjAT9JPxjQFPmvB9zE/uNbZIUsdhCUuPOHPe/v,3.371206,6.824087,4.703236
295200,a4/EViBmYJ566CSpWdSAeMJRInSjAT9JPxjQFPmvB9zE/uNbZIUsdhCUuPOHPe/v,3.4659989999999996,7.6596850000000005,4.8308089999999995
295500,a4/EViBmYJ566CSpWdSAeMJRInSjAT9JPxjQFPmvB9zE/uNbZIUsdhCUuPOHPe/v,3.069234,6.678798,4.551939
295800,a4/EViBmYJ566CSpWdSAeMJRInSjAT9JPxjQFPmvB9zE/uNbZIUsdhCUuPOHPe/v,3.333053,6.4688360000000005,4.59253
296100,a4/EViBmYJ566CSpWdSAeMJRInSjAT9JPxjQFPmvB9zE/uNbZIUsdhCUuPOHPe/v,3.0991400000000002,6.459981,4.405387999999999
296400,a4/EViBmYJ566CSpWdSAeMJRInSjAT9JPxjQFPmvB9zE/uNbZIUsdhCUuPOHPe/v,3.5877510000000004,5.778789,4.6302330000000005
296700,a4/EViBmYJ566CSpWdSAeMJRInSjAT9JPxjQFPmvB9zE/uNbZIUsdhCUuPOHPe/v,3.3041720000000003,8.661024000000001,4.850562
297000,a4/EViBmYJ566CSpWdSAeMJRInSjAT9JPxjQFPmvB9zE/uNbZIUsdhCUuPOHPe/v,3.6835400000000003,6.259369,4.694812000000001
297300,a4/EViBmYJ566CSpWdSAeMJRInSjAT9JPxjQFPmvB9zE/uNbZIUsdhCUuPOHPe/v,3.631428,6.765924000000001,4.740762
297600,a4/EViBmYJ566CSpWdSAeMJRInSjAT9JPxjQFPmvB9zE/uNbZIUsdhCUuPOHPe/v,3.6299639999999997,6.580748,4.653735
297900,a4/EViBmYJ566CSpWdSAeMJRInSjAT9JPxjQFPmvB9zE/uNbZIUsdhCUuPOHPe/v,3.560036,6.478853,4.6646410000000005
298200,a4/EViBmYJ566CSpWdSAeMJRInSjAT9JPxjQFPmvB9zE/uNbZIUsdhCUuPOHPe/v,3.415632,6.727059,4.724241999999999
298500,a4/EViBmYJ566CSpWdSAeMJRInSjAT9JPxjQFPmvB9zE/uNbZIUsdhCUuPOHPe/v,3.4359300000000004,6.795224,4.746944999999999
298800,a4/EViBmYJ566CSpWdSAeMJRInSjAT9JPxjQFPmvB9zE/uNbZIUsdhCUuPOHPe/v,3.356525,6.446177,4.568175
299100,a4/EViBmYJ566CSpWdSAeMJRInSjAT9JPxjQFPmvB9zE/uNbZIUsdhCUuPOHPe/v,3.459853,6.890261,4.663545
299400,a4/EViBmYJ566CSpWdSAeMJRInSjAT9JPxjQFPmvB9zE/uNbZIUsdhCUuPOHPe/v,3.2703189999999998,6.519273,4.599954
299700,a4/EViBmYJ566CSpWdSAeMJRInSjAT9JPxjQFPmvB9zE/uNbZIUsdhCUuPOHPe/v,3.354415,6.494465,4.660173
300000,a4/EViBmYJ566CSpWdSAeMJRInSjAT9JPxjQFPmvB9zE/uNbZIUsdhCUuPOHPe/v,3.582837,6.51577,4.763778
300300,a4/EViBmYJ566CSpWdSAeMJRInSjAT9JPxjQFPmvB9zE/uNbZIUsdhCUuPOHPe/v,3.416148,6.701347,4.700236
300600,a4/EViBmYJ566CSpWdSAeMJRInSjAT9JPxjQFPmvB9zE/uNbZIUsdhCUuPOHPe/v,3.7358260000000003,6.068924,4.614282
300900,a4/EViBmYJ566CSpWdSAeMJRInSjAT9JPxjQFPmvB9zE/uNbZIUsdhCUuPOHPe/v,3.40268,6.0087209999999995,4.406703
301200,a4/EViBmYJ566CSpWdSAeMJRInSjAT9JPxjQFPmvB9zE/uNbZIUsdhCUuPOHPe/v,3.567795,6.093393,4.625007
301500,a4/EViBmYJ566CSpWdSAeMJRInSjAT9JPxjQFPmvB9zE/uNbZIUsdhCUuPOHPe/v,3.0187009999999996,6.572298,4.494072
301800,a4/EViBmYJ566CSpWdSAeMJRInSjAT9JPxjQFPmvB9zE/uNbZIUsdhCUuPOHPe/v,3.600032,6.358889,4.659903
302100,a4/EViBmYJ566CSpWdSAeMJRInSjAT9JPxjQFPmvB9zE/uNbZIUsdhCUuPOHPe/v,3.3406809999999996,5.759401,4.430405
302400,a4/EViBmYJ566CSpWdSAeMJRInSjAT9JPxjQFPmvB9zE/uNbZIUsdhCUuPOHPe/v,3.698784,6.844392,4.7773330000000005
302700,a4/EViBmYJ566CSpWdSAeMJRInSjAT9JPxjQFPmvB9zE/uNbZIUsdhCUuPOHPe/v,3.102223,7.168889,4.659229
303000,a4/EViBmYJ566CSpWdSAeMJRInSjAT9JPxjQFPmvB9zE/uNbZIUsdhCUuPOHPe/v,3.541438,7.1474,4.736289
303300,a4/EViBmYJ566CSpWdSAeMJRInSjAT9JPxjQFPmvB9zE/uNbZIUsdhCUuPOHPe/v,3.194654,6.614712,4.592555
303600,a4/EViBmYJ566CSpWdSAeMJRInSjAT9JPxjQFPmvB9zE/uNbZIUsdhCUuPOHPe/v,3.179728,6.387694000000001,4.663725
303900,a4/EViBmYJ566CSpWdSAeMJRInSjAT9JPxjQFPmvB9zE/uNbZIUsdhCUuPOHPe/v,3.424514,6.143095,4.613257
304200,a4/EViBmYJ566CSpWdSAeMJRInSjAT9JPxjQFPmvB9zE/uNbZIUsdhCUuPOHPe/v,3.00399,6.778713000000001,4.710662999999999
304500,a4/EViBmYJ566CSpWdSAeMJRInSjAT9JPxjQFPmvB9zE/uNbZIUsdhCUuPOHPe/v,3.4263120000000002,7.088467999999999,4.598056
304800,a4/EViBmYJ566CSpWdSAeMJRInSjAT9JPxjQFPmvB9zE/uNbZIUsdhCUuPOHPe/v,3.1286669999999996,7.157788,4.614991000000001
305100,a4/EViBmYJ566CSpWdSAeMJRInSjAT9JPxjQFPmvB9zE/uNbZIUsdhCUuPOHPe/v,3.5063169999999997,6.8981509999999995,4.706386
305400,a4/EViBmYJ566CSpWdSAeMJRInSjAT9JPxjQFPmvB9zE/uNbZIUsdhCUuPOHPe/v,3.267775,6.473642,4.521029
305700,a4/EViBmYJ566CSpWdSAeMJRInSjAT9JPxjQFPmvB9zE/uNbZIUsdhCUuPOHPe/v,3.7200519999999995,5.656838,4.623605
306000,a4/EViBmYJ566CSpWdSAeMJRInSjAT9JPxjQFPmvB9zE/uNbZIUsdhCUuPOHPe/v,3.248702,6.003028,4.5179540000000005
306300,a4/EViBmYJ566CSpWdSAeMJRInSjAT9JPxjQFPmvB9zE/uNbZIUsdhCUuPOHPe/v,3.274076,6.109541,4.5436190000000005
306600,a4/EViBmYJ566CSpWdSAeMJRInSjAT9JPxjQFPmvB9zE/uNbZIUsdhCUuPOHPe/v,3.741447,6.189744999999999,4.6383339999999995
306900,a4/EViBmYJ566CSpWdSAeMJRInSjAT9JPxjQFPmvB9zE/uNbZIUsdhCUuPOHPe/v,3.351021,6.402464,4.706045
307200,a4/EViBmYJ566CSpWdSAeMJRInSjAT9JPxjQFPmvB9zE/uNbZIUsdhCUuPOHPe/v,3.402678,7.069361,4.7232199999999995
307500,a4/EViBmYJ566CSpWdSAeMJRInSjAT9JPxjQFPmvB9zE/uNbZIUsdhCUuPOHPe/v,3.042852,6.651092,4.626955000000001
307800,a4/EViBmYJ566CSpWdSAeMJRInSjAT9JPxjQFPmvB9zE/uNbZIUsdhCUuPOHPe/v,3.467174,7.062666,4.775078
308100,a4/EViBmYJ566CSpWdSAeMJRInSjAT9JPxjQFPmvB9zE/uNbZIUsdhCUuPOHPe/v,3.186012,7.256391000000001,4.731561
308400,a4/EViBmYJ566CSpWdSAeMJRInSjAT9JPxjQFPmvB9zE/uNbZIUsdhCUuPOHPe/v,3.6545650000000003,6.9940690000000005,4.8148610000000005
308700,a4/EViBmYJ566CSpWdSAeMJRInSjAT9JPxjQFPmvB9zE/uNbZIUsdhCUuPOHPe/v,2.871466,6.881869,4.580389
309000,a4/EViBmYJ566CSpWdSAeMJRInSjAT9JPxjQFPmvB9zE/uNbZIUsdhCUuPOHPe/v,3.413272,6.735546,4.357166
309300,a4/EViBmYJ566CSpWdSAeMJRInSjAT9JPxjQFPmvB9zE/uNbZIUsdhCUuPOHPe/v,3.647365,7.047116,4.671226
309600,a4/EViBmYJ566CSpWdSAeMJRInSjAT9JPxjQFPmvB9zE/uNbZIUsdhCUuPOHPe/v,3.439986,6.935631,4.631092
309900,a4/EViBmYJ566CSpWdSAeMJRInSjAT9JPxjQFPmvB9zE/uNbZIUsdhCUuPOHPe/v,3.61746,6.288773,4.5715639999999995
310200,a4/EViBmYJ566CSpWdSAeMJRInSjAT9JPxjQFPmvB9zE/uNbZIUsdhCUuPOHPe/v,3.559607,6.601037,4.523926
310500,a4/EViBmYJ566CSpWdSAeMJRInSjAT9JPxjQFPmvB9zE/uNbZIUsdhCUuPOHPe/v,3.615355,6.646571000000001,4.608339
310800,a4/EViBmYJ566CSpWdSAeMJRInSjAT9JPxjQFPmvB9zE/uNbZIUsdhCUuPOHPe/v,3.21674,6.369987999999999,4.463024
311100,a4/EViBmYJ566CSpWdSAeMJRInSjAT9JPxjQFPmvB9zE/uNbZIUsdhCUuPOHPe/v,3.515537,6.2968839999999995,4.650144999999999
311400,a4/EViBmYJ566CSpWdSAeMJRInSjAT9JPxjQFPmvB9zE/uNbZIUsdhCUuPOHPe/v,3.459368,34.150929999999995,6.841863
311700,a4/EViBmYJ566CSpWdSAeMJRInSjAT9JPxjQFPmvB9zE/uNbZIUsdhCUuPOHPe/v,3.4848209999999997,6.85526,4.7244269999999995
312000,a4/EViBmYJ566CSpWdSAeMJRInSjAT9JPxjQFPmvB9zE/uNbZIUsdhCUuPOHPe/v,3.623535,6.7031,4.638803
312300,a4/EViBmYJ566CSpWdSAeMJRInSjAT9JPxjQFPmvB9zE/uNbZIUsdhCUuPOHPe/v,3.563216,7.298871000000001,4.838504
312600,a4/EViBmYJ566CSpWdSAeMJRInSjAT9JPxjQFPmvB9zE/uNbZIUsdhCUuPOHPe/v,3.4904260000000003,7.0567899999999995,4.750172
312900,a4/EViBmYJ566CSpWdSAeMJRInSjAT9JPxjQFPmvB9zE/uNbZIUsdhCUuPOHPe/v,3.152934,7.002215,4.6814849999999995
313200,a4/EViBmYJ566CSpWdSAeMJRInSjAT9JPxjQFPmvB9zE/uNbZIUsdhCUuPOHPe/v,3.486928,6.224862,4.6621120000000005
313500,a4/EViBmYJ566CSpWdSAeMJRInSjAT9JPxjQFPmvB9zE/uNbZIUsdhCUuPOHPe/v,3.5947480000000005,53.63004399999999,7.745207000000001
313800,a4/EViBmYJ566CSpWdSAeMJRInSjAT9JPxjQFPmvB9zE/uNbZIUsdhCUuPOHPe/v,3.661803,6.36865,4.703769
314100,a4/EViBmYJ566CSpWdSAeMJRInSjAT9JPxjQFPmvB9zE/uNbZIUsdhCUuPOHPe/v,3.5345410000000004,7.1085899999999995,4.724643
314400,a4/EViBmYJ566CSpWdSAeMJRInSjAT9JPxjQFPmvB9zE/uNbZIUsdhCUuPOHPe/v,3.2325459999999997,7.078411999999999,4.720496
314700,a4/EViBmYJ566CSpWdSAeMJRInSjAT9JPxjQFPmvB9zE/uNbZIUsdhCUuPOHPe/v,3.5563830000000003,6.880692,4.749461
315000,a4/EViBmYJ566CSpWdSAeMJRInSjAT9JPxjQFPmvB9zE/uNbZIUsdhCUuPOHPe/v,3.349917,7.409861,4.727433
315300,a4/EViBmYJ566CSpWdSAeMJRInSjAT9JPxjQFPmvB9zE/uNbZIUsdhCUuPOHPe/v,3.6632059999999997,6.533792,4.634395
315600,a4/EViBmYJ566CSpWdSAeMJRInSjAT9JPxjQFPmvB9zE/uNbZIUsdhCUuPOHPe/v,3.1784630000000003,5.787591,4.494757
315900,a4/EViBmYJ566CSpWdSAeMJRInSjAT9JPxjQFPmvB9zE/uNbZIUsdhCUuPOHPe/v,3.462479,6.561307000000001,4.630865
316200,a4/EViBmYJ566CSpWdSAeMJRInSjAT9JPxjQFPmvB9zE/uNbZIUsdhCUuPOHPe/v,2.9202310000000002,6.542172,4.365593
316500,a4/EViBmYJ566CSpWdSAeMJRInSjAT9JPxjQFPmvB9zE/uNbZIUsdhCUuPOHPe/v,3.458538,6.968816,4.641165
316800,a4/EViBmYJ566CSpWdSAeMJRInSjAT9JPxjQFPmvB9zE/uNbZIUsdhCUuPOHPe/v,2.986497,5.688459,4.467162
317100,a4/EViBmYJ566CSpWdSAeMJRInSjAT9JPxjQFPmvB9zE/uNbZIUsdhCUuPOHPe/v,3.310944,6.463985,4.460969
317400,a4/EViBmYJ566CSpWdSAeMJRInSjAT9JPxjQFPmvB9zE/uNbZIUsdhCUuPOHPe/v,3.604293,6.978028,4.792852
317700,a4/EViBmYJ566CSpWdSAeMJRInSjAT9JPxjQFPmvB9zE/uNbZIUsdhCUuPOHPe/v,3.508278,5.647316,4.392296
318000,a4/EViBmYJ566CSpWdSAeMJRInSjAT9JPxjQFPmvB9zE/uNbZIUsdhCUuPOHPe/v,3.6075589999999997,7.22354,4.752287
318300,a4/EViBmYJ566CSpWdSAeMJRInSjAT9JPxjQFPmvB9zE/uNbZIUsdhCUuPOHPe/v,3.255166,6.747014999999999,4.643436
318600,a4/EViBmYJ566CSpWdSAeMJRInSjAT9JPxjQFPmvB9zE/uNbZIUsdhCUuPOHPe/v,3.605405,7.325382,4.635689
318900,a4/EViBmYJ566CSpWdSAeMJRInSjAT9JPxjQFPmvB9zE/uNbZIUsdhCUuPOHPe/v,3.186571,6.422447,4.508074
319200,a4/EViBmYJ566CSpWdSAeMJRInSjAT9JPxjQFPmvB9zE/uNbZIUsdhCUuPOHPe/v,3.58958,6.477715,4.680728
319500,a4/EViBmYJ566CSpWdSAeMJRInSjAT9JPxjQFPmvB9zE/uNbZIUsdhCUuPOHPe/v,3.264218,7.313573,4.677239
319800,a4/EViBmYJ566CSpWdSAeMJRInSjAT9JPxjQFPmvB9zE/uNbZIUsdhCUuPOHPe/v,3.4684169999999996,6.5689779999999995,4.564796
320100,a4/EViBmYJ566CSpWdSAeMJRInSjAT9JPxjQFPmvB9zE/uNbZIUsdhCUuPOHPe/v,3.566453,6.222241,4.6410919999999996
320400,a4/EViBmYJ566CSpWdSAeMJRInSjAT9JPxjQFPmvB9zE/uNbZIUsdhCUuPOHPe/v,3.184507,6.642721000000001,4.485446
320700,a4/EViBmYJ566CSpWdSAeMJRInSjAT9JPxjQFPmvB9zE/uNbZIUsdhCUuPOHPe/v,3.441185,6.796778,4.583803
321000,a4/EViBmYJ566CSpWdSAeMJRInSjAT9JPxjQFPmvB9zE/uNbZIUsdhCUuPOHPe/v,2.8448450000000003,6.468191,4.437246
321300,a4/EViBmYJ566CSpWdSAeMJRInSjAT9JPxjQFPmvB9zE/uNbZIUsdhCUuPOHPe/v,3.1697919999999997,6.123295,4.589871
321600,a4/EViBmYJ566CSpWdSAeMJRInSjAT9JPxjQFPmvB9zE/uNbZIUsdhCUuPOHPe/v,3.4816879999999997,6.152469,4.558862
321900,a4/EViBmYJ566CSpWdSAeMJRInSjAT9JPxjQFPmvB9zE/uNbZIUsdhCUuPOHPe/v,3.282979,7.095497999999999,4.618482
322200,a4/EViBmYJ566CSpWdSAeMJRInSjAT9JPxjQFPmvB9zE/uNbZIUsdhCUuPOHPe/v,3.51341,6.349496,4.533599
322500,a4/EViBmYJ566CSpWdSAeMJRInSjAT9JPxjQFPmvB9zE/uNbZIUsdhCUuPOHPe/v,3.685172,6.824924,4.724337
322800,a4/EViBmYJ566CSpWdSAeMJRInSjAT9JPxjQFPmvB9zE/uNbZIUsdhCUuPOHPe/v,3.695306,6.526311,4.770556
323100,a4/EViBmYJ566CSpWdSAeMJRInSjAT9JPxjQFPmvB9zE/uNbZIUsdhCUuPOHPe/v,3.3127690000000003,6.350757,4.619472
323400,a4/EViBmYJ566CSpWdSAeMJRInSjAT9JPxjQFPmvB9zE/uNbZIUsdhCUuPOHPe/v,3.6570300000000002,6.481185,4.612479
323700,a4/EViBmYJ566CSpWdSAeMJRInSjAT9JPxjQFPmvB9zE/uNbZIUsdhCUuPOHPe/v,3.6593690000000003,6.478804,4.648668
324000,a4/EViBmYJ566CSpWdSAeMJRInSjAT9JPxjQFPmvB9zE/uNbZIUsdhCUuPOHPe/v,3.67469,7.1355889999999995,4.788074
324300,a4/EViBmYJ566CSpWdSAeMJRInSjAT9JPxjQFPmvB9zE/uNbZIUsdhCUuPOHPe/v,3.690264,6.872845,4.724658
324600,a4/EViBmYJ566CSpWdSAeMJRInSjAT9JPxjQFPmvB9zE/uNbZIUsdhCUuPOHPe/v,3.4547559999999997,7.312755999999999,4.768999
324900,a4/EViBmYJ566CSpWdSAeMJRInSjAT9JPxjQFPmvB9zE/uNbZIUsdhCUuPOHPe/v,3.063207,7.022689999999999,4.500999
325200,a4/EViBmYJ566CSpWdSAeMJRInSjAT9JPxjQFPmvB9zE/uNbZIUsdhCUuPOHPe/v,3.218911,7.037539999999999,4.541723999999999
325500,a4/EViBmYJ566CSpWdSAeMJRInSjAT9JPxjQFPmvB9zE/uNbZIUsdhCUuPOHPe/v,3.3182,6.287797,4.611089
325800,a4/EViBmYJ566CSpWdSAeMJRInSjAT9JPxjQFPmvB9zE/uNbZIUsdhCUuPOHPe/v,3.417738,6.361038,4.510287
326100,a4/EViBmYJ566CSpWdSAeMJRInSjAT9JPxjQFPmvB9zE/uNbZIUsdhCUuPOHPe/v,3.3021300000000005,6.354684,4.5652800000000004
326400,a4/EViBmYJ566CSpWdSAeMJRInSjAT9JPxjQFPmvB9zE/uNbZIUsdhCUuPOHPe/v,3.322366,6.498771,4.505662999999999
326700,a4/EViBmYJ566CSpWdSAeMJRInSjAT9JPxjQFPmvB9zE/uNbZIUsdhCUuPOHPe/v,3.473307,6.476737,4.491853
327000,a4/EViBmYJ566CSpWdSAeMJRInSjAT9JPxjQFPmvB9zE/uNbZIUsdhCUuPOHPe/v,3.542131,6.989502000000001,4.698978
327300,a4/EViBmYJ566CSpWdSAeMJRInSjAT9JPxjQFPmvB9zE/uNbZIUsdhCUuPOHPe/v,3.6454190000000004,6.299691,4.671712
327600,a4/EViBmYJ566CSpWdSAeMJRInSjAT9JPxjQFPmvB9zE/uNbZIUsdhCUuPOHPe/v,3.499026,7.618286,4.7762839999999995
327900,a4/EViBmYJ566CSpWdSAeMJRInSjAT9JPxjQFPmvB9zE/uNbZIUsdhCUuPOHPe/v,3.542237,6.7390479999999995,4.594894999999999
328200,a4/EViBmYJ566CSpWdSAeMJRInSjAT9JPxjQFPmvB9zE/uNbZIUsdhCUuPOHPe/v,3.355929,7.3655539999999995,4.71665
328500,a4/EViBmYJ566CSpWdSAeMJRInSjAT9JPxjQFPmvB9zE/uNbZIUsdhCUuPOHPe/v,3.532139,5.971781,4.623211
328800,a4/EViBmYJ566CSpWdSAeMJRInSjAT9JPxjQFPmvB9zE/uNbZIUsdhCUuPOHPe/v,3.687363,6.133925,4.689671
329100,a4/EViBmYJ566CSpWdSAeMJRInSjAT9JPxjQFPmvB9zE/uNbZIUsdhCUuPOHPe/v,3.40175,6.24611,4.501792
329400,a4/EViBmYJ566CSpWdSAeMJRInSjAT9JPxjQFPmvB9zE/uNbZIUsdhCUuPOHPe/v,3.493064,6.560246,4.70316
329700,a4/EViBmYJ566CSpWdSAeMJRInSjAT9JPxjQFPmvB9zE/uNbZIUsdhCUuPOHPe/v,3.3483650000000003,6.8885380000000005,4.449218
330000,a4/EViBmYJ566CSpWdSAeMJRInSjAT9JPxjQFPmvB9zE/uNbZIUsdhCUuPOHPe/v,3.454195,6.589472,4.702767
330300,a4/EViBmYJ566CSpWdSAeMJRInSjAT9JPxjQFPmvB9zE/uNbZIUsdhCUuPOHPe/v,3.487621,6.29829,4.521326999999999
330600,a4/EViBmYJ566CSpWdSAeMJRInSjAT9JPxjQFPmvB9zE/uNbZIUsdhCUuPOHPe/v,3.533474,6.6411869999999995,4.600083000000001
330900,a4/EViBmYJ566CSpWdSAeMJRInSjAT9JPxjQFPmvB9zE/uNbZIUsdhCUuPOHPe/v,3.523395,6.523193,4.6139470000000005
331200,a4/EViBmYJ566CSpWdSAeMJRInSjAT9JPxjQFPmvB9zE/uNbZIUsdhCUuPOHPe/v,3.155842,31.548045000000002,6.6457880000000005
331500,a4/EViBmYJ566CSpWdSAeMJRInSjAT9JPxjQFPmvB9zE/uNbZIUsdhCUuPOHPe/v,3.3761010000000002,6.700931,4.533926999999999
331800,a4/EViBmYJ566CSpWdSAeMJRInSjAT9JPxjQFPmvB9zE/uNbZIUsdhCUuPOHPe/v,3.73567,6.541083,4.679219
332100,a4/EViBmYJ566CSpWdSAeMJRInSjAT9JPxjQFPmvB9zE/uNbZIUsdhCUuPOHPe/v,3.6443529999999997,5.792623000000001,4.560154
332400,a4/EViBmYJ566CSpWdSAeMJRInSjAT9JPxjQFPmvB9zE/uNbZIUsdhCUuPOHPe/v,3.7198559999999996,6.119831,4.647526
332700,a4/EViBmYJ566CSpWdSAeMJRInSjAT9JPxjQFPmvB9zE/uNbZIUsdhCUuPOHPe/v,3.653063,6.33177,4.644151
333000,a4/EViBmYJ566CSpWdSAeMJRInSjAT9JPxjQFPmvB9zE/uNbZIUsdhCUuPOHPe/v,3.7147589999999995,6.749994999999999,4.810469
333300,a4/EViBmYJ566CSpWdSAeMJRInSjAT9JPxjQFPmvB9zE/uNbZIUsdhCUuPOHPe/v,3.807311,6.739574,4.765879
333600,a4/EViBmYJ566CSpWdSAeMJRInSjAT9JPxjQFPmvB9zE/uNbZIUsdhCUuPOHPe/v,3.2923769999999997,6.379447,4.57541
333900,a4/EViBmYJ566CSpWdSAeMJRInSjAT9JPxjQFPmvB9zE/uNbZIUsdhCUuPOHPe/v,3.535903,7.098622,4.742229
334200,a4/EViBmYJ566CSpWdSAeMJRInSjAT9JPxjQFPmvB9zE/uNbZIUsdhCUuPOHPe/v,3.388011,6.856022,4.596082
334500,a4/EViBmYJ566CSpWdSAeMJRInSjAT9JPxjQFPmvB9zE/uNbZIUsdhCUuPOHPe/v,3.4194809999999998,6.267055,4.623772
334800,a4/EViBmYJ566CSpWdSAeMJRInSjAT9JPxjQFPmvB9zE/uNbZIUsdhCUuPOHPe/v,3.407757,6.847074,4.620253
335100,a4/EViBmYJ566CSpWdSAeMJRInSjAT9JPxjQFPmvB9zE/uNbZIUsdhCUuPOHPe/v,3.4461169999999997,6.8266800000000005,4.725172
335400,a4/EViBmYJ566CSpWdSAeMJRInSjAT9JPxjQFPmvB9zE/uNbZIUsdhCUuPOHPe/v,3.536233,6.922335,4.7350449999999995
335700,a4/EViBmYJ566CSpWdSAeMJRInSjAT9JPxjQFPmvB9zE/uNbZIUsdhCUuPOHPe/v,3.694097,6.637375,4.54033
336000,a4/EViBmYJ566CSpWdSAeMJRInSjAT9JPxjQFPmvB9zE/uNbZIUsdhCUuPOHPe/v,3.7104510000000004,7.275849000000001,4.822122
336300,a4/EViBmYJ566CSpWdSAeMJRInSjAT9JPxjQFPmvB9zE/uNbZIUsdhCUuPOHPe/v,3.5674010000000003,6.737582000000001,4.627427
336600,a4/EViBmYJ566CSpWdSAeMJRInSjAT9JPxjQFPmvB9zE/uNbZIUsdhCUuPOHPe/v,3.373475,6.103462,4.407922
336900,a4/EViBmYJ566CSpWdSAeMJRInSjAT9JPxjQFPmvB9zE/uNbZIUsdhCUuPOHPe/v,3.3728580000000004,6.7476080000000005,4.590712
337200,a4/EViBmYJ566CSpWdSAeMJRInSjAT9JPxjQFPmvB9zE/uNbZIUsdhCUuPOHPe/v,3.51979,6.107473000000001,4.435592
337500,a4/EViBmYJ566CSpWdSAeMJRInSjAT9JPxjQFPmvB9zE/uNbZIUsdhCUuPOHPe/v,3.5984540000000003,6.613074,4.567725
337800,a4/EViBmYJ566CSpWdSAeMJRInSjAT9JPxjQFPmvB9zE/uNbZIUsdhCUuPOHPe/v,3.211925,6.475272,4.487211
338100,a4/EViBmYJ566CSpWdSAeMJRInSjAT9JPxjQFPmvB9zE/uNbZIUsdhCUuPOHPe/v,3.4336519999999995,6.613049,4.661341999999999
338400,a4/EViBmYJ566CSpWdSAeMJRInSjAT9JPxjQFPmvB9zE/uNbZIUsdhCUuPOHPe/v,3.4632989999999997,6.5340169999999995,4.637674
338700,a4/EViBmYJ566CSpWdSAeMJRInSjAT9JPxjQFPmvB9zE/uNbZIUsdhCUuPOHPe/v,3.4752629999999995,6.528241,4.678088
339000,a4/EViBmYJ566CSpWdSAeMJRInSjAT9JPxjQFPmvB9zE/uNbZIUsdhCUuPOHPe/v,3.5317870000000005,6.365542,4.767487
339300,a4/EViBmYJ566CSpWdSAeMJRInSjAT9JPxjQFPmvB9zE/uNbZIUsdhCUuPOHPe/v,3.328469,6.87149,4.616336
339600,a4/EViBmYJ566CSpWdSAeMJRInSjAT9JPxjQFPmvB9zE/uNbZIUsdhCUuPOHPe/v,3.677948,6.686702,4.695611
339900,a4/EViBmYJ566CSpWdSAeMJRInSjAT9JPxjQFPmvB9zE/uNbZIUsdhCUuPOHPe/v,3.416964,10.281347,5.382432
340200,a4/EViBmYJ566CSpWdSAeMJRInSjAT9JPxjQFPmvB9zE/uNbZIUsdhCUuPOHPe/v,3.608972,5.70271,4.520427
340500,a4/EViBmYJ566CSpWdSAeMJRInSjAT9JPxjQFPmvB9zE/uNbZIUsdhCUuPOHPe/v,3.4591089999999998,6.482583,4.434419
340800,a4/EViBmYJ566CSpWdSAeMJRInSjAT9JPxjQFPmvB9zE/uNbZIUsdhCUuPOHPe/v,3.54843,6.813956,4.634318
341100,a4/EViBmYJ566CSpWdSAeMJRInSjAT9JPxjQFPmvB9zE/uNbZIUsdhCUuPOHPe/v,3.3757010000000003,6.370946,4.4260720000000005
341400,a4/EViBmYJ566CSpWdSAeMJRInSjAT9JPxjQFPmvB9zE/uNbZIUsdhCUuPOHPe/v,3.6147949999999995,7.6635800000000005,4.679812999999999
341700,a4/EViBmYJ566CSpWdSAeMJRInSjAT9JPxjQFPmvB9zE/uNbZIUsdhCUuPOHPe/v,3.4346300000000003,7.297308,4.552842
342000,a4/EViBmYJ566CSpWdSAeMJRInSjAT9JPxjQFPmvB9zE/uNbZIUsdhCUuPOHPe/v,3.056098,6.167607,4.403529
342300,a4/EViBmYJ566CSpWdSAeMJRInSjAT9JPxjQFPmvB9zE/uNbZIUsdhCUuPOHPe/v,3.58865,6.270997,4.642066000000001
342600,a4/EViBmYJ566CSpWdSAeMJRInSjAT9JPxjQFPmvB9zE/uNbZIUsdhCUuPOHPe/v,3.016565,5.810480999999999,4.609132
342900,a4/EViBmYJ566CSpWdSAeMJRInSjAT9JPxjQFPmvB9zE/uNbZIUsdhCUuPOHPe/v,3.5174540000000003,7.006333000000001,4.630489
343200,a4/EViBmYJ566CSpWdSAeMJRInSjAT9JPxjQFPmvB9zE/uNbZIUsdhCUuPOHPe/v,3.259477,6.758282,4.637069
343500,a4/EViBmYJ566CSpWdSAeMJRInSjAT9JPxjQFPmvB9zE/uNbZIUsdhCUuPOHPe/v,3.6199160000000004,6.8685279999999995,4.724839
343800,a4/EViBmYJ566CSpWdSAeMJRInSjAT9JPxjQFPmvB9zE/uNbZIUsdhCUuPOHPe/v,3.449075,7.15728,4.710558
344100,a4/EViBmYJ566CSpWdSAeMJRInSjAT9JPxjQFPmvB9zE/uNbZIUsdhCUuPOHPe/v,3.556447,6.453691,4.639889
344400,a4/EViBmYJ566CSpWdSAeMJRInSjAT9JPxjQFPmvB9zE/uNbZIUsdhCUuPOHPe/v,3.2386,6.536519999999999,4.525113
344700,a4/EViBmYJ566CSpWdSAeMJRInSjAT9JPxjQFPmvB9zE/uNbZIUsdhCUuPOHPe/v,3.477168,6.103486,4.480498000000001
345000,a4/EViBmYJ566CSpWdSAeMJRInSjAT9JPxjQFPmvB9zE/uNbZIUsdhCUuPOHPe/v,3.5359190000000003,7.014392999999999,4.663892
345300,a4/EViBmYJ566CSpWdSAeMJRInSjAT9JPxjQFPmvB9zE/uNbZIUsdhCUuPOHPe/v,3.604535,6.315907,4.5252
345600,a4/EViBmYJ566CSpWdSAeMJRInSjAT9JPxjQFPmvB9zE/uNbZIUsdhCUuPOHPe/v,3.4804910000000002,6.19298,4.633995
345900,a4/EViBmYJ566CSpWdSAeMJRInSjAT9JPxjQFPmvB9zE/uNbZIUsdhCUuPOHPe/v,3.577727,6.705978999999999,4.585339
346200,a4/EViBmYJ566CSpWdSAeMJRInSjAT9JPxjQFPmvB9zE/uNbZIUsdhCUuPOHPe/v,3.599296,6.885603999999999,4.802242
346500,a4/EViBmYJ566CSpWdSAeMJRInSjAT9JPxjQFPmvB9zE/uNbZIUsdhCUuPOHPe/v,3.5287879999999996,6.635403999999999,4.562705
346800,a4/EViBmYJ566CSpWdSAeMJRInSjAT9JPxjQFPmvB9zE/uNbZIUsdhCUuPOHPe/v,3.602962,6.6274869999999995,4.466744
347100,a4/EViBmYJ566CSpWdSAeMJRInSjAT9JPxjQFPmvB9zE/uNbZIUsdhCUuPOHPe/v,3.357478,7.095497,4.6851650000000005
347400,a4/EViBmYJ566CSpWdSAeMJRInSjAT9JPxjQFPmvB9zE/uNbZIUsdhCUuPOHPe/v,3.4246839999999996,6.475046,4.56404
347700,a4/EViBmYJ566CSpWdSAeMJRInSjAT9JPxjQFPmvB9zE/uNbZIUsdhCUuPOHPe/v,3.409708,5.905225,4.586467
348000,a4/EViBmYJ566CSpWdSAeMJRInSjAT9JPxjQFPmvB9zE/uNbZIUsdhCUuPOHPe/v,3.4917290000000003,6.766967999999999,4.6420580000000005
348300,a4/EViBmYJ566CSpWdSAeMJRInSjAT9JPxjQFPmvB9zE/uNbZIUsdhCUuPOHPe/v,3.435149,7.026776,4.577618
348600,a4/EViBmYJ566CSpWdSAeMJRInSjAT9JPxjQFPmvB9zE/uNbZIUsdhCUuPOHPe/v,3.153623,6.645039,4.694996
348900,a4/EViBmYJ566CSpWdSAeMJRInSjAT9JPxjQFPmvB9zE/uNbZIUsdhCUuPOHPe/v,3.565657,6.246765,4.537627
349200,a4/EViBmYJ566CSpWdSAeMJRInSjAT9JPxjQFPmvB9zE/uNbZIUsdhCUuPOHPe/v,3.220742,6.453567,4.4898
349500,a4/EViBmYJ566CSpWdSAeMJRInSjAT9JPxjQFPmvB9zE/uNbZIUsdhCUuPOHPe/v,3.5716620000000003,6.77878,4.749904
349800,a4/EViBmYJ566CSpWdSAeMJRInSjAT9JPxjQFPmvB9zE/uNbZIUsdhCUuPOHPe/v,3.4123769999999998,6.923511,4.575219000000001
350100,a4/EViBmYJ566CSpWdSAeMJRInSjAT9JPxjQFPmvB9zE/uNbZIUsdhCUuPOHPe/v,3.3655980000000003,7.123819999999999,4.528453
350400,a4/EViBmYJ566CSpWdSAeMJRInSjAT9JPxjQFPmvB9zE/uNbZIUsdhCUuPOHPe/v,3.6218779999999997,7.226903999999999,4.645892
350700,a4/EViBmYJ566CSpWdSAeMJRInSjAT9JPxjQFPmvB9zE/uNbZIUsdhCUuPOHPe/v,3.259413,6.57362,4.443718
351000,a4/EViBmYJ566CSpWdSAeMJRInSjAT9JPxjQFPmvB9zE/uNbZIUsdhCUuPOHPe/v,3.559239,6.3427690000000005,4.64318
351300,a4/EViBmYJ566CSpWdSAeMJRInSjAT9JPxjQFPmvB9zE/uNbZIUsdhCUuPOHPe/v,3.1072610000000003,6.29096,4.475611
351600,a4/EViBmYJ566CSpWdSAeMJRInSjAT9JPxjQFPmvB9zE/uNbZIUsdhCUuPOHPe/v,3.597671,6.2047300000000005,4.675628
351900,a4/EViBmYJ566CSpWdSAeMJRInSjAT9JPxjQFPmvB9zE/uNbZIUsdhCUuPOHPe/v,3.641475,6.418005,4.5127489999999995
352200,a4/EViBmYJ566CSpWdSAeMJRInSjAT9JPxjQFPmvB9zE/uNbZIUsdhCUuPOHPe/v,3.142839,6.479726,4.573651
352500,a4/EViBmYJ566CSpWdSAeMJRInSjAT9JPxjQFPmvB9zE/uNbZIUsdhCUuPOHPe/v,3.093326,6.527185,4.4057129999999995
352800,a4/EViBmYJ566CSpWdSAeMJRInSjAT9JPxjQFPmvB9zE/uNbZIUsdhCUuPOHPe/v,3.078751,6.50697,4.503305
353100,a4/EViBmYJ566CSpWdSAeMJRInSjAT9JPxjQFPmvB9zE/uNbZIUsdhCUuPOHPe/v,3.602393,7.145255000000001,4.721659
353400,a4/EViBmYJ566CSpWdSAeMJRInSjAT9JPxjQFPmvB9zE/uNbZIUsdhCUuPOHPe/v,3.056587,6.915344999999999,4.457065
353700,a4/EViBmYJ566CSpWdSAeMJRInSjAT9JPxjQFPmvB9zE/uNbZIUsdhCUuPOHPe/v,3.616218,7.199903999999999,4.7019779999999995
354000,a4/EViBmYJ566CSpWdSAeMJRInSjAT9JPxjQFPmvB9zE/uNbZIUsdhCUuPOHPe/v,3.143214,7.047458,4.7172849999999995
354300,a4/EViBmYJ566CSpWdSAeMJRInSjAT9JPxjQFPmvB9zE/uNbZIUsdhCUuPOHPe/v,3.618584,6.571671,4.703458
354600,a4/EViBmYJ566CSpWdSAeMJRInSjAT9JPxjQFPmvB9zE/uNbZIUsdhCUuPOHPe/v,3.185311,6.221069,4.625935
354900,a4/EViBmYJ566CSpWdSAeMJRInSjAT9JPxjQFPmvB9zE/uNbZIUsdhCUuPOHPe/v,3.366651,6.671664,4.5521970000000005
355200,a4/EViBmYJ566CSpWdSAeMJRInSjAT9JPxjQFPmvB9zE/uNbZIUsdhCUuPOHPe/v,3.243346,6.332504,4.59604
355500,a4/EViBmYJ566CSpWdSAeMJRInSjAT9JPxjQFPmvB9zE/uNbZIUsdhCUuPOHPe/v,3.013209,6.0358279999999995,4.479873
355800,a4/EViBmYJ566CSpWdSAeMJRInSjAT9JPxjQFPmvB9zE/uNbZIUsdhCUuPOHPe/v,3.5602089999999995,6.669725,4.723627
356100,a4/EViBmYJ566CSpWdSAeMJRInSjAT9JPxjQFPmvB9zE/uNbZIUsdhCUuPOHPe/v,3.144565,6.96103,4.484425
356400,a4/EViBmYJ566CSpWdSAeMJRInSjAT9JPxjQFPmvB9zE/uNbZIUsdhCUuPOHPe/v,3.6265120000000004,6.80571,4.70488
356700,a4/EViBmYJ566CSpWdSAeMJRInSjAT9JPxjQFPmvB9zE/uNbZIUsdhCUuPOHPe/v,3.094086,6.4101099999999995,4.399305
357000,a4/EViBmYJ566CSpWdSAeMJRInSjAT9JPxjQFPmvB9zE/uNbZIUsdhCUuPOHPe/v,3.3798199999999996,6.57499,4.72693
357300,a4/EViBmYJ566CSpWdSAeMJRInSjAT9JPxjQFPmvB9zE/uNbZIUsdhCUuPOHPe/v,3.248384,6.587644,4.466533999999999
357600,a4/EViBmYJ566CSpWdSAeMJRInSjAT9JPxjQFPmvB9zE/uNbZIUsdhCUuPOHPe/v,3.1519049999999997,6.687285,4.601334
357900,a4/EViBmYJ566CSpWdSAeMJRInSjAT9JPxjQFPmvB9zE/uNbZIUsdhCUuPOHPe/v,3.599416,6.1063220000000005,4.44434
358200,a4/EViBmYJ566CSpWdSAeMJRInSjAT9JPxjQFPmvB9zE/uNbZIUsdhCUuPOHPe/v,3.596981,6.1228489999999995,4.688077
358500,a4/EViBmYJ566CSpWdSAeMJRInSjAT9JPxjQFPmvB9zE/uNbZIUsdhCUuPOHPe/v,3.6080769999999998,5.838722,4.60506
358800,a4/EViBmYJ566CSpWdSAeMJRInSjAT9JPxjQFPmvB9zE/uNbZIUsdhCUuPOHPe/v,3.7872410000000003,6.794928,4.740219000000001
359100,a4/EViBmYJ566CSpWdSAeMJRInSjAT9JPxjQFPmvB9zE/uNbZIUsdhCUuPOHPe/v,3.582995,6.310943,4.631882
359400,a4/EViBmYJ566CSpWdSAeMJRInSjAT9JPxjQFPmvB9zE/uNbZIUsdhCUuPOHPe/v,3.618332,6.375197,4.675818
359700,a4/EViBmYJ566CSpWdSAeMJRInSjAT9JPxjQFPmvB9zE/uNbZIUsdhCUuPOHPe/v,3.5659620000000003,5.974278,4.535476
360000,a4/EViBmYJ566CSpWdSAeMJRInSjAT9JPxjQFPmvB9zE/uNbZIUsdhCUuPOHPe/v,3.5598370000000004,6.8142380000000005,4.675423
360300,a4/EViBmYJ566CSpWdSAeMJRInSjAT9JPxjQFPmvB9zE/uNbZIUsdhCUuPOHPe/v,3.6094809999999997,6.1784669999999995,4.660311
360600,a4/EViBmYJ566CSpWdSAeMJRInSjAT9JPxjQFPmvB9zE/uNbZIUsdhCUuPOHPe/v,3.495749,6.06025,4.538812999999999
360900,a4/EViBmYJ566CSpWdSAeMJRInSjAT9JPxjQFPmvB9zE/uNbZIUsdhCUuPOHPe/v,3.1459029999999997,6.127318,4.443459
361200,a4/EViBmYJ566CSpWdSAeMJRInSjAT9JPxjQFPmvB9zE/uNbZIUsdhCUuPOHPe/v,3.53649,6.343287999999999,4.653379
361500,a4/EViBmYJ566CSpWdSAeMJRInSjAT9JPxjQFPmvB9zE/uNbZIUsdhCUuPOHPe/v,3.3566290000000003,6.149948999999999,4.4905800000000005
361800,a4/EViBmYJ566CSpWdSAeMJRInSjAT9JPxjQFPmvB9zE/uNbZIUsdhCUuPOHPe/v,3.5818269999999997,6.305833,4.792475
362100,a4/EViBmYJ566CSpWdSAeMJRInSjAT9JPxjQFPmvB9zE/uNbZIUsdhCUuPOHPe/v,3.227863,6.3720550000000005,4.503611
362400,a4/EViBmYJ566CSpWdSAeMJRInSjAT9JPxjQFPmvB9zE/uNbZIUsdhCUuPOHPe/v,3.404692,6.540903,4.524566
362700,a4/EViBmYJ566CSpWdSAeMJRInSjAT9JPxjQFPmvB9zE/uNbZIUsdhCUuPOHPe/v,3.221468,6.650599000000001,4.615213
363000,a4/EViBmYJ566CSpWdSAeMJRInSjAT9JPxjQFPmvB9zE/uNbZIUsdhCUuPOHPe/v,3.552043,6.500614,4.667649
363300,a4/EViBmYJ566CSpWdSAeMJRInSjAT9JPxjQFPmvB9zE/uNbZIUsdhCUuPOHPe/v,3.3383589999999996,6.630826,4.608007
363600,a4/EViBmYJ566CSpWdSAeMJRInSjAT9JPxjQFPmvB9zE/uNbZIUsdhCUuPOHPe/v,3.1454419999999996,6.590946000000001,4.540215
363900,a4/EViBmYJ566CSpWdSAeMJRInSjAT9JPxjQFPmvB9zE/uNbZIUsdhCUuPOHPe/v,3.4884720000000002,6.25534,4.6157379999999995
364200,a4/EViBmYJ566CSpWdSAeMJRInSjAT9JPxjQFPmvB9zE/uNbZIUsdhCUuPOHPe/v,3.335871,6.861122999999999,4.624219999999999
364500,a4/EViBmYJ566CSpWdSAeMJRInSjAT9JPxjQFPmvB9zE/uNbZIUsdhCUuPOHPe/v,3.628858,15.726946,5.939067
364800,a4/EViBmYJ566CSpWdSAeMJRInSjAT9JPxjQFPmvB9zE/uNbZIUsdhCUuPOHPe/v,3.1675459999999998,6.4173919999999995,4.578787
365100,a4/EViBmYJ566CSpWdSAeMJRInSjAT9JPxjQFPmvB9zE/uNbZIUsdhCUuPOHPe/v,3.519625,6.361827,4.686468
365400,a4/EViBmYJ566CSpWdSAeMJRInSjAT9JPxjQFPmvB9zE/uNbZIUsdhCUuPOHPe/v,3.476729,6.511103,4.532203
365700,a4/EViBmYJ566CSpWdSAeMJRInSjAT9JPxjQFPmvB9zE/uNbZIUsdhCUuPOHPe/v,3.603611,6.932538,4.706605000000001
366000,a4/EViBmYJ566CSpWdSAeMJRInSjAT9JPxjQFPmvB9zE/uNbZIUsdhCUuPOHPe/v,3.373183,6.083634,4.415518
366300,a4/EViBmYJ566CSpWdSAeMJRInSjAT9JPxjQFPmvB9zE/uNbZIUsdhCUuPOHPe/v,3.241995,6.66628,4.46553
366600,a4/EViBmYJ566CSpWdSAeMJRInSjAT9JPxjQFPmvB9zE/uNbZIUsdhCUuPOHPe/v,3.575043,6.1166599999999995,4.679257
366900,a4/EViBmYJ566CSpWdSAeMJRInSjAT9JPxjQFPmvB9zE/uNbZIUsdhCUuPOHPe/v,3.619648,46.482608,8.145501
367200,a4/EViBmYJ566CSpWdSAeMJRInSjAT9JPxjQFPmvB9zE/uNbZIUsdhCUuPOHPe/v,3.640915,6.692033,4.72101
367500,a4/EViBmYJ566CSpWdSAeMJRInSjAT9JPxjQFPmvB9zE/uNbZIUsdhCUuPOHPe/v,3.4138900000000003,6.862750999999999,4.701775
367800,a4/EViBmYJ566CSpWdSAeMJRInSjAT9JPxjQFPmvB9zE/uNbZIUsdhCUuPOHPe/v,3.5544279999999997,6.737203,4.693141000000001
368100,a4/EViBmYJ566CSpWdSAeMJRInSjAT9JPxjQFPmvB9zE/uNbZIUsdhCUuPOHPe/v,3.256887,6.262805999999999,4.701677
368400,a4/EViBmYJ566CSpWdSAeMJRInSjAT9JPxjQFPmvB9zE/uNbZIUsdhCUuPOHPe/v,3.358623,6.542427,4.6108709999999995
368700,a4/EViBmYJ566CSpWdSAeMJRInSjAT9JPxjQFPmvB9zE/uNbZIUsdhCUuPOHPe/v,3.109612,6.243291,4.553204
369000,a4/EViBmYJ566CSpWdSAeMJRInSjAT9JPxjQFPmvB9zE/uNbZIUsdhCUuPOHPe/v,3.204153,7.039981,4.654256
369300,a4/EViBmYJ566CSpWdSAeMJRInSjAT9JPxjQFPmvB9zE/uNbZIUsdhCUuPOHPe/v,3.4772870000000005,6.431387,4.622356
369600,a4/EViBmYJ566CSpWdSAeMJRInSjAT9JPxjQFPmvB9zE/uNbZIUsdhCUuPOHPe/v,3.316864,6.030648,4.419698
369900,a4/EViBmYJ566CSpWdSAeMJRInSjAT9JPxjQFPmvB9zE/uNbZIUsdhCUuPOHPe/v,3.7376400000000003,6.3640550000000005,4.65057
370200,a4/EViBmYJ566CSpWdSAeMJRInSjAT9JPxjQFPmvB9zE/uNbZIUsdhCUuPOHPe/v,3.574877,6.230282,4.691669
370500,a4/EViBmYJ566CSpWdSAeMJRInSjAT9JPxjQFPmvB9zE/uNbZIUsdhCUuPOHPe/v,3.516267,6.468913,4.660786
370800,a4/EViBmYJ566CSpWdSAeMJRInSjAT9JPxjQFPmvB9zE/uNbZIUsdhCUuPOHPe/v,3.910114,6.103503,4.789795
371100,a4/EViBmYJ566CSpWdSAeMJRInSjAT9JPxjQFPmvB9zE/uNbZIUsdhCUuPOHPe/v,3.4852199999999995,6.148116,4.647346
371400,a4/EViBmYJ566CSpWdSAeMJRInSjAT9JPxjQFPmvB9zE/uNbZIUsdhCUuPOHPe/v,3.498007,6.090971,4.451519
371700,a4/EViBmYJ566CSpWdSAeMJRInSjAT9JPxjQFPmvB9zE/uNbZIUsdhCUuPOHPe/v,3.5918129999999997,6.490651000000001,4.677251
372000,a4/EViBmYJ566CSpWdSAeMJRInSjAT9JPxjQFPmvB9zE/uNbZIUsdhCUuPOHPe/v,3.242983,6.797471000000001,4.478612
372300,a4/EViBmYJ566CSpWdSAeMJRInSjAT9JPxjQFPmvB9zE/uNbZIUsdhCUuPOHPe/v,3.458703,6.973472999999999,4.48511
372600,a4/EViBmYJ566CSpWdSAeMJRInSjAT9JPxjQFPmvB9zE/uNbZIUsdhCUuPOHPe/v,3.683157,6.300123999999999,4.751341
372900,a4/EViBmYJ566CSpWdSAeMJRInSjAT9JPxjQFPmvB9zE/uNbZIUsdhCUuPOHPe/v,3.652535,6.935759,4.562685
373200,a4/EViBmYJ566CSpWdSAeMJRInSjAT9JPxjQFPmvB9zE/uNbZIUsdhCUuPOHPe/v,3.508461,7.1816949999999995,4.790466
373500,a4/EViBmYJ566CSpWdSAeMJRInSjAT9JPxjQFPmvB9zE/uNbZIUsdhCUuPOHPe/v,3.2903010000000004,6.684943,4.6037230000000005
373800,a4/EViBmYJ566CSpWdSAeMJRInSjAT9JPxjQFPmvB9zE/uNbZIUsdhCUuPOHPe/v,3.7960199999999995,6.807085000000001,4.8321190000000005
374100,a4/EViBmYJ566CSpWdSAeMJRInSjAT9JPxjQFPmvB9zE/uNbZIUsdhCUuPOHPe/v,3.243067,6.69849,4.637151
374400,a4/EViBmYJ566CSpWdSAeMJRInSjAT9JPxjQFPmvB9zE/uNbZIUsdhCUuPOHPe/v,3.842056,6.411121,4.768012000000001
374700,a4/EViBmYJ566CSpWdSAeMJRInSjAT9JPxjQFPmvB9zE/uNbZIUsdhCUuPOHPe/v,3.542363,6.203776,4.632833
375000,a4/EViBmYJ566CSpWdSAeMJRInSjAT9JPxjQFPmvB9zE/uNbZIUsdhCUuPOHPe/v,3.419117,6.6569009999999995,4.590228
375300,a4/EViBmYJ566CSpWdSAeMJRInSjAT9JPxjQFPmvB9zE/uNbZIUsdhCUuPOHPe/v,3.523417,5.928176000000001,4.609261
375600,a4/EViBmYJ566CSpWdSAeMJRInSjAT9JPxjQFPmvB9zE/uNbZIUsdhCUuPOHPe/v,3.5295349999999996,6.536484,4.791991
375900,a4/EViBmYJ566CSpWdSAeMJRInSjAT9JPxjQFPmvB9zE/uNbZIUsdhCUuPOHPe/v,3.548838,6.409811,4.565716
376200,a4/EViBmYJ566CSpWdSAeMJRInSjAT9JPxjQFPmvB9zE/uNbZIUsdhCUuPOHPe/v,3.2217569999999998,7.0696509999999995,4.6156489999999994
376500,a4/EViBmYJ566CSpWdSAeMJRInSjAT9JPxjQFPmvB9zE/uNbZIUsdhCUuPOHPe/v,3.6631089999999995,6.199154,4.754931
376800,a4/EViBmYJ566CSpWdSAeMJRInSjAT9JPxjQFPmvB9zE/uNbZIUsdhCUuPOHPe/v,3.22815,6.1925989999999995,4.5175730000000005
377100,a4/EViBmYJ566CSpWdSAeMJRInSjAT9JPxjQFPmvB9zE/uNbZIUsdhCUuPOHPe/v,3.7524370000000005,6.087164,4.785387999999999
377400,a4/EViBmYJ566CSpWdSAeMJRInSjAT9JPxjQFPmvB9zE/uNbZIUsdhCUuPOHPe/v,3.499278,6.806725,4.653953
377700,a4/EViBmYJ566CSpWdSAeMJRInSjAT9JPxjQFPmvB9zE/uNbZIUsdhCUuPOHPe/v,3.319486,6.274858,4.457262999999999
378000,a4/EViBmYJ566CSpWdSAeMJRInSjAT9JPxjQFPmvB9zE/uNbZIUsdhCUuPOHPe/v,3.5145720000000003,6.252768,4.660936
378300,a4/EViBmYJ566CSpWdSAeMJRInSjAT9JPxjQFPmvB9zE/uNbZIUsdhCUuPOHPe/v,3.335116,6.9784690000000005,4.769904
378600,a4/EViBmYJ566CSpWdSAeMJRInSjAT9JPxjQFPmvB9zE/uNbZIUsdhCUuPOHPe/v,3.516267,6.253493,4.7747910000000005
378900,a4/EViBmYJ566CSpWdSAeMJRInSjAT9JPxjQFPmvB9zE/uNbZIUsdhCUuPOHPe/v,3.256088,6.359465,4.664118
379200,a4/EViBmYJ566CSpWdSAeMJRInSjAT9JPxjQFPmvB9zE/uNbZIUsdhCUuPOHPe/v,3.5873150000000003,6.3538120000000005,4.7833190000000005
379500,a4/EViBmYJ566CSpWdSAeMJRInSjAT9JPxjQFPmvB9zE/uNbZIUsdhCUuPOHPe/v,3.442228,6.2678199999999995,4.603683
379800,a4/EViBmYJ566CSpWdSAeMJRInSjAT9JPxjQFPmvB9zE/uNbZIUsdhCUuPOHPe/v,3.3208949999999997,6.192277,4.701982
380100,a4/EViBmYJ566CSpWdSAeMJRInSjAT9JPxjQFPmvB9zE/uNbZIUsdhCUuPOHPe/v,3.495549,6.426262,4.727472
380400,a4/EViBmYJ566CSpWdSAeMJRInSjAT9JPxjQFPmvB9zE/uNbZIUsdhCUuPOHPe/v,3.4618029999999997,6.185425,4.487776
380700,a4/EViBmYJ566CSpWdSAeMJRInSjAT9JPxjQFPmvB9zE/uNbZIUsdhCUuPOHPe/v,3.629258,6.800108,4.648552
381000,a4/EViBmYJ566CSpWdSAeMJRInSjAT9JPxjQFPmvB9zE/uNbZIUsdhCUuPOHPe/v,3.268942,5.9523019999999995,4.531923
381300,a4/EViBmYJ566CSpWdSAeMJRInSjAT9JPxjQFPmvB9zE/uNbZIUsdhCUuPOHPe/v,3.628917,6.389577,4.6453809999999995
381600,a4/EViBmYJ566CSpWdSAeMJRInSjAT9JPxjQFPmvB9zE/uNbZIUsdhCUuPOHPe/v,3.311086,6.560911999999999,4.592429
381900,a4/EViBmYJ566CSpWdSAeMJRInSjAT9JPxjQFPmvB9zE/uNbZIUsdhCUuPOHPe/v,3.7441150000000003,6.283876,4.769372
382200,a4/EViBmYJ566CSpWdSAeMJRInSjAT9JPxjQFPmvB9zE/uNbZIUsdhCUuPOHPe/v,3.5954040000000003,6.12367,4.523467
382500,a4/EViBmYJ566CSpWdSAeMJRInSjAT9JPxjQFPmvB9zE/uNbZIUsdhCUuPOHPe/v,3.635385,6.39429,4.662929
382800,a4/EViBmYJ566CSpWdSAeMJRInSjAT9JPxjQFPmvB9zE/uNbZIUsdhCUuPOHPe/v,3.579738,70.537185,8.692364
383100,a4/EViBmYJ566CSpWdSAeMJRInSjAT9JPxjQFPmvB9zE/uNbZIUsdhCUuPOHPe/v,3.74897,9.303687,5.504179
383400,a4/EViBmYJ566CSpWdSAeMJRInSjAT9JPxjQFPmvB9zE/uNbZIUsdhCUuPOHPe/v,3.58492,6.848292,4.74059
383700,a4/EViBmYJ566CSpWdSAeMJRInSjAT9JPxjQFPmvB9zE/uNbZIUsdhCUuPOHPe/v,3.722171,6.629247,4.7744
384000,a4/EViBmYJ566CSpWdSAeMJRInSjAT9JPxjQFPmvB9zE/uNbZIUsdhCUuPOHPe/v,3.565552,6.988357000000001,4.844169
384300,a4/EViBmYJ566CSpWdSAeMJRInSjAT9JPxjQFPmvB9zE/uNbZIUsdhCUuPOHPe/v,3.5907760000000004,6.738231,4.828833
384600,a4/EViBmYJ566CSpWdSAeMJRInSjAT9JPxjQFPmvB9zE/uNbZIUsdhCUuPOHPe/v,3.690718,6.391936,4.839668
384900,a4/EViBmYJ566CSpWdSAeMJRInSjAT9JPxjQFPmvB9zE/uNbZIUsdhCUuPOHPe/v,3.248817,5.873572,4.380376
385200,a4/EViBmYJ566CSpWdSAeMJRInSjAT9JPxjQFPmvB9zE/uNbZIUsdhCUuPOHPe/v,3.710492,6.945671000000001,4.735264
385500,a4/EViBmYJ566CSpWdSAeMJRInSjAT9JPxjQFPmvB9zE/uNbZIUsdhCUuPOHPe/v,3.324964,6.635186,4.469081
385800,a4/EViBmYJ566CSpWdSAeMJRInSjAT9JPxjQFPmvB9zE/uNbZIUsdhCUuPOHPe/v,3.1440509999999997,6.890664,4.439819
386100,a4/EViBmYJ566CSpWdSAeMJRInSjAT9JPxjQFPmvB9zE/uNbZIUsdhCUuPOHPe/v,3.813193,6.8836509999999995,4.867367
386400,a4/EViBmYJ566CSpWdSAeMJRInSjAT9JPxjQFPmvB9zE/uNbZIUsdhCUuPOHPe/v,3.212488,7.1348910000000005,4.665177
386700,a4/EViBmYJ566CSpWdSAeMJRInSjAT9JPxjQFPmvB9zE/uNbZIUsdhCUuPOHPe/v,3.672593,6.509317,4.708164
387000,a4/EViBmYJ566CSpWdSAeMJRInSjAT9JPxjQFPmvB9zE/uNbZIUsdhCUuPOHPe/v,3.156682,6.876881,4.563408
387300,a4/EViBmYJ566CSpWdSAeMJRInSjAT9JPxjQFPmvB9zE/uNbZIUsdhCUuPOHPe/v,3.655848,6.631232000000001,4.7411650000000005
387600,a4/EViBmYJ566CSpWdSAeMJRInSjAT9JPxjQFPmvB9zE/uNbZIUsdhCUuPOHPe/v,3.234585,6.241203,4.543082
387900,a4/EViBmYJ566CSpWdSAeMJRInSjAT9JPxjQFPmvB9zE/uNbZIUsdhCUuPOHPe/v,3.2539119999999997,6.172191000000001,4.5110470000000005
388200,a4/EViBmYJ566CSpWdSAeMJRInSjAT9JPxjQFPmvB9zE/uNbZIUsdhCUuPOHPe/v,3.166573,5.943536,4.62619
388500,a4/EViBmYJ566CSpWdSAeMJRInSjAT9JPxjQFPmvB9zE/uNbZIUsdhCUuPOHPe/v,3.5023739999999997,6.484813,4.494693
388800,a4/EViBmYJ566CSpWdSAeMJRInSjAT9JPxjQFPmvB9zE/uNbZIUsdhCUuPOHPe/v,3.5551769999999996,5.7938220000000005,4.669636
389100,a4/EViBmYJ566CSpWdSAeMJRInSjAT9JPxjQFPmvB9zE/uNbZIUsdhCUuPOHPe/v,3.413324,6.122808,4.340936
389400,a4/EViBmYJ566CSpWdSAeMJRInSjAT9JPxjQFPmvB9zE/uNbZIUsdhCUuPOHPe/v,3.558267,7.253503,4.786057
389700,a4/EViBmYJ566CSpWdSAeMJRInSjAT9JPxjQFPmvB9zE/uNbZIUsdhCUuPOHPe/v,3.415797,6.5588940000000004,4.656396
390000,a4/EViBmYJ566CSpWdSAeMJRInSjAT9JPxjQFPmvB9zE/uNbZIUsdhCUuPOHPe/v,3.4245300000000003,6.871392999999999,4.641318
390300,a4/EViBmYJ566CSpWdSAeMJRInSjAT9JPxjQFPmvB9zE/uNbZIUsdhCUuPOHPe/v,3.2514060000000002,6.859988,4.689762
390600,a4/EViBmYJ566CSpWdSAeMJRInSjAT9JPxjQFPmvB9zE/uNbZIUsdhCUuPOHPe/v,3.5480379999999996,6.221121,4.650905000000001
390900,a4/EViBmYJ566CSpWdSAeMJRInSjAT9JPxjQFPmvB9zE/uNbZIUsdhCUuPOHPe/v,3.129035,6.4605120000000005,4.586317
391200,a4/EViBmYJ566CSpWdSAeMJRInSjAT9JPxjQFPmvB9zE/uNbZIUsdhCUuPOHPe/v,3.5486769999999996,6.418864,4.729125
391500,a4/EViBmYJ566CSpWdSAeMJRInSjAT9JPxjQFPmvB9zE/uNbZIUsdhCUuPOHPe/v,3.5963339999999997,5.720756,4.68465
391800,a4/EViBmYJ566CSpWdSAeMJRInSjAT9JPxjQFPmvB9zE/uNbZIUsdhCUuPOHPe/v,3.513829,6.428678,4.4786779999999995
392100,a4/EViBmYJ566CSpWdSAeMJRInSjAT9JPxjQFPmvB9zE/uNbZIUsdhCUuPOHPe/v,3.466853,6.378943,4.6471540000000005
392400,a4/EViBmYJ566CSpWdSAeMJRInSjAT9JPxjQFPmvB9zE/uNbZIUsdhCUuPOHPe/v,3.418474,6.28143,4.480435
392700,a4/EViBmYJ566CSpWdSAeMJRInSjAT9JPxjQFPmvB9zE/uNbZIUsdhCUuPOHPe/v,3.568055,6.030516,4.610228
393000,a4/EViBmYJ566CSpWdSAeMJRInSjAT9JPxjQFPmvB9zE/uNbZIUsdhCUuPOHPe/v,3.396172,6.04943,4.459393
393300,a4/EViBmYJ566CSpWdSAeMJRInSjAT9JPxjQFPmvB9zE/uNbZIUsdhCUuPOHPe/v,3.6860720000000002,6.2794360000000005,4.729322
393600,a4/EViBmYJ566CSpWdSAeMJRInSjAT9JPxjQFPmvB9zE/uNbZIUsdhCUuPOHPe/v,3.470444,5.666231,4.470363
393900,a4/EViBmYJ566CSpWdSAeMJRInSjAT9JPxjQFPmvB9zE/uNbZIUsdhCUuPOHPe/v,3.114633,7.141922,4.608193
394200,a4/EViBmYJ566CSpWdSAeMJRInSjAT9JPxjQFPmvB9zE/uNbZIUsdhCUuPOHPe/v,3.740649,6.922524,4.79183
394500,a4/EViBmYJ566CSpWdSAeMJRInSjAT9JPxjQFPmvB9zE/uNbZIUsdhCUuPOHPe/v,3.127836,6.577861,4.795819
394800,a4/EViBmYJ566CSpWdSAeMJRInSjAT9JPxjQFPmvB9zE/uNbZIUsdhCUuPOHPe/v,3.574925,7.126200999999999,4.72649
395100,a4/EViBmYJ566CSpWdSAeMJRInSjAT9JPxjQFPmvB9zE/uNbZIUsdhCUuPOHPe/v,3.571475,7.290462,4.713849
395400,a4/EViBmYJ566CSpWdSAeMJRInSjAT9JPxjQFPmvB9zE/uNbZIUsdhCUuPOHPe/v,3.585925,6.883919000000001,4.632407
395700,a4/EViBmYJ566CSpWdSAeMJRInSjAT9JPxjQFPmvB9zE/uNbZIUsdhCUuPOHPe/v,3.639731,5.725341,4.869863
396000,a4/EViBmYJ566CSpWdSAeMJRInSjAT9JPxjQFPmvB9zE/uNbZIUsdhCUuPOHPe/v,3.603822,7.314447,4.805864
396300,a4/EViBmYJ566CSpWdSAeMJRInSjAT9JPxjQFPmvB9zE/uNbZIUsdhCUuPOHPe/v,3.661055,6.9971,4.693003
396600,a4/EViBmYJ566CSpWdSAeMJRInSjAT9JPxjQFPmvB9zE/uNbZIUsdhCUuPOHPe/v,3.707761,6.591125999999999,4.695591
396900,a4/EViBmYJ566CSpWdSAeMJRInSjAT9JPxjQFPmvB9zE/uNbZIUsdhCUuPOHPe/v,3.4986629999999996,6.570655,4.81554
397200,a4/EViBmYJ566CSpWdSAeMJRInSjAT9JPxjQFPmvB9zE/uNbZIUsdhCUuPOHPe/v,3.4291669999999996,6.612661,4.5922730000000005
397500,a4/EViBmYJ566CSpWdSAeMJRInSjAT9JPxjQFPmvB9zE/uNbZIUsdhCUuPOHPe/v,3.5017300000000002,5.976053,4.6661660000000005
397800,a4/EViBmYJ566CSpWdSAeMJRInSjAT9JPxjQFPmvB9zE/uNbZIUsdhCUuPOHPe/v,3.549494,6.411162,4.580003
398100,a4/EViBmYJ566CSpWdSAeMJRInSjAT9JPxjQFPmvB9zE/uNbZIUsdhCUuPOHPe/v,3.4852730000000003,7.2016860000000005,4.52529
398400,a4/EViBmYJ566CSpWdSAeMJRInSjAT9JPxjQFPmvB9zE/uNbZIUsdhCUuPOHPe/v,3.3752690000000003,7.138731,4.662954
398700,a4/EViBmYJ566CSpWdSAeMJRInSjAT9JPxjQFPmvB9zE/uNbZIUsdhCUuPOHPe/v,3.6073809999999997,6.785933,4.710475
399000,a4/EViBmYJ566CSpWdSAeMJRInSjAT9JPxjQFPmvB9zE/uNbZIUsdhCUuPOHPe/v,3.1125689999999997,6.5758589999999995,4.687315
399300,a4/EViBmYJ566CSpWdSAeMJRInSjAT9JPxjQFPmvB9zE/uNbZIUsdhCUuPOHPe/v,3.380535,6.523371,4.724029
399600,a4/EViBmYJ566CSpWdSAeMJRInSjAT9JPxjQFPmvB9zE/uNbZIUsdhCUuPOHPe/v,3.6531480000000003,7.263797,4.724937000000001
399900,a4/EViBmYJ566CSpWdSAeMJRInSjAT9JPxjQFPmvB9zE/uNbZIUsdhCUuPOHPe/v,3.4238180000000003,6.594100999999999,4.743669000000001
400200,a4/EViBmYJ566CSpWdSAeMJRInSjAT9JPxjQFPmvB9zE/uNbZIUsdhCUuPOHPe/v,3.556806,6.9574300000000004,4.682974
400500,a4/EViBmYJ566CSpWdSAeMJRInSjAT9JPxjQFPmvB9zE/uNbZIUsdhCUuPOHPe/v,3.585371,6.139807,4.586907
400800,a4/EViBmYJ566CSpWdSAeMJRInSjAT9JPxjQFPmvB9zE/uNbZIUsdhCUuPOHPe/v,3.7266519999999996,6.04151,4.7377
401100,a4/EViBmYJ566CSpWdSAeMJRInSjAT9JPxjQFPmvB9zE/uNbZIUsdhCUuPOHPe/v,3.120659,6.193896,4.57606
401400,a4/EViBmYJ566CSpWdSAeMJRInSjAT9JPxjQFPmvB9zE/uNbZIUsdhCUuPOHPe/v,3.51856,6.392211,4.7187339999999995
401700,a4/EViBmYJ566CSpWdSAeMJRInSjAT9JPxjQFPmvB9zE/uNbZIUsdhCUuPOHPe/v,3.152094,6.091653,4.489955999999999
402000,a4/EViBmYJ566CSpWdSAeMJRInSjAT9JPxjQFPmvB9zE/uNbZIUsdhCUuPOHPe/v,3.145131,6.037485,4.465454
402300,a4/EViBmYJ566CSpWdSAeMJRInSjAT9JPxjQFPmvB9zE/uNbZIUsdhCUuPOHPe/v,3.535732,6.481549,4.634794
402600,a4/EViBmYJ566CSpWdSAeMJRInSjAT9JPxjQFPmvB9zE/uNbZIUsdhCUuPOHPe/v,3.6589050000000003,25.647871,6.1909279999999995
402900,a4/EViBmYJ566CSpWdSAeMJRInSjAT9JPxjQFPmvB9zE/uNbZIUsdhCUuPOHPe/v,3.749378,6.163645,4.705332
403200,a4/EViBmYJ566CSpWdSAeMJRInSjAT9JPxjQFPmvB9zE/uNbZIUsdhCUuPOHPe/v,3.320539,6.368628,4.640257
403500,a4/EViBmYJ566CSpWdSAeMJRInSjAT9JPxjQFPmvB9zE/uNbZIUsdhCUuPOHPe/v,3.5759260000000004,6.421672,4.654768
403800,a4/EViBmYJ566CSpWdSAeMJRInSjAT9JPxjQFPmvB9zE/uNbZIUsdhCUuPOHPe/v,3.6461580000000002,7.502961999999999,4.84831
404100,a4/EViBmYJ566CSpWdSAeMJRInSjAT9JPxjQFPmvB9zE/uNbZIUsdhCUuPOHPe/v,3.892928,6.6579429999999995,4.834247
404400,a4/EViBmYJ566CSpWdSAeMJRInSjAT9JPxjQFPmvB9zE/uNbZIUsdhCUuPOHPe/v,3.045213,6.685165,4.733871
404700,a4/EViBmYJ566CSpWdSAeMJRInSjAT9JPxjQFPmvB9zE/uNbZIUsdhCUuPOHPe/v,3.5931669999999998,6.313283,4.690077
405000,a4/EViBmYJ566CSpWdSAeMJRInSjAT9JPxjQFPmvB9zE/uNbZIUsdhCUuPOHPe/v,3.653256,6.420099,4.730045
405300,a4/EViBmYJ566CSpWdSAeMJRInSjAT9JPxjQFPmvB9zE/uNbZIUsdhCUuPOHPe/v,3.312936,6.438537,4.470695
405600,a4/EViBmYJ566CSpWdSAeMJRInSjAT9JPxjQFPmvB9zE/uNbZIUsdhCUuPOHPe/v,3.313393,6.528587,4.660808
405900,a4/EViBmYJ566CSpWdSAeMJRInSjAT9JPxjQFPmvB9zE/uNbZIUsdhCUuPOHPe/v,3.59312,6.980427000000001,4.6558589999999995
406200,a4/EViBmYJ566CSpWdSAeMJRInSjAT9JPxjQFPmvB9zE/uNbZIUsdhCUuPOHPe/v,3.660216,6.657310000000001,4.851971
406500,a4/EViBmYJ566CSpWdSAeMJRInSjAT9JPxjQFPmvB9zE/uNbZIUsdhCUuPOHPe/v,3.636968,6.423575,4.709097
406800,a4/EViBmYJ566CSpWdSAeMJRInSjAT9JPxjQFPmvB9zE/uNbZIUsdhCUuPOHPe/v,3.753632,6.682703999999999,4.792512
407100,a4/EViBmYJ566CSpWdSAeMJRInSjAT9JPxjQFPmvB9zE/uNbZIUsdhCUuPOHPe/v,3.609053,20.762558,5.426908999999999
407400,a4/EViBmYJ566CSpWdSAeMJRInSjAT9JPxjQFPmvB9zE/uNbZIUsdhCUuPOHPe/v,3.707151,6.064413,4.713044
407700,a4/EViBmYJ566CSpWdSAeMJRInSjAT9JPxjQFPmvB9zE/uNbZIUsdhCUuPOHPe/v,3.615514,5.734255,4.650737
408000,a4/EViBmYJ566CSpWdSAeMJRInSjAT9JPxjQFPmvB9zE/uNbZIUsdhCUuPOHPe/v,3.7872470000000003,6.374559,4.8689860000000005
408300,a4/EViBmYJ566CSpWdSAeMJRInSjAT9JPxjQFPmvB9zE/uNbZIUsdhCUuPOHPe/v,3.670243,6.478165,4.777346
408600,a4/EViBmYJ566CSpWdSAeMJRInSjAT9JPxjQFPmvB9zE/uNbZIUsdhCUuPOHPe/v,3.7226690000000002,6.6875800000000005,4.765949
408900,a4/EViBmYJ566CSpWdSAeMJRInSjAT9JPxjQFPmvB9zE/uNbZIUsdhCUuPOHPe/v,3.47159,7.063796000000001,4.631245
409200,a4/EViBmYJ566CSpWdSAeMJRInSjAT9JPxjQFPmvB9zE/uNbZIUsdhCUuPOHPe/v,3.603625,6.798646000000001,4.704871
409500,a4/EViBmYJ566CSpWdSAeMJRInSjAT9JPxjQFPmvB9zE/uNbZIUsdhCUuPOHPe/v,3.899031,5.902617,4.762980000000001
409800,a4/EViBmYJ566CSpWdSAeMJRInSjAT9JPxjQFPmvB9zE/uNbZIUsdhCUuPOHPe/v,3.413925,6.766869,4.740886
410100,a4/EViBmYJ566CSpWdSAeMJRInSjAT9JPxjQFPmvB9zE/uNbZIUsdhCUuPOHPe/v,3.792378,6.838622,4.821527
410400,a4/EViBmYJ566CSpWdSAeMJRInSjAT9JPxjQFPmvB9zE/uNbZIUsdhCUuPOHPe/v,3.511544,6.535705999999999,4.735368
410700,a4/EViBmYJ566CSpWdSAeMJRInSjAT9JPxjQFPmvB9zE/uNbZIUsdhCUuPOHPe/v,3.3178690000000004,6.849055,4.657006
411000,a4/EViBmYJ566CSpWdSAeMJRInSjAT9JPxjQFPmvB9zE/uNbZIUsdhCUuPOHPe/v,3.6452160000000005,6.932564,4.819812000000001
411300,a4/EViBmYJ566CSpWdSAeMJRInSjAT9JPxjQFPmvB9zE/uNbZIUsdhCUuPOHPe/v,3.6387339999999995,6.190051,4.621107
411600,a4/EViBmYJ566CSpWdSAeMJRInSjAT9JPxjQFPmvB9zE/uNbZIUsdhCUuPOHPe/v,3.5772559999999998,6.897821,4.736802
411900,a4/EViBmYJ566CSpWdSAeMJRInSjAT9JPxjQFPmvB9zE/uNbZIUsdhCUuPOHPe/v,3.6497699999999997,6.575997999999999,4.5899339999999995
412200,a4/EViBmYJ566CSpWdSAeMJRInSjAT9JPxjQFPmvB9zE/uNbZIUsdhCUuPOHPe/v,3.548997,6.707607,4.727181
412500,a4/EViBmYJ566CSpWdSAeMJRInSjAT9JPxjQFPmvB9zE/uNbZIUsdhCUuPOHPe/v,3.219548,6.091839,4.479616
412800,a4/EViBmYJ566CSpWdSAeMJRInSjAT9JPxjQFPmvB9zE/uNbZIUsdhCUuPOHPe/v,3.630549,6.578104,4.72961
413100,a4/EViBmYJ566CSpWdSAeMJRInSjAT9JPxjQFPmvB9zE/uNbZIUsdhCUuPOHPe/v,3.2202830000000002,6.891463000000001,4.527471
413400,a4/EViBmYJ566CSpWdSAeMJRInSjAT9JPxjQFPmvB9zE/uNbZIUsdhCUuPOHPe/v,3.063944,6.7478419999999995,4.505301
413700,a4/EViBmYJ566CSpWdSAeMJRInSjAT9JPxjQFPmvB9zE/uNbZIUsdhCUuPOHPe/v,3.740738,6.794208,4.883853
414000,a4/EViBmYJ566CSpWdSAeMJRInSjAT9JPxjQFPmvB9zE/uNbZIUsdhCUuPOHPe/v,3.100232,6.462002,4.634382
414300,a4/EViBmYJ566CSpWdSAeMJRInSjAT9JPxjQFPmvB9zE/uNbZIUsdhCUuPOHPe/v,3.7086360000000003,5.930629,4.675535
414600,a4/EViBmYJ566CSpWdSAeMJRInSjAT9JPxjQFPmvB9zE/uNbZIUsdhCUuPOHPe/v,3.2791699999999997,7.0628839999999995,4.580312
414900,a4/EViBmYJ566CSpWdSAeMJRInSjAT9JPxjQFPmvB9zE/uNbZIUsdhCUuPOHPe/v,3.70169,6.582296,4.595729
415200,a4/EViBmYJ566CSpWdSAeMJRInSjAT9JPxjQFPmvB9zE/uNbZIUsdhCUuPOHPe/v,3.412663,5.84932,4.486312
415500,a4/EViBmYJ566CSpWdSAeMJRInSjAT9JPxjQFPmvB9zE/uNbZIUsdhCUuPOHPe/v,3.734682,6.877736,4.710348000000001
415800,a4/EViBmYJ566CSpWdSAeMJRInSjAT9JPxjQFPmvB9zE/uNbZIUsdhCUuPOHPe/v,3.3844629999999998,6.920316000000001,4.555059
416100,a4/EViBmYJ566CSpWdSAeMJRInSjAT9JPxjQFPmvB9zE/uNbZIUsdhCUuPOHPe/v,3.5477260000000004,7.020289,4.585104
416400,a4/EViBmYJ566CSpWdSAeMJRInSjAT9JPxjQFPmvB9zE/uNbZIUsdhCUuPOHPe/v,3.496165,7.815133,4.766373000000001
416700,a4/EViBmYJ566CSpWdSAeMJRInSjAT9JPxjQFPmvB9zE/uNbZIUsdhCUuPOHPe/v,3.362082,6.578778999999999,4.505222
417000,a4/EViBmYJ566CSpWdSAeMJRInSjAT9JPxjQFPmvB9zE/uNbZIUsdhCUuPOHPe/v,3.356238,6.743391,4.726832
417300,a4/EViBmYJ566CSpWdSAeMJRInSjAT9JPxjQFPmvB9zE/uNbZIUsdhCUuPOHPe/v,3.1422790000000003,6.547105,4.4024589999999995
417600,a4/EViBmYJ566CSpWdSAeMJRInSjAT9JPxjQFPmvB9zE/uNbZIUsdhCUuPOHPe/v,3.405253,7.458178,4.6417470000000005
417900,a4/EViBmYJ566CSpWdSAeMJRInSjAT9JPxjQFPmvB9zE/uNbZIUsdhCUuPOHPe/v,3.436125,6.343754,4.44985
418200,a4/EViBmYJ566CSpWdSAeMJRInSjAT9JPxjQFPmvB9zE/uNbZIUsdhCUuPOHPe/v,3.8617220000000003,5.862982,4.742886
418500,a4/EViBmYJ566CSpWdSAeMJRInSjAT9JPxjQFPmvB9zE/uNbZIUsdhCUuPOHPe/v,3.295575,6.082811,4.533412
418800,a4/EViBmYJ566CSpWdSAeMJRInSjAT9JPxjQFPmvB9zE/uNbZIUsdhCUuPOHPe/v,3.379207,6.701935000000001,4.761678
419100,a4/EViBmYJ566CSpWdSAeMJRInSjAT9JPxjQFPmvB9zE/uNbZIUsdhCUuPOHPe/v,3.774153,6.227498000000001,4.702387
419400,a4/EViBmYJ566CSpWdSAeMJRInSjAT9JPxjQFPmvB9zE/uNbZIUsdhCUuPOHPe/v,3.8185559999999996,6.579700999999999,4.742969
419700,a4/EViBmYJ566CSpWdSAeMJRInSjAT9JPxjQFPmvB9zE/uNbZIUsdhCUuPOHPe/v,3.78398,6.470616000000001,4.657863
420000,a4/EViBmYJ566CSpWdSAeMJRInSjAT9JPxjQFPmvB9zE/uNbZIUsdhCUuPOHPe/v,3.756125,6.023884,4.811491
420300,a4/EViBmYJ566CSpWdSAeMJRInSjAT9JPxjQFPmvB9zE/uNbZIUsdhCUuPOHPe/v,3.5519910000000006,6.05348,4.506969000000001
420600,a4/EViBmYJ566CSpWdSAeMJRInSjAT9JPxjQFPmvB9zE/uNbZIUsdhCUuPOHPe/v,3.512382,6.799783000000001,4.654569
420900,a4/EViBmYJ566CSpWdSAeMJRInSjAT9JPxjQFPmvB9zE/uNbZIUsdhCUuPOHPe/v,3.458827,6.367694999999999,4.648865
421200,a4/EViBmYJ566CSpWdSAeMJRInSjAT9JPxjQFPmvB9zE/uNbZIUsdhCUuPOHPe/v,3.3633349999999997,6.241678,4.544969999999999
421500,a4/EViBmYJ566CSpWdSAeMJRInSjAT9JPxjQFPmvB9zE/uNbZIUsdhCUuPOHPe/v,3.486155,6.779417,4.601463
421800,a4/EViBmYJ566CSpWdSAeMJRInSjAT9JPxjQFPmvB9zE/uNbZIUsdhCUuPOHPe/v,3.484006,6.617126,4.684829
422100,a4/EViBmYJ566CSpWdSAeMJRInSjAT9JPxjQFPmvB9zE/uNbZIUsdhCUuPOHPe/v,3.3946620000000003,6.516736,4.461816000000001
422400,a4/EViBmYJ566CSpWdSAeMJRInSjAT9JPxjQFPmvB9zE/uNbZIUsdhCUuPOHPe/v,3.485114,6.7048380000000005,4.660844
422700,a4/EViBmYJ566CSpWdSAeMJRInSjAT9JPxjQFPmvB9zE/uNbZIUsdhCUuPOHPe/v,3.850044,11.022511,5.002855
423000,a4/EViBmYJ566CSpWdSAeMJRInSjAT9JPxjQFPmvB9zE/uNbZIUsdhCUuPOHPe/v,3.8755330000000003,5.7545470000000005,4.690955000000001
423300,a4/EViBmYJ566CSpWdSAeMJRInSjAT9JPxjQFPmvB9zE/uNbZIUsdhCUuPOHPe/v,3.069987,6.808946000000001,4.604198
423600,a4/EViBmYJ566CSpWdSAeMJRInSjAT9JPxjQFPmvB9zE/uNbZIUsdhCUuPOHPe/v,3.8248330000000004,6.6584389999999996,4.80853
423900,a4/EViBmYJ566CSpWdSAeMJRInSjAT9JPxjQFPmvB9zE/uNbZIUsdhCUuPOHPe/v,3.3640529999999997,6.362435,4.677509
424200,a4/EViBmYJ566CSpWdSAeMJRInSjAT9JPxjQFPmvB9zE/uNbZIUsdhCUuPOHPe/v,3.299267,6.2652849999999995,4.722942
424500,a4/EViBmYJ566CSpWdSAeMJRInSjAT9JPxjQFPmvB9zE/uNbZIUsdhCUuPOHPe/v,3.736543,6.21167,4.683286
424800,a4/EViBmYJ566CSpWdSAeMJRInSjAT9JPxjQFPmvB9zE/uNbZIUsdhCUuPOHPe/v,3.277454,6.674792999999999,4.279158
425100,a4/EViBmYJ566CSpWdSAeMJRInSjAT9JPxjQFPmvB9zE/uNbZIUsdhCUuPOHPe/v,3.6266809999999996,6.452357,4.653121
425400,a4/EViBmYJ566CSpWdSAeMJRInSjAT9JPxjQFPmvB9zE/uNbZIUsdhCUuPOHPe/v,3.470411,6.9389080000000005,4.595358999999999
425700,a4/EViBmYJ566CSpWdSAeMJRInSjAT9JPxjQFPmvB9zE/uNbZIUsdhCUuPOHPe/v,3.4868620000000004,6.548697,4.777648
426000,a4/EViBmYJ566CSpWdSAeMJRInSjAT9JPxjQFPmvB9zE/uNbZIUsdhCUuPOHPe/v,3.3528800000000003,6.95,4.574635
426300,a4/EViBmYJ566CSpWdSAeMJRInSjAT9JPxjQFPmvB9zE/uNbZIUsdhCUuPOHPe/v,3.581157,8.900711,5.470961
426600,a4/EViBmYJ566CSpWdSAeMJRInSjAT9JPxjQFPmvB9zE/uNbZIUsdhCUuPOHPe/v,3.5497099999999997,6.729889999999999,4.607683
426900,a4/EViBmYJ566CSpWdSAeMJRInSjAT9JPxjQFPmvB9zE/uNbZIUsdhCUuPOHPe/v,3.549993,6.95038,4.7208190000000005
427200,a4/EViBmYJ566CSpWdSAeMJRInSjAT9JPxjQFPmvB9zE/uNbZIUsdhCUuPOHPe/v,3.86098,5.94549,4.653864
427500,a4/EViBmYJ566CSpWdSAeMJRInSjAT9JPxjQFPmvB9zE/uNbZIUsdhCUuPOHPe/v,3.4696860000000003,8.334141,4.871039
427800,a4/EViBmYJ566CSpWdSAeMJRInSjAT9JPxjQFPmvB9zE/uNbZIUsdhCUuPOHPe/v,3.7640300000000004,6.493539,4.714354
428100,a4/EViBmYJ566CSpWdSAeMJRInSjAT9JPxjQFPmvB9zE/uNbZIUsdhCUuPOHPe/v,3.713335,7.673525,4.923449
428400,a4/EViBmYJ566CSpWdSAeMJRInSjAT9JPxjQFPmvB9zE/uNbZIUsdhCUuPOHPe/v,3.7957870000000002,6.1429279999999995,4.687792
428700,a4/EViBmYJ566CSpWdSAeMJRInSjAT9JPxjQFPmvB9zE/uNbZIUsdhCUuPOHPe/v,3.7786239999999998,7.508597999999999,4.9217010000000005
429000,a4/EViBmYJ566CSpWdSAeMJRInSjAT9JPxjQFPmvB9zE/uNbZIUsdhCUuPOHPe/v,3.755062,6.419433000000001,4.637919
429300,a4/EViBmYJ566CSpWdSAeMJRInSjAT9JPxjQFPmvB9zE/uNbZIUsdhCUuPOHPe/v,3.3799339999999995,59.758575,9.042988000000001
429600,a4/EViBmYJ566CSpWdSAeMJRInSjAT9JPxjQFPmvB9zE/uNbZIUsdhCUuPOHPe/v,3.69211,7.552881,5.19792
429900,a4/EViBmYJ566CSpWdSAeMJRInSjAT9JPxjQFPmvB9zE/uNbZIUsdhCUuPOHPe/v,3.506454,6.081971,4.705526
430200,a4/EViBmYJ566CSpWdSAeMJRInSjAT9JPxjQFPmvB9zE/uNbZIUsdhCUuPOHPe/v,3.5676650000000003,11.940005000000001,5.536442
430500,a4/EViBmYJ566CSpWdSAeMJRInSjAT9JPxjQFPmvB9zE/uNbZIUsdhCUuPOHPe/v,3.5571410000000006,6.792389999999999,4.68999
430800,a4/EViBmYJ566CSpWdSAeMJRInSjAT9JPxjQFPmvB9zE/uNbZIUsdhCUuPOHPe/v,3.546865,7.821650999999999,5.090212
431100,a4/EViBmYJ566CSpWdSAeMJRInSjAT9JPxjQFPmvB9zE/uNbZIUsdhCUuPOHPe/v,3.322304,6.849613000000001,4.665447
431400,a4/EViBmYJ566CSpWdSAeMJRInSjAT9JPxjQFPmvB9zE/uNbZIUsdhCUuPOHPe/v,3.64299,8.584546000000001,5.025786
431700,a4/EViBmYJ566CSpWdSAeMJRInSjAT9JPxjQFPmvB9zE/uNbZIUsdhCUuPOHPe/v,3.582064,5.912649,4.626963
432000,a4/EViBmYJ566CSpWdSAeMJRInSjAT9JPxjQFPmvB9zE/uNbZIUsdhCUuPOHPe/v,3.7200919999999997,7.814638,4.938971
432300,a4/EViBmYJ566CSpWdSAeMJRInSjAT9JPxjQFPmvB9zE/uNbZIUsdhCUuPOHPe/v,3.694761,8.974975,5.070946
432600,a4/EViBmYJ566CSpWdSAeMJRInSjAT9JPxjQFPmvB9zE/uNbZIUsdhCUuPOHPe/v,3.4954769999999997,5.958771,4.685283
432900,a4/EViBmYJ566CSpWdSAeMJRInSjAT9JPxjQFPmvB9zE/uNbZIUsdhCUuPOHPe/v,3.7596540000000003,8.230512,4.959937
433200,a4/EViBmYJ566CSpWdSAeMJRInSjAT9JPxjQFPmvB9zE/uNbZIUsdhCUuPOHPe/v,3.7489809999999997,7.120245,4.885697
433500,a4/EViBmYJ566CSpWdSAeMJRInSjAT9JPxjQFPmvB9zE/uNbZIUsdhCUuPOHPe/v,3.7463919999999997,6.346512000000001,4.639834
433800,a4/EViBmYJ566CSpWdSAeMJRInSjAT9JPxjQFPmvB9zE/uNbZIUsdhCUuPOHPe/v,3.592072,6.694508,4.814836
434100,a4/EViBmYJ566CSpWdSAeMJRInSjAT9JPxjQFPmvB9zE/uNbZIUsdhCUuPOHPe/v,3.200834,6.528407,4.609507
434400,a4/EViBmYJ566CSpWdSAeMJRInSjAT9JPxjQFPmvB9zE/uNbZIUsdhCUuPOHPe/v,3.667353,6.169443,4.636996
434700,a4/EViBmYJ566CSpWdSAeMJRInSjAT9JPxjQFPmvB9zE/uNbZIUsdhCUuPOHPe/v,3.416283,6.683236999999999,4.613192
435000,a4/EViBmYJ566CSpWdSAeMJRInSjAT9JPxjQFPmvB9zE/uNbZIUsdhCUuPOHPe/v,3.461696,6.4552830000000005,4.849989
435300,a4/EViBmYJ566CSpWdSAeMJRInSjAT9JPxjQFPmvB9zE/uNbZIUsdhCUuPOHPe/v,3.6233150000000003,6.406788,4.8718010000000005
435600,a4/EViBmYJ566CSpWdSAeMJRInSjAT9JPxjQFPmvB9zE/uNbZIUsdhCUuPOHPe/v,3.3300300000000003,7.900391,4.881254
435900,a4/EViBmYJ566CSpWdSAeMJRInSjAT9JPxjQFPmvB9zE/uNbZIUsdhCUuPOHPe/v,3.693914,6.813858,4.864855
436200,a4/EViBmYJ566CSpWdSAeMJRInSjAT9JPxjQFPmvB9zE/uNbZIUsdhCUuPOHPe/v,3.4045620000000003,6.988658,4.738476
436500,a4/EViBmYJ566CSpWdSAeMJRInSjAT9JPxjQFPmvB9zE/uNbZIUsdhCUuPOHPe/v,3.718915,6.494124,4.753119
436800,a4/EViBmYJ566CSpWdSAeMJRInSjAT9JPxjQFPmvB9zE/uNbZIUsdhCUuPOHPe/v,3.388551,6.963207000000001,4.552335
437100,a4/EViBmYJ566CSpWdSAeMJRInSjAT9JPxjQFPmvB9zE/uNbZIUsdhCUuPOHPe/v,3.6136410000000003,6.701206,4.712407
437400,a4/EViBmYJ566CSpWdSAeMJRInSjAT9JPxjQFPmvB9zE/uNbZIUsdhCUuPOHPe/v,3.173947,6.320469,4.387099
437700,a4/EViBmYJ566CSpWdSAeMJRInSjAT9JPxjQFPmvB9zE/uNbZIUsdhCUuPOHPe/v,3.242722,6.608505,4.543022000000001
438000,a4/EViBmYJ566CSpWdSAeMJRInSjAT9JPxjQFPmvB9zE/uNbZIUsdhCUuPOHPe/v,3.193711,7.218489,4.40526
438300,a4/EViBmYJ566CSpWdSAeMJRInSjAT9JPxjQFPmvB9zE/uNbZIUsdhCUuPOHPe/v,3.095491,6.228714,4.542797
438600,a4/EViBmYJ566CSpWdSAeMJRInSjAT9JPxjQFPmvB9zE/uNbZIUsdhCUuPOHPe/v,3.5829730000000004,6.324333,4.684263
438900,a4/EViBmYJ566CSpWdSAeMJRInSjAT9JPxjQFPmvB9zE/uNbZIUsdhCUuPOHPe/v,3.3608029999999998,6.649425,4.721844
439200,a4/EViBmYJ566CSpWdSAeMJRInSjAT9JPxjQFPmvB9zE/uNbZIUsdhCUuPOHPe/v,3.5415669999999997,6.772427,4.653204
439500,a4/EViBmYJ566CSpWdSAeMJRInSjAT9JPxjQFPmvB9zE/uNbZIUsdhCUuPOHPe/v,3.362143,6.680306,4.714581
439800,a4/EViBmYJ566CSpWdSAeMJRInSjAT9JPxjQFPmvB9zE/uNbZIUsdhCUuPOHPe/v,3.5006230000000005,6.365312,4.628251000000001
440100,a4/EViBmYJ566CSpWdSAeMJRInSjAT9JPxjQFPmvB9zE/uNbZIUsdhCUuPOHPe/v,3.1356919999999997,6.2067440000000005,4.619894
440400,a4/EViBmYJ566CSpWdSAeMJRInSjAT9JPxjQFPmvB9zE/uNbZIUsdhCUuPOHPe/v,3.6076080000000004,5.883324,4.538517
440700,a4/EViBmYJ566CSpWdSAeMJRInSjAT9JPxjQFPmvB9zE/uNbZIUsdhCUuPOHPe/v,3.670918,6.255999,4.675095
441000,a4/EViBmYJ566CSpWdSAeMJRInSjAT9JPxjQFPmvB9zE/uNbZIUsdhCUuPOHPe/v,3.139712,5.783887,4.52056
441300,a4/EViBmYJ566CSpWdSAeMJRInSjAT9JPxjQFPmvB9zE/uNbZIUsdhCUuPOHPe/v,3.710097,6.441122,4.673337999999999
441600,a4/EViBmYJ566CSpWdSAeMJRInSjAT9JPxjQFPmvB9zE/uNbZIUsdhCUuPOHPe/v,3.003946,6.503483,4.477137
441900,a4/EViBmYJ566CSpWdSAeMJRInSjAT9JPxjQFPmvB9zE/uNbZIUsdhCUuPOHPe/v,3.765904,6.317035,4.685448
442200,a4/EViBmYJ566CSpWdSAeMJRInSjAT9JPxjQFPmvB9zE/uNbZIUsdhCUuPOHPe/v,3.18135,6.029301,4.521836
442500,a4/EViBmYJ566CSpWdSAeMJRInSjAT9JPxjQFPmvB9zE/uNbZIUsdhCUuPOHPe/v,3.526914,6.399057,4.537399
442800,a4/EViBmYJ566CSpWdSAeMJRInSjAT9JPxjQFPmvB9zE/uNbZIUsdhCUuPOHPe/v,3.3307,6.465148999999999,4.605536
443100,a4/EViBmYJ566CSpWdSAeMJRInSjAT9JPxjQFPmvB9zE/uNbZIUsdhCUuPOHPe/v,3.41344,6.7820149999999995,4.7383440000000006
443400,a4/EViBmYJ566CSpWdSAeMJRInSjAT9JPxjQFPmvB9zE/uNbZIUsdhCUuPOHPe/v,3.4791309999999998,7.531666,4.774519000000001
443700,a4/EViBmYJ566CSpWdSAeMJRInSjAT9JPxjQFPmvB9zE/uNbZIUsdhCUuPOHPe/v,3.097008,6.9341479999999995,4.703513
444000,a4/EViBmYJ566CSpWdSAeMJRInSjAT9JPxjQFPmvB9zE/uNbZIUsdhCUuPOHPe/v,3.4209339999999995,6.6903369999999995,4.69311
444300,a4/EViBmYJ566CSpWdSAeMJRInSjAT9JPxjQFPmvB9zE/uNbZIUsdhCUuPOHPe/v,3.494536,6.979957000000001,4.646293
444600,a4/EViBmYJ566CSpWdSAeMJRInSjAT9JPxjQFPmvB9zE/uNbZIUsdhCUuPOHPe/v,3.430086,6.39391,4.7196050000000005
444900,a4/EViBmYJ566CSpWdSAeMJRInSjAT9JPxjQFPmvB9zE/uNbZIUsdhCUuPOHPe/v,3.657319,5.97443,4.627052
445200,a4/EViBmYJ566CSpWdSAeMJRInSjAT9JPxjQFPmvB9zE/uNbZIUsdhCUuPOHPe/v,3.684072,6.745516,4.76892
445500,a4/EViBmYJ566CSpWdSAeMJRInSjAT9JPxjQFPmvB9zE/uNbZIUsdhCUuPOHPe/v,3.67915,5.861406,4.760485
445800,a4/EViBmYJ566CSpWdSAeMJRInSjAT9JPxjQFPmvB9zE/uNbZIUsdhCUuPOHPe/v,3.339282,5.833811,4.648644
446100,a4/EViBmYJ566CSpWdSAeMJRInSjAT9JPxjQFPmvB9zE/uNbZIUsdhCUuPOHPe/v,3.781225,6.359677,4.724273999999999
446400,a4/EViBmYJ566CSpWdSAeMJRInSjAT9JPxjQFPmvB9zE/uNbZIUsdhCUuPOHPe/v,3.2275009999999997,6.323532,4.658783000000001
446700,a4/EViBmYJ566CSpWdSAeMJRInSjAT9JPxjQFPmvB9zE/uNbZIUsdhCUuPOHPe/v,3.554158,5.911062,4.531208
447000,a4/EViBmYJ566CSpWdSAeMJRInSjAT9JPxjQFPmvB9zE/uNbZIUsdhCUuPOHPe/v,3.3026699999999996,6.532659,4.615121
447300,a4/EViBmYJ566CSpWdSAeMJRInSjAT9JPxjQFPmvB9zE/uNbZIUsdhCUuPOHPe/v,3.605203,6.932158,4.710058
447600,a4/EViBmYJ566CSpWdSAeMJRInSjAT9JPxjQFPmvB9zE/uNbZIUsdhCUuPOHPe/v,3.5781669999999997,7.014583,4.651458
447900,a4/EViBmYJ566CSpWdSAeMJRInSjAT9JPxjQFPmvB9zE/uNbZIUsdhCUuPOHPe/v,3.5143160000000004,6.584343,4.712184
448200,a4/EViBmYJ566CSpWdSAeMJRInSjAT9JPxjQFPmvB9zE/uNbZIUsdhCUuPOHPe/v,3.366913,7.178774000000001,4.53682
448500,a4/EViBmYJ566CSpWdSAeMJRInSjAT9JPxjQFPmvB9zE/uNbZIUsdhCUuPOHPe/v,3.549638,6.5848070000000005,4.743183
448800,a4/EViBmYJ566CSpWdSAeMJRInSjAT9JPxjQFPmvB9zE/uNbZIUsdhCUuPOHPe/v,2.97662,6.382529,4.479641
449100,a4/EViBmYJ566CSpWdSAeMJRInSjAT9JPxjQFPmvB9zE/uNbZIUsdhCUuPOHPe/v,3.3711089999999997,6.154605,4.795109
449400,a4/EViBmYJ566CSpWdSAeMJRInSjAT9JPxjQFPmvB9zE/uNbZIUsdhCUuPOHPe/v,3.684853,6.48289,4.671003
449700,a4/EViBmYJ566CSpWdSAeMJRInSjAT9JPxjQFPmvB9zE/uNbZIUsdhCUuPOHPe/v,3.242523,6.362618,4.666032
450000,a4/EViBmYJ566CSpWdSAeMJRInSjAT9JPxjQFPmvB9zE/uNbZIUsdhCUuPOHPe/v,3.847321,6.3834480000000005,4.756665
450300,a4/EViBmYJ566CSpWdSAeMJRInSjAT9JPxjQFPmvB9zE/uNbZIUsdhCUuPOHPe/v,3.279645,6.4496519999999995,4.664656
450600,a4/EViBmYJ566CSpWdSAeMJRInSjAT9JPxjQFPmvB9zE/uNbZIUsdhCUuPOHPe/v,3.890347,6.044178,4.692277
450900,a4/EViBmYJ566CSpWdSAeMJRInSjAT9JPxjQFPmvB9zE/uNbZIUsdhCUuPOHPe/v,3.222329,6.249934,4.570164
451200,a4/EViBmYJ566CSpWdSAeMJRInSjAT9JPxjQFPmvB9zE/uNbZIUsdhCUuPOHPe/v,3.536207,6.065469,4.504295
451500,a4/EViBmYJ566CSpWdSAeMJRInSjAT9JPxjQFPmvB9zE/uNbZIUsdhCUuPOHPe/v,3.290492,6.627389,4.42574
451800,a4/EViBmYJ566CSpWdSAeMJRInSjAT9JPxjQFPmvB9zE/uNbZIUsdhCUuPOHPe/v,3.25826,6.973407000000001,4.535532
452100,a4/EViBmYJ566CSpWdSAeMJRInSjAT9JPxjQFPmvB9zE/uNbZIUsdhCUuPOHPe/v,3.487043,7.419696000000001,4.724778
452400,a4/EViBmYJ566CSpWdSAeMJRInSjAT9JPxjQFPmvB9zE/uNbZIUsdhCUuPOHPe/v,3.347198,7.218062,4.622946
452700,a4/EViBmYJ566CSpWdSAeMJRInSjAT9JPxjQFPmvB9zE/uNbZIUsdhCUuPOHPe/v,3.516772,7.124583,4.825906
453000,a4/EViBmYJ566CSpWdSAeMJRInSjAT9JPxjQFPmvB9zE/uNbZIUsdhCUuPOHPe/v,3.5033550000000004,7.008466,4.750738
453300,a4/EViBmYJ566CSpWdSAeMJRInSjAT9JPxjQFPmvB9zE/uNbZIUsdhCUuPOHPe/v,3.4587730000000003,7.383358,4.7125900000000005
453600,a4/EViBmYJ566CSpWdSAeMJRInSjAT9JPxjQFPmvB9zE/uNbZIUsdhCUuPOHPe/v,3.669371,41.308961,7.941927000000001
453900,a4/EViBmYJ566CSpWdSAeMJRInSjAT9JPxjQFPmvB9zE/uNbZIUsdhCUuPOHPe/v,3.727069,6.571217,4.658681
454200,a4/EViBmYJ566CSpWdSAeMJRInSjAT9JPxjQFPmvB9zE/uNbZIUsdhCUuPOHPe/v,2.870572,6.021605,4.565603
454500,a4/EViBmYJ566CSpWdSAeMJRInSjAT9JPxjQFPmvB9zE/uNbZIUsdhCUuPOHPe/v,3.180693,6.602035000000001,4.7720519999999995
454800,a4/EViBmYJ566CSpWdSAeMJRInSjAT9JPxjQFPmvB9zE/uNbZIUsdhCUuPOHPe/v,3.849829,6.477947,4.916906
455100,a4/EViBmYJ566CSpWdSAeMJRInSjAT9JPxjQFPmvB9zE/uNbZIUsdhCUuPOHPe/v,3.6485540000000003,6.344978,4.801391000000001
455400,a4/EViBmYJ566CSpWdSAeMJRInSjAT9JPxjQFPmvB9zE/uNbZIUsdhCUuPOHPe/v,3.748942,6.623452,4.844648
455700,a4/EViBmYJ566CSpWdSAeMJRInSjAT9JPxjQFPmvB9zE/uNbZIUsdhCUuPOHPe/v,3.5391019999999997,6.958264,4.470603
456000,a4/EViBmYJ566CSpWdSAeMJRInSjAT9JPxjQFPmvB9zE/uNbZIUsdhCUuPOHPe/v,3.431806,6.6874080000000005,4.692349
456300,a4/EViBmYJ566CSpWdSAeMJRInSjAT9JPxjQFPmvB9zE/uNbZIUsdhCUuPOHPe/v,3.195837,6.046474,4.453016000000001
456600,a4/EViBmYJ566CSpWdSAeMJRInSjAT9JPxjQFPmvB9zE/uNbZIUsdhCUuPOHPe/v,3.4765269999999995,6.757647,4.750572
456900,a4/EViBmYJ566CSpWdSAeMJRInSjAT9JPxjQFPmvB9zE/uNbZIUsdhCUuPOHPe/v,3.605467,6.531203,4.63047
457200,a4/EViBmYJ566CSpWdSAeMJRInSjAT9JPxjQFPmvB9zE/uNbZIUsdhCUuPOHPe/v,3.603503,7.06445,4.775363
457500,a4/EViBmYJ566CSpWdSAeMJRInSjAT9JPxjQFPmvB9zE/uNbZIUsdhCUuPOHPe/v,3.156324,7.0828050000000005,4.655373
457800,a4/EViBmYJ566CSpWdSAeMJRInSjAT9JPxjQFPmvB9zE/uNbZIUsdhCUuPOHPe/v,3.6273459999999997,60.0033,9.314688
458100,a4/EViBmYJ566CSpWdSAeMJRInSjAT9JPxjQFPmvB9zE/uNbZIUsdhCUuPOHPe/v,3.5338550000000004,6.335671,4.60768
458400,a4/EViBmYJ566CSpWdSAeMJRInSjAT9JPxjQFPmvB9zE/uNbZIUsdhCUuPOHPe/v,3.7421510000000002,6.619582,4.824485
458700,a4/EViBmYJ566CSpWdSAeMJRInSjAT9JPxjQFPmvB9zE/uNbZIUsdhCUuPOHPe/v,3.6316879999999996,6.478682,4.60905
459000,a4/EViBmYJ566CSpWdSAeMJRInSjAT9JPxjQFPmvB9zE/uNbZIUsdhCUuPOHPe/v,3.4241989999999998,6.541085,4.621451
459300,a4/EViBmYJ566CSpWdSAeMJRInSjAT9JPxjQFPmvB9zE/uNbZIUsdhCUuPOHPe/v,3.6645489999999996,6.4157269999999995,4.6165449999999995
459600,a4/EViBmYJ566CSpWdSAeMJRInSjAT9JPxjQFPmvB9zE/uNbZIUsdhCUuPOHPe/v,3.520608,6.114782,4.652695
459900,a4/EViBmYJ566CSpWdSAeMJRInSjAT9JPxjQFPmvB9zE/uNbZIUsdhCUuPOHPe/v,3.346859,6.681048,4.396143
460200,a4/EViBmYJ566CSpWdSAeMJRInSjAT9JPxjQFPmvB9zE/uNbZIUsdhCUuPOHPe/v,3.54041,6.216826999999999,4.486562
460500,a4/EViBmYJ566CSpWdSAeMJRInSjAT9JPxjQFPmvB9zE/uNbZIUsdhCUuPOHPe/v,3.418114,6.6456479999999996,4.487748000000001
460800,a4/EViBmYJ566CSpWdSAeMJRInSjAT9JPxjQFPmvB9zE/uNbZIUsdhCUuPOHPe/v,3.6538489999999997,6.279664,4.714341
461100,a4/EViBmYJ566CSpWdSAeMJRInSjAT9JPxjQFPmvB9zE/uNbZIUsdhCUuPOHPe/v,3.5967879999999997,6.179839,4.617576000000001
461400,a4/EViBmYJ566CSpWdSAeMJRInSjAT9JPxjQFPmvB9zE/uNbZIUsdhCUuPOHPe/v,3.54636,6.9638100000000005,4.637275
461700,a4/EViBmYJ566CSpWdSAeMJRInSjAT9JPxjQFPmvB9zE/uNbZIUsdhCUuPOHPe/v,3.3929970000000003,6.380311,4.543993
462000,a4/EViBmYJ566CSpWdSAeMJRInSjAT9JPxjQFPmvB9zE/uNbZIUsdhCUuPOHPe/v,3.5749489999999997,6.348669999999999,4.692715
462300,a4/EViBmYJ566CSpWdSAeMJRInSjAT9JPxjQFPmvB9zE/uNbZIUsdhCUuPOHPe/v,3.426468,6.340393,4.461488
462600,a4/EViBmYJ566CSpWdSAeMJRInSjAT9JPxjQFPmvB9zE/uNbZIUsdhCUuPOHPe/v,3.475739,6.435528,4.7219430000000004
462900,a4/EViBmYJ566CSpWdSAeMJRInSjAT9JPxjQFPmvB9zE/uNbZIUsdhCUuPOHPe/v,3.8664519999999998,7.384844999999999,4.823169
463200,a4/EViBmYJ566CSpWdSAeMJRInSjAT9JPxjQFPmvB9zE/uNbZIUsdhCUuPOHPe/v,3.415744,6.683871000000001,4.716628
463500,a4/EViBmYJ566CSpWdSAeMJRInSjAT9JPxjQFPmvB9zE/uNbZIUsdhCUuPOHPe/v,3.713085,6.097596,4.728146
463800,a4/EViBmYJ566CSpWdSAeMJRInSjAT9JPxjQFPmvB9zE/uNbZIUsdhCUuPOHPe/v,3.608232,6.870282,4.629428
464100,a4/EViBmYJ566CSpWdSAeMJRInSjAT9JPxjQFPmvB9zE/uNbZIUsdhCUuPOHPe/v,3.573186,5.917813,4.522737
464400,a4/EViBmYJ566CSpWdSAeMJRInSjAT9JPxjQFPmvB9zE/uNbZIUsdhCUuPOHPe/v,3.418714,6.163323,4.419944
464700,a4/EViBmYJ566CSpWdSAeMJRInSjAT9JPxjQFPmvB9zE/uNbZIUsdhCUuPOHPe/v,3.590518,6.818452000000001,4.650869
465000,a4/EViBmYJ566CSpWdSAeMJRInSjAT9JPxjQFPmvB9zE/uNbZIUsdhCUuPOHPe/v,3.258755,6.564850999999999,4.570666
465300,a4/EViBmYJ566CSpWdSAeMJRInSjAT9JPxjQFPmvB9zE/uNbZIUsdhCUuPOHPe/v,3.3254339999999996,7.136583,4.540983
465600,a4/EViBmYJ566CSpWdSAeMJRInSjAT9JPxjQFPmvB9zE/uNbZIUsdhCUuPOHPe/v,3.591661,6.304616,4.837508000000001
465900,a4/EViBmYJ566CSpWdSAeMJRInSjAT9JPxjQFPmvB9zE/uNbZIUsdhCUuPOHPe/v,3.632966,7.139916,4.586389
466200,a4/EViBmYJ566CSpWdSAeMJRInSjAT9JPxjQFPmvB9zE/uNbZIUsdhCUuPOHPe/v,3.4819379999999995,7.2339910000000005,4.757318
466500,a4/EViBmYJ566CSpWdSAeMJRInSjAT9JPxjQFPmvB9zE/uNbZIUsdhCUuPOHPe/v,3.485621,7.162603,4.592605000000001
466800,a4/EViBmYJ566CSpWdSAeMJRInSjAT9JPxjQFPmvB9zE/uNbZIUsdhCUuPOHPe/v,3.6761120000000003,6.630742,4.627326
467100,a4/EViBmYJ566CSpWdSAeMJRInSjAT9JPxjQFPmvB9zE/uNbZIUsdhCUuPOHPe/v,3.600076,6.145847,4.547697
467400,a4/EViBmYJ566CSpWdSAeMJRInSjAT9JPxjQFPmvB9zE/uNbZIUsdhCUuPOHPe/v,3.6951650000000003,6.173346,4.631003
467700,a4/EViBmYJ566CSpWdSAeMJRInSjAT9JPxjQFPmvB9zE/uNbZIUsdhCUuPOHPe/v,3.664851,5.969705,4.491326
468000,a4/EViBmYJ566CSpWdSAeMJRInSjAT9JPxjQFPmvB9zE/uNbZIUsdhCUuPOHPe/v,3.508917,7.626125,4.67532
468300,a4/EViBmYJ566CSpWdSAeMJRInSjAT9JPxjQFPmvB9zE/uNbZIUsdhCUuPOHPe/v,3.624335,7.554667,4.7693650000000005
468600,a4/EViBmYJ566CSpWdSAeMJRInSjAT9JPxjQFPmvB9zE/uNbZIUsdhCUuPOHPe/v,3.7848309999999996,6.589124000000001,4.6372
468900,a4/EViBmYJ566CSpWdSAeMJRInSjAT9JPxjQFPmvB9zE/uNbZIUsdhCUuPOHPe/v,3.6337129999999997,15.049771,5.711571
469200,a4/EViBmYJ566CSpWdSAeMJRInSjAT9JPxjQFPmvB9zE/uNbZIUsdhCUuPOHPe/v,3.5302949999999997,6.257473,4.855512
469500,a4/EViBmYJ566CSpWdSAeMJRInSjAT9JPxjQFPmvB9zE/uNbZIUsdhCUuPOHPe/v,3.575109,12.916755,5.443219999999999
469800,a4/EViBmYJ566CSpWdSAeMJRInSjAT9JPxjQFPmvB9zE/uNbZIUsdhCUuPOHPe/v,3.4870099999999997,6.720960000000001,4.7168529999999995
470100,a4/EViBmYJ566CSpWdSAeMJRInSjAT9JPxjQFPmvB9zE/uNbZIUsdhCUuPOHPe/v,3.462961,6.363311,4.594484
470400,a4/EViBmYJ566CSpWdSAeMJRInSjAT9JPxjQFPmvB9zE/uNbZIUsdhCUuPOHPe/v,3.509993,9.251135000000001,5.303584
470700,a4/EViBmYJ566CSpWdSAeMJRInSjAT9JPxjQFPmvB9zE/uNbZIUsdhCUuPOHPe/v,3.294122,6.005769,4.63134
471000,a4/EViBmYJ566CSpWdSAeMJRInSjAT9JPxjQFPmvB9zE/uNbZIUsdhCUuPOHPe/v,3.487711,6.333378,4.646388
471300,a4/EViBmYJ566CSpWdSAeMJRInSjAT9JPxjQFPmvB9zE/uNbZIUsdhCUuPOHPe/v,3.300336,5.614928,4.585687999999999
471600,a4/EViBmYJ566CSpWdSAeMJRInSjAT9JPxjQFPmvB9zE/uNbZIUsdhCUuPOHPe/v,3.731957,5.88099,4.670329
471900,a4/EViBmYJ566CSpWdSAeMJRInSjAT9JPxjQFPmvB9zE/uNbZIUsdhCUuPOHPe/v,3.69558,6.079512,4.605201999999999
472200,a4/EViBmYJ566CSpWdSAeMJRInSjAT9JPxjQFPmvB9zE/uNbZIUsdhCUuPOHPe/v,3.6985639999999997,5.4923910000000005,4.70598
472500,a4/EViBmYJ566CSpWdSAeMJRInSjAT9JPxjQFPmvB9zE/uNbZIUsdhCUuPOHPe/v,3.548832,6.4340720000000005,4.576771
472800,a4/EViBmYJ566CSpWdSAeMJRInSjAT9JPxjQFPmvB9zE/uNbZIUsdhCUuPOHPe/v,3.6796339999999996,6.533489,4.692938
473100,a4/EViBmYJ566CSpWdSAeMJRInSjAT9JPxjQFPmvB9zE/uNbZIUsdhCUuPOHPe/v,3.760997,5.901758999999999,4.655779
473400,a4/EViBmYJ566CSpWdSAeMJRInSjAT9JPxjQFPmvB9zE/uNbZIUsdhCUuPOHPe/v,3.4342339999999996,6.6651929999999995,4.71696
473700,a4/EViBmYJ566CSpWdSAeMJRInSjAT9JPxjQFPmvB9zE/uNbZIUsdhCUuPOHPe/v,3.4256269999999995,6.368245,4.668719
474000,a4/EViBmYJ566CSpWdSAeMJRInSjAT9JPxjQFPmvB9zE/uNbZIUsdhCUuPOHPe/v,3.4920080000000002,7.298586,4.788972
474300,a4/EViBmYJ566CSpWdSAeMJRInSjAT9JPxjQFPmvB9zE/uNbZIUsdhCUuPOHPe/v,3.534044,6.525007,4.681296
474600,a4/EViBmYJ566CSpWdSAeMJRInSjAT9JPxjQFPmvB9zE/uNbZIUsdhCUuPOHPe/v,3.379196,6.520434,4.622321
474900,a4/EViBmYJ566CSpWdSAeMJRInSjAT9JPxjQFPmvB9zE/uNbZIUsdhCUuPOHPe/v,3.4586580000000002,6.667197,4.67264
475200,a4/EViBmYJ566CSpWdSAeMJRInSjAT9JPxjQFPmvB9zE/uNbZIUsdhCUuPOHPe/v,3.408686,6.6412119999999994,4.750481
475500,a4/EViBmYJ566CSpWdSAeMJRInSjAT9JPxjQFPmvB9zE/uNbZIUsdhCUuPOHPe/v,3.8189610000000003,7.294107,4.775789
475800,a4/EViBmYJ566CSpWdSAeMJRInSjAT9JPxjQFPmvB9zE/uNbZIUsdhCUuPOHPe/v,3.960232,6.203764,4.711549
476100,a4/EViBmYJ566CSpWdSAeMJRInSjAT9JPxjQFPmvB9zE/uNbZIUsdhCUuPOHPe/v,3.819001,6.27004,4.7420480000000005
476400,a4/EViBmYJ566CSpWdSAeMJRInSjAT9JPxjQFPmvB9zE/uNbZIUsdhCUuPOHPe/v,3.686639,6.312069999999999,4.73543
476700,a4/EViBmYJ566CSpWdSAeMJRInSjAT9JPxjQFPmvB9zE/uNbZIUsdhCUuPOHPe/v,3.5424339999999996,6.445309,4.657430000000001
477000,a4/EViBmYJ566CSpWdSAeMJRInSjAT9JPxjQFPmvB9zE/uNbZIUsdhCUuPOHPe/v,3.743764,6.251802,4.812631
477300,a4/EViBmYJ566CSpWdSAeMJRInSjAT9JPxjQFPmvB9zE/uNbZIUsdhCUuPOHPe/v,3.6031480000000005,5.8245059999999995,4.463553
477600,a4/EViBmYJ566CSpWdSAeMJRInSjAT9JPxjQFPmvB9zE/uNbZIUsdhCUuPOHPe/v,3.4142660000000005,6.463675,4.510622
477900,a4/EViBmYJ566CSpWdSAeMJRInSjAT9JPxjQFPmvB9zE/uNbZIUsdhCUuPOHPe/v,3.426535,6.735349,4.7956449999999995
478200,a4/EViBmYJ566CSpWdSAeMJRInSjAT9JPxjQFPmvB9zE/uNbZIUsdhCUuPOHPe/v,3.4635309999999997,7.129111999999999,4.733618
478500,a4/EViBmYJ566CSpWdSAeMJRInSjAT9JPxjQFPmvB9zE/uNbZIUsdhCUuPOHPe/v,3.6824779999999997,6.696467999999999,4.790198
478800,a4/EViBmYJ566CSpWdSAeMJRInSjAT9JPxjQFPmvB9zE/uNbZIUsdhCUuPOHPe/v,3.567325,6.031373,4.829499
479100,a4/EViBmYJ566CSpWdSAeMJRInSjAT9JPxjQFPmvB9zE/uNbZIUsdhCUuPOHPe/v,3.4855989999999997,7.12447,4.845601
479400,a4/EViBmYJ566CSpWdSAeMJRInSjAT9JPxjQFPmvB9zE/uNbZIUsdhCUuPOHPe/v,3.5619389999999997,7.035247,4.91499
479700,a4/EViBmYJ566CSpWdSAeMJRInSjAT9JPxjQFPmvB9zE/uNbZIUsdhCUuPOHPe/v,3.4735300000000002,6.626763,4.716277
480000,a4/EViBmYJ566CSpWdSAeMJRInSjAT9JPxjQFPmvB9zE/uNbZIUsdhCUuPOHPe/v,3.799543,6.6809899999999995,4.764882
480300,a4/EViBmYJ566CSpWdSAeMJRInSjAT9JPxjQFPmvB9zE/uNbZIUsdhCUuPOHPe/v,3.934131,6.1730279999999995,4.776233
480600,a4/EViBmYJ566CSpWdSAeMJRInSjAT9JPxjQFPmvB9zE/uNbZIUsdhCUuPOHPe/v,3.3393800000000002,6.456307,4.599952
480900,a4/EViBmYJ566CSpWdSAeMJRInSjAT9JPxjQFPmvB9zE/uNbZIUsdhCUuPOHPe/v,3.814113,6.778956,4.8881879999999995
481200,a4/EViBmYJ566CSpWdSAeMJRInSjAT9JPxjQFPmvB9zE/uNbZIUsdhCUuPOHPe/v,3.669771,6.543843,4.690094
481500,a4/EViBmYJ566CSpWdSAeMJRInSjAT9JPxjQFPmvB9zE/uNbZIUsdhCUuPOHPe/v,3.746118,6.288737,4.651243
481800,a4/EViBmYJ566CSpWdSAeMJRInSjAT9JPxjQFPmvB9zE/uNbZIUsdhCUuPOHPe/v,3.785474,5.934918,4.765383
482100,a4/EViBmYJ566CSpWdSAeMJRInSjAT9JPxjQFPmvB9zE/uNbZIUsdhCUuPOHPe/v,3.5285480000000002,32.699411,6.671424000000001
482400,a4/EViBmYJ566CSpWdSAeMJRInSjAT9JPxjQFPmvB9zE/uNbZIUsdhCUuPOHPe/v,3.300139,6.8583289999999995,4.603008999999999
482700,a4/EViBmYJ566CSpWdSAeMJRInSjAT9JPxjQFPmvB9zE/uNbZIUsdhCUuPOHPe/v,3.59091,6.590364,4.719876
483000,a4/EViBmYJ566CSpWdSAeMJRInSjAT9JPxjQFPmvB9zE/uNbZIUsdhCUuPOHPe/v,3.574778,6.741447999999999,4.837582
483300,a4/EViBmYJ566CSpWdSAeMJRInSjAT9JPxjQFPmvB9zE/uNbZIUsdhCUuPOHPe/v,3.429877,6.29922,4.6810529999999995
483600,a4/EViBmYJ566CSpWdSAeMJRInSjAT9JPxjQFPmvB9zE/uNbZIUsdhCUuPOHPe/v,3.6599160000000004,6.666067999999999,4.824008
483900,a4/EViBmYJ566CSpWdSAeMJRInSjAT9JPxjQFPmvB9zE/uNbZIUsdhCUuPOHPe/v,3.561143,7.057725,4.872948
484200,a4/EViBmYJ566CSpWdSAeMJRInSjAT9JPxjQFPmvB9zE/uNbZIUsdhCUuPOHPe/v,3.6723160000000004,6.6256710000000005,4.774441
484500,a4/EViBmYJ566CSpWdSAeMJRInSjAT9JPxjQFPmvB9zE/uNbZIUsdhCUuPOHPe/v,3.3497470000000003,6.491951,4.680542
484800,a4/EViBmYJ566CSpWdSAeMJRInSjAT9JPxjQFPmvB9zE/uNbZIUsdhCUuPOHPe/v,3.157327,6.682167,4.491944999999999
485100,a4/EViBmYJ566CSpWdSAeMJRInSjAT9JPxjQFPmvB9zE/uNbZIUsdhCUuPOHPe/v,3.386972,6.225231,4.579598000000001
485400,a4/EViBmYJ566CSpWdSAeMJRInSjAT9JPxjQFPmvB9zE/uNbZIUsdhCUuPOHPe/v,3.016302,6.241314,4.412711
485700,a4/EViBmYJ566CSpWdSAeMJRInSjAT9JPxjQFPmvB9zE/uNbZIUsdhCUuPOHPe/v,3.663614,6.5529470000000005,4.661272
486000,a4/EViBmYJ566CSpWdSAeMJRInSjAT9JPxjQFPmvB9zE/uNbZIUsdhCUuPOHPe/v,3.4847660000000005,6.43816,4.4932419999999995
486300,a4/EViBmYJ566CSpWdSAeMJRInSjAT9JPxjQFPmvB9zE/uNbZIUsdhCUuPOHPe/v,3.70033,5.987596,4.699371
486600,a4/EViBmYJ566CSpWdSAeMJRInSjAT9JPxjQFPmvB9zE/uNbZIUsdhCUuPOHPe/v,3.4004300000000005,6.597794,4.465628
486900,a4/EViBmYJ566CSpWdSAeMJRInSjAT9JPxjQFPmvB9zE/uNbZIUsdhCUuPOHPe/v,3.7154910000000005,6.651166,4.834223000000001
487200,a4/EViBmYJ566CSpWdSAeMJRInSjAT9JPxjQFPmvB9zE/uNbZIUsdhCUuPOHPe/v,3.356533,6.393116,4.703499
487500,a4/EViBmYJ566CSpWdSAeMJRInSjAT9JPxjQFPmvB9zE/uNbZIUsdhCUuPOHPe/v,3.490931,6.1018669999999995,4.6613620000000004
487800,a4/EViBmYJ566CSpWdSAeMJRInSjAT9JPxjQFPmvB9zE/uNbZIUsdhCUuPOHPe/v,3.90432,7.222333,4.941177
488100,a4/EViBmYJ566CSpWdSAeMJRInSjAT9JPxjQFPmvB9zE/uNbZIUsdhCUuPOHPe/v,3.286605,6.655500999999999,4.592181
488400,a4/EViBmYJ566CSpWdSAeMJRInSjAT9JPxjQFPmvB9zE/uNbZIUsdhCUuPOHPe/v,3.455425,7.574481,4.762658999999999
488700,a4/EViBmYJ566CSpWdSAeMJRInSjAT9JPxjQFPmvB9zE/uNbZIUsdhCUuPOHPe/v,3.072263,6.09307,4.462673000000001
489000,a4/EViBmYJ566CSpWdSAeMJRInSjAT9JPxjQFPmvB9zE/uNbZIUsdhCUuPOHPe/v,3.7638059999999998,6.41315,4.7654
489300,a4/EViBmYJ566CSpWdSAeMJRInSjAT9JPxjQFPmvB9zE/uNbZIUsdhCUuPOHPe/v,3.619157,6.827539,4.798374
489600,a4/EViBmYJ566CSpWdSAeMJRInSjAT9JPxjQFPmvB9zE/uNbZIUsdhCUuPOHPe/v,3.645892,6.601577000000001,4.838669
489900,a4/EViBmYJ566CSpWdSAeMJRInSjAT9JPxjQFPmvB9zE/uNbZIUsdhCUuPOHPe/v,3.318258,5.711532,4.7135419999999995
490200,a4/EViBmYJ566CSpWdSAeMJRInSjAT9JPxjQFPmvB9zE/uNbZIUsdhCUuPOHPe/v,3.554854,6.82415,4.862318
490500,a4/EViBmYJ566CSpWdSAeMJRInSjAT9JPxjQFPmvB9zE/uNbZIUsdhCUuPOHPe/v,3.779025,6.450568,4.792535
490800,a4/EViBmYJ566CSpWdSAeMJRInSjAT9JPxjQFPmvB9zE/uNbZIUsdhCUuPOHPe/v,3.408009,5.932383,4.517597
491100,a4/EViBmYJ566CSpWdSAeMJRInSjAT9JPxjQFPmvB9zE/uNbZIUsdhCUuPOHPe/v,3.665598,6.8089070000000005,4.738452
491400,a4/EViBmYJ566CSpWdSAeMJRInSjAT9JPxjQFPmvB9zE/uNbZIUsdhCUuPOHPe/v,3.669875,6.3784410000000005,4.627493
491700,a4/EViBmYJ566CSpWdSAeMJRInSjAT9JPxjQFPmvB9zE/uNbZIUsdhCUuPOHPe/v,3.5452410000000003,6.4464120000000005,4.7168660000000004
492000,a4/EViBmYJ566CSpWdSAeMJRInSjAT9JPxjQFPmvB9zE/uNbZIUsdhCUuPOHPe/v,3.652664,6.1540040000000005,4.553641000000001
492300,a4/EViBmYJ566CSpWdSAeMJRInSjAT9JPxjQFPmvB9zE/uNbZIUsdhCUuPOHPe/v,3.403657,6.500818,4.702428
492600,a4/EViBmYJ566CSpWdSAeMJRInSjAT9JPxjQFPmvB9zE/uNbZIUsdhCUuPOHPe/v,3.276722,6.480926,4.60002
492900,a4/EViBmYJ566CSpWdSAeMJRInSjAT9JPxjQFPmvB9zE/uNbZIUsdhCUuPOHPe/v,3.380486,6.472596,4.5546120000000005
493200,a4/EViBmYJ566CSpWdSAeMJRInSjAT9JPxjQFPmvB9zE/uNbZIUsdhCUuPOHPe/v,3.819931,6.195346,4.729006
493500,a4/EViBmYJ566CSpWdSAeMJRInSjAT9JPxjQFPmvB9zE/uNbZIUsdhCUuPOHPe/v,3.6731510000000003,5.879371,4.633122
493800,a4/EViBmYJ566CSpWdSAeMJRInSjAT9JPxjQFPmvB9zE/uNbZIUsdhCUuPOHPe/v,3.6260160000000003,6.3452980000000005,4.709104
494100,a4/EViBmYJ566CSpWdSAeMJRInSjAT9JPxjQFPmvB9zE/uNbZIUsdhCUuPOHPe/v,3.5731330000000003,6.477635,4.620941999999999
494400,a4/EViBmYJ566CSpWdSAeMJRInSjAT9JPxjQFPmvB9zE/uNbZIUsdhCUuPOHPe/v,3.540635,6.621967999999999,4.5938349999999994
494700,a4/EViBmYJ566CSpWdSAeMJRInSjAT9JPxjQFPmvB9zE/uNbZIUsdhCUuPOHPe/v,3.3049910000000002,6.585519000000001,4.574966000000001
495000,a4/EViBmYJ566CSpWdSAeMJRInSjAT9JPxjQFPmvB9zE/uNbZIUsdhCUuPOHPe/v,3.421642,5.964889,4.730156
495300,a4/EViBmYJ566CSpWdSAeMJRInSjAT9JPxjQFPmvB9zE/uNbZIUsdhCUuPOHPe/v,3.4965879999999996,6.634067,4.629295
495600,a4/EViBmYJ566CSpWdSAeMJRInSjAT9JPxjQFPmvB9zE/uNbZIUsdhCUuPOHPe/v,3.180932,5.9913,4.508268
495900,a4/EViBmYJ566CSpWdSAeMJRInSjAT9JPxjQFPmvB9zE/uNbZIUsdhCUuPOHPe/v,3.5638360000000002,6.973527000000001,4.738459
496200,a4/EViBmYJ566CSpWdSAeMJRInSjAT9JPxjQFPmvB9zE/uNbZIUsdhCUuPOHPe/v,3.328475,6.873655,4.528312000000001
496500,a4/EViBmYJ566CSpWdSAeMJRInSjAT9JPxjQFPmvB9zE/uNbZIUsdhCUuPOHPe/v,3.4958910000000003,6.44424,4.59302
496800,a4/EViBmYJ566CSpWdSAeMJRInSjAT9JPxjQFPmvB9zE/uNbZIUsdhCUuPOHPe/v,3.108055,5.871589,4.413334
497100,a4/EViBmYJ566CSpWdSAeMJRInSjAT9JPxjQFPmvB9zE/uNbZIUsdhCUuPOHPe/v,3.480694,6.409619999999999,4.607572
497400,a4/EViBmYJ566CSpWdSAeMJRInSjAT9JPxjQFPmvB9zE/uNbZIUsdhCUuPOHPe/v,3.507572,7.041204,4.605230000000001
497700,a4/EViBmYJ566CSpWdSAeMJRInSjAT9JPxjQFPmvB9zE/uNbZIUsdhCUuPOHPe/v,3.6811,6.607406,4.560574
498000,a4/EViBmYJ566CSpWdSAeMJRInSjAT9JPxjQFPmvB9zE/uNbZIUsdhCUuPOHPe/v,3.2819769999999995,6.085555,4.711922
498300,a4/EViBmYJ566CSpWdSAeMJRInSjAT9JPxjQFPmvB9zE/uNbZIUsdhCUuPOHPe/v,3.135703,6.051265,4.679353
498600,a4/EViBmYJ566CSpWdSAeMJRInSjAT9JPxjQFPmvB9zE/uNbZIUsdhCUuPOHPe/v,3.797912,6.149072,4.734761
498900,a4/EViBmYJ566CSpWdSAeMJRInSjAT9JPxjQFPmvB9zE/uNbZIUsdhCUuPOHPe/v,3.373328,5.892489,4.714397
499200,a4/EViBmYJ566CSpWdSAeMJRInSjAT9JPxjQFPmvB9zE/uNbZIUsdhCUuPOHPe/v,3.5908010000000004,6.194397,4.64059
499500,a4/EViBmYJ566CSpWdSAeMJRInSjAT9JPxjQFPmvB9zE/uNbZIUsdhCUuPOHPe/v,3.049139,6.449392,4.5155400000000006
499800,a4/EViBmYJ566CSpWdSAeMJRInSjAT9JPxjQFPmvB9zE/uNbZIUsdhCUuPOHPe/v,3.410942,5.810388,4.617538
500100,a4/EViBmYJ566CSpWdSAeMJRInSjAT9JPxjQFPmvB9zE/uNbZIUsdhCUuPOHPe/v,3.0320139999999998,6.9601809999999995,4.41629
500400,a4/EViBmYJ566CSpWdSAeMJRInSjAT9JPxjQFPmvB9zE/uNbZIUsdhCUuPOHPe/v,3.5181660000000003,6.790166999999999,4.682758
500700,a4/EViBmYJ566CSpWdSAeMJRInSjAT9JPxjQFPmvB9zE/uNbZIUsdhCUuPOHPe/v,3.484011,6.966367999999999,4.50429
501000,a4/EViBmYJ566CSpWdSAeMJRInSjAT9JPxjQFPmvB9zE/uNbZIUsdhCUuPOHPe/v,3.271608,6.502201,4.42362
501300,a4/EViBmYJ566CSpWdSAeMJRInSjAT9JPxjQFPmvB9zE/uNbZIUsdhCUuPOHPe/v,3.667762,7.268277,4.760206
501600,a4/EViBmYJ566CSpWdSAeMJRInSjAT9JPxjQFPmvB9zE/uNbZIUsdhCUuPOHPe/v,3.005934,6.4055,4.40494
501900,a4/EViBmYJ566CSpWdSAeMJRInSjAT9JPxjQFPmvB9zE/uNbZIUsdhCUuPOHPe/v,3.688475,6.215511,4.651943
502200,a4/EViBmYJ566CSpWdSAeMJRInSjAT9JPxjQFPmvB9zE/uNbZIUsdhCUuPOHPe/v,3.171446,6.051107,4.546537
502500,a4/EViBmYJ566CSpWdSAeMJRInSjAT9JPxjQFPmvB9zE/uNbZIUsdhCUuPOHPe/v,3.7914830000000004,6.033239,4.675687
502800,a4/EViBmYJ566CSpWdSAeMJRInSjAT9JPxjQFPmvB9zE/uNbZIUsdhCUuPOHPe/v,3.123653,6.03584,4.59505
503100,a4/EViBmYJ566CSpWdSAeMJRInSjAT9JPxjQFPmvB9zE/uNbZIUsdhCUuPOHPe/v,3.67559,6.4803370000000005,4.663373
503400,a4/EViBmYJ566CSpWdSAeMJRInSjAT9JPxjQFPmvB9zE/uNbZIUsdhCUuPOHPe/v,3.812123,6.139583,4.742398000000001
503700,a4/EViBmYJ566CSpWdSAeMJRInSjAT9JPxjQFPmvB9zE/uNbZIUsdhCUuPOHPe/v,3.663586,6.717833000000001,4.615058
504000,a4/EViBmYJ566CSpWdSAeMJRInSjAT9JPxjQFPmvB9zE/uNbZIUsdhCUuPOHPe/v,3.634588,6.214917,4.675713
504300,a4/EViBmYJ566CSpWdSAeMJRInSjAT9JPxjQFPmvB9zE/uNbZIUsdhCUuPOHPe/v,3.557744,39.219621000000004,6.288901
504600,a4/EViBmYJ566CSpWdSAeMJRInSjAT9JPxjQFPmvB9zE/uNbZIUsdhCUuPOHPe/v,3.258281,6.915692999999999,4.639489
504900,a4/EViBmYJ566CSpWdSAeMJRInSjAT9JPxjQFPmvB9zE/uNbZIUsdhCUuPOHPe/v,3.2701189999999998,6.413245,4.639083
505200,a4/EViBmYJ566CSpWdSAeMJRInSjAT9JPxjQFPmvB9zE/uNbZIUsdhCUuPOHPe/v,3.4827410000000003,6.54641,4.652111
505500,a4/EViBmYJ566CSpWdSAeMJRInSjAT9JPxjQFPmvB9zE/uNbZIUsdhCUuPOHPe/v,3.4596620000000002,6.4203410000000005,4.731267
505800,a4/EViBmYJ566CSpWdSAeMJRInSjAT9JPxjQFPmvB9zE/uNbZIUsdhCUuPOHPe/v,3.569894,6.284994999999999,4.711005999999999
506100,a4/EViBmYJ566CSpWdSAeMJRInSjAT9JPxjQFPmvB9zE/uNbZIUsdhCUuPOHPe/v,3.6935239999999996,7.232024000000001,4.8520129999999995
506400,a4/EViBmYJ566CSpWdSAeMJRInSjAT9JPxjQFPmvB9zE/uNbZIUsdhCUuPOHPe/v,3.5676550000000002,6.454804,4.805493
506700,a4/EViBmYJ566CSpWdSAeMJRInSjAT9JPxjQFPmvB9zE/uNbZIUsdhCUuPOHPe/v,3.8063629999999997,6.5037970000000005,4.633545
507000,a4/EViBmYJ566CSpWdSAeMJRInSjAT9JPxjQFPmvB9zE/uNbZIUsdhCUuPOHPe/v,3.3435639999999998,6.327262999999999,4.60337
507300,a4/EViBmYJ566CSpWdSAeMJRInSjAT9JPxjQFPmvB9zE/uNbZIUsdhCUuPOHPe/v,3.7901260000000003,5.9883489999999995,4.659973
507600,a4/EViBmYJ566CSpWdSAeMJRInSjAT9JPxjQFPmvB9zE/uNbZIUsdhCUuPOHPe/v,3.246381,5.850140000000001,4.527349
507900,a4/EViBmYJ566CSpWdSAeMJRInSjAT9JPxjQFPmvB9zE/uNbZIUsdhCUuPOHPe/v,3.4451419999999997,6.780333000000001,4.655286
508200,a4/EViBmYJ566CSpWdSAeMJRInSjAT9JPxjQFPmvB9zE/uNbZIUsdhCUuPOHPe/v,3.393383,6.824727,4.620193
508500,a4/EViBmYJ566CSpWdSAeMJRInSjAT9JPxjQFPmvB9zE/uNbZIUsdhCUuPOHPe/v,3.7318279999999997,6.930488,4.761437
508800,a4/EViBmYJ566CSpWdSAeMJRInSjAT9JPxjQFPmvB9zE/uNbZIUsdhCUuPOHPe/v,3.325828,6.607937,4.674504
509100,a4/EViBmYJ566CSpWdSAeMJRInSjAT9JPxjQFPmvB9zE/uNbZIUsdhCUuPOHPe/v,3.4725639999999998,6.865116,4.789293
509400,a4/EViBmYJ566CSpWdSAeMJRInSjAT9JPxjQFPmvB9zE/uNbZIUsdhCUuPOHPe/v,3.342982,6.4632760000000005,4.81715
509700,a4/EViBmYJ566CSpWdSAeMJRInSjAT9JPxjQFPmvB9zE/uNbZIUsdhCUuPOHPe/v,3.652028,7.758864,5.122447
510000,a4/EViBmYJ566CSpWdSAeMJRInSjAT9JPxjQFPmvB9zE/uNbZIUsdhCUuPOHPe/v,3.452471,7.204289,4.727969
510300,a4/EViBmYJ566CSpWdSAeMJRInSjAT9JPxjQFPmvB9zE/uNbZIUsdhCUuPOHPe/v,3.467643,6.484876,4.615425
510600,a4/EViBmYJ566CSpWdSAeMJRInSjAT9JPxjQFPmvB9zE/uNbZIUsdhCUuPOHPe/v,3.523675,6.444008,4.7040489999999995
510900,a4/EViBmYJ566CSpWdSAeMJRInSjAT9JPxjQFPmvB9zE/uNbZIUsdhCUuPOHPe/v,3.173975,5.95023,4.5205720000000005
511200,a4/EViBmYJ566CSpWdSAeMJRInSjAT9JPxjQFPmvB9zE/uNbZIUsdhCUuPOHPe/v,3.605657,6.3840449999999995,4.751504
511500,a4/EViBmYJ566CSpWdSAeMJRInSjAT9JPxjQFPmvB9zE/uNbZIUsdhCUuPOHPe/v,3.6827970000000003,6.293139,4.654628
511800,a4/EViBmYJ566CSpWdSAeMJRInSjAT9JPxjQFPmvB9zE/uNbZIUsdhCUuPOHPe/v,3.738239,6.317166,4.701223000000001
512100,a4/EViBmYJ566CSpWdSAeMJRInSjAT9JPxjQFPmvB9zE/uNbZIUsdhCUuPOHPe/v,3.553522,6.244915,4.647616
512400,a4/EViBmYJ566CSpWdSAeMJRInSjAT9JPxjQFPmvB9zE/uNbZIUsdhCUuPOHPe/v,3.4931919999999996,6.8472550000000005,4.596753
512700,a4/EViBmYJ566CSpWdSAeMJRInSjAT9JPxjQFPmvB9zE/uNbZIUsdhCUuPOHPe/v,3.7827050000000004,7.665789,4.765042
513000,a4/EViBmYJ566CSpWdSAeMJRInSjAT9JPxjQFPmvB9zE/uNbZIUsdhCUuPOHPe/v,3.495847,11.98933,5.344191
513300,a4/EViBmYJ566CSpWdSAeMJRInSjAT9JPxjQFPmvB9zE/uNbZIUsdhCUuPOHPe/v,3.594978,6.766045,4.745611
513600,a4/EViBmYJ566CSpWdSAeMJRInSjAT9JPxjQFPmvB9zE/uNbZIUsdhCUuPOHPe/v,3.274824,6.579994,4.640889
513900,a4/EViBmYJ566CSpWdSAeMJRInSjAT9JPxjQFPmvB9zE/uNbZIUsdhCUuPOHPe/v,3.646986,6.7503649999999995,4.769153
514200,a4/EViBmYJ566CSpWdSAeMJRInSjAT9JPxjQFPmvB9zE/uNbZIUsdhCUuPOHPe/v,3.38,6.779013000000001,4.753253
514500,a4/EViBmYJ566CSpWdSAeMJRInSjAT9JPxjQFPmvB9zE/uNbZIUsdhCUuPOHPe/v,3.579161,6.200952,4.714616
514800,a4/EViBmYJ566CSpWdSAeMJRInSjAT9JPxjQFPmvB9zE/uNbZIUsdhCUuPOHPe/v,3.4752949999999996,6.821352,4.716064
515100,a4/EViBmYJ566CSpWdSAeMJRInSjAT9JPxjQFPmvB9zE/uNbZIUsdhCUuPOHPe/v,3.543938,6.1767,4.667743
515400,a4/EViBmYJ566CSpWdSAeMJRInSjAT9JPxjQFPmvB9zE/uNbZIUsdhCUuPOHPe/v,3.5950900000000003,6.178853,4.52499
515700,a4/EViBmYJ566CSpWdSAeMJRInSjAT9JPxjQFPmvB9zE/uNbZIUsdhCUuPOHPe/v,3.694917,6.440201999999999,4.52102
516000,a4/EViBmYJ566CSpWdSAeMJRInSjAT9JPxjQFPmvB9zE/uNbZIUsdhCUuPOHPe/v,3.717015,6.560988,4.7805290000000005
516300,a4/EViBmYJ566CSpWdSAeMJRInSjAT9JPxjQFPmvB9zE/uNbZIUsdhCUuPOHPe/v,3.884815,7.926846,4.867922
516600,a4/EViBmYJ566CSpWdSAeMJRInSjAT9JPxjQFPmvB9zE/uNbZIUsdhCUuPOHPe/v,3.8547029999999998,6.930969,4.898658
516900,a4/EViBmYJ566CSpWdSAeMJRInSjAT9JPxjQFPmvB9zE/uNbZIUsdhCUuPOHPe/v,3.707047,7.091046,4.842329
517200,a4/EViBmYJ566CSpWdSAeMJRInSjAT9JPxjQFPmvB9zE/uNbZIUsdhCUuPOHPe/v,3.8264339999999994,6.5704720000000005,4.805989
517500,a4/EViBmYJ566CSpWdSAeMJRInSjAT9JPxjQFPmvB9zE/uNbZIUsdhCUuPOHPe/v,3.549125,7.307616,4.614058
517800,a4/EViBmYJ566CSpWdSAeMJRInSjAT9JPxjQFPmvB9zE/uNbZIUsdhCUuPOHPe/v,3.5045260000000003,6.795821000000001,4.81888
518100,a4/EViBmYJ566CSpWdSAeMJRInSjAT9JPxjQFPmvB9zE/uNbZIUsdhCUuPOHPe/v,3.481315,6.7870740000000005,4.690069
518400,a4/EViBmYJ566CSpWdSAeMJRInSjAT9JPxjQFPmvB9zE/uNbZIUsdhCUuPOHPe/v,3.5434449999999997,8.099234,5.049451
518700,a4/EViBmYJ566CSpWdSAeMJRInSjAT9JPxjQFPmvB9zE/uNbZIUsdhCUuPOHPe/v,3.661603,6.42837,4.8627720000000005
519000,a4/EViBmYJ566CSpWdSAeMJRInSjAT9JPxjQFPmvB9zE/uNbZIUsdhCUuPOHPe/v,3.635131,7.026889,4.9221330000000005
519300,a4/EViBmYJ566CSpWdSAeMJRInSjAT9JPxjQFPmvB9zE/uNbZIUsdhCUuPOHPe/v,3.852759,6.932262,4.903981
519600,a4/EViBmYJ566CSpWdSAeMJRInSjAT9JPxjQFPmvB9zE/uNbZIUsdhCUuPOHPe/v,3.26178,7.265007000000001,4.667218
519900,a4/EViBmYJ566CSpWdSAeMJRInSjAT9JPxjQFPmvB9zE/uNbZIUsdhCUuPOHPe/v,3.999939,6.66823,4.847094
520200,a4/EViBmYJ566CSpWdSAeMJRInSjAT9JPxjQFPmvB9zE/uNbZIUsdhCUuPOHPe/v,3.4566269999999997,6.592633999999999,4.578533
520500,a4/EViBmYJ566CSpWdSAeMJRInSjAT9JPxjQFPmvB9zE/uNbZIUsdhCUuPOHPe/v,2.881818,6.266836,4.470308
520800,a4/EViBmYJ566CSpWdSAeMJRInSjAT9JPxjQFPmvB9zE/uNbZIUsdhCUuPOHPe/v,3.6889800000000004,6.117308,4.694934
521100,a4/EViBmYJ566CSpWdSAeMJRInSjAT9JPxjQFPmvB9zE/uNbZIUsdhCUuPOHPe/v,3.4027760000000002,6.219614,4.465019
521400,a4/EViBmYJ566CSpWdSAeMJRInSjAT9JPxjQFPmvB9zE/uNbZIUsdhCUuPOHPe/v,3.6892,6.784477000000001,4.706721
521700,a4/EViBmYJ566CSpWdSAeMJRInSjAT9JPxjQFPmvB9zE/uNbZIUsdhCUuPOHPe/v,3.3261480000000003,5.63436,4.417847
522000,a4/EViBmYJ566CSpWdSAeMJRInSjAT9JPxjQFPmvB9zE/uNbZIUsdhCUuPOHPe/v,3.522356,6.376005999999999,4.712404
522300,a4/EViBmYJ566CSpWdSAeMJRInSjAT9JPxjQFPmvB9zE/uNbZIUsdhCUuPOHPe/v,3.413506,6.557048,4.524013
522600,a4/EViBmYJ566CSpWdSAeMJRInSjAT9JPxjQFPmvB9zE/uNbZIUsdhCUuPOHPe/v,3.469582,6.6449110000000005,4.685822
522900,a4/EViBmYJ566CSpWdSAeMJRInSjAT9JPxjQFPmvB9zE/uNbZIUsdhCUuPOHPe/v,3.4020980000000005,6.959764999999999,4.574618
523200,a4/EViBmYJ566CSpWdSAeMJRInSjAT9JPxjQFPmvB9zE/uNbZIUsdhCUuPOHPe/v,3.4795839999999996,6.835086,4.528187
523500,a4/EViBmYJ566CSpWdSAeMJRInSjAT9JPxjQFPmvB9zE/uNbZIUsdhCUuPOHPe/v,3.4645870000000003,6.474553,4.675742
523800,a4/EViBmYJ566CSpWdSAeMJRInSjAT9JPxjQFPmvB9zE/uNbZIUsdhCUuPOHPe/v,3.294406,7.054985,4.547338
524100,a4/EViBmYJ566CSpWdSAeMJRInSjAT9JPxjQFPmvB9zE/uNbZIUsdhCUuPOHPe/v,3.5660559999999997,6.1854379999999995,4.536179
524400,a4/EViBmYJ566CSpWdSAeMJRInSjAT9JPxjQFPmvB9zE/uNbZIUsdhCUuPOHPe/v,3.322253,5.785173,4.595039
524700,a4/EViBmYJ566CSpWdSAeMJRInSjAT9JPxjQFPmvB9zE/uNbZIUsdhCUuPOHPe/v,3.7488040000000002,6.702062,4.720182
525000,a4/EViBmYJ566CSpWdSAeMJRInSjAT9JPxjQFPmvB9zE/uNbZIUsdhCUuPOHPe/v,3.224281,5.918266,4.518262
525300,a4/EViBmYJ566CSpWdSAeMJRInSjAT9JPxjQFPmvB9zE/uNbZIUsdhCUuPOHPe/v,3.640079,6.043352,4.659974
525600,a4/EViBmYJ566CSpWdSAeMJRInSjAT9JPxjQFPmvB9zE/uNbZIUsdhCUuPOHPe/v,3.263132,6.5780389999999995,4.632785
525900,a4/EViBmYJ566CSpWdSAeMJRInSjAT9JPxjQFPmvB9zE/uNbZIUsdhCUuPOHPe/v,3.00705,6.5890770000000005,4.502598
526200,a4/EViBmYJ566CSpWdSAeMJRInSjAT9JPxjQFPmvB9zE/uNbZIUsdhCUuPOHPe/v,3.6088089999999995,6.043443,4.62465
526500,a4/EViBmYJ566CSpWdSAeMJRInSjAT9JPxjQFPmvB9zE/uNbZIUsdhCUuPOHPe/v,3.431818,5.725852,4.4227989999999995
526800,a4/EViBmYJ566CSpWdSAeMJRInSjAT9JPxjQFPmvB9zE/uNbZIUsdhCUuPOHPe/v,3.452835,6.94115,4.8019110000000005
527100,a4/EViBmYJ566CSpWdSAeMJRInSjAT9JPxjQFPmvB9zE/uNbZIUsdhCUuPOHPe/v,3.361575,6.839106,4.468973
527400,a4/EViBmYJ566CSpWdSAeMJRInSjAT9JPxjQFPmvB9zE/uNbZIUsdhCUuPOHPe/v,3.4924089999999994,6.918525999999999,4.776829
527700,a4/EViBmYJ566CSpWdSAeMJRInSjAT9JPxjQFPmvB9zE/uNbZIUsdhCUuPOHPe/v,3.348171,6.514781,4.419224
528000,a4/EViBmYJ566CSpWdSAeMJRInSjAT9JPxjQFPmvB9zE/uNbZIUsdhCUuPOHPe/v,3.429857,7.074452000000001,4.648813
528300,a4/EViBmYJ566CSpWdSAeMJRInSjAT9JPxjQFPmvB9zE/uNbZIUsdhCUuPOHPe/v,3.230947,6.475014,4.453752
528600,a4/EViBmYJ566CSpWdSAeMJRInSjAT9JPxjQFPmvB9zE/uNbZIUsdhCUuPOHPe/v,3.504568,6.3871080000000005,4.364391
528900,a4/EViBmYJ566CSpWdSAeMJRInSjAT9JPxjQFPmvB9zE/uNbZIUsdhCUuPOHPe/v,3.700856,6.683475,4.820757
529200,a4/EViBmYJ566CSpWdSAeMJRInSjAT9JPxjQFPmvB9zE/uNbZIUsdhCUuPOHPe/v,3.436157,6.757907,4.752353
529500,a4/EViBmYJ566CSpWdSAeMJRInSjAT9JPxjQFPmvB9zE/uNbZIUsdhCUuPOHPe/v,3.776964,6.079914,4.775537
529800,a4/EViBmYJ566CSpWdSAeMJRInSjAT9JPxjQFPmvB9zE/uNbZIUsdhCUuPOHPe/v,3.3109800000000003,6.152482,4.664594999999999
530100,a4/EViBmYJ566CSpWdSAeMJRInSjAT9JPxjQFPmvB9zE/uNbZIUsdhCUuPOHPe/v,3.8225379999999998,5.895518,4.769783
530400,a4/EViBmYJ566CSpWdSAeMJRInSjAT9JPxjQFPmvB9zE/uNbZIUsdhCUuPOHPe/v,3.342513,6.524481,4.57221
530700,a4/EViBmYJ566CSpWdSAeMJRInSjAT9JPxjQFPmvB9zE/uNbZIUsdhCUuPOHPe/v,3.446358,6.717931,4.618625
531000,a4/EViBmYJ566CSpWdSAeMJRInSjAT9JPxjQFPmvB9zE/uNbZIUsdhCUuPOHPe/v,3.0979970000000003,6.776861,4.506442
531300,a4/EViBmYJ566CSpWdSAeMJRInSjAT9JPxjQFPmvB9zE/uNbZIUsdhCUuPOHPe/v,3.3408839999999995,6.851578,4.561849
531600,a4/EViBmYJ566CSpWdSAeMJRInSjAT9JPxjQFPmvB9zE/uNbZIUsdhCUuPOHPe/v,3.5395830000000004,7.086424000000001,4.747527
531900,a4/EViBmYJ566CSpWdSAeMJRInSjAT9JPxjQFPmvB9zE/uNbZIUsdhCUuPOHPe/v,2.992977,6.651095,4.391426999999999
532200,a4/EViBmYJ566CSpWdSAeMJRInSjAT9JPxjQFPmvB9zE/uNbZIUsdhCUuPOHPe/v,3.420755,7.420310000000001,4.780062
532500,a4/EViBmYJ566CSpWdSAeMJRInSjAT9JPxjQFPmvB9zE/uNbZIUsdhCUuPOHPe/v,3.3056379999999996,6.531005,4.4591
532800,a4/EViBmYJ566CSpWdSAeMJRInSjAT9JPxjQFPmvB9zE/uNbZIUsdhCUuPOHPe/v,3.479521,6.259649,4.567793
533100,a4/EViBmYJ566CSpWdSAeMJRInSjAT9JPxjQFPmvB9zE/uNbZIUsdhCUuPOHPe/v,3.6115160000000004,6.599800999999999,4.720581
533400,a4/EViBmYJ566CSpWdSAeMJRInSjAT9JPxjQFPmvB9zE/uNbZIUsdhCUuPOHPe/v,3.692308,5.867125,4.678466
533700,a4/EViBmYJ566CSpWdSAeMJRInSjAT9JPxjQFPmvB9zE/uNbZIUsdhCUuPOHPe/v,3.2430790000000003,6.067176,4.5601389999999995
534000,a4/EViBmYJ566CSpWdSAeMJRInSjAT9JPxjQFPmvB9zE/uNbZIUsdhCUuPOHPe/v,3.3019800000000004,6.172733,4.653836
534300,a4/EViBmYJ566CSpWdSAeMJRInSjAT9JPxjQFPmvB9zE/uNbZIUsdhCUuPOHPe/v,3.748675,6.684297,4.760256
534600,a4/EViBmYJ566CSpWdSAeMJRInSjAT9JPxjQFPmvB9zE/uNbZIUsdhCUuPOHPe/v,3.2521400000000003,6.0809,4.661992
534900,a4/EViBmYJ566CSpWdSAeMJRInSjAT9JPxjQFPmvB9zE/uNbZIUsdhCUuPOHPe/v,3.692456,6.0775760000000005,4.729857
535200,a4/EViBmYJ566CSpWdSAeMJRInSjAT9JPxjQFPmvB9zE/uNbZIUsdhCUuPOHPe/v,3.543932,6.692492999999999,4.498587000000001
535500,a4/EViBmYJ566CSpWdSAeMJRInSjAT9JPxjQFPmvB9zE/uNbZIUsdhCUuPOHPe/v,3.545085,7.481885000000001,4.714385
535800,a4/EViBmYJ566CSpWdSAeMJRInSjAT9JPxjQFPmvB9zE/uNbZIUsdhCUuPOHPe/v,3.581054,6.343319999999999,4.50712
536100,a4/EViBmYJ566CSpWdSAeMJRInSjAT9JPxjQFPmvB9zE/uNbZIUsdhCUuPOHPe/v,3.505087,6.7451419999999995,4.642979
536400,a4/EViBmYJ566CSpWdSAeMJRInSjAT9JPxjQFPmvB9zE/uNbZIUsdhCUuPOHPe/v,3.474275,6.885341,4.580201000000001
536700,a4/EViBmYJ566CSpWdSAeMJRInSjAT9JPxjQFPmvB9zE/uNbZIUsdhCUuPOHPe/v,3.297569,6.66373,4.450044
537000,a4/EViBmYJ566CSpWdSAeMJRInSjAT9JPxjQFPmvB9zE/uNbZIUsdhCUuPOHPe/v,3.4483449999999998,6.596893,4.670196
537300,a4/EViBmYJ566CSpWdSAeMJRInSjAT9JPxjQFPmvB9zE/uNbZIUsdhCUuPOHPe/v,3.305335,13.202842,4.817946
537600,a4/EViBmYJ566CSpWdSAeMJRInSjAT9JPxjQFPmvB9zE/uNbZIUsdhCUuPOHPe/v,3.848925,6.508057,4.830285
537900,a4/EViBmYJ566CSpWdSAeMJRInSjAT9JPxjQFPmvB9zE/uNbZIUsdhCUuPOHPe/v,3.7484,13.644810999999999,5.556234
538200,a4/EViBmYJ566CSpWdSAeMJRInSjAT9JPxjQFPmvB9zE/uNbZIUsdhCUuPOHPe/v,3.814957,6.645457,4.8350919999999995
538500,a4/EViBmYJ566CSpWdSAeMJRInSjAT9JPxjQFPmvB9zE/uNbZIUsdhCUuPOHPe/v,3.534471,7.844574000000001,4.8582019999999995
538800,a4/EViBmYJ566CSpWdSAeMJRInSjAT9JPxjQFPmvB9zE/uNbZIUsdhCUuPOHPe/v,3.6828239999999997,6.545704,4.72081
539100,a4/EViBmYJ566CSpWdSAeMJRInSjAT9JPxjQFPmvB9zE/uNbZIUsdhCUuPOHPe/v,3.2623900000000003,6.173874,4.448476
539400,a4/EViBmYJ566CSpWdSAeMJRInSjAT9JPxjQFPmvB9zE/uNbZIUsdhCUuPOHPe/v,3.7736629999999995,6.6696990000000005,4.754454
539700,a4/EViBmYJ566CSpWdSAeMJRInSjAT9JPxjQFPmvB9zE/uNbZIUsdhCUuPOHPe/v,3.539368,62.302051,8.191429
540000,a4/EViBmYJ566CSpWdSAeMJRInSjAT9JPxjQFPmvB9zE/uNbZIUsdhCUuPOHPe/v,3.597609,6.868219,4.932205000000001
540300,a4/EViBmYJ566CSpWdSAeMJRInSjAT9JPxjQFPmvB9zE/uNbZIUsdhCUuPOHPe/v,3.5394059999999996,6.670125,4.856186
540600,a4/EViBmYJ566CSpWdSAeMJRInSjAT9JPxjQFPmvB9zE/uNbZIUsdhCUuPOHPe/v,3.5759230000000004,6.712067,4.887854
540900,a4/EViBmYJ566CSpWdSAeMJRInSjAT9JPxjQFPmvB9zE/uNbZIUsdhCUuPOHPe/v,3.6269190000000004,6.940233999999999,4.829033
541200,a4/EViBmYJ566CSpWdSAeMJRInSjAT9JPxjQFPmvB9zE/uNbZIUsdhCUuPOHPe/v,3.2162599999999997,6.740984,4.721878
541500,a4/EViBmYJ566CSpWdSAeMJRInSjAT9JPxjQFPmvB9zE/uNbZIUsdhCUuPOHPe/v,3.6933010000000004,6.596945,4.541394
541800,a4/EViBmYJ566CSpWdSAeMJRInSjAT9JPxjQFPmvB9zE/uNbZIUsdhCUuPOHPe/v,3.087672,6.381054,4.444222
542100,a4/EViBmYJ566CSpWdSAeMJRInSjAT9JPxjQFPmvB9zE/uNbZIUsdhCUuPOHPe/v,3.6136510000000004,6.7068520000000005,4.771236
542400,a4/EViBmYJ566CSpWdSAeMJRInSjAT9JPxjQFPmvB9zE/uNbZIUsdhCUuPOHPe/v,3.538559,6.1844,4.6703410000000005
542700,a4/EViBmYJ566CSpWdSAeMJRInSjAT9JPxjQFPmvB9zE/uNbZIUsdhCUuPOHPe/v,3.723618,6.6808369999999995,4.602113
543000,a4/EViBmYJ566CSpWdSAeMJRInSjAT9JPxjQFPmvB9zE/uNbZIUsdhCUuPOHPe/v,3.716991,6.684611,4.8028260000000005
543300,a4/EViBmYJ566CSpWdSAeMJRInSjAT9JPxjQFPmvB9zE/uNbZIUsdhCUuPOHPe/v,3.690325,6.700844999999999,4.6842809999999995
543600,a4/EViBmYJ566CSpWdSAeMJRInSjAT9JPxjQFPmvB9zE/uNbZIUsdhCUuPOHPe/v,3.768707,6.178625,4.767741
543900,a4/EViBmYJ566CSpWdSAeMJRInSjAT9JPxjQFPmvB9zE/uNbZIUsdhCUuPOHPe/v,3.5739739999999998,32.093134,7.327249
544200,a4/EViBmYJ566CSpWdSAeMJRInSjAT9JPxjQFPmvB9zE/uNbZIUsdhCUuPOHPe/v,3.374627,6.245521,4.698942
544500,a4/EViBmYJ566CSpWdSAeMJRInSjAT9JPxjQFPmvB9zE/uNbZIUsdhCUuPOHPe/v,3.548239,6.042543,4.633322
544800,a4/EViBmYJ566CSpWdSAeMJRInSjAT9JPxjQFPmvB9zE/uNbZIUsdhCUuPOHPe/v,3.427366,6.363048,4.638046
545100,a4/EViBmYJ566CSpWdSAeMJRInSjAT9JPxjQFPmvB9zE/uNbZIUsdhCUuPOHPe/v,3.259489,6.353224,4.651762000000001
545400,a4/EViBmYJ566CSpWdSAeMJRInSjAT9JPxjQFPmvB9zE/uNbZIUsdhCUuPOHPe/v,2.99892,7.247128999999999,4.532164
545700,a4/EViBmYJ566CSpWdSAeMJRInSjAT9JPxjQFPmvB9zE/uNbZIUsdhCUuPOHPe/v,3.290039,6.202301,4.577812000000001
546000,a4/EViBmYJ566CSpWdSAeMJRInSjAT9JPxjQFPmvB9zE/uNbZIUsdhCUuPOHPe/v,3.031784,6.692038,4.317074
546300,a4/EViBmYJ566CSpWdSAeMJRInSjAT9JPxjQFPmvB9zE/uNbZIUsdhCUuPOHPe/v,3.4259459999999997,6.581755,4.502346
546600,a4/EViBmYJ566CSpWdSAeMJRInSjAT9JPxjQFPmvB9zE/uNbZIUsdhCUuPOHPe/v,3.300841,5.913412999999999,4.4431080000000005
546900,a4/EViBmYJ566CSpWdSAeMJRInSjAT9JPxjQFPmvB9zE/uNbZIUsdhCUuPOHPe/v,3.5844089999999995,5.927266,4.611264
547200,a4/EViBmYJ566CSpWdSAeMJRInSjAT9JPxjQFPmvB9zE/uNbZIUsdhCUuPOHPe/v,3.2921400000000003,6.108924,4.549395
547500,a4/EViBmYJ566CSpWdSAeMJRInSjAT9JPxjQFPmvB9zE/uNbZIUsdhCUuPOHPe/v,3.8928309999999997,6.211255,4.72959
547800,a4/EViBmYJ566CSpWdSAeMJRInSjAT9JPxjQFPmvB9zE/uNbZIUsdhCUuPOHPe/v,3.3738309999999996,7.066895,4.607174
548100,a4/EViBmYJ566CSpWdSAeMJRInSjAT9JPxjQFPmvB9zE/uNbZIUsdhCUuPOHPe/v,3.5037540000000003,6.151235,4.5281769999999995
548400,a4/EViBmYJ566CSpWdSAeMJRInSjAT9JPxjQFPmvB9zE/uNbZIUsdhCUuPOHPe/v,3.443796,7.076250999999999,4.706876
548700,a4/EViBmYJ566CSpWdSAeMJRInSjAT9JPxjQFPmvB9zE/uNbZIUsdhCUuPOHPe/v,3.4267489999999996,7.251339999999999,4.673826
549000,a4/EViBmYJ566CSpWdSAeMJRInSjAT9JPxjQFPmvB9zE/uNbZIUsdhCUuPOHPe/v,3.4624080000000004,6.756692999999999,4.657101
549300,a4/EViBmYJ566CSpWdSAeMJRInSjAT9JPxjQFPmvB9zE/uNbZIUsdhCUuPOHPe/v,3.3446300000000004,6.542243,4.591816000000001
549600,a4/EViBmYJ566CSpWdSAeMJRInSjAT9JPxjQFPmvB9zE/uNbZIUsdhCUuPOHPe/v,3.6371800000000003,6.629828,4.731758
549900,a4/EViBmYJ566CSpWdSAeMJRInSjAT9JPxjQFPmvB9zE/uNbZIUsdhCUuPOHPe/v,3.3711830000000003,6.144788,4.695777
550200,a4/EViBmYJ566CSpWdSAeMJRInSjAT9JPxjQFPmvB9zE/uNbZIUsdhCUuPOHPe/v,3.5598389999999998,6.580752,4.798771
550500,a4/EViBmYJ566CSpWdSAeMJRInSjAT9JPxjQFPmvB9zE/uNbZIUsdhCUuPOHPe/v,3.389925,6.3042419999999995,4.620055000000001
550800,a4/EViBmYJ566CSpWdSAeMJRInSjAT9JPxjQFPmvB9zE/uNbZIUsdhCUuPOHPe/v,3.7172160000000005,7.387485000000001,4.977875
551100,a4/EViBmYJ566CSpWdSAeMJRInSjAT9JPxjQFPmvB9zE/uNbZIUsdhCUuPOHPe/v,3.6985989999999997,6.226036,4.686192
551400,a4/EViBmYJ566CSpWdSAeMJRInSjAT9JPxjQFPmvB9zE/uNbZIUsdhCUuPOHPe/v,3.7333760000000002,16.268164000000002,5.454072
551700,a4/EViBmYJ566CSpWdSAeMJRInSjAT9JPxjQFPmvB9zE/uNbZIUsdhCUuPOHPe/v,3.6374739999999997,6.290851,4.629741
552000,a4/EViBmYJ566CSpWdSAeMJRInSjAT9JPxjQFPmvB9zE/uNbZIUsdhCUuPOHPe/v,3.7637089999999995,5.8937800000000005,4.644055000000001
552300,a4/EViBmYJ566CSpWdSAeMJRInSjAT9JPxjQFPmvB9zE/uNbZIUsdhCUuPOHPe/v,3.7909919999999997,6.090323000000001,4.652
552600,a4/EViBmYJ566CSpWdSAeMJRInSjAT9JPxjQFPmvB9zE/uNbZIUsdhCUuPOHPe/v,3.466432,6.348389,4.625018
552900,a4/EViBmYJ566CSpWdSAeMJRInSjAT9JPxjQFPmvB9zE/uNbZIUsdhCUuPOHPe/v,3.1086720000000003,5.967675,4.617379
553200,a4/EViBmYJ566CSpWdSAeMJRInSjAT9JPxjQFPmvB9zE/uNbZIUsdhCUuPOHPe/v,3.663132,6.903977,4.873278
553500,a4/EViBmYJ566CSpWdSAeMJRInSjAT9JPxjQFPmvB9zE/uNbZIUsdhCUuPOHPe/v,3.4594970000000003,7.073986,4.67365
553800,a4/EViBmYJ566CSpWdSAeMJRInSjAT9JPxjQFPmvB9zE/uNbZIUsdhCUuPOHPe/v,3.492979,6.638261,4.8110029999999995
554100,a4/EViBmYJ566CSpWdSAeMJRInSjAT9JPxjQFPmvB9zE/uNbZIUsdhCUuPOHPe/v,3.248397,6.669517999999999,4.674980000000001
554400,a4/EViBmYJ566CSpWdSAeMJRInSjAT9JPxjQFPmvB9zE/uNbZIUsdhCUuPOHPe/v,3.4027589999999996,6.527294,4.719539
554700,a4/EViBmYJ566CSpWdSAeMJRInSjAT9JPxjQFPmvB9zE/uNbZIUsdhCUuPOHPe/v,3.325775,6.471359,4.505014
555000,a4/EViBmYJ566CSpWdSAeMJRInSjAT9JPxjQFPmvB9zE/uNbZIUsdhCUuPOHPe/v,3.5782769999999995,6.185974,4.696915
555300,a4/EViBmYJ566CSpWdSAeMJRInSjAT9JPxjQFPmvB9zE/uNbZIUsdhCUuPOHPe/v,3.509189,6.434673,4.535131
555600,a4/EViBmYJ566CSpWdSAeMJRInSjAT9JPxjQFPmvB9zE/uNbZIUsdhCUuPOHPe/v,3.7869870000000003,6.6853229999999995,4.698825
555900,a4/EViBmYJ566CSpWdSAeMJRInSjAT9JPxjQFPmvB9zE/uNbZIUsdhCUuPOHPe/v,3.899036,6.710791,4.6373690000000005
556200,a4/EViBmYJ566CSpWdSAeMJRInSjAT9JPxjQFPmvB9zE/uNbZIUsdhCUuPOHPe/v,3.399801,9.365179,5.5494010000000005
556500,a4/EViBmYJ566CSpWdSAeMJRInSjAT9JPxjQFPmvB9zE/uNbZIUsdhCUuPOHPe/v,3.758136,6.080884999999999,4.671569
556800,a4/EViBmYJ566CSpWdSAeMJRInSjAT9JPxjQFPmvB9zE/uNbZIUsdhCUuPOHPe/v,3.4370540000000003,6.142791000000001,4.592153
557100,a4/EViBmYJ566CSpWdSAeMJRInSjAT9JPxjQFPmvB9zE/uNbZIUsdhCUuPOHPe/v,3.4046809999999996,6.870624,4.706686
557400,a4/EViBmYJ566CSpWdSAeMJRInSjAT9JPxjQFPmvB9zE/uNbZIUsdhCUuPOHPe/v,3.521896,7.380178,4.8027
557700,a4/EViBmYJ566CSpWdSAeMJRInSjAT9JPxjQFPmvB9zE/uNbZIUsdhCUuPOHPe/v,3.532861,7.094949000000001,4.814786
558000,a4/EViBmYJ566CSpWdSAeMJRInSjAT9JPxjQFPmvB9zE/uNbZIUsdhCUuPOHPe/v,3.522416,7.730875999999999,4.8527379999999996
558300,a4/EViBmYJ566CSpWdSAeMJRInSjAT9JPxjQFPmvB9zE/uNbZIUsdhCUuPOHPe/v,3.525882,6.655889999999999,4.742247
558600,a4/EViBmYJ566CSpWdSAeMJRInSjAT9JPxjQFPmvB9zE/uNbZIUsdhCUuPOHPe/v,3.2650770000000002,6.886069,4.455341000000001
558900,a4/EViBmYJ566CSpWdSAeMJRInSjAT9JPxjQFPmvB9zE/uNbZIUsdhCUuPOHPe/v,3.503725,6.310462,4.494579
559200,a4/EViBmYJ566CSpWdSAeMJRInSjAT9JPxjQFPmvB9zE/uNbZIUsdhCUuPOHPe/v,3.5457629999999996,6.929975,4.5998220000000005
559500,a4/EViBmYJ566CSpWdSAeMJRInSjAT9JPxjQFPmvB9zE/uNbZIUsdhCUuPOHPe/v,3.4629519999999996,6.622031,4.679023
559800,a4/EViBmYJ566CSpWdSAeMJRInSjAT9JPxjQFPmvB9zE/uNbZIUsdhCUuPOHPe/v,3.886207,6.442922,4.862661
560100,a4/EViBmYJ566CSpWdSAeMJRInSjAT9JPxjQFPmvB9zE/uNbZIUsdhCUuPOHPe/v,3.597255,6.654507000000001,4.735569
560400,a4/EViBmYJ566CSpWdSAeMJRInSjAT9JPxjQFPmvB9zE/uNbZIUsdhCUuPOHPe/v,3.7810919999999997,6.6989279999999995,4.8956029999999995
560700,a4/EViBmYJ566CSpWdSAeMJRInSjAT9JPxjQFPmvB9zE/uNbZIUsdhCUuPOHPe/v,3.2781160000000003,6.77487,4.768304
561000,a4/EViBmYJ566CSpWdSAeMJRInSjAT9JPxjQFPmvB9zE/uNbZIUsdhCUuPOHPe/v,3.924618,6.728432000000001,4.809826999999999
561300,a4/EViBmYJ566CSpWdSAeMJRInSjAT9JPxjQFPmvB9zE/uNbZIUsdhCUuPOHPe/v,3.4928019999999997,6.6856990000000005,4.601828
561600,a4/EViBmYJ566CSpWdSAeMJRInSjAT9JPxjQFPmvB9zE/uNbZIUsdhCUuPOHPe/v,3.209612,6.743912,4.403719000000001
561900,a4/EViBmYJ566CSpWdSAeMJRInSjAT9JPxjQFPmvB9zE/uNbZIUsdhCUuPOHPe/v,3.5109550000000005,6.563047,4.70449
562200,a4/EViBmYJ566CSpWdSAeMJRInSjAT9JPxjQFPmvB9zE/uNbZIUsdhCUuPOHPe/v,2.990272,6.226993,4.454587999999999
562500,a4/EViBmYJ566CSpWdSAeMJRInSjAT9JPxjQFPmvB9zE/uNbZIUsdhCUuPOHPe/v,3.540932,7.289337,4.842355
562800,a4/EViBmYJ566CSpWdSAeMJRInSjAT9JPxjQFPmvB9zE/uNbZIUsdhCUuPOHPe/v,3.410678,6.735599000000001,4.511097
563100,a4/EViBmYJ566CSpWdSAeMJRInSjAT9JPxjQFPmvB9zE/uNbZIUsdhCUuPOHPe/v,3.6124699999999996,7.2290470000000004,4.851337
563400,a4/EViBmYJ566CSpWdSAeMJRInSjAT9JPxjQFPmvB9zE/uNbZIUsdhCUuPOHPe/v,3.1910819999999998,6.340197,4.4004970000000005
563700,a4/EViBmYJ566CSpWdSAeMJRInSjAT9JPxjQFPmvB9zE/uNbZIUsdhCUuPOHPe/v,3.691557,6.5666839999999995,4.675171
564000,a4/EViBmYJ566CSpWdSAeMJRInSjAT9JPxjQFPmvB9zE/uNbZIUsdhCUuPOHPe/v,3.8720730000000003,6.507619,4.784972
564300,a4/EViBmYJ566CSpWdSAeMJRInSjAT9JPxjQFPmvB9zE/uNbZIUsdhCUuPOHPe/v,3.8323449999999997,6.393921,4.677841
564600,a4/EViBmYJ566CSpWdSAeMJRInSjAT9JPxjQFPmvB9zE/uNbZIUsdhCUuPOHPe/v,3.6668550000000004,6.477207,4.7177620000000005
564900,a4/EViBmYJ566CSpWdSAeMJRInSjAT9JPxjQFPmvB9zE/uNbZIUsdhCUuPOHPe/v,3.8788410000000004,9.697936,5.295326
565200,a4/EViBmYJ566CSpWdSAeMJRInSjAT9JPxjQFPmvB9zE/uNbZIUsdhCUuPOHPe/v,3.6342440000000003,6.46432,4.698333
565500,a4/EViBmYJ566CSpWdSAeMJRInSjAT9JPxjQFPmvB9zE/uNbZIUsdhCUuPOHPe/v,3.68589,11.312204,5.034281
565800,a4/EViBmYJ566CSpWdSAeMJRInSjAT9JPxjQFPmvB9zE/uNbZIUsdhCUuPOHPe/v,3.431571,6.620172999999999,4.622624
566100,a4/EViBmYJ566CSpWdSAeMJRInSjAT9JPxjQFPmvB9zE/uNbZIUsdhCUuPOHPe/v,3.194187,6.342632,4.351979
566400,a4/EViBmYJ566CSpWdSAeMJRInSjAT9JPxjQFPmvB9zE/uNbZIUsdhCUuPOHPe/v,3.3687,6.513578,4.677613
566700,a4/EViBmYJ566CSpWdSAeMJRInSjAT9JPxjQFPmvB9zE/uNbZIUsdhCUuPOHPe/v,3.120334,6.155521,4.400176999999999
567000,a4/EViBmYJ566CSpWdSAeMJRInSjAT9JPxjQFPmvB9zE/uNbZIUsdhCUuPOHPe/v,3.366229,6.242927,4.561844000000001
567300,a4/EViBmYJ566CSpWdSAeMJRInSjAT9JPxjQFPmvB9zE/uNbZIUsdhCUuPOHPe/v,3.619182,6.348886,4.910628
567600,a4/EViBmYJ566CSpWdSAeMJRInSjAT9JPxjQFPmvB9zE/uNbZIUsdhCUuPOHPe/v,3.465668,6.665508999999999,4.660846
567900,a4/EViBmYJ566CSpWdSAeMJRInSjAT9JPxjQFPmvB9zE/uNbZIUsdhCUuPOHPe/v,3.527774,6.523802,4.582339
568200,a4/EViBmYJ566CSpWdSAeMJRInSjAT9JPxjQFPmvB9zE/uNbZIUsdhCUuPOHPe/v,3.724861,6.296917,4.756689
568500,a4/EViBmYJ566CSpWdSAeMJRInSjAT9JPxjQFPmvB9zE/uNbZIUsdhCUuPOHPe/v,3.7054669999999996,6.962173,4.620283000000001
568800,a4/EViBmYJ566CSpWdSAeMJRInSjAT9JPxjQFPmvB9zE/uNbZIUsdhCUuPOHPe/v,3.7421949999999997,6.436416,4.665264
569100,a4/EViBmYJ566CSpWdSAeMJRInSjAT9JPxjQFPmvB9zE/uNbZIUsdhCUuPOHPe/v,3.599175,6.105583,4.708142
569400,a4/EViBmYJ566CSpWdSAeMJRInSjAT9JPxjQFPmvB9zE/uNbZIUsdhCUuPOHPe/v,3.232886,6.859619,4.77334
569700,a4/EViBmYJ566CSpWdSAeMJRInSjAT9JPxjQFPmvB9zE/uNbZIUsdhCUuPOHPe/v,3.254307,6.597937,4.702165
570000,a4/EViBmYJ566CSpWdSAeMJRInSjAT9JPxjQFPmvB9zE/uNbZIUsdhCUuPOHPe/v,3.620372,6.34202,4.824039
570300,a4/EViBmYJ566CSpWdSAeMJRInSjAT9JPxjQFPmvB9zE/uNbZIUsdhCUuPOHPe/v,3.4099699999999995,6.46053,4.566484
570600,a4/EViBmYJ566CSpWdSAeMJRInSjAT9JPxjQFPmvB9zE/uNbZIUsdhCUuPOHPe/v,3.5775839999999994,6.656372,4.792229
570900,a4/EViBmYJ566CSpWdSAeMJRInSjAT9JPxjQFPmvB9zE/uNbZIUsdhCUuPOHPe/v,3.126796,6.220338,4.5240290000000005
571200,a4/EViBmYJ566CSpWdSAeMJRInSjAT9JPxjQFPmvB9zE/uNbZIUsdhCUuPOHPe/v,3.523105,6.249035,4.70967
571500,a4/EViBmYJ566CSpWdSAeMJRInSjAT9JPxjQFPmvB9zE/uNbZIUsdhCUuPOHPe/v,2.829281,6.436064,4.446882
571800,a4/EViBmYJ566CSpWdSAeMJRInSjAT9JPxjQFPmvB9zE/uNbZIUsdhCUuPOHPe/v,3.528493,6.462125,4.710224
572100,a4/EViBmYJ566CSpWdSAeMJRInSjAT9JPxjQFPmvB9zE/uNbZIUsdhCUuPOHPe/v,3.380661,6.8254660000000005,4.516024
572400,a4/EViBmYJ566CSpWdSAeMJRInSjAT9JPxjQFPmvB9zE/uNbZIUsdhCUuPOHPe/v,3.54331,6.040923,4.610297
572700,a4/EViBmYJ566CSpWdSAeMJRInSjAT9JPxjQFPmvB9zE/uNbZIUsdhCUuPOHPe/v,3.757085,6.406983,4.811856
573000,a4/EViBmYJ566CSpWdSAeMJRInSjAT9JPxjQFPmvB9zE/uNbZIUsdhCUuPOHPe/v,3.4772540000000003,5.964075,4.730885
573300,a4/EViBmYJ566CSpWdSAeMJRInSjAT9JPxjQFPmvB9zE/uNbZIUsdhCUuPOHPe/v,3.9693080000000003,16.5549,5.941285
573600,a4/EViBmYJ566CSpWdSAeMJRInSjAT9JPxjQFPmvB9zE/uNbZIUsdhCUuPOHPe/v,3.116978,7.442527,4.7939110000000005
573900,a4/EViBmYJ566CSpWdSAeMJRInSjAT9JPxjQFPmvB9zE/uNbZIUsdhCUuPOHPe/v,3.590854,6.861923,4.660472
574200,a4/EViBmYJ566CSpWdSAeMJRInSjAT9JPxjQFPmvB9zE/uNbZIUsdhCUuPOHPe/v,3.188348,6.142213,4.587149
574500,a4/EViBmYJ566CSpWdSAeMJRInSjAT9JPxjQFPmvB9zE/uNbZIUsdhCUuPOHPe/v,3.642507,6.609053,4.688448999999999
574800,a4/EViBmYJ566CSpWdSAeMJRInSjAT9JPxjQFPmvB9zE/uNbZIUsdhCUuPOHPe/v,3.251086,6.286824,4.523521
575100,a4/EViBmYJ566CSpWdSAeMJRInSjAT9JPxjQFPmvB9zE/uNbZIUsdhCUuPOHPe/v,3.0283990000000003,6.397936,4.342061
575400,a4/EViBmYJ566CSpWdSAeMJRInSjAT9JPxjQFPmvB9zE/uNbZIUsdhCUuPOHPe/v,3.4796730000000005,6.9601880000000005,4.688333
575700,a4/EViBmYJ566CSpWdSAeMJRInSjAT9JPxjQFPmvB9zE/uNbZIUsdhCUuPOHPe/v,3.3744970000000003,6.707147999999999,4.490952
576000,a4/EViBmYJ566CSpWdSAeMJRInSjAT9JPxjQFPmvB9zE/uNbZIUsdhCUuPOHPe/v,3.4648309999999998,6.293487,4.619831
576300,a4/EViBmYJ566CSpWdSAeMJRInSjAT9JPxjQFPmvB9zE/uNbZIUsdhCUuPOHPe/v,3.198714,6.8674479999999996,4.464647
576600,a4/EViBmYJ566CSpWdSAeMJRInSjAT9JPxjQFPmvB9zE/uNbZIUsdhCUuPOHPe/v,3.4722839999999997,6.235469999999999,4.583483
576900,a4/EViBmYJ566CSpWdSAeMJRInSjAT9JPxjQFPmvB9zE/uNbZIUsdhCUuPOHPe/v,3.707617,41.577882,7.398483000000001
577200,a4/EViBmYJ566CSpWdSAeMJRInSjAT9JPxjQFPmvB9zE/uNbZIUsdhCUuPOHPe/v,3.74557,7.042308,4.7618849999999995
577500,a4/EViBmYJ566CSpWdSAeMJRInSjAT9JPxjQFPmvB9zE/uNbZIUsdhCUuPOHPe/v,3.2983919999999998,6.48158,4.496282
577800,a4/EViBmYJ566CSpWdSAeMJRInSjAT9JPxjQFPmvB9zE/uNbZIUsdhCUuPOHPe/v,3.9519089999999997,6.7918330000000005,4.778156
578100,a4/EViBmYJ566CSpWdSAeMJRInSjAT9JPxjQFPmvB9zE/uNbZIUsdhCUuPOHPe/v,3.1396889999999997,6.4848669999999995,4.466727
578400,a4/EViBmYJ566CSpWdSAeMJRInSjAT9JPxjQFPmvB9zE/uNbZIUsdhCUuPOHPe/v,3.7038580000000003,8.219408,4.966384
578700,a4/EViBmYJ566CSpWdSAeMJRInSjAT9JPxjQFPmvB9zE/uNbZIUsdhCUuPOHPe/v,3.407318,5.718697,4.586435
579000,a4/EViBmYJ566CSpWdSAeMJRInSjAT9JPxjQFPmvB9zE/uNbZIUsdhCUuPOHPe/v,3.2879169999999998,6.775027000000001,4.794852
579300,a4/EViBmYJ566CSpWdSAeMJRInSjAT9JPxjQFPmvB9zE/uNbZIUsdhCUuPOHPe/v,3.5549760000000004,6.872241000000001,4.766125
579600,a4/EViBmYJ566CSpWdSAeMJRInSjAT9JPxjQFPmvB9zE/uNbZIUsdhCUuPOHPe/v,3.249804,6.956810000000001,4.787572
579900,a4/EViBmYJ566CSpWdSAeMJRInSjAT9JPxjQFPmvB9zE/uNbZIUsdhCUuPOHPe/v,3.448406,6.909599000000001,4.768567
580200,a4/EViBmYJ566CSpWdSAeMJRInSjAT9JPxjQFPmvB9zE/uNbZIUsdhCUuPOHPe/v,3.499864,6.866725,4.844041000000001
580500,a4/EViBmYJ566CSpWdSAeMJRInSjAT9JPxjQFPmvB9zE/uNbZIUsdhCUuPOHPe/v,3.447618,6.413573,4.654222
580800,a4/EViBmYJ566CSpWdSAeMJRInSjAT9JPxjQFPmvB9zE/uNbZIUsdhCUuPOHPe/v,3.5401949999999998,6.324248000000001,4.797969999999999
581100,a4/EViBmYJ566CSpWdSAeMJRInSjAT9JPxjQFPmvB9zE/uNbZIUsdhCUuPOHPe/v,3.5321010000000004,5.8448,4.409712
581400,a4/EViBmYJ566CSpWdSAeMJRInSjAT9JPxjQFPmvB9zE/uNbZIUsdhCUuPOHPe/v,3.7356300000000005,6.370686,4.72337
581700,a4/EViBmYJ566CSpWdSAeMJRInSjAT9JPxjQFPmvB9zE/uNbZIUsdhCUuPOHPe/v,3.167344,6.414469,4.553845
582000,a4/EViBmYJ566CSpWdSAeMJRInSjAT9JPxjQFPmvB9zE/uNbZIUsdhCUuPOHPe/v,3.923251,6.516588,4.798088
582300,a4/EViBmYJ566CSpWdSAeMJRInSjAT9JPxjQFPmvB9zE/uNbZIUsdhCUuPOHPe/v,3.4963800000000003,6.730607000000001,4.5660989999999995
582600,a4/EViBmYJ566CSpWdSAeMJRInSjAT9JPxjQFPmvB9zE/uNbZIUsdhCUuPOHPe/v,3.7611550000000005,6.935844,4.816096
582900,a4/EViBmYJ566CSpWdSAeMJRInSjAT9JPxjQFPmvB9zE/uNbZIUsdhCUuPOHPe/v,3.326218,5.6278239999999995,4.553304
583200,a4/EViBmYJ566CSpWdSAeMJRInSjAT9JPxjQFPmvB9zE/uNbZIUsdhCUuPOHPe/v,3.592764,7.090846000000001,4.831926
583500,a4/EViBmYJ566CSpWdSAeMJRInSjAT9JPxjQFPmvB9zE/uNbZIUsdhCUuPOHPe/v,3.3832720000000003,6.449509,4.708231
583800,a4/EViBmYJ566CSpWdSAeMJRInSjAT9JPxjQFPmvB9zE/uNbZIUsdhCUuPOHPe/v,3.182199,7.996099000000001,4.673361
584100,a4/EViBmYJ566CSpWdSAeMJRInSjAT9JPxjQFPmvB9zE/uNbZIUsdhCUuPOHPe/v,3.476779,6.598795,4.691092
584400,a4/EViBmYJ566CSpWdSAeMJRInSjAT9JPxjQFPmvB9zE/uNbZIUsdhCUuPOHPe/v,3.075838,7.290882000000001,4.739937
584700,a4/EViBmYJ566CSpWdSAeMJRInSjAT9JPxjQFPmvB9zE/uNbZIUsdhCUuPOHPe/v,3.402358,6.101104,4.627231
585000,a4/EViBmYJ566CSpWdSAeMJRInSjAT9JPxjQFPmvB9zE/uNbZIUsdhCUuPOHPe/v,3.243649,6.143585,4.623615
585300,a4/EViBmYJ566CSpWdSAeMJRInSjAT9JPxjQFPmvB9zE/uNbZIUsdhCUuPOHPe/v,3.491071,6.404621,4.6059339999999995
585600,a4/EViBmYJ566CSpWdSAeMJRInSjAT9JPxjQFPmvB9zE/uNbZIUsdhCUuPOHPe/v,3.028983,6.453577,4.469771
585900,a4/EViBmYJ566CSpWdSAeMJRInSjAT9JPxjQFPmvB9zE/uNbZIUsdhCUuPOHPe/v,3.6195660000000003,5.936489,4.628108
586200,a4/EViBmYJ566CSpWdSAeMJRInSjAT9JPxjQFPmvB9zE/uNbZIUsdhCUuPOHPe/v,3.570115,6.4728769999999995,4.574072
586500,a4/EViBmYJ566CSpWdSAeMJRInSjAT9JPxjQFPmvB9zE/uNbZIUsdhCUuPOHPe/v,3.208961,6.216682,4.5059830000000005
586800,a4/EViBmYJ566CSpWdSAeMJRInSjAT9JPxjQFPmvB9zE/uNbZIUsdhCUuPOHPe/v,3.897069,6.713441,4.8340309999999995
587100,a4/EViBmYJ566CSpWdSAeMJRInSjAT9JPxjQFPmvB9zE/uNbZIUsdhCUuPOHPe/v,3.2753520000000003,6.824375,4.6563930000000004
587400,a4/EViBmYJ566CSpWdSAeMJRInSjAT9JPxjQFPmvB9zE/uNbZIUsdhCUuPOHPe/v,3.7536370000000003,6.534398,4.818154
587700,a4/EViBmYJ566CSpWdSAeMJRInSjAT9JPxjQFPmvB9zE/uNbZIUsdhCUuPOHPe/v,3.302611,6.235151,4.574789
588000,a4/EViBmYJ566CSpWdSAeMJRInSjAT9JPxjQFPmvB9zE/uNbZIUsdhCUuPOHPe/v,3.519778,7.184833,4.736088
588300,a4/EViBmYJ566CSpWdSAeMJRInSjAT9JPxjQFPmvB9zE/uNbZIUsdhCUuPOHPe/v,3.252068,6.605208,4.57188
588600,a4/EViBmYJ566CSpWdSAeMJRInSjAT9JPxjQFPmvB9zE/uNbZIUsdhCUuPOHPe/v,3.558154,6.878075,4.714581
588900,a4/EViBmYJ566CSpWdSAeMJRInSjAT9JPxjQFPmvB9zE/uNbZIUsdhCUuPOHPe/v,3.519195,6.792574,4.884382
589200,a4/EViBmYJ566CSpWdSAeMJRInSjAT9JPxjQFPmvB9zE/uNbZIUsdhCUuPOHPe/v,3.2972040000000002,7.905100999999999,4.8587169999999995
589500,a4/EViBmYJ566CSpWdSAeMJRInSjAT9JPxjQFPmvB9zE/uNbZIUsdhCUuPOHPe/v,3.6472230000000003,6.985742999999999,4.832139
589800,a4/EViBmYJ566CSpWdSAeMJRInSjAT9JPxjQFPmvB9zE/uNbZIUsdhCUuPOHPe/v,3.39402,6.6816070000000005,4.621405
590100,a4/EViBmYJ566CSpWdSAeMJRInSjAT9JPxjQFPmvB9zE/uNbZIUsdhCUuPOHPe/v,3.793607,7.044511,4.843871
590400,a4/EViBmYJ566CSpWdSAeMJRInSjAT9JPxjQFPmvB9zE/uNbZIUsdhCUuPOHPe/v,3.351117,6.206472,4.594432
590700,a4/EViBmYJ566CSpWdSAeMJRInSjAT9JPxjQFPmvB9zE/uNbZIUsdhCUuPOHPe/v,3.7243,6.904499,4.724672
591000,a4/EViBmYJ566CSpWdSAeMJRInSjAT9JPxjQFPmvB9zE/uNbZIUsdhCUuPOHPe/v,2.990736,6.324311,4.439571
591300,a4/EViBmYJ566CSpWdSAeMJRInSjAT9JPxjQFPmvB9zE/uNbZIUsdhCUuPOHPe/v,3.9301730000000004,6.5848889999999995,4.754236
591600,a4/EViBmYJ566CSpWdSAeMJRInSjAT9JPxjQFPmvB9zE/uNbZIUsdhCUuPOHPe/v,3.409793,7.567506,4.713116
591900,a4/EViBmYJ566CSpWdSAeMJRInSjAT9JPxjQFPmvB9zE/uNbZIUsdhCUuPOHPe/v,3.23577,6.592494,4.5677970000000006
592200,a4/EViBmYJ566CSpWdSAeMJRInSjAT9JPxjQFPmvB9zE/uNbZIUsdhCUuPOHPe/v,3.6401220000000003,6.941403,4.8648430000000005
592500,a4/EViBmYJ566CSpWdSAeMJRInSjAT9JPxjQFPmvB9zE/uNbZIUsdhCUuPOHPe/v,3.730696,6.040922,4.949033999999999
592800,a4/EViBmYJ566CSpWdSAeMJRInSjAT9JPxjQFPmvB9zE/uNbZIUsdhCUuPOHPe/v,3.612286,6.79188,4.809332
593100,a4/EViBmYJ566CSpWdSAeMJRInSjAT9JPxjQFPmvB9zE/uNbZIUsdhCUuPOHPe/v,3.555793,6.802494,4.974076999999999
593400,a4/EViBmYJ566CSpWdSAeMJRInSjAT9JPxjQFPmvB9zE/uNbZIUsdhCUuPOHPe/v,3.4567300000000003,7.209718,4.777471
593700,a4/EViBmYJ566CSpWdSAeMJRInSjAT9JPxjQFPmvB9zE/uNbZIUsdhCUuPOHPe/v,3.554392,6.555735,4.5783059999999995
594000,a4/EViBmYJ566CSpWdSAeMJRInSjAT9JPxjQFPmvB9zE/uNbZIUsdhCUuPOHPe/v,3.608651,6.866178999999999,4.833156
594300,a4/EViBmYJ566CSpWdSAeMJRInSjAT9JPxjQFPmvB9zE/uNbZIUsdhCUuPOHPe/v,3.638829,6.735721000000001,4.547758999999999
594600,a4/EViBmYJ566CSpWdSAeMJRInSjAT9JPxjQFPmvB9zE/uNbZIUsdhCUuPOHPe/v,3.311899,6.831881,4.735976
594900,a4/EViBmYJ566CSpWdSAeMJRInSjAT9JPxjQFPmvB9zE/uNbZIUsdhCUuPOHPe/v,3.854336,5.964608,4.747267
595200,a4/EViBmYJ566CSpWdSAeMJRInSjAT9JPxjQFPmvB9zE/uNbZIUsdhCUuPOHPe/v,3.225789,6.590064999999999,4.74104
595500,a4/EViBmYJ566CSpWdSAeMJRInSjAT9JPxjQFPmvB9zE/uNbZIUsdhCUuPOHPe/v,3.4732230000000004,6.531736,4.605106
595800,a4/EViBmYJ566CSpWdSAeMJRInSjAT9JPxjQFPmvB9zE/uNbZIUsdhCUuPOHPe/v,3.6527089999999998,6.306914,4.795701
596100,a4/EViBmYJ566CSpWdSAeMJRInSjAT9JPxjQFPmvB9zE/uNbZIUsdhCUuPOHPe/v,3.7643129999999996,6.727696000000001,4.7474680000000005
596400,a4/EViBmYJ566CSpWdSAeMJRInSjAT9JPxjQFPmvB9zE/uNbZIUsdhCUuPOHPe/v,3.8391599999999997,7.057747999999999,4.826124
596700,a4/EViBmYJ566CSpWdSAeMJRInSjAT9JPxjQFPmvB9zE/uNbZIUsdhCUuPOHPe/v,3.8005169999999997,6.916988000000001,4.8871839999999995
597000,a4/EViBmYJ566CSpWdSAeMJRInSjAT9JPxjQFPmvB9zE/uNbZIUsdhCUuPOHPe/v,3.645711,6.658453999999999,4.76328
597300,a4/EViBmYJ566CSpWdSAeMJRInSjAT9JPxjQFPmvB9zE/uNbZIUsdhCUuPOHPe/v,3.3919099999999998,7.1311279999999995,4.66712
597600,a4/EViBmYJ566CSpWdSAeMJRInSjAT9JPxjQFPmvB9zE/uNbZIUsdhCUuPOHPe/v,3.5276160000000005,7.345733999999999,4.7741690000000006
597900,a4/EViBmYJ566CSpWdSAeMJRInSjAT9JPxjQFPmvB9zE/uNbZIUsdhCUuPOHPe/v,3.3224620000000002,6.09771,4.495451
598200,a4/EViBmYJ566CSpWdSAeMJRInSjAT9JPxjQFPmvB9zE/uNbZIUsdhCUuPOHPe/v,3.4114160000000004,6.989511,4.659517
598500,a4/EViBmYJ566CSpWdSAeMJRInSjAT9JPxjQFPmvB9zE/uNbZIUsdhCUuPOHPe/v,3.695819,6.103190000000001,4.529598
598800,a4/EViBmYJ566CSpWdSAeMJRInSjAT9JPxjQFPmvB9zE/uNbZIUsdhCUuPOHPe/v,3.7789050000000004,7.194392999999999,4.934222
599100,a4/EViBmYJ566CSpWdSAeMJRInSjAT9JPxjQFPmvB9zE/uNbZIUsdhCUuPOHPe/v,3.4868989999999997,6.230096,4.846704
599400,a4/EViBmYJ566CSpWdSAeMJRInSjAT9JPxjQFPmvB9zE/uNbZIUsdhCUuPOHPe/v,4.007205,9.858953999999999,5.800662
599700,a4/EViBmYJ566CSpWdSAeMJRInSjAT9JPxjQFPmvB9zE/uNbZIUsdhCUuPOHPe/v,3.8138050000000003,7.69382,4.9726
600000,a4/EViBmYJ566CSpWdSAeMJRInSjAT9JPxjQFPmvB9zE/uNbZIUsdhCUuPOHPe/v,3.54299,6.653409,4.729122
600300,a4/EViBmYJ566CSpWdSAeMJRInSjAT9JPxjQFPmvB9zE/uNbZIUsdhCUuPOHPe/v,3.820115,6.1651940000000005,4.706658
600600,a4/EViBmYJ566CSpWdSAeMJRInSjAT9JPxjQFPmvB9zE/uNbZIUsdhCUuPOHPe/v,3.332071,6.918117,4.732835
600900,a4/EViBmYJ566CSpWdSAeMJRInSjAT9JPxjQFPmvB9zE/uNbZIUsdhCUuPOHPe/v,3.622558,6.450008,4.763712
601200,a4/EViBmYJ566CSpWdSAeMJRInSjAT9JPxjQFPmvB9zE/uNbZIUsdhCUuPOHPe/v,3.6047160000000003,6.9515139999999995,4.683637999999999
601500,a4/EViBmYJ566CSpWdSAeMJRInSjAT9JPxjQFPmvB9zE/uNbZIUsdhCUuPOHPe/v,3.4682510000000004,6.406311,4.792719
601800,a4/EViBmYJ566CSpWdSAeMJRInSjAT9JPxjQFPmvB9zE/uNbZIUsdhCUuPOHPe/v,3.586385,6.919554,4.662085
602100,a4/EViBmYJ566CSpWdSAeMJRInSjAT9JPxjQFPmvB9zE/uNbZIUsdhCUuPOHPe/v,3.6582470000000002,6.7122589999999995,4.774511
602400,a4/EViBmYJ566CSpWdSAeMJRInSjAT9JPxjQFPmvB9zE/uNbZIUsdhCUuPOHPe/v,3.5020809999999996,7.102085000000001,4.675716
602700,a4/EViBmYJ566CSpWdSAeMJRInSjAT9JPxjQFPmvB9zE/uNbZIUsdhCUuPOHPe/v,3.6186599999999998,6.576359,4.714769
603000,a4/EViBmYJ566CSpWdSAeMJRInSjAT9JPxjQFPmvB9zE/uNbZIUsdhCUuPOHPe/v,3.699464,6.832517,4.607928
603300,a4/EViBmYJ566CSpWdSAeMJRInSjAT9JPxjQFPmvB9zE/uNbZIUsdhCUuPOHPe/v,3.6840089999999996,6.917683,4.7716199999999995
603600,a4/EViBmYJ566CSpWdSAeMJRInSjAT9JPxjQFPmvB9zE/uNbZIUsdhCUuPOHPe/v,3.69325,6.869047,4.793965
603900,a4/EViBmYJ566CSpWdSAeMJRInSjAT9JPxjQFPmvB9zE/uNbZIUsdhCUuPOHPe/v,3.510739,6.814692,4.7967699999999995
604200,a4/EViBmYJ566CSpWdSAeMJRInSjAT9JPxjQFPmvB9zE/uNbZIUsdhCUuPOHPe/v,3.8352809999999997,6.417002,4.8165
604500,a4/EViBmYJ566CSpWdSAeMJRInSjAT9JPxjQFPmvB9zE/uNbZIUsdhCUuPOHPe/v,3.6820839999999997,6.4074860000000005,4.7487129999999995
604800,a4/EViBmYJ566CSpWdSAeMJRInSjAT9JPxjQFPmvB9zE/uNbZIUsdhCUuPOHPe/v,3.6922379999999997,6.2175139999999995,4.734554
605100,a4/EViBmYJ566CSpWdSAeMJRInSjAT9JPxjQFPmvB9zE/uNbZIUsdhCUuPOHPe/v,3.786203,6.0411150000000005,4.730372
605400,a4/EViBmYJ566CSpWdSAeMJRInSjAT9JPxjQFPmvB9zE/uNbZIUsdhCUuPOHPe/v,3.26305,6.372991000000001,4.541852
605700,a4/EViBmYJ566CSpWdSAeMJRInSjAT9JPxjQFPmvB9zE/uNbZIUsdhCUuPOHPe/v,3.408071,6.713328999999999,4.663730999999999
606000,a4/EViBmYJ566CSpWdSAeMJRInSjAT9JPxjQFPmvB9zE/uNbZIUsdhCUuPOHPe/v,3.510743,6.117032,4.566149
606300,a4/EViBmYJ566CSpWdSAeMJRInSjAT9JPxjQFPmvB9zE/uNbZIUsdhCUuPOHPe/v,3.6149739999999997,6.529624,4.725258999999999
606600,a4/EViBmYJ566CSpWdSAeMJRInSjAT9JPxjQFPmvB9zE/uNbZIUsdhCUuPOHPe/v,3.43935,6.8951139999999995,4.8270919999999995
606900,a4/EViBmYJ566CSpWdSAeMJRInSjAT9JPxjQFPmvB9zE/uNbZIUsdhCUuPOHPe/v,3.679499,6.425717,4.748018
607200,a4/EViBmYJ566CSpWdSAeMJRInSjAT9JPxjQFPmvB9zE/uNbZIUsdhCUuPOHPe/v,3.36275,6.835437,4.5358529999999995
607500,a4/EViBmYJ566CSpWdSAeMJRInSjAT9JPxjQFPmvB9zE/uNbZIUsdhCUuPOHPe/v,3.694757,5.930401,4.679286
607800,a4/EViBmYJ566CSpWdSAeMJRInSjAT9JPxjQFPmvB9zE/uNbZIUsdhCUuPOHPe/v,3.8112150000000002,6.2746319999999995,4.87889
608100,a4/EViBmYJ566CSpWdSAeMJRInSjAT9JPxjQFPmvB9zE/uNbZIUsdhCUuPOHPe/v,3.8418959999999998,6.710030000000001,4.782045
608400,a4/EViBmYJ566CSpWdSAeMJRInSjAT9JPxjQFPmvB9zE/uNbZIUsdhCUuPOHPe/v,3.884287,6.6915949999999995,4.823018
608700,a4/EViBmYJ566CSpWdSAeMJRInSjAT9JPxjQFPmvB9zE/uNbZIUsdhCUuPOHPe/v,3.796532,6.933861,4.953522
609000,a4/EViBmYJ566CSpWdSAeMJRInSjAT9JPxjQFPmvB9zE/uNbZIUsdhCUuPOHPe/v,3.8725440000000004,6.107946,4.854376
609300,a4/EViBmYJ566CSpWdSAeMJRInSjAT9JPxjQFPmvB9zE/uNbZIUsdhCUuPOHPe/v,3.448311,6.632144,4.736669999999999
609600,a4/EViBmYJ566CSpWdSAeMJRInSjAT9JPxjQFPmvB9zE/uNbZIUsdhCUuPOHPe/v,3.661047,6.659062,4.747429
609900,a4/EViBmYJ566CSpWdSAeMJRInSjAT9JPxjQFPmvB9zE/uNbZIUsdhCUuPOHPe/v,3.563848,5.828092,4.449644
610200,a4/EViBmYJ566CSpWdSAeMJRInSjAT9JPxjQFPmvB9zE/uNbZIUsdhCUuPOHPe/v,3.3775720000000002,6.498797,4.701772
610500,a4/EViBmYJ566CSpWdSAeMJRInSjAT9JPxjQFPmvB9zE/uNbZIUsdhCUuPOHPe/v,3.620167,9.326388,4.894247
610800,a4/EViBmYJ566CSpWdSAeMJRInSjAT9JPxjQFPmvB9zE/uNbZIUsdhCUuPOHPe/v,3.242596,6.8868100000000005,4.570042
611100,a4/EViBmYJ566CSpWdSAeMJRInSjAT9JPxjQFPmvB9zE/uNbZIUsdhCUuPOHPe/v,3.560951,6.545029,4.768834
611400,a4/EViBmYJ566CSpWdSAeMJRInSjAT9JPxjQFPmvB9zE/uNbZIUsdhCUuPOHPe/v,3.223201,6.433896,4.522393
611700,a4/EViBmYJ566CSpWdSAeMJRInSjAT9JPxjQFPmvB9zE/uNbZIUsdhCUuPOHPe/v,3.648978,6.093861,4.5953800000000005
612000,a4/EViBmYJ566CSpWdSAeMJRInSjAT9JPxjQFPmvB9zE/uNbZIUsdhCUuPOHPe/v,3.215017,5.871291,4.729401999999999
612300,a4/EViBmYJ566CSpWdSAeMJRInSjAT9JPxjQFPmvB9zE/uNbZIUsdhCUuPOHPe/v,3.756265,6.683273,4.788469999999999
612600,a4/EViBmYJ566CSpWdSAeMJRInSjAT9JPxjQFPmvB9zE/uNbZIUsdhCUuPOHPe/v,3.031994,6.750911,4.634082
612900,a4/EViBmYJ566CSpWdSAeMJRInSjAT9JPxjQFPmvB9zE/uNbZIUsdhCUuPOHPe/v,3.690389,6.3609800000000005,4.719967
613200,a4/EViBmYJ566CSpWdSAeMJRInSjAT9JPxjQFPmvB9zE/uNbZIUsdhCUuPOHPe/v,3.007876,6.7927,4.718856
613500,a4/EViBmYJ566CSpWdSAeMJRInSjAT9JPxjQFPmvB9zE/uNbZIUsdhCUuPOHPe/v,3.0714650000000003,7.078084,4.632154
613800,a4/EViBmYJ566CSpWdSAeMJRInSjAT9JPxjQFPmvB9zE/uNbZIUsdhCUuPOHPe/v,3.3976,6.431133,4.684566
614100,a4/EViBmYJ566CSpWdSAeMJRInSjAT9JPxjQFPmvB9zE/uNbZIUsdhCUuPOHPe/v,3.338272,6.922402000000001,4.603415
614400,a4/EViBmYJ566CSpWdSAeMJRInSjAT9JPxjQFPmvB9zE/uNbZIUsdhCUuPOHPe/v,3.64684,6.316509,4.688281
614700,a4/EViBmYJ566CSpWdSAeMJRInSjAT9JPxjQFPmvB9zE/uNbZIUsdhCUuPOHPe/v,3.0339959999999997,6.6120399999999995,4.589980000000001
615000,a4/EViBmYJ566CSpWdSAeMJRInSjAT9JPxjQFPmvB9zE/uNbZIUsdhCUuPOHPe/v,3.3541220000000003,7.0613529999999995,4.654225
615300,a4/EViBmYJ566CSpWdSAeMJRInSjAT9JPxjQFPmvB9zE/uNbZIUsdhCUuPOHPe/v,3.494986,6.408478,4.7532879999999995
615600,a4/EViBmYJ566CSpWdSAeMJRInSjAT9JPxjQFPmvB9zE/uNbZIUsdhCUuPOHPe/v,3.494856,6.533937,4.692407
615900,a4/EViBmYJ566CSpWdSAeMJRInSjAT9JPxjQFPmvB9zE/uNbZIUsdhCUuPOHPe/v,3.272567,6.696431,4.577551000000001
616200,a4/EViBmYJ566CSpWdSAeMJRInSjAT9JPxjQFPmvB9zE/uNbZIUsdhCUuPOHPe/v,3.4448529999999997,7.0217600000000004,4.537211
616500,a4/EViBmYJ566CSpWdSAeMJRInSjAT9JPxjQFPmvB9zE/uNbZIUsdhCUuPOHPe/v,3.426503,6.07983,4.637638
616800,a4/EViBmYJ566CSpWdSAeMJRInSjAT9JPxjQFPmvB9zE/uNbZIUsdhCUuPOHPe/v,3.7469900000000003,6.272932,4.7022129999999995
617100,a4/EViBmYJ566CSpWdSAeMJRInSjAT9JPxjQFPmvB9zE/uNbZIUsdhCUuPOHPe/v,3.7042620000000004,6.697539,4.78051
617400,a4/EViBmYJ566CSpWdSAeMJRInSjAT9JPxjQFPmvB9zE/uNbZIUsdhCUuPOHPe/v,3.823035,6.137871,4.704013
617700,a4/EViBmYJ566CSpWdSAeMJRInSjAT9JPxjQFPmvB9zE/uNbZIUsdhCUuPOHPe/v,3.627126,5.980507,4.651418
618000,a4/EViBmYJ566CSpWdSAeMJRInSjAT9JPxjQFPmvB9zE/uNbZIUsdhCUuPOHPe/v,3.6526050000000003,5.940755,4.647937000000001
618300,a4/EViBmYJ566CSpWdSAeMJRInSjAT9JPxjQFPmvB9zE/uNbZIUsdhCUuPOHPe/v,3.863034,6.877304,4.830222
618600,a4/EViBmYJ566CSpWdSAeMJRInSjAT9JPxjQFPmvB9zE/uNbZIUsdhCUuPOHPe/v,3.61869,19.37204,5.731032
618900,a4/EViBmYJ566CSpWdSAeMJRInSjAT9JPxjQFPmvB9zE/uNbZIUsdhCUuPOHPe/v,3.778516,6.488176,4.824562
619200,a4/EViBmYJ566CSpWdSAeMJRInSjAT9JPxjQFPmvB9zE/uNbZIUsdhCUuPOHPe/v,3.595193,6.762039,4.9013599999999995
619500,a4/EViBmYJ566CSpWdSAeMJRInSjAT9JPxjQFPmvB9zE/uNbZIUsdhCUuPOHPe/v,3.241373,6.799525999999999,4.755939
619800,a4/EViBmYJ566CSpWdSAeMJRInSjAT9JPxjQFPmvB9zE/uNbZIUsdhCUuPOHPe/v,3.529201,6.263495,4.660143
620100,a4/EViBmYJ566CSpWdSAeMJRInSjAT9JPxjQFPmvB9zE/uNbZIUsdhCUuPOHPe/v,3.116438,6.056004,4.652263
620400,a4/EViBmYJ566CSpWdSAeMJRInSjAT9JPxjQFPmvB9zE/uNbZIUsdhCUuPOHPe/v,3.616622,6.649621000000001,4.644375
620700,a4/EViBmYJ566CSpWdSAeMJRInSjAT9JPxjQFPmvB9zE/uNbZIUsdhCUuPOHPe/v,3.706815,6.511642,4.614133
621000,a4/EViBmYJ566CSpWdSAeMJRInSjAT9JPxjQFPmvB9zE/uNbZIUsdhCUuPOHPe/v,3.767122,6.9436029999999995,4.919156
621300,a4/EViBmYJ566CSpWdSAeMJRInSjAT9JPxjQFPmvB9zE/uNbZIUsdhCUuPOHPe/v,3.1151470000000003,6.8022029999999996,4.5166580000000005
621600,a4/EViBmYJ566CSpWdSAeMJRInSjAT9JPxjQFPmvB9zE/uNbZIUsdhCUuPOHPe/v,3.701081,6.930019000000001,4.954155999999999
621900,a4/EViBmYJ566CSpWdSAeMJRInSjAT9JPxjQFPmvB9zE/uNbZIUsdhCUuPOHPe/v,3.474211,6.116787,4.563348
622200,a4/EViBmYJ566CSpWdSAeMJRInSjAT9JPxjQFPmvB9zE/uNbZIUsdhCUuPOHPe/v,3.144197,7.020886,4.613225
622500,a4/EViBmYJ566CSpWdSAeMJRInSjAT9JPxjQFPmvB9zE/uNbZIUsdhCUuPOHPe/v,3.5865199999999997,6.541525,4.65475
622800,a4/EViBmYJ566CSpWdSAeMJRInSjAT9JPxjQFPmvB9zE/uNbZIUsdhCUuPOHPe/v,3.717769,38.168679,6.56423
623100,a4/EViBmYJ566CSpWdSAeMJRInSjAT9JPxjQFPmvB9zE/uNbZIUsdhCUuPOHPe/v,3.631942,6.033958999999999,4.701724
623400,a4/EViBmYJ566CSpWdSAeMJRInSjAT9JPxjQFPmvB9zE/uNbZIUsdhCUuPOHPe/v,3.5165940000000004,6.545230999999999,4.757152
623700,a4/EViBmYJ566CSpWdSAeMJRInSjAT9JPxjQFPmvB9zE/uNbZIUsdhCUuPOHPe/v,3.710292,6.9532490000000005,4.6832970000000005
624000,a4/EViBmYJ566CSpWdSAeMJRInSjAT9JPxjQFPmvB9zE/uNbZIUsdhCUuPOHPe/v,3.247497,6.255504,4.6046059999999995
624300,a4/EViBmYJ566CSpWdSAeMJRInSjAT9JPxjQFPmvB9zE/uNbZIUsdhCUuPOHPe/v,3.734797,6.509930000000001,4.68443
624600,a4/EViBmYJ566CSpWdSAeMJRInSjAT9JPxjQFPmvB9zE/uNbZIUsdhCUuPOHPe/v,3.162692,6.989978,4.732476999999999
624900,a4/EViBmYJ566CSpWdSAeMJRInSjAT9JPxjQFPmvB9zE/uNbZIUsdhCUuPOHPe/v,3.067549,6.594326,4.421398
625200,a4/EViBmYJ566CSpWdSAeMJRInSjAT9JPxjQFPmvB9zE/uNbZIUsdhCUuPOHPe/v,3.573339,6.994824,4.743014
625500,a4/EViBmYJ566CSpWdSAeMJRInSjAT9JPxjQFPmvB9zE/uNbZIUsdhCUuPOHPe/v,3.1300630000000003,6.974039,4.594658
625800,a4/EViBmYJ566CSpWdSAeMJRInSjAT9JPxjQFPmvB9zE/uNbZIUsdhCUuPOHPe/v,3.8497730000000003,7.188347,4.858376
626100,a4/EViBmYJ566CSpWdSAeMJRInSjAT9JPxjQFPmvB9zE/uNbZIUsdhCUuPOHPe/v,3.374044,6.88738,4.728825
626400,a4/EViBmYJ566CSpWdSAeMJRInSjAT9JPxjQFPmvB9zE/uNbZIUsdhCUuPOHPe/v,3.650633,6.530568,4.893143
626700,a4/EViBmYJ566CSpWdSAeMJRInSjAT9JPxjQFPmvB9zE/uNbZIUsdhCUuPOHPe/v,3.54408,6.6278880000000004,4.544601999999999
627000,a4/EViBmYJ566CSpWdSAeMJRInSjAT9JPxjQFPmvB9zE/uNbZIUsdhCUuPOHPe/v,3.6484650000000003,6.68924,4.7206589999999995
627300,a4/EViBmYJ566CSpWdSAeMJRInSjAT9JPxjQFPmvB9zE/uNbZIUsdhCUuPOHPe/v,3.539509,6.042233,4.661383
627600,a4/EViBmYJ566CSpWdSAeMJRInSjAT9JPxjQFPmvB9zE/uNbZIUsdhCUuPOHPe/v,3.829575,6.2976589999999995,4.883664
627900,a4/EViBmYJ566CSpWdSAeMJRInSjAT9JPxjQFPmvB9zE/uNbZIUsdhCUuPOHPe/v,3.885397,6.231989,4.90482
628200,a4/EViBmYJ566CSpWdSAeMJRInSjAT9JPxjQFPmvB9zE/uNbZIUsdhCUuPOHPe/v,3.756699,7.168617,5.004153
628500,a4/EViBmYJ566CSpWdSAeMJRInSjAT9JPxjQFPmvB9zE/uNbZIUsdhCUuPOHPe/v,3.6849769999999995,6.669600999999999,4.854292
628800,a4/EViBmYJ566CSpWdSAeMJRInSjAT9JPxjQFPmvB9zE/uNbZIUsdhCUuPOHPe/v,3.697475,6.936263,4.908633999999999
629100,a4/EViBmYJ566CSpWdSAeMJRInSjAT9JPxjQFPmvB9zE/uNbZIUsdhCUuPOHPe/v,3.715474,6.616528999999999,4.6293489999999995
629400,a4/EViBmYJ566CSpWdSAeMJRInSjAT9JPxjQFPmvB9zE/uNbZIUsdhCUuPOHPe/v,3.7336730000000005,5.720046,4.593101
629700,a4/EViBmYJ566CSpWdSAeMJRInSjAT9JPxjQFPmvB9zE/uNbZIUsdhCUuPOHPe/v,3.6553839999999997,6.126654,4.72013
630000,a4/EViBmYJ566CSpWdSAeMJRInSjAT9JPxjQFPmvB9zE/uNbZIUsdhCUuPOHPe/v,3.604014,6.284307,4.758136
630300,a4/EViBmYJ566CSpWdSAeMJRInSjAT9JPxjQFPmvB9zE/uNbZIUsdhCUuPOHPe/v,3.7227629999999996,6.944536,4.686849
630600,a4/EViBmYJ566CSpWdSAeMJRInSjAT9JPxjQFPmvB9zE/uNbZIUsdhCUuPOHPe/v,3.543831,6.543922,4.706125
630900,a4/EViBmYJ566CSpWdSAeMJRInSjAT9JPxjQFPmvB9zE/uNbZIUsdhCUuPOHPe/v,3.413732,6.934957000000001,4.707054
631200,a4/EViBmYJ566CSpWdSAeMJRInSjAT9JPxjQFPmvB9zE/uNbZIUsdhCUuPOHPe/v,3.706346,6.4986690000000005,4.766849
631500,a4/EViBmYJ566CSpWdSAeMJRInSjAT9JPxjQFPmvB9zE/uNbZIUsdhCUuPOHPe/v,3.393461,6.079978,4.716881
631800,a4/EViBmYJ566CSpWdSAeMJRInSjAT9JPxjQFPmvB9zE/uNbZIUsdhCUuPOHPe/v,3.554734,6.340653,4.797585
632100,a4/EViBmYJ566CSpWdSAeMJRInSjAT9JPxjQFPmvB9zE/uNbZIUsdhCUuPOHPe/v,3.4285980000000005,6.226687999999999,4.764613
632400,a4/EViBmYJ566CSpWdSAeMJRInSjAT9JPxjQFPmvB9zE/uNbZIUsdhCUuPOHPe/v,3.4696860000000003,7.002367,4.906208
632700,a4/EViBmYJ566CSpWdSAeMJRInSjAT9JPxjQFPmvB9zE/uNbZIUsdhCUuPOHPe/v,3.708019,7.009042,4.835187
633000,a4/EViBmYJ566CSpWdSAeMJRInSjAT9JPxjQFPmvB9zE/uNbZIUsdhCUuPOHPe/v,3.343496,6.986805,4.736724
633300,a4/EViBmYJ566CSpWdSAeMJRInSjAT9JPxjQFPmvB9zE/uNbZIUsdhCUuPOHPe/v,3.516745,6.534842,4.693207
633600,a4/EViBmYJ566CSpWdSAeMJRInSjAT9JPxjQFPmvB9zE/uNbZIUsdhCUuPOHPe/v,3.695363,14.664882999999998,5.425503
633900,a4/EViBmYJ566CSpWdSAeMJRInSjAT9JPxjQFPmvB9zE/uNbZIUsdhCUuPOHPe/v,3.625494,5.946757,4.584701
634200,a4/EViBmYJ566CSpWdSAeMJRInSjAT9JPxjQFPmvB9zE/uNbZIUsdhCUuPOHPe/v,2.8287430000000002,6.066667,4.407849
634500,a4/EViBmYJ566CSpWdSAeMJRInSjAT9JPxjQFPmvB9zE/uNbZIUsdhCUuPOHPe/v,3.5646440000000004,6.212686,4.611214
634800,a4/EViBmYJ566CSpWdSAeMJRInSjAT9JPxjQFPmvB9zE/uNbZIUsdhCUuPOHPe/v,3.6526769999999997,6.494834,4.518326999999999
635100,a4/EViBmYJ566CSpWdSAeMJRInSjAT9JPxjQFPmvB9zE/uNbZIUsdhCUuPOHPe/v,3.778786,6.573607000000001,4.725280000000001
635400,a4/EViBmYJ566CSpWdSAeMJRInSjAT9JPxjQFPmvB9zE/uNbZIUsdhCUuPOHPe/v,3.274339,5.9641980000000006,4.64762
635700,a4/EViBmYJ566CSpWdSAeMJRInSjAT9JPxjQFPmvB9zE/uNbZIUsdhCUuPOHPe/v,3.357996,6.39904,4.612691000000001
636000,a4/EViBmYJ566CSpWdSAeMJRInSjAT9JPxjQFPmvB9zE/uNbZIUsdhCUuPOHPe/v,3.647815,6.3438989999999995,4.82491
636300,a4/EViBmYJ566CSpWdSAeMJRInSjAT9JPxjQFPmvB9zE/uNbZIUsdhCUuPOHPe/v,3.206979,6.858011,4.530513
636600,a4/EViBmYJ566CSpWdSAeMJRInSjAT9JPxjQFPmvB9zE/uNbZIUsdhCUuPOHPe/v,3.471924,6.773391,4.764064
636900,a4/EViBmYJ566CSpWdSAeMJRInSjAT9JPxjQFPmvB9zE/uNbZIUsdhCUuPOHPe/v,3.2093990000000003,6.446639,4.468839
637200,a4/EViBmYJ566CSpWdSAeMJRInSjAT9JPxjQFPmvB9zE/uNbZIUsdhCUuPOHPe/v,3.498571,6.273743,4.630472
637500,a4/EViBmYJ566CSpWdSAeMJRInSjAT9JPxjQFPmvB9zE/uNbZIUsdhCUuPOHPe/v,3.5488779999999998,6.282273,4.4393910000000005
637800,a4/EViBmYJ566CSpWdSAeMJRInSjAT9JPxjQFPmvB9zE/uNbZIUsdhCUuPOHPe/v,3.4494580000000004,6.697572999999999,4.694115
638100,a4/EViBmYJ566CSpWdSAeMJRInSjAT9JPxjQFPmvB9zE/uNbZIUsdhCUuPOHPe/v,3.4906449999999998,6.42975,4.437898000000001
638400,a4/EViBmYJ566CSpWdSAeMJRInSjAT9JPxjQFPmvB9zE/uNbZIUsdhCUuPOHPe/v,3.617343,6.190373,4.732576
638700,a4/EViBmYJ566CSpWdSAeMJRInSjAT9JPxjQFPmvB9zE/uNbZIUsdhCUuPOHPe/v,3.837799,6.631049000000001,4.8177330000000005
639000,a4/EViBmYJ566CSpWdSAeMJRInSjAT9JPxjQFPmvB9zE/uNbZIUsdhCUuPOHPe/v,3.4194379999999995,6.541858,4.7903720000000005
639300,a4/EViBmYJ566CSpWdSAeMJRInSjAT9JPxjQFPmvB9zE/uNbZIUsdhCUuPOHPe/v,3.6064830000000003,6.332171,4.688137
639600,a4/EViBmYJ566CSpWdSAeMJRInSjAT9JPxjQFPmvB9zE/uNbZIUsdhCUuPOHPe/v,3.3598169999999996,6.334412,4.634491000000001
639900,a4/EViBmYJ566CSpWdSAeMJRInSjAT9JPxjQFPmvB9zE/uNbZIUsdhCUuPOHPe/v,3.7575800000000004,6.15638,4.688891
640200,a4/EViBmYJ566CSpWdSAeMJRInSjAT9JPxjQFPmvB9zE/uNbZIUsdhCUuPOHPe/v,3.551396,6.479849,4.685297
640500,a4/EViBmYJ566CSpWdSAeMJRInSjAT9JPxjQFPmvB9zE/uNbZIUsdhCUuPOHPe/v,3.518106,6.0383510000000005,4.691511
640800,a4/EViBmYJ566CSpWdSAeMJRInSjAT9JPxjQFPmvB9zE/uNbZIUsdhCUuPOHPe/v,3.279132,6.6270880000000005,4.580326
641100,a4/EViBmYJ566CSpWdSAeMJRInSjAT9JPxjQFPmvB9zE/uNbZIUsdhCUuPOHPe/v,3.583965,6.276436,4.532146
641400,a4/EViBmYJ566CSpWdSAeMJRInSjAT9JPxjQFPmvB9zE/uNbZIUsdhCUuPOHPe/v,3.481959,7.144299,4.83289
641700,a4/EViBmYJ566CSpWdSAeMJRInSjAT9JPxjQFPmvB9zE/uNbZIUsdhCUuPOHPe/v,3.535338,6.2642809999999995,4.616016
642000,a4/EViBmYJ566CSpWdSAeMJRInSjAT9JPxjQFPmvB9zE/uNbZIUsdhCUuPOHPe/v,3.654125,7.1781429999999995,4.846366000000001
642300,a4/EViBmYJ566CSpWdSAeMJRInSjAT9JPxjQFPmvB9zE/uNbZIUsdhCUuPOHPe/v,3.558155,7.6422419999999995,4.656117
642600,a4/EViBmYJ566CSpWdSAeMJRInSjAT9JPxjQFPmvB9zE/uNbZIUsdhCUuPOHPe/v,3.708743,9.682871,5.33415
642900,a4/EViBmYJ566CSpWdSAeMJRInSjAT9JPxjQFPmvB9zE/uNbZIUsdhCUuPOHPe/v,3.7099849999999996,6.446899,4.816914
643200,a4/EViBmYJ566CSpWdSAeMJRInSjAT9JPxjQFPmvB9zE/uNbZIUsdhCUuPOHPe/v,3.678943,6.668674,4.777451999999999
643500,a4/EViBmYJ566CSpWdSAeMJRInSjAT9JPxjQFPmvB9zE/uNbZIUsdhCUuPOHPe/v,3.490913,6.141839,4.675808999999999
643800,a4/EViBmYJ566CSpWdSAeMJRInSjAT9JPxjQFPmvB9zE/uNbZIUsdhCUuPOHPe/v,2.944256,6.146514,4.593768
644100,a4/EViBmYJ566CSpWdSAeMJRInSjAT9JPxjQFPmvB9zE/uNbZIUsdhCUuPOHPe/v,3.5048779999999997,6.512338,4.615538
644400,a4/EViBmYJ566CSpWdSAeMJRInSjAT9JPxjQFPmvB9zE/uNbZIUsdhCUuPOHPe/v,3.097995,5.830127,4.613496
644700,a4/EViBmYJ566CSpWdSAeMJRInSjAT9JPxjQFPmvB9zE/uNbZIUsdhCUuPOHPe/v,3.705303,5.846864,4.629739
645000,a4/EViBmYJ566CSpWdSAeMJRInSjAT9JPxjQFPmvB9zE/uNbZIUsdhCUuPOHPe/v,3.2373540000000003,6.175653,4.524672
645300,a4/EViBmYJ566CSpWdSAeMJRInSjAT9JPxjQFPmvB9zE/uNbZIUsdhCUuPOHPe/v,3.5701910000000003,6.221248,4.7091650000000005
645600,a4/EViBmYJ566CSpWdSAeMJRInSjAT9JPxjQFPmvB9zE/uNbZIUsdhCUuPOHPe/v,3.452732,6.806375,4.610625
645900,a4/EViBmYJ566CSpWdSAeMJRInSjAT9JPxjQFPmvB9zE/uNbZIUsdhCUuPOHPe/v,3.6065730000000005,6.3696980000000005,4.854978
646200,a4/EViBmYJ566CSpWdSAeMJRInSjAT9JPxjQFPmvB9zE/uNbZIUsdhCUuPOHPe/v,3.263449,6.612849000000001,4.60851
646500,a4/EViBmYJ566CSpWdSAeMJRInSjAT9JPxjQFPmvB9zE/uNbZIUsdhCUuPOHPe/v,3.330051,6.7084,4.567623
646800,a4/EViBmYJ566CSpWdSAeMJRInSjAT9JPxjQFPmvB9zE/uNbZIUsdhCUuPOHPe/v,3.410389,7.095776,4.66783
647100,a4/EViBmYJ566CSpWdSAeMJRInSjAT9JPxjQFPmvB9zE/uNbZIUsdhCUuPOHPe/v,3.283119,6.732333000000001,4.474749
647400,a4/EViBmYJ566CSpWdSAeMJRInSjAT9JPxjQFPmvB9zE/uNbZIUsdhCUuPOHPe/v,3.6925230000000004,6.709138,4.876537
647700,a4/EViBmYJ566CSpWdSAeMJRInSjAT9JPxjQFPmvB9zE/uNbZIUsdhCUuPOHPe/v,3.488614,7.079483,4.862279
648000,a4/EViBmYJ566CSpWdSAeMJRInSjAT9JPxjQFPmvB9zE/uNbZIUsdhCUuPOHPe/v,3.627825,7.459994999999999,4.89736
648300,a4/EViBmYJ566CSpWdSAeMJRInSjAT9JPxjQFPmvB9zE/uNbZIUsdhCUuPOHPe/v,3.47116,7.561111,5.021543
648600,a4/EViBmYJ566CSpWdSAeMJRInSjAT9JPxjQFPmvB9zE/uNbZIUsdhCUuPOHPe/v,3.602206,6.422892,4.87785
648900,a4/EViBmYJ566CSpWdSAeMJRInSjAT9JPxjQFPmvB9zE/uNbZIUsdhCUuPOHPe/v,3.141293,6.091806,4.681514
649200,a4/EViBmYJ566CSpWdSAeMJRInSjAT9JPxjQFPmvB9zE/uNbZIUsdhCUuPOHPe/v,3.2567909999999998,5.804542,4.551598
649500,a4/EViBmYJ566CSpWdSAeMJRInSjAT9JPxjQFPmvB9zE/uNbZIUsdhCUuPOHPe/v,3.536475,6.543418,4.664378
649800,a4/EViBmYJ566CSpWdSAeMJRInSjAT9JPxjQFPmvB9zE/uNbZIUsdhCUuPOHPe/v,3.309819,6.802664,4.568271
650100,a4/EViBmYJ566CSpWdSAeMJRInSjAT9JPxjQFPmvB9zE/uNbZIUsdhCUuPOHPe/v,3.7524620000000004,6.624923,4.8380849999999995
650400,a4/EViBmYJ566CSpWdSAeMJRInSjAT9JPxjQFPmvB9zE/uNbZIUsdhCUuPOHPe/v,3.386471,6.597992999999999,4.5466239999999996
650700,a4/EViBmYJ566CSpWdSAeMJRInSjAT9JPxjQFPmvB9zE/uNbZIUsdhCUuPOHPe/v,3.8000339999999997,6.996911999999999,4.849824
651000,a4/EViBmYJ566CSpWdSAeMJRInSjAT9JPxjQFPmvB9zE/uNbZIUsdhCUuPOHPe/v,3.520687,6.041887,4.515642
651300,a4/EViBmYJ566CSpWdSAeMJRInSjAT9JPxjQFPmvB9zE/uNbZIUsdhCUuPOHPe/v,3.79622,6.955610000000001,4.708906
651600,a4/EViBmYJ566CSpWdSAeMJRInSjAT9JPxjQFPmvB9zE/uNbZIUsdhCUuPOHPe/v,3.647321,6.708989,4.746819
651900,a4/EViBmYJ566CSpWdSAeMJRInSjAT9JPxjQFPmvB9zE/uNbZIUsdhCUuPOHPe/v,3.23763,6.339109,4.688269999999999
652200,a4/EViBmYJ566CSpWdSAeMJRInSjAT9JPxjQFPmvB9zE/uNbZIUsdhCUuPOHPe/v,3.682099,6.423694,4.7882370000000005
652500,a4/EViBmYJ566CSpWdSAeMJRInSjAT9JPxjQFPmvB9zE/uNbZIUsdhCUuPOHPe/v,3.4165699999999997,6.168394999999999,4.7173
652800,a4/EViBmYJ566CSpWdSAeMJRInSjAT9JPxjQFPmvB9zE/uNbZIUsdhCUuPOHPe/v,3.730167,6.677835000000001,4.711668
653100,a4/EViBmYJ566CSpWdSAeMJRInSjAT9JPxjQFPmvB9zE/uNbZIUsdhCUuPOHPe/v,3.4332010000000004,6.395698,4.6714970000000005
653400,a4/EViBmYJ566CSpWdSAeMJRInSjAT9JPxjQFPmvB9zE/uNbZIUsdhCUuPOHPe/v,3.441873,6.127991000000001,4.626049
653700,a4/EViBmYJ566CSpWdSAeMJRInSjAT9JPxjQFPmvB9zE/uNbZIUsdhCUuPOHPe/v,3.5409660000000005,8.022101,4.892494
654000,a4/EViBmYJ566CSpWdSAeMJRInSjAT9JPxjQFPmvB9zE/uNbZIUsdhCUuPOHPe/v,3.6416489999999997,6.205833,4.728052
654300,a4/EViBmYJ566CSpWdSAeMJRInSjAT9JPxjQFPmvB9zE/uNbZIUsdhCUuPOHPe/v,3.3017790000000002,6.093173999999999,4.589563
654600,a4/EViBmYJ566CSpWdSAeMJRInSjAT9JPxjQFPmvB9zE/uNbZIUsdhCUuPOHPe/v,3.6655290000000003,7.054483,4.695202
654900,a4/EViBmYJ566CSpWdSAeMJRInSjAT9JPxjQFPmvB9zE/uNbZIUsdhCUuPOHPe/v,3.5667150000000003,6.140665,4.710893
655200,a4/EViBmYJ566CSpWdSAeMJRInSjAT9JPxjQFPmvB9zE/uNbZIUsdhCUuPOHPe/v,3.259864,6.776012,4.524645
655500,a4/EViBmYJ566CSpWdSAeMJRInSjAT9JPxjQFPmvB9zE/uNbZIUsdhCUuPOHPe/v,3.7776970000000003,6.7921759999999995,4.886031
655800,a4/EViBmYJ566CSpWdSAeMJRInSjAT9JPxjQFPmvB9zE/uNbZIUsdhCUuPOHPe/v,3.7180230000000005,6.324380000000001,4.603212
656100,a4/EViBmYJ566CSpWdSAeMJRInSjAT9JPxjQFPmvB9zE/uNbZIUsdhCUuPOHPe/v,3.7946760000000004,6.124155,4.791683
656400,a4/EViBmYJ566CSpWdSAeMJRInSjAT9JPxjQFPmvB9zE/uNbZIUsdhCUuPOHPe/v,3.673092,7.393629,4.824438
656700,a4/EViBmYJ566CSpWdSAeMJRInSjAT9JPxjQFPmvB9zE/uNbZIUsdhCUuPOHPe/v,3.648532,7.338658000000001,4.705489
657000,a4/EViBmYJ566CSpWdSAeMJRInSjAT9JPxjQFPmvB9zE/uNbZIUsdhCUuPOHPe/v,3.6268290000000003,16.571026999999997,5.609285
657300,a4/EViBmYJ566CSpWdSAeMJRInSjAT9JPxjQFPmvB9zE/uNbZIUsdhCUuPOHPe/v,3.567403,6.574669,4.665585
657600,a4/EViBmYJ566CSpWdSAeMJRInSjAT9JPxjQFPmvB9zE/uNbZIUsdhCUuPOHPe/v,3.809591,6.142215,4.815859
657900,a4/EViBmYJ566CSpWdSAeMJRInSjAT9JPxjQFPmvB9zE/uNbZIUsdhCUuPOHPe/v,3.943189,7.367255999999999,4.859053
658200,a4/EViBmYJ566CSpWdSAeMJRInSjAT9JPxjQFPmvB9zE/uNbZIUsdhCUuPOHPe/v,3.763152,7.033116000000001,4.904682
658500,a4/EViBmYJ566CSpWdSAeMJRInSjAT9JPxjQFPmvB9zE/uNbZIUsdhCUuPOHPe/v,3.203855,6.343807,4.712416999999999
658800,a4/EViBmYJ566CSpWdSAeMJRInSjAT9JPxjQFPmvB9zE/uNbZIUsdhCUuPOHPe/v,3.5195199999999995,6.765706,4.734411
659100,a4/EViBmYJ566CSpWdSAeMJRInSjAT9JPxjQFPmvB9zE/uNbZIUsdhCUuPOHPe/v,3.146304,6.701998,4.5156540000000005
659400,a4/EViBmYJ566CSpWdSAeMJRInSjAT9JPxjQFPmvB9zE/uNbZIUsdhCUuPOHPe/v,3.5232690000000004,6.651917999999999,4.685901
659700,a4/EViBmYJ566CSpWdSAeMJRInSjAT9JPxjQFPmvB9zE/uNbZIUsdhCUuPOHPe/v,3.531025,6.524968,4.621554
660000,a4/EViBmYJ566CSpWdSAeMJRInSjAT9JPxjQFPmvB9zE/uNbZIUsdhCUuPOHPe/v,3.5524419999999997,6.755847,4.70259
660300,a4/EViBmYJ566CSpWdSAeMJRInSjAT9JPxjQFPmvB9zE/uNbZIUsdhCUuPOHPe/v,3.291907,6.165857,4.523951
660600,a4/EViBmYJ566CSpWdSAeMJRInSjAT9JPxjQFPmvB9zE/uNbZIUsdhCUuPOHPe/v,3.5916699999999997,5.969087,4.546066000000001
660900,a4/EViBmYJ566CSpWdSAeMJRInSjAT9JPxjQFPmvB9zE/uNbZIUsdhCUuPOHPe/v,3.822997,6.595661,4.742413
661200,a4/EViBmYJ566CSpWdSAeMJRInSjAT9JPxjQFPmvB9zE/uNbZIUsdhCUuPOHPe/v,3.5477849999999997,6.032837000000001,4.570244000000001
661500,a4/EViBmYJ566CSpWdSAeMJRInSjAT9JPxjQFPmvB9zE/uNbZIUsdhCUuPOHPe/v,3.730256,5.855986,4.704576
661800,a4/EViBmYJ566CSpWdSAeMJRInSjAT9JPxjQFPmvB9zE/uNbZIUsdhCUuPOHPe/v,3.6658839999999997,10.261713,5.308687
662100,a4/EViBmYJ566CSpWdSAeMJRInSjAT9JPxjQFPmvB9zE/uNbZIUsdhCUuPOHPe/v,3.719904,6.213717,4.70094
662400,a4/EViBmYJ566CSpWdSAeMJRInSjAT9JPxjQFPmvB9zE/uNbZIUsdhCUuPOHPe/v,3.4954400000000003,14.168332000000001,5.42932
662700,a4/EViBmYJ566CSpWdSAeMJRInSjAT9JPxjQFPmvB9zE/uNbZIUsdhCUuPOHPe/v,3.48481,6.724523,4.679084
663000,a4/EViBmYJ566CSpWdSAeMJRInSjAT9JPxjQFPmvB9zE/uNbZIUsdhCUuPOHPe/v,3.538196,6.433865,4.886767
663300,a4/EViBmYJ566CSpWdSAeMJRInSjAT9JPxjQFPmvB9zE/uNbZIUsdhCUuPOHPe/v,3.272592,6.398966000000001,4.659312
663600,a4/EViBmYJ566CSpWdSAeMJRInSjAT9JPxjQFPmvB9zE/uNbZIUsdhCUuPOHPe/v,3.5658489999999996,6.575496,4.687894
663900,a4/EViBmYJ566CSpWdSAeMJRInSjAT9JPxjQFPmvB9zE/uNbZIUsdhCUuPOHPe/v,3.434632,6.367676,4.65804
664200,a4/EViBmYJ566CSpWdSAeMJRInSjAT9JPxjQFPmvB9zE/uNbZIUsdhCUuPOHPe/v,3.3174309999999996,6.959763000000001,4.644625
664500,a4/EViBmYJ566CSpWdSAeMJRInSjAT9JPxjQFPmvB9zE/uNbZIUsdhCUuPOHPe/v,3.1062,6.774013,4.6575809999999995
664800,a4/EViBmYJ566CSpWdSAeMJRInSjAT9JPxjQFPmvB9zE/uNbZIUsdhCUuPOHPe/v,3.6835489999999997,5.920037000000001,4.616698
665100,a4/EViBmYJ566CSpWdSAeMJRInSjAT9JPxjQFPmvB9zE/uNbZIUsdhCUuPOHPe/v,3.675282,9.634985,4.918324
665400,a4/EViBmYJ566CSpWdSAeMJRInSjAT9JPxjQFPmvB9zE/uNbZIUsdhCUuPOHPe/v,3.814912,6.152218,4.804977
665700,a4/EViBmYJ566CSpWdSAeMJRInSjAT9JPxjQFPmvB9zE/uNbZIUsdhCUuPOHPe/v,3.2141599999999997,6.958188000000001,4.519229
666000,a4/EViBmYJ566CSpWdSAeMJRInSjAT9JPxjQFPmvB9zE/uNbZIUsdhCUuPOHPe/v,3.497833,7.112566,4.481543
666300,a4/EViBmYJ566CSpWdSAeMJRInSjAT9JPxjQFPmvB9zE/uNbZIUsdhCUuPOHPe/v,3.634754,6.096611,4.648962
666600,a4/EViBmYJ566CSpWdSAeMJRInSjAT9JPxjQFPmvB9zE/uNbZIUsdhCUuPOHPe/v,3.417212,6.229796,4.596613
666900,a4/EViBmYJ566CSpWdSAeMJRInSjAT9JPxjQFPmvB9zE/uNbZIUsdhCUuPOHPe/v,3.413563,7.0396589999999994,4.645066
667200,a4/EViBmYJ566CSpWdSAeMJRInSjAT9JPxjQFPmvB9zE/uNbZIUsdhCUuPOHPe/v,3.643886,7.141516,5.015139
667500,a4/EViBmYJ566CSpWdSAeMJRInSjAT9JPxjQFPmvB9zE/uNbZIUsdhCUuPOHPe/v,3.663653,7.293547,4.817351
667800,a4/EViBmYJ566CSpWdSAeMJRInSjAT9JPxjQFPmvB9zE/uNbZIUsdhCUuPOHPe/v,3.7697769999999995,16.17655,5.854737
668100,a4/EViBmYJ566CSpWdSAeMJRInSjAT9JPxjQFPmvB9zE/uNbZIUsdhCUuPOHPe/v,3.67535,7.09548,4.8129599999999995
668400,a4/EViBmYJ566CSpWdSAeMJRInSjAT9JPxjQFPmvB9zE/uNbZIUsdhCUuPOHPe/v,3.5747169999999997,7.157278999999999,4.84851
668700,a4/EViBmYJ566CSpWdSAeMJRInSjAT9JPxjQFPmvB9zE/uNbZIUsdhCUuPOHPe/v,3.4781660000000003,6.465468,4.7096800000000005
669000,a4/EViBmYJ566CSpWdSAeMJRInSjAT9JPxjQFPmvB9zE/uNbZIUsdhCUuPOHPe/v,3.462197,6.5696259999999995,4.523556
669300,a4/EViBmYJ566CSpWdSAeMJRInSjAT9JPxjQFPmvB9zE/uNbZIUsdhCUuPOHPe/v,3.4536919999999998,6.406269,4.514851999999999
669600,a4/EViBmYJ566CSpWdSAeMJRInSjAT9JPxjQFPmvB9zE/uNbZIUsdhCUuPOHPe/v,3.713572,6.5756,4.715419
669900,a4/EViBmYJ566CSpWdSAeMJRInSjAT9JPxjQFPmvB9zE/uNbZIUsdhCUuPOHPe/v,3.159363,6.861961,4.626565
670200,a4/EViBmYJ566CSpWdSAeMJRInSjAT9JPxjQFPmvB9zE/uNbZIUsdhCUuPOHPe/v,3.650842,6.390111,4.697911
670500,a4/EViBmYJ566CSpWdSAeMJRInSjAT9JPxjQFPmvB9zE/uNbZIUsdhCUuPOHPe/v,3.8125190000000004,9.723464,5.002916
670800,a4/EViBmYJ566CSpWdSAeMJRInSjAT9JPxjQFPmvB9zE/uNbZIUsdhCUuPOHPe/v,3.675579,6.631141,4.6491489999999995
671100,a4/EViBmYJ566CSpWdSAeMJRInSjAT9JPxjQFPmvB9zE/uNbZIUsdhCUuPOHPe/v,3.353264,5.803640000000001,4.577155
671400,a4/EViBmYJ566CSpWdSAeMJRInSjAT9JPxjQFPmvB9zE/uNbZIUsdhCUuPOHPe/v,2.831156,6.623041000000001,4.600093
671700,a4/EViBmYJ566CSpWdSAeMJRInSjAT9JPxjQFPmvB9zE/uNbZIUsdhCUuPOHPe/v,3.506496,6.795397,4.707992
672000,a4/EViBmYJ566CSpWdSAeMJRInSjAT9JPxjQFPmvB9zE/uNbZIUsdhCUuPOHPe/v,3.071294,6.593845,4.710884
672300,a4/EViBmYJ566CSpWdSAeMJRInSjAT9JPxjQFPmvB9zE/uNbZIUsdhCUuPOHPe/v,3.6125279999999997,6.769193,4.7308580000000005
672600,a4/EViBmYJ566CSpWdSAeMJRInSjAT9JPxjQFPmvB9zE/uNbZIUsdhCUuPOHPe/v,3.236839,6.9958800000000005,4.672953
672900,a4/EViBmYJ566CSpWdSAeMJRInSjAT9JPxjQFPmvB9zE/uNbZIUsdhCUuPOHPe/v,3.3403050000000003,6.504575,4.545198
673200,a4/EViBmYJ566CSpWdSAeMJRInSjAT9JPxjQFPmvB9zE/uNbZIUsdhCUuPOHPe/v,3.17076,6.228612,4.625755000000001
673500,a4/EViBmYJ566CSpWdSAeMJRInSjAT9JPxjQFPmvB9zE/uNbZIUsdhCUuPOHPe/v,3.556161,6.081681,4.458626000000001
673800,a4/EViBmYJ566CSpWdSAeMJRInSjAT9JPxjQFPmvB9zE/uNbZIUsdhCUuPOHPe/v,3.493352,6.702725999999999,4.480016
674100,a4/EViBmYJ566CSpWdSAeMJRInSjAT9JPxjQFPmvB9zE/uNbZIUsdhCUuPOHPe/v,3.424186,6.322443,4.468505
674400,a4/EViBmYJ566CSpWdSAeMJRInSjAT9JPxjQFPmvB9zE/uNbZIUsdhCUuPOHPe/v,3.598358,6.803221000000001,4.699667
674700,a4/EViBmYJ566CSpWdSAeMJRInSjAT9JPxjQFPmvB9zE/uNbZIUsdhCUuPOHPe/v,3.589437,6.299024,4.610742
675000,a4/EViBmYJ566CSpWdSAeMJRInSjAT9JPxjQFPmvB9zE/uNbZIUsdhCUuPOHPe/v,3.664162,6.634333,4.752258
675300,a4/EViBmYJ566CSpWdSAeMJRInSjAT9JPxjQFPmvB9zE/uNbZIUsdhCUuPOHPe/v,3.8048949999999997,7.038069,4.7952010000000005
675600,a4/EViBmYJ566CSpWdSAeMJRInSjAT9JPxjQFPmvB9zE/uNbZIUsdhCUuPOHPe/v,3.7170730000000005,6.726107000000001,4.817523
675900,a4/EViBmYJ566CSpWdSAeMJRInSjAT9JPxjQFPmvB9zE/uNbZIUsdhCUuPOHPe/v,3.665921,37.459412,7.567157000000001
676200,a4/EViBmYJ566CSpWdSAeMJRInSjAT9JPxjQFPmvB9zE/uNbZIUsdhCUuPOHPe/v,3.4786349999999997,6.645736,4.700926
676500,a4/EViBmYJ566CSpWdSAeMJRInSjAT9JPxjQFPmvB9zE/uNbZIUsdhCUuPOHPe/v,3.61554,6.670978999999999,4.668053
676800,a4/EViBmYJ566CSpWdSAeMJRInSjAT9JPxjQFPmvB9zE/uNbZIUsdhCUuPOHPe/v,3.3974379999999997,6.662128,4.548767
677100,a4/EViBmYJ566CSpWdSAeMJRInSjAT9JPxjQFPmvB9zE/uNbZIUsdhCUuPOHPe/v,3.5553529999999998,6.333896,4.697261
677400,a4/EViBmYJ566CSpWdSAeMJRInSjAT9JPxjQFPmvB9zE/uNbZIUsdhCUuPOHPe/v,3.5177199999999997,7.336529,4.613777
677700,a4/EViBmYJ566CSpWdSAeMJRInSjAT9JPxjQFPmvB9zE/uNbZIUsdhCUuPOHPe/v,3.5413690000000004,6.801385000000001,4.897702
678000,a4/EViBmYJ566CSpWdSAeMJRInSjAT9JPxjQFPmvB9zE/uNbZIUsdhCUuPOHPe/v,3.443972,47.635576,8.368286
678300,a4/EViBmYJ566CSpWdSAeMJRInSjAT9JPxjQFPmvB9zE/uNbZIUsdhCUuPOHPe/v,3.5555260000000004,6.978973,4.792008
678600,a4/EViBmYJ566CSpWdSAeMJRInSjAT9JPxjQFPmvB9zE/uNbZIUsdhCUuPOHPe/v,3.5677760000000003,6.624210000000001,4.8293040000000005
678900,a4/EViBmYJ566CSpWdSAeMJRInSjAT9JPxjQFPmvB9zE/uNbZIUsdhCUuPOHPe/v,3.644227,6.842974000000001,4.68187
679200,a4/EViBmYJ566CSpWdSAeMJRInSjAT9JPxjQFPmvB9zE/uNbZIUsdhCUuPOHPe/v,2.789169,6.210911,4.511878
679500,a4/EViBmYJ566CSpWdSAeMJRInSjAT9JPxjQFPmvB9zE/uNbZIUsdhCUuPOHPe/v,3.308328,6.792244999999999,4.5822959999999995
679800,a4/EViBmYJ566CSpWdSAeMJRInSjAT9JPxjQFPmvB9zE/uNbZIUsdhCUuPOHPe/v,3.5072980000000005,6.422055,4.722179
680100,a4/EViBmYJ566CSpWdSAeMJRInSjAT9JPxjQFPmvB9zE/uNbZIUsdhCUuPOHPe/v,3.2473229999999997,7.0132699999999994,4.49274
680400,a4/EViBmYJ566CSpWdSAeMJRInSjAT9JPxjQFPmvB9zE/uNbZIUsdhCUuPOHPe/v,3.658638,6.198982,4.673532
680700,a4/EViBmYJ566CSpWdSAeMJRInSjAT9JPxjQFPmvB9zE/uNbZIUsdhCUuPOHPe/v,3.4931919999999996,6.478248000000001,4.614018
681000,a4/EViBmYJ566CSpWdSAeMJRInSjAT9JPxjQFPmvB9zE/uNbZIUsdhCUuPOHPe/v,3.4139449999999996,5.902382,4.638368
681300,a4/EViBmYJ566CSpWdSAeMJRInSjAT9JPxjQFPmvB9zE/uNbZIUsdhCUuPOHPe/v,3.2738419999999997,6.399701,4.579967
681600,a4/EViBmYJ566CSpWdSAeMJRInSjAT9JPxjQFPmvB9zE/uNbZIUsdhCUuPOHPe/v,3.5886980000000004,6.156985,4.711901
681900,a4/EViBmYJ566CSpWdSAeMJRInSjAT9JPxjQFPmvB9zE/uNbZIUsdhCUuPOHPe/v,3.4085690000000004,6.429545,4.528361
682200,a4/EViBmYJ566CSpWdSAeMJRInSjAT9JPxjQFPmvB9zE/uNbZIUsdhCUuPOHPe/v,3.620568,47.287031,7.614857000000001
682500,a4/EViBmYJ566CSpWdSAeMJRInSjAT9JPxjQFPmvB9zE/uNbZIUsdhCUuPOHPe/v,3.552663,6.505283,4.589786
682800,a4/EViBmYJ566CSpWdSAeMJRInSjAT9JPxjQFPmvB9zE/uNbZIUsdhCUuPOHPe/v,3.567653,6.361664,4.636805000000001
683100,a4/EViBmYJ566CSpWdSAeMJRInSjAT9JPxjQFPmvB9zE/uNbZIUsdhCUuPOHPe/v,3.5719839999999996,6.386652,4.620028
683400,a4/EViBmYJ566CSpWdSAeMJRInSjAT9JPxjQFPmvB9zE/uNbZIUsdhCUuPOHPe/v,3.668386,6.592219,4.648778
683700,a4/EViBmYJ566CSpWdSAeMJRInSjAT9JPxjQFPmvB9zE/uNbZIUsdhCUuPOHPe/v,3.597929,6.493821,4.607264
684000,a4/EViBmYJ566CSpWdSAeMJRInSjAT9JPxjQFPmvB9zE/uNbZIUsdhCUuPOHPe/v,3.1897740000000003,6.699955999999999,4.528973000000001
684300,a4/EViBmYJ566CSpWdSAeMJRInSjAT9JPxjQFPmvB9zE/uNbZIUsdhCUuPOHPe/v,3.577405,6.311086,4.686388
684600,a4/EViBmYJ566CSpWdSAeMJRInSjAT9JPxjQFPmvB9zE/uNbZIUsdhCUuPOHPe/v,3.266575,6.3654660000000005,4.588392
684900,a4/EViBmYJ566CSpWdSAeMJRInSjAT9JPxjQFPmvB9zE/uNbZIUsdhCUuPOHPe/v,3.2971980000000003,6.543766000000001,4.592691
685200,a4/EViBmYJ566CSpWdSAeMJRInSjAT9JPxjQFPmvB9zE/uNbZIUsdhCUuPOHPe/v,3.6814199999999997,6.529661,4.875994
685500,a4/EViBmYJ566CSpWdSAeMJRInSjAT9JPxjQFPmvB9zE/uNbZIUsdhCUuPOHPe/v,3.5213330000000003,6.630535000000001,4.603676
685800,a4/EViBmYJ566CSpWdSAeMJRInSjAT9JPxjQFPmvB9zE/uNbZIUsdhCUuPOHPe/v,3.735925,6.743322999999999,4.769208
686100,a4/EViBmYJ566CSpWdSAeMJRInSjAT9JPxjQFPmvB9zE/uNbZIUsdhCUuPOHPe/v,3.267246,6.164217,4.475763
686400,a4/EViBmYJ566CSpWdSAeMJRInSjAT9JPxjQFPmvB9zE/uNbZIUsdhCUuPOHPe/v,3.5284760000000004,6.2359290000000005,4.632346
686700,a4/EViBmYJ566CSpWdSAeMJRInSjAT9JPxjQFPmvB9zE/uNbZIUsdhCUuPOHPe/v,3.4113620000000004,6.287742,4.279848
687000,a4/EViBmYJ566CSpWdSAeMJRInSjAT9JPxjQFPmvB9zE/uNbZIUsdhCUuPOHPe/v,3.6809910000000006,7.348249000000001,4.8017330000000005
687300,a4/EViBmYJ566CSpWdSAeMJRInSjAT9JPxjQFPmvB9zE/uNbZIUsdhCUuPOHPe/v,3.5462019999999996,6.523095,4.777812
687600,a4/EViBmYJ566CSpWdSAeMJRInSjAT9JPxjQFPmvB9zE/uNbZIUsdhCUuPOHPe/v,3.295607,6.815034,4.836803
687900,a4/EViBmYJ566CSpWdSAeMJRInSjAT9JPxjQFPmvB9zE/uNbZIUsdhCUuPOHPe/v,3.687793,6.726767999999999,4.813338
688200,a4/EViBmYJ566CSpWdSAeMJRInSjAT9JPxjQFPmvB9zE/uNbZIUsdhCUuPOHPe/v,3.2866239999999998,6.380979,4.734426999999999
688500,a4/EViBmYJ566CSpWdSAeMJRInSjAT9JPxjQFPmvB9zE/uNbZIUsdhCUuPOHPe/v,3.549206,6.035201,4.690775
688800,a4/EViBmYJ566CSpWdSAeMJRInSjAT9JPxjQFPmvB9zE/uNbZIUsdhCUuPOHPe/v,3.582104,6.389393,4.7075190000000005
689100,a4/EViBmYJ566CSpWdSAeMJRInSjAT9JPxjQFPmvB9zE/uNbZIUsdhCUuPOHPe/v,3.5614230000000004,6.512929,4.602372
689400,a4/EViBmYJ566CSpWdSAeMJRInSjAT9JPxjQFPmvB9zE/uNbZIUsdhCUuPOHPe/v,3.3504769999999997,6.270377,4.517923000000001
689700,a4/EViBmYJ566CSpWdSAeMJRInSjAT9JPxjQFPmvB9zE/uNbZIUsdhCUuPOHPe/v,3.652603,6.3781360000000005,4.783333
690000,a4/EViBmYJ566CSpWdSAeMJRInSjAT9JPxjQFPmvB9zE/uNbZIUsdhCUuPOHPe/v,3.574182,6.134589,4.489469000000001
690300,a4/EViBmYJ566CSpWdSAeMJRInSjAT9JPxjQFPmvB9zE/uNbZIUsdhCUuPOHPe/v,3.641006,6.2817620000000005,4.78869
690600,a4/EViBmYJ566CSpWdSAeMJRInSjAT9JPxjQFPmvB9zE/uNbZIUsdhCUuPOHPe/v,3.6738589999999998,6.385280000000001,4.720821
690900,a4/EViBmYJ566CSpWdSAeMJRInSjAT9JPxjQFPmvB9zE/uNbZIUsdhCUuPOHPe/v,3.6063089999999995,6.8231850000000005,4.620349
