timestamp,vm_id,min_cpu,avg_cpu,max_cpu
0,a4hm1odo4MSV4R0d9ewEldSbJijp4+evpgFb/06s8a0D9/8j7Jtzl6C7ojH/Oxa6,8.602846000000001,19.097410999999997,14.048145000000002
300,a4hm1odo4MSV4R0d9ewEldSbJijp4+evpgFb/06s8a0D9/8j7Jtzl6C7ojH/Oxa6,7.586563000000001,20.060307,14.429060999999999
600,a4hm1odo4MSV4R0d9ewEldSbJijp4+evpgFb/06s8a0D9/8j7Jtzl6C7ojH/Oxa6,9.30481,19.837878,14.269523999999999
900,a4hm1odo4MSV4R0d9ewEldSbJijp4+evpgFb/06s8a0D9/8j7Jtzl6C7ojH/Oxa6,10.587858,19.348755999999998,14.527632
1200,a4hm1odo4MSV4R0d9ewEldSbJijp4+evpgFb/06s8a0D9/8j7Jtzl6C7ojH/Oxa6,8.372993,20.608908,13.766581
1500,a4hm1odo4MSV4R0d9ewEldSbJijp4+evpgFb/06s8a0D9/8j7Jtzl6C7ojH/Oxa6,11.084589,18.574753,14.678636
1800,a4hm1odo4MSV4R0d9ewEldSbJijp4+evpgFb/06s8a0D9/8j7Jtzl6C7ojH/Oxa6,8.556467,20.738588,14.849413
2100,a4hm1odo4MSV4R0d9ewEldSbJijp4+evpgFb/06s8a0D9/8j7Jtzl6C7ojH/Oxa6,8.932896000000001,17.196481,14.173459
2400,a4hm1odo4MSV4R0d9ewEldSbJijp4+evpgFb/06s8a0D9/8j7Jtzl6C7ojH/Oxa6,8.551791,19.882289,13.924385999999998
2700,a4hm1odo4MSV4R0d9ewEldSbJijp4+evpgFb/06s8a0D9/8j7Jtzl6C7ojH/Oxa6,7.1175559999999995,20.993045000000002,14.610278
3000,a4hm1odo4MSV4R0d9ewEldSbJijp4+evpgFb/06s8a0D9/8j7Jtzl6C7ojH/Oxa6,11.801596,23.516320999999998,14.801603
3300,a4hm1odo4MSV4R0d9ewEldSbJijp4+evpgFb/06s8a0D9/8j7Jtzl6C7ojH/Oxa6,7.769288,20.529078,14.163345999999999
3600,a4hm1odo4MSV4R0d9ewEldSbJijp4+evpgFb/06s8a0D9/8j7Jtzl6C7ojH/Oxa6,7.858191000000001,20.934684,14.520164000000001
3900,a4hm1odo4MSV4R0d9ewEldSbJijp4+evpgFb/06s8a0D9/8j7Jtzl6C7ojH/Oxa6,7.645295,20.534278,14.37091
4200,a4hm1odo4MSV4R0d9ewEldSbJijp4+evpgFb/06s8a0D9/8j7Jtzl6C7ojH/Oxa6,7.966311999999999,21.137283,14.165401000000001
4500,a4hm1odo4MSV4R0d9ewEldSbJijp4+evpgFb/06s8a0D9/8j7Jtzl6C7ojH/Oxa6,9.061395,19.074744,14.370926999999998
4800,a4hm1odo4MSV4R0d9ewEldSbJijp4+evpgFb/06s8a0D9/8j7Jtzl6C7ojH/Oxa6,9.239741,20.362578,13.232016
5100,a4hm1odo4MSV4R0d9ewEldSbJijp4+evpgFb/06s8a0D9/8j7Jtzl6C7ojH/Oxa6,8.587984,18.102564,14.005807
5400,a4hm1odo4MSV4R0d9ewEldSbJijp4+evpgFb/06s8a0D9/8j7Jtzl6C7ojH/Oxa6,9.537422,18.337979999999998,14.344231
5700,a4hm1odo4MSV4R0d9ewEldSbJijp4+evpgFb/06s8a0D9/8j7Jtzl6C7ojH/Oxa6,5.96959,18.774181,13.946728
6000,a4hm1odo4MSV4R0d9ewEldSbJijp4+evpgFb/06s8a0D9/8j7Jtzl6C7ojH/Oxa6,7.687335000000001,19.421435,14.082270000000001
6300,a4hm1odo4MSV4R0d9ewEldSbJijp4+evpgFb/06s8a0D9/8j7Jtzl6C7ojH/Oxa6,8.124533,21.100766,14.463270999999999
6600,a4hm1odo4MSV4R0d9ewEldSbJijp4+evpgFb/06s8a0D9/8j7Jtzl6C7ojH/Oxa6,9.198382,18.466217999999998,14.339185
6900,a4hm1odo4MSV4R0d9ewEldSbJijp4+evpgFb/06s8a0D9/8j7Jtzl6C7ojH/Oxa6,8.463555,19.262099,14.784313000000001
7200,a4hm1odo4MSV4R0d9ewEldSbJijp4+evpgFb/06s8a0D9/8j7Jtzl6C7ojH/Oxa6,9.750884,19.211623,14.488939000000002
7500,a4hm1odo4MSV4R0d9ewEldSbJijp4+evpgFb/06s8a0D9/8j7Jtzl6C7ojH/Oxa6,9.807309,19.127991,14.75719
7800,a4hm1odo4MSV4R0d9ewEldSbJijp4+evpgFb/06s8a0D9/8j7Jtzl6C7ojH/Oxa6,8.163048,21.229306,14.773297
8100,a4hm1odo4MSV4R0d9ewEldSbJijp4+evpgFb/06s8a0D9/8j7Jtzl6C7ojH/Oxa6,8.039839,19.858564,14.762479
8400,a4hm1odo4MSV4R0d9ewEldSbJijp4+evpgFb/06s8a0D9/8j7Jtzl6C7ojH/Oxa6,5.661588,17.179671,14.128015
8700,a4hm1odo4MSV4R0d9ewEldSbJijp4+evpgFb/06s8a0D9/8j7Jtzl6C7ojH/Oxa6,8.654805,18.438916,13.888992000000002
9000,a4hm1odo4MSV4R0d9ewEldSbJijp4+evpgFb/06s8a0D9/8j7Jtzl6C7ojH/Oxa6,8.238762,21.235605,14.728183
9300,a4hm1odo4MSV4R0d9ewEldSbJijp4+evpgFb/06s8a0D9/8j7Jtzl6C7ojH/Oxa6,9.177209,20.174371,14.837823
9600,a4hm1odo4MSV4R0d9ewEldSbJijp4+evpgFb/06s8a0D9/8j7Jtzl6C7ojH/Oxa6,9.14542,18.950397,14.180847
9900,a4hm1odo4MSV4R0d9ewEldSbJijp4+evpgFb/06s8a0D9/8j7Jtzl6C7ojH/Oxa6,9.891099,19.243175,14.20103
10200,a4hm1odo4MSV4R0d9ewEldSbJijp4+evpgFb/06s8a0D9/8j7Jtzl6C7ojH/Oxa6,8.903630999999999,20.047456,14.962168
10500,a4hm1odo4MSV4R0d9ewEldSbJijp4+evpgFb/06s8a0D9/8j7Jtzl6C7ojH/Oxa6,9.434759,19.783197,14.732107999999998
10800,a4hm1odo4MSV4R0d9ewEldSbJijp4+evpgFb/06s8a0D9/8j7Jtzl6C7ojH/Oxa6,9.074766,20.710431,14.755053
11100,a4hm1odo4MSV4R0d9ewEldSbJijp4+evpgFb/06s8a0D9/8j7Jtzl6C7ojH/Oxa6,8.731159,21.323526,14.336520000000002
11400,a4hm1odo4MSV4R0d9ewEldSbJijp4+evpgFb/06s8a0D9/8j7Jtzl6C7ojH/Oxa6,8.467832000000001,19.547537,14.318898999999998
11700,a4hm1odo4MSV4R0d9ewEldSbJijp4+evpgFb/06s8a0D9/8j7Jtzl6C7ojH/Oxa6,8.254963,21.997184,14.753888
12000,a4hm1odo4MSV4R0d9ewEldSbJijp4+evpgFb/06s8a0D9/8j7Jtzl6C7ojH/Oxa6,8.631086999999999,21.368698000000002,14.588560000000001
12300,a4hm1odo4MSV4R0d9ewEldSbJijp4+evpgFb/06s8a0D9/8j7Jtzl6C7ojH/Oxa6,5.303143,17.914215,13.079023
12600,a4hm1odo4MSV4R0d9ewEldSbJijp4+evpgFb/06s8a0D9/8j7Jtzl6C7ojH/Oxa6,8.296269,25.239304999999998,15.137634
12900,a4hm1odo4MSV4R0d9ewEldSbJijp4+evpgFb/06s8a0D9/8j7Jtzl6C7ojH/Oxa6,10.470061999999999,20.247087,14.664983
13200,a4hm1odo4MSV4R0d9ewEldSbJijp4+evpgFb/06s8a0D9/8j7Jtzl6C7ojH/Oxa6,8.562308999999999,21.727676000000002,15.239899
13500,a4hm1odo4MSV4R0d9ewEldSbJijp4+evpgFb/06s8a0D9/8j7Jtzl6C7ojH/Oxa6,9.739674,19.962431,14.878514000000001
13800,a4hm1odo4MSV4R0d9ewEldSbJijp4+evpgFb/06s8a0D9/8j7Jtzl6C7ojH/Oxa6,8.697577,21.436460999999998,14.892259
14100,a4hm1odo4MSV4R0d9ewEldSbJijp4+evpgFb/06s8a0D9/8j7Jtzl6C7ojH/Oxa6,8.252594,23.149946,15.939385999999999
14400,a4hm1odo4MSV4R0d9ewEldSbJijp4+evpgFb/06s8a0D9/8j7Jtzl6C7ojH/Oxa6,6.592385,21.347452,14.742151999999999
14700,a4hm1odo4MSV4R0d9ewEldSbJijp4+evpgFb/06s8a0D9/8j7Jtzl6C7ojH/Oxa6,10.554605,19.266281,14.887995000000002
15000,a4hm1odo4MSV4R0d9ewEldSbJijp4+evpgFb/06s8a0D9/8j7Jtzl6C7ojH/Oxa6,8.51795,20.335037,14.739199
15300,a4hm1odo4MSV4R0d9ewEldSbJijp4+evpgFb/06s8a0D9/8j7Jtzl6C7ojH/Oxa6,8.370396000000001,20.764193,14.925841
15600,a4hm1odo4MSV4R0d9ewEldSbJijp4+evpgFb/06s8a0D9/8j7Jtzl6C7ojH/Oxa6,9.520549,18.940817000000003,14.962446
15900,a4hm1odo4MSV4R0d9ewEldSbJijp4+evpgFb/06s8a0D9/8j7Jtzl6C7ojH/Oxa6,9.614589,19.189954,14.837963
16200,a4hm1odo4MSV4R0d9ewEldSbJijp4+evpgFb/06s8a0D9/8j7Jtzl6C7ojH/Oxa6,9.629273,18.705241,14.371297
16500,a4hm1odo4MSV4R0d9ewEldSbJijp4+evpgFb/06s8a0D9/8j7Jtzl6C7ojH/Oxa6,10.760283,18.741272,15.120187
16800,a4hm1odo4MSV4R0d9ewEldSbJijp4+evpgFb/06s8a0D9/8j7Jtzl6C7ojH/Oxa6,9.321110000000001,20.321419,14.386823999999999
17100,a4hm1odo4MSV4R0d9ewEldSbJijp4+evpgFb/06s8a0D9/8j7Jtzl6C7ojH/Oxa6,7.874475,19.326878,14.455541
17400,a4hm1odo4MSV4R0d9ewEldSbJijp4+evpgFb/06s8a0D9/8j7Jtzl6C7ojH/Oxa6,9.399419,19.090393,14.961454000000002
17700,a4hm1odo4MSV4R0d9ewEldSbJijp4+evpgFb/06s8a0D9/8j7Jtzl6C7ojH/Oxa6,8.279342,19.537751,14.673804
18000,a4hm1odo4MSV4R0d9ewEldSbJijp4+evpgFb/06s8a0D9/8j7Jtzl6C7ojH/Oxa6,9.629457,20.328842,14.164273000000001
18300,a4hm1odo4MSV4R0d9ewEldSbJijp4+evpgFb/06s8a0D9/8j7Jtzl6C7ojH/Oxa6,10.260384,18.658222,15.359848000000001
18600,a4hm1odo4MSV4R0d9ewEldSbJijp4+evpgFb/06s8a0D9/8j7Jtzl6C7ojH/Oxa6,7.738360000000001,21.649561,14.884826
18900,a4hm1odo4MSV4R0d9ewEldSbJijp4+evpgFb/06s8a0D9/8j7Jtzl6C7ojH/Oxa6,7.934964999999999,21.193728,14.740172
19200,a4hm1odo4MSV4R0d9ewEldSbJijp4+evpgFb/06s8a0D9/8j7Jtzl6C7ojH/Oxa6,8.172991,21.40214,14.655179
19500,a4hm1odo4MSV4R0d9ewEldSbJijp4+evpgFb/06s8a0D9/8j7Jtzl6C7ojH/Oxa6,7.610355,17.223607,14.679801000000001
19800,a4hm1odo4MSV4R0d9ewEldSbJijp4+evpgFb/06s8a0D9/8j7Jtzl6C7ojH/Oxa6,9.258022,18.102881,13.929457000000001
20100,a4hm1odo4MSV4R0d9ewEldSbJijp4+evpgFb/06s8a0D9/8j7Jtzl6C7ojH/Oxa6,8.428295,19.239303,14.541277
20400,a4hm1odo4MSV4R0d9ewEldSbJijp4+evpgFb/06s8a0D9/8j7Jtzl6C7ojH/Oxa6,8.014304,21.049801000000002,14.048695
20700,a4hm1odo4MSV4R0d9ewEldSbJijp4+evpgFb/06s8a0D9/8j7Jtzl6C7ojH/Oxa6,11.072066,17.699614999999998,14.890097
21000,a4hm1odo4MSV4R0d9ewEldSbJijp4+evpgFb/06s8a0D9/8j7Jtzl6C7ojH/Oxa6,8.049375999999999,21.485138,14.824882999999998
21300,a4hm1odo4MSV4R0d9ewEldSbJijp4+evpgFb/06s8a0D9/8j7Jtzl6C7ojH/Oxa6,8.571702,20.832871,15.104970000000002
21600,a4hm1odo4MSV4R0d9ewEldSbJijp4+evpgFb/06s8a0D9/8j7Jtzl6C7ojH/Oxa6,10.079818,19.479556,14.771859
21900,a4hm1odo4MSV4R0d9ewEldSbJijp4+evpgFb/06s8a0D9/8j7Jtzl6C7ojH/Oxa6,9.531411,18.082485000000002,14.492632
22200,a4hm1odo4MSV4R0d9ewEldSbJijp4+evpgFb/06s8a0D9/8j7Jtzl6C7ojH/Oxa6,8.922429,21.265296,14.701704000000001
22500,a4hm1odo4MSV4R0d9ewEldSbJijp4+evpgFb/06s8a0D9/8j7Jtzl6C7ojH/Oxa6,8.470964,20.298354999999997,14.945274
22800,a4hm1odo4MSV4R0d9ewEldSbJijp4+evpgFb/06s8a0D9/8j7Jtzl6C7ojH/Oxa6,9.172706,19.584679,14.399709
23100,a4hm1odo4MSV4R0d9ewEldSbJijp4+evpgFb/06s8a0D9/8j7Jtzl6C7ojH/Oxa6,12.038528,17.202392,14.913151000000001
23400,a4hm1odo4MSV4R0d9ewEldSbJijp4+evpgFb/06s8a0D9/8j7Jtzl6C7ojH/Oxa6,8.214941,20.773826,14.581949
23700,a4hm1odo4MSV4R0d9ewEldSbJijp4+evpgFb/06s8a0D9/8j7Jtzl6C7ojH/Oxa6,6.686984,20.892121,13.63011
24000,a4hm1odo4MSV4R0d9ewEldSbJijp4+evpgFb/06s8a0D9/8j7Jtzl6C7ojH/Oxa6,9.31126,18.987284,14.668007999999999
24300,a4hm1odo4MSV4R0d9ewEldSbJijp4+evpgFb/06s8a0D9/8j7Jtzl6C7ojH/Oxa6,6.066678,20.166808,14.263901
24600,a4hm1odo4MSV4R0d9ewEldSbJijp4+evpgFb/06s8a0D9/8j7Jtzl6C7ojH/Oxa6,8.665741,19.982560999999997,14.645487
24900,a4hm1odo4MSV4R0d9ewEldSbJijp4+evpgFb/06s8a0D9/8j7Jtzl6C7ojH/Oxa6,9.266189,19.177879,14.653127
25200,a4hm1odo4MSV4R0d9ewEldSbJijp4+evpgFb/06s8a0D9/8j7Jtzl6C7ojH/Oxa6,7.8097710000000005,27.041176,16.077379999999998
25500,a4hm1odo4MSV4R0d9ewEldSbJijp4+evpgFb/06s8a0D9/8j7Jtzl6C7ojH/Oxa6,9.655011,18.978395000000003,14.773645000000002
25800,a4hm1odo4MSV4R0d9ewEldSbJijp4+evpgFb/06s8a0D9/8j7Jtzl6C7ojH/Oxa6,9.039094,21.05915,14.663535000000001
26100,a4hm1odo4MSV4R0d9ewEldSbJijp4+evpgFb/06s8a0D9/8j7Jtzl6C7ojH/Oxa6,7.987528,20.316668,14.602635999999999
26400,a4hm1odo4MSV4R0d9ewEldSbJijp4+evpgFb/06s8a0D9/8j7Jtzl6C7ojH/Oxa6,10.162579,20.327175,14.584485999999998
26700,a4hm1odo4MSV4R0d9ewEldSbJijp4+evpgFb/06s8a0D9/8j7Jtzl6C7ojH/Oxa6,8.559579,20.693358,14.160264999999999
27000,a4hm1odo4MSV4R0d9ewEldSbJijp4+evpgFb/06s8a0D9/8j7Jtzl6C7ojH/Oxa6,7.269867999999999,20.755121,14.450262
27300,a4hm1odo4MSV4R0d9ewEldSbJijp4+evpgFb/06s8a0D9/8j7Jtzl6C7ojH/Oxa6,7.996932000000001,21.806097,14.479159
27600,a4hm1odo4MSV4R0d9ewEldSbJijp4+evpgFb/06s8a0D9/8j7Jtzl6C7ojH/Oxa6,8.3758,21.039075,14.621142
27900,a4hm1odo4MSV4R0d9ewEldSbJijp4+evpgFb/06s8a0D9/8j7Jtzl6C7ojH/Oxa6,9.404816,19.2456,15.027228
28200,a4hm1odo4MSV4R0d9ewEldSbJijp4+evpgFb/06s8a0D9/8j7Jtzl6C7ojH/Oxa6,9.133894999999999,19.864746,14.876194
28500,a4hm1odo4MSV4R0d9ewEldSbJijp4+evpgFb/06s8a0D9/8j7Jtzl6C7ojH/Oxa6,8.809025,25.541753,15.155760999999998
28800,a4hm1odo4MSV4R0d9ewEldSbJijp4+evpgFb/06s8a0D9/8j7Jtzl6C7ojH/Oxa6,9.504453,19.695586,14.906851000000001
29100,a4hm1odo4MSV4R0d9ewEldSbJijp4+evpgFb/06s8a0D9/8j7Jtzl6C7ojH/Oxa6,9.578428,19.471757999999998,14.642307999999998
29400,a4hm1odo4MSV4R0d9ewEldSbJijp4+evpgFb/06s8a0D9/8j7Jtzl6C7ojH/Oxa6,8.616495,18.744358,14.96601
29700,a4hm1odo4MSV4R0d9ewEldSbJijp4+evpgFb/06s8a0D9/8j7Jtzl6C7ojH/Oxa6,8.276231,21.095708,14.922357
30000,a4hm1odo4MSV4R0d9ewEldSbJijp4+evpgFb/06s8a0D9/8j7Jtzl6C7ojH/Oxa6,9.720198,19.182349,14.900602
30300,a4hm1odo4MSV4R0d9ewEldSbJijp4+evpgFb/06s8a0D9/8j7Jtzl6C7ojH/Oxa6,9.740699000000001,18.932438,15.243635000000001
30600,a4hm1odo4MSV4R0d9ewEldSbJijp4+evpgFb/06s8a0D9/8j7Jtzl6C7ojH/Oxa6,9.382498,21.347327,14.781282000000001
30900,a4hm1odo4MSV4R0d9ewEldSbJijp4+evpgFb/06s8a0D9/8j7Jtzl6C7ojH/Oxa6,8.426298,21.781943,15.162737
31200,a4hm1odo4MSV4R0d9ewEldSbJijp4+evpgFb/06s8a0D9/8j7Jtzl6C7ojH/Oxa6,6.438525,21.76698,13.757109
31500,a4hm1odo4MSV4R0d9ewEldSbJijp4+evpgFb/06s8a0D9/8j7Jtzl6C7ojH/Oxa6,8.164578,20.986001,14.849691
31800,a4hm1odo4MSV4R0d9ewEldSbJijp4+evpgFb/06s8a0D9/8j7Jtzl6C7ojH/Oxa6,8.842882000000001,23.076961999999998,14.798167999999999
32100,a4hm1odo4MSV4R0d9ewEldSbJijp4+evpgFb/06s8a0D9/8j7Jtzl6C7ojH/Oxa6,8.883724,20.357006,14.718687
32400,a4hm1odo4MSV4R0d9ewEldSbJijp4+evpgFb/06s8a0D9/8j7Jtzl6C7ojH/Oxa6,8.093633,21.098742,14.582326
32700,a4hm1odo4MSV4R0d9ewEldSbJijp4+evpgFb/06s8a0D9/8j7Jtzl6C7ojH/Oxa6,9.065624,21.475391000000002,15.144964000000002
33000,a4hm1odo4MSV4R0d9ewEldSbJijp4+evpgFb/06s8a0D9/8j7Jtzl6C7ojH/Oxa6,8.34891,20.127504000000002,15.322820000000002
33300,a4hm1odo4MSV4R0d9ewEldSbJijp4+evpgFb/06s8a0D9/8j7Jtzl6C7ojH/Oxa6,8.885823,20.179169,15.183795000000002
33600,a4hm1odo4MSV4R0d9ewEldSbJijp4+evpgFb/06s8a0D9/8j7Jtzl6C7ojH/Oxa6,8.253622,20.358141,15.331157000000001
33900,a4hm1odo4MSV4R0d9ewEldSbJijp4+evpgFb/06s8a0D9/8j7Jtzl6C7ojH/Oxa6,7.8890020000000005,21.055049,14.541626999999998
34200,a4hm1odo4MSV4R0d9ewEldSbJijp4+evpgFb/06s8a0D9/8j7Jtzl6C7ojH/Oxa6,8.738389,22.822879,15.394160999999999
34500,a4hm1odo4MSV4R0d9ewEldSbJijp4+evpgFb/06s8a0D9/8j7Jtzl6C7ojH/Oxa6,8.228753999999999,23.82476,15.520817999999998
34800,a4hm1odo4MSV4R0d9ewEldSbJijp4+evpgFb/06s8a0D9/8j7Jtzl6C7ojH/Oxa6,8.453508,21.568294,14.653893
35100,a4hm1odo4MSV4R0d9ewEldSbJijp4+evpgFb/06s8a0D9/8j7Jtzl6C7ojH/Oxa6,8.885659,19.351304000000003,13.822895
35400,a4hm1odo4MSV4R0d9ewEldSbJijp4+evpgFb/06s8a0D9/8j7Jtzl6C7ojH/Oxa6,12.659491000000001,18.523912,15.339953
35700,a4hm1odo4MSV4R0d9ewEldSbJijp4+evpgFb/06s8a0D9/8j7Jtzl6C7ojH/Oxa6,9.292839,22.689569,15.517733999999999
36000,a4hm1odo4MSV4R0d9ewEldSbJijp4+evpgFb/06s8a0D9/8j7Jtzl6C7ojH/Oxa6,7.534277,20.623439,14.544369
36300,a4hm1odo4MSV4R0d9ewEldSbJijp4+evpgFb/06s8a0D9/8j7Jtzl6C7ojH/Oxa6,8.682091999999999,18.924001999999998,14.812063
36600,a4hm1odo4MSV4R0d9ewEldSbJijp4+evpgFb/06s8a0D9/8j7Jtzl6C7ojH/Oxa6,8.623114999999999,21.014252,15.102309
36900,a4hm1odo4MSV4R0d9ewEldSbJijp4+evpgFb/06s8a0D9/8j7Jtzl6C7ojH/Oxa6,8.994503,21.343241,15.025948000000001
37200,a4hm1odo4MSV4R0d9ewEldSbJijp4+evpgFb/06s8a0D9/8j7Jtzl6C7ojH/Oxa6,8.207351,22.306976000000002,15.103523999999998
37500,a4hm1odo4MSV4R0d9ewEldSbJijp4+evpgFb/06s8a0D9/8j7Jtzl6C7ojH/Oxa6,8.281136,20.65532,14.797665
37800,a4hm1odo4MSV4R0d9ewEldSbJijp4+evpgFb/06s8a0D9/8j7Jtzl6C7ojH/Oxa6,9.164713,21.003065,14.782889
38100,a4hm1odo4MSV4R0d9ewEldSbJijp4+evpgFb/06s8a0D9/8j7Jtzl6C7ojH/Oxa6,11.726317,18.677854,15.597198
38400,a4hm1odo4MSV4R0d9ewEldSbJijp4+evpgFb/06s8a0D9/8j7Jtzl6C7ojH/Oxa6,8.519271,22.838203,15.449954
38700,a4hm1odo4MSV4R0d9ewEldSbJijp4+evpgFb/06s8a0D9/8j7Jtzl6C7ojH/Oxa6,7.849530000000001,20.179748,14.995412
39000,a4hm1odo4MSV4R0d9ewEldSbJijp4+evpgFb/06s8a0D9/8j7Jtzl6C7ojH/Oxa6,9.913103,20.391627,14.927105
39300,a4hm1odo4MSV4R0d9ewEldSbJijp4+evpgFb/06s8a0D9/8j7Jtzl6C7ojH/Oxa6,10.255413,20.641614,15.773494
39600,a4hm1odo4MSV4R0d9ewEldSbJijp4+evpgFb/06s8a0D9/8j7Jtzl6C7ojH/Oxa6,9.686128,19.932267,15.292966
39900,a4hm1odo4MSV4R0d9ewEldSbJijp4+evpgFb/06s8a0D9/8j7Jtzl6C7ojH/Oxa6,6.68756,19.931997,13.485885000000001
40200,a4hm1odo4MSV4R0d9ewEldSbJijp4+evpgFb/06s8a0D9/8j7Jtzl6C7ojH/Oxa6,10.09826,19.118159,14.759032000000001
40500,a4hm1odo4MSV4R0d9ewEldSbJijp4+evpgFb/06s8a0D9/8j7Jtzl6C7ojH/Oxa6,8.335769,22.794597,14.881435999999999
40800,a4hm1odo4MSV4R0d9ewEldSbJijp4+evpgFb/06s8a0D9/8j7Jtzl6C7ojH/Oxa6,7.101972999999999,20.561547,14.752873999999998
41100,a4hm1odo4MSV4R0d9ewEldSbJijp4+evpgFb/06s8a0D9/8j7Jtzl6C7ojH/Oxa6,7.733538,22.637798999999998,14.658976999999998
41400,a4hm1odo4MSV4R0d9ewEldSbJijp4+evpgFb/06s8a0D9/8j7Jtzl6C7ojH/Oxa6,10.471799,19.692363,15.415544
41700,a4hm1odo4MSV4R0d9ewEldSbJijp4+evpgFb/06s8a0D9/8j7Jtzl6C7ojH/Oxa6,7.193239,19.656121,13.048716
42000,a4hm1odo4MSV4R0d9ewEldSbJijp4+evpgFb/06s8a0D9/8j7Jtzl6C7ojH/Oxa6,6.356841,18.968215,13.377510999999998
42300,a4hm1odo4MSV4R0d9ewEldSbJijp4+evpgFb/06s8a0D9/8j7Jtzl6C7ojH/Oxa6,9.634497,18.52908,14.572396
42600,a4hm1odo4MSV4R0d9ewEldSbJijp4+evpgFb/06s8a0D9/8j7Jtzl6C7ojH/Oxa6,9.32607,18.094238,14.053272
42900,a4hm1odo4MSV4R0d9ewEldSbJijp4+evpgFb/06s8a0D9/8j7Jtzl6C7ojH/Oxa6,9.315747,21.476545,15.319509
43200,a4hm1odo4MSV4R0d9ewEldSbJijp4+evpgFb/06s8a0D9/8j7Jtzl6C7ojH/Oxa6,9.960411,20.763370000000002,15.704526999999999
43500,a4hm1odo4MSV4R0d9ewEldSbJijp4+evpgFb/06s8a0D9/8j7Jtzl6C7ojH/Oxa6,8.678146,20.612423,15.161329
43800,a4hm1odo4MSV4R0d9ewEldSbJijp4+evpgFb/06s8a0D9/8j7Jtzl6C7ojH/Oxa6,8.368016,22.411960999999998,15.467726
44100,a4hm1odo4MSV4R0d9ewEldSbJijp4+evpgFb/06s8a0D9/8j7Jtzl6C7ojH/Oxa6,12.159460000000001,20.38935,15.441953
44400,a4hm1odo4MSV4R0d9ewEldSbJijp4+evpgFb/06s8a0D9/8j7Jtzl6C7ojH/Oxa6,8.936224000000001,21.861982,15.621376000000001
44700,a4hm1odo4MSV4R0d9ewEldSbJijp4+evpgFb/06s8a0D9/8j7Jtzl6C7ojH/Oxa6,9.353278999999999,21.002039,14.853137
45000,a4hm1odo4MSV4R0d9ewEldSbJijp4+evpgFb/06s8a0D9/8j7Jtzl6C7ojH/Oxa6,8.773847,18.366476000000002,15.389551
45300,a4hm1odo4MSV4R0d9ewEldSbJijp4+evpgFb/06s8a0D9/8j7Jtzl6C7ojH/Oxa6,9.389517,18.154429999999998,15.153791
45600,a4hm1odo4MSV4R0d9ewEldSbJijp4+evpgFb/06s8a0D9/8j7Jtzl6C7ojH/Oxa6,9.570229,20.203146,14.693461
45900,a4hm1odo4MSV4R0d9ewEldSbJijp4+evpgFb/06s8a0D9/8j7Jtzl6C7ojH/Oxa6,9.967226,20.228204,14.839791
46200,a4hm1odo4MSV4R0d9ewEldSbJijp4+evpgFb/06s8a0D9/8j7Jtzl6C7ojH/Oxa6,11.774003,20.730247,15.603807000000002
46500,a4hm1odo4MSV4R0d9ewEldSbJijp4+evpgFb/06s8a0D9/8j7Jtzl6C7ojH/Oxa6,9.465341,23.144652,15.043486999999999
46800,a4hm1odo4MSV4R0d9ewEldSbJijp4+evpgFb/06s8a0D9/8j7Jtzl6C7ojH/Oxa6,10.032321000000001,21.573769,16.020055
47100,a4hm1odo4MSV4R0d9ewEldSbJijp4+evpgFb/06s8a0D9/8j7Jtzl6C7ojH/Oxa6,8.382017999999999,22.814114,15.410448
47400,a4hm1odo4MSV4R0d9ewEldSbJijp4+evpgFb/06s8a0D9/8j7Jtzl6C7ojH/Oxa6,7.254136999999999,21.175888,14.844264
47700,a4hm1odo4MSV4R0d9ewEldSbJijp4+evpgFb/06s8a0D9/8j7Jtzl6C7ojH/Oxa6,9.109077000000001,20.1024,15.21224
48000,a4hm1odo4MSV4R0d9ewEldSbJijp4+evpgFb/06s8a0D9/8j7Jtzl6C7ojH/Oxa6,8.960823,23.725277,15.689648000000002
48300,a4hm1odo4MSV4R0d9ewEldSbJijp4+evpgFb/06s8a0D9/8j7Jtzl6C7ojH/Oxa6,11.630985,19.354466,15.588706
48600,a4hm1odo4MSV4R0d9ewEldSbJijp4+evpgFb/06s8a0D9/8j7Jtzl6C7ojH/Oxa6,10.720671000000001,19.349204,15.332386999999999
48900,a4hm1odo4MSV4R0d9ewEldSbJijp4+evpgFb/06s8a0D9/8j7Jtzl6C7ojH/Oxa6,8.487323,21.729681,15.223272
49200,a4hm1odo4MSV4R0d9ewEldSbJijp4+evpgFb/06s8a0D9/8j7Jtzl6C7ojH/Oxa6,5.632402,20.822566000000002,14.959923000000002
49500,a4hm1odo4MSV4R0d9ewEldSbJijp4+evpgFb/06s8a0D9/8j7Jtzl6C7ojH/Oxa6,5.789967,21.738301,14.908366000000001
49800,a4hm1odo4MSV4R0d9ewEldSbJijp4+evpgFb/06s8a0D9/8j7Jtzl6C7ojH/Oxa6,8.695216,21.533928,15.089193
50100,a4hm1odo4MSV4R0d9ewEldSbJijp4+evpgFb/06s8a0D9/8j7Jtzl6C7ojH/Oxa6,7.177861999999999,20.834618,14.058062
50400,a4hm1odo4MSV4R0d9ewEldSbJijp4+evpgFb/06s8a0D9/8j7Jtzl6C7ojH/Oxa6,8.951014,20.544929999999997,15.116475
50700,a4hm1odo4MSV4R0d9ewEldSbJijp4+evpgFb/06s8a0D9/8j7Jtzl6C7ojH/Oxa6,11.075535,19.763628,15.65724
51000,a4hm1odo4MSV4R0d9ewEldSbJijp4+evpgFb/06s8a0D9/8j7Jtzl6C7ojH/Oxa6,8.971044000000001,22.611089,15.690579000000001
51300,a4hm1odo4MSV4R0d9ewEldSbJijp4+evpgFb/06s8a0D9/8j7Jtzl6C7ojH/Oxa6,7.8981770000000004,23.417114,15.926322
51600,a4hm1odo4MSV4R0d9ewEldSbJijp4+evpgFb/06s8a0D9/8j7Jtzl6C7ojH/Oxa6,9.232279,20.613112,15.105701000000002
51900,a4hm1odo4MSV4R0d9ewEldSbJijp4+evpgFb/06s8a0D9/8j7Jtzl6C7ojH/Oxa6,9.725825,20.789251,15.242466
52200,a4hm1odo4MSV4R0d9ewEldSbJijp4+evpgFb/06s8a0D9/8j7Jtzl6C7ojH/Oxa6,8.474561,20.220143,15.301262
52500,a4hm1odo4MSV4R0d9ewEldSbJijp4+evpgFb/06s8a0D9/8j7Jtzl6C7ojH/Oxa6,7.949903,19.240982000000002,14.569278
52800,a4hm1odo4MSV4R0d9ewEldSbJijp4+evpgFb/06s8a0D9/8j7Jtzl6C7ojH/Oxa6,8.663974000000001,18.765608,14.486018
53100,a4hm1odo4MSV4R0d9ewEldSbJijp4+evpgFb/06s8a0D9/8j7Jtzl6C7ojH/Oxa6,8.19696,18.604857,14.471314999999999
53400,a4hm1odo4MSV4R0d9ewEldSbJijp4+evpgFb/06s8a0D9/8j7Jtzl6C7ojH/Oxa6,8.826602000000001,19.433073,15.119732
53700,a4hm1odo4MSV4R0d9ewEldSbJijp4+evpgFb/06s8a0D9/8j7Jtzl6C7ojH/Oxa6,7.164853,19.553415,14.098467999999999
54000,a4hm1odo4MSV4R0d9ewEldSbJijp4+evpgFb/06s8a0D9/8j7Jtzl6C7ojH/Oxa6,6.780422,16.283717000000003,13.331760000000001
54300,a4hm1odo4MSV4R0d9ewEldSbJijp4+evpgFb/06s8a0D9/8j7Jtzl6C7ojH/Oxa6,7.812614,19.406869,13.684678
54600,a4hm1odo4MSV4R0d9ewEldSbJijp4+evpgFb/06s8a0D9/8j7Jtzl6C7ojH/Oxa6,5.618535,20.385329000000002,13.631332999999998
54900,a4hm1odo4MSV4R0d9ewEldSbJijp4+evpgFb/06s8a0D9/8j7Jtzl6C7ojH/Oxa6,8.644963,21.036042000000002,14.61418
55200,a4hm1odo4MSV4R0d9ewEldSbJijp4+evpgFb/06s8a0D9/8j7Jtzl6C7ojH/Oxa6,7.72167,20.655597,14.827760000000001
55500,a4hm1odo4MSV4R0d9ewEldSbJijp4+evpgFb/06s8a0D9/8j7Jtzl6C7ojH/Oxa6,9.868313,18.722141,14.305013
55800,a4hm1odo4MSV4R0d9ewEldSbJijp4+evpgFb/06s8a0D9/8j7Jtzl6C7ojH/Oxa6,8.938217999999999,21.421494,14.693944
56100,a4hm1odo4MSV4R0d9ewEldSbJijp4+evpgFb/06s8a0D9/8j7Jtzl6C7ojH/Oxa6,9.367837,19.458745,14.503445999999999
56400,a4hm1odo4MSV4R0d9ewEldSbJijp4+evpgFb/06s8a0D9/8j7Jtzl6C7ojH/Oxa6,8.791233,19.713081,14.553335
56700,a4hm1odo4MSV4R0d9ewEldSbJijp4+evpgFb/06s8a0D9/8j7Jtzl6C7ojH/Oxa6,6.024866,20.151258,13.804059
57000,a4hm1odo4MSV4R0d9ewEldSbJijp4+evpgFb/06s8a0D9/8j7Jtzl6C7ojH/Oxa6,7.088029,17.734883,13.863010000000001
57300,a4hm1odo4MSV4R0d9ewEldSbJijp4+evpgFb/06s8a0D9/8j7Jtzl6C7ojH/Oxa6,5.124231,18.572648,13.659514000000001
57600,a4hm1odo4MSV4R0d9ewEldSbJijp4+evpgFb/06s8a0D9/8j7Jtzl6C7ojH/Oxa6,7.880607,19.995944,14.380552
57900,a4hm1odo4MSV4R0d9ewEldSbJijp4+evpgFb/06s8a0D9/8j7Jtzl6C7ojH/Oxa6,7.733405,22.560323,14.6164
58200,a4hm1odo4MSV4R0d9ewEldSbJijp4+evpgFb/06s8a0D9/8j7Jtzl6C7ojH/Oxa6,8.148207000000001,21.391813,14.842435
58500,a4hm1odo4MSV4R0d9ewEldSbJijp4+evpgFb/06s8a0D9/8j7Jtzl6C7ojH/Oxa6,9.522404,20.465765,14.596845000000002
58800,a4hm1odo4MSV4R0d9ewEldSbJijp4+evpgFb/06s8a0D9/8j7Jtzl6C7ojH/Oxa6,10.489375,16.924223,14.64839
59100,a4hm1odo4MSV4R0d9ewEldSbJijp4+evpgFb/06s8a0D9/8j7Jtzl6C7ojH/Oxa6,6.461041000000001,17.729543,12.87064
59400,a4hm1odo4MSV4R0d9ewEldSbJijp4+evpgFb/06s8a0D9/8j7Jtzl6C7ojH/Oxa6,13.562786,77.300979,49.315062
59700,a4hm1odo4MSV4R0d9ewEldSbJijp4+evpgFb/06s8a0D9/8j7Jtzl6C7ojH/Oxa6,43.639672999999995,65.508655,55.199148
60000,a4hm1odo4MSV4R0d9ewEldSbJijp4+evpgFb/06s8a0D9/8j7Jtzl6C7ojH/Oxa6,19.751334,88.75831,57.23113000000001
60300,a4hm1odo4MSV4R0d9ewEldSbJijp4+evpgFb/06s8a0D9/8j7Jtzl6C7ojH/Oxa6,43.933153000000004,72.279614,58.246719999999996
60600,a4hm1odo4MSV4R0d9ewEldSbJijp4+evpgFb/06s8a0D9/8j7Jtzl6C7ojH/Oxa6,26.889619,88.758837,49.030390000000004
60900,a4hm1odo4MSV4R0d9ewEldSbJijp4+evpgFb/06s8a0D9/8j7Jtzl6C7ojH/Oxa6,20.315911,98.54939,56.221051
61200,a4hm1odo4MSV4R0d9ewEldSbJijp4+evpgFb/06s8a0D9/8j7Jtzl6C7ojH/Oxa6,34.221089,81.432575,57.882270999999996
61500,a4hm1odo4MSV4R0d9ewEldSbJijp4+evpgFb/06s8a0D9/8j7Jtzl6C7ojH/Oxa6,14.514837,98.844626,57.975517
61800,a4hm1odo4MSV4R0d9ewEldSbJijp4+evpgFb/06s8a0D9/8j7Jtzl6C7ojH/Oxa6,30.757531,88.999886,58.539823
62100,a4hm1odo4MSV4R0d9ewEldSbJijp4+evpgFb/06s8a0D9/8j7Jtzl6C7ojH/Oxa6,22.914981,98.167587,58.521674
62400,a4hm1odo4MSV4R0d9ewEldSbJijp4+evpgFb/06s8a0D9/8j7Jtzl6C7ojH/Oxa6,39.107487,79.143045,56.434016
62700,a4hm1odo4MSV4R0d9ewEldSbJijp4+evpgFb/06s8a0D9/8j7Jtzl6C7ojH/Oxa6,25.67149,88.46654000000001,55.81406
63000,a4hm1odo4MSV4R0d9ewEldSbJijp4+evpgFb/06s8a0D9/8j7Jtzl6C7ojH/Oxa6,22.849853,94.971544,57.67649300000001
63300,a4hm1odo4MSV4R0d9ewEldSbJijp4+evpgFb/06s8a0D9/8j7Jtzl6C7ojH/Oxa6,31.246042,86.51468,56.082313
63600,a4hm1odo4MSV4R0d9ewEldSbJijp4+evpgFb/06s8a0D9/8j7Jtzl6C7ojH/Oxa6,33.312193,78.70817199999999,48.163338
63900,a4hm1odo4MSV4R0d9ewEldSbJijp4+evpgFb/06s8a0D9/8j7Jtzl6C7ojH/Oxa6,42.817483,74.278426,57.968256999999994
64200,a4hm1odo4MSV4R0d9ewEldSbJijp4+evpgFb/06s8a0D9/8j7Jtzl6C7ojH/Oxa6,19.266952,98.139099,58.269679000000004
64500,a4hm1odo4MSV4R0d9ewEldSbJijp4+evpgFb/06s8a0D9/8j7Jtzl6C7ojH/Oxa6,40.010236,73.04590400000001,56.673315
64800,a4hm1odo4MSV4R0d9ewEldSbJijp4+evpgFb/06s8a0D9/8j7Jtzl6C7ojH/Oxa6,8.565844,19.174812,14.359526
65100,a4hm1odo4MSV4R0d9ewEldSbJijp4+evpgFb/06s8a0D9/8j7Jtzl6C7ojH/Oxa6,9.095947,19.530945000000003,14.519039999999999
65400,a4hm1odo4MSV4R0d9ewEldSbJijp4+evpgFb/06s8a0D9/8j7Jtzl6C7ojH/Oxa6,7.928872999999999,19.627385999999998,14.360629999999999
65700,a4hm1odo4MSV4R0d9ewEldSbJijp4+evpgFb/06s8a0D9/8j7Jtzl6C7ojH/Oxa6,8.2953,21.601038,15.453949
66000,a4hm1odo4MSV4R0d9ewEldSbJijp4+evpgFb/06s8a0D9/8j7Jtzl6C7ojH/Oxa6,7.801242,22.155062,14.937823999999999
66300,a4hm1odo4MSV4R0d9ewEldSbJijp4+evpgFb/06s8a0D9/8j7Jtzl6C7ojH/Oxa6,6.679431,21.989375,15.011465
66600,a4hm1odo4MSV4R0d9ewEldSbJijp4+evpgFb/06s8a0D9/8j7Jtzl6C7ojH/Oxa6,9.802392,20.363684,15.107741
66900,a4hm1odo4MSV4R0d9ewEldSbJijp4+evpgFb/06s8a0D9/8j7Jtzl6C7ojH/Oxa6,8.392517,22.670061999999998,15.619991
67200,a4hm1odo4MSV4R0d9ewEldSbJijp4+evpgFb/06s8a0D9/8j7Jtzl6C7ojH/Oxa6,8.221386,22.142731,15.573147
67500,a4hm1odo4MSV4R0d9ewEldSbJijp4+evpgFb/06s8a0D9/8j7Jtzl6C7ojH/Oxa6,10.193769,20.332051,15.633804999999999
67800,a4hm1odo4MSV4R0d9ewEldSbJijp4+evpgFb/06s8a0D9/8j7Jtzl6C7ojH/Oxa6,7.749132,20.114407999999997,14.656629
68100,a4hm1odo4MSV4R0d9ewEldSbJijp4+evpgFb/06s8a0D9/8j7Jtzl6C7ojH/Oxa6,9.478655,19.493109,14.497902999999999
68400,a4hm1odo4MSV4R0d9ewEldSbJijp4+evpgFb/06s8a0D9/8j7Jtzl6C7ojH/Oxa6,8.948876,18.789077,14.093568
68700,a4hm1odo4MSV4R0d9ewEldSbJijp4+evpgFb/06s8a0D9/8j7Jtzl6C7ojH/Oxa6,9.263719,20.681323000000003,14.574439000000002
69000,a4hm1odo4MSV4R0d9ewEldSbJijp4+evpgFb/06s8a0D9/8j7Jtzl6C7ojH/Oxa6,6.619894,20.477449,14.171867
69300,a4hm1odo4MSV4R0d9ewEldSbJijp4+evpgFb/06s8a0D9/8j7Jtzl6C7ojH/Oxa6,8.475532000000001,21.188004,13.998547
69600,a4hm1odo4MSV4R0d9ewEldSbJijp4+evpgFb/06s8a0D9/8j7Jtzl6C7ojH/Oxa6,6.907196000000001,20.434236,14.427705
69900,a4hm1odo4MSV4R0d9ewEldSbJijp4+evpgFb/06s8a0D9/8j7Jtzl6C7ojH/Oxa6,8.270634,21.343460999999998,14.555515
70200,a4hm1odo4MSV4R0d9ewEldSbJijp4+evpgFb/06s8a0D9/8j7Jtzl6C7ojH/Oxa6,10.979972,17.520238,13.993335
70500,a4hm1odo4MSV4R0d9ewEldSbJijp4+evpgFb/06s8a0D9/8j7Jtzl6C7ojH/Oxa6,9.449383000000001,19.595939,13.795203
70800,a4hm1odo4MSV4R0d9ewEldSbJijp4+evpgFb/06s8a0D9/8j7Jtzl6C7ojH/Oxa6,7.655802,20.221410000000002,14.392202
71100,a4hm1odo4MSV4R0d9ewEldSbJijp4+evpgFb/06s8a0D9/8j7Jtzl6C7ojH/Oxa6,8.092835000000001,21.096007,14.912156
71400,a4hm1odo4MSV4R0d9ewEldSbJijp4+evpgFb/06s8a0D9/8j7Jtzl6C7ojH/Oxa6,9.755009,20.333867,14.655228
71700,a4hm1odo4MSV4R0d9ewEldSbJijp4+evpgFb/06s8a0D9/8j7Jtzl6C7ojH/Oxa6,9.734962,18.675267,14.673117000000001
72000,a4hm1odo4MSV4R0d9ewEldSbJijp4+evpgFb/06s8a0D9/8j7Jtzl6C7ojH/Oxa6,8.4576,21.732549,15.004932
72300,a4hm1odo4MSV4R0d9ewEldSbJijp4+evpgFb/06s8a0D9/8j7Jtzl6C7ojH/Oxa6,9.271419,19.045985,14.461615
72600,a4hm1odo4MSV4R0d9ewEldSbJijp4+evpgFb/06s8a0D9/8j7Jtzl6C7ojH/Oxa6,9.11449,19.250323,14.681037
72900,a4hm1odo4MSV4R0d9ewEldSbJijp4+evpgFb/06s8a0D9/8j7Jtzl6C7ojH/Oxa6,8.641963,19.861665,13.991085
73200,a4hm1odo4MSV4R0d9ewEldSbJijp4+evpgFb/06s8a0D9/8j7Jtzl6C7ojH/Oxa6,9.672046,19.797219000000002,14.819030999999999
73500,a4hm1odo4MSV4R0d9ewEldSbJijp4+evpgFb/06s8a0D9/8j7Jtzl6C7ojH/Oxa6,8.103242,29.923191999999997,15.036960999999998
73800,a4hm1odo4MSV4R0d9ewEldSbJijp4+evpgFb/06s8a0D9/8j7Jtzl6C7ojH/Oxa6,8.820536,21.263672,15.028725
74100,a4hm1odo4MSV4R0d9ewEldSbJijp4+evpgFb/06s8a0D9/8j7Jtzl6C7ojH/Oxa6,9.159264,21.643881,15.202110999999999
74400,a4hm1odo4MSV4R0d9ewEldSbJijp4+evpgFb/06s8a0D9/8j7Jtzl6C7ojH/Oxa6,7.905994000000001,19.967624,14.168759
74700,a4hm1odo4MSV4R0d9ewEldSbJijp4+evpgFb/06s8a0D9/8j7Jtzl6C7ojH/Oxa6,11.545895,19.085795,15.2715
75000,a4hm1odo4MSV4R0d9ewEldSbJijp4+evpgFb/06s8a0D9/8j7Jtzl6C7ojH/Oxa6,9.450061,21.446865,15.397123
75300,a4hm1odo4MSV4R0d9ewEldSbJijp4+evpgFb/06s8a0D9/8j7Jtzl6C7ojH/Oxa6,8.822433,21.493438,15.37964
75600,a4hm1odo4MSV4R0d9ewEldSbJijp4+evpgFb/06s8a0D9/8j7Jtzl6C7ojH/Oxa6,9.635896,29.852849,16.242013
75900,a4hm1odo4MSV4R0d9ewEldSbJijp4+evpgFb/06s8a0D9/8j7Jtzl6C7ojH/Oxa6,8.05308,21.919729,15.663015
76200,a4hm1odo4MSV4R0d9ewEldSbJijp4+evpgFb/06s8a0D9/8j7Jtzl6C7ojH/Oxa6,9.158278,21.952464000000003,15.249220000000001
76500,a4hm1odo4MSV4R0d9ewEldSbJijp4+evpgFb/06s8a0D9/8j7Jtzl6C7ojH/Oxa6,7.708046,20.587996,14.368587
76800,a4hm1odo4MSV4R0d9ewEldSbJijp4+evpgFb/06s8a0D9/8j7Jtzl6C7ojH/Oxa6,9.174014,22.719842,15.42229
77100,a4hm1odo4MSV4R0d9ewEldSbJijp4+evpgFb/06s8a0D9/8j7Jtzl6C7ojH/Oxa6,7.154576,22.661799,15.157047
77400,a4hm1odo4MSV4R0d9ewEldSbJijp4+evpgFb/06s8a0D9/8j7Jtzl6C7ojH/Oxa6,8.208105999999999,23.067897,15.303994
77700,a4hm1odo4MSV4R0d9ewEldSbJijp4+evpgFb/06s8a0D9/8j7Jtzl6C7ojH/Oxa6,8.317285,22.443544,15.248217000000002
78000,a4hm1odo4MSV4R0d9ewEldSbJijp4+evpgFb/06s8a0D9/8j7Jtzl6C7ojH/Oxa6,7.828464,21.882613,15.69198
78300,a4hm1odo4MSV4R0d9ewEldSbJijp4+evpgFb/06s8a0D9/8j7Jtzl6C7ojH/Oxa6,8.591516,22.081467,15.7512
78600,a4hm1odo4MSV4R0d9ewEldSbJijp4+evpgFb/06s8a0D9/8j7Jtzl6C7ojH/Oxa6,10.592056,18.58915,14.810514999999999
78900,a4hm1odo4MSV4R0d9ewEldSbJijp4+evpgFb/06s8a0D9/8j7Jtzl6C7ojH/Oxa6,11.7525,19.563392999999998,15.322172
79200,a4hm1odo4MSV4R0d9ewEldSbJijp4+evpgFb/06s8a0D9/8j7Jtzl6C7ojH/Oxa6,9.629377999999999,21.445615,15.240537
79500,a4hm1odo4MSV4R0d9ewEldSbJijp4+evpgFb/06s8a0D9/8j7Jtzl6C7ojH/Oxa6,7.118058,21.795842999999998,15.410509
79800,a4hm1odo4MSV4R0d9ewEldSbJijp4+evpgFb/06s8a0D9/8j7Jtzl6C7ojH/Oxa6,6.223298000000001,22.366832000000002,15.381886999999999
80100,a4hm1odo4MSV4R0d9ewEldSbJijp4+evpgFb/06s8a0D9/8j7Jtzl6C7ojH/Oxa6,9.547813,20.355512,15.024484
80400,a4hm1odo4MSV4R0d9ewEldSbJijp4+evpgFb/06s8a0D9/8j7Jtzl6C7ojH/Oxa6,8.84564,22.528847,14.87129
80700,a4hm1odo4MSV4R0d9ewEldSbJijp4+evpgFb/06s8a0D9/8j7Jtzl6C7ojH/Oxa6,7.464954,19.251959,14.791087
81000,a4hm1odo4MSV4R0d9ewEldSbJijp4+evpgFb/06s8a0D9/8j7Jtzl6C7ojH/Oxa6,8.291101,21.422055,14.964185999999998
81300,a4hm1odo4MSV4R0d9ewEldSbJijp4+evpgFb/06s8a0D9/8j7Jtzl6C7ojH/Oxa6,9.990244,20.286721,14.983557999999999
81600,a4hm1odo4MSV4R0d9ewEldSbJijp4+evpgFb/06s8a0D9/8j7Jtzl6C7ojH/Oxa6,8.789591999999999,22.233067000000002,15.35144
81900,a4hm1odo4MSV4R0d9ewEldSbJijp4+evpgFb/06s8a0D9/8j7Jtzl6C7ojH/Oxa6,10.344235000000001,18.786345,15.335438
82200,a4hm1odo4MSV4R0d9ewEldSbJijp4+evpgFb/06s8a0D9/8j7Jtzl6C7ojH/Oxa6,11.336828,19.143981,15.109416
82500,a4hm1odo4MSV4R0d9ewEldSbJijp4+evpgFb/06s8a0D9/8j7Jtzl6C7ojH/Oxa6,11.206037,27.828065999999996,16.571415
82800,a4hm1odo4MSV4R0d9ewEldSbJijp4+evpgFb/06s8a0D9/8j7Jtzl6C7ojH/Oxa6,8.655437,21.256447,15.579425
83100,a4hm1odo4MSV4R0d9ewEldSbJijp4+evpgFb/06s8a0D9/8j7Jtzl6C7ojH/Oxa6,8.09629,22.281021,15.675135000000001
83400,a4hm1odo4MSV4R0d9ewEldSbJijp4+evpgFb/06s8a0D9/8j7Jtzl6C7ojH/Oxa6,9.136339999999999,22.332092000000003,15.517887
83700,a4hm1odo4MSV4R0d9ewEldSbJijp4+evpgFb/06s8a0D9/8j7Jtzl6C7ojH/Oxa6,9.296660000000001,25.141364000000003,15.797424
84000,a4hm1odo4MSV4R0d9ewEldSbJijp4+evpgFb/06s8a0D9/8j7Jtzl6C7ojH/Oxa6,9.35259,19.513019,14.828745999999999
84300,a4hm1odo4MSV4R0d9ewEldSbJijp4+evpgFb/06s8a0D9/8j7Jtzl6C7ojH/Oxa6,7.466800999999999,20.928026000000003,15.073495999999999
84600,a4hm1odo4MSV4R0d9ewEldSbJijp4+evpgFb/06s8a0D9/8j7Jtzl6C7ojH/Oxa6,8.953584,21.446767,15.136604
84900,a4hm1odo4MSV4R0d9ewEldSbJijp4+evpgFb/06s8a0D9/8j7Jtzl6C7ojH/Oxa6,8.968195,20.733079999999998,15.723548999999998
85200,a4hm1odo4MSV4R0d9ewEldSbJijp4+evpgFb/06s8a0D9/8j7Jtzl6C7ojH/Oxa6,7.498355,21.741353,14.851909
85500,a4hm1odo4MSV4R0d9ewEldSbJijp4+evpgFb/06s8a0D9/8j7Jtzl6C7ojH/Oxa6,9.432853999999999,21.962221,15.630695999999999
85800,a4hm1odo4MSV4R0d9ewEldSbJijp4+evpgFb/06s8a0D9/8j7Jtzl6C7ojH/Oxa6,9.198262,21.50531,14.457543
86100,a4hm1odo4MSV4R0d9ewEldSbJijp4+evpgFb/06s8a0D9/8j7Jtzl6C7ojH/Oxa6,8.979347,20.844282999999997,15.57281
86400,a4hm1odo4MSV4R0d9ewEldSbJijp4+evpgFb/06s8a0D9/8j7Jtzl6C7ojH/Oxa6,10.615675999999999,21.204259,15.263751000000001
86700,a4hm1odo4MSV4R0d9ewEldSbJijp4+evpgFb/06s8a0D9/8j7Jtzl6C7ojH/Oxa6,9.2942,22.128836,15.359522
87000,a4hm1odo4MSV4R0d9ewEldSbJijp4+evpgFb/06s8a0D9/8j7Jtzl6C7ojH/Oxa6,8.577897,25.838122,16.410996
87300,a4hm1odo4MSV4R0d9ewEldSbJijp4+evpgFb/06s8a0D9/8j7Jtzl6C7ojH/Oxa6,9.532383,20.11929,14.981043
87600,a4hm1odo4MSV4R0d9ewEldSbJijp4+evpgFb/06s8a0D9/8j7Jtzl6C7ojH/Oxa6,7.829164,22.047604,15.611032000000002
87900,a4hm1odo4MSV4R0d9ewEldSbJijp4+evpgFb/06s8a0D9/8j7Jtzl6C7ojH/Oxa6,8.531717,22.2994,14.386154000000001
88200,a4hm1odo4MSV4R0d9ewEldSbJijp4+evpgFb/06s8a0D9/8j7Jtzl6C7ojH/Oxa6,10.227291000000001,21.482964000000003,15.407998999999998
88500,a4hm1odo4MSV4R0d9ewEldSbJijp4+evpgFb/06s8a0D9/8j7Jtzl6C7ojH/Oxa6,7.59325,21.837778,14.938122
88800,a4hm1odo4MSV4R0d9ewEldSbJijp4+evpgFb/06s8a0D9/8j7Jtzl6C7ojH/Oxa6,8.802373,22.503073999999998,15.682631
89100,a4hm1odo4MSV4R0d9ewEldSbJijp4+evpgFb/06s8a0D9/8j7Jtzl6C7ojH/Oxa6,9.175537,22.722382,15.677670999999998
89400,a4hm1odo4MSV4R0d9ewEldSbJijp4+evpgFb/06s8a0D9/8j7Jtzl6C7ojH/Oxa6,9.520926,22.064563,15.822724
89700,a4hm1odo4MSV4R0d9ewEldSbJijp4+evpgFb/06s8a0D9/8j7Jtzl6C7ojH/Oxa6,8.937545,22.255093,15.404093
90000,a4hm1odo4MSV4R0d9ewEldSbJijp4+evpgFb/06s8a0D9/8j7Jtzl6C7ojH/Oxa6,8.379291,22.032232,15.420035
90300,a4hm1odo4MSV4R0d9ewEldSbJijp4+evpgFb/06s8a0D9/8j7Jtzl6C7ojH/Oxa6,9.903791,20.639603,15.509054
90600,a4hm1odo4MSV4R0d9ewEldSbJijp4+evpgFb/06s8a0D9/8j7Jtzl6C7ojH/Oxa6,9.399548,24.472378,15.655527
90900,a4hm1odo4MSV4R0d9ewEldSbJijp4+evpgFb/06s8a0D9/8j7Jtzl6C7ojH/Oxa6,9.779936,19.11263,15.600425
91200,a4hm1odo4MSV4R0d9ewEldSbJijp4+evpgFb/06s8a0D9/8j7Jtzl6C7ojH/Oxa6,8.479814999999999,19.948010999999997,15.115510999999998
91500,a4hm1odo4MSV4R0d9ewEldSbJijp4+evpgFb/06s8a0D9/8j7Jtzl6C7ojH/Oxa6,8.639486,21.113375,14.940420999999999
91800,a4hm1odo4MSV4R0d9ewEldSbJijp4+evpgFb/06s8a0D9/8j7Jtzl6C7ojH/Oxa6,7.710495,21.687923,14.625326999999999
92100,a4hm1odo4MSV4R0d9ewEldSbJijp4+evpgFb/06s8a0D9/8j7Jtzl6C7ojH/Oxa6,9.961139,20.639705,15.200676000000001
92400,a4hm1odo4MSV4R0d9ewEldSbJijp4+evpgFb/06s8a0D9/8j7Jtzl6C7ojH/Oxa6,8.730953999999999,19.328584,15.219939000000002
92700,a4hm1odo4MSV4R0d9ewEldSbJijp4+evpgFb/06s8a0D9/8j7Jtzl6C7ojH/Oxa6,9.059175999999999,21.777587,15.486858999999999
93000,a4hm1odo4MSV4R0d9ewEldSbJijp4+evpgFb/06s8a0D9/8j7Jtzl6C7ojH/Oxa6,7.7583020000000005,21.877529,15.420171
93300,a4hm1odo4MSV4R0d9ewEldSbJijp4+evpgFb/06s8a0D9/8j7Jtzl6C7ojH/Oxa6,10.892182,20.326067000000002,15.442286
93600,a4hm1odo4MSV4R0d9ewEldSbJijp4+evpgFb/06s8a0D9/8j7Jtzl6C7ojH/Oxa6,7.605727000000001,22.264256,14.7407
93900,a4hm1odo4MSV4R0d9ewEldSbJijp4+evpgFb/06s8a0D9/8j7Jtzl6C7ojH/Oxa6,9.130325,22.409453,15.394425
94200,a4hm1odo4MSV4R0d9ewEldSbJijp4+evpgFb/06s8a0D9/8j7Jtzl6C7ojH/Oxa6,9.895859,22.157949,15.668206
94500,a4hm1odo4MSV4R0d9ewEldSbJijp4+evpgFb/06s8a0D9/8j7Jtzl6C7ojH/Oxa6,8.223742999999999,20.097772,14.722104999999999
94800,a4hm1odo4MSV4R0d9ewEldSbJijp4+evpgFb/06s8a0D9/8j7Jtzl6C7ojH/Oxa6,9.051836,21.31085,15.409327
95100,a4hm1odo4MSV4R0d9ewEldSbJijp4+evpgFb/06s8a0D9/8j7Jtzl6C7ojH/Oxa6,8.588965,20.730226000000002,14.824031
95400,a4hm1odo4MSV4R0d9ewEldSbJijp4+evpgFb/06s8a0D9/8j7Jtzl6C7ojH/Oxa6,9.605025999999999,20.312281,14.078726999999999
95700,a4hm1odo4MSV4R0d9ewEldSbJijp4+evpgFb/06s8a0D9/8j7Jtzl6C7ojH/Oxa6,9.844913,20.390701999999997,15.735535
96000,a4hm1odo4MSV4R0d9ewEldSbJijp4+evpgFb/06s8a0D9/8j7Jtzl6C7ojH/Oxa6,8.983171,18.861620000000002,14.924191
96300,a4hm1odo4MSV4R0d9ewEldSbJijp4+evpgFb/06s8a0D9/8j7Jtzl6C7ojH/Oxa6,9.645659,19.77403,15.020001
96600,a4hm1odo4MSV4R0d9ewEldSbJijp4+evpgFb/06s8a0D9/8j7Jtzl6C7ojH/Oxa6,9.51348,21.8268,15.329564000000001
96900,a4hm1odo4MSV4R0d9ewEldSbJijp4+evpgFb/06s8a0D9/8j7Jtzl6C7ojH/Oxa6,11.102011,20.896145,15.516370000000002
97200,a4hm1odo4MSV4R0d9ewEldSbJijp4+evpgFb/06s8a0D9/8j7Jtzl6C7ojH/Oxa6,8.0417,22.424517,15.668332000000001
97500,a4hm1odo4MSV4R0d9ewEldSbJijp4+evpgFb/06s8a0D9/8j7Jtzl6C7ojH/Oxa6,9.702808000000001,21.675406,15.557988
97800,a4hm1odo4MSV4R0d9ewEldSbJijp4+evpgFb/06s8a0D9/8j7Jtzl6C7ojH/Oxa6,7.853292,21.417143,14.812704
98100,a4hm1odo4MSV4R0d9ewEldSbJijp4+evpgFb/06s8a0D9/8j7Jtzl6C7ojH/Oxa6,9.233259,18.597904,14.920323999999999
98400,a4hm1odo4MSV4R0d9ewEldSbJijp4+evpgFb/06s8a0D9/8j7Jtzl6C7ojH/Oxa6,10.419298,23.491017000000003,16.088381
98700,a4hm1odo4MSV4R0d9ewEldSbJijp4+evpgFb/06s8a0D9/8j7Jtzl6C7ojH/Oxa6,10.121587,20.767462,15.003245999999999
99000,a4hm1odo4MSV4R0d9ewEldSbJijp4+evpgFb/06s8a0D9/8j7Jtzl6C7ojH/Oxa6,9.980894000000001,20.42663,15.010423999999999
99300,a4hm1odo4MSV4R0d9ewEldSbJijp4+evpgFb/06s8a0D9/8j7Jtzl6C7ojH/Oxa6,8.176164,20.320813,14.313219
99600,a4hm1odo4MSV4R0d9ewEldSbJijp4+evpgFb/06s8a0D9/8j7Jtzl6C7ojH/Oxa6,8.077027000000001,21.212182000000002,15.032274
99900,a4hm1odo4MSV4R0d9ewEldSbJijp4+evpgFb/06s8a0D9/8j7Jtzl6C7ojH/Oxa6,8.506416999999999,22.310909,15.558136
100200,a4hm1odo4MSV4R0d9ewEldSbJijp4+evpgFb/06s8a0D9/8j7Jtzl6C7ojH/Oxa6,8.445780000000001,20.515417000000003,15.098126
100500,a4hm1odo4MSV4R0d9ewEldSbJijp4+evpgFb/06s8a0D9/8j7Jtzl6C7ojH/Oxa6,12.644814,19.6244,15.656996
100800,a4hm1odo4MSV4R0d9ewEldSbJijp4+evpgFb/06s8a0D9/8j7Jtzl6C7ojH/Oxa6,8.210097,21.901486,15.610814999999999
101100,a4hm1odo4MSV4R0d9ewEldSbJijp4+evpgFb/06s8a0D9/8j7Jtzl6C7ojH/Oxa6,10.080143,21.426431,15.040320000000001
101400,a4hm1odo4MSV4R0d9ewEldSbJijp4+evpgFb/06s8a0D9/8j7Jtzl6C7ojH/Oxa6,8.803847,21.687944,15.626994
101700,a4hm1odo4MSV4R0d9ewEldSbJijp4+evpgFb/06s8a0D9/8j7Jtzl6C7ojH/Oxa6,12.930522999999999,17.487494,15.228535999999998
102000,a4hm1odo4MSV4R0d9ewEldSbJijp4+evpgFb/06s8a0D9/8j7Jtzl6C7ojH/Oxa6,8.993910000000001,19.919942000000002,15.236723000000001
102300,a4hm1odo4MSV4R0d9ewEldSbJijp4+evpgFb/06s8a0D9/8j7Jtzl6C7ojH/Oxa6,9.217862,19.248362,15.348975
102600,a4hm1odo4MSV4R0d9ewEldSbJijp4+evpgFb/06s8a0D9/8j7Jtzl6C7ojH/Oxa6,8.895064,20.585822,14.834256
102900,a4hm1odo4MSV4R0d9ewEldSbJijp4+evpgFb/06s8a0D9/8j7Jtzl6C7ojH/Oxa6,10.523234,20.479913,14.999457999999999
103200,a4hm1odo4MSV4R0d9ewEldSbJijp4+evpgFb/06s8a0D9/8j7Jtzl6C7ojH/Oxa6,8.465663000000001,19.757673,13.770444
103500,a4hm1odo4MSV4R0d9ewEldSbJijp4+evpgFb/06s8a0D9/8j7Jtzl6C7ojH/Oxa6,8.948614,20.628135,14.574498
103800,a4hm1odo4MSV4R0d9ewEldSbJijp4+evpgFb/06s8a0D9/8j7Jtzl6C7ojH/Oxa6,8.456938000000001,22.362937,15.448656
104100,a4hm1odo4MSV4R0d9ewEldSbJijp4+evpgFb/06s8a0D9/8j7Jtzl6C7ojH/Oxa6,8.587005,20.811666,15.125929000000001
104400,a4hm1odo4MSV4R0d9ewEldSbJijp4+evpgFb/06s8a0D9/8j7Jtzl6C7ojH/Oxa6,6.432938,29.592643,15.047926
104700,a4hm1odo4MSV4R0d9ewEldSbJijp4+evpgFb/06s8a0D9/8j7Jtzl6C7ojH/Oxa6,5.51276,19.992442,14.978264000000001
105000,a4hm1odo4MSV4R0d9ewEldSbJijp4+evpgFb/06s8a0D9/8j7Jtzl6C7ojH/Oxa6,8.232014999999999,22.49164,15.718826000000002
105300,a4hm1odo4MSV4R0d9ewEldSbJijp4+evpgFb/06s8a0D9/8j7Jtzl6C7ojH/Oxa6,8.201224,21.871351999999998,15.586060999999999
105600,a4hm1odo4MSV4R0d9ewEldSbJijp4+evpgFb/06s8a0D9/8j7Jtzl6C7ojH/Oxa6,9.427442999999998,21.671428,15.657132999999998
105900,a4hm1odo4MSV4R0d9ewEldSbJijp4+evpgFb/06s8a0D9/8j7Jtzl6C7ojH/Oxa6,5.051337999999999,20.631083,14.169065
106200,a4hm1odo4MSV4R0d9ewEldSbJijp4+evpgFb/06s8a0D9/8j7Jtzl6C7ojH/Oxa6,9.013739,21.455504,14.997264000000001
106500,a4hm1odo4MSV4R0d9ewEldSbJijp4+evpgFb/06s8a0D9/8j7Jtzl6C7ojH/Oxa6,8.320412,22.445698999999998,15.252135999999998
106800,a4hm1odo4MSV4R0d9ewEldSbJijp4+evpgFb/06s8a0D9/8j7Jtzl6C7ojH/Oxa6,9.058735,19.41766,13.857510999999999
107100,a4hm1odo4MSV4R0d9ewEldSbJijp4+evpgFb/06s8a0D9/8j7Jtzl6C7ojH/Oxa6,8.027606,20.779267,15.093729999999999
107400,a4hm1odo4MSV4R0d9ewEldSbJijp4+evpgFb/06s8a0D9/8j7Jtzl6C7ojH/Oxa6,8.818392999999999,22.816228,15.649707999999999
107700,a4hm1odo4MSV4R0d9ewEldSbJijp4+evpgFb/06s8a0D9/8j7Jtzl6C7ojH/Oxa6,9.498705000000001,19.944706,15.274645999999999
108000,a4hm1odo4MSV4R0d9ewEldSbJijp4+evpgFb/06s8a0D9/8j7Jtzl6C7ojH/Oxa6,8.985155,21.793172,15.510729999999999
108300,a4hm1odo4MSV4R0d9ewEldSbJijp4+evpgFb/06s8a0D9/8j7Jtzl6C7ojH/Oxa6,12.478100999999999,19.753731,15.539245000000001
108600,a4hm1odo4MSV4R0d9ewEldSbJijp4+evpgFb/06s8a0D9/8j7Jtzl6C7ojH/Oxa6,9.050738,19.984471,15.330594
108900,a4hm1odo4MSV4R0d9ewEldSbJijp4+evpgFb/06s8a0D9/8j7Jtzl6C7ojH/Oxa6,10.742427000000001,18.773258,15.686843
109200,a4hm1odo4MSV4R0d9ewEldSbJijp4+evpgFb/06s8a0D9/8j7Jtzl6C7ojH/Oxa6,9.898482000000001,21.064805,16.040837
109500,a4hm1odo4MSV4R0d9ewEldSbJijp4+evpgFb/06s8a0D9/8j7Jtzl6C7ojH/Oxa6,9.756002,19.978632,15.082598999999998
109800,a4hm1odo4MSV4R0d9ewEldSbJijp4+evpgFb/06s8a0D9/8j7Jtzl6C7ojH/Oxa6,4.616587,19.292377,14.697913
110100,a4hm1odo4MSV4R0d9ewEldSbJijp4+evpgFb/06s8a0D9/8j7Jtzl6C7ojH/Oxa6,10.816533,18.970557,15.429029000000002
110400,a4hm1odo4MSV4R0d9ewEldSbJijp4+evpgFb/06s8a0D9/8j7Jtzl6C7ojH/Oxa6,8.622272,20.262603,14.889848
110700,a4hm1odo4MSV4R0d9ewEldSbJijp4+evpgFb/06s8a0D9/8j7Jtzl6C7ojH/Oxa6,9.076035000000001,19.559511999999998,14.483663
111000,a4hm1odo4MSV4R0d9ewEldSbJijp4+evpgFb/06s8a0D9/8j7Jtzl6C7ojH/Oxa6,9.623610000000001,20.180182000000002,15.406649
111300,a4hm1odo4MSV4R0d9ewEldSbJijp4+evpgFb/06s8a0D9/8j7Jtzl6C7ojH/Oxa6,8.401328999999999,20.758824,14.740376000000001
111600,a4hm1odo4MSV4R0d9ewEldSbJijp4+evpgFb/06s8a0D9/8j7Jtzl6C7ojH/Oxa6,8.448249,21.170855,15.418242999999999
111900,a4hm1odo4MSV4R0d9ewEldSbJijp4+evpgFb/06s8a0D9/8j7Jtzl6C7ojH/Oxa6,10.014019000000001,19.916429,15.249301999999998
112200,a4hm1odo4MSV4R0d9ewEldSbJijp4+evpgFb/06s8a0D9/8j7Jtzl6C7ojH/Oxa6,9.436705,22.345905,15.537377
112500,a4hm1odo4MSV4R0d9ewEldSbJijp4+evpgFb/06s8a0D9/8j7Jtzl6C7ojH/Oxa6,9.421642,20.069860000000002,15.316753
112800,a4hm1odo4MSV4R0d9ewEldSbJijp4+evpgFb/06s8a0D9/8j7Jtzl6C7ojH/Oxa6,8.343658,22.808275,16.026958999999998
113100,a4hm1odo4MSV4R0d9ewEldSbJijp4+evpgFb/06s8a0D9/8j7Jtzl6C7ojH/Oxa6,8.292032,21.111386,15.015366
113400,a4hm1odo4MSV4R0d9ewEldSbJijp4+evpgFb/06s8a0D9/8j7Jtzl6C7ojH/Oxa6,8.536202000000001,22.641745,15.424493
113700,a4hm1odo4MSV4R0d9ewEldSbJijp4+evpgFb/06s8a0D9/8j7Jtzl6C7ojH/Oxa6,9.933238000000001,20.397036,15.170113
114000,a4hm1odo4MSV4R0d9ewEldSbJijp4+evpgFb/06s8a0D9/8j7Jtzl6C7ojH/Oxa6,9.352052,18.064397,15.225817999999999
114300,a4hm1odo4MSV4R0d9ewEldSbJijp4+evpgFb/06s8a0D9/8j7Jtzl6C7ojH/Oxa6,9.091474,18.308971,14.872243
114600,a4hm1odo4MSV4R0d9ewEldSbJijp4+evpgFb/06s8a0D9/8j7Jtzl6C7ojH/Oxa6,8.65342,21.774616,15.388233999999999
114900,a4hm1odo4MSV4R0d9ewEldSbJijp4+evpgFb/06s8a0D9/8j7Jtzl6C7ojH/Oxa6,8.304122,22.616079,15.984003
115200,a4hm1odo4MSV4R0d9ewEldSbJijp4+evpgFb/06s8a0D9/8j7Jtzl6C7ojH/Oxa6,9.058335000000001,22.418345000000002,15.344176999999998
115500,a4hm1odo4MSV4R0d9ewEldSbJijp4+evpgFb/06s8a0D9/8j7Jtzl6C7ojH/Oxa6,8.784732,21.919619,15.698553
115800,a4hm1odo4MSV4R0d9ewEldSbJijp4+evpgFb/06s8a0D9/8j7Jtzl6C7ojH/Oxa6,10.563429,21.04966,15.635010999999999
116100,a4hm1odo4MSV4R0d9ewEldSbJijp4+evpgFb/06s8a0D9/8j7Jtzl6C7ojH/Oxa6,7.8823,22.058384,14.974281
116400,a4hm1odo4MSV4R0d9ewEldSbJijp4+evpgFb/06s8a0D9/8j7Jtzl6C7ojH/Oxa6,11.942095,19.128984,15.765260000000001
116700,a4hm1odo4MSV4R0d9ewEldSbJijp4+evpgFb/06s8a0D9/8j7Jtzl6C7ojH/Oxa6,12.430264,17.879844,15.427473999999998
117000,a4hm1odo4MSV4R0d9ewEldSbJijp4+evpgFb/06s8a0D9/8j7Jtzl6C7ojH/Oxa6,8.764997,21.284433,15.245292000000001
117300,a4hm1odo4MSV4R0d9ewEldSbJijp4+evpgFb/06s8a0D9/8j7Jtzl6C7ojH/Oxa6,8.389852000000001,22.402507,16.172903
117600,a4hm1odo4MSV4R0d9ewEldSbJijp4+evpgFb/06s8a0D9/8j7Jtzl6C7ojH/Oxa6,9.556706,18.862472,14.945935999999998
117900,a4hm1odo4MSV4R0d9ewEldSbJijp4+evpgFb/06s8a0D9/8j7Jtzl6C7ojH/Oxa6,12.747143,17.967017000000002,15.280234
118200,a4hm1odo4MSV4R0d9ewEldSbJijp4+evpgFb/06s8a0D9/8j7Jtzl6C7ojH/Oxa6,9.197044,18.366411,14.234132
118500,a4hm1odo4MSV4R0d9ewEldSbJijp4+evpgFb/06s8a0D9/8j7Jtzl6C7ojH/Oxa6,13.737791,17.607189,15.699731
118800,a4hm1odo4MSV4R0d9ewEldSbJijp4+evpgFb/06s8a0D9/8j7Jtzl6C7ojH/Oxa6,8.708943,21.844039000000002,15.419049
119100,a4hm1odo4MSV4R0d9ewEldSbJijp4+evpgFb/06s8a0D9/8j7Jtzl6C7ojH/Oxa6,10.188079,19.168075,15.469692000000002
119400,a4hm1odo4MSV4R0d9ewEldSbJijp4+evpgFb/06s8a0D9/8j7Jtzl6C7ojH/Oxa6,9.149836,24.115462,15.411898999999998
119700,a4hm1odo4MSV4R0d9ewEldSbJijp4+evpgFb/06s8a0D9/8j7Jtzl6C7ojH/Oxa6,8.690451,20.979748,15.487664
120000,a4hm1odo4MSV4R0d9ewEldSbJijp4+evpgFb/06s8a0D9/8j7Jtzl6C7ojH/Oxa6,9.002161,21.87482,14.982963
120300,a4hm1odo4MSV4R0d9ewEldSbJijp4+evpgFb/06s8a0D9/8j7Jtzl6C7ojH/Oxa6,7.948728999999999,22.378246,15.20033
120600,a4hm1odo4MSV4R0d9ewEldSbJijp4+evpgFb/06s8a0D9/8j7Jtzl6C7ojH/Oxa6,12.69616,20.421772,15.692459
120900,a4hm1odo4MSV4R0d9ewEldSbJijp4+evpgFb/06s8a0D9/8j7Jtzl6C7ojH/Oxa6,8.929236999999999,21.104326,15.493560999999998
121200,a4hm1odo4MSV4R0d9ewEldSbJijp4+evpgFb/06s8a0D9/8j7Jtzl6C7ojH/Oxa6,9.274934,20.701099,14.857667999999999
121500,a4hm1odo4MSV4R0d9ewEldSbJijp4+evpgFb/06s8a0D9/8j7Jtzl6C7ojH/Oxa6,8.781303,20.435149,15.132594000000001
121800,a4hm1odo4MSV4R0d9ewEldSbJijp4+evpgFb/06s8a0D9/8j7Jtzl6C7ojH/Oxa6,8.927108,21.697810999999998,14.905148
122100,a4hm1odo4MSV4R0d9ewEldSbJijp4+evpgFb/06s8a0D9/8j7Jtzl6C7ojH/Oxa6,7.824591000000001,20.298654,14.155525
122400,a4hm1odo4MSV4R0d9ewEldSbJijp4+evpgFb/06s8a0D9/8j7Jtzl6C7ojH/Oxa6,8.300597999999999,21.614943,15.041241000000001
122700,a4hm1odo4MSV4R0d9ewEldSbJijp4+evpgFb/06s8a0D9/8j7Jtzl6C7ojH/Oxa6,9.307898,20.349315,15.296122
123000,a4hm1odo4MSV4R0d9ewEldSbJijp4+evpgFb/06s8a0D9/8j7Jtzl6C7ojH/Oxa6,8.785756,21.677046,15.58218
123300,a4hm1odo4MSV4R0d9ewEldSbJijp4+evpgFb/06s8a0D9/8j7Jtzl6C7ojH/Oxa6,7.435328999999999,22.178959,14.999042999999999
123600,a4hm1odo4MSV4R0d9ewEldSbJijp4+evpgFb/06s8a0D9/8j7Jtzl6C7ojH/Oxa6,10.717819,20.420138,15.458006
123900,a4hm1odo4MSV4R0d9ewEldSbJijp4+evpgFb/06s8a0D9/8j7Jtzl6C7ojH/Oxa6,11.295746000000001,19.285091,15.202855
124200,a4hm1odo4MSV4R0d9ewEldSbJijp4+evpgFb/06s8a0D9/8j7Jtzl6C7ojH/Oxa6,6.448326,19.942303,14.582913000000001
124500,a4hm1odo4MSV4R0d9ewEldSbJijp4+evpgFb/06s8a0D9/8j7Jtzl6C7ojH/Oxa6,9.197148,22.762906,15.516519
124800,a4hm1odo4MSV4R0d9ewEldSbJijp4+evpgFb/06s8a0D9/8j7Jtzl6C7ojH/Oxa6,12.395809,18.545844,15.754237
125100,a4hm1odo4MSV4R0d9ewEldSbJijp4+evpgFb/06s8a0D9/8j7Jtzl6C7ojH/Oxa6,8.767142,21.663763,15.466832
125400,a4hm1odo4MSV4R0d9ewEldSbJijp4+evpgFb/06s8a0D9/8j7Jtzl6C7ojH/Oxa6,8.496792,21.144556,15.377895
125700,a4hm1odo4MSV4R0d9ewEldSbJijp4+evpgFb/06s8a0D9/8j7Jtzl6C7ojH/Oxa6,8.03105,20.424712,14.472191
126000,a4hm1odo4MSV4R0d9ewEldSbJijp4+evpgFb/06s8a0D9/8j7Jtzl6C7ojH/Oxa6,9.46758,19.797119,15.279426
126300,a4hm1odo4MSV4R0d9ewEldSbJijp4+evpgFb/06s8a0D9/8j7Jtzl6C7ojH/Oxa6,8.690428,22.008364,15.758783
126600,a4hm1odo4MSV4R0d9ewEldSbJijp4+evpgFb/06s8a0D9/8j7Jtzl6C7ojH/Oxa6,8.342096000000002,21.932171,15.634953
126900,a4hm1odo4MSV4R0d9ewEldSbJijp4+evpgFb/06s8a0D9/8j7Jtzl6C7ojH/Oxa6,8.052444,22.501458,15.493175
127200,a4hm1odo4MSV4R0d9ewEldSbJijp4+evpgFb/06s8a0D9/8j7Jtzl6C7ojH/Oxa6,8.884779,21.14462,15.048798999999999
127500,a4hm1odo4MSV4R0d9ewEldSbJijp4+evpgFb/06s8a0D9/8j7Jtzl6C7ojH/Oxa6,8.816754,30.384906,16.632548
127800,a4hm1odo4MSV4R0d9ewEldSbJijp4+evpgFb/06s8a0D9/8j7Jtzl6C7ojH/Oxa6,9.382145,19.607114000000003,14.940763
128100,a4hm1odo4MSV4R0d9ewEldSbJijp4+evpgFb/06s8a0D9/8j7Jtzl6C7ojH/Oxa6,5.769398000000001,21.686999,15.196767999999999
128400,a4hm1odo4MSV4R0d9ewEldSbJijp4+evpgFb/06s8a0D9/8j7Jtzl6C7ojH/Oxa6,11.559898,18.840328,15.00944
128700,a4hm1odo4MSV4R0d9ewEldSbJijp4+evpgFb/06s8a0D9/8j7Jtzl6C7ojH/Oxa6,11.351439,18.165398,15.374119
129000,a4hm1odo4MSV4R0d9ewEldSbJijp4+evpgFb/06s8a0D9/8j7Jtzl6C7ojH/Oxa6,9.789100999999999,34.744453,17.149469
129300,a4hm1odo4MSV4R0d9ewEldSbJijp4+evpgFb/06s8a0D9/8j7Jtzl6C7ojH/Oxa6,11.634677,19.457266,15.419673000000001
129600,a4hm1odo4MSV4R0d9ewEldSbJijp4+evpgFb/06s8a0D9/8j7Jtzl6C7ojH/Oxa6,8.73117,23.620329,14.84505
129900,a4hm1odo4MSV4R0d9ewEldSbJijp4+evpgFb/06s8a0D9/8j7Jtzl6C7ojH/Oxa6,10.061552,20.68481,15.584489000000001
130200,a4hm1odo4MSV4R0d9ewEldSbJijp4+evpgFb/06s8a0D9/8j7Jtzl6C7ojH/Oxa6,8.457169,22.758022,15.393657000000001
130500,a4hm1odo4MSV4R0d9ewEldSbJijp4+evpgFb/06s8a0D9/8j7Jtzl6C7ojH/Oxa6,11.877706,19.735257999999998,15.418866
130800,a4hm1odo4MSV4R0d9ewEldSbJijp4+evpgFb/06s8a0D9/8j7Jtzl6C7ojH/Oxa6,9.951839999999999,24.764707,15.399227
131100,a4hm1odo4MSV4R0d9ewEldSbJijp4+evpgFb/06s8a0D9/8j7Jtzl6C7ojH/Oxa6,8.790398,21.361382,15.497993
131400,a4hm1odo4MSV4R0d9ewEldSbJijp4+evpgFb/06s8a0D9/8j7Jtzl6C7ojH/Oxa6,10.19483,22.002167,15.710444
131700,a4hm1odo4MSV4R0d9ewEldSbJijp4+evpgFb/06s8a0D9/8j7Jtzl6C7ojH/Oxa6,8.983409,21.413854,15.722322
132000,a4hm1odo4MSV4R0d9ewEldSbJijp4+evpgFb/06s8a0D9/8j7Jtzl6C7ojH/Oxa6,8.323126,20.675369,15.281125
132300,a4hm1odo4MSV4R0d9ewEldSbJijp4+evpgFb/06s8a0D9/8j7Jtzl6C7ojH/Oxa6,8.299641000000001,19.657323,14.320613
132600,a4hm1odo4MSV4R0d9ewEldSbJijp4+evpgFb/06s8a0D9/8j7Jtzl6C7ojH/Oxa6,10.473433,21.135182,15.99523
132900,a4hm1odo4MSV4R0d9ewEldSbJijp4+evpgFb/06s8a0D9/8j7Jtzl6C7ojH/Oxa6,8.210598,22.344001000000002,15.840804
133200,a4hm1odo4MSV4R0d9ewEldSbJijp4+evpgFb/06s8a0D9/8j7Jtzl6C7ojH/Oxa6,10.776491,20.565282,14.829195
133500,a4hm1odo4MSV4R0d9ewEldSbJijp4+evpgFb/06s8a0D9/8j7Jtzl6C7ojH/Oxa6,9.226225,21.024520000000003,15.2467
133800,a4hm1odo4MSV4R0d9ewEldSbJijp4+evpgFb/06s8a0D9/8j7Jtzl6C7ojH/Oxa6,10.015505000000001,22.326575,15.949794
134100,a4hm1odo4MSV4R0d9ewEldSbJijp4+evpgFb/06s8a0D9/8j7Jtzl6C7ojH/Oxa6,8.831237,20.584322,15.716045999999999
134400,a4hm1odo4MSV4R0d9ewEldSbJijp4+evpgFb/06s8a0D9/8j7Jtzl6C7ojH/Oxa6,8.667434,22.311553,15.671332000000001
134700,a4hm1odo4MSV4R0d9ewEldSbJijp4+evpgFb/06s8a0D9/8j7Jtzl6C7ojH/Oxa6,8.704408,19.657483,14.986654000000001
135000,a4hm1odo4MSV4R0d9ewEldSbJijp4+evpgFb/06s8a0D9/8j7Jtzl6C7ojH/Oxa6,9.25959,20.729203,14.637053
135300,a4hm1odo4MSV4R0d9ewEldSbJijp4+evpgFb/06s8a0D9/8j7Jtzl6C7ojH/Oxa6,12.063945,19.106851000000002,15.780923999999999
135600,a4hm1odo4MSV4R0d9ewEldSbJijp4+evpgFb/06s8a0D9/8j7Jtzl6C7ojH/Oxa6,8.561277,22.177681,15.468193
135900,a4hm1odo4MSV4R0d9ewEldSbJijp4+evpgFb/06s8a0D9/8j7Jtzl6C7ojH/Oxa6,8.338027,20.960442,15.477104
136200,a4hm1odo4MSV4R0d9ewEldSbJijp4+evpgFb/06s8a0D9/8j7Jtzl6C7ojH/Oxa6,9.693175,20.521634,15.127286999999999
136500,a4hm1odo4MSV4R0d9ewEldSbJijp4+evpgFb/06s8a0D9/8j7Jtzl6C7ojH/Oxa6,10.001235000000001,21.149685,15.517489999999999
136800,a4hm1odo4MSV4R0d9ewEldSbJijp4+evpgFb/06s8a0D9/8j7Jtzl6C7ojH/Oxa6,9.732667999999999,20.102883,15.346476999999998
137100,a4hm1odo4MSV4R0d9ewEldSbJijp4+evpgFb/06s8a0D9/8j7Jtzl6C7ojH/Oxa6,7.781055,19.647223999999998,14.354628
137400,a4hm1odo4MSV4R0d9ewEldSbJijp4+evpgFb/06s8a0D9/8j7Jtzl6C7ojH/Oxa6,9.371542,20.563641,15.209744
137700,a4hm1odo4MSV4R0d9ewEldSbJijp4+evpgFb/06s8a0D9/8j7Jtzl6C7ojH/Oxa6,8.734641,21.120007,14.120473
138000,a4hm1odo4MSV4R0d9ewEldSbJijp4+evpgFb/06s8a0D9/8j7Jtzl6C7ojH/Oxa6,9.713443,19.931376,14.766649
138300,a4hm1odo4MSV4R0d9ewEldSbJijp4+evpgFb/06s8a0D9/8j7Jtzl6C7ojH/Oxa6,8.509534,18.959225,14.598532
138600,a4hm1odo4MSV4R0d9ewEldSbJijp4+evpgFb/06s8a0D9/8j7Jtzl6C7ojH/Oxa6,9.347267,20.911634,14.574311999999999
138900,a4hm1odo4MSV4R0d9ewEldSbJijp4+evpgFb/06s8a0D9/8j7Jtzl6C7ojH/Oxa6,9.073469000000001,25.913989,15.49915
139200,a4hm1odo4MSV4R0d9ewEldSbJijp4+evpgFb/06s8a0D9/8j7Jtzl6C7ojH/Oxa6,8.301772999999999,20.765717000000002,14.086435
139500,a4hm1odo4MSV4R0d9ewEldSbJijp4+evpgFb/06s8a0D9/8j7Jtzl6C7ojH/Oxa6,7.920885,21.015763,14.440339000000002
139800,a4hm1odo4MSV4R0d9ewEldSbJijp4+evpgFb/06s8a0D9/8j7Jtzl6C7ojH/Oxa6,9.387574,20.449634,14.623195
140100,a4hm1odo4MSV4R0d9ewEldSbJijp4+evpgFb/06s8a0D9/8j7Jtzl6C7ojH/Oxa6,10.266143,20.510099,15.078073999999999
140400,a4hm1odo4MSV4R0d9ewEldSbJijp4+evpgFb/06s8a0D9/8j7Jtzl6C7ojH/Oxa6,8.558574,20.984891,14.943658
140700,a4hm1odo4MSV4R0d9ewEldSbJijp4+evpgFb/06s8a0D9/8j7Jtzl6C7ojH/Oxa6,6.518743,18.658061,13.968641
141000,a4hm1odo4MSV4R0d9ewEldSbJijp4+evpgFb/06s8a0D9/8j7Jtzl6C7ojH/Oxa6,9.445872999999999,19.336323,14.313145
141300,a4hm1odo4MSV4R0d9ewEldSbJijp4+evpgFb/06s8a0D9/8j7Jtzl6C7ojH/Oxa6,10.129213,19.515762,14.745267000000002
141600,a4hm1odo4MSV4R0d9ewEldSbJijp4+evpgFb/06s8a0D9/8j7Jtzl6C7ojH/Oxa6,9.500126,21.261682,14.626053
141900,a4hm1odo4MSV4R0d9ewEldSbJijp4+evpgFb/06s8a0D9/8j7Jtzl6C7ojH/Oxa6,8.442835,19.806632999999998,14.354201000000002
142200,a4hm1odo4MSV4R0d9ewEldSbJijp4+evpgFb/06s8a0D9/8j7Jtzl6C7ojH/Oxa6,8.977704,19.677318,14.722145000000001
142500,a4hm1odo4MSV4R0d9ewEldSbJijp4+evpgFb/06s8a0D9/8j7Jtzl6C7ojH/Oxa6,9.624063,20.723788,14.663788
142800,a4hm1odo4MSV4R0d9ewEldSbJijp4+evpgFb/06s8a0D9/8j7Jtzl6C7ojH/Oxa6,9.229789,29.833177000000003,15.828045000000001
143100,a4hm1odo4MSV4R0d9ewEldSbJijp4+evpgFb/06s8a0D9/8j7Jtzl6C7ojH/Oxa6,8.941065,18.599903,14.522848999999999
143400,a4hm1odo4MSV4R0d9ewEldSbJijp4+evpgFb/06s8a0D9/8j7Jtzl6C7ojH/Oxa6,9.223353,19.536538,14.588153
143700,a4hm1odo4MSV4R0d9ewEldSbJijp4+evpgFb/06s8a0D9/8j7Jtzl6C7ojH/Oxa6,10.846461999999999,19.284441,15.200069000000001
144000,a4hm1odo4MSV4R0d9ewEldSbJijp4+evpgFb/06s8a0D9/8j7Jtzl6C7ojH/Oxa6,8.848822,18.889916,14.598728
144300,a4hm1odo4MSV4R0d9ewEldSbJijp4+evpgFb/06s8a0D9/8j7Jtzl6C7ojH/Oxa6,7.167108,21.021554000000002,14.47684
144600,a4hm1odo4MSV4R0d9ewEldSbJijp4+evpgFb/06s8a0D9/8j7Jtzl6C7ojH/Oxa6,8.482958,18.412091,13.821472
144900,a4hm1odo4MSV4R0d9ewEldSbJijp4+evpgFb/06s8a0D9/8j7Jtzl6C7ojH/Oxa6,8.599033,18.948884,14.771388
145200,a4hm1odo4MSV4R0d9ewEldSbJijp4+evpgFb/06s8a0D9/8j7Jtzl6C7ojH/Oxa6,9.185483999999999,20.143378,14.578581
145500,a4hm1odo4MSV4R0d9ewEldSbJijp4+evpgFb/06s8a0D9/8j7Jtzl6C7ojH/Oxa6,5.201369000000001,19.381431,14.100657
145800,a4hm1odo4MSV4R0d9ewEldSbJijp4+evpgFb/06s8a0D9/8j7Jtzl6C7ojH/Oxa6,15.009633,80.969327,49.861565999999996
146100,a4hm1odo4MSV4R0d9ewEldSbJijp4+evpgFb/06s8a0D9/8j7Jtzl6C7ojH/Oxa6,33.913841999999995,77.350385,55.569579000000004
146400,a4hm1odo4MSV4R0d9ewEldSbJijp4+evpgFb/06s8a0D9/8j7Jtzl6C7ojH/Oxa6,36.529931,76.038955,57.007613
146700,a4hm1odo4MSV4R0d9ewEldSbJijp4+evpgFb/06s8a0D9/8j7Jtzl6C7ojH/Oxa6,34.889238,80.80296899999999,57.689533999999995
147000,a4hm1odo4MSV4R0d9ewEldSbJijp4+evpgFb/06s8a0D9/8j7Jtzl6C7ojH/Oxa6,18.971521,80.02702,48.607183
147300,a4hm1odo4MSV4R0d9ewEldSbJijp4+evpgFb/06s8a0D9/8j7Jtzl6C7ojH/Oxa6,38.501923,68.711353,54.777273
147600,a4hm1odo4MSV4R0d9ewEldSbJijp4+evpgFb/06s8a0D9/8j7Jtzl6C7ojH/Oxa6,37.260888,74.004296,57.495309
147900,a4hm1odo4MSV4R0d9ewEldSbJijp4+evpgFb/06s8a0D9/8j7Jtzl6C7ojH/Oxa6,39.049196,76.606443,57.927163
148200,a4hm1odo4MSV4R0d9ewEldSbJijp4+evpgFb/06s8a0D9/8j7Jtzl6C7ojH/Oxa6,29.434354,92.130996,58.864498
148500,a4hm1odo4MSV4R0d9ewEldSbJijp4+evpgFb/06s8a0D9/8j7Jtzl6C7ojH/Oxa6,27.00995,94.287009,58.065664
148800,a4hm1odo4MSV4R0d9ewEldSbJijp4+evpgFb/06s8a0D9/8j7Jtzl6C7ojH/Oxa6,34.113608,73.952897,55.870219999999996
149100,a4hm1odo4MSV4R0d9ewEldSbJijp4+evpgFb/06s8a0D9/8j7Jtzl6C7ojH/Oxa6,39.311717,79.362813,55.465575
149400,a4hm1odo4MSV4R0d9ewEldSbJijp4+evpgFb/06s8a0D9/8j7Jtzl6C7ojH/Oxa6,33.754581,83.337629,57.730937
149700,a4hm1odo4MSV4R0d9ewEldSbJijp4+evpgFb/06s8a0D9/8j7Jtzl6C7ojH/Oxa6,20.572439000000003,98.166562,57.373253000000005
150000,a4hm1odo4MSV4R0d9ewEldSbJijp4+evpgFb/06s8a0D9/8j7Jtzl6C7ojH/Oxa6,31.30554,68.783124,46.372817
150300,a4hm1odo4MSV4R0d9ewEldSbJijp4+evpgFb/06s8a0D9/8j7Jtzl6C7ojH/Oxa6,27.929159000000002,83.67558299999999,57.603007999999996
150600,a4hm1odo4MSV4R0d9ewEldSbJijp4+evpgFb/06s8a0D9/8j7Jtzl6C7ojH/Oxa6,28.660674,88.97066600000001,57.904793999999995
150900,a4hm1odo4MSV4R0d9ewEldSbJijp4+evpgFb/06s8a0D9/8j7Jtzl6C7ojH/Oxa6,17.564414000000003,97.674451,58.226739
151200,a4hm1odo4MSV4R0d9ewEldSbJijp4+evpgFb/06s8a0D9/8j7Jtzl6C7ojH/Oxa6,7.453311,59.053076000000004,20.043832000000002
151500,a4hm1odo4MSV4R0d9ewEldSbJijp4+evpgFb/06s8a0D9/8j7Jtzl6C7ojH/Oxa6,8.298162,20.625666,15.095432
151800,a4hm1odo4MSV4R0d9ewEldSbJijp4+evpgFb/06s8a0D9/8j7Jtzl6C7ojH/Oxa6,7.205369999999999,19.765025,14.220487
152100,a4hm1odo4MSV4R0d9ewEldSbJijp4+evpgFb/06s8a0D9/8j7Jtzl6C7ojH/Oxa6,8.186633,19.927833,14.04359
152400,a4hm1odo4MSV4R0d9ewEldSbJijp4+evpgFb/06s8a0D9/8j7Jtzl6C7ojH/Oxa6,8.000879,20.316554999999997,14.108764
152700,a4hm1odo4MSV4R0d9ewEldSbJijp4+evpgFb/06s8a0D9/8j7Jtzl6C7ojH/Oxa6,8.451128,21.181022,14.863523999999998
153000,a4hm1odo4MSV4R0d9ewEldSbJijp4+evpgFb/06s8a0D9/8j7Jtzl6C7ojH/Oxa6,8.140161,20.808578,15.332091
153300,a4hm1odo4MSV4R0d9ewEldSbJijp4+evpgFb/06s8a0D9/8j7Jtzl6C7ojH/Oxa6,13.242606,16.919619,15.173589999999999
153600,a4hm1odo4MSV4R0d9ewEldSbJijp4+evpgFb/06s8a0D9/8j7Jtzl6C7ojH/Oxa6,8.666392,19.506957999999997,14.661209
153900,a4hm1odo4MSV4R0d9ewEldSbJijp4+evpgFb/06s8a0D9/8j7Jtzl6C7ojH/Oxa6,8.313625,20.541213,14.810154
154200,a4hm1odo4MSV4R0d9ewEldSbJijp4+evpgFb/06s8a0D9/8j7Jtzl6C7ojH/Oxa6,8.513697,20.063073000000003,14.528376999999999
154500,a4hm1odo4MSV4R0d9ewEldSbJijp4+evpgFb/06s8a0D9/8j7Jtzl6C7ojH/Oxa6,8.584208,19.008727,14.444059
154800,a4hm1odo4MSV4R0d9ewEldSbJijp4+evpgFb/06s8a0D9/8j7Jtzl6C7ojH/Oxa6,8.561847,19.858079999999998,14.745559
155100,a4hm1odo4MSV4R0d9ewEldSbJijp4+evpgFb/06s8a0D9/8j7Jtzl6C7ojH/Oxa6,4.891230999999999,20.124257999999998,14.338217000000002
155400,a4hm1odo4MSV4R0d9ewEldSbJijp4+evpgFb/06s8a0D9/8j7Jtzl6C7ojH/Oxa6,8.330509,22.618231,15.060544
155700,a4hm1odo4MSV4R0d9ewEldSbJijp4+evpgFb/06s8a0D9/8j7Jtzl6C7ojH/Oxa6,8.593463999999999,21.188764000000003,14.994874
156000,a4hm1odo4MSV4R0d9ewEldSbJijp4+evpgFb/06s8a0D9/8j7Jtzl6C7ojH/Oxa6,8.409214,17.422898999999997,13.945045
156300,a4hm1odo4MSV4R0d9ewEldSbJijp4+evpgFb/06s8a0D9/8j7Jtzl6C7ojH/Oxa6,9.327191000000001,18.312198000000002,14.608682
156600,a4hm1odo4MSV4R0d9ewEldSbJijp4+evpgFb/06s8a0D9/8j7Jtzl6C7ojH/Oxa6,7.781842,21.950858,14.625632999999999
156900,a4hm1odo4MSV4R0d9ewEldSbJijp4+evpgFb/06s8a0D9/8j7Jtzl6C7ojH/Oxa6,9.548061,20.081468,14.667470999999999
157200,a4hm1odo4MSV4R0d9ewEldSbJijp4+evpgFb/06s8a0D9/8j7Jtzl6C7ojH/Oxa6,8.853685,19.392068,14.581628
157500,a4hm1odo4MSV4R0d9ewEldSbJijp4+evpgFb/06s8a0D9/8j7Jtzl6C7ojH/Oxa6,8.190779,20.768682000000002,14.691298000000002
157800,a4hm1odo4MSV4R0d9ewEldSbJijp4+evpgFb/06s8a0D9/8j7Jtzl6C7ojH/Oxa6,7.1145130000000005,18.52744,14.536202
158100,a4hm1odo4MSV4R0d9ewEldSbJijp4+evpgFb/06s8a0D9/8j7Jtzl6C7ojH/Oxa6,7.921067,19.147776999999998,14.463822
158400,a4hm1odo4MSV4R0d9ewEldSbJijp4+evpgFb/06s8a0D9/8j7Jtzl6C7ojH/Oxa6,8.086611,24.105104,15.002284
158700,a4hm1odo4MSV4R0d9ewEldSbJijp4+evpgFb/06s8a0D9/8j7Jtzl6C7ojH/Oxa6,8.644494,20.215617,14.721097
159000,a4hm1odo4MSV4R0d9ewEldSbJijp4+evpgFb/06s8a0D9/8j7Jtzl6C7ojH/Oxa6,9.210805,21.114998,15.082901000000001
159300,a4hm1odo4MSV4R0d9ewEldSbJijp4+evpgFb/06s8a0D9/8j7Jtzl6C7ojH/Oxa6,9.331541,18.533461,14.24172
159600,a4hm1odo4MSV4R0d9ewEldSbJijp4+evpgFb/06s8a0D9/8j7Jtzl6C7ojH/Oxa6,6.4372940000000005,18.731678,12.710154
159900,a4hm1odo4MSV4R0d9ewEldSbJijp4+evpgFb/06s8a0D9/8j7Jtzl6C7ojH/Oxa6,7.950473,20.724757999999998,14.576979999999999
160200,a4hm1odo4MSV4R0d9ewEldSbJijp4+evpgFb/06s8a0D9/8j7Jtzl6C7ojH/Oxa6,9.321738,19.442743,14.056802
160500,a4hm1odo4MSV4R0d9ewEldSbJijp4+evpgFb/06s8a0D9/8j7Jtzl6C7ojH/Oxa6,7.489689,16.675186,12.149919
160800,a4hm1odo4MSV4R0d9ewEldSbJijp4+evpgFb/06s8a0D9/8j7Jtzl6C7ojH/Oxa6,9.316705,18.363856,13.897186999999999
161100,a4hm1odo4MSV4R0d9ewEldSbJijp4+evpgFb/06s8a0D9/8j7Jtzl6C7ojH/Oxa6,8.806937,19.925004,14.907380999999999
161400,a4hm1odo4MSV4R0d9ewEldSbJijp4+evpgFb/06s8a0D9/8j7Jtzl6C7ojH/Oxa6,9.668689,19.984915,15.024432000000001
161700,a4hm1odo4MSV4R0d9ewEldSbJijp4+evpgFb/06s8a0D9/8j7Jtzl6C7ojH/Oxa6,7.663696000000001,31.980503000000002,17.164673999999998
162000,a4hm1odo4MSV4R0d9ewEldSbJijp4+evpgFb/06s8a0D9/8j7Jtzl6C7ojH/Oxa6,9.439759,20.486325,14.780153
162300,a4hm1odo4MSV4R0d9ewEldSbJijp4+evpgFb/06s8a0D9/8j7Jtzl6C7ojH/Oxa6,9.281274,20.911114,15.647317000000001
162600,a4hm1odo4MSV4R0d9ewEldSbJijp4+evpgFb/06s8a0D9/8j7Jtzl6C7ojH/Oxa6,9.658811,21.496892000000003,15.899163
162900,a4hm1odo4MSV4R0d9ewEldSbJijp4+evpgFb/06s8a0D9/8j7Jtzl6C7ojH/Oxa6,9.573749000000001,20.797365,15.515965
163200,a4hm1odo4MSV4R0d9ewEldSbJijp4+evpgFb/06s8a0D9/8j7Jtzl6C7ojH/Oxa6,9.092831,22.365548999999998,15.301699
163500,a4hm1odo4MSV4R0d9ewEldSbJijp4+evpgFb/06s8a0D9/8j7Jtzl6C7ojH/Oxa6,9.232608,18.786078,14.263333
163800,a4hm1odo4MSV4R0d9ewEldSbJijp4+evpgFb/06s8a0D9/8j7Jtzl6C7ojH/Oxa6,9.255509,22.875457,15.945995000000002
164100,a4hm1odo4MSV4R0d9ewEldSbJijp4+evpgFb/06s8a0D9/8j7Jtzl6C7ojH/Oxa6,8.676077000000001,22.279095,15.345742999999999
164400,a4hm1odo4MSV4R0d9ewEldSbJijp4+evpgFb/06s8a0D9/8j7Jtzl6C7ojH/Oxa6,8.982239,22.097912,15.367573000000002
164700,a4hm1odo4MSV4R0d9ewEldSbJijp4+evpgFb/06s8a0D9/8j7Jtzl6C7ojH/Oxa6,5.983544,18.280947,15.310265
165000,a4hm1odo4MSV4R0d9ewEldSbJijp4+evpgFb/06s8a0D9/8j7Jtzl6C7ojH/Oxa6,12.175444,19.457456,15.514023000000002
165300,a4hm1odo4MSV4R0d9ewEldSbJijp4+evpgFb/06s8a0D9/8j7Jtzl6C7ojH/Oxa6,8.699098,19.445232999999998,15.521538
165600,a4hm1odo4MSV4R0d9ewEldSbJijp4+evpgFb/06s8a0D9/8j7Jtzl6C7ojH/Oxa6,8.836819,19.959388,15.190235000000001
165900,a4hm1odo4MSV4R0d9ewEldSbJijp4+evpgFb/06s8a0D9/8j7Jtzl6C7ojH/Oxa6,8.3979,21.073643,15.759181
166200,a4hm1odo4MSV4R0d9ewEldSbJijp4+evpgFb/06s8a0D9/8j7Jtzl6C7ojH/Oxa6,9.272525,18.887756,15.306339999999999
166500,a4hm1odo4MSV4R0d9ewEldSbJijp4+evpgFb/06s8a0D9/8j7Jtzl6C7ojH/Oxa6,7.794935000000001,21.792053,15.166101000000001
166800,a4hm1odo4MSV4R0d9ewEldSbJijp4+evpgFb/06s8a0D9/8j7Jtzl6C7ojH/Oxa6,8.689724,19.974974,14.983582
167100,a4hm1odo4MSV4R0d9ewEldSbJijp4+evpgFb/06s8a0D9/8j7Jtzl6C7ojH/Oxa6,8.145957000000001,18.602941,14.252823999999999
167400,a4hm1odo4MSV4R0d9ewEldSbJijp4+evpgFb/06s8a0D9/8j7Jtzl6C7ojH/Oxa6,8.585171,19.219797,14.939551999999999
167700,a4hm1odo4MSV4R0d9ewEldSbJijp4+evpgFb/06s8a0D9/8j7Jtzl6C7ojH/Oxa6,8.730450999999999,21.564104999999998,15.096869
168000,a4hm1odo4MSV4R0d9ewEldSbJijp4+evpgFb/06s8a0D9/8j7Jtzl6C7ojH/Oxa6,8.901143,22.202265,15.442794000000001
168300,a4hm1odo4MSV4R0d9ewEldSbJijp4+evpgFb/06s8a0D9/8j7Jtzl6C7ojH/Oxa6,9.641728,20.690364000000002,15.609086999999999
168600,a4hm1odo4MSV4R0d9ewEldSbJijp4+evpgFb/06s8a0D9/8j7Jtzl6C7ojH/Oxa6,9.791084,20.335865,15.607935000000001
168900,a4hm1odo4MSV4R0d9ewEldSbJijp4+evpgFb/06s8a0D9/8j7Jtzl6C7ojH/Oxa6,9.526607,20.795101000000003,15.441603
169200,a4hm1odo4MSV4R0d9ewEldSbJijp4+evpgFb/06s8a0D9/8j7Jtzl6C7ojH/Oxa6,11.083866,20.406405,15.939788
169500,a4hm1odo4MSV4R0d9ewEldSbJijp4+evpgFb/06s8a0D9/8j7Jtzl6C7ojH/Oxa6,8.90943,21.968687,15.187557
169800,a4hm1odo4MSV4R0d9ewEldSbJijp4+evpgFb/06s8a0D9/8j7Jtzl6C7ojH/Oxa6,10.104847,22.264682999999998,15.907951
170100,a4hm1odo4MSV4R0d9ewEldSbJijp4+evpgFb/06s8a0D9/8j7Jtzl6C7ojH/Oxa6,10.816723,19.985727,15.452888
170400,a4hm1odo4MSV4R0d9ewEldSbJijp4+evpgFb/06s8a0D9/8j7Jtzl6C7ojH/Oxa6,9.361936,20.986107999999998,15.242339999999999
170700,a4hm1odo4MSV4R0d9ewEldSbJijp4+evpgFb/06s8a0D9/8j7Jtzl6C7ojH/Oxa6,9.097114999999999,22.202293,15.851830999999999
171000,a4hm1odo4MSV4R0d9ewEldSbJijp4+evpgFb/06s8a0D9/8j7Jtzl6C7ojH/Oxa6,9.101123,20.463612,13.983276000000002
171300,a4hm1odo4MSV4R0d9ewEldSbJijp4+evpgFb/06s8a0D9/8j7Jtzl6C7ojH/Oxa6,9.652242999999999,20.316264,15.307639000000002
171600,a4hm1odo4MSV4R0d9ewEldSbJijp4+evpgFb/06s8a0D9/8j7Jtzl6C7ojH/Oxa6,9.449597,54.027729,18.478586
171900,a4hm1odo4MSV4R0d9ewEldSbJijp4+evpgFb/06s8a0D9/8j7Jtzl6C7ojH/Oxa6,8.36864,24.018334,15.390325
172200,a4hm1odo4MSV4R0d9ewEldSbJijp4+evpgFb/06s8a0D9/8j7Jtzl6C7ojH/Oxa6,9.367865,21.555805,15.148644
172500,a4hm1odo4MSV4R0d9ewEldSbJijp4+evpgFb/06s8a0D9/8j7Jtzl6C7ojH/Oxa6,9.686181,21.524166,15.537595000000001
172800,a4hm1odo4MSV4R0d9ewEldSbJijp4+evpgFb/06s8a0D9/8j7Jtzl6C7ojH/Oxa6,8.990516,19.201453,15.962257999999999
173100,a4hm1odo4MSV4R0d9ewEldSbJijp4+evpgFb/06s8a0D9/8j7Jtzl6C7ojH/Oxa6,10.746677,20.291949,15.610657999999999
173400,a4hm1odo4MSV4R0d9ewEldSbJijp4+evpgFb/06s8a0D9/8j7Jtzl6C7ojH/Oxa6,8.66633,20.830454,15.138379999999998
173700,a4hm1odo4MSV4R0d9ewEldSbJijp4+evpgFb/06s8a0D9/8j7Jtzl6C7ojH/Oxa6,8.527137,22.888023999999998,15.666645
174000,a4hm1odo4MSV4R0d9ewEldSbJijp4+evpgFb/06s8a0D9/8j7Jtzl6C7ojH/Oxa6,8.535855,20.380702,15.651743
174300,a4hm1odo4MSV4R0d9ewEldSbJijp4+evpgFb/06s8a0D9/8j7Jtzl6C7ojH/Oxa6,8.181541000000001,22.185802,15.362879000000001
174600,a4hm1odo4MSV4R0d9ewEldSbJijp4+evpgFb/06s8a0D9/8j7Jtzl6C7ojH/Oxa6,7.563941000000001,22.110139,15.0513
174900,a4hm1odo4MSV4R0d9ewEldSbJijp4+evpgFb/06s8a0D9/8j7Jtzl6C7ojH/Oxa6,7.161254,20.990215,14.915348999999999
175200,a4hm1odo4MSV4R0d9ewEldSbJijp4+evpgFb/06s8a0D9/8j7Jtzl6C7ojH/Oxa6,9.682033,19.483007,15.450875
175500,a4hm1odo4MSV4R0d9ewEldSbJijp4+evpgFb/06s8a0D9/8j7Jtzl6C7ojH/Oxa6,8.37138,20.986846,15.356442000000001
175800,a4hm1odo4MSV4R0d9ewEldSbJijp4+evpgFb/06s8a0D9/8j7Jtzl6C7ojH/Oxa6,8.808124000000001,22.272697,15.612704999999998
176100,a4hm1odo4MSV4R0d9ewEldSbJijp4+evpgFb/06s8a0D9/8j7Jtzl6C7ojH/Oxa6,11.466981,19.026532999999997,16.024737
176400,a4hm1odo4MSV4R0d9ewEldSbJijp4+evpgFb/06s8a0D9/8j7Jtzl6C7ojH/Oxa6,10.398049,19.941079000000002,15.652477
176700,a4hm1odo4MSV4R0d9ewEldSbJijp4+evpgFb/06s8a0D9/8j7Jtzl6C7ojH/Oxa6,9.482547,20.59212,15.247013
177000,a4hm1odo4MSV4R0d9ewEldSbJijp4+evpgFb/06s8a0D9/8j7Jtzl6C7ojH/Oxa6,8.166039,22.119049,15.514207
177300,a4hm1odo4MSV4R0d9ewEldSbJijp4+evpgFb/06s8a0D9/8j7Jtzl6C7ojH/Oxa6,8.109114,21.642034,15.629497
177600,a4hm1odo4MSV4R0d9ewEldSbJijp4+evpgFb/06s8a0D9/8j7Jtzl6C7ojH/Oxa6,8.768641,22.047832,15.261178
177900,a4hm1odo4MSV4R0d9ewEldSbJijp4+evpgFb/06s8a0D9/8j7Jtzl6C7ojH/Oxa6,9.284456,21.646327,15.480811
178200,a4hm1odo4MSV4R0d9ewEldSbJijp4+evpgFb/06s8a0D9/8j7Jtzl6C7ojH/Oxa6,9.051212,20.923992000000002,15.327846
178500,a4hm1odo4MSV4R0d9ewEldSbJijp4+evpgFb/06s8a0D9/8j7Jtzl6C7ojH/Oxa6,8.284386999999999,20.947529,14.207875
178800,a4hm1odo4MSV4R0d9ewEldSbJijp4+evpgFb/06s8a0D9/8j7Jtzl6C7ojH/Oxa6,8.062515,22.530787,15.188425
179100,a4hm1odo4MSV4R0d9ewEldSbJijp4+evpgFb/06s8a0D9/8j7Jtzl6C7ojH/Oxa6,9.738149,20.91327,15.950573
179400,a4hm1odo4MSV4R0d9ewEldSbJijp4+evpgFb/06s8a0D9/8j7Jtzl6C7ojH/Oxa6,8.972634,22.587588,15.094741
179700,a4hm1odo4MSV4R0d9ewEldSbJijp4+evpgFb/06s8a0D9/8j7Jtzl6C7ojH/Oxa6,9.975341,21.754867,15.75836
180000,a4hm1odo4MSV4R0d9ewEldSbJijp4+evpgFb/06s8a0D9/8j7Jtzl6C7ojH/Oxa6,9.390178,21.021378,15.252278
180300,a4hm1odo4MSV4R0d9ewEldSbJijp4+evpgFb/06s8a0D9/8j7Jtzl6C7ojH/Oxa6,9.480315,20.234527,15.723382
180600,a4hm1odo4MSV4R0d9ewEldSbJijp4+evpgFb/06s8a0D9/8j7Jtzl6C7ojH/Oxa6,8.282961,20.430332,14.583338000000001
180900,a4hm1odo4MSV4R0d9ewEldSbJijp4+evpgFb/06s8a0D9/8j7Jtzl6C7ojH/Oxa6,8.927783,21.666335,15.486982000000001
181200,a4hm1odo4MSV4R0d9ewEldSbJijp4+evpgFb/06s8a0D9/8j7Jtzl6C7ojH/Oxa6,9.147184,25.224080999999998,15.792256
181500,a4hm1odo4MSV4R0d9ewEldSbJijp4+evpgFb/06s8a0D9/8j7Jtzl6C7ojH/Oxa6,9.331053,21.704199,15.017693
181800,a4hm1odo4MSV4R0d9ewEldSbJijp4+evpgFb/06s8a0D9/8j7Jtzl6C7ojH/Oxa6,8.288839,21.754696,15.419047
182100,a4hm1odo4MSV4R0d9ewEldSbJijp4+evpgFb/06s8a0D9/8j7Jtzl6C7ojH/Oxa6,7.899839999999999,22.203315,15.043804000000002
182400,a4hm1odo4MSV4R0d9ewEldSbJijp4+evpgFb/06s8a0D9/8j7Jtzl6C7ojH/Oxa6,7.697063000000001,19.971459,13.883806
182700,a4hm1odo4MSV4R0d9ewEldSbJijp4+evpgFb/06s8a0D9/8j7Jtzl6C7ojH/Oxa6,8.004938000000001,21.839505,15.198529999999998
183000,a4hm1odo4MSV4R0d9ewEldSbJijp4+evpgFb/06s8a0D9/8j7Jtzl6C7ojH/Oxa6,8.813985,20.491679,15.568774
183300,a4hm1odo4MSV4R0d9ewEldSbJijp4+evpgFb/06s8a0D9/8j7Jtzl6C7ojH/Oxa6,7.7970440000000005,22.444305,14.413282
183600,a4hm1odo4MSV4R0d9ewEldSbJijp4+evpgFb/06s8a0D9/8j7Jtzl6C7ojH/Oxa6,8.68458,20.716085999999997,15.157454000000001
183900,a4hm1odo4MSV4R0d9ewEldSbJijp4+evpgFb/06s8a0D9/8j7Jtzl6C7ojH/Oxa6,9.984356,20.659311,15.560355
184200,a4hm1odo4MSV4R0d9ewEldSbJijp4+evpgFb/06s8a0D9/8j7Jtzl6C7ojH/Oxa6,9.25884,22.243592,15.647359
184500,a4hm1odo4MSV4R0d9ewEldSbJijp4+evpgFb/06s8a0D9/8j7Jtzl6C7ojH/Oxa6,9.47609,22.107471,15.525428
184800,a4hm1odo4MSV4R0d9ewEldSbJijp4+evpgFb/06s8a0D9/8j7Jtzl6C7ojH/Oxa6,8.430916,21.95557,15.559245
185100,a4hm1odo4MSV4R0d9ewEldSbJijp4+evpgFb/06s8a0D9/8j7Jtzl6C7ojH/Oxa6,9.541962,22.446559,15.862744000000001
185400,a4hm1odo4MSV4R0d9ewEldSbJijp4+evpgFb/06s8a0D9/8j7Jtzl6C7ojH/Oxa6,8.144281,21.05357,15.454047000000001
185700,a4hm1odo4MSV4R0d9ewEldSbJijp4+evpgFb/06s8a0D9/8j7Jtzl6C7ojH/Oxa6,9.700629,21.988363,15.236304999999998
186000,a4hm1odo4MSV4R0d9ewEldSbJijp4+evpgFb/06s8a0D9/8j7Jtzl6C7ojH/Oxa6,8.981516000000001,19.414767,14.753297
186300,a4hm1odo4MSV4R0d9ewEldSbJijp4+evpgFb/06s8a0D9/8j7Jtzl6C7ojH/Oxa6,9.070378,21.845228,15.428823000000001
186600,a4hm1odo4MSV4R0d9ewEldSbJijp4+evpgFb/06s8a0D9/8j7Jtzl6C7ojH/Oxa6,8.492761,22.912761,15.226563
186900,a4hm1odo4MSV4R0d9ewEldSbJijp4+evpgFb/06s8a0D9/8j7Jtzl6C7ojH/Oxa6,9.34907,20.645384,14.961772
187200,a4hm1odo4MSV4R0d9ewEldSbJijp4+evpgFb/06s8a0D9/8j7Jtzl6C7ojH/Oxa6,9.338639,21.9739,15.669216
187500,a4hm1odo4MSV4R0d9ewEldSbJijp4+evpgFb/06s8a0D9/8j7Jtzl6C7ojH/Oxa6,8.886432000000001,25.759052,15.653482
187800,a4hm1odo4MSV4R0d9ewEldSbJijp4+evpgFb/06s8a0D9/8j7Jtzl6C7ojH/Oxa6,9.978709,19.589910999999997,15.079645000000001
188100,a4hm1odo4MSV4R0d9ewEldSbJijp4+evpgFb/06s8a0D9/8j7Jtzl6C7ojH/Oxa6,10.3081,18.286854,15.575829
188400,a4hm1odo4MSV4R0d9ewEldSbJijp4+evpgFb/06s8a0D9/8j7Jtzl6C7ojH/Oxa6,8.258283,22.375693,15.560723000000001
188700,a4hm1odo4MSV4R0d9ewEldSbJijp4+evpgFb/06s8a0D9/8j7Jtzl6C7ojH/Oxa6,10.455703999999999,18.942643,15.174956
189000,a4hm1odo4MSV4R0d9ewEldSbJijp4+evpgFb/06s8a0D9/8j7Jtzl6C7ojH/Oxa6,8.519984,21.838744000000002,15.421492
189300,a4hm1odo4MSV4R0d9ewEldSbJijp4+evpgFb/06s8a0D9/8j7Jtzl6C7ojH/Oxa6,7.902274,20.804654,15.338482999999998
189600,a4hm1odo4MSV4R0d9ewEldSbJijp4+evpgFb/06s8a0D9/8j7Jtzl6C7ojH/Oxa6,6.140015,20.003316,14.594869000000001
189900,a4hm1odo4MSV4R0d9ewEldSbJijp4+evpgFb/06s8a0D9/8j7Jtzl6C7ojH/Oxa6,8.594981,19.732097,14.117404
190200,a4hm1odo4MSV4R0d9ewEldSbJijp4+evpgFb/06s8a0D9/8j7Jtzl6C7ojH/Oxa6,10.462689,19.757975,15.92755
190500,a4hm1odo4MSV4R0d9ewEldSbJijp4+evpgFb/06s8a0D9/8j7Jtzl6C7ojH/Oxa6,8.661474,21.181046,15.331093
190800,a4hm1odo4MSV4R0d9ewEldSbJijp4+evpgFb/06s8a0D9/8j7Jtzl6C7ojH/Oxa6,6.820691,20.983677,14.315892999999999
191100,a4hm1odo4MSV4R0d9ewEldSbJijp4+evpgFb/06s8a0D9/8j7Jtzl6C7ojH/Oxa6,9.645928,19.558484,15.810842999999998
191400,a4hm1odo4MSV4R0d9ewEldSbJijp4+evpgFb/06s8a0D9/8j7Jtzl6C7ojH/Oxa6,8.198493,22.342464,15.052237
191700,a4hm1odo4MSV4R0d9ewEldSbJijp4+evpgFb/06s8a0D9/8j7Jtzl6C7ojH/Oxa6,10.133736,19.73629,15.654649
192000,a4hm1odo4MSV4R0d9ewEldSbJijp4+evpgFb/06s8a0D9/8j7Jtzl6C7ojH/Oxa6,8.804568,21.826397,15.574905
192300,a4hm1odo4MSV4R0d9ewEldSbJijp4+evpgFb/06s8a0D9/8j7Jtzl6C7ojH/Oxa6,8.385256,19.900109,14.874257
192600,a4hm1odo4MSV4R0d9ewEldSbJijp4+evpgFb/06s8a0D9/8j7Jtzl6C7ojH/Oxa6,11.131727,18.763898,15.230173
192900,a4hm1odo4MSV4R0d9ewEldSbJijp4+evpgFb/06s8a0D9/8j7Jtzl6C7ojH/Oxa6,9.021165,22.119726999999997,15.878307000000001
193200,a4hm1odo4MSV4R0d9ewEldSbJijp4+evpgFb/06s8a0D9/8j7Jtzl6C7ojH/Oxa6,9.270321000000001,22.126241,14.642903
193500,a4hm1odo4MSV4R0d9ewEldSbJijp4+evpgFb/06s8a0D9/8j7Jtzl6C7ojH/Oxa6,8.960412,21.505582,15.445242000000002
193800,a4hm1odo4MSV4R0d9ewEldSbJijp4+evpgFb/06s8a0D9/8j7Jtzl6C7ojH/Oxa6,8.652004,20.00671,14.722399
194100,a4hm1odo4MSV4R0d9ewEldSbJijp4+evpgFb/06s8a0D9/8j7Jtzl6C7ojH/Oxa6,10.689737,19.017723999999998,15.913487
194400,a4hm1odo4MSV4R0d9ewEldSbJijp4+evpgFb/06s8a0D9/8j7Jtzl6C7ojH/Oxa6,9.956444,21.336495000000003,15.528789999999999
194700,a4hm1odo4MSV4R0d9ewEldSbJijp4+evpgFb/06s8a0D9/8j7Jtzl6C7ojH/Oxa6,8.342572,20.784334,15.153744
195000,a4hm1odo4MSV4R0d9ewEldSbJijp4+evpgFb/06s8a0D9/8j7Jtzl6C7ojH/Oxa6,9.066946000000002,32.12572,16.335107
195300,a4hm1odo4MSV4R0d9ewEldSbJijp4+evpgFb/06s8a0D9/8j7Jtzl6C7ojH/Oxa6,8.782816,21.082482000000002,15.294637
195600,a4hm1odo4MSV4R0d9ewEldSbJijp4+evpgFb/06s8a0D9/8j7Jtzl6C7ojH/Oxa6,11.077316999999999,17.479948,15.614993
195900,a4hm1odo4MSV4R0d9ewEldSbJijp4+evpgFb/06s8a0D9/8j7Jtzl6C7ojH/Oxa6,8.700118,22.503114,15.675521
196200,a4hm1odo4MSV4R0d9ewEldSbJijp4+evpgFb/06s8a0D9/8j7Jtzl6C7ojH/Oxa6,7.311955,19.795303,14.753526
196500,a4hm1odo4MSV4R0d9ewEldSbJijp4+evpgFb/06s8a0D9/8j7Jtzl6C7ojH/Oxa6,9.554857,21.066774,15.146681
196800,a4hm1odo4MSV4R0d9ewEldSbJijp4+evpgFb/06s8a0D9/8j7Jtzl6C7ojH/Oxa6,10.29302,21.239173,15.423898999999999
197100,a4hm1odo4MSV4R0d9ewEldSbJijp4+evpgFb/06s8a0D9/8j7Jtzl6C7ojH/Oxa6,9.220483999999999,22.721549,15.30764
197400,a4hm1odo4MSV4R0d9ewEldSbJijp4+evpgFb/06s8a0D9/8j7Jtzl6C7ojH/Oxa6,8.791260000000001,18.828367999999998,14.922151000000001
197700,a4hm1odo4MSV4R0d9ewEldSbJijp4+evpgFb/06s8a0D9/8j7Jtzl6C7ojH/Oxa6,7.880436,22.096613,14.527501
198000,a4hm1odo4MSV4R0d9ewEldSbJijp4+evpgFb/06s8a0D9/8j7Jtzl6C7ojH/Oxa6,8.402402,22.173991,15.198785
198300,a4hm1odo4MSV4R0d9ewEldSbJijp4+evpgFb/06s8a0D9/8j7Jtzl6C7ojH/Oxa6,7.6434429999999995,19.677189000000002,15.196095000000001
198600,a4hm1odo4MSV4R0d9ewEldSbJijp4+evpgFb/06s8a0D9/8j7Jtzl6C7ojH/Oxa6,11.350779,19.30255,15.467582
198900,a4hm1odo4MSV4R0d9ewEldSbJijp4+evpgFb/06s8a0D9/8j7Jtzl6C7ojH/Oxa6,10.299955,21.006299,15.944648
199200,a4hm1odo4MSV4R0d9ewEldSbJijp4+evpgFb/06s8a0D9/8j7Jtzl6C7ojH/Oxa6,8.678525,21.127899,15.325373999999998
199500,a4hm1odo4MSV4R0d9ewEldSbJijp4+evpgFb/06s8a0D9/8j7Jtzl6C7ojH/Oxa6,8.663578,20.488792999999998,15.385423000000001
199800,a4hm1odo4MSV4R0d9ewEldSbJijp4+evpgFb/06s8a0D9/8j7Jtzl6C7ojH/Oxa6,9.606023,20.132099,15.072367000000002
200100,a4hm1odo4MSV4R0d9ewEldSbJijp4+evpgFb/06s8a0D9/8j7Jtzl6C7ojH/Oxa6,9.217722,24.226191,15.315251000000002
200400,a4hm1odo4MSV4R0d9ewEldSbJijp4+evpgFb/06s8a0D9/8j7Jtzl6C7ojH/Oxa6,8.304753,21.707304999999998,15.331368
200700,a4hm1odo4MSV4R0d9ewEldSbJijp4+evpgFb/06s8a0D9/8j7Jtzl6C7ojH/Oxa6,9.001857000000001,21.615099,15.461834
201000,a4hm1odo4MSV4R0d9ewEldSbJijp4+evpgFb/06s8a0D9/8j7Jtzl6C7ojH/Oxa6,8.997921,20.974258,15.171479999999999
201300,a4hm1odo4MSV4R0d9ewEldSbJijp4+evpgFb/06s8a0D9/8j7Jtzl6C7ojH/Oxa6,8.959144,20.581822,14.447892000000001
201600,a4hm1odo4MSV4R0d9ewEldSbJijp4+evpgFb/06s8a0D9/8j7Jtzl6C7ojH/Oxa6,10.097362,21.429119,15.385195000000001
201900,a4hm1odo4MSV4R0d9ewEldSbJijp4+evpgFb/06s8a0D9/8j7Jtzl6C7ojH/Oxa6,9.965946,20.652503,15.732526000000002
202200,a4hm1odo4MSV4R0d9ewEldSbJijp4+evpgFb/06s8a0D9/8j7Jtzl6C7ojH/Oxa6,9.896384,18.603021,15.37486
202500,a4hm1odo4MSV4R0d9ewEldSbJijp4+evpgFb/06s8a0D9/8j7Jtzl6C7ojH/Oxa6,9.291065,18.998402,14.479591000000001
202800,a4hm1odo4MSV4R0d9ewEldSbJijp4+evpgFb/06s8a0D9/8j7Jtzl6C7ojH/Oxa6,9.093745,19.578022,13.458917000000001
203100,a4hm1odo4MSV4R0d9ewEldSbJijp4+evpgFb/06s8a0D9/8j7Jtzl6C7ojH/Oxa6,9.387172,20.58531,14.952236
203400,a4hm1odo4MSV4R0d9ewEldSbJijp4+evpgFb/06s8a0D9/8j7Jtzl6C7ojH/Oxa6,13.108298000000001,17.162592,15.087124
203700,a4hm1odo4MSV4R0d9ewEldSbJijp4+evpgFb/06s8a0D9/8j7Jtzl6C7ojH/Oxa6,10.426467,18.261426999999998,14.94914
204000,a4hm1odo4MSV4R0d9ewEldSbJijp4+evpgFb/06s8a0D9/8j7Jtzl6C7ojH/Oxa6,9.776991,18.655659,13.716748999999998
204300,a4hm1odo4MSV4R0d9ewEldSbJijp4+evpgFb/06s8a0D9/8j7Jtzl6C7ojH/Oxa6,8.072534,18.427621,13.391347
204600,a4hm1odo4MSV4R0d9ewEldSbJijp4+evpgFb/06s8a0D9/8j7Jtzl6C7ojH/Oxa6,6.904862,16.391481,11.418989999999999
204900,a4hm1odo4MSV4R0d9ewEldSbJijp4+evpgFb/06s8a0D9/8j7Jtzl6C7ojH/Oxa6,6.6906669999999995,21.08691,12.190562
205200,a4hm1odo4MSV4R0d9ewEldSbJijp4+evpgFb/06s8a0D9/8j7Jtzl6C7ojH/Oxa6,7.017961,15.971909,11.37913
205500,a4hm1odo4MSV4R0d9ewEldSbJijp4+evpgFb/06s8a0D9/8j7Jtzl6C7ojH/Oxa6,7.379764999999999,15.246015,11.403015
205800,a4hm1odo4MSV4R0d9ewEldSbJijp4+evpgFb/06s8a0D9/8j7Jtzl6C7ojH/Oxa6,7.423646000000001,14.3396,11.403238
206100,a4hm1odo4MSV4R0d9ewEldSbJijp4+evpgFb/06s8a0D9/8j7Jtzl6C7ojH/Oxa6,8.710207,14.142809,11.259492999999999
206400,a4hm1odo4MSV4R0d9ewEldSbJijp4+evpgFb/06s8a0D9/8j7Jtzl6C7ojH/Oxa6,6.664581,19.466651000000002,12.218589
206700,a4hm1odo4MSV4R0d9ewEldSbJijp4+evpgFb/06s8a0D9/8j7Jtzl6C7ojH/Oxa6,6.474319,16.540594,11.800104
207000,a4hm1odo4MSV4R0d9ewEldSbJijp4+evpgFb/06s8a0D9/8j7Jtzl6C7ojH/Oxa6,5.730378,18.077779,11.570053999999999
207300,a4hm1odo4MSV4R0d9ewEldSbJijp4+evpgFb/06s8a0D9/8j7Jtzl6C7ojH/Oxa6,7.518153999999999,14.115066,11.540279
207600,a4hm1odo4MSV4R0d9ewEldSbJijp4+evpgFb/06s8a0D9/8j7Jtzl6C7ojH/Oxa6,7.025405999999999,15.00854,11.46701
207900,a4hm1odo4MSV4R0d9ewEldSbJijp4+evpgFb/06s8a0D9/8j7Jtzl6C7ojH/Oxa6,7.525432,15.033028,11.235843
208200,a4hm1odo4MSV4R0d9ewEldSbJijp4+evpgFb/06s8a0D9/8j7Jtzl6C7ojH/Oxa6,4.266144000000001,16.262974,11.085773
208500,a4hm1odo4MSV4R0d9ewEldSbJijp4+evpgFb/06s8a0D9/8j7Jtzl6C7ojH/Oxa6,7.123075,15.753403,11.259706
208800,a4hm1odo4MSV4R0d9ewEldSbJijp4+evpgFb/06s8a0D9/8j7Jtzl6C7ojH/Oxa6,7.8174220000000005,13.83806,11.735639
209100,a4hm1odo4MSV4R0d9ewEldSbJijp4+evpgFb/06s8a0D9/8j7Jtzl6C7ojH/Oxa6,5.269158,15.581254000000001,11.258986
209400,a4hm1odo4MSV4R0d9ewEldSbJijp4+evpgFb/06s8a0D9/8j7Jtzl6C7ojH/Oxa6,7.5710690000000005,19.260583,12.832718
209700,a4hm1odo4MSV4R0d9ewEldSbJijp4+evpgFb/06s8a0D9/8j7Jtzl6C7ojH/Oxa6,8.170089,14.900049,11.68903
210000,a4hm1odo4MSV4R0d9ewEldSbJijp4+evpgFb/06s8a0D9/8j7Jtzl6C7ojH/Oxa6,7.738237,14.949924,11.50862
210300,a4hm1odo4MSV4R0d9ewEldSbJijp4+evpgFb/06s8a0D9/8j7Jtzl6C7ojH/Oxa6,6.682189,15.648677,11.16637
210600,a4hm1odo4MSV4R0d9ewEldSbJijp4+evpgFb/06s8a0D9/8j7Jtzl6C7ojH/Oxa6,7.473392,13.693269,11.435067
210900,a4hm1odo4MSV4R0d9ewEldSbJijp4+evpgFb/06s8a0D9/8j7Jtzl6C7ojH/Oxa6,7.656343,14.438925,11.430816
211200,a4hm1odo4MSV4R0d9ewEldSbJijp4+evpgFb/06s8a0D9/8j7Jtzl6C7ojH/Oxa6,6.356997,16.746758,11.625544999999999
211500,a4hm1odo4MSV4R0d9ewEldSbJijp4+evpgFb/06s8a0D9/8j7Jtzl6C7ojH/Oxa6,6.233921,16.271608999999998,11.380311
211800,a4hm1odo4MSV4R0d9ewEldSbJijp4+evpgFb/06s8a0D9/8j7Jtzl6C7ojH/Oxa6,6.029766,16.713659,11.481351
212100,a4hm1odo4MSV4R0d9ewEldSbJijp4+evpgFb/06s8a0D9/8j7Jtzl6C7ojH/Oxa6,8.163105,14.392760999999998,11.43698
212400,a4hm1odo4MSV4R0d9ewEldSbJijp4+evpgFb/06s8a0D9/8j7Jtzl6C7ojH/Oxa6,4.893081,16.948564,11.422609
212700,a4hm1odo4MSV4R0d9ewEldSbJijp4+evpgFb/06s8a0D9/8j7Jtzl6C7ojH/Oxa6,6.538515,15.900663,11.175511
213000,a4hm1odo4MSV4R0d9ewEldSbJijp4+evpgFb/06s8a0D9/8j7Jtzl6C7ojH/Oxa6,6.6083300000000005,15.654585,11.560685000000001
213300,a4hm1odo4MSV4R0d9ewEldSbJijp4+evpgFb/06s8a0D9/8j7Jtzl6C7ojH/Oxa6,6.975477000000001,15.799420000000001,11.445326
213600,a4hm1odo4MSV4R0d9ewEldSbJijp4+evpgFb/06s8a0D9/8j7Jtzl6C7ojH/Oxa6,6.813242,14.961175,11.397542999999999
213900,a4hm1odo4MSV4R0d9ewEldSbJijp4+evpgFb/06s8a0D9/8j7Jtzl6C7ojH/Oxa6,7.655044999999999,24.577482,12.397946000000001
214200,a4hm1odo4MSV4R0d9ewEldSbJijp4+evpgFb/06s8a0D9/8j7Jtzl6C7ojH/Oxa6,9.271827,13.535573000000001,11.400875
214500,a4hm1odo4MSV4R0d9ewEldSbJijp4+evpgFb/06s8a0D9/8j7Jtzl6C7ojH/Oxa6,6.88135,16.424253,11.715769
214800,a4hm1odo4MSV4R0d9ewEldSbJijp4+evpgFb/06s8a0D9/8j7Jtzl6C7ojH/Oxa6,6.235752,16.749379,11.260003
215100,a4hm1odo4MSV4R0d9ewEldSbJijp4+evpgFb/06s8a0D9/8j7Jtzl6C7ojH/Oxa6,7.886007000000001,15.489401999999998,11.623558000000001
215400,a4hm1odo4MSV4R0d9ewEldSbJijp4+evpgFb/06s8a0D9/8j7Jtzl6C7ojH/Oxa6,7.133934,14.091844,11.203084
215700,a4hm1odo4MSV4R0d9ewEldSbJijp4+evpgFb/06s8a0D9/8j7Jtzl6C7ojH/Oxa6,5.022099,15.136110999999998,11.042655
216000,a4hm1odo4MSV4R0d9ewEldSbJijp4+evpgFb/06s8a0D9/8j7Jtzl6C7ojH/Oxa6,7.197159,14.273086,11.313182000000001
216300,a4hm1odo4MSV4R0d9ewEldSbJijp4+evpgFb/06s8a0D9/8j7Jtzl6C7ojH/Oxa6,6.371736,14.814195999999999,11.099737
216600,a4hm1odo4MSV4R0d9ewEldSbJijp4+evpgFb/06s8a0D9/8j7Jtzl6C7ojH/Oxa6,7.493647999999999,15.475052,11.461625
216900,a4hm1odo4MSV4R0d9ewEldSbJijp4+evpgFb/06s8a0D9/8j7Jtzl6C7ojH/Oxa6,6.726725999999999,14.156969,11.490160000000001
217200,a4hm1odo4MSV4R0d9ewEldSbJijp4+evpgFb/06s8a0D9/8j7Jtzl6C7ojH/Oxa6,7.389880000000001,13.708257999999999,11.417693
217500,a4hm1odo4MSV4R0d9ewEldSbJijp4+evpgFb/06s8a0D9/8j7Jtzl6C7ojH/Oxa6,6.525451,15.063016000000001,11.008278
217800,a4hm1odo4MSV4R0d9ewEldSbJijp4+evpgFb/06s8a0D9/8j7Jtzl6C7ojH/Oxa6,6.322794,16.351768,11.036697
218100,a4hm1odo4MSV4R0d9ewEldSbJijp4+evpgFb/06s8a0D9/8j7Jtzl6C7ojH/Oxa6,6.329519,16.285006,11.559664999999999
218400,a4hm1odo4MSV4R0d9ewEldSbJijp4+evpgFb/06s8a0D9/8j7Jtzl6C7ojH/Oxa6,7.027867,14.290951999999999,10.993668
218700,a4hm1odo4MSV4R0d9ewEldSbJijp4+evpgFb/06s8a0D9/8j7Jtzl6C7ojH/Oxa6,7.603978999999999,14.072443,11.278817
219000,a4hm1odo4MSV4R0d9ewEldSbJijp4+evpgFb/06s8a0D9/8j7Jtzl6C7ojH/Oxa6,8.523164999999999,13.84205,11.375308
219300,a4hm1odo4MSV4R0d9ewEldSbJijp4+evpgFb/06s8a0D9/8j7Jtzl6C7ojH/Oxa6,7.1222330000000005,15.117147000000001,11.585529
219600,a4hm1odo4MSV4R0d9ewEldSbJijp4+evpgFb/06s8a0D9/8j7Jtzl6C7ojH/Oxa6,5.8465940000000005,18.545052,13.561935
219900,a4hm1odo4MSV4R0d9ewEldSbJijp4+evpgFb/06s8a0D9/8j7Jtzl6C7ojH/Oxa6,8.378765,20.990375,14.640985999999998
220200,a4hm1odo4MSV4R0d9ewEldSbJijp4+evpgFb/06s8a0D9/8j7Jtzl6C7ojH/Oxa6,8.388003999999999,22.153226,14.990530999999999
220500,a4hm1odo4MSV4R0d9ewEldSbJijp4+evpgFb/06s8a0D9/8j7Jtzl6C7ojH/Oxa6,7.9679850000000005,19.619111,13.803395000000002
220800,a4hm1odo4MSV4R0d9ewEldSbJijp4+evpgFb/06s8a0D9/8j7Jtzl6C7ojH/Oxa6,9.914285000000001,20.332925,15.277542
221100,a4hm1odo4MSV4R0d9ewEldSbJijp4+evpgFb/06s8a0D9/8j7Jtzl6C7ojH/Oxa6,8.47863,20.315985,14.582792000000001
221400,a4hm1odo4MSV4R0d9ewEldSbJijp4+evpgFb/06s8a0D9/8j7Jtzl6C7ojH/Oxa6,7.575235,20.829042,14.336597
221700,a4hm1odo4MSV4R0d9ewEldSbJijp4+evpgFb/06s8a0D9/8j7Jtzl6C7ojH/Oxa6,7.269408,21.645075,14.399264000000002
222000,a4hm1odo4MSV4R0d9ewEldSbJijp4+evpgFb/06s8a0D9/8j7Jtzl6C7ojH/Oxa6,9.013492,21.368451,14.594381
222300,a4hm1odo4MSV4R0d9ewEldSbJijp4+evpgFb/06s8a0D9/8j7Jtzl6C7ojH/Oxa6,10.580797,19.196416,14.643944
222600,a4hm1odo4MSV4R0d9ewEldSbJijp4+evpgFb/06s8a0D9/8j7Jtzl6C7ojH/Oxa6,10.883230000000001,18.331491,14.847449
222900,a4hm1odo4MSV4R0d9ewEldSbJijp4+evpgFb/06s8a0D9/8j7Jtzl6C7ojH/Oxa6,8.627239,21.381123000000002,14.511733999999999
223200,a4hm1odo4MSV4R0d9ewEldSbJijp4+evpgFb/06s8a0D9/8j7Jtzl6C7ojH/Oxa6,8.59883,19.671809,14.336757999999998
223500,a4hm1odo4MSV4R0d9ewEldSbJijp4+evpgFb/06s8a0D9/8j7Jtzl6C7ojH/Oxa6,9.078695,20.317314,14.974094000000001
223800,a4hm1odo4MSV4R0d9ewEldSbJijp4+evpgFb/06s8a0D9/8j7Jtzl6C7ojH/Oxa6,8.834802999999999,19.883832,14.861413
224100,a4hm1odo4MSV4R0d9ewEldSbJijp4+evpgFb/06s8a0D9/8j7Jtzl6C7ojH/Oxa6,9.564421000000001,20.559939,15.435112
224400,a4hm1odo4MSV4R0d9ewEldSbJijp4+evpgFb/06s8a0D9/8j7Jtzl6C7ojH/Oxa6,11.46761,19.00414,14.517651999999998
224700,a4hm1odo4MSV4R0d9ewEldSbJijp4+evpgFb/06s8a0D9/8j7Jtzl6C7ojH/Oxa6,7.459372,21.36552,15.298141000000001
225000,a4hm1odo4MSV4R0d9ewEldSbJijp4+evpgFb/06s8a0D9/8j7Jtzl6C7ojH/Oxa6,10.718205000000001,19.880647,15.474317999999998
225300,a4hm1odo4MSV4R0d9ewEldSbJijp4+evpgFb/06s8a0D9/8j7Jtzl6C7ojH/Oxa6,9.036539,19.335983,14.929109
225600,a4hm1odo4MSV4R0d9ewEldSbJijp4+evpgFb/06s8a0D9/8j7Jtzl6C7ojH/Oxa6,9.817915,19.523157,14.886601
225900,a4hm1odo4MSV4R0d9ewEldSbJijp4+evpgFb/06s8a0D9/8j7Jtzl6C7ojH/Oxa6,9.059872,21.43131,15.023642
226200,a4hm1odo4MSV4R0d9ewEldSbJijp4+evpgFb/06s8a0D9/8j7Jtzl6C7ojH/Oxa6,11.039086,19.279597,15.078976999999998
226500,a4hm1odo4MSV4R0d9ewEldSbJijp4+evpgFb/06s8a0D9/8j7Jtzl6C7ojH/Oxa6,9.226519,21.329964,15.013892000000002
226800,a4hm1odo4MSV4R0d9ewEldSbJijp4+evpgFb/06s8a0D9/8j7Jtzl6C7ojH/Oxa6,7.766263,20.696064,14.161317000000002
227100,a4hm1odo4MSV4R0d9ewEldSbJijp4+evpgFb/06s8a0D9/8j7Jtzl6C7ojH/Oxa6,8.734952999999999,20.672004,14.85261
227400,a4hm1odo4MSV4R0d9ewEldSbJijp4+evpgFb/06s8a0D9/8j7Jtzl6C7ojH/Oxa6,9.290778,19.756698999999998,15.218007
227700,a4hm1odo4MSV4R0d9ewEldSbJijp4+evpgFb/06s8a0D9/8j7Jtzl6C7ojH/Oxa6,8.407877000000001,22.087936,15.203678
228000,a4hm1odo4MSV4R0d9ewEldSbJijp4+evpgFb/06s8a0D9/8j7Jtzl6C7ojH/Oxa6,9.910260000000001,18.652031,14.23122
228300,a4hm1odo4MSV4R0d9ewEldSbJijp4+evpgFb/06s8a0D9/8j7Jtzl6C7ojH/Oxa6,8.034747,21.169353,14.334373999999999
228600,a4hm1odo4MSV4R0d9ewEldSbJijp4+evpgFb/06s8a0D9/8j7Jtzl6C7ojH/Oxa6,8.524952,24.007798,15.389013
228900,a4hm1odo4MSV4R0d9ewEldSbJijp4+evpgFb/06s8a0D9/8j7Jtzl6C7ojH/Oxa6,8.226835000000001,21.520228,14.847657
229200,a4hm1odo4MSV4R0d9ewEldSbJijp4+evpgFb/06s8a0D9/8j7Jtzl6C7ojH/Oxa6,9.057085,21.260158999999998,14.763993
229500,a4hm1odo4MSV4R0d9ewEldSbJijp4+evpgFb/06s8a0D9/8j7Jtzl6C7ojH/Oxa6,8.886005,22.044204999999998,15.382497
229800,a4hm1odo4MSV4R0d9ewEldSbJijp4+evpgFb/06s8a0D9/8j7Jtzl6C7ojH/Oxa6,8.042558,21.940777,14.67658
230100,a4hm1odo4MSV4R0d9ewEldSbJijp4+evpgFb/06s8a0D9/8j7Jtzl6C7ojH/Oxa6,8.556245,21.336246,15.147272000000001
230400,a4hm1odo4MSV4R0d9ewEldSbJijp4+evpgFb/06s8a0D9/8j7Jtzl6C7ojH/Oxa6,10.160516000000001,19.55295,15.008822
230700,a4hm1odo4MSV4R0d9ewEldSbJijp4+evpgFb/06s8a0D9/8j7Jtzl6C7ojH/Oxa6,4.419601999999999,22.017129,14.771757999999998
231000,a4hm1odo4MSV4R0d9ewEldSbJijp4+evpgFb/06s8a0D9/8j7Jtzl6C7ojH/Oxa6,7.981521000000001,21.579335999999998,15.168595000000002
231300,a4hm1odo4MSV4R0d9ewEldSbJijp4+evpgFb/06s8a0D9/8j7Jtzl6C7ojH/Oxa6,6.103895,21.709962,14.746207
231600,a4hm1odo4MSV4R0d9ewEldSbJijp4+evpgFb/06s8a0D9/8j7Jtzl6C7ojH/Oxa6,9.278166,19.700538,14.792851999999998
231900,a4hm1odo4MSV4R0d9ewEldSbJijp4+evpgFb/06s8a0D9/8j7Jtzl6C7ojH/Oxa6,9.184661,19.006029,14.058492999999999
232200,a4hm1odo4MSV4R0d9ewEldSbJijp4+evpgFb/06s8a0D9/8j7Jtzl6C7ojH/Oxa6,18.770119,71.74715,50.410813
232500,a4hm1odo4MSV4R0d9ewEldSbJijp4+evpgFb/06s8a0D9/8j7Jtzl6C7ojH/Oxa6,37.637879999999996,75.578574,55.300954000000004
232800,a4hm1odo4MSV4R0d9ewEldSbJijp4+evpgFb/06s8a0D9/8j7Jtzl6C7ojH/Oxa6,39.354726,76.537715,57.222378000000006
233100,a4hm1odo4MSV4R0d9ewEldSbJijp4+evpgFb/06s8a0D9/8j7Jtzl6C7ojH/Oxa6,42.425981,71.835711,57.78682
233400,a4hm1odo4MSV4R0d9ewEldSbJijp4+evpgFb/06s8a0D9/8j7Jtzl6C7ojH/Oxa6,37.900755,65.673489,49.181052
233700,a4hm1odo4MSV4R0d9ewEldSbJijp4+evpgFb/06s8a0D9/8j7Jtzl6C7ojH/Oxa6,34.847469,75.038737,55.798612
234000,a4hm1odo4MSV4R0d9ewEldSbJijp4+evpgFb/06s8a0D9/8j7Jtzl6C7ojH/Oxa6,39.228054,74.420987,57.638702
234300,a4hm1odo4MSV4R0d9ewEldSbJijp4+evpgFb/06s8a0D9/8j7Jtzl6C7ojH/Oxa6,38.951636,78.310949,58.317207999999994
234600,a4hm1odo4MSV4R0d9ewEldSbJijp4+evpgFb/06s8a0D9/8j7Jtzl6C7ojH/Oxa6,29.379640000000002,91.983554,58.328618999999996
234900,a4hm1odo4MSV4R0d9ewEldSbJijp4+evpgFb/06s8a0D9/8j7Jtzl6C7ojH/Oxa6,31.726074,86.94120799999999,58.65179200000001
235200,a4hm1odo4MSV4R0d9ewEldSbJijp4+evpgFb/06s8a0D9/8j7Jtzl6C7ojH/Oxa6,16.96779,88.919083,55.788818000000006
235500,a4hm1odo4MSV4R0d9ewEldSbJijp4+evpgFb/06s8a0D9/8j7Jtzl6C7ojH/Oxa6,37.952121999999996,77.137866,55.43243399999999
235800,a4hm1odo4MSV4R0d9ewEldSbJijp4+evpgFb/06s8a0D9/8j7Jtzl6C7ojH/Oxa6,41.814085,75.192375,57.650027
236100,a4hm1odo4MSV4R0d9ewEldSbJijp4+evpgFb/06s8a0D9/8j7Jtzl6C7ojH/Oxa6,14.609585999999998,78.694799,55.401557999999994
236400,a4hm1odo4MSV4R0d9ewEldSbJijp4+evpgFb/06s8a0D9/8j7Jtzl6C7ojH/Oxa6,30.672674,60.188888,47.093059999999994
236700,a4hm1odo4MSV4R0d9ewEldSbJijp4+evpgFb/06s8a0D9/8j7Jtzl6C7ojH/Oxa6,22.409739000000002,90.18965,57.927862
237000,a4hm1odo4MSV4R0d9ewEldSbJijp4+evpgFb/06s8a0D9/8j7Jtzl6C7ojH/Oxa6,34.28233,84.962168,58.563461
237300,a4hm1odo4MSV4R0d9ewEldSbJijp4+evpgFb/06s8a0D9/8j7Jtzl6C7ojH/Oxa6,39.488,77.262089,58.12668299999999
237600,a4hm1odo4MSV4R0d9ewEldSbJijp4+evpgFb/06s8a0D9/8j7Jtzl6C7ojH/Oxa6,8.933836,35.84466,16.168134
237900,a4hm1odo4MSV4R0d9ewEldSbJijp4+evpgFb/06s8a0D9/8j7Jtzl6C7ojH/Oxa6,7.575522,21.623210999999998,14.900822
238200,a4hm1odo4MSV4R0d9ewEldSbJijp4+evpgFb/06s8a0D9/8j7Jtzl6C7ojH/Oxa6,9.222945,20.727308999999998,14.755799
238500,a4hm1odo4MSV4R0d9ewEldSbJijp4+evpgFb/06s8a0D9/8j7Jtzl6C7ojH/Oxa6,9.631142,19.469443,14.891416
238800,a4hm1odo4MSV4R0d9ewEldSbJijp4+evpgFb/06s8a0D9/8j7Jtzl6C7ojH/Oxa6,8.209358,19.003245,14.644982
239100,a4hm1odo4MSV4R0d9ewEldSbJijp4+evpgFb/06s8a0D9/8j7Jtzl6C7ojH/Oxa6,8.837609,22.229123,15.106709
239400,a4hm1odo4MSV4R0d9ewEldSbJijp4+evpgFb/06s8a0D9/8j7Jtzl6C7ojH/Oxa6,9.341464,19.768643,13.979165
239700,a4hm1odo4MSV4R0d9ewEldSbJijp4+evpgFb/06s8a0D9/8j7Jtzl6C7ojH/Oxa6,8.211575,21.199016,14.478194
240000,a4hm1odo4MSV4R0d9ewEldSbJijp4+evpgFb/06s8a0D9/8j7Jtzl6C7ojH/Oxa6,7.428781,19.426207,14.634307000000002
240300,a4hm1odo4MSV4R0d9ewEldSbJijp4+evpgFb/06s8a0D9/8j7Jtzl6C7ojH/Oxa6,9.113155,20.271518,14.997995000000001
240600,a4hm1odo4MSV4R0d9ewEldSbJijp4+evpgFb/06s8a0D9/8j7Jtzl6C7ojH/Oxa6,9.146084,20.331554,14.482379000000002
240900,a4hm1odo4MSV4R0d9ewEldSbJijp4+evpgFb/06s8a0D9/8j7Jtzl6C7ojH/Oxa6,8.672591,21.723934,15.160677
241200,a4hm1odo4MSV4R0d9ewEldSbJijp4+evpgFb/06s8a0D9/8j7Jtzl6C7ojH/Oxa6,8.737217999999999,18.876591,15.138038
241500,a4hm1odo4MSV4R0d9ewEldSbJijp4+evpgFb/06s8a0D9/8j7Jtzl6C7ojH/Oxa6,6.387448,21.229623,15.123203
241800,a4hm1odo4MSV4R0d9ewEldSbJijp4+evpgFb/06s8a0D9/8j7Jtzl6C7ojH/Oxa6,8.283002999999999,21.637614000000003,15.271606
242100,a4hm1odo4MSV4R0d9ewEldSbJijp4+evpgFb/06s8a0D9/8j7Jtzl6C7ojH/Oxa6,8.773511,26.193346,15.815651999999998
242400,a4hm1odo4MSV4R0d9ewEldSbJijp4+evpgFb/06s8a0D9/8j7Jtzl6C7ojH/Oxa6,8.839023,20.109592000000003,14.759032999999999
242700,a4hm1odo4MSV4R0d9ewEldSbJijp4+evpgFb/06s8a0D9/8j7Jtzl6C7ojH/Oxa6,8.985395,22.492015,15.30845
243000,a4hm1odo4MSV4R0d9ewEldSbJijp4+evpgFb/06s8a0D9/8j7Jtzl6C7ojH/Oxa6,9.050975,21.073839000000003,14.958170999999998
243300,a4hm1odo4MSV4R0d9ewEldSbJijp4+evpgFb/06s8a0D9/8j7Jtzl6C7ojH/Oxa6,8.900052,20.236778,14.061504000000001
243600,a4hm1odo4MSV4R0d9ewEldSbJijp4+evpgFb/06s8a0D9/8j7Jtzl6C7ojH/Oxa6,9.052092,19.315419,15.078844
243900,a4hm1odo4MSV4R0d9ewEldSbJijp4+evpgFb/06s8a0D9/8j7Jtzl6C7ojH/Oxa6,5.958194000000001,21.76979,14.467016000000001
244200,a4hm1odo4MSV4R0d9ewEldSbJijp4+evpgFb/06s8a0D9/8j7Jtzl6C7ojH/Oxa6,8.788133,20.738049,14.656335
244500,a4hm1odo4MSV4R0d9ewEldSbJijp4+evpgFb/06s8a0D9/8j7Jtzl6C7ojH/Oxa6,9.676569,17.688415,15.100173999999999
244800,a4hm1odo4MSV4R0d9ewEldSbJijp4+evpgFb/06s8a0D9/8j7Jtzl6C7ojH/Oxa6,7.3201220000000005,20.240054,14.674357
245100,a4hm1odo4MSV4R0d9ewEldSbJijp4+evpgFb/06s8a0D9/8j7Jtzl6C7ojH/Oxa6,9.740336,19.605781,14.864227
245400,a4hm1odo4MSV4R0d9ewEldSbJijp4+evpgFb/06s8a0D9/8j7Jtzl6C7ojH/Oxa6,9.630460000000001,19.927379000000002,15.327912
245700,a4hm1odo4MSV4R0d9ewEldSbJijp4+evpgFb/06s8a0D9/8j7Jtzl6C7ojH/Oxa6,9.292653,21.683242,15.137746
246000,a4hm1odo4MSV4R0d9ewEldSbJijp4+evpgFb/06s8a0D9/8j7Jtzl6C7ojH/Oxa6,8.703239,20.549229,15.244876000000001
246300,a4hm1odo4MSV4R0d9ewEldSbJijp4+evpgFb/06s8a0D9/8j7Jtzl6C7ojH/Oxa6,8.647518,22.027321,15.313426000000002
246600,a4hm1odo4MSV4R0d9ewEldSbJijp4+evpgFb/06s8a0D9/8j7Jtzl6C7ojH/Oxa6,8.903506,20.111726,14.221197
246900,a4hm1odo4MSV4R0d9ewEldSbJijp4+evpgFb/06s8a0D9/8j7Jtzl6C7ojH/Oxa6,7.349528,20.033258,13.641776
247200,a4hm1odo4MSV4R0d9ewEldSbJijp4+evpgFb/06s8a0D9/8j7Jtzl6C7ojH/Oxa6,7.635152000000001,20.51361,14.603622
247500,a4hm1odo4MSV4R0d9ewEldSbJijp4+evpgFb/06s8a0D9/8j7Jtzl6C7ojH/Oxa6,8.942222000000001,18.297539999999998,14.631282
247800,a4hm1odo4MSV4R0d9ewEldSbJijp4+evpgFb/06s8a0D9/8j7Jtzl6C7ojH/Oxa6,11.744605,40.654835,17.754671
248100,a4hm1odo4MSV4R0d9ewEldSbJijp4+evpgFb/06s8a0D9/8j7Jtzl6C7ojH/Oxa6,10.455761,19.824309,15.077739999999999
248400,a4hm1odo4MSV4R0d9ewEldSbJijp4+evpgFb/06s8a0D9/8j7Jtzl6C7ojH/Oxa6,8.986823,21.68542,15.388113
248700,a4hm1odo4MSV4R0d9ewEldSbJijp4+evpgFb/06s8a0D9/8j7Jtzl6C7ojH/Oxa6,8.81284,20.140902,15.344263
249000,a4hm1odo4MSV4R0d9ewEldSbJijp4+evpgFb/06s8a0D9/8j7Jtzl6C7ojH/Oxa6,9.812913,19.038439,15.023891
249300,a4hm1odo4MSV4R0d9ewEldSbJijp4+evpgFb/06s8a0D9/8j7Jtzl6C7ojH/Oxa6,6.527826999999999,21.474303,15.251781
249600,a4hm1odo4MSV4R0d9ewEldSbJijp4+evpgFb/06s8a0D9/8j7Jtzl6C7ojH/Oxa6,7.020158,20.065734,14.603032
249900,a4hm1odo4MSV4R0d9ewEldSbJijp4+evpgFb/06s8a0D9/8j7Jtzl6C7ojH/Oxa6,8.973246000000001,21.402479999999997,15.553251999999999
250200,a4hm1odo4MSV4R0d9ewEldSbJijp4+evpgFb/06s8a0D9/8j7Jtzl6C7ojH/Oxa6,8.577181,24.249863,15.163331
250500,a4hm1odo4MSV4R0d9ewEldSbJijp4+evpgFb/06s8a0D9/8j7Jtzl6C7ojH/Oxa6,7.781281,20.787588,14.662767
250800,a4hm1odo4MSV4R0d9ewEldSbJijp4+evpgFb/06s8a0D9/8j7Jtzl6C7ojH/Oxa6,6.910767,17.893459,14.329782000000002
251100,a4hm1odo4MSV4R0d9ewEldSbJijp4+evpgFb/06s8a0D9/8j7Jtzl6C7ojH/Oxa6,9.006492999999999,21.127546,15.195286999999999
251400,a4hm1odo4MSV4R0d9ewEldSbJijp4+evpgFb/06s8a0D9/8j7Jtzl6C7ojH/Oxa6,9.945672,18.064104,15.197482
251700,a4hm1odo4MSV4R0d9ewEldSbJijp4+evpgFb/06s8a0D9/8j7Jtzl6C7ojH/Oxa6,9.436363,20.025364,14.665985999999998
252000,a4hm1odo4MSV4R0d9ewEldSbJijp4+evpgFb/06s8a0D9/8j7Jtzl6C7ojH/Oxa6,6.373061,21.068171,14.765672
252300,a4hm1odo4MSV4R0d9ewEldSbJijp4+evpgFb/06s8a0D9/8j7Jtzl6C7ojH/Oxa6,8.667299,20.44241,14.83581
252600,a4hm1odo4MSV4R0d9ewEldSbJijp4+evpgFb/06s8a0D9/8j7Jtzl6C7ojH/Oxa6,9.627817,19.405025,15.20326
252900,a4hm1odo4MSV4R0d9ewEldSbJijp4+evpgFb/06s8a0D9/8j7Jtzl6C7ojH/Oxa6,7.173255999999999,19.407242999999998,15.00301
253200,a4hm1odo4MSV4R0d9ewEldSbJijp4+evpgFb/06s8a0D9/8j7Jtzl6C7ojH/Oxa6,9.053234,19.26764,15.035854999999998
253500,a4hm1odo4MSV4R0d9ewEldSbJijp4+evpgFb/06s8a0D9/8j7Jtzl6C7ojH/Oxa6,8.889192999999999,22.236494,14.802139000000002
253800,a4hm1odo4MSV4R0d9ewEldSbJijp4+evpgFb/06s8a0D9/8j7Jtzl6C7ojH/Oxa6,8.916868,21.133361999999998,14.717787
254100,a4hm1odo4MSV4R0d9ewEldSbJijp4+evpgFb/06s8a0D9/8j7Jtzl6C7ojH/Oxa6,8.996633000000001,20.867397,15.064414000000001
254400,a4hm1odo4MSV4R0d9ewEldSbJijp4+evpgFb/06s8a0D9/8j7Jtzl6C7ojH/Oxa6,7.4464820000000005,20.483578,14.284601
254700,a4hm1odo4MSV4R0d9ewEldSbJijp4+evpgFb/06s8a0D9/8j7Jtzl6C7ojH/Oxa6,9.501888000000001,19.941085,15.422407000000002
255000,a4hm1odo4MSV4R0d9ewEldSbJijp4+evpgFb/06s8a0D9/8j7Jtzl6C7ojH/Oxa6,5.64366,21.904695999999998,14.643169
255300,a4hm1odo4MSV4R0d9ewEldSbJijp4+evpgFb/06s8a0D9/8j7Jtzl6C7ojH/Oxa6,8.849799,21.126472,15.172606
255600,a4hm1odo4MSV4R0d9ewEldSbJijp4+evpgFb/06s8a0D9/8j7Jtzl6C7ojH/Oxa6,7.153511,19.107789999999998,14.184039000000002
255900,a4hm1odo4MSV4R0d9ewEldSbJijp4+evpgFb/06s8a0D9/8j7Jtzl6C7ojH/Oxa6,9.309052000000001,19.873538,14.783104999999999
256200,a4hm1odo4MSV4R0d9ewEldSbJijp4+evpgFb/06s8a0D9/8j7Jtzl6C7ojH/Oxa6,6.334184,22.577813,14.6065
256500,a4hm1odo4MSV4R0d9ewEldSbJijp4+evpgFb/06s8a0D9/8j7Jtzl6C7ojH/Oxa6,9.07427,20.090322,14.850864000000001
256800,a4hm1odo4MSV4R0d9ewEldSbJijp4+evpgFb/06s8a0D9/8j7Jtzl6C7ojH/Oxa6,8.544769,20.657415,14.829332
257100,a4hm1odo4MSV4R0d9ewEldSbJijp4+evpgFb/06s8a0D9/8j7Jtzl6C7ojH/Oxa6,11.081949,18.898424,15.613842000000002
257400,a4hm1odo4MSV4R0d9ewEldSbJijp4+evpgFb/06s8a0D9/8j7Jtzl6C7ojH/Oxa6,9.898418,20.943789000000002,15.323359
257700,a4hm1odo4MSV4R0d9ewEldSbJijp4+evpgFb/06s8a0D9/8j7Jtzl6C7ojH/Oxa6,9.664652,20.088145,15.365081
258000,a4hm1odo4MSV4R0d9ewEldSbJijp4+evpgFb/06s8a0D9/8j7Jtzl6C7ojH/Oxa6,9.543202,18.854208,14.649713
258300,a4hm1odo4MSV4R0d9ewEldSbJijp4+evpgFb/06s8a0D9/8j7Jtzl6C7ojH/Oxa6,9.098407,18.474654,14.579738
258600,a4hm1odo4MSV4R0d9ewEldSbJijp4+evpgFb/06s8a0D9/8j7Jtzl6C7ojH/Oxa6,8.900505,18.817815,14.85046
258900,a4hm1odo4MSV4R0d9ewEldSbJijp4+evpgFb/06s8a0D9/8j7Jtzl6C7ojH/Oxa6,8.128208,19.030032000000002,14.662574
259200,a4hm1odo4MSV4R0d9ewEldSbJijp4+evpgFb/06s8a0D9/8j7Jtzl6C7ojH/Oxa6,8.864815,20.663006,14.874120000000001
259500,a4hm1odo4MSV4R0d9ewEldSbJijp4+evpgFb/06s8a0D9/8j7Jtzl6C7ojH/Oxa6,9.019735,21.250114,14.889510999999999
259800,a4hm1odo4MSV4R0d9ewEldSbJijp4+evpgFb/06s8a0D9/8j7Jtzl6C7ojH/Oxa6,10.303593,18.969808999999998,15.043072
260100,a4hm1odo4MSV4R0d9ewEldSbJijp4+evpgFb/06s8a0D9/8j7Jtzl6C7ojH/Oxa6,6.419166000000001,19.150108,14.917278
260400,a4hm1odo4MSV4R0d9ewEldSbJijp4+evpgFb/06s8a0D9/8j7Jtzl6C7ojH/Oxa6,8.683992,20.691648,14.723767
260700,a4hm1odo4MSV4R0d9ewEldSbJijp4+evpgFb/06s8a0D9/8j7Jtzl6C7ojH/Oxa6,11.335908,18.774513,15.100151
261000,a4hm1odo4MSV4R0d9ewEldSbJijp4+evpgFb/06s8a0D9/8j7Jtzl6C7ojH/Oxa6,8.255988,20.532348000000002,15.024098
261300,a4hm1odo4MSV4R0d9ewEldSbJijp4+evpgFb/06s8a0D9/8j7Jtzl6C7ojH/Oxa6,8.759604,20.63472,14.845954999999998
261600,a4hm1odo4MSV4R0d9ewEldSbJijp4+evpgFb/06s8a0D9/8j7Jtzl6C7ojH/Oxa6,6.520873,19.616260999999998,14.562822
261900,a4hm1odo4MSV4R0d9ewEldSbJijp4+evpgFb/06s8a0D9/8j7Jtzl6C7ojH/Oxa6,8.25727,18.89581,13.911794
262200,a4hm1odo4MSV4R0d9ewEldSbJijp4+evpgFb/06s8a0D9/8j7Jtzl6C7ojH/Oxa6,8.497794,23.932370000000002,15.491616
262500,a4hm1odo4MSV4R0d9ewEldSbJijp4+evpgFb/06s8a0D9/8j7Jtzl6C7ojH/Oxa6,10.115822,18.544695,14.77415
262800,a4hm1odo4MSV4R0d9ewEldSbJijp4+evpgFb/06s8a0D9/8j7Jtzl6C7ojH/Oxa6,8.919146000000001,19.459462,14.730488000000001
263100,a4hm1odo4MSV4R0d9ewEldSbJijp4+evpgFb/06s8a0D9/8j7Jtzl6C7ojH/Oxa6,8.802925,20.896722,15.173
263400,a4hm1odo4MSV4R0d9ewEldSbJijp4+evpgFb/06s8a0D9/8j7Jtzl6C7ojH/Oxa6,9.347524,19.672872,14.704695000000001
263700,a4hm1odo4MSV4R0d9ewEldSbJijp4+evpgFb/06s8a0D9/8j7Jtzl6C7ojH/Oxa6,8.428322999999999,21.952472,15.087209
264000,a4hm1odo4MSV4R0d9ewEldSbJijp4+evpgFb/06s8a0D9/8j7Jtzl6C7ojH/Oxa6,9.025243,20.424706,15.189017000000002
264300,a4hm1odo4MSV4R0d9ewEldSbJijp4+evpgFb/06s8a0D9/8j7Jtzl6C7ojH/Oxa6,7.859147999999999,17.717663,14.92751
264600,a4hm1odo4MSV4R0d9ewEldSbJijp4+evpgFb/06s8a0D9/8j7Jtzl6C7ojH/Oxa6,8.467402,21.238029,15.109389000000002
264900,a4hm1odo4MSV4R0d9ewEldSbJijp4+evpgFb/06s8a0D9/8j7Jtzl6C7ojH/Oxa6,9.304397,20.095451999999998,14.529675
265200,a4hm1odo4MSV4R0d9ewEldSbJijp4+evpgFb/06s8a0D9/8j7Jtzl6C7ojH/Oxa6,9.793574000000001,21.427922,15.0688
265500,a4hm1odo4MSV4R0d9ewEldSbJijp4+evpgFb/06s8a0D9/8j7Jtzl6C7ojH/Oxa6,11.406518,19.312757,15.260557
265800,a4hm1odo4MSV4R0d9ewEldSbJijp4+evpgFb/06s8a0D9/8j7Jtzl6C7ojH/Oxa6,9.947208,21.61761,14.449738
266100,a4hm1odo4MSV4R0d9ewEldSbJijp4+evpgFb/06s8a0D9/8j7Jtzl6C7ojH/Oxa6,8.156711,20.768938000000002,15.083257000000001
266400,a4hm1odo4MSV4R0d9ewEldSbJijp4+evpgFb/06s8a0D9/8j7Jtzl6C7ojH/Oxa6,6.983022,20.365085,14.544875
266700,a4hm1odo4MSV4R0d9ewEldSbJijp4+evpgFb/06s8a0D9/8j7Jtzl6C7ojH/Oxa6,9.583383999999999,20.915898000000002,14.978679000000001
267000,a4hm1odo4MSV4R0d9ewEldSbJijp4+evpgFb/06s8a0D9/8j7Jtzl6C7ojH/Oxa6,8.425338,19.859088,14.619926000000001
267300,a4hm1odo4MSV4R0d9ewEldSbJijp4+evpgFb/06s8a0D9/8j7Jtzl6C7ojH/Oxa6,9.17373,21.697884,15.394668
267600,a4hm1odo4MSV4R0d9ewEldSbJijp4+evpgFb/06s8a0D9/8j7Jtzl6C7ojH/Oxa6,9.000353,19.883185,14.794204
267900,a4hm1odo4MSV4R0d9ewEldSbJijp4+evpgFb/06s8a0D9/8j7Jtzl6C7ojH/Oxa6,8.775725999999999,21.186229,15.075829999999998
268200,a4hm1odo4MSV4R0d9ewEldSbJijp4+evpgFb/06s8a0D9/8j7Jtzl6C7ojH/Oxa6,10.311156,18.369253,14.85295
268500,a4hm1odo4MSV4R0d9ewEldSbJijp4+evpgFb/06s8a0D9/8j7Jtzl6C7ojH/Oxa6,8.641921,20.667225,15.067395000000001
268800,a4hm1odo4MSV4R0d9ewEldSbJijp4+evpgFb/06s8a0D9/8j7Jtzl6C7ojH/Oxa6,7.9726479999999995,18.348405,14.322448000000001
269100,a4hm1odo4MSV4R0d9ewEldSbJijp4+evpgFb/06s8a0D9/8j7Jtzl6C7ojH/Oxa6,7.277964999999999,22.216666,14.782148000000001
269400,a4hm1odo4MSV4R0d9ewEldSbJijp4+evpgFb/06s8a0D9/8j7Jtzl6C7ojH/Oxa6,7.978686,21.182082,14.294279999999999
269700,a4hm1odo4MSV4R0d9ewEldSbJijp4+evpgFb/06s8a0D9/8j7Jtzl6C7ojH/Oxa6,9.051960000000001,21.961975,14.792796
270000,a4hm1odo4MSV4R0d9ewEldSbJijp4+evpgFb/06s8a0D9/8j7Jtzl6C7ojH/Oxa6,8.722071000000001,21.18652,14.716460999999999
270300,a4hm1odo4MSV4R0d9ewEldSbJijp4+evpgFb/06s8a0D9/8j7Jtzl6C7ojH/Oxa6,10.176013000000001,20.848754,14.873798
270600,a4hm1odo4MSV4R0d9ewEldSbJijp4+evpgFb/06s8a0D9/8j7Jtzl6C7ojH/Oxa6,11.613594,19.133162,15.026387
270900,a4hm1odo4MSV4R0d9ewEldSbJijp4+evpgFb/06s8a0D9/8j7Jtzl6C7ojH/Oxa6,11.357271,19.090063,15.658064000000001
271200,a4hm1odo4MSV4R0d9ewEldSbJijp4+evpgFb/06s8a0D9/8j7Jtzl6C7ojH/Oxa6,9.160391,20.842271,15.148666
271500,a4hm1odo4MSV4R0d9ewEldSbJijp4+evpgFb/06s8a0D9/8j7Jtzl6C7ojH/Oxa6,8.577109,20.868812,14.977337
271800,a4hm1odo4MSV4R0d9ewEldSbJijp4+evpgFb/06s8a0D9/8j7Jtzl6C7ojH/Oxa6,9.347515,20.810893,15.018173
272100,a4hm1odo4MSV4R0d9ewEldSbJijp4+evpgFb/06s8a0D9/8j7Jtzl6C7ojH/Oxa6,10.014330000000001,19.537952,15.091370999999999
272400,a4hm1odo4MSV4R0d9ewEldSbJijp4+evpgFb/06s8a0D9/8j7Jtzl6C7ojH/Oxa6,9.631008999999999,18.152114,14.652226
272700,a4hm1odo4MSV4R0d9ewEldSbJijp4+evpgFb/06s8a0D9/8j7Jtzl6C7ojH/Oxa6,8.121808,21.514513,14.957432999999998
273000,a4hm1odo4MSV4R0d9ewEldSbJijp4+evpgFb/06s8a0D9/8j7Jtzl6C7ojH/Oxa6,8.613918,20.460179,14.896325
273300,a4hm1odo4MSV4R0d9ewEldSbJijp4+evpgFb/06s8a0D9/8j7Jtzl6C7ojH/Oxa6,7.891672,19.061607000000002,13.905673
273600,a4hm1odo4MSV4R0d9ewEldSbJijp4+evpgFb/06s8a0D9/8j7Jtzl6C7ojH/Oxa6,6.639535,22.177761,14.973117000000002
273900,a4hm1odo4MSV4R0d9ewEldSbJijp4+evpgFb/06s8a0D9/8j7Jtzl6C7ojH/Oxa6,8.86834,20.983697,15.330638
274200,a4hm1odo4MSV4R0d9ewEldSbJijp4+evpgFb/06s8a0D9/8j7Jtzl6C7ojH/Oxa6,6.505127,21.037421,14.616992999999999
274500,a4hm1odo4MSV4R0d9ewEldSbJijp4+evpgFb/06s8a0D9/8j7Jtzl6C7ojH/Oxa6,8.701289,21.010957,14.515228
274800,a4hm1odo4MSV4R0d9ewEldSbJijp4+evpgFb/06s8a0D9/8j7Jtzl6C7ojH/Oxa6,8.622456,20.656774,14.533195999999998
275100,a4hm1odo4MSV4R0d9ewEldSbJijp4+evpgFb/06s8a0D9/8j7Jtzl6C7ojH/Oxa6,7.022174000000001,22.241224,14.471798000000001
275400,a4hm1odo4MSV4R0d9ewEldSbJijp4+evpgFb/06s8a0D9/8j7Jtzl6C7ojH/Oxa6,8.687861999999999,20.706585999999998,14.738420999999999
275700,a4hm1odo4MSV4R0d9ewEldSbJijp4+evpgFb/06s8a0D9/8j7Jtzl6C7ojH/Oxa6,8.233561,19.626232,14.311186
276000,a4hm1odo4MSV4R0d9ewEldSbJijp4+evpgFb/06s8a0D9/8j7Jtzl6C7ojH/Oxa6,10.810881,17.788714000000002,14.386287
276300,a4hm1odo4MSV4R0d9ewEldSbJijp4+evpgFb/06s8a0D9/8j7Jtzl6C7ojH/Oxa6,8.773006,20.201214999999998,14.63954
276600,a4hm1odo4MSV4R0d9ewEldSbJijp4+evpgFb/06s8a0D9/8j7Jtzl6C7ojH/Oxa6,8.145401,19.938719,14.733457999999999
276900,a4hm1odo4MSV4R0d9ewEldSbJijp4+evpgFb/06s8a0D9/8j7Jtzl6C7ojH/Oxa6,8.839927000000001,18.938105,14.652589
277200,a4hm1odo4MSV4R0d9ewEldSbJijp4+evpgFb/06s8a0D9/8j7Jtzl6C7ojH/Oxa6,8.009957,20.399767999999998,13.757026000000002
277500,a4hm1odo4MSV4R0d9ewEldSbJijp4+evpgFb/06s8a0D9/8j7Jtzl6C7ojH/Oxa6,9.01892,20.630198999999998,14.755737
277800,a4hm1odo4MSV4R0d9ewEldSbJijp4+evpgFb/06s8a0D9/8j7Jtzl6C7ojH/Oxa6,8.352892,21.378462,14.721998000000001
278100,a4hm1odo4MSV4R0d9ewEldSbJijp4+evpgFb/06s8a0D9/8j7Jtzl6C7ojH/Oxa6,9.382445,18.831472,15.274998000000002
278400,a4hm1odo4MSV4R0d9ewEldSbJijp4+evpgFb/06s8a0D9/8j7Jtzl6C7ojH/Oxa6,8.290847,21.457881,14.822216000000001
278700,a4hm1odo4MSV4R0d9ewEldSbJijp4+evpgFb/06s8a0D9/8j7Jtzl6C7ojH/Oxa6,8.191256,19.838233,15.031713
279000,a4hm1odo4MSV4R0d9ewEldSbJijp4+evpgFb/06s8a0D9/8j7Jtzl6C7ojH/Oxa6,7.607367,21.18554,14.465101999999998
279300,a4hm1odo4MSV4R0d9ewEldSbJijp4+evpgFb/06s8a0D9/8j7Jtzl6C7ojH/Oxa6,8.535663000000001,20.376179,14.877695000000001
279600,a4hm1odo4MSV4R0d9ewEldSbJijp4+evpgFb/06s8a0D9/8j7Jtzl6C7ojH/Oxa6,8.154432,19.771189,13.823561999999999
279900,a4hm1odo4MSV4R0d9ewEldSbJijp4+evpgFb/06s8a0D9/8j7Jtzl6C7ojH/Oxa6,6.087127,17.287423999999998,13.880385
280200,a4hm1odo4MSV4R0d9ewEldSbJijp4+evpgFb/06s8a0D9/8j7Jtzl6C7ojH/Oxa6,8.001495,19.309578,14.41876
280500,a4hm1odo4MSV4R0d9ewEldSbJijp4+evpgFb/06s8a0D9/8j7Jtzl6C7ojH/Oxa6,8.909161,20.565482,14.321189000000002
280800,a4hm1odo4MSV4R0d9ewEldSbJijp4+evpgFb/06s8a0D9/8j7Jtzl6C7ojH/Oxa6,10.140346000000001,18.67387,13.955601999999999
281100,a4hm1odo4MSV4R0d9ewEldSbJijp4+evpgFb/06s8a0D9/8j7Jtzl6C7ojH/Oxa6,9.680643,20.359045000000002,15.131082000000001
281400,a4hm1odo4MSV4R0d9ewEldSbJijp4+evpgFb/06s8a0D9/8j7Jtzl6C7ojH/Oxa6,8.954633,19.650982,14.852549
281700,a4hm1odo4MSV4R0d9ewEldSbJijp4+evpgFb/06s8a0D9/8j7Jtzl6C7ojH/Oxa6,7.57085,21.611082999999997,14.951997
282000,a4hm1odo4MSV4R0d9ewEldSbJijp4+evpgFb/06s8a0D9/8j7Jtzl6C7ojH/Oxa6,8.547493,20.763803,14.471905
282300,a4hm1odo4MSV4R0d9ewEldSbJijp4+evpgFb/06s8a0D9/8j7Jtzl6C7ojH/Oxa6,9.394933,19.178635999999997,14.417397
282600,a4hm1odo4MSV4R0d9ewEldSbJijp4+evpgFb/06s8a0D9/8j7Jtzl6C7ojH/Oxa6,7.526358999999999,20.523443,14.746663
282900,a4hm1odo4MSV4R0d9ewEldSbJijp4+evpgFb/06s8a0D9/8j7Jtzl6C7ojH/Oxa6,8.346793,20.827256,14.891673
283200,a4hm1odo4MSV4R0d9ewEldSbJijp4+evpgFb/06s8a0D9/8j7Jtzl6C7ojH/Oxa6,8.561497,20.912262,14.886555
283500,a4hm1odo4MSV4R0d9ewEldSbJijp4+evpgFb/06s8a0D9/8j7Jtzl6C7ojH/Oxa6,8.729138,20.073144,14.892144
283800,a4hm1odo4MSV4R0d9ewEldSbJijp4+evpgFb/06s8a0D9/8j7Jtzl6C7ojH/Oxa6,7.363486999999999,20.345292999999998,15.209044
284100,a4hm1odo4MSV4R0d9ewEldSbJijp4+evpgFb/06s8a0D9/8j7Jtzl6C7ojH/Oxa6,10.213109,19.863413,14.980045
284400,a4hm1odo4MSV4R0d9ewEldSbJijp4+evpgFb/06s8a0D9/8j7Jtzl6C7ojH/Oxa6,8.509882000000001,20.231916000000002,14.949253
284700,a4hm1odo4MSV4R0d9ewEldSbJijp4+evpgFb/06s8a0D9/8j7Jtzl6C7ojH/Oxa6,7.787692,20.609410999999998,14.516770000000001
285000,a4hm1odo4MSV4R0d9ewEldSbJijp4+evpgFb/06s8a0D9/8j7Jtzl6C7ojH/Oxa6,8.692960000000001,19.322869,14.634279999999999
285300,a4hm1odo4MSV4R0d9ewEldSbJijp4+evpgFb/06s8a0D9/8j7Jtzl6C7ojH/Oxa6,8.084056,19.742142,14.597083
285600,a4hm1odo4MSV4R0d9ewEldSbJijp4+evpgFb/06s8a0D9/8j7Jtzl6C7ojH/Oxa6,8.86841,20.677402999999998,14.333257000000001
285900,a4hm1odo4MSV4R0d9ewEldSbJijp4+evpgFb/06s8a0D9/8j7Jtzl6C7ojH/Oxa6,8.878998,20.447914,14.157773
286200,a4hm1odo4MSV4R0d9ewEldSbJijp4+evpgFb/06s8a0D9/8j7Jtzl6C7ojH/Oxa6,9.060203999999999,20.671873,14.516701999999999
286500,a4hm1odo4MSV4R0d9ewEldSbJijp4+evpgFb/06s8a0D9/8j7Jtzl6C7ojH/Oxa6,9.662272999999999,17.894806,14.450219
286800,a4hm1odo4MSV4R0d9ewEldSbJijp4+evpgFb/06s8a0D9/8j7Jtzl6C7ojH/Oxa6,9.588431,19.802347,14.693318
287100,a4hm1odo4MSV4R0d9ewEldSbJijp4+evpgFb/06s8a0D9/8j7Jtzl6C7ojH/Oxa6,8.553841,18.931731,15.029995999999999
287400,a4hm1odo4MSV4R0d9ewEldSbJijp4+evpgFb/06s8a0D9/8j7Jtzl6C7ojH/Oxa6,9.425332000000001,20.166220000000003,15.090993
287700,a4hm1odo4MSV4R0d9ewEldSbJijp4+evpgFb/06s8a0D9/8j7Jtzl6C7ojH/Oxa6,8.641447,19.689513,14.525357999999999
288000,a4hm1odo4MSV4R0d9ewEldSbJijp4+evpgFb/06s8a0D9/8j7Jtzl6C7ojH/Oxa6,7.912694,19.85969,14.676549
288300,a4hm1odo4MSV4R0d9ewEldSbJijp4+evpgFb/06s8a0D9/8j7Jtzl6C7ojH/Oxa6,8.648234,18.503695999999998,14.377053
288600,a4hm1odo4MSV4R0d9ewEldSbJijp4+evpgFb/06s8a0D9/8j7Jtzl6C7ojH/Oxa6,10.439969,19.074913000000002,14.724613
288900,a4hm1odo4MSV4R0d9ewEldSbJijp4+evpgFb/06s8a0D9/8j7Jtzl6C7ojH/Oxa6,9.25683,18.746260999999997,14.524961
289200,a4hm1odo4MSV4R0d9ewEldSbJijp4+evpgFb/06s8a0D9/8j7Jtzl6C7ojH/Oxa6,7.11658,21.791970000000003,14.914031
289500,a4hm1odo4MSV4R0d9ewEldSbJijp4+evpgFb/06s8a0D9/8j7Jtzl6C7ojH/Oxa6,8.68535,21.997712,15.049889000000002
289800,a4hm1odo4MSV4R0d9ewEldSbJijp4+evpgFb/06s8a0D9/8j7Jtzl6C7ojH/Oxa6,8.5253,19.846322,14.614097000000001
290100,a4hm1odo4MSV4R0d9ewEldSbJijp4+evpgFb/06s8a0D9/8j7Jtzl6C7ojH/Oxa6,9.328716,19.783975,14.63189
290400,a4hm1odo4MSV4R0d9ewEldSbJijp4+evpgFb/06s8a0D9/8j7Jtzl6C7ojH/Oxa6,8.406845,18.578879999999998,14.233301999999998
290700,a4hm1odo4MSV4R0d9ewEldSbJijp4+evpgFb/06s8a0D9/8j7Jtzl6C7ojH/Oxa6,6.709422,19.39953,14.847382999999999
291000,a4hm1odo4MSV4R0d9ewEldSbJijp4+evpgFb/06s8a0D9/8j7Jtzl6C7ojH/Oxa6,8.375505,20.783365,15.186625
291300,a4hm1odo4MSV4R0d9ewEldSbJijp4+evpgFb/06s8a0D9/8j7Jtzl6C7ojH/Oxa6,8.396603,21.104992000000003,14.646859
291600,a4hm1odo4MSV4R0d9ewEldSbJijp4+evpgFb/06s8a0D9/8j7Jtzl6C7ojH/Oxa6,9.788447,19.437479999999997,14.745569
291900,a4hm1odo4MSV4R0d9ewEldSbJijp4+evpgFb/06s8a0D9/8j7Jtzl6C7ojH/Oxa6,7.946689999999999,20.1978,14.411548999999999
292200,a4hm1odo4MSV4R0d9ewEldSbJijp4+evpgFb/06s8a0D9/8j7Jtzl6C7ojH/Oxa6,8.634998,18.222945000000003,14.455402
292500,a4hm1odo4MSV4R0d9ewEldSbJijp4+evpgFb/06s8a0D9/8j7Jtzl6C7ojH/Oxa6,9.168685,21.140479,15.206717999999999
292800,a4hm1odo4MSV4R0d9ewEldSbJijp4+evpgFb/06s8a0D9/8j7Jtzl6C7ojH/Oxa6,9.097868,20.641092999999998,14.644704999999998
293100,a4hm1odo4MSV4R0d9ewEldSbJijp4+evpgFb/06s8a0D9/8j7Jtzl6C7ojH/Oxa6,9.146916000000001,20.62707,14.836839999999999
293400,a4hm1odo4MSV4R0d9ewEldSbJijp4+evpgFb/06s8a0D9/8j7Jtzl6C7ojH/Oxa6,10.389517,21.22805,15.382570999999999
293700,a4hm1odo4MSV4R0d9ewEldSbJijp4+evpgFb/06s8a0D9/8j7Jtzl6C7ojH/Oxa6,10.174565,19.935892000000003,15.549449
294000,a4hm1odo4MSV4R0d9ewEldSbJijp4+evpgFb/06s8a0D9/8j7Jtzl6C7ojH/Oxa6,7.627425,20.91304,14.683577
294300,a4hm1odo4MSV4R0d9ewEldSbJijp4+evpgFb/06s8a0D9/8j7Jtzl6C7ojH/Oxa6,7.734971000000001,21.230135999999998,15.123420999999999
294600,a4hm1odo4MSV4R0d9ewEldSbJijp4+evpgFb/06s8a0D9/8j7Jtzl6C7ojH/Oxa6,8.921474,21.109901,14.721611
294900,a4hm1odo4MSV4R0d9ewEldSbJijp4+evpgFb/06s8a0D9/8j7Jtzl6C7ojH/Oxa6,8.906785000000001,19.085827,15.220223999999998
295200,a4hm1odo4MSV4R0d9ewEldSbJijp4+evpgFb/06s8a0D9/8j7Jtzl6C7ojH/Oxa6,8.996212,20.146964,14.887022
295500,a4hm1odo4MSV4R0d9ewEldSbJijp4+evpgFb/06s8a0D9/8j7Jtzl6C7ojH/Oxa6,9.173197,20.135112,15.115720999999999
295800,a4hm1odo4MSV4R0d9ewEldSbJijp4+evpgFb/06s8a0D9/8j7Jtzl6C7ojH/Oxa6,8.409044999999999,20.918519,14.216123000000001
296100,a4hm1odo4MSV4R0d9ewEldSbJijp4+evpgFb/06s8a0D9/8j7Jtzl6C7ojH/Oxa6,6.176403,20.405519,14.763617000000002
296400,a4hm1odo4MSV4R0d9ewEldSbJijp4+evpgFb/06s8a0D9/8j7Jtzl6C7ojH/Oxa6,9.330789999999999,19.999571,15.201659
296700,a4hm1odo4MSV4R0d9ewEldSbJijp4+evpgFb/06s8a0D9/8j7Jtzl6C7ojH/Oxa6,9.127161,21.586433,14.728279999999998
297000,a4hm1odo4MSV4R0d9ewEldSbJijp4+evpgFb/06s8a0D9/8j7Jtzl6C7ojH/Oxa6,9.133444,20.181371,15.431566
297300,a4hm1odo4MSV4R0d9ewEldSbJijp4+evpgFb/06s8a0D9/8j7Jtzl6C7ojH/Oxa6,6.635658,22.77465,14.851188
297600,a4hm1odo4MSV4R0d9ewEldSbJijp4+evpgFb/06s8a0D9/8j7Jtzl6C7ojH/Oxa6,8.046528,19.899720000000002,15.0232
297900,a4hm1odo4MSV4R0d9ewEldSbJijp4+evpgFb/06s8a0D9/8j7Jtzl6C7ojH/Oxa6,6.341092,22.212637,14.72874
298200,a4hm1odo4MSV4R0d9ewEldSbJijp4+evpgFb/06s8a0D9/8j7Jtzl6C7ojH/Oxa6,9.925052,20.304668,14.878126000000002
298500,a4hm1odo4MSV4R0d9ewEldSbJijp4+evpgFb/06s8a0D9/8j7Jtzl6C7ojH/Oxa6,9.421424,20.621914999999998,15.237672
298800,a4hm1odo4MSV4R0d9ewEldSbJijp4+evpgFb/06s8a0D9/8j7Jtzl6C7ojH/Oxa6,8.525571000000001,20.437331,15.500654
299100,a4hm1odo4MSV4R0d9ewEldSbJijp4+evpgFb/06s8a0D9/8j7Jtzl6C7ojH/Oxa6,10.263791000000001,33.092467,16.387499
299400,a4hm1odo4MSV4R0d9ewEldSbJijp4+evpgFb/06s8a0D9/8j7Jtzl6C7ojH/Oxa6,8.099257000000001,20.974748,14.504370000000002
299700,a4hm1odo4MSV4R0d9ewEldSbJijp4+evpgFb/06s8a0D9/8j7Jtzl6C7ojH/Oxa6,8.688099000000001,17.908592000000002,15.069710999999998
300000,a4hm1odo4MSV4R0d9ewEldSbJijp4+evpgFb/06s8a0D9/8j7Jtzl6C7ojH/Oxa6,8.809339999999999,20.678905,14.759834
300300,a4hm1odo4MSV4R0d9ewEldSbJijp4+evpgFb/06s8a0D9/8j7Jtzl6C7ojH/Oxa6,8.902599,28.308049,16.107266
300600,a4hm1odo4MSV4R0d9ewEldSbJijp4+evpgFb/06s8a0D9/8j7Jtzl6C7ojH/Oxa6,7.6704300000000005,19.992045,14.411492
300900,a4hm1odo4MSV4R0d9ewEldSbJijp4+evpgFb/06s8a0D9/8j7Jtzl6C7ojH/Oxa6,8.589994,20.815668,15.011705
301200,a4hm1odo4MSV4R0d9ewEldSbJijp4+evpgFb/06s8a0D9/8j7Jtzl6C7ojH/Oxa6,9.289016,20.558393,13.805976999999999
301500,a4hm1odo4MSV4R0d9ewEldSbJijp4+evpgFb/06s8a0D9/8j7Jtzl6C7ojH/Oxa6,9.715626,18.291085,15.122701999999999
301800,a4hm1odo4MSV4R0d9ewEldSbJijp4+evpgFb/06s8a0D9/8j7Jtzl6C7ojH/Oxa6,9.05618,20.046229,15.081601000000001
302100,a4hm1odo4MSV4R0d9ewEldSbJijp4+evpgFb/06s8a0D9/8j7Jtzl6C7ojH/Oxa6,7.5282729999999995,21.538394,14.650223
302400,a4hm1odo4MSV4R0d9ewEldSbJijp4+evpgFb/06s8a0D9/8j7Jtzl6C7ojH/Oxa6,8.085421,21.154936,15.054329000000001
302700,a4hm1odo4MSV4R0d9ewEldSbJijp4+evpgFb/06s8a0D9/8j7Jtzl6C7ojH/Oxa6,9.095829,20.250531,15.017028
303000,a4hm1odo4MSV4R0d9ewEldSbJijp4+evpgFb/06s8a0D9/8j7Jtzl6C7ojH/Oxa6,9.294246000000001,21.047981,15.00518
303300,a4hm1odo4MSV4R0d9ewEldSbJijp4+evpgFb/06s8a0D9/8j7Jtzl6C7ojH/Oxa6,6.477051,18.913608,13.595698
303600,a4hm1odo4MSV4R0d9ewEldSbJijp4+evpgFb/06s8a0D9/8j7Jtzl6C7ojH/Oxa6,8.46787,21.527219,15.152257999999998
303900,a4hm1odo4MSV4R0d9ewEldSbJijp4+evpgFb/06s8a0D9/8j7Jtzl6C7ojH/Oxa6,6.932306,21.502976,14.5858
304200,a4hm1odo4MSV4R0d9ewEldSbJijp4+evpgFb/06s8a0D9/8j7Jtzl6C7ojH/Oxa6,8.947538,20.815072,14.707514000000002
304500,a4hm1odo4MSV4R0d9ewEldSbJijp4+evpgFb/06s8a0D9/8j7Jtzl6C7ojH/Oxa6,9.601585,19.902372,14.548254
304800,a4hm1odo4MSV4R0d9ewEldSbJijp4+evpgFb/06s8a0D9/8j7Jtzl6C7ojH/Oxa6,6.700411999999999,19.109959,14.275348999999999
305100,a4hm1odo4MSV4R0d9ewEldSbJijp4+evpgFb/06s8a0D9/8j7Jtzl6C7ojH/Oxa6,8.933368,19.932498000000002,14.341585999999998
305400,a4hm1odo4MSV4R0d9ewEldSbJijp4+evpgFb/06s8a0D9/8j7Jtzl6C7ojH/Oxa6,8.974012,21.606197,14.894889000000001
305700,a4hm1odo4MSV4R0d9ewEldSbJijp4+evpgFb/06s8a0D9/8j7Jtzl6C7ojH/Oxa6,9.347038000000001,19.119932000000002,14.586143
306000,a4hm1odo4MSV4R0d9ewEldSbJijp4+evpgFb/06s8a0D9/8j7Jtzl6C7ojH/Oxa6,9.685961,18.738526,14.811058
306300,a4hm1odo4MSV4R0d9ewEldSbJijp4+evpgFb/06s8a0D9/8j7Jtzl6C7ojH/Oxa6,8.858788,18.583638,15.300467999999999
306600,a4hm1odo4MSV4R0d9ewEldSbJijp4+evpgFb/06s8a0D9/8j7Jtzl6C7ojH/Oxa6,9.140772,20.370909,14.631351
306900,a4hm1odo4MSV4R0d9ewEldSbJijp4+evpgFb/06s8a0D9/8j7Jtzl6C7ojH/Oxa6,9.798119999999999,20.590310000000002,15.168254999999998
307200,a4hm1odo4MSV4R0d9ewEldSbJijp4+evpgFb/06s8a0D9/8j7Jtzl6C7ojH/Oxa6,7.034225999999999,21.792405,14.46928
307500,a4hm1odo4MSV4R0d9ewEldSbJijp4+evpgFb/06s8a0D9/8j7Jtzl6C7ojH/Oxa6,7.9501740000000005,20.9106,15.196886
307800,a4hm1odo4MSV4R0d9ewEldSbJijp4+evpgFb/06s8a0D9/8j7Jtzl6C7ojH/Oxa6,8.90749,21.522782,15.229503
308100,a4hm1odo4MSV4R0d9ewEldSbJijp4+evpgFb/06s8a0D9/8j7Jtzl6C7ojH/Oxa6,11.11857,18.185011,15.359348
308400,a4hm1odo4MSV4R0d9ewEldSbJijp4+evpgFb/06s8a0D9/8j7Jtzl6C7ojH/Oxa6,9.192943,18.812877,14.464993
308700,a4hm1odo4MSV4R0d9ewEldSbJijp4+evpgFb/06s8a0D9/8j7Jtzl6C7ojH/Oxa6,8.706930999999999,23.564611,15.839344
309000,a4hm1odo4MSV4R0d9ewEldSbJijp4+evpgFb/06s8a0D9/8j7Jtzl6C7ojH/Oxa6,8.581889,21.760759,14.834211999999999
309300,a4hm1odo4MSV4R0d9ewEldSbJijp4+evpgFb/06s8a0D9/8j7Jtzl6C7ojH/Oxa6,8.739262,20.435283,14.696492000000001
309600,a4hm1odo4MSV4R0d9ewEldSbJijp4+evpgFb/06s8a0D9/8j7Jtzl6C7ojH/Oxa6,8.255734,20.419121,14.982577
309900,a4hm1odo4MSV4R0d9ewEldSbJijp4+evpgFb/06s8a0D9/8j7Jtzl6C7ojH/Oxa6,6.079783,20.52972,15.147618
310200,a4hm1odo4MSV4R0d9ewEldSbJijp4+evpgFb/06s8a0D9/8j7Jtzl6C7ojH/Oxa6,8.465183,19.613649,14.657589000000002
310500,a4hm1odo4MSV4R0d9ewEldSbJijp4+evpgFb/06s8a0D9/8j7Jtzl6C7ojH/Oxa6,9.753521000000001,19.903495,15.40189
310800,a4hm1odo4MSV4R0d9ewEldSbJijp4+evpgFb/06s8a0D9/8j7Jtzl6C7ojH/Oxa6,8.642455,19.46792,13.519571
311100,a4hm1odo4MSV4R0d9ewEldSbJijp4+evpgFb/06s8a0D9/8j7Jtzl6C7ojH/Oxa6,9.394838,19.795893,15.138152
311400,a4hm1odo4MSV4R0d9ewEldSbJijp4+evpgFb/06s8a0D9/8j7Jtzl6C7ojH/Oxa6,10.643358000000001,18.90186,14.850873000000002
311700,a4hm1odo4MSV4R0d9ewEldSbJijp4+evpgFb/06s8a0D9/8j7Jtzl6C7ojH/Oxa6,8.257492999999998,22.043773,14.859497
312000,a4hm1odo4MSV4R0d9ewEldSbJijp4+evpgFb/06s8a0D9/8j7Jtzl6C7ojH/Oxa6,10.096729,18.935192,14.413159
312300,a4hm1odo4MSV4R0d9ewEldSbJijp4+evpgFb/06s8a0D9/8j7Jtzl6C7ojH/Oxa6,8.686596,22.110544,14.95289
312600,a4hm1odo4MSV4R0d9ewEldSbJijp4+evpgFb/06s8a0D9/8j7Jtzl6C7ojH/Oxa6,9.399522,20.420852,14.947894
312900,a4hm1odo4MSV4R0d9ewEldSbJijp4+evpgFb/06s8a0D9/8j7Jtzl6C7ojH/Oxa6,8.731494999999999,20.890431,14.477595
313200,a4hm1odo4MSV4R0d9ewEldSbJijp4+evpgFb/06s8a0D9/8j7Jtzl6C7ojH/Oxa6,9.38221,20.015051,14.778766000000001
313500,a4hm1odo4MSV4R0d9ewEldSbJijp4+evpgFb/06s8a0D9/8j7Jtzl6C7ojH/Oxa6,9.592442,22.658402,15.546288
313800,a4hm1odo4MSV4R0d9ewEldSbJijp4+evpgFb/06s8a0D9/8j7Jtzl6C7ojH/Oxa6,8.489399,22.27812,15.258407
314100,a4hm1odo4MSV4R0d9ewEldSbJijp4+evpgFb/06s8a0D9/8j7Jtzl6C7ojH/Oxa6,8.450762,21.161356,15.274114
314400,a4hm1odo4MSV4R0d9ewEldSbJijp4+evpgFb/06s8a0D9/8j7Jtzl6C7ojH/Oxa6,7.345442,20.546151000000002,14.808203
314700,a4hm1odo4MSV4R0d9ewEldSbJijp4+evpgFb/06s8a0D9/8j7Jtzl6C7ojH/Oxa6,6.995794999999999,19.469321,13.917644000000001
315000,a4hm1odo4MSV4R0d9ewEldSbJijp4+evpgFb/06s8a0D9/8j7Jtzl6C7ojH/Oxa6,9.061181,23.781537,15.333945000000002
315300,a4hm1odo4MSV4R0d9ewEldSbJijp4+evpgFb/06s8a0D9/8j7Jtzl6C7ojH/Oxa6,10.281191999999999,19.309194,15.417917000000001
315600,a4hm1odo4MSV4R0d9ewEldSbJijp4+evpgFb/06s8a0D9/8j7Jtzl6C7ojH/Oxa6,8.972836000000001,20.022092999999998,14.535753
315900,a4hm1odo4MSV4R0d9ewEldSbJijp4+evpgFb/06s8a0D9/8j7Jtzl6C7ojH/Oxa6,8.961606,19.88758,14.580960999999999
316200,a4hm1odo4MSV4R0d9ewEldSbJijp4+evpgFb/06s8a0D9/8j7Jtzl6C7ojH/Oxa6,8.62049,20.916439999999998,15.073078
316500,a4hm1odo4MSV4R0d9ewEldSbJijp4+evpgFb/06s8a0D9/8j7Jtzl6C7ojH/Oxa6,8.585474000000001,21.872694,15.175641
316800,a4hm1odo4MSV4R0d9ewEldSbJijp4+evpgFb/06s8a0D9/8j7Jtzl6C7ojH/Oxa6,6.91621,20.473395,14.916073
317100,a4hm1odo4MSV4R0d9ewEldSbJijp4+evpgFb/06s8a0D9/8j7Jtzl6C7ojH/Oxa6,9.843191000000001,20.678898,15.091801
317400,a4hm1odo4MSV4R0d9ewEldSbJijp4+evpgFb/06s8a0D9/8j7Jtzl6C7ojH/Oxa6,7.959658999999999,21.075898000000002,15.458321
317700,a4hm1odo4MSV4R0d9ewEldSbJijp4+evpgFb/06s8a0D9/8j7Jtzl6C7ojH/Oxa6,7.977208999999999,20.999661,15.153976
318000,a4hm1odo4MSV4R0d9ewEldSbJijp4+evpgFb/06s8a0D9/8j7Jtzl6C7ojH/Oxa6,7.900645,21.560107000000002,15.470339000000001
318300,a4hm1odo4MSV4R0d9ewEldSbJijp4+evpgFb/06s8a0D9/8j7Jtzl6C7ojH/Oxa6,7.125487,21.142732000000002,13.985589000000001
318600,a4hm1odo4MSV4R0d9ewEldSbJijp4+evpgFb/06s8a0D9/8j7Jtzl6C7ojH/Oxa6,28.102110999999997,71.971211,51.195507
318900,a4hm1odo4MSV4R0d9ewEldSbJijp4+evpgFb/06s8a0D9/8j7Jtzl6C7ojH/Oxa6,44.481177,67.164295,55.377751
319200,a4hm1odo4MSV4R0d9ewEldSbJijp4+evpgFb/06s8a0D9/8j7Jtzl6C7ojH/Oxa6,49.059929,66.26469499999999,57.066331999999996
319500,a4hm1odo4MSV4R0d9ewEldSbJijp4+evpgFb/06s8a0D9/8j7Jtzl6C7ojH/Oxa6,38.049312,76.42540600000001,57.033829000000004
319800,a4hm1odo4MSV4R0d9ewEldSbJijp4+evpgFb/06s8a0D9/8j7Jtzl6C7ojH/Oxa6,36.038762,75.946533,48.902223
320100,a4hm1odo4MSV4R0d9ewEldSbJijp4+evpgFb/06s8a0D9/8j7Jtzl6C7ojH/Oxa6,19.171919,98.238522,55.681652
320400,a4hm1odo4MSV4R0d9ewEldSbJijp4+evpgFb/06s8a0D9/8j7Jtzl6C7ojH/Oxa6,38.200241,78.492356,58.070288
320700,a4hm1odo4MSV4R0d9ewEldSbJijp4+evpgFb/06s8a0D9/8j7Jtzl6C7ojH/Oxa6,42.284348,72.43194,58.005134999999996
321000,a4hm1odo4MSV4R0d9ewEldSbJijp4+evpgFb/06s8a0D9/8j7Jtzl6C7ojH/Oxa6,15.916359,97.878225,58.393831000000006
321300,a4hm1odo4MSV4R0d9ewEldSbJijp4+evpgFb/06s8a0D9/8j7Jtzl6C7ojH/Oxa6,42.331234,76.69888,58.06848299999999
321600,a4hm1odo4MSV4R0d9ewEldSbJijp4+evpgFb/06s8a0D9/8j7Jtzl6C7ojH/Oxa6,33.892964,73.088913,55.641971999999996
321900,a4hm1odo4MSV4R0d9ewEldSbJijp4+evpgFb/06s8a0D9/8j7Jtzl6C7ojH/Oxa6,34.571798,83.909086,55.481598
322200,a4hm1odo4MSV4R0d9ewEldSbJijp4+evpgFb/06s8a0D9/8j7Jtzl6C7ojH/Oxa6,26.470844,84.89385,56.702879
322500,a4hm1odo4MSV4R0d9ewEldSbJijp4+evpgFb/06s8a0D9/8j7Jtzl6C7ojH/Oxa6,35.216814,80.60560799999999,55.762485
322800,a4hm1odo4MSV4R0d9ewEldSbJijp4+evpgFb/06s8a0D9/8j7Jtzl6C7ojH/Oxa6,28.488296999999996,65.458857,47.320811
323100,a4hm1odo4MSV4R0d9ewEldSbJijp4+evpgFb/06s8a0D9/8j7Jtzl6C7ojH/Oxa6,39.242975,78.172388,58.246047999999995
323400,a4hm1odo4MSV4R0d9ewEldSbJijp4+evpgFb/06s8a0D9/8j7Jtzl6C7ojH/Oxa6,19.569379,98.23098,58.362767000000005
323700,a4hm1odo4MSV4R0d9ewEldSbJijp4+evpgFb/06s8a0D9/8j7Jtzl6C7ojH/Oxa6,25.658003,82.794033,57.747241
324000,a4hm1odo4MSV4R0d9ewEldSbJijp4+evpgFb/06s8a0D9/8j7Jtzl6C7ojH/Oxa6,10.331841,18.810145000000002,14.994396
324300,a4hm1odo4MSV4R0d9ewEldSbJijp4+evpgFb/06s8a0D9/8j7Jtzl6C7ojH/Oxa6,6.9958089999999995,21.440876,15.014456
324600,a4hm1odo4MSV4R0d9ewEldSbJijp4+evpgFb/06s8a0D9/8j7Jtzl6C7ojH/Oxa6,9.23231,19.675767999999998,14.789041000000001
324900,a4hm1odo4MSV4R0d9ewEldSbJijp4+evpgFb/06s8a0D9/8j7Jtzl6C7ojH/Oxa6,9.697922,19.568455,14.772572
325200,a4hm1odo4MSV4R0d9ewEldSbJijp4+evpgFb/06s8a0D9/8j7Jtzl6C7ojH/Oxa6,9.010414,20.568361,15.09392
325500,a4hm1odo4MSV4R0d9ewEldSbJijp4+evpgFb/06s8a0D9/8j7Jtzl6C7ojH/Oxa6,8.775071,21.262667999999998,14.982779999999998
325800,a4hm1odo4MSV4R0d9ewEldSbJijp4+evpgFb/06s8a0D9/8j7Jtzl6C7ojH/Oxa6,9.465799,20.567053,14.623589
326100,a4hm1odo4MSV4R0d9ewEldSbJijp4+evpgFb/06s8a0D9/8j7Jtzl6C7ojH/Oxa6,8.95401,20.314341,14.593195000000001
326400,a4hm1odo4MSV4R0d9ewEldSbJijp4+evpgFb/06s8a0D9/8j7Jtzl6C7ojH/Oxa6,9.493115,18.312917000000002,14.485165
326700,a4hm1odo4MSV4R0d9ewEldSbJijp4+evpgFb/06s8a0D9/8j7Jtzl6C7ojH/Oxa6,8.898995,20.228929,14.870176
327000,a4hm1odo4MSV4R0d9ewEldSbJijp4+evpgFb/06s8a0D9/8j7Jtzl6C7ojH/Oxa6,8.420107000000002,24.820232999999998,15.343573000000001
327300,a4hm1odo4MSV4R0d9ewEldSbJijp4+evpgFb/06s8a0D9/8j7Jtzl6C7ojH/Oxa6,8.757214999999999,20.054861,15.122626
327600,a4hm1odo4MSV4R0d9ewEldSbJijp4+evpgFb/06s8a0D9/8j7Jtzl6C7ojH/Oxa6,11.066535,18.914405,14.631808
327900,a4hm1odo4MSV4R0d9ewEldSbJijp4+evpgFb/06s8a0D9/8j7Jtzl6C7ojH/Oxa6,9.702568,21.508276000000002,15.466079
328200,a4hm1odo4MSV4R0d9ewEldSbJijp4+evpgFb/06s8a0D9/8j7Jtzl6C7ojH/Oxa6,8.043159,20.421592,14.829497
328500,a4hm1odo4MSV4R0d9ewEldSbJijp4+evpgFb/06s8a0D9/8j7Jtzl6C7ojH/Oxa6,10.034799000000001,19.139264999999998,14.828634
328800,a4hm1odo4MSV4R0d9ewEldSbJijp4+evpgFb/06s8a0D9/8j7Jtzl6C7ojH/Oxa6,9.947548,21.011223,15.070129000000001
329100,a4hm1odo4MSV4R0d9ewEldSbJijp4+evpgFb/06s8a0D9/8j7Jtzl6C7ojH/Oxa6,8.057222,21.623234,14.594617000000001
329400,a4hm1odo4MSV4R0d9ewEldSbJijp4+evpgFb/06s8a0D9/8j7Jtzl6C7ojH/Oxa6,8.60084,21.867534,15.523179999999998
329700,a4hm1odo4MSV4R0d9ewEldSbJijp4+evpgFb/06s8a0D9/8j7Jtzl6C7ojH/Oxa6,10.034557000000001,17.986241,13.778863000000001
330000,a4hm1odo4MSV4R0d9ewEldSbJijp4+evpgFb/06s8a0D9/8j7Jtzl6C7ojH/Oxa6,9.182697000000001,19.732468,14.724776
330300,a4hm1odo4MSV4R0d9ewEldSbJijp4+evpgFb/06s8a0D9/8j7Jtzl6C7ojH/Oxa6,9.359506,20.635133,14.663784
330600,a4hm1odo4MSV4R0d9ewEldSbJijp4+evpgFb/06s8a0D9/8j7Jtzl6C7ojH/Oxa6,8.904496,19.441292999999998,15.079906
330900,a4hm1odo4MSV4R0d9ewEldSbJijp4+evpgFb/06s8a0D9/8j7Jtzl6C7ojH/Oxa6,9.625958,21.985134,14.893598
331200,a4hm1odo4MSV4R0d9ewEldSbJijp4+evpgFb/06s8a0D9/8j7Jtzl6C7ojH/Oxa6,9.481831,19.263714999999998,15.181212
331500,a4hm1odo4MSV4R0d9ewEldSbJijp4+evpgFb/06s8a0D9/8j7Jtzl6C7ojH/Oxa6,8.695488000000001,20.94414,15.523042000000002
331800,a4hm1odo4MSV4R0d9ewEldSbJijp4+evpgFb/06s8a0D9/8j7Jtzl6C7ojH/Oxa6,7.851260000000001,19.943082,14.268826
332100,a4hm1odo4MSV4R0d9ewEldSbJijp4+evpgFb/06s8a0D9/8j7Jtzl6C7ojH/Oxa6,8.670188000000001,20.982565,14.923110999999999
332400,a4hm1odo4MSV4R0d9ewEldSbJijp4+evpgFb/06s8a0D9/8j7Jtzl6C7ojH/Oxa6,8.581528,21.610184,15.207846
332700,a4hm1odo4MSV4R0d9ewEldSbJijp4+evpgFb/06s8a0D9/8j7Jtzl6C7ojH/Oxa6,10.390749000000001,18.694208,14.898807000000001
333000,a4hm1odo4MSV4R0d9ewEldSbJijp4+evpgFb/06s8a0D9/8j7Jtzl6C7ojH/Oxa6,8.771322999999999,20.337914,14.558610999999999
333300,a4hm1odo4MSV4R0d9ewEldSbJijp4+evpgFb/06s8a0D9/8j7Jtzl6C7ojH/Oxa6,11.352628,18.182639,15.080175
333600,a4hm1odo4MSV4R0d9ewEldSbJijp4+evpgFb/06s8a0D9/8j7Jtzl6C7ojH/Oxa6,8.28243,19.186704000000002,13.324152
333900,a4hm1odo4MSV4R0d9ewEldSbJijp4+evpgFb/06s8a0D9/8j7Jtzl6C7ojH/Oxa6,8.691319,21.160216000000002,14.534957
334200,a4hm1odo4MSV4R0d9ewEldSbJijp4+evpgFb/06s8a0D9/8j7Jtzl6C7ojH/Oxa6,7.354058,21.900701,14.977862
334500,a4hm1odo4MSV4R0d9ewEldSbJijp4+evpgFb/06s8a0D9/8j7Jtzl6C7ojH/Oxa6,8.35052,36.522255,18.167704999999998
334800,a4hm1odo4MSV4R0d9ewEldSbJijp4+evpgFb/06s8a0D9/8j7Jtzl6C7ojH/Oxa6,9.249628,20.700077,15.268275
335100,a4hm1odo4MSV4R0d9ewEldSbJijp4+evpgFb/06s8a0D9/8j7Jtzl6C7ojH/Oxa6,9.230436,20.136761,15.499917000000002
335400,a4hm1odo4MSV4R0d9ewEldSbJijp4+evpgFb/06s8a0D9/8j7Jtzl6C7ojH/Oxa6,9.177652,21.397660000000002,15.369122
335700,a4hm1odo4MSV4R0d9ewEldSbJijp4+evpgFb/06s8a0D9/8j7Jtzl6C7ojH/Oxa6,9.658884,30.838127000000004,16.723912
336000,a4hm1odo4MSV4R0d9ewEldSbJijp4+evpgFb/06s8a0D9/8j7Jtzl6C7ojH/Oxa6,9.547728999999999,22.118646,15.780889000000002
336300,a4hm1odo4MSV4R0d9ewEldSbJijp4+evpgFb/06s8a0D9/8j7Jtzl6C7ojH/Oxa6,9.512564999999999,20.2485,15.238256
336600,a4hm1odo4MSV4R0d9ewEldSbJijp4+evpgFb/06s8a0D9/8j7Jtzl6C7ojH/Oxa6,8.606977,20.258642000000002,15.423754999999998
336900,a4hm1odo4MSV4R0d9ewEldSbJijp4+evpgFb/06s8a0D9/8j7Jtzl6C7ojH/Oxa6,10.306941,20.00038,15.105873
337200,a4hm1odo4MSV4R0d9ewEldSbJijp4+evpgFb/06s8a0D9/8j7Jtzl6C7ojH/Oxa6,6.704907,19.354814,13.052188000000001
337500,a4hm1odo4MSV4R0d9ewEldSbJijp4+evpgFb/06s8a0D9/8j7Jtzl6C7ojH/Oxa6,7.83741,20.768936,14.487810000000001
337800,a4hm1odo4MSV4R0d9ewEldSbJijp4+evpgFb/06s8a0D9/8j7Jtzl6C7ojH/Oxa6,8.114014,18.238637,14.199704
338100,a4hm1odo4MSV4R0d9ewEldSbJijp4+evpgFb/06s8a0D9/8j7Jtzl6C7ojH/Oxa6,8.272916,20.131641000000002,14.647839999999999
338400,a4hm1odo4MSV4R0d9ewEldSbJijp4+evpgFb/06s8a0D9/8j7Jtzl6C7ojH/Oxa6,7.056050999999999,21.477209,15.047001000000002
338700,a4hm1odo4MSV4R0d9ewEldSbJijp4+evpgFb/06s8a0D9/8j7Jtzl6C7ojH/Oxa6,10.073839,21.514608,16.100448
339000,a4hm1odo4MSV4R0d9ewEldSbJijp4+evpgFb/06s8a0D9/8j7Jtzl6C7ojH/Oxa6,8.233599,22.401870000000002,15.188598999999998
339300,a4hm1odo4MSV4R0d9ewEldSbJijp4+evpgFb/06s8a0D9/8j7Jtzl6C7ojH/Oxa6,11.803195,19.511326,15.825542
339600,a4hm1odo4MSV4R0d9ewEldSbJijp4+evpgFb/06s8a0D9/8j7Jtzl6C7ojH/Oxa6,7.805038000000001,21.374976999999998,14.966494
339900,a4hm1odo4MSV4R0d9ewEldSbJijp4+evpgFb/06s8a0D9/8j7Jtzl6C7ojH/Oxa6,7.340897999999999,19.390024,13.665287
340200,a4hm1odo4MSV4R0d9ewEldSbJijp4+evpgFb/06s8a0D9/8j7Jtzl6C7ojH/Oxa6,6.976702,21.809716,14.128395000000001
340500,a4hm1odo4MSV4R0d9ewEldSbJijp4+evpgFb/06s8a0D9/8j7Jtzl6C7ojH/Oxa6,7.686478,20.43383,14.292081
340800,a4hm1odo4MSV4R0d9ewEldSbJijp4+evpgFb/06s8a0D9/8j7Jtzl6C7ojH/Oxa6,9.23477,17.934412,15.103042000000002
341100,a4hm1odo4MSV4R0d9ewEldSbJijp4+evpgFb/06s8a0D9/8j7Jtzl6C7ojH/Oxa6,8.021428,19.102021,14.037981
341400,a4hm1odo4MSV4R0d9ewEldSbJijp4+evpgFb/06s8a0D9/8j7Jtzl6C7ojH/Oxa6,8.551061,21.909365,15.560417000000001
341700,a4hm1odo4MSV4R0d9ewEldSbJijp4+evpgFb/06s8a0D9/8j7Jtzl6C7ojH/Oxa6,7.7748610000000005,20.059025,14.784131
342000,a4hm1odo4MSV4R0d9ewEldSbJijp4+evpgFb/06s8a0D9/8j7Jtzl6C7ojH/Oxa6,9.122507,20.183703,14.68186
342300,a4hm1odo4MSV4R0d9ewEldSbJijp4+evpgFb/06s8a0D9/8j7Jtzl6C7ojH/Oxa6,9.487575,21.208136,15.448279999999999
342600,a4hm1odo4MSV4R0d9ewEldSbJijp4+evpgFb/06s8a0D9/8j7Jtzl6C7ojH/Oxa6,9.718292,20.921104999999997,15.136079999999998
342900,a4hm1odo4MSV4R0d9ewEldSbJijp4+evpgFb/06s8a0D9/8j7Jtzl6C7ojH/Oxa6,8.870244,21.528942,15.386624
343200,a4hm1odo4MSV4R0d9ewEldSbJijp4+evpgFb/06s8a0D9/8j7Jtzl6C7ojH/Oxa6,8.909055,19.05207,14.928339999999999
343500,a4hm1odo4MSV4R0d9ewEldSbJijp4+evpgFb/06s8a0D9/8j7Jtzl6C7ojH/Oxa6,9.145875,20.106475,13.704583999999999
343800,a4hm1odo4MSV4R0d9ewEldSbJijp4+evpgFb/06s8a0D9/8j7Jtzl6C7ojH/Oxa6,10.132008,21.337324,15.042679000000001
344100,a4hm1odo4MSV4R0d9ewEldSbJijp4+evpgFb/06s8a0D9/8j7Jtzl6C7ojH/Oxa6,10.008189,21.280144,15.595756
344400,a4hm1odo4MSV4R0d9ewEldSbJijp4+evpgFb/06s8a0D9/8j7Jtzl6C7ojH/Oxa6,8.899566,20.816365,14.571175
344700,a4hm1odo4MSV4R0d9ewEldSbJijp4+evpgFb/06s8a0D9/8j7Jtzl6C7ojH/Oxa6,9.013086,20.840709,14.978529
345000,a4hm1odo4MSV4R0d9ewEldSbJijp4+evpgFb/06s8a0D9/8j7Jtzl6C7ojH/Oxa6,7.581805999999999,19.562742999999998,14.496082999999999
345300,a4hm1odo4MSV4R0d9ewEldSbJijp4+evpgFb/06s8a0D9/8j7Jtzl6C7ojH/Oxa6,10.236542,20.957895999999998,15.549381
345600,a4hm1odo4MSV4R0d9ewEldSbJijp4+evpgFb/06s8a0D9/8j7Jtzl6C7ojH/Oxa6,9.180997,20.202725,15.664035
345900,a4hm1odo4MSV4R0d9ewEldSbJijp4+evpgFb/06s8a0D9/8j7Jtzl6C7ojH/Oxa6,8.853361999999999,21.899493,15.799138000000001
346200,a4hm1odo4MSV4R0d9ewEldSbJijp4+evpgFb/06s8a0D9/8j7Jtzl6C7ojH/Oxa6,9.178322999999999,20.87716,15.470703
346500,a4hm1odo4MSV4R0d9ewEldSbJijp4+evpgFb/06s8a0D9/8j7Jtzl6C7ojH/Oxa6,13.047246000000001,18.955161,15.701644
346800,a4hm1odo4MSV4R0d9ewEldSbJijp4+evpgFb/06s8a0D9/8j7Jtzl6C7ojH/Oxa6,8.634109,22.598886,16.010209
347100,a4hm1odo4MSV4R0d9ewEldSbJijp4+evpgFb/06s8a0D9/8j7Jtzl6C7ojH/Oxa6,9.123366,20.621684,14.953481
347400,a4hm1odo4MSV4R0d9ewEldSbJijp4+evpgFb/06s8a0D9/8j7Jtzl6C7ojH/Oxa6,9.235489,22.070328,15.852715
347700,a4hm1odo4MSV4R0d9ewEldSbJijp4+evpgFb/06s8a0D9/8j7Jtzl6C7ojH/Oxa6,8.005846,22.235676,15.246309
348000,a4hm1odo4MSV4R0d9ewEldSbJijp4+evpgFb/06s8a0D9/8j7Jtzl6C7ojH/Oxa6,10.661634,19.102722,15.473841
348300,a4hm1odo4MSV4R0d9ewEldSbJijp4+evpgFb/06s8a0D9/8j7Jtzl6C7ojH/Oxa6,12.681245,17.977845000000002,15.598726999999998
348600,a4hm1odo4MSV4R0d9ewEldSbJijp4+evpgFb/06s8a0D9/8j7Jtzl6C7ojH/Oxa6,8.754004,22.514283,14.943508
348900,a4hm1odo4MSV4R0d9ewEldSbJijp4+evpgFb/06s8a0D9/8j7Jtzl6C7ojH/Oxa6,11.557375,19.522189,15.965193
349200,a4hm1odo4MSV4R0d9ewEldSbJijp4+evpgFb/06s8a0D9/8j7Jtzl6C7ojH/Oxa6,8.393142999999998,22.90864,15.635376
349500,a4hm1odo4MSV4R0d9ewEldSbJijp4+evpgFb/06s8a0D9/8j7Jtzl6C7ojH/Oxa6,9.068942,21.340460999999998,15.599703
349800,a4hm1odo4MSV4R0d9ewEldSbJijp4+evpgFb/06s8a0D9/8j7Jtzl6C7ojH/Oxa6,7.978878,21.646303,15.562911999999999
350100,a4hm1odo4MSV4R0d9ewEldSbJijp4+evpgFb/06s8a0D9/8j7Jtzl6C7ojH/Oxa6,9.367544,22.925254000000002,16.143061
350400,a4hm1odo4MSV4R0d9ewEldSbJijp4+evpgFb/06s8a0D9/8j7Jtzl6C7ojH/Oxa6,9.919901,26.644751,16.798881
350700,a4hm1odo4MSV4R0d9ewEldSbJijp4+evpgFb/06s8a0D9/8j7Jtzl6C7ojH/Oxa6,8.907535000000001,22.340920999999998,15.748778
351000,a4hm1odo4MSV4R0d9ewEldSbJijp4+evpgFb/06s8a0D9/8j7Jtzl6C7ojH/Oxa6,9.535308,21.938098,15.973748
351300,a4hm1odo4MSV4R0d9ewEldSbJijp4+evpgFb/06s8a0D9/8j7Jtzl6C7ojH/Oxa6,10.640008,20.688933,15.649791
351600,a4hm1odo4MSV4R0d9ewEldSbJijp4+evpgFb/06s8a0D9/8j7Jtzl6C7ojH/Oxa6,9.541464999999999,20.449676,15.505757999999998
351900,a4hm1odo4MSV4R0d9ewEldSbJijp4+evpgFb/06s8a0D9/8j7Jtzl6C7ojH/Oxa6,9.146386999999999,21.322058,15.418264
352200,a4hm1odo4MSV4R0d9ewEldSbJijp4+evpgFb/06s8a0D9/8j7Jtzl6C7ojH/Oxa6,9.014662,20.145878,15.134598
352500,a4hm1odo4MSV4R0d9ewEldSbJijp4+evpgFb/06s8a0D9/8j7Jtzl6C7ojH/Oxa6,6.653775,22.203837,14.427914000000001
352800,a4hm1odo4MSV4R0d9ewEldSbJijp4+evpgFb/06s8a0D9/8j7Jtzl6C7ojH/Oxa6,9.91868,22.162689999999998,16.035237
353100,a4hm1odo4MSV4R0d9ewEldSbJijp4+evpgFb/06s8a0D9/8j7Jtzl6C7ojH/Oxa6,8.8459,22.984532,15.845760999999998
353400,a4hm1odo4MSV4R0d9ewEldSbJijp4+evpgFb/06s8a0D9/8j7Jtzl6C7ojH/Oxa6,9.822436,21.460475,15.522828
353700,a4hm1odo4MSV4R0d9ewEldSbJijp4+evpgFb/06s8a0D9/8j7Jtzl6C7ojH/Oxa6,9.675057,22.04553,16.313848
354000,a4hm1odo4MSV4R0d9ewEldSbJijp4+evpgFb/06s8a0D9/8j7Jtzl6C7ojH/Oxa6,10.194499,29.991176,16.623627
354300,a4hm1odo4MSV4R0d9ewEldSbJijp4+evpgFb/06s8a0D9/8j7Jtzl6C7ojH/Oxa6,8.97293,20.065839999999998,15.041394
354600,a4hm1odo4MSV4R0d9ewEldSbJijp4+evpgFb/06s8a0D9/8j7Jtzl6C7ojH/Oxa6,9.312044,21.031494,15.429923
354900,a4hm1odo4MSV4R0d9ewEldSbJijp4+evpgFb/06s8a0D9/8j7Jtzl6C7ojH/Oxa6,8.502400999999999,23.060945,15.726419
355200,a4hm1odo4MSV4R0d9ewEldSbJijp4+evpgFb/06s8a0D9/8j7Jtzl6C7ojH/Oxa6,8.30229,21.787242000000003,15.116632000000001
355500,a4hm1odo4MSV4R0d9ewEldSbJijp4+evpgFb/06s8a0D9/8j7Jtzl6C7ojH/Oxa6,9.243383,20.529819,14.991747
355800,a4hm1odo4MSV4R0d9ewEldSbJijp4+evpgFb/06s8a0D9/8j7Jtzl6C7ojH/Oxa6,9.57413,21.173589,15.392698999999999
356100,a4hm1odo4MSV4R0d9ewEldSbJijp4+evpgFb/06s8a0D9/8j7Jtzl6C7ojH/Oxa6,7.750238,19.510006,14.328683999999999
356400,a4hm1odo4MSV4R0d9ewEldSbJijp4+evpgFb/06s8a0D9/8j7Jtzl6C7ojH/Oxa6,9.918189,20.464879999999997,15.646219
356700,a4hm1odo4MSV4R0d9ewEldSbJijp4+evpgFb/06s8a0D9/8j7Jtzl6C7ojH/Oxa6,9.498242,28.396894,16.995304
357000,a4hm1odo4MSV4R0d9ewEldSbJijp4+evpgFb/06s8a0D9/8j7Jtzl6C7ojH/Oxa6,9.311156,20.293791,15.606773
357300,a4hm1odo4MSV4R0d9ewEldSbJijp4+evpgFb/06s8a0D9/8j7Jtzl6C7ojH/Oxa6,9.941507000000001,21.309808,15.500387
357600,a4hm1odo4MSV4R0d9ewEldSbJijp4+evpgFb/06s8a0D9/8j7Jtzl6C7ojH/Oxa6,8.992356,21.653535,15.789202
357900,a4hm1odo4MSV4R0d9ewEldSbJijp4+evpgFb/06s8a0D9/8j7Jtzl6C7ojH/Oxa6,7.961600999999999,21.555415,14.980998999999999
358200,a4hm1odo4MSV4R0d9ewEldSbJijp4+evpgFb/06s8a0D9/8j7Jtzl6C7ojH/Oxa6,9.181989,22.035107,15.852205999999999
358500,a4hm1odo4MSV4R0d9ewEldSbJijp4+evpgFb/06s8a0D9/8j7Jtzl6C7ojH/Oxa6,11.077158,29.160053,16.504041
358800,a4hm1odo4MSV4R0d9ewEldSbJijp4+evpgFb/06s8a0D9/8j7Jtzl6C7ojH/Oxa6,9.703483,18.978723000000002,15.452724
359100,a4hm1odo4MSV4R0d9ewEldSbJijp4+evpgFb/06s8a0D9/8j7Jtzl6C7ojH/Oxa6,8.981014,18.90309,15.052947
359400,a4hm1odo4MSV4R0d9ewEldSbJijp4+evpgFb/06s8a0D9/8j7Jtzl6C7ojH/Oxa6,9.59792,21.251486,15.734554999999999
359700,a4hm1odo4MSV4R0d9ewEldSbJijp4+evpgFb/06s8a0D9/8j7Jtzl6C7ojH/Oxa6,8.555,22.692615,15.545466000000001
360000,a4hm1odo4MSV4R0d9ewEldSbJijp4+evpgFb/06s8a0D9/8j7Jtzl6C7ojH/Oxa6,8.601364,21.902439,14.537598999999998
360300,a4hm1odo4MSV4R0d9ewEldSbJijp4+evpgFb/06s8a0D9/8j7Jtzl6C7ojH/Oxa6,10.233986,20.592243,15.456071
360600,a4hm1odo4MSV4R0d9ewEldSbJijp4+evpgFb/06s8a0D9/8j7Jtzl6C7ojH/Oxa6,8.536992,21.309903,15.744596
360900,a4hm1odo4MSV4R0d9ewEldSbJijp4+evpgFb/06s8a0D9/8j7Jtzl6C7ojH/Oxa6,10.687585,20.860021,15.245842999999999
361200,a4hm1odo4MSV4R0d9ewEldSbJijp4+evpgFb/06s8a0D9/8j7Jtzl6C7ojH/Oxa6,8.525865,20.934798999999998,15.099103
361500,a4hm1odo4MSV4R0d9ewEldSbJijp4+evpgFb/06s8a0D9/8j7Jtzl6C7ojH/Oxa6,8.517008,21.919216,15.043567000000001
361800,a4hm1odo4MSV4R0d9ewEldSbJijp4+evpgFb/06s8a0D9/8j7Jtzl6C7ojH/Oxa6,9.548076,20.113509,15.175370000000001
362100,a4hm1odo4MSV4R0d9ewEldSbJijp4+evpgFb/06s8a0D9/8j7Jtzl6C7ojH/Oxa6,12.252836,18.530522,15.584288
362400,a4hm1odo4MSV4R0d9ewEldSbJijp4+evpgFb/06s8a0D9/8j7Jtzl6C7ojH/Oxa6,8.571797,21.189631,14.989706
362700,a4hm1odo4MSV4R0d9ewEldSbJijp4+evpgFb/06s8a0D9/8j7Jtzl6C7ojH/Oxa6,8.647282,20.828999,15.235102
363000,a4hm1odo4MSV4R0d9ewEldSbJijp4+evpgFb/06s8a0D9/8j7Jtzl6C7ojH/Oxa6,8.583441,19.829105,14.906937
363300,a4hm1odo4MSV4R0d9ewEldSbJijp4+evpgFb/06s8a0D9/8j7Jtzl6C7ojH/Oxa6,9.546737,20.158481,15.584697
363600,a4hm1odo4MSV4R0d9ewEldSbJijp4+evpgFb/06s8a0D9/8j7Jtzl6C7ojH/Oxa6,8.191125,18.554709,13.685769
363900,a4hm1odo4MSV4R0d9ewEldSbJijp4+evpgFb/06s8a0D9/8j7Jtzl6C7ojH/Oxa6,7.921058,22.550107999999998,15.403108999999999
364200,a4hm1odo4MSV4R0d9ewEldSbJijp4+evpgFb/06s8a0D9/8j7Jtzl6C7ojH/Oxa6,11.347525,20.271444,15.964510999999998
364500,a4hm1odo4MSV4R0d9ewEldSbJijp4+evpgFb/06s8a0D9/8j7Jtzl6C7ojH/Oxa6,10.7951,19.927242,15.513978
364800,a4hm1odo4MSV4R0d9ewEldSbJijp4+evpgFb/06s8a0D9/8j7Jtzl6C7ojH/Oxa6,9.187634,19.228775,15.670112
365100,a4hm1odo4MSV4R0d9ewEldSbJijp4+evpgFb/06s8a0D9/8j7Jtzl6C7ojH/Oxa6,7.8317440000000005,19.523241,14.721442999999999
365400,a4hm1odo4MSV4R0d9ewEldSbJijp4+evpgFb/06s8a0D9/8j7Jtzl6C7ojH/Oxa6,10.601965,19.934071,15.497866
365700,a4hm1odo4MSV4R0d9ewEldSbJijp4+evpgFb/06s8a0D9/8j7Jtzl6C7ojH/Oxa6,8.708008,21.576817000000002,15.540346
366000,a4hm1odo4MSV4R0d9ewEldSbJijp4+evpgFb/06s8a0D9/8j7Jtzl6C7ojH/Oxa6,8.813267999999999,20.979841,14.998679000000001
366300,a4hm1odo4MSV4R0d9ewEldSbJijp4+evpgFb/06s8a0D9/8j7Jtzl6C7ojH/Oxa6,9.749352,20.305238,15.519166
366600,a4hm1odo4MSV4R0d9ewEldSbJijp4+evpgFb/06s8a0D9/8j7Jtzl6C7ojH/Oxa6,7.871107,27.093784000000003,15.778251999999998
366900,a4hm1odo4MSV4R0d9ewEldSbJijp4+evpgFb/06s8a0D9/8j7Jtzl6C7ojH/Oxa6,9.091314,19.579974,15.092715
367200,a4hm1odo4MSV4R0d9ewEldSbJijp4+evpgFb/06s8a0D9/8j7Jtzl6C7ojH/Oxa6,9.221203,21.547407999999997,15.078420000000001
367500,a4hm1odo4MSV4R0d9ewEldSbJijp4+evpgFb/06s8a0D9/8j7Jtzl6C7ojH/Oxa6,7.216367999999999,19.500906,13.926842
367800,a4hm1odo4MSV4R0d9ewEldSbJijp4+evpgFb/06s8a0D9/8j7Jtzl6C7ojH/Oxa6,9.579831,20.880638,15.671963
368100,a4hm1odo4MSV4R0d9ewEldSbJijp4+evpgFb/06s8a0D9/8j7Jtzl6C7ojH/Oxa6,8.741032,22.069551999999998,15.709907000000001
368400,a4hm1odo4MSV4R0d9ewEldSbJijp4+evpgFb/06s8a0D9/8j7Jtzl6C7ojH/Oxa6,11.529414,19.255939,15.963718
368700,a4hm1odo4MSV4R0d9ewEldSbJijp4+evpgFb/06s8a0D9/8j7Jtzl6C7ojH/Oxa6,5.7562370000000005,21.299377,15.049098
369000,a4hm1odo4MSV4R0d9ewEldSbJijp4+evpgFb/06s8a0D9/8j7Jtzl6C7ojH/Oxa6,8.45417,22.18084,15.398304000000001
369300,a4hm1odo4MSV4R0d9ewEldSbJijp4+evpgFb/06s8a0D9/8j7Jtzl6C7ojH/Oxa6,7.183474,21.986010999999998,15.078157999999998
369600,a4hm1odo4MSV4R0d9ewEldSbJijp4+evpgFb/06s8a0D9/8j7Jtzl6C7ojH/Oxa6,10.076543,19.625849,15.348298000000002
369900,a4hm1odo4MSV4R0d9ewEldSbJijp4+evpgFb/06s8a0D9/8j7Jtzl6C7ojH/Oxa6,8.625855,22.160053,15.554628
370200,a4hm1odo4MSV4R0d9ewEldSbJijp4+evpgFb/06s8a0D9/8j7Jtzl6C7ojH/Oxa6,9.271038,22.100381,15.312185999999999
370500,a4hm1odo4MSV4R0d9ewEldSbJijp4+evpgFb/06s8a0D9/8j7Jtzl6C7ojH/Oxa6,9.241705,21.080323,15.284017
370800,a4hm1odo4MSV4R0d9ewEldSbJijp4+evpgFb/06s8a0D9/8j7Jtzl6C7ojH/Oxa6,9.651558999999999,20.886670000000002,15.523334
371100,a4hm1odo4MSV4R0d9ewEldSbJijp4+evpgFb/06s8a0D9/8j7Jtzl6C7ojH/Oxa6,10.411625,19.734003,15.437041
371400,a4hm1odo4MSV4R0d9ewEldSbJijp4+evpgFb/06s8a0D9/8j7Jtzl6C7ojH/Oxa6,7.235398,20.16714,14.260612
371700,a4hm1odo4MSV4R0d9ewEldSbJijp4+evpgFb/06s8a0D9/8j7Jtzl6C7ojH/Oxa6,9.208181,20.925364000000002,15.620335
372000,a4hm1odo4MSV4R0d9ewEldSbJijp4+evpgFb/06s8a0D9/8j7Jtzl6C7ojH/Oxa6,8.666039999999999,25.222255,15.84695
372300,a4hm1odo4MSV4R0d9ewEldSbJijp4+evpgFb/06s8a0D9/8j7Jtzl6C7ojH/Oxa6,10.886714,19.135935,15.235185999999999
372600,a4hm1odo4MSV4R0d9ewEldSbJijp4+evpgFb/06s8a0D9/8j7Jtzl6C7ojH/Oxa6,8.290566,21.764938,15.898245999999999
372900,a4hm1odo4MSV4R0d9ewEldSbJijp4+evpgFb/06s8a0D9/8j7Jtzl6C7ojH/Oxa6,9.335235,22.081292,15.354672
373200,a4hm1odo4MSV4R0d9ewEldSbJijp4+evpgFb/06s8a0D9/8j7Jtzl6C7ojH/Oxa6,7.976336,22.342026999999998,15.121489000000002
373500,a4hm1odo4MSV4R0d9ewEldSbJijp4+evpgFb/06s8a0D9/8j7Jtzl6C7ojH/Oxa6,8.238435,19.965528,15.149970000000001
373800,a4hm1odo4MSV4R0d9ewEldSbJijp4+evpgFb/06s8a0D9/8j7Jtzl6C7ojH/Oxa6,8.659996000000001,20.933581,15.314398
374100,a4hm1odo4MSV4R0d9ewEldSbJijp4+evpgFb/06s8a0D9/8j7Jtzl6C7ojH/Oxa6,8.71386,21.409796,15.470151999999999
374400,a4hm1odo4MSV4R0d9ewEldSbJijp4+evpgFb/06s8a0D9/8j7Jtzl6C7ojH/Oxa6,8.905434,21.580792000000002,15.623638
374700,a4hm1odo4MSV4R0d9ewEldSbJijp4+evpgFb/06s8a0D9/8j7Jtzl6C7ojH/Oxa6,8.935864,21.997014,15.906173999999998
375000,a4hm1odo4MSV4R0d9ewEldSbJijp4+evpgFb/06s8a0D9/8j7Jtzl6C7ojH/Oxa6,9.272584,20.724120000000003,14.663123
375300,a4hm1odo4MSV4R0d9ewEldSbJijp4+evpgFb/06s8a0D9/8j7Jtzl6C7ojH/Oxa6,8.47381,22.053646,14.984304000000002
375600,a4hm1odo4MSV4R0d9ewEldSbJijp4+evpgFb/06s8a0D9/8j7Jtzl6C7ojH/Oxa6,9.761157,21.110925,15.467888
375900,a4hm1odo4MSV4R0d9ewEldSbJijp4+evpgFb/06s8a0D9/8j7Jtzl6C7ojH/Oxa6,8.849302999999999,21.309401,15.078585999999998
376200,a4hm1odo4MSV4R0d9ewEldSbJijp4+evpgFb/06s8a0D9/8j7Jtzl6C7ojH/Oxa6,10.244403,20.107464999999998,15.567248000000001
376500,a4hm1odo4MSV4R0d9ewEldSbJijp4+evpgFb/06s8a0D9/8j7Jtzl6C7ojH/Oxa6,11.024424,19.387752,15.519570000000002
376800,a4hm1odo4MSV4R0d9ewEldSbJijp4+evpgFb/06s8a0D9/8j7Jtzl6C7ojH/Oxa6,9.75481,20.428101,14.55585
377100,a4hm1odo4MSV4R0d9ewEldSbJijp4+evpgFb/06s8a0D9/8j7Jtzl6C7ojH/Oxa6,10.399282000000001,18.461067,15.489216
377400,a4hm1odo4MSV4R0d9ewEldSbJijp4+evpgFb/06s8a0D9/8j7Jtzl6C7ojH/Oxa6,7.490939,22.083289,15.433534
377700,a4hm1odo4MSV4R0d9ewEldSbJijp4+evpgFb/06s8a0D9/8j7Jtzl6C7ojH/Oxa6,10.311955000000001,19.881695999999998,15.470066000000001
378000,a4hm1odo4MSV4R0d9ewEldSbJijp4+evpgFb/06s8a0D9/8j7Jtzl6C7ojH/Oxa6,8.929775999999999,22.420018,15.790268
378300,a4hm1odo4MSV4R0d9ewEldSbJijp4+evpgFb/06s8a0D9/8j7Jtzl6C7ojH/Oxa6,8.267428,21.907943,15.829768
378600,a4hm1odo4MSV4R0d9ewEldSbJijp4+evpgFb/06s8a0D9/8j7Jtzl6C7ojH/Oxa6,9.761863,19.880445,15.585992999999998
378900,a4hm1odo4MSV4R0d9ewEldSbJijp4+evpgFb/06s8a0D9/8j7Jtzl6C7ojH/Oxa6,7.112172999999999,20.894873999999998,14.448129000000002
379200,a4hm1odo4MSV4R0d9ewEldSbJijp4+evpgFb/06s8a0D9/8j7Jtzl6C7ojH/Oxa6,9.945352,21.877312,15.709038
379500,a4hm1odo4MSV4R0d9ewEldSbJijp4+evpgFb/06s8a0D9/8j7Jtzl6C7ojH/Oxa6,8.309544,21.082698999999998,15.998045999999999
379800,a4hm1odo4MSV4R0d9ewEldSbJijp4+evpgFb/06s8a0D9/8j7Jtzl6C7ojH/Oxa6,9.380230000000001,22.142954,15.842893
380100,a4hm1odo4MSV4R0d9ewEldSbJijp4+evpgFb/06s8a0D9/8j7Jtzl6C7ojH/Oxa6,10.828335000000001,21.066744,15.926369000000001
380400,a4hm1odo4MSV4R0d9ewEldSbJijp4+evpgFb/06s8a0D9/8j7Jtzl6C7ojH/Oxa6,8.486317,22.173773999999998,15.253275
380700,a4hm1odo4MSV4R0d9ewEldSbJijp4+evpgFb/06s8a0D9/8j7Jtzl6C7ojH/Oxa6,10.401594000000001,22.736688,15.603979
381000,a4hm1odo4MSV4R0d9ewEldSbJijp4+evpgFb/06s8a0D9/8j7Jtzl6C7ojH/Oxa6,10.419578999999999,20.179821,15.348403
381300,a4hm1odo4MSV4R0d9ewEldSbJijp4+evpgFb/06s8a0D9/8j7Jtzl6C7ojH/Oxa6,8.43567,21.756002,15.392349
381600,a4hm1odo4MSV4R0d9ewEldSbJijp4+evpgFb/06s8a0D9/8j7Jtzl6C7ojH/Oxa6,9.248628,20.382710999999997,15.736094
381900,a4hm1odo4MSV4R0d9ewEldSbJijp4+evpgFb/06s8a0D9/8j7Jtzl6C7ojH/Oxa6,8.91054,22.108557,15.441564000000001
382200,a4hm1odo4MSV4R0d9ewEldSbJijp4+evpgFb/06s8a0D9/8j7Jtzl6C7ojH/Oxa6,9.643214,24.216618,15.319885000000001
382500,a4hm1odo4MSV4R0d9ewEldSbJijp4+evpgFb/06s8a0D9/8j7Jtzl6C7ojH/Oxa6,9.678394,21.214059,15.050407
382800,a4hm1odo4MSV4R0d9ewEldSbJijp4+evpgFb/06s8a0D9/8j7Jtzl6C7ojH/Oxa6,9.979172,27.949644,15.839588000000001
383100,a4hm1odo4MSV4R0d9ewEldSbJijp4+evpgFb/06s8a0D9/8j7Jtzl6C7ojH/Oxa6,9.289586,21.017157,15.384479
383400,a4hm1odo4MSV4R0d9ewEldSbJijp4+evpgFb/06s8a0D9/8j7Jtzl6C7ojH/Oxa6,9.008745,21.831661999999998,16.013701
383700,a4hm1odo4MSV4R0d9ewEldSbJijp4+evpgFb/06s8a0D9/8j7Jtzl6C7ojH/Oxa6,10.086876,20.845004,15.303775
384000,a4hm1odo4MSV4R0d9ewEldSbJijp4+evpgFb/06s8a0D9/8j7Jtzl6C7ojH/Oxa6,8.906504,28.049357,15.696323000000001
384300,a4hm1odo4MSV4R0d9ewEldSbJijp4+evpgFb/06s8a0D9/8j7Jtzl6C7ojH/Oxa6,9.41475,21.739275,15.375859
384600,a4hm1odo4MSV4R0d9ewEldSbJijp4+evpgFb/06s8a0D9/8j7Jtzl6C7ojH/Oxa6,10.445324000000001,20.607149,15.483635000000001
384900,a4hm1odo4MSV4R0d9ewEldSbJijp4+evpgFb/06s8a0D9/8j7Jtzl6C7ojH/Oxa6,10.456362,20.766328,15.769801000000001
385200,a4hm1odo4MSV4R0d9ewEldSbJijp4+evpgFb/06s8a0D9/8j7Jtzl6C7ojH/Oxa6,10.496767,19.853023,15.4122
385500,a4hm1odo4MSV4R0d9ewEldSbJijp4+evpgFb/06s8a0D9/8j7Jtzl6C7ojH/Oxa6,10.436466000000001,21.01274,16.374702
385800,a4hm1odo4MSV4R0d9ewEldSbJijp4+evpgFb/06s8a0D9/8j7Jtzl6C7ojH/Oxa6,11.200617999999999,19.85079,15.541892
386100,a4hm1odo4MSV4R0d9ewEldSbJijp4+evpgFb/06s8a0D9/8j7Jtzl6C7ojH/Oxa6,9.475513000000001,25.693822,15.610301999999999
386400,a4hm1odo4MSV4R0d9ewEldSbJijp4+evpgFb/06s8a0D9/8j7Jtzl6C7ojH/Oxa6,8.024797,20.310717999999998,14.396629999999998
386700,a4hm1odo4MSV4R0d9ewEldSbJijp4+evpgFb/06s8a0D9/8j7Jtzl6C7ojH/Oxa6,9.384136,24.216027,15.547282999999998
387000,a4hm1odo4MSV4R0d9ewEldSbJijp4+evpgFb/06s8a0D9/8j7Jtzl6C7ojH/Oxa6,8.911388,22.455779999999997,15.536153
387300,a4hm1odo4MSV4R0d9ewEldSbJijp4+evpgFb/06s8a0D9/8j7Jtzl6C7ojH/Oxa6,10.590133,21.540762,15.90279
387600,a4hm1odo4MSV4R0d9ewEldSbJijp4+evpgFb/06s8a0D9/8j7Jtzl6C7ojH/Oxa6,8.950624000000001,20.000915,15.302793
387900,a4hm1odo4MSV4R0d9ewEldSbJijp4+evpgFb/06s8a0D9/8j7Jtzl6C7ojH/Oxa6,8.827129,20.601557,15.126957999999998
388200,a4hm1odo4MSV4R0d9ewEldSbJijp4+evpgFb/06s8a0D9/8j7Jtzl6C7ojH/Oxa6,12.871405000000001,23.324292,16.075279000000002
388500,a4hm1odo4MSV4R0d9ewEldSbJijp4+evpgFb/06s8a0D9/8j7Jtzl6C7ojH/Oxa6,8.958472,20.765378,15.024784
388800,a4hm1odo4MSV4R0d9ewEldSbJijp4+evpgFb/06s8a0D9/8j7Jtzl6C7ojH/Oxa6,9.235660000000001,20.729352,15.769117000000001
389100,a4hm1odo4MSV4R0d9ewEldSbJijp4+evpgFb/06s8a0D9/8j7Jtzl6C7ojH/Oxa6,8.643449,22.201442999999998,15.701375
389400,a4hm1odo4MSV4R0d9ewEldSbJijp4+evpgFb/06s8a0D9/8j7Jtzl6C7ojH/Oxa6,8.862885,25.229349,15.533949
389700,a4hm1odo4MSV4R0d9ewEldSbJijp4+evpgFb/06s8a0D9/8j7Jtzl6C7ojH/Oxa6,9.715442999999999,21.186184,15.726072
390000,a4hm1odo4MSV4R0d9ewEldSbJijp4+evpgFb/06s8a0D9/8j7Jtzl6C7ojH/Oxa6,8.375024,20.526761999999998,14.978762
390300,a4hm1odo4MSV4R0d9ewEldSbJijp4+evpgFb/06s8a0D9/8j7Jtzl6C7ojH/Oxa6,9.315301,22.069804,15.187173999999999
390600,a4hm1odo4MSV4R0d9ewEldSbJijp4+evpgFb/06s8a0D9/8j7Jtzl6C7ojH/Oxa6,8.368097,22.352219,15.391653
390900,a4hm1odo4MSV4R0d9ewEldSbJijp4+evpgFb/06s8a0D9/8j7Jtzl6C7ojH/Oxa6,9.363333,23.870931,15.760569
391200,a4hm1odo4MSV4R0d9ewEldSbJijp4+evpgFb/06s8a0D9/8j7Jtzl6C7ojH/Oxa6,8.403916,19.656608,14.64006
391500,a4hm1odo4MSV4R0d9ewEldSbJijp4+evpgFb/06s8a0D9/8j7Jtzl6C7ojH/Oxa6,7.797905999999999,26.368964000000002,15.360634
391800,a4hm1odo4MSV4R0d9ewEldSbJijp4+evpgFb/06s8a0D9/8j7Jtzl6C7ojH/Oxa6,9.634661999999999,20.884759,15.198303
392100,a4hm1odo4MSV4R0d9ewEldSbJijp4+evpgFb/06s8a0D9/8j7Jtzl6C7ojH/Oxa6,9.580832000000001,21.203134,15.71812
392400,a4hm1odo4MSV4R0d9ewEldSbJijp4+evpgFb/06s8a0D9/8j7Jtzl6C7ojH/Oxa6,8.903509,26.163894,15.209801
392700,a4hm1odo4MSV4R0d9ewEldSbJijp4+evpgFb/06s8a0D9/8j7Jtzl6C7ojH/Oxa6,8.711619,21.177460999999997,15.531417999999999
393000,a4hm1odo4MSV4R0d9ewEldSbJijp4+evpgFb/06s8a0D9/8j7Jtzl6C7ojH/Oxa6,9.342442,22.060319,15.564337
393300,a4hm1odo4MSV4R0d9ewEldSbJijp4+evpgFb/06s8a0D9/8j7Jtzl6C7ojH/Oxa6,9.331691000000001,21.668294,15.224110000000001
393600,a4hm1odo4MSV4R0d9ewEldSbJijp4+evpgFb/06s8a0D9/8j7Jtzl6C7ojH/Oxa6,10.636072,21.91216,16.288987
393900,a4hm1odo4MSV4R0d9ewEldSbJijp4+evpgFb/06s8a0D9/8j7Jtzl6C7ojH/Oxa6,9.504525,18.647172,14.235644
394200,a4hm1odo4MSV4R0d9ewEldSbJijp4+evpgFb/06s8a0D9/8j7Jtzl6C7ojH/Oxa6,12.418458,21.9532,16.196382
394500,a4hm1odo4MSV4R0d9ewEldSbJijp4+evpgFb/06s8a0D9/8j7Jtzl6C7ojH/Oxa6,9.600875,21.128714000000002,15.366729000000001
394800,a4hm1odo4MSV4R0d9ewEldSbJijp4+evpgFb/06s8a0D9/8j7Jtzl6C7ojH/Oxa6,8.364886,23.791985,16.083499
395100,a4hm1odo4MSV4R0d9ewEldSbJijp4+evpgFb/06s8a0D9/8j7Jtzl6C7ojH/Oxa6,7.5381029999999996,26.08098,15.784370000000001
395400,a4hm1odo4MSV4R0d9ewEldSbJijp4+evpgFb/06s8a0D9/8j7Jtzl6C7ojH/Oxa6,9.226399,21.428786,15.1268
395700,a4hm1odo4MSV4R0d9ewEldSbJijp4+evpgFb/06s8a0D9/8j7Jtzl6C7ojH/Oxa6,9.098092999999999,21.800476999999997,15.931512
396000,a4hm1odo4MSV4R0d9ewEldSbJijp4+evpgFb/06s8a0D9/8j7Jtzl6C7ojH/Oxa6,8.651345,20.947394,15.836051000000001
396300,a4hm1odo4MSV4R0d9ewEldSbJijp4+evpgFb/06s8a0D9/8j7Jtzl6C7ojH/Oxa6,8.29022,22.266855,15.495726999999999
396600,a4hm1odo4MSV4R0d9ewEldSbJijp4+evpgFb/06s8a0D9/8j7Jtzl6C7ojH/Oxa6,8.393004,22.511864000000003,15.588417000000002
396900,a4hm1odo4MSV4R0d9ewEldSbJijp4+evpgFb/06s8a0D9/8j7Jtzl6C7ojH/Oxa6,9.383958999999999,20.869414000000003,15.499889000000001
397200,a4hm1odo4MSV4R0d9ewEldSbJijp4+evpgFb/06s8a0D9/8j7Jtzl6C7ojH/Oxa6,9.769696000000001,20.290931,15.969248
397500,a4hm1odo4MSV4R0d9ewEldSbJijp4+evpgFb/06s8a0D9/8j7Jtzl6C7ojH/Oxa6,9.034129,21.944895000000002,15.041356
397800,a4hm1odo4MSV4R0d9ewEldSbJijp4+evpgFb/06s8a0D9/8j7Jtzl6C7ojH/Oxa6,7.858572000000001,23.43956,15.145557
398100,a4hm1odo4MSV4R0d9ewEldSbJijp4+evpgFb/06s8a0D9/8j7Jtzl6C7ojH/Oxa6,8.257333000000001,21.58909,15.293351999999999
398400,a4hm1odo4MSV4R0d9ewEldSbJijp4+evpgFb/06s8a0D9/8j7Jtzl6C7ojH/Oxa6,9.256814,18.431524,15.058508999999999
398700,a4hm1odo4MSV4R0d9ewEldSbJijp4+evpgFb/06s8a0D9/8j7Jtzl6C7ojH/Oxa6,8.342103999999999,20.856285999999997,15.123543
399000,a4hm1odo4MSV4R0d9ewEldSbJijp4+evpgFb/06s8a0D9/8j7Jtzl6C7ojH/Oxa6,9.192416999999999,31.221171000000002,17.259278
399300,a4hm1odo4MSV4R0d9ewEldSbJijp4+evpgFb/06s8a0D9/8j7Jtzl6C7ojH/Oxa6,9.449894,19.903229,15.092296
399600,a4hm1odo4MSV4R0d9ewEldSbJijp4+evpgFb/06s8a0D9/8j7Jtzl6C7ojH/Oxa6,9.939778,25.817361,15.959527
399900,a4hm1odo4MSV4R0d9ewEldSbJijp4+evpgFb/06s8a0D9/8j7Jtzl6C7ojH/Oxa6,10.192103999999999,19.312735,15.916772
400200,a4hm1odo4MSV4R0d9ewEldSbJijp4+evpgFb/06s8a0D9/8j7Jtzl6C7ojH/Oxa6,9.19224,26.463226000000002,15.617073000000001
400500,a4hm1odo4MSV4R0d9ewEldSbJijp4+evpgFb/06s8a0D9/8j7Jtzl6C7ojH/Oxa6,9.107475,22.08101,15.274397
400800,a4hm1odo4MSV4R0d9ewEldSbJijp4+evpgFb/06s8a0D9/8j7Jtzl6C7ojH/Oxa6,9.482168,21.287778,15.853128
401100,a4hm1odo4MSV4R0d9ewEldSbJijp4+evpgFb/06s8a0D9/8j7Jtzl6C7ojH/Oxa6,8.499507000000001,21.437828,15.558248999999998
401400,a4hm1odo4MSV4R0d9ewEldSbJijp4+evpgFb/06s8a0D9/8j7Jtzl6C7ojH/Oxa6,8.224138,20.719967999999998,14.858796
401700,a4hm1odo4MSV4R0d9ewEldSbJijp4+evpgFb/06s8a0D9/8j7Jtzl6C7ojH/Oxa6,9.483178,20.080063,14.999996
402000,a4hm1odo4MSV4R0d9ewEldSbJijp4+evpgFb/06s8a0D9/8j7Jtzl6C7ojH/Oxa6,8.648414,21.77061,15.208735
402300,a4hm1odo4MSV4R0d9ewEldSbJijp4+evpgFb/06s8a0D9/8j7Jtzl6C7ojH/Oxa6,8.298295,23.301249,15.548157999999999
402600,a4hm1odo4MSV4R0d9ewEldSbJijp4+evpgFb/06s8a0D9/8j7Jtzl6C7ojH/Oxa6,8.109175,21.44566,14.943116
402900,a4hm1odo4MSV4R0d9ewEldSbJijp4+evpgFb/06s8a0D9/8j7Jtzl6C7ojH/Oxa6,10.063735000000001,21.319221,15.497821
403200,a4hm1odo4MSV4R0d9ewEldSbJijp4+evpgFb/06s8a0D9/8j7Jtzl6C7ojH/Oxa6,8.690228999999999,20.740016,15.491098999999998
403500,a4hm1odo4MSV4R0d9ewEldSbJijp4+evpgFb/06s8a0D9/8j7Jtzl6C7ojH/Oxa6,9.363942999999999,22.247322,16.014845
403800,a4hm1odo4MSV4R0d9ewEldSbJijp4+evpgFb/06s8a0D9/8j7Jtzl6C7ojH/Oxa6,8.030126,21.499184,15.219676999999999
404100,a4hm1odo4MSV4R0d9ewEldSbJijp4+evpgFb/06s8a0D9/8j7Jtzl6C7ojH/Oxa6,9.042100999999999,21.824178,15.440102
404400,a4hm1odo4MSV4R0d9ewEldSbJijp4+evpgFb/06s8a0D9/8j7Jtzl6C7ojH/Oxa6,8.162841,22.803181,15.146120999999999
404700,a4hm1odo4MSV4R0d9ewEldSbJijp4+evpgFb/06s8a0D9/8j7Jtzl6C7ojH/Oxa6,9.621917999999999,20.024376999999998,15.098919
405000,a4hm1odo4MSV4R0d9ewEldSbJijp4+evpgFb/06s8a0D9/8j7Jtzl6C7ojH/Oxa6,27.45285,74.413161,50.478916
405300,a4hm1odo4MSV4R0d9ewEldSbJijp4+evpgFb/06s8a0D9/8j7Jtzl6C7ojH/Oxa6,37.010319,72.731943,54.89599499999999
405600,a4hm1odo4MSV4R0d9ewEldSbJijp4+evpgFb/06s8a0D9/8j7Jtzl6C7ojH/Oxa6,26.968126,90.322778,56.907584
405900,a4hm1odo4MSV4R0d9ewEldSbJijp4+evpgFb/06s8a0D9/8j7Jtzl6C7ojH/Oxa6,42.791191,74.118786,58.024446
406200,a4hm1odo4MSV4R0d9ewEldSbJijp4+evpgFb/06s8a0D9/8j7Jtzl6C7ojH/Oxa6,11.597597,94.543286,49.111615
406500,a4hm1odo4MSV4R0d9ewEldSbJijp4+evpgFb/06s8a0D9/8j7Jtzl6C7ojH/Oxa6,28.523801000000002,90.44354799999999,56.425205000000005
406800,a4hm1odo4MSV4R0d9ewEldSbJijp4+evpgFb/06s8a0D9/8j7Jtzl6C7ojH/Oxa6,43.868279,72.870839,57.945862
407100,a4hm1odo4MSV4R0d9ewEldSbJijp4+evpgFb/06s8a0D9/8j7Jtzl6C7ojH/Oxa6,40.199202,79.346074,58.276452
407400,a4hm1odo4MSV4R0d9ewEldSbJijp4+evpgFb/06s8a0D9/8j7Jtzl6C7ojH/Oxa6,40.061577,72.857316,58.05235
407700,a4hm1odo4MSV4R0d9ewEldSbJijp4+evpgFb/06s8a0D9/8j7Jtzl6C7ojH/Oxa6,31.850597999999998,82.003966,57.720096999999996
408000,a4hm1odo4MSV4R0d9ewEldSbJijp4+evpgFb/06s8a0D9/8j7Jtzl6C7ojH/Oxa6,36.625765,81.955263,55.910695999999994
408300,a4hm1odo4MSV4R0d9ewEldSbJijp4+evpgFb/06s8a0D9/8j7Jtzl6C7ojH/Oxa6,32.002853,77.22199599999999,55.504998
408600,a4hm1odo4MSV4R0d9ewEldSbJijp4+evpgFb/06s8a0D9/8j7Jtzl6C7ojH/Oxa6,40.162751,74.58511700000001,57.509665000000005
408900,a4hm1odo4MSV4R0d9ewEldSbJijp4+evpgFb/06s8a0D9/8j7Jtzl6C7ojH/Oxa6,27.747525,98.12335999999999,55.43229399999999
409200,a4hm1odo4MSV4R0d9ewEldSbJijp4+evpgFb/06s8a0D9/8j7Jtzl6C7ojH/Oxa6,27.271617,87.659288,48.317279
409500,a4hm1odo4MSV4R0d9ewEldSbJijp4+evpgFb/06s8a0D9/8j7Jtzl6C7ojH/Oxa6,39.321515999999995,75.45173199999999,57.583031000000005
409800,a4hm1odo4MSV4R0d9ewEldSbJijp4+evpgFb/06s8a0D9/8j7Jtzl6C7ojH/Oxa6,38.694631,77.748129,57.701267
410100,a4hm1odo4MSV4R0d9ewEldSbJijp4+evpgFb/06s8a0D9/8j7Jtzl6C7ojH/Oxa6,29.747971000000003,86.754879,55.712528000000006
410400,a4hm1odo4MSV4R0d9ewEldSbJijp4+evpgFb/06s8a0D9/8j7Jtzl6C7ojH/Oxa6,10.583435,22.3601,15.765964000000002
410700,a4hm1odo4MSV4R0d9ewEldSbJijp4+evpgFb/06s8a0D9/8j7Jtzl6C7ojH/Oxa6,8.952075,22.527303,15.314104
411000,a4hm1odo4MSV4R0d9ewEldSbJijp4+evpgFb/06s8a0D9/8j7Jtzl6C7ojH/Oxa6,8.886296000000002,21.992922,15.611425
411300,a4hm1odo4MSV4R0d9ewEldSbJijp4+evpgFb/06s8a0D9/8j7Jtzl6C7ojH/Oxa6,9.025398,20.925401,15.301537
411600,a4hm1odo4MSV4R0d9ewEldSbJijp4+evpgFb/06s8a0D9/8j7Jtzl6C7ojH/Oxa6,7.105503999999999,22.214072,15.319760999999998
411900,a4hm1odo4MSV4R0d9ewEldSbJijp4+evpgFb/06s8a0D9/8j7Jtzl6C7ojH/Oxa6,8.479833,21.989335,15.339049
412200,a4hm1odo4MSV4R0d9ewEldSbJijp4+evpgFb/06s8a0D9/8j7Jtzl6C7ojH/Oxa6,9.32282,22.432898,15.812102
412500,a4hm1odo4MSV4R0d9ewEldSbJijp4+evpgFb/06s8a0D9/8j7Jtzl6C7ojH/Oxa6,8.905244,20.203726,15.981039
412800,a4hm1odo4MSV4R0d9ewEldSbJijp4+evpgFb/06s8a0D9/8j7Jtzl6C7ojH/Oxa6,9.910862,22.198689,14.46023
413100,a4hm1odo4MSV4R0d9ewEldSbJijp4+evpgFb/06s8a0D9/8j7Jtzl6C7ojH/Oxa6,8.056469,22.168120000000002,15.147376000000001
413400,a4hm1odo4MSV4R0d9ewEldSbJijp4+evpgFb/06s8a0D9/8j7Jtzl6C7ojH/Oxa6,9.714642,26.005939,15.974535999999999
413700,a4hm1odo4MSV4R0d9ewEldSbJijp4+evpgFb/06s8a0D9/8j7Jtzl6C7ojH/Oxa6,7.855542999999999,21.212551,15.382882999999998
414000,a4hm1odo4MSV4R0d9ewEldSbJijp4+evpgFb/06s8a0D9/8j7Jtzl6C7ojH/Oxa6,8.352846000000001,21.982705,15.551898999999999
414300,a4hm1odo4MSV4R0d9ewEldSbJijp4+evpgFb/06s8a0D9/8j7Jtzl6C7ojH/Oxa6,7.149661999999999,21.429882,15.342460999999998
414600,a4hm1odo4MSV4R0d9ewEldSbJijp4+evpgFb/06s8a0D9/8j7Jtzl6C7ojH/Oxa6,8.487581,34.376591,16.323359
414900,a4hm1odo4MSV4R0d9ewEldSbJijp4+evpgFb/06s8a0D9/8j7Jtzl6C7ojH/Oxa6,9.550888,23.144284,15.576346
415200,a4hm1odo4MSV4R0d9ewEldSbJijp4+evpgFb/06s8a0D9/8j7Jtzl6C7ojH/Oxa6,8.493347,21.672995,15.60896
415500,a4hm1odo4MSV4R0d9ewEldSbJijp4+evpgFb/06s8a0D9/8j7Jtzl6C7ojH/Oxa6,8.95611,21.423258999999998,15.470115
415800,a4hm1odo4MSV4R0d9ewEldSbJijp4+evpgFb/06s8a0D9/8j7Jtzl6C7ojH/Oxa6,6.512283,20.710835999999997,14.768182000000001
416100,a4hm1odo4MSV4R0d9ewEldSbJijp4+evpgFb/06s8a0D9/8j7Jtzl6C7ojH/Oxa6,9.348445,20.928407999999997,15.570625
416400,a4hm1odo4MSV4R0d9ewEldSbJijp4+evpgFb/06s8a0D9/8j7Jtzl6C7ojH/Oxa6,11.681175,18.526069,15.071048999999999
416700,a4hm1odo4MSV4R0d9ewEldSbJijp4+evpgFb/06s8a0D9/8j7Jtzl6C7ojH/Oxa6,8.924424,22.092194,14.482183
417000,a4hm1odo4MSV4R0d9ewEldSbJijp4+evpgFb/06s8a0D9/8j7Jtzl6C7ojH/Oxa6,9.332612,20.72895,15.518687
417300,a4hm1odo4MSV4R0d9ewEldSbJijp4+evpgFb/06s8a0D9/8j7Jtzl6C7ojH/Oxa6,12.265216,18.77572,15.584838000000001
417600,a4hm1odo4MSV4R0d9ewEldSbJijp4+evpgFb/06s8a0D9/8j7Jtzl6C7ojH/Oxa6,8.296891,22.070188,15.367654000000002
417900,a4hm1odo4MSV4R0d9ewEldSbJijp4+evpgFb/06s8a0D9/8j7Jtzl6C7ojH/Oxa6,12.725814999999999,18.054275,16.192515
418200,a4hm1odo4MSV4R0d9ewEldSbJijp4+evpgFb/06s8a0D9/8j7Jtzl6C7ojH/Oxa6,9.725736999999999,21.176702,15.696454999999998
418500,a4hm1odo4MSV4R0d9ewEldSbJijp4+evpgFb/06s8a0D9/8j7Jtzl6C7ojH/Oxa6,9.804789,23.527699,16.151609
418800,a4hm1odo4MSV4R0d9ewEldSbJijp4+evpgFb/06s8a0D9/8j7Jtzl6C7ojH/Oxa6,9.45161,22.575566000000002,15.933527
419100,a4hm1odo4MSV4R0d9ewEldSbJijp4+evpgFb/06s8a0D9/8j7Jtzl6C7ojH/Oxa6,8.755676,21.60632,15.510821
419400,a4hm1odo4MSV4R0d9ewEldSbJijp4+evpgFb/06s8a0D9/8j7Jtzl6C7ojH/Oxa6,9.904406,20.210304,15.20103
419700,a4hm1odo4MSV4R0d9ewEldSbJijp4+evpgFb/06s8a0D9/8j7Jtzl6C7ojH/Oxa6,9.10175,21.46021,15.514551
420000,a4hm1odo4MSV4R0d9ewEldSbJijp4+evpgFb/06s8a0D9/8j7Jtzl6C7ojH/Oxa6,8.495512,20.371641,14.323447
420300,a4hm1odo4MSV4R0d9ewEldSbJijp4+evpgFb/06s8a0D9/8j7Jtzl6C7ojH/Oxa6,8.792067999999999,18.350647,14.109672
420600,a4hm1odo4MSV4R0d9ewEldSbJijp4+evpgFb/06s8a0D9/8j7Jtzl6C7ojH/Oxa6,9.318883,20.783689000000003,15.485832
420900,a4hm1odo4MSV4R0d9ewEldSbJijp4+evpgFb/06s8a0D9/8j7Jtzl6C7ojH/Oxa6,9.667328999999999,40.405555,18.107515
421200,a4hm1odo4MSV4R0d9ewEldSbJijp4+evpgFb/06s8a0D9/8j7Jtzl6C7ojH/Oxa6,9.015292,22.172216,15.321925
421500,a4hm1odo4MSV4R0d9ewEldSbJijp4+evpgFb/06s8a0D9/8j7Jtzl6C7ojH/Oxa6,9.831581,21.22215,15.354377
421800,a4hm1odo4MSV4R0d9ewEldSbJijp4+evpgFb/06s8a0D9/8j7Jtzl6C7ojH/Oxa6,9.505114,21.471258,15.390065
422100,a4hm1odo4MSV4R0d9ewEldSbJijp4+evpgFb/06s8a0D9/8j7Jtzl6C7ojH/Oxa6,9.653406,21.378946,15.309181
422400,a4hm1odo4MSV4R0d9ewEldSbJijp4+evpgFb/06s8a0D9/8j7Jtzl6C7ojH/Oxa6,6.674235,22.312571,15.353097
422700,a4hm1odo4MSV4R0d9ewEldSbJijp4+evpgFb/06s8a0D9/8j7Jtzl6C7ojH/Oxa6,6.572781,21.720078,15.481004
423000,a4hm1odo4MSV4R0d9ewEldSbJijp4+evpgFb/06s8a0D9/8j7Jtzl6C7ojH/Oxa6,8.806683999999999,21.657849,15.419967000000002
423300,a4hm1odo4MSV4R0d9ewEldSbJijp4+evpgFb/06s8a0D9/8j7Jtzl6C7ojH/Oxa6,8.362971,22.288498,16.629848000000003
423600,a4hm1odo4MSV4R0d9ewEldSbJijp4+evpgFb/06s8a0D9/8j7Jtzl6C7ojH/Oxa6,9.397588,19.263427,15.846409
423900,a4hm1odo4MSV4R0d9ewEldSbJijp4+evpgFb/06s8a0D9/8j7Jtzl6C7ojH/Oxa6,7.496795,21.483333,15.131232999999998
424200,a4hm1odo4MSV4R0d9ewEldSbJijp4+evpgFb/06s8a0D9/8j7Jtzl6C7ojH/Oxa6,8.896678,19.658416,14.118616000000001
424500,a4hm1odo4MSV4R0d9ewEldSbJijp4+evpgFb/06s8a0D9/8j7Jtzl6C7ojH/Oxa6,7.895080999999999,19.438913,14.676209
424800,a4hm1odo4MSV4R0d9ewEldSbJijp4+evpgFb/06s8a0D9/8j7Jtzl6C7ojH/Oxa6,8.270224,21.990148,15.213712
425100,a4hm1odo4MSV4R0d9ewEldSbJijp4+evpgFb/06s8a0D9/8j7Jtzl6C7ojH/Oxa6,7.701571,21.669952,15.334098999999998
425400,a4hm1odo4MSV4R0d9ewEldSbJijp4+evpgFb/06s8a0D9/8j7Jtzl6C7ojH/Oxa6,8.349433,21.750913,15.329291
425700,a4hm1odo4MSV4R0d9ewEldSbJijp4+evpgFb/06s8a0D9/8j7Jtzl6C7ojH/Oxa6,10.710201,21.072551999999998,15.639779
426000,a4hm1odo4MSV4R0d9ewEldSbJijp4+evpgFb/06s8a0D9/8j7Jtzl6C7ojH/Oxa6,12.620030999999999,19.889491,15.772810999999999
426300,a4hm1odo4MSV4R0d9ewEldSbJijp4+evpgFb/06s8a0D9/8j7Jtzl6C7ojH/Oxa6,8.141036,20.152258,15.017225
426600,a4hm1odo4MSV4R0d9ewEldSbJijp4+evpgFb/06s8a0D9/8j7Jtzl6C7ojH/Oxa6,9.841861999999999,29.637301,16.532284
426900,a4hm1odo4MSV4R0d9ewEldSbJijp4+evpgFb/06s8a0D9/8j7Jtzl6C7ojH/Oxa6,8.579897,21.384094,15.141591
427200,a4hm1odo4MSV4R0d9ewEldSbJijp4+evpgFb/06s8a0D9/8j7Jtzl6C7ojH/Oxa6,10.048624,20.520675,15.426773999999998
427500,a4hm1odo4MSV4R0d9ewEldSbJijp4+evpgFb/06s8a0D9/8j7Jtzl6C7ojH/Oxa6,9.242248,20.486136,15.629481
427800,a4hm1odo4MSV4R0d9ewEldSbJijp4+evpgFb/06s8a0D9/8j7Jtzl6C7ojH/Oxa6,7.955483999999999,20.949355999999998,13.931538
428100,a4hm1odo4MSV4R0d9ewEldSbJijp4+evpgFb/06s8a0D9/8j7Jtzl6C7ojH/Oxa6,7.865837,24.651315,15.647078
428400,a4hm1odo4MSV4R0d9ewEldSbJijp4+evpgFb/06s8a0D9/8j7Jtzl6C7ojH/Oxa6,9.529981,19.300078,15.706679000000001
428700,a4hm1odo4MSV4R0d9ewEldSbJijp4+evpgFb/06s8a0D9/8j7Jtzl6C7ojH/Oxa6,10.009266,19.456933,15.60948
429000,a4hm1odo4MSV4R0d9ewEldSbJijp4+evpgFb/06s8a0D9/8j7Jtzl6C7ojH/Oxa6,9.707229,20.76996,15.245455999999999
429300,a4hm1odo4MSV4R0d9ewEldSbJijp4+evpgFb/06s8a0D9/8j7Jtzl6C7ojH/Oxa6,8.964594,22.104198999999998,15.310698
429600,a4hm1odo4MSV4R0d9ewEldSbJijp4+evpgFb/06s8a0D9/8j7Jtzl6C7ojH/Oxa6,9.424954,21.285738000000002,15.437320000000001
429900,a4hm1odo4MSV4R0d9ewEldSbJijp4+evpgFb/06s8a0D9/8j7Jtzl6C7ojH/Oxa6,8.304648,22.259273999999998,15.430914000000001
430200,a4hm1odo4MSV4R0d9ewEldSbJijp4+evpgFb/06s8a0D9/8j7Jtzl6C7ojH/Oxa6,8.805048,20.301682,15.163754
430500,a4hm1odo4MSV4R0d9ewEldSbJijp4+evpgFb/06s8a0D9/8j7Jtzl6C7ojH/Oxa6,9.081846,22.348231,15.729014999999999
430800,a4hm1odo4MSV4R0d9ewEldSbJijp4+evpgFb/06s8a0D9/8j7Jtzl6C7ojH/Oxa6,8.655289999999999,23.844331,14.629307999999998
431100,a4hm1odo4MSV4R0d9ewEldSbJijp4+evpgFb/06s8a0D9/8j7Jtzl6C7ojH/Oxa6,9.501978999999999,20.206316,14.742992999999998
431400,a4hm1odo4MSV4R0d9ewEldSbJijp4+evpgFb/06s8a0D9/8j7Jtzl6C7ojH/Oxa6,8.879667,19.71213,14.116875
431700,a4hm1odo4MSV4R0d9ewEldSbJijp4+evpgFb/06s8a0D9/8j7Jtzl6C7ojH/Oxa6,9.35638,18.940304,13.888098000000001
432000,a4hm1odo4MSV4R0d9ewEldSbJijp4+evpgFb/06s8a0D9/8j7Jtzl6C7ojH/Oxa6,6.779971000000001,18.866182000000002,14.524691
432300,a4hm1odo4MSV4R0d9ewEldSbJijp4+evpgFb/06s8a0D9/8j7Jtzl6C7ojH/Oxa6,11.920355,17.769917,15.396801000000002
432600,a4hm1odo4MSV4R0d9ewEldSbJijp4+evpgFb/06s8a0D9/8j7Jtzl6C7ojH/Oxa6,9.256805,21.430203,15.5294
432900,a4hm1odo4MSV4R0d9ewEldSbJijp4+evpgFb/06s8a0D9/8j7Jtzl6C7ojH/Oxa6,9.35397,21.439813,15.385205
433200,a4hm1odo4MSV4R0d9ewEldSbJijp4+evpgFb/06s8a0D9/8j7Jtzl6C7ojH/Oxa6,10.705276,20.272909,15.660342000000002
433500,a4hm1odo4MSV4R0d9ewEldSbJijp4+evpgFb/06s8a0D9/8j7Jtzl6C7ojH/Oxa6,9.218396,21.681998,15.208910999999999
433800,a4hm1odo4MSV4R0d9ewEldSbJijp4+evpgFb/06s8a0D9/8j7Jtzl6C7ojH/Oxa6,9.385394999999999,21.671572,15.751947
434100,a4hm1odo4MSV4R0d9ewEldSbJijp4+evpgFb/06s8a0D9/8j7Jtzl6C7ojH/Oxa6,8.927617,20.474311,15.516969
434400,a4hm1odo4MSV4R0d9ewEldSbJijp4+evpgFb/06s8a0D9/8j7Jtzl6C7ojH/Oxa6,10.782738,21.442288,15.59675
434700,a4hm1odo4MSV4R0d9ewEldSbJijp4+evpgFb/06s8a0D9/8j7Jtzl6C7ojH/Oxa6,7.6668330000000005,21.423488,15.249579999999998
435000,a4hm1odo4MSV4R0d9ewEldSbJijp4+evpgFb/06s8a0D9/8j7Jtzl6C7ojH/Oxa6,8.306187,22.08176,15.123585
435300,a4hm1odo4MSV4R0d9ewEldSbJijp4+evpgFb/06s8a0D9/8j7Jtzl6C7ojH/Oxa6,8.022043,21.892385,14.129074
435600,a4hm1odo4MSV4R0d9ewEldSbJijp4+evpgFb/06s8a0D9/8j7Jtzl6C7ojH/Oxa6,10.877861,17.753733,14.387716000000001
435900,a4hm1odo4MSV4R0d9ewEldSbJijp4+evpgFb/06s8a0D9/8j7Jtzl6C7ojH/Oxa6,9.083031,21.58876,15.222728
436200,a4hm1odo4MSV4R0d9ewEldSbJijp4+evpgFb/06s8a0D9/8j7Jtzl6C7ojH/Oxa6,9.415196,20.435451,15.507367000000002
436500,a4hm1odo4MSV4R0d9ewEldSbJijp4+evpgFb/06s8a0D9/8j7Jtzl6C7ojH/Oxa6,9.052653999999999,20.994653,15.906851999999999
436800,a4hm1odo4MSV4R0d9ewEldSbJijp4+evpgFb/06s8a0D9/8j7Jtzl6C7ojH/Oxa6,8.594739,21.871676,15.255742000000001
437100,a4hm1odo4MSV4R0d9ewEldSbJijp4+evpgFb/06s8a0D9/8j7Jtzl6C7ojH/Oxa6,8.670945,20.125642000000003,14.916784
437400,a4hm1odo4MSV4R0d9ewEldSbJijp4+evpgFb/06s8a0D9/8j7Jtzl6C7ojH/Oxa6,10.147728,20.237566,15.655664000000002
437700,a4hm1odo4MSV4R0d9ewEldSbJijp4+evpgFb/06s8a0D9/8j7Jtzl6C7ojH/Oxa6,9.024047,20.880452,15.129604
438000,a4hm1odo4MSV4R0d9ewEldSbJijp4+evpgFb/06s8a0D9/8j7Jtzl6C7ojH/Oxa6,9.733475,29.241373,16.541033
438300,a4hm1odo4MSV4R0d9ewEldSbJijp4+evpgFb/06s8a0D9/8j7Jtzl6C7ojH/Oxa6,8.288943,20.527496,15.316826999999998
438600,a4hm1odo4MSV4R0d9ewEldSbJijp4+evpgFb/06s8a0D9/8j7Jtzl6C7ojH/Oxa6,8.393911,22.707756,15.385956
438900,a4hm1odo4MSV4R0d9ewEldSbJijp4+evpgFb/06s8a0D9/8j7Jtzl6C7ojH/Oxa6,9.307771,20.085207,14.984187
439200,a4hm1odo4MSV4R0d9ewEldSbJijp4+evpgFb/06s8a0D9/8j7Jtzl6C7ojH/Oxa6,9.23323,22.490256,14.639779999999998
439500,a4hm1odo4MSV4R0d9ewEldSbJijp4+evpgFb/06s8a0D9/8j7Jtzl6C7ojH/Oxa6,8.510914,20.760143,15.128549
439800,a4hm1odo4MSV4R0d9ewEldSbJijp4+evpgFb/06s8a0D9/8j7Jtzl6C7ojH/Oxa6,10.140311,21.064932000000002,15.316072
440100,a4hm1odo4MSV4R0d9ewEldSbJijp4+evpgFb/06s8a0D9/8j7Jtzl6C7ojH/Oxa6,8.838004,20.53436,14.829460000000001
440400,a4hm1odo4MSV4R0d9ewEldSbJijp4+evpgFb/06s8a0D9/8j7Jtzl6C7ojH/Oxa6,10.166663,21.244313000000002,15.557667000000002
440700,a4hm1odo4MSV4R0d9ewEldSbJijp4+evpgFb/06s8a0D9/8j7Jtzl6C7ojH/Oxa6,8.834033999999999,20.675291,15.044201999999999
441000,a4hm1odo4MSV4R0d9ewEldSbJijp4+evpgFb/06s8a0D9/8j7Jtzl6C7ojH/Oxa6,8.267478,22.153646,15.747304000000002
441300,a4hm1odo4MSV4R0d9ewEldSbJijp4+evpgFb/06s8a0D9/8j7Jtzl6C7ojH/Oxa6,9.903551,19.510569,15.328342000000001
441600,a4hm1odo4MSV4R0d9ewEldSbJijp4+evpgFb/06s8a0D9/8j7Jtzl6C7ojH/Oxa6,7.866507,21.164404,15.282387
441900,a4hm1odo4MSV4R0d9ewEldSbJijp4+evpgFb/06s8a0D9/8j7Jtzl6C7ojH/Oxa6,8.376439,21.91431,15.093268
442200,a4hm1odo4MSV4R0d9ewEldSbJijp4+evpgFb/06s8a0D9/8j7Jtzl6C7ojH/Oxa6,8.456657,22.47417,15.26004
442500,a4hm1odo4MSV4R0d9ewEldSbJijp4+evpgFb/06s8a0D9/8j7Jtzl6C7ojH/Oxa6,9.103086,19.94712,15.063219
442800,a4hm1odo4MSV4R0d9ewEldSbJijp4+evpgFb/06s8a0D9/8j7Jtzl6C7ojH/Oxa6,9.921578,22.775686,15.338551999999998
443100,a4hm1odo4MSV4R0d9ewEldSbJijp4+evpgFb/06s8a0D9/8j7Jtzl6C7ojH/Oxa6,9.850529,19.761264999999998,14.370201000000002
443400,a4hm1odo4MSV4R0d9ewEldSbJijp4+evpgFb/06s8a0D9/8j7Jtzl6C7ojH/Oxa6,9.103844,21.038726999999998,15.199701999999998
443700,a4hm1odo4MSV4R0d9ewEldSbJijp4+evpgFb/06s8a0D9/8j7Jtzl6C7ojH/Oxa6,9.626301,21.999298,15.509032999999999
444000,a4hm1odo4MSV4R0d9ewEldSbJijp4+evpgFb/06s8a0D9/8j7Jtzl6C7ojH/Oxa6,8.712480000000001,26.036383999999998,16.255015
444300,a4hm1odo4MSV4R0d9ewEldSbJijp4+evpgFb/06s8a0D9/8j7Jtzl6C7ojH/Oxa6,10.055285000000001,19.550711,15.320576
444600,a4hm1odo4MSV4R0d9ewEldSbJijp4+evpgFb/06s8a0D9/8j7Jtzl6C7ojH/Oxa6,11.764785,20.767460999999997,15.571260999999998
444900,a4hm1odo4MSV4R0d9ewEldSbJijp4+evpgFb/06s8a0D9/8j7Jtzl6C7ojH/Oxa6,8.916978,21.332519,15.758039000000002
445200,a4hm1odo4MSV4R0d9ewEldSbJijp4+evpgFb/06s8a0D9/8j7Jtzl6C7ojH/Oxa6,9.298886999999999,20.517445000000002,15.409435
445500,a4hm1odo4MSV4R0d9ewEldSbJijp4+evpgFb/06s8a0D9/8j7Jtzl6C7ojH/Oxa6,8.318826,21.952512,14.8977
445800,a4hm1odo4MSV4R0d9ewEldSbJijp4+evpgFb/06s8a0D9/8j7Jtzl6C7ojH/Oxa6,8.434413000000001,21.691017000000002,15.495133
446100,a4hm1odo4MSV4R0d9ewEldSbJijp4+evpgFb/06s8a0D9/8j7Jtzl6C7ojH/Oxa6,8.066516,22.21134,14.951027999999999
446400,a4hm1odo4MSV4R0d9ewEldSbJijp4+evpgFb/06s8a0D9/8j7Jtzl6C7ojH/Oxa6,8.986682,21.500704000000002,15.293563
446700,a4hm1odo4MSV4R0d9ewEldSbJijp4+evpgFb/06s8a0D9/8j7Jtzl6C7ojH/Oxa6,8.373381,21.569786999999998,14.370060999999998
447000,a4hm1odo4MSV4R0d9ewEldSbJijp4+evpgFb/06s8a0D9/8j7Jtzl6C7ojH/Oxa6,10.326286,19.291453,14.933511
447300,a4hm1odo4MSV4R0d9ewEldSbJijp4+evpgFb/06s8a0D9/8j7Jtzl6C7ojH/Oxa6,8.405292,21.354360999999997,15.433608
447600,a4hm1odo4MSV4R0d9ewEldSbJijp4+evpgFb/06s8a0D9/8j7Jtzl6C7ojH/Oxa6,11.299244,19.944860000000002,15.675422
447900,a4hm1odo4MSV4R0d9ewEldSbJijp4+evpgFb/06s8a0D9/8j7Jtzl6C7ojH/Oxa6,8.598202,22.048679999999997,15.575022
448200,a4hm1odo4MSV4R0d9ewEldSbJijp4+evpgFb/06s8a0D9/8j7Jtzl6C7ojH/Oxa6,4.625532,21.177766000000002,15.188472
448500,a4hm1odo4MSV4R0d9ewEldSbJijp4+evpgFb/06s8a0D9/8j7Jtzl6C7ojH/Oxa6,9.461183,20.736701,15.275682999999999
448800,a4hm1odo4MSV4R0d9ewEldSbJijp4+evpgFb/06s8a0D9/8j7Jtzl6C7ojH/Oxa6,8.301208,21.750681,14.69369
449100,a4hm1odo4MSV4R0d9ewEldSbJijp4+evpgFb/06s8a0D9/8j7Jtzl6C7ojH/Oxa6,9.797377000000001,17.839263,15.098637
449400,a4hm1odo4MSV4R0d9ewEldSbJijp4+evpgFb/06s8a0D9/8j7Jtzl6C7ojH/Oxa6,10.916003,18.24522,15.042725
449700,a4hm1odo4MSV4R0d9ewEldSbJijp4+evpgFb/06s8a0D9/8j7Jtzl6C7ojH/Oxa6,8.418325,19.873839999999998,15.12659
450000,a4hm1odo4MSV4R0d9ewEldSbJijp4+evpgFb/06s8a0D9/8j7Jtzl6C7ojH/Oxa6,8.612249,18.653697,14.921064000000001
450300,a4hm1odo4MSV4R0d9ewEldSbJijp4+evpgFb/06s8a0D9/8j7Jtzl6C7ojH/Oxa6,8.084635,21.254557000000002,15.062624
450600,a4hm1odo4MSV4R0d9ewEldSbJijp4+evpgFb/06s8a0D9/8j7Jtzl6C7ojH/Oxa6,8.536494,20.587334,14.266181
450900,a4hm1odo4MSV4R0d9ewEldSbJijp4+evpgFb/06s8a0D9/8j7Jtzl6C7ojH/Oxa6,10.130289999999999,19.502231,15.500192000000002
451200,a4hm1odo4MSV4R0d9ewEldSbJijp4+evpgFb/06s8a0D9/8j7Jtzl6C7ojH/Oxa6,8.752988,21.36167,15.379707999999999
451500,a4hm1odo4MSV4R0d9ewEldSbJijp4+evpgFb/06s8a0D9/8j7Jtzl6C7ojH/Oxa6,12.325948,18.072333999999998,15.331412
451800,a4hm1odo4MSV4R0d9ewEldSbJijp4+evpgFb/06s8a0D9/8j7Jtzl6C7ojH/Oxa6,9.852665,22.237899,15.539426999999998
452100,a4hm1odo4MSV4R0d9ewEldSbJijp4+evpgFb/06s8a0D9/8j7Jtzl6C7ojH/Oxa6,10.878241000000001,20.327138,15.545635
452400,a4hm1odo4MSV4R0d9ewEldSbJijp4+evpgFb/06s8a0D9/8j7Jtzl6C7ojH/Oxa6,9.820443,21.140089,14.785523999999999
452700,a4hm1odo4MSV4R0d9ewEldSbJijp4+evpgFb/06s8a0D9/8j7Jtzl6C7ojH/Oxa6,9.110562,20.071279999999998,14.777042999999999
453000,a4hm1odo4MSV4R0d9ewEldSbJijp4+evpgFb/06s8a0D9/8j7Jtzl6C7ojH/Oxa6,9.186955000000001,21.874774,14.881832999999999
453300,a4hm1odo4MSV4R0d9ewEldSbJijp4+evpgFb/06s8a0D9/8j7Jtzl6C7ojH/Oxa6,11.456934,18.529073999999998,15.424252
453600,a4hm1odo4MSV4R0d9ewEldSbJijp4+evpgFb/06s8a0D9/8j7Jtzl6C7ojH/Oxa6,6.921819999999999,20.725548999999997,14.488279
453900,a4hm1odo4MSV4R0d9ewEldSbJijp4+evpgFb/06s8a0D9/8j7Jtzl6C7ojH/Oxa6,8.835955,22.242114,15.396466
454200,a4hm1odo4MSV4R0d9ewEldSbJijp4+evpgFb/06s8a0D9/8j7Jtzl6C7ojH/Oxa6,8.675459,20.24525,14.393322
454500,a4hm1odo4MSV4R0d9ewEldSbJijp4+evpgFb/06s8a0D9/8j7Jtzl6C7ojH/Oxa6,8.22439,20.934752,14.800301999999999
454800,a4hm1odo4MSV4R0d9ewEldSbJijp4+evpgFb/06s8a0D9/8j7Jtzl6C7ojH/Oxa6,9.053311,21.475925,15.303739000000002
455100,a4hm1odo4MSV4R0d9ewEldSbJijp4+evpgFb/06s8a0D9/8j7Jtzl6C7ojH/Oxa6,8.251613,21.707353,15.412346
455400,a4hm1odo4MSV4R0d9ewEldSbJijp4+evpgFb/06s8a0D9/8j7Jtzl6C7ojH/Oxa6,8.968869999999999,20.974719,15.358405
455700,a4hm1odo4MSV4R0d9ewEldSbJijp4+evpgFb/06s8a0D9/8j7Jtzl6C7ojH/Oxa6,9.104414,21.707998999999997,15.489722
456000,a4hm1odo4MSV4R0d9ewEldSbJijp4+evpgFb/06s8a0D9/8j7Jtzl6C7ojH/Oxa6,9.799416,19.25296,15.166146
456300,a4hm1odo4MSV4R0d9ewEldSbJijp4+evpgFb/06s8a0D9/8j7Jtzl6C7ojH/Oxa6,10.114171,19.585635999999997,15.608432
456600,a4hm1odo4MSV4R0d9ewEldSbJijp4+evpgFb/06s8a0D9/8j7Jtzl6C7ojH/Oxa6,8.746308,20.393875,14.807776
456900,a4hm1odo4MSV4R0d9ewEldSbJijp4+evpgFb/06s8a0D9/8j7Jtzl6C7ojH/Oxa6,7.86835,23.257243,15.652714999999999
457200,a4hm1odo4MSV4R0d9ewEldSbJijp4+evpgFb/06s8a0D9/8j7Jtzl6C7ojH/Oxa6,8.624066000000001,21.528776999999998,15.073854999999998
457500,a4hm1odo4MSV4R0d9ewEldSbJijp4+evpgFb/06s8a0D9/8j7Jtzl6C7ojH/Oxa6,8.61492,22.685579,15.10643
457800,a4hm1odo4MSV4R0d9ewEldSbJijp4+evpgFb/06s8a0D9/8j7Jtzl6C7ojH/Oxa6,9.176233,21.569171,15.4524
458100,a4hm1odo4MSV4R0d9ewEldSbJijp4+evpgFb/06s8a0D9/8j7Jtzl6C7ojH/Oxa6,9.411757000000001,21.369638000000002,13.806123999999999
458400,a4hm1odo4MSV4R0d9ewEldSbJijp4+evpgFb/06s8a0D9/8j7Jtzl6C7ojH/Oxa6,9.700787,20.606842,15.197916000000001
458700,a4hm1odo4MSV4R0d9ewEldSbJijp4+evpgFb/06s8a0D9/8j7Jtzl6C7ojH/Oxa6,9.538914,20.207898999999998,14.888607
459000,a4hm1odo4MSV4R0d9ewEldSbJijp4+evpgFb/06s8a0D9/8j7Jtzl6C7ojH/Oxa6,9.32671,20.044372,15.532625
459300,a4hm1odo4MSV4R0d9ewEldSbJijp4+evpgFb/06s8a0D9/8j7Jtzl6C7ojH/Oxa6,13.412413,18.951094,15.876335999999998
459600,a4hm1odo4MSV4R0d9ewEldSbJijp4+evpgFb/06s8a0D9/8j7Jtzl6C7ojH/Oxa6,8.721145,20.441654,15.116694
459900,a4hm1odo4MSV4R0d9ewEldSbJijp4+evpgFb/06s8a0D9/8j7Jtzl6C7ojH/Oxa6,8.895217,20.155359,14.964203
460200,a4hm1odo4MSV4R0d9ewEldSbJijp4+evpgFb/06s8a0D9/8j7Jtzl6C7ojH/Oxa6,7.213622,21.382239000000002,15.472332999999999
460500,a4hm1odo4MSV4R0d9ewEldSbJijp4+evpgFb/06s8a0D9/8j7Jtzl6C7ojH/Oxa6,9.408625,20.052612,15.053765
460800,a4hm1odo4MSV4R0d9ewEldSbJijp4+evpgFb/06s8a0D9/8j7Jtzl6C7ojH/Oxa6,9.246805,21.025037,15.067770000000001
461100,a4hm1odo4MSV4R0d9ewEldSbJijp4+evpgFb/06s8a0D9/8j7Jtzl6C7ojH/Oxa6,9.346186999999999,21.201181,15.482420000000001
461400,a4hm1odo4MSV4R0d9ewEldSbJijp4+evpgFb/06s8a0D9/8j7Jtzl6C7ojH/Oxa6,9.573041,22.118095,15.402585
461700,a4hm1odo4MSV4R0d9ewEldSbJijp4+evpgFb/06s8a0D9/8j7Jtzl6C7ojH/Oxa6,8.542910000000001,19.565066,14.829733
462000,a4hm1odo4MSV4R0d9ewEldSbJijp4+evpgFb/06s8a0D9/8j7Jtzl6C7ojH/Oxa6,9.031862,22.943462,15.352557999999998
462300,a4hm1odo4MSV4R0d9ewEldSbJijp4+evpgFb/06s8a0D9/8j7Jtzl6C7ojH/Oxa6,8.73312,23.10807,15.486395000000002
462600,a4hm1odo4MSV4R0d9ewEldSbJijp4+evpgFb/06s8a0D9/8j7Jtzl6C7ojH/Oxa6,8.689041,22.025057999999998,15.245176999999998
462900,a4hm1odo4MSV4R0d9ewEldSbJijp4+evpgFb/06s8a0D9/8j7Jtzl6C7ojH/Oxa6,9.376489999999999,20.983871,15.569232999999999
463200,a4hm1odo4MSV4R0d9ewEldSbJijp4+evpgFb/06s8a0D9/8j7Jtzl6C7ojH/Oxa6,9.792949,21.254593,14.820520000000002
463500,a4hm1odo4MSV4R0d9ewEldSbJijp4+evpgFb/06s8a0D9/8j7Jtzl6C7ojH/Oxa6,10.136379,20.722236,15.193475
463800,a4hm1odo4MSV4R0d9ewEldSbJijp4+evpgFb/06s8a0D9/8j7Jtzl6C7ojH/Oxa6,8.318529,21.365636,14.840231
464100,a4hm1odo4MSV4R0d9ewEldSbJijp4+evpgFb/06s8a0D9/8j7Jtzl6C7ojH/Oxa6,9.893083,20.230145999999998,15.212573999999998
464400,a4hm1odo4MSV4R0d9ewEldSbJijp4+evpgFb/06s8a0D9/8j7Jtzl6C7ojH/Oxa6,9.15795,21.454196,15.730518
464700,a4hm1odo4MSV4R0d9ewEldSbJijp4+evpgFb/06s8a0D9/8j7Jtzl6C7ojH/Oxa6,8.901746000000001,22.013231,15.636726000000001
465000,a4hm1odo4MSV4R0d9ewEldSbJijp4+evpgFb/06s8a0D9/8j7Jtzl6C7ojH/Oxa6,10.762095,19.310265,15.213559
465300,a4hm1odo4MSV4R0d9ewEldSbJijp4+evpgFb/06s8a0D9/8j7Jtzl6C7ojH/Oxa6,9.120836,21.078091,15.224128
465600,a4hm1odo4MSV4R0d9ewEldSbJijp4+evpgFb/06s8a0D9/8j7Jtzl6C7ojH/Oxa6,7.815133,21.566313,14.604982000000001
465900,a4hm1odo4MSV4R0d9ewEldSbJijp4+evpgFb/06s8a0D9/8j7Jtzl6C7ojH/Oxa6,9.866118,20.638633,15.054932999999998
466200,a4hm1odo4MSV4R0d9ewEldSbJijp4+evpgFb/06s8a0D9/8j7Jtzl6C7ojH/Oxa6,8.839603,20.432754,15.031896
466500,a4hm1odo4MSV4R0d9ewEldSbJijp4+evpgFb/06s8a0D9/8j7Jtzl6C7ojH/Oxa6,9.207048,21.197545,15.7733
466800,a4hm1odo4MSV4R0d9ewEldSbJijp4+evpgFb/06s8a0D9/8j7Jtzl6C7ojH/Oxa6,8.82878,21.051865,15.048417
467100,a4hm1odo4MSV4R0d9ewEldSbJijp4+evpgFb/06s8a0D9/8j7Jtzl6C7ojH/Oxa6,9.989605000000001,19.93816,14.935117000000002
467400,a4hm1odo4MSV4R0d9ewEldSbJijp4+evpgFb/06s8a0D9/8j7Jtzl6C7ojH/Oxa6,9.303008,19.647973,14.981123
467700,a4hm1odo4MSV4R0d9ewEldSbJijp4+evpgFb/06s8a0D9/8j7Jtzl6C7ojH/Oxa6,8.246182000000001,21.739391,15.241575
468000,a4hm1odo4MSV4R0d9ewEldSbJijp4+evpgFb/06s8a0D9/8j7Jtzl6C7ojH/Oxa6,9.003518,19.877936,15.170808
468300,a4hm1odo4MSV4R0d9ewEldSbJijp4+evpgFb/06s8a0D9/8j7Jtzl6C7ojH/Oxa6,10.317616000000001,22.397962,15.648089
468600,a4hm1odo4MSV4R0d9ewEldSbJijp4+evpgFb/06s8a0D9/8j7Jtzl6C7ojH/Oxa6,11.019992,19.415295,15.453735
468900,a4hm1odo4MSV4R0d9ewEldSbJijp4+evpgFb/06s8a0D9/8j7Jtzl6C7ojH/Oxa6,9.582696,20.776035999999998,15.464629
469200,a4hm1odo4MSV4R0d9ewEldSbJijp4+evpgFb/06s8a0D9/8j7Jtzl6C7ojH/Oxa6,8.838481,20.943272,15.102235999999998
469500,a4hm1odo4MSV4R0d9ewEldSbJijp4+evpgFb/06s8a0D9/8j7Jtzl6C7ojH/Oxa6,11.355603,18.968645000000002,14.575776999999999
469800,a4hm1odo4MSV4R0d9ewEldSbJijp4+evpgFb/06s8a0D9/8j7Jtzl6C7ojH/Oxa6,8.439691999999999,19.863103,14.80166
470100,a4hm1odo4MSV4R0d9ewEldSbJijp4+evpgFb/06s8a0D9/8j7Jtzl6C7ojH/Oxa6,8.889479,21.902798999999998,15.296296
470400,a4hm1odo4MSV4R0d9ewEldSbJijp4+evpgFb/06s8a0D9/8j7Jtzl6C7ojH/Oxa6,8.643866000000001,21.206049,15.241423999999999
470700,a4hm1odo4MSV4R0d9ewEldSbJijp4+evpgFb/06s8a0D9/8j7Jtzl6C7ojH/Oxa6,8.276675,21.508968,15.211570000000002
471000,a4hm1odo4MSV4R0d9ewEldSbJijp4+evpgFb/06s8a0D9/8j7Jtzl6C7ojH/Oxa6,9.175046,21.769705,14.821795999999999
471300,a4hm1odo4MSV4R0d9ewEldSbJijp4+evpgFb/06s8a0D9/8j7Jtzl6C7ojH/Oxa6,9.948967,19.01695,15.515537
471600,a4hm1odo4MSV4R0d9ewEldSbJijp4+evpgFb/06s8a0D9/8j7Jtzl6C7ojH/Oxa6,8.859555,20.30499,15.066870999999999
471900,a4hm1odo4MSV4R0d9ewEldSbJijp4+evpgFb/06s8a0D9/8j7Jtzl6C7ojH/Oxa6,9.44097,21.149429,15.067042
472200,a4hm1odo4MSV4R0d9ewEldSbJijp4+evpgFb/06s8a0D9/8j7Jtzl6C7ojH/Oxa6,9.568059,22.019234,15.32947
472500,a4hm1odo4MSV4R0d9ewEldSbJijp4+evpgFb/06s8a0D9/8j7Jtzl6C7ojH/Oxa6,8.633088,20.257379999999998,14.863629000000001
472800,a4hm1odo4MSV4R0d9ewEldSbJijp4+evpgFb/06s8a0D9/8j7Jtzl6C7ojH/Oxa6,9.663502000000001,20.253016,15.232415
473100,a4hm1odo4MSV4R0d9ewEldSbJijp4+evpgFb/06s8a0D9/8j7Jtzl6C7ojH/Oxa6,7.490457000000001,26.039788,14.905237
473400,a4hm1odo4MSV4R0d9ewEldSbJijp4+evpgFb/06s8a0D9/8j7Jtzl6C7ojH/Oxa6,9.441929,19.426834,15.651388
473700,a4hm1odo4MSV4R0d9ewEldSbJijp4+evpgFb/06s8a0D9/8j7Jtzl6C7ojH/Oxa6,7.923033,20.940549,15.283239000000002
474000,a4hm1odo4MSV4R0d9ewEldSbJijp4+evpgFb/06s8a0D9/8j7Jtzl6C7ojH/Oxa6,8.653933,20.646544,14.965264000000001
474300,a4hm1odo4MSV4R0d9ewEldSbJijp4+evpgFb/06s8a0D9/8j7Jtzl6C7ojH/Oxa6,10.886229,18.78196,15.244417000000002
474600,a4hm1odo4MSV4R0d9ewEldSbJijp4+evpgFb/06s8a0D9/8j7Jtzl6C7ojH/Oxa6,7.849576,21.552091,14.544165
474900,a4hm1odo4MSV4R0d9ewEldSbJijp4+evpgFb/06s8a0D9/8j7Jtzl6C7ojH/Oxa6,10.109345,19.684078,15.544405
475200,a4hm1odo4MSV4R0d9ewEldSbJijp4+evpgFb/06s8a0D9/8j7Jtzl6C7ojH/Oxa6,7.471760000000001,21.531167,15.056757000000001
475500,a4hm1odo4MSV4R0d9ewEldSbJijp4+evpgFb/06s8a0D9/8j7Jtzl6C7ojH/Oxa6,10.051842,20.294306,15.323585000000001
475800,a4hm1odo4MSV4R0d9ewEldSbJijp4+evpgFb/06s8a0D9/8j7Jtzl6C7ojH/Oxa6,10.071062,21.211942999999998,15.318698000000001
476100,a4hm1odo4MSV4R0d9ewEldSbJijp4+evpgFb/06s8a0D9/8j7Jtzl6C7ojH/Oxa6,8.609169999999999,20.90052,15.314785999999998
476400,a4hm1odo4MSV4R0d9ewEldSbJijp4+evpgFb/06s8a0D9/8j7Jtzl6C7ojH/Oxa6,8.179927000000001,20.156272,14.762758999999999
476700,a4hm1odo4MSV4R0d9ewEldSbJijp4+evpgFb/06s8a0D9/8j7Jtzl6C7ojH/Oxa6,9.214387,19.956278,15.558569
477000,a4hm1odo4MSV4R0d9ewEldSbJijp4+evpgFb/06s8a0D9/8j7Jtzl6C7ojH/Oxa6,6.463239,20.90855,13.998489000000001
477300,a4hm1odo4MSV4R0d9ewEldSbJijp4+evpgFb/06s8a0D9/8j7Jtzl6C7ojH/Oxa6,8.99174,19.20135,15.458628
477600,a4hm1odo4MSV4R0d9ewEldSbJijp4+evpgFb/06s8a0D9/8j7Jtzl6C7ojH/Oxa6,7.987000999999999,20.353029,15.069192000000001
477900,a4hm1odo4MSV4R0d9ewEldSbJijp4+evpgFb/06s8a0D9/8j7Jtzl6C7ojH/Oxa6,7.735301,21.480135999999998,14.698073
478200,a4hm1odo4MSV4R0d9ewEldSbJijp4+evpgFb/06s8a0D9/8j7Jtzl6C7ojH/Oxa6,9.245157,19.369736,15.113054
478500,a4hm1odo4MSV4R0d9ewEldSbJijp4+evpgFb/06s8a0D9/8j7Jtzl6C7ojH/Oxa6,8.848011,20.653013,14.919462
478800,a4hm1odo4MSV4R0d9ewEldSbJijp4+evpgFb/06s8a0D9/8j7Jtzl6C7ojH/Oxa6,9.516601,21.228645999999998,15.356339000000002
479100,a4hm1odo4MSV4R0d9ewEldSbJijp4+evpgFb/06s8a0D9/8j7Jtzl6C7ojH/Oxa6,8.259472,20.825452,15.342682
479400,a4hm1odo4MSV4R0d9ewEldSbJijp4+evpgFb/06s8a0D9/8j7Jtzl6C7ojH/Oxa6,9.66387,20.843791,15.426468
479700,a4hm1odo4MSV4R0d9ewEldSbJijp4+evpgFb/06s8a0D9/8j7Jtzl6C7ojH/Oxa6,9.503910000000001,20.237509,15.100442999999999
480000,a4hm1odo4MSV4R0d9ewEldSbJijp4+evpgFb/06s8a0D9/8j7Jtzl6C7ojH/Oxa6,11.008037,22.55294,15.516832999999998
480300,a4hm1odo4MSV4R0d9ewEldSbJijp4+evpgFb/06s8a0D9/8j7Jtzl6C7ojH/Oxa6,9.425745,21.798089,15.207385
480600,a4hm1odo4MSV4R0d9ewEldSbJijp4+evpgFb/06s8a0D9/8j7Jtzl6C7ojH/Oxa6,8.815466,22.075855999999998,14.267173000000001
480900,a4hm1odo4MSV4R0d9ewEldSbJijp4+evpgFb/06s8a0D9/8j7Jtzl6C7ojH/Oxa6,8.693406,19.591954,15.128247
481200,a4hm1odo4MSV4R0d9ewEldSbJijp4+evpgFb/06s8a0D9/8j7Jtzl6C7ojH/Oxa6,8.644618,21.287212,15.177923999999999
481500,a4hm1odo4MSV4R0d9ewEldSbJijp4+evpgFb/06s8a0D9/8j7Jtzl6C7ojH/Oxa6,8.618116,21.926447,15.665795999999999
481800,a4hm1odo4MSV4R0d9ewEldSbJijp4+evpgFb/06s8a0D9/8j7Jtzl6C7ojH/Oxa6,9.286567999999999,19.445947,14.785255
482100,a4hm1odo4MSV4R0d9ewEldSbJijp4+evpgFb/06s8a0D9/8j7Jtzl6C7ojH/Oxa6,8.672381,21.696981,14.925310000000001
482400,a4hm1odo4MSV4R0d9ewEldSbJijp4+evpgFb/06s8a0D9/8j7Jtzl6C7ojH/Oxa6,7.802675999999999,26.302513,14.543973000000001
482700,a4hm1odo4MSV4R0d9ewEldSbJijp4+evpgFb/06s8a0D9/8j7Jtzl6C7ojH/Oxa6,8.275547,19.926257,14.572229
483000,a4hm1odo4MSV4R0d9ewEldSbJijp4+evpgFb/06s8a0D9/8j7Jtzl6C7ojH/Oxa6,8.533717999999999,18.895375,13.912376
483300,a4hm1odo4MSV4R0d9ewEldSbJijp4+evpgFb/06s8a0D9/8j7Jtzl6C7ojH/Oxa6,9.173267999999998,19.911285,14.399344000000001
483600,a4hm1odo4MSV4R0d9ewEldSbJijp4+evpgFb/06s8a0D9/8j7Jtzl6C7ojH/Oxa6,9.476625,20.390620000000002,14.979582999999998
483900,a4hm1odo4MSV4R0d9ewEldSbJijp4+evpgFb/06s8a0D9/8j7Jtzl6C7ojH/Oxa6,8.087536,20.960335,14.361004000000001
484200,a4hm1odo4MSV4R0d9ewEldSbJijp4+evpgFb/06s8a0D9/8j7Jtzl6C7ojH/Oxa6,9.168068,21.278834,14.963339999999999
484500,a4hm1odo4MSV4R0d9ewEldSbJijp4+evpgFb/06s8a0D9/8j7Jtzl6C7ojH/Oxa6,10.729196,25.277279999999998,14.895132
484800,a4hm1odo4MSV4R0d9ewEldSbJijp4+evpgFb/06s8a0D9/8j7Jtzl6C7ojH/Oxa6,8.915144999999999,20.868317,14.559597
485100,a4hm1odo4MSV4R0d9ewEldSbJijp4+evpgFb/06s8a0D9/8j7Jtzl6C7ojH/Oxa6,8.349772999999999,19.817007,15.017693
485400,a4hm1odo4MSV4R0d9ewEldSbJijp4+evpgFb/06s8a0D9/8j7Jtzl6C7ojH/Oxa6,8.434833,19.433228,14.387082000000001
485700,a4hm1odo4MSV4R0d9ewEldSbJijp4+evpgFb/06s8a0D9/8j7Jtzl6C7ojH/Oxa6,8.64553,21.099098,15.323599
486000,a4hm1odo4MSV4R0d9ewEldSbJijp4+evpgFb/06s8a0D9/8j7Jtzl6C7ojH/Oxa6,10.040434,18.716843,14.33041
486300,a4hm1odo4MSV4R0d9ewEldSbJijp4+evpgFb/06s8a0D9/8j7Jtzl6C7ojH/Oxa6,8.91352,20.095194,14.644173
486600,a4hm1odo4MSV4R0d9ewEldSbJijp4+evpgFb/06s8a0D9/8j7Jtzl6C7ojH/Oxa6,6.164773,20.720809,14.333141
486900,a4hm1odo4MSV4R0d9ewEldSbJijp4+evpgFb/06s8a0D9/8j7Jtzl6C7ojH/Oxa6,9.275319,18.33223,14.860548000000001
487200,a4hm1odo4MSV4R0d9ewEldSbJijp4+evpgFb/06s8a0D9/8j7Jtzl6C7ojH/Oxa6,12.313719,17.120703,14.987672
487500,a4hm1odo4MSV4R0d9ewEldSbJijp4+evpgFb/06s8a0D9/8j7Jtzl6C7ojH/Oxa6,7.805248,20.654064,14.902601999999998
487800,a4hm1odo4MSV4R0d9ewEldSbJijp4+evpgFb/06s8a0D9/8j7Jtzl6C7ojH/Oxa6,7.693086,20.621969,14.308289000000002
488100,a4hm1odo4MSV4R0d9ewEldSbJijp4+evpgFb/06s8a0D9/8j7Jtzl6C7ojH/Oxa6,7.231495,21.185331,14.808163
488400,a4hm1odo4MSV4R0d9ewEldSbJijp4+evpgFb/06s8a0D9/8j7Jtzl6C7ojH/Oxa6,8.050082000000002,18.217288,14.006037
488700,a4hm1odo4MSV4R0d9ewEldSbJijp4+evpgFb/06s8a0D9/8j7Jtzl6C7ojH/Oxa6,9.281221,20.017393,15.03055
489000,a4hm1odo4MSV4R0d9ewEldSbJijp4+evpgFb/06s8a0D9/8j7Jtzl6C7ojH/Oxa6,7.6826039999999995,20.365694,14.473479000000001
489300,a4hm1odo4MSV4R0d9ewEldSbJijp4+evpgFb/06s8a0D9/8j7Jtzl6C7ojH/Oxa6,9.023439999999999,22.075502,14.410254
489600,a4hm1odo4MSV4R0d9ewEldSbJijp4+evpgFb/06s8a0D9/8j7Jtzl6C7ojH/Oxa6,8.554648,21.724171,15.507535
489900,a4hm1odo4MSV4R0d9ewEldSbJijp4+evpgFb/06s8a0D9/8j7Jtzl6C7ojH/Oxa6,7.930888,21.100746,14.662335
490200,a4hm1odo4MSV4R0d9ewEldSbJijp4+evpgFb/06s8a0D9/8j7Jtzl6C7ojH/Oxa6,8.015374000000001,21.856985,15.333082999999998
490500,a4hm1odo4MSV4R0d9ewEldSbJijp4+evpgFb/06s8a0D9/8j7Jtzl6C7ojH/Oxa6,10.029192,24.030125,15.864557999999999
490800,a4hm1odo4MSV4R0d9ewEldSbJijp4+evpgFb/06s8a0D9/8j7Jtzl6C7ojH/Oxa6,8.715829,21.159581,14.647623999999999
491100,a4hm1odo4MSV4R0d9ewEldSbJijp4+evpgFb/06s8a0D9/8j7Jtzl6C7ojH/Oxa6,8.2951,19.572247,14.768816000000001
491400,a4hm1odo4MSV4R0d9ewEldSbJijp4+evpgFb/06s8a0D9/8j7Jtzl6C7ojH/Oxa6,15.019289,92.253888,48.165368
491700,a4hm1odo4MSV4R0d9ewEldSbJijp4+evpgFb/06s8a0D9/8j7Jtzl6C7ojH/Oxa6,26.710244,85.338341,55.371389
492000,a4hm1odo4MSV4R0d9ewEldSbJijp4+evpgFb/06s8a0D9/8j7Jtzl6C7ojH/Oxa6,16.011810999999998,94.731719,56.689381000000004
492300,a4hm1odo4MSV4R0d9ewEldSbJijp4+evpgFb/06s8a0D9/8j7Jtzl6C7ojH/Oxa6,30.075279,89.1976,58.049454000000004
492600,a4hm1odo4MSV4R0d9ewEldSbJijp4+evpgFb/06s8a0D9/8j7Jtzl6C7ojH/Oxa6,34.228133,66.537593,50.188353
492900,a4hm1odo4MSV4R0d9ewEldSbJijp4+evpgFb/06s8a0D9/8j7Jtzl6C7ojH/Oxa6,31.909423999999998,83.84446700000001,53.269513
493200,a4hm1odo4MSV4R0d9ewEldSbJijp4+evpgFb/06s8a0D9/8j7Jtzl6C7ojH/Oxa6,36.85727,85.37415,58.270571999999994
493500,a4hm1odo4MSV4R0d9ewEldSbJijp4+evpgFb/06s8a0D9/8j7Jtzl6C7ojH/Oxa6,28.373775,89.501673,58.149145
493800,a4hm1odo4MSV4R0d9ewEldSbJijp4+evpgFb/06s8a0D9/8j7Jtzl6C7ojH/Oxa6,19.223716,98.705857,58.727052
494100,a4hm1odo4MSV4R0d9ewEldSbJijp4+evpgFb/06s8a0D9/8j7Jtzl6C7ojH/Oxa6,41.333502,73.283335,57.102427
494400,a4hm1odo4MSV4R0d9ewEldSbJijp4+evpgFb/06s8a0D9/8j7Jtzl6C7ojH/Oxa6,46.421195000000004,70.332592,57.159156
494700,a4hm1odo4MSV4R0d9ewEldSbJijp4+evpgFb/06s8a0D9/8j7Jtzl6C7ojH/Oxa6,42.963712,71.74292,55.561071
495000,a4hm1odo4MSV4R0d9ewEldSbJijp4+evpgFb/06s8a0D9/8j7Jtzl6C7ojH/Oxa6,41.260186,73.129165,57.566247
495300,a4hm1odo4MSV4R0d9ewEldSbJijp4+evpgFb/06s8a0D9/8j7Jtzl6C7ojH/Oxa6,37.295189,75.502274,57.518159999999995
495600,a4hm1odo4MSV4R0d9ewEldSbJijp4+evpgFb/06s8a0D9/8j7Jtzl6C7ojH/Oxa6,33.574964,58.487182,46.437090000000005
495900,a4hm1odo4MSV4R0d9ewEldSbJijp4+evpgFb/06s8a0D9/8j7Jtzl6C7ojH/Oxa6,35.267902,81.232805,56.550109
496200,a4hm1odo4MSV4R0d9ewEldSbJijp4+evpgFb/06s8a0D9/8j7Jtzl6C7ojH/Oxa6,28.640215,85.95223,58.098057
496500,a4hm1odo4MSV4R0d9ewEldSbJijp4+evpgFb/06s8a0D9/8j7Jtzl6C7ojH/Oxa6,23.628935000000002,96.628571,58.517812
496800,a4hm1odo4MSV4R0d9ewEldSbJijp4+evpgFb/06s8a0D9/8j7Jtzl6C7ojH/Oxa6,9.861385,65.17268299999999,28.376690999999997
497100,a4hm1odo4MSV4R0d9ewEldSbJijp4+evpgFb/06s8a0D9/8j7Jtzl6C7ojH/Oxa6,8.708252,21.890452,15.3028
497400,a4hm1odo4MSV4R0d9ewEldSbJijp4+evpgFb/06s8a0D9/8j7Jtzl6C7ojH/Oxa6,8.200951,19.241035,14.581956
497700,a4hm1odo4MSV4R0d9ewEldSbJijp4+evpgFb/06s8a0D9/8j7Jtzl6C7ojH/Oxa6,7.118075999999999,21.090975,14.759274
498000,a4hm1odo4MSV4R0d9ewEldSbJijp4+evpgFb/06s8a0D9/8j7Jtzl6C7ojH/Oxa6,9.850434,21.636184,15.386326
498300,a4hm1odo4MSV4R0d9ewEldSbJijp4+evpgFb/06s8a0D9/8j7Jtzl6C7ojH/Oxa6,9.821942,18.708142000000002,15.064407000000001
498600,a4hm1odo4MSV4R0d9ewEldSbJijp4+evpgFb/06s8a0D9/8j7Jtzl6C7ojH/Oxa6,8.750596,20.779692,15.034057
498900,a4hm1odo4MSV4R0d9ewEldSbJijp4+evpgFb/06s8a0D9/8j7Jtzl6C7ojH/Oxa6,7.461635,21.11877,15.376254000000001
499200,a4hm1odo4MSV4R0d9ewEldSbJijp4+evpgFb/06s8a0D9/8j7Jtzl6C7ojH/Oxa6,7.865182000000001,19.807279,14.375936
499500,a4hm1odo4MSV4R0d9ewEldSbJijp4+evpgFb/06s8a0D9/8j7Jtzl6C7ojH/Oxa6,7.7142550000000005,20.747165,14.369268
499800,a4hm1odo4MSV4R0d9ewEldSbJijp4+evpgFb/06s8a0D9/8j7Jtzl6C7ojH/Oxa6,8.299817000000001,20.945264,14.785445999999999
500100,a4hm1odo4MSV4R0d9ewEldSbJijp4+evpgFb/06s8a0D9/8j7Jtzl6C7ojH/Oxa6,8.754134,19.132348,14.475648999999999
500400,a4hm1odo4MSV4R0d9ewEldSbJijp4+evpgFb/06s8a0D9/8j7Jtzl6C7ojH/Oxa6,11.347112,17.472964,14.832397
500700,a4hm1odo4MSV4R0d9ewEldSbJijp4+evpgFb/06s8a0D9/8j7Jtzl6C7ojH/Oxa6,9.079719,19.326626,15.346411999999999
501000,a4hm1odo4MSV4R0d9ewEldSbJijp4+evpgFb/06s8a0D9/8j7Jtzl6C7ojH/Oxa6,8.954508,21.672619,15.04079
501300,a4hm1odo4MSV4R0d9ewEldSbJijp4+evpgFb/06s8a0D9/8j7Jtzl6C7ojH/Oxa6,10.787714999999999,18.78199,15.292707
501600,a4hm1odo4MSV4R0d9ewEldSbJijp4+evpgFb/06s8a0D9/8j7Jtzl6C7ojH/Oxa6,8.662192999999998,20.851101,15.175773999999999
501900,a4hm1odo4MSV4R0d9ewEldSbJijp4+evpgFb/06s8a0D9/8j7Jtzl6C7ojH/Oxa6,8.125106,22.235221,15.023674
502200,a4hm1odo4MSV4R0d9ewEldSbJijp4+evpgFb/06s8a0D9/8j7Jtzl6C7ojH/Oxa6,8.395245,19.894701,15.328863
502500,a4hm1odo4MSV4R0d9ewEldSbJijp4+evpgFb/06s8a0D9/8j7Jtzl6C7ojH/Oxa6,10.190485,21.006987,14.474571
502800,a4hm1odo4MSV4R0d9ewEldSbJijp4+evpgFb/06s8a0D9/8j7Jtzl6C7ojH/Oxa6,9.554615,19.016161999999998,14.689819
503100,a4hm1odo4MSV4R0d9ewEldSbJijp4+evpgFb/06s8a0D9/8j7Jtzl6C7ojH/Oxa6,9.09962,19.537346,14.652107
503400,a4hm1odo4MSV4R0d9ewEldSbJijp4+evpgFb/06s8a0D9/8j7Jtzl6C7ojH/Oxa6,8.390903,21.291706,14.082804999999999
503700,a4hm1odo4MSV4R0d9ewEldSbJijp4+evpgFb/06s8a0D9/8j7Jtzl6C7ojH/Oxa6,7.9871039999999995,20.465726,14.728497
504000,a4hm1odo4MSV4R0d9ewEldSbJijp4+evpgFb/06s8a0D9/8j7Jtzl6C7ojH/Oxa6,7.783146,20.963410999999997,14.599687
504300,a4hm1odo4MSV4R0d9ewEldSbJijp4+evpgFb/06s8a0D9/8j7Jtzl6C7ojH/Oxa6,9.189499,20.928573999999998,15.0042
504600,a4hm1odo4MSV4R0d9ewEldSbJijp4+evpgFb/06s8a0D9/8j7Jtzl6C7ojH/Oxa6,7.133925,20.905336,14.35658
504900,a4hm1odo4MSV4R0d9ewEldSbJijp4+evpgFb/06s8a0D9/8j7Jtzl6C7ojH/Oxa6,10.843382,18.547992,14.905322
505200,a4hm1odo4MSV4R0d9ewEldSbJijp4+evpgFb/06s8a0D9/8j7Jtzl6C7ojH/Oxa6,9.809113,19.255889,14.395564000000002
505500,a4hm1odo4MSV4R0d9ewEldSbJijp4+evpgFb/06s8a0D9/8j7Jtzl6C7ojH/Oxa6,7.855964,21.014967000000002,14.379302
505800,a4hm1odo4MSV4R0d9ewEldSbJijp4+evpgFb/06s8a0D9/8j7Jtzl6C7ojH/Oxa6,8.920653999999999,19.419753,14.840470000000002
506100,a4hm1odo4MSV4R0d9ewEldSbJijp4+evpgFb/06s8a0D9/8j7Jtzl6C7ojH/Oxa6,8.813907,27.069284000000003,15.568887
506400,a4hm1odo4MSV4R0d9ewEldSbJijp4+evpgFb/06s8a0D9/8j7Jtzl6C7ojH/Oxa6,8.695464,19.547307,14.383729
506700,a4hm1odo4MSV4R0d9ewEldSbJijp4+evpgFb/06s8a0D9/8j7Jtzl6C7ojH/Oxa6,7.449058,21.745458,14.563177
507000,a4hm1odo4MSV4R0d9ewEldSbJijp4+evpgFb/06s8a0D9/8j7Jtzl6C7ojH/Oxa6,8.041022,18.861716,14.237441
507300,a4hm1odo4MSV4R0d9ewEldSbJijp4+evpgFb/06s8a0D9/8j7Jtzl6C7ojH/Oxa6,8.56683,20.125643,14.648925
507600,a4hm1odo4MSV4R0d9ewEldSbJijp4+evpgFb/06s8a0D9/8j7Jtzl6C7ojH/Oxa6,8.378461999999999,21.292923000000002,15.349666000000001
507900,a4hm1odo4MSV4R0d9ewEldSbJijp4+evpgFb/06s8a0D9/8j7Jtzl6C7ojH/Oxa6,9.551687,37.444018,17.984369
508200,a4hm1odo4MSV4R0d9ewEldSbJijp4+evpgFb/06s8a0D9/8j7Jtzl6C7ojH/Oxa6,9.315889,19.876788,15.039952
508500,a4hm1odo4MSV4R0d9ewEldSbJijp4+evpgFb/06s8a0D9/8j7Jtzl6C7ojH/Oxa6,9.535846000000001,20.509486,15.151019
508800,a4hm1odo4MSV4R0d9ewEldSbJijp4+evpgFb/06s8a0D9/8j7Jtzl6C7ojH/Oxa6,8.908612,21.252233,15.60176
509100,a4hm1odo4MSV4R0d9ewEldSbJijp4+evpgFb/06s8a0D9/8j7Jtzl6C7ojH/Oxa6,8.457977,20.442953,14.564260999999998
509400,a4hm1odo4MSV4R0d9ewEldSbJijp4+evpgFb/06s8a0D9/8j7Jtzl6C7ojH/Oxa6,10.712144,19.079309,15.255539
509700,a4hm1odo4MSV4R0d9ewEldSbJijp4+evpgFb/06s8a0D9/8j7Jtzl6C7ojH/Oxa6,9.570454,20.992635,15.506491
510000,a4hm1odo4MSV4R0d9ewEldSbJijp4+evpgFb/06s8a0D9/8j7Jtzl6C7ojH/Oxa6,9.437482000000001,19.082029000000002,15.374966
510300,a4hm1odo4MSV4R0d9ewEldSbJijp4+evpgFb/06s8a0D9/8j7Jtzl6C7ojH/Oxa6,8.630806,20.778005,14.985116
510600,a4hm1odo4MSV4R0d9ewEldSbJijp4+evpgFb/06s8a0D9/8j7Jtzl6C7ojH/Oxa6,8.618285,19.386264,14.539241
510900,a4hm1odo4MSV4R0d9ewEldSbJijp4+evpgFb/06s8a0D9/8j7Jtzl6C7ojH/Oxa6,8.921973,18.423108,13.974413
511200,a4hm1odo4MSV4R0d9ewEldSbJijp4+evpgFb/06s8a0D9/8j7Jtzl6C7ojH/Oxa6,10.67975,18.557764000000002,15.213556
511500,a4hm1odo4MSV4R0d9ewEldSbJijp4+evpgFb/06s8a0D9/8j7Jtzl6C7ojH/Oxa6,12.894521000000001,17.461878,15.2306
511800,a4hm1odo4MSV4R0d9ewEldSbJijp4+evpgFb/06s8a0D9/8j7Jtzl6C7ojH/Oxa6,8.40422,20.903582999999998,14.671807999999999
512100,a4hm1odo4MSV4R0d9ewEldSbJijp4+evpgFb/06s8a0D9/8j7Jtzl6C7ojH/Oxa6,7.375471000000001,20.410877,15.107089000000002
512400,a4hm1odo4MSV4R0d9ewEldSbJijp4+evpgFb/06s8a0D9/8j7Jtzl6C7ojH/Oxa6,8.477607,21.707832999999997,15.110852
512700,a4hm1odo4MSV4R0d9ewEldSbJijp4+evpgFb/06s8a0D9/8j7Jtzl6C7ojH/Oxa6,8.862616000000001,20.639657,15.397753
513000,a4hm1odo4MSV4R0d9ewEldSbJijp4+evpgFb/06s8a0D9/8j7Jtzl6C7ojH/Oxa6,9.982165,19.830370000000002,14.934044
513300,a4hm1odo4MSV4R0d9ewEldSbJijp4+evpgFb/06s8a0D9/8j7Jtzl6C7ojH/Oxa6,9.000183,20.487451,15.248785
513600,a4hm1odo4MSV4R0d9ewEldSbJijp4+evpgFb/06s8a0D9/8j7Jtzl6C7ojH/Oxa6,9.750922000000001,19.86875,15.023963
513900,a4hm1odo4MSV4R0d9ewEldSbJijp4+evpgFb/06s8a0D9/8j7Jtzl6C7ojH/Oxa6,9.361668,20.608555,14.825628
514200,a4hm1odo4MSV4R0d9ewEldSbJijp4+evpgFb/06s8a0D9/8j7Jtzl6C7ojH/Oxa6,7.078154,21.172537,14.543718
514500,a4hm1odo4MSV4R0d9ewEldSbJijp4+evpgFb/06s8a0D9/8j7Jtzl6C7ojH/Oxa6,8.082115,20.024625,13.609599
514800,a4hm1odo4MSV4R0d9ewEldSbJijp4+evpgFb/06s8a0D9/8j7Jtzl6C7ojH/Oxa6,9.056845,19.417494,14.633932000000001
515100,a4hm1odo4MSV4R0d9ewEldSbJijp4+evpgFb/06s8a0D9/8j7Jtzl6C7ojH/Oxa6,9.124313,19.770023000000002,14.874979000000002
515400,a4hm1odo4MSV4R0d9ewEldSbJijp4+evpgFb/06s8a0D9/8j7Jtzl6C7ojH/Oxa6,8.526377,20.159367,14.716262
515700,a4hm1odo4MSV4R0d9ewEldSbJijp4+evpgFb/06s8a0D9/8j7Jtzl6C7ojH/Oxa6,9.490392,19.761411,15.177942999999999
516000,a4hm1odo4MSV4R0d9ewEldSbJijp4+evpgFb/06s8a0D9/8j7Jtzl6C7ojH/Oxa6,9.93524,18.035216000000002,14.685768
516300,a4hm1odo4MSV4R0d9ewEldSbJijp4+evpgFb/06s8a0D9/8j7Jtzl6C7ojH/Oxa6,10.6304,19.769664000000002,15.135484
516600,a4hm1odo4MSV4R0d9ewEldSbJijp4+evpgFb/06s8a0D9/8j7Jtzl6C7ojH/Oxa6,8.983535,19.803314,14.967979000000001
516900,a4hm1odo4MSV4R0d9ewEldSbJijp4+evpgFb/06s8a0D9/8j7Jtzl6C7ojH/Oxa6,11.103746000000001,19.375223000000002,14.950173999999999
517200,a4hm1odo4MSV4R0d9ewEldSbJijp4+evpgFb/06s8a0D9/8j7Jtzl6C7ojH/Oxa6,10.447294,19.016653,14.802857000000001
517500,a4hm1odo4MSV4R0d9ewEldSbJijp4+evpgFb/06s8a0D9/8j7Jtzl6C7ojH/Oxa6,9.347686999999999,21.280602,15.149104000000001
517800,a4hm1odo4MSV4R0d9ewEldSbJijp4+evpgFb/06s8a0D9/8j7Jtzl6C7ojH/Oxa6,8.708998,20.550615,14.835123999999999
518100,a4hm1odo4MSV4R0d9ewEldSbJijp4+evpgFb/06s8a0D9/8j7Jtzl6C7ojH/Oxa6,9.553421,19.352498,14.535105
518400,a4hm1odo4MSV4R0d9ewEldSbJijp4+evpgFb/06s8a0D9/8j7Jtzl6C7ojH/Oxa6,9.470237,20.186429,13.93949
518700,a4hm1odo4MSV4R0d9ewEldSbJijp4+evpgFb/06s8a0D9/8j7Jtzl6C7ojH/Oxa6,9.584757000000002,19.946046,14.65603
519000,a4hm1odo4MSV4R0d9ewEldSbJijp4+evpgFb/06s8a0D9/8j7Jtzl6C7ojH/Oxa6,9.931215,19.735342000000003,15.357005
519300,a4hm1odo4MSV4R0d9ewEldSbJijp4+evpgFb/06s8a0D9/8j7Jtzl6C7ojH/Oxa6,9.681712,19.306767999999998,15.521761999999999
519600,a4hm1odo4MSV4R0d9ewEldSbJijp4+evpgFb/06s8a0D9/8j7Jtzl6C7ojH/Oxa6,7.59881,19.993566,15.053103
519900,a4hm1odo4MSV4R0d9ewEldSbJijp4+evpgFb/06s8a0D9/8j7Jtzl6C7ojH/Oxa6,9.318392,19.974791,15.382864000000001
520200,a4hm1odo4MSV4R0d9ewEldSbJijp4+evpgFb/06s8a0D9/8j7Jtzl6C7ojH/Oxa6,7.159772,19.689262,14.624763
520500,a4hm1odo4MSV4R0d9ewEldSbJijp4+evpgFb/06s8a0D9/8j7Jtzl6C7ojH/Oxa6,9.54186,20.028903,15.011939000000002
520800,a4hm1odo4MSV4R0d9ewEldSbJijp4+evpgFb/06s8a0D9/8j7Jtzl6C7ojH/Oxa6,8.581745,20.91726,15.277021
521100,a4hm1odo4MSV4R0d9ewEldSbJijp4+evpgFb/06s8a0D9/8j7Jtzl6C7ojH/Oxa6,9.409533,18.941341,14.523719
521400,a4hm1odo4MSV4R0d9ewEldSbJijp4+evpgFb/06s8a0D9/8j7Jtzl6C7ojH/Oxa6,9.173713000000001,20.172031,14.6238
521700,a4hm1odo4MSV4R0d9ewEldSbJijp4+evpgFb/06s8a0D9/8j7Jtzl6C7ojH/Oxa6,7.203167999999999,20.011886999999998,14.558217
522000,a4hm1odo4MSV4R0d9ewEldSbJijp4+evpgFb/06s8a0D9/8j7Jtzl6C7ojH/Oxa6,7.133942,19.653517,14.259381
522300,a4hm1odo4MSV4R0d9ewEldSbJijp4+evpgFb/06s8a0D9/8j7Jtzl6C7ojH/Oxa6,9.300469,20.317684,14.581273999999999
522600,a4hm1odo4MSV4R0d9ewEldSbJijp4+evpgFb/06s8a0D9/8j7Jtzl6C7ojH/Oxa6,7.89763,20.66319,15.056601
522900,a4hm1odo4MSV4R0d9ewEldSbJijp4+evpgFb/06s8a0D9/8j7Jtzl6C7ojH/Oxa6,9.559104,20.25049,15.226033
523200,a4hm1odo4MSV4R0d9ewEldSbJijp4+evpgFb/06s8a0D9/8j7Jtzl6C7ojH/Oxa6,8.317442999999999,19.361538,14.919085
523500,a4hm1odo4MSV4R0d9ewEldSbJijp4+evpgFb/06s8a0D9/8j7Jtzl6C7ojH/Oxa6,8.752163000000001,27.622107,15.32041
523800,a4hm1odo4MSV4R0d9ewEldSbJijp4+evpgFb/06s8a0D9/8j7Jtzl6C7ojH/Oxa6,8.933287,21.179832,15.172799
524100,a4hm1odo4MSV4R0d9ewEldSbJijp4+evpgFb/06s8a0D9/8j7Jtzl6C7ojH/Oxa6,8.272669,22.423963,15.294885
524400,a4hm1odo4MSV4R0d9ewEldSbJijp4+evpgFb/06s8a0D9/8j7Jtzl6C7ojH/Oxa6,9.087102999999999,21.087657999999998,15.308577
524700,a4hm1odo4MSV4R0d9ewEldSbJijp4+evpgFb/06s8a0D9/8j7Jtzl6C7ojH/Oxa6,10.216812,20.040979,15.481751999999998
525000,a4hm1odo4MSV4R0d9ewEldSbJijp4+evpgFb/06s8a0D9/8j7Jtzl6C7ojH/Oxa6,8.649111999999999,21.21399,14.899182000000001
525300,a4hm1odo4MSV4R0d9ewEldSbJijp4+evpgFb/06s8a0D9/8j7Jtzl6C7ojH/Oxa6,10.880111,20.07593,14.661751
525600,a4hm1odo4MSV4R0d9ewEldSbJijp4+evpgFb/06s8a0D9/8j7Jtzl6C7ojH/Oxa6,9.041957,20.382951000000002,14.524052
525900,a4hm1odo4MSV4R0d9ewEldSbJijp4+evpgFb/06s8a0D9/8j7Jtzl6C7ojH/Oxa6,8.156812,19.152662,13.772679
526200,a4hm1odo4MSV4R0d9ewEldSbJijp4+evpgFb/06s8a0D9/8j7Jtzl6C7ojH/Oxa6,8.121936,20.869598999999997,14.830728
526500,a4hm1odo4MSV4R0d9ewEldSbJijp4+evpgFb/06s8a0D9/8j7Jtzl6C7ojH/Oxa6,7.1703600000000005,20.238449,14.475554
526800,a4hm1odo4MSV4R0d9ewEldSbJijp4+evpgFb/06s8a0D9/8j7Jtzl6C7ojH/Oxa6,8.602061,21.55729,14.734105
527100,a4hm1odo4MSV4R0d9ewEldSbJijp4+evpgFb/06s8a0D9/8j7Jtzl6C7ojH/Oxa6,9.143251,21.44812,15.925367000000001
527400,a4hm1odo4MSV4R0d9ewEldSbJijp4+evpgFb/06s8a0D9/8j7Jtzl6C7ojH/Oxa6,9.221133,21.40642,15.097221
527700,a4hm1odo4MSV4R0d9ewEldSbJijp4+evpgFb/06s8a0D9/8j7Jtzl6C7ojH/Oxa6,9.020251,22.104948,15.757860999999998
528000,a4hm1odo4MSV4R0d9ewEldSbJijp4+evpgFb/06s8a0D9/8j7Jtzl6C7ojH/Oxa6,7.452029,21.311246,14.586397
528300,a4hm1odo4MSV4R0d9ewEldSbJijp4+evpgFb/06s8a0D9/8j7Jtzl6C7ojH/Oxa6,11.547705,20.216829999999998,15.230981
528600,a4hm1odo4MSV4R0d9ewEldSbJijp4+evpgFb/06s8a0D9/8j7Jtzl6C7ojH/Oxa6,9.075254,20.815396,14.861998000000002
528900,a4hm1odo4MSV4R0d9ewEldSbJijp4+evpgFb/06s8a0D9/8j7Jtzl6C7ojH/Oxa6,8.239101,20.71451,14.969288
529200,a4hm1odo4MSV4R0d9ewEldSbJijp4+evpgFb/06s8a0D9/8j7Jtzl6C7ojH/Oxa6,7.882860000000001,24.547715,15.369695000000002
529500,a4hm1odo4MSV4R0d9ewEldSbJijp4+evpgFb/06s8a0D9/8j7Jtzl6C7ojH/Oxa6,8.449672,20.546343,14.922873999999998
529800,a4hm1odo4MSV4R0d9ewEldSbJijp4+evpgFb/06s8a0D9/8j7Jtzl6C7ojH/Oxa6,6.997058999999999,21.454586,14.548945999999999
530100,a4hm1odo4MSV4R0d9ewEldSbJijp4+evpgFb/06s8a0D9/8j7Jtzl6C7ojH/Oxa6,8.877293,19.70935,15.512832000000001
530400,a4hm1odo4MSV4R0d9ewEldSbJijp4+evpgFb/06s8a0D9/8j7Jtzl6C7ojH/Oxa6,9.656382,20.186159,15.35653
530700,a4hm1odo4MSV4R0d9ewEldSbJijp4+evpgFb/06s8a0D9/8j7Jtzl6C7ojH/Oxa6,11.405105,18.949272,15.307538000000001
531000,a4hm1odo4MSV4R0d9ewEldSbJijp4+evpgFb/06s8a0D9/8j7Jtzl6C7ojH/Oxa6,10.580276,19.267417000000002,15.497557999999998
531300,a4hm1odo4MSV4R0d9ewEldSbJijp4+evpgFb/06s8a0D9/8j7Jtzl6C7ojH/Oxa6,8.062373,21.609995,15.233262
531600,a4hm1odo4MSV4R0d9ewEldSbJijp4+evpgFb/06s8a0D9/8j7Jtzl6C7ojH/Oxa6,9.89391,19.184647000000002,14.618324
531900,a4hm1odo4MSV4R0d9ewEldSbJijp4+evpgFb/06s8a0D9/8j7Jtzl6C7ojH/Oxa6,9.77395,18.949257,15.390166
532200,a4hm1odo4MSV4R0d9ewEldSbJijp4+evpgFb/06s8a0D9/8j7Jtzl6C7ojH/Oxa6,8.568559,20.579404999999998,15.395439000000001
532500,a4hm1odo4MSV4R0d9ewEldSbJijp4+evpgFb/06s8a0D9/8j7Jtzl6C7ojH/Oxa6,8.780981,19.310802,14.913877
532800,a4hm1odo4MSV4R0d9ewEldSbJijp4+evpgFb/06s8a0D9/8j7Jtzl6C7ojH/Oxa6,10.466388,19.042417999999998,15.188320999999998
533100,a4hm1odo4MSV4R0d9ewEldSbJijp4+evpgFb/06s8a0D9/8j7Jtzl6C7ojH/Oxa6,9.493839999999999,24.235262,15.955345999999999
533400,a4hm1odo4MSV4R0d9ewEldSbJijp4+evpgFb/06s8a0D9/8j7Jtzl6C7ojH/Oxa6,9.55622,22.470528,14.506751000000001
533700,a4hm1odo4MSV4R0d9ewEldSbJijp4+evpgFb/06s8a0D9/8j7Jtzl6C7ojH/Oxa6,12.833159,19.704929,15.899534
534000,a4hm1odo4MSV4R0d9ewEldSbJijp4+evpgFb/06s8a0D9/8j7Jtzl6C7ojH/Oxa6,9.953545,20.922337,15.48204
534300,a4hm1odo4MSV4R0d9ewEldSbJijp4+evpgFb/06s8a0D9/8j7Jtzl6C7ojH/Oxa6,8.748876,20.739514,15.084109
534600,a4hm1odo4MSV4R0d9ewEldSbJijp4+evpgFb/06s8a0D9/8j7Jtzl6C7ojH/Oxa6,8.589379,22.37732,15.384128
534900,a4hm1odo4MSV4R0d9ewEldSbJijp4+evpgFb/06s8a0D9/8j7Jtzl6C7ojH/Oxa6,8.054333999999999,22.388162,15.231271
535200,a4hm1odo4MSV4R0d9ewEldSbJijp4+evpgFb/06s8a0D9/8j7Jtzl6C7ojH/Oxa6,8.332934,19.359999,14.147926000000002
535500,a4hm1odo4MSV4R0d9ewEldSbJijp4+evpgFb/06s8a0D9/8j7Jtzl6C7ojH/Oxa6,9.349842,21.985677,15.245733999999999
535800,a4hm1odo4MSV4R0d9ewEldSbJijp4+evpgFb/06s8a0D9/8j7Jtzl6C7ojH/Oxa6,9.2977,21.321265,15.312415
536100,a4hm1odo4MSV4R0d9ewEldSbJijp4+evpgFb/06s8a0D9/8j7Jtzl6C7ojH/Oxa6,9.80995,20.33606,15.163167000000001
536400,a4hm1odo4MSV4R0d9ewEldSbJijp4+evpgFb/06s8a0D9/8j7Jtzl6C7ojH/Oxa6,9.940237,27.391194,14.765510999999998
536700,a4hm1odo4MSV4R0d9ewEldSbJijp4+evpgFb/06s8a0D9/8j7Jtzl6C7ojH/Oxa6,8.644979,20.283988,14.421101
537000,a4hm1odo4MSV4R0d9ewEldSbJijp4+evpgFb/06s8a0D9/8j7Jtzl6C7ojH/Oxa6,9.303699,21.756044,15.185058999999999
537300,a4hm1odo4MSV4R0d9ewEldSbJijp4+evpgFb/06s8a0D9/8j7Jtzl6C7ojH/Oxa6,7.3299449999999995,20.468232,14.396982999999999
537600,a4hm1odo4MSV4R0d9ewEldSbJijp4+evpgFb/06s8a0D9/8j7Jtzl6C7ojH/Oxa6,9.491311999999999,19.893059,15.025717000000002
537900,a4hm1odo4MSV4R0d9ewEldSbJijp4+evpgFb/06s8a0D9/8j7Jtzl6C7ojH/Oxa6,10.106672999999999,18.094817000000003,14.736329000000001
538200,a4hm1odo4MSV4R0d9ewEldSbJijp4+evpgFb/06s8a0D9/8j7Jtzl6C7ojH/Oxa6,8.856964,19.997069,14.924381
538500,a4hm1odo4MSV4R0d9ewEldSbJijp4+evpgFb/06s8a0D9/8j7Jtzl6C7ojH/Oxa6,9.093336,18.538521,14.62246
538800,a4hm1odo4MSV4R0d9ewEldSbJijp4+evpgFb/06s8a0D9/8j7Jtzl6C7ojH/Oxa6,9.690398,19.536129000000003,14.23659
539100,a4hm1odo4MSV4R0d9ewEldSbJijp4+evpgFb/06s8a0D9/8j7Jtzl6C7ojH/Oxa6,10.435732000000002,19.720709,15.170394
539400,a4hm1odo4MSV4R0d9ewEldSbJijp4+evpgFb/06s8a0D9/8j7Jtzl6C7ojH/Oxa6,8.990242,20.305685,14.835467999999999
539700,a4hm1odo4MSV4R0d9ewEldSbJijp4+evpgFb/06s8a0D9/8j7Jtzl6C7ojH/Oxa6,8.437016999999999,20.371584,14.677513000000001
540000,a4hm1odo4MSV4R0d9ewEldSbJijp4+evpgFb/06s8a0D9/8j7Jtzl6C7ojH/Oxa6,9.377219,19.310359,14.791456
540300,a4hm1odo4MSV4R0d9ewEldSbJijp4+evpgFb/06s8a0D9/8j7Jtzl6C7ojH/Oxa6,9.048247,20.525206,14.716265
540600,a4hm1odo4MSV4R0d9ewEldSbJijp4+evpgFb/06s8a0D9/8j7Jtzl6C7ojH/Oxa6,9.621837,18.76586,14.741265
540900,a4hm1odo4MSV4R0d9ewEldSbJijp4+evpgFb/06s8a0D9/8j7Jtzl6C7ojH/Oxa6,8.444144999999999,19.416647,13.797270000000001
541200,a4hm1odo4MSV4R0d9ewEldSbJijp4+evpgFb/06s8a0D9/8j7Jtzl6C7ojH/Oxa6,9.204673,20.450091,14.584491
541500,a4hm1odo4MSV4R0d9ewEldSbJijp4+evpgFb/06s8a0D9/8j7Jtzl6C7ojH/Oxa6,9.028878,21.894872,14.687032
541800,a4hm1odo4MSV4R0d9ewEldSbJijp4+evpgFb/06s8a0D9/8j7Jtzl6C7ojH/Oxa6,9.115959,19.521010999999998,15.124547
542100,a4hm1odo4MSV4R0d9ewEldSbJijp4+evpgFb/06s8a0D9/8j7Jtzl6C7ojH/Oxa6,11.970367999999999,16.969112,15.057995000000002
542400,a4hm1odo4MSV4R0d9ewEldSbJijp4+evpgFb/06s8a0D9/8j7Jtzl6C7ojH/Oxa6,9.119785,20.425187,14.943373000000001
542700,a4hm1odo4MSV4R0d9ewEldSbJijp4+evpgFb/06s8a0D9/8j7Jtzl6C7ojH/Oxa6,8.522355000000001,21.363649,15.148092000000002
543000,a4hm1odo4MSV4R0d9ewEldSbJijp4+evpgFb/06s8a0D9/8j7Jtzl6C7ojH/Oxa6,7.773492999999999,22.599904000000002,14.63001
543300,a4hm1odo4MSV4R0d9ewEldSbJijp4+evpgFb/06s8a0D9/8j7Jtzl6C7ojH/Oxa6,8.059503999999999,20.511232,15.193007000000001
543600,a4hm1odo4MSV4R0d9ewEldSbJijp4+evpgFb/06s8a0D9/8j7Jtzl6C7ojH/Oxa6,9.19873,21.59902,15.693566
543900,a4hm1odo4MSV4R0d9ewEldSbJijp4+evpgFb/06s8a0D9/8j7Jtzl6C7ojH/Oxa6,8.726185000000001,20.981404,14.702317
544200,a4hm1odo4MSV4R0d9ewEldSbJijp4+evpgFb/06s8a0D9/8j7Jtzl6C7ojH/Oxa6,8.474298,19.95491,14.836184
544500,a4hm1odo4MSV4R0d9ewEldSbJijp4+evpgFb/06s8a0D9/8j7Jtzl6C7ojH/Oxa6,9.371807,21.851419,15.664748000000001
544800,a4hm1odo4MSV4R0d9ewEldSbJijp4+evpgFb/06s8a0D9/8j7Jtzl6C7ojH/Oxa6,7.4789330000000005,20.917227,14.206999
545100,a4hm1odo4MSV4R0d9ewEldSbJijp4+evpgFb/06s8a0D9/8j7Jtzl6C7ojH/Oxa6,8.8009,21.132929,15.803704000000002
545400,a4hm1odo4MSV4R0d9ewEldSbJijp4+evpgFb/06s8a0D9/8j7Jtzl6C7ojH/Oxa6,9.492296000000001,20.353751000000003,15.238615
545700,a4hm1odo4MSV4R0d9ewEldSbJijp4+evpgFb/06s8a0D9/8j7Jtzl6C7ojH/Oxa6,8.2369,21.454604999999997,15.174854000000002
546000,a4hm1odo4MSV4R0d9ewEldSbJijp4+evpgFb/06s8a0D9/8j7Jtzl6C7ojH/Oxa6,8.126911999999999,20.706289,14.981512
546300,a4hm1odo4MSV4R0d9ewEldSbJijp4+evpgFb/06s8a0D9/8j7Jtzl6C7ojH/Oxa6,9.153356,21.418129,15.228817000000001
546600,a4hm1odo4MSV4R0d9ewEldSbJijp4+evpgFb/06s8a0D9/8j7Jtzl6C7ojH/Oxa6,8.942202,20.632435,15.132631
546900,a4hm1odo4MSV4R0d9ewEldSbJijp4+evpgFb/06s8a0D9/8j7Jtzl6C7ojH/Oxa6,8.507379,19.28416,14.662447
547200,a4hm1odo4MSV4R0d9ewEldSbJijp4+evpgFb/06s8a0D9/8j7Jtzl6C7ojH/Oxa6,8.974655,19.977675,14.655656
547500,a4hm1odo4MSV4R0d9ewEldSbJijp4+evpgFb/06s8a0D9/8j7Jtzl6C7ojH/Oxa6,10.046161999999999,19.859820000000003,15.102606
547800,a4hm1odo4MSV4R0d9ewEldSbJijp4+evpgFb/06s8a0D9/8j7Jtzl6C7ojH/Oxa6,9.265543,20.487306,15.115777
548100,a4hm1odo4MSV4R0d9ewEldSbJijp4+evpgFb/06s8a0D9/8j7Jtzl6C7ojH/Oxa6,8.925307,21.463376,15.439882
548400,a4hm1odo4MSV4R0d9ewEldSbJijp4+evpgFb/06s8a0D9/8j7Jtzl6C7ojH/Oxa6,8.485446000000001,20.96959,14.144521
548700,a4hm1odo4MSV4R0d9ewEldSbJijp4+evpgFb/06s8a0D9/8j7Jtzl6C7ojH/Oxa6,8.385330999999999,20.137042,14.711777
549000,a4hm1odo4MSV4R0d9ewEldSbJijp4+evpgFb/06s8a0D9/8j7Jtzl6C7ojH/Oxa6,9.772588,18.974179,14.401078
549300,a4hm1odo4MSV4R0d9ewEldSbJijp4+evpgFb/06s8a0D9/8j7Jtzl6C7ojH/Oxa6,9.672286999999999,17.947803,14.768483999999999
549600,a4hm1odo4MSV4R0d9ewEldSbJijp4+evpgFb/06s8a0D9/8j7Jtzl6C7ojH/Oxa6,8.261845,22.071635999999998,14.935799
549900,a4hm1odo4MSV4R0d9ewEldSbJijp4+evpgFb/06s8a0D9/8j7Jtzl6C7ojH/Oxa6,10.520938000000001,21.368105,15.731622
550200,a4hm1odo4MSV4R0d9ewEldSbJijp4+evpgFb/06s8a0D9/8j7Jtzl6C7ojH/Oxa6,11.499576,19.390889,15.262617
550500,a4hm1odo4MSV4R0d9ewEldSbJijp4+evpgFb/06s8a0D9/8j7Jtzl6C7ojH/Oxa6,9.282991,20.661246,15.330259
550800,a4hm1odo4MSV4R0d9ewEldSbJijp4+evpgFb/06s8a0D9/8j7Jtzl6C7ojH/Oxa6,9.020087,21.607359,15.146459
551100,a4hm1odo4MSV4R0d9ewEldSbJijp4+evpgFb/06s8a0D9/8j7Jtzl6C7ojH/Oxa6,8.953564,20.013317,14.855535
551400,a4hm1odo4MSV4R0d9ewEldSbJijp4+evpgFb/06s8a0D9/8j7Jtzl6C7ojH/Oxa6,9.686865,20.354509,15.503079000000001
551700,a4hm1odo4MSV4R0d9ewEldSbJijp4+evpgFb/06s8a0D9/8j7Jtzl6C7ojH/Oxa6,8.417658,21.742815,15.028209
552000,a4hm1odo4MSV4R0d9ewEldSbJijp4+evpgFb/06s8a0D9/8j7Jtzl6C7ojH/Oxa6,8.941984,21.200148000000002,15.452935
552300,a4hm1odo4MSV4R0d9ewEldSbJijp4+evpgFb/06s8a0D9/8j7Jtzl6C7ojH/Oxa6,9.113603999999999,20.831971,14.050654000000002
552600,a4hm1odo4MSV4R0d9ewEldSbJijp4+evpgFb/06s8a0D9/8j7Jtzl6C7ojH/Oxa6,8.211996000000001,35.332526,16.348835
552900,a4hm1odo4MSV4R0d9ewEldSbJijp4+evpgFb/06s8a0D9/8j7Jtzl6C7ojH/Oxa6,9.194127,21.621427,15.548926999999999
553200,a4hm1odo4MSV4R0d9ewEldSbJijp4+evpgFb/06s8a0D9/8j7Jtzl6C7ojH/Oxa6,9.369308,20.43696,15.236335
553500,a4hm1odo4MSV4R0d9ewEldSbJijp4+evpgFb/06s8a0D9/8j7Jtzl6C7ojH/Oxa6,8.768175999999999,20.469565,15.293648999999998
553800,a4hm1odo4MSV4R0d9ewEldSbJijp4+evpgFb/06s8a0D9/8j7Jtzl6C7ojH/Oxa6,9.035336000000001,20.392439000000003,15.292784
554100,a4hm1odo4MSV4R0d9ewEldSbJijp4+evpgFb/06s8a0D9/8j7Jtzl6C7ojH/Oxa6,9.521025999999999,18.143957999999998,15.167862
554400,a4hm1odo4MSV4R0d9ewEldSbJijp4+evpgFb/06s8a0D9/8j7Jtzl6C7ojH/Oxa6,8.974076,19.145341000000002,15.103396
554700,a4hm1odo4MSV4R0d9ewEldSbJijp4+evpgFb/06s8a0D9/8j7Jtzl6C7ojH/Oxa6,9.509317,21.739245999999998,15.643407999999999
555000,a4hm1odo4MSV4R0d9ewEldSbJijp4+evpgFb/06s8a0D9/8j7Jtzl6C7ojH/Oxa6,7.949056,20.805279000000002,14.765748
555300,a4hm1odo4MSV4R0d9ewEldSbJijp4+evpgFb/06s8a0D9/8j7Jtzl6C7ojH/Oxa6,9.303550999999999,21.211169,15.334139000000002
555600,a4hm1odo4MSV4R0d9ewEldSbJijp4+evpgFb/06s8a0D9/8j7Jtzl6C7ojH/Oxa6,8.183442,20.491432999999997,14.958421
555900,a4hm1odo4MSV4R0d9ewEldSbJijp4+evpgFb/06s8a0D9/8j7Jtzl6C7ojH/Oxa6,8.267330000000001,18.694408,14.511636
556200,a4hm1odo4MSV4R0d9ewEldSbJijp4+evpgFb/06s8a0D9/8j7Jtzl6C7ojH/Oxa6,8.066367,21.047873000000003,14.311320000000002
556500,a4hm1odo4MSV4R0d9ewEldSbJijp4+evpgFb/06s8a0D9/8j7Jtzl6C7ojH/Oxa6,7.788907000000001,21.715776,14.758884
556800,a4hm1odo4MSV4R0d9ewEldSbJijp4+evpgFb/06s8a0D9/8j7Jtzl6C7ojH/Oxa6,8.649068,21.594889000000002,15.090938000000001
557100,a4hm1odo4MSV4R0d9ewEldSbJijp4+evpgFb/06s8a0D9/8j7Jtzl6C7ojH/Oxa6,8.58286,20.163503,14.522445000000001
557400,a4hm1odo4MSV4R0d9ewEldSbJijp4+evpgFb/06s8a0D9/8j7Jtzl6C7ojH/Oxa6,8.755512,21.343154000000002,14.918694
557700,a4hm1odo4MSV4R0d9ewEldSbJijp4+evpgFb/06s8a0D9/8j7Jtzl6C7ojH/Oxa6,8.612195,21.10527,15.056817
558000,a4hm1odo4MSV4R0d9ewEldSbJijp4+evpgFb/06s8a0D9/8j7Jtzl6C7ojH/Oxa6,9.040078999999999,20.433647,15.416559
558300,a4hm1odo4MSV4R0d9ewEldSbJijp4+evpgFb/06s8a0D9/8j7Jtzl6C7ojH/Oxa6,8.55813,19.522375,14.368692999999999
558600,a4hm1odo4MSV4R0d9ewEldSbJijp4+evpgFb/06s8a0D9/8j7Jtzl6C7ojH/Oxa6,8.876722000000001,33.225834000000006,15.952615
558900,a4hm1odo4MSV4R0d9ewEldSbJijp4+evpgFb/06s8a0D9/8j7Jtzl6C7ojH/Oxa6,9.272146000000001,21.540699,14.922789999999999
559200,a4hm1odo4MSV4R0d9ewEldSbJijp4+evpgFb/06s8a0D9/8j7Jtzl6C7ojH/Oxa6,6.881728999999999,20.757064,15.012626000000001
559500,a4hm1odo4MSV4R0d9ewEldSbJijp4+evpgFb/06s8a0D9/8j7Jtzl6C7ojH/Oxa6,8.840525999999999,23.907434,15.612627
559800,a4hm1odo4MSV4R0d9ewEldSbJijp4+evpgFb/06s8a0D9/8j7Jtzl6C7ojH/Oxa6,7.232844,20.684653,14.077631
560100,a4hm1odo4MSV4R0d9ewEldSbJijp4+evpgFb/06s8a0D9/8j7Jtzl6C7ojH/Oxa6,9.407575999999999,22.416722,15.58336
560400,a4hm1odo4MSV4R0d9ewEldSbJijp4+evpgFb/06s8a0D9/8j7Jtzl6C7ojH/Oxa6,9.928795,19.602777,14.449942000000002
560700,a4hm1odo4MSV4R0d9ewEldSbJijp4+evpgFb/06s8a0D9/8j7Jtzl6C7ojH/Oxa6,8.491357,19.788693,14.759507999999999
561000,a4hm1odo4MSV4R0d9ewEldSbJijp4+evpgFb/06s8a0D9/8j7Jtzl6C7ojH/Oxa6,10.405058,18.743208,14.820319
561300,a4hm1odo4MSV4R0d9ewEldSbJijp4+evpgFb/06s8a0D9/8j7Jtzl6C7ojH/Oxa6,8.397557,24.961615,15.359628
561600,a4hm1odo4MSV4R0d9ewEldSbJijp4+evpgFb/06s8a0D9/8j7Jtzl6C7ojH/Oxa6,11.004906,19.116032999999998,15.437922
561900,a4hm1odo4MSV4R0d9ewEldSbJijp4+evpgFb/06s8a0D9/8j7Jtzl6C7ojH/Oxa6,13.153701000000002,17.43431,14.958697
562200,a4hm1odo4MSV4R0d9ewEldSbJijp4+evpgFb/06s8a0D9/8j7Jtzl6C7ojH/Oxa6,9.752474000000001,29.829596000000002,16.146243
562500,a4hm1odo4MSV4R0d9ewEldSbJijp4+evpgFb/06s8a0D9/8j7Jtzl6C7ojH/Oxa6,9.729167,20.354988,14.929129999999999
562800,a4hm1odo4MSV4R0d9ewEldSbJijp4+evpgFb/06s8a0D9/8j7Jtzl6C7ojH/Oxa6,8.199931,21.325143,14.643635
563100,a4hm1odo4MSV4R0d9ewEldSbJijp4+evpgFb/06s8a0D9/8j7Jtzl6C7ojH/Oxa6,9.515017,20.278256,14.586544
563400,a4hm1odo4MSV4R0d9ewEldSbJijp4+evpgFb/06s8a0D9/8j7Jtzl6C7ojH/Oxa6,8.360742,19.975219,14.68118
563700,a4hm1odo4MSV4R0d9ewEldSbJijp4+evpgFb/06s8a0D9/8j7Jtzl6C7ojH/Oxa6,8.791727,19.806747,14.154433
564000,a4hm1odo4MSV4R0d9ewEldSbJijp4+evpgFb/06s8a0D9/8j7Jtzl6C7ojH/Oxa6,7.410209,19.790487,14.203810999999998
564300,a4hm1odo4MSV4R0d9ewEldSbJijp4+evpgFb/06s8a0D9/8j7Jtzl6C7ojH/Oxa6,8.280832,20.103752,14.629432999999999
564600,a4hm1odo4MSV4R0d9ewEldSbJijp4+evpgFb/06s8a0D9/8j7Jtzl6C7ojH/Oxa6,9.141173,19.607836,14.237175
564900,a4hm1odo4MSV4R0d9ewEldSbJijp4+evpgFb/06s8a0D9/8j7Jtzl6C7ojH/Oxa6,9.584878,20.774936999999998,14.971070000000001
565200,a4hm1odo4MSV4R0d9ewEldSbJijp4+evpgFb/06s8a0D9/8j7Jtzl6C7ojH/Oxa6,8.85637,20.536841,15.111789000000002
565500,a4hm1odo4MSV4R0d9ewEldSbJijp4+evpgFb/06s8a0D9/8j7Jtzl6C7ojH/Oxa6,9.595016000000001,20.692572,15.472223000000001
565800,a4hm1odo4MSV4R0d9ewEldSbJijp4+evpgFb/06s8a0D9/8j7Jtzl6C7ojH/Oxa6,9.356038999999999,19.598461999999998,14.662016
566100,a4hm1odo4MSV4R0d9ewEldSbJijp4+evpgFb/06s8a0D9/8j7Jtzl6C7ojH/Oxa6,8.588263000000001,19.991037,14.402553
566400,a4hm1odo4MSV4R0d9ewEldSbJijp4+evpgFb/06s8a0D9/8j7Jtzl6C7ojH/Oxa6,9.526902999999999,20.104960000000002,15.247895999999999
566700,a4hm1odo4MSV4R0d9ewEldSbJijp4+evpgFb/06s8a0D9/8j7Jtzl6C7ojH/Oxa6,8.086541,20.087014,14.660442000000002
567000,a4hm1odo4MSV4R0d9ewEldSbJijp4+evpgFb/06s8a0D9/8j7Jtzl6C7ojH/Oxa6,8.238396,21.305331,15.176530999999999
567300,a4hm1odo4MSV4R0d9ewEldSbJijp4+evpgFb/06s8a0D9/8j7Jtzl6C7ojH/Oxa6,10.048096000000001,19.754854,13.893251000000001
567600,a4hm1odo4MSV4R0d9ewEldSbJijp4+evpgFb/06s8a0D9/8j7Jtzl6C7ojH/Oxa6,9.241732,20.237968,14.992176999999998
567900,a4hm1odo4MSV4R0d9ewEldSbJijp4+evpgFb/06s8a0D9/8j7Jtzl6C7ojH/Oxa6,9.446337,19.370672,14.999263000000001
568200,a4hm1odo4MSV4R0d9ewEldSbJijp4+evpgFb/06s8a0D9/8j7Jtzl6C7ojH/Oxa6,9.222534,19.636022,14.48293
568500,a4hm1odo4MSV4R0d9ewEldSbJijp4+evpgFb/06s8a0D9/8j7Jtzl6C7ojH/Oxa6,7.7198970000000005,21.562178,14.565795000000001
568800,a4hm1odo4MSV4R0d9ewEldSbJijp4+evpgFb/06s8a0D9/8j7Jtzl6C7ojH/Oxa6,11.274433,19.806995,15.339826
569100,a4hm1odo4MSV4R0d9ewEldSbJijp4+evpgFb/06s8a0D9/8j7Jtzl6C7ojH/Oxa6,9.334351,20.330105,14.556551999999998
569400,a4hm1odo4MSV4R0d9ewEldSbJijp4+evpgFb/06s8a0D9/8j7Jtzl6C7ojH/Oxa6,8.621334,21.448511,14.758019
569700,a4hm1odo4MSV4R0d9ewEldSbJijp4+evpgFb/06s8a0D9/8j7Jtzl6C7ojH/Oxa6,9.044132000000001,21.230401,14.989232000000001
570000,a4hm1odo4MSV4R0d9ewEldSbJijp4+evpgFb/06s8a0D9/8j7Jtzl6C7ojH/Oxa6,7.633887,21.881903,15.015409
570300,a4hm1odo4MSV4R0d9ewEldSbJijp4+evpgFb/06s8a0D9/8j7Jtzl6C7ojH/Oxa6,8.47374,21.770559,14.501736
570600,a4hm1odo4MSV4R0d9ewEldSbJijp4+evpgFb/06s8a0D9/8j7Jtzl6C7ojH/Oxa6,9.086058,20.685610999999998,14.773546
570900,a4hm1odo4MSV4R0d9ewEldSbJijp4+evpgFb/06s8a0D9/8j7Jtzl6C7ojH/Oxa6,8.82475,21.763136,14.792860000000001
571200,a4hm1odo4MSV4R0d9ewEldSbJijp4+evpgFb/06s8a0D9/8j7Jtzl6C7ojH/Oxa6,8.325286,18.992914000000003,13.870907999999998
571500,a4hm1odo4MSV4R0d9ewEldSbJijp4+evpgFb/06s8a0D9/8j7Jtzl6C7ojH/Oxa6,9.482080999999999,21.720474,15.594573
571800,a4hm1odo4MSV4R0d9ewEldSbJijp4+evpgFb/06s8a0D9/8j7Jtzl6C7ojH/Oxa6,9.384364,20.00378,14.668949
572100,a4hm1odo4MSV4R0d9ewEldSbJijp4+evpgFb/06s8a0D9/8j7Jtzl6C7ojH/Oxa6,8.55103,22.155267000000002,15.200435
572400,a4hm1odo4MSV4R0d9ewEldSbJijp4+evpgFb/06s8a0D9/8j7Jtzl6C7ojH/Oxa6,8.317967,20.937042,15.128124
572700,a4hm1odo4MSV4R0d9ewEldSbJijp4+evpgFb/06s8a0D9/8j7Jtzl6C7ojH/Oxa6,6.967775,21.178066,14.715051999999998
573000,a4hm1odo4MSV4R0d9ewEldSbJijp4+evpgFb/06s8a0D9/8j7Jtzl6C7ojH/Oxa6,7.8157309999999995,20.713532,15.126066
573300,a4hm1odo4MSV4R0d9ewEldSbJijp4+evpgFb/06s8a0D9/8j7Jtzl6C7ojH/Oxa6,8.969802,21.711378,15.441278
573600,a4hm1odo4MSV4R0d9ewEldSbJijp4+evpgFb/06s8a0D9/8j7Jtzl6C7ojH/Oxa6,8.462708000000001,20.638034,15.005026
573900,a4hm1odo4MSV4R0d9ewEldSbJijp4+evpgFb/06s8a0D9/8j7Jtzl6C7ojH/Oxa6,9.060536,20.16957,15.115979000000001
574200,a4hm1odo4MSV4R0d9ewEldSbJijp4+evpgFb/06s8a0D9/8j7Jtzl6C7ojH/Oxa6,8.47492,21.538575,14.889984
574500,a4hm1odo4MSV4R0d9ewEldSbJijp4+evpgFb/06s8a0D9/8j7Jtzl6C7ojH/Oxa6,9.022594,23.230512,15.342618
574800,a4hm1odo4MSV4R0d9ewEldSbJijp4+evpgFb/06s8a0D9/8j7Jtzl6C7ojH/Oxa6,6.508768,19.967833,13.524545000000002
575100,a4hm1odo4MSV4R0d9ewEldSbJijp4+evpgFb/06s8a0D9/8j7Jtzl6C7ojH/Oxa6,8.844928999999999,22.129967999999998,15.255353
575400,a4hm1odo4MSV4R0d9ewEldSbJijp4+evpgFb/06s8a0D9/8j7Jtzl6C7ojH/Oxa6,9.109127,21.846989,15.726966
575700,a4hm1odo4MSV4R0d9ewEldSbJijp4+evpgFb/06s8a0D9/8j7Jtzl6C7ojH/Oxa6,5.695541,21.137342,14.913008
576000,a4hm1odo4MSV4R0d9ewEldSbJijp4+evpgFb/06s8a0D9/8j7Jtzl6C7ojH/Oxa6,8.055538,20.291437,14.654632999999999
576300,a4hm1odo4MSV4R0d9ewEldSbJijp4+evpgFb/06s8a0D9/8j7Jtzl6C7ojH/Oxa6,8.643996000000001,20.995708999999998,15.013710000000001
576600,a4hm1odo4MSV4R0d9ewEldSbJijp4+evpgFb/06s8a0D9/8j7Jtzl6C7ojH/Oxa6,7.969924000000001,21.674891,15.504365
576900,a4hm1odo4MSV4R0d9ewEldSbJijp4+evpgFb/06s8a0D9/8j7Jtzl6C7ojH/Oxa6,8.456878999999999,21.371467000000003,15.347826000000001
577200,a4hm1odo4MSV4R0d9ewEldSbJijp4+evpgFb/06s8a0D9/8j7Jtzl6C7ojH/Oxa6,10.013067,18.564811,15.335243
577500,a4hm1odo4MSV4R0d9ewEldSbJijp4+evpgFb/06s8a0D9/8j7Jtzl6C7ojH/Oxa6,8.419659,21.385858,15.092216
577800,a4hm1odo4MSV4R0d9ewEldSbJijp4+evpgFb/06s8a0D9/8j7Jtzl6C7ojH/Oxa6,11.93166,82.908598,48.001954
578100,a4hm1odo4MSV4R0d9ewEldSbJijp4+evpgFb/06s8a0D9/8j7Jtzl6C7ojH/Oxa6,33.410575,72.601327,54.981761
578400,a4hm1odo4MSV4R0d9ewEldSbJijp4+evpgFb/06s8a0D9/8j7Jtzl6C7ojH/Oxa6,40.814997999999996,73.824547,57.213809
578700,a4hm1odo4MSV4R0d9ewEldSbJijp4+evpgFb/06s8a0D9/8j7Jtzl6C7ojH/Oxa6,43.122876,71.848548,57.75184
579000,a4hm1odo4MSV4R0d9ewEldSbJijp4+evpgFb/06s8a0D9/8j7Jtzl6C7ojH/Oxa6,18.36835,72.31534,49.289813
579300,a4hm1odo4MSV4R0d9ewEldSbJijp4+evpgFb/06s8a0D9/8j7Jtzl6C7ojH/Oxa6,24.376659,91.430458,54.640770999999994
579600,a4hm1odo4MSV4R0d9ewEldSbJijp4+evpgFb/06s8a0D9/8j7Jtzl6C7ojH/Oxa6,29.226792,88.025644,57.801487
579900,a4hm1odo4MSV4R0d9ewEldSbJijp4+evpgFb/06s8a0D9/8j7Jtzl6C7ojH/Oxa6,36.692077000000005,78.454589,58.317887
580200,a4hm1odo4MSV4R0d9ewEldSbJijp4+evpgFb/06s8a0D9/8j7Jtzl6C7ojH/Oxa6,34.074028000000006,83.852347,59.130336
580500,a4hm1odo4MSV4R0d9ewEldSbJijp4+evpgFb/06s8a0D9/8j7Jtzl6C7ojH/Oxa6,42.120903000000006,74.916066,57.599081000000005
580800,a4hm1odo4MSV4R0d9ewEldSbJijp4+evpgFb/06s8a0D9/8j7Jtzl6C7ojH/Oxa6,40.408814,75.753857,57.063407999999995
581100,a4hm1odo4MSV4R0d9ewEldSbJijp4+evpgFb/06s8a0D9/8j7Jtzl6C7ojH/Oxa6,41.509423999999996,70.258996,55.467273
581400,a4hm1odo4MSV4R0d9ewEldSbJijp4+evpgFb/06s8a0D9/8j7Jtzl6C7ojH/Oxa6,36.384792,82.515763,58.204432
581700,a4hm1odo4MSV4R0d9ewEldSbJijp4+evpgFb/06s8a0D9/8j7Jtzl6C7ojH/Oxa6,23.831733,83.255408,56.624951
582000,a4hm1odo4MSV4R0d9ewEldSbJijp4+evpgFb/06s8a0D9/8j7Jtzl6C7ojH/Oxa6,26.684061,63.030626,47.462633000000004
582300,a4hm1odo4MSV4R0d9ewEldSbJijp4+evpgFb/06s8a0D9/8j7Jtzl6C7ojH/Oxa6,13.537645999999999,97.23433,57.477971999999994
582600,a4hm1odo4MSV4R0d9ewEldSbJijp4+evpgFb/06s8a0D9/8j7Jtzl6C7ojH/Oxa6,38.431866,78.377639,58.46894399999999
582900,a4hm1odo4MSV4R0d9ewEldSbJijp4+evpgFb/06s8a0D9/8j7Jtzl6C7ojH/Oxa6,34.412817,83.099239,58.30641899999999
583200,a4hm1odo4MSV4R0d9ewEldSbJijp4+evpgFb/06s8a0D9/8j7Jtzl6C7ojH/Oxa6,12.704941,41.830971000000005,17.286549
583500,a4hm1odo4MSV4R0d9ewEldSbJijp4+evpgFb/06s8a0D9/8j7Jtzl6C7ojH/Oxa6,8.678653,20.311761999999998,15.070682000000001
583800,a4hm1odo4MSV4R0d9ewEldSbJijp4+evpgFb/06s8a0D9/8j7Jtzl6C7ojH/Oxa6,9.196856,22.170516,15.503409
584100,a4hm1odo4MSV4R0d9ewEldSbJijp4+evpgFb/06s8a0D9/8j7Jtzl6C7ojH/Oxa6,9.338153,20.683413,15.308041000000001
584400,a4hm1odo4MSV4R0d9ewEldSbJijp4+evpgFb/06s8a0D9/8j7Jtzl6C7ojH/Oxa6,6.948994,20.926705,14.931192000000001
584700,a4hm1odo4MSV4R0d9ewEldSbJijp4+evpgFb/06s8a0D9/8j7Jtzl6C7ojH/Oxa6,9.390952,19.799024,15.062249
585000,a4hm1odo4MSV4R0d9ewEldSbJijp4+evpgFb/06s8a0D9/8j7Jtzl6C7ojH/Oxa6,9.249637,21.347739,15.517210999999998
585300,a4hm1odo4MSV4R0d9ewEldSbJijp4+evpgFb/06s8a0D9/8j7Jtzl6C7ojH/Oxa6,8.704692999999999,21.560679,15.293515
585600,a4hm1odo4MSV4R0d9ewEldSbJijp4+evpgFb/06s8a0D9/8j7Jtzl6C7ojH/Oxa6,8.456053,26.743421,15.746998999999999
585900,a4hm1odo4MSV4R0d9ewEldSbJijp4+evpgFb/06s8a0D9/8j7Jtzl6C7ojH/Oxa6,8.693358,21.539275,15.312510000000001
586200,a4hm1odo4MSV4R0d9ewEldSbJijp4+evpgFb/06s8a0D9/8j7Jtzl6C7ojH/Oxa6,8.808435000000001,21.563419,14.582014000000001
586500,a4hm1odo4MSV4R0d9ewEldSbJijp4+evpgFb/06s8a0D9/8j7Jtzl6C7ojH/Oxa6,8.801623,22.010355,14.929606
586800,a4hm1odo4MSV4R0d9ewEldSbJijp4+evpgFb/06s8a0D9/8j7Jtzl6C7ojH/Oxa6,12.694649,17.330702,15.457906
587100,a4hm1odo4MSV4R0d9ewEldSbJijp4+evpgFb/06s8a0D9/8j7Jtzl6C7ojH/Oxa6,9.213571,21.022842999999998,15.425042000000001
587400,a4hm1odo4MSV4R0d9ewEldSbJijp4+evpgFb/06s8a0D9/8j7Jtzl6C7ojH/Oxa6,9.376951,19.793335,15.265310000000001
587700,a4hm1odo4MSV4R0d9ewEldSbJijp4+evpgFb/06s8a0D9/8j7Jtzl6C7ojH/Oxa6,9.583697,21.247125,15.031585999999999
588000,a4hm1odo4MSV4R0d9ewEldSbJijp4+evpgFb/06s8a0D9/8j7Jtzl6C7ojH/Oxa6,9.72759,20.408757,15.351870000000002
588300,a4hm1odo4MSV4R0d9ewEldSbJijp4+evpgFb/06s8a0D9/8j7Jtzl6C7ojH/Oxa6,9.113586,19.537554999999998,15.330885999999998
588600,a4hm1odo4MSV4R0d9ewEldSbJijp4+evpgFb/06s8a0D9/8j7Jtzl6C7ojH/Oxa6,9.954132000000001,21.072948,15.616947
588900,a4hm1odo4MSV4R0d9ewEldSbJijp4+evpgFb/06s8a0D9/8j7Jtzl6C7ojH/Oxa6,9.622906,20.095913,15.296073000000002
589200,a4hm1odo4MSV4R0d9ewEldSbJijp4+evpgFb/06s8a0D9/8j7Jtzl6C7ojH/Oxa6,8.09785,21.032164,14.764634
589500,a4hm1odo4MSV4R0d9ewEldSbJijp4+evpgFb/06s8a0D9/8j7Jtzl6C7ojH/Oxa6,9.362281,20.368737,14.579722
589800,a4hm1odo4MSV4R0d9ewEldSbJijp4+evpgFb/06s8a0D9/8j7Jtzl6C7ojH/Oxa6,8.422945,21.813273000000002,14.936813
590100,a4hm1odo4MSV4R0d9ewEldSbJijp4+evpgFb/06s8a0D9/8j7Jtzl6C7ojH/Oxa6,8.699972,19.753455,14.208389000000002
590400,a4hm1odo4MSV4R0d9ewEldSbJijp4+evpgFb/06s8a0D9/8j7Jtzl6C7ojH/Oxa6,8.778191,18.890399,15.016557999999998
590700,a4hm1odo4MSV4R0d9ewEldSbJijp4+evpgFb/06s8a0D9/8j7Jtzl6C7ojH/Oxa6,9.085902,20.728368,15.27634
591000,a4hm1odo4MSV4R0d9ewEldSbJijp4+evpgFb/06s8a0D9/8j7Jtzl6C7ojH/Oxa6,8.188861,22.111419,15.330148999999999
591300,a4hm1odo4MSV4R0d9ewEldSbJijp4+evpgFb/06s8a0D9/8j7Jtzl6C7ojH/Oxa6,9.059009,20.427064,14.913553
591600,a4hm1odo4MSV4R0d9ewEldSbJijp4+evpgFb/06s8a0D9/8j7Jtzl6C7ojH/Oxa6,8.923333999999999,22.296931,15.513537
591900,a4hm1odo4MSV4R0d9ewEldSbJijp4+evpgFb/06s8a0D9/8j7Jtzl6C7ojH/Oxa6,9.327242,20.819421,15.409382999999998
592200,a4hm1odo4MSV4R0d9ewEldSbJijp4+evpgFb/06s8a0D9/8j7Jtzl6C7ojH/Oxa6,9.579448,20.535416,15.288976000000002
592500,a4hm1odo4MSV4R0d9ewEldSbJijp4+evpgFb/06s8a0D9/8j7Jtzl6C7ojH/Oxa6,9.42013,21.650024,15.734201
592800,a4hm1odo4MSV4R0d9ewEldSbJijp4+evpgFb/06s8a0D9/8j7Jtzl6C7ojH/Oxa6,7.188664999999999,19.769396,14.410276999999999
593100,a4hm1odo4MSV4R0d9ewEldSbJijp4+evpgFb/06s8a0D9/8j7Jtzl6C7ojH/Oxa6,8.83953,19.721377,14.681294
593400,a4hm1odo4MSV4R0d9ewEldSbJijp4+evpgFb/06s8a0D9/8j7Jtzl6C7ojH/Oxa6,8.32474,22.634439999999998,15.808994
593700,a4hm1odo4MSV4R0d9ewEldSbJijp4+evpgFb/06s8a0D9/8j7Jtzl6C7ojH/Oxa6,8.086947,19.383719,13.926229999999999
594000,a4hm1odo4MSV4R0d9ewEldSbJijp4+evpgFb/06s8a0D9/8j7Jtzl6C7ojH/Oxa6,8.872027000000001,21.35171,15.116684
594300,a4hm1odo4MSV4R0d9ewEldSbJijp4+evpgFb/06s8a0D9/8j7Jtzl6C7ojH/Oxa6,10.671016999999999,35.107154,18.405603
594600,a4hm1odo4MSV4R0d9ewEldSbJijp4+evpgFb/06s8a0D9/8j7Jtzl6C7ojH/Oxa6,8.947837,72.98101899999999,29.718696
594900,a4hm1odo4MSV4R0d9ewEldSbJijp4+evpgFb/06s8a0D9/8j7Jtzl6C7ojH/Oxa6,9.706006,19.94059,15.163447
595200,a4hm1odo4MSV4R0d9ewEldSbJijp4+evpgFb/06s8a0D9/8j7Jtzl6C7ojH/Oxa6,8.309777,22.940873,15.364339000000001
595500,a4hm1odo4MSV4R0d9ewEldSbJijp4+evpgFb/06s8a0D9/8j7Jtzl6C7ojH/Oxa6,8.346561,22.208305,15.131229999999999
595800,a4hm1odo4MSV4R0d9ewEldSbJijp4+evpgFb/06s8a0D9/8j7Jtzl6C7ojH/Oxa6,7.737410000000001,20.978691,14.851323999999998
596100,a4hm1odo4MSV4R0d9ewEldSbJijp4+evpgFb/06s8a0D9/8j7Jtzl6C7ojH/Oxa6,8.880875999999999,21.766789000000003,15.921185999999999
596400,a4hm1odo4MSV4R0d9ewEldSbJijp4+evpgFb/06s8a0D9/8j7Jtzl6C7ojH/Oxa6,7.971328,21.824823000000002,15.174342000000001
596700,a4hm1odo4MSV4R0d9ewEldSbJijp4+evpgFb/06s8a0D9/8j7Jtzl6C7ojH/Oxa6,11.383756,20.567782,15.57264
597000,a4hm1odo4MSV4R0d9ewEldSbJijp4+evpgFb/06s8a0D9/8j7Jtzl6C7ojH/Oxa6,8.887488000000001,20.442756,15.212698999999999
597300,a4hm1odo4MSV4R0d9ewEldSbJijp4+evpgFb/06s8a0D9/8j7Jtzl6C7ojH/Oxa6,8.742780999999999,21.906793,14.732687
597600,a4hm1odo4MSV4R0d9ewEldSbJijp4+evpgFb/06s8a0D9/8j7Jtzl6C7ojH/Oxa6,6.984119000000001,19.520289000000002,14.190769
597900,a4hm1odo4MSV4R0d9ewEldSbJijp4+evpgFb/06s8a0D9/8j7Jtzl6C7ojH/Oxa6,10.620332000000001,18.497298999999998,15.013367
598200,a4hm1odo4MSV4R0d9ewEldSbJijp4+evpgFb/06s8a0D9/8j7Jtzl6C7ojH/Oxa6,9.886249000000001,19.14162,15.748277999999999
598500,a4hm1odo4MSV4R0d9ewEldSbJijp4+evpgFb/06s8a0D9/8j7Jtzl6C7ojH/Oxa6,8.680612,26.597568,16.127132999999997
598800,a4hm1odo4MSV4R0d9ewEldSbJijp4+evpgFb/06s8a0D9/8j7Jtzl6C7ojH/Oxa6,8.666352999999999,22.528763,15.750871
599100,a4hm1odo4MSV4R0d9ewEldSbJijp4+evpgFb/06s8a0D9/8j7Jtzl6C7ojH/Oxa6,8.545311,18.382873,15.297545999999999
599400,a4hm1odo4MSV4R0d9ewEldSbJijp4+evpgFb/06s8a0D9/8j7Jtzl6C7ojH/Oxa6,10.18147,20.626023999999997,15.466969
599700,a4hm1odo4MSV4R0d9ewEldSbJijp4+evpgFb/06s8a0D9/8j7Jtzl6C7ojH/Oxa6,8.256834,24.756766,15.795895000000002
600000,a4hm1odo4MSV4R0d9ewEldSbJijp4+evpgFb/06s8a0D9/8j7Jtzl6C7ojH/Oxa6,11.021449,18.928657,15.246976
600300,a4hm1odo4MSV4R0d9ewEldSbJijp4+evpgFb/06s8a0D9/8j7Jtzl6C7ojH/Oxa6,8.891765,22.215675,15.684898
600600,a4hm1odo4MSV4R0d9ewEldSbJijp4+evpgFb/06s8a0D9/8j7Jtzl6C7ojH/Oxa6,9.898428,19.494142,15.835318
600900,a4hm1odo4MSV4R0d9ewEldSbJijp4+evpgFb/06s8a0D9/8j7Jtzl6C7ojH/Oxa6,8.835317,21.52925,15.441664999999999
601200,a4hm1odo4MSV4R0d9ewEldSbJijp4+evpgFb/06s8a0D9/8j7Jtzl6C7ojH/Oxa6,8.773418,19.889756,14.607054000000002
601500,a4hm1odo4MSV4R0d9ewEldSbJijp4+evpgFb/06s8a0D9/8j7Jtzl6C7ojH/Oxa6,8.856653999999999,20.169432999999998,14.782985
601800,a4hm1odo4MSV4R0d9ewEldSbJijp4+evpgFb/06s8a0D9/8j7Jtzl6C7ojH/Oxa6,8.754076,21.601705,15.521284
602100,a4hm1odo4MSV4R0d9ewEldSbJijp4+evpgFb/06s8a0D9/8j7Jtzl6C7ojH/Oxa6,8.662232000000001,20.814394,15.604207999999998
602400,a4hm1odo4MSV4R0d9ewEldSbJijp4+evpgFb/06s8a0D9/8j7Jtzl6C7ojH/Oxa6,10.166244,22.460298,15.939217999999999
602700,a4hm1odo4MSV4R0d9ewEldSbJijp4+evpgFb/06s8a0D9/8j7Jtzl6C7ojH/Oxa6,9.694425,19.974114,15.443843
603000,a4hm1odo4MSV4R0d9ewEldSbJijp4+evpgFb/06s8a0D9/8j7Jtzl6C7ojH/Oxa6,9.606675,20.354743,15.998853
603300,a4hm1odo4MSV4R0d9ewEldSbJijp4+evpgFb/06s8a0D9/8j7Jtzl6C7ojH/Oxa6,9.203776,20.898318,15.790192999999999
603600,a4hm1odo4MSV4R0d9ewEldSbJijp4+evpgFb/06s8a0D9/8j7Jtzl6C7ojH/Oxa6,9.418604,21.573772,14.802026000000001
603900,a4hm1odo4MSV4R0d9ewEldSbJijp4+evpgFb/06s8a0D9/8j7Jtzl6C7ojH/Oxa6,9.505857,22.060542,15.405772
604200,a4hm1odo4MSV4R0d9ewEldSbJijp4+evpgFb/06s8a0D9/8j7Jtzl6C7ojH/Oxa6,9.029084,20.67322,15.188094
604500,a4hm1odo4MSV4R0d9ewEldSbJijp4+evpgFb/06s8a0D9/8j7Jtzl6C7ojH/Oxa6,8.661791000000001,21.980779000000002,14.936163
604800,a4hm1odo4MSV4R0d9ewEldSbJijp4+evpgFb/06s8a0D9/8j7Jtzl6C7ojH/Oxa6,12.129914,19.87847,15.865717000000002
605100,a4hm1odo4MSV4R0d9ewEldSbJijp4+evpgFb/06s8a0D9/8j7Jtzl6C7ojH/Oxa6,8.964023,18.402521,14.343748000000001
605400,a4hm1odo4MSV4R0d9ewEldSbJijp4+evpgFb/06s8a0D9/8j7Jtzl6C7ojH/Oxa6,8.891306,20.61365,14.788870999999999
605700,a4hm1odo4MSV4R0d9ewEldSbJijp4+evpgFb/06s8a0D9/8j7Jtzl6C7ojH/Oxa6,10.446075,21.701251,15.565869000000001
606000,a4hm1odo4MSV4R0d9ewEldSbJijp4+evpgFb/06s8a0D9/8j7Jtzl6C7ojH/Oxa6,6.691097,20.601433,15.633014999999999
606300,a4hm1odo4MSV4R0d9ewEldSbJijp4+evpgFb/06s8a0D9/8j7Jtzl6C7ojH/Oxa6,8.257121000000001,20.831927,14.995199
606600,a4hm1odo4MSV4R0d9ewEldSbJijp4+evpgFb/06s8a0D9/8j7Jtzl6C7ojH/Oxa6,10.113522,20.611027,15.652804999999999
606900,a4hm1odo4MSV4R0d9ewEldSbJijp4+evpgFb/06s8a0D9/8j7Jtzl6C7ojH/Oxa6,10.097787,20.313831,15.397854999999998
607200,a4hm1odo4MSV4R0d9ewEldSbJijp4+evpgFb/06s8a0D9/8j7Jtzl6C7ojH/Oxa6,8.633886,21.316869,15.346909
607500,a4hm1odo4MSV4R0d9ewEldSbJijp4+evpgFb/06s8a0D9/8j7Jtzl6C7ojH/Oxa6,9.096955,22.648213000000002,15.451103
607800,a4hm1odo4MSV4R0d9ewEldSbJijp4+evpgFb/06s8a0D9/8j7Jtzl6C7ojH/Oxa6,8.270431,22.641234,15.479085999999999
608100,a4hm1odo4MSV4R0d9ewEldSbJijp4+evpgFb/06s8a0D9/8j7Jtzl6C7ojH/Oxa6,9.50372,21.664781,15.213351000000001
608400,a4hm1odo4MSV4R0d9ewEldSbJijp4+evpgFb/06s8a0D9/8j7Jtzl6C7ojH/Oxa6,9.606214,20.226251,15.794294
608700,a4hm1odo4MSV4R0d9ewEldSbJijp4+evpgFb/06s8a0D9/8j7Jtzl6C7ojH/Oxa6,8.303156,21.109054999999998,15.374469
609000,a4hm1odo4MSV4R0d9ewEldSbJijp4+evpgFb/06s8a0D9/8j7Jtzl6C7ojH/Oxa6,8.407017999999999,22.198344,14.182737
609300,a4hm1odo4MSV4R0d9ewEldSbJijp4+evpgFb/06s8a0D9/8j7Jtzl6C7ojH/Oxa6,10.469532000000001,20.606898,15.73311
609600,a4hm1odo4MSV4R0d9ewEldSbJijp4+evpgFb/06s8a0D9/8j7Jtzl6C7ojH/Oxa6,9.485489999999999,20.270825,15.645862
609900,a4hm1odo4MSV4R0d9ewEldSbJijp4+evpgFb/06s8a0D9/8j7Jtzl6C7ojH/Oxa6,6.626218,20.58295,14.589739999999999
610200,a4hm1odo4MSV4R0d9ewEldSbJijp4+evpgFb/06s8a0D9/8j7Jtzl6C7ojH/Oxa6,9.068247999999999,21.446359,15.705599
610500,a4hm1odo4MSV4R0d9ewEldSbJijp4+evpgFb/06s8a0D9/8j7Jtzl6C7ojH/Oxa6,8.057354,21.306025,15.157467
610800,a4hm1odo4MSV4R0d9ewEldSbJijp4+evpgFb/06s8a0D9/8j7Jtzl6C7ojH/Oxa6,9.23754,19.889074,15.243326999999999
611100,a4hm1odo4MSV4R0d9ewEldSbJijp4+evpgFb/06s8a0D9/8j7Jtzl6C7ojH/Oxa6,9.336556,22.826069,16.108320000000003
611400,a4hm1odo4MSV4R0d9ewEldSbJijp4+evpgFb/06s8a0D9/8j7Jtzl6C7ojH/Oxa6,9.61656,20.964627,15.411107999999999
611700,a4hm1odo4MSV4R0d9ewEldSbJijp4+evpgFb/06s8a0D9/8j7Jtzl6C7ojH/Oxa6,9.355457000000001,20.366726,15.046454
612000,a4hm1odo4MSV4R0d9ewEldSbJijp4+evpgFb/06s8a0D9/8j7Jtzl6C7ojH/Oxa6,9.338737,19.843496,14.942117999999999
612300,a4hm1odo4MSV4R0d9ewEldSbJijp4+evpgFb/06s8a0D9/8j7Jtzl6C7ojH/Oxa6,8.998455,20.570127,15.379316000000001
612600,a4hm1odo4MSV4R0d9ewEldSbJijp4+evpgFb/06s8a0D9/8j7Jtzl6C7ojH/Oxa6,7.043394999999999,21.815766,14.263341
612900,a4hm1odo4MSV4R0d9ewEldSbJijp4+evpgFb/06s8a0D9/8j7Jtzl6C7ojH/Oxa6,8.736328,23.23574,15.465186
613200,a4hm1odo4MSV4R0d9ewEldSbJijp4+evpgFb/06s8a0D9/8j7Jtzl6C7ojH/Oxa6,9.766628,19.988974,15.132647
613500,a4hm1odo4MSV4R0d9ewEldSbJijp4+evpgFb/06s8a0D9/8j7Jtzl6C7ojH/Oxa6,8.66981,21.837374,15.456446
613800,a4hm1odo4MSV4R0d9ewEldSbJijp4+evpgFb/06s8a0D9/8j7Jtzl6C7ojH/Oxa6,9.062531,20.141233,15.210084
614100,a4hm1odo4MSV4R0d9ewEldSbJijp4+evpgFb/06s8a0D9/8j7Jtzl6C7ojH/Oxa6,9.121435,19.894810999999997,15.206793
614400,a4hm1odo4MSV4R0d9ewEldSbJijp4+evpgFb/06s8a0D9/8j7Jtzl6C7ojH/Oxa6,8.932079,20.206362,14.482572
614700,a4hm1odo4MSV4R0d9ewEldSbJijp4+evpgFb/06s8a0D9/8j7Jtzl6C7ojH/Oxa6,9.140853,21.669935,15.783145999999999
615000,a4hm1odo4MSV4R0d9ewEldSbJijp4+evpgFb/06s8a0D9/8j7Jtzl6C7ojH/Oxa6,8.427227,22.367187,15.646707000000001
615300,a4hm1odo4MSV4R0d9ewEldSbJijp4+evpgFb/06s8a0D9/8j7Jtzl6C7ojH/Oxa6,10.111982000000001,19.654984,14.968588
615600,a4hm1odo4MSV4R0d9ewEldSbJijp4+evpgFb/06s8a0D9/8j7Jtzl6C7ojH/Oxa6,9.741544000000001,20.349179,15.449567000000002
615900,a4hm1odo4MSV4R0d9ewEldSbJijp4+evpgFb/06s8a0D9/8j7Jtzl6C7ojH/Oxa6,8.835353,21.23283,15.368260000000001
616200,a4hm1odo4MSV4R0d9ewEldSbJijp4+evpgFb/06s8a0D9/8j7Jtzl6C7ojH/Oxa6,8.205771,21.815535,15.508239999999999
616500,a4hm1odo4MSV4R0d9ewEldSbJijp4+evpgFb/06s8a0D9/8j7Jtzl6C7ojH/Oxa6,8.371125,20.322581,14.204557000000001
616800,a4hm1odo4MSV4R0d9ewEldSbJijp4+evpgFb/06s8a0D9/8j7Jtzl6C7ojH/Oxa6,9.185117,20.762867,15.789409
617100,a4hm1odo4MSV4R0d9ewEldSbJijp4+evpgFb/06s8a0D9/8j7Jtzl6C7ojH/Oxa6,9.469714,20.87736,15.852228
617400,a4hm1odo4MSV4R0d9ewEldSbJijp4+evpgFb/06s8a0D9/8j7Jtzl6C7ojH/Oxa6,8.277841,22.826872,15.657147
617700,a4hm1odo4MSV4R0d9ewEldSbJijp4+evpgFb/06s8a0D9/8j7Jtzl6C7ojH/Oxa6,10.418264,22.432937,15.845710999999998
618000,a4hm1odo4MSV4R0d9ewEldSbJijp4+evpgFb/06s8a0D9/8j7Jtzl6C7ojH/Oxa6,9.535421000000001,20.680714000000002,15.476544
618300,a4hm1odo4MSV4R0d9ewEldSbJijp4+evpgFb/06s8a0D9/8j7Jtzl6C7ojH/Oxa6,9.633067,21.892143,15.853129999999998
618600,a4hm1odo4MSV4R0d9ewEldSbJijp4+evpgFb/06s8a0D9/8j7Jtzl6C7ojH/Oxa6,8.875585000000001,23.712951,15.699078
618900,a4hm1odo4MSV4R0d9ewEldSbJijp4+evpgFb/06s8a0D9/8j7Jtzl6C7ojH/Oxa6,9.165232000000001,19.635310999999998,14.985763
619200,a4hm1odo4MSV4R0d9ewEldSbJijp4+evpgFb/06s8a0D9/8j7Jtzl6C7ojH/Oxa6,9.449513,22.139095,15.184204000000001
619500,a4hm1odo4MSV4R0d9ewEldSbJijp4+evpgFb/06s8a0D9/8j7Jtzl6C7ojH/Oxa6,8.735658,22.550171,15.697939000000002
619800,a4hm1odo4MSV4R0d9ewEldSbJijp4+evpgFb/06s8a0D9/8j7Jtzl6C7ojH/Oxa6,8.886244999999999,20.872798,15.532661
620100,a4hm1odo4MSV4R0d9ewEldSbJijp4+evpgFb/06s8a0D9/8j7Jtzl6C7ojH/Oxa6,8.029328,23.149852,15.164598000000002
620400,a4hm1odo4MSV4R0d9ewEldSbJijp4+evpgFb/06s8a0D9/8j7Jtzl6C7ojH/Oxa6,8.28698,21.795819,15.530757999999999
620700,a4hm1odo4MSV4R0d9ewEldSbJijp4+evpgFb/06s8a0D9/8j7Jtzl6C7ojH/Oxa6,7.670221000000001,20.082342,15.132786
621000,a4hm1odo4MSV4R0d9ewEldSbJijp4+evpgFb/06s8a0D9/8j7Jtzl6C7ojH/Oxa6,10.36346,19.970076000000002,15.564525
621300,a4hm1odo4MSV4R0d9ewEldSbJijp4+evpgFb/06s8a0D9/8j7Jtzl6C7ojH/Oxa6,8.937471,22.046155,15.724576
621600,a4hm1odo4MSV4R0d9ewEldSbJijp4+evpgFb/06s8a0D9/8j7Jtzl6C7ojH/Oxa6,9.435779,20.437282,14.816864
621900,a4hm1odo4MSV4R0d9ewEldSbJijp4+evpgFb/06s8a0D9/8j7Jtzl6C7ojH/Oxa6,8.571703,20.592685,15.295810000000001
622200,a4hm1odo4MSV4R0d9ewEldSbJijp4+evpgFb/06s8a0D9/8j7Jtzl6C7ojH/Oxa6,9.773724000000001,24.073067,15.460723999999999
622500,a4hm1odo4MSV4R0d9ewEldSbJijp4+evpgFb/06s8a0D9/8j7Jtzl6C7ojH/Oxa6,8.704875,22.460185,15.576032999999999
622800,a4hm1odo4MSV4R0d9ewEldSbJijp4+evpgFb/06s8a0D9/8j7Jtzl6C7ojH/Oxa6,7.888969,19.266269,14.352285
623100,a4hm1odo4MSV4R0d9ewEldSbJijp4+evpgFb/06s8a0D9/8j7Jtzl6C7ojH/Oxa6,8.694078999999999,22.667258,15.724188
623400,a4hm1odo4MSV4R0d9ewEldSbJijp4+evpgFb/06s8a0D9/8j7Jtzl6C7ojH/Oxa6,11.665704,19.405804,15.973469
623700,a4hm1odo4MSV4R0d9ewEldSbJijp4+evpgFb/06s8a0D9/8j7Jtzl6C7ojH/Oxa6,10.896063,21.618616,15.830944
624000,a4hm1odo4MSV4R0d9ewEldSbJijp4+evpgFb/06s8a0D9/8j7Jtzl6C7ojH/Oxa6,12.15686,21.553008,15.154997
624300,a4hm1odo4MSV4R0d9ewEldSbJijp4+evpgFb/06s8a0D9/8j7Jtzl6C7ojH/Oxa6,8.832123,21.986726,15.682570000000002
624600,a4hm1odo4MSV4R0d9ewEldSbJijp4+evpgFb/06s8a0D9/8j7Jtzl6C7ojH/Oxa6,9.002908999999999,21.399867999999998,16.015957
624900,a4hm1odo4MSV4R0d9ewEldSbJijp4+evpgFb/06s8a0D9/8j7Jtzl6C7ojH/Oxa6,9.221086,20.574479999999998,15.299464000000002
625200,a4hm1odo4MSV4R0d9ewEldSbJijp4+evpgFb/06s8a0D9/8j7Jtzl6C7ojH/Oxa6,9.825667,21.721657,15.197139000000002
625500,a4hm1odo4MSV4R0d9ewEldSbJijp4+evpgFb/06s8a0D9/8j7Jtzl6C7ojH/Oxa6,8.353053,27.353218,16.464678
625800,a4hm1odo4MSV4R0d9ewEldSbJijp4+evpgFb/06s8a0D9/8j7Jtzl6C7ojH/Oxa6,10.499275,19.027638,15.732853
626100,a4hm1odo4MSV4R0d9ewEldSbJijp4+evpgFb/06s8a0D9/8j7Jtzl6C7ojH/Oxa6,8.499079,19.862385,14.54475
626400,a4hm1odo4MSV4R0d9ewEldSbJijp4+evpgFb/06s8a0D9/8j7Jtzl6C7ojH/Oxa6,8.816711,21.318293,15.526329
626700,a4hm1odo4MSV4R0d9ewEldSbJijp4+evpgFb/06s8a0D9/8j7Jtzl6C7ojH/Oxa6,8.106888,23.9241,15.772810999999999
627000,a4hm1odo4MSV4R0d9ewEldSbJijp4+evpgFb/06s8a0D9/8j7Jtzl6C7ojH/Oxa6,10.220195,19.748604,15.849704999999998
627300,a4hm1odo4MSV4R0d9ewEldSbJijp4+evpgFb/06s8a0D9/8j7Jtzl6C7ojH/Oxa6,9.990666000000001,21.696788,15.826885
627600,a4hm1odo4MSV4R0d9ewEldSbJijp4+evpgFb/06s8a0D9/8j7Jtzl6C7ojH/Oxa6,9.412967,22.656895000000002,15.399207
627900,a4hm1odo4MSV4R0d9ewEldSbJijp4+evpgFb/06s8a0D9/8j7Jtzl6C7ojH/Oxa6,10.555069999999999,26.404018,15.461832999999999
628200,a4hm1odo4MSV4R0d9ewEldSbJijp4+evpgFb/06s8a0D9/8j7Jtzl6C7ojH/Oxa6,10.296159,19.921306,15.746108999999999
628500,a4hm1odo4MSV4R0d9ewEldSbJijp4+evpgFb/06s8a0D9/8j7Jtzl6C7ojH/Oxa6,9.930036999999999,20.147914,15.517869000000001
628800,a4hm1odo4MSV4R0d9ewEldSbJijp4+evpgFb/06s8a0D9/8j7Jtzl6C7ojH/Oxa6,9.695671,20.887344,15.58009
629100,a4hm1odo4MSV4R0d9ewEldSbJijp4+evpgFb/06s8a0D9/8j7Jtzl6C7ojH/Oxa6,9.542318,20.416719,15.008304999999998
629400,a4hm1odo4MSV4R0d9ewEldSbJijp4+evpgFb/06s8a0D9/8j7Jtzl6C7ojH/Oxa6,9.993701,25.30519,16.130974
629700,a4hm1odo4MSV4R0d9ewEldSbJijp4+evpgFb/06s8a0D9/8j7Jtzl6C7ojH/Oxa6,9.231145,21.57988,15.039708
630000,a4hm1odo4MSV4R0d9ewEldSbJijp4+evpgFb/06s8a0D9/8j7Jtzl6C7ojH/Oxa6,8.65498,25.468057,16.045601
630300,a4hm1odo4MSV4R0d9ewEldSbJijp4+evpgFb/06s8a0D9/8j7Jtzl6C7ojH/Oxa6,8.734581,22.589294,15.503607
630600,a4hm1odo4MSV4R0d9ewEldSbJijp4+evpgFb/06s8a0D9/8j7Jtzl6C7ojH/Oxa6,8.787942,22.005408,15.323220999999998
630900,a4hm1odo4MSV4R0d9ewEldSbJijp4+evpgFb/06s8a0D9/8j7Jtzl6C7ojH/Oxa6,9.859060000000001,21.579025,15.919246
631200,a4hm1odo4MSV4R0d9ewEldSbJijp4+evpgFb/06s8a0D9/8j7Jtzl6C7ojH/Oxa6,9.183955000000001,21.229084,15.152548000000001
631500,a4hm1odo4MSV4R0d9ewEldSbJijp4+evpgFb/06s8a0D9/8j7Jtzl6C7ojH/Oxa6,9.044167999999999,20.658014,14.246154999999998
631800,a4hm1odo4MSV4R0d9ewEldSbJijp4+evpgFb/06s8a0D9/8j7Jtzl6C7ojH/Oxa6,11.391875,19.462418,15.200643
632100,a4hm1odo4MSV4R0d9ewEldSbJijp4+evpgFb/06s8a0D9/8j7Jtzl6C7ojH/Oxa6,13.806607000000001,26.858643,16.157707000000002
632400,a4hm1odo4MSV4R0d9ewEldSbJijp4+evpgFb/06s8a0D9/8j7Jtzl6C7ojH/Oxa6,9.514491,21.691857000000002,15.293519
632700,a4hm1odo4MSV4R0d9ewEldSbJijp4+evpgFb/06s8a0D9/8j7Jtzl6C7ojH/Oxa6,9.010667,20.663611,15.489725
633000,a4hm1odo4MSV4R0d9ewEldSbJijp4+evpgFb/06s8a0D9/8j7Jtzl6C7ojH/Oxa6,8.207281,20.261502,15.076761999999999
633300,a4hm1odo4MSV4R0d9ewEldSbJijp4+evpgFb/06s8a0D9/8j7Jtzl6C7ojH/Oxa6,10.688107,23.963414,15.903882000000001
633600,a4hm1odo4MSV4R0d9ewEldSbJijp4+evpgFb/06s8a0D9/8j7Jtzl6C7ojH/Oxa6,9.70164,19.746806,15.223204999999998
633900,a4hm1odo4MSV4R0d9ewEldSbJijp4+evpgFb/06s8a0D9/8j7Jtzl6C7ojH/Oxa6,8.859556,20.275544,15.364669000000001
634200,a4hm1odo4MSV4R0d9ewEldSbJijp4+evpgFb/06s8a0D9/8j7Jtzl6C7ojH/Oxa6,8.762334,21.349185000000002,14.963807999999998
634500,a4hm1odo4MSV4R0d9ewEldSbJijp4+evpgFb/06s8a0D9/8j7Jtzl6C7ojH/Oxa6,8.727028,21.718002,15.658114000000001
634800,a4hm1odo4MSV4R0d9ewEldSbJijp4+evpgFb/06s8a0D9/8j7Jtzl6C7ojH/Oxa6,9.765302,24.629579999999997,16.129618
635100,a4hm1odo4MSV4R0d9ewEldSbJijp4+evpgFb/06s8a0D9/8j7Jtzl6C7ojH/Oxa6,8.605717,19.718009,15.131582
635400,a4hm1odo4MSV4R0d9ewEldSbJijp4+evpgFb/06s8a0D9/8j7Jtzl6C7ojH/Oxa6,7.352892,20.268354000000002,14.619248
635700,a4hm1odo4MSV4R0d9ewEldSbJijp4+evpgFb/06s8a0D9/8j7Jtzl6C7ojH/Oxa6,9.068241,21.429555,15.671529000000001
636000,a4hm1odo4MSV4R0d9ewEldSbJijp4+evpgFb/06s8a0D9/8j7Jtzl6C7ojH/Oxa6,10.551974000000001,20.600879,15.272001000000001
636300,a4hm1odo4MSV4R0d9ewEldSbJijp4+evpgFb/06s8a0D9/8j7Jtzl6C7ojH/Oxa6,8.344699,20.109184,15.80301
636600,a4hm1odo4MSV4R0d9ewEldSbJijp4+evpgFb/06s8a0D9/8j7Jtzl6C7ojH/Oxa6,10.129394,20.844203,15.351823000000001
636900,a4hm1odo4MSV4R0d9ewEldSbJijp4+evpgFb/06s8a0D9/8j7Jtzl6C7ojH/Oxa6,6.004027,21.459974,14.977175
637200,a4hm1odo4MSV4R0d9ewEldSbJijp4+evpgFb/06s8a0D9/8j7Jtzl6C7ojH/Oxa6,9.292288000000001,22.107119,15.872727
637500,a4hm1odo4MSV4R0d9ewEldSbJijp4+evpgFb/06s8a0D9/8j7Jtzl6C7ojH/Oxa6,8.931775,23.917963,15.982026000000001
637800,a4hm1odo4MSV4R0d9ewEldSbJijp4+evpgFb/06s8a0D9/8j7Jtzl6C7ojH/Oxa6,9.346915,20.951494,15.465941
638100,a4hm1odo4MSV4R0d9ewEldSbJijp4+evpgFb/06s8a0D9/8j7Jtzl6C7ojH/Oxa6,9.400299,22.12728,15.963839000000002
638400,a4hm1odo4MSV4R0d9ewEldSbJijp4+evpgFb/06s8a0D9/8j7Jtzl6C7ojH/Oxa6,11.770378,20.727984,15.8843
638700,a4hm1odo4MSV4R0d9ewEldSbJijp4+evpgFb/06s8a0D9/8j7Jtzl6C7ojH/Oxa6,9.347292999999999,20.74843,15.596835999999998
639000,a4hm1odo4MSV4R0d9ewEldSbJijp4+evpgFb/06s8a0D9/8j7Jtzl6C7ojH/Oxa6,9.318849,20.570444000000002,15.250922000000001
639300,a4hm1odo4MSV4R0d9ewEldSbJijp4+evpgFb/06s8a0D9/8j7Jtzl6C7ojH/Oxa6,7.850159,19.587948,15.094737
639600,a4hm1odo4MSV4R0d9ewEldSbJijp4+evpgFb/06s8a0D9/8j7Jtzl6C7ojH/Oxa6,10.273516,19.985761,15.22795
639900,a4hm1odo4MSV4R0d9ewEldSbJijp4+evpgFb/06s8a0D9/8j7Jtzl6C7ojH/Oxa6,9.895567999999999,19.972125,15.694021
640200,a4hm1odo4MSV4R0d9ewEldSbJijp4+evpgFb/06s8a0D9/8j7Jtzl6C7ojH/Oxa6,8.952884,28.865596000000004,16.636797
640500,a4hm1odo4MSV4R0d9ewEldSbJijp4+evpgFb/06s8a0D9/8j7Jtzl6C7ojH/Oxa6,8.189691999999999,22.088396,15.627353
640800,a4hm1odo4MSV4R0d9ewEldSbJijp4+evpgFb/06s8a0D9/8j7Jtzl6C7ojH/Oxa6,11.012805,20.078433,15.829227
641100,a4hm1odo4MSV4R0d9ewEldSbJijp4+evpgFb/06s8a0D9/8j7Jtzl6C7ojH/Oxa6,7.844142,21.719942,15.314154
641400,a4hm1odo4MSV4R0d9ewEldSbJijp4+evpgFb/06s8a0D9/8j7Jtzl6C7ojH/Oxa6,10.035848,19.608937,15.766741
641700,a4hm1odo4MSV4R0d9ewEldSbJijp4+evpgFb/06s8a0D9/8j7Jtzl6C7ojH/Oxa6,8.239869,22.803497,15.824742
642000,a4hm1odo4MSV4R0d9ewEldSbJijp4+evpgFb/06s8a0D9/8j7Jtzl6C7ojH/Oxa6,9.123455,23.310164,15.670987
642300,a4hm1odo4MSV4R0d9ewEldSbJijp4+evpgFb/06s8a0D9/8j7Jtzl6C7ojH/Oxa6,9.875909,20.205064,15.197347
642600,a4hm1odo4MSV4R0d9ewEldSbJijp4+evpgFb/06s8a0D9/8j7Jtzl6C7ojH/Oxa6,8.375466000000001,20.770088,15.400251
642900,a4hm1odo4MSV4R0d9ewEldSbJijp4+evpgFb/06s8a0D9/8j7Jtzl6C7ojH/Oxa6,7.5780710000000004,26.690587,14.363420999999999
643200,a4hm1odo4MSV4R0d9ewEldSbJijp4+evpgFb/06s8a0D9/8j7Jtzl6C7ojH/Oxa6,8.560092,21.791176,15.173179999999999
643500,a4hm1odo4MSV4R0d9ewEldSbJijp4+evpgFb/06s8a0D9/8j7Jtzl6C7ojH/Oxa6,8.300327000000001,21.750492,15.256448
643800,a4hm1odo4MSV4R0d9ewEldSbJijp4+evpgFb/06s8a0D9/8j7Jtzl6C7ojH/Oxa6,10.163326,19.862047,15.280217000000002
644100,a4hm1odo4MSV4R0d9ewEldSbJijp4+evpgFb/06s8a0D9/8j7Jtzl6C7ojH/Oxa6,9.677103,24.138873999999998,15.887659
644400,a4hm1odo4MSV4R0d9ewEldSbJijp4+evpgFb/06s8a0D9/8j7Jtzl6C7ojH/Oxa6,10.448334,22.452704999999998,15.922016000000001
644700,a4hm1odo4MSV4R0d9ewEldSbJijp4+evpgFb/06s8a0D9/8j7Jtzl6C7ojH/Oxa6,8.954065,22.376112,15.319664000000001
645000,a4hm1odo4MSV4R0d9ewEldSbJijp4+evpgFb/06s8a0D9/8j7Jtzl6C7ojH/Oxa6,9.885943,20.201123000000003,15.383217000000002
645300,a4hm1odo4MSV4R0d9ewEldSbJijp4+evpgFb/06s8a0D9/8j7Jtzl6C7ojH/Oxa6,10.14067,21.268153,15.491185999999999
645600,a4hm1odo4MSV4R0d9ewEldSbJijp4+evpgFb/06s8a0D9/8j7Jtzl6C7ojH/Oxa6,10.433071,27.081535,15.854764999999999
645900,a4hm1odo4MSV4R0d9ewEldSbJijp4+evpgFb/06s8a0D9/8j7Jtzl6C7ojH/Oxa6,10.462022,18.679357999999997,15.483367999999999
646200,a4hm1odo4MSV4R0d9ewEldSbJijp4+evpgFb/06s8a0D9/8j7Jtzl6C7ojH/Oxa6,6.606951,20.962347,15.374139999999999
646500,a4hm1odo4MSV4R0d9ewEldSbJijp4+evpgFb/06s8a0D9/8j7Jtzl6C7ojH/Oxa6,9.327608,21.62189,15.533242999999999
646800,a4hm1odo4MSV4R0d9ewEldSbJijp4+evpgFb/06s8a0D9/8j7Jtzl6C7ojH/Oxa6,8.5801,20.762653,14.177276999999998
647100,a4hm1odo4MSV4R0d9ewEldSbJijp4+evpgFb/06s8a0D9/8j7Jtzl6C7ojH/Oxa6,8.990864,22.231117,15.411207000000001
647400,a4hm1odo4MSV4R0d9ewEldSbJijp4+evpgFb/06s8a0D9/8j7Jtzl6C7ojH/Oxa6,8.482917,22.929993,15.473268
647700,a4hm1odo4MSV4R0d9ewEldSbJijp4+evpgFb/06s8a0D9/8j7Jtzl6C7ojH/Oxa6,8.152548,21.797015,15.079551
648000,a4hm1odo4MSV4R0d9ewEldSbJijp4+evpgFb/06s8a0D9/8j7Jtzl6C7ojH/Oxa6,10.28213,20.103983,15.388648000000002
648300,a4hm1odo4MSV4R0d9ewEldSbJijp4+evpgFb/06s8a0D9/8j7Jtzl6C7ojH/Oxa6,8.914881,20.254071,15.187607999999999
648600,a4hm1odo4MSV4R0d9ewEldSbJijp4+evpgFb/06s8a0D9/8j7Jtzl6C7ojH/Oxa6,10.499974,20.524724,15.16186
648900,a4hm1odo4MSV4R0d9ewEldSbJijp4+evpgFb/06s8a0D9/8j7Jtzl6C7ojH/Oxa6,9.751589,20.764279000000002,15.441423
649200,a4hm1odo4MSV4R0d9ewEldSbJijp4+evpgFb/06s8a0D9/8j7Jtzl6C7ojH/Oxa6,9.036571,21.941763,15.344335999999998
649500,a4hm1odo4MSV4R0d9ewEldSbJijp4+evpgFb/06s8a0D9/8j7Jtzl6C7ojH/Oxa6,7.159422999999999,22.055404,15.105529
649800,a4hm1odo4MSV4R0d9ewEldSbJijp4+evpgFb/06s8a0D9/8j7Jtzl6C7ojH/Oxa6,7.573498,20.754741,15.086957
650100,a4hm1odo4MSV4R0d9ewEldSbJijp4+evpgFb/06s8a0D9/8j7Jtzl6C7ojH/Oxa6,9.413013000000001,21.759723,16.003923
650400,a4hm1odo4MSV4R0d9ewEldSbJijp4+evpgFb/06s8a0D9/8j7Jtzl6C7ojH/Oxa6,10.043986,19.462484,14.454173
650700,a4hm1odo4MSV4R0d9ewEldSbJijp4+evpgFb/06s8a0D9/8j7Jtzl6C7ojH/Oxa6,7.7963059999999995,21.192025,14.968288000000001
651000,a4hm1odo4MSV4R0d9ewEldSbJijp4+evpgFb/06s8a0D9/8j7Jtzl6C7ojH/Oxa6,9.411157000000001,21.938261999999998,15.911183
651300,a4hm1odo4MSV4R0d9ewEldSbJijp4+evpgFb/06s8a0D9/8j7Jtzl6C7ojH/Oxa6,8.860966000000001,22.088829999999998,15.253551000000002
651600,a4hm1odo4MSV4R0d9ewEldSbJijp4+evpgFb/06s8a0D9/8j7Jtzl6C7ojH/Oxa6,8.717706,23.484638,15.923298999999998
651900,a4hm1odo4MSV4R0d9ewEldSbJijp4+evpgFb/06s8a0D9/8j7Jtzl6C7ojH/Oxa6,9.872049,21.408873999999997,15.390560999999998
652200,a4hm1odo4MSV4R0d9ewEldSbJijp4+evpgFb/06s8a0D9/8j7Jtzl6C7ojH/Oxa6,8.873946,22.568217,15.738432000000001
652500,a4hm1odo4MSV4R0d9ewEldSbJijp4+evpgFb/06s8a0D9/8j7Jtzl6C7ojH/Oxa6,8.695194,22.291361,15.481931
652800,a4hm1odo4MSV4R0d9ewEldSbJijp4+evpgFb/06s8a0D9/8j7Jtzl6C7ojH/Oxa6,9.430958,19.79477,15.334411
653100,a4hm1odo4MSV4R0d9ewEldSbJijp4+evpgFb/06s8a0D9/8j7Jtzl6C7ojH/Oxa6,9.088476,20.619163,15.060407999999999
653400,a4hm1odo4MSV4R0d9ewEldSbJijp4+evpgFb/06s8a0D9/8j7Jtzl6C7ojH/Oxa6,10.881431,19.303552,15.289874
653700,a4hm1odo4MSV4R0d9ewEldSbJijp4+evpgFb/06s8a0D9/8j7Jtzl6C7ojH/Oxa6,8.838089,21.820767,15.907282999999998
654000,a4hm1odo4MSV4R0d9ewEldSbJijp4+evpgFb/06s8a0D9/8j7Jtzl6C7ojH/Oxa6,8.759994,21.382373,15.205356
654300,a4hm1odo4MSV4R0d9ewEldSbJijp4+evpgFb/06s8a0D9/8j7Jtzl6C7ojH/Oxa6,8.779133,20.272265,14.290702
654600,a4hm1odo4MSV4R0d9ewEldSbJijp4+evpgFb/06s8a0D9/8j7Jtzl6C7ojH/Oxa6,9.095309,20.352749,15.274065
654900,a4hm1odo4MSV4R0d9ewEldSbJijp4+evpgFb/06s8a0D9/8j7Jtzl6C7ojH/Oxa6,8.931308999999999,22.425852,15.716797
655200,a4hm1odo4MSV4R0d9ewEldSbJijp4+evpgFb/06s8a0D9/8j7Jtzl6C7ojH/Oxa6,8.359389,21.226457999999997,14.993557999999998
655500,a4hm1odo4MSV4R0d9ewEldSbJijp4+evpgFb/06s8a0D9/8j7Jtzl6C7ojH/Oxa6,9.268659,19.912126999999998,15.020588
655800,a4hm1odo4MSV4R0d9ewEldSbJijp4+evpgFb/06s8a0D9/8j7Jtzl6C7ojH/Oxa6,9.147592999999999,22.151593,15.284367000000001
656100,a4hm1odo4MSV4R0d9ewEldSbJijp4+evpgFb/06s8a0D9/8j7Jtzl6C7ojH/Oxa6,9.100251,22.32447,15.530456
656400,a4hm1odo4MSV4R0d9ewEldSbJijp4+evpgFb/06s8a0D9/8j7Jtzl6C7ojH/Oxa6,8.666469000000001,22.481332000000002,15.717227
656700,a4hm1odo4MSV4R0d9ewEldSbJijp4+evpgFb/06s8a0D9/8j7Jtzl6C7ojH/Oxa6,9.520255,24.198692,16.312304
657000,a4hm1odo4MSV4R0d9ewEldSbJijp4+evpgFb/06s8a0D9/8j7Jtzl6C7ojH/Oxa6,9.274613,24.095774,16.130575
657300,a4hm1odo4MSV4R0d9ewEldSbJijp4+evpgFb/06s8a0D9/8j7Jtzl6C7ojH/Oxa6,8.72669,17.921717,14.735335999999998
657600,a4hm1odo4MSV4R0d9ewEldSbJijp4+evpgFb/06s8a0D9/8j7Jtzl6C7ojH/Oxa6,8.758764,21.715006,13.998126999999998
657900,a4hm1odo4MSV4R0d9ewEldSbJijp4+evpgFb/06s8a0D9/8j7Jtzl6C7ojH/Oxa6,9.977692,16.978094,13.700470999999999
658200,a4hm1odo4MSV4R0d9ewEldSbJijp4+evpgFb/06s8a0D9/8j7Jtzl6C7ojH/Oxa6,7.703917,20.243047,14.123416
658500,a4hm1odo4MSV4R0d9ewEldSbJijp4+evpgFb/06s8a0D9/8j7Jtzl6C7ojH/Oxa6,8.663007,21.876079,15.866189000000002
658800,a4hm1odo4MSV4R0d9ewEldSbJijp4+evpgFb/06s8a0D9/8j7Jtzl6C7ojH/Oxa6,9.74887,19.486893,15.142686
659100,a4hm1odo4MSV4R0d9ewEldSbJijp4+evpgFb/06s8a0D9/8j7Jtzl6C7ojH/Oxa6,13.182160000000001,21.765513000000002,15.906259
659400,a4hm1odo4MSV4R0d9ewEldSbJijp4+evpgFb/06s8a0D9/8j7Jtzl6C7ojH/Oxa6,9.041328,20.821456,15.277135000000001
659700,a4hm1odo4MSV4R0d9ewEldSbJijp4+evpgFb/06s8a0D9/8j7Jtzl6C7ojH/Oxa6,6.984642999999999,23.769687,15.828867
660000,a4hm1odo4MSV4R0d9ewEldSbJijp4+evpgFb/06s8a0D9/8j7Jtzl6C7ojH/Oxa6,9.923060000000001,21.629726,15.982216000000001
660300,a4hm1odo4MSV4R0d9ewEldSbJijp4+evpgFb/06s8a0D9/8j7Jtzl6C7ojH/Oxa6,9.195427,84.870531,29.100187
660600,a4hm1odo4MSV4R0d9ewEldSbJijp4+evpgFb/06s8a0D9/8j7Jtzl6C7ojH/Oxa6,9.792828,20.839222,15.635428
660900,a4hm1odo4MSV4R0d9ewEldSbJijp4+evpgFb/06s8a0D9/8j7Jtzl6C7ojH/Oxa6,9.467064,20.511627,15.132968
661200,a4hm1odo4MSV4R0d9ewEldSbJijp4+evpgFb/06s8a0D9/8j7Jtzl6C7ojH/Oxa6,7.582443,22.798847,15.217007999999998
661500,a4hm1odo4MSV4R0d9ewEldSbJijp4+evpgFb/06s8a0D9/8j7Jtzl6C7ojH/Oxa6,7.461367,22.604387,15.832288
661800,a4hm1odo4MSV4R0d9ewEldSbJijp4+evpgFb/06s8a0D9/8j7Jtzl6C7ojH/Oxa6,8.177157000000001,21.985214000000003,15.153579
662100,a4hm1odo4MSV4R0d9ewEldSbJijp4+evpgFb/06s8a0D9/8j7Jtzl6C7ojH/Oxa6,9.088573,20.449773999999998,15.459623
662400,a4hm1odo4MSV4R0d9ewEldSbJijp4+evpgFb/06s8a0D9/8j7Jtzl6C7ojH/Oxa6,5.3528400000000005,22.20674,14.844122
662700,a4hm1odo4MSV4R0d9ewEldSbJijp4+evpgFb/06s8a0D9/8j7Jtzl6C7ojH/Oxa6,8.573022,20.478332,14.606888
663000,a4hm1odo4MSV4R0d9ewEldSbJijp4+evpgFb/06s8a0D9/8j7Jtzl6C7ojH/Oxa6,9.520513000000001,19.236005,14.833889000000001
663300,a4hm1odo4MSV4R0d9ewEldSbJijp4+evpgFb/06s8a0D9/8j7Jtzl6C7ojH/Oxa6,8.844489,21.850789000000002,15.496845
663600,a4hm1odo4MSV4R0d9ewEldSbJijp4+evpgFb/06s8a0D9/8j7Jtzl6C7ojH/Oxa6,9.412474000000001,20.395644,15.127070999999999
663900,a4hm1odo4MSV4R0d9ewEldSbJijp4+evpgFb/06s8a0D9/8j7Jtzl6C7ojH/Oxa6,8.425636,24.871198,15.553785999999999
664200,a4hm1odo4MSV4R0d9ewEldSbJijp4+evpgFb/06s8a0D9/8j7Jtzl6C7ojH/Oxa6,15.583425,83.175887,46.135425
664500,a4hm1odo4MSV4R0d9ewEldSbJijp4+evpgFb/06s8a0D9/8j7Jtzl6C7ojH/Oxa6,35.414743,74.870766,54.431718999999994
664800,a4hm1odo4MSV4R0d9ewEldSbJijp4+evpgFb/06s8a0D9/8j7Jtzl6C7ojH/Oxa6,45.910809,63.96366999999999,57.235824
665100,a4hm1odo4MSV4R0d9ewEldSbJijp4+evpgFb/06s8a0D9/8j7Jtzl6C7ojH/Oxa6,43.350835,71.804775,58.50989499999999
665400,a4hm1odo4MSV4R0d9ewEldSbJijp4+evpgFb/06s8a0D9/8j7Jtzl6C7ojH/Oxa6,29.739520000000002,61.319787,47.407068
665700,a4hm1odo4MSV4R0d9ewEldSbJijp4+evpgFb/06s8a0D9/8j7Jtzl6C7ojH/Oxa6,39.694601,75.827451,56.606685999999996
666000,a4hm1odo4MSV4R0d9ewEldSbJijp4+evpgFb/06s8a0D9/8j7Jtzl6C7ojH/Oxa6,23.732372,98.712017,58.466174
666300,a4hm1odo4MSV4R0d9ewEldSbJijp4+evpgFb/06s8a0D9/8j7Jtzl6C7ojH/Oxa6,32.816218,84.47336899999999,58.129881999999995
666600,a4hm1odo4MSV4R0d9ewEldSbJijp4+evpgFb/06s8a0D9/8j7Jtzl6C7ojH/Oxa6,35.17245,78.261119,58.59060699999999
666900,a4hm1odo4MSV4R0d9ewEldSbJijp4+evpgFb/06s8a0D9/8j7Jtzl6C7ojH/Oxa6,37.350859,81.74345100000001,58.565491
667200,a4hm1odo4MSV4R0d9ewEldSbJijp4+evpgFb/06s8a0D9/8j7Jtzl6C7ojH/Oxa6,38.388915999999995,72.79790200000001,55.22750799999999
667500,a4hm1odo4MSV4R0d9ewEldSbJijp4+evpgFb/06s8a0D9/8j7Jtzl6C7ojH/Oxa6,36.639901,74.279227,56.434917000000006
667800,a4hm1odo4MSV4R0d9ewEldSbJijp4+evpgFb/06s8a0D9/8j7Jtzl6C7ojH/Oxa6,27.811522999999998,88.349104,58.33505600000001
668100,a4hm1odo4MSV4R0d9ewEldSbJijp4+evpgFb/06s8a0D9/8j7Jtzl6C7ojH/Oxa6,25.857014000000003,72.777387,50.787878000000006
668400,a4hm1odo4MSV4R0d9ewEldSbJijp4+evpgFb/06s8a0D9/8j7Jtzl6C7ojH/Oxa6,22.106013,81.93884200000001,53.184819999999995
668700,a4hm1odo4MSV4R0d9ewEldSbJijp4+evpgFb/06s8a0D9/8j7Jtzl6C7ojH/Oxa6,40.704374,76.477166,58.231865
669000,a4hm1odo4MSV4R0d9ewEldSbJijp4+evpgFb/06s8a0D9/8j7Jtzl6C7ojH/Oxa6,18.986204,98.12613499999999,58.585668999999996
669300,a4hm1odo4MSV4R0d9ewEldSbJijp4+evpgFb/06s8a0D9/8j7Jtzl6C7ojH/Oxa6,7.407736999999999,71.210881,33.630685
669600,a4hm1odo4MSV4R0d9ewEldSbJijp4+evpgFb/06s8a0D9/8j7Jtzl6C7ojH/Oxa6,7.842726,21.281508,14.761281
669900,a4hm1odo4MSV4R0d9ewEldSbJijp4+evpgFb/06s8a0D9/8j7Jtzl6C7ojH/Oxa6,6.999894,18.765491,14.394410999999998
670200,a4hm1odo4MSV4R0d9ewEldSbJijp4+evpgFb/06s8a0D9/8j7Jtzl6C7ojH/Oxa6,8.069975999999999,20.677139,15.046273999999999
670500,a4hm1odo4MSV4R0d9ewEldSbJijp4+evpgFb/06s8a0D9/8j7Jtzl6C7ojH/Oxa6,7.711460000000001,24.259686,15.194633999999999
670800,a4hm1odo4MSV4R0d9ewEldSbJijp4+evpgFb/06s8a0D9/8j7Jtzl6C7ojH/Oxa6,8.384933,19.405683,14.636695000000001
671100,a4hm1odo4MSV4R0d9ewEldSbJijp4+evpgFb/06s8a0D9/8j7Jtzl6C7ojH/Oxa6,8.912506,20.320921,14.641029999999999
671400,a4hm1odo4MSV4R0d9ewEldSbJijp4+evpgFb/06s8a0D9/8j7Jtzl6C7ojH/Oxa6,9.686060000000001,19.028675,14.878987
671700,a4hm1odo4MSV4R0d9ewEldSbJijp4+evpgFb/06s8a0D9/8j7Jtzl6C7ojH/Oxa6,11.569450999999999,17.183246,14.984181
672000,a4hm1odo4MSV4R0d9ewEldSbJijp4+evpgFb/06s8a0D9/8j7Jtzl6C7ojH/Oxa6,8.472541,19.932487,14.38752
672300,a4hm1odo4MSV4R0d9ewEldSbJijp4+evpgFb/06s8a0D9/8j7Jtzl6C7ojH/Oxa6,8.432891,20.212507000000002,15.145078
672600,a4hm1odo4MSV4R0d9ewEldSbJijp4+evpgFb/06s8a0D9/8j7Jtzl6C7ojH/Oxa6,6.688563,22.14634,14.546923999999999
672900,a4hm1odo4MSV4R0d9ewEldSbJijp4+evpgFb/06s8a0D9/8j7Jtzl6C7ojH/Oxa6,8.935922,19.55285,14.932884
673200,a4hm1odo4MSV4R0d9ewEldSbJijp4+evpgFb/06s8a0D9/8j7Jtzl6C7ojH/Oxa6,8.950130999999999,26.198186,14.440626000000002
673500,a4hm1odo4MSV4R0d9ewEldSbJijp4+evpgFb/06s8a0D9/8j7Jtzl6C7ojH/Oxa6,10.562083,18.683554,14.869848000000001
673800,a4hm1odo4MSV4R0d9ewEldSbJijp4+evpgFb/06s8a0D9/8j7Jtzl6C7ojH/Oxa6,8.576717,21.24387,14.491984
674100,a4hm1odo4MSV4R0d9ewEldSbJijp4+evpgFb/06s8a0D9/8j7Jtzl6C7ojH/Oxa6,9.012983,20.619272,14.862751999999999
674400,a4hm1odo4MSV4R0d9ewEldSbJijp4+evpgFb/06s8a0D9/8j7Jtzl6C7ojH/Oxa6,8.178346000000001,31.162174,16.774526
674700,a4hm1odo4MSV4R0d9ewEldSbJijp4+evpgFb/06s8a0D9/8j7Jtzl6C7ojH/Oxa6,7.085156,21.455105,14.935951000000001
675000,a4hm1odo4MSV4R0d9ewEldSbJijp4+evpgFb/06s8a0D9/8j7Jtzl6C7ojH/Oxa6,8.295296,21.655726,15.318554
675300,a4hm1odo4MSV4R0d9ewEldSbJijp4+evpgFb/06s8a0D9/8j7Jtzl6C7ojH/Oxa6,11.421974,18.841893,15.413028
675600,a4hm1odo4MSV4R0d9ewEldSbJijp4+evpgFb/06s8a0D9/8j7Jtzl6C7ojH/Oxa6,9.627114,19.793876,14.735183
675900,a4hm1odo4MSV4R0d9ewEldSbJijp4+evpgFb/06s8a0D9/8j7Jtzl6C7ojH/Oxa6,10.384895,20.793951999999997,15.225225
676200,a4hm1odo4MSV4R0d9ewEldSbJijp4+evpgFb/06s8a0D9/8j7Jtzl6C7ojH/Oxa6,11.088503,18.726702,15.078348000000002
676500,a4hm1odo4MSV4R0d9ewEldSbJijp4+evpgFb/06s8a0D9/8j7Jtzl6C7ojH/Oxa6,8.550118,20.782003,14.784669000000001
676800,a4hm1odo4MSV4R0d9ewEldSbJijp4+evpgFb/06s8a0D9/8j7Jtzl6C7ojH/Oxa6,10.585824,18.739704,14.484167000000001
677100,a4hm1odo4MSV4R0d9ewEldSbJijp4+evpgFb/06s8a0D9/8j7Jtzl6C7ojH/Oxa6,12.816103,19.09696,15.325296
677400,a4hm1odo4MSV4R0d9ewEldSbJijp4+evpgFb/06s8a0D9/8j7Jtzl6C7ojH/Oxa6,7.976628999999999,19.953125,14.549053
677700,a4hm1odo4MSV4R0d9ewEldSbJijp4+evpgFb/06s8a0D9/8j7Jtzl6C7ojH/Oxa6,10.774963,20.175622,15.064309
678000,a4hm1odo4MSV4R0d9ewEldSbJijp4+evpgFb/06s8a0D9/8j7Jtzl6C7ojH/Oxa6,6.689755,21.312428,14.930044
678300,a4hm1odo4MSV4R0d9ewEldSbJijp4+evpgFb/06s8a0D9/8j7Jtzl6C7ojH/Oxa6,8.70209,20.669912,14.733456
678600,a4hm1odo4MSV4R0d9ewEldSbJijp4+evpgFb/06s8a0D9/8j7Jtzl6C7ojH/Oxa6,12.214634,22.145012,15.874925
678900,a4hm1odo4MSV4R0d9ewEldSbJijp4+evpgFb/06s8a0D9/8j7Jtzl6C7ojH/Oxa6,10.44342,19.772451,15.044801000000001
679200,a4hm1odo4MSV4R0d9ewEldSbJijp4+evpgFb/06s8a0D9/8j7Jtzl6C7ojH/Oxa6,7.690924000000001,19.559644,14.268988
679500,a4hm1odo4MSV4R0d9ewEldSbJijp4+evpgFb/06s8a0D9/8j7Jtzl6C7ojH/Oxa6,8.197041,20.89955,14.638482999999999
679800,a4hm1odo4MSV4R0d9ewEldSbJijp4+evpgFb/06s8a0D9/8j7Jtzl6C7ojH/Oxa6,9.342164,20.076138,14.624641
680100,a4hm1odo4MSV4R0d9ewEldSbJijp4+evpgFb/06s8a0D9/8j7Jtzl6C7ojH/Oxa6,9.724291000000001,20.187268,14.798723
680400,a4hm1odo4MSV4R0d9ewEldSbJijp4+evpgFb/06s8a0D9/8j7Jtzl6C7ojH/Oxa6,9.347166,37.227323999999996,17.46894
680700,a4hm1odo4MSV4R0d9ewEldSbJijp4+evpgFb/06s8a0D9/8j7Jtzl6C7ojH/Oxa6,8.837086,17.992241,13.664851
681000,a4hm1odo4MSV4R0d9ewEldSbJijp4+evpgFb/06s8a0D9/8j7Jtzl6C7ojH/Oxa6,8.799444,20.461769,14.660795000000002
681300,a4hm1odo4MSV4R0d9ewEldSbJijp4+evpgFb/06s8a0D9/8j7Jtzl6C7ojH/Oxa6,8.289137,21.524760999999998,15.382442000000001
681600,a4hm1odo4MSV4R0d9ewEldSbJijp4+evpgFb/06s8a0D9/8j7Jtzl6C7ojH/Oxa6,8.417296,22.642629,14.976838
681900,a4hm1odo4MSV4R0d9ewEldSbJijp4+evpgFb/06s8a0D9/8j7Jtzl6C7ojH/Oxa6,9.098151,19.431851,15.019979999999999
682200,a4hm1odo4MSV4R0d9ewEldSbJijp4+evpgFb/06s8a0D9/8j7Jtzl6C7ojH/Oxa6,10.450892999999999,19.76087,15.494107999999999
682500,a4hm1odo4MSV4R0d9ewEldSbJijp4+evpgFb/06s8a0D9/8j7Jtzl6C7ojH/Oxa6,8.761803,22.3034,15.367426000000002
682800,a4hm1odo4MSV4R0d9ewEldSbJijp4+evpgFb/06s8a0D9/8j7Jtzl6C7ojH/Oxa6,8.71866,20.3988,14.902921
683100,a4hm1odo4MSV4R0d9ewEldSbJijp4+evpgFb/06s8a0D9/8j7Jtzl6C7ojH/Oxa6,8.853252000000001,22.431036,15.027132
683400,a4hm1odo4MSV4R0d9ewEldSbJijp4+evpgFb/06s8a0D9/8j7Jtzl6C7ojH/Oxa6,6.140438,20.143414,14.586656
683700,a4hm1odo4MSV4R0d9ewEldSbJijp4+evpgFb/06s8a0D9/8j7Jtzl6C7ojH/Oxa6,8.825325999999999,20.16855,14.996688
684000,a4hm1odo4MSV4R0d9ewEldSbJijp4+evpgFb/06s8a0D9/8j7Jtzl6C7ojH/Oxa6,9.194075999999999,20.808888,14.955132
684300,a4hm1odo4MSV4R0d9ewEldSbJijp4+evpgFb/06s8a0D9/8j7Jtzl6C7ojH/Oxa6,8.400869,20.829989,14.188625
684600,a4hm1odo4MSV4R0d9ewEldSbJijp4+evpgFb/06s8a0D9/8j7Jtzl6C7ojH/Oxa6,6.969292,21.003144,14.657334
684900,a4hm1odo4MSV4R0d9ewEldSbJijp4+evpgFb/06s8a0D9/8j7Jtzl6C7ojH/Oxa6,9.178229,19.754821,15.244109
685200,a4hm1odo4MSV4R0d9ewEldSbJijp4+evpgFb/06s8a0D9/8j7Jtzl6C7ojH/Oxa6,7.412787,19.962324,15.093115
685500,a4hm1odo4MSV4R0d9ewEldSbJijp4+evpgFb/06s8a0D9/8j7Jtzl6C7ojH/Oxa6,8.394582000000002,23.412779999999998,14.889073999999999
685800,a4hm1odo4MSV4R0d9ewEldSbJijp4+evpgFb/06s8a0D9/8j7Jtzl6C7ojH/Oxa6,9.514439,19.743312,15.405810999999998
686100,a4hm1odo4MSV4R0d9ewEldSbJijp4+evpgFb/06s8a0D9/8j7Jtzl6C7ojH/Oxa6,7.961533,20.44791,14.46703
686400,a4hm1odo4MSV4R0d9ewEldSbJijp4+evpgFb/06s8a0D9/8j7Jtzl6C7ojH/Oxa6,9.615958000000001,20.042885000000002,15.343276999999999
686700,a4hm1odo4MSV4R0d9ewEldSbJijp4+evpgFb/06s8a0D9/8j7Jtzl6C7ojH/Oxa6,8.551146000000001,21.571377,15.222411
687000,a4hm1odo4MSV4R0d9ewEldSbJijp4+evpgFb/06s8a0D9/8j7Jtzl6C7ojH/Oxa6,8.583267,21.929971,15.049428
687300,a4hm1odo4MSV4R0d9ewEldSbJijp4+evpgFb/06s8a0D9/8j7Jtzl6C7ojH/Oxa6,7.744708,22.271742,15.031772
687600,a4hm1odo4MSV4R0d9ewEldSbJijp4+evpgFb/06s8a0D9/8j7Jtzl6C7ojH/Oxa6,9.538335,19.838859,14.952647
687900,a4hm1odo4MSV4R0d9ewEldSbJijp4+evpgFb/06s8a0D9/8j7Jtzl6C7ojH/Oxa6,8.958916,21.240831,15.123282000000001
688200,a4hm1odo4MSV4R0d9ewEldSbJijp4+evpgFb/06s8a0D9/8j7Jtzl6C7ojH/Oxa6,8.287721000000001,20.713869,14.116437
688500,a4hm1odo4MSV4R0d9ewEldSbJijp4+evpgFb/06s8a0D9/8j7Jtzl6C7ojH/Oxa6,9.694308,21.368517999999998,15.204339000000001
688800,a4hm1odo4MSV4R0d9ewEldSbJijp4+evpgFb/06s8a0D9/8j7Jtzl6C7ojH/Oxa6,9.232434,22.134584,15.688619000000001
689100,a4hm1odo4MSV4R0d9ewEldSbJijp4+evpgFb/06s8a0D9/8j7Jtzl6C7ojH/Oxa6,9.927652,19.47249,15.204189999999999
689400,a4hm1odo4MSV4R0d9ewEldSbJijp4+evpgFb/06s8a0D9/8j7Jtzl6C7ojH/Oxa6,8.630492,17.385642999999998,14.794897
689700,a4hm1odo4MSV4R0d9ewEldSbJijp4+evpgFb/06s8a0D9/8j7Jtzl6C7ojH/Oxa6,8.001611,20.503137,15.739354
690000,a4hm1odo4MSV4R0d9ewEldSbJijp4+evpgFb/06s8a0D9/8j7Jtzl6C7ojH/Oxa6,7.060084,21.166603,14.608988
690300,a4hm1odo4MSV4R0d9ewEldSbJijp4+evpgFb/06s8a0D9/8j7Jtzl6C7ojH/Oxa6,8.256889,22.163573,15.144691
690600,a4hm1odo4MSV4R0d9ewEldSbJijp4+evpgFb/06s8a0D9/8j7Jtzl6C7ojH/Oxa6,8.036230999999999,21.351236,15.183317
690900,a4hm1odo4MSV4R0d9ewEldSbJijp4+evpgFb/06s8a0D9/8j7Jtzl6C7ojH/Oxa6,7.808147,21.611860999999998,15.002994000000001
