timestamp,vm_id,min_cpu,avg_cpu,max_cpu
0,a4VPVcO823uFKQtjpPIuVKXumn6I2rVFW7aB60r1CldO9RoeQGS+yi1Sn4QqHol7,10.737592999999999,12.332813999999999,11.558046000000001
300,a4VPVcO823uFKQtjpPIuVKXumn6I2rVFW7aB60r1CldO9RoeQGS+yi1Sn4QqHol7,10.710513,12.398173,11.650847
600,a4VPVcO823uFKQtjpPIuVKXumn6I2rVFW7aB60r1CldO9RoeQGS+yi1Sn4QqHol7,10.832203,25.378360999999998,13.020382000000001
900,a4VPVcO823uFKQtjpPIuVKXumn6I2rVFW7aB60r1CldO9RoeQGS+yi1Sn4QqHol7,10.539409,14.305414,11.822678
1200,a4VPVcO823uFKQtjpPIuVKXumn6I2rVFW7aB60r1CldO9RoeQGS+yi1Sn4QqHol7,5.805105999999999,12.814556,11.140395
1500,a4VPVcO823uFKQtjpPIuVKXumn6I2rVFW7aB60r1CldO9RoeQGS+yi1Sn4QqHol7,10.584775,13.01853,11.86063
1800,a4VPVcO823uFKQtjpPIuVKXumn6I2rVFW7aB60r1CldO9RoeQGS+yi1Sn4QqHol7,10.639389999999999,15.010297,11.842781
2100,a4VPVcO823uFKQtjpPIuVKXumn6I2rVFW7aB60r1CldO9RoeQGS+yi1Sn4QqHol7,10.777645,12.656367,11.582353
2400,a4VPVcO823uFKQtjpPIuVKXumn6I2rVFW7aB60r1CldO9RoeQGS+yi1Sn4QqHol7,10.96185,13.128255,11.88546
2700,a4VPVcO823uFKQtjpPIuVKXumn6I2rVFW7aB60r1CldO9RoeQGS+yi1Sn4QqHol7,10.695452000000001,13.15748,11.753418
3000,a4VPVcO823uFKQtjpPIuVKXumn6I2rVFW7aB60r1CldO9RoeQGS+yi1Sn4QqHol7,10.622095,14.059935999999999,11.804763000000001
3300,a4VPVcO823uFKQtjpPIuVKXumn6I2rVFW7aB60r1CldO9RoeQGS+yi1Sn4QqHol7,10.297134,12.379424,11.553937
3600,a4VPVcO823uFKQtjpPIuVKXumn6I2rVFW7aB60r1CldO9RoeQGS+yi1Sn4QqHol7,10.436192,13.223532,11.623209
3900,a4VPVcO823uFKQtjpPIuVKXumn6I2rVFW7aB60r1CldO9RoeQGS+yi1Sn4QqHol7,6.0461279999999995,13.185442000000002,11.154603999999999
4200,a4VPVcO823uFKQtjpPIuVKXumn6I2rVFW7aB60r1CldO9RoeQGS+yi1Sn4QqHol7,10.765297,22.357174,12.990682000000001
4500,a4VPVcO823uFKQtjpPIuVKXumn6I2rVFW7aB60r1CldO9RoeQGS+yi1Sn4QqHol7,10.837591999999999,15.200794,11.892686
4800,a4VPVcO823uFKQtjpPIuVKXumn6I2rVFW7aB60r1CldO9RoeQGS+yi1Sn4QqHol7,10.627436,13.325784,11.628239
5100,a4VPVcO823uFKQtjpPIuVKXumn6I2rVFW7aB60r1CldO9RoeQGS+yi1Sn4QqHol7,6.393369,12.813947,11.295129
5400,a4VPVcO823uFKQtjpPIuVKXumn6I2rVFW7aB60r1CldO9RoeQGS+yi1Sn4QqHol7,10.577064,12.785532,11.699634
5700,a4VPVcO823uFKQtjpPIuVKXumn6I2rVFW7aB60r1CldO9RoeQGS+yi1Sn4QqHol7,10.642097,14.180357,11.828041
6000,a4VPVcO823uFKQtjpPIuVKXumn6I2rVFW7aB60r1CldO9RoeQGS+yi1Sn4QqHol7,10.759839,13.477499,11.998399000000001
6300,a4VPVcO823uFKQtjpPIuVKXumn6I2rVFW7aB60r1CldO9RoeQGS+yi1Sn4QqHol7,10.652672,14.934467999999999,11.811416
6600,a4VPVcO823uFKQtjpPIuVKXumn6I2rVFW7aB60r1CldO9RoeQGS+yi1Sn4QqHol7,10.830003999999999,13.747945999999999,11.769906
6900,a4VPVcO823uFKQtjpPIuVKXumn6I2rVFW7aB60r1CldO9RoeQGS+yi1Sn4QqHol7,10.683537,12.975966,11.782828
7200,a4VPVcO823uFKQtjpPIuVKXumn6I2rVFW7aB60r1CldO9RoeQGS+yi1Sn4QqHol7,10.691908,14.13233,11.800701
7500,a4VPVcO823uFKQtjpPIuVKXumn6I2rVFW7aB60r1CldO9RoeQGS+yi1Sn4QqHol7,10.779072,13.005956,11.763033
7800,a4VPVcO823uFKQtjpPIuVKXumn6I2rVFW7aB60r1CldO9RoeQGS+yi1Sn4QqHol7,5.83674,24.720305,12.526262
8100,a4VPVcO823uFKQtjpPIuVKXumn6I2rVFW7aB60r1CldO9RoeQGS+yi1Sn4QqHol7,10.627129,12.761381,11.622194
8400,a4VPVcO823uFKQtjpPIuVKXumn6I2rVFW7aB60r1CldO9RoeQGS+yi1Sn4QqHol7,10.667580000000001,14.541935999999998,11.937066999999999
8700,a4VPVcO823uFKQtjpPIuVKXumn6I2rVFW7aB60r1CldO9RoeQGS+yi1Sn4QqHol7,10.790595,29.722348999999998,13.200327
9000,a4VPVcO823uFKQtjpPIuVKXumn6I2rVFW7aB60r1CldO9RoeQGS+yi1Sn4QqHol7,6.888758999999999,12.483471,11.198766
9300,a4VPVcO823uFKQtjpPIuVKXumn6I2rVFW7aB60r1CldO9RoeQGS+yi1Sn4QqHol7,10.732652,16.150372,12.061959
9600,a4VPVcO823uFKQtjpPIuVKXumn6I2rVFW7aB60r1CldO9RoeQGS+yi1Sn4QqHol7,10.567974000000001,12.959306,11.740999
9900,a4VPVcO823uFKQtjpPIuVKXumn6I2rVFW7aB60r1CldO9RoeQGS+yi1Sn4QqHol7,10.642916,12.798703,11.682236
10200,a4VPVcO823uFKQtjpPIuVKXumn6I2rVFW7aB60r1CldO9RoeQGS+yi1Sn4QqHol7,10.661625,12.662275,11.712286
10500,a4VPVcO823uFKQtjpPIuVKXumn6I2rVFW7aB60r1CldO9RoeQGS+yi1Sn4QqHol7,10.857297,14.297970000000001,12.00924
10800,a4VPVcO823uFKQtjpPIuVKXumn6I2rVFW7aB60r1CldO9RoeQGS+yi1Sn4QqHol7,10.688008,12.787025,11.668194999999999
11100,a4VPVcO823uFKQtjpPIuVKXumn6I2rVFW7aB60r1CldO9RoeQGS+yi1Sn4QqHol7,10.801574,15.199976000000001,11.955811
11400,a4VPVcO823uFKQtjpPIuVKXumn6I2rVFW7aB60r1CldO9RoeQGS+yi1Sn4QqHol7,10.903858999999999,27.142961,12.964139999999999
11700,a4VPVcO823uFKQtjpPIuVKXumn6I2rVFW7aB60r1CldO9RoeQGS+yi1Sn4QqHol7,10.619161,12.923213,11.521295
12000,a4VPVcO823uFKQtjpPIuVKXumn6I2rVFW7aB60r1CldO9RoeQGS+yi1Sn4QqHol7,10.587867999999999,14.981434,11.960191
12300,a4VPVcO823uFKQtjpPIuVKXumn6I2rVFW7aB60r1CldO9RoeQGS+yi1Sn4QqHol7,10.683292,12.839367,11.736299
12600,a4VPVcO823uFKQtjpPIuVKXumn6I2rVFW7aB60r1CldO9RoeQGS+yi1Sn4QqHol7,7.229176,12.74575,11.18523
12900,a4VPVcO823uFKQtjpPIuVKXumn6I2rVFW7aB60r1CldO9RoeQGS+yi1Sn4QqHol7,10.512802,12.720984,11.606639999999999
13200,a4VPVcO823uFKQtjpPIuVKXumn6I2rVFW7aB60r1CldO9RoeQGS+yi1Sn4QqHol7,10.821048,14.38853,11.996056
13500,a4VPVcO823uFKQtjpPIuVKXumn6I2rVFW7aB60r1CldO9RoeQGS+yi1Sn4QqHol7,10.639659,12.775704,11.650632
13800,a4VPVcO823uFKQtjpPIuVKXumn6I2rVFW7aB60r1CldO9RoeQGS+yi1Sn4QqHol7,10.755614,13.460439000000001,11.898022000000001
14100,a4VPVcO823uFKQtjpPIuVKXumn6I2rVFW7aB60r1CldO9RoeQGS+yi1Sn4QqHol7,10.797172999999999,12.86421,11.697002000000001
14400,a4VPVcO823uFKQtjpPIuVKXumn6I2rVFW7aB60r1CldO9RoeQGS+yi1Sn4QqHol7,10.637366,13.547862,11.649023
14700,a4VPVcO823uFKQtjpPIuVKXumn6I2rVFW7aB60r1CldO9RoeQGS+yi1Sn4QqHol7,10.55165,16.444226,11.974869
15000,a4VPVcO823uFKQtjpPIuVKXumn6I2rVFW7aB60r1CldO9RoeQGS+yi1Sn4QqHol7,10.715582000000001,20.693463,12.885672999999999
15300,a4VPVcO823uFKQtjpPIuVKXumn6I2rVFW7aB60r1CldO9RoeQGS+yi1Sn4QqHol7,9.703307,12.791944,11.537977
15600,a4VPVcO823uFKQtjpPIuVKXumn6I2rVFW7aB60r1CldO9RoeQGS+yi1Sn4QqHol7,10.618977000000001,12.954637,11.646085000000001
15900,a4VPVcO823uFKQtjpPIuVKXumn6I2rVFW7aB60r1CldO9RoeQGS+yi1Sn4QqHol7,10.686088,15.450009,11.972135
16200,a4VPVcO823uFKQtjpPIuVKXumn6I2rVFW7aB60r1CldO9RoeQGS+yi1Sn4QqHol7,10.518002000000001,12.784177,11.508383
16500,a4VPVcO823uFKQtjpPIuVKXumn6I2rVFW7aB60r1CldO9RoeQGS+yi1Sn4QqHol7,10.563479,13.040223,11.586348
16800,a4VPVcO823uFKQtjpPIuVKXumn6I2rVFW7aB60r1CldO9RoeQGS+yi1Sn4QqHol7,10.740057,12.768981,11.722942999999999
17100,a4VPVcO823uFKQtjpPIuVKXumn6I2rVFW7aB60r1CldO9RoeQGS+yi1Sn4QqHol7,10.595767,15.806256,12.034393
17400,a4VPVcO823uFKQtjpPIuVKXumn6I2rVFW7aB60r1CldO9RoeQGS+yi1Sn4QqHol7,10.493589,13.462744,11.752319
17700,a4VPVcO823uFKQtjpPIuVKXumn6I2rVFW7aB60r1CldO9RoeQGS+yi1Sn4QqHol7,10.421902000000001,12.57305,11.636858
18000,a4VPVcO823uFKQtjpPIuVKXumn6I2rVFW7aB60r1CldO9RoeQGS+yi1Sn4QqHol7,7.098107000000001,12.51327,11.198279
18300,a4VPVcO823uFKQtjpPIuVKXumn6I2rVFW7aB60r1CldO9RoeQGS+yi1Sn4QqHol7,10.688514999999999,12.864361,11.637649
18600,a4VPVcO823uFKQtjpPIuVKXumn6I2rVFW7aB60r1CldO9RoeQGS+yi1Sn4QqHol7,10.715591,29.43556,13.290901999999999
18900,a4VPVcO823uFKQtjpPIuVKXumn6I2rVFW7aB60r1CldO9RoeQGS+yi1Sn4QqHol7,10.615022999999999,12.692276,11.642726
19200,a4VPVcO823uFKQtjpPIuVKXumn6I2rVFW7aB60r1CldO9RoeQGS+yi1Sn4QqHol7,5.969733,13.197582,11.060245
19500,a4VPVcO823uFKQtjpPIuVKXumn6I2rVFW7aB60r1CldO9RoeQGS+yi1Sn4QqHol7,10.698936999999999,12.94353,11.690457
19800,a4VPVcO823uFKQtjpPIuVKXumn6I2rVFW7aB60r1CldO9RoeQGS+yi1Sn4QqHol7,10.785735,15.288829000000002,11.868432
20100,a4VPVcO823uFKQtjpPIuVKXumn6I2rVFW7aB60r1CldO9RoeQGS+yi1Sn4QqHol7,10.560994,14.042494,11.837019
20400,a4VPVcO823uFKQtjpPIuVKXumn6I2rVFW7aB60r1CldO9RoeQGS+yi1Sn4QqHol7,10.949333,13.052114999999999,11.857058
20700,a4VPVcO823uFKQtjpPIuVKXumn6I2rVFW7aB60r1CldO9RoeQGS+yi1Sn4QqHol7,6.944189,12.681811,11.252289999999999
21000,a4VPVcO823uFKQtjpPIuVKXumn6I2rVFW7aB60r1CldO9RoeQGS+yi1Sn4QqHol7,10.502352,48.284771,15.846701000000001
21300,a4VPVcO823uFKQtjpPIuVKXumn6I2rVFW7aB60r1CldO9RoeQGS+yi1Sn4QqHol7,10.842400999999999,14.221631,12.090993
21600,a4VPVcO823uFKQtjpPIuVKXumn6I2rVFW7aB60r1CldO9RoeQGS+yi1Sn4QqHol7,10.715833,12.746551,11.711544
21900,a4VPVcO823uFKQtjpPIuVKXumn6I2rVFW7aB60r1CldO9RoeQGS+yi1Sn4QqHol7,10.70177,14.105820999999999,11.908776
22200,a4VPVcO823uFKQtjpPIuVKXumn6I2rVFW7aB60r1CldO9RoeQGS+yi1Sn4QqHol7,10.78377,26.600534999999997,13.115846
22500,a4VPVcO823uFKQtjpPIuVKXumn6I2rVFW7aB60r1CldO9RoeQGS+yi1Sn4QqHol7,10.680832,14.046432000000001,11.806702
22800,a4VPVcO823uFKQtjpPIuVKXumn6I2rVFW7aB60r1CldO9RoeQGS+yi1Sn4QqHol7,10.743094000000001,14.001598000000001,11.769318
23100,a4VPVcO823uFKQtjpPIuVKXumn6I2rVFW7aB60r1CldO9RoeQGS+yi1Sn4QqHol7,10.713737,12.666884,11.771718
23400,a4VPVcO823uFKQtjpPIuVKXumn6I2rVFW7aB60r1CldO9RoeQGS+yi1Sn4QqHol7,6.92325,12.755842,11.221592
23700,a4VPVcO823uFKQtjpPIuVKXumn6I2rVFW7aB60r1CldO9RoeQGS+yi1Sn4QqHol7,10.732484,12.644349,11.605966
24000,a4VPVcO823uFKQtjpPIuVKXumn6I2rVFW7aB60r1CldO9RoeQGS+yi1Sn4QqHol7,10.937615,15.050119,11.969388
24300,a4VPVcO823uFKQtjpPIuVKXumn6I2rVFW7aB60r1CldO9RoeQGS+yi1Sn4QqHol7,10.716999000000001,12.480574,11.573585000000001
24600,a4VPVcO823uFKQtjpPIuVKXumn6I2rVFW7aB60r1CldO9RoeQGS+yi1Sn4QqHol7,10.670098,15.846879999999999,12.069972
24900,a4VPVcO823uFKQtjpPIuVKXumn6I2rVFW7aB60r1CldO9RoeQGS+yi1Sn4QqHol7,10.929874,13.10553,11.835828
25200,a4VPVcO823uFKQtjpPIuVKXumn6I2rVFW7aB60r1CldO9RoeQGS+yi1Sn4QqHol7,6.119661,12.737094,11.153315
25500,a4VPVcO823uFKQtjpPIuVKXumn6I2rVFW7aB60r1CldO9RoeQGS+yi1Sn4QqHol7,10.401345,13.187543,11.695672
25800,a4VPVcO823uFKQtjpPIuVKXumn6I2rVFW7aB60r1CldO9RoeQGS+yi1Sn4QqHol7,10.887402999999999,23.926824,12.783068
26100,a4VPVcO823uFKQtjpPIuVKXumn6I2rVFW7aB60r1CldO9RoeQGS+yi1Sn4QqHol7,10.747181,13.848475,11.924679
26400,a4VPVcO823uFKQtjpPIuVKXumn6I2rVFW7aB60r1CldO9RoeQGS+yi1Sn4QqHol7,10.944915,12.997502,11.702814
26700,a4VPVcO823uFKQtjpPIuVKXumn6I2rVFW7aB60r1CldO9RoeQGS+yi1Sn4QqHol7,7.000238,13.52036,11.498573
27000,a4VPVcO823uFKQtjpPIuVKXumn6I2rVFW7aB60r1CldO9RoeQGS+yi1Sn4QqHol7,10.688197,12.818862,11.668064999999999
27300,a4VPVcO823uFKQtjpPIuVKXumn6I2rVFW7aB60r1CldO9RoeQGS+yi1Sn4QqHol7,10.576276,13.110033,11.750007
27600,a4VPVcO823uFKQtjpPIuVKXumn6I2rVFW7aB60r1CldO9RoeQGS+yi1Sn4QqHol7,10.495751,12.81589,11.661479
27900,a4VPVcO823uFKQtjpPIuVKXumn6I2rVFW7aB60r1CldO9RoeQGS+yi1Sn4QqHol7,9.357539,12.64772,11.436094
28200,a4VPVcO823uFKQtjpPIuVKXumn6I2rVFW7aB60r1CldO9RoeQGS+yi1Sn4QqHol7,10.720999999999998,15.046515,11.871982000000001
28500,a4VPVcO823uFKQtjpPIuVKXumn6I2rVFW7aB60r1CldO9RoeQGS+yi1Sn4QqHol7,10.728129,12.707786,11.735747
28800,a4VPVcO823uFKQtjpPIuVKXumn6I2rVFW7aB60r1CldO9RoeQGS+yi1Sn4QqHol7,10.557927000000001,13.880125,11.716364
29100,a4VPVcO823uFKQtjpPIuVKXumn6I2rVFW7aB60r1CldO9RoeQGS+yi1Sn4QqHol7,10.678757000000001,13.109994,11.689319
29400,a4VPVcO823uFKQtjpPIuVKXumn6I2rVFW7aB60r1CldO9RoeQGS+yi1Sn4QqHol7,6.925045,12.597275,11.329816000000001
29700,a4VPVcO823uFKQtjpPIuVKXumn6I2rVFW7aB60r1CldO9RoeQGS+yi1Sn4QqHol7,10.81633,25.765348,12.999118
30000,a4VPVcO823uFKQtjpPIuVKXumn6I2rVFW7aB60r1CldO9RoeQGS+yi1Sn4QqHol7,10.646248,13.799326,12.025864
30300,a4VPVcO823uFKQtjpPIuVKXumn6I2rVFW7aB60r1CldO9RoeQGS+yi1Sn4QqHol7,10.795073,12.672953999999999,11.662892999999999
30600,a4VPVcO823uFKQtjpPIuVKXumn6I2rVFW7aB60r1CldO9RoeQGS+yi1Sn4QqHol7,10.53278,13.157048999999999,11.627506
30900,a4VPVcO823uFKQtjpPIuVKXumn6I2rVFW7aB60r1CldO9RoeQGS+yi1Sn4QqHol7,7.880917999999999,13.019425,11.316916
31200,a4VPVcO823uFKQtjpPIuVKXumn6I2rVFW7aB60r1CldO9RoeQGS+yi1Sn4QqHol7,10.693002,12.728867999999999,11.78009
31500,a4VPVcO823uFKQtjpPIuVKXumn6I2rVFW7aB60r1CldO9RoeQGS+yi1Sn4QqHol7,10.773552,13.954834,11.904169
31800,a4VPVcO823uFKQtjpPIuVKXumn6I2rVFW7aB60r1CldO9RoeQGS+yi1Sn4QqHol7,10.737091,12.761136,11.637656
32100,a4VPVcO823uFKQtjpPIuVKXumn6I2rVFW7aB60r1CldO9RoeQGS+yi1Sn4QqHol7,6.79133,12.691986,11.305238000000001
32400,a4VPVcO823uFKQtjpPIuVKXumn6I2rVFW7aB60r1CldO9RoeQGS+yi1Sn4QqHol7,10.649691,12.385100999999999,11.534666
32700,a4VPVcO823uFKQtjpPIuVKXumn6I2rVFW7aB60r1CldO9RoeQGS+yi1Sn4QqHol7,10.831613,14.510812,11.889387
33000,a4VPVcO823uFKQtjpPIuVKXumn6I2rVFW7aB60r1CldO9RoeQGS+yi1Sn4QqHol7,10.69077,13.040754,11.728857000000001
33300,a4VPVcO823uFKQtjpPIuVKXumn6I2rVFW7aB60r1CldO9RoeQGS+yi1Sn4QqHol7,10.588265,24.155801,12.991308
33600,a4VPVcO823uFKQtjpPIuVKXumn6I2rVFW7aB60r1CldO9RoeQGS+yi1Sn4QqHol7,5.624258,13.108092000000001,11.231745
33900,a4VPVcO823uFKQtjpPIuVKXumn6I2rVFW7aB60r1CldO9RoeQGS+yi1Sn4QqHol7,10.637369,12.660698,11.623397
34200,a4VPVcO823uFKQtjpPIuVKXumn6I2rVFW7aB60r1CldO9RoeQGS+yi1Sn4QqHol7,10.690156,16.629126,11.998389
34500,a4VPVcO823uFKQtjpPIuVKXumn6I2rVFW7aB60r1CldO9RoeQGS+yi1Sn4QqHol7,10.637802,12.857744,11.602079
34800,a4VPVcO823uFKQtjpPIuVKXumn6I2rVFW7aB60r1CldO9RoeQGS+yi1Sn4QqHol7,10.575324,13.242572000000001,11.820933
35100,a4VPVcO823uFKQtjpPIuVKXumn6I2rVFW7aB60r1CldO9RoeQGS+yi1Sn4QqHol7,10.67199,13.101736,11.77759
35400,a4VPVcO823uFKQtjpPIuVKXumn6I2rVFW7aB60r1CldO9RoeQGS+yi1Sn4QqHol7,7.853839,12.770695,11.301642999999999
35700,a4VPVcO823uFKQtjpPIuVKXumn6I2rVFW7aB60r1CldO9RoeQGS+yi1Sn4QqHol7,10.710621000000002,12.593086,11.640125
36000,a4VPVcO823uFKQtjpPIuVKXumn6I2rVFW7aB60r1CldO9RoeQGS+yi1Sn4QqHol7,10.630666999999999,13.245918,11.697205
36300,a4VPVcO823uFKQtjpPIuVKXumn6I2rVFW7aB60r1CldO9RoeQGS+yi1Sn4QqHol7,7.28263,12.703561,11.342816000000001
36600,a4VPVcO823uFKQtjpPIuVKXumn6I2rVFW7aB60r1CldO9RoeQGS+yi1Sn4QqHol7,10.700266000000001,12.881008999999999,11.67554
36900,a4VPVcO823uFKQtjpPIuVKXumn6I2rVFW7aB60r1CldO9RoeQGS+yi1Sn4QqHol7,10.634764,24.855315,12.876560000000001
37200,a4VPVcO823uFKQtjpPIuVKXumn6I2rVFW7aB60r1CldO9RoeQGS+yi1Sn4QqHol7,10.544686,12.614835000000001,11.625212
37500,a4VPVcO823uFKQtjpPIuVKXumn6I2rVFW7aB60r1CldO9RoeQGS+yi1Sn4QqHol7,10.447627,14.022485999999999,11.742842999999999
37800,a4VPVcO823uFKQtjpPIuVKXumn6I2rVFW7aB60r1CldO9RoeQGS+yi1Sn4QqHol7,10.569367999999999,12.987198,11.790807000000001
38100,a4VPVcO823uFKQtjpPIuVKXumn6I2rVFW7aB60r1CldO9RoeQGS+yi1Sn4QqHol7,5.874789,12.613245,11.096998
38400,a4VPVcO823uFKQtjpPIuVKXumn6I2rVFW7aB60r1CldO9RoeQGS+yi1Sn4QqHol7,10.619361,12.913485000000001,11.669845
38700,a4VPVcO823uFKQtjpPIuVKXumn6I2rVFW7aB60r1CldO9RoeQGS+yi1Sn4QqHol7,10.681683,14.084617999999999,11.793443
39000,a4VPVcO823uFKQtjpPIuVKXumn6I2rVFW7aB60r1CldO9RoeQGS+yi1Sn4QqHol7,10.80381,13.998656,11.859311
39300,a4VPVcO823uFKQtjpPIuVKXumn6I2rVFW7aB60r1CldO9RoeQGS+yi1Sn4QqHol7,10.487847,12.720655,11.661280999999999
39600,a4VPVcO823uFKQtjpPIuVKXumn6I2rVFW7aB60r1CldO9RoeQGS+yi1Sn4QqHol7,9.488346,12.735047999999999,11.733747
39900,a4VPVcO823uFKQtjpPIuVKXumn6I2rVFW7aB60r1CldO9RoeQGS+yi1Sn4QqHol7,10.741337,12.931047999999999,11.675945
40200,a4VPVcO823uFKQtjpPIuVKXumn6I2rVFW7aB60r1CldO9RoeQGS+yi1Sn4QqHol7,10.877177,13.277959,11.820596
40500,a4VPVcO823uFKQtjpPIuVKXumn6I2rVFW7aB60r1CldO9RoeQGS+yi1Sn4QqHol7,10.794252,21.17354,12.8941
40800,a4VPVcO823uFKQtjpPIuVKXumn6I2rVFW7aB60r1CldO9RoeQGS+yi1Sn4QqHol7,9.392263999999999,13.382901,11.469801
41100,a4VPVcO823uFKQtjpPIuVKXumn6I2rVFW7aB60r1CldO9RoeQGS+yi1Sn4QqHol7,10.525343,12.509103999999999,11.682141
41400,a4VPVcO823uFKQtjpPIuVKXumn6I2rVFW7aB60r1CldO9RoeQGS+yi1Sn4QqHol7,10.673242,15.783566,12.096738
41700,a4VPVcO823uFKQtjpPIuVKXumn6I2rVFW7aB60r1CldO9RoeQGS+yi1Sn4QqHol7,10.686913,12.760296,11.612061
42000,a4VPVcO823uFKQtjpPIuVKXumn6I2rVFW7aB60r1CldO9RoeQGS+yi1Sn4QqHol7,10.530353,18.245808,12.203588
42300,a4VPVcO823uFKQtjpPIuVKXumn6I2rVFW7aB60r1CldO9RoeQGS+yi1Sn4QqHol7,10.73381,12.948236,11.77506
42600,a4VPVcO823uFKQtjpPIuVKXumn6I2rVFW7aB60r1CldO9RoeQGS+yi1Sn4QqHol7,10.468097,12.849642999999999,11.59802
42900,a4VPVcO823uFKQtjpPIuVKXumn6I2rVFW7aB60r1CldO9RoeQGS+yi1Sn4QqHol7,10.673508,14.050265,11.903464999999999
43200,a4VPVcO823uFKQtjpPIuVKXumn6I2rVFW7aB60r1CldO9RoeQGS+yi1Sn4QqHol7,10.833184,12.818749,11.649997
43500,a4VPVcO823uFKQtjpPIuVKXumn6I2rVFW7aB60r1CldO9RoeQGS+yi1Sn4QqHol7,10.527256,13.503526,11.758379
43800,a4VPVcO823uFKQtjpPIuVKXumn6I2rVFW7aB60r1CldO9RoeQGS+yi1Sn4QqHol7,10.595736,12.516378999999999,11.638961
44100,a4VPVcO823uFKQtjpPIuVKXumn6I2rVFW7aB60r1CldO9RoeQGS+yi1Sn4QqHol7,10.944907,26.013246,13.119636999999999
44400,a4VPVcO823uFKQtjpPIuVKXumn6I2rVFW7aB60r1CldO9RoeQGS+yi1Sn4QqHol7,10.739834,12.744271000000001,11.694274
44700,a4VPVcO823uFKQtjpPIuVKXumn6I2rVFW7aB60r1CldO9RoeQGS+yi1Sn4QqHol7,10.802808,15.762804999999998,12.159363
45000,a4VPVcO823uFKQtjpPIuVKXumn6I2rVFW7aB60r1CldO9RoeQGS+yi1Sn4QqHol7,10.72317,13.506104999999998,11.731561
45300,a4VPVcO823uFKQtjpPIuVKXumn6I2rVFW7aB60r1CldO9RoeQGS+yi1Sn4QqHol7,10.53454,12.710381,11.627322
45600,a4VPVcO823uFKQtjpPIuVKXumn6I2rVFW7aB60r1CldO9RoeQGS+yi1Sn4QqHol7,10.544316,12.853867999999999,11.744809
45900,a4VPVcO823uFKQtjpPIuVKXumn6I2rVFW7aB60r1CldO9RoeQGS+yi1Sn4QqHol7,10.516745,12.557308,11.622182
46200,a4VPVcO823uFKQtjpPIuVKXumn6I2rVFW7aB60r1CldO9RoeQGS+yi1Sn4QqHol7,7.982297,13.006652,11.460981
46500,a4VPVcO823uFKQtjpPIuVKXumn6I2rVFW7aB60r1CldO9RoeQGS+yi1Sn4QqHol7,10.790519999999999,12.918607000000002,11.781277000000001
46800,a4VPVcO823uFKQtjpPIuVKXumn6I2rVFW7aB60r1CldO9RoeQGS+yi1Sn4QqHol7,10.469713,12.589783,11.680244
47100,a4VPVcO823uFKQtjpPIuVKXumn6I2rVFW7aB60r1CldO9RoeQGS+yi1Sn4QqHol7,10.657033,12.83969,11.602484
47400,a4VPVcO823uFKQtjpPIuVKXumn6I2rVFW7aB60r1CldO9RoeQGS+yi1Sn4QqHol7,10.74981,15.630422,11.942588
47700,a4VPVcO823uFKQtjpPIuVKXumn6I2rVFW7aB60r1CldO9RoeQGS+yi1Sn4QqHol7,10.765422000000001,26.576484000000004,13.040542
48000,a4VPVcO823uFKQtjpPIuVKXumn6I2rVFW7aB60r1CldO9RoeQGS+yi1Sn4QqHol7,10.860479,12.759262,11.742801
48300,a4VPVcO823uFKQtjpPIuVKXumn6I2rVFW7aB60r1CldO9RoeQGS+yi1Sn4QqHol7,10.716925,13.104335,11.768757
48600,a4VPVcO823uFKQtjpPIuVKXumn6I2rVFW7aB60r1CldO9RoeQGS+yi1Sn4QqHol7,10.502195,12.611637,11.635532000000001
48900,a4VPVcO823uFKQtjpPIuVKXumn6I2rVFW7aB60r1CldO9RoeQGS+yi1Sn4QqHol7,6.5002889999999995,12.679314,11.245084
49200,a4VPVcO823uFKQtjpPIuVKXumn6I2rVFW7aB60r1CldO9RoeQGS+yi1Sn4QqHol7,10.876852,12.807802,11.851343
49500,a4VPVcO823uFKQtjpPIuVKXumn6I2rVFW7aB60r1CldO9RoeQGS+yi1Sn4QqHol7,10.680391,13.417922,11.858528999999999
49800,a4VPVcO823uFKQtjpPIuVKXumn6I2rVFW7aB60r1CldO9RoeQGS+yi1Sn4QqHol7,10.799869000000001,44.833808000000005,15.999501
50100,a4VPVcO823uFKQtjpPIuVKXumn6I2rVFW7aB60r1CldO9RoeQGS+yi1Sn4QqHol7,10.74814,16.40478,12.29425
50400,a4VPVcO823uFKQtjpPIuVKXumn6I2rVFW7aB60r1CldO9RoeQGS+yi1Sn4QqHol7,7.496977,12.91819,11.334576
50700,a4VPVcO823uFKQtjpPIuVKXumn6I2rVFW7aB60r1CldO9RoeQGS+yi1Sn4QqHol7,10.753362,13.133037,11.706732
51000,a4VPVcO823uFKQtjpPIuVKXumn6I2rVFW7aB60r1CldO9RoeQGS+yi1Sn4QqHol7,10.71417,12.951725,11.873776
51300,a4VPVcO823uFKQtjpPIuVKXumn6I2rVFW7aB60r1CldO9RoeQGS+yi1Sn4QqHol7,10.561414,21.193603,12.982736000000001
51600,a4VPVcO823uFKQtjpPIuVKXumn6I2rVFW7aB60r1CldO9RoeQGS+yi1Sn4QqHol7,10.693228,12.791834,11.673515
51900,a4VPVcO823uFKQtjpPIuVKXumn6I2rVFW7aB60r1CldO9RoeQGS+yi1Sn4QqHol7,10.757987,25.413142999999998,13.23605
52200,a4VPVcO823uFKQtjpPIuVKXumn6I2rVFW7aB60r1CldO9RoeQGS+yi1Sn4QqHol7,7.055787,12.707347,11.376958
52500,a4VPVcO823uFKQtjpPIuVKXumn6I2rVFW7aB60r1CldO9RoeQGS+yi1Sn4QqHol7,10.513556,12.804149,11.677116999999999
52800,a4VPVcO823uFKQtjpPIuVKXumn6I2rVFW7aB60r1CldO9RoeQGS+yi1Sn4QqHol7,10.645305,16.703072,11.923852
53100,a4VPVcO823uFKQtjpPIuVKXumn6I2rVFW7aB60r1CldO9RoeQGS+yi1Sn4QqHol7,10.57835,13.072863,11.690147
53400,a4VPVcO823uFKQtjpPIuVKXumn6I2rVFW7aB60r1CldO9RoeQGS+yi1Sn4QqHol7,10.675687,12.775578,11.644078
53700,a4VPVcO823uFKQtjpPIuVKXumn6I2rVFW7aB60r1CldO9RoeQGS+yi1Sn4QqHol7,10.590665,12.704281,11.726552
54000,a4VPVcO823uFKQtjpPIuVKXumn6I2rVFW7aB60r1CldO9RoeQGS+yi1Sn4QqHol7,10.908588,12.985052,11.782763000000001
54300,a4VPVcO823uFKQtjpPIuVKXumn6I2rVFW7aB60r1CldO9RoeQGS+yi1Sn4QqHol7,10.763703999999999,13.088234,11.765374000000001
54600,a4VPVcO823uFKQtjpPIuVKXumn6I2rVFW7aB60r1CldO9RoeQGS+yi1Sn4QqHol7,10.485727,13.028516,11.642246
54900,a4VPVcO823uFKQtjpPIuVKXumn6I2rVFW7aB60r1CldO9RoeQGS+yi1Sn4QqHol7,9.997603,12.810464,11.651247
55200,a4VPVcO823uFKQtjpPIuVKXumn6I2rVFW7aB60r1CldO9RoeQGS+yi1Sn4QqHol7,10.527928999999999,12.683399,11.699809
55500,a4VPVcO823uFKQtjpPIuVKXumn6I2rVFW7aB60r1CldO9RoeQGS+yi1Sn4QqHol7,10.564156,12.397833,11.515411
55800,a4VPVcO823uFKQtjpPIuVKXumn6I2rVFW7aB60r1CldO9RoeQGS+yi1Sn4QqHol7,10.789172,15.724027,11.825128999999999
56100,a4VPVcO823uFKQtjpPIuVKXumn6I2rVFW7aB60r1CldO9RoeQGS+yi1Sn4QqHol7,10.614583999999999,12.610747,11.553227
56400,a4VPVcO823uFKQtjpPIuVKXumn6I2rVFW7aB60r1CldO9RoeQGS+yi1Sn4QqHol7,6.827972,12.401489999999999,11.154322
56700,a4VPVcO823uFKQtjpPIuVKXumn6I2rVFW7aB60r1CldO9RoeQGS+yi1Sn4QqHol7,10.739342,13.023816,11.546632
57000,a4VPVcO823uFKQtjpPIuVKXumn6I2rVFW7aB60r1CldO9RoeQGS+yi1Sn4QqHol7,10.397941000000001,13.568107000000001,11.549612
57300,a4VPVcO823uFKQtjpPIuVKXumn6I2rVFW7aB60r1CldO9RoeQGS+yi1Sn4QqHol7,10.618395,12.7036,11.672467
57600,a4VPVcO823uFKQtjpPIuVKXumn6I2rVFW7aB60r1CldO9RoeQGS+yi1Sn4QqHol7,10.730691,13.928632,11.791105
57900,a4VPVcO823uFKQtjpPIuVKXumn6I2rVFW7aB60r1CldO9RoeQGS+yi1Sn4QqHol7,10.560691,12.467191999999999,11.463389
58200,a4VPVcO823uFKQtjpPIuVKXumn6I2rVFW7aB60r1CldO9RoeQGS+yi1Sn4QqHol7,10.731144,12.794808,11.604861999999999
58500,a4VPVcO823uFKQtjpPIuVKXumn6I2rVFW7aB60r1CldO9RoeQGS+yi1Sn4QqHol7,10.616964999999999,28.961739,12.791165
58800,a4VPVcO823uFKQtjpPIuVKXumn6I2rVFW7aB60r1CldO9RoeQGS+yi1Sn4QqHol7,10.649332000000001,12.525131,11.47135
59100,a4VPVcO823uFKQtjpPIuVKXumn6I2rVFW7aB60r1CldO9RoeQGS+yi1Sn4QqHol7,6.041684,12.541072,11.043051
59400,a4VPVcO823uFKQtjpPIuVKXumn6I2rVFW7aB60r1CldO9RoeQGS+yi1Sn4QqHol7,10.639329,12.638674,11.474910000000001
59700,a4VPVcO823uFKQtjpPIuVKXumn6I2rVFW7aB60r1CldO9RoeQGS+yi1Sn4QqHol7,10.534989,12.495175999999999,11.480585000000001
60000,a4VPVcO823uFKQtjpPIuVKXumn6I2rVFW7aB60r1CldO9RoeQGS+yi1Sn4QqHol7,10.536297,12.719723,11.56333
60300,a4VPVcO823uFKQtjpPIuVKXumn6I2rVFW7aB60r1CldO9RoeQGS+yi1Sn4QqHol7,10.682932000000001,13.641295000000001,11.581401
60600,a4VPVcO823uFKQtjpPIuVKXumn6I2rVFW7aB60r1CldO9RoeQGS+yi1Sn4QqHol7,10.589232,12.779473,11.511016
60900,a4VPVcO823uFKQtjpPIuVKXumn6I2rVFW7aB60r1CldO9RoeQGS+yi1Sn4QqHol7,10.447706,12.220132000000001,11.34512
61200,a4VPVcO823uFKQtjpPIuVKXumn6I2rVFW7aB60r1CldO9RoeQGS+yi1Sn4QqHol7,10.678861,13.094717,11.482262
61500,a4VPVcO823uFKQtjpPIuVKXumn6I2rVFW7aB60r1CldO9RoeQGS+yi1Sn4QqHol7,10.240665,12.38452,11.234025
61800,a4VPVcO823uFKQtjpPIuVKXumn6I2rVFW7aB60r1CldO9RoeQGS+yi1Sn4QqHol7,8.298267,12.108566,11.013536
62100,a4VPVcO823uFKQtjpPIuVKXumn6I2rVFW7aB60r1CldO9RoeQGS+yi1Sn4QqHol7,10.518183,25.057369,12.577272
62400,a4VPVcO823uFKQtjpPIuVKXumn6I2rVFW7aB60r1CldO9RoeQGS+yi1Sn4QqHol7,10.422723,13.487588,11.343986
62700,a4VPVcO823uFKQtjpPIuVKXumn6I2rVFW7aB60r1CldO9RoeQGS+yi1Sn4QqHol7,10.352031,12.374361,11.301927000000001
63000,a4VPVcO823uFKQtjpPIuVKXumn6I2rVFW7aB60r1CldO9RoeQGS+yi1Sn4QqHol7,10.545814,14.079384,11.49903
63300,a4VPVcO823uFKQtjpPIuVKXumn6I2rVFW7aB60r1CldO9RoeQGS+yi1Sn4QqHol7,10.38702,12.15588,11.28495
63600,a4VPVcO823uFKQtjpPIuVKXumn6I2rVFW7aB60r1CldO9RoeQGS+yi1Sn4QqHol7,6.880669999999999,12.434896,11.009485
63900,a4VPVcO823uFKQtjpPIuVKXumn6I2rVFW7aB60r1CldO9RoeQGS+yi1Sn4QqHol7,10.681569,12.868134,11.492299000000001
64200,a4VPVcO823uFKQtjpPIuVKXumn6I2rVFW7aB60r1CldO9RoeQGS+yi1Sn4QqHol7,10.554032000000001,12.193632000000001,11.307763000000001
64500,a4VPVcO823uFKQtjpPIuVKXumn6I2rVFW7aB60r1CldO9RoeQGS+yi1Sn4QqHol7,5.948958999999999,12.055147999999999,10.773294
64800,a4VPVcO823uFKQtjpPIuVKXumn6I2rVFW7aB60r1CldO9RoeQGS+yi1Sn4QqHol7,10.612036,12.667815,11.638985
65100,a4VPVcO823uFKQtjpPIuVKXumn6I2rVFW7aB60r1CldO9RoeQGS+yi1Sn4QqHol7,10.823866,13.572529999999999,11.884236
65400,a4VPVcO823uFKQtjpPIuVKXumn6I2rVFW7aB60r1CldO9RoeQGS+yi1Sn4QqHol7,10.76238,12.629963,11.755500999999999
65700,a4VPVcO823uFKQtjpPIuVKXumn6I2rVFW7aB60r1CldO9RoeQGS+yi1Sn4QqHol7,10.828727,63.725165000000004,16.162096
66000,a4VPVcO823uFKQtjpPIuVKXumn6I2rVFW7aB60r1CldO9RoeQGS+yi1Sn4QqHol7,10.549608000000001,12.375113,11.5896
66300,a4VPVcO823uFKQtjpPIuVKXumn6I2rVFW7aB60r1CldO9RoeQGS+yi1Sn4QqHol7,5.815092,12.69101,11.211998
66600,a4VPVcO823uFKQtjpPIuVKXumn6I2rVFW7aB60r1CldO9RoeQGS+yi1Sn4QqHol7,10.700184,13.938274,11.810707
66900,a4VPVcO823uFKQtjpPIuVKXumn6I2rVFW7aB60r1CldO9RoeQGS+yi1Sn4QqHol7,10.440644,12.984823,11.672524000000001
67200,a4VPVcO823uFKQtjpPIuVKXumn6I2rVFW7aB60r1CldO9RoeQGS+yi1Sn4QqHol7,8.330229,12.956662,11.338854
67500,a4VPVcO823uFKQtjpPIuVKXumn6I2rVFW7aB60r1CldO9RoeQGS+yi1Sn4QqHol7,10.692233,13.031265,11.64054
67800,a4VPVcO823uFKQtjpPIuVKXumn6I2rVFW7aB60r1CldO9RoeQGS+yi1Sn4QqHol7,10.677404,13.958864000000002,11.740412
68100,a4VPVcO823uFKQtjpPIuVKXumn6I2rVFW7aB60r1CldO9RoeQGS+yi1Sn4QqHol7,10.711386,12.671043,11.690395
68400,a4VPVcO823uFKQtjpPIuVKXumn6I2rVFW7aB60r1CldO9RoeQGS+yi1Sn4QqHol7,10.710346000000001,14.131135,11.887323
68700,a4VPVcO823uFKQtjpPIuVKXumn6I2rVFW7aB60r1CldO9RoeQGS+yi1Sn4QqHol7,10.672309,15.91714,12.093679
69000,a4VPVcO823uFKQtjpPIuVKXumn6I2rVFW7aB60r1CldO9RoeQGS+yi1Sn4QqHol7,5.798006,12.747081,11.114132000000001
69300,a4VPVcO823uFKQtjpPIuVKXumn6I2rVFW7aB60r1CldO9RoeQGS+yi1Sn4QqHol7,10.721188,26.796363,13.123603
69600,a4VPVcO823uFKQtjpPIuVKXumn6I2rVFW7aB60r1CldO9RoeQGS+yi1Sn4QqHol7,10.589276,12.86363,11.529449000000001
69900,a4VPVcO823uFKQtjpPIuVKXumn6I2rVFW7aB60r1CldO9RoeQGS+yi1Sn4QqHol7,10.642672,13.563132000000001,11.965665
70200,a4VPVcO823uFKQtjpPIuVKXumn6I2rVFW7aB60r1CldO9RoeQGS+yi1Sn4QqHol7,10.650482,12.58818,11.671495
70500,a4VPVcO823uFKQtjpPIuVKXumn6I2rVFW7aB60r1CldO9RoeQGS+yi1Sn4QqHol7,9.324946,12.588214,11.435483
70800,a4VPVcO823uFKQtjpPIuVKXumn6I2rVFW7aB60r1CldO9RoeQGS+yi1Sn4QqHol7,10.649648,13.137782000000001,11.797248
71100,a4VPVcO823uFKQtjpPIuVKXumn6I2rVFW7aB60r1CldO9RoeQGS+yi1Sn4QqHol7,10.542689999999999,17.362576999999998,12.116348
71400,a4VPVcO823uFKQtjpPIuVKXumn6I2rVFW7aB60r1CldO9RoeQGS+yi1Sn4QqHol7,10.549296,12.831008,11.606572
71700,a4VPVcO823uFKQtjpPIuVKXumn6I2rVFW7aB60r1CldO9RoeQGS+yi1Sn4QqHol7,6.304621,12.944983,11.360928999999999
72000,a4VPVcO823uFKQtjpPIuVKXumn6I2rVFW7aB60r1CldO9RoeQGS+yi1Sn4QqHol7,10.725557,13.932376999999999,11.912357
72300,a4VPVcO823uFKQtjpPIuVKXumn6I2rVFW7aB60r1CldO9RoeQGS+yi1Sn4QqHol7,10.606925,12.634780000000001,11.632760000000001
72600,a4VPVcO823uFKQtjpPIuVKXumn6I2rVFW7aB60r1CldO9RoeQGS+yi1Sn4QqHol7,10.750505,13.65905,11.753946000000001
72900,a4VPVcO823uFKQtjpPIuVKXumn6I2rVFW7aB60r1CldO9RoeQGS+yi1Sn4QqHol7,10.5659,26.512490999999997,12.845336999999999
73200,a4VPVcO823uFKQtjpPIuVKXumn6I2rVFW7aB60r1CldO9RoeQGS+yi1Sn4QqHol7,7.0071699999999995,12.668161999999999,11.298653
73500,a4VPVcO823uFKQtjpPIuVKXumn6I2rVFW7aB60r1CldO9RoeQGS+yi1Sn4QqHol7,10.617433,12.922682,11.684163
73800,a4VPVcO823uFKQtjpPIuVKXumn6I2rVFW7aB60r1CldO9RoeQGS+yi1Sn4QqHol7,10.485108,14.215921,11.774321
74100,a4VPVcO823uFKQtjpPIuVKXumn6I2rVFW7aB60r1CldO9RoeQGS+yi1Sn4QqHol7,10.67096,12.52651,11.579706
74400,a4VPVcO823uFKQtjpPIuVKXumn6I2rVFW7aB60r1CldO9RoeQGS+yi1Sn4QqHol7,10.604425,13.178882000000002,11.721843
74700,a4VPVcO823uFKQtjpPIuVKXumn6I2rVFW7aB60r1CldO9RoeQGS+yi1Sn4QqHol7,10.670200999999999,12.702397999999999,11.745983
75000,a4VPVcO823uFKQtjpPIuVKXumn6I2rVFW7aB60r1CldO9RoeQGS+yi1Sn4QqHol7,10.917427,12.844825,11.791833
75300,a4VPVcO823uFKQtjpPIuVKXumn6I2rVFW7aB60r1CldO9RoeQGS+yi1Sn4QqHol7,10.632824000000001,26.663766,13.331217
75600,a4VPVcO823uFKQtjpPIuVKXumn6I2rVFW7aB60r1CldO9RoeQGS+yi1Sn4QqHol7,10.55381,12.990963,11.642619999999999
75900,a4VPVcO823uFKQtjpPIuVKXumn6I2rVFW7aB60r1CldO9RoeQGS+yi1Sn4QqHol7,6.577112,12.715946,11.398027
76200,a4VPVcO823uFKQtjpPIuVKXumn6I2rVFW7aB60r1CldO9RoeQGS+yi1Sn4QqHol7,10.579661999999999,12.817647000000001,11.722267
76500,a4VPVcO823uFKQtjpPIuVKXumn6I2rVFW7aB60r1CldO9RoeQGS+yi1Sn4QqHol7,10.841502,25.504819,13.005996000000001
76800,a4VPVcO823uFKQtjpPIuVKXumn6I2rVFW7aB60r1CldO9RoeQGS+yi1Sn4QqHol7,10.677883999999999,12.822967,11.791586
77100,a4VPVcO823uFKQtjpPIuVKXumn6I2rVFW7aB60r1CldO9RoeQGS+yi1Sn4QqHol7,10.835567,13.134256,11.823481
77400,a4VPVcO823uFKQtjpPIuVKXumn6I2rVFW7aB60r1CldO9RoeQGS+yi1Sn4QqHol7,7.377563,12.864435,11.303102
77700,a4VPVcO823uFKQtjpPIuVKXumn6I2rVFW7aB60r1CldO9RoeQGS+yi1Sn4QqHol7,10.592853,12.743341000000001,11.673430999999999
78000,a4VPVcO823uFKQtjpPIuVKXumn6I2rVFW7aB60r1CldO9RoeQGS+yi1Sn4QqHol7,10.671748,12.947262,11.761856
78300,a4VPVcO823uFKQtjpPIuVKXumn6I2rVFW7aB60r1CldO9RoeQGS+yi1Sn4QqHol7,10.553817,12.693321000000001,11.687489
78600,a4VPVcO823uFKQtjpPIuVKXumn6I2rVFW7aB60r1CldO9RoeQGS+yi1Sn4QqHol7,10.002839999999999,37.987238,15.766368
78900,a4VPVcO823uFKQtjpPIuVKXumn6I2rVFW7aB60r1CldO9RoeQGS+yi1Sn4QqHol7,10.504922,12.945296,11.718564
79200,a4VPVcO823uFKQtjpPIuVKXumn6I2rVFW7aB60r1CldO9RoeQGS+yi1Sn4QqHol7,9.78708,12.704695,11.554967
79500,a4VPVcO823uFKQtjpPIuVKXumn6I2rVFW7aB60r1CldO9RoeQGS+yi1Sn4QqHol7,10.722417,13.023269,11.748560000000001
79800,a4VPVcO823uFKQtjpPIuVKXumn6I2rVFW7aB60r1CldO9RoeQGS+yi1Sn4QqHol7,10.78213,13.217988,11.845067
80100,a4VPVcO823uFKQtjpPIuVKXumn6I2rVFW7aB60r1CldO9RoeQGS+yi1Sn4QqHol7,7.413606,26.448665999999996,12.611166
80400,a4VPVcO823uFKQtjpPIuVKXumn6I2rVFW7aB60r1CldO9RoeQGS+yi1Sn4QqHol7,10.640271,12.933478,11.634003
80700,a4VPVcO823uFKQtjpPIuVKXumn6I2rVFW7aB60r1CldO9RoeQGS+yi1Sn4QqHol7,10.760244,14.103926999999999,11.796951
81000,a4VPVcO823uFKQtjpPIuVKXumn6I2rVFW7aB60r1CldO9RoeQGS+yi1Sn4QqHol7,10.645538,12.733658,11.591727
81300,a4VPVcO823uFKQtjpPIuVKXumn6I2rVFW7aB60r1CldO9RoeQGS+yi1Sn4QqHol7,10.298428999999999,14.223598,11.538613
81600,a4VPVcO823uFKQtjpPIuVKXumn6I2rVFW7aB60r1CldO9RoeQGS+yi1Sn4QqHol7,10.699759,13.110671,11.67656
81900,a4VPVcO823uFKQtjpPIuVKXumn6I2rVFW7aB60r1CldO9RoeQGS+yi1Sn4QqHol7,6.52284,12.689515,10.951248
82200,a4VPVcO823uFKQtjpPIuVKXumn6I2rVFW7aB60r1CldO9RoeQGS+yi1Sn4QqHol7,10.785832000000001,12.634561999999999,11.48897
82500,a4VPVcO823uFKQtjpPIuVKXumn6I2rVFW7aB60r1CldO9RoeQGS+yi1Sn4QqHol7,10.541751,13.63751,11.402516
82800,a4VPVcO823uFKQtjpPIuVKXumn6I2rVFW7aB60r1CldO9RoeQGS+yi1Sn4QqHol7,6.336359,12.100826,10.663896000000001
83100,a4VPVcO823uFKQtjpPIuVKXumn6I2rVFW7aB60r1CldO9RoeQGS+yi1Sn4QqHol7,10.589074,12.586014,11.556232000000001
83400,a4VPVcO823uFKQtjpPIuVKXumn6I2rVFW7aB60r1CldO9RoeQGS+yi1Sn4QqHol7,10.671311,14.764039000000002,11.7458
83700,a4VPVcO823uFKQtjpPIuVKXumn6I2rVFW7aB60r1CldO9RoeQGS+yi1Sn4QqHol7,10.346575999999999,24.387878,12.886664
84000,a4VPVcO823uFKQtjpPIuVKXumn6I2rVFW7aB60r1CldO9RoeQGS+yi1Sn4QqHol7,9.954756,12.426035,11.507313
84300,a4VPVcO823uFKQtjpPIuVKXumn6I2rVFW7aB60r1CldO9RoeQGS+yi1Sn4QqHol7,10.776860000000001,12.734505,11.647352
84600,a4VPVcO823uFKQtjpPIuVKXumn6I2rVFW7aB60r1CldO9RoeQGS+yi1Sn4QqHol7,10.629412,12.385205000000001,11.616448
84900,a4VPVcO823uFKQtjpPIuVKXumn6I2rVFW7aB60r1CldO9RoeQGS+yi1Sn4QqHol7,10.778048,12.709002,11.654971000000002
85200,a4VPVcO823uFKQtjpPIuVKXumn6I2rVFW7aB60r1CldO9RoeQGS+yi1Sn4QqHol7,10.3501,16.565422,11.958584
85500,a4VPVcO823uFKQtjpPIuVKXumn6I2rVFW7aB60r1CldO9RoeQGS+yi1Sn4QqHol7,5.859223,12.71565,11.106003999999999
85800,a4VPVcO823uFKQtjpPIuVKXumn6I2rVFW7aB60r1CldO9RoeQGS+yi1Sn4QqHol7,10.605912,12.738255,11.626653
86100,a4VPVcO823uFKQtjpPIuVKXumn6I2rVFW7aB60r1CldO9RoeQGS+yi1Sn4QqHol7,10.302548,12.810087,11.628152
86400,a4VPVcO823uFKQtjpPIuVKXumn6I2rVFW7aB60r1CldO9RoeQGS+yi1Sn4QqHol7,10.654058000000001,12.511714999999999,11.569939
86700,a4VPVcO823uFKQtjpPIuVKXumn6I2rVFW7aB60r1CldO9RoeQGS+yi1Sn4QqHol7,7.263502000000001,12.652094,11.155803
87000,a4VPVcO823uFKQtjpPIuVKXumn6I2rVFW7aB60r1CldO9RoeQGS+yi1Sn4QqHol7,10.56762,13.069747999999999,11.628903
87300,a4VPVcO823uFKQtjpPIuVKXumn6I2rVFW7aB60r1CldO9RoeQGS+yi1Sn4QqHol7,10.813123,21.99372,12.918599
87600,a4VPVcO823uFKQtjpPIuVKXumn6I2rVFW7aB60r1CldO9RoeQGS+yi1Sn4QqHol7,10.648022000000001,12.742343,11.639371
87900,a4VPVcO823uFKQtjpPIuVKXumn6I2rVFW7aB60r1CldO9RoeQGS+yi1Sn4QqHol7,10.455827000000001,13.215354000000001,11.771155
88200,a4VPVcO823uFKQtjpPIuVKXumn6I2rVFW7aB60r1CldO9RoeQGS+yi1Sn4QqHol7,6.383101,13.059451,11.105917999999999
88500,a4VPVcO823uFKQtjpPIuVKXumn6I2rVFW7aB60r1CldO9RoeQGS+yi1Sn4QqHol7,10.645863,12.500680000000001,11.624652000000001
88800,a4VPVcO823uFKQtjpPIuVKXumn6I2rVFW7aB60r1CldO9RoeQGS+yi1Sn4QqHol7,10.495992999999999,13.1386,11.647985
89100,a4VPVcO823uFKQtjpPIuVKXumn6I2rVFW7aB60r1CldO9RoeQGS+yi1Sn4QqHol7,10.61223,12.776736,11.641319000000001
89400,a4VPVcO823uFKQtjpPIuVKXumn6I2rVFW7aB60r1CldO9RoeQGS+yi1Sn4QqHol7,6.320426,12.915322,11.13654
89700,a4VPVcO823uFKQtjpPIuVKXumn6I2rVFW7aB60r1CldO9RoeQGS+yi1Sn4QqHol7,10.543229,12.767868,11.639241
90000,a4VPVcO823uFKQtjpPIuVKXumn6I2rVFW7aB60r1CldO9RoeQGS+yi1Sn4QqHol7,10.630606,12.866747,11.537697
90300,a4VPVcO823uFKQtjpPIuVKXumn6I2rVFW7aB60r1CldO9RoeQGS+yi1Sn4QqHol7,10.430589,12.596143,11.562914
90600,a4VPVcO823uFKQtjpPIuVKXumn6I2rVFW7aB60r1CldO9RoeQGS+yi1Sn4QqHol7,10.659047,12.706088000000001,11.566142
90900,a4VPVcO823uFKQtjpPIuVKXumn6I2rVFW7aB60r1CldO9RoeQGS+yi1Sn4QqHol7,10.863678,24.920534,12.884639
91200,a4VPVcO823uFKQtjpPIuVKXumn6I2rVFW7aB60r1CldO9RoeQGS+yi1Sn4QqHol7,10.71,12.709437,11.69091
91500,a4VPVcO823uFKQtjpPIuVKXumn6I2rVFW7aB60r1CldO9RoeQGS+yi1Sn4QqHol7,10.711164,12.597063,11.696110000000001
91800,a4VPVcO823uFKQtjpPIuVKXumn6I2rVFW7aB60r1CldO9RoeQGS+yi1Sn4QqHol7,10.743632,12.72067,11.69295
92100,a4VPVcO823uFKQtjpPIuVKXumn6I2rVFW7aB60r1CldO9RoeQGS+yi1Sn4QqHol7,9.368659,12.568528,11.404629
92400,a4VPVcO823uFKQtjpPIuVKXumn6I2rVFW7aB60r1CldO9RoeQGS+yi1Sn4QqHol7,10.679253,14.001210999999998,11.856809
92700,a4VPVcO823uFKQtjpPIuVKXumn6I2rVFW7aB60r1CldO9RoeQGS+yi1Sn4QqHol7,10.573758,13.860666,11.728407
93000,a4VPVcO823uFKQtjpPIuVKXumn6I2rVFW7aB60r1CldO9RoeQGS+yi1Sn4QqHol7,10.337064999999999,12.34441,11.469871000000001
93300,a4VPVcO823uFKQtjpPIuVKXumn6I2rVFW7aB60r1CldO9RoeQGS+yi1Sn4QqHol7,6.354367,12.694158999999999,11.24688
93600,a4VPVcO823uFKQtjpPIuVKXumn6I2rVFW7aB60r1CldO9RoeQGS+yi1Sn4QqHol7,10.628184,13.001414,11.710569
93900,a4VPVcO823uFKQtjpPIuVKXumn6I2rVFW7aB60r1CldO9RoeQGS+yi1Sn4QqHol7,10.467611,13.068968,11.657873
94200,a4VPVcO823uFKQtjpPIuVKXumn6I2rVFW7aB60r1CldO9RoeQGS+yi1Sn4QqHol7,7.982348,13.299733999999999,11.349459
94500,a4VPVcO823uFKQtjpPIuVKXumn6I2rVFW7aB60r1CldO9RoeQGS+yi1Sn4QqHol7,10.741536,26.8195,12.871757
94800,a4VPVcO823uFKQtjpPIuVKXumn6I2rVFW7aB60r1CldO9RoeQGS+yi1Sn4QqHol7,10.509806,12.350186,11.570549
95100,a4VPVcO823uFKQtjpPIuVKXumn6I2rVFW7aB60r1CldO9RoeQGS+yi1Sn4QqHol7,10.774453,31.642991,13.312985999999999
95400,a4VPVcO823uFKQtjpPIuVKXumn6I2rVFW7aB60r1CldO9RoeQGS+yi1Sn4QqHol7,10.690937,13.840926000000001,11.719664
95700,a4VPVcO823uFKQtjpPIuVKXumn6I2rVFW7aB60r1CldO9RoeQGS+yi1Sn4QqHol7,10.474209,12.991643,11.615914
96000,a4VPVcO823uFKQtjpPIuVKXumn6I2rVFW7aB60r1CldO9RoeQGS+yi1Sn4QqHol7,10.489333,13.365841,11.522129
96300,a4VPVcO823uFKQtjpPIuVKXumn6I2rVFW7aB60r1CldO9RoeQGS+yi1Sn4QqHol7,10.709935,12.853498,11.575353
96600,a4VPVcO823uFKQtjpPIuVKXumn6I2rVFW7aB60r1CldO9RoeQGS+yi1Sn4QqHol7,10.668874,12.555874000000001,11.539707
96900,a4VPVcO823uFKQtjpPIuVKXumn6I2rVFW7aB60r1CldO9RoeQGS+yi1Sn4QqHol7,5.779438,13.300397,11.348158999999999
97200,a4VPVcO823uFKQtjpPIuVKXumn6I2rVFW7aB60r1CldO9RoeQGS+yi1Sn4QqHol7,10.72692,12.884269,11.746545
97500,a4VPVcO823uFKQtjpPIuVKXumn6I2rVFW7aB60r1CldO9RoeQGS+yi1Sn4QqHol7,10.498564,12.361706,11.48405
97800,a4VPVcO823uFKQtjpPIuVKXumn6I2rVFW7aB60r1CldO9RoeQGS+yi1Sn4QqHol7,10.702505,13.343835999999998,11.702005999999999
98100,a4VPVcO823uFKQtjpPIuVKXumn6I2rVFW7aB60r1CldO9RoeQGS+yi1Sn4QqHol7,8.462497,24.402722,12.67239
98400,a4VPVcO823uFKQtjpPIuVKXumn6I2rVFW7aB60r1CldO9RoeQGS+yi1Sn4QqHol7,10.814945,12.576298,11.69755
98700,a4VPVcO823uFKQtjpPIuVKXumn6I2rVFW7aB60r1CldO9RoeQGS+yi1Sn4QqHol7,10.551308,15.761614999999999,12.081392
99000,a4VPVcO823uFKQtjpPIuVKXumn6I2rVFW7aB60r1CldO9RoeQGS+yi1Sn4QqHol7,9.737059,12.570442,11.456298
99300,a4VPVcO823uFKQtjpPIuVKXumn6I2rVFW7aB60r1CldO9RoeQGS+yi1Sn4QqHol7,10.477310000000001,12.519749000000001,11.532939
99600,a4VPVcO823uFKQtjpPIuVKXumn6I2rVFW7aB60r1CldO9RoeQGS+yi1Sn4QqHol7,10.678861999999999,12.756947,11.759049000000001
99900,a4VPVcO823uFKQtjpPIuVKXumn6I2rVFW7aB60r1CldO9RoeQGS+yi1Sn4QqHol7,10.508371,12.957697,11.612093
100200,a4VPVcO823uFKQtjpPIuVKXumn6I2rVFW7aB60r1CldO9RoeQGS+yi1Sn4QqHol7,5.784401,12.602214,11.034983
100500,a4VPVcO823uFKQtjpPIuVKXumn6I2rVFW7aB60r1CldO9RoeQGS+yi1Sn4QqHol7,10.516435000000001,12.816002000000001,11.646109
100800,a4VPVcO823uFKQtjpPIuVKXumn6I2rVFW7aB60r1CldO9RoeQGS+yi1Sn4QqHol7,10.545679,14.863288,11.950624000000001
101100,a4VPVcO823uFKQtjpPIuVKXumn6I2rVFW7aB60r1CldO9RoeQGS+yi1Sn4QqHol7,10.690714,12.686652,11.574982
101400,a4VPVcO823uFKQtjpPIuVKXumn6I2rVFW7aB60r1CldO9RoeQGS+yi1Sn4QqHol7,5.922701999999999,13.327607,11.252939999999999
101700,a4VPVcO823uFKQtjpPIuVKXumn6I2rVFW7aB60r1CldO9RoeQGS+yi1Sn4QqHol7,10.685994,29.036882000000002,13.194020000000002
102000,a4VPVcO823uFKQtjpPIuVKXumn6I2rVFW7aB60r1CldO9RoeQGS+yi1Sn4QqHol7,10.721669,12.86172,11.54845
102300,a4VPVcO823uFKQtjpPIuVKXumn6I2rVFW7aB60r1CldO9RoeQGS+yi1Sn4QqHol7,10.665092999999999,13.491879999999998,11.670449000000001
102600,a4VPVcO823uFKQtjpPIuVKXumn6I2rVFW7aB60r1CldO9RoeQGS+yi1Sn4QqHol7,10.542861,12.877784,11.60932
102900,a4VPVcO823uFKQtjpPIuVKXumn6I2rVFW7aB60r1CldO9RoeQGS+yi1Sn4QqHol7,10.768563,13.823338,11.787326
103200,a4VPVcO823uFKQtjpPIuVKXumn6I2rVFW7aB60r1CldO9RoeQGS+yi1Sn4QqHol7,10.560167,12.796731,11.675726
103500,a4VPVcO823uFKQtjpPIuVKXumn6I2rVFW7aB60r1CldO9RoeQGS+yi1Sn4QqHol7,10.694353,14.817955,11.853667999999999
103800,a4VPVcO823uFKQtjpPIuVKXumn6I2rVFW7aB60r1CldO9RoeQGS+yi1Sn4QqHol7,10.732393,12.588408,11.610316000000001
104100,a4VPVcO823uFKQtjpPIuVKXumn6I2rVFW7aB60r1CldO9RoeQGS+yi1Sn4QqHol7,7.687677000000001,12.771479,11.331732
104400,a4VPVcO823uFKQtjpPIuVKXumn6I2rVFW7aB60r1CldO9RoeQGS+yi1Sn4QqHol7,10.673964,13.44309,11.807293
104700,a4VPVcO823uFKQtjpPIuVKXumn6I2rVFW7aB60r1CldO9RoeQGS+yi1Sn4QqHol7,10.621246000000001,12.632397000000001,11.552802999999999
105000,a4VPVcO823uFKQtjpPIuVKXumn6I2rVFW7aB60r1CldO9RoeQGS+yi1Sn4QqHol7,6.7679089999999995,12.88602,11.348597999999999
105300,a4VPVcO823uFKQtjpPIuVKXumn6I2rVFW7aB60r1CldO9RoeQGS+yi1Sn4QqHol7,10.451838,24.638025,12.786992
105600,a4VPVcO823uFKQtjpPIuVKXumn6I2rVFW7aB60r1CldO9RoeQGS+yi1Sn4QqHol7,10.474901,13.838830999999999,11.701048
105900,a4VPVcO823uFKQtjpPIuVKXumn6I2rVFW7aB60r1CldO9RoeQGS+yi1Sn4QqHol7,10.687342999999998,12.529836,11.626666
106200,a4VPVcO823uFKQtjpPIuVKXumn6I2rVFW7aB60r1CldO9RoeQGS+yi1Sn4QqHol7,5.971057,12.992964,11.238415
106500,a4VPVcO823uFKQtjpPIuVKXumn6I2rVFW7aB60r1CldO9RoeQGS+yi1Sn4QqHol7,10.414061,12.67329,11.603414
106800,a4VPVcO823uFKQtjpPIuVKXumn6I2rVFW7aB60r1CldO9RoeQGS+yi1Sn4QqHol7,10.669916,14.055284,11.847303
107100,a4VPVcO823uFKQtjpPIuVKXumn6I2rVFW7aB60r1CldO9RoeQGS+yi1Sn4QqHol7,7.968314,12.963709,11.307144000000001
107400,a4VPVcO823uFKQtjpPIuVKXumn6I2rVFW7aB60r1CldO9RoeQGS+yi1Sn4QqHol7,10.537746,48.083853999999995,15.930498000000002
107700,a4VPVcO823uFKQtjpPIuVKXumn6I2rVFW7aB60r1CldO9RoeQGS+yi1Sn4QqHol7,10.860206,13.776913,12.027335
108000,a4VPVcO823uFKQtjpPIuVKXumn6I2rVFW7aB60r1CldO9RoeQGS+yi1Sn4QqHol7,10.635622,12.825,11.688162
108300,a4VPVcO823uFKQtjpPIuVKXumn6I2rVFW7aB60r1CldO9RoeQGS+yi1Sn4QqHol7,10.344683999999999,13.091507,11.732778999999999
108600,a4VPVcO823uFKQtjpPIuVKXumn6I2rVFW7aB60r1CldO9RoeQGS+yi1Sn4QqHol7,10.849383999999999,12.806995,11.620658
108900,a4VPVcO823uFKQtjpPIuVKXumn6I2rVFW7aB60r1CldO9RoeQGS+yi1Sn4QqHol7,10.994675,21.040325,13.086621000000001
109200,a4VPVcO823uFKQtjpPIuVKXumn6I2rVFW7aB60r1CldO9RoeQGS+yi1Sn4QqHol7,10.541812,12.464734,11.594886
109500,a4VPVcO823uFKQtjpPIuVKXumn6I2rVFW7aB60r1CldO9RoeQGS+yi1Sn4QqHol7,10.668495,14.028560999999998,11.900454
109800,a4VPVcO823uFKQtjpPIuVKXumn6I2rVFW7aB60r1CldO9RoeQGS+yi1Sn4QqHol7,5.72883,12.729128999999999,11.10781
110100,a4VPVcO823uFKQtjpPIuVKXumn6I2rVFW7aB60r1CldO9RoeQGS+yi1Sn4QqHol7,10.660191000000001,13.189332,11.512117
110400,a4VPVcO823uFKQtjpPIuVKXumn6I2rVFW7aB60r1CldO9RoeQGS+yi1Sn4QqHol7,10.679447999999999,15.022632999999999,11.935868
110700,a4VPVcO823uFKQtjpPIuVKXumn6I2rVFW7aB60r1CldO9RoeQGS+yi1Sn4QqHol7,10.680572,12.455262,11.645814999999999
111000,a4VPVcO823uFKQtjpPIuVKXumn6I2rVFW7aB60r1CldO9RoeQGS+yi1Sn4QqHol7,8.141045,12.535969999999999,11.318925
111300,a4VPVcO823uFKQtjpPIuVKXumn6I2rVFW7aB60r1CldO9RoeQGS+yi1Sn4QqHol7,10.750532000000002,12.555378999999999,11.644273
111600,a4VPVcO823uFKQtjpPIuVKXumn6I2rVFW7aB60r1CldO9RoeQGS+yi1Sn4QqHol7,10.342765,13.87625,11.666036
111900,a4VPVcO823uFKQtjpPIuVKXumn6I2rVFW7aB60r1CldO9RoeQGS+yi1Sn4QqHol7,10.58586,12.42106,11.529511999999999
112200,a4VPVcO823uFKQtjpPIuVKXumn6I2rVFW7aB60r1CldO9RoeQGS+yi1Sn4QqHol7,10.602001,14.154646,11.825901
112500,a4VPVcO823uFKQtjpPIuVKXumn6I2rVFW7aB60r1CldO9RoeQGS+yi1Sn4QqHol7,10.958844000000001,30.490547999999997,13.111323
112800,a4VPVcO823uFKQtjpPIuVKXumn6I2rVFW7aB60r1CldO9RoeQGS+yi1Sn4QqHol7,10.72614,12.650025,11.72551
113100,a4VPVcO823uFKQtjpPIuVKXumn6I2rVFW7aB60r1CldO9RoeQGS+yi1Sn4QqHol7,10.784394,14.063588000000001,11.806648
113400,a4VPVcO823uFKQtjpPIuVKXumn6I2rVFW7aB60r1CldO9RoeQGS+yi1Sn4QqHol7,10.82719,12.760033,11.667647
113700,a4VPVcO823uFKQtjpPIuVKXumn6I2rVFW7aB60r1CldO9RoeQGS+yi1Sn4QqHol7,7.985685,12.403442,11.301539
114000,a4VPVcO823uFKQtjpPIuVKXumn6I2rVFW7aB60r1CldO9RoeQGS+yi1Sn4QqHol7,10.87074,12.801469,11.726817
114300,a4VPVcO823uFKQtjpPIuVKXumn6I2rVFW7aB60r1CldO9RoeQGS+yi1Sn4QqHol7,10.909295,15.331368,12.154533
114600,a4VPVcO823uFKQtjpPIuVKXumn6I2rVFW7aB60r1CldO9RoeQGS+yi1Sn4QqHol7,10.668984,12.514822,11.619703
114900,a4VPVcO823uFKQtjpPIuVKXumn6I2rVFW7aB60r1CldO9RoeQGS+yi1Sn4QqHol7,10.627089,12.794764,11.650959
115200,a4VPVcO823uFKQtjpPIuVKXumn6I2rVFW7aB60r1CldO9RoeQGS+yi1Sn4QqHol7,10.521963000000001,14.165381,11.789442
115500,a4VPVcO823uFKQtjpPIuVKXumn6I2rVFW7aB60r1CldO9RoeQGS+yi1Sn4QqHol7,10.729003,12.582883,11.571978999999999
115800,a4VPVcO823uFKQtjpPIuVKXumn6I2rVFW7aB60r1CldO9RoeQGS+yi1Sn4QqHol7,7.605606,12.822608,11.424091
116100,a4VPVcO823uFKQtjpPIuVKXumn6I2rVFW7aB60r1CldO9RoeQGS+yi1Sn4QqHol7,10.736338,25.428793,12.906986999999999
116400,a4VPVcO823uFKQtjpPIuVKXumn6I2rVFW7aB60r1CldO9RoeQGS+yi1Sn4QqHol7,10.750746000000001,16.250899,12.15048
116700,a4VPVcO823uFKQtjpPIuVKXumn6I2rVFW7aB60r1CldO9RoeQGS+yi1Sn4QqHol7,10.542978999999999,12.553476,11.735278
117000,a4VPVcO823uFKQtjpPIuVKXumn6I2rVFW7aB60r1CldO9RoeQGS+yi1Sn4QqHol7,10.705553,14.011485999999998,11.790078
117300,a4VPVcO823uFKQtjpPIuVKXumn6I2rVFW7aB60r1CldO9RoeQGS+yi1Sn4QqHol7,10.638774,12.511023,11.595815
117600,a4VPVcO823uFKQtjpPIuVKXumn6I2rVFW7aB60r1CldO9RoeQGS+yi1Sn4QqHol7,10.650855,17.585473,12.226550999999999
117900,a4VPVcO823uFKQtjpPIuVKXumn6I2rVFW7aB60r1CldO9RoeQGS+yi1Sn4QqHol7,10.500481,13.303679,11.748818
118200,a4VPVcO823uFKQtjpPIuVKXumn6I2rVFW7aB60r1CldO9RoeQGS+yi1Sn4QqHol7,10.618135,12.561836999999999,11.551779
118500,a4VPVcO823uFKQtjpPIuVKXumn6I2rVFW7aB60r1CldO9RoeQGS+yi1Sn4QqHol7,6.817974,12.831171000000001,11.330702
118800,a4VPVcO823uFKQtjpPIuVKXumn6I2rVFW7aB60r1CldO9RoeQGS+yi1Sn4QqHol7,10.702929,13.192034,11.715266
119100,a4VPVcO823uFKQtjpPIuVKXumn6I2rVFW7aB60r1CldO9RoeQGS+yi1Sn4QqHol7,10.575763,15.034984,11.976315
119400,a4VPVcO823uFKQtjpPIuVKXumn6I2rVFW7aB60r1CldO9RoeQGS+yi1Sn4QqHol7,10.861169,13.384518,11.814998
119700,a4VPVcO823uFKQtjpPIuVKXumn6I2rVFW7aB60r1CldO9RoeQGS+yi1Sn4QqHol7,6.758183,21.756076999999998,12.507896
120000,a4VPVcO823uFKQtjpPIuVKXumn6I2rVFW7aB60r1CldO9RoeQGS+yi1Sn4QqHol7,10.728514,12.453939,11.64573
120300,a4VPVcO823uFKQtjpPIuVKXumn6I2rVFW7aB60r1CldO9RoeQGS+yi1Sn4QqHol7,10.628105999999999,13.977433,11.881893
120600,a4VPVcO823uFKQtjpPIuVKXumn6I2rVFW7aB60r1CldO9RoeQGS+yi1Sn4QqHol7,10.699401,12.689873,11.709374
120900,a4VPVcO823uFKQtjpPIuVKXumn6I2rVFW7aB60r1CldO9RoeQGS+yi1Sn4QqHol7,10.780108,12.516059,11.531145
121200,a4VPVcO823uFKQtjpPIuVKXumn6I2rVFW7aB60r1CldO9RoeQGS+yi1Sn4QqHol7,10.63439,27.927996000000004,12.726282000000001
121500,a4VPVcO823uFKQtjpPIuVKXumn6I2rVFW7aB60r1CldO9RoeQGS+yi1Sn4QqHol7,10.740364,12.786162,11.595943
121800,a4VPVcO823uFKQtjpPIuVKXumn6I2rVFW7aB60r1CldO9RoeQGS+yi1Sn4QqHol7,10.80683,14.075003,11.862731
122100,a4VPVcO823uFKQtjpPIuVKXumn6I2rVFW7aB60r1CldO9RoeQGS+yi1Sn4QqHol7,10.754102,13.046722,11.783823
122400,a4VPVcO823uFKQtjpPIuVKXumn6I2rVFW7aB60r1CldO9RoeQGS+yi1Sn4QqHol7,5.870154,12.410557,11.101839
122700,a4VPVcO823uFKQtjpPIuVKXumn6I2rVFW7aB60r1CldO9RoeQGS+yi1Sn4QqHol7,10.602507000000001,12.248055,11.519637
123000,a4VPVcO823uFKQtjpPIuVKXumn6I2rVFW7aB60r1CldO9RoeQGS+yi1Sn4QqHol7,10.661308,14.060573999999999,11.737109
123300,a4VPVcO823uFKQtjpPIuVKXumn6I2rVFW7aB60r1CldO9RoeQGS+yi1Sn4QqHol7,10.394693,28.308203999999996,12.824032
123600,a4VPVcO823uFKQtjpPIuVKXumn6I2rVFW7aB60r1CldO9RoeQGS+yi1Sn4QqHol7,10.713444,12.705882,11.56621
123900,a4VPVcO823uFKQtjpPIuVKXumn6I2rVFW7aB60r1CldO9RoeQGS+yi1Sn4QqHol7,10.687583,30.586234,12.768333
124200,a4VPVcO823uFKQtjpPIuVKXumn6I2rVFW7aB60r1CldO9RoeQGS+yi1Sn4QqHol7,10.503652,12.564335,11.535263
124500,a4VPVcO823uFKQtjpPIuVKXumn6I2rVFW7aB60r1CldO9RoeQGS+yi1Sn4QqHol7,10.683655,13.987039000000001,11.646550999999999
124800,a4VPVcO823uFKQtjpPIuVKXumn6I2rVFW7aB60r1CldO9RoeQGS+yi1Sn4QqHol7,10.546134,12.672921,11.677688
125100,a4VPVcO823uFKQtjpPIuVKXumn6I2rVFW7aB60r1CldO9RoeQGS+yi1Sn4QqHol7,7.949102000000001,12.457500999999999,11.288732000000001
125400,a4VPVcO823uFKQtjpPIuVKXumn6I2rVFW7aB60r1CldO9RoeQGS+yi1Sn4QqHol7,10.742362,12.635193,11.604032
125700,a4VPVcO823uFKQtjpPIuVKXumn6I2rVFW7aB60r1CldO9RoeQGS+yi1Sn4QqHol7,10.583785,12.505299,11.534496
126000,a4VPVcO823uFKQtjpPIuVKXumn6I2rVFW7aB60r1CldO9RoeQGS+yi1Sn4QqHol7,7.371913,12.709543,11.177358
126300,a4VPVcO823uFKQtjpPIuVKXumn6I2rVFW7aB60r1CldO9RoeQGS+yi1Sn4QqHol7,10.636742,12.341510000000001,11.585974
126600,a4VPVcO823uFKQtjpPIuVKXumn6I2rVFW7aB60r1CldO9RoeQGS+yi1Sn4QqHol7,10.76673,32.905035999999996,12.908667
126900,a4VPVcO823uFKQtjpPIuVKXumn6I2rVFW7aB60r1CldO9RoeQGS+yi1Sn4QqHol7,10.971084,27.449115000000003,12.977326
127200,a4VPVcO823uFKQtjpPIuVKXumn6I2rVFW7aB60r1CldO9RoeQGS+yi1Sn4QqHol7,10.601922,13.133084,11.544608
127500,a4VPVcO823uFKQtjpPIuVKXumn6I2rVFW7aB60r1CldO9RoeQGS+yi1Sn4QqHol7,10.359224000000001,12.747377,11.624537
127800,a4VPVcO823uFKQtjpPIuVKXumn6I2rVFW7aB60r1CldO9RoeQGS+yi1Sn4QqHol7,10.435216,14.301711,11.800723
128100,a4VPVcO823uFKQtjpPIuVKXumn6I2rVFW7aB60r1CldO9RoeQGS+yi1Sn4QqHol7,10.775798,12.456833999999999,11.60712
128400,a4VPVcO823uFKQtjpPIuVKXumn6I2rVFW7aB60r1CldO9RoeQGS+yi1Sn4QqHol7,10.887516,13.031003,11.682226
128700,a4VPVcO823uFKQtjpPIuVKXumn6I2rVFW7aB60r1CldO9RoeQGS+yi1Sn4QqHol7,6.54764,12.773305,11.159068
129000,a4VPVcO823uFKQtjpPIuVKXumn6I2rVFW7aB60r1CldO9RoeQGS+yi1Sn4QqHol7,10.564886999999999,12.859239,11.5561
129300,a4VPVcO823uFKQtjpPIuVKXumn6I2rVFW7aB60r1CldO9RoeQGS+yi1Sn4QqHol7,10.684842999999999,17.356202,12.03759
129600,a4VPVcO823uFKQtjpPIuVKXumn6I2rVFW7aB60r1CldO9RoeQGS+yi1Sn4QqHol7,10.786847999999999,12.679985,11.639886
129900,a4VPVcO823uFKQtjpPIuVKXumn6I2rVFW7aB60r1CldO9RoeQGS+yi1Sn4QqHol7,5.679985,12.403883,11.122869999999999
130200,a4VPVcO823uFKQtjpPIuVKXumn6I2rVFW7aB60r1CldO9RoeQGS+yi1Sn4QqHol7,10.592473,12.621378,11.721249
130500,a4VPVcO823uFKQtjpPIuVKXumn6I2rVFW7aB60r1CldO9RoeQGS+yi1Sn4QqHol7,10.785349,21.175251,12.85565
130800,a4VPVcO823uFKQtjpPIuVKXumn6I2rVFW7aB60r1CldO9RoeQGS+yi1Sn4QqHol7,10.786382000000001,12.303674,11.566145
131100,a4VPVcO823uFKQtjpPIuVKXumn6I2rVFW7aB60r1CldO9RoeQGS+yi1Sn4QqHol7,10.701089,12.295725,11.636543
131400,a4VPVcO823uFKQtjpPIuVKXumn6I2rVFW7aB60r1CldO9RoeQGS+yi1Sn4QqHol7,10.555727000000001,13.927675,11.678819
131700,a4VPVcO823uFKQtjpPIuVKXumn6I2rVFW7aB60r1CldO9RoeQGS+yi1Sn4QqHol7,10.519853999999999,13.059014999999999,11.596302
132000,a4VPVcO823uFKQtjpPIuVKXumn6I2rVFW7aB60r1CldO9RoeQGS+yi1Sn4QqHol7,10.553484,13.918013,11.615436
132300,a4VPVcO823uFKQtjpPIuVKXumn6I2rVFW7aB60r1CldO9RoeQGS+yi1Sn4QqHol7,10.682231,12.790229,11.618387
132600,a4VPVcO823uFKQtjpPIuVKXumn6I2rVFW7aB60r1CldO9RoeQGS+yi1Sn4QqHol7,6.001083,12.561361,11.044853999999999
132900,a4VPVcO823uFKQtjpPIuVKXumn6I2rVFW7aB60r1CldO9RoeQGS+yi1Sn4QqHol7,10.585009,12.904059,11.693209
133200,a4VPVcO823uFKQtjpPIuVKXumn6I2rVFW7aB60r1CldO9RoeQGS+yi1Sn4QqHol7,10.50836,13.215548000000002,11.645847
133500,a4VPVcO823uFKQtjpPIuVKXumn6I2rVFW7aB60r1CldO9RoeQGS+yi1Sn4QqHol7,10.731512,12.546493,11.553765
133800,a4VPVcO823uFKQtjpPIuVKXumn6I2rVFW7aB60r1CldO9RoeQGS+yi1Sn4QqHol7,7.778636,12.567573,11.240467
134100,a4VPVcO823uFKQtjpPIuVKXumn6I2rVFW7aB60r1CldO9RoeQGS+yi1Sn4QqHol7,10.489656,14.224057,11.852428999999999
134400,a4VPVcO823uFKQtjpPIuVKXumn6I2rVFW7aB60r1CldO9RoeQGS+yi1Sn4QqHol7,10.755974,12.66818,11.533289
134700,a4VPVcO823uFKQtjpPIuVKXumn6I2rVFW7aB60r1CldO9RoeQGS+yi1Sn4QqHol7,10.179494,13.249051000000001,11.621704
135000,a4VPVcO823uFKQtjpPIuVKXumn6I2rVFW7aB60r1CldO9RoeQGS+yi1Sn4QqHol7,10.407599000000001,12.390324,11.474211
135300,a4VPVcO823uFKQtjpPIuVKXumn6I2rVFW7aB60r1CldO9RoeQGS+yi1Sn4QqHol7,10.522662,13.201015,11.60408
135600,a4VPVcO823uFKQtjpPIuVKXumn6I2rVFW7aB60r1CldO9RoeQGS+yi1Sn4QqHol7,10.720852,12.991334,11.743852
135900,a4VPVcO823uFKQtjpPIuVKXumn6I2rVFW7aB60r1CldO9RoeQGS+yi1Sn4QqHol7,10.684151,12.958181,11.79577
136200,a4VPVcO823uFKQtjpPIuVKXumn6I2rVFW7aB60r1CldO9RoeQGS+yi1Sn4QqHol7,10.622936,31.937996000000002,16.435579
136500,a4VPVcO823uFKQtjpPIuVKXumn6I2rVFW7aB60r1CldO9RoeQGS+yi1Sn4QqHol7,6.612538000000001,12.779388,11.305128
136800,a4VPVcO823uFKQtjpPIuVKXumn6I2rVFW7aB60r1CldO9RoeQGS+yi1Sn4QqHol7,10.900843,15.182549,12.004352
137100,a4VPVcO823uFKQtjpPIuVKXumn6I2rVFW7aB60r1CldO9RoeQGS+yi1Sn4QqHol7,10.62895,12.811713000000001,11.665647
137400,a4VPVcO823uFKQtjpPIuVKXumn6I2rVFW7aB60r1CldO9RoeQGS+yi1Sn4QqHol7,5.949022,12.998669,11.30284
137700,a4VPVcO823uFKQtjpPIuVKXumn6I2rVFW7aB60r1CldO9RoeQGS+yi1Sn4QqHol7,10.621039,25.606336,12.868014
138000,a4VPVcO823uFKQtjpPIuVKXumn6I2rVFW7aB60r1CldO9RoeQGS+yi1Sn4QqHol7,10.644883,14.946767999999999,11.78234
138300,a4VPVcO823uFKQtjpPIuVKXumn6I2rVFW7aB60r1CldO9RoeQGS+yi1Sn4QqHol7,10.983404,32.40415,13.48342
138600,a4VPVcO823uFKQtjpPIuVKXumn6I2rVFW7aB60r1CldO9RoeQGS+yi1Sn4QqHol7,10.437531,14.948851000000001,11.817847
138900,a4VPVcO823uFKQtjpPIuVKXumn6I2rVFW7aB60r1CldO9RoeQGS+yi1Sn4QqHol7,10.680257000000001,12.791771,11.644011
139200,a4VPVcO823uFKQtjpPIuVKXumn6I2rVFW7aB60r1CldO9RoeQGS+yi1Sn4QqHol7,9.988199,12.894537,11.663383999999999
139500,a4VPVcO823uFKQtjpPIuVKXumn6I2rVFW7aB60r1CldO9RoeQGS+yi1Sn4QqHol7,10.679616000000001,15.391748000000002,11.947178
139800,a4VPVcO823uFKQtjpPIuVKXumn6I2rVFW7aB60r1CldO9RoeQGS+yi1Sn4QqHol7,10.587071,12.541093,11.531947
140100,a4VPVcO823uFKQtjpPIuVKXumn6I2rVFW7aB60r1CldO9RoeQGS+yi1Sn4QqHol7,5.952768,12.582057,11.186615
140400,a4VPVcO823uFKQtjpPIuVKXumn6I2rVFW7aB60r1CldO9RoeQGS+yi1Sn4QqHol7,10.726792999999999,12.660364999999999,11.732257
140700,a4VPVcO823uFKQtjpPIuVKXumn6I2rVFW7aB60r1CldO9RoeQGS+yi1Sn4QqHol7,10.548304,15.459414,12.053461
141000,a4VPVcO823uFKQtjpPIuVKXumn6I2rVFW7aB60r1CldO9RoeQGS+yi1Sn4QqHol7,10.505066000000001,13.039521,11.710617999999998
141300,a4VPVcO823uFKQtjpPIuVKXumn6I2rVFW7aB60r1CldO9RoeQGS+yi1Sn4QqHol7,10.78507,24.110037,12.590272
141600,a4VPVcO823uFKQtjpPIuVKXumn6I2rVFW7aB60r1CldO9RoeQGS+yi1Sn4QqHol7,10.906044,16.31351,12.075755000000001
141900,a4VPVcO823uFKQtjpPIuVKXumn6I2rVFW7aB60r1CldO9RoeQGS+yi1Sn4QqHol7,9.350392999999999,12.946974,11.642447
142200,a4VPVcO823uFKQtjpPIuVKXumn6I2rVFW7aB60r1CldO9RoeQGS+yi1Sn4QqHol7,10.543298,13.372048999999999,11.773864999999999
142500,a4VPVcO823uFKQtjpPIuVKXumn6I2rVFW7aB60r1CldO9RoeQGS+yi1Sn4QqHol7,10.830936,12.724331,11.729339
142800,a4VPVcO823uFKQtjpPIuVKXumn6I2rVFW7aB60r1CldO9RoeQGS+yi1Sn4QqHol7,10.712171000000001,13.352117999999999,11.589445
143100,a4VPVcO823uFKQtjpPIuVKXumn6I2rVFW7aB60r1CldO9RoeQGS+yi1Sn4QqHol7,10.440333,12.866541,11.646233
143400,a4VPVcO823uFKQtjpPIuVKXumn6I2rVFW7aB60r1CldO9RoeQGS+yi1Sn4QqHol7,10.39255,12.646966,11.615341
143700,a4VPVcO823uFKQtjpPIuVKXumn6I2rVFW7aB60r1CldO9RoeQGS+yi1Sn4QqHol7,10.759039999999999,13.087388,11.8109
144000,a4VPVcO823uFKQtjpPIuVKXumn6I2rVFW7aB60r1CldO9RoeQGS+yi1Sn4QqHol7,10.724264,12.630785000000001,11.745285
144300,a4VPVcO823uFKQtjpPIuVKXumn6I2rVFW7aB60r1CldO9RoeQGS+yi1Sn4QqHol7,10.464361,12.677787,11.537208999999999
144600,a4VPVcO823uFKQtjpPIuVKXumn6I2rVFW7aB60r1CldO9RoeQGS+yi1Sn4QqHol7,9.546459,12.694391,11.433811
144900,a4VPVcO823uFKQtjpPIuVKXumn6I2rVFW7aB60r1CldO9RoeQGS+yi1Sn4QqHol7,10.635703,25.968987,12.770622999999999
145200,a4VPVcO823uFKQtjpPIuVKXumn6I2rVFW7aB60r1CldO9RoeQGS+yi1Sn4QqHol7,10.882774000000001,25.231585,12.927749
145500,a4VPVcO823uFKQtjpPIuVKXumn6I2rVFW7aB60r1CldO9RoeQGS+yi1Sn4QqHol7,10.745413000000001,13.114753,11.853782
145800,a4VPVcO823uFKQtjpPIuVKXumn6I2rVFW7aB60r1CldO9RoeQGS+yi1Sn4QqHol7,10.611922999999999,12.738305,11.689086999999999
146100,a4VPVcO823uFKQtjpPIuVKXumn6I2rVFW7aB60r1CldO9RoeQGS+yi1Sn4QqHol7,7.69647,12.454749000000001,11.18244
146400,a4VPVcO823uFKQtjpPIuVKXumn6I2rVFW7aB60r1CldO9RoeQGS+yi1Sn4QqHol7,10.736885000000001,13.435210999999999,11.673642
146700,a4VPVcO823uFKQtjpPIuVKXumn6I2rVFW7aB60r1CldO9RoeQGS+yi1Sn4QqHol7,10.775883,12.945922999999999,11.692196000000001
147000,a4VPVcO823uFKQtjpPIuVKXumn6I2rVFW7aB60r1CldO9RoeQGS+yi1Sn4QqHol7,10.532213,12.480942,11.622739
147300,a4VPVcO823uFKQtjpPIuVKXumn6I2rVFW7aB60r1CldO9RoeQGS+yi1Sn4QqHol7,8.086269999999999,12.313381,11.020845
147600,a4VPVcO823uFKQtjpPIuVKXumn6I2rVFW7aB60r1CldO9RoeQGS+yi1Sn4QqHol7,10.414406,16.688157999999998,11.567638
147900,a4VPVcO823uFKQtjpPIuVKXumn6I2rVFW7aB60r1CldO9RoeQGS+yi1Sn4QqHol7,10.325686,12.029224000000001,11.145377
148200,a4VPVcO823uFKQtjpPIuVKXumn6I2rVFW7aB60r1CldO9RoeQGS+yi1Sn4QqHol7,10.57778,14.879197,11.606537
148500,a4VPVcO823uFKQtjpPIuVKXumn6I2rVFW7aB60r1CldO9RoeQGS+yi1Sn4QqHol7,10.555181,12.010411999999999,11.285568
148800,a4VPVcO823uFKQtjpPIuVKXumn6I2rVFW7aB60r1CldO9RoeQGS+yi1Sn4QqHol7,6.729709,24.009413000000002,12.011824
149100,a4VPVcO823uFKQtjpPIuVKXumn6I2rVFW7aB60r1CldO9RoeQGS+yi1Sn4QqHol7,10.326725999999999,12.353492999999999,11.207643
149400,a4VPVcO823uFKQtjpPIuVKXumn6I2rVFW7aB60r1CldO9RoeQGS+yi1Sn4QqHol7,10.583321,16.27242,11.701879
149700,a4VPVcO823uFKQtjpPIuVKXumn6I2rVFW7aB60r1CldO9RoeQGS+yi1Sn4QqHol7,10.52024,11.916762,11.289223
150000,a4VPVcO823uFKQtjpPIuVKXumn6I2rVFW7aB60r1CldO9RoeQGS+yi1Sn4QqHol7,10.457208,15.612635999999998,11.698113000000001
150300,a4VPVcO823uFKQtjpPIuVKXumn6I2rVFW7aB60r1CldO9RoeQGS+yi1Sn4QqHol7,10.622516000000001,12.204432,11.367703
150600,a4VPVcO823uFKQtjpPIuVKXumn6I2rVFW7aB60r1CldO9RoeQGS+yi1Sn4QqHol7,10.685399,12.128679,11.398517
150900,a4VPVcO823uFKQtjpPIuVKXumn6I2rVFW7aB60r1CldO9RoeQGS+yi1Sn4QqHol7,10.394036999999999,13.291766,11.549837
151200,a4VPVcO823uFKQtjpPIuVKXumn6I2rVFW7aB60r1CldO9RoeQGS+yi1Sn4QqHol7,10.531353,12.393623,11.460312
151500,a4VPVcO823uFKQtjpPIuVKXumn6I2rVFW7aB60r1CldO9RoeQGS+yi1Sn4QqHol7,5.402628,12.278293,10.870569999999999
151800,a4VPVcO823uFKQtjpPIuVKXumn6I2rVFW7aB60r1CldO9RoeQGS+yi1Sn4QqHol7,10.676971,12.604444,11.635344
152100,a4VPVcO823uFKQtjpPIuVKXumn6I2rVFW7aB60r1CldO9RoeQGS+yi1Sn4QqHol7,10.386536999999999,14.540364000000002,11.604142
152400,a4VPVcO823uFKQtjpPIuVKXumn6I2rVFW7aB60r1CldO9RoeQGS+yi1Sn4QqHol7,10.791863000000001,27.485753999999996,12.946653
152700,a4VPVcO823uFKQtjpPIuVKXumn6I2rVFW7aB60r1CldO9RoeQGS+yi1Sn4QqHol7,10.617017,12.982682,11.774064
153000,a4VPVcO823uFKQtjpPIuVKXumn6I2rVFW7aB60r1CldO9RoeQGS+yi1Sn4QqHol7,10.678064,21.772717999999998,12.294857
153300,a4VPVcO823uFKQtjpPIuVKXumn6I2rVFW7aB60r1CldO9RoeQGS+yi1Sn4QqHol7,10.73287,12.823919,11.71805
153600,a4VPVcO823uFKQtjpPIuVKXumn6I2rVFW7aB60r1CldO9RoeQGS+yi1Sn4QqHol7,10.42274,29.663399,12.89713
153900,a4VPVcO823uFKQtjpPIuVKXumn6I2rVFW7aB60r1CldO9RoeQGS+yi1Sn4QqHol7,10.726434,12.875569,11.680817
154200,a4VPVcO823uFKQtjpPIuVKXumn6I2rVFW7aB60r1CldO9RoeQGS+yi1Sn4QqHol7,7.662329,13.071576,11.28309
154500,a4VPVcO823uFKQtjpPIuVKXumn6I2rVFW7aB60r1CldO9RoeQGS+yi1Sn4QqHol7,10.724404,13.011597,11.696012
154800,a4VPVcO823uFKQtjpPIuVKXumn6I2rVFW7aB60r1CldO9RoeQGS+yi1Sn4QqHol7,10.596718,14.112409,11.843658
155100,a4VPVcO823uFKQtjpPIuVKXumn6I2rVFW7aB60r1CldO9RoeQGS+yi1Sn4QqHol7,10.599879,12.542710000000001,11.694382000000001
155400,a4VPVcO823uFKQtjpPIuVKXumn6I2rVFW7aB60r1CldO9RoeQGS+yi1Sn4QqHol7,10.818489999999999,14.082973999999998,11.828122
155700,a4VPVcO823uFKQtjpPIuVKXumn6I2rVFW7aB60r1CldO9RoeQGS+yi1Sn4QqHol7,10.664263,12.884656,11.672882000000001
156000,a4VPVcO823uFKQtjpPIuVKXumn6I2rVFW7aB60r1CldO9RoeQGS+yi1Sn4QqHol7,10.661899,58.31759399999999,16.191991
156300,a4VPVcO823uFKQtjpPIuVKXumn6I2rVFW7aB60r1CldO9RoeQGS+yi1Sn4QqHol7,10.81252,14.542643,11.911412
156600,a4VPVcO823uFKQtjpPIuVKXumn6I2rVFW7aB60r1CldO9RoeQGS+yi1Sn4QqHol7,10.713968,12.757571,11.683941
156900,a4VPVcO823uFKQtjpPIuVKXumn6I2rVFW7aB60r1CldO9RoeQGS+yi1Sn4QqHol7,10.618056,15.002164000000002,11.818562
157200,a4VPVcO823uFKQtjpPIuVKXumn6I2rVFW7aB60r1CldO9RoeQGS+yi1Sn4QqHol7,10.743881,12.6081,11.694528
157500,a4VPVcO823uFKQtjpPIuVKXumn6I2rVFW7aB60r1CldO9RoeQGS+yi1Sn4QqHol7,10.385095,15.996818,11.907147
157800,a4VPVcO823uFKQtjpPIuVKXumn6I2rVFW7aB60r1CldO9RoeQGS+yi1Sn4QqHol7,10.485669,13.026145,11.76481
158100,a4VPVcO823uFKQtjpPIuVKXumn6I2rVFW7aB60r1CldO9RoeQGS+yi1Sn4QqHol7,7.5111419999999995,12.621957,11.385593
158400,a4VPVcO823uFKQtjpPIuVKXumn6I2rVFW7aB60r1CldO9RoeQGS+yi1Sn4QqHol7,10.343115,12.65677,11.625957000000001
158700,a4VPVcO823uFKQtjpPIuVKXumn6I2rVFW7aB60r1CldO9RoeQGS+yi1Sn4QqHol7,10.555982,17.279051000000003,12.02742
159000,a4VPVcO823uFKQtjpPIuVKXumn6I2rVFW7aB60r1CldO9RoeQGS+yi1Sn4QqHol7,10.82451,14.439469,11.954164
159300,a4VPVcO823uFKQtjpPIuVKXumn6I2rVFW7aB60r1CldO9RoeQGS+yi1Sn4QqHol7,10.832299,12.849648,11.705248
159600,a4VPVcO823uFKQtjpPIuVKXumn6I2rVFW7aB60r1CldO9RoeQGS+yi1Sn4QqHol7,7.351803,27.021309999999996,12.473788
159900,a4VPVcO823uFKQtjpPIuVKXumn6I2rVFW7aB60r1CldO9RoeQGS+yi1Sn4QqHol7,10.82208,12.789249,11.770736
160200,a4VPVcO823uFKQtjpPIuVKXumn6I2rVFW7aB60r1CldO9RoeQGS+yi1Sn4QqHol7,10.773161,16.755336,12.121459
160500,a4VPVcO823uFKQtjpPIuVKXumn6I2rVFW7aB60r1CldO9RoeQGS+yi1Sn4QqHol7,10.695083,12.918982000000002,11.691202
160800,a4VPVcO823uFKQtjpPIuVKXumn6I2rVFW7aB60r1CldO9RoeQGS+yi1Sn4QqHol7,10.627658,14.011917,11.726339999999999
161100,a4VPVcO823uFKQtjpPIuVKXumn6I2rVFW7aB60r1CldO9RoeQGS+yi1Sn4QqHol7,10.630247,12.607398,11.707867
161400,a4VPVcO823uFKQtjpPIuVKXumn6I2rVFW7aB60r1CldO9RoeQGS+yi1Sn4QqHol7,10.418794,12.950741,11.556472
161700,a4VPVcO823uFKQtjpPIuVKXumn6I2rVFW7aB60r1CldO9RoeQGS+yi1Sn4QqHol7,10.780234,24.230871,13.268114
162000,a4VPVcO823uFKQtjpPIuVKXumn6I2rVFW7aB60r1CldO9RoeQGS+yi1Sn4QqHol7,10.760171000000001,12.63742,11.632449000000001
162300,a4VPVcO823uFKQtjpPIuVKXumn6I2rVFW7aB60r1CldO9RoeQGS+yi1Sn4QqHol7,5.884245,12.817571000000001,11.184027
162600,a4VPVcO823uFKQtjpPIuVKXumn6I2rVFW7aB60r1CldO9RoeQGS+yi1Sn4QqHol7,10.871717,12.639142999999999,11.795956
162900,a4VPVcO823uFKQtjpPIuVKXumn6I2rVFW7aB60r1CldO9RoeQGS+yi1Sn4QqHol7,10.713933,15.062601,11.940682
163200,a4VPVcO823uFKQtjpPIuVKXumn6I2rVFW7aB60r1CldO9RoeQGS+yi1Sn4QqHol7,10.863347000000001,26.346,12.925344
163500,a4VPVcO823uFKQtjpPIuVKXumn6I2rVFW7aB60r1CldO9RoeQGS+yi1Sn4QqHol7,7.807519999999999,12.587612,11.384683
163800,a4VPVcO823uFKQtjpPIuVKXumn6I2rVFW7aB60r1CldO9RoeQGS+yi1Sn4QqHol7,10.693355,12.609461999999999,11.556572000000001
164100,a4VPVcO823uFKQtjpPIuVKXumn6I2rVFW7aB60r1CldO9RoeQGS+yi1Sn4QqHol7,10.684695,16.946120999999998,11.821133999999999
164400,a4VPVcO823uFKQtjpPIuVKXumn6I2rVFW7aB60r1CldO9RoeQGS+yi1Sn4QqHol7,10.610174,14.326432999999998,11.904021
164700,a4VPVcO823uFKQtjpPIuVKXumn6I2rVFW7aB60r1CldO9RoeQGS+yi1Sn4QqHol7,10.70173,12.691637,11.676966
165000,a4VPVcO823uFKQtjpPIuVKXumn6I2rVFW7aB60r1CldO9RoeQGS+yi1Sn4QqHol7,6.3874260000000005,33.08267,15.417020999999998
165300,a4VPVcO823uFKQtjpPIuVKXumn6I2rVFW7aB60r1CldO9RoeQGS+yi1Sn4QqHol7,10.702717,13.225667000000001,11.911104
165600,a4VPVcO823uFKQtjpPIuVKXumn6I2rVFW7aB60r1CldO9RoeQGS+yi1Sn4QqHol7,10.660359,15.1281,11.815748
165900,a4VPVcO823uFKQtjpPIuVKXumn6I2rVFW7aB60r1CldO9RoeQGS+yi1Sn4QqHol7,10.448474000000001,12.951134,11.761181
166200,a4VPVcO823uFKQtjpPIuVKXumn6I2rVFW7aB60r1CldO9RoeQGS+yi1Sn4QqHol7,10.453673,13.728334,11.873941
166500,a4VPVcO823uFKQtjpPIuVKXumn6I2rVFW7aB60r1CldO9RoeQGS+yi1Sn4QqHol7,10.544121,12.822225999999999,11.701483
166800,a4VPVcO823uFKQtjpPIuVKXumn6I2rVFW7aB60r1CldO9RoeQGS+yi1Sn4QqHol7,10.326922999999999,21.286226,12.687443
167100,a4VPVcO823uFKQtjpPIuVKXumn6I2rVFW7aB60r1CldO9RoeQGS+yi1Sn4QqHol7,10.397326,14.099201999999998,11.702318
167400,a4VPVcO823uFKQtjpPIuVKXumn6I2rVFW7aB60r1CldO9RoeQGS+yi1Sn4QqHol7,10.736852,13.028257,11.656894
167700,a4VPVcO823uFKQtjpPIuVKXumn6I2rVFW7aB60r1CldO9RoeQGS+yi1Sn4QqHol7,10.763948,13.278897,11.809095
168000,a4VPVcO823uFKQtjpPIuVKXumn6I2rVFW7aB60r1CldO9RoeQGS+yi1Sn4QqHol7,10.680791000000001,12.787603,11.784217
168300,a4VPVcO823uFKQtjpPIuVKXumn6I2rVFW7aB60r1CldO9RoeQGS+yi1Sn4QqHol7,10.575305,14.630839000000002,11.886361
168600,a4VPVcO823uFKQtjpPIuVKXumn6I2rVFW7aB60r1CldO9RoeQGS+yi1Sn4QqHol7,10.648062,12.644733,11.651221000000001
168900,a4VPVcO823uFKQtjpPIuVKXumn6I2rVFW7aB60r1CldO9RoeQGS+yi1Sn4QqHol7,10.656744,12.847796,11.663684
169200,a4VPVcO823uFKQtjpPIuVKXumn6I2rVFW7aB60r1CldO9RoeQGS+yi1Sn4QqHol7,10.545672,12.964008999999999,11.68293
169500,a4VPVcO823uFKQtjpPIuVKXumn6I2rVFW7aB60r1CldO9RoeQGS+yi1Sn4QqHol7,5.584345,12.539835,11.094028
169800,a4VPVcO823uFKQtjpPIuVKXumn6I2rVFW7aB60r1CldO9RoeQGS+yi1Sn4QqHol7,10.71895,14.52399,11.879146
170100,a4VPVcO823uFKQtjpPIuVKXumn6I2rVFW7aB60r1CldO9RoeQGS+yi1Sn4QqHol7,10.588367,13.013228,11.649714999999999
170400,a4VPVcO823uFKQtjpPIuVKXumn6I2rVFW7aB60r1CldO9RoeQGS+yi1Sn4QqHol7,10.870509,28.796692999999998,12.907478999999999
170700,a4VPVcO823uFKQtjpPIuVKXumn6I2rVFW7aB60r1CldO9RoeQGS+yi1Sn4QqHol7,10.646372,12.815403,11.761997000000001
171000,a4VPVcO823uFKQtjpPIuVKXumn6I2rVFW7aB60r1CldO9RoeQGS+yi1Sn4QqHol7,7.284033999999999,12.690199,11.306232000000001
171300,a4VPVcO823uFKQtjpPIuVKXumn6I2rVFW7aB60r1CldO9RoeQGS+yi1Sn4QqHol7,10.554896000000001,12.478653999999999,11.665244
171600,a4VPVcO823uFKQtjpPIuVKXumn6I2rVFW7aB60r1CldO9RoeQGS+yi1Sn4QqHol7,10.574508,13.638371,11.863159
171900,a4VPVcO823uFKQtjpPIuVKXumn6I2rVFW7aB60r1CldO9RoeQGS+yi1Sn4QqHol7,10.463529,12.982311,11.599072999999999
172200,a4VPVcO823uFKQtjpPIuVKXumn6I2rVFW7aB60r1CldO9RoeQGS+yi1Sn4QqHol7,10.666582,13.049928,11.651451
172500,a4VPVcO823uFKQtjpPIuVKXumn6I2rVFW7aB60r1CldO9RoeQGS+yi1Sn4QqHol7,10.643999,12.990992,11.814155
172800,a4VPVcO823uFKQtjpPIuVKXumn6I2rVFW7aB60r1CldO9RoeQGS+yi1Sn4QqHol7,10.4623,12.700234,11.671773
173100,a4VPVcO823uFKQtjpPIuVKXumn6I2rVFW7aB60r1CldO9RoeQGS+yi1Sn4QqHol7,10.625592999999999,14.477559,12.018847000000001
173400,a4VPVcO823uFKQtjpPIuVKXumn6I2rVFW7aB60r1CldO9RoeQGS+yi1Sn4QqHol7,10.685001,13.024356,11.800213000000001
173700,a4VPVcO823uFKQtjpPIuVKXumn6I2rVFW7aB60r1CldO9RoeQGS+yi1Sn4QqHol7,5.564659,12.471801,10.994859
174000,a4VPVcO823uFKQtjpPIuVKXumn6I2rVFW7aB60r1CldO9RoeQGS+yi1Sn4QqHol7,10.538672,30.653421999999996,12.908839
174300,a4VPVcO823uFKQtjpPIuVKXumn6I2rVFW7aB60r1CldO9RoeQGS+yi1Sn4QqHol7,10.708222,14.322516,11.967369999999999
174600,a4VPVcO823uFKQtjpPIuVKXumn6I2rVFW7aB60r1CldO9RoeQGS+yi1Sn4QqHol7,10.443772000000001,12.817548,11.692561999999999
174900,a4VPVcO823uFKQtjpPIuVKXumn6I2rVFW7aB60r1CldO9RoeQGS+yi1Sn4QqHol7,10.735567999999999,13.963503,11.764610000000001
175200,a4VPVcO823uFKQtjpPIuVKXumn6I2rVFW7aB60r1CldO9RoeQGS+yi1Sn4QqHol7,5.451009,12.654242,11.216711
175500,a4VPVcO823uFKQtjpPIuVKXumn6I2rVFW7aB60r1CldO9RoeQGS+yi1Sn4QqHol7,10.837871,12.565772,11.698741
175800,a4VPVcO823uFKQtjpPIuVKXumn6I2rVFW7aB60r1CldO9RoeQGS+yi1Sn4QqHol7,10.739863,13.175204,11.713777
176100,a4VPVcO823uFKQtjpPIuVKXumn6I2rVFW7aB60r1CldO9RoeQGS+yi1Sn4QqHol7,10.823292,13.048366999999999,11.762310000000001
176400,a4VPVcO823uFKQtjpPIuVKXumn6I2rVFW7aB60r1CldO9RoeQGS+yi1Sn4QqHol7,10.736018,12.908012,11.693728
176700,a4VPVcO823uFKQtjpPIuVKXumn6I2rVFW7aB60r1CldO9RoeQGS+yi1Sn4QqHol7,10.590811,12.619835,11.604692
177000,a4VPVcO823uFKQtjpPIuVKXumn6I2rVFW7aB60r1CldO9RoeQGS+yi1Sn4QqHol7,10.658614,13.182563,11.755384
177300,a4VPVcO823uFKQtjpPIuVKXumn6I2rVFW7aB60r1CldO9RoeQGS+yi1Sn4QqHol7,10.889108,12.730692999999999,11.701207
177600,a4VPVcO823uFKQtjpPIuVKXumn6I2rVFW7aB60r1CldO9RoeQGS+yi1Sn4QqHol7,10.828816999999999,22.407266,12.936962
177900,a4VPVcO823uFKQtjpPIuVKXumn6I2rVFW7aB60r1CldO9RoeQGS+yi1Sn4QqHol7,5.964187,12.562133,11.253396
178200,a4VPVcO823uFKQtjpPIuVKXumn6I2rVFW7aB60r1CldO9RoeQGS+yi1Sn4QqHol7,10.784328,12.560557000000001,11.626227
178500,a4VPVcO823uFKQtjpPIuVKXumn6I2rVFW7aB60r1CldO9RoeQGS+yi1Sn4QqHol7,10.689845,12.544607000000001,11.647730000000001
178800,a4VPVcO823uFKQtjpPIuVKXumn6I2rVFW7aB60r1CldO9RoeQGS+yi1Sn4QqHol7,10.847564,14.454272,11.887495
179100,a4VPVcO823uFKQtjpPIuVKXumn6I2rVFW7aB60r1CldO9RoeQGS+yi1Sn4QqHol7,10.690959,13.086141,11.7807
179400,a4VPVcO823uFKQtjpPIuVKXumn6I2rVFW7aB60r1CldO9RoeQGS+yi1Sn4QqHol7,10.719869000000001,12.836772999999999,11.741854
179700,a4VPVcO823uFKQtjpPIuVKXumn6I2rVFW7aB60r1CldO9RoeQGS+yi1Sn4QqHol7,7.9162300000000005,12.595391000000001,11.592483999999999
180000,a4VPVcO823uFKQtjpPIuVKXumn6I2rVFW7aB60r1CldO9RoeQGS+yi1Sn4QqHol7,10.55064,12.560105,11.623236
180300,a4VPVcO823uFKQtjpPIuVKXumn6I2rVFW7aB60r1CldO9RoeQGS+yi1Sn4QqHol7,10.616833999999999,15.464578,11.68254
180600,a4VPVcO823uFKQtjpPIuVKXumn6I2rVFW7aB60r1CldO9RoeQGS+yi1Sn4QqHol7,8.593900999999999,12.929578999999999,11.507710000000001
180900,a4VPVcO823uFKQtjpPIuVKXumn6I2rVFW7aB60r1CldO9RoeQGS+yi1Sn4QqHol7,10.867014,12.932947,11.699252
181200,a4VPVcO823uFKQtjpPIuVKXumn6I2rVFW7aB60r1CldO9RoeQGS+yi1Sn4QqHol7,10.514638,24.742792,12.862734
181500,a4VPVcO823uFKQtjpPIuVKXumn6I2rVFW7aB60r1CldO9RoeQGS+yi1Sn4QqHol7,10.527736,24.159686999999998,13.306617999999999
181800,a4VPVcO823uFKQtjpPIuVKXumn6I2rVFW7aB60r1CldO9RoeQGS+yi1Sn4QqHol7,10.494583,15.116123000000002,11.805759
182100,a4VPVcO823uFKQtjpPIuVKXumn6I2rVFW7aB60r1CldO9RoeQGS+yi1Sn4QqHol7,10.738216,12.961476,11.665861
182400,a4VPVcO823uFKQtjpPIuVKXumn6I2rVFW7aB60r1CldO9RoeQGS+yi1Sn4QqHol7,6.063176,12.999784,11.272961
182700,a4VPVcO823uFKQtjpPIuVKXumn6I2rVFW7aB60r1CldO9RoeQGS+yi1Sn4QqHol7,10.588731,13.099736,11.697664999999999
183000,a4VPVcO823uFKQtjpPIuVKXumn6I2rVFW7aB60r1CldO9RoeQGS+yi1Sn4QqHol7,10.664196,14.112354000000002,11.694889
183300,a4VPVcO823uFKQtjpPIuVKXumn6I2rVFW7aB60r1CldO9RoeQGS+yi1Sn4QqHol7,10.742915,27.0173,12.866014999999999
183600,a4VPVcO823uFKQtjpPIuVKXumn6I2rVFW7aB60r1CldO9RoeQGS+yi1Sn4QqHol7,10.609146,12.605889,11.597073
183900,a4VPVcO823uFKQtjpPIuVKXumn6I2rVFW7aB60r1CldO9RoeQGS+yi1Sn4QqHol7,10.65094,26.801925,12.714246000000001
184200,a4VPVcO823uFKQtjpPIuVKXumn6I2rVFW7aB60r1CldO9RoeQGS+yi1Sn4QqHol7,10.571539,12.991379,11.733596
184500,a4VPVcO823uFKQtjpPIuVKXumn6I2rVFW7aB60r1CldO9RoeQGS+yi1Sn4QqHol7,10.555541,14.035938,11.921097999999999
184800,a4VPVcO823uFKQtjpPIuVKXumn6I2rVFW7aB60r1CldO9RoeQGS+yi1Sn4QqHol7,10.676388000000001,25.541191,12.968293
185100,a4VPVcO823uFKQtjpPIuVKXumn6I2rVFW7aB60r1CldO9RoeQGS+yi1Sn4QqHol7,7.414919,12.959643,11.40064
185400,a4VPVcO823uFKQtjpPIuVKXumn6I2rVFW7aB60r1CldO9RoeQGS+yi1Sn4QqHol7,10.597396,12.756677999999999,11.738645
185700,a4VPVcO823uFKQtjpPIuVKXumn6I2rVFW7aB60r1CldO9RoeQGS+yi1Sn4QqHol7,10.918724000000001,12.918397,11.776974000000001
186000,a4VPVcO823uFKQtjpPIuVKXumn6I2rVFW7aB60r1CldO9RoeQGS+yi1Sn4QqHol7,10.630121,12.954083,11.863736
186300,a4VPVcO823uFKQtjpPIuVKXumn6I2rVFW7aB60r1CldO9RoeQGS+yi1Sn4QqHol7,10.441124,12.565705,11.553861
186600,a4VPVcO823uFKQtjpPIuVKXumn6I2rVFW7aB60r1CldO9RoeQGS+yi1Sn4QqHol7,10.7839,12.471935,11.696292999999999
186900,a4VPVcO823uFKQtjpPIuVKXumn6I2rVFW7aB60r1CldO9RoeQGS+yi1Sn4QqHol7,10.494827,12.891891000000001,11.757102
187200,a4VPVcO823uFKQtjpPIuVKXumn6I2rVFW7aB60r1CldO9RoeQGS+yi1Sn4QqHol7,10.687388,12.531011,11.705331
187500,a4VPVcO823uFKQtjpPIuVKXumn6I2rVFW7aB60r1CldO9RoeQGS+yi1Sn4QqHol7,10.669485,12.483941,11.672634
187800,a4VPVcO823uFKQtjpPIuVKXumn6I2rVFW7aB60r1CldO9RoeQGS+yi1Sn4QqHol7,5.854155,12.781945,11.238478
188100,a4VPVcO823uFKQtjpPIuVKXumn6I2rVFW7aB60r1CldO9RoeQGS+yi1Sn4QqHol7,10.601316,12.650458,11.612324000000001
188400,a4VPVcO823uFKQtjpPIuVKXumn6I2rVFW7aB60r1CldO9RoeQGS+yi1Sn4QqHol7,10.568889,23.858824,12.950959
188700,a4VPVcO823uFKQtjpPIuVKXumn6I2rVFW7aB60r1CldO9RoeQGS+yi1Sn4QqHol7,10.144613,12.676578,11.529983
189000,a4VPVcO823uFKQtjpPIuVKXumn6I2rVFW7aB60r1CldO9RoeQGS+yi1Sn4QqHol7,10.624982000000001,12.735175,11.745337
189300,a4VPVcO823uFKQtjpPIuVKXumn6I2rVFW7aB60r1CldO9RoeQGS+yi1Sn4QqHol7,10.799324,13.823354,11.769891000000001
189600,a4VPVcO823uFKQtjpPIuVKXumn6I2rVFW7aB60r1CldO9RoeQGS+yi1Sn4QqHol7,10.611257,12.586729,11.653545
189900,a4VPVcO823uFKQtjpPIuVKXumn6I2rVFW7aB60r1CldO9RoeQGS+yi1Sn4QqHol7,10.50659,14.031676999999998,11.772117
190200,a4VPVcO823uFKQtjpPIuVKXumn6I2rVFW7aB60r1CldO9RoeQGS+yi1Sn4QqHol7,10.616489,13.013011,11.624875
190500,a4VPVcO823uFKQtjpPIuVKXumn6I2rVFW7aB60r1CldO9RoeQGS+yi1Sn4QqHol7,5.974157,12.593677,11.140861
190800,a4VPVcO823uFKQtjpPIuVKXumn6I2rVFW7aB60r1CldO9RoeQGS+yi1Sn4QqHol7,10.503194,12.738837,11.631885
191100,a4VPVcO823uFKQtjpPIuVKXumn6I2rVFW7aB60r1CldO9RoeQGS+yi1Sn4QqHol7,10.809094,12.484079,11.639791
191400,a4VPVcO823uFKQtjpPIuVKXumn6I2rVFW7aB60r1CldO9RoeQGS+yi1Sn4QqHol7,8.427333,12.573099000000001,11.283045
191700,a4VPVcO823uFKQtjpPIuVKXumn6I2rVFW7aB60r1CldO9RoeQGS+yi1Sn4QqHol7,10.510545,12.632745,11.631895
192000,a4VPVcO823uFKQtjpPIuVKXumn6I2rVFW7aB60r1CldO9RoeQGS+yi1Sn4QqHol7,10.765856,24.070803,12.934116
192300,a4VPVcO823uFKQtjpPIuVKXumn6I2rVFW7aB60r1CldO9RoeQGS+yi1Sn4QqHol7,10.627215,12.83245,11.722134
192600,a4VPVcO823uFKQtjpPIuVKXumn6I2rVFW7aB60r1CldO9RoeQGS+yi1Sn4QqHol7,10.683853,15.265191,11.974541
192900,a4VPVcO823uFKQtjpPIuVKXumn6I2rVFW7aB60r1CldO9RoeQGS+yi1Sn4QqHol7,10.750519,13.066799000000001,11.738796
193200,a4VPVcO823uFKQtjpPIuVKXumn6I2rVFW7aB60r1CldO9RoeQGS+yi1Sn4QqHol7,10.815917,12.737915,11.791755
193500,a4VPVcO823uFKQtjpPIuVKXumn6I2rVFW7aB60r1CldO9RoeQGS+yi1Sn4QqHol7,10.635161,12.795491,11.640104
193800,a4VPVcO823uFKQtjpPIuVKXumn6I2rVFW7aB60r1CldO9RoeQGS+yi1Sn4QqHol7,10.652873,38.585058000000004,15.464974
194100,a4VPVcO823uFKQtjpPIuVKXumn6I2rVFW7aB60r1CldO9RoeQGS+yi1Sn4QqHol7,8.560828,21.441905,12.325738000000001
194400,a4VPVcO823uFKQtjpPIuVKXumn6I2rVFW7aB60r1CldO9RoeQGS+yi1Sn4QqHol7,10.724982,12.477061,11.663934
194700,a4VPVcO823uFKQtjpPIuVKXumn6I2rVFW7aB60r1CldO9RoeQGS+yi1Sn4QqHol7,10.666671000000001,13.004996,11.826816
195000,a4VPVcO823uFKQtjpPIuVKXumn6I2rVFW7aB60r1CldO9RoeQGS+yi1Sn4QqHol7,10.705425,12.803695,11.746205999999999
195300,a4VPVcO823uFKQtjpPIuVKXumn6I2rVFW7aB60r1CldO9RoeQGS+yi1Sn4QqHol7,6.611831,13.128741,11.20835
195600,a4VPVcO823uFKQtjpPIuVKXumn6I2rVFW7aB60r1CldO9RoeQGS+yi1Sn4QqHol7,10.508178,26.625288,12.909319
195900,a4VPVcO823uFKQtjpPIuVKXumn6I2rVFW7aB60r1CldO9RoeQGS+yi1Sn4QqHol7,10.64283,14.747276999999999,11.895135
196200,a4VPVcO823uFKQtjpPIuVKXumn6I2rVFW7aB60r1CldO9RoeQGS+yi1Sn4QqHol7,10.650578,12.384567,11.603703
196500,a4VPVcO823uFKQtjpPIuVKXumn6I2rVFW7aB60r1CldO9RoeQGS+yi1Sn4QqHol7,10.423655,12.385192,11.444014
196800,a4VPVcO823uFKQtjpPIuVKXumn6I2rVFW7aB60r1CldO9RoeQGS+yi1Sn4QqHol7,10.732301,13.438334,11.870347
197100,a4VPVcO823uFKQtjpPIuVKXumn6I2rVFW7aB60r1CldO9RoeQGS+yi1Sn4QqHol7,10.689012,12.59205,11.686144
197400,a4VPVcO823uFKQtjpPIuVKXumn6I2rVFW7aB60r1CldO9RoeQGS+yi1Sn4QqHol7,10.777295,74.89726800000001,39.51565
197700,a4VPVcO823uFKQtjpPIuVKXumn6I2rVFW7aB60r1CldO9RoeQGS+yi1Sn4QqHol7,2.761949,66.71873599999999,24.887114
198000,a4VPVcO823uFKQtjpPIuVKXumn6I2rVFW7aB60r1CldO9RoeQGS+yi1Sn4QqHol7,10.803652,19.930799,14.086418
198300,a4VPVcO823uFKQtjpPIuVKXumn6I2rVFW7aB60r1CldO9RoeQGS+yi1Sn4QqHol7,10.886531,17.716928,14.160459
198600,a4VPVcO823uFKQtjpPIuVKXumn6I2rVFW7aB60r1CldO9RoeQGS+yi1Sn4QqHol7,6.931125,15.810374,13.2582
198900,a4VPVcO823uFKQtjpPIuVKXumn6I2rVFW7aB60r1CldO9RoeQGS+yi1Sn4QqHol7,10.567305000000001,16.495027,13.685965
199200,a4VPVcO823uFKQtjpPIuVKXumn6I2rVFW7aB60r1CldO9RoeQGS+yi1Sn4QqHol7,11.54753,24.55645,15.271207999999998
199500,a4VPVcO823uFKQtjpPIuVKXumn6I2rVFW7aB60r1CldO9RoeQGS+yi1Sn4QqHol7,10.859157000000002,14.857501999999998,13.293120000000002
199800,a4VPVcO823uFKQtjpPIuVKXumn6I2rVFW7aB60r1CldO9RoeQGS+yi1Sn4QqHol7,10.319733,12.584883,11.208397999999999
200100,a4VPVcO823uFKQtjpPIuVKXumn6I2rVFW7aB60r1CldO9RoeQGS+yi1Sn4QqHol7,10.315674000000001,14.844564000000002,11.67102
200400,a4VPVcO823uFKQtjpPIuVKXumn6I2rVFW7aB60r1CldO9RoeQGS+yi1Sn4QqHol7,10.28835,14.387801000000001,11.734119999999999
200700,a4VPVcO823uFKQtjpPIuVKXumn6I2rVFW7aB60r1CldO9RoeQGS+yi1Sn4QqHol7,10.180525,12.840906,11.286817999999998
201000,a4VPVcO823uFKQtjpPIuVKXumn6I2rVFW7aB60r1CldO9RoeQGS+yi1Sn4QqHol7,10.296502,12.420185,11.300704
201300,a4VPVcO823uFKQtjpPIuVKXumn6I2rVFW7aB60r1CldO9RoeQGS+yi1Sn4QqHol7,8.726131,12.409958,11.189182
201600,a4VPVcO823uFKQtjpPIuVKXumn6I2rVFW7aB60r1CldO9RoeQGS+yi1Sn4QqHol7,10.143224,12.257757000000002,11.076602000000001
201900,a4VPVcO823uFKQtjpPIuVKXumn6I2rVFW7aB60r1CldO9RoeQGS+yi1Sn4QqHol7,10.463047,14.187859,11.643685000000001
202200,a4VPVcO823uFKQtjpPIuVKXumn6I2rVFW7aB60r1CldO9RoeQGS+yi1Sn4QqHol7,6.143668,13.256004999999998,11.11093
202500,a4VPVcO823uFKQtjpPIuVKXumn6I2rVFW7aB60r1CldO9RoeQGS+yi1Sn4QqHol7,10.380705,12.500721,11.509609
202800,a4VPVcO823uFKQtjpPIuVKXumn6I2rVFW7aB60r1CldO9RoeQGS+yi1Sn4QqHol7,10.474012,12.750134,11.507601
203100,a4VPVcO823uFKQtjpPIuVKXumn6I2rVFW7aB60r1CldO9RoeQGS+yi1Sn4QqHol7,10.453782,16.465644,12.473730999999999
203400,a4VPVcO823uFKQtjpPIuVKXumn6I2rVFW7aB60r1CldO9RoeQGS+yi1Sn4QqHol7,10.494247,14.861312,12.607406
203700,a4VPVcO823uFKQtjpPIuVKXumn6I2rVFW7aB60r1CldO9RoeQGS+yi1Sn4QqHol7,10.630792999999999,12.947811,11.545624
204000,a4VPVcO823uFKQtjpPIuVKXumn6I2rVFW7aB60r1CldO9RoeQGS+yi1Sn4QqHol7,10.354299000000001,16.244985,11.733336
204300,a4VPVcO823uFKQtjpPIuVKXumn6I2rVFW7aB60r1CldO9RoeQGS+yi1Sn4QqHol7,10.289511,12.62855,11.396339
204600,a4VPVcO823uFKQtjpPIuVKXumn6I2rVFW7aB60r1CldO9RoeQGS+yi1Sn4QqHol7,10.187904,14.383992999999998,11.734888
204900,a4VPVcO823uFKQtjpPIuVKXumn6I2rVFW7aB60r1CldO9RoeQGS+yi1Sn4QqHol7,6.5926279999999995,12.850899,11.1429
205200,a4VPVcO823uFKQtjpPIuVKXumn6I2rVFW7aB60r1CldO9RoeQGS+yi1Sn4QqHol7,10.473714,12.941703,11.573628999999999
205500,a4VPVcO823uFKQtjpPIuVKXumn6I2rVFW7aB60r1CldO9RoeQGS+yi1Sn4QqHol7,10.603976,12.891683,11.610111999999999
205800,a4VPVcO823uFKQtjpPIuVKXumn6I2rVFW7aB60r1CldO9RoeQGS+yi1Sn4QqHol7,10.446736,13.132437,11.582771000000001
206100,a4VPVcO823uFKQtjpPIuVKXumn6I2rVFW7aB60r1CldO9RoeQGS+yi1Sn4QqHol7,10.305858,15.395328,11.756037
206400,a4VPVcO823uFKQtjpPIuVKXumn6I2rVFW7aB60r1CldO9RoeQGS+yi1Sn4QqHol7,10.399522,12.921877,11.557464
206700,a4VPVcO823uFKQtjpPIuVKXumn6I2rVFW7aB60r1CldO9RoeQGS+yi1Sn4QqHol7,10.431339,12.575204,11.564910000000001
207000,a4VPVcO823uFKQtjpPIuVKXumn6I2rVFW7aB60r1CldO9RoeQGS+yi1Sn4QqHol7,10.25199,16.333566,12.282571
207300,a4VPVcO823uFKQtjpPIuVKXumn6I2rVFW7aB60r1CldO9RoeQGS+yi1Sn4QqHol7,10.482002,13.919298000000001,11.758657000000001
207600,a4VPVcO823uFKQtjpPIuVKXumn6I2rVFW7aB60r1CldO9RoeQGS+yi1Sn4QqHol7,8.410169,12.713804,11.202544999999999
207900,a4VPVcO823uFKQtjpPIuVKXumn6I2rVFW7aB60r1CldO9RoeQGS+yi1Sn4QqHol7,10.19519,12.8278,11.459537
208200,a4VPVcO823uFKQtjpPIuVKXumn6I2rVFW7aB60r1CldO9RoeQGS+yi1Sn4QqHol7,10.395275999999999,15.617026999999998,11.80675
208500,a4VPVcO823uFKQtjpPIuVKXumn6I2rVFW7aB60r1CldO9RoeQGS+yi1Sn4QqHol7,10.249136,13.478921,11.592091
208800,a4VPVcO823uFKQtjpPIuVKXumn6I2rVFW7aB60r1CldO9RoeQGS+yi1Sn4QqHol7,5.854445,12.820594999999999,11.015388
209100,a4VPVcO823uFKQtjpPIuVKXumn6I2rVFW7aB60r1CldO9RoeQGS+yi1Sn4QqHol7,10.507072,12.667926,11.552883999999999
209400,a4VPVcO823uFKQtjpPIuVKXumn6I2rVFW7aB60r1CldO9RoeQGS+yi1Sn4QqHol7,10.550383,12.781163000000001,11.506034
209700,a4VPVcO823uFKQtjpPIuVKXumn6I2rVFW7aB60r1CldO9RoeQGS+yi1Sn4QqHol7,10.293317,12.864643,11.515765
210000,a4VPVcO823uFKQtjpPIuVKXumn6I2rVFW7aB60r1CldO9RoeQGS+yi1Sn4QqHol7,10.306685,12.599719,11.643746
210300,a4VPVcO823uFKQtjpPIuVKXumn6I2rVFW7aB60r1CldO9RoeQGS+yi1Sn4QqHol7,10.443488,12.789024000000001,11.612184
210600,a4VPVcO823uFKQtjpPIuVKXumn6I2rVFW7aB60r1CldO9RoeQGS+yi1Sn4QqHol7,10.529847,15.886654,12.348947
210900,a4VPVcO823uFKQtjpPIuVKXumn6I2rVFW7aB60r1CldO9RoeQGS+yi1Sn4QqHol7,10.564142,16.696331,11.644735
211200,a4VPVcO823uFKQtjpPIuVKXumn6I2rVFW7aB60r1CldO9RoeQGS+yi1Sn4QqHol7,10.670565,12.374842999999998,11.405178999999999
211500,a4VPVcO823uFKQtjpPIuVKXumn6I2rVFW7aB60r1CldO9RoeQGS+yi1Sn4QqHol7,8.18148,12.284319,10.967355
211800,a4VPVcO823uFKQtjpPIuVKXumn6I2rVFW7aB60r1CldO9RoeQGS+yi1Sn4QqHol7,10.690901,12.71237,11.482083
212100,a4VPVcO823uFKQtjpPIuVKXumn6I2rVFW7aB60r1CldO9RoeQGS+yi1Sn4QqHol7,10.630777,14.045263,11.565692
212400,a4VPVcO823uFKQtjpPIuVKXumn6I2rVFW7aB60r1CldO9RoeQGS+yi1Sn4QqHol7,10.743189,12.553827,11.510566
212700,a4VPVcO823uFKQtjpPIuVKXumn6I2rVFW7aB60r1CldO9RoeQGS+yi1Sn4QqHol7,7.808915,12.270601,11.012591
213000,a4VPVcO823uFKQtjpPIuVKXumn6I2rVFW7aB60r1CldO9RoeQGS+yi1Sn4QqHol7,10.434901,12.440761,11.355217999999999
213300,a4VPVcO823uFKQtjpPIuVKXumn6I2rVFW7aB60r1CldO9RoeQGS+yi1Sn4QqHol7,10.533752,12.275463,11.33034
213600,a4VPVcO823uFKQtjpPIuVKXumn6I2rVFW7aB60r1CldO9RoeQGS+yi1Sn4QqHol7,10.360064999999999,13.312479999999999,11.442935
213900,a4VPVcO823uFKQtjpPIuVKXumn6I2rVFW7aB60r1CldO9RoeQGS+yi1Sn4QqHol7,10.50873,12.619222,11.444295
214200,a4VPVcO823uFKQtjpPIuVKXumn6I2rVFW7aB60r1CldO9RoeQGS+yi1Sn4QqHol7,9.790813,16.007610999999997,12.138005999999999
214500,a4VPVcO823uFKQtjpPIuVKXumn6I2rVFW7aB60r1CldO9RoeQGS+yi1Sn4QqHol7,10.300349,12.511721000000001,11.325747999999999
214800,a4VPVcO823uFKQtjpPIuVKXumn6I2rVFW7aB60r1CldO9RoeQGS+yi1Sn4QqHol7,6.002075,12.644575999999999,10.892439999999999
215100,a4VPVcO823uFKQtjpPIuVKXumn6I2rVFW7aB60r1CldO9RoeQGS+yi1Sn4QqHol7,10.583217999999999,12.247419,11.339701
215400,a4VPVcO823uFKQtjpPIuVKXumn6I2rVFW7aB60r1CldO9RoeQGS+yi1Sn4QqHol7,10.608959,13.072949000000001,11.542155000000001
215700,a4VPVcO823uFKQtjpPIuVKXumn6I2rVFW7aB60r1CldO9RoeQGS+yi1Sn4QqHol7,10.585796,12.18207,11.440335000000001
216000,a4VPVcO823uFKQtjpPIuVKXumn6I2rVFW7aB60r1CldO9RoeQGS+yi1Sn4QqHol7,7.759525,12.590336,11.029613000000001
216300,a4VPVcO823uFKQtjpPIuVKXumn6I2rVFW7aB60r1CldO9RoeQGS+yi1Sn4QqHol7,10.513438,12.673947,11.398337
216600,a4VPVcO823uFKQtjpPIuVKXumn6I2rVFW7aB60r1CldO9RoeQGS+yi1Sn4QqHol7,10.556546,12.983189,11.64258
216900,a4VPVcO823uFKQtjpPIuVKXumn6I2rVFW7aB60r1CldO9RoeQGS+yi1Sn4QqHol7,10.508355,12.619598,11.401444999999999
217200,a4VPVcO823uFKQtjpPIuVKXumn6I2rVFW7aB60r1CldO9RoeQGS+yi1Sn4QqHol7,10.444346000000001,14.666993,11.581934
217500,a4VPVcO823uFKQtjpPIuVKXumn6I2rVFW7aB60r1CldO9RoeQGS+yi1Sn4QqHol7,10.502897,12.698053999999999,11.438838
217800,a4VPVcO823uFKQtjpPIuVKXumn6I2rVFW7aB60r1CldO9RoeQGS+yi1Sn4QqHol7,6.2890760000000006,12.845121,10.956489999999999
218100,a4VPVcO823uFKQtjpPIuVKXumn6I2rVFW7aB60r1CldO9RoeQGS+yi1Sn4QqHol7,10.460754,15.864253,12.409965
218400,a4VPVcO823uFKQtjpPIuVKXumn6I2rVFW7aB60r1CldO9RoeQGS+yi1Sn4QqHol7,10.607291,13.035471000000001,11.530367
218700,a4VPVcO823uFKQtjpPIuVKXumn6I2rVFW7aB60r1CldO9RoeQGS+yi1Sn4QqHol7,10.508564,13.376048,11.626538
219000,a4VPVcO823uFKQtjpPIuVKXumn6I2rVFW7aB60r1CldO9RoeQGS+yi1Sn4QqHol7,10.394269,12.491859,11.426361
219300,a4VPVcO823uFKQtjpPIuVKXumn6I2rVFW7aB60r1CldO9RoeQGS+yi1Sn4QqHol7,5.944825,12.597667,11.085367
219600,a4VPVcO823uFKQtjpPIuVKXumn6I2rVFW7aB60r1CldO9RoeQGS+yi1Sn4QqHol7,10.436653,12.80969,11.475916
219900,a4VPVcO823uFKQtjpPIuVKXumn6I2rVFW7aB60r1CldO9RoeQGS+yi1Sn4QqHol7,10.530197,14.007813,11.586948
220200,a4VPVcO823uFKQtjpPIuVKXumn6I2rVFW7aB60r1CldO9RoeQGS+yi1Sn4QqHol7,10.377091,12.515571000000001,11.483335
220500,a4VPVcO823uFKQtjpPIuVKXumn6I2rVFW7aB60r1CldO9RoeQGS+yi1Sn4QqHol7,10.30453,14.929382999999998,11.601592
220800,a4VPVcO823uFKQtjpPIuVKXumn6I2rVFW7aB60r1CldO9RoeQGS+yi1Sn4QqHol7,10.683109,12.518782,11.468672999999999
221100,a4VPVcO823uFKQtjpPIuVKXumn6I2rVFW7aB60r1CldO9RoeQGS+yi1Sn4QqHol7,10.383237,12.972183,11.416043
221400,a4VPVcO823uFKQtjpPIuVKXumn6I2rVFW7aB60r1CldO9RoeQGS+yi1Sn4QqHol7,10.544463,13.351237,11.543007000000001
221700,a4VPVcO823uFKQtjpPIuVKXumn6I2rVFW7aB60r1CldO9RoeQGS+yi1Sn4QqHol7,10.393122,15.710857,12.415608
222000,a4VPVcO823uFKQtjpPIuVKXumn6I2rVFW7aB60r1CldO9RoeQGS+yi1Sn4QqHol7,8.735967,12.590463,11.289602
222300,a4VPVcO823uFKQtjpPIuVKXumn6I2rVFW7aB60r1CldO9RoeQGS+yi1Sn4QqHol7,10.684175,12.291142,11.467029
222600,a4VPVcO823uFKQtjpPIuVKXumn6I2rVFW7aB60r1CldO9RoeQGS+yi1Sn4QqHol7,10.546666,13.367401000000001,11.543644
222900,a4VPVcO823uFKQtjpPIuVKXumn6I2rVFW7aB60r1CldO9RoeQGS+yi1Sn4QqHol7,10.559593,12.525383,11.369069
223200,a4VPVcO823uFKQtjpPIuVKXumn6I2rVFW7aB60r1CldO9RoeQGS+yi1Sn4QqHol7,10.465869,12.449307000000001,11.294803
223500,a4VPVcO823uFKQtjpPIuVKXumn6I2rVFW7aB60r1CldO9RoeQGS+yi1Sn4QqHol7,8.872434,25.718204,12.58693
223800,a4VPVcO823uFKQtjpPIuVKXumn6I2rVFW7aB60r1CldO9RoeQGS+yi1Sn4QqHol7,10.598148,12.780324,11.503752
224100,a4VPVcO823uFKQtjpPIuVKXumn6I2rVFW7aB60r1CldO9RoeQGS+yi1Sn4QqHol7,10.493532,12.60795,11.533008
224400,a4VPVcO823uFKQtjpPIuVKXumn6I2rVFW7aB60r1CldO9RoeQGS+yi1Sn4QqHol7,10.541083,12.646674,11.443866
224700,a4VPVcO823uFKQtjpPIuVKXumn6I2rVFW7aB60r1CldO9RoeQGS+yi1Sn4QqHol7,6.203155000000001,12.360271000000001,10.98648
225000,a4VPVcO823uFKQtjpPIuVKXumn6I2rVFW7aB60r1CldO9RoeQGS+yi1Sn4QqHol7,10.480716000000001,12.039672,11.386114
225300,a4VPVcO823uFKQtjpPIuVKXumn6I2rVFW7aB60r1CldO9RoeQGS+yi1Sn4QqHol7,10.585083000000001,15.776046,12.473094999999999
225600,a4VPVcO823uFKQtjpPIuVKXumn6I2rVFW7aB60r1CldO9RoeQGS+yi1Sn4QqHol7,10.464583,12.517895,11.40966
225900,a4VPVcO823uFKQtjpPIuVKXumn6I2rVFW7aB60r1CldO9RoeQGS+yi1Sn4QqHol7,8.591965,12.243571000000001,11.164626
226200,a4VPVcO823uFKQtjpPIuVKXumn6I2rVFW7aB60r1CldO9RoeQGS+yi1Sn4QqHol7,10.532177,13.756611999999999,11.554200999999999
226500,a4VPVcO823uFKQtjpPIuVKXumn6I2rVFW7aB60r1CldO9RoeQGS+yi1Sn4QqHol7,10.568531,12.784276,11.413486
226800,a4VPVcO823uFKQtjpPIuVKXumn6I2rVFW7aB60r1CldO9RoeQGS+yi1Sn4QqHol7,10.514605,16.726606,11.797948
227100,a4VPVcO823uFKQtjpPIuVKXumn6I2rVFW7aB60r1CldO9RoeQGS+yi1Sn4QqHol7,10.434372,31.554058,15.862620000000001
227400,a4VPVcO823uFKQtjpPIuVKXumn6I2rVFW7aB60r1CldO9RoeQGS+yi1Sn4QqHol7,10.286000999999999,12.852066,11.432343
227700,a4VPVcO823uFKQtjpPIuVKXumn6I2rVFW7aB60r1CldO9RoeQGS+yi1Sn4QqHol7,10.525345,12.420136999999999,11.433297
228000,a4VPVcO823uFKQtjpPIuVKXumn6I2rVFW7aB60r1CldO9RoeQGS+yi1Sn4QqHol7,10.382013,13.492023000000001,11.530560000000001
228300,a4VPVcO823uFKQtjpPIuVKXumn6I2rVFW7aB60r1CldO9RoeQGS+yi1Sn4QqHol7,10.476735000000001,12.953849,11.678042999999999
228600,a4VPVcO823uFKQtjpPIuVKXumn6I2rVFW7aB60r1CldO9RoeQGS+yi1Sn4QqHol7,5.743773,13.121129999999999,11.131416
228900,a4VPVcO823uFKQtjpPIuVKXumn6I2rVFW7aB60r1CldO9RoeQGS+yi1Sn4QqHol7,10.297708,18.319793,12.6224
229200,a4VPVcO823uFKQtjpPIuVKXumn6I2rVFW7aB60r1CldO9RoeQGS+yi1Sn4QqHol7,10.296795,12.727948,11.561467
229500,a4VPVcO823uFKQtjpPIuVKXumn6I2rVFW7aB60r1CldO9RoeQGS+yi1Sn4QqHol7,10.323984,12.697813,11.49112
229800,a4VPVcO823uFKQtjpPIuVKXumn6I2rVFW7aB60r1CldO9RoeQGS+yi1Sn4QqHol7,10.345495,12.670484,11.485102000000001
230100,a4VPVcO823uFKQtjpPIuVKXumn6I2rVFW7aB60r1CldO9RoeQGS+yi1Sn4QqHol7,9.059223,12.610776,11.255217
230400,a4VPVcO823uFKQtjpPIuVKXumn6I2rVFW7aB60r1CldO9RoeQGS+yi1Sn4QqHol7,10.25953,12.874473,11.402953
230700,a4VPVcO823uFKQtjpPIuVKXumn6I2rVFW7aB60r1CldO9RoeQGS+yi1Sn4QqHol7,10.291792,13.353919,11.523617999999999
231000,a4VPVcO823uFKQtjpPIuVKXumn6I2rVFW7aB60r1CldO9RoeQGS+yi1Sn4QqHol7,10.353736999999999,12.771736,11.608528
231300,a4VPVcO823uFKQtjpPIuVKXumn6I2rVFW7aB60r1CldO9RoeQGS+yi1Sn4QqHol7,7.004705,12.352233,11.076234
231600,a4VPVcO823uFKQtjpPIuVKXumn6I2rVFW7aB60r1CldO9RoeQGS+yi1Sn4QqHol7,10.443444,13.648598999999999,11.529546
231900,a4VPVcO823uFKQtjpPIuVKXumn6I2rVFW7aB60r1CldO9RoeQGS+yi1Sn4QqHol7,10.518918,12.528459,11.502796
232200,a4VPVcO823uFKQtjpPIuVKXumn6I2rVFW7aB60r1CldO9RoeQGS+yi1Sn4QqHol7,10.534602,13.607669,11.56426
232500,a4VPVcO823uFKQtjpPIuVKXumn6I2rVFW7aB60r1CldO9RoeQGS+yi1Sn4QqHol7,10.541122,12.639402,11.434211999999999
232800,a4VPVcO823uFKQtjpPIuVKXumn6I2rVFW7aB60r1CldO9RoeQGS+yi1Sn4QqHol7,10.381121,15.232598000000001,12.426245
233100,a4VPVcO823uFKQtjpPIuVKXumn6I2rVFW7aB60r1CldO9RoeQGS+yi1Sn4QqHol7,10.332316,12.274587,11.364403999999999
233400,a4VPVcO823uFKQtjpPIuVKXumn6I2rVFW7aB60r1CldO9RoeQGS+yi1Sn4QqHol7,10.333706,12.481363,11.454658
233700,a4VPVcO823uFKQtjpPIuVKXumn6I2rVFW7aB60r1CldO9RoeQGS+yi1Sn4QqHol7,10.155667,13.077786,11.446197
234000,a4VPVcO823uFKQtjpPIuVKXumn6I2rVFW7aB60r1CldO9RoeQGS+yi1Sn4QqHol7,9.043792,12.578724000000001,11.173544999999999
234300,a4VPVcO823uFKQtjpPIuVKXumn6I2rVFW7aB60r1CldO9RoeQGS+yi1Sn4QqHol7,10.453429,14.879263,11.694564999999999
234600,a4VPVcO823uFKQtjpPIuVKXumn6I2rVFW7aB60r1CldO9RoeQGS+yi1Sn4QqHol7,10.375794,12.511559,11.424847999999999
234900,a4VPVcO823uFKQtjpPIuVKXumn6I2rVFW7aB60r1CldO9RoeQGS+yi1Sn4QqHol7,9.490198,12.499419,11.243814
235200,a4VPVcO823uFKQtjpPIuVKXumn6I2rVFW7aB60r1CldO9RoeQGS+yi1Sn4QqHol7,10.520365,12.193463000000001,11.287151
235500,a4VPVcO823uFKQtjpPIuVKXumn6I2rVFW7aB60r1CldO9RoeQGS+yi1Sn4QqHol7,10.410456,16.072313,11.57525
235800,a4VPVcO823uFKQtjpPIuVKXumn6I2rVFW7aB60r1CldO9RoeQGS+yi1Sn4QqHol7,10.255589,13.034753,11.264833
236100,a4VPVcO823uFKQtjpPIuVKXumn6I2rVFW7aB60r1CldO9RoeQGS+yi1Sn4QqHol7,10.415403,16.051642,12.006903
236400,a4VPVcO823uFKQtjpPIuVKXumn6I2rVFW7aB60r1CldO9RoeQGS+yi1Sn4QqHol7,10.321963,16.083225,12.349704
236700,a4VPVcO823uFKQtjpPIuVKXumn6I2rVFW7aB60r1CldO9RoeQGS+yi1Sn4QqHol7,10.23803,13.231048000000001,11.277419
237000,a4VPVcO823uFKQtjpPIuVKXumn6I2rVFW7aB60r1CldO9RoeQGS+yi1Sn4QqHol7,10.283713,14.488357,11.357503
237300,a4VPVcO823uFKQtjpPIuVKXumn6I2rVFW7aB60r1CldO9RoeQGS+yi1Sn4QqHol7,10.554267,12.177847,11.170819
237600,a4VPVcO823uFKQtjpPIuVKXumn6I2rVFW7aB60r1CldO9RoeQGS+yi1Sn4QqHol7,10.135678,16.100974,11.549708
237900,a4VPVcO823uFKQtjpPIuVKXumn6I2rVFW7aB60r1CldO9RoeQGS+yi1Sn4QqHol7,10.314811,12.382442999999999,11.43116
238200,a4VPVcO823uFKQtjpPIuVKXumn6I2rVFW7aB60r1CldO9RoeQGS+yi1Sn4QqHol7,10.254605999999999,15.333448,11.583985
238500,a4VPVcO823uFKQtjpPIuVKXumn6I2rVFW7aB60r1CldO9RoeQGS+yi1Sn4QqHol7,10.320838,12.806293,11.451669
238800,a4VPVcO823uFKQtjpPIuVKXumn6I2rVFW7aB60r1CldO9RoeQGS+yi1Sn4QqHol7,8.847710000000001,12.284382,11.180322
239100,a4VPVcO823uFKQtjpPIuVKXumn6I2rVFW7aB60r1CldO9RoeQGS+yi1Sn4QqHol7,10.375261,12.635387,11.447369
239400,a4VPVcO823uFKQtjpPIuVKXumn6I2rVFW7aB60r1CldO9RoeQGS+yi1Sn4QqHol7,10.450001,13.478495,11.581961
239700,a4VPVcO823uFKQtjpPIuVKXumn6I2rVFW7aB60r1CldO9RoeQGS+yi1Sn4QqHol7,8.025001,12.390981,11.021754
240000,a4VPVcO823uFKQtjpPIuVKXumn6I2rVFW7aB60r1CldO9RoeQGS+yi1Sn4QqHol7,10.688269,16.185722,12.251963
240300,a4VPVcO823uFKQtjpPIuVKXumn6I2rVFW7aB60r1CldO9RoeQGS+yi1Sn4QqHol7,10.350394,13.104614999999999,11.532181
240600,a4VPVcO823uFKQtjpPIuVKXumn6I2rVFW7aB60r1CldO9RoeQGS+yi1Sn4QqHol7,10.518196000000001,12.620716,11.422628
240900,a4VPVcO823uFKQtjpPIuVKXumn6I2rVFW7aB60r1CldO9RoeQGS+yi1Sn4QqHol7,10.4127,22.892621,12.656746
241200,a4VPVcO823uFKQtjpPIuVKXumn6I2rVFW7aB60r1CldO9RoeQGS+yi1Sn4QqHol7,10.398494,12.462848,11.47415
241500,a4VPVcO823uFKQtjpPIuVKXumn6I2rVFW7aB60r1CldO9RoeQGS+yi1Sn4QqHol7,10.301791999999999,13.425082000000002,11.507543
241800,a4VPVcO823uFKQtjpPIuVKXumn6I2rVFW7aB60r1CldO9RoeQGS+yi1Sn4QqHol7,10.480310000000001,12.411553,11.469676
242100,a4VPVcO823uFKQtjpPIuVKXumn6I2rVFW7aB60r1CldO9RoeQGS+yi1Sn4QqHol7,10.473326,18.78937,11.879209
242400,a4VPVcO823uFKQtjpPIuVKXumn6I2rVFW7aB60r1CldO9RoeQGS+yi1Sn4QqHol7,10.362107,15.130569,11.5759
242700,a4VPVcO823uFKQtjpPIuVKXumn6I2rVFW7aB60r1CldO9RoeQGS+yi1Sn4QqHol7,10.371758,12.94585,11.509103999999999
243000,a4VPVcO823uFKQtjpPIuVKXumn6I2rVFW7aB60r1CldO9RoeQGS+yi1Sn4QqHol7,10.310554,14.760086,11.553027
243300,a4VPVcO823uFKQtjpPIuVKXumn6I2rVFW7aB60r1CldO9RoeQGS+yi1Sn4QqHol7,10.566117,12.699363,11.505965
243600,a4VPVcO823uFKQtjpPIuVKXumn6I2rVFW7aB60r1CldO9RoeQGS+yi1Sn4QqHol7,5.959479,15.318691000000001,11.533809
243900,a4VPVcO823uFKQtjpPIuVKXumn6I2rVFW7aB60r1CldO9RoeQGS+yi1Sn4QqHol7,10.393552,15.620605,12.065517
244200,a4VPVcO823uFKQtjpPIuVKXumn6I2rVFW7aB60r1CldO9RoeQGS+yi1Sn4QqHol7,10.331666,15.130613,11.696729
244500,a4VPVcO823uFKQtjpPIuVKXumn6I2rVFW7aB60r1CldO9RoeQGS+yi1Sn4QqHol7,10.316419,12.671873,11.436463999999999
244800,a4VPVcO823uFKQtjpPIuVKXumn6I2rVFW7aB60r1CldO9RoeQGS+yi1Sn4QqHol7,5.9653,12.619747,11.068002
245100,a4VPVcO823uFKQtjpPIuVKXumn6I2rVFW7aB60r1CldO9RoeQGS+yi1Sn4QqHol7,10.654855,15.063478,11.757067
245400,a4VPVcO823uFKQtjpPIuVKXumn6I2rVFW7aB60r1CldO9RoeQGS+yi1Sn4QqHol7,10.354111999999999,12.709436,11.547671000000001
245700,a4VPVcO823uFKQtjpPIuVKXumn6I2rVFW7aB60r1CldO9RoeQGS+yi1Sn4QqHol7,10.442197,14.118291000000001,11.563353999999999
246000,a4VPVcO823uFKQtjpPIuVKXumn6I2rVFW7aB60r1CldO9RoeQGS+yi1Sn4QqHol7,10.378527,12.465005999999999,11.428311
246300,a4VPVcO823uFKQtjpPIuVKXumn6I2rVFW7aB60r1CldO9RoeQGS+yi1Sn4QqHol7,10.289348,14.067457000000001,11.545594
246600,a4VPVcO823uFKQtjpPIuVKXumn6I2rVFW7aB60r1CldO9RoeQGS+yi1Sn4QqHol7,10.289912,12.685423,11.571303
246900,a4VPVcO823uFKQtjpPIuVKXumn6I2rVFW7aB60r1CldO9RoeQGS+yi1Sn4QqHol7,10.560666000000001,13.234060000000001,11.573025999999999
247200,a4VPVcO823uFKQtjpPIuVKXumn6I2rVFW7aB60r1CldO9RoeQGS+yi1Sn4QqHol7,10.370994999999999,12.638278,11.493811
247500,a4VPVcO823uFKQtjpPIuVKXumn6I2rVFW7aB60r1CldO9RoeQGS+yi1Sn4QqHol7,8.353522,16.463292000000003,12.861741
247800,a4VPVcO823uFKQtjpPIuVKXumn6I2rVFW7aB60r1CldO9RoeQGS+yi1Sn4QqHol7,10.3463,13.375124,11.506567
248100,a4VPVcO823uFKQtjpPIuVKXumn6I2rVFW7aB60r1CldO9RoeQGS+yi1Sn4QqHol7,10.388017,12.617030999999999,11.45155
248400,a4VPVcO823uFKQtjpPIuVKXumn6I2rVFW7aB60r1CldO9RoeQGS+yi1Sn4QqHol7,6.162497,12.767507,11.101647999999999
248700,a4VPVcO823uFKQtjpPIuVKXumn6I2rVFW7aB60r1CldO9RoeQGS+yi1Sn4QqHol7,10.563255999999999,12.62546,11.460372
249000,a4VPVcO823uFKQtjpPIuVKXumn6I2rVFW7aB60r1CldO9RoeQGS+yi1Sn4QqHol7,10.203047999999999,13.218924,11.527536
249300,a4VPVcO823uFKQtjpPIuVKXumn6I2rVFW7aB60r1CldO9RoeQGS+yi1Sn4QqHol7,10.233019,12.532697,11.425832000000002
249600,a4VPVcO823uFKQtjpPIuVKXumn6I2rVFW7aB60r1CldO9RoeQGS+yi1Sn4QqHol7,6.5538050000000005,12.588598,10.945615
249900,a4VPVcO823uFKQtjpPIuVKXumn6I2rVFW7aB60r1CldO9RoeQGS+yi1Sn4QqHol7,10.535768,12.902619999999999,11.508742999999999
250200,a4VPVcO823uFKQtjpPIuVKXumn6I2rVFW7aB60r1CldO9RoeQGS+yi1Sn4QqHol7,10.44353,13.225999,11.566933
250500,a4VPVcO823uFKQtjpPIuVKXumn6I2rVFW7aB60r1CldO9RoeQGS+yi1Sn4QqHol7,10.251771000000002,12.810151,11.438137
250800,a4VPVcO823uFKQtjpPIuVKXumn6I2rVFW7aB60r1CldO9RoeQGS+yi1Sn4QqHol7,10.307910000000001,12.460107,11.387212
251100,a4VPVcO823uFKQtjpPIuVKXumn6I2rVFW7aB60r1CldO9RoeQGS+yi1Sn4QqHol7,10.500007,18.789977,12.704227000000001
251400,a4VPVcO823uFKQtjpPIuVKXumn6I2rVFW7aB60r1CldO9RoeQGS+yi1Sn4QqHol7,10.511583,12.474583,11.436816
251700,a4VPVcO823uFKQtjpPIuVKXumn6I2rVFW7aB60r1CldO9RoeQGS+yi1Sn4QqHol7,10.471567,13.782734,11.491971000000001
252000,a4VPVcO823uFKQtjpPIuVKXumn6I2rVFW7aB60r1CldO9RoeQGS+yi1Sn4QqHol7,10.442468,12.347151,11.525392
252300,a4VPVcO823uFKQtjpPIuVKXumn6I2rVFW7aB60r1CldO9RoeQGS+yi1Sn4QqHol7,9.246718,12.433743,11.34666
252600,a4VPVcO823uFKQtjpPIuVKXumn6I2rVFW7aB60r1CldO9RoeQGS+yi1Sn4QqHol7,10.39605,12.64344,11.443503999999999
252900,a4VPVcO823uFKQtjpPIuVKXumn6I2rVFW7aB60r1CldO9RoeQGS+yi1Sn4QqHol7,10.500176,15.140401,11.688706
253200,a4VPVcO823uFKQtjpPIuVKXumn6I2rVFW7aB60r1CldO9RoeQGS+yi1Sn4QqHol7,5.941997,12.582018,10.95923
253500,a4VPVcO823uFKQtjpPIuVKXumn6I2rVFW7aB60r1CldO9RoeQGS+yi1Sn4QqHol7,10.384063000000001,12.717959,11.463426
253800,a4VPVcO823uFKQtjpPIuVKXumn6I2rVFW7aB60r1CldO9RoeQGS+yi1Sn4QqHol7,10.332724,15.154815,11.689902
254100,a4VPVcO823uFKQtjpPIuVKXumn6I2rVFW7aB60r1CldO9RoeQGS+yi1Sn4QqHol7,10.360283,13.008754,11.426178
254400,a4VPVcO823uFKQtjpPIuVKXumn6I2rVFW7aB60r1CldO9RoeQGS+yi1Sn4QqHol7,6.141469,12.550092999999999,10.980082000000001
254700,a4VPVcO823uFKQtjpPIuVKXumn6I2rVFW7aB60r1CldO9RoeQGS+yi1Sn4QqHol7,10.386612,15.435808999999999,11.767062
255000,a4VPVcO823uFKQtjpPIuVKXumn6I2rVFW7aB60r1CldO9RoeQGS+yi1Sn4QqHol7,10.411792,15.72986,12.301810000000001
255300,a4VPVcO823uFKQtjpPIuVKXumn6I2rVFW7aB60r1CldO9RoeQGS+yi1Sn4QqHol7,10.569127,12.6777,11.543289999999999
255600,a4VPVcO823uFKQtjpPIuVKXumn6I2rVFW7aB60r1CldO9RoeQGS+yi1Sn4QqHol7,10.299926,14.181032,11.636134
255900,a4VPVcO823uFKQtjpPIuVKXumn6I2rVFW7aB60r1CldO9RoeQGS+yi1Sn4QqHol7,10.552373,37.632938,15.751798
256200,a4VPVcO823uFKQtjpPIuVKXumn6I2rVFW7aB60r1CldO9RoeQGS+yi1Sn4QqHol7,10.488741000000001,13.17526,11.643887
256500,a4VPVcO823uFKQtjpPIuVKXumn6I2rVFW7aB60r1CldO9RoeQGS+yi1Sn4QqHol7,10.493508,13.156523000000002,11.562961999999999
256800,a4VPVcO823uFKQtjpPIuVKXumn6I2rVFW7aB60r1CldO9RoeQGS+yi1Sn4QqHol7,10.543182,12.714611999999999,11.523371000000001
257100,a4VPVcO823uFKQtjpPIuVKXumn6I2rVFW7aB60r1CldO9RoeQGS+yi1Sn4QqHol7,5.995026999999999,12.663031,11.082554
257400,a4VPVcO823uFKQtjpPIuVKXumn6I2rVFW7aB60r1CldO9RoeQGS+yi1Sn4QqHol7,10.49775,12.386448,11.451997
257700,a4VPVcO823uFKQtjpPIuVKXumn6I2rVFW7aB60r1CldO9RoeQGS+yi1Sn4QqHol7,10.542985,17.042292,11.945855
258000,a4VPVcO823uFKQtjpPIuVKXumn6I2rVFW7aB60r1CldO9RoeQGS+yi1Sn4QqHol7,10.634488000000001,12.670402000000001,11.543061999999999
258300,a4VPVcO823uFKQtjpPIuVKXumn6I2rVFW7aB60r1CldO9RoeQGS+yi1Sn4QqHol7,8.208477,12.617275999999999,11.308345
258600,a4VPVcO823uFKQtjpPIuVKXumn6I2rVFW7aB60r1CldO9RoeQGS+yi1Sn4QqHol7,10.217019,26.016751,14.137958
258900,a4VPVcO823uFKQtjpPIuVKXumn6I2rVFW7aB60r1CldO9RoeQGS+yi1Sn4QqHol7,10.392736,12.812896,11.421354
259200,a4VPVcO823uFKQtjpPIuVKXumn6I2rVFW7aB60r1CldO9RoeQGS+yi1Sn4QqHol7,10.355591,15.43113,11.708125
259500,a4VPVcO823uFKQtjpPIuVKXumn6I2rVFW7aB60r1CldO9RoeQGS+yi1Sn4QqHol7,10.719494000000001,12.413557,11.589132000000001
259800,a4VPVcO823uFKQtjpPIuVKXumn6I2rVFW7aB60r1CldO9RoeQGS+yi1Sn4QqHol7,10.516424,15.114782,11.780492
260100,a4VPVcO823uFKQtjpPIuVKXumn6I2rVFW7aB60r1CldO9RoeQGS+yi1Sn4QqHol7,10.555105000000001,13.081323,11.530339
260400,a4VPVcO823uFKQtjpPIuVKXumn6I2rVFW7aB60r1CldO9RoeQGS+yi1Sn4QqHol7,10.524851,14.402801,11.738697
260700,a4VPVcO823uFKQtjpPIuVKXumn6I2rVFW7aB60r1CldO9RoeQGS+yi1Sn4QqHol7,10.369621,12.842834,11.575828
261000,a4VPVcO823uFKQtjpPIuVKXumn6I2rVFW7aB60r1CldO9RoeQGS+yi1Sn4QqHol7,10.596714,13.729694,11.678441000000001
261300,a4VPVcO823uFKQtjpPIuVKXumn6I2rVFW7aB60r1CldO9RoeQGS+yi1Sn4QqHol7,6.074807,12.762352,11.093485000000001
261600,a4VPVcO823uFKQtjpPIuVKXumn6I2rVFW7aB60r1CldO9RoeQGS+yi1Sn4QqHol7,10.42198,12.8001,11.587272
261900,a4VPVcO823uFKQtjpPIuVKXumn6I2rVFW7aB60r1CldO9RoeQGS+yi1Sn4QqHol7,10.408161,12.907805,11.553339999999999
262200,a4VPVcO823uFKQtjpPIuVKXumn6I2rVFW7aB60r1CldO9RoeQGS+yi1Sn4QqHol7,10.643799000000001,15.442901999999998,12.242253999999999
262500,a4VPVcO823uFKQtjpPIuVKXumn6I2rVFW7aB60r1CldO9RoeQGS+yi1Sn4QqHol7,5.958425,12.88897,11.019110000000001
262800,a4VPVcO823uFKQtjpPIuVKXumn6I2rVFW7aB60r1CldO9RoeQGS+yi1Sn4QqHol7,10.480439,12.860854,11.514307
263100,a4VPVcO823uFKQtjpPIuVKXumn6I2rVFW7aB60r1CldO9RoeQGS+yi1Sn4QqHol7,10.471008,12.816767,11.591097
263400,a4VPVcO823uFKQtjpPIuVKXumn6I2rVFW7aB60r1CldO9RoeQGS+yi1Sn4QqHol7,10.53957,13.023588,11.506772
263700,a4VPVcO823uFKQtjpPIuVKXumn6I2rVFW7aB60r1CldO9RoeQGS+yi1Sn4QqHol7,7.4801779999999995,12.773719999999999,11.195302
264000,a4VPVcO823uFKQtjpPIuVKXumn6I2rVFW7aB60r1CldO9RoeQGS+yi1Sn4QqHol7,10.428241,14.8455,11.718833
264300,a4VPVcO823uFKQtjpPIuVKXumn6I2rVFW7aB60r1CldO9RoeQGS+yi1Sn4QqHol7,10.245308999999999,12.694167,11.536901
264600,a4VPVcO823uFKQtjpPIuVKXumn6I2rVFW7aB60r1CldO9RoeQGS+yi1Sn4QqHol7,10.391783,14.483701000000002,11.770617
264900,a4VPVcO823uFKQtjpPIuVKXumn6I2rVFW7aB60r1CldO9RoeQGS+yi1Sn4QqHol7,10.461110000000001,12.595148,11.485154
265200,a4VPVcO823uFKQtjpPIuVKXumn6I2rVFW7aB60r1CldO9RoeQGS+yi1Sn4QqHol7,10.221864,14.804654999999999,11.725824000000001
265500,a4VPVcO823uFKQtjpPIuVKXumn6I2rVFW7aB60r1CldO9RoeQGS+yi1Sn4QqHol7,10.317573,12.503036,11.45335
265800,a4VPVcO823uFKQtjpPIuVKXumn6I2rVFW7aB60r1CldO9RoeQGS+yi1Sn4QqHol7,10.616163,16.656173000000003,12.465288000000001
266100,a4VPVcO823uFKQtjpPIuVKXumn6I2rVFW7aB60r1CldO9RoeQGS+yi1Sn4QqHol7,10.205432,14.596872,11.733116
266400,a4VPVcO823uFKQtjpPIuVKXumn6I2rVFW7aB60r1CldO9RoeQGS+yi1Sn4QqHol7,5.932333,12.61405,11.000677
266700,a4VPVcO823uFKQtjpPIuVKXumn6I2rVFW7aB60r1CldO9RoeQGS+yi1Sn4QqHol7,10.502717,13.568204999999999,11.715947
267000,a4VPVcO823uFKQtjpPIuVKXumn6I2rVFW7aB60r1CldO9RoeQGS+yi1Sn4QqHol7,10.488282,12.620713,11.535435000000001
267300,a4VPVcO823uFKQtjpPIuVKXumn6I2rVFW7aB60r1CldO9RoeQGS+yi1Sn4QqHol7,6.186889,12.758453999999999,11.049891
267600,a4VPVcO823uFKQtjpPIuVKXumn6I2rVFW7aB60r1CldO9RoeQGS+yi1Sn4QqHol7,10.43549,12.917148,11.408678
267900,a4VPVcO823uFKQtjpPIuVKXumn6I2rVFW7aB60r1CldO9RoeQGS+yi1Sn4QqHol7,10.502111,12.906307,11.534837
268200,a4VPVcO823uFKQtjpPIuVKXumn6I2rVFW7aB60r1CldO9RoeQGS+yi1Sn4QqHol7,10.339458,12.902028999999999,11.50961
268500,a4VPVcO823uFKQtjpPIuVKXumn6I2rVFW7aB60r1CldO9RoeQGS+yi1Sn4QqHol7,7.023005,12.614091,11.013336
268800,a4VPVcO823uFKQtjpPIuVKXumn6I2rVFW7aB60r1CldO9RoeQGS+yi1Sn4QqHol7,10.337981,12.696011,11.500297999999999
269100,a4VPVcO823uFKQtjpPIuVKXumn6I2rVFW7aB60r1CldO9RoeQGS+yi1Sn4QqHol7,10.400563,19.426427,11.997069
269400,a4VPVcO823uFKQtjpPIuVKXumn6I2rVFW7aB60r1CldO9RoeQGS+yi1Sn4QqHol7,10.592606,13.094332000000001,11.692039999999999
269700,a4VPVcO823uFKQtjpPIuVKXumn6I2rVFW7aB60r1CldO9RoeQGS+yi1Sn4QqHol7,10.451582,15.615592000000001,12.674553999999999
270000,a4VPVcO823uFKQtjpPIuVKXumn6I2rVFW7aB60r1CldO9RoeQGS+yi1Sn4QqHol7,10.583833,12.755855,11.545862
270300,a4VPVcO823uFKQtjpPIuVKXumn6I2rVFW7aB60r1CldO9RoeQGS+yi1Sn4QqHol7,10.375805999999999,12.596945,11.489334
270600,a4VPVcO823uFKQtjpPIuVKXumn6I2rVFW7aB60r1CldO9RoeQGS+yi1Sn4QqHol7,10.418596,13.157194,11.677197
270900,a4VPVcO823uFKQtjpPIuVKXumn6I2rVFW7aB60r1CldO9RoeQGS+yi1Sn4QqHol7,10.353158,12.547467999999999,11.532187
271200,a4VPVcO823uFKQtjpPIuVKXumn6I2rVFW7aB60r1CldO9RoeQGS+yi1Sn4QqHol7,7.662565,12.605974,11.090948
271500,a4VPVcO823uFKQtjpPIuVKXumn6I2rVFW7aB60r1CldO9RoeQGS+yi1Sn4QqHol7,10.414683,12.736341,11.476844999999999
271800,a4VPVcO823uFKQtjpPIuVKXumn6I2rVFW7aB60r1CldO9RoeQGS+yi1Sn4QqHol7,10.535504,15.939603,11.902024
272100,a4VPVcO823uFKQtjpPIuVKXumn6I2rVFW7aB60r1CldO9RoeQGS+yi1Sn4QqHol7,5.843014,13.071438,11.041046000000001
272400,a4VPVcO823uFKQtjpPIuVKXumn6I2rVFW7aB60r1CldO9RoeQGS+yi1Sn4QqHol7,10.426857,12.605936,11.511744
272700,a4VPVcO823uFKQtjpPIuVKXumn6I2rVFW7aB60r1CldO9RoeQGS+yi1Sn4QqHol7,10.532084,12.917148,11.570363
273000,a4VPVcO823uFKQtjpPIuVKXumn6I2rVFW7aB60r1CldO9RoeQGS+yi1Sn4QqHol7,10.379577000000001,12.922310000000001,11.561597
273300,a4VPVcO823uFKQtjpPIuVKXumn6I2rVFW7aB60r1CldO9RoeQGS+yi1Sn4QqHol7,10.204151,14.480429999999998,11.77813
273600,a4VPVcO823uFKQtjpPIuVKXumn6I2rVFW7aB60r1CldO9RoeQGS+yi1Sn4QqHol7,10.516071,12.654396,11.493653
273900,a4VPVcO823uFKQtjpPIuVKXumn6I2rVFW7aB60r1CldO9RoeQGS+yi1Sn4QqHol7,10.591304,13.102642,11.695757
274200,a4VPVcO823uFKQtjpPIuVKXumn6I2rVFW7aB60r1CldO9RoeQGS+yi1Sn4QqHol7,10.393367,12.88499,11.543397
274500,a4VPVcO823uFKQtjpPIuVKXumn6I2rVFW7aB60r1CldO9RoeQGS+yi1Sn4QqHol7,10.557699000000001,17.590607000000002,12.0186
274800,a4VPVcO823uFKQtjpPIuVKXumn6I2rVFW7aB60r1CldO9RoeQGS+yi1Sn4QqHol7,10.333578999999999,12.78151,11.484572
275100,a4VPVcO823uFKQtjpPIuVKXumn6I2rVFW7aB60r1CldO9RoeQGS+yi1Sn4QqHol7,10.549762,12.570211,11.509226
275400,a4VPVcO823uFKQtjpPIuVKXumn6I2rVFW7aB60r1CldO9RoeQGS+yi1Sn4QqHol7,10.342666,12.943622999999999,11.426442
275700,a4VPVcO823uFKQtjpPIuVKXumn6I2rVFW7aB60r1CldO9RoeQGS+yi1Sn4QqHol7,10.401303,12.770644,11.522885
276000,a4VPVcO823uFKQtjpPIuVKXumn6I2rVFW7aB60r1CldO9RoeQGS+yi1Sn4QqHol7,5.7727129999999995,12.554344,10.91698
276300,a4VPVcO823uFKQtjpPIuVKXumn6I2rVFW7aB60r1CldO9RoeQGS+yi1Sn4QqHol7,10.444771000000001,12.777362,11.466871000000001
276600,a4VPVcO823uFKQtjpPIuVKXumn6I2rVFW7aB60r1CldO9RoeQGS+yi1Sn4QqHol7,10.237714,13.859932999999998,11.464253999999999
276900,a4VPVcO823uFKQtjpPIuVKXumn6I2rVFW7aB60r1CldO9RoeQGS+yi1Sn4QqHol7,10.382977,15.639189000000002,12.457662
277200,a4VPVcO823uFKQtjpPIuVKXumn6I2rVFW7aB60r1CldO9RoeQGS+yi1Sn4QqHol7,7.989831,13.080480999999999,11.401613000000001
277500,a4VPVcO823uFKQtjpPIuVKXumn6I2rVFW7aB60r1CldO9RoeQGS+yi1Sn4QqHol7,10.573744999999999,15.702453,11.780535
277800,a4VPVcO823uFKQtjpPIuVKXumn6I2rVFW7aB60r1CldO9RoeQGS+yi1Sn4QqHol7,10.372803,12.567032000000001,11.533224
278100,a4VPVcO823uFKQtjpPIuVKXumn6I2rVFW7aB60r1CldO9RoeQGS+yi1Sn4QqHol7,10.417327,14.940444,11.680203
278400,a4VPVcO823uFKQtjpPIuVKXumn6I2rVFW7aB60r1CldO9RoeQGS+yi1Sn4QqHol7,10.521419999999999,12.698739,11.426064
278700,a4VPVcO823uFKQtjpPIuVKXumn6I2rVFW7aB60r1CldO9RoeQGS+yi1Sn4QqHol7,8.691768,12.590816,11.281688
279000,a4VPVcO823uFKQtjpPIuVKXumn6I2rVFW7aB60r1CldO9RoeQGS+yi1Sn4QqHol7,10.432146000000001,12.719205,11.496343
279300,a4VPVcO823uFKQtjpPIuVKXumn6I2rVFW7aB60r1CldO9RoeQGS+yi1Sn4QqHol7,10.397661,13.142944,11.574987
279600,a4VPVcO823uFKQtjpPIuVKXumn6I2rVFW7aB60r1CldO9RoeQGS+yi1Sn4QqHol7,10.446833999999999,12.497653999999999,11.447942999999999
279900,a4VPVcO823uFKQtjpPIuVKXumn6I2rVFW7aB60r1CldO9RoeQGS+yi1Sn4QqHol7,8.750839,12.585907,11.303028999999999
280200,a4VPVcO823uFKQtjpPIuVKXumn6I2rVFW7aB60r1CldO9RoeQGS+yi1Sn4QqHol7,10.480805,14.867285999999998,11.743423
280500,a4VPVcO823uFKQtjpPIuVKXumn6I2rVFW7aB60r1CldO9RoeQGS+yi1Sn4QqHol7,10.162362,12.738050999999999,11.477976
280800,a4VPVcO823uFKQtjpPIuVKXumn6I2rVFW7aB60r1CldO9RoeQGS+yi1Sn4QqHol7,10.302862,16.655785,12.906754
281100,a4VPVcO823uFKQtjpPIuVKXumn6I2rVFW7aB60r1CldO9RoeQGS+yi1Sn4QqHol7,10.405407,12.824533,11.453283
281400,a4VPVcO823uFKQtjpPIuVKXumn6I2rVFW7aB60r1CldO9RoeQGS+yi1Sn4QqHol7,10.448051,12.662924,11.518923
281700,a4VPVcO823uFKQtjpPIuVKXumn6I2rVFW7aB60r1CldO9RoeQGS+yi1Sn4QqHol7,10.467655,12.493065,11.408429
282000,a4VPVcO823uFKQtjpPIuVKXumn6I2rVFW7aB60r1CldO9RoeQGS+yi1Sn4QqHol7,10.362214,14.919720000000002,11.633544
282300,a4VPVcO823uFKQtjpPIuVKXumn6I2rVFW7aB60r1CldO9RoeQGS+yi1Sn4QqHol7,10.557080000000001,12.726075999999999,11.525527
282600,a4VPVcO823uFKQtjpPIuVKXumn6I2rVFW7aB60r1CldO9RoeQGS+yi1Sn4QqHol7,8.895294999999999,12.870908,11.380502
282900,a4VPVcO823uFKQtjpPIuVKXumn6I2rVFW7aB60r1CldO9RoeQGS+yi1Sn4QqHol7,10.461131,17.092398,11.825134
283200,a4VPVcO823uFKQtjpPIuVKXumn6I2rVFW7aB60r1CldO9RoeQGS+yi1Sn4QqHol7,10.324959,12.500111,11.472197999999999
283500,a4VPVcO823uFKQtjpPIuVKXumn6I2rVFW7aB60r1CldO9RoeQGS+yi1Sn4QqHol7,6.057611,13.041481,11.05294
283800,a4VPVcO823uFKQtjpPIuVKXumn6I2rVFW7aB60r1CldO9RoeQGS+yi1Sn4QqHol7,10.509802,12.891539999999999,11.543836
284100,a4VPVcO823uFKQtjpPIuVKXumn6I2rVFW7aB60r1CldO9RoeQGS+yi1Sn4QqHol7,10.609199,12.809362,11.660611
284400,a4VPVcO823uFKQtjpPIuVKXumn6I2rVFW7aB60r1CldO9RoeQGS+yi1Sn4QqHol7,10.476005,15.834497,12.438383
284700,a4VPVcO823uFKQtjpPIuVKXumn6I2rVFW7aB60r1CldO9RoeQGS+yi1Sn4QqHol7,10.524403999999999,47.070371,16.609591
285000,a4VPVcO823uFKQtjpPIuVKXumn6I2rVFW7aB60r1CldO9RoeQGS+yi1Sn4QqHol7,10.416922999999999,13.253182,11.67627
285300,a4VPVcO823uFKQtjpPIuVKXumn6I2rVFW7aB60r1CldO9RoeQGS+yi1Sn4QqHol7,10.406668,14.936682999999999,11.754294999999999
285600,a4VPVcO823uFKQtjpPIuVKXumn6I2rVFW7aB60r1CldO9RoeQGS+yi1Sn4QqHol7,10.438348,16.074322,11.776846
285900,a4VPVcO823uFKQtjpPIuVKXumn6I2rVFW7aB60r1CldO9RoeQGS+yi1Sn4QqHol7,10.505599,13.002022,11.582467
286200,a4VPVcO823uFKQtjpPIuVKXumn6I2rVFW7aB60r1CldO9RoeQGS+yi1Sn4QqHol7,6.359874,12.770657,11.071639
286500,a4VPVcO823uFKQtjpPIuVKXumn6I2rVFW7aB60r1CldO9RoeQGS+yi1Sn4QqHol7,10.232812,12.925628,11.462852
286800,a4VPVcO823uFKQtjpPIuVKXumn6I2rVFW7aB60r1CldO9RoeQGS+yi1Sn4QqHol7,10.521268,75.26487900000001,16.464026
287100,a4VPVcO823uFKQtjpPIuVKXumn6I2rVFW7aB60r1CldO9RoeQGS+yi1Sn4QqHol7,10.541773,12.586966,11.492923
287400,a4VPVcO823uFKQtjpPIuVKXumn6I2rVFW7aB60r1CldO9RoeQGS+yi1Sn4QqHol7,5.837006,12.388515,10.918764999999999
287700,a4VPVcO823uFKQtjpPIuVKXumn6I2rVFW7aB60r1CldO9RoeQGS+yi1Sn4QqHol7,10.293077,12.314247,11.461724
288000,a4VPVcO823uFKQtjpPIuVKXumn6I2rVFW7aB60r1CldO9RoeQGS+yi1Sn4QqHol7,10.468817999999999,16.649206,12.796399000000001
288300,a4VPVcO823uFKQtjpPIuVKXumn6I2rVFW7aB60r1CldO9RoeQGS+yi1Sn4QqHol7,10.417447,13.562933,11.655987
288600,a4VPVcO823uFKQtjpPIuVKXumn6I2rVFW7aB60r1CldO9RoeQGS+yi1Sn4QqHol7,10.715218,12.414438,11.526502
288900,a4VPVcO823uFKQtjpPIuVKXumn6I2rVFW7aB60r1CldO9RoeQGS+yi1Sn4QqHol7,10.453073,14.603542000000001,11.705453
289200,a4VPVcO823uFKQtjpPIuVKXumn6I2rVFW7aB60r1CldO9RoeQGS+yi1Sn4QqHol7,10.355426,12.420983,11.400485
289500,a4VPVcO823uFKQtjpPIuVKXumn6I2rVFW7aB60r1CldO9RoeQGS+yi1Sn4QqHol7,10.449114999999999,12.575985000000001,11.457621000000001
289800,a4VPVcO823uFKQtjpPIuVKXumn6I2rVFW7aB60r1CldO9RoeQGS+yi1Sn4QqHol7,10.511682,12.99705,11.575907
290100,a4VPVcO823uFKQtjpPIuVKXumn6I2rVFW7aB60r1CldO9RoeQGS+yi1Sn4QqHol7,5.58169,12.632468,10.980441
290400,a4VPVcO823uFKQtjpPIuVKXumn6I2rVFW7aB60r1CldO9RoeQGS+yi1Sn4QqHol7,10.285919,12.749969,11.509931
290700,a4VPVcO823uFKQtjpPIuVKXumn6I2rVFW7aB60r1CldO9RoeQGS+yi1Sn4QqHol7,10.477047,13.052859,11.701652000000001
291000,a4VPVcO823uFKQtjpPIuVKXumn6I2rVFW7aB60r1CldO9RoeQGS+yi1Sn4QqHol7,7.094714999999999,12.644960000000001,11.103089
291300,a4VPVcO823uFKQtjpPIuVKXumn6I2rVFW7aB60r1CldO9RoeQGS+yi1Sn4QqHol7,10.381121,12.380279,11.358119
291600,a4VPVcO823uFKQtjpPIuVKXumn6I2rVFW7aB60r1CldO9RoeQGS+yi1Sn4QqHol7,10.524313000000001,14.568987,11.661391
291900,a4VPVcO823uFKQtjpPIuVKXumn6I2rVFW7aB60r1CldO9RoeQGS+yi1Sn4QqHol7,10.579438,15.382157999999999,12.769751
292200,a4VPVcO823uFKQtjpPIuVKXumn6I2rVFW7aB60r1CldO9RoeQGS+yi1Sn4QqHol7,10.468085,12.678296000000001,11.480242
292500,a4VPVcO823uFKQtjpPIuVKXumn6I2rVFW7aB60r1CldO9RoeQGS+yi1Sn4QqHol7,10.574581,12.876419,11.47368
292800,a4VPVcO823uFKQtjpPIuVKXumn6I2rVFW7aB60r1CldO9RoeQGS+yi1Sn4QqHol7,10.157905,13.068414,11.436751
293100,a4VPVcO823uFKQtjpPIuVKXumn6I2rVFW7aB60r1CldO9RoeQGS+yi1Sn4QqHol7,10.289627000000001,12.547036,11.429745
293400,a4VPVcO823uFKQtjpPIuVKXumn6I2rVFW7aB60r1CldO9RoeQGS+yi1Sn4QqHol7,10.454403,14.258410000000001,11.671384
293700,a4VPVcO823uFKQtjpPIuVKXumn6I2rVFW7aB60r1CldO9RoeQGS+yi1Sn4QqHol7,5.956564,12.848939,10.984923
294000,a4VPVcO823uFKQtjpPIuVKXumn6I2rVFW7aB60r1CldO9RoeQGS+yi1Sn4QqHol7,10.574209,12.750075,11.449983999999999
294300,a4VPVcO823uFKQtjpPIuVKXumn6I2rVFW7aB60r1CldO9RoeQGS+yi1Sn4QqHol7,10.394437,12.690089,11.596494999999999
294600,a4VPVcO823uFKQtjpPIuVKXumn6I2rVFW7aB60r1CldO9RoeQGS+yi1Sn4QqHol7,10.342867,12.992909,11.429674
294900,a4VPVcO823uFKQtjpPIuVKXumn6I2rVFW7aB60r1CldO9RoeQGS+yi1Sn4QqHol7,10.502112,12.919841,11.523056
295200,a4VPVcO823uFKQtjpPIuVKXumn6I2rVFW7aB60r1CldO9RoeQGS+yi1Sn4QqHol7,10.304964,12.828849,11.48405
295500,a4VPVcO823uFKQtjpPIuVKXumn6I2rVFW7aB60r1CldO9RoeQGS+yi1Sn4QqHol7,10.468074,15.228263,12.417938000000001
295800,a4VPVcO823uFKQtjpPIuVKXumn6I2rVFW7aB60r1CldO9RoeQGS+yi1Sn4QqHol7,10.413793,12.764867,11.513466000000001
296100,a4VPVcO823uFKQtjpPIuVKXumn6I2rVFW7aB60r1CldO9RoeQGS+yi1Sn4QqHol7,10.55305,15.236395000000002,11.795931
296400,a4VPVcO823uFKQtjpPIuVKXumn6I2rVFW7aB60r1CldO9RoeQGS+yi1Sn4QqHol7,10.306156,23.376338,11.963218
296700,a4VPVcO823uFKQtjpPIuVKXumn6I2rVFW7aB60r1CldO9RoeQGS+yi1Sn4QqHol7,10.360078999999999,12.528382,11.47362
297000,a4VPVcO823uFKQtjpPIuVKXumn6I2rVFW7aB60r1CldO9RoeQGS+yi1Sn4QqHol7,10.335816000000001,27.018061,12.811521
297300,a4VPVcO823uFKQtjpPIuVKXumn6I2rVFW7aB60r1CldO9RoeQGS+yi1Sn4QqHol7,10.411652,12.569607000000001,11.52938
297600,a4VPVcO823uFKQtjpPIuVKXumn6I2rVFW7aB60r1CldO9RoeQGS+yi1Sn4QqHol7,7.515339,12.900041,11.274591000000001
297900,a4VPVcO823uFKQtjpPIuVKXumn6I2rVFW7aB60r1CldO9RoeQGS+yi1Sn4QqHol7,10.421346,12.868225,11.53019
298200,a4VPVcO823uFKQtjpPIuVKXumn6I2rVFW7aB60r1CldO9RoeQGS+yi1Sn4QqHol7,10.469972,13.716757999999999,11.621587
298500,a4VPVcO823uFKQtjpPIuVKXumn6I2rVFW7aB60r1CldO9RoeQGS+yi1Sn4QqHol7,10.504522,12.708222,11.575672
298800,a4VPVcO823uFKQtjpPIuVKXumn6I2rVFW7aB60r1CldO9RoeQGS+yi1Sn4QqHol7,10.463528,14.689573000000001,11.814067
299100,a4VPVcO823uFKQtjpPIuVKXumn6I2rVFW7aB60r1CldO9RoeQGS+yi1Sn4QqHol7,10.246201,16.020561999999998,12.500691999999999
299400,a4VPVcO823uFKQtjpPIuVKXumn6I2rVFW7aB60r1CldO9RoeQGS+yi1Sn4QqHol7,10.627829,15.027520999999998,11.924517
299700,a4VPVcO823uFKQtjpPIuVKXumn6I2rVFW7aB60r1CldO9RoeQGS+yi1Sn4QqHol7,10.467419,12.962105000000001,11.707674
300000,a4VPVcO823uFKQtjpPIuVKXumn6I2rVFW7aB60r1CldO9RoeQGS+yi1Sn4QqHol7,10.463998,12.578957,11.501248
300300,a4VPVcO823uFKQtjpPIuVKXumn6I2rVFW7aB60r1CldO9RoeQGS+yi1Sn4QqHol7,9.631197,12.949812,11.320922
300600,a4VPVcO823uFKQtjpPIuVKXumn6I2rVFW7aB60r1CldO9RoeQGS+yi1Sn4QqHol7,10.230821,12.663242,11.553628
300900,a4VPVcO823uFKQtjpPIuVKXumn6I2rVFW7aB60r1CldO9RoeQGS+yi1Sn4QqHol7,10.37505,14.112148000000001,11.55538
301200,a4VPVcO823uFKQtjpPIuVKXumn6I2rVFW7aB60r1CldO9RoeQGS+yi1Sn4QqHol7,10.470747,12.778122999999999,11.562351
301500,a4VPVcO823uFKQtjpPIuVKXumn6I2rVFW7aB60r1CldO9RoeQGS+yi1Sn4QqHol7,6.174841000000001,12.802028,11.136138
301800,a4VPVcO823uFKQtjpPIuVKXumn6I2rVFW7aB60r1CldO9RoeQGS+yi1Sn4QqHol7,10.40282,12.79918,11.474366999999999
302100,a4VPVcO823uFKQtjpPIuVKXumn6I2rVFW7aB60r1CldO9RoeQGS+yi1Sn4QqHol7,10.656396,12.979901,11.677004
302400,a4VPVcO823uFKQtjpPIuVKXumn6I2rVFW7aB60r1CldO9RoeQGS+yi1Sn4QqHol7,5.983129,12.766511999999999,11.084278999999999
302700,a4VPVcO823uFKQtjpPIuVKXumn6I2rVFW7aB60r1CldO9RoeQGS+yi1Sn4QqHol7,10.351004,12.275436000000001,11.411729
303000,a4VPVcO823uFKQtjpPIuVKXumn6I2rVFW7aB60r1CldO9RoeQGS+yi1Sn4QqHol7,10.774833000000001,15.757001,13.099069
303300,a4VPVcO823uFKQtjpPIuVKXumn6I2rVFW7aB60r1CldO9RoeQGS+yi1Sn4QqHol7,10.433203,12.941505000000001,11.563676
303600,a4VPVcO823uFKQtjpPIuVKXumn6I2rVFW7aB60r1CldO9RoeQGS+yi1Sn4QqHol7,10.464466,13.783014000000001,11.717757
303900,a4VPVcO823uFKQtjpPIuVKXumn6I2rVFW7aB60r1CldO9RoeQGS+yi1Sn4QqHol7,10.391815,12.994389,11.578797
304200,a4VPVcO823uFKQtjpPIuVKXumn6I2rVFW7aB60r1CldO9RoeQGS+yi1Sn4QqHol7,10.513999,12.844180999999999,11.673898
304500,a4VPVcO823uFKQtjpPIuVKXumn6I2rVFW7aB60r1CldO9RoeQGS+yi1Sn4QqHol7,10.454113000000001,13.666425,11.665975
304800,a4VPVcO823uFKQtjpPIuVKXumn6I2rVFW7aB60r1CldO9RoeQGS+yi1Sn4QqHol7,10.543286,12.826708,11.589681
305100,a4VPVcO823uFKQtjpPIuVKXumn6I2rVFW7aB60r1CldO9RoeQGS+yi1Sn4QqHol7,6.9444360000000005,12.527542,11.165643
305400,a4VPVcO823uFKQtjpPIuVKXumn6I2rVFW7aB60r1CldO9RoeQGS+yi1Sn4QqHol7,10.452264,12.864882000000001,11.54163
305700,a4VPVcO823uFKQtjpPIuVKXumn6I2rVFW7aB60r1CldO9RoeQGS+yi1Sn4QqHol7,10.261189,13.595313,11.7193
306000,a4VPVcO823uFKQtjpPIuVKXumn6I2rVFW7aB60r1CldO9RoeQGS+yi1Sn4QqHol7,10.306526,12.780642,11.485244999999999
306300,a4VPVcO823uFKQtjpPIuVKXumn6I2rVFW7aB60r1CldO9RoeQGS+yi1Sn4QqHol7,8.300964,12.681257,11.174102
306600,a4VPVcO823uFKQtjpPIuVKXumn6I2rVFW7aB60r1CldO9RoeQGS+yi1Sn4QqHol7,10.546501,15.513817000000001,12.534331
306900,a4VPVcO823uFKQtjpPIuVKXumn6I2rVFW7aB60r1CldO9RoeQGS+yi1Sn4QqHol7,10.39949,13.291711,11.692587
307200,a4VPVcO823uFKQtjpPIuVKXumn6I2rVFW7aB60r1CldO9RoeQGS+yi1Sn4QqHol7,9.121329,12.792022,11.448833
307500,a4VPVcO823uFKQtjpPIuVKXumn6I2rVFW7aB60r1CldO9RoeQGS+yi1Sn4QqHol7,10.449735,13.192613,11.644639999999999
307800,a4VPVcO823uFKQtjpPIuVKXumn6I2rVFW7aB60r1CldO9RoeQGS+yi1Sn4QqHol7,10.342232000000001,13.704231,11.721815
308100,a4VPVcO823uFKQtjpPIuVKXumn6I2rVFW7aB60r1CldO9RoeQGS+yi1Sn4QqHol7,10.375812,12.713421,11.433904
308400,a4VPVcO823uFKQtjpPIuVKXumn6I2rVFW7aB60r1CldO9RoeQGS+yi1Sn4QqHol7,10.330214999999999,13.424601000000001,11.683277
308700,a4VPVcO823uFKQtjpPIuVKXumn6I2rVFW7aB60r1CldO9RoeQGS+yi1Sn4QqHol7,10.378559,13.283854000000002,11.592036
309000,a4VPVcO823uFKQtjpPIuVKXumn6I2rVFW7aB60r1CldO9RoeQGS+yi1Sn4QqHol7,10.370883000000001,12.752466,11.48087
309300,a4VPVcO823uFKQtjpPIuVKXumn6I2rVFW7aB60r1CldO9RoeQGS+yi1Sn4QqHol7,10.532325,12.658402,11.621673
309600,a4VPVcO823uFKQtjpPIuVKXumn6I2rVFW7aB60r1CldO9RoeQGS+yi1Sn4QqHol7,7.782539,12.499332,11.268623
309900,a4VPVcO823uFKQtjpPIuVKXumn6I2rVFW7aB60r1CldO9RoeQGS+yi1Sn4QqHol7,10.491147999999999,19.485043,12.719348
310200,a4VPVcO823uFKQtjpPIuVKXumn6I2rVFW7aB60r1CldO9RoeQGS+yi1Sn4QqHol7,10.426079,16.120525,12.111883
310500,a4VPVcO823uFKQtjpPIuVKXumn6I2rVFW7aB60r1CldO9RoeQGS+yi1Sn4QqHol7,6.169517,15.102418,11.884174
310800,a4VPVcO823uFKQtjpPIuVKXumn6I2rVFW7aB60r1CldO9RoeQGS+yi1Sn4QqHol7,10.644338000000001,12.457175999999999,11.533149
311100,a4VPVcO823uFKQtjpPIuVKXumn6I2rVFW7aB60r1CldO9RoeQGS+yi1Sn4QqHol7,10.350294,16.189345,11.768985
311400,a4VPVcO823uFKQtjpPIuVKXumn6I2rVFW7aB60r1CldO9RoeQGS+yi1Sn4QqHol7,10.307754,12.653639,11.542584
311700,a4VPVcO823uFKQtjpPIuVKXumn6I2rVFW7aB60r1CldO9RoeQGS+yi1Sn4QqHol7,10.556492,12.639175,11.463059
312000,a4VPVcO823uFKQtjpPIuVKXumn6I2rVFW7aB60r1CldO9RoeQGS+yi1Sn4QqHol7,10.486197,12.653986999999999,11.574294
312300,a4VPVcO823uFKQtjpPIuVKXumn6I2rVFW7aB60r1CldO9RoeQGS+yi1Sn4QqHol7,10.380425,12.516947,11.545715
312600,a4VPVcO823uFKQtjpPIuVKXumn6I2rVFW7aB60r1CldO9RoeQGS+yi1Sn4QqHol7,10.311091000000001,12.778283,11.562738000000001
312900,a4VPVcO823uFKQtjpPIuVKXumn6I2rVFW7aB60r1CldO9RoeQGS+yi1Sn4QqHol7,10.587935,12.717381,11.568977
313200,a4VPVcO823uFKQtjpPIuVKXumn6I2rVFW7aB60r1CldO9RoeQGS+yi1Sn4QqHol7,10.275433,13.890435,11.670065
313500,a4VPVcO823uFKQtjpPIuVKXumn6I2rVFW7aB60r1CldO9RoeQGS+yi1Sn4QqHol7,10.299726,46.424197,15.716926
313800,a4VPVcO823uFKQtjpPIuVKXumn6I2rVFW7aB60r1CldO9RoeQGS+yi1Sn4QqHol7,10.506947,12.790327,11.747530000000001
314100,a4VPVcO823uFKQtjpPIuVKXumn6I2rVFW7aB60r1CldO9RoeQGS+yi1Sn4QqHol7,10.579862,29.936128999999998,14.345395000000002
314400,a4VPVcO823uFKQtjpPIuVKXumn6I2rVFW7aB60r1CldO9RoeQGS+yi1Sn4QqHol7,7.8540410000000005,12.559637,11.229541000000001
314700,a4VPVcO823uFKQtjpPIuVKXumn6I2rVFW7aB60r1CldO9RoeQGS+yi1Sn4QqHol7,10.534858,13.336006,11.737994
315000,a4VPVcO823uFKQtjpPIuVKXumn6I2rVFW7aB60r1CldO9RoeQGS+yi1Sn4QqHol7,10.415367,12.833088,11.58737
315300,a4VPVcO823uFKQtjpPIuVKXumn6I2rVFW7aB60r1CldO9RoeQGS+yi1Sn4QqHol7,10.137946000000001,12.778592,11.455586
315600,a4VPVcO823uFKQtjpPIuVKXumn6I2rVFW7aB60r1CldO9RoeQGS+yi1Sn4QqHol7,6.5555,12.820698,11.07054
315900,a4VPVcO823uFKQtjpPIuVKXumn6I2rVFW7aB60r1CldO9RoeQGS+yi1Sn4QqHol7,10.36125,13.043111999999999,11.515353
316200,a4VPVcO823uFKQtjpPIuVKXumn6I2rVFW7aB60r1CldO9RoeQGS+yi1Sn4QqHol7,10.389595,12.736386,11.461028
316500,a4VPVcO823uFKQtjpPIuVKXumn6I2rVFW7aB60r1CldO9RoeQGS+yi1Sn4QqHol7,6.543392,12.927716,11.162252
316800,a4VPVcO823uFKQtjpPIuVKXumn6I2rVFW7aB60r1CldO9RoeQGS+yi1Sn4QqHol7,10.441637,12.607713,11.604687
317100,a4VPVcO823uFKQtjpPIuVKXumn6I2rVFW7aB60r1CldO9RoeQGS+yi1Sn4QqHol7,10.441192,13.394748000000002,11.448997
317400,a4VPVcO823uFKQtjpPIuVKXumn6I2rVFW7aB60r1CldO9RoeQGS+yi1Sn4QqHol7,10.560702000000001,12.937957,11.617272999999999
317700,a4VPVcO823uFKQtjpPIuVKXumn6I2rVFW7aB60r1CldO9RoeQGS+yi1Sn4QqHol7,10.13828,15.304862,12.163393
318000,a4VPVcO823uFKQtjpPIuVKXumn6I2rVFW7aB60r1CldO9RoeQGS+yi1Sn4QqHol7,10.412481,14.013426999999998,11.761706
318300,a4VPVcO823uFKQtjpPIuVKXumn6I2rVFW7aB60r1CldO9RoeQGS+yi1Sn4QqHol7,10.513625,13.376276,11.727855
318600,a4VPVcO823uFKQtjpPIuVKXumn6I2rVFW7aB60r1CldO9RoeQGS+yi1Sn4QqHol7,10.319569,13.634670000000002,11.653915
318900,a4VPVcO823uFKQtjpPIuVKXumn6I2rVFW7aB60r1CldO9RoeQGS+yi1Sn4QqHol7,10.107816,12.779413,11.485019
319200,a4VPVcO823uFKQtjpPIuVKXumn6I2rVFW7aB60r1CldO9RoeQGS+yi1Sn4QqHol7,10.269907,12.806271,11.533761
319500,a4VPVcO823uFKQtjpPIuVKXumn6I2rVFW7aB60r1CldO9RoeQGS+yi1Sn4QqHol7,10.412125999999999,12.746369,11.5049
319800,a4VPVcO823uFKQtjpPIuVKXumn6I2rVFW7aB60r1CldO9RoeQGS+yi1Sn4QqHol7,10.377322999999999,14.790787,11.650032000000001
320100,a4VPVcO823uFKQtjpPIuVKXumn6I2rVFW7aB60r1CldO9RoeQGS+yi1Sn4QqHol7,10.229607000000001,12.367557000000001,11.330356
320400,a4VPVcO823uFKQtjpPIuVKXumn6I2rVFW7aB60r1CldO9RoeQGS+yi1Sn4QqHol7,6.353,12.050427,10.801530999999999
320700,a4VPVcO823uFKQtjpPIuVKXumn6I2rVFW7aB60r1CldO9RoeQGS+yi1Sn4QqHol7,10.066189999999999,11.984961,11.140143
321000,a4VPVcO823uFKQtjpPIuVKXumn6I2rVFW7aB60r1CldO9RoeQGS+yi1Sn4QqHol7,10.492543,12.66506,11.368409
321300,a4VPVcO823uFKQtjpPIuVKXumn6I2rVFW7aB60r1CldO9RoeQGS+yi1Sn4QqHol7,10.308046000000001,14.259347,11.446394
321600,a4VPVcO823uFKQtjpPIuVKXumn6I2rVFW7aB60r1CldO9RoeQGS+yi1Sn4QqHol7,10.576963000000001,15.761605,12.602283
321900,a4VPVcO823uFKQtjpPIuVKXumn6I2rVFW7aB60r1CldO9RoeQGS+yi1Sn4QqHol7,10.287279,12.184403,11.212749
322200,a4VPVcO823uFKQtjpPIuVKXumn6I2rVFW7aB60r1CldO9RoeQGS+yi1Sn4QqHol7,10.309445,12.145133,11.238268
322500,a4VPVcO823uFKQtjpPIuVKXumn6I2rVFW7aB60r1CldO9RoeQGS+yi1Sn4QqHol7,10.336504,15.052319,11.438704
322800,a4VPVcO823uFKQtjpPIuVKXumn6I2rVFW7aB60r1CldO9RoeQGS+yi1Sn4QqHol7,10.457002000000001,12.670328999999999,11.359223
323100,a4VPVcO823uFKQtjpPIuVKXumn6I2rVFW7aB60r1CldO9RoeQGS+yi1Sn4QqHol7,7.299602,12.608545,11.120045
323400,a4VPVcO823uFKQtjpPIuVKXumn6I2rVFW7aB60r1CldO9RoeQGS+yi1Sn4QqHol7,10.443905,12.283692,11.147466
323700,a4VPVcO823uFKQtjpPIuVKXumn6I2rVFW7aB60r1CldO9RoeQGS+yi1Sn4QqHol7,10.350811,12.850161,11.394557
324000,a4VPVcO823uFKQtjpPIuVKXumn6I2rVFW7aB60r1CldO9RoeQGS+yi1Sn4QqHol7,10.621862,13.166329000000001,11.585941
324300,a4VPVcO823uFKQtjpPIuVKXumn6I2rVFW7aB60r1CldO9RoeQGS+yi1Sn4QqHol7,10.362223,12.571223,11.466759
324600,a4VPVcO823uFKQtjpPIuVKXumn6I2rVFW7aB60r1CldO9RoeQGS+yi1Sn4QqHol7,7.330203999999999,12.400455000000001,11.153114
324900,a4VPVcO823uFKQtjpPIuVKXumn6I2rVFW7aB60r1CldO9RoeQGS+yi1Sn4QqHol7,10.482991,12.659725,11.515255
325200,a4VPVcO823uFKQtjpPIuVKXumn6I2rVFW7aB60r1CldO9RoeQGS+yi1Sn4QqHol7,10.685711,15.680616,12.711594
325500,a4VPVcO823uFKQtjpPIuVKXumn6I2rVFW7aB60r1CldO9RoeQGS+yi1Sn4QqHol7,10.610531,14.567760999999999,12.081508
325800,a4VPVcO823uFKQtjpPIuVKXumn6I2rVFW7aB60r1CldO9RoeQGS+yi1Sn4QqHol7,10.480450999999999,28.062229,12.683545
326100,a4VPVcO823uFKQtjpPIuVKXumn6I2rVFW7aB60r1CldO9RoeQGS+yi1Sn4QqHol7,10.285687,12.598486999999999,11.350493
326400,a4VPVcO823uFKQtjpPIuVKXumn6I2rVFW7aB60r1CldO9RoeQGS+yi1Sn4QqHol7,10.433494,27.085401,12.864576
326700,a4VPVcO823uFKQtjpPIuVKXumn6I2rVFW7aB60r1CldO9RoeQGS+yi1Sn4QqHol7,10.460236,14.283714000000002,11.588788000000001
327000,a4VPVcO823uFKQtjpPIuVKXumn6I2rVFW7aB60r1CldO9RoeQGS+yi1Sn4QqHol7,10.532882,12.421465,11.419485
327300,a4VPVcO823uFKQtjpPIuVKXumn6I2rVFW7aB60r1CldO9RoeQGS+yi1Sn4QqHol7,6.138538,13.390485,11.120471
327600,a4VPVcO823uFKQtjpPIuVKXumn6I2rVFW7aB60r1CldO9RoeQGS+yi1Sn4QqHol7,10.509167,12.637145,11.598504
327900,a4VPVcO823uFKQtjpPIuVKXumn6I2rVFW7aB60r1CldO9RoeQGS+yi1Sn4QqHol7,10.526352000000001,13.795457999999998,11.485273
328200,a4VPVcO823uFKQtjpPIuVKXumn6I2rVFW7aB60r1CldO9RoeQGS+yi1Sn4QqHol7,10.253335,12.460955,11.432493
328500,a4VPVcO823uFKQtjpPIuVKXumn6I2rVFW7aB60r1CldO9RoeQGS+yi1Sn4QqHol7,9.611834,12.720676,11.479732
328800,a4VPVcO823uFKQtjpPIuVKXumn6I2rVFW7aB60r1CldO9RoeQGS+yi1Sn4QqHol7,10.390601,12.518169,11.426108000000001
329100,a4VPVcO823uFKQtjpPIuVKXumn6I2rVFW7aB60r1CldO9RoeQGS+yi1Sn4QqHol7,10.370042,15.893292,12.735227
329400,a4VPVcO823uFKQtjpPIuVKXumn6I2rVFW7aB60r1CldO9RoeQGS+yi1Sn4QqHol7,10.503781,12.739053,11.590257000000001
329700,a4VPVcO823uFKQtjpPIuVKXumn6I2rVFW7aB60r1CldO9RoeQGS+yi1Sn4QqHol7,10.401267,12.476279,11.424847
330000,a4VPVcO823uFKQtjpPIuVKXumn6I2rVFW7aB60r1CldO9RoeQGS+yi1Sn4QqHol7,10.517593,13.570483,11.659127999999999
330300,a4VPVcO823uFKQtjpPIuVKXumn6I2rVFW7aB60r1CldO9RoeQGS+yi1Sn4QqHol7,10.41958,12.948537,11.548119
330600,a4VPVcO823uFKQtjpPIuVKXumn6I2rVFW7aB60r1CldO9RoeQGS+yi1Sn4QqHol7,10.533662,12.531829,11.505203999999999
330900,a4VPVcO823uFKQtjpPIuVKXumn6I2rVFW7aB60r1CldO9RoeQGS+yi1Sn4QqHol7,10.661796,12.754624,11.667144
331200,a4VPVcO823uFKQtjpPIuVKXumn6I2rVFW7aB60r1CldO9RoeQGS+yi1Sn4QqHol7,10.572873,13.452607999999998,11.682856
331500,a4VPVcO823uFKQtjpPIuVKXumn6I2rVFW7aB60r1CldO9RoeQGS+yi1Sn4QqHol7,10.425187,14.17964,11.601663
331800,a4VPVcO823uFKQtjpPIuVKXumn6I2rVFW7aB60r1CldO9RoeQGS+yi1Sn4QqHol7,10.576433,12.716627,11.597077
332100,a4VPVcO823uFKQtjpPIuVKXumn6I2rVFW7aB60r1CldO9RoeQGS+yi1Sn4QqHol7,10.253288000000001,15.072235999999998,11.713828999999999
332400,a4VPVcO823uFKQtjpPIuVKXumn6I2rVFW7aB60r1CldO9RoeQGS+yi1Sn4QqHol7,10.296488,12.556147,11.462978999999999
332700,a4VPVcO823uFKQtjpPIuVKXumn6I2rVFW7aB60r1CldO9RoeQGS+yi1Sn4QqHol7,9.163719,15.223265,12.379674000000001
333000,a4VPVcO823uFKQtjpPIuVKXumn6I2rVFW7aB60r1CldO9RoeQGS+yi1Sn4QqHol7,10.291694,12.744705999999999,11.533246
333300,a4VPVcO823uFKQtjpPIuVKXumn6I2rVFW7aB60r1CldO9RoeQGS+yi1Sn4QqHol7,10.417635,14.275309,11.672775999999999
333600,a4VPVcO823uFKQtjpPIuVKXumn6I2rVFW7aB60r1CldO9RoeQGS+yi1Sn4QqHol7,10.622456,12.576135,11.531626
333900,a4VPVcO823uFKQtjpPIuVKXumn6I2rVFW7aB60r1CldO9RoeQGS+yi1Sn4QqHol7,10.415997,14.101629,11.668523
334200,a4VPVcO823uFKQtjpPIuVKXumn6I2rVFW7aB60r1CldO9RoeQGS+yi1Sn4QqHol7,10.410919,12.793652999999999,11.507283000000001
334500,a4VPVcO823uFKQtjpPIuVKXumn6I2rVFW7aB60r1CldO9RoeQGS+yi1Sn4QqHol7,8.855841,13.016136999999999,11.376721
334800,a4VPVcO823uFKQtjpPIuVKXumn6I2rVFW7aB60r1CldO9RoeQGS+yi1Sn4QqHol7,10.294934,12.907866,11.557011
335100,a4VPVcO823uFKQtjpPIuVKXumn6I2rVFW7aB60r1CldO9RoeQGS+yi1Sn4QqHol7,10.296081,12.716918,11.453318
335400,a4VPVcO823uFKQtjpPIuVKXumn6I2rVFW7aB60r1CldO9RoeQGS+yi1Sn4QqHol7,6.205824,12.980514,11.238234
335700,a4VPVcO823uFKQtjpPIuVKXumn6I2rVFW7aB60r1CldO9RoeQGS+yi1Sn4QqHol7,10.487848,12.602338,11.536808
336000,a4VPVcO823uFKQtjpPIuVKXumn6I2rVFW7aB60r1CldO9RoeQGS+yi1Sn4QqHol7,10.428051,15.056516,11.74217
336300,a4VPVcO823uFKQtjpPIuVKXumn6I2rVFW7aB60r1CldO9RoeQGS+yi1Sn4QqHol7,10.33031,13.498992999999999,11.664421
336600,a4VPVcO823uFKQtjpPIuVKXumn6I2rVFW7aB60r1CldO9RoeQGS+yi1Sn4QqHol7,10.548792,17.377155,13.137019
336900,a4VPVcO823uFKQtjpPIuVKXumn6I2rVFW7aB60r1CldO9RoeQGS+yi1Sn4QqHol7,10.545596000000002,12.481243,11.421145
337200,a4VPVcO823uFKQtjpPIuVKXumn6I2rVFW7aB60r1CldO9RoeQGS+yi1Sn4QqHol7,7.181706,12.801848,11.083615
337500,a4VPVcO823uFKQtjpPIuVKXumn6I2rVFW7aB60r1CldO9RoeQGS+yi1Sn4QqHol7,10.287606,13.791645,11.559186
337800,a4VPVcO823uFKQtjpPIuVKXumn6I2rVFW7aB60r1CldO9RoeQGS+yi1Sn4QqHol7,10.279798,12.605332,11.474385
338100,a4VPVcO823uFKQtjpPIuVKXumn6I2rVFW7aB60r1CldO9RoeQGS+yi1Sn4QqHol7,6.629658,12.890589,11.175491000000001
338400,a4VPVcO823uFKQtjpPIuVKXumn6I2rVFW7aB60r1CldO9RoeQGS+yi1Sn4QqHol7,10.427083,13.340807999999999,11.597953
338700,a4VPVcO823uFKQtjpPIuVKXumn6I2rVFW7aB60r1CldO9RoeQGS+yi1Sn4QqHol7,10.602611999999999,12.642603999999999,11.581099
339000,a4VPVcO823uFKQtjpPIuVKXumn6I2rVFW7aB60r1CldO9RoeQGS+yi1Sn4QqHol7,10.166991000000001,12.764397,11.548718
339300,a4VPVcO823uFKQtjpPIuVKXumn6I2rVFW7aB60r1CldO9RoeQGS+yi1Sn4QqHol7,10.297382,16.099909,11.799561
339600,a4VPVcO823uFKQtjpPIuVKXumn6I2rVFW7aB60r1CldO9RoeQGS+yi1Sn4QqHol7,10.397471000000001,12.622976,11.444124
339900,a4VPVcO823uFKQtjpPIuVKXumn6I2rVFW7aB60r1CldO9RoeQGS+yi1Sn4QqHol7,10.508535,18.314506,11.983063000000001
340200,a4VPVcO823uFKQtjpPIuVKXumn6I2rVFW7aB60r1CldO9RoeQGS+yi1Sn4QqHol7,10.95283,16.260939999999998,12.770547
340500,a4VPVcO823uFKQtjpPIuVKXumn6I2rVFW7aB60r1CldO9RoeQGS+yi1Sn4QqHol7,10.41127,12.752216,11.554194
340800,a4VPVcO823uFKQtjpPIuVKXumn6I2rVFW7aB60r1CldO9RoeQGS+yi1Sn4QqHol7,10.235600999999999,12.849227,11.60217
341100,a4VPVcO823uFKQtjpPIuVKXumn6I2rVFW7aB60r1CldO9RoeQGS+yi1Sn4QqHol7,10.454787,12.756886,11.606067
341400,a4VPVcO823uFKQtjpPIuVKXumn6I2rVFW7aB60r1CldO9RoeQGS+yi1Sn4QqHol7,10.496131,15.124823000000001,11.849891
341700,a4VPVcO823uFKQtjpPIuVKXumn6I2rVFW7aB60r1CldO9RoeQGS+yi1Sn4QqHol7,10.34867,12.742861999999999,11.603684
342000,a4VPVcO823uFKQtjpPIuVKXumn6I2rVFW7aB60r1CldO9RoeQGS+yi1Sn4QqHol7,7.891903,13.089942,11.360650999999999
342300,a4VPVcO823uFKQtjpPIuVKXumn6I2rVFW7aB60r1CldO9RoeQGS+yi1Sn4QqHol7,10.592091,38.613402,15.804274
342600,a4VPVcO823uFKQtjpPIuVKXumn6I2rVFW7aB60r1CldO9RoeQGS+yi1Sn4QqHol7,10.576582,16.373271,12.051202
342900,a4VPVcO823uFKQtjpPIuVKXumn6I2rVFW7aB60r1CldO9RoeQGS+yi1Sn4QqHol7,5.758363,12.811525,11.111411
343200,a4VPVcO823uFKQtjpPIuVKXumn6I2rVFW7aB60r1CldO9RoeQGS+yi1Sn4QqHol7,10.3597,12.499908,11.570089
343500,a4VPVcO823uFKQtjpPIuVKXumn6I2rVFW7aB60r1CldO9RoeQGS+yi1Sn4QqHol7,10.574671,12.996395,11.767228
343800,a4VPVcO823uFKQtjpPIuVKXumn6I2rVFW7aB60r1CldO9RoeQGS+yi1Sn4QqHol7,10.302458999999999,32.854596,13.744251
344100,a4VPVcO823uFKQtjpPIuVKXumn6I2rVFW7aB60r1CldO9RoeQGS+yi1Sn4QqHol7,7.603267999999999,12.50106,11.140463
344400,a4VPVcO823uFKQtjpPIuVKXumn6I2rVFW7aB60r1CldO9RoeQGS+yi1Sn4QqHol7,10.450621,12.668235000000001,11.526433
344700,a4VPVcO823uFKQtjpPIuVKXumn6I2rVFW7aB60r1CldO9RoeQGS+yi1Sn4QqHol7,10.296401,13.470981,11.682512
345000,a4VPVcO823uFKQtjpPIuVKXumn6I2rVFW7aB60r1CldO9RoeQGS+yi1Sn4QqHol7,10.3584,12.50405,11.473971
345300,a4VPVcO823uFKQtjpPIuVKXumn6I2rVFW7aB60r1CldO9RoeQGS+yi1Sn4QqHol7,10.367028,12.946316,11.565561
345600,a4VPVcO823uFKQtjpPIuVKXumn6I2rVFW7aB60r1CldO9RoeQGS+yi1Sn4QqHol7,10.520871000000001,13.743801999999999,11.709157000000001
345900,a4VPVcO823uFKQtjpPIuVKXumn6I2rVFW7aB60r1CldO9RoeQGS+yi1Sn4QqHol7,10.490696,12.23203,11.405896
346200,a4VPVcO823uFKQtjpPIuVKXumn6I2rVFW7aB60r1CldO9RoeQGS+yi1Sn4QqHol7,10.792110000000001,13.477576000000001,11.860344
346500,a4VPVcO823uFKQtjpPIuVKXumn6I2rVFW7aB60r1CldO9RoeQGS+yi1Sn4QqHol7,10.569842,12.554805,11.604922
346800,a4VPVcO823uFKQtjpPIuVKXumn6I2rVFW7aB60r1CldO9RoeQGS+yi1Sn4QqHol7,10.640332,12.715110000000001,11.528871
347100,a4VPVcO823uFKQtjpPIuVKXumn6I2rVFW7aB60r1CldO9RoeQGS+yi1Sn4QqHol7,10.500739999999999,12.557412,11.562288
347400,a4VPVcO823uFKQtjpPIuVKXumn6I2rVFW7aB60r1CldO9RoeQGS+yi1Sn4QqHol7,10.590944,13.84779,11.693242999999999
347700,a4VPVcO823uFKQtjpPIuVKXumn6I2rVFW7aB60r1CldO9RoeQGS+yi1Sn4QqHol7,10.437834,15.463323,12.09915
348000,a4VPVcO823uFKQtjpPIuVKXumn6I2rVFW7aB60r1CldO9RoeQGS+yi1Sn4QqHol7,10.19315,12.490453,11.577954
348300,a4VPVcO823uFKQtjpPIuVKXumn6I2rVFW7aB60r1CldO9RoeQGS+yi1Sn4QqHol7,10.684417999999999,13.102763000000001,11.682697000000001
348600,a4VPVcO823uFKQtjpPIuVKXumn6I2rVFW7aB60r1CldO9RoeQGS+yi1Sn4QqHol7,10.701198,12.525065,11.51879
348900,a4VPVcO823uFKQtjpPIuVKXumn6I2rVFW7aB60r1CldO9RoeQGS+yi1Sn4QqHol7,5.866205,12.977279,11.165333
349200,a4VPVcO823uFKQtjpPIuVKXumn6I2rVFW7aB60r1CldO9RoeQGS+yi1Sn4QqHol7,10.56134,12.938325,11.660498
349500,a4VPVcO823uFKQtjpPIuVKXumn6I2rVFW7aB60r1CldO9RoeQGS+yi1Sn4QqHol7,10.673592,13.276531,11.600753
349800,a4VPVcO823uFKQtjpPIuVKXumn6I2rVFW7aB60r1CldO9RoeQGS+yi1Sn4QqHol7,10.655269,12.844676,11.675381
350100,a4VPVcO823uFKQtjpPIuVKXumn6I2rVFW7aB60r1CldO9RoeQGS+yi1Sn4QqHol7,6.522018,13.269159,11.151067
350400,a4VPVcO823uFKQtjpPIuVKXumn6I2rVFW7aB60r1CldO9RoeQGS+yi1Sn4QqHol7,10.588861999999999,12.602367,11.576152
350700,a4VPVcO823uFKQtjpPIuVKXumn6I2rVFW7aB60r1CldO9RoeQGS+yi1Sn4QqHol7,10.639510000000001,12.664280999999999,11.685951
351000,a4VPVcO823uFKQtjpPIuVKXumn6I2rVFW7aB60r1CldO9RoeQGS+yi1Sn4QqHol7,8.080304,12.752171,11.322794
351300,a4VPVcO823uFKQtjpPIuVKXumn6I2rVFW7aB60r1CldO9RoeQGS+yi1Sn4QqHol7,10.459971000000001,16.382541,12.309877
351600,a4VPVcO823uFKQtjpPIuVKXumn6I2rVFW7aB60r1CldO9RoeQGS+yi1Sn4QqHol7,10.576894,14.459495,11.768775999999999
351900,a4VPVcO823uFKQtjpPIuVKXumn6I2rVFW7aB60r1CldO9RoeQGS+yi1Sn4QqHol7,10.541594,13.142567000000001,11.617075999999999
352200,a4VPVcO823uFKQtjpPIuVKXumn6I2rVFW7aB60r1CldO9RoeQGS+yi1Sn4QqHol7,10.523081,14.144305,11.667578
352500,a4VPVcO823uFKQtjpPIuVKXumn6I2rVFW7aB60r1CldO9RoeQGS+yi1Sn4QqHol7,10.515164,12.922985,11.593561
352800,a4VPVcO823uFKQtjpPIuVKXumn6I2rVFW7aB60r1CldO9RoeQGS+yi1Sn4QqHol7,10.603553999999999,13.425471,11.7389
353100,a4VPVcO823uFKQtjpPIuVKXumn6I2rVFW7aB60r1CldO9RoeQGS+yi1Sn4QqHol7,10.416260000000001,12.443121000000001,11.534453
353400,a4VPVcO823uFKQtjpPIuVKXumn6I2rVFW7aB60r1CldO9RoeQGS+yi1Sn4QqHol7,10.590369,13.064282,11.591834
353700,a4VPVcO823uFKQtjpPIuVKXumn6I2rVFW7aB60r1CldO9RoeQGS+yi1Sn4QqHol7,10.388517,12.836652,11.491937
354000,a4VPVcO823uFKQtjpPIuVKXumn6I2rVFW7aB60r1CldO9RoeQGS+yi1Sn4QqHol7,10.457154,12.537573,11.582208
354300,a4VPVcO823uFKQtjpPIuVKXumn6I2rVFW7aB60r1CldO9RoeQGS+yi1Sn4QqHol7,10.415432000000001,16.779605,12.018881
354600,a4VPVcO823uFKQtjpPIuVKXumn6I2rVFW7aB60r1CldO9RoeQGS+yi1Sn4QqHol7,10.430553999999999,12.797704,11.598277000000001
354900,a4VPVcO823uFKQtjpPIuVKXumn6I2rVFW7aB60r1CldO9RoeQGS+yi1Sn4QqHol7,7.951574000000001,13.565242000000001,11.756983
355200,a4VPVcO823uFKQtjpPIuVKXumn6I2rVFW7aB60r1CldO9RoeQGS+yi1Sn4QqHol7,10.622237,12.911303,11.715666
355500,a4VPVcO823uFKQtjpPIuVKXumn6I2rVFW7aB60r1CldO9RoeQGS+yi1Sn4QqHol7,10.369766,13.333689999999999,11.682265
355800,a4VPVcO823uFKQtjpPIuVKXumn6I2rVFW7aB60r1CldO9RoeQGS+yi1Sn4QqHol7,10.352124,12.732809,11.553285
356100,a4VPVcO823uFKQtjpPIuVKXumn6I2rVFW7aB60r1CldO9RoeQGS+yi1Sn4QqHol7,6.260061,12.813356,11.209515
356400,a4VPVcO823uFKQtjpPIuVKXumn6I2rVFW7aB60r1CldO9RoeQGS+yi1Sn4QqHol7,10.462473,12.682822999999999,11.572014999999999
356700,a4VPVcO823uFKQtjpPIuVKXumn6I2rVFW7aB60r1CldO9RoeQGS+yi1Sn4QqHol7,10.420872,12.641432,11.584709
357000,a4VPVcO823uFKQtjpPIuVKXumn6I2rVFW7aB60r1CldO9RoeQGS+yi1Sn4QqHol7,8.573786,12.723419,11.446646000000001
357300,a4VPVcO823uFKQtjpPIuVKXumn6I2rVFW7aB60r1CldO9RoeQGS+yi1Sn4QqHol7,10.350694,13.286848999999998,11.604185000000001
357600,a4VPVcO823uFKQtjpPIuVKXumn6I2rVFW7aB60r1CldO9RoeQGS+yi1Sn4QqHol7,10.381687,14.244638,11.791037
357900,a4VPVcO823uFKQtjpPIuVKXumn6I2rVFW7aB60r1CldO9RoeQGS+yi1Sn4QqHol7,10.401214,13.004424,11.610347
358200,a4VPVcO823uFKQtjpPIuVKXumn6I2rVFW7aB60r1CldO9RoeQGS+yi1Sn4QqHol7,10.51185,16.114147,11.953659
358500,a4VPVcO823uFKQtjpPIuVKXumn6I2rVFW7aB60r1CldO9RoeQGS+yi1Sn4QqHol7,10.58962,17.393763,12.325617999999999
358800,a4VPVcO823uFKQtjpPIuVKXumn6I2rVFW7aB60r1CldO9RoeQGS+yi1Sn4QqHol7,7.4287410000000005,12.733473,11.397018
359100,a4VPVcO823uFKQtjpPIuVKXumn6I2rVFW7aB60r1CldO9RoeQGS+yi1Sn4QqHol7,10.430146,13.466954999999999,11.737575
359400,a4VPVcO823uFKQtjpPIuVKXumn6I2rVFW7aB60r1CldO9RoeQGS+yi1Sn4QqHol7,10.594717999999999,12.390022,11.518874
359700,a4VPVcO823uFKQtjpPIuVKXumn6I2rVFW7aB60r1CldO9RoeQGS+yi1Sn4QqHol7,8.714019,12.829033,11.428258
360000,a4VPVcO823uFKQtjpPIuVKXumn6I2rVFW7aB60r1CldO9RoeQGS+yi1Sn4QqHol7,10.20572,12.379883999999999,11.459007000000001
360300,a4VPVcO823uFKQtjpPIuVKXumn6I2rVFW7aB60r1CldO9RoeQGS+yi1Sn4QqHol7,10.391963,13.371066,11.692324000000001
360600,a4VPVcO823uFKQtjpPIuVKXumn6I2rVFW7aB60r1CldO9RoeQGS+yi1Sn4QqHol7,10.556074,12.811498,11.515903999999999
360900,a4VPVcO823uFKQtjpPIuVKXumn6I2rVFW7aB60r1CldO9RoeQGS+yi1Sn4QqHol7,10.465177,13.434479000000001,11.623199000000001
361200,a4VPVcO823uFKQtjpPIuVKXumn6I2rVFW7aB60r1CldO9RoeQGS+yi1Sn4QqHol7,10.623109,12.398339,11.452328
361500,a4VPVcO823uFKQtjpPIuVKXumn6I2rVFW7aB60r1CldO9RoeQGS+yi1Sn4QqHol7,10.569647,12.983322,11.56978
361800,a4VPVcO823uFKQtjpPIuVKXumn6I2rVFW7aB60r1CldO9RoeQGS+yi1Sn4QqHol7,10.391629,14.477366,11.493402
362100,a4VPVcO823uFKQtjpPIuVKXumn6I2rVFW7aB60r1CldO9RoeQGS+yi1Sn4QqHol7,10.523485,16.287701000000002,12.07371
362400,a4VPVcO823uFKQtjpPIuVKXumn6I2rVFW7aB60r1CldO9RoeQGS+yi1Sn4QqHol7,10.436489,12.403041,11.388157000000001
362700,a4VPVcO823uFKQtjpPIuVKXumn6I2rVFW7aB60r1CldO9RoeQGS+yi1Sn4QqHol7,10.472391,12.493708,11.344536
363000,a4VPVcO823uFKQtjpPIuVKXumn6I2rVFW7aB60r1CldO9RoeQGS+yi1Sn4QqHol7,10.380455,17.271798999999998,11.885686
363300,a4VPVcO823uFKQtjpPIuVKXumn6I2rVFW7aB60r1CldO9RoeQGS+yi1Sn4QqHol7,10.463575,12.354041,11.4015
363600,a4VPVcO823uFKQtjpPIuVKXumn6I2rVFW7aB60r1CldO9RoeQGS+yi1Sn4QqHol7,10.588111,14.023299,11.664464
363900,a4VPVcO823uFKQtjpPIuVKXumn6I2rVFW7aB60r1CldO9RoeQGS+yi1Sn4QqHol7,10.490548,12.438102,11.4492
364200,a4VPVcO823uFKQtjpPIuVKXumn6I2rVFW7aB60r1CldO9RoeQGS+yi1Sn4QqHol7,8.459024000000001,12.466905,11.265796
364500,a4VPVcO823uFKQtjpPIuVKXumn6I2rVFW7aB60r1CldO9RoeQGS+yi1Sn4QqHol7,10.607849,14.597176000000001,11.625150999999999
364800,a4VPVcO823uFKQtjpPIuVKXumn6I2rVFW7aB60r1CldO9RoeQGS+yi1Sn4QqHol7,10.389222,12.36009,11.380139999999999
365100,a4VPVcO823uFKQtjpPIuVKXumn6I2rVFW7aB60r1CldO9RoeQGS+yi1Sn4QqHol7,10.175633,16.284191,11.761814
365400,a4VPVcO823uFKQtjpPIuVKXumn6I2rVFW7aB60r1CldO9RoeQGS+yi1Sn4QqHol7,10.635852,12.557858,11.477445
365700,a4VPVcO823uFKQtjpPIuVKXumn6I2rVFW7aB60r1CldO9RoeQGS+yi1Sn4QqHol7,9.799547,12.646180000000001,11.356888
366000,a4VPVcO823uFKQtjpPIuVKXumn6I2rVFW7aB60r1CldO9RoeQGS+yi1Sn4QqHol7,10.585658,15.858543,12.08646
366300,a4VPVcO823uFKQtjpPIuVKXumn6I2rVFW7aB60r1CldO9RoeQGS+yi1Sn4QqHol7,10.490634,14.461815,11.501282000000002
366600,a4VPVcO823uFKQtjpPIuVKXumn6I2rVFW7aB60r1CldO9RoeQGS+yi1Sn4QqHol7,10.566217,12.394444,11.350562
366900,a4VPVcO823uFKQtjpPIuVKXumn6I2rVFW7aB60r1CldO9RoeQGS+yi1Sn4QqHol7,5.418564,12.638819,10.952743
367200,a4VPVcO823uFKQtjpPIuVKXumn6I2rVFW7aB60r1CldO9RoeQGS+yi1Sn4QqHol7,10.555769999999999,15.600608,11.744833999999999
367500,a4VPVcO823uFKQtjpPIuVKXumn6I2rVFW7aB60r1CldO9RoeQGS+yi1Sn4QqHol7,10.476628,12.247314,11.312973
367800,a4VPVcO823uFKQtjpPIuVKXumn6I2rVFW7aB60r1CldO9RoeQGS+yi1Sn4QqHol7,10.667556,15.272302999999999,11.643243
368100,a4VPVcO823uFKQtjpPIuVKXumn6I2rVFW7aB60r1CldO9RoeQGS+yi1Sn4QqHol7,10.372502,12.384294,11.358599
368400,a4VPVcO823uFKQtjpPIuVKXumn6I2rVFW7aB60r1CldO9RoeQGS+yi1Sn4QqHol7,10.566811999999999,12.630929,11.445426
368700,a4VPVcO823uFKQtjpPIuVKXumn6I2rVFW7aB60r1CldO9RoeQGS+yi1Sn4QqHol7,10.672301,12.503563,11.508697
369000,a4VPVcO823uFKQtjpPIuVKXumn6I2rVFW7aB60r1CldO9RoeQGS+yi1Sn4QqHol7,6.729151,12.294506,10.890956
369300,a4VPVcO823uFKQtjpPIuVKXumn6I2rVFW7aB60r1CldO9RoeQGS+yi1Sn4QqHol7,10.383450999999999,12.234722,11.338348
369600,a4VPVcO823uFKQtjpPIuVKXumn6I2rVFW7aB60r1CldO9RoeQGS+yi1Sn4QqHol7,10.493411,18.569654,12.700137
369900,a4VPVcO823uFKQtjpPIuVKXumn6I2rVFW7aB60r1CldO9RoeQGS+yi1Sn4QqHol7,10.455138,12.598863,11.355773
370200,a4VPVcO823uFKQtjpPIuVKXumn6I2rVFW7aB60r1CldO9RoeQGS+yi1Sn4QqHol7,10.583755,12.546747,11.450965
370500,a4VPVcO823uFKQtjpPIuVKXumn6I2rVFW7aB60r1CldO9RoeQGS+yi1Sn4QqHol7,6.820403999999999,12.408872,11.107395
370800,a4VPVcO823uFKQtjpPIuVKXumn6I2rVFW7aB60r1CldO9RoeQGS+yi1Sn4QqHol7,10.497222,12.52956,11.46878
371100,a4VPVcO823uFKQtjpPIuVKXumn6I2rVFW7aB60r1CldO9RoeQGS+yi1Sn4QqHol7,10.512727,41.227877,16.063922
371400,a4VPVcO823uFKQtjpPIuVKXumn6I2rVFW7aB60r1CldO9RoeQGS+yi1Sn4QqHol7,10.715353,12.604825,11.550352
371700,a4VPVcO823uFKQtjpPIuVKXumn6I2rVFW7aB60r1CldO9RoeQGS+yi1Sn4QqHol7,10.34755,14.138260999999998,11.505659
372000,a4VPVcO823uFKQtjpPIuVKXumn6I2rVFW7aB60r1CldO9RoeQGS+yi1Sn4QqHol7,10.706042,12.668600999999999,11.518607000000001
372300,a4VPVcO823uFKQtjpPIuVKXumn6I2rVFW7aB60r1CldO9RoeQGS+yi1Sn4QqHol7,10.335148,13.067537,11.548324000000001
372600,a4VPVcO823uFKQtjpPIuVKXumn6I2rVFW7aB60r1CldO9RoeQGS+yi1Sn4QqHol7,10.530838000000001,13.252795,11.480421
372900,a4VPVcO823uFKQtjpPIuVKXumn6I2rVFW7aB60r1CldO9RoeQGS+yi1Sn4QqHol7,10.599296,12.723764,11.339025
373200,a4VPVcO823uFKQtjpPIuVKXumn6I2rVFW7aB60r1CldO9RoeQGS+yi1Sn4QqHol7,8.015245,26.419431,13.623031
373500,a4VPVcO823uFKQtjpPIuVKXumn6I2rVFW7aB60r1CldO9RoeQGS+yi1Sn4QqHol7,10.490508,12.469077,11.406377
373800,a4VPVcO823uFKQtjpPIuVKXumn6I2rVFW7aB60r1CldO9RoeQGS+yi1Sn4QqHol7,10.482711,12.770342999999999,11.470460000000001
374100,a4VPVcO823uFKQtjpPIuVKXumn6I2rVFW7aB60r1CldO9RoeQGS+yi1Sn4QqHol7,10.557088,12.747309,11.408307
374400,a4VPVcO823uFKQtjpPIuVKXumn6I2rVFW7aB60r1CldO9RoeQGS+yi1Sn4QqHol7,10.373288,12.712152,11.486277000000001
374700,a4VPVcO823uFKQtjpPIuVKXumn6I2rVFW7aB60r1CldO9RoeQGS+yi1Sn4QqHol7,10.393189999999999,12.396186,11.317561999999999
375000,a4VPVcO823uFKQtjpPIuVKXumn6I2rVFW7aB60r1CldO9RoeQGS+yi1Sn4QqHol7,6.7049330000000005,12.562077,11.065318
375300,a4VPVcO823uFKQtjpPIuVKXumn6I2rVFW7aB60r1CldO9RoeQGS+yi1Sn4QqHol7,10.401945,13.840478,11.618045
375600,a4VPVcO823uFKQtjpPIuVKXumn6I2rVFW7aB60r1CldO9RoeQGS+yi1Sn4QqHol7,10.089091999999999,12.347476,11.317692
375900,a4VPVcO823uFKQtjpPIuVKXumn6I2rVFW7aB60r1CldO9RoeQGS+yi1Sn4QqHol7,10.236769,15.128044000000001,11.668626
376200,a4VPVcO823uFKQtjpPIuVKXumn6I2rVFW7aB60r1CldO9RoeQGS+yi1Sn4QqHol7,10.234198,12.570282,11.401669
376500,a4VPVcO823uFKQtjpPIuVKXumn6I2rVFW7aB60r1CldO9RoeQGS+yi1Sn4QqHol7,8.874666,12.257525999999999,11.152575
376800,a4VPVcO823uFKQtjpPIuVKXumn6I2rVFW7aB60r1CldO9RoeQGS+yi1Sn4QqHol7,10.401471,15.172219,12.188781
377100,a4VPVcO823uFKQtjpPIuVKXumn6I2rVFW7aB60r1CldO9RoeQGS+yi1Sn4QqHol7,10.424088000000001,14.198934,11.454462
377400,a4VPVcO823uFKQtjpPIuVKXumn6I2rVFW7aB60r1CldO9RoeQGS+yi1Sn4QqHol7,10.412672,12.201748,11.328118
377700,a4VPVcO823uFKQtjpPIuVKXumn6I2rVFW7aB60r1CldO9RoeQGS+yi1Sn4QqHol7,6.439716000000001,12.417202,10.973887
378000,a4VPVcO823uFKQtjpPIuVKXumn6I2rVFW7aB60r1CldO9RoeQGS+yi1Sn4QqHol7,10.231126,12.103117,11.35957
378300,a4VPVcO823uFKQtjpPIuVKXumn6I2rVFW7aB60r1CldO9RoeQGS+yi1Sn4QqHol7,10.454053,12.133647999999999,11.269214999999999
378600,a4VPVcO823uFKQtjpPIuVKXumn6I2rVFW7aB60r1CldO9RoeQGS+yi1Sn4QqHol7,10.47942,12.482312,11.48235
378900,a4VPVcO823uFKQtjpPIuVKXumn6I2rVFW7aB60r1CldO9RoeQGS+yi1Sn4QqHol7,10.420674,12.292363,11.372788
379200,a4VPVcO823uFKQtjpPIuVKXumn6I2rVFW7aB60r1CldO9RoeQGS+yi1Sn4QqHol7,6.8324110000000005,12.257733,11.000031
379500,a4VPVcO823uFKQtjpPIuVKXumn6I2rVFW7aB60r1CldO9RoeQGS+yi1Sn4QqHol7,10.515875,12.5702,11.390044999999999
379800,a4VPVcO823uFKQtjpPIuVKXumn6I2rVFW7aB60r1CldO9RoeQGS+yi1Sn4QqHol7,10.556092,12.422798,11.436177
380100,a4VPVcO823uFKQtjpPIuVKXumn6I2rVFW7aB60r1CldO9RoeQGS+yi1Sn4QqHol7,10.426293,12.395808,11.421669
380400,a4VPVcO823uFKQtjpPIuVKXumn6I2rVFW7aB60r1CldO9RoeQGS+yi1Sn4QqHol7,10.351124,15.544236999999999,12.253511
380700,a4VPVcO823uFKQtjpPIuVKXumn6I2rVFW7aB60r1CldO9RoeQGS+yi1Sn4QqHol7,9.312366,13.098917,11.36444
381000,a4VPVcO823uFKQtjpPIuVKXumn6I2rVFW7aB60r1CldO9RoeQGS+yi1Sn4QqHol7,10.286278999999999,12.215339,11.30556
381300,a4VPVcO823uFKQtjpPIuVKXumn6I2rVFW7aB60r1CldO9RoeQGS+yi1Sn4QqHol7,10.387926,12.527836,11.413487
381600,a4VPVcO823uFKQtjpPIuVKXumn6I2rVFW7aB60r1CldO9RoeQGS+yi1Sn4QqHol7,10.304160000000001,12.483281,11.371701
381900,a4VPVcO823uFKQtjpPIuVKXumn6I2rVFW7aB60r1CldO9RoeQGS+yi1Sn4QqHol7,8.871312,12.222142999999999,11.21107
382200,a4VPVcO823uFKQtjpPIuVKXumn6I2rVFW7aB60r1CldO9RoeQGS+yi1Sn4QqHol7,10.473774,12.53365,11.410156
382500,a4VPVcO823uFKQtjpPIuVKXumn6I2rVFW7aB60r1CldO9RoeQGS+yi1Sn4QqHol7,10.508201,13.459876999999999,11.443506
382800,a4VPVcO823uFKQtjpPIuVKXumn6I2rVFW7aB60r1CldO9RoeQGS+yi1Sn4QqHol7,10.479376,12.396726,11.397017
383100,a4VPVcO823uFKQtjpPIuVKXumn6I2rVFW7aB60r1CldO9RoeQGS+yi1Sn4QqHol7,10.520622999999999,14.050684,11.51998
383400,a4VPVcO823uFKQtjpPIuVKXumn6I2rVFW7aB60r1CldO9RoeQGS+yi1Sn4QqHol7,6.112445,12.285864,10.837419
383700,a4VPVcO823uFKQtjpPIuVKXumn6I2rVFW7aB60r1CldO9RoeQGS+yi1Sn4QqHol7,10.370142999999999,12.543476,11.308709
384000,a4VPVcO823uFKQtjpPIuVKXumn6I2rVFW7aB60r1CldO9RoeQGS+yi1Sn4QqHol7,10.534435,13.135488,11.474505
384300,a4VPVcO823uFKQtjpPIuVKXumn6I2rVFW7aB60r1CldO9RoeQGS+yi1Sn4QqHol7,10.455954,15.628882999999998,12.122665
384600,a4VPVcO823uFKQtjpPIuVKXumn6I2rVFW7aB60r1CldO9RoeQGS+yi1Sn4QqHol7,10.469911999999999,14.325532999999998,11.609205000000001
384900,a4VPVcO823uFKQtjpPIuVKXumn6I2rVFW7aB60r1CldO9RoeQGS+yi1Sn4QqHol7,10.381851,12.354363000000001,11.462105000000001
385200,a4VPVcO823uFKQtjpPIuVKXumn6I2rVFW7aB60r1CldO9RoeQGS+yi1Sn4QqHol7,6.814713,12.207614999999999,10.964535
385500,a4VPVcO823uFKQtjpPIuVKXumn6I2rVFW7aB60r1CldO9RoeQGS+yi1Sn4QqHol7,10.313912,12.329335,11.330657
385800,a4VPVcO823uFKQtjpPIuVKXumn6I2rVFW7aB60r1CldO9RoeQGS+yi1Sn4QqHol7,10.501308,14.04491,11.612577
386100,a4VPVcO823uFKQtjpPIuVKXumn6I2rVFW7aB60r1CldO9RoeQGS+yi1Sn4QqHol7,6.687094999999999,12.480978,10.872105
386400,a4VPVcO823uFKQtjpPIuVKXumn6I2rVFW7aB60r1CldO9RoeQGS+yi1Sn4QqHol7,10.508535,12.582263000000001,11.385819
386700,a4VPVcO823uFKQtjpPIuVKXumn6I2rVFW7aB60r1CldO9RoeQGS+yi1Sn4QqHol7,10.46118,12.864777,11.494674
387000,a4VPVcO823uFKQtjpPIuVKXumn6I2rVFW7aB60r1CldO9RoeQGS+yi1Sn4QqHol7,10.468544999999999,12.405560000000001,11.344559
387300,a4VPVcO823uFKQtjpPIuVKXumn6I2rVFW7aB60r1CldO9RoeQGS+yi1Sn4QqHol7,10.339215,15.744370000000002,11.693545
387600,a4VPVcO823uFKQtjpPIuVKXumn6I2rVFW7aB60r1CldO9RoeQGS+yi1Sn4QqHol7,10.281222,12.701505000000001,11.417144
387900,a4VPVcO823uFKQtjpPIuVKXumn6I2rVFW7aB60r1CldO9RoeQGS+yi1Sn4QqHol7,9.235217,18.720016,11.995385
388200,a4VPVcO823uFKQtjpPIuVKXumn6I2rVFW7aB60r1CldO9RoeQGS+yi1Sn4QqHol7,10.504816,12.735942,11.342949
388500,a4VPVcO823uFKQtjpPIuVKXumn6I2rVFW7aB60r1CldO9RoeQGS+yi1Sn4QqHol7,10.389222,13.283604,11.586163
388800,a4VPVcO823uFKQtjpPIuVKXumn6I2rVFW7aB60r1CldO9RoeQGS+yi1Sn4QqHol7,10.371183,14.247926999999999,11.579631
389100,a4VPVcO823uFKQtjpPIuVKXumn6I2rVFW7aB60r1CldO9RoeQGS+yi1Sn4QqHol7,10.416792999999998,12.3706,11.394594999999999
389400,a4VPVcO823uFKQtjpPIuVKXumn6I2rVFW7aB60r1CldO9RoeQGS+yi1Sn4QqHol7,10.360196,13.254545000000002,11.521056
389700,a4VPVcO823uFKQtjpPIuVKXumn6I2rVFW7aB60r1CldO9RoeQGS+yi1Sn4QqHol7,10.531879,12.271033000000001,11.392278
390000,a4VPVcO823uFKQtjpPIuVKXumn6I2rVFW7aB60r1CldO9RoeQGS+yi1Sn4QqHol7,10.509507000000001,12.788509,11.397508
390300,a4VPVcO823uFKQtjpPIuVKXumn6I2rVFW7aB60r1CldO9RoeQGS+yi1Sn4QqHol7,10.419965,12.829005,11.385705
390600,a4VPVcO823uFKQtjpPIuVKXumn6I2rVFW7aB60r1CldO9RoeQGS+yi1Sn4QqHol7,6.559664,12.56901,11.036374
390900,a4VPVcO823uFKQtjpPIuVKXumn6I2rVFW7aB60r1CldO9RoeQGS+yi1Sn4QqHol7,10.239473,12.576075,11.397361
391200,a4VPVcO823uFKQtjpPIuVKXumn6I2rVFW7aB60r1CldO9RoeQGS+yi1Sn4QqHol7,10.554022,12.494566,11.453483
391500,a4VPVcO823uFKQtjpPIuVKXumn6I2rVFW7aB60r1CldO9RoeQGS+yi1Sn4QqHol7,10.429518,15.756689000000001,12.429932
391800,a4VPVcO823uFKQtjpPIuVKXumn6I2rVFW7aB60r1CldO9RoeQGS+yi1Sn4QqHol7,10.410724,12.166393,11.314691
392100,a4VPVcO823uFKQtjpPIuVKXumn6I2rVFW7aB60r1CldO9RoeQGS+yi1Sn4QqHol7,6.003793,12.487421000000001,10.979576
392400,a4VPVcO823uFKQtjpPIuVKXumn6I2rVFW7aB60r1CldO9RoeQGS+yi1Sn4QqHol7,10.293633999999999,12.081482000000001,11.307572
392700,a4VPVcO823uFKQtjpPIuVKXumn6I2rVFW7aB60r1CldO9RoeQGS+yi1Sn4QqHol7,10.740205,14.567723,11.688427
393000,a4VPVcO823uFKQtjpPIuVKXumn6I2rVFW7aB60r1CldO9RoeQGS+yi1Sn4QqHol7,10.365508,12.991918,11.402598
393300,a4VPVcO823uFKQtjpPIuVKXumn6I2rVFW7aB60r1CldO9RoeQGS+yi1Sn4QqHol7,10.512863000000001,13.056498,11.478264
393600,a4VPVcO823uFKQtjpPIuVKXumn6I2rVFW7aB60r1CldO9RoeQGS+yi1Sn4QqHol7,10.449185,12.212232,11.358053
393900,a4VPVcO823uFKQtjpPIuVKXumn6I2rVFW7aB60r1CldO9RoeQGS+yi1Sn4QqHol7,9.858335,12.923691999999999,11.418694
394200,a4VPVcO823uFKQtjpPIuVKXumn6I2rVFW7aB60r1CldO9RoeQGS+yi1Sn4QqHol7,10.555837,13.279364000000001,11.532333
394500,a4VPVcO823uFKQtjpPIuVKXumn6I2rVFW7aB60r1CldO9RoeQGS+yi1Sn4QqHol7,10.466549,12.530117,11.35953
394800,a4VPVcO823uFKQtjpPIuVKXumn6I2rVFW7aB60r1CldO9RoeQGS+yi1Sn4QqHol7,7.714954,12.841655000000001,11.127561
395100,a4VPVcO823uFKQtjpPIuVKXumn6I2rVFW7aB60r1CldO9RoeQGS+yi1Sn4QqHol7,10.513302000000001,16.160463,12.230208
395400,a4VPVcO823uFKQtjpPIuVKXumn6I2rVFW7aB60r1CldO9RoeQGS+yi1Sn4QqHol7,10.443971000000001,14.278453,11.609949
395700,a4VPVcO823uFKQtjpPIuVKXumn6I2rVFW7aB60r1CldO9RoeQGS+yi1Sn4QqHol7,10.514883,12.513089,11.436351
396000,a4VPVcO823uFKQtjpPIuVKXumn6I2rVFW7aB60r1CldO9RoeQGS+yi1Sn4QqHol7,10.403665,13.829967000000002,11.495842
396300,a4VPVcO823uFKQtjpPIuVKXumn6I2rVFW7aB60r1CldO9RoeQGS+yi1Sn4QqHol7,10.399371,25.653032,12.646985
396600,a4VPVcO823uFKQtjpPIuVKXumn6I2rVFW7aB60r1CldO9RoeQGS+yi1Sn4QqHol7,9.068913,12.923375,11.290103
396900,a4VPVcO823uFKQtjpPIuVKXumn6I2rVFW7aB60r1CldO9RoeQGS+yi1Sn4QqHol7,10.607395,16.325691,11.88376
397200,a4VPVcO823uFKQtjpPIuVKXumn6I2rVFW7aB60r1CldO9RoeQGS+yi1Sn4QqHol7,10.519601,12.62006,11.393754
397500,a4VPVcO823uFKQtjpPIuVKXumn6I2rVFW7aB60r1CldO9RoeQGS+yi1Sn4QqHol7,6.347285,12.60323,11.152353999999999
397800,a4VPVcO823uFKQtjpPIuVKXumn6I2rVFW7aB60r1CldO9RoeQGS+yi1Sn4QqHol7,10.463327,12.882571,11.445443
398100,a4VPVcO823uFKQtjpPIuVKXumn6I2rVFW7aB60r1CldO9RoeQGS+yi1Sn4QqHol7,10.516003999999999,13.901658,11.608169
398400,a4VPVcO823uFKQtjpPIuVKXumn6I2rVFW7aB60r1CldO9RoeQGS+yi1Sn4QqHol7,10.474725999999999,13.194810999999998,11.473015
398700,a4VPVcO823uFKQtjpPIuVKXumn6I2rVFW7aB60r1CldO9RoeQGS+yi1Sn4QqHol7,10.485248,15.224169,11.893403999999999
399000,a4VPVcO823uFKQtjpPIuVKXumn6I2rVFW7aB60r1CldO9RoeQGS+yi1Sn4QqHol7,10.458808,15.940456,11.978117999999998
399300,a4VPVcO823uFKQtjpPIuVKXumn6I2rVFW7aB60r1CldO9RoeQGS+yi1Sn4QqHol7,10.47488,12.773777,11.539091
399600,a4VPVcO823uFKQtjpPIuVKXumn6I2rVFW7aB60r1CldO9RoeQGS+yi1Sn4QqHol7,10.337368,15.453198,11.670369
399900,a4VPVcO823uFKQtjpPIuVKXumn6I2rVFW7aB60r1CldO9RoeQGS+yi1Sn4QqHol7,10.441297,44.767717,15.852957
400200,a4VPVcO823uFKQtjpPIuVKXumn6I2rVFW7aB60r1CldO9RoeQGS+yi1Sn4QqHol7,6.907469,12.850943,11.238725
400500,a4VPVcO823uFKQtjpPIuVKXumn6I2rVFW7aB60r1CldO9RoeQGS+yi1Sn4QqHol7,10.342436,12.680337,11.33961
400800,a4VPVcO823uFKQtjpPIuVKXumn6I2rVFW7aB60r1CldO9RoeQGS+yi1Sn4QqHol7,10.393113,13.64744,11.520864
401100,a4VPVcO823uFKQtjpPIuVKXumn6I2rVFW7aB60r1CldO9RoeQGS+yi1Sn4QqHol7,10.358637,12.591267,11.419491
401400,a4VPVcO823uFKQtjpPIuVKXumn6I2rVFW7aB60r1CldO9RoeQGS+yi1Sn4QqHol7,10.6171,15.219878,11.659052
401700,a4VPVcO823uFKQtjpPIuVKXumn6I2rVFW7aB60r1CldO9RoeQGS+yi1Sn4QqHol7,10.520173,12.218186,11.374651
402000,a4VPVcO823uFKQtjpPIuVKXumn6I2rVFW7aB60r1CldO9RoeQGS+yi1Sn4QqHol7,8.449479,12.585884,11.282103999999999
402300,a4VPVcO823uFKQtjpPIuVKXumn6I2rVFW7aB60r1CldO9RoeQGS+yi1Sn4QqHol7,10.505333,15.017254999999999,11.565616
402600,a4VPVcO823uFKQtjpPIuVKXumn6I2rVFW7aB60r1CldO9RoeQGS+yi1Sn4QqHol7,10.544164,33.902675,13.627265
402900,a4VPVcO823uFKQtjpPIuVKXumn6I2rVFW7aB60r1CldO9RoeQGS+yi1Sn4QqHol7,6.667072,12.775501,11.117397
403200,a4VPVcO823uFKQtjpPIuVKXumn6I2rVFW7aB60r1CldO9RoeQGS+yi1Sn4QqHol7,10.440644,12.362885,11.384896000000001
403500,a4VPVcO823uFKQtjpPIuVKXumn6I2rVFW7aB60r1CldO9RoeQGS+yi1Sn4QqHol7,10.228678,12.864255,11.497275
403800,a4VPVcO823uFKQtjpPIuVKXumn6I2rVFW7aB60r1CldO9RoeQGS+yi1Sn4QqHol7,10.353883999999999,12.541305,11.446714
404100,a4VPVcO823uFKQtjpPIuVKXumn6I2rVFW7aB60r1CldO9RoeQGS+yi1Sn4QqHol7,10.546265,15.877949,11.704067
404400,a4VPVcO823uFKQtjpPIuVKXumn6I2rVFW7aB60r1CldO9RoeQGS+yi1Sn4QqHol7,10.626097999999999,12.917227,11.537321
404700,a4VPVcO823uFKQtjpPIuVKXumn6I2rVFW7aB60r1CldO9RoeQGS+yi1Sn4QqHol7,7.124952,12.962342,11.31528
405000,a4VPVcO823uFKQtjpPIuVKXumn6I2rVFW7aB60r1CldO9RoeQGS+yi1Sn4QqHol7,10.536411,12.889103,11.617741
405300,a4VPVcO823uFKQtjpPIuVKXumn6I2rVFW7aB60r1CldO9RoeQGS+yi1Sn4QqHol7,10.428424,12.477867,11.41667
405600,a4VPVcO823uFKQtjpPIuVKXumn6I2rVFW7aB60r1CldO9RoeQGS+yi1Sn4QqHol7,5.921833,13.274569,11.078555
405900,a4VPVcO823uFKQtjpPIuVKXumn6I2rVFW7aB60r1CldO9RoeQGS+yi1Sn4QqHol7,10.399828,12.553593,11.477191
406200,a4VPVcO823uFKQtjpPIuVKXumn6I2rVFW7aB60r1CldO9RoeQGS+yi1Sn4QqHol7,10.444087,17.345206,12.675302
406500,a4VPVcO823uFKQtjpPIuVKXumn6I2rVFW7aB60r1CldO9RoeQGS+yi1Sn4QqHol7,10.252007,12.258628999999999,11.309476
406800,a4VPVcO823uFKQtjpPIuVKXumn6I2rVFW7aB60r1CldO9RoeQGS+yi1Sn4QqHol7,10.512852,12.156857,11.346117999999999
407100,a4VPVcO823uFKQtjpPIuVKXumn6I2rVFW7aB60r1CldO9RoeQGS+yi1Sn4QqHol7,10.650077,12.011216000000001,11.326788
407400,a4VPVcO823uFKQtjpPIuVKXumn6I2rVFW7aB60r1CldO9RoeQGS+yi1Sn4QqHol7,10.313837,12.641613000000001,11.318545
407700,a4VPVcO823uFKQtjpPIuVKXumn6I2rVFW7aB60r1CldO9RoeQGS+yi1Sn4QqHol7,10.467647999999999,13.057929,11.242695
408000,a4VPVcO823uFKQtjpPIuVKXumn6I2rVFW7aB60r1CldO9RoeQGS+yi1Sn4QqHol7,10.285574,12.126607,11.145779
408300,a4VPVcO823uFKQtjpPIuVKXumn6I2rVFW7aB60r1CldO9RoeQGS+yi1Sn4QqHol7,8.440527000000001,12.032983999999999,10.999924
408600,a4VPVcO823uFKQtjpPIuVKXumn6I2rVFW7aB60r1CldO9RoeQGS+yi1Sn4QqHol7,10.276814,12.495988,11.143702000000001
408900,a4VPVcO823uFKQtjpPIuVKXumn6I2rVFW7aB60r1CldO9RoeQGS+yi1Sn4QqHol7,10.188594,11.972049,11.159939999999999
409200,a4VPVcO823uFKQtjpPIuVKXumn6I2rVFW7aB60r1CldO9RoeQGS+yi1Sn4QqHol7,10.325896,12.282721,11.196244
409500,a4VPVcO823uFKQtjpPIuVKXumn6I2rVFW7aB60r1CldO9RoeQGS+yi1Sn4QqHol7,5.8447949999999995,12.336342,10.639006
409800,a4VPVcO823uFKQtjpPIuVKXumn6I2rVFW7aB60r1CldO9RoeQGS+yi1Sn4QqHol7,10.375511999999999,16.036351999999997,11.939368
410100,a4VPVcO823uFKQtjpPIuVKXumn6I2rVFW7aB60r1CldO9RoeQGS+yi1Sn4QqHol7,10.371298,13.323272,11.49063
410400,a4VPVcO823uFKQtjpPIuVKXumn6I2rVFW7aB60r1CldO9RoeQGS+yi1Sn4QqHol7,10.333608,12.717713999999999,11.523642
410700,a4VPVcO823uFKQtjpPIuVKXumn6I2rVFW7aB60r1CldO9RoeQGS+yi1Sn4QqHol7,7.032811,12.544208,11.194061
411000,a4VPVcO823uFKQtjpPIuVKXumn6I2rVFW7aB60r1CldO9RoeQGS+yi1Sn4QqHol7,10.718619,13.320476999999999,11.83018
411300,a4VPVcO823uFKQtjpPIuVKXumn6I2rVFW7aB60r1CldO9RoeQGS+yi1Sn4QqHol7,10.495924,12.688435,11.530838000000001
411600,a4VPVcO823uFKQtjpPIuVKXumn6I2rVFW7aB60r1CldO9RoeQGS+yi1Sn4QqHol7,5.783623,12.741073,11.022269999999999
411900,a4VPVcO823uFKQtjpPIuVKXumn6I2rVFW7aB60r1CldO9RoeQGS+yi1Sn4QqHol7,10.619446,12.532186,11.670064
412200,a4VPVcO823uFKQtjpPIuVKXumn6I2rVFW7aB60r1CldO9RoeQGS+yi1Sn4QqHol7,10.429065,14.308724,11.856225
412500,a4VPVcO823uFKQtjpPIuVKXumn6I2rVFW7aB60r1CldO9RoeQGS+yi1Sn4QqHol7,10.543515,12.686122,11.566237
412800,a4VPVcO823uFKQtjpPIuVKXumn6I2rVFW7aB60r1CldO9RoeQGS+yi1Sn4QqHol7,8.462135,12.553369,11.207049000000001
413100,a4VPVcO823uFKQtjpPIuVKXumn6I2rVFW7aB60r1CldO9RoeQGS+yi1Sn4QqHol7,10.488575,12.751599,11.637273
413400,a4VPVcO823uFKQtjpPIuVKXumn6I2rVFW7aB60r1CldO9RoeQGS+yi1Sn4QqHol7,10.587056,14.246444,11.745464
413700,a4VPVcO823uFKQtjpPIuVKXumn6I2rVFW7aB60r1CldO9RoeQGS+yi1Sn4QqHol7,10.725451,15.838562,12.322832
414000,a4VPVcO823uFKQtjpPIuVKXumn6I2rVFW7aB60r1CldO9RoeQGS+yi1Sn4QqHol7,10.621046,12.724775,11.646811999999999
414300,a4VPVcO823uFKQtjpPIuVKXumn6I2rVFW7aB60r1CldO9RoeQGS+yi1Sn4QqHol7,10.321817,12.920885,11.726138
414600,a4VPVcO823uFKQtjpPIuVKXumn6I2rVFW7aB60r1CldO9RoeQGS+yi1Sn4QqHol7,10.352733,12.581495,11.565972
414900,a4VPVcO823uFKQtjpPIuVKXumn6I2rVFW7aB60r1CldO9RoeQGS+yi1Sn4QqHol7,10.47947,12.79978,11.690136
415200,a4VPVcO823uFKQtjpPIuVKXumn6I2rVFW7aB60r1CldO9RoeQGS+yi1Sn4QqHol7,10.436002,12.810404,11.541086
415500,a4VPVcO823uFKQtjpPIuVKXumn6I2rVFW7aB60r1CldO9RoeQGS+yi1Sn4QqHol7,6.121688,13.242207,11.14621
415800,a4VPVcO823uFKQtjpPIuVKXumn6I2rVFW7aB60r1CldO9RoeQGS+yi1Sn4QqHol7,10.511775,13.003211,11.676213
416100,a4VPVcO823uFKQtjpPIuVKXumn6I2rVFW7aB60r1CldO9RoeQGS+yi1Sn4QqHol7,10.383225999999999,13.569015,11.748511
416400,a4VPVcO823uFKQtjpPIuVKXumn6I2rVFW7aB60r1CldO9RoeQGS+yi1Sn4QqHol7,6.0815790000000005,14.060823000000001,11.439392
416700,a4VPVcO823uFKQtjpPIuVKXumn6I2rVFW7aB60r1CldO9RoeQGS+yi1Sn4QqHol7,10.579066000000001,12.736308,11.574734
417000,a4VPVcO823uFKQtjpPIuVKXumn6I2rVFW7aB60r1CldO9RoeQGS+yi1Sn4QqHol7,10.604114,12.747448,11.564057
417300,a4VPVcO823uFKQtjpPIuVKXumn6I2rVFW7aB60r1CldO9RoeQGS+yi1Sn4QqHol7,10.539861,15.838739000000002,12.398794
417600,a4VPVcO823uFKQtjpPIuVKXumn6I2rVFW7aB60r1CldO9RoeQGS+yi1Sn4QqHol7,10.651314999999999,13.084391,11.610658
417900,a4VPVcO823uFKQtjpPIuVKXumn6I2rVFW7aB60r1CldO9RoeQGS+yi1Sn4QqHol7,10.511768,12.7764,11.626969
418200,a4VPVcO823uFKQtjpPIuVKXumn6I2rVFW7aB60r1CldO9RoeQGS+yi1Sn4QqHol7,10.386365,12.729688000000001,11.603056
418500,a4VPVcO823uFKQtjpPIuVKXumn6I2rVFW7aB60r1CldO9RoeQGS+yi1Sn4QqHol7,10.743078,12.826103999999999,11.757964999999999
418800,a4VPVcO823uFKQtjpPIuVKXumn6I2rVFW7aB60r1CldO9RoeQGS+yi1Sn4QqHol7,10.586699000000001,13.098248,11.689480999999999
419100,a4VPVcO823uFKQtjpPIuVKXumn6I2rVFW7aB60r1CldO9RoeQGS+yi1Sn4QqHol7,9.157197,12.556742999999999,11.51413
419400,a4VPVcO823uFKQtjpPIuVKXumn6I2rVFW7aB60r1CldO9RoeQGS+yi1Sn4QqHol7,10.496646,12.512094,11.611982000000001
419700,a4VPVcO823uFKQtjpPIuVKXumn6I2rVFW7aB60r1CldO9RoeQGS+yi1Sn4QqHol7,10.386460000000001,15.203524,11.828905
420000,a4VPVcO823uFKQtjpPIuVKXumn6I2rVFW7aB60r1CldO9RoeQGS+yi1Sn4QqHol7,10.634833,12.655036,11.623066
420300,a4VPVcO823uFKQtjpPIuVKXumn6I2rVFW7aB60r1CldO9RoeQGS+yi1Sn4QqHol7,5.226941,13.156158999999999,11.095018
420600,a4VPVcO823uFKQtjpPIuVKXumn6I2rVFW7aB60r1CldO9RoeQGS+yi1Sn4QqHol7,10.3798,13.127395000000002,11.565592
420900,a4VPVcO823uFKQtjpPIuVKXumn6I2rVFW7aB60r1CldO9RoeQGS+yi1Sn4QqHol7,10.551651,16.154898,12.575828999999999
421200,a4VPVcO823uFKQtjpPIuVKXumn6I2rVFW7aB60r1CldO9RoeQGS+yi1Sn4QqHol7,10.660048,12.964199,11.598455
421500,a4VPVcO823uFKQtjpPIuVKXumn6I2rVFW7aB60r1CldO9RoeQGS+yi1Sn4QqHol7,5.786223000000001,12.945986999999999,11.142263
421800,a4VPVcO823uFKQtjpPIuVKXumn6I2rVFW7aB60r1CldO9RoeQGS+yi1Sn4QqHol7,10.558553999999999,12.780208,11.555222
422100,a4VPVcO823uFKQtjpPIuVKXumn6I2rVFW7aB60r1CldO9RoeQGS+yi1Sn4QqHol7,10.366673,12.70145,11.590636
422400,a4VPVcO823uFKQtjpPIuVKXumn6I2rVFW7aB60r1CldO9RoeQGS+yi1Sn4QqHol7,10.587941,12.627887,11.543906
422700,a4VPVcO823uFKQtjpPIuVKXumn6I2rVFW7aB60r1CldO9RoeQGS+yi1Sn4QqHol7,10.433909,12.86392,11.508987
423000,a4VPVcO823uFKQtjpPIuVKXumn6I2rVFW7aB60r1CldO9RoeQGS+yi1Sn4QqHol7,10.535057,12.978228,11.628713000000001
423300,a4VPVcO823uFKQtjpPIuVKXumn6I2rVFW7aB60r1CldO9RoeQGS+yi1Sn4QqHol7,10.533866,12.774374,11.538665
423600,a4VPVcO823uFKQtjpPIuVKXumn6I2rVFW7aB60r1CldO9RoeQGS+yi1Sn4QqHol7,10.563815,13.587662,11.744147
423900,a4VPVcO823uFKQtjpPIuVKXumn6I2rVFW7aB60r1CldO9RoeQGS+yi1Sn4QqHol7,10.545653999999999,12.675284,11.603900999999999
424200,a4VPVcO823uFKQtjpPIuVKXumn6I2rVFW7aB60r1CldO9RoeQGS+yi1Sn4QqHol7,9.690695,12.61174,11.416713
424500,a4VPVcO823uFKQtjpPIuVKXumn6I2rVFW7aB60r1CldO9RoeQGS+yi1Sn4QqHol7,10.574499000000001,15.9321,12.272342
424800,a4VPVcO823uFKQtjpPIuVKXumn6I2rVFW7aB60r1CldO9RoeQGS+yi1Sn4QqHol7,10.508326,12.452133,11.585275
425100,a4VPVcO823uFKQtjpPIuVKXumn6I2rVFW7aB60r1CldO9RoeQGS+yi1Sn4QqHol7,8.677893,12.62476,11.363087
425400,a4VPVcO823uFKQtjpPIuVKXumn6I2rVFW7aB60r1CldO9RoeQGS+yi1Sn4QqHol7,10.479806,12.425011999999999,11.477708
425700,a4VPVcO823uFKQtjpPIuVKXumn6I2rVFW7aB60r1CldO9RoeQGS+yi1Sn4QqHol7,10.442876,12.94073,11.625988000000001
426000,a4VPVcO823uFKQtjpPIuVKXumn6I2rVFW7aB60r1CldO9RoeQGS+yi1Sn4QqHol7,10.561571,12.852477,11.630163
426300,a4VPVcO823uFKQtjpPIuVKXumn6I2rVFW7aB60r1CldO9RoeQGS+yi1Sn4QqHol7,8.261632,12.635693,11.290402
426600,a4VPVcO823uFKQtjpPIuVKXumn6I2rVFW7aB60r1CldO9RoeQGS+yi1Sn4QqHol7,10.530269,12.594685,11.545292
426900,a4VPVcO823uFKQtjpPIuVKXumn6I2rVFW7aB60r1CldO9RoeQGS+yi1Sn4QqHol7,10.621227000000001,13.686642,11.709837
427200,a4VPVcO823uFKQtjpPIuVKXumn6I2rVFW7aB60r1CldO9RoeQGS+yi1Sn4QqHol7,9.234266,12.392699,11.423956
427500,a4VPVcO823uFKQtjpPIuVKXumn6I2rVFW7aB60r1CldO9RoeQGS+yi1Sn4QqHol7,10.549313,12.947169,11.646258
427800,a4VPVcO823uFKQtjpPIuVKXumn6I2rVFW7aB60r1CldO9RoeQGS+yi1Sn4QqHol7,10.59424,18.289786,12.181861
428100,a4VPVcO823uFKQtjpPIuVKXumn6I2rVFW7aB60r1CldO9RoeQGS+yi1Sn4QqHol7,10.742084,15.523126000000001,12.321505
428400,a4VPVcO823uFKQtjpPIuVKXumn6I2rVFW7aB60r1CldO9RoeQGS+yi1Sn4QqHol7,10.418992999999999,14.319945,11.814328
428700,a4VPVcO823uFKQtjpPIuVKXumn6I2rVFW7aB60r1CldO9RoeQGS+yi1Sn4QqHol7,10.443528,35.697554,15.863074
429000,a4VPVcO823uFKQtjpPIuVKXumn6I2rVFW7aB60r1CldO9RoeQGS+yi1Sn4QqHol7,10.434208,13.125795000000002,11.719983000000001
429300,a4VPVcO823uFKQtjpPIuVKXumn6I2rVFW7aB60r1CldO9RoeQGS+yi1Sn4QqHol7,10.420552,12.933994,11.619514
429600,a4VPVcO823uFKQtjpPIuVKXumn6I2rVFW7aB60r1CldO9RoeQGS+yi1Sn4QqHol7,10.553181,14.581991,11.761422999999999
429900,a4VPVcO823uFKQtjpPIuVKXumn6I2rVFW7aB60r1CldO9RoeQGS+yi1Sn4QqHol7,10.694272,13.707212,11.804039999999999
430200,a4VPVcO823uFKQtjpPIuVKXumn6I2rVFW7aB60r1CldO9RoeQGS+yi1Sn4QqHol7,10.41382,12.710564999999999,11.597596000000001
430500,a4VPVcO823uFKQtjpPIuVKXumn6I2rVFW7aB60r1CldO9RoeQGS+yi1Sn4QqHol7,10.530788000000001,12.918027,11.617816
430800,a4VPVcO823uFKQtjpPIuVKXumn6I2rVFW7aB60r1CldO9RoeQGS+yi1Sn4QqHol7,10.495227,12.969975,11.555697
431100,a4VPVcO823uFKQtjpPIuVKXumn6I2rVFW7aB60r1CldO9RoeQGS+yi1Sn4QqHol7,10.563069,13.614664000000001,11.735251
431400,a4VPVcO823uFKQtjpPIuVKXumn6I2rVFW7aB60r1CldO9RoeQGS+yi1Sn4QqHol7,10.422759,13.088073,11.491242
431700,a4VPVcO823uFKQtjpPIuVKXumn6I2rVFW7aB60r1CldO9RoeQGS+yi1Sn4QqHol7,10.523627000000001,13.715956,11.594524
432000,a4VPVcO823uFKQtjpPIuVKXumn6I2rVFW7aB60r1CldO9RoeQGS+yi1Sn4QqHol7,10.664375,28.792552,13.915373
432300,a4VPVcO823uFKQtjpPIuVKXumn6I2rVFW7aB60r1CldO9RoeQGS+yi1Sn4QqHol7,5.912148999999999,12.545096000000001,11.109862
432600,a4VPVcO823uFKQtjpPIuVKXumn6I2rVFW7aB60r1CldO9RoeQGS+yi1Sn4QqHol7,6.049837,12.631392,11.203163
432900,a4VPVcO823uFKQtjpPIuVKXumn6I2rVFW7aB60r1CldO9RoeQGS+yi1Sn4QqHol7,10.368286999999999,12.787555000000001,11.622163
433200,a4VPVcO823uFKQtjpPIuVKXumn6I2rVFW7aB60r1CldO9RoeQGS+yi1Sn4QqHol7,10.3016,13.045338000000001,11.540985000000001
433500,a4VPVcO823uFKQtjpPIuVKXumn6I2rVFW7aB60r1CldO9RoeQGS+yi1Sn4QqHol7,10.615647000000001,13.037347,11.562392
433800,a4VPVcO823uFKQtjpPIuVKXumn6I2rVFW7aB60r1CldO9RoeQGS+yi1Sn4QqHol7,5.708529,13.208051000000001,11.152198
434100,a4VPVcO823uFKQtjpPIuVKXumn6I2rVFW7aB60r1CldO9RoeQGS+yi1Sn4QqHol7,10.436126,12.945803,11.650971
434400,a4VPVcO823uFKQtjpPIuVKXumn6I2rVFW7aB60r1CldO9RoeQGS+yi1Sn4QqHol7,10.488571,14.503067999999999,11.672993
434700,a4VPVcO823uFKQtjpPIuVKXumn6I2rVFW7aB60r1CldO9RoeQGS+yi1Sn4QqHol7,10.392475,13.305532000000001,11.543981
435000,a4VPVcO823uFKQtjpPIuVKXumn6I2rVFW7aB60r1CldO9RoeQGS+yi1Sn4QqHol7,6.019637,13.072247,11.046759
435300,a4VPVcO823uFKQtjpPIuVKXumn6I2rVFW7aB60r1CldO9RoeQGS+yi1Sn4QqHol7,10.451156,13.640856,11.664531
435600,a4VPVcO823uFKQtjpPIuVKXumn6I2rVFW7aB60r1CldO9RoeQGS+yi1Sn4QqHol7,10.44145,15.703237,12.48172
435900,a4VPVcO823uFKQtjpPIuVKXumn6I2rVFW7aB60r1CldO9RoeQGS+yi1Sn4QqHol7,9.200061,13.291212,11.471053
436200,a4VPVcO823uFKQtjpPIuVKXumn6I2rVFW7aB60r1CldO9RoeQGS+yi1Sn4QqHol7,10.494145,12.623096,11.577438
436500,a4VPVcO823uFKQtjpPIuVKXumn6I2rVFW7aB60r1CldO9RoeQGS+yi1Sn4QqHol7,10.574091000000001,12.983585,11.773847
436800,a4VPVcO823uFKQtjpPIuVKXumn6I2rVFW7aB60r1CldO9RoeQGS+yi1Sn4QqHol7,10.494153,12.944255,11.571641
437100,a4VPVcO823uFKQtjpPIuVKXumn6I2rVFW7aB60r1CldO9RoeQGS+yi1Sn4QqHol7,10.483367,12.4784,11.531861
437400,a4VPVcO823uFKQtjpPIuVKXumn6I2rVFW7aB60r1CldO9RoeQGS+yi1Sn4QqHol7,10.345930000000001,12.96898,11.525578999999999
437700,a4VPVcO823uFKQtjpPIuVKXumn6I2rVFW7aB60r1CldO9RoeQGS+yi1Sn4QqHol7,10.592685000000001,13.087371000000001,11.634166
438000,a4VPVcO823uFKQtjpPIuVKXumn6I2rVFW7aB60r1CldO9RoeQGS+yi1Sn4QqHol7,10.496911,12.659032,11.615516
438300,a4VPVcO823uFKQtjpPIuVKXumn6I2rVFW7aB60r1CldO9RoeQGS+yi1Sn4QqHol7,10.630659,12.894542,11.610489999999999
438600,a4VPVcO823uFKQtjpPIuVKXumn6I2rVFW7aB60r1CldO9RoeQGS+yi1Sn4QqHol7,10.579097,12.947733,11.580538
438900,a4VPVcO823uFKQtjpPIuVKXumn6I2rVFW7aB60r1CldO9RoeQGS+yi1Sn4QqHol7,10.628029,12.703303,11.581488
439200,a4VPVcO823uFKQtjpPIuVKXumn6I2rVFW7aB60r1CldO9RoeQGS+yi1Sn4QqHol7,10.56075,21.355262,13.029759
439500,a4VPVcO823uFKQtjpPIuVKXumn6I2rVFW7aB60r1CldO9RoeQGS+yi1Sn4QqHol7,10.570917999999999,13.149992999999998,11.616931
439800,a4VPVcO823uFKQtjpPIuVKXumn6I2rVFW7aB60r1CldO9RoeQGS+yi1Sn4QqHol7,7.792476,12.67432,11.304946000000001
440100,a4VPVcO823uFKQtjpPIuVKXumn6I2rVFW7aB60r1CldO9RoeQGS+yi1Sn4QqHol7,10.496453,12.806683,11.50644
440400,a4VPVcO823uFKQtjpPIuVKXumn6I2rVFW7aB60r1CldO9RoeQGS+yi1Sn4QqHol7,10.475218,12.981575,11.601913
440700,a4VPVcO823uFKQtjpPIuVKXumn6I2rVFW7aB60r1CldO9RoeQGS+yi1Sn4QqHol7,5.934462,12.72884,10.951063000000001
441000,a4VPVcO823uFKQtjpPIuVKXumn6I2rVFW7aB60r1CldO9RoeQGS+yi1Sn4QqHol7,10.52213,12.49618,11.508932000000001
441300,a4VPVcO823uFKQtjpPIuVKXumn6I2rVFW7aB60r1CldO9RoeQGS+yi1Sn4QqHol7,10.545581,12.603111,11.518772
441600,a4VPVcO823uFKQtjpPIuVKXumn6I2rVFW7aB60r1CldO9RoeQGS+yi1Sn4QqHol7,10.691849000000001,12.498916,11.557432
441900,a4VPVcO823uFKQtjpPIuVKXumn6I2rVFW7aB60r1CldO9RoeQGS+yi1Sn4QqHol7,10.096722999999999,12.557392,11.440918
442200,a4VPVcO823uFKQtjpPIuVKXumn6I2rVFW7aB60r1CldO9RoeQGS+yi1Sn4QqHol7,10.530092999999999,12.730914,11.439992
442500,a4VPVcO823uFKQtjpPIuVKXumn6I2rVFW7aB60r1CldO9RoeQGS+yi1Sn4QqHol7,10.585203,16.198017,11.825287
442800,a4VPVcO823uFKQtjpPIuVKXumn6I2rVFW7aB60r1CldO9RoeQGS+yi1Sn4QqHol7,10.670308,15.824485999999998,12.240102
443100,a4VPVcO823uFKQtjpPIuVKXumn6I2rVFW7aB60r1CldO9RoeQGS+yi1Sn4QqHol7,10.474266,12.468224000000001,11.512711999999999
443400,a4VPVcO823uFKQtjpPIuVKXumn6I2rVFW7aB60r1CldO9RoeQGS+yi1Sn4QqHol7,8.022458,12.403209,11.178714999999999
443700,a4VPVcO823uFKQtjpPIuVKXumn6I2rVFW7aB60r1CldO9RoeQGS+yi1Sn4QqHol7,10.484733,12.863404,11.474095
444000,a4VPVcO823uFKQtjpPIuVKXumn6I2rVFW7aB60r1CldO9RoeQGS+yi1Sn4QqHol7,10.554879,14.364698,11.608338999999999
444300,a4VPVcO823uFKQtjpPIuVKXumn6I2rVFW7aB60r1CldO9RoeQGS+yi1Sn4QqHol7,10.551623,12.574867,11.527012
444600,a4VPVcO823uFKQtjpPIuVKXumn6I2rVFW7aB60r1CldO9RoeQGS+yi1Sn4QqHol7,10.457651,13.547437,11.611634
444900,a4VPVcO823uFKQtjpPIuVKXumn6I2rVFW7aB60r1CldO9RoeQGS+yi1Sn4QqHol7,10.427515,12.489032,11.427999
445200,a4VPVcO823uFKQtjpPIuVKXumn6I2rVFW7aB60r1CldO9RoeQGS+yi1Sn4QqHol7,10.567642,13.019282,11.542185
445500,a4VPVcO823uFKQtjpPIuVKXumn6I2rVFW7aB60r1CldO9RoeQGS+yi1Sn4QqHol7,10.29921,13.047327000000001,11.439471000000001
445800,a4VPVcO823uFKQtjpPIuVKXumn6I2rVFW7aB60r1CldO9RoeQGS+yi1Sn4QqHol7,10.530847,15.760370000000002,11.843995
446100,a4VPVcO823uFKQtjpPIuVKXumn6I2rVFW7aB60r1CldO9RoeQGS+yi1Sn4QqHol7,6.8072490000000005,12.503689,11.079573
446400,a4VPVcO823uFKQtjpPIuVKXumn6I2rVFW7aB60r1CldO9RoeQGS+yi1Sn4QqHol7,10.650925,12.819138,11.647182
446700,a4VPVcO823uFKQtjpPIuVKXumn6I2rVFW7aB60r1CldO9RoeQGS+yi1Sn4QqHol7,10.475756,15.612167000000001,12.651775
447000,a4VPVcO823uFKQtjpPIuVKXumn6I2rVFW7aB60r1CldO9RoeQGS+yi1Sn4QqHol7,10.509115,12.614229,11.555466000000001
447300,a4VPVcO823uFKQtjpPIuVKXumn6I2rVFW7aB60r1CldO9RoeQGS+yi1Sn4QqHol7,9.862435000000001,12.723538000000001,11.332614999999999
447600,a4VPVcO823uFKQtjpPIuVKXumn6I2rVFW7aB60r1CldO9RoeQGS+yi1Sn4QqHol7,10.421885000000001,12.491900999999999,11.47614
447900,a4VPVcO823uFKQtjpPIuVKXumn6I2rVFW7aB60r1CldO9RoeQGS+yi1Sn4QqHol7,10.478182,14.436467000000002,11.697527000000001
448200,a4VPVcO823uFKQtjpPIuVKXumn6I2rVFW7aB60r1CldO9RoeQGS+yi1Sn4QqHol7,10.550308,12.684482000000001,11.465814
448500,a4VPVcO823uFKQtjpPIuVKXumn6I2rVFW7aB60r1CldO9RoeQGS+yi1Sn4QqHol7,10.428035000000001,13.355437,11.569975
448800,a4VPVcO823uFKQtjpPIuVKXumn6I2rVFW7aB60r1CldO9RoeQGS+yi1Sn4QqHol7,6.252144,12.56799,10.903725
449100,a4VPVcO823uFKQtjpPIuVKXumn6I2rVFW7aB60r1CldO9RoeQGS+yi1Sn4QqHol7,10.543472,12.868159,11.465434
449400,a4VPVcO823uFKQtjpPIuVKXumn6I2rVFW7aB60r1CldO9RoeQGS+yi1Sn4QqHol7,10.455135,13.221382,11.555532000000001
449700,a4VPVcO823uFKQtjpPIuVKXumn6I2rVFW7aB60r1CldO9RoeQGS+yi1Sn4QqHol7,10.468422,12.606061,11.449060000000001
450000,a4VPVcO823uFKQtjpPIuVKXumn6I2rVFW7aB60r1CldO9RoeQGS+yi1Sn4QqHol7,9.685791,13.063365,11.399413000000001
450300,a4VPVcO823uFKQtjpPIuVKXumn6I2rVFW7aB60r1CldO9RoeQGS+yi1Sn4QqHol7,10.712330999999999,15.997588,12.255782
450600,a4VPVcO823uFKQtjpPIuVKXumn6I2rVFW7aB60r1CldO9RoeQGS+yi1Sn4QqHol7,10.586211,12.70513,11.417553999999999
450900,a4VPVcO823uFKQtjpPIuVKXumn6I2rVFW7aB60r1CldO9RoeQGS+yi1Sn4QqHol7,10.628867999999999,12.906356,11.459959
451200,a4VPVcO823uFKQtjpPIuVKXumn6I2rVFW7aB60r1CldO9RoeQGS+yi1Sn4QqHol7,10.62951,12.200638,11.386417
451500,a4VPVcO823uFKQtjpPIuVKXumn6I2rVFW7aB60r1CldO9RoeQGS+yi1Sn4QqHol7,7.198288000000001,12.879814,11.092058
451800,a4VPVcO823uFKQtjpPIuVKXumn6I2rVFW7aB60r1CldO9RoeQGS+yi1Sn4QqHol7,10.419564,12.673867999999999,11.457433
452100,a4VPVcO823uFKQtjpPIuVKXumn6I2rVFW7aB60r1CldO9RoeQGS+yi1Sn4QqHol7,10.695108,13.824160000000001,11.677909
452400,a4VPVcO823uFKQtjpPIuVKXumn6I2rVFW7aB60r1CldO9RoeQGS+yi1Sn4QqHol7,10.669737,12.406496,11.494839
452700,a4VPVcO823uFKQtjpPIuVKXumn6I2rVFW7aB60r1CldO9RoeQGS+yi1Sn4QqHol7,7.643375,12.991719999999999,11.299419
453000,a4VPVcO823uFKQtjpPIuVKXumn6I2rVFW7aB60r1CldO9RoeQGS+yi1Sn4QqHol7,10.638507,12.586177000000001,11.446717999999999
453300,a4VPVcO823uFKQtjpPIuVKXumn6I2rVFW7aB60r1CldO9RoeQGS+yi1Sn4QqHol7,10.628546,12.359592999999998,11.421645
453600,a4VPVcO823uFKQtjpPIuVKXumn6I2rVFW7aB60r1CldO9RoeQGS+yi1Sn4QqHol7,10.602382,12.780603999999999,11.534705
453900,a4VPVcO823uFKQtjpPIuVKXumn6I2rVFW7aB60r1CldO9RoeQGS+yi1Sn4QqHol7,10.444592,16.486902,12.401256
454200,a4VPVcO823uFKQtjpPIuVKXumn6I2rVFW7aB60r1CldO9RoeQGS+yi1Sn4QqHol7,6.068199,12.473258999999999,10.998228
454500,a4VPVcO823uFKQtjpPIuVKXumn6I2rVFW7aB60r1CldO9RoeQGS+yi1Sn4QqHol7,10.621774,12.548861,11.494147
454800,a4VPVcO823uFKQtjpPIuVKXumn6I2rVFW7aB60r1CldO9RoeQGS+yi1Sn4QqHol7,10.75341,15.006492000000001,11.601823
455100,a4VPVcO823uFKQtjpPIuVKXumn6I2rVFW7aB60r1CldO9RoeQGS+yi1Sn4QqHol7,10.638668,12.526913,11.492483
455400,a4VPVcO823uFKQtjpPIuVKXumn6I2rVFW7aB60r1CldO9RoeQGS+yi1Sn4QqHol7,10.144294,12.393707000000001,11.343074
455700,a4VPVcO823uFKQtjpPIuVKXumn6I2rVFW7aB60r1CldO9RoeQGS+yi1Sn4QqHol7,10.452877,12.432393,11.444927999999999
456000,a4VPVcO823uFKQtjpPIuVKXumn6I2rVFW7aB60r1CldO9RoeQGS+yi1Sn4QqHol7,10.617411,12.281019,11.45655
456300,a4VPVcO823uFKQtjpPIuVKXumn6I2rVFW7aB60r1CldO9RoeQGS+yi1Sn4QqHol7,10.523452,12.350014,11.397177000000001
456600,a4VPVcO823uFKQtjpPIuVKXumn6I2rVFW7aB60r1CldO9RoeQGS+yi1Sn4QqHol7,10.553265,14.592347,11.727969
456900,a4VPVcO823uFKQtjpPIuVKXumn6I2rVFW7aB60r1CldO9RoeQGS+yi1Sn4QqHol7,5.723885,12.793292999999998,11.122823
457200,a4VPVcO823uFKQtjpPIuVKXumn6I2rVFW7aB60r1CldO9RoeQGS+yi1Sn4QqHol7,10.588891,12.899297,11.553016
457500,a4VPVcO823uFKQtjpPIuVKXumn6I2rVFW7aB60r1CldO9RoeQGS+yi1Sn4QqHol7,10.702494999999999,34.320805,19.802398999999998
457800,a4VPVcO823uFKQtjpPIuVKXumn6I2rVFW7aB60r1CldO9RoeQGS+yi1Sn4QqHol7,10.682739999999999,12.414181,11.499854
458100,a4VPVcO823uFKQtjpPIuVKXumn6I2rVFW7aB60r1CldO9RoeQGS+yi1Sn4QqHol7,10.712627000000001,13.036888000000001,11.598453
458400,a4VPVcO823uFKQtjpPIuVKXumn6I2rVFW7aB60r1CldO9RoeQGS+yi1Sn4QqHol7,10.427710000000001,12.367367,11.409432
458700,a4VPVcO823uFKQtjpPIuVKXumn6I2rVFW7aB60r1CldO9RoeQGS+yi1Sn4QqHol7,10.573137,13.236404,11.608442
459000,a4VPVcO823uFKQtjpPIuVKXumn6I2rVFW7aB60r1CldO9RoeQGS+yi1Sn4QqHol7,10.544121,13.207582,11.431314
459300,a4VPVcO823uFKQtjpPIuVKXumn6I2rVFW7aB60r1CldO9RoeQGS+yi1Sn4QqHol7,10.556266,14.141470000000002,11.54468
459600,a4VPVcO823uFKQtjpPIuVKXumn6I2rVFW7aB60r1CldO9RoeQGS+yi1Sn4QqHol7,5.992916999999999,12.512906,11.104104
459900,a4VPVcO823uFKQtjpPIuVKXumn6I2rVFW7aB60r1CldO9RoeQGS+yi1Sn4QqHol7,10.479489,14.385748000000001,11.915088
460200,a4VPVcO823uFKQtjpPIuVKXumn6I2rVFW7aB60r1CldO9RoeQGS+yi1Sn4QqHol7,10.593359,13.104629,11.448717
460500,a4VPVcO823uFKQtjpPIuVKXumn6I2rVFW7aB60r1CldO9RoeQGS+yi1Sn4QqHol7,10.471902,12.246266,11.393510000000001
460800,a4VPVcO823uFKQtjpPIuVKXumn6I2rVFW7aB60r1CldO9RoeQGS+yi1Sn4QqHol7,10.466928999999999,12.437346,11.38235
461100,a4VPVcO823uFKQtjpPIuVKXumn6I2rVFW7aB60r1CldO9RoeQGS+yi1Sn4QqHol7,10.530169,12.485611,11.375849
461400,a4VPVcO823uFKQtjpPIuVKXumn6I2rVFW7aB60r1CldO9RoeQGS+yi1Sn4QqHol7,10.715241,16.683873000000002,12.536191
461700,a4VPVcO823uFKQtjpPIuVKXumn6I2rVFW7aB60r1CldO9RoeQGS+yi1Sn4QqHol7,10.452695,12.318479,11.494081
462000,a4VPVcO823uFKQtjpPIuVKXumn6I2rVFW7aB60r1CldO9RoeQGS+yi1Sn4QqHol7,10.580225,12.258108,11.371858
462300,a4VPVcO823uFKQtjpPIuVKXumn6I2rVFW7aB60r1CldO9RoeQGS+yi1Sn4QqHol7,5.98908,12.319443,10.983971
462600,a4VPVcO823uFKQtjpPIuVKXumn6I2rVFW7aB60r1CldO9RoeQGS+yi1Sn4QqHol7,10.519635000000001,12.866102,11.467442
462900,a4VPVcO823uFKQtjpPIuVKXumn6I2rVFW7aB60r1CldO9RoeQGS+yi1Sn4QqHol7,10.602785,12.414041000000001,11.480769
463200,a4VPVcO823uFKQtjpPIuVKXumn6I2rVFW7aB60r1CldO9RoeQGS+yi1Sn4QqHol7,10.601299000000001,12.435425,11.447559
463500,a4VPVcO823uFKQtjpPIuVKXumn6I2rVFW7aB60r1CldO9RoeQGS+yi1Sn4QqHol7,10.080556,13.077647,11.350052
463800,a4VPVcO823uFKQtjpPIuVKXumn6I2rVFW7aB60r1CldO9RoeQGS+yi1Sn4QqHol7,10.501375999999999,12.228436,11.298029
464100,a4VPVcO823uFKQtjpPIuVKXumn6I2rVFW7aB60r1CldO9RoeQGS+yi1Sn4QqHol7,10.688969,12.700768,11.502261
464400,a4VPVcO823uFKQtjpPIuVKXumn6I2rVFW7aB60r1CldO9RoeQGS+yi1Sn4QqHol7,10.344939,12.809369,11.473397
464700,a4VPVcO823uFKQtjpPIuVKXumn6I2rVFW7aB60r1CldO9RoeQGS+yi1Sn4QqHol7,10.658661,12.776335000000001,11.563957
465000,a4VPVcO823uFKQtjpPIuVKXumn6I2rVFW7aB60r1CldO9RoeQGS+yi1Sn4QqHol7,5.9009480000000005,15.679086999999999,11.847989
465300,a4VPVcO823uFKQtjpPIuVKXumn6I2rVFW7aB60r1CldO9RoeQGS+yi1Sn4QqHol7,10.617583999999999,12.700224,11.483682
465600,a4VPVcO823uFKQtjpPIuVKXumn6I2rVFW7aB60r1CldO9RoeQGS+yi1Sn4QqHol7,10.614757,12.684797999999999,11.499514
465900,a4VPVcO823uFKQtjpPIuVKXumn6I2rVFW7aB60r1CldO9RoeQGS+yi1Sn4QqHol7,10.521517,12.210267,11.480275
466200,a4VPVcO823uFKQtjpPIuVKXumn6I2rVFW7aB60r1CldO9RoeQGS+yi1Sn4QqHol7,10.560571000000001,13.143759,11.527686
466500,a4VPVcO823uFKQtjpPIuVKXumn6I2rVFW7aB60r1CldO9RoeQGS+yi1Sn4QqHol7,10.4423,12.306026,11.393044999999999
466800,a4VPVcO823uFKQtjpPIuVKXumn6I2rVFW7aB60r1CldO9RoeQGS+yi1Sn4QqHol7,10.565071000000001,14.288337,11.63992
467100,a4VPVcO823uFKQtjpPIuVKXumn6I2rVFW7aB60r1CldO9RoeQGS+yi1Sn4QqHol7,10.498525,12.320456,11.295817
467400,a4VPVcO823uFKQtjpPIuVKXumn6I2rVFW7aB60r1CldO9RoeQGS+yi1Sn4QqHol7,10.53572,12.169036,11.307021
467700,a4VPVcO823uFKQtjpPIuVKXumn6I2rVFW7aB60r1CldO9RoeQGS+yi1Sn4QqHol7,5.843504,12.209072,10.91957
468000,a4VPVcO823uFKQtjpPIuVKXumn6I2rVFW7aB60r1CldO9RoeQGS+yi1Sn4QqHol7,10.445578,12.525986,11.304005
468300,a4VPVcO823uFKQtjpPIuVKXumn6I2rVFW7aB60r1CldO9RoeQGS+yi1Sn4QqHol7,10.568236,12.264422,11.400905
468600,a4VPVcO823uFKQtjpPIuVKXumn6I2rVFW7aB60r1CldO9RoeQGS+yi1Sn4QqHol7,10.594361,15.763142000000002,12.266216
468900,a4VPVcO823uFKQtjpPIuVKXumn6I2rVFW7aB60r1CldO9RoeQGS+yi1Sn4QqHol7,7.296524000000001,12.504942,11.020044
469200,a4VPVcO823uFKQtjpPIuVKXumn6I2rVFW7aB60r1CldO9RoeQGS+yi1Sn4QqHol7,10.454269,12.593123,11.34246
469500,a4VPVcO823uFKQtjpPIuVKXumn6I2rVFW7aB60r1CldO9RoeQGS+yi1Sn4QqHol7,10.57592,15.742287,11.666282
469800,a4VPVcO823uFKQtjpPIuVKXumn6I2rVFW7aB60r1CldO9RoeQGS+yi1Sn4QqHol7,10.471739,13.006269,11.434435
470100,a4VPVcO823uFKQtjpPIuVKXumn6I2rVFW7aB60r1CldO9RoeQGS+yi1Sn4QqHol7,10.416258000000001,14.226314000000002,11.466911999999999
470400,a4VPVcO823uFKQtjpPIuVKXumn6I2rVFW7aB60r1CldO9RoeQGS+yi1Sn4QqHol7,10.636057000000001,12.379947999999999,11.398341
470700,a4VPVcO823uFKQtjpPIuVKXumn6I2rVFW7aB60r1CldO9RoeQGS+yi1Sn4QqHol7,10.591516,12.604447,11.416696
471000,a4VPVcO823uFKQtjpPIuVKXumn6I2rVFW7aB60r1CldO9RoeQGS+yi1Sn4QqHol7,10.438757,12.58513,11.365888
471300,a4VPVcO823uFKQtjpPIuVKXumn6I2rVFW7aB60r1CldO9RoeQGS+yi1Sn4QqHol7,10.599083,12.530312,11.479834
471600,a4VPVcO823uFKQtjpPIuVKXumn6I2rVFW7aB60r1CldO9RoeQGS+yi1Sn4QqHol7,5.864361,13.073555,11.011165
471900,a4VPVcO823uFKQtjpPIuVKXumn6I2rVFW7aB60r1CldO9RoeQGS+yi1Sn4QqHol7,10.554248,12.766117999999999,11.427864999999999
472200,a4VPVcO823uFKQtjpPIuVKXumn6I2rVFW7aB60r1CldO9RoeQGS+yi1Sn4QqHol7,10.684685,15.720365,12.357833
472500,a4VPVcO823uFKQtjpPIuVKXumn6I2rVFW7aB60r1CldO9RoeQGS+yi1Sn4QqHol7,10.624399,12.573788,11.403021
472800,a4VPVcO823uFKQtjpPIuVKXumn6I2rVFW7aB60r1CldO9RoeQGS+yi1Sn4QqHol7,10.453406,12.339069,11.401581
473100,a4VPVcO823uFKQtjpPIuVKXumn6I2rVFW7aB60r1CldO9RoeQGS+yi1Sn4QqHol7,9.259945,12.642796,11.344049
473400,a4VPVcO823uFKQtjpPIuVKXumn6I2rVFW7aB60r1CldO9RoeQGS+yi1Sn4QqHol7,10.414419,12.395237,11.484293
473700,a4VPVcO823uFKQtjpPIuVKXumn6I2rVFW7aB60r1CldO9RoeQGS+yi1Sn4QqHol7,10.715323,13.138135,11.446781
474000,a4VPVcO823uFKQtjpPIuVKXumn6I2rVFW7aB60r1CldO9RoeQGS+yi1Sn4QqHol7,10.744034,12.311357000000001,11.451539
474300,a4VPVcO823uFKQtjpPIuVKXumn6I2rVFW7aB60r1CldO9RoeQGS+yi1Sn4QqHol7,6.5473930000000005,12.522071,10.987237
474600,a4VPVcO823uFKQtjpPIuVKXumn6I2rVFW7aB60r1CldO9RoeQGS+yi1Sn4QqHol7,10.405878999999999,12.113545,11.307289
474900,a4VPVcO823uFKQtjpPIuVKXumn6I2rVFW7aB60r1CldO9RoeQGS+yi1Sn4QqHol7,10.679988,12.874775,11.550358000000001
475200,a4VPVcO823uFKQtjpPIuVKXumn6I2rVFW7aB60r1CldO9RoeQGS+yi1Sn4QqHol7,10.535113,12.715297,11.423419
475500,a4VPVcO823uFKQtjpPIuVKXumn6I2rVFW7aB60r1CldO9RoeQGS+yi1Sn4QqHol7,9.639469,12.042325,11.228369
475800,a4VPVcO823uFKQtjpPIuVKXumn6I2rVFW7aB60r1CldO9RoeQGS+yi1Sn4QqHol7,10.567944,21.543687,12.449596000000001
476100,a4VPVcO823uFKQtjpPIuVKXumn6I2rVFW7aB60r1CldO9RoeQGS+yi1Sn4QqHol7,10.502835000000001,15.789756,11.963224
476400,a4VPVcO823uFKQtjpPIuVKXumn6I2rVFW7aB60r1CldO9RoeQGS+yi1Sn4QqHol7,10.436852,13.149395000000002,11.442317999999998
476700,a4VPVcO823uFKQtjpPIuVKXumn6I2rVFW7aB60r1CldO9RoeQGS+yi1Sn4QqHol7,10.575865,12.51459,11.483317999999999
477000,a4VPVcO823uFKQtjpPIuVKXumn6I2rVFW7aB60r1CldO9RoeQGS+yi1Sn4QqHol7,7.096277000000001,12.354883000000001,11.061517
477300,a4VPVcO823uFKQtjpPIuVKXumn6I2rVFW7aB60r1CldO9RoeQGS+yi1Sn4QqHol7,10.647339,12.24738,11.43217
477600,a4VPVcO823uFKQtjpPIuVKXumn6I2rVFW7aB60r1CldO9RoeQGS+yi1Sn4QqHol7,10.532735,13.917941,11.702589
477900,a4VPVcO823uFKQtjpPIuVKXumn6I2rVFW7aB60r1CldO9RoeQGS+yi1Sn4QqHol7,10.638919,12.512728,11.470102
478200,a4VPVcO823uFKQtjpPIuVKXumn6I2rVFW7aB60r1CldO9RoeQGS+yi1Sn4QqHol7,8.555755,12.250294,11.058786999999999
478500,a4VPVcO823uFKQtjpPIuVKXumn6I2rVFW7aB60r1CldO9RoeQGS+yi1Sn4QqHol7,10.679655,13.422245000000002,11.547205
478800,a4VPVcO823uFKQtjpPIuVKXumn6I2rVFW7aB60r1CldO9RoeQGS+yi1Sn4QqHol7,10.462615,12.709263,11.446375999999999
479100,a4VPVcO823uFKQtjpPIuVKXumn6I2rVFW7aB60r1CldO9RoeQGS+yi1Sn4QqHol7,10.561316,13.02748,11.500084
479400,a4VPVcO823uFKQtjpPIuVKXumn6I2rVFW7aB60r1CldO9RoeQGS+yi1Sn4QqHol7,10.533159,12.270386,11.462094
479700,a4VPVcO823uFKQtjpPIuVKXumn6I2rVFW7aB60r1CldO9RoeQGS+yi1Sn4QqHol7,5.902995,16.841178,11.814925
480000,a4VPVcO823uFKQtjpPIuVKXumn6I2rVFW7aB60r1CldO9RoeQGS+yi1Sn4QqHol7,10.542072000000001,12.261319,11.315533
480300,a4VPVcO823uFKQtjpPIuVKXumn6I2rVFW7aB60r1CldO9RoeQGS+yi1Sn4QqHol7,10.507082,13.218798999999999,11.527595
480600,a4VPVcO823uFKQtjpPIuVKXumn6I2rVFW7aB60r1CldO9RoeQGS+yi1Sn4QqHol7,10.431132,12.760416000000001,11.362266
480900,a4VPVcO823uFKQtjpPIuVKXumn6I2rVFW7aB60r1CldO9RoeQGS+yi1Sn4QqHol7,7.788075,12.520059,11.004964999999999
481200,a4VPVcO823uFKQtjpPIuVKXumn6I2rVFW7aB60r1CldO9RoeQGS+yi1Sn4QqHol7,10.577706,15.96667,11.78111
481500,a4VPVcO823uFKQtjpPIuVKXumn6I2rVFW7aB60r1CldO9RoeQGS+yi1Sn4QqHol7,10.648318,12.449760000000001,11.534892
481800,a4VPVcO823uFKQtjpPIuVKXumn6I2rVFW7aB60r1CldO9RoeQGS+yi1Sn4QqHol7,10.108778,12.230542,11.382041000000001
482100,a4VPVcO823uFKQtjpPIuVKXumn6I2rVFW7aB60r1CldO9RoeQGS+yi1Sn4QqHol7,10.409233,12.399962,11.491156
482400,a4VPVcO823uFKQtjpPIuVKXumn6I2rVFW7aB60r1CldO9RoeQGS+yi1Sn4QqHol7,7.355355,12.456373,11.052221000000001
482700,a4VPVcO823uFKQtjpPIuVKXumn6I2rVFW7aB60r1CldO9RoeQGS+yi1Sn4QqHol7,10.465574,25.873725,12.660547
483000,a4VPVcO823uFKQtjpPIuVKXumn6I2rVFW7aB60r1CldO9RoeQGS+yi1Sn4QqHol7,10.355917,13.353786999999999,11.748707000000001
483300,a4VPVcO823uFKQtjpPIuVKXumn6I2rVFW7aB60r1CldO9RoeQGS+yi1Sn4QqHol7,10.623552,16.044168,12.787853
483600,a4VPVcO823uFKQtjpPIuVKXumn6I2rVFW7aB60r1CldO9RoeQGS+yi1Sn4QqHol7,7.765389999999999,12.726083000000001,11.114189999999999
483900,a4VPVcO823uFKQtjpPIuVKXumn6I2rVFW7aB60r1CldO9RoeQGS+yi1Sn4QqHol7,10.406609,13.167306,11.582379
484200,a4VPVcO823uFKQtjpPIuVKXumn6I2rVFW7aB60r1CldO9RoeQGS+yi1Sn4QqHol7,10.463586,12.871249,11.438711999999999
484500,a4VPVcO823uFKQtjpPIuVKXumn6I2rVFW7aB60r1CldO9RoeQGS+yi1Sn4QqHol7,10.559663,12.209444,11.380395
484800,a4VPVcO823uFKQtjpPIuVKXumn6I2rVFW7aB60r1CldO9RoeQGS+yi1Sn4QqHol7,10.439411,12.471286,11.394138
485100,a4VPVcO823uFKQtjpPIuVKXumn6I2rVFW7aB60r1CldO9RoeQGS+yi1Sn4QqHol7,7.739061,12.462919,11.214079
485400,a4VPVcO823uFKQtjpPIuVKXumn6I2rVFW7aB60r1CldO9RoeQGS+yi1Sn4QqHol7,10.564752,12.365159,11.411152000000001
485700,a4VPVcO823uFKQtjpPIuVKXumn6I2rVFW7aB60r1CldO9RoeQGS+yi1Sn4QqHol7,10.285671,13.210833,11.465237
486000,a4VPVcO823uFKQtjpPIuVKXumn6I2rVFW7aB60r1CldO9RoeQGS+yi1Sn4QqHol7,10.462010000000001,12.635372,11.373827
486300,a4VPVcO823uFKQtjpPIuVKXumn6I2rVFW7aB60r1CldO9RoeQGS+yi1Sn4QqHol7,7.247663,32.126603,15.628089000000001
486600,a4VPVcO823uFKQtjpPIuVKXumn6I2rVFW7aB60r1CldO9RoeQGS+yi1Sn4QqHol7,10.746855,14.932124,11.663608
486900,a4VPVcO823uFKQtjpPIuVKXumn6I2rVFW7aB60r1CldO9RoeQGS+yi1Sn4QqHol7,10.307762,30.704968,13.727369
487200,a4VPVcO823uFKQtjpPIuVKXumn6I2rVFW7aB60r1CldO9RoeQGS+yi1Sn4QqHol7,10.595577,12.823869,11.559064999999999
487500,a4VPVcO823uFKQtjpPIuVKXumn6I2rVFW7aB60r1CldO9RoeQGS+yi1Sn4QqHol7,10.720134,12.484825,11.574564
487800,a4VPVcO823uFKQtjpPIuVKXumn6I2rVFW7aB60r1CldO9RoeQGS+yi1Sn4QqHol7,5.958638,12.682514,10.910088
488100,a4VPVcO823uFKQtjpPIuVKXumn6I2rVFW7aB60r1CldO9RoeQGS+yi1Sn4QqHol7,10.602941,12.267525,11.393881
488400,a4VPVcO823uFKQtjpPIuVKXumn6I2rVFW7aB60r1CldO9RoeQGS+yi1Sn4QqHol7,10.80095,12.354867,11.537633
488700,a4VPVcO823uFKQtjpPIuVKXumn6I2rVFW7aB60r1CldO9RoeQGS+yi1Sn4QqHol7,10.293034,12.396272999999999,11.434865
489000,a4VPVcO823uFKQtjpPIuVKXumn6I2rVFW7aB60r1CldO9RoeQGS+yi1Sn4QqHol7,10.430816,13.569037,11.474377
489300,a4VPVcO823uFKQtjpPIuVKXumn6I2rVFW7aB60r1CldO9RoeQGS+yi1Sn4QqHol7,10.554998,12.557547999999999,11.551624
489600,a4VPVcO823uFKQtjpPIuVKXumn6I2rVFW7aB60r1CldO9RoeQGS+yi1Sn4QqHol7,10.470741,12.877072,11.359169
489900,a4VPVcO823uFKQtjpPIuVKXumn6I2rVFW7aB60r1CldO9RoeQGS+yi1Sn4QqHol7,10.551243,12.605535,11.464025
490200,a4VPVcO823uFKQtjpPIuVKXumn6I2rVFW7aB60r1CldO9RoeQGS+yi1Sn4QqHol7,10.506744,12.827786,11.524913
490500,a4VPVcO823uFKQtjpPIuVKXumn6I2rVFW7aB60r1CldO9RoeQGS+yi1Sn4QqHol7,10.272936,12.26638,11.358478999999999
490800,a4VPVcO823uFKQtjpPIuVKXumn6I2rVFW7aB60r1CldO9RoeQGS+yi1Sn4QqHol7,10.584351,75.236868,19.425117999999998
491100,a4VPVcO823uFKQtjpPIuVKXumn6I2rVFW7aB60r1CldO9RoeQGS+yi1Sn4QqHol7,10.643035000000001,35.055153000000004,14.949519
491400,a4VPVcO823uFKQtjpPIuVKXumn6I2rVFW7aB60r1CldO9RoeQGS+yi1Sn4QqHol7,10.39226,12.576656,11.425075
491700,a4VPVcO823uFKQtjpPIuVKXumn6I2rVFW7aB60r1CldO9RoeQGS+yi1Sn4QqHol7,8.912738000000001,12.250678,11.221256
492000,a4VPVcO823uFKQtjpPIuVKXumn6I2rVFW7aB60r1CldO9RoeQGS+yi1Sn4QqHol7,10.265433,12.115762,11.325096
492300,a4VPVcO823uFKQtjpPIuVKXumn6I2rVFW7aB60r1CldO9RoeQGS+yi1Sn4QqHol7,10.476185000000001,18.147904,11.80149
492600,a4VPVcO823uFKQtjpPIuVKXumn6I2rVFW7aB60r1CldO9RoeQGS+yi1Sn4QqHol7,5.823484,12.531628999999999,10.927475
492900,a4VPVcO823uFKQtjpPIuVKXumn6I2rVFW7aB60r1CldO9RoeQGS+yi1Sn4QqHol7,10.577952999999999,12.282331,11.351668
493200,a4VPVcO823uFKQtjpPIuVKXumn6I2rVFW7aB60r1CldO9RoeQGS+yi1Sn4QqHol7,10.359282,12.699641999999999,11.460396000000001
493500,a4VPVcO823uFKQtjpPIuVKXumn6I2rVFW7aB60r1CldO9RoeQGS+yi1Sn4QqHol7,10.232052000000001,12.233051,11.304273
493800,a4VPVcO823uFKQtjpPIuVKXumn6I2rVFW7aB60r1CldO9RoeQGS+yi1Sn4QqHol7,10.495796,12.54682,11.384623
494100,a4VPVcO823uFKQtjpPIuVKXumn6I2rVFW7aB60r1CldO9RoeQGS+yi1Sn4QqHol7,10.456732,12.595018,11.383268
494400,a4VPVcO823uFKQtjpPIuVKXumn6I2rVFW7aB60r1CldO9RoeQGS+yi1Sn4QqHol7,10.508588,16.137653,12.268195
494700,a4VPVcO823uFKQtjpPIuVKXumn6I2rVFW7aB60r1CldO9RoeQGS+yi1Sn4QqHol7,10.582499,12.668232000000001,11.466733
495000,a4VPVcO823uFKQtjpPIuVKXumn6I2rVFW7aB60r1CldO9RoeQGS+yi1Sn4QqHol7,10.481601,14.513941,11.662381
495300,a4VPVcO823uFKQtjpPIuVKXumn6I2rVFW7aB60r1CldO9RoeQGS+yi1Sn4QqHol7,8.637835,12.136237,11.116275
495600,a4VPVcO823uFKQtjpPIuVKXumn6I2rVFW7aB60r1CldO9RoeQGS+yi1Sn4QqHol7,10.58977,12.351105,11.389846
495900,a4VPVcO823uFKQtjpPIuVKXumn6I2rVFW7aB60r1CldO9RoeQGS+yi1Sn4QqHol7,10.473898,12.596465,11.413638
496200,a4VPVcO823uFKQtjpPIuVKXumn6I2rVFW7aB60r1CldO9RoeQGS+yi1Sn4QqHol7,10.401239,12.174292999999999,11.244838
496500,a4VPVcO823uFKQtjpPIuVKXumn6I2rVFW7aB60r1CldO9RoeQGS+yi1Sn4QqHol7,10.445045,13.269519,11.540578
496800,a4VPVcO823uFKQtjpPIuVKXumn6I2rVFW7aB60r1CldO9RoeQGS+yi1Sn4QqHol7,10.521838,12.397331,11.333079
497100,a4VPVcO823uFKQtjpPIuVKXumn6I2rVFW7aB60r1CldO9RoeQGS+yi1Sn4QqHol7,5.945719,12.613508,10.902459
497400,a4VPVcO823uFKQtjpPIuVKXumn6I2rVFW7aB60r1CldO9RoeQGS+yi1Sn4QqHol7,10.397397999999999,12.649564,11.412321
497700,a4VPVcO823uFKQtjpPIuVKXumn6I2rVFW7aB60r1CldO9RoeQGS+yi1Sn4QqHol7,10.53929,15.224417,11.699049
498000,a4VPVcO823uFKQtjpPIuVKXumn6I2rVFW7aB60r1CldO9RoeQGS+yi1Sn4QqHol7,10.505224,15.842988,12.206946
498300,a4VPVcO823uFKQtjpPIuVKXumn6I2rVFW7aB60r1CldO9RoeQGS+yi1Sn4QqHol7,10.300977,12.661071000000002,11.513975
498600,a4VPVcO823uFKQtjpPIuVKXumn6I2rVFW7aB60r1CldO9RoeQGS+yi1Sn4QqHol7,9.67356,13.439076000000002,11.378308
498900,a4VPVcO823uFKQtjpPIuVKXumn6I2rVFW7aB60r1CldO9RoeQGS+yi1Sn4QqHol7,10.531438,12.520004,11.453361
499200,a4VPVcO823uFKQtjpPIuVKXumn6I2rVFW7aB60r1CldO9RoeQGS+yi1Sn4QqHol7,10.363026,14.017237,11.722666
499500,a4VPVcO823uFKQtjpPIuVKXumn6I2rVFW7aB60r1CldO9RoeQGS+yi1Sn4QqHol7,10.525551,12.734098,11.506026
499800,a4VPVcO823uFKQtjpPIuVKXumn6I2rVFW7aB60r1CldO9RoeQGS+yi1Sn4QqHol7,6.452672,12.61616,11.049853
500100,a4VPVcO823uFKQtjpPIuVKXumn6I2rVFW7aB60r1CldO9RoeQGS+yi1Sn4QqHol7,10.501327999999999,13.249094,11.737459
500400,a4VPVcO823uFKQtjpPIuVKXumn6I2rVFW7aB60r1CldO9RoeQGS+yi1Sn4QqHol7,10.533586999999999,13.127359,11.591436
500700,a4VPVcO823uFKQtjpPIuVKXumn6I2rVFW7aB60r1CldO9RoeQGS+yi1Sn4QqHol7,10.549255,14.104878,11.663224000000001
501000,a4VPVcO823uFKQtjpPIuVKXumn6I2rVFW7aB60r1CldO9RoeQGS+yi1Sn4QqHol7,10.535029,12.446363999999999,11.534925999999999
501300,a4VPVcO823uFKQtjpPIuVKXumn6I2rVFW7aB60r1CldO9RoeQGS+yi1Sn4QqHol7,8.585675,12.841205,11.300991
501600,a4VPVcO823uFKQtjpPIuVKXumn6I2rVFW7aB60r1CldO9RoeQGS+yi1Sn4QqHol7,10.542565,16.605945000000002,12.333024
501900,a4VPVcO823uFKQtjpPIuVKXumn6I2rVFW7aB60r1CldO9RoeQGS+yi1Sn4QqHol7,10.542997,13.122729999999999,11.579431
502200,a4VPVcO823uFKQtjpPIuVKXumn6I2rVFW7aB60r1CldO9RoeQGS+yi1Sn4QqHol7,10.32615,12.647001,11.468846000000001
502500,a4VPVcO823uFKQtjpPIuVKXumn6I2rVFW7aB60r1CldO9RoeQGS+yi1Sn4QqHol7,7.004301,12.578122,11.084261999999999
502800,a4VPVcO823uFKQtjpPIuVKXumn6I2rVFW7aB60r1CldO9RoeQGS+yi1Sn4QqHol7,10.4076,12.599675999999999,11.495229
503100,a4VPVcO823uFKQtjpPIuVKXumn6I2rVFW7aB60r1CldO9RoeQGS+yi1Sn4QqHol7,10.323048,14.554231,11.832813
503400,a4VPVcO823uFKQtjpPIuVKXumn6I2rVFW7aB60r1CldO9RoeQGS+yi1Sn4QqHol7,10.578457,12.992084,11.650628
503700,a4VPVcO823uFKQtjpPIuVKXumn6I2rVFW7aB60r1CldO9RoeQGS+yi1Sn4QqHol7,10.527484,12.875214,11.657134
504000,a4VPVcO823uFKQtjpPIuVKXumn6I2rVFW7aB60r1CldO9RoeQGS+yi1Sn4QqHol7,7.968166,12.534619000000001,11.316431
504300,a4VPVcO823uFKQtjpPIuVKXumn6I2rVFW7aB60r1CldO9RoeQGS+yi1Sn4QqHol7,10.520201,13.009822999999999,11.634005
504600,a4VPVcO823uFKQtjpPIuVKXumn6I2rVFW7aB60r1CldO9RoeQGS+yi1Sn4QqHol7,10.511884,13.335076999999998,11.6681
504900,a4VPVcO823uFKQtjpPIuVKXumn6I2rVFW7aB60r1CldO9RoeQGS+yi1Sn4QqHol7,10.386585,12.9586,11.652449
505200,a4VPVcO823uFKQtjpPIuVKXumn6I2rVFW7aB60r1CldO9RoeQGS+yi1Sn4QqHol7,6.567314,16.043795000000003,11.619361999999999
505500,a4VPVcO823uFKQtjpPIuVKXumn6I2rVFW7aB60r1CldO9RoeQGS+yi1Sn4QqHol7,10.464907,16.053658,11.962775
505800,a4VPVcO823uFKQtjpPIuVKXumn6I2rVFW7aB60r1CldO9RoeQGS+yi1Sn4QqHol7,10.480967999999999,13.257331,11.702606
506100,a4VPVcO823uFKQtjpPIuVKXumn6I2rVFW7aB60r1CldO9RoeQGS+yi1Sn4QqHol7,10.321247,15.157576,11.606633
506400,a4VPVcO823uFKQtjpPIuVKXumn6I2rVFW7aB60r1CldO9RoeQGS+yi1Sn4QqHol7,10.302757000000001,12.362162,11.417196
506700,a4VPVcO823uFKQtjpPIuVKXumn6I2rVFW7aB60r1CldO9RoeQGS+yi1Sn4QqHol7,10.421585,13.35144,11.493622
507000,a4VPVcO823uFKQtjpPIuVKXumn6I2rVFW7aB60r1CldO9RoeQGS+yi1Sn4QqHol7,10.423091000000001,12.466973,11.458206
507300,a4VPVcO823uFKQtjpPIuVKXumn6I2rVFW7aB60r1CldO9RoeQGS+yi1Sn4QqHol7,10.484277,16.537453,11.810705
507600,a4VPVcO823uFKQtjpPIuVKXumn6I2rVFW7aB60r1CldO9RoeQGS+yi1Sn4QqHol7,10.435214,12.367792,11.375941000000001
507900,a4VPVcO823uFKQtjpPIuVKXumn6I2rVFW7aB60r1CldO9RoeQGS+yi1Sn4QqHol7,8.39335,12.559417,11.153839
508200,a4VPVcO823uFKQtjpPIuVKXumn6I2rVFW7aB60r1CldO9RoeQGS+yi1Sn4QqHol7,10.403017,13.164256,11.611711
508500,a4VPVcO823uFKQtjpPIuVKXumn6I2rVFW7aB60r1CldO9RoeQGS+yi1Sn4QqHol7,10.385689,14.022357000000001,11.723697
508800,a4VPVcO823uFKQtjpPIuVKXumn6I2rVFW7aB60r1CldO9RoeQGS+yi1Sn4QqHol7,5.803006,13.113097,11.151991
509100,a4VPVcO823uFKQtjpPIuVKXumn6I2rVFW7aB60r1CldO9RoeQGS+yi1Sn4QqHol7,10.801228,16.608378,12.450279
509400,a4VPVcO823uFKQtjpPIuVKXumn6I2rVFW7aB60r1CldO9RoeQGS+yi1Sn4QqHol7,10.532981,12.87617,11.697756
509700,a4VPVcO823uFKQtjpPIuVKXumn6I2rVFW7aB60r1CldO9RoeQGS+yi1Sn4QqHol7,10.558061,12.611887,11.68722
510000,a4VPVcO823uFKQtjpPIuVKXumn6I2rVFW7aB60r1CldO9RoeQGS+yi1Sn4QqHol7,6.457651,13.287969,11.166944
510300,a4VPVcO823uFKQtjpPIuVKXumn6I2rVFW7aB60r1CldO9RoeQGS+yi1Sn4QqHol7,10.637952,12.485146,11.561511999999999
510600,a4VPVcO823uFKQtjpPIuVKXumn6I2rVFW7aB60r1CldO9RoeQGS+yi1Sn4QqHol7,10.309526,15.970873999999998,11.824953
510900,a4VPVcO823uFKQtjpPIuVKXumn6I2rVFW7aB60r1CldO9RoeQGS+yi1Sn4QqHol7,10.422232000000001,12.953797999999999,11.576794999999999
511200,a4VPVcO823uFKQtjpPIuVKXumn6I2rVFW7aB60r1CldO9RoeQGS+yi1Sn4QqHol7,8.466809,12.553813,11.384903999999999
511500,a4VPVcO823uFKQtjpPIuVKXumn6I2rVFW7aB60r1CldO9RoeQGS+yi1Sn4QqHol7,10.603565,14.037268,11.70035
511800,a4VPVcO823uFKQtjpPIuVKXumn6I2rVFW7aB60r1CldO9RoeQGS+yi1Sn4QqHol7,10.529996,13.053891,11.582419999999999
512100,a4VPVcO823uFKQtjpPIuVKXumn6I2rVFW7aB60r1CldO9RoeQGS+yi1Sn4QqHol7,10.702517,15.398565,11.963527000000001
512400,a4VPVcO823uFKQtjpPIuVKXumn6I2rVFW7aB60r1CldO9RoeQGS+yi1Sn4QqHol7,10.606324,12.720353,11.622812
512700,a4VPVcO823uFKQtjpPIuVKXumn6I2rVFW7aB60r1CldO9RoeQGS+yi1Sn4QqHol7,10.550623,15.711901000000001,12.302424
513000,a4VPVcO823uFKQtjpPIuVKXumn6I2rVFW7aB60r1CldO9RoeQGS+yi1Sn4QqHol7,10.62369,12.759782000000001,11.641411
513300,a4VPVcO823uFKQtjpPIuVKXumn6I2rVFW7aB60r1CldO9RoeQGS+yi1Sn4QqHol7,10.610821000000001,14.032794,11.728621
513600,a4VPVcO823uFKQtjpPIuVKXumn6I2rVFW7aB60r1CldO9RoeQGS+yi1Sn4QqHol7,10.172545,12.848533,11.572125999999999
513900,a4VPVcO823uFKQtjpPIuVKXumn6I2rVFW7aB60r1CldO9RoeQGS+yi1Sn4QqHol7,7.515252,13.227757999999998,11.203914
514200,a4VPVcO823uFKQtjpPIuVKXumn6I2rVFW7aB60r1CldO9RoeQGS+yi1Sn4QqHol7,10.78754,15.368835,11.976802000000001
514500,a4VPVcO823uFKQtjpPIuVKXumn6I2rVFW7aB60r1CldO9RoeQGS+yi1Sn4QqHol7,10.343961,12.844081,11.537339
514800,a4VPVcO823uFKQtjpPIuVKXumn6I2rVFW7aB60r1CldO9RoeQGS+yi1Sn4QqHol7,6.627028,12.793395,11.127891
515100,a4VPVcO823uFKQtjpPIuVKXumn6I2rVFW7aB60r1CldO9RoeQGS+yi1Sn4QqHol7,10.661003,35.540378000000004,15.311729000000001
515400,a4VPVcO823uFKQtjpPIuVKXumn6I2rVFW7aB60r1CldO9RoeQGS+yi1Sn4QqHol7,10.440039,13.980657999999998,11.75095
515700,a4VPVcO823uFKQtjpPIuVKXumn6I2rVFW7aB60r1CldO9RoeQGS+yi1Sn4QqHol7,10.466695,12.848246000000001,11.569966
516000,a4VPVcO823uFKQtjpPIuVKXumn6I2rVFW7aB60r1CldO9RoeQGS+yi1Sn4QqHol7,5.788448000000001,12.594441999999999,11.069181
516300,a4VPVcO823uFKQtjpPIuVKXumn6I2rVFW7aB60r1CldO9RoeQGS+yi1Sn4QqHol7,10.668032,31.456039,13.834713
516600,a4VPVcO823uFKQtjpPIuVKXumn6I2rVFW7aB60r1CldO9RoeQGS+yi1Sn4QqHol7,10.512183,14.074576,11.738010000000001
516900,a4VPVcO823uFKQtjpPIuVKXumn6I2rVFW7aB60r1CldO9RoeQGS+yi1Sn4QqHol7,8.584547,12.665104,11.340773
517200,a4VPVcO823uFKQtjpPIuVKXumn6I2rVFW7aB60r1CldO9RoeQGS+yi1Sn4QqHol7,10.504112,12.767616,11.560382
517500,a4VPVcO823uFKQtjpPIuVKXumn6I2rVFW7aB60r1CldO9RoeQGS+yi1Sn4QqHol7,10.388785,14.093472,11.724321
517800,a4VPVcO823uFKQtjpPIuVKXumn6I2rVFW7aB60r1CldO9RoeQGS+yi1Sn4QqHol7,10.457466,12.842578,11.583801
518100,a4VPVcO823uFKQtjpPIuVKXumn6I2rVFW7aB60r1CldO9RoeQGS+yi1Sn4QqHol7,10.261042,12.909353999999999,11.713164
518400,a4VPVcO823uFKQtjpPIuVKXumn6I2rVFW7aB60r1CldO9RoeQGS+yi1Sn4QqHol7,10.419116,12.930113,11.559714999999999
518700,a4VPVcO823uFKQtjpPIuVKXumn6I2rVFW7aB60r1CldO9RoeQGS+yi1Sn4QqHol7,10.541458,14.972149,11.88022
519000,a4VPVcO823uFKQtjpPIuVKXumn6I2rVFW7aB60r1CldO9RoeQGS+yi1Sn4QqHol7,10.560441,12.796491,11.711226
519300,a4VPVcO823uFKQtjpPIuVKXumn6I2rVFW7aB60r1CldO9RoeQGS+yi1Sn4QqHol7,10.462792,13.139206,11.5506
519600,a4VPVcO823uFKQtjpPIuVKXumn6I2rVFW7aB60r1CldO9RoeQGS+yi1Sn4QqHol7,8.020173,13.022386000000001,11.230367
519900,a4VPVcO823uFKQtjpPIuVKXumn6I2rVFW7aB60r1CldO9RoeQGS+yi1Sn4QqHol7,10.416686,15.542784,12.41715
520200,a4VPVcO823uFKQtjpPIuVKXumn6I2rVFW7aB60r1CldO9RoeQGS+yi1Sn4QqHol7,10.347207000000001,13.349851000000001,11.76331
520500,a4VPVcO823uFKQtjpPIuVKXumn6I2rVFW7aB60r1CldO9RoeQGS+yi1Sn4QqHol7,10.380492,12.822564999999999,11.635665
520800,a4VPVcO823uFKQtjpPIuVKXumn6I2rVFW7aB60r1CldO9RoeQGS+yi1Sn4QqHol7,7.012827000000001,12.737241000000001,11.172466
521100,a4VPVcO823uFKQtjpPIuVKXumn6I2rVFW7aB60r1CldO9RoeQGS+yi1Sn4QqHol7,10.401448,12.41442,11.526613000000001
521400,a4VPVcO823uFKQtjpPIuVKXumn6I2rVFW7aB60r1CldO9RoeQGS+yi1Sn4QqHol7,10.393438,17.237669,11.916775999999999
521700,a4VPVcO823uFKQtjpPIuVKXumn6I2rVFW7aB60r1CldO9RoeQGS+yi1Sn4QqHol7,10.537560000000001,12.834695,11.593498
522000,a4VPVcO823uFKQtjpPIuVKXumn6I2rVFW7aB60r1CldO9RoeQGS+yi1Sn4QqHol7,6.1055839999999995,12.483357,11.064105
522300,a4VPVcO823uFKQtjpPIuVKXumn6I2rVFW7aB60r1CldO9RoeQGS+yi1Sn4QqHol7,10.413397999999999,16.144251,11.861573
522600,a4VPVcO823uFKQtjpPIuVKXumn6I2rVFW7aB60r1CldO9RoeQGS+yi1Sn4QqHol7,10.615983,13.096166,11.687634
522900,a4VPVcO823uFKQtjpPIuVKXumn6I2rVFW7aB60r1CldO9RoeQGS+yi1Sn4QqHol7,10.453507,13.281648,11.667959
523200,a4VPVcO823uFKQtjpPIuVKXumn6I2rVFW7aB60r1CldO9RoeQGS+yi1Sn4QqHol7,10.445905999999999,12.619883,11.642499
523500,a4VPVcO823uFKQtjpPIuVKXumn6I2rVFW7aB60r1CldO9RoeQGS+yi1Sn4QqHol7,10.692395,13.118478,11.694014
523800,a4VPVcO823uFKQtjpPIuVKXumn6I2rVFW7aB60r1CldO9RoeQGS+yi1Sn4QqHol7,10.82951,16.486232,12.518189
524100,a4VPVcO823uFKQtjpPIuVKXumn6I2rVFW7aB60r1CldO9RoeQGS+yi1Sn4QqHol7,10.556989999999999,17.008415,12.013874000000001
524400,a4VPVcO823uFKQtjpPIuVKXumn6I2rVFW7aB60r1CldO9RoeQGS+yi1Sn4QqHol7,10.61228,13.09952,11.698942
524700,a4VPVcO823uFKQtjpPIuVKXumn6I2rVFW7aB60r1CldO9RoeQGS+yi1Sn4QqHol7,10.6151,13.200844,11.652806
525000,a4VPVcO823uFKQtjpPIuVKXumn6I2rVFW7aB60r1CldO9RoeQGS+yi1Sn4QqHol7,10.615558,14.15187,11.720276
525300,a4VPVcO823uFKQtjpPIuVKXumn6I2rVFW7aB60r1CldO9RoeQGS+yi1Sn4QqHol7,10.567093,12.777941,11.640976
525600,a4VPVcO823uFKQtjpPIuVKXumn6I2rVFW7aB60r1CldO9RoeQGS+yi1Sn4QqHol7,7.905964,12.55798,11.239853
525900,a4VPVcO823uFKQtjpPIuVKXumn6I2rVFW7aB60r1CldO9RoeQGS+yi1Sn4QqHol7,10.45515,12.637378,11.579023
526200,a4VPVcO823uFKQtjpPIuVKXumn6I2rVFW7aB60r1CldO9RoeQGS+yi1Sn4QqHol7,10.141826,16.318886,11.947503999999999
526500,a4VPVcO823uFKQtjpPIuVKXumn6I2rVFW7aB60r1CldO9RoeQGS+yi1Sn4QqHol7,10.230404,12.753527,11.483616
526800,a4VPVcO823uFKQtjpPIuVKXumn6I2rVFW7aB60r1CldO9RoeQGS+yi1Sn4QqHol7,7.636383,12.469027,11.196216
527100,a4VPVcO823uFKQtjpPIuVKXumn6I2rVFW7aB60r1CldO9RoeQGS+yi1Sn4QqHol7,10.569167,12.871053,11.624419
527400,a4VPVcO823uFKQtjpPIuVKXumn6I2rVFW7aB60r1CldO9RoeQGS+yi1Sn4QqHol7,10.586981,16.040364999999998,12.473674
527700,a4VPVcO823uFKQtjpPIuVKXumn6I2rVFW7aB60r1CldO9RoeQGS+yi1Sn4QqHol7,6.130431,12.674953,11.057084
528000,a4VPVcO823uFKQtjpPIuVKXumn6I2rVFW7aB60r1CldO9RoeQGS+yi1Sn4QqHol7,10.639382000000001,12.721728,11.637080000000001
528300,a4VPVcO823uFKQtjpPIuVKXumn6I2rVFW7aB60r1CldO9RoeQGS+yi1Sn4QqHol7,10.532703,18.267257,11.980229
528600,a4VPVcO823uFKQtjpPIuVKXumn6I2rVFW7aB60r1CldO9RoeQGS+yi1Sn4QqHol7,10.488608000000001,12.499198,11.553668
528900,a4VPVcO823uFKQtjpPIuVKXumn6I2rVFW7aB60r1CldO9RoeQGS+yi1Sn4QqHol7,6.205003,12.902753,11.078999000000001
529200,a4VPVcO823uFKQtjpPIuVKXumn6I2rVFW7aB60r1CldO9RoeQGS+yi1Sn4QqHol7,10.403919,12.851015,11.597673
529500,a4VPVcO823uFKQtjpPIuVKXumn6I2rVFW7aB60r1CldO9RoeQGS+yi1Sn4QqHol7,10.613885,13.647898999999999,11.773222
529800,a4VPVcO823uFKQtjpPIuVKXumn6I2rVFW7aB60r1CldO9RoeQGS+yi1Sn4QqHol7,10.551985,12.905183000000001,11.608461
530100,a4VPVcO823uFKQtjpPIuVKXumn6I2rVFW7aB60r1CldO9RoeQGS+yi1Sn4QqHol7,8.704823,12.575712,11.417707
530400,a4VPVcO823uFKQtjpPIuVKXumn6I2rVFW7aB60r1CldO9RoeQGS+yi1Sn4QqHol7,10.568315,12.888231,11.628767
530700,a4VPVcO823uFKQtjpPIuVKXumn6I2rVFW7aB60r1CldO9RoeQGS+yi1Sn4QqHol7,10.526773,12.984171,11.629626
531000,a4VPVcO823uFKQtjpPIuVKXumn6I2rVFW7aB60r1CldO9RoeQGS+yi1Sn4QqHol7,10.694084,15.926242000000002,12.445861
531300,a4VPVcO823uFKQtjpPIuVKXumn6I2rVFW7aB60r1CldO9RoeQGS+yi1Sn4QqHol7,10.429668,12.645197,11.511372
531600,a4VPVcO823uFKQtjpPIuVKXumn6I2rVFW7aB60r1CldO9RoeQGS+yi1Sn4QqHol7,10.546104,13.312898,11.766497
531900,a4VPVcO823uFKQtjpPIuVKXumn6I2rVFW7aB60r1CldO9RoeQGS+yi1Sn4QqHol7,10.284405,12.728717,11.504799
532200,a4VPVcO823uFKQtjpPIuVKXumn6I2rVFW7aB60r1CldO9RoeQGS+yi1Sn4QqHol7,10.418209,12.892783,11.673134
532500,a4VPVcO823uFKQtjpPIuVKXumn6I2rVFW7aB60r1CldO9RoeQGS+yi1Sn4QqHol7,10.484423,12.690903,11.608893
532800,a4VPVcO823uFKQtjpPIuVKXumn6I2rVFW7aB60r1CldO9RoeQGS+yi1Sn4QqHol7,7.925345,13.081054,11.238388
533100,a4VPVcO823uFKQtjpPIuVKXumn6I2rVFW7aB60r1CldO9RoeQGS+yi1Sn4QqHol7,10.428335,16.150818,11.892901
533400,a4VPVcO823uFKQtjpPIuVKXumn6I2rVFW7aB60r1CldO9RoeQGS+yi1Sn4QqHol7,10.493604,13.015452999999999,11.666888
533700,a4VPVcO823uFKQtjpPIuVKXumn6I2rVFW7aB60r1CldO9RoeQGS+yi1Sn4QqHol7,7.734802,12.599739999999999,11.408629
534000,a4VPVcO823uFKQtjpPIuVKXumn6I2rVFW7aB60r1CldO9RoeQGS+yi1Sn4QqHol7,10.432716000000001,12.957205,11.589665
534300,a4VPVcO823uFKQtjpPIuVKXumn6I2rVFW7aB60r1CldO9RoeQGS+yi1Sn4QqHol7,10.496011,14.579057,11.905418
534600,a4VPVcO823uFKQtjpPIuVKXumn6I2rVFW7aB60r1CldO9RoeQGS+yi1Sn4QqHol7,10.663922,16.050869,12.535622
534900,a4VPVcO823uFKQtjpPIuVKXumn6I2rVFW7aB60r1CldO9RoeQGS+yi1Sn4QqHol7,9.102229,12.988055000000001,11.380682
535200,a4VPVcO823uFKQtjpPIuVKXumn6I2rVFW7aB60r1CldO9RoeQGS+yi1Sn4QqHol7,10.36295,13.09096,11.590444
535500,a4VPVcO823uFKQtjpPIuVKXumn6I2rVFW7aB60r1CldO9RoeQGS+yi1Sn4QqHol7,10.365033,15.889446,11.779333
535800,a4VPVcO823uFKQtjpPIuVKXumn6I2rVFW7aB60r1CldO9RoeQGS+yi1Sn4QqHol7,9.574358,12.796147,11.426897
536100,a4VPVcO823uFKQtjpPIuVKXumn6I2rVFW7aB60r1CldO9RoeQGS+yi1Sn4QqHol7,10.317995,13.573217000000001,11.636117
536400,a4VPVcO823uFKQtjpPIuVKXumn6I2rVFW7aB60r1CldO9RoeQGS+yi1Sn4QqHol7,10.366503999999999,13.393517000000001,11.67473
536700,a4VPVcO823uFKQtjpPIuVKXumn6I2rVFW7aB60r1CldO9RoeQGS+yi1Sn4QqHol7,10.463082,13.010122,11.642951
537000,a4VPVcO823uFKQtjpPIuVKXumn6I2rVFW7aB60r1CldO9RoeQGS+yi1Sn4QqHol7,10.372892,16.478607,12.039133
537300,a4VPVcO823uFKQtjpPIuVKXumn6I2rVFW7aB60r1CldO9RoeQGS+yi1Sn4QqHol7,10.410992,12.632133999999999,11.513912
537600,a4VPVcO823uFKQtjpPIuVKXumn6I2rVFW7aB60r1CldO9RoeQGS+yi1Sn4QqHol7,10.566364,13.457395000000002,11.656665
537900,a4VPVcO823uFKQtjpPIuVKXumn6I2rVFW7aB60r1CldO9RoeQGS+yi1Sn4QqHol7,10.463104,13.388379999999998,11.699665
538200,a4VPVcO823uFKQtjpPIuVKXumn6I2rVFW7aB60r1CldO9RoeQGS+yi1Sn4QqHol7,10.596982,15.154682999999999,11.929075
538500,a4VPVcO823uFKQtjpPIuVKXumn6I2rVFW7aB60r1CldO9RoeQGS+yi1Sn4QqHol7,5.996505,16.174141,12.067685
538800,a4VPVcO823uFKQtjpPIuVKXumn6I2rVFW7aB60r1CldO9RoeQGS+yi1Sn4QqHol7,10.652654,12.81604,11.609595
539100,a4VPVcO823uFKQtjpPIuVKXumn6I2rVFW7aB60r1CldO9RoeQGS+yi1Sn4QqHol7,10.456479,13.101863999999999,11.658517
539400,a4VPVcO823uFKQtjpPIuVKXumn6I2rVFW7aB60r1CldO9RoeQGS+yi1Sn4QqHol7,10.650096000000001,12.76094,11.579203
539700,a4VPVcO823uFKQtjpPIuVKXumn6I2rVFW7aB60r1CldO9RoeQGS+yi1Sn4QqHol7,9.049825,12.650404,11.416048
540000,a4VPVcO823uFKQtjpPIuVKXumn6I2rVFW7aB60r1CldO9RoeQGS+yi1Sn4QqHol7,10.465187,12.875885,11.565644
540300,a4VPVcO823uFKQtjpPIuVKXumn6I2rVFW7aB60r1CldO9RoeQGS+yi1Sn4QqHol7,10.519563,16.819409,11.946280999999999
540600,a4VPVcO823uFKQtjpPIuVKXumn6I2rVFW7aB60r1CldO9RoeQGS+yi1Sn4QqHol7,10.335464,12.993858,11.641838
540900,a4VPVcO823uFKQtjpPIuVKXumn6I2rVFW7aB60r1CldO9RoeQGS+yi1Sn4QqHol7,10.378366999999999,13.686403,11.64311
541200,a4VPVcO823uFKQtjpPIuVKXumn6I2rVFW7aB60r1CldO9RoeQGS+yi1Sn4QqHol7,10.255851,18.394106,11.963587
541500,a4VPVcO823uFKQtjpPIuVKXumn6I2rVFW7aB60r1CldO9RoeQGS+yi1Sn4QqHol7,10.563644,12.625869,11.600932
541800,a4VPVcO823uFKQtjpPIuVKXumn6I2rVFW7aB60r1CldO9RoeQGS+yi1Sn4QqHol7,10.481064,13.15621,11.63687
542100,a4VPVcO823uFKQtjpPIuVKXumn6I2rVFW7aB60r1CldO9RoeQGS+yi1Sn4QqHol7,10.389002,16.493118,12.531664
542400,a4VPVcO823uFKQtjpPIuVKXumn6I2rVFW7aB60r1CldO9RoeQGS+yi1Sn4QqHol7,10.511154,13.316364000000002,11.588003
542700,a4VPVcO823uFKQtjpPIuVKXumn6I2rVFW7aB60r1CldO9RoeQGS+yi1Sn4QqHol7,10.567914,12.515695,11.543433
543000,a4VPVcO823uFKQtjpPIuVKXumn6I2rVFW7aB60r1CldO9RoeQGS+yi1Sn4QqHol7,10.212678,14.965622,11.728562
543300,a4VPVcO823uFKQtjpPIuVKXumn6I2rVFW7aB60r1CldO9RoeQGS+yi1Sn4QqHol7,10.390724,13.088042,11.688198
543600,a4VPVcO823uFKQtjpPIuVKXumn6I2rVFW7aB60r1CldO9RoeQGS+yi1Sn4QqHol7,7.400367999999999,12.558872000000001,11.191042999999999
543900,a4VPVcO823uFKQtjpPIuVKXumn6I2rVFW7aB60r1CldO9RoeQGS+yi1Sn4QqHol7,10.474005,39.81991,16.344473999999998
544200,a4VPVcO823uFKQtjpPIuVKXumn6I2rVFW7aB60r1CldO9RoeQGS+yi1Sn4QqHol7,10.490452000000001,13.092181,11.773465
544500,a4VPVcO823uFKQtjpPIuVKXumn6I2rVFW7aB60r1CldO9RoeQGS+yi1Sn4QqHol7,7.0407210000000005,12.620764999999999,11.245906
544800,a4VPVcO823uFKQtjpPIuVKXumn6I2rVFW7aB60r1CldO9RoeQGS+yi1Sn4QqHol7,10.348975,13.432734,11.628213
545100,a4VPVcO823uFKQtjpPIuVKXumn6I2rVFW7aB60r1CldO9RoeQGS+yi1Sn4QqHol7,10.656869,13.573519000000001,11.716521
545400,a4VPVcO823uFKQtjpPIuVKXumn6I2rVFW7aB60r1CldO9RoeQGS+yi1Sn4QqHol7,10.480512,13.063069,11.586625
545700,a4VPVcO823uFKQtjpPIuVKXumn6I2rVFW7aB60r1CldO9RoeQGS+yi1Sn4QqHol7,9.150556,28.295519,13.661094
546000,a4VPVcO823uFKQtjpPIuVKXumn6I2rVFW7aB60r1CldO9RoeQGS+yi1Sn4QqHol7,10.369254,12.714202,11.545621
546300,a4VPVcO823uFKQtjpPIuVKXumn6I2rVFW7aB60r1CldO9RoeQGS+yi1Sn4QqHol7,10.51711,15.012339,12.068717999999999
546600,a4VPVcO823uFKQtjpPIuVKXumn6I2rVFW7aB60r1CldO9RoeQGS+yi1Sn4QqHol7,10.645563000000001,12.593467,11.683714
546900,a4VPVcO823uFKQtjpPIuVKXumn6I2rVFW7aB60r1CldO9RoeQGS+yi1Sn4QqHol7,10.412886,12.890001,11.554175
547200,a4VPVcO823uFKQtjpPIuVKXumn6I2rVFW7aB60r1CldO9RoeQGS+yi1Sn4QqHol7,10.575502,14.887360999999999,11.983566
547500,a4VPVcO823uFKQtjpPIuVKXumn6I2rVFW7aB60r1CldO9RoeQGS+yi1Sn4QqHol7,10.397034,12.717124,11.533328
547800,a4VPVcO823uFKQtjpPIuVKXumn6I2rVFW7aB60r1CldO9RoeQGS+yi1Sn4QqHol7,10.446475,13.766397,11.739138
548100,a4VPVcO823uFKQtjpPIuVKXumn6I2rVFW7aB60r1CldO9RoeQGS+yi1Sn4QqHol7,10.482633,12.73702,11.600311
548400,a4VPVcO823uFKQtjpPIuVKXumn6I2rVFW7aB60r1CldO9RoeQGS+yi1Sn4QqHol7,10.387545,13.538814000000002,11.730541
548700,a4VPVcO823uFKQtjpPIuVKXumn6I2rVFW7aB60r1CldO9RoeQGS+yi1Sn4QqHol7,10.581159,13.046197,11.713946
549000,a4VPVcO823uFKQtjpPIuVKXumn6I2rVFW7aB60r1CldO9RoeQGS+yi1Sn4QqHol7,10.310021,12.780582,11.605003
549300,a4VPVcO823uFKQtjpPIuVKXumn6I2rVFW7aB60r1CldO9RoeQGS+yi1Sn4QqHol7,10.432846000000001,15.728566,12.398653
549600,a4VPVcO823uFKQtjpPIuVKXumn6I2rVFW7aB60r1CldO9RoeQGS+yi1Sn4QqHol7,10.687476,13.242011999999999,11.740198
549900,a4VPVcO823uFKQtjpPIuVKXumn6I2rVFW7aB60r1CldO9RoeQGS+yi1Sn4QqHol7,7.138235000000001,12.594697,11.10668
550200,a4VPVcO823uFKQtjpPIuVKXumn6I2rVFW7aB60r1CldO9RoeQGS+yi1Sn4QqHol7,10.546354,12.694119,11.602184
550500,a4VPVcO823uFKQtjpPIuVKXumn6I2rVFW7aB60r1CldO9RoeQGS+yi1Sn4QqHol7,10.640594,12.665428,11.664458
550800,a4VPVcO823uFKQtjpPIuVKXumn6I2rVFW7aB60r1CldO9RoeQGS+yi1Sn4QqHol7,10.227297,12.645519,11.461538000000001
551100,a4VPVcO823uFKQtjpPIuVKXumn6I2rVFW7aB60r1CldO9RoeQGS+yi1Sn4QqHol7,7.88215,13.022611999999999,11.156305999999999
551400,a4VPVcO823uFKQtjpPIuVKXumn6I2rVFW7aB60r1CldO9RoeQGS+yi1Sn4QqHol7,10.258280000000001,12.894645,11.54921
551700,a4VPVcO823uFKQtjpPIuVKXumn6I2rVFW7aB60r1CldO9RoeQGS+yi1Sn4QqHol7,10.474393,12.719411000000001,11.565164999999999
552000,a4VPVcO823uFKQtjpPIuVKXumn6I2rVFW7aB60r1CldO9RoeQGS+yi1Sn4QqHol7,10.535126,13.372380999999999,11.734598
552300,a4VPVcO823uFKQtjpPIuVKXumn6I2rVFW7aB60r1CldO9RoeQGS+yi1Sn4QqHol7,10.429767,12.862862,11.659898
552600,a4VPVcO823uFKQtjpPIuVKXumn6I2rVFW7aB60r1CldO9RoeQGS+yi1Sn4QqHol7,10.699481,12.634179,11.597487
552900,a4VPVcO823uFKQtjpPIuVKXumn6I2rVFW7aB60r1CldO9RoeQGS+yi1Sn4QqHol7,10.295823,12.753354,11.628953
553200,a4VPVcO823uFKQtjpPIuVKXumn6I2rVFW7aB60r1CldO9RoeQGS+yi1Sn4QqHol7,10.68011,15.876829,12.573452
553500,a4VPVcO823uFKQtjpPIuVKXumn6I2rVFW7aB60r1CldO9RoeQGS+yi1Sn4QqHol7,10.602545,12.698803,11.592507000000001
553800,a4VPVcO823uFKQtjpPIuVKXumn6I2rVFW7aB60r1CldO9RoeQGS+yi1Sn4QqHol7,9.901492999999999,12.634205999999999,11.490967999999999
554100,a4VPVcO823uFKQtjpPIuVKXumn6I2rVFW7aB60r1CldO9RoeQGS+yi1Sn4QqHol7,10.397186999999999,12.615025,11.571125
554400,a4VPVcO823uFKQtjpPIuVKXumn6I2rVFW7aB60r1CldO9RoeQGS+yi1Sn4QqHol7,10.442928,12.574482000000001,11.547898
554700,a4VPVcO823uFKQtjpPIuVKXumn6I2rVFW7aB60r1CldO9RoeQGS+yi1Sn4QqHol7,5.928933,12.889679,11.020812
555000,a4VPVcO823uFKQtjpPIuVKXumn6I2rVFW7aB60r1CldO9RoeQGS+yi1Sn4QqHol7,10.541367,12.49121,11.592317
555300,a4VPVcO823uFKQtjpPIuVKXumn6I2rVFW7aB60r1CldO9RoeQGS+yi1Sn4QqHol7,10.659769,17.217655,11.952755999999999
555600,a4VPVcO823uFKQtjpPIuVKXumn6I2rVFW7aB60r1CldO9RoeQGS+yi1Sn4QqHol7,10.457778,12.932396,11.492904
555900,a4VPVcO823uFKQtjpPIuVKXumn6I2rVFW7aB60r1CldO9RoeQGS+yi1Sn4QqHol7,10.425722,13.624385,11.714169
556200,a4VPVcO823uFKQtjpPIuVKXumn6I2rVFW7aB60r1CldO9RoeQGS+yi1Sn4QqHol7,10.672739,12.765061,11.556244
556500,a4VPVcO823uFKQtjpPIuVKXumn6I2rVFW7aB60r1CldO9RoeQGS+yi1Sn4QqHol7,10.433958,12.842666,11.442486
556800,a4VPVcO823uFKQtjpPIuVKXumn6I2rVFW7aB60r1CldO9RoeQGS+yi1Sn4QqHol7,10.654256,16.526032999999998,12.444187
557100,a4VPVcO823uFKQtjpPIuVKXumn6I2rVFW7aB60r1CldO9RoeQGS+yi1Sn4QqHol7,10.564264,12.50842,11.647138
557400,a4VPVcO823uFKQtjpPIuVKXumn6I2rVFW7aB60r1CldO9RoeQGS+yi1Sn4QqHol7,6.101998,12.748366,10.991919000000001
557700,a4VPVcO823uFKQtjpPIuVKXumn6I2rVFW7aB60r1CldO9RoeQGS+yi1Sn4QqHol7,10.551817,12.960878999999998,11.589711999999999
558000,a4VPVcO823uFKQtjpPIuVKXumn6I2rVFW7aB60r1CldO9RoeQGS+yi1Sn4QqHol7,10.375556,12.791577,11.604758
558300,a4VPVcO823uFKQtjpPIuVKXumn6I2rVFW7aB60r1CldO9RoeQGS+yi1Sn4QqHol7,10.330592999999999,13.028971,11.578147999999999
558600,a4VPVcO823uFKQtjpPIuVKXumn6I2rVFW7aB60r1CldO9RoeQGS+yi1Sn4QqHol7,10.419406,12.898553999999999,11.508852000000001
558900,a4VPVcO823uFKQtjpPIuVKXumn6I2rVFW7aB60r1CldO9RoeQGS+yi1Sn4QqHol7,10.535795,12.777637,11.576606
559200,a4VPVcO823uFKQtjpPIuVKXumn6I2rVFW7aB60r1CldO9RoeQGS+yi1Sn4QqHol7,10.328794,13.005785000000001,11.598672
559500,a4VPVcO823uFKQtjpPIuVKXumn6I2rVFW7aB60r1CldO9RoeQGS+yi1Sn4QqHol7,10.516475,12.648046,11.559457
559800,a4VPVcO823uFKQtjpPIuVKXumn6I2rVFW7aB60r1CldO9RoeQGS+yi1Sn4QqHol7,10.444494,12.788967999999999,11.576794999999999
560100,a4VPVcO823uFKQtjpPIuVKXumn6I2rVFW7aB60r1CldO9RoeQGS+yi1Sn4QqHol7,6.411976999999999,12.793708,10.987696000000001
560400,a4VPVcO823uFKQtjpPIuVKXumn6I2rVFW7aB60r1CldO9RoeQGS+yi1Sn4QqHol7,10.508464,15.755679,12.532258
560700,a4VPVcO823uFKQtjpPIuVKXumn6I2rVFW7aB60r1CldO9RoeQGS+yi1Sn4QqHol7,10.487103999999999,12.345305999999999,11.406127
561000,a4VPVcO823uFKQtjpPIuVKXumn6I2rVFW7aB60r1CldO9RoeQGS+yi1Sn4QqHol7,10.573153999999999,12.714567,11.513292
561300,a4VPVcO823uFKQtjpPIuVKXumn6I2rVFW7aB60r1CldO9RoeQGS+yi1Sn4QqHol7,10.564397,13.059069000000001,11.677154
561600,a4VPVcO823uFKQtjpPIuVKXumn6I2rVFW7aB60r1CldO9RoeQGS+yi1Sn4QqHol7,10.496129,12.678547,11.639199000000001
561900,a4VPVcO823uFKQtjpPIuVKXumn6I2rVFW7aB60r1CldO9RoeQGS+yi1Sn4QqHol7,10.435,12.529325,11.3631
562200,a4VPVcO823uFKQtjpPIuVKXumn6I2rVFW7aB60r1CldO9RoeQGS+yi1Sn4QqHol7,10.637481,12.739503,11.550151
562500,a4VPVcO823uFKQtjpPIuVKXumn6I2rVFW7aB60r1CldO9RoeQGS+yi1Sn4QqHol7,10.468883,13.306779999999998,11.746087
562800,a4VPVcO823uFKQtjpPIuVKXumn6I2rVFW7aB60r1CldO9RoeQGS+yi1Sn4QqHol7,6.650204,12.495704,11.106983999999999
563100,a4VPVcO823uFKQtjpPIuVKXumn6I2rVFW7aB60r1CldO9RoeQGS+yi1Sn4QqHol7,10.559613,12.796967,11.545228999999999
563400,a4VPVcO823uFKQtjpPIuVKXumn6I2rVFW7aB60r1CldO9RoeQGS+yi1Sn4QqHol7,10.69553,13.190771,11.671886
563700,a4VPVcO823uFKQtjpPIuVKXumn6I2rVFW7aB60r1CldO9RoeQGS+yi1Sn4QqHol7,10.419534,12.452239,11.363955
564000,a4VPVcO823uFKQtjpPIuVKXumn6I2rVFW7aB60r1CldO9RoeQGS+yi1Sn4QqHol7,10.349730000000001,15.690501999999999,12.19278
564300,a4VPVcO823uFKQtjpPIuVKXumn6I2rVFW7aB60r1CldO9RoeQGS+yi1Sn4QqHol7,10.611562,14.743294,12.079631
564600,a4VPVcO823uFKQtjpPIuVKXumn6I2rVFW7aB60r1CldO9RoeQGS+yi1Sn4QqHol7,7.293482000000001,12.18625,11.06612
564900,a4VPVcO823uFKQtjpPIuVKXumn6I2rVFW7aB60r1CldO9RoeQGS+yi1Sn4QqHol7,10.423515,12.623992,11.464507000000001
565200,a4VPVcO823uFKQtjpPIuVKXumn6I2rVFW7aB60r1CldO9RoeQGS+yi1Sn4QqHol7,10.514012,15.465515,11.839423
565500,a4VPVcO823uFKQtjpPIuVKXumn6I2rVFW7aB60r1CldO9RoeQGS+yi1Sn4QqHol7,6.455872,12.447635,10.978014
565800,a4VPVcO823uFKQtjpPIuVKXumn6I2rVFW7aB60r1CldO9RoeQGS+yi1Sn4QqHol7,10.632491,12.419555,11.522878
566100,a4VPVcO823uFKQtjpPIuVKXumn6I2rVFW7aB60r1CldO9RoeQGS+yi1Sn4QqHol7,10.519645,12.55971,11.563733000000001
566400,a4VPVcO823uFKQtjpPIuVKXumn6I2rVFW7aB60r1CldO9RoeQGS+yi1Sn4QqHol7,10.655953,12.457047,11.505098
566700,a4VPVcO823uFKQtjpPIuVKXumn6I2rVFW7aB60r1CldO9RoeQGS+yi1Sn4QqHol7,10.74688,15.183333,11.909394
567000,a4VPVcO823uFKQtjpPIuVKXumn6I2rVFW7aB60r1CldO9RoeQGS+yi1Sn4QqHol7,10.525358,12.471917,11.62396
567300,a4VPVcO823uFKQtjpPIuVKXumn6I2rVFW7aB60r1CldO9RoeQGS+yi1Sn4QqHol7,7.023097,12.596584,11.022167
567600,a4VPVcO823uFKQtjpPIuVKXumn6I2rVFW7aB60r1CldO9RoeQGS+yi1Sn4QqHol7,10.633262,12.427415,11.512549
567900,a4VPVcO823uFKQtjpPIuVKXumn6I2rVFW7aB60r1CldO9RoeQGS+yi1Sn4QqHol7,10.569322,16.352498999999998,12.576175
568200,a4VPVcO823uFKQtjpPIuVKXumn6I2rVFW7aB60r1CldO9RoeQGS+yi1Sn4QqHol7,9.823357000000001,12.677269,11.362362
568500,a4VPVcO823uFKQtjpPIuVKXumn6I2rVFW7aB60r1CldO9RoeQGS+yi1Sn4QqHol7,10.512835,12.623133000000001,11.513633
568800,a4VPVcO823uFKQtjpPIuVKXumn6I2rVFW7aB60r1CldO9RoeQGS+yi1Sn4QqHol7,10.500372,12.817776,11.574226
569100,a4VPVcO823uFKQtjpPIuVKXumn6I2rVFW7aB60r1CldO9RoeQGS+yi1Sn4QqHol7,10.740592999999999,19.128531,12.837066
569400,a4VPVcO823uFKQtjpPIuVKXumn6I2rVFW7aB60r1CldO9RoeQGS+yi1Sn4QqHol7,10.712266,14.254556,11.816011
569700,a4VPVcO823uFKQtjpPIuVKXumn6I2rVFW7aB60r1CldO9RoeQGS+yi1Sn4QqHol7,10.550475,12.781044999999999,11.564339
570000,a4VPVcO823uFKQtjpPIuVKXumn6I2rVFW7aB60r1CldO9RoeQGS+yi1Sn4QqHol7,7.913696000000001,12.607109,11.08415
570300,a4VPVcO823uFKQtjpPIuVKXumn6I2rVFW7aB60r1CldO9RoeQGS+yi1Sn4QqHol7,10.512433,12.659171,11.475783999999999
570600,a4VPVcO823uFKQtjpPIuVKXumn6I2rVFW7aB60r1CldO9RoeQGS+yi1Sn4QqHol7,10.510488,13.433395,11.604844
570900,a4VPVcO823uFKQtjpPIuVKXumn6I2rVFW7aB60r1CldO9RoeQGS+yi1Sn4QqHol7,6.213985,12.407257000000001,10.991154
571200,a4VPVcO823uFKQtjpPIuVKXumn6I2rVFW7aB60r1CldO9RoeQGS+yi1Sn4QqHol7,10.604132,12.404556,11.426165
571500,a4VPVcO823uFKQtjpPIuVKXumn6I2rVFW7aB60r1CldO9RoeQGS+yi1Sn4QqHol7,10.666207,16.569456,12.452136
571800,a4VPVcO823uFKQtjpPIuVKXumn6I2rVFW7aB60r1CldO9RoeQGS+yi1Sn4QqHol7,10.436769,12.761888,11.440758
572100,a4VPVcO823uFKQtjpPIuVKXumn6I2rVFW7aB60r1CldO9RoeQGS+yi1Sn4QqHol7,10.535662,13.1248,11.630619
572400,a4VPVcO823uFKQtjpPIuVKXumn6I2rVFW7aB60r1CldO9RoeQGS+yi1Sn4QqHol7,10.537026,12.473422,11.486068
572700,a4VPVcO823uFKQtjpPIuVKXumn6I2rVFW7aB60r1CldO9RoeQGS+yi1Sn4QqHol7,6.096133,34.337323,12.780919
573000,a4VPVcO823uFKQtjpPIuVKXumn6I2rVFW7aB60r1CldO9RoeQGS+yi1Sn4QqHol7,10.38378,12.577672999999999,11.458707
573300,a4VPVcO823uFKQtjpPIuVKXumn6I2rVFW7aB60r1CldO9RoeQGS+yi1Sn4QqHol7,10.393546,15.167494,11.737958
573600,a4VPVcO823uFKQtjpPIuVKXumn6I2rVFW7aB60r1CldO9RoeQGS+yi1Sn4QqHol7,10.172766000000001,13.832222,11.495521
573900,a4VPVcO823uFKQtjpPIuVKXumn6I2rVFW7aB60r1CldO9RoeQGS+yi1Sn4QqHol7,10.390135,12.49195,11.390855
574200,a4VPVcO823uFKQtjpPIuVKXumn6I2rVFW7aB60r1CldO9RoeQGS+yi1Sn4QqHol7,5.731974,12.812793,11.11895
574500,a4VPVcO823uFKQtjpPIuVKXumn6I2rVFW7aB60r1CldO9RoeQGS+yi1Sn4QqHol7,10.417117999999999,12.743981,11.32779
574800,a4VPVcO823uFKQtjpPIuVKXumn6I2rVFW7aB60r1CldO9RoeQGS+yi1Sn4QqHol7,10.396106,16.416313,11.753471000000001
575100,a4VPVcO823uFKQtjpPIuVKXumn6I2rVFW7aB60r1CldO9RoeQGS+yi1Sn4QqHol7,10.393781,27.968999,13.512495999999999
575400,a4VPVcO823uFKQtjpPIuVKXumn6I2rVFW7aB60r1CldO9RoeQGS+yi1Sn4QqHol7,10.483621000000001,14.277748999999998,11.5701
575700,a4VPVcO823uFKQtjpPIuVKXumn6I2rVFW7aB60r1CldO9RoeQGS+yi1Sn4QqHol7,10.310604,12.237917999999999,11.324516000000001
576000,a4VPVcO823uFKQtjpPIuVKXumn6I2rVFW7aB60r1CldO9RoeQGS+yi1Sn4QqHol7,10.534135000000001,14.818973000000002,11.68825
576300,a4VPVcO823uFKQtjpPIuVKXumn6I2rVFW7aB60r1CldO9RoeQGS+yi1Sn4QqHol7,8.166647,12.270274,11.117996
576600,a4VPVcO823uFKQtjpPIuVKXumn6I2rVFW7aB60r1CldO9RoeQGS+yi1Sn4QqHol7,10.337861,12.444964,11.427859
576900,a4VPVcO823uFKQtjpPIuVKXumn6I2rVFW7aB60r1CldO9RoeQGS+yi1Sn4QqHol7,10.469156,14.207498999999999,11.672316
577200,a4VPVcO823uFKQtjpPIuVKXumn6I2rVFW7aB60r1CldO9RoeQGS+yi1Sn4QqHol7,10.530966000000001,12.710509,11.51677
577500,a4VPVcO823uFKQtjpPIuVKXumn6I2rVFW7aB60r1CldO9RoeQGS+yi1Sn4QqHol7,10.66308,14.615046,11.807784
577800,a4VPVcO823uFKQtjpPIuVKXumn6I2rVFW7aB60r1CldO9RoeQGS+yi1Sn4QqHol7,10.625385000000001,12.545921,11.553594
578100,a4VPVcO823uFKQtjpPIuVKXumn6I2rVFW7aB60r1CldO9RoeQGS+yi1Sn4QqHol7,10.426025,12.920307000000001,11.506378
578400,a4VPVcO823uFKQtjpPIuVKXumn6I2rVFW7aB60r1CldO9RoeQGS+yi1Sn4QqHol7,10.549476,12.574252,11.582172
578700,a4VPVcO823uFKQtjpPIuVKXumn6I2rVFW7aB60r1CldO9RoeQGS+yi1Sn4QqHol7,10.5792,15.494554,11.935718
579000,a4VPVcO823uFKQtjpPIuVKXumn6I2rVFW7aB60r1CldO9RoeQGS+yi1Sn4QqHol7,10.526489999999999,15.486709,11.910425
579300,a4VPVcO823uFKQtjpPIuVKXumn6I2rVFW7aB60r1CldO9RoeQGS+yi1Sn4QqHol7,6.709695,12.08455,10.822841
579600,a4VPVcO823uFKQtjpPIuVKXumn6I2rVFW7aB60r1CldO9RoeQGS+yi1Sn4QqHol7,10.319669000000001,12.974212,11.304616000000001
579900,a4VPVcO823uFKQtjpPIuVKXumn6I2rVFW7aB60r1CldO9RoeQGS+yi1Sn4QqHol7,10.293855,12.297201,11.140138
580200,a4VPVcO823uFKQtjpPIuVKXumn6I2rVFW7aB60r1CldO9RoeQGS+yi1Sn4QqHol7,10.338098,13.231943,11.433527999999999
580500,a4VPVcO823uFKQtjpPIuVKXumn6I2rVFW7aB60r1CldO9RoeQGS+yi1Sn4QqHol7,10.196257000000001,12.269114,11.167945
580800,a4VPVcO823uFKQtjpPIuVKXumn6I2rVFW7aB60r1CldO9RoeQGS+yi1Sn4QqHol7,10.396268,13.081756,11.199465
581100,a4VPVcO823uFKQtjpPIuVKXumn6I2rVFW7aB60r1CldO9RoeQGS+yi1Sn4QqHol7,10.329454,11.986216,11.128200999999999
581400,a4VPVcO823uFKQtjpPIuVKXumn6I2rVFW7aB60r1CldO9RoeQGS+yi1Sn4QqHol7,5.497508,12.115707,10.711369
581700,a4VPVcO823uFKQtjpPIuVKXumn6I2rVFW7aB60r1CldO9RoeQGS+yi1Sn4QqHol7,10.530927,12.335678,11.249334
582000,a4VPVcO823uFKQtjpPIuVKXumn6I2rVFW7aB60r1CldO9RoeQGS+yi1Sn4QqHol7,10.519703999999999,13.136921,11.363968
582300,a4VPVcO823uFKQtjpPIuVKXumn6I2rVFW7aB60r1CldO9RoeQGS+yi1Sn4QqHol7,10.292062,13.207226,11.355300999999999
582600,a4VPVcO823uFKQtjpPIuVKXumn6I2rVFW7aB60r1CldO9RoeQGS+yi1Sn4QqHol7,10.393067,15.887692999999999,11.971831
582900,a4VPVcO823uFKQtjpPIuVKXumn6I2rVFW7aB60r1CldO9RoeQGS+yi1Sn4QqHol7,6.1062449999999995,11.865111,10.619833
583200,a4VPVcO823uFKQtjpPIuVKXumn6I2rVFW7aB60r1CldO9RoeQGS+yi1Sn4QqHol7,10.542774,12.760568,11.603349
583500,a4VPVcO823uFKQtjpPIuVKXumn6I2rVFW7aB60r1CldO9RoeQGS+yi1Sn4QqHol7,10.47012,13.130479999999999,11.544633000000001
583800,a4VPVcO823uFKQtjpPIuVKXumn6I2rVFW7aB60r1CldO9RoeQGS+yi1Sn4QqHol7,10.452116,12.559389999999999,11.398660000000001
584100,a4VPVcO823uFKQtjpPIuVKXumn6I2rVFW7aB60r1CldO9RoeQGS+yi1Sn4QqHol7,10.47602,16.005267,11.706653
584400,a4VPVcO823uFKQtjpPIuVKXumn6I2rVFW7aB60r1CldO9RoeQGS+yi1Sn4QqHol7,10.286199,12.84186,11.39425
584700,a4VPVcO823uFKQtjpPIuVKXumn6I2rVFW7aB60r1CldO9RoeQGS+yi1Sn4QqHol7,8.017225999999999,13.025037,11.291713
585000,a4VPVcO823uFKQtjpPIuVKXumn6I2rVFW7aB60r1CldO9RoeQGS+yi1Sn4QqHol7,6.981272,12.943077,11.09983
585300,a4VPVcO823uFKQtjpPIuVKXumn6I2rVFW7aB60r1CldO9RoeQGS+yi1Sn4QqHol7,10.515338999999999,12.742830999999999,11.517128999999999
585600,a4VPVcO823uFKQtjpPIuVKXumn6I2rVFW7aB60r1CldO9RoeQGS+yi1Sn4QqHol7,10.519582000000002,12.938447,11.495364
585900,a4VPVcO823uFKQtjpPIuVKXumn6I2rVFW7aB60r1CldO9RoeQGS+yi1Sn4QqHol7,10.143243,12.346741,11.456631
586200,a4VPVcO823uFKQtjpPIuVKXumn6I2rVFW7aB60r1CldO9RoeQGS+yi1Sn4QqHol7,10.681424,17.631575,12.524656
586500,a4VPVcO823uFKQtjpPIuVKXumn6I2rVFW7aB60r1CldO9RoeQGS+yi1Sn4QqHol7,10.485198,12.694578,11.443991
586800,a4VPVcO823uFKQtjpPIuVKXumn6I2rVFW7aB60r1CldO9RoeQGS+yi1Sn4QqHol7,7.881325,13.433910000000001,11.354688000000001
587100,a4VPVcO823uFKQtjpPIuVKXumn6I2rVFW7aB60r1CldO9RoeQGS+yi1Sn4QqHol7,10.495407,12.459760000000001,11.500146
587400,a4VPVcO823uFKQtjpPIuVKXumn6I2rVFW7aB60r1CldO9RoeQGS+yi1Sn4QqHol7,10.565727,13.436255,11.574867
587700,a4VPVcO823uFKQtjpPIuVKXumn6I2rVFW7aB60r1CldO9RoeQGS+yi1Sn4QqHol7,10.209296,12.736516,11.520201
588000,a4VPVcO823uFKQtjpPIuVKXumn6I2rVFW7aB60r1CldO9RoeQGS+yi1Sn4QqHol7,10.477293,12.888743,11.572237
588300,a4VPVcO823uFKQtjpPIuVKXumn6I2rVFW7aB60r1CldO9RoeQGS+yi1Sn4QqHol7,10.487112,13.219316000000001,11.690174
588600,a4VPVcO823uFKQtjpPIuVKXumn6I2rVFW7aB60r1CldO9RoeQGS+yi1Sn4QqHol7,10.197954,12.739044,11.489866000000001
588900,a4VPVcO823uFKQtjpPIuVKXumn6I2rVFW7aB60r1CldO9RoeQGS+yi1Sn4QqHol7,5.858665,13.119210999999998,10.940430000000001
589200,a4VPVcO823uFKQtjpPIuVKXumn6I2rVFW7aB60r1CldO9RoeQGS+yi1Sn4QqHol7,10.157405,12.322554,11.431901
589500,a4VPVcO823uFKQtjpPIuVKXumn6I2rVFW7aB60r1CldO9RoeQGS+yi1Sn4QqHol7,10.68575,14.140191,11.890186
589800,a4VPVcO823uFKQtjpPIuVKXumn6I2rVFW7aB60r1CldO9RoeQGS+yi1Sn4QqHol7,10.4864,15.323042000000001,12.437598
590100,a4VPVcO823uFKQtjpPIuVKXumn6I2rVFW7aB60r1CldO9RoeQGS+yi1Sn4QqHol7,10.53791,15.242501,11.941155
590400,a4VPVcO823uFKQtjpPIuVKXumn6I2rVFW7aB60r1CldO9RoeQGS+yi1Sn4QqHol7,9.418224,12.694123,11.501443
590700,a4VPVcO823uFKQtjpPIuVKXumn6I2rVFW7aB60r1CldO9RoeQGS+yi1Sn4QqHol7,10.564948,14.701916,11.820852
591000,a4VPVcO823uFKQtjpPIuVKXumn6I2rVFW7aB60r1CldO9RoeQGS+yi1Sn4QqHol7,8.162721000000001,12.708007,11.404810000000001
591300,a4VPVcO823uFKQtjpPIuVKXumn6I2rVFW7aB60r1CldO9RoeQGS+yi1Sn4QqHol7,10.573225,12.830223,11.670925
591600,a4VPVcO823uFKQtjpPIuVKXumn6I2rVFW7aB60r1CldO9RoeQGS+yi1Sn4QqHol7,10.546479,14.049641000000001,11.731902
591900,a4VPVcO823uFKQtjpPIuVKXumn6I2rVFW7aB60r1CldO9RoeQGS+yi1Sn4QqHol7,10.421444000000001,12.613438,11.543595
592200,a4VPVcO823uFKQtjpPIuVKXumn6I2rVFW7aB60r1CldO9RoeQGS+yi1Sn4QqHol7,10.60542,15.120128,11.905172
592500,a4VPVcO823uFKQtjpPIuVKXumn6I2rVFW7aB60r1CldO9RoeQGS+yi1Sn4QqHol7,10.457652000000001,13.303270000000001,11.692196000000001
592800,a4VPVcO823uFKQtjpPIuVKXumn6I2rVFW7aB60r1CldO9RoeQGS+yi1Sn4QqHol7,5.853073,12.86162,11.104832
593100,a4VPVcO823uFKQtjpPIuVKXumn6I2rVFW7aB60r1CldO9RoeQGS+yi1Sn4QqHol7,10.001496000000001,12.932654,11.497747
593400,a4VPVcO823uFKQtjpPIuVKXumn6I2rVFW7aB60r1CldO9RoeQGS+yi1Sn4QqHol7,10.73965,14.973063,11.970236
593700,a4VPVcO823uFKQtjpPIuVKXumn6I2rVFW7aB60r1CldO9RoeQGS+yi1Sn4QqHol7,10.583905999999999,16.576307,12.337646000000001
594000,a4VPVcO823uFKQtjpPIuVKXumn6I2rVFW7aB60r1CldO9RoeQGS+yi1Sn4QqHol7,10.249023,12.842307,11.68944
594300,a4VPVcO823uFKQtjpPIuVKXumn6I2rVFW7aB60r1CldO9RoeQGS+yi1Sn4QqHol7,10.347078,14.267826000000001,11.745538
594600,a4VPVcO823uFKQtjpPIuVKXumn6I2rVFW7aB60r1CldO9RoeQGS+yi1Sn4QqHol7,10.325327,13.292174,11.445445
594900,a4VPVcO823uFKQtjpPIuVKXumn6I2rVFW7aB60r1CldO9RoeQGS+yi1Sn4QqHol7,7.791208,12.737952,11.300101
595200,a4VPVcO823uFKQtjpPIuVKXumn6I2rVFW7aB60r1CldO9RoeQGS+yi1Sn4QqHol7,10.583262,12.568506,11.572514
595500,a4VPVcO823uFKQtjpPIuVKXumn6I2rVFW7aB60r1CldO9RoeQGS+yi1Sn4QqHol7,10.426395,16.273095,11.950352
595800,a4VPVcO823uFKQtjpPIuVKXumn6I2rVFW7aB60r1CldO9RoeQGS+yi1Sn4QqHol7,10.613318,14.460676999999999,11.928799
596100,a4VPVcO823uFKQtjpPIuVKXumn6I2rVFW7aB60r1CldO9RoeQGS+yi1Sn4QqHol7,10.783594,13.12483,11.815607
596400,a4VPVcO823uFKQtjpPIuVKXumn6I2rVFW7aB60r1CldO9RoeQGS+yi1Sn4QqHol7,8.573483999999999,12.758543,11.439553
596700,a4VPVcO823uFKQtjpPIuVKXumn6I2rVFW7aB60r1CldO9RoeQGS+yi1Sn4QqHol7,10.488228,12.73145,11.646835000000001
597000,a4VPVcO823uFKQtjpPIuVKXumn6I2rVFW7aB60r1CldO9RoeQGS+yi1Sn4QqHol7,10.704436,12.880071000000001,11.697743
597300,a4VPVcO823uFKQtjpPIuVKXumn6I2rVFW7aB60r1CldO9RoeQGS+yi1Sn4QqHol7,10.468368,15.539468,12.488767999999999
597600,a4VPVcO823uFKQtjpPIuVKXumn6I2rVFW7aB60r1CldO9RoeQGS+yi1Sn4QqHol7,10.768182000000001,21.871159,12.407095
597900,a4VPVcO823uFKQtjpPIuVKXumn6I2rVFW7aB60r1CldO9RoeQGS+yi1Sn4QqHol7,10.478678,13.109216,11.726125
598200,a4VPVcO823uFKQtjpPIuVKXumn6I2rVFW7aB60r1CldO9RoeQGS+yi1Sn4QqHol7,6.0076279999999995,12.584334,11.169129
598500,a4VPVcO823uFKQtjpPIuVKXumn6I2rVFW7aB60r1CldO9RoeQGS+yi1Sn4QqHol7,10.429039,13.130557999999999,11.683702
598800,a4VPVcO823uFKQtjpPIuVKXumn6I2rVFW7aB60r1CldO9RoeQGS+yi1Sn4QqHol7,10.463944,12.93242,11.617828999999999
599100,a4VPVcO823uFKQtjpPIuVKXumn6I2rVFW7aB60r1CldO9RoeQGS+yi1Sn4QqHol7,10.502409,15.050778,11.807831
599400,a4VPVcO823uFKQtjpPIuVKXumn6I2rVFW7aB60r1CldO9RoeQGS+yi1Sn4QqHol7,10.498042,12.809994,11.675971
599700,a4VPVcO823uFKQtjpPIuVKXumn6I2rVFW7aB60r1CldO9RoeQGS+yi1Sn4QqHol7,5.889571,12.84298,11.147822999999999
600000,a4VPVcO823uFKQtjpPIuVKXumn6I2rVFW7aB60r1CldO9RoeQGS+yi1Sn4QqHol7,10.42094,12.800373,11.561809
600300,a4VPVcO823uFKQtjpPIuVKXumn6I2rVFW7aB60r1CldO9RoeQGS+yi1Sn4QqHol7,10.640993,25.170924,12.583021
600600,a4VPVcO823uFKQtjpPIuVKXumn6I2rVFW7aB60r1CldO9RoeQGS+yi1Sn4QqHol7,10.77109,13.011214,11.694804
600900,a4VPVcO823uFKQtjpPIuVKXumn6I2rVFW7aB60r1CldO9RoeQGS+yi1Sn4QqHol7,10.536750999999999,16.046585999999998,12.748712
601200,a4VPVcO823uFKQtjpPIuVKXumn6I2rVFW7aB60r1CldO9RoeQGS+yi1Sn4QqHol7,5.869942,12.899287,11.151394
601500,a4VPVcO823uFKQtjpPIuVKXumn6I2rVFW7aB60r1CldO9RoeQGS+yi1Sn4QqHol7,10.745778,41.134434999999996,15.871217999999999
601800,a4VPVcO823uFKQtjpPIuVKXumn6I2rVFW7aB60r1CldO9RoeQGS+yi1Sn4QqHol7,10.632317,14.568085,11.847691000000001
602100,a4VPVcO823uFKQtjpPIuVKXumn6I2rVFW7aB60r1CldO9RoeQGS+yi1Sn4QqHol7,10.464246000000001,12.88345,11.666161
602400,a4VPVcO823uFKQtjpPIuVKXumn6I2rVFW7aB60r1CldO9RoeQGS+yi1Sn4QqHol7,10.551005,13.052105000000001,11.714472
602700,a4VPVcO823uFKQtjpPIuVKXumn6I2rVFW7aB60r1CldO9RoeQGS+yi1Sn4QqHol7,10.572428,12.893637,11.668695
603000,a4VPVcO823uFKQtjpPIuVKXumn6I2rVFW7aB60r1CldO9RoeQGS+yi1Sn4QqHol7,10.517706,12.719347,11.566786
603300,a4VPVcO823uFKQtjpPIuVKXumn6I2rVFW7aB60r1CldO9RoeQGS+yi1Sn4QqHol7,10.567608,12.760939,11.603066
603600,a4VPVcO823uFKQtjpPIuVKXumn6I2rVFW7aB60r1CldO9RoeQGS+yi1Sn4QqHol7,10.305561,12.738982,11.590492999999999
603900,a4VPVcO823uFKQtjpPIuVKXumn6I2rVFW7aB60r1CldO9RoeQGS+yi1Sn4QqHol7,10.379221000000001,14.345305999999999,11.821563000000001
604200,a4VPVcO823uFKQtjpPIuVKXumn6I2rVFW7aB60r1CldO9RoeQGS+yi1Sn4QqHol7,10.574292999999999,12.885315,11.607561
604500,a4VPVcO823uFKQtjpPIuVKXumn6I2rVFW7aB60r1CldO9RoeQGS+yi1Sn4QqHol7,10.567428,26.46635,13.674945999999998
604800,a4VPVcO823uFKQtjpPIuVKXumn6I2rVFW7aB60r1CldO9RoeQGS+yi1Sn4QqHol7,10.501921000000001,12.900546,11.565574
605100,a4VPVcO823uFKQtjpPIuVKXumn6I2rVFW7aB60r1CldO9RoeQGS+yi1Sn4QqHol7,10.624996000000001,13.085336,11.597576
605400,a4VPVcO823uFKQtjpPIuVKXumn6I2rVFW7aB60r1CldO9RoeQGS+yi1Sn4QqHol7,10.542245,12.866703999999999,11.729344000000001
605700,a4VPVcO823uFKQtjpPIuVKXumn6I2rVFW7aB60r1CldO9RoeQGS+yi1Sn4QqHol7,10.646321,13.664218,11.830821
606000,a4VPVcO823uFKQtjpPIuVKXumn6I2rVFW7aB60r1CldO9RoeQGS+yi1Sn4QqHol7,10.554421000000001,12.803581,11.56673
606300,a4VPVcO823uFKQtjpPIuVKXumn6I2rVFW7aB60r1CldO9RoeQGS+yi1Sn4QqHol7,6.305442,12.863412,11.262516999999999
606600,a4VPVcO823uFKQtjpPIuVKXumn6I2rVFW7aB60r1CldO9RoeQGS+yi1Sn4QqHol7,10.429742,13.5003,11.705762
606900,a4VPVcO823uFKQtjpPIuVKXumn6I2rVFW7aB60r1CldO9RoeQGS+yi1Sn4QqHol7,10.558551,12.734009,11.542694000000001
607200,a4VPVcO823uFKQtjpPIuVKXumn6I2rVFW7aB60r1CldO9RoeQGS+yi1Sn4QqHol7,10.481817999999999,12.831594,11.709361
607500,a4VPVcO823uFKQtjpPIuVKXumn6I2rVFW7aB60r1CldO9RoeQGS+yi1Sn4QqHol7,10.441626,12.784955,11.69796
607800,a4VPVcO823uFKQtjpPIuVKXumn6I2rVFW7aB60r1CldO9RoeQGS+yi1Sn4QqHol7,10.548572,13.015413,11.531310000000001
608100,a4VPVcO823uFKQtjpPIuVKXumn6I2rVFW7aB60r1CldO9RoeQGS+yi1Sn4QqHol7,10.628461,16.340759,12.003726
608400,a4VPVcO823uFKQtjpPIuVKXumn6I2rVFW7aB60r1CldO9RoeQGS+yi1Sn4QqHol7,10.561894,15.405486999999999,12.264859
608700,a4VPVcO823uFKQtjpPIuVKXumn6I2rVFW7aB60r1CldO9RoeQGS+yi1Sn4QqHol7,10.527409,12.759761,11.54668
609000,a4VPVcO823uFKQtjpPIuVKXumn6I2rVFW7aB60r1CldO9RoeQGS+yi1Sn4QqHol7,10.663302,13.920359,11.843143
609300,a4VPVcO823uFKQtjpPIuVKXumn6I2rVFW7aB60r1CldO9RoeQGS+yi1Sn4QqHol7,10.449854,12.731956,11.541221
609600,a4VPVcO823uFKQtjpPIuVKXumn6I2rVFW7aB60r1CldO9RoeQGS+yi1Sn4QqHol7,10.401249,12.559638,11.527660000000001
609900,a4VPVcO823uFKQtjpPIuVKXumn6I2rVFW7aB60r1CldO9RoeQGS+yi1Sn4QqHol7,10.624574,13.386919,11.752942
610200,a4VPVcO823uFKQtjpPIuVKXumn6I2rVFW7aB60r1CldO9RoeQGS+yi1Sn4QqHol7,10.536233,12.811028,11.563929
610500,a4VPVcO823uFKQtjpPIuVKXumn6I2rVFW7aB60r1CldO9RoeQGS+yi1Sn4QqHol7,10.38204,12.884822999999999,11.598523
610800,a4VPVcO823uFKQtjpPIuVKXumn6I2rVFW7aB60r1CldO9RoeQGS+yi1Sn4QqHol7,10.502350999999999,12.671949,11.615715
611100,a4VPVcO823uFKQtjpPIuVKXumn6I2rVFW7aB60r1CldO9RoeQGS+yi1Sn4QqHol7,10.168886,12.740021,11.464367
611400,a4VPVcO823uFKQtjpPIuVKXumn6I2rVFW7aB60r1CldO9RoeQGS+yi1Sn4QqHol7,10.464153,12.686401,11.589242
611700,a4VPVcO823uFKQtjpPIuVKXumn6I2rVFW7aB60r1CldO9RoeQGS+yi1Sn4QqHol7,10.792200999999999,12.904181,11.738294
612000,a4VPVcO823uFKQtjpPIuVKXumn6I2rVFW7aB60r1CldO9RoeQGS+yi1Sn4QqHol7,10.567458,16.298466,12.649128999999999
612300,a4VPVcO823uFKQtjpPIuVKXumn6I2rVFW7aB60r1CldO9RoeQGS+yi1Sn4QqHol7,10.454825,12.847772,11.613509
612600,a4VPVcO823uFKQtjpPIuVKXumn6I2rVFW7aB60r1CldO9RoeQGS+yi1Sn4QqHol7,10.314597000000001,12.706814999999999,11.623294999999999
612900,a4VPVcO823uFKQtjpPIuVKXumn6I2rVFW7aB60r1CldO9RoeQGS+yi1Sn4QqHol7,10.594046,12.822333,11.639225999999999
613200,a4VPVcO823uFKQtjpPIuVKXumn6I2rVFW7aB60r1CldO9RoeQGS+yi1Sn4QqHol7,9.801828,12.651372,11.504227
613500,a4VPVcO823uFKQtjpPIuVKXumn6I2rVFW7aB60r1CldO9RoeQGS+yi1Sn4QqHol7,10.437710000000001,12.621838,11.582964
613800,a4VPVcO823uFKQtjpPIuVKXumn6I2rVFW7aB60r1CldO9RoeQGS+yi1Sn4QqHol7,10.536025,12.872622,11.641829
614100,a4VPVcO823uFKQtjpPIuVKXumn6I2rVFW7aB60r1CldO9RoeQGS+yi1Sn4QqHol7,10.295261,12.749578,11.5507
614400,a4VPVcO823uFKQtjpPIuVKXumn6I2rVFW7aB60r1CldO9RoeQGS+yi1Sn4QqHol7,10.667306,14.757935999999999,11.810071
614700,a4VPVcO823uFKQtjpPIuVKXumn6I2rVFW7aB60r1CldO9RoeQGS+yi1Sn4QqHol7,6.015281,13.170684,11.082919
615000,a4VPVcO823uFKQtjpPIuVKXumn6I2rVFW7aB60r1CldO9RoeQGS+yi1Sn4QqHol7,10.352542,12.882601,11.554902
615300,a4VPVcO823uFKQtjpPIuVKXumn6I2rVFW7aB60r1CldO9RoeQGS+yi1Sn4QqHol7,10.535839,18.397282,12.185777999999999
615600,a4VPVcO823uFKQtjpPIuVKXumn6I2rVFW7aB60r1CldO9RoeQGS+yi1Sn4QqHol7,10.617289,15.814939,12.585557000000001
615900,a4VPVcO823uFKQtjpPIuVKXumn6I2rVFW7aB60r1CldO9RoeQGS+yi1Sn4QqHol7,10.368169,12.819901,11.530249000000001
616200,a4VPVcO823uFKQtjpPIuVKXumn6I2rVFW7aB60r1CldO9RoeQGS+yi1Sn4QqHol7,10.398849,12.831803,11.673714
616500,a4VPVcO823uFKQtjpPIuVKXumn6I2rVFW7aB60r1CldO9RoeQGS+yi1Sn4QqHol7,5.913933999999999,12.706406,11.10465
616800,a4VPVcO823uFKQtjpPIuVKXumn6I2rVFW7aB60r1CldO9RoeQGS+yi1Sn4QqHol7,10.489564,12.492511,11.611172999999999
617100,a4VPVcO823uFKQtjpPIuVKXumn6I2rVFW7aB60r1CldO9RoeQGS+yi1Sn4QqHol7,10.689232,15.027664999999999,11.80514
617400,a4VPVcO823uFKQtjpPIuVKXumn6I2rVFW7aB60r1CldO9RoeQGS+yi1Sn4QqHol7,10.448336,12.948302,11.590659
617700,a4VPVcO823uFKQtjpPIuVKXumn6I2rVFW7aB60r1CldO9RoeQGS+yi1Sn4QqHol7,10.502791,12.962207000000001,11.563754
618000,a4VPVcO823uFKQtjpPIuVKXumn6I2rVFW7aB60r1CldO9RoeQGS+yi1Sn4QqHol7,5.9700169999999995,12.901294,11.148881
618300,a4VPVcO823uFKQtjpPIuVKXumn6I2rVFW7aB60r1CldO9RoeQGS+yi1Sn4QqHol7,10.475054,12.966891,11.629569
618600,a4VPVcO823uFKQtjpPIuVKXumn6I2rVFW7aB60r1CldO9RoeQGS+yi1Sn4QqHol7,10.480775,13.334654,11.725177
618900,a4VPVcO823uFKQtjpPIuVKXumn6I2rVFW7aB60r1CldO9RoeQGS+yi1Sn4QqHol7,10.54497,12.714881,11.632579
619200,a4VPVcO823uFKQtjpPIuVKXumn6I2rVFW7aB60r1CldO9RoeQGS+yi1Sn4QqHol7,10.493378,15.898441,12.508019
619500,a4VPVcO823uFKQtjpPIuVKXumn6I2rVFW7aB60r1CldO9RoeQGS+yi1Sn4QqHol7,10.172016000000001,12.859622,11.537592
619800,a4VPVcO823uFKQtjpPIuVKXumn6I2rVFW7aB60r1CldO9RoeQGS+yi1Sn4QqHol7,5.977054,12.837723,11.130166000000001
620100,a4VPVcO823uFKQtjpPIuVKXumn6I2rVFW7aB60r1CldO9RoeQGS+yi1Sn4QqHol7,10.461423,13.359453,11.702306
620400,a4VPVcO823uFKQtjpPIuVKXumn6I2rVFW7aB60r1CldO9RoeQGS+yi1Sn4QqHol7,10.382035,12.832675,11.60796
620700,a4VPVcO823uFKQtjpPIuVKXumn6I2rVFW7aB60r1CldO9RoeQGS+yi1Sn4QqHol7,10.626385,12.840557,11.689347999999999
621000,a4VPVcO823uFKQtjpPIuVKXumn6I2rVFW7aB60r1CldO9RoeQGS+yi1Sn4QqHol7,10.603153,13.238588,11.655028999999999
621300,a4VPVcO823uFKQtjpPIuVKXumn6I2rVFW7aB60r1CldO9RoeQGS+yi1Sn4QqHol7,7.337411,12.975192,11.182234
621600,a4VPVcO823uFKQtjpPIuVKXumn6I2rVFW7aB60r1CldO9RoeQGS+yi1Sn4QqHol7,10.613937,12.74126,11.663416
621900,a4VPVcO823uFKQtjpPIuVKXumn6I2rVFW7aB60r1CldO9RoeQGS+yi1Sn4QqHol7,10.649415,13.024988,11.772178
622200,a4VPVcO823uFKQtjpPIuVKXumn6I2rVFW7aB60r1CldO9RoeQGS+yi1Sn4QqHol7,10.499967,12.672951,11.636847999999999
622500,a4VPVcO823uFKQtjpPIuVKXumn6I2rVFW7aB60r1CldO9RoeQGS+yi1Sn4QqHol7,10.426555,12.663813000000001,11.616841
622800,a4VPVcO823uFKQtjpPIuVKXumn6I2rVFW7aB60r1CldO9RoeQGS+yi1Sn4QqHol7,9.649546,14.48339,11.735759
623100,a4VPVcO823uFKQtjpPIuVKXumn6I2rVFW7aB60r1CldO9RoeQGS+yi1Sn4QqHol7,10.632465,16.344438,12.481883999999999
623400,a4VPVcO823uFKQtjpPIuVKXumn6I2rVFW7aB60r1CldO9RoeQGS+yi1Sn4QqHol7,10.450329,12.852225,11.761966000000001
623700,a4VPVcO823uFKQtjpPIuVKXumn6I2rVFW7aB60r1CldO9RoeQGS+yi1Sn4QqHol7,10.643634,13.001787,11.763221000000001
624000,a4VPVcO823uFKQtjpPIuVKXumn6I2rVFW7aB60r1CldO9RoeQGS+yi1Sn4QqHol7,10.505503,12.805669,11.536012
624300,a4VPVcO823uFKQtjpPIuVKXumn6I2rVFW7aB60r1CldO9RoeQGS+yi1Sn4QqHol7,10.666459,13.038271,11.734439
624600,a4VPVcO823uFKQtjpPIuVKXumn6I2rVFW7aB60r1CldO9RoeQGS+yi1Sn4QqHol7,8.412291,13.328089000000002,11.383977
624900,a4VPVcO823uFKQtjpPIuVKXumn6I2rVFW7aB60r1CldO9RoeQGS+yi1Sn4QqHol7,10.413664,12.446332,11.386559
625200,a4VPVcO823uFKQtjpPIuVKXumn6I2rVFW7aB60r1CldO9RoeQGS+yi1Sn4QqHol7,10.612651,12.706755000000001,11.531426
625500,a4VPVcO823uFKQtjpPIuVKXumn6I2rVFW7aB60r1CldO9RoeQGS+yi1Sn4QqHol7,10.501826,13.115797,11.690382000000001
625800,a4VPVcO823uFKQtjpPIuVKXumn6I2rVFW7aB60r1CldO9RoeQGS+yi1Sn4QqHol7,10.261296000000002,12.606589,11.381007
626100,a4VPVcO823uFKQtjpPIuVKXumn6I2rVFW7aB60r1CldO9RoeQGS+yi1Sn4QqHol7,6.015135,12.657073,11.072042
626400,a4VPVcO823uFKQtjpPIuVKXumn6I2rVFW7aB60r1CldO9RoeQGS+yi1Sn4QqHol7,10.512188,12.904016,11.608748
626700,a4VPVcO823uFKQtjpPIuVKXumn6I2rVFW7aB60r1CldO9RoeQGS+yi1Sn4QqHol7,10.613888000000001,16.432695000000002,12.361563
627000,a4VPVcO823uFKQtjpPIuVKXumn6I2rVFW7aB60r1CldO9RoeQGS+yi1Sn4QqHol7,10.545368,12.577072,11.586414
627300,a4VPVcO823uFKQtjpPIuVKXumn6I2rVFW7aB60r1CldO9RoeQGS+yi1Sn4QqHol7,10.568757000000002,13.014418,11.686150999999999
627600,a4VPVcO823uFKQtjpPIuVKXumn6I2rVFW7aB60r1CldO9RoeQGS+yi1Sn4QqHol7,10.578764,12.459617999999999,11.485808
627900,a4VPVcO823uFKQtjpPIuVKXumn6I2rVFW7aB60r1CldO9RoeQGS+yi1Sn4QqHol7,8.718784,12.797844,11.30827
628200,a4VPVcO823uFKQtjpPIuVKXumn6I2rVFW7aB60r1CldO9RoeQGS+yi1Sn4QqHol7,10.490497,13.274084,11.711116
628500,a4VPVcO823uFKQtjpPIuVKXumn6I2rVFW7aB60r1CldO9RoeQGS+yi1Sn4QqHol7,10.574859,12.497447,11.568254
628800,a4VPVcO823uFKQtjpPIuVKXumn6I2rVFW7aB60r1CldO9RoeQGS+yi1Sn4QqHol7,10.434747,12.600028,11.574644000000001
629100,a4VPVcO823uFKQtjpPIuVKXumn6I2rVFW7aB60r1CldO9RoeQGS+yi1Sn4QqHol7,10.427249,12.638252,11.501182
629400,a4VPVcO823uFKQtjpPIuVKXumn6I2rVFW7aB60r1CldO9RoeQGS+yi1Sn4QqHol7,10.231858,12.94059,11.490478
629700,a4VPVcO823uFKQtjpPIuVKXumn6I2rVFW7aB60r1CldO9RoeQGS+yi1Sn4QqHol7,10.546877,12.941533,11.678162
630000,a4VPVcO823uFKQtjpPIuVKXumn6I2rVFW7aB60r1CldO9RoeQGS+yi1Sn4QqHol7,6.030001,13.068136,10.9355
630300,a4VPVcO823uFKQtjpPIuVKXumn6I2rVFW7aB60r1CldO9RoeQGS+yi1Sn4QqHol7,10.701764,41.687323,18.111498
630600,a4VPVcO823uFKQtjpPIuVKXumn6I2rVFW7aB60r1CldO9RoeQGS+yi1Sn4QqHol7,10.684725,13.797348000000001,11.852995
630900,a4VPVcO823uFKQtjpPIuVKXumn6I2rVFW7aB60r1CldO9RoeQGS+yi1Sn4QqHol7,10.577886999999999,13.244792000000002,11.797039
631200,a4VPVcO823uFKQtjpPIuVKXumn6I2rVFW7aB60r1CldO9RoeQGS+yi1Sn4QqHol7,10.541165,12.519228,11.43713
631500,a4VPVcO823uFKQtjpPIuVKXumn6I2rVFW7aB60r1CldO9RoeQGS+yi1Sn4QqHol7,10.272327,12.561114,11.562332000000001
631800,a4VPVcO823uFKQtjpPIuVKXumn6I2rVFW7aB60r1CldO9RoeQGS+yi1Sn4QqHol7,10.376432000000001,12.61484,11.573261
632100,a4VPVcO823uFKQtjpPIuVKXumn6I2rVFW7aB60r1CldO9RoeQGS+yi1Sn4QqHol7,7.241739,12.46867,11.049566
632400,a4VPVcO823uFKQtjpPIuVKXumn6I2rVFW7aB60r1CldO9RoeQGS+yi1Sn4QqHol7,10.3337,12.611246000000001,11.38182
632700,a4VPVcO823uFKQtjpPIuVKXumn6I2rVFW7aB60r1CldO9RoeQGS+yi1Sn4QqHol7,10.445652,13.825475,11.853099
633000,a4VPVcO823uFKQtjpPIuVKXumn6I2rVFW7aB60r1CldO9RoeQGS+yi1Sn4QqHol7,10.479044,12.603639,11.446635
633300,a4VPVcO823uFKQtjpPIuVKXumn6I2rVFW7aB60r1CldO9RoeQGS+yi1Sn4QqHol7,10.656378,15.194165,11.872308
633600,a4VPVcO823uFKQtjpPIuVKXumn6I2rVFW7aB60r1CldO9RoeQGS+yi1Sn4QqHol7,5.934154,12.767933,11.00114
633900,a4VPVcO823uFKQtjpPIuVKXumn6I2rVFW7aB60r1CldO9RoeQGS+yi1Sn4QqHol7,10.549323,16.186776000000002,12.32131
634200,a4VPVcO823uFKQtjpPIuVKXumn6I2rVFW7aB60r1CldO9RoeQGS+yi1Sn4QqHol7,10.761725,12.863204,11.636514
634500,a4VPVcO823uFKQtjpPIuVKXumn6I2rVFW7aB60r1CldO9RoeQGS+yi1Sn4QqHol7,10.558135,12.909866000000001,11.520638
634800,a4VPVcO823uFKQtjpPIuVKXumn6I2rVFW7aB60r1CldO9RoeQGS+yi1Sn4QqHol7,10.531432,12.847074000000001,11.482733
635100,a4VPVcO823uFKQtjpPIuVKXumn6I2rVFW7aB60r1CldO9RoeQGS+yi1Sn4QqHol7,10.679679,12.479461,11.49852
635400,a4VPVcO823uFKQtjpPIuVKXumn6I2rVFW7aB60r1CldO9RoeQGS+yi1Sn4QqHol7,10.180505,13.825657999999999,11.623544
635700,a4VPVcO823uFKQtjpPIuVKXumn6I2rVFW7aB60r1CldO9RoeQGS+yi1Sn4QqHol7,10.485546000000001,12.587777,11.423069
636000,a4VPVcO823uFKQtjpPIuVKXumn6I2rVFW7aB60r1CldO9RoeQGS+yi1Sn4QqHol7,6.277958,12.353481,11.064195
636300,a4VPVcO823uFKQtjpPIuVKXumn6I2rVFW7aB60r1CldO9RoeQGS+yi1Sn4QqHol7,10.597318,13.22528,11.585046
636600,a4VPVcO823uFKQtjpPIuVKXumn6I2rVFW7aB60r1CldO9RoeQGS+yi1Sn4QqHol7,10.449086999999999,12.464483,11.459891
636900,a4VPVcO823uFKQtjpPIuVKXumn6I2rVFW7aB60r1CldO9RoeQGS+yi1Sn4QqHol7,10.510042,12.823172,11.751182
637200,a4VPVcO823uFKQtjpPIuVKXumn6I2rVFW7aB60r1CldO9RoeQGS+yi1Sn4QqHol7,10.552726,12.738662,11.525181
637500,a4VPVcO823uFKQtjpPIuVKXumn6I2rVFW7aB60r1CldO9RoeQGS+yi1Sn4QqHol7,9.548580000000001,13.52486,11.398026
637800,a4VPVcO823uFKQtjpPIuVKXumn6I2rVFW7aB60r1CldO9RoeQGS+yi1Sn4QqHol7,10.536961999999999,16.113632,12.28887
638100,a4VPVcO823uFKQtjpPIuVKXumn6I2rVFW7aB60r1CldO9RoeQGS+yi1Sn4QqHol7,10.428324,15.358481,11.759703
638400,a4VPVcO823uFKQtjpPIuVKXumn6I2rVFW7aB60r1CldO9RoeQGS+yi1Sn4QqHol7,10.347062,12.786864,11.430867999999998
638700,a4VPVcO823uFKQtjpPIuVKXumn6I2rVFW7aB60r1CldO9RoeQGS+yi1Sn4QqHol7,10.429003999999999,12.522661,11.463581
639000,a4VPVcO823uFKQtjpPIuVKXumn6I2rVFW7aB60r1CldO9RoeQGS+yi1Sn4QqHol7,10.461653,15.016423000000001,11.795603
639300,a4VPVcO823uFKQtjpPIuVKXumn6I2rVFW7aB60r1CldO9RoeQGS+yi1Sn4QqHol7,10.375721,12.393382,11.398667
639600,a4VPVcO823uFKQtjpPIuVKXumn6I2rVFW7aB60r1CldO9RoeQGS+yi1Sn4QqHol7,5.981,12.727708,10.959563000000001
639900,a4VPVcO823uFKQtjpPIuVKXumn6I2rVFW7aB60r1CldO9RoeQGS+yi1Sn4QqHol7,10.473244000000001,13.055092,11.482287
640200,a4VPVcO823uFKQtjpPIuVKXumn6I2rVFW7aB60r1CldO9RoeQGS+yi1Sn4QqHol7,10.593831,14.929573999999999,11.626578
640500,a4VPVcO823uFKQtjpPIuVKXumn6I2rVFW7aB60r1CldO9RoeQGS+yi1Sn4QqHol7,10.375825,12.887048,11.579958
640800,a4VPVcO823uFKQtjpPIuVKXumn6I2rVFW7aB60r1CldO9RoeQGS+yi1Sn4QqHol7,10.302536,12.312806,11.429142
641100,a4VPVcO823uFKQtjpPIuVKXumn6I2rVFW7aB60r1CldO9RoeQGS+yi1Sn4QqHol7,10.384266,12.464031,11.485232
641400,a4VPVcO823uFKQtjpPIuVKXumn6I2rVFW7aB60r1CldO9RoeQGS+yi1Sn4QqHol7,9.183041000000001,16.485899,12.142742
641700,a4VPVcO823uFKQtjpPIuVKXumn6I2rVFW7aB60r1CldO9RoeQGS+yi1Sn4QqHol7,10.540291999999999,15.550593,11.692358
642000,a4VPVcO823uFKQtjpPIuVKXumn6I2rVFW7aB60r1CldO9RoeQGS+yi1Sn4QqHol7,10.379137,12.566175,11.38785
642300,a4VPVcO823uFKQtjpPIuVKXumn6I2rVFW7aB60r1CldO9RoeQGS+yi1Sn4QqHol7,10.51327,13.819504,11.648829
642600,a4VPVcO823uFKQtjpPIuVKXumn6I2rVFW7aB60r1CldO9RoeQGS+yi1Sn4QqHol7,10.437385,12.994191,11.581353
642900,a4VPVcO823uFKQtjpPIuVKXumn6I2rVFW7aB60r1CldO9RoeQGS+yi1Sn4QqHol7,9.9841,12.357583,11.276050999999999
643200,a4VPVcO823uFKQtjpPIuVKXumn6I2rVFW7aB60r1CldO9RoeQGS+yi1Sn4QqHol7,10.483922999999999,12.502772,11.428998
643500,a4VPVcO823uFKQtjpPIuVKXumn6I2rVFW7aB60r1CldO9RoeQGS+yi1Sn4QqHol7,9.290231,12.450646,11.203437
643800,a4VPVcO823uFKQtjpPIuVKXumn6I2rVFW7aB60r1CldO9RoeQGS+yi1Sn4QqHol7,10.390167,12.401997999999999,11.394542999999999
644100,a4VPVcO823uFKQtjpPIuVKXumn6I2rVFW7aB60r1CldO9RoeQGS+yi1Sn4QqHol7,10.355314,12.962961,11.530901
644400,a4VPVcO823uFKQtjpPIuVKXumn6I2rVFW7aB60r1CldO9RoeQGS+yi1Sn4QqHol7,10.350595,16.173833,11.687517
644700,a4VPVcO823uFKQtjpPIuVKXumn6I2rVFW7aB60r1CldO9RoeQGS+yi1Sn4QqHol7,10.211519000000001,12.460735000000001,11.353786999999999
645000,a4VPVcO823uFKQtjpPIuVKXumn6I2rVFW7aB60r1CldO9RoeQGS+yi1Sn4QqHol7,10.515588000000001,15.173604999999998,12.547614999999999
645300,a4VPVcO823uFKQtjpPIuVKXumn6I2rVFW7aB60r1CldO9RoeQGS+yi1Sn4QqHol7,10.390211,12.724753,11.494461
645600,a4VPVcO823uFKQtjpPIuVKXumn6I2rVFW7aB60r1CldO9RoeQGS+yi1Sn4QqHol7,10.388216,15.028925,11.61197
645900,a4VPVcO823uFKQtjpPIuVKXumn6I2rVFW7aB60r1CldO9RoeQGS+yi1Sn4QqHol7,10.522644999999999,12.533087,11.468494
646200,a4VPVcO823uFKQtjpPIuVKXumn6I2rVFW7aB60r1CldO9RoeQGS+yi1Sn4QqHol7,10.571736,12.84722,11.644194
646500,a4VPVcO823uFKQtjpPIuVKXumn6I2rVFW7aB60r1CldO9RoeQGS+yi1Sn4QqHol7,10.427377,12.991702,11.581941
646800,a4VPVcO823uFKQtjpPIuVKXumn6I2rVFW7aB60r1CldO9RoeQGS+yi1Sn4QqHol7,8.171811,12.582068,11.348706
647100,a4VPVcO823uFKQtjpPIuVKXumn6I2rVFW7aB60r1CldO9RoeQGS+yi1Sn4QqHol7,10.716662,15.130942000000001,11.909706
647400,a4VPVcO823uFKQtjpPIuVKXumn6I2rVFW7aB60r1CldO9RoeQGS+yi1Sn4QqHol7,10.476183,12.66212,11.486616999999999
647700,a4VPVcO823uFKQtjpPIuVKXumn6I2rVFW7aB60r1CldO9RoeQGS+yi1Sn4QqHol7,10.450358999999999,14.163835999999998,11.801165
648000,a4VPVcO823uFKQtjpPIuVKXumn6I2rVFW7aB60r1CldO9RoeQGS+yi1Sn4QqHol7,10.473857,13.438227,11.706283
648300,a4VPVcO823uFKQtjpPIuVKXumn6I2rVFW7aB60r1CldO9RoeQGS+yi1Sn4QqHol7,6.175721,12.615882000000001,11.026637
648600,a4VPVcO823uFKQtjpPIuVKXumn6I2rVFW7aB60r1CldO9RoeQGS+yi1Sn4QqHol7,10.585625,16.276984,12.363216
648900,a4VPVcO823uFKQtjpPIuVKXumn6I2rVFW7aB60r1CldO9RoeQGS+yi1Sn4QqHol7,10.649838,14.840241,12.066104
649200,a4VPVcO823uFKQtjpPIuVKXumn6I2rVFW7aB60r1CldO9RoeQGS+yi1Sn4QqHol7,10.408093,12.568711,11.616758
649500,a4VPVcO823uFKQtjpPIuVKXumn6I2rVFW7aB60r1CldO9RoeQGS+yi1Sn4QqHol7,10.596484,15.166552,11.881065
649800,a4VPVcO823uFKQtjpPIuVKXumn6I2rVFW7aB60r1CldO9RoeQGS+yi1Sn4QqHol7,10.626182,13.575542,11.730388
650100,a4VPVcO823uFKQtjpPIuVKXumn6I2rVFW7aB60r1CldO9RoeQGS+yi1Sn4QqHol7,10.607756,12.456218,11.459472
650400,a4VPVcO823uFKQtjpPIuVKXumn6I2rVFW7aB60r1CldO9RoeQGS+yi1Sn4QqHol7,10.518025,15.109073,11.837016
650700,a4VPVcO823uFKQtjpPIuVKXumn6I2rVFW7aB60r1CldO9RoeQGS+yi1Sn4QqHol7,10.567838,12.715643,11.647558
651000,a4VPVcO823uFKQtjpPIuVKXumn6I2rVFW7aB60r1CldO9RoeQGS+yi1Sn4QqHol7,10.514603999999999,15.782129000000001,11.810271
651300,a4VPVcO823uFKQtjpPIuVKXumn6I2rVFW7aB60r1CldO9RoeQGS+yi1Sn4QqHol7,10.656825999999999,12.874982000000001,11.594897
651600,a4VPVcO823uFKQtjpPIuVKXumn6I2rVFW7aB60r1CldO9RoeQGS+yi1Sn4QqHol7,7.535121000000001,13.102949,11.327084
651900,a4VPVcO823uFKQtjpPIuVKXumn6I2rVFW7aB60r1CldO9RoeQGS+yi1Sn4QqHol7,10.469038000000001,12.629017,11.513919
652200,a4VPVcO823uFKQtjpPIuVKXumn6I2rVFW7aB60r1CldO9RoeQGS+yi1Sn4QqHol7,10.524844,13.677632000000001,11.782085
652500,a4VPVcO823uFKQtjpPIuVKXumn6I2rVFW7aB60r1CldO9RoeQGS+yi1Sn4QqHol7,10.478305,16.302405,12.653217
652800,a4VPVcO823uFKQtjpPIuVKXumn6I2rVFW7aB60r1CldO9RoeQGS+yi1Sn4QqHol7,10.347032,12.687157000000001,11.56305
653100,a4VPVcO823uFKQtjpPIuVKXumn6I2rVFW7aB60r1CldO9RoeQGS+yi1Sn4QqHol7,9.221353,14.062179,11.689175
653400,a4VPVcO823uFKQtjpPIuVKXumn6I2rVFW7aB60r1CldO9RoeQGS+yi1Sn4QqHol7,10.580326,13.200593,11.740789999999999
653700,a4VPVcO823uFKQtjpPIuVKXumn6I2rVFW7aB60r1CldO9RoeQGS+yi1Sn4QqHol7,10.44365,12.598322999999999,11.594044
654000,a4VPVcO823uFKQtjpPIuVKXumn6I2rVFW7aB60r1CldO9RoeQGS+yi1Sn4QqHol7,10.327228,12.837667999999999,11.596778
654300,a4VPVcO823uFKQtjpPIuVKXumn6I2rVFW7aB60r1CldO9RoeQGS+yi1Sn4QqHol7,10.664831,12.933448,11.762556
654600,a4VPVcO823uFKQtjpPIuVKXumn6I2rVFW7aB60r1CldO9RoeQGS+yi1Sn4QqHol7,10.482834,12.88898,11.569071000000001
654900,a4VPVcO823uFKQtjpPIuVKXumn6I2rVFW7aB60r1CldO9RoeQGS+yi1Sn4QqHol7,10.577357000000001,14.149710999999998,11.763262
655200,a4VPVcO823uFKQtjpPIuVKXumn6I2rVFW7aB60r1CldO9RoeQGS+yi1Sn4QqHol7,6.906673,12.389259,11.011833
655500,a4VPVcO823uFKQtjpPIuVKXumn6I2rVFW7aB60r1CldO9RoeQGS+yi1Sn4QqHol7,10.467030000000001,20.023435,12.668161999999999
655800,a4VPVcO823uFKQtjpPIuVKXumn6I2rVFW7aB60r1CldO9RoeQGS+yi1Sn4QqHol7,10.782741999999999,13.308189000000002,11.816649
656100,a4VPVcO823uFKQtjpPIuVKXumn6I2rVFW7aB60r1CldO9RoeQGS+yi1Sn4QqHol7,10.525686,16.525064999999998,12.512928
656400,a4VPVcO823uFKQtjpPIuVKXumn6I2rVFW7aB60r1CldO9RoeQGS+yi1Sn4QqHol7,10.548848,16.977235999999998,11.819030999999999
656700,a4VPVcO823uFKQtjpPIuVKXumn6I2rVFW7aB60r1CldO9RoeQGS+yi1Sn4QqHol7,10.407681,12.710409,11.682118
657000,a4VPVcO823uFKQtjpPIuVKXumn6I2rVFW7aB60r1CldO9RoeQGS+yi1Sn4QqHol7,8.484472,12.468928,11.209367
657300,a4VPVcO823uFKQtjpPIuVKXumn6I2rVFW7aB60r1CldO9RoeQGS+yi1Sn4QqHol7,10.428835000000001,12.681513,11.51428
657600,a4VPVcO823uFKQtjpPIuVKXumn6I2rVFW7aB60r1CldO9RoeQGS+yi1Sn4QqHol7,10.269312,15.131038,11.755386
657900,a4VPVcO823uFKQtjpPIuVKXumn6I2rVFW7aB60r1CldO9RoeQGS+yi1Sn4QqHol7,10.493569,13.465399,11.651483
658200,a4VPVcO823uFKQtjpPIuVKXumn6I2rVFW7aB60r1CldO9RoeQGS+yi1Sn4QqHol7,10.595333,12.748583,11.589769
658500,a4VPVcO823uFKQtjpPIuVKXumn6I2rVFW7aB60r1CldO9RoeQGS+yi1Sn4QqHol7,10.516250999999999,13.192854999999998,11.557352999999999
658800,a4VPVcO823uFKQtjpPIuVKXumn6I2rVFW7aB60r1CldO9RoeQGS+yi1Sn4QqHol7,10.259072999999999,12.762514999999999,11.616334
659100,a4VPVcO823uFKQtjpPIuVKXumn6I2rVFW7aB60r1CldO9RoeQGS+yi1Sn4QqHol7,10.522941000000001,48.134643,15.865379
659400,a4VPVcO823uFKQtjpPIuVKXumn6I2rVFW7aB60r1CldO9RoeQGS+yi1Sn4QqHol7,10.419007,12.5832,11.544927000000001
659700,a4VPVcO823uFKQtjpPIuVKXumn6I2rVFW7aB60r1CldO9RoeQGS+yi1Sn4QqHol7,10.494388,31.597786,13.591681
660000,a4VPVcO823uFKQtjpPIuVKXumn6I2rVFW7aB60r1CldO9RoeQGS+yi1Sn4QqHol7,10.464663999999999,12.474122999999999,11.447687
660300,a4VPVcO823uFKQtjpPIuVKXumn6I2rVFW7aB60r1CldO9RoeQGS+yi1Sn4QqHol7,8.960716,12.44307,11.299866
660600,a4VPVcO823uFKQtjpPIuVKXumn6I2rVFW7aB60r1CldO9RoeQGS+yi1Sn4QqHol7,10.259041999999999,13.491248,11.509685000000001
660900,a4VPVcO823uFKQtjpPIuVKXumn6I2rVFW7aB60r1CldO9RoeQGS+yi1Sn4QqHol7,10.448939999999999,12.622325,11.434585
661200,a4VPVcO823uFKQtjpPIuVKXumn6I2rVFW7aB60r1CldO9RoeQGS+yi1Sn4QqHol7,10.240744,13.231860000000001,11.517152000000001
661500,a4VPVcO823uFKQtjpPIuVKXumn6I2rVFW7aB60r1CldO9RoeQGS+yi1Sn4QqHol7,10.609446,12.814798,11.530693
661800,a4VPVcO823uFKQtjpPIuVKXumn6I2rVFW7aB60r1CldO9RoeQGS+yi1Sn4QqHol7,6.009868,12.300655,10.943408999999999
662100,a4VPVcO823uFKQtjpPIuVKXumn6I2rVFW7aB60r1CldO9RoeQGS+yi1Sn4QqHol7,10.542389,12.447581,11.490526
662400,a4VPVcO823uFKQtjpPIuVKXumn6I2rVFW7aB60r1CldO9RoeQGS+yi1Sn4QqHol7,10.598514,12.955331,11.703878999999999
662700,a4VPVcO823uFKQtjpPIuVKXumn6I2rVFW7aB60r1CldO9RoeQGS+yi1Sn4QqHol7,10.421459,12.542933999999999,11.449524
663000,a4VPVcO823uFKQtjpPIuVKXumn6I2rVFW7aB60r1CldO9RoeQGS+yi1Sn4QqHol7,7.590211,12.533164,11.321978
663300,a4VPVcO823uFKQtjpPIuVKXumn6I2rVFW7aB60r1CldO9RoeQGS+yi1Sn4QqHol7,10.5148,16.130404000000002,12.385866
663600,a4VPVcO823uFKQtjpPIuVKXumn6I2rVFW7aB60r1CldO9RoeQGS+yi1Sn4QqHol7,10.513710000000001,14.049957000000001,11.515802
663900,a4VPVcO823uFKQtjpPIuVKXumn6I2rVFW7aB60r1CldO9RoeQGS+yi1Sn4QqHol7,10.755203999999999,13.892229,11.745648
664200,a4VPVcO823uFKQtjpPIuVKXumn6I2rVFW7aB60r1CldO9RoeQGS+yi1Sn4QqHol7,10.831934,12.468502,11.530192999999999
664500,a4VPVcO823uFKQtjpPIuVKXumn6I2rVFW7aB60r1CldO9RoeQGS+yi1Sn4QqHol7,6.159330000000001,12.751055000000001,11.085341
664800,a4VPVcO823uFKQtjpPIuVKXumn6I2rVFW7aB60r1CldO9RoeQGS+yi1Sn4QqHol7,10.66227,12.494705,11.580962
665100,a4VPVcO823uFKQtjpPIuVKXumn6I2rVFW7aB60r1CldO9RoeQGS+yi1Sn4QqHol7,10.646802000000001,12.737417,11.449072
665400,a4VPVcO823uFKQtjpPIuVKXumn6I2rVFW7aB60r1CldO9RoeQGS+yi1Sn4QqHol7,10.611092,12.00779,11.344998
665700,a4VPVcO823uFKQtjpPIuVKXumn6I2rVFW7aB60r1CldO9RoeQGS+yi1Sn4QqHol7,10.490964,12.396811,11.408175
666000,a4VPVcO823uFKQtjpPIuVKXumn6I2rVFW7aB60r1CldO9RoeQGS+yi1Sn4QqHol7,10.583697,12.387725,11.352542
666300,a4VPVcO823uFKQtjpPIuVKXumn6I2rVFW7aB60r1CldO9RoeQGS+yi1Sn4QqHol7,7.30346,12.209302000000001,10.993091999999999
666600,a4VPVcO823uFKQtjpPIuVKXumn6I2rVFW7aB60r1CldO9RoeQGS+yi1Sn4QqHol7,10.264704,12.341219,11.244246
666900,a4VPVcO823uFKQtjpPIuVKXumn6I2rVFW7aB60r1CldO9RoeQGS+yi1Sn4QqHol7,10.134419,14.908745000000001,11.572817
667200,a4VPVcO823uFKQtjpPIuVKXumn6I2rVFW7aB60r1CldO9RoeQGS+yi1Sn4QqHol7,10.460057,16.372024,11.996725
667500,a4VPVcO823uFKQtjpPIuVKXumn6I2rVFW7aB60r1CldO9RoeQGS+yi1Sn4QqHol7,10.217359,12.080913,11.262145
667800,a4VPVcO823uFKQtjpPIuVKXumn6I2rVFW7aB60r1CldO9RoeQGS+yi1Sn4QqHol7,10.601192999999999,13.423460999999998,11.447788000000001
668100,a4VPVcO823uFKQtjpPIuVKXumn6I2rVFW7aB60r1CldO9RoeQGS+yi1Sn4QqHol7,10.528788,12.004713,11.257152
668400,a4VPVcO823uFKQtjpPIuVKXumn6I2rVFW7aB60r1CldO9RoeQGS+yi1Sn4QqHol7,6.000733,12.238515,10.840160000000001
668700,a4VPVcO823uFKQtjpPIuVKXumn6I2rVFW7aB60r1CldO9RoeQGS+yi1Sn4QqHol7,10.404989,12.412733,11.240606
669000,a4VPVcO823uFKQtjpPIuVKXumn6I2rVFW7aB60r1CldO9RoeQGS+yi1Sn4QqHol7,10.438862,12.38855,11.367198
669300,a4VPVcO823uFKQtjpPIuVKXumn6I2rVFW7aB60r1CldO9RoeQGS+yi1Sn4QqHol7,10.563414999999999,13.188797000000001,11.498034
669600,a4VPVcO823uFKQtjpPIuVKXumn6I2rVFW7aB60r1CldO9RoeQGS+yi1Sn4QqHol7,10.483845,13.837458999999999,11.535499
669900,a4VPVcO823uFKQtjpPIuVKXumn6I2rVFW7aB60r1CldO9RoeQGS+yi1Sn4QqHol7,9.613215,12.501292999999999,11.110339999999999
670200,a4VPVcO823uFKQtjpPIuVKXumn6I2rVFW7aB60r1CldO9RoeQGS+yi1Sn4QqHol7,10.481009,12.654556,11.383036
670500,a4VPVcO823uFKQtjpPIuVKXumn6I2rVFW7aB60r1CldO9RoeQGS+yi1Sn4QqHol7,6.805905,12.503867999999999,11.031297
670800,a4VPVcO823uFKQtjpPIuVKXumn6I2rVFW7aB60r1CldO9RoeQGS+yi1Sn4QqHol7,10.457625,16.603460000000002,12.036
671100,a4VPVcO823uFKQtjpPIuVKXumn6I2rVFW7aB60r1CldO9RoeQGS+yi1Sn4QqHol7,10.478739,13.112639999999999,11.465304
671400,a4VPVcO823uFKQtjpPIuVKXumn6I2rVFW7aB60r1CldO9RoeQGS+yi1Sn4QqHol7,10.540833000000001,12.596221,11.425886
671700,a4VPVcO823uFKQtjpPIuVKXumn6I2rVFW7aB60r1CldO9RoeQGS+yi1Sn4QqHol7,10.459049,20.806279,11.918161
672000,a4VPVcO823uFKQtjpPIuVKXumn6I2rVFW7aB60r1CldO9RoeQGS+yi1Sn4QqHol7,7.03597,12.033811,10.947681
672300,a4VPVcO823uFKQtjpPIuVKXumn6I2rVFW7aB60r1CldO9RoeQGS+yi1Sn4QqHol7,10.290322999999999,12.246219,11.253565
672600,a4VPVcO823uFKQtjpPIuVKXumn6I2rVFW7aB60r1CldO9RoeQGS+yi1Sn4QqHol7,10.403448,14.711339,11.543336
672900,a4VPVcO823uFKQtjpPIuVKXumn6I2rVFW7aB60r1CldO9RoeQGS+yi1Sn4QqHol7,10.461924,13.487312,11.480435
673200,a4VPVcO823uFKQtjpPIuVKXumn6I2rVFW7aB60r1CldO9RoeQGS+yi1Sn4QqHol7,10.345767,18.182467000000003,11.871836
673500,a4VPVcO823uFKQtjpPIuVKXumn6I2rVFW7aB60r1CldO9RoeQGS+yi1Sn4QqHol7,10.219653,12.62292,11.272436
673800,a4VPVcO823uFKQtjpPIuVKXumn6I2rVFW7aB60r1CldO9RoeQGS+yi1Sn4QqHol7,10.454707,14.031228,11.510628
674100,a4VPVcO823uFKQtjpPIuVKXumn6I2rVFW7aB60r1CldO9RoeQGS+yi1Sn4QqHol7,10.288511999999999,12.284142999999998,11.279318
674400,a4VPVcO823uFKQtjpPIuVKXumn6I2rVFW7aB60r1CldO9RoeQGS+yi1Sn4QqHol7,10.545307000000001,15.532717000000002,12.139371
674700,a4VPVcO823uFKQtjpPIuVKXumn6I2rVFW7aB60r1CldO9RoeQGS+yi1Sn4QqHol7,10.388902,13.478763,11.459676
675000,a4VPVcO823uFKQtjpPIuVKXumn6I2rVFW7aB60r1CldO9RoeQGS+yi1Sn4QqHol7,10.396804,12.265182000000001,11.289863
675300,a4VPVcO823uFKQtjpPIuVKXumn6I2rVFW7aB60r1CldO9RoeQGS+yi1Sn4QqHol7,10.30102,14.696152,11.444815
675600,a4VPVcO823uFKQtjpPIuVKXumn6I2rVFW7aB60r1CldO9RoeQGS+yi1Sn4QqHol7,10.424688,12.462632000000001,11.381892
675900,a4VPVcO823uFKQtjpPIuVKXumn6I2rVFW7aB60r1CldO9RoeQGS+yi1Sn4QqHol7,7.995249,13.684813,11.440615
676200,a4VPVcO823uFKQtjpPIuVKXumn6I2rVFW7aB60r1CldO9RoeQGS+yi1Sn4QqHol7,10.409646,12.159668,11.296750999999999
676500,a4VPVcO823uFKQtjpPIuVKXumn6I2rVFW7aB60r1CldO9RoeQGS+yi1Sn4QqHol7,10.477878,12.588823,11.356155000000001
676800,a4VPVcO823uFKQtjpPIuVKXumn6I2rVFW7aB60r1CldO9RoeQGS+yi1Sn4QqHol7,10.515934,12.182019,11.239511
677100,a4VPVcO823uFKQtjpPIuVKXumn6I2rVFW7aB60r1CldO9RoeQGS+yi1Sn4QqHol7,10.260017999999999,12.171009,11.275682000000002
677400,a4VPVcO823uFKQtjpPIuVKXumn6I2rVFW7aB60r1CldO9RoeQGS+yi1Sn4QqHol7,10.438307,12.224838,11.247933
677700,a4VPVcO823uFKQtjpPIuVKXumn6I2rVFW7aB60r1CldO9RoeQGS+yi1Sn4QqHol7,10.298326,12.522202,11.321927
678000,a4VPVcO823uFKQtjpPIuVKXumn6I2rVFW7aB60r1CldO9RoeQGS+yi1Sn4QqHol7,10.528203,19.959056,12.588181
678300,a4VPVcO823uFKQtjpPIuVKXumn6I2rVFW7aB60r1CldO9RoeQGS+yi1Sn4QqHol7,10.411195,12.399778999999999,11.296462
678600,a4VPVcO823uFKQtjpPIuVKXumn6I2rVFW7aB60r1CldO9RoeQGS+yi1Sn4QqHol7,10.319158999999999,13.344768,11.359978
678900,a4VPVcO823uFKQtjpPIuVKXumn6I2rVFW7aB60r1CldO9RoeQGS+yi1Sn4QqHol7,10.205413,12.180093,11.154793
679200,a4VPVcO823uFKQtjpPIuVKXumn6I2rVFW7aB60r1CldO9RoeQGS+yi1Sn4QqHol7,6.143169,12.48865,10.85394
679500,a4VPVcO823uFKQtjpPIuVKXumn6I2rVFW7aB60r1CldO9RoeQGS+yi1Sn4QqHol7,10.485752,11.950837,11.291798
679800,a4VPVcO823uFKQtjpPIuVKXumn6I2rVFW7aB60r1CldO9RoeQGS+yi1Sn4QqHol7,10.311663000000001,17.006567,11.754897999999999
680100,a4VPVcO823uFKQtjpPIuVKXumn6I2rVFW7aB60r1CldO9RoeQGS+yi1Sn4QqHol7,10.519435000000001,14.350598999999999,11.458637
680400,a4VPVcO823uFKQtjpPIuVKXumn6I2rVFW7aB60r1CldO9RoeQGS+yi1Sn4QqHol7,10.297143,12.18187,11.240169
680700,a4VPVcO823uFKQtjpPIuVKXumn6I2rVFW7aB60r1CldO9RoeQGS+yi1Sn4QqHol7,7.671319,12.254935000000001,10.877235
681000,a4VPVcO823uFKQtjpPIuVKXumn6I2rVFW7aB60r1CldO9RoeQGS+yi1Sn4QqHol7,10.393305999999999,12.219911999999999,11.275069
681300,a4VPVcO823uFKQtjpPIuVKXumn6I2rVFW7aB60r1CldO9RoeQGS+yi1Sn4QqHol7,8.198039999999999,12.028755,11.064492
681600,a4VPVcO823uFKQtjpPIuVKXumn6I2rVFW7aB60r1CldO9RoeQGS+yi1Sn4QqHol7,10.381511,15.239669000000001,12.063497
681900,a4VPVcO823uFKQtjpPIuVKXumn6I2rVFW7aB60r1CldO9RoeQGS+yi1Sn4QqHol7,10.281080000000001,14.980901000000001,11.614194
682200,a4VPVcO823uFKQtjpPIuVKXumn6I2rVFW7aB60r1CldO9RoeQGS+yi1Sn4QqHol7,10.46803,12.283978,11.348632
682500,a4VPVcO823uFKQtjpPIuVKXumn6I2rVFW7aB60r1CldO9RoeQGS+yi1Sn4QqHol7,10.41336,13.904748999999999,11.397984
682800,a4VPVcO823uFKQtjpPIuVKXumn6I2rVFW7aB60r1CldO9RoeQGS+yi1Sn4QqHol7,7.320676,12.645703,11.007435000000001
683100,a4VPVcO823uFKQtjpPIuVKXumn6I2rVFW7aB60r1CldO9RoeQGS+yi1Sn4QqHol7,10.334003,12.293714,11.390214
683400,a4VPVcO823uFKQtjpPIuVKXumn6I2rVFW7aB60r1CldO9RoeQGS+yi1Sn4QqHol7,10.185746,16.752162,11.722456
683700,a4VPVcO823uFKQtjpPIuVKXumn6I2rVFW7aB60r1CldO9RoeQGS+yi1Sn4QqHol7,10.303834,12.705634,11.421819000000001
684000,a4VPVcO823uFKQtjpPIuVKXumn6I2rVFW7aB60r1CldO9RoeQGS+yi1Sn4QqHol7,10.481113,12.502757,11.484403
684300,a4VPVcO823uFKQtjpPIuVKXumn6I2rVFW7aB60r1CldO9RoeQGS+yi1Sn4QqHol7,10.36282,12.520984,11.392544000000001
684600,a4VPVcO823uFKQtjpPIuVKXumn6I2rVFW7aB60r1CldO9RoeQGS+yi1Sn4QqHol7,10.253535000000001,13.456401999999999,11.52438
684900,a4VPVcO823uFKQtjpPIuVKXumn6I2rVFW7aB60r1CldO9RoeQGS+yi1Sn4QqHol7,10.371055,12.49382,11.370189
685200,a4VPVcO823uFKQtjpPIuVKXumn6I2rVFW7aB60r1CldO9RoeQGS+yi1Sn4QqHol7,6.228841,12.797572,10.941542
685500,a4VPVcO823uFKQtjpPIuVKXumn6I2rVFW7aB60r1CldO9RoeQGS+yi1Sn4QqHol7,10.266817,15.791087,12.164943
685800,a4VPVcO823uFKQtjpPIuVKXumn6I2rVFW7aB60r1CldO9RoeQGS+yi1Sn4QqHol7,10.499542,12.784953,11.462903
686100,a4VPVcO823uFKQtjpPIuVKXumn6I2rVFW7aB60r1CldO9RoeQGS+yi1Sn4QqHol7,10.52839,12.787796,11.397466
686400,a4VPVcO823uFKQtjpPIuVKXumn6I2rVFW7aB60r1CldO9RoeQGS+yi1Sn4QqHol7,10.452566000000001,12.687227,11.482593
686700,a4VPVcO823uFKQtjpPIuVKXumn6I2rVFW7aB60r1CldO9RoeQGS+yi1Sn4QqHol7,10.462178999999999,12.768067,11.462239
687000,a4VPVcO823uFKQtjpPIuVKXumn6I2rVFW7aB60r1CldO9RoeQGS+yi1Sn4QqHol7,10.562589,12.368867999999999,11.449422
687300,a4VPVcO823uFKQtjpPIuVKXumn6I2rVFW7aB60r1CldO9RoeQGS+yi1Sn4QqHol7,6.937486,12.828325999999999,11.013217
687600,a4VPVcO823uFKQtjpPIuVKXumn6I2rVFW7aB60r1CldO9RoeQGS+yi1Sn4QqHol7,10.33279,12.590796000000001,11.40831
687900,a4VPVcO823uFKQtjpPIuVKXumn6I2rVFW7aB60r1CldO9RoeQGS+yi1Sn4QqHol7,10.536988000000001,45.72313,15.855607000000001
688200,a4VPVcO823uFKQtjpPIuVKXumn6I2rVFW7aB60r1CldO9RoeQGS+yi1Sn4QqHol7,10.483872,22.817494,12.233052
688500,a4VPVcO823uFKQtjpPIuVKXumn6I2rVFW7aB60r1CldO9RoeQGS+yi1Sn4QqHol7,10.398711,12.555503,11.42608
688800,a4VPVcO823uFKQtjpPIuVKXumn6I2rVFW7aB60r1CldO9RoeQGS+yi1Sn4QqHol7,6.968977000000001,12.476846,11.012005
689100,a4VPVcO823uFKQtjpPIuVKXumn6I2rVFW7aB60r1CldO9RoeQGS+yi1Sn4QqHol7,10.586319999999999,27.809169,13.607006
689400,a4VPVcO823uFKQtjpPIuVKXumn6I2rVFW7aB60r1CldO9RoeQGS+yi1Sn4QqHol7,10.430725,13.242410000000001,11.476467999999999
689700,a4VPVcO823uFKQtjpPIuVKXumn6I2rVFW7aB60r1CldO9RoeQGS+yi1Sn4QqHol7,10.459014999999999,12.408716,11.406945
690000,a4VPVcO823uFKQtjpPIuVKXumn6I2rVFW7aB60r1CldO9RoeQGS+yi1Sn4QqHol7,10.685825,12.470879,11.359788
690300,a4VPVcO823uFKQtjpPIuVKXumn6I2rVFW7aB60r1CldO9RoeQGS+yi1Sn4QqHol7,10.293154,13.038733,11.322835000000001
690600,a4VPVcO823uFKQtjpPIuVKXumn6I2rVFW7aB60r1CldO9RoeQGS+yi1Sn4QqHol7,6.4357050000000005,12.444815,10.929372
690900,a4VPVcO823uFKQtjpPIuVKXumn6I2rVFW7aB60r1CldO9RoeQGS+yi1Sn4QqHol7,10.464077,17.953354,11.822351
