timestamp,vm_id,min_cpu,avg_cpu,max_cpu
0,a5X4fE5zpQbXHp+oiI8u3D+LaVAygcxp6CZTAuhJUoCz9H1Y2xQnXKznmZGyW5yJ,0.000679,0.058825999999999996,0.009165999999999999
300,a5X4fE5zpQbXHp+oiI8u3D+LaVAygcxp6CZTAuhJUoCz9H1Y2xQnXKznmZGyW5yJ,0.000784,0.052189,0.010343000000000001
600,a5X4fE5zpQbXHp+oiI8u3D+LaVAygcxp6CZTAuhJUoCz9H1Y2xQnXKznmZGyW5yJ,0.000591,0.070961,0.009049
900,a5X4fE5zpQbXHp+oiI8u3D+LaVAygcxp6CZTAuhJUoCz9H1Y2xQnXKznmZGyW5yJ,0.000532,0.058417,0.010438
1200,a5X4fE5zpQbXHp+oiI8u3D+LaVAygcxp6CZTAuhJUoCz9H1Y2xQnXKznmZGyW5yJ,0.0007700000000000001,0.048833999999999995,0.009903
1500,a5X4fE5zpQbXHp+oiI8u3D+LaVAygcxp6CZTAuhJUoCz9H1Y2xQnXKznmZGyW5yJ,0.000541,0.06191699999999999,0.010956
1800,a5X4fE5zpQbXHp+oiI8u3D+LaVAygcxp6CZTAuhJUoCz9H1Y2xQnXKznmZGyW5yJ,0.0008380000000000001,0.06084199999999999,0.009961
2100,a5X4fE5zpQbXHp+oiI8u3D+LaVAygcxp6CZTAuhJUoCz9H1Y2xQnXKznmZGyW5yJ,0.000502,0.05848300000000001,0.010149
2400,a5X4fE5zpQbXHp+oiI8u3D+LaVAygcxp6CZTAuhJUoCz9H1Y2xQnXKznmZGyW5yJ,0.0009140000000000001,0.050371,0.009887
2700,a5X4fE5zpQbXHp+oiI8u3D+LaVAygcxp6CZTAuhJUoCz9H1Y2xQnXKznmZGyW5yJ,0.000601,0.051571000000000006,0.009825
3000,a5X4fE5zpQbXHp+oiI8u3D+LaVAygcxp6CZTAuhJUoCz9H1Y2xQnXKznmZGyW5yJ,0.000781,0.05189,0.009795
3300,a5X4fE5zpQbXHp+oiI8u3D+LaVAygcxp6CZTAuhJUoCz9H1Y2xQnXKznmZGyW5yJ,0.000542,0.061479,0.009476
3600,a5X4fE5zpQbXHp+oiI8u3D+LaVAygcxp6CZTAuhJUoCz9H1Y2xQnXKznmZGyW5yJ,0.000795,0.636162,0.018883
3900,a5X4fE5zpQbXHp+oiI8u3D+LaVAygcxp6CZTAuhJUoCz9H1Y2xQnXKznmZGyW5yJ,0.000874,0.051738,0.010647
4200,a5X4fE5zpQbXHp+oiI8u3D+LaVAygcxp6CZTAuhJUoCz9H1Y2xQnXKznmZGyW5yJ,0.000898,0.045859,0.009497
4500,a5X4fE5zpQbXHp+oiI8u3D+LaVAygcxp6CZTAuhJUoCz9H1Y2xQnXKznmZGyW5yJ,0.0008410000000000001,0.066896,0.010192
4800,a5X4fE5zpQbXHp+oiI8u3D+LaVAygcxp6CZTAuhJUoCz9H1Y2xQnXKznmZGyW5yJ,0.000857,0.052351,0.009944
5100,a5X4fE5zpQbXHp+oiI8u3D+LaVAygcxp6CZTAuhJUoCz9H1Y2xQnXKznmZGyW5yJ,0.000965,0.066299,0.011478
5400,a5X4fE5zpQbXHp+oiI8u3D+LaVAygcxp6CZTAuhJUoCz9H1Y2xQnXKznmZGyW5yJ,0.0008119999999999999,0.065309,0.009876000000000001
5700,a5X4fE5zpQbXHp+oiI8u3D+LaVAygcxp6CZTAuhJUoCz9H1Y2xQnXKznmZGyW5yJ,0.0008,0.074153,0.010583
6000,a5X4fE5zpQbXHp+oiI8u3D+LaVAygcxp6CZTAuhJUoCz9H1Y2xQnXKznmZGyW5yJ,0.0008759999999999999,0.049662,0.009746
6300,a5X4fE5zpQbXHp+oiI8u3D+LaVAygcxp6CZTAuhJUoCz9H1Y2xQnXKznmZGyW5yJ,0.000817,0.059990999999999996,0.010887
6600,a5X4fE5zpQbXHp+oiI8u3D+LaVAygcxp6CZTAuhJUoCz9H1Y2xQnXKznmZGyW5yJ,0.000892,0.06815,0.009973000000000001
6900,a5X4fE5zpQbXHp+oiI8u3D+LaVAygcxp6CZTAuhJUoCz9H1Y2xQnXKznmZGyW5yJ,0.000828,0.063199,0.010692
7200,a5X4fE5zpQbXHp+oiI8u3D+LaVAygcxp6CZTAuhJUoCz9H1Y2xQnXKznmZGyW5yJ,0.0007559999999999999,0.047299,0.009935
7500,a5X4fE5zpQbXHp+oiI8u3D+LaVAygcxp6CZTAuhJUoCz9H1Y2xQnXKznmZGyW5yJ,0.0009140000000000001,0.069104,0.010438
7800,a5X4fE5zpQbXHp+oiI8u3D+LaVAygcxp6CZTAuhJUoCz9H1Y2xQnXKznmZGyW5yJ,0.000868,0.072011,0.009983
8100,a5X4fE5zpQbXHp+oiI8u3D+LaVAygcxp6CZTAuhJUoCz9H1Y2xQnXKznmZGyW5yJ,0.0007610000000000001,0.05196,0.01059
8400,a5X4fE5zpQbXHp+oiI8u3D+LaVAygcxp6CZTAuhJUoCz9H1Y2xQnXKznmZGyW5yJ,0.000918,0.053101,0.009868
8700,a5X4fE5zpQbXHp+oiI8u3D+LaVAygcxp6CZTAuhJUoCz9H1Y2xQnXKznmZGyW5yJ,0.000522,0.062653,0.0103
9000,a5X4fE5zpQbXHp+oiI8u3D+LaVAygcxp6CZTAuhJUoCz9H1Y2xQnXKznmZGyW5yJ,0.000601,0.052929,0.009758
9300,a5X4fE5zpQbXHp+oiI8u3D+LaVAygcxp6CZTAuhJUoCz9H1Y2xQnXKznmZGyW5yJ,0.0008060000000000001,0.0496,0.010611
9600,a5X4fE5zpQbXHp+oiI8u3D+LaVAygcxp6CZTAuhJUoCz9H1Y2xQnXKznmZGyW5yJ,0.000502,0.05616,0.009184999999999999
9900,a5X4fE5zpQbXHp+oiI8u3D+LaVAygcxp6CZTAuhJUoCz9H1Y2xQnXKznmZGyW5yJ,0.000782,0.052023,0.010616
10200,a5X4fE5zpQbXHp+oiI8u3D+LaVAygcxp6CZTAuhJUoCz9H1Y2xQnXKznmZGyW5yJ,0.000404,0.071099,0.009713
10500,a5X4fE5zpQbXHp+oiI8u3D+LaVAygcxp6CZTAuhJUoCz9H1Y2xQnXKznmZGyW5yJ,0.000784,0.060226999999999996,0.010773999999999999
10800,a5X4fE5zpQbXHp+oiI8u3D+LaVAygcxp6CZTAuhJUoCz9H1Y2xQnXKznmZGyW5yJ,0.000433,0.049694999999999996,0.009177
11100,a5X4fE5zpQbXHp+oiI8u3D+LaVAygcxp6CZTAuhJUoCz9H1Y2xQnXKznmZGyW5yJ,0.0008150000000000001,0.052504999999999996,0.010631
11400,a5X4fE5zpQbXHp+oiI8u3D+LaVAygcxp6CZTAuhJUoCz9H1Y2xQnXKznmZGyW5yJ,0.00040300000000000004,0.065903,0.009715000000000001
11700,a5X4fE5zpQbXHp+oiI8u3D+LaVAygcxp6CZTAuhJUoCz9H1Y2xQnXKznmZGyW5yJ,0.000768,0.046817000000000004,0.010107
12000,a5X4fE5zpQbXHp+oiI8u3D+LaVAygcxp6CZTAuhJUoCz9H1Y2xQnXKznmZGyW5yJ,0.000858,0.048666,0.009947
12300,a5X4fE5zpQbXHp+oiI8u3D+LaVAygcxp6CZTAuhJUoCz9H1Y2xQnXKznmZGyW5yJ,0.000849,0.073529,0.011321
12600,a5X4fE5zpQbXHp+oiI8u3D+LaVAygcxp6CZTAuhJUoCz9H1Y2xQnXKznmZGyW5yJ,0.0008900000000000001,0.051622,0.009708
12900,a5X4fE5zpQbXHp+oiI8u3D+LaVAygcxp6CZTAuhJUoCz9H1Y2xQnXKznmZGyW5yJ,0.000482,0.7517689999999999,0.014657
13200,a5X4fE5zpQbXHp+oiI8u3D+LaVAygcxp6CZTAuhJUoCz9H1Y2xQnXKznmZGyW5yJ,0.000877,0.06590399999999999,0.00999
13500,a5X4fE5zpQbXHp+oiI8u3D+LaVAygcxp6CZTAuhJUoCz9H1Y2xQnXKznmZGyW5yJ,0.000433,0.067227,0.010145
13800,a5X4fE5zpQbXHp+oiI8u3D+LaVAygcxp6CZTAuhJUoCz9H1Y2xQnXKznmZGyW5yJ,0.00095,0.06026,0.009899
14100,a5X4fE5zpQbXHp+oiI8u3D+LaVAygcxp6CZTAuhJUoCz9H1Y2xQnXKznmZGyW5yJ,0.000414,0.092226,0.010478
14400,a5X4fE5zpQbXHp+oiI8u3D+LaVAygcxp6CZTAuhJUoCz9H1Y2xQnXKznmZGyW5yJ,0.000404,0.06589099999999999,0.009470999999999999
14700,a5X4fE5zpQbXHp+oiI8u3D+LaVAygcxp6CZTAuhJUoCz9H1Y2xQnXKznmZGyW5yJ,0.000849,0.060601,0.010929000000000001
15000,a5X4fE5zpQbXHp+oiI8u3D+LaVAygcxp6CZTAuhJUoCz9H1Y2xQnXKznmZGyW5yJ,0.000559,0.060562,0.009323
15300,a5X4fE5zpQbXHp+oiI8u3D+LaVAygcxp6CZTAuhJUoCz9H1Y2xQnXKznmZGyW5yJ,0.0008609999999999999,0.052769,0.01072
15600,a5X4fE5zpQbXHp+oiI8u3D+LaVAygcxp6CZTAuhJUoCz9H1Y2xQnXKznmZGyW5yJ,0.00057,0.046597,0.00946
15900,a5X4fE5zpQbXHp+oiI8u3D+LaVAygcxp6CZTAuhJUoCz9H1Y2xQnXKznmZGyW5yJ,0.000828,0.061871,0.011615
16200,a5X4fE5zpQbXHp+oiI8u3D+LaVAygcxp6CZTAuhJUoCz9H1Y2xQnXKznmZGyW5yJ,0.000453,0.066865,0.009429
16500,a5X4fE5zpQbXHp+oiI8u3D+LaVAygcxp6CZTAuhJUoCz9H1Y2xQnXKznmZGyW5yJ,0.0007559999999999999,0.055720000000000006,0.010672
16800,a5X4fE5zpQbXHp+oiI8u3D+LaVAygcxp6CZTAuhJUoCz9H1Y2xQnXKznmZGyW5yJ,0.000551,0.051828,0.009447
17100,a5X4fE5zpQbXHp+oiI8u3D+LaVAygcxp6CZTAuhJUoCz9H1Y2xQnXKznmZGyW5yJ,0.000492,0.059368,0.01005
17400,a5X4fE5zpQbXHp+oiI8u3D+LaVAygcxp6CZTAuhJUoCz9H1Y2xQnXKznmZGyW5yJ,0.000789,0.053291,0.010068
17700,a5X4fE5zpQbXHp+oiI8u3D+LaVAygcxp6CZTAuhJUoCz9H1Y2xQnXKznmZGyW5yJ,0.000532,0.055741,0.01025
18000,a5X4fE5zpQbXHp+oiI8u3D+LaVAygcxp6CZTAuhJUoCz9H1Y2xQnXKznmZGyW5yJ,0.000743,0.066224,0.009866
18300,a5X4fE5zpQbXHp+oiI8u3D+LaVAygcxp6CZTAuhJUoCz9H1Y2xQnXKznmZGyW5yJ,0.000384,0.049681,0.010293
18600,a5X4fE5zpQbXHp+oiI8u3D+LaVAygcxp6CZTAuhJUoCz9H1Y2xQnXKznmZGyW5yJ,0.000842,0.067091,0.010116
18900,a5X4fE5zpQbXHp+oiI8u3D+LaVAygcxp6CZTAuhJUoCz9H1Y2xQnXKznmZGyW5yJ,0.000324,0.047198000000000004,0.0101
19200,a5X4fE5zpQbXHp+oiI8u3D+LaVAygcxp6CZTAuhJUoCz9H1Y2xQnXKznmZGyW5yJ,0.000857,0.076456,0.01012
19500,a5X4fE5zpQbXHp+oiI8u3D+LaVAygcxp6CZTAuhJUoCz9H1Y2xQnXKznmZGyW5yJ,0.000807,0.05999500000000001,0.011592
19800,a5X4fE5zpQbXHp+oiI8u3D+LaVAygcxp6CZTAuhJUoCz9H1Y2xQnXKznmZGyW5yJ,0.0007509999999999999,0.054725,0.009723
20100,a5X4fE5zpQbXHp+oiI8u3D+LaVAygcxp6CZTAuhJUoCz9H1Y2xQnXKznmZGyW5yJ,0.000819,0.065357,0.010717
20400,a5X4fE5zpQbXHp+oiI8u3D+LaVAygcxp6CZTAuhJUoCz9H1Y2xQnXKznmZGyW5yJ,0.000542,0.062332000000000005,0.009470000000000001
20700,a5X4fE5zpQbXHp+oiI8u3D+LaVAygcxp6CZTAuhJUoCz9H1Y2xQnXKznmZGyW5yJ,0.0008550000000000001,0.05778200000000001,0.010657999999999999
21000,a5X4fE5zpQbXHp+oiI8u3D+LaVAygcxp6CZTAuhJUoCz9H1Y2xQnXKznmZGyW5yJ,0.000542,0.06575,0.009434
21300,a5X4fE5zpQbXHp+oiI8u3D+LaVAygcxp6CZTAuhJUoCz9H1Y2xQnXKznmZGyW5yJ,0.000863,0.05519500000000001,0.010356
21600,a5X4fE5zpQbXHp+oiI8u3D+LaVAygcxp6CZTAuhJUoCz9H1Y2xQnXKznmZGyW5yJ,0.000315,0.053372,0.009457
21900,a5X4fE5zpQbXHp+oiI8u3D+LaVAygcxp6CZTAuhJUoCz9H1Y2xQnXKznmZGyW5yJ,0.0008470000000000001,0.069952,0.010708
22200,a5X4fE5zpQbXHp+oiI8u3D+LaVAygcxp6CZTAuhJUoCz9H1Y2xQnXKznmZGyW5yJ,0.000394,0.086129,0.009552
22500,a5X4fE5zpQbXHp+oiI8u3D+LaVAygcxp6CZTAuhJUoCz9H1Y2xQnXKznmZGyW5yJ,0.000325,0.0708,0.010313
22800,a5X4fE5zpQbXHp+oiI8u3D+LaVAygcxp6CZTAuhJUoCz9H1Y2xQnXKznmZGyW5yJ,0.0008449999999999999,0.052295,0.010046
23100,a5X4fE5zpQbXHp+oiI8u3D+LaVAygcxp6CZTAuhJUoCz9H1Y2xQnXKznmZGyW5yJ,0.000679,0.057045000000000005,0.010943000000000001
23400,a5X4fE5zpQbXHp+oiI8u3D+LaVAygcxp6CZTAuhJUoCz9H1Y2xQnXKznmZGyW5yJ,0.0008359999999999999,0.049722,0.010092
23700,a5X4fE5zpQbXHp+oiI8u3D+LaVAygcxp6CZTAuhJUoCz9H1Y2xQnXKznmZGyW5yJ,0.000522,0.059351999999999995,0.010314
24000,a5X4fE5zpQbXHp+oiI8u3D+LaVAygcxp6CZTAuhJUoCz9H1Y2xQnXKznmZGyW5yJ,0.000787,0.064937,0.009961
24300,a5X4fE5zpQbXHp+oiI8u3D+LaVAygcxp6CZTAuhJUoCz9H1Y2xQnXKznmZGyW5yJ,0.000541,0.051783,0.010159
24600,a5X4fE5zpQbXHp+oiI8u3D+LaVAygcxp6CZTAuhJUoCz9H1Y2xQnXKznmZGyW5yJ,0.000733,0.048365,0.009942
24900,a5X4fE5zpQbXHp+oiI8u3D+LaVAygcxp6CZTAuhJUoCz9H1Y2xQnXKznmZGyW5yJ,0.00034500000000000004,0.065593,0.010184
25200,a5X4fE5zpQbXHp+oiI8u3D+LaVAygcxp6CZTAuhJUoCz9H1Y2xQnXKznmZGyW5yJ,0.00034500000000000004,0.045709,0.009049
25500,a5X4fE5zpQbXHp+oiI8u3D+LaVAygcxp6CZTAuhJUoCz9H1Y2xQnXKznmZGyW5yJ,0.0009029999999999999,0.048722,0.010394
25800,a5X4fE5zpQbXHp+oiI8u3D+LaVAygcxp6CZTAuhJUoCz9H1Y2xQnXKznmZGyW5yJ,0.000404,0.065568,0.009635
26100,a5X4fE5zpQbXHp+oiI8u3D+LaVAygcxp6CZTAuhJUoCz9H1Y2xQnXKznmZGyW5yJ,0.000769,0.058651,0.010737
26400,a5X4fE5zpQbXHp+oiI8u3D+LaVAygcxp6CZTAuhJUoCz9H1Y2xQnXKznmZGyW5yJ,0.000512,0.059822,0.009192
26700,a5X4fE5zpQbXHp+oiI8u3D+LaVAygcxp6CZTAuhJUoCz9H1Y2xQnXKznmZGyW5yJ,0.000794,0.05221,0.011615
27000,a5X4fE5zpQbXHp+oiI8u3D+LaVAygcxp6CZTAuhJUoCz9H1Y2xQnXKznmZGyW5yJ,0.000796,0.06728300000000001,0.010034999999999999
27300,a5X4fE5zpQbXHp+oiI8u3D+LaVAygcxp6CZTAuhJUoCz9H1Y2xQnXKznmZGyW5yJ,0.000794,0.07254,0.010647
27600,a5X4fE5zpQbXHp+oiI8u3D+LaVAygcxp6CZTAuhJUoCz9H1Y2xQnXKznmZGyW5yJ,0.000542,0.6371319999999999,0.013969999999999998
27900,a5X4fE5zpQbXHp+oiI8u3D+LaVAygcxp6CZTAuhJUoCz9H1Y2xQnXKznmZGyW5yJ,0.000834,0.079831,0.010771
28200,a5X4fE5zpQbXHp+oiI8u3D+LaVAygcxp6CZTAuhJUoCz9H1Y2xQnXKznmZGyW5yJ,0.000453,0.075718,0.009373000000000001
28500,a5X4fE5zpQbXHp+oiI8u3D+LaVAygcxp6CZTAuhJUoCz9H1Y2xQnXKznmZGyW5yJ,0.00065,0.059354,0.010645
28800,a5X4fE5zpQbXHp+oiI8u3D+LaVAygcxp6CZTAuhJUoCz9H1Y2xQnXKznmZGyW5yJ,0.000852,0.051658,0.009965
29100,a5X4fE5zpQbXHp+oiI8u3D+LaVAygcxp6CZTAuhJUoCz9H1Y2xQnXKznmZGyW5yJ,0.00037400000000000004,0.067775,0.010428
29400,a5X4fE5zpQbXHp+oiI8u3D+LaVAygcxp6CZTAuhJUoCz9H1Y2xQnXKznmZGyW5yJ,0.000776,0.060756,0.010083
29700,a5X4fE5zpQbXHp+oiI8u3D+LaVAygcxp6CZTAuhJUoCz9H1Y2xQnXKznmZGyW5yJ,0.000414,0.07994,0.010097
30000,a5X4fE5zpQbXHp+oiI8u3D+LaVAygcxp6CZTAuhJUoCz9H1Y2xQnXKznmZGyW5yJ,0.000767,0.053064,0.009492
30300,a5X4fE5zpQbXHp+oiI8u3D+LaVAygcxp6CZTAuhJUoCz9H1Y2xQnXKznmZGyW5yJ,0.000463,0.059448,0.011149
30600,a5X4fE5zpQbXHp+oiI8u3D+LaVAygcxp6CZTAuhJUoCz9H1Y2xQnXKznmZGyW5yJ,0.0008269999999999999,0.059940999999999994,0.010186
30900,a5X4fE5zpQbXHp+oiI8u3D+LaVAygcxp6CZTAuhJUoCz9H1Y2xQnXKznmZGyW5yJ,0.000522,0.069497,0.010038
31200,a5X4fE5zpQbXHp+oiI8u3D+LaVAygcxp6CZTAuhJUoCz9H1Y2xQnXKznmZGyW5yJ,0.000886,0.049199,0.009586
31500,a5X4fE5zpQbXHp+oiI8u3D+LaVAygcxp6CZTAuhJUoCz9H1Y2xQnXKznmZGyW5yJ,0.000925,0.05461799999999999,0.010598999999999999
31800,a5X4fE5zpQbXHp+oiI8u3D+LaVAygcxp6CZTAuhJUoCz9H1Y2xQnXKznmZGyW5yJ,0.000453,0.077165,0.009492
32100,a5X4fE5zpQbXHp+oiI8u3D+LaVAygcxp6CZTAuhJUoCz9H1Y2xQnXKznmZGyW5yJ,0.000763,0.048507,0.010595
32400,a5X4fE5zpQbXHp+oiI8u3D+LaVAygcxp6CZTAuhJUoCz9H1Y2xQnXKznmZGyW5yJ,0.000354,0.045443,0.009466
32700,a5X4fE5zpQbXHp+oiI8u3D+LaVAygcxp6CZTAuhJUoCz9H1Y2xQnXKznmZGyW5yJ,0.0007160000000000001,0.06577999999999999,0.010669
33000,a5X4fE5zpQbXHp+oiI8u3D+LaVAygcxp6CZTAuhJUoCz9H1Y2xQnXKznmZGyW5yJ,0.000335,0.046255000000000004,0.009557
33300,a5X4fE5zpQbXHp+oiI8u3D+LaVAygcxp6CZTAuhJUoCz9H1Y2xQnXKznmZGyW5yJ,0.000758,0.050898,0.010459
33600,a5X4fE5zpQbXHp+oiI8u3D+LaVAygcxp6CZTAuhJUoCz9H1Y2xQnXKznmZGyW5yJ,0.000305,0.056726,0.009422
33900,a5X4fE5zpQbXHp+oiI8u3D+LaVAygcxp6CZTAuhJUoCz9H1Y2xQnXKznmZGyW5yJ,0.000443,0.073527,0.011184
34200,a5X4fE5zpQbXHp+oiI8u3D+LaVAygcxp6CZTAuhJUoCz9H1Y2xQnXKznmZGyW5yJ,0.0007610000000000001,0.061484000000000004,0.009693
34500,a5X4fE5zpQbXHp+oiI8u3D+LaVAygcxp6CZTAuhJUoCz9H1Y2xQnXKznmZGyW5yJ,0.000482,0.058352999999999995,0.010073
34800,a5X4fE5zpQbXHp+oiI8u3D+LaVAygcxp6CZTAuhJUoCz9H1Y2xQnXKznmZGyW5yJ,0.000729,0.064933,0.009962
35100,a5X4fE5zpQbXHp+oiI8u3D+LaVAygcxp6CZTAuhJUoCz9H1Y2xQnXKznmZGyW5yJ,0.000743,0.060520000000000004,0.010634000000000001
35400,a5X4fE5zpQbXHp+oiI8u3D+LaVAygcxp6CZTAuhJUoCz9H1Y2xQnXKznmZGyW5yJ,0.000722,0.053616,0.010062999999999999
35700,a5X4fE5zpQbXHp+oiI8u3D+LaVAygcxp6CZTAuhJUoCz9H1Y2xQnXKznmZGyW5yJ,0.000335,0.06380599999999999,0.009984999999999999
36000,a5X4fE5zpQbXHp+oiI8u3D+LaVAygcxp6CZTAuhJUoCz9H1Y2xQnXKznmZGyW5yJ,0.000745,0.05282100000000001,0.009935
36300,a5X4fE5zpQbXHp+oiI8u3D+LaVAygcxp6CZTAuhJUoCz9H1Y2xQnXKznmZGyW5yJ,0.000335,0.8373790000000001,0.026733999999999997
36600,a5X4fE5zpQbXHp+oiI8u3D+LaVAygcxp6CZTAuhJUoCz9H1Y2xQnXKznmZGyW5yJ,0.000442,0.044668,0.009115999999999999
36900,a5X4fE5zpQbXHp+oiI8u3D+LaVAygcxp6CZTAuhJUoCz9H1Y2xQnXKznmZGyW5yJ,0.000713,0.059337,0.010587000000000001
37200,a5X4fE5zpQbXHp+oiI8u3D+LaVAygcxp6CZTAuhJUoCz9H1Y2xQnXKznmZGyW5yJ,0.000531,0.059541,0.009818
37500,a5X4fE5zpQbXHp+oiI8u3D+LaVAygcxp6CZTAuhJUoCz9H1Y2xQnXKznmZGyW5yJ,0.000807,0.06575700000000001,0.011409
37800,a5X4fE5zpQbXHp+oiI8u3D+LaVAygcxp6CZTAuhJUoCz9H1Y2xQnXKznmZGyW5yJ,0.0006889999999999999,1.2569219999999999,0.019505
38100,a5X4fE5zpQbXHp+oiI8u3D+LaVAygcxp6CZTAuhJUoCz9H1Y2xQnXKznmZGyW5yJ,0.000723,0.061364,0.010537999999999999
38400,a5X4fE5zpQbXHp+oiI8u3D+LaVAygcxp6CZTAuhJUoCz9H1Y2xQnXKznmZGyW5yJ,0.000824,0.061559,0.009326000000000001
38700,a5X4fE5zpQbXHp+oiI8u3D+LaVAygcxp6CZTAuhJUoCz9H1Y2xQnXKznmZGyW5yJ,0.000759,0.06680599999999999,0.010683
39000,a5X4fE5zpQbXHp+oiI8u3D+LaVAygcxp6CZTAuhJUoCz9H1Y2xQnXKznmZGyW5yJ,0.000837,0.050817,0.009571
39300,a5X4fE5zpQbXHp+oiI8u3D+LaVAygcxp6CZTAuhJUoCz9H1Y2xQnXKznmZGyW5yJ,0.000742,0.087716,0.010385
39600,a5X4fE5zpQbXHp+oiI8u3D+LaVAygcxp6CZTAuhJUoCz9H1Y2xQnXKznmZGyW5yJ,0.000781,0.053942,0.010004
39900,a5X4fE5zpQbXHp+oiI8u3D+LaVAygcxp6CZTAuhJUoCz9H1Y2xQnXKznmZGyW5yJ,0.000766,0.064532,0.010598
40200,a5X4fE5zpQbXHp+oiI8u3D+LaVAygcxp6CZTAuhJUoCz9H1Y2xQnXKznmZGyW5yJ,0.0007639999999999999,0.060264,0.009907
40500,a5X4fE5zpQbXHp+oiI8u3D+LaVAygcxp6CZTAuhJUoCz9H1Y2xQnXKznmZGyW5yJ,0.000767,0.07435800000000001,0.010570999999999999
40800,a5X4fE5zpQbXHp+oiI8u3D+LaVAygcxp6CZTAuhJUoCz9H1Y2xQnXKznmZGyW5yJ,0.000778,0.049595,0.010037
41100,a5X4fE5zpQbXHp+oiI8u3D+LaVAygcxp6CZTAuhJUoCz9H1Y2xQnXKznmZGyW5yJ,0.00072,1.603424,0.035905
41400,a5X4fE5zpQbXHp+oiI8u3D+LaVAygcxp6CZTAuhJUoCz9H1Y2xQnXKznmZGyW5yJ,0.000737,0.058767999999999994,0.010112999999999999
41700,a5X4fE5zpQbXHp+oiI8u3D+LaVAygcxp6CZTAuhJUoCz9H1Y2xQnXKznmZGyW5yJ,0.000722,0.7087899999999999,0.030587
42000,a5X4fE5zpQbXHp+oiI8u3D+LaVAygcxp6CZTAuhJUoCz9H1Y2xQnXKznmZGyW5yJ,0.0007099999999999999,0.058985,0.009406
42300,a5X4fE5zpQbXHp+oiI8u3D+LaVAygcxp6CZTAuhJUoCz9H1Y2xQnXKznmZGyW5yJ,0.000705,0.045017,0.010556999999999999
42600,a5X4fE5zpQbXHp+oiI8u3D+LaVAygcxp6CZTAuhJUoCz9H1Y2xQnXKznmZGyW5yJ,0.000571,0.057593,0.009588
42900,a5X4fE5zpQbXHp+oiI8u3D+LaVAygcxp6CZTAuhJUoCz9H1Y2xQnXKznmZGyW5yJ,0.000735,0.070313,0.010745999999999999
43200,a5X4fE5zpQbXHp+oiI8u3D+LaVAygcxp6CZTAuhJUoCz9H1Y2xQnXKznmZGyW5yJ,0.000404,0.0604,0.009543000000000001
43500,a5X4fE5zpQbXHp+oiI8u3D+LaVAygcxp6CZTAuhJUoCz9H1Y2xQnXKznmZGyW5yJ,0.000791,0.054029999999999995,0.01066
43800,a5X4fE5zpQbXHp+oiI8u3D+LaVAygcxp6CZTAuhJUoCz9H1Y2xQnXKznmZGyW5yJ,0.000394,0.044916000000000005,0.009105
44100,a5X4fE5zpQbXHp+oiI8u3D+LaVAygcxp6CZTAuhJUoCz9H1Y2xQnXKznmZGyW5yJ,0.000772,0.054789,0.010582
44400,a5X4fE5zpQbXHp+oiI8u3D+LaVAygcxp6CZTAuhJUoCz9H1Y2xQnXKznmZGyW5yJ,0.000335,0.049089,0.009525
44700,a5X4fE5zpQbXHp+oiI8u3D+LaVAygcxp6CZTAuhJUoCz9H1Y2xQnXKznmZGyW5yJ,0.000394,0.073225,0.010666
45000,a5X4fE5zpQbXHp+oiI8u3D+LaVAygcxp6CZTAuhJUoCz9H1Y2xQnXKznmZGyW5yJ,0.000828,0.045995999999999995,0.009946
45300,a5X4fE5zpQbXHp+oiI8u3D+LaVAygcxp6CZTAuhJUoCz9H1Y2xQnXKznmZGyW5yJ,0.00037400000000000004,0.06669,0.010013
45600,a5X4fE5zpQbXHp+oiI8u3D+LaVAygcxp6CZTAuhJUoCz9H1Y2xQnXKznmZGyW5yJ,0.000904,0.058807000000000005,0.009963
45900,a5X4fE5zpQbXHp+oiI8u3D+LaVAygcxp6CZTAuhJUoCz9H1Y2xQnXKznmZGyW5yJ,0.00063,0.055747000000000005,0.009912
46200,a5X4fE5zpQbXHp+oiI8u3D+LaVAygcxp6CZTAuhJUoCz9H1Y2xQnXKznmZGyW5yJ,0.000811,0.048353,0.00957
46500,a5X4fE5zpQbXHp+oiI8u3D+LaVAygcxp6CZTAuhJUoCz9H1Y2xQnXKznmZGyW5yJ,0.000729,0.068241,0.010445
46800,a5X4fE5zpQbXHp+oiI8u3D+LaVAygcxp6CZTAuhJUoCz9H1Y2xQnXKznmZGyW5yJ,0.000819,0.04506,0.009955
47100,a5X4fE5zpQbXHp+oiI8u3D+LaVAygcxp6CZTAuhJUoCz9H1Y2xQnXKznmZGyW5yJ,0.00047300000000000006,0.06581000000000001,0.009106999999999999
47400,a5X4fE5zpQbXHp+oiI8u3D+LaVAygcxp6CZTAuhJUoCz9H1Y2xQnXKznmZGyW5yJ,0.00042300000000000004,0.063595,0.009786
47700,a5X4fE5zpQbXHp+oiI8u3D+LaVAygcxp6CZTAuhJUoCz9H1Y2xQnXKznmZGyW5yJ,0.000883,0.092525,0.010591
48000,a5X4fE5zpQbXHp+oiI8u3D+LaVAygcxp6CZTAuhJUoCz9H1Y2xQnXKznmZGyW5yJ,0.000542,0.051876,0.009193999999999999
48300,a5X4fE5zpQbXHp+oiI8u3D+LaVAygcxp6CZTAuhJUoCz9H1Y2xQnXKznmZGyW5yJ,0.000776,0.069272,0.011587
48600,a5X4fE5zpQbXHp+oiI8u3D+LaVAygcxp6CZTAuhJUoCz9H1Y2xQnXKznmZGyW5yJ,0.000335,0.062099,0.009414
48900,a5X4fE5zpQbXHp+oiI8u3D+LaVAygcxp6CZTAuhJUoCz9H1Y2xQnXKznmZGyW5yJ,0.0009429999999999999,0.054929,0.010546
49200,a5X4fE5zpQbXHp+oiI8u3D+LaVAygcxp6CZTAuhJUoCz9H1Y2xQnXKznmZGyW5yJ,0.00062,0.6768850000000001,0.018782
49500,a5X4fE5zpQbXHp+oiI8u3D+LaVAygcxp6CZTAuhJUoCz9H1Y2xQnXKznmZGyW5yJ,0.000851,0.064974,0.010549
49800,a5X4fE5zpQbXHp+oiI8u3D+LaVAygcxp6CZTAuhJUoCz9H1Y2xQnXKznmZGyW5yJ,0.00063,0.053456,0.009401999999999999
50100,a5X4fE5zpQbXHp+oiI8u3D+LaVAygcxp6CZTAuhJUoCz9H1Y2xQnXKznmZGyW5yJ,0.000571,0.059654,0.010196
50400,a5X4fE5zpQbXHp+oiI8u3D+LaVAygcxp6CZTAuhJUoCz9H1Y2xQnXKznmZGyW5yJ,0.000816,0.065858,0.009963
50700,a5X4fE5zpQbXHp+oiI8u3D+LaVAygcxp6CZTAuhJUoCz9H1Y2xQnXKznmZGyW5yJ,0.000502,0.058588,0.009881000000000001
51000,a5X4fE5zpQbXHp+oiI8u3D+LaVAygcxp6CZTAuhJUoCz9H1Y2xQnXKznmZGyW5yJ,0.0009960000000000001,0.047479,0.009907
51300,a5X4fE5zpQbXHp+oiI8u3D+LaVAygcxp6CZTAuhJUoCz9H1Y2xQnXKznmZGyW5yJ,0.000512,0.17394400000000002,0.012047
51600,a5X4fE5zpQbXHp+oiI8u3D+LaVAygcxp6CZTAuhJUoCz9H1Y2xQnXKznmZGyW5yJ,0.0008529999999999999,0.057915999999999995,0.009864
51900,a5X4fE5zpQbXHp+oiI8u3D+LaVAygcxp6CZTAuhJUoCz9H1Y2xQnXKznmZGyW5yJ,0.000393,0.049563,0.010245
52200,a5X4fE5zpQbXHp+oiI8u3D+LaVAygcxp6CZTAuhJUoCz9H1Y2xQnXKznmZGyW5yJ,0.0009119999999999999,0.05190499999999999,0.009912
52500,a5X4fE5zpQbXHp+oiI8u3D+LaVAygcxp6CZTAuhJUoCz9H1Y2xQnXKznmZGyW5yJ,0.00037400000000000004,0.06514500000000001,0.009340000000000001
52800,a5X4fE5zpQbXHp+oiI8u3D+LaVAygcxp6CZTAuhJUoCz9H1Y2xQnXKznmZGyW5yJ,0.000453,0.057338,0.009897
53100,a5X4fE5zpQbXHp+oiI8u3D+LaVAygcxp6CZTAuhJUoCz9H1Y2xQnXKznmZGyW5yJ,0.000772,0.081164,0.010615000000000001
53400,a5X4fE5zpQbXHp+oiI8u3D+LaVAygcxp6CZTAuhJUoCz9H1Y2xQnXKznmZGyW5yJ,0.000768,0.05486900000000001,0.009606
53700,a5X4fE5zpQbXHp+oiI8u3D+LaVAygcxp6CZTAuhJUoCz9H1Y2xQnXKznmZGyW5yJ,0.000851,0.048815,0.010641
54000,a5X4fE5zpQbXHp+oiI8u3D+LaVAygcxp6CZTAuhJUoCz9H1Y2xQnXKznmZGyW5yJ,0.000551,0.067749,0.009202
54300,a5X4fE5zpQbXHp+oiI8u3D+LaVAygcxp6CZTAuhJUoCz9H1Y2xQnXKznmZGyW5yJ,0.0008380000000000001,0.07267699999999999,0.010657999999999999
54600,a5X4fE5zpQbXHp+oiI8u3D+LaVAygcxp6CZTAuhJUoCz9H1Y2xQnXKznmZGyW5yJ,0.0005809999999999999,0.049668000000000004,0.009453
54900,a5X4fE5zpQbXHp+oiI8u3D+LaVAygcxp6CZTAuhJUoCz9H1Y2xQnXKznmZGyW5yJ,0.0008439999999999999,0.053736,0.01034
55200,a5X4fE5zpQbXHp+oiI8u3D+LaVAygcxp6CZTAuhJUoCz9H1Y2xQnXKznmZGyW5yJ,0.00034500000000000004,0.044407,0.009009
55500,a5X4fE5zpQbXHp+oiI8u3D+LaVAygcxp6CZTAuhJUoCz9H1Y2xQnXKznmZGyW5yJ,0.000482,0.071382,0.011641
55800,a5X4fE5zpQbXHp+oiI8u3D+LaVAygcxp6CZTAuhJUoCz9H1Y2xQnXKznmZGyW5yJ,0.000792,0.059775999999999996,0.009956999999999999
56100,a5X4fE5zpQbXHp+oiI8u3D+LaVAygcxp6CZTAuhJUoCz9H1Y2xQnXKznmZGyW5yJ,0.000453,0.065943,0.010359
56400,a5X4fE5zpQbXHp+oiI8u3D+LaVAygcxp6CZTAuhJUoCz9H1Y2xQnXKznmZGyW5yJ,0.00078,0.065243,0.010053
56700,a5X4fE5zpQbXHp+oiI8u3D+LaVAygcxp6CZTAuhJUoCz9H1Y2xQnXKznmZGyW5yJ,0.000551,0.046313,0.010570999999999999
57000,a5X4fE5zpQbXHp+oiI8u3D+LaVAygcxp6CZTAuhJUoCz9H1Y2xQnXKznmZGyW5yJ,0.000787,0.053587,0.010005
57300,a5X4fE5zpQbXHp+oiI8u3D+LaVAygcxp6CZTAuhJUoCz9H1Y2xQnXKznmZGyW5yJ,0.000591,0.083348,0.010783
57600,a5X4fE5zpQbXHp+oiI8u3D+LaVAygcxp6CZTAuhJUoCz9H1Y2xQnXKznmZGyW5yJ,0.000814,0.048591,0.01006
57900,a5X4fE5zpQbXHp+oiI8u3D+LaVAygcxp6CZTAuhJUoCz9H1Y2xQnXKznmZGyW5yJ,0.000463,0.054689999999999996,0.009773
58200,a5X4fE5zpQbXHp+oiI8u3D+LaVAygcxp6CZTAuhJUoCz9H1Y2xQnXKznmZGyW5yJ,0.000512,0.055322,0.009301
58500,a5X4fE5zpQbXHp+oiI8u3D+LaVAygcxp6CZTAuhJUoCz9H1Y2xQnXKznmZGyW5yJ,0.000791,0.049849,0.010743
58800,a5X4fE5zpQbXHp+oiI8u3D+LaVAygcxp6CZTAuhJUoCz9H1Y2xQnXKznmZGyW5yJ,0.000453,0.057117999999999995,0.009439
59100,a5X4fE5zpQbXHp+oiI8u3D+LaVAygcxp6CZTAuhJUoCz9H1Y2xQnXKznmZGyW5yJ,0.00075,0.07509,0.011539
59400,a5X4fE5zpQbXHp+oiI8u3D+LaVAygcxp6CZTAuhJUoCz9H1Y2xQnXKznmZGyW5yJ,0.000512,0.062426,0.009628
59700,a5X4fE5zpQbXHp+oiI8u3D+LaVAygcxp6CZTAuhJUoCz9H1Y2xQnXKznmZGyW5yJ,0.0008039999999999999,0.052657,0.010664
60000,a5X4fE5zpQbXHp+oiI8u3D+LaVAygcxp6CZTAuhJUoCz9H1Y2xQnXKznmZGyW5yJ,0.000394,0.04712,0.009629
60300,a5X4fE5zpQbXHp+oiI8u3D+LaVAygcxp6CZTAuhJUoCz9H1Y2xQnXKznmZGyW5yJ,0.0008300000000000001,0.055769000000000006,0.010768000000000002
60600,a5X4fE5zpQbXHp+oiI8u3D+LaVAygcxp6CZTAuhJUoCz9H1Y2xQnXKznmZGyW5yJ,0.000433,0.05886,0.009681
60900,a5X4fE5zpQbXHp+oiI8u3D+LaVAygcxp6CZTAuhJUoCz9H1Y2xQnXKznmZGyW5yJ,0.0008869999999999999,0.069412,0.010329000000000001
61200,a5X4fE5zpQbXHp+oiI8u3D+LaVAygcxp6CZTAuhJUoCz9H1Y2xQnXKznmZGyW5yJ,0.000808,0.052913999999999996,0.010163
61500,a5X4fE5zpQbXHp+oiI8u3D+LaVAygcxp6CZTAuhJUoCz9H1Y2xQnXKznmZGyW5yJ,0.000791,0.056415,0.010309
61800,a5X4fE5zpQbXHp+oiI8u3D+LaVAygcxp6CZTAuhJUoCz9H1Y2xQnXKznmZGyW5yJ,0.000781,0.053172000000000004,0.009958
62100,a5X4fE5zpQbXHp+oiI8u3D+LaVAygcxp6CZTAuhJUoCz9H1Y2xQnXKznmZGyW5yJ,0.000785,0.064825,0.010409999999999999
62400,a5X4fE5zpQbXHp+oiI8u3D+LaVAygcxp6CZTAuhJUoCz9H1Y2xQnXKznmZGyW5yJ,0.0008029999999999999,0.059205999999999995,0.00999
62700,a5X4fE5zpQbXHp+oiI8u3D+LaVAygcxp6CZTAuhJUoCz9H1Y2xQnXKznmZGyW5yJ,0.0008179999999999999,0.056140999999999996,0.011038
63000,a5X4fE5zpQbXHp+oiI8u3D+LaVAygcxp6CZTAuhJUoCz9H1Y2xQnXKznmZGyW5yJ,0.000843,0.06414299999999999,0.010068
63300,a5X4fE5zpQbXHp+oiI8u3D+LaVAygcxp6CZTAuhJUoCz9H1Y2xQnXKznmZGyW5yJ,0.0007740000000000001,0.052373,0.009774
63600,a5X4fE5zpQbXHp+oiI8u3D+LaVAygcxp6CZTAuhJUoCz9H1Y2xQnXKznmZGyW5yJ,0.00085,0.051897000000000006,0.00978
63900,a5X4fE5zpQbXHp+oiI8u3D+LaVAygcxp6CZTAuhJUoCz9H1Y2xQnXKznmZGyW5yJ,0.000788,0.326569,0.015036
64200,a5X4fE5zpQbXHp+oiI8u3D+LaVAygcxp6CZTAuhJUoCz9H1Y2xQnXKznmZGyW5yJ,0.000801,0.05639299999999999,0.009595999999999999
64500,a5X4fE5zpQbXHp+oiI8u3D+LaVAygcxp6CZTAuhJUoCz9H1Y2xQnXKznmZGyW5yJ,0.000794,0.079331,0.010937
64800,a5X4fE5zpQbXHp+oiI8u3D+LaVAygcxp6CZTAuhJUoCz9H1Y2xQnXKznmZGyW5yJ,0.0007740000000000001,0.053709,0.009961
65100,a5X4fE5zpQbXHp+oiI8u3D+LaVAygcxp6CZTAuhJUoCz9H1Y2xQnXKznmZGyW5yJ,0.000786,0.065214,0.010695999999999999
65400,a5X4fE5zpQbXHp+oiI8u3D+LaVAygcxp6CZTAuhJUoCz9H1Y2xQnXKznmZGyW5yJ,0.0008210000000000001,0.061974,0.009743
65700,a5X4fE5zpQbXHp+oiI8u3D+LaVAygcxp6CZTAuhJUoCz9H1Y2xQnXKznmZGyW5yJ,0.000824,0.06551900000000001,0.010806999999999999
66000,a5X4fE5zpQbXHp+oiI8u3D+LaVAygcxp6CZTAuhJUoCz9H1Y2xQnXKznmZGyW5yJ,0.000502,0.05641,0.009917
66300,a5X4fE5zpQbXHp+oiI8u3D+LaVAygcxp6CZTAuhJUoCz9H1Y2xQnXKznmZGyW5yJ,0.000492,0.061013,0.011161
66600,a5X4fE5zpQbXHp+oiI8u3D+LaVAygcxp6CZTAuhJUoCz9H1Y2xQnXKznmZGyW5yJ,0.000822,0.06476699999999999,0.010008
66900,a5X4fE5zpQbXHp+oiI8u3D+LaVAygcxp6CZTAuhJUoCz9H1Y2xQnXKznmZGyW5yJ,0.000502,0.06475,0.010559
67200,a5X4fE5zpQbXHp+oiI8u3D+LaVAygcxp6CZTAuhJUoCz9H1Y2xQnXKznmZGyW5yJ,0.0008269999999999999,0.06084,0.01006
67500,a5X4fE5zpQbXHp+oiI8u3D+LaVAygcxp6CZTAuhJUoCz9H1Y2xQnXKznmZGyW5yJ,0.0005610000000000001,0.057937,0.009821
67800,a5X4fE5zpQbXHp+oiI8u3D+LaVAygcxp6CZTAuhJUoCz9H1Y2xQnXKznmZGyW5yJ,0.0008039999999999999,0.049933,0.009994
68100,a5X4fE5zpQbXHp+oiI8u3D+LaVAygcxp6CZTAuhJUoCz9H1Y2xQnXKznmZGyW5yJ,0.000512,0.068968,0.010337
68400,a5X4fE5zpQbXHp+oiI8u3D+LaVAygcxp6CZTAuhJUoCz9H1Y2xQnXKznmZGyW5yJ,0.000805,0.05316900000000001,0.009901
68700,a5X4fE5zpQbXHp+oiI8u3D+LaVAygcxp6CZTAuhJUoCz9H1Y2xQnXKznmZGyW5yJ,0.00037400000000000004,0.65413,0.019313
69000,a5X4fE5zpQbXHp+oiI8u3D+LaVAygcxp6CZTAuhJUoCz9H1Y2xQnXKznmZGyW5yJ,0.000571,0.055499,0.009512
69300,a5X4fE5zpQbXHp+oiI8u3D+LaVAygcxp6CZTAuhJUoCz9H1Y2xQnXKznmZGyW5yJ,0.0008119999999999999,0.057165,0.010736
69600,a5X4fE5zpQbXHp+oiI8u3D+LaVAygcxp6CZTAuhJUoCz9H1Y2xQnXKznmZGyW5yJ,0.0005610000000000001,0.059409,0.009592
69900,a5X4fE5zpQbXHp+oiI8u3D+LaVAygcxp6CZTAuhJUoCz9H1Y2xQnXKznmZGyW5yJ,0.000802,0.078776,0.011618
70200,a5X4fE5zpQbXHp+oiI8u3D+LaVAygcxp6CZTAuhJUoCz9H1Y2xQnXKznmZGyW5yJ,0.0005610000000000001,0.049734,0.009669
70500,a5X4fE5zpQbXHp+oiI8u3D+LaVAygcxp6CZTAuhJUoCz9H1Y2xQnXKznmZGyW5yJ,0.000828,0.06338099999999999,0.010694
70800,a5X4fE5zpQbXHp+oiI8u3D+LaVAygcxp6CZTAuhJUoCz9H1Y2xQnXKznmZGyW5yJ,0.000551,0.050642,0.009618999999999999
71100,a5X4fE5zpQbXHp+oiI8u3D+LaVAygcxp6CZTAuhJUoCz9H1Y2xQnXKznmZGyW5yJ,0.0008150000000000001,0.068129,0.010501
71400,a5X4fE5zpQbXHp+oiI8u3D+LaVAygcxp6CZTAuhJUoCz9H1Y2xQnXKznmZGyW5yJ,0.000542,0.069273,0.009811
71700,a5X4fE5zpQbXHp+oiI8u3D+LaVAygcxp6CZTAuhJUoCz9H1Y2xQnXKznmZGyW5yJ,0.000552,0.072508,0.010077
72000,a5X4fE5zpQbXHp+oiI8u3D+LaVAygcxp6CZTAuhJUoCz9H1Y2xQnXKznmZGyW5yJ,0.0008,0.052766999999999994,0.010014
72300,a5X4fE5zpQbXHp+oiI8u3D+LaVAygcxp6CZTAuhJUoCz9H1Y2xQnXKznmZGyW5yJ,0.0005809999999999999,0.060499000000000004,0.010614
72600,a5X4fE5zpQbXHp+oiI8u3D+LaVAygcxp6CZTAuhJUoCz9H1Y2xQnXKznmZGyW5yJ,0.000762,0.046554000000000005,0.009887
72900,a5X4fE5zpQbXHp+oiI8u3D+LaVAygcxp6CZTAuhJUoCz9H1Y2xQnXKznmZGyW5yJ,0.0005809999999999999,0.06376,0.010589
73200,a5X4fE5zpQbXHp+oiI8u3D+LaVAygcxp6CZTAuhJUoCz9H1Y2xQnXKznmZGyW5yJ,0.000771,0.048374,0.009975
73500,a5X4fE5zpQbXHp+oiI8u3D+LaVAygcxp6CZTAuhJUoCz9H1Y2xQnXKznmZGyW5yJ,0.000745,0.08545499999999999,0.011508
73800,a5X4fE5zpQbXHp+oiI8u3D+LaVAygcxp6CZTAuhJUoCz9H1Y2xQnXKznmZGyW5yJ,0.000817,0.05909299999999999,0.009992000000000001
74100,a5X4fE5zpQbXHp+oiI8u3D+LaVAygcxp6CZTAuhJUoCz9H1Y2xQnXKznmZGyW5yJ,0.000798,0.077377,0.011413
74400,a5X4fE5zpQbXHp+oiI8u3D+LaVAygcxp6CZTAuhJUoCz9H1Y2xQnXKznmZGyW5yJ,0.0008300000000000001,0.063444,0.010338
74700,a5X4fE5zpQbXHp+oiI8u3D+LaVAygcxp6CZTAuhJUoCz9H1Y2xQnXKznmZGyW5yJ,0.000781,0.057951,0.010701
75000,a5X4fE5zpQbXHp+oiI8u3D+LaVAygcxp6CZTAuhJUoCz9H1Y2xQnXKznmZGyW5yJ,0.000874,0.060779,0.010115
75300,a5X4fE5zpQbXHp+oiI8u3D+LaVAygcxp6CZTAuhJUoCz9H1Y2xQnXKznmZGyW5yJ,0.000762,0.045511,0.01067
75600,a5X4fE5zpQbXHp+oiI8u3D+LaVAygcxp6CZTAuhJUoCz9H1Y2xQnXKznmZGyW5yJ,0.000746,0.07120599999999999,0.010398000000000001
75900,a5X4fE5zpQbXHp+oiI8u3D+LaVAygcxp6CZTAuhJUoCz9H1Y2xQnXKznmZGyW5yJ,0.00075,0.053074,0.010648000000000001
76200,a5X4fE5zpQbXHp+oiI8u3D+LaVAygcxp6CZTAuhJUoCz9H1Y2xQnXKznmZGyW5yJ,0.000786,0.054865,0.009937
76500,a5X4fE5zpQbXHp+oiI8u3D+LaVAygcxp6CZTAuhJUoCz9H1Y2xQnXKznmZGyW5yJ,0.000788,0.045646,0.010784
76800,a5X4fE5zpQbXHp+oiI8u3D+LaVAygcxp6CZTAuhJUoCz9H1Y2xQnXKznmZGyW5yJ,0.000785,0.064412,0.010325
77100,a5X4fE5zpQbXHp+oiI8u3D+LaVAygcxp6CZTAuhJUoCz9H1Y2xQnXKznmZGyW5yJ,0.000892,0.064496,0.011939
77400,a5X4fE5zpQbXHp+oiI8u3D+LaVAygcxp6CZTAuhJUoCz9H1Y2xQnXKznmZGyW5yJ,0.0008269999999999999,0.048273,0.010058
77700,a5X4fE5zpQbXHp+oiI8u3D+LaVAygcxp6CZTAuhJUoCz9H1Y2xQnXKznmZGyW5yJ,0.0007740000000000001,0.064108,0.010617
78000,a5X4fE5zpQbXHp+oiI8u3D+LaVAygcxp6CZTAuhJUoCz9H1Y2xQnXKznmZGyW5yJ,0.0008289999999999999,0.053165,0.009951
78300,a5X4fE5zpQbXHp+oiI8u3D+LaVAygcxp6CZTAuhJUoCz9H1Y2xQnXKznmZGyW5yJ,0.00066,0.07435,0.010905
78600,a5X4fE5zpQbXHp+oiI8u3D+LaVAygcxp6CZTAuhJUoCz9H1Y2xQnXKznmZGyW5yJ,0.000816,0.067333,0.009927
78900,a5X4fE5zpQbXHp+oiI8u3D+LaVAygcxp6CZTAuhJUoCz9H1Y2xQnXKznmZGyW5yJ,0.000492,0.051778,0.010859
79200,a5X4fE5zpQbXHp+oiI8u3D+LaVAygcxp6CZTAuhJUoCz9H1Y2xQnXKznmZGyW5yJ,0.000771,0.051403,0.009999
79500,a5X4fE5zpQbXHp+oiI8u3D+LaVAygcxp6CZTAuhJUoCz9H1Y2xQnXKznmZGyW5yJ,0.000492,0.054310000000000004,0.010998
79800,a5X4fE5zpQbXHp+oiI8u3D+LaVAygcxp6CZTAuhJUoCz9H1Y2xQnXKznmZGyW5yJ,0.00062,0.060008000000000006,0.009531
80100,a5X4fE5zpQbXHp+oiI8u3D+LaVAygcxp6CZTAuhJUoCz9H1Y2xQnXKznmZGyW5yJ,0.000833,0.066754,0.010645
80400,a5X4fE5zpQbXHp+oiI8u3D+LaVAygcxp6CZTAuhJUoCz9H1Y2xQnXKznmZGyW5yJ,0.0005070000000000001,0.053772,0.009673000000000001
80700,a5X4fE5zpQbXHp+oiI8u3D+LaVAygcxp6CZTAuhJUoCz9H1Y2xQnXKznmZGyW5yJ,0.000826,0.07624,0.011583
81000,a5X4fE5zpQbXHp+oiI8u3D+LaVAygcxp6CZTAuhJUoCz9H1Y2xQnXKznmZGyW5yJ,0.000699,0.055889999999999995,0.009345000000000001
81300,a5X4fE5zpQbXHp+oiI8u3D+LaVAygcxp6CZTAuhJUoCz9H1Y2xQnXKznmZGyW5yJ,0.000848,0.052726,0.010705
81600,a5X4fE5zpQbXHp+oiI8u3D+LaVAygcxp6CZTAuhJUoCz9H1Y2xQnXKznmZGyW5yJ,0.000699,0.064256,0.009565
81900,a5X4fE5zpQbXHp+oiI8u3D+LaVAygcxp6CZTAuhJUoCz9H1Y2xQnXKznmZGyW5yJ,0.000987,0.06461900000000001,0.0108
82200,a5X4fE5zpQbXHp+oiI8u3D+LaVAygcxp6CZTAuhJUoCz9H1Y2xQnXKznmZGyW5yJ,0.000404,0.051051,0.009276999999999999
82500,a5X4fE5zpQbXHp+oiI8u3D+LaVAygcxp6CZTAuhJUoCz9H1Y2xQnXKznmZGyW5yJ,0.0005610000000000001,0.044393,0.010476000000000001
82800,a5X4fE5zpQbXHp+oiI8u3D+LaVAygcxp6CZTAuhJUoCz9H1Y2xQnXKznmZGyW5yJ,0.000799,0.066129,0.010128
83100,a5X4fE5zpQbXHp+oiI8u3D+LaVAygcxp6CZTAuhJUoCz9H1Y2xQnXKznmZGyW5yJ,0.00037400000000000004,0.058511,0.010627
83400,a5X4fE5zpQbXHp+oiI8u3D+LaVAygcxp6CZTAuhJUoCz9H1Y2xQnXKznmZGyW5yJ,0.000795,0.071022,0.010175
83700,a5X4fE5zpQbXHp+oiI8u3D+LaVAygcxp6CZTAuhJUoCz9H1Y2xQnXKznmZGyW5yJ,0.000482,0.060809,0.010225
84000,a5X4fE5zpQbXHp+oiI8u3D+LaVAygcxp6CZTAuhJUoCz9H1Y2xQnXKznmZGyW5yJ,0.000842,0.060013,0.010029000000000001
84300,a5X4fE5zpQbXHp+oiI8u3D+LaVAygcxp6CZTAuhJUoCz9H1Y2xQnXKznmZGyW5yJ,0.000532,0.083334,0.01127
84600,a5X4fE5zpQbXHp+oiI8u3D+LaVAygcxp6CZTAuhJUoCz9H1Y2xQnXKznmZGyW5yJ,0.0009019999999999999,0.045846,0.009701000000000001
84900,a5X4fE5zpQbXHp+oiI8u3D+LaVAygcxp6CZTAuhJUoCz9H1Y2xQnXKznmZGyW5yJ,0.0007440000000000001,0.067487,0.010487
85200,a5X4fE5zpQbXHp+oiI8u3D+LaVAygcxp6CZTAuhJUoCz9H1Y2xQnXKznmZGyW5yJ,0.00063,0.06138,0.010048
85500,a5X4fE5zpQbXHp+oiI8u3D+LaVAygcxp6CZTAuhJUoCz9H1Y2xQnXKznmZGyW5yJ,0.000811,0.06637799999999999,0.010748
85800,a5X4fE5zpQbXHp+oiI8u3D+LaVAygcxp6CZTAuhJUoCz9H1Y2xQnXKznmZGyW5yJ,0.000551,0.047830000000000004,0.009646
86100,a5X4fE5zpQbXHp+oiI8u3D+LaVAygcxp6CZTAuhJUoCz9H1Y2xQnXKznmZGyW5yJ,0.000753,0.06147999999999999,0.010762
86400,a5X4fE5zpQbXHp+oiI8u3D+LaVAygcxp6CZTAuhJUoCz9H1Y2xQnXKznmZGyW5yJ,0.000404,0.057715999999999996,0.00951
86700,a5X4fE5zpQbXHp+oiI8u3D+LaVAygcxp6CZTAuhJUoCz9H1Y2xQnXKznmZGyW5yJ,0.000745,0.05136,0.010693000000000001
87000,a5X4fE5zpQbXHp+oiI8u3D+LaVAygcxp6CZTAuhJUoCz9H1Y2xQnXKznmZGyW5yJ,0.00035499999999999996,0.061496,0.00954
87300,a5X4fE5zpQbXHp+oiI8u3D+LaVAygcxp6CZTAuhJUoCz9H1Y2xQnXKznmZGyW5yJ,0.0008269999999999999,0.05051,0.010768000000000002
87600,a5X4fE5zpQbXHp+oiI8u3D+LaVAygcxp6CZTAuhJUoCz9H1Y2xQnXKznmZGyW5yJ,0.000414,0.080669,0.009487
87900,a5X4fE5zpQbXHp+oiI8u3D+LaVAygcxp6CZTAuhJUoCz9H1Y2xQnXKznmZGyW5yJ,0.000384,0.083128,0.010709
88200,a5X4fE5zpQbXHp+oiI8u3D+LaVAygcxp6CZTAuhJUoCz9H1Y2xQnXKznmZGyW5yJ,0.0008150000000000001,0.065399,0.01001
88500,a5X4fE5zpQbXHp+oiI8u3D+LaVAygcxp6CZTAuhJUoCz9H1Y2xQnXKznmZGyW5yJ,0.00047300000000000006,0.058547,0.010159999999999999
88800,a5X4fE5zpQbXHp+oiI8u3D+LaVAygcxp6CZTAuhJUoCz9H1Y2xQnXKznmZGyW5yJ,0.00084,0.047285,0.00976
89100,a5X4fE5zpQbXHp+oiI8u3D+LaVAygcxp6CZTAuhJUoCz9H1Y2xQnXKznmZGyW5yJ,0.000453,0.061632000000000006,0.010001999999999999
89400,a5X4fE5zpQbXHp+oiI8u3D+LaVAygcxp6CZTAuhJUoCz9H1Y2xQnXKznmZGyW5yJ,0.0008759999999999999,0.073464,0.010206
89700,a5X4fE5zpQbXHp+oiI8u3D+LaVAygcxp6CZTAuhJUoCz9H1Y2xQnXKznmZGyW5yJ,0.000512,0.07080800000000001,0.010329999999999999
90000,a5X4fE5zpQbXHp+oiI8u3D+LaVAygcxp6CZTAuhJUoCz9H1Y2xQnXKznmZGyW5yJ,0.0007509999999999999,0.061354,0.010051000000000001
90300,a5X4fE5zpQbXHp+oiI8u3D+LaVAygcxp6CZTAuhJUoCz9H1Y2xQnXKznmZGyW5yJ,0.0007379999999999999,0.060673000000000005,0.010159999999999999
90600,a5X4fE5zpQbXHp+oiI8u3D+LaVAygcxp6CZTAuhJUoCz9H1Y2xQnXKznmZGyW5yJ,0.000492,0.060797000000000004,0.009893
90900,a5X4fE5zpQbXHp+oiI8u3D+LaVAygcxp6CZTAuhJUoCz9H1Y2xQnXKznmZGyW5yJ,0.0009019999999999999,0.05951,0.010776
91200,a5X4fE5zpQbXHp+oiI8u3D+LaVAygcxp6CZTAuhJUoCz9H1Y2xQnXKznmZGyW5yJ,0.00047300000000000006,0.061131,0.00911
91500,a5X4fE5zpQbXHp+oiI8u3D+LaVAygcxp6CZTAuhJUoCz9H1Y2xQnXKznmZGyW5yJ,0.000816,0.059516999999999994,0.011456000000000001
91800,a5X4fE5zpQbXHp+oiI8u3D+LaVAygcxp6CZTAuhJUoCz9H1Y2xQnXKznmZGyW5yJ,0.000571,0.050980000000000004,0.009555
92100,a5X4fE5zpQbXHp+oiI8u3D+LaVAygcxp6CZTAuhJUoCz9H1Y2xQnXKznmZGyW5yJ,0.00075,0.052177999999999995,0.01073
92400,a5X4fE5zpQbXHp+oiI8u3D+LaVAygcxp6CZTAuhJUoCz9H1Y2xQnXKznmZGyW5yJ,0.000443,0.053358,0.009229000000000001
92700,a5X4fE5zpQbXHp+oiI8u3D+LaVAygcxp6CZTAuhJUoCz9H1Y2xQnXKznmZGyW5yJ,0.000973,0.058944,0.010671
93000,a5X4fE5zpQbXHp+oiI8u3D+LaVAygcxp6CZTAuhJUoCz9H1Y2xQnXKznmZGyW5yJ,0.000542,0.055186,0.009481
93300,a5X4fE5zpQbXHp+oiI8u3D+LaVAygcxp6CZTAuhJUoCz9H1Y2xQnXKznmZGyW5yJ,0.0009400000000000001,1.254968,0.020182
93600,a5X4fE5zpQbXHp+oiI8u3D+LaVAygcxp6CZTAuhJUoCz9H1Y2xQnXKznmZGyW5yJ,0.000995,0.048001,0.009743
93900,a5X4fE5zpQbXHp+oiI8u3D+LaVAygcxp6CZTAuhJUoCz9H1Y2xQnXKznmZGyW5yJ,0.000433,0.070111,0.010279
94200,a5X4fE5zpQbXHp+oiI8u3D+LaVAygcxp6CZTAuhJUoCz9H1Y2xQnXKznmZGyW5yJ,0.000843,0.056540999999999994,0.009961
94500,a5X4fE5zpQbXHp+oiI8u3D+LaVAygcxp6CZTAuhJUoCz9H1Y2xQnXKznmZGyW5yJ,0.000482,0.06561399999999999,0.010282
94800,a5X4fE5zpQbXHp+oiI8u3D+LaVAygcxp6CZTAuhJUoCz9H1Y2xQnXKznmZGyW5yJ,0.000767,0.07159199999999999,0.010123
95100,a5X4fE5zpQbXHp+oiI8u3D+LaVAygcxp6CZTAuhJUoCz9H1Y2xQnXKznmZGyW5yJ,0.000502,0.059448,0.011045999999999999
95400,a5X4fE5zpQbXHp+oiI8u3D+LaVAygcxp6CZTAuhJUoCz9H1Y2xQnXKznmZGyW5yJ,0.0007599999999999999,0.066745,0.010097
95700,a5X4fE5zpQbXHp+oiI8u3D+LaVAygcxp6CZTAuhJUoCz9H1Y2xQnXKznmZGyW5yJ,0.000413,0.053122,0.010463
96000,a5X4fE5zpQbXHp+oiI8u3D+LaVAygcxp6CZTAuhJUoCz9H1Y2xQnXKznmZGyW5yJ,0.000522,0.076652,0.010051000000000001
96300,a5X4fE5zpQbXHp+oiI8u3D+LaVAygcxp6CZTAuhJUoCz9H1Y2xQnXKznmZGyW5yJ,0.00078,0.066715,0.010881
96600,a5X4fE5zpQbXHp+oiI8u3D+LaVAygcxp6CZTAuhJUoCz9H1Y2xQnXKznmZGyW5yJ,0.00042300000000000004,0.06479700000000001,0.009643
96900,a5X4fE5zpQbXHp+oiI8u3D+LaVAygcxp6CZTAuhJUoCz9H1Y2xQnXKznmZGyW5yJ,0.0008210000000000001,0.06447699999999999,0.010709999999999999
97200,a5X4fE5zpQbXHp+oiI8u3D+LaVAygcxp6CZTAuhJUoCz9H1Y2xQnXKznmZGyW5yJ,0.00082,0.065548,0.009641
97500,a5X4fE5zpQbXHp+oiI8u3D+LaVAygcxp6CZTAuhJUoCz9H1Y2xQnXKznmZGyW5yJ,0.0008529999999999999,0.050401,0.010647
97800,a5X4fE5zpQbXHp+oiI8u3D+LaVAygcxp6CZTAuhJUoCz9H1Y2xQnXKznmZGyW5yJ,0.000782,0.05121900000000001,0.009679
98100,a5X4fE5zpQbXHp+oiI8u3D+LaVAygcxp6CZTAuhJUoCz9H1Y2xQnXKznmZGyW5yJ,0.000817,0.049031,0.010771
98400,a5X4fE5zpQbXHp+oiI8u3D+LaVAygcxp6CZTAuhJUoCz9H1Y2xQnXKznmZGyW5yJ,0.000848,0.064868,0.009415
98700,a5X4fE5zpQbXHp+oiI8u3D+LaVAygcxp6CZTAuhJUoCz9H1Y2xQnXKznmZGyW5yJ,0.000858,0.067511,0.011271
99000,a5X4fE5zpQbXHp+oiI8u3D+LaVAygcxp6CZTAuhJUoCz9H1Y2xQnXKznmZGyW5yJ,0.00085,0.0691,0.010153
99300,a5X4fE5zpQbXHp+oiI8u3D+LaVAygcxp6CZTAuhJUoCz9H1Y2xQnXKznmZGyW5yJ,0.000779,0.052504999999999996,0.010039
99600,a5X4fE5zpQbXHp+oiI8u3D+LaVAygcxp6CZTAuhJUoCz9H1Y2xQnXKznmZGyW5yJ,0.000781,0.059207,0.009904000000000001
99900,a5X4fE5zpQbXHp+oiI8u3D+LaVAygcxp6CZTAuhJUoCz9H1Y2xQnXKznmZGyW5yJ,0.000787,0.045725,0.010121999999999999
100200,a5X4fE5zpQbXHp+oiI8u3D+LaVAygcxp6CZTAuhJUoCz9H1Y2xQnXKznmZGyW5yJ,0.00078,0.064212,0.009884
100500,a5X4fE5zpQbXHp+oiI8u3D+LaVAygcxp6CZTAuhJUoCz9H1Y2xQnXKznmZGyW5yJ,0.000798,0.095725,0.010614
100800,a5X4fE5zpQbXHp+oiI8u3D+LaVAygcxp6CZTAuhJUoCz9H1Y2xQnXKznmZGyW5yJ,0.0008990000000000001,0.077885,0.009769
101100,a5X4fE5zpQbXHp+oiI8u3D+LaVAygcxp6CZTAuhJUoCz9H1Y2xQnXKznmZGyW5yJ,0.0008179999999999999,0.046906,0.010544
101400,a5X4fE5zpQbXHp+oiI8u3D+LaVAygcxp6CZTAuhJUoCz9H1Y2xQnXKznmZGyW5yJ,0.000522,0.048070999999999996,0.009776
101700,a5X4fE5zpQbXHp+oiI8u3D+LaVAygcxp6CZTAuhJUoCz9H1Y2xQnXKznmZGyW5yJ,0.0008699999999999999,0.059426,0.010385
102000,a5X4fE5zpQbXHp+oiI8u3D+LaVAygcxp6CZTAuhJUoCz9H1Y2xQnXKznmZGyW5yJ,0.0005009999999999999,0.06614,0.009771
102300,a5X4fE5zpQbXHp+oiI8u3D+LaVAygcxp6CZTAuhJUoCz9H1Y2xQnXKznmZGyW5yJ,0.0007469999999999999,0.065081,0.011515000000000001
102600,a5X4fE5zpQbXHp+oiI8u3D+LaVAygcxp6CZTAuhJUoCz9H1Y2xQnXKznmZGyW5yJ,0.000512,1.233465,0.018599
102900,a5X4fE5zpQbXHp+oiI8u3D+LaVAygcxp6CZTAuhJUoCz9H1Y2xQnXKznmZGyW5yJ,0.000759,0.051483,0.010617
103200,a5X4fE5zpQbXHp+oiI8u3D+LaVAygcxp6CZTAuhJUoCz9H1Y2xQnXKznmZGyW5yJ,0.000453,0.073783,0.009382
103500,a5X4fE5zpQbXHp+oiI8u3D+LaVAygcxp6CZTAuhJUoCz9H1Y2xQnXKznmZGyW5yJ,0.000768,0.047597,0.01057
103800,a5X4fE5zpQbXHp+oiI8u3D+LaVAygcxp6CZTAuhJUoCz9H1Y2xQnXKznmZGyW5yJ,0.00037400000000000004,0.051909000000000004,0.009683
104100,a5X4fE5zpQbXHp+oiI8u3D+LaVAygcxp6CZTAuhJUoCz9H1Y2xQnXKznmZGyW5yJ,0.000621,0.051163,0.010047
104400,a5X4fE5zpQbXHp+oiI8u3D+LaVAygcxp6CZTAuhJUoCz9H1Y2xQnXKznmZGyW5yJ,0.0007469999999999999,0.044953,0.010015000000000001
104700,a5X4fE5zpQbXHp+oiI8u3D+LaVAygcxp6CZTAuhJUoCz9H1Y2xQnXKznmZGyW5yJ,0.00061,0.050706,0.010052
105000,a5X4fE5zpQbXHp+oiI8u3D+LaVAygcxp6CZTAuhJUoCz9H1Y2xQnXKznmZGyW5yJ,0.0007769999999999999,0.064839,0.009937999999999999
105300,a5X4fE5zpQbXHp+oiI8u3D+LaVAygcxp6CZTAuhJUoCz9H1Y2xQnXKznmZGyW5yJ,0.000699,0.047952,0.010188
105600,a5X4fE5zpQbXHp+oiI8u3D+LaVAygcxp6CZTAuhJUoCz9H1Y2xQnXKznmZGyW5yJ,0.00088,0.047008,0.009661
105900,a5X4fE5zpQbXHp+oiI8u3D+LaVAygcxp6CZTAuhJUoCz9H1Y2xQnXKznmZGyW5yJ,0.000404,0.064414,0.011105
106200,a5X4fE5zpQbXHp+oiI8u3D+LaVAygcxp6CZTAuhJUoCz9H1Y2xQnXKznmZGyW5yJ,0.000743,0.058424000000000004,0.010015000000000001
106500,a5X4fE5zpQbXHp+oiI8u3D+LaVAygcxp6CZTAuhJUoCz9H1Y2xQnXKznmZGyW5yJ,0.000502,0.049236,0.010313
106800,a5X4fE5zpQbXHp+oiI8u3D+LaVAygcxp6CZTAuhJUoCz9H1Y2xQnXKznmZGyW5yJ,0.000325,0.06888,0.009753
107100,a5X4fE5zpQbXHp+oiI8u3D+LaVAygcxp6CZTAuhJUoCz9H1Y2xQnXKznmZGyW5yJ,0.0007559999999999999,0.05371,0.010773999999999999
107400,a5X4fE5zpQbXHp+oiI8u3D+LaVAygcxp6CZTAuhJUoCz9H1Y2xQnXKznmZGyW5yJ,0.000443,0.048466,0.009627
107700,a5X4fE5zpQbXHp+oiI8u3D+LaVAygcxp6CZTAuhJUoCz9H1Y2xQnXKznmZGyW5yJ,0.000784,0.04981,0.010701
108000,a5X4fE5zpQbXHp+oiI8u3D+LaVAygcxp6CZTAuhJUoCz9H1Y2xQnXKznmZGyW5yJ,0.000404,0.066365,0.009529000000000001
108300,a5X4fE5zpQbXHp+oiI8u3D+LaVAygcxp6CZTAuhJUoCz9H1Y2xQnXKznmZGyW5yJ,0.000778,0.05761,0.010643000000000001
108600,a5X4fE5zpQbXHp+oiI8u3D+LaVAygcxp6CZTAuhJUoCz9H1Y2xQnXKznmZGyW5yJ,0.000414,0.052269,0.009176
108900,a5X4fE5zpQbXHp+oiI8u3D+LaVAygcxp6CZTAuhJUoCz9H1Y2xQnXKznmZGyW5yJ,0.000786,0.067911,0.010581
109200,a5X4fE5zpQbXHp+oiI8u3D+LaVAygcxp6CZTAuhJUoCz9H1Y2xQnXKznmZGyW5yJ,0.000779,0.048894,0.009498999999999999
109500,a5X4fE5zpQbXHp+oiI8u3D+LaVAygcxp6CZTAuhJUoCz9H1Y2xQnXKznmZGyW5yJ,0.000492,0.059013,0.010856000000000001
109800,a5X4fE5zpQbXHp+oiI8u3D+LaVAygcxp6CZTAuhJUoCz9H1Y2xQnXKznmZGyW5yJ,0.000791,0.065661,0.009718000000000001
110100,a5X4fE5zpQbXHp+oiI8u3D+LaVAygcxp6CZTAuhJUoCz9H1Y2xQnXKznmZGyW5yJ,0.00042300000000000004,0.051063,0.010159
110400,a5X4fE5zpQbXHp+oiI8u3D+LaVAygcxp6CZTAuhJUoCz9H1Y2xQnXKznmZGyW5yJ,0.001291,0.07335599999999999,0.009937
110700,a5X4fE5zpQbXHp+oiI8u3D+LaVAygcxp6CZTAuhJUoCz9H1Y2xQnXKznmZGyW5yJ,0.000433,0.07086,0.009975
111000,a5X4fE5zpQbXHp+oiI8u3D+LaVAygcxp6CZTAuhJUoCz9H1Y2xQnXKznmZGyW5yJ,0.000893,0.06200700000000001,0.01001
111300,a5X4fE5zpQbXHp+oiI8u3D+LaVAygcxp6CZTAuhJUoCz9H1Y2xQnXKznmZGyW5yJ,0.000414,0.048794,0.010253
111600,a5X4fE5zpQbXHp+oiI8u3D+LaVAygcxp6CZTAuhJUoCz9H1Y2xQnXKznmZGyW5yJ,0.0009460000000000001,0.065587,0.009974
111900,a5X4fE5zpQbXHp+oiI8u3D+LaVAygcxp6CZTAuhJUoCz9H1Y2xQnXKznmZGyW5yJ,0.000433,0.705697,0.021016
112200,a5X4fE5zpQbXHp+oiI8u3D+LaVAygcxp6CZTAuhJUoCz9H1Y2xQnXKznmZGyW5yJ,0.000807,0.05915700000000001,0.00978
112500,a5X4fE5zpQbXHp+oiI8u3D+LaVAygcxp6CZTAuhJUoCz9H1Y2xQnXKznmZGyW5yJ,0.000956,0.059005999999999996,0.01063
112800,a5X4fE5zpQbXHp+oiI8u3D+LaVAygcxp6CZTAuhJUoCz9H1Y2xQnXKznmZGyW5yJ,0.00061,0.063848,0.009627
113100,a5X4fE5zpQbXHp+oiI8u3D+LaVAygcxp6CZTAuhJUoCz9H1Y2xQnXKznmZGyW5yJ,0.000824,0.06043,0.011511
113400,a5X4fE5zpQbXHp+oiI8u3D+LaVAygcxp6CZTAuhJUoCz9H1Y2xQnXKznmZGyW5yJ,0.00047300000000000006,0.060787,0.009561
113700,a5X4fE5zpQbXHp+oiI8u3D+LaVAygcxp6CZTAuhJUoCz9H1Y2xQnXKznmZGyW5yJ,0.000884,0.058875,0.010704
114000,a5X4fE5zpQbXHp+oiI8u3D+LaVAygcxp6CZTAuhJUoCz9H1Y2xQnXKznmZGyW5yJ,0.000502,0.044860000000000004,0.009105
114300,a5X4fE5zpQbXHp+oiI8u3D+LaVAygcxp6CZTAuhJUoCz9H1Y2xQnXKznmZGyW5yJ,0.0008320000000000001,0.060177,0.01061
114600,a5X4fE5zpQbXHp+oiI8u3D+LaVAygcxp6CZTAuhJUoCz9H1Y2xQnXKznmZGyW5yJ,0.000522,0.064289,0.010048
114900,a5X4fE5zpQbXHp+oiI8u3D+LaVAygcxp6CZTAuhJUoCz9H1Y2xQnXKznmZGyW5yJ,0.000335,0.047179,0.010235
115200,a5X4fE5zpQbXHp+oiI8u3D+LaVAygcxp6CZTAuhJUoCz9H1Y2xQnXKznmZGyW5yJ,0.000785,0.051582,0.010029000000000001
115500,a5X4fE5zpQbXHp+oiI8u3D+LaVAygcxp6CZTAuhJUoCz9H1Y2xQnXKznmZGyW5yJ,0.000532,0.063779,0.010365000000000001
115800,a5X4fE5zpQbXHp+oiI8u3D+LaVAygcxp6CZTAuhJUoCz9H1Y2xQnXKznmZGyW5yJ,0.00075,0.07684500000000001,0.010043
116100,a5X4fE5zpQbXHp+oiI8u3D+LaVAygcxp6CZTAuhJUoCz9H1Y2xQnXKznmZGyW5yJ,0.000591,0.071681,0.010196
116400,a5X4fE5zpQbXHp+oiI8u3D+LaVAygcxp6CZTAuhJUoCz9H1Y2xQnXKznmZGyW5yJ,0.001015,0.05985700000000001,0.009878
116700,a5X4fE5zpQbXHp+oiI8u3D+LaVAygcxp6CZTAuhJUoCz9H1Y2xQnXKznmZGyW5yJ,0.000781,0.058457,0.010740000000000001
117000,a5X4fE5zpQbXHp+oiI8u3D+LaVAygcxp6CZTAuhJUoCz9H1Y2xQnXKznmZGyW5yJ,0.0008269999999999999,0.051378,0.009911
117300,a5X4fE5zpQbXHp+oiI8u3D+LaVAygcxp6CZTAuhJUoCz9H1Y2xQnXKznmZGyW5yJ,0.000453,0.06093099999999999,0.010029999999999999
117600,a5X4fE5zpQbXHp+oiI8u3D+LaVAygcxp6CZTAuhJUoCz9H1Y2xQnXKznmZGyW5yJ,0.000542,0.064141,0.009356
117900,a5X4fE5zpQbXHp+oiI8u3D+LaVAygcxp6CZTAuhJUoCz9H1Y2xQnXKznmZGyW5yJ,0.0009310000000000001,0.080083,0.010729
118200,a5X4fE5zpQbXHp+oiI8u3D+LaVAygcxp6CZTAuhJUoCz9H1Y2xQnXKznmZGyW5yJ,0.000512,0.06648,0.009541
118500,a5X4fE5zpQbXHp+oiI8u3D+LaVAygcxp6CZTAuhJUoCz9H1Y2xQnXKznmZGyW5yJ,0.0007830000000000001,0.070872,0.010689
118800,a5X4fE5zpQbXHp+oiI8u3D+LaVAygcxp6CZTAuhJUoCz9H1Y2xQnXKznmZGyW5yJ,0.000492,0.06236799999999999,0.009514
119100,a5X4fE5zpQbXHp+oiI8u3D+LaVAygcxp6CZTAuhJUoCz9H1Y2xQnXKznmZGyW5yJ,0.000866,0.057170000000000006,0.010648000000000001
119400,a5X4fE5zpQbXHp+oiI8u3D+LaVAygcxp6CZTAuhJUoCz9H1Y2xQnXKznmZGyW5yJ,0.00047300000000000006,0.058947,0.009784000000000001
119700,a5X4fE5zpQbXHp+oiI8u3D+LaVAygcxp6CZTAuhJUoCz9H1Y2xQnXKznmZGyW5yJ,0.0008710000000000001,0.046464,0.010793
120000,a5X4fE5zpQbXHp+oiI8u3D+LaVAygcxp6CZTAuhJUoCz9H1Y2xQnXKznmZGyW5yJ,0.000492,0.049275,0.009266
120300,a5X4fE5zpQbXHp+oiI8u3D+LaVAygcxp6CZTAuhJUoCz9H1Y2xQnXKznmZGyW5yJ,0.00088,0.05929299999999999,0.011049
120600,a5X4fE5zpQbXHp+oiI8u3D+LaVAygcxp6CZTAuhJUoCz9H1Y2xQnXKznmZGyW5yJ,0.000771,0.06607400000000001,0.009987000000000001
120900,a5X4fE5zpQbXHp+oiI8u3D+LaVAygcxp6CZTAuhJUoCz9H1Y2xQnXKznmZGyW5yJ,0.00085,0.46483199999999997,0.014503
121200,a5X4fE5zpQbXHp+oiI8u3D+LaVAygcxp6CZTAuhJUoCz9H1Y2xQnXKznmZGyW5yJ,0.000834,0.054287,0.010161
121500,a5X4fE5zpQbXHp+oiI8u3D+LaVAygcxp6CZTAuhJUoCz9H1Y2xQnXKznmZGyW5yJ,0.0007509999999999999,0.046294999999999996,0.010727
121800,a5X4fE5zpQbXHp+oiI8u3D+LaVAygcxp6CZTAuhJUoCz9H1Y2xQnXKznmZGyW5yJ,0.0007610000000000001,0.04612,0.01011
122100,a5X4fE5zpQbXHp+oiI8u3D+LaVAygcxp6CZTAuhJUoCz9H1Y2xQnXKznmZGyW5yJ,0.000787,0.060360000000000004,0.010620000000000001
122400,a5X4fE5zpQbXHp+oiI8u3D+LaVAygcxp6CZTAuhJUoCz9H1Y2xQnXKznmZGyW5yJ,0.000769,0.064489,0.009747
122700,a5X4fE5zpQbXHp+oiI8u3D+LaVAygcxp6CZTAuhJUoCz9H1Y2xQnXKznmZGyW5yJ,0.000767,0.058086,0.010554000000000001
123000,a5X4fE5zpQbXHp+oiI8u3D+LaVAygcxp6CZTAuhJUoCz9H1Y2xQnXKznmZGyW5yJ,0.0007769999999999999,0.046186000000000005,0.009884
123300,a5X4fE5zpQbXHp+oiI8u3D+LaVAygcxp6CZTAuhJUoCz9H1Y2xQnXKznmZGyW5yJ,0.0007379999999999999,0.092448,0.010901000000000001
123600,a5X4fE5zpQbXHp+oiI8u3D+LaVAygcxp6CZTAuhJUoCz9H1Y2xQnXKznmZGyW5yJ,0.000768,0.065442,0.010062
123900,a5X4fE5zpQbXHp+oiI8u3D+LaVAygcxp6CZTAuhJUoCz9H1Y2xQnXKznmZGyW5yJ,0.0007639999999999999,0.059225,0.011603
124200,a5X4fE5zpQbXHp+oiI8u3D+LaVAygcxp6CZTAuhJUoCz9H1Y2xQnXKznmZGyW5yJ,0.0007480000000000001,0.064152,0.010218000000000001
124500,a5X4fE5zpQbXHp+oiI8u3D+LaVAygcxp6CZTAuhJUoCz9H1Y2xQnXKznmZGyW5yJ,0.000763,0.051931,0.010605
124800,a5X4fE5zpQbXHp+oiI8u3D+LaVAygcxp6CZTAuhJUoCz9H1Y2xQnXKznmZGyW5yJ,0.000492,0.048729,0.009758
125100,a5X4fE5zpQbXHp+oiI8u3D+LaVAygcxp6CZTAuhJUoCz9H1Y2xQnXKznmZGyW5yJ,0.0007769999999999999,0.075777,0.010665
125400,a5X4fE5zpQbXHp+oiI8u3D+LaVAygcxp6CZTAuhJUoCz9H1Y2xQnXKznmZGyW5yJ,0.000492,0.064949,0.009895999999999999
125700,a5X4fE5zpQbXHp+oiI8u3D+LaVAygcxp6CZTAuhJUoCz9H1Y2xQnXKznmZGyW5yJ,0.000768,0.052969,0.010636
126000,a5X4fE5zpQbXHp+oiI8u3D+LaVAygcxp6CZTAuhJUoCz9H1Y2xQnXKznmZGyW5yJ,0.000502,0.065731,0.009899
126300,a5X4fE5zpQbXHp+oiI8u3D+LaVAygcxp6CZTAuhJUoCz9H1Y2xQnXKznmZGyW5yJ,0.000492,0.08100700000000001,0.010426000000000001
126600,a5X4fE5zpQbXHp+oiI8u3D+LaVAygcxp6CZTAuhJUoCz9H1Y2xQnXKznmZGyW5yJ,0.000793,0.054626,0.00966
126900,a5X4fE5zpQbXHp+oiI8u3D+LaVAygcxp6CZTAuhJUoCz9H1Y2xQnXKznmZGyW5yJ,0.000601,0.063888,0.010398000000000001
127200,a5X4fE5zpQbXHp+oiI8u3D+LaVAygcxp6CZTAuhJUoCz9H1Y2xQnXKznmZGyW5yJ,0.000758,0.062286,0.009955
127500,a5X4fE5zpQbXHp+oiI8u3D+LaVAygcxp6CZTAuhJUoCz9H1Y2xQnXKznmZGyW5yJ,0.000433,0.063993,0.011044
127800,a5X4fE5zpQbXHp+oiI8u3D+LaVAygcxp6CZTAuhJUoCz9H1Y2xQnXKznmZGyW5yJ,0.000813,0.050704,0.009989
128100,a5X4fE5zpQbXHp+oiI8u3D+LaVAygcxp6CZTAuhJUoCz9H1Y2xQnXKznmZGyW5yJ,0.00055,0.063585,0.010131999999999999
128400,a5X4fE5zpQbXHp+oiI8u3D+LaVAygcxp6CZTAuhJUoCz9H1Y2xQnXKznmZGyW5yJ,0.0007740000000000001,0.067859,0.009918999999999999
128700,a5X4fE5zpQbXHp+oiI8u3D+LaVAygcxp6CZTAuhJUoCz9H1Y2xQnXKznmZGyW5yJ,0.000492,0.050334,0.009590000000000001
129000,a5X4fE5zpQbXHp+oiI8u3D+LaVAygcxp6CZTAuhJUoCz9H1Y2xQnXKznmZGyW5yJ,0.000502,0.054011,0.009387000000000001
129300,a5X4fE5zpQbXHp+oiI8u3D+LaVAygcxp6CZTAuhJUoCz9H1Y2xQnXKznmZGyW5yJ,0.000767,0.05653300000000001,0.010756
129600,a5X4fE5zpQbXHp+oiI8u3D+LaVAygcxp6CZTAuhJUoCz9H1Y2xQnXKznmZGyW5yJ,0.000364,0.06579299999999999,0.009631
129900,a5X4fE5zpQbXHp+oiI8u3D+LaVAygcxp6CZTAuhJUoCz9H1Y2xQnXKznmZGyW5yJ,0.000753,0.077462,0.010678
130200,a5X4fE5zpQbXHp+oiI8u3D+LaVAygcxp6CZTAuhJUoCz9H1Y2xQnXKznmZGyW5yJ,0.000522,0.048007,0.009202
130500,a5X4fE5zpQbXHp+oiI8u3D+LaVAygcxp6CZTAuhJUoCz9H1Y2xQnXKznmZGyW5yJ,0.0007830000000000001,0.048764,0.010759999999999999
130800,a5X4fE5zpQbXHp+oiI8u3D+LaVAygcxp6CZTAuhJUoCz9H1Y2xQnXKznmZGyW5yJ,0.000532,0.046844,0.009316
131100,a5X4fE5zpQbXHp+oiI8u3D+LaVAygcxp6CZTAuhJUoCz9H1Y2xQnXKznmZGyW5yJ,0.000749,0.071216,0.011559
131400,a5X4fE5zpQbXHp+oiI8u3D+LaVAygcxp6CZTAuhJUoCz9H1Y2xQnXKznmZGyW5yJ,0.000522,0.048168,0.009314
131700,a5X4fE5zpQbXHp+oiI8u3D+LaVAygcxp6CZTAuhJUoCz9H1Y2xQnXKznmZGyW5yJ,0.00037400000000000004,0.052167,0.010112999999999999
132000,a5X4fE5zpQbXHp+oiI8u3D+LaVAygcxp6CZTAuhJUoCz9H1Y2xQnXKznmZGyW5yJ,0.000739,22.346685,2.525297
132300,a5X4fE5zpQbXHp+oiI8u3D+LaVAygcxp6CZTAuhJUoCz9H1Y2xQnXKznmZGyW5yJ,0.001108,98.836457,52.2508
132600,a5X4fE5zpQbXHp+oiI8u3D+LaVAygcxp6CZTAuhJUoCz9H1Y2xQnXKznmZGyW5yJ,72.230011,83.221975,77.92988299999999
132900,a5X4fE5zpQbXHp+oiI8u3D+LaVAygcxp6CZTAuhJUoCz9H1Y2xQnXKznmZGyW5yJ,0.00065,79.968482,17.99511
133200,a5X4fE5zpQbXHp+oiI8u3D+LaVAygcxp6CZTAuhJUoCz9H1Y2xQnXKznmZGyW5yJ,0.000964,0.055815,0.01257
133500,a5X4fE5zpQbXHp+oiI8u3D+LaVAygcxp6CZTAuhJUoCz9H1Y2xQnXKznmZGyW5yJ,0.000858,1.243017,0.019911
133800,a5X4fE5zpQbXHp+oiI8u3D+LaVAygcxp6CZTAuhJUoCz9H1Y2xQnXKznmZGyW5yJ,0.0009400000000000001,0.05637999999999999,0.010421
134100,a5X4fE5zpQbXHp+oiI8u3D+LaVAygcxp6CZTAuhJUoCz9H1Y2xQnXKznmZGyW5yJ,0.001009,98.073971,13.247810999999999
134400,a5X4fE5zpQbXHp+oiI8u3D+LaVAygcxp6CZTAuhJUoCz9H1Y2xQnXKznmZGyW5yJ,87.037921,98.25684,92.945833
134700,a5X4fE5zpQbXHp+oiI8u3D+LaVAygcxp6CZTAuhJUoCz9H1Y2xQnXKznmZGyW5yJ,82.81469799999999,90.337391,86.580084
135000,a5X4fE5zpQbXHp+oiI8u3D+LaVAygcxp6CZTAuhJUoCz9H1Y2xQnXKznmZGyW5yJ,0.000865,35.113202,3.46858
135300,a5X4fE5zpQbXHp+oiI8u3D+LaVAygcxp6CZTAuhJUoCz9H1Y2xQnXKznmZGyW5yJ,0.0018579999999999998,95.466388,78.705619
135600,a5X4fE5zpQbXHp+oiI8u3D+LaVAygcxp6CZTAuhJUoCz9H1Y2xQnXKznmZGyW5yJ,73.84439300000001,98.345332,87.316822
135900,a5X4fE5zpQbXHp+oiI8u3D+LaVAygcxp6CZTAuhJUoCz9H1Y2xQnXKznmZGyW5yJ,0.000779,93.053474,29.51407
136200,a5X4fE5zpQbXHp+oiI8u3D+LaVAygcxp6CZTAuhJUoCz9H1Y2xQnXKznmZGyW5yJ,57.024614,97.976724,67.962133
136500,a5X4fE5zpQbXHp+oiI8u3D+LaVAygcxp6CZTAuhJUoCz9H1Y2xQnXKznmZGyW5yJ,53.392339,64.326161,59.4679
136800,a5X4fE5zpQbXHp+oiI8u3D+LaVAygcxp6CZTAuhJUoCz9H1Y2xQnXKznmZGyW5yJ,55.266749,74.383291,65.29559
137100,a5X4fE5zpQbXHp+oiI8u3D+LaVAygcxp6CZTAuhJUoCz9H1Y2xQnXKznmZGyW5yJ,67.654678,72.598529,69.46131700000001
137400,a5X4fE5zpQbXHp+oiI8u3D+LaVAygcxp6CZTAuhJUoCz9H1Y2xQnXKznmZGyW5yJ,0.000775,29.867506,2.946348
137700,a5X4fE5zpQbXHp+oiI8u3D+LaVAygcxp6CZTAuhJUoCz9H1Y2xQnXKznmZGyW5yJ,0.000788,21.772021,3.422762
138000,a5X4fE5zpQbXHp+oiI8u3D+LaVAygcxp6CZTAuhJUoCz9H1Y2xQnXKznmZGyW5yJ,0.0009220000000000001,98.069455,58.172346
138300,a5X4fE5zpQbXHp+oiI8u3D+LaVAygcxp6CZTAuhJUoCz9H1Y2xQnXKznmZGyW5yJ,0.00122,98.62566,76.411401
138600,a5X4fE5zpQbXHp+oiI8u3D+LaVAygcxp6CZTAuhJUoCz9H1Y2xQnXKznmZGyW5yJ,88.92128100000001,98.081659,93.230358
138900,a5X4fE5zpQbXHp+oiI8u3D+LaVAygcxp6CZTAuhJUoCz9H1Y2xQnXKznmZGyW5yJ,87.742094,98.256235,90.773499
139200,a5X4fE5zpQbXHp+oiI8u3D+LaVAygcxp6CZTAuhJUoCz9H1Y2xQnXKznmZGyW5yJ,85.120648,93.553371,90.459965
139500,a5X4fE5zpQbXHp+oiI8u3D+LaVAygcxp6CZTAuhJUoCz9H1Y2xQnXKznmZGyW5yJ,0.0017829999999999999,98.589617,63.194125
139800,a5X4fE5zpQbXHp+oiI8u3D+LaVAygcxp6CZTAuhJUoCz9H1Y2xQnXKznmZGyW5yJ,85.758207,98.41562900000001,93.38251899999999
140100,a5X4fE5zpQbXHp+oiI8u3D+LaVAygcxp6CZTAuhJUoCz9H1Y2xQnXKznmZGyW5yJ,81.431629,93.459113,89.102988
140400,a5X4fE5zpQbXHp+oiI8u3D+LaVAygcxp6CZTAuhJUoCz9H1Y2xQnXKznmZGyW5yJ,0.001001,98.363867,75.669397
140700,a5X4fE5zpQbXHp+oiI8u3D+LaVAygcxp6CZTAuhJUoCz9H1Y2xQnXKznmZGyW5yJ,0.00086,0.054405999999999996,0.010993000000000001
141000,a5X4fE5zpQbXHp+oiI8u3D+LaVAygcxp6CZTAuhJUoCz9H1Y2xQnXKznmZGyW5yJ,0.000335,0.061127999999999995,0.009193999999999999
141300,a5X4fE5zpQbXHp+oiI8u3D+LaVAygcxp6CZTAuhJUoCz9H1Y2xQnXKznmZGyW5yJ,0.0010199999999999999,0.058486,0.010437
141600,a5X4fE5zpQbXHp+oiI8u3D+LaVAygcxp6CZTAuhJUoCz9H1Y2xQnXKznmZGyW5yJ,0.000354,0.064955,0.009689
141900,a5X4fE5zpQbXHp+oiI8u3D+LaVAygcxp6CZTAuhJUoCz9H1Y2xQnXKznmZGyW5yJ,0.000981,0.053947,0.011962
142200,a5X4fE5zpQbXHp+oiI8u3D+LaVAygcxp6CZTAuhJUoCz9H1Y2xQnXKznmZGyW5yJ,0.00042300000000000004,0.052372,0.009189
142500,a5X4fE5zpQbXHp+oiI8u3D+LaVAygcxp6CZTAuhJUoCz9H1Y2xQnXKznmZGyW5yJ,0.000384,0.064127,0.010789
142800,a5X4fE5zpQbXHp+oiI8u3D+LaVAygcxp6CZTAuhJUoCz9H1Y2xQnXKznmZGyW5yJ,0.000779,93.75941800000001,24.342129
143100,a5X4fE5zpQbXHp+oiI8u3D+LaVAygcxp6CZTAuhJUoCz9H1Y2xQnXKznmZGyW5yJ,69.55973900000001,98.41586099999999,81.107446
143400,a5X4fE5zpQbXHp+oiI8u3D+LaVAygcxp6CZTAuhJUoCz9H1Y2xQnXKznmZGyW5yJ,73.152731,86.993425,80.94349799999999
143700,a5X4fE5zpQbXHp+oiI8u3D+LaVAygcxp6CZTAuhJUoCz9H1Y2xQnXKznmZGyW5yJ,53.551079,86.437603,79.38853
144000,a5X4fE5zpQbXHp+oiI8u3D+LaVAygcxp6CZTAuhJUoCz9H1Y2xQnXKznmZGyW5yJ,0.0008759999999999999,81.101073,13.298604999999998
144300,a5X4fE5zpQbXHp+oiI8u3D+LaVAygcxp6CZTAuhJUoCz9H1Y2xQnXKznmZGyW5yJ,0.000571,0.080813,0.010445999999999999
144600,a5X4fE5zpQbXHp+oiI8u3D+LaVAygcxp6CZTAuhJUoCz9H1Y2xQnXKznmZGyW5yJ,0.0007610000000000001,0.059658,0.010087
144900,a5X4fE5zpQbXHp+oiI8u3D+LaVAygcxp6CZTAuhJUoCz9H1Y2xQnXKznmZGyW5yJ,68.13239399999999,98.478248,79.589577
145200,a5X4fE5zpQbXHp+oiI8u3D+LaVAygcxp6CZTAuhJUoCz9H1Y2xQnXKznmZGyW5yJ,2.219026,79.981565,66.635227
145500,a5X4fE5zpQbXHp+oiI8u3D+LaVAygcxp6CZTAuhJUoCz9H1Y2xQnXKznmZGyW5yJ,0.0012109999999999998,78.977819,51.427603000000005
145800,a5X4fE5zpQbXHp+oiI8u3D+LaVAygcxp6CZTAuhJUoCz9H1Y2xQnXKznmZGyW5yJ,0.000491,0.046136,0.009307
146100,a5X4fE5zpQbXHp+oiI8u3D+LaVAygcxp6CZTAuhJUoCz9H1Y2xQnXKznmZGyW5yJ,0.001338,90.286475,64.31455600000001
146400,a5X4fE5zpQbXHp+oiI8u3D+LaVAygcxp6CZTAuhJUoCz9H1Y2xQnXKznmZGyW5yJ,1.283448,78.88190999999999,64.94745400000001
146700,a5X4fE5zpQbXHp+oiI8u3D+LaVAygcxp6CZTAuhJUoCz9H1Y2xQnXKznmZGyW5yJ,0.000883,74.656695,51.717025
147000,a5X4fE5zpQbXHp+oiI8u3D+LaVAygcxp6CZTAuhJUoCz9H1Y2xQnXKznmZGyW5yJ,0.000532,0.118353,0.010062999999999999
147300,a5X4fE5zpQbXHp+oiI8u3D+LaVAygcxp6CZTAuhJUoCz9H1Y2xQnXKznmZGyW5yJ,0.000926,0.048501,0.010824
147600,a5X4fE5zpQbXHp+oiI8u3D+LaVAygcxp6CZTAuhJUoCz9H1Y2xQnXKznmZGyW5yJ,0.000601,0.061853,0.010048999999999999
147900,a5X4fE5zpQbXHp+oiI8u3D+LaVAygcxp6CZTAuhJUoCz9H1Y2xQnXKznmZGyW5yJ,0.0009310000000000001,98.20613900000001,77.431883
148200,a5X4fE5zpQbXHp+oiI8u3D+LaVAygcxp6CZTAuhJUoCz9H1Y2xQnXKznmZGyW5yJ,71.722503,83.806599,77.491411
148500,a5X4fE5zpQbXHp+oiI8u3D+LaVAygcxp6CZTAuhJUoCz9H1Y2xQnXKznmZGyW5yJ,77.696184,98.36932900000001,82.356378
148800,a5X4fE5zpQbXHp+oiI8u3D+LaVAygcxp6CZTAuhJUoCz9H1Y2xQnXKznmZGyW5yJ,0.001048,81.534932,13.774964
149100,a5X4fE5zpQbXHp+oiI8u3D+LaVAygcxp6CZTAuhJUoCz9H1Y2xQnXKznmZGyW5yJ,0.000384,0.10248099999999999,0.011516
149400,a5X4fE5zpQbXHp+oiI8u3D+LaVAygcxp6CZTAuhJUoCz9H1Y2xQnXKznmZGyW5yJ,0.0007070000000000001,0.062914,0.010371
149700,a5X4fE5zpQbXHp+oiI8u3D+LaVAygcxp6CZTAuhJUoCz9H1Y2xQnXKznmZGyW5yJ,0.000384,0.073528,0.010656
150000,a5X4fE5zpQbXHp+oiI8u3D+LaVAygcxp6CZTAuhJUoCz9H1Y2xQnXKznmZGyW5yJ,0.0008939999999999999,0.056988,0.010115
150300,a5X4fE5zpQbXHp+oiI8u3D+LaVAygcxp6CZTAuhJUoCz9H1Y2xQnXKznmZGyW5yJ,0.000542,0.050298,0.009823
150600,a5X4fE5zpQbXHp+oiI8u3D+LaVAygcxp6CZTAuhJUoCz9H1Y2xQnXKznmZGyW5yJ,0.000571,0.059364,0.009221
150900,a5X4fE5zpQbXHp+oiI8u3D+LaVAygcxp6CZTAuhJUoCz9H1Y2xQnXKznmZGyW5yJ,0.000795,0.065287,0.010704
151200,a5X4fE5zpQbXHp+oiI8u3D+LaVAygcxp6CZTAuhJUoCz9H1Y2xQnXKznmZGyW5yJ,0.000591,0.049262,0.009515000000000001
151500,a5X4fE5zpQbXHp+oiI8u3D+LaVAygcxp6CZTAuhJUoCz9H1Y2xQnXKznmZGyW5yJ,0.000791,0.348659,0.014922999999999999
151800,a5X4fE5zpQbXHp+oiI8u3D+LaVAygcxp6CZTAuhJUoCz9H1Y2xQnXKznmZGyW5yJ,0.000789,0.045761,0.009406999999999999
152100,a5X4fE5zpQbXHp+oiI8u3D+LaVAygcxp6CZTAuhJUoCz9H1Y2xQnXKznmZGyW5yJ,0.0009550000000000001,0.058875,0.011009
152400,a5X4fE5zpQbXHp+oiI8u3D+LaVAygcxp6CZTAuhJUoCz9H1Y2xQnXKznmZGyW5yJ,0.0007379999999999999,0.05574,0.009223
152700,a5X4fE5zpQbXHp+oiI8u3D+LaVAygcxp6CZTAuhJUoCz9H1Y2xQnXKznmZGyW5yJ,0.000997,0.071143,0.011670999999999999
153000,a5X4fE5zpQbXHp+oiI8u3D+LaVAygcxp6CZTAuhJUoCz9H1Y2xQnXKznmZGyW5yJ,0.00066,0.05031,0.009208
153300,a5X4fE5zpQbXHp+oiI8u3D+LaVAygcxp6CZTAuhJUoCz9H1Y2xQnXKznmZGyW5yJ,0.00061,0.059848,0.010206
153600,a5X4fE5zpQbXHp+oiI8u3D+LaVAygcxp6CZTAuhJUoCz9H1Y2xQnXKznmZGyW5yJ,0.0009369999999999999,0.079037,0.010026
153900,a5X4fE5zpQbXHp+oiI8u3D+LaVAygcxp6CZTAuhJUoCz9H1Y2xQnXKznmZGyW5yJ,0.0005809999999999999,0.048437,0.009736
154200,a5X4fE5zpQbXHp+oiI8u3D+LaVAygcxp6CZTAuhJUoCz9H1Y2xQnXKznmZGyW5yJ,0.000828,0.061698,0.010079000000000001
154500,a5X4fE5zpQbXHp+oiI8u3D+LaVAygcxp6CZTAuhJUoCz9H1Y2xQnXKznmZGyW5yJ,0.000551,0.060636,0.010411
154800,a5X4fE5zpQbXHp+oiI8u3D+LaVAygcxp6CZTAuhJUoCz9H1Y2xQnXKznmZGyW5yJ,0.000808,0.055297000000000006,0.010149
155100,a5X4fE5zpQbXHp+oiI8u3D+LaVAygcxp6CZTAuhJUoCz9H1Y2xQnXKznmZGyW5yJ,0.00061,0.667014,0.019037000000000002
155400,a5X4fE5zpQbXHp+oiI8u3D+LaVAygcxp6CZTAuhJUoCz9H1Y2xQnXKznmZGyW5yJ,0.000758,0.049812999999999996,0.010145999999999999
155700,a5X4fE5zpQbXHp+oiI8u3D+LaVAygcxp6CZTAuhJUoCz9H1Y2xQnXKznmZGyW5yJ,0.000384,0.066049,0.010184
156000,a5X4fE5zpQbXHp+oiI8u3D+LaVAygcxp6CZTAuhJUoCz9H1Y2xQnXKznmZGyW5yJ,0.00065,0.055313,0.010149
156300,a5X4fE5zpQbXHp+oiI8u3D+LaVAygcxp6CZTAuhJUoCz9H1Y2xQnXKznmZGyW5yJ,0.0008939999999999999,0.056627,0.011309
156600,a5X4fE5zpQbXHp+oiI8u3D+LaVAygcxp6CZTAuhJUoCz9H1Y2xQnXKznmZGyW5yJ,0.0005610000000000001,0.063205,0.009599
156900,a5X4fE5zpQbXHp+oiI8u3D+LaVAygcxp6CZTAuhJUoCz9H1Y2xQnXKznmZGyW5yJ,0.000768,0.053841999999999994,0.010753
157200,a5X4fE5zpQbXHp+oiI8u3D+LaVAygcxp6CZTAuhJUoCz9H1Y2xQnXKznmZGyW5yJ,0.000384,0.050074,0.009512
157500,a5X4fE5zpQbXHp+oiI8u3D+LaVAygcxp6CZTAuhJUoCz9H1Y2xQnXKznmZGyW5yJ,0.0009519999999999999,0.069698,0.010584
157800,a5X4fE5zpQbXHp+oiI8u3D+LaVAygcxp6CZTAuhJUoCz9H1Y2xQnXKznmZGyW5yJ,0.000532,0.057412,0.009617
158100,a5X4fE5zpQbXHp+oiI8u3D+LaVAygcxp6CZTAuhJUoCz9H1Y2xQnXKznmZGyW5yJ,0.0009050000000000001,0.07256900000000001,0.010627
158400,a5X4fE5zpQbXHp+oiI8u3D+LaVAygcxp6CZTAuhJUoCz9H1Y2xQnXKznmZGyW5yJ,0.000512,0.070551,0.009759
158700,a5X4fE5zpQbXHp+oiI8u3D+LaVAygcxp6CZTAuhJUoCz9H1Y2xQnXKznmZGyW5yJ,0.000335,0.07194600000000001,0.010298
159000,a5X4fE5zpQbXHp+oiI8u3D+LaVAygcxp6CZTAuhJUoCz9H1Y2xQnXKznmZGyW5yJ,0.000817,0.05561,0.010143000000000001
159300,a5X4fE5zpQbXHp+oiI8u3D+LaVAygcxp6CZTAuhJUoCz9H1Y2xQnXKznmZGyW5yJ,0.000443,0.063791,0.010375
159600,a5X4fE5zpQbXHp+oiI8u3D+LaVAygcxp6CZTAuhJUoCz9H1Y2xQnXKznmZGyW5yJ,0.000771,0.065958,0.010055
159900,a5X4fE5zpQbXHp+oiI8u3D+LaVAygcxp6CZTAuhJUoCz9H1Y2xQnXKznmZGyW5yJ,0.00081,0.05397999999999999,0.010971
160200,a5X4fE5zpQbXHp+oiI8u3D+LaVAygcxp6CZTAuhJUoCz9H1Y2xQnXKznmZGyW5yJ,0.0009369999999999999,0.050279000000000004,0.010148
160500,a5X4fE5zpQbXHp+oiI8u3D+LaVAygcxp6CZTAuhJUoCz9H1Y2xQnXKznmZGyW5yJ,0.000936,0.060777,0.009934
160800,a5X4fE5zpQbXHp+oiI8u3D+LaVAygcxp6CZTAuhJUoCz9H1Y2xQnXKznmZGyW5yJ,0.000825,0.056889999999999996,0.010103
161100,a5X4fE5zpQbXHp+oiI8u3D+LaVAygcxp6CZTAuhJUoCz9H1Y2xQnXKznmZGyW5yJ,0.000414,0.058034,0.010683
161400,a5X4fE5zpQbXHp+oiI8u3D+LaVAygcxp6CZTAuhJUoCz9H1Y2xQnXKznmZGyW5yJ,0.000502,0.070487,0.010027
161700,a5X4fE5zpQbXHp+oiI8u3D+LaVAygcxp6CZTAuhJUoCz9H1Y2xQnXKznmZGyW5yJ,0.000779,0.078806,0.011078
162000,a5X4fE5zpQbXHp+oiI8u3D+LaVAygcxp6CZTAuhJUoCz9H1Y2xQnXKznmZGyW5yJ,0.00037400000000000004,0.059477999999999996,0.009696
162300,a5X4fE5zpQbXHp+oiI8u3D+LaVAygcxp6CZTAuhJUoCz9H1Y2xQnXKznmZGyW5yJ,0.000795,0.069117,0.010688
162600,a5X4fE5zpQbXHp+oiI8u3D+LaVAygcxp6CZTAuhJUoCz9H1Y2xQnXKznmZGyW5yJ,0.000305,0.053058,0.009401999999999999
162900,a5X4fE5zpQbXHp+oiI8u3D+LaVAygcxp6CZTAuhJUoCz9H1Y2xQnXKznmZGyW5yJ,0.000699,0.053777,0.010636
163200,a5X4fE5zpQbXHp+oiI8u3D+LaVAygcxp6CZTAuhJUoCz9H1Y2xQnXKznmZGyW5yJ,0.000571,0.06647,0.009158
163500,a5X4fE5zpQbXHp+oiI8u3D+LaVAygcxp6CZTAuhJUoCz9H1Y2xQnXKznmZGyW5yJ,0.000723,0.06517300000000001,0.011505
163800,a5X4fE5zpQbXHp+oiI8u3D+LaVAygcxp6CZTAuhJUoCz9H1Y2xQnXKznmZGyW5yJ,0.000699,0.054155999999999996,0.009847
164100,a5X4fE5zpQbXHp+oiI8u3D+LaVAygcxp6CZTAuhJUoCz9H1Y2xQnXKznmZGyW5yJ,0.000522,0.056545000000000005,0.00983
164400,a5X4fE5zpQbXHp+oiI8u3D+LaVAygcxp6CZTAuhJUoCz9H1Y2xQnXKznmZGyW5yJ,0.000768,0.072653,0.010015000000000001
164700,a5X4fE5zpQbXHp+oiI8u3D+LaVAygcxp6CZTAuhJUoCz9H1Y2xQnXKznmZGyW5yJ,0.000522,0.064539,0.009795
165000,a5X4fE5zpQbXHp+oiI8u3D+LaVAygcxp6CZTAuhJUoCz9H1Y2xQnXKznmZGyW5yJ,0.0007610000000000001,0.05658099999999999,0.010104
165300,a5X4fE5zpQbXHp+oiI8u3D+LaVAygcxp6CZTAuhJUoCz9H1Y2xQnXKznmZGyW5yJ,0.000414,0.063553,0.009948
165600,a5X4fE5zpQbXHp+oiI8u3D+LaVAygcxp6CZTAuhJUoCz9H1Y2xQnXKznmZGyW5yJ,0.000718,0.060003999999999995,0.010182
165900,a5X4fE5zpQbXHp+oiI8u3D+LaVAygcxp6CZTAuhJUoCz9H1Y2xQnXKznmZGyW5yJ,0.000551,0.058373,0.010612
166200,a5X4fE5zpQbXHp+oiI8u3D+LaVAygcxp6CZTAuhJUoCz9H1Y2xQnXKznmZGyW5yJ,0.0008470000000000001,0.065438,0.010179
166500,a5X4fE5zpQbXHp+oiI8u3D+LaVAygcxp6CZTAuhJUoCz9H1Y2xQnXKznmZGyW5yJ,0.000709,0.055899000000000004,0.010182
166800,a5X4fE5zpQbXHp+oiI8u3D+LaVAygcxp6CZTAuhJUoCz9H1Y2xQnXKznmZGyW5yJ,0.000551,0.055826,0.009918000000000001
167100,a5X4fE5zpQbXHp+oiI8u3D+LaVAygcxp6CZTAuhJUoCz9H1Y2xQnXKznmZGyW5yJ,0.000842,0.056264,0.011892
167400,a5X4fE5zpQbXHp+oiI8u3D+LaVAygcxp6CZTAuhJUoCz9H1Y2xQnXKznmZGyW5yJ,0.000762,0.492226,0.014100999999999999
167700,a5X4fE5zpQbXHp+oiI8u3D+LaVAygcxp6CZTAuhJUoCz9H1Y2xQnXKznmZGyW5yJ,0.000772,0.062099,0.010813
168000,a5X4fE5zpQbXHp+oiI8u3D+LaVAygcxp6CZTAuhJUoCz9H1Y2xQnXKznmZGyW5yJ,0.000571,0.07604,0.009572
168300,a5X4fE5zpQbXHp+oiI8u3D+LaVAygcxp6CZTAuhJUoCz9H1Y2xQnXKznmZGyW5yJ,0.000799,0.053658000000000004,0.010855
168600,a5X4fE5zpQbXHp+oiI8u3D+LaVAygcxp6CZTAuhJUoCz9H1Y2xQnXKznmZGyW5yJ,0.00037400000000000004,0.07426,0.009802
168900,a5X4fE5zpQbXHp+oiI8u3D+LaVAygcxp6CZTAuhJUoCz9H1Y2xQnXKznmZGyW5yJ,0.000839,0.051989999999999995,0.010361
169200,a5X4fE5zpQbXHp+oiI8u3D+LaVAygcxp6CZTAuhJUoCz9H1Y2xQnXKznmZGyW5yJ,0.000482,0.06501699999999999,0.009413
169500,a5X4fE5zpQbXHp+oiI8u3D+LaVAygcxp6CZTAuhJUoCz9H1Y2xQnXKznmZGyW5yJ,0.000463,0.056685,0.010197
169800,a5X4fE5zpQbXHp+oiI8u3D+LaVAygcxp6CZTAuhJUoCz9H1Y2xQnXKznmZGyW5yJ,0.0007830000000000001,0.055915,0.010199
170100,a5X4fE5zpQbXHp+oiI8u3D+LaVAygcxp6CZTAuhJUoCz9H1Y2xQnXKznmZGyW5yJ,0.0005809999999999999,0.057448,0.010306999999999998
170400,a5X4fE5zpQbXHp+oiI8u3D+LaVAygcxp6CZTAuhJUoCz9H1Y2xQnXKznmZGyW5yJ,0.0008150000000000001,0.066527,0.01011
170700,a5X4fE5zpQbXHp+oiI8u3D+LaVAygcxp6CZTAuhJUoCz9H1Y2xQnXKznmZGyW5yJ,0.000463,0.054444000000000006,0.011242
171000,a5X4fE5zpQbXHp+oiI8u3D+LaVAygcxp6CZTAuhJUoCz9H1Y2xQnXKznmZGyW5yJ,0.000651,0.06377000000000001,0.010072
171300,a5X4fE5zpQbXHp+oiI8u3D+LaVAygcxp6CZTAuhJUoCz9H1Y2xQnXKznmZGyW5yJ,0.000918,0.04924,0.010513
171600,a5X4fE5zpQbXHp+oiI8u3D+LaVAygcxp6CZTAuhJUoCz9H1Y2xQnXKznmZGyW5yJ,0.000661,0.052766999999999994,0.010104
171900,a5X4fE5zpQbXHp+oiI8u3D+LaVAygcxp6CZTAuhJUoCz9H1Y2xQnXKznmZGyW5yJ,0.000813,0.071393,0.010791
172200,a5X4fE5zpQbXHp+oiI8u3D+LaVAygcxp6CZTAuhJUoCz9H1Y2xQnXKznmZGyW5yJ,0.000758,0.071225,0.009715000000000001
172500,a5X4fE5zpQbXHp+oiI8u3D+LaVAygcxp6CZTAuhJUoCz9H1Y2xQnXKznmZGyW5yJ,0.000799,0.05171900000000001,0.010808
172800,a5X4fE5zpQbXHp+oiI8u3D+LaVAygcxp6CZTAuhJUoCz9H1Y2xQnXKznmZGyW5yJ,0.000872,0.052501,0.009951999999999999
173100,a5X4fE5zpQbXHp+oiI8u3D+LaVAygcxp6CZTAuhJUoCz9H1Y2xQnXKznmZGyW5yJ,0.000782,0.05042,0.010515
173400,a5X4fE5zpQbXHp+oiI8u3D+LaVAygcxp6CZTAuhJUoCz9H1Y2xQnXKznmZGyW5yJ,0.000817,0.047716,0.009386
173700,a5X4fE5zpQbXHp+oiI8u3D+LaVAygcxp6CZTAuhJUoCz9H1Y2xQnXKznmZGyW5yJ,0.0008300000000000001,0.07279400000000001,0.010903
174000,a5X4fE5zpQbXHp+oiI8u3D+LaVAygcxp6CZTAuhJUoCz9H1Y2xQnXKznmZGyW5yJ,0.000889,0.075167,0.009727
174300,a5X4fE5zpQbXHp+oiI8u3D+LaVAygcxp6CZTAuhJUoCz9H1Y2xQnXKznmZGyW5yJ,0.000828,0.055419,0.011528
174600,a5X4fE5zpQbXHp+oiI8u3D+LaVAygcxp6CZTAuhJUoCz9H1Y2xQnXKznmZGyW5yJ,0.000788,0.051195,0.009372
174900,a5X4fE5zpQbXHp+oiI8u3D+LaVAygcxp6CZTAuhJUoCz9H1Y2xQnXKznmZGyW5yJ,0.0007469999999999999,0.076153,0.010743
175200,a5X4fE5zpQbXHp+oiI8u3D+LaVAygcxp6CZTAuhJUoCz9H1Y2xQnXKznmZGyW5yJ,0.000822,0.056253,0.010036
175500,a5X4fE5zpQbXHp+oiI8u3D+LaVAygcxp6CZTAuhJUoCz9H1Y2xQnXKznmZGyW5yJ,0.00073,0.057399,0.010143000000000001
175800,a5X4fE5zpQbXHp+oiI8u3D+LaVAygcxp6CZTAuhJUoCz9H1Y2xQnXKznmZGyW5yJ,0.000865,0.064969,0.009965
176100,a5X4fE5zpQbXHp+oiI8u3D+LaVAygcxp6CZTAuhJUoCz9H1Y2xQnXKznmZGyW5yJ,0.000404,0.05363099999999999,0.010301000000000001
176400,a5X4fE5zpQbXHp+oiI8u3D+LaVAygcxp6CZTAuhJUoCz9H1Y2xQnXKznmZGyW5yJ,0.000731,0.06093099999999999,0.01009
176700,a5X4fE5zpQbXHp+oiI8u3D+LaVAygcxp6CZTAuhJUoCz9H1Y2xQnXKznmZGyW5yJ,0.000482,0.704238,0.019958
177000,a5X4fE5zpQbXHp+oiI8u3D+LaVAygcxp6CZTAuhJUoCz9H1Y2xQnXKznmZGyW5yJ,0.0008470000000000001,0.08301599999999999,0.010228000000000001
177300,a5X4fE5zpQbXHp+oiI8u3D+LaVAygcxp6CZTAuhJUoCz9H1Y2xQnXKznmZGyW5yJ,0.000453,0.060322,0.009983
177600,a5X4fE5zpQbXHp+oiI8u3D+LaVAygcxp6CZTAuhJUoCz9H1Y2xQnXKznmZGyW5yJ,0.000394,0.056704,0.010263
177900,a5X4fE5zpQbXHp+oiI8u3D+LaVAygcxp6CZTAuhJUoCz9H1Y2xQnXKznmZGyW5yJ,0.0009019999999999999,0.05421599999999999,0.01174
178200,a5X4fE5zpQbXHp+oiI8u3D+LaVAygcxp6CZTAuhJUoCz9H1Y2xQnXKznmZGyW5yJ,0.000364,0.06468600000000001,0.009621
178500,a5X4fE5zpQbXHp+oiI8u3D+LaVAygcxp6CZTAuhJUoCz9H1Y2xQnXKznmZGyW5yJ,0.000814,0.070137,0.010511
178800,a5X4fE5zpQbXHp+oiI8u3D+LaVAygcxp6CZTAuhJUoCz9H1Y2xQnXKznmZGyW5yJ,0.000551,0.05472899999999999,0.009590000000000001
179100,a5X4fE5zpQbXHp+oiI8u3D+LaVAygcxp6CZTAuhJUoCz9H1Y2xQnXKznmZGyW5yJ,0.00081,0.070339,0.010848
179400,a5X4fE5zpQbXHp+oiI8u3D+LaVAygcxp6CZTAuhJUoCz9H1Y2xQnXKznmZGyW5yJ,0.00037400000000000004,0.048438,0.009762
179700,a5X4fE5zpQbXHp+oiI8u3D+LaVAygcxp6CZTAuhJUoCz9H1Y2xQnXKznmZGyW5yJ,0.000759,0.060065999999999994,0.010845
180000,a5X4fE5zpQbXHp+oiI8u3D+LaVAygcxp6CZTAuhJUoCz9H1Y2xQnXKznmZGyW5yJ,0.00064,0.08039199999999999,0.009433
180300,a5X4fE5zpQbXHp+oiI8u3D+LaVAygcxp6CZTAuhJUoCz9H1Y2xQnXKznmZGyW5yJ,0.000532,0.066887,0.010128
180600,a5X4fE5zpQbXHp+oiI8u3D+LaVAygcxp6CZTAuhJUoCz9H1Y2xQnXKznmZGyW5yJ,0.0006940000000000001,0.06834,0.010098000000000001
180900,a5X4fE5zpQbXHp+oiI8u3D+LaVAygcxp6CZTAuhJUoCz9H1Y2xQnXKznmZGyW5yJ,0.000453,0.062187,0.010045
181200,a5X4fE5zpQbXHp+oiI8u3D+LaVAygcxp6CZTAuhJUoCz9H1Y2xQnXKznmZGyW5yJ,0.000782,0.05997,0.009932999999999999
181500,a5X4fE5zpQbXHp+oiI8u3D+LaVAygcxp6CZTAuhJUoCz9H1Y2xQnXKznmZGyW5yJ,0.00034500000000000004,0.065999,0.010575
181800,a5X4fE5zpQbXHp+oiI8u3D+LaVAygcxp6CZTAuhJUoCz9H1Y2xQnXKznmZGyW5yJ,0.0008029999999999999,0.060684,0.009861
182100,a5X4fE5zpQbXHp+oiI8u3D+LaVAygcxp6CZTAuhJUoCz9H1Y2xQnXKznmZGyW5yJ,0.000482,0.056205,0.010183
182400,a5X4fE5zpQbXHp+oiI8u3D+LaVAygcxp6CZTAuhJUoCz9H1Y2xQnXKznmZGyW5yJ,0.0007639999999999999,0.051323,0.009877
182700,a5X4fE5zpQbXHp+oiI8u3D+LaVAygcxp6CZTAuhJUoCz9H1Y2xQnXKznmZGyW5yJ,0.000492,0.077235,0.00978
183000,a5X4fE5zpQbXHp+oiI8u3D+LaVAygcxp6CZTAuhJUoCz9H1Y2xQnXKznmZGyW5yJ,0.000542,0.06916699999999999,0.009687000000000001
183300,a5X4fE5zpQbXHp+oiI8u3D+LaVAygcxp6CZTAuhJUoCz9H1Y2xQnXKznmZGyW5yJ,0.000676,0.054347,0.010661
183600,a5X4fE5zpQbXHp+oiI8u3D+LaVAygcxp6CZTAuhJUoCz9H1Y2xQnXKznmZGyW5yJ,0.000728,0.063429,0.00955
183900,a5X4fE5zpQbXHp+oiI8u3D+LaVAygcxp6CZTAuhJUoCz9H1Y2xQnXKznmZGyW5yJ,0.000772,0.065575,0.010652
184200,a5X4fE5zpQbXHp+oiI8u3D+LaVAygcxp6CZTAuhJUoCz9H1Y2xQnXKznmZGyW5yJ,0.0005809999999999999,0.049792,0.010034999999999999
184500,a5X4fE5zpQbXHp+oiI8u3D+LaVAygcxp6CZTAuhJUoCz9H1Y2xQnXKznmZGyW5yJ,0.000742,0.058727,0.010768999999999999
184800,a5X4fE5zpQbXHp+oiI8u3D+LaVAygcxp6CZTAuhJUoCz9H1Y2xQnXKznmZGyW5yJ,0.00042300000000000004,0.049067,0.009818
185100,a5X4fE5zpQbXHp+oiI8u3D+LaVAygcxp6CZTAuhJUoCz9H1Y2xQnXKznmZGyW5yJ,0.0009,0.06959,0.011607
185400,a5X4fE5zpQbXHp+oiI8u3D+LaVAygcxp6CZTAuhJUoCz9H1Y2xQnXKznmZGyW5yJ,0.000394,0.049571,0.009866
185700,a5X4fE5zpQbXHp+oiI8u3D+LaVAygcxp6CZTAuhJUoCz9H1Y2xQnXKznmZGyW5yJ,0.00034500000000000004,0.046955000000000004,0.010320999999999999
186000,a5X4fE5zpQbXHp+oiI8u3D+LaVAygcxp6CZTAuhJUoCz9H1Y2xQnXKznmZGyW5yJ,0.0008089999999999999,0.064299,0.009656
186300,a5X4fE5zpQbXHp+oiI8u3D+LaVAygcxp6CZTAuhJUoCz9H1Y2xQnXKznmZGyW5yJ,0.000571,0.059495000000000006,0.010443000000000001
186600,a5X4fE5zpQbXHp+oiI8u3D+LaVAygcxp6CZTAuhJUoCz9H1Y2xQnXKznmZGyW5yJ,0.000865,0.061942,0.009836
186900,a5X4fE5zpQbXHp+oiI8u3D+LaVAygcxp6CZTAuhJUoCz9H1Y2xQnXKznmZGyW5yJ,0.000463,0.648171,0.020488
187200,a5X4fE5zpQbXHp+oiI8u3D+LaVAygcxp6CZTAuhJUoCz9H1Y2xQnXKznmZGyW5yJ,0.000808,0.077072,0.009918000000000001
187500,a5X4fE5zpQbXHp+oiI8u3D+LaVAygcxp6CZTAuhJUoCz9H1Y2xQnXKznmZGyW5yJ,0.000532,0.052341,0.01096
187800,a5X4fE5zpQbXHp+oiI8u3D+LaVAygcxp6CZTAuhJUoCz9H1Y2xQnXKznmZGyW5yJ,0.00081,0.06727999999999999,0.009892
188100,a5X4fE5zpQbXHp+oiI8u3D+LaVAygcxp6CZTAuhJUoCz9H1Y2xQnXKznmZGyW5yJ,0.000753,0.056103,0.010606
188400,a5X4fE5zpQbXHp+oiI8u3D+LaVAygcxp6CZTAuhJUoCz9H1Y2xQnXKznmZGyW5yJ,0.000512,0.068466,0.010069
188700,a5X4fE5zpQbXHp+oiI8u3D+LaVAygcxp6CZTAuhJUoCz9H1Y2xQnXKznmZGyW5yJ,0.0008869999999999999,0.056001999999999996,0.011672
189000,a5X4fE5zpQbXHp+oiI8u3D+LaVAygcxp6CZTAuhJUoCz9H1Y2xQnXKznmZGyW5yJ,0.000611,0.077774,0.010376
189300,a5X4fE5zpQbXHp+oiI8u3D+LaVAygcxp6CZTAuhJUoCz9H1Y2xQnXKznmZGyW5yJ,0.000775,0.045765,0.010702
189600,a5X4fE5zpQbXHp+oiI8u3D+LaVAygcxp6CZTAuhJUoCz9H1Y2xQnXKznmZGyW5yJ,0.000394,0.063206,0.010005
189900,a5X4fE5zpQbXHp+oiI8u3D+LaVAygcxp6CZTAuhJUoCz9H1Y2xQnXKznmZGyW5yJ,0.0008,0.052212,0.010748
190200,a5X4fE5zpQbXHp+oiI8u3D+LaVAygcxp6CZTAuhJUoCz9H1Y2xQnXKznmZGyW5yJ,0.000502,0.053610000000000005,0.009339
190500,a5X4fE5zpQbXHp+oiI8u3D+LaVAygcxp6CZTAuhJUoCz9H1Y2xQnXKznmZGyW5yJ,0.0008150000000000001,0.053035,0.010687
190800,a5X4fE5zpQbXHp+oiI8u3D+LaVAygcxp6CZTAuhJUoCz9H1Y2xQnXKznmZGyW5yJ,0.000571,0.072128,0.009489000000000001
191100,a5X4fE5zpQbXHp+oiI8u3D+LaVAygcxp6CZTAuhJUoCz9H1Y2xQnXKznmZGyW5yJ,0.000335,0.09068999999999999,0.010659
191400,a5X4fE5zpQbXHp+oiI8u3D+LaVAygcxp6CZTAuhJUoCz9H1Y2xQnXKznmZGyW5yJ,0.000816,0.057678999999999994,0.01004
191700,a5X4fE5zpQbXHp+oiI8u3D+LaVAygcxp6CZTAuhJUoCz9H1Y2xQnXKznmZGyW5yJ,0.000752,0.075323,0.010833
192000,a5X4fE5zpQbXHp+oiI8u3D+LaVAygcxp6CZTAuhJUoCz9H1Y2xQnXKznmZGyW5yJ,0.000779,0.046,0.009970999999999999
192300,a5X4fE5zpQbXHp+oiI8u3D+LaVAygcxp6CZTAuhJUoCz9H1Y2xQnXKznmZGyW5yJ,0.00064,0.067116,0.011649
192600,a5X4fE5zpQbXHp+oiI8u3D+LaVAygcxp6CZTAuhJUoCz9H1Y2xQnXKznmZGyW5yJ,0.00073,0.064974,0.010012
192900,a5X4fE5zpQbXHp+oiI8u3D+LaVAygcxp6CZTAuhJUoCz9H1Y2xQnXKznmZGyW5yJ,0.000611,0.077223,0.010583
193200,a5X4fE5zpQbXHp+oiI8u3D+LaVAygcxp6CZTAuhJUoCz9H1Y2xQnXKznmZGyW5yJ,0.000729,0.047864,0.009981
193500,a5X4fE5zpQbXHp+oiI8u3D+LaVAygcxp6CZTAuhJUoCz9H1Y2xQnXKznmZGyW5yJ,0.0005809999999999999,0.07725499999999999,0.010796
193800,a5X4fE5zpQbXHp+oiI8u3D+LaVAygcxp6CZTAuhJUoCz9H1Y2xQnXKznmZGyW5yJ,0.000679,0.085296,0.010503
194100,a5X4fE5zpQbXHp+oiI8u3D+LaVAygcxp6CZTAuhJUoCz9H1Y2xQnXKznmZGyW5yJ,0.0008439999999999999,0.056202999999999996,0.010577
194400,a5X4fE5zpQbXHp+oiI8u3D+LaVAygcxp6CZTAuhJUoCz9H1Y2xQnXKznmZGyW5yJ,0.000758,0.089013,0.010381999999999999
194700,a5X4fE5zpQbXHp+oiI8u3D+LaVAygcxp6CZTAuhJUoCz9H1Y2xQnXKznmZGyW5yJ,0.000766,0.048277,0.010565999999999999
195000,a5X4fE5zpQbXHp+oiI8u3D+LaVAygcxp6CZTAuhJUoCz9H1Y2xQnXKznmZGyW5yJ,0.000669,0.08444199999999999,0.009912
195300,a5X4fE5zpQbXHp+oiI8u3D+LaVAygcxp6CZTAuhJUoCz9H1Y2xQnXKznmZGyW5yJ,0.000857,0.064207,0.010674
195600,a5X4fE5zpQbXHp+oiI8u3D+LaVAygcxp6CZTAuhJUoCz9H1Y2xQnXKznmZGyW5yJ,0.0008460000000000001,0.086014,0.010118
195900,a5X4fE5zpQbXHp+oiI8u3D+LaVAygcxp6CZTAuhJUoCz9H1Y2xQnXKznmZGyW5yJ,0.000895,0.059546,0.011486
196200,a5X4fE5zpQbXHp+oiI8u3D+LaVAygcxp6CZTAuhJUoCz9H1Y2xQnXKznmZGyW5yJ,0.000681,0.691638,0.020663
196500,a5X4fE5zpQbXHp+oiI8u3D+LaVAygcxp6CZTAuhJUoCz9H1Y2xQnXKznmZGyW5yJ,0.000935,0.081565,0.010744
196800,a5X4fE5zpQbXHp+oiI8u3D+LaVAygcxp6CZTAuhJUoCz9H1Y2xQnXKznmZGyW5yJ,0.0008380000000000001,0.047386000000000005,0.009883
197100,a5X4fE5zpQbXHp+oiI8u3D+LaVAygcxp6CZTAuhJUoCz9H1Y2xQnXKznmZGyW5yJ,0.000717,0.076049,0.010882
197400,a5X4fE5zpQbXHp+oiI8u3D+LaVAygcxp6CZTAuhJUoCz9H1Y2xQnXKznmZGyW5yJ,0.000784,0.067788,0.009844
197700,a5X4fE5zpQbXHp+oiI8u3D+LaVAygcxp6CZTAuhJUoCz9H1Y2xQnXKznmZGyW5yJ,0.000817,0.080384,0.010873
198000,a5X4fE5zpQbXHp+oiI8u3D+LaVAygcxp6CZTAuhJUoCz9H1Y2xQnXKznmZGyW5yJ,0.000877,0.059658,0.00988
198300,a5X4fE5zpQbXHp+oiI8u3D+LaVAygcxp6CZTAuhJUoCz9H1Y2xQnXKznmZGyW5yJ,0.000833,0.087425,0.010486
198600,a5X4fE5zpQbXHp+oiI8u3D+LaVAygcxp6CZTAuhJUoCz9H1Y2xQnXKznmZGyW5yJ,0.0008810000000000001,0.055413,0.009962
198900,a5X4fE5zpQbXHp+oiI8u3D+LaVAygcxp6CZTAuhJUoCz9H1Y2xQnXKznmZGyW5yJ,0.0008150000000000001,0.07296,0.010824
199200,a5X4fE5zpQbXHp+oiI8u3D+LaVAygcxp6CZTAuhJUoCz9H1Y2xQnXKznmZGyW5yJ,0.000813,0.083121,0.010020999999999999
199500,a5X4fE5zpQbXHp+oiI8u3D+LaVAygcxp6CZTAuhJUoCz9H1Y2xQnXKznmZGyW5yJ,0.000709,0.093076,0.011515000000000001
199800,a5X4fE5zpQbXHp+oiI8u3D+LaVAygcxp6CZTAuhJUoCz9H1Y2xQnXKznmZGyW5yJ,0.000691,0.062859,0.009935
200100,a5X4fE5zpQbXHp+oiI8u3D+LaVAygcxp6CZTAuhJUoCz9H1Y2xQnXKznmZGyW5yJ,0.0008060000000000001,0.056486,0.010724
200400,a5X4fE5zpQbXHp+oiI8u3D+LaVAygcxp6CZTAuhJUoCz9H1Y2xQnXKznmZGyW5yJ,0.00063,0.07349,0.010074
200700,a5X4fE5zpQbXHp+oiI8u3D+LaVAygcxp6CZTAuhJUoCz9H1Y2xQnXKznmZGyW5yJ,0.0008119999999999999,0.070836,0.010616
201000,a5X4fE5zpQbXHp+oiI8u3D+LaVAygcxp6CZTAuhJUoCz9H1Y2xQnXKznmZGyW5yJ,0.000394,0.059638,0.009159
201300,a5X4fE5zpQbXHp+oiI8u3D+LaVAygcxp6CZTAuhJUoCz9H1Y2xQnXKznmZGyW5yJ,0.00066,0.071006,0.010406
201600,a5X4fE5zpQbXHp+oiI8u3D+LaVAygcxp6CZTAuhJUoCz9H1Y2xQnXKznmZGyW5yJ,0.000414,0.048422,0.009452
201900,a5X4fE5zpQbXHp+oiI8u3D+LaVAygcxp6CZTAuhJUoCz9H1Y2xQnXKznmZGyW5yJ,0.000443,0.06934,0.009701999999999999
202200,a5X4fE5zpQbXHp+oiI8u3D+LaVAygcxp6CZTAuhJUoCz9H1Y2xQnXKznmZGyW5yJ,0.0006799999999999999,0.055952999999999996,0.009903
202500,a5X4fE5zpQbXHp+oiI8u3D+LaVAygcxp6CZTAuhJUoCz9H1Y2xQnXKznmZGyW5yJ,0.000571,0.059102999999999996,0.009802
202800,a5X4fE5zpQbXHp+oiI8u3D+LaVAygcxp6CZTAuhJUoCz9H1Y2xQnXKznmZGyW5yJ,0.0007559999999999999,0.059234,0.009798000000000001
203100,a5X4fE5zpQbXHp+oiI8u3D+LaVAygcxp6CZTAuhJUoCz9H1Y2xQnXKznmZGyW5yJ,0.000571,0.058825999999999996,0.010655
203400,a5X4fE5zpQbXHp+oiI8u3D+LaVAygcxp6CZTAuhJUoCz9H1Y2xQnXKznmZGyW5yJ,0.000728,0.066063,0.009899
203700,a5X4fE5zpQbXHp+oiI8u3D+LaVAygcxp6CZTAuhJUoCz9H1Y2xQnXKznmZGyW5yJ,0.000817,0.054834,0.01013
204000,a5X4fE5zpQbXHp+oiI8u3D+LaVAygcxp6CZTAuhJUoCz9H1Y2xQnXKznmZGyW5yJ,0.000797,0.055372000000000005,0.009826999999999999
204300,a5X4fE5zpQbXHp+oiI8u3D+LaVAygcxp6CZTAuhJUoCz9H1Y2xQnXKznmZGyW5yJ,0.000699,0.051396000000000004,0.009640000000000001
204600,a5X4fE5zpQbXHp+oiI8u3D+LaVAygcxp6CZTAuhJUoCz9H1Y2xQnXKznmZGyW5yJ,0.000354,0.053324,0.009455
204900,a5X4fE5zpQbXHp+oiI8u3D+LaVAygcxp6CZTAuhJUoCz9H1Y2xQnXKznmZGyW5yJ,0.000734,0.048186,0.010704
205200,a5X4fE5zpQbXHp+oiI8u3D+LaVAygcxp6CZTAuhJUoCz9H1Y2xQnXKznmZGyW5yJ,0.000512,1.21354,0.018890999999999998
205500,a5X4fE5zpQbXHp+oiI8u3D+LaVAygcxp6CZTAuhJUoCz9H1Y2xQnXKznmZGyW5yJ,0.776342,93.798831,76.94188199999999
205800,a5X4fE5zpQbXHp+oiI8u3D+LaVAygcxp6CZTAuhJUoCz9H1Y2xQnXKznmZGyW5yJ,70.19010899999999,98.17189300000001,76.66035600000001
206100,a5X4fE5zpQbXHp+oiI8u3D+LaVAygcxp6CZTAuhJUoCz9H1Y2xQnXKznmZGyW5yJ,0.001243,76.570799,57.248525
206400,a5X4fE5zpQbXHp+oiI8u3D+LaVAygcxp6CZTAuhJUoCz9H1Y2xQnXKznmZGyW5yJ,0.0008320000000000001,98.505392,62.285833
206700,a5X4fE5zpQbXHp+oiI8u3D+LaVAygcxp6CZTAuhJUoCz9H1Y2xQnXKznmZGyW5yJ,0.00109,79.56047,53.660332
207000,a5X4fE5zpQbXHp+oiI8u3D+LaVAygcxp6CZTAuhJUoCz9H1Y2xQnXKznmZGyW5yJ,67.244322,98.43140799999999,79.10803100000001
207300,a5X4fE5zpQbXHp+oiI8u3D+LaVAygcxp6CZTAuhJUoCz9H1Y2xQnXKznmZGyW5yJ,62.091037,75.481335,66.634512
207600,a5X4fE5zpQbXHp+oiI8u3D+LaVAygcxp6CZTAuhJUoCz9H1Y2xQnXKznmZGyW5yJ,61.009337,98.648358,74.652271
207900,a5X4fE5zpQbXHp+oiI8u3D+LaVAygcxp6CZTAuhJUoCz9H1Y2xQnXKznmZGyW5yJ,0.000453,89.71894300000001,27.397990000000004
208200,a5X4fE5zpQbXHp+oiI8u3D+LaVAygcxp6CZTAuhJUoCz9H1Y2xQnXKznmZGyW5yJ,0.0009220000000000001,94.139701,55.868896
208500,a5X4fE5zpQbXHp+oiI8u3D+LaVAygcxp6CZTAuhJUoCz9H1Y2xQnXKznmZGyW5yJ,75.57198100000001,98.086653,85.16420699999999
208800,a5X4fE5zpQbXHp+oiI8u3D+LaVAygcxp6CZTAuhJUoCz9H1Y2xQnXKznmZGyW5yJ,0.001241,92.709007,68.151549
209100,a5X4fE5zpQbXHp+oiI8u3D+LaVAygcxp6CZTAuhJUoCz9H1Y2xQnXKznmZGyW5yJ,0.001113,0.055987999999999996,0.010395999999999999
209400,a5X4fE5zpQbXHp+oiI8u3D+LaVAygcxp6CZTAuhJUoCz9H1Y2xQnXKznmZGyW5yJ,0.00101,75.102408,27.527257000000002
209700,a5X4fE5zpQbXHp+oiI8u3D+LaVAygcxp6CZTAuhJUoCz9H1Y2xQnXKznmZGyW5yJ,0.000799,97.890447,21.45723
210000,a5X4fE5zpQbXHp+oiI8u3D+LaVAygcxp6CZTAuhJUoCz9H1Y2xQnXKznmZGyW5yJ,0.000927,68.973871,23.891932999999998
210300,a5X4fE5zpQbXHp+oiI8u3D+LaVAygcxp6CZTAuhJUoCz9H1Y2xQnXKznmZGyW5yJ,0.000964,67.282503,17.736786
210600,a5X4fE5zpQbXHp+oiI8u3D+LaVAygcxp6CZTAuhJUoCz9H1Y2xQnXKznmZGyW5yJ,0.0009710000000000001,79.664789,16.428629
210900,a5X4fE5zpQbXHp+oiI8u3D+LaVAygcxp6CZTAuhJUoCz9H1Y2xQnXKznmZGyW5yJ,0.001971,94.169904,55.946587
211200,a5X4fE5zpQbXHp+oiI8u3D+LaVAygcxp6CZTAuhJUoCz9H1Y2xQnXKznmZGyW5yJ,72.574745,98.442734,80.04248199999999
211500,a5X4fE5zpQbXHp+oiI8u3D+LaVAygcxp6CZTAuhJUoCz9H1Y2xQnXKznmZGyW5yJ,0.000834,94.114802,23.434584
211800,a5X4fE5zpQbXHp+oiI8u3D+LaVAygcxp6CZTAuhJUoCz9H1Y2xQnXKznmZGyW5yJ,74.314318,98.17710100000001,83.485201
212100,a5X4fE5zpQbXHp+oiI8u3D+LaVAygcxp6CZTAuhJUoCz9H1Y2xQnXKznmZGyW5yJ,74.180273,81.58148100000001,77.218979
212400,a5X4fE5zpQbXHp+oiI8u3D+LaVAygcxp6CZTAuhJUoCz9H1Y2xQnXKznmZGyW5yJ,0.000825,98.51181,25.656526
212700,a5X4fE5zpQbXHp+oiI8u3D+LaVAygcxp6CZTAuhJUoCz9H1Y2xQnXKznmZGyW5yJ,0.000849,0.054086,0.01103
213000,a5X4fE5zpQbXHp+oiI8u3D+LaVAygcxp6CZTAuhJUoCz9H1Y2xQnXKznmZGyW5yJ,0.001625,98.201658,72.96561
213300,a5X4fE5zpQbXHp+oiI8u3D+LaVAygcxp6CZTAuhJUoCz9H1Y2xQnXKznmZGyW5yJ,30.975381,98.321539,77.16369499999999
213600,a5X4fE5zpQbXHp+oiI8u3D+LaVAygcxp6CZTAuhJUoCz9H1Y2xQnXKznmZGyW5yJ,71.989377,93.438348,78.5012
213900,a5X4fE5zpQbXHp+oiI8u3D+LaVAygcxp6CZTAuhJUoCz9H1Y2xQnXKznmZGyW5yJ,67.680017,98.35087800000001,74.368224
214200,a5X4fE5zpQbXHp+oiI8u3D+LaVAygcxp6CZTAuhJUoCz9H1Y2xQnXKznmZGyW5yJ,0.001017,73.811171,41.668081
214500,a5X4fE5zpQbXHp+oiI8u3D+LaVAygcxp6CZTAuhJUoCz9H1Y2xQnXKznmZGyW5yJ,0.000482,0.05257100000000001,0.010348
214800,a5X4fE5zpQbXHp+oiI8u3D+LaVAygcxp6CZTAuhJUoCz9H1Y2xQnXKznmZGyW5yJ,0.000792,0.06589600000000001,0.010123
215100,a5X4fE5zpQbXHp+oiI8u3D+LaVAygcxp6CZTAuhJUoCz9H1Y2xQnXKznmZGyW5yJ,0.000414,0.051912,0.009867
215400,a5X4fE5zpQbXHp+oiI8u3D+LaVAygcxp6CZTAuhJUoCz9H1Y2xQnXKznmZGyW5yJ,0.000742,0.057375,0.010173999999999999
215700,a5X4fE5zpQbXHp+oiI8u3D+LaVAygcxp6CZTAuhJUoCz9H1Y2xQnXKznmZGyW5yJ,0.000384,0.061191999999999996,0.009917
216000,a5X4fE5zpQbXHp+oiI8u3D+LaVAygcxp6CZTAuhJUoCz9H1Y2xQnXKznmZGyW5yJ,0.000746,0.446237,0.014022
216300,a5X4fE5zpQbXHp+oiI8u3D+LaVAygcxp6CZTAuhJUoCz9H1Y2xQnXKznmZGyW5yJ,0.0007480000000000001,0.06532400000000001,0.010740000000000001
216600,a5X4fE5zpQbXHp+oiI8u3D+LaVAygcxp6CZTAuhJUoCz9H1Y2xQnXKznmZGyW5yJ,0.000335,0.060770000000000005,0.009103
216900,a5X4fE5zpQbXHp+oiI8u3D+LaVAygcxp6CZTAuhJUoCz9H1Y2xQnXKznmZGyW5yJ,0.000799,0.060562,0.010573
217200,a5X4fE5zpQbXHp+oiI8u3D+LaVAygcxp6CZTAuhJUoCz9H1Y2xQnXKznmZGyW5yJ,0.000621,0.077863,0.009489000000000001
217500,a5X4fE5zpQbXHp+oiI8u3D+LaVAygcxp6CZTAuhJUoCz9H1Y2xQnXKznmZGyW5yJ,0.000773,0.05889199999999999,0.011583
217800,a5X4fE5zpQbXHp+oiI8u3D+LaVAygcxp6CZTAuhJUoCz9H1Y2xQnXKznmZGyW5yJ,0.000502,0.059752,0.009429
218100,a5X4fE5zpQbXHp+oiI8u3D+LaVAygcxp6CZTAuhJUoCz9H1Y2xQnXKznmZGyW5yJ,0.000771,0.051202,0.010594
218400,a5X4fE5zpQbXHp+oiI8u3D+LaVAygcxp6CZTAuhJUoCz9H1Y2xQnXKznmZGyW5yJ,0.00037400000000000004,0.065939,0.009584
218700,a5X4fE5zpQbXHp+oiI8u3D+LaVAygcxp6CZTAuhJUoCz9H1Y2xQnXKznmZGyW5yJ,0.000384,0.07213,0.010121999999999999
219000,a5X4fE5zpQbXHp+oiI8u3D+LaVAygcxp6CZTAuhJUoCz9H1Y2xQnXKznmZGyW5yJ,0.000775,94.05224100000001,66.342791
219300,a5X4fE5zpQbXHp+oiI8u3D+LaVAygcxp6CZTAuhJUoCz9H1Y2xQnXKznmZGyW5yJ,73.39584,98.533877,79.632384
219600,a5X4fE5zpQbXHp+oiI8u3D+LaVAygcxp6CZTAuhJUoCz9H1Y2xQnXKznmZGyW5yJ,0.000915,79.129733,48.744046000000004
219900,a5X4fE5zpQbXHp+oiI8u3D+LaVAygcxp6CZTAuhJUoCz9H1Y2xQnXKznmZGyW5yJ,0.000502,93.915699,37.359086
220200,a5X4fE5zpQbXHp+oiI8u3D+LaVAygcxp6CZTAuhJUoCz9H1Y2xQnXKznmZGyW5yJ,74.958753,84.613028,80.138287
220500,a5X4fE5zpQbXHp+oiI8u3D+LaVAygcxp6CZTAuhJUoCz9H1Y2xQnXKznmZGyW5yJ,39.826116999999996,98.352869,76.644664
220800,a5X4fE5zpQbXHp+oiI8u3D+LaVAygcxp6CZTAuhJUoCz9H1Y2xQnXKznmZGyW5yJ,0.000852,0.064974,0.010328
221100,a5X4fE5zpQbXHp+oiI8u3D+LaVAygcxp6CZTAuhJUoCz9H1Y2xQnXKznmZGyW5yJ,75.572189,98.46303,85.616277
221400,a5X4fE5zpQbXHp+oiI8u3D+LaVAygcxp6CZTAuhJUoCz9H1Y2xQnXKznmZGyW5yJ,22.120127,82.3067,72.169432
221700,a5X4fE5zpQbXHp+oiI8u3D+LaVAygcxp6CZTAuhJUoCz9H1Y2xQnXKznmZGyW5yJ,0.001046,81.023854,39.620969
222000,a5X4fE5zpQbXHp+oiI8u3D+LaVAygcxp6CZTAuhJUoCz9H1Y2xQnXKznmZGyW5yJ,1.33389,93.607228,76.044477
222300,a5X4fE5zpQbXHp+oiI8u3D+LaVAygcxp6CZTAuhJUoCz9H1Y2xQnXKznmZGyW5yJ,77.286385,86.99879,81.22131999999999
222600,a5X4fE5zpQbXHp+oiI8u3D+LaVAygcxp6CZTAuhJUoCz9H1Y2xQnXKznmZGyW5yJ,0.00137,98.40077,71.54648399999999
222900,a5X4fE5zpQbXHp+oiI8u3D+LaVAygcxp6CZTAuhJUoCz9H1Y2xQnXKznmZGyW5yJ,0.000688,0.072284,0.010789
223200,a5X4fE5zpQbXHp+oiI8u3D+LaVAygcxp6CZTAuhJUoCz9H1Y2xQnXKznmZGyW5yJ,0.000542,0.046624,0.009161
223500,a5X4fE5zpQbXHp+oiI8u3D+LaVAygcxp6CZTAuhJUoCz9H1Y2xQnXKznmZGyW5yJ,0.0007440000000000001,0.065676,0.010856999999999999
223800,a5X4fE5zpQbXHp+oiI8u3D+LaVAygcxp6CZTAuhJUoCz9H1Y2xQnXKznmZGyW5yJ,0.000384,0.063764,0.008986
224100,a5X4fE5zpQbXHp+oiI8u3D+LaVAygcxp6CZTAuhJUoCz9H1Y2xQnXKznmZGyW5yJ,0.00034500000000000004,0.21109699999999998,0.011479000000000001
224400,a5X4fE5zpQbXHp+oiI8u3D+LaVAygcxp6CZTAuhJUoCz9H1Y2xQnXKznmZGyW5yJ,0.000677,0.046830000000000004,0.009967
224700,a5X4fE5zpQbXHp+oiI8u3D+LaVAygcxp6CZTAuhJUoCz9H1Y2xQnXKznmZGyW5yJ,0.000315,0.050541,0.0108
225000,a5X4fE5zpQbXHp+oiI8u3D+LaVAygcxp6CZTAuhJUoCz9H1Y2xQnXKznmZGyW5yJ,0.00074,0.053878999999999996,0.009855
225300,a5X4fE5zpQbXHp+oiI8u3D+LaVAygcxp6CZTAuhJUoCz9H1Y2xQnXKznmZGyW5yJ,0.000384,0.071323,0.010173999999999999
225600,a5X4fE5zpQbXHp+oiI8u3D+LaVAygcxp6CZTAuhJUoCz9H1Y2xQnXKznmZGyW5yJ,0.0007379999999999999,0.064743,0.0099
225900,a5X4fE5zpQbXHp+oiI8u3D+LaVAygcxp6CZTAuhJUoCz9H1Y2xQnXKznmZGyW5yJ,0.000354,0.055924,0.01037
226200,a5X4fE5zpQbXHp+oiI8u3D+LaVAygcxp6CZTAuhJUoCz9H1Y2xQnXKznmZGyW5yJ,0.000758,0.044754,0.009562000000000001
226500,a5X4fE5zpQbXHp+oiI8u3D+LaVAygcxp6CZTAuhJUoCz9H1Y2xQnXKznmZGyW5yJ,0.00061,0.054771,0.009623
226800,a5X4fE5zpQbXHp+oiI8u3D+LaVAygcxp6CZTAuhJUoCz9H1Y2xQnXKznmZGyW5yJ,0.000492,0.07282000000000001,0.0095
227100,a5X4fE5zpQbXHp+oiI8u3D+LaVAygcxp6CZTAuhJUoCz9H1Y2xQnXKznmZGyW5yJ,0.000715,0.06688999999999999,0.010711
227400,a5X4fE5zpQbXHp+oiI8u3D+LaVAygcxp6CZTAuhJUoCz9H1Y2xQnXKznmZGyW5yJ,0.000531,0.046058999999999996,0.009385
227700,a5X4fE5zpQbXHp+oiI8u3D+LaVAygcxp6CZTAuhJUoCz9H1Y2xQnXKznmZGyW5yJ,0.000743,93.763277,69.455863
228000,a5X4fE5zpQbXHp+oiI8u3D+LaVAygcxp6CZTAuhJUoCz9H1Y2xQnXKznmZGyW5yJ,27.518902,84.479072,75.398045
228300,a5X4fE5zpQbXHp+oiI8u3D+LaVAygcxp6CZTAuhJUoCz9H1Y2xQnXKznmZGyW5yJ,23.944578,86.867747,78.167649
228600,a5X4fE5zpQbXHp+oiI8u3D+LaVAygcxp6CZTAuhJUoCz9H1Y2xQnXKznmZGyW5yJ,0.000551,0.061377999999999995,0.009647
228900,a5X4fE5zpQbXHp+oiI8u3D+LaVAygcxp6CZTAuhJUoCz9H1Y2xQnXKznmZGyW5yJ,0.0009699999999999999,0.054002,0.011377
229200,a5X4fE5zpQbXHp+oiI8u3D+LaVAygcxp6CZTAuhJUoCz9H1Y2xQnXKznmZGyW5yJ,0.000463,0.08427,0.009683
229500,a5X4fE5zpQbXHp+oiI8u3D+LaVAygcxp6CZTAuhJUoCz9H1Y2xQnXKznmZGyW5yJ,3.565929,98.19619200000001,76.924199
229800,a5X4fE5zpQbXHp+oiI8u3D+LaVAygcxp6CZTAuhJUoCz9H1Y2xQnXKznmZGyW5yJ,75.937526,83.83609200000001,80.20979100000001
230100,a5X4fE5zpQbXHp+oiI8u3D+LaVAygcxp6CZTAuhJUoCz9H1Y2xQnXKznmZGyW5yJ,79.08019200000001,98.768495,86.34059599999999
230400,a5X4fE5zpQbXHp+oiI8u3D+LaVAygcxp6CZTAuhJUoCz9H1Y2xQnXKznmZGyW5yJ,84.881485,92.706864,87.716594
230700,a5X4fE5zpQbXHp+oiI8u3D+LaVAygcxp6CZTAuhJUoCz9H1Y2xQnXKznmZGyW5yJ,0.000591,42.190495,4.181704
231000,a5X4fE5zpQbXHp+oiI8u3D+LaVAygcxp6CZTAuhJUoCz9H1Y2xQnXKznmZGyW5yJ,0.000782,0.064594,0.010088
231300,a5X4fE5zpQbXHp+oiI8u3D+LaVAygcxp6CZTAuhJUoCz9H1Y2xQnXKznmZGyW5yJ,0.000522,0.07470800000000001,0.010697
231600,a5X4fE5zpQbXHp+oiI8u3D+LaVAygcxp6CZTAuhJUoCz9H1Y2xQnXKznmZGyW5yJ,0.000859,0.055108000000000004,0.010028
231900,a5X4fE5zpQbXHp+oiI8u3D+LaVAygcxp6CZTAuhJUoCz9H1Y2xQnXKznmZGyW5yJ,0.0008470000000000001,0.070936,0.011915
232200,a5X4fE5zpQbXHp+oiI8u3D+LaVAygcxp6CZTAuhJUoCz9H1Y2xQnXKznmZGyW5yJ,0.0005610000000000001,0.08603200000000001,0.009517
232500,a5X4fE5zpQbXHp+oiI8u3D+LaVAygcxp6CZTAuhJUoCz9H1Y2xQnXKznmZGyW5yJ,0.000731,0.053089,0.010864
232800,a5X4fE5zpQbXHp+oiI8u3D+LaVAygcxp6CZTAuhJUoCz9H1Y2xQnXKznmZGyW5yJ,0.000443,0.04646,0.009543000000000001
233100,a5X4fE5zpQbXHp+oiI8u3D+LaVAygcxp6CZTAuhJUoCz9H1Y2xQnXKznmZGyW5yJ,0.0008060000000000001,0.06489400000000001,0.010787999999999999
233400,a5X4fE5zpQbXHp+oiI8u3D+LaVAygcxp6CZTAuhJUoCz9H1Y2xQnXKznmZGyW5yJ,0.000325,0.050055,0.009533
233700,a5X4fE5zpQbXHp+oiI8u3D+LaVAygcxp6CZTAuhJUoCz9H1Y2xQnXKznmZGyW5yJ,0.000833,0.05126699999999999,0.010867
234000,a5X4fE5zpQbXHp+oiI8u3D+LaVAygcxp6CZTAuhJUoCz9H1Y2xQnXKznmZGyW5yJ,0.00037400000000000004,0.069438,0.009189
234300,a5X4fE5zpQbXHp+oiI8u3D+LaVAygcxp6CZTAuhJUoCz9H1Y2xQnXKznmZGyW5yJ,0.000982,0.071485,0.010905
234600,a5X4fE5zpQbXHp+oiI8u3D+LaVAygcxp6CZTAuhJUoCz9H1Y2xQnXKznmZGyW5yJ,0.000414,0.056159,0.009717
234900,a5X4fE5zpQbXHp+oiI8u3D+LaVAygcxp6CZTAuhJUoCz9H1Y2xQnXKznmZGyW5yJ,0.000731,0.04676,0.010561
235200,a5X4fE5zpQbXHp+oiI8u3D+LaVAygcxp6CZTAuhJUoCz9H1Y2xQnXKznmZGyW5yJ,0.000776,0.0647,0.010033
235500,a5X4fE5zpQbXHp+oiI8u3D+LaVAygcxp6CZTAuhJUoCz9H1Y2xQnXKznmZGyW5yJ,0.000771,0.051423,0.011183
235800,a5X4fE5zpQbXHp+oiI8u3D+LaVAygcxp6CZTAuhJUoCz9H1Y2xQnXKznmZGyW5yJ,0.000664,0.050106,0.010145999999999999
236100,a5X4fE5zpQbXHp+oiI8u3D+LaVAygcxp6CZTAuhJUoCz9H1Y2xQnXKznmZGyW5yJ,0.000779,0.290498,0.01293
236400,a5X4fE5zpQbXHp+oiI8u3D+LaVAygcxp6CZTAuhJUoCz9H1Y2xQnXKznmZGyW5yJ,0.0007599999999999999,0.066828,0.010067
236700,a5X4fE5zpQbXHp+oiI8u3D+LaVAygcxp6CZTAuhJUoCz9H1Y2xQnXKznmZGyW5yJ,0.000722,0.068079,0.010334999999999999
237000,a5X4fE5zpQbXHp+oiI8u3D+LaVAygcxp6CZTAuhJUoCz9H1Y2xQnXKznmZGyW5yJ,0.000743,0.049415,0.009954000000000001
237300,a5X4fE5zpQbXHp+oiI8u3D+LaVAygcxp6CZTAuhJUoCz9H1Y2xQnXKznmZGyW5yJ,0.000701,0.07972699999999999,0.011045999999999999
237600,a5X4fE5zpQbXHp+oiI8u3D+LaVAygcxp6CZTAuhJUoCz9H1Y2xQnXKznmZGyW5yJ,0.000672,0.053237,0.00925
237900,a5X4fE5zpQbXHp+oiI8u3D+LaVAygcxp6CZTAuhJUoCz9H1Y2xQnXKznmZGyW5yJ,0.00073,0.066526,0.010864
238200,a5X4fE5zpQbXHp+oiI8u3D+LaVAygcxp6CZTAuhJUoCz9H1Y2xQnXKznmZGyW5yJ,0.000696,0.047596,0.009156999999999998
238500,a5X4fE5zpQbXHp+oiI8u3D+LaVAygcxp6CZTAuhJUoCz9H1Y2xQnXKznmZGyW5yJ,0.000737,0.068493,0.010717
238800,a5X4fE5zpQbXHp+oiI8u3D+LaVAygcxp6CZTAuhJUoCz9H1Y2xQnXKznmZGyW5yJ,0.0007570000000000001,0.050408,0.00922
239100,a5X4fE5zpQbXHp+oiI8u3D+LaVAygcxp6CZTAuhJUoCz9H1Y2xQnXKznmZGyW5yJ,0.000763,0.06828200000000001,0.011783
239400,a5X4fE5zpQbXHp+oiI8u3D+LaVAygcxp6CZTAuhJUoCz9H1Y2xQnXKznmZGyW5yJ,0.0007740000000000001,0.06537799999999999,0.009590000000000001
239700,a5X4fE5zpQbXHp+oiI8u3D+LaVAygcxp6CZTAuhJUoCz9H1Y2xQnXKznmZGyW5yJ,0.000762,0.063461,0.010989
240000,a5X4fE5zpQbXHp+oiI8u3D+LaVAygcxp6CZTAuhJUoCz9H1Y2xQnXKznmZGyW5yJ,0.000782,1.23004,0.018807
240300,a5X4fE5zpQbXHp+oiI8u3D+LaVAygcxp6CZTAuhJUoCz9H1Y2xQnXKznmZGyW5yJ,0.000512,0.058946000000000005,0.010249
240600,a5X4fE5zpQbXHp+oiI8u3D+LaVAygcxp6CZTAuhJUoCz9H1Y2xQnXKznmZGyW5yJ,0.000901,0.047251999999999995,0.010156
240900,a5X4fE5zpQbXHp+oiI8u3D+LaVAygcxp6CZTAuhJUoCz9H1Y2xQnXKznmZGyW5yJ,0.00042300000000000004,0.069564,0.010229
241200,a5X4fE5zpQbXHp+oiI8u3D+LaVAygcxp6CZTAuhJUoCz9H1Y2xQnXKznmZGyW5yJ,0.0007509999999999999,0.066101,0.010062
241500,a5X4fE5zpQbXHp+oiI8u3D+LaVAygcxp6CZTAuhJUoCz9H1Y2xQnXKznmZGyW5yJ,0.00037400000000000004,0.043608,0.010139
241800,a5X4fE5zpQbXHp+oiI8u3D+LaVAygcxp6CZTAuhJUoCz9H1Y2xQnXKznmZGyW5yJ,0.000753,0.050054,0.010121999999999999
242100,a5X4fE5zpQbXHp+oiI8u3D+LaVAygcxp6CZTAuhJUoCz9H1Y2xQnXKznmZGyW5yJ,0.000394,0.070953,0.010832
242400,a5X4fE5zpQbXHp+oiI8u3D+LaVAygcxp6CZTAuhJUoCz9H1Y2xQnXKznmZGyW5yJ,0.0007610000000000001,0.051383000000000005,0.009976
242700,a5X4fE5zpQbXHp+oiI8u3D+LaVAygcxp6CZTAuhJUoCz9H1Y2xQnXKznmZGyW5yJ,0.000394,0.0512,0.011478
243000,a5X4fE5zpQbXHp+oiI8u3D+LaVAygcxp6CZTAuhJUoCz9H1Y2xQnXKznmZGyW5yJ,0.0007830000000000001,0.057987000000000004,0.010017
243300,a5X4fE5zpQbXHp+oiI8u3D+LaVAygcxp6CZTAuhJUoCz9H1Y2xQnXKznmZGyW5yJ,0.000325,1.147746,0.01813
243600,a5X4fE5zpQbXHp+oiI8u3D+LaVAygcxp6CZTAuhJUoCz9H1Y2xQnXKznmZGyW5yJ,0.0005809999999999999,0.054851,0.010009
243900,a5X4fE5zpQbXHp+oiI8u3D+LaVAygcxp6CZTAuhJUoCz9H1Y2xQnXKznmZGyW5yJ,0.0008,0.069728,0.010797
244200,a5X4fE5zpQbXHp+oiI8u3D+LaVAygcxp6CZTAuhJUoCz9H1Y2xQnXKznmZGyW5yJ,0.00053,0.077527,0.009586
244500,a5X4fE5zpQbXHp+oiI8u3D+LaVAygcxp6CZTAuhJUoCz9H1Y2xQnXKznmZGyW5yJ,0.0008060000000000001,0.057629999999999994,0.010833
244800,a5X4fE5zpQbXHp+oiI8u3D+LaVAygcxp6CZTAuhJUoCz9H1Y2xQnXKznmZGyW5yJ,0.00034500000000000004,0.066426,0.00968
245100,a5X4fE5zpQbXHp+oiI8u3D+LaVAygcxp6CZTAuhJUoCz9H1Y2xQnXKznmZGyW5yJ,0.000723,0.07444500000000001,0.010794
245400,a5X4fE5zpQbXHp+oiI8u3D+LaVAygcxp6CZTAuhJUoCz9H1Y2xQnXKznmZGyW5yJ,0.000463,0.054192,0.009618000000000002
245700,a5X4fE5zpQbXHp+oiI8u3D+LaVAygcxp6CZTAuhJUoCz9H1Y2xQnXKznmZGyW5yJ,0.000711,0.068721,0.010912
246000,a5X4fE5zpQbXHp+oiI8u3D+LaVAygcxp6CZTAuhJUoCz9H1Y2xQnXKznmZGyW5yJ,0.000414,0.048917,0.009514
246300,a5X4fE5zpQbXHp+oiI8u3D+LaVAygcxp6CZTAuhJUoCz9H1Y2xQnXKznmZGyW5yJ,0.000433,0.071384,0.010876
246600,a5X4fE5zpQbXHp+oiI8u3D+LaVAygcxp6CZTAuhJUoCz9H1Y2xQnXKznmZGyW5yJ,0.0009140000000000001,0.047295,0.010079000000000001
246900,a5X4fE5zpQbXHp+oiI8u3D+LaVAygcxp6CZTAuhJUoCz9H1Y2xQnXKznmZGyW5yJ,0.000732,0.073087,0.01065
247200,a5X4fE5zpQbXHp+oiI8u3D+LaVAygcxp6CZTAuhJUoCz9H1Y2xQnXKznmZGyW5yJ,0.0008320000000000001,0.051458000000000004,0.009992000000000001
247500,a5X4fE5zpQbXHp+oiI8u3D+LaVAygcxp6CZTAuhJUoCz9H1Y2xQnXKznmZGyW5yJ,0.000699,0.051368,0.010556
247800,a5X4fE5zpQbXHp+oiI8u3D+LaVAygcxp6CZTAuhJUoCz9H1Y2xQnXKznmZGyW5yJ,0.000731,0.053591,0.010048999999999999
248100,a5X4fE5zpQbXHp+oiI8u3D+LaVAygcxp6CZTAuhJUoCz9H1Y2xQnXKznmZGyW5yJ,0.000759,0.062926,0.01054
248400,a5X4fE5zpQbXHp+oiI8u3D+LaVAygcxp6CZTAuhJUoCz9H1Y2xQnXKznmZGyW5yJ,0.000773,0.04811,0.010104
248700,a5X4fE5zpQbXHp+oiI8u3D+LaVAygcxp6CZTAuhJUoCz9H1Y2xQnXKznmZGyW5yJ,0.000801,0.07388600000000001,0.009948
249000,a5X4fE5zpQbXHp+oiI8u3D+LaVAygcxp6CZTAuhJUoCz9H1Y2xQnXKznmZGyW5yJ,0.000769,0.047244,0.009644
249300,a5X4fE5zpQbXHp+oiI8u3D+LaVAygcxp6CZTAuhJUoCz9H1Y2xQnXKznmZGyW5yJ,0.000824,0.051889,0.010759000000000001
249600,a5X4fE5zpQbXHp+oiI8u3D+LaVAygcxp6CZTAuhJUoCz9H1Y2xQnXKznmZGyW5yJ,0.000769,0.054828999999999996,0.009918000000000001
249900,a5X4fE5zpQbXHp+oiI8u3D+LaVAygcxp6CZTAuhJUoCz9H1Y2xQnXKznmZGyW5yJ,0.000717,0.053101999999999996,0.011558
250200,a5X4fE5zpQbXHp+oiI8u3D+LaVAygcxp6CZTAuhJUoCz9H1Y2xQnXKznmZGyW5yJ,0.000682,0.052263,0.009238
250500,a5X4fE5zpQbXHp+oiI8u3D+LaVAygcxp6CZTAuhJUoCz9H1Y2xQnXKznmZGyW5yJ,0.000753,0.08032,0.010672
250800,a5X4fE5zpQbXHp+oiI8u3D+LaVAygcxp6CZTAuhJUoCz9H1Y2xQnXKznmZGyW5yJ,0.000696,0.07220399999999999,0.009937999999999999
251100,a5X4fE5zpQbXHp+oiI8u3D+LaVAygcxp6CZTAuhJUoCz9H1Y2xQnXKznmZGyW5yJ,0.0008150000000000001,0.057548,0.010546999999999999
251400,a5X4fE5zpQbXHp+oiI8u3D+LaVAygcxp6CZTAuhJUoCz9H1Y2xQnXKznmZGyW5yJ,0.000754,0.047372000000000004,0.009477
251700,a5X4fE5zpQbXHp+oiI8u3D+LaVAygcxp6CZTAuhJUoCz9H1Y2xQnXKznmZGyW5yJ,0.000453,0.064942,0.010487
252000,a5X4fE5zpQbXHp+oiI8u3D+LaVAygcxp6CZTAuhJUoCz9H1Y2xQnXKznmZGyW5yJ,0.000697,0.056459,0.009917
252300,a5X4fE5zpQbXHp+oiI8u3D+LaVAygcxp6CZTAuhJUoCz9H1Y2xQnXKznmZGyW5yJ,0.000414,0.065953,0.010381
252600,a5X4fE5zpQbXHp+oiI8u3D+LaVAygcxp6CZTAuhJUoCz9H1Y2xQnXKznmZGyW5yJ,0.000793,0.052369000000000006,0.009912
252900,a5X4fE5zpQbXHp+oiI8u3D+LaVAygcxp6CZTAuhJUoCz9H1Y2xQnXKznmZGyW5yJ,0.000315,0.052364,0.0103
253200,a5X4fE5zpQbXHp+oiI8u3D+LaVAygcxp6CZTAuhJUoCz9H1Y2xQnXKznmZGyW5yJ,0.000724,0.06619,0.009942
253500,a5X4fE5zpQbXHp+oiI8u3D+LaVAygcxp6CZTAuhJUoCz9H1Y2xQnXKznmZGyW5yJ,0.000354,0.059043,0.010727
253800,a5X4fE5zpQbXHp+oiI8u3D+LaVAygcxp6CZTAuhJUoCz9H1Y2xQnXKznmZGyW5yJ,0.000719,0.047212,0.009831999999999999
254100,a5X4fE5zpQbXHp+oiI8u3D+LaVAygcxp6CZTAuhJUoCz9H1Y2xQnXKznmZGyW5yJ,0.00058,0.057821000000000004,0.009916
254400,a5X4fE5zpQbXHp+oiI8u3D+LaVAygcxp6CZTAuhJUoCz9H1Y2xQnXKznmZGyW5yJ,0.000502,0.064296,0.009105
254700,a5X4fE5zpQbXHp+oiI8u3D+LaVAygcxp6CZTAuhJUoCz9H1Y2xQnXKznmZGyW5yJ,0.00072,0.057464,0.010574
255000,a5X4fE5zpQbXHp+oiI8u3D+LaVAygcxp6CZTAuhJUoCz9H1Y2xQnXKznmZGyW5yJ,0.000512,0.054520000000000006,0.009577
255300,a5X4fE5zpQbXHp+oiI8u3D+LaVAygcxp6CZTAuhJUoCz9H1Y2xQnXKznmZGyW5yJ,0.000721,0.05361799999999999,0.010548
255600,a5X4fE5zpQbXHp+oiI8u3D+LaVAygcxp6CZTAuhJUoCz9H1Y2xQnXKznmZGyW5yJ,0.000532,0.069971,0.009359000000000001
255900,a5X4fE5zpQbXHp+oiI8u3D+LaVAygcxp6CZTAuhJUoCz9H1Y2xQnXKznmZGyW5yJ,0.000805,0.049309,0.010554000000000001
256200,a5X4fE5zpQbXHp+oiI8u3D+LaVAygcxp6CZTAuhJUoCz9H1Y2xQnXKznmZGyW5yJ,0.00047300000000000006,0.047389999999999995,0.009062
256500,a5X4fE5zpQbXHp+oiI8u3D+LaVAygcxp6CZTAuhJUoCz9H1Y2xQnXKznmZGyW5yJ,0.00081,0.06462000000000001,0.010633
256800,a5X4fE5zpQbXHp+oiI8u3D+LaVAygcxp6CZTAuhJUoCz9H1Y2xQnXKznmZGyW5yJ,0.00047300000000000006,0.067534,0.009523
257100,a5X4fE5zpQbXHp+oiI8u3D+LaVAygcxp6CZTAuhJUoCz9H1Y2xQnXKznmZGyW5yJ,0.000305,0.055151,0.010791
257400,a5X4fE5zpQbXHp+oiI8u3D+LaVAygcxp6CZTAuhJUoCz9H1Y2xQnXKznmZGyW5yJ,0.0007650000000000001,0.053352,0.009877
257700,a5X4fE5zpQbXHp+oiI8u3D+LaVAygcxp6CZTAuhJUoCz9H1Y2xQnXKznmZGyW5yJ,0.00034500000000000004,0.07017999999999999,0.010353
258000,a5X4fE5zpQbXHp+oiI8u3D+LaVAygcxp6CZTAuhJUoCz9H1Y2xQnXKznmZGyW5yJ,0.000763,0.07537,0.009928
258300,a5X4fE5zpQbXHp+oiI8u3D+LaVAygcxp6CZTAuhJUoCz9H1Y2xQnXKznmZGyW5yJ,0.00048300000000000003,0.053534000000000005,0.009308
258600,a5X4fE5zpQbXHp+oiI8u3D+LaVAygcxp6CZTAuhJUoCz9H1Y2xQnXKznmZGyW5yJ,0.0007570000000000001,0.06561900000000001,0.009903
258900,a5X4fE5zpQbXHp+oiI8u3D+LaVAygcxp6CZTAuhJUoCz9H1Y2xQnXKznmZGyW5yJ,0.000433,0.06874,0.010426000000000001
259200,a5X4fE5zpQbXHp+oiI8u3D+LaVAygcxp6CZTAuhJUoCz9H1Y2xQnXKznmZGyW5yJ,0.000819,0.068254,0.009914
259500,a5X4fE5zpQbXHp+oiI8u3D+LaVAygcxp6CZTAuhJUoCz9H1Y2xQnXKznmZGyW5yJ,0.000404,1.4090129999999998,0.018834
259800,a5X4fE5zpQbXHp+oiI8u3D+LaVAygcxp6CZTAuhJUoCz9H1Y2xQnXKznmZGyW5yJ,0.000364,0.066469,0.009437000000000001
260100,a5X4fE5zpQbXHp+oiI8u3D+LaVAygcxp6CZTAuhJUoCz9H1Y2xQnXKznmZGyW5yJ,0.000941,0.051003,0.010525
260400,a5X4fE5zpQbXHp+oiI8u3D+LaVAygcxp6CZTAuhJUoCz9H1Y2xQnXKznmZGyW5yJ,0.00034500000000000004,0.065228,0.009438
260700,a5X4fE5zpQbXHp+oiI8u3D+LaVAygcxp6CZTAuhJUoCz9H1Y2xQnXKznmZGyW5yJ,0.000767,0.06894199999999999,0.011576000000000001
261000,a5X4fE5zpQbXHp+oiI8u3D+LaVAygcxp6CZTAuhJUoCz9H1Y2xQnXKznmZGyW5yJ,0.000551,0.047394,0.009577
261300,a5X4fE5zpQbXHp+oiI8u3D+LaVAygcxp6CZTAuhJUoCz9H1Y2xQnXKznmZGyW5yJ,0.000811,0.067014,0.010589
261600,a5X4fE5zpQbXHp+oiI8u3D+LaVAygcxp6CZTAuhJUoCz9H1Y2xQnXKznmZGyW5yJ,0.000305,0.0531,0.009511
261900,a5X4fE5zpQbXHp+oiI8u3D+LaVAygcxp6CZTAuhJUoCz9H1Y2xQnXKznmZGyW5yJ,0.000802,0.05331,0.010512
262200,a5X4fE5zpQbXHp+oiI8u3D+LaVAygcxp6CZTAuhJUoCz9H1Y2xQnXKznmZGyW5yJ,0.000542,0.048096,0.009332
262500,a5X4fE5zpQbXHp+oiI8u3D+LaVAygcxp6CZTAuhJUoCz9H1Y2xQnXKznmZGyW5yJ,0.000532,0.054336,0.009733
262800,a5X4fE5zpQbXHp+oiI8u3D+LaVAygcxp6CZTAuhJUoCz9H1Y2xQnXKznmZGyW5yJ,0.000839,0.055730999999999996,0.009911
263100,a5X4fE5zpQbXHp+oiI8u3D+LaVAygcxp6CZTAuhJUoCz9H1Y2xQnXKznmZGyW5yJ,0.000512,0.049129,0.009986
263400,a5X4fE5zpQbXHp+oiI8u3D+LaVAygcxp6CZTAuhJUoCz9H1Y2xQnXKznmZGyW5yJ,0.0006940000000000001,0.066745,0.009941
263700,a5X4fE5zpQbXHp+oiI8u3D+LaVAygcxp6CZTAuhJUoCz9H1Y2xQnXKznmZGyW5yJ,0.000315,0.075554,0.010107
264000,a5X4fE5zpQbXHp+oiI8u3D+LaVAygcxp6CZTAuhJUoCz9H1Y2xQnXKznmZGyW5yJ,0.000771,0.071711,0.009792
264300,a5X4fE5zpQbXHp+oiI8u3D+LaVAygcxp6CZTAuhJUoCz9H1Y2xQnXKznmZGyW5yJ,0.000443,0.064594,0.010023
264600,a5X4fE5zpQbXHp+oiI8u3D+LaVAygcxp6CZTAuhJUoCz9H1Y2xQnXKznmZGyW5yJ,0.0009220000000000001,0.053925,0.009939
264900,a5X4fE5zpQbXHp+oiI8u3D+LaVAygcxp6CZTAuhJUoCz9H1Y2xQnXKznmZGyW5yJ,0.0005809999999999999,0.053503999999999996,0.009755
265200,a5X4fE5zpQbXHp+oiI8u3D+LaVAygcxp6CZTAuhJUoCz9H1Y2xQnXKznmZGyW5yJ,0.0005610000000000001,0.074674,0.009422
265500,a5X4fE5zpQbXHp+oiI8u3D+LaVAygcxp6CZTAuhJUoCz9H1Y2xQnXKznmZGyW5yJ,0.000867,0.0672,0.010558
265800,a5X4fE5zpQbXHp+oiI8u3D+LaVAygcxp6CZTAuhJUoCz9H1Y2xQnXKznmZGyW5yJ,0.000719,0.054002,0.009474
266100,a5X4fE5zpQbXHp+oiI8u3D+LaVAygcxp6CZTAuhJUoCz9H1Y2xQnXKznmZGyW5yJ,0.0007639999999999999,0.07299299999999999,0.010592
266400,a5X4fE5zpQbXHp+oiI8u3D+LaVAygcxp6CZTAuhJUoCz9H1Y2xQnXKznmZGyW5yJ,0.000542,0.052663999999999996,0.008714
266700,a5X4fE5zpQbXHp+oiI8u3D+LaVAygcxp6CZTAuhJUoCz9H1Y2xQnXKznmZGyW5yJ,0.000842,0.067357,0.010512
267000,a5X4fE5zpQbXHp+oiI8u3D+LaVAygcxp6CZTAuhJUoCz9H1Y2xQnXKznmZGyW5yJ,0.000325,0.044114999999999994,0.009469
267300,a5X4fE5zpQbXHp+oiI8u3D+LaVAygcxp6CZTAuhJUoCz9H1Y2xQnXKznmZGyW5yJ,0.000874,0.065063,0.010595
267600,a5X4fE5zpQbXHp+oiI8u3D+LaVAygcxp6CZTAuhJUoCz9H1Y2xQnXKznmZGyW5yJ,0.000394,0.058411000000000005,0.009161
267900,a5X4fE5zpQbXHp+oiI8u3D+LaVAygcxp6CZTAuhJUoCz9H1Y2xQnXKznmZGyW5yJ,0.000532,0.054899,0.010889
268200,a5X4fE5zpQbXHp+oiI8u3D+LaVAygcxp6CZTAuhJUoCz9H1Y2xQnXKznmZGyW5yJ,0.000808,0.070605,0.00981
268500,a5X4fE5zpQbXHp+oiI8u3D+LaVAygcxp6CZTAuhJUoCz9H1Y2xQnXKznmZGyW5yJ,0.000463,0.07042799999999999,0.010184
268800,a5X4fE5zpQbXHp+oiI8u3D+LaVAygcxp6CZTAuhJUoCz9H1Y2xQnXKznmZGyW5yJ,0.0006929999999999999,0.056725,0.009883
269100,a5X4fE5zpQbXHp+oiI8u3D+LaVAygcxp6CZTAuhJUoCz9H1Y2xQnXKznmZGyW5yJ,0.0009140000000000001,0.052133000000000006,0.010182
269400,a5X4fE5zpQbXHp+oiI8u3D+LaVAygcxp6CZTAuhJUoCz9H1Y2xQnXKznmZGyW5yJ,0.0008789999999999999,0.052599,0.009904000000000001
269700,a5X4fE5zpQbXHp+oiI8u3D+LaVAygcxp6CZTAuhJUoCz9H1Y2xQnXKznmZGyW5yJ,0.000859,0.06527999999999999,0.01078
270000,a5X4fE5zpQbXHp+oiI8u3D+LaVAygcxp6CZTAuhJUoCz9H1Y2xQnXKznmZGyW5yJ,0.000834,0.065559,0.009903
270300,a5X4fE5zpQbXHp+oiI8u3D+LaVAygcxp6CZTAuhJUoCz9H1Y2xQnXKznmZGyW5yJ,0.000775,0.049848,0.009737
270600,a5X4fE5zpQbXHp+oiI8u3D+LaVAygcxp6CZTAuhJUoCz9H1Y2xQnXKznmZGyW5yJ,0.000802,0.056063999999999996,0.009472
270900,a5X4fE5zpQbXHp+oiI8u3D+LaVAygcxp6CZTAuhJUoCz9H1Y2xQnXKznmZGyW5yJ,0.00086,0.06568600000000001,0.010625
271200,a5X4fE5zpQbXHp+oiI8u3D+LaVAygcxp6CZTAuhJUoCz9H1Y2xQnXKznmZGyW5yJ,0.000886,0.067149,0.009551
271500,a5X4fE5zpQbXHp+oiI8u3D+LaVAygcxp6CZTAuhJUoCz9H1Y2xQnXKznmZGyW5yJ,0.00079,0.066439,0.011468
271800,a5X4fE5zpQbXHp+oiI8u3D+LaVAygcxp6CZTAuhJUoCz9H1Y2xQnXKznmZGyW5yJ,0.000734,0.052345,0.009588
272100,a5X4fE5zpQbXHp+oiI8u3D+LaVAygcxp6CZTAuhJUoCz9H1Y2xQnXKznmZGyW5yJ,0.000769,0.071996,0.01063
272400,a5X4fE5zpQbXHp+oiI8u3D+LaVAygcxp6CZTAuhJUoCz9H1Y2xQnXKznmZGyW5yJ,0.0007030000000000001,0.072589,0.009706999999999999
272700,a5X4fE5zpQbXHp+oiI8u3D+LaVAygcxp6CZTAuhJUoCz9H1Y2xQnXKznmZGyW5yJ,0.0007509999999999999,0.066106,0.010606
273000,a5X4fE5zpQbXHp+oiI8u3D+LaVAygcxp6CZTAuhJUoCz9H1Y2xQnXKznmZGyW5yJ,0.000886,0.066584,0.009569
273300,a5X4fE5zpQbXHp+oiI8u3D+LaVAygcxp6CZTAuhJUoCz9H1Y2xQnXKznmZGyW5yJ,0.0009050000000000001,0.046345,0.009898
273600,a5X4fE5zpQbXHp+oiI8u3D+LaVAygcxp6CZTAuhJUoCz9H1Y2xQnXKznmZGyW5yJ,0.0007769999999999999,0.092766,0.010825
273900,a5X4fE5zpQbXHp+oiI8u3D+LaVAygcxp6CZTAuhJUoCz9H1Y2xQnXKznmZGyW5yJ,0.000364,0.050504,0.010315000000000001
274200,a5X4fE5zpQbXHp+oiI8u3D+LaVAygcxp6CZTAuhJUoCz9H1Y2xQnXKznmZGyW5yJ,0.000788,0.053068,0.009912
274500,a5X4fE5zpQbXHp+oiI8u3D+LaVAygcxp6CZTAuhJUoCz9H1Y2xQnXKznmZGyW5yJ,0.00034500000000000004,0.047916,0.009694
274800,a5X4fE5zpQbXHp+oiI8u3D+LaVAygcxp6CZTAuhJUoCz9H1Y2xQnXKznmZGyW5yJ,0.000814,0.064471,0.009507999999999999
275100,a5X4fE5zpQbXHp+oiI8u3D+LaVAygcxp6CZTAuhJUoCz9H1Y2xQnXKznmZGyW5yJ,0.000404,0.048820999999999996,0.010194
275400,a5X4fE5zpQbXHp+oiI8u3D+LaVAygcxp6CZTAuhJUoCz9H1Y2xQnXKznmZGyW5yJ,0.0008,0.046487,0.009937
275700,a5X4fE5zpQbXHp+oiI8u3D+LaVAygcxp6CZTAuhJUoCz9H1Y2xQnXKznmZGyW5yJ,0.000433,0.054607,0.009411
276000,a5X4fE5zpQbXHp+oiI8u3D+LaVAygcxp6CZTAuhJUoCz9H1Y2xQnXKznmZGyW5yJ,0.000394,0.05821900000000001,0.009661
276300,a5X4fE5zpQbXHp+oiI8u3D+LaVAygcxp6CZTAuhJUoCz9H1Y2xQnXKznmZGyW5yJ,0.00082,0.056750999999999996,0.010569
276600,a5X4fE5zpQbXHp+oiI8u3D+LaVAygcxp6CZTAuhJUoCz9H1Y2xQnXKznmZGyW5yJ,0.0007480000000000001,1.217906,0.018663
276900,a5X4fE5zpQbXHp+oiI8u3D+LaVAygcxp6CZTAuhJUoCz9H1Y2xQnXKznmZGyW5yJ,0.000773,0.049907,0.01051
277200,a5X4fE5zpQbXHp+oiI8u3D+LaVAygcxp6CZTAuhJUoCz9H1Y2xQnXKznmZGyW5yJ,0.000729,0.066376,0.009481
277500,a5X4fE5zpQbXHp+oiI8u3D+LaVAygcxp6CZTAuhJUoCz9H1Y2xQnXKznmZGyW5yJ,0.000773,0.066673,0.010478
277800,a5X4fE5zpQbXHp+oiI8u3D+LaVAygcxp6CZTAuhJUoCz9H1Y2xQnXKznmZGyW5yJ,0.00063,0.072009,0.009457
278100,a5X4fE5zpQbXHp+oiI8u3D+LaVAygcxp6CZTAuhJUoCz9H1Y2xQnXKznmZGyW5yJ,0.000953,0.055707000000000007,0.010561
278400,a5X4fE5zpQbXHp+oiI8u3D+LaVAygcxp6CZTAuhJUoCz9H1Y2xQnXKznmZGyW5yJ,0.000404,0.046748000000000005,0.009348
278700,a5X4fE5zpQbXHp+oiI8u3D+LaVAygcxp6CZTAuhJUoCz9H1Y2xQnXKznmZGyW5yJ,0.000394,0.09464299999999999,0.011087
279000,a5X4fE5zpQbXHp+oiI8u3D+LaVAygcxp6CZTAuhJUoCz9H1Y2xQnXKznmZGyW5yJ,0.00064,0.048296,0.00953
279300,a5X4fE5zpQbXHp+oiI8u3D+LaVAygcxp6CZTAuhJUoCz9H1Y2xQnXKznmZGyW5yJ,0.000364,0.058105,0.010237999999999999
279600,a5X4fE5zpQbXHp+oiI8u3D+LaVAygcxp6CZTAuhJUoCz9H1Y2xQnXKznmZGyW5yJ,0.0008990000000000001,0.05291799999999999,0.0099
279900,a5X4fE5zpQbXHp+oiI8u3D+LaVAygcxp6CZTAuhJUoCz9H1Y2xQnXKznmZGyW5yJ,0.00037400000000000004,0.071349,0.010032
280200,a5X4fE5zpQbXHp+oiI8u3D+LaVAygcxp6CZTAuhJUoCz9H1Y2xQnXKznmZGyW5yJ,0.000834,0.052909000000000005,0.009987000000000001
280500,a5X4fE5zpQbXHp+oiI8u3D+LaVAygcxp6CZTAuhJUoCz9H1Y2xQnXKznmZGyW5yJ,0.000433,0.049329000000000005,0.010102
280800,a5X4fE5zpQbXHp+oiI8u3D+LaVAygcxp6CZTAuhJUoCz9H1Y2xQnXKznmZGyW5yJ,0.000863,0.073567,0.01
281100,a5X4fE5zpQbXHp+oiI8u3D+LaVAygcxp6CZTAuhJUoCz9H1Y2xQnXKznmZGyW5yJ,0.000571,0.059412,0.0099
281400,a5X4fE5zpQbXHp+oiI8u3D+LaVAygcxp6CZTAuhJUoCz9H1Y2xQnXKznmZGyW5yJ,0.000719,0.064182,0.00939
281700,a5X4fE5zpQbXHp+oiI8u3D+LaVAygcxp6CZTAuhJUoCz9H1Y2xQnXKznmZGyW5yJ,0.00075,0.078986,0.01066
282000,a5X4fE5zpQbXHp+oiI8u3D+LaVAygcxp6CZTAuhJUoCz9H1Y2xQnXKznmZGyW5yJ,0.000532,0.06071699999999999,0.009336
282300,a5X4fE5zpQbXHp+oiI8u3D+LaVAygcxp6CZTAuhJUoCz9H1Y2xQnXKznmZGyW5yJ,0.000767,0.057099000000000004,0.011466
282600,a5X4fE5zpQbXHp+oiI8u3D+LaVAygcxp6CZTAuhJUoCz9H1Y2xQnXKznmZGyW5yJ,0.000364,0.077433,0.008995999999999999
282900,a5X4fE5zpQbXHp+oiI8u3D+LaVAygcxp6CZTAuhJUoCz9H1Y2xQnXKznmZGyW5yJ,0.000778,0.047544,0.010218000000000001
283200,a5X4fE5zpQbXHp+oiI8u3D+LaVAygcxp6CZTAuhJUoCz9H1Y2xQnXKznmZGyW5yJ,0.000463,0.054478,0.009353
283500,a5X4fE5zpQbXHp+oiI8u3D+LaVAygcxp6CZTAuhJUoCz9H1Y2xQnXKznmZGyW5yJ,0.000746,0.076527,0.010537999999999999
283800,a5X4fE5zpQbXHp+oiI8u3D+LaVAygcxp6CZTAuhJUoCz9H1Y2xQnXKznmZGyW5yJ,0.00037400000000000004,0.05608200000000001,0.009004999999999999
284100,a5X4fE5zpQbXHp+oiI8u3D+LaVAygcxp6CZTAuhJUoCz9H1Y2xQnXKznmZGyW5yJ,0.000305,0.047579,0.010116
284400,a5X4fE5zpQbXHp+oiI8u3D+LaVAygcxp6CZTAuhJUoCz9H1Y2xQnXKznmZGyW5yJ,0.000768,0.057438,0.009852
284700,a5X4fE5zpQbXHp+oiI8u3D+LaVAygcxp6CZTAuhJUoCz9H1Y2xQnXKznmZGyW5yJ,0.00034500000000000004,0.05123200000000001,0.009656999999999999
285000,a5X4fE5zpQbXHp+oiI8u3D+LaVAygcxp6CZTAuhJUoCz9H1Y2xQnXKznmZGyW5yJ,0.000763,0.070561,0.00995
285300,a5X4fE5zpQbXHp+oiI8u3D+LaVAygcxp6CZTAuhJUoCz9H1Y2xQnXKznmZGyW5yJ,0.0006889999999999999,0.069114,0.010134
285600,a5X4fE5zpQbXHp+oiI8u3D+LaVAygcxp6CZTAuhJUoCz9H1Y2xQnXKznmZGyW5yJ,0.000933,0.06819800000000001,0.009855
285900,a5X4fE5zpQbXHp+oiI8u3D+LaVAygcxp6CZTAuhJUoCz9H1Y2xQnXKznmZGyW5yJ,0.000571,0.065037,0.010923
286200,a5X4fE5zpQbXHp+oiI8u3D+LaVAygcxp6CZTAuhJUoCz9H1Y2xQnXKznmZGyW5yJ,0.000718,0.06449400000000001,0.009862000000000001
286500,a5X4fE5zpQbXHp+oiI8u3D+LaVAygcxp6CZTAuhJUoCz9H1Y2xQnXKznmZGyW5yJ,0.000611,0.054414,0.010423
286800,a5X4fE5zpQbXHp+oiI8u3D+LaVAygcxp6CZTAuhJUoCz9H1Y2xQnXKznmZGyW5yJ,0.000364,0.045635,0.009361
287100,a5X4fE5zpQbXHp+oiI8u3D+LaVAygcxp6CZTAuhJUoCz9H1Y2xQnXKznmZGyW5yJ,0.000867,0.050062,0.010284999999999999
287400,a5X4fE5zpQbXHp+oiI8u3D+LaVAygcxp6CZTAuhJUoCz9H1Y2xQnXKznmZGyW5yJ,0.000482,0.058995000000000006,0.009625
287700,a5X4fE5zpQbXHp+oiI8u3D+LaVAygcxp6CZTAuhJUoCz9H1Y2xQnXKznmZGyW5yJ,0.0007030000000000001,0.070137,0.010706
288000,a5X4fE5zpQbXHp+oiI8u3D+LaVAygcxp6CZTAuhJUoCz9H1Y2xQnXKznmZGyW5yJ,0.000373,0.05134299999999999,0.009359000000000001
288300,a5X4fE5zpQbXHp+oiI8u3D+LaVAygcxp6CZTAuhJUoCz9H1Y2xQnXKznmZGyW5yJ,0.000826,0.052071000000000006,0.010556999999999999
288600,a5X4fE5zpQbXHp+oiI8u3D+LaVAygcxp6CZTAuhJUoCz9H1Y2xQnXKznmZGyW5yJ,0.0007480000000000001,0.058450999999999996,0.009356
288900,a5X4fE5zpQbXHp+oiI8u3D+LaVAygcxp6CZTAuhJUoCz9H1Y2xQnXKznmZGyW5yJ,0.000794,0.052740999999999996,0.010622
289200,a5X4fE5zpQbXHp+oiI8u3D+LaVAygcxp6CZTAuhJUoCz9H1Y2xQnXKznmZGyW5yJ,0.00064,0.07076,0.009498999999999999
289500,a5X4fE5zpQbXHp+oiI8u3D+LaVAygcxp6CZTAuhJUoCz9H1Y2xQnXKznmZGyW5yJ,0.000512,0.053749,0.011047
289800,a5X4fE5zpQbXHp+oiI8u3D+LaVAygcxp6CZTAuhJUoCz9H1Y2xQnXKznmZGyW5yJ,0.0008640000000000001,0.047443,0.009890000000000001
290100,a5X4fE5zpQbXHp+oiI8u3D+LaVAygcxp6CZTAuhJUoCz9H1Y2xQnXKznmZGyW5yJ,0.00034500000000000004,0.074128,0.010059
290400,a5X4fE5zpQbXHp+oiI8u3D+LaVAygcxp6CZTAuhJUoCz9H1Y2xQnXKznmZGyW5yJ,0.0007379999999999999,0.06435,0.009940000000000001
290700,a5X4fE5zpQbXHp+oiI8u3D+LaVAygcxp6CZTAuhJUoCz9H1Y2xQnXKznmZGyW5yJ,0.000492,0.051662,0.009803000000000001
291000,a5X4fE5zpQbXHp+oiI8u3D+LaVAygcxp6CZTAuhJUoCz9H1Y2xQnXKznmZGyW5yJ,0.000992,0.066386,0.009936
291300,a5X4fE5zpQbXHp+oiI8u3D+LaVAygcxp6CZTAuhJUoCz9H1Y2xQnXKznmZGyW5yJ,0.000394,0.071043,0.010193
291600,a5X4fE5zpQbXHp+oiI8u3D+LaVAygcxp6CZTAuhJUoCz9H1Y2xQnXKznmZGyW5yJ,0.000712,0.048021,0.010058
291900,a5X4fE5zpQbXHp+oiI8u3D+LaVAygcxp6CZTAuhJUoCz9H1Y2xQnXKznmZGyW5yJ,0.000551,0.052845,0.009732
292200,a5X4fE5zpQbXHp+oiI8u3D+LaVAygcxp6CZTAuhJUoCz9H1Y2xQnXKznmZGyW5yJ,0.00062,0.07105800000000001,0.009798000000000001
292500,a5X4fE5zpQbXHp+oiI8u3D+LaVAygcxp6CZTAuhJUoCz9H1Y2xQnXKznmZGyW5yJ,0.000726,0.052851,0.010704
292800,a5X4fE5zpQbXHp+oiI8u3D+LaVAygcxp6CZTAuhJUoCz9H1Y2xQnXKznmZGyW5yJ,0.000522,0.050417000000000003,0.009346
293100,a5X4fE5zpQbXHp+oiI8u3D+LaVAygcxp6CZTAuhJUoCz9H1Y2xQnXKznmZGyW5yJ,0.000775,0.058423,0.011493000000000001
293400,a5X4fE5zpQbXHp+oiI8u3D+LaVAygcxp6CZTAuhJUoCz9H1Y2xQnXKznmZGyW5yJ,0.000354,0.04979,0.009384
293700,a5X4fE5zpQbXHp+oiI8u3D+LaVAygcxp6CZTAuhJUoCz9H1Y2xQnXKznmZGyW5yJ,0.000743,0.069451,0.010686
294000,a5X4fE5zpQbXHp+oiI8u3D+LaVAygcxp6CZTAuhJUoCz9H1Y2xQnXKznmZGyW5yJ,0.000532,0.749113,0.013909999999999999
294300,a5X4fE5zpQbXHp+oiI8u3D+LaVAygcxp6CZTAuhJUoCz9H1Y2xQnXKznmZGyW5yJ,0.000691,0.059441999999999995,0.01073
294600,a5X4fE5zpQbXHp+oiI8u3D+LaVAygcxp6CZTAuhJUoCz9H1Y2xQnXKznmZGyW5yJ,0.000394,0.054089,0.009138
294900,a5X4fE5zpQbXHp+oiI8u3D+LaVAygcxp6CZTAuhJUoCz9H1Y2xQnXKznmZGyW5yJ,0.000621,0.05570599999999999,0.010199
295200,a5X4fE5zpQbXHp+oiI8u3D+LaVAygcxp6CZTAuhJUoCz9H1Y2xQnXKznmZGyW5yJ,0.0007440000000000001,0.068287,0.009968000000000001
295500,a5X4fE5zpQbXHp+oiI8u3D+LaVAygcxp6CZTAuhJUoCz9H1Y2xQnXKznmZGyW5yJ,0.000404,0.074249,0.010138
295800,a5X4fE5zpQbXHp+oiI8u3D+LaVAygcxp6CZTAuhJUoCz9H1Y2xQnXKznmZGyW5yJ,0.000769,0.06715299999999999,0.009869
296100,a5X4fE5zpQbXHp+oiI8u3D+LaVAygcxp6CZTAuhJUoCz9H1Y2xQnXKznmZGyW5yJ,0.000729,0.06411599999999999,0.010109
296400,a5X4fE5zpQbXHp+oiI8u3D+LaVAygcxp6CZTAuhJUoCz9H1Y2xQnXKznmZGyW5yJ,0.000822,0.050283,0.009921
296700,a5X4fE5zpQbXHp+oiI8u3D+LaVAygcxp6CZTAuhJUoCz9H1Y2xQnXKznmZGyW5yJ,0.00037400000000000004,0.081027,0.010976
297000,a5X4fE5zpQbXHp+oiI8u3D+LaVAygcxp6CZTAuhJUoCz9H1Y2xQnXKznmZGyW5yJ,0.000695,0.072715,0.009897
297300,a5X4fE5zpQbXHp+oiI8u3D+LaVAygcxp6CZTAuhJUoCz9H1Y2xQnXKznmZGyW5yJ,0.000364,0.076298,0.010397
297600,a5X4fE5zpQbXHp+oiI8u3D+LaVAygcxp6CZTAuhJUoCz9H1Y2xQnXKznmZGyW5yJ,0.000325,0.051935,0.009120999999999999
297900,a5X4fE5zpQbXHp+oiI8u3D+LaVAygcxp6CZTAuhJUoCz9H1Y2xQnXKznmZGyW5yJ,0.000704,0.079341,0.010704
298200,a5X4fE5zpQbXHp+oiI8u3D+LaVAygcxp6CZTAuhJUoCz9H1Y2xQnXKznmZGyW5yJ,0.000463,0.048796,0.009548000000000001
298500,a5X4fE5zpQbXHp+oiI8u3D+LaVAygcxp6CZTAuhJUoCz9H1Y2xQnXKznmZGyW5yJ,0.000741,0.06711,0.010668
298800,a5X4fE5zpQbXHp+oiI8u3D+LaVAygcxp6CZTAuhJUoCz9H1Y2xQnXKznmZGyW5yJ,0.000522,0.055639999999999995,0.00949
299100,a5X4fE5zpQbXHp+oiI8u3D+LaVAygcxp6CZTAuhJUoCz9H1Y2xQnXKznmZGyW5yJ,0.000737,0.072238,0.010714
299400,a5X4fE5zpQbXHp+oiI8u3D+LaVAygcxp6CZTAuhJUoCz9H1Y2xQnXKznmZGyW5yJ,0.00063,0.069992,0.009572
299700,a5X4fE5zpQbXHp+oiI8u3D+LaVAygcxp6CZTAuhJUoCz9H1Y2xQnXKznmZGyW5yJ,0.00072,0.066234,0.010851000000000001
300000,a5X4fE5zpQbXHp+oiI8u3D+LaVAygcxp6CZTAuhJUoCz9H1Y2xQnXKznmZGyW5yJ,0.000551,0.044675,0.009463
300300,a5X4fE5zpQbXHp+oiI8u3D+LaVAygcxp6CZTAuhJUoCz9H1Y2xQnXKznmZGyW5yJ,0.000541,0.073386,0.011048
300600,a5X4fE5zpQbXHp+oiI8u3D+LaVAygcxp6CZTAuhJUoCz9H1Y2xQnXKznmZGyW5yJ,0.000712,0.045103,0.01006
300900,a5X4fE5zpQbXHp+oiI8u3D+LaVAygcxp6CZTAuhJUoCz9H1Y2xQnXKznmZGyW5yJ,0.00034500000000000004,0.058418,0.01023
301200,a5X4fE5zpQbXHp+oiI8u3D+LaVAygcxp6CZTAuhJUoCz9H1Y2xQnXKznmZGyW5yJ,0.00074,0.048933,0.0099
301500,a5X4fE5zpQbXHp+oiI8u3D+LaVAygcxp6CZTAuhJUoCz9H1Y2xQnXKznmZGyW5yJ,0.000364,0.064179,0.010106
301800,a5X4fE5zpQbXHp+oiI8u3D+LaVAygcxp6CZTAuhJUoCz9H1Y2xQnXKznmZGyW5yJ,0.000691,0.051408,0.010015999999999999
302100,a5X4fE5zpQbXHp+oiI8u3D+LaVAygcxp6CZTAuhJUoCz9H1Y2xQnXKznmZGyW5yJ,0.000394,0.057852999999999995,0.009885
302400,a5X4fE5zpQbXHp+oiI8u3D+LaVAygcxp6CZTAuhJUoCz9H1Y2xQnXKznmZGyW5yJ,0.000755,0.066343,0.010025
302700,a5X4fE5zpQbXHp+oiI8u3D+LaVAygcxp6CZTAuhJUoCz9H1Y2xQnXKznmZGyW5yJ,0.00054,0.065344,0.010189
303000,a5X4fE5zpQbXHp+oiI8u3D+LaVAygcxp6CZTAuhJUoCz9H1Y2xQnXKznmZGyW5yJ,0.000746,0.059792,0.009584
303300,a5X4fE5zpQbXHp+oiI8u3D+LaVAygcxp6CZTAuhJUoCz9H1Y2xQnXKznmZGyW5yJ,0.0007570000000000001,0.056009,0.010725
303600,a5X4fE5zpQbXHp+oiI8u3D+LaVAygcxp6CZTAuhJUoCz9H1Y2xQnXKznmZGyW5yJ,0.000695,0.055272,0.009486
303900,a5X4fE5zpQbXHp+oiI8u3D+LaVAygcxp6CZTAuhJUoCz9H1Y2xQnXKznmZGyW5yJ,0.0007700000000000001,0.05901,0.011623
304200,a5X4fE5zpQbXHp+oiI8u3D+LaVAygcxp6CZTAuhJUoCz9H1Y2xQnXKznmZGyW5yJ,0.000826,0.065305,0.010248
304500,a5X4fE5zpQbXHp+oiI8u3D+LaVAygcxp6CZTAuhJUoCz9H1Y2xQnXKznmZGyW5yJ,0.000877,0.063951,0.010667
304800,a5X4fE5zpQbXHp+oiI8u3D+LaVAygcxp6CZTAuhJUoCz9H1Y2xQnXKznmZGyW5yJ,0.000858,0.053392999999999996,0.009712
305100,a5X4fE5zpQbXHp+oiI8u3D+LaVAygcxp6CZTAuhJUoCz9H1Y2xQnXKznmZGyW5yJ,0.000865,0.064975,0.010594
305400,a5X4fE5zpQbXHp+oiI8u3D+LaVAygcxp6CZTAuhJUoCz9H1Y2xQnXKznmZGyW5yJ,0.0008179999999999999,0.065135,0.010046
305700,a5X4fE5zpQbXHp+oiI8u3D+LaVAygcxp6CZTAuhJUoCz9H1Y2xQnXKznmZGyW5yJ,0.0008640000000000001,0.077761,0.010487999999999999
306000,a5X4fE5zpQbXHp+oiI8u3D+LaVAygcxp6CZTAuhJUoCz9H1Y2xQnXKznmZGyW5yJ,0.0007509999999999999,0.045898,0.009713
306300,a5X4fE5zpQbXHp+oiI8u3D+LaVAygcxp6CZTAuhJUoCz9H1Y2xQnXKznmZGyW5yJ,0.0007570000000000001,0.06550700000000001,0.010586
306600,a5X4fE5zpQbXHp+oiI8u3D+LaVAygcxp6CZTAuhJUoCz9H1Y2xQnXKznmZGyW5yJ,0.000772,0.07377,0.010067
306900,a5X4fE5zpQbXHp+oiI8u3D+LaVAygcxp6CZTAuhJUoCz9H1Y2xQnXKznmZGyW5yJ,0.0008089999999999999,0.066316,0.010792
307200,a5X4fE5zpQbXHp+oiI8u3D+LaVAygcxp6CZTAuhJUoCz9H1Y2xQnXKznmZGyW5yJ,0.000769,0.0535,0.010001999999999999
307500,a5X4fE5zpQbXHp+oiI8u3D+LaVAygcxp6CZTAuhJUoCz9H1Y2xQnXKznmZGyW5yJ,0.000999,0.075574,0.012014
307800,a5X4fE5zpQbXHp+oiI8u3D+LaVAygcxp6CZTAuhJUoCz9H1Y2xQnXKznmZGyW5yJ,0.0007160000000000001,0.056112,0.009837
308100,a5X4fE5zpQbXHp+oiI8u3D+LaVAygcxp6CZTAuhJUoCz9H1Y2xQnXKznmZGyW5yJ,0.000601,0.071119,0.011023999999999999
308400,a5X4fE5zpQbXHp+oiI8u3D+LaVAygcxp6CZTAuhJUoCz9H1Y2xQnXKznmZGyW5yJ,0.000512,0.091668,0.010345
308700,a5X4fE5zpQbXHp+oiI8u3D+LaVAygcxp6CZTAuhJUoCz9H1Y2xQnXKznmZGyW5yJ,0.0006940000000000001,0.086714,0.010683
309000,a5X4fE5zpQbXHp+oiI8u3D+LaVAygcxp6CZTAuhJUoCz9H1Y2xQnXKznmZGyW5yJ,0.000433,0.09083,0.010542000000000001
309300,a5X4fE5zpQbXHp+oiI8u3D+LaVAygcxp6CZTAuhJUoCz9H1Y2xQnXKznmZGyW5yJ,0.000807,0.063791,0.010702
309600,a5X4fE5zpQbXHp+oiI8u3D+LaVAygcxp6CZTAuhJUoCz9H1Y2xQnXKznmZGyW5yJ,0.000621,0.08655800000000001,0.0101
309900,a5X4fE5zpQbXHp+oiI8u3D+LaVAygcxp6CZTAuhJUoCz9H1Y2xQnXKznmZGyW5yJ,0.000767,0.056786,0.010665
310200,a5X4fE5zpQbXHp+oiI8u3D+LaVAygcxp6CZTAuhJUoCz9H1Y2xQnXKznmZGyW5yJ,0.00066,0.07549299999999999,0.010054
310500,a5X4fE5zpQbXHp+oiI8u3D+LaVAygcxp6CZTAuhJUoCz9H1Y2xQnXKznmZGyW5yJ,0.00073,0.165188,0.012190000000000001
310800,a5X4fE5zpQbXHp+oiI8u3D+LaVAygcxp6CZTAuhJUoCz9H1Y2xQnXKznmZGyW5yJ,0.0006490000000000001,0.080664,0.009862000000000001
311100,a5X4fE5zpQbXHp+oiI8u3D+LaVAygcxp6CZTAuhJUoCz9H1Y2xQnXKznmZGyW5yJ,0.000709,0.093514,0.011881000000000001
311400,a5X4fE5zpQbXHp+oiI8u3D+LaVAygcxp6CZTAuhJUoCz9H1Y2xQnXKznmZGyW5yJ,0.00078,0.072835,0.010006000000000001
311700,a5X4fE5zpQbXHp+oiI8u3D+LaVAygcxp6CZTAuhJUoCz9H1Y2xQnXKznmZGyW5yJ,0.000679,0.08530700000000001,0.010622
312000,a5X4fE5zpQbXHp+oiI8u3D+LaVAygcxp6CZTAuhJUoCz9H1Y2xQnXKznmZGyW5yJ,0.0007469999999999999,0.058236,0.009978
312300,a5X4fE5zpQbXHp+oiI8u3D+LaVAygcxp6CZTAuhJUoCz9H1Y2xQnXKznmZGyW5yJ,0.000728,0.076157,0.010689
312600,a5X4fE5zpQbXHp+oiI8u3D+LaVAygcxp6CZTAuhJUoCz9H1Y2xQnXKznmZGyW5yJ,0.0008960000000000001,0.052863,0.00981
312900,a5X4fE5zpQbXHp+oiI8u3D+LaVAygcxp6CZTAuhJUoCz9H1Y2xQnXKznmZGyW5yJ,0.00066,0.080226,0.010443000000000001
313200,a5X4fE5zpQbXHp+oiI8u3D+LaVAygcxp6CZTAuhJUoCz9H1Y2xQnXKznmZGyW5yJ,0.000942,0.065834,0.009978
313500,a5X4fE5zpQbXHp+oiI8u3D+LaVAygcxp6CZTAuhJUoCz9H1Y2xQnXKznmZGyW5yJ,0.00061,0.078122,0.010584999999999999
313800,a5X4fE5zpQbXHp+oiI8u3D+LaVAygcxp6CZTAuhJUoCz9H1Y2xQnXKznmZGyW5yJ,0.000659,1.216985,0.019495
314100,a5X4fE5zpQbXHp+oiI8u3D+LaVAygcxp6CZTAuhJUoCz9H1Y2xQnXKznmZGyW5yJ,0.0007480000000000001,0.051803999999999996,0.01051
314400,a5X4fE5zpQbXHp+oiI8u3D+LaVAygcxp6CZTAuhJUoCz9H1Y2xQnXKznmZGyW5yJ,0.00062,0.084011,0.010320999999999999
314700,a5X4fE5zpQbXHp+oiI8u3D+LaVAygcxp6CZTAuhJUoCz9H1Y2xQnXKznmZGyW5yJ,0.000742,0.051985,0.011658
315000,a5X4fE5zpQbXHp+oiI8u3D+LaVAygcxp6CZTAuhJUoCz9H1Y2xQnXKznmZGyW5yJ,0.0006580000000000001,0.057599000000000004,0.010008
315300,a5X4fE5zpQbXHp+oiI8u3D+LaVAygcxp6CZTAuhJUoCz9H1Y2xQnXKznmZGyW5yJ,0.000766,0.052173000000000004,0.011184999999999999
315600,a5X4fE5zpQbXHp+oiI8u3D+LaVAygcxp6CZTAuhJUoCz9H1Y2xQnXKznmZGyW5yJ,0.000601,0.064474,0.009627
315900,a5X4fE5zpQbXHp+oiI8u3D+LaVAygcxp6CZTAuhJUoCz9H1Y2xQnXKznmZGyW5yJ,0.000754,0.068728,0.010719
316200,a5X4fE5zpQbXHp+oiI8u3D+LaVAygcxp6CZTAuhJUoCz9H1Y2xQnXKznmZGyW5yJ,0.000522,0.07153999999999999,0.009641
316500,a5X4fE5zpQbXHp+oiI8u3D+LaVAygcxp6CZTAuhJUoCz9H1Y2xQnXKznmZGyW5yJ,0.0006,0.052101999999999996,0.010368
316800,a5X4fE5zpQbXHp+oiI8u3D+LaVAygcxp6CZTAuhJUoCz9H1Y2xQnXKznmZGyW5yJ,0.000776,0.082938,0.010624
317100,a5X4fE5zpQbXHp+oiI8u3D+LaVAygcxp6CZTAuhJUoCz9H1Y2xQnXKznmZGyW5yJ,0.000492,0.058553999999999995,0.010472
317400,a5X4fE5zpQbXHp+oiI8u3D+LaVAygcxp6CZTAuhJUoCz9H1Y2xQnXKznmZGyW5yJ,0.000724,0.049963,0.009847
317700,a5X4fE5zpQbXHp+oiI8u3D+LaVAygcxp6CZTAuhJUoCz9H1Y2xQnXKznmZGyW5yJ,0.00042300000000000004,0.049498,0.01
318000,a5X4fE5zpQbXHp+oiI8u3D+LaVAygcxp6CZTAuhJUoCz9H1Y2xQnXKznmZGyW5yJ,0.000663,0.069614,0.009917
318300,a5X4fE5zpQbXHp+oiI8u3D+LaVAygcxp6CZTAuhJUoCz9H1Y2xQnXKznmZGyW5yJ,0.000433,0.054326,0.011409
318600,a5X4fE5zpQbXHp+oiI8u3D+LaVAygcxp6CZTAuhJUoCz9H1Y2xQnXKznmZGyW5yJ,0.000805,0.053720000000000004,0.009994
318900,a5X4fE5zpQbXHp+oiI8u3D+LaVAygcxp6CZTAuhJUoCz9H1Y2xQnXKznmZGyW5yJ,0.000606,0.061727,0.009940000000000001
319200,a5X4fE5zpQbXHp+oiI8u3D+LaVAygcxp6CZTAuhJUoCz9H1Y2xQnXKznmZGyW5yJ,0.000443,0.06626900000000001,0.009551
319500,a5X4fE5zpQbXHp+oiI8u3D+LaVAygcxp6CZTAuhJUoCz9H1Y2xQnXKznmZGyW5yJ,0.0007599999999999999,0.069273,0.010588
319800,a5X4fE5zpQbXHp+oiI8u3D+LaVAygcxp6CZTAuhJUoCz9H1Y2xQnXKznmZGyW5yJ,0.000552,0.066984,0.009337999999999999
320100,a5X4fE5zpQbXHp+oiI8u3D+LaVAygcxp6CZTAuhJUoCz9H1Y2xQnXKznmZGyW5yJ,0.000865,0.068538,0.010655
320400,a5X4fE5zpQbXHp+oiI8u3D+LaVAygcxp6CZTAuhJUoCz9H1Y2xQnXKznmZGyW5yJ,0.0005610000000000001,0.065854,0.009818
320700,a5X4fE5zpQbXHp+oiI8u3D+LaVAygcxp6CZTAuhJUoCz9H1Y2xQnXKznmZGyW5yJ,0.000726,0.050802,0.010645
321000,a5X4fE5zpQbXHp+oiI8u3D+LaVAygcxp6CZTAuhJUoCz9H1Y2xQnXKznmZGyW5yJ,0.000433,0.058391,0.009496
321300,a5X4fE5zpQbXHp+oiI8u3D+LaVAygcxp6CZTAuhJUoCz9H1Y2xQnXKznmZGyW5yJ,0.000731,0.06515599999999999,0.010806
321600,a5X4fE5zpQbXHp+oiI8u3D+LaVAygcxp6CZTAuhJUoCz9H1Y2xQnXKznmZGyW5yJ,0.000463,0.050854,0.009442
321900,a5X4fE5zpQbXHp+oiI8u3D+LaVAygcxp6CZTAuhJUoCz9H1Y2xQnXKznmZGyW5yJ,0.0007769999999999999,0.07169600000000001,0.011209
322200,a5X4fE5zpQbXHp+oiI8u3D+LaVAygcxp6CZTAuhJUoCz9H1Y2xQnXKznmZGyW5yJ,0.000364,0.056355999999999996,0.009161
322500,a5X4fE5zpQbXHp+oiI8u3D+LaVAygcxp6CZTAuhJUoCz9H1Y2xQnXKznmZGyW5yJ,0.000522,0.069155,0.01012
322800,a5X4fE5zpQbXHp+oiI8u3D+LaVAygcxp6CZTAuhJUoCz9H1Y2xQnXKznmZGyW5yJ,0.000725,0.09022899999999999,0.009956
323100,a5X4fE5zpQbXHp+oiI8u3D+LaVAygcxp6CZTAuhJUoCz9H1Y2xQnXKznmZGyW5yJ,0.000732,0.053498000000000004,0.009734999999999999
323400,a5X4fE5zpQbXHp+oiI8u3D+LaVAygcxp6CZTAuhJUoCz9H1Y2xQnXKznmZGyW5yJ,0.000735,0.053535,0.00996
323700,a5X4fE5zpQbXHp+oiI8u3D+LaVAygcxp6CZTAuhJUoCz9H1Y2xQnXKznmZGyW5yJ,0.00065,0.07089,0.010178
324000,a5X4fE5zpQbXHp+oiI8u3D+LaVAygcxp6CZTAuhJUoCz9H1Y2xQnXKznmZGyW5yJ,0.000723,0.073071,0.009912
324300,a5X4fE5zpQbXHp+oiI8u3D+LaVAygcxp6CZTAuhJUoCz9H1Y2xQnXKznmZGyW5yJ,0.000502,0.403943,0.014165
324600,a5X4fE5zpQbXHp+oiI8u3D+LaVAygcxp6CZTAuhJUoCz9H1Y2xQnXKznmZGyW5yJ,0.0007559999999999999,0.056266,0.010028
324900,a5X4fE5zpQbXHp+oiI8u3D+LaVAygcxp6CZTAuhJUoCz9H1Y2xQnXKznmZGyW5yJ,0.000325,0.064722,0.009537
325200,a5X4fE5zpQbXHp+oiI8u3D+LaVAygcxp6CZTAuhJUoCz9H1Y2xQnXKznmZGyW5yJ,0.000532,0.056027999999999994,0.009809
325500,a5X4fE5zpQbXHp+oiI8u3D+LaVAygcxp6CZTAuhJUoCz9H1Y2xQnXKznmZGyW5yJ,0.000721,0.06869600000000001,0.011770000000000001
325800,a5X4fE5zpQbXHp+oiI8u3D+LaVAygcxp6CZTAuhJUoCz9H1Y2xQnXKznmZGyW5yJ,0.000404,0.060802999999999996,0.009474
326100,a5X4fE5zpQbXHp+oiI8u3D+LaVAygcxp6CZTAuhJUoCz9H1Y2xQnXKznmZGyW5yJ,0.000766,0.046392,0.010625
326400,a5X4fE5zpQbXHp+oiI8u3D+LaVAygcxp6CZTAuhJUoCz9H1Y2xQnXKznmZGyW5yJ,0.000325,0.068988,0.009459
326700,a5X4fE5zpQbXHp+oiI8u3D+LaVAygcxp6CZTAuhJUoCz9H1Y2xQnXKznmZGyW5yJ,0.00075,0.065718,0.010625
327000,a5X4fE5zpQbXHp+oiI8u3D+LaVAygcxp6CZTAuhJUoCz9H1Y2xQnXKznmZGyW5yJ,0.000433,0.047708999999999994,0.009354000000000001
327300,a5X4fE5zpQbXHp+oiI8u3D+LaVAygcxp6CZTAuhJUoCz9H1Y2xQnXKznmZGyW5yJ,0.000729,0.05260700000000001,0.01063
327600,a5X4fE5zpQbXHp+oiI8u3D+LaVAygcxp6CZTAuhJUoCz9H1Y2xQnXKznmZGyW5yJ,0.000719,0.064751,0.009811
327900,a5X4fE5zpQbXHp+oiI8u3D+LaVAygcxp6CZTAuhJUoCz9H1Y2xQnXKznmZGyW5yJ,0.000522,0.07325,0.01008
328200,a5X4fE5zpQbXHp+oiI8u3D+LaVAygcxp6CZTAuhJUoCz9H1Y2xQnXKznmZGyW5yJ,0.000752,0.055067,0.009917
328500,a5X4fE5zpQbXHp+oiI8u3D+LaVAygcxp6CZTAuhJUoCz9H1Y2xQnXKznmZGyW5yJ,0.000492,0.054959,0.010143000000000001
328800,a5X4fE5zpQbXHp+oiI8u3D+LaVAygcxp6CZTAuhJUoCz9H1Y2xQnXKznmZGyW5yJ,0.000724,0.065117,0.0099
329100,a5X4fE5zpQbXHp+oiI8u3D+LaVAygcxp6CZTAuhJUoCz9H1Y2xQnXKznmZGyW5yJ,0.000404,0.052247,0.011118000000000001
329400,a5X4fE5zpQbXHp+oiI8u3D+LaVAygcxp6CZTAuhJUoCz9H1Y2xQnXKznmZGyW5yJ,0.00072,0.070457,0.009884
329700,a5X4fE5zpQbXHp+oiI8u3D+LaVAygcxp6CZTAuhJUoCz9H1Y2xQnXKznmZGyW5yJ,0.000512,0.050563,0.010376
330000,a5X4fE5zpQbXHp+oiI8u3D+LaVAygcxp6CZTAuhJUoCz9H1Y2xQnXKznmZGyW5yJ,0.000729,0.049576999999999996,0.009514
330300,a5X4fE5zpQbXHp+oiI8u3D+LaVAygcxp6CZTAuhJUoCz9H1Y2xQnXKznmZGyW5yJ,0.00059,0.049178,0.00957
330600,a5X4fE5zpQbXHp+oiI8u3D+LaVAygcxp6CZTAuhJUoCz9H1Y2xQnXKznmZGyW5yJ,0.0005809999999999999,0.065759,0.009507999999999999
330900,a5X4fE5zpQbXHp+oiI8u3D+LaVAygcxp6CZTAuhJUoCz9H1Y2xQnXKznmZGyW5yJ,0.000729,0.0495,0.010669
331200,a5X4fE5zpQbXHp+oiI8u3D+LaVAygcxp6CZTAuhJUoCz9H1Y2xQnXKznmZGyW5yJ,0.0006490000000000001,0.063666,0.00945
331500,a5X4fE5zpQbXHp+oiI8u3D+LaVAygcxp6CZTAuhJUoCz9H1Y2xQnXKznmZGyW5yJ,0.000736,0.07119600000000001,0.010543
331800,a5X4fE5zpQbXHp+oiI8u3D+LaVAygcxp6CZTAuhJUoCz9H1Y2xQnXKznmZGyW5yJ,0.000669,0.062812,0.009815
332100,a5X4fE5zpQbXHp+oiI8u3D+LaVAygcxp6CZTAuhJUoCz9H1Y2xQnXKznmZGyW5yJ,0.000709,0.049932,0.010606
332400,a5X4fE5zpQbXHp+oiI8u3D+LaVAygcxp6CZTAuhJUoCz9H1Y2xQnXKznmZGyW5yJ,0.000522,0.07562999999999999,0.009198
332700,a5X4fE5zpQbXHp+oiI8u3D+LaVAygcxp6CZTAuhJUoCz9H1Y2xQnXKznmZGyW5yJ,0.0006929999999999999,0.051313,0.011487
333000,a5X4fE5zpQbXHp+oiI8u3D+LaVAygcxp6CZTAuhJUoCz9H1Y2xQnXKznmZGyW5yJ,0.000492,0.0667,0.009506
333300,a5X4fE5zpQbXHp+oiI8u3D+LaVAygcxp6CZTAuhJUoCz9H1Y2xQnXKznmZGyW5yJ,0.00047300000000000006,0.844557,0.01942
333600,a5X4fE5zpQbXHp+oiI8u3D+LaVAygcxp6CZTAuhJUoCz9H1Y2xQnXKznmZGyW5yJ,0.000772,0.072809,0.009875
333900,a5X4fE5zpQbXHp+oiI8u3D+LaVAygcxp6CZTAuhJUoCz9H1Y2xQnXKznmZGyW5yJ,0.000443,0.047955000000000005,0.009801
334200,a5X4fE5zpQbXHp+oiI8u3D+LaVAygcxp6CZTAuhJUoCz9H1Y2xQnXKznmZGyW5yJ,0.000731,0.05279299999999999,0.009877
334500,a5X4fE5zpQbXHp+oiI8u3D+LaVAygcxp6CZTAuhJUoCz9H1Y2xQnXKznmZGyW5yJ,0.00034500000000000004,0.080675,0.010295
334800,a5X4fE5zpQbXHp+oiI8u3D+LaVAygcxp6CZTAuhJUoCz9H1Y2xQnXKznmZGyW5yJ,0.000746,0.069391,0.009963
335100,a5X4fE5zpQbXHp+oiI8u3D+LaVAygcxp6CZTAuhJUoCz9H1Y2xQnXKznmZGyW5yJ,0.0008029999999999999,0.06577100000000001,0.010173
335400,a5X4fE5zpQbXHp+oiI8u3D+LaVAygcxp6CZTAuhJUoCz9H1Y2xQnXKznmZGyW5yJ,0.000737,0.069997,0.009842
335700,a5X4fE5zpQbXHp+oiI8u3D+LaVAygcxp6CZTAuhJUoCz9H1Y2xQnXKznmZGyW5yJ,0.0007570000000000001,0.061952999999999994,0.009699
336000,a5X4fE5zpQbXHp+oiI8u3D+LaVAygcxp6CZTAuhJUoCz9H1Y2xQnXKznmZGyW5yJ,0.000532,0.046596,0.009481
336300,a5X4fE5zpQbXHp+oiI8u3D+LaVAygcxp6CZTAuhJUoCz9H1Y2xQnXKznmZGyW5yJ,0.0007070000000000001,0.057739,0.011382
336600,a5X4fE5zpQbXHp+oiI8u3D+LaVAygcxp6CZTAuhJUoCz9H1Y2xQnXKznmZGyW5yJ,0.000482,0.056173,0.009645
336900,a5X4fE5zpQbXHp+oiI8u3D+LaVAygcxp6CZTAuhJUoCz9H1Y2xQnXKznmZGyW5yJ,0.000868,0.052252,0.010666
337200,a5X4fE5zpQbXHp+oiI8u3D+LaVAygcxp6CZTAuhJUoCz9H1Y2xQnXKznmZGyW5yJ,0.0005610000000000001,0.06505,0.009394
337500,a5X4fE5zpQbXHp+oiI8u3D+LaVAygcxp6CZTAuhJUoCz9H1Y2xQnXKznmZGyW5yJ,0.000762,0.066346,0.010527
337800,a5X4fE5zpQbXHp+oiI8u3D+LaVAygcxp6CZTAuhJUoCz9H1Y2xQnXKznmZGyW5yJ,0.000394,0.069096,0.009193999999999999
338100,a5X4fE5zpQbXHp+oiI8u3D+LaVAygcxp6CZTAuhJUoCz9H1Y2xQnXKznmZGyW5yJ,0.00075,0.067352,0.010523000000000001
338400,a5X4fE5zpQbXHp+oiI8u3D+LaVAygcxp6CZTAuhJUoCz9H1Y2xQnXKznmZGyW5yJ,0.000878,0.06869299999999999,0.009312
338700,a5X4fE5zpQbXHp+oiI8u3D+LaVAygcxp6CZTAuhJUoCz9H1Y2xQnXKznmZGyW5yJ,0.000788,0.056852999999999994,0.010288
339000,a5X4fE5zpQbXHp+oiI8u3D+LaVAygcxp6CZTAuhJUoCz9H1Y2xQnXKznmZGyW5yJ,0.000859,0.067495,0.009893
339300,a5X4fE5zpQbXHp+oiI8u3D+LaVAygcxp6CZTAuhJUoCz9H1Y2xQnXKznmZGyW5yJ,0.0007480000000000001,0.064717,0.009727
339600,a5X4fE5zpQbXHp+oiI8u3D+LaVAygcxp6CZTAuhJUoCz9H1Y2xQnXKznmZGyW5yJ,0.000746,0.046763,0.009922
339900,a5X4fE5zpQbXHp+oiI8u3D+LaVAygcxp6CZTAuhJUoCz9H1Y2xQnXKznmZGyW5yJ,0.000739,0.056122000000000005,0.011175
340200,a5X4fE5zpQbXHp+oiI8u3D+LaVAygcxp6CZTAuhJUoCz9H1Y2xQnXKznmZGyW5yJ,0.000754,0.050866,0.009831
340500,a5X4fE5zpQbXHp+oiI8u3D+LaVAygcxp6CZTAuhJUoCz9H1Y2xQnXKznmZGyW5yJ,0.00074,0.082429,0.010216
340800,a5X4fE5zpQbXHp+oiI8u3D+LaVAygcxp6CZTAuhJUoCz9H1Y2xQnXKznmZGyW5yJ,0.000848,0.053688,0.00982
341100,a5X4fE5zpQbXHp+oiI8u3D+LaVAygcxp6CZTAuhJUoCz9H1Y2xQnXKznmZGyW5yJ,0.000719,0.065231,0.009525
341400,a5X4fE5zpQbXHp+oiI8u3D+LaVAygcxp6CZTAuhJUoCz9H1Y2xQnXKznmZGyW5yJ,0.000675,0.056027,0.009636
341700,a5X4fE5zpQbXHp+oiI8u3D+LaVAygcxp6CZTAuhJUoCz9H1Y2xQnXKznmZGyW5yJ,0.000682,0.084115,0.01035
342000,a5X4fE5zpQbXHp+oiI8u3D+LaVAygcxp6CZTAuhJUoCz9H1Y2xQnXKznmZGyW5yJ,0.000734,0.064467,0.009585
342300,a5X4fE5zpQbXHp+oiI8u3D+LaVAygcxp6CZTAuhJUoCz9H1Y2xQnXKznmZGyW5yJ,0.000686,0.075244,0.010637
342600,a5X4fE5zpQbXHp+oiI8u3D+LaVAygcxp6CZTAuhJUoCz9H1Y2xQnXKznmZGyW5yJ,0.0005809999999999999,0.054164,0.009647
342900,a5X4fE5zpQbXHp+oiI8u3D+LaVAygcxp6CZTAuhJUoCz9H1Y2xQnXKznmZGyW5yJ,0.000704,0.060541,0.010625
343200,a5X4fE5zpQbXHp+oiI8u3D+LaVAygcxp6CZTAuhJUoCz9H1Y2xQnXKznmZGyW5yJ,0.000463,0.06661900000000001,0.009767
343500,a5X4fE5zpQbXHp+oiI8u3D+LaVAygcxp6CZTAuhJUoCz9H1Y2xQnXKznmZGyW5yJ,0.000705,0.049972,0.011399
343800,a5X4fE5zpQbXHp+oiI8u3D+LaVAygcxp6CZTAuhJUoCz9H1Y2xQnXKznmZGyW5yJ,0.000364,0.049725,0.009521
344100,a5X4fE5zpQbXHp+oiI8u3D+LaVAygcxp6CZTAuhJUoCz9H1Y2xQnXKznmZGyW5yJ,0.000364,0.06743500000000001,0.010175
344400,a5X4fE5zpQbXHp+oiI8u3D+LaVAygcxp6CZTAuhJUoCz9H1Y2xQnXKznmZGyW5yJ,0.000717,0.052644,0.009998
344700,a5X4fE5zpQbXHp+oiI8u3D+LaVAygcxp6CZTAuhJUoCz9H1Y2xQnXKznmZGyW5yJ,0.000305,0.050671,0.010241
345000,a5X4fE5zpQbXHp+oiI8u3D+LaVAygcxp6CZTAuhJUoCz9H1Y2xQnXKznmZGyW5yJ,0.000736,0.07271799999999999,0.009861
345300,a5X4fE5zpQbXHp+oiI8u3D+LaVAygcxp6CZTAuhJUoCz9H1Y2xQnXKznmZGyW5yJ,0.000711,0.050762,0.009956999999999999
345600,a5X4fE5zpQbXHp+oiI8u3D+LaVAygcxp6CZTAuhJUoCz9H1Y2xQnXKznmZGyW5yJ,0.000704,0.0694,0.009895999999999999
345900,a5X4fE5zpQbXHp+oiI8u3D+LaVAygcxp6CZTAuhJUoCz9H1Y2xQnXKznmZGyW5yJ,0.0005610000000000001,0.061016999999999995,0.009798999999999999
346200,a5X4fE5zpQbXHp+oiI8u3D+LaVAygcxp6CZTAuhJUoCz9H1Y2xQnXKznmZGyW5yJ,0.000721,0.052888,0.009878
346500,a5X4fE5zpQbXHp+oiI8u3D+LaVAygcxp6CZTAuhJUoCz9H1Y2xQnXKznmZGyW5yJ,0.000335,0.073781,0.009170000000000001
346800,a5X4fE5zpQbXHp+oiI8u3D+LaVAygcxp6CZTAuhJUoCz9H1Y2xQnXKznmZGyW5yJ,0.000315,0.07578700000000001,0.009441
347100,a5X4fE5zpQbXHp+oiI8u3D+LaVAygcxp6CZTAuhJUoCz9H1Y2xQnXKznmZGyW5yJ,0.000712,0.064991,0.011679
347400,a5X4fE5zpQbXHp+oiI8u3D+LaVAygcxp6CZTAuhJUoCz9H1Y2xQnXKznmZGyW5yJ,0.000512,0.058415999999999996,0.009198999999999999
347700,a5X4fE5zpQbXHp+oiI8u3D+LaVAygcxp6CZTAuhJUoCz9H1Y2xQnXKznmZGyW5yJ,0.000759,0.079759,0.010742
348000,a5X4fE5zpQbXHp+oiI8u3D+LaVAygcxp6CZTAuhJUoCz9H1Y2xQnXKznmZGyW5yJ,0.000335,0.074076,0.009701000000000001
348300,a5X4fE5zpQbXHp+oiI8u3D+LaVAygcxp6CZTAuhJUoCz9H1Y2xQnXKznmZGyW5yJ,0.000801,0.07156900000000001,0.010656
348600,a5X4fE5zpQbXHp+oiI8u3D+LaVAygcxp6CZTAuhJUoCz9H1Y2xQnXKznmZGyW5yJ,0.000737,1.326298,0.019419
348900,a5X4fE5zpQbXHp+oiI8u3D+LaVAygcxp6CZTAuhJUoCz9H1Y2xQnXKznmZGyW5yJ,0.00081,0.057027,0.010570999999999999
349200,a5X4fE5zpQbXHp+oiI8u3D+LaVAygcxp6CZTAuhJUoCz9H1Y2xQnXKznmZGyW5yJ,0.000532,0.066987,0.009483
349500,a5X4fE5zpQbXHp+oiI8u3D+LaVAygcxp6CZTAuhJUoCz9H1Y2xQnXKznmZGyW5yJ,0.000591,0.073448,0.010103
349800,a5X4fE5zpQbXHp+oiI8u3D+LaVAygcxp6CZTAuhJUoCz9H1Y2xQnXKznmZGyW5yJ,0.000824,0.046038,0.009612
350100,a5X4fE5zpQbXHp+oiI8u3D+LaVAygcxp6CZTAuhJUoCz9H1Y2xQnXKznmZGyW5yJ,0.000453,0.051503999999999994,0.010032
350400,a5X4fE5zpQbXHp+oiI8u3D+LaVAygcxp6CZTAuhJUoCz9H1Y2xQnXKznmZGyW5yJ,0.0008380000000000001,0.06450800000000001,0.009786
350700,a5X4fE5zpQbXHp+oiI8u3D+LaVAygcxp6CZTAuhJUoCz9H1Y2xQnXKznmZGyW5yJ,0.000502,0.07738099999999999,0.010948000000000001
351000,a5X4fE5zpQbXHp+oiI8u3D+LaVAygcxp6CZTAuhJUoCz9H1Y2xQnXKznmZGyW5yJ,0.000704,0.066852,0.010015999999999999
351300,a5X4fE5zpQbXHp+oiI8u3D+LaVAygcxp6CZTAuhJUoCz9H1Y2xQnXKznmZGyW5yJ,0.000364,0.068036,0.009981
351600,a5X4fE5zpQbXHp+oiI8u3D+LaVAygcxp6CZTAuhJUoCz9H1Y2xQnXKznmZGyW5yJ,0.000705,0.067238,0.009908
351900,a5X4fE5zpQbXHp+oiI8u3D+LaVAygcxp6CZTAuhJUoCz9H1Y2xQnXKznmZGyW5yJ,0.00037400000000000004,0.071087,0.009456
352200,a5X4fE5zpQbXHp+oiI8u3D+LaVAygcxp6CZTAuhJUoCz9H1Y2xQnXKznmZGyW5yJ,0.000571,0.048164,0.009151000000000001
352500,a5X4fE5zpQbXHp+oiI8u3D+LaVAygcxp6CZTAuhJUoCz9H1Y2xQnXKznmZGyW5yJ,0.000685,0.066428,0.010537000000000001
352800,a5X4fE5zpQbXHp+oiI8u3D+LaVAygcxp6CZTAuhJUoCz9H1Y2xQnXKznmZGyW5yJ,0.0006799999999999999,0.066063,0.009307
353100,a5X4fE5zpQbXHp+oiI8u3D+LaVAygcxp6CZTAuhJUoCz9H1Y2xQnXKznmZGyW5yJ,0.000712,0.051176,0.010574
353400,a5X4fE5zpQbXHp+oiI8u3D+LaVAygcxp6CZTAuhJUoCz9H1Y2xQnXKznmZGyW5yJ,0.000443,0.050544,0.009518
353700,a5X4fE5zpQbXHp+oiI8u3D+LaVAygcxp6CZTAuhJUoCz9H1Y2xQnXKznmZGyW5yJ,0.000656,0.057141,0.010286
354000,a5X4fE5zpQbXHp+oiI8u3D+LaVAygcxp6CZTAuhJUoCz9H1Y2xQnXKznmZGyW5yJ,0.000285,0.05496,0.009553
354300,a5X4fE5zpQbXHp+oiI8u3D+LaVAygcxp6CZTAuhJUoCz9H1Y2xQnXKznmZGyW5yJ,0.000704,0.067843,0.011438
354600,a5X4fE5zpQbXHp+oiI8u3D+LaVAygcxp6CZTAuhJUoCz9H1Y2xQnXKznmZGyW5yJ,0.000354,0.128018,0.010108
354900,a5X4fE5zpQbXHp+oiI8u3D+LaVAygcxp6CZTAuhJUoCz9H1Y2xQnXKznmZGyW5yJ,0.00042300000000000004,0.053116,0.00988
355200,a5X4fE5zpQbXHp+oiI8u3D+LaVAygcxp6CZTAuhJUoCz9H1Y2xQnXKznmZGyW5yJ,0.000684,0.045075,0.009958
355500,a5X4fE5zpQbXHp+oiI8u3D+LaVAygcxp6CZTAuhJUoCz9H1Y2xQnXKznmZGyW5yJ,0.000443,0.07156599999999999,0.010125
355800,a5X4fE5zpQbXHp+oiI8u3D+LaVAygcxp6CZTAuhJUoCz9H1Y2xQnXKznmZGyW5yJ,0.000704,0.057981,0.009859999999999999
356100,a5X4fE5zpQbXHp+oiI8u3D+LaVAygcxp6CZTAuhJUoCz9H1Y2xQnXKznmZGyW5yJ,0.000771,0.070496,0.010655
356400,a5X4fE5zpQbXHp+oiI8u3D+LaVAygcxp6CZTAuhJUoCz9H1Y2xQnXKznmZGyW5yJ,0.000772,0.067113,0.010148
356700,a5X4fE5zpQbXHp+oiI8u3D+LaVAygcxp6CZTAuhJUoCz9H1Y2xQnXKznmZGyW5yJ,0.0007480000000000001,0.055372000000000005,0.01017
357000,a5X4fE5zpQbXHp+oiI8u3D+LaVAygcxp6CZTAuhJUoCz9H1Y2xQnXKznmZGyW5yJ,0.000762,0.049809,0.010058
357300,a5X4fE5zpQbXHp+oiI8u3D+LaVAygcxp6CZTAuhJUoCz9H1Y2xQnXKznmZGyW5yJ,0.000542,0.048316000000000005,0.009252
357600,a5X4fE5zpQbXHp+oiI8u3D+LaVAygcxp6CZTAuhJUoCz9H1Y2xQnXKznmZGyW5yJ,0.00034500000000000004,0.066932,0.009439
357900,a5X4fE5zpQbXHp+oiI8u3D+LaVAygcxp6CZTAuhJUoCz9H1Y2xQnXKznmZGyW5yJ,0.000736,0.053825,0.011523
358200,a5X4fE5zpQbXHp+oiI8u3D+LaVAygcxp6CZTAuhJUoCz9H1Y2xQnXKznmZGyW5yJ,0.000335,0.053297000000000004,0.009340000000000001
358500,a5X4fE5zpQbXHp+oiI8u3D+LaVAygcxp6CZTAuhJUoCz9H1Y2xQnXKznmZGyW5yJ,0.000743,0.066309,0.010628
358800,a5X4fE5zpQbXHp+oiI8u3D+LaVAygcxp6CZTAuhJUoCz9H1Y2xQnXKznmZGyW5yJ,0.00037400000000000004,0.046516,0.009496
359100,a5X4fE5zpQbXHp+oiI8u3D+LaVAygcxp6CZTAuhJUoCz9H1Y2xQnXKznmZGyW5yJ,0.0007559999999999999,0.05416,0.010648000000000001
359400,a5X4fE5zpQbXHp+oiI8u3D+LaVAygcxp6CZTAuhJUoCz9H1Y2xQnXKznmZGyW5yJ,0.000433,0.047008999999999995,0.009333
359700,a5X4fE5zpQbXHp+oiI8u3D+LaVAygcxp6CZTAuhJUoCz9H1Y2xQnXKznmZGyW5yJ,0.000661,0.060826,0.010812
360000,a5X4fE5zpQbXHp+oiI8u3D+LaVAygcxp6CZTAuhJUoCz9H1Y2xQnXKznmZGyW5yJ,0.00064,0.091852,0.010553
360300,a5X4fE5zpQbXHp+oiI8u3D+LaVAygcxp6CZTAuhJUoCz9H1Y2xQnXKznmZGyW5yJ,0.0005610000000000001,0.079581,0.010419
360600,a5X4fE5zpQbXHp+oiI8u3D+LaVAygcxp6CZTAuhJUoCz9H1Y2xQnXKznmZGyW5yJ,0.000773,0.051803999999999996,0.00992
360900,a5X4fE5zpQbXHp+oiI8u3D+LaVAygcxp6CZTAuhJUoCz9H1Y2xQnXKznmZGyW5yJ,0.000305,0.057343,0.010484
361200,a5X4fE5zpQbXHp+oiI8u3D+LaVAygcxp6CZTAuhJUoCz9H1Y2xQnXKznmZGyW5yJ,0.000733,0.047278,0.009928
361500,a5X4fE5zpQbXHp+oiI8u3D+LaVAygcxp6CZTAuhJUoCz9H1Y2xQnXKznmZGyW5yJ,0.000335,0.066099,0.010948999999999999
361800,a5X4fE5zpQbXHp+oiI8u3D+LaVAygcxp6CZTAuhJUoCz9H1Y2xQnXKznmZGyW5yJ,0.000725,0.045274,0.009843000000000001
362100,a5X4fE5zpQbXHp+oiI8u3D+LaVAygcxp6CZTAuhJUoCz9H1Y2xQnXKznmZGyW5yJ,0.000364,0.053957000000000005,0.010513
362400,a5X4fE5zpQbXHp+oiI8u3D+LaVAygcxp6CZTAuhJUoCz9H1Y2xQnXKznmZGyW5yJ,0.000766,0.06486,0.00988
362700,a5X4fE5zpQbXHp+oiI8u3D+LaVAygcxp6CZTAuhJUoCz9H1Y2xQnXKznmZGyW5yJ,0.000512,0.05121799999999999,0.010095
363000,a5X4fE5zpQbXHp+oiI8u3D+LaVAygcxp6CZTAuhJUoCz9H1Y2xQnXKznmZGyW5yJ,0.000522,0.046544,0.01
363300,a5X4fE5zpQbXHp+oiI8u3D+LaVAygcxp6CZTAuhJUoCz9H1Y2xQnXKznmZGyW5yJ,0.000697,0.058299000000000004,0.010740999999999999
363600,a5X4fE5zpQbXHp+oiI8u3D+LaVAygcxp6CZTAuhJUoCz9H1Y2xQnXKznmZGyW5yJ,0.00074,0.059586,0.009796
363900,a5X4fE5zpQbXHp+oiI8u3D+LaVAygcxp6CZTAuhJUoCz9H1Y2xQnXKznmZGyW5yJ,0.000714,0.054817,0.010648000000000001
364200,a5X4fE5zpQbXHp+oiI8u3D+LaVAygcxp6CZTAuhJUoCz9H1Y2xQnXKznmZGyW5yJ,0.000512,0.056595000000000006,0.009748999999999999
364500,a5X4fE5zpQbXHp+oiI8u3D+LaVAygcxp6CZTAuhJUoCz9H1Y2xQnXKznmZGyW5yJ,0.000767,0.05943300000000001,0.010612
364800,a5X4fE5zpQbXHp+oiI8u3D+LaVAygcxp6CZTAuhJUoCz9H1Y2xQnXKznmZGyW5yJ,0.000463,0.045718,0.009824
365100,a5X4fE5zpQbXHp+oiI8u3D+LaVAygcxp6CZTAuhJUoCz9H1Y2xQnXKznmZGyW5yJ,0.000705,0.066215,0.011493000000000001
365400,a5X4fE5zpQbXHp+oiI8u3D+LaVAygcxp6CZTAuhJUoCz9H1Y2xQnXKznmZGyW5yJ,0.00035499999999999996,0.048485,0.01029
365700,a5X4fE5zpQbXHp+oiI8u3D+LaVAygcxp6CZTAuhJUoCz9H1Y2xQnXKznmZGyW5yJ,0.000404,0.659687,0.020441
366000,a5X4fE5zpQbXHp+oiI8u3D+LaVAygcxp6CZTAuhJUoCz9H1Y2xQnXKznmZGyW5yJ,0.000734,0.049527999999999996,0.009544
366300,a5X4fE5zpQbXHp+oiI8u3D+LaVAygcxp6CZTAuhJUoCz9H1Y2xQnXKznmZGyW5yJ,0.000383,0.06629299999999999,0.010638
366600,a5X4fE5zpQbXHp+oiI8u3D+LaVAygcxp6CZTAuhJUoCz9H1Y2xQnXKznmZGyW5yJ,0.000688,0.048139,0.009859999999999999
366900,a5X4fE5zpQbXHp+oiI8u3D+LaVAygcxp6CZTAuhJUoCz9H1Y2xQnXKznmZGyW5yJ,0.000325,0.055439999999999996,0.010003
367200,a5X4fE5zpQbXHp+oiI8u3D+LaVAygcxp6CZTAuhJUoCz9H1Y2xQnXKznmZGyW5yJ,0.000725,0.066115,0.009873999999999999
367500,a5X4fE5zpQbXHp+oiI8u3D+LaVAygcxp6CZTAuhJUoCz9H1Y2xQnXKznmZGyW5yJ,0.00037400000000000004,0.052708000000000005,0.009877
367800,a5X4fE5zpQbXHp+oiI8u3D+LaVAygcxp6CZTAuhJUoCz9H1Y2xQnXKznmZGyW5yJ,0.00073,0.059908,0.009879
368100,a5X4fE5zpQbXHp+oiI8u3D+LaVAygcxp6CZTAuhJUoCz9H1Y2xQnXKznmZGyW5yJ,0.000551,0.048985,0.010051000000000001
368400,a5X4fE5zpQbXHp+oiI8u3D+LaVAygcxp6CZTAuhJUoCz9H1Y2xQnXKznmZGyW5yJ,0.0005610000000000001,0.04908,0.009294
368700,a5X4fE5zpQbXHp+oiI8u3D+LaVAygcxp6CZTAuhJUoCz9H1Y2xQnXKznmZGyW5yJ,0.0007160000000000001,0.050657,0.011565
369000,a5X4fE5zpQbXHp+oiI8u3D+LaVAygcxp6CZTAuhJUoCz9H1Y2xQnXKznmZGyW5yJ,0.000453,0.064947,0.009333
369300,a5X4fE5zpQbXHp+oiI8u3D+LaVAygcxp6CZTAuhJUoCz9H1Y2xQnXKznmZGyW5yJ,0.000691,0.048092,0.010467
369600,a5X4fE5zpQbXHp+oiI8u3D+LaVAygcxp6CZTAuhJUoCz9H1Y2xQnXKznmZGyW5yJ,0.000443,0.048106,0.008895
369900,a5X4fE5zpQbXHp+oiI8u3D+LaVAygcxp6CZTAuhJUoCz9H1Y2xQnXKznmZGyW5yJ,0.0007700000000000001,0.059257000000000004,0.010375
370200,a5X4fE5zpQbXHp+oiI8u3D+LaVAygcxp6CZTAuhJUoCz9H1Y2xQnXKznmZGyW5yJ,0.000325,0.06665499999999999,0.009418000000000001
370500,a5X4fE5zpQbXHp+oiI8u3D+LaVAygcxp6CZTAuhJUoCz9H1Y2xQnXKznmZGyW5yJ,0.000732,0.044268,0.010475
370800,a5X4fE5zpQbXHp+oiI8u3D+LaVAygcxp6CZTAuhJUoCz9H1Y2xQnXKznmZGyW5yJ,0.000384,0.048518,0.009293000000000001
371100,a5X4fE5zpQbXHp+oiI8u3D+LaVAygcxp6CZTAuhJUoCz9H1Y2xQnXKznmZGyW5yJ,0.000443,0.057166999999999996,0.010322
371400,a5X4fE5zpQbXHp+oiI8u3D+LaVAygcxp6CZTAuhJUoCz9H1Y2xQnXKznmZGyW5yJ,0.000675,0.046959,0.009878
371700,a5X4fE5zpQbXHp+oiI8u3D+LaVAygcxp6CZTAuhJUoCz9H1Y2xQnXKznmZGyW5yJ,0.000714,0.053767999999999996,0.010046
372000,a5X4fE5zpQbXHp+oiI8u3D+LaVAygcxp6CZTAuhJUoCz9H1Y2xQnXKznmZGyW5yJ,0.000697,0.063867,0.009811
372300,a5X4fE5zpQbXHp+oiI8u3D+LaVAygcxp6CZTAuhJUoCz9H1Y2xQnXKznmZGyW5yJ,0.000685,0.061724,0.010941
372600,a5X4fE5zpQbXHp+oiI8u3D+LaVAygcxp6CZTAuhJUoCz9H1Y2xQnXKznmZGyW5yJ,0.000727,0.055788,0.009852
372900,a5X4fE5zpQbXHp+oiI8u3D+LaVAygcxp6CZTAuhJUoCz9H1Y2xQnXKznmZGyW5yJ,0.0006929999999999999,0.066024,0.009836
373200,a5X4fE5zpQbXHp+oiI8u3D+LaVAygcxp6CZTAuhJUoCz9H1Y2xQnXKznmZGyW5yJ,0.000687,0.059860000000000003,0.009818
373500,a5X4fE5zpQbXHp+oiI8u3D+LaVAygcxp6CZTAuhJUoCz9H1Y2xQnXKznmZGyW5yJ,0.000704,0.059573,0.009689
373800,a5X4fE5zpQbXHp+oiI8u3D+LaVAygcxp6CZTAuhJUoCz9H1Y2xQnXKznmZGyW5yJ,0.0006940000000000001,0.058892999999999994,0.009643
374100,a5X4fE5zpQbXHp+oiI8u3D+LaVAygcxp6CZTAuhJUoCz9H1Y2xQnXKznmZGyW5yJ,0.000692,0.07510800000000001,0.010532
374400,a5X4fE5zpQbXHp+oiI8u3D+LaVAygcxp6CZTAuhJUoCz9H1Y2xQnXKznmZGyW5yJ,0.000723,0.045637,0.009457
374700,a5X4fE5zpQbXHp+oiI8u3D+LaVAygcxp6CZTAuhJUoCz9H1Y2xQnXKznmZGyW5yJ,0.000714,0.054462,0.010346
375000,a5X4fE5zpQbXHp+oiI8u3D+LaVAygcxp6CZTAuhJUoCz9H1Y2xQnXKznmZGyW5yJ,0.000662,0.06365599999999999,0.009486
375300,a5X4fE5zpQbXHp+oiI8u3D+LaVAygcxp6CZTAuhJUoCz9H1Y2xQnXKznmZGyW5yJ,0.000653,0.054519000000000005,0.010473
375600,a5X4fE5zpQbXHp+oiI8u3D+LaVAygcxp6CZTAuhJUoCz9H1Y2xQnXKznmZGyW5yJ,0.0007,0.054825,0.009609
375900,a5X4fE5zpQbXHp+oiI8u3D+LaVAygcxp6CZTAuhJUoCz9H1Y2xQnXKznmZGyW5yJ,0.000684,0.067381,0.011528
376200,a5X4fE5zpQbXHp+oiI8u3D+LaVAygcxp6CZTAuhJUoCz9H1Y2xQnXKznmZGyW5yJ,0.000659,0.058377,0.009893
376500,a5X4fE5zpQbXHp+oiI8u3D+LaVAygcxp6CZTAuhJUoCz9H1Y2xQnXKznmZGyW5yJ,0.000687,0.059509000000000006,0.010405
376800,a5X4fE5zpQbXHp+oiI8u3D+LaVAygcxp6CZTAuhJUoCz9H1Y2xQnXKznmZGyW5yJ,0.000714,0.07380700000000001,0.010022
377100,a5X4fE5zpQbXHp+oiI8u3D+LaVAygcxp6CZTAuhJUoCz9H1Y2xQnXKznmZGyW5yJ,0.000384,0.048686,0.010167
377400,a5X4fE5zpQbXHp+oiI8u3D+LaVAygcxp6CZTAuhJUoCz9H1Y2xQnXKznmZGyW5yJ,0.0006799999999999999,0.060338,0.009842
377700,a5X4fE5zpQbXHp+oiI8u3D+LaVAygcxp6CZTAuhJUoCz9H1Y2xQnXKznmZGyW5yJ,0.000305,0.051068,0.009419
378000,a5X4fE5zpQbXHp+oiI8u3D+LaVAygcxp6CZTAuhJUoCz9H1Y2xQnXKznmZGyW5yJ,0.0006580000000000001,0.059208000000000004,0.009886
378300,a5X4fE5zpQbXHp+oiI8u3D+LaVAygcxp6CZTAuhJUoCz9H1Y2xQnXKznmZGyW5yJ,0.000315,0.051403,0.010048
378600,a5X4fE5zpQbXHp+oiI8u3D+LaVAygcxp6CZTAuhJUoCz9H1Y2xQnXKznmZGyW5yJ,0.000674,0.059247,0.009848
378900,a5X4fE5zpQbXHp+oiI8u3D+LaVAygcxp6CZTAuhJUoCz9H1Y2xQnXKznmZGyW5yJ,0.000325,0.05715800000000001,0.009815
379200,a5X4fE5zpQbXHp+oiI8u3D+LaVAygcxp6CZTAuhJUoCz9H1Y2xQnXKznmZGyW5yJ,0.000551,0.059252,0.009315
379500,a5X4fE5zpQbXHp+oiI8u3D+LaVAygcxp6CZTAuhJUoCz9H1Y2xQnXKznmZGyW5yJ,0.000715,0.071871,0.0115
379800,a5X4fE5zpQbXHp+oiI8u3D+LaVAygcxp6CZTAuhJUoCz9H1Y2xQnXKznmZGyW5yJ,0.00064,0.066361,0.009285
380100,a5X4fE5zpQbXHp+oiI8u3D+LaVAygcxp6CZTAuhJUoCz9H1Y2xQnXKznmZGyW5yJ,0.000759,0.049948,0.01052
380400,a5X4fE5zpQbXHp+oiI8u3D+LaVAygcxp6CZTAuhJUoCz9H1Y2xQnXKznmZGyW5yJ,0.00063,0.064928,0.009548000000000001
380700,a5X4fE5zpQbXHp+oiI8u3D+LaVAygcxp6CZTAuhJUoCz9H1Y2xQnXKznmZGyW5yJ,0.0006360000000000001,0.067843,0.010729
381000,a5X4fE5zpQbXHp+oiI8u3D+LaVAygcxp6CZTAuhJUoCz9H1Y2xQnXKznmZGyW5yJ,0.00062,0.068851,0.009466
381300,a5X4fE5zpQbXHp+oiI8u3D+LaVAygcxp6CZTAuhJUoCz9H1Y2xQnXKznmZGyW5yJ,0.000691,0.053079999999999995,0.010078
381600,a5X4fE5zpQbXHp+oiI8u3D+LaVAygcxp6CZTAuhJUoCz9H1Y2xQnXKznmZGyW5yJ,0.000305,0.069242,0.009693
381900,a5X4fE5zpQbXHp+oiI8u3D+LaVAygcxp6CZTAuhJUoCz9H1Y2xQnXKznmZGyW5yJ,0.000384,0.06191699999999999,0.010298999999999999
382200,a5X4fE5zpQbXHp+oiI8u3D+LaVAygcxp6CZTAuhJUoCz9H1Y2xQnXKznmZGyW5yJ,0.00072,0.047651,0.009895999999999999
382500,a5X4fE5zpQbXHp+oiI8u3D+LaVAygcxp6CZTAuhJUoCz9H1Y2xQnXKznmZGyW5yJ,0.000433,0.07987799999999999,0.010176000000000001
382800,a5X4fE5zpQbXHp+oiI8u3D+LaVAygcxp6CZTAuhJUoCz9H1Y2xQnXKznmZGyW5yJ,0.0007160000000000001,0.049819,0.009995
383100,a5X4fE5zpQbXHp+oiI8u3D+LaVAygcxp6CZTAuhJUoCz9H1Y2xQnXKznmZGyW5yJ,0.000335,0.057540999999999995,0.011202
383400,a5X4fE5zpQbXHp+oiI8u3D+LaVAygcxp6CZTAuhJUoCz9H1Y2xQnXKznmZGyW5yJ,0.0006889999999999999,0.065786,0.010022
383700,a5X4fE5zpQbXHp+oiI8u3D+LaVAygcxp6CZTAuhJUoCz9H1Y2xQnXKznmZGyW5yJ,0.000482,0.059448,0.010616
384000,a5X4fE5zpQbXHp+oiI8u3D+LaVAygcxp6CZTAuhJUoCz9H1Y2xQnXKznmZGyW5yJ,0.0006889999999999999,0.046370999999999996,0.009838
384300,a5X4fE5zpQbXHp+oiI8u3D+LaVAygcxp6CZTAuhJUoCz9H1Y2xQnXKznmZGyW5yJ,0.000394,0.045577,0.009917
384600,a5X4fE5zpQbXHp+oiI8u3D+LaVAygcxp6CZTAuhJUoCz9H1Y2xQnXKznmZGyW5yJ,0.000676,0.057324,0.009495
384900,a5X4fE5zpQbXHp+oiI8u3D+LaVAygcxp6CZTAuhJUoCz9H1Y2xQnXKznmZGyW5yJ,0.0006730000000000001,0.048222,0.009877
385200,a5X4fE5zpQbXHp+oiI8u3D+LaVAygcxp6CZTAuhJUoCz9H1Y2xQnXKznmZGyW5yJ,0.000532,0.067175,0.009304999999999999
385500,a5X4fE5zpQbXHp+oiI8u3D+LaVAygcxp6CZTAuhJUoCz9H1Y2xQnXKznmZGyW5yJ,0.000674,0.059885,0.010228000000000001
385800,a5X4fE5zpQbXHp+oiI8u3D+LaVAygcxp6CZTAuhJUoCz9H1Y2xQnXKznmZGyW5yJ,0.000364,0.047317000000000005,0.009091
386100,a5X4fE5zpQbXHp+oiI8u3D+LaVAygcxp6CZTAuhJUoCz9H1Y2xQnXKznmZGyW5yJ,0.000705,0.044623,0.01059
386400,a5X4fE5zpQbXHp+oiI8u3D+LaVAygcxp6CZTAuhJUoCz9H1Y2xQnXKznmZGyW5yJ,0.000453,0.065943,0.009837
386700,a5X4fE5zpQbXHp+oiI8u3D+LaVAygcxp6CZTAuhJUoCz9H1Y2xQnXKznmZGyW5yJ,0.000671,0.066345,0.011394
387000,a5X4fE5zpQbXHp+oiI8u3D+LaVAygcxp6CZTAuhJUoCz9H1Y2xQnXKznmZGyW5yJ,0.000512,0.047251999999999995,0.009098
387300,a5X4fE5zpQbXHp+oiI8u3D+LaVAygcxp6CZTAuhJUoCz9H1Y2xQnXKznmZGyW5yJ,0.0007070000000000001,0.064472,0.010734
387600,a5X4fE5zpQbXHp+oiI8u3D+LaVAygcxp6CZTAuhJUoCz9H1Y2xQnXKznmZGyW5yJ,0.000315,0.059532,0.009609
387900,a5X4fE5zpQbXHp+oiI8u3D+LaVAygcxp6CZTAuhJUoCz9H1Y2xQnXKznmZGyW5yJ,0.000443,0.047277,0.0101
388200,a5X4fE5zpQbXHp+oiI8u3D+LaVAygcxp6CZTAuhJUoCz9H1Y2xQnXKznmZGyW5yJ,0.000719,0.064827,0.009903
388500,a5X4fE5zpQbXHp+oiI8u3D+LaVAygcxp6CZTAuhJUoCz9H1Y2xQnXKznmZGyW5yJ,0.00066,0.056762,0.01022
388800,a5X4fE5zpQbXHp+oiI8u3D+LaVAygcxp6CZTAuhJUoCz9H1Y2xQnXKznmZGyW5yJ,0.000695,0.053215,0.009903
389100,a5X4fE5zpQbXHp+oiI8u3D+LaVAygcxp6CZTAuhJUoCz9H1Y2xQnXKznmZGyW5yJ,0.00058,1.215495,0.019719
389400,a5X4fE5zpQbXHp+oiI8u3D+LaVAygcxp6CZTAuhJUoCz9H1Y2xQnXKznmZGyW5yJ,0.000752,0.058611,0.009823
389700,a5X4fE5zpQbXHp+oiI8u3D+LaVAygcxp6CZTAuhJUoCz9H1Y2xQnXKznmZGyW5yJ,0.0005610000000000001,0.059137999999999996,0.009984999999999999
390000,a5X4fE5zpQbXHp+oiI8u3D+LaVAygcxp6CZTAuhJUoCz9H1Y2xQnXKznmZGyW5yJ,0.000746,0.046907,0.010014
390300,a5X4fE5zpQbXHp+oiI8u3D+LaVAygcxp6CZTAuhJUoCz9H1Y2xQnXKznmZGyW5yJ,0.00034500000000000004,0.090251,0.010749
390600,a5X4fE5zpQbXHp+oiI8u3D+LaVAygcxp6CZTAuhJUoCz9H1Y2xQnXKznmZGyW5yJ,0.000354,0.066202,0.009491
390900,a5X4fE5zpQbXHp+oiI8u3D+LaVAygcxp6CZTAuhJUoCz9H1Y2xQnXKznmZGyW5yJ,0.000683,0.053042,0.010564
391200,a5X4fE5zpQbXHp+oiI8u3D+LaVAygcxp6CZTAuhJUoCz9H1Y2xQnXKznmZGyW5yJ,0.00047300000000000006,0.068829,0.009364
391500,a5X4fE5zpQbXHp+oiI8u3D+LaVAygcxp6CZTAuhJUoCz9H1Y2xQnXKznmZGyW5yJ,0.000668,0.048465,0.010564
391800,a5X4fE5zpQbXHp+oiI8u3D+LaVAygcxp6CZTAuhJUoCz9H1Y2xQnXKznmZGyW5yJ,0.000424,0.046423,0.009406
392100,a5X4fE5zpQbXHp+oiI8u3D+LaVAygcxp6CZTAuhJUoCz9H1Y2xQnXKznmZGyW5yJ,0.000709,0.048626,0.010529
392400,a5X4fE5zpQbXHp+oiI8u3D+LaVAygcxp6CZTAuhJUoCz9H1Y2xQnXKznmZGyW5yJ,0.000724,0.046799,0.009678
392700,a5X4fE5zpQbXHp+oiI8u3D+LaVAygcxp6CZTAuhJUoCz9H1Y2xQnXKznmZGyW5yJ,0.0007,0.05205599999999999,0.010685
393000,a5X4fE5zpQbXHp+oiI8u3D+LaVAygcxp6CZTAuhJUoCz9H1Y2xQnXKznmZGyW5yJ,0.0005809999999999999,0.061037,0.009701999999999999
393300,a5X4fE5zpQbXHp+oiI8u3D+LaVAygcxp6CZTAuhJUoCz9H1Y2xQnXKznmZGyW5yJ,0.000354,0.058027999999999996,0.010449
393600,a5X4fE5zpQbXHp+oiI8u3D+LaVAygcxp6CZTAuhJUoCz9H1Y2xQnXKznmZGyW5yJ,0.000728,0.04823,0.009993
393900,a5X4fE5zpQbXHp+oiI8u3D+LaVAygcxp6CZTAuhJUoCz9H1Y2xQnXKznmZGyW5yJ,0.000364,0.054872000000000004,0.010747
394200,a5X4fE5zpQbXHp+oiI8u3D+LaVAygcxp6CZTAuhJUoCz9H1Y2xQnXKznmZGyW5yJ,0.000685,0.070501,0.009956999999999999
394500,a5X4fE5zpQbXHp+oiI8u3D+LaVAygcxp6CZTAuhJUoCz9H1Y2xQnXKznmZGyW5yJ,0.000325,0.066201,0.010188
394800,a5X4fE5zpQbXHp+oiI8u3D+LaVAygcxp6CZTAuhJUoCz9H1Y2xQnXKznmZGyW5yJ,0.0007440000000000001,0.046961,0.010011
395100,a5X4fE5zpQbXHp+oiI8u3D+LaVAygcxp6CZTAuhJUoCz9H1Y2xQnXKznmZGyW5yJ,0.000315,0.062402,0.010154999999999999
395400,a5X4fE5zpQbXHp+oiI8u3D+LaVAygcxp6CZTAuhJUoCz9H1Y2xQnXKznmZGyW5yJ,0.000691,0.065086,0.01012
395700,a5X4fE5zpQbXHp+oiI8u3D+LaVAygcxp6CZTAuhJUoCz9H1Y2xQnXKznmZGyW5yJ,0.000502,0.055365,0.009737
396000,a5X4fE5zpQbXHp+oiI8u3D+LaVAygcxp6CZTAuhJUoCz9H1Y2xQnXKznmZGyW5yJ,0.000708,0.067557,0.009467
396300,a5X4fE5zpQbXHp+oiI8u3D+LaVAygcxp6CZTAuhJUoCz9H1Y2xQnXKznmZGyW5yJ,0.000684,0.066804,0.010884
396600,a5X4fE5zpQbXHp+oiI8u3D+LaVAygcxp6CZTAuhJUoCz9H1Y2xQnXKznmZGyW5yJ,0.0006940000000000001,0.06626900000000001,0.00942
396900,a5X4fE5zpQbXHp+oiI8u3D+LaVAygcxp6CZTAuhJUoCz9H1Y2xQnXKznmZGyW5yJ,0.000724,0.16179200000000002,0.012348
397200,a5X4fE5zpQbXHp+oiI8u3D+LaVAygcxp6CZTAuhJUoCz9H1Y2xQnXKznmZGyW5yJ,0.000502,0.06891,0.008971
397500,a5X4fE5zpQbXHp+oiI8u3D+LaVAygcxp6CZTAuhJUoCz9H1Y2xQnXKznmZGyW5yJ,0.000714,0.08151900000000001,0.011807999999999999
397800,a5X4fE5zpQbXHp+oiI8u3D+LaVAygcxp6CZTAuhJUoCz9H1Y2xQnXKznmZGyW5yJ,0.000335,0.070009,0.009411
398100,a5X4fE5zpQbXHp+oiI8u3D+LaVAygcxp6CZTAuhJUoCz9H1Y2xQnXKznmZGyW5yJ,0.000697,0.058251,0.010591
398400,a5X4fE5zpQbXHp+oiI8u3D+LaVAygcxp6CZTAuhJUoCz9H1Y2xQnXKznmZGyW5yJ,0.000364,0.046556,0.009216
398700,a5X4fE5zpQbXHp+oiI8u3D+LaVAygcxp6CZTAuhJUoCz9H1Y2xQnXKznmZGyW5yJ,0.000414,0.046582,0.01027
399000,a5X4fE5zpQbXHp+oiI8u3D+LaVAygcxp6CZTAuhJUoCz9H1Y2xQnXKznmZGyW5yJ,0.000665,0.04797,0.009956
399300,a5X4fE5zpQbXHp+oiI8u3D+LaVAygcxp6CZTAuhJUoCz9H1Y2xQnXKznmZGyW5yJ,0.0006,0.056104999999999995,0.009884
399600,a5X4fE5zpQbXHp+oiI8u3D+LaVAygcxp6CZTAuhJUoCz9H1Y2xQnXKznmZGyW5yJ,0.000731,0.046299,0.009908
399900,a5X4fE5zpQbXHp+oiI8u3D+LaVAygcxp6CZTAuhJUoCz9H1Y2xQnXKznmZGyW5yJ,0.00061,0.048582,0.010087
400200,a5X4fE5zpQbXHp+oiI8u3D+LaVAygcxp6CZTAuhJUoCz9H1Y2xQnXKznmZGyW5yJ,0.000697,0.049873,0.009774
400500,a5X4fE5zpQbXHp+oiI8u3D+LaVAygcxp6CZTAuhJUoCz9H1Y2xQnXKznmZGyW5yJ,0.000463,0.058948,0.009770000000000001
400800,a5X4fE5zpQbXHp+oiI8u3D+LaVAygcxp6CZTAuhJUoCz9H1Y2xQnXKznmZGyW5yJ,0.000709,0.065401,0.009882
401100,a5X4fE5zpQbXHp+oiI8u3D+LaVAygcxp6CZTAuhJUoCz9H1Y2xQnXKznmZGyW5yJ,0.000502,0.074588,0.0107
401400,a5X4fE5zpQbXHp+oiI8u3D+LaVAygcxp6CZTAuhJUoCz9H1Y2xQnXKznmZGyW5yJ,0.000404,0.046637,0.009153
401700,a5X4fE5zpQbXHp+oiI8u3D+LaVAygcxp6CZTAuhJUoCz9H1Y2xQnXKznmZGyW5yJ,0.000691,0.063737,0.010817
402000,a5X4fE5zpQbXHp+oiI8u3D+LaVAygcxp6CZTAuhJUoCz9H1Y2xQnXKznmZGyW5yJ,0.000394,0.05552000000000001,0.009377
402300,a5X4fE5zpQbXHp+oiI8u3D+LaVAygcxp6CZTAuhJUoCz9H1Y2xQnXKznmZGyW5yJ,0.0006940000000000001,0.058112,0.010765
402600,a5X4fE5zpQbXHp+oiI8u3D+LaVAygcxp6CZTAuhJUoCz9H1Y2xQnXKznmZGyW5yJ,0.000433,0.050289999999999994,0.009337
402900,a5X4fE5zpQbXHp+oiI8u3D+LaVAygcxp6CZTAuhJUoCz9H1Y2xQnXKznmZGyW5yJ,0.000721,0.080501,0.01061
403200,a5X4fE5zpQbXHp+oiI8u3D+LaVAygcxp6CZTAuhJUoCz9H1Y2xQnXKznmZGyW5yJ,0.000571,0.091281,0.01012
403500,a5X4fE5zpQbXHp+oiI8u3D+LaVAygcxp6CZTAuhJUoCz9H1Y2xQnXKznmZGyW5yJ,0.0007070000000000001,0.068444,0.010884
403800,a5X4fE5zpQbXHp+oiI8u3D+LaVAygcxp6CZTAuhJUoCz9H1Y2xQnXKznmZGyW5yJ,0.00063,0.068053,0.009585
404100,a5X4fE5zpQbXHp+oiI8u3D+LaVAygcxp6CZTAuhJUoCz9H1Y2xQnXKznmZGyW5yJ,0.00034500000000000004,0.057867999999999996,0.010356
404400,a5X4fE5zpQbXHp+oiI8u3D+LaVAygcxp6CZTAuhJUoCz9H1Y2xQnXKznmZGyW5yJ,0.0006900000000000001,0.06514099999999999,0.010018
404700,a5X4fE5zpQbXHp+oiI8u3D+LaVAygcxp6CZTAuhJUoCz9H1Y2xQnXKznmZGyW5yJ,0.000404,0.07409400000000001,0.011601
405000,a5X4fE5zpQbXHp+oiI8u3D+LaVAygcxp6CZTAuhJUoCz9H1Y2xQnXKznmZGyW5yJ,0.000826,0.048619,0.010028
405300,a5X4fE5zpQbXHp+oiI8u3D+LaVAygcxp6CZTAuhJUoCz9H1Y2xQnXKznmZGyW5yJ,0.000354,0.07237,0.009672
405600,a5X4fE5zpQbXHp+oiI8u3D+LaVAygcxp6CZTAuhJUoCz9H1Y2xQnXKznmZGyW5yJ,0.000682,0.044222000000000004,0.009879
405900,a5X4fE5zpQbXHp+oiI8u3D+LaVAygcxp6CZTAuhJUoCz9H1Y2xQnXKznmZGyW5yJ,0.000522,0.06772,0.010037
406200,a5X4fE5zpQbXHp+oiI8u3D+LaVAygcxp6CZTAuhJUoCz9H1Y2xQnXKznmZGyW5yJ,0.000705,0.05764400000000001,0.00981
406500,a5X4fE5zpQbXHp+oiI8u3D+LaVAygcxp6CZTAuhJUoCz9H1Y2xQnXKznmZGyW5yJ,0.0006929999999999999,0.047191000000000004,0.009849
406800,a5X4fE5zpQbXHp+oiI8u3D+LaVAygcxp6CZTAuhJUoCz9H1Y2xQnXKznmZGyW5yJ,0.0006889999999999999,0.06519900000000001,0.009661
407100,a5X4fE5zpQbXHp+oiI8u3D+LaVAygcxp6CZTAuhJUoCz9H1Y2xQnXKznmZGyW5yJ,0.000708,0.050886,0.01056
407400,a5X4fE5zpQbXHp+oiI8u3D+LaVAygcxp6CZTAuhJUoCz9H1Y2xQnXKznmZGyW5yJ,0.0007019999999999999,0.058967,0.008917
407700,a5X4fE5zpQbXHp+oiI8u3D+LaVAygcxp6CZTAuhJUoCz9H1Y2xQnXKznmZGyW5yJ,0.000711,0.047326,0.010754000000000001
408000,a5X4fE5zpQbXHp+oiI8u3D+LaVAygcxp6CZTAuhJUoCz9H1Y2xQnXKznmZGyW5yJ,0.000715,0.07941799999999999,0.009653
408300,a5X4fE5zpQbXHp+oiI8u3D+LaVAygcxp6CZTAuhJUoCz9H1Y2xQnXKznmZGyW5yJ,0.0007059999999999999,0.055419,0.011563
408600,a5X4fE5zpQbXHp+oiI8u3D+LaVAygcxp6CZTAuhJUoCz9H1Y2xQnXKznmZGyW5yJ,0.000699,0.065956,0.009321
408900,a5X4fE5zpQbXHp+oiI8u3D+LaVAygcxp6CZTAuhJUoCz9H1Y2xQnXKznmZGyW5yJ,0.000663,0.06029299999999999,0.010425
409200,a5X4fE5zpQbXHp+oiI8u3D+LaVAygcxp6CZTAuhJUoCz9H1Y2xQnXKznmZGyW5yJ,0.000726,0.320235,0.013909999999999999
409500,a5X4fE5zpQbXHp+oiI8u3D+LaVAygcxp6CZTAuhJUoCz9H1Y2xQnXKznmZGyW5yJ,0.000796,0.066208,0.01011
409800,a5X4fE5zpQbXHp+oiI8u3D+LaVAygcxp6CZTAuhJUoCz9H1Y2xQnXKznmZGyW5yJ,0.0007,0.057237,0.009502
410100,a5X4fE5zpQbXHp+oiI8u3D+LaVAygcxp6CZTAuhJUoCz9H1Y2xQnXKznmZGyW5yJ,0.000723,0.054730999999999995,0.010374
410400,a5X4fE5zpQbXHp+oiI8u3D+LaVAygcxp6CZTAuhJUoCz9H1Y2xQnXKznmZGyW5yJ,0.000727,0.055264999999999995,0.009904999999999999
410700,a5X4fE5zpQbXHp+oiI8u3D+LaVAygcxp6CZTAuhJUoCz9H1Y2xQnXKznmZGyW5yJ,0.000712,0.068918,0.009923999999999999
411000,a5X4fE5zpQbXHp+oiI8u3D+LaVAygcxp6CZTAuhJUoCz9H1Y2xQnXKznmZGyW5yJ,0.000723,0.047049,0.009959
411300,a5X4fE5zpQbXHp+oiI8u3D+LaVAygcxp6CZTAuhJUoCz9H1Y2xQnXKznmZGyW5yJ,0.000687,0.05146799999999999,0.010531
411600,a5X4fE5zpQbXHp+oiI8u3D+LaVAygcxp6CZTAuhJUoCz9H1Y2xQnXKznmZGyW5yJ,0.0006900000000000001,0.069508,0.00992
411900,a5X4fE5zpQbXHp+oiI8u3D+LaVAygcxp6CZTAuhJUoCz9H1Y2xQnXKznmZGyW5yJ,0.000364,0.06465800000000001,0.011054999999999999
412200,a5X4fE5zpQbXHp+oiI8u3D+LaVAygcxp6CZTAuhJUoCz9H1Y2xQnXKznmZGyW5yJ,0.000315,0.053055,0.009337999999999999
412500,a5X4fE5zpQbXHp+oiI8u3D+LaVAygcxp6CZTAuhJUoCz9H1Y2xQnXKznmZGyW5yJ,0.000677,0.072415,0.010701
412800,a5X4fE5zpQbXHp+oiI8u3D+LaVAygcxp6CZTAuhJUoCz9H1Y2xQnXKznmZGyW5yJ,0.000315,0.072167,0.009432
413100,a5X4fE5zpQbXHp+oiI8u3D+LaVAygcxp6CZTAuhJUoCz9H1Y2xQnXKznmZGyW5yJ,0.000696,0.059044000000000006,0.010665
413400,a5X4fE5zpQbXHp+oiI8u3D+LaVAygcxp6CZTAuhJUoCz9H1Y2xQnXKznmZGyW5yJ,0.000335,0.067442,0.009336
413700,a5X4fE5zpQbXHp+oiI8u3D+LaVAygcxp6CZTAuhJUoCz9H1Y2xQnXKznmZGyW5yJ,0.000684,0.049152,0.010801
414000,a5X4fE5zpQbXHp+oiI8u3D+LaVAygcxp6CZTAuhJUoCz9H1Y2xQnXKznmZGyW5yJ,0.000384,0.047555,0.00948
414300,a5X4fE5zpQbXHp+oiI8u3D+LaVAygcxp6CZTAuhJUoCz9H1Y2xQnXKznmZGyW5yJ,0.000686,0.048973,0.010699
414600,a5X4fE5zpQbXHp+oiI8u3D+LaVAygcxp6CZTAuhJUoCz9H1Y2xQnXKznmZGyW5yJ,0.000711,0.068235,0.009349
414900,a5X4fE5zpQbXHp+oiI8u3D+LaVAygcxp6CZTAuhJUoCz9H1Y2xQnXKznmZGyW5yJ,0.0005610000000000001,0.058924000000000004,0.010216
415200,a5X4fE5zpQbXHp+oiI8u3D+LaVAygcxp6CZTAuhJUoCz9H1Y2xQnXKznmZGyW5yJ,0.0006900000000000001,0.050443,0.009853
415500,a5X4fE5zpQbXHp+oiI8u3D+LaVAygcxp6CZTAuhJUoCz9H1Y2xQnXKznmZGyW5yJ,0.000571,0.096209,0.011278
415800,a5X4fE5zpQbXHp+oiI8u3D+LaVAygcxp6CZTAuhJUoCz9H1Y2xQnXKznmZGyW5yJ,0.000676,0.058642999999999994,0.009845999999999999
416100,a5X4fE5zpQbXHp+oiI8u3D+LaVAygcxp6CZTAuhJUoCz9H1Y2xQnXKznmZGyW5yJ,0.000325,0.061938,0.010605
416400,a5X4fE5zpQbXHp+oiI8u3D+LaVAygcxp6CZTAuhJUoCz9H1Y2xQnXKznmZGyW5yJ,0.000717,0.054123000000000004,0.009831
416700,a5X4fE5zpQbXHp+oiI8u3D+LaVAygcxp6CZTAuhJUoCz9H1Y2xQnXKznmZGyW5yJ,0.000364,0.053587,0.010440000000000001
417000,a5X4fE5zpQbXHp+oiI8u3D+LaVAygcxp6CZTAuhJUoCz9H1Y2xQnXKznmZGyW5yJ,0.000705,0.078249,0.010054
417300,a5X4fE5zpQbXHp+oiI8u3D+LaVAygcxp6CZTAuhJUoCz9H1Y2xQnXKznmZGyW5yJ,0.000551,0.053219,0.010221
417600,a5X4fE5zpQbXHp+oiI8u3D+LaVAygcxp6CZTAuhJUoCz9H1Y2xQnXKznmZGyW5yJ,0.000676,0.065982,0.009575
417900,a5X4fE5zpQbXHp+oiI8u3D+LaVAygcxp6CZTAuhJUoCz9H1Y2xQnXKznmZGyW5yJ,0.000704,0.05779,0.010642
418200,a5X4fE5zpQbXHp+oiI8u3D+LaVAygcxp6CZTAuhJUoCz9H1Y2xQnXKznmZGyW5yJ,0.0007160000000000001,0.059474,0.009670999999999999
418500,a5X4fE5zpQbXHp+oiI8u3D+LaVAygcxp6CZTAuhJUoCz9H1Y2xQnXKznmZGyW5yJ,0.00066,0.07608999999999999,0.010634000000000001
418800,a5X4fE5zpQbXHp+oiI8u3D+LaVAygcxp6CZTAuhJUoCz9H1Y2xQnXKznmZGyW5yJ,0.000664,0.058136,0.0101
419100,a5X4fE5zpQbXHp+oiI8u3D+LaVAygcxp6CZTAuhJUoCz9H1Y2xQnXKznmZGyW5yJ,0.0006730000000000001,0.069601,0.011477
419400,a5X4fE5zpQbXHp+oiI8u3D+LaVAygcxp6CZTAuhJUoCz9H1Y2xQnXKznmZGyW5yJ,0.000591,0.054768,0.010386
419700,a5X4fE5zpQbXHp+oiI8u3D+LaVAygcxp6CZTAuhJUoCz9H1Y2xQnXKznmZGyW5yJ,0.000685,0.058057000000000004,0.010618
420000,a5X4fE5zpQbXHp+oiI8u3D+LaVAygcxp6CZTAuhJUoCz9H1Y2xQnXKznmZGyW5yJ,0.000443,0.059467,0.010328
420300,a5X4fE5zpQbXHp+oiI8u3D+LaVAygcxp6CZTAuhJUoCz9H1Y2xQnXKznmZGyW5yJ,0.000443,0.056795000000000005,0.011114
420600,a5X4fE5zpQbXHp+oiI8u3D+LaVAygcxp6CZTAuhJUoCz9H1Y2xQnXKznmZGyW5yJ,0.000692,0.048033,0.010009
420900,a5X4fE5zpQbXHp+oiI8u3D+LaVAygcxp6CZTAuhJUoCz9H1Y2xQnXKznmZGyW5yJ,0.000714,0.07452,0.011417
421200,a5X4fE5zpQbXHp+oiI8u3D+LaVAygcxp6CZTAuhJUoCz9H1Y2xQnXKznmZGyW5yJ,0.000657,0.065121,0.009864
421500,a5X4fE5zpQbXHp+oiI8u3D+LaVAygcxp6CZTAuhJUoCz9H1Y2xQnXKznmZGyW5yJ,0.000676,0.07193300000000001,0.011409
421800,a5X4fE5zpQbXHp+oiI8u3D+LaVAygcxp6CZTAuhJUoCz9H1Y2xQnXKznmZGyW5yJ,0.000679,0.06041900000000001,0.010069
422100,a5X4fE5zpQbXHp+oiI8u3D+LaVAygcxp6CZTAuhJUoCz9H1Y2xQnXKznmZGyW5yJ,0.0006940000000000001,0.053279999999999994,0.010783
422400,a5X4fE5zpQbXHp+oiI8u3D+LaVAygcxp6CZTAuhJUoCz9H1Y2xQnXKznmZGyW5yJ,0.000657,0.06857100000000001,0.009937999999999999
422700,a5X4fE5zpQbXHp+oiI8u3D+LaVAygcxp6CZTAuhJUoCz9H1Y2xQnXKznmZGyW5yJ,0.000463,0.102215,0.011956
423000,a5X4fE5zpQbXHp+oiI8u3D+LaVAygcxp6CZTAuhJUoCz9H1Y2xQnXKznmZGyW5yJ,0.000404,0.055737,0.01053
423300,a5X4fE5zpQbXHp+oiI8u3D+LaVAygcxp6CZTAuhJUoCz9H1Y2xQnXKznmZGyW5yJ,0.000714,0.064697,0.010661
423600,a5X4fE5zpQbXHp+oiI8u3D+LaVAygcxp6CZTAuhJUoCz9H1Y2xQnXKznmZGyW5yJ,0.000482,0.051682000000000006,0.010364
423900,a5X4fE5zpQbXHp+oiI8u3D+LaVAygcxp6CZTAuhJUoCz9H1Y2xQnXKznmZGyW5yJ,0.000683,0.056761,0.010634999999999999
424200,a5X4fE5zpQbXHp+oiI8u3D+LaVAygcxp6CZTAuhJUoCz9H1Y2xQnXKznmZGyW5yJ,0.000542,0.066742,0.009654000000000001
424500,a5X4fE5zpQbXHp+oiI8u3D+LaVAygcxp6CZTAuhJUoCz9H1Y2xQnXKznmZGyW5yJ,0.000654,0.052396000000000005,0.010565999999999999
424800,a5X4fE5zpQbXHp+oiI8u3D+LaVAygcxp6CZTAuhJUoCz9H1Y2xQnXKznmZGyW5yJ,0.000551,0.062110000000000005,0.009164
425100,a5X4fE5zpQbXHp+oiI8u3D+LaVAygcxp6CZTAuhJUoCz9H1Y2xQnXKznmZGyW5yJ,0.000701,0.051476,0.010489
425400,a5X4fE5zpQbXHp+oiI8u3D+LaVAygcxp6CZTAuhJUoCz9H1Y2xQnXKznmZGyW5yJ,0.00061,0.07488600000000001,0.009428
425700,a5X4fE5zpQbXHp+oiI8u3D+LaVAygcxp6CZTAuhJUoCz9H1Y2xQnXKznmZGyW5yJ,0.000601,0.049980000000000004,0.009998
426000,a5X4fE5zpQbXHp+oiI8u3D+LaVAygcxp6CZTAuhJUoCz9H1Y2xQnXKznmZGyW5yJ,0.000713,0.050966000000000004,0.009845
426300,a5X4fE5zpQbXHp+oiI8u3D+LaVAygcxp6CZTAuhJUoCz9H1Y2xQnXKznmZGyW5yJ,0.000502,0.05764299999999999,0.011498
426600,a5X4fE5zpQbXHp+oiI8u3D+LaVAygcxp6CZTAuhJUoCz9H1Y2xQnXKznmZGyW5yJ,0.0007030000000000001,0.049906,0.009714
426900,a5X4fE5zpQbXHp+oiI8u3D+LaVAygcxp6CZTAuhJUoCz9H1Y2xQnXKznmZGyW5yJ,0.000552,0.054335,0.010024
427200,a5X4fE5zpQbXHp+oiI8u3D+LaVAygcxp6CZTAuhJUoCz9H1Y2xQnXKznmZGyW5yJ,0.0007379999999999999,0.061447,0.009897
427500,a5X4fE5zpQbXHp+oiI8u3D+LaVAygcxp6CZTAuhJUoCz9H1Y2xQnXKznmZGyW5yJ,0.000482,0.058431,0.01029
427800,a5X4fE5zpQbXHp+oiI8u3D+LaVAygcxp6CZTAuhJUoCz9H1Y2xQnXKznmZGyW5yJ,0.000708,0.057548,0.009888
428100,a5X4fE5zpQbXHp+oiI8u3D+LaVAygcxp6CZTAuhJUoCz9H1Y2xQnXKznmZGyW5yJ,0.00065,0.055026,0.010012
428400,a5X4fE5zpQbXHp+oiI8u3D+LaVAygcxp6CZTAuhJUoCz9H1Y2xQnXKznmZGyW5yJ,0.000591,0.046668,0.009535
428700,a5X4fE5zpQbXHp+oiI8u3D+LaVAygcxp6CZTAuhJUoCz9H1Y2xQnXKznmZGyW5yJ,0.000675,0.047654,0.010551999999999999
429000,a5X4fE5zpQbXHp+oiI8u3D+LaVAygcxp6CZTAuhJUoCz9H1Y2xQnXKznmZGyW5yJ,0.000591,0.048526,0.009275
429300,a5X4fE5zpQbXHp+oiI8u3D+LaVAygcxp6CZTAuhJUoCz9H1Y2xQnXKznmZGyW5yJ,0.000724,0.058552,0.010684
429600,a5X4fE5zpQbXHp+oiI8u3D+LaVAygcxp6CZTAuhJUoCz9H1Y2xQnXKznmZGyW5yJ,0.000661,0.0571,0.009601
429900,a5X4fE5zpQbXHp+oiI8u3D+LaVAygcxp6CZTAuhJUoCz9H1Y2xQnXKznmZGyW5yJ,0.0007740000000000001,0.069398,0.011533
430200,a5X4fE5zpQbXHp+oiI8u3D+LaVAygcxp6CZTAuhJUoCz9H1Y2xQnXKznmZGyW5yJ,0.000732,0.045687,0.009283
430500,a5X4fE5zpQbXHp+oiI8u3D+LaVAygcxp6CZTAuhJUoCz9H1Y2xQnXKznmZGyW5yJ,0.00072,0.058294000000000006,0.010675
430800,a5X4fE5zpQbXHp+oiI8u3D+LaVAygcxp6CZTAuhJUoCz9H1Y2xQnXKznmZGyW5yJ,0.0007,0.07055499999999999,0.009285
431100,a5X4fE5zpQbXHp+oiI8u3D+LaVAygcxp6CZTAuhJUoCz9H1Y2xQnXKznmZGyW5yJ,0.0006450000000000001,0.668562,0.019552
431400,a5X4fE5zpQbXHp+oiI8u3D+LaVAygcxp6CZTAuhJUoCz9H1Y2xQnXKznmZGyW5yJ,0.0006900000000000001,0.048152,0.009595999999999999
431700,a5X4fE5zpQbXHp+oiI8u3D+LaVAygcxp6CZTAuhJUoCz9H1Y2xQnXKznmZGyW5yJ,0.000717,0.056282000000000006,0.010391
432000,a5X4fE5zpQbXHp+oiI8u3D+LaVAygcxp6CZTAuhJUoCz9H1Y2xQnXKznmZGyW5yJ,0.0007070000000000001,0.06571,0.009983
432300,a5X4fE5zpQbXHp+oiI8u3D+LaVAygcxp6CZTAuhJUoCz9H1Y2xQnXKznmZGyW5yJ,0.000714,0.058263,0.010391
432600,a5X4fE5zpQbXHp+oiI8u3D+LaVAygcxp6CZTAuhJUoCz9H1Y2xQnXKznmZGyW5yJ,0.000699,0.046978,0.009970999999999999
432900,a5X4fE5zpQbXHp+oiI8u3D+LaVAygcxp6CZTAuhJUoCz9H1Y2xQnXKznmZGyW5yJ,0.000695,0.048763,0.010368
433200,a5X4fE5zpQbXHp+oiI8u3D+LaVAygcxp6CZTAuhJUoCz9H1Y2xQnXKznmZGyW5yJ,0.00073,0.069868,0.009824
433500,a5X4fE5zpQbXHp+oiI8u3D+LaVAygcxp6CZTAuhJUoCz9H1Y2xQnXKznmZGyW5yJ,0.0007570000000000001,0.069319,0.011269
433800,a5X4fE5zpQbXHp+oiI8u3D+LaVAygcxp6CZTAuhJUoCz9H1Y2xQnXKznmZGyW5yJ,0.00063,0.052515,0.009475
434100,a5X4fE5zpQbXHp+oiI8u3D+LaVAygcxp6CZTAuhJUoCz9H1Y2xQnXKznmZGyW5yJ,0.000672,0.065705,0.010699
434400,a5X4fE5zpQbXHp+oiI8u3D+LaVAygcxp6CZTAuhJUoCz9H1Y2xQnXKznmZGyW5yJ,0.000364,0.048925,0.009487
434700,a5X4fE5zpQbXHp+oiI8u3D+LaVAygcxp6CZTAuhJUoCz9H1Y2xQnXKznmZGyW5yJ,0.000745,0.045848,0.010618
435000,a5X4fE5zpQbXHp+oiI8u3D+LaVAygcxp6CZTAuhJUoCz9H1Y2xQnXKznmZGyW5yJ,0.00047300000000000006,0.058383000000000004,0.009574
435300,a5X4fE5zpQbXHp+oiI8u3D+LaVAygcxp6CZTAuhJUoCz9H1Y2xQnXKznmZGyW5yJ,0.000776,0.054002,0.010345
435600,a5X4fE5zpQbXHp+oiI8u3D+LaVAygcxp6CZTAuhJUoCz9H1Y2xQnXKznmZGyW5yJ,0.000335,0.052384,0.009362
435900,a5X4fE5zpQbXHp+oiI8u3D+LaVAygcxp6CZTAuhJUoCz9H1Y2xQnXKznmZGyW5yJ,0.00075,0.08114600000000001,0.010607
436200,a5X4fE5zpQbXHp+oiI8u3D+LaVAygcxp6CZTAuhJUoCz9H1Y2xQnXKznmZGyW5yJ,0.000453,0.068471,0.009611
436500,a5X4fE5zpQbXHp+oiI8u3D+LaVAygcxp6CZTAuhJUoCz9H1Y2xQnXKznmZGyW5yJ,0.0005809999999999999,0.052038,0.010020999999999999
436800,a5X4fE5zpQbXHp+oiI8u3D+LaVAygcxp6CZTAuhJUoCz9H1Y2xQnXKznmZGyW5yJ,0.000705,0.051989,0.010121
437100,a5X4fE5zpQbXHp+oiI8u3D+LaVAygcxp6CZTAuhJUoCz9H1Y2xQnXKznmZGyW5yJ,0.000705,0.051105000000000005,0.010754000000000001
437400,a5X4fE5zpQbXHp+oiI8u3D+LaVAygcxp6CZTAuhJUoCz9H1Y2xQnXKznmZGyW5yJ,0.0006900000000000001,0.05134299999999999,0.010221
437700,a5X4fE5zpQbXHp+oiI8u3D+LaVAygcxp6CZTAuhJUoCz9H1Y2xQnXKznmZGyW5yJ,0.00061,0.07256699999999999,0.010643999999999999
438000,a5X4fE5zpQbXHp+oiI8u3D+LaVAygcxp6CZTAuhJUoCz9H1Y2xQnXKznmZGyW5yJ,0.000686,0.056214,0.010151
438300,a5X4fE5zpQbXHp+oiI8u3D+LaVAygcxp6CZTAuhJUoCz9H1Y2xQnXKznmZGyW5yJ,0.000335,0.051653,0.010173
438600,a5X4fE5zpQbXHp+oiI8u3D+LaVAygcxp6CZTAuhJUoCz9H1Y2xQnXKznmZGyW5yJ,0.000683,0.050543,0.00997
438900,a5X4fE5zpQbXHp+oiI8u3D+LaVAygcxp6CZTAuhJUoCz9H1Y2xQnXKznmZGyW5yJ,0.00037400000000000004,0.06416000000000001,0.010334999999999999
439200,a5X4fE5zpQbXHp+oiI8u3D+LaVAygcxp6CZTAuhJUoCz9H1Y2xQnXKznmZGyW5yJ,0.000315,0.051222000000000004,0.009111
439500,a5X4fE5zpQbXHp+oiI8u3D+LaVAygcxp6CZTAuhJUoCz9H1Y2xQnXKznmZGyW5yJ,0.000683,0.054188,0.010406
439800,a5X4fE5zpQbXHp+oiI8u3D+LaVAygcxp6CZTAuhJUoCz9H1Y2xQnXKznmZGyW5yJ,0.00034500000000000004,0.052435,0.009413
440100,a5X4fE5zpQbXHp+oiI8u3D+LaVAygcxp6CZTAuhJUoCz9H1Y2xQnXKznmZGyW5yJ,0.000684,0.060434,0.010679000000000001
440400,a5X4fE5zpQbXHp+oiI8u3D+LaVAygcxp6CZTAuhJUoCz9H1Y2xQnXKznmZGyW5yJ,0.00064,1.248102,0.019
440700,a5X4fE5zpQbXHp+oiI8u3D+LaVAygcxp6CZTAuhJUoCz9H1Y2xQnXKznmZGyW5yJ,0.0007019999999999999,0.056366,0.011662
441000,a5X4fE5zpQbXHp+oiI8u3D+LaVAygcxp6CZTAuhJUoCz9H1Y2xQnXKznmZGyW5yJ,0.0007160000000000001,0.066651,0.009569
441300,a5X4fE5zpQbXHp+oiI8u3D+LaVAygcxp6CZTAuhJUoCz9H1Y2xQnXKznmZGyW5yJ,0.0006889999999999999,0.064287,0.01067
441600,a5X4fE5zpQbXHp+oiI8u3D+LaVAygcxp6CZTAuhJUoCz9H1Y2xQnXKznmZGyW5yJ,0.000532,0.046738999999999996,0.009507999999999999
441900,a5X4fE5zpQbXHp+oiI8u3D+LaVAygcxp6CZTAuhJUoCz9H1Y2xQnXKznmZGyW5yJ,0.000414,0.055541,0.010075
442200,a5X4fE5zpQbXHp+oiI8u3D+LaVAygcxp6CZTAuhJUoCz9H1Y2xQnXKznmZGyW5yJ,0.000676,0.06338400000000001,0.009897
442500,a5X4fE5zpQbXHp+oiI8u3D+LaVAygcxp6CZTAuhJUoCz9H1Y2xQnXKznmZGyW5yJ,0.000305,0.060085,0.010681
442800,a5X4fE5zpQbXHp+oiI8u3D+LaVAygcxp6CZTAuhJUoCz9H1Y2xQnXKznmZGyW5yJ,0.000674,0.069436,0.009968000000000001
443100,a5X4fE5zpQbXHp+oiI8u3D+LaVAygcxp6CZTAuhJUoCz9H1Y2xQnXKznmZGyW5yJ,0.000325,0.066561,0.010324
443400,a5X4fE5zpQbXHp+oiI8u3D+LaVAygcxp6CZTAuhJUoCz9H1Y2xQnXKznmZGyW5yJ,0.000686,0.05355700000000001,0.009828
443700,a5X4fE5zpQbXHp+oiI8u3D+LaVAygcxp6CZTAuhJUoCz9H1Y2xQnXKznmZGyW5yJ,0.000668,0.06081,0.009912
444000,a5X4fE5zpQbXHp+oiI8u3D+LaVAygcxp6CZTAuhJUoCz9H1Y2xQnXKznmZGyW5yJ,0.000684,0.063964,0.009891
444300,a5X4fE5zpQbXHp+oiI8u3D+LaVAygcxp6CZTAuhJUoCz9H1Y2xQnXKznmZGyW5yJ,0.000711,0.050362,0.010740999999999999
444600,a5X4fE5zpQbXHp+oiI8u3D+LaVAygcxp6CZTAuhJUoCz9H1Y2xQnXKznmZGyW5yJ,0.000718,0.046558999999999996,0.009835
444900,a5X4fE5zpQbXHp+oiI8u3D+LaVAygcxp6CZTAuhJUoCz9H1Y2xQnXKznmZGyW5yJ,0.0007099999999999999,0.6498149999999999,0.018688
445200,a5X4fE5zpQbXHp+oiI8u3D+LaVAygcxp6CZTAuhJUoCz9H1Y2xQnXKznmZGyW5yJ,0.000679,0.062085,0.009556
445500,a5X4fE5zpQbXHp+oiI8u3D+LaVAygcxp6CZTAuhJUoCz9H1Y2xQnXKznmZGyW5yJ,0.000678,0.056219000000000005,0.010631
445800,a5X4fE5zpQbXHp+oiI8u3D+LaVAygcxp6CZTAuhJUoCz9H1Y2xQnXKznmZGyW5yJ,0.0006799999999999999,0.078782,0.009831
446100,a5X4fE5zpQbXHp+oiI8u3D+LaVAygcxp6CZTAuhJUoCz9H1Y2xQnXKznmZGyW5yJ,0.0006799999999999999,0.056057,0.010665
446400,a5X4fE5zpQbXHp+oiI8u3D+LaVAygcxp6CZTAuhJUoCz9H1Y2xQnXKznmZGyW5yJ,0.000335,0.09840700000000001,0.010518000000000001
446700,a5X4fE5zpQbXHp+oiI8u3D+LaVAygcxp6CZTAuhJUoCz9H1Y2xQnXKznmZGyW5yJ,0.000692,0.06819299999999999,0.010784
447000,a5X4fE5zpQbXHp+oiI8u3D+LaVAygcxp6CZTAuhJUoCz9H1Y2xQnXKznmZGyW5yJ,0.000413,0.0689,0.009824
447300,a5X4fE5zpQbXHp+oiI8u3D+LaVAygcxp6CZTAuhJUoCz9H1Y2xQnXKznmZGyW5yJ,0.0006799999999999999,0.062862,0.010628
447600,a5X4fE5zpQbXHp+oiI8u3D+LaVAygcxp6CZTAuhJUoCz9H1Y2xQnXKznmZGyW5yJ,0.000354,0.050879,0.009483
447900,a5X4fE5zpQbXHp+oiI8u3D+LaVAygcxp6CZTAuhJUoCz9H1Y2xQnXKznmZGyW5yJ,0.000335,0.056352,0.010647
448200,a5X4fE5zpQbXHp+oiI8u3D+LaVAygcxp6CZTAuhJUoCz9H1Y2xQnXKznmZGyW5yJ,0.000699,0.045566,0.009941
448500,a5X4fE5zpQbXHp+oiI8u3D+LaVAygcxp6CZTAuhJUoCz9H1Y2xQnXKznmZGyW5yJ,0.000384,0.048520999999999995,0.010216
448800,a5X4fE5zpQbXHp+oiI8u3D+LaVAygcxp6CZTAuhJUoCz9H1Y2xQnXKznmZGyW5yJ,0.000665,0.064336,0.009966
449100,a5X4fE5zpQbXHp+oiI8u3D+LaVAygcxp6CZTAuhJUoCz9H1Y2xQnXKznmZGyW5yJ,0.0006519999999999999,0.054735,0.010385
449400,a5X4fE5zpQbXHp+oiI8u3D+LaVAygcxp6CZTAuhJUoCz9H1Y2xQnXKznmZGyW5yJ,0.000656,0.044282999999999996,0.010020000000000001
449700,a5X4fE5zpQbXHp+oiI8u3D+LaVAygcxp6CZTAuhJUoCz9H1Y2xQnXKznmZGyW5yJ,0.000685,0.057263,0.010549
450000,a5X4fE5zpQbXHp+oiI8u3D+LaVAygcxp6CZTAuhJUoCz9H1Y2xQnXKznmZGyW5yJ,0.000731,0.047787,0.010013
450300,a5X4fE5zpQbXHp+oiI8u3D+LaVAygcxp6CZTAuhJUoCz9H1Y2xQnXKznmZGyW5yJ,0.00037400000000000004,0.056226,0.009475
450600,a5X4fE5zpQbXHp+oiI8u3D+LaVAygcxp6CZTAuhJUoCz9H1Y2xQnXKznmZGyW5yJ,0.000414,0.049693,0.009063
450900,a5X4fE5zpQbXHp+oiI8u3D+LaVAygcxp6CZTAuhJUoCz9H1Y2xQnXKznmZGyW5yJ,0.000697,0.067584,0.010693000000000001
451200,a5X4fE5zpQbXHp+oiI8u3D+LaVAygcxp6CZTAuhJUoCz9H1Y2xQnXKznmZGyW5yJ,0.000315,0.067423,0.009398
451500,a5X4fE5zpQbXHp+oiI8u3D+LaVAygcxp6CZTAuhJUoCz9H1Y2xQnXKznmZGyW5yJ,0.000739,0.056175,0.011558
451800,a5X4fE5zpQbXHp+oiI8u3D+LaVAygcxp6CZTAuhJUoCz9H1Y2xQnXKznmZGyW5yJ,0.000304,0.04425,0.009327
452100,a5X4fE5zpQbXHp+oiI8u3D+LaVAygcxp6CZTAuhJUoCz9H1Y2xQnXKznmZGyW5yJ,0.0006730000000000001,0.049270999999999995,0.010206
452400,a5X4fE5zpQbXHp+oiI8u3D+LaVAygcxp6CZTAuhJUoCz9H1Y2xQnXKznmZGyW5yJ,0.000482,0.045432,0.009564
452700,a5X4fE5zpQbXHp+oiI8u3D+LaVAygcxp6CZTAuhJUoCz9H1Y2xQnXKznmZGyW5yJ,0.000732,0.05998,0.010624
453000,a5X4fE5zpQbXHp+oiI8u3D+LaVAygcxp6CZTAuhJUoCz9H1Y2xQnXKznmZGyW5yJ,0.00062,0.047132,0.00914
453300,a5X4fE5zpQbXHp+oiI8u3D+LaVAygcxp6CZTAuhJUoCz9H1Y2xQnXKznmZGyW5yJ,0.000502,0.051176,0.010039
453600,a5X4fE5zpQbXHp+oiI8u3D+LaVAygcxp6CZTAuhJUoCz9H1Y2xQnXKznmZGyW5yJ,0.000725,0.06251799999999999,0.009998
453900,a5X4fE5zpQbXHp+oiI8u3D+LaVAygcxp6CZTAuhJUoCz9H1Y2xQnXKznmZGyW5yJ,0.000354,0.058874,0.009779000000000001
454200,a5X4fE5zpQbXHp+oiI8u3D+LaVAygcxp6CZTAuhJUoCz9H1Y2xQnXKznmZGyW5yJ,0.000705,0.046158,0.009999
454500,a5X4fE5zpQbXHp+oiI8u3D+LaVAygcxp6CZTAuhJUoCz9H1Y2xQnXKznmZGyW5yJ,0.000384,0.058366999999999995,0.010790000000000001
454800,a5X4fE5zpQbXHp+oiI8u3D+LaVAygcxp6CZTAuhJUoCz9H1Y2xQnXKznmZGyW5yJ,0.0006889999999999999,0.056915,0.009895999999999999
455100,a5X4fE5zpQbXHp+oiI8u3D+LaVAygcxp6CZTAuhJUoCz9H1Y2xQnXKznmZGyW5yJ,0.00054,0.8381040000000001,0.019528
455400,a5X4fE5zpQbXHp+oiI8u3D+LaVAygcxp6CZTAuhJUoCz9H1Y2xQnXKznmZGyW5yJ,0.000676,0.047151,0.010024
455700,a5X4fE5zpQbXHp+oiI8u3D+LaVAygcxp6CZTAuhJUoCz9H1Y2xQnXKznmZGyW5yJ,0.00037400000000000004,0.054473,0.009627
456000,a5X4fE5zpQbXHp+oiI8u3D+LaVAygcxp6CZTAuhJUoCz9H1Y2xQnXKznmZGyW5yJ,0.000571,0.065087,0.009429
456300,a5X4fE5zpQbXHp+oiI8u3D+LaVAygcxp6CZTAuhJUoCz9H1Y2xQnXKznmZGyW5yJ,0.000704,0.048706,0.010676
456600,a5X4fE5zpQbXHp+oiI8u3D+LaVAygcxp6CZTAuhJUoCz9H1Y2xQnXKznmZGyW5yJ,0.0006889999999999999,0.056158000000000007,0.00922
456900,a5X4fE5zpQbXHp+oiI8u3D+LaVAygcxp6CZTAuhJUoCz9H1Y2xQnXKznmZGyW5yJ,0.000724,0.057742999999999996,0.010678
457200,a5X4fE5zpQbXHp+oiI8u3D+LaVAygcxp6CZTAuhJUoCz9H1Y2xQnXKznmZGyW5yJ,0.000522,0.07646,0.009590999999999999
457500,a5X4fE5zpQbXHp+oiI8u3D+LaVAygcxp6CZTAuhJUoCz9H1Y2xQnXKznmZGyW5yJ,0.000728,0.063874,0.010675
457800,a5X4fE5zpQbXHp+oiI8u3D+LaVAygcxp6CZTAuhJUoCz9H1Y2xQnXKznmZGyW5yJ,0.000433,0.063104,0.009526
458100,a5X4fE5zpQbXHp+oiI8u3D+LaVAygcxp6CZTAuhJUoCz9H1Y2xQnXKznmZGyW5yJ,0.000709,0.06542,0.010727
458400,a5X4fE5zpQbXHp+oiI8u3D+LaVAygcxp6CZTAuhJUoCz9H1Y2xQnXKznmZGyW5yJ,0.0005009999999999999,0.062734,0.009602
458700,a5X4fE5zpQbXHp+oiI8u3D+LaVAygcxp6CZTAuhJUoCz9H1Y2xQnXKznmZGyW5yJ,0.000335,0.0681,0.011023
459000,a5X4fE5zpQbXHp+oiI8u3D+LaVAygcxp6CZTAuhJUoCz9H1Y2xQnXKznmZGyW5yJ,0.0007099999999999999,0.060223,0.009886
459300,a5X4fE5zpQbXHp+oiI8u3D+LaVAygcxp6CZTAuhJUoCz9H1Y2xQnXKznmZGyW5yJ,0.0005610000000000001,0.05269,0.010232
459600,a5X4fE5zpQbXHp+oiI8u3D+LaVAygcxp6CZTAuhJUoCz9H1Y2xQnXKznmZGyW5yJ,0.000719,0.052022000000000006,0.009984
459900,a5X4fE5zpQbXHp+oiI8u3D+LaVAygcxp6CZTAuhJUoCz9H1Y2xQnXKznmZGyW5yJ,0.000463,0.069842,0.00983
460200,a5X4fE5zpQbXHp+oiI8u3D+LaVAygcxp6CZTAuhJUoCz9H1Y2xQnXKznmZGyW5yJ,0.000721,0.049877,0.009977
460500,a5X4fE5zpQbXHp+oiI8u3D+LaVAygcxp6CZTAuhJUoCz9H1Y2xQnXKznmZGyW5yJ,0.000718,0.048563,0.010089
460800,a5X4fE5zpQbXHp+oiI8u3D+LaVAygcxp6CZTAuhJUoCz9H1Y2xQnXKznmZGyW5yJ,0.00072,0.065091,0.010004
461100,a5X4fE5zpQbXHp+oiI8u3D+LaVAygcxp6CZTAuhJUoCz9H1Y2xQnXKznmZGyW5yJ,0.000601,0.063664,0.009447
461400,a5X4fE5zpQbXHp+oiI8u3D+LaVAygcxp6CZTAuhJUoCz9H1Y2xQnXKznmZGyW5yJ,0.000354,0.053229,0.009401999999999999
461700,a5X4fE5zpQbXHp+oiI8u3D+LaVAygcxp6CZTAuhJUoCz9H1Y2xQnXKznmZGyW5yJ,0.000696,0.049188,0.010579999999999999
462000,a5X4fE5zpQbXHp+oiI8u3D+LaVAygcxp6CZTAuhJUoCz9H1Y2xQnXKznmZGyW5yJ,0.00037400000000000004,0.065403,0.009072
462300,a5X4fE5zpQbXHp+oiI8u3D+LaVAygcxp6CZTAuhJUoCz9H1Y2xQnXKznmZGyW5yJ,0.000686,0.059579999999999994,0.011349
462600,a5X4fE5zpQbXHp+oiI8u3D+LaVAygcxp6CZTAuhJUoCz9H1Y2xQnXKznmZGyW5yJ,0.000453,0.052443,0.009554
462900,a5X4fE5zpQbXHp+oiI8u3D+LaVAygcxp6CZTAuhJUoCz9H1Y2xQnXKznmZGyW5yJ,0.000704,0.07297000000000001,0.01056
463200,a5X4fE5zpQbXHp+oiI8u3D+LaVAygcxp6CZTAuhJUoCz9H1Y2xQnXKznmZGyW5yJ,0.0006,0.049787,0.009228
463500,a5X4fE5zpQbXHp+oiI8u3D+LaVAygcxp6CZTAuhJUoCz9H1Y2xQnXKznmZGyW5yJ,0.000679,0.053886,0.010495
463800,a5X4fE5zpQbXHp+oiI8u3D+LaVAygcxp6CZTAuhJUoCz9H1Y2xQnXKznmZGyW5yJ,0.00042300000000000004,0.053324,0.009364
464100,a5X4fE5zpQbXHp+oiI8u3D+LaVAygcxp6CZTAuhJUoCz9H1Y2xQnXKznmZGyW5yJ,0.00062,0.060312,0.01023
464400,a5X4fE5zpQbXHp+oiI8u3D+LaVAygcxp6CZTAuhJUoCz9H1Y2xQnXKznmZGyW5yJ,0.000735,0.055687,0.00979
464700,a5X4fE5zpQbXHp+oiI8u3D+LaVAygcxp6CZTAuhJUoCz9H1Y2xQnXKznmZGyW5yJ,0.0007059999999999999,0.056323000000000005,0.009776
465000,a5X4fE5zpQbXHp+oiI8u3D+LaVAygcxp6CZTAuhJUoCz9H1Y2xQnXKznmZGyW5yJ,0.000686,0.060617,0.009807999999999999
465300,a5X4fE5zpQbXHp+oiI8u3D+LaVAygcxp6CZTAuhJUoCz9H1Y2xQnXKznmZGyW5yJ,0.0007,0.061222000000000006,0.010365000000000001
465600,a5X4fE5zpQbXHp+oiI8u3D+LaVAygcxp6CZTAuhJUoCz9H1Y2xQnXKznmZGyW5yJ,0.000724,0.060663,0.00988
465900,a5X4fE5zpQbXHp+oiI8u3D+LaVAygcxp6CZTAuhJUoCz9H1Y2xQnXKznmZGyW5yJ,0.000666,0.072786,0.010413
466200,a5X4fE5zpQbXHp+oiI8u3D+LaVAygcxp6CZTAuhJUoCz9H1Y2xQnXKznmZGyW5yJ,0.000708,0.049694,0.00978
466500,a5X4fE5zpQbXHp+oiI8u3D+LaVAygcxp6CZTAuhJUoCz9H1Y2xQnXKznmZGyW5yJ,0.000683,0.053711,0.009746
466800,a5X4fE5zpQbXHp+oiI8u3D+LaVAygcxp6CZTAuhJUoCz9H1Y2xQnXKznmZGyW5yJ,0.000675,0.052022000000000006,0.009443
467100,a5X4fE5zpQbXHp+oiI8u3D+LaVAygcxp6CZTAuhJUoCz9H1Y2xQnXKznmZGyW5yJ,0.000686,0.05789400000000001,0.010482
467400,a5X4fE5zpQbXHp+oiI8u3D+LaVAygcxp6CZTAuhJUoCz9H1Y2xQnXKznmZGyW5yJ,0.000684,0.12153399999999999,0.011367
467700,a5X4fE5zpQbXHp+oiI8u3D+LaVAygcxp6CZTAuhJUoCz9H1Y2xQnXKznmZGyW5yJ,0.0006360000000000001,0.0519,0.010787
468000,a5X4fE5zpQbXHp+oiI8u3D+LaVAygcxp6CZTAuhJUoCz9H1Y2xQnXKznmZGyW5yJ,0.000696,0.049352,0.009173
468300,a5X4fE5zpQbXHp+oiI8u3D+LaVAygcxp6CZTAuhJUoCz9H1Y2xQnXKznmZGyW5yJ,0.000668,0.050142,0.010643000000000001
468600,a5X4fE5zpQbXHp+oiI8u3D+LaVAygcxp6CZTAuhJUoCz9H1Y2xQnXKznmZGyW5yJ,0.000701,0.058687,0.009187
468900,a5X4fE5zpQbXHp+oiI8u3D+LaVAygcxp6CZTAuhJUoCz9H1Y2xQnXKznmZGyW5yJ,0.000664,0.058615,0.010648000000000001
469200,a5X4fE5zpQbXHp+oiI8u3D+LaVAygcxp6CZTAuhJUoCz9H1Y2xQnXKznmZGyW5yJ,0.000542,0.072228,0.009243000000000001
469500,a5X4fE5zpQbXHp+oiI8u3D+LaVAygcxp6CZTAuhJUoCz9H1Y2xQnXKznmZGyW5yJ,0.000354,0.051576,0.010995
469800,a5X4fE5zpQbXHp+oiI8u3D+LaVAygcxp6CZTAuhJUoCz9H1Y2xQnXKznmZGyW5yJ,0.000648,0.067344,0.009885
470100,a5X4fE5zpQbXHp+oiI8u3D+LaVAygcxp6CZTAuhJUoCz9H1Y2xQnXKznmZGyW5yJ,0.000712,0.11967,0.012417000000000001
470400,a5X4fE5zpQbXHp+oiI8u3D+LaVAygcxp6CZTAuhJUoCz9H1Y2xQnXKznmZGyW5yJ,0.000679,0.06521,0.010048999999999999
470700,a5X4fE5zpQbXHp+oiI8u3D+LaVAygcxp6CZTAuhJUoCz9H1Y2xQnXKznmZGyW5yJ,0.000325,0.060476,0.01017
471000,a5X4fE5zpQbXHp+oiI8u3D+LaVAygcxp6CZTAuhJUoCz9H1Y2xQnXKznmZGyW5yJ,0.0006900000000000001,0.050756,0.009855
471300,a5X4fE5zpQbXHp+oiI8u3D+LaVAygcxp6CZTAuhJUoCz9H1Y2xQnXKznmZGyW5yJ,0.000482,0.061196,0.010348
471600,a5X4fE5zpQbXHp+oiI8u3D+LaVAygcxp6CZTAuhJUoCz9H1Y2xQnXKznmZGyW5yJ,0.000659,0.064968,0.010001999999999999
471900,a5X4fE5zpQbXHp+oiI8u3D+LaVAygcxp6CZTAuhJUoCz9H1Y2xQnXKznmZGyW5yJ,0.000384,0.05483300000000001,0.009676
472200,a5X4fE5zpQbXHp+oiI8u3D+LaVAygcxp6CZTAuhJUoCz9H1Y2xQnXKznmZGyW5yJ,0.000674,0.061583000000000006,0.009632
472500,a5X4fE5zpQbXHp+oiI8u3D+LaVAygcxp6CZTAuhJUoCz9H1Y2xQnXKznmZGyW5yJ,0.0006799999999999999,0.068413,0.010253
472800,a5X4fE5zpQbXHp+oiI8u3D+LaVAygcxp6CZTAuhJUoCz9H1Y2xQnXKznmZGyW5yJ,0.000325,0.053246,0.009717
473100,a5X4fE5zpQbXHp+oiI8u3D+LaVAygcxp6CZTAuhJUoCz9H1Y2xQnXKznmZGyW5yJ,0.000678,0.080586,0.011553
473400,a5X4fE5zpQbXHp+oiI8u3D+LaVAygcxp6CZTAuhJUoCz9H1Y2xQnXKznmZGyW5yJ,0.000364,0.07119400000000001,0.009544
473700,a5X4fE5zpQbXHp+oiI8u3D+LaVAygcxp6CZTAuhJUoCz9H1Y2xQnXKznmZGyW5yJ,0.000654,0.055348,0.010773999999999999
474000,a5X4fE5zpQbXHp+oiI8u3D+LaVAygcxp6CZTAuhJUoCz9H1Y2xQnXKznmZGyW5yJ,0.000335,0.055675,0.009594
474300,a5X4fE5zpQbXHp+oiI8u3D+LaVAygcxp6CZTAuhJUoCz9H1Y2xQnXKznmZGyW5yJ,0.000675,0.052164999999999996,0.010515
474600,a5X4fE5zpQbXHp+oiI8u3D+LaVAygcxp6CZTAuhJUoCz9H1Y2xQnXKznmZGyW5yJ,0.000335,0.069922,0.009272
474900,a5X4fE5zpQbXHp+oiI8u3D+LaVAygcxp6CZTAuhJUoCz9H1Y2xQnXKznmZGyW5yJ,0.000354,0.048014,0.009914
475200,a5X4fE5zpQbXHp+oiI8u3D+LaVAygcxp6CZTAuhJUoCz9H1Y2xQnXKznmZGyW5yJ,0.0006730000000000001,0.076008,0.009891
475500,a5X4fE5zpQbXHp+oiI8u3D+LaVAygcxp6CZTAuhJUoCz9H1Y2xQnXKznmZGyW5yJ,0.000295,0.055335,0.010013
475800,a5X4fE5zpQbXHp+oiI8u3D+LaVAygcxp6CZTAuhJUoCz9H1Y2xQnXKznmZGyW5yJ,0.000675,0.052101999999999996,0.009879
476100,a5X4fE5zpQbXHp+oiI8u3D+LaVAygcxp6CZTAuhJUoCz9H1Y2xQnXKznmZGyW5yJ,0.000687,0.059361000000000004,0.009873999999999999
476400,a5X4fE5zpQbXHp+oiI8u3D+LaVAygcxp6CZTAuhJUoCz9H1Y2xQnXKznmZGyW5yJ,0.0006929999999999999,0.051057,0.009470000000000001
476700,a5X4fE5zpQbXHp+oiI8u3D+LaVAygcxp6CZTAuhJUoCz9H1Y2xQnXKznmZGyW5yJ,0.000532,0.052465,0.010491
477000,a5X4fE5zpQbXHp+oiI8u3D+LaVAygcxp6CZTAuhJUoCz9H1Y2xQnXKznmZGyW5yJ,0.000696,0.058804999999999996,0.009937999999999999
477300,a5X4fE5zpQbXHp+oiI8u3D+LaVAygcxp6CZTAuhJUoCz9H1Y2xQnXKznmZGyW5yJ,0.00035499999999999996,0.049548,0.009713
477600,a5X4fE5zpQbXHp+oiI8u3D+LaVAygcxp6CZTAuhJUoCz9H1Y2xQnXKznmZGyW5yJ,0.000295,0.050899,0.009849
477900,a5X4fE5zpQbXHp+oiI8u3D+LaVAygcxp6CZTAuhJUoCz9H1Y2xQnXKznmZGyW5yJ,0.000681,0.054699,0.010514
478200,a5X4fE5zpQbXHp+oiI8u3D+LaVAygcxp6CZTAuhJUoCz9H1Y2xQnXKznmZGyW5yJ,0.000591,1.204342,0.018524000000000002
478500,a5X4fE5zpQbXHp+oiI8u3D+LaVAygcxp6CZTAuhJUoCz9H1Y2xQnXKznmZGyW5yJ,0.000696,0.057247,0.010565
478800,a5X4fE5zpQbXHp+oiI8u3D+LaVAygcxp6CZTAuhJUoCz9H1Y2xQnXKznmZGyW5yJ,0.00047300000000000006,0.057680999999999996,0.009628
479100,a5X4fE5zpQbXHp+oiI8u3D+LaVAygcxp6CZTAuhJUoCz9H1Y2xQnXKznmZGyW5yJ,0.000709,0.060496,0.010633
479400,a5X4fE5zpQbXHp+oiI8u3D+LaVAygcxp6CZTAuhJUoCz9H1Y2xQnXKznmZGyW5yJ,0.000571,0.070352,0.009866
479700,a5X4fE5zpQbXHp+oiI8u3D+LaVAygcxp6CZTAuhJUoCz9H1Y2xQnXKznmZGyW5yJ,0.0006730000000000001,0.049962,0.010806
480000,a5X4fE5zpQbXHp+oiI8u3D+LaVAygcxp6CZTAuhJUoCz9H1Y2xQnXKznmZGyW5yJ,0.0006940000000000001,0.065495,0.009731
480300,a5X4fE5zpQbXHp+oiI8u3D+LaVAygcxp6CZTAuhJUoCz9H1Y2xQnXKznmZGyW5yJ,0.000591,0.049563,0.011183
480600,a5X4fE5zpQbXHp+oiI8u3D+LaVAygcxp6CZTAuhJUoCz9H1Y2xQnXKznmZGyW5yJ,0.000698,0.056593,0.009478
480900,a5X4fE5zpQbXHp+oiI8u3D+LaVAygcxp6CZTAuhJUoCz9H1Y2xQnXKznmZGyW5yJ,0.000414,0.046729,0.010175
481200,a5X4fE5zpQbXHp+oiI8u3D+LaVAygcxp6CZTAuhJUoCz9H1Y2xQnXKznmZGyW5yJ,0.000665,0.06715399999999999,0.009881000000000001
481500,a5X4fE5zpQbXHp+oiI8u3D+LaVAygcxp6CZTAuhJUoCz9H1Y2xQnXKznmZGyW5yJ,0.000325,0.056212,0.010348999999999999
481800,a5X4fE5zpQbXHp+oiI8u3D+LaVAygcxp6CZTAuhJUoCz9H1Y2xQnXKznmZGyW5yJ,0.000675,0.059496,0.009886
482100,a5X4fE5zpQbXHp+oiI8u3D+LaVAygcxp6CZTAuhJUoCz9H1Y2xQnXKznmZGyW5yJ,0.000413,0.06321,0.010459
482400,a5X4fE5zpQbXHp+oiI8u3D+LaVAygcxp6CZTAuhJUoCz9H1Y2xQnXKznmZGyW5yJ,0.000679,0.047362,0.009822
482700,a5X4fE5zpQbXHp+oiI8u3D+LaVAygcxp6CZTAuhJUoCz9H1Y2xQnXKznmZGyW5yJ,0.000453,0.058237,0.009497
483000,a5X4fE5zpQbXHp+oiI8u3D+LaVAygcxp6CZTAuhJUoCz9H1Y2xQnXKznmZGyW5yJ,0.000571,0.048277,0.009085
483300,a5X4fE5zpQbXHp+oiI8u3D+LaVAygcxp6CZTAuhJUoCz9H1Y2xQnXKznmZGyW5yJ,0.000675,0.17627,0.012143000000000001
483600,a5X4fE5zpQbXHp+oiI8u3D+LaVAygcxp6CZTAuhJUoCz9H1Y2xQnXKznmZGyW5yJ,0.000276,0.045882,0.00921
483900,a5X4fE5zpQbXHp+oiI8u3D+LaVAygcxp6CZTAuhJUoCz9H1Y2xQnXKznmZGyW5yJ,0.000682,0.068324,0.011845
484200,a5X4fE5zpQbXHp+oiI8u3D+LaVAygcxp6CZTAuhJUoCz9H1Y2xQnXKznmZGyW5yJ,0.000344,0.047899000000000004,0.009000000000000001
484500,a5X4fE5zpQbXHp+oiI8u3D+LaVAygcxp6CZTAuhJUoCz9H1Y2xQnXKznmZGyW5yJ,0.000679,0.05284199999999999,0.010501
484800,a5X4fE5zpQbXHp+oiI8u3D+LaVAygcxp6CZTAuhJUoCz9H1Y2xQnXKznmZGyW5yJ,0.000384,0.059837,0.009085
485100,a5X4fE5zpQbXHp+oiI8u3D+LaVAygcxp6CZTAuhJUoCz9H1Y2xQnXKznmZGyW5yJ,0.0007019999999999999,0.07257899999999999,0.010537000000000001
485400,a5X4fE5zpQbXHp+oiI8u3D+LaVAygcxp6CZTAuhJUoCz9H1Y2xQnXKznmZGyW5yJ,0.00034500000000000004,0.049374,0.008958
485700,a5X4fE5zpQbXHp+oiI8u3D+LaVAygcxp6CZTAuhJUoCz9H1Y2xQnXKznmZGyW5yJ,0.00062,0.067932,0.010204000000000001
486000,a5X4fE5zpQbXHp+oiI8u3D+LaVAygcxp6CZTAuhJUoCz9H1Y2xQnXKznmZGyW5yJ,0.000685,0.073415,0.009918000000000001
486300,a5X4fE5zpQbXHp+oiI8u3D+LaVAygcxp6CZTAuhJUoCz9H1Y2xQnXKznmZGyW5yJ,0.000512,0.056199,0.009759
486600,a5X4fE5zpQbXHp+oiI8u3D+LaVAygcxp6CZTAuhJUoCz9H1Y2xQnXKznmZGyW5yJ,0.000685,0.045455,0.009877
486900,a5X4fE5zpQbXHp+oiI8u3D+LaVAygcxp6CZTAuhJUoCz9H1Y2xQnXKznmZGyW5yJ,0.000729,0.05340399999999999,0.010251
487200,a5X4fE5zpQbXHp+oiI8u3D+LaVAygcxp6CZTAuhJUoCz9H1Y2xQnXKznmZGyW5yJ,0.000699,0.054653999999999994,0.009921
487500,a5X4fE5zpQbXHp+oiI8u3D+LaVAygcxp6CZTAuhJUoCz9H1Y2xQnXKznmZGyW5yJ,0.0006900000000000001,0.6615409999999999,0.019758
487800,a5X4fE5zpQbXHp+oiI8u3D+LaVAygcxp6CZTAuhJUoCz9H1Y2xQnXKznmZGyW5yJ,0.000633,0.056015999999999996,0.009751000000000001
488100,a5X4fE5zpQbXHp+oiI8u3D+LaVAygcxp6CZTAuhJUoCz9H1Y2xQnXKznmZGyW5yJ,0.0006900000000000001,0.062196,0.009798999999999999
488400,a5X4fE5zpQbXHp+oiI8u3D+LaVAygcxp6CZTAuhJUoCz9H1Y2xQnXKznmZGyW5yJ,0.000682,0.048742,0.009769
488700,a5X4fE5zpQbXHp+oiI8u3D+LaVAygcxp6CZTAuhJUoCz9H1Y2xQnXKznmZGyW5yJ,0.000679,0.052435,0.010218000000000001
489000,a5X4fE5zpQbXHp+oiI8u3D+LaVAygcxp6CZTAuhJUoCz9H1Y2xQnXKznmZGyW5yJ,0.000704,0.065559,0.009555
489300,a5X4fE5zpQbXHp+oiI8u3D+LaVAygcxp6CZTAuhJUoCz9H1Y2xQnXKznmZGyW5yJ,0.000679,0.045781,0.010548
489600,a5X4fE5zpQbXHp+oiI8u3D+LaVAygcxp6CZTAuhJUoCz9H1Y2xQnXKznmZGyW5yJ,0.000665,0.082563,0.010085
489900,a5X4fE5zpQbXHp+oiI8u3D+LaVAygcxp6CZTAuhJUoCz9H1Y2xQnXKznmZGyW5yJ,0.0006929999999999999,0.06550299999999999,0.010675
490200,a5X4fE5zpQbXHp+oiI8u3D+LaVAygcxp6CZTAuhJUoCz9H1Y2xQnXKznmZGyW5yJ,0.000676,0.051387,0.009352
490500,a5X4fE5zpQbXHp+oiI8u3D+LaVAygcxp6CZTAuhJUoCz9H1Y2xQnXKznmZGyW5yJ,0.0006349999999999999,0.061094,0.010508
490800,a5X4fE5zpQbXHp+oiI8u3D+LaVAygcxp6CZTAuhJUoCz9H1Y2xQnXKznmZGyW5yJ,0.000681,0.063693,0.009370999999999999
491100,a5X4fE5zpQbXHp+oiI8u3D+LaVAygcxp6CZTAuhJUoCz9H1Y2xQnXKznmZGyW5yJ,0.000647,0.068952,0.011415
491400,a5X4fE5zpQbXHp+oiI8u3D+LaVAygcxp6CZTAuhJUoCz9H1Y2xQnXKznmZGyW5yJ,0.000671,0.056639,0.009812000000000001
491700,a5X4fE5zpQbXHp+oiI8u3D+LaVAygcxp6CZTAuhJUoCz9H1Y2xQnXKznmZGyW5yJ,0.000315,0.05627000000000001,0.01004
492000,a5X4fE5zpQbXHp+oiI8u3D+LaVAygcxp6CZTAuhJUoCz9H1Y2xQnXKznmZGyW5yJ,0.0006799999999999999,0.066102,0.009967
492300,a5X4fE5zpQbXHp+oiI8u3D+LaVAygcxp6CZTAuhJUoCz9H1Y2xQnXKznmZGyW5yJ,0.00028399999999999996,0.06983400000000001,0.00975
492600,a5X4fE5zpQbXHp+oiI8u3D+LaVAygcxp6CZTAuhJUoCz9H1Y2xQnXKznmZGyW5yJ,0.000684,0.068444,0.0099
492900,a5X4fE5zpQbXHp+oiI8u3D+LaVAygcxp6CZTAuhJUoCz9H1Y2xQnXKznmZGyW5yJ,0.000394,0.048443,0.009756
493200,a5X4fE5zpQbXHp+oiI8u3D+LaVAygcxp6CZTAuhJUoCz9H1Y2xQnXKznmZGyW5yJ,0.000688,0.057117999999999995,0.009923000000000001
493500,a5X4fE5zpQbXHp+oiI8u3D+LaVAygcxp6CZTAuhJUoCz9H1Y2xQnXKznmZGyW5yJ,0.000443,0.048057,0.008925
493800,a5X4fE5zpQbXHp+oiI8u3D+LaVAygcxp6CZTAuhJUoCz9H1Y2xQnXKznmZGyW5yJ,0.000654,0.049303,0.009748999999999999
494100,a5X4fE5zpQbXHp+oiI8u3D+LaVAygcxp6CZTAuhJUoCz9H1Y2xQnXKznmZGyW5yJ,0.000644,0.055384,0.010606
494400,a5X4fE5zpQbXHp+oiI8u3D+LaVAygcxp6CZTAuhJUoCz9H1Y2xQnXKznmZGyW5yJ,0.0007059999999999999,0.059874000000000004,0.009212999999999999
494700,a5X4fE5zpQbXHp+oiI8u3D+LaVAygcxp6CZTAuhJUoCz9H1Y2xQnXKznmZGyW5yJ,0.000661,0.076084,0.0115
495000,a5X4fE5zpQbXHp+oiI8u3D+LaVAygcxp6CZTAuhJUoCz9H1Y2xQnXKznmZGyW5yJ,0.000354,0.059115999999999995,0.009265
495300,a5X4fE5zpQbXHp+oiI8u3D+LaVAygcxp6CZTAuhJUoCz9H1Y2xQnXKznmZGyW5yJ,0.000668,0.051184,0.010471
495600,a5X4fE5zpQbXHp+oiI8u3D+LaVAygcxp6CZTAuhJUoCz9H1Y2xQnXKznmZGyW5yJ,0.000354,1.241135,0.018816
495900,a5X4fE5zpQbXHp+oiI8u3D+LaVAygcxp6CZTAuhJUoCz9H1Y2xQnXKznmZGyW5yJ,0.000692,0.05559,0.010509000000000001
496200,a5X4fE5zpQbXHp+oiI8u3D+LaVAygcxp6CZTAuhJUoCz9H1Y2xQnXKznmZGyW5yJ,0.000364,0.06428500000000001,0.009358
496500,a5X4fE5zpQbXHp+oiI8u3D+LaVAygcxp6CZTAuhJUoCz9H1Y2xQnXKznmZGyW5yJ,0.000384,0.052153,0.010006000000000001
496800,a5X4fE5zpQbXHp+oiI8u3D+LaVAygcxp6CZTAuhJUoCz9H1Y2xQnXKznmZGyW5yJ,0.000695,0.320237,0.013775
497100,a5X4fE5zpQbXHp+oiI8u3D+LaVAygcxp6CZTAuhJUoCz9H1Y2xQnXKznmZGyW5yJ,0.00040300000000000004,0.05279,0.010264
497400,a5X4fE5zpQbXHp+oiI8u3D+LaVAygcxp6CZTAuhJUoCz9H1Y2xQnXKznmZGyW5yJ,0.000699,0.065488,0.009932999999999999
497700,a5X4fE5zpQbXHp+oiI8u3D+LaVAygcxp6CZTAuhJUoCz9H1Y2xQnXKznmZGyW5yJ,0.000687,0.072792,0.010611
498000,a5X4fE5zpQbXHp+oiI8u3D+LaVAygcxp6CZTAuhJUoCz9H1Y2xQnXKznmZGyW5yJ,0.0006799999999999999,0.06988,0.009968000000000001
498300,a5X4fE5zpQbXHp+oiI8u3D+LaVAygcxp6CZTAuhJUoCz9H1Y2xQnXKznmZGyW5yJ,0.000665,0.055353999999999993,0.01103
498600,a5X4fE5zpQbXHp+oiI8u3D+LaVAygcxp6CZTAuhJUoCz9H1Y2xQnXKznmZGyW5yJ,0.000677,0.062251,0.009838
498900,a5X4fE5zpQbXHp+oiI8u3D+LaVAygcxp6CZTAuhJUoCz9H1Y2xQnXKznmZGyW5yJ,0.000674,0.058200999999999996,0.010089
499200,a5X4fE5zpQbXHp+oiI8u3D+LaVAygcxp6CZTAuhJUoCz9H1Y2xQnXKznmZGyW5yJ,0.000646,0.052402,0.009253
499500,a5X4fE5zpQbXHp+oiI8u3D+LaVAygcxp6CZTAuhJUoCz9H1Y2xQnXKznmZGyW5yJ,0.000666,0.06765800000000001,0.010546
499800,a5X4fE5zpQbXHp+oiI8u3D+LaVAygcxp6CZTAuhJUoCz9H1Y2xQnXKznmZGyW5yJ,0.0006940000000000001,0.051881,0.009588
500100,a5X4fE5zpQbXHp+oiI8u3D+LaVAygcxp6CZTAuhJUoCz9H1Y2xQnXKznmZGyW5yJ,0.00066,0.066117,0.010512
500400,a5X4fE5zpQbXHp+oiI8u3D+LaVAygcxp6CZTAuhJUoCz9H1Y2xQnXKznmZGyW5yJ,0.000697,0.067537,0.010066
500700,a5X4fE5zpQbXHp+oiI8u3D+LaVAygcxp6CZTAuhJUoCz9H1Y2xQnXKznmZGyW5yJ,0.000685,0.049479,0.010208
501000,a5X4fE5zpQbXHp+oiI8u3D+LaVAygcxp6CZTAuhJUoCz9H1Y2xQnXKznmZGyW5yJ,0.000661,0.050571,0.00944
501300,a5X4fE5zpQbXHp+oiI8u3D+LaVAygcxp6CZTAuhJUoCz9H1Y2xQnXKznmZGyW5yJ,0.0007019999999999999,0.056976,0.010768999999999999
501600,a5X4fE5zpQbXHp+oiI8u3D+LaVAygcxp6CZTAuhJUoCz9H1Y2xQnXKznmZGyW5yJ,0.00067,0.053921000000000004,0.009538
501900,a5X4fE5zpQbXHp+oiI8u3D+LaVAygcxp6CZTAuhJUoCz9H1Y2xQnXKznmZGyW5yJ,0.00063,0.078612,0.010912
502200,a5X4fE5zpQbXHp+oiI8u3D+LaVAygcxp6CZTAuhJUoCz9H1Y2xQnXKznmZGyW5yJ,0.000671,0.059067999999999996,0.009881000000000001
502500,a5X4fE5zpQbXHp+oiI8u3D+LaVAygcxp6CZTAuhJUoCz9H1Y2xQnXKznmZGyW5yJ,0.000315,0.05832999999999999,0.009784000000000001
502800,a5X4fE5zpQbXHp+oiI8u3D+LaVAygcxp6CZTAuhJUoCz9H1Y2xQnXKznmZGyW5yJ,0.000686,0.052049,0.009932999999999999
503100,a5X4fE5zpQbXHp+oiI8u3D+LaVAygcxp6CZTAuhJUoCz9H1Y2xQnXKznmZGyW5yJ,0.000335,0.055484000000000006,0.010046
503400,a5X4fE5zpQbXHp+oiI8u3D+LaVAygcxp6CZTAuhJUoCz9H1Y2xQnXKznmZGyW5yJ,0.000691,0.058990999999999995,0.00983
503700,a5X4fE5zpQbXHp+oiI8u3D+LaVAygcxp6CZTAuhJUoCz9H1Y2xQnXKznmZGyW5yJ,0.000325,0.054347,0.009637
504000,a5X4fE5zpQbXHp+oiI8u3D+LaVAygcxp6CZTAuhJUoCz9H1Y2xQnXKznmZGyW5yJ,0.000654,0.07158300000000001,0.009976
504300,a5X4fE5zpQbXHp+oiI8u3D+LaVAygcxp6CZTAuhJUoCz9H1Y2xQnXKznmZGyW5yJ,0.000315,0.07424800000000001,0.009948
504600,a5X4fE5zpQbXHp+oiI8u3D+LaVAygcxp6CZTAuhJUoCz9H1Y2xQnXKznmZGyW5yJ,0.00034500000000000004,0.049964,0.008971
504900,a5X4fE5zpQbXHp+oiI8u3D+LaVAygcxp6CZTAuhJUoCz9H1Y2xQnXKznmZGyW5yJ,0.0006900000000000001,0.059734,0.01047
505200,a5X4fE5zpQbXHp+oiI8u3D+LaVAygcxp6CZTAuhJUoCz9H1Y2xQnXKznmZGyW5yJ,0.0005809999999999999,0.06425700000000001,0.009597
505500,a5X4fE5zpQbXHp+oiI8u3D+LaVAygcxp6CZTAuhJUoCz9H1Y2xQnXKznmZGyW5yJ,0.000671,0.07028,0.011428
505800,a5X4fE5zpQbXHp+oiI8u3D+LaVAygcxp6CZTAuhJUoCz9H1Y2xQnXKznmZGyW5yJ,0.0007,0.8413459999999999,0.018678999999999998
506100,a5X4fE5zpQbXHp+oiI8u3D+LaVAygcxp6CZTAuhJUoCz9H1Y2xQnXKznmZGyW5yJ,0.0006490000000000001,0.050694,0.010588
506400,a5X4fE5zpQbXHp+oiI8u3D+LaVAygcxp6CZTAuhJUoCz9H1Y2xQnXKznmZGyW5yJ,0.000482,0.06729,0.009358
506700,a5X4fE5zpQbXHp+oiI8u3D+LaVAygcxp6CZTAuhJUoCz9H1Y2xQnXKznmZGyW5yJ,0.000667,0.057449,0.010639000000000001
507000,a5X4fE5zpQbXHp+oiI8u3D+LaVAygcxp6CZTAuhJUoCz9H1Y2xQnXKznmZGyW5yJ,0.000364,0.048887,0.009283
507300,a5X4fE5zpQbXHp+oiI8u3D+LaVAygcxp6CZTAuhJUoCz9H1Y2xQnXKznmZGyW5yJ,0.00037400000000000004,0.064397,0.009951
507600,a5X4fE5zpQbXHp+oiI8u3D+LaVAygcxp6CZTAuhJUoCz9H1Y2xQnXKznmZGyW5yJ,0.000675,0.05310499999999999,0.009859
507900,a5X4fE5zpQbXHp+oiI8u3D+LaVAygcxp6CZTAuhJUoCz9H1Y2xQnXKznmZGyW5yJ,0.000295,0.054634,0.009904000000000001
508200,a5X4fE5zpQbXHp+oiI8u3D+LaVAygcxp6CZTAuhJUoCz9H1Y2xQnXKznmZGyW5yJ,0.000682,0.052964,0.00983
508500,a5X4fE5zpQbXHp+oiI8u3D+LaVAygcxp6CZTAuhJUoCz9H1Y2xQnXKznmZGyW5yJ,0.000394,0.073394,0.010176000000000001
508800,a5X4fE5zpQbXHp+oiI8u3D+LaVAygcxp6CZTAuhJUoCz9H1Y2xQnXKznmZGyW5yJ,0.00066,0.05209,0.009531999999999999
509100,a5X4fE5zpQbXHp+oiI8u3D+LaVAygcxp6CZTAuhJUoCz9H1Y2xQnXKznmZGyW5yJ,0.000492,0.065362,0.011056999999999999
509400,a5X4fE5zpQbXHp+oiI8u3D+LaVAygcxp6CZTAuhJUoCz9H1Y2xQnXKznmZGyW5yJ,0.000675,0.057215999999999996,0.009843000000000001
509700,a5X4fE5zpQbXHp+oiI8u3D+LaVAygcxp6CZTAuhJUoCz9H1Y2xQnXKznmZGyW5yJ,0.00064,0.054273,0.010121
510000,a5X4fE5zpQbXHp+oiI8u3D+LaVAygcxp6CZTAuhJUoCz9H1Y2xQnXKznmZGyW5yJ,0.000295,0.05505,0.00955
510300,a5X4fE5zpQbXHp+oiI8u3D+LaVAygcxp6CZTAuhJUoCz9H1Y2xQnXKznmZGyW5yJ,0.000667,0.069104,0.010636
510600,a5X4fE5zpQbXHp+oiI8u3D+LaVAygcxp6CZTAuhJUoCz9H1Y2xQnXKznmZGyW5yJ,0.00042300000000000004,0.05771799999999999,0.009293000000000001
510900,a5X4fE5zpQbXHp+oiI8u3D+LaVAygcxp6CZTAuhJUoCz9H1Y2xQnXKznmZGyW5yJ,0.000669,0.065058,0.010469
511200,a5X4fE5zpQbXHp+oiI8u3D+LaVAygcxp6CZTAuhJUoCz9H1Y2xQnXKznmZGyW5yJ,0.000364,0.064834,0.009718000000000001
511500,a5X4fE5zpQbXHp+oiI8u3D+LaVAygcxp6CZTAuhJUoCz9H1Y2xQnXKznmZGyW5yJ,0.00073,0.050618,0.010523000000000001
511800,a5X4fE5zpQbXHp+oiI8u3D+LaVAygcxp6CZTAuhJUoCz9H1Y2xQnXKznmZGyW5yJ,0.00034500000000000004,0.050314,0.009265
512100,a5X4fE5zpQbXHp+oiI8u3D+LaVAygcxp6CZTAuhJUoCz9H1Y2xQnXKznmZGyW5yJ,0.000654,0.047431,0.010529
512400,a5X4fE5zpQbXHp+oiI8u3D+LaVAygcxp6CZTAuhJUoCz9H1Y2xQnXKznmZGyW5yJ,0.000384,0.058548,0.009318
512700,a5X4fE5zpQbXHp+oiI8u3D+LaVAygcxp6CZTAuhJUoCz9H1Y2xQnXKznmZGyW5yJ,0.00066,0.067006,0.010781
513000,a5X4fE5zpQbXHp+oiI8u3D+LaVAygcxp6CZTAuhJUoCz9H1Y2xQnXKznmZGyW5yJ,0.000688,0.050232,0.009637
513300,a5X4fE5zpQbXHp+oiI8u3D+LaVAygcxp6CZTAuhJUoCz9H1Y2xQnXKznmZGyW5yJ,0.000551,0.054386000000000004,0.010184
513600,a5X4fE5zpQbXHp+oiI8u3D+LaVAygcxp6CZTAuhJUoCz9H1Y2xQnXKznmZGyW5yJ,0.00065,0.05210700000000001,0.009936
513900,a5X4fE5zpQbXHp+oiI8u3D+LaVAygcxp6CZTAuhJUoCz9H1Y2xQnXKznmZGyW5yJ,0.00034500000000000004,0.06460700000000001,0.009645
514200,a5X4fE5zpQbXHp+oiI8u3D+LaVAygcxp6CZTAuhJUoCz9H1Y2xQnXKznmZGyW5yJ,0.0007099999999999999,0.058601,0.009776
514500,a5X4fE5zpQbXHp+oiI8u3D+LaVAygcxp6CZTAuhJUoCz9H1Y2xQnXKznmZGyW5yJ,0.000364,0.065053,0.009947
514800,a5X4fE5zpQbXHp+oiI8u3D+LaVAygcxp6CZTAuhJUoCz9H1Y2xQnXKznmZGyW5yJ,0.0006490000000000001,0.051913,0.009871
515100,a5X4fE5zpQbXHp+oiI8u3D+LaVAygcxp6CZTAuhJUoCz9H1Y2xQnXKznmZGyW5yJ,0.000364,0.068622,0.010037
515400,a5X4fE5zpQbXHp+oiI8u3D+LaVAygcxp6CZTAuhJUoCz9H1Y2xQnXKznmZGyW5yJ,0.000315,0.054048,0.009346
515700,a5X4fE5zpQbXHp+oiI8u3D+LaVAygcxp6CZTAuhJUoCz9H1Y2xQnXKznmZGyW5yJ,0.000664,0.071543,0.010672
516000,a5X4fE5zpQbXHp+oiI8u3D+LaVAygcxp6CZTAuhJUoCz9H1Y2xQnXKznmZGyW5yJ,0.000394,0.071645,0.009621
516300,a5X4fE5zpQbXHp+oiI8u3D+LaVAygcxp6CZTAuhJUoCz9H1Y2xQnXKznmZGyW5yJ,0.000675,0.057205,0.01141
516600,a5X4fE5zpQbXHp+oiI8u3D+LaVAygcxp6CZTAuhJUoCz9H1Y2xQnXKznmZGyW5yJ,0.000463,0.065852,0.009745
516900,a5X4fE5zpQbXHp+oiI8u3D+LaVAygcxp6CZTAuhJUoCz9H1Y2xQnXKznmZGyW5yJ,0.000668,0.065024,0.010579999999999999
517200,a5X4fE5zpQbXHp+oiI8u3D+LaVAygcxp6CZTAuhJUoCz9H1Y2xQnXKznmZGyW5yJ,0.000688,0.049436,0.009481
517500,a5X4fE5zpQbXHp+oiI8u3D+LaVAygcxp6CZTAuhJUoCz9H1Y2xQnXKznmZGyW5yJ,0.000695,0.055478,0.010605
517800,a5X4fE5zpQbXHp+oiI8u3D+LaVAygcxp6CZTAuhJUoCz9H1Y2xQnXKznmZGyW5yJ,0.0005809999999999999,0.055241,0.009414
518100,a5X4fE5zpQbXHp+oiI8u3D+LaVAygcxp6CZTAuhJUoCz9H1Y2xQnXKznmZGyW5yJ,0.000453,0.06707,0.010098000000000001
518400,a5X4fE5zpQbXHp+oiI8u3D+LaVAygcxp6CZTAuhJUoCz9H1Y2xQnXKznmZGyW5yJ,0.000678,0.044412,0.01
518700,a5X4fE5zpQbXHp+oiI8u3D+LaVAygcxp6CZTAuhJUoCz9H1Y2xQnXKznmZGyW5yJ,0.00034500000000000004,0.058585000000000005,0.009785
519000,a5X4fE5zpQbXHp+oiI8u3D+LaVAygcxp6CZTAuhJUoCz9H1Y2xQnXKznmZGyW5yJ,0.000685,0.047662,0.009903
519300,a5X4fE5zpQbXHp+oiI8u3D+LaVAygcxp6CZTAuhJUoCz9H1Y2xQnXKznmZGyW5yJ,0.000384,0.066674,0.010101
519600,a5X4fE5zpQbXHp+oiI8u3D+LaVAygcxp6CZTAuhJUoCz9H1Y2xQnXKznmZGyW5yJ,0.0006580000000000001,0.065617,0.009839
519900,a5X4fE5zpQbXHp+oiI8u3D+LaVAygcxp6CZTAuhJUoCz9H1Y2xQnXKznmZGyW5yJ,0.000443,0.074739,0.010681999999999999
520200,a5X4fE5zpQbXHp+oiI8u3D+LaVAygcxp6CZTAuhJUoCz9H1Y2xQnXKznmZGyW5yJ,0.000676,0.060235000000000004,0.009823
520500,a5X4fE5zpQbXHp+oiI8u3D+LaVAygcxp6CZTAuhJUoCz9H1Y2xQnXKznmZGyW5yJ,0.000414,0.068374,0.010102
520800,a5X4fE5zpQbXHp+oiI8u3D+LaVAygcxp6CZTAuhJUoCz9H1Y2xQnXKznmZGyW5yJ,0.000688,0.043814,0.009209
521100,a5X4fE5zpQbXHp+oiI8u3D+LaVAygcxp6CZTAuhJUoCz9H1Y2xQnXKznmZGyW5yJ,0.000663,0.062512,0.010351
521400,a5X4fE5zpQbXHp+oiI8u3D+LaVAygcxp6CZTAuhJUoCz9H1Y2xQnXKznmZGyW5yJ,0.000678,0.057260000000000005,0.009399
521700,a5X4fE5zpQbXHp+oiI8u3D+LaVAygcxp6CZTAuhJUoCz9H1Y2xQnXKznmZGyW5yJ,0.000688,0.06779400000000001,0.010643000000000001
522000,a5X4fE5zpQbXHp+oiI8u3D+LaVAygcxp6CZTAuhJUoCz9H1Y2xQnXKznmZGyW5yJ,0.0007019999999999999,0.051642999999999994,0.009401999999999999
522300,a5X4fE5zpQbXHp+oiI8u3D+LaVAygcxp6CZTAuhJUoCz9H1Y2xQnXKznmZGyW5yJ,0.000665,0.055317,0.010537999999999999
522600,a5X4fE5zpQbXHp+oiI8u3D+LaVAygcxp6CZTAuhJUoCz9H1Y2xQnXKznmZGyW5yJ,0.000749,0.048132999999999995,0.00983
522900,a5X4fE5zpQbXHp+oiI8u3D+LaVAygcxp6CZTAuhJUoCz9H1Y2xQnXKznmZGyW5yJ,0.000679,0.057974,0.010598
523200,a5X4fE5zpQbXHp+oiI8u3D+LaVAygcxp6CZTAuhJUoCz9H1Y2xQnXKznmZGyW5yJ,0.0008269999999999999,0.612047,0.014475
523500,a5X4fE5zpQbXHp+oiI8u3D+LaVAygcxp6CZTAuhJUoCz9H1Y2xQnXKznmZGyW5yJ,0.000737,0.063415,0.010969
523800,a5X4fE5zpQbXHp+oiI8u3D+LaVAygcxp6CZTAuhJUoCz9H1Y2xQnXKznmZGyW5yJ,0.000781,0.050742,0.009947
524100,a5X4fE5zpQbXHp+oiI8u3D+LaVAygcxp6CZTAuhJUoCz9H1Y2xQnXKznmZGyW5yJ,0.000666,0.057692999999999994,0.010194
524400,a5X4fE5zpQbXHp+oiI8u3D+LaVAygcxp6CZTAuhJUoCz9H1Y2xQnXKznmZGyW5yJ,0.0006450000000000001,0.05218099999999999,0.009784000000000001
524700,a5X4fE5zpQbXHp+oiI8u3D+LaVAygcxp6CZTAuhJUoCz9H1Y2xQnXKznmZGyW5yJ,0.0007030000000000001,0.072494,0.01036
525000,a5X4fE5zpQbXHp+oiI8u3D+LaVAygcxp6CZTAuhJUoCz9H1Y2xQnXKznmZGyW5yJ,0.000662,0.051734,0.009881000000000001
525300,a5X4fE5zpQbXHp+oiI8u3D+LaVAygcxp6CZTAuhJUoCz9H1Y2xQnXKznmZGyW5yJ,0.000678,0.074999,0.009951
525600,a5X4fE5zpQbXHp+oiI8u3D+LaVAygcxp6CZTAuhJUoCz9H1Y2xQnXKznmZGyW5yJ,0.0006519999999999999,0.057759000000000005,0.009856
525900,a5X4fE5zpQbXHp+oiI8u3D+LaVAygcxp6CZTAuhJUoCz9H1Y2xQnXKznmZGyW5yJ,0.000384,0.07853099999999999,0.010183
526200,a5X4fE5zpQbXHp+oiI8u3D+LaVAygcxp6CZTAuhJUoCz9H1Y2xQnXKznmZGyW5yJ,0.000463,0.045799,0.009895000000000001
526500,a5X4fE5zpQbXHp+oiI8u3D+LaVAygcxp6CZTAuhJUoCz9H1Y2xQnXKznmZGyW5yJ,0.000654,0.07283400000000001,0.01051
526800,a5X4fE5zpQbXHp+oiI8u3D+LaVAygcxp6CZTAuhJUoCz9H1Y2xQnXKznmZGyW5yJ,0.000443,0.064301,0.009968000000000001
527100,a5X4fE5zpQbXHp+oiI8u3D+LaVAygcxp6CZTAuhJUoCz9H1Y2xQnXKznmZGyW5yJ,0.000637,0.073104,0.011425
527400,a5X4fE5zpQbXHp+oiI8u3D+LaVAygcxp6CZTAuhJUoCz9H1Y2xQnXKznmZGyW5yJ,0.000492,0.097964,0.01031
527700,a5X4fE5zpQbXHp+oiI8u3D+LaVAygcxp6CZTAuhJUoCz9H1Y2xQnXKznmZGyW5yJ,0.000697,0.068628,0.010548
528000,a5X4fE5zpQbXHp+oiI8u3D+LaVAygcxp6CZTAuhJUoCz9H1Y2xQnXKznmZGyW5yJ,0.000542,0.096319,0.00988
528300,a5X4fE5zpQbXHp+oiI8u3D+LaVAygcxp6CZTAuhJUoCz9H1Y2xQnXKznmZGyW5yJ,0.000669,0.053475,0.010509000000000001
528600,a5X4fE5zpQbXHp+oiI8u3D+LaVAygcxp6CZTAuhJUoCz9H1Y2xQnXKznmZGyW5yJ,0.000443,0.09591799999999999,0.010169
528900,a5X4fE5zpQbXHp+oiI8u3D+LaVAygcxp6CZTAuhJUoCz9H1Y2xQnXKznmZGyW5yJ,0.000662,0.06365499999999999,0.010865999999999999
529200,a5X4fE5zpQbXHp+oiI8u3D+LaVAygcxp6CZTAuhJUoCz9H1Y2xQnXKznmZGyW5yJ,0.00065,0.05430700000000001,0.009903
529500,a5X4fE5zpQbXHp+oiI8u3D+LaVAygcxp6CZTAuhJUoCz9H1Y2xQnXKznmZGyW5yJ,0.000678,0.064788,0.010282
529800,a5X4fE5zpQbXHp+oiI8u3D+LaVAygcxp6CZTAuhJUoCz9H1Y2xQnXKznmZGyW5yJ,0.000684,0.06729600000000001,0.009899
530100,a5X4fE5zpQbXHp+oiI8u3D+LaVAygcxp6CZTAuhJUoCz9H1Y2xQnXKznmZGyW5yJ,0.000482,0.065232,0.010251
530400,a5X4fE5zpQbXHp+oiI8u3D+LaVAygcxp6CZTAuhJUoCz9H1Y2xQnXKznmZGyW5yJ,0.000666,0.045762,0.009826999999999999
530700,a5X4fE5zpQbXHp+oiI8u3D+LaVAygcxp6CZTAuhJUoCz9H1Y2xQnXKznmZGyW5yJ,0.000531,0.065682,0.011504
531000,a5X4fE5zpQbXHp+oiI8u3D+LaVAygcxp6CZTAuhJUoCz9H1Y2xQnXKznmZGyW5yJ,0.000656,0.046577999999999994,0.009897
531300,a5X4fE5zpQbXHp+oiI8u3D+LaVAygcxp6CZTAuhJUoCz9H1Y2xQnXKznmZGyW5yJ,0.000453,1.266415,0.020927
531600,a5X4fE5zpQbXHp+oiI8u3D+LaVAygcxp6CZTAuhJUoCz9H1Y2xQnXKznmZGyW5yJ,0.000512,0.067035,0.010442
531900,a5X4fE5zpQbXHp+oiI8u3D+LaVAygcxp6CZTAuhJUoCz9H1Y2xQnXKznmZGyW5yJ,0.0007099999999999999,0.060155999999999994,0.010584999999999999
532200,a5X4fE5zpQbXHp+oiI8u3D+LaVAygcxp6CZTAuhJUoCz9H1Y2xQnXKznmZGyW5yJ,0.000691,0.07546,0.009991
532500,a5X4fE5zpQbXHp+oiI8u3D+LaVAygcxp6CZTAuhJUoCz9H1Y2xQnXKznmZGyW5yJ,0.000677,0.05678099999999999,0.010499
532800,a5X4fE5zpQbXHp+oiI8u3D+LaVAygcxp6CZTAuhJUoCz9H1Y2xQnXKznmZGyW5yJ,0.00066,0.12413699999999998,0.010907
533100,a5X4fE5zpQbXHp+oiI8u3D+LaVAygcxp6CZTAuhJUoCz9H1Y2xQnXKznmZGyW5yJ,0.000686,0.057736,0.010827
533400,a5X4fE5zpQbXHp+oiI8u3D+LaVAygcxp6CZTAuhJUoCz9H1Y2xQnXKznmZGyW5yJ,0.000705,0.10646099999999999,0.010081
533700,a5X4fE5zpQbXHp+oiI8u3D+LaVAygcxp6CZTAuhJUoCz9H1Y2xQnXKznmZGyW5yJ,0.000711,0.082298,0.010595
534000,a5X4fE5zpQbXHp+oiI8u3D+LaVAygcxp6CZTAuhJUoCz9H1Y2xQnXKznmZGyW5yJ,0.000709,0.09605599999999999,0.010466
534300,a5X4fE5zpQbXHp+oiI8u3D+LaVAygcxp6CZTAuhJUoCz9H1Y2xQnXKznmZGyW5yJ,0.0005809999999999999,0.07535800000000001,0.012044
534600,a5X4fE5zpQbXHp+oiI8u3D+LaVAygcxp6CZTAuhJUoCz9H1Y2xQnXKznmZGyW5yJ,0.000763,0.057169000000000005,0.009894
534900,a5X4fE5zpQbXHp+oiI8u3D+LaVAygcxp6CZTAuhJUoCz9H1Y2xQnXKznmZGyW5yJ,0.000669,0.067534,0.010971
535200,a5X4fE5zpQbXHp+oiI8u3D+LaVAygcxp6CZTAuhJUoCz9H1Y2xQnXKznmZGyW5yJ,0.000724,0.053949000000000004,0.009891
535500,a5X4fE5zpQbXHp+oiI8u3D+LaVAygcxp6CZTAuhJUoCz9H1Y2xQnXKznmZGyW5yJ,0.000453,0.053527,0.010451
535800,a5X4fE5zpQbXHp+oiI8u3D+LaVAygcxp6CZTAuhJUoCz9H1Y2xQnXKznmZGyW5yJ,0.000727,0.055787,0.009867
536100,a5X4fE5zpQbXHp+oiI8u3D+LaVAygcxp6CZTAuhJUoCz9H1Y2xQnXKznmZGyW5yJ,0.0005610000000000001,0.078815,0.0103
536400,a5X4fE5zpQbXHp+oiI8u3D+LaVAygcxp6CZTAuhJUoCz9H1Y2xQnXKznmZGyW5yJ,0.0007019999999999999,0.065103,0.009826
536700,a5X4fE5zpQbXHp+oiI8u3D+LaVAygcxp6CZTAuhJUoCz9H1Y2xQnXKznmZGyW5yJ,0.00062,0.058985,0.010419
537000,a5X4fE5zpQbXHp+oiI8u3D+LaVAygcxp6CZTAuhJUoCz9H1Y2xQnXKznmZGyW5yJ,0.00066,0.045370999999999995,0.009314
537300,a5X4fE5zpQbXHp+oiI8u3D+LaVAygcxp6CZTAuhJUoCz9H1Y2xQnXKznmZGyW5yJ,0.000669,0.06957100000000001,0.010178
537600,a5X4fE5zpQbXHp+oiI8u3D+LaVAygcxp6CZTAuhJUoCz9H1Y2xQnXKznmZGyW5yJ,0.000701,0.06490599999999999,0.009812999999999999
537900,a5X4fE5zpQbXHp+oiI8u3D+LaVAygcxp6CZTAuhJUoCz9H1Y2xQnXKznmZGyW5yJ,0.0007099999999999999,0.058177,0.011476
538200,a5X4fE5zpQbXHp+oiI8u3D+LaVAygcxp6CZTAuhJUoCz9H1Y2xQnXKznmZGyW5yJ,0.000502,0.047393,0.009336
538500,a5X4fE5zpQbXHp+oiI8u3D+LaVAygcxp6CZTAuhJUoCz9H1Y2xQnXKznmZGyW5yJ,0.000724,0.048961000000000005,0.010522
538800,a5X4fE5zpQbXHp+oiI8u3D+LaVAygcxp6CZTAuhJUoCz9H1Y2xQnXKznmZGyW5yJ,0.000315,0.06681799999999999,0.010020999999999999
539100,a5X4fE5zpQbXHp+oiI8u3D+LaVAygcxp6CZTAuhJUoCz9H1Y2xQnXKznmZGyW5yJ,0.0007019999999999999,0.064454,0.010501
539400,a5X4fE5zpQbXHp+oiI8u3D+LaVAygcxp6CZTAuhJUoCz9H1Y2xQnXKznmZGyW5yJ,0.00047300000000000006,0.486033,0.014397
539700,a5X4fE5zpQbXHp+oiI8u3D+LaVAygcxp6CZTAuhJUoCz9H1Y2xQnXKznmZGyW5yJ,0.00034500000000000004,0.058089999999999996,0.010303
540000,a5X4fE5zpQbXHp+oiI8u3D+LaVAygcxp6CZTAuhJUoCz9H1Y2xQnXKznmZGyW5yJ,0.000721,0.065152,0.009964
540300,a5X4fE5zpQbXHp+oiI8u3D+LaVAygcxp6CZTAuhJUoCz9H1Y2xQnXKznmZGyW5yJ,0.000413,0.047171,0.009986
540600,a5X4fE5zpQbXHp+oiI8u3D+LaVAygcxp6CZTAuhJUoCz9H1Y2xQnXKznmZGyW5yJ,0.000792,0.053571,0.009786
540900,a5X4fE5zpQbXHp+oiI8u3D+LaVAygcxp6CZTAuhJUoCz9H1Y2xQnXKznmZGyW5yJ,0.000482,0.065374,0.010106
541200,a5X4fE5zpQbXHp+oiI8u3D+LaVAygcxp6CZTAuhJUoCz9H1Y2xQnXKznmZGyW5yJ,0.000732,0.055733000000000005,0.009944
541500,a5X4fE5zpQbXHp+oiI8u3D+LaVAygcxp6CZTAuhJUoCz9H1Y2xQnXKznmZGyW5yJ,0.0005610000000000001,0.061940999999999996,0.010656
541800,a5X4fE5zpQbXHp+oiI8u3D+LaVAygcxp6CZTAuhJUoCz9H1Y2xQnXKznmZGyW5yJ,0.000795,0.060314,0.00979
542100,a5X4fE5zpQbXHp+oiI8u3D+LaVAygcxp6CZTAuhJUoCz9H1Y2xQnXKznmZGyW5yJ,0.000364,0.06492200000000001,0.009947
542400,a5X4fE5zpQbXHp+oiI8u3D+LaVAygcxp6CZTAuhJUoCz9H1Y2xQnXKznmZGyW5yJ,0.00067,0.046266,0.009339
542700,a5X4fE5zpQbXHp+oiI8u3D+LaVAygcxp6CZTAuhJUoCz9H1Y2xQnXKznmZGyW5yJ,0.000772,0.067862,0.010445
543000,a5X4fE5zpQbXHp+oiI8u3D+LaVAygcxp6CZTAuhJUoCz9H1Y2xQnXKznmZGyW5yJ,0.000601,0.049382,0.009301
543300,a5X4fE5zpQbXHp+oiI8u3D+LaVAygcxp6CZTAuhJUoCz9H1Y2xQnXKznmZGyW5yJ,0.0007440000000000001,0.051847000000000004,0.010454000000000001
543600,a5X4fE5zpQbXHp+oiI8u3D+LaVAygcxp6CZTAuhJUoCz9H1Y2xQnXKznmZGyW5yJ,0.000413,0.051009,0.009432
543900,a5X4fE5zpQbXHp+oiI8u3D+LaVAygcxp6CZTAuhJUoCz9H1Y2xQnXKznmZGyW5yJ,0.00074,0.064259,0.010496
544200,a5X4fE5zpQbXHp+oiI8u3D+LaVAygcxp6CZTAuhJUoCz9H1Y2xQnXKznmZGyW5yJ,0.000394,0.055691,0.009454
544500,a5X4fE5zpQbXHp+oiI8u3D+LaVAygcxp6CZTAuhJUoCz9H1Y2xQnXKznmZGyW5yJ,0.000704,0.056182,0.010628
544800,a5X4fE5zpQbXHp+oiI8u3D+LaVAygcxp6CZTAuhJUoCz9H1Y2xQnXKznmZGyW5yJ,0.000414,0.06027999999999999,0.009756
545100,a5X4fE5zpQbXHp+oiI8u3D+LaVAygcxp6CZTAuhJUoCz9H1Y2xQnXKznmZGyW5yJ,0.00067,0.07437,0.010579999999999999
545400,a5X4fE5zpQbXHp+oiI8u3D+LaVAygcxp6CZTAuhJUoCz9H1Y2xQnXKznmZGyW5yJ,0.0006929999999999999,0.068263,0.009506
545700,a5X4fE5zpQbXHp+oiI8u3D+LaVAygcxp6CZTAuhJUoCz9H1Y2xQnXKznmZGyW5yJ,0.000691,0.056361,0.010052
546000,a5X4fE5zpQbXHp+oiI8u3D+LaVAygcxp6CZTAuhJUoCz9H1Y2xQnXKznmZGyW5yJ,0.0007099999999999999,0.065265,0.009907
546300,a5X4fE5zpQbXHp+oiI8u3D+LaVAygcxp6CZTAuhJUoCz9H1Y2xQnXKznmZGyW5yJ,0.0007099999999999999,0.058217,0.009741
546600,a5X4fE5zpQbXHp+oiI8u3D+LaVAygcxp6CZTAuhJUoCz9H1Y2xQnXKznmZGyW5yJ,0.0007160000000000001,0.074151,0.009773
546900,a5X4fE5zpQbXHp+oiI8u3D+LaVAygcxp6CZTAuhJUoCz9H1Y2xQnXKznmZGyW5yJ,0.000721,0.06702999999999999,0.009969
547200,a5X4fE5zpQbXHp+oiI8u3D+LaVAygcxp6CZTAuhJUoCz9H1Y2xQnXKznmZGyW5yJ,0.000681,0.047673,0.009773
547500,a5X4fE5zpQbXHp+oiI8u3D+LaVAygcxp6CZTAuhJUoCz9H1Y2xQnXKznmZGyW5yJ,0.000711,0.6502939999999999,0.019454
547800,a5X4fE5zpQbXHp+oiI8u3D+LaVAygcxp6CZTAuhJUoCz9H1Y2xQnXKznmZGyW5yJ,0.000741,0.052288,0.009457
548100,a5X4fE5zpQbXHp+oiI8u3D+LaVAygcxp6CZTAuhJUoCz9H1Y2xQnXKznmZGyW5yJ,0.000671,0.058704,0.010498
548400,a5X4fE5zpQbXHp+oiI8u3D+LaVAygcxp6CZTAuhJUoCz9H1Y2xQnXKznmZGyW5yJ,0.000736,0.051997,0.00949
548700,a5X4fE5zpQbXHp+oiI8u3D+LaVAygcxp6CZTAuhJUoCz9H1Y2xQnXKznmZGyW5yJ,0.000724,0.07026900000000001,0.011389
549000,a5X4fE5zpQbXHp+oiI8u3D+LaVAygcxp6CZTAuhJUoCz9H1Y2xQnXKznmZGyW5yJ,0.000482,0.048551,0.009344
549300,a5X4fE5zpQbXHp+oiI8u3D+LaVAygcxp6CZTAuhJUoCz9H1Y2xQnXKznmZGyW5yJ,0.000766,0.060042,0.010486
549600,a5X4fE5zpQbXHp+oiI8u3D+LaVAygcxp6CZTAuhJUoCz9H1Y2xQnXKznmZGyW5yJ,0.0005610000000000001,0.051479,0.008948999999999999
549900,a5X4fE5zpQbXHp+oiI8u3D+LaVAygcxp6CZTAuhJUoCz9H1Y2xQnXKznmZGyW5yJ,0.000767,0.056239,0.010515
550200,a5X4fE5zpQbXHp+oiI8u3D+LaVAygcxp6CZTAuhJUoCz9H1Y2xQnXKznmZGyW5yJ,0.000315,0.073136,0.009696999999999999
550500,a5X4fE5zpQbXHp+oiI8u3D+LaVAygcxp6CZTAuhJUoCz9H1Y2xQnXKznmZGyW5yJ,0.0007559999999999999,0.077045,0.010523999999999999
550800,a5X4fE5zpQbXHp+oiI8u3D+LaVAygcxp6CZTAuhJUoCz9H1Y2xQnXKznmZGyW5yJ,0.000394,0.14318399999999998,0.010188
551100,a5X4fE5zpQbXHp+oiI8u3D+LaVAygcxp6CZTAuhJUoCz9H1Y2xQnXKznmZGyW5yJ,0.000335,0.07810700000000001,0.010079000000000001
551400,a5X4fE5zpQbXHp+oiI8u3D+LaVAygcxp6CZTAuhJUoCz9H1Y2xQnXKznmZGyW5yJ,0.000771,0.046416000000000006,0.009831
551700,a5X4fE5zpQbXHp+oiI8u3D+LaVAygcxp6CZTAuhJUoCz9H1Y2xQnXKznmZGyW5yJ,0.000354,0.06940299999999999,0.009793000000000001
552000,a5X4fE5zpQbXHp+oiI8u3D+LaVAygcxp6CZTAuhJUoCz9H1Y2xQnXKznmZGyW5yJ,0.000834,0.045869,0.009921
552300,a5X4fE5zpQbXHp+oiI8u3D+LaVAygcxp6CZTAuhJUoCz9H1Y2xQnXKznmZGyW5yJ,0.000364,0.058228999999999996,0.011040000000000001
552600,a5X4fE5zpQbXHp+oiI8u3D+LaVAygcxp6CZTAuhJUoCz9H1Y2xQnXKznmZGyW5yJ,0.000802,0.057920000000000006,0.009837
552900,a5X4fE5zpQbXHp+oiI8u3D+LaVAygcxp6CZTAuhJUoCz9H1Y2xQnXKznmZGyW5yJ,0.000453,0.077346,0.010032
553200,a5X4fE5zpQbXHp+oiI8u3D+LaVAygcxp6CZTAuhJUoCz9H1Y2xQnXKznmZGyW5yJ,0.000726,0.052994000000000006,0.009809
553500,a5X4fE5zpQbXHp+oiI8u3D+LaVAygcxp6CZTAuhJUoCz9H1Y2xQnXKznmZGyW5yJ,0.000453,0.08296100000000001,0.009287
553800,a5X4fE5zpQbXHp+oiI8u3D+LaVAygcxp6CZTAuhJUoCz9H1Y2xQnXKznmZGyW5yJ,0.0005610000000000001,0.071385,0.009004
554100,a5X4fE5zpQbXHp+oiI8u3D+LaVAygcxp6CZTAuhJUoCz9H1Y2xQnXKznmZGyW5yJ,0.000723,0.051905999999999994,0.010401
554400,a5X4fE5zpQbXHp+oiI8u3D+LaVAygcxp6CZTAuhJUoCz9H1Y2xQnXKznmZGyW5yJ,0.00034500000000000004,0.047394,0.009144
554700,a5X4fE5zpQbXHp+oiI8u3D+LaVAygcxp6CZTAuhJUoCz9H1Y2xQnXKznmZGyW5yJ,0.00067,0.053161,0.010454999999999999
555000,a5X4fE5zpQbXHp+oiI8u3D+LaVAygcxp6CZTAuhJUoCz9H1Y2xQnXKznmZGyW5yJ,0.000502,0.067465,0.009192
555300,a5X4fE5zpQbXHp+oiI8u3D+LaVAygcxp6CZTAuhJUoCz9H1Y2xQnXKznmZGyW5yJ,0.000701,0.058055999999999996,0.010429
555600,a5X4fE5zpQbXHp+oiI8u3D+LaVAygcxp6CZTAuhJUoCz9H1Y2xQnXKznmZGyW5yJ,0.0005809999999999999,0.054686,0.009235
555900,a5X4fE5zpQbXHp+oiI8u3D+LaVAygcxp6CZTAuhJUoCz9H1Y2xQnXKznmZGyW5yJ,0.000683,0.091275,0.011372
556200,a5X4fE5zpQbXHp+oiI8u3D+LaVAygcxp6CZTAuhJUoCz9H1Y2xQnXKznmZGyW5yJ,0.000571,0.047392000000000004,0.009607
556500,a5X4fE5zpQbXHp+oiI8u3D+LaVAygcxp6CZTAuhJUoCz9H1Y2xQnXKznmZGyW5yJ,0.000671,0.059936,0.010281
556800,a5X4fE5zpQbXHp+oiI8u3D+LaVAygcxp6CZTAuhJUoCz9H1Y2xQnXKznmZGyW5yJ,0.000696,0.058611,0.009755
557100,a5X4fE5zpQbXHp+oiI8u3D+LaVAygcxp6CZTAuhJUoCz9H1Y2xQnXKznmZGyW5yJ,0.000678,0.047635000000000004,0.009977
557400,a5X4fE5zpQbXHp+oiI8u3D+LaVAygcxp6CZTAuhJUoCz9H1Y2xQnXKznmZGyW5yJ,0.000715,0.046088,0.009744
557700,a5X4fE5zpQbXHp+oiI8u3D+LaVAygcxp6CZTAuhJUoCz9H1Y2xQnXKznmZGyW5yJ,0.0007059999999999999,0.045396,0.009723
558000,a5X4fE5zpQbXHp+oiI8u3D+LaVAygcxp6CZTAuhJUoCz9H1Y2xQnXKznmZGyW5yJ,0.0006900000000000001,0.058047,0.009545
558300,a5X4fE5zpQbXHp+oiI8u3D+LaVAygcxp6CZTAuhJUoCz9H1Y2xQnXKznmZGyW5yJ,0.0007639999999999999,0.048869,0.010092
558600,a5X4fE5zpQbXHp+oiI8u3D+LaVAygcxp6CZTAuhJUoCz9H1Y2xQnXKznmZGyW5yJ,0.0006940000000000001,0.069161,0.009685
558900,a5X4fE5zpQbXHp+oiI8u3D+LaVAygcxp6CZTAuhJUoCz9H1Y2xQnXKznmZGyW5yJ,0.000704,0.059038,0.008987
559200,a5X4fE5zpQbXHp+oiI8u3D+LaVAygcxp6CZTAuhJUoCz9H1Y2xQnXKznmZGyW5yJ,0.0006900000000000001,0.044672,0.009848
559500,a5X4fE5zpQbXHp+oiI8u3D+LaVAygcxp6CZTAuhJUoCz9H1Y2xQnXKznmZGyW5yJ,0.000709,0.061725,0.011325
559800,a5X4fE5zpQbXHp+oiI8u3D+LaVAygcxp6CZTAuhJUoCz9H1Y2xQnXKznmZGyW5yJ,0.000688,0.048938,0.009655
560100,a5X4fE5zpQbXHp+oiI8u3D+LaVAygcxp6CZTAuhJUoCz9H1Y2xQnXKznmZGyW5yJ,0.000691,0.067915,0.010431000000000001
560400,a5X4fE5zpQbXHp+oiI8u3D+LaVAygcxp6CZTAuhJUoCz9H1Y2xQnXKznmZGyW5yJ,0.000642,0.059129999999999995,0.009392
560700,a5X4fE5zpQbXHp+oiI8u3D+LaVAygcxp6CZTAuhJUoCz9H1Y2xQnXKznmZGyW5yJ,0.000665,0.057467,0.010421
561000,a5X4fE5zpQbXHp+oiI8u3D+LaVAygcxp6CZTAuhJUoCz9H1Y2xQnXKznmZGyW5yJ,0.000667,0.051243,0.009663
561300,a5X4fE5zpQbXHp+oiI8u3D+LaVAygcxp6CZTAuhJUoCz9H1Y2xQnXKznmZGyW5yJ,0.0006490000000000001,0.053396000000000006,0.010445999999999999
561600,a5X4fE5zpQbXHp+oiI8u3D+LaVAygcxp6CZTAuhJUoCz9H1Y2xQnXKznmZGyW5yJ,0.00034500000000000004,0.045151,0.009575
561900,a5X4fE5zpQbXHp+oiI8u3D+LaVAygcxp6CZTAuhJUoCz9H1Y2xQnXKznmZGyW5yJ,0.00034500000000000004,0.059672,0.009875
562200,a5X4fE5zpQbXHp+oiI8u3D+LaVAygcxp6CZTAuhJUoCz9H1Y2xQnXKznmZGyW5yJ,0.00063,0.052568,0.009706000000000001
562500,a5X4fE5zpQbXHp+oiI8u3D+LaVAygcxp6CZTAuhJUoCz9H1Y2xQnXKznmZGyW5yJ,0.000315,0.071143,0.009898
562800,a5X4fE5zpQbXHp+oiI8u3D+LaVAygcxp6CZTAuhJUoCz9H1Y2xQnXKznmZGyW5yJ,0.000674,0.046527,0.009731
563100,a5X4fE5zpQbXHp+oiI8u3D+LaVAygcxp6CZTAuhJUoCz9H1Y2xQnXKznmZGyW5yJ,0.000364,0.073561,0.010986
563400,a5X4fE5zpQbXHp+oiI8u3D+LaVAygcxp6CZTAuhJUoCz9H1Y2xQnXKznmZGyW5yJ,0.000755,0.06504,0.009858
563700,a5X4fE5zpQbXHp+oiI8u3D+LaVAygcxp6CZTAuhJUoCz9H1Y2xQnXKznmZGyW5yJ,0.00034500000000000004,0.07159,0.010153
564000,a5X4fE5zpQbXHp+oiI8u3D+LaVAygcxp6CZTAuhJUoCz9H1Y2xQnXKznmZGyW5yJ,0.000831,0.063787,0.010032
564300,a5X4fE5zpQbXHp+oiI8u3D+LaVAygcxp6CZTAuhJUoCz9H1Y2xQnXKznmZGyW5yJ,0.000433,0.06788,0.009298
564600,a5X4fE5zpQbXHp+oiI8u3D+LaVAygcxp6CZTAuhJUoCz9H1Y2xQnXKznmZGyW5yJ,0.000778,0.066551,0.008992
564900,a5X4fE5zpQbXHp+oiI8u3D+LaVAygcxp6CZTAuhJUoCz9H1Y2xQnXKznmZGyW5yJ,0.000692,0.088488,0.010595
565200,a5X4fE5zpQbXHp+oiI8u3D+LaVAygcxp6CZTAuhJUoCz9H1Y2xQnXKznmZGyW5yJ,0.000305,0.063884,0.009331
565500,a5X4fE5zpQbXHp+oiI8u3D+LaVAygcxp6CZTAuhJUoCz9H1Y2xQnXKznmZGyW5yJ,0.000723,0.063788,0.010514
565800,a5X4fE5zpQbXHp+oiI8u3D+LaVAygcxp6CZTAuhJUoCz9H1Y2xQnXKznmZGyW5yJ,0.000364,0.046063,0.008915000000000001
566100,a5X4fE5zpQbXHp+oiI8u3D+LaVAygcxp6CZTAuhJUoCz9H1Y2xQnXKznmZGyW5yJ,0.000808,0.048089,0.010237000000000001
566400,a5X4fE5zpQbXHp+oiI8u3D+LaVAygcxp6CZTAuhJUoCz9H1Y2xQnXKznmZGyW5yJ,0.000325,0.065609,0.009309
566700,a5X4fE5zpQbXHp+oiI8u3D+LaVAygcxp6CZTAuhJUoCz9H1Y2xQnXKznmZGyW5yJ,0.000849,0.061813,0.01132
567000,a5X4fE5zpQbXHp+oiI8u3D+LaVAygcxp6CZTAuhJUoCz9H1Y2xQnXKznmZGyW5yJ,0.000433,0.047314999999999996,0.009353
567300,a5X4fE5zpQbXHp+oiI8u3D+LaVAygcxp6CZTAuhJUoCz9H1Y2xQnXKznmZGyW5yJ,0.000433,0.079355,0.010244
567600,a5X4fE5zpQbXHp+oiI8u3D+LaVAygcxp6CZTAuhJUoCz9H1Y2xQnXKznmZGyW5yJ,0.0007099999999999999,0.052371,0.009855
567900,a5X4fE5zpQbXHp+oiI8u3D+LaVAygcxp6CZTAuhJUoCz9H1Y2xQnXKznmZGyW5yJ,0.000433,0.048409,0.009692000000000001
568200,a5X4fE5zpQbXHp+oiI8u3D+LaVAygcxp6CZTAuhJUoCz9H1Y2xQnXKznmZGyW5yJ,0.000763,0.058214999999999996,0.009887
568500,a5X4fE5zpQbXHp+oiI8u3D+LaVAygcxp6CZTAuhJUoCz9H1Y2xQnXKznmZGyW5yJ,0.000665,0.051138,0.010166
568800,a5X4fE5zpQbXHp+oiI8u3D+LaVAygcxp6CZTAuhJUoCz9H1Y2xQnXKznmZGyW5yJ,0.000677,0.050910000000000004,0.009889
569100,a5X4fE5zpQbXHp+oiI8u3D+LaVAygcxp6CZTAuhJUoCz9H1Y2xQnXKznmZGyW5yJ,0.000679,0.082274,0.010048
569400,a5X4fE5zpQbXHp+oiI8u3D+LaVAygcxp6CZTAuhJUoCz9H1Y2xQnXKznmZGyW5yJ,0.000674,0.059996,0.009537
569700,a5X4fE5zpQbXHp+oiI8u3D+LaVAygcxp6CZTAuhJUoCz9H1Y2xQnXKznmZGyW5yJ,0.000354,0.193527,0.010927
570000,a5X4fE5zpQbXHp+oiI8u3D+LaVAygcxp6CZTAuhJUoCz9H1Y2xQnXKznmZGyW5yJ,0.000354,0.057799,0.009470999999999999
570300,a5X4fE5zpQbXHp+oiI8u3D+LaVAygcxp6CZTAuhJUoCz9H1Y2xQnXKznmZGyW5yJ,0.00064,0.066221,0.011942
570600,a5X4fE5zpQbXHp+oiI8u3D+LaVAygcxp6CZTAuhJUoCz9H1Y2xQnXKznmZGyW5yJ,0.000463,0.05160599999999999,0.009424
570900,a5X4fE5zpQbXHp+oiI8u3D+LaVAygcxp6CZTAuhJUoCz9H1Y2xQnXKznmZGyW5yJ,0.000643,0.057725,0.010511
571200,a5X4fE5zpQbXHp+oiI8u3D+LaVAygcxp6CZTAuhJUoCz9H1Y2xQnXKznmZGyW5yJ,0.000364,0.052033,0.009446
571500,a5X4fE5zpQbXHp+oiI8u3D+LaVAygcxp6CZTAuhJUoCz9H1Y2xQnXKznmZGyW5yJ,0.0006519999999999999,0.051788,0.010529
571800,a5X4fE5zpQbXHp+oiI8u3D+LaVAygcxp6CZTAuhJUoCz9H1Y2xQnXKznmZGyW5yJ,0.000472,0.049735,0.009382999999999999
572100,a5X4fE5zpQbXHp+oiI8u3D+LaVAygcxp6CZTAuhJUoCz9H1Y2xQnXKznmZGyW5yJ,0.000633,0.066946,0.010513
572400,a5X4fE5zpQbXHp+oiI8u3D+LaVAygcxp6CZTAuhJUoCz9H1Y2xQnXKznmZGyW5yJ,0.00061,0.046463,0.009723
572700,a5X4fE5zpQbXHp+oiI8u3D+LaVAygcxp6CZTAuhJUoCz9H1Y2xQnXKznmZGyW5yJ,0.000591,0.058151999999999995,0.010277
573000,a5X4fE5zpQbXHp+oiI8u3D+LaVAygcxp6CZTAuhJUoCz9H1Y2xQnXKznmZGyW5yJ,0.000659,0.056175,0.009909999999999999
573300,a5X4fE5zpQbXHp+oiI8u3D+LaVAygcxp6CZTAuhJUoCz9H1Y2xQnXKznmZGyW5yJ,0.000677,0.07664299999999999,0.010025
573600,a5X4fE5zpQbXHp+oiI8u3D+LaVAygcxp6CZTAuhJUoCz9H1Y2xQnXKznmZGyW5yJ,0.000674,0.058823,0.009899
573900,a5X4fE5zpQbXHp+oiI8u3D+LaVAygcxp6CZTAuhJUoCz9H1Y2xQnXKznmZGyW5yJ,0.000335,0.071998,0.010944
574200,a5X4fE5zpQbXHp+oiI8u3D+LaVAygcxp6CZTAuhJUoCz9H1Y2xQnXKznmZGyW5yJ,0.0006900000000000001,0.054016999999999996,0.009866
574500,a5X4fE5zpQbXHp+oiI8u3D+LaVAygcxp6CZTAuhJUoCz9H1Y2xQnXKznmZGyW5yJ,0.000315,0.06738200000000001,0.010286
574800,a5X4fE5zpQbXHp+oiI8u3D+LaVAygcxp6CZTAuhJUoCz9H1Y2xQnXKznmZGyW5yJ,0.000674,0.049204000000000005,0.009855
575100,a5X4fE5zpQbXHp+oiI8u3D+LaVAygcxp6CZTAuhJUoCz9H1Y2xQnXKznmZGyW5yJ,0.000512,0.05926,0.009153
575400,a5X4fE5zpQbXHp+oiI8u3D+LaVAygcxp6CZTAuhJUoCz9H1Y2xQnXKznmZGyW5yJ,0.000325,0.04648,0.009234000000000001
575700,a5X4fE5zpQbXHp+oiI8u3D+LaVAygcxp6CZTAuhJUoCz9H1Y2xQnXKznmZGyW5yJ,0.000677,0.07507899999999999,0.010537000000000001
576000,a5X4fE5zpQbXHp+oiI8u3D+LaVAygcxp6CZTAuhJUoCz9H1Y2xQnXKznmZGyW5yJ,0.000599,1.231414,0.018341
576300,a5X4fE5zpQbXHp+oiI8u3D+LaVAygcxp6CZTAuhJUoCz9H1Y2xQnXKznmZGyW5yJ,0.0006799999999999999,0.09411699999999999,0.011462
576600,a5X4fE5zpQbXHp+oiI8u3D+LaVAygcxp6CZTAuhJUoCz9H1Y2xQnXKznmZGyW5yJ,0.000512,0.06667000000000001,0.009369
576900,a5X4fE5zpQbXHp+oiI8u3D+LaVAygcxp6CZTAuhJUoCz9H1Y2xQnXKznmZGyW5yJ,0.000664,0.057379999999999994,0.010757
577200,a5X4fE5zpQbXHp+oiI8u3D+LaVAygcxp6CZTAuhJUoCz9H1Y2xQnXKznmZGyW5yJ,0.000551,0.082537,0.009463
577500,a5X4fE5zpQbXHp+oiI8u3D+LaVAygcxp6CZTAuhJUoCz9H1Y2xQnXKznmZGyW5yJ,0.000679,0.080637,0.011649
577800,a5X4fE5zpQbXHp+oiI8u3D+LaVAygcxp6CZTAuhJUoCz9H1Y2xQnXKznmZGyW5yJ,0.000404,0.05642899999999999,0.009804
578100,a5X4fE5zpQbXHp+oiI8u3D+LaVAygcxp6CZTAuhJUoCz9H1Y2xQnXKznmZGyW5yJ,0.000394,0.052454999999999995,0.010278
578400,a5X4fE5zpQbXHp+oiI8u3D+LaVAygcxp6CZTAuhJUoCz9H1Y2xQnXKznmZGyW5yJ,0.000681,0.046402,0.009982
578700,a5X4fE5zpQbXHp+oiI8u3D+LaVAygcxp6CZTAuhJUoCz9H1Y2xQnXKznmZGyW5yJ,0.00037400000000000004,0.07295800000000001,0.010048
579000,a5X4fE5zpQbXHp+oiI8u3D+LaVAygcxp6CZTAuhJUoCz9H1Y2xQnXKznmZGyW5yJ,0.000684,0.064026,0.009889
579300,a5X4fE5zpQbXHp+oiI8u3D+LaVAygcxp6CZTAuhJUoCz9H1Y2xQnXKznmZGyW5yJ,0.000325,0.051806,0.010011
579600,a5X4fE5zpQbXHp+oiI8u3D+LaVAygcxp6CZTAuhJUoCz9H1Y2xQnXKznmZGyW5yJ,0.000644,0.047418,0.009944
579900,a5X4fE5zpQbXHp+oiI8u3D+LaVAygcxp6CZTAuhJUoCz9H1Y2xQnXKznmZGyW5yJ,0.000433,0.051942999999999996,0.009925
580200,a5X4fE5zpQbXHp+oiI8u3D+LaVAygcxp6CZTAuhJUoCz9H1Y2xQnXKznmZGyW5yJ,0.000677,0.064796,0.009935
580500,a5X4fE5zpQbXHp+oiI8u3D+LaVAygcxp6CZTAuhJUoCz9H1Y2xQnXKznmZGyW5yJ,0.00061,0.067624,0.010384
580800,a5X4fE5zpQbXHp+oiI8u3D+LaVAygcxp6CZTAuhJUoCz9H1Y2xQnXKznmZGyW5yJ,0.000671,0.063786,0.009228
581100,a5X4fE5zpQbXHp+oiI8u3D+LaVAygcxp6CZTAuhJUoCz9H1Y2xQnXKznmZGyW5yJ,0.000677,0.07854,0.011543000000000001
581400,a5X4fE5zpQbXHp+oiI8u3D+LaVAygcxp6CZTAuhJUoCz9H1Y2xQnXKznmZGyW5yJ,0.00066,0.048371,0.009106999999999999
581700,a5X4fE5zpQbXHp+oiI8u3D+LaVAygcxp6CZTAuhJUoCz9H1Y2xQnXKznmZGyW5yJ,0.000688,0.078222,0.010607
582000,a5X4fE5zpQbXHp+oiI8u3D+LaVAygcxp6CZTAuhJUoCz9H1Y2xQnXKznmZGyW5yJ,0.000691,0.351468,0.013608000000000002
582300,a5X4fE5zpQbXHp+oiI8u3D+LaVAygcxp6CZTAuhJUoCz9H1Y2xQnXKznmZGyW5yJ,0.000677,0.060725,0.010744
582600,a5X4fE5zpQbXHp+oiI8u3D+LaVAygcxp6CZTAuhJUoCz9H1Y2xQnXKznmZGyW5yJ,0.000705,0.06958500000000001,0.009431
582900,a5X4fE5zpQbXHp+oiI8u3D+LaVAygcxp6CZTAuhJUoCz9H1Y2xQnXKznmZGyW5yJ,0.000692,0.066186,0.010506
583200,a5X4fE5zpQbXHp+oiI8u3D+LaVAygcxp6CZTAuhJUoCz9H1Y2xQnXKznmZGyW5yJ,0.000677,0.046441,0.009164
583500,a5X4fE5zpQbXHp+oiI8u3D+LaVAygcxp6CZTAuhJUoCz9H1Y2xQnXKznmZGyW5yJ,0.000734,0.05404400000000001,0.010421
583800,a5X4fE5zpQbXHp+oiI8u3D+LaVAygcxp6CZTAuhJUoCz9H1Y2xQnXKznmZGyW5yJ,0.000664,0.06746100000000001,0.009936
584100,a5X4fE5zpQbXHp+oiI8u3D+LaVAygcxp6CZTAuhJUoCz9H1Y2xQnXKznmZGyW5yJ,0.0006929999999999999,0.066712,0.009864
584400,a5X4fE5zpQbXHp+oiI8u3D+LaVAygcxp6CZTAuhJUoCz9H1Y2xQnXKznmZGyW5yJ,0.0007030000000000001,0.046507,0.009878
584700,a5X4fE5zpQbXHp+oiI8u3D+LaVAygcxp6CZTAuhJUoCz9H1Y2xQnXKznmZGyW5yJ,0.000704,0.06884900000000001,0.011054999999999999
585000,a5X4fE5zpQbXHp+oiI8u3D+LaVAygcxp6CZTAuhJUoCz9H1Y2xQnXKznmZGyW5yJ,0.000675,0.071475,0.009865
585300,a5X4fE5zpQbXHp+oiI8u3D+LaVAygcxp6CZTAuhJUoCz9H1Y2xQnXKznmZGyW5yJ,0.00061,1.220284,0.019397
585600,a5X4fE5zpQbXHp+oiI8u3D+LaVAygcxp6CZTAuhJUoCz9H1Y2xQnXKznmZGyW5yJ,0.000666,0.071411,0.009995
585900,a5X4fE5zpQbXHp+oiI8u3D+LaVAygcxp6CZTAuhJUoCz9H1Y2xQnXKznmZGyW5yJ,0.000335,0.076048,0.009802
586200,a5X4fE5zpQbXHp+oiI8u3D+LaVAygcxp6CZTAuhJUoCz9H1Y2xQnXKznmZGyW5yJ,0.00042300000000000004,0.070766,0.00933
586500,a5X4fE5zpQbXHp+oiI8u3D+LaVAygcxp6CZTAuhJUoCz9H1Y2xQnXKznmZGyW5yJ,0.000691,0.050361,0.010715
586800,a5X4fE5zpQbXHp+oiI8u3D+LaVAygcxp6CZTAuhJUoCz9H1Y2xQnXKznmZGyW5yJ,0.00034500000000000004,0.052327,0.009292
587100,a5X4fE5zpQbXHp+oiI8u3D+LaVAygcxp6CZTAuhJUoCz9H1Y2xQnXKznmZGyW5yJ,0.000661,0.046735000000000006,0.010473999999999999
587400,a5X4fE5zpQbXHp+oiI8u3D+LaVAygcxp6CZTAuhJUoCz9H1Y2xQnXKznmZGyW5yJ,0.000335,0.07216900000000001,0.009456
587700,a5X4fE5zpQbXHp+oiI8u3D+LaVAygcxp6CZTAuhJUoCz9H1Y2xQnXKznmZGyW5yJ,0.000678,0.051013,0.010549
588000,a5X4fE5zpQbXHp+oiI8u3D+LaVAygcxp6CZTAuhJUoCz9H1Y2xQnXKznmZGyW5yJ,0.00042300000000000004,0.047872000000000005,0.009859
588300,a5X4fE5zpQbXHp+oiI8u3D+LaVAygcxp6CZTAuhJUoCz9H1Y2xQnXKznmZGyW5yJ,0.0006929999999999999,0.054905999999999996,0.011574
588600,a5X4fE5zpQbXHp+oiI8u3D+LaVAygcxp6CZTAuhJUoCz9H1Y2xQnXKznmZGyW5yJ,0.000364,0.066983,0.00949
588900,a5X4fE5zpQbXHp+oiI8u3D+LaVAygcxp6CZTAuhJUoCz9H1Y2xQnXKznmZGyW5yJ,0.000453,0.057905,0.010313
589200,a5X4fE5zpQbXHp+oiI8u3D+LaVAygcxp6CZTAuhJUoCz9H1Y2xQnXKznmZGyW5yJ,0.000691,0.057347,0.009861
589500,a5X4fE5zpQbXHp+oiI8u3D+LaVAygcxp6CZTAuhJUoCz9H1Y2xQnXKznmZGyW5yJ,0.000315,0.066594,0.010121
589800,a5X4fE5zpQbXHp+oiI8u3D+LaVAygcxp6CZTAuhJUoCz9H1Y2xQnXKznmZGyW5yJ,0.000688,0.04796,0.009946
590100,a5X4fE5zpQbXHp+oiI8u3D+LaVAygcxp6CZTAuhJUoCz9H1Y2xQnXKznmZGyW5yJ,0.000335,0.057107000000000005,0.009375
590400,a5X4fE5zpQbXHp+oiI8u3D+LaVAygcxp6CZTAuhJUoCz9H1Y2xQnXKznmZGyW5yJ,0.0007070000000000001,0.054439,0.009891
590700,a5X4fE5zpQbXHp+oiI8u3D+LaVAygcxp6CZTAuhJUoCz9H1Y2xQnXKznmZGyW5yJ,0.000335,0.058614,0.010546
591000,a5X4fE5zpQbXHp+oiI8u3D+LaVAygcxp6CZTAuhJUoCz9H1Y2xQnXKznmZGyW5yJ,0.000677,0.058417,0.009894
591300,a5X4fE5zpQbXHp+oiI8u3D+LaVAygcxp6CZTAuhJUoCz9H1Y2xQnXKznmZGyW5yJ,0.000404,0.057564,0.009655
591600,a5X4fE5zpQbXHp+oiI8u3D+LaVAygcxp6CZTAuhJUoCz9H1Y2xQnXKznmZGyW5yJ,0.000541,0.056138,0.009297
591900,a5X4fE5zpQbXHp+oiI8u3D+LaVAygcxp6CZTAuhJUoCz9H1Y2xQnXKznmZGyW5yJ,0.000725,0.06641699999999999,0.011496
592200,a5X4fE5zpQbXHp+oiI8u3D+LaVAygcxp6CZTAuhJUoCz9H1Y2xQnXKznmZGyW5yJ,0.000801,0.049027999999999995,0.008962999999999999
592500,a5X4fE5zpQbXHp+oiI8u3D+LaVAygcxp6CZTAuhJUoCz9H1Y2xQnXKznmZGyW5yJ,0.00073,0.06553400000000001,0.010486
592800,a5X4fE5zpQbXHp+oiI8u3D+LaVAygcxp6CZTAuhJUoCz9H1Y2xQnXKznmZGyW5yJ,0.000502,0.047027,0.009408
593100,a5X4fE5zpQbXHp+oiI8u3D+LaVAygcxp6CZTAuhJUoCz9H1Y2xQnXKznmZGyW5yJ,0.0008060000000000001,0.052650999999999996,0.010638
593400,a5X4fE5zpQbXHp+oiI8u3D+LaVAygcxp6CZTAuhJUoCz9H1Y2xQnXKznmZGyW5yJ,0.000414,0.046964,0.009284
593700,a5X4fE5zpQbXHp+oiI8u3D+LaVAygcxp6CZTAuhJUoCz9H1Y2xQnXKznmZGyW5yJ,0.000758,0.066328,0.01055
594000,a5X4fE5zpQbXHp+oiI8u3D+LaVAygcxp6CZTAuhJUoCz9H1Y2xQnXKznmZGyW5yJ,0.000482,0.070146,0.009802
594300,a5X4fE5zpQbXHp+oiI8u3D+LaVAygcxp6CZTAuhJUoCz9H1Y2xQnXKznmZGyW5yJ,0.000315,0.118154,0.010954
594600,a5X4fE5zpQbXHp+oiI8u3D+LaVAygcxp6CZTAuhJUoCz9H1Y2xQnXKznmZGyW5yJ,0.0007830000000000001,0.054861,0.00957
594900,a5X4fE5zpQbXHp+oiI8u3D+LaVAygcxp6CZTAuhJUoCz9H1Y2xQnXKznmZGyW5yJ,0.00037400000000000004,0.072055,0.010653
595200,a5X4fE5zpQbXHp+oiI8u3D+LaVAygcxp6CZTAuhJUoCz9H1Y2xQnXKznmZGyW5yJ,0.000792,0.065246,0.010134
595500,a5X4fE5zpQbXHp+oiI8u3D+LaVAygcxp6CZTAuhJUoCz9H1Y2xQnXKznmZGyW5yJ,0.000394,0.05536699999999999,0.011317
595800,a5X4fE5zpQbXHp+oiI8u3D+LaVAygcxp6CZTAuhJUoCz9H1Y2xQnXKznmZGyW5yJ,0.0007030000000000001,0.049844,0.009931
596100,a5X4fE5zpQbXHp+oiI8u3D+LaVAygcxp6CZTAuhJUoCz9H1Y2xQnXKznmZGyW5yJ,0.000542,0.049289,0.010320999999999999
596400,a5X4fE5zpQbXHp+oiI8u3D+LaVAygcxp6CZTAuhJUoCz9H1Y2xQnXKznmZGyW5yJ,0.000674,0.093563,0.009936
596700,a5X4fE5zpQbXHp+oiI8u3D+LaVAygcxp6CZTAuhJUoCz9H1Y2xQnXKznmZGyW5yJ,0.000541,0.048658,0.010506999999999999
597000,a5X4fE5zpQbXHp+oiI8u3D+LaVAygcxp6CZTAuhJUoCz9H1Y2xQnXKznmZGyW5yJ,0.000335,0.055189,0.00965
597300,a5X4fE5zpQbXHp+oiI8u3D+LaVAygcxp6CZTAuhJUoCz9H1Y2xQnXKznmZGyW5yJ,0.0006730000000000001,0.064787,0.010655
597600,a5X4fE5zpQbXHp+oiI8u3D+LaVAygcxp6CZTAuhJUoCz9H1Y2xQnXKznmZGyW5yJ,0.00034500000000000004,0.057977999999999995,0.009669
597900,a5X4fE5zpQbXHp+oiI8u3D+LaVAygcxp6CZTAuhJUoCz9H1Y2xQnXKznmZGyW5yJ,0.000713,0.052860000000000004,0.010527
598200,a5X4fE5zpQbXHp+oiI8u3D+LaVAygcxp6CZTAuhJUoCz9H1Y2xQnXKznmZGyW5yJ,0.000414,0.054277,0.009653
598500,a5X4fE5zpQbXHp+oiI8u3D+LaVAygcxp6CZTAuhJUoCz9H1Y2xQnXKznmZGyW5yJ,0.0007379999999999999,0.068763,0.010496
598800,a5X4fE5zpQbXHp+oiI8u3D+LaVAygcxp6CZTAuhJUoCz9H1Y2xQnXKznmZGyW5yJ,0.000315,0.047883999999999996,0.009042
599100,a5X4fE5zpQbXHp+oiI8u3D+LaVAygcxp6CZTAuhJUoCz9H1Y2xQnXKznmZGyW5yJ,0.000687,0.054902,0.011470999999999999
599400,a5X4fE5zpQbXHp+oiI8u3D+LaVAygcxp6CZTAuhJUoCz9H1Y2xQnXKznmZGyW5yJ,0.000463,0.053966999999999994,0.009334
599700,a5X4fE5zpQbXHp+oiI8u3D+LaVAygcxp6CZTAuhJUoCz9H1Y2xQnXKznmZGyW5yJ,0.000579,0.074088,0.010031
600000,a5X4fE5zpQbXHp+oiI8u3D+LaVAygcxp6CZTAuhJUoCz9H1Y2xQnXKznmZGyW5yJ,0.0007019999999999999,0.047707,0.010012
600300,a5X4fE5zpQbXHp+oiI8u3D+LaVAygcxp6CZTAuhJUoCz9H1Y2xQnXKznmZGyW5yJ,0.000601,0.06525700000000001,0.010095999999999999
600600,a5X4fE5zpQbXHp+oiI8u3D+LaVAygcxp6CZTAuhJUoCz9H1Y2xQnXKznmZGyW5yJ,0.000686,0.052608,0.009788
600900,a5X4fE5zpQbXHp+oiI8u3D+LaVAygcxp6CZTAuhJUoCz9H1Y2xQnXKznmZGyW5yJ,0.000354,0.06099299999999999,0.010352
601200,a5X4fE5zpQbXHp+oiI8u3D+LaVAygcxp6CZTAuhJUoCz9H1Y2xQnXKznmZGyW5yJ,0.000648,0.060098,0.009831
601500,a5X4fE5zpQbXHp+oiI8u3D+LaVAygcxp6CZTAuhJUoCz9H1Y2xQnXKznmZGyW5yJ,0.000335,0.058671,0.009748
601800,a5X4fE5zpQbXHp+oiI8u3D+LaVAygcxp6CZTAuhJUoCz9H1Y2xQnXKznmZGyW5yJ,0.0006929999999999999,0.057973000000000004,0.009766
602100,a5X4fE5zpQbXHp+oiI8u3D+LaVAygcxp6CZTAuhJUoCz9H1Y2xQnXKznmZGyW5yJ,0.000414,0.065513,0.010142
602400,a5X4fE5zpQbXHp+oiI8u3D+LaVAygcxp6CZTAuhJUoCz9H1Y2xQnXKznmZGyW5yJ,0.0006889999999999999,0.059452,0.009807
602700,a5X4fE5zpQbXHp+oiI8u3D+LaVAygcxp6CZTAuhJUoCz9H1Y2xQnXKznmZGyW5yJ,0.000354,0.049861,0.0103
603000,a5X4fE5zpQbXHp+oiI8u3D+LaVAygcxp6CZTAuhJUoCz9H1Y2xQnXKznmZGyW5yJ,0.000522,0.06115,0.009068999999999999
603300,a5X4fE5zpQbXHp+oiI8u3D+LaVAygcxp6CZTAuhJUoCz9H1Y2xQnXKznmZGyW5yJ,0.000696,0.064777,0.010584999999999999
603600,a5X4fE5zpQbXHp+oiI8u3D+LaVAygcxp6CZTAuhJUoCz9H1Y2xQnXKznmZGyW5yJ,0.0005809999999999999,0.052146000000000005,0.009393
603900,a5X4fE5zpQbXHp+oiI8u3D+LaVAygcxp6CZTAuhJUoCz9H1Y2xQnXKznmZGyW5yJ,0.000696,0.05778099999999999,0.010537999999999999
604200,a5X4fE5zpQbXHp+oiI8u3D+LaVAygcxp6CZTAuhJUoCz9H1Y2xQnXKznmZGyW5yJ,0.000522,0.064676,0.009491
604500,a5X4fE5zpQbXHp+oiI8u3D+LaVAygcxp6CZTAuhJUoCz9H1Y2xQnXKznmZGyW5yJ,0.000708,0.051663,0.010520999999999999
604800,a5X4fE5zpQbXHp+oiI8u3D+LaVAygcxp6CZTAuhJUoCz9H1Y2xQnXKznmZGyW5yJ,0.000542,0.050571,0.009432
605100,a5X4fE5zpQbXHp+oiI8u3D+LaVAygcxp6CZTAuhJUoCz9H1Y2xQnXKznmZGyW5yJ,0.000695,0.080917,0.01055
605400,a5X4fE5zpQbXHp+oiI8u3D+LaVAygcxp6CZTAuhJUoCz9H1Y2xQnXKznmZGyW5yJ,0.000315,0.058999,0.009290000000000001
605700,a5X4fE5zpQbXHp+oiI8u3D+LaVAygcxp6CZTAuhJUoCz9H1Y2xQnXKznmZGyW5yJ,0.000354,0.04682,0.010054
606000,a5X4fE5zpQbXHp+oiI8u3D+LaVAygcxp6CZTAuhJUoCz9H1Y2xQnXKznmZGyW5yJ,0.000666,0.059227999999999996,0.009904999999999999
606300,a5X4fE5zpQbXHp+oiI8u3D+LaVAygcxp6CZTAuhJUoCz9H1Y2xQnXKznmZGyW5yJ,0.00042300000000000004,0.06563,0.011219
606600,a5X4fE5zpQbXHp+oiI8u3D+LaVAygcxp6CZTAuhJUoCz9H1Y2xQnXKznmZGyW5yJ,0.000725,0.058441999999999994,0.009764
606900,a5X4fE5zpQbXHp+oiI8u3D+LaVAygcxp6CZTAuhJUoCz9H1Y2xQnXKznmZGyW5yJ,0.000552,0.06414,0.009811
607200,a5X4fE5zpQbXHp+oiI8u3D+LaVAygcxp6CZTAuhJUoCz9H1Y2xQnXKznmZGyW5yJ,0.0007160000000000001,0.062748,0.009492
607500,a5X4fE5zpQbXHp+oiI8u3D+LaVAygcxp6CZTAuhJUoCz9H1Y2xQnXKznmZGyW5yJ,0.00066,0.047654,0.010037
607800,a5X4fE5zpQbXHp+oiI8u3D+LaVAygcxp6CZTAuhJUoCz9H1Y2xQnXKznmZGyW5yJ,0.000692,0.07145499999999999,0.009773
608100,a5X4fE5zpQbXHp+oiI8u3D+LaVAygcxp6CZTAuhJUoCz9H1Y2xQnXKznmZGyW5yJ,0.000541,0.06043300000000001,0.008914
608400,a5X4fE5zpQbXHp+oiI8u3D+LaVAygcxp6CZTAuhJUoCz9H1Y2xQnXKznmZGyW5yJ,0.000522,0.044899,0.009285
608700,a5X4fE5zpQbXHp+oiI8u3D+LaVAygcxp6CZTAuhJUoCz9H1Y2xQnXKznmZGyW5yJ,0.000701,0.05878,0.010528000000000001
609000,a5X4fE5zpQbXHp+oiI8u3D+LaVAygcxp6CZTAuhJUoCz9H1Y2xQnXKznmZGyW5yJ,0.00037400000000000004,0.059541,0.009051
609300,a5X4fE5zpQbXHp+oiI8u3D+LaVAygcxp6CZTAuhJUoCz9H1Y2xQnXKznmZGyW5yJ,0.000676,0.047445,0.010588
609600,a5X4fE5zpQbXHp+oiI8u3D+LaVAygcxp6CZTAuhJUoCz9H1Y2xQnXKznmZGyW5yJ,0.00037400000000000004,0.04897,0.009387000000000001
609900,a5X4fE5zpQbXHp+oiI8u3D+LaVAygcxp6CZTAuhJUoCz9H1Y2xQnXKznmZGyW5yJ,0.0007070000000000001,0.06582,0.011372
610200,a5X4fE5zpQbXHp+oiI8u3D+LaVAygcxp6CZTAuhJUoCz9H1Y2xQnXKznmZGyW5yJ,0.000413,0.664211,0.019009
610500,a5X4fE5zpQbXHp+oiI8u3D+LaVAygcxp6CZTAuhJUoCz9H1Y2xQnXKznmZGyW5yJ,0.000653,0.050887,0.010601000000000001
610800,a5X4fE5zpQbXHp+oiI8u3D+LaVAygcxp6CZTAuhJUoCz9H1Y2xQnXKznmZGyW5yJ,0.000571,0.048401,0.009328
611100,a5X4fE5zpQbXHp+oiI8u3D+LaVAygcxp6CZTAuhJUoCz9H1Y2xQnXKznmZGyW5yJ,0.000551,0.063351,0.010283
611400,a5X4fE5zpQbXHp+oiI8u3D+LaVAygcxp6CZTAuhJUoCz9H1Y2xQnXKznmZGyW5yJ,0.000685,0.050614,0.009722
611700,a5X4fE5zpQbXHp+oiI8u3D+LaVAygcxp6CZTAuhJUoCz9H1Y2xQnXKznmZGyW5yJ,0.00065,0.053157,0.009984
612000,a5X4fE5zpQbXHp+oiI8u3D+LaVAygcxp6CZTAuhJUoCz9H1Y2xQnXKznmZGyW5yJ,0.000713,0.045977,0.009954000000000001
612300,a5X4fE5zpQbXHp+oiI8u3D+LaVAygcxp6CZTAuhJUoCz9H1Y2xQnXKznmZGyW5yJ,0.000325,0.06582400000000001,0.009970999999999999
612600,a5X4fE5zpQbXHp+oiI8u3D+LaVAygcxp6CZTAuhJUoCz9H1Y2xQnXKznmZGyW5yJ,0.000691,0.049272,0.009848
612900,a5X4fE5zpQbXHp+oiI8u3D+LaVAygcxp6CZTAuhJUoCz9H1Y2xQnXKznmZGyW5yJ,0.000295,0.056380999999999994,0.009833
613200,a5X4fE5zpQbXHp+oiI8u3D+LaVAygcxp6CZTAuhJUoCz9H1Y2xQnXKznmZGyW5yJ,0.0007160000000000001,0.048124,0.009733
613500,a5X4fE5zpQbXHp+oiI8u3D+LaVAygcxp6CZTAuhJUoCz9H1Y2xQnXKznmZGyW5yJ,0.000433,0.087299,0.010173999999999999
613800,a5X4fE5zpQbXHp+oiI8u3D+LaVAygcxp6CZTAuhJUoCz9H1Y2xQnXKznmZGyW5yJ,0.00035499999999999996,0.06054,0.009422
614100,a5X4fE5zpQbXHp+oiI8u3D+LaVAygcxp6CZTAuhJUoCz9H1Y2xQnXKznmZGyW5yJ,0.000696,0.067995,0.010479
614400,a5X4fE5zpQbXHp+oiI8u3D+LaVAygcxp6CZTAuhJUoCz9H1Y2xQnXKznmZGyW5yJ,0.000502,0.05216900000000001,0.009370999999999999
614700,a5X4fE5zpQbXHp+oiI8u3D+LaVAygcxp6CZTAuhJUoCz9H1Y2xQnXKznmZGyW5yJ,0.0006799999999999999,0.04835,0.010426000000000001
615000,a5X4fE5zpQbXHp+oiI8u3D+LaVAygcxp6CZTAuhJUoCz9H1Y2xQnXKznmZGyW5yJ,0.000665,0.046046,0.009373000000000001
615300,a5X4fE5zpQbXHp+oiI8u3D+LaVAygcxp6CZTAuhJUoCz9H1Y2xQnXKznmZGyW5yJ,0.000676,0.06791599999999999,0.010517
615600,a5X4fE5zpQbXHp+oiI8u3D+LaVAygcxp6CZTAuhJUoCz9H1Y2xQnXKznmZGyW5yJ,0.000674,0.06626,0.009964
615900,a5X4fE5zpQbXHp+oiI8u3D+LaVAygcxp6CZTAuhJUoCz9H1Y2xQnXKznmZGyW5yJ,0.000663,0.059698,0.01018
616200,a5X4fE5zpQbXHp+oiI8u3D+LaVAygcxp6CZTAuhJUoCz9H1Y2xQnXKznmZGyW5yJ,0.000684,0.046231,0.009040000000000001
616500,a5X4fE5zpQbXHp+oiI8u3D+LaVAygcxp6CZTAuhJUoCz9H1Y2xQnXKznmZGyW5yJ,0.000666,0.064363,0.010106
616800,a5X4fE5zpQbXHp+oiI8u3D+LaVAygcxp6CZTAuhJUoCz9H1Y2xQnXKznmZGyW5yJ,0.000711,0.047598,0.009788
617100,a5X4fE5zpQbXHp+oiI8u3D+LaVAygcxp6CZTAuhJUoCz9H1Y2xQnXKznmZGyW5yJ,0.0006799999999999999,0.05614500000000001,0.011042
617400,a5X4fE5zpQbXHp+oiI8u3D+LaVAygcxp6CZTAuhJUoCz9H1Y2xQnXKznmZGyW5yJ,0.000721,0.060236000000000005,0.009833
617700,a5X4fE5zpQbXHp+oiI8u3D+LaVAygcxp6CZTAuhJUoCz9H1Y2xQnXKznmZGyW5yJ,0.000714,0.074013,0.010234
618000,a5X4fE5zpQbXHp+oiI8u3D+LaVAygcxp6CZTAuhJUoCz9H1Y2xQnXKznmZGyW5yJ,0.0007639999999999999,0.05885,0.009953
618300,a5X4fE5zpQbXHp+oiI8u3D+LaVAygcxp6CZTAuhJUoCz9H1Y2xQnXKznmZGyW5yJ,0.000776,0.06666799999999999,0.010283
618600,a5X4fE5zpQbXHp+oiI8u3D+LaVAygcxp6CZTAuhJUoCz9H1Y2xQnXKznmZGyW5yJ,0.000784,0.061617,0.009805
618900,a5X4fE5zpQbXHp+oiI8u3D+LaVAygcxp6CZTAuhJUoCz9H1Y2xQnXKznmZGyW5yJ,0.000746,0.06184,0.009431
619200,a5X4fE5zpQbXHp+oiI8u3D+LaVAygcxp6CZTAuhJUoCz9H1Y2xQnXKznmZGyW5yJ,0.0005610000000000001,0.043371,0.008976000000000001
619500,a5X4fE5zpQbXHp+oiI8u3D+LaVAygcxp6CZTAuhJUoCz9H1Y2xQnXKznmZGyW5yJ,0.000712,0.097173,0.011404000000000001
619800,a5X4fE5zpQbXHp+oiI8u3D+LaVAygcxp6CZTAuhJUoCz9H1Y2xQnXKznmZGyW5yJ,0.000532,0.06485199999999999,0.009434
620100,a5X4fE5zpQbXHp+oiI8u3D+LaVAygcxp6CZTAuhJUoCz9H1Y2xQnXKznmZGyW5yJ,0.000695,0.0521,0.010692
620400,a5X4fE5zpQbXHp+oiI8u3D+LaVAygcxp6CZTAuhJUoCz9H1Y2xQnXKznmZGyW5yJ,0.00047300000000000006,0.058984,0.008671
620700,a5X4fE5zpQbXHp+oiI8u3D+LaVAygcxp6CZTAuhJUoCz9H1Y2xQnXKznmZGyW5yJ,0.000695,0.081322,0.011519
621000,a5X4fE5zpQbXHp+oiI8u3D+LaVAygcxp6CZTAuhJUoCz9H1Y2xQnXKznmZGyW5yJ,0.000276,0.046452999999999994,0.009297
621300,a5X4fE5zpQbXHp+oiI8u3D+LaVAygcxp6CZTAuhJUoCz9H1Y2xQnXKznmZGyW5yJ,0.000663,0.072823,0.010489
621600,a5X4fE5zpQbXHp+oiI8u3D+LaVAygcxp6CZTAuhJUoCz9H1Y2xQnXKznmZGyW5yJ,0.000414,0.049856,0.009045000000000001
621900,a5X4fE5zpQbXHp+oiI8u3D+LaVAygcxp6CZTAuhJUoCz9H1Y2xQnXKznmZGyW5yJ,0.000433,0.056899,0.009949
622200,a5X4fE5zpQbXHp+oiI8u3D+LaVAygcxp6CZTAuhJUoCz9H1Y2xQnXKznmZGyW5yJ,0.000664,0.058664,0.009854
622500,a5X4fE5zpQbXHp+oiI8u3D+LaVAygcxp6CZTAuhJUoCz9H1Y2xQnXKznmZGyW5yJ,0.00064,1.094855,0.018663
622800,a5X4fE5zpQbXHp+oiI8u3D+LaVAygcxp6CZTAuhJUoCz9H1Y2xQnXKznmZGyW5yJ,0.000681,0.06755,0.009918000000000001
623100,a5X4fE5zpQbXHp+oiI8u3D+LaVAygcxp6CZTAuhJUoCz9H1Y2xQnXKznmZGyW5yJ,0.00066,0.072103,0.010464
623400,a5X4fE5zpQbXHp+oiI8u3D+LaVAygcxp6CZTAuhJUoCz9H1Y2xQnXKznmZGyW5yJ,0.000663,0.047855,0.009824
623700,a5X4fE5zpQbXHp+oiI8u3D+LaVAygcxp6CZTAuhJUoCz9H1Y2xQnXKznmZGyW5yJ,0.00061,0.050374,0.010001999999999999
624000,a5X4fE5zpQbXHp+oiI8u3D+LaVAygcxp6CZTAuhJUoCz9H1Y2xQnXKznmZGyW5yJ,0.000674,0.046373000000000004,0.01001
624300,a5X4fE5zpQbXHp+oiI8u3D+LaVAygcxp6CZTAuhJUoCz9H1Y2xQnXKznmZGyW5yJ,0.000414,0.046464,0.010182
624600,a5X4fE5zpQbXHp+oiI8u3D+LaVAygcxp6CZTAuhJUoCz9H1Y2xQnXKznmZGyW5yJ,0.000354,0.06980800000000001,0.009337999999999999
624900,a5X4fE5zpQbXHp+oiI8u3D+LaVAygcxp6CZTAuhJUoCz9H1Y2xQnXKznmZGyW5yJ,0.000696,0.047988,0.010225
625200,a5X4fE5zpQbXHp+oiI8u3D+LaVAygcxp6CZTAuhJUoCz9H1Y2xQnXKznmZGyW5yJ,0.000305,0.049076999999999996,0.009247
625500,a5X4fE5zpQbXHp+oiI8u3D+LaVAygcxp6CZTAuhJUoCz9H1Y2xQnXKznmZGyW5yJ,0.000684,0.059352999999999996,0.010447
625800,a5X4fE5zpQbXHp+oiI8u3D+LaVAygcxp6CZTAuhJUoCz9H1Y2xQnXKznmZGyW5yJ,0.00042300000000000004,0.057096,0.009170000000000001
626100,a5X4fE5zpQbXHp+oiI8u3D+LaVAygcxp6CZTAuhJUoCz9H1Y2xQnXKznmZGyW5yJ,0.000726,0.060254999999999996,0.010553
626400,a5X4fE5zpQbXHp+oiI8u3D+LaVAygcxp6CZTAuhJUoCz9H1Y2xQnXKznmZGyW5yJ,0.000482,0.051348000000000005,0.009340000000000001
626700,a5X4fE5zpQbXHp+oiI8u3D+LaVAygcxp6CZTAuhJUoCz9H1Y2xQnXKznmZGyW5yJ,0.000654,0.057248,0.010485
627000,a5X4fE5zpQbXHp+oiI8u3D+LaVAygcxp6CZTAuhJUoCz9H1Y2xQnXKznmZGyW5yJ,0.000659,0.050593,0.00938
627300,a5X4fE5zpQbXHp+oiI8u3D+LaVAygcxp6CZTAuhJUoCz9H1Y2xQnXKznmZGyW5yJ,0.000502,0.048167,0.009665
627600,a5X4fE5zpQbXHp+oiI8u3D+LaVAygcxp6CZTAuhJUoCz9H1Y2xQnXKznmZGyW5yJ,0.000686,0.062738,0.009757
627900,a5X4fE5zpQbXHp+oiI8u3D+LaVAygcxp6CZTAuhJUoCz9H1Y2xQnXKznmZGyW5yJ,0.000443,0.056839,0.011146
628200,a5X4fE5zpQbXHp+oiI8u3D+LaVAygcxp6CZTAuhJUoCz9H1Y2xQnXKznmZGyW5yJ,0.000675,0.058176,0.009712
628500,a5X4fE5zpQbXHp+oiI8u3D+LaVAygcxp6CZTAuhJUoCz9H1Y2xQnXKznmZGyW5yJ,0.000364,0.055153,0.009904000000000001
628800,a5X4fE5zpQbXHp+oiI8u3D+LaVAygcxp6CZTAuhJUoCz9H1Y2xQnXKznmZGyW5yJ,0.000807,0.065458,0.009786
629100,a5X4fE5zpQbXHp+oiI8u3D+LaVAygcxp6CZTAuhJUoCz9H1Y2xQnXKznmZGyW5yJ,0.000394,0.046671,0.009958
629400,a5X4fE5zpQbXHp+oiI8u3D+LaVAygcxp6CZTAuhJUoCz9H1Y2xQnXKznmZGyW5yJ,0.000714,0.054904999999999995,0.009751000000000001
629700,a5X4fE5zpQbXHp+oiI8u3D+LaVAygcxp6CZTAuhJUoCz9H1Y2xQnXKznmZGyW5yJ,0.000354,0.056495000000000004,0.008987
630000,a5X4fE5zpQbXHp+oiI8u3D+LaVAygcxp6CZTAuhJUoCz9H1Y2xQnXKznmZGyW5yJ,0.000325,0.058115,0.009365
630300,a5X4fE5zpQbXHp+oiI8u3D+LaVAygcxp6CZTAuhJUoCz9H1Y2xQnXKznmZGyW5yJ,0.000709,0.046297000000000005,0.010502
630600,a5X4fE5zpQbXHp+oiI8u3D+LaVAygcxp6CZTAuhJUoCz9H1Y2xQnXKznmZGyW5yJ,0.000414,0.050543,0.009029
630900,a5X4fE5zpQbXHp+oiI8u3D+LaVAygcxp6CZTAuhJUoCz9H1Y2xQnXKznmZGyW5yJ,0.000687,0.069743,0.010346
631200,a5X4fE5zpQbXHp+oiI8u3D+LaVAygcxp6CZTAuhJUoCz9H1Y2xQnXKznmZGyW5yJ,0.0005610000000000001,0.05936,0.009336
631500,a5X4fE5zpQbXHp+oiI8u3D+LaVAygcxp6CZTAuhJUoCz9H1Y2xQnXKznmZGyW5yJ,0.000749,0.058865,0.011411
631800,a5X4fE5zpQbXHp+oiI8u3D+LaVAygcxp6CZTAuhJUoCz9H1Y2xQnXKznmZGyW5yJ,0.000532,0.060899,0.008931
632100,a5X4fE5zpQbXHp+oiI8u3D+LaVAygcxp6CZTAuhJUoCz9H1Y2xQnXKznmZGyW5yJ,0.000745,0.052115999999999996,0.010469
632400,a5X4fE5zpQbXHp+oiI8u3D+LaVAygcxp6CZTAuhJUoCz9H1Y2xQnXKznmZGyW5yJ,0.00037400000000000004,0.049323,0.009237
632700,a5X4fE5zpQbXHp+oiI8u3D+LaVAygcxp6CZTAuhJUoCz9H1Y2xQnXKznmZGyW5yJ,0.00037400000000000004,0.8259629999999999,0.014929
633000,a5X4fE5zpQbXHp+oiI8u3D+LaVAygcxp6CZTAuhJUoCz9H1Y2xQnXKznmZGyW5yJ,0.000713,0.058854,0.009834
633300,a5X4fE5zpQbXHp+oiI8u3D+LaVAygcxp6CZTAuhJUoCz9H1Y2xQnXKznmZGyW5yJ,0.000394,0.05899,0.010226
633600,a5X4fE5zpQbXHp+oiI8u3D+LaVAygcxp6CZTAuhJUoCz9H1Y2xQnXKznmZGyW5yJ,0.0007070000000000001,0.065344,0.009488
633900,a5X4fE5zpQbXHp+oiI8u3D+LaVAygcxp6CZTAuhJUoCz9H1Y2xQnXKznmZGyW5yJ,0.000433,0.644609,0.019043
634200,a5X4fE5zpQbXHp+oiI8u3D+LaVAygcxp6CZTAuhJUoCz9H1Y2xQnXKznmZGyW5yJ,0.000699,0.054258,0.009783
634500,a5X4fE5zpQbXHp+oiI8u3D+LaVAygcxp6CZTAuhJUoCz9H1Y2xQnXKznmZGyW5yJ,0.000414,0.073489,0.010279
634800,a5X4fE5zpQbXHp+oiI8u3D+LaVAygcxp6CZTAuhJUoCz9H1Y2xQnXKznmZGyW5yJ,0.000698,0.047577999999999995,0.009791
635100,a5X4fE5zpQbXHp+oiI8u3D+LaVAygcxp6CZTAuhJUoCz9H1Y2xQnXKznmZGyW5yJ,0.000472,0.070615,0.010206999999999999
635400,a5X4fE5zpQbXHp+oiI8u3D+LaVAygcxp6CZTAuhJUoCz9H1Y2xQnXKznmZGyW5yJ,0.000611,0.070022,0.009337999999999999
635700,a5X4fE5zpQbXHp+oiI8u3D+LaVAygcxp6CZTAuhJUoCz9H1Y2xQnXKznmZGyW5yJ,0.000731,0.051616999999999996,0.010523999999999999
636000,a5X4fE5zpQbXHp+oiI8u3D+LaVAygcxp6CZTAuhJUoCz9H1Y2xQnXKznmZGyW5yJ,0.0005610000000000001,0.059562000000000004,0.009370999999999999
636300,a5X4fE5zpQbXHp+oiI8u3D+LaVAygcxp6CZTAuhJUoCz9H1Y2xQnXKznmZGyW5yJ,0.0006900000000000001,0.052299,0.010505
636600,a5X4fE5zpQbXHp+oiI8u3D+LaVAygcxp6CZTAuhJUoCz9H1Y2xQnXKznmZGyW5yJ,0.000325,0.066996,0.009304
636900,a5X4fE5zpQbXHp+oiI8u3D+LaVAygcxp6CZTAuhJUoCz9H1Y2xQnXKznmZGyW5yJ,0.0007070000000000001,0.056867999999999995,0.010447
637200,a5X4fE5zpQbXHp+oiI8u3D+LaVAygcxp6CZTAuhJUoCz9H1Y2xQnXKznmZGyW5yJ,0.000295,0.07644400000000001,0.009379
637500,a5X4fE5zpQbXHp+oiI8u3D+LaVAygcxp6CZTAuhJUoCz9H1Y2xQnXKznmZGyW5yJ,0.000759,0.069428,0.010451
637800,a5X4fE5zpQbXHp+oiI8u3D+LaVAygcxp6CZTAuhJUoCz9H1Y2xQnXKznmZGyW5yJ,0.000305,0.055286,0.009183
638100,a5X4fE5zpQbXHp+oiI8u3D+LaVAygcxp6CZTAuhJUoCz9H1Y2xQnXKznmZGyW5yJ,0.000453,0.050131,0.010154999999999999
638400,a5X4fE5zpQbXHp+oiI8u3D+LaVAygcxp6CZTAuhJUoCz9H1Y2xQnXKznmZGyW5yJ,0.000735,0.058508000000000004,0.00988
638700,a5X4fE5zpQbXHp+oiI8u3D+LaVAygcxp6CZTAuhJUoCz9H1Y2xQnXKznmZGyW5yJ,0.000424,0.057097,0.010740999999999999
639000,a5X4fE5zpQbXHp+oiI8u3D+LaVAygcxp6CZTAuhJUoCz9H1Y2xQnXKznmZGyW5yJ,0.000672,0.045356,0.009812999999999999
639300,a5X4fE5zpQbXHp+oiI8u3D+LaVAygcxp6CZTAuhJUoCz9H1Y2xQnXKznmZGyW5yJ,0.000678,0.050676,0.010486
639600,a5X4fE5zpQbXHp+oiI8u3D+LaVAygcxp6CZTAuhJUoCz9H1Y2xQnXKznmZGyW5yJ,0.000687,0.047348,0.009769
639900,a5X4fE5zpQbXHp+oiI8u3D+LaVAygcxp6CZTAuhJUoCz9H1Y2xQnXKznmZGyW5yJ,0.000767,1.2630059999999999,0.020122
640200,a5X4fE5zpQbXHp+oiI8u3D+LaVAygcxp6CZTAuhJUoCz9H1Y2xQnXKznmZGyW5yJ,0.0008029999999999999,0.06675299999999999,0.009978
640500,a5X4fE5zpQbXHp+oiI8u3D+LaVAygcxp6CZTAuhJUoCz9H1Y2xQnXKznmZGyW5yJ,0.000731,0.073699,0.009724
640800,a5X4fE5zpQbXHp+oiI8u3D+LaVAygcxp6CZTAuhJUoCz9H1Y2xQnXKznmZGyW5yJ,0.000667,0.076346,0.009951999999999999
641100,a5X4fE5zpQbXHp+oiI8u3D+LaVAygcxp6CZTAuhJUoCz9H1Y2xQnXKznmZGyW5yJ,0.000698,0.052891999999999995,0.010462
641400,a5X4fE5zpQbXHp+oiI8u3D+LaVAygcxp6CZTAuhJUoCz9H1Y2xQnXKznmZGyW5yJ,0.000696,0.120175,0.012504000000000001
641700,a5X4fE5zpQbXHp+oiI8u3D+LaVAygcxp6CZTAuhJUoCz9H1Y2xQnXKznmZGyW5yJ,0.0007030000000000001,0.06446,0.010523000000000001
642000,a5X4fE5zpQbXHp+oiI8u3D+LaVAygcxp6CZTAuhJUoCz9H1Y2xQnXKznmZGyW5yJ,0.000701,0.072399,0.010022
642300,a5X4fE5zpQbXHp+oiI8u3D+LaVAygcxp6CZTAuhJUoCz9H1Y2xQnXKznmZGyW5yJ,0.00067,0.099232,0.011382
642600,a5X4fE5zpQbXHp+oiI8u3D+LaVAygcxp6CZTAuhJUoCz9H1Y2xQnXKznmZGyW5yJ,0.000651,0.07883899999999999,0.010052
642900,a5X4fE5zpQbXHp+oiI8u3D+LaVAygcxp6CZTAuhJUoCz9H1Y2xQnXKznmZGyW5yJ,0.00067,0.050696,0.010495
643200,a5X4fE5zpQbXHp+oiI8u3D+LaVAygcxp6CZTAuhJUoCz9H1Y2xQnXKznmZGyW5yJ,0.000722,0.08201699999999999,0.010091
643500,a5X4fE5zpQbXHp+oiI8u3D+LaVAygcxp6CZTAuhJUoCz9H1Y2xQnXKznmZGyW5yJ,0.000664,0.079542,0.010752
643800,a5X4fE5zpQbXHp+oiI8u3D+LaVAygcxp6CZTAuhJUoCz9H1Y2xQnXKznmZGyW5yJ,0.000679,0.06500399999999999,0.011048
644100,a5X4fE5zpQbXHp+oiI8u3D+LaVAygcxp6CZTAuhJUoCz9H1Y2xQnXKznmZGyW5yJ,0.000657,0.11974800000000001,0.01466
644400,a5X4fE5zpQbXHp+oiI8u3D+LaVAygcxp6CZTAuhJUoCz9H1Y2xQnXKznmZGyW5yJ,0.0007030000000000001,0.061327,0.011479999999999999
644700,a5X4fE5zpQbXHp+oiI8u3D+LaVAygcxp6CZTAuhJUoCz9H1Y2xQnXKznmZGyW5yJ,0.000571,0.083303,0.011432
645000,a5X4fE5zpQbXHp+oiI8u3D+LaVAygcxp6CZTAuhJUoCz9H1Y2xQnXKznmZGyW5yJ,0.000637,0.064591,0.009889
645300,a5X4fE5zpQbXHp+oiI8u3D+LaVAygcxp6CZTAuhJUoCz9H1Y2xQnXKznmZGyW5yJ,0.000433,0.073571,0.010993000000000001
645600,a5X4fE5zpQbXHp+oiI8u3D+LaVAygcxp6CZTAuhJUoCz9H1Y2xQnXKznmZGyW5yJ,0.000664,0.068866,0.009878
645900,a5X4fE5zpQbXHp+oiI8u3D+LaVAygcxp6CZTAuhJUoCz9H1Y2xQnXKznmZGyW5yJ,0.000591,0.08856699999999999,0.010865000000000001
646200,a5X4fE5zpQbXHp+oiI8u3D+LaVAygcxp6CZTAuhJUoCz9H1Y2xQnXKznmZGyW5yJ,0.000677,0.079224,0.010045
646500,a5X4fE5zpQbXHp+oiI8u3D+LaVAygcxp6CZTAuhJUoCz9H1Y2xQnXKznmZGyW5yJ,0.000709,0.07550499999999999,0.010482
646800,a5X4fE5zpQbXHp+oiI8u3D+LaVAygcxp6CZTAuhJUoCz9H1Y2xQnXKznmZGyW5yJ,0.000443,0.088094,0.009940000000000001
647100,a5X4fE5zpQbXHp+oiI8u3D+LaVAygcxp6CZTAuhJUoCz9H1Y2xQnXKznmZGyW5yJ,0.0006889999999999999,0.059614999999999994,0.010582
647400,a5X4fE5zpQbXHp+oiI8u3D+LaVAygcxp6CZTAuhJUoCz9H1Y2xQnXKznmZGyW5yJ,0.00065,0.059837,0.009776
647700,a5X4fE5zpQbXHp+oiI8u3D+LaVAygcxp6CZTAuhJUoCz9H1Y2xQnXKznmZGyW5yJ,0.0007559999999999999,0.061942,0.01055
648000,a5X4fE5zpQbXHp+oiI8u3D+LaVAygcxp6CZTAuhJUoCz9H1Y2xQnXKznmZGyW5yJ,0.000453,0.064259,0.009363
648300,a5X4fE5zpQbXHp+oiI8u3D+LaVAygcxp6CZTAuhJUoCz9H1Y2xQnXKznmZGyW5yJ,0.000663,0.06340900000000001,0.010595
648600,a5X4fE5zpQbXHp+oiI8u3D+LaVAygcxp6CZTAuhJUoCz9H1Y2xQnXKznmZGyW5yJ,0.00047300000000000006,0.048429,0.009434
648900,a5X4fE5zpQbXHp+oiI8u3D+LaVAygcxp6CZTAuhJUoCz9H1Y2xQnXKznmZGyW5yJ,0.000433,0.058374,0.009879
649200,a5X4fE5zpQbXHp+oiI8u3D+LaVAygcxp6CZTAuhJUoCz9H1Y2xQnXKznmZGyW5yJ,0.000666,0.06636900000000001,0.009798999999999999
649500,a5X4fE5zpQbXHp+oiI8u3D+LaVAygcxp6CZTAuhJUoCz9H1Y2xQnXKznmZGyW5yJ,0.000443,0.057678,0.010957
649800,a5X4fE5zpQbXHp+oiI8u3D+LaVAygcxp6CZTAuhJUoCz9H1Y2xQnXKznmZGyW5yJ,0.000699,0.058628999999999994,0.009866
650100,a5X4fE5zpQbXHp+oiI8u3D+LaVAygcxp6CZTAuhJUoCz9H1Y2xQnXKznmZGyW5yJ,0.000672,0.051696000000000006,0.009742
650400,a5X4fE5zpQbXHp+oiI8u3D+LaVAygcxp6CZTAuhJUoCz9H1Y2xQnXKznmZGyW5yJ,0.0006889999999999999,0.054589,0.010026
650700,a5X4fE5zpQbXHp+oiI8u3D+LaVAygcxp6CZTAuhJUoCz9H1Y2xQnXKznmZGyW5yJ,0.00066,0.055813999999999996,0.010620000000000001
651000,a5X4fE5zpQbXHp+oiI8u3D+LaVAygcxp6CZTAuhJUoCz9H1Y2xQnXKznmZGyW5yJ,0.000663,0.050339999999999996,0.010066
651300,a5X4fE5zpQbXHp+oiI8u3D+LaVAygcxp6CZTAuhJUoCz9H1Y2xQnXKznmZGyW5yJ,0.0005809999999999999,0.068664,0.010294
651600,a5X4fE5zpQbXHp+oiI8u3D+LaVAygcxp6CZTAuhJUoCz9H1Y2xQnXKznmZGyW5yJ,0.00034500000000000004,0.049841,0.009873
651900,a5X4fE5zpQbXHp+oiI8u3D+LaVAygcxp6CZTAuhJUoCz9H1Y2xQnXKznmZGyW5yJ,0.000691,0.054683,0.010842000000000001
652200,a5X4fE5zpQbXHp+oiI8u3D+LaVAygcxp6CZTAuhJUoCz9H1Y2xQnXKznmZGyW5yJ,0.00067,0.575625,0.01457
652500,a5X4fE5zpQbXHp+oiI8u3D+LaVAygcxp6CZTAuhJUoCz9H1Y2xQnXKznmZGyW5yJ,0.000668,0.045557,0.010851999999999999
652800,a5X4fE5zpQbXHp+oiI8u3D+LaVAygcxp6CZTAuhJUoCz9H1Y2xQnXKznmZGyW5yJ,0.000482,0.053988,0.010048
653100,a5X4fE5zpQbXHp+oiI8u3D+LaVAygcxp6CZTAuhJUoCz9H1Y2xQnXKznmZGyW5yJ,0.000718,0.067922,0.011664
653400,a5X4fE5zpQbXHp+oiI8u3D+LaVAygcxp6CZTAuhJUoCz9H1Y2xQnXKznmZGyW5yJ,0.000654,1.221063,0.019367
653700,a5X4fE5zpQbXHp+oiI8u3D+LaVAygcxp6CZTAuhJUoCz9H1Y2xQnXKznmZGyW5yJ,0.000666,0.049876,0.010820999999999999
654000,a5X4fE5zpQbXHp+oiI8u3D+LaVAygcxp6CZTAuhJUoCz9H1Y2xQnXKznmZGyW5yJ,0.000723,0.06241699999999999,0.010203
654300,a5X4fE5zpQbXHp+oiI8u3D+LaVAygcxp6CZTAuhJUoCz9H1Y2xQnXKznmZGyW5yJ,0.0006799999999999999,0.054684,0.010397
654600,a5X4fE5zpQbXHp+oiI8u3D+LaVAygcxp6CZTAuhJUoCz9H1Y2xQnXKznmZGyW5yJ,0.000724,0.059440999999999994,0.010117000000000001
654900,a5X4fE5zpQbXHp+oiI8u3D+LaVAygcxp6CZTAuhJUoCz9H1Y2xQnXKznmZGyW5yJ,0.000433,0.060937,0.010287000000000001
655200,a5X4fE5zpQbXHp+oiI8u3D+LaVAygcxp6CZTAuhJUoCz9H1Y2xQnXKznmZGyW5yJ,0.0006889999999999999,0.079301,0.009995
655500,a5X4fE5zpQbXHp+oiI8u3D+LaVAygcxp6CZTAuhJUoCz9H1Y2xQnXKznmZGyW5yJ,0.000384,0.06405599999999999,0.010087
655800,a5X4fE5zpQbXHp+oiI8u3D+LaVAygcxp6CZTAuhJUoCz9H1Y2xQnXKznmZGyW5yJ,0.000674,0.05264,0.010136
656100,a5X4fE5zpQbXHp+oiI8u3D+LaVAygcxp6CZTAuhJUoCz9H1Y2xQnXKznmZGyW5yJ,0.00037400000000000004,0.184472,0.012347
656400,a5X4fE5zpQbXHp+oiI8u3D+LaVAygcxp6CZTAuhJUoCz9H1Y2xQnXKznmZGyW5yJ,0.000662,0.060196000000000006,0.009895000000000001
656700,a5X4fE5zpQbXHp+oiI8u3D+LaVAygcxp6CZTAuhJUoCz9H1Y2xQnXKznmZGyW5yJ,0.000413,0.07861,0.011298
657000,a5X4fE5zpQbXHp+oiI8u3D+LaVAygcxp6CZTAuhJUoCz9H1Y2xQnXKznmZGyW5yJ,0.000394,0.064475,0.009696
657300,a5X4fE5zpQbXHp+oiI8u3D+LaVAygcxp6CZTAuhJUoCz9H1Y2xQnXKznmZGyW5yJ,0.000722,0.053739,0.010719
657600,a5X4fE5zpQbXHp+oiI8u3D+LaVAygcxp6CZTAuhJUoCz9H1Y2xQnXKznmZGyW5yJ,0.0005809999999999999,0.681722,0.019048
657900,a5X4fE5zpQbXHp+oiI8u3D+LaVAygcxp6CZTAuhJUoCz9H1Y2xQnXKznmZGyW5yJ,0.000676,0.057192999999999994,0.010641
658200,a5X4fE5zpQbXHp+oiI8u3D+LaVAygcxp6CZTAuhJUoCz9H1Y2xQnXKznmZGyW5yJ,0.00061,0.065572,0.009547
658500,a5X4fE5zpQbXHp+oiI8u3D+LaVAygcxp6CZTAuhJUoCz9H1Y2xQnXKznmZGyW5yJ,0.00072,0.054537,0.010681
658800,a5X4fE5zpQbXHp+oiI8u3D+LaVAygcxp6CZTAuhJUoCz9H1Y2xQnXKznmZGyW5yJ,0.000394,0.05268099999999999,0.00948
659100,a5X4fE5zpQbXHp+oiI8u3D+LaVAygcxp6CZTAuhJUoCz9H1Y2xQnXKznmZGyW5yJ,0.000711,0.068497,0.010555
659400,a5X4fE5zpQbXHp+oiI8u3D+LaVAygcxp6CZTAuhJUoCz9H1Y2xQnXKznmZGyW5yJ,0.000354,0.052953999999999994,0.009623
659700,a5X4fE5zpQbXHp+oiI8u3D+LaVAygcxp6CZTAuhJUoCz9H1Y2xQnXKznmZGyW5yJ,0.000335,0.067647,0.010248
660000,a5X4fE5zpQbXHp+oiI8u3D+LaVAygcxp6CZTAuhJUoCz9H1Y2xQnXKznmZGyW5yJ,0.000697,0.048705,0.010186
660300,a5X4fE5zpQbXHp+oiI8u3D+LaVAygcxp6CZTAuhJUoCz9H1Y2xQnXKznmZGyW5yJ,0.000335,0.101575,0.011318
660600,a5X4fE5zpQbXHp+oiI8u3D+LaVAygcxp6CZTAuhJUoCz9H1Y2xQnXKznmZGyW5yJ,0.000686,0.07158300000000001,0.009989
660900,a5X4fE5zpQbXHp+oiI8u3D+LaVAygcxp6CZTAuhJUoCz9H1Y2xQnXKznmZGyW5yJ,0.000522,0.070127,0.010819
661200,a5X4fE5zpQbXHp+oiI8u3D+LaVAygcxp6CZTAuhJUoCz9H1Y2xQnXKznmZGyW5yJ,0.000668,0.068027,0.009986
661500,a5X4fE5zpQbXHp+oiI8u3D+LaVAygcxp6CZTAuhJUoCz9H1Y2xQnXKznmZGyW5yJ,0.000522,0.049975,0.010281
661800,a5X4fE5zpQbXHp+oiI8u3D+LaVAygcxp6CZTAuhJUoCz9H1Y2xQnXKznmZGyW5yJ,0.000657,0.047588,0.010106
662100,a5X4fE5zpQbXHp+oiI8u3D+LaVAygcxp6CZTAuhJUoCz9H1Y2xQnXKznmZGyW5yJ,0.00067,0.060615999999999996,0.010395999999999999
662400,a5X4fE5zpQbXHp+oiI8u3D+LaVAygcxp6CZTAuhJUoCz9H1Y2xQnXKznmZGyW5yJ,0.000701,0.068729,0.009781999999999999
662700,a5X4fE5zpQbXHp+oiI8u3D+LaVAygcxp6CZTAuhJUoCz9H1Y2xQnXKznmZGyW5yJ,0.0006519999999999999,0.07736799999999999,0.011511
663000,a5X4fE5zpQbXHp+oiI8u3D+LaVAygcxp6CZTAuhJUoCz9H1Y2xQnXKznmZGyW5yJ,0.00037400000000000004,0.046585,0.009642
663300,a5X4fE5zpQbXHp+oiI8u3D+LaVAygcxp6CZTAuhJUoCz9H1Y2xQnXKznmZGyW5yJ,0.0006900000000000001,0.060122,0.010801999999999999
663600,a5X4fE5zpQbXHp+oiI8u3D+LaVAygcxp6CZTAuhJUoCz9H1Y2xQnXKznmZGyW5yJ,0.000315,0.067776,0.009094
663900,a5X4fE5zpQbXHp+oiI8u3D+LaVAygcxp6CZTAuhJUoCz9H1Y2xQnXKznmZGyW5yJ,0.00066,0.105076,0.011895999999999999
664200,a5X4fE5zpQbXHp+oiI8u3D+LaVAygcxp6CZTAuhJUoCz9H1Y2xQnXKznmZGyW5yJ,0.000394,0.070747,0.009687999999999999
664500,a5X4fE5zpQbXHp+oiI8u3D+LaVAygcxp6CZTAuhJUoCz9H1Y2xQnXKznmZGyW5yJ,0.00066,0.06665900000000001,0.010672
664800,a5X4fE5zpQbXHp+oiI8u3D+LaVAygcxp6CZTAuhJUoCz9H1Y2xQnXKznmZGyW5yJ,0.000463,0.051484,0.009252
665100,a5X4fE5zpQbXHp+oiI8u3D+LaVAygcxp6CZTAuhJUoCz9H1Y2xQnXKznmZGyW5yJ,0.000591,0.07228899999999999,0.01014
665400,a5X4fE5zpQbXHp+oiI8u3D+LaVAygcxp6CZTAuhJUoCz9H1Y2xQnXKznmZGyW5yJ,0.0006730000000000001,0.056682,0.01006
665700,a5X4fE5zpQbXHp+oiI8u3D+LaVAygcxp6CZTAuhJUoCz9H1Y2xQnXKznmZGyW5yJ,0.000571,0.05991799999999999,0.009998
666000,a5X4fE5zpQbXHp+oiI8u3D+LaVAygcxp6CZTAuhJUoCz9H1Y2xQnXKznmZGyW5yJ,0.000657,0.057844000000000007,0.01006
666300,a5X4fE5zpQbXHp+oiI8u3D+LaVAygcxp6CZTAuhJUoCz9H1Y2xQnXKznmZGyW5yJ,0.000571,0.049858,0.010209999999999999
666600,a5X4fE5zpQbXHp+oiI8u3D+LaVAygcxp6CZTAuhJUoCz9H1Y2xQnXKznmZGyW5yJ,0.000697,0.056311,0.009928
666900,a5X4fE5zpQbXHp+oiI8u3D+LaVAygcxp6CZTAuhJUoCz9H1Y2xQnXKznmZGyW5yJ,0.000463,0.054783000000000005,0.009794
667200,a5X4fE5zpQbXHp+oiI8u3D+LaVAygcxp6CZTAuhJUoCz9H1Y2xQnXKznmZGyW5yJ,0.000675,0.06285700000000001,0.009963
667500,a5X4fE5zpQbXHp+oiI8u3D+LaVAygcxp6CZTAuhJUoCz9H1Y2xQnXKznmZGyW5yJ,0.000305,0.097963,0.011661
667800,a5X4fE5zpQbXHp+oiI8u3D+LaVAygcxp6CZTAuhJUoCz9H1Y2xQnXKznmZGyW5yJ,0.000414,0.077611,0.009321
668100,a5X4fE5zpQbXHp+oiI8u3D+LaVAygcxp6CZTAuhJUoCz9H1Y2xQnXKznmZGyW5yJ,0.000646,0.339953,0.014706
668400,a5X4fE5zpQbXHp+oiI8u3D+LaVAygcxp6CZTAuhJUoCz9H1Y2xQnXKznmZGyW5yJ,0.000305,0.051444000000000004,0.009276000000000001
668700,a5X4fE5zpQbXHp+oiI8u3D+LaVAygcxp6CZTAuhJUoCz9H1Y2xQnXKznmZGyW5yJ,0.000663,0.06127899999999999,0.010699
669000,a5X4fE5zpQbXHp+oiI8u3D+LaVAygcxp6CZTAuhJUoCz9H1Y2xQnXKznmZGyW5yJ,0.000404,0.6563260000000001,0.018680000000000002
669300,a5X4fE5zpQbXHp+oiI8u3D+LaVAygcxp6CZTAuhJUoCz9H1Y2xQnXKznmZGyW5yJ,0.000653,0.058556,0.010669
669600,a5X4fE5zpQbXHp+oiI8u3D+LaVAygcxp6CZTAuhJUoCz9H1Y2xQnXKznmZGyW5yJ,0.000433,0.057784,0.009392
669900,a5X4fE5zpQbXHp+oiI8u3D+LaVAygcxp6CZTAuhJUoCz9H1Y2xQnXKznmZGyW5yJ,0.000657,0.059115999999999995,0.010568000000000001
670200,a5X4fE5zpQbXHp+oiI8u3D+LaVAygcxp6CZTAuhJUoCz9H1Y2xQnXKznmZGyW5yJ,0.000453,0.060254999999999996,0.009483
670500,a5X4fE5zpQbXHp+oiI8u3D+LaVAygcxp6CZTAuhJUoCz9H1Y2xQnXKznmZGyW5yJ,0.000512,0.074795,0.010143000000000001
670800,a5X4fE5zpQbXHp+oiI8u3D+LaVAygcxp6CZTAuhJUoCz9H1Y2xQnXKznmZGyW5yJ,0.000674,0.052172,0.009931
671100,a5X4fE5zpQbXHp+oiI8u3D+LaVAygcxp6CZTAuhJUoCz9H1Y2xQnXKznmZGyW5yJ,0.0005610000000000001,0.07238,0.011262000000000001
671400,a5X4fE5zpQbXHp+oiI8u3D+LaVAygcxp6CZTAuhJUoCz9H1Y2xQnXKznmZGyW5yJ,0.000724,0.057668,0.009894
671700,a5X4fE5zpQbXHp+oiI8u3D+LaVAygcxp6CZTAuhJUoCz9H1Y2xQnXKznmZGyW5yJ,0.000335,0.057565,0.010093000000000001
672000,a5X4fE5zpQbXHp+oiI8u3D+LaVAygcxp6CZTAuhJUoCz9H1Y2xQnXKznmZGyW5yJ,0.000686,0.053399,0.010083
672300,a5X4fE5zpQbXHp+oiI8u3D+LaVAygcxp6CZTAuhJUoCz9H1Y2xQnXKznmZGyW5yJ,0.000295,0.055020000000000006,0.009916
672600,a5X4fE5zpQbXHp+oiI8u3D+LaVAygcxp6CZTAuhJUoCz9H1Y2xQnXKznmZGyW5yJ,0.000663,0.05268,0.009877
672900,a5X4fE5zpQbXHp+oiI8u3D+LaVAygcxp6CZTAuhJUoCz9H1Y2xQnXKznmZGyW5yJ,0.00042300000000000004,0.065575,0.010262
673200,a5X4fE5zpQbXHp+oiI8u3D+LaVAygcxp6CZTAuhJUoCz9H1Y2xQnXKznmZGyW5yJ,0.000463,0.057575,0.009616
673500,a5X4fE5zpQbXHp+oiI8u3D+LaVAygcxp6CZTAuhJUoCz9H1Y2xQnXKznmZGyW5yJ,0.000679,0.065211,0.010681999999999999
673800,a5X4fE5zpQbXHp+oiI8u3D+LaVAygcxp6CZTAuhJUoCz9H1Y2xQnXKznmZGyW5yJ,0.0006929999999999999,0.045567,0.009321
674100,a5X4fE5zpQbXHp+oiI8u3D+LaVAygcxp6CZTAuhJUoCz9H1Y2xQnXKznmZGyW5yJ,0.000687,0.05379400000000001,0.010487
674400,a5X4fE5zpQbXHp+oiI8u3D+LaVAygcxp6CZTAuhJUoCz9H1Y2xQnXKznmZGyW5yJ,0.0006900000000000001,0.047031,0.010011
674700,a5X4fE5zpQbXHp+oiI8u3D+LaVAygcxp6CZTAuhJUoCz9H1Y2xQnXKznmZGyW5yJ,0.000676,0.06778200000000001,0.011507
675000,a5X4fE5zpQbXHp+oiI8u3D+LaVAygcxp6CZTAuhJUoCz9H1Y2xQnXKznmZGyW5yJ,0.00067,0.060902,0.009068000000000001
675300,a5X4fE5zpQbXHp+oiI8u3D+LaVAygcxp6CZTAuhJUoCz9H1Y2xQnXKznmZGyW5yJ,0.000695,0.064177,0.010584
675600,a5X4fE5zpQbXHp+oiI8u3D+LaVAygcxp6CZTAuhJUoCz9H1Y2xQnXKznmZGyW5yJ,0.0006730000000000001,0.05581799999999999,0.009459
675900,a5X4fE5zpQbXHp+oiI8u3D+LaVAygcxp6CZTAuhJUoCz9H1Y2xQnXKznmZGyW5yJ,0.000671,0.07446900000000001,0.009816
676200,a5X4fE5zpQbXHp+oiI8u3D+LaVAygcxp6CZTAuhJUoCz9H1Y2xQnXKznmZGyW5yJ,0.0006929999999999999,0.057678,0.009875
676500,a5X4fE5zpQbXHp+oiI8u3D+LaVAygcxp6CZTAuhJUoCz9H1Y2xQnXKznmZGyW5yJ,0.000683,0.045501,0.009826999999999999
676800,a5X4fE5zpQbXHp+oiI8u3D+LaVAygcxp6CZTAuhJUoCz9H1Y2xQnXKznmZGyW5yJ,0.00067,0.049217000000000004,0.009991
677100,a5X4fE5zpQbXHp+oiI8u3D+LaVAygcxp6CZTAuhJUoCz9H1Y2xQnXKznmZGyW5yJ,0.000711,0.06579299999999999,0.010328
677400,a5X4fE5zpQbXHp+oiI8u3D+LaVAygcxp6CZTAuhJUoCz9H1Y2xQnXKznmZGyW5yJ,0.000664,0.054425,0.009836
677700,a5X4fE5zpQbXHp+oiI8u3D+LaVAygcxp6CZTAuhJUoCz9H1Y2xQnXKznmZGyW5yJ,0.000672,0.073733,0.010194
678000,a5X4fE5zpQbXHp+oiI8u3D+LaVAygcxp6CZTAuhJUoCz9H1Y2xQnXKznmZGyW5yJ,0.000651,0.058189,0.010052
678300,a5X4fE5zpQbXHp+oiI8u3D+LaVAygcxp6CZTAuhJUoCz9H1Y2xQnXKznmZGyW5yJ,0.000683,0.05653300000000001,0.011147
678600,a5X4fE5zpQbXHp+oiI8u3D+LaVAygcxp6CZTAuhJUoCz9H1Y2xQnXKznmZGyW5yJ,0.0005809999999999999,0.053837,0.00975
678900,a5X4fE5zpQbXHp+oiI8u3D+LaVAygcxp6CZTAuhJUoCz9H1Y2xQnXKznmZGyW5yJ,0.000696,0.064965,0.010702
679200,a5X4fE5zpQbXHp+oiI8u3D+LaVAygcxp6CZTAuhJUoCz9H1Y2xQnXKznmZGyW5yJ,0.000394,0.077574,0.009122
679500,a5X4fE5zpQbXHp+oiI8u3D+LaVAygcxp6CZTAuhJUoCz9H1Y2xQnXKznmZGyW5yJ,0.000684,0.069425,0.010664
679800,a5X4fE5zpQbXHp+oiI8u3D+LaVAygcxp6CZTAuhJUoCz9H1Y2xQnXKznmZGyW5yJ,0.000315,0.047407,0.009367
680100,a5X4fE5zpQbXHp+oiI8u3D+LaVAygcxp6CZTAuhJUoCz9H1Y2xQnXKznmZGyW5yJ,0.0007019999999999999,0.05327899999999999,0.010605
680400,a5X4fE5zpQbXHp+oiI8u3D+LaVAygcxp6CZTAuhJUoCz9H1Y2xQnXKznmZGyW5yJ,0.000354,1.210064,0.018526
680700,a5X4fE5zpQbXHp+oiI8u3D+LaVAygcxp6CZTAuhJUoCz9H1Y2xQnXKznmZGyW5yJ,0.000719,0.06284400000000001,0.010548
681000,a5X4fE5zpQbXHp+oiI8u3D+LaVAygcxp6CZTAuhJUoCz9H1Y2xQnXKznmZGyW5yJ,0.000335,0.046877999999999996,0.009008
681300,a5X4fE5zpQbXHp+oiI8u3D+LaVAygcxp6CZTAuhJUoCz9H1Y2xQnXKznmZGyW5yJ,0.00034500000000000004,0.048394,0.010118
681600,a5X4fE5zpQbXHp+oiI8u3D+LaVAygcxp6CZTAuhJUoCz9H1Y2xQnXKznmZGyW5yJ,0.000681,0.073041,0.009936
681900,a5X4fE5zpQbXHp+oiI8u3D+LaVAygcxp6CZTAuhJUoCz9H1Y2xQnXKznmZGyW5yJ,0.0005610000000000001,0.061987,0.010917
682200,a5X4fE5zpQbXHp+oiI8u3D+LaVAygcxp6CZTAuhJUoCz9H1Y2xQnXKznmZGyW5yJ,0.000696,0.06616699999999999,0.009845999999999999
682500,a5X4fE5zpQbXHp+oiI8u3D+LaVAygcxp6CZTAuhJUoCz9H1Y2xQnXKznmZGyW5yJ,0.00064,0.077348,0.009917
682800,a5X4fE5zpQbXHp+oiI8u3D+LaVAygcxp6CZTAuhJUoCz9H1Y2xQnXKznmZGyW5yJ,0.000681,0.055029999999999996,0.009948
683100,a5X4fE5zpQbXHp+oiI8u3D+LaVAygcxp6CZTAuhJUoCz9H1Y2xQnXKznmZGyW5yJ,0.0005610000000000001,0.05599,0.009974
683400,a5X4fE5zpQbXHp+oiI8u3D+LaVAygcxp6CZTAuhJUoCz9H1Y2xQnXKznmZGyW5yJ,0.000695,0.066497,0.00983
683700,a5X4fE5zpQbXHp+oiI8u3D+LaVAygcxp6CZTAuhJUoCz9H1Y2xQnXKznmZGyW5yJ,0.00034500000000000004,0.051884000000000007,0.010076
684000,a5X4fE5zpQbXHp+oiI8u3D+LaVAygcxp6CZTAuhJUoCz9H1Y2xQnXKznmZGyW5yJ,0.000335,0.046394,0.00979
684300,a5X4fE5zpQbXHp+oiI8u3D+LaVAygcxp6CZTAuhJUoCz9H1Y2xQnXKznmZGyW5yJ,0.000671,0.053607,0.010597
684600,a5X4fE5zpQbXHp+oiI8u3D+LaVAygcxp6CZTAuhJUoCz9H1Y2xQnXKznmZGyW5yJ,0.00034500000000000004,0.051257000000000004,0.009618999999999999
684900,a5X4fE5zpQbXHp+oiI8u3D+LaVAygcxp6CZTAuhJUoCz9H1Y2xQnXKznmZGyW5yJ,0.000678,0.051498,0.010495
685200,a5X4fE5zpQbXHp+oiI8u3D+LaVAygcxp6CZTAuhJUoCz9H1Y2xQnXKznmZGyW5yJ,0.000315,0.046022,0.009029
685500,a5X4fE5zpQbXHp+oiI8u3D+LaVAygcxp6CZTAuhJUoCz9H1Y2xQnXKznmZGyW5yJ,0.000692,0.068207,0.011497
685800,a5X4fE5zpQbXHp+oiI8u3D+LaVAygcxp6CZTAuhJUoCz9H1Y2xQnXKznmZGyW5yJ,0.000276,0.049196,0.0094
686100,a5X4fE5zpQbXHp+oiI8u3D+LaVAygcxp6CZTAuhJUoCz9H1Y2xQnXKznmZGyW5yJ,0.000688,0.065975,0.01045
686400,a5X4fE5zpQbXHp+oiI8u3D+LaVAygcxp6CZTAuhJUoCz9H1Y2xQnXKznmZGyW5yJ,0.0006889999999999999,0.060575,0.009013
686700,a5X4fE5zpQbXHp+oiI8u3D+LaVAygcxp6CZTAuhJUoCz9H1Y2xQnXKznmZGyW5yJ,0.000591,0.052813,0.009951999999999999
687000,a5X4fE5zpQbXHp+oiI8u3D+LaVAygcxp6CZTAuhJUoCz9H1Y2xQnXKznmZGyW5yJ,0.000664,0.055215,0.009828
687300,a5X4fE5zpQbXHp+oiI8u3D+LaVAygcxp6CZTAuhJUoCz9H1Y2xQnXKznmZGyW5yJ,0.000522,0.06755,0.009706999999999999
687600,a5X4fE5zpQbXHp+oiI8u3D+LaVAygcxp6CZTAuhJUoCz9H1Y2xQnXKznmZGyW5yJ,0.000699,0.048788,0.009914
687900,a5X4fE5zpQbXHp+oiI8u3D+LaVAygcxp6CZTAuhJUoCz9H1Y2xQnXKznmZGyW5yJ,0.000404,0.047187,0.010014
688200,a5X4fE5zpQbXHp+oiI8u3D+LaVAygcxp6CZTAuhJUoCz9H1Y2xQnXKznmZGyW5yJ,0.0006730000000000001,0.048714999999999994,0.009859
688500,a5X4fE5zpQbXHp+oiI8u3D+LaVAygcxp6CZTAuhJUoCz9H1Y2xQnXKznmZGyW5yJ,0.000335,0.052405999999999994,0.009642
688800,a5X4fE5zpQbXHp+oiI8u3D+LaVAygcxp6CZTAuhJUoCz9H1Y2xQnXKznmZGyW5yJ,0.000675,0.058986000000000004,0.009884
689100,a5X4fE5zpQbXHp+oiI8u3D+LaVAygcxp6CZTAuhJUoCz9H1Y2xQnXKznmZGyW5yJ,0.000354,0.06367,0.010881
689400,a5X4fE5zpQbXHp+oiI8u3D+LaVAygcxp6CZTAuhJUoCz9H1Y2xQnXKznmZGyW5yJ,0.000335,0.049621,0.009170999999999999
689700,a5X4fE5zpQbXHp+oiI8u3D+LaVAygcxp6CZTAuhJUoCz9H1Y2xQnXKznmZGyW5yJ,0.0006799999999999999,0.064997,0.010237000000000001
690000,a5X4fE5zpQbXHp+oiI8u3D+LaVAygcxp6CZTAuhJUoCz9H1Y2xQnXKznmZGyW5yJ,0.00037400000000000004,0.054284000000000006,0.009659000000000001
690300,a5X4fE5zpQbXHp+oiI8u3D+LaVAygcxp6CZTAuhJUoCz9H1Y2xQnXKznmZGyW5yJ,0.000691,0.045478,0.010431999999999999
690600,a5X4fE5zpQbXHp+oiI8u3D+LaVAygcxp6CZTAuhJUoCz9H1Y2xQnXKznmZGyW5yJ,0.000364,0.052095,0.009064000000000001
690900,a5X4fE5zpQbXHp+oiI8u3D+LaVAygcxp6CZTAuhJUoCz9H1Y2xQnXKznmZGyW5yJ,0.000714,0.07195800000000001,0.010454000000000001
