timestamp,vm_id,min_cpu,avg_cpu,max_cpu
0,a6Hh/InvElLjju5Yd4OthKiBokJP1uIuhQ/cYeFuiDsE6ka/+QUjU7dHeWkLWppG,0.207657,0.7061310000000001,0.42801999999999996
300,a6Hh/InvElLjju5Yd4OthKiBokJP1uIuhQ/cYeFuiDsE6ka/+QUjU7dHeWkLWppG,0.390908,0.641989,0.44931400000000005
600,a6Hh/InvElLjju5Yd4OthKiBokJP1uIuhQ/cYeFuiDsE6ka/+QUjU7dHeWkLWppG,0.265979,0.697975,0.441967
900,a6Hh/InvElLjju5Yd4OthKiBokJP1uIuhQ/cYeFuiDsE6ka/+QUjU7dHeWkLWppG,0.393989,0.8873840000000001,0.49078299999999997
1200,a6Hh/InvElLjju5Yd4OthKiBokJP1uIuhQ/cYeFuiDsE6ka/+QUjU7dHeWkLWppG,0.412105,0.686296,0.46486099999999997
1500,a6Hh/InvElLjju5Yd4OthKiBokJP1uIuhQ/cYeFuiDsE6ka/+QUjU7dHeWkLWppG,0.43730600000000003,3.348889,0.910544
1800,a6Hh/InvElLjju5Yd4OthKiBokJP1uIuhQ/cYeFuiDsE6ka/+QUjU7dHeWkLWppG,0.4055,0.733119,0.477113
2100,a6Hh/InvElLjju5Yd4OthKiBokJP1uIuhQ/cYeFuiDsE6ka/+QUjU7dHeWkLWppG,0.3963,1.2306059999999999,0.5370229999999999
2400,a6Hh/InvElLjju5Yd4OthKiBokJP1uIuhQ/cYeFuiDsE6ka/+QUjU7dHeWkLWppG,0.39263200000000004,0.686887,0.45408000000000004
2700,a6Hh/InvElLjju5Yd4OthKiBokJP1uIuhQ/cYeFuiDsE6ka/+QUjU7dHeWkLWppG,0.39016,0.636754,0.462104
3000,a6Hh/InvElLjju5Yd4OthKiBokJP1uIuhQ/cYeFuiDsE6ka/+QUjU7dHeWkLWppG,0.383391,0.626026,0.44200600000000007
3300,a6Hh/InvElLjju5Yd4OthKiBokJP1uIuhQ/cYeFuiDsE6ka/+QUjU7dHeWkLWppG,0.39171100000000003,1.7325419999999998,0.621798
3600,a6Hh/InvElLjju5Yd4OthKiBokJP1uIuhQ/cYeFuiDsE6ka/+QUjU7dHeWkLWppG,0.436381,0.710493,0.513717
3900,a6Hh/InvElLjju5Yd4OthKiBokJP1uIuhQ/cYeFuiDsE6ka/+QUjU7dHeWkLWppG,0.38624400000000003,0.665775,0.44180699999999995
4200,a6Hh/InvElLjju5Yd4OthKiBokJP1uIuhQ/cYeFuiDsE6ka/+QUjU7dHeWkLWppG,0.385418,0.9824780000000001,0.49587299999999995
4500,a6Hh/InvElLjju5Yd4OthKiBokJP1uIuhQ/cYeFuiDsE6ka/+QUjU7dHeWkLWppG,0.376685,0.6224109999999999,0.436407
4800,a6Hh/InvElLjju5Yd4OthKiBokJP1uIuhQ/cYeFuiDsE6ka/+QUjU7dHeWkLWppG,0.379218,1.638184,0.555562
5100,a6Hh/InvElLjju5Yd4OthKiBokJP1uIuhQ/cYeFuiDsE6ka/+QUjU7dHeWkLWppG,0.36536799999999997,0.657589,0.429964
5400,a6Hh/InvElLjju5Yd4OthKiBokJP1uIuhQ/cYeFuiDsE6ka/+QUjU7dHeWkLWppG,0.379801,0.728294,0.46346899999999996
5700,a6Hh/InvElLjju5Yd4OthKiBokJP1uIuhQ/cYeFuiDsE6ka/+QUjU7dHeWkLWppG,0.367408,0.644848,0.42921400000000004
6000,a6Hh/InvElLjju5Yd4OthKiBokJP1uIuhQ/cYeFuiDsE6ka/+QUjU7dHeWkLWppG,0.257753,0.623925,0.40934
6300,a6Hh/InvElLjju5Yd4OthKiBokJP1uIuhQ/cYeFuiDsE6ka/+QUjU7dHeWkLWppG,0.163251,0.598957,0.397034
6600,a6Hh/InvElLjju5Yd4OthKiBokJP1uIuhQ/cYeFuiDsE6ka/+QUjU7dHeWkLWppG,0.37811999999999996,0.623953,0.44150100000000003
6900,a6Hh/InvElLjju5Yd4OthKiBokJP1uIuhQ/cYeFuiDsE6ka/+QUjU7dHeWkLWppG,0.153394,0.45530699999999996,0.390751
7200,a6Hh/InvElLjju5Yd4OthKiBokJP1uIuhQ/cYeFuiDsE6ka/+QUjU7dHeWkLWppG,0.368256,0.63442,0.429762
7500,a6Hh/InvElLjju5Yd4OthKiBokJP1uIuhQ/cYeFuiDsE6ka/+QUjU7dHeWkLWppG,0.16805499999999998,0.6079180000000001,0.40927399999999997
7800,a6Hh/InvElLjju5Yd4OthKiBokJP1uIuhQ/cYeFuiDsE6ka/+QUjU7dHeWkLWppG,0.38011100000000003,0.618881,0.43120699999999995
8100,a6Hh/InvElLjju5Yd4OthKiBokJP1uIuhQ/cYeFuiDsE6ka/+QUjU7dHeWkLWppG,0.148444,0.645362,0.404938
8400,a6Hh/InvElLjju5Yd4OthKiBokJP1uIuhQ/cYeFuiDsE6ka/+QUjU7dHeWkLWppG,0.37826,0.6402760000000001,0.435753
8700,a6Hh/InvElLjju5Yd4OthKiBokJP1uIuhQ/cYeFuiDsE6ka/+QUjU7dHeWkLWppG,0.24928699999999998,1.593736,0.549135
9000,a6Hh/InvElLjju5Yd4OthKiBokJP1uIuhQ/cYeFuiDsE6ka/+QUjU7dHeWkLWppG,0.375467,0.651985,0.434845
9300,a6Hh/InvElLjju5Yd4OthKiBokJP1uIuhQ/cYeFuiDsE6ka/+QUjU7dHeWkLWppG,0.214829,3.621861,0.777274
9600,a6Hh/InvElLjju5Yd4OthKiBokJP1uIuhQ/cYeFuiDsE6ka/+QUjU7dHeWkLWppG,0.16601,0.492012,0.425404
9900,a6Hh/InvElLjju5Yd4OthKiBokJP1uIuhQ/cYeFuiDsE6ka/+QUjU7dHeWkLWppG,0.39265300000000003,0.7338640000000001,0.45303000000000004
10200,a6Hh/InvElLjju5Yd4OthKiBokJP1uIuhQ/cYeFuiDsE6ka/+QUjU7dHeWkLWppG,0.406758,0.716649,0.46963599999999994
10500,a6Hh/InvElLjju5Yd4OthKiBokJP1uIuhQ/cYeFuiDsE6ka/+QUjU7dHeWkLWppG,0.371352,1.586336,0.596314
10800,a6Hh/InvElLjju5Yd4OthKiBokJP1uIuhQ/cYeFuiDsE6ka/+QUjU7dHeWkLWppG,0.147285,0.636508,0.406711
11100,a6Hh/InvElLjju5Yd4OthKiBokJP1uIuhQ/cYeFuiDsE6ka/+QUjU7dHeWkLWppG,0.372082,0.629735,0.42829799999999996
11400,a6Hh/InvElLjju5Yd4OthKiBokJP1uIuhQ/cYeFuiDsE6ka/+QUjU7dHeWkLWppG,0.138471,0.61055,0.40343
11700,a6Hh/InvElLjju5Yd4OthKiBokJP1uIuhQ/cYeFuiDsE6ka/+QUjU7dHeWkLWppG,0.377081,0.6092920000000001,0.424334
12000,a6Hh/InvElLjju5Yd4OthKiBokJP1uIuhQ/cYeFuiDsE6ka/+QUjU7dHeWkLWppG,0.139679,0.643513,0.405208
12300,a6Hh/InvElLjju5Yd4OthKiBokJP1uIuhQ/cYeFuiDsE6ka/+QUjU7dHeWkLWppG,0.182124,0.481548,0.40784699999999996
12600,a6Hh/InvElLjju5Yd4OthKiBokJP1uIuhQ/cYeFuiDsE6ka/+QUjU7dHeWkLWppG,0.375334,0.6250760000000001,0.43611000000000005
12900,a6Hh/InvElLjju5Yd4OthKiBokJP1uIuhQ/cYeFuiDsE6ka/+QUjU7dHeWkLWppG,0.172032,0.621478,0.414109
13200,a6Hh/InvElLjju5Yd4OthKiBokJP1uIuhQ/cYeFuiDsE6ka/+QUjU7dHeWkLWppG,0.37700700000000004,0.689684,0.44633199999999995
13500,a6Hh/InvElLjju5Yd4OthKiBokJP1uIuhQ/cYeFuiDsE6ka/+QUjU7dHeWkLWppG,0.206984,0.617727,0.418084
13800,a6Hh/InvElLjju5Yd4OthKiBokJP1uIuhQ/cYeFuiDsE6ka/+QUjU7dHeWkLWppG,0.393323,0.652089,0.453136
14100,a6Hh/InvElLjju5Yd4OthKiBokJP1uIuhQ/cYeFuiDsE6ka/+QUjU7dHeWkLWppG,0.161701,0.6712279999999999,0.43825200000000003
14400,a6Hh/InvElLjju5Yd4OthKiBokJP1uIuhQ/cYeFuiDsE6ka/+QUjU7dHeWkLWppG,0.38993099999999997,0.661748,0.45681000000000005
14700,a6Hh/InvElLjju5Yd4OthKiBokJP1uIuhQ/cYeFuiDsE6ka/+QUjU7dHeWkLWppG,0.400481,0.727338,0.482321
15000,a6Hh/InvElLjju5Yd4OthKiBokJP1uIuhQ/cYeFuiDsE6ka/+QUjU7dHeWkLWppG,0.22753,0.505336,0.404386
15300,a6Hh/InvElLjju5Yd4OthKiBokJP1uIuhQ/cYeFuiDsE6ka/+QUjU7dHeWkLWppG,0.38355900000000004,0.6451640000000001,0.448583
15600,a6Hh/InvElLjju5Yd4OthKiBokJP1uIuhQ/cYeFuiDsE6ka/+QUjU7dHeWkLWppG,0.279879,3.786798,0.7626890000000001
15900,a6Hh/InvElLjju5Yd4OthKiBokJP1uIuhQ/cYeFuiDsE6ka/+QUjU7dHeWkLWppG,0.44539799999999996,1.786256,0.636983
16200,a6Hh/InvElLjju5Yd4OthKiBokJP1uIuhQ/cYeFuiDsE6ka/+QUjU7dHeWkLWppG,0.25209499999999996,0.650859,0.473055
16500,a6Hh/InvElLjju5Yd4OthKiBokJP1uIuhQ/cYeFuiDsE6ka/+QUjU7dHeWkLWppG,0.428069,0.7177060000000001,0.479901
16800,a6Hh/InvElLjju5Yd4OthKiBokJP1uIuhQ/cYeFuiDsE6ka/+QUjU7dHeWkLWppG,0.24672600000000003,0.75566,0.46021000000000006
17100,a6Hh/InvElLjju5Yd4OthKiBokJP1uIuhQ/cYeFuiDsE6ka/+QUjU7dHeWkLWppG,0.37450900000000004,0.6928380000000001,0.473605
17400,a6Hh/InvElLjju5Yd4OthKiBokJP1uIuhQ/cYeFuiDsE6ka/+QUjU7dHeWkLWppG,0.23278400000000002,0.6290899999999999,0.421675
17700,a6Hh/InvElLjju5Yd4OthKiBokJP1uIuhQ/cYeFuiDsE6ka/+QUjU7dHeWkLWppG,0.28030700000000003,1.606471,0.52452
18000,a6Hh/InvElLjju5Yd4OthKiBokJP1uIuhQ/cYeFuiDsE6ka/+QUjU7dHeWkLWppG,0.37764000000000003,0.68067,0.43791
18300,a6Hh/InvElLjju5Yd4OthKiBokJP1uIuhQ/cYeFuiDsE6ka/+QUjU7dHeWkLWppG,0.262844,0.771991,0.431205
18600,a6Hh/InvElLjju5Yd4OthKiBokJP1uIuhQ/cYeFuiDsE6ka/+QUjU7dHeWkLWppG,0.379605,0.71423,0.43937
18900,a6Hh/InvElLjju5Yd4OthKiBokJP1uIuhQ/cYeFuiDsE6ka/+QUjU7dHeWkLWppG,0.21915,0.705596,0.410128
19200,a6Hh/InvElLjju5Yd4OthKiBokJP1uIuhQ/cYeFuiDsE6ka/+QUjU7dHeWkLWppG,0.36685500000000004,0.618021,0.422932
19500,a6Hh/InvElLjju5Yd4OthKiBokJP1uIuhQ/cYeFuiDsE6ka/+QUjU7dHeWkLWppG,0.35972,0.638849,0.44636499999999996
19800,a6Hh/InvElLjju5Yd4OthKiBokJP1uIuhQ/cYeFuiDsE6ka/+QUjU7dHeWkLWppG,0.372442,0.63593,0.43000299999999997
20100,a6Hh/InvElLjju5Yd4OthKiBokJP1uIuhQ/cYeFuiDsE6ka/+QUjU7dHeWkLWppG,0.217969,0.7460479999999999,0.41252700000000003
20400,a6Hh/InvElLjju5Yd4OthKiBokJP1uIuhQ/cYeFuiDsE6ka/+QUjU7dHeWkLWppG,0.24503699999999998,0.496688,0.39047
20700,a6Hh/InvElLjju5Yd4OthKiBokJP1uIuhQ/cYeFuiDsE6ka/+QUjU7dHeWkLWppG,0.369748,0.650884,0.428034
21000,a6Hh/InvElLjju5Yd4OthKiBokJP1uIuhQ/cYeFuiDsE6ka/+QUjU7dHeWkLWppG,0.262479,0.674283,0.423983
21300,a6Hh/InvElLjju5Yd4OthKiBokJP1uIuhQ/cYeFuiDsE6ka/+QUjU7dHeWkLWppG,0.388144,0.628785,0.44176000000000004
21600,a6Hh/InvElLjju5Yd4OthKiBokJP1uIuhQ/cYeFuiDsE6ka/+QUjU7dHeWkLWppG,0.194004,0.7515470000000001,0.425029
21900,a6Hh/InvElLjju5Yd4OthKiBokJP1uIuhQ/cYeFuiDsE6ka/+QUjU7dHeWkLWppG,0.374445,0.650662,0.426878
22200,a6Hh/InvElLjju5Yd4OthKiBokJP1uIuhQ/cYeFuiDsE6ka/+QUjU7dHeWkLWppG,0.403571,2.251585,0.674163
22500,a6Hh/InvElLjju5Yd4OthKiBokJP1uIuhQ/cYeFuiDsE6ka/+QUjU7dHeWkLWppG,0.397005,0.68387,0.470979
22800,a6Hh/InvElLjju5Yd4OthKiBokJP1uIuhQ/cYeFuiDsE6ka/+QUjU7dHeWkLWppG,0.41072600000000004,0.7074189999999999,0.48738400000000004
23100,a6Hh/InvElLjju5Yd4OthKiBokJP1uIuhQ/cYeFuiDsE6ka/+QUjU7dHeWkLWppG,0.376256,1.596054,0.578991
23400,a6Hh/InvElLjju5Yd4OthKiBokJP1uIuhQ/cYeFuiDsE6ka/+QUjU7dHeWkLWppG,0.39259499999999997,0.61207,0.458056
23700,a6Hh/InvElLjju5Yd4OthKiBokJP1uIuhQ/cYeFuiDsE6ka/+QUjU7dHeWkLWppG,0.367691,0.6278239999999999,0.45120600000000005
24000,a6Hh/InvElLjju5Yd4OthKiBokJP1uIuhQ/cYeFuiDsE6ka/+QUjU7dHeWkLWppG,0.37651599999999996,0.650644,0.43366499999999997
24300,a6Hh/InvElLjju5Yd4OthKiBokJP1uIuhQ/cYeFuiDsE6ka/+QUjU7dHeWkLWppG,0.390725,0.76034,0.477153
24600,a6Hh/InvElLjju5Yd4OthKiBokJP1uIuhQ/cYeFuiDsE6ka/+QUjU7dHeWkLWppG,0.381834,0.6199600000000001,0.4318
24900,a6Hh/InvElLjju5Yd4OthKiBokJP1uIuhQ/cYeFuiDsE6ka/+QUjU7dHeWkLWppG,0.38557199999999997,1.6846740000000002,0.583889
25200,a6Hh/InvElLjju5Yd4OthKiBokJP1uIuhQ/cYeFuiDsE6ka/+QUjU7dHeWkLWppG,0.39341,0.6638970000000001,0.452896
25500,a6Hh/InvElLjju5Yd4OthKiBokJP1uIuhQ/cYeFuiDsE6ka/+QUjU7dHeWkLWppG,0.389819,0.631891,0.464005
25800,a6Hh/InvElLjju5Yd4OthKiBokJP1uIuhQ/cYeFuiDsE6ka/+QUjU7dHeWkLWppG,0.185048,0.516401,0.397055
26100,a6Hh/InvElLjju5Yd4OthKiBokJP1uIuhQ/cYeFuiDsE6ka/+QUjU7dHeWkLWppG,0.386006,0.633887,0.43821499999999997
26400,a6Hh/InvElLjju5Yd4OthKiBokJP1uIuhQ/cYeFuiDsE6ka/+QUjU7dHeWkLWppG,0.16693,0.663104,0.41581599999999996
26700,a6Hh/InvElLjju5Yd4OthKiBokJP1uIuhQ/cYeFuiDsE6ka/+QUjU7dHeWkLWppG,0.389189,0.7281890000000001,0.446146
27000,a6Hh/InvElLjju5Yd4OthKiBokJP1uIuhQ/cYeFuiDsE6ka/+QUjU7dHeWkLWppG,0.131475,0.702996,0.41981899999999994
27300,a6Hh/InvElLjju5Yd4OthKiBokJP1uIuhQ/cYeFuiDsE6ka/+QUjU7dHeWkLWppG,0.383295,0.738337,0.451862
27600,a6Hh/InvElLjju5Yd4OthKiBokJP1uIuhQ/cYeFuiDsE6ka/+QUjU7dHeWkLWppG,0.16836199999999998,0.678761,0.421887
27900,a6Hh/InvElLjju5Yd4OthKiBokJP1uIuhQ/cYeFuiDsE6ka/+QUjU7dHeWkLWppG,0.402514,0.667078,0.452583
28200,a6Hh/InvElLjju5Yd4OthKiBokJP1uIuhQ/cYeFuiDsE6ka/+QUjU7dHeWkLWppG,0.21575500000000003,0.665453,0.41622200000000004
28500,a6Hh/InvElLjju5Yd4OthKiBokJP1uIuhQ/cYeFuiDsE6ka/+QUjU7dHeWkLWppG,0.155416,0.432421,0.388534
28800,a6Hh/InvElLjju5Yd4OthKiBokJP1uIuhQ/cYeFuiDsE6ka/+QUjU7dHeWkLWppG,0.377717,0.68312,0.447085
29100,a6Hh/InvElLjju5Yd4OthKiBokJP1uIuhQ/cYeFuiDsE6ka/+QUjU7dHeWkLWppG,0.158107,0.6449,0.423306
29400,a6Hh/InvElLjju5Yd4OthKiBokJP1uIuhQ/cYeFuiDsE6ka/+QUjU7dHeWkLWppG,0.392773,0.635627,0.44760200000000006
29700,a6Hh/InvElLjju5Yd4OthKiBokJP1uIuhQ/cYeFuiDsE6ka/+QUjU7dHeWkLWppG,0.210552,0.667716,0.43967
30000,a6Hh/InvElLjju5Yd4OthKiBokJP1uIuhQ/cYeFuiDsE6ka/+QUjU7dHeWkLWppG,0.375362,0.649947,0.45136499999999996
30300,a6Hh/InvElLjju5Yd4OthKiBokJP1uIuhQ/cYeFuiDsE6ka/+QUjU7dHeWkLWppG,0.228988,1.651923,0.546812
30600,a6Hh/InvElLjju5Yd4OthKiBokJP1uIuhQ/cYeFuiDsE6ka/+QUjU7dHeWkLWppG,0.406437,0.640876,0.467296
30900,a6Hh/InvElLjju5Yd4OthKiBokJP1uIuhQ/cYeFuiDsE6ka/+QUjU7dHeWkLWppG,0.158496,0.6375609999999999,0.44334399999999996
31200,a6Hh/InvElLjju5Yd4OthKiBokJP1uIuhQ/cYeFuiDsE6ka/+QUjU7dHeWkLWppG,0.15778699999999998,0.515383,0.39826500000000004
31500,a6Hh/InvElLjju5Yd4OthKiBokJP1uIuhQ/cYeFuiDsE6ka/+QUjU7dHeWkLWppG,0.384386,0.6104310000000001,0.439413
31800,a6Hh/InvElLjju5Yd4OthKiBokJP1uIuhQ/cYeFuiDsE6ka/+QUjU7dHeWkLWppG,0.22044299999999997,0.625243,0.412919
32100,a6Hh/InvElLjju5Yd4OthKiBokJP1uIuhQ/cYeFuiDsE6ka/+QUjU7dHeWkLWppG,0.390768,1.734896,0.597663
32400,a6Hh/InvElLjju5Yd4OthKiBokJP1uIuhQ/cYeFuiDsE6ka/+QUjU7dHeWkLWppG,0.21491,0.724337,0.45488900000000004
32700,a6Hh/InvElLjju5Yd4OthKiBokJP1uIuhQ/cYeFuiDsE6ka/+QUjU7dHeWkLWppG,0.38674000000000003,0.627164,0.428537
33000,a6Hh/InvElLjju5Yd4OthKiBokJP1uIuhQ/cYeFuiDsE6ka/+QUjU7dHeWkLWppG,0.132653,0.611333,0.409822
33300,a6Hh/InvElLjju5Yd4OthKiBokJP1uIuhQ/cYeFuiDsE6ka/+QUjU7dHeWkLWppG,0.379701,0.643452,0.435837
33600,a6Hh/InvElLjju5Yd4OthKiBokJP1uIuhQ/cYeFuiDsE6ka/+QUjU7dHeWkLWppG,0.16321,0.6338,0.411843
33900,a6Hh/InvElLjju5Yd4OthKiBokJP1uIuhQ/cYeFuiDsE6ka/+QUjU7dHeWkLWppG,0.14815599999999998,0.521405,0.400518
34200,a6Hh/InvElLjju5Yd4OthKiBokJP1uIuhQ/cYeFuiDsE6ka/+QUjU7dHeWkLWppG,0.378577,0.677235,0.43995500000000004
34500,a6Hh/InvElLjju5Yd4OthKiBokJP1uIuhQ/cYeFuiDsE6ka/+QUjU7dHeWkLWppG,0.21692899999999998,0.6191180000000001,0.42145600000000005
34800,a6Hh/InvElLjju5Yd4OthKiBokJP1uIuhQ/cYeFuiDsE6ka/+QUjU7dHeWkLWppG,0.38235399999999997,0.722528,0.443988
35100,a6Hh/InvElLjju5Yd4OthKiBokJP1uIuhQ/cYeFuiDsE6ka/+QUjU7dHeWkLWppG,0.260187,0.7217560000000001,0.43058199999999996
35400,a6Hh/InvElLjju5Yd4OthKiBokJP1uIuhQ/cYeFuiDsE6ka/+QUjU7dHeWkLWppG,0.38997,0.730572,0.439416
35700,a6Hh/InvElLjju5Yd4OthKiBokJP1uIuhQ/cYeFuiDsE6ka/+QUjU7dHeWkLWppG,0.239222,0.6842779999999999,0.43163599999999996
36000,a6Hh/InvElLjju5Yd4OthKiBokJP1uIuhQ/cYeFuiDsE6ka/+QUjU7dHeWkLWppG,0.36754000000000003,0.697072,0.440072
36300,a6Hh/InvElLjju5Yd4OthKiBokJP1uIuhQ/cYeFuiDsE6ka/+QUjU7dHeWkLWppG,0.199484,0.6348050000000001,0.41076
36600,a6Hh/InvElLjju5Yd4OthKiBokJP1uIuhQ/cYeFuiDsE6ka/+QUjU7dHeWkLWppG,0.383623,0.5562020000000001,0.43510200000000004
36900,a6Hh/InvElLjju5Yd4OthKiBokJP1uIuhQ/cYeFuiDsE6ka/+QUjU7dHeWkLWppG,0.431346,3.387145,0.7785979999999999
37200,a6Hh/InvElLjju5Yd4OthKiBokJP1uIuhQ/cYeFuiDsE6ka/+QUjU7dHeWkLWppG,0.192866,0.6504880000000001,0.45728199999999997
37500,a6Hh/InvElLjju5Yd4OthKiBokJP1uIuhQ/cYeFuiDsE6ka/+QUjU7dHeWkLWppG,0.423965,1.596632,0.5816
37800,a6Hh/InvElLjju5Yd4OthKiBokJP1uIuhQ/cYeFuiDsE6ka/+QUjU7dHeWkLWppG,0.203138,0.6811619999999999,0.43756999999999996
38100,a6Hh/InvElLjju5Yd4OthKiBokJP1uIuhQ/cYeFuiDsE6ka/+QUjU7dHeWkLWppG,0.388239,0.653866,0.457491
38400,a6Hh/InvElLjju5Yd4OthKiBokJP1uIuhQ/cYeFuiDsE6ka/+QUjU7dHeWkLWppG,0.180801,0.763428,0.435597
38700,a6Hh/InvElLjju5Yd4OthKiBokJP1uIuhQ/cYeFuiDsE6ka/+QUjU7dHeWkLWppG,0.361425,0.647726,0.435783
39000,a6Hh/InvElLjju5Yd4OthKiBokJP1uIuhQ/cYeFuiDsE6ka/+QUjU7dHeWkLWppG,0.158655,0.678723,0.435526
39300,a6Hh/InvElLjju5Yd4OthKiBokJP1uIuhQ/cYeFuiDsE6ka/+QUjU7dHeWkLWppG,0.160357,1.6107639999999999,0.532221
39600,a6Hh/InvElLjju5Yd4OthKiBokJP1uIuhQ/cYeFuiDsE6ka/+QUjU7dHeWkLWppG,0.38361100000000004,0.6605489999999999,0.44075299999999995
39900,a6Hh/InvElLjju5Yd4OthKiBokJP1uIuhQ/cYeFuiDsE6ka/+QUjU7dHeWkLWppG,0.20556300000000002,3.6830540000000003,0.764796
40200,a6Hh/InvElLjju5Yd4OthKiBokJP1uIuhQ/cYeFuiDsE6ka/+QUjU7dHeWkLWppG,0.445063,0.7334970000000001,0.523347
40500,a6Hh/InvElLjju5Yd4OthKiBokJP1uIuhQ/cYeFuiDsE6ka/+QUjU7dHeWkLWppG,0.181944,0.697997,0.443435
40800,a6Hh/InvElLjju5Yd4OthKiBokJP1uIuhQ/cYeFuiDsE6ka/+QUjU7dHeWkLWppG,0.38586,0.6753520000000001,0.47374700000000003
41100,a6Hh/InvElLjju5Yd4OthKiBokJP1uIuhQ/cYeFuiDsE6ka/+QUjU7dHeWkLWppG,0.20959499999999998,0.698675,0.449849
41400,a6Hh/InvElLjju5Yd4OthKiBokJP1uIuhQ/cYeFuiDsE6ka/+QUjU7dHeWkLWppG,0.40084000000000003,0.703447,0.484275
41700,a6Hh/InvElLjju5Yd4OthKiBokJP1uIuhQ/cYeFuiDsE6ka/+QUjU7dHeWkLWppG,0.192954,0.638664,0.435845
42000,a6Hh/InvElLjju5Yd4OthKiBokJP1uIuhQ/cYeFuiDsE6ka/+QUjU7dHeWkLWppG,0.225555,0.48649799999999993,0.413112
42300,a6Hh/InvElLjju5Yd4OthKiBokJP1uIuhQ/cYeFuiDsE6ka/+QUjU7dHeWkLWppG,0.399036,3.4659480000000005,0.803851
42600,a6Hh/InvElLjju5Yd4OthKiBokJP1uIuhQ/cYeFuiDsE6ka/+QUjU7dHeWkLWppG,0.189897,0.664964,0.451862
42900,a6Hh/InvElLjju5Yd4OthKiBokJP1uIuhQ/cYeFuiDsE6ka/+QUjU7dHeWkLWppG,0.417096,0.726925,0.48062299999999997
43200,a6Hh/InvElLjju5Yd4OthKiBokJP1uIuhQ/cYeFuiDsE6ka/+QUjU7dHeWkLWppG,0.204518,0.70023,0.43481899999999996
43500,a6Hh/InvElLjju5Yd4OthKiBokJP1uIuhQ/cYeFuiDsE6ka/+QUjU7dHeWkLWppG,0.38813000000000003,0.7264619999999999,0.479393
43800,a6Hh/InvElLjju5Yd4OthKiBokJP1uIuhQ/cYeFuiDsE6ka/+QUjU7dHeWkLWppG,0.18371400000000002,0.705918,0.41856800000000005
44100,a6Hh/InvElLjju5Yd4OthKiBokJP1uIuhQ/cYeFuiDsE6ka/+QUjU7dHeWkLWppG,0.395364,0.7309640000000001,0.467634
44400,a6Hh/InvElLjju5Yd4OthKiBokJP1uIuhQ/cYeFuiDsE6ka/+QUjU7dHeWkLWppG,0.41709300000000005,0.663981,0.501681
44700,a6Hh/InvElLjju5Yd4OthKiBokJP1uIuhQ/cYeFuiDsE6ka/+QUjU7dHeWkLWppG,0.39715500000000004,1.592899,0.569974
45000,a6Hh/InvElLjju5Yd4OthKiBokJP1uIuhQ/cYeFuiDsE6ka/+QUjU7dHeWkLWppG,0.389178,0.702399,0.465753
45300,a6Hh/InvElLjju5Yd4OthKiBokJP1uIuhQ/cYeFuiDsE6ka/+QUjU7dHeWkLWppG,0.379203,0.8004720000000001,0.488274
45600,a6Hh/InvElLjju5Yd4OthKiBokJP1uIuhQ/cYeFuiDsE6ka/+QUjU7dHeWkLWppG,0.397177,0.6524220000000001,0.44973100000000005
45900,a6Hh/InvElLjju5Yd4OthKiBokJP1uIuhQ/cYeFuiDsE6ka/+QUjU7dHeWkLWppG,0.398516,0.7109479999999999,0.49266000000000004
46200,a6Hh/InvElLjju5Yd4OthKiBokJP1uIuhQ/cYeFuiDsE6ka/+QUjU7dHeWkLWppG,0.38204,0.638736,0.451488
46500,a6Hh/InvElLjju5Yd4OthKiBokJP1uIuhQ/cYeFuiDsE6ka/+QUjU7dHeWkLWppG,0.398541,1.6384869999999998,0.638157
46800,a6Hh/InvElLjju5Yd4OthKiBokJP1uIuhQ/cYeFuiDsE6ka/+QUjU7dHeWkLWppG,0.389586,2.741904,0.755524
47100,a6Hh/InvElLjju5Yd4OthKiBokJP1uIuhQ/cYeFuiDsE6ka/+QUjU7dHeWkLWppG,0.43615200000000004,1.350026,0.586183
47400,a6Hh/InvElLjju5Yd4OthKiBokJP1uIuhQ/cYeFuiDsE6ka/+QUjU7dHeWkLWppG,0.403758,0.6223380000000001,0.47017600000000004
47700,a6Hh/InvElLjju5Yd4OthKiBokJP1uIuhQ/cYeFuiDsE6ka/+QUjU7dHeWkLWppG,0.406034,0.6848609999999999,0.495288
48000,a6Hh/InvElLjju5Yd4OthKiBokJP1uIuhQ/cYeFuiDsE6ka/+QUjU7dHeWkLWppG,0.40971499999999994,0.6603640000000001,0.493751
48300,a6Hh/InvElLjju5Yd4OthKiBokJP1uIuhQ/cYeFuiDsE6ka/+QUjU7dHeWkLWppG,0.416225,0.641476,0.47446000000000005
48600,a6Hh/InvElLjju5Yd4OthKiBokJP1uIuhQ/cYeFuiDsE6ka/+QUjU7dHeWkLWppG,0.38324,3.514696,0.8060149999999999
48900,a6Hh/InvElLjju5Yd4OthKiBokJP1uIuhQ/cYeFuiDsE6ka/+QUjU7dHeWkLWppG,0.428888,0.711859,0.4999
49200,a6Hh/InvElLjju5Yd4OthKiBokJP1uIuhQ/cYeFuiDsE6ka/+QUjU7dHeWkLWppG,0.182257,0.653529,0.44538
49500,a6Hh/InvElLjju5Yd4OthKiBokJP1uIuhQ/cYeFuiDsE6ka/+QUjU7dHeWkLWppG,0.404542,0.6582439999999999,0.45865600000000006
49800,a6Hh/InvElLjju5Yd4OthKiBokJP1uIuhQ/cYeFuiDsE6ka/+QUjU7dHeWkLWppG,0.213736,0.6318590000000001,0.430554
50100,a6Hh/InvElLjju5Yd4OthKiBokJP1uIuhQ/cYeFuiDsE6ka/+QUjU7dHeWkLWppG,0.385523,0.685265,0.46755399999999997
50400,a6Hh/InvElLjju5Yd4OthKiBokJP1uIuhQ/cYeFuiDsE6ka/+QUjU7dHeWkLWppG,0.192124,0.61785,0.409829
50700,a6Hh/InvElLjju5Yd4OthKiBokJP1uIuhQ/cYeFuiDsE6ka/+QUjU7dHeWkLWppG,0.192155,0.65063,0.40381500000000004
51000,a6Hh/InvElLjju5Yd4OthKiBokJP1uIuhQ/cYeFuiDsE6ka/+QUjU7dHeWkLWppG,0.364658,0.625785,0.435705
51300,a6Hh/InvElLjju5Yd4OthKiBokJP1uIuhQ/cYeFuiDsE6ka/+QUjU7dHeWkLWppG,0.202922,0.6485380000000001,0.413625
51600,a6Hh/InvElLjju5Yd4OthKiBokJP1uIuhQ/cYeFuiDsE6ka/+QUjU7dHeWkLWppG,0.380183,0.71751,0.442025
51900,a6Hh/InvElLjju5Yd4OthKiBokJP1uIuhQ/cYeFuiDsE6ka/+QUjU7dHeWkLWppG,0.151002,1.5587090000000001,0.5312279999999999
52200,a6Hh/InvElLjju5Yd4OthKiBokJP1uIuhQ/cYeFuiDsE6ka/+QUjU7dHeWkLWppG,0.373682,0.706853,0.428755
52500,a6Hh/InvElLjju5Yd4OthKiBokJP1uIuhQ/cYeFuiDsE6ka/+QUjU7dHeWkLWppG,0.22278299999999998,0.678904,0.422596
52800,a6Hh/InvElLjju5Yd4OthKiBokJP1uIuhQ/cYeFuiDsE6ka/+QUjU7dHeWkLWppG,0.374921,0.622518,0.42569799999999997
53100,a6Hh/InvElLjju5Yd4OthKiBokJP1uIuhQ/cYeFuiDsE6ka/+QUjU7dHeWkLWppG,0.16941199999999998,0.634039,0.41293
53400,a6Hh/InvElLjju5Yd4OthKiBokJP1uIuhQ/cYeFuiDsE6ka/+QUjU7dHeWkLWppG,0.232752,0.753709,0.44358500000000006
53700,a6Hh/InvElLjju5Yd4OthKiBokJP1uIuhQ/cYeFuiDsE6ka/+QUjU7dHeWkLWppG,0.387104,1.605632,0.557856
54000,a6Hh/InvElLjju5Yd4OthKiBokJP1uIuhQ/cYeFuiDsE6ka/+QUjU7dHeWkLWppG,0.21494699999999997,0.644046,0.424083
54300,a6Hh/InvElLjju5Yd4OthKiBokJP1uIuhQ/cYeFuiDsE6ka/+QUjU7dHeWkLWppG,0.362654,0.608063,0.43206700000000003
54600,a6Hh/InvElLjju5Yd4OthKiBokJP1uIuhQ/cYeFuiDsE6ka/+QUjU7dHeWkLWppG,0.184911,0.619646,0.41265799999999997
54900,a6Hh/InvElLjju5Yd4OthKiBokJP1uIuhQ/cYeFuiDsE6ka/+QUjU7dHeWkLWppG,0.390279,0.636347,0.44013900000000006
55200,a6Hh/InvElLjju5Yd4OthKiBokJP1uIuhQ/cYeFuiDsE6ka/+QUjU7dHeWkLWppG,0.151006,0.641407,0.415411
55500,a6Hh/InvElLjju5Yd4OthKiBokJP1uIuhQ/cYeFuiDsE6ka/+QUjU7dHeWkLWppG,0.399975,0.680133,0.452376
55800,a6Hh/InvElLjju5Yd4OthKiBokJP1uIuhQ/cYeFuiDsE6ka/+QUjU7dHeWkLWppG,0.388948,0.7163390000000001,0.46374799999999994
56100,a6Hh/InvElLjju5Yd4OthKiBokJP1uIuhQ/cYeFuiDsE6ka/+QUjU7dHeWkLWppG,0.15118900000000002,0.6889390000000001,0.41225100000000003
56400,a6Hh/InvElLjju5Yd4OthKiBokJP1uIuhQ/cYeFuiDsE6ka/+QUjU7dHeWkLWppG,0.403105,0.6233479999999999,0.44413100000000005
56700,a6Hh/InvElLjju5Yd4OthKiBokJP1uIuhQ/cYeFuiDsE6ka/+QUjU7dHeWkLWppG,0.179857,0.649835,0.437446
57000,a6Hh/InvElLjju5Yd4OthKiBokJP1uIuhQ/cYeFuiDsE6ka/+QUjU7dHeWkLWppG,0.39760300000000004,0.6361020000000001,0.44942299999999996
57300,a6Hh/InvElLjju5Yd4OthKiBokJP1uIuhQ/cYeFuiDsE6ka/+QUjU7dHeWkLWppG,0.227944,0.702468,0.468717
57600,a6Hh/InvElLjju5Yd4OthKiBokJP1uIuhQ/cYeFuiDsE6ka/+QUjU7dHeWkLWppG,0.399881,0.654255,0.453804
57900,a6Hh/InvElLjju5Yd4OthKiBokJP1uIuhQ/cYeFuiDsE6ka/+QUjU7dHeWkLWppG,0.163097,1.8945459999999998,0.594094
58200,a6Hh/InvElLjju5Yd4OthKiBokJP1uIuhQ/cYeFuiDsE6ka/+QUjU7dHeWkLWppG,0.441828,0.660853,0.502907
58500,a6Hh/InvElLjju5Yd4OthKiBokJP1uIuhQ/cYeFuiDsE6ka/+QUjU7dHeWkLWppG,0.229125,0.644139,0.442748
58800,a6Hh/InvElLjju5Yd4OthKiBokJP1uIuhQ/cYeFuiDsE6ka/+QUjU7dHeWkLWppG,0.374847,0.686236,0.457974
59100,a6Hh/InvElLjju5Yd4OthKiBokJP1uIuhQ/cYeFuiDsE6ka/+QUjU7dHeWkLWppG,0.41062600000000005,1.585138,0.606803
59400,a6Hh/InvElLjju5Yd4OthKiBokJP1uIuhQ/cYeFuiDsE6ka/+QUjU7dHeWkLWppG,0.234458,0.654289,0.433266
59700,a6Hh/InvElLjju5Yd4OthKiBokJP1uIuhQ/cYeFuiDsE6ka/+QUjU7dHeWkLWppG,0.399045,0.66506,0.46839899999999995
60000,a6Hh/InvElLjju5Yd4OthKiBokJP1uIuhQ/cYeFuiDsE6ka/+QUjU7dHeWkLWppG,0.24883400000000003,0.679921,0.444272
60300,a6Hh/InvElLjju5Yd4OthKiBokJP1uIuhQ/cYeFuiDsE6ka/+QUjU7dHeWkLWppG,0.41855600000000004,0.7305149999999999,0.460775
60600,a6Hh/InvElLjju5Yd4OthKiBokJP1uIuhQ/cYeFuiDsE6ka/+QUjU7dHeWkLWppG,0.310106,0.77794,0.436018
60900,a6Hh/InvElLjju5Yd4OthKiBokJP1uIuhQ/cYeFuiDsE6ka/+QUjU7dHeWkLWppG,0.433404,1.7947,0.6205229999999999
61200,a6Hh/InvElLjju5Yd4OthKiBokJP1uIuhQ/cYeFuiDsE6ka/+QUjU7dHeWkLWppG,0.272791,0.613789,0.44002600000000003
61500,a6Hh/InvElLjju5Yd4OthKiBokJP1uIuhQ/cYeFuiDsE6ka/+QUjU7dHeWkLWppG,0.227154,0.6901390000000001,0.43410600000000005
61800,a6Hh/InvElLjju5Yd4OthKiBokJP1uIuhQ/cYeFuiDsE6ka/+QUjU7dHeWkLWppG,0.38248000000000004,0.618092,0.433511
62100,a6Hh/InvElLjju5Yd4OthKiBokJP1uIuhQ/cYeFuiDsE6ka/+QUjU7dHeWkLWppG,0.336282,0.629564,0.41574399999999995
62400,a6Hh/InvElLjju5Yd4OthKiBokJP1uIuhQ/cYeFuiDsE6ka/+QUjU7dHeWkLWppG,0.358034,0.657022,0.424497
62700,a6Hh/InvElLjju5Yd4OthKiBokJP1uIuhQ/cYeFuiDsE6ka/+QUjU7dHeWkLWppG,0.35584099999999996,0.69945,0.435849
63000,a6Hh/InvElLjju5Yd4OthKiBokJP1uIuhQ/cYeFuiDsE6ka/+QUjU7dHeWkLWppG,0.37922100000000003,0.6915140000000001,0.435249
63300,a6Hh/InvElLjju5Yd4OthKiBokJP1uIuhQ/cYeFuiDsE6ka/+QUjU7dHeWkLWppG,0.38095,0.812145,0.470095
63600,a6Hh/InvElLjju5Yd4OthKiBokJP1uIuhQ/cYeFuiDsE6ka/+QUjU7dHeWkLWppG,0.37227,0.668987,0.437151
63900,a6Hh/InvElLjju5Yd4OthKiBokJP1uIuhQ/cYeFuiDsE6ka/+QUjU7dHeWkLWppG,0.38093499999999997,0.771134,0.46669399999999994
64200,a6Hh/InvElLjju5Yd4OthKiBokJP1uIuhQ/cYeFuiDsE6ka/+QUjU7dHeWkLWppG,0.376625,0.779147,0.46734499999999995
64500,a6Hh/InvElLjju5Yd4OthKiBokJP1uIuhQ/cYeFuiDsE6ka/+QUjU7dHeWkLWppG,0.384882,0.607033,0.430558
64800,a6Hh/InvElLjju5Yd4OthKiBokJP1uIuhQ/cYeFuiDsE6ka/+QUjU7dHeWkLWppG,0.37596999999999997,0.716831,0.464634
65100,a6Hh/InvElLjju5Yd4OthKiBokJP1uIuhQ/cYeFuiDsE6ka/+QUjU7dHeWkLWppG,0.386416,0.613103,0.431909
65400,a6Hh/InvElLjju5Yd4OthKiBokJP1uIuhQ/cYeFuiDsE6ka/+QUjU7dHeWkLWppG,0.37810900000000003,0.776877,0.473793
65700,a6Hh/InvElLjju5Yd4OthKiBokJP1uIuhQ/cYeFuiDsE6ka/+QUjU7dHeWkLWppG,0.39921799999999996,0.6063189999999999,0.43907299999999994
66000,a6Hh/InvElLjju5Yd4OthKiBokJP1uIuhQ/cYeFuiDsE6ka/+QUjU7dHeWkLWppG,0.382397,0.650478,0.452272
66300,a6Hh/InvElLjju5Yd4OthKiBokJP1uIuhQ/cYeFuiDsE6ka/+QUjU7dHeWkLWppG,0.366262,1.6459529999999998,0.542431
66600,a6Hh/InvElLjju5Yd4OthKiBokJP1uIuhQ/cYeFuiDsE6ka/+QUjU7dHeWkLWppG,0.37408,0.6600020000000001,0.447917
66900,a6Hh/InvElLjju5Yd4OthKiBokJP1uIuhQ/cYeFuiDsE6ka/+QUjU7dHeWkLWppG,0.263948,0.648345,0.418037
67200,a6Hh/InvElLjju5Yd4OthKiBokJP1uIuhQ/cYeFuiDsE6ka/+QUjU7dHeWkLWppG,0.37304499999999996,0.6582819999999999,0.432008
67500,a6Hh/InvElLjju5Yd4OthKiBokJP1uIuhQ/cYeFuiDsE6ka/+QUjU7dHeWkLWppG,0.211959,0.637778,0.418264
67800,a6Hh/InvElLjju5Yd4OthKiBokJP1uIuhQ/cYeFuiDsE6ka/+QUjU7dHeWkLWppG,0.392719,0.610698,0.442097
68100,a6Hh/InvElLjju5Yd4OthKiBokJP1uIuhQ/cYeFuiDsE6ka/+QUjU7dHeWkLWppG,0.22114099999999998,1.592399,0.544304
68400,a6Hh/InvElLjju5Yd4OthKiBokJP1uIuhQ/cYeFuiDsE6ka/+QUjU7dHeWkLWppG,0.37761300000000003,0.690351,0.439692
68700,a6Hh/InvElLjju5Yd4OthKiBokJP1uIuhQ/cYeFuiDsE6ka/+QUjU7dHeWkLWppG,0.319168,3.402165,0.750001
69000,a6Hh/InvElLjju5Yd4OthKiBokJP1uIuhQ/cYeFuiDsE6ka/+QUjU7dHeWkLWppG,0.445187,0.7562840000000001,0.504851
69300,a6Hh/InvElLjju5Yd4OthKiBokJP1uIuhQ/cYeFuiDsE6ka/+QUjU7dHeWkLWppG,0.403896,0.763845,0.49012100000000003
69600,a6Hh/InvElLjju5Yd4OthKiBokJP1uIuhQ/cYeFuiDsE6ka/+QUjU7dHeWkLWppG,0.330431,0.743089,0.451784
69900,a6Hh/InvElLjju5Yd4OthKiBokJP1uIuhQ/cYeFuiDsE6ka/+QUjU7dHeWkLWppG,0.453746,0.681632,0.509609
70200,a6Hh/InvElLjju5Yd4OthKiBokJP1uIuhQ/cYeFuiDsE6ka/+QUjU7dHeWkLWppG,0.365584,0.658274,0.48508199999999996
70500,a6Hh/InvElLjju5Yd4OthKiBokJP1uIuhQ/cYeFuiDsE6ka/+QUjU7dHeWkLWppG,0.390334,0.66783,0.46345200000000003
70800,a6Hh/InvElLjju5Yd4OthKiBokJP1uIuhQ/cYeFuiDsE6ka/+QUjU7dHeWkLWppG,0.367569,0.622169,0.43435200000000007
71100,a6Hh/InvElLjju5Yd4OthKiBokJP1uIuhQ/cYeFuiDsE6ka/+QUjU7dHeWkLWppG,0.397423,0.636422,0.44892600000000005
71400,a6Hh/InvElLjju5Yd4OthKiBokJP1uIuhQ/cYeFuiDsE6ka/+QUjU7dHeWkLWppG,0.366045,0.698013,0.44772799999999996
71700,a6Hh/InvElLjju5Yd4OthKiBokJP1uIuhQ/cYeFuiDsE6ka/+QUjU7dHeWkLWppG,0.389414,0.6545350000000001,0.438331
72000,a6Hh/InvElLjju5Yd4OthKiBokJP1uIuhQ/cYeFuiDsE6ka/+QUjU7dHeWkLWppG,0.342683,0.6272840000000001,0.43965200000000004
72300,a6Hh/InvElLjju5Yd4OthKiBokJP1uIuhQ/cYeFuiDsE6ka/+QUjU7dHeWkLWppG,0.392363,0.656342,0.457034
72600,a6Hh/InvElLjju5Yd4OthKiBokJP1uIuhQ/cYeFuiDsE6ka/+QUjU7dHeWkLWppG,0.39004,0.6533260000000001,0.45509399999999994
72900,a6Hh/InvElLjju5Yd4OthKiBokJP1uIuhQ/cYeFuiDsE6ka/+QUjU7dHeWkLWppG,0.30985,0.665814,0.45457299999999995
73200,a6Hh/InvElLjju5Yd4OthKiBokJP1uIuhQ/cYeFuiDsE6ka/+QUjU7dHeWkLWppG,0.394219,2.299825,0.775193
73500,a6Hh/InvElLjju5Yd4OthKiBokJP1uIuhQ/cYeFuiDsE6ka/+QUjU7dHeWkLWppG,0.313793,1.658339,0.590603
73800,a6Hh/InvElLjju5Yd4OthKiBokJP1uIuhQ/cYeFuiDsE6ka/+QUjU7dHeWkLWppG,0.383941,0.6427579999999999,0.43991099999999994
74100,a6Hh/InvElLjju5Yd4OthKiBokJP1uIuhQ/cYeFuiDsE6ka/+QUjU7dHeWkLWppG,0.39508699999999997,0.701372,0.477813
74400,a6Hh/InvElLjju5Yd4OthKiBokJP1uIuhQ/cYeFuiDsE6ka/+QUjU7dHeWkLWppG,0.387974,0.637455,0.462912
74700,a6Hh/InvElLjju5Yd4OthKiBokJP1uIuhQ/cYeFuiDsE6ka/+QUjU7dHeWkLWppG,0.374567,0.6817409999999999,0.437754
75000,a6Hh/InvElLjju5Yd4OthKiBokJP1uIuhQ/cYeFuiDsE6ka/+QUjU7dHeWkLWppG,0.362334,0.694109,0.429659
75300,a6Hh/InvElLjju5Yd4OthKiBokJP1uIuhQ/cYeFuiDsE6ka/+QUjU7dHeWkLWppG,0.372992,1.635047,0.5514859999999999
75600,a6Hh/InvElLjju5Yd4OthKiBokJP1uIuhQ/cYeFuiDsE6ka/+QUjU7dHeWkLWppG,0.365129,0.668633,0.43145500000000003
75900,a6Hh/InvElLjju5Yd4OthKiBokJP1uIuhQ/cYeFuiDsE6ka/+QUjU7dHeWkLWppG,0.375514,0.6372359999999999,0.443813
76200,a6Hh/InvElLjju5Yd4OthKiBokJP1uIuhQ/cYeFuiDsE6ka/+QUjU7dHeWkLWppG,0.35286300000000004,0.6583289999999999,0.437166
76500,a6Hh/InvElLjju5Yd4OthKiBokJP1uIuhQ/cYeFuiDsE6ka/+QUjU7dHeWkLWppG,0.376826,0.636753,0.42821499999999996
76800,a6Hh/InvElLjju5Yd4OthKiBokJP1uIuhQ/cYeFuiDsE6ka/+QUjU7dHeWkLWppG,0.35788200000000003,0.6991189999999999,0.427192
77100,a6Hh/InvElLjju5Yd4OthKiBokJP1uIuhQ/cYeFuiDsE6ka/+QUjU7dHeWkLWppG,0.38871300000000003,0.710002,0.43382
77400,a6Hh/InvElLjju5Yd4OthKiBokJP1uIuhQ/cYeFuiDsE6ka/+QUjU7dHeWkLWppG,0.378702,0.68924,0.42697799999999997
77700,a6Hh/InvElLjju5Yd4OthKiBokJP1uIuhQ/cYeFuiDsE6ka/+QUjU7dHeWkLWppG,0.34381799999999996,0.68591,0.42502700000000004
78000,a6Hh/InvElLjju5Yd4OthKiBokJP1uIuhQ/cYeFuiDsE6ka/+QUjU7dHeWkLWppG,0.372139,0.596645,0.42522200000000004
78300,a6Hh/InvElLjju5Yd4OthKiBokJP1uIuhQ/cYeFuiDsE6ka/+QUjU7dHeWkLWppG,0.36612,0.617012,0.429307
78600,a6Hh/InvElLjju5Yd4OthKiBokJP1uIuhQ/cYeFuiDsE6ka/+QUjU7dHeWkLWppG,0.379761,0.65964,0.426296
78900,a6Hh/InvElLjju5Yd4OthKiBokJP1uIuhQ/cYeFuiDsE6ka/+QUjU7dHeWkLWppG,0.384,0.724721,0.473383
79200,a6Hh/InvElLjju5Yd4OthKiBokJP1uIuhQ/cYeFuiDsE6ka/+QUjU7dHeWkLWppG,0.39505,0.660288,0.450884
79500,a6Hh/InvElLjju5Yd4OthKiBokJP1uIuhQ/cYeFuiDsE6ka/+QUjU7dHeWkLWppG,0.38611,0.790341,0.475063
79800,a6Hh/InvElLjju5Yd4OthKiBokJP1uIuhQ/cYeFuiDsE6ka/+QUjU7dHeWkLWppG,0.381673,0.695461,0.442565
80100,a6Hh/InvElLjju5Yd4OthKiBokJP1uIuhQ/cYeFuiDsE6ka/+QUjU7dHeWkLWppG,0.389779,0.826758,0.498742
80400,a6Hh/InvElLjju5Yd4OthKiBokJP1uIuhQ/cYeFuiDsE6ka/+QUjU7dHeWkLWppG,0.38203000000000004,0.876967,0.49345900000000004
80700,a6Hh/InvElLjju5Yd4OthKiBokJP1uIuhQ/cYeFuiDsE6ka/+QUjU7dHeWkLWppG,0.399811,1.5621040000000002,0.556661
81000,a6Hh/InvElLjju5Yd4OthKiBokJP1uIuhQ/cYeFuiDsE6ka/+QUjU7dHeWkLWppG,0.383116,0.90948,0.486732
81300,a6Hh/InvElLjju5Yd4OthKiBokJP1uIuhQ/cYeFuiDsE6ka/+QUjU7dHeWkLWppG,0.392131,0.657099,0.447596
81600,a6Hh/InvElLjju5Yd4OthKiBokJP1uIuhQ/cYeFuiDsE6ka/+QUjU7dHeWkLWppG,0.390819,0.856651,0.470195
81900,a6Hh/InvElLjju5Yd4OthKiBokJP1uIuhQ/cYeFuiDsE6ka/+QUjU7dHeWkLWppG,0.37546799999999997,0.628961,0.43020600000000003
82200,a6Hh/InvElLjju5Yd4OthKiBokJP1uIuhQ/cYeFuiDsE6ka/+QUjU7dHeWkLWppG,0.376175,0.811747,0.48871499999999996
82500,a6Hh/InvElLjju5Yd4OthKiBokJP1uIuhQ/cYeFuiDsE6ka/+QUjU7dHeWkLWppG,0.37986,1.636259,0.57352
82800,a6Hh/InvElLjju5Yd4OthKiBokJP1uIuhQ/cYeFuiDsE6ka/+QUjU7dHeWkLWppG,0.365723,1.345537,0.5305770000000001
83100,a6Hh/InvElLjju5Yd4OthKiBokJP1uIuhQ/cYeFuiDsE6ka/+QUjU7dHeWkLWppG,0.216196,0.70129,0.427688
83400,a6Hh/InvElLjju5Yd4OthKiBokJP1uIuhQ/cYeFuiDsE6ka/+QUjU7dHeWkLWppG,0.389202,0.65886,0.461005
83700,a6Hh/InvElLjju5Yd4OthKiBokJP1uIuhQ/cYeFuiDsE6ka/+QUjU7dHeWkLWppG,0.218533,0.630555,0.431263
84000,a6Hh/InvElLjju5Yd4OthKiBokJP1uIuhQ/cYeFuiDsE6ka/+QUjU7dHeWkLWppG,0.400069,0.671508,0.453009
84300,a6Hh/InvElLjju5Yd4OthKiBokJP1uIuhQ/cYeFuiDsE6ka/+QUjU7dHeWkLWppG,0.191749,0.665676,0.43586
84600,a6Hh/InvElLjju5Yd4OthKiBokJP1uIuhQ/cYeFuiDsE6ka/+QUjU7dHeWkLWppG,0.38506799999999997,0.678457,0.457114
84900,a6Hh/InvElLjju5Yd4OthKiBokJP1uIuhQ/cYeFuiDsE6ka/+QUjU7dHeWkLWppG,0.240851,0.665315,0.44696400000000003
85200,a6Hh/InvElLjju5Yd4OthKiBokJP1uIuhQ/cYeFuiDsE6ka/+QUjU7dHeWkLWppG,0.38556399999999996,0.702609,0.45364399999999994
85500,a6Hh/InvElLjju5Yd4OthKiBokJP1uIuhQ/cYeFuiDsE6ka/+QUjU7dHeWkLWppG,0.217275,0.722268,0.430871
85800,a6Hh/InvElLjju5Yd4OthKiBokJP1uIuhQ/cYeFuiDsE6ka/+QUjU7dHeWkLWppG,0.17439200000000002,0.486964,0.40426599999999996
86100,a6Hh/InvElLjju5Yd4OthKiBokJP1uIuhQ/cYeFuiDsE6ka/+QUjU7dHeWkLWppG,0.388309,3.752856,0.747261
86400,a6Hh/InvElLjju5Yd4OthKiBokJP1uIuhQ/cYeFuiDsE6ka/+QUjU7dHeWkLWppG,0.175208,0.711707,0.470413
86700,a6Hh/InvElLjju5Yd4OthKiBokJP1uIuhQ/cYeFuiDsE6ka/+QUjU7dHeWkLWppG,0.42216000000000004,0.666027,0.48944899999999997
87000,a6Hh/InvElLjju5Yd4OthKiBokJP1uIuhQ/cYeFuiDsE6ka/+QUjU7dHeWkLWppG,0.142708,0.6566529999999999,0.432885
87300,a6Hh/InvElLjju5Yd4OthKiBokJP1uIuhQ/cYeFuiDsE6ka/+QUjU7dHeWkLWppG,0.410337,0.672663,0.465938
87600,a6Hh/InvElLjju5Yd4OthKiBokJP1uIuhQ/cYeFuiDsE6ka/+QUjU7dHeWkLWppG,0.185424,0.661119,0.445183
87900,a6Hh/InvElLjju5Yd4OthKiBokJP1uIuhQ/cYeFuiDsE6ka/+QUjU7dHeWkLWppG,0.369252,1.542331,0.538658
88200,a6Hh/InvElLjju5Yd4OthKiBokJP1uIuhQ/cYeFuiDsE6ka/+QUjU7dHeWkLWppG,0.20883000000000002,2.03383,0.6060979999999999
88500,a6Hh/InvElLjju5Yd4OthKiBokJP1uIuhQ/cYeFuiDsE6ka/+QUjU7dHeWkLWppG,0.192529,0.504919,0.44323199999999996
88800,a6Hh/InvElLjju5Yd4OthKiBokJP1uIuhQ/cYeFuiDsE6ka/+QUjU7dHeWkLWppG,0.39860300000000004,0.6960390000000001,0.462398
89100,a6Hh/InvElLjju5Yd4OthKiBokJP1uIuhQ/cYeFuiDsE6ka/+QUjU7dHeWkLWppG,0.187856,0.674784,0.432997
89400,a6Hh/InvElLjju5Yd4OthKiBokJP1uIuhQ/cYeFuiDsE6ka/+QUjU7dHeWkLWppG,0.385336,0.654672,0.462991
89700,a6Hh/InvElLjju5Yd4OthKiBokJP1uIuhQ/cYeFuiDsE6ka/+QUjU7dHeWkLWppG,0.20749099999999998,1.818091,0.575879
90000,a6Hh/InvElLjju5Yd4OthKiBokJP1uIuhQ/cYeFuiDsE6ka/+QUjU7dHeWkLWppG,0.397528,0.710431,0.463557
90300,a6Hh/InvElLjju5Yd4OthKiBokJP1uIuhQ/cYeFuiDsE6ka/+QUjU7dHeWkLWppG,0.198818,0.6261359999999999,0.41324099999999997
90600,a6Hh/InvElLjju5Yd4OthKiBokJP1uIuhQ/cYeFuiDsE6ka/+QUjU7dHeWkLWppG,0.372843,0.6468109999999999,0.436271
90900,a6Hh/InvElLjju5Yd4OthKiBokJP1uIuhQ/cYeFuiDsE6ka/+QUjU7dHeWkLWppG,0.193521,0.670091,0.414549
91200,a6Hh/InvElLjju5Yd4OthKiBokJP1uIuhQ/cYeFuiDsE6ka/+QUjU7dHeWkLWppG,0.185638,0.425492,0.378418
91500,a6Hh/InvElLjju5Yd4OthKiBokJP1uIuhQ/cYeFuiDsE6ka/+QUjU7dHeWkLWppG,0.37517399999999995,0.614344,0.428767
91800,a6Hh/InvElLjju5Yd4OthKiBokJP1uIuhQ/cYeFuiDsE6ka/+QUjU7dHeWkLWppG,0.194417,0.6565880000000001,0.408831
92100,a6Hh/InvElLjju5Yd4OthKiBokJP1uIuhQ/cYeFuiDsE6ka/+QUjU7dHeWkLWppG,0.365883,0.6761659999999999,0.43799099999999996
92400,a6Hh/InvElLjju5Yd4OthKiBokJP1uIuhQ/cYeFuiDsE6ka/+QUjU7dHeWkLWppG,0.30351300000000003,0.630081,0.420961
92700,a6Hh/InvElLjju5Yd4OthKiBokJP1uIuhQ/cYeFuiDsE6ka/+QUjU7dHeWkLWppG,0.3807,3.578146,0.772233
93000,a6Hh/InvElLjju5Yd4OthKiBokJP1uIuhQ/cYeFuiDsE6ka/+QUjU7dHeWkLWppG,0.415546,0.74744,0.489508
93300,a6Hh/InvElLjju5Yd4OthKiBokJP1uIuhQ/cYeFuiDsE6ka/+QUjU7dHeWkLWppG,0.416865,0.674107,0.476171
93600,a6Hh/InvElLjju5Yd4OthKiBokJP1uIuhQ/cYeFuiDsE6ka/+QUjU7dHeWkLWppG,0.213356,0.71226,0.446392
93900,a6Hh/InvElLjju5Yd4OthKiBokJP1uIuhQ/cYeFuiDsE6ka/+QUjU7dHeWkLWppG,0.19867100000000001,0.628931,0.42043100000000005
94200,a6Hh/InvElLjju5Yd4OthKiBokJP1uIuhQ/cYeFuiDsE6ka/+QUjU7dHeWkLWppG,0.383761,0.661762,0.434713
94500,a6Hh/InvElLjju5Yd4OthKiBokJP1uIuhQ/cYeFuiDsE6ka/+QUjU7dHeWkLWppG,0.191751,0.676392,0.409348
94800,a6Hh/InvElLjju5Yd4OthKiBokJP1uIuhQ/cYeFuiDsE6ka/+QUjU7dHeWkLWppG,0.386358,0.619904,0.426446
95100,a6Hh/InvElLjju5Yd4OthKiBokJP1uIuhQ/cYeFuiDsE6ka/+QUjU7dHeWkLWppG,0.38295300000000004,1.6651479999999999,0.6166189999999999
95400,a6Hh/InvElLjju5Yd4OthKiBokJP1uIuhQ/cYeFuiDsE6ka/+QUjU7dHeWkLWppG,0.387574,0.66923,0.44080600000000003
95700,a6Hh/InvElLjju5Yd4OthKiBokJP1uIuhQ/cYeFuiDsE6ka/+QUjU7dHeWkLWppG,0.165515,0.6406729999999999,0.41868900000000003
96000,a6Hh/InvElLjju5Yd4OthKiBokJP1uIuhQ/cYeFuiDsE6ka/+QUjU7dHeWkLWppG,0.381364,0.636554,0.438936
96300,a6Hh/InvElLjju5Yd4OthKiBokJP1uIuhQ/cYeFuiDsE6ka/+QUjU7dHeWkLWppG,0.193432,0.6531319999999999,0.42218599999999995
96600,a6Hh/InvElLjju5Yd4OthKiBokJP1uIuhQ/cYeFuiDsE6ka/+QUjU7dHeWkLWppG,0.339568,0.510203,0.41321800000000003
96900,a6Hh/InvElLjju5Yd4OthKiBokJP1uIuhQ/cYeFuiDsE6ka/+QUjU7dHeWkLWppG,0.400758,1.608431,0.5816720000000001
97200,a6Hh/InvElLjju5Yd4OthKiBokJP1uIuhQ/cYeFuiDsE6ka/+QUjU7dHeWkLWppG,0.19885,0.663041,0.42917
97500,a6Hh/InvElLjju5Yd4OthKiBokJP1uIuhQ/cYeFuiDsE6ka/+QUjU7dHeWkLWppG,0.398725,0.635075,0.45133900000000005
97800,a6Hh/InvElLjju5Yd4OthKiBokJP1uIuhQ/cYeFuiDsE6ka/+QUjU7dHeWkLWppG,0.21656599999999998,0.6557270000000001,0.46146400000000004
98100,a6Hh/InvElLjju5Yd4OthKiBokJP1uIuhQ/cYeFuiDsE6ka/+QUjU7dHeWkLWppG,0.40007,0.7220979999999999,0.458309
98400,a6Hh/InvElLjju5Yd4OthKiBokJP1uIuhQ/cYeFuiDsE6ka/+QUjU7dHeWkLWppG,0.41219300000000003,1.0753030000000001,0.522725
98700,a6Hh/InvElLjju5Yd4OthKiBokJP1uIuhQ/cYeFuiDsE6ka/+QUjU7dHeWkLWppG,0.41453900000000005,0.648832,0.463212
99000,a6Hh/InvElLjju5Yd4OthKiBokJP1uIuhQ/cYeFuiDsE6ka/+QUjU7dHeWkLWppG,0.401009,0.682852,0.484566
99300,a6Hh/InvElLjju5Yd4OthKiBokJP1uIuhQ/cYeFuiDsE6ka/+QUjU7dHeWkLWppG,0.40481300000000003,0.620202,0.471926
99600,a6Hh/InvElLjju5Yd4OthKiBokJP1uIuhQ/cYeFuiDsE6ka/+QUjU7dHeWkLWppG,0.394117,0.6224109999999999,0.462884
99900,a6Hh/InvElLjju5Yd4OthKiBokJP1uIuhQ/cYeFuiDsE6ka/+QUjU7dHeWkLWppG,0.390843,1.020627,0.514596
100200,a6Hh/InvElLjju5Yd4OthKiBokJP1uIuhQ/cYeFuiDsE6ka/+QUjU7dHeWkLWppG,0.383896,0.652026,0.454872
100500,a6Hh/InvElLjju5Yd4OthKiBokJP1uIuhQ/cYeFuiDsE6ka/+QUjU7dHeWkLWppG,0.385843,1.2259520000000002,0.530488
100800,a6Hh/InvElLjju5Yd4OthKiBokJP1uIuhQ/cYeFuiDsE6ka/+QUjU7dHeWkLWppG,0.382444,0.632271,0.43965200000000004
101100,a6Hh/InvElLjju5Yd4OthKiBokJP1uIuhQ/cYeFuiDsE6ka/+QUjU7dHeWkLWppG,0.453151,3.4695169999999997,0.9820909999999999
101400,a6Hh/InvElLjju5Yd4OthKiBokJP1uIuhQ/cYeFuiDsE6ka/+QUjU7dHeWkLWppG,0.413894,0.64227,0.477013
101700,a6Hh/InvElLjju5Yd4OthKiBokJP1uIuhQ/cYeFuiDsE6ka/+QUjU7dHeWkLWppG,0.395903,1.142269,0.5320630000000001
102000,a6Hh/InvElLjju5Yd4OthKiBokJP1uIuhQ/cYeFuiDsE6ka/+QUjU7dHeWkLWppG,0.399532,0.8883049999999999,0.47890299999999997
102300,a6Hh/InvElLjju5Yd4OthKiBokJP1uIuhQ/cYeFuiDsE6ka/+QUjU7dHeWkLWppG,0.405612,1.6167049999999998,0.5843189999999999
102600,a6Hh/InvElLjju5Yd4OthKiBokJP1uIuhQ/cYeFuiDsE6ka/+QUjU7dHeWkLWppG,0.378706,0.6994739999999999,0.45418000000000003
102900,a6Hh/InvElLjju5Yd4OthKiBokJP1uIuhQ/cYeFuiDsE6ka/+QUjU7dHeWkLWppG,0.381739,0.6495529999999999,0.42883999999999994
103200,a6Hh/InvElLjju5Yd4OthKiBokJP1uIuhQ/cYeFuiDsE6ka/+QUjU7dHeWkLWppG,0.381236,0.71917,0.44438900000000003
103500,a6Hh/InvElLjju5Yd4OthKiBokJP1uIuhQ/cYeFuiDsE6ka/+QUjU7dHeWkLWppG,0.373096,0.655655,0.43320200000000003
103800,a6Hh/InvElLjju5Yd4OthKiBokJP1uIuhQ/cYeFuiDsE6ka/+QUjU7dHeWkLWppG,0.3838,0.711679,0.44441400000000003
104100,a6Hh/InvElLjju5Yd4OthKiBokJP1uIuhQ/cYeFuiDsE6ka/+QUjU7dHeWkLWppG,0.39315300000000003,1.648769,0.561005
104400,a6Hh/InvElLjju5Yd4OthKiBokJP1uIuhQ/cYeFuiDsE6ka/+QUjU7dHeWkLWppG,0.383949,0.751957,0.45952600000000005
104700,a6Hh/InvElLjju5Yd4OthKiBokJP1uIuhQ/cYeFuiDsE6ka/+QUjU7dHeWkLWppG,0.39973400000000003,0.64193,0.43850200000000006
105000,a6Hh/InvElLjju5Yd4OthKiBokJP1uIuhQ/cYeFuiDsE6ka/+QUjU7dHeWkLWppG,0.378538,0.830523,0.45998900000000004
105300,a6Hh/InvElLjju5Yd4OthKiBokJP1uIuhQ/cYeFuiDsE6ka/+QUjU7dHeWkLWppG,0.38502800000000004,0.6434380000000001,0.452862
105600,a6Hh/InvElLjju5Yd4OthKiBokJP1uIuhQ/cYeFuiDsE6ka/+QUjU7dHeWkLWppG,0.386812,0.600428,0.431838
105900,a6Hh/InvElLjju5Yd4OthKiBokJP1uIuhQ/cYeFuiDsE6ka/+QUjU7dHeWkLWppG,0.390049,0.61551,0.437671
106200,a6Hh/InvElLjju5Yd4OthKiBokJP1uIuhQ/cYeFuiDsE6ka/+QUjU7dHeWkLWppG,0.378232,0.631445,0.43353800000000003
106500,a6Hh/InvElLjju5Yd4OthKiBokJP1uIuhQ/cYeFuiDsE6ka/+QUjU7dHeWkLWppG,0.37619400000000003,0.614437,0.444733
106800,a6Hh/InvElLjju5Yd4OthKiBokJP1uIuhQ/cYeFuiDsE6ka/+QUjU7dHeWkLWppG,0.383992,18.644828,2.264996
107100,a6Hh/InvElLjju5Yd4OthKiBokJP1uIuhQ/cYeFuiDsE6ka/+QUjU7dHeWkLWppG,0.359898,2.050771,0.5963930000000001
107400,a6Hh/InvElLjju5Yd4OthKiBokJP1uIuhQ/cYeFuiDsE6ka/+QUjU7dHeWkLWppG,0.38051399999999996,0.48097399999999996,0.41951099999999997
107700,a6Hh/InvElLjju5Yd4OthKiBokJP1uIuhQ/cYeFuiDsE6ka/+QUjU7dHeWkLWppG,0.382759,0.6711090000000001,0.44215600000000005
108000,a6Hh/InvElLjju5Yd4OthKiBokJP1uIuhQ/cYeFuiDsE6ka/+QUjU7dHeWkLWppG,0.194465,0.6315109999999999,0.414704
108300,a6Hh/InvElLjju5Yd4OthKiBokJP1uIuhQ/cYeFuiDsE6ka/+QUjU7dHeWkLWppG,0.37735100000000005,0.630378,0.433461
108600,a6Hh/InvElLjju5Yd4OthKiBokJP1uIuhQ/cYeFuiDsE6ka/+QUjU7dHeWkLWppG,0.23079499999999997,3.551975,0.746801
108900,a6Hh/InvElLjju5Yd4OthKiBokJP1uIuhQ/cYeFuiDsE6ka/+QUjU7dHeWkLWppG,0.433278,0.699875,0.498867
109200,a6Hh/InvElLjju5Yd4OthKiBokJP1uIuhQ/cYeFuiDsE6ka/+QUjU7dHeWkLWppG,0.399898,0.6935439999999999,0.47248999999999997
109500,a6Hh/InvElLjju5Yd4OthKiBokJP1uIuhQ/cYeFuiDsE6ka/+QUjU7dHeWkLWppG,0.40262600000000004,0.674048,0.467674
109800,a6Hh/InvElLjju5Yd4OthKiBokJP1uIuhQ/cYeFuiDsE6ka/+QUjU7dHeWkLWppG,0.301764,0.6672100000000001,0.45194300000000004
110100,a6Hh/InvElLjju5Yd4OthKiBokJP1uIuhQ/cYeFuiDsE6ka/+QUjU7dHeWkLWppG,0.213563,0.6369199999999999,0.422282
110400,a6Hh/InvElLjju5Yd4OthKiBokJP1uIuhQ/cYeFuiDsE6ka/+QUjU7dHeWkLWppG,0.392904,0.6993560000000001,0.452611
110700,a6Hh/InvElLjju5Yd4OthKiBokJP1uIuhQ/cYeFuiDsE6ka/+QUjU7dHeWkLWppG,0.197442,0.71395,0.423842
111000,a6Hh/InvElLjju5Yd4OthKiBokJP1uIuhQ/cYeFuiDsE6ka/+QUjU7dHeWkLWppG,0.36651,0.7121149999999999,0.46848900000000004
111300,a6Hh/InvElLjju5Yd4OthKiBokJP1uIuhQ/cYeFuiDsE6ka/+QUjU7dHeWkLWppG,0.203075,0.642753,0.436482
111600,a6Hh/InvElLjju5Yd4OthKiBokJP1uIuhQ/cYeFuiDsE6ka/+QUjU7dHeWkLWppG,0.39213200000000004,0.672551,0.44228500000000004
111900,a6Hh/InvElLjju5Yd4OthKiBokJP1uIuhQ/cYeFuiDsE6ka/+QUjU7dHeWkLWppG,0.24389899999999998,0.647768,0.430274
112200,a6Hh/InvElLjju5Yd4OthKiBokJP1uIuhQ/cYeFuiDsE6ka/+QUjU7dHeWkLWppG,0.40304,0.674082,0.45393999999999995
112500,a6Hh/InvElLjju5Yd4OthKiBokJP1uIuhQ/cYeFuiDsE6ka/+QUjU7dHeWkLWppG,0.262587,0.6120939999999999,0.416599
112800,a6Hh/InvElLjju5Yd4OthKiBokJP1uIuhQ/cYeFuiDsE6ka/+QUjU7dHeWkLWppG,0.27631100000000003,0.5126470000000001,0.415314
113100,a6Hh/InvElLjju5Yd4OthKiBokJP1uIuhQ/cYeFuiDsE6ka/+QUjU7dHeWkLWppG,0.40419099999999997,0.67375,0.455337
113400,a6Hh/InvElLjju5Yd4OthKiBokJP1uIuhQ/cYeFuiDsE6ka/+QUjU7dHeWkLWppG,0.238973,0.64199,0.432105
113700,a6Hh/InvElLjju5Yd4OthKiBokJP1uIuhQ/cYeFuiDsE6ka/+QUjU7dHeWkLWppG,0.39934899999999995,0.6519659999999999,0.454347
114000,a6Hh/InvElLjju5Yd4OthKiBokJP1uIuhQ/cYeFuiDsE6ka/+QUjU7dHeWkLWppG,0.375755,0.737081,0.501679
114300,a6Hh/InvElLjju5Yd4OthKiBokJP1uIuhQ/cYeFuiDsE6ka/+QUjU7dHeWkLWppG,0.39931500000000003,0.6604760000000001,0.44378500000000004
114600,a6Hh/InvElLjju5Yd4OthKiBokJP1uIuhQ/cYeFuiDsE6ka/+QUjU7dHeWkLWppG,0.24363600000000002,0.630922,0.43346999999999997
114900,a6Hh/InvElLjju5Yd4OthKiBokJP1uIuhQ/cYeFuiDsE6ka/+QUjU7dHeWkLWppG,0.386248,0.651544,0.456056
115200,a6Hh/InvElLjju5Yd4OthKiBokJP1uIuhQ/cYeFuiDsE6ka/+QUjU7dHeWkLWppG,0.24525300000000003,0.5971310000000001,0.42276499999999995
115500,a6Hh/InvElLjju5Yd4OthKiBokJP1uIuhQ/cYeFuiDsE6ka/+QUjU7dHeWkLWppG,0.30145700000000003,0.439899,0.400314
115800,a6Hh/InvElLjju5Yd4OthKiBokJP1uIuhQ/cYeFuiDsE6ka/+QUjU7dHeWkLWppG,0.37904699999999997,0.620575,0.429487
116100,a6Hh/InvElLjju5Yd4OthKiBokJP1uIuhQ/cYeFuiDsE6ka/+QUjU7dHeWkLWppG,0.378365,0.64489,0.42781800000000003
116400,a6Hh/InvElLjju5Yd4OthKiBokJP1uIuhQ/cYeFuiDsE6ka/+QUjU7dHeWkLWppG,0.384357,0.616604,0.433605
116700,a6Hh/InvElLjju5Yd4OthKiBokJP1uIuhQ/cYeFuiDsE6ka/+QUjU7dHeWkLWppG,0.388225,2.118338,0.638785
117000,a6Hh/InvElLjju5Yd4OthKiBokJP1uIuhQ/cYeFuiDsE6ka/+QUjU7dHeWkLWppG,0.42335600000000007,0.641993,0.48260200000000003
117300,a6Hh/InvElLjju5Yd4OthKiBokJP1uIuhQ/cYeFuiDsE6ka/+QUjU7dHeWkLWppG,0.274581,0.648842,0.43189099999999997
117600,a6Hh/InvElLjju5Yd4OthKiBokJP1uIuhQ/cYeFuiDsE6ka/+QUjU7dHeWkLWppG,0.397396,0.662114,0.454317
117900,a6Hh/InvElLjju5Yd4OthKiBokJP1uIuhQ/cYeFuiDsE6ka/+QUjU7dHeWkLWppG,0.271477,0.6562020000000001,0.455657
118200,a6Hh/InvElLjju5Yd4OthKiBokJP1uIuhQ/cYeFuiDsE6ka/+QUjU7dHeWkLWppG,0.216901,0.46399700000000005,0.380154
118500,a6Hh/InvElLjju5Yd4OthKiBokJP1uIuhQ/cYeFuiDsE6ka/+QUjU7dHeWkLWppG,0.372246,0.6750390000000001,0.463674
118800,a6Hh/InvElLjju5Yd4OthKiBokJP1uIuhQ/cYeFuiDsE6ka/+QUjU7dHeWkLWppG,0.33282399999999995,0.701498,0.466329
119100,a6Hh/InvElLjju5Yd4OthKiBokJP1uIuhQ/cYeFuiDsE6ka/+QUjU7dHeWkLWppG,0.373763,0.789558,0.43743999999999994
119400,a6Hh/InvElLjju5Yd4OthKiBokJP1uIuhQ/cYeFuiDsE6ka/+QUjU7dHeWkLWppG,0.24879400000000002,0.671258,0.412303
119700,a6Hh/InvElLjju5Yd4OthKiBokJP1uIuhQ/cYeFuiDsE6ka/+QUjU7dHeWkLWppG,0.379243,0.622761,0.42472200000000004
120000,a6Hh/InvElLjju5Yd4OthKiBokJP1uIuhQ/cYeFuiDsE6ka/+QUjU7dHeWkLWppG,0.21794899999999998,0.62171,0.41198
120300,a6Hh/InvElLjju5Yd4OthKiBokJP1uIuhQ/cYeFuiDsE6ka/+QUjU7dHeWkLWppG,0.386565,0.62729,0.44061000000000006
120600,a6Hh/InvElLjju5Yd4OthKiBokJP1uIuhQ/cYeFuiDsE6ka/+QUjU7dHeWkLWppG,0.367209,0.621456,0.431651
120900,a6Hh/InvElLjju5Yd4OthKiBokJP1uIuhQ/cYeFuiDsE6ka/+QUjU7dHeWkLWppG,0.380121,0.709296,0.44456999999999997
121200,a6Hh/InvElLjju5Yd4OthKiBokJP1uIuhQ/cYeFuiDsE6ka/+QUjU7dHeWkLWppG,0.373726,0.644513,0.43881099999999995
121500,a6Hh/InvElLjju5Yd4OthKiBokJP1uIuhQ/cYeFuiDsE6ka/+QUjU7dHeWkLWppG,0.39912,0.667367,0.46698599999999996
121800,a6Hh/InvElLjju5Yd4OthKiBokJP1uIuhQ/cYeFuiDsE6ka/+QUjU7dHeWkLWppG,0.377031,0.637988,0.44146
122100,a6Hh/InvElLjju5Yd4OthKiBokJP1uIuhQ/cYeFuiDsE6ka/+QUjU7dHeWkLWppG,0.38874200000000003,0.838232,0.488612
122400,a6Hh/InvElLjju5Yd4OthKiBokJP1uIuhQ/cYeFuiDsE6ka/+QUjU7dHeWkLWppG,0.39719299999999996,0.71037,0.456739
122700,a6Hh/InvElLjju5Yd4OthKiBokJP1uIuhQ/cYeFuiDsE6ka/+QUjU7dHeWkLWppG,0.396916,0.729288,0.46676999999999996
123000,a6Hh/InvElLjju5Yd4OthKiBokJP1uIuhQ/cYeFuiDsE6ka/+QUjU7dHeWkLWppG,0.386866,0.654881,0.439604
123300,a6Hh/InvElLjju5Yd4OthKiBokJP1uIuhQ/cYeFuiDsE6ka/+QUjU7dHeWkLWppG,0.368066,0.663068,0.462761
123600,a6Hh/InvElLjju5Yd4OthKiBokJP1uIuhQ/cYeFuiDsE6ka/+QUjU7dHeWkLWppG,0.406402,0.9932489999999999,0.482832
123900,a6Hh/InvElLjju5Yd4OthKiBokJP1uIuhQ/cYeFuiDsE6ka/+QUjU7dHeWkLWppG,0.380554,0.6276609999999999,0.433118
124200,a6Hh/InvElLjju5Yd4OthKiBokJP1uIuhQ/cYeFuiDsE6ka/+QUjU7dHeWkLWppG,0.375366,0.759944,0.47552799999999995
124500,a6Hh/InvElLjju5Yd4OthKiBokJP1uIuhQ/cYeFuiDsE6ka/+QUjU7dHeWkLWppG,0.37403400000000003,0.7364569999999999,0.44400200000000006
124800,a6Hh/InvElLjju5Yd4OthKiBokJP1uIuhQ/cYeFuiDsE6ka/+QUjU7dHeWkLWppG,0.390979,0.706864,0.466912
125100,a6Hh/InvElLjju5Yd4OthKiBokJP1uIuhQ/cYeFuiDsE6ka/+QUjU7dHeWkLWppG,0.394482,0.690571,0.448941
125400,a6Hh/InvElLjju5Yd4OthKiBokJP1uIuhQ/cYeFuiDsE6ka/+QUjU7dHeWkLWppG,0.345396,0.6695270000000001,0.43637700000000007
125700,a6Hh/InvElLjju5Yd4OthKiBokJP1uIuhQ/cYeFuiDsE6ka/+QUjU7dHeWkLWppG,0.37691199999999997,0.6702670000000001,0.45873100000000006
126000,a6Hh/InvElLjju5Yd4OthKiBokJP1uIuhQ/cYeFuiDsE6ka/+QUjU7dHeWkLWppG,0.188658,0.647948,0.43744700000000003
126300,a6Hh/InvElLjju5Yd4OthKiBokJP1uIuhQ/cYeFuiDsE6ka/+QUjU7dHeWkLWppG,0.247552,0.48908100000000004,0.407058
126600,a6Hh/InvElLjju5Yd4OthKiBokJP1uIuhQ/cYeFuiDsE6ka/+QUjU7dHeWkLWppG,0.396897,0.715701,0.47161099999999995
126900,a6Hh/InvElLjju5Yd4OthKiBokJP1uIuhQ/cYeFuiDsE6ka/+QUjU7dHeWkLWppG,0.23022399999999998,0.663119,0.441892
127200,a6Hh/InvElLjju5Yd4OthKiBokJP1uIuhQ/cYeFuiDsE6ka/+QUjU7dHeWkLWppG,0.385023,0.714884,0.466017
127500,a6Hh/InvElLjju5Yd4OthKiBokJP1uIuhQ/cYeFuiDsE6ka/+QUjU7dHeWkLWppG,0.23385,0.7376550000000001,0.44851
127800,a6Hh/InvElLjju5Yd4OthKiBokJP1uIuhQ/cYeFuiDsE6ka/+QUjU7dHeWkLWppG,0.414554,0.655571,0.458707
128100,a6Hh/InvElLjju5Yd4OthKiBokJP1uIuhQ/cYeFuiDsE6ka/+QUjU7dHeWkLWppG,0.203127,0.650316,0.427544
128400,a6Hh/InvElLjju5Yd4OthKiBokJP1uIuhQ/cYeFuiDsE6ka/+QUjU7dHeWkLWppG,0.36875,0.624196,0.442303
128700,a6Hh/InvElLjju5Yd4OthKiBokJP1uIuhQ/cYeFuiDsE6ka/+QUjU7dHeWkLWppG,0.258955,0.658801,0.43277200000000005
129000,a6Hh/InvElLjju5Yd4OthKiBokJP1uIuhQ/cYeFuiDsE6ka/+QUjU7dHeWkLWppG,0.37795100000000004,0.620938,0.426099
129300,a6Hh/InvElLjju5Yd4OthKiBokJP1uIuhQ/cYeFuiDsE6ka/+QUjU7dHeWkLWppG,0.173556,0.621595,0.412808
129600,a6Hh/InvElLjju5Yd4OthKiBokJP1uIuhQ/cYeFuiDsE6ka/+QUjU7dHeWkLWppG,0.263295,0.662365,0.42216899999999996
129900,a6Hh/InvElLjju5Yd4OthKiBokJP1uIuhQ/cYeFuiDsE6ka/+QUjU7dHeWkLWppG,0.37143899999999996,0.679712,0.428616
130200,a6Hh/InvElLjju5Yd4OthKiBokJP1uIuhQ/cYeFuiDsE6ka/+QUjU7dHeWkLWppG,0.22160700000000003,0.641842,0.41083100000000006
130500,a6Hh/InvElLjju5Yd4OthKiBokJP1uIuhQ/cYeFuiDsE6ka/+QUjU7dHeWkLWppG,0.373106,3.3856309999999996,0.746479
130800,a6Hh/InvElLjju5Yd4OthKiBokJP1uIuhQ/cYeFuiDsE6ka/+QUjU7dHeWkLWppG,0.314963,0.641266,0.47383000000000003
131100,a6Hh/InvElLjju5Yd4OthKiBokJP1uIuhQ/cYeFuiDsE6ka/+QUjU7dHeWkLWppG,0.408961,0.652475,0.45846499999999996
131400,a6Hh/InvElLjju5Yd4OthKiBokJP1uIuhQ/cYeFuiDsE6ka/+QUjU7dHeWkLWppG,0.209944,0.6506390000000001,0.43421499999999996
131700,a6Hh/InvElLjju5Yd4OthKiBokJP1uIuhQ/cYeFuiDsE6ka/+QUjU7dHeWkLWppG,0.392873,0.687825,0.473024
132000,a6Hh/InvElLjju5Yd4OthKiBokJP1uIuhQ/cYeFuiDsE6ka/+QUjU7dHeWkLWppG,0.387348,0.637584,0.43959
132300,a6Hh/InvElLjju5Yd4OthKiBokJP1uIuhQ/cYeFuiDsE6ka/+QUjU7dHeWkLWppG,0.18509,0.645299,0.415231
132600,a6Hh/InvElLjju5Yd4OthKiBokJP1uIuhQ/cYeFuiDsE6ka/+QUjU7dHeWkLWppG,0.373892,0.61724,0.43003
132900,a6Hh/InvElLjju5Yd4OthKiBokJP1uIuhQ/cYeFuiDsE6ka/+QUjU7dHeWkLWppG,0.204233,0.640563,0.407015
133200,a6Hh/InvElLjju5Yd4OthKiBokJP1uIuhQ/cYeFuiDsE6ka/+QUjU7dHeWkLWppG,0.379643,0.620143,0.430324
133500,a6Hh/InvElLjju5Yd4OthKiBokJP1uIuhQ/cYeFuiDsE6ka/+QUjU7dHeWkLWppG,0.30189299999999997,0.65058,0.428307
133800,a6Hh/InvElLjju5Yd4OthKiBokJP1uIuhQ/cYeFuiDsE6ka/+QUjU7dHeWkLWppG,0.3758,0.657794,0.444824
134100,a6Hh/InvElLjju5Yd4OthKiBokJP1uIuhQ/cYeFuiDsE6ka/+QUjU7dHeWkLWppG,0.175209,0.626941,0.409473
134400,a6Hh/InvElLjju5Yd4OthKiBokJP1uIuhQ/cYeFuiDsE6ka/+QUjU7dHeWkLWppG,0.37692600000000004,0.638788,0.438482
134700,a6Hh/InvElLjju5Yd4OthKiBokJP1uIuhQ/cYeFuiDsE6ka/+QUjU7dHeWkLWppG,0.182015,0.633998,0.42426499999999995
135000,a6Hh/InvElLjju5Yd4OthKiBokJP1uIuhQ/cYeFuiDsE6ka/+QUjU7dHeWkLWppG,0.375776,0.674667,0.44105
135300,a6Hh/InvElLjju5Yd4OthKiBokJP1uIuhQ/cYeFuiDsE6ka/+QUjU7dHeWkLWppG,0.373693,0.637671,0.42612700000000003
135600,a6Hh/InvElLjju5Yd4OthKiBokJP1uIuhQ/cYeFuiDsE6ka/+QUjU7dHeWkLWppG,0.352315,0.6532020000000001,0.43212
135900,a6Hh/InvElLjju5Yd4OthKiBokJP1uIuhQ/cYeFuiDsE6ka/+QUjU7dHeWkLWppG,0.378256,0.709662,0.435667
136200,a6Hh/InvElLjju5Yd4OthKiBokJP1uIuhQ/cYeFuiDsE6ka/+QUjU7dHeWkLWppG,0.214585,0.667806,0.412926
136500,a6Hh/InvElLjju5Yd4OthKiBokJP1uIuhQ/cYeFuiDsE6ka/+QUjU7dHeWkLWppG,0.382375,0.644418,0.438654
136800,a6Hh/InvElLjju5Yd4OthKiBokJP1uIuhQ/cYeFuiDsE6ka/+QUjU7dHeWkLWppG,0.24526900000000001,0.718309,0.43486800000000003
137100,a6Hh/InvElLjju5Yd4OthKiBokJP1uIuhQ/cYeFuiDsE6ka/+QUjU7dHeWkLWppG,0.386176,0.661816,0.43768599999999996
137400,a6Hh/InvElLjju5Yd4OthKiBokJP1uIuhQ/cYeFuiDsE6ka/+QUjU7dHeWkLWppG,0.270919,0.650018,0.42066000000000003
137700,a6Hh/InvElLjju5Yd4OthKiBokJP1uIuhQ/cYeFuiDsE6ka/+QUjU7dHeWkLWppG,0.38831,0.6812630000000001,0.452205
138000,a6Hh/InvElLjju5Yd4OthKiBokJP1uIuhQ/cYeFuiDsE6ka/+QUjU7dHeWkLWppG,0.399365,0.65694,0.44917299999999993
138300,a6Hh/InvElLjju5Yd4OthKiBokJP1uIuhQ/cYeFuiDsE6ka/+QUjU7dHeWkLWppG,0.34963099999999997,0.6661739999999999,0.480433
138600,a6Hh/InvElLjju5Yd4OthKiBokJP1uIuhQ/cYeFuiDsE6ka/+QUjU7dHeWkLWppG,0.37645500000000004,0.727611,0.46186400000000005
138900,a6Hh/InvElLjju5Yd4OthKiBokJP1uIuhQ/cYeFuiDsE6ka/+QUjU7dHeWkLWppG,0.25511,0.718329,0.43473599999999996
139200,a6Hh/InvElLjju5Yd4OthKiBokJP1uIuhQ/cYeFuiDsE6ka/+QUjU7dHeWkLWppG,0.411217,5.408766,0.925542
139500,a6Hh/InvElLjju5Yd4OthKiBokJP1uIuhQ/cYeFuiDsE6ka/+QUjU7dHeWkLWppG,0.246525,0.707403,0.45311999999999997
139800,a6Hh/InvElLjju5Yd4OthKiBokJP1uIuhQ/cYeFuiDsE6ka/+QUjU7dHeWkLWppG,0.370799,0.6281479999999999,0.43977299999999997
140100,a6Hh/InvElLjju5Yd4OthKiBokJP1uIuhQ/cYeFuiDsE6ka/+QUjU7dHeWkLWppG,0.387151,0.641702,0.45782399999999995
140400,a6Hh/InvElLjju5Yd4OthKiBokJP1uIuhQ/cYeFuiDsE6ka/+QUjU7dHeWkLWppG,0.34315300000000004,0.648465,0.431059
140700,a6Hh/InvElLjju5Yd4OthKiBokJP1uIuhQ/cYeFuiDsE6ka/+QUjU7dHeWkLWppG,0.403773,0.615513,0.445538
141000,a6Hh/InvElLjju5Yd4OthKiBokJP1uIuhQ/cYeFuiDsE6ka/+QUjU7dHeWkLWppG,0.350536,0.722037,0.447603
141300,a6Hh/InvElLjju5Yd4OthKiBokJP1uIuhQ/cYeFuiDsE6ka/+QUjU7dHeWkLWppG,0.385292,0.658013,0.478796
141600,a6Hh/InvElLjju5Yd4OthKiBokJP1uIuhQ/cYeFuiDsE6ka/+QUjU7dHeWkLWppG,0.24900799999999998,0.745082,0.456442
141900,a6Hh/InvElLjju5Yd4OthKiBokJP1uIuhQ/cYeFuiDsE6ka/+QUjU7dHeWkLWppG,0.379492,0.659111,0.460775
142200,a6Hh/InvElLjju5Yd4OthKiBokJP1uIuhQ/cYeFuiDsE6ka/+QUjU7dHeWkLWppG,0.376715,0.678122,0.46624099999999996
142500,a6Hh/InvElLjju5Yd4OthKiBokJP1uIuhQ/cYeFuiDsE6ka/+QUjU7dHeWkLWppG,0.392627,0.647062,0.453586
142800,a6Hh/InvElLjju5Yd4OthKiBokJP1uIuhQ/cYeFuiDsE6ka/+QUjU7dHeWkLWppG,0.184798,0.628683,0.424404
143100,a6Hh/InvElLjju5Yd4OthKiBokJP1uIuhQ/cYeFuiDsE6ka/+QUjU7dHeWkLWppG,0.378339,0.669351,0.46029799999999993
143400,a6Hh/InvElLjju5Yd4OthKiBokJP1uIuhQ/cYeFuiDsE6ka/+QUjU7dHeWkLWppG,0.38262399999999996,0.62725,0.440885
143700,a6Hh/InvElLjju5Yd4OthKiBokJP1uIuhQ/cYeFuiDsE6ka/+QUjU7dHeWkLWppG,0.365714,0.770835,0.47238900000000006
144000,a6Hh/InvElLjju5Yd4OthKiBokJP1uIuhQ/cYeFuiDsE6ka/+QUjU7dHeWkLWppG,0.36744699999999997,0.712946,0.429255
144300,a6Hh/InvElLjju5Yd4OthKiBokJP1uIuhQ/cYeFuiDsE6ka/+QUjU7dHeWkLWppG,0.38611999999999996,0.804638,0.46543100000000004
144600,a6Hh/InvElLjju5Yd4OthKiBokJP1uIuhQ/cYeFuiDsE6ka/+QUjU7dHeWkLWppG,0.38043899999999997,0.875233,0.45055200000000006
144900,a6Hh/InvElLjju5Yd4OthKiBokJP1uIuhQ/cYeFuiDsE6ka/+QUjU7dHeWkLWppG,0.37696799999999997,0.6323,0.44587
145200,a6Hh/InvElLjju5Yd4OthKiBokJP1uIuhQ/cYeFuiDsE6ka/+QUjU7dHeWkLWppG,0.379065,0.645428,0.44393299999999997
145500,a6Hh/InvElLjju5Yd4OthKiBokJP1uIuhQ/cYeFuiDsE6ka/+QUjU7dHeWkLWppG,0.376379,0.683133,0.452137
145800,a6Hh/InvElLjju5Yd4OthKiBokJP1uIuhQ/cYeFuiDsE6ka/+QUjU7dHeWkLWppG,0.372311,0.804443,0.466945
146100,a6Hh/InvElLjju5Yd4OthKiBokJP1uIuhQ/cYeFuiDsE6ka/+QUjU7dHeWkLWppG,0.393386,0.644843,0.445467
146400,a6Hh/InvElLjju5Yd4OthKiBokJP1uIuhQ/cYeFuiDsE6ka/+QUjU7dHeWkLWppG,0.359749,0.750424,0.468454
146700,a6Hh/InvElLjju5Yd4OthKiBokJP1uIuhQ/cYeFuiDsE6ka/+QUjU7dHeWkLWppG,0.377764,0.65346,0.441051
147000,a6Hh/InvElLjju5Yd4OthKiBokJP1uIuhQ/cYeFuiDsE6ka/+QUjU7dHeWkLWppG,0.384826,0.973943,0.499046
147300,a6Hh/InvElLjju5Yd4OthKiBokJP1uIuhQ/cYeFuiDsE6ka/+QUjU7dHeWkLWppG,0.41391999999999995,0.644356,0.48657399999999995
147600,a6Hh/InvElLjju5Yd4OthKiBokJP1uIuhQ/cYeFuiDsE6ka/+QUjU7dHeWkLWppG,0.37385,3.445825,0.774756
147900,a6Hh/InvElLjju5Yd4OthKiBokJP1uIuhQ/cYeFuiDsE6ka/+QUjU7dHeWkLWppG,0.43778500000000004,0.6987270000000001,0.48114799999999996
148200,a6Hh/InvElLjju5Yd4OthKiBokJP1uIuhQ/cYeFuiDsE6ka/+QUjU7dHeWkLWppG,0.20081500000000002,0.718521,0.451768
148500,a6Hh/InvElLjju5Yd4OthKiBokJP1uIuhQ/cYeFuiDsE6ka/+QUjU7dHeWkLWppG,0.19725399999999998,0.674773,0.43906000000000006
148800,a6Hh/InvElLjju5Yd4OthKiBokJP1uIuhQ/cYeFuiDsE6ka/+QUjU7dHeWkLWppG,0.41257200000000005,0.835391,0.471612
149100,a6Hh/InvElLjju5Yd4OthKiBokJP1uIuhQ/cYeFuiDsE6ka/+QUjU7dHeWkLWppG,0.20857399999999998,0.6743359999999999,0.419835
149400,a6Hh/InvElLjju5Yd4OthKiBokJP1uIuhQ/cYeFuiDsE6ka/+QUjU7dHeWkLWppG,0.361652,0.655957,0.430849
149700,a6Hh/InvElLjju5Yd4OthKiBokJP1uIuhQ/cYeFuiDsE6ka/+QUjU7dHeWkLWppG,0.160641,0.631245,0.408193
150000,a6Hh/InvElLjju5Yd4OthKiBokJP1uIuhQ/cYeFuiDsE6ka/+QUjU7dHeWkLWppG,0.373514,0.6447510000000001,0.428963
150300,a6Hh/InvElLjju5Yd4OthKiBokJP1uIuhQ/cYeFuiDsE6ka/+QUjU7dHeWkLWppG,0.155329,0.619929,0.41432299999999994
150600,a6Hh/InvElLjju5Yd4OthKiBokJP1uIuhQ/cYeFuiDsE6ka/+QUjU7dHeWkLWppG,0.386703,0.622527,0.44238299999999997
150900,a6Hh/InvElLjju5Yd4OthKiBokJP1uIuhQ/cYeFuiDsE6ka/+QUjU7dHeWkLWppG,0.225454,0.619514,0.43278900000000003
151200,a6Hh/InvElLjju5Yd4OthKiBokJP1uIuhQ/cYeFuiDsE6ka/+QUjU7dHeWkLWppG,0.387515,0.6507310000000001,0.455074
151500,a6Hh/InvElLjju5Yd4OthKiBokJP1uIuhQ/cYeFuiDsE6ka/+QUjU7dHeWkLWppG,0.37140300000000004,0.604442,0.431187
151800,a6Hh/InvElLjju5Yd4OthKiBokJP1uIuhQ/cYeFuiDsE6ka/+QUjU7dHeWkLWppG,0.23012399999999997,0.625779,0.42845900000000003
152100,a6Hh/InvElLjju5Yd4OthKiBokJP1uIuhQ/cYeFuiDsE6ka/+QUjU7dHeWkLWppG,0.386723,0.697702,0.451138
152400,a6Hh/InvElLjju5Yd4OthKiBokJP1uIuhQ/cYeFuiDsE6ka/+QUjU7dHeWkLWppG,0.44178500000000004,3.563872,0.8135399999999999
152700,a6Hh/InvElLjju5Yd4OthKiBokJP1uIuhQ/cYeFuiDsE6ka/+QUjU7dHeWkLWppG,0.42126499999999995,0.739333,0.486695
153000,a6Hh/InvElLjju5Yd4OthKiBokJP1uIuhQ/cYeFuiDsE6ka/+QUjU7dHeWkLWppG,0.18470799999999998,0.7383810000000001,0.43645900000000004
153300,a6Hh/InvElLjju5Yd4OthKiBokJP1uIuhQ/cYeFuiDsE6ka/+QUjU7dHeWkLWppG,0.424446,0.652355,0.475419
153600,a6Hh/InvElLjju5Yd4OthKiBokJP1uIuhQ/cYeFuiDsE6ka/+QUjU7dHeWkLWppG,0.344787,0.678221,0.45538900000000004
153900,a6Hh/InvElLjju5Yd4OthKiBokJP1uIuhQ/cYeFuiDsE6ka/+QUjU7dHeWkLWppG,0.251053,0.69362,0.434726
154200,a6Hh/InvElLjju5Yd4OthKiBokJP1uIuhQ/cYeFuiDsE6ka/+QUjU7dHeWkLWppG,0.376652,0.678157,0.443008
154500,a6Hh/InvElLjju5Yd4OthKiBokJP1uIuhQ/cYeFuiDsE6ka/+QUjU7dHeWkLWppG,0.249016,0.627542,0.42365200000000003
154800,a6Hh/InvElLjju5Yd4OthKiBokJP1uIuhQ/cYeFuiDsE6ka/+QUjU7dHeWkLWppG,0.38114499999999996,0.6110899999999999,0.440724
155100,a6Hh/InvElLjju5Yd4OthKiBokJP1uIuhQ/cYeFuiDsE6ka/+QUjU7dHeWkLWppG,0.304841,0.62588,0.419833
155400,a6Hh/InvElLjju5Yd4OthKiBokJP1uIuhQ/cYeFuiDsE6ka/+QUjU7dHeWkLWppG,0.368733,0.637256,0.439403
155700,a6Hh/InvElLjju5Yd4OthKiBokJP1uIuhQ/cYeFuiDsE6ka/+QUjU7dHeWkLWppG,0.38411300000000004,0.8206190000000001,0.46622399999999997
156000,a6Hh/InvElLjju5Yd4OthKiBokJP1uIuhQ/cYeFuiDsE6ka/+QUjU7dHeWkLWppG,0.37451999999999996,0.626678,0.42796000000000006
156300,a6Hh/InvElLjju5Yd4OthKiBokJP1uIuhQ/cYeFuiDsE6ka/+QUjU7dHeWkLWppG,0.248266,0.686556,0.42252399999999996
156600,a6Hh/InvElLjju5Yd4OthKiBokJP1uIuhQ/cYeFuiDsE6ka/+QUjU7dHeWkLWppG,0.198993,0.753012,0.41881899999999994
156900,a6Hh/InvElLjju5Yd4OthKiBokJP1uIuhQ/cYeFuiDsE6ka/+QUjU7dHeWkLWppG,0.38313200000000003,0.6421399999999999,0.437496
157200,a6Hh/InvElLjju5Yd4OthKiBokJP1uIuhQ/cYeFuiDsE6ka/+QUjU7dHeWkLWppG,0.36713,0.868966,0.480196
157500,a6Hh/InvElLjju5Yd4OthKiBokJP1uIuhQ/cYeFuiDsE6ka/+QUjU7dHeWkLWppG,0.38645100000000004,0.833144,0.45612299999999995
157800,a6Hh/InvElLjju5Yd4OthKiBokJP1uIuhQ/cYeFuiDsE6ka/+QUjU7dHeWkLWppG,0.371145,0.735899,0.47767
158100,a6Hh/InvElLjju5Yd4OthKiBokJP1uIuhQ/cYeFuiDsE6ka/+QUjU7dHeWkLWppG,0.369406,0.6468430000000001,0.43181499999999995
158400,a6Hh/InvElLjju5Yd4OthKiBokJP1uIuhQ/cYeFuiDsE6ka/+QUjU7dHeWkLWppG,0.36193200000000003,0.738798,0.459873
158700,a6Hh/InvElLjju5Yd4OthKiBokJP1uIuhQ/cYeFuiDsE6ka/+QUjU7dHeWkLWppG,0.362954,0.628073,0.421983
159000,a6Hh/InvElLjju5Yd4OthKiBokJP1uIuhQ/cYeFuiDsE6ka/+QUjU7dHeWkLWppG,0.389015,0.620825,0.455241
159300,a6Hh/InvElLjju5Yd4OthKiBokJP1uIuhQ/cYeFuiDsE6ka/+QUjU7dHeWkLWppG,0.173102,0.664604,0.41031999999999996
159600,a6Hh/InvElLjju5Yd4OthKiBokJP1uIuhQ/cYeFuiDsE6ka/+QUjU7dHeWkLWppG,0.37691199999999997,2.002566,0.627496
159900,a6Hh/InvElLjju5Yd4OthKiBokJP1uIuhQ/cYeFuiDsE6ka/+QUjU7dHeWkLWppG,0.422108,0.723296,0.48808900000000005
160200,a6Hh/InvElLjju5Yd4OthKiBokJP1uIuhQ/cYeFuiDsE6ka/+QUjU7dHeWkLWppG,0.399959,0.658956,0.44745100000000004
160500,a6Hh/InvElLjju5Yd4OthKiBokJP1uIuhQ/cYeFuiDsE6ka/+QUjU7dHeWkLWppG,0.190386,0.7111689999999999,0.44532200000000005
160800,a6Hh/InvElLjju5Yd4OthKiBokJP1uIuhQ/cYeFuiDsE6ka/+QUjU7dHeWkLWppG,0.379771,0.780863,0.47429399999999994
161100,a6Hh/InvElLjju5Yd4OthKiBokJP1uIuhQ/cYeFuiDsE6ka/+QUjU7dHeWkLWppG,0.17894200000000002,0.729644,0.420649
161400,a6Hh/InvElLjju5Yd4OthKiBokJP1uIuhQ/cYeFuiDsE6ka/+QUjU7dHeWkLWppG,0.372386,0.658036,0.42854899999999996
161700,a6Hh/InvElLjju5Yd4OthKiBokJP1uIuhQ/cYeFuiDsE6ka/+QUjU7dHeWkLWppG,0.19805799999999998,0.680351,0.414396
162000,a6Hh/InvElLjju5Yd4OthKiBokJP1uIuhQ/cYeFuiDsE6ka/+QUjU7dHeWkLWppG,0.16712,0.817353,0.43950100000000003
162300,a6Hh/InvElLjju5Yd4OthKiBokJP1uIuhQ/cYeFuiDsE6ka/+QUjU7dHeWkLWppG,0.402512,0.6773899999999999,0.454291
162600,a6Hh/InvElLjju5Yd4OthKiBokJP1uIuhQ/cYeFuiDsE6ka/+QUjU7dHeWkLWppG,0.154449,0.712429,0.42280200000000007
162900,a6Hh/InvElLjju5Yd4OthKiBokJP1uIuhQ/cYeFuiDsE6ka/+QUjU7dHeWkLWppG,0.38049299999999997,0.622468,0.441891
163200,a6Hh/InvElLjju5Yd4OthKiBokJP1uIuhQ/cYeFuiDsE6ka/+QUjU7dHeWkLWppG,0.174145,0.68682,0.42713199999999996
163500,a6Hh/InvElLjju5Yd4OthKiBokJP1uIuhQ/cYeFuiDsE6ka/+QUjU7dHeWkLWppG,0.38993099999999997,0.742658,0.47106899999999996
163800,a6Hh/InvElLjju5Yd4OthKiBokJP1uIuhQ/cYeFuiDsE6ka/+QUjU7dHeWkLWppG,0.22189,0.742172,0.428245
164100,a6Hh/InvElLjju5Yd4OthKiBokJP1uIuhQ/cYeFuiDsE6ka/+QUjU7dHeWkLWppG,0.390162,0.773355,0.461128
164400,a6Hh/InvElLjju5Yd4OthKiBokJP1uIuhQ/cYeFuiDsE6ka/+QUjU7dHeWkLWppG,0.401575,0.734809,0.47684899999999997
164700,a6Hh/InvElLjju5Yd4OthKiBokJP1uIuhQ/cYeFuiDsE6ka/+QUjU7dHeWkLWppG,0.14343399999999998,0.48127600000000004,0.400171
165000,a6Hh/InvElLjju5Yd4OthKiBokJP1uIuhQ/cYeFuiDsE6ka/+QUjU7dHeWkLWppG,0.397895,0.74658,0.465212
165300,a6Hh/InvElLjju5Yd4OthKiBokJP1uIuhQ/cYeFuiDsE6ka/+QUjU7dHeWkLWppG,0.409102,3.3906910000000003,0.8139390000000001
165600,a6Hh/InvElLjju5Yd4OthKiBokJP1uIuhQ/cYeFuiDsE6ka/+QUjU7dHeWkLWppG,0.43640100000000004,0.685682,0.48608500000000004
165900,a6Hh/InvElLjju5Yd4OthKiBokJP1uIuhQ/cYeFuiDsE6ka/+QUjU7dHeWkLWppG,0.23435999999999998,0.65432,0.432721
166200,a6Hh/InvElLjju5Yd4OthKiBokJP1uIuhQ/cYeFuiDsE6ka/+QUjU7dHeWkLWppG,0.40579299999999996,0.643351,0.453211
166500,a6Hh/InvElLjju5Yd4OthKiBokJP1uIuhQ/cYeFuiDsE6ka/+QUjU7dHeWkLWppG,0.373568,0.613797,0.435335
166800,a6Hh/InvElLjju5Yd4OthKiBokJP1uIuhQ/cYeFuiDsE6ka/+QUjU7dHeWkLWppG,0.371189,0.6108680000000001,0.427097
167100,a6Hh/InvElLjju5Yd4OthKiBokJP1uIuhQ/cYeFuiDsE6ka/+QUjU7dHeWkLWppG,0.362394,0.660984,0.430188
167400,a6Hh/InvElLjju5Yd4OthKiBokJP1uIuhQ/cYeFuiDsE6ka/+QUjU7dHeWkLWppG,0.367184,0.43259899999999996,0.39626999999999996
167700,a6Hh/InvElLjju5Yd4OthKiBokJP1uIuhQ/cYeFuiDsE6ka/+QUjU7dHeWkLWppG,0.365489,0.614926,0.424288
168000,a6Hh/InvElLjju5Yd4OthKiBokJP1uIuhQ/cYeFuiDsE6ka/+QUjU7dHeWkLWppG,0.36132600000000004,3.43661,0.78871
168300,a6Hh/InvElLjju5Yd4OthKiBokJP1uIuhQ/cYeFuiDsE6ka/+QUjU7dHeWkLWppG,0.42087399999999997,0.6764859999999999,0.48593400000000003
168600,a6Hh/InvElLjju5Yd4OthKiBokJP1uIuhQ/cYeFuiDsE6ka/+QUjU7dHeWkLWppG,0.381228,0.656137,0.450557
168900,a6Hh/InvElLjju5Yd4OthKiBokJP1uIuhQ/cYeFuiDsE6ka/+QUjU7dHeWkLWppG,0.395741,0.534776,0.439684
169200,a6Hh/InvElLjju5Yd4OthKiBokJP1uIuhQ/cYeFuiDsE6ka/+QUjU7dHeWkLWppG,0.400622,0.6659189999999999,0.49116000000000004
169500,a6Hh/InvElLjju5Yd4OthKiBokJP1uIuhQ/cYeFuiDsE6ka/+QUjU7dHeWkLWppG,0.372636,0.530304,0.418634
169800,a6Hh/InvElLjju5Yd4OthKiBokJP1uIuhQ/cYeFuiDsE6ka/+QUjU7dHeWkLWppG,0.380069,0.774161,0.44504399999999994
170100,a6Hh/InvElLjju5Yd4OthKiBokJP1uIuhQ/cYeFuiDsE6ka/+QUjU7dHeWkLWppG,0.389939,0.846649,0.48387299999999994
170400,a6Hh/InvElLjju5Yd4OthKiBokJP1uIuhQ/cYeFuiDsE6ka/+QUjU7dHeWkLWppG,0.36959200000000003,0.47739799999999993,0.412551
170700,a6Hh/InvElLjju5Yd4OthKiBokJP1uIuhQ/cYeFuiDsE6ka/+QUjU7dHeWkLWppG,0.38205300000000003,1.282473,0.517323
171000,a6Hh/InvElLjju5Yd4OthKiBokJP1uIuhQ/cYeFuiDsE6ka/+QUjU7dHeWkLWppG,0.388299,0.48039799999999994,0.417799
171300,a6Hh/InvElLjju5Yd4OthKiBokJP1uIuhQ/cYeFuiDsE6ka/+QUjU7dHeWkLWppG,0.366869,0.755304,0.471221
171600,a6Hh/InvElLjju5Yd4OthKiBokJP1uIuhQ/cYeFuiDsE6ka/+QUjU7dHeWkLWppG,0.372809,0.45999399999999996,0.41715699999999994
171900,a6Hh/InvElLjju5Yd4OthKiBokJP1uIuhQ/cYeFuiDsE6ka/+QUjU7dHeWkLWppG,0.374098,0.715577,0.46943900000000005
172200,a6Hh/InvElLjju5Yd4OthKiBokJP1uIuhQ/cYeFuiDsE6ka/+QUjU7dHeWkLWppG,0.372109,0.661084,0.445082
172500,a6Hh/InvElLjju5Yd4OthKiBokJP1uIuhQ/cYeFuiDsE6ka/+QUjU7dHeWkLWppG,0.384694,0.714705,0.47513299999999997
172800,a6Hh/InvElLjju5Yd4OthKiBokJP1uIuhQ/cYeFuiDsE6ka/+QUjU7dHeWkLWppG,0.311105,0.481529,0.400177
173100,a6Hh/InvElLjju5Yd4OthKiBokJP1uIuhQ/cYeFuiDsE6ka/+QUjU7dHeWkLWppG,0.393061,0.47583000000000003,0.41569700000000004
173400,a6Hh/InvElLjju5Yd4OthKiBokJP1uIuhQ/cYeFuiDsE6ka/+QUjU7dHeWkLWppG,0.37606,0.607017,0.44087200000000004
173700,a6Hh/InvElLjju5Yd4OthKiBokJP1uIuhQ/cYeFuiDsE6ka/+QUjU7dHeWkLWppG,0.388046,0.6716770000000001,0.44135
174000,a6Hh/InvElLjju5Yd4OthKiBokJP1uIuhQ/cYeFuiDsE6ka/+QUjU7dHeWkLWppG,0.27478800000000003,0.490728,0.413013
174300,a6Hh/InvElLjju5Yd4OthKiBokJP1uIuhQ/cYeFuiDsE6ka/+QUjU7dHeWkLWppG,0.38009899999999996,0.641782,0.444147
174600,a6Hh/InvElLjju5Yd4OthKiBokJP1uIuhQ/cYeFuiDsE6ka/+QUjU7dHeWkLWppG,0.253954,0.483426,0.405014
174900,a6Hh/InvElLjju5Yd4OthKiBokJP1uIuhQ/cYeFuiDsE6ka/+QUjU7dHeWkLWppG,0.388306,0.6836939999999999,0.45156499999999994
175200,a6Hh/InvElLjju5Yd4OthKiBokJP1uIuhQ/cYeFuiDsE6ka/+QUjU7dHeWkLWppG,0.380364,0.446989,0.41711000000000004
175500,a6Hh/InvElLjju5Yd4OthKiBokJP1uIuhQ/cYeFuiDsE6ka/+QUjU7dHeWkLWppG,0.380813,4.756831,0.8867649999999999
175800,a6Hh/InvElLjju5Yd4OthKiBokJP1uIuhQ/cYeFuiDsE6ka/+QUjU7dHeWkLWppG,0.373744,0.460899,0.424695
176100,a6Hh/InvElLjju5Yd4OthKiBokJP1uIuhQ/cYeFuiDsE6ka/+QUjU7dHeWkLWppG,0.414893,0.7136560000000001,0.498533
176400,a6Hh/InvElLjju5Yd4OthKiBokJP1uIuhQ/cYeFuiDsE6ka/+QUjU7dHeWkLWppG,0.40738,0.761926,0.491835
176700,a6Hh/InvElLjju5Yd4OthKiBokJP1uIuhQ/cYeFuiDsE6ka/+QUjU7dHeWkLWppG,0.41248500000000005,0.9033979999999999,0.516654
177000,a6Hh/InvElLjju5Yd4OthKiBokJP1uIuhQ/cYeFuiDsE6ka/+QUjU7dHeWkLWppG,0.394096,0.697537,0.45222399999999996
177300,a6Hh/InvElLjju5Yd4OthKiBokJP1uIuhQ/cYeFuiDsE6ka/+QUjU7dHeWkLWppG,0.342022,0.663098,0.432154
177600,a6Hh/InvElLjju5Yd4OthKiBokJP1uIuhQ/cYeFuiDsE6ka/+QUjU7dHeWkLWppG,0.380708,0.650696,0.442245
177900,a6Hh/InvElLjju5Yd4OthKiBokJP1uIuhQ/cYeFuiDsE6ka/+QUjU7dHeWkLWppG,0.392802,0.641839,0.443079
178200,a6Hh/InvElLjju5Yd4OthKiBokJP1uIuhQ/cYeFuiDsE6ka/+QUjU7dHeWkLWppG,0.388022,7.383572999999999,1.1248850000000001
178500,a6Hh/InvElLjju5Yd4OthKiBokJP1uIuhQ/cYeFuiDsE6ka/+QUjU7dHeWkLWppG,0.373535,0.47906400000000005,0.403538
178800,a6Hh/InvElLjju5Yd4OthKiBokJP1uIuhQ/cYeFuiDsE6ka/+QUjU7dHeWkLWppG,0.315485,0.741809,0.42652700000000004
179100,a6Hh/InvElLjju5Yd4OthKiBokJP1uIuhQ/cYeFuiDsE6ka/+QUjU7dHeWkLWppG,0.384083,0.711383,0.43194899999999997
179400,a6Hh/InvElLjju5Yd4OthKiBokJP1uIuhQ/cYeFuiDsE6ka/+QUjU7dHeWkLWppG,0.29185700000000003,0.682207,0.416911
179700,a6Hh/InvElLjju5Yd4OthKiBokJP1uIuhQ/cYeFuiDsE6ka/+QUjU7dHeWkLWppG,0.365666,0.660778,0.42595200000000005
180000,a6Hh/InvElLjju5Yd4OthKiBokJP1uIuhQ/cYeFuiDsE6ka/+QUjU7dHeWkLWppG,0.306733,0.6823640000000001,0.42661000000000004
180300,a6Hh/InvElLjju5Yd4OthKiBokJP1uIuhQ/cYeFuiDsE6ka/+QUjU7dHeWkLWppG,0.37575,0.629155,0.432774
180600,a6Hh/InvElLjju5Yd4OthKiBokJP1uIuhQ/cYeFuiDsE6ka/+QUjU7dHeWkLWppG,0.298272,0.6405890000000001,0.425108
180900,a6Hh/InvElLjju5Yd4OthKiBokJP1uIuhQ/cYeFuiDsE6ka/+QUjU7dHeWkLWppG,0.36678299999999997,7.324284,1.1178059999999999
181200,a6Hh/InvElLjju5Yd4OthKiBokJP1uIuhQ/cYeFuiDsE6ka/+QUjU7dHeWkLWppG,0.377481,0.446992,0.401406
181500,a6Hh/InvElLjju5Yd4OthKiBokJP1uIuhQ/cYeFuiDsE6ka/+QUjU7dHeWkLWppG,0.370698,0.7646,0.45973500000000006
181800,a6Hh/InvElLjju5Yd4OthKiBokJP1uIuhQ/cYeFuiDsE6ka/+QUjU7dHeWkLWppG,0.38363600000000003,0.662608,0.434842
182100,a6Hh/InvElLjju5Yd4OthKiBokJP1uIuhQ/cYeFuiDsE6ka/+QUjU7dHeWkLWppG,0.341887,0.6612680000000001,0.431516
182400,a6Hh/InvElLjju5Yd4OthKiBokJP1uIuhQ/cYeFuiDsE6ka/+QUjU7dHeWkLWppG,0.37693699999999997,0.638748,0.429309
182700,a6Hh/InvElLjju5Yd4OthKiBokJP1uIuhQ/cYeFuiDsE6ka/+QUjU7dHeWkLWppG,0.284177,0.661914,0.42746999999999996
183000,a6Hh/InvElLjju5Yd4OthKiBokJP1uIuhQ/cYeFuiDsE6ka/+QUjU7dHeWkLWppG,0.370193,0.612345,0.432251
183300,a6Hh/InvElLjju5Yd4OthKiBokJP1uIuhQ/cYeFuiDsE6ka/+QUjU7dHeWkLWppG,0.33833,0.644986,0.428853
183600,a6Hh/InvElLjju5Yd4OthKiBokJP1uIuhQ/cYeFuiDsE6ka/+QUjU7dHeWkLWppG,0.40221799999999996,6.582369,1.671356
183900,a6Hh/InvElLjju5Yd4OthKiBokJP1uIuhQ/cYeFuiDsE6ka/+QUjU7dHeWkLWppG,0.413599,0.608057,0.453337
184200,a6Hh/InvElLjju5Yd4OthKiBokJP1uIuhQ/cYeFuiDsE6ka/+QUjU7dHeWkLWppG,0.342713,0.691819,0.45855
184500,a6Hh/InvElLjju5Yd4OthKiBokJP1uIuhQ/cYeFuiDsE6ka/+QUjU7dHeWkLWppG,0.375273,0.659691,0.43660600000000005
184800,a6Hh/InvElLjju5Yd4OthKiBokJP1uIuhQ/cYeFuiDsE6ka/+QUjU7dHeWkLWppG,0.289135,0.6913520000000001,0.451449
185100,a6Hh/InvElLjju5Yd4OthKiBokJP1uIuhQ/cYeFuiDsE6ka/+QUjU7dHeWkLWppG,0.37535100000000005,0.6728569999999999,0.42393100000000006
185400,a6Hh/InvElLjju5Yd4OthKiBokJP1uIuhQ/cYeFuiDsE6ka/+QUjU7dHeWkLWppG,0.28334299999999996,0.6212439999999999,0.4064
185700,a6Hh/InvElLjju5Yd4OthKiBokJP1uIuhQ/cYeFuiDsE6ka/+QUjU7dHeWkLWppG,0.370108,0.816868,0.444078
186000,a6Hh/InvElLjju5Yd4OthKiBokJP1uIuhQ/cYeFuiDsE6ka/+QUjU7dHeWkLWppG,0.36740500000000004,0.645328,0.456259
186300,a6Hh/InvElLjju5Yd4OthKiBokJP1uIuhQ/cYeFuiDsE6ka/+QUjU7dHeWkLWppG,0.384648,0.7469319999999999,0.473843
186600,a6Hh/InvElLjju5Yd4OthKiBokJP1uIuhQ/cYeFuiDsE6ka/+QUjU7dHeWkLWppG,0.375248,0.6824560000000001,0.42771000000000003
186900,a6Hh/InvElLjju5Yd4OthKiBokJP1uIuhQ/cYeFuiDsE6ka/+QUjU7dHeWkLWppG,0.38056999999999996,0.8136770000000001,0.47538199999999997
187200,a6Hh/InvElLjju5Yd4OthKiBokJP1uIuhQ/cYeFuiDsE6ka/+QUjU7dHeWkLWppG,0.386384,0.775072,0.453259
187500,a6Hh/InvElLjju5Yd4OthKiBokJP1uIuhQ/cYeFuiDsE6ka/+QUjU7dHeWkLWppG,0.37606100000000003,0.751074,0.48464799999999997
187800,a6Hh/InvElLjju5Yd4OthKiBokJP1uIuhQ/cYeFuiDsE6ka/+QUjU7dHeWkLWppG,0.39024699999999996,0.745514,0.44754399999999994
188100,a6Hh/InvElLjju5Yd4OthKiBokJP1uIuhQ/cYeFuiDsE6ka/+QUjU7dHeWkLWppG,0.387467,0.7768390000000001,0.490374
188400,a6Hh/InvElLjju5Yd4OthKiBokJP1uIuhQ/cYeFuiDsE6ka/+QUjU7dHeWkLWppG,0.390913,0.675187,0.44832299999999997
188700,a6Hh/InvElLjju5Yd4OthKiBokJP1uIuhQ/cYeFuiDsE6ka/+QUjU7dHeWkLWppG,0.40673000000000004,0.7182970000000001,0.48526800000000003
189000,a6Hh/InvElLjju5Yd4OthKiBokJP1uIuhQ/cYeFuiDsE6ka/+QUjU7dHeWkLWppG,0.387409,0.818815,0.48303
189300,a6Hh/InvElLjju5Yd4OthKiBokJP1uIuhQ/cYeFuiDsE6ka/+QUjU7dHeWkLWppG,0.384714,0.7343069999999999,0.44760200000000006
189600,a6Hh/InvElLjju5Yd4OthKiBokJP1uIuhQ/cYeFuiDsE6ka/+QUjU7dHeWkLWppG,0.384305,0.720441,0.47358599999999995
189900,a6Hh/InvElLjju5Yd4OthKiBokJP1uIuhQ/cYeFuiDsE6ka/+QUjU7dHeWkLWppG,0.36657199999999995,0.637061,0.44325299999999995
190200,a6Hh/InvElLjju5Yd4OthKiBokJP1uIuhQ/cYeFuiDsE6ka/+QUjU7dHeWkLWppG,0.363138,0.6610520000000001,0.458795
190500,a6Hh/InvElLjju5Yd4OthKiBokJP1uIuhQ/cYeFuiDsE6ka/+QUjU7dHeWkLWppG,0.36942600000000003,0.68889,0.43850100000000003
190800,a6Hh/InvElLjju5Yd4OthKiBokJP1uIuhQ/cYeFuiDsE6ka/+QUjU7dHeWkLWppG,0.173761,0.66322,0.40334200000000003
191100,a6Hh/InvElLjju5Yd4OthKiBokJP1uIuhQ/cYeFuiDsE6ka/+QUjU7dHeWkLWppG,0.364786,0.628459,0.4196
191400,a6Hh/InvElLjju5Yd4OthKiBokJP1uIuhQ/cYeFuiDsE6ka/+QUjU7dHeWkLWppG,0.18631199999999998,0.6607,0.409109
191700,a6Hh/InvElLjju5Yd4OthKiBokJP1uIuhQ/cYeFuiDsE6ka/+QUjU7dHeWkLWppG,0.209004,0.642167,0.411254
192000,a6Hh/InvElLjju5Yd4OthKiBokJP1uIuhQ/cYeFuiDsE6ka/+QUjU7dHeWkLWppG,0.361892,0.713916,0.439276
192300,a6Hh/InvElLjju5Yd4OthKiBokJP1uIuhQ/cYeFuiDsE6ka/+QUjU7dHeWkLWppG,0.231348,0.66537,0.411155
192600,a6Hh/InvElLjju5Yd4OthKiBokJP1uIuhQ/cYeFuiDsE6ka/+QUjU7dHeWkLWppG,0.376868,0.685168,0.428417
192900,a6Hh/InvElLjju5Yd4OthKiBokJP1uIuhQ/cYeFuiDsE6ka/+QUjU7dHeWkLWppG,0.230805,0.669794,0.418624
193200,a6Hh/InvElLjju5Yd4OthKiBokJP1uIuhQ/cYeFuiDsE6ka/+QUjU7dHeWkLWppG,0.388887,0.636987,0.435331
193500,a6Hh/InvElLjju5Yd4OthKiBokJP1uIuhQ/cYeFuiDsE6ka/+QUjU7dHeWkLWppG,0.22777399999999998,0.630443,0.41493900000000006
193800,a6Hh/InvElLjju5Yd4OthKiBokJP1uIuhQ/cYeFuiDsE6ka/+QUjU7dHeWkLWppG,0.37543699999999997,0.67578,0.428522
194100,a6Hh/InvElLjju5Yd4OthKiBokJP1uIuhQ/cYeFuiDsE6ka/+QUjU7dHeWkLWppG,0.21140599999999998,0.670222,0.405453
194400,a6Hh/InvElLjju5Yd4OthKiBokJP1uIuhQ/cYeFuiDsE6ka/+QUjU7dHeWkLWppG,0.222965,0.649145,0.397912
194700,a6Hh/InvElLjju5Yd4OthKiBokJP1uIuhQ/cYeFuiDsE6ka/+QUjU7dHeWkLWppG,0.370253,0.642667,0.42293800000000004
195000,a6Hh/InvElLjju5Yd4OthKiBokJP1uIuhQ/cYeFuiDsE6ka/+QUjU7dHeWkLWppG,0.17925,0.661191,0.39879499999999996
195300,a6Hh/InvElLjju5Yd4OthKiBokJP1uIuhQ/cYeFuiDsE6ka/+QUjU7dHeWkLWppG,0.365189,0.6812739999999999,0.42361499999999996
195600,a6Hh/InvElLjju5Yd4OthKiBokJP1uIuhQ/cYeFuiDsE6ka/+QUjU7dHeWkLWppG,0.33617600000000003,0.7240409999999999,0.414604
195900,a6Hh/InvElLjju5Yd4OthKiBokJP1uIuhQ/cYeFuiDsE6ka/+QUjU7dHeWkLWppG,0.375218,0.713383,0.42749899999999996
196200,a6Hh/InvElLjju5Yd4OthKiBokJP1uIuhQ/cYeFuiDsE6ka/+QUjU7dHeWkLWppG,0.183225,0.737153,0.414408
196500,a6Hh/InvElLjju5Yd4OthKiBokJP1uIuhQ/cYeFuiDsE6ka/+QUjU7dHeWkLWppG,0.37262399999999996,0.623509,0.429095
196800,a6Hh/InvElLjju5Yd4OthKiBokJP1uIuhQ/cYeFuiDsE6ka/+QUjU7dHeWkLWppG,0.376861,0.7239909999999999,0.454421
197100,a6Hh/InvElLjju5Yd4OthKiBokJP1uIuhQ/cYeFuiDsE6ka/+QUjU7dHeWkLWppG,0.239223,0.622034,0.413149
197400,a6Hh/InvElLjju5Yd4OthKiBokJP1uIuhQ/cYeFuiDsE6ka/+QUjU7dHeWkLWppG,0.37953600000000004,0.649011,0.42543100000000006
197700,a6Hh/InvElLjju5Yd4OthKiBokJP1uIuhQ/cYeFuiDsE6ka/+QUjU7dHeWkLWppG,0.25346399999999997,0.676654,0.419926
198000,a6Hh/InvElLjju5Yd4OthKiBokJP1uIuhQ/cYeFuiDsE6ka/+QUjU7dHeWkLWppG,0.37651100000000004,0.629455,0.420596
198300,a6Hh/InvElLjju5Yd4OthKiBokJP1uIuhQ/cYeFuiDsE6ka/+QUjU7dHeWkLWppG,0.21004,0.639247,0.412692
198600,a6Hh/InvElLjju5Yd4OthKiBokJP1uIuhQ/cYeFuiDsE6ka/+QUjU7dHeWkLWppG,0.369702,0.656454,0.433752
198900,a6Hh/InvElLjju5Yd4OthKiBokJP1uIuhQ/cYeFuiDsE6ka/+QUjU7dHeWkLWppG,0.22099699999999997,0.644457,0.41524700000000003
199200,a6Hh/InvElLjju5Yd4OthKiBokJP1uIuhQ/cYeFuiDsE6ka/+QUjU7dHeWkLWppG,0.36231399999999997,0.669887,0.424753
199500,a6Hh/InvElLjju5Yd4OthKiBokJP1uIuhQ/cYeFuiDsE6ka/+QUjU7dHeWkLWppG,0.38494,0.683082,0.451391
199800,a6Hh/InvElLjju5Yd4OthKiBokJP1uIuhQ/cYeFuiDsE6ka/+QUjU7dHeWkLWppG,0.2419,0.664183,0.415908
200100,a6Hh/InvElLjju5Yd4OthKiBokJP1uIuhQ/cYeFuiDsE6ka/+QUjU7dHeWkLWppG,0.371006,0.7449680000000001,0.432116
200400,a6Hh/InvElLjju5Yd4OthKiBokJP1uIuhQ/cYeFuiDsE6ka/+QUjU7dHeWkLWppG,0.175763,0.69897,0.409051
200700,a6Hh/InvElLjju5Yd4OthKiBokJP1uIuhQ/cYeFuiDsE6ka/+QUjU7dHeWkLWppG,0.374234,0.6714859999999999,0.442125
201000,a6Hh/InvElLjju5Yd4OthKiBokJP1uIuhQ/cYeFuiDsE6ka/+QUjU7dHeWkLWppG,0.189997,0.706701,0.41282399999999997
201300,a6Hh/InvElLjju5Yd4OthKiBokJP1uIuhQ/cYeFuiDsE6ka/+QUjU7dHeWkLWppG,0.390802,0.632991,0.453191
201600,a6Hh/InvElLjju5Yd4OthKiBokJP1uIuhQ/cYeFuiDsE6ka/+QUjU7dHeWkLWppG,0.206754,0.680064,0.435007
201900,a6Hh/InvElLjju5Yd4OthKiBokJP1uIuhQ/cYeFuiDsE6ka/+QUjU7dHeWkLWppG,0.38451399999999997,0.650354,0.445632
202200,a6Hh/InvElLjju5Yd4OthKiBokJP1uIuhQ/cYeFuiDsE6ka/+QUjU7dHeWkLWppG,0.22057,0.7182470000000001,0.44135
202500,a6Hh/InvElLjju5Yd4OthKiBokJP1uIuhQ/cYeFuiDsE6ka/+QUjU7dHeWkLWppG,0.223852,0.789462,0.43487299999999995
202800,a6Hh/InvElLjju5Yd4OthKiBokJP1uIuhQ/cYeFuiDsE6ka/+QUjU7dHeWkLWppG,0.38048899999999997,0.775937,0.472513
203100,a6Hh/InvElLjju5Yd4OthKiBokJP1uIuhQ/cYeFuiDsE6ka/+QUjU7dHeWkLWppG,0.231584,0.742502,0.447308
203400,a6Hh/InvElLjju5Yd4OthKiBokJP1uIuhQ/cYeFuiDsE6ka/+QUjU7dHeWkLWppG,0.402225,0.827042,0.466516
203700,a6Hh/InvElLjju5Yd4OthKiBokJP1uIuhQ/cYeFuiDsE6ka/+QUjU7dHeWkLWppG,0.314273,0.744135,0.436594
204000,a6Hh/InvElLjju5Yd4OthKiBokJP1uIuhQ/cYeFuiDsE6ka/+QUjU7dHeWkLWppG,0.373417,0.8854700000000001,0.447953
204300,a6Hh/InvElLjju5Yd4OthKiBokJP1uIuhQ/cYeFuiDsE6ka/+QUjU7dHeWkLWppG,0.395568,0.6957909999999999,0.442532
204600,a6Hh/InvElLjju5Yd4OthKiBokJP1uIuhQ/cYeFuiDsE6ka/+QUjU7dHeWkLWppG,0.393102,0.744829,0.439881
204900,a6Hh/InvElLjju5Yd4OthKiBokJP1uIuhQ/cYeFuiDsE6ka/+QUjU7dHeWkLWppG,0.285265,0.7383109999999999,0.47103
205200,a6Hh/InvElLjju5Yd4OthKiBokJP1uIuhQ/cYeFuiDsE6ka/+QUjU7dHeWkLWppG,0.256846,0.690095,0.463341
205500,a6Hh/InvElLjju5Yd4OthKiBokJP1uIuhQ/cYeFuiDsE6ka/+QUjU7dHeWkLWppG,0.374271,0.7070489999999999,0.436699
205800,a6Hh/InvElLjju5Yd4OthKiBokJP1uIuhQ/cYeFuiDsE6ka/+QUjU7dHeWkLWppG,0.17205499999999999,0.709112,0.424861
206100,a6Hh/InvElLjju5Yd4OthKiBokJP1uIuhQ/cYeFuiDsE6ka/+QUjU7dHeWkLWppG,0.38263600000000003,0.6409159999999999,0.42866400000000004
206400,a6Hh/InvElLjju5Yd4OthKiBokJP1uIuhQ/cYeFuiDsE6ka/+QUjU7dHeWkLWppG,0.23647600000000002,0.68629,0.419566
206700,a6Hh/InvElLjju5Yd4OthKiBokJP1uIuhQ/cYeFuiDsE6ka/+QUjU7dHeWkLWppG,0.41365100000000005,0.8355229999999999,0.47930600000000007
207000,a6Hh/InvElLjju5Yd4OthKiBokJP1uIuhQ/cYeFuiDsE6ka/+QUjU7dHeWkLWppG,0.23857899999999999,0.718007,0.422113
207300,a6Hh/InvElLjju5Yd4OthKiBokJP1uIuhQ/cYeFuiDsE6ka/+QUjU7dHeWkLWppG,0.376062,0.670488,0.431096
207600,a6Hh/InvElLjju5Yd4OthKiBokJP1uIuhQ/cYeFuiDsE6ka/+QUjU7dHeWkLWppG,0.25762399999999996,0.659094,0.414258
207900,a6Hh/InvElLjju5Yd4OthKiBokJP1uIuhQ/cYeFuiDsE6ka/+QUjU7dHeWkLWppG,0.181042,0.689083,0.412409
208200,a6Hh/InvElLjju5Yd4OthKiBokJP1uIuhQ/cYeFuiDsE6ka/+QUjU7dHeWkLWppG,0.382864,0.696667,0.4358
208500,a6Hh/InvElLjju5Yd4OthKiBokJP1uIuhQ/cYeFuiDsE6ka/+QUjU7dHeWkLWppG,0.227258,0.83525,0.43373100000000003
208800,a6Hh/InvElLjju5Yd4OthKiBokJP1uIuhQ/cYeFuiDsE6ka/+QUjU7dHeWkLWppG,0.369189,0.6518229999999999,0.429712
209100,a6Hh/InvElLjju5Yd4OthKiBokJP1uIuhQ/cYeFuiDsE6ka/+QUjU7dHeWkLWppG,0.375722,0.861082,0.458438
209400,a6Hh/InvElLjju5Yd4OthKiBokJP1uIuhQ/cYeFuiDsE6ka/+QUjU7dHeWkLWppG,0.38090300000000005,0.637487,0.436176
209700,a6Hh/InvElLjju5Yd4OthKiBokJP1uIuhQ/cYeFuiDsE6ka/+QUjU7dHeWkLWppG,0.387533,0.631401,0.449654
210000,a6Hh/InvElLjju5Yd4OthKiBokJP1uIuhQ/cYeFuiDsE6ka/+QUjU7dHeWkLWppG,0.38064899999999996,0.704134,0.440068
210300,a6Hh/InvElLjju5Yd4OthKiBokJP1uIuhQ/cYeFuiDsE6ka/+QUjU7dHeWkLWppG,0.38219699999999995,0.651559,0.44819799999999993
210600,a6Hh/InvElLjju5Yd4OthKiBokJP1uIuhQ/cYeFuiDsE6ka/+QUjU7dHeWkLWppG,0.377222,0.659706,0.43975600000000004
210900,a6Hh/InvElLjju5Yd4OthKiBokJP1uIuhQ/cYeFuiDsE6ka/+QUjU7dHeWkLWppG,0.372721,0.708625,0.43578
211200,a6Hh/InvElLjju5Yd4OthKiBokJP1uIuhQ/cYeFuiDsE6ka/+QUjU7dHeWkLWppG,0.377811,0.6602359999999999,0.45072399999999996
211500,a6Hh/InvElLjju5Yd4OthKiBokJP1uIuhQ/cYeFuiDsE6ka/+QUjU7dHeWkLWppG,0.381208,0.673255,0.430019
211800,a6Hh/InvElLjju5Yd4OthKiBokJP1uIuhQ/cYeFuiDsE6ka/+QUjU7dHeWkLWppG,0.377135,0.6986720000000001,0.454427
212100,a6Hh/InvElLjju5Yd4OthKiBokJP1uIuhQ/cYeFuiDsE6ka/+QUjU7dHeWkLWppG,0.36830100000000005,0.64686,0.420419
212400,a6Hh/InvElLjju5Yd4OthKiBokJP1uIuhQ/cYeFuiDsE6ka/+QUjU7dHeWkLWppG,0.366275,0.715298,0.450312
212700,a6Hh/InvElLjju5Yd4OthKiBokJP1uIuhQ/cYeFuiDsE6ka/+QUjU7dHeWkLWppG,0.377844,0.714162,0.42885500000000004
213000,a6Hh/InvElLjju5Yd4OthKiBokJP1uIuhQ/cYeFuiDsE6ka/+QUjU7dHeWkLWppG,0.367271,0.703619,0.455437
213300,a6Hh/InvElLjju5Yd4OthKiBokJP1uIuhQ/cYeFuiDsE6ka/+QUjU7dHeWkLWppG,0.369356,0.626472,0.419129
213600,a6Hh/InvElLjju5Yd4OthKiBokJP1uIuhQ/cYeFuiDsE6ka/+QUjU7dHeWkLWppG,0.129504,0.558337,0.39621
213900,a6Hh/InvElLjju5Yd4OthKiBokJP1uIuhQ/cYeFuiDsE6ka/+QUjU7dHeWkLWppG,0.21622600000000003,0.664254,0.42772299999999996
214200,a6Hh/InvElLjju5Yd4OthKiBokJP1uIuhQ/cYeFuiDsE6ka/+QUjU7dHeWkLWppG,0.368702,0.745555,0.43975600000000004
214500,a6Hh/InvElLjju5Yd4OthKiBokJP1uIuhQ/cYeFuiDsE6ka/+QUjU7dHeWkLWppG,0.182514,0.6911649999999999,0.418404
214800,a6Hh/InvElLjju5Yd4OthKiBokJP1uIuhQ/cYeFuiDsE6ka/+QUjU7dHeWkLWppG,0.382218,0.629761,0.43704
215100,a6Hh/InvElLjju5Yd4OthKiBokJP1uIuhQ/cYeFuiDsE6ka/+QUjU7dHeWkLWppG,0.227714,0.6391560000000001,0.413343
215400,a6Hh/InvElLjju5Yd4OthKiBokJP1uIuhQ/cYeFuiDsE6ka/+QUjU7dHeWkLWppG,0.37999299999999997,0.629073,0.44274600000000003
215700,a6Hh/InvElLjju5Yd4OthKiBokJP1uIuhQ/cYeFuiDsE6ka/+QUjU7dHeWkLWppG,0.181078,0.688365,0.434561
216000,a6Hh/InvElLjju5Yd4OthKiBokJP1uIuhQ/cYeFuiDsE6ka/+QUjU7dHeWkLWppG,0.374656,0.669325,0.441805
216300,a6Hh/InvElLjju5Yd4OthKiBokJP1uIuhQ/cYeFuiDsE6ka/+QUjU7dHeWkLWppG,0.14808,0.45963000000000004,0.395361
216600,a6Hh/InvElLjju5Yd4OthKiBokJP1uIuhQ/cYeFuiDsE6ka/+QUjU7dHeWkLWppG,0.23624,0.711267,0.439521
216900,a6Hh/InvElLjju5Yd4OthKiBokJP1uIuhQ/cYeFuiDsE6ka/+QUjU7dHeWkLWppG,0.371553,0.6290720000000001,0.428675
217200,a6Hh/InvElLjju5Yd4OthKiBokJP1uIuhQ/cYeFuiDsE6ka/+QUjU7dHeWkLWppG,0.379775,0.726955,0.467966
217500,a6Hh/InvElLjju5Yd4OthKiBokJP1uIuhQ/cYeFuiDsE6ka/+QUjU7dHeWkLWppG,0.371893,0.720176,0.447876
217800,a6Hh/InvElLjju5Yd4OthKiBokJP1uIuhQ/cYeFuiDsE6ka/+QUjU7dHeWkLWppG,0.245074,0.7122609999999999,0.43057700000000004
218100,a6Hh/InvElLjju5Yd4OthKiBokJP1uIuhQ/cYeFuiDsE6ka/+QUjU7dHeWkLWppG,0.370996,0.6633020000000001,0.431408
218400,a6Hh/InvElLjju5Yd4OthKiBokJP1uIuhQ/cYeFuiDsE6ka/+QUjU7dHeWkLWppG,0.23280700000000001,0.685517,0.428777
218700,a6Hh/InvElLjju5Yd4OthKiBokJP1uIuhQ/cYeFuiDsE6ka/+QUjU7dHeWkLWppG,0.371419,0.633458,0.43048100000000006
219000,a6Hh/InvElLjju5Yd4OthKiBokJP1uIuhQ/cYeFuiDsE6ka/+QUjU7dHeWkLWppG,0.271187,0.456525,0.393271
219300,a6Hh/InvElLjju5Yd4OthKiBokJP1uIuhQ/cYeFuiDsE6ka/+QUjU7dHeWkLWppG,0.26047,0.630591,0.412861
219600,a6Hh/InvElLjju5Yd4OthKiBokJP1uIuhQ/cYeFuiDsE6ka/+QUjU7dHeWkLWppG,0.381784,0.64122,0.426935
219900,a6Hh/InvElLjju5Yd4OthKiBokJP1uIuhQ/cYeFuiDsE6ka/+QUjU7dHeWkLWppG,0.280381,0.6844,0.429863
220200,a6Hh/InvElLjju5Yd4OthKiBokJP1uIuhQ/cYeFuiDsE6ka/+QUjU7dHeWkLWppG,0.378427,0.6795439999999999,0.44478
220500,a6Hh/InvElLjju5Yd4OthKiBokJP1uIuhQ/cYeFuiDsE6ka/+QUjU7dHeWkLWppG,0.271595,0.708296,0.410962
220800,a6Hh/InvElLjju5Yd4OthKiBokJP1uIuhQ/cYeFuiDsE6ka/+QUjU7dHeWkLWppG,0.368952,0.8013,0.440003
221100,a6Hh/InvElLjju5Yd4OthKiBokJP1uIuhQ/cYeFuiDsE6ka/+QUjU7dHeWkLWppG,0.24879400000000002,0.796288,0.422567
221400,a6Hh/InvElLjju5Yd4OthKiBokJP1uIuhQ/cYeFuiDsE6ka/+QUjU7dHeWkLWppG,0.371277,0.806952,0.437594
221700,a6Hh/InvElLjju5Yd4OthKiBokJP1uIuhQ/cYeFuiDsE6ka/+QUjU7dHeWkLWppG,0.210788,0.45893100000000003,0.389067
222000,a6Hh/InvElLjju5Yd4OthKiBokJP1uIuhQ/cYeFuiDsE6ka/+QUjU7dHeWkLWppG,0.373519,0.953501,0.48976099999999995
222300,a6Hh/InvElLjju5Yd4OthKiBokJP1uIuhQ/cYeFuiDsE6ka/+QUjU7dHeWkLWppG,0.378576,0.6755399999999999,0.436554
222600,a6Hh/InvElLjju5Yd4OthKiBokJP1uIuhQ/cYeFuiDsE6ka/+QUjU7dHeWkLWppG,0.219425,0.721887,0.419018
222900,a6Hh/InvElLjju5Yd4OthKiBokJP1uIuhQ/cYeFuiDsE6ka/+QUjU7dHeWkLWppG,0.391198,0.691124,0.43615
223200,a6Hh/InvElLjju5Yd4OthKiBokJP1uIuhQ/cYeFuiDsE6ka/+QUjU7dHeWkLWppG,0.380737,0.730387,0.460083
223500,a6Hh/InvElLjju5Yd4OthKiBokJP1uIuhQ/cYeFuiDsE6ka/+QUjU7dHeWkLWppG,0.380471,0.7502340000000001,0.440242
223800,a6Hh/InvElLjju5Yd4OthKiBokJP1uIuhQ/cYeFuiDsE6ka/+QUjU7dHeWkLWppG,0.19747,0.76089,0.417179
224100,a6Hh/InvElLjju5Yd4OthKiBokJP1uIuhQ/cYeFuiDsE6ka/+QUjU7dHeWkLWppG,0.37047199999999997,0.652111,0.421412
224400,a6Hh/InvElLjju5Yd4OthKiBokJP1uIuhQ/cYeFuiDsE6ka/+QUjU7dHeWkLWppG,0.18595599999999998,0.438042,0.38004899999999997
224700,a6Hh/InvElLjju5Yd4OthKiBokJP1uIuhQ/cYeFuiDsE6ka/+QUjU7dHeWkLWppG,0.26111999999999996,0.674532,0.41726800000000003
225000,a6Hh/InvElLjju5Yd4OthKiBokJP1uIuhQ/cYeFuiDsE6ka/+QUjU7dHeWkLWppG,0.368071,0.760167,0.434903
225300,a6Hh/InvElLjju5Yd4OthKiBokJP1uIuhQ/cYeFuiDsE6ka/+QUjU7dHeWkLWppG,0.348008,0.634563,0.42502399999999996
225600,a6Hh/InvElLjju5Yd4OthKiBokJP1uIuhQ/cYeFuiDsE6ka/+QUjU7dHeWkLWppG,0.378855,0.65693,0.42339499999999997
225900,a6Hh/InvElLjju5Yd4OthKiBokJP1uIuhQ/cYeFuiDsE6ka/+QUjU7dHeWkLWppG,0.330804,0.6717380000000001,0.421174
226200,a6Hh/InvElLjju5Yd4OthKiBokJP1uIuhQ/cYeFuiDsE6ka/+QUjU7dHeWkLWppG,0.37165,0.631584,0.42383699999999996
226500,a6Hh/InvElLjju5Yd4OthKiBokJP1uIuhQ/cYeFuiDsE6ka/+QUjU7dHeWkLWppG,0.229048,0.6406609999999999,0.416026
226800,a6Hh/InvElLjju5Yd4OthKiBokJP1uIuhQ/cYeFuiDsE6ka/+QUjU7dHeWkLWppG,0.37953600000000004,0.631156,0.43060699999999996
227100,a6Hh/InvElLjju5Yd4OthKiBokJP1uIuhQ/cYeFuiDsE6ka/+QUjU7dHeWkLWppG,0.191512,0.501544,0.37995100000000004
227400,a6Hh/InvElLjju5Yd4OthKiBokJP1uIuhQ/cYeFuiDsE6ka/+QUjU7dHeWkLWppG,0.380657,0.9589690000000001,0.479034
227700,a6Hh/InvElLjju5Yd4OthKiBokJP1uIuhQ/cYeFuiDsE6ka/+QUjU7dHeWkLWppG,0.386104,0.6984130000000001,0.43386899999999995
228000,a6Hh/InvElLjju5Yd4OthKiBokJP1uIuhQ/cYeFuiDsE6ka/+QUjU7dHeWkLWppG,0.38307800000000003,0.802084,0.47966000000000003
228300,a6Hh/InvElLjju5Yd4OthKiBokJP1uIuhQ/cYeFuiDsE6ka/+QUjU7dHeWkLWppG,0.383445,0.647496,0.433433
228600,a6Hh/InvElLjju5Yd4OthKiBokJP1uIuhQ/cYeFuiDsE6ka/+QUjU7dHeWkLWppG,0.37713,0.672222,0.47916499999999995
228900,a6Hh/InvElLjju5Yd4OthKiBokJP1uIuhQ/cYeFuiDsE6ka/+QUjU7dHeWkLWppG,0.362012,0.683213,0.420336
229200,a6Hh/InvElLjju5Yd4OthKiBokJP1uIuhQ/cYeFuiDsE6ka/+QUjU7dHeWkLWppG,0.23292,0.730476,0.401172
229500,a6Hh/InvElLjju5Yd4OthKiBokJP1uIuhQ/cYeFuiDsE6ka/+QUjU7dHeWkLWppG,0.366747,0.774227,0.429158
229800,a6Hh/InvElLjju5Yd4OthKiBokJP1uIuhQ/cYeFuiDsE6ka/+QUjU7dHeWkLWppG,0.24500100000000002,0.427533,0.383402
230100,a6Hh/InvElLjju5Yd4OthKiBokJP1uIuhQ/cYeFuiDsE6ka/+QUjU7dHeWkLWppG,0.177108,0.623161,0.40813299999999997
230400,a6Hh/InvElLjju5Yd4OthKiBokJP1uIuhQ/cYeFuiDsE6ka/+QUjU7dHeWkLWppG,0.376311,0.6398659999999999,0.421862
230700,a6Hh/InvElLjju5Yd4OthKiBokJP1uIuhQ/cYeFuiDsE6ka/+QUjU7dHeWkLWppG,0.20866300000000002,0.614835,0.400875
231000,a6Hh/InvElLjju5Yd4OthKiBokJP1uIuhQ/cYeFuiDsE6ka/+QUjU7dHeWkLWppG,0.366818,0.623156,0.408909
231300,a6Hh/InvElLjju5Yd4OthKiBokJP1uIuhQ/cYeFuiDsE6ka/+QUjU7dHeWkLWppG,0.359984,0.611451,0.436643
231600,a6Hh/InvElLjju5Yd4OthKiBokJP1uIuhQ/cYeFuiDsE6ka/+QUjU7dHeWkLWppG,0.378422,0.621351,0.42926800000000004
231900,a6Hh/InvElLjju5Yd4OthKiBokJP1uIuhQ/cYeFuiDsE6ka/+QUjU7dHeWkLWppG,0.197237,0.617358,0.40671
232200,a6Hh/InvElLjju5Yd4OthKiBokJP1uIuhQ/cYeFuiDsE6ka/+QUjU7dHeWkLWppG,0.368265,0.671385,0.429438
232500,a6Hh/InvElLjju5Yd4OthKiBokJP1uIuhQ/cYeFuiDsE6ka/+QUjU7dHeWkLWppG,0.242767,0.497675,0.387477
232800,a6Hh/InvElLjju5Yd4OthKiBokJP1uIuhQ/cYeFuiDsE6ka/+QUjU7dHeWkLWppG,0.131448,0.646722,0.403277
233100,a6Hh/InvElLjju5Yd4OthKiBokJP1uIuhQ/cYeFuiDsE6ka/+QUjU7dHeWkLWppG,0.376569,0.627668,0.42710200000000004
233400,a6Hh/InvElLjju5Yd4OthKiBokJP1uIuhQ/cYeFuiDsE6ka/+QUjU7dHeWkLWppG,0.168165,0.622875,0.403615
233700,a6Hh/InvElLjju5Yd4OthKiBokJP1uIuhQ/cYeFuiDsE6ka/+QUjU7dHeWkLWppG,0.395277,0.7299760000000001,0.476761
234000,a6Hh/InvElLjju5Yd4OthKiBokJP1uIuhQ/cYeFuiDsE6ka/+QUjU7dHeWkLWppG,0.252641,0.684253,0.434113
234300,a6Hh/InvElLjju5Yd4OthKiBokJP1uIuhQ/cYeFuiDsE6ka/+QUjU7dHeWkLWppG,0.375731,0.654788,0.42700200000000005
234600,a6Hh/InvElLjju5Yd4OthKiBokJP1uIuhQ/cYeFuiDsE6ka/+QUjU7dHeWkLWppG,0.38261100000000003,0.660062,0.445147
234900,a6Hh/InvElLjju5Yd4OthKiBokJP1uIuhQ/cYeFuiDsE6ka/+QUjU7dHeWkLWppG,0.376145,0.60816,0.42554
235200,a6Hh/InvElLjju5Yd4OthKiBokJP1uIuhQ/cYeFuiDsE6ka/+QUjU7dHeWkLWppG,0.385194,0.44087,0.41338199999999997
235500,a6Hh/InvElLjju5Yd4OthKiBokJP1uIuhQ/cYeFuiDsE6ka/+QUjU7dHeWkLWppG,0.37645700000000004,0.65173,0.44591000000000003
235800,a6Hh/InvElLjju5Yd4OthKiBokJP1uIuhQ/cYeFuiDsE6ka/+QUjU7dHeWkLWppG,0.37798400000000004,0.633655,0.430088
236100,a6Hh/InvElLjju5Yd4OthKiBokJP1uIuhQ/cYeFuiDsE6ka/+QUjU7dHeWkLWppG,0.385891,0.662945,0.433017
236400,a6Hh/InvElLjju5Yd4OthKiBokJP1uIuhQ/cYeFuiDsE6ka/+QUjU7dHeWkLWppG,0.379909,0.690409,0.43378599999999995
236700,a6Hh/InvElLjju5Yd4OthKiBokJP1uIuhQ/cYeFuiDsE6ka/+QUjU7dHeWkLWppG,0.37209699999999996,0.6739229999999999,0.433433
237000,a6Hh/InvElLjju5Yd4OthKiBokJP1uIuhQ/cYeFuiDsE6ka/+QUjU7dHeWkLWppG,0.39005100000000004,0.681542,0.439749
237300,a6Hh/InvElLjju5Yd4OthKiBokJP1uIuhQ/cYeFuiDsE6ka/+QUjU7dHeWkLWppG,0.37893499999999997,0.75316,0.448603
237600,a6Hh/InvElLjju5Yd4OthKiBokJP1uIuhQ/cYeFuiDsE6ka/+QUjU7dHeWkLWppG,0.384186,0.708339,0.431058
237900,a6Hh/InvElLjju5Yd4OthKiBokJP1uIuhQ/cYeFuiDsE6ka/+QUjU7dHeWkLWppG,0.35553,0.41987399999999997,0.393505
238200,a6Hh/InvElLjju5Yd4OthKiBokJP1uIuhQ/cYeFuiDsE6ka/+QUjU7dHeWkLWppG,0.361454,0.707731,0.43583299999999997
238500,a6Hh/InvElLjju5Yd4OthKiBokJP1uIuhQ/cYeFuiDsE6ka/+QUjU7dHeWkLWppG,0.383452,0.6794720000000001,0.43973599999999996
238800,a6Hh/InvElLjju5Yd4OthKiBokJP1uIuhQ/cYeFuiDsE6ka/+QUjU7dHeWkLWppG,0.38014899999999996,0.633366,0.431529
239100,a6Hh/InvElLjju5Yd4OthKiBokJP1uIuhQ/cYeFuiDsE6ka/+QUjU7dHeWkLWppG,0.371722,0.6277,0.429537
239400,a6Hh/InvElLjju5Yd4OthKiBokJP1uIuhQ/cYeFuiDsE6ka/+QUjU7dHeWkLWppG,0.37601999999999997,0.689148,0.452251
239700,a6Hh/InvElLjju5Yd4OthKiBokJP1uIuhQ/cYeFuiDsE6ka/+QUjU7dHeWkLWppG,0.37897,0.6400939999999999,0.429555
240000,a6Hh/InvElLjju5Yd4OthKiBokJP1uIuhQ/cYeFuiDsE6ka/+QUjU7dHeWkLWppG,0.39558699999999997,0.651204,0.451442
240300,a6Hh/InvElLjju5Yd4OthKiBokJP1uIuhQ/cYeFuiDsE6ka/+QUjU7dHeWkLWppG,0.38069400000000003,0.608165,0.43133299999999997
240600,a6Hh/InvElLjju5Yd4OthKiBokJP1uIuhQ/cYeFuiDsE6ka/+QUjU7dHeWkLWppG,0.388705,0.7067979999999999,0.448273
240900,a6Hh/InvElLjju5Yd4OthKiBokJP1uIuhQ/cYeFuiDsE6ka/+QUjU7dHeWkLWppG,0.378782,0.651478,0.44698000000000004
241200,a6Hh/InvElLjju5Yd4OthKiBokJP1uIuhQ/cYeFuiDsE6ka/+QUjU7dHeWkLWppG,0.38060900000000003,0.6489560000000001,0.436802
241500,a6Hh/InvElLjju5Yd4OthKiBokJP1uIuhQ/cYeFuiDsE6ka/+QUjU7dHeWkLWppG,0.37566700000000003,0.673144,0.45138199999999995
241800,a6Hh/InvElLjju5Yd4OthKiBokJP1uIuhQ/cYeFuiDsE6ka/+QUjU7dHeWkLWppG,0.386344,0.705206,0.44801899999999995
242100,a6Hh/InvElLjju5Yd4OthKiBokJP1uIuhQ/cYeFuiDsE6ka/+QUjU7dHeWkLWppG,0.386323,0.6333479999999999,0.450395
242400,a6Hh/InvElLjju5Yd4OthKiBokJP1uIuhQ/cYeFuiDsE6ka/+QUjU7dHeWkLWppG,0.39610100000000004,0.689701,0.45714
242700,a6Hh/InvElLjju5Yd4OthKiBokJP1uIuhQ/cYeFuiDsE6ka/+QUjU7dHeWkLWppG,0.30567,0.668091,0.436734
243000,a6Hh/InvElLjju5Yd4OthKiBokJP1uIuhQ/cYeFuiDsE6ka/+QUjU7dHeWkLWppG,0.406951,0.69075,0.46975900000000004
243300,a6Hh/InvElLjju5Yd4OthKiBokJP1uIuhQ/cYeFuiDsE6ka/+QUjU7dHeWkLWppG,0.226863,0.466869,0.389428
243600,a6Hh/InvElLjju5Yd4OthKiBokJP1uIuhQ/cYeFuiDsE6ka/+QUjU7dHeWkLWppG,0.25211,0.686081,0.41076599999999996
243900,a6Hh/InvElLjju5Yd4OthKiBokJP1uIuhQ/cYeFuiDsE6ka/+QUjU7dHeWkLWppG,0.395853,0.621336,0.444139
244200,a6Hh/InvElLjju5Yd4OthKiBokJP1uIuhQ/cYeFuiDsE6ka/+QUjU7dHeWkLWppG,0.276596,0.660267,0.418138
244500,a6Hh/InvElLjju5Yd4OthKiBokJP1uIuhQ/cYeFuiDsE6ka/+QUjU7dHeWkLWppG,0.374205,3.4868300000000003,0.758138
244800,a6Hh/InvElLjju5Yd4OthKiBokJP1uIuhQ/cYeFuiDsE6ka/+QUjU7dHeWkLWppG,0.23512199999999997,0.670625,0.458042
245100,a6Hh/InvElLjju5Yd4OthKiBokJP1uIuhQ/cYeFuiDsE6ka/+QUjU7dHeWkLWppG,0.405438,0.703961,0.448654
245400,a6Hh/InvElLjju5Yd4OthKiBokJP1uIuhQ/cYeFuiDsE6ka/+QUjU7dHeWkLWppG,0.216797,0.717527,0.427795
245700,a6Hh/InvElLjju5Yd4OthKiBokJP1uIuhQ/cYeFuiDsE6ka/+QUjU7dHeWkLWppG,0.404585,0.688783,0.44952299999999995
246000,a6Hh/InvElLjju5Yd4OthKiBokJP1uIuhQ/cYeFuiDsE6ka/+QUjU7dHeWkLWppG,0.25959299999999996,0.580377,0.421766
246300,a6Hh/InvElLjju5Yd4OthKiBokJP1uIuhQ/cYeFuiDsE6ka/+QUjU7dHeWkLWppG,0.371661,0.7558699999999999,0.456686
246600,a6Hh/InvElLjju5Yd4OthKiBokJP1uIuhQ/cYeFuiDsE6ka/+QUjU7dHeWkLWppG,0.377931,0.7369439999999999,0.439388
246900,a6Hh/InvElLjju5Yd4OthKiBokJP1uIuhQ/cYeFuiDsE6ka/+QUjU7dHeWkLWppG,0.424415,2.312529,0.666134
247200,a6Hh/InvElLjju5Yd4OthKiBokJP1uIuhQ/cYeFuiDsE6ka/+QUjU7dHeWkLWppG,0.40536,0.710951,0.469052
247500,a6Hh/InvElLjju5Yd4OthKiBokJP1uIuhQ/cYeFuiDsE6ka/+QUjU7dHeWkLWppG,0.405398,0.693516,0.490393
247800,a6Hh/InvElLjju5Yd4OthKiBokJP1uIuhQ/cYeFuiDsE6ka/+QUjU7dHeWkLWppG,0.398524,0.670926,0.46843500000000005
248100,a6Hh/InvElLjju5Yd4OthKiBokJP1uIuhQ/cYeFuiDsE6ka/+QUjU7dHeWkLWppG,0.379306,0.711001,0.469053
248400,a6Hh/InvElLjju5Yd4OthKiBokJP1uIuhQ/cYeFuiDsE6ka/+QUjU7dHeWkLWppG,0.37185100000000004,0.638725,0.42565699999999995
248700,a6Hh/InvElLjju5Yd4OthKiBokJP1uIuhQ/cYeFuiDsE6ka/+QUjU7dHeWkLWppG,0.381857,0.758352,0.439958
249000,a6Hh/InvElLjju5Yd4OthKiBokJP1uIuhQ/cYeFuiDsE6ka/+QUjU7dHeWkLWppG,0.382862,0.720839,0.477678
249300,a6Hh/InvElLjju5Yd4OthKiBokJP1uIuhQ/cYeFuiDsE6ka/+QUjU7dHeWkLWppG,0.41729399999999994,0.664868,0.463976
249600,a6Hh/InvElLjju5Yd4OthKiBokJP1uIuhQ/cYeFuiDsE6ka/+QUjU7dHeWkLWppG,0.17518,0.655047,0.415959
249900,a6Hh/InvElLjju5Yd4OthKiBokJP1uIuhQ/cYeFuiDsE6ka/+QUjU7dHeWkLWppG,0.37012399999999995,0.6324850000000001,0.42846999999999996
250200,a6Hh/InvElLjju5Yd4OthKiBokJP1uIuhQ/cYeFuiDsE6ka/+QUjU7dHeWkLWppG,0.248583,0.664768,0.42898800000000004
250500,a6Hh/InvElLjju5Yd4OthKiBokJP1uIuhQ/cYeFuiDsE6ka/+QUjU7dHeWkLWppG,0.37706999999999996,0.636099,0.429547
250800,a6Hh/InvElLjju5Yd4OthKiBokJP1uIuhQ/cYeFuiDsE6ka/+QUjU7dHeWkLWppG,0.279537,0.641249,0.42469799999999996
251100,a6Hh/InvElLjju5Yd4OthKiBokJP1uIuhQ/cYeFuiDsE6ka/+QUjU7dHeWkLWppG,0.375965,0.644122,0.431371
251400,a6Hh/InvElLjju5Yd4OthKiBokJP1uIuhQ/cYeFuiDsE6ka/+QUjU7dHeWkLWppG,0.387669,0.45674499999999996,0.414275
251700,a6Hh/InvElLjju5Yd4OthKiBokJP1uIuhQ/cYeFuiDsE6ka/+QUjU7dHeWkLWppG,0.240754,0.6259,0.427346
252000,a6Hh/InvElLjju5Yd4OthKiBokJP1uIuhQ/cYeFuiDsE6ka/+QUjU7dHeWkLWppG,0.37474,0.660419,0.436616
252300,a6Hh/InvElLjju5Yd4OthKiBokJP1uIuhQ/cYeFuiDsE6ka/+QUjU7dHeWkLWppG,0.360487,0.631316,0.422263
252600,a6Hh/InvElLjju5Yd4OthKiBokJP1uIuhQ/cYeFuiDsE6ka/+QUjU7dHeWkLWppG,0.369467,0.623412,0.430209
252900,a6Hh/InvElLjju5Yd4OthKiBokJP1uIuhQ/cYeFuiDsE6ka/+QUjU7dHeWkLWppG,0.257351,0.629418,0.422059
253200,a6Hh/InvElLjju5Yd4OthKiBokJP1uIuhQ/cYeFuiDsE6ka/+QUjU7dHeWkLWppG,0.365948,0.61641,0.42547299999999993
253500,a6Hh/InvElLjju5Yd4OthKiBokJP1uIuhQ/cYeFuiDsE6ka/+QUjU7dHeWkLWppG,0.329818,0.6381859999999999,0.426224
253800,a6Hh/InvElLjju5Yd4OthKiBokJP1uIuhQ/cYeFuiDsE6ka/+QUjU7dHeWkLWppG,0.381878,0.629029,0.43815200000000004
254100,a6Hh/InvElLjju5Yd4OthKiBokJP1uIuhQ/cYeFuiDsE6ka/+QUjU7dHeWkLWppG,0.218144,0.686451,0.42798500000000006
254400,a6Hh/InvElLjju5Yd4OthKiBokJP1uIuhQ/cYeFuiDsE6ka/+QUjU7dHeWkLWppG,0.383955,0.7442949999999999,0.44821400000000006
254700,a6Hh/InvElLjju5Yd4OthKiBokJP1uIuhQ/cYeFuiDsE6ka/+QUjU7dHeWkLWppG,0.380579,0.750391,0.443791
255000,a6Hh/InvElLjju5Yd4OthKiBokJP1uIuhQ/cYeFuiDsE6ka/+QUjU7dHeWkLWppG,0.202506,0.655325,0.413579
255300,a6Hh/InvElLjju5Yd4OthKiBokJP1uIuhQ/cYeFuiDsE6ka/+QUjU7dHeWkLWppG,0.396638,0.678136,0.45992700000000003
255600,a6Hh/InvElLjju5Yd4OthKiBokJP1uIuhQ/cYeFuiDsE6ka/+QUjU7dHeWkLWppG,0.20917399999999997,0.656259,0.42283999999999994
255900,a6Hh/InvElLjju5Yd4OthKiBokJP1uIuhQ/cYeFuiDsE6ka/+QUjU7dHeWkLWppG,0.406267,3.390711,0.757023
256200,a6Hh/InvElLjju5Yd4OthKiBokJP1uIuhQ/cYeFuiDsE6ka/+QUjU7dHeWkLWppG,0.333548,0.687347,0.471088
256500,a6Hh/InvElLjju5Yd4OthKiBokJP1uIuhQ/cYeFuiDsE6ka/+QUjU7dHeWkLWppG,0.395791,0.62975,0.44453100000000006
256800,a6Hh/InvElLjju5Yd4OthKiBokJP1uIuhQ/cYeFuiDsE6ka/+QUjU7dHeWkLWppG,0.25521,0.682137,0.441022
257100,a6Hh/InvElLjju5Yd4OthKiBokJP1uIuhQ/cYeFuiDsE6ka/+QUjU7dHeWkLWppG,0.238006,0.685307,0.457275
257400,a6Hh/InvElLjju5Yd4OthKiBokJP1uIuhQ/cYeFuiDsE6ka/+QUjU7dHeWkLWppG,0.371676,0.70808,0.43683999999999995
257700,a6Hh/InvElLjju5Yd4OthKiBokJP1uIuhQ/cYeFuiDsE6ka/+QUjU7dHeWkLWppG,0.264842,0.638984,0.415234
258000,a6Hh/InvElLjju5Yd4OthKiBokJP1uIuhQ/cYeFuiDsE6ka/+QUjU7dHeWkLWppG,0.37128,0.602467,0.418817
258300,a6Hh/InvElLjju5Yd4OthKiBokJP1uIuhQ/cYeFuiDsE6ka/+QUjU7dHeWkLWppG,0.38674000000000003,0.64012,0.438445
258600,a6Hh/InvElLjju5Yd4OthKiBokJP1uIuhQ/cYeFuiDsE6ka/+QUjU7dHeWkLWppG,0.368906,0.631031,0.422237
258900,a6Hh/InvElLjju5Yd4OthKiBokJP1uIuhQ/cYeFuiDsE6ka/+QUjU7dHeWkLWppG,0.302741,0.695241,0.432392
259200,a6Hh/InvElLjju5Yd4OthKiBokJP1uIuhQ/cYeFuiDsE6ka/+QUjU7dHeWkLWppG,0.377211,0.6353800000000001,0.42378699999999997
259500,a6Hh/InvElLjju5Yd4OthKiBokJP1uIuhQ/cYeFuiDsE6ka/+QUjU7dHeWkLWppG,0.34927600000000003,3.419372,0.733586
259800,a6Hh/InvElLjju5Yd4OthKiBokJP1uIuhQ/cYeFuiDsE6ka/+QUjU7dHeWkLWppG,0.34292100000000003,0.684298,0.46304700000000004
260100,a6Hh/InvElLjju5Yd4OthKiBokJP1uIuhQ/cYeFuiDsE6ka/+QUjU7dHeWkLWppG,0.39557600000000004,0.709638,0.455975
260400,a6Hh/InvElLjju5Yd4OthKiBokJP1uIuhQ/cYeFuiDsE6ka/+QUjU7dHeWkLWppG,0.39047800000000005,1.024095,0.515215
260700,a6Hh/InvElLjju5Yd4OthKiBokJP1uIuhQ/cYeFuiDsE6ka/+QUjU7dHeWkLWppG,0.398609,0.653777,0.47142700000000004
261000,a6Hh/InvElLjju5Yd4OthKiBokJP1uIuhQ/cYeFuiDsE6ka/+QUjU7dHeWkLWppG,0.367438,0.65866,0.44326400000000005
261300,a6Hh/InvElLjju5Yd4OthKiBokJP1uIuhQ/cYeFuiDsE6ka/+QUjU7dHeWkLWppG,0.37364200000000003,0.7635529999999999,0.43704799999999994
261600,a6Hh/InvElLjju5Yd4OthKiBokJP1uIuhQ/cYeFuiDsE6ka/+QUjU7dHeWkLWppG,0.245836,0.6502819999999999,0.416071
261900,a6Hh/InvElLjju5Yd4OthKiBokJP1uIuhQ/cYeFuiDsE6ka/+QUjU7dHeWkLWppG,0.37294,0.692476,0.43128599999999995
262200,a6Hh/InvElLjju5Yd4OthKiBokJP1uIuhQ/cYeFuiDsE6ka/+QUjU7dHeWkLWppG,0.285474,0.621841,0.408823
262500,a6Hh/InvElLjju5Yd4OthKiBokJP1uIuhQ/cYeFuiDsE6ka/+QUjU7dHeWkLWppG,0.261094,0.689463,0.43139399999999994
262800,a6Hh/InvElLjju5Yd4OthKiBokJP1uIuhQ/cYeFuiDsE6ka/+QUjU7dHeWkLWppG,0.404184,0.7559939999999999,0.454189
263100,a6Hh/InvElLjju5Yd4OthKiBokJP1uIuhQ/cYeFuiDsE6ka/+QUjU7dHeWkLWppG,0.283535,0.7584770000000001,0.42142299999999994
263400,a6Hh/InvElLjju5Yd4OthKiBokJP1uIuhQ/cYeFuiDsE6ka/+QUjU7dHeWkLWppG,0.37138499999999997,0.677344,0.43553800000000004
263700,a6Hh/InvElLjju5Yd4OthKiBokJP1uIuhQ/cYeFuiDsE6ka/+QUjU7dHeWkLWppG,0.294702,0.731011,0.42407700000000004
264000,a6Hh/InvElLjju5Yd4OthKiBokJP1uIuhQ/cYeFuiDsE6ka/+QUjU7dHeWkLWppG,0.376292,0.659277,0.43595200000000006
264300,a6Hh/InvElLjju5Yd4OthKiBokJP1uIuhQ/cYeFuiDsE6ka/+QUjU7dHeWkLWppG,0.24543600000000002,0.649863,0.42272
264600,a6Hh/InvElLjju5Yd4OthKiBokJP1uIuhQ/cYeFuiDsE6ka/+QUjU7dHeWkLWppG,0.366771,0.670543,0.42571000000000003
264900,a6Hh/InvElLjju5Yd4OthKiBokJP1uIuhQ/cYeFuiDsE6ka/+QUjU7dHeWkLWppG,0.18851700000000002,0.64327,0.401371
265200,a6Hh/InvElLjju5Yd4OthKiBokJP1uIuhQ/cYeFuiDsE6ka/+QUjU7dHeWkLWppG,0.292566,0.652069,0.415037
265500,a6Hh/InvElLjju5Yd4OthKiBokJP1uIuhQ/cYeFuiDsE6ka/+QUjU7dHeWkLWppG,0.372745,0.630803,0.426126
265800,a6Hh/InvElLjju5Yd4OthKiBokJP1uIuhQ/cYeFuiDsE6ka/+QUjU7dHeWkLWppG,0.36944299999999997,0.707961,0.456581
266100,a6Hh/InvElLjju5Yd4OthKiBokJP1uIuhQ/cYeFuiDsE6ka/+QUjU7dHeWkLWppG,0.363958,0.670169,0.430705
266400,a6Hh/InvElLjju5Yd4OthKiBokJP1uIuhQ/cYeFuiDsE6ka/+QUjU7dHeWkLWppG,0.269871,0.654759,0.41152799999999995
266700,a6Hh/InvElLjju5Yd4OthKiBokJP1uIuhQ/cYeFuiDsE6ka/+QUjU7dHeWkLWppG,0.383469,0.681337,0.443333
267000,a6Hh/InvElLjju5Yd4OthKiBokJP1uIuhQ/cYeFuiDsE6ka/+QUjU7dHeWkLWppG,0.37485599999999997,1.7411159999999999,0.580635
267300,a6Hh/InvElLjju5Yd4OthKiBokJP1uIuhQ/cYeFuiDsE6ka/+QUjU7dHeWkLWppG,0.376299,0.663507,0.44061000000000006
267600,a6Hh/InvElLjju5Yd4OthKiBokJP1uIuhQ/cYeFuiDsE6ka/+QUjU7dHeWkLWppG,0.376956,0.682651,0.463717
267900,a6Hh/InvElLjju5Yd4OthKiBokJP1uIuhQ/cYeFuiDsE6ka/+QUjU7dHeWkLWppG,0.374135,0.66285,0.46212700000000007
268200,a6Hh/InvElLjju5Yd4OthKiBokJP1uIuhQ/cYeFuiDsE6ka/+QUjU7dHeWkLWppG,0.387027,0.683651,0.44582200000000005
268500,a6Hh/InvElLjju5Yd4OthKiBokJP1uIuhQ/cYeFuiDsE6ka/+QUjU7dHeWkLWppG,0.38606999999999997,0.65971,0.45794399999999996
268800,a6Hh/InvElLjju5Yd4OthKiBokJP1uIuhQ/cYeFuiDsE6ka/+QUjU7dHeWkLWppG,0.406541,0.668729,0.457883
269100,a6Hh/InvElLjju5Yd4OthKiBokJP1uIuhQ/cYeFuiDsE6ka/+QUjU7dHeWkLWppG,0.379668,0.672716,0.46449399999999996
269400,a6Hh/InvElLjju5Yd4OthKiBokJP1uIuhQ/cYeFuiDsE6ka/+QUjU7dHeWkLWppG,0.382864,0.653967,0.44361999999999996
269700,a6Hh/InvElLjju5Yd4OthKiBokJP1uIuhQ/cYeFuiDsE6ka/+QUjU7dHeWkLWppG,0.38311,1.271228,0.541333
270000,a6Hh/InvElLjju5Yd4OthKiBokJP1uIuhQ/cYeFuiDsE6ka/+QUjU7dHeWkLWppG,0.397169,0.6612239999999999,0.45184399999999997
270300,a6Hh/InvElLjju5Yd4OthKiBokJP1uIuhQ/cYeFuiDsE6ka/+QUjU7dHeWkLWppG,0.15171800000000002,0.66269,0.42214399999999996
270600,a6Hh/InvElLjju5Yd4OthKiBokJP1uIuhQ/cYeFuiDsE6ka/+QUjU7dHeWkLWppG,0.178537,0.655913,0.41479499999999997
270900,a6Hh/InvElLjju5Yd4OthKiBokJP1uIuhQ/cYeFuiDsE6ka/+QUjU7dHeWkLWppG,0.35786799999999996,0.7020310000000001,0.42373299999999997
271200,a6Hh/InvElLjju5Yd4OthKiBokJP1uIuhQ/cYeFuiDsE6ka/+QUjU7dHeWkLWppG,0.213767,0.7158770000000001,0.405117
271500,a6Hh/InvElLjju5Yd4OthKiBokJP1uIuhQ/cYeFuiDsE6ka/+QUjU7dHeWkLWppG,0.366568,0.6659149999999999,0.43231499999999995
271800,a6Hh/InvElLjju5Yd4OthKiBokJP1uIuhQ/cYeFuiDsE6ka/+QUjU7dHeWkLWppG,0.212867,0.6241899999999999,0.403864
272100,a6Hh/InvElLjju5Yd4OthKiBokJP1uIuhQ/cYeFuiDsE6ka/+QUjU7dHeWkLWppG,0.38766100000000003,0.6540189999999999,0.449579
272400,a6Hh/InvElLjju5Yd4OthKiBokJP1uIuhQ/cYeFuiDsE6ka/+QUjU7dHeWkLWppG,0.162635,0.635677,0.399099
272700,a6Hh/InvElLjju5Yd4OthKiBokJP1uIuhQ/cYeFuiDsE6ka/+QUjU7dHeWkLWppG,0.367692,0.6159359999999999,0.42089399999999993
273000,a6Hh/InvElLjju5Yd4OthKiBokJP1uIuhQ/cYeFuiDsE6ka/+QUjU7dHeWkLWppG,0.14836,0.619827,0.407583
273300,a6Hh/InvElLjju5Yd4OthKiBokJP1uIuhQ/cYeFuiDsE6ka/+QUjU7dHeWkLWppG,0.176475,0.625404,0.399868
273600,a6Hh/InvElLjju5Yd4OthKiBokJP1uIuhQ/cYeFuiDsE6ka/+QUjU7dHeWkLWppG,0.3828,0.6446029999999999,0.424616
273900,a6Hh/InvElLjju5Yd4OthKiBokJP1uIuhQ/cYeFuiDsE6ka/+QUjU7dHeWkLWppG,0.273049,0.613853,0.41139799999999993
274200,a6Hh/InvElLjju5Yd4OthKiBokJP1uIuhQ/cYeFuiDsE6ka/+QUjU7dHeWkLWppG,0.374342,0.6329130000000001,0.44059899999999996
274500,a6Hh/InvElLjju5Yd4OthKiBokJP1uIuhQ/cYeFuiDsE6ka/+QUjU7dHeWkLWppG,0.292831,0.634107,0.41876800000000003
274800,a6Hh/InvElLjju5Yd4OthKiBokJP1uIuhQ/cYeFuiDsE6ka/+QUjU7dHeWkLWppG,0.374996,0.6233810000000001,0.424579
275100,a6Hh/InvElLjju5Yd4OthKiBokJP1uIuhQ/cYeFuiDsE6ka/+QUjU7dHeWkLWppG,0.41497399999999995,0.821519,0.47876499999999994
275400,a6Hh/InvElLjju5Yd4OthKiBokJP1uIuhQ/cYeFuiDsE6ka/+QUjU7dHeWkLWppG,0.377915,0.669809,0.438116
275700,a6Hh/InvElLjju5Yd4OthKiBokJP1uIuhQ/cYeFuiDsE6ka/+QUjU7dHeWkLWppG,0.15975699999999998,0.618119,0.396613
276000,a6Hh/InvElLjju5Yd4OthKiBokJP1uIuhQ/cYeFuiDsE6ka/+QUjU7dHeWkLWppG,0.385456,0.634744,0.460179
276300,a6Hh/InvElLjju5Yd4OthKiBokJP1uIuhQ/cYeFuiDsE6ka/+QUjU7dHeWkLWppG,0.362681,0.6604770000000001,0.430201
276600,a6Hh/InvElLjju5Yd4OthKiBokJP1uIuhQ/cYeFuiDsE6ka/+QUjU7dHeWkLWppG,0.18992699999999998,0.620323,0.400125
276900,a6Hh/InvElLjju5Yd4OthKiBokJP1uIuhQ/cYeFuiDsE6ka/+QUjU7dHeWkLWppG,0.370489,0.638668,0.426151
277200,a6Hh/InvElLjju5Yd4OthKiBokJP1uIuhQ/cYeFuiDsE6ka/+QUjU7dHeWkLWppG,0.20161600000000002,0.673541,0.40973699999999996
277500,a6Hh/InvElLjju5Yd4OthKiBokJP1uIuhQ/cYeFuiDsE6ka/+QUjU7dHeWkLWppG,0.383171,0.635907,0.42539
277800,a6Hh/InvElLjju5Yd4OthKiBokJP1uIuhQ/cYeFuiDsE6ka/+QUjU7dHeWkLWppG,0.187004,0.623359,0.41037700000000005
278100,a6Hh/InvElLjju5Yd4OthKiBokJP1uIuhQ/cYeFuiDsE6ka/+QUjU7dHeWkLWppG,0.3877,0.653698,0.436655
278400,a6Hh/InvElLjju5Yd4OthKiBokJP1uIuhQ/cYeFuiDsE6ka/+QUjU7dHeWkLWppG,0.23708400000000002,0.628983,0.415522
278700,a6Hh/InvElLjju5Yd4OthKiBokJP1uIuhQ/cYeFuiDsE6ka/+QUjU7dHeWkLWppG,0.21836599999999998,0.627571,0.402449
279000,a6Hh/InvElLjju5Yd4OthKiBokJP1uIuhQ/cYeFuiDsE6ka/+QUjU7dHeWkLWppG,0.395662,0.707428,0.43984300000000004
279300,a6Hh/InvElLjju5Yd4OthKiBokJP1uIuhQ/cYeFuiDsE6ka/+QUjU7dHeWkLWppG,0.194372,0.683582,0.41116899999999995
279600,a6Hh/InvElLjju5Yd4OthKiBokJP1uIuhQ/cYeFuiDsE6ka/+QUjU7dHeWkLWppG,0.368039,0.714015,0.42890100000000003
279900,a6Hh/InvElLjju5Yd4OthKiBokJP1uIuhQ/cYeFuiDsE6ka/+QUjU7dHeWkLWppG,0.26926100000000003,0.739614,0.42195299999999997
280200,a6Hh/InvElLjju5Yd4OthKiBokJP1uIuhQ/cYeFuiDsE6ka/+QUjU7dHeWkLWppG,0.371248,0.620379,0.430828
280500,a6Hh/InvElLjju5Yd4OthKiBokJP1uIuhQ/cYeFuiDsE6ka/+QUjU7dHeWkLWppG,0.285132,0.6365029999999999,0.42518900000000004
280800,a6Hh/InvElLjju5Yd4OthKiBokJP1uIuhQ/cYeFuiDsE6ka/+QUjU7dHeWkLWppG,0.375197,0.663582,0.436352
281100,a6Hh/InvElLjju5Yd4OthKiBokJP1uIuhQ/cYeFuiDsE6ka/+QUjU7dHeWkLWppG,0.382424,0.6561140000000001,0.451222
281400,a6Hh/InvElLjju5Yd4OthKiBokJP1uIuhQ/cYeFuiDsE6ka/+QUjU7dHeWkLWppG,0.37516700000000003,0.664583,0.44433999999999996
281700,a6Hh/InvElLjju5Yd4OthKiBokJP1uIuhQ/cYeFuiDsE6ka/+QUjU7dHeWkLWppG,0.25111500000000003,0.452755,0.398593
282000,a6Hh/InvElLjju5Yd4OthKiBokJP1uIuhQ/cYeFuiDsE6ka/+QUjU7dHeWkLWppG,0.24943400000000002,0.657958,0.435933
282300,a6Hh/InvElLjju5Yd4OthKiBokJP1uIuhQ/cYeFuiDsE6ka/+QUjU7dHeWkLWppG,0.403937,0.66396,0.45095799999999997
282600,a6Hh/InvElLjju5Yd4OthKiBokJP1uIuhQ/cYeFuiDsE6ka/+QUjU7dHeWkLWppG,0.382778,0.667959,0.449291
282900,a6Hh/InvElLjju5Yd4OthKiBokJP1uIuhQ/cYeFuiDsE6ka/+QUjU7dHeWkLWppG,0.395219,0.721244,0.45951499999999995
283200,a6Hh/InvElLjju5Yd4OthKiBokJP1uIuhQ/cYeFuiDsE6ka/+QUjU7dHeWkLWppG,0.19964200000000001,0.662301,0.427388
283500,a6Hh/InvElLjju5Yd4OthKiBokJP1uIuhQ/cYeFuiDsE6ka/+QUjU7dHeWkLWppG,0.407913,0.742363,0.46478100000000006
283800,a6Hh/InvElLjju5Yd4OthKiBokJP1uIuhQ/cYeFuiDsE6ka/+QUjU7dHeWkLWppG,0.188911,0.6352260000000001,0.43521400000000005
284100,a6Hh/InvElLjju5Yd4OthKiBokJP1uIuhQ/cYeFuiDsE6ka/+QUjU7dHeWkLWppG,0.370108,0.6372180000000001,0.449955
284400,a6Hh/InvElLjju5Yd4OthKiBokJP1uIuhQ/cYeFuiDsE6ka/+QUjU7dHeWkLWppG,0.22278299999999998,0.533688,0.41567600000000005
284700,a6Hh/InvElLjju5Yd4OthKiBokJP1uIuhQ/cYeFuiDsE6ka/+QUjU7dHeWkLWppG,0.340817,0.6559520000000001,0.45243999999999995
285000,a6Hh/InvElLjju5Yd4OthKiBokJP1uIuhQ/cYeFuiDsE6ka/+QUjU7dHeWkLWppG,0.398023,0.80167,0.480368
285300,a6Hh/InvElLjju5Yd4OthKiBokJP1uIuhQ/cYeFuiDsE6ka/+QUjU7dHeWkLWppG,0.20486999999999997,0.680489,0.43328199999999994
285600,a6Hh/InvElLjju5Yd4OthKiBokJP1uIuhQ/cYeFuiDsE6ka/+QUjU7dHeWkLWppG,0.39324499999999996,0.681473,0.456793
285900,a6Hh/InvElLjju5Yd4OthKiBokJP1uIuhQ/cYeFuiDsE6ka/+QUjU7dHeWkLWppG,0.21588400000000002,0.65199,0.41432399999999997
286200,a6Hh/InvElLjju5Yd4OthKiBokJP1uIuhQ/cYeFuiDsE6ka/+QUjU7dHeWkLWppG,0.379229,0.700141,0.447025
286500,a6Hh/InvElLjju5Yd4OthKiBokJP1uIuhQ/cYeFuiDsE6ka/+QUjU7dHeWkLWppG,0.21933899999999998,0.781592,0.43169300000000005
286800,a6Hh/InvElLjju5Yd4OthKiBokJP1uIuhQ/cYeFuiDsE6ka/+QUjU7dHeWkLWppG,0.378361,0.659506,0.43478500000000003
287100,a6Hh/InvElLjju5Yd4OthKiBokJP1uIuhQ/cYeFuiDsE6ka/+QUjU7dHeWkLWppG,0.285477,0.499303,0.400394
287400,a6Hh/InvElLjju5Yd4OthKiBokJP1uIuhQ/cYeFuiDsE6ka/+QUjU7dHeWkLWppG,0.250296,0.668474,0.41967899999999997
287700,a6Hh/InvElLjju5Yd4OthKiBokJP1uIuhQ/cYeFuiDsE6ka/+QUjU7dHeWkLWppG,0.386547,0.738054,0.44271499999999997
288000,a6Hh/InvElLjju5Yd4OthKiBokJP1uIuhQ/cYeFuiDsE6ka/+QUjU7dHeWkLWppG,0.253867,0.741758,0.425991
288300,a6Hh/InvElLjju5Yd4OthKiBokJP1uIuhQ/cYeFuiDsE6ka/+QUjU7dHeWkLWppG,0.377083,0.672723,0.426467
288600,a6Hh/InvElLjju5Yd4OthKiBokJP1uIuhQ/cYeFuiDsE6ka/+QUjU7dHeWkLWppG,0.250031,0.6153420000000001,0.41985
288900,a6Hh/InvElLjju5Yd4OthKiBokJP1uIuhQ/cYeFuiDsE6ka/+QUjU7dHeWkLWppG,0.38137,0.626205,0.432796
289200,a6Hh/InvElLjju5Yd4OthKiBokJP1uIuhQ/cYeFuiDsE6ka/+QUjU7dHeWkLWppG,0.303112,0.639134,0.430044
289500,a6Hh/InvElLjju5Yd4OthKiBokJP1uIuhQ/cYeFuiDsE6ka/+QUjU7dHeWkLWppG,0.379363,0.664798,0.43981800000000004
289800,a6Hh/InvElLjju5Yd4OthKiBokJP1uIuhQ/cYeFuiDsE6ka/+QUjU7dHeWkLWppG,0.247723,0.47818599999999994,0.399044
290100,a6Hh/InvElLjju5Yd4OthKiBokJP1uIuhQ/cYeFuiDsE6ka/+QUjU7dHeWkLWppG,0.371028,0.660963,0.455575
290400,a6Hh/InvElLjju5Yd4OthKiBokJP1uIuhQ/cYeFuiDsE6ka/+QUjU7dHeWkLWppG,0.37348899999999996,0.654062,0.42908900000000005
290700,a6Hh/InvElLjju5Yd4OthKiBokJP1uIuhQ/cYeFuiDsE6ka/+QUjU7dHeWkLWppG,0.365708,0.628564,0.43458900000000006
291000,a6Hh/InvElLjju5Yd4OthKiBokJP1uIuhQ/cYeFuiDsE6ka/+QUjU7dHeWkLWppG,0.367615,0.669008,0.430036
291300,a6Hh/InvElLjju5Yd4OthKiBokJP1uIuhQ/cYeFuiDsE6ka/+QUjU7dHeWkLWppG,0.25579,2.335299,0.645965
291600,a6Hh/InvElLjju5Yd4OthKiBokJP1uIuhQ/cYeFuiDsE6ka/+QUjU7dHeWkLWppG,0.426062,1.915404,0.62843
291900,a6Hh/InvElLjju5Yd4OthKiBokJP1uIuhQ/cYeFuiDsE6ka/+QUjU7dHeWkLWppG,0.182819,0.653878,0.431625
292200,a6Hh/InvElLjju5Yd4OthKiBokJP1uIuhQ/cYeFuiDsE6ka/+QUjU7dHeWkLWppG,0.415225,0.672773,0.472762
292500,a6Hh/InvElLjju5Yd4OthKiBokJP1uIuhQ/cYeFuiDsE6ka/+QUjU7dHeWkLWppG,0.21214899999999998,0.477075,0.41735500000000003
292800,a6Hh/InvElLjju5Yd4OthKiBokJP1uIuhQ/cYeFuiDsE6ka/+QUjU7dHeWkLWppG,0.250853,0.639147,0.44595
293100,a6Hh/InvElLjju5Yd4OthKiBokJP1uIuhQ/cYeFuiDsE6ka/+QUjU7dHeWkLWppG,0.404697,0.662825,0.46083199999999996
293400,a6Hh/InvElLjju5Yd4OthKiBokJP1uIuhQ/cYeFuiDsE6ka/+QUjU7dHeWkLWppG,0.41619799999999996,0.760756,0.496021
293700,a6Hh/InvElLjju5Yd4OthKiBokJP1uIuhQ/cYeFuiDsE6ka/+QUjU7dHeWkLWppG,0.410287,0.694782,0.474724
294000,a6Hh/InvElLjju5Yd4OthKiBokJP1uIuhQ/cYeFuiDsE6ka/+QUjU7dHeWkLWppG,0.414254,0.660489,0.485195
294300,a6Hh/InvElLjju5Yd4OthKiBokJP1uIuhQ/cYeFuiDsE6ka/+QUjU7dHeWkLWppG,0.399778,0.724587,0.46159799999999995
294600,a6Hh/InvElLjju5Yd4OthKiBokJP1uIuhQ/cYeFuiDsE6ka/+QUjU7dHeWkLWppG,0.40026799999999996,0.92801,0.505779
294900,a6Hh/InvElLjju5Yd4OthKiBokJP1uIuhQ/cYeFuiDsE6ka/+QUjU7dHeWkLWppG,0.41016099999999994,0.6960689999999999,0.46898100000000004
295200,a6Hh/InvElLjju5Yd4OthKiBokJP1uIuhQ/cYeFuiDsE6ka/+QUjU7dHeWkLWppG,0.38806599999999997,0.619097,0.442708
295500,a6Hh/InvElLjju5Yd4OthKiBokJP1uIuhQ/cYeFuiDsE6ka/+QUjU7dHeWkLWppG,0.3872,0.644672,0.46813299999999997
295800,a6Hh/InvElLjju5Yd4OthKiBokJP1uIuhQ/cYeFuiDsE6ka/+QUjU7dHeWkLWppG,0.38097800000000004,0.6539119999999999,0.44816000000000006
296100,a6Hh/InvElLjju5Yd4OthKiBokJP1uIuhQ/cYeFuiDsE6ka/+QUjU7dHeWkLWppG,0.384374,0.663774,0.450821
296400,a6Hh/InvElLjju5Yd4OthKiBokJP1uIuhQ/cYeFuiDsE6ka/+QUjU7dHeWkLWppG,0.401473,0.7004020000000001,0.44706899999999994
296700,a6Hh/InvElLjju5Yd4OthKiBokJP1uIuhQ/cYeFuiDsE6ka/+QUjU7dHeWkLWppG,0.398444,0.9897389999999999,0.520011
297000,a6Hh/InvElLjju5Yd4OthKiBokJP1uIuhQ/cYeFuiDsE6ka/+QUjU7dHeWkLWppG,0.44943500000000003,3.363083,0.7863100000000001
297300,a6Hh/InvElLjju5Yd4OthKiBokJP1uIuhQ/cYeFuiDsE6ka/+QUjU7dHeWkLWppG,0.443561,0.705912,0.529986
297600,a6Hh/InvElLjju5Yd4OthKiBokJP1uIuhQ/cYeFuiDsE6ka/+QUjU7dHeWkLWppG,0.427601,0.719758,0.48032600000000003
297900,a6Hh/InvElLjju5Yd4OthKiBokJP1uIuhQ/cYeFuiDsE6ka/+QUjU7dHeWkLWppG,0.41273699999999997,0.7584989999999999,0.48426800000000003
298200,a6Hh/InvElLjju5Yd4OthKiBokJP1uIuhQ/cYeFuiDsE6ka/+QUjU7dHeWkLWppG,0.373033,1.048049,0.557012
298500,a6Hh/InvElLjju5Yd4OthKiBokJP1uIuhQ/cYeFuiDsE6ka/+QUjU7dHeWkLWppG,0.39814,0.7368819999999999,0.47008199999999994
298800,a6Hh/InvElLjju5Yd4OthKiBokJP1uIuhQ/cYeFuiDsE6ka/+QUjU7dHeWkLWppG,0.386898,0.744378,0.487149
299100,a6Hh/InvElLjju5Yd4OthKiBokJP1uIuhQ/cYeFuiDsE6ka/+QUjU7dHeWkLWppG,0.399877,0.680385,0.46803900000000004
299400,a6Hh/InvElLjju5Yd4OthKiBokJP1uIuhQ/cYeFuiDsE6ka/+QUjU7dHeWkLWppG,0.381282,0.768332,0.48008900000000004
299700,a6Hh/InvElLjju5Yd4OthKiBokJP1uIuhQ/cYeFuiDsE6ka/+QUjU7dHeWkLWppG,0.404031,0.62441,0.44943500000000003
300000,a6Hh/InvElLjju5Yd4OthKiBokJP1uIuhQ/cYeFuiDsE6ka/+QUjU7dHeWkLWppG,0.39259499999999997,0.878767,0.508005
300300,a6Hh/InvElLjju5Yd4OthKiBokJP1uIuhQ/cYeFuiDsE6ka/+QUjU7dHeWkLWppG,0.38715,0.68785,0.455467
300600,a6Hh/InvElLjju5Yd4OthKiBokJP1uIuhQ/cYeFuiDsE6ka/+QUjU7dHeWkLWppG,0.380781,0.809705,0.450776
300900,a6Hh/InvElLjju5Yd4OthKiBokJP1uIuhQ/cYeFuiDsE6ka/+QUjU7dHeWkLWppG,0.38052600000000003,0.641408,0.463855
301200,a6Hh/InvElLjju5Yd4OthKiBokJP1uIuhQ/cYeFuiDsE6ka/+QUjU7dHeWkLWppG,0.385235,0.643996,0.44065200000000004
301500,a6Hh/InvElLjju5Yd4OthKiBokJP1uIuhQ/cYeFuiDsE6ka/+QUjU7dHeWkLWppG,0.39254,0.6688970000000001,0.46639899999999995
301800,a6Hh/InvElLjju5Yd4OthKiBokJP1uIuhQ/cYeFuiDsE6ka/+QUjU7dHeWkLWppG,0.37695300000000004,0.643621,0.427907
302100,a6Hh/InvElLjju5Yd4OthKiBokJP1uIuhQ/cYeFuiDsE6ka/+QUjU7dHeWkLWppG,0.38414,0.7461220000000001,0.478996
302400,a6Hh/InvElLjju5Yd4OthKiBokJP1uIuhQ/cYeFuiDsE6ka/+QUjU7dHeWkLWppG,0.38401599999999997,0.626944,0.442409
302700,a6Hh/InvElLjju5Yd4OthKiBokJP1uIuhQ/cYeFuiDsE6ka/+QUjU7dHeWkLWppG,0.400908,0.719929,0.480523
303000,a6Hh/InvElLjju5Yd4OthKiBokJP1uIuhQ/cYeFuiDsE6ka/+QUjU7dHeWkLWppG,0.388736,0.648558,0.446504
303300,a6Hh/InvElLjju5Yd4OthKiBokJP1uIuhQ/cYeFuiDsE6ka/+QUjU7dHeWkLWppG,0.38238099999999997,0.669558,0.44346800000000003
303600,a6Hh/InvElLjju5Yd4OthKiBokJP1uIuhQ/cYeFuiDsE6ka/+QUjU7dHeWkLWppG,0.390271,0.679268,0.464404
303900,a6Hh/InvElLjju5Yd4OthKiBokJP1uIuhQ/cYeFuiDsE6ka/+QUjU7dHeWkLWppG,0.384844,0.695979,0.440993
304200,a6Hh/InvElLjju5Yd4OthKiBokJP1uIuhQ/cYeFuiDsE6ka/+QUjU7dHeWkLWppG,0.408001,0.673608,0.472513
304500,a6Hh/InvElLjju5Yd4OthKiBokJP1uIuhQ/cYeFuiDsE6ka/+QUjU7dHeWkLWppG,0.35930700000000004,0.6663600000000001,0.42817
304800,a6Hh/InvElLjju5Yd4OthKiBokJP1uIuhQ/cYeFuiDsE6ka/+QUjU7dHeWkLWppG,0.379997,0.7732220000000001,0.48010699999999995
305100,a6Hh/InvElLjju5Yd4OthKiBokJP1uIuhQ/cYeFuiDsE6ka/+QUjU7dHeWkLWppG,0.379818,0.701266,0.44530200000000003
305400,a6Hh/InvElLjju5Yd4OthKiBokJP1uIuhQ/cYeFuiDsE6ka/+QUjU7dHeWkLWppG,0.39355100000000004,0.796061,0.48391899999999993
305700,a6Hh/InvElLjju5Yd4OthKiBokJP1uIuhQ/cYeFuiDsE6ka/+QUjU7dHeWkLWppG,0.37522,0.6722130000000001,0.44814499999999996
306000,a6Hh/InvElLjju5Yd4OthKiBokJP1uIuhQ/cYeFuiDsE6ka/+QUjU7dHeWkLWppG,0.381832,0.639594,0.43475699999999995
306300,a6Hh/InvElLjju5Yd4OthKiBokJP1uIuhQ/cYeFuiDsE6ka/+QUjU7dHeWkLWppG,0.27811199999999997,0.615386,0.433076
306600,a6Hh/InvElLjju5Yd4OthKiBokJP1uIuhQ/cYeFuiDsE6ka/+QUjU7dHeWkLWppG,0.39119699999999996,0.6273529999999999,0.44764
306900,a6Hh/InvElLjju5Yd4OthKiBokJP1uIuhQ/cYeFuiDsE6ka/+QUjU7dHeWkLWppG,0.349493,0.677659,0.448644
307200,a6Hh/InvElLjju5Yd4OthKiBokJP1uIuhQ/cYeFuiDsE6ka/+QUjU7dHeWkLWppG,0.37285300000000005,0.651121,0.44397700000000007
307500,a6Hh/InvElLjju5Yd4OthKiBokJP1uIuhQ/cYeFuiDsE6ka/+QUjU7dHeWkLWppG,0.360009,0.6248640000000001,0.431729
307800,a6Hh/InvElLjju5Yd4OthKiBokJP1uIuhQ/cYeFuiDsE6ka/+QUjU7dHeWkLWppG,0.389301,2.117064,0.635567
308100,a6Hh/InvElLjju5Yd4OthKiBokJP1uIuhQ/cYeFuiDsE6ka/+QUjU7dHeWkLWppG,0.28137199999999996,0.832988,0.479206
308400,a6Hh/InvElLjju5Yd4OthKiBokJP1uIuhQ/cYeFuiDsE6ka/+QUjU7dHeWkLWppG,0.41320500000000004,0.734201,0.47362299999999996
308700,a6Hh/InvElLjju5Yd4OthKiBokJP1uIuhQ/cYeFuiDsE6ka/+QUjU7dHeWkLWppG,0.267401,0.509424,0.419204
309000,a6Hh/InvElLjju5Yd4OthKiBokJP1uIuhQ/cYeFuiDsE6ka/+QUjU7dHeWkLWppG,0.39997,0.70802,0.49632
309300,a6Hh/InvElLjju5Yd4OthKiBokJP1uIuhQ/cYeFuiDsE6ka/+QUjU7dHeWkLWppG,0.395427,0.647981,0.44480299999999995
309600,a6Hh/InvElLjju5Yd4OthKiBokJP1uIuhQ/cYeFuiDsE6ka/+QUjU7dHeWkLWppG,0.274383,0.649231,0.430412
309900,a6Hh/InvElLjju5Yd4OthKiBokJP1uIuhQ/cYeFuiDsE6ka/+QUjU7dHeWkLWppG,0.39865900000000004,0.6493869999999999,0.45247600000000004
310200,a6Hh/InvElLjju5Yd4OthKiBokJP1uIuhQ/cYeFuiDsE6ka/+QUjU7dHeWkLWppG,0.290516,0.688872,0.44234799999999996
310500,a6Hh/InvElLjju5Yd4OthKiBokJP1uIuhQ/cYeFuiDsE6ka/+QUjU7dHeWkLWppG,0.372053,0.634019,0.44177700000000003
310800,a6Hh/InvElLjju5Yd4OthKiBokJP1uIuhQ/cYeFuiDsE6ka/+QUjU7dHeWkLWppG,0.239925,0.635025,0.41727700000000006
311100,a6Hh/InvElLjju5Yd4OthKiBokJP1uIuhQ/cYeFuiDsE6ka/+QUjU7dHeWkLWppG,0.391627,0.6573060000000001,0.44267
311400,a6Hh/InvElLjju5Yd4OthKiBokJP1uIuhQ/cYeFuiDsE6ka/+QUjU7dHeWkLWppG,0.240605,3.507604,0.787836
311700,a6Hh/InvElLjju5Yd4OthKiBokJP1uIuhQ/cYeFuiDsE6ka/+QUjU7dHeWkLWppG,0.43511000000000005,0.712491,0.491825
312000,a6Hh/InvElLjju5Yd4OthKiBokJP1uIuhQ/cYeFuiDsE6ka/+QUjU7dHeWkLWppG,0.407731,0.699645,0.469603
312300,a6Hh/InvElLjju5Yd4OthKiBokJP1uIuhQ/cYeFuiDsE6ka/+QUjU7dHeWkLWppG,0.39650599999999997,0.659832,0.473997
312600,a6Hh/InvElLjju5Yd4OthKiBokJP1uIuhQ/cYeFuiDsE6ka/+QUjU7dHeWkLWppG,0.380062,0.715218,0.483367
312900,a6Hh/InvElLjju5Yd4OthKiBokJP1uIuhQ/cYeFuiDsE6ka/+QUjU7dHeWkLWppG,0.256723,0.676988,0.443217
313200,a6Hh/InvElLjju5Yd4OthKiBokJP1uIuhQ/cYeFuiDsE6ka/+QUjU7dHeWkLWppG,0.384812,0.759035,0.45607700000000007
313500,a6Hh/InvElLjju5Yd4OthKiBokJP1uIuhQ/cYeFuiDsE6ka/+QUjU7dHeWkLWppG,0.38226,1.067559,0.513369
313800,a6Hh/InvElLjju5Yd4OthKiBokJP1uIuhQ/cYeFuiDsE6ka/+QUjU7dHeWkLWppG,0.395827,0.767088,0.458161
314100,a6Hh/InvElLjju5Yd4OthKiBokJP1uIuhQ/cYeFuiDsE6ka/+QUjU7dHeWkLWppG,0.272536,0.671741,0.427345
314400,a6Hh/InvElLjju5Yd4OthKiBokJP1uIuhQ/cYeFuiDsE6ka/+QUjU7dHeWkLWppG,0.389482,0.7165779999999999,0.465438
314700,a6Hh/InvElLjju5Yd4OthKiBokJP1uIuhQ/cYeFuiDsE6ka/+QUjU7dHeWkLWppG,0.3055,0.6627310000000001,0.437821
315000,a6Hh/InvElLjju5Yd4OthKiBokJP1uIuhQ/cYeFuiDsE6ka/+QUjU7dHeWkLWppG,0.313552,0.710145,0.476523
315300,a6Hh/InvElLjju5Yd4OthKiBokJP1uIuhQ/cYeFuiDsE6ka/+QUjU7dHeWkLWppG,0.42645200000000005,0.672995,0.485364
315600,a6Hh/InvElLjju5Yd4OthKiBokJP1uIuhQ/cYeFuiDsE6ka/+QUjU7dHeWkLWppG,0.293761,0.684474,0.458254
315900,a6Hh/InvElLjju5Yd4OthKiBokJP1uIuhQ/cYeFuiDsE6ka/+QUjU7dHeWkLWppG,0.39771100000000004,0.651676,0.465316
316200,a6Hh/InvElLjju5Yd4OthKiBokJP1uIuhQ/cYeFuiDsE6ka/+QUjU7dHeWkLWppG,0.309212,0.662504,0.44903000000000004
316500,a6Hh/InvElLjju5Yd4OthKiBokJP1uIuhQ/cYeFuiDsE6ka/+QUjU7dHeWkLWppG,0.393288,0.731816,0.497463
316800,a6Hh/InvElLjju5Yd4OthKiBokJP1uIuhQ/cYeFuiDsE6ka/+QUjU7dHeWkLWppG,0.330602,0.7329180000000001,0.46477399999999996
317100,a6Hh/InvElLjju5Yd4OthKiBokJP1uIuhQ/cYeFuiDsE6ka/+QUjU7dHeWkLWppG,0.39107600000000003,0.699038,0.468412
317400,a6Hh/InvElLjju5Yd4OthKiBokJP1uIuhQ/cYeFuiDsE6ka/+QUjU7dHeWkLWppG,0.271744,0.71411,0.443536
317700,a6Hh/InvElLjju5Yd4OthKiBokJP1uIuhQ/cYeFuiDsE6ka/+QUjU7dHeWkLWppG,0.371667,3.4234769999999997,0.75084
318000,a6Hh/InvElLjju5Yd4OthKiBokJP1uIuhQ/cYeFuiDsE6ka/+QUjU7dHeWkLWppG,0.42908900000000005,0.714852,0.501155
318300,a6Hh/InvElLjju5Yd4OthKiBokJP1uIuhQ/cYeFuiDsE6ka/+QUjU7dHeWkLWppG,0.321905,0.6458510000000001,0.47262200000000004
318600,a6Hh/InvElLjju5Yd4OthKiBokJP1uIuhQ/cYeFuiDsE6ka/+QUjU7dHeWkLWppG,0.434309,0.664451,0.48543100000000006
318900,a6Hh/InvElLjju5Yd4OthKiBokJP1uIuhQ/cYeFuiDsE6ka/+QUjU7dHeWkLWppG,0.171281,0.710009,0.43308100000000005
319200,a6Hh/InvElLjju5Yd4OthKiBokJP1uIuhQ/cYeFuiDsE6ka/+QUjU7dHeWkLWppG,0.400266,0.661269,0.468383
319500,a6Hh/InvElLjju5Yd4OthKiBokJP1uIuhQ/cYeFuiDsE6ka/+QUjU7dHeWkLWppG,0.200078,0.7287060000000001,0.444539
319800,a6Hh/InvElLjju5Yd4OthKiBokJP1uIuhQ/cYeFuiDsE6ka/+QUjU7dHeWkLWppG,0.402022,0.720895,0.456876
320100,a6Hh/InvElLjju5Yd4OthKiBokJP1uIuhQ/cYeFuiDsE6ka/+QUjU7dHeWkLWppG,0.41462299999999996,2.9240470000000003,0.741727
320400,a6Hh/InvElLjju5Yd4OthKiBokJP1uIuhQ/cYeFuiDsE6ka/+QUjU7dHeWkLWppG,0.19173199999999999,0.7342770000000001,0.43518999999999997
320700,a6Hh/InvElLjju5Yd4OthKiBokJP1uIuhQ/cYeFuiDsE6ka/+QUjU7dHeWkLWppG,0.381344,0.6561819999999999,0.43831800000000004
321000,a6Hh/InvElLjju5Yd4OthKiBokJP1uIuhQ/cYeFuiDsE6ka/+QUjU7dHeWkLWppG,0.21046900000000002,0.6905979999999999,0.43154799999999993
321300,a6Hh/InvElLjju5Yd4OthKiBokJP1uIuhQ/cYeFuiDsE6ka/+QUjU7dHeWkLWppG,0.386941,0.706,0.436011
321600,a6Hh/InvElLjju5Yd4OthKiBokJP1uIuhQ/cYeFuiDsE6ka/+QUjU7dHeWkLWppG,0.154043,0.796133,0.433155
321900,a6Hh/InvElLjju5Yd4OthKiBokJP1uIuhQ/cYeFuiDsE6ka/+QUjU7dHeWkLWppG,0.372261,0.765756,0.43560299999999996
322200,a6Hh/InvElLjju5Yd4OthKiBokJP1uIuhQ/cYeFuiDsE6ka/+QUjU7dHeWkLWppG,0.233366,0.710555,0.42146000000000006
322500,a6Hh/InvElLjju5Yd4OthKiBokJP1uIuhQ/cYeFuiDsE6ka/+QUjU7dHeWkLWppG,0.381187,0.675959,0.439856
322800,a6Hh/InvElLjju5Yd4OthKiBokJP1uIuhQ/cYeFuiDsE6ka/+QUjU7dHeWkLWppG,0.390467,0.6575489999999999,0.458884
323100,a6Hh/InvElLjju5Yd4OthKiBokJP1uIuhQ/cYeFuiDsE6ka/+QUjU7dHeWkLWppG,0.23478400000000002,0.63165,0.41908
323400,a6Hh/InvElLjju5Yd4OthKiBokJP1uIuhQ/cYeFuiDsE6ka/+QUjU7dHeWkLWppG,0.388316,0.682869,0.43916499999999997
323700,a6Hh/InvElLjju5Yd4OthKiBokJP1uIuhQ/cYeFuiDsE6ka/+QUjU7dHeWkLWppG,0.281543,0.82786,0.47418599999999994
324000,a6Hh/InvElLjju5Yd4OthKiBokJP1uIuhQ/cYeFuiDsE6ka/+QUjU7dHeWkLWppG,0.380365,0.796503,0.470549
324300,a6Hh/InvElLjju5Yd4OthKiBokJP1uIuhQ/cYeFuiDsE6ka/+QUjU7dHeWkLWppG,0.316947,0.6645399999999999,0.42843400000000004
324600,a6Hh/InvElLjju5Yd4OthKiBokJP1uIuhQ/cYeFuiDsE6ka/+QUjU7dHeWkLWppG,0.390416,0.660848,0.43871400000000005
324900,a6Hh/InvElLjju5Yd4OthKiBokJP1uIuhQ/cYeFuiDsE6ka/+QUjU7dHeWkLWppG,0.278631,0.758206,0.434525
325200,a6Hh/InvElLjju5Yd4OthKiBokJP1uIuhQ/cYeFuiDsE6ka/+QUjU7dHeWkLWppG,0.381162,0.622391,0.43389099999999997
325500,a6Hh/InvElLjju5Yd4OthKiBokJP1uIuhQ/cYeFuiDsE6ka/+QUjU7dHeWkLWppG,0.285987,0.7347640000000001,0.440787
325800,a6Hh/InvElLjju5Yd4OthKiBokJP1uIuhQ/cYeFuiDsE6ka/+QUjU7dHeWkLWppG,0.267268,0.7345,0.4354
326100,a6Hh/InvElLjju5Yd4OthKiBokJP1uIuhQ/cYeFuiDsE6ka/+QUjU7dHeWkLWppG,0.439233,3.439603,0.803693
326400,a6Hh/InvElLjju5Yd4OthKiBokJP1uIuhQ/cYeFuiDsE6ka/+QUjU7dHeWkLWppG,0.371811,0.69255,0.461029
326700,a6Hh/InvElLjju5Yd4OthKiBokJP1uIuhQ/cYeFuiDsE6ka/+QUjU7dHeWkLWppG,0.393165,0.636077,0.46243
327000,a6Hh/InvElLjju5Yd4OthKiBokJP1uIuhQ/cYeFuiDsE6ka/+QUjU7dHeWkLWppG,0.393982,0.718553,0.47798599999999997
327300,a6Hh/InvElLjju5Yd4OthKiBokJP1uIuhQ/cYeFuiDsE6ka/+QUjU7dHeWkLWppG,0.38022,0.727861,0.472754
327600,a6Hh/InvElLjju5Yd4OthKiBokJP1uIuhQ/cYeFuiDsE6ka/+QUjU7dHeWkLWppG,0.25695500000000004,0.695788,0.438316
327900,a6Hh/InvElLjju5Yd4OthKiBokJP1uIuhQ/cYeFuiDsE6ka/+QUjU7dHeWkLWppG,0.371136,0.640654,0.44179700000000005
328200,a6Hh/InvElLjju5Yd4OthKiBokJP1uIuhQ/cYeFuiDsE6ka/+QUjU7dHeWkLWppG,0.332219,0.697758,0.433562
328500,a6Hh/InvElLjju5Yd4OthKiBokJP1uIuhQ/cYeFuiDsE6ka/+QUjU7dHeWkLWppG,0.32001399999999997,0.680095,0.428942
328800,a6Hh/InvElLjju5Yd4OthKiBokJP1uIuhQ/cYeFuiDsE6ka/+QUjU7dHeWkLWppG,0.381158,0.688411,0.43700000000000006
329100,a6Hh/InvElLjju5Yd4OthKiBokJP1uIuhQ/cYeFuiDsE6ka/+QUjU7dHeWkLWppG,0.399049,0.649516,0.48038100000000006
329400,a6Hh/InvElLjju5Yd4OthKiBokJP1uIuhQ/cYeFuiDsE6ka/+QUjU7dHeWkLWppG,0.389763,0.709182,0.46550600000000003
329700,a6Hh/InvElLjju5Yd4OthKiBokJP1uIuhQ/cYeFuiDsE6ka/+QUjU7dHeWkLWppG,0.387289,0.679122,0.469974
330000,a6Hh/InvElLjju5Yd4OthKiBokJP1uIuhQ/cYeFuiDsE6ka/+QUjU7dHeWkLWppG,0.395954,0.717155,0.448791
330300,a6Hh/InvElLjju5Yd4OthKiBokJP1uIuhQ/cYeFuiDsE6ka/+QUjU7dHeWkLWppG,0.389918,0.883913,0.50185
330600,a6Hh/InvElLjju5Yd4OthKiBokJP1uIuhQ/cYeFuiDsE6ka/+QUjU7dHeWkLWppG,0.399777,0.6902739999999999,0.460844
330900,a6Hh/InvElLjju5Yd4OthKiBokJP1uIuhQ/cYeFuiDsE6ka/+QUjU7dHeWkLWppG,0.39979899999999996,0.698444,0.494084
331200,a6Hh/InvElLjju5Yd4OthKiBokJP1uIuhQ/cYeFuiDsE6ka/+QUjU7dHeWkLWppG,0.402393,0.8913200000000001,0.508196
331500,a6Hh/InvElLjju5Yd4OthKiBokJP1uIuhQ/cYeFuiDsE6ka/+QUjU7dHeWkLWppG,0.41198999999999997,0.667715,0.46576300000000004
331800,a6Hh/InvElLjju5Yd4OthKiBokJP1uIuhQ/cYeFuiDsE6ka/+QUjU7dHeWkLWppG,0.383718,1.338327,0.53245
332100,a6Hh/InvElLjju5Yd4OthKiBokJP1uIuhQ/cYeFuiDsE6ka/+QUjU7dHeWkLWppG,0.380241,0.687856,0.444251
332400,a6Hh/InvElLjju5Yd4OthKiBokJP1uIuhQ/cYeFuiDsE6ka/+QUjU7dHeWkLWppG,0.373722,0.849092,0.46620600000000006
332700,a6Hh/InvElLjju5Yd4OthKiBokJP1uIuhQ/cYeFuiDsE6ka/+QUjU7dHeWkLWppG,0.375083,0.664696,0.445297
333000,a6Hh/InvElLjju5Yd4OthKiBokJP1uIuhQ/cYeFuiDsE6ka/+QUjU7dHeWkLWppG,0.377262,0.9837379999999999,0.499123
333300,a6Hh/InvElLjju5Yd4OthKiBokJP1uIuhQ/cYeFuiDsE6ka/+QUjU7dHeWkLWppG,0.375162,0.641097,0.42705299999999996
333600,a6Hh/InvElLjju5Yd4OthKiBokJP1uIuhQ/cYeFuiDsE6ka/+QUjU7dHeWkLWppG,0.380087,0.9790969999999999,0.48761800000000005
333900,a6Hh/InvElLjju5Yd4OthKiBokJP1uIuhQ/cYeFuiDsE6ka/+QUjU7dHeWkLWppG,0.307917,0.708149,0.419346
334200,a6Hh/InvElLjju5Yd4OthKiBokJP1uIuhQ/cYeFuiDsE6ka/+QUjU7dHeWkLWppG,0.37733099999999997,0.644874,0.430195
334500,a6Hh/InvElLjju5Yd4OthKiBokJP1uIuhQ/cYeFuiDsE6ka/+QUjU7dHeWkLWppG,0.372157,0.61668,0.442572
334800,a6Hh/InvElLjju5Yd4OthKiBokJP1uIuhQ/cYeFuiDsE6ka/+QUjU7dHeWkLWppG,0.377291,0.687735,0.44813500000000006
335100,a6Hh/InvElLjju5Yd4OthKiBokJP1uIuhQ/cYeFuiDsE6ka/+QUjU7dHeWkLWppG,0.35029499999999997,0.6620229999999999,0.42811099999999996
335400,a6Hh/InvElLjju5Yd4OthKiBokJP1uIuhQ/cYeFuiDsE6ka/+QUjU7dHeWkLWppG,0.38783,0.6792199999999999,0.43921899999999997
335700,a6Hh/InvElLjju5Yd4OthKiBokJP1uIuhQ/cYeFuiDsE6ka/+QUjU7dHeWkLWppG,0.38061,0.69989,0.44296599999999997
336000,a6Hh/InvElLjju5Yd4OthKiBokJP1uIuhQ/cYeFuiDsE6ka/+QUjU7dHeWkLWppG,0.37498000000000004,0.676693,0.442827
336300,a6Hh/InvElLjju5Yd4OthKiBokJP1uIuhQ/cYeFuiDsE6ka/+QUjU7dHeWkLWppG,0.385289,0.684569,0.46004300000000004
336600,a6Hh/InvElLjju5Yd4OthKiBokJP1uIuhQ/cYeFuiDsE6ka/+QUjU7dHeWkLWppG,0.354458,0.6622939999999999,0.437521
336900,a6Hh/InvElLjju5Yd4OthKiBokJP1uIuhQ/cYeFuiDsE6ka/+QUjU7dHeWkLWppG,0.377806,0.684658,0.436829
337200,a6Hh/InvElLjju5Yd4OthKiBokJP1uIuhQ/cYeFuiDsE6ka/+QUjU7dHeWkLWppG,0.392108,0.639808,0.444063
337500,a6Hh/InvElLjju5Yd4OthKiBokJP1uIuhQ/cYeFuiDsE6ka/+QUjU7dHeWkLWppG,0.37156500000000003,0.670571,0.438518
337800,a6Hh/InvElLjju5Yd4OthKiBokJP1uIuhQ/cYeFuiDsE6ka/+QUjU7dHeWkLWppG,0.29493600000000003,0.648157,0.425001
338100,a6Hh/InvElLjju5Yd4OthKiBokJP1uIuhQ/cYeFuiDsE6ka/+QUjU7dHeWkLWppG,0.388829,0.687234,0.451295
338400,a6Hh/InvElLjju5Yd4OthKiBokJP1uIuhQ/cYeFuiDsE6ka/+QUjU7dHeWkLWppG,0.34868899999999997,0.78385,0.447995
338700,a6Hh/InvElLjju5Yd4OthKiBokJP1uIuhQ/cYeFuiDsE6ka/+QUjU7dHeWkLWppG,0.383046,0.694764,0.43891800000000003
339000,a6Hh/InvElLjju5Yd4OthKiBokJP1uIuhQ/cYeFuiDsE6ka/+QUjU7dHeWkLWppG,0.356597,0.6780229999999999,0.43023100000000003
339300,a6Hh/InvElLjju5Yd4OthKiBokJP1uIuhQ/cYeFuiDsE6ka/+QUjU7dHeWkLWppG,0.386962,0.6679069999999999,0.432623
339600,a6Hh/InvElLjju5Yd4OthKiBokJP1uIuhQ/cYeFuiDsE6ka/+QUjU7dHeWkLWppG,0.225012,0.652207,0.42135600000000006
339900,a6Hh/InvElLjju5Yd4OthKiBokJP1uIuhQ/cYeFuiDsE6ka/+QUjU7dHeWkLWppG,0.38368,0.633989,0.435982
340200,a6Hh/InvElLjju5Yd4OthKiBokJP1uIuhQ/cYeFuiDsE6ka/+QUjU7dHeWkLWppG,0.407636,0.681235,0.454192
340500,a6Hh/InvElLjju5Yd4OthKiBokJP1uIuhQ/cYeFuiDsE6ka/+QUjU7dHeWkLWppG,0.38802800000000004,0.653935,0.450933
340800,a6Hh/InvElLjju5Yd4OthKiBokJP1uIuhQ/cYeFuiDsE6ka/+QUjU7dHeWkLWppG,0.375687,0.725123,0.44447600000000004
341100,a6Hh/InvElLjju5Yd4OthKiBokJP1uIuhQ/cYeFuiDsE6ka/+QUjU7dHeWkLWppG,0.21597600000000003,0.6477510000000001,0.43002399999999996
341400,a6Hh/InvElLjju5Yd4OthKiBokJP1uIuhQ/cYeFuiDsE6ka/+QUjU7dHeWkLWppG,0.384035,0.631839,0.44310200000000005
341700,a6Hh/InvElLjju5Yd4OthKiBokJP1uIuhQ/cYeFuiDsE6ka/+QUjU7dHeWkLWppG,0.175753,0.670408,0.422652
342000,a6Hh/InvElLjju5Yd4OthKiBokJP1uIuhQ/cYeFuiDsE6ka/+QUjU7dHeWkLWppG,0.388836,0.65408,0.44118900000000005
342300,a6Hh/InvElLjju5Yd4OthKiBokJP1uIuhQ/cYeFuiDsE6ka/+QUjU7dHeWkLWppG,0.17665899999999998,0.657333,0.408828
342600,a6Hh/InvElLjju5Yd4OthKiBokJP1uIuhQ/cYeFuiDsE6ka/+QUjU7dHeWkLWppG,0.388439,0.669026,0.460463
342900,a6Hh/InvElLjju5Yd4OthKiBokJP1uIuhQ/cYeFuiDsE6ka/+QUjU7dHeWkLWppG,0.15123599999999998,0.681856,0.426439
343200,a6Hh/InvElLjju5Yd4OthKiBokJP1uIuhQ/cYeFuiDsE6ka/+QUjU7dHeWkLWppG,0.39566399999999996,0.777775,0.463379
343500,a6Hh/InvElLjju5Yd4OthKiBokJP1uIuhQ/cYeFuiDsE6ka/+QUjU7dHeWkLWppG,0.41753,0.5257890000000001,0.457976
343800,a6Hh/InvElLjju5Yd4OthKiBokJP1uIuhQ/cYeFuiDsE6ka/+QUjU7dHeWkLWppG,0.148898,0.701006,0.446651
344100,a6Hh/InvElLjju5Yd4OthKiBokJP1uIuhQ/cYeFuiDsE6ka/+QUjU7dHeWkLWppG,0.375519,0.620654,0.44824899999999995
344400,a6Hh/InvElLjju5Yd4OthKiBokJP1uIuhQ/cYeFuiDsE6ka/+QUjU7dHeWkLWppG,0.21801900000000002,0.723967,0.45502
344700,a6Hh/InvElLjju5Yd4OthKiBokJP1uIuhQ/cYeFuiDsE6ka/+QUjU7dHeWkLWppG,0.39875700000000003,0.757004,0.47380900000000004
345000,a6Hh/InvElLjju5Yd4OthKiBokJP1uIuhQ/cYeFuiDsE6ka/+QUjU7dHeWkLWppG,0.39515700000000004,0.807031,0.47198100000000004
345300,a6Hh/InvElLjju5Yd4OthKiBokJP1uIuhQ/cYeFuiDsE6ka/+QUjU7dHeWkLWppG,0.386008,0.7912640000000001,0.45839399999999997
345600,a6Hh/InvElLjju5Yd4OthKiBokJP1uIuhQ/cYeFuiDsE6ka/+QUjU7dHeWkLWppG,0.42583699999999997,19.923973,8.337537
345900,a6Hh/InvElLjju5Yd4OthKiBokJP1uIuhQ/cYeFuiDsE6ka/+QUjU7dHeWkLWppG,0.49013500000000004,27.653962,5.135358999999999
346200,a6Hh/InvElLjju5Yd4OthKiBokJP1uIuhQ/cYeFuiDsE6ka/+QUjU7dHeWkLWppG,0.399523,1.7655029999999998,0.648944
346500,a6Hh/InvElLjju5Yd4OthKiBokJP1uIuhQ/cYeFuiDsE6ka/+QUjU7dHeWkLWppG,0.389926,1.3045200000000001,0.551343
346800,a6Hh/InvElLjju5Yd4OthKiBokJP1uIuhQ/cYeFuiDsE6ka/+QUjU7dHeWkLWppG,0.392556,5.661027,1.538511
347100,a6Hh/InvElLjju5Yd4OthKiBokJP1uIuhQ/cYeFuiDsE6ka/+QUjU7dHeWkLWppG,0.38293,0.76661,0.463395
347400,a6Hh/InvElLjju5Yd4OthKiBokJP1uIuhQ/cYeFuiDsE6ka/+QUjU7dHeWkLWppG,0.36715,0.716978,0.44673500000000005
347700,a6Hh/InvElLjju5Yd4OthKiBokJP1uIuhQ/cYeFuiDsE6ka/+QUjU7dHeWkLWppG,0.388626,0.6678109999999999,0.45992299999999997
348000,a6Hh/InvElLjju5Yd4OthKiBokJP1uIuhQ/cYeFuiDsE6ka/+QUjU7dHeWkLWppG,0.371371,0.706839,0.431504
348300,a6Hh/InvElLjju5Yd4OthKiBokJP1uIuhQ/cYeFuiDsE6ka/+QUjU7dHeWkLWppG,0.369789,0.8620549999999999,0.471131
348600,a6Hh/InvElLjju5Yd4OthKiBokJP1uIuhQ/cYeFuiDsE6ka/+QUjU7dHeWkLWppG,0.370066,0.7765479999999999,0.43810600000000005
348900,a6Hh/InvElLjju5Yd4OthKiBokJP1uIuhQ/cYeFuiDsE6ka/+QUjU7dHeWkLWppG,0.36439,0.65317,0.440086
349200,a6Hh/InvElLjju5Yd4OthKiBokJP1uIuhQ/cYeFuiDsE6ka/+QUjU7dHeWkLWppG,0.381733,11.321467,1.566778
349500,a6Hh/InvElLjju5Yd4OthKiBokJP1uIuhQ/cYeFuiDsE6ka/+QUjU7dHeWkLWppG,0.431946,0.715229,0.499766
349800,a6Hh/InvElLjju5Yd4OthKiBokJP1uIuhQ/cYeFuiDsE6ka/+QUjU7dHeWkLWppG,0.19334500000000002,0.5288619999999999,0.428098
350100,a6Hh/InvElLjju5Yd4OthKiBokJP1uIuhQ/cYeFuiDsE6ka/+QUjU7dHeWkLWppG,0.422296,0.810462,0.496071
350400,a6Hh/InvElLjju5Yd4OthKiBokJP1uIuhQ/cYeFuiDsE6ka/+QUjU7dHeWkLWppG,0.418225,0.764498,0.501092
350700,a6Hh/InvElLjju5Yd4OthKiBokJP1uIuhQ/cYeFuiDsE6ka/+QUjU7dHeWkLWppG,0.382575,0.724075,0.4677
351000,a6Hh/InvElLjju5Yd4OthKiBokJP1uIuhQ/cYeFuiDsE6ka/+QUjU7dHeWkLWppG,0.186129,0.676313,0.419724
351300,a6Hh/InvElLjju5Yd4OthKiBokJP1uIuhQ/cYeFuiDsE6ka/+QUjU7dHeWkLWppG,0.375429,0.6433939999999999,0.438663
351600,a6Hh/InvElLjju5Yd4OthKiBokJP1uIuhQ/cYeFuiDsE6ka/+QUjU7dHeWkLWppG,0.266331,0.684237,0.438479
351900,a6Hh/InvElLjju5Yd4OthKiBokJP1uIuhQ/cYeFuiDsE6ka/+QUjU7dHeWkLWppG,0.291876,0.6177199999999999,0.417996
352200,a6Hh/InvElLjju5Yd4OthKiBokJP1uIuhQ/cYeFuiDsE6ka/+QUjU7dHeWkLWppG,0.358732,0.662168,0.415936
352500,a6Hh/InvElLjju5Yd4OthKiBokJP1uIuhQ/cYeFuiDsE6ka/+QUjU7dHeWkLWppG,0.203815,0.43788999999999995,0.38249
352800,a6Hh/InvElLjju5Yd4OthKiBokJP1uIuhQ/cYeFuiDsE6ka/+QUjU7dHeWkLWppG,0.359702,0.674059,0.425559
353100,a6Hh/InvElLjju5Yd4OthKiBokJP1uIuhQ/cYeFuiDsE6ka/+QUjU7dHeWkLWppG,0.16661199999999998,0.6653060000000001,0.407198
353400,a6Hh/InvElLjju5Yd4OthKiBokJP1uIuhQ/cYeFuiDsE6ka/+QUjU7dHeWkLWppG,0.370667,0.65915,0.42163500000000004
353700,a6Hh/InvElLjju5Yd4OthKiBokJP1uIuhQ/cYeFuiDsE6ka/+QUjU7dHeWkLWppG,0.169553,0.7080890000000001,0.40933
354000,a6Hh/InvElLjju5Yd4OthKiBokJP1uIuhQ/cYeFuiDsE6ka/+QUjU7dHeWkLWppG,0.36791,0.702387,0.423958
354300,a6Hh/InvElLjju5Yd4OthKiBokJP1uIuhQ/cYeFuiDsE6ka/+QUjU7dHeWkLWppG,0.376264,0.626264,0.430005
354600,a6Hh/InvElLjju5Yd4OthKiBokJP1uIuhQ/cYeFuiDsE6ka/+QUjU7dHeWkLWppG,0.174059,0.623259,0.404504
354900,a6Hh/InvElLjju5Yd4OthKiBokJP1uIuhQ/cYeFuiDsE6ka/+QUjU7dHeWkLWppG,0.37056500000000003,0.633534,0.42805200000000004
355200,a6Hh/InvElLjju5Yd4OthKiBokJP1uIuhQ/cYeFuiDsE6ka/+QUjU7dHeWkLWppG,0.15568900000000002,0.46173500000000006,0.381544
355500,a6Hh/InvElLjju5Yd4OthKiBokJP1uIuhQ/cYeFuiDsE6ka/+QUjU7dHeWkLWppG,0.380591,0.624142,0.427548
355800,a6Hh/InvElLjju5Yd4OthKiBokJP1uIuhQ/cYeFuiDsE6ka/+QUjU7dHeWkLWppG,0.157681,0.675094,0.406198
356100,a6Hh/InvElLjju5Yd4OthKiBokJP1uIuhQ/cYeFuiDsE6ka/+QUjU7dHeWkLWppG,0.36352399999999996,0.621653,0.41941300000000004
356400,a6Hh/InvElLjju5Yd4OthKiBokJP1uIuhQ/cYeFuiDsE6ka/+QUjU7dHeWkLWppG,0.187832,0.637273,0.411021
356700,a6Hh/InvElLjju5Yd4OthKiBokJP1uIuhQ/cYeFuiDsE6ka/+QUjU7dHeWkLWppG,0.373325,0.674646,0.435852
357000,a6Hh/InvElLjju5Yd4OthKiBokJP1uIuhQ/cYeFuiDsE6ka/+QUjU7dHeWkLWppG,0.18573800000000001,0.692082,0.406951
357300,a6Hh/InvElLjju5Yd4OthKiBokJP1uIuhQ/cYeFuiDsE6ka/+QUjU7dHeWkLWppG,0.20687199999999997,0.6498649999999999,0.41063900000000003
357600,a6Hh/InvElLjju5Yd4OthKiBokJP1uIuhQ/cYeFuiDsE6ka/+QUjU7dHeWkLWppG,0.378287,0.643224,0.43092700000000006
357900,a6Hh/InvElLjju5Yd4OthKiBokJP1uIuhQ/cYeFuiDsE6ka/+QUjU7dHeWkLWppG,0.364105,0.5188,0.421936
358200,a6Hh/InvElLjju5Yd4OthKiBokJP1uIuhQ/cYeFuiDsE6ka/+QUjU7dHeWkLWppG,0.360608,0.648057,0.429695
358500,a6Hh/InvElLjju5Yd4OthKiBokJP1uIuhQ/cYeFuiDsE6ka/+QUjU7dHeWkLWppG,0.179105,0.632202,0.401449
358800,a6Hh/InvElLjju5Yd4OthKiBokJP1uIuhQ/cYeFuiDsE6ka/+QUjU7dHeWkLWppG,0.364249,0.665341,0.41735600000000006
359100,a6Hh/InvElLjju5Yd4OthKiBokJP1uIuhQ/cYeFuiDsE6ka/+QUjU7dHeWkLWppG,0.368473,0.9164370000000001,0.469153
359400,a6Hh/InvElLjju5Yd4OthKiBokJP1uIuhQ/cYeFuiDsE6ka/+QUjU7dHeWkLWppG,0.364153,0.644456,0.425012
359700,a6Hh/InvElLjju5Yd4OthKiBokJP1uIuhQ/cYeFuiDsE6ka/+QUjU7dHeWkLWppG,0.255301,0.6798850000000001,0.41343599999999997
360000,a6Hh/InvElLjju5Yd4OthKiBokJP1uIuhQ/cYeFuiDsE6ka/+QUjU7dHeWkLWppG,0.372411,0.680702,0.46679
360300,a6Hh/InvElLjju5Yd4OthKiBokJP1uIuhQ/cYeFuiDsE6ka/+QUjU7dHeWkLWppG,0.386423,0.6552600000000001,0.43628500000000003
360600,a6Hh/InvElLjju5Yd4OthKiBokJP1uIuhQ/cYeFuiDsE6ka/+QUjU7dHeWkLWppG,0.370312,0.503135,0.405132
360900,a6Hh/InvElLjju5Yd4OthKiBokJP1uIuhQ/cYeFuiDsE6ka/+QUjU7dHeWkLWppG,0.377735,0.649241,0.43337200000000003
361200,a6Hh/InvElLjju5Yd4OthKiBokJP1uIuhQ/cYeFuiDsE6ka/+QUjU7dHeWkLWppG,0.24743,0.657137,0.41208900000000004
361500,a6Hh/InvElLjju5Yd4OthKiBokJP1uIuhQ/cYeFuiDsE6ka/+QUjU7dHeWkLWppG,0.365708,0.669153,0.42556400000000005
361800,a6Hh/InvElLjju5Yd4OthKiBokJP1uIuhQ/cYeFuiDsE6ka/+QUjU7dHeWkLWppG,0.208512,0.745088,0.41706499999999996
362100,a6Hh/InvElLjju5Yd4OthKiBokJP1uIuhQ/cYeFuiDsE6ka/+QUjU7dHeWkLWppG,0.38078,0.692214,0.429044
362400,a6Hh/InvElLjju5Yd4OthKiBokJP1uIuhQ/cYeFuiDsE6ka/+QUjU7dHeWkLWppG,0.35793600000000003,0.705791,0.439931
362700,a6Hh/InvElLjju5Yd4OthKiBokJP1uIuhQ/cYeFuiDsE6ka/+QUjU7dHeWkLWppG,0.25569899999999995,0.624402,0.398392
363000,a6Hh/InvElLjju5Yd4OthKiBokJP1uIuhQ/cYeFuiDsE6ka/+QUjU7dHeWkLWppG,0.367583,0.648208,0.43265200000000004
363300,a6Hh/InvElLjju5Yd4OthKiBokJP1uIuhQ/cYeFuiDsE6ka/+QUjU7dHeWkLWppG,0.259255,0.610283,0.416677
363600,a6Hh/InvElLjju5Yd4OthKiBokJP1uIuhQ/cYeFuiDsE6ka/+QUjU7dHeWkLWppG,0.39924699999999996,0.758907,0.46605699999999994
363900,a6Hh/InvElLjju5Yd4OthKiBokJP1uIuhQ/cYeFuiDsE6ka/+QUjU7dHeWkLWppG,0.37386199999999997,0.6582680000000001,0.448039
364200,a6Hh/InvElLjju5Yd4OthKiBokJP1uIuhQ/cYeFuiDsE6ka/+QUjU7dHeWkLWppG,0.378499,0.662672,0.431695
364500,a6Hh/InvElLjju5Yd4OthKiBokJP1uIuhQ/cYeFuiDsE6ka/+QUjU7dHeWkLWppG,0.308548,0.622947,0.41391000000000006
364800,a6Hh/InvElLjju5Yd4OthKiBokJP1uIuhQ/cYeFuiDsE6ka/+QUjU7dHeWkLWppG,0.371004,0.630955,0.420101
365100,a6Hh/InvElLjju5Yd4OthKiBokJP1uIuhQ/cYeFuiDsE6ka/+QUjU7dHeWkLWppG,0.32151799999999997,0.643943,0.413167
365400,a6Hh/InvElLjju5Yd4OthKiBokJP1uIuhQ/cYeFuiDsE6ka/+QUjU7dHeWkLWppG,0.295562,0.68839,0.438827
365700,a6Hh/InvElLjju5Yd4OthKiBokJP1uIuhQ/cYeFuiDsE6ka/+QUjU7dHeWkLWppG,0.369908,0.634468,0.42882600000000004
366000,a6Hh/InvElLjju5Yd4OthKiBokJP1uIuhQ/cYeFuiDsE6ka/+QUjU7dHeWkLWppG,0.302009,0.423533,0.392043
366300,a6Hh/InvElLjju5Yd4OthKiBokJP1uIuhQ/cYeFuiDsE6ka/+QUjU7dHeWkLWppG,0.365311,0.6697270000000001,0.428408
366600,a6Hh/InvElLjju5Yd4OthKiBokJP1uIuhQ/cYeFuiDsE6ka/+QUjU7dHeWkLWppG,0.37551599999999996,0.704569,0.456507
366900,a6Hh/InvElLjju5Yd4OthKiBokJP1uIuhQ/cYeFuiDsE6ka/+QUjU7dHeWkLWppG,0.370084,0.637286,0.42411400000000005
367200,a6Hh/InvElLjju5Yd4OthKiBokJP1uIuhQ/cYeFuiDsE6ka/+QUjU7dHeWkLWppG,0.282047,85.012858,18.220955
367500,a6Hh/InvElLjju5Yd4OthKiBokJP1uIuhQ/cYeFuiDsE6ka/+QUjU7dHeWkLWppG,0.38967199999999996,0.678077,0.4631
367800,a6Hh/InvElLjju5Yd4OthKiBokJP1uIuhQ/cYeFuiDsE6ka/+QUjU7dHeWkLWppG,0.36594499999999996,1.052648,0.491619
368100,a6Hh/InvElLjju5Yd4OthKiBokJP1uIuhQ/cYeFuiDsE6ka/+QUjU7dHeWkLWppG,0.215547,0.612768,0.400019
368400,a6Hh/InvElLjju5Yd4OthKiBokJP1uIuhQ/cYeFuiDsE6ka/+QUjU7dHeWkLWppG,0.35620599999999997,0.625732,0.418745
368700,a6Hh/InvElLjju5Yd4OthKiBokJP1uIuhQ/cYeFuiDsE6ka/+QUjU7dHeWkLWppG,0.268403,0.45844799999999997,0.39819699999999997
369000,a6Hh/InvElLjju5Yd4OthKiBokJP1uIuhQ/cYeFuiDsE6ka/+QUjU7dHeWkLWppG,0.360055,0.6570600000000001,0.423588
369300,a6Hh/InvElLjju5Yd4OthKiBokJP1uIuhQ/cYeFuiDsE6ka/+QUjU7dHeWkLWppG,0.36133899999999997,0.681887,0.418213
369600,a6Hh/InvElLjju5Yd4OthKiBokJP1uIuhQ/cYeFuiDsE6ka/+QUjU7dHeWkLWppG,0.367392,0.644722,0.43493699999999996
369900,a6Hh/InvElLjju5Yd4OthKiBokJP1uIuhQ/cYeFuiDsE6ka/+QUjU7dHeWkLWppG,0.18316400000000002,0.669253,0.406026
370200,a6Hh/InvElLjju5Yd4OthKiBokJP1uIuhQ/cYeFuiDsE6ka/+QUjU7dHeWkLWppG,0.36580300000000004,0.768766,0.431875
370500,a6Hh/InvElLjju5Yd4OthKiBokJP1uIuhQ/cYeFuiDsE6ka/+QUjU7dHeWkLWppG,0.211549,0.6776909999999999,0.402931
370800,a6Hh/InvElLjju5Yd4OthKiBokJP1uIuhQ/cYeFuiDsE6ka/+QUjU7dHeWkLWppG,0.36713,0.6570520000000001,0.42280200000000007
371100,a6Hh/InvElLjju5Yd4OthKiBokJP1uIuhQ/cYeFuiDsE6ka/+QUjU7dHeWkLWppG,0.196821,0.635645,0.40239
371400,a6Hh/InvElLjju5Yd4OthKiBokJP1uIuhQ/cYeFuiDsE6ka/+QUjU7dHeWkLWppG,0.369688,0.625396,0.42531599999999997
371700,a6Hh/InvElLjju5Yd4OthKiBokJP1uIuhQ/cYeFuiDsE6ka/+QUjU7dHeWkLWppG,0.355146,0.618913,0.42376899999999995
372000,a6Hh/InvElLjju5Yd4OthKiBokJP1uIuhQ/cYeFuiDsE6ka/+QUjU7dHeWkLWppG,0.202145,0.685812,0.42083400000000004
372300,a6Hh/InvElLjju5Yd4OthKiBokJP1uIuhQ/cYeFuiDsE6ka/+QUjU7dHeWkLWppG,0.385135,0.612977,0.43518100000000004
372600,a6Hh/InvElLjju5Yd4OthKiBokJP1uIuhQ/cYeFuiDsE6ka/+QUjU7dHeWkLWppG,0.260048,0.675437,0.429417
372900,a6Hh/InvElLjju5Yd4OthKiBokJP1uIuhQ/cYeFuiDsE6ka/+QUjU7dHeWkLWppG,0.382271,2.287583,0.7498090000000001
373200,a6Hh/InvElLjju5Yd4OthKiBokJP1uIuhQ/cYeFuiDsE6ka/+QUjU7dHeWkLWppG,0.27402600000000005,0.706923,0.468366
373500,a6Hh/InvElLjju5Yd4OthKiBokJP1uIuhQ/cYeFuiDsE6ka/+QUjU7dHeWkLWppG,0.38509299999999996,0.669367,0.45648900000000003
373800,a6Hh/InvElLjju5Yd4OthKiBokJP1uIuhQ/cYeFuiDsE6ka/+QUjU7dHeWkLWppG,0.2686,0.690929,0.43621000000000004
374100,a6Hh/InvElLjju5Yd4OthKiBokJP1uIuhQ/cYeFuiDsE6ka/+QUjU7dHeWkLWppG,0.22060100000000002,0.701385,0.44942
374400,a6Hh/InvElLjju5Yd4OthKiBokJP1uIuhQ/cYeFuiDsE6ka/+QUjU7dHeWkLWppG,0.40879499999999996,0.759464,0.489699
374700,a6Hh/InvElLjju5Yd4OthKiBokJP1uIuhQ/cYeFuiDsE6ka/+QUjU7dHeWkLWppG,0.244517,0.746037,0.42217899999999997
375000,a6Hh/InvElLjju5Yd4OthKiBokJP1uIuhQ/cYeFuiDsE6ka/+QUjU7dHeWkLWppG,0.354217,0.760059,0.441513
375300,a6Hh/InvElLjju5Yd4OthKiBokJP1uIuhQ/cYeFuiDsE6ka/+QUjU7dHeWkLWppG,0.239231,0.731522,0.42258900000000005
375600,a6Hh/InvElLjju5Yd4OthKiBokJP1uIuhQ/cYeFuiDsE6ka/+QUjU7dHeWkLWppG,0.371874,0.616463,0.424467
375900,a6Hh/InvElLjju5Yd4OthKiBokJP1uIuhQ/cYeFuiDsE6ka/+QUjU7dHeWkLWppG,0.345709,1.083216,0.48701300000000003
376200,a6Hh/InvElLjju5Yd4OthKiBokJP1uIuhQ/cYeFuiDsE6ka/+QUjU7dHeWkLWppG,0.380089,0.649476,0.42908900000000005
376500,a6Hh/InvElLjju5Yd4OthKiBokJP1uIuhQ/cYeFuiDsE6ka/+QUjU7dHeWkLWppG,0.188256,0.670059,0.41743100000000005
376800,a6Hh/InvElLjju5Yd4OthKiBokJP1uIuhQ/cYeFuiDsE6ka/+QUjU7dHeWkLWppG,0.19626300000000002,0.664075,0.41108599999999995
377100,a6Hh/InvElLjju5Yd4OthKiBokJP1uIuhQ/cYeFuiDsE6ka/+QUjU7dHeWkLWppG,0.35713,0.7338560000000001,0.42576
377400,a6Hh/InvElLjju5Yd4OthKiBokJP1uIuhQ/cYeFuiDsE6ka/+QUjU7dHeWkLWppG,0.22766999999999998,0.6734180000000001,0.41508199999999995
377700,a6Hh/InvElLjju5Yd4OthKiBokJP1uIuhQ/cYeFuiDsE6ka/+QUjU7dHeWkLWppG,0.367079,0.668925,0.42786199999999996
378000,a6Hh/InvElLjju5Yd4OthKiBokJP1uIuhQ/cYeFuiDsE6ka/+QUjU7dHeWkLWppG,0.227575,0.781086,0.43428900000000004
378300,a6Hh/InvElLjju5Yd4OthKiBokJP1uIuhQ/cYeFuiDsE6ka/+QUjU7dHeWkLWppG,0.359612,0.676187,0.412551
378600,a6Hh/InvElLjju5Yd4OthKiBokJP1uIuhQ/cYeFuiDsE6ka/+QUjU7dHeWkLWppG,0.201944,0.730479,0.397042
378900,a6Hh/InvElLjju5Yd4OthKiBokJP1uIuhQ/cYeFuiDsE6ka/+QUjU7dHeWkLWppG,0.36632600000000004,0.802442,0.42803500000000005
379200,a6Hh/InvElLjju5Yd4OthKiBokJP1uIuhQ/cYeFuiDsE6ka/+QUjU7dHeWkLWppG,0.21272399999999997,0.685735,0.39843
379500,a6Hh/InvElLjju5Yd4OthKiBokJP1uIuhQ/cYeFuiDsE6ka/+QUjU7dHeWkLWppG,0.233577,0.6518579999999999,0.40856
379800,a6Hh/InvElLjju5Yd4OthKiBokJP1uIuhQ/cYeFuiDsE6ka/+QUjU7dHeWkLWppG,0.35234699999999997,0.634726,0.42990500000000004
380100,a6Hh/InvElLjju5Yd4OthKiBokJP1uIuhQ/cYeFuiDsE6ka/+QUjU7dHeWkLWppG,0.361135,0.682805,0.416812
380400,a6Hh/InvElLjju5Yd4OthKiBokJP1uIuhQ/cYeFuiDsE6ka/+QUjU7dHeWkLWppG,0.364917,0.6589430000000001,0.421288
380700,a6Hh/InvElLjju5Yd4OthKiBokJP1uIuhQ/cYeFuiDsE6ka/+QUjU7dHeWkLWppG,0.339331,0.8407709999999999,0.46373100000000006
381000,a6Hh/InvElLjju5Yd4OthKiBokJP1uIuhQ/cYeFuiDsE6ka/+QUjU7dHeWkLWppG,0.37238000000000004,0.627622,0.41291700000000003
381300,a6Hh/InvElLjju5Yd4OthKiBokJP1uIuhQ/cYeFuiDsE6ka/+QUjU7dHeWkLWppG,0.35725300000000004,3.380955,0.728128
381600,a6Hh/InvElLjju5Yd4OthKiBokJP1uIuhQ/cYeFuiDsE6ka/+QUjU7dHeWkLWppG,0.392162,0.6641779999999999,0.460197
381900,a6Hh/InvElLjju5Yd4OthKiBokJP1uIuhQ/cYeFuiDsE6ka/+QUjU7dHeWkLWppG,0.390732,0.682339,0.438428
382200,a6Hh/InvElLjju5Yd4OthKiBokJP1uIuhQ/cYeFuiDsE6ka/+QUjU7dHeWkLWppG,0.373394,0.645251,0.431134
382500,a6Hh/InvElLjju5Yd4OthKiBokJP1uIuhQ/cYeFuiDsE6ka/+QUjU7dHeWkLWppG,0.365699,0.665513,0.44441
382800,a6Hh/InvElLjju5Yd4OthKiBokJP1uIuhQ/cYeFuiDsE6ka/+QUjU7dHeWkLWppG,0.360508,0.723324,0.456032
383100,a6Hh/InvElLjju5Yd4OthKiBokJP1uIuhQ/cYeFuiDsE6ka/+QUjU7dHeWkLWppG,0.35734299999999997,0.626104,0.40770300000000004
383400,a6Hh/InvElLjju5Yd4OthKiBokJP1uIuhQ/cYeFuiDsE6ka/+QUjU7dHeWkLWppG,0.384698,2.0779520000000002,0.6422800000000001
383700,a6Hh/InvElLjju5Yd4OthKiBokJP1uIuhQ/cYeFuiDsE6ka/+QUjU7dHeWkLWppG,0.392771,0.694369,0.45592299999999997
384000,a6Hh/InvElLjju5Yd4OthKiBokJP1uIuhQ/cYeFuiDsE6ka/+QUjU7dHeWkLWppG,0.28739699999999996,0.717438,0.43488699999999997
384300,a6Hh/InvElLjju5Yd4OthKiBokJP1uIuhQ/cYeFuiDsE6ka/+QUjU7dHeWkLWppG,0.37762399999999996,0.642803,0.42763999999999996
384600,a6Hh/InvElLjju5Yd4OthKiBokJP1uIuhQ/cYeFuiDsE6ka/+QUjU7dHeWkLWppG,0.17875,0.630624,0.424206
384900,a6Hh/InvElLjju5Yd4OthKiBokJP1uIuhQ/cYeFuiDsE6ka/+QUjU7dHeWkLWppG,0.351645,1.031341,0.48962799999999995
385200,a6Hh/InvElLjju5Yd4OthKiBokJP1uIuhQ/cYeFuiDsE6ka/+QUjU7dHeWkLWppG,0.367596,3.368781,0.749833
385500,a6Hh/InvElLjju5Yd4OthKiBokJP1uIuhQ/cYeFuiDsE6ka/+QUjU7dHeWkLWppG,0.412983,0.769966,0.477447
385800,a6Hh/InvElLjju5Yd4OthKiBokJP1uIuhQ/cYeFuiDsE6ka/+QUjU7dHeWkLWppG,0.38856,0.657956,0.442136
386100,a6Hh/InvElLjju5Yd4OthKiBokJP1uIuhQ/cYeFuiDsE6ka/+QUjU7dHeWkLWppG,0.376262,0.89518,0.48842299999999994
386400,a6Hh/InvElLjju5Yd4OthKiBokJP1uIuhQ/cYeFuiDsE6ka/+QUjU7dHeWkLWppG,0.35738600000000004,0.8744350000000001,0.44563100000000005
386700,a6Hh/InvElLjju5Yd4OthKiBokJP1uIuhQ/cYeFuiDsE6ka/+QUjU7dHeWkLWppG,0.35941799999999996,0.963733,0.476537
387000,a6Hh/InvElLjju5Yd4OthKiBokJP1uIuhQ/cYeFuiDsE6ka/+QUjU7dHeWkLWppG,0.355209,0.767365,0.43699899999999997
387300,a6Hh/InvElLjju5Yd4OthKiBokJP1uIuhQ/cYeFuiDsE6ka/+QUjU7dHeWkLWppG,0.36111,0.743401,0.44224300000000005
387600,a6Hh/InvElLjju5Yd4OthKiBokJP1uIuhQ/cYeFuiDsE6ka/+QUjU7dHeWkLWppG,0.372375,0.658424,0.42940900000000004
387900,a6Hh/InvElLjju5Yd4OthKiBokJP1uIuhQ/cYeFuiDsE6ka/+QUjU7dHeWkLWppG,0.35896300000000003,0.607675,0.42631199999999997
388200,a6Hh/InvElLjju5Yd4OthKiBokJP1uIuhQ/cYeFuiDsE6ka/+QUjU7dHeWkLWppG,0.363881,1.337903,0.517792
388500,a6Hh/InvElLjju5Yd4OthKiBokJP1uIuhQ/cYeFuiDsE6ka/+QUjU7dHeWkLWppG,0.36648200000000003,0.613768,0.417638
388800,a6Hh/InvElLjju5Yd4OthKiBokJP1uIuhQ/cYeFuiDsE6ka/+QUjU7dHeWkLWppG,0.367587,0.7091109999999999,0.46170600000000006
389100,a6Hh/InvElLjju5Yd4OthKiBokJP1uIuhQ/cYeFuiDsE6ka/+QUjU7dHeWkLWppG,0.362037,0.62845,0.418677
389400,a6Hh/InvElLjju5Yd4OthKiBokJP1uIuhQ/cYeFuiDsE6ka/+QUjU7dHeWkLWppG,0.34709,1.101011,0.48431199999999996
389700,a6Hh/InvElLjju5Yd4OthKiBokJP1uIuhQ/cYeFuiDsE6ka/+QUjU7dHeWkLWppG,0.368125,0.6591100000000001,0.420696
390000,a6Hh/InvElLjju5Yd4OthKiBokJP1uIuhQ/cYeFuiDsE6ka/+QUjU7dHeWkLWppG,0.365678,0.683904,0.434225
390300,a6Hh/InvElLjju5Yd4OthKiBokJP1uIuhQ/cYeFuiDsE6ka/+QUjU7dHeWkLWppG,0.364215,0.637718,0.44549799999999995
390600,a6Hh/InvElLjju5Yd4OthKiBokJP1uIuhQ/cYeFuiDsE6ka/+QUjU7dHeWkLWppG,0.371773,0.654031,0.42958100000000005
390900,a6Hh/InvElLjju5Yd4OthKiBokJP1uIuhQ/cYeFuiDsE6ka/+QUjU7dHeWkLWppG,0.35958,0.636432,0.446779
391200,a6Hh/InvElLjju5Yd4OthKiBokJP1uIuhQ/cYeFuiDsE6ka/+QUjU7dHeWkLWppG,0.367667,0.6440640000000001,0.422307
391500,a6Hh/InvElLjju5Yd4OthKiBokJP1uIuhQ/cYeFuiDsE6ka/+QUjU7dHeWkLWppG,0.363603,0.6021770000000001,0.447525
391800,a6Hh/InvElLjju5Yd4OthKiBokJP1uIuhQ/cYeFuiDsE6ka/+QUjU7dHeWkLWppG,0.36733899999999997,1.340671,0.524093
392100,a6Hh/InvElLjju5Yd4OthKiBokJP1uIuhQ/cYeFuiDsE6ka/+QUjU7dHeWkLWppG,0.379972,0.696739,0.459268
392400,a6Hh/InvElLjju5Yd4OthKiBokJP1uIuhQ/cYeFuiDsE6ka/+QUjU7dHeWkLWppG,0.370256,0.647932,0.42711099999999996
392700,a6Hh/InvElLjju5Yd4OthKiBokJP1uIuhQ/cYeFuiDsE6ka/+QUjU7dHeWkLWppG,0.37368,0.633741,0.45242899999999997
393000,a6Hh/InvElLjju5Yd4OthKiBokJP1uIuhQ/cYeFuiDsE6ka/+QUjU7dHeWkLWppG,0.35917,0.631969,0.44839799999999996
393300,a6Hh/InvElLjju5Yd4OthKiBokJP1uIuhQ/cYeFuiDsE6ka/+QUjU7dHeWkLWppG,0.384869,0.671452,0.447905
393600,a6Hh/InvElLjju5Yd4OthKiBokJP1uIuhQ/cYeFuiDsE6ka/+QUjU7dHeWkLWppG,0.372775,1.046276,0.49583900000000003
393900,a6Hh/InvElLjju5Yd4OthKiBokJP1uIuhQ/cYeFuiDsE6ka/+QUjU7dHeWkLWppG,0.361163,0.662697,0.436542
394200,a6Hh/InvElLjju5Yd4OthKiBokJP1uIuhQ/cYeFuiDsE6ka/+QUjU7dHeWkLWppG,0.382312,0.694679,0.463085
394500,a6Hh/InvElLjju5Yd4OthKiBokJP1uIuhQ/cYeFuiDsE6ka/+QUjU7dHeWkLWppG,0.365196,0.64163,0.425967
394800,a6Hh/InvElLjju5Yd4OthKiBokJP1uIuhQ/cYeFuiDsE6ka/+QUjU7dHeWkLWppG,0.367659,0.798503,0.46953999999999996
395100,a6Hh/InvElLjju5Yd4OthKiBokJP1uIuhQ/cYeFuiDsE6ka/+QUjU7dHeWkLWppG,0.374688,0.6808420000000001,0.44128500000000004
395400,a6Hh/InvElLjju5Yd4OthKiBokJP1uIuhQ/cYeFuiDsE6ka/+QUjU7dHeWkLWppG,0.364465,0.7064189999999999,0.451912
395700,a6Hh/InvElLjju5Yd4OthKiBokJP1uIuhQ/cYeFuiDsE6ka/+QUjU7dHeWkLWppG,0.374098,0.8377540000000001,0.47899899999999995
396000,a6Hh/InvElLjju5Yd4OthKiBokJP1uIuhQ/cYeFuiDsE6ka/+QUjU7dHeWkLWppG,0.37923,0.6616,0.430172
396300,a6Hh/InvElLjju5Yd4OthKiBokJP1uIuhQ/cYeFuiDsE6ka/+QUjU7dHeWkLWppG,0.365745,0.67778,0.46256400000000003
396600,a6Hh/InvElLjju5Yd4OthKiBokJP1uIuhQ/cYeFuiDsE6ka/+QUjU7dHeWkLWppG,0.360727,2.13785,0.6286470000000001
396900,a6Hh/InvElLjju5Yd4OthKiBokJP1uIuhQ/cYeFuiDsE6ka/+QUjU7dHeWkLWppG,0.438133,0.8389139999999999,0.5202100000000001
397200,a6Hh/InvElLjju5Yd4OthKiBokJP1uIuhQ/cYeFuiDsE6ka/+QUjU7dHeWkLWppG,0.404533,0.6616850000000001,0.45036499999999996
397500,a6Hh/InvElLjju5Yd4OthKiBokJP1uIuhQ/cYeFuiDsE6ka/+QUjU7dHeWkLWppG,0.437346,0.675485,0.518508
397800,a6Hh/InvElLjju5Yd4OthKiBokJP1uIuhQ/cYeFuiDsE6ka/+QUjU7dHeWkLWppG,0.388915,0.677778,0.477333
398100,a6Hh/InvElLjju5Yd4OthKiBokJP1uIuhQ/cYeFuiDsE6ka/+QUjU7dHeWkLWppG,0.363062,1.22445,0.495399
398400,a6Hh/InvElLjju5Yd4OthKiBokJP1uIuhQ/cYeFuiDsE6ka/+QUjU7dHeWkLWppG,0.159436,0.651497,0.407727
398700,a6Hh/InvElLjju5Yd4OthKiBokJP1uIuhQ/cYeFuiDsE6ka/+QUjU7dHeWkLWppG,0.373053,0.651867,0.426415
399000,a6Hh/InvElLjju5Yd4OthKiBokJP1uIuhQ/cYeFuiDsE6ka/+QUjU7dHeWkLWppG,0.271152,0.64586,0.41713100000000003
399300,a6Hh/InvElLjju5Yd4OthKiBokJP1uIuhQ/cYeFuiDsE6ka/+QUjU7dHeWkLWppG,0.375379,0.6266390000000001,0.424216
399600,a6Hh/InvElLjju5Yd4OthKiBokJP1uIuhQ/cYeFuiDsE6ka/+QUjU7dHeWkLWppG,0.196319,0.6974779999999999,0.41292799999999996
399900,a6Hh/InvElLjju5Yd4OthKiBokJP1uIuhQ/cYeFuiDsE6ka/+QUjU7dHeWkLWppG,0.38263,0.621034,0.436713
400200,a6Hh/InvElLjju5Yd4OthKiBokJP1uIuhQ/cYeFuiDsE6ka/+QUjU7dHeWkLWppG,0.18836,0.6253029999999999,0.393922
400500,a6Hh/InvElLjju5Yd4OthKiBokJP1uIuhQ/cYeFuiDsE6ka/+QUjU7dHeWkLWppG,0.396368,0.666117,0.443121
400800,a6Hh/InvElLjju5Yd4OthKiBokJP1uIuhQ/cYeFuiDsE6ka/+QUjU7dHeWkLWppG,0.18586,0.734773,0.41892700000000005
401100,a6Hh/InvElLjju5Yd4OthKiBokJP1uIuhQ/cYeFuiDsE6ka/+QUjU7dHeWkLWppG,0.22392600000000001,0.661176,0.420285
401400,a6Hh/InvElLjju5Yd4OthKiBokJP1uIuhQ/cYeFuiDsE6ka/+QUjU7dHeWkLWppG,0.367848,0.713278,0.44634300000000005
401700,a6Hh/InvElLjju5Yd4OthKiBokJP1uIuhQ/cYeFuiDsE6ka/+QUjU7dHeWkLWppG,0.189376,0.683653,0.416038
402000,a6Hh/InvElLjju5Yd4OthKiBokJP1uIuhQ/cYeFuiDsE6ka/+QUjU7dHeWkLWppG,0.367954,0.733484,0.45285699999999995
402300,a6Hh/InvElLjju5Yd4OthKiBokJP1uIuhQ/cYeFuiDsE6ka/+QUjU7dHeWkLWppG,0.21858200000000003,0.677979,0.42441899999999994
402600,a6Hh/InvElLjju5Yd4OthKiBokJP1uIuhQ/cYeFuiDsE6ka/+QUjU7dHeWkLWppG,0.391171,0.722975,0.44233999999999996
402900,a6Hh/InvElLjju5Yd4OthKiBokJP1uIuhQ/cYeFuiDsE6ka/+QUjU7dHeWkLWppG,0.363365,0.736412,0.456133
403200,a6Hh/InvElLjju5Yd4OthKiBokJP1uIuhQ/cYeFuiDsE6ka/+QUjU7dHeWkLWppG,0.37845100000000004,0.714187,0.458106
403500,a6Hh/InvElLjju5Yd4OthKiBokJP1uIuhQ/cYeFuiDsE6ka/+QUjU7dHeWkLWppG,0.330281,0.7898310000000001,0.46024
403800,a6Hh/InvElLjju5Yd4OthKiBokJP1uIuhQ/cYeFuiDsE6ka/+QUjU7dHeWkLWppG,0.330384,0.699217,0.441087
404100,a6Hh/InvElLjju5Yd4OthKiBokJP1uIuhQ/cYeFuiDsE6ka/+QUjU7dHeWkLWppG,0.356193,0.738438,0.41944499999999996
404400,a6Hh/InvElLjju5Yd4OthKiBokJP1uIuhQ/cYeFuiDsE6ka/+QUjU7dHeWkLWppG,0.353603,0.429766,0.391171
404700,a6Hh/InvElLjju5Yd4OthKiBokJP1uIuhQ/cYeFuiDsE6ka/+QUjU7dHeWkLWppG,0.348894,0.650806,0.417417
405000,a6Hh/InvElLjju5Yd4OthKiBokJP1uIuhQ/cYeFuiDsE6ka/+QUjU7dHeWkLWppG,0.361669,0.641385,0.429597
405300,a6Hh/InvElLjju5Yd4OthKiBokJP1uIuhQ/cYeFuiDsE6ka/+QUjU7dHeWkLWppG,0.35173699999999997,0.746728,0.432812
405600,a6Hh/InvElLjju5Yd4OthKiBokJP1uIuhQ/cYeFuiDsE6ka/+QUjU7dHeWkLWppG,0.34072800000000003,0.645896,0.415366
405900,a6Hh/InvElLjju5Yd4OthKiBokJP1uIuhQ/cYeFuiDsE6ka/+QUjU7dHeWkLWppG,0.382434,0.628184,0.426055
406200,a6Hh/InvElLjju5Yd4OthKiBokJP1uIuhQ/cYeFuiDsE6ka/+QUjU7dHeWkLWppG,0.357292,0.7019479999999999,0.434138
406500,a6Hh/InvElLjju5Yd4OthKiBokJP1uIuhQ/cYeFuiDsE6ka/+QUjU7dHeWkLWppG,0.28678000000000003,0.683712,0.438018
406800,a6Hh/InvElLjju5Yd4OthKiBokJP1uIuhQ/cYeFuiDsE6ka/+QUjU7dHeWkLWppG,0.37987,0.6369279999999999,0.448115
407100,a6Hh/InvElLjju5Yd4OthKiBokJP1uIuhQ/cYeFuiDsE6ka/+QUjU7dHeWkLWppG,0.383648,0.645095,0.42403900000000005
407400,a6Hh/InvElLjju5Yd4OthKiBokJP1uIuhQ/cYeFuiDsE6ka/+QUjU7dHeWkLWppG,0.365502,0.679826,0.422475
407700,a6Hh/InvElLjju5Yd4OthKiBokJP1uIuhQ/cYeFuiDsE6ka/+QUjU7dHeWkLWppG,0.36178299999999997,0.727016,0.438936
408000,a6Hh/InvElLjju5Yd4OthKiBokJP1uIuhQ/cYeFuiDsE6ka/+QUjU7dHeWkLWppG,0.38848299999999997,0.6445489999999999,0.433804
408300,a6Hh/InvElLjju5Yd4OthKiBokJP1uIuhQ/cYeFuiDsE6ka/+QUjU7dHeWkLWppG,0.38347600000000004,0.694505,0.433853
408600,a6Hh/InvElLjju5Yd4OthKiBokJP1uIuhQ/cYeFuiDsE6ka/+QUjU7dHeWkLWppG,0.379687,0.654053,0.43179300000000004
408900,a6Hh/InvElLjju5Yd4OthKiBokJP1uIuhQ/cYeFuiDsE6ka/+QUjU7dHeWkLWppG,0.200715,0.658295,0.405708
409200,a6Hh/InvElLjju5Yd4OthKiBokJP1uIuhQ/cYeFuiDsE6ka/+QUjU7dHeWkLWppG,0.23688,0.615635,0.409545
409500,a6Hh/InvElLjju5Yd4OthKiBokJP1uIuhQ/cYeFuiDsE6ka/+QUjU7dHeWkLWppG,0.363668,0.6224770000000001,0.420414
409800,a6Hh/InvElLjju5Yd4OthKiBokJP1uIuhQ/cYeFuiDsE6ka/+QUjU7dHeWkLWppG,0.21981199999999998,0.500466,0.38361300000000004
410100,a6Hh/InvElLjju5Yd4OthKiBokJP1uIuhQ/cYeFuiDsE6ka/+QUjU7dHeWkLWppG,0.363367,0.643146,0.426858
410400,a6Hh/InvElLjju5Yd4OthKiBokJP1uIuhQ/cYeFuiDsE6ka/+QUjU7dHeWkLWppG,0.36296,0.6614680000000001,0.453974
410700,a6Hh/InvElLjju5Yd4OthKiBokJP1uIuhQ/cYeFuiDsE6ka/+QUjU7dHeWkLWppG,0.363003,0.639096,0.42533999999999994
411000,a6Hh/InvElLjju5Yd4OthKiBokJP1uIuhQ/cYeFuiDsE6ka/+QUjU7dHeWkLWppG,0.260137,0.669201,0.419101
411300,a6Hh/InvElLjju5Yd4OthKiBokJP1uIuhQ/cYeFuiDsE6ka/+QUjU7dHeWkLWppG,0.361798,0.6719149999999999,0.426951
411600,a6Hh/InvElLjju5Yd4OthKiBokJP1uIuhQ/cYeFuiDsE6ka/+QUjU7dHeWkLWppG,0.22441399999999997,0.628731,0.406885
411900,a6Hh/InvElLjju5Yd4OthKiBokJP1uIuhQ/cYeFuiDsE6ka/+QUjU7dHeWkLWppG,0.23721799999999998,0.7047140000000001,0.453325
412200,a6Hh/InvElLjju5Yd4OthKiBokJP1uIuhQ/cYeFuiDsE6ka/+QUjU7dHeWkLWppG,0.367138,0.712192,0.443721
412500,a6Hh/InvElLjju5Yd4OthKiBokJP1uIuhQ/cYeFuiDsE6ka/+QUjU7dHeWkLWppG,0.351891,0.434762,0.38306399999999996
412800,a6Hh/InvElLjju5Yd4OthKiBokJP1uIuhQ/cYeFuiDsE6ka/+QUjU7dHeWkLWppG,0.377641,0.694449,0.43704799999999994
413100,a6Hh/InvElLjju5Yd4OthKiBokJP1uIuhQ/cYeFuiDsE6ka/+QUjU7dHeWkLWppG,0.358193,0.6333810000000001,0.44525699999999996
413400,a6Hh/InvElLjju5Yd4OthKiBokJP1uIuhQ/cYeFuiDsE6ka/+QUjU7dHeWkLWppG,0.35061,0.653196,0.433071
413700,a6Hh/InvElLjju5Yd4OthKiBokJP1uIuhQ/cYeFuiDsE6ka/+QUjU7dHeWkLWppG,0.29754200000000003,0.6813560000000001,0.418887
414000,a6Hh/InvElLjju5Yd4OthKiBokJP1uIuhQ/cYeFuiDsE6ka/+QUjU7dHeWkLWppG,0.378691,0.720821,0.437888
414300,a6Hh/InvElLjju5Yd4OthKiBokJP1uIuhQ/cYeFuiDsE6ka/+QUjU7dHeWkLWppG,0.32414499999999996,0.6513359999999999,0.42994799999999994
414600,a6Hh/InvElLjju5Yd4OthKiBokJP1uIuhQ/cYeFuiDsE6ka/+QUjU7dHeWkLWppG,0.312606,0.6385,0.414441
414900,a6Hh/InvElLjju5Yd4OthKiBokJP1uIuhQ/cYeFuiDsE6ka/+QUjU7dHeWkLWppG,0.370028,0.637942,0.433331
415200,a6Hh/InvElLjju5Yd4OthKiBokJP1uIuhQ/cYeFuiDsE6ka/+QUjU7dHeWkLWppG,0.305738,0.466329,0.39323400000000003
415500,a6Hh/InvElLjju5Yd4OthKiBokJP1uIuhQ/cYeFuiDsE6ka/+QUjU7dHeWkLWppG,0.367152,0.633696,0.42032600000000003
415800,a6Hh/InvElLjju5Yd4OthKiBokJP1uIuhQ/cYeFuiDsE6ka/+QUjU7dHeWkLWppG,0.382351,0.758696,0.4701
416100,a6Hh/InvElLjju5Yd4OthKiBokJP1uIuhQ/cYeFuiDsE6ka/+QUjU7dHeWkLWppG,0.371002,0.633996,0.42511899999999997
416400,a6Hh/InvElLjju5Yd4OthKiBokJP1uIuhQ/cYeFuiDsE6ka/+QUjU7dHeWkLWppG,0.387297,0.6597850000000001,0.433625
416700,a6Hh/InvElLjju5Yd4OthKiBokJP1uIuhQ/cYeFuiDsE6ka/+QUjU7dHeWkLWppG,0.37603200000000003,0.616001,0.425304
417000,a6Hh/InvElLjju5Yd4OthKiBokJP1uIuhQ/cYeFuiDsE6ka/+QUjU7dHeWkLWppG,0.318963,0.632361,0.425717
417300,a6Hh/InvElLjju5Yd4OthKiBokJP1uIuhQ/cYeFuiDsE6ka/+QUjU7dHeWkLWppG,0.346955,0.786249,0.43281099999999995
417600,a6Hh/InvElLjju5Yd4OthKiBokJP1uIuhQ/cYeFuiDsE6ka/+QUjU7dHeWkLWppG,0.364894,0.657808,0.42689499999999997
417900,a6Hh/InvElLjju5Yd4OthKiBokJP1uIuhQ/cYeFuiDsE6ka/+QUjU7dHeWkLWppG,0.33413000000000004,0.4522,0.399782
418200,a6Hh/InvElLjju5Yd4OthKiBokJP1uIuhQ/cYeFuiDsE6ka/+QUjU7dHeWkLWppG,0.371962,0.65657,0.432886
418500,a6Hh/InvElLjju5Yd4OthKiBokJP1uIuhQ/cYeFuiDsE6ka/+QUjU7dHeWkLWppG,0.3491,0.6389600000000001,0.42681099999999994
418800,a6Hh/InvElLjju5Yd4OthKiBokJP1uIuhQ/cYeFuiDsE6ka/+QUjU7dHeWkLWppG,0.385877,0.676134,0.44262799999999997
419100,a6Hh/InvElLjju5Yd4OthKiBokJP1uIuhQ/cYeFuiDsE6ka/+QUjU7dHeWkLWppG,0.302108,0.652235,0.42712
419400,a6Hh/InvElLjju5Yd4OthKiBokJP1uIuhQ/cYeFuiDsE6ka/+QUjU7dHeWkLWppG,0.379469,0.633037,0.431734
419700,a6Hh/InvElLjju5Yd4OthKiBokJP1uIuhQ/cYeFuiDsE6ka/+QUjU7dHeWkLWppG,0.259481,0.674557,0.42971499999999996
420000,a6Hh/InvElLjju5Yd4OthKiBokJP1uIuhQ/cYeFuiDsE6ka/+QUjU7dHeWkLWppG,0.271872,2.19258,0.592741
420300,a6Hh/InvElLjju5Yd4OthKiBokJP1uIuhQ/cYeFuiDsE6ka/+QUjU7dHeWkLWppG,0.427015,2.0948599999999997,0.644005
420600,a6Hh/InvElLjju5Yd4OthKiBokJP1uIuhQ/cYeFuiDsE6ka/+QUjU7dHeWkLWppG,0.248202,0.457812,0.392766
420900,a6Hh/InvElLjju5Yd4OthKiBokJP1uIuhQ/cYeFuiDsE6ka/+QUjU7dHeWkLWppG,0.378264,0.7199479999999999,0.439461
421200,a6Hh/InvElLjju5Yd4OthKiBokJP1uIuhQ/cYeFuiDsE6ka/+QUjU7dHeWkLWppG,0.38504,0.774573,0.46848199999999995
421500,a6Hh/InvElLjju5Yd4OthKiBokJP1uIuhQ/cYeFuiDsE6ka/+QUjU7dHeWkLWppG,0.363207,0.6087319999999999,0.447737
421800,a6Hh/InvElLjju5Yd4OthKiBokJP1uIuhQ/cYeFuiDsE6ka/+QUjU7dHeWkLWppG,0.36590700000000004,0.7927810000000001,0.464979
422100,a6Hh/InvElLjju5Yd4OthKiBokJP1uIuhQ/cYeFuiDsE6ka/+QUjU7dHeWkLWppG,0.375238,0.6445770000000001,0.437162
422400,a6Hh/InvElLjju5Yd4OthKiBokJP1uIuhQ/cYeFuiDsE6ka/+QUjU7dHeWkLWppG,0.373313,0.720701,0.45768000000000003
422700,a6Hh/InvElLjju5Yd4OthKiBokJP1uIuhQ/cYeFuiDsE6ka/+QUjU7dHeWkLWppG,0.362656,0.973281,0.471974
423000,a6Hh/InvElLjju5Yd4OthKiBokJP1uIuhQ/cYeFuiDsE6ka/+QUjU7dHeWkLWppG,0.361624,0.6570090000000001,0.42256499999999997
423300,a6Hh/InvElLjju5Yd4OthKiBokJP1uIuhQ/cYeFuiDsE6ka/+QUjU7dHeWkLWppG,0.363493,1.118733,0.465369
423600,a6Hh/InvElLjju5Yd4OthKiBokJP1uIuhQ/cYeFuiDsE6ka/+QUjU7dHeWkLWppG,0.359162,0.621689,0.415484
423900,a6Hh/InvElLjju5Yd4OthKiBokJP1uIuhQ/cYeFuiDsE6ka/+QUjU7dHeWkLWppG,0.35287399999999997,0.7958,0.459487
424200,a6Hh/InvElLjju5Yd4OthKiBokJP1uIuhQ/cYeFuiDsE6ka/+QUjU7dHeWkLWppG,0.36039299999999996,0.63198,0.412446
424500,a6Hh/InvElLjju5Yd4OthKiBokJP1uIuhQ/cYeFuiDsE6ka/+QUjU7dHeWkLWppG,0.350657,0.8101729999999999,0.460767
424800,a6Hh/InvElLjju5Yd4OthKiBokJP1uIuhQ/cYeFuiDsE6ka/+QUjU7dHeWkLWppG,0.35985,0.6795479999999999,0.418811
425100,a6Hh/InvElLjju5Yd4OthKiBokJP1uIuhQ/cYeFuiDsE6ka/+QUjU7dHeWkLWppG,0.36497399999999997,0.713813,0.45691800000000005
425400,a6Hh/InvElLjju5Yd4OthKiBokJP1uIuhQ/cYeFuiDsE6ka/+QUjU7dHeWkLWppG,0.300356,0.65147,0.431799
425700,a6Hh/InvElLjju5Yd4OthKiBokJP1uIuhQ/cYeFuiDsE6ka/+QUjU7dHeWkLWppG,0.377295,0.63213,0.43293999999999994
426000,a6Hh/InvElLjju5Yd4OthKiBokJP1uIuhQ/cYeFuiDsE6ka/+QUjU7dHeWkLWppG,0.377999,0.513705,0.41525500000000004
426300,a6Hh/InvElLjju5Yd4OthKiBokJP1uIuhQ/cYeFuiDsE6ka/+QUjU7dHeWkLWppG,0.367804,0.629979,0.427726
426600,a6Hh/InvElLjju5Yd4OthKiBokJP1uIuhQ/cYeFuiDsE6ka/+QUjU7dHeWkLWppG,0.360349,0.612329,0.420825
426900,a6Hh/InvElLjju5Yd4OthKiBokJP1uIuhQ/cYeFuiDsE6ka/+QUjU7dHeWkLWppG,0.368066,0.646392,0.423066
427200,a6Hh/InvElLjju5Yd4OthKiBokJP1uIuhQ/cYeFuiDsE6ka/+QUjU7dHeWkLWppG,0.33129400000000003,0.6499550000000001,0.43035500000000004
427500,a6Hh/InvElLjju5Yd4OthKiBokJP1uIuhQ/cYeFuiDsE6ka/+QUjU7dHeWkLWppG,0.369618,0.671345,0.444346
427800,a6Hh/InvElLjju5Yd4OthKiBokJP1uIuhQ/cYeFuiDsE6ka/+QUjU7dHeWkLWppG,0.270142,0.655832,0.417649
428100,a6Hh/InvElLjju5Yd4OthKiBokJP1uIuhQ/cYeFuiDsE6ka/+QUjU7dHeWkLWppG,0.308646,0.677652,0.42649
428400,a6Hh/InvElLjju5Yd4OthKiBokJP1uIuhQ/cYeFuiDsE6ka/+QUjU7dHeWkLWppG,0.373082,0.65733,0.42576
428700,a6Hh/InvElLjju5Yd4OthKiBokJP1uIuhQ/cYeFuiDsE6ka/+QUjU7dHeWkLWppG,0.363173,0.44680299999999995,0.396438
429000,a6Hh/InvElLjju5Yd4OthKiBokJP1uIuhQ/cYeFuiDsE6ka/+QUjU7dHeWkLWppG,0.36902199999999996,3.413852,0.751201
429300,a6Hh/InvElLjju5Yd4OthKiBokJP1uIuhQ/cYeFuiDsE6ka/+QUjU7dHeWkLWppG,0.399283,0.835464,0.47501099999999996
429600,a6Hh/InvElLjju5Yd4OthKiBokJP1uIuhQ/cYeFuiDsE6ka/+QUjU7dHeWkLWppG,0.377078,0.8998659999999999,0.47348199999999996
429900,a6Hh/InvElLjju5Yd4OthKiBokJP1uIuhQ/cYeFuiDsE6ka/+QUjU7dHeWkLWppG,0.388379,0.68609,0.45184399999999997
430200,a6Hh/InvElLjju5Yd4OthKiBokJP1uIuhQ/cYeFuiDsE6ka/+QUjU7dHeWkLWppG,0.389779,0.667704,0.463304
430500,a6Hh/InvElLjju5Yd4OthKiBokJP1uIuhQ/cYeFuiDsE6ka/+QUjU7dHeWkLWppG,0.2494,0.710126,0.415271
430800,a6Hh/InvElLjju5Yd4OthKiBokJP1uIuhQ/cYeFuiDsE6ka/+QUjU7dHeWkLWppG,0.37527,0.667678,0.42958900000000005
431100,a6Hh/InvElLjju5Yd4OthKiBokJP1uIuhQ/cYeFuiDsE6ka/+QUjU7dHeWkLWppG,0.284447,0.6362,0.409526
431400,a6Hh/InvElLjju5Yd4OthKiBokJP1uIuhQ/cYeFuiDsE6ka/+QUjU7dHeWkLWppG,0.269543,0.655289,0.404348
431700,a6Hh/InvElLjju5Yd4OthKiBokJP1uIuhQ/cYeFuiDsE6ka/+QUjU7dHeWkLWppG,0.364695,0.7289640000000001,0.43054499999999996
432000,a6Hh/InvElLjju5Yd4OthKiBokJP1uIuhQ/cYeFuiDsE6ka/+QUjU7dHeWkLWppG,0.26652800000000004,0.688585,0.440904
432300,a6Hh/InvElLjju5Yd4OthKiBokJP1uIuhQ/cYeFuiDsE6ka/+QUjU7dHeWkLWppG,0.426026,0.66874,0.483875
432600,a6Hh/InvElLjju5Yd4OthKiBokJP1uIuhQ/cYeFuiDsE6ka/+QUjU7dHeWkLWppG,0.287143,0.617766,0.41845600000000005
432900,a6Hh/InvElLjju5Yd4OthKiBokJP1uIuhQ/cYeFuiDsE6ka/+QUjU7dHeWkLWppG,0.382533,0.6567729999999999,0.429835
433200,a6Hh/InvElLjju5Yd4OthKiBokJP1uIuhQ/cYeFuiDsE6ka/+QUjU7dHeWkLWppG,0.19113,0.6458659999999999,0.3954
433500,a6Hh/InvElLjju5Yd4OthKiBokJP1uIuhQ/cYeFuiDsE6ka/+QUjU7dHeWkLWppG,0.374338,0.628504,0.427433
433800,a6Hh/InvElLjju5Yd4OthKiBokJP1uIuhQ/cYeFuiDsE6ka/+QUjU7dHeWkLWppG,0.17837999999999998,0.612228,0.402617
434100,a6Hh/InvElLjju5Yd4OthKiBokJP1uIuhQ/cYeFuiDsE6ka/+QUjU7dHeWkLWppG,0.34586,0.657259,0.44469200000000003
434400,a6Hh/InvElLjju5Yd4OthKiBokJP1uIuhQ/cYeFuiDsE6ka/+QUjU7dHeWkLWppG,0.35322600000000004,0.600184,0.42153900000000005
434700,a6Hh/InvElLjju5Yd4OthKiBokJP1uIuhQ/cYeFuiDsE6ka/+QUjU7dHeWkLWppG,0.266869,0.631844,0.417912
435000,a6Hh/InvElLjju5Yd4OthKiBokJP1uIuhQ/cYeFuiDsE6ka/+QUjU7dHeWkLWppG,0.35052,0.723441,0.420354
435300,a6Hh/InvElLjju5Yd4OthKiBokJP1uIuhQ/cYeFuiDsE6ka/+QUjU7dHeWkLWppG,0.257627,0.638975,0.405922
435600,a6Hh/InvElLjju5Yd4OthKiBokJP1uIuhQ/cYeFuiDsE6ka/+QUjU7dHeWkLWppG,0.367071,0.635097,0.42482600000000004
435900,a6Hh/InvElLjju5Yd4OthKiBokJP1uIuhQ/cYeFuiDsE6ka/+QUjU7dHeWkLWppG,0.237819,0.713074,0.41203599999999996
436200,a6Hh/InvElLjju5Yd4OthKiBokJP1uIuhQ/cYeFuiDsE6ka/+QUjU7dHeWkLWppG,0.36333699999999997,0.631542,0.42608500000000005
436500,a6Hh/InvElLjju5Yd4OthKiBokJP1uIuhQ/cYeFuiDsE6ka/+QUjU7dHeWkLWppG,0.36746,0.663517,0.430126
436800,a6Hh/InvElLjju5Yd4OthKiBokJP1uIuhQ/cYeFuiDsE6ka/+QUjU7dHeWkLWppG,0.25053800000000004,0.657032,0.40962600000000005
437100,a6Hh/InvElLjju5Yd4OthKiBokJP1uIuhQ/cYeFuiDsE6ka/+QUjU7dHeWkLWppG,0.363697,0.696064,0.42665600000000004
437400,a6Hh/InvElLjju5Yd4OthKiBokJP1uIuhQ/cYeFuiDsE6ka/+QUjU7dHeWkLWppG,0.302166,0.677543,0.41546400000000006
437700,a6Hh/InvElLjju5Yd4OthKiBokJP1uIuhQ/cYeFuiDsE6ka/+QUjU7dHeWkLWppG,0.36848800000000004,0.738821,0.431907
438000,a6Hh/InvElLjju5Yd4OthKiBokJP1uIuhQ/cYeFuiDsE6ka/+QUjU7dHeWkLWppG,0.24442600000000003,0.8661,0.42744899999999997
438300,a6Hh/InvElLjju5Yd4OthKiBokJP1uIuhQ/cYeFuiDsE6ka/+QUjU7dHeWkLWppG,0.358967,0.6300640000000001,0.429176
438600,a6Hh/InvElLjju5Yd4OthKiBokJP1uIuhQ/cYeFuiDsE6ka/+QUjU7dHeWkLWppG,0.270225,0.674091,0.41493500000000005
438900,a6Hh/InvElLjju5Yd4OthKiBokJP1uIuhQ/cYeFuiDsE6ka/+QUjU7dHeWkLWppG,0.388276,0.623757,0.435805
439200,a6Hh/InvElLjju5Yd4OthKiBokJP1uIuhQ/cYeFuiDsE6ka/+QUjU7dHeWkLWppG,0.3301,1.038556,0.48265399999999997
439500,a6Hh/InvElLjju5Yd4OthKiBokJP1uIuhQ/cYeFuiDsE6ka/+QUjU7dHeWkLWppG,0.25806799999999996,0.658871,0.413051
439800,a6Hh/InvElLjju5Yd4OthKiBokJP1uIuhQ/cYeFuiDsE6ka/+QUjU7dHeWkLWppG,0.37372,0.695064,0.433759
440100,a6Hh/InvElLjju5Yd4OthKiBokJP1uIuhQ/cYeFuiDsE6ka/+QUjU7dHeWkLWppG,0.24863000000000002,0.69696,0.409288
440400,a6Hh/InvElLjju5Yd4OthKiBokJP1uIuhQ/cYeFuiDsE6ka/+QUjU7dHeWkLWppG,0.35720100000000005,0.632678,0.42714399999999997
440700,a6Hh/InvElLjju5Yd4OthKiBokJP1uIuhQ/cYeFuiDsE6ka/+QUjU7dHeWkLWppG,0.212621,0.6473270000000001,0.41434499999999996
441000,a6Hh/InvElLjju5Yd4OthKiBokJP1uIuhQ/cYeFuiDsE6ka/+QUjU7dHeWkLWppG,0.376247,0.653208,0.43067700000000003
441300,a6Hh/InvElLjju5Yd4OthKiBokJP1uIuhQ/cYeFuiDsE6ka/+QUjU7dHeWkLWppG,0.206531,0.670967,0.405929
441600,a6Hh/InvElLjju5Yd4OthKiBokJP1uIuhQ/cYeFuiDsE6ka/+QUjU7dHeWkLWppG,0.36549,0.631612,0.430758
441900,a6Hh/InvElLjju5Yd4OthKiBokJP1uIuhQ/cYeFuiDsE6ka/+QUjU7dHeWkLWppG,0.18143399999999998,0.690131,0.41296099999999997
442200,a6Hh/InvElLjju5Yd4OthKiBokJP1uIuhQ/cYeFuiDsE6ka/+QUjU7dHeWkLWppG,0.174102,0.631023,0.40322399999999997
442500,a6Hh/InvElLjju5Yd4OthKiBokJP1uIuhQ/cYeFuiDsE6ka/+QUjU7dHeWkLWppG,0.356491,0.698466,0.4246
442800,a6Hh/InvElLjju5Yd4OthKiBokJP1uIuhQ/cYeFuiDsE6ka/+QUjU7dHeWkLWppG,0.22959000000000002,0.658311,0.40670300000000004
443100,a6Hh/InvElLjju5Yd4OthKiBokJP1uIuhQ/cYeFuiDsE6ka/+QUjU7dHeWkLWppG,0.368577,0.654487,0.433384
443400,a6Hh/InvElLjju5Yd4OthKiBokJP1uIuhQ/cYeFuiDsE6ka/+QUjU7dHeWkLWppG,0.355646,1.019425,0.485443
443700,a6Hh/InvElLjju5Yd4OthKiBokJP1uIuhQ/cYeFuiDsE6ka/+QUjU7dHeWkLWppG,0.364286,0.681226,0.43702799999999997
444000,a6Hh/InvElLjju5Yd4OthKiBokJP1uIuhQ/cYeFuiDsE6ka/+QUjU7dHeWkLWppG,0.373653,0.661763,0.455794
444300,a6Hh/InvElLjju5Yd4OthKiBokJP1uIuhQ/cYeFuiDsE6ka/+QUjU7dHeWkLWppG,0.363629,0.698038,0.425854
444600,a6Hh/InvElLjju5Yd4OthKiBokJP1uIuhQ/cYeFuiDsE6ka/+QUjU7dHeWkLWppG,0.357756,0.7348939999999999,0.458251
444900,a6Hh/InvElLjju5Yd4OthKiBokJP1uIuhQ/cYeFuiDsE6ka/+QUjU7dHeWkLWppG,0.368552,0.628533,0.453049
445200,a6Hh/InvElLjju5Yd4OthKiBokJP1uIuhQ/cYeFuiDsE6ka/+QUjU7dHeWkLWppG,0.36895300000000003,0.629426,0.422831
445500,a6Hh/InvElLjju5Yd4OthKiBokJP1uIuhQ/cYeFuiDsE6ka/+QUjU7dHeWkLWppG,0.36657,1.164215,0.5007060000000001
445800,a6Hh/InvElLjju5Yd4OthKiBokJP1uIuhQ/cYeFuiDsE6ka/+QUjU7dHeWkLWppG,0.366656,0.716468,0.42969700000000005
446100,a6Hh/InvElLjju5Yd4OthKiBokJP1uIuhQ/cYeFuiDsE6ka/+QUjU7dHeWkLWppG,0.37667,0.795719,0.46496499999999996
446400,a6Hh/InvElLjju5Yd4OthKiBokJP1uIuhQ/cYeFuiDsE6ka/+QUjU7dHeWkLWppG,0.37600900000000004,0.689399,0.42901300000000003
446700,a6Hh/InvElLjju5Yd4OthKiBokJP1uIuhQ/cYeFuiDsE6ka/+QUjU7dHeWkLWppG,0.375337,0.935011,0.48561800000000005
447000,a6Hh/InvElLjju5Yd4OthKiBokJP1uIuhQ/cYeFuiDsE6ka/+QUjU7dHeWkLWppG,0.372166,0.629012,0.422058
447300,a6Hh/InvElLjju5Yd4OthKiBokJP1uIuhQ/cYeFuiDsE6ka/+QUjU7dHeWkLWppG,0.359383,0.735375,0.463841
447600,a6Hh/InvElLjju5Yd4OthKiBokJP1uIuhQ/cYeFuiDsE6ka/+QUjU7dHeWkLWppG,0.37759000000000004,0.766573,0.47155
447900,a6Hh/InvElLjju5Yd4OthKiBokJP1uIuhQ/cYeFuiDsE6ka/+QUjU7dHeWkLWppG,0.381035,3.322855,0.748844
448200,a6Hh/InvElLjju5Yd4OthKiBokJP1uIuhQ/cYeFuiDsE6ka/+QUjU7dHeWkLWppG,0.41587700000000005,1.112992,0.545794
448500,a6Hh/InvElLjju5Yd4OthKiBokJP1uIuhQ/cYeFuiDsE6ka/+QUjU7dHeWkLWppG,0.40466799999999997,0.707045,0.462502
448800,a6Hh/InvElLjju5Yd4OthKiBokJP1uIuhQ/cYeFuiDsE6ka/+QUjU7dHeWkLWppG,0.39766999999999997,0.798817,0.500111
449100,a6Hh/InvElLjju5Yd4OthKiBokJP1uIuhQ/cYeFuiDsE6ka/+QUjU7dHeWkLWppG,0.38359299999999996,0.930459,0.47893100000000005
449400,a6Hh/InvElLjju5Yd4OthKiBokJP1uIuhQ/cYeFuiDsE6ka/+QUjU7dHeWkLWppG,0.382253,1.274294,0.519308
449700,a6Hh/InvElLjju5Yd4OthKiBokJP1uIuhQ/cYeFuiDsE6ka/+QUjU7dHeWkLWppG,0.37191799999999997,0.693392,0.438996
450000,a6Hh/InvElLjju5Yd4OthKiBokJP1uIuhQ/cYeFuiDsE6ka/+QUjU7dHeWkLWppG,0.373655,0.801076,0.468078
450300,a6Hh/InvElLjju5Yd4OthKiBokJP1uIuhQ/cYeFuiDsE6ka/+QUjU7dHeWkLWppG,0.336179,0.734172,0.452334
450600,a6Hh/InvElLjju5Yd4OthKiBokJP1uIuhQ/cYeFuiDsE6ka/+QUjU7dHeWkLWppG,0.368543,0.624883,0.41803
450900,a6Hh/InvElLjju5Yd4OthKiBokJP1uIuhQ/cYeFuiDsE6ka/+QUjU7dHeWkLWppG,0.35788000000000003,0.696453,0.456657
451200,a6Hh/InvElLjju5Yd4OthKiBokJP1uIuhQ/cYeFuiDsE6ka/+QUjU7dHeWkLWppG,0.371202,0.624243,0.42245200000000005
451500,a6Hh/InvElLjju5Yd4OthKiBokJP1uIuhQ/cYeFuiDsE6ka/+QUjU7dHeWkLWppG,0.372519,0.69952,0.454478
451800,a6Hh/InvElLjju5Yd4OthKiBokJP1uIuhQ/cYeFuiDsE6ka/+QUjU7dHeWkLWppG,0.362442,0.618013,0.420562
452100,a6Hh/InvElLjju5Yd4OthKiBokJP1uIuhQ/cYeFuiDsE6ka/+QUjU7dHeWkLWppG,0.349912,0.705928,0.442842
452400,a6Hh/InvElLjju5Yd4OthKiBokJP1uIuhQ/cYeFuiDsE6ka/+QUjU7dHeWkLWppG,0.339992,0.652017,0.42421400000000004
452700,a6Hh/InvElLjju5Yd4OthKiBokJP1uIuhQ/cYeFuiDsE6ka/+QUjU7dHeWkLWppG,0.364526,0.813968,0.468236
453000,a6Hh/InvElLjju5Yd4OthKiBokJP1uIuhQ/cYeFuiDsE6ka/+QUjU7dHeWkLWppG,0.363137,0.609101,0.435287
453300,a6Hh/InvElLjju5Yd4OthKiBokJP1uIuhQ/cYeFuiDsE6ka/+QUjU7dHeWkLWppG,0.351193,0.632301,0.415937
453600,a6Hh/InvElLjju5Yd4OthKiBokJP1uIuhQ/cYeFuiDsE6ka/+QUjU7dHeWkLWppG,0.26993,3.308511,0.738748
453900,a6Hh/InvElLjju5Yd4OthKiBokJP1uIuhQ/cYeFuiDsE6ka/+QUjU7dHeWkLWppG,0.376752,0.68776,0.45439300000000005
454200,a6Hh/InvElLjju5Yd4OthKiBokJP1uIuhQ/cYeFuiDsE6ka/+QUjU7dHeWkLWppG,0.26509,0.718827,0.43258800000000003
454500,a6Hh/InvElLjju5Yd4OthKiBokJP1uIuhQ/cYeFuiDsE6ka/+QUjU7dHeWkLWppG,0.385486,0.7759119999999999,0.45228199999999996
454800,a6Hh/InvElLjju5Yd4OthKiBokJP1uIuhQ/cYeFuiDsE6ka/+QUjU7dHeWkLWppG,0.235168,0.6825260000000001,0.40713299999999997
455100,a6Hh/InvElLjju5Yd4OthKiBokJP1uIuhQ/cYeFuiDsE6ka/+QUjU7dHeWkLWppG,0.358739,0.62747,0.42731499999999994
455400,a6Hh/InvElLjju5Yd4OthKiBokJP1uIuhQ/cYeFuiDsE6ka/+QUjU7dHeWkLWppG,0.24098699999999998,0.6146739999999999,0.413706
455700,a6Hh/InvElLjju5Yd4OthKiBokJP1uIuhQ/cYeFuiDsE6ka/+QUjU7dHeWkLWppG,0.24986,0.6561779999999999,0.403417
456000,a6Hh/InvElLjju5Yd4OthKiBokJP1uIuhQ/cYeFuiDsE6ka/+QUjU7dHeWkLWppG,0.36795100000000003,0.637843,0.42098599999999997
456300,a6Hh/InvElLjju5Yd4OthKiBokJP1uIuhQ/cYeFuiDsE6ka/+QUjU7dHeWkLWppG,0.220018,0.70377,0.417313
456600,a6Hh/InvElLjju5Yd4OthKiBokJP1uIuhQ/cYeFuiDsE6ka/+QUjU7dHeWkLWppG,0.375797,0.662219,0.426192
456900,a6Hh/InvElLjju5Yd4OthKiBokJP1uIuhQ/cYeFuiDsE6ka/+QUjU7dHeWkLWppG,0.21310500000000002,0.638636,0.402314
457200,a6Hh/InvElLjju5Yd4OthKiBokJP1uIuhQ/cYeFuiDsE6ka/+QUjU7dHeWkLWppG,0.37750900000000004,0.637496,0.430777
457500,a6Hh/InvElLjju5Yd4OthKiBokJP1uIuhQ/cYeFuiDsE6ka/+QUjU7dHeWkLWppG,0.223176,0.652877,0.423605
457800,a6Hh/InvElLjju5Yd4OthKiBokJP1uIuhQ/cYeFuiDsE6ka/+QUjU7dHeWkLWppG,0.36642399999999997,0.6503770000000001,0.43446999999999997
458100,a6Hh/InvElLjju5Yd4OthKiBokJP1uIuhQ/cYeFuiDsE6ka/+QUjU7dHeWkLWppG,0.395995,0.697559,0.47185699999999997
458400,a6Hh/InvElLjju5Yd4OthKiBokJP1uIuhQ/cYeFuiDsE6ka/+QUjU7dHeWkLWppG,0.216766,0.705134,0.411387
458700,a6Hh/InvElLjju5Yd4OthKiBokJP1uIuhQ/cYeFuiDsE6ka/+QUjU7dHeWkLWppG,0.371055,0.70662,0.431605
459000,a6Hh/InvElLjju5Yd4OthKiBokJP1uIuhQ/cYeFuiDsE6ka/+QUjU7dHeWkLWppG,0.209723,0.635922,0.413371
459300,a6Hh/InvElLjju5Yd4OthKiBokJP1uIuhQ/cYeFuiDsE6ka/+QUjU7dHeWkLWppG,0.365116,0.703523,0.438111
459600,a6Hh/InvElLjju5Yd4OthKiBokJP1uIuhQ/cYeFuiDsE6ka/+QUjU7dHeWkLWppG,0.376257,0.677376,0.46030200000000004
459900,a6Hh/InvElLjju5Yd4OthKiBokJP1uIuhQ/cYeFuiDsE6ka/+QUjU7dHeWkLWppG,0.37388299999999997,0.65978,0.43307399999999996
460200,a6Hh/InvElLjju5Yd4OthKiBokJP1uIuhQ/cYeFuiDsE6ka/+QUjU7dHeWkLWppG,0.254861,0.752698,0.42305299999999996
460500,a6Hh/InvElLjju5Yd4OthKiBokJP1uIuhQ/cYeFuiDsE6ka/+QUjU7dHeWkLWppG,0.36196100000000003,0.660829,0.43468999999999997
460800,a6Hh/InvElLjju5Yd4OthKiBokJP1uIuhQ/cYeFuiDsE6ka/+QUjU7dHeWkLWppG,0.159501,0.685127,0.4315
461100,a6Hh/InvElLjju5Yd4OthKiBokJP1uIuhQ/cYeFuiDsE6ka/+QUjU7dHeWkLWppG,0.12020499999999999,0.6615270000000001,0.437159
461400,a6Hh/InvElLjju5Yd4OthKiBokJP1uIuhQ/cYeFuiDsE6ka/+QUjU7dHeWkLWppG,0.35807100000000003,0.6598689999999999,0.42795
461700,a6Hh/InvElLjju5Yd4OthKiBokJP1uIuhQ/cYeFuiDsE6ka/+QUjU7dHeWkLWppG,0.145297,0.689078,0.413756
462000,a6Hh/InvElLjju5Yd4OthKiBokJP1uIuhQ/cYeFuiDsE6ka/+QUjU7dHeWkLWppG,0.37294499999999997,0.642609,0.427911
462300,a6Hh/InvElLjju5Yd4OthKiBokJP1uIuhQ/cYeFuiDsE6ka/+QUjU7dHeWkLWppG,0.36553800000000003,0.663721,0.44203000000000003
462600,a6Hh/InvElLjju5Yd4OthKiBokJP1uIuhQ/cYeFuiDsE6ka/+QUjU7dHeWkLWppG,0.388453,0.742683,0.436204
462900,a6Hh/InvElLjju5Yd4OthKiBokJP1uIuhQ/cYeFuiDsE6ka/+QUjU7dHeWkLWppG,0.183591,0.735575,0.417468
463200,a6Hh/InvElLjju5Yd4OthKiBokJP1uIuhQ/cYeFuiDsE6ka/+QUjU7dHeWkLWppG,0.354774,0.689066,0.43044899999999997
463500,a6Hh/InvElLjju5Yd4OthKiBokJP1uIuhQ/cYeFuiDsE6ka/+QUjU7dHeWkLWppG,0.126564,0.628842,0.40688
463800,a6Hh/InvElLjju5Yd4OthKiBokJP1uIuhQ/cYeFuiDsE6ka/+QUjU7dHeWkLWppG,0.141817,0.624658,0.394489
464100,a6Hh/InvElLjju5Yd4OthKiBokJP1uIuhQ/cYeFuiDsE6ka/+QUjU7dHeWkLWppG,0.357063,0.613658,0.419465
464400,a6Hh/InvElLjju5Yd4OthKiBokJP1uIuhQ/cYeFuiDsE6ka/+QUjU7dHeWkLWppG,0.191353,0.46859399999999996,0.383222
464700,a6Hh/InvElLjju5Yd4OthKiBokJP1uIuhQ/cYeFuiDsE6ka/+QUjU7dHeWkLWppG,0.380369,0.682717,0.43376899999999996
465000,a6Hh/InvElLjju5Yd4OthKiBokJP1uIuhQ/cYeFuiDsE6ka/+QUjU7dHeWkLWppG,0.254151,0.6372220000000001,0.417621
465300,a6Hh/InvElLjju5Yd4OthKiBokJP1uIuhQ/cYeFuiDsE6ka/+QUjU7dHeWkLWppG,0.399656,0.6567109999999999,0.44593900000000003
465600,a6Hh/InvElLjju5Yd4OthKiBokJP1uIuhQ/cYeFuiDsE6ka/+QUjU7dHeWkLWppG,0.13776,0.6785640000000001,0.412854
465900,a6Hh/InvElLjju5Yd4OthKiBokJP1uIuhQ/cYeFuiDsE6ka/+QUjU7dHeWkLWppG,0.371979,0.684087,0.44068100000000004
466200,a6Hh/InvElLjju5Yd4OthKiBokJP1uIuhQ/cYeFuiDsE6ka/+QUjU7dHeWkLWppG,0.123253,0.636894,0.40623899999999996
466500,a6Hh/InvElLjju5Yd4OthKiBokJP1uIuhQ/cYeFuiDsE6ka/+QUjU7dHeWkLWppG,0.146784,0.653778,0.419284
466800,a6Hh/InvElLjju5Yd4OthKiBokJP1uIuhQ/cYeFuiDsE6ka/+QUjU7dHeWkLWppG,0.370703,0.70135,0.43305699999999997
467100,a6Hh/InvElLjju5Yd4OthKiBokJP1uIuhQ/cYeFuiDsE6ka/+QUjU7dHeWkLWppG,0.354242,0.515483,0.414642
467400,a6Hh/InvElLjju5Yd4OthKiBokJP1uIuhQ/cYeFuiDsE6ka/+QUjU7dHeWkLWppG,0.37408,0.6309560000000001,0.43154
467700,a6Hh/InvElLjju5Yd4OthKiBokJP1uIuhQ/cYeFuiDsE6ka/+QUjU7dHeWkLWppG,0.155843,0.644109,0.41572299999999995
468000,a6Hh/InvElLjju5Yd4OthKiBokJP1uIuhQ/cYeFuiDsE6ka/+QUjU7dHeWkLWppG,0.376811,0.724464,0.443399
468300,a6Hh/InvElLjju5Yd4OthKiBokJP1uIuhQ/cYeFuiDsE6ka/+QUjU7dHeWkLWppG,0.398597,0.8068350000000001,0.48853199999999997
468600,a6Hh/InvElLjju5Yd4OthKiBokJP1uIuhQ/cYeFuiDsE6ka/+QUjU7dHeWkLWppG,0.382403,0.6660689999999999,0.44229799999999997
468900,a6Hh/InvElLjju5Yd4OthKiBokJP1uIuhQ/cYeFuiDsE6ka/+QUjU7dHeWkLWppG,0.165951,0.713667,0.419707
469200,a6Hh/InvElLjju5Yd4OthKiBokJP1uIuhQ/cYeFuiDsE6ka/+QUjU7dHeWkLWppG,0.124574,0.802239,0.42228699999999997
469500,a6Hh/InvElLjju5Yd4OthKiBokJP1uIuhQ/cYeFuiDsE6ka/+QUjU7dHeWkLWppG,0.37828,2.028191,0.600247
469800,a6Hh/InvElLjju5Yd4OthKiBokJP1uIuhQ/cYeFuiDsE6ka/+QUjU7dHeWkLWppG,0.169731,0.549163,0.43182200000000004
470100,a6Hh/InvElLjju5Yd4OthKiBokJP1uIuhQ/cYeFuiDsE6ka/+QUjU7dHeWkLWppG,0.399964,0.804884,0.470571
470400,a6Hh/InvElLjju5Yd4OthKiBokJP1uIuhQ/cYeFuiDsE6ka/+QUjU7dHeWkLWppG,0.121245,0.6736439999999999,0.42043100000000005
470700,a6Hh/InvElLjju5Yd4OthKiBokJP1uIuhQ/cYeFuiDsE6ka/+QUjU7dHeWkLWppG,0.396239,0.672445,0.44805500000000004
471000,a6Hh/InvElLjju5Yd4OthKiBokJP1uIuhQ/cYeFuiDsE6ka/+QUjU7dHeWkLWppG,0.120465,0.916185,0.428124
471300,a6Hh/InvElLjju5Yd4OthKiBokJP1uIuhQ/cYeFuiDsE6ka/+QUjU7dHeWkLWppG,0.358594,0.790568,0.429367
471600,a6Hh/InvElLjju5Yd4OthKiBokJP1uIuhQ/cYeFuiDsE6ka/+QUjU7dHeWkLWppG,0.143486,0.79902,0.408525
471900,a6Hh/InvElLjju5Yd4OthKiBokJP1uIuhQ/cYeFuiDsE6ka/+QUjU7dHeWkLWppG,0.19452,0.681582,0.413662
472200,a6Hh/InvElLjju5Yd4OthKiBokJP1uIuhQ/cYeFuiDsE6ka/+QUjU7dHeWkLWppG,0.37254699999999996,0.699665,0.42639099999999996
472500,a6Hh/InvElLjju5Yd4OthKiBokJP1uIuhQ/cYeFuiDsE6ka/+QUjU7dHeWkLWppG,0.152194,0.512022,0.387011
472800,a6Hh/InvElLjju5Yd4OthKiBokJP1uIuhQ/cYeFuiDsE6ka/+QUjU7dHeWkLWppG,0.370596,0.641529,0.426112
473100,a6Hh/InvElLjju5Yd4OthKiBokJP1uIuhQ/cYeFuiDsE6ka/+QUjU7dHeWkLWppG,0.156,0.751053,0.412559
473400,a6Hh/InvElLjju5Yd4OthKiBokJP1uIuhQ/cYeFuiDsE6ka/+QUjU7dHeWkLWppG,0.370031,0.6553180000000001,0.42398800000000003
473700,a6Hh/InvElLjju5Yd4OthKiBokJP1uIuhQ/cYeFuiDsE6ka/+QUjU7dHeWkLWppG,0.192405,0.68942,0.408656
474000,a6Hh/InvElLjju5Yd4OthKiBokJP1uIuhQ/cYeFuiDsE6ka/+QUjU7dHeWkLWppG,0.364623,0.641722,0.41818900000000003
474300,a6Hh/InvElLjju5Yd4OthKiBokJP1uIuhQ/cYeFuiDsE6ka/+QUjU7dHeWkLWppG,0.251483,0.644037,0.413103
474600,a6Hh/InvElLjju5Yd4OthKiBokJP1uIuhQ/cYeFuiDsE6ka/+QUjU7dHeWkLWppG,0.19053599999999998,0.697307,0.419062
474900,a6Hh/InvElLjju5Yd4OthKiBokJP1uIuhQ/cYeFuiDsE6ka/+QUjU7dHeWkLWppG,0.368895,0.6294310000000001,0.44091800000000003
475200,a6Hh/InvElLjju5Yd4OthKiBokJP1uIuhQ/cYeFuiDsE6ka/+QUjU7dHeWkLWppG,0.16688499999999998,0.44066099999999997,0.390988
475500,a6Hh/InvElLjju5Yd4OthKiBokJP1uIuhQ/cYeFuiDsE6ka/+QUjU7dHeWkLWppG,0.363553,0.61965,0.427548
475800,a6Hh/InvElLjju5Yd4OthKiBokJP1uIuhQ/cYeFuiDsE6ka/+QUjU7dHeWkLWppG,0.158049,0.774174,0.427422
476100,a6Hh/InvElLjju5Yd4OthKiBokJP1uIuhQ/cYeFuiDsE6ka/+QUjU7dHeWkLWppG,0.366518,0.678325,0.424386
476400,a6Hh/InvElLjju5Yd4OthKiBokJP1uIuhQ/cYeFuiDsE6ka/+QUjU7dHeWkLWppG,0.288036,0.625708,0.41677600000000004
476700,a6Hh/InvElLjju5Yd4OthKiBokJP1uIuhQ/cYeFuiDsE6ka/+QUjU7dHeWkLWppG,0.389491,0.660193,0.44637
477000,a6Hh/InvElLjju5Yd4OthKiBokJP1uIuhQ/cYeFuiDsE6ka/+QUjU7dHeWkLWppG,0.386208,1.138657,0.507402
477300,a6Hh/InvElLjju5Yd4OthKiBokJP1uIuhQ/cYeFuiDsE6ka/+QUjU7dHeWkLWppG,0.257734,0.683819,0.426343
477600,a6Hh/InvElLjju5Yd4OthKiBokJP1uIuhQ/cYeFuiDsE6ka/+QUjU7dHeWkLWppG,0.38496199999999997,0.618338,0.436303
477900,a6Hh/InvElLjju5Yd4OthKiBokJP1uIuhQ/cYeFuiDsE6ka/+QUjU7dHeWkLWppG,0.24955100000000002,0.50259,0.389883
478200,a6Hh/InvElLjju5Yd4OthKiBokJP1uIuhQ/cYeFuiDsE6ka/+QUjU7dHeWkLWppG,0.361892,0.69533,0.42968999999999996
478500,a6Hh/InvElLjju5Yd4OthKiBokJP1uIuhQ/cYeFuiDsE6ka/+QUjU7dHeWkLWppG,0.19457,0.6583180000000001,0.40841
478800,a6Hh/InvElLjju5Yd4OthKiBokJP1uIuhQ/cYeFuiDsE6ka/+QUjU7dHeWkLWppG,0.372757,0.664672,0.43107700000000004
479100,a6Hh/InvElLjju5Yd4OthKiBokJP1uIuhQ/cYeFuiDsE6ka/+QUjU7dHeWkLWppG,0.251605,0.6787979999999999,0.40727399999999997
479400,a6Hh/InvElLjju5Yd4OthKiBokJP1uIuhQ/cYeFuiDsE6ka/+QUjU7dHeWkLWppG,0.34768899999999997,0.711906,0.424915
479700,a6Hh/InvElLjju5Yd4OthKiBokJP1uIuhQ/cYeFuiDsE6ka/+QUjU7dHeWkLWppG,0.21169000000000002,0.804722,0.42764300000000005
480000,a6Hh/InvElLjju5Yd4OthKiBokJP1uIuhQ/cYeFuiDsE6ka/+QUjU7dHeWkLWppG,0.303819,0.7019310000000001,0.414911
480300,a6Hh/InvElLjju5Yd4OthKiBokJP1uIuhQ/cYeFuiDsE6ka/+QUjU7dHeWkLWppG,0.389126,0.651526,0.47120200000000007
480600,a6Hh/InvElLjju5Yd4OthKiBokJP1uIuhQ/cYeFuiDsE6ka/+QUjU7dHeWkLWppG,0.29693600000000003,0.47447700000000004,0.41376899999999994
480900,a6Hh/InvElLjju5Yd4OthKiBokJP1uIuhQ/cYeFuiDsE6ka/+QUjU7dHeWkLWppG,0.375996,0.6747,0.433609
481200,a6Hh/InvElLjju5Yd4OthKiBokJP1uIuhQ/cYeFuiDsE6ka/+QUjU7dHeWkLWppG,0.378153,0.790157,0.44900100000000004
481500,a6Hh/InvElLjju5Yd4OthKiBokJP1uIuhQ/cYeFuiDsE6ka/+QUjU7dHeWkLWppG,0.374967,0.6295569999999999,0.437946
481800,a6Hh/InvElLjju5Yd4OthKiBokJP1uIuhQ/cYeFuiDsE6ka/+QUjU7dHeWkLWppG,0.190632,3.4352650000000002,0.7295159999999999
482100,a6Hh/InvElLjju5Yd4OthKiBokJP1uIuhQ/cYeFuiDsE6ka/+QUjU7dHeWkLWppG,0.419634,0.746108,0.482597
482400,a6Hh/InvElLjju5Yd4OthKiBokJP1uIuhQ/cYeFuiDsE6ka/+QUjU7dHeWkLWppG,0.223119,0.6832550000000001,0.441693
482700,a6Hh/InvElLjju5Yd4OthKiBokJP1uIuhQ/cYeFuiDsE6ka/+QUjU7dHeWkLWppG,0.400331,0.6870149999999999,0.45673400000000003
483000,a6Hh/InvElLjju5Yd4OthKiBokJP1uIuhQ/cYeFuiDsE6ka/+QUjU7dHeWkLWppG,0.401494,0.656108,0.4737
483300,a6Hh/InvElLjju5Yd4OthKiBokJP1uIuhQ/cYeFuiDsE6ka/+QUjU7dHeWkLWppG,0.391994,0.49182200000000004,0.426399
483600,a6Hh/InvElLjju5Yd4OthKiBokJP1uIuhQ/cYeFuiDsE6ka/+QUjU7dHeWkLWppG,0.38013,0.642454,0.43228900000000003
483900,a6Hh/InvElLjju5Yd4OthKiBokJP1uIuhQ/cYeFuiDsE6ka/+QUjU7dHeWkLWppG,0.387183,0.743668,0.493068
484200,a6Hh/InvElLjju5Yd4OthKiBokJP1uIuhQ/cYeFuiDsE6ka/+QUjU7dHeWkLWppG,0.39615700000000004,0.8327889999999999,0.48274300000000003
484500,a6Hh/InvElLjju5Yd4OthKiBokJP1uIuhQ/cYeFuiDsE6ka/+QUjU7dHeWkLWppG,0.285771,0.643691,0.436626
484800,a6Hh/InvElLjju5Yd4OthKiBokJP1uIuhQ/cYeFuiDsE6ka/+QUjU7dHeWkLWppG,0.384036,0.638412,0.441471
485100,a6Hh/InvElLjju5Yd4OthKiBokJP1uIuhQ/cYeFuiDsE6ka/+QUjU7dHeWkLWppG,0.302608,0.681519,0.430384
485400,a6Hh/InvElLjju5Yd4OthKiBokJP1uIuhQ/cYeFuiDsE6ka/+QUjU7dHeWkLWppG,0.28082399999999996,0.65818,0.43255299999999997
485700,a6Hh/InvElLjju5Yd4OthKiBokJP1uIuhQ/cYeFuiDsE6ka/+QUjU7dHeWkLWppG,0.370526,0.660846,0.44239399999999995
486000,a6Hh/InvElLjju5Yd4OthKiBokJP1uIuhQ/cYeFuiDsE6ka/+QUjU7dHeWkLWppG,0.38351799999999997,0.590595,0.44522700000000004
486300,a6Hh/InvElLjju5Yd4OthKiBokJP1uIuhQ/cYeFuiDsE6ka/+QUjU7dHeWkLWppG,0.362374,0.770228,0.444187
486600,a6Hh/InvElLjju5Yd4OthKiBokJP1uIuhQ/cYeFuiDsE6ka/+QUjU7dHeWkLWppG,0.367004,0.6441479999999999,0.417621
486900,a6Hh/InvElLjju5Yd4OthKiBokJP1uIuhQ/cYeFuiDsE6ka/+QUjU7dHeWkLWppG,0.3612,0.711346,0.426874
487200,a6Hh/InvElLjju5Yd4OthKiBokJP1uIuhQ/cYeFuiDsE6ka/+QUjU7dHeWkLWppG,0.26868800000000004,0.652741,0.406148
487500,a6Hh/InvElLjju5Yd4OthKiBokJP1uIuhQ/cYeFuiDsE6ka/+QUjU7dHeWkLWppG,0.368471,0.678214,0.42403500000000005
487800,a6Hh/InvElLjju5Yd4OthKiBokJP1uIuhQ/cYeFuiDsE6ka/+QUjU7dHeWkLWppG,0.302631,0.768569,0.415716
488100,a6Hh/InvElLjju5Yd4OthKiBokJP1uIuhQ/cYeFuiDsE6ka/+QUjU7dHeWkLWppG,0.26615900000000003,0.787742,0.41619799999999996
488400,a6Hh/InvElLjju5Yd4OthKiBokJP1uIuhQ/cYeFuiDsE6ka/+QUjU7dHeWkLWppG,0.365996,0.754344,0.43006000000000005
488700,a6Hh/InvElLjju5Yd4OthKiBokJP1uIuhQ/cYeFuiDsE6ka/+QUjU7dHeWkLWppG,0.153066,0.482146,0.379285
489000,a6Hh/InvElLjju5Yd4OthKiBokJP1uIuhQ/cYeFuiDsE6ka/+QUjU7dHeWkLWppG,0.366078,0.7724340000000001,0.43210200000000004
489300,a6Hh/InvElLjju5Yd4OthKiBokJP1uIuhQ/cYeFuiDsE6ka/+QUjU7dHeWkLWppG,0.233375,0.8092600000000001,0.425775
489600,a6Hh/InvElLjju5Yd4OthKiBokJP1uIuhQ/cYeFuiDsE6ka/+QUjU7dHeWkLWppG,0.373423,0.684131,0.453668
489900,a6Hh/InvElLjju5Yd4OthKiBokJP1uIuhQ/cYeFuiDsE6ka/+QUjU7dHeWkLWppG,0.393965,1.492124,0.561639
490200,a6Hh/InvElLjju5Yd4OthKiBokJP1uIuhQ/cYeFuiDsE6ka/+QUjU7dHeWkLWppG,0.36227,0.64917,0.417917
490500,a6Hh/InvElLjju5Yd4OthKiBokJP1uIuhQ/cYeFuiDsE6ka/+QUjU7dHeWkLWppG,0.36343200000000003,1.2139389999999999,0.501428
490800,a6Hh/InvElLjju5Yd4OthKiBokJP1uIuhQ/cYeFuiDsE6ka/+QUjU7dHeWkLWppG,0.385245,0.8299700000000001,0.48697700000000005
491100,a6Hh/InvElLjju5Yd4OthKiBokJP1uIuhQ/cYeFuiDsE6ka/+QUjU7dHeWkLWppG,0.39055500000000004,0.656798,0.435511
491400,a6Hh/InvElLjju5Yd4OthKiBokJP1uIuhQ/cYeFuiDsE6ka/+QUjU7dHeWkLWppG,0.37585100000000005,0.750213,0.43866700000000003
491700,a6Hh/InvElLjju5Yd4OthKiBokJP1uIuhQ/cYeFuiDsE6ka/+QUjU7dHeWkLWppG,0.379714,0.7017220000000001,0.44582700000000003
492000,a6Hh/InvElLjju5Yd4OthKiBokJP1uIuhQ/cYeFuiDsE6ka/+QUjU7dHeWkLWppG,0.372784,0.7940699999999999,0.47166499999999995
492300,a6Hh/InvElLjju5Yd4OthKiBokJP1uIuhQ/cYeFuiDsE6ka/+QUjU7dHeWkLWppG,0.391025,0.624698,0.431505
492600,a6Hh/InvElLjju5Yd4OthKiBokJP1uIuhQ/cYeFuiDsE6ka/+QUjU7dHeWkLWppG,0.397586,0.70127,0.47521199999999997
492900,a6Hh/InvElLjju5Yd4OthKiBokJP1uIuhQ/cYeFuiDsE6ka/+QUjU7dHeWkLWppG,0.427936,0.666183,0.49289099999999997
493200,a6Hh/InvElLjju5Yd4OthKiBokJP1uIuhQ/cYeFuiDsE6ka/+QUjU7dHeWkLWppG,0.169742,0.627058,0.426516
493500,a6Hh/InvElLjju5Yd4OthKiBokJP1uIuhQ/cYeFuiDsE6ka/+QUjU7dHeWkLWppG,0.140489,0.619748,0.40623400000000004
493800,a6Hh/InvElLjju5Yd4OthKiBokJP1uIuhQ/cYeFuiDsE6ka/+QUjU7dHeWkLWppG,0.374168,0.580285,0.43485
494100,a6Hh/InvElLjju5Yd4OthKiBokJP1uIuhQ/cYeFuiDsE6ka/+QUjU7dHeWkLWppG,0.378711,0.9825729999999999,0.472897
494400,a6Hh/InvElLjju5Yd4OthKiBokJP1uIuhQ/cYeFuiDsE6ka/+QUjU7dHeWkLWppG,0.37921,0.647926,0.44278599999999996
494700,a6Hh/InvElLjju5Yd4OthKiBokJP1uIuhQ/cYeFuiDsE6ka/+QUjU7dHeWkLWppG,0.15071600000000002,0.652554,0.392398
495000,a6Hh/InvElLjju5Yd4OthKiBokJP1uIuhQ/cYeFuiDsE6ka/+QUjU7dHeWkLWppG,0.364684,0.6468470000000001,0.43236800000000003
495300,a6Hh/InvElLjju5Yd4OthKiBokJP1uIuhQ/cYeFuiDsE6ka/+QUjU7dHeWkLWppG,0.156947,0.690311,0.409656
495600,a6Hh/InvElLjju5Yd4OthKiBokJP1uIuhQ/cYeFuiDsE6ka/+QUjU7dHeWkLWppG,0.37549699999999997,0.652088,0.432537
495900,a6Hh/InvElLjju5Yd4OthKiBokJP1uIuhQ/cYeFuiDsE6ka/+QUjU7dHeWkLWppG,0.16936199999999998,0.661337,0.406238
496200,a6Hh/InvElLjju5Yd4OthKiBokJP1uIuhQ/cYeFuiDsE6ka/+QUjU7dHeWkLWppG,0.381639,0.662993,0.43173599999999995
496500,a6Hh/InvElLjju5Yd4OthKiBokJP1uIuhQ/cYeFuiDsE6ka/+QUjU7dHeWkLWppG,0.197717,0.689208,0.42327700000000007
496800,a6Hh/InvElLjju5Yd4OthKiBokJP1uIuhQ/cYeFuiDsE6ka/+QUjU7dHeWkLWppG,0.205894,0.44570699999999996,0.382508
497100,a6Hh/InvElLjju5Yd4OthKiBokJP1uIuhQ/cYeFuiDsE6ka/+QUjU7dHeWkLWppG,0.37611,0.75602,0.439474
497400,a6Hh/InvElLjju5Yd4OthKiBokJP1uIuhQ/cYeFuiDsE6ka/+QUjU7dHeWkLWppG,0.223223,0.70739,0.42278999999999994
497700,a6Hh/InvElLjju5Yd4OthKiBokJP1uIuhQ/cYeFuiDsE6ka/+QUjU7dHeWkLWppG,0.388762,0.757008,0.44846400000000003
498000,a6Hh/InvElLjju5Yd4OthKiBokJP1uIuhQ/cYeFuiDsE6ka/+QUjU7dHeWkLWppG,0.212194,0.671121,0.428551
498300,a6Hh/InvElLjju5Yd4OthKiBokJP1uIuhQ/cYeFuiDsE6ka/+QUjU7dHeWkLWppG,0.387571,0.720986,0.445317
498600,a6Hh/InvElLjju5Yd4OthKiBokJP1uIuhQ/cYeFuiDsE6ka/+QUjU7dHeWkLWppG,0.242891,0.712017,0.43322
498900,a6Hh/InvElLjju5Yd4OthKiBokJP1uIuhQ/cYeFuiDsE6ka/+QUjU7dHeWkLWppG,0.371033,0.660155,0.43564200000000003
499200,a6Hh/InvElLjju5Yd4OthKiBokJP1uIuhQ/cYeFuiDsE6ka/+QUjU7dHeWkLWppG,0.222282,0.664931,0.41611800000000004
499500,a6Hh/InvElLjju5Yd4OthKiBokJP1uIuhQ/cYeFuiDsE6ka/+QUjU7dHeWkLWppG,0.23008499999999998,0.533929,0.42811800000000005
499800,a6Hh/InvElLjju5Yd4OthKiBokJP1uIuhQ/cYeFuiDsE6ka/+QUjU7dHeWkLWppG,0.377728,0.808027,0.463967
500100,a6Hh/InvElLjju5Yd4OthKiBokJP1uIuhQ/cYeFuiDsE6ka/+QUjU7dHeWkLWppG,0.416512,2.122443,0.6625949999999999
500400,a6Hh/InvElLjju5Yd4OthKiBokJP1uIuhQ/cYeFuiDsE6ka/+QUjU7dHeWkLWppG,0.407785,0.653616,0.475783
500700,a6Hh/InvElLjju5Yd4OthKiBokJP1uIuhQ/cYeFuiDsE6ka/+QUjU7dHeWkLWppG,0.25248200000000004,0.735608,0.453599
501000,a6Hh/InvElLjju5Yd4OthKiBokJP1uIuhQ/cYeFuiDsE6ka/+QUjU7dHeWkLWppG,0.397563,0.6974279999999999,0.459164
501300,a6Hh/InvElLjju5Yd4OthKiBokJP1uIuhQ/cYeFuiDsE6ka/+QUjU7dHeWkLWppG,0.231305,0.654918,0.437877
501600,a6Hh/InvElLjju5Yd4OthKiBokJP1uIuhQ/cYeFuiDsE6ka/+QUjU7dHeWkLWppG,0.387397,0.638738,0.437055
501900,a6Hh/InvElLjju5Yd4OthKiBokJP1uIuhQ/cYeFuiDsE6ka/+QUjU7dHeWkLWppG,0.179696,0.647917,0.407211
502200,a6Hh/InvElLjju5Yd4OthKiBokJP1uIuhQ/cYeFuiDsE6ka/+QUjU7dHeWkLWppG,0.173928,0.47496700000000003,0.373485
502500,a6Hh/InvElLjju5Yd4OthKiBokJP1uIuhQ/cYeFuiDsE6ka/+QUjU7dHeWkLWppG,0.36438200000000004,0.658682,0.420104
502800,a6Hh/InvElLjju5Yd4OthKiBokJP1uIuhQ/cYeFuiDsE6ka/+QUjU7dHeWkLWppG,0.378974,0.7023729999999999,0.430271
503100,a6Hh/InvElLjju5Yd4OthKiBokJP1uIuhQ/cYeFuiDsE6ka/+QUjU7dHeWkLWppG,0.38936,0.6794,0.438069
503400,a6Hh/InvElLjju5Yd4OthKiBokJP1uIuhQ/cYeFuiDsE6ka/+QUjU7dHeWkLWppG,0.332334,0.648145,0.42953199999999997
503700,a6Hh/InvElLjju5Yd4OthKiBokJP1uIuhQ/cYeFuiDsE6ka/+QUjU7dHeWkLWppG,0.36896799999999996,0.662041,0.426609
504000,a6Hh/InvElLjju5Yd4OthKiBokJP1uIuhQ/cYeFuiDsE6ka/+QUjU7dHeWkLWppG,0.371219,0.642174,0.436662
504300,a6Hh/InvElLjju5Yd4OthKiBokJP1uIuhQ/cYeFuiDsE6ka/+QUjU7dHeWkLWppG,0.369108,0.6746,0.42608199999999996
504600,a6Hh/InvElLjju5Yd4OthKiBokJP1uIuhQ/cYeFuiDsE6ka/+QUjU7dHeWkLWppG,0.348114,0.713881,0.45954399999999995
504900,a6Hh/InvElLjju5Yd4OthKiBokJP1uIuhQ/cYeFuiDsE6ka/+QUjU7dHeWkLWppG,0.369659,0.47963900000000004,0.402188
505200,a6Hh/InvElLjju5Yd4OthKiBokJP1uIuhQ/cYeFuiDsE6ka/+QUjU7dHeWkLWppG,0.377756,0.700886,0.43283599999999994
505500,a6Hh/InvElLjju5Yd4OthKiBokJP1uIuhQ/cYeFuiDsE6ka/+QUjU7dHeWkLWppG,0.362035,0.75532,0.44668100000000005
505800,a6Hh/InvElLjju5Yd4OthKiBokJP1uIuhQ/cYeFuiDsE6ka/+QUjU7dHeWkLWppG,0.376152,0.771716,0.434733
506100,a6Hh/InvElLjju5Yd4OthKiBokJP1uIuhQ/cYeFuiDsE6ka/+QUjU7dHeWkLWppG,0.38359099999999996,0.713547,0.45786800000000005
506400,a6Hh/InvElLjju5Yd4OthKiBokJP1uIuhQ/cYeFuiDsE6ka/+QUjU7dHeWkLWppG,0.380398,0.65542,0.430953
506700,a6Hh/InvElLjju5Yd4OthKiBokJP1uIuhQ/cYeFuiDsE6ka/+QUjU7dHeWkLWppG,0.38194,0.668813,0.43922100000000003
507000,a6Hh/InvElLjju5Yd4OthKiBokJP1uIuhQ/cYeFuiDsE6ka/+QUjU7dHeWkLWppG,0.384207,0.657089,0.42838000000000004
507300,a6Hh/InvElLjju5Yd4OthKiBokJP1uIuhQ/cYeFuiDsE6ka/+QUjU7dHeWkLWppG,0.38456,0.6823520000000001,0.432906
507600,a6Hh/InvElLjju5Yd4OthKiBokJP1uIuhQ/cYeFuiDsE6ka/+QUjU7dHeWkLWppG,0.310594,0.516334,0.40449
507900,a6Hh/InvElLjju5Yd4OthKiBokJP1uIuhQ/cYeFuiDsE6ka/+QUjU7dHeWkLWppG,0.376979,0.669048,0.433542
508200,a6Hh/InvElLjju5Yd4OthKiBokJP1uIuhQ/cYeFuiDsE6ka/+QUjU7dHeWkLWppG,0.321104,0.717896,0.428203
508500,a6Hh/InvElLjju5Yd4OthKiBokJP1uIuhQ/cYeFuiDsE6ka/+QUjU7dHeWkLWppG,0.387787,0.637864,0.437234
508800,a6Hh/InvElLjju5Yd4OthKiBokJP1uIuhQ/cYeFuiDsE6ka/+QUjU7dHeWkLWppG,0.313259,0.66775,0.411742
509100,a6Hh/InvElLjju5Yd4OthKiBokJP1uIuhQ/cYeFuiDsE6ka/+QUjU7dHeWkLWppG,0.381725,0.650097,0.430332
509400,a6Hh/InvElLjju5Yd4OthKiBokJP1uIuhQ/cYeFuiDsE6ka/+QUjU7dHeWkLWppG,0.29787800000000003,0.651676,0.410317
509700,a6Hh/InvElLjju5Yd4OthKiBokJP1uIuhQ/cYeFuiDsE6ka/+QUjU7dHeWkLWppG,0.389127,3.335349,0.726057
510000,a6Hh/InvElLjju5Yd4OthKiBokJP1uIuhQ/cYeFuiDsE6ka/+QUjU7dHeWkLWppG,0.343831,0.719529,0.465491
510300,a6Hh/InvElLjju5Yd4OthKiBokJP1uIuhQ/cYeFuiDsE6ka/+QUjU7dHeWkLWppG,0.374397,0.466779,0.42890100000000003
510600,a6Hh/InvElLjju5Yd4OthKiBokJP1uIuhQ/cYeFuiDsE6ka/+QUjU7dHeWkLWppG,0.40579699999999996,0.6902159999999999,0.45788100000000004
510900,a6Hh/InvElLjju5Yd4OthKiBokJP1uIuhQ/cYeFuiDsE6ka/+QUjU7dHeWkLWppG,0.373761,0.688774,0.44848299999999997
511200,a6Hh/InvElLjju5Yd4OthKiBokJP1uIuhQ/cYeFuiDsE6ka/+QUjU7dHeWkLWppG,0.38151199999999996,0.695033,0.452559
511500,a6Hh/InvElLjju5Yd4OthKiBokJP1uIuhQ/cYeFuiDsE6ka/+QUjU7dHeWkLWppG,0.254888,0.686808,0.42258599999999996
511800,a6Hh/InvElLjju5Yd4OthKiBokJP1uIuhQ/cYeFuiDsE6ka/+QUjU7dHeWkLWppG,0.371591,0.663797,0.43052299999999993
512100,a6Hh/InvElLjju5Yd4OthKiBokJP1uIuhQ/cYeFuiDsE6ka/+QUjU7dHeWkLWppG,0.370442,0.6777449999999999,0.449592
512400,a6Hh/InvElLjju5Yd4OthKiBokJP1uIuhQ/cYeFuiDsE6ka/+QUjU7dHeWkLWppG,0.381693,0.685724,0.442308
512700,a6Hh/InvElLjju5Yd4OthKiBokJP1uIuhQ/cYeFuiDsE6ka/+QUjU7dHeWkLWppG,0.29118299999999997,0.698689,0.42631
513000,a6Hh/InvElLjju5Yd4OthKiBokJP1uIuhQ/cYeFuiDsE6ka/+QUjU7dHeWkLWppG,0.340158,0.528746,0.404861
513300,a6Hh/InvElLjju5Yd4OthKiBokJP1uIuhQ/cYeFuiDsE6ka/+QUjU7dHeWkLWppG,0.380346,0.65181,0.433342
513600,a6Hh/InvElLjju5Yd4OthKiBokJP1uIuhQ/cYeFuiDsE6ka/+QUjU7dHeWkLWppG,0.39619899999999997,1.023849,0.5010600000000001
513900,a6Hh/InvElLjju5Yd4OthKiBokJP1uIuhQ/cYeFuiDsE6ka/+QUjU7dHeWkLWppG,0.379787,0.752595,0.440525
514200,a6Hh/InvElLjju5Yd4OthKiBokJP1uIuhQ/cYeFuiDsE6ka/+QUjU7dHeWkLWppG,0.381573,0.8774870000000001,0.489088
514500,a6Hh/InvElLjju5Yd4OthKiBokJP1uIuhQ/cYeFuiDsE6ka/+QUjU7dHeWkLWppG,0.364039,0.722584,0.435586
514800,a6Hh/InvElLjju5Yd4OthKiBokJP1uIuhQ/cYeFuiDsE6ka/+QUjU7dHeWkLWppG,0.364137,0.8259280000000001,0.47326
515100,a6Hh/InvElLjju5Yd4OthKiBokJP1uIuhQ/cYeFuiDsE6ka/+QUjU7dHeWkLWppG,0.359083,0.660895,0.421124
515400,a6Hh/InvElLjju5Yd4OthKiBokJP1uIuhQ/cYeFuiDsE6ka/+QUjU7dHeWkLWppG,0.363831,0.742305,0.46182799999999996
515700,a6Hh/InvElLjju5Yd4OthKiBokJP1uIuhQ/cYeFuiDsE6ka/+QUjU7dHeWkLWppG,0.37722,0.698018,0.42382700000000006
516000,a6Hh/InvElLjju5Yd4OthKiBokJP1uIuhQ/cYeFuiDsE6ka/+QUjU7dHeWkLWppG,0.36876,0.645083,0.430125
516300,a6Hh/InvElLjju5Yd4OthKiBokJP1uIuhQ/cYeFuiDsE6ka/+QUjU7dHeWkLWppG,0.291135,0.7526079999999999,0.42549799999999993
516600,a6Hh/InvElLjju5Yd4OthKiBokJP1uIuhQ/cYeFuiDsE6ka/+QUjU7dHeWkLWppG,0.393635,0.691103,0.447424
516900,a6Hh/InvElLjju5Yd4OthKiBokJP1uIuhQ/cYeFuiDsE6ka/+QUjU7dHeWkLWppG,0.26009899999999997,0.6685180000000001,0.42751999999999996
517200,a6Hh/InvElLjju5Yd4OthKiBokJP1uIuhQ/cYeFuiDsE6ka/+QUjU7dHeWkLWppG,0.376849,0.7068800000000001,0.43312
517500,a6Hh/InvElLjju5Yd4OthKiBokJP1uIuhQ/cYeFuiDsE6ka/+QUjU7dHeWkLWppG,0.340215,0.679604,0.422887
517800,a6Hh/InvElLjju5Yd4OthKiBokJP1uIuhQ/cYeFuiDsE6ka/+QUjU7dHeWkLWppG,0.374284,0.654454,0.43672799999999995
518100,a6Hh/InvElLjju5Yd4OthKiBokJP1uIuhQ/cYeFuiDsE6ka/+QUjU7dHeWkLWppG,0.204241,0.656772,0.41212200000000004
518400,a6Hh/InvElLjju5Yd4OthKiBokJP1uIuhQ/cYeFuiDsE6ka/+QUjU7dHeWkLWppG,0.207242,0.5348149999999999,0.407622
518700,a6Hh/InvElLjju5Yd4OthKiBokJP1uIuhQ/cYeFuiDsE6ka/+QUjU7dHeWkLWppG,0.41926,0.739566,0.487263
519000,a6Hh/InvElLjju5Yd4OthKiBokJP1uIuhQ/cYeFuiDsE6ka/+QUjU7dHeWkLWppG,0.173535,3.4164019999999997,0.7316010000000001
519300,a6Hh/InvElLjju5Yd4OthKiBokJP1uIuhQ/cYeFuiDsE6ka/+QUjU7dHeWkLWppG,0.40378800000000004,0.706076,0.487961
519600,a6Hh/InvElLjju5Yd4OthKiBokJP1uIuhQ/cYeFuiDsE6ka/+QUjU7dHeWkLWppG,0.198719,0.681429,0.4319
519900,a6Hh/InvElLjju5Yd4OthKiBokJP1uIuhQ/cYeFuiDsE6ka/+QUjU7dHeWkLWppG,0.40610300000000005,0.679118,0.459667
520200,a6Hh/InvElLjju5Yd4OthKiBokJP1uIuhQ/cYeFuiDsE6ka/+QUjU7dHeWkLWppG,0.228748,0.722206,0.502563
520500,a6Hh/InvElLjju5Yd4OthKiBokJP1uIuhQ/cYeFuiDsE6ka/+QUjU7dHeWkLWppG,0.385375,0.66209,0.44473500000000005
520800,a6Hh/InvElLjju5Yd4OthKiBokJP1uIuhQ/cYeFuiDsE6ka/+QUjU7dHeWkLWppG,0.150835,0.667342,0.410551
521100,a6Hh/InvElLjju5Yd4OthKiBokJP1uIuhQ/cYeFuiDsE6ka/+QUjU7dHeWkLWppG,0.22927600000000004,0.45424899999999996,0.398904
521400,a6Hh/InvElLjju5Yd4OthKiBokJP1uIuhQ/cYeFuiDsE6ka/+QUjU7dHeWkLWppG,0.361566,0.648497,0.42399499999999996
521700,a6Hh/InvElLjju5Yd4OthKiBokJP1uIuhQ/cYeFuiDsE6ka/+QUjU7dHeWkLWppG,0.200579,0.673864,0.411736
522000,a6Hh/InvElLjju5Yd4OthKiBokJP1uIuhQ/cYeFuiDsE6ka/+QUjU7dHeWkLWppG,0.36999699999999996,0.706381,0.427349
522300,a6Hh/InvElLjju5Yd4OthKiBokJP1uIuhQ/cYeFuiDsE6ka/+QUjU7dHeWkLWppG,0.178751,0.831094,0.415108
522600,a6Hh/InvElLjju5Yd4OthKiBokJP1uIuhQ/cYeFuiDsE6ka/+QUjU7dHeWkLWppG,0.36762,0.721943,0.41917600000000005
522900,a6Hh/InvElLjju5Yd4OthKiBokJP1uIuhQ/cYeFuiDsE6ka/+QUjU7dHeWkLWppG,0.366743,1.160876,0.510975
523200,a6Hh/InvElLjju5Yd4OthKiBokJP1uIuhQ/cYeFuiDsE6ka/+QUjU7dHeWkLWppG,0.378037,0.685736,0.43305
523500,a6Hh/InvElLjju5Yd4OthKiBokJP1uIuhQ/cYeFuiDsE6ka/+QUjU7dHeWkLWppG,0.280199,0.6978989999999999,0.425396
523800,a6Hh/InvElLjju5Yd4OthKiBokJP1uIuhQ/cYeFuiDsE6ka/+QUjU7dHeWkLWppG,0.21183400000000002,0.466631,0.395004
524100,a6Hh/InvElLjju5Yd4OthKiBokJP1uIuhQ/cYeFuiDsE6ka/+QUjU7dHeWkLWppG,0.388205,0.7515310000000001,0.45009
524400,a6Hh/InvElLjju5Yd4OthKiBokJP1uIuhQ/cYeFuiDsE6ka/+QUjU7dHeWkLWppG,0.17608900000000002,0.7086279999999999,0.415699
524700,a6Hh/InvElLjju5Yd4OthKiBokJP1uIuhQ/cYeFuiDsE6ka/+QUjU7dHeWkLWppG,0.37652399999999997,0.706403,0.43626800000000004
525000,a6Hh/InvElLjju5Yd4OthKiBokJP1uIuhQ/cYeFuiDsE6ka/+QUjU7dHeWkLWppG,0.19570099999999999,0.6391899999999999,0.4319
525300,a6Hh/InvElLjju5Yd4OthKiBokJP1uIuhQ/cYeFuiDsE6ka/+QUjU7dHeWkLWppG,0.38839,0.745979,0.460089
525600,a6Hh/InvElLjju5Yd4OthKiBokJP1uIuhQ/cYeFuiDsE6ka/+QUjU7dHeWkLWppG,0.226778,0.660267,0.42767700000000003
525900,a6Hh/InvElLjju5Yd4OthKiBokJP1uIuhQ/cYeFuiDsE6ka/+QUjU7dHeWkLWppG,0.371055,0.671431,0.448613
526200,a6Hh/InvElLjju5Yd4OthKiBokJP1uIuhQ/cYeFuiDsE6ka/+QUjU7dHeWkLWppG,0.149048,0.694063,0.422242
526500,a6Hh/InvElLjju5Yd4OthKiBokJP1uIuhQ/cYeFuiDsE6ka/+QUjU7dHeWkLWppG,0.24185900000000002,0.474992,0.404078
526800,a6Hh/InvElLjju5Yd4OthKiBokJP1uIuhQ/cYeFuiDsE6ka/+QUjU7dHeWkLWppG,0.391204,0.6361060000000001,0.44149799999999995
527100,a6Hh/InvElLjju5Yd4OthKiBokJP1uIuhQ/cYeFuiDsE6ka/+QUjU7dHeWkLWppG,0.371911,0.719192,0.457625
527400,a6Hh/InvElLjju5Yd4OthKiBokJP1uIuhQ/cYeFuiDsE6ka/+QUjU7dHeWkLWppG,0.391219,2.4778729999999998,0.700767
527700,a6Hh/InvElLjju5Yd4OthKiBokJP1uIuhQ/cYeFuiDsE6ka/+QUjU7dHeWkLWppG,0.273881,0.738661,0.468182
528000,a6Hh/InvElLjju5Yd4OthKiBokJP1uIuhQ/cYeFuiDsE6ka/+QUjU7dHeWkLWppG,0.400208,0.707387,0.480516
528300,a6Hh/InvElLjju5Yd4OthKiBokJP1uIuhQ/cYeFuiDsE6ka/+QUjU7dHeWkLWppG,0.28868499999999997,0.668308,0.45148599999999994
528600,a6Hh/InvElLjju5Yd4OthKiBokJP1uIuhQ/cYeFuiDsE6ka/+QUjU7dHeWkLWppG,0.386836,0.75155,0.470847
528900,a6Hh/InvElLjju5Yd4OthKiBokJP1uIuhQ/cYeFuiDsE6ka/+QUjU7dHeWkLWppG,0.24891999999999997,0.828219,0.433675
529200,a6Hh/InvElLjju5Yd4OthKiBokJP1uIuhQ/cYeFuiDsE6ka/+QUjU7dHeWkLWppG,0.360966,0.684804,0.437825
529500,a6Hh/InvElLjju5Yd4OthKiBokJP1uIuhQ/cYeFuiDsE6ka/+QUjU7dHeWkLWppG,0.307902,0.676898,0.41813
529800,a6Hh/InvElLjju5Yd4OthKiBokJP1uIuhQ/cYeFuiDsE6ka/+QUjU7dHeWkLWppG,0.250822,0.688295,0.405956
530100,a6Hh/InvElLjju5Yd4OthKiBokJP1uIuhQ/cYeFuiDsE6ka/+QUjU7dHeWkLWppG,0.355696,0.669195,0.42250200000000004
530400,a6Hh/InvElLjju5Yd4OthKiBokJP1uIuhQ/cYeFuiDsE6ka/+QUjU7dHeWkLWppG,0.248567,0.9206409999999999,0.43558
530700,a6Hh/InvElLjju5Yd4OthKiBokJP1uIuhQ/cYeFuiDsE6ka/+QUjU7dHeWkLWppG,0.353049,0.734323,0.423695
531000,a6Hh/InvElLjju5Yd4OthKiBokJP1uIuhQ/cYeFuiDsE6ka/+QUjU7dHeWkLWppG,0.16406099999999998,0.720012,0.40942
531300,a6Hh/InvElLjju5Yd4OthKiBokJP1uIuhQ/cYeFuiDsE6ka/+QUjU7dHeWkLWppG,0.375322,0.690279,0.424138
531600,a6Hh/InvElLjju5Yd4OthKiBokJP1uIuhQ/cYeFuiDsE6ka/+QUjU7dHeWkLWppG,0.352055,1.12208,0.489098
531900,a6Hh/InvElLjju5Yd4OthKiBokJP1uIuhQ/cYeFuiDsE6ka/+QUjU7dHeWkLWppG,0.36339299999999997,0.657304,0.426451
532200,a6Hh/InvElLjju5Yd4OthKiBokJP1uIuhQ/cYeFuiDsE6ka/+QUjU7dHeWkLWppG,0.380166,0.72382,0.46157200000000004
532500,a6Hh/InvElLjju5Yd4OthKiBokJP1uIuhQ/cYeFuiDsE6ka/+QUjU7dHeWkLWppG,0.366682,0.7438939999999999,0.460563
532800,a6Hh/InvElLjju5Yd4OthKiBokJP1uIuhQ/cYeFuiDsE6ka/+QUjU7dHeWkLWppG,0.368469,0.644893,0.436274
533100,a6Hh/InvElLjju5Yd4OthKiBokJP1uIuhQ/cYeFuiDsE6ka/+QUjU7dHeWkLWppG,0.36734,0.681746,0.460351
533400,a6Hh/InvElLjju5Yd4OthKiBokJP1uIuhQ/cYeFuiDsE6ka/+QUjU7dHeWkLWppG,0.38648899999999997,3.563851,0.776555
533700,a6Hh/InvElLjju5Yd4OthKiBokJP1uIuhQ/cYeFuiDsE6ka/+QUjU7dHeWkLWppG,0.420915,0.754707,0.512636
534000,a6Hh/InvElLjju5Yd4OthKiBokJP1uIuhQ/cYeFuiDsE6ka/+QUjU7dHeWkLWppG,0.402887,0.6912020000000001,0.45619
534300,a6Hh/InvElLjju5Yd4OthKiBokJP1uIuhQ/cYeFuiDsE6ka/+QUjU7dHeWkLWppG,0.38261100000000003,0.74161,0.48021499999999995
534600,a6Hh/InvElLjju5Yd4OthKiBokJP1uIuhQ/cYeFuiDsE6ka/+QUjU7dHeWkLWppG,0.399966,0.692075,0.46718999999999994
534900,a6Hh/InvElLjju5Yd4OthKiBokJP1uIuhQ/cYeFuiDsE6ka/+QUjU7dHeWkLWppG,0.390785,0.7136399999999999,0.476142
535200,a6Hh/InvElLjju5Yd4OthKiBokJP1uIuhQ/cYeFuiDsE6ka/+QUjU7dHeWkLWppG,0.378209,0.69592,0.470367
535500,a6Hh/InvElLjju5Yd4OthKiBokJP1uIuhQ/cYeFuiDsE6ka/+QUjU7dHeWkLWppG,0.412075,0.68633,0.46169899999999997
535800,a6Hh/InvElLjju5Yd4OthKiBokJP1uIuhQ/cYeFuiDsE6ka/+QUjU7dHeWkLWppG,0.408756,0.9965209999999999,0.538698
536100,a6Hh/InvElLjju5Yd4OthKiBokJP1uIuhQ/cYeFuiDsE6ka/+QUjU7dHeWkLWppG,0.382845,3.4552480000000005,0.76256
536400,a6Hh/InvElLjju5Yd4OthKiBokJP1uIuhQ/cYeFuiDsE6ka/+QUjU7dHeWkLWppG,0.443262,0.7089880000000001,0.524512
536700,a6Hh/InvElLjju5Yd4OthKiBokJP1uIuhQ/cYeFuiDsE6ka/+QUjU7dHeWkLWppG,0.40986999999999996,0.695243,0.46211899999999995
537000,a6Hh/InvElLjju5Yd4OthKiBokJP1uIuhQ/cYeFuiDsE6ka/+QUjU7dHeWkLWppG,0.400048,1.221076,0.53773
537300,a6Hh/InvElLjju5Yd4OthKiBokJP1uIuhQ/cYeFuiDsE6ka/+QUjU7dHeWkLWppG,0.38392600000000005,0.7192850000000001,0.479249
537600,a6Hh/InvElLjju5Yd4OthKiBokJP1uIuhQ/cYeFuiDsE6ka/+QUjU7dHeWkLWppG,0.39261399999999996,0.681339,0.463272
537900,a6Hh/InvElLjju5Yd4OthKiBokJP1uIuhQ/cYeFuiDsE6ka/+QUjU7dHeWkLWppG,0.378438,0.6999489999999999,0.459341
538200,a6Hh/InvElLjju5Yd4OthKiBokJP1uIuhQ/cYeFuiDsE6ka/+QUjU7dHeWkLWppG,0.40806,0.6684680000000001,0.45200799999999997
538500,a6Hh/InvElLjju5Yd4OthKiBokJP1uIuhQ/cYeFuiDsE6ka/+QUjU7dHeWkLWppG,0.145503,0.659979,0.40770700000000004
538800,a6Hh/InvElLjju5Yd4OthKiBokJP1uIuhQ/cYeFuiDsE6ka/+QUjU7dHeWkLWppG,0.38295,0.688418,0.443904
539100,a6Hh/InvElLjju5Yd4OthKiBokJP1uIuhQ/cYeFuiDsE6ka/+QUjU7dHeWkLWppG,0.139628,0.760321,0.421559
539400,a6Hh/InvElLjju5Yd4OthKiBokJP1uIuhQ/cYeFuiDsE6ka/+QUjU7dHeWkLWppG,0.364577,0.7761239999999999,0.447611
539700,a6Hh/InvElLjju5Yd4OthKiBokJP1uIuhQ/cYeFuiDsE6ka/+QUjU7dHeWkLWppG,0.140596,2.069588,0.615969
540000,a6Hh/InvElLjju5Yd4OthKiBokJP1uIuhQ/cYeFuiDsE6ka/+QUjU7dHeWkLWppG,0.45273599999999997,0.683705,0.49985100000000005
540300,a6Hh/InvElLjju5Yd4OthKiBokJP1uIuhQ/cYeFuiDsE6ka/+QUjU7dHeWkLWppG,0.367475,0.70616,0.465192
540600,a6Hh/InvElLjju5Yd4OthKiBokJP1uIuhQ/cYeFuiDsE6ka/+QUjU7dHeWkLWppG,0.17060699999999998,0.68313,0.440513
540900,a6Hh/InvElLjju5Yd4OthKiBokJP1uIuhQ/cYeFuiDsE6ka/+QUjU7dHeWkLWppG,0.37561500000000003,0.727108,0.48403199999999996
541200,a6Hh/InvElLjju5Yd4OthKiBokJP1uIuhQ/cYeFuiDsE6ka/+QUjU7dHeWkLWppG,0.148699,0.683348,0.42200600000000005
541500,a6Hh/InvElLjju5Yd4OthKiBokJP1uIuhQ/cYeFuiDsE6ka/+QUjU7dHeWkLWppG,0.37099,0.656634,0.43889399999999995
541800,a6Hh/InvElLjju5Yd4OthKiBokJP1uIuhQ/cYeFuiDsE6ka/+QUjU7dHeWkLWppG,0.17036500000000002,0.726432,0.435113
542100,a6Hh/InvElLjju5Yd4OthKiBokJP1uIuhQ/cYeFuiDsE6ka/+QUjU7dHeWkLWppG,0.37862399999999996,0.684759,0.44246
542400,a6Hh/InvElLjju5Yd4OthKiBokJP1uIuhQ/cYeFuiDsE6ka/+QUjU7dHeWkLWppG,0.140976,0.6602140000000001,0.413471
542700,a6Hh/InvElLjju5Yd4OthKiBokJP1uIuhQ/cYeFuiDsE6ka/+QUjU7dHeWkLWppG,0.356466,0.732578,0.428546
543000,a6Hh/InvElLjju5Yd4OthKiBokJP1uIuhQ/cYeFuiDsE6ka/+QUjU7dHeWkLWppG,0.230346,0.671808,0.422471
543300,a6Hh/InvElLjju5Yd4OthKiBokJP1uIuhQ/cYeFuiDsE6ka/+QUjU7dHeWkLWppG,0.16866099999999998,0.660741,0.41401899999999997
543600,a6Hh/InvElLjju5Yd4OthKiBokJP1uIuhQ/cYeFuiDsE6ka/+QUjU7dHeWkLWppG,0.36345500000000003,0.644717,0.42587200000000003
543900,a6Hh/InvElLjju5Yd4OthKiBokJP1uIuhQ/cYeFuiDsE6ka/+QUjU7dHeWkLWppG,0.17341199999999998,0.641651,0.40222800000000003
544200,a6Hh/InvElLjju5Yd4OthKiBokJP1uIuhQ/cYeFuiDsE6ka/+QUjU7dHeWkLWppG,0.37213,0.687615,0.425451
544500,a6Hh/InvElLjju5Yd4OthKiBokJP1uIuhQ/cYeFuiDsE6ka/+QUjU7dHeWkLWppG,0.223671,0.704259,0.41896300000000003
544800,a6Hh/InvElLjju5Yd4OthKiBokJP1uIuhQ/cYeFuiDsE6ka/+QUjU7dHeWkLWppG,0.350504,0.667859,0.42766000000000004
545100,a6Hh/InvElLjju5Yd4OthKiBokJP1uIuhQ/cYeFuiDsE6ka/+QUjU7dHeWkLWppG,0.378701,0.7269939999999999,0.43996999999999997
545400,a6Hh/InvElLjju5Yd4OthKiBokJP1uIuhQ/cYeFuiDsE6ka/+QUjU7dHeWkLWppG,0.385464,0.655526,0.438413
545700,a6Hh/InvElLjju5Yd4OthKiBokJP1uIuhQ/cYeFuiDsE6ka/+QUjU7dHeWkLWppG,0.187603,3.4792389999999997,0.740296
546000,a6Hh/InvElLjju5Yd4OthKiBokJP1uIuhQ/cYeFuiDsE6ka/+QUjU7dHeWkLWppG,0.199432,0.700836,0.461688
546300,a6Hh/InvElLjju5Yd4OthKiBokJP1uIuhQ/cYeFuiDsE6ka/+QUjU7dHeWkLWppG,0.400325,0.816196,0.46581300000000003
546600,a6Hh/InvElLjju5Yd4OthKiBokJP1uIuhQ/cYeFuiDsE6ka/+QUjU7dHeWkLWppG,0.20114400000000002,0.7389939999999999,0.44691499999999995
546900,a6Hh/InvElLjju5Yd4OthKiBokJP1uIuhQ/cYeFuiDsE6ka/+QUjU7dHeWkLWppG,0.382834,0.673277,0.461478
547200,a6Hh/InvElLjju5Yd4OthKiBokJP1uIuhQ/cYeFuiDsE6ka/+QUjU7dHeWkLWppG,0.17993199999999998,0.758716,0.44076400000000004
547500,a6Hh/InvElLjju5Yd4OthKiBokJP1uIuhQ/cYeFuiDsE6ka/+QUjU7dHeWkLWppG,0.42533699999999997,0.806349,0.482889
547800,a6Hh/InvElLjju5Yd4OthKiBokJP1uIuhQ/cYeFuiDsE6ka/+QUjU7dHeWkLWppG,0.373866,0.7819159999999999,0.438129
548100,a6Hh/InvElLjju5Yd4OthKiBokJP1uIuhQ/cYeFuiDsE6ka/+QUjU7dHeWkLWppG,0.368307,0.758811,0.43725600000000003
548400,a6Hh/InvElLjju5Yd4OthKiBokJP1uIuhQ/cYeFuiDsE6ka/+QUjU7dHeWkLWppG,0.275853,0.705889,0.42011499999999996
548700,a6Hh/InvElLjju5Yd4OthKiBokJP1uIuhQ/cYeFuiDsE6ka/+QUjU7dHeWkLWppG,0.245969,0.885172,0.47190299999999996
549000,a6Hh/InvElLjju5Yd4OthKiBokJP1uIuhQ/cYeFuiDsE6ka/+QUjU7dHeWkLWppG,0.380801,0.676842,0.455139
549300,a6Hh/InvElLjju5Yd4OthKiBokJP1uIuhQ/cYeFuiDsE6ka/+QUjU7dHeWkLWppG,0.284028,0.6475350000000001,0.418813
549600,a6Hh/InvElLjju5Yd4OthKiBokJP1uIuhQ/cYeFuiDsE6ka/+QUjU7dHeWkLWppG,0.377198,0.714879,0.435569
549900,a6Hh/InvElLjju5Yd4OthKiBokJP1uIuhQ/cYeFuiDsE6ka/+QUjU7dHeWkLWppG,0.371695,0.6537689999999999,0.451824
550200,a6Hh/InvElLjju5Yd4OthKiBokJP1uIuhQ/cYeFuiDsE6ka/+QUjU7dHeWkLWppG,0.373773,0.667003,0.43367700000000003
550500,a6Hh/InvElLjju5Yd4OthKiBokJP1uIuhQ/cYeFuiDsE6ka/+QUjU7dHeWkLWppG,0.37458800000000003,0.653058,0.413642
550800,a6Hh/InvElLjju5Yd4OthKiBokJP1uIuhQ/cYeFuiDsE6ka/+QUjU7dHeWkLWppG,0.37258800000000003,0.653321,0.43213199999999996
551100,a6Hh/InvElLjju5Yd4OthKiBokJP1uIuhQ/cYeFuiDsE6ka/+QUjU7dHeWkLWppG,0.361171,0.693637,0.460678
551400,a6Hh/InvElLjju5Yd4OthKiBokJP1uIuhQ/cYeFuiDsE6ka/+QUjU7dHeWkLWppG,0.26429400000000003,0.678028,0.41842799999999997
551700,a6Hh/InvElLjju5Yd4OthKiBokJP1uIuhQ/cYeFuiDsE6ka/+QUjU7dHeWkLWppG,0.36949499999999996,0.687284,0.437159
552000,a6Hh/InvElLjju5Yd4OthKiBokJP1uIuhQ/cYeFuiDsE6ka/+QUjU7dHeWkLWppG,0.286989,0.749451,0.42279399999999995
552300,a6Hh/InvElLjju5Yd4OthKiBokJP1uIuhQ/cYeFuiDsE6ka/+QUjU7dHeWkLWppG,0.36349899999999996,0.666408,0.436229
552600,a6Hh/InvElLjju5Yd4OthKiBokJP1uIuhQ/cYeFuiDsE6ka/+QUjU7dHeWkLWppG,0.266002,0.669289,0.427199
552900,a6Hh/InvElLjju5Yd4OthKiBokJP1uIuhQ/cYeFuiDsE6ka/+QUjU7dHeWkLWppG,0.38217199999999996,0.689894,0.43659
553200,a6Hh/InvElLjju5Yd4OthKiBokJP1uIuhQ/cYeFuiDsE6ka/+QUjU7dHeWkLWppG,0.28757,0.659468,0.42474300000000004
553500,a6Hh/InvElLjju5Yd4OthKiBokJP1uIuhQ/cYeFuiDsE6ka/+QUjU7dHeWkLWppG,0.353219,0.667,0.42931499999999995
553800,a6Hh/InvElLjju5Yd4OthKiBokJP1uIuhQ/cYeFuiDsE6ka/+QUjU7dHeWkLWppG,0.23614899999999997,0.737298,0.43350500000000003
554100,a6Hh/InvElLjju5Yd4OthKiBokJP1uIuhQ/cYeFuiDsE6ka/+QUjU7dHeWkLWppG,0.395025,0.624033,0.442093
554400,a6Hh/InvElLjju5Yd4OthKiBokJP1uIuhQ/cYeFuiDsE6ka/+QUjU7dHeWkLWppG,0.38213400000000003,0.691021,0.440438
554700,a6Hh/InvElLjju5Yd4OthKiBokJP1uIuhQ/cYeFuiDsE6ka/+QUjU7dHeWkLWppG,0.372343,0.891482,0.47922200000000004
555000,a6Hh/InvElLjju5Yd4OthKiBokJP1uIuhQ/cYeFuiDsE6ka/+QUjU7dHeWkLWppG,0.364356,0.6643640000000001,0.433033
555300,a6Hh/InvElLjju5Yd4OthKiBokJP1uIuhQ/cYeFuiDsE6ka/+QUjU7dHeWkLWppG,0.24752399999999997,0.73177,0.432802
555600,a6Hh/InvElLjju5Yd4OthKiBokJP1uIuhQ/cYeFuiDsE6ka/+QUjU7dHeWkLWppG,0.383364,0.744545,0.43567
555900,a6Hh/InvElLjju5Yd4OthKiBokJP1uIuhQ/cYeFuiDsE6ka/+QUjU7dHeWkLWppG,0.299608,0.856461,0.457255
556200,a6Hh/InvElLjju5Yd4OthKiBokJP1uIuhQ/cYeFuiDsE6ka/+QUjU7dHeWkLWppG,0.373245,0.724838,0.439884
556500,a6Hh/InvElLjju5Yd4OthKiBokJP1uIuhQ/cYeFuiDsE6ka/+QUjU7dHeWkLWppG,0.221453,0.726284,0.41960200000000003
556800,a6Hh/InvElLjju5Yd4OthKiBokJP1uIuhQ/cYeFuiDsE6ka/+QUjU7dHeWkLWppG,0.224967,0.43692700000000007,0.380714
557100,a6Hh/InvElLjju5Yd4OthKiBokJP1uIuhQ/cYeFuiDsE6ka/+QUjU7dHeWkLWppG,0.374731,0.684766,0.43543000000000004
557400,a6Hh/InvElLjju5Yd4OthKiBokJP1uIuhQ/cYeFuiDsE6ka/+QUjU7dHeWkLWppG,0.252506,0.750252,0.430357
557700,a6Hh/InvElLjju5Yd4OthKiBokJP1uIuhQ/cYeFuiDsE6ka/+QUjU7dHeWkLWppG,0.37642,0.703941,0.43581099999999995
558000,a6Hh/InvElLjju5Yd4OthKiBokJP1uIuhQ/cYeFuiDsE6ka/+QUjU7dHeWkLWppG,0.199622,0.631937,0.409536
558300,a6Hh/InvElLjju5Yd4OthKiBokJP1uIuhQ/cYeFuiDsE6ka/+QUjU7dHeWkLWppG,0.389739,0.679106,0.444187
558600,a6Hh/InvElLjju5Yd4OthKiBokJP1uIuhQ/cYeFuiDsE6ka/+QUjU7dHeWkLWppG,0.224458,0.666926,0.405445
558900,a6Hh/InvElLjju5Yd4OthKiBokJP1uIuhQ/cYeFuiDsE6ka/+QUjU7dHeWkLWppG,0.34016599999999997,0.654921,0.417677
559200,a6Hh/InvElLjju5Yd4OthKiBokJP1uIuhQ/cYeFuiDsE6ka/+QUjU7dHeWkLWppG,0.17782699999999999,0.649788,0.400862
559500,a6Hh/InvElLjju5Yd4OthKiBokJP1uIuhQ/cYeFuiDsE6ka/+QUjU7dHeWkLWppG,0.253909,0.536587,0.38939
559800,a6Hh/InvElLjju5Yd4OthKiBokJP1uIuhQ/cYeFuiDsE6ka/+QUjU7dHeWkLWppG,0.347673,0.634616,0.41837299999999994
560100,a6Hh/InvElLjju5Yd4OthKiBokJP1uIuhQ/cYeFuiDsE6ka/+QUjU7dHeWkLWppG,0.19825299999999998,0.657697,0.409572
560400,a6Hh/InvElLjju5Yd4OthKiBokJP1uIuhQ/cYeFuiDsE6ka/+QUjU7dHeWkLWppG,0.34957699999999997,0.685044,0.424307
560700,a6Hh/InvElLjju5Yd4OthKiBokJP1uIuhQ/cYeFuiDsE6ka/+QUjU7dHeWkLWppG,0.270271,0.695633,0.41035600000000005
561000,a6Hh/InvElLjju5Yd4OthKiBokJP1uIuhQ/cYeFuiDsE6ka/+QUjU7dHeWkLWppG,0.36308,0.654576,0.418573
561300,a6Hh/InvElLjju5Yd4OthKiBokJP1uIuhQ/cYeFuiDsE6ka/+QUjU7dHeWkLWppG,0.342186,0.666354,0.41922299999999996
561600,a6Hh/InvElLjju5Yd4OthKiBokJP1uIuhQ/cYeFuiDsE6ka/+QUjU7dHeWkLWppG,0.356552,0.667365,0.429364
561900,a6Hh/InvElLjju5Yd4OthKiBokJP1uIuhQ/cYeFuiDsE6ka/+QUjU7dHeWkLWppG,0.276806,0.656985,0.414463
562200,a6Hh/InvElLjju5Yd4OthKiBokJP1uIuhQ/cYeFuiDsE6ka/+QUjU7dHeWkLWppG,0.31062,0.465534,0.389067
562500,a6Hh/InvElLjju5Yd4OthKiBokJP1uIuhQ/cYeFuiDsE6ka/+QUjU7dHeWkLWppG,0.368225,0.697667,0.433645
562800,a6Hh/InvElLjju5Yd4OthKiBokJP1uIuhQ/cYeFuiDsE6ka/+QUjU7dHeWkLWppG,0.23768899999999998,0.6725260000000001,0.399046
563100,a6Hh/InvElLjju5Yd4OthKiBokJP1uIuhQ/cYeFuiDsE6ka/+QUjU7dHeWkLWppG,0.369363,0.689824,0.432154
563400,a6Hh/InvElLjju5Yd4OthKiBokJP1uIuhQ/cYeFuiDsE6ka/+QUjU7dHeWkLWppG,0.361694,0.656041,0.450233
563700,a6Hh/InvElLjju5Yd4OthKiBokJP1uIuhQ/cYeFuiDsE6ka/+QUjU7dHeWkLWppG,0.365786,0.6994600000000001,0.430928
564000,a6Hh/InvElLjju5Yd4OthKiBokJP1uIuhQ/cYeFuiDsE6ka/+QUjU7dHeWkLWppG,0.376121,0.7132569999999999,0.471725
564300,a6Hh/InvElLjju5Yd4OthKiBokJP1uIuhQ/cYeFuiDsE6ka/+QUjU7dHeWkLWppG,0.36783000000000005,0.7473380000000001,0.43809499999999996
564600,a6Hh/InvElLjju5Yd4OthKiBokJP1uIuhQ/cYeFuiDsE6ka/+QUjU7dHeWkLWppG,0.289095,0.716586,0.415513
564900,a6Hh/InvElLjju5Yd4OthKiBokJP1uIuhQ/cYeFuiDsE6ka/+QUjU7dHeWkLWppG,0.234646,0.447276,0.392268
565200,a6Hh/InvElLjju5Yd4OthKiBokJP1uIuhQ/cYeFuiDsE6ka/+QUjU7dHeWkLWppG,0.381037,0.663674,0.42550600000000005
565500,a6Hh/InvElLjju5Yd4OthKiBokJP1uIuhQ/cYeFuiDsE6ka/+QUjU7dHeWkLWppG,0.369339,0.676546,0.442749
565800,a6Hh/InvElLjju5Yd4OthKiBokJP1uIuhQ/cYeFuiDsE6ka/+QUjU7dHeWkLWppG,0.383033,0.666709,0.435121
566100,a6Hh/InvElLjju5Yd4OthKiBokJP1uIuhQ/cYeFuiDsE6ka/+QUjU7dHeWkLWppG,0.377185,0.761521,0.472736
566400,a6Hh/InvElLjju5Yd4OthKiBokJP1uIuhQ/cYeFuiDsE6ka/+QUjU7dHeWkLWppG,0.37122,0.651638,0.425158
566700,a6Hh/InvElLjju5Yd4OthKiBokJP1uIuhQ/cYeFuiDsE6ka/+QUjU7dHeWkLWppG,0.38046599999999997,0.923741,0.491717
567000,a6Hh/InvElLjju5Yd4OthKiBokJP1uIuhQ/cYeFuiDsE6ka/+QUjU7dHeWkLWppG,0.371672,0.687909,0.44354399999999994
567300,a6Hh/InvElLjju5Yd4OthKiBokJP1uIuhQ/cYeFuiDsE6ka/+QUjU7dHeWkLWppG,0.388644,0.71634,0.47481999999999996
567600,a6Hh/InvElLjju5Yd4OthKiBokJP1uIuhQ/cYeFuiDsE6ka/+QUjU7dHeWkLWppG,0.371861,0.766099,0.45123199999999997
567900,a6Hh/InvElLjju5Yd4OthKiBokJP1uIuhQ/cYeFuiDsE6ka/+QUjU7dHeWkLWppG,0.370792,0.675823,0.431621
568200,a6Hh/InvElLjju5Yd4OthKiBokJP1uIuhQ/cYeFuiDsE6ka/+QUjU7dHeWkLWppG,0.381098,1.050608,0.506904
568500,a6Hh/InvElLjju5Yd4OthKiBokJP1uIuhQ/cYeFuiDsE6ka/+QUjU7dHeWkLWppG,0.384119,3.6645160000000003,0.750031
568800,a6Hh/InvElLjju5Yd4OthKiBokJP1uIuhQ/cYeFuiDsE6ka/+QUjU7dHeWkLWppG,0.441358,0.9417200000000001,0.540404
569100,a6Hh/InvElLjju5Yd4OthKiBokJP1uIuhQ/cYeFuiDsE6ka/+QUjU7dHeWkLWppG,0.41034499999999996,0.734479,0.473966
569400,a6Hh/InvElLjju5Yd4OthKiBokJP1uIuhQ/cYeFuiDsE6ka/+QUjU7dHeWkLWppG,0.40870700000000004,1.575502,0.5842930000000001
569700,a6Hh/InvElLjju5Yd4OthKiBokJP1uIuhQ/cYeFuiDsE6ka/+QUjU7dHeWkLWppG,0.38836,0.7728619999999999,0.461221
570000,a6Hh/InvElLjju5Yd4OthKiBokJP1uIuhQ/cYeFuiDsE6ka/+QUjU7dHeWkLWppG,0.379936,0.980548,0.49827
570300,a6Hh/InvElLjju5Yd4OthKiBokJP1uIuhQ/cYeFuiDsE6ka/+QUjU7dHeWkLWppG,0.404533,1.267781,0.550905
570600,a6Hh/InvElLjju5Yd4OthKiBokJP1uIuhQ/cYeFuiDsE6ka/+QUjU7dHeWkLWppG,0.41816000000000003,0.669766,0.477184
570900,a6Hh/InvElLjju5Yd4OthKiBokJP1uIuhQ/cYeFuiDsE6ka/+QUjU7dHeWkLWppG,0.39363000000000004,0.9576,0.513314
571200,a6Hh/InvElLjju5Yd4OthKiBokJP1uIuhQ/cYeFuiDsE6ka/+QUjU7dHeWkLWppG,0.379389,0.729708,0.457192
571500,a6Hh/InvElLjju5Yd4OthKiBokJP1uIuhQ/cYeFuiDsE6ka/+QUjU7dHeWkLWppG,0.260552,0.775881,0.455301
571800,a6Hh/InvElLjju5Yd4OthKiBokJP1uIuhQ/cYeFuiDsE6ka/+QUjU7dHeWkLWppG,0.372235,0.768437,0.455128
572100,a6Hh/InvElLjju5Yd4OthKiBokJP1uIuhQ/cYeFuiDsE6ka/+QUjU7dHeWkLWppG,0.271875,0.744311,0.449263
572400,a6Hh/InvElLjju5Yd4OthKiBokJP1uIuhQ/cYeFuiDsE6ka/+QUjU7dHeWkLWppG,0.376813,0.737536,0.442463
572700,a6Hh/InvElLjju5Yd4OthKiBokJP1uIuhQ/cYeFuiDsE6ka/+QUjU7dHeWkLWppG,0.160133,0.7329859999999999,0.411567
573000,a6Hh/InvElLjju5Yd4OthKiBokJP1uIuhQ/cYeFuiDsE6ka/+QUjU7dHeWkLWppG,0.195573,0.435544,0.382299
573300,a6Hh/InvElLjju5Yd4OthKiBokJP1uIuhQ/cYeFuiDsE6ka/+QUjU7dHeWkLWppG,0.355068,0.7753260000000001,0.430465
573600,a6Hh/InvElLjju5Yd4OthKiBokJP1uIuhQ/cYeFuiDsE6ka/+QUjU7dHeWkLWppG,0.21718400000000002,0.669467,0.406393
573900,a6Hh/InvElLjju5Yd4OthKiBokJP1uIuhQ/cYeFuiDsE6ka/+QUjU7dHeWkLWppG,0.36428299999999997,0.627694,0.43274799999999997
574200,a6Hh/InvElLjju5Yd4OthKiBokJP1uIuhQ/cYeFuiDsE6ka/+QUjU7dHeWkLWppG,0.277893,0.6356310000000001,0.40820700000000004
574500,a6Hh/InvElLjju5Yd4OthKiBokJP1uIuhQ/cYeFuiDsE6ka/+QUjU7dHeWkLWppG,0.36194499999999996,0.638649,0.425037
574800,a6Hh/InvElLjju5Yd4OthKiBokJP1uIuhQ/cYeFuiDsE6ka/+QUjU7dHeWkLWppG,0.22453499999999998,0.6801229999999999,0.412736
575100,a6Hh/InvElLjju5Yd4OthKiBokJP1uIuhQ/cYeFuiDsE6ka/+QUjU7dHeWkLWppG,0.357298,0.6558,0.415628
575400,a6Hh/InvElLjju5Yd4OthKiBokJP1uIuhQ/cYeFuiDsE6ka/+QUjU7dHeWkLWppG,0.194403,0.6338550000000001,0.398575
575700,a6Hh/InvElLjju5Yd4OthKiBokJP1uIuhQ/cYeFuiDsE6ka/+QUjU7dHeWkLWppG,0.389204,0.8810690000000001,0.490072
576000,a6Hh/InvElLjju5Yd4OthKiBokJP1uIuhQ/cYeFuiDsE6ka/+QUjU7dHeWkLWppG,0.403099,0.685068,0.45811499999999994
576300,a6Hh/InvElLjju5Yd4OthKiBokJP1uIuhQ/cYeFuiDsE6ka/+QUjU7dHeWkLWppG,0.307863,0.7048,0.44832700000000003
576600,a6Hh/InvElLjju5Yd4OthKiBokJP1uIuhQ/cYeFuiDsE6ka/+QUjU7dHeWkLWppG,0.364033,0.8325450000000001,0.44672799999999996
576900,a6Hh/InvElLjju5Yd4OthKiBokJP1uIuhQ/cYeFuiDsE6ka/+QUjU7dHeWkLWppG,0.22121799999999997,0.65656,0.406654
577200,a6Hh/InvElLjju5Yd4OthKiBokJP1uIuhQ/cYeFuiDsE6ka/+QUjU7dHeWkLWppG,0.385304,0.653895,0.437526
577500,a6Hh/InvElLjju5Yd4OthKiBokJP1uIuhQ/cYeFuiDsE6ka/+QUjU7dHeWkLWppG,0.37327,0.703232,0.447196
577800,a6Hh/InvElLjju5Yd4OthKiBokJP1uIuhQ/cYeFuiDsE6ka/+QUjU7dHeWkLWppG,0.37311,0.662702,0.429428
578100,a6Hh/InvElLjju5Yd4OthKiBokJP1uIuhQ/cYeFuiDsE6ka/+QUjU7dHeWkLWppG,0.25004499999999996,0.64678,0.430619
578400,a6Hh/InvElLjju5Yd4OthKiBokJP1uIuhQ/cYeFuiDsE6ka/+QUjU7dHeWkLWppG,0.23792399999999997,0.447949,0.390522
578700,a6Hh/InvElLjju5Yd4OthKiBokJP1uIuhQ/cYeFuiDsE6ka/+QUjU7dHeWkLWppG,0.381444,0.703544,0.431173
579000,a6Hh/InvElLjju5Yd4OthKiBokJP1uIuhQ/cYeFuiDsE6ka/+QUjU7dHeWkLWppG,0.313127,0.6699649999999999,0.42541599999999996
579300,a6Hh/InvElLjju5Yd4OthKiBokJP1uIuhQ/cYeFuiDsE6ka/+QUjU7dHeWkLWppG,0.40660599999999997,0.6800390000000001,0.46537799999999996
579600,a6Hh/InvElLjju5Yd4OthKiBokJP1uIuhQ/cYeFuiDsE6ka/+QUjU7dHeWkLWppG,0.28625300000000004,0.646211,0.42965
579900,a6Hh/InvElLjju5Yd4OthKiBokJP1uIuhQ/cYeFuiDsE6ka/+QUjU7dHeWkLWppG,0.357613,0.756526,0.436313
580200,a6Hh/InvElLjju5Yd4OthKiBokJP1uIuhQ/cYeFuiDsE6ka/+QUjU7dHeWkLWppG,0.20939000000000002,0.675445,0.419362
580500,a6Hh/InvElLjju5Yd4OthKiBokJP1uIuhQ/cYeFuiDsE6ka/+QUjU7dHeWkLWppG,0.374172,0.683584,0.43309899999999996
580800,a6Hh/InvElLjju5Yd4OthKiBokJP1uIuhQ/cYeFuiDsE6ka/+QUjU7dHeWkLWppG,0.234686,0.716683,0.418026
581100,a6Hh/InvElLjju5Yd4OthKiBokJP1uIuhQ/cYeFuiDsE6ka/+QUjU7dHeWkLWppG,0.289163,0.429109,0.394409
581400,a6Hh/InvElLjju5Yd4OthKiBokJP1uIuhQ/cYeFuiDsE6ka/+QUjU7dHeWkLWppG,0.378472,0.8008350000000001,0.441223
581700,a6Hh/InvElLjju5Yd4OthKiBokJP1uIuhQ/cYeFuiDsE6ka/+QUjU7dHeWkLWppG,0.35925999999999997,0.779652,0.46311599999999997
582000,a6Hh/InvElLjju5Yd4OthKiBokJP1uIuhQ/cYeFuiDsE6ka/+QUjU7dHeWkLWppG,0.36725399999999997,0.708345,0.42349
582300,a6Hh/InvElLjju5Yd4OthKiBokJP1uIuhQ/cYeFuiDsE6ka/+QUjU7dHeWkLWppG,0.312608,0.649172,0.41250299999999995
582600,a6Hh/InvElLjju5Yd4OthKiBokJP1uIuhQ/cYeFuiDsE6ka/+QUjU7dHeWkLWppG,0.380753,0.6665,0.42616099999999996
582900,a6Hh/InvElLjju5Yd4OthKiBokJP1uIuhQ/cYeFuiDsE6ka/+QUjU7dHeWkLWppG,0.271434,0.7305560000000001,0.43425600000000003
583200,a6Hh/InvElLjju5Yd4OthKiBokJP1uIuhQ/cYeFuiDsE6ka/+QUjU7dHeWkLWppG,0.370753,0.682174,0.429339
583500,a6Hh/InvElLjju5Yd4OthKiBokJP1uIuhQ/cYeFuiDsE6ka/+QUjU7dHeWkLWppG,0.217398,0.7246100000000001,0.429199
583800,a6Hh/InvElLjju5Yd4OthKiBokJP1uIuhQ/cYeFuiDsE6ka/+QUjU7dHeWkLWppG,0.211549,0.467441,0.388265
584100,a6Hh/InvElLjju5Yd4OthKiBokJP1uIuhQ/cYeFuiDsE6ka/+QUjU7dHeWkLWppG,0.374,0.6963600000000001,0.433775
584400,a6Hh/InvElLjju5Yd4OthKiBokJP1uIuhQ/cYeFuiDsE6ka/+QUjU7dHeWkLWppG,0.41380500000000003,3.601328,0.800623
584700,a6Hh/InvElLjju5Yd4OthKiBokJP1uIuhQ/cYeFuiDsE6ka/+QUjU7dHeWkLWppG,0.43024700000000005,0.698891,0.490638
585000,a6Hh/InvElLjju5Yd4OthKiBokJP1uIuhQ/cYeFuiDsE6ka/+QUjU7dHeWkLWppG,0.408047,0.705254,0.474209
585300,a6Hh/InvElLjju5Yd4OthKiBokJP1uIuhQ/cYeFuiDsE6ka/+QUjU7dHeWkLWppG,0.39671999999999996,0.683565,0.4535
585600,a6Hh/InvElLjju5Yd4OthKiBokJP1uIuhQ/cYeFuiDsE6ka/+QUjU7dHeWkLWppG,0.292718,0.725204,0.443233
585900,a6Hh/InvElLjju5Yd4OthKiBokJP1uIuhQ/cYeFuiDsE6ka/+QUjU7dHeWkLWppG,0.381006,0.7098869999999999,0.45675200000000005
586200,a6Hh/InvElLjju5Yd4OthKiBokJP1uIuhQ/cYeFuiDsE6ka/+QUjU7dHeWkLWppG,0.384275,0.7288819999999999,0.46148199999999995
586500,a6Hh/InvElLjju5Yd4OthKiBokJP1uIuhQ/cYeFuiDsE6ka/+QUjU7dHeWkLWppG,0.39669,0.650091,0.45056199999999996
586800,a6Hh/InvElLjju5Yd4OthKiBokJP1uIuhQ/cYeFuiDsE6ka/+QUjU7dHeWkLWppG,0.253893,0.632482,0.429129
587100,a6Hh/InvElLjju5Yd4OthKiBokJP1uIuhQ/cYeFuiDsE6ka/+QUjU7dHeWkLWppG,0.36909899999999995,0.72372,0.44897200000000004
587400,a6Hh/InvElLjju5Yd4OthKiBokJP1uIuhQ/cYeFuiDsE6ka/+QUjU7dHeWkLWppG,0.363083,0.709146,0.43550900000000003
587700,a6Hh/InvElLjju5Yd4OthKiBokJP1uIuhQ/cYeFuiDsE6ka/+QUjU7dHeWkLWppG,0.380073,0.69718,0.43617799999999995
588000,a6Hh/InvElLjju5Yd4OthKiBokJP1uIuhQ/cYeFuiDsE6ka/+QUjU7dHeWkLWppG,0.368262,0.639257,0.433463
588300,a6Hh/InvElLjju5Yd4OthKiBokJP1uIuhQ/cYeFuiDsE6ka/+QUjU7dHeWkLWppG,0.313083,0.648567,0.416286
588600,a6Hh/InvElLjju5Yd4OthKiBokJP1uIuhQ/cYeFuiDsE6ka/+QUjU7dHeWkLWppG,0.36554899999999996,0.669824,0.434438
588900,a6Hh/InvElLjju5Yd4OthKiBokJP1uIuhQ/cYeFuiDsE6ka/+QUjU7dHeWkLWppG,0.349377,0.684649,0.425397
589200,a6Hh/InvElLjju5Yd4OthKiBokJP1uIuhQ/cYeFuiDsE6ka/+QUjU7dHeWkLWppG,0.36286199999999996,0.719128,0.423425
589500,a6Hh/InvElLjju5Yd4OthKiBokJP1uIuhQ/cYeFuiDsE6ka/+QUjU7dHeWkLWppG,0.351664,0.756128,0.432522
589800,a6Hh/InvElLjju5Yd4OthKiBokJP1uIuhQ/cYeFuiDsE6ka/+QUjU7dHeWkLWppG,0.332275,0.725859,0.42465299999999995
590100,a6Hh/InvElLjju5Yd4OthKiBokJP1uIuhQ/cYeFuiDsE6ka/+QUjU7dHeWkLWppG,0.353761,0.681678,0.41061099999999995
590400,a6Hh/InvElLjju5Yd4OthKiBokJP1uIuhQ/cYeFuiDsE6ka/+QUjU7dHeWkLWppG,0.353891,0.644604,0.413595
590700,a6Hh/InvElLjju5Yd4OthKiBokJP1uIuhQ/cYeFuiDsE6ka/+QUjU7dHeWkLWppG,0.377598,0.620849,0.42178999999999994
591000,a6Hh/InvElLjju5Yd4OthKiBokJP1uIuhQ/cYeFuiDsE6ka/+QUjU7dHeWkLWppG,0.20709899999999998,0.655177,0.391703
591300,a6Hh/InvElLjju5Yd4OthKiBokJP1uIuhQ/cYeFuiDsE6ka/+QUjU7dHeWkLWppG,0.362519,0.644646,0.419533
591600,a6Hh/InvElLjju5Yd4OthKiBokJP1uIuhQ/cYeFuiDsE6ka/+QUjU7dHeWkLWppG,0.2866,0.661343,0.41310399999999997
591900,a6Hh/InvElLjju5Yd4OthKiBokJP1uIuhQ/cYeFuiDsE6ka/+QUjU7dHeWkLWppG,0.375213,0.724629,0.43318199999999996
592200,a6Hh/InvElLjju5Yd4OthKiBokJP1uIuhQ/cYeFuiDsE6ka/+QUjU7dHeWkLWppG,0.379313,0.637419,0.433918
592500,a6Hh/InvElLjju5Yd4OthKiBokJP1uIuhQ/cYeFuiDsE6ka/+QUjU7dHeWkLWppG,0.233023,0.6838029999999999,0.417283
592800,a6Hh/InvElLjju5Yd4OthKiBokJP1uIuhQ/cYeFuiDsE6ka/+QUjU7dHeWkLWppG,0.376973,0.664003,0.42416899999999996
593100,a6Hh/InvElLjju5Yd4OthKiBokJP1uIuhQ/cYeFuiDsE6ka/+QUjU7dHeWkLWppG,0.249904,0.629175,0.411315
593400,a6Hh/InvElLjju5Yd4OthKiBokJP1uIuhQ/cYeFuiDsE6ka/+QUjU7dHeWkLWppG,0.38509299999999996,0.657313,0.43153199999999997
593700,a6Hh/InvElLjju5Yd4OthKiBokJP1uIuhQ/cYeFuiDsE6ka/+QUjU7dHeWkLWppG,0.224573,0.667953,0.406584
594000,a6Hh/InvElLjju5Yd4OthKiBokJP1uIuhQ/cYeFuiDsE6ka/+QUjU7dHeWkLWppG,0.358261,0.679185,0.431098
594300,a6Hh/InvElLjju5Yd4OthKiBokJP1uIuhQ/cYeFuiDsE6ka/+QUjU7dHeWkLWppG,0.17810399999999998,0.649402,0.406011
594600,a6Hh/InvElLjju5Yd4OthKiBokJP1uIuhQ/cYeFuiDsE6ka/+QUjU7dHeWkLWppG,0.37506,0.6294029999999999,0.422455
594900,a6Hh/InvElLjju5Yd4OthKiBokJP1uIuhQ/cYeFuiDsE6ka/+QUjU7dHeWkLWppG,0.195412,0.706397,0.408637
595200,a6Hh/InvElLjju5Yd4OthKiBokJP1uIuhQ/cYeFuiDsE6ka/+QUjU7dHeWkLWppG,0.37380599999999997,0.8293290000000001,0.47353
595500,a6Hh/InvElLjju5Yd4OthKiBokJP1uIuhQ/cYeFuiDsE6ka/+QUjU7dHeWkLWppG,0.381542,0.692567,0.43763900000000006
595800,a6Hh/InvElLjju5Yd4OthKiBokJP1uIuhQ/cYeFuiDsE6ka/+QUjU7dHeWkLWppG,0.372823,0.934635,0.469821
596100,a6Hh/InvElLjju5Yd4OthKiBokJP1uIuhQ/cYeFuiDsE6ka/+QUjU7dHeWkLWppG,0.364284,0.6434770000000001,0.426705
596400,a6Hh/InvElLjju5Yd4OthKiBokJP1uIuhQ/cYeFuiDsE6ka/+QUjU7dHeWkLWppG,0.36838200000000004,0.7955770000000001,0.46744300000000005
596700,a6Hh/InvElLjju5Yd4OthKiBokJP1uIuhQ/cYeFuiDsE6ka/+QUjU7dHeWkLWppG,0.366274,0.662949,0.428938
597000,a6Hh/InvElLjju5Yd4OthKiBokJP1uIuhQ/cYeFuiDsE6ka/+QUjU7dHeWkLWppG,0.3759,0.8719290000000001,0.48503900000000005
597300,a6Hh/InvElLjju5Yd4OthKiBokJP1uIuhQ/cYeFuiDsE6ka/+QUjU7dHeWkLWppG,0.375975,0.689805,0.434461
597600,a6Hh/InvElLjju5Yd4OthKiBokJP1uIuhQ/cYeFuiDsE6ka/+QUjU7dHeWkLWppG,0.356932,0.808269,0.46873100000000006
597900,a6Hh/InvElLjju5Yd4OthKiBokJP1uIuhQ/cYeFuiDsE6ka/+QUjU7dHeWkLWppG,0.37438,1.010994,0.49965299999999996
598200,a6Hh/InvElLjju5Yd4OthKiBokJP1uIuhQ/cYeFuiDsE6ka/+QUjU7dHeWkLWppG,0.371765,0.710852,0.41976499999999994
598500,a6Hh/InvElLjju5Yd4OthKiBokJP1uIuhQ/cYeFuiDsE6ka/+QUjU7dHeWkLWppG,0.36894299999999997,0.849241,0.48118900000000003
598800,a6Hh/InvElLjju5Yd4OthKiBokJP1uIuhQ/cYeFuiDsE6ka/+QUjU7dHeWkLWppG,0.362512,0.650492,0.42656499999999997
599100,a6Hh/InvElLjju5Yd4OthKiBokJP1uIuhQ/cYeFuiDsE6ka/+QUjU7dHeWkLWppG,0.3658,0.866051,0.468592
599400,a6Hh/InvElLjju5Yd4OthKiBokJP1uIuhQ/cYeFuiDsE6ka/+QUjU7dHeWkLWppG,0.365057,0.631834,0.436259
599700,a6Hh/InvElLjju5Yd4OthKiBokJP1uIuhQ/cYeFuiDsE6ka/+QUjU7dHeWkLWppG,0.351697,1.270234,0.5134340000000001
600000,a6Hh/InvElLjju5Yd4OthKiBokJP1uIuhQ/cYeFuiDsE6ka/+QUjU7dHeWkLWppG,0.374328,0.657738,0.421354
600300,a6Hh/InvElLjju5Yd4OthKiBokJP1uIuhQ/cYeFuiDsE6ka/+QUjU7dHeWkLWppG,0.336054,0.685938,0.41948100000000005
600600,a6Hh/InvElLjju5Yd4OthKiBokJP1uIuhQ/cYeFuiDsE6ka/+QUjU7dHeWkLWppG,0.371458,0.691756,0.433594
600900,a6Hh/InvElLjju5Yd4OthKiBokJP1uIuhQ/cYeFuiDsE6ka/+QUjU7dHeWkLWppG,0.37750700000000004,0.638997,0.42553100000000005
601200,a6Hh/InvElLjju5Yd4OthKiBokJP1uIuhQ/cYeFuiDsE6ka/+QUjU7dHeWkLWppG,0.34794200000000003,0.6760109999999999,0.422617
601500,a6Hh/InvElLjju5Yd4OthKiBokJP1uIuhQ/cYeFuiDsE6ka/+QUjU7dHeWkLWppG,0.37546799999999997,0.757031,0.438403
601800,a6Hh/InvElLjju5Yd4OthKiBokJP1uIuhQ/cYeFuiDsE6ka/+QUjU7dHeWkLWppG,0.319513,0.682806,0.42183000000000004
602100,a6Hh/InvElLjju5Yd4OthKiBokJP1uIuhQ/cYeFuiDsE6ka/+QUjU7dHeWkLWppG,0.370866,0.68455,0.428256
602400,a6Hh/InvElLjju5Yd4OthKiBokJP1uIuhQ/cYeFuiDsE6ka/+QUjU7dHeWkLWppG,0.374868,0.6602520000000001,0.424649
602700,a6Hh/InvElLjju5Yd4OthKiBokJP1uIuhQ/cYeFuiDsE6ka/+QUjU7dHeWkLWppG,0.36116,3.345286,0.733721
603000,a6Hh/InvElLjju5Yd4OthKiBokJP1uIuhQ/cYeFuiDsE6ka/+QUjU7dHeWkLWppG,0.36996599999999996,0.86355,0.489716
603300,a6Hh/InvElLjju5Yd4OthKiBokJP1uIuhQ/cYeFuiDsE6ka/+QUjU7dHeWkLWppG,0.39903299999999997,0.724945,0.45280600000000004
603600,a6Hh/InvElLjju5Yd4OthKiBokJP1uIuhQ/cYeFuiDsE6ka/+QUjU7dHeWkLWppG,0.396326,0.702104,0.45063500000000006
603900,a6Hh/InvElLjju5Yd4OthKiBokJP1uIuhQ/cYeFuiDsE6ka/+QUjU7dHeWkLWppG,0.377927,1.016869,0.46628100000000006
604200,a6Hh/InvElLjju5Yd4OthKiBokJP1uIuhQ/cYeFuiDsE6ka/+QUjU7dHeWkLWppG,0.362998,0.7713439999999999,0.440741
604500,a6Hh/InvElLjju5Yd4OthKiBokJP1uIuhQ/cYeFuiDsE6ka/+QUjU7dHeWkLWppG,0.385907,0.696655,0.445854
604800,a6Hh/InvElLjju5Yd4OthKiBokJP1uIuhQ/cYeFuiDsE6ka/+QUjU7dHeWkLWppG,0.36351999999999995,0.6811550000000001,0.44877799999999995
605100,a6Hh/InvElLjju5Yd4OthKiBokJP1uIuhQ/cYeFuiDsE6ka/+QUjU7dHeWkLWppG,0.38652,0.6944819999999999,0.46338500000000005
605400,a6Hh/InvElLjju5Yd4OthKiBokJP1uIuhQ/cYeFuiDsE6ka/+QUjU7dHeWkLWppG,0.37345500000000004,0.673239,0.432018
605700,a6Hh/InvElLjju5Yd4OthKiBokJP1uIuhQ/cYeFuiDsE6ka/+QUjU7dHeWkLWppG,0.368644,1.140048,0.522954
606000,a6Hh/InvElLjju5Yd4OthKiBokJP1uIuhQ/cYeFuiDsE6ka/+QUjU7dHeWkLWppG,0.36225,0.717435,0.449334
606300,a6Hh/InvElLjju5Yd4OthKiBokJP1uIuhQ/cYeFuiDsE6ka/+QUjU7dHeWkLWppG,0.36228299999999997,0.702994,0.43151300000000004
606600,a6Hh/InvElLjju5Yd4OthKiBokJP1uIuhQ/cYeFuiDsE6ka/+QUjU7dHeWkLWppG,0.228744,0.7184,0.417013
606900,a6Hh/InvElLjju5Yd4OthKiBokJP1uIuhQ/cYeFuiDsE6ka/+QUjU7dHeWkLWppG,0.361811,0.7905369999999999,0.427092
607200,a6Hh/InvElLjju5Yd4OthKiBokJP1uIuhQ/cYeFuiDsE6ka/+QUjU7dHeWkLWppG,0.20519099999999998,0.7024859999999999,0.40607
607500,a6Hh/InvElLjju5Yd4OthKiBokJP1uIuhQ/cYeFuiDsE6ka/+QUjU7dHeWkLWppG,0.370331,0.668339,0.426439
607800,a6Hh/InvElLjju5Yd4OthKiBokJP1uIuhQ/cYeFuiDsE6ka/+QUjU7dHeWkLWppG,0.216042,0.628992,0.400875
608100,a6Hh/InvElLjju5Yd4OthKiBokJP1uIuhQ/cYeFuiDsE6ka/+QUjU7dHeWkLWppG,0.37194499999999997,0.652429,0.42043400000000003
608400,a6Hh/InvElLjju5Yd4OthKiBokJP1uIuhQ/cYeFuiDsE6ka/+QUjU7dHeWkLWppG,0.229413,0.624602,0.400007
608700,a6Hh/InvElLjju5Yd4OthKiBokJP1uIuhQ/cYeFuiDsE6ka/+QUjU7dHeWkLWppG,0.36723,0.697275,0.445247
609000,a6Hh/InvElLjju5Yd4OthKiBokJP1uIuhQ/cYeFuiDsE6ka/+QUjU7dHeWkLWppG,0.350136,0.660051,0.41992799999999997
609300,a6Hh/InvElLjju5Yd4OthKiBokJP1uIuhQ/cYeFuiDsE6ka/+QUjU7dHeWkLWppG,0.228273,0.695952,0.408198
609600,a6Hh/InvElLjju5Yd4OthKiBokJP1uIuhQ/cYeFuiDsE6ka/+QUjU7dHeWkLWppG,0.358797,0.61978,0.425162
609900,a6Hh/InvElLjju5Yd4OthKiBokJP1uIuhQ/cYeFuiDsE6ka/+QUjU7dHeWkLWppG,0.315994,0.6684760000000001,0.42237600000000003
610200,a6Hh/InvElLjju5Yd4OthKiBokJP1uIuhQ/cYeFuiDsE6ka/+QUjU7dHeWkLWppG,0.386444,0.642461,0.43402399999999997
610500,a6Hh/InvElLjju5Yd4OthKiBokJP1uIuhQ/cYeFuiDsE6ka/+QUjU7dHeWkLWppG,0.321735,0.656172,0.423788
610800,a6Hh/InvElLjju5Yd4OthKiBokJP1uIuhQ/cYeFuiDsE6ka/+QUjU7dHeWkLWppG,0.378472,0.6355810000000001,0.430437
611100,a6Hh/InvElLjju5Yd4OthKiBokJP1uIuhQ/cYeFuiDsE6ka/+QUjU7dHeWkLWppG,0.27365700000000004,0.6806479999999999,0.41416899999999995
611400,a6Hh/InvElLjju5Yd4OthKiBokJP1uIuhQ/cYeFuiDsE6ka/+QUjU7dHeWkLWppG,0.271671,0.691231,0.41007200000000005
611700,a6Hh/InvElLjju5Yd4OthKiBokJP1uIuhQ/cYeFuiDsE6ka/+QUjU7dHeWkLWppG,0.377177,0.658899,0.42673
612000,a6Hh/InvElLjju5Yd4OthKiBokJP1uIuhQ/cYeFuiDsE6ka/+QUjU7dHeWkLWppG,0.262583,0.712692,0.41697700000000004
612300,a6Hh/InvElLjju5Yd4OthKiBokJP1uIuhQ/cYeFuiDsE6ka/+QUjU7dHeWkLWppG,0.364989,0.66132,0.420187
612600,a6Hh/InvElLjju5Yd4OthKiBokJP1uIuhQ/cYeFuiDsE6ka/+QUjU7dHeWkLWppG,0.25354,0.640021,0.41568599999999994
612900,a6Hh/InvElLjju5Yd4OthKiBokJP1uIuhQ/cYeFuiDsE6ka/+QUjU7dHeWkLWppG,0.379326,0.694315,0.435143
613200,a6Hh/InvElLjju5Yd4OthKiBokJP1uIuhQ/cYeFuiDsE6ka/+QUjU7dHeWkLWppG,0.25905500000000004,0.732328,0.42550699999999997
613500,a6Hh/InvElLjju5Yd4OthKiBokJP1uIuhQ/cYeFuiDsE6ka/+QUjU7dHeWkLWppG,0.365104,0.655423,0.428554
613800,a6Hh/InvElLjju5Yd4OthKiBokJP1uIuhQ/cYeFuiDsE6ka/+QUjU7dHeWkLWppG,0.26106,0.685519,0.429282
614100,a6Hh/InvElLjju5Yd4OthKiBokJP1uIuhQ/cYeFuiDsE6ka/+QUjU7dHeWkLWppG,0.20633200000000002,0.770068,0.419241
614400,a6Hh/InvElLjju5Yd4OthKiBokJP1uIuhQ/cYeFuiDsE6ka/+QUjU7dHeWkLWppG,0.37807199999999996,0.68383,0.437443
614700,a6Hh/InvElLjju5Yd4OthKiBokJP1uIuhQ/cYeFuiDsE6ka/+QUjU7dHeWkLWppG,0.184871,0.67755,0.41809700000000005
615000,a6Hh/InvElLjju5Yd4OthKiBokJP1uIuhQ/cYeFuiDsE6ka/+QUjU7dHeWkLWppG,0.39664099999999997,0.739847,0.446562
615300,a6Hh/InvElLjju5Yd4OthKiBokJP1uIuhQ/cYeFuiDsE6ka/+QUjU7dHeWkLWppG,0.215858,0.714907,0.40618200000000004
615600,a6Hh/InvElLjju5Yd4OthKiBokJP1uIuhQ/cYeFuiDsE6ka/+QUjU7dHeWkLWppG,0.391033,0.718838,0.43566000000000005
615900,a6Hh/InvElLjju5Yd4OthKiBokJP1uIuhQ/cYeFuiDsE6ka/+QUjU7dHeWkLWppG,0.388203,0.6986359999999999,0.45960100000000004
616200,a6Hh/InvElLjju5Yd4OthKiBokJP1uIuhQ/cYeFuiDsE6ka/+QUjU7dHeWkLWppG,0.392364,0.679883,0.43876400000000004
616500,a6Hh/InvElLjju5Yd4OthKiBokJP1uIuhQ/cYeFuiDsE6ka/+QUjU7dHeWkLWppG,0.37643899999999997,1.459751,0.544275
616800,a6Hh/InvElLjju5Yd4OthKiBokJP1uIuhQ/cYeFuiDsE6ka/+QUjU7dHeWkLWppG,0.38285,0.711252,0.4374
617100,a6Hh/InvElLjju5Yd4OthKiBokJP1uIuhQ/cYeFuiDsE6ka/+QUjU7dHeWkLWppG,0.386798,0.673928,0.45202600000000004
617400,a6Hh/InvElLjju5Yd4OthKiBokJP1uIuhQ/cYeFuiDsE6ka/+QUjU7dHeWkLWppG,0.385739,0.674077,0.47095699999999996
617700,a6Hh/InvElLjju5Yd4OthKiBokJP1uIuhQ/cYeFuiDsE6ka/+QUjU7dHeWkLWppG,0.360594,0.6664479999999999,0.416921
618000,a6Hh/InvElLjju5Yd4OthKiBokJP1uIuhQ/cYeFuiDsE6ka/+QUjU7dHeWkLWppG,0.381233,1.338698,0.518405
618300,a6Hh/InvElLjju5Yd4OthKiBokJP1uIuhQ/cYeFuiDsE6ka/+QUjU7dHeWkLWppG,0.37941199999999997,0.651814,0.432983
618600,a6Hh/InvElLjju5Yd4OthKiBokJP1uIuhQ/cYeFuiDsE6ka/+QUjU7dHeWkLWppG,0.366704,0.71008,0.450431
618900,a6Hh/InvElLjju5Yd4OthKiBokJP1uIuhQ/cYeFuiDsE6ka/+QUjU7dHeWkLWppG,0.36793000000000003,0.64667,0.42777600000000005
619200,a6Hh/InvElLjju5Yd4OthKiBokJP1uIuhQ/cYeFuiDsE6ka/+QUjU7dHeWkLWppG,0.382657,0.748306,0.46947
619500,a6Hh/InvElLjju5Yd4OthKiBokJP1uIuhQ/cYeFuiDsE6ka/+QUjU7dHeWkLWppG,0.364799,0.867927,0.43855500000000003
619800,a6Hh/InvElLjju5Yd4OthKiBokJP1uIuhQ/cYeFuiDsE6ka/+QUjU7dHeWkLWppG,0.373267,0.641881,0.419466
620100,a6Hh/InvElLjju5Yd4OthKiBokJP1uIuhQ/cYeFuiDsE6ka/+QUjU7dHeWkLWppG,0.347445,0.815297,0.463762
620400,a6Hh/InvElLjju5Yd4OthKiBokJP1uIuhQ/cYeFuiDsE6ka/+QUjU7dHeWkLWppG,0.365077,0.648384,0.424889
620700,a6Hh/InvElLjju5Yd4OthKiBokJP1uIuhQ/cYeFuiDsE6ka/+QUjU7dHeWkLWppG,0.320352,0.661057,0.43548100000000006
621000,a6Hh/InvElLjju5Yd4OthKiBokJP1uIuhQ/cYeFuiDsE6ka/+QUjU7dHeWkLWppG,0.36233200000000004,0.666063,0.427016
621300,a6Hh/InvElLjju5Yd4OthKiBokJP1uIuhQ/cYeFuiDsE6ka/+QUjU7dHeWkLWppG,0.297683,0.646412,0.420811
621600,a6Hh/InvElLjju5Yd4OthKiBokJP1uIuhQ/cYeFuiDsE6ka/+QUjU7dHeWkLWppG,0.367168,0.6532220000000001,0.431329
621900,a6Hh/InvElLjju5Yd4OthKiBokJP1uIuhQ/cYeFuiDsE6ka/+QUjU7dHeWkLWppG,0.291718,0.678797,0.42836
622200,a6Hh/InvElLjju5Yd4OthKiBokJP1uIuhQ/cYeFuiDsE6ka/+QUjU7dHeWkLWppG,0.372646,0.434882,0.39679000000000003
622500,a6Hh/InvElLjju5Yd4OthKiBokJP1uIuhQ/cYeFuiDsE6ka/+QUjU7dHeWkLWppG,0.373791,0.6378590000000001,0.42715699999999995
622800,a6Hh/InvElLjju5Yd4OthKiBokJP1uIuhQ/cYeFuiDsE6ka/+QUjU7dHeWkLWppG,0.277887,0.668585,0.42314799999999997
623100,a6Hh/InvElLjju5Yd4OthKiBokJP1uIuhQ/cYeFuiDsE6ka/+QUjU7dHeWkLWppG,0.360335,0.68723,0.44985699999999995
623400,a6Hh/InvElLjju5Yd4OthKiBokJP1uIuhQ/cYeFuiDsE6ka/+QUjU7dHeWkLWppG,0.300241,0.720688,0.41665399999999997
623700,a6Hh/InvElLjju5Yd4OthKiBokJP1uIuhQ/cYeFuiDsE6ka/+QUjU7dHeWkLWppG,0.381298,0.772288,0.441762
624000,a6Hh/InvElLjju5Yd4OthKiBokJP1uIuhQ/cYeFuiDsE6ka/+QUjU7dHeWkLWppG,0.32960500000000004,0.713878,0.420116
624300,a6Hh/InvElLjju5Yd4OthKiBokJP1uIuhQ/cYeFuiDsE6ka/+QUjU7dHeWkLWppG,0.375715,0.637483,0.417529
624600,a6Hh/InvElLjju5Yd4OthKiBokJP1uIuhQ/cYeFuiDsE6ka/+QUjU7dHeWkLWppG,0.287217,0.7064819999999999,0.42139899999999997
624900,a6Hh/InvElLjju5Yd4OthKiBokJP1uIuhQ/cYeFuiDsE6ka/+QUjU7dHeWkLWppG,0.349287,0.475897,0.395326
625200,a6Hh/InvElLjju5Yd4OthKiBokJP1uIuhQ/cYeFuiDsE6ka/+QUjU7dHeWkLWppG,0.363518,0.720362,0.43978199999999995
625500,a6Hh/InvElLjju5Yd4OthKiBokJP1uIuhQ/cYeFuiDsE6ka/+QUjU7dHeWkLWppG,0.32211300000000004,0.628636,0.422551
625800,a6Hh/InvElLjju5Yd4OthKiBokJP1uIuhQ/cYeFuiDsE6ka/+QUjU7dHeWkLWppG,0.379994,0.685102,0.43486499999999995
626100,a6Hh/InvElLjju5Yd4OthKiBokJP1uIuhQ/cYeFuiDsE6ka/+QUjU7dHeWkLWppG,0.336392,0.680507,0.435249
626400,a6Hh/InvElLjju5Yd4OthKiBokJP1uIuhQ/cYeFuiDsE6ka/+QUjU7dHeWkLWppG,0.37038499999999996,0.697076,0.437954
626700,a6Hh/InvElLjju5Yd4OthKiBokJP1uIuhQ/cYeFuiDsE6ka/+QUjU7dHeWkLWppG,0.37296,0.677125,0.431505
627000,a6Hh/InvElLjju5Yd4OthKiBokJP1uIuhQ/cYeFuiDsE6ka/+QUjU7dHeWkLWppG,0.384205,0.707548,0.44441499999999995
627300,a6Hh/InvElLjju5Yd4OthKiBokJP1uIuhQ/cYeFuiDsE6ka/+QUjU7dHeWkLWppG,0.28065100000000004,0.735866,0.430271
627600,a6Hh/InvElLjju5Yd4OthKiBokJP1uIuhQ/cYeFuiDsE6ka/+QUjU7dHeWkLWppG,0.282371,0.49366400000000005,0.40025900000000003
627900,a6Hh/InvElLjju5Yd4OthKiBokJP1uIuhQ/cYeFuiDsE6ka/+QUjU7dHeWkLWppG,0.379178,0.651197,0.441171
628200,a6Hh/InvElLjju5Yd4OthKiBokJP1uIuhQ/cYeFuiDsE6ka/+QUjU7dHeWkLWppG,0.222059,0.7116399999999999,0.435621
628500,a6Hh/InvElLjju5Yd4OthKiBokJP1uIuhQ/cYeFuiDsE6ka/+QUjU7dHeWkLWppG,0.373481,0.783968,0.454726
628800,a6Hh/InvElLjju5Yd4OthKiBokJP1uIuhQ/cYeFuiDsE6ka/+QUjU7dHeWkLWppG,0.375908,0.785496,0.45870900000000003
629100,a6Hh/InvElLjju5Yd4OthKiBokJP1uIuhQ/cYeFuiDsE6ka/+QUjU7dHeWkLWppG,0.372075,0.669158,0.446718
629400,a6Hh/InvElLjju5Yd4OthKiBokJP1uIuhQ/cYeFuiDsE6ka/+QUjU7dHeWkLWppG,0.14765999999999999,0.676355,0.417099
629700,a6Hh/InvElLjju5Yd4OthKiBokJP1uIuhQ/cYeFuiDsE6ka/+QUjU7dHeWkLWppG,0.37406300000000003,0.6647390000000001,0.444683
630000,a6Hh/InvElLjju5Yd4OthKiBokJP1uIuhQ/cYeFuiDsE6ka/+QUjU7dHeWkLWppG,0.22163200000000002,0.697325,0.430267
630300,a6Hh/InvElLjju5Yd4OthKiBokJP1uIuhQ/cYeFuiDsE6ka/+QUjU7dHeWkLWppG,0.192993,0.46953199999999995,0.396984
630600,a6Hh/InvElLjju5Yd4OthKiBokJP1uIuhQ/cYeFuiDsE6ka/+QUjU7dHeWkLWppG,0.401444,0.7097600000000001,0.445021
630900,a6Hh/InvElLjju5Yd4OthKiBokJP1uIuhQ/cYeFuiDsE6ka/+QUjU7dHeWkLWppG,0.1421,0.611586,0.415462
631200,a6Hh/InvElLjju5Yd4OthKiBokJP1uIuhQ/cYeFuiDsE6ka/+QUjU7dHeWkLWppG,0.382326,0.6986319999999999,0.44525299999999995
631500,a6Hh/InvElLjju5Yd4OthKiBokJP1uIuhQ/cYeFuiDsE6ka/+QUjU7dHeWkLWppG,0.147642,0.733118,0.41996000000000006
631800,a6Hh/InvElLjju5Yd4OthKiBokJP1uIuhQ/cYeFuiDsE6ka/+QUjU7dHeWkLWppG,0.376668,0.710449,0.44276099999999996
632100,a6Hh/InvElLjju5Yd4OthKiBokJP1uIuhQ/cYeFuiDsE6ka/+QUjU7dHeWkLWppG,0.12936199999999998,0.693666,0.41397
632400,a6Hh/InvElLjju5Yd4OthKiBokJP1uIuhQ/cYeFuiDsE6ka/+QUjU7dHeWkLWppG,0.383769,0.656018,0.44150200000000006
632700,a6Hh/InvElLjju5Yd4OthKiBokJP1uIuhQ/cYeFuiDsE6ka/+QUjU7dHeWkLWppG,0.14532799999999998,0.641201,0.400186
633000,a6Hh/InvElLjju5Yd4OthKiBokJP1uIuhQ/cYeFuiDsE6ka/+QUjU7dHeWkLWppG,0.205994,0.444741,0.387179
633300,a6Hh/InvElLjju5Yd4OthKiBokJP1uIuhQ/cYeFuiDsE6ka/+QUjU7dHeWkLWppG,0.358705,0.652173,0.425075
633600,a6Hh/InvElLjju5Yd4OthKiBokJP1uIuhQ/cYeFuiDsE6ka/+QUjU7dHeWkLWppG,0.194195,0.671329,0.430331
633900,a6Hh/InvElLjju5Yd4OthKiBokJP1uIuhQ/cYeFuiDsE6ka/+QUjU7dHeWkLWppG,0.401783,0.66928,0.462938
634200,a6Hh/InvElLjju5Yd4OthKiBokJP1uIuhQ/cYeFuiDsE6ka/+QUjU7dHeWkLWppG,0.218196,0.670057,0.419796
634500,a6Hh/InvElLjju5Yd4OthKiBokJP1uIuhQ/cYeFuiDsE6ka/+QUjU7dHeWkLWppG,0.375927,0.63218,0.43083
634800,a6Hh/InvElLjju5Yd4OthKiBokJP1uIuhQ/cYeFuiDsE6ka/+QUjU7dHeWkLWppG,0.236554,3.430536,0.740946
635100,a6Hh/InvElLjju5Yd4OthKiBokJP1uIuhQ/cYeFuiDsE6ka/+QUjU7dHeWkLWppG,0.439659,0.674014,0.482646
635400,a6Hh/InvElLjju5Yd4OthKiBokJP1uIuhQ/cYeFuiDsE6ka/+QUjU7dHeWkLWppG,0.202766,0.6604979999999999,0.42805200000000004
635700,a6Hh/InvElLjju5Yd4OthKiBokJP1uIuhQ/cYeFuiDsE6ka/+QUjU7dHeWkLWppG,0.310668,0.46676599999999996,0.412918
636000,a6Hh/InvElLjju5Yd4OthKiBokJP1uIuhQ/cYeFuiDsE6ka/+QUjU7dHeWkLWppG,0.375814,0.654302,0.45522399999999996
636300,a6Hh/InvElLjju5Yd4OthKiBokJP1uIuhQ/cYeFuiDsE6ka/+QUjU7dHeWkLWppG,0.38213600000000003,0.660524,0.464633
636600,a6Hh/InvElLjju5Yd4OthKiBokJP1uIuhQ/cYeFuiDsE6ka/+QUjU7dHeWkLWppG,0.40218200000000004,0.7464689999999999,0.457746
636900,a6Hh/InvElLjju5Yd4OthKiBokJP1uIuhQ/cYeFuiDsE6ka/+QUjU7dHeWkLWppG,0.20555199999999998,0.692491,0.42729799999999996
637200,a6Hh/InvElLjju5Yd4OthKiBokJP1uIuhQ/cYeFuiDsE6ka/+QUjU7dHeWkLWppG,0.384446,0.725011,0.48960699999999996
637500,a6Hh/InvElLjju5Yd4OthKiBokJP1uIuhQ/cYeFuiDsE6ka/+QUjU7dHeWkLWppG,0.265142,0.628879,0.443137
637800,a6Hh/InvElLjju5Yd4OthKiBokJP1uIuhQ/cYeFuiDsE6ka/+QUjU7dHeWkLWppG,0.37345100000000003,0.6835060000000001,0.439591
638100,a6Hh/InvElLjju5Yd4OthKiBokJP1uIuhQ/cYeFuiDsE6ka/+QUjU7dHeWkLWppG,0.259279,0.687395,0.426383
638400,a6Hh/InvElLjju5Yd4OthKiBokJP1uIuhQ/cYeFuiDsE6ka/+QUjU7dHeWkLWppG,0.37616,0.9619540000000001,0.461438
638700,a6Hh/InvElLjju5Yd4OthKiBokJP1uIuhQ/cYeFuiDsE6ka/+QUjU7dHeWkLWppG,0.379374,0.6656449999999999,0.42906000000000005
639000,a6Hh/InvElLjju5Yd4OthKiBokJP1uIuhQ/cYeFuiDsE6ka/+QUjU7dHeWkLWppG,0.37688499999999997,0.6485770000000001,0.418922
639300,a6Hh/InvElLjju5Yd4OthKiBokJP1uIuhQ/cYeFuiDsE6ka/+QUjU7dHeWkLWppG,0.35996100000000003,0.6765260000000001,0.430712
639600,a6Hh/InvElLjju5Yd4OthKiBokJP1uIuhQ/cYeFuiDsE6ka/+QUjU7dHeWkLWppG,0.272752,0.68194,0.41833000000000004
639900,a6Hh/InvElLjju5Yd4OthKiBokJP1uIuhQ/cYeFuiDsE6ka/+QUjU7dHeWkLWppG,0.36275599999999997,0.685704,0.42652700000000004
640200,a6Hh/InvElLjju5Yd4OthKiBokJP1uIuhQ/cYeFuiDsE6ka/+QUjU7dHeWkLWppG,0.236411,0.7422270000000001,0.40739000000000003
640500,a6Hh/InvElLjju5Yd4OthKiBokJP1uIuhQ/cYeFuiDsE6ka/+QUjU7dHeWkLWppG,0.369803,0.73987,0.422767
640800,a6Hh/InvElLjju5Yd4OthKiBokJP1uIuhQ/cYeFuiDsE6ka/+QUjU7dHeWkLWppG,0.284418,0.659644,0.409886
641100,a6Hh/InvElLjju5Yd4OthKiBokJP1uIuhQ/cYeFuiDsE6ka/+QUjU7dHeWkLWppG,0.320911,0.424309,0.393009
641400,a6Hh/InvElLjju5Yd4OthKiBokJP1uIuhQ/cYeFuiDsE6ka/+QUjU7dHeWkLWppG,0.366684,0.865461,0.44747700000000007
641700,a6Hh/InvElLjju5Yd4OthKiBokJP1uIuhQ/cYeFuiDsE6ka/+QUjU7dHeWkLWppG,0.278985,0.618577,0.41285600000000006
642000,a6Hh/InvElLjju5Yd4OthKiBokJP1uIuhQ/cYeFuiDsE6ka/+QUjU7dHeWkLWppG,0.43009200000000003,3.3337839999999996,0.784697
642300,a6Hh/InvElLjju5Yd4OthKiBokJP1uIuhQ/cYeFuiDsE6ka/+QUjU7dHeWkLWppG,0.351096,0.727804,0.46082399999999996
642600,a6Hh/InvElLjju5Yd4OthKiBokJP1uIuhQ/cYeFuiDsE6ka/+QUjU7dHeWkLWppG,0.39844,0.711974,0.47131999999999996
642900,a6Hh/InvElLjju5Yd4OthKiBokJP1uIuhQ/cYeFuiDsE6ka/+QUjU7dHeWkLWppG,0.383971,0.657266,0.45115500000000003
643200,a6Hh/InvElLjju5Yd4OthKiBokJP1uIuhQ/cYeFuiDsE6ka/+QUjU7dHeWkLWppG,0.36441399999999996,0.659032,0.455326
643500,a6Hh/InvElLjju5Yd4OthKiBokJP1uIuhQ/cYeFuiDsE6ka/+QUjU7dHeWkLWppG,0.27156399999999997,0.652918,0.42345200000000005
643800,a6Hh/InvElLjju5Yd4OthKiBokJP1uIuhQ/cYeFuiDsE6ka/+QUjU7dHeWkLWppG,0.364747,0.6612600000000001,0.42521099999999995
644100,a6Hh/InvElLjju5Yd4OthKiBokJP1uIuhQ/cYeFuiDsE6ka/+QUjU7dHeWkLWppG,0.392138,0.755308,0.47523699999999997
644400,a6Hh/InvElLjju5Yd4OthKiBokJP1uIuhQ/cYeFuiDsE6ka/+QUjU7dHeWkLWppG,0.361714,0.799068,0.468368
644700,a6Hh/InvElLjju5Yd4OthKiBokJP1uIuhQ/cYeFuiDsE6ka/+QUjU7dHeWkLWppG,0.364018,0.641238,0.439062
645000,a6Hh/InvElLjju5Yd4OthKiBokJP1uIuhQ/cYeFuiDsE6ka/+QUjU7dHeWkLWppG,0.36733499999999997,0.713697,0.465095
645300,a6Hh/InvElLjju5Yd4OthKiBokJP1uIuhQ/cYeFuiDsE6ka/+QUjU7dHeWkLWppG,0.36776,0.675783,0.44488
645600,a6Hh/InvElLjju5Yd4OthKiBokJP1uIuhQ/cYeFuiDsE6ka/+QUjU7dHeWkLWppG,0.364967,0.687702,0.46716499999999994
645900,a6Hh/InvElLjju5Yd4OthKiBokJP1uIuhQ/cYeFuiDsE6ka/+QUjU7dHeWkLWppG,0.370888,0.694036,0.431472
646200,a6Hh/InvElLjju5Yd4OthKiBokJP1uIuhQ/cYeFuiDsE6ka/+QUjU7dHeWkLWppG,0.367698,0.707705,0.46941400000000005
646500,a6Hh/InvElLjju5Yd4OthKiBokJP1uIuhQ/cYeFuiDsE6ka/+QUjU7dHeWkLWppG,0.357806,0.656971,0.427885
646800,a6Hh/InvElLjju5Yd4OthKiBokJP1uIuhQ/cYeFuiDsE6ka/+QUjU7dHeWkLWppG,0.3638,0.769818,0.4676
647100,a6Hh/InvElLjju5Yd4OthKiBokJP1uIuhQ/cYeFuiDsE6ka/+QUjU7dHeWkLWppG,0.321969,0.692032,0.424861
647400,a6Hh/InvElLjju5Yd4OthKiBokJP1uIuhQ/cYeFuiDsE6ka/+QUjU7dHeWkLWppG,0.36211,0.667716,0.422608
647700,a6Hh/InvElLjju5Yd4OthKiBokJP1uIuhQ/cYeFuiDsE6ka/+QUjU7dHeWkLWppG,0.23423200000000002,0.687821,0.410876
648000,a6Hh/InvElLjju5Yd4OthKiBokJP1uIuhQ/cYeFuiDsE6ka/+QUjU7dHeWkLWppG,0.372896,0.6576350000000001,0.428792
648300,a6Hh/InvElLjju5Yd4OthKiBokJP1uIuhQ/cYeFuiDsE6ka/+QUjU7dHeWkLWppG,0.215705,0.768292,0.41898100000000005
648600,a6Hh/InvElLjju5Yd4OthKiBokJP1uIuhQ/cYeFuiDsE6ka/+QUjU7dHeWkLWppG,0.371749,0.732392,0.420707
648900,a6Hh/InvElLjju5Yd4OthKiBokJP1uIuhQ/cYeFuiDsE6ka/+QUjU7dHeWkLWppG,0.234948,0.737525,0.418854
649200,a6Hh/InvElLjju5Yd4OthKiBokJP1uIuhQ/cYeFuiDsE6ka/+QUjU7dHeWkLWppG,0.373359,0.6987909999999999,0.43519399999999997
649500,a6Hh/InvElLjju5Yd4OthKiBokJP1uIuhQ/cYeFuiDsE6ka/+QUjU7dHeWkLWppG,0.360539,0.709709,0.441014
649800,a6Hh/InvElLjju5Yd4OthKiBokJP1uIuhQ/cYeFuiDsE6ka/+QUjU7dHeWkLWppG,0.185451,0.700194,0.4174
650100,a6Hh/InvElLjju5Yd4OthKiBokJP1uIuhQ/cYeFuiDsE6ka/+QUjU7dHeWkLWppG,0.375888,0.69816,0.44370299999999996
650400,a6Hh/InvElLjju5Yd4OthKiBokJP1uIuhQ/cYeFuiDsE6ka/+QUjU7dHeWkLWppG,0.28545,0.636838,0.42387299999999994
650700,a6Hh/InvElLjju5Yd4OthKiBokJP1uIuhQ/cYeFuiDsE6ka/+QUjU7dHeWkLWppG,0.380502,0.6424529999999999,0.426649
651000,a6Hh/InvElLjju5Yd4OthKiBokJP1uIuhQ/cYeFuiDsE6ka/+QUjU7dHeWkLWppG,0.264754,0.653528,0.416822
651300,a6Hh/InvElLjju5Yd4OthKiBokJP1uIuhQ/cYeFuiDsE6ka/+QUjU7dHeWkLWppG,0.368253,0.662086,0.42262200000000005
651600,a6Hh/InvElLjju5Yd4OthKiBokJP1uIuhQ/cYeFuiDsE6ka/+QUjU7dHeWkLWppG,0.22019,0.6487930000000001,0.397834
651900,a6Hh/InvElLjju5Yd4OthKiBokJP1uIuhQ/cYeFuiDsE6ka/+QUjU7dHeWkLWppG,0.379209,0.643454,0.436042
652200,a6Hh/InvElLjju5Yd4OthKiBokJP1uIuhQ/cYeFuiDsE6ka/+QUjU7dHeWkLWppG,0.19028299999999998,0.62454,0.40363699999999997
652500,a6Hh/InvElLjju5Yd4OthKiBokJP1uIuhQ/cYeFuiDsE6ka/+QUjU7dHeWkLWppG,0.21029699999999998,0.733875,0.41931499999999994
652800,a6Hh/InvElLjju5Yd4OthKiBokJP1uIuhQ/cYeFuiDsE6ka/+QUjU7dHeWkLWppG,0.354811,0.683107,0.435749
653100,a6Hh/InvElLjju5Yd4OthKiBokJP1uIuhQ/cYeFuiDsE6ka/+QUjU7dHeWkLWppG,0.374857,0.690337,0.444038
653400,a6Hh/InvElLjju5Yd4OthKiBokJP1uIuhQ/cYeFuiDsE6ka/+QUjU7dHeWkLWppG,0.364912,0.6452439999999999,0.43049399999999993
653700,a6Hh/InvElLjju5Yd4OthKiBokJP1uIuhQ/cYeFuiDsE6ka/+QUjU7dHeWkLWppG,0.233474,0.709655,0.417645
654000,a6Hh/InvElLjju5Yd4OthKiBokJP1uIuhQ/cYeFuiDsE6ka/+QUjU7dHeWkLWppG,0.35725999999999997,0.681379,0.43235200000000007
654300,a6Hh/InvElLjju5Yd4OthKiBokJP1uIuhQ/cYeFuiDsE6ka/+QUjU7dHeWkLWppG,0.183955,0.721202,0.41651499999999997
654600,a6Hh/InvElLjju5Yd4OthKiBokJP1uIuhQ/cYeFuiDsE6ka/+QUjU7dHeWkLWppG,0.373321,0.754017,0.432825
654900,a6Hh/InvElLjju5Yd4OthKiBokJP1uIuhQ/cYeFuiDsE6ka/+QUjU7dHeWkLWppG,0.164443,0.622777,0.404866
655200,a6Hh/InvElLjju5Yd4OthKiBokJP1uIuhQ/cYeFuiDsE6ka/+QUjU7dHeWkLWppG,0.305767,0.7521359999999999,0.43432
655500,a6Hh/InvElLjju5Yd4OthKiBokJP1uIuhQ/cYeFuiDsE6ka/+QUjU7dHeWkLWppG,0.377458,0.6890470000000001,0.439921
655800,a6Hh/InvElLjju5Yd4OthKiBokJP1uIuhQ/cYeFuiDsE6ka/+QUjU7dHeWkLWppG,0.21716999999999997,0.682254,0.41691999999999996
656100,a6Hh/InvElLjju5Yd4OthKiBokJP1uIuhQ/cYeFuiDsE6ka/+QUjU7dHeWkLWppG,0.38063800000000003,0.733374,0.44909799999999994
656400,a6Hh/InvElLjju5Yd4OthKiBokJP1uIuhQ/cYeFuiDsE6ka/+QUjU7dHeWkLWppG,0.21593600000000002,0.667009,0.415721
656700,a6Hh/InvElLjju5Yd4OthKiBokJP1uIuhQ/cYeFuiDsE6ka/+QUjU7dHeWkLWppG,0.398505,0.716662,0.488667
657000,a6Hh/InvElLjju5Yd4OthKiBokJP1uIuhQ/cYeFuiDsE6ka/+QUjU7dHeWkLWppG,0.215421,0.8240620000000001,0.444279
657300,a6Hh/InvElLjju5Yd4OthKiBokJP1uIuhQ/cYeFuiDsE6ka/+QUjU7dHeWkLWppG,0.376744,0.7382479999999999,0.44150200000000006
657600,a6Hh/InvElLjju5Yd4OthKiBokJP1uIuhQ/cYeFuiDsE6ka/+QUjU7dHeWkLWppG,0.17643599999999998,0.814685,0.423871
657900,a6Hh/InvElLjju5Yd4OthKiBokJP1uIuhQ/cYeFuiDsE6ka/+QUjU7dHeWkLWppG,0.171735,0.783508,0.422346
658200,a6Hh/InvElLjju5Yd4OthKiBokJP1uIuhQ/cYeFuiDsE6ka/+QUjU7dHeWkLWppG,0.39938,0.707221,0.44643900000000003
658500,a6Hh/InvElLjju5Yd4OthKiBokJP1uIuhQ/cYeFuiDsE6ka/+QUjU7dHeWkLWppG,0.29217,0.8199049999999999,0.459647
658800,a6Hh/InvElLjju5Yd4OthKiBokJP1uIuhQ/cYeFuiDsE6ka/+QUjU7dHeWkLWppG,0.377778,0.660388,0.448042
659100,a6Hh/InvElLjju5Yd4OthKiBokJP1uIuhQ/cYeFuiDsE6ka/+QUjU7dHeWkLWppG,0.296304,0.65035,0.436673
659400,a6Hh/InvElLjju5Yd4OthKiBokJP1uIuhQ/cYeFuiDsE6ka/+QUjU7dHeWkLWppG,0.371487,0.648406,0.432366
659700,a6Hh/InvElLjju5Yd4OthKiBokJP1uIuhQ/cYeFuiDsE6ka/+QUjU7dHeWkLWppG,0.208042,0.640666,0.408851
660000,a6Hh/InvElLjju5Yd4OthKiBokJP1uIuhQ/cYeFuiDsE6ka/+QUjU7dHeWkLWppG,0.374664,0.666898,0.42290200000000006
660300,a6Hh/InvElLjju5Yd4OthKiBokJP1uIuhQ/cYeFuiDsE6ka/+QUjU7dHeWkLWppG,0.22495900000000002,0.7616430000000001,0.42422
660600,a6Hh/InvElLjju5Yd4OthKiBokJP1uIuhQ/cYeFuiDsE6ka/+QUjU7dHeWkLWppG,0.174492,0.46881000000000006,0.386736
660900,a6Hh/InvElLjju5Yd4OthKiBokJP1uIuhQ/cYeFuiDsE6ka/+QUjU7dHeWkLWppG,0.366852,0.651478,0.42092399999999996
661200,a6Hh/InvElLjju5Yd4OthKiBokJP1uIuhQ/cYeFuiDsE6ka/+QUjU7dHeWkLWppG,0.214502,0.646324,0.409014
661500,a6Hh/InvElLjju5Yd4OthKiBokJP1uIuhQ/cYeFuiDsE6ka/+QUjU7dHeWkLWppG,0.370867,0.657868,0.42358900000000005
661800,a6Hh/InvElLjju5Yd4OthKiBokJP1uIuhQ/cYeFuiDsE6ka/+QUjU7dHeWkLWppG,0.353041,0.672765,0.42666000000000004
662100,a6Hh/InvElLjju5Yd4OthKiBokJP1uIuhQ/cYeFuiDsE6ka/+QUjU7dHeWkLWppG,0.357693,0.649083,0.425784
662400,a6Hh/InvElLjju5Yd4OthKiBokJP1uIuhQ/cYeFuiDsE6ka/+QUjU7dHeWkLWppG,0.185815,0.669625,0.43526899999999996
662700,a6Hh/InvElLjju5Yd4OthKiBokJP1uIuhQ/cYeFuiDsE6ka/+QUjU7dHeWkLWppG,0.397568,0.692299,0.46870600000000007
663000,a6Hh/InvElLjju5Yd4OthKiBokJP1uIuhQ/cYeFuiDsE6ka/+QUjU7dHeWkLWppG,0.199674,0.6499159999999999,0.41261099999999995
663300,a6Hh/InvElLjju5Yd4OthKiBokJP1uIuhQ/cYeFuiDsE6ka/+QUjU7dHeWkLWppG,0.222966,0.472962,0.39213400000000004
663600,a6Hh/InvElLjju5Yd4OthKiBokJP1uIuhQ/cYeFuiDsE6ka/+QUjU7dHeWkLWppG,0.361452,0.6788770000000001,0.422993
663900,a6Hh/InvElLjju5Yd4OthKiBokJP1uIuhQ/cYeFuiDsE6ka/+QUjU7dHeWkLWppG,0.23007199999999997,0.656011,0.40119699999999997
664200,a6Hh/InvElLjju5Yd4OthKiBokJP1uIuhQ/cYeFuiDsE6ka/+QUjU7dHeWkLWppG,0.386332,0.663542,0.43572
664500,a6Hh/InvElLjju5Yd4OthKiBokJP1uIuhQ/cYeFuiDsE6ka/+QUjU7dHeWkLWppG,0.20686,0.637185,0.412537
664800,a6Hh/InvElLjju5Yd4OthKiBokJP1uIuhQ/cYeFuiDsE6ka/+QUjU7dHeWkLWppG,0.375275,0.650011,0.43078999999999995
665100,a6Hh/InvElLjju5Yd4OthKiBokJP1uIuhQ/cYeFuiDsE6ka/+QUjU7dHeWkLWppG,0.18093,0.737708,0.412483
665400,a6Hh/InvElLjju5Yd4OthKiBokJP1uIuhQ/cYeFuiDsE6ka/+QUjU7dHeWkLWppG,0.364578,0.735132,0.432576
665700,a6Hh/InvElLjju5Yd4OthKiBokJP1uIuhQ/cYeFuiDsE6ka/+QUjU7dHeWkLWppG,0.160968,0.766301,0.44134399999999996
666000,a6Hh/InvElLjju5Yd4OthKiBokJP1uIuhQ/cYeFuiDsE6ka/+QUjU7dHeWkLWppG,0.21216999999999997,0.46517,0.39255999999999996
666300,a6Hh/InvElLjju5Yd4OthKiBokJP1uIuhQ/cYeFuiDsE6ka/+QUjU7dHeWkLWppG,0.36906,0.644875,0.429334
666600,a6Hh/InvElLjju5Yd4OthKiBokJP1uIuhQ/cYeFuiDsE6ka/+QUjU7dHeWkLWppG,0.280873,3.340304,0.749396
666900,a6Hh/InvElLjju5Yd4OthKiBokJP1uIuhQ/cYeFuiDsE6ka/+QUjU7dHeWkLWppG,0.398073,0.695825,0.463337
667200,a6Hh/InvElLjju5Yd4OthKiBokJP1uIuhQ/cYeFuiDsE6ka/+QUjU7dHeWkLWppG,0.214292,0.685344,0.43749499999999997
667500,a6Hh/InvElLjju5Yd4OthKiBokJP1uIuhQ/cYeFuiDsE6ka/+QUjU7dHeWkLWppG,0.420382,0.8723059999999999,0.485009
667800,a6Hh/InvElLjju5Yd4OthKiBokJP1uIuhQ/cYeFuiDsE6ka/+QUjU7dHeWkLWppG,0.199629,0.625654,0.418548
668100,a6Hh/InvElLjju5Yd4OthKiBokJP1uIuhQ/cYeFuiDsE6ka/+QUjU7dHeWkLWppG,0.365642,0.662392,0.435378
668400,a6Hh/InvElLjju5Yd4OthKiBokJP1uIuhQ/cYeFuiDsE6ka/+QUjU7dHeWkLWppG,0.388639,0.686976,0.46922600000000003
668700,a6Hh/InvElLjju5Yd4OthKiBokJP1uIuhQ/cYeFuiDsE6ka/+QUjU7dHeWkLWppG,0.376506,0.728931,0.43648100000000006
669000,a6Hh/InvElLjju5Yd4OthKiBokJP1uIuhQ/cYeFuiDsE6ka/+QUjU7dHeWkLWppG,0.363879,0.6453840000000001,0.42757
669300,a6Hh/InvElLjju5Yd4OthKiBokJP1uIuhQ/cYeFuiDsE6ka/+QUjU7dHeWkLWppG,0.39207,0.665866,0.47071599999999997
669600,a6Hh/InvElLjju5Yd4OthKiBokJP1uIuhQ/cYeFuiDsE6ka/+QUjU7dHeWkLWppG,0.381896,0.658821,0.44286400000000004
669900,a6Hh/InvElLjju5Yd4OthKiBokJP1uIuhQ/cYeFuiDsE6ka/+QUjU7dHeWkLWppG,0.387793,0.638983,0.45028100000000004
670200,a6Hh/InvElLjju5Yd4OthKiBokJP1uIuhQ/cYeFuiDsE6ka/+QUjU7dHeWkLWppG,0.379246,0.6313810000000001,0.44126800000000005
670500,a6Hh/InvElLjju5Yd4OthKiBokJP1uIuhQ/cYeFuiDsE6ka/+QUjU7dHeWkLWppG,0.39008200000000004,0.637323,0.45765500000000003
670800,a6Hh/InvElLjju5Yd4OthKiBokJP1uIuhQ/cYeFuiDsE6ka/+QUjU7dHeWkLWppG,0.375739,0.665514,0.43115600000000004
671100,a6Hh/InvElLjju5Yd4OthKiBokJP1uIuhQ/cYeFuiDsE6ka/+QUjU7dHeWkLWppG,0.387777,3.35029,0.7965270000000001
671400,a6Hh/InvElLjju5Yd4OthKiBokJP1uIuhQ/cYeFuiDsE6ka/+QUjU7dHeWkLWppG,0.42990200000000006,0.6673180000000001,0.494895
671700,a6Hh/InvElLjju5Yd4OthKiBokJP1uIuhQ/cYeFuiDsE6ka/+QUjU7dHeWkLWppG,0.41163,0.6983090000000001,0.47195600000000004
672000,a6Hh/InvElLjju5Yd4OthKiBokJP1uIuhQ/cYeFuiDsE6ka/+QUjU7dHeWkLWppG,0.395345,0.888229,0.517404
672300,a6Hh/InvElLjju5Yd4OthKiBokJP1uIuhQ/cYeFuiDsE6ka/+QUjU7dHeWkLWppG,0.41952700000000004,0.759734,0.4866
672600,a6Hh/InvElLjju5Yd4OthKiBokJP1uIuhQ/cYeFuiDsE6ka/+QUjU7dHeWkLWppG,0.380857,0.748256,0.49666499999999997
672900,a6Hh/InvElLjju5Yd4OthKiBokJP1uIuhQ/cYeFuiDsE6ka/+QUjU7dHeWkLWppG,0.374924,0.6962010000000001,0.44653699999999996
673200,a6Hh/InvElLjju5Yd4OthKiBokJP1uIuhQ/cYeFuiDsE6ka/+QUjU7dHeWkLWppG,0.369938,0.812484,0.47742299999999993
673500,a6Hh/InvElLjju5Yd4OthKiBokJP1uIuhQ/cYeFuiDsE6ka/+QUjU7dHeWkLWppG,0.370872,0.700349,0.449377
673800,a6Hh/InvElLjju5Yd4OthKiBokJP1uIuhQ/cYeFuiDsE6ka/+QUjU7dHeWkLWppG,0.366697,0.718797,0.44910500000000003
674100,a6Hh/InvElLjju5Yd4OthKiBokJP1uIuhQ/cYeFuiDsE6ka/+QUjU7dHeWkLWppG,0.369946,1.0208110000000001,0.456429
674400,a6Hh/InvElLjju5Yd4OthKiBokJP1uIuhQ/cYeFuiDsE6ka/+QUjU7dHeWkLWppG,0.355588,0.71226,0.42319300000000004
674700,a6Hh/InvElLjju5Yd4OthKiBokJP1uIuhQ/cYeFuiDsE6ka/+QUjU7dHeWkLWppG,0.36075999999999997,0.670734,0.421804
675000,a6Hh/InvElLjju5Yd4OthKiBokJP1uIuhQ/cYeFuiDsE6ka/+QUjU7dHeWkLWppG,0.3739,0.650755,0.427489
675300,a6Hh/InvElLjju5Yd4OthKiBokJP1uIuhQ/cYeFuiDsE6ka/+QUjU7dHeWkLWppG,0.251357,0.642471,0.404895
675600,a6Hh/InvElLjju5Yd4OthKiBokJP1uIuhQ/cYeFuiDsE6ka/+QUjU7dHeWkLWppG,0.372687,0.619727,0.423835
675900,a6Hh/InvElLjju5Yd4OthKiBokJP1uIuhQ/cYeFuiDsE6ka/+QUjU7dHeWkLWppG,0.35577600000000004,0.6805770000000001,0.431384
676200,a6Hh/InvElLjju5Yd4OthKiBokJP1uIuhQ/cYeFuiDsE6ka/+QUjU7dHeWkLWppG,0.366563,0.6402899999999999,0.41482399999999997
676500,a6Hh/InvElLjju5Yd4OthKiBokJP1uIuhQ/cYeFuiDsE6ka/+QUjU7dHeWkLWppG,0.18892799999999998,0.72216,0.4162
676800,a6Hh/InvElLjju5Yd4OthKiBokJP1uIuhQ/cYeFuiDsE6ka/+QUjU7dHeWkLWppG,0.267366,0.474063,0.384304
677100,a6Hh/InvElLjju5Yd4OthKiBokJP1uIuhQ/cYeFuiDsE6ka/+QUjU7dHeWkLWppG,0.3833,0.617058,0.43281499999999995
677400,a6Hh/InvElLjju5Yd4OthKiBokJP1uIuhQ/cYeFuiDsE6ka/+QUjU7dHeWkLWppG,0.360091,0.660421,0.430867
677700,a6Hh/InvElLjju5Yd4OthKiBokJP1uIuhQ/cYeFuiDsE6ka/+QUjU7dHeWkLWppG,0.365246,0.718854,0.434271
678000,a6Hh/InvElLjju5Yd4OthKiBokJP1uIuhQ/cYeFuiDsE6ka/+QUjU7dHeWkLWppG,0.30288200000000004,0.669858,0.42292399999999997
678300,a6Hh/InvElLjju5Yd4OthKiBokJP1uIuhQ/cYeFuiDsE6ka/+QUjU7dHeWkLWppG,0.383038,0.679516,0.44417700000000004
678600,a6Hh/InvElLjju5Yd4OthKiBokJP1uIuhQ/cYeFuiDsE6ka/+QUjU7dHeWkLWppG,0.348615,0.668391,0.44773199999999996
678900,a6Hh/InvElLjju5Yd4OthKiBokJP1uIuhQ/cYeFuiDsE6ka/+QUjU7dHeWkLWppG,0.368595,0.656676,0.42979799999999996
679200,a6Hh/InvElLjju5Yd4OthKiBokJP1uIuhQ/cYeFuiDsE6ka/+QUjU7dHeWkLWppG,0.271796,0.663337,0.42055600000000004
679500,a6Hh/InvElLjju5Yd4OthKiBokJP1uIuhQ/cYeFuiDsE6ka/+QUjU7dHeWkLWppG,0.375781,0.47671,0.40726999999999997
679800,a6Hh/InvElLjju5Yd4OthKiBokJP1uIuhQ/cYeFuiDsE6ka/+QUjU7dHeWkLWppG,0.35833899999999996,0.6878,0.433522
680100,a6Hh/InvElLjju5Yd4OthKiBokJP1uIuhQ/cYeFuiDsE6ka/+QUjU7dHeWkLWppG,0.359272,0.682854,0.424771
680400,a6Hh/InvElLjju5Yd4OthKiBokJP1uIuhQ/cYeFuiDsE6ka/+QUjU7dHeWkLWppG,0.376695,0.626192,0.422079
680700,a6Hh/InvElLjju5Yd4OthKiBokJP1uIuhQ/cYeFuiDsE6ka/+QUjU7dHeWkLWppG,0.373884,0.6904140000000001,0.448096
681000,a6Hh/InvElLjju5Yd4OthKiBokJP1uIuhQ/cYeFuiDsE6ka/+QUjU7dHeWkLWppG,0.35978899999999997,0.7290989999999999,0.433708
681300,a6Hh/InvElLjju5Yd4OthKiBokJP1uIuhQ/cYeFuiDsE6ka/+QUjU7dHeWkLWppG,0.370559,0.671585,0.439119
681600,a6Hh/InvElLjju5Yd4OthKiBokJP1uIuhQ/cYeFuiDsE6ka/+QUjU7dHeWkLWppG,0.368638,0.695206,0.42911499999999997
681900,a6Hh/InvElLjju5Yd4OthKiBokJP1uIuhQ/cYeFuiDsE6ka/+QUjU7dHeWkLWppG,0.37185,0.6518189999999999,0.429201
682200,a6Hh/InvElLjju5Yd4OthKiBokJP1uIuhQ/cYeFuiDsE6ka/+QUjU7dHeWkLWppG,0.38706199999999996,0.41560600000000003,0.402095
682500,a6Hh/InvElLjju5Yd4OthKiBokJP1uIuhQ/cYeFuiDsE6ka/+QUjU7dHeWkLWppG,0.36741799999999997,0.827456,0.436988
682800,a6Hh/InvElLjju5Yd4OthKiBokJP1uIuhQ/cYeFuiDsE6ka/+QUjU7dHeWkLWppG,0.375807,0.6771189999999999,0.419788
683100,a6Hh/InvElLjju5Yd4OthKiBokJP1uIuhQ/cYeFuiDsE6ka/+QUjU7dHeWkLWppG,0.369848,0.6906399999999999,0.42008
683400,a6Hh/InvElLjju5Yd4OthKiBokJP1uIuhQ/cYeFuiDsE6ka/+QUjU7dHeWkLWppG,0.31948200000000004,0.709969,0.43131400000000003
683700,a6Hh/InvElLjju5Yd4OthKiBokJP1uIuhQ/cYeFuiDsE6ka/+QUjU7dHeWkLWppG,0.368674,0.672567,0.43704799999999994
684000,a6Hh/InvElLjju5Yd4OthKiBokJP1uIuhQ/cYeFuiDsE6ka/+QUjU7dHeWkLWppG,0.360479,2.041451,0.588345
684300,a6Hh/InvElLjju5Yd4OthKiBokJP1uIuhQ/cYeFuiDsE6ka/+QUjU7dHeWkLWppG,0.384183,0.6412899999999999,0.42685500000000004
684600,a6Hh/InvElLjju5Yd4OthKiBokJP1uIuhQ/cYeFuiDsE6ka/+QUjU7dHeWkLWppG,0.3383,0.675918,0.4248
684900,a6Hh/InvElLjju5Yd4OthKiBokJP1uIuhQ/cYeFuiDsE6ka/+QUjU7dHeWkLWppG,0.312178,0.447071,0.387391
685200,a6Hh/InvElLjju5Yd4OthKiBokJP1uIuhQ/cYeFuiDsE6ka/+QUjU7dHeWkLWppG,0.376494,0.695665,0.433141
685500,a6Hh/InvElLjju5Yd4OthKiBokJP1uIuhQ/cYeFuiDsE6ka/+QUjU7dHeWkLWppG,0.398833,0.7832100000000001,0.48601099999999997
685800,a6Hh/InvElLjju5Yd4OthKiBokJP1uIuhQ/cYeFuiDsE6ka/+QUjU7dHeWkLWppG,0.385023,0.7035100000000001,0.44966999999999996
686100,a6Hh/InvElLjju5Yd4OthKiBokJP1uIuhQ/cYeFuiDsE6ka/+QUjU7dHeWkLWppG,0.30845700000000004,0.66562,0.42613900000000005
686400,a6Hh/InvElLjju5Yd4OthKiBokJP1uIuhQ/cYeFuiDsE6ka/+QUjU7dHeWkLWppG,0.37272,0.671568,0.432838
686700,a6Hh/InvElLjju5Yd4OthKiBokJP1uIuhQ/cYeFuiDsE6ka/+QUjU7dHeWkLWppG,0.16992000000000002,0.648805,0.397756
687000,a6Hh/InvElLjju5Yd4OthKiBokJP1uIuhQ/cYeFuiDsE6ka/+QUjU7dHeWkLWppG,0.37866500000000003,0.661697,0.42594399999999993
687300,a6Hh/InvElLjju5Yd4OthKiBokJP1uIuhQ/cYeFuiDsE6ka/+QUjU7dHeWkLWppG,0.176008,0.68092,0.405093
687600,a6Hh/InvElLjju5Yd4OthKiBokJP1uIuhQ/cYeFuiDsE6ka/+QUjU7dHeWkLWppG,0.366688,0.648211,0.434175
687900,a6Hh/InvElLjju5Yd4OthKiBokJP1uIuhQ/cYeFuiDsE6ka/+QUjU7dHeWkLWppG,0.23191799999999999,0.67766,0.42999799999999994
688200,a6Hh/InvElLjju5Yd4OthKiBokJP1uIuhQ/cYeFuiDsE6ka/+QUjU7dHeWkLWppG,0.222994,0.769461,0.427642
688500,a6Hh/InvElLjju5Yd4OthKiBokJP1uIuhQ/cYeFuiDsE6ka/+QUjU7dHeWkLWppG,0.36290300000000003,0.705685,0.443296
688800,a6Hh/InvElLjju5Yd4OthKiBokJP1uIuhQ/cYeFuiDsE6ka/+QUjU7dHeWkLWppG,0.344643,0.715441,0.43185
689100,a6Hh/InvElLjju5Yd4OthKiBokJP1uIuhQ/cYeFuiDsE6ka/+QUjU7dHeWkLWppG,0.37458400000000003,0.670463,0.431883
689400,a6Hh/InvElLjju5Yd4OthKiBokJP1uIuhQ/cYeFuiDsE6ka/+QUjU7dHeWkLWppG,0.237565,0.6273880000000001,0.40279
689700,a6Hh/InvElLjju5Yd4OthKiBokJP1uIuhQ/cYeFuiDsE6ka/+QUjU7dHeWkLWppG,0.378768,0.7264109999999999,0.43850500000000003
690000,a6Hh/InvElLjju5Yd4OthKiBokJP1uIuhQ/cYeFuiDsE6ka/+QUjU7dHeWkLWppG,0.354028,0.665782,0.42682299999999995
690300,a6Hh/InvElLjju5Yd4OthKiBokJP1uIuhQ/cYeFuiDsE6ka/+QUjU7dHeWkLWppG,0.36749899999999996,0.664343,0.4276
690600,a6Hh/InvElLjju5Yd4OthKiBokJP1uIuhQ/cYeFuiDsE6ka/+QUjU7dHeWkLWppG,0.263469,0.786787,0.42097299999999993
690900,a6Hh/InvElLjju5Yd4OthKiBokJP1uIuhQ/cYeFuiDsE6ka/+QUjU7dHeWkLWppG,0.17588499999999999,0.7265689999999999,0.396333
