timestamp,vm_id,min_cpu,avg_cpu,max_cpu
0,a7baWF1nwXO0ftP2/U2CPhCla55GWXzC4uxBsMohmjYeNZ00Quc3UW+BS8N590Ja,1.165564,31.677248,4.8879779999999995
300,a7baWF1nwXO0ftP2/U2CPhCla55GWXzC4uxBsMohmjYeNZ00Quc3UW+BS8N590Ja,0.66195,2.554001,1.551996
600,a7baWF1nwXO0ftP2/U2CPhCla55GWXzC4uxBsMohmjYeNZ00Quc3UW+BS8N590Ja,1.208016,2.7253939999999997,1.607336
900,a7baWF1nwXO0ftP2/U2CPhCla55GWXzC4uxBsMohmjYeNZ00Quc3UW+BS8N590Ja,1.182207,2.235145,1.552622
1200,a7baWF1nwXO0ftP2/U2CPhCla55GWXzC4uxBsMohmjYeNZ00Quc3UW+BS8N590Ja,1.166693,2.60405,1.590852
1500,a7baWF1nwXO0ftP2/U2CPhCla55GWXzC4uxBsMohmjYeNZ00Quc3UW+BS8N590Ja,1.176587,2.812287,1.710952
1800,a7baWF1nwXO0ftP2/U2CPhCla55GWXzC4uxBsMohmjYeNZ00Quc3UW+BS8N590Ja,0.659641,2.2208490000000003,1.524635
2100,a7baWF1nwXO0ftP2/U2CPhCla55GWXzC4uxBsMohmjYeNZ00Quc3UW+BS8N590Ja,1.1408909999999999,2.682943,1.617583
2400,a7baWF1nwXO0ftP2/U2CPhCla55GWXzC4uxBsMohmjYeNZ00Quc3UW+BS8N590Ja,0.829325,2.655298,1.571114
2700,a7baWF1nwXO0ftP2/U2CPhCla55GWXzC4uxBsMohmjYeNZ00Quc3UW+BS8N590Ja,1.183775,2.243096,1.5830600000000001
3000,a7baWF1nwXO0ftP2/U2CPhCla55GWXzC4uxBsMohmjYeNZ00Quc3UW+BS8N590Ja,1.169135,2.528366,1.656553
3300,a7baWF1nwXO0ftP2/U2CPhCla55GWXzC4uxBsMohmjYeNZ00Quc3UW+BS8N590Ja,1.17477,2.6847990000000004,1.615186
3600,a7baWF1nwXO0ftP2/U2CPhCla55GWXzC4uxBsMohmjYeNZ00Quc3UW+BS8N590Ja,0.86645,33.852168,4.769916
3900,a7baWF1nwXO0ftP2/U2CPhCla55GWXzC4uxBsMohmjYeNZ00Quc3UW+BS8N590Ja,1.141913,2.936897,1.6411060000000002
4200,a7baWF1nwXO0ftP2/U2CPhCla55GWXzC4uxBsMohmjYeNZ00Quc3UW+BS8N590Ja,1.213659,2.6973599999999998,1.681212
4500,a7baWF1nwXO0ftP2/U2CPhCla55GWXzC4uxBsMohmjYeNZ00Quc3UW+BS8N590Ja,1.0498040000000002,2.239443,1.544937
4800,a7baWF1nwXO0ftP2/U2CPhCla55GWXzC4uxBsMohmjYeNZ00Quc3UW+BS8N590Ja,1.1566450000000001,2.738204,1.63812
5100,a7baWF1nwXO0ftP2/U2CPhCla55GWXzC4uxBsMohmjYeNZ00Quc3UW+BS8N590Ja,0.716722,2.6255830000000002,1.602483
5400,a7baWF1nwXO0ftP2/U2CPhCla55GWXzC4uxBsMohmjYeNZ00Quc3UW+BS8N590Ja,1.204818,4.797746,1.9136279999999999
5700,a7baWF1nwXO0ftP2/U2CPhCla55GWXzC4uxBsMohmjYeNZ00Quc3UW+BS8N590Ja,1.153227,2.683941,1.651075
6000,a7baWF1nwXO0ftP2/U2CPhCla55GWXzC4uxBsMohmjYeNZ00Quc3UW+BS8N590Ja,1.223425,2.5226439999999997,1.593281
6300,a7baWF1nwXO0ftP2/U2CPhCla55GWXzC4uxBsMohmjYeNZ00Quc3UW+BS8N590Ja,1.175291,2.134348,1.60448
6600,a7baWF1nwXO0ftP2/U2CPhCla55GWXzC4uxBsMohmjYeNZ00Quc3UW+BS8N590Ja,1.164656,2.5608619999999997,1.581505
6900,a7baWF1nwXO0ftP2/U2CPhCla55GWXzC4uxBsMohmjYeNZ00Quc3UW+BS8N590Ja,0.845032,2.5642259999999997,1.536192
7200,a7baWF1nwXO0ftP2/U2CPhCla55GWXzC4uxBsMohmjYeNZ00Quc3UW+BS8N590Ja,1.1893850000000001,2.319779,1.620745
7500,a7baWF1nwXO0ftP2/U2CPhCla55GWXzC4uxBsMohmjYeNZ00Quc3UW+BS8N590Ja,1.19804,95.10280300000001,10.978634
7800,a7baWF1nwXO0ftP2/U2CPhCla55GWXzC4uxBsMohmjYeNZ00Quc3UW+BS8N590Ja,0.7010430000000001,2.610188,1.570009
8100,a7baWF1nwXO0ftP2/U2CPhCla55GWXzC4uxBsMohmjYeNZ00Quc3UW+BS8N590Ja,1.238926,2.2738560000000003,1.600462
8400,a7baWF1nwXO0ftP2/U2CPhCla55GWXzC4uxBsMohmjYeNZ00Quc3UW+BS8N590Ja,0.589575,2.566035,1.581687
8700,a7baWF1nwXO0ftP2/U2CPhCla55GWXzC4uxBsMohmjYeNZ00Quc3UW+BS8N590Ja,1.212076,2.635781,1.624851
9000,a7baWF1nwXO0ftP2/U2CPhCla55GWXzC4uxBsMohmjYeNZ00Quc3UW+BS8N590Ja,0.745527,2.229444,1.545315
9300,a7baWF1nwXO0ftP2/U2CPhCla55GWXzC4uxBsMohmjYeNZ00Quc3UW+BS8N590Ja,1.208868,2.620291,1.68337
9600,a7baWF1nwXO0ftP2/U2CPhCla55GWXzC4uxBsMohmjYeNZ00Quc3UW+BS8N590Ja,0.728161,2.771246,1.5630030000000001
9900,a7baWF1nwXO0ftP2/U2CPhCla55GWXzC4uxBsMohmjYeNZ00Quc3UW+BS8N590Ja,1.208701,2.218947,1.633442
10200,a7baWF1nwXO0ftP2/U2CPhCla55GWXzC4uxBsMohmjYeNZ00Quc3UW+BS8N590Ja,1.173823,2.447373,1.625709
10500,a7baWF1nwXO0ftP2/U2CPhCla55GWXzC4uxBsMohmjYeNZ00Quc3UW+BS8N590Ja,1.191765,2.563484,1.630483
10800,a7baWF1nwXO0ftP2/U2CPhCla55GWXzC4uxBsMohmjYeNZ00Quc3UW+BS8N590Ja,1.192215,2.275598,1.563754
11100,a7baWF1nwXO0ftP2/U2CPhCla55GWXzC4uxBsMohmjYeNZ00Quc3UW+BS8N590Ja,0.569371,34.442321,4.806964
11400,a7baWF1nwXO0ftP2/U2CPhCla55GWXzC4uxBsMohmjYeNZ00Quc3UW+BS8N590Ja,1.1699110000000001,2.648349,1.600689
11700,a7baWF1nwXO0ftP2/U2CPhCla55GWXzC4uxBsMohmjYeNZ00Quc3UW+BS8N590Ja,0.9115219999999999,2.170753,1.512009
12000,a7baWF1nwXO0ftP2/U2CPhCla55GWXzC4uxBsMohmjYeNZ00Quc3UW+BS8N590Ja,1.173806,2.532956,1.5830389999999999
12300,a7baWF1nwXO0ftP2/U2CPhCla55GWXzC4uxBsMohmjYeNZ00Quc3UW+BS8N590Ja,1.18946,2.571978,1.646759
12600,a7baWF1nwXO0ftP2/U2CPhCla55GWXzC4uxBsMohmjYeNZ00Quc3UW+BS8N590Ja,1.181115,2.178248,1.615686
12900,a7baWF1nwXO0ftP2/U2CPhCla55GWXzC4uxBsMohmjYeNZ00Quc3UW+BS8N590Ja,1.185319,2.581375,1.6964709999999998
13200,a7baWF1nwXO0ftP2/U2CPhCla55GWXzC4uxBsMohmjYeNZ00Quc3UW+BS8N590Ja,1.183875,2.662934,1.7442630000000001
13500,a7baWF1nwXO0ftP2/U2CPhCla55GWXzC4uxBsMohmjYeNZ00Quc3UW+BS8N590Ja,1.199034,2.505471,1.621245
13800,a7baWF1nwXO0ftP2/U2CPhCla55GWXzC4uxBsMohmjYeNZ00Quc3UW+BS8N590Ja,1.1964709999999998,2.682643,1.813954
14100,a7baWF1nwXO0ftP2/U2CPhCla55GWXzC4uxBsMohmjYeNZ00Quc3UW+BS8N590Ja,1.268119,17.405939,3.750018
14400,a7baWF1nwXO0ftP2/U2CPhCla55GWXzC4uxBsMohmjYeNZ00Quc3UW+BS8N590Ja,1.0949959999999999,3.784359,1.7618349999999998
14700,a7baWF1nwXO0ftP2/U2CPhCla55GWXzC4uxBsMohmjYeNZ00Quc3UW+BS8N590Ja,1.187543,34.542607000000004,4.8578730000000006
15000,a7baWF1nwXO0ftP2/U2CPhCla55GWXzC4uxBsMohmjYeNZ00Quc3UW+BS8N590Ja,1.145239,7.552092999999999,2.17929
15300,a7baWF1nwXO0ftP2/U2CPhCla55GWXzC4uxBsMohmjYeNZ00Quc3UW+BS8N590Ja,1.13865,2.082969,1.6077700000000001
15600,a7baWF1nwXO0ftP2/U2CPhCla55GWXzC4uxBsMohmjYeNZ00Quc3UW+BS8N590Ja,1.151342,3.8886879999999997,1.7828680000000001
15900,a7baWF1nwXO0ftP2/U2CPhCla55GWXzC4uxBsMohmjYeNZ00Quc3UW+BS8N590Ja,1.129137,3.119549,1.804545
16200,a7baWF1nwXO0ftP2/U2CPhCla55GWXzC4uxBsMohmjYeNZ00Quc3UW+BS8N590Ja,1.142199,2.28093,1.698609
16500,a7baWF1nwXO0ftP2/U2CPhCla55GWXzC4uxBsMohmjYeNZ00Quc3UW+BS8N590Ja,1.185991,3.367729,1.8306950000000002
16800,a7baWF1nwXO0ftP2/U2CPhCla55GWXzC4uxBsMohmjYeNZ00Quc3UW+BS8N590Ja,1.11225,2.589048,1.5124309999999999
17100,a7baWF1nwXO0ftP2/U2CPhCla55GWXzC4uxBsMohmjYeNZ00Quc3UW+BS8N590Ja,1.1135700000000002,3.8449730000000004,1.8937130000000002
17400,a7baWF1nwXO0ftP2/U2CPhCla55GWXzC4uxBsMohmjYeNZ00Quc3UW+BS8N590Ja,1.131942,2.301138,1.6014549999999999
17700,a7baWF1nwXO0ftP2/U2CPhCla55GWXzC4uxBsMohmjYeNZ00Quc3UW+BS8N590Ja,1.097962,14.149329999999999,2.74116
18000,a7baWF1nwXO0ftP2/U2CPhCla55GWXzC4uxBsMohmjYeNZ00Quc3UW+BS8N590Ja,1.125657,3.208214,1.8145779999999998
18300,a7baWF1nwXO0ftP2/U2CPhCla55GWXzC4uxBsMohmjYeNZ00Quc3UW+BS8N590Ja,1.144298,28.958794,4.956589
18600,a7baWF1nwXO0ftP2/U2CPhCla55GWXzC4uxBsMohmjYeNZ00Quc3UW+BS8N590Ja,1.096868,2.368296,1.563986
18900,a7baWF1nwXO0ftP2/U2CPhCla55GWXzC4uxBsMohmjYeNZ00Quc3UW+BS8N590Ja,1.127618,2.128816,1.666421
19200,a7baWF1nwXO0ftP2/U2CPhCla55GWXzC4uxBsMohmjYeNZ00Quc3UW+BS8N590Ja,1.2260879999999998,2.280498,1.81141
19500,a7baWF1nwXO0ftP2/U2CPhCla55GWXzC4uxBsMohmjYeNZ00Quc3UW+BS8N590Ja,1.139052,2.434886,1.604371
19800,a7baWF1nwXO0ftP2/U2CPhCla55GWXzC4uxBsMohmjYeNZ00Quc3UW+BS8N590Ja,1.111346,3.164689,1.811388
20100,a7baWF1nwXO0ftP2/U2CPhCla55GWXzC4uxBsMohmjYeNZ00Quc3UW+BS8N590Ja,1.106481,30.156677000000002,4.410654
20400,a7baWF1nwXO0ftP2/U2CPhCla55GWXzC4uxBsMohmjYeNZ00Quc3UW+BS8N590Ja,1.112333,32.199348,7.5329999999999995
20700,a7baWF1nwXO0ftP2/U2CPhCla55GWXzC4uxBsMohmjYeNZ00Quc3UW+BS8N590Ja,1.087244,3.213532,1.6895509999999998
21000,a7baWF1nwXO0ftP2/U2CPhCla55GWXzC4uxBsMohmjYeNZ00Quc3UW+BS8N590Ja,0.6291869999999999,2.7141490000000004,1.5943260000000001
21300,a7baWF1nwXO0ftP2/U2CPhCla55GWXzC4uxBsMohmjYeNZ00Quc3UW+BS8N590Ja,1.097988,2.1930520000000002,1.6010469999999999
21600,a7baWF1nwXO0ftP2/U2CPhCla55GWXzC4uxBsMohmjYeNZ00Quc3UW+BS8N590Ja,1.097828,2.860911,1.666249
21900,a7baWF1nwXO0ftP2/U2CPhCla55GWXzC4uxBsMohmjYeNZ00Quc3UW+BS8N590Ja,1.106781,34.394234999999995,4.97654
22200,a7baWF1nwXO0ftP2/U2CPhCla55GWXzC4uxBsMohmjYeNZ00Quc3UW+BS8N590Ja,1.098111,2.479939,1.527101
22500,a7baWF1nwXO0ftP2/U2CPhCla55GWXzC4uxBsMohmjYeNZ00Quc3UW+BS8N590Ja,0.7248640000000001,2.916505,1.55294
22800,a7baWF1nwXO0ftP2/U2CPhCla55GWXzC4uxBsMohmjYeNZ00Quc3UW+BS8N590Ja,1.0883180000000001,2.789676,1.573267
23100,a7baWF1nwXO0ftP2/U2CPhCla55GWXzC4uxBsMohmjYeNZ00Quc3UW+BS8N590Ja,0.8190609999999999,2.256924,1.402844
23400,a7baWF1nwXO0ftP2/U2CPhCla55GWXzC4uxBsMohmjYeNZ00Quc3UW+BS8N590Ja,1.154449,3.1810419999999997,1.691488
23700,a7baWF1nwXO0ftP2/U2CPhCla55GWXzC4uxBsMohmjYeNZ00Quc3UW+BS8N590Ja,0.7698470000000001,2.704981,1.562878
24000,a7baWF1nwXO0ftP2/U2CPhCla55GWXzC4uxBsMohmjYeNZ00Quc3UW+BS8N590Ja,0.889918,2.1778459999999997,1.450473
24300,a7baWF1nwXO0ftP2/U2CPhCla55GWXzC4uxBsMohmjYeNZ00Quc3UW+BS8N590Ja,1.1784379999999999,2.802131,1.638356
24600,a7baWF1nwXO0ftP2/U2CPhCla55GWXzC4uxBsMohmjYeNZ00Quc3UW+BS8N590Ja,0.97825,2.602825,1.558689
24900,a7baWF1nwXO0ftP2/U2CPhCla55GWXzC4uxBsMohmjYeNZ00Quc3UW+BS8N590Ja,1.208548,2.348855,1.5144870000000001
25200,a7baWF1nwXO0ftP2/U2CPhCla55GWXzC4uxBsMohmjYeNZ00Quc3UW+BS8N590Ja,1.0206819999999999,2.78782,1.5598100000000001
25500,a7baWF1nwXO0ftP2/U2CPhCla55GWXzC4uxBsMohmjYeNZ00Quc3UW+BS8N590Ja,1.198942,19.761954,4.869989
25800,a7baWF1nwXO0ftP2/U2CPhCla55GWXzC4uxBsMohmjYeNZ00Quc3UW+BS8N590Ja,1.211278,3.910468,1.700869
26100,a7baWF1nwXO0ftP2/U2CPhCla55GWXzC4uxBsMohmjYeNZ00Quc3UW+BS8N590Ja,1.188585,3.1583200000000002,1.699704
26400,a7baWF1nwXO0ftP2/U2CPhCla55GWXzC4uxBsMohmjYeNZ00Quc3UW+BS8N590Ja,1.188864,2.240875,1.642075
26700,a7baWF1nwXO0ftP2/U2CPhCla55GWXzC4uxBsMohmjYeNZ00Quc3UW+BS8N590Ja,1.202235,2.1995970000000002,1.569158
27000,a7baWF1nwXO0ftP2/U2CPhCla55GWXzC4uxBsMohmjYeNZ00Quc3UW+BS8N590Ja,1.1584299999999998,3.127052,1.6653939999999998
27300,a7baWF1nwXO0ftP2/U2CPhCla55GWXzC4uxBsMohmjYeNZ00Quc3UW+BS8N590Ja,1.0763280000000002,2.2854099999999997,1.5726879999999999
27600,a7baWF1nwXO0ftP2/U2CPhCla55GWXzC4uxBsMohmjYeNZ00Quc3UW+BS8N590Ja,1.2128780000000001,2.224428,1.489681
27900,a7baWF1nwXO0ftP2/U2CPhCla55GWXzC4uxBsMohmjYeNZ00Quc3UW+BS8N590Ja,1.1829129999999999,2.801893,1.6125209999999999
28200,a7baWF1nwXO0ftP2/U2CPhCla55GWXzC4uxBsMohmjYeNZ00Quc3UW+BS8N590Ja,1.175816,2.318963,1.584603
28500,a7baWF1nwXO0ftP2/U2CPhCla55GWXzC4uxBsMohmjYeNZ00Quc3UW+BS8N590Ja,1.1760620000000002,4.427322,1.813507
28800,a7baWF1nwXO0ftP2/U2CPhCla55GWXzC4uxBsMohmjYeNZ00Quc3UW+BS8N590Ja,1.1652879999999999,2.8041099999999997,1.630471
29100,a7baWF1nwXO0ftP2/U2CPhCla55GWXzC4uxBsMohmjYeNZ00Quc3UW+BS8N590Ja,1.1984629999999998,34.785452,4.922454
29400,a7baWF1nwXO0ftP2/U2CPhCla55GWXzC4uxBsMohmjYeNZ00Quc3UW+BS8N590Ja,1.2272,2.224971,1.524237
29700,a7baWF1nwXO0ftP2/U2CPhCla55GWXzC4uxBsMohmjYeNZ00Quc3UW+BS8N590Ja,1.167608,2.82858,1.664721
30000,a7baWF1nwXO0ftP2/U2CPhCla55GWXzC4uxBsMohmjYeNZ00Quc3UW+BS8N590Ja,1.1787809999999999,2.28119,1.69105
30300,a7baWF1nwXO0ftP2/U2CPhCla55GWXzC4uxBsMohmjYeNZ00Quc3UW+BS8N590Ja,1.24013,2.2041630000000003,1.529782
30600,a7baWF1nwXO0ftP2/U2CPhCla55GWXzC4uxBsMohmjYeNZ00Quc3UW+BS8N590Ja,1.2210889999999999,3.129002,1.6768830000000001
30900,a7baWF1nwXO0ftP2/U2CPhCla55GWXzC4uxBsMohmjYeNZ00Quc3UW+BS8N590Ja,1.222656,2.4706099999999998,1.643566
31200,a7baWF1nwXO0ftP2/U2CPhCla55GWXzC4uxBsMohmjYeNZ00Quc3UW+BS8N590Ja,1.23252,2.029557,1.494438
31500,a7baWF1nwXO0ftP2/U2CPhCla55GWXzC4uxBsMohmjYeNZ00Quc3UW+BS8N590Ja,1.229868,2.619366,1.792576
31800,a7baWF1nwXO0ftP2/U2CPhCla55GWXzC4uxBsMohmjYeNZ00Quc3UW+BS8N590Ja,1.195964,2.208837,1.504356
32100,a7baWF1nwXO0ftP2/U2CPhCla55GWXzC4uxBsMohmjYeNZ00Quc3UW+BS8N590Ja,1.128892,2.5469049999999998,1.6490630000000002
32400,a7baWF1nwXO0ftP2/U2CPhCla55GWXzC4uxBsMohmjYeNZ00Quc3UW+BS8N590Ja,1.19127,2.787903,1.659834
32700,a7baWF1nwXO0ftP2/U2CPhCla55GWXzC4uxBsMohmjYeNZ00Quc3UW+BS8N590Ja,0.900768,33.857853999999996,4.72885
33000,a7baWF1nwXO0ftP2/U2CPhCla55GWXzC4uxBsMohmjYeNZ00Quc3UW+BS8N590Ja,1.230529,2.2596689999999997,1.610333
33300,a7baWF1nwXO0ftP2/U2CPhCla55GWXzC4uxBsMohmjYeNZ00Quc3UW+BS8N590Ja,0.9805,2.79544,1.60446
33600,a7baWF1nwXO0ftP2/U2CPhCla55GWXzC4uxBsMohmjYeNZ00Quc3UW+BS8N590Ja,1.200926,2.687273,1.519939
33900,a7baWF1nwXO0ftP2/U2CPhCla55GWXzC4uxBsMohmjYeNZ00Quc3UW+BS8N590Ja,1.253658,2.190747,1.567817
34200,a7baWF1nwXO0ftP2/U2CPhCla55GWXzC4uxBsMohmjYeNZ00Quc3UW+BS8N590Ja,1.19147,2.943793,1.726225
34500,a7baWF1nwXO0ftP2/U2CPhCla55GWXzC4uxBsMohmjYeNZ00Quc3UW+BS8N590Ja,1.191093,2.727278,1.554475
34800,a7baWF1nwXO0ftP2/U2CPhCla55GWXzC4uxBsMohmjYeNZ00Quc3UW+BS8N590Ja,1.2130040000000002,2.279102,1.705093
35100,a7baWF1nwXO0ftP2/U2CPhCla55GWXzC4uxBsMohmjYeNZ00Quc3UW+BS8N590Ja,1.221619,2.854375,1.6912740000000002
35400,a7baWF1nwXO0ftP2/U2CPhCla55GWXzC4uxBsMohmjYeNZ00Quc3UW+BS8N590Ja,1.211178,2.625865,1.545756
35700,a7baWF1nwXO0ftP2/U2CPhCla55GWXzC4uxBsMohmjYeNZ00Quc3UW+BS8N590Ja,1.232325,3.20079,1.801843
36000,a7baWF1nwXO0ftP2/U2CPhCla55GWXzC4uxBsMohmjYeNZ00Quc3UW+BS8N590Ja,1.207775,2.874759,1.63953
36300,a7baWF1nwXO0ftP2/U2CPhCla55GWXzC4uxBsMohmjYeNZ00Quc3UW+BS8N590Ja,1.250297,29.577053000000003,4.897578
36600,a7baWF1nwXO0ftP2/U2CPhCla55GWXzC4uxBsMohmjYeNZ00Quc3UW+BS8N590Ja,0.726255,2.1818560000000002,1.5247549999999999
36900,a7baWF1nwXO0ftP2/U2CPhCla55GWXzC4uxBsMohmjYeNZ00Quc3UW+BS8N590Ja,1.214896,2.932239,1.7388
37200,a7baWF1nwXO0ftP2/U2CPhCla55GWXzC4uxBsMohmjYeNZ00Quc3UW+BS8N590Ja,1.20792,2.612525,1.5289059999999999
37500,a7baWF1nwXO0ftP2/U2CPhCla55GWXzC4uxBsMohmjYeNZ00Quc3UW+BS8N590Ja,0.66076,2.294839,1.5876540000000001
37800,a7baWF1nwXO0ftP2/U2CPhCla55GWXzC4uxBsMohmjYeNZ00Quc3UW+BS8N590Ja,1.219041,2.846839,1.784843
38100,a7baWF1nwXO0ftP2/U2CPhCla55GWXzC4uxBsMohmjYeNZ00Quc3UW+BS8N590Ja,1.000874,2.652957,1.51555
38400,a7baWF1nwXO0ftP2/U2CPhCla55GWXzC4uxBsMohmjYeNZ00Quc3UW+BS8N590Ja,1.198028,2.288912,1.618873
38700,a7baWF1nwXO0ftP2/U2CPhCla55GWXzC4uxBsMohmjYeNZ00Quc3UW+BS8N590Ja,0.688979,2.91555,1.5734629999999998
39000,a7baWF1nwXO0ftP2/U2CPhCla55GWXzC4uxBsMohmjYeNZ00Quc3UW+BS8N590Ja,1.224232,2.694497,1.52904
39300,a7baWF1nwXO0ftP2/U2CPhCla55GWXzC4uxBsMohmjYeNZ00Quc3UW+BS8N590Ja,1.233675,2.2317299999999998,1.582309
39600,a7baWF1nwXO0ftP2/U2CPhCla55GWXzC4uxBsMohmjYeNZ00Quc3UW+BS8N590Ja,1.206177,2.960801,1.693128
39900,a7baWF1nwXO0ftP2/U2CPhCla55GWXzC4uxBsMohmjYeNZ00Quc3UW+BS8N590Ja,1.197848,35.528909999999996,4.8754800000000005
40200,a7baWF1nwXO0ftP2/U2CPhCla55GWXzC4uxBsMohmjYeNZ00Quc3UW+BS8N590Ja,0.8916850000000001,2.215672,1.595477
40500,a7baWF1nwXO0ftP2/U2CPhCla55GWXzC4uxBsMohmjYeNZ00Quc3UW+BS8N590Ja,1.203453,2.860952,1.6994619999999998
40800,a7baWF1nwXO0ftP2/U2CPhCla55GWXzC4uxBsMohmjYeNZ00Quc3UW+BS8N590Ja,0.833843,2.8228400000000002,1.530629
41100,a7baWF1nwXO0ftP2/U2CPhCla55GWXzC4uxBsMohmjYeNZ00Quc3UW+BS8N590Ja,1.244667,2.405507,1.7052490000000002
41400,a7baWF1nwXO0ftP2/U2CPhCla55GWXzC4uxBsMohmjYeNZ00Quc3UW+BS8N590Ja,0.681811,3.006605,1.681168
41700,a7baWF1nwXO0ftP2/U2CPhCla55GWXzC4uxBsMohmjYeNZ00Quc3UW+BS8N590Ja,1.241123,2.6960029999999997,1.552785
42000,a7baWF1nwXO0ftP2/U2CPhCla55GWXzC4uxBsMohmjYeNZ00Quc3UW+BS8N590Ja,1.021108,2.204242,1.559128
42300,a7baWF1nwXO0ftP2/U2CPhCla55GWXzC4uxBsMohmjYeNZ00Quc3UW+BS8N590Ja,1.184723,2.971696,1.6894259999999999
42600,a7baWF1nwXO0ftP2/U2CPhCla55GWXzC4uxBsMohmjYeNZ00Quc3UW+BS8N590Ja,0.580611,2.508393,1.431182
42900,a7baWF1nwXO0ftP2/U2CPhCla55GWXzC4uxBsMohmjYeNZ00Quc3UW+BS8N590Ja,0.6988850000000001,2.1341490000000003,1.588383
43200,a7baWF1nwXO0ftP2/U2CPhCla55GWXzC4uxBsMohmjYeNZ00Quc3UW+BS8N590Ja,1.2452450000000002,2.818119,1.6940979999999999
43500,a7baWF1nwXO0ftP2/U2CPhCla55GWXzC4uxBsMohmjYeNZ00Quc3UW+BS8N590Ja,1.176735,25.467868,4.839679
43800,a7baWF1nwXO0ftP2/U2CPhCla55GWXzC4uxBsMohmjYeNZ00Quc3UW+BS8N590Ja,1.216405,2.0887759999999997,1.622782
44100,a7baWF1nwXO0ftP2/U2CPhCla55GWXzC4uxBsMohmjYeNZ00Quc3UW+BS8N590Ja,1.2142959999999998,2.7509349999999997,1.783943
44400,a7baWF1nwXO0ftP2/U2CPhCla55GWXzC4uxBsMohmjYeNZ00Quc3UW+BS8N590Ja,1.1934879999999999,2.2388630000000003,1.550758
44700,a7baWF1nwXO0ftP2/U2CPhCla55GWXzC4uxBsMohmjYeNZ00Quc3UW+BS8N590Ja,1.222389,2.799477,1.5774
45000,a7baWF1nwXO0ftP2/U2CPhCla55GWXzC4uxBsMohmjYeNZ00Quc3UW+BS8N590Ja,1.22796,2.7156439999999997,1.727081
45300,a7baWF1nwXO0ftP2/U2CPhCla55GWXzC4uxBsMohmjYeNZ00Quc3UW+BS8N590Ja,1.191805,5.627441999999999,1.904677
45600,a7baWF1nwXO0ftP2/U2CPhCla55GWXzC4uxBsMohmjYeNZ00Quc3UW+BS8N590Ja,0.669984,2.915633,1.553028
45900,a7baWF1nwXO0ftP2/U2CPhCla55GWXzC4uxBsMohmjYeNZ00Quc3UW+BS8N590Ja,1.208493,2.8447080000000002,1.700077
46200,a7baWF1nwXO0ftP2/U2CPhCla55GWXzC4uxBsMohmjYeNZ00Quc3UW+BS8N590Ja,1.219938,2.148673,1.614519
46500,a7baWF1nwXO0ftP2/U2CPhCla55GWXzC4uxBsMohmjYeNZ00Quc3UW+BS8N590Ja,1.200596,2.843242,1.6741650000000001
46800,a7baWF1nwXO0ftP2/U2CPhCla55GWXzC4uxBsMohmjYeNZ00Quc3UW+BS8N590Ja,0.860734,2.787425,1.666924
47100,a7baWF1nwXO0ftP2/U2CPhCla55GWXzC4uxBsMohmjYeNZ00Quc3UW+BS8N590Ja,1.2022030000000001,35.144803,4.827891
47400,a7baWF1nwXO0ftP2/U2CPhCla55GWXzC4uxBsMohmjYeNZ00Quc3UW+BS8N590Ja,1.1856309999999999,2.882059,1.695582
47700,a7baWF1nwXO0ftP2/U2CPhCla55GWXzC4uxBsMohmjYeNZ00Quc3UW+BS8N590Ja,1.199748,2.812523,1.6804279999999998
48000,a7baWF1nwXO0ftP2/U2CPhCla55GWXzC4uxBsMohmjYeNZ00Quc3UW+BS8N590Ja,1.169115,6.617916999999999,1.979745
48300,a7baWF1nwXO0ftP2/U2CPhCla55GWXzC4uxBsMohmjYeNZ00Quc3UW+BS8N590Ja,1.195936,2.905755,1.671777
48600,a7baWF1nwXO0ftP2/U2CPhCla55GWXzC4uxBsMohmjYeNZ00Quc3UW+BS8N590Ja,1.1619709999999999,3.076937,1.799102
48900,a7baWF1nwXO0ftP2/U2CPhCla55GWXzC4uxBsMohmjYeNZ00Quc3UW+BS8N590Ja,0.8824700000000001,30.688544,4.448641
49200,a7baWF1nwXO0ftP2/U2CPhCla55GWXzC4uxBsMohmjYeNZ00Quc3UW+BS8N590Ja,1.239156,32.702484999999996,7.543606
49500,a7baWF1nwXO0ftP2/U2CPhCla55GWXzC4uxBsMohmjYeNZ00Quc3UW+BS8N590Ja,1.0852680000000001,2.825935,1.710934
49800,a7baWF1nwXO0ftP2/U2CPhCla55GWXzC4uxBsMohmjYeNZ00Quc3UW+BS8N590Ja,1.208796,2.288617,1.556673
50100,a7baWF1nwXO0ftP2/U2CPhCla55GWXzC4uxBsMohmjYeNZ00Quc3UW+BS8N590Ja,1.181928,2.886454,1.635757
50400,a7baWF1nwXO0ftP2/U2CPhCla55GWXzC4uxBsMohmjYeNZ00Quc3UW+BS8N590Ja,1.2201950000000001,2.799044,1.668406
50700,a7baWF1nwXO0ftP2/U2CPhCla55GWXzC4uxBsMohmjYeNZ00Quc3UW+BS8N590Ja,1.211543,35.376244,4.8350610000000005
51000,a7baWF1nwXO0ftP2/U2CPhCla55GWXzC4uxBsMohmjYeNZ00Quc3UW+BS8N590Ja,0.6755439999999999,3.016657,1.570648
51300,a7baWF1nwXO0ftP2/U2CPhCla55GWXzC4uxBsMohmjYeNZ00Quc3UW+BS8N590Ja,1.209041,2.971259,1.6951490000000002
51600,a7baWF1nwXO0ftP2/U2CPhCla55GWXzC4uxBsMohmjYeNZ00Quc3UW+BS8N590Ja,0.825434,2.327945,1.4778129999999998
51900,a7baWF1nwXO0ftP2/U2CPhCla55GWXzC4uxBsMohmjYeNZ00Quc3UW+BS8N590Ja,1.179015,2.792741,1.625967
52200,a7baWF1nwXO0ftP2/U2CPhCla55GWXzC4uxBsMohmjYeNZ00Quc3UW+BS8N590Ja,0.609424,2.954724,1.655461
52500,a7baWF1nwXO0ftP2/U2CPhCla55GWXzC4uxBsMohmjYeNZ00Quc3UW+BS8N590Ja,1.17467,2.337854,1.5951620000000002
52800,a7baWF1nwXO0ftP2/U2CPhCla55GWXzC4uxBsMohmjYeNZ00Quc3UW+BS8N590Ja,0.708026,2.8555490000000003,1.496448
53100,a7baWF1nwXO0ftP2/U2CPhCla55GWXzC4uxBsMohmjYeNZ00Quc3UW+BS8N590Ja,1.155849,2.989976,1.696173
53400,a7baWF1nwXO0ftP2/U2CPhCla55GWXzC4uxBsMohmjYeNZ00Quc3UW+BS8N590Ja,0.8941450000000001,2.182977,1.391614
53700,a7baWF1nwXO0ftP2/U2CPhCla55GWXzC4uxBsMohmjYeNZ00Quc3UW+BS8N590Ja,1.197482,2.8712779999999998,1.634451
54000,a7baWF1nwXO0ftP2/U2CPhCla55GWXzC4uxBsMohmjYeNZ00Quc3UW+BS8N590Ja,1.209899,2.812626,1.6618950000000001
54300,a7baWF1nwXO0ftP2/U2CPhCla55GWXzC4uxBsMohmjYeNZ00Quc3UW+BS8N590Ja,1.2083620000000002,29.45942,4.820182
54600,a7baWF1nwXO0ftP2/U2CPhCla55GWXzC4uxBsMohmjYeNZ00Quc3UW+BS8N590Ja,1.183983,2.815116,1.612857
54900,a7baWF1nwXO0ftP2/U2CPhCla55GWXzC4uxBsMohmjYeNZ00Quc3UW+BS8N590Ja,1.160165,2.7523009999999997,1.722879
55200,a7baWF1nwXO0ftP2/U2CPhCla55GWXzC4uxBsMohmjYeNZ00Quc3UW+BS8N590Ja,1.180823,2.209419,1.515367
55500,a7baWF1nwXO0ftP2/U2CPhCla55GWXzC4uxBsMohmjYeNZ00Quc3UW+BS8N590Ja,0.63879,2.791203,1.586899
55800,a7baWF1nwXO0ftP2/U2CPhCla55GWXzC4uxBsMohmjYeNZ00Quc3UW+BS8N590Ja,1.1692,2.599628,1.678084
56100,a7baWF1nwXO0ftP2/U2CPhCla55GWXzC4uxBsMohmjYeNZ00Quc3UW+BS8N590Ja,0.9505319999999999,1.789355,1.433535
56400,a7baWF1nwXO0ftP2/U2CPhCla55GWXzC4uxBsMohmjYeNZ00Quc3UW+BS8N590Ja,1.135163,2.751966,1.62575
56700,a7baWF1nwXO0ftP2/U2CPhCla55GWXzC4uxBsMohmjYeNZ00Quc3UW+BS8N590Ja,1.192258,2.178412,1.576565
57000,a7baWF1nwXO0ftP2/U2CPhCla55GWXzC4uxBsMohmjYeNZ00Quc3UW+BS8N590Ja,1.0007059999999999,2.293012,1.57618
57300,a7baWF1nwXO0ftP2/U2CPhCla55GWXzC4uxBsMohmjYeNZ00Quc3UW+BS8N590Ja,1.222201,20.171708,3.7626720000000002
57600,a7baWF1nwXO0ftP2/U2CPhCla55GWXzC4uxBsMohmjYeNZ00Quc3UW+BS8N590Ja,1.1263370000000001,2.154265,1.57064
57900,a7baWF1nwXO0ftP2/U2CPhCla55GWXzC4uxBsMohmjYeNZ00Quc3UW+BS8N590Ja,1.21076,34.902623999999996,4.898568
58200,a7baWF1nwXO0ftP2/U2CPhCla55GWXzC4uxBsMohmjYeNZ00Quc3UW+BS8N590Ja,1.1735010000000001,2.8217950000000003,1.59999
58500,a7baWF1nwXO0ftP2/U2CPhCla55GWXzC4uxBsMohmjYeNZ00Quc3UW+BS8N590Ja,1.19579,2.303232,1.5983459999999998
58800,a7baWF1nwXO0ftP2/U2CPhCla55GWXzC4uxBsMohmjYeNZ00Quc3UW+BS8N590Ja,1.14625,2.195206,1.541939
59100,a7baWF1nwXO0ftP2/U2CPhCla55GWXzC4uxBsMohmjYeNZ00Quc3UW+BS8N590Ja,1.186994,2.7812650000000003,1.7180220000000002
59400,a7baWF1nwXO0ftP2/U2CPhCla55GWXzC4uxBsMohmjYeNZ00Quc3UW+BS8N590Ja,1.1614010000000001,2.440467,1.6281219999999998
59700,a7baWF1nwXO0ftP2/U2CPhCla55GWXzC4uxBsMohmjYeNZ00Quc3UW+BS8N590Ja,1.1868319999999999,2.287566,1.7066119999999998
60000,a7baWF1nwXO0ftP2/U2CPhCla55GWXzC4uxBsMohmjYeNZ00Quc3UW+BS8N590Ja,1.205014,2.685937,1.618015
60300,a7baWF1nwXO0ftP2/U2CPhCla55GWXzC4uxBsMohmjYeNZ00Quc3UW+BS8N590Ja,1.190365,2.216797,1.577392
60600,a7baWF1nwXO0ftP2/U2CPhCla55GWXzC4uxBsMohmjYeNZ00Quc3UW+BS8N590Ja,1.175047,2.248486,1.609074
60900,a7baWF1nwXO0ftP2/U2CPhCla55GWXzC4uxBsMohmjYeNZ00Quc3UW+BS8N590Ja,1.045188,2.701534,1.534492
61200,a7baWF1nwXO0ftP2/U2CPhCla55GWXzC4uxBsMohmjYeNZ00Quc3UW+BS8N590Ja,1.177806,2.269939,1.570665
61500,a7baWF1nwXO0ftP2/U2CPhCla55GWXzC4uxBsMohmjYeNZ00Quc3UW+BS8N590Ja,1.026953,22.878123000000002,4.800751999999999
61800,a7baWF1nwXO0ftP2/U2CPhCla55GWXzC4uxBsMohmjYeNZ00Quc3UW+BS8N590Ja,0.6449050000000001,2.802606,1.538874
62100,a7baWF1nwXO0ftP2/U2CPhCla55GWXzC4uxBsMohmjYeNZ00Quc3UW+BS8N590Ja,1.176787,2.188598,1.548728
62400,a7baWF1nwXO0ftP2/U2CPhCla55GWXzC4uxBsMohmjYeNZ00Quc3UW+BS8N590Ja,0.6755939999999999,2.263536,1.619178
62700,a7baWF1nwXO0ftP2/U2CPhCla55GWXzC4uxBsMohmjYeNZ00Quc3UW+BS8N590Ja,1.282707,2.815256,1.6974240000000003
63000,a7baWF1nwXO0ftP2/U2CPhCla55GWXzC4uxBsMohmjYeNZ00Quc3UW+BS8N590Ja,0.773138,2.454336,1.587193
63300,a7baWF1nwXO0ftP2/U2CPhCla55GWXzC4uxBsMohmjYeNZ00Quc3UW+BS8N590Ja,1.196307,2.183824,1.6139270000000001
63600,a7baWF1nwXO0ftP2/U2CPhCla55GWXzC4uxBsMohmjYeNZ00Quc3UW+BS8N590Ja,1.166161,2.719008,1.639978
63900,a7baWF1nwXO0ftP2/U2CPhCla55GWXzC4uxBsMohmjYeNZ00Quc3UW+BS8N590Ja,1.168924,2.270716,1.58086
64200,a7baWF1nwXO0ftP2/U2CPhCla55GWXzC4uxBsMohmjYeNZ00Quc3UW+BS8N590Ja,1.173612,2.192598,1.621307
64500,a7baWF1nwXO0ftP2/U2CPhCla55GWXzC4uxBsMohmjYeNZ00Quc3UW+BS8N590Ja,0.864625,34.544998,4.769977
64800,a7baWF1nwXO0ftP2/U2CPhCla55GWXzC4uxBsMohmjYeNZ00Quc3UW+BS8N590Ja,1.215474,2.1941080000000004,1.5918379999999999
65100,a7baWF1nwXO0ftP2/U2CPhCla55GWXzC4uxBsMohmjYeNZ00Quc3UW+BS8N590Ja,0.770698,2.2475259999999997,1.6039
65400,a7baWF1nwXO0ftP2/U2CPhCla55GWXzC4uxBsMohmjYeNZ00Quc3UW+BS8N590Ja,1.1847729999999999,2.746269,1.671255
65700,a7baWF1nwXO0ftP2/U2CPhCla55GWXzC4uxBsMohmjYeNZ00Quc3UW+BS8N590Ja,0.8017270000000001,2.22188,1.5537459999999998
66000,a7baWF1nwXO0ftP2/U2CPhCla55GWXzC4uxBsMohmjYeNZ00Quc3UW+BS8N590Ja,1.188092,2.262171,1.6465169999999998
66300,a7baWF1nwXO0ftP2/U2CPhCla55GWXzC4uxBsMohmjYeNZ00Quc3UW+BS8N590Ja,1.116962,2.719287,1.5613629999999998
66600,a7baWF1nwXO0ftP2/U2CPhCla55GWXzC4uxBsMohmjYeNZ00Quc3UW+BS8N590Ja,1.1969459999999998,2.45096,1.629167
66900,a7baWF1nwXO0ftP2/U2CPhCla55GWXzC4uxBsMohmjYeNZ00Quc3UW+BS8N590Ja,1.1887020000000001,2.19136,1.544909
67200,a7baWF1nwXO0ftP2/U2CPhCla55GWXzC4uxBsMohmjYeNZ00Quc3UW+BS8N590Ja,1.2163549999999999,2.761732,1.678693
67500,a7baWF1nwXO0ftP2/U2CPhCla55GWXzC4uxBsMohmjYeNZ00Quc3UW+BS8N590Ja,1.211845,2.083913,1.575764
67800,a7baWF1nwXO0ftP2/U2CPhCla55GWXzC4uxBsMohmjYeNZ00Quc3UW+BS8N590Ja,1.189535,2.3181540000000003,1.6957740000000001
68100,a7baWF1nwXO0ftP2/U2CPhCla55GWXzC4uxBsMohmjYeNZ00Quc3UW+BS8N590Ja,1.1642540000000001,2.576365,1.637731
68400,a7baWF1nwXO0ftP2/U2CPhCla55GWXzC4uxBsMohmjYeNZ00Quc3UW+BS8N590Ja,1.192525,2.0854939999999997,1.539582
68700,a7baWF1nwXO0ftP2/U2CPhCla55GWXzC4uxBsMohmjYeNZ00Quc3UW+BS8N590Ja,1.16543,35.500674,4.951601
69000,a7baWF1nwXO0ftP2/U2CPhCla55GWXzC4uxBsMohmjYeNZ00Quc3UW+BS8N590Ja,1.119148,2.237207,1.46947
69300,a7baWF1nwXO0ftP2/U2CPhCla55GWXzC4uxBsMohmjYeNZ00Quc3UW+BS8N590Ja,1.165689,2.3906959999999997,1.617977
69600,a7baWF1nwXO0ftP2/U2CPhCla55GWXzC4uxBsMohmjYeNZ00Quc3UW+BS8N590Ja,1.193867,2.1770560000000003,1.4517950000000002
69900,a7baWF1nwXO0ftP2/U2CPhCla55GWXzC4uxBsMohmjYeNZ00Quc3UW+BS8N590Ja,1.200057,2.808481,1.59643
70200,a7baWF1nwXO0ftP2/U2CPhCla55GWXzC4uxBsMohmjYeNZ00Quc3UW+BS8N590Ja,1.188173,2.47653,1.6291
70500,a7baWF1nwXO0ftP2/U2CPhCla55GWXzC4uxBsMohmjYeNZ00Quc3UW+BS8N590Ja,0.715793,3.095601,1.476587
70800,a7baWF1nwXO0ftP2/U2CPhCla55GWXzC4uxBsMohmjYeNZ00Quc3UW+BS8N590Ja,1.18565,2.710157,1.640945
71100,a7baWF1nwXO0ftP2/U2CPhCla55GWXzC4uxBsMohmjYeNZ00Quc3UW+BS8N590Ja,0.604061,2.047705,1.429566
71400,a7baWF1nwXO0ftP2/U2CPhCla55GWXzC4uxBsMohmjYeNZ00Quc3UW+BS8N590Ja,1.2038200000000001,3.084943,1.6306889999999998
71700,a7baWF1nwXO0ftP2/U2CPhCla55GWXzC4uxBsMohmjYeNZ00Quc3UW+BS8N590Ja,0.8607940000000001,2.29383,1.4397440000000001
72000,a7baWF1nwXO0ftP2/U2CPhCla55GWXzC4uxBsMohmjYeNZ00Quc3UW+BS8N590Ja,1.201488,2.2867669999999998,1.604952
72300,a7baWF1nwXO0ftP2/U2CPhCla55GWXzC4uxBsMohmjYeNZ00Quc3UW+BS8N590Ja,1.169086,27.215159999999997,4.731068
72600,a7baWF1nwXO0ftP2/U2CPhCla55GWXzC4uxBsMohmjYeNZ00Quc3UW+BS8N590Ja,1.184728,2.7983759999999998,1.55387
72900,a7baWF1nwXO0ftP2/U2CPhCla55GWXzC4uxBsMohmjYeNZ00Quc3UW+BS8N590Ja,1.1952610000000001,2.185407,1.577644
73200,a7baWF1nwXO0ftP2/U2CPhCla55GWXzC4uxBsMohmjYeNZ00Quc3UW+BS8N590Ja,0.703903,3.107812,1.4641440000000001
73500,a7baWF1nwXO0ftP2/U2CPhCla55GWXzC4uxBsMohmjYeNZ00Quc3UW+BS8N590Ja,1.194132,2.671079,1.618295
73800,a7baWF1nwXO0ftP2/U2CPhCla55GWXzC4uxBsMohmjYeNZ00Quc3UW+BS8N590Ja,0.671457,2.491902,1.4632209999999999
74100,a7baWF1nwXO0ftP2/U2CPhCla55GWXzC4uxBsMohmjYeNZ00Quc3UW+BS8N590Ja,1.190507,2.967181,1.614874
74400,a7baWF1nwXO0ftP2/U2CPhCla55GWXzC4uxBsMohmjYeNZ00Quc3UW+BS8N590Ja,0.959875,2.23808,1.453592
74700,a7baWF1nwXO0ftP2/U2CPhCla55GWXzC4uxBsMohmjYeNZ00Quc3UW+BS8N590Ja,1.173154,2.20823,1.5699889999999999
75000,a7baWF1nwXO0ftP2/U2CPhCla55GWXzC4uxBsMohmjYeNZ00Quc3UW+BS8N590Ja,1.152491,2.179586,1.436949
75300,a7baWF1nwXO0ftP2/U2CPhCla55GWXzC4uxBsMohmjYeNZ00Quc3UW+BS8N590Ja,0.5808760000000001,2.6707259999999997,1.444625
75600,a7baWF1nwXO0ftP2/U2CPhCla55GWXzC4uxBsMohmjYeNZ00Quc3UW+BS8N590Ja,1.14123,2.297007,1.5596860000000001
75900,a7baWF1nwXO0ftP2/U2CPhCla55GWXzC4uxBsMohmjYeNZ00Quc3UW+BS8N590Ja,0.7248829999999999,36.275818,4.960562
76200,a7baWF1nwXO0ftP2/U2CPhCla55GWXzC4uxBsMohmjYeNZ00Quc3UW+BS8N590Ja,1.179254,2.600392,1.594303
76500,a7baWF1nwXO0ftP2/U2CPhCla55GWXzC4uxBsMohmjYeNZ00Quc3UW+BS8N590Ja,1.1541379999999999,2.0205029999999997,1.504441
76800,a7baWF1nwXO0ftP2/U2CPhCla55GWXzC4uxBsMohmjYeNZ00Quc3UW+BS8N590Ja,1.189327,3.009293,1.6018459999999999
77100,a7baWF1nwXO0ftP2/U2CPhCla55GWXzC4uxBsMohmjYeNZ00Quc3UW+BS8N590Ja,1.191101,2.18503,1.499212
77400,a7baWF1nwXO0ftP2/U2CPhCla55GWXzC4uxBsMohmjYeNZ00Quc3UW+BS8N590Ja,1.201273,2.385881,1.622622
77700,a7baWF1nwXO0ftP2/U2CPhCla55GWXzC4uxBsMohmjYeNZ00Quc3UW+BS8N590Ja,1.198293,27.163773,4.212827
78000,a7baWF1nwXO0ftP2/U2CPhCla55GWXzC4uxBsMohmjYeNZ00Quc3UW+BS8N590Ja,1.040758,45.929978000000006,6.334116000000001
78300,a7baWF1nwXO0ftP2/U2CPhCla55GWXzC4uxBsMohmjYeNZ00Quc3UW+BS8N590Ja,1.241578,2.295995,1.6542150000000002
78600,a7baWF1nwXO0ftP2/U2CPhCla55GWXzC4uxBsMohmjYeNZ00Quc3UW+BS8N590Ja,0.945901,4.298607,1.642469
78900,a7baWF1nwXO0ftP2/U2CPhCla55GWXzC4uxBsMohmjYeNZ00Quc3UW+BS8N590Ja,1.281234,6.728234,2.4205200000000002
79200,a7baWF1nwXO0ftP2/U2CPhCla55GWXzC4uxBsMohmjYeNZ00Quc3UW+BS8N590Ja,1.2237879999999999,11.857188,3.6746540000000003
79500,a7baWF1nwXO0ftP2/U2CPhCla55GWXzC4uxBsMohmjYeNZ00Quc3UW+BS8N590Ja,1.232537,25.801627,5.0468589999999995
79800,a7baWF1nwXO0ftP2/U2CPhCla55GWXzC4uxBsMohmjYeNZ00Quc3UW+BS8N590Ja,1.086649,2.2090810000000003,1.512939
80100,a7baWF1nwXO0ftP2/U2CPhCla55GWXzC4uxBsMohmjYeNZ00Quc3UW+BS8N590Ja,1.229007,2.210318,1.741004
80400,a7baWF1nwXO0ftP2/U2CPhCla55GWXzC4uxBsMohmjYeNZ00Quc3UW+BS8N590Ja,1.230326,3.8339800000000004,1.7757040000000002
80700,a7baWF1nwXO0ftP2/U2CPhCla55GWXzC4uxBsMohmjYeNZ00Quc3UW+BS8N590Ja,1.210928,25.622647,3.954015
81000,a7baWF1nwXO0ftP2/U2CPhCla55GWXzC4uxBsMohmjYeNZ00Quc3UW+BS8N590Ja,1.1969379999999998,2.3620200000000002,1.625405
81300,a7baWF1nwXO0ftP2/U2CPhCla55GWXzC4uxBsMohmjYeNZ00Quc3UW+BS8N590Ja,1.212525,2.969319,1.632106
81600,a7baWF1nwXO0ftP2/U2CPhCla55GWXzC4uxBsMohmjYeNZ00Quc3UW+BS8N590Ja,1.2390139999999998,2.214856,1.524774
81900,a7baWF1nwXO0ftP2/U2CPhCla55GWXzC4uxBsMohmjYeNZ00Quc3UW+BS8N590Ja,0.948205,2.309895,1.6591150000000001
82200,a7baWF1nwXO0ftP2/U2CPhCla55GWXzC4uxBsMohmjYeNZ00Quc3UW+BS8N590Ja,1.189467,2.740428,1.664737
82500,a7baWF1nwXO0ftP2/U2CPhCla55GWXzC4uxBsMohmjYeNZ00Quc3UW+BS8N590Ja,0.997649,2.28572,1.469063
82800,a7baWF1nwXO0ftP2/U2CPhCla55GWXzC4uxBsMohmjYeNZ00Quc3UW+BS8N590Ja,1.205329,2.286316,1.687114
83100,a7baWF1nwXO0ftP2/U2CPhCla55GWXzC4uxBsMohmjYeNZ00Quc3UW+BS8N590Ja,0.964628,33.857919,4.78175
83400,a7baWF1nwXO0ftP2/U2CPhCla55GWXzC4uxBsMohmjYeNZ00Quc3UW+BS8N590Ja,1.2325780000000002,2.304079,1.619062
83700,a7baWF1nwXO0ftP2/U2CPhCla55GWXzC4uxBsMohmjYeNZ00Quc3UW+BS8N590Ja,1.222542,2.605898,1.752752
84000,a7baWF1nwXO0ftP2/U2CPhCla55GWXzC4uxBsMohmjYeNZ00Quc3UW+BS8N590Ja,1.21139,2.862461,1.745932
84300,a7baWF1nwXO0ftP2/U2CPhCla55GWXzC4uxBsMohmjYeNZ00Quc3UW+BS8N590Ja,1.244887,2.479723,1.62116
84600,a7baWF1nwXO0ftP2/U2CPhCla55GWXzC4uxBsMohmjYeNZ00Quc3UW+BS8N590Ja,1.215379,2.528048,1.928484
84900,a7baWF1nwXO0ftP2/U2CPhCla55GWXzC4uxBsMohmjYeNZ00Quc3UW+BS8N590Ja,1.239054,2.820255,1.665398
85200,a7baWF1nwXO0ftP2/U2CPhCla55GWXzC4uxBsMohmjYeNZ00Quc3UW+BS8N590Ja,0.7584380000000001,2.327799,1.452015
85500,a7baWF1nwXO0ftP2/U2CPhCla55GWXzC4uxBsMohmjYeNZ00Quc3UW+BS8N590Ja,1.2398770000000001,2.27913,1.6860119999999998
85800,a7baWF1nwXO0ftP2/U2CPhCla55GWXzC4uxBsMohmjYeNZ00Quc3UW+BS8N590Ja,0.8037880000000001,2.755884,1.523591
86100,a7baWF1nwXO0ftP2/U2CPhCla55GWXzC4uxBsMohmjYeNZ00Quc3UW+BS8N590Ja,1.236472,2.249763,1.589328
86400,a7baWF1nwXO0ftP2/U2CPhCla55GWXzC4uxBsMohmjYeNZ00Quc3UW+BS8N590Ja,1.198225,2.309582,1.686077
86700,a7baWF1nwXO0ftP2/U2CPhCla55GWXzC4uxBsMohmjYeNZ00Quc3UW+BS8N590Ja,0.975474,34.474301000000004,4.9423010000000005
87000,a7baWF1nwXO0ftP2/U2CPhCla55GWXzC4uxBsMohmjYeNZ00Quc3UW+BS8N590Ja,1.2435450000000001,2.214562,1.539264
87300,a7baWF1nwXO0ftP2/U2CPhCla55GWXzC4uxBsMohmjYeNZ00Quc3UW+BS8N590Ja,0.717245,2.322625,1.6903099999999998
87600,a7baWF1nwXO0ftP2/U2CPhCla55GWXzC4uxBsMohmjYeNZ00Quc3UW+BS8N590Ja,1.213278,2.710269,1.606766
87900,a7baWF1nwXO0ftP2/U2CPhCla55GWXzC4uxBsMohmjYeNZ00Quc3UW+BS8N590Ja,0.6705479999999999,2.230013,1.413165
88200,a7baWF1nwXO0ftP2/U2CPhCla55GWXzC4uxBsMohmjYeNZ00Quc3UW+BS8N590Ja,1.208413,2.3546099999999996,1.7108889999999999
88500,a7baWF1nwXO0ftP2/U2CPhCla55GWXzC4uxBsMohmjYeNZ00Quc3UW+BS8N590Ja,0.7387,2.7277310000000003,1.5078989999999999
88800,a7baWF1nwXO0ftP2/U2CPhCla55GWXzC4uxBsMohmjYeNZ00Quc3UW+BS8N590Ja,1.207777,2.273504,1.562669
89100,a7baWF1nwXO0ftP2/U2CPhCla55GWXzC4uxBsMohmjYeNZ00Quc3UW+BS8N590Ja,1.196604,2.302439,1.669988
89400,a7baWF1nwXO0ftP2/U2CPhCla55GWXzC4uxBsMohmjYeNZ00Quc3UW+BS8N590Ja,1.217964,2.713883,1.7473290000000001
89700,a7baWF1nwXO0ftP2/U2CPhCla55GWXzC4uxBsMohmjYeNZ00Quc3UW+BS8N590Ja,1.190601,2.207021,1.527563
90000,a7baWF1nwXO0ftP2/U2CPhCla55GWXzC4uxBsMohmjYeNZ00Quc3UW+BS8N590Ja,1.1520920000000001,2.809434,1.8042799999999999
90300,a7baWF1nwXO0ftP2/U2CPhCla55GWXzC4uxBsMohmjYeNZ00Quc3UW+BS8N590Ja,1.175526,10.338511,2.532149
90600,a7baWF1nwXO0ftP2/U2CPhCla55GWXzC4uxBsMohmjYeNZ00Quc3UW+BS8N590Ja,1.230918,25.082355,3.9224419999999998
90900,a7baWF1nwXO0ftP2/U2CPhCla55GWXzC4uxBsMohmjYeNZ00Quc3UW+BS8N590Ja,1.197444,2.180688,1.6750200000000002
91200,a7baWF1nwXO0ftP2/U2CPhCla55GWXzC4uxBsMohmjYeNZ00Quc3UW+BS8N590Ja,1.203568,2.6703419999999998,1.550231
91500,a7baWF1nwXO0ftP2/U2CPhCla55GWXzC4uxBsMohmjYeNZ00Quc3UW+BS8N590Ja,1.230736,2.0948330000000004,1.547088
91800,a7baWF1nwXO0ftP2/U2CPhCla55GWXzC4uxBsMohmjYeNZ00Quc3UW+BS8N590Ja,1.220733,4.5373529999999995,2.009569
92100,a7baWF1nwXO0ftP2/U2CPhCla55GWXzC4uxBsMohmjYeNZ00Quc3UW+BS8N590Ja,0.9470129999999999,2.53028,1.595979
92400,a7baWF1nwXO0ftP2/U2CPhCla55GWXzC4uxBsMohmjYeNZ00Quc3UW+BS8N590Ja,1.204546,2.0148189999999997,1.505854
92700,a7baWF1nwXO0ftP2/U2CPhCla55GWXzC4uxBsMohmjYeNZ00Quc3UW+BS8N590Ja,0.916646,2.90733,1.6480810000000001
93000,a7baWF1nwXO0ftP2/U2CPhCla55GWXzC4uxBsMohmjYeNZ00Quc3UW+BS8N590Ja,1.1991120000000002,2.6688709999999998,1.625009
93300,a7baWF1nwXO0ftP2/U2CPhCla55GWXzC4uxBsMohmjYeNZ00Quc3UW+BS8N590Ja,1.04987,2.211377,1.457271
93600,a7baWF1nwXO0ftP2/U2CPhCla55GWXzC4uxBsMohmjYeNZ00Quc3UW+BS8N590Ja,1.207106,3.085492,1.6875779999999998
93900,a7baWF1nwXO0ftP2/U2CPhCla55GWXzC4uxBsMohmjYeNZ00Quc3UW+BS8N590Ja,1.2049860000000001,2.720602,1.581703
94200,a7baWF1nwXO0ftP2/U2CPhCla55GWXzC4uxBsMohmjYeNZ00Quc3UW+BS8N590Ja,0.6759,34.153065999999995,4.777295
94500,a7baWF1nwXO0ftP2/U2CPhCla55GWXzC4uxBsMohmjYeNZ00Quc3UW+BS8N590Ja,1.237207,3.023646,1.6783029999999999
94800,a7baWF1nwXO0ftP2/U2CPhCla55GWXzC4uxBsMohmjYeNZ00Quc3UW+BS8N590Ja,0.624486,2.741565,1.5790440000000001
95100,a7baWF1nwXO0ftP2/U2CPhCla55GWXzC4uxBsMohmjYeNZ00Quc3UW+BS8N590Ja,1.221641,2.208617,1.5376020000000001
95400,a7baWF1nwXO0ftP2/U2CPhCla55GWXzC4uxBsMohmjYeNZ00Quc3UW+BS8N590Ja,1.116808,3.4694589999999996,1.6946830000000002
95700,a7baWF1nwXO0ftP2/U2CPhCla55GWXzC4uxBsMohmjYeNZ00Quc3UW+BS8N590Ja,1.1888100000000001,3.009304,1.6583330000000003
96000,a7baWF1nwXO0ftP2/U2CPhCla55GWXzC4uxBsMohmjYeNZ00Quc3UW+BS8N590Ja,1.230236,2.204456,1.4841739999999999
96300,a7baWF1nwXO0ftP2/U2CPhCla55GWXzC4uxBsMohmjYeNZ00Quc3UW+BS8N590Ja,1.213082,3.05913,1.6926869999999998
96600,a7baWF1nwXO0ftP2/U2CPhCla55GWXzC4uxBsMohmjYeNZ00Quc3UW+BS8N590Ja,0.858461,2.795843,1.506626
96900,a7baWF1nwXO0ftP2/U2CPhCla55GWXzC4uxBsMohmjYeNZ00Quc3UW+BS8N590Ja,0.8614790000000001,2.259823,1.4892940000000001
97200,a7baWF1nwXO0ftP2/U2CPhCla55GWXzC4uxBsMohmjYeNZ00Quc3UW+BS8N590Ja,1.214321,3.0969439999999997,1.698968
97500,a7baWF1nwXO0ftP2/U2CPhCla55GWXzC4uxBsMohmjYeNZ00Quc3UW+BS8N590Ja,1.213926,2.719818,1.688727
97800,a7baWF1nwXO0ftP2/U2CPhCla55GWXzC4uxBsMohmjYeNZ00Quc3UW+BS8N590Ja,1.197481,24.463652,4.843703
98100,a7baWF1nwXO0ftP2/U2CPhCla55GWXzC4uxBsMohmjYeNZ00Quc3UW+BS8N590Ja,0.83768,3.078023,1.665836
98400,a7baWF1nwXO0ftP2/U2CPhCla55GWXzC4uxBsMohmjYeNZ00Quc3UW+BS8N590Ja,1.226691,2.647456,1.635918
98700,a7baWF1nwXO0ftP2/U2CPhCla55GWXzC4uxBsMohmjYeNZ00Quc3UW+BS8N590Ja,0.588391,2.15519,1.414064
99000,a7baWF1nwXO0ftP2/U2CPhCla55GWXzC4uxBsMohmjYeNZ00Quc3UW+BS8N590Ja,1.250491,3.4090190000000002,1.718241
99300,a7baWF1nwXO0ftP2/U2CPhCla55GWXzC4uxBsMohmjYeNZ00Quc3UW+BS8N590Ja,1.157489,2.6655990000000003,1.53491
99600,a7baWF1nwXO0ftP2/U2CPhCla55GWXzC4uxBsMohmjYeNZ00Quc3UW+BS8N590Ja,0.7721640000000001,2.224275,1.481819
99900,a7baWF1nwXO0ftP2/U2CPhCla55GWXzC4uxBsMohmjYeNZ00Quc3UW+BS8N590Ja,1.219066,3.025531,1.6656119999999999
100200,a7baWF1nwXO0ftP2/U2CPhCla55GWXzC4uxBsMohmjYeNZ00Quc3UW+BS8N590Ja,0.9873379999999999,2.685677,1.61303
100500,a7baWF1nwXO0ftP2/U2CPhCla55GWXzC4uxBsMohmjYeNZ00Quc3UW+BS8N590Ja,1.204207,20.669052,3.644199
100800,a7baWF1nwXO0ftP2/U2CPhCla55GWXzC4uxBsMohmjYeNZ00Quc3UW+BS8N590Ja,1.016812,3.147823,1.664481
101100,a7baWF1nwXO0ftP2/U2CPhCla55GWXzC4uxBsMohmjYeNZ00Quc3UW+BS8N590Ja,1.188439,2.6629150000000004,1.586378
101400,a7baWF1nwXO0ftP2/U2CPhCla55GWXzC4uxBsMohmjYeNZ00Quc3UW+BS8N590Ja,1.205631,34.948864,4.776866
101700,a7baWF1nwXO0ftP2/U2CPhCla55GWXzC4uxBsMohmjYeNZ00Quc3UW+BS8N590Ja,1.2057200000000001,2.968337,1.649068
102000,a7baWF1nwXO0ftP2/U2CPhCla55GWXzC4uxBsMohmjYeNZ00Quc3UW+BS8N590Ja,0.777569,2.651298,1.471163
102300,a7baWF1nwXO0ftP2/U2CPhCla55GWXzC4uxBsMohmjYeNZ00Quc3UW+BS8N590Ja,1.18706,2.239544,1.555346
102600,a7baWF1nwXO0ftP2/U2CPhCla55GWXzC4uxBsMohmjYeNZ00Quc3UW+BS8N590Ja,1.198451,3.413013,1.697177
102900,a7baWF1nwXO0ftP2/U2CPhCla55GWXzC4uxBsMohmjYeNZ00Quc3UW+BS8N590Ja,1.231384,2.7004509999999997,1.6399
103200,a7baWF1nwXO0ftP2/U2CPhCla55GWXzC4uxBsMohmjYeNZ00Quc3UW+BS8N590Ja,1.2076930000000001,2.174553,1.541865
103500,a7baWF1nwXO0ftP2/U2CPhCla55GWXzC4uxBsMohmjYeNZ00Quc3UW+BS8N590Ja,0.656351,2.9792799999999997,1.622021
103800,a7baWF1nwXO0ftP2/U2CPhCla55GWXzC4uxBsMohmjYeNZ00Quc3UW+BS8N590Ja,1.210913,2.547743,1.61896
104100,a7baWF1nwXO0ftP2/U2CPhCla55GWXzC4uxBsMohmjYeNZ00Quc3UW+BS8N590Ja,1.0697729999999999,2.084432,1.470299
104400,a7baWF1nwXO0ftP2/U2CPhCla55GWXzC4uxBsMohmjYeNZ00Quc3UW+BS8N590Ja,1.268586,3.036867,1.880147
104700,a7baWF1nwXO0ftP2/U2CPhCla55GWXzC4uxBsMohmjYeNZ00Quc3UW+BS8N590Ja,1.2342600000000001,2.560837,1.5390620000000002
105000,a7baWF1nwXO0ftP2/U2CPhCla55GWXzC4uxBsMohmjYeNZ00Quc3UW+BS8N590Ja,0.799231,34.814757,4.761376
105300,a7baWF1nwXO0ftP2/U2CPhCla55GWXzC4uxBsMohmjYeNZ00Quc3UW+BS8N590Ja,1.188831,2.638027,1.663584
105600,a7baWF1nwXO0ftP2/U2CPhCla55GWXzC4uxBsMohmjYeNZ00Quc3UW+BS8N590Ja,0.8695219999999999,2.276703,1.564992
105900,a7baWF1nwXO0ftP2/U2CPhCla55GWXzC4uxBsMohmjYeNZ00Quc3UW+BS8N590Ja,1.217441,2.427753,1.6788330000000002
106200,a7baWF1nwXO0ftP2/U2CPhCla55GWXzC4uxBsMohmjYeNZ00Quc3UW+BS8N590Ja,1.18889,2.814115,1.9466419999999998
106500,a7baWF1nwXO0ftP2/U2CPhCla55GWXzC4uxBsMohmjYeNZ00Quc3UW+BS8N590Ja,1.213495,35.364231,5.466042
106800,a7baWF1nwXO0ftP2/U2CPhCla55GWXzC4uxBsMohmjYeNZ00Quc3UW+BS8N590Ja,0.732513,46.757847,6.310425
107100,a7baWF1nwXO0ftP2/U2CPhCla55GWXzC4uxBsMohmjYeNZ00Quc3UW+BS8N590Ja,1.196023,2.636534,1.692452
107400,a7baWF1nwXO0ftP2/U2CPhCla55GWXzC4uxBsMohmjYeNZ00Quc3UW+BS8N590Ja,0.676183,2.25015,1.459372
107700,a7baWF1nwXO0ftP2/U2CPhCla55GWXzC4uxBsMohmjYeNZ00Quc3UW+BS8N590Ja,1.203741,2.777118,1.635764
108000,a7baWF1nwXO0ftP2/U2CPhCla55GWXzC4uxBsMohmjYeNZ00Quc3UW+BS8N590Ja,1.001634,2.642214,1.636677
108300,a7baWF1nwXO0ftP2/U2CPhCla55GWXzC4uxBsMohmjYeNZ00Quc3UW+BS8N590Ja,0.9699909999999999,2.23769,1.452093
108600,a7baWF1nwXO0ftP2/U2CPhCla55GWXzC4uxBsMohmjYeNZ00Quc3UW+BS8N590Ja,1.217644,23.32104,4.971198
108900,a7baWF1nwXO0ftP2/U2CPhCla55GWXzC4uxBsMohmjYeNZ00Quc3UW+BS8N590Ja,0.9158940000000001,2.680641,1.618766
109200,a7baWF1nwXO0ftP2/U2CPhCla55GWXzC4uxBsMohmjYeNZ00Quc3UW+BS8N590Ja,1.196377,2.188155,1.489254
109500,a7baWF1nwXO0ftP2/U2CPhCla55GWXzC4uxBsMohmjYeNZ00Quc3UW+BS8N590Ja,1.161355,2.198251,1.630754
109800,a7baWF1nwXO0ftP2/U2CPhCla55GWXzC4uxBsMohmjYeNZ00Quc3UW+BS8N590Ja,1.177351,2.6885830000000004,1.690539
110100,a7baWF1nwXO0ftP2/U2CPhCla55GWXzC4uxBsMohmjYeNZ00Quc3UW+BS8N590Ja,1.205339,2.1419759999999997,1.520737
110400,a7baWF1nwXO0ftP2/U2CPhCla55GWXzC4uxBsMohmjYeNZ00Quc3UW+BS8N590Ja,1.156103,2.234165,1.589634
110700,a7baWF1nwXO0ftP2/U2CPhCla55GWXzC4uxBsMohmjYeNZ00Quc3UW+BS8N590Ja,0.748681,2.623591,1.612451
111000,a7baWF1nwXO0ftP2/U2CPhCla55GWXzC4uxBsMohmjYeNZ00Quc3UW+BS8N590Ja,0.759022,2.16713,1.5311379999999999
111300,a7baWF1nwXO0ftP2/U2CPhCla55GWXzC4uxBsMohmjYeNZ00Quc3UW+BS8N590Ja,1.198251,2.188195,1.5782049999999999
111600,a7baWF1nwXO0ftP2/U2CPhCla55GWXzC4uxBsMohmjYeNZ00Quc3UW+BS8N590Ja,0.614803,2.737286,1.597689
111900,a7baWF1nwXO0ftP2/U2CPhCla55GWXzC4uxBsMohmjYeNZ00Quc3UW+BS8N590Ja,1.163825,2.18854,1.492143
112200,a7baWF1nwXO0ftP2/U2CPhCla55GWXzC4uxBsMohmjYeNZ00Quc3UW+BS8N590Ja,0.9157280000000001,34.123709000000005,4.830881
112500,a7baWF1nwXO0ftP2/U2CPhCla55GWXzC4uxBsMohmjYeNZ00Quc3UW+BS8N590Ja,1.256076,2.614904,1.737841
112800,a7baWF1nwXO0ftP2/U2CPhCla55GWXzC4uxBsMohmjYeNZ00Quc3UW+BS8N590Ja,0.613826,2.1804259999999998,1.38963
113100,a7baWF1nwXO0ftP2/U2CPhCla55GWXzC4uxBsMohmjYeNZ00Quc3UW+BS8N590Ja,1.203433,2.24634,1.6184610000000001
113400,a7baWF1nwXO0ftP2/U2CPhCla55GWXzC4uxBsMohmjYeNZ00Quc3UW+BS8N590Ja,1.210086,2.654067,1.7516650000000002
113700,a7baWF1nwXO0ftP2/U2CPhCla55GWXzC4uxBsMohmjYeNZ00Quc3UW+BS8N590Ja,1.200752,2.243774,1.529678
114000,a7baWF1nwXO0ftP2/U2CPhCla55GWXzC4uxBsMohmjYeNZ00Quc3UW+BS8N590Ja,1.159281,2.166753,1.599416
114300,a7baWF1nwXO0ftP2/U2CPhCla55GWXzC4uxBsMohmjYeNZ00Quc3UW+BS8N590Ja,0.886855,2.675981,1.610262
114600,a7baWF1nwXO0ftP2/U2CPhCla55GWXzC4uxBsMohmjYeNZ00Quc3UW+BS8N590Ja,1.174423,2.1547520000000002,1.490034
114900,a7baWF1nwXO0ftP2/U2CPhCla55GWXzC4uxBsMohmjYeNZ00Quc3UW+BS8N590Ja,0.5656,2.999181,1.6484159999999999
115200,a7baWF1nwXO0ftP2/U2CPhCla55GWXzC4uxBsMohmjYeNZ00Quc3UW+BS8N590Ja,1.190305,2.638065,1.675501
115500,a7baWF1nwXO0ftP2/U2CPhCla55GWXzC4uxBsMohmjYeNZ00Quc3UW+BS8N590Ja,0.7141529999999999,2.5052,1.461183
115800,a7baWF1nwXO0ftP2/U2CPhCla55GWXzC4uxBsMohmjYeNZ00Quc3UW+BS8N590Ja,1.197289,30.929801,4.877445
116100,a7baWF1nwXO0ftP2/U2CPhCla55GWXzC4uxBsMohmjYeNZ00Quc3UW+BS8N590Ja,1.203177,2.5833180000000002,1.683756
116400,a7baWF1nwXO0ftP2/U2CPhCla55GWXzC4uxBsMohmjYeNZ00Quc3UW+BS8N590Ja,1.233954,2.122833,1.574432
116700,a7baWF1nwXO0ftP2/U2CPhCla55GWXzC4uxBsMohmjYeNZ00Quc3UW+BS8N590Ja,1.185319,2.2978419999999997,1.594654
117000,a7baWF1nwXO0ftP2/U2CPhCla55GWXzC4uxBsMohmjYeNZ00Quc3UW+BS8N590Ja,1.202546,2.735208,1.752776
117300,a7baWF1nwXO0ftP2/U2CPhCla55GWXzC4uxBsMohmjYeNZ00Quc3UW+BS8N590Ja,1.190691,2.2079299999999997,1.501717
117600,a7baWF1nwXO0ftP2/U2CPhCla55GWXzC4uxBsMohmjYeNZ00Quc3UW+BS8N590Ja,1.181435,3.1711270000000003,1.685216
117900,a7baWF1nwXO0ftP2/U2CPhCla55GWXzC4uxBsMohmjYeNZ00Quc3UW+BS8N590Ja,1.194885,3.6087050000000005,1.7439
118200,a7baWF1nwXO0ftP2/U2CPhCla55GWXzC4uxBsMohmjYeNZ00Quc3UW+BS8N590Ja,1.1685450000000002,2.249919,1.588335
118500,a7baWF1nwXO0ftP2/U2CPhCla55GWXzC4uxBsMohmjYeNZ00Quc3UW+BS8N590Ja,1.14862,3.156831,1.635658
118800,a7baWF1nwXO0ftP2/U2CPhCla55GWXzC4uxBsMohmjYeNZ00Quc3UW+BS8N590Ja,1.2085270000000001,2.930134,1.800586
119100,a7baWF1nwXO0ftP2/U2CPhCla55GWXzC4uxBsMohmjYeNZ00Quc3UW+BS8N590Ja,0.7652720000000001,2.244844,1.500394
119400,a7baWF1nwXO0ftP2/U2CPhCla55GWXzC4uxBsMohmjYeNZ00Quc3UW+BS8N590Ja,1.186102,34.533765,4.88835
119700,a7baWF1nwXO0ftP2/U2CPhCla55GWXzC4uxBsMohmjYeNZ00Quc3UW+BS8N590Ja,0.7770090000000001,2.714545,1.606467
120000,a7baWF1nwXO0ftP2/U2CPhCla55GWXzC4uxBsMohmjYeNZ00Quc3UW+BS8N590Ja,1.183332,2.2094669999999996,1.498607
120300,a7baWF1nwXO0ftP2/U2CPhCla55GWXzC4uxBsMohmjYeNZ00Quc3UW+BS8N590Ja,0.9985200000000001,3.187528,1.604425
120600,a7baWF1nwXO0ftP2/U2CPhCla55GWXzC4uxBsMohmjYeNZ00Quc3UW+BS8N590Ja,1.231849,2.633035,1.695236
120900,a7baWF1nwXO0ftP2/U2CPhCla55GWXzC4uxBsMohmjYeNZ00Quc3UW+BS8N590Ja,0.814956,2.29757,1.435551
121200,a7baWF1nwXO0ftP2/U2CPhCla55GWXzC4uxBsMohmjYeNZ00Quc3UW+BS8N590Ja,1.169052,3.171682,1.6222729999999999
121500,a7baWF1nwXO0ftP2/U2CPhCla55GWXzC4uxBsMohmjYeNZ00Quc3UW+BS8N590Ja,0.8921479999999999,2.604444,1.608266
121800,a7baWF1nwXO0ftP2/U2CPhCla55GWXzC4uxBsMohmjYeNZ00Quc3UW+BS8N590Ja,0.883966,2.443041,1.5121799999999999
122100,a7baWF1nwXO0ftP2/U2CPhCla55GWXzC4uxBsMohmjYeNZ00Quc3UW+BS8N590Ja,1.180668,3.3173209999999997,1.7207310000000002
122400,a7baWF1nwXO0ftP2/U2CPhCla55GWXzC4uxBsMohmjYeNZ00Quc3UW+BS8N590Ja,0.7008770000000001,2.664671,1.6195389999999998
122700,a7baWF1nwXO0ftP2/U2CPhCla55GWXzC4uxBsMohmjYeNZ00Quc3UW+BS8N590Ja,1.2036229999999999,2.150585,1.494366
123000,a7baWF1nwXO0ftP2/U2CPhCla55GWXzC4uxBsMohmjYeNZ00Quc3UW+BS8N590Ja,1.086039,34.439219,4.8979349999999995
123300,a7baWF1nwXO0ftP2/U2CPhCla55GWXzC4uxBsMohmjYeNZ00Quc3UW+BS8N590Ja,1.2571729999999999,2.782609,1.817718
123600,a7baWF1nwXO0ftP2/U2CPhCla55GWXzC4uxBsMohmjYeNZ00Quc3UW+BS8N590Ja,0.637542,2.168374,1.4249829999999999
123900,a7baWF1nwXO0ftP2/U2CPhCla55GWXzC4uxBsMohmjYeNZ00Quc3UW+BS8N590Ja,1.213288,3.09455,1.6647580000000002
124200,a7baWF1nwXO0ftP2/U2CPhCla55GWXzC4uxBsMohmjYeNZ00Quc3UW+BS8N590Ja,0.914691,2.616884,1.6521169999999998
124500,a7baWF1nwXO0ftP2/U2CPhCla55GWXzC4uxBsMohmjYeNZ00Quc3UW+BS8N590Ja,0.943421,2.338618,1.574627
124800,a7baWF1nwXO0ftP2/U2CPhCla55GWXzC4uxBsMohmjYeNZ00Quc3UW+BS8N590Ja,1.191241,3.137003,1.618066
125100,a7baWF1nwXO0ftP2/U2CPhCla55GWXzC4uxBsMohmjYeNZ00Quc3UW+BS8N590Ja,1.075968,2.690909,1.6573639999999998
125400,a7baWF1nwXO0ftP2/U2CPhCla55GWXzC4uxBsMohmjYeNZ00Quc3UW+BS8N590Ja,1.187478,2.195291,1.517662
125700,a7baWF1nwXO0ftP2/U2CPhCla55GWXzC4uxBsMohmjYeNZ00Quc3UW+BS8N590Ja,0.9473719999999999,3.090936,1.600867
126000,a7baWF1nwXO0ftP2/U2CPhCla55GWXzC4uxBsMohmjYeNZ00Quc3UW+BS8N590Ja,1.21912,2.635297,1.6783279999999998
126300,a7baWF1nwXO0ftP2/U2CPhCla55GWXzC4uxBsMohmjYeNZ00Quc3UW+BS8N590Ja,1.207827,2.169482,1.4951290000000002
126600,a7baWF1nwXO0ftP2/U2CPhCla55GWXzC4uxBsMohmjYeNZ00Quc3UW+BS8N590Ja,1.212143,20.767292,4.963794
126900,a7baWF1nwXO0ftP2/U2CPhCla55GWXzC4uxBsMohmjYeNZ00Quc3UW+BS8N590Ja,1.205882,2.648768,1.766777
127200,a7baWF1nwXO0ftP2/U2CPhCla55GWXzC4uxBsMohmjYeNZ00Quc3UW+BS8N590Ja,1.175289,2.124275,1.529835
127500,a7baWF1nwXO0ftP2/U2CPhCla55GWXzC4uxBsMohmjYeNZ00Quc3UW+BS8N590Ja,1.216496,3.051279,1.653386
127800,a7baWF1nwXO0ftP2/U2CPhCla55GWXzC4uxBsMohmjYeNZ00Quc3UW+BS8N590Ja,1.264839,2.551625,1.798863
128100,a7baWF1nwXO0ftP2/U2CPhCla55GWXzC4uxBsMohmjYeNZ00Quc3UW+BS8N590Ja,1.223983,2.281195,1.612034
128400,a7baWF1nwXO0ftP2/U2CPhCla55GWXzC4uxBsMohmjYeNZ00Quc3UW+BS8N590Ja,1.222702,3.0887830000000003,1.676506
128700,a7baWF1nwXO0ftP2/U2CPhCla55GWXzC4uxBsMohmjYeNZ00Quc3UW+BS8N590Ja,1.176421,2.521663,1.677414
129000,a7baWF1nwXO0ftP2/U2CPhCla55GWXzC4uxBsMohmjYeNZ00Quc3UW+BS8N590Ja,0.9034,2.196744,1.47678
129300,a7baWF1nwXO0ftP2/U2CPhCla55GWXzC4uxBsMohmjYeNZ00Quc3UW+BS8N590Ja,1.224385,2.862027,1.6662689999999998
129600,a7baWF1nwXO0ftP2/U2CPhCla55GWXzC4uxBsMohmjYeNZ00Quc3UW+BS8N590Ja,1.18287,2.423784,1.629649
129900,a7baWF1nwXO0ftP2/U2CPhCla55GWXzC4uxBsMohmjYeNZ00Quc3UW+BS8N590Ja,0.960633,2.2624169999999997,1.537091
130200,a7baWF1nwXO0ftP2/U2CPhCla55GWXzC4uxBsMohmjYeNZ00Quc3UW+BS8N590Ja,1.233562,33.762674,4.8846419999999995
130500,a7baWF1nwXO0ftP2/U2CPhCla55GWXzC4uxBsMohmjYeNZ00Quc3UW+BS8N590Ja,1.174817,2.249348,1.627573
130800,a7baWF1nwXO0ftP2/U2CPhCla55GWXzC4uxBsMohmjYeNZ00Quc3UW+BS8N590Ja,1.226808,2.1871419999999997,1.602989
131100,a7baWF1nwXO0ftP2/U2CPhCla55GWXzC4uxBsMohmjYeNZ00Quc3UW+BS8N590Ja,1.237878,2.780163,1.6643270000000001
131400,a7baWF1nwXO0ftP2/U2CPhCla55GWXzC4uxBsMohmjYeNZ00Quc3UW+BS8N590Ja,1.22071,2.437318,1.6471310000000001
131700,a7baWF1nwXO0ftP2/U2CPhCla55GWXzC4uxBsMohmjYeNZ00Quc3UW+BS8N590Ja,1.219051,2.595504,1.723114
132000,a7baWF1nwXO0ftP2/U2CPhCla55GWXzC4uxBsMohmjYeNZ00Quc3UW+BS8N590Ja,1.23545,2.6954860000000003,1.628368
132300,a7baWF1nwXO0ftP2/U2CPhCla55GWXzC4uxBsMohmjYeNZ00Quc3UW+BS8N590Ja,1.234301,12.140128,2.637049
132600,a7baWF1nwXO0ftP2/U2CPhCla55GWXzC4uxBsMohmjYeNZ00Quc3UW+BS8N590Ja,1.195422,2.6465389999999998,1.786248
132900,a7baWF1nwXO0ftP2/U2CPhCla55GWXzC4uxBsMohmjYeNZ00Quc3UW+BS8N590Ja,1.2437340000000001,2.642271,1.682952
133200,a7baWF1nwXO0ftP2/U2CPhCla55GWXzC4uxBsMohmjYeNZ00Quc3UW+BS8N590Ja,1.214242,2.2993330000000003,1.6557689999999998
133500,a7baWF1nwXO0ftP2/U2CPhCla55GWXzC4uxBsMohmjYeNZ00Quc3UW+BS8N590Ja,1.242159,2.199084,1.615799
133800,a7baWF1nwXO0ftP2/U2CPhCla55GWXzC4uxBsMohmjYeNZ00Quc3UW+BS8N590Ja,1.222243,43.99477,5.900281
134100,a7baWF1nwXO0ftP2/U2CPhCla55GWXzC4uxBsMohmjYeNZ00Quc3UW+BS8N590Ja,1.190568,2.1864049999999997,1.589543
134400,a7baWF1nwXO0ftP2/U2CPhCla55GWXzC4uxBsMohmjYeNZ00Quc3UW+BS8N590Ja,1.218194,2.274099,1.5879940000000001
134700,a7baWF1nwXO0ftP2/U2CPhCla55GWXzC4uxBsMohmjYeNZ00Quc3UW+BS8N590Ja,1.198284,2.683641,1.654107
135000,a7baWF1nwXO0ftP2/U2CPhCla55GWXzC4uxBsMohmjYeNZ00Quc3UW+BS8N590Ja,1.211358,4.736536,1.9474099999999999
135300,a7baWF1nwXO0ftP2/U2CPhCla55GWXzC4uxBsMohmjYeNZ00Quc3UW+BS8N590Ja,1.23366,20.437639,4.908348999999999
135600,a7baWF1nwXO0ftP2/U2CPhCla55GWXzC4uxBsMohmjYeNZ00Quc3UW+BS8N590Ja,1.239121,46.17001,6.421069
135900,a7baWF1nwXO0ftP2/U2CPhCla55GWXzC4uxBsMohmjYeNZ00Quc3UW+BS8N590Ja,1.2761040000000001,2.2148849999999998,1.6417869999999999
136200,a7baWF1nwXO0ftP2/U2CPhCla55GWXzC4uxBsMohmjYeNZ00Quc3UW+BS8N590Ja,1.225938,2.274755,1.6664400000000001
136500,a7baWF1nwXO0ftP2/U2CPhCla55GWXzC4uxBsMohmjYeNZ00Quc3UW+BS8N590Ja,1.044025,2.736723,1.653877
136800,a7baWF1nwXO0ftP2/U2CPhCla55GWXzC4uxBsMohmjYeNZ00Quc3UW+BS8N590Ja,1.239492,2.192827,1.637718
137100,a7baWF1nwXO0ftP2/U2CPhCla55GWXzC4uxBsMohmjYeNZ00Quc3UW+BS8N590Ja,1.235496,2.283386,1.61394
137400,a7baWF1nwXO0ftP2/U2CPhCla55GWXzC4uxBsMohmjYeNZ00Quc3UW+BS8N590Ja,1.228695,34.662046000000004,4.9623669999999995
137700,a7baWF1nwXO0ftP2/U2CPhCla55GWXzC4uxBsMohmjYeNZ00Quc3UW+BS8N590Ja,1.239027,2.182659,1.6524459999999999
138000,a7baWF1nwXO0ftP2/U2CPhCla55GWXzC4uxBsMohmjYeNZ00Quc3UW+BS8N590Ja,1.016961,2.214472,1.597923
138300,a7baWF1nwXO0ftP2/U2CPhCla55GWXzC4uxBsMohmjYeNZ00Quc3UW+BS8N590Ja,1.191065,2.701708,1.687782
138600,a7baWF1nwXO0ftP2/U2CPhCla55GWXzC4uxBsMohmjYeNZ00Quc3UW+BS8N590Ja,1.210313,2.255604,1.602667
138900,a7baWF1nwXO0ftP2/U2CPhCla55GWXzC4uxBsMohmjYeNZ00Quc3UW+BS8N590Ja,1.192497,2.321021,1.6529740000000002
139200,a7baWF1nwXO0ftP2/U2CPhCla55GWXzC4uxBsMohmjYeNZ00Quc3UW+BS8N590Ja,1.212668,2.755826,1.6773470000000001
139500,a7baWF1nwXO0ftP2/U2CPhCla55GWXzC4uxBsMohmjYeNZ00Quc3UW+BS8N590Ja,1.2330430000000001,2.093284,1.596708
139800,a7baWF1nwXO0ftP2/U2CPhCla55GWXzC4uxBsMohmjYeNZ00Quc3UW+BS8N590Ja,1.148466,2.325943,1.562893
140100,a7baWF1nwXO0ftP2/U2CPhCla55GWXzC4uxBsMohmjYeNZ00Quc3UW+BS8N590Ja,1.237307,2.510535,1.598731
140400,a7baWF1nwXO0ftP2/U2CPhCla55GWXzC4uxBsMohmjYeNZ00Quc3UW+BS8N590Ja,1.227869,2.0641950000000002,1.5695059999999998
140700,a7baWF1nwXO0ftP2/U2CPhCla55GWXzC4uxBsMohmjYeNZ00Quc3UW+BS8N590Ja,1.189893,2.422699,1.596863
141000,a7baWF1nwXO0ftP2/U2CPhCla55GWXzC4uxBsMohmjYeNZ00Quc3UW+BS8N590Ja,1.257164,34.086707000000004,4.899446
141300,a7baWF1nwXO0ftP2/U2CPhCla55GWXzC4uxBsMohmjYeNZ00Quc3UW+BS8N590Ja,1.252861,2.370097,1.690047
141600,a7baWF1nwXO0ftP2/U2CPhCla55GWXzC4uxBsMohmjYeNZ00Quc3UW+BS8N590Ja,1.2257719999999999,2.3025849999999997,1.6560689999999998
141900,a7baWF1nwXO0ftP2/U2CPhCla55GWXzC4uxBsMohmjYeNZ00Quc3UW+BS8N590Ja,1.2446139999999999,2.489905,1.7791439999999998
142200,a7baWF1nwXO0ftP2/U2CPhCla55GWXzC4uxBsMohmjYeNZ00Quc3UW+BS8N590Ja,1.2190940000000001,1.864522,1.6247639999999999
142500,a7baWF1nwXO0ftP2/U2CPhCla55GWXzC4uxBsMohmjYeNZ00Quc3UW+BS8N590Ja,1.218401,2.8161389999999997,1.6010520000000001
142800,a7baWF1nwXO0ftP2/U2CPhCla55GWXzC4uxBsMohmjYeNZ00Quc3UW+BS8N590Ja,1.216915,2.627106,1.616696
143100,a7baWF1nwXO0ftP2/U2CPhCla55GWXzC4uxBsMohmjYeNZ00Quc3UW+BS8N590Ja,1.1963549999999998,2.218522,1.602977
143400,a7baWF1nwXO0ftP2/U2CPhCla55GWXzC4uxBsMohmjYeNZ00Quc3UW+BS8N590Ja,1.19905,2.738718,1.629027
143700,a7baWF1nwXO0ftP2/U2CPhCla55GWXzC4uxBsMohmjYeNZ00Quc3UW+BS8N590Ja,1.210588,22.666516,3.7837690000000004
144000,a7baWF1nwXO0ftP2/U2CPhCla55GWXzC4uxBsMohmjYeNZ00Quc3UW+BS8N590Ja,0.685657,2.23181,1.569684
144300,a7baWF1nwXO0ftP2/U2CPhCla55GWXzC4uxBsMohmjYeNZ00Quc3UW+BS8N590Ja,1.20967,2.721431,1.5844280000000002
144600,a7baWF1nwXO0ftP2/U2CPhCla55GWXzC4uxBsMohmjYeNZ00Quc3UW+BS8N590Ja,0.898525,19.050410999999997,4.986294
144900,a7baWF1nwXO0ftP2/U2CPhCla55GWXzC4uxBsMohmjYeNZ00Quc3UW+BS8N590Ja,1.2231299999999998,2.2145349999999997,1.599324
145200,a7baWF1nwXO0ftP2/U2CPhCla55GWXzC4uxBsMohmjYeNZ00Quc3UW+BS8N590Ja,0.6425569999999999,2.7623439999999997,1.539025
145500,a7baWF1nwXO0ftP2/U2CPhCla55GWXzC4uxBsMohmjYeNZ00Quc3UW+BS8N590Ja,1.22819,2.630692,1.640643
145800,a7baWF1nwXO0ftP2/U2CPhCla55GWXzC4uxBsMohmjYeNZ00Quc3UW+BS8N590Ja,0.877632,2.1753669999999996,1.522494
146100,a7baWF1nwXO0ftP2/U2CPhCla55GWXzC4uxBsMohmjYeNZ00Quc3UW+BS8N590Ja,0.9929889999999999,2.8449400000000002,1.615861
146400,a7baWF1nwXO0ftP2/U2CPhCla55GWXzC4uxBsMohmjYeNZ00Quc3UW+BS8N590Ja,1.239742,2.654127,1.6414959999999998
146700,a7baWF1nwXO0ftP2/U2CPhCla55GWXzC4uxBsMohmjYeNZ00Quc3UW+BS8N590Ja,1.240967,2.45877,1.7253319999999999
147000,a7baWF1nwXO0ftP2/U2CPhCla55GWXzC4uxBsMohmjYeNZ00Quc3UW+BS8N590Ja,1.211956,2.828423,1.6430360000000002
147300,a7baWF1nwXO0ftP2/U2CPhCla55GWXzC4uxBsMohmjYeNZ00Quc3UW+BS8N590Ja,1.269752,2.715531,1.6687580000000002
147600,a7baWF1nwXO0ftP2/U2CPhCla55GWXzC4uxBsMohmjYeNZ00Quc3UW+BS8N590Ja,1.2496040000000002,2.218137,1.6172090000000001
147900,a7baWF1nwXO0ftP2/U2CPhCla55GWXzC4uxBsMohmjYeNZ00Quc3UW+BS8N590Ja,1.186725,2.832201,1.583317
148200,a7baWF1nwXO0ftP2/U2CPhCla55GWXzC4uxBsMohmjYeNZ00Quc3UW+BS8N590Ja,1.218177,34.491344,4.9566669999999995
148500,a7baWF1nwXO0ftP2/U2CPhCla55GWXzC4uxBsMohmjYeNZ00Quc3UW+BS8N590Ja,1.187457,7.473288,2.167453
148800,a7baWF1nwXO0ftP2/U2CPhCla55GWXzC4uxBsMohmjYeNZ00Quc3UW+BS8N590Ja,0.534194,2.8056330000000003,1.5432299999999999
149100,a7baWF1nwXO0ftP2/U2CPhCla55GWXzC4uxBsMohmjYeNZ00Quc3UW+BS8N590Ja,1.264875,2.746069,1.716963
149400,a7baWF1nwXO0ftP2/U2CPhCla55GWXzC4uxBsMohmjYeNZ00Quc3UW+BS8N590Ja,0.679616,2.217375,1.564751
149700,a7baWF1nwXO0ftP2/U2CPhCla55GWXzC4uxBsMohmjYeNZ00Quc3UW+BS8N590Ja,1.219663,2.739432,1.663136
150000,a7baWF1nwXO0ftP2/U2CPhCla55GWXzC4uxBsMohmjYeNZ00Quc3UW+BS8N590Ja,0.96426,2.867453,1.6512330000000002
150300,a7baWF1nwXO0ftP2/U2CPhCla55GWXzC4uxBsMohmjYeNZ00Quc3UW+BS8N590Ja,1.1878600000000001,2.2301490000000004,1.618675
150600,a7baWF1nwXO0ftP2/U2CPhCla55GWXzC4uxBsMohmjYeNZ00Quc3UW+BS8N590Ja,0.522159,2.734553,1.490084
150900,a7baWF1nwXO0ftP2/U2CPhCla55GWXzC4uxBsMohmjYeNZ00Quc3UW+BS8N590Ja,1.209459,2.7320279999999997,1.624248
151200,a7baWF1nwXO0ftP2/U2CPhCla55GWXzC4uxBsMohmjYeNZ00Quc3UW+BS8N590Ja,1.181071,8.164416000000001,2.216314
151500,a7baWF1nwXO0ftP2/U2CPhCla55GWXzC4uxBsMohmjYeNZ00Quc3UW+BS8N590Ja,0.868383,2.7029549999999998,1.56064
151800,a7baWF1nwXO0ftP2/U2CPhCla55GWXzC4uxBsMohmjYeNZ00Quc3UW+BS8N590Ja,1.201659,34.09787,4.882733
152100,a7baWF1nwXO0ftP2/U2CPhCla55GWXzC4uxBsMohmjYeNZ00Quc3UW+BS8N590Ja,1.1660110000000001,2.0512599999999996,1.631385
152400,a7baWF1nwXO0ftP2/U2CPhCla55GWXzC4uxBsMohmjYeNZ00Quc3UW+BS8N590Ja,1.176521,2.579042,1.582093
152700,a7baWF1nwXO0ftP2/U2CPhCla55GWXzC4uxBsMohmjYeNZ00Quc3UW+BS8N590Ja,0.573584,2.483113,1.5317889999999998
153000,a7baWF1nwXO0ftP2/U2CPhCla55GWXzC4uxBsMohmjYeNZ00Quc3UW+BS8N590Ja,1.188542,2.040284,1.603191
153300,a7baWF1nwXO0ftP2/U2CPhCla55GWXzC4uxBsMohmjYeNZ00Quc3UW+BS8N590Ja,0.602509,35.8332,4.917728
153600,a7baWF1nwXO0ftP2/U2CPhCla55GWXzC4uxBsMohmjYeNZ00Quc3UW+BS8N590Ja,1.2112690000000002,2.526109,1.6054329999999999
153900,a7baWF1nwXO0ftP2/U2CPhCla55GWXzC4uxBsMohmjYeNZ00Quc3UW+BS8N590Ja,0.8975049999999999,2.040106,1.4929649999999999
154200,a7baWF1nwXO0ftP2/U2CPhCla55GWXzC4uxBsMohmjYeNZ00Quc3UW+BS8N590Ja,0.5689649999999999,2.503508,1.5400200000000002
154500,a7baWF1nwXO0ftP2/U2CPhCla55GWXzC4uxBsMohmjYeNZ00Quc3UW+BS8N590Ja,1.214701,2.46907,1.571556
154800,a7baWF1nwXO0ftP2/U2CPhCla55GWXzC4uxBsMohmjYeNZ00Quc3UW+BS8N590Ja,0.569634,2.1057189999999997,1.581836
155100,a7baWF1nwXO0ftP2/U2CPhCla55GWXzC4uxBsMohmjYeNZ00Quc3UW+BS8N590Ja,1.178688,2.413968,1.570538
155400,a7baWF1nwXO0ftP2/U2CPhCla55GWXzC4uxBsMohmjYeNZ00Quc3UW+BS8N590Ja,0.637139,31.172375,4.840275
155700,a7baWF1nwXO0ftP2/U2CPhCla55GWXzC4uxBsMohmjYeNZ00Quc3UW+BS8N590Ja,1.160859,2.184253,1.6454919999999997
156000,a7baWF1nwXO0ftP2/U2CPhCla55GWXzC4uxBsMohmjYeNZ00Quc3UW+BS8N590Ja,0.984524,2.787387,1.530764
156300,a7baWF1nwXO0ftP2/U2CPhCla55GWXzC4uxBsMohmjYeNZ00Quc3UW+BS8N590Ja,1.185085,2.214619,1.5200209999999998
156600,a7baWF1nwXO0ftP2/U2CPhCla55GWXzC4uxBsMohmjYeNZ00Quc3UW+BS8N590Ja,1.160572,3.019211,1.7821669999999998
156900,a7baWF1nwXO0ftP2/U2CPhCla55GWXzC4uxBsMohmjYeNZ00Quc3UW+BS8N590Ja,1.194093,2.692112,1.65245
157200,a7baWF1nwXO0ftP2/U2CPhCla55GWXzC4uxBsMohmjYeNZ00Quc3UW+BS8N590Ja,1.188499,2.156694,1.510273
157500,a7baWF1nwXO0ftP2/U2CPhCla55GWXzC4uxBsMohmjYeNZ00Quc3UW+BS8N590Ja,0.636323,2.498933,1.6073540000000002
157800,a7baWF1nwXO0ftP2/U2CPhCla55GWXzC4uxBsMohmjYeNZ00Quc3UW+BS8N590Ja,1.193602,2.725234,1.605957
158100,a7baWF1nwXO0ftP2/U2CPhCla55GWXzC4uxBsMohmjYeNZ00Quc3UW+BS8N590Ja,0.980992,2.2638439999999997,1.496246
158400,a7baWF1nwXO0ftP2/U2CPhCla55GWXzC4uxBsMohmjYeNZ00Quc3UW+BS8N590Ja,1.160061,2.5897080000000003,1.6773689999999999
158700,a7baWF1nwXO0ftP2/U2CPhCla55GWXzC4uxBsMohmjYeNZ00Quc3UW+BS8N590Ja,0.66096,2.759586,1.506049
159000,a7baWF1nwXO0ftP2/U2CPhCla55GWXzC4uxBsMohmjYeNZ00Quc3UW+BS8N590Ja,1.1529969999999998,33.823375,4.763739
159300,a7baWF1nwXO0ftP2/U2CPhCla55GWXzC4uxBsMohmjYeNZ00Quc3UW+BS8N590Ja,0.992232,2.8380229999999997,1.604851
159600,a7baWF1nwXO0ftP2/U2CPhCla55GWXzC4uxBsMohmjYeNZ00Quc3UW+BS8N590Ja,1.161581,2.650792,1.591547
159900,a7baWF1nwXO0ftP2/U2CPhCla55GWXzC4uxBsMohmjYeNZ00Quc3UW+BS8N590Ja,1.165953,2.140586,1.508235
160200,a7baWF1nwXO0ftP2/U2CPhCla55GWXzC4uxBsMohmjYeNZ00Quc3UW+BS8N590Ja,1.1889459999999998,3.0624569999999998,1.690805
160500,a7baWF1nwXO0ftP2/U2CPhCla55GWXzC4uxBsMohmjYeNZ00Quc3UW+BS8N590Ja,1.161657,2.708798,1.6612360000000002
160800,a7baWF1nwXO0ftP2/U2CPhCla55GWXzC4uxBsMohmjYeNZ00Quc3UW+BS8N590Ja,1.180237,2.226052,1.539253
161100,a7baWF1nwXO0ftP2/U2CPhCla55GWXzC4uxBsMohmjYeNZ00Quc3UW+BS8N590Ja,1.198081,2.763415,1.695312
161400,a7baWF1nwXO0ftP2/U2CPhCla55GWXzC4uxBsMohmjYeNZ00Quc3UW+BS8N590Ja,1.216968,2.718141,1.620519
161700,a7baWF1nwXO0ftP2/U2CPhCla55GWXzC4uxBsMohmjYeNZ00Quc3UW+BS8N590Ja,1.234266,2.199411,1.540441
162000,a7baWF1nwXO0ftP2/U2CPhCla55GWXzC4uxBsMohmjYeNZ00Quc3UW+BS8N590Ja,1.178373,2.806723,1.7776009999999998
162300,a7baWF1nwXO0ftP2/U2CPhCla55GWXzC4uxBsMohmjYeNZ00Quc3UW+BS8N590Ja,1.17125,2.671245,1.6573200000000001
162600,a7baWF1nwXO0ftP2/U2CPhCla55GWXzC4uxBsMohmjYeNZ00Quc3UW+BS8N590Ja,0.584364,22.742329,4.4531730000000005
162900,a7baWF1nwXO0ftP2/U2CPhCla55GWXzC4uxBsMohmjYeNZ00Quc3UW+BS8N590Ja,0.638567,2.7506060000000003,1.619094
163200,a7baWF1nwXO0ftP2/U2CPhCla55GWXzC4uxBsMohmjYeNZ00Quc3UW+BS8N590Ja,1.1866709999999998,2.598648,1.5837510000000001
163500,a7baWF1nwXO0ftP2/U2CPhCla55GWXzC4uxBsMohmjYeNZ00Quc3UW+BS8N590Ja,0.881443,2.237877,1.492105
163800,a7baWF1nwXO0ftP2/U2CPhCla55GWXzC4uxBsMohmjYeNZ00Quc3UW+BS8N590Ja,1.1950379999999998,3.19188,1.735391
164100,a7baWF1nwXO0ftP2/U2CPhCla55GWXzC4uxBsMohmjYeNZ00Quc3UW+BS8N590Ja,1.200386,29.150878000000002,6.032992
164400,a7baWF1nwXO0ftP2/U2CPhCla55GWXzC4uxBsMohmjYeNZ00Quc3UW+BS8N590Ja,1.185737,29.987097,4.592401000000001
164700,a7baWF1nwXO0ftP2/U2CPhCla55GWXzC4uxBsMohmjYeNZ00Quc3UW+BS8N590Ja,0.830209,2.985898,1.645916
165000,a7baWF1nwXO0ftP2/U2CPhCla55GWXzC4uxBsMohmjYeNZ00Quc3UW+BS8N590Ja,1.278031,3.076649,1.8292709999999999
165300,a7baWF1nwXO0ftP2/U2CPhCla55GWXzC4uxBsMohmjYeNZ00Quc3UW+BS8N590Ja,1.306972,11.640158,3.020893
165600,a7baWF1nwXO0ftP2/U2CPhCla55GWXzC4uxBsMohmjYeNZ00Quc3UW+BS8N590Ja,1.231072,10.732631,2.740043
165900,a7baWF1nwXO0ftP2/U2CPhCla55GWXzC4uxBsMohmjYeNZ00Quc3UW+BS8N590Ja,1.191009,2.7711740000000002,1.630126
166200,a7baWF1nwXO0ftP2/U2CPhCla55GWXzC4uxBsMohmjYeNZ00Quc3UW+BS8N590Ja,1.221932,34.898057,4.944709
166500,a7baWF1nwXO0ftP2/U2CPhCla55GWXzC4uxBsMohmjYeNZ00Quc3UW+BS8N590Ja,1.19603,2.947644,1.8411830000000002
166800,a7baWF1nwXO0ftP2/U2CPhCla55GWXzC4uxBsMohmjYeNZ00Quc3UW+BS8N590Ja,0.659555,2.44055,1.483373
167100,a7baWF1nwXO0ftP2/U2CPhCla55GWXzC4uxBsMohmjYeNZ00Quc3UW+BS8N590Ja,1.201031,2.026612,1.521624
167400,a7baWF1nwXO0ftP2/U2CPhCla55GWXzC4uxBsMohmjYeNZ00Quc3UW+BS8N590Ja,0.807718,2.8849709999999997,1.600375
167700,a7baWF1nwXO0ftP2/U2CPhCla55GWXzC4uxBsMohmjYeNZ00Quc3UW+BS8N590Ja,1.1937659999999999,2.4773509999999996,1.5911600000000001
168000,a7baWF1nwXO0ftP2/U2CPhCla55GWXzC4uxBsMohmjYeNZ00Quc3UW+BS8N590Ja,1.039376,2.204358,1.471339
168300,a7baWF1nwXO0ftP2/U2CPhCla55GWXzC4uxBsMohmjYeNZ00Quc3UW+BS8N590Ja,0.702153,2.4922299999999997,1.516203
168600,a7baWF1nwXO0ftP2/U2CPhCla55GWXzC4uxBsMohmjYeNZ00Quc3UW+BS8N590Ja,1.1865430000000001,2.661874,1.579748
168900,a7baWF1nwXO0ftP2/U2CPhCla55GWXzC4uxBsMohmjYeNZ00Quc3UW+BS8N590Ja,1.123831,1.863889,1.4533200000000002
169200,a7baWF1nwXO0ftP2/U2CPhCla55GWXzC4uxBsMohmjYeNZ00Quc3UW+BS8N590Ja,1.162304,2.4675830000000003,1.656741
169500,a7baWF1nwXO0ftP2/U2CPhCla55GWXzC4uxBsMohmjYeNZ00Quc3UW+BS8N590Ja,1.129363,3.908646,1.731023
169800,a7baWF1nwXO0ftP2/U2CPhCla55GWXzC4uxBsMohmjYeNZ00Quc3UW+BS8N590Ja,1.164025,34.142228,4.798287999999999
170100,a7baWF1nwXO0ftP2/U2CPhCla55GWXzC4uxBsMohmjYeNZ00Quc3UW+BS8N590Ja,1.1903299999999999,13.385415,2.964171
170400,a7baWF1nwXO0ftP2/U2CPhCla55GWXzC4uxBsMohmjYeNZ00Quc3UW+BS8N590Ja,1.14228,2.5506279999999997,1.503736
170700,a7baWF1nwXO0ftP2/U2CPhCla55GWXzC4uxBsMohmjYeNZ00Quc3UW+BS8N590Ja,1.351713,3.479032,1.810587
171000,a7baWF1nwXO0ftP2/U2CPhCla55GWXzC4uxBsMohmjYeNZ00Quc3UW+BS8N590Ja,1.1497979999999999,3.208342,1.812629
171300,a7baWF1nwXO0ftP2/U2CPhCla55GWXzC4uxBsMohmjYeNZ00Quc3UW+BS8N590Ja,1.152671,2.5618220000000003,1.5294459999999999
171600,a7baWF1nwXO0ftP2/U2CPhCla55GWXzC4uxBsMohmjYeNZ00Quc3UW+BS8N590Ja,1.140124,3.4681589999999995,1.7950490000000001
171900,a7baWF1nwXO0ftP2/U2CPhCla55GWXzC4uxBsMohmjYeNZ00Quc3UW+BS8N590Ja,1.146064,2.4566529999999998,1.749178
172200,a7baWF1nwXO0ftP2/U2CPhCla55GWXzC4uxBsMohmjYeNZ00Quc3UW+BS8N590Ja,1.102994,3.2529619999999997,1.5995979999999999
172500,a7baWF1nwXO0ftP2/U2CPhCla55GWXzC4uxBsMohmjYeNZ00Quc3UW+BS8N590Ja,1.288074,2.0892169999999997,1.659527
172800,a7baWF1nwXO0ftP2/U2CPhCla55GWXzC4uxBsMohmjYeNZ00Quc3UW+BS8N590Ja,1.15267,14.325647,2.837754
173100,a7baWF1nwXO0ftP2/U2CPhCla55GWXzC4uxBsMohmjYeNZ00Quc3UW+BS8N590Ja,1.154193,2.554929,1.5541
173400,a7baWF1nwXO0ftP2/U2CPhCla55GWXzC4uxBsMohmjYeNZ00Quc3UW+BS8N590Ja,1.171025,6.742887,2.464843
173700,a7baWF1nwXO0ftP2/U2CPhCla55GWXzC4uxBsMohmjYeNZ00Quc3UW+BS8N590Ja,1.156167,28.893796000000002,4.615933999999999
174000,a7baWF1nwXO0ftP2/U2CPhCla55GWXzC4uxBsMohmjYeNZ00Quc3UW+BS8N590Ja,1.100633,2.498896,1.5103950000000002
174300,a7baWF1nwXO0ftP2/U2CPhCla55GWXzC4uxBsMohmjYeNZ00Quc3UW+BS8N590Ja,1.134755,3.459004,1.7524240000000002
174600,a7baWF1nwXO0ftP2/U2CPhCla55GWXzC4uxBsMohmjYeNZ00Quc3UW+BS8N590Ja,1.133574,2.41175,1.713907
174900,a7baWF1nwXO0ftP2/U2CPhCla55GWXzC4uxBsMohmjYeNZ00Quc3UW+BS8N590Ja,1.119502,1.9943669999999998,1.469885
175200,a7baWF1nwXO0ftP2/U2CPhCla55GWXzC4uxBsMohmjYeNZ00Quc3UW+BS8N590Ja,1.11009,2.1132400000000002,1.617549
175500,a7baWF1nwXO0ftP2/U2CPhCla55GWXzC4uxBsMohmjYeNZ00Quc3UW+BS8N590Ja,1.129066,2.114066,1.53348
175800,a7baWF1nwXO0ftP2/U2CPhCla55GWXzC4uxBsMohmjYeNZ00Quc3UW+BS8N590Ja,1.1212879999999998,2.6610080000000003,1.524002
176100,a7baWF1nwXO0ftP2/U2CPhCla55GWXzC4uxBsMohmjYeNZ00Quc3UW+BS8N590Ja,1.096351,2.061497,1.5250780000000002
176400,a7baWF1nwXO0ftP2/U2CPhCla55GWXzC4uxBsMohmjYeNZ00Quc3UW+BS8N590Ja,0.763317,2.47017,1.6308280000000002
176700,a7baWF1nwXO0ftP2/U2CPhCla55GWXzC4uxBsMohmjYeNZ00Quc3UW+BS8N590Ja,1.146802,2.49015,1.523399
177000,a7baWF1nwXO0ftP2/U2CPhCla55GWXzC4uxBsMohmjYeNZ00Quc3UW+BS8N590Ja,1.178299,4.750662999999999,1.891256
177300,a7baWF1nwXO0ftP2/U2CPhCla55GWXzC4uxBsMohmjYeNZ00Quc3UW+BS8N590Ja,1.132149,34.154154999999996,4.95823
177600,a7baWF1nwXO0ftP2/U2CPhCla55GWXzC4uxBsMohmjYeNZ00Quc3UW+BS8N590Ja,0.72407,1.886807,1.328745
177900,a7baWF1nwXO0ftP2/U2CPhCla55GWXzC4uxBsMohmjYeNZ00Quc3UW+BS8N590Ja,1.100824,2.030454,1.60945
178200,a7baWF1nwXO0ftP2/U2CPhCla55GWXzC4uxBsMohmjYeNZ00Quc3UW+BS8N590Ja,1.070633,8.924113,2.3073
178500,a7baWF1nwXO0ftP2/U2CPhCla55GWXzC4uxBsMohmjYeNZ00Quc3UW+BS8N590Ja,1.1296950000000001,2.368718,1.5093159999999999
178800,a7baWF1nwXO0ftP2/U2CPhCla55GWXzC4uxBsMohmjYeNZ00Quc3UW+BS8N590Ja,0.9665159999999999,2.077292,1.5028629999999998
179100,a7baWF1nwXO0ftP2/U2CPhCla55GWXzC4uxBsMohmjYeNZ00Quc3UW+BS8N590Ja,1.171059,2.478936,1.653127
179400,a7baWF1nwXO0ftP2/U2CPhCla55GWXzC4uxBsMohmjYeNZ00Quc3UW+BS8N590Ja,1.121429,2.391084,1.5020790000000002
179700,a7baWF1nwXO0ftP2/U2CPhCla55GWXzC4uxBsMohmjYeNZ00Quc3UW+BS8N590Ja,1.163057,2.155106,1.632218
180000,a7baWF1nwXO0ftP2/U2CPhCla55GWXzC4uxBsMohmjYeNZ00Quc3UW+BS8N590Ja,1.16216,2.634617,1.657297
180300,a7baWF1nwXO0ftP2/U2CPhCla55GWXzC4uxBsMohmjYeNZ00Quc3UW+BS8N590Ja,0.888433,1.841893,1.36224
180600,a7baWF1nwXO0ftP2/U2CPhCla55GWXzC4uxBsMohmjYeNZ00Quc3UW+BS8N590Ja,1.276251,2.0994200000000003,1.6265180000000001
180900,a7baWF1nwXO0ftP2/U2CPhCla55GWXzC4uxBsMohmjYeNZ00Quc3UW+BS8N590Ja,1.1789379999999998,22.433692999999998,5.191768
181200,a7baWF1nwXO0ftP2/U2CPhCla55GWXzC4uxBsMohmjYeNZ00Quc3UW+BS8N590Ja,1.151558,2.2194990000000003,1.502513
181500,a7baWF1nwXO0ftP2/U2CPhCla55GWXzC4uxBsMohmjYeNZ00Quc3UW+BS8N590Ja,1.1696,13.174107000000001,2.792827
181800,a7baWF1nwXO0ftP2/U2CPhCla55GWXzC4uxBsMohmjYeNZ00Quc3UW+BS8N590Ja,1.186131,3.015834,1.782716
182100,a7baWF1nwXO0ftP2/U2CPhCla55GWXzC4uxBsMohmjYeNZ00Quc3UW+BS8N590Ja,1.2054799999999999,2.304854,1.533299
182400,a7baWF1nwXO0ftP2/U2CPhCla55GWXzC4uxBsMohmjYeNZ00Quc3UW+BS8N590Ja,0.935953,2.809456,1.604524
182700,a7baWF1nwXO0ftP2/U2CPhCla55GWXzC4uxBsMohmjYeNZ00Quc3UW+BS8N590Ja,1.192987,2.837729,1.710407
183000,a7baWF1nwXO0ftP2/U2CPhCla55GWXzC4uxBsMohmjYeNZ00Quc3UW+BS8N590Ja,0.973683,2.3414099999999998,1.440142
183300,a7baWF1nwXO0ftP2/U2CPhCla55GWXzC4uxBsMohmjYeNZ00Quc3UW+BS8N590Ja,1.182459,2.821271,1.600883
183600,a7baWF1nwXO0ftP2/U2CPhCla55GWXzC4uxBsMohmjYeNZ00Quc3UW+BS8N590Ja,1.133681,4.294944999999999,1.9009509999999998
183900,a7baWF1nwXO0ftP2/U2CPhCla55GWXzC4uxBsMohmjYeNZ00Quc3UW+BS8N590Ja,1.1812690000000001,2.20933,1.51177
184200,a7baWF1nwXO0ftP2/U2CPhCla55GWXzC4uxBsMohmjYeNZ00Quc3UW+BS8N590Ja,1.181087,3.034144,1.710058
184500,a7baWF1nwXO0ftP2/U2CPhCla55GWXzC4uxBsMohmjYeNZ00Quc3UW+BS8N590Ja,0.600669,34.978893,4.922661
184800,a7baWF1nwXO0ftP2/U2CPhCla55GWXzC4uxBsMohmjYeNZ00Quc3UW+BS8N590Ja,1.164784,2.213357,1.489763
185100,a7baWF1nwXO0ftP2/U2CPhCla55GWXzC4uxBsMohmjYeNZ00Quc3UW+BS8N590Ja,0.9570639999999999,2.867937,1.598352
185400,a7baWF1nwXO0ftP2/U2CPhCla55GWXzC4uxBsMohmjYeNZ00Quc3UW+BS8N590Ja,1.165245,2.75461,1.676162
185700,a7baWF1nwXO0ftP2/U2CPhCla55GWXzC4uxBsMohmjYeNZ00Quc3UW+BS8N590Ja,0.895191,2.326361,1.446572
186000,a7baWF1nwXO0ftP2/U2CPhCla55GWXzC4uxBsMohmjYeNZ00Quc3UW+BS8N590Ja,1.158168,2.818743,1.613634
186300,a7baWF1nwXO0ftP2/U2CPhCla55GWXzC4uxBsMohmjYeNZ00Quc3UW+BS8N590Ja,1.187386,2.839426,1.645877
186600,a7baWF1nwXO0ftP2/U2CPhCla55GWXzC4uxBsMohmjYeNZ00Quc3UW+BS8N590Ja,1.1434540000000002,2.197372,1.522437
186900,a7baWF1nwXO0ftP2/U2CPhCla55GWXzC4uxBsMohmjYeNZ00Quc3UW+BS8N590Ja,1.1376879999999998,3.016614,1.636376
187200,a7baWF1nwXO0ftP2/U2CPhCla55GWXzC4uxBsMohmjYeNZ00Quc3UW+BS8N590Ja,0.733412,21.902588,3.81176
187500,a7baWF1nwXO0ftP2/U2CPhCla55GWXzC4uxBsMohmjYeNZ00Quc3UW+BS8N590Ja,1.167598,2.2325880000000002,1.508151
187800,a7baWF1nwXO0ftP2/U2CPhCla55GWXzC4uxBsMohmjYeNZ00Quc3UW+BS8N590Ja,0.7272529999999999,2.859166,1.5639239999999999
188100,a7baWF1nwXO0ftP2/U2CPhCla55GWXzC4uxBsMohmjYeNZ00Quc3UW+BS8N590Ja,1.189875,34.558592,4.908451
188400,a7baWF1nwXO0ftP2/U2CPhCla55GWXzC4uxBsMohmjYeNZ00Quc3UW+BS8N590Ja,0.678826,2.341962,1.425059
188700,a7baWF1nwXO0ftP2/U2CPhCla55GWXzC4uxBsMohmjYeNZ00Quc3UW+BS8N590Ja,1.203745,2.8695720000000002,1.601761
189000,a7baWF1nwXO0ftP2/U2CPhCla55GWXzC4uxBsMohmjYeNZ00Quc3UW+BS8N590Ja,0.815002,2.719599,1.58165
189300,a7baWF1nwXO0ftP2/U2CPhCla55GWXzC4uxBsMohmjYeNZ00Quc3UW+BS8N590Ja,1.176858,2.073561,1.51963
189600,a7baWF1nwXO0ftP2/U2CPhCla55GWXzC4uxBsMohmjYeNZ00Quc3UW+BS8N590Ja,0.983634,2.846304,1.612919
189900,a7baWF1nwXO0ftP2/U2CPhCla55GWXzC4uxBsMohmjYeNZ00Quc3UW+BS8N590Ja,1.16069,2.820105,1.656873
190200,a7baWF1nwXO0ftP2/U2CPhCla55GWXzC4uxBsMohmjYeNZ00Quc3UW+BS8N590Ja,1.181167,2.242756,1.5403790000000002
190500,a7baWF1nwXO0ftP2/U2CPhCla55GWXzC4uxBsMohmjYeNZ00Quc3UW+BS8N590Ja,0.826523,2.805043,1.584191
190800,a7baWF1nwXO0ftP2/U2CPhCla55GWXzC4uxBsMohmjYeNZ00Quc3UW+BS8N590Ja,1.131109,3.380557,1.83865
191100,a7baWF1nwXO0ftP2/U2CPhCla55GWXzC4uxBsMohmjYeNZ00Quc3UW+BS8N590Ja,0.667662,2.139673,1.4520309999999998
191400,a7baWF1nwXO0ftP2/U2CPhCla55GWXzC4uxBsMohmjYeNZ00Quc3UW+BS8N590Ja,1.138331,2.613314,1.6056139999999999
191700,a7baWF1nwXO0ftP2/U2CPhCla55GWXzC4uxBsMohmjYeNZ00Quc3UW+BS8N590Ja,0.7756649999999999,9.804936,2.3210029999999997
192000,a7baWF1nwXO0ftP2/U2CPhCla55GWXzC4uxBsMohmjYeNZ00Quc3UW+BS8N590Ja,1.207814,2.074872,1.6386450000000001
192300,a7baWF1nwXO0ftP2/U2CPhCla55GWXzC4uxBsMohmjYeNZ00Quc3UW+BS8N590Ja,1.251307,2.777905,1.712319
192600,a7baWF1nwXO0ftP2/U2CPhCla55GWXzC4uxBsMohmjYeNZ00Quc3UW+BS8N590Ja,0.643113,2.810787,1.568646
192900,a7baWF1nwXO0ftP2/U2CPhCla55GWXzC4uxBsMohmjYeNZ00Quc3UW+BS8N590Ja,1.175925,29.725699,4.463501
193200,a7baWF1nwXO0ftP2/U2CPhCla55GWXzC4uxBsMohmjYeNZ00Quc3UW+BS8N590Ja,0.663083,37.103265,7.4004509999999994
193500,a7baWF1nwXO0ftP2/U2CPhCla55GWXzC4uxBsMohmjYeNZ00Quc3UW+BS8N590Ja,1.245251,2.9285919999999996,1.7292040000000002
193800,a7baWF1nwXO0ftP2/U2CPhCla55GWXzC4uxBsMohmjYeNZ00Quc3UW+BS8N590Ja,0.698501,2.2654389999999998,1.573273
194100,a7baWF1nwXO0ftP2/U2CPhCla55GWXzC4uxBsMohmjYeNZ00Quc3UW+BS8N590Ja,1.228596,2.729333,1.6531630000000002
194400,a7baWF1nwXO0ftP2/U2CPhCla55GWXzC4uxBsMohmjYeNZ00Quc3UW+BS8N590Ja,0.904143,2.6963529999999998,1.4655209999999999
194700,a7baWF1nwXO0ftP2/U2CPhCla55GWXzC4uxBsMohmjYeNZ00Quc3UW+BS8N590Ja,1.172717,2.180505,1.57164
195000,a7baWF1nwXO0ftP2/U2CPhCla55GWXzC4uxBsMohmjYeNZ00Quc3UW+BS8N590Ja,0.759342,2.8806119999999997,1.562906
195300,a7baWF1nwXO0ftP2/U2CPhCla55GWXzC4uxBsMohmjYeNZ00Quc3UW+BS8N590Ja,0.657417,34.800306,4.779
195600,a7baWF1nwXO0ftP2/U2CPhCla55GWXzC4uxBsMohmjYeNZ00Quc3UW+BS8N590Ja,1.184317,2.241834,1.598103
195900,a7baWF1nwXO0ftP2/U2CPhCla55GWXzC4uxBsMohmjYeNZ00Quc3UW+BS8N590Ja,1.185704,2.811958,1.626535
196200,a7baWF1nwXO0ftP2/U2CPhCla55GWXzC4uxBsMohmjYeNZ00Quc3UW+BS8N590Ja,1.186833,2.720415,1.5839159999999999
196500,a7baWF1nwXO0ftP2/U2CPhCla55GWXzC4uxBsMohmjYeNZ00Quc3UW+BS8N590Ja,1.198346,2.235757,1.598343
196800,a7baWF1nwXO0ftP2/U2CPhCla55GWXzC4uxBsMohmjYeNZ00Quc3UW+BS8N590Ja,1.200253,2.685188,1.571969
197100,a7baWF1nwXO0ftP2/U2CPhCla55GWXzC4uxBsMohmjYeNZ00Quc3UW+BS8N590Ja,1.168809,2.588485,1.510271
197400,a7baWF1nwXO0ftP2/U2CPhCla55GWXzC4uxBsMohmjYeNZ00Quc3UW+BS8N590Ja,1.208523,2.176295,1.582175
197700,a7baWF1nwXO0ftP2/U2CPhCla55GWXzC4uxBsMohmjYeNZ00Quc3UW+BS8N590Ja,0.592914,3.4484559999999997,1.598539
198000,a7baWF1nwXO0ftP2/U2CPhCla55GWXzC4uxBsMohmjYeNZ00Quc3UW+BS8N590Ja,0.645213,2.592254,1.51138
198300,a7baWF1nwXO0ftP2/U2CPhCla55GWXzC4uxBsMohmjYeNZ00Quc3UW+BS8N590Ja,1.216007,2.248679,1.608974
198600,a7baWF1nwXO0ftP2/U2CPhCla55GWXzC4uxBsMohmjYeNZ00Quc3UW+BS8N590Ja,0.67857,2.741099,1.541539
198900,a7baWF1nwXO0ftP2/U2CPhCla55GWXzC4uxBsMohmjYeNZ00Quc3UW+BS8N590Ja,1.183786,26.140326,4.9139610000000005
199200,a7baWF1nwXO0ftP2/U2CPhCla55GWXzC4uxBsMohmjYeNZ00Quc3UW+BS8N590Ja,0.9170459999999999,2.51209,1.551623
199500,a7baWF1nwXO0ftP2/U2CPhCla55GWXzC4uxBsMohmjYeNZ00Quc3UW+BS8N590Ja,1.205008,2.72025,1.607037
199800,a7baWF1nwXO0ftP2/U2CPhCla55GWXzC4uxBsMohmjYeNZ00Quc3UW+BS8N590Ja,0.878293,2.69331,1.494514
200100,a7baWF1nwXO0ftP2/U2CPhCla55GWXzC4uxBsMohmjYeNZ00Quc3UW+BS8N590Ja,1.202884,2.183936,1.6008879999999999
200400,a7baWF1nwXO0ftP2/U2CPhCla55GWXzC4uxBsMohmjYeNZ00Quc3UW+BS8N590Ja,1.025947,2.757438,1.577373
200700,a7baWF1nwXO0ftP2/U2CPhCla55GWXzC4uxBsMohmjYeNZ00Quc3UW+BS8N590Ja,1.1761540000000001,2.5333240000000004,1.61196
201000,a7baWF1nwXO0ftP2/U2CPhCla55GWXzC4uxBsMohmjYeNZ00Quc3UW+BS8N590Ja,1.200117,2.0882669999999997,1.624242
201300,a7baWF1nwXO0ftP2/U2CPhCla55GWXzC4uxBsMohmjYeNZ00Quc3UW+BS8N590Ja,1.205341,2.773915,1.7414580000000002
201600,a7baWF1nwXO0ftP2/U2CPhCla55GWXzC4uxBsMohmjYeNZ00Quc3UW+BS8N590Ja,1.1753129999999998,2.560859,1.570207
201900,a7baWF1nwXO0ftP2/U2CPhCla55GWXzC4uxBsMohmjYeNZ00Quc3UW+BS8N590Ja,0.880642,2.390332,1.57669
202200,a7baWF1nwXO0ftP2/U2CPhCla55GWXzC4uxBsMohmjYeNZ00Quc3UW+BS8N590Ja,1.196013,2.6972419999999997,1.600529
202500,a7baWF1nwXO0ftP2/U2CPhCla55GWXzC4uxBsMohmjYeNZ00Quc3UW+BS8N590Ja,0.9260799999999999,36.370715000000004,5.008121
202800,a7baWF1nwXO0ftP2/U2CPhCla55GWXzC4uxBsMohmjYeNZ00Quc3UW+BS8N590Ja,1.2172459999999998,2.0237119999999997,1.599265
203100,a7baWF1nwXO0ftP2/U2CPhCla55GWXzC4uxBsMohmjYeNZ00Quc3UW+BS8N590Ja,0.716302,2.7429900000000003,1.589222
203400,a7baWF1nwXO0ftP2/U2CPhCla55GWXzC4uxBsMohmjYeNZ00Quc3UW+BS8N590Ja,0.751273,2.52584,1.596454
203700,a7baWF1nwXO0ftP2/U2CPhCla55GWXzC4uxBsMohmjYeNZ00Quc3UW+BS8N590Ja,1.216386,2.115924,1.61794
204000,a7baWF1nwXO0ftP2/U2CPhCla55GWXzC4uxBsMohmjYeNZ00Quc3UW+BS8N590Ja,0.746937,2.6478330000000003,1.586068
204300,a7baWF1nwXO0ftP2/U2CPhCla55GWXzC4uxBsMohmjYeNZ00Quc3UW+BS8N590Ja,1.183705,2.608214,1.6793169999999997
204600,a7baWF1nwXO0ftP2/U2CPhCla55GWXzC4uxBsMohmjYeNZ00Quc3UW+BS8N590Ja,0.9857040000000001,2.06953,1.552349
204900,a7baWF1nwXO0ftP2/U2CPhCla55GWXzC4uxBsMohmjYeNZ00Quc3UW+BS8N590Ja,1.176991,2.72412,1.617961
205200,a7baWF1nwXO0ftP2/U2CPhCla55GWXzC4uxBsMohmjYeNZ00Quc3UW+BS8N590Ja,1.178703,2.346908,1.515976
205500,a7baWF1nwXO0ftP2/U2CPhCla55GWXzC4uxBsMohmjYeNZ00Quc3UW+BS8N590Ja,1.185858,2.892994,1.615531
205800,a7baWF1nwXO0ftP2/U2CPhCla55GWXzC4uxBsMohmjYeNZ00Quc3UW+BS8N590Ja,1.198498,2.411178,1.690562
206100,a7baWF1nwXO0ftP2/U2CPhCla55GWXzC4uxBsMohmjYeNZ00Quc3UW+BS8N590Ja,0.852392,34.195570000000004,4.85347
206400,a7baWF1nwXO0ftP2/U2CPhCla55GWXzC4uxBsMohmjYeNZ00Quc3UW+BS8N590Ja,1.1509639999999999,2.956566,1.610983
206700,a7baWF1nwXO0ftP2/U2CPhCla55GWXzC4uxBsMohmjYeNZ00Quc3UW+BS8N590Ja,0.630047,2.380868,1.632419
207000,a7baWF1nwXO0ftP2/U2CPhCla55GWXzC4uxBsMohmjYeNZ00Quc3UW+BS8N590Ja,1.1965059999999998,2.2993200000000003,1.612363
207300,a7baWF1nwXO0ftP2/U2CPhCla55GWXzC4uxBsMohmjYeNZ00Quc3UW+BS8N590Ja,0.684319,2.921084,1.5257399999999999
207600,a7baWF1nwXO0ftP2/U2CPhCla55GWXzC4uxBsMohmjYeNZ00Quc3UW+BS8N590Ja,1.167967,2.23129,1.5821129999999999
207900,a7baWF1nwXO0ftP2/U2CPhCla55GWXzC4uxBsMohmjYeNZ00Quc3UW+BS8N590Ja,0.886901,2.32476,1.4762
208200,a7baWF1nwXO0ftP2/U2CPhCla55GWXzC4uxBsMohmjYeNZ00Quc3UW+BS8N590Ja,1.167589,2.913363,1.627062
208500,a7baWF1nwXO0ftP2/U2CPhCla55GWXzC4uxBsMohmjYeNZ00Quc3UW+BS8N590Ja,1.198309,3.105169,1.765
208800,a7baWF1nwXO0ftP2/U2CPhCla55GWXzC4uxBsMohmjYeNZ00Quc3UW+BS8N590Ja,0.8067300000000001,2.213387,1.5134299999999998
209100,a7baWF1nwXO0ftP2/U2CPhCla55GWXzC4uxBsMohmjYeNZ00Quc3UW+BS8N590Ja,1.2071370000000001,3.0724400000000003,1.674604
209400,a7baWF1nwXO0ftP2/U2CPhCla55GWXzC4uxBsMohmjYeNZ00Quc3UW+BS8N590Ja,0.941364,2.2958439999999998,1.57641
209700,a7baWF1nwXO0ftP2/U2CPhCla55GWXzC4uxBsMohmjYeNZ00Quc3UW+BS8N590Ja,1.18527,21.1009,4.896173
210000,a7baWF1nwXO0ftP2/U2CPhCla55GWXzC4uxBsMohmjYeNZ00Quc3UW+BS8N590Ja,0.881073,3.004514,1.529934
210300,a7baWF1nwXO0ftP2/U2CPhCla55GWXzC4uxBsMohmjYeNZ00Quc3UW+BS8N590Ja,1.156353,2.2419849999999997,1.599274
210600,a7baWF1nwXO0ftP2/U2CPhCla55GWXzC4uxBsMohmjYeNZ00Quc3UW+BS8N590Ja,0.8722409999999999,2.4509849999999997,1.5136120000000002
210900,a7baWF1nwXO0ftP2/U2CPhCla55GWXzC4uxBsMohmjYeNZ00Quc3UW+BS8N590Ja,1.166555,2.977925,1.5918299999999999
211200,a7baWF1nwXO0ftP2/U2CPhCla55GWXzC4uxBsMohmjYeNZ00Quc3UW+BS8N590Ja,0.894584,2.2553400000000003,1.5717370000000002
211500,a7baWF1nwXO0ftP2/U2CPhCla55GWXzC4uxBsMohmjYeNZ00Quc3UW+BS8N590Ja,1.1876360000000001,2.158344,1.588689
211800,a7baWF1nwXO0ftP2/U2CPhCla55GWXzC4uxBsMohmjYeNZ00Quc3UW+BS8N590Ja,1.197071,3.033818,1.611438
212100,a7baWF1nwXO0ftP2/U2CPhCla55GWXzC4uxBsMohmjYeNZ00Quc3UW+BS8N590Ja,1.189209,2.260652,1.6912200000000002
212400,a7baWF1nwXO0ftP2/U2CPhCla55GWXzC4uxBsMohmjYeNZ00Quc3UW+BS8N590Ja,1.186502,2.177131,1.564777
212700,a7baWF1nwXO0ftP2/U2CPhCla55GWXzC4uxBsMohmjYeNZ00Quc3UW+BS8N590Ja,1.169708,2.981257,1.654323
213000,a7baWF1nwXO0ftP2/U2CPhCla55GWXzC4uxBsMohmjYeNZ00Quc3UW+BS8N590Ja,1.2092459999999998,2.1804490000000003,1.602861
213300,a7baWF1nwXO0ftP2/U2CPhCla55GWXzC4uxBsMohmjYeNZ00Quc3UW+BS8N590Ja,1.1800329999999999,34.16401,4.8812489999999995
213600,a7baWF1nwXO0ftP2/U2CPhCla55GWXzC4uxBsMohmjYeNZ00Quc3UW+BS8N590Ja,1.182021,2.870572,1.586444
213900,a7baWF1nwXO0ftP2/U2CPhCla55GWXzC4uxBsMohmjYeNZ00Quc3UW+BS8N590Ja,1.222558,2.325931,1.801279
214200,a7baWF1nwXO0ftP2/U2CPhCla55GWXzC4uxBsMohmjYeNZ00Quc3UW+BS8N590Ja,1.176075,2.425638,1.594635
214500,a7baWF1nwXO0ftP2/U2CPhCla55GWXzC4uxBsMohmjYeNZ00Quc3UW+BS8N590Ja,1.187469,2.892096,1.606014
214800,a7baWF1nwXO0ftP2/U2CPhCla55GWXzC4uxBsMohmjYeNZ00Quc3UW+BS8N590Ja,1.204546,2.2860840000000002,1.672427
215100,a7baWF1nwXO0ftP2/U2CPhCla55GWXzC4uxBsMohmjYeNZ00Quc3UW+BS8N590Ja,1.190856,2.053681,1.619859
215400,a7baWF1nwXO0ftP2/U2CPhCla55GWXzC4uxBsMohmjYeNZ00Quc3UW+BS8N590Ja,1.2395,2.883139,1.816227
215700,a7baWF1nwXO0ftP2/U2CPhCla55GWXzC4uxBsMohmjYeNZ00Quc3UW+BS8N590Ja,1.168031,2.084851,1.623967
216000,a7baWF1nwXO0ftP2/U2CPhCla55GWXzC4uxBsMohmjYeNZ00Quc3UW+BS8N590Ja,1.170999,2.0269470000000003,1.5885610000000001
216300,a7baWF1nwXO0ftP2/U2CPhCla55GWXzC4uxBsMohmjYeNZ00Quc3UW+BS8N590Ja,1.1929370000000001,2.8660650000000003,1.588329
216600,a7baWF1nwXO0ftP2/U2CPhCla55GWXzC4uxBsMohmjYeNZ00Quc3UW+BS8N590Ja,1.184513,2.045605,1.5447799999999998
216900,a7baWF1nwXO0ftP2/U2CPhCla55GWXzC4uxBsMohmjYeNZ00Quc3UW+BS8N590Ja,0.724504,33.055533000000004,4.733715
217200,a7baWF1nwXO0ftP2/U2CPhCla55GWXzC4uxBsMohmjYeNZ00Quc3UW+BS8N590Ja,1.207494,2.7715520000000002,1.59978
217500,a7baWF1nwXO0ftP2/U2CPhCla55GWXzC4uxBsMohmjYeNZ00Quc3UW+BS8N590Ja,0.616566,2.627617,1.442819
217800,a7baWF1nwXO0ftP2/U2CPhCla55GWXzC4uxBsMohmjYeNZ00Quc3UW+BS8N590Ja,1.151,2.374326,1.697312
218100,a7baWF1nwXO0ftP2/U2CPhCla55GWXzC4uxBsMohmjYeNZ00Quc3UW+BS8N590Ja,1.202294,2.784063,1.681611
218400,a7baWF1nwXO0ftP2/U2CPhCla55GWXzC4uxBsMohmjYeNZ00Quc3UW+BS8N590Ja,1.1512129999999998,2.611508,1.485004
218700,a7baWF1nwXO0ftP2/U2CPhCla55GWXzC4uxBsMohmjYeNZ00Quc3UW+BS8N590Ja,1.173432,17.898698,3.272609
219000,a7baWF1nwXO0ftP2/U2CPhCla55GWXzC4uxBsMohmjYeNZ00Quc3UW+BS8N590Ja,1.168663,2.707129,1.6072790000000001
219300,a7baWF1nwXO0ftP2/U2CPhCla55GWXzC4uxBsMohmjYeNZ00Quc3UW+BS8N590Ja,0.595074,2.695545,1.3984
219600,a7baWF1nwXO0ftP2/U2CPhCla55GWXzC4uxBsMohmjYeNZ00Quc3UW+BS8N590Ja,0.687046,2.197692,1.610072
219900,a7baWF1nwXO0ftP2/U2CPhCla55GWXzC4uxBsMohmjYeNZ00Quc3UW+BS8N590Ja,1.235392,2.784034,1.6289559999999998
220200,a7baWF1nwXO0ftP2/U2CPhCla55GWXzC4uxBsMohmjYeNZ00Quc3UW+BS8N590Ja,0.781204,2.609655,1.450173
220500,a7baWF1nwXO0ftP2/U2CPhCla55GWXzC4uxBsMohmjYeNZ00Quc3UW+BS8N590Ja,1.173447,33.543782,4.942236
220800,a7baWF1nwXO0ftP2/U2CPhCla55GWXzC4uxBsMohmjYeNZ00Quc3UW+BS8N590Ja,0.624393,2.748379,1.554502
221100,a7baWF1nwXO0ftP2/U2CPhCla55GWXzC4uxBsMohmjYeNZ00Quc3UW+BS8N590Ja,1.225886,2.8286029999999998,1.534035
221400,a7baWF1nwXO0ftP2/U2CPhCla55GWXzC4uxBsMohmjYeNZ00Quc3UW+BS8N590Ja,1.2076870000000002,13.295684,2.890254
221700,a7baWF1nwXO0ftP2/U2CPhCla55GWXzC4uxBsMohmjYeNZ00Quc3UW+BS8N590Ja,1.200361,34.882799,4.9644330000000005
222000,a7baWF1nwXO0ftP2/U2CPhCla55GWXzC4uxBsMohmjYeNZ00Quc3UW+BS8N590Ja,1.245773,43.236878999999995,5.969608
222300,a7baWF1nwXO0ftP2/U2CPhCla55GWXzC4uxBsMohmjYeNZ00Quc3UW+BS8N590Ja,0.750065,2.52358,1.650624
222600,a7baWF1nwXO0ftP2/U2CPhCla55GWXzC4uxBsMohmjYeNZ00Quc3UW+BS8N590Ja,1.204983,2.804821,1.630749
222900,a7baWF1nwXO0ftP2/U2CPhCla55GWXzC4uxBsMohmjYeNZ00Quc3UW+BS8N590Ja,0.70257,2.6251700000000002,1.452346
223200,a7baWF1nwXO0ftP2/U2CPhCla55GWXzC4uxBsMohmjYeNZ00Quc3UW+BS8N590Ja,1.188223,2.27433,1.6571580000000001
223500,a7baWF1nwXO0ftP2/U2CPhCla55GWXzC4uxBsMohmjYeNZ00Quc3UW+BS8N590Ja,0.804131,2.6383810000000003,1.544376
223800,a7baWF1nwXO0ftP2/U2CPhCla55GWXzC4uxBsMohmjYeNZ00Quc3UW+BS8N590Ja,1.1801709999999999,2.598208,1.5075610000000002
224100,a7baWF1nwXO0ftP2/U2CPhCla55GWXzC4uxBsMohmjYeNZ00Quc3UW+BS8N590Ja,1.2007780000000001,34.557825,5.030811
224400,a7baWF1nwXO0ftP2/U2CPhCla55GWXzC4uxBsMohmjYeNZ00Quc3UW+BS8N590Ja,1.164425,2.730094,1.5879299999999998
224700,a7baWF1nwXO0ftP2/U2CPhCla55GWXzC4uxBsMohmjYeNZ00Quc3UW+BS8N590Ja,0.971783,2.63767,1.410558
225000,a7baWF1nwXO0ftP2/U2CPhCla55GWXzC4uxBsMohmjYeNZ00Quc3UW+BS8N590Ja,0.9056860000000001,2.317184,1.583919
225300,a7baWF1nwXO0ftP2/U2CPhCla55GWXzC4uxBsMohmjYeNZ00Quc3UW+BS8N590Ja,1.203633,2.682095,1.6390209999999998
225600,a7baWF1nwXO0ftP2/U2CPhCla55GWXzC4uxBsMohmjYeNZ00Quc3UW+BS8N590Ja,0.789355,2.8043720000000003,1.480732
225900,a7baWF1nwXO0ftP2/U2CPhCla55GWXzC4uxBsMohmjYeNZ00Quc3UW+BS8N590Ja,1.165476,2.210539,1.667946
226200,a7baWF1nwXO0ftP2/U2CPhCla55GWXzC4uxBsMohmjYeNZ00Quc3UW+BS8N590Ja,1.163414,2.595345,1.6561310000000002
226500,a7baWF1nwXO0ftP2/U2CPhCla55GWXzC4uxBsMohmjYeNZ00Quc3UW+BS8N590Ja,1.2076069999999999,2.493646,1.513258
226800,a7baWF1nwXO0ftP2/U2CPhCla55GWXzC4uxBsMohmjYeNZ00Quc3UW+BS8N590Ja,1.1907020000000001,2.096098,1.6826279999999998
227100,a7baWF1nwXO0ftP2/U2CPhCla55GWXzC4uxBsMohmjYeNZ00Quc3UW+BS8N590Ja,1.188807,2.556512,1.585812
227400,a7baWF1nwXO0ftP2/U2CPhCla55GWXzC4uxBsMohmjYeNZ00Quc3UW+BS8N590Ja,0.8590549999999999,2.4363189999999997,1.4052870000000002
227700,a7baWF1nwXO0ftP2/U2CPhCla55GWXzC4uxBsMohmjYeNZ00Quc3UW+BS8N590Ja,1.0445,18.27011,4.922448999999999
228000,a7baWF1nwXO0ftP2/U2CPhCla55GWXzC4uxBsMohmjYeNZ00Quc3UW+BS8N590Ja,1.188204,2.452706,1.5984969999999998
228300,a7baWF1nwXO0ftP2/U2CPhCla55GWXzC4uxBsMohmjYeNZ00Quc3UW+BS8N590Ja,0.8258110000000001,2.42072,1.545799
228600,a7baWF1nwXO0ftP2/U2CPhCla55GWXzC4uxBsMohmjYeNZ00Quc3UW+BS8N590Ja,1.202966,2.562077,1.7124419999999998
228900,a7baWF1nwXO0ftP2/U2CPhCla55GWXzC4uxBsMohmjYeNZ00Quc3UW+BS8N590Ja,0.802389,2.448052,1.5475510000000001
229200,a7baWF1nwXO0ftP2/U2CPhCla55GWXzC4uxBsMohmjYeNZ00Quc3UW+BS8N590Ja,1.1819389999999999,2.4730540000000003,1.484525
229500,a7baWF1nwXO0ftP2/U2CPhCla55GWXzC4uxBsMohmjYeNZ00Quc3UW+BS8N590Ja,0.8362809999999999,2.167584,1.56915
229800,a7baWF1nwXO0ftP2/U2CPhCla55GWXzC4uxBsMohmjYeNZ00Quc3UW+BS8N590Ja,1.208672,2.502855,1.585137
230100,a7baWF1nwXO0ftP2/U2CPhCla55GWXzC4uxBsMohmjYeNZ00Quc3UW+BS8N590Ja,1.2144540000000001,3.3747839999999996,1.6644619999999999
230400,a7baWF1nwXO0ftP2/U2CPhCla55GWXzC4uxBsMohmjYeNZ00Quc3UW+BS8N590Ja,1.207183,14.323645999999998,3.755386
230700,a7baWF1nwXO0ftP2/U2CPhCla55GWXzC4uxBsMohmjYeNZ00Quc3UW+BS8N590Ja,1.2092319999999999,2.687937,1.646582
231000,a7baWF1nwXO0ftP2/U2CPhCla55GWXzC4uxBsMohmjYeNZ00Quc3UW+BS8N590Ja,0.615374,2.163298,1.434245
231300,a7baWF1nwXO0ftP2/U2CPhCla55GWXzC4uxBsMohmjYeNZ00Quc3UW+BS8N590Ja,1.213156,34.011931,4.938519
231600,a7baWF1nwXO0ftP2/U2CPhCla55GWXzC4uxBsMohmjYeNZ00Quc3UW+BS8N590Ja,1.205962,2.567112,1.6477240000000002
231900,a7baWF1nwXO0ftP2/U2CPhCla55GWXzC4uxBsMohmjYeNZ00Quc3UW+BS8N590Ja,1.166914,2.296168,1.5182440000000001
232200,a7baWF1nwXO0ftP2/U2CPhCla55GWXzC4uxBsMohmjYeNZ00Quc3UW+BS8N590Ja,1.232032,3.254381,1.738002
232500,a7baWF1nwXO0ftP2/U2CPhCla55GWXzC4uxBsMohmjYeNZ00Quc3UW+BS8N590Ja,1.19807,2.6108569999999998,1.608753
232800,a7baWF1nwXO0ftP2/U2CPhCla55GWXzC4uxBsMohmjYeNZ00Quc3UW+BS8N590Ja,1.196464,3.046597,1.635061
233100,a7baWF1nwXO0ftP2/U2CPhCla55GWXzC4uxBsMohmjYeNZ00Quc3UW+BS8N590Ja,0.658154,2.976903,1.543859
233400,a7baWF1nwXO0ftP2/U2CPhCla55GWXzC4uxBsMohmjYeNZ00Quc3UW+BS8N590Ja,1.163051,2.6479369999999998,1.593728
233700,a7baWF1nwXO0ftP2/U2CPhCla55GWXzC4uxBsMohmjYeNZ00Quc3UW+BS8N590Ja,0.625189,2.1590529999999997,1.455529
234000,a7baWF1nwXO0ftP2/U2CPhCla55GWXzC4uxBsMohmjYeNZ00Quc3UW+BS8N590Ja,1.216173,2.9939419999999997,1.6536540000000002
234300,a7baWF1nwXO0ftP2/U2CPhCla55GWXzC4uxBsMohmjYeNZ00Quc3UW+BS8N590Ja,0.641154,2.581128,1.551847
234600,a7baWF1nwXO0ftP2/U2CPhCla55GWXzC4uxBsMohmjYeNZ00Quc3UW+BS8N590Ja,1.20699,2.147646,1.508254
234900,a7baWF1nwXO0ftP2/U2CPhCla55GWXzC4uxBsMohmjYeNZ00Quc3UW+BS8N590Ja,0.5460699999999999,33.997755,4.832885
235200,a7baWF1nwXO0ftP2/U2CPhCla55GWXzC4uxBsMohmjYeNZ00Quc3UW+BS8N590Ja,1.194223,2.566923,1.578708
235500,a7baWF1nwXO0ftP2/U2CPhCla55GWXzC4uxBsMohmjYeNZ00Quc3UW+BS8N590Ja,0.532155,2.189436,1.3591799999999998
235800,a7baWF1nwXO0ftP2/U2CPhCla55GWXzC4uxBsMohmjYeNZ00Quc3UW+BS8N590Ja,0.655259,3.329418,1.605446
236100,a7baWF1nwXO0ftP2/U2CPhCla55GWXzC4uxBsMohmjYeNZ00Quc3UW+BS8N590Ja,1.214664,2.700609,1.670612
236400,a7baWF1nwXO0ftP2/U2CPhCla55GWXzC4uxBsMohmjYeNZ00Quc3UW+BS8N590Ja,1.202605,2.160735,1.5470469999999998
236700,a7baWF1nwXO0ftP2/U2CPhCla55GWXzC4uxBsMohmjYeNZ00Quc3UW+BS8N590Ja,1.203388,3.060568,1.6555810000000002
237000,a7baWF1nwXO0ftP2/U2CPhCla55GWXzC4uxBsMohmjYeNZ00Quc3UW+BS8N590Ja,1.189352,2.568995,1.674064
237300,a7baWF1nwXO0ftP2/U2CPhCla55GWXzC4uxBsMohmjYeNZ00Quc3UW+BS8N590Ja,1.227963,2.235019,1.5961319999999999
237600,a7baWF1nwXO0ftP2/U2CPhCla55GWXzC4uxBsMohmjYeNZ00Quc3UW+BS8N590Ja,1.145653,2.952069,1.636662
237900,a7baWF1nwXO0ftP2/U2CPhCla55GWXzC4uxBsMohmjYeNZ00Quc3UW+BS8N590Ja,1.182899,2.572451,1.589381
238200,a7baWF1nwXO0ftP2/U2CPhCla55GWXzC4uxBsMohmjYeNZ00Quc3UW+BS8N590Ja,0.916212,2.190271,1.395203
238500,a7baWF1nwXO0ftP2/U2CPhCla55GWXzC4uxBsMohmjYeNZ00Quc3UW+BS8N590Ja,0.700717,30.169736999999998,4.849434
238800,a7baWF1nwXO0ftP2/U2CPhCla55GWXzC4uxBsMohmjYeNZ00Quc3UW+BS8N590Ja,1.166049,2.669146,1.60422
239100,a7baWF1nwXO0ftP2/U2CPhCla55GWXzC4uxBsMohmjYeNZ00Quc3UW+BS8N590Ja,0.936157,2.128326,1.494025
239400,a7baWF1nwXO0ftP2/U2CPhCla55GWXzC4uxBsMohmjYeNZ00Quc3UW+BS8N590Ja,1.203589,3.4222360000000003,1.681747
239700,a7baWF1nwXO0ftP2/U2CPhCla55GWXzC4uxBsMohmjYeNZ00Quc3UW+BS8N590Ja,1.1602,2.4035279999999997,1.569593
240000,a7baWF1nwXO0ftP2/U2CPhCla55GWXzC4uxBsMohmjYeNZ00Quc3UW+BS8N590Ja,1.186883,2.157115,1.530848
240300,a7baWF1nwXO0ftP2/U2CPhCla55GWXzC4uxBsMohmjYeNZ00Quc3UW+BS8N590Ja,0.978497,2.840204,1.5778969999999999
240600,a7baWF1nwXO0ftP2/U2CPhCla55GWXzC4uxBsMohmjYeNZ00Quc3UW+BS8N590Ja,1.192925,2.4348099999999997,1.586187
240900,a7baWF1nwXO0ftP2/U2CPhCla55GWXzC4uxBsMohmjYeNZ00Quc3UW+BS8N590Ja,0.8700379999999999,1.998018,1.411758
241200,a7baWF1nwXO0ftP2/U2CPhCla55GWXzC4uxBsMohmjYeNZ00Quc3UW+BS8N590Ja,1.217909,2.909525,1.65212
241500,a7baWF1nwXO0ftP2/U2CPhCla55GWXzC4uxBsMohmjYeNZ00Quc3UW+BS8N590Ja,1.200461,2.422313,1.5839860000000001
241800,a7baWF1nwXO0ftP2/U2CPhCla55GWXzC4uxBsMohmjYeNZ00Quc3UW+BS8N590Ja,1.1962549999999998,2.198297,1.669634
242100,a7baWF1nwXO0ftP2/U2CPhCla55GWXzC4uxBsMohmjYeNZ00Quc3UW+BS8N590Ja,1.253458,35.106019,5.019384
242400,a7baWF1nwXO0ftP2/U2CPhCla55GWXzC4uxBsMohmjYeNZ00Quc3UW+BS8N590Ja,0.644621,2.444325,1.489516
242700,a7baWF1nwXO0ftP2/U2CPhCla55GWXzC4uxBsMohmjYeNZ00Quc3UW+BS8N590Ja,1.219203,2.204252,1.564494
243000,a7baWF1nwXO0ftP2/U2CPhCla55GWXzC4uxBsMohmjYeNZ00Quc3UW+BS8N590Ja,0.912286,10.462860000000001,2.428973
243300,a7baWF1nwXO0ftP2/U2CPhCla55GWXzC4uxBsMohmjYeNZ00Quc3UW+BS8N590Ja,1.1868239999999999,2.185613,1.5024520000000001
243600,a7baWF1nwXO0ftP2/U2CPhCla55GWXzC4uxBsMohmjYeNZ00Quc3UW+BS8N590Ja,1.19179,2.2598380000000002,1.519213
243900,a7baWF1nwXO0ftP2/U2CPhCla55GWXzC4uxBsMohmjYeNZ00Quc3UW+BS8N590Ja,0.915328,2.604422,1.54661
244200,a7baWF1nwXO0ftP2/U2CPhCla55GWXzC4uxBsMohmjYeNZ00Quc3UW+BS8N590Ja,1.144132,2.2523,1.497357
244500,a7baWF1nwXO0ftP2/U2CPhCla55GWXzC4uxBsMohmjYeNZ00Quc3UW+BS8N590Ja,0.94526,2.197356,1.561084
244800,a7baWF1nwXO0ftP2/U2CPhCla55GWXzC4uxBsMohmjYeNZ00Quc3UW+BS8N590Ja,1.1887219999999998,2.736622,1.650216
245100,a7baWF1nwXO0ftP2/U2CPhCla55GWXzC4uxBsMohmjYeNZ00Quc3UW+BS8N590Ja,0.9643780000000001,2.158903,1.456265
245400,a7baWF1nwXO0ftP2/U2CPhCla55GWXzC4uxBsMohmjYeNZ00Quc3UW+BS8N590Ja,1.213295,2.259168,1.6170950000000002
245700,a7baWF1nwXO0ftP2/U2CPhCla55GWXzC4uxBsMohmjYeNZ00Quc3UW+BS8N590Ja,1.200533,24.351235,4.908764
246000,a7baWF1nwXO0ftP2/U2CPhCla55GWXzC4uxBsMohmjYeNZ00Quc3UW+BS8N590Ja,1.195786,2.1664830000000004,1.5131860000000001
246300,a7baWF1nwXO0ftP2/U2CPhCla55GWXzC4uxBsMohmjYeNZ00Quc3UW+BS8N590Ja,1.200499,2.2671930000000002,1.584117
246600,a7baWF1nwXO0ftP2/U2CPhCla55GWXzC4uxBsMohmjYeNZ00Quc3UW+BS8N590Ja,0.9078459999999999,2.659,1.613445
246900,a7baWF1nwXO0ftP2/U2CPhCla55GWXzC4uxBsMohmjYeNZ00Quc3UW+BS8N590Ja,1.183225,2.315545,1.515347
247200,a7baWF1nwXO0ftP2/U2CPhCla55GWXzC4uxBsMohmjYeNZ00Quc3UW+BS8N590Ja,1.1369989999999999,2.2287220000000003,1.608391
247500,a7baWF1nwXO0ftP2/U2CPhCla55GWXzC4uxBsMohmjYeNZ00Quc3UW+BS8N590Ja,1.175799,2.747368,1.662987
247800,a7baWF1nwXO0ftP2/U2CPhCla55GWXzC4uxBsMohmjYeNZ00Quc3UW+BS8N590Ja,1.080682,2.182922,1.524913
248100,a7baWF1nwXO0ftP2/U2CPhCla55GWXzC4uxBsMohmjYeNZ00Quc3UW+BS8N590Ja,1.222292,2.256856,1.609272
248400,a7baWF1nwXO0ftP2/U2CPhCla55GWXzC4uxBsMohmjYeNZ00Quc3UW+BS8N590Ja,1.045301,2.637632,1.6089799999999999
248700,a7baWF1nwXO0ftP2/U2CPhCla55GWXzC4uxBsMohmjYeNZ00Quc3UW+BS8N590Ja,1.175102,2.20851,1.5061639999999998
249000,a7baWF1nwXO0ftP2/U2CPhCla55GWXzC4uxBsMohmjYeNZ00Quc3UW+BS8N590Ja,0.839878,2.2799259999999997,1.482784
249300,a7baWF1nwXO0ftP2/U2CPhCla55GWXzC4uxBsMohmjYeNZ00Quc3UW+BS8N590Ja,1.014189,34.837624,4.86408
249600,a7baWF1nwXO0ftP2/U2CPhCla55GWXzC4uxBsMohmjYeNZ00Quc3UW+BS8N590Ja,1.169456,2.236941,1.5103360000000001
249900,a7baWF1nwXO0ftP2/U2CPhCla55GWXzC4uxBsMohmjYeNZ00Quc3UW+BS8N590Ja,1.141194,2.2029259999999997,1.66822
250200,a7baWF1nwXO0ftP2/U2CPhCla55GWXzC4uxBsMohmjYeNZ00Quc3UW+BS8N590Ja,1.177255,2.705628,1.7058509999999998
250500,a7baWF1nwXO0ftP2/U2CPhCla55GWXzC4uxBsMohmjYeNZ00Quc3UW+BS8N590Ja,1.198621,40.261777,5.456554
250800,a7baWF1nwXO0ftP2/U2CPhCla55GWXzC4uxBsMohmjYeNZ00Quc3UW+BS8N590Ja,1.188446,44.196156,6.444776
251100,a7baWF1nwXO0ftP2/U2CPhCla55GWXzC4uxBsMohmjYeNZ00Quc3UW+BS8N590Ja,0.8327120000000001,2.695211,1.67251
251400,a7baWF1nwXO0ftP2/U2CPhCla55GWXzC4uxBsMohmjYeNZ00Quc3UW+BS8N590Ja,1.1809100000000001,2.448583,1.6451740000000001
251700,a7baWF1nwXO0ftP2/U2CPhCla55GWXzC4uxBsMohmjYeNZ00Quc3UW+BS8N590Ja,0.636926,7.815202,2.28971
252000,a7baWF1nwXO0ftP2/U2CPhCla55GWXzC4uxBsMohmjYeNZ00Quc3UW+BS8N590Ja,1.25179,11.927783999999999,3.7118589999999996
252300,a7baWF1nwXO0ftP2/U2CPhCla55GWXzC4uxBsMohmjYeNZ00Quc3UW+BS8N590Ja,1.157039,2.08984,1.556346
252600,a7baWF1nwXO0ftP2/U2CPhCla55GWXzC4uxBsMohmjYeNZ00Quc3UW+BS8N590Ja,1.208451,2.1548849999999997,1.634567
252900,a7baWF1nwXO0ftP2/U2CPhCla55GWXzC4uxBsMohmjYeNZ00Quc3UW+BS8N590Ja,1.19832,35.500545,5.115961
253200,a7baWF1nwXO0ftP2/U2CPhCla55GWXzC4uxBsMohmjYeNZ00Quc3UW+BS8N590Ja,0.594233,2.115871,1.4527450000000002
253500,a7baWF1nwXO0ftP2/U2CPhCla55GWXzC4uxBsMohmjYeNZ00Quc3UW+BS8N590Ja,1.1776209999999998,2.2368669999999997,1.5939299999999998
253800,a7baWF1nwXO0ftP2/U2CPhCla55GWXzC4uxBsMohmjYeNZ00Quc3UW+BS8N590Ja,1.02908,2.566477,1.6194819999999999
254100,a7baWF1nwXO0ftP2/U2CPhCla55GWXzC4uxBsMohmjYeNZ00Quc3UW+BS8N590Ja,1.203766,2.1224529999999997,1.500486
254400,a7baWF1nwXO0ftP2/U2CPhCla55GWXzC4uxBsMohmjYeNZ00Quc3UW+BS8N590Ja,1.020982,2.249743,1.440444
254700,a7baWF1nwXO0ftP2/U2CPhCla55GWXzC4uxBsMohmjYeNZ00Quc3UW+BS8N590Ja,1.16826,2.64926,1.570234
255000,a7baWF1nwXO0ftP2/U2CPhCla55GWXzC4uxBsMohmjYeNZ00Quc3UW+BS8N590Ja,1.1788040000000002,2.208821,1.500304
255300,a7baWF1nwXO0ftP2/U2CPhCla55GWXzC4uxBsMohmjYeNZ00Quc3UW+BS8N590Ja,1.155907,3.043333,1.58469
255600,a7baWF1nwXO0ftP2/U2CPhCla55GWXzC4uxBsMohmjYeNZ00Quc3UW+BS8N590Ja,1.170083,2.7761430000000002,1.6746729999999999
255900,a7baWF1nwXO0ftP2/U2CPhCla55GWXzC4uxBsMohmjYeNZ00Quc3UW+BS8N590Ja,0.679741,2.079349,1.340368
256200,a7baWF1nwXO0ftP2/U2CPhCla55GWXzC4uxBsMohmjYeNZ00Quc3UW+BS8N590Ja,1.1712719999999999,3.203072,1.602336
256500,a7baWF1nwXO0ftP2/U2CPhCla55GWXzC4uxBsMohmjYeNZ00Quc3UW+BS8N590Ja,0.691754,24.98388,4.830307
256800,a7baWF1nwXO0ftP2/U2CPhCla55GWXzC4uxBsMohmjYeNZ00Quc3UW+BS8N590Ja,1.172868,2.280145,1.5115530000000001
257100,a7baWF1nwXO0ftP2/U2CPhCla55GWXzC4uxBsMohmjYeNZ00Quc3UW+BS8N590Ja,0.6156510000000001,2.302273,1.360457
257400,a7baWF1nwXO0ftP2/U2CPhCla55GWXzC4uxBsMohmjYeNZ00Quc3UW+BS8N590Ja,0.60053,2.854661,1.505875
257700,a7baWF1nwXO0ftP2/U2CPhCla55GWXzC4uxBsMohmjYeNZ00Quc3UW+BS8N590Ja,1.19927,2.442081,1.5608540000000002
258000,a7baWF1nwXO0ftP2/U2CPhCla55GWXzC4uxBsMohmjYeNZ00Quc3UW+BS8N590Ja,1.189626,3.160083,1.5228059999999999
258300,a7baWF1nwXO0ftP2/U2CPhCla55GWXzC4uxBsMohmjYeNZ00Quc3UW+BS8N590Ja,1.20129,2.7635240000000003,1.650436
258600,a7baWF1nwXO0ftP2/U2CPhCla55GWXzC4uxBsMohmjYeNZ00Quc3UW+BS8N590Ja,1.057338,2.145241,1.3813959999999998
258900,a7baWF1nwXO0ftP2/U2CPhCla55GWXzC4uxBsMohmjYeNZ00Quc3UW+BS8N590Ja,1.179522,3.1452139999999997,1.6665020000000001
259200,a7baWF1nwXO0ftP2/U2CPhCla55GWXzC4uxBsMohmjYeNZ00Quc3UW+BS8N590Ja,0.819247,2.808272,1.5384719999999998
259500,a7baWF1nwXO0ftP2/U2CPhCla55GWXzC4uxBsMohmjYeNZ00Quc3UW+BS8N590Ja,1.177403,2.2900490000000002,1.544949
259800,a7baWF1nwXO0ftP2/U2CPhCla55GWXzC4uxBsMohmjYeNZ00Quc3UW+BS8N590Ja,1.159726,2.25921,1.5504719999999999
260100,a7baWF1nwXO0ftP2/U2CPhCla55GWXzC4uxBsMohmjYeNZ00Quc3UW+BS8N590Ja,1.1688479999999999,2.670721,1.517962
260400,a7baWF1nwXO0ftP2/U2CPhCla55GWXzC4uxBsMohmjYeNZ00Quc3UW+BS8N590Ja,1.131641,2.356807,1.52514
260700,a7baWF1nwXO0ftP2/U2CPhCla55GWXzC4uxBsMohmjYeNZ00Quc3UW+BS8N590Ja,0.866561,3.092061,1.468366
261000,a7baWF1nwXO0ftP2/U2CPhCla55GWXzC4uxBsMohmjYeNZ00Quc3UW+BS8N590Ja,1.137082,2.714315,1.68923
261300,a7baWF1nwXO0ftP2/U2CPhCla55GWXzC4uxBsMohmjYeNZ00Quc3UW+BS8N590Ja,0.659084,2.1467560000000003,1.35632
261600,a7baWF1nwXO0ftP2/U2CPhCla55GWXzC4uxBsMohmjYeNZ00Quc3UW+BS8N590Ja,1.1786020000000001,3.200239,1.61097
261900,a7baWF1nwXO0ftP2/U2CPhCla55GWXzC4uxBsMohmjYeNZ00Quc3UW+BS8N590Ja,0.647953,2.767583,1.441669
262200,a7baWF1nwXO0ftP2/U2CPhCla55GWXzC4uxBsMohmjYeNZ00Quc3UW+BS8N590Ja,1.17002,2.172434,1.5194379999999998
262500,a7baWF1nwXO0ftP2/U2CPhCla55GWXzC4uxBsMohmjYeNZ00Quc3UW+BS8N590Ja,0.9577260000000001,2.243414,1.391216
262800,a7baWF1nwXO0ftP2/U2CPhCla55GWXzC4uxBsMohmjYeNZ00Quc3UW+BS8N590Ja,1.181583,2.689602,1.6471919999999998
263100,a7baWF1nwXO0ftP2/U2CPhCla55GWXzC4uxBsMohmjYeNZ00Quc3UW+BS8N590Ja,1.196604,2.185108,1.5150860000000002
263400,a7baWF1nwXO0ftP2/U2CPhCla55GWXzC4uxBsMohmjYeNZ00Quc3UW+BS8N590Ja,1.1444459999999999,3.1508849999999997,1.6203450000000001
263700,a7baWF1nwXO0ftP2/U2CPhCla55GWXzC4uxBsMohmjYeNZ00Quc3UW+BS8N590Ja,1.164974,30.494421000000003,4.426998
264000,a7baWF1nwXO0ftP2/U2CPhCla55GWXzC4uxBsMohmjYeNZ00Quc3UW+BS8N590Ja,1.17492,6.1717010000000005,1.970479
264300,a7baWF1nwXO0ftP2/U2CPhCla55GWXzC4uxBsMohmjYeNZ00Quc3UW+BS8N590Ja,1.174244,3.09721,1.6614369999999998
264600,a7baWF1nwXO0ftP2/U2CPhCla55GWXzC4uxBsMohmjYeNZ00Quc3UW+BS8N590Ja,1.163152,2.7230209999999997,1.637069
264900,a7baWF1nwXO0ftP2/U2CPhCla55GWXzC4uxBsMohmjYeNZ00Quc3UW+BS8N590Ja,1.167597,2.221809,1.521639
265200,a7baWF1nwXO0ftP2/U2CPhCla55GWXzC4uxBsMohmjYeNZ00Quc3UW+BS8N590Ja,0.635467,2.043243,1.363041
265500,a7baWF1nwXO0ftP2/U2CPhCla55GWXzC4uxBsMohmjYeNZ00Quc3UW+BS8N590Ja,1.189449,2.572526,1.617905
265800,a7baWF1nwXO0ftP2/U2CPhCla55GWXzC4uxBsMohmjYeNZ00Quc3UW+BS8N590Ja,0.644161,2.275093,1.469927
266100,a7baWF1nwXO0ftP2/U2CPhCla55GWXzC4uxBsMohmjYeNZ00Quc3UW+BS8N590Ja,0.892465,2.9214740000000003,1.546255
266400,a7baWF1nwXO0ftP2/U2CPhCla55GWXzC4uxBsMohmjYeNZ00Quc3UW+BS8N590Ja,1.200073,2.729006,1.685456
266700,a7baWF1nwXO0ftP2/U2CPhCla55GWXzC4uxBsMohmjYeNZ00Quc3UW+BS8N590Ja,1.17716,2.245283,1.492149
267000,a7baWF1nwXO0ftP2/U2CPhCla55GWXzC4uxBsMohmjYeNZ00Quc3UW+BS8N590Ja,1.182009,2.6801459999999997,1.6020590000000001
267300,a7baWF1nwXO0ftP2/U2CPhCla55GWXzC4uxBsMohmjYeNZ00Quc3UW+BS8N590Ja,1.20052,2.210266,1.492202
267600,a7baWF1nwXO0ftP2/U2CPhCla55GWXzC4uxBsMohmjYeNZ00Quc3UW+BS8N590Ja,1.168244,35.168252,4.91835
267900,a7baWF1nwXO0ftP2/U2CPhCla55GWXzC4uxBsMohmjYeNZ00Quc3UW+BS8N590Ja,1.053489,2.294627,1.4588219999999998
268200,a7baWF1nwXO0ftP2/U2CPhCla55GWXzC4uxBsMohmjYeNZ00Quc3UW+BS8N590Ja,1.197724,2.54524,1.607035
268500,a7baWF1nwXO0ftP2/U2CPhCla55GWXzC4uxBsMohmjYeNZ00Quc3UW+BS8N590Ja,1.212791,2.18653,1.627767
268800,a7baWF1nwXO0ftP2/U2CPhCla55GWXzC4uxBsMohmjYeNZ00Quc3UW+BS8N590Ja,1.188682,2.7205880000000002,1.601236
269100,a7baWF1nwXO0ftP2/U2CPhCla55GWXzC4uxBsMohmjYeNZ00Quc3UW+BS8N590Ja,1.1632639999999999,2.266178,1.568565
269400,a7baWF1nwXO0ftP2/U2CPhCla55GWXzC4uxBsMohmjYeNZ00Quc3UW+BS8N590Ja,0.564336,2.214604,1.4417719999999998
269700,a7baWF1nwXO0ftP2/U2CPhCla55GWXzC4uxBsMohmjYeNZ00Quc3UW+BS8N590Ja,1.19554,2.712167,1.596652
270000,a7baWF1nwXO0ftP2/U2CPhCla55GWXzC4uxBsMohmjYeNZ00Quc3UW+BS8N590Ja,0.444457,2.219675,1.413678
270300,a7baWF1nwXO0ftP2/U2CPhCla55GWXzC4uxBsMohmjYeNZ00Quc3UW+BS8N590Ja,1.165753,2.267472,1.6061530000000002
270600,a7baWF1nwXO0ftP2/U2CPhCla55GWXzC4uxBsMohmjYeNZ00Quc3UW+BS8N590Ja,0.667501,2.278211,1.420061
270900,a7baWF1nwXO0ftP2/U2CPhCla55GWXzC4uxBsMohmjYeNZ00Quc3UW+BS8N590Ja,1.209902,2.164138,1.5939459999999999
271200,a7baWF1nwXO0ftP2/U2CPhCla55GWXzC4uxBsMohmjYeNZ00Quc3UW+BS8N590Ja,1.004427,2.318781,1.5234889999999999
271500,a7baWF1nwXO0ftP2/U2CPhCla55GWXzC4uxBsMohmjYeNZ00Quc3UW+BS8N590Ja,0.737667,2.6067009999999997,1.454077
271800,a7baWF1nwXO0ftP2/U2CPhCla55GWXzC4uxBsMohmjYeNZ00Quc3UW+BS8N590Ja,1.212431,2.546368,1.632463
272100,a7baWF1nwXO0ftP2/U2CPhCla55GWXzC4uxBsMohmjYeNZ00Quc3UW+BS8N590Ja,0.706288,2.19729,1.457291
272400,a7baWF1nwXO0ftP2/U2CPhCla55GWXzC4uxBsMohmjYeNZ00Quc3UW+BS8N590Ja,1.211133,2.768884,1.629235
272700,a7baWF1nwXO0ftP2/U2CPhCla55GWXzC4uxBsMohmjYeNZ00Quc3UW+BS8N590Ja,0.650227,2.144868,1.441426
273000,a7baWF1nwXO0ftP2/U2CPhCla55GWXzC4uxBsMohmjYeNZ00Quc3UW+BS8N590Ja,1.224768,2.253351,1.631472
273300,a7baWF1nwXO0ftP2/U2CPhCla55GWXzC4uxBsMohmjYeNZ00Quc3UW+BS8N590Ja,1.189107,2.226888,1.5401200000000002
273600,a7baWF1nwXO0ftP2/U2CPhCla55GWXzC4uxBsMohmjYeNZ00Quc3UW+BS8N590Ja,1.2009290000000001,21.227659,3.646714
273900,a7baWF1nwXO0ftP2/U2CPhCla55GWXzC4uxBsMohmjYeNZ00Quc3UW+BS8N590Ja,1.19402,2.188918,1.5772059999999999
274200,a7baWF1nwXO0ftP2/U2CPhCla55GWXzC4uxBsMohmjYeNZ00Quc3UW+BS8N590Ja,0.946943,2.619579,1.4807860000000002
274500,a7baWF1nwXO0ftP2/U2CPhCla55GWXzC4uxBsMohmjYeNZ00Quc3UW+BS8N590Ja,1.21092,2.217246,1.592176
274800,a7baWF1nwXO0ftP2/U2CPhCla55GWXzC4uxBsMohmjYeNZ00Quc3UW+BS8N590Ja,1.1736280000000001,20.13062,4.809294
275100,a7baWF1nwXO0ftP2/U2CPhCla55GWXzC4uxBsMohmjYeNZ00Quc3UW+BS8N590Ja,1.2138440000000001,2.725981,1.6963869999999999
275400,a7baWF1nwXO0ftP2/U2CPhCla55GWXzC4uxBsMohmjYeNZ00Quc3UW+BS8N590Ja,1.209086,2.612924,1.62929
275700,a7baWF1nwXO0ftP2/U2CPhCla55GWXzC4uxBsMohmjYeNZ00Quc3UW+BS8N590Ja,1.186083,2.244966,1.634521
276000,a7baWF1nwXO0ftP2/U2CPhCla55GWXzC4uxBsMohmjYeNZ00Quc3UW+BS8N590Ja,1.190768,2.4447740000000002,1.590222
276300,a7baWF1nwXO0ftP2/U2CPhCla55GWXzC4uxBsMohmjYeNZ00Quc3UW+BS8N590Ja,1.1701059999999999,2.146975,1.567125
276600,a7baWF1nwXO0ftP2/U2CPhCla55GWXzC4uxBsMohmjYeNZ00Quc3UW+BS8N590Ja,1.187051,2.3796150000000003,1.629364
276900,a7baWF1nwXO0ftP2/U2CPhCla55GWXzC4uxBsMohmjYeNZ00Quc3UW+BS8N590Ja,1.0619969999999999,2.547167,1.479074
277200,a7baWF1nwXO0ftP2/U2CPhCla55GWXzC4uxBsMohmjYeNZ00Quc3UW+BS8N590Ja,1.219286,3.739682,1.7417619999999998
277500,a7baWF1nwXO0ftP2/U2CPhCla55GWXzC4uxBsMohmjYeNZ00Quc3UW+BS8N590Ja,1.223957,2.180591,1.589241
277800,a7baWF1nwXO0ftP2/U2CPhCla55GWXzC4uxBsMohmjYeNZ00Quc3UW+BS8N590Ja,1.19185,2.61055,1.602406
278100,a7baWF1nwXO0ftP2/U2CPhCla55GWXzC4uxBsMohmjYeNZ00Quc3UW+BS8N590Ja,1.201458,2.1212419999999996,1.556718
278400,a7baWF1nwXO0ftP2/U2CPhCla55GWXzC4uxBsMohmjYeNZ00Quc3UW+BS8N590Ja,1.139646,35.235336,4.909644999999999
278700,a7baWF1nwXO0ftP2/U2CPhCla55GWXzC4uxBsMohmjYeNZ00Quc3UW+BS8N590Ja,1.06023,2.180171,1.456704
279000,a7baWF1nwXO0ftP2/U2CPhCla55GWXzC4uxBsMohmjYeNZ00Quc3UW+BS8N590Ja,1.2674379999999998,2.258833,1.658677
279300,a7baWF1nwXO0ftP2/U2CPhCla55GWXzC4uxBsMohmjYeNZ00Quc3UW+BS8N590Ja,1.187427,27.947178000000005,5.475874
279600,a7baWF1nwXO0ftP2/U2CPhCla55GWXzC4uxBsMohmjYeNZ00Quc3UW+BS8N590Ja,1.217991,45.971036,8.772663
279900,a7baWF1nwXO0ftP2/U2CPhCla55GWXzC4uxBsMohmjYeNZ00Quc3UW+BS8N590Ja,1.203863,2.231199,1.6170870000000002
280200,a7baWF1nwXO0ftP2/U2CPhCla55GWXzC4uxBsMohmjYeNZ00Quc3UW+BS8N590Ja,1.1876010000000001,3.053783,1.6965299999999999
280500,a7baWF1nwXO0ftP2/U2CPhCla55GWXzC4uxBsMohmjYeNZ00Quc3UW+BS8N590Ja,1.223063,2.697965,1.6585279999999998
280800,a7baWF1nwXO0ftP2/U2CPhCla55GWXzC4uxBsMohmjYeNZ00Quc3UW+BS8N590Ja,1.258299,2.307989,1.6982540000000002
281100,a7baWF1nwXO0ftP2/U2CPhCla55GWXzC4uxBsMohmjYeNZ00Quc3UW+BS8N590Ja,1.208917,3.234284,1.682189
281400,a7baWF1nwXO0ftP2/U2CPhCla55GWXzC4uxBsMohmjYeNZ00Quc3UW+BS8N590Ja,1.20191,2.892011,1.602678
281700,a7baWF1nwXO0ftP2/U2CPhCla55GWXzC4uxBsMohmjYeNZ00Quc3UW+BS8N590Ja,1.172991,2.311298,1.572207
282000,a7baWF1nwXO0ftP2/U2CPhCla55GWXzC4uxBsMohmjYeNZ00Quc3UW+BS8N590Ja,1.155392,35.390828000000006,5.173304
282300,a7baWF1nwXO0ftP2/U2CPhCla55GWXzC4uxBsMohmjYeNZ00Quc3UW+BS8N590Ja,1.05037,2.630387,1.615476
282600,a7baWF1nwXO0ftP2/U2CPhCla55GWXzC4uxBsMohmjYeNZ00Quc3UW+BS8N590Ja,1.187117,2.382629,1.591643
282900,a7baWF1nwXO0ftP2/U2CPhCla55GWXzC4uxBsMohmjYeNZ00Quc3UW+BS8N590Ja,1.187403,2.9975009999999997,1.5953110000000001
283200,a7baWF1nwXO0ftP2/U2CPhCla55GWXzC4uxBsMohmjYeNZ00Quc3UW+BS8N590Ja,1.200474,2.674024,1.59629
283500,a7baWF1nwXO0ftP2/U2CPhCla55GWXzC4uxBsMohmjYeNZ00Quc3UW+BS8N590Ja,1.222687,2.216617,1.658734
283800,a7baWF1nwXO0ftP2/U2CPhCla55GWXzC4uxBsMohmjYeNZ00Quc3UW+BS8N590Ja,1.167601,3.0645119999999997,1.6232280000000001
284100,a7baWF1nwXO0ftP2/U2CPhCla55GWXzC4uxBsMohmjYeNZ00Quc3UW+BS8N590Ja,1.0226389999999999,2.800711,1.564285
284400,a7baWF1nwXO0ftP2/U2CPhCla55GWXzC4uxBsMohmjYeNZ00Quc3UW+BS8N590Ja,1.177915,2.25746,1.583266
284700,a7baWF1nwXO0ftP2/U2CPhCla55GWXzC4uxBsMohmjYeNZ00Quc3UW+BS8N590Ja,1.179118,7.9808460000000006,2.271573
285000,a7baWF1nwXO0ftP2/U2CPhCla55GWXzC4uxBsMohmjYeNZ00Quc3UW+BS8N590Ja,1.189468,2.830087,1.742716
285300,a7baWF1nwXO0ftP2/U2CPhCla55GWXzC4uxBsMohmjYeNZ00Quc3UW+BS8N590Ja,1.2054610000000001,2.60397,1.668125
285600,a7baWF1nwXO0ftP2/U2CPhCla55GWXzC4uxBsMohmjYeNZ00Quc3UW+BS8N590Ja,0.950731,34.695979,4.881675
285900,a7baWF1nwXO0ftP2/U2CPhCla55GWXzC4uxBsMohmjYeNZ00Quc3UW+BS8N590Ja,1.219629,2.698877,1.6065049999999998
286200,a7baWF1nwXO0ftP2/U2CPhCla55GWXzC4uxBsMohmjYeNZ00Quc3UW+BS8N590Ja,1.065858,2.2551069999999998,1.567143
286500,a7baWF1nwXO0ftP2/U2CPhCla55GWXzC4uxBsMohmjYeNZ00Quc3UW+BS8N590Ja,1.174269,3.075688,1.60026
286800,a7baWF1nwXO0ftP2/U2CPhCla55GWXzC4uxBsMohmjYeNZ00Quc3UW+BS8N590Ja,1.193626,2.757946,1.628698
287100,a7baWF1nwXO0ftP2/U2CPhCla55GWXzC4uxBsMohmjYeNZ00Quc3UW+BS8N590Ja,1.200674,2.1783040000000002,1.548757
287400,a7baWF1nwXO0ftP2/U2CPhCla55GWXzC4uxBsMohmjYeNZ00Quc3UW+BS8N590Ja,1.145261,9.821323,2.4224
287700,a7baWF1nwXO0ftP2/U2CPhCla55GWXzC4uxBsMohmjYeNZ00Quc3UW+BS8N590Ja,0.845881,2.683464,1.679386
288000,a7baWF1nwXO0ftP2/U2CPhCla55GWXzC4uxBsMohmjYeNZ00Quc3UW+BS8N590Ja,1.205215,2.182113,1.59341
288300,a7baWF1nwXO0ftP2/U2CPhCla55GWXzC4uxBsMohmjYeNZ00Quc3UW+BS8N590Ja,1.033009,3.4372010000000004,1.604585
288600,a7baWF1nwXO0ftP2/U2CPhCla55GWXzC4uxBsMohmjYeNZ00Quc3UW+BS8N590Ja,1.210591,2.576359,1.603453
288900,a7baWF1nwXO0ftP2/U2CPhCla55GWXzC4uxBsMohmjYeNZ00Quc3UW+BS8N590Ja,1.131551,2.32475,1.582686
289200,a7baWF1nwXO0ftP2/U2CPhCla55GWXzC4uxBsMohmjYeNZ00Quc3UW+BS8N590Ja,1.177467,34.672828,4.881342
289500,a7baWF1nwXO0ftP2/U2CPhCla55GWXzC4uxBsMohmjYeNZ00Quc3UW+BS8N590Ja,1.229468,2.6349,1.638074
289800,a7baWF1nwXO0ftP2/U2CPhCla55GWXzC4uxBsMohmjYeNZ00Quc3UW+BS8N590Ja,1.23021,2.2081779999999998,1.600133
290100,a7baWF1nwXO0ftP2/U2CPhCla55GWXzC4uxBsMohmjYeNZ00Quc3UW+BS8N590Ja,1.20052,5.113666,1.954923
290400,a7baWF1nwXO0ftP2/U2CPhCla55GWXzC4uxBsMohmjYeNZ00Quc3UW+BS8N590Ja,0.628604,2.873857,1.57196
290700,a7baWF1nwXO0ftP2/U2CPhCla55GWXzC4uxBsMohmjYeNZ00Quc3UW+BS8N590Ja,1.185454,2.067593,1.577764
291000,a7baWF1nwXO0ftP2/U2CPhCla55GWXzC4uxBsMohmjYeNZ00Quc3UW+BS8N590Ja,0.8306370000000001,2.9093400000000003,1.6030360000000001
291300,a7baWF1nwXO0ftP2/U2CPhCla55GWXzC4uxBsMohmjYeNZ00Quc3UW+BS8N590Ja,1.222409,2.460464,1.661588
291600,a7baWF1nwXO0ftP2/U2CPhCla55GWXzC4uxBsMohmjYeNZ00Quc3UW+BS8N590Ja,0.756011,2.200287,1.5248709999999999
291900,a7baWF1nwXO0ftP2/U2CPhCla55GWXzC4uxBsMohmjYeNZ00Quc3UW+BS8N590Ja,1.196625,2.696724,1.605408
292200,a7baWF1nwXO0ftP2/U2CPhCla55GWXzC4uxBsMohmjYeNZ00Quc3UW+BS8N590Ja,0.8503879999999999,2.203837,1.442228
292500,a7baWF1nwXO0ftP2/U2CPhCla55GWXzC4uxBsMohmjYeNZ00Quc3UW+BS8N590Ja,1.193768,2.302441,1.673664
292800,a7baWF1nwXO0ftP2/U2CPhCla55GWXzC4uxBsMohmjYeNZ00Quc3UW+BS8N590Ja,0.748791,18.973881,4.838271
293100,a7baWF1nwXO0ftP2/U2CPhCla55GWXzC4uxBsMohmjYeNZ00Quc3UW+BS8N590Ja,0.619002,2.2239619999999998,1.4721959999999998
293400,a7baWF1nwXO0ftP2/U2CPhCla55GWXzC4uxBsMohmjYeNZ00Quc3UW+BS8N590Ja,1.1582370000000002,2.51042,1.677989
293700,a7baWF1nwXO0ftP2/U2CPhCla55GWXzC4uxBsMohmjYeNZ00Quc3UW+BS8N590Ja,1.1471930000000001,2.6670439999999997,1.695978
294000,a7baWF1nwXO0ftP2/U2CPhCla55GWXzC4uxBsMohmjYeNZ00Quc3UW+BS8N590Ja,1.175074,2.293845,1.5600100000000001
294300,a7baWF1nwXO0ftP2/U2CPhCla55GWXzC4uxBsMohmjYeNZ00Quc3UW+BS8N590Ja,1.140356,2.577738,1.7653299999999998
294600,a7baWF1nwXO0ftP2/U2CPhCla55GWXzC4uxBsMohmjYeNZ00Quc3UW+BS8N590Ja,1.141275,2.741274,1.616902
294900,a7baWF1nwXO0ftP2/U2CPhCla55GWXzC4uxBsMohmjYeNZ00Quc3UW+BS8N590Ja,1.1898870000000001,3.862415,1.856422
295200,a7baWF1nwXO0ftP2/U2CPhCla55GWXzC4uxBsMohmjYeNZ00Quc3UW+BS8N590Ja,1.154622,2.538652,1.692107
295500,a7baWF1nwXO0ftP2/U2CPhCla55GWXzC4uxBsMohmjYeNZ00Quc3UW+BS8N590Ja,1.166151,2.66024,1.620088
295800,a7baWF1nwXO0ftP2/U2CPhCla55GWXzC4uxBsMohmjYeNZ00Quc3UW+BS8N590Ja,1.1725809999999999,2.2359259999999996,1.5101209999999998
296100,a7baWF1nwXO0ftP2/U2CPhCla55GWXzC4uxBsMohmjYeNZ00Quc3UW+BS8N590Ja,1.1815799999999999,2.429353,1.708459
296400,a7baWF1nwXO0ftP2/U2CPhCla55GWXzC4uxBsMohmjYeNZ00Quc3UW+BS8N590Ja,1.155642,34.536819,4.943245
296700,a7baWF1nwXO0ftP2/U2CPhCla55GWXzC4uxBsMohmjYeNZ00Quc3UW+BS8N590Ja,1.198501,2.317524,1.528665
297000,a7baWF1nwXO0ftP2/U2CPhCla55GWXzC4uxBsMohmjYeNZ00Quc3UW+BS8N590Ja,1.116702,2.888445,1.691903
297300,a7baWF1nwXO0ftP2/U2CPhCla55GWXzC4uxBsMohmjYeNZ00Quc3UW+BS8N590Ja,1.1503649999999999,2.764193,1.605333
297600,a7baWF1nwXO0ftP2/U2CPhCla55GWXzC4uxBsMohmjYeNZ00Quc3UW+BS8N590Ja,1.185077,2.198026,1.4899129999999998
297900,a7baWF1nwXO0ftP2/U2CPhCla55GWXzC4uxBsMohmjYeNZ00Quc3UW+BS8N590Ja,1.1633440000000002,2.696232,1.67897
298200,a7baWF1nwXO0ftP2/U2CPhCla55GWXzC4uxBsMohmjYeNZ00Quc3UW+BS8N590Ja,1.1166200000000002,2.97588,1.609494
298500,a7baWF1nwXO0ftP2/U2CPhCla55GWXzC4uxBsMohmjYeNZ00Quc3UW+BS8N590Ja,0.9597110000000001,2.213105,1.473869
298800,a7baWF1nwXO0ftP2/U2CPhCla55GWXzC4uxBsMohmjYeNZ00Quc3UW+BS8N590Ja,1.1454950000000002,2.545194,1.680924
299100,a7baWF1nwXO0ftP2/U2CPhCla55GWXzC4uxBsMohmjYeNZ00Quc3UW+BS8N590Ja,1.1345,2.648721,1.634189
299400,a7baWF1nwXO0ftP2/U2CPhCla55GWXzC4uxBsMohmjYeNZ00Quc3UW+BS8N590Ja,1.16215,2.218332,1.536373
299700,a7baWF1nwXO0ftP2/U2CPhCla55GWXzC4uxBsMohmjYeNZ00Quc3UW+BS8N590Ja,1.214029,2.86013,1.7169990000000002
300000,a7baWF1nwXO0ftP2/U2CPhCla55GWXzC4uxBsMohmjYeNZ00Quc3UW+BS8N590Ja,1.172218,33.667756,4.915619
300300,a7baWF1nwXO0ftP2/U2CPhCla55GWXzC4uxBsMohmjYeNZ00Quc3UW+BS8N590Ja,1.01362,2.163828,1.45254
300600,a7baWF1nwXO0ftP2/U2CPhCla55GWXzC4uxBsMohmjYeNZ00Quc3UW+BS8N590Ja,1.336001,2.916964,1.772101
300900,a7baWF1nwXO0ftP2/U2CPhCla55GWXzC4uxBsMohmjYeNZ00Quc3UW+BS8N590Ja,1.109672,2.643896,1.558827
301200,a7baWF1nwXO0ftP2/U2CPhCla55GWXzC4uxBsMohmjYeNZ00Quc3UW+BS8N590Ja,0.649745,2.145267,1.4454770000000001
301500,a7baWF1nwXO0ftP2/U2CPhCla55GWXzC4uxBsMohmjYeNZ00Quc3UW+BS8N590Ja,1.243483,2.479374,1.676708
301800,a7baWF1nwXO0ftP2/U2CPhCla55GWXzC4uxBsMohmjYeNZ00Quc3UW+BS8N590Ja,0.656307,2.632859,1.5850540000000002
302100,a7baWF1nwXO0ftP2/U2CPhCla55GWXzC4uxBsMohmjYeNZ00Quc3UW+BS8N590Ja,1.213503,2.209961,1.520384
302400,a7baWF1nwXO0ftP2/U2CPhCla55GWXzC4uxBsMohmjYeNZ00Quc3UW+BS8N590Ja,0.76886,2.499032,1.600603
302700,a7baWF1nwXO0ftP2/U2CPhCla55GWXzC4uxBsMohmjYeNZ00Quc3UW+BS8N590Ja,1.119622,2.6663069999999998,1.623974
303000,a7baWF1nwXO0ftP2/U2CPhCla55GWXzC4uxBsMohmjYeNZ00Quc3UW+BS8N590Ja,1.187067,2.394666,1.555396
303300,a7baWF1nwXO0ftP2/U2CPhCla55GWXzC4uxBsMohmjYeNZ00Quc3UW+BS8N590Ja,1.1797790000000001,2.39057,1.7054349999999998
303600,a7baWF1nwXO0ftP2/U2CPhCla55GWXzC4uxBsMohmjYeNZ00Quc3UW+BS8N590Ja,1.178221,33.829093,5.5742970000000005
303900,a7baWF1nwXO0ftP2/U2CPhCla55GWXzC4uxBsMohmjYeNZ00Quc3UW+BS8N590Ja,0.663244,2.131693,1.445214
304200,a7baWF1nwXO0ftP2/U2CPhCla55GWXzC4uxBsMohmjYeNZ00Quc3UW+BS8N590Ja,1.220293,2.690089,1.677714
304500,a7baWF1nwXO0ftP2/U2CPhCla55GWXzC4uxBsMohmjYeNZ00Quc3UW+BS8N590Ja,0.824408,2.571097,1.5681100000000001
304800,a7baWF1nwXO0ftP2/U2CPhCla55GWXzC4uxBsMohmjYeNZ00Quc3UW+BS8N590Ja,1.179093,2.232132,1.510255
305100,a7baWF1nwXO0ftP2/U2CPhCla55GWXzC4uxBsMohmjYeNZ00Quc3UW+BS8N590Ja,1.171072,2.749531,1.699369
305400,a7baWF1nwXO0ftP2/U2CPhCla55GWXzC4uxBsMohmjYeNZ00Quc3UW+BS8N590Ja,1.192235,2.647883,1.612532
305700,a7baWF1nwXO0ftP2/U2CPhCla55GWXzC4uxBsMohmjYeNZ00Quc3UW+BS8N590Ja,0.9242100000000001,2.296049,1.449964
306000,a7baWF1nwXO0ftP2/U2CPhCla55GWXzC4uxBsMohmjYeNZ00Quc3UW+BS8N590Ja,1.209195,2.85272,1.668037
306300,a7baWF1nwXO0ftP2/U2CPhCla55GWXzC4uxBsMohmjYeNZ00Quc3UW+BS8N590Ja,1.222334,6.91435,2.1401380000000003
306600,a7baWF1nwXO0ftP2/U2CPhCla55GWXzC4uxBsMohmjYeNZ00Quc3UW+BS8N590Ja,1.083178,2.128461,1.491492
306900,a7baWF1nwXO0ftP2/U2CPhCla55GWXzC4uxBsMohmjYeNZ00Quc3UW+BS8N590Ja,1.161391,2.712744,1.67905
307200,a7baWF1nwXO0ftP2/U2CPhCla55GWXzC4uxBsMohmjYeNZ00Quc3UW+BS8N590Ja,0.620404,34.5847,4.865251
307500,a7baWF1nwXO0ftP2/U2CPhCla55GWXzC4uxBsMohmjYeNZ00Quc3UW+BS8N590Ja,1.20779,2.19565,1.514302
307800,a7baWF1nwXO0ftP2/U2CPhCla55GWXzC4uxBsMohmjYeNZ00Quc3UW+BS8N590Ja,0.727843,2.435772,1.653415
308100,a7baWF1nwXO0ftP2/U2CPhCla55GWXzC4uxBsMohmjYeNZ00Quc3UW+BS8N590Ja,1.2196799999999999,29.154184000000004,6.205737
308400,a7baWF1nwXO0ftP2/U2CPhCla55GWXzC4uxBsMohmjYeNZ00Quc3UW+BS8N590Ja,0.8219049999999999,42.589411,5.767876
308700,a7baWF1nwXO0ftP2/U2CPhCla55GWXzC4uxBsMohmjYeNZ00Quc3UW+BS8N590Ja,1.175742,2.436166,1.7590569999999999
309000,a7baWF1nwXO0ftP2/U2CPhCla55GWXzC4uxBsMohmjYeNZ00Quc3UW+BS8N590Ja,1.147162,2.792005,1.7468560000000002
309300,a7baWF1nwXO0ftP2/U2CPhCla55GWXzC4uxBsMohmjYeNZ00Quc3UW+BS8N590Ja,0.747206,2.141577,1.513328
309600,a7baWF1nwXO0ftP2/U2CPhCla55GWXzC4uxBsMohmjYeNZ00Quc3UW+BS8N590Ja,1.1573440000000002,2.38335,1.700089
309900,a7baWF1nwXO0ftP2/U2CPhCla55GWXzC4uxBsMohmjYeNZ00Quc3UW+BS8N590Ja,0.620258,2.504652,1.55593
310200,a7baWF1nwXO0ftP2/U2CPhCla55GWXzC4uxBsMohmjYeNZ00Quc3UW+BS8N590Ja,1.1549129999999999,2.1476,1.554928
310500,a7baWF1nwXO0ftP2/U2CPhCla55GWXzC4uxBsMohmjYeNZ00Quc3UW+BS8N590Ja,0.604928,2.3416799999999998,1.595048
310800,a7baWF1nwXO0ftP2/U2CPhCla55GWXzC4uxBsMohmjYeNZ00Quc3UW+BS8N590Ja,1.146382,20.018019,4.9424019999999995
311100,a7baWF1nwXO0ftP2/U2CPhCla55GWXzC4uxBsMohmjYeNZ00Quc3UW+BS8N590Ja,1.1540780000000002,2.10117,1.509376
311400,a7baWF1nwXO0ftP2/U2CPhCla55GWXzC4uxBsMohmjYeNZ00Quc3UW+BS8N590Ja,1.153286,2.384954,1.757416
311700,a7baWF1nwXO0ftP2/U2CPhCla55GWXzC4uxBsMohmjYeNZ00Quc3UW+BS8N590Ja,1.1043319999999999,2.475132,1.611956
312000,a7baWF1nwXO0ftP2/U2CPhCla55GWXzC4uxBsMohmjYeNZ00Quc3UW+BS8N590Ja,1.052692,2.0592099999999998,1.500688
312300,a7baWF1nwXO0ftP2/U2CPhCla55GWXzC4uxBsMohmjYeNZ00Quc3UW+BS8N590Ja,1.158903,2.332663,1.701311
312600,a7baWF1nwXO0ftP2/U2CPhCla55GWXzC4uxBsMohmjYeNZ00Quc3UW+BS8N590Ja,1.143838,2.508962,1.612106
312900,a7baWF1nwXO0ftP2/U2CPhCla55GWXzC4uxBsMohmjYeNZ00Quc3UW+BS8N590Ja,1.151551,2.108813,1.540668
313200,a7baWF1nwXO0ftP2/U2CPhCla55GWXzC4uxBsMohmjYeNZ00Quc3UW+BS8N590Ja,0.741851,2.31604,1.611791
313500,a7baWF1nwXO0ftP2/U2CPhCla55GWXzC4uxBsMohmjYeNZ00Quc3UW+BS8N590Ja,1.1157700000000002,2.456626,1.622335
313800,a7baWF1nwXO0ftP2/U2CPhCla55GWXzC4uxBsMohmjYeNZ00Quc3UW+BS8N590Ja,1.1494010000000001,2.026125,1.52068
314100,a7baWF1nwXO0ftP2/U2CPhCla55GWXzC4uxBsMohmjYeNZ00Quc3UW+BS8N590Ja,1.174899,2.303401,1.798329
314400,a7baWF1nwXO0ftP2/U2CPhCla55GWXzC4uxBsMohmjYeNZ00Quc3UW+BS8N590Ja,1.185999,33.728691,4.758358
314700,a7baWF1nwXO0ftP2/U2CPhCla55GWXzC4uxBsMohmjYeNZ00Quc3UW+BS8N590Ja,0.7024020000000001,3.1532560000000003,1.671964
315000,a7baWF1nwXO0ftP2/U2CPhCla55GWXzC4uxBsMohmjYeNZ00Quc3UW+BS8N590Ja,1.139945,2.207937,1.696769
315300,a7baWF1nwXO0ftP2/U2CPhCla55GWXzC4uxBsMohmjYeNZ00Quc3UW+BS8N590Ja,1.107652,2.3548,1.587924
315600,a7baWF1nwXO0ftP2/U2CPhCla55GWXzC4uxBsMohmjYeNZ00Quc3UW+BS8N590Ja,1.148954,2.1119950000000003,1.630522
315900,a7baWF1nwXO0ftP2/U2CPhCla55GWXzC4uxBsMohmjYeNZ00Quc3UW+BS8N590Ja,1.122058,2.246432,1.66415
316200,a7baWF1nwXO0ftP2/U2CPhCla55GWXzC4uxBsMohmjYeNZ00Quc3UW+BS8N590Ja,1.120919,2.3290319999999998,1.528226
316500,a7baWF1nwXO0ftP2/U2CPhCla55GWXzC4uxBsMohmjYeNZ00Quc3UW+BS8N590Ja,1.064681,2.114419,1.554504
316800,a7baWF1nwXO0ftP2/U2CPhCla55GWXzC4uxBsMohmjYeNZ00Quc3UW+BS8N590Ja,1.128898,22.155727,3.929857
317100,a7baWF1nwXO0ftP2/U2CPhCla55GWXzC4uxBsMohmjYeNZ00Quc3UW+BS8N590Ja,1.129675,2.330422,1.503296
317400,a7baWF1nwXO0ftP2/U2CPhCla55GWXzC4uxBsMohmjYeNZ00Quc3UW+BS8N590Ja,0.7625930000000001,3.876493,1.907568
317700,a7baWF1nwXO0ftP2/U2CPhCla55GWXzC4uxBsMohmjYeNZ00Quc3UW+BS8N590Ja,1.120947,2.968295,1.7064560000000002
318000,a7baWF1nwXO0ftP2/U2CPhCla55GWXzC4uxBsMohmjYeNZ00Quc3UW+BS8N590Ja,1.1366120000000002,34.204361999999996,4.822573
318300,a7baWF1nwXO0ftP2/U2CPhCla55GWXzC4uxBsMohmjYeNZ00Quc3UW+BS8N590Ja,1.1261889999999999,2.932033,1.63329
318600,a7baWF1nwXO0ftP2/U2CPhCla55GWXzC4uxBsMohmjYeNZ00Quc3UW+BS8N590Ja,0.948809,2.892505,1.6701810000000001
318900,a7baWF1nwXO0ftP2/U2CPhCla55GWXzC4uxBsMohmjYeNZ00Quc3UW+BS8N590Ja,1.110251,2.3846700000000003,1.538343
319200,a7baWF1nwXO0ftP2/U2CPhCla55GWXzC4uxBsMohmjYeNZ00Quc3UW+BS8N590Ja,0.792141,2.877408,1.550537
319500,a7baWF1nwXO0ftP2/U2CPhCla55GWXzC4uxBsMohmjYeNZ00Quc3UW+BS8N590Ja,1.086912,3.6249160000000002,1.7540740000000001
319800,a7baWF1nwXO0ftP2/U2CPhCla55GWXzC4uxBsMohmjYeNZ00Quc3UW+BS8N590Ja,1.171814,4.051583,1.759255
320100,a7baWF1nwXO0ftP2/U2CPhCla55GWXzC4uxBsMohmjYeNZ00Quc3UW+BS8N590Ja,1.098277,2.986176,1.6449619999999998
320400,a7baWF1nwXO0ftP2/U2CPhCla55GWXzC4uxBsMohmjYeNZ00Quc3UW+BS8N590Ja,1.128058,2.976143,1.7231619999999999
320700,a7baWF1nwXO0ftP2/U2CPhCla55GWXzC4uxBsMohmjYeNZ00Quc3UW+BS8N590Ja,1.121873,3.7112769999999995,1.8219189999999998
321000,a7baWF1nwXO0ftP2/U2CPhCla55GWXzC4uxBsMohmjYeNZ00Quc3UW+BS8N590Ja,1.149334,2.9053080000000002,1.64365
321300,a7baWF1nwXO0ftP2/U2CPhCla55GWXzC4uxBsMohmjYeNZ00Quc3UW+BS8N590Ja,1.119122,2.848999,1.7632759999999998
321600,a7baWF1nwXO0ftP2/U2CPhCla55GWXzC4uxBsMohmjYeNZ00Quc3UW+BS8N590Ja,1.15097,30.458565999999998,4.818168
321900,a7baWF1nwXO0ftP2/U2CPhCla55GWXzC4uxBsMohmjYeNZ00Quc3UW+BS8N590Ja,1.1353719999999998,2.938013,1.628166
322200,a7baWF1nwXO0ftP2/U2CPhCla55GWXzC4uxBsMohmjYeNZ00Quc3UW+BS8N590Ja,1.155284,10.558005,2.5287040000000003
322500,a7baWF1nwXO0ftP2/U2CPhCla55GWXzC4uxBsMohmjYeNZ00Quc3UW+BS8N590Ja,1.127689,2.278997,1.524043
322800,a7baWF1nwXO0ftP2/U2CPhCla55GWXzC4uxBsMohmjYeNZ00Quc3UW+BS8N590Ja,1.1155680000000001,2.9457150000000003,1.613125
323100,a7baWF1nwXO0ftP2/U2CPhCla55GWXzC4uxBsMohmjYeNZ00Quc3UW+BS8N590Ja,0.960586,2.916931,1.654311
323400,a7baWF1nwXO0ftP2/U2CPhCla55GWXzC4uxBsMohmjYeNZ00Quc3UW+BS8N590Ja,0.649753,2.294333,1.454335
323700,a7baWF1nwXO0ftP2/U2CPhCla55GWXzC4uxBsMohmjYeNZ00Quc3UW+BS8N590Ja,1.105896,2.900371,1.610115
324000,a7baWF1nwXO0ftP2/U2CPhCla55GWXzC4uxBsMohmjYeNZ00Quc3UW+BS8N590Ja,0.729049,2.835646,1.605119
324300,a7baWF1nwXO0ftP2/U2CPhCla55GWXzC4uxBsMohmjYeNZ00Quc3UW+BS8N590Ja,1.125022,2.299184,1.50977
324600,a7baWF1nwXO0ftP2/U2CPhCla55GWXzC4uxBsMohmjYeNZ00Quc3UW+BS8N590Ja,0.8054979999999999,2.9180610000000002,1.576784
324900,a7baWF1nwXO0ftP2/U2CPhCla55GWXzC4uxBsMohmjYeNZ00Quc3UW+BS8N590Ja,1.077521,2.9402619999999997,1.750666
325200,a7baWF1nwXO0ftP2/U2CPhCla55GWXzC4uxBsMohmjYeNZ00Quc3UW+BS8N590Ja,1.021841,34.245588,4.780837
325500,a7baWF1nwXO0ftP2/U2CPhCla55GWXzC4uxBsMohmjYeNZ00Quc3UW+BS8N590Ja,1.118053,3.073404,1.6616
325800,a7baWF1nwXO0ftP2/U2CPhCla55GWXzC4uxBsMohmjYeNZ00Quc3UW+BS8N590Ja,1.106119,2.840729,1.7904330000000002
326100,a7baWF1nwXO0ftP2/U2CPhCla55GWXzC4uxBsMohmjYeNZ00Quc3UW+BS8N590Ja,1.153841,2.260897,1.648021
326400,a7baWF1nwXO0ftP2/U2CPhCla55GWXzC4uxBsMohmjYeNZ00Quc3UW+BS8N590Ja,1.1174549999999999,2.8281,1.623408
326700,a7baWF1nwXO0ftP2/U2CPhCla55GWXzC4uxBsMohmjYeNZ00Quc3UW+BS8N590Ja,1.102562,2.874565,1.679807
327000,a7baWF1nwXO0ftP2/U2CPhCla55GWXzC4uxBsMohmjYeNZ00Quc3UW+BS8N590Ja,1.204826,2.2832630000000003,1.550965
327300,a7baWF1nwXO0ftP2/U2CPhCla55GWXzC4uxBsMohmjYeNZ00Quc3UW+BS8N590Ja,1.140945,2.842525,1.621535
327600,a7baWF1nwXO0ftP2/U2CPhCla55GWXzC4uxBsMohmjYeNZ00Quc3UW+BS8N590Ja,1.096447,2.997496,1.7231830000000001
327900,a7baWF1nwXO0ftP2/U2CPhCla55GWXzC4uxBsMohmjYeNZ00Quc3UW+BS8N590Ja,0.758212,2.120191,1.445881
328200,a7baWF1nwXO0ftP2/U2CPhCla55GWXzC4uxBsMohmjYeNZ00Quc3UW+BS8N590Ja,1.162784,2.802449,1.665201
328500,a7baWF1nwXO0ftP2/U2CPhCla55GWXzC4uxBsMohmjYeNZ00Quc3UW+BS8N590Ja,0.8143199999999999,2.678188,1.7052040000000002
328800,a7baWF1nwXO0ftP2/U2CPhCla55GWXzC4uxBsMohmjYeNZ00Quc3UW+BS8N590Ja,1.039239,17.217655,3.12947
329100,a7baWF1nwXO0ftP2/U2CPhCla55GWXzC4uxBsMohmjYeNZ00Quc3UW+BS8N590Ja,1.157338,2.7610080000000004,1.6497
329400,a7baWF1nwXO0ftP2/U2CPhCla55GWXzC4uxBsMohmjYeNZ00Quc3UW+BS8N590Ja,0.8378260000000001,2.250142,1.574835
329700,a7baWF1nwXO0ftP2/U2CPhCla55GWXzC4uxBsMohmjYeNZ00Quc3UW+BS8N590Ja,1.142464,2.154762,1.6398650000000001
330000,a7baWF1nwXO0ftP2/U2CPhCla55GWXzC4uxBsMohmjYeNZ00Quc3UW+BS8N590Ja,1.1469040000000001,3.3204589999999996,1.7847529999999998
330300,a7baWF1nwXO0ftP2/U2CPhCla55GWXzC4uxBsMohmjYeNZ00Quc3UW+BS8N590Ja,1.111708,2.747794,1.621744
330600,a7baWF1nwXO0ftP2/U2CPhCla55GWXzC4uxBsMohmjYeNZ00Quc3UW+BS8N590Ja,1.180808,3.825848,1.797855
330900,a7baWF1nwXO0ftP2/U2CPhCla55GWXzC4uxBsMohmjYeNZ00Quc3UW+BS8N590Ja,1.150916,2.964298,1.697703
331200,a7baWF1nwXO0ftP2/U2CPhCla55GWXzC4uxBsMohmjYeNZ00Quc3UW+BS8N590Ja,1.163761,3.5990629999999997,1.8284790000000002
331500,a7baWF1nwXO0ftP2/U2CPhCla55GWXzC4uxBsMohmjYeNZ00Quc3UW+BS8N590Ja,1.2981639999999999,2.601112,1.7896990000000002
331800,a7baWF1nwXO0ftP2/U2CPhCla55GWXzC4uxBsMohmjYeNZ00Quc3UW+BS8N590Ja,1.188157,2.876344,1.6441830000000002
332100,a7baWF1nwXO0ftP2/U2CPhCla55GWXzC4uxBsMohmjYeNZ00Quc3UW+BS8N590Ja,1.162941,2.689752,1.7275310000000001
332400,a7baWF1nwXO0ftP2/U2CPhCla55GWXzC4uxBsMohmjYeNZ00Quc3UW+BS8N590Ja,1.291735,33.839962,4.898372
332700,a7baWF1nwXO0ftP2/U2CPhCla55GWXzC4uxBsMohmjYeNZ00Quc3UW+BS8N590Ja,1.160431,2.843276,1.7427990000000002
333000,a7baWF1nwXO0ftP2/U2CPhCla55GWXzC4uxBsMohmjYeNZ00Quc3UW+BS8N590Ja,1.1586940000000001,2.644399,1.6338290000000002
333300,a7baWF1nwXO0ftP2/U2CPhCla55GWXzC4uxBsMohmjYeNZ00Quc3UW+BS8N590Ja,1.126363,3.008237,1.759889
333600,a7baWF1nwXO0ftP2/U2CPhCla55GWXzC4uxBsMohmjYeNZ00Quc3UW+BS8N590Ja,1.195135,2.877185,1.6567049999999999
333900,a7baWF1nwXO0ftP2/U2CPhCla55GWXzC4uxBsMohmjYeNZ00Quc3UW+BS8N590Ja,1.168993,3.223336,1.826956
334200,a7baWF1nwXO0ftP2/U2CPhCla55GWXzC4uxBsMohmjYeNZ00Quc3UW+BS8N590Ja,1.202811,3.0853639999999998,1.795623
334500,a7baWF1nwXO0ftP2/U2CPhCla55GWXzC4uxBsMohmjYeNZ00Quc3UW+BS8N590Ja,1.2010809999999998,2.848046,1.632757
334800,a7baWF1nwXO0ftP2/U2CPhCla55GWXzC4uxBsMohmjYeNZ00Quc3UW+BS8N590Ja,1.167524,2.6899490000000004,1.7204220000000001
335100,a7baWF1nwXO0ftP2/U2CPhCla55GWXzC4uxBsMohmjYeNZ00Quc3UW+BS8N590Ja,1.157638,2.192268,1.624016
335400,a7baWF1nwXO0ftP2/U2CPhCla55GWXzC4uxBsMohmjYeNZ00Quc3UW+BS8N590Ja,1.162325,2.930817,1.736582
335700,a7baWF1nwXO0ftP2/U2CPhCla55GWXzC4uxBsMohmjYeNZ00Quc3UW+BS8N590Ja,1.129304,2.668977,1.605426
336000,a7baWF1nwXO0ftP2/U2CPhCla55GWXzC4uxBsMohmjYeNZ00Quc3UW+BS8N590Ja,1.250321,34.061640999999995,4.846822
336300,a7baWF1nwXO0ftP2/U2CPhCla55GWXzC4uxBsMohmjYeNZ00Quc3UW+BS8N590Ja,1.19543,2.884887,1.630496
336600,a7baWF1nwXO0ftP2/U2CPhCla55GWXzC4uxBsMohmjYeNZ00Quc3UW+BS8N590Ja,1.021974,2.564474,1.635792
336900,a7baWF1nwXO0ftP2/U2CPhCla55GWXzC4uxBsMohmjYeNZ00Quc3UW+BS8N590Ja,1.2264549999999999,31.501015000000002,4.677453
337200,a7baWF1nwXO0ftP2/U2CPhCla55GWXzC4uxBsMohmjYeNZ00Quc3UW+BS8N590Ja,1.286425,54.260587,9.691133
337500,a7baWF1nwXO0ftP2/U2CPhCla55GWXzC4uxBsMohmjYeNZ00Quc3UW+BS8N590Ja,1.075828,2.481686,1.620861
337800,a7baWF1nwXO0ftP2/U2CPhCla55GWXzC4uxBsMohmjYeNZ00Quc3UW+BS8N590Ja,1.186442,3.127173,1.769982
338100,a7baWF1nwXO0ftP2/U2CPhCla55GWXzC4uxBsMohmjYeNZ00Quc3UW+BS8N590Ja,1.220769,5.944974,2.401636
338400,a7baWF1nwXO0ftP2/U2CPhCla55GWXzC4uxBsMohmjYeNZ00Quc3UW+BS8N590Ja,1.196343,11.53155,3.621471
338700,a7baWF1nwXO0ftP2/U2CPhCla55GWXzC4uxBsMohmjYeNZ00Quc3UW+BS8N590Ja,1.1093899999999999,2.552566,1.596825
339000,a7baWF1nwXO0ftP2/U2CPhCla55GWXzC4uxBsMohmjYeNZ00Quc3UW+BS8N590Ja,1.163462,2.778736,1.6627040000000002
339300,a7baWF1nwXO0ftP2/U2CPhCla55GWXzC4uxBsMohmjYeNZ00Quc3UW+BS8N590Ja,1.065451,2.685336,1.659409
339600,a7baWF1nwXO0ftP2/U2CPhCla55GWXzC4uxBsMohmjYeNZ00Quc3UW+BS8N590Ja,1.274498,80.788444,11.761692
339900,a7baWF1nwXO0ftP2/U2CPhCla55GWXzC4uxBsMohmjYeNZ00Quc3UW+BS8N590Ja,1.148873,2.79713,1.627399
340200,a7baWF1nwXO0ftP2/U2CPhCla55GWXzC4uxBsMohmjYeNZ00Quc3UW+BS8N590Ja,0.959292,2.409441,1.5569389999999999
340500,a7baWF1nwXO0ftP2/U2CPhCla55GWXzC4uxBsMohmjYeNZ00Quc3UW+BS8N590Ja,1.172709,2.044163,1.6163040000000002
340800,a7baWF1nwXO0ftP2/U2CPhCla55GWXzC4uxBsMohmjYeNZ00Quc3UW+BS8N590Ja,0.842009,2.659418,1.521362
341100,a7baWF1nwXO0ftP2/U2CPhCla55GWXzC4uxBsMohmjYeNZ00Quc3UW+BS8N590Ja,1.124303,2.382936,1.587508
341400,a7baWF1nwXO0ftP2/U2CPhCla55GWXzC4uxBsMohmjYeNZ00Quc3UW+BS8N590Ja,0.852295,2.429871,1.5084879999999998
341700,a7baWF1nwXO0ftP2/U2CPhCla55GWXzC4uxBsMohmjYeNZ00Quc3UW+BS8N590Ja,1.196834,2.367977,1.629425
342000,a7baWF1nwXO0ftP2/U2CPhCla55GWXzC4uxBsMohmjYeNZ00Quc3UW+BS8N590Ja,1.173081,2.305152,1.579784
342300,a7baWF1nwXO0ftP2/U2CPhCla55GWXzC4uxBsMohmjYeNZ00Quc3UW+BS8N590Ja,1.1912040000000002,2.875267,1.708443
342600,a7baWF1nwXO0ftP2/U2CPhCla55GWXzC4uxBsMohmjYeNZ00Quc3UW+BS8N590Ja,1.17546,2.433888,1.632
342900,a7baWF1nwXO0ftP2/U2CPhCla55GWXzC4uxBsMohmjYeNZ00Quc3UW+BS8N590Ja,1.191129,2.343317,1.6714200000000001
343200,a7baWF1nwXO0ftP2/U2CPhCla55GWXzC4uxBsMohmjYeNZ00Quc3UW+BS8N590Ja,1.156802,34.107820000000004,4.9126
343500,a7baWF1nwXO0ftP2/U2CPhCla55GWXzC4uxBsMohmjYeNZ00Quc3UW+BS8N590Ja,0.681801,2.236597,1.606999
343800,a7baWF1nwXO0ftP2/U2CPhCla55GWXzC4uxBsMohmjYeNZ00Quc3UW+BS8N590Ja,1.210687,2.406262,1.632927
344100,a7baWF1nwXO0ftP2/U2CPhCla55GWXzC4uxBsMohmjYeNZ00Quc3UW+BS8N590Ja,1.203468,2.8501,1.5889799999999998
344400,a7baWF1nwXO0ftP2/U2CPhCla55GWXzC4uxBsMohmjYeNZ00Quc3UW+BS8N590Ja,1.227974,2.418461,1.70818
344700,a7baWF1nwXO0ftP2/U2CPhCla55GWXzC4uxBsMohmjYeNZ00Quc3UW+BS8N590Ja,0.686649,2.4457299999999997,1.608149
345000,a7baWF1nwXO0ftP2/U2CPhCla55GWXzC4uxBsMohmjYeNZ00Quc3UW+BS8N590Ja,0.625642,2.862222,1.553676
345300,a7baWF1nwXO0ftP2/U2CPhCla55GWXzC4uxBsMohmjYeNZ00Quc3UW+BS8N590Ja,1.1957309999999999,2.3242849999999997,1.616815
345600,a7baWF1nwXO0ftP2/U2CPhCla55GWXzC4uxBsMohmjYeNZ00Quc3UW+BS8N590Ja,0.615345,2.208857,1.5032020000000001
345900,a7baWF1nwXO0ftP2/U2CPhCla55GWXzC4uxBsMohmjYeNZ00Quc3UW+BS8N590Ja,1.2042950000000001,2.818546,1.594532
346200,a7baWF1nwXO0ftP2/U2CPhCla55GWXzC4uxBsMohmjYeNZ00Quc3UW+BS8N590Ja,1.1596899999999999,2.247014,1.604855
346500,a7baWF1nwXO0ftP2/U2CPhCla55GWXzC4uxBsMohmjYeNZ00Quc3UW+BS8N590Ja,1.198094,2.615657,1.671541
346800,a7baWF1nwXO0ftP2/U2CPhCla55GWXzC4uxBsMohmjYeNZ00Quc3UW+BS8N590Ja,0.703096,26.062746,3.992726
347100,a7baWF1nwXO0ftP2/U2CPhCla55GWXzC4uxBsMohmjYeNZ00Quc3UW+BS8N590Ja,1.191676,9.418192999999999,2.452626
347400,a7baWF1nwXO0ftP2/U2CPhCla55GWXzC4uxBsMohmjYeNZ00Quc3UW+BS8N590Ja,0.892552,2.4644470000000003,1.60986
347700,a7baWF1nwXO0ftP2/U2CPhCla55GWXzC4uxBsMohmjYeNZ00Quc3UW+BS8N590Ja,0.915327,2.888993,1.643425
348000,a7baWF1nwXO0ftP2/U2CPhCla55GWXzC4uxBsMohmjYeNZ00Quc3UW+BS8N590Ja,1.228644,2.375913,1.6345690000000002
348300,a7baWF1nwXO0ftP2/U2CPhCla55GWXzC4uxBsMohmjYeNZ00Quc3UW+BS8N590Ja,1.214024,2.207503,1.564122
348600,a7baWF1nwXO0ftP2/U2CPhCla55GWXzC4uxBsMohmjYeNZ00Quc3UW+BS8N590Ja,1.172563,2.728288,1.588186
348900,a7baWF1nwXO0ftP2/U2CPhCla55GWXzC4uxBsMohmjYeNZ00Quc3UW+BS8N590Ja,0.641994,2.218681,1.5098719999999999
349200,a7baWF1nwXO0ftP2/U2CPhCla55GWXzC4uxBsMohmjYeNZ00Quc3UW+BS8N590Ja,1.18031,2.223634,1.56403
349500,a7baWF1nwXO0ftP2/U2CPhCla55GWXzC4uxBsMohmjYeNZ00Quc3UW+BS8N590Ja,0.604136,2.7667759999999997,1.458038
349800,a7baWF1nwXO0ftP2/U2CPhCla55GWXzC4uxBsMohmjYeNZ00Quc3UW+BS8N590Ja,1.206366,2.221329,1.602769
350100,a7baWF1nwXO0ftP2/U2CPhCla55GWXzC4uxBsMohmjYeNZ00Quc3UW+BS8N590Ja,0.691434,2.198454,1.519591
350400,a7baWF1nwXO0ftP2/U2CPhCla55GWXzC4uxBsMohmjYeNZ00Quc3UW+BS8N590Ja,0.9909540000000001,2.795795,1.571551
350700,a7baWF1nwXO0ftP2/U2CPhCla55GWXzC4uxBsMohmjYeNZ00Quc3UW+BS8N590Ja,1.216659,33.878268,4.8768400000000005
351000,a7baWF1nwXO0ftP2/U2CPhCla55GWXzC4uxBsMohmjYeNZ00Quc3UW+BS8N590Ja,1.207763,4.084601,1.9317509999999998
351300,a7baWF1nwXO0ftP2/U2CPhCla55GWXzC4uxBsMohmjYeNZ00Quc3UW+BS8N590Ja,1.2496129999999999,2.762836,1.627234
351600,a7baWF1nwXO0ftP2/U2CPhCla55GWXzC4uxBsMohmjYeNZ00Quc3UW+BS8N590Ja,1.195214,2.155837,1.608795
351900,a7baWF1nwXO0ftP2/U2CPhCla55GWXzC4uxBsMohmjYeNZ00Quc3UW+BS8N590Ja,1.19489,2.277372,1.593166
352200,a7baWF1nwXO0ftP2/U2CPhCla55GWXzC4uxBsMohmjYeNZ00Quc3UW+BS8N590Ja,1.21862,2.8553610000000003,1.599656
352500,a7baWF1nwXO0ftP2/U2CPhCla55GWXzC4uxBsMohmjYeNZ00Quc3UW+BS8N590Ja,1.236559,2.096466,1.6754240000000002
352800,a7baWF1nwXO0ftP2/U2CPhCla55GWXzC4uxBsMohmjYeNZ00Quc3UW+BS8N590Ja,1.1005340000000001,2.159798,1.5966129999999998
353100,a7baWF1nwXO0ftP2/U2CPhCla55GWXzC4uxBsMohmjYeNZ00Quc3UW+BS8N590Ja,1.250359,2.871496,1.618886
353400,a7baWF1nwXO0ftP2/U2CPhCla55GWXzC4uxBsMohmjYeNZ00Quc3UW+BS8N590Ja,1.217818,2.0983680000000002,1.534049
353700,a7baWF1nwXO0ftP2/U2CPhCla55GWXzC4uxBsMohmjYeNZ00Quc3UW+BS8N590Ja,1.194159,2.254118,1.576926
354000,a7baWF1nwXO0ftP2/U2CPhCla55GWXzC4uxBsMohmjYeNZ00Quc3UW+BS8N590Ja,1.187697,2.7540310000000003,1.6074899999999999
354300,a7baWF1nwXO0ftP2/U2CPhCla55GWXzC4uxBsMohmjYeNZ00Quc3UW+BS8N590Ja,1.195459,33.965156,4.644939
354600,a7baWF1nwXO0ftP2/U2CPhCla55GWXzC4uxBsMohmjYeNZ00Quc3UW+BS8N590Ja,1.190969,2.312389,1.696176
354900,a7baWF1nwXO0ftP2/U2CPhCla55GWXzC4uxBsMohmjYeNZ00Quc3UW+BS8N590Ja,1.065768,2.158072,1.473098
355200,a7baWF1nwXO0ftP2/U2CPhCla55GWXzC4uxBsMohmjYeNZ00Quc3UW+BS8N590Ja,1.2046139999999999,2.888084,1.541118
355500,a7baWF1nwXO0ftP2/U2CPhCla55GWXzC4uxBsMohmjYeNZ00Quc3UW+BS8N590Ja,0.9564020000000001,2.168014,1.538604
355800,a7baWF1nwXO0ftP2/U2CPhCla55GWXzC4uxBsMohmjYeNZ00Quc3UW+BS8N590Ja,1.199876,2.798003,1.5902
356100,a7baWF1nwXO0ftP2/U2CPhCla55GWXzC4uxBsMohmjYeNZ00Quc3UW+BS8N590Ja,1.1718870000000001,2.6141970000000003,1.506527
356400,a7baWF1nwXO0ftP2/U2CPhCla55GWXzC4uxBsMohmjYeNZ00Quc3UW+BS8N590Ja,1.19636,2.2469799999999998,1.601591
356700,a7baWF1nwXO0ftP2/U2CPhCla55GWXzC4uxBsMohmjYeNZ00Quc3UW+BS8N590Ja,1.181144,2.732077,1.611013
357000,a7baWF1nwXO0ftP2/U2CPhCla55GWXzC4uxBsMohmjYeNZ00Quc3UW+BS8N590Ja,0.576144,2.003708,1.32041
357300,a7baWF1nwXO0ftP2/U2CPhCla55GWXzC4uxBsMohmjYeNZ00Quc3UW+BS8N590Ja,1.237737,2.3771459999999998,1.720016
357600,a7baWF1nwXO0ftP2/U2CPhCla55GWXzC4uxBsMohmjYeNZ00Quc3UW+BS8N590Ja,0.779628,2.172143,1.40936
357900,a7baWF1nwXO0ftP2/U2CPhCla55GWXzC4uxBsMohmjYeNZ00Quc3UW+BS8N590Ja,1.193503,20.574842,4.8008809999999995
358200,a7baWF1nwXO0ftP2/U2CPhCla55GWXzC4uxBsMohmjYeNZ00Quc3UW+BS8N590Ja,0.9473290000000001,2.39886,1.5780399999999999
358500,a7baWF1nwXO0ftP2/U2CPhCla55GWXzC4uxBsMohmjYeNZ00Quc3UW+BS8N590Ja,0.69681,2.822915,1.4670299999999998
358800,a7baWF1nwXO0ftP2/U2CPhCla55GWXzC4uxBsMohmjYeNZ00Quc3UW+BS8N590Ja,1.225523,2.577905,1.507319
359100,a7baWF1nwXO0ftP2/U2CPhCla55GWXzC4uxBsMohmjYeNZ00Quc3UW+BS8N590Ja,1.176947,2.230216,1.633364
359400,a7baWF1nwXO0ftP2/U2CPhCla55GWXzC4uxBsMohmjYeNZ00Quc3UW+BS8N590Ja,1.206361,2.6899830000000002,1.622097
359700,a7baWF1nwXO0ftP2/U2CPhCla55GWXzC4uxBsMohmjYeNZ00Quc3UW+BS8N590Ja,0.967383,2.097651,1.390259
360000,a7baWF1nwXO0ftP2/U2CPhCla55GWXzC4uxBsMohmjYeNZ00Quc3UW+BS8N590Ja,1.197071,2.265806,1.6946009999999998
360300,a7baWF1nwXO0ftP2/U2CPhCla55GWXzC4uxBsMohmjYeNZ00Quc3UW+BS8N590Ja,1.211735,2.307617,1.5738969999999999
360600,a7baWF1nwXO0ftP2/U2CPhCla55GWXzC4uxBsMohmjYeNZ00Quc3UW+BS8N590Ja,1.233047,18.528033999999998,3.592432
360900,a7baWF1nwXO0ftP2/U2CPhCla55GWXzC4uxBsMohmjYeNZ00Quc3UW+BS8N590Ja,0.962052,2.178656,1.558426
361200,a7baWF1nwXO0ftP2/U2CPhCla55GWXzC4uxBsMohmjYeNZ00Quc3UW+BS8N590Ja,0.870251,2.704895,1.4556850000000001
361500,a7baWF1nwXO0ftP2/U2CPhCla55GWXzC4uxBsMohmjYeNZ00Quc3UW+BS8N590Ja,1.181866,34.793299,4.784472
361800,a7baWF1nwXO0ftP2/U2CPhCla55GWXzC4uxBsMohmjYeNZ00Quc3UW+BS8N590Ja,0.904051,2.31852,1.555857
362100,a7baWF1nwXO0ftP2/U2CPhCla55GWXzC4uxBsMohmjYeNZ00Quc3UW+BS8N590Ja,1.193864,2.717311,1.6003209999999999
362400,a7baWF1nwXO0ftP2/U2CPhCla55GWXzC4uxBsMohmjYeNZ00Quc3UW+BS8N590Ja,0.595677,1.9303439999999998,1.306605
362700,a7baWF1nwXO0ftP2/U2CPhCla55GWXzC4uxBsMohmjYeNZ00Quc3UW+BS8N590Ja,1.188135,2.177931,1.6684310000000002
363000,a7baWF1nwXO0ftP2/U2CPhCla55GWXzC4uxBsMohmjYeNZ00Quc3UW+BS8N590Ja,0.547666,2.1077169999999996,1.3830870000000002
363300,a7baWF1nwXO0ftP2/U2CPhCla55GWXzC4uxBsMohmjYeNZ00Quc3UW+BS8N590Ja,1.208672,2.612564,1.537827
363600,a7baWF1nwXO0ftP2/U2CPhCla55GWXzC4uxBsMohmjYeNZ00Quc3UW+BS8N590Ja,1.201054,3.259686,1.7447080000000001
363900,a7baWF1nwXO0ftP2/U2CPhCla55GWXzC4uxBsMohmjYeNZ00Quc3UW+BS8N590Ja,1.196855,3.7047480000000004,1.789045
364200,a7baWF1nwXO0ftP2/U2CPhCla55GWXzC4uxBsMohmjYeNZ00Quc3UW+BS8N590Ja,1.222328,2.601541,1.535075
364500,a7baWF1nwXO0ftP2/U2CPhCla55GWXzC4uxBsMohmjYeNZ00Quc3UW+BS8N590Ja,1.1845709999999998,3.26147,1.79289
364800,a7baWF1nwXO0ftP2/U2CPhCla55GWXzC4uxBsMohmjYeNZ00Quc3UW+BS8N590Ja,1.219954,2.939986,1.6524919999999998
365100,a7baWF1nwXO0ftP2/U2CPhCla55GWXzC4uxBsMohmjYeNZ00Quc3UW+BS8N590Ja,1.219419,31.898032,4.81504
365400,a7baWF1nwXO0ftP2/U2CPhCla55GWXzC4uxBsMohmjYeNZ00Quc3UW+BS8N590Ja,1.201063,2.415054,1.710215
365700,a7baWF1nwXO0ftP2/U2CPhCla55GWXzC4uxBsMohmjYeNZ00Quc3UW+BS8N590Ja,0.909947,29.8018,4.267387
366000,a7baWF1nwXO0ftP2/U2CPhCla55GWXzC4uxBsMohmjYeNZ00Quc3UW+BS8N590Ja,1.2029969999999999,35.66791,7.462008
366300,a7baWF1nwXO0ftP2/U2CPhCla55GWXzC4uxBsMohmjYeNZ00Quc3UW+BS8N590Ja,1.243481,2.540512,1.6944279999999998
366600,a7baWF1nwXO0ftP2/U2CPhCla55GWXzC4uxBsMohmjYeNZ00Quc3UW+BS8N590Ja,1.189255,13.641117999999999,2.822405
366900,a7baWF1nwXO0ftP2/U2CPhCla55GWXzC4uxBsMohmjYeNZ00Quc3UW+BS8N590Ja,1.222996,2.315664,1.578673
367200,a7baWF1nwXO0ftP2/U2CPhCla55GWXzC4uxBsMohmjYeNZ00Quc3UW+BS8N590Ja,1.199267,2.959527,1.713773
367500,a7baWF1nwXO0ftP2/U2CPhCla55GWXzC4uxBsMohmjYeNZ00Quc3UW+BS8N590Ja,1.2124,2.259995,1.594047
367800,a7baWF1nwXO0ftP2/U2CPhCla55GWXzC4uxBsMohmjYeNZ00Quc3UW+BS8N590Ja,1.20131,2.215826,1.560984
368100,a7baWF1nwXO0ftP2/U2CPhCla55GWXzC4uxBsMohmjYeNZ00Quc3UW+BS8N590Ja,1.200125,2.9117290000000002,1.680655
368400,a7baWF1nwXO0ftP2/U2CPhCla55GWXzC4uxBsMohmjYeNZ00Quc3UW+BS8N590Ja,1.180157,2.265682,1.597186
368700,a7baWF1nwXO0ftP2/U2CPhCla55GWXzC4uxBsMohmjYeNZ00Quc3UW+BS8N590Ja,1.206955,34.822445,4.8694370000000005
369000,a7baWF1nwXO0ftP2/U2CPhCla55GWXzC4uxBsMohmjYeNZ00Quc3UW+BS8N590Ja,0.603637,3.463382,1.62522
369300,a7baWF1nwXO0ftP2/U2CPhCla55GWXzC4uxBsMohmjYeNZ00Quc3UW+BS8N590Ja,0.792931,2.28621,1.554184
369600,a7baWF1nwXO0ftP2/U2CPhCla55GWXzC4uxBsMohmjYeNZ00Quc3UW+BS8N590Ja,1.202985,2.1770970000000003,1.491552
369900,a7baWF1nwXO0ftP2/U2CPhCla55GWXzC4uxBsMohmjYeNZ00Quc3UW+BS8N590Ja,1.194943,3.071603,1.674463
370200,a7baWF1nwXO0ftP2/U2CPhCla55GWXzC4uxBsMohmjYeNZ00Quc3UW+BS8N590Ja,1.2172180000000001,7.404922,2.1284799999999997
370500,a7baWF1nwXO0ftP2/U2CPhCla55GWXzC4uxBsMohmjYeNZ00Quc3UW+BS8N590Ja,0.64083,2.33656,1.448976
370800,a7baWF1nwXO0ftP2/U2CPhCla55GWXzC4uxBsMohmjYeNZ00Quc3UW+BS8N590Ja,1.203308,2.879257,1.6510599999999998
371100,a7baWF1nwXO0ftP2/U2CPhCla55GWXzC4uxBsMohmjYeNZ00Quc3UW+BS8N590Ja,0.6735760000000001,2.283411,1.5185870000000001
371400,a7baWF1nwXO0ftP2/U2CPhCla55GWXzC4uxBsMohmjYeNZ00Quc3UW+BS8N590Ja,1.184261,2.253339,1.502787
371700,a7baWF1nwXO0ftP2/U2CPhCla55GWXzC4uxBsMohmjYeNZ00Quc3UW+BS8N590Ja,0.97639,3.137064,1.7027240000000001
372000,a7baWF1nwXO0ftP2/U2CPhCla55GWXzC4uxBsMohmjYeNZ00Quc3UW+BS8N590Ja,1.200607,2.291214,1.673862
372300,a7baWF1nwXO0ftP2/U2CPhCla55GWXzC4uxBsMohmjYeNZ00Quc3UW+BS8N590Ja,1.185043,34.564327,4.777096
372600,a7baWF1nwXO0ftP2/U2CPhCla55GWXzC4uxBsMohmjYeNZ00Quc3UW+BS8N590Ja,1.175826,3.307385,1.7631169999999998
372900,a7baWF1nwXO0ftP2/U2CPhCla55GWXzC4uxBsMohmjYeNZ00Quc3UW+BS8N590Ja,1.197575,2.223868,1.601048
373200,a7baWF1nwXO0ftP2/U2CPhCla55GWXzC4uxBsMohmjYeNZ00Quc3UW+BS8N590Ja,0.602588,2.296625,1.417749
373500,a7baWF1nwXO0ftP2/U2CPhCla55GWXzC4uxBsMohmjYeNZ00Quc3UW+BS8N590Ja,1.1978520000000001,2.978319,1.667388
373800,a7baWF1nwXO0ftP2/U2CPhCla55GWXzC4uxBsMohmjYeNZ00Quc3UW+BS8N590Ja,0.8909889999999999,2.407138,1.534649
374100,a7baWF1nwXO0ftP2/U2CPhCla55GWXzC4uxBsMohmjYeNZ00Quc3UW+BS8N590Ja,1.2011889999999998,2.650216,1.622007
374400,a7baWF1nwXO0ftP2/U2CPhCla55GWXzC4uxBsMohmjYeNZ00Quc3UW+BS8N590Ja,0.6053689999999999,3.065467,1.6217489999999999
374700,a7baWF1nwXO0ftP2/U2CPhCla55GWXzC4uxBsMohmjYeNZ00Quc3UW+BS8N590Ja,1.185806,2.405525,1.661427
375000,a7baWF1nwXO0ftP2/U2CPhCla55GWXzC4uxBsMohmjYeNZ00Quc3UW+BS8N590Ja,1.1873770000000001,2.141301,1.4875209999999999
375300,a7baWF1nwXO0ftP2/U2CPhCla55GWXzC4uxBsMohmjYeNZ00Quc3UW+BS8N590Ja,1.205492,3.061611,1.6733919999999998
375600,a7baWF1nwXO0ftP2/U2CPhCla55GWXzC4uxBsMohmjYeNZ00Quc3UW+BS8N590Ja,1.187653,2.1721150000000002,1.589859
375900,a7baWF1nwXO0ftP2/U2CPhCla55GWXzC4uxBsMohmjYeNZ00Quc3UW+BS8N590Ja,1.012143,26.098266,4.747843
376200,a7baWF1nwXO0ftP2/U2CPhCla55GWXzC4uxBsMohmjYeNZ00Quc3UW+BS8N590Ja,1.184292,3.188675,1.682741
376500,a7baWF1nwXO0ftP2/U2CPhCla55GWXzC4uxBsMohmjYeNZ00Quc3UW+BS8N590Ja,1.1925139999999999,2.179394,1.594961
376800,a7baWF1nwXO0ftP2/U2CPhCla55GWXzC4uxBsMohmjYeNZ00Quc3UW+BS8N590Ja,1.18554,2.181811,1.54339
377100,a7baWF1nwXO0ftP2/U2CPhCla55GWXzC4uxBsMohmjYeNZ00Quc3UW+BS8N590Ja,1.212468,3.0009349999999997,1.7132610000000001
377400,a7baWF1nwXO0ftP2/U2CPhCla55GWXzC4uxBsMohmjYeNZ00Quc3UW+BS8N590Ja,1.201985,2.982913,1.7586419999999998
377700,a7baWF1nwXO0ftP2/U2CPhCla55GWXzC4uxBsMohmjYeNZ00Quc3UW+BS8N590Ja,1.2432969999999999,2.197429,1.527609
378000,a7baWF1nwXO0ftP2/U2CPhCla55GWXzC4uxBsMohmjYeNZ00Quc3UW+BS8N590Ja,1.238167,2.859591,1.7935880000000002
378300,a7baWF1nwXO0ftP2/U2CPhCla55GWXzC4uxBsMohmjYeNZ00Quc3UW+BS8N590Ja,1.164187,2.1959619999999997,1.594063
378600,a7baWF1nwXO0ftP2/U2CPhCla55GWXzC4uxBsMohmjYeNZ00Quc3UW+BS8N590Ja,1.0026620000000002,2.0269909999999998,1.403797
378900,a7baWF1nwXO0ftP2/U2CPhCla55GWXzC4uxBsMohmjYeNZ00Quc3UW+BS8N590Ja,1.212289,2.878375,1.6651189999999998
379200,a7baWF1nwXO0ftP2/U2CPhCla55GWXzC4uxBsMohmjYeNZ00Quc3UW+BS8N590Ja,1.191602,1.975959,1.451482
379500,a7baWF1nwXO0ftP2/U2CPhCla55GWXzC4uxBsMohmjYeNZ00Quc3UW+BS8N590Ja,1.213449,33.810559999999995,4.86868
379800,a7baWF1nwXO0ftP2/U2CPhCla55GWXzC4uxBsMohmjYeNZ00Quc3UW+BS8N590Ja,1.252451,25.174392,3.8956839999999997
380100,a7baWF1nwXO0ftP2/U2CPhCla55GWXzC4uxBsMohmjYeNZ00Quc3UW+BS8N590Ja,1.197614,2.718896,1.604631
380400,a7baWF1nwXO0ftP2/U2CPhCla55GWXzC4uxBsMohmjYeNZ00Quc3UW+BS8N590Ja,1.203547,2.209275,1.625967
380700,a7baWF1nwXO0ftP2/U2CPhCla55GWXzC4uxBsMohmjYeNZ00Quc3UW+BS8N590Ja,1.2185700000000002,2.80062,1.71255
381000,a7baWF1nwXO0ftP2/U2CPhCla55GWXzC4uxBsMohmjYeNZ00Quc3UW+BS8N590Ja,1.1525370000000001,2.543417,1.485082
381300,a7baWF1nwXO0ftP2/U2CPhCla55GWXzC4uxBsMohmjYeNZ00Quc3UW+BS8N590Ja,0.9139309999999999,3.021609,1.749054
381600,a7baWF1nwXO0ftP2/U2CPhCla55GWXzC4uxBsMohmjYeNZ00Quc3UW+BS8N590Ja,1.2334180000000001,2.69112,1.667587
381900,a7baWF1nwXO0ftP2/U2CPhCla55GWXzC4uxBsMohmjYeNZ00Quc3UW+BS8N590Ja,0.888634,2.708574,1.483761
382200,a7baWF1nwXO0ftP2/U2CPhCla55GWXzC4uxBsMohmjYeNZ00Quc3UW+BS8N590Ja,1.184434,2.232273,1.6238
382500,a7baWF1nwXO0ftP2/U2CPhCla55GWXzC4uxBsMohmjYeNZ00Quc3UW+BS8N590Ja,0.653415,2.735912,1.571882
382800,a7baWF1nwXO0ftP2/U2CPhCla55GWXzC4uxBsMohmjYeNZ00Quc3UW+BS8N590Ja,0.773166,2.741916,1.463891
383100,a7baWF1nwXO0ftP2/U2CPhCla55GWXzC4uxBsMohmjYeNZ00Quc3UW+BS8N590Ja,1.211476,27.497203999999996,4.900919999999999
383400,a7baWF1nwXO0ftP2/U2CPhCla55GWXzC4uxBsMohmjYeNZ00Quc3UW+BS8N590Ja,1.188884,2.8087299999999997,1.7002279999999999
383700,a7baWF1nwXO0ftP2/U2CPhCla55GWXzC4uxBsMohmjYeNZ00Quc3UW+BS8N590Ja,1.18513,2.575895,1.508969
384000,a7baWF1nwXO0ftP2/U2CPhCla55GWXzC4uxBsMohmjYeNZ00Quc3UW+BS8N590Ja,0.69503,2.230802,1.554797
384300,a7baWF1nwXO0ftP2/U2CPhCla55GWXzC4uxBsMohmjYeNZ00Quc3UW+BS8N590Ja,1.225982,2.7209779999999997,1.6786009999999998
384600,a7baWF1nwXO0ftP2/U2CPhCla55GWXzC4uxBsMohmjYeNZ00Quc3UW+BS8N590Ja,0.765572,2.627164,1.444481
384900,a7baWF1nwXO0ftP2/U2CPhCla55GWXzC4uxBsMohmjYeNZ00Quc3UW+BS8N590Ja,1.210761,2.238851,1.618265
385200,a7baWF1nwXO0ftP2/U2CPhCla55GWXzC4uxBsMohmjYeNZ00Quc3UW+BS8N590Ja,1.2096790000000002,2.663522,1.668143
385500,a7baWF1nwXO0ftP2/U2CPhCla55GWXzC4uxBsMohmjYeNZ00Quc3UW+BS8N590Ja,1.180949,2.594549,1.5936780000000002
385800,a7baWF1nwXO0ftP2/U2CPhCla55GWXzC4uxBsMohmjYeNZ00Quc3UW+BS8N590Ja,1.228043,2.151347,1.613653
386100,a7baWF1nwXO0ftP2/U2CPhCla55GWXzC4uxBsMohmjYeNZ00Quc3UW+BS8N590Ja,1.229314,2.696709,1.7658040000000002
386400,a7baWF1nwXO0ftP2/U2CPhCla55GWXzC4uxBsMohmjYeNZ00Quc3UW+BS8N590Ja,1.213424,2.63214,1.5263360000000001
386700,a7baWF1nwXO0ftP2/U2CPhCla55GWXzC4uxBsMohmjYeNZ00Quc3UW+BS8N590Ja,0.80607,34.520208000000004,4.857435
387000,a7baWF1nwXO0ftP2/U2CPhCla55GWXzC4uxBsMohmjYeNZ00Quc3UW+BS8N590Ja,1.220043,2.659318,1.7183279999999999
387300,a7baWF1nwXO0ftP2/U2CPhCla55GWXzC4uxBsMohmjYeNZ00Quc3UW+BS8N590Ja,1.202358,2.6514900000000003,1.5520129999999999
387600,a7baWF1nwXO0ftP2/U2CPhCla55GWXzC4uxBsMohmjYeNZ00Quc3UW+BS8N590Ja,1.2027459999999999,2.232689,1.617417
387900,a7baWF1nwXO0ftP2/U2CPhCla55GWXzC4uxBsMohmjYeNZ00Quc3UW+BS8N590Ja,1.193031,2.716972,1.659139
388200,a7baWF1nwXO0ftP2/U2CPhCla55GWXzC4uxBsMohmjYeNZ00Quc3UW+BS8N590Ja,0.908224,2.665685,1.535519
388500,a7baWF1nwXO0ftP2/U2CPhCla55GWXzC4uxBsMohmjYeNZ00Quc3UW+BS8N590Ja,1.222884,2.262597,1.6107040000000001
388800,a7baWF1nwXO0ftP2/U2CPhCla55GWXzC4uxBsMohmjYeNZ00Quc3UW+BS8N590Ja,0.7621399999999999,2.593292,1.61182
389100,a7baWF1nwXO0ftP2/U2CPhCla55GWXzC4uxBsMohmjYeNZ00Quc3UW+BS8N590Ja,1.1547180000000001,2.545327,1.4935770000000002
389400,a7baWF1nwXO0ftP2/U2CPhCla55GWXzC4uxBsMohmjYeNZ00Quc3UW+BS8N590Ja,1.244375,2.224053,1.608443
389700,a7baWF1nwXO0ftP2/U2CPhCla55GWXzC4uxBsMohmjYeNZ00Quc3UW+BS8N590Ja,1.210093,2.670306,1.722082
390000,a7baWF1nwXO0ftP2/U2CPhCla55GWXzC4uxBsMohmjYeNZ00Quc3UW+BS8N590Ja,1.217502,6.789596,2.1227400000000003
390300,a7baWF1nwXO0ftP2/U2CPhCla55GWXzC4uxBsMohmjYeNZ00Quc3UW+BS8N590Ja,1.1952479999999999,34.727918,4.9350190000000005
390600,a7baWF1nwXO0ftP2/U2CPhCla55GWXzC4uxBsMohmjYeNZ00Quc3UW+BS8N590Ja,0.91117,2.6656299999999997,1.535873
390900,a7baWF1nwXO0ftP2/U2CPhCla55GWXzC4uxBsMohmjYeNZ00Quc3UW+BS8N590Ja,1.157435,2.5428439999999997,1.558856
391200,a7baWF1nwXO0ftP2/U2CPhCla55GWXzC4uxBsMohmjYeNZ00Quc3UW+BS8N590Ja,1.169129,2.27897,1.6377680000000001
391500,a7baWF1nwXO0ftP2/U2CPhCla55GWXzC4uxBsMohmjYeNZ00Quc3UW+BS8N590Ja,1.224324,2.655846,1.685541
391800,a7baWF1nwXO0ftP2/U2CPhCla55GWXzC4uxBsMohmjYeNZ00Quc3UW+BS8N590Ja,1.17455,2.17188,1.497359
392100,a7baWF1nwXO0ftP2/U2CPhCla55GWXzC4uxBsMohmjYeNZ00Quc3UW+BS8N590Ja,0.79155,3.223051,1.569615
392400,a7baWF1nwXO0ftP2/U2CPhCla55GWXzC4uxBsMohmjYeNZ00Quc3UW+BS8N590Ja,1.178272,2.874349,1.6578560000000002
392700,a7baWF1nwXO0ftP2/U2CPhCla55GWXzC4uxBsMohmjYeNZ00Quc3UW+BS8N590Ja,0.891899,2.1813740000000004,1.4694459999999998
393000,a7baWF1nwXO0ftP2/U2CPhCla55GWXzC4uxBsMohmjYeNZ00Quc3UW+BS8N590Ja,1.141421,3.0679380000000003,1.600914
393300,a7baWF1nwXO0ftP2/U2CPhCla55GWXzC4uxBsMohmjYeNZ00Quc3UW+BS8N590Ja,1.061432,2.758099,1.549102
393600,a7baWF1nwXO0ftP2/U2CPhCla55GWXzC4uxBsMohmjYeNZ00Quc3UW+BS8N590Ja,1.1683379999999999,2.269232,1.511042
393900,a7baWF1nwXO0ftP2/U2CPhCla55GWXzC4uxBsMohmjYeNZ00Quc3UW+BS8N590Ja,1.129739,18.241775,4.90436
394200,a7baWF1nwXO0ftP2/U2CPhCla55GWXzC4uxBsMohmjYeNZ00Quc3UW+BS8N590Ja,1.101251,2.721054,1.748894
394500,a7baWF1nwXO0ftP2/U2CPhCla55GWXzC4uxBsMohmjYeNZ00Quc3UW+BS8N590Ja,1.184843,38.198334,5.198862
394800,a7baWF1nwXO0ftP2/U2CPhCla55GWXzC4uxBsMohmjYeNZ00Quc3UW+BS8N590Ja,0.612613,39.358654,6.833908
395100,a7baWF1nwXO0ftP2/U2CPhCla55GWXzC4uxBsMohmjYeNZ00Quc3UW+BS8N590Ja,1.2080870000000001,2.983339,1.7635619999999999
395400,a7baWF1nwXO0ftP2/U2CPhCla55GWXzC4uxBsMohmjYeNZ00Quc3UW+BS8N590Ja,1.212799,2.202396,1.557288
395700,a7baWF1nwXO0ftP2/U2CPhCla55GWXzC4uxBsMohmjYeNZ00Quc3UW+BS8N590Ja,1.200758,3.018781,1.720258
396000,a7baWF1nwXO0ftP2/U2CPhCla55GWXzC4uxBsMohmjYeNZ00Quc3UW+BS8N590Ja,1.1944629999999998,2.928003,1.633612
396300,a7baWF1nwXO0ftP2/U2CPhCla55GWXzC4uxBsMohmjYeNZ00Quc3UW+BS8N590Ja,1.05175,2.48077,1.512033
396600,a7baWF1nwXO0ftP2/U2CPhCla55GWXzC4uxBsMohmjYeNZ00Quc3UW+BS8N590Ja,1.181276,2.984038,1.614966
396900,a7baWF1nwXO0ftP2/U2CPhCla55GWXzC4uxBsMohmjYeNZ00Quc3UW+BS8N590Ja,1.202601,2.7587740000000003,1.6975619999999998
397200,a7baWF1nwXO0ftP2/U2CPhCla55GWXzC4uxBsMohmjYeNZ00Quc3UW+BS8N590Ja,1.206975,2.12847,1.541518
397500,a7baWF1nwXO0ftP2/U2CPhCla55GWXzC4uxBsMohmjYeNZ00Quc3UW+BS8N590Ja,1.220306,3.124253,1.655529
397800,a7baWF1nwXO0ftP2/U2CPhCla55GWXzC4uxBsMohmjYeNZ00Quc3UW+BS8N590Ja,1.2157850000000001,2.813254,1.7181689999999998
398100,a7baWF1nwXO0ftP2/U2CPhCla55GWXzC4uxBsMohmjYeNZ00Quc3UW+BS8N590Ja,0.767358,2.205784,1.525065
398400,a7baWF1nwXO0ftP2/U2CPhCla55GWXzC4uxBsMohmjYeNZ00Quc3UW+BS8N590Ja,1.223904,3.065671,1.643735
398700,a7baWF1nwXO0ftP2/U2CPhCla55GWXzC4uxBsMohmjYeNZ00Quc3UW+BS8N590Ja,0.7376,2.751338,1.537221
399000,a7baWF1nwXO0ftP2/U2CPhCla55GWXzC4uxBsMohmjYeNZ00Quc3UW+BS8N590Ja,0.761423,2.289403,1.498649
399300,a7baWF1nwXO0ftP2/U2CPhCla55GWXzC4uxBsMohmjYeNZ00Quc3UW+BS8N590Ja,1.17421,3.070183,1.617337
399600,a7baWF1nwXO0ftP2/U2CPhCla55GWXzC4uxBsMohmjYeNZ00Quc3UW+BS8N590Ja,0.919881,2.7815830000000004,1.6488150000000001
399900,a7baWF1nwXO0ftP2/U2CPhCla55GWXzC4uxBsMohmjYeNZ00Quc3UW+BS8N590Ja,1.168379,2.184663,1.5214299999999998
400200,a7baWF1nwXO0ftP2/U2CPhCla55GWXzC4uxBsMohmjYeNZ00Quc3UW+BS8N590Ja,0.653656,3.142408,1.5712979999999999
400500,a7baWF1nwXO0ftP2/U2CPhCla55GWXzC4uxBsMohmjYeNZ00Quc3UW+BS8N590Ja,1.158933,3.004897,1.82656
400800,a7baWF1nwXO0ftP2/U2CPhCla55GWXzC4uxBsMohmjYeNZ00Quc3UW+BS8N590Ja,1.186213,2.208097,1.550714
401100,a7baWF1nwXO0ftP2/U2CPhCla55GWXzC4uxBsMohmjYeNZ00Quc3UW+BS8N590Ja,1.2445,33.991876,5.015011
401400,a7baWF1nwXO0ftP2/U2CPhCla55GWXzC4uxBsMohmjYeNZ00Quc3UW+BS8N590Ja,1.0529190000000002,2.837425,1.594506
401700,a7baWF1nwXO0ftP2/U2CPhCla55GWXzC4uxBsMohmjYeNZ00Quc3UW+BS8N590Ja,0.9843200000000001,2.318622,1.524792
402000,a7baWF1nwXO0ftP2/U2CPhCla55GWXzC4uxBsMohmjYeNZ00Quc3UW+BS8N590Ja,1.172301,3.217308,1.651091
402300,a7baWF1nwXO0ftP2/U2CPhCla55GWXzC4uxBsMohmjYeNZ00Quc3UW+BS8N590Ja,1.201075,2.764618,1.708093
402600,a7baWF1nwXO0ftP2/U2CPhCla55GWXzC4uxBsMohmjYeNZ00Quc3UW+BS8N590Ja,1.220509,2.2583599999999997,1.607427
402900,a7baWF1nwXO0ftP2/U2CPhCla55GWXzC4uxBsMohmjYeNZ00Quc3UW+BS8N590Ja,0.788227,3.127111,1.600047
403200,a7baWF1nwXO0ftP2/U2CPhCla55GWXzC4uxBsMohmjYeNZ00Quc3UW+BS8N590Ja,1.205842,2.772842,1.6939540000000002
403500,a7baWF1nwXO0ftP2/U2CPhCla55GWXzC4uxBsMohmjYeNZ00Quc3UW+BS8N590Ja,0.770262,2.3456639999999997,1.552236
403800,a7baWF1nwXO0ftP2/U2CPhCla55GWXzC4uxBsMohmjYeNZ00Quc3UW+BS8N590Ja,1.261752,21.405404,3.7842800000000003
404100,a7baWF1nwXO0ftP2/U2CPhCla55GWXzC4uxBsMohmjYeNZ00Quc3UW+BS8N590Ja,1.183378,2.597322,1.5176450000000001
404400,a7baWF1nwXO0ftP2/U2CPhCla55GWXzC4uxBsMohmjYeNZ00Quc3UW+BS8N590Ja,1.123124,2.250923,1.61315
404700,a7baWF1nwXO0ftP2/U2CPhCla55GWXzC4uxBsMohmjYeNZ00Quc3UW+BS8N590Ja,1.229968,30.512435999999997,4.919985
405000,a7baWF1nwXO0ftP2/U2CPhCla55GWXzC4uxBsMohmjYeNZ00Quc3UW+BS8N590Ja,1.2277930000000001,2.728518,1.6729040000000002
405300,a7baWF1nwXO0ftP2/U2CPhCla55GWXzC4uxBsMohmjYeNZ00Quc3UW+BS8N590Ja,1.220808,2.2314599999999998,1.631048
405600,a7baWF1nwXO0ftP2/U2CPhCla55GWXzC4uxBsMohmjYeNZ00Quc3UW+BS8N590Ja,1.242782,2.738618,1.691064
405900,a7baWF1nwXO0ftP2/U2CPhCla55GWXzC4uxBsMohmjYeNZ00Quc3UW+BS8N590Ja,1.223999,2.629308,1.6649740000000002
406200,a7baWF1nwXO0ftP2/U2CPhCla55GWXzC4uxBsMohmjYeNZ00Quc3UW+BS8N590Ja,1.010492,2.310823,1.61605
406500,a7baWF1nwXO0ftP2/U2CPhCla55GWXzC4uxBsMohmjYeNZ00Quc3UW+BS8N590Ja,1.215164,2.680046,1.6480540000000001
406800,a7baWF1nwXO0ftP2/U2CPhCla55GWXzC4uxBsMohmjYeNZ00Quc3UW+BS8N590Ja,1.21041,2.622058,1.514999
407100,a7baWF1nwXO0ftP2/U2CPhCla55GWXzC4uxBsMohmjYeNZ00Quc3UW+BS8N590Ja,1.201033,2.250226,1.681832
407400,a7baWF1nwXO0ftP2/U2CPhCla55GWXzC4uxBsMohmjYeNZ00Quc3UW+BS8N590Ja,1.232373,2.6194740000000003,1.623082
407700,a7baWF1nwXO0ftP2/U2CPhCla55GWXzC4uxBsMohmjYeNZ00Quc3UW+BS8N590Ja,0.950348,2.646203,1.555017
408000,a7baWF1nwXO0ftP2/U2CPhCla55GWXzC4uxBsMohmjYeNZ00Quc3UW+BS8N590Ja,1.199418,2.1629549999999997,1.605752
408300,a7baWF1nwXO0ftP2/U2CPhCla55GWXzC4uxBsMohmjYeNZ00Quc3UW+BS8N590Ja,0.656381,36.329997,5.088826999999999
408600,a7baWF1nwXO0ftP2/U2CPhCla55GWXzC4uxBsMohmjYeNZ00Quc3UW+BS8N590Ja,1.125669,2.541235,1.582322
408900,a7baWF1nwXO0ftP2/U2CPhCla55GWXzC4uxBsMohmjYeNZ00Quc3UW+BS8N590Ja,1.153058,13.406870999999999,2.74504
409200,a7baWF1nwXO0ftP2/U2CPhCla55GWXzC4uxBsMohmjYeNZ00Quc3UW+BS8N590Ja,1.1684299999999999,2.6522419999999998,1.570039
409500,a7baWF1nwXO0ftP2/U2CPhCla55GWXzC4uxBsMohmjYeNZ00Quc3UW+BS8N590Ja,1.129433,2.5377709999999998,1.5023959999999998
409800,a7baWF1nwXO0ftP2/U2CPhCla55GWXzC4uxBsMohmjYeNZ00Quc3UW+BS8N590Ja,1.149626,2.189099,1.622419
410100,a7baWF1nwXO0ftP2/U2CPhCla55GWXzC4uxBsMohmjYeNZ00Quc3UW+BS8N590Ja,1.171085,2.593849,1.557744
410400,a7baWF1nwXO0ftP2/U2CPhCla55GWXzC4uxBsMohmjYeNZ00Quc3UW+BS8N590Ja,0.653111,2.633275,1.533146
410700,a7baWF1nwXO0ftP2/U2CPhCla55GWXzC4uxBsMohmjYeNZ00Quc3UW+BS8N590Ja,1.217483,2.263577,1.6360860000000002
411000,a7baWF1nwXO0ftP2/U2CPhCla55GWXzC4uxBsMohmjYeNZ00Quc3UW+BS8N590Ja,0.656921,2.7537689999999997,1.575046
411300,a7baWF1nwXO0ftP2/U2CPhCla55GWXzC4uxBsMohmjYeNZ00Quc3UW+BS8N590Ja,1.207162,2.5704569999999998,1.580343
411600,a7baWF1nwXO0ftP2/U2CPhCla55GWXzC4uxBsMohmjYeNZ00Quc3UW+BS8N590Ja,1.206909,14.138682999999999,2.892505
411900,a7baWF1nwXO0ftP2/U2CPhCla55GWXzC4uxBsMohmjYeNZ00Quc3UW+BS8N590Ja,1.263371,21.814052,6.306407
412200,a7baWF1nwXO0ftP2/U2CPhCla55GWXzC4uxBsMohmjYeNZ00Quc3UW+BS8N590Ja,0.7738970000000001,2.678276,1.47453
412500,a7baWF1nwXO0ftP2/U2CPhCla55GWXzC4uxBsMohmjYeNZ00Quc3UW+BS8N590Ja,0.909308,2.171513,1.548282
412800,a7baWF1nwXO0ftP2/U2CPhCla55GWXzC4uxBsMohmjYeNZ00Quc3UW+BS8N590Ja,1.220064,2.7020150000000003,1.594998
413100,a7baWF1nwXO0ftP2/U2CPhCla55GWXzC4uxBsMohmjYeNZ00Quc3UW+BS8N590Ja,0.821926,2.668381,1.546484
413400,a7baWF1nwXO0ftP2/U2CPhCla55GWXzC4uxBsMohmjYeNZ00Quc3UW+BS8N590Ja,1.197654,2.213315,1.6005
413700,a7baWF1nwXO0ftP2/U2CPhCla55GWXzC4uxBsMohmjYeNZ00Quc3UW+BS8N590Ja,1.203662,2.724989,1.684082
414000,a7baWF1nwXO0ftP2/U2CPhCla55GWXzC4uxBsMohmjYeNZ00Quc3UW+BS8N590Ja,1.199776,2.499529,1.574375
414300,a7baWF1nwXO0ftP2/U2CPhCla55GWXzC4uxBsMohmjYeNZ00Quc3UW+BS8N590Ja,1.198295,15.345553,3.001703
414600,a7baWF1nwXO0ftP2/U2CPhCla55GWXzC4uxBsMohmjYeNZ00Quc3UW+BS8N590Ja,1.243174,2.598041,1.623751
414900,a7baWF1nwXO0ftP2/U2CPhCla55GWXzC4uxBsMohmjYeNZ00Quc3UW+BS8N590Ja,1.210019,2.56507,1.554794
415200,a7baWF1nwXO0ftP2/U2CPhCla55GWXzC4uxBsMohmjYeNZ00Quc3UW+BS8N590Ja,1.203354,2.206436,1.6118379999999999
415500,a7baWF1nwXO0ftP2/U2CPhCla55GWXzC4uxBsMohmjYeNZ00Quc3UW+BS8N590Ja,1.1916879999999999,34.413734000000005,4.933841999999999
415800,a7baWF1nwXO0ftP2/U2CPhCla55GWXzC4uxBsMohmjYeNZ00Quc3UW+BS8N590Ja,0.537736,2.478385,1.545811
416100,a7baWF1nwXO0ftP2/U2CPhCla55GWXzC4uxBsMohmjYeNZ00Quc3UW+BS8N590Ja,1.190246,3.3232199999999996,1.618152
416400,a7baWF1nwXO0ftP2/U2CPhCla55GWXzC4uxBsMohmjYeNZ00Quc3UW+BS8N590Ja,1.210839,2.276245,1.617746
416700,a7baWF1nwXO0ftP2/U2CPhCla55GWXzC4uxBsMohmjYeNZ00Quc3UW+BS8N590Ja,1.196107,2.1920029999999997,1.558654
417000,a7baWF1nwXO0ftP2/U2CPhCla55GWXzC4uxBsMohmjYeNZ00Quc3UW+BS8N590Ja,0.65992,3.214219,1.5048190000000001
417300,a7baWF1nwXO0ftP2/U2CPhCla55GWXzC4uxBsMohmjYeNZ00Quc3UW+BS8N590Ja,1.1849379999999998,2.283986,1.6714939999999998
417600,a7baWF1nwXO0ftP2/U2CPhCla55GWXzC4uxBsMohmjYeNZ00Quc3UW+BS8N590Ja,0.655204,2.1874,1.417006
417900,a7baWF1nwXO0ftP2/U2CPhCla55GWXzC4uxBsMohmjYeNZ00Quc3UW+BS8N590Ja,1.193461,3.163999,1.637665
418200,a7baWF1nwXO0ftP2/U2CPhCla55GWXzC4uxBsMohmjYeNZ00Quc3UW+BS8N590Ja,1.213541,2.1955459999999998,1.608757
418500,a7baWF1nwXO0ftP2/U2CPhCla55GWXzC4uxBsMohmjYeNZ00Quc3UW+BS8N590Ja,1.1985700000000001,2.3569400000000003,1.692698
418800,a7baWF1nwXO0ftP2/U2CPhCla55GWXzC4uxBsMohmjYeNZ00Quc3UW+BS8N590Ja,1.186297,3.109836,1.608759
419100,a7baWF1nwXO0ftP2/U2CPhCla55GWXzC4uxBsMohmjYeNZ00Quc3UW+BS8N590Ja,1.21095,34.041185999999996,4.966848000000001
419400,a7baWF1nwXO0ftP2/U2CPhCla55GWXzC4uxBsMohmjYeNZ00Quc3UW+BS8N590Ja,1.237823,2.527289,1.6685450000000002
419700,a7baWF1nwXO0ftP2/U2CPhCla55GWXzC4uxBsMohmjYeNZ00Quc3UW+BS8N590Ja,1.053725,3.099788,1.547334
420000,a7baWF1nwXO0ftP2/U2CPhCla55GWXzC4uxBsMohmjYeNZ00Quc3UW+BS8N590Ja,1.2083899999999999,2.361596,1.632192
420300,a7baWF1nwXO0ftP2/U2CPhCla55GWXzC4uxBsMohmjYeNZ00Quc3UW+BS8N590Ja,0.7818470000000001,2.211443,1.4534610000000001
420600,a7baWF1nwXO0ftP2/U2CPhCla55GWXzC4uxBsMohmjYeNZ00Quc3UW+BS8N590Ja,0.66447,3.118177,1.5835629999999998
420900,a7baWF1nwXO0ftP2/U2CPhCla55GWXzC4uxBsMohmjYeNZ00Quc3UW+BS8N590Ja,1.2130290000000001,2.215236,1.612442
421200,a7baWF1nwXO0ftP2/U2CPhCla55GWXzC4uxBsMohmjYeNZ00Quc3UW+BS8N590Ja,0.665416,2.2237009999999997,1.541902
421500,a7baWF1nwXO0ftP2/U2CPhCla55GWXzC4uxBsMohmjYeNZ00Quc3UW+BS8N590Ja,1.155683,3.059533,1.5953190000000002
421800,a7baWF1nwXO0ftP2/U2CPhCla55GWXzC4uxBsMohmjYeNZ00Quc3UW+BS8N590Ja,1.035432,2.463041,1.585875
422100,a7baWF1nwXO0ftP2/U2CPhCla55GWXzC4uxBsMohmjYeNZ00Quc3UW+BS8N590Ja,1.2051379999999998,2.184864,1.57304
422400,a7baWF1nwXO0ftP2/U2CPhCla55GWXzC4uxBsMohmjYeNZ00Quc3UW+BS8N590Ja,0.69018,3.125515,1.505815
422700,a7baWF1nwXO0ftP2/U2CPhCla55GWXzC4uxBsMohmjYeNZ00Quc3UW+BS8N590Ja,1.1882059999999999,26.233906,4.927752
423000,a7baWF1nwXO0ftP2/U2CPhCla55GWXzC4uxBsMohmjYeNZ00Quc3UW+BS8N590Ja,0.9148129999999999,2.175967,1.508185
423300,a7baWF1nwXO0ftP2/U2CPhCla55GWXzC4uxBsMohmjYeNZ00Quc3UW+BS8N590Ja,1.1916579999999999,3.064483,1.6651900000000002
423600,a7baWF1nwXO0ftP2/U2CPhCla55GWXzC4uxBsMohmjYeNZ00Quc3UW+BS8N590Ja,1.216756,46.988623,6.783971000000001
423900,a7baWF1nwXO0ftP2/U2CPhCla55GWXzC4uxBsMohmjYeNZ00Quc3UW+BS8N590Ja,0.559612,2.185804,1.560791
424200,a7baWF1nwXO0ftP2/U2CPhCla55GWXzC4uxBsMohmjYeNZ00Quc3UW+BS8N590Ja,1.219615,3.035127,1.779452
424500,a7baWF1nwXO0ftP2/U2CPhCla55GWXzC4uxBsMohmjYeNZ00Quc3UW+BS8N590Ja,0.588799,12.891836999999999,2.919786
424800,a7baWF1nwXO0ftP2/U2CPhCla55GWXzC4uxBsMohmjYeNZ00Quc3UW+BS8N590Ja,1.197958,10.916646,2.744157
425100,a7baWF1nwXO0ftP2/U2CPhCla55GWXzC4uxBsMohmjYeNZ00Quc3UW+BS8N590Ja,1.174359,2.940598,1.614999
425400,a7baWF1nwXO0ftP2/U2CPhCla55GWXzC4uxBsMohmjYeNZ00Quc3UW+BS8N590Ja,1.188616,2.597669,1.6840560000000002
425700,a7baWF1nwXO0ftP2/U2CPhCla55GWXzC4uxBsMohmjYeNZ00Quc3UW+BS8N590Ja,0.905399,2.225952,1.5734350000000001
426000,a7baWF1nwXO0ftP2/U2CPhCla55GWXzC4uxBsMohmjYeNZ00Quc3UW+BS8N590Ja,0.903135,2.911195,1.548274
426300,a7baWF1nwXO0ftP2/U2CPhCla55GWXzC4uxBsMohmjYeNZ00Quc3UW+BS8N590Ja,1.2254610000000001,34.593483,4.95045
426600,a7baWF1nwXO0ftP2/U2CPhCla55GWXzC4uxBsMohmjYeNZ00Quc3UW+BS8N590Ja,0.783069,2.3074619999999997,1.599854
426900,a7baWF1nwXO0ftP2/U2CPhCla55GWXzC4uxBsMohmjYeNZ00Quc3UW+BS8N590Ja,1.189268,3.050427,1.592639
427200,a7baWF1nwXO0ftP2/U2CPhCla55GWXzC4uxBsMohmjYeNZ00Quc3UW+BS8N590Ja,1.145117,2.4794959999999997,1.601739
427500,a7baWF1nwXO0ftP2/U2CPhCla55GWXzC4uxBsMohmjYeNZ00Quc3UW+BS8N590Ja,1.2262870000000001,2.086677,1.595996
427800,a7baWF1nwXO0ftP2/U2CPhCla55GWXzC4uxBsMohmjYeNZ00Quc3UW+BS8N590Ja,0.731286,2.905059,1.519257
428100,a7baWF1nwXO0ftP2/U2CPhCla55GWXzC4uxBsMohmjYeNZ00Quc3UW+BS8N590Ja,1.1853719999999999,2.5303419999999996,1.607397
428400,a7baWF1nwXO0ftP2/U2CPhCla55GWXzC4uxBsMohmjYeNZ00Quc3UW+BS8N590Ja,1.221596,1.7989110000000001,1.506837
428700,a7baWF1nwXO0ftP2/U2CPhCla55GWXzC4uxBsMohmjYeNZ00Quc3UW+BS8N590Ja,0.8039149999999999,2.646977,1.574822
429000,a7baWF1nwXO0ftP2/U2CPhCla55GWXzC4uxBsMohmjYeNZ00Quc3UW+BS8N590Ja,1.204531,2.15974,1.510684
429300,a7baWF1nwXO0ftP2/U2CPhCla55GWXzC4uxBsMohmjYeNZ00Quc3UW+BS8N590Ja,0.9516040000000001,2.5390040000000003,1.708904
429600,a7baWF1nwXO0ftP2/U2CPhCla55GWXzC4uxBsMohmjYeNZ00Quc3UW+BS8N590Ja,1.21444,2.721804,1.60588
429900,a7baWF1nwXO0ftP2/U2CPhCla55GWXzC4uxBsMohmjYeNZ00Quc3UW+BS8N590Ja,1.189768,26.019268,4.847121
430200,a7baWF1nwXO0ftP2/U2CPhCla55GWXzC4uxBsMohmjYeNZ00Quc3UW+BS8N590Ja,1.1807379999999998,2.476848,1.683829
430500,a7baWF1nwXO0ftP2/U2CPhCla55GWXzC4uxBsMohmjYeNZ00Quc3UW+BS8N590Ja,0.769342,2.748656,1.600388
430800,a7baWF1nwXO0ftP2/U2CPhCla55GWXzC4uxBsMohmjYeNZ00Quc3UW+BS8N590Ja,1.221673,2.193891,1.52989
431100,a7baWF1nwXO0ftP2/U2CPhCla55GWXzC4uxBsMohmjYeNZ00Quc3UW+BS8N590Ja,1.2270590000000001,2.2767180000000002,1.594644
431400,a7baWF1nwXO0ftP2/U2CPhCla55GWXzC4uxBsMohmjYeNZ00Quc3UW+BS8N590Ja,1.190025,2.696342,1.6054059999999999
431700,a7baWF1nwXO0ftP2/U2CPhCla55GWXzC4uxBsMohmjYeNZ00Quc3UW+BS8N590Ja,1.226035,2.191439,1.510298
432000,a7baWF1nwXO0ftP2/U2CPhCla55GWXzC4uxBsMohmjYeNZ00Quc3UW+BS8N590Ja,0.8177939999999999,2.289863,1.663705
432300,a7baWF1nwXO0ftP2/U2CPhCla55GWXzC4uxBsMohmjYeNZ00Quc3UW+BS8N590Ja,1.15126,2.9057720000000002,1.621565
432600,a7baWF1nwXO0ftP2/U2CPhCla55GWXzC4uxBsMohmjYeNZ00Quc3UW+BS8N590Ja,0.9405969999999999,2.250579,1.493131
432900,a7baWF1nwXO0ftP2/U2CPhCla55GWXzC4uxBsMohmjYeNZ00Quc3UW+BS8N590Ja,1.1719,2.196346,1.658722
433200,a7baWF1nwXO0ftP2/U2CPhCla55GWXzC4uxBsMohmjYeNZ00Quc3UW+BS8N590Ja,0.8709950000000001,2.702298,1.5715059999999998
433500,a7baWF1nwXO0ftP2/U2CPhCla55GWXzC4uxBsMohmjYeNZ00Quc3UW+BS8N590Ja,1.220583,34.418063000000004,4.876971
433800,a7baWF1nwXO0ftP2/U2CPhCla55GWXzC4uxBsMohmjYeNZ00Quc3UW+BS8N590Ja,1.2194129999999999,2.590343,1.7309259999999997
434100,a7baWF1nwXO0ftP2/U2CPhCla55GWXzC4uxBsMohmjYeNZ00Quc3UW+BS8N590Ja,1.2150729999999998,2.6678349999999997,1.6958630000000001
434400,a7baWF1nwXO0ftP2/U2CPhCla55GWXzC4uxBsMohmjYeNZ00Quc3UW+BS8N590Ja,1.181671,2.2138709999999997,1.5170219999999999
434700,a7baWF1nwXO0ftP2/U2CPhCla55GWXzC4uxBsMohmjYeNZ00Quc3UW+BS8N590Ja,0.63385,2.2347080000000004,1.621011
435000,a7baWF1nwXO0ftP2/U2CPhCla55GWXzC4uxBsMohmjYeNZ00Quc3UW+BS8N590Ja,1.186986,2.709502,1.595504
435300,a7baWF1nwXO0ftP2/U2CPhCla55GWXzC4uxBsMohmjYeNZ00Quc3UW+BS8N590Ja,0.9637819999999999,2.301054,1.50718
435600,a7baWF1nwXO0ftP2/U2CPhCla55GWXzC4uxBsMohmjYeNZ00Quc3UW+BS8N590Ja,1.195144,2.186957,1.653991
435900,a7baWF1nwXO0ftP2/U2CPhCla55GWXzC4uxBsMohmjYeNZ00Quc3UW+BS8N590Ja,0.7190479999999999,2.716441,1.500057
436200,a7baWF1nwXO0ftP2/U2CPhCla55GWXzC4uxBsMohmjYeNZ00Quc3UW+BS8N590Ja,1.197425,2.193804,1.527549
436500,a7baWF1nwXO0ftP2/U2CPhCla55GWXzC4uxBsMohmjYeNZ00Quc3UW+BS8N590Ja,0.7848609999999999,2.259837,1.535424
436800,a7baWF1nwXO0ftP2/U2CPhCla55GWXzC4uxBsMohmjYeNZ00Quc3UW+BS8N590Ja,0.6670189999999999,2.656838,1.533037
437100,a7baWF1nwXO0ftP2/U2CPhCla55GWXzC4uxBsMohmjYeNZ00Quc3UW+BS8N590Ja,1.182648,34.169109000000006,4.81363
437400,a7baWF1nwXO0ftP2/U2CPhCla55GWXzC4uxBsMohmjYeNZ00Quc3UW+BS8N590Ja,1.169858,4.765796,2.029806
437700,a7baWF1nwXO0ftP2/U2CPhCla55GWXzC4uxBsMohmjYeNZ00Quc3UW+BS8N590Ja,1.17229,2.669536,1.597869
438000,a7baWF1nwXO0ftP2/U2CPhCla55GWXzC4uxBsMohmjYeNZ00Quc3UW+BS8N590Ja,0.8885780000000001,2.240768,1.580756
438300,a7baWF1nwXO0ftP2/U2CPhCla55GWXzC4uxBsMohmjYeNZ00Quc3UW+BS8N590Ja,1.195582,2.450016,1.670765
438600,a7baWF1nwXO0ftP2/U2CPhCla55GWXzC4uxBsMohmjYeNZ00Quc3UW+BS8N590Ja,1.154044,2.713938,1.634884
438900,a7baWF1nwXO0ftP2/U2CPhCla55GWXzC4uxBsMohmjYeNZ00Quc3UW+BS8N590Ja,1.153799,2.178236,1.5122950000000002
439200,a7baWF1nwXO0ftP2/U2CPhCla55GWXzC4uxBsMohmjYeNZ00Quc3UW+BS8N590Ja,1.173078,2.466862,1.669299
439500,a7baWF1nwXO0ftP2/U2CPhCla55GWXzC4uxBsMohmjYeNZ00Quc3UW+BS8N590Ja,0.967633,2.654417,1.598833
439800,a7baWF1nwXO0ftP2/U2CPhCla55GWXzC4uxBsMohmjYeNZ00Quc3UW+BS8N590Ja,1.188723,2.154968,1.525736
440100,a7baWF1nwXO0ftP2/U2CPhCla55GWXzC4uxBsMohmjYeNZ00Quc3UW+BS8N590Ja,0.673343,2.543929,1.653792
440400,a7baWF1nwXO0ftP2/U2CPhCla55GWXzC4uxBsMohmjYeNZ00Quc3UW+BS8N590Ja,1.219365,2.7148220000000003,1.623796
440700,a7baWF1nwXO0ftP2/U2CPhCla55GWXzC4uxBsMohmjYeNZ00Quc3UW+BS8N590Ja,0.765748,11.457891,2.499504
441000,a7baWF1nwXO0ftP2/U2CPhCla55GWXzC4uxBsMohmjYeNZ00Quc3UW+BS8N590Ja,1.18846,25.358117,4.011253
441300,a7baWF1nwXO0ftP2/U2CPhCla55GWXzC4uxBsMohmjYeNZ00Quc3UW+BS8N590Ja,0.9272889999999999,2.5509779999999997,1.6227690000000001
441600,a7baWF1nwXO0ftP2/U2CPhCla55GWXzC4uxBsMohmjYeNZ00Quc3UW+BS8N590Ja,1.223511,1.9524110000000001,1.549466
441900,a7baWF1nwXO0ftP2/U2CPhCla55GWXzC4uxBsMohmjYeNZ00Quc3UW+BS8N590Ja,0.80833,2.810938,1.6150229999999999
442200,a7baWF1nwXO0ftP2/U2CPhCla55GWXzC4uxBsMohmjYeNZ00Quc3UW+BS8N590Ja,1.194446,2.584766,1.61189
442500,a7baWF1nwXO0ftP2/U2CPhCla55GWXzC4uxBsMohmjYeNZ00Quc3UW+BS8N590Ja,1.230397,2.2995389999999998,1.546072
442800,a7baWF1nwXO0ftP2/U2CPhCla55GWXzC4uxBsMohmjYeNZ00Quc3UW+BS8N590Ja,0.851942,2.765809,1.572019
443100,a7baWF1nwXO0ftP2/U2CPhCla55GWXzC4uxBsMohmjYeNZ00Quc3UW+BS8N590Ja,1.216741,2.608812,1.61494
443400,a7baWF1nwXO0ftP2/U2CPhCla55GWXzC4uxBsMohmjYeNZ00Quc3UW+BS8N590Ja,1.202114,2.3657220000000003,1.5951540000000002
443700,a7baWF1nwXO0ftP2/U2CPhCla55GWXzC4uxBsMohmjYeNZ00Quc3UW+BS8N590Ja,1.23227,2.710253,1.7070740000000002
444000,a7baWF1nwXO0ftP2/U2CPhCla55GWXzC4uxBsMohmjYeNZ00Quc3UW+BS8N590Ja,0.639895,2.640063,1.551288
444300,a7baWF1nwXO0ftP2/U2CPhCla55GWXzC4uxBsMohmjYeNZ00Quc3UW+BS8N590Ja,1.173691,2.1526549999999998,1.513166
444600,a7baWF1nwXO0ftP2/U2CPhCla55GWXzC4uxBsMohmjYeNZ00Quc3UW+BS8N590Ja,0.631546,34.585439,4.912246
444900,a7baWF1nwXO0ftP2/U2CPhCla55GWXzC4uxBsMohmjYeNZ00Quc3UW+BS8N590Ja,1.223106,2.622738,1.632139
445200,a7baWF1nwXO0ftP2/U2CPhCla55GWXzC4uxBsMohmjYeNZ00Quc3UW+BS8N590Ja,0.614321,2.17803,1.443252
445500,a7baWF1nwXO0ftP2/U2CPhCla55GWXzC4uxBsMohmjYeNZ00Quc3UW+BS8N590Ja,1.0978629999999998,2.73568,1.608222
445800,a7baWF1nwXO0ftP2/U2CPhCla55GWXzC4uxBsMohmjYeNZ00Quc3UW+BS8N590Ja,1.178307,2.571434,1.613059
446100,a7baWF1nwXO0ftP2/U2CPhCla55GWXzC4uxBsMohmjYeNZ00Quc3UW+BS8N590Ja,1.0241870000000002,2.275246,1.538439
446400,a7baWF1nwXO0ftP2/U2CPhCla55GWXzC4uxBsMohmjYeNZ00Quc3UW+BS8N590Ja,1.210076,2.813097,1.678518
446700,a7baWF1nwXO0ftP2/U2CPhCla55GWXzC4uxBsMohmjYeNZ00Quc3UW+BS8N590Ja,1.001715,2.676925,1.585181
447000,a7baWF1nwXO0ftP2/U2CPhCla55GWXzC4uxBsMohmjYeNZ00Quc3UW+BS8N590Ja,1.2352450000000001,20.791403,3.612686
447300,a7baWF1nwXO0ftP2/U2CPhCla55GWXzC4uxBsMohmjYeNZ00Quc3UW+BS8N590Ja,1.1811479999999999,2.794876,1.654518
447600,a7baWF1nwXO0ftP2/U2CPhCla55GWXzC4uxBsMohmjYeNZ00Quc3UW+BS8N590Ja,1.164899,2.5918069999999997,1.600391
447900,a7baWF1nwXO0ftP2/U2CPhCla55GWXzC4uxBsMohmjYeNZ00Quc3UW+BS8N590Ja,1.231155,8.052557,2.143417
448200,a7baWF1nwXO0ftP2/U2CPhCla55GWXzC4uxBsMohmjYeNZ00Quc3UW+BS8N590Ja,1.17016,30.066865999999997,5.004855
448500,a7baWF1nwXO0ftP2/U2CPhCla55GWXzC4uxBsMohmjYeNZ00Quc3UW+BS8N590Ja,1.177009,2.57971,1.575503
448800,a7baWF1nwXO0ftP2/U2CPhCla55GWXzC4uxBsMohmjYeNZ00Quc3UW+BS8N590Ja,0.605448,2.184214,1.456379
449100,a7baWF1nwXO0ftP2/U2CPhCla55GWXzC4uxBsMohmjYeNZ00Quc3UW+BS8N590Ja,1.208634,2.741298,1.676811
449400,a7baWF1nwXO0ftP2/U2CPhCla55GWXzC4uxBsMohmjYeNZ00Quc3UW+BS8N590Ja,1.227392,2.5899900000000002,1.63405
449700,a7baWF1nwXO0ftP2/U2CPhCla55GWXzC4uxBsMohmjYeNZ00Quc3UW+BS8N590Ja,1.19967,2.1574009999999997,1.522276
450000,a7baWF1nwXO0ftP2/U2CPhCla55GWXzC4uxBsMohmjYeNZ00Quc3UW+BS8N590Ja,0.5412819999999999,3.291374,1.79938
450300,a7baWF1nwXO0ftP2/U2CPhCla55GWXzC4uxBsMohmjYeNZ00Quc3UW+BS8N590Ja,1.197031,2.6501930000000002,1.6047120000000001
450600,a7baWF1nwXO0ftP2/U2CPhCla55GWXzC4uxBsMohmjYeNZ00Quc3UW+BS8N590Ja,1.228637,8.669064,2.234912
450900,a7baWF1nwXO0ftP2/U2CPhCla55GWXzC4uxBsMohmjYeNZ00Quc3UW+BS8N590Ja,0.66184,2.752839,1.589798
451200,a7baWF1nwXO0ftP2/U2CPhCla55GWXzC4uxBsMohmjYeNZ00Quc3UW+BS8N590Ja,1.1701629999999998,2.5027779999999997,1.634855
451500,a7baWF1nwXO0ftP2/U2CPhCla55GWXzC4uxBsMohmjYeNZ00Quc3UW+BS8N590Ja,0.886969,2.260711,1.504171
451800,a7baWF1nwXO0ftP2/U2CPhCla55GWXzC4uxBsMohmjYeNZ00Quc3UW+BS8N590Ja,1.183229,35.598588,4.9882599999999995
452100,a7baWF1nwXO0ftP2/U2CPhCla55GWXzC4uxBsMohmjYeNZ00Quc3UW+BS8N590Ja,1.236056,24.627786999999998,5.689311
452400,a7baWF1nwXO0ftP2/U2CPhCla55GWXzC4uxBsMohmjYeNZ00Quc3UW+BS8N590Ja,1.215303,46.977042,6.350555
452700,a7baWF1nwXO0ftP2/U2CPhCla55GWXzC4uxBsMohmjYeNZ00Quc3UW+BS8N590Ja,0.671133,2.6525220000000003,1.6077059999999999
453000,a7baWF1nwXO0ftP2/U2CPhCla55GWXzC4uxBsMohmjYeNZ00Quc3UW+BS8N590Ja,1.144254,2.856385,1.629657
453300,a7baWF1nwXO0ftP2/U2CPhCla55GWXzC4uxBsMohmjYeNZ00Quc3UW+BS8N590Ja,0.9926959999999999,2.039919,1.45491
453600,a7baWF1nwXO0ftP2/U2CPhCla55GWXzC4uxBsMohmjYeNZ00Quc3UW+BS8N590Ja,0.890307,2.5270770000000002,1.5228059999999999
453900,a7baWF1nwXO0ftP2/U2CPhCla55GWXzC4uxBsMohmjYeNZ00Quc3UW+BS8N590Ja,1.1525020000000001,2.410838,1.563994
454200,a7baWF1nwXO0ftP2/U2CPhCla55GWXzC4uxBsMohmjYeNZ00Quc3UW+BS8N590Ja,0.839499,1.802872,1.426309
454500,a7baWF1nwXO0ftP2/U2CPhCla55GWXzC4uxBsMohmjYeNZ00Quc3UW+BS8N590Ja,1.223592,2.7408580000000002,1.664928
454800,a7baWF1nwXO0ftP2/U2CPhCla55GWXzC4uxBsMohmjYeNZ00Quc3UW+BS8N590Ja,1.128616,2.019441,1.4757149999999999
455100,a7baWF1nwXO0ftP2/U2CPhCla55GWXzC4uxBsMohmjYeNZ00Quc3UW+BS8N590Ja,1.212589,2.557618,1.591856
455400,a7baWF1nwXO0ftP2/U2CPhCla55GWXzC4uxBsMohmjYeNZ00Quc3UW+BS8N590Ja,1.184663,35.057901,4.995914
455700,a7baWF1nwXO0ftP2/U2CPhCla55GWXzC4uxBsMohmjYeNZ00Quc3UW+BS8N590Ja,1.162289,2.429465,1.534406
456000,a7baWF1nwXO0ftP2/U2CPhCla55GWXzC4uxBsMohmjYeNZ00Quc3UW+BS8N590Ja,1.195115,2.2080439999999997,1.489922
456300,a7baWF1nwXO0ftP2/U2CPhCla55GWXzC4uxBsMohmjYeNZ00Quc3UW+BS8N590Ja,0.9684389999999999,2.611944,1.461226
456600,a7baWF1nwXO0ftP2/U2CPhCla55GWXzC4uxBsMohmjYeNZ00Quc3UW+BS8N590Ja,1.1975200000000001,2.15286,1.519032
456900,a7baWF1nwXO0ftP2/U2CPhCla55GWXzC4uxBsMohmjYeNZ00Quc3UW+BS8N590Ja,1.013274,2.554807,1.481276
457200,a7baWF1nwXO0ftP2/U2CPhCla55GWXzC4uxBsMohmjYeNZ00Quc3UW+BS8N590Ja,1.160794,2.712335,1.6491919999999998
457500,a7baWF1nwXO0ftP2/U2CPhCla55GWXzC4uxBsMohmjYeNZ00Quc3UW+BS8N590Ja,1.136378,4.624271,1.727165
457800,a7baWF1nwXO0ftP2/U2CPhCla55GWXzC4uxBsMohmjYeNZ00Quc3UW+BS8N590Ja,1.192192,2.687462,1.6087200000000001
458100,a7baWF1nwXO0ftP2/U2CPhCla55GWXzC4uxBsMohmjYeNZ00Quc3UW+BS8N590Ja,1.196641,4.408881,1.8845439999999998
458400,a7baWF1nwXO0ftP2/U2CPhCla55GWXzC4uxBsMohmjYeNZ00Quc3UW+BS8N590Ja,1.180943,2.158656,1.518858
458700,a7baWF1nwXO0ftP2/U2CPhCla55GWXzC4uxBsMohmjYeNZ00Quc3UW+BS8N590Ja,1.1954280000000002,3.153119,1.638612
459000,a7baWF1nwXO0ftP2/U2CPhCla55GWXzC4uxBsMohmjYeNZ00Quc3UW+BS8N590Ja,1.1130360000000001,23.962354,5.0188440000000005
459300,a7baWF1nwXO0ftP2/U2CPhCla55GWXzC4uxBsMohmjYeNZ00Quc3UW+BS8N590Ja,1.187019,2.111853,1.496686
459600,a7baWF1nwXO0ftP2/U2CPhCla55GWXzC4uxBsMohmjYeNZ00Quc3UW+BS8N590Ja,1.1477,5.134753,1.9132209999999998
459900,a7baWF1nwXO0ftP2/U2CPhCla55GWXzC4uxBsMohmjYeNZ00Quc3UW+BS8N590Ja,1.211885,2.777733,1.662916
460200,a7baWF1nwXO0ftP2/U2CPhCla55GWXzC4uxBsMohmjYeNZ00Quc3UW+BS8N590Ja,1.123601,4.9057,1.8492959999999998
460500,a7baWF1nwXO0ftP2/U2CPhCla55GWXzC4uxBsMohmjYeNZ00Quc3UW+BS8N590Ja,1.2275,2.661404,1.710143
460800,a7baWF1nwXO0ftP2/U2CPhCla55GWXzC4uxBsMohmjYeNZ00Quc3UW+BS8N590Ja,1.201382,3.40374,1.7875189999999999
461100,a7baWF1nwXO0ftP2/U2CPhCla55GWXzC4uxBsMohmjYeNZ00Quc3UW+BS8N590Ja,1.185063,2.15678,1.50589
461400,a7baWF1nwXO0ftP2/U2CPhCla55GWXzC4uxBsMohmjYeNZ00Quc3UW+BS8N590Ja,1.201882,3.053587,1.6620119999999998
461700,a7baWF1nwXO0ftP2/U2CPhCla55GWXzC4uxBsMohmjYeNZ00Quc3UW+BS8N590Ja,1.134301,7.72686,2.158672
462000,a7baWF1nwXO0ftP2/U2CPhCla55GWXzC4uxBsMohmjYeNZ00Quc3UW+BS8N590Ja,1.199135,2.143064,1.514174
462300,a7baWF1nwXO0ftP2/U2CPhCla55GWXzC4uxBsMohmjYeNZ00Quc3UW+BS8N590Ja,1.168842,2.682649,1.507241
462600,a7baWF1nwXO0ftP2/U2CPhCla55GWXzC4uxBsMohmjYeNZ00Quc3UW+BS8N590Ja,1.165232,35.549113,4.985066000000001
462900,a7baWF1nwXO0ftP2/U2CPhCla55GWXzC4uxBsMohmjYeNZ00Quc3UW+BS8N590Ja,1.151385,1.866382,1.4331200000000002
463200,a7baWF1nwXO0ftP2/U2CPhCla55GWXzC4uxBsMohmjYeNZ00Quc3UW+BS8N590Ja,1.183923,2.773981,1.607813
463500,a7baWF1nwXO0ftP2/U2CPhCla55GWXzC4uxBsMohmjYeNZ00Quc3UW+BS8N590Ja,0.8260629999999999,2.717791,1.5290190000000001
463800,a7baWF1nwXO0ftP2/U2CPhCla55GWXzC4uxBsMohmjYeNZ00Quc3UW+BS8N590Ja,1.208391,2.181074,1.524132
464100,a7baWF1nwXO0ftP2/U2CPhCla55GWXzC4uxBsMohmjYeNZ00Quc3UW+BS8N590Ja,1.065633,2.17405,1.477876
464400,a7baWF1nwXO0ftP2/U2CPhCla55GWXzC4uxBsMohmjYeNZ00Quc3UW+BS8N590Ja,1.150317,2.6479369999999998,1.594847
464700,a7baWF1nwXO0ftP2/U2CPhCla55GWXzC4uxBsMohmjYeNZ00Quc3UW+BS8N590Ja,1.149337,2.191518,1.513376
465000,a7baWF1nwXO0ftP2/U2CPhCla55GWXzC4uxBsMohmjYeNZ00Quc3UW+BS8N590Ja,1.154181,2.838247,1.610625
465300,a7baWF1nwXO0ftP2/U2CPhCla55GWXzC4uxBsMohmjYeNZ00Quc3UW+BS8N590Ja,1.180544,2.59594,1.6503700000000001
465600,a7baWF1nwXO0ftP2/U2CPhCla55GWXzC4uxBsMohmjYeNZ00Quc3UW+BS8N590Ja,1.035197,1.867506,1.416449
465900,a7baWF1nwXO0ftP2/U2CPhCla55GWXzC4uxBsMohmjYeNZ00Quc3UW+BS8N590Ja,1.216928,2.667175,1.600079
466200,a7baWF1nwXO0ftP2/U2CPhCla55GWXzC4uxBsMohmjYeNZ00Quc3UW+BS8N590Ja,1.188972,69.33710699999999,8.414187
466500,a7baWF1nwXO0ftP2/U2CPhCla55GWXzC4uxBsMohmjYeNZ00Quc3UW+BS8N590Ja,1.178769,2.17765,1.526716
466800,a7baWF1nwXO0ftP2/U2CPhCla55GWXzC4uxBsMohmjYeNZ00Quc3UW+BS8N590Ja,1.204558,12.442231,2.5992919999999997
467100,a7baWF1nwXO0ftP2/U2CPhCla55GWXzC4uxBsMohmjYeNZ00Quc3UW+BS8N590Ja,0.846717,2.564116,1.591388
467400,a7baWF1nwXO0ftP2/U2CPhCla55GWXzC4uxBsMohmjYeNZ00Quc3UW+BS8N590Ja,1.11306,2.083554,1.505556
467700,a7baWF1nwXO0ftP2/U2CPhCla55GWXzC4uxBsMohmjYeNZ00Quc3UW+BS8N590Ja,1.076548,3.64152,1.723554
468000,a7baWF1nwXO0ftP2/U2CPhCla55GWXzC4uxBsMohmjYeNZ00Quc3UW+BS8N590Ja,1.1148879999999999,2.558416,1.692233
468300,a7baWF1nwXO0ftP2/U2CPhCla55GWXzC4uxBsMohmjYeNZ00Quc3UW+BS8N590Ja,0.633638,2.2382310000000003,1.4534799999999999
468600,a7baWF1nwXO0ftP2/U2CPhCla55GWXzC4uxBsMohmjYeNZ00Quc3UW+BS8N590Ja,1.126628,2.451118,1.6094469999999998
468900,a7baWF1nwXO0ftP2/U2CPhCla55GWXzC4uxBsMohmjYeNZ00Quc3UW+BS8N590Ja,1.166949,2.715672,1.7207919999999999
469200,a7baWF1nwXO0ftP2/U2CPhCla55GWXzC4uxBsMohmjYeNZ00Quc3UW+BS8N590Ja,1.155157,2.105705,1.5166959999999998
469500,a7baWF1nwXO0ftP2/U2CPhCla55GWXzC4uxBsMohmjYeNZ00Quc3UW+BS8N590Ja,1.129631,2.821541,1.7101520000000001
469800,a7baWF1nwXO0ftP2/U2CPhCla55GWXzC4uxBsMohmjYeNZ00Quc3UW+BS8N590Ja,1.07631,35.556234,4.9726349999999995
470100,a7baWF1nwXO0ftP2/U2CPhCla55GWXzC4uxBsMohmjYeNZ00Quc3UW+BS8N590Ja,1.1428479999999999,2.077439,1.510728
470400,a7baWF1nwXO0ftP2/U2CPhCla55GWXzC4uxBsMohmjYeNZ00Quc3UW+BS8N590Ja,0.957549,2.400704,1.571344
470700,a7baWF1nwXO0ftP2/U2CPhCla55GWXzC4uxBsMohmjYeNZ00Quc3UW+BS8N590Ja,1.151469,2.54704,1.681557
471000,a7baWF1nwXO0ftP2/U2CPhCla55GWXzC4uxBsMohmjYeNZ00Quc3UW+BS8N590Ja,0.78486,2.273444,1.479617
471300,a7baWF1nwXO0ftP2/U2CPhCla55GWXzC4uxBsMohmjYeNZ00Quc3UW+BS8N590Ja,1.105342,2.388503,1.607979
471600,a7baWF1nwXO0ftP2/U2CPhCla55GWXzC4uxBsMohmjYeNZ00Quc3UW+BS8N590Ja,1.136984,2.66863,1.619687
471900,a7baWF1nwXO0ftP2/U2CPhCla55GWXzC4uxBsMohmjYeNZ00Quc3UW+BS8N590Ja,1.139788,2.080494,1.4898040000000001
472200,a7baWF1nwXO0ftP2/U2CPhCla55GWXzC4uxBsMohmjYeNZ00Quc3UW+BS8N590Ja,1.1297620000000002,2.5158709999999997,1.6095709999999999
472500,a7baWF1nwXO0ftP2/U2CPhCla55GWXzC4uxBsMohmjYeNZ00Quc3UW+BS8N590Ja,1.17539,2.533473,1.667255
472800,a7baWF1nwXO0ftP2/U2CPhCla55GWXzC4uxBsMohmjYeNZ00Quc3UW+BS8N590Ja,1.107882,2.116264,1.507932
473100,a7baWF1nwXO0ftP2/U2CPhCla55GWXzC4uxBsMohmjYeNZ00Quc3UW+BS8N590Ja,1.128575,2.411926,1.6480759999999999
473400,a7baWF1nwXO0ftP2/U2CPhCla55GWXzC4uxBsMohmjYeNZ00Quc3UW+BS8N590Ja,1.1288610000000001,35.429109000000004,4.989381
473700,a7baWF1nwXO0ftP2/U2CPhCla55GWXzC4uxBsMohmjYeNZ00Quc3UW+BS8N590Ja,0.567731,2.261031,1.5122879999999999
474000,a7baWF1nwXO0ftP2/U2CPhCla55GWXzC4uxBsMohmjYeNZ00Quc3UW+BS8N590Ja,1.145629,2.465865,1.648062
474300,a7baWF1nwXO0ftP2/U2CPhCla55GWXzC4uxBsMohmjYeNZ00Quc3UW+BS8N590Ja,0.91045,2.6929369999999997,1.6018649999999999
474600,a7baWF1nwXO0ftP2/U2CPhCla55GWXzC4uxBsMohmjYeNZ00Quc3UW+BS8N590Ja,1.115406,2.385592,1.571928
474900,a7baWF1nwXO0ftP2/U2CPhCla55GWXzC4uxBsMohmjYeNZ00Quc3UW+BS8N590Ja,0.8259790000000001,2.5158720000000003,1.5281360000000002
475200,a7baWF1nwXO0ftP2/U2CPhCla55GWXzC4uxBsMohmjYeNZ00Quc3UW+BS8N590Ja,0.598241,2.507358,1.554345
475500,a7baWF1nwXO0ftP2/U2CPhCla55GWXzC4uxBsMohmjYeNZ00Quc3UW+BS8N590Ja,1.093159,2.063031,1.486774
475800,a7baWF1nwXO0ftP2/U2CPhCla55GWXzC4uxBsMohmjYeNZ00Quc3UW+BS8N590Ja,0.608169,2.378774,1.5545309999999999
476100,a7baWF1nwXO0ftP2/U2CPhCla55GWXzC4uxBsMohmjYeNZ00Quc3UW+BS8N590Ja,1.158919,2.5078709999999997,1.6409470000000002
476400,a7baWF1nwXO0ftP2/U2CPhCla55GWXzC4uxBsMohmjYeNZ00Quc3UW+BS8N590Ja,0.8866040000000001,2.03708,1.4916040000000002
476700,a7baWF1nwXO0ftP2/U2CPhCla55GWXzC4uxBsMohmjYeNZ00Quc3UW+BS8N590Ja,1.121105,2.354988,1.600629
477000,a7baWF1nwXO0ftP2/U2CPhCla55GWXzC4uxBsMohmjYeNZ00Quc3UW+BS8N590Ja,0.648544,30.015878000000004,4.914347
477300,a7baWF1nwXO0ftP2/U2CPhCla55GWXzC4uxBsMohmjYeNZ00Quc3UW+BS8N590Ja,1.11489,2.23331,1.651272
477600,a7baWF1nwXO0ftP2/U2CPhCla55GWXzC4uxBsMohmjYeNZ00Quc3UW+BS8N590Ja,0.873368,2.577276,1.619435
477900,a7baWF1nwXO0ftP2/U2CPhCla55GWXzC4uxBsMohmjYeNZ00Quc3UW+BS8N590Ja,0.8261620000000001,1.956207,1.4664
478200,a7baWF1nwXO0ftP2/U2CPhCla55GWXzC4uxBsMohmjYeNZ00Quc3UW+BS8N590Ja,1.120939,3.057544,1.617693
478500,a7baWF1nwXO0ftP2/U2CPhCla55GWXzC4uxBsMohmjYeNZ00Quc3UW+BS8N590Ja,0.70192,2.5277819999999998,1.5536370000000002
478800,a7baWF1nwXO0ftP2/U2CPhCla55GWXzC4uxBsMohmjYeNZ00Quc3UW+BS8N590Ja,1.147946,2.283909,1.617615
479100,a7baWF1nwXO0ftP2/U2CPhCla55GWXzC4uxBsMohmjYeNZ00Quc3UW+BS8N590Ja,0.552554,2.866545,1.531549
479400,a7baWF1nwXO0ftP2/U2CPhCla55GWXzC4uxBsMohmjYeNZ00Quc3UW+BS8N590Ja,1.140166,2.594647,1.664765
479700,a7baWF1nwXO0ftP2/U2CPhCla55GWXzC4uxBsMohmjYeNZ00Quc3UW+BS8N590Ja,0.590661,2.409565,1.5031860000000001
480000,a7baWF1nwXO0ftP2/U2CPhCla55GWXzC4uxBsMohmjYeNZ00Quc3UW+BS8N590Ja,1.134074,2.878374,1.613708
480300,a7baWF1nwXO0ftP2/U2CPhCla55GWXzC4uxBsMohmjYeNZ00Quc3UW+BS8N590Ja,0.900402,2.768493,1.581369
480600,a7baWF1nwXO0ftP2/U2CPhCla55GWXzC4uxBsMohmjYeNZ00Quc3UW+BS8N590Ja,0.675287,35.344259,4.811786
480900,a7baWF1nwXO0ftP2/U2CPhCla55GWXzC4uxBsMohmjYeNZ00Quc3UW+BS8N590Ja,1.118357,30.349819,4.552541000000001
481200,a7baWF1nwXO0ftP2/U2CPhCla55GWXzC4uxBsMohmjYeNZ00Quc3UW+BS8N590Ja,1.2487840000000001,40.301137,7.7900279999999995
481500,a7baWF1nwXO0ftP2/U2CPhCla55GWXzC4uxBsMohmjYeNZ00Quc3UW+BS8N590Ja,1.140218,2.270925,1.626469
481800,a7baWF1nwXO0ftP2/U2CPhCla55GWXzC4uxBsMohmjYeNZ00Quc3UW+BS8N590Ja,1.079421,2.864852,1.718475
482100,a7baWF1nwXO0ftP2/U2CPhCla55GWXzC4uxBsMohmjYeNZ00Quc3UW+BS8N590Ja,1.1562430000000001,2.413482,1.6422970000000001
482400,a7baWF1nwXO0ftP2/U2CPhCla55GWXzC4uxBsMohmjYeNZ00Quc3UW+BS8N590Ja,0.811836,2.325202,1.506942
482700,a7baWF1nwXO0ftP2/U2CPhCla55GWXzC4uxBsMohmjYeNZ00Quc3UW+BS8N590Ja,1.13778,2.861713,1.5978780000000001
483000,a7baWF1nwXO0ftP2/U2CPhCla55GWXzC4uxBsMohmjYeNZ00Quc3UW+BS8N590Ja,0.721746,2.4352560000000003,1.552526
483300,a7baWF1nwXO0ftP2/U2CPhCla55GWXzC4uxBsMohmjYeNZ00Quc3UW+BS8N590Ja,0.802617,2.252472,1.444224
483600,a7baWF1nwXO0ftP2/U2CPhCla55GWXzC4uxBsMohmjYeNZ00Quc3UW+BS8N590Ja,1.123135,2.907181,1.5988799999999999
483900,a7baWF1nwXO0ftP2/U2CPhCla55GWXzC4uxBsMohmjYeNZ00Quc3UW+BS8N590Ja,1.135152,2.357064,1.593811
484200,a7baWF1nwXO0ftP2/U2CPhCla55GWXzC4uxBsMohmjYeNZ00Quc3UW+BS8N590Ja,1.1353,27.629440000000002,4.917513
484500,a7baWF1nwXO0ftP2/U2CPhCla55GWXzC4uxBsMohmjYeNZ00Quc3UW+BS8N590Ja,0.6089899999999999,2.909878,1.5813959999999998
484800,a7baWF1nwXO0ftP2/U2CPhCla55GWXzC4uxBsMohmjYeNZ00Quc3UW+BS8N590Ja,1.106309,2.326373,1.584503
485100,a7baWF1nwXO0ftP2/U2CPhCla55GWXzC4uxBsMohmjYeNZ00Quc3UW+BS8N590Ja,0.727409,2.296123,1.509603
485400,a7baWF1nwXO0ftP2/U2CPhCla55GWXzC4uxBsMohmjYeNZ00Quc3UW+BS8N590Ja,1.118104,2.8990080000000003,1.5965770000000001
485700,a7baWF1nwXO0ftP2/U2CPhCla55GWXzC4uxBsMohmjYeNZ00Quc3UW+BS8N590Ja,1.060828,2.422939,1.547979
486000,a7baWF1nwXO0ftP2/U2CPhCla55GWXzC4uxBsMohmjYeNZ00Quc3UW+BS8N590Ja,1.117525,2.29442,1.589919
486300,a7baWF1nwXO0ftP2/U2CPhCla55GWXzC4uxBsMohmjYeNZ00Quc3UW+BS8N590Ja,1.150344,2.938819,1.6289719999999999
486600,a7baWF1nwXO0ftP2/U2CPhCla55GWXzC4uxBsMohmjYeNZ00Quc3UW+BS8N590Ja,1.121416,2.3500099999999997,1.6673919999999998
486900,a7baWF1nwXO0ftP2/U2CPhCla55GWXzC4uxBsMohmjYeNZ00Quc3UW+BS8N590Ja,1.146771,2.508506,1.624127
487200,a7baWF1nwXO0ftP2/U2CPhCla55GWXzC4uxBsMohmjYeNZ00Quc3UW+BS8N590Ja,1.165226,2.917641,1.662526
487500,a7baWF1nwXO0ftP2/U2CPhCla55GWXzC4uxBsMohmjYeNZ00Quc3UW+BS8N590Ja,1.1203530000000002,2.362157,1.71029
487800,a7baWF1nwXO0ftP2/U2CPhCla55GWXzC4uxBsMohmjYeNZ00Quc3UW+BS8N590Ja,0.638171,33.884415000000004,4.834825
488100,a7baWF1nwXO0ftP2/U2CPhCla55GWXzC4uxBsMohmjYeNZ00Quc3UW+BS8N590Ja,1.105327,2.953677,1.6094540000000002
488400,a7baWF1nwXO0ftP2/U2CPhCla55GWXzC4uxBsMohmjYeNZ00Quc3UW+BS8N590Ja,0.79218,2.423579,1.502039
488700,a7baWF1nwXO0ftP2/U2CPhCla55GWXzC4uxBsMohmjYeNZ00Quc3UW+BS8N590Ja,1.185395,2.2878819999999997,1.610324
489000,a7baWF1nwXO0ftP2/U2CPhCla55GWXzC4uxBsMohmjYeNZ00Quc3UW+BS8N590Ja,0.57826,3.1662049999999997,1.572794
489300,a7baWF1nwXO0ftP2/U2CPhCla55GWXzC4uxBsMohmjYeNZ00Quc3UW+BS8N590Ja,0.669867,2.242669,1.559564
489600,a7baWF1nwXO0ftP2/U2CPhCla55GWXzC4uxBsMohmjYeNZ00Quc3UW+BS8N590Ja,1.145046,2.089163,1.579955
489900,a7baWF1nwXO0ftP2/U2CPhCla55GWXzC4uxBsMohmjYeNZ00Quc3UW+BS8N590Ja,0.674475,2.731195,1.578869
490200,a7baWF1nwXO0ftP2/U2CPhCla55GWXzC4uxBsMohmjYeNZ00Quc3UW+BS8N590Ja,1.151147,2.632412,1.6602709999999998
490500,a7baWF1nwXO0ftP2/U2CPhCla55GWXzC4uxBsMohmjYeNZ00Quc3UW+BS8N590Ja,1.14452,22.098907,3.722668
490800,a7baWF1nwXO0ftP2/U2CPhCla55GWXzC4uxBsMohmjYeNZ00Quc3UW+BS8N590Ja,1.150256,2.726378,1.5832549999999999
491100,a7baWF1nwXO0ftP2/U2CPhCla55GWXzC4uxBsMohmjYeNZ00Quc3UW+BS8N590Ja,1.160893,40.88062,8.655992999999999
491400,a7baWF1nwXO0ftP2/U2CPhCla55GWXzC4uxBsMohmjYeNZ00Quc3UW+BS8N590Ja,1.151424,35.567432000000004,5.1444730000000005
491700,a7baWF1nwXO0ftP2/U2CPhCla55GWXzC4uxBsMohmjYeNZ00Quc3UW+BS8N590Ja,0.719721,2.9695810000000002,1.578973
492000,a7baWF1nwXO0ftP2/U2CPhCla55GWXzC4uxBsMohmjYeNZ00Quc3UW+BS8N590Ja,0.613189,2.568206,1.48284
492300,a7baWF1nwXO0ftP2/U2CPhCla55GWXzC4uxBsMohmjYeNZ00Quc3UW+BS8N590Ja,1.127752,2.551764,1.742979
492600,a7baWF1nwXO0ftP2/U2CPhCla55GWXzC4uxBsMohmjYeNZ00Quc3UW+BS8N590Ja,0.6257050000000001,2.913249,1.558435
492900,a7baWF1nwXO0ftP2/U2CPhCla55GWXzC4uxBsMohmjYeNZ00Quc3UW+BS8N590Ja,1.1591850000000001,2.555515,1.5059559999999999
493200,a7baWF1nwXO0ftP2/U2CPhCla55GWXzC4uxBsMohmjYeNZ00Quc3UW+BS8N590Ja,1.144452,2.221284,1.638741
493500,a7baWF1nwXO0ftP2/U2CPhCla55GWXzC4uxBsMohmjYeNZ00Quc3UW+BS8N590Ja,1.184922,2.816496,1.594117
493800,a7baWF1nwXO0ftP2/U2CPhCla55GWXzC4uxBsMohmjYeNZ00Quc3UW+BS8N590Ja,1.158306,2.6629009999999997,1.516622
494100,a7baWF1nwXO0ftP2/U2CPhCla55GWXzC4uxBsMohmjYeNZ00Quc3UW+BS8N590Ja,1.148895,2.125169,1.668877
494400,a7baWF1nwXO0ftP2/U2CPhCla55GWXzC4uxBsMohmjYeNZ00Quc3UW+BS8N590Ja,1.143501,3.784351,1.85303
494700,a7baWF1nwXO0ftP2/U2CPhCla55GWXzC4uxBsMohmjYeNZ00Quc3UW+BS8N590Ja,1.152305,7.657655,2.877842
495000,a7baWF1nwXO0ftP2/U2CPhCla55GWXzC4uxBsMohmjYeNZ00Quc3UW+BS8N590Ja,1.174706,22.551088,5.002818
495300,a7baWF1nwXO0ftP2/U2CPhCla55GWXzC4uxBsMohmjYeNZ00Quc3UW+BS8N590Ja,1.179283,2.722492,1.806302
495600,a7baWF1nwXO0ftP2/U2CPhCla55GWXzC4uxBsMohmjYeNZ00Quc3UW+BS8N590Ja,1.1835719999999998,2.824697,1.545576
495900,a7baWF1nwXO0ftP2/U2CPhCla55GWXzC4uxBsMohmjYeNZ00Quc3UW+BS8N590Ja,1.1888299999999998,2.970735,1.82264
496200,a7baWF1nwXO0ftP2/U2CPhCla55GWXzC4uxBsMohmjYeNZ00Quc3UW+BS8N590Ja,1.158405,2.835681,1.6017620000000001
496500,a7baWF1nwXO0ftP2/U2CPhCla55GWXzC4uxBsMohmjYeNZ00Quc3UW+BS8N590Ja,1.172195,2.911825,1.636331
496800,a7baWF1nwXO0ftP2/U2CPhCla55GWXzC4uxBsMohmjYeNZ00Quc3UW+BS8N590Ja,1.161063,2.140409,1.688163
497100,a7baWF1nwXO0ftP2/U2CPhCla55GWXzC4uxBsMohmjYeNZ00Quc3UW+BS8N590Ja,1.273176,3.215293,1.825303
497400,a7baWF1nwXO0ftP2/U2CPhCla55GWXzC4uxBsMohmjYeNZ00Quc3UW+BS8N590Ja,1.129435,2.848251,1.6992169999999998
497700,a7baWF1nwXO0ftP2/U2CPhCla55GWXzC4uxBsMohmjYeNZ00Quc3UW+BS8N590Ja,1.114709,2.13267,1.658239
498000,a7baWF1nwXO0ftP2/U2CPhCla55GWXzC4uxBsMohmjYeNZ00Quc3UW+BS8N590Ja,1.185655,4.477967,1.9267830000000001
498300,a7baWF1nwXO0ftP2/U2CPhCla55GWXzC4uxBsMohmjYeNZ00Quc3UW+BS8N590Ja,1.1489479999999999,2.4980439999999997,1.508601
498600,a7baWF1nwXO0ftP2/U2CPhCla55GWXzC4uxBsMohmjYeNZ00Quc3UW+BS8N590Ja,1.122048,34.183958000000004,5.263085
498900,a7baWF1nwXO0ftP2/U2CPhCla55GWXzC4uxBsMohmjYeNZ00Quc3UW+BS8N590Ja,1.160587,2.868163,1.624265
499200,a7baWF1nwXO0ftP2/U2CPhCla55GWXzC4uxBsMohmjYeNZ00Quc3UW+BS8N590Ja,1.14553,3.471635,1.761466
499500,a7baWF1nwXO0ftP2/U2CPhCla55GWXzC4uxBsMohmjYeNZ00Quc3UW+BS8N590Ja,1.110819,2.0928310000000003,1.7197470000000001
499800,a7baWF1nwXO0ftP2/U2CPhCla55GWXzC4uxBsMohmjYeNZ00Quc3UW+BS8N590Ja,0.598625,2.942883,1.5915489999999999
500100,a7baWF1nwXO0ftP2/U2CPhCla55GWXzC4uxBsMohmjYeNZ00Quc3UW+BS8N590Ja,0.713542,2.527479,1.4668450000000002
500400,a7baWF1nwXO0ftP2/U2CPhCla55GWXzC4uxBsMohmjYeNZ00Quc3UW+BS8N590Ja,1.129316,2.085315,1.670188
500700,a7baWF1nwXO0ftP2/U2CPhCla55GWXzC4uxBsMohmjYeNZ00Quc3UW+BS8N590Ja,0.660694,2.7053849999999997,1.547157
501000,a7baWF1nwXO0ftP2/U2CPhCla55GWXzC4uxBsMohmjYeNZ00Quc3UW+BS8N590Ja,1.1127639999999999,2.4501310000000003,1.548442
501300,a7baWF1nwXO0ftP2/U2CPhCla55GWXzC4uxBsMohmjYeNZ00Quc3UW+BS8N590Ja,0.646746,2.411895,1.607294
501600,a7baWF1nwXO0ftP2/U2CPhCla55GWXzC4uxBsMohmjYeNZ00Quc3UW+BS8N590Ja,1.143572,2.771442,1.597643
501900,a7baWF1nwXO0ftP2/U2CPhCla55GWXzC4uxBsMohmjYeNZ00Quc3UW+BS8N590Ja,0.648192,2.3439419999999997,1.4120110000000001
502200,a7baWF1nwXO0ftP2/U2CPhCla55GWXzC4uxBsMohmjYeNZ00Quc3UW+BS8N590Ja,1.33223,26.865868,5.024087000000001
502500,a7baWF1nwXO0ftP2/U2CPhCla55GWXzC4uxBsMohmjYeNZ00Quc3UW+BS8N590Ja,1.1303530000000002,2.292186,1.6845729999999999
502800,a7baWF1nwXO0ftP2/U2CPhCla55GWXzC4uxBsMohmjYeNZ00Quc3UW+BS8N590Ja,1.135931,2.286052,1.615114
503100,a7baWF1nwXO0ftP2/U2CPhCla55GWXzC4uxBsMohmjYeNZ00Quc3UW+BS8N590Ja,1.115884,3.023772,1.66871
503400,a7baWF1nwXO0ftP2/U2CPhCla55GWXzC4uxBsMohmjYeNZ00Quc3UW+BS8N590Ja,0.7442,2.311584,1.565093
503700,a7baWF1nwXO0ftP2/U2CPhCla55GWXzC4uxBsMohmjYeNZ00Quc3UW+BS8N590Ja,1.1054389999999998,2.239506,1.513417
504000,a7baWF1nwXO0ftP2/U2CPhCla55GWXzC4uxBsMohmjYeNZ00Quc3UW+BS8N590Ja,0.887724,2.902607,1.5941530000000002
504300,a7baWF1nwXO0ftP2/U2CPhCla55GWXzC4uxBsMohmjYeNZ00Quc3UW+BS8N590Ja,1.09656,2.264673,1.6014950000000001
504600,a7baWF1nwXO0ftP2/U2CPhCla55GWXzC4uxBsMohmjYeNZ00Quc3UW+BS8N590Ja,0.97435,2.324073,1.488365
504900,a7baWF1nwXO0ftP2/U2CPhCla55GWXzC4uxBsMohmjYeNZ00Quc3UW+BS8N590Ja,1.118884,3.171355,1.6608490000000002
505200,a7baWF1nwXO0ftP2/U2CPhCla55GWXzC4uxBsMohmjYeNZ00Quc3UW+BS8N590Ja,1.127848,2.314917,1.598432
505500,a7baWF1nwXO0ftP2/U2CPhCla55GWXzC4uxBsMohmjYeNZ00Quc3UW+BS8N590Ja,0.983518,2.187138,1.484392
505800,a7baWF1nwXO0ftP2/U2CPhCla55GWXzC4uxBsMohmjYeNZ00Quc3UW+BS8N590Ja,1.187343,34.005807,4.974551
506100,a7baWF1nwXO0ftP2/U2CPhCla55GWXzC4uxBsMohmjYeNZ00Quc3UW+BS8N590Ja,1.184308,2.286315,1.702278
506400,a7baWF1nwXO0ftP2/U2CPhCla55GWXzC4uxBsMohmjYeNZ00Quc3UW+BS8N590Ja,1.182052,2.316065,1.520377
506700,a7baWF1nwXO0ftP2/U2CPhCla55GWXzC4uxBsMohmjYeNZ00Quc3UW+BS8N590Ja,1.1795309999999999,3.013386,1.759369
507000,a7baWF1nwXO0ftP2/U2CPhCla55GWXzC4uxBsMohmjYeNZ00Quc3UW+BS8N590Ja,1.156724,2.219822,1.5906879999999999
507300,a7baWF1nwXO0ftP2/U2CPhCla55GWXzC4uxBsMohmjYeNZ00Quc3UW+BS8N590Ja,0.969583,2.267257,1.450059
507600,a7baWF1nwXO0ftP2/U2CPhCla55GWXzC4uxBsMohmjYeNZ00Quc3UW+BS8N590Ja,1.150575,2.998201,1.651961
507900,a7baWF1nwXO0ftP2/U2CPhCla55GWXzC4uxBsMohmjYeNZ00Quc3UW+BS8N590Ja,0.918529,2.2387650000000003,1.601002
508200,a7baWF1nwXO0ftP2/U2CPhCla55GWXzC4uxBsMohmjYeNZ00Quc3UW+BS8N590Ja,1.1039299999999999,2.2338880000000003,1.530628
508500,a7baWF1nwXO0ftP2/U2CPhCla55GWXzC4uxBsMohmjYeNZ00Quc3UW+BS8N590Ja,1.145307,3.119039,1.6674209999999998
508800,a7baWF1nwXO0ftP2/U2CPhCla55GWXzC4uxBsMohmjYeNZ00Quc3UW+BS8N590Ja,1.1667450000000001,2.2482290000000003,1.616172
509100,a7baWF1nwXO0ftP2/U2CPhCla55GWXzC4uxBsMohmjYeNZ00Quc3UW+BS8N590Ja,1.159271,2.2074,1.510343
509400,a7baWF1nwXO0ftP2/U2CPhCla55GWXzC4uxBsMohmjYeNZ00Quc3UW+BS8N590Ja,1.189439,34.145771999999994,4.9847470000000005
509700,a7baWF1nwXO0ftP2/U2CPhCla55GWXzC4uxBsMohmjYeNZ00Quc3UW+BS8N590Ja,1.154825,17.915694000000002,3.181505
510000,a7baWF1nwXO0ftP2/U2CPhCla55GWXzC4uxBsMohmjYeNZ00Quc3UW+BS8N590Ja,0.6633640000000001,36.73057,7.317899000000001
510300,a7baWF1nwXO0ftP2/U2CPhCla55GWXzC4uxBsMohmjYeNZ00Quc3UW+BS8N590Ja,1.188157,3.24538,1.7480759999999997
510600,a7baWF1nwXO0ftP2/U2CPhCla55GWXzC4uxBsMohmjYeNZ00Quc3UW+BS8N590Ja,0.916752,3.5147440000000003,1.741061
510900,a7baWF1nwXO0ftP2/U2CPhCla55GWXzC4uxBsMohmjYeNZ00Quc3UW+BS8N590Ja,1.3494899999999999,6.033436,2.362022
511200,a7baWF1nwXO0ftP2/U2CPhCla55GWXzC4uxBsMohmjYeNZ00Quc3UW+BS8N590Ja,1.203774,11.83868,3.767782
511500,a7baWF1nwXO0ftP2/U2CPhCla55GWXzC4uxBsMohmjYeNZ00Quc3UW+BS8N590Ja,1.1901030000000001,2.433361,1.733931
511800,a7baWF1nwXO0ftP2/U2CPhCla55GWXzC4uxBsMohmjYeNZ00Quc3UW+BS8N590Ja,1.18535,2.213709,1.573808
512100,a7baWF1nwXO0ftP2/U2CPhCla55GWXzC4uxBsMohmjYeNZ00Quc3UW+BS8N590Ja,0.722334,2.96694,1.710335
512400,a7baWF1nwXO0ftP2/U2CPhCla55GWXzC4uxBsMohmjYeNZ00Quc3UW+BS8N590Ja,1.1641219999999999,2.323801,1.596176
512700,a7baWF1nwXO0ftP2/U2CPhCla55GWXzC4uxBsMohmjYeNZ00Quc3UW+BS8N590Ja,0.8167449999999999,2.10817,1.450208
513000,a7baWF1nwXO0ftP2/U2CPhCla55GWXzC4uxBsMohmjYeNZ00Quc3UW+BS8N590Ja,1.152892,21.697460999999997,5.037933
513300,a7baWF1nwXO0ftP2/U2CPhCla55GWXzC4uxBsMohmjYeNZ00Quc3UW+BS8N590Ja,0.978663,2.237519,1.605539
513600,a7baWF1nwXO0ftP2/U2CPhCla55GWXzC4uxBsMohmjYeNZ00Quc3UW+BS8N590Ja,0.69058,2.080018,1.510446
513900,a7baWF1nwXO0ftP2/U2CPhCla55GWXzC4uxBsMohmjYeNZ00Quc3UW+BS8N590Ja,1.16093,2.836221,1.690164
514200,a7baWF1nwXO0ftP2/U2CPhCla55GWXzC4uxBsMohmjYeNZ00Quc3UW+BS8N590Ja,0.708299,2.09845,1.531326
514500,a7baWF1nwXO0ftP2/U2CPhCla55GWXzC4uxBsMohmjYeNZ00Quc3UW+BS8N590Ja,1.203697,2.058521,1.521016
514800,a7baWF1nwXO0ftP2/U2CPhCla55GWXzC4uxBsMohmjYeNZ00Quc3UW+BS8N590Ja,0.7472489999999999,2.709142,1.563807
515100,a7baWF1nwXO0ftP2/U2CPhCla55GWXzC4uxBsMohmjYeNZ00Quc3UW+BS8N590Ja,1.17193,2.6366490000000002,1.5060129999999998
515400,a7baWF1nwXO0ftP2/U2CPhCla55GWXzC4uxBsMohmjYeNZ00Quc3UW+BS8N590Ja,0.779786,2.28221,1.516843
515700,a7baWF1nwXO0ftP2/U2CPhCla55GWXzC4uxBsMohmjYeNZ00Quc3UW+BS8N590Ja,1.1806809999999999,2.829958,1.7329299999999999
516000,a7baWF1nwXO0ftP2/U2CPhCla55GWXzC4uxBsMohmjYeNZ00Quc3UW+BS8N590Ja,1.184373,2.756183,1.600878
516300,a7baWF1nwXO0ftP2/U2CPhCla55GWXzC4uxBsMohmjYeNZ00Quc3UW+BS8N590Ja,1.175267,2.207399,1.681658
516600,a7baWF1nwXO0ftP2/U2CPhCla55GWXzC4uxBsMohmjYeNZ00Quc3UW+BS8N590Ja,1.1857540000000002,34.497991999999996,5.072430000000001
516900,a7baWF1nwXO0ftP2/U2CPhCla55GWXzC4uxBsMohmjYeNZ00Quc3UW+BS8N590Ja,1.140571,2.642632,1.5357100000000001
517200,a7baWF1nwXO0ftP2/U2CPhCla55GWXzC4uxBsMohmjYeNZ00Quc3UW+BS8N590Ja,1.236024,2.228595,1.6530770000000001
517500,a7baWF1nwXO0ftP2/U2CPhCla55GWXzC4uxBsMohmjYeNZ00Quc3UW+BS8N590Ja,0.5830029999999999,2.755156,1.5783120000000002
517800,a7baWF1nwXO0ftP2/U2CPhCla55GWXzC4uxBsMohmjYeNZ00Quc3UW+BS8N590Ja,1.1678520000000001,2.582735,1.493114
518100,a7baWF1nwXO0ftP2/U2CPhCla55GWXzC4uxBsMohmjYeNZ00Quc3UW+BS8N590Ja,0.62157,2.197085,1.511919
518400,a7baWF1nwXO0ftP2/U2CPhCla55GWXzC4uxBsMohmjYeNZ00Quc3UW+BS8N590Ja,1.204943,2.771856,1.6608029999999998
518700,a7baWF1nwXO0ftP2/U2CPhCla55GWXzC4uxBsMohmjYeNZ00Quc3UW+BS8N590Ja,0.589535,2.723521,1.45295
519000,a7baWF1nwXO0ftP2/U2CPhCla55GWXzC4uxBsMohmjYeNZ00Quc3UW+BS8N590Ja,1.191558,2.255307,1.6038059999999998
519300,a7baWF1nwXO0ftP2/U2CPhCla55GWXzC4uxBsMohmjYeNZ00Quc3UW+BS8N590Ja,1.154669,2.861094,1.6720669999999997
519600,a7baWF1nwXO0ftP2/U2CPhCla55GWXzC4uxBsMohmjYeNZ00Quc3UW+BS8N590Ja,0.809797,2.621029,1.518472
519900,a7baWF1nwXO0ftP2/U2CPhCla55GWXzC4uxBsMohmjYeNZ00Quc3UW+BS8N590Ja,1.212787,2.2390849999999998,1.6283239999999999
520200,a7baWF1nwXO0ftP2/U2CPhCla55GWXzC4uxBsMohmjYeNZ00Quc3UW+BS8N590Ja,1.168192,27.706384000000003,4.301036
520500,a7baWF1nwXO0ftP2/U2CPhCla55GWXzC4uxBsMohmjYeNZ00Quc3UW+BS8N590Ja,1.207567,8.405924,2.2395150000000004
520800,a7baWF1nwXO0ftP2/U2CPhCla55GWXzC4uxBsMohmjYeNZ00Quc3UW+BS8N590Ja,1.206956,2.571894,1.636544
521100,a7baWF1nwXO0ftP2/U2CPhCla55GWXzC4uxBsMohmjYeNZ00Quc3UW+BS8N590Ja,1.239493,2.870332,1.750289
521400,a7baWF1nwXO0ftP2/U2CPhCla55GWXzC4uxBsMohmjYeNZ00Quc3UW+BS8N590Ja,0.731766,2.705058,1.579844
521700,a7baWF1nwXO0ftP2/U2CPhCla55GWXzC4uxBsMohmjYeNZ00Quc3UW+BS8N590Ja,0.7218899999999999,2.2195669999999996,1.5833959999999998
522000,a7baWF1nwXO0ftP2/U2CPhCla55GWXzC4uxBsMohmjYeNZ00Quc3UW+BS8N590Ja,1.177473,2.827378,1.6624599999999998
522300,a7baWF1nwXO0ftP2/U2CPhCla55GWXzC4uxBsMohmjYeNZ00Quc3UW+BS8N590Ja,1.204526,2.6349080000000002,1.547501
522600,a7baWF1nwXO0ftP2/U2CPhCla55GWXzC4uxBsMohmjYeNZ00Quc3UW+BS8N590Ja,1.200404,2.2263349999999997,1.615907
522900,a7baWF1nwXO0ftP2/U2CPhCla55GWXzC4uxBsMohmjYeNZ00Quc3UW+BS8N590Ja,1.046884,2.697137,1.607043
523200,a7baWF1nwXO0ftP2/U2CPhCla55GWXzC4uxBsMohmjYeNZ00Quc3UW+BS8N590Ja,1.1821139999999999,2.579355,1.505714
523500,a7baWF1nwXO0ftP2/U2CPhCla55GWXzC4uxBsMohmjYeNZ00Quc3UW+BS8N590Ja,0.548006,2.110224,1.4901389999999999
523800,a7baWF1nwXO0ftP2/U2CPhCla55GWXzC4uxBsMohmjYeNZ00Quc3UW+BS8N590Ja,1.1919959999999998,4.503015,2.045568
524100,a7baWF1nwXO0ftP2/U2CPhCla55GWXzC4uxBsMohmjYeNZ00Quc3UW+BS8N590Ja,0.7276199999999999,2.530534,1.469256
524400,a7baWF1nwXO0ftP2/U2CPhCla55GWXzC4uxBsMohmjYeNZ00Quc3UW+BS8N590Ja,1.190649,2.126572,1.646686
524700,a7baWF1nwXO0ftP2/U2CPhCla55GWXzC4uxBsMohmjYeNZ00Quc3UW+BS8N590Ja,1.2111530000000001,2.589435,1.6676099999999998
525000,a7baWF1nwXO0ftP2/U2CPhCla55GWXzC4uxBsMohmjYeNZ00Quc3UW+BS8N590Ja,1.208185,2.607923,1.6457
525300,a7baWF1nwXO0ftP2/U2CPhCla55GWXzC4uxBsMohmjYeNZ00Quc3UW+BS8N590Ja,1.21046,2.204711,1.609414
525600,a7baWF1nwXO0ftP2/U2CPhCla55GWXzC4uxBsMohmjYeNZ00Quc3UW+BS8N590Ja,1.186464,2.587421,1.661407
525900,a7baWF1nwXO0ftP2/U2CPhCla55GWXzC4uxBsMohmjYeNZ00Quc3UW+BS8N590Ja,1.177797,2.480195,1.5267540000000002
526200,a7baWF1nwXO0ftP2/U2CPhCla55GWXzC4uxBsMohmjYeNZ00Quc3UW+BS8N590Ja,0.652881,2.150847,1.503493
526500,a7baWF1nwXO0ftP2/U2CPhCla55GWXzC4uxBsMohmjYeNZ00Quc3UW+BS8N590Ja,1.182743,2.739019,1.656953
526800,a7baWF1nwXO0ftP2/U2CPhCla55GWXzC4uxBsMohmjYeNZ00Quc3UW+BS8N590Ja,0.61924,2.2594380000000003,1.514609
527100,a7baWF1nwXO0ftP2/U2CPhCla55GWXzC4uxBsMohmjYeNZ00Quc3UW+BS8N590Ja,0.633234,3.076863,1.552941
527400,a7baWF1nwXO0ftP2/U2CPhCla55GWXzC4uxBsMohmjYeNZ00Quc3UW+BS8N590Ja,1.15755,2.775896,1.7518340000000001
527700,a7baWF1nwXO0ftP2/U2CPhCla55GWXzC4uxBsMohmjYeNZ00Quc3UW+BS8N590Ja,0.732854,33.995633000000005,4.747869000000001
528000,a7baWF1nwXO0ftP2/U2CPhCla55GWXzC4uxBsMohmjYeNZ00Quc3UW+BS8N590Ja,1.195288,2.9999279999999997,1.6172090000000001
528300,a7baWF1nwXO0ftP2/U2CPhCla55GWXzC4uxBsMohmjYeNZ00Quc3UW+BS8N590Ja,0.843808,2.792096,1.5750030000000002
528600,a7baWF1nwXO0ftP2/U2CPhCla55GWXzC4uxBsMohmjYeNZ00Quc3UW+BS8N590Ja,1.186834,2.312136,1.540723
528900,a7baWF1nwXO0ftP2/U2CPhCla55GWXzC4uxBsMohmjYeNZ00Quc3UW+BS8N590Ja,0.9196040000000001,2.9909529999999998,1.539563
529200,a7baWF1nwXO0ftP2/U2CPhCla55GWXzC4uxBsMohmjYeNZ00Quc3UW+BS8N590Ja,1.207201,2.731709,1.659886
529500,a7baWF1nwXO0ftP2/U2CPhCla55GWXzC4uxBsMohmjYeNZ00Quc3UW+BS8N590Ja,0.8534719999999999,2.2339919999999998,1.480315
529800,a7baWF1nwXO0ftP2/U2CPhCla55GWXzC4uxBsMohmjYeNZ00Quc3UW+BS8N590Ja,1.198581,2.962395,1.683086
530100,a7baWF1nwXO0ftP2/U2CPhCla55GWXzC4uxBsMohmjYeNZ00Quc3UW+BS8N590Ja,1.203643,2.6971979999999998,1.7022099999999998
530400,a7baWF1nwXO0ftP2/U2CPhCla55GWXzC4uxBsMohmjYeNZ00Quc3UW+BS8N590Ja,1.18003,2.217319,1.541043
530700,a7baWF1nwXO0ftP2/U2CPhCla55GWXzC4uxBsMohmjYeNZ00Quc3UW+BS8N590Ja,1.173783,3.2094139999999998,1.623186
531000,a7baWF1nwXO0ftP2/U2CPhCla55GWXzC4uxBsMohmjYeNZ00Quc3UW+BS8N590Ja,1.077221,2.7361400000000002,1.644455
531300,a7baWF1nwXO0ftP2/U2CPhCla55GWXzC4uxBsMohmjYeNZ00Quc3UW+BS8N590Ja,1.203191,20.509629,4.787461
531600,a7baWF1nwXO0ftP2/U2CPhCla55GWXzC4uxBsMohmjYeNZ00Quc3UW+BS8N590Ja,0.798028,2.939972,1.525719
531900,a7baWF1nwXO0ftP2/U2CPhCla55GWXzC4uxBsMohmjYeNZ00Quc3UW+BS8N590Ja,1.212927,2.658491,1.66855
532200,a7baWF1nwXO0ftP2/U2CPhCla55GWXzC4uxBsMohmjYeNZ00Quc3UW+BS8N590Ja,1.168555,2.225589,1.515901
532500,a7baWF1nwXO0ftP2/U2CPhCla55GWXzC4uxBsMohmjYeNZ00Quc3UW+BS8N590Ja,0.858216,2.990522,1.5865719999999999
532800,a7baWF1nwXO0ftP2/U2CPhCla55GWXzC4uxBsMohmjYeNZ00Quc3UW+BS8N590Ja,1.152659,2.7444330000000003,1.6803669999999997
533100,a7baWF1nwXO0ftP2/U2CPhCla55GWXzC4uxBsMohmjYeNZ00Quc3UW+BS8N590Ja,0.790921,2.271741,1.488909
533400,a7baWF1nwXO0ftP2/U2CPhCla55GWXzC4uxBsMohmjYeNZ00Quc3UW+BS8N590Ja,1.1961760000000001,3.01619,1.614295
533700,a7baWF1nwXO0ftP2/U2CPhCla55GWXzC4uxBsMohmjYeNZ00Quc3UW+BS8N590Ja,0.9522290000000001,14.997329,3.6759150000000003
534000,a7baWF1nwXO0ftP2/U2CPhCla55GWXzC4uxBsMohmjYeNZ00Quc3UW+BS8N590Ja,1.1739469999999999,2.2005779999999997,1.4928540000000001
534300,a7baWF1nwXO0ftP2/U2CPhCla55GWXzC4uxBsMohmjYeNZ00Quc3UW+BS8N590Ja,0.86618,2.947844,1.519535
534600,a7baWF1nwXO0ftP2/U2CPhCla55GWXzC4uxBsMohmjYeNZ00Quc3UW+BS8N590Ja,1.189108,2.713865,1.669601
534900,a7baWF1nwXO0ftP2/U2CPhCla55GWXzC4uxBsMohmjYeNZ00Quc3UW+BS8N590Ja,1.230925,37.021339000000005,5.069948
535200,a7baWF1nwXO0ftP2/U2CPhCla55GWXzC4uxBsMohmjYeNZ00Quc3UW+BS8N590Ja,0.927882,2.8338360000000002,1.56491
535500,a7baWF1nwXO0ftP2/U2CPhCla55GWXzC4uxBsMohmjYeNZ00Quc3UW+BS8N590Ja,1.202825,2.596673,1.676538
535800,a7baWF1nwXO0ftP2/U2CPhCla55GWXzC4uxBsMohmjYeNZ00Quc3UW+BS8N590Ja,0.793814,2.063279,1.4755200000000002
536100,a7baWF1nwXO0ftP2/U2CPhCla55GWXzC4uxBsMohmjYeNZ00Quc3UW+BS8N590Ja,1.224294,3.006977,1.622551
536400,a7baWF1nwXO0ftP2/U2CPhCla55GWXzC4uxBsMohmjYeNZ00Quc3UW+BS8N590Ja,0.583587,2.659025,1.537669
536700,a7baWF1nwXO0ftP2/U2CPhCla55GWXzC4uxBsMohmjYeNZ00Quc3UW+BS8N590Ja,1.1938090000000001,2.201258,1.540011
537000,a7baWF1nwXO0ftP2/U2CPhCla55GWXzC4uxBsMohmjYeNZ00Quc3UW+BS8N590Ja,0.834109,2.867211,1.525911
537300,a7baWF1nwXO0ftP2/U2CPhCla55GWXzC4uxBsMohmjYeNZ00Quc3UW+BS8N590Ja,1.1766450000000002,2.560633,1.647355
537600,a7baWF1nwXO0ftP2/U2CPhCla55GWXzC4uxBsMohmjYeNZ00Quc3UW+BS8N590Ja,1.133099,2.148745,1.538108
537900,a7baWF1nwXO0ftP2/U2CPhCla55GWXzC4uxBsMohmjYeNZ00Quc3UW+BS8N590Ja,1.239249,2.921029,1.663818
538200,a7baWF1nwXO0ftP2/U2CPhCla55GWXzC4uxBsMohmjYeNZ00Quc3UW+BS8N590Ja,1.203228,2.499332,1.702649
538500,a7baWF1nwXO0ftP2/U2CPhCla55GWXzC4uxBsMohmjYeNZ00Quc3UW+BS8N590Ja,1.130629,32.428672999999996,7.739560000000001
538800,a7baWF1nwXO0ftP2/U2CPhCla55GWXzC4uxBsMohmjYeNZ00Quc3UW+BS8N590Ja,1.221619,37.919571000000005,7.736910000000001
539100,a7baWF1nwXO0ftP2/U2CPhCla55GWXzC4uxBsMohmjYeNZ00Quc3UW+BS8N590Ja,1.217681,2.388936,1.517309
539400,a7baWF1nwXO0ftP2/U2CPhCla55GWXzC4uxBsMohmjYeNZ00Quc3UW+BS8N590Ja,1.230689,2.3784520000000002,1.659009
539700,a7baWF1nwXO0ftP2/U2CPhCla55GWXzC4uxBsMohmjYeNZ00Quc3UW+BS8N590Ja,1.024458,2.296151,1.493682
540000,a7baWF1nwXO0ftP2/U2CPhCla55GWXzC4uxBsMohmjYeNZ00Quc3UW+BS8N590Ja,1.2337989999999999,2.618098,1.603502
540300,a7baWF1nwXO0ftP2/U2CPhCla55GWXzC4uxBsMohmjYeNZ00Quc3UW+BS8N590Ja,1.165662,2.315937,1.507682
540600,a7baWF1nwXO0ftP2/U2CPhCla55GWXzC4uxBsMohmjYeNZ00Quc3UW+BS8N590Ja,1.098056,2.697168,1.500881
540900,a7baWF1nwXO0ftP2/U2CPhCla55GWXzC4uxBsMohmjYeNZ00Quc3UW+BS8N590Ja,1.170101,2.731494,1.5598040000000002
541200,a7baWF1nwXO0ftP2/U2CPhCla55GWXzC4uxBsMohmjYeNZ00Quc3UW+BS8N590Ja,1.169019,2.204964,1.492768
541500,a7baWF1nwXO0ftP2/U2CPhCla55GWXzC4uxBsMohmjYeNZ00Quc3UW+BS8N590Ja,1.166447,2.79889,1.619229
541800,a7baWF1nwXO0ftP2/U2CPhCla55GWXzC4uxBsMohmjYeNZ00Quc3UW+BS8N590Ja,1.20933,2.2628459999999997,1.514684
542100,a7baWF1nwXO0ftP2/U2CPhCla55GWXzC4uxBsMohmjYeNZ00Quc3UW+BS8N590Ja,1.181159,35.075905999999996,4.9835650000000005
542400,a7baWF1nwXO0ftP2/U2CPhCla55GWXzC4uxBsMohmjYeNZ00Quc3UW+BS8N590Ja,1.191906,2.2909200000000003,1.483449
542700,a7baWF1nwXO0ftP2/U2CPhCla55GWXzC4uxBsMohmjYeNZ00Quc3UW+BS8N590Ja,1.165377,2.908266,1.6722540000000001
543000,a7baWF1nwXO0ftP2/U2CPhCla55GWXzC4uxBsMohmjYeNZ00Quc3UW+BS8N590Ja,0.8666969999999999,2.260204,1.62422
543300,a7baWF1nwXO0ftP2/U2CPhCla55GWXzC4uxBsMohmjYeNZ00Quc3UW+BS8N590Ja,0.9304950000000001,2.669048,1.487623
543600,a7baWF1nwXO0ftP2/U2CPhCla55GWXzC4uxBsMohmjYeNZ00Quc3UW+BS8N590Ja,1.17594,2.6539479999999998,1.5630389999999998
543900,a7baWF1nwXO0ftP2/U2CPhCla55GWXzC4uxBsMohmjYeNZ00Quc3UW+BS8N590Ja,0.830931,2.2419569999999998,1.48623
544200,a7baWF1nwXO0ftP2/U2CPhCla55GWXzC4uxBsMohmjYeNZ00Quc3UW+BS8N590Ja,1.1852040000000001,2.71928,1.610927
544500,a7baWF1nwXO0ftP2/U2CPhCla55GWXzC4uxBsMohmjYeNZ00Quc3UW+BS8N590Ja,0.8980370000000001,2.001974,1.441802
544800,a7baWF1nwXO0ftP2/U2CPhCla55GWXzC4uxBsMohmjYeNZ00Quc3UW+BS8N590Ja,1.1846860000000001,2.307175,1.608241
545100,a7baWF1nwXO0ftP2/U2CPhCla55GWXzC4uxBsMohmjYeNZ00Quc3UW+BS8N590Ja,0.6441899999999999,2.260231,1.406419
545400,a7baWF1nwXO0ftP2/U2CPhCla55GWXzC4uxBsMohmjYeNZ00Quc3UW+BS8N590Ja,1.202322,2.5940060000000003,1.617497
545700,a7baWF1nwXO0ftP2/U2CPhCla55GWXzC4uxBsMohmjYeNZ00Quc3UW+BS8N590Ja,0.7453569999999999,34.765479,4.793295
546000,a7baWF1nwXO0ftP2/U2CPhCla55GWXzC4uxBsMohmjYeNZ00Quc3UW+BS8N590Ja,1.163629,2.649797,1.572531
546300,a7baWF1nwXO0ftP2/U2CPhCla55GWXzC4uxBsMohmjYeNZ00Quc3UW+BS8N590Ja,1.202998,2.6913810000000002,1.55408
546600,a7baWF1nwXO0ftP2/U2CPhCla55GWXzC4uxBsMohmjYeNZ00Quc3UW+BS8N590Ja,1.1495950000000001,2.295225,1.600155
546900,a7baWF1nwXO0ftP2/U2CPhCla55GWXzC4uxBsMohmjYeNZ00Quc3UW+BS8N590Ja,1.225295,10.782449,2.7899599999999998
547200,a7baWF1nwXO0ftP2/U2CPhCla55GWXzC4uxBsMohmjYeNZ00Quc3UW+BS8N590Ja,0.693287,2.392187,1.434396
547500,a7baWF1nwXO0ftP2/U2CPhCla55GWXzC4uxBsMohmjYeNZ00Quc3UW+BS8N590Ja,1.144414,2.5277369999999997,1.634442
547800,a7baWF1nwXO0ftP2/U2CPhCla55GWXzC4uxBsMohmjYeNZ00Quc3UW+BS8N590Ja,0.7199800000000001,2.123002,1.4242059999999999
548100,a7baWF1nwXO0ftP2/U2CPhCla55GWXzC4uxBsMohmjYeNZ00Quc3UW+BS8N590Ja,1.177777,2.498687,1.5420530000000001
548400,a7baWF1nwXO0ftP2/U2CPhCla55GWXzC4uxBsMohmjYeNZ00Quc3UW+BS8N590Ja,1.174524,3.9167339999999995,1.7677040000000002
548700,a7baWF1nwXO0ftP2/U2CPhCla55GWXzC4uxBsMohmjYeNZ00Quc3UW+BS8N590Ja,1.188871,4.521824,1.964534
549000,a7baWF1nwXO0ftP2/U2CPhCla55GWXzC4uxBsMohmjYeNZ00Quc3UW+BS8N590Ja,1.2039389999999999,2.482457,1.611064
549300,a7baWF1nwXO0ftP2/U2CPhCla55GWXzC4uxBsMohmjYeNZ00Quc3UW+BS8N590Ja,1.204023,19.278978,5.120876
549600,a7baWF1nwXO0ftP2/U2CPhCla55GWXzC4uxBsMohmjYeNZ00Quc3UW+BS8N590Ja,1.210091,2.524741,1.608284
549900,a7baWF1nwXO0ftP2/U2CPhCla55GWXzC4uxBsMohmjYeNZ00Quc3UW+BS8N590Ja,0.789665,2.0725290000000003,1.405634
550200,a7baWF1nwXO0ftP2/U2CPhCla55GWXzC4uxBsMohmjYeNZ00Quc3UW+BS8N590Ja,1.198599,2.3930279999999997,1.6178549999999998
550500,a7baWF1nwXO0ftP2/U2CPhCla55GWXzC4uxBsMohmjYeNZ00Quc3UW+BS8N590Ja,1.2213129999999999,2.161701,1.5958729999999999
550800,a7baWF1nwXO0ftP2/U2CPhCla55GWXzC4uxBsMohmjYeNZ00Quc3UW+BS8N590Ja,1.197084,2.479962,1.5814709999999998
551100,a7baWF1nwXO0ftP2/U2CPhCla55GWXzC4uxBsMohmjYeNZ00Quc3UW+BS8N590Ja,1.209091,2.377823,1.618025
551400,a7baWF1nwXO0ftP2/U2CPhCla55GWXzC4uxBsMohmjYeNZ00Quc3UW+BS8N590Ja,1.187443,2.3605509999999996,1.642973
551700,a7baWF1nwXO0ftP2/U2CPhCla55GWXzC4uxBsMohmjYeNZ00Quc3UW+BS8N590Ja,1.197287,2.282746,1.595366
552000,a7baWF1nwXO0ftP2/U2CPhCla55GWXzC4uxBsMohmjYeNZ00Quc3UW+BS8N590Ja,0.8759809999999999,3.184142,1.580642
552300,a7baWF1nwXO0ftP2/U2CPhCla55GWXzC4uxBsMohmjYeNZ00Quc3UW+BS8N590Ja,1.1994040000000001,2.2866880000000003,1.63709
552600,a7baWF1nwXO0ftP2/U2CPhCla55GWXzC4uxBsMohmjYeNZ00Quc3UW+BS8N590Ja,0.8676780000000001,2.362664,1.5196479999999999
552900,a7baWF1nwXO0ftP2/U2CPhCla55GWXzC4uxBsMohmjYeNZ00Quc3UW+BS8N590Ja,1.203295,34.574276,4.957378
553200,a7baWF1nwXO0ftP2/U2CPhCla55GWXzC4uxBsMohmjYeNZ00Quc3UW+BS8N590Ja,1.207432,2.4399580000000003,1.6470080000000002
553500,a7baWF1nwXO0ftP2/U2CPhCla55GWXzC4uxBsMohmjYeNZ00Quc3UW+BS8N590Ja,1.1882409999999999,2.15882,1.580155
553800,a7baWF1nwXO0ftP2/U2CPhCla55GWXzC4uxBsMohmjYeNZ00Quc3UW+BS8N590Ja,0.678963,2.267272,1.381886
554100,a7baWF1nwXO0ftP2/U2CPhCla55GWXzC4uxBsMohmjYeNZ00Quc3UW+BS8N590Ja,0.872092,3.1512599999999997,1.635307
554400,a7baWF1nwXO0ftP2/U2CPhCla55GWXzC4uxBsMohmjYeNZ00Quc3UW+BS8N590Ja,1.109747,2.4823060000000003,1.608068
554700,a7baWF1nwXO0ftP2/U2CPhCla55GWXzC4uxBsMohmjYeNZ00Quc3UW+BS8N590Ja,0.718287,3.15138,1.493416
555000,a7baWF1nwXO0ftP2/U2CPhCla55GWXzC4uxBsMohmjYeNZ00Quc3UW+BS8N590Ja,1.20648,2.180297,1.600723
555300,a7baWF1nwXO0ftP2/U2CPhCla55GWXzC4uxBsMohmjYeNZ00Quc3UW+BS8N590Ja,0.700954,2.336666,1.5430139999999999
555600,a7baWF1nwXO0ftP2/U2CPhCla55GWXzC4uxBsMohmjYeNZ00Quc3UW+BS8N590Ja,1.195236,3.051397,1.59138
555900,a7baWF1nwXO0ftP2/U2CPhCla55GWXzC4uxBsMohmjYeNZ00Quc3UW+BS8N590Ja,1.177133,2.2571470000000002,1.556851
556200,a7baWF1nwXO0ftP2/U2CPhCla55GWXzC4uxBsMohmjYeNZ00Quc3UW+BS8N590Ja,1.210218,2.365632,1.587882
556500,a7baWF1nwXO0ftP2/U2CPhCla55GWXzC4uxBsMohmjYeNZ00Quc3UW+BS8N590Ja,1.197518,34.106569,4.781299
556800,a7baWF1nwXO0ftP2/U2CPhCla55GWXzC4uxBsMohmjYeNZ00Quc3UW+BS8N590Ja,1.2173370000000001,2.186391,1.563144
557100,a7baWF1nwXO0ftP2/U2CPhCla55GWXzC4uxBsMohmjYeNZ00Quc3UW+BS8N590Ja,1.213055,2.247417,1.590644
557400,a7baWF1nwXO0ftP2/U2CPhCla55GWXzC4uxBsMohmjYeNZ00Quc3UW+BS8N590Ja,0.795167,3.062296,1.46496
557700,a7baWF1nwXO0ftP2/U2CPhCla55GWXzC4uxBsMohmjYeNZ00Quc3UW+BS8N590Ja,1.205557,2.2632849999999998,1.6139
558000,a7baWF1nwXO0ftP2/U2CPhCla55GWXzC4uxBsMohmjYeNZ00Quc3UW+BS8N590Ja,0.8992370000000001,2.066867,1.451786
558300,a7baWF1nwXO0ftP2/U2CPhCla55GWXzC4uxBsMohmjYeNZ00Quc3UW+BS8N590Ja,1.191665,3.109849,1.6031959999999998
558600,a7baWF1nwXO0ftP2/U2CPhCla55GWXzC4uxBsMohmjYeNZ00Quc3UW+BS8N590Ja,1.199677,2.411362,1.536206
558900,a7baWF1nwXO0ftP2/U2CPhCla55GWXzC4uxBsMohmjYeNZ00Quc3UW+BS8N590Ja,1.212115,2.1740009999999996,1.6027
559200,a7baWF1nwXO0ftP2/U2CPhCla55GWXzC4uxBsMohmjYeNZ00Quc3UW+BS8N590Ja,1.205555,2.208717,1.439075
559500,a7baWF1nwXO0ftP2/U2CPhCla55GWXzC4uxBsMohmjYeNZ00Quc3UW+BS8N590Ja,1.201798,2.180951,1.531208
559800,a7baWF1nwXO0ftP2/U2CPhCla55GWXzC4uxBsMohmjYeNZ00Quc3UW+BS8N590Ja,1.197236,2.358542,1.587692
560100,a7baWF1nwXO0ftP2/U2CPhCla55GWXzC4uxBsMohmjYeNZ00Quc3UW+BS8N590Ja,0.8295299999999999,31.990801,4.739719999999999
560400,a7baWF1nwXO0ftP2/U2CPhCla55GWXzC4uxBsMohmjYeNZ00Quc3UW+BS8N590Ja,1.23111,2.1129,1.631881
560700,a7baWF1nwXO0ftP2/U2CPhCla55GWXzC4uxBsMohmjYeNZ00Quc3UW+BS8N590Ja,1.180558,2.04953,1.531081
561000,a7baWF1nwXO0ftP2/U2CPhCla55GWXzC4uxBsMohmjYeNZ00Quc3UW+BS8N590Ja,1.205325,2.981405,1.6691919999999998
561300,a7baWF1nwXO0ftP2/U2CPhCla55GWXzC4uxBsMohmjYeNZ00Quc3UW+BS8N590Ja,1.226259,5.540753,1.977846
561600,a7baWF1nwXO0ftP2/U2CPhCla55GWXzC4uxBsMohmjYeNZ00Quc3UW+BS8N590Ja,1.204059,2.13607,1.5989
561900,a7baWF1nwXO0ftP2/U2CPhCla55GWXzC4uxBsMohmjYeNZ00Quc3UW+BS8N590Ja,1.1868040000000002,4.938269,1.8182189999999998
562200,a7baWF1nwXO0ftP2/U2CPhCla55GWXzC4uxBsMohmjYeNZ00Quc3UW+BS8N590Ja,0.838701,2.091503,1.4752040000000002
562500,a7baWF1nwXO0ftP2/U2CPhCla55GWXzC4uxBsMohmjYeNZ00Quc3UW+BS8N590Ja,1.249265,2.2052549999999997,1.622683
562800,a7baWF1nwXO0ftP2/U2CPhCla55GWXzC4uxBsMohmjYeNZ00Quc3UW+BS8N590Ja,0.8677299999999999,2.735419,1.456675
563100,a7baWF1nwXO0ftP2/U2CPhCla55GWXzC4uxBsMohmjYeNZ00Quc3UW+BS8N590Ja,1.175098,2.0066509999999997,1.524458
563400,a7baWF1nwXO0ftP2/U2CPhCla55GWXzC4uxBsMohmjYeNZ00Quc3UW+BS8N590Ja,1.1726219999999998,2.349462,1.664798
563700,a7baWF1nwXO0ftP2/U2CPhCla55GWXzC4uxBsMohmjYeNZ00Quc3UW+BS8N590Ja,1.169734,34.383821999999995,4.876409
564000,a7baWF1nwXO0ftP2/U2CPhCla55GWXzC4uxBsMohmjYeNZ00Quc3UW+BS8N590Ja,1.1902270000000001,13.793514000000002,2.722075
564300,a7baWF1nwXO0ftP2/U2CPhCla55GWXzC4uxBsMohmjYeNZ00Quc3UW+BS8N590Ja,1.190883,2.272095,1.642693
564600,a7baWF1nwXO0ftP2/U2CPhCla55GWXzC4uxBsMohmjYeNZ00Quc3UW+BS8N590Ja,1.143002,2.95725,1.629321
564900,a7baWF1nwXO0ftP2/U2CPhCla55GWXzC4uxBsMohmjYeNZ00Quc3UW+BS8N590Ja,1.206739,2.869123,1.661934
565200,a7baWF1nwXO0ftP2/U2CPhCla55GWXzC4uxBsMohmjYeNZ00Quc3UW+BS8N590Ja,1.169155,2.347955,1.666351
565500,a7baWF1nwXO0ftP2/U2CPhCla55GWXzC4uxBsMohmjYeNZ00Quc3UW+BS8N590Ja,1.205323,2.694016,1.66662
565800,a7baWF1nwXO0ftP2/U2CPhCla55GWXzC4uxBsMohmjYeNZ00Quc3UW+BS8N590Ja,1.188093,2.737349,1.542909
566100,a7baWF1nwXO0ftP2/U2CPhCla55GWXzC4uxBsMohmjYeNZ00Quc3UW+BS8N590Ja,0.6689609999999999,2.2549919999999997,1.612039
566400,a7baWF1nwXO0ftP2/U2CPhCla55GWXzC4uxBsMohmjYeNZ00Quc3UW+BS8N590Ja,1.1786780000000001,2.9736130000000003,1.669012
566700,a7baWF1nwXO0ftP2/U2CPhCla55GWXzC4uxBsMohmjYeNZ00Quc3UW+BS8N590Ja,1.130355,2.758577,1.523855
567000,a7baWF1nwXO0ftP2/U2CPhCla55GWXzC4uxBsMohmjYeNZ00Quc3UW+BS8N590Ja,1.157093,2.436076,1.737543
567300,a7baWF1nwXO0ftP2/U2CPhCla55GWXzC4uxBsMohmjYeNZ00Quc3UW+BS8N590Ja,0.9414049999999999,43.320822,8.997896
567600,a7baWF1nwXO0ftP2/U2CPhCla55GWXzC4uxBsMohmjYeNZ00Quc3UW+BS8N590Ja,0.886388,39.921424,6.309328
567900,a7baWF1nwXO0ftP2/U2CPhCla55GWXzC4uxBsMohmjYeNZ00Quc3UW+BS8N590Ja,1.169405,2.437109,1.747997
568200,a7baWF1nwXO0ftP2/U2CPhCla55GWXzC4uxBsMohmjYeNZ00Quc3UW+BS8N590Ja,0.8469709999999999,2.671709,1.580415
568500,a7baWF1nwXO0ftP2/U2CPhCla55GWXzC4uxBsMohmjYeNZ00Quc3UW+BS8N590Ja,1.211131,2.716055,1.583866
568800,a7baWF1nwXO0ftP2/U2CPhCla55GWXzC4uxBsMohmjYeNZ00Quc3UW+BS8N590Ja,1.217378,2.211573,1.7421939999999998
569100,a7baWF1nwXO0ftP2/U2CPhCla55GWXzC4uxBsMohmjYeNZ00Quc3UW+BS8N590Ja,1.195275,2.6294880000000003,1.5736729999999999
569400,a7baWF1nwXO0ftP2/U2CPhCla55GWXzC4uxBsMohmjYeNZ00Quc3UW+BS8N590Ja,1.209216,2.676206,1.597548
569700,a7baWF1nwXO0ftP2/U2CPhCla55GWXzC4uxBsMohmjYeNZ00Quc3UW+BS8N590Ja,1.166814,2.238068,1.6467330000000002
570000,a7baWF1nwXO0ftP2/U2CPhCla55GWXzC4uxBsMohmjYeNZ00Quc3UW+BS8N590Ja,1.140599,2.734745,1.52263
570300,a7baWF1nwXO0ftP2/U2CPhCla55GWXzC4uxBsMohmjYeNZ00Quc3UW+BS8N590Ja,1.148316,2.602284,1.498313
570600,a7baWF1nwXO0ftP2/U2CPhCla55GWXzC4uxBsMohmjYeNZ00Quc3UW+BS8N590Ja,1.201219,2.353549,1.7326869999999999
570900,a7baWF1nwXO0ftP2/U2CPhCla55GWXzC4uxBsMohmjYeNZ00Quc3UW+BS8N590Ja,1.058217,34.483173,4.892551
571200,a7baWF1nwXO0ftP2/U2CPhCla55GWXzC4uxBsMohmjYeNZ00Quc3UW+BS8N590Ja,1.182819,2.5797830000000004,1.518165
571500,a7baWF1nwXO0ftP2/U2CPhCla55GWXzC4uxBsMohmjYeNZ00Quc3UW+BS8N590Ja,1.0681459999999998,2.1491700000000002,1.636658
571800,a7baWF1nwXO0ftP2/U2CPhCla55GWXzC4uxBsMohmjYeNZ00Quc3UW+BS8N590Ja,1.1679620000000002,2.5029630000000003,1.60265
572100,a7baWF1nwXO0ftP2/U2CPhCla55GWXzC4uxBsMohmjYeNZ00Quc3UW+BS8N590Ja,0.58714,2.559813,1.444146
572400,a7baWF1nwXO0ftP2/U2CPhCla55GWXzC4uxBsMohmjYeNZ00Quc3UW+BS8N590Ja,1.1640000000000001,2.275473,1.7022509999999997
572700,a7baWF1nwXO0ftP2/U2CPhCla55GWXzC4uxBsMohmjYeNZ00Quc3UW+BS8N590Ja,1.19897,2.590043,1.551086
573000,a7baWF1nwXO0ftP2/U2CPhCla55GWXzC4uxBsMohmjYeNZ00Quc3UW+BS8N590Ja,0.890976,2.673957,1.482604
573300,a7baWF1nwXO0ftP2/U2CPhCla55GWXzC4uxBsMohmjYeNZ00Quc3UW+BS8N590Ja,1.1448450000000001,2.459968,1.7204700000000002
573600,a7baWF1nwXO0ftP2/U2CPhCla55GWXzC4uxBsMohmjYeNZ00Quc3UW+BS8N590Ja,0.6950430000000001,2.446126,1.532103
573900,a7baWF1nwXO0ftP2/U2CPhCla55GWXzC4uxBsMohmjYeNZ00Quc3UW+BS8N590Ja,1.163792,2.445,1.595819
574200,a7baWF1nwXO0ftP2/U2CPhCla55GWXzC4uxBsMohmjYeNZ00Quc3UW+BS8N590Ja,1.232991,2.407454,1.723024
574500,a7baWF1nwXO0ftP2/U2CPhCla55GWXzC4uxBsMohmjYeNZ00Quc3UW+BS8N590Ja,1.238744,34.003238,4.895980000000001
574800,a7baWF1nwXO0ftP2/U2CPhCla55GWXzC4uxBsMohmjYeNZ00Quc3UW+BS8N590Ja,0.812458,2.616683,1.495278
575100,a7baWF1nwXO0ftP2/U2CPhCla55GWXzC4uxBsMohmjYeNZ00Quc3UW+BS8N590Ja,1.203719,2.217636,1.6505900000000002
575400,a7baWF1nwXO0ftP2/U2CPhCla55GWXzC4uxBsMohmjYeNZ00Quc3UW+BS8N590Ja,0.893603,2.229893,1.4984110000000002
575700,a7baWF1nwXO0ftP2/U2CPhCla55GWXzC4uxBsMohmjYeNZ00Quc3UW+BS8N590Ja,0.8530620000000001,2.174097,1.438113
576000,a7baWF1nwXO0ftP2/U2CPhCla55GWXzC4uxBsMohmjYeNZ00Quc3UW+BS8N590Ja,1.1999,3.015493,1.650975
576300,a7baWF1nwXO0ftP2/U2CPhCla55GWXzC4uxBsMohmjYeNZ00Quc3UW+BS8N590Ja,1.199929,2.185675,1.591964
576600,a7baWF1nwXO0ftP2/U2CPhCla55GWXzC4uxBsMohmjYeNZ00Quc3UW+BS8N590Ja,1.209983,2.259892,1.515785
576900,a7baWF1nwXO0ftP2/U2CPhCla55GWXzC4uxBsMohmjYeNZ00Quc3UW+BS8N590Ja,0.8757790000000001,19.938526,3.7142489999999997
577200,a7baWF1nwXO0ftP2/U2CPhCla55GWXzC4uxBsMohmjYeNZ00Quc3UW+BS8N590Ja,1.212647,2.2476529999999997,1.609392
577500,a7baWF1nwXO0ftP2/U2CPhCla55GWXzC4uxBsMohmjYeNZ00Quc3UW+BS8N590Ja,0.829559,2.162884,1.4567290000000002
577800,a7baWF1nwXO0ftP2/U2CPhCla55GWXzC4uxBsMohmjYeNZ00Quc3UW+BS8N590Ja,1.201243,3.4135690000000003,1.7002680000000001
578100,a7baWF1nwXO0ftP2/U2CPhCla55GWXzC4uxBsMohmjYeNZ00Quc3UW+BS8N590Ja,1.192592,29.699077000000003,4.867444
578400,a7baWF1nwXO0ftP2/U2CPhCla55GWXzC4uxBsMohmjYeNZ00Quc3UW+BS8N590Ja,1.1849809999999998,2.2529630000000003,1.511729
578700,a7baWF1nwXO0ftP2/U2CPhCla55GWXzC4uxBsMohmjYeNZ00Quc3UW+BS8N590Ja,1.2126620000000001,3.064233,1.7344419999999998
579000,a7baWF1nwXO0ftP2/U2CPhCla55GWXzC4uxBsMohmjYeNZ00Quc3UW+BS8N590Ja,0.771103,2.207267,1.566798
579300,a7baWF1nwXO0ftP2/U2CPhCla55GWXzC4uxBsMohmjYeNZ00Quc3UW+BS8N590Ja,1.201237,2.2987919999999997,1.548074
579600,a7baWF1nwXO0ftP2/U2CPhCla55GWXzC4uxBsMohmjYeNZ00Quc3UW+BS8N590Ja,1.2139959999999999,3.149379,1.702805
579900,a7baWF1nwXO0ftP2/U2CPhCla55GWXzC4uxBsMohmjYeNZ00Quc3UW+BS8N590Ja,1.1702569999999999,2.284831,1.608163
580200,a7baWF1nwXO0ftP2/U2CPhCla55GWXzC4uxBsMohmjYeNZ00Quc3UW+BS8N590Ja,0.8304950000000001,2.165082,1.475501
580500,a7baWF1nwXO0ftP2/U2CPhCla55GWXzC4uxBsMohmjYeNZ00Quc3UW+BS8N590Ja,1.174762,6.403430999999999,2.14201
580800,a7baWF1nwXO0ftP2/U2CPhCla55GWXzC4uxBsMohmjYeNZ00Quc3UW+BS8N590Ja,1.034454,2.2114439999999997,1.494787
581100,a7baWF1nwXO0ftP2/U2CPhCla55GWXzC4uxBsMohmjYeNZ00Quc3UW+BS8N590Ja,0.743239,2.204025,1.457044
581400,a7baWF1nwXO0ftP2/U2CPhCla55GWXzC4uxBsMohmjYeNZ00Quc3UW+BS8N590Ja,1.1475309999999999,2.956122,1.679064
581700,a7baWF1nwXO0ftP2/U2CPhCla55GWXzC4uxBsMohmjYeNZ00Quc3UW+BS8N590Ja,0.8533709999999999,34.013575,4.839572
582000,a7baWF1nwXO0ftP2/U2CPhCla55GWXzC4uxBsMohmjYeNZ00Quc3UW+BS8N590Ja,1.195949,2.277155,1.557264
582300,a7baWF1nwXO0ftP2/U2CPhCla55GWXzC4uxBsMohmjYeNZ00Quc3UW+BS8N590Ja,0.8351370000000001,2.999577,1.611767
582600,a7baWF1nwXO0ftP2/U2CPhCla55GWXzC4uxBsMohmjYeNZ00Quc3UW+BS8N590Ja,1.171849,2.2267759999999996,1.595831
582900,a7baWF1nwXO0ftP2/U2CPhCla55GWXzC4uxBsMohmjYeNZ00Quc3UW+BS8N590Ja,1.014681,2.190007,1.485495
583200,a7baWF1nwXO0ftP2/U2CPhCla55GWXzC4uxBsMohmjYeNZ00Quc3UW+BS8N590Ja,1.205164,3.137816,1.66494
583500,a7baWF1nwXO0ftP2/U2CPhCla55GWXzC4uxBsMohmjYeNZ00Quc3UW+BS8N590Ja,0.757252,2.074116,1.433469
583800,a7baWF1nwXO0ftP2/U2CPhCla55GWXzC4uxBsMohmjYeNZ00Quc3UW+BS8N590Ja,1.007681,2.214759,1.5052590000000001
584100,a7baWF1nwXO0ftP2/U2CPhCla55GWXzC4uxBsMohmjYeNZ00Quc3UW+BS8N590Ja,1.189784,2.973704,1.6602689999999998
584400,a7baWF1nwXO0ftP2/U2CPhCla55GWXzC4uxBsMohmjYeNZ00Quc3UW+BS8N590Ja,1.1595440000000001,2.139787,1.5590389999999998
584700,a7baWF1nwXO0ftP2/U2CPhCla55GWXzC4uxBsMohmjYeNZ00Quc3UW+BS8N590Ja,1.24758,2.155618,1.5451840000000001
585000,a7baWF1nwXO0ftP2/U2CPhCla55GWXzC4uxBsMohmjYeNZ00Quc3UW+BS8N590Ja,1.158231,2.858077,1.736884
585300,a7baWF1nwXO0ftP2/U2CPhCla55GWXzC4uxBsMohmjYeNZ00Quc3UW+BS8N590Ja,1.2159229999999999,22.010955,4.850675
585600,a7baWF1nwXO0ftP2/U2CPhCla55GWXzC4uxBsMohmjYeNZ00Quc3UW+BS8N590Ja,1.207777,3.124748,1.7394610000000001
585900,a7baWF1nwXO0ftP2/U2CPhCla55GWXzC4uxBsMohmjYeNZ00Quc3UW+BS8N590Ja,1.2318930000000001,2.8714180000000002,1.659568
586200,a7baWF1nwXO0ftP2/U2CPhCla55GWXzC4uxBsMohmjYeNZ00Quc3UW+BS8N590Ja,1.073825,2.03594,1.522364
586500,a7baWF1nwXO0ftP2/U2CPhCla55GWXzC4uxBsMohmjYeNZ00Quc3UW+BS8N590Ja,1.223719,2.1654259999999996,1.628741
586800,a7baWF1nwXO0ftP2/U2CPhCla55GWXzC4uxBsMohmjYeNZ00Quc3UW+BS8N590Ja,1.226024,3.07634,1.74342
587100,a7baWF1nwXO0ftP2/U2CPhCla55GWXzC4uxBsMohmjYeNZ00Quc3UW+BS8N590Ja,1.21602,2.084704,1.6107879999999999
587400,a7baWF1nwXO0ftP2/U2CPhCla55GWXzC4uxBsMohmjYeNZ00Quc3UW+BS8N590Ja,1.192318,2.231733,1.5611329999999999
587700,a7baWF1nwXO0ftP2/U2CPhCla55GWXzC4uxBsMohmjYeNZ00Quc3UW+BS8N590Ja,0.8887290000000001,2.6887779999999997,1.6515229999999999
588000,a7baWF1nwXO0ftP2/U2CPhCla55GWXzC4uxBsMohmjYeNZ00Quc3UW+BS8N590Ja,1.1629180000000001,2.632818,1.491127
588300,a7baWF1nwXO0ftP2/U2CPhCla55GWXzC4uxBsMohmjYeNZ00Quc3UW+BS8N590Ja,0.941735,2.2317549999999997,1.599055
588600,a7baWF1nwXO0ftP2/U2CPhCla55GWXzC4uxBsMohmjYeNZ00Quc3UW+BS8N590Ja,1.226844,2.760096,1.7518060000000002
588900,a7baWF1nwXO0ftP2/U2CPhCla55GWXzC4uxBsMohmjYeNZ00Quc3UW+BS8N590Ja,1.073114,34.282996000000004,4.720753
589200,a7baWF1nwXO0ftP2/U2CPhCla55GWXzC4uxBsMohmjYeNZ00Quc3UW+BS8N590Ja,0.6560739999999999,2.251018,1.553865
589500,a7baWF1nwXO0ftP2/U2CPhCla55GWXzC4uxBsMohmjYeNZ00Quc3UW+BS8N590Ja,1.184817,2.793932,1.650985
589800,a7baWF1nwXO0ftP2/U2CPhCla55GWXzC4uxBsMohmjYeNZ00Quc3UW+BS8N590Ja,1.172182,2.595488,1.547762
590100,a7baWF1nwXO0ftP2/U2CPhCla55GWXzC4uxBsMohmjYeNZ00Quc3UW+BS8N590Ja,1.198798,2.2656,1.61799
590400,a7baWF1nwXO0ftP2/U2CPhCla55GWXzC4uxBsMohmjYeNZ00Quc3UW+BS8N590Ja,1.178728,2.768491,1.714215
590700,a7baWF1nwXO0ftP2/U2CPhCla55GWXzC4uxBsMohmjYeNZ00Quc3UW+BS8N590Ja,1.181102,2.675077,1.5024549999999999
591000,a7baWF1nwXO0ftP2/U2CPhCla55GWXzC4uxBsMohmjYeNZ00Quc3UW+BS8N590Ja,0.67207,2.28305,1.578172
591300,a7baWF1nwXO0ftP2/U2CPhCla55GWXzC4uxBsMohmjYeNZ00Quc3UW+BS8N590Ja,1.21584,2.750111,1.6936189999999998
591600,a7baWF1nwXO0ftP2/U2CPhCla55GWXzC4uxBsMohmjYeNZ00Quc3UW+BS8N590Ja,0.639853,2.5996669999999997,1.365861
591900,a7baWF1nwXO0ftP2/U2CPhCla55GWXzC4uxBsMohmjYeNZ00Quc3UW+BS8N590Ja,0.704778,2.2487,1.564716
592200,a7baWF1nwXO0ftP2/U2CPhCla55GWXzC4uxBsMohmjYeNZ00Quc3UW+BS8N590Ja,1.190248,2.784026,1.696121
592500,a7baWF1nwXO0ftP2/U2CPhCla55GWXzC4uxBsMohmjYeNZ00Quc3UW+BS8N590Ja,0.7135100000000001,2.746517,1.528435
592800,a7baWF1nwXO0ftP2/U2CPhCla55GWXzC4uxBsMohmjYeNZ00Quc3UW+BS8N590Ja,1.170632,2.270517,1.614663
593100,a7baWF1nwXO0ftP2/U2CPhCla55GWXzC4uxBsMohmjYeNZ00Quc3UW+BS8N590Ja,0.963276,2.765258,1.634974
593400,a7baWF1nwXO0ftP2/U2CPhCla55GWXzC4uxBsMohmjYeNZ00Quc3UW+BS8N590Ja,1.142476,2.675226,1.510428
593700,a7baWF1nwXO0ftP2/U2CPhCla55GWXzC4uxBsMohmjYeNZ00Quc3UW+BS8N590Ja,0.676096,2.187754,1.553508
594000,a7baWF1nwXO0ftP2/U2CPhCla55GWXzC4uxBsMohmjYeNZ00Quc3UW+BS8N590Ja,1.181054,2.769066,1.6690040000000002
594300,a7baWF1nwXO0ftP2/U2CPhCla55GWXzC4uxBsMohmjYeNZ00Quc3UW+BS8N590Ja,0.7855840000000001,2.602792,1.397117
594600,a7baWF1nwXO0ftP2/U2CPhCla55GWXzC4uxBsMohmjYeNZ00Quc3UW+BS8N590Ja,1.190762,2.48005,1.690462
594900,a7baWF1nwXO0ftP2/U2CPhCla55GWXzC4uxBsMohmjYeNZ00Quc3UW+BS8N590Ja,1.195092,2.7950009999999996,1.6753349999999998
595200,a7baWF1nwXO0ftP2/U2CPhCla55GWXzC4uxBsMohmjYeNZ00Quc3UW+BS8N590Ja,1.150016,2.616221,1.561835
595500,a7baWF1nwXO0ftP2/U2CPhCla55GWXzC4uxBsMohmjYeNZ00Quc3UW+BS8N590Ja,1.166863,2.400497,1.620009
595800,a7baWF1nwXO0ftP2/U2CPhCla55GWXzC4uxBsMohmjYeNZ00Quc3UW+BS8N590Ja,1.169491,2.723182,1.7376209999999999
596100,a7baWF1nwXO0ftP2/U2CPhCla55GWXzC4uxBsMohmjYeNZ00Quc3UW+BS8N590Ja,1.208816,35.297428000000004,8.843022
596400,a7baWF1nwXO0ftP2/U2CPhCla55GWXzC4uxBsMohmjYeNZ00Quc3UW+BS8N590Ja,0.9673459999999999,47.743903,6.445462
596700,a7baWF1nwXO0ftP2/U2CPhCla55GWXzC4uxBsMohmjYeNZ00Quc3UW+BS8N590Ja,1.2879180000000001,2.836143,1.767941
597000,a7baWF1nwXO0ftP2/U2CPhCla55GWXzC4uxBsMohmjYeNZ00Quc3UW+BS8N590Ja,1.256376,2.743415,1.6551060000000002
597300,a7baWF1nwXO0ftP2/U2CPhCla55GWXzC4uxBsMohmjYeNZ00Quc3UW+BS8N590Ja,0.9381440000000001,6.3490519999999995,2.432486
597600,a7baWF1nwXO0ftP2/U2CPhCla55GWXzC4uxBsMohmjYeNZ00Quc3UW+BS8N590Ja,1.260657,10.463221,2.797091
597900,a7baWF1nwXO0ftP2/U2CPhCla55GWXzC4uxBsMohmjYeNZ00Quc3UW+BS8N590Ja,0.8906370000000001,2.488379,1.5574270000000001
598200,a7baWF1nwXO0ftP2/U2CPhCla55GWXzC4uxBsMohmjYeNZ00Quc3UW+BS8N590Ja,1.252324,2.332148,1.6988849999999998
598500,a7baWF1nwXO0ftP2/U2CPhCla55GWXzC4uxBsMohmjYeNZ00Quc3UW+BS8N590Ja,1.2585030000000001,2.730594,1.8747209999999999
598800,a7baWF1nwXO0ftP2/U2CPhCla55GWXzC4uxBsMohmjYeNZ00Quc3UW+BS8N590Ja,1.237149,2.478957,1.5476299999999998
599100,a7baWF1nwXO0ftP2/U2CPhCla55GWXzC4uxBsMohmjYeNZ00Quc3UW+BS8N590Ja,1.2376790000000002,2.368635,1.639277
599400,a7baWF1nwXO0ftP2/U2CPhCla55GWXzC4uxBsMohmjYeNZ00Quc3UW+BS8N590Ja,1.2310969999999999,2.455861,1.718779
599700,a7baWF1nwXO0ftP2/U2CPhCla55GWXzC4uxBsMohmjYeNZ00Quc3UW+BS8N590Ja,1.248348,34.652245,4.833614
600000,a7baWF1nwXO0ftP2/U2CPhCla55GWXzC4uxBsMohmjYeNZ00Quc3UW+BS8N590Ja,1.2593450000000002,3.0167,1.6910020000000001
600300,a7baWF1nwXO0ftP2/U2CPhCla55GWXzC4uxBsMohmjYeNZ00Quc3UW+BS8N590Ja,1.28997,2.442112,1.727208
600600,a7baWF1nwXO0ftP2/U2CPhCla55GWXzC4uxBsMohmjYeNZ00Quc3UW+BS8N590Ja,0.702925,2.189536,1.548176
600900,a7baWF1nwXO0ftP2/U2CPhCla55GWXzC4uxBsMohmjYeNZ00Quc3UW+BS8N590Ja,1.234866,2.677092,1.641845
601200,a7baWF1nwXO0ftP2/U2CPhCla55GWXzC4uxBsMohmjYeNZ00Quc3UW+BS8N590Ja,0.9306030000000001,2.2494970000000003,1.674986
601500,a7baWF1nwXO0ftP2/U2CPhCla55GWXzC4uxBsMohmjYeNZ00Quc3UW+BS8N590Ja,1.2385899999999999,2.388455,1.552147
601800,a7baWF1nwXO0ftP2/U2CPhCla55GWXzC4uxBsMohmjYeNZ00Quc3UW+BS8N590Ja,1.250119,14.991701,2.9966369999999998
602100,a7baWF1nwXO0ftP2/U2CPhCla55GWXzC4uxBsMohmjYeNZ00Quc3UW+BS8N590Ja,1.239963,2.385709,1.7788389999999998
602400,a7baWF1nwXO0ftP2/U2CPhCla55GWXzC4uxBsMohmjYeNZ00Quc3UW+BS8N590Ja,1.152483,2.209961,1.4949370000000002
602700,a7baWF1nwXO0ftP2/U2CPhCla55GWXzC4uxBsMohmjYeNZ00Quc3UW+BS8N590Ja,0.740862,2.941055,1.665964
603000,a7baWF1nwXO0ftP2/U2CPhCla55GWXzC4uxBsMohmjYeNZ00Quc3UW+BS8N590Ja,1.2788950000000001,2.2607720000000002,1.791752
603300,a7baWF1nwXO0ftP2/U2CPhCla55GWXzC4uxBsMohmjYeNZ00Quc3UW+BS8N590Ja,1.08094,29.160697999999996,5.028991
603600,a7baWF1nwXO0ftP2/U2CPhCla55GWXzC4uxBsMohmjYeNZ00Quc3UW+BS8N590Ja,1.254859,2.860949,1.6736360000000001
603900,a7baWF1nwXO0ftP2/U2CPhCla55GWXzC4uxBsMohmjYeNZ00Quc3UW+BS8N590Ja,1.242856,2.231005,1.746258
604200,a7baWF1nwXO0ftP2/U2CPhCla55GWXzC4uxBsMohmjYeNZ00Quc3UW+BS8N590Ja,1.266958,2.316452,1.582291
604500,a7baWF1nwXO0ftP2/U2CPhCla55GWXzC4uxBsMohmjYeNZ00Quc3UW+BS8N590Ja,1.258514,13.894421,2.860602
604800,a7baWF1nwXO0ftP2/U2CPhCla55GWXzC4uxBsMohmjYeNZ00Quc3UW+BS8N590Ja,1.278384,2.308468,1.7099220000000002
605100,a7baWF1nwXO0ftP2/U2CPhCla55GWXzC4uxBsMohmjYeNZ00Quc3UW+BS8N590Ja,0.9944,2.2099349999999998,1.4846620000000001
605400,a7baWF1nwXO0ftP2/U2CPhCla55GWXzC4uxBsMohmjYeNZ00Quc3UW+BS8N590Ja,0.798416,2.936662,1.632193
605700,a7baWF1nwXO0ftP2/U2CPhCla55GWXzC4uxBsMohmjYeNZ00Quc3UW+BS8N590Ja,1.24102,2.252042,1.694303
606000,a7baWF1nwXO0ftP2/U2CPhCla55GWXzC4uxBsMohmjYeNZ00Quc3UW+BS8N590Ja,1.239873,2.179654,1.5730110000000002
606300,a7baWF1nwXO0ftP2/U2CPhCla55GWXzC4uxBsMohmjYeNZ00Quc3UW+BS8N590Ja,1.266269,2.704296,1.6686009999999998
606600,a7baWF1nwXO0ftP2/U2CPhCla55GWXzC4uxBsMohmjYeNZ00Quc3UW+BS8N590Ja,1.239502,2.215271,1.822697
606900,a7baWF1nwXO0ftP2/U2CPhCla55GWXzC4uxBsMohmjYeNZ00Quc3UW+BS8N590Ja,1.263794,34.520132000000004,4.881765000000001
607200,a7baWF1nwXO0ftP2/U2CPhCla55GWXzC4uxBsMohmjYeNZ00Quc3UW+BS8N590Ja,1.238951,2.782643,1.6394529999999998
607500,a7baWF1nwXO0ftP2/U2CPhCla55GWXzC4uxBsMohmjYeNZ00Quc3UW+BS8N590Ja,1.252729,2.261618,1.7172470000000002
607800,a7baWF1nwXO0ftP2/U2CPhCla55GWXzC4uxBsMohmjYeNZ00Quc3UW+BS8N590Ja,1.24696,2.162426,1.513036
608100,a7baWF1nwXO0ftP2/U2CPhCla55GWXzC4uxBsMohmjYeNZ00Quc3UW+BS8N590Ja,1.243676,2.728917,1.737077
608400,a7baWF1nwXO0ftP2/U2CPhCla55GWXzC4uxBsMohmjYeNZ00Quc3UW+BS8N590Ja,1.263226,2.389275,1.769981
608700,a7baWF1nwXO0ftP2/U2CPhCla55GWXzC4uxBsMohmjYeNZ00Quc3UW+BS8N590Ja,1.033499,2.188548,1.594562
609000,a7baWF1nwXO0ftP2/U2CPhCla55GWXzC4uxBsMohmjYeNZ00Quc3UW+BS8N590Ja,1.222071,2.751289,1.66497
609300,a7baWF1nwXO0ftP2/U2CPhCla55GWXzC4uxBsMohmjYeNZ00Quc3UW+BS8N590Ja,1.230924,2.263032,1.7246119999999998
609600,a7baWF1nwXO0ftP2/U2CPhCla55GWXzC4uxBsMohmjYeNZ00Quc3UW+BS8N590Ja,1.229866,2.1800669999999998,1.558773
609900,a7baWF1nwXO0ftP2/U2CPhCla55GWXzC4uxBsMohmjYeNZ00Quc3UW+BS8N590Ja,1.237522,2.739648,1.632457
610200,a7baWF1nwXO0ftP2/U2CPhCla55GWXzC4uxBsMohmjYeNZ00Quc3UW+BS8N590Ja,1.260908,4.904484,2.034377
610500,a7baWF1nwXO0ftP2/U2CPhCla55GWXzC4uxBsMohmjYeNZ00Quc3UW+BS8N590Ja,1.208928,34.087262,4.800663
610800,a7baWF1nwXO0ftP2/U2CPhCla55GWXzC4uxBsMohmjYeNZ00Quc3UW+BS8N590Ja,1.195462,2.519612,1.63183
611100,a7baWF1nwXO0ftP2/U2CPhCla55GWXzC4uxBsMohmjYeNZ00Quc3UW+BS8N590Ja,1.216913,2.197189,1.665677
611400,a7baWF1nwXO0ftP2/U2CPhCla55GWXzC4uxBsMohmjYeNZ00Quc3UW+BS8N590Ja,1.19295,2.779913,1.7732759999999999
611700,a7baWF1nwXO0ftP2/U2CPhCla55GWXzC4uxBsMohmjYeNZ00Quc3UW+BS8N590Ja,1.2676479999999999,2.553303,1.657939
612000,a7baWF1nwXO0ftP2/U2CPhCla55GWXzC4uxBsMohmjYeNZ00Quc3UW+BS8N590Ja,1.205863,2.621823,1.827161
612300,a7baWF1nwXO0ftP2/U2CPhCla55GWXzC4uxBsMohmjYeNZ00Quc3UW+BS8N590Ja,1.237601,2.095948,1.568611
612600,a7baWF1nwXO0ftP2/U2CPhCla55GWXzC4uxBsMohmjYeNZ00Quc3UW+BS8N590Ja,1.203036,3.312331,1.8603720000000001
612900,a7baWF1nwXO0ftP2/U2CPhCla55GWXzC4uxBsMohmjYeNZ00Quc3UW+BS8N590Ja,1.233795,2.398191,1.61281
613200,a7baWF1nwXO0ftP2/U2CPhCla55GWXzC4uxBsMohmjYeNZ00Quc3UW+BS8N590Ja,1.235768,3.959865,1.888073
613500,a7baWF1nwXO0ftP2/U2CPhCla55GWXzC4uxBsMohmjYeNZ00Quc3UW+BS8N590Ja,1.231319,2.7616009999999998,1.654339
613800,a7baWF1nwXO0ftP2/U2CPhCla55GWXzC4uxBsMohmjYeNZ00Quc3UW+BS8N590Ja,1.228667,4.474034,1.911173
614100,a7baWF1nwXO0ftP2/U2CPhCla55GWXzC4uxBsMohmjYeNZ00Quc3UW+BS8N590Ja,1.220991,15.266983999999999,3.270901
614400,a7baWF1nwXO0ftP2/U2CPhCla55GWXzC4uxBsMohmjYeNZ00Quc3UW+BS8N590Ja,1.254616,21.687642,3.671328
614700,a7baWF1nwXO0ftP2/U2CPhCla55GWXzC4uxBsMohmjYeNZ00Quc3UW+BS8N590Ja,1.125734,4.253674,1.890983
615000,a7baWF1nwXO0ftP2/U2CPhCla55GWXzC4uxBsMohmjYeNZ00Quc3UW+BS8N590Ja,1.211462,2.837473,1.6484240000000001
615300,a7baWF1nwXO0ftP2/U2CPhCla55GWXzC4uxBsMohmjYeNZ00Quc3UW+BS8N590Ja,1.178715,3.6560129999999997,1.870049
615600,a7baWF1nwXO0ftP2/U2CPhCla55GWXzC4uxBsMohmjYeNZ00Quc3UW+BS8N590Ja,1.21504,2.356546,1.631311
615900,a7baWF1nwXO0ftP2/U2CPhCla55GWXzC4uxBsMohmjYeNZ00Quc3UW+BS8N590Ja,1.221852,3.30326,1.789139
616200,a7baWF1nwXO0ftP2/U2CPhCla55GWXzC4uxBsMohmjYeNZ00Quc3UW+BS8N590Ja,1.1796950000000002,2.855995,1.657921
616500,a7baWF1nwXO0ftP2/U2CPhCla55GWXzC4uxBsMohmjYeNZ00Quc3UW+BS8N590Ja,1.230977,2.305908,1.554771
616800,a7baWF1nwXO0ftP2/U2CPhCla55GWXzC4uxBsMohmjYeNZ00Quc3UW+BS8N590Ja,1.175271,2.953489,1.6404560000000001
617100,a7baWF1nwXO0ftP2/U2CPhCla55GWXzC4uxBsMohmjYeNZ00Quc3UW+BS8N590Ja,1.245906,2.728532,1.73
617400,a7baWF1nwXO0ftP2/U2CPhCla55GWXzC4uxBsMohmjYeNZ00Quc3UW+BS8N590Ja,1.354267,2.288609,1.759886
617700,a7baWF1nwXO0ftP2/U2CPhCla55GWXzC4uxBsMohmjYeNZ00Quc3UW+BS8N590Ja,1.216548,2.905883,1.6648349999999998
618000,a7baWF1nwXO0ftP2/U2CPhCla55GWXzC4uxBsMohmjYeNZ00Quc3UW+BS8N590Ja,1.1891690000000001,34.899573,4.945636
618300,a7baWF1nwXO0ftP2/U2CPhCla55GWXzC4uxBsMohmjYeNZ00Quc3UW+BS8N590Ja,1.231691,2.4111380000000002,1.644484
618600,a7baWF1nwXO0ftP2/U2CPhCla55GWXzC4uxBsMohmjYeNZ00Quc3UW+BS8N590Ja,1.043919,2.8869990000000003,1.5666440000000001
618900,a7baWF1nwXO0ftP2/U2CPhCla55GWXzC4uxBsMohmjYeNZ00Quc3UW+BS8N590Ja,1.215852,2.7905,1.659472
619200,a7baWF1nwXO0ftP2/U2CPhCla55GWXzC4uxBsMohmjYeNZ00Quc3UW+BS8N590Ja,1.208539,2.252415,1.556042
619500,a7baWF1nwXO0ftP2/U2CPhCla55GWXzC4uxBsMohmjYeNZ00Quc3UW+BS8N590Ja,1.130334,2.901972,1.706157
619800,a7baWF1nwXO0ftP2/U2CPhCla55GWXzC4uxBsMohmjYeNZ00Quc3UW+BS8N590Ja,1.161529,2.795675,1.6664729999999999
620100,a7baWF1nwXO0ftP2/U2CPhCla55GWXzC4uxBsMohmjYeNZ00Quc3UW+BS8N590Ja,1.092909,21.508469,3.713681
620400,a7baWF1nwXO0ftP2/U2CPhCla55GWXzC4uxBsMohmjYeNZ00Quc3UW+BS8N590Ja,1.19767,2.910967,1.6517060000000001
620700,a7baWF1nwXO0ftP2/U2CPhCla55GWXzC4uxBsMohmjYeNZ00Quc3UW+BS8N590Ja,1.1279489999999999,2.654522,1.6906830000000002
621000,a7baWF1nwXO0ftP2/U2CPhCla55GWXzC4uxBsMohmjYeNZ00Quc3UW+BS8N590Ja,1.203335,2.329812,1.633848
621300,a7baWF1nwXO0ftP2/U2CPhCla55GWXzC4uxBsMohmjYeNZ00Quc3UW+BS8N590Ja,1.188658,2.833878,1.70125
621600,a7baWF1nwXO0ftP2/U2CPhCla55GWXzC4uxBsMohmjYeNZ00Quc3UW+BS8N590Ja,1.1508479999999999,34.591904,4.943297
621900,a7baWF1nwXO0ftP2/U2CPhCla55GWXzC4uxBsMohmjYeNZ00Quc3UW+BS8N590Ja,1.133694,2.300825,1.610506
622200,a7baWF1nwXO0ftP2/U2CPhCla55GWXzC4uxBsMohmjYeNZ00Quc3UW+BS8N590Ja,0.9225459999999999,2.978571,1.6206559999999999
622500,a7baWF1nwXO0ftP2/U2CPhCla55GWXzC4uxBsMohmjYeNZ00Quc3UW+BS8N590Ja,1.140628,2.7020049999999998,1.6579549999999998
622800,a7baWF1nwXO0ftP2/U2CPhCla55GWXzC4uxBsMohmjYeNZ00Quc3UW+BS8N590Ja,1.061877,3.0972880000000003,1.753161
623100,a7baWF1nwXO0ftP2/U2CPhCla55GWXzC4uxBsMohmjYeNZ00Quc3UW+BS8N590Ja,1.147726,2.923147,1.66252
623400,a7baWF1nwXO0ftP2/U2CPhCla55GWXzC4uxBsMohmjYeNZ00Quc3UW+BS8N590Ja,0.8690469999999999,2.64277,1.6138620000000001
623700,a7baWF1nwXO0ftP2/U2CPhCla55GWXzC4uxBsMohmjYeNZ00Quc3UW+BS8N590Ja,1.1266969999999998,2.226038,1.632944
624000,a7baWF1nwXO0ftP2/U2CPhCla55GWXzC4uxBsMohmjYeNZ00Quc3UW+BS8N590Ja,0.6639189999999999,2.8509740000000003,1.537091
624300,a7baWF1nwXO0ftP2/U2CPhCla55GWXzC4uxBsMohmjYeNZ00Quc3UW+BS8N590Ja,1.163087,2.544603,1.64855
624600,a7baWF1nwXO0ftP2/U2CPhCla55GWXzC4uxBsMohmjYeNZ00Quc3UW+BS8N590Ja,1.186101,2.408786,1.613199
624900,a7baWF1nwXO0ftP2/U2CPhCla55GWXzC4uxBsMohmjYeNZ00Quc3UW+BS8N590Ja,1.098935,51.747684,8.125207000000001
625200,a7baWF1nwXO0ftP2/U2CPhCla55GWXzC4uxBsMohmjYeNZ00Quc3UW+BS8N590Ja,1.203864,49.177748,9.821226
625500,a7baWF1nwXO0ftP2/U2CPhCla55GWXzC4uxBsMohmjYeNZ00Quc3UW+BS8N590Ja,1.188029,2.374115,1.683007
625800,a7baWF1nwXO0ftP2/U2CPhCla55GWXzC4uxBsMohmjYeNZ00Quc3UW+BS8N590Ja,1.137693,2.3586169999999997,1.7211459999999998
626100,a7baWF1nwXO0ftP2/U2CPhCla55GWXzC4uxBsMohmjYeNZ00Quc3UW+BS8N590Ja,0.70349,2.538481,1.620696
626400,a7baWF1nwXO0ftP2/U2CPhCla55GWXzC4uxBsMohmjYeNZ00Quc3UW+BS8N590Ja,1.138403,2.184457,1.6360350000000001
626700,a7baWF1nwXO0ftP2/U2CPhCla55GWXzC4uxBsMohmjYeNZ00Quc3UW+BS8N590Ja,1.141385,2.310628,1.5836059999999998
627000,a7baWF1nwXO0ftP2/U2CPhCla55GWXzC4uxBsMohmjYeNZ00Quc3UW+BS8N590Ja,1.151414,2.590693,1.6498279999999999
627300,a7baWF1nwXO0ftP2/U2CPhCla55GWXzC4uxBsMohmjYeNZ00Quc3UW+BS8N590Ja,1.1262290000000001,2.129807,1.531879
627600,a7baWF1nwXO0ftP2/U2CPhCla55GWXzC4uxBsMohmjYeNZ00Quc3UW+BS8N590Ja,0.889776,2.391572,1.580177
627900,a7baWF1nwXO0ftP2/U2CPhCla55GWXzC4uxBsMohmjYeNZ00Quc3UW+BS8N590Ja,1.1274879999999998,2.542355,1.637422
628200,a7baWF1nwXO0ftP2/U2CPhCla55GWXzC4uxBsMohmjYeNZ00Quc3UW+BS8N590Ja,1.189266,2.2979060000000002,1.630738
628500,a7baWF1nwXO0ftP2/U2CPhCla55GWXzC4uxBsMohmjYeNZ00Quc3UW+BS8N590Ja,1.12295,2.33485,1.625956
628800,a7baWF1nwXO0ftP2/U2CPhCla55GWXzC4uxBsMohmjYeNZ00Quc3UW+BS8N590Ja,0.531704,34.294832,4.851946
629100,a7baWF1nwXO0ftP2/U2CPhCla55GWXzC4uxBsMohmjYeNZ00Quc3UW+BS8N590Ja,1.13494,2.166618,1.614079
629400,a7baWF1nwXO0ftP2/U2CPhCla55GWXzC4uxBsMohmjYeNZ00Quc3UW+BS8N590Ja,1.1271950000000002,2.306423,1.650737
629700,a7baWF1nwXO0ftP2/U2CPhCla55GWXzC4uxBsMohmjYeNZ00Quc3UW+BS8N590Ja,1.097223,2.596162,1.569048
630000,a7baWF1nwXO0ftP2/U2CPhCla55GWXzC4uxBsMohmjYeNZ00Quc3UW+BS8N590Ja,0.925933,2.141625,1.621802
630300,a7baWF1nwXO0ftP2/U2CPhCla55GWXzC4uxBsMohmjYeNZ00Quc3UW+BS8N590Ja,1.1331639999999998,2.4105,1.658434
630600,a7baWF1nwXO0ftP2/U2CPhCla55GWXzC4uxBsMohmjYeNZ00Quc3UW+BS8N590Ja,1.187759,2.6812810000000002,1.58738
630900,a7baWF1nwXO0ftP2/U2CPhCla55GWXzC4uxBsMohmjYeNZ00Quc3UW+BS8N590Ja,0.695228,2.291254,1.691398
631200,a7baWF1nwXO0ftP2/U2CPhCla55GWXzC4uxBsMohmjYeNZ00Quc3UW+BS8N590Ja,1.147785,2.663591,1.625665
631500,a7baWF1nwXO0ftP2/U2CPhCla55GWXzC4uxBsMohmjYeNZ00Quc3UW+BS8N590Ja,0.9121319999999999,2.498527,1.48238
631800,a7baWF1nwXO0ftP2/U2CPhCla55GWXzC4uxBsMohmjYeNZ00Quc3UW+BS8N590Ja,1.1503709999999998,2.292687,1.712218
632100,a7baWF1nwXO0ftP2/U2CPhCla55GWXzC4uxBsMohmjYeNZ00Quc3UW+BS8N590Ja,0.6864319999999999,2.68218,1.546957
632400,a7baWF1nwXO0ftP2/U2CPhCla55GWXzC4uxBsMohmjYeNZ00Quc3UW+BS8N590Ja,1.120624,20.235448,5.057592
632700,a7baWF1nwXO0ftP2/U2CPhCla55GWXzC4uxBsMohmjYeNZ00Quc3UW+BS8N590Ja,1.109429,2.090851,1.6715209999999998
633000,a7baWF1nwXO0ftP2/U2CPhCla55GWXzC4uxBsMohmjYeNZ00Quc3UW+BS8N590Ja,0.894544,2.670909,1.5608959999999998
633300,a7baWF1nwXO0ftP2/U2CPhCla55GWXzC4uxBsMohmjYeNZ00Quc3UW+BS8N590Ja,1.1418270000000001,2.5980779999999997,1.6010879999999998
633600,a7baWF1nwXO0ftP2/U2CPhCla55GWXzC4uxBsMohmjYeNZ00Quc3UW+BS8N590Ja,1.1320430000000001,2.178398,1.683042
633900,a7baWF1nwXO0ftP2/U2CPhCla55GWXzC4uxBsMohmjYeNZ00Quc3UW+BS8N590Ja,1.1395549999999999,2.629787,1.672923
634200,a7baWF1nwXO0ftP2/U2CPhCla55GWXzC4uxBsMohmjYeNZ00Quc3UW+BS8N590Ja,0.612719,2.515942,1.450602
634500,a7baWF1nwXO0ftP2/U2CPhCla55GWXzC4uxBsMohmjYeNZ00Quc3UW+BS8N590Ja,1.19412,2.130959,1.6913779999999998
634800,a7baWF1nwXO0ftP2/U2CPhCla55GWXzC4uxBsMohmjYeNZ00Quc3UW+BS8N590Ja,1.05718,2.6945810000000003,1.575978
635100,a7baWF1nwXO0ftP2/U2CPhCla55GWXzC4uxBsMohmjYeNZ00Quc3UW+BS8N590Ja,1.118908,2.5163990000000003,1.53522
635400,a7baWF1nwXO0ftP2/U2CPhCla55GWXzC4uxBsMohmjYeNZ00Quc3UW+BS8N590Ja,1.146688,2.0529490000000004,1.62711
635700,a7baWF1nwXO0ftP2/U2CPhCla55GWXzC4uxBsMohmjYeNZ00Quc3UW+BS8N590Ja,0.579295,2.606144,1.569067
636000,a7baWF1nwXO0ftP2/U2CPhCla55GWXzC4uxBsMohmjYeNZ00Quc3UW+BS8N590Ja,1.113055,34.492728,4.877503
636300,a7baWF1nwXO0ftP2/U2CPhCla55GWXzC4uxBsMohmjYeNZ00Quc3UW+BS8N590Ja,0.758984,2.082535,1.628687
636600,a7baWF1nwXO0ftP2/U2CPhCla55GWXzC4uxBsMohmjYeNZ00Quc3UW+BS8N590Ja,1.163801,2.670067,1.665273
636900,a7baWF1nwXO0ftP2/U2CPhCla55GWXzC4uxBsMohmjYeNZ00Quc3UW+BS8N590Ja,0.8385809999999999,2.385853,1.5044629999999999
637200,a7baWF1nwXO0ftP2/U2CPhCla55GWXzC4uxBsMohmjYeNZ00Quc3UW+BS8N590Ja,1.125941,2.198527,1.720866
637500,a7baWF1nwXO0ftP2/U2CPhCla55GWXzC4uxBsMohmjYeNZ00Quc3UW+BS8N590Ja,1.088344,2.514841,1.6332950000000002
637800,a7baWF1nwXO0ftP2/U2CPhCla55GWXzC4uxBsMohmjYeNZ00Quc3UW+BS8N590Ja,1.1425040000000002,2.691995,1.652179
638100,a7baWF1nwXO0ftP2/U2CPhCla55GWXzC4uxBsMohmjYeNZ00Quc3UW+BS8N590Ja,1.110306,2.327281,1.563109
638400,a7baWF1nwXO0ftP2/U2CPhCla55GWXzC4uxBsMohmjYeNZ00Quc3UW+BS8N590Ja,0.787096,2.5810720000000003,1.507471
638700,a7baWF1nwXO0ftP2/U2CPhCla55GWXzC4uxBsMohmjYeNZ00Quc3UW+BS8N590Ja,1.154541,2.321116,1.5607540000000002
639000,a7baWF1nwXO0ftP2/U2CPhCla55GWXzC4uxBsMohmjYeNZ00Quc3UW+BS8N590Ja,0.975722,3.4101169999999996,1.6352959999999999
639300,a7baWF1nwXO0ftP2/U2CPhCla55GWXzC4uxBsMohmjYeNZ00Quc3UW+BS8N590Ja,1.141297,2.455489,1.7059220000000002
639600,a7baWF1nwXO0ftP2/U2CPhCla55GWXzC4uxBsMohmjYeNZ00Quc3UW+BS8N590Ja,1.000034,31.764803999999998,4.7040370000000005
639900,a7baWF1nwXO0ftP2/U2CPhCla55GWXzC4uxBsMohmjYeNZ00Quc3UW+BS8N590Ja,1.112792,3.003378,1.6910669999999999
640200,a7baWF1nwXO0ftP2/U2CPhCla55GWXzC4uxBsMohmjYeNZ00Quc3UW+BS8N590Ja,0.9952059999999999,2.413211,1.525376
640500,a7baWF1nwXO0ftP2/U2CPhCla55GWXzC4uxBsMohmjYeNZ00Quc3UW+BS8N590Ja,1.136674,3.096294,1.6833900000000002
640800,a7baWF1nwXO0ftP2/U2CPhCla55GWXzC4uxBsMohmjYeNZ00Quc3UW+BS8N590Ja,1.034348,2.2616490000000002,1.504375
641100,a7baWF1nwXO0ftP2/U2CPhCla55GWXzC4uxBsMohmjYeNZ00Quc3UW+BS8N590Ja,0.746366,2.426166,1.513801
641400,a7baWF1nwXO0ftP2/U2CPhCla55GWXzC4uxBsMohmjYeNZ00Quc3UW+BS8N590Ja,1.162949,2.346032,1.5523559999999998
641700,a7baWF1nwXO0ftP2/U2CPhCla55GWXzC4uxBsMohmjYeNZ00Quc3UW+BS8N590Ja,0.9098629999999999,3.030386,1.5949229999999999
642000,a7baWF1nwXO0ftP2/U2CPhCla55GWXzC4uxBsMohmjYeNZ00Quc3UW+BS8N590Ja,1.119465,2.4097299999999997,1.642341
642300,a7baWF1nwXO0ftP2/U2CPhCla55GWXzC4uxBsMohmjYeNZ00Quc3UW+BS8N590Ja,0.69058,1.9983369999999998,1.365736
642600,a7baWF1nwXO0ftP2/U2CPhCla55GWXzC4uxBsMohmjYeNZ00Quc3UW+BS8N590Ja,1.104694,3.303528,1.7160990000000003
642900,a7baWF1nwXO0ftP2/U2CPhCla55GWXzC4uxBsMohmjYeNZ00Quc3UW+BS8N590Ja,0.702646,2.290396,1.453003
643200,a7baWF1nwXO0ftP2/U2CPhCla55GWXzC4uxBsMohmjYeNZ00Quc3UW+BS8N590Ja,1.143484,34.76352,4.87305
643500,a7baWF1nwXO0ftP2/U2CPhCla55GWXzC4uxBsMohmjYeNZ00Quc3UW+BS8N590Ja,0.66199,2.306588,1.455262
643800,a7baWF1nwXO0ftP2/U2CPhCla55GWXzC4uxBsMohmjYeNZ00Quc3UW+BS8N590Ja,0.9068700000000001,2.409484,1.515624
644100,a7baWF1nwXO0ftP2/U2CPhCla55GWXzC4uxBsMohmjYeNZ00Quc3UW+BS8N590Ja,1.162626,2.320097,1.551498
644400,a7baWF1nwXO0ftP2/U2CPhCla55GWXzC4uxBsMohmjYeNZ00Quc3UW+BS8N590Ja,1.148279,3.0746279999999997,1.596007
644700,a7baWF1nwXO0ftP2/U2CPhCla55GWXzC4uxBsMohmjYeNZ00Quc3UW+BS8N590Ja,1.131466,2.378275,1.633118
645000,a7baWF1nwXO0ftP2/U2CPhCla55GWXzC4uxBsMohmjYeNZ00Quc3UW+BS8N590Ja,1.100481,2.030406,1.447167
645300,a7baWF1nwXO0ftP2/U2CPhCla55GWXzC4uxBsMohmjYeNZ00Quc3UW+BS8N590Ja,1.124002,3.3287809999999998,1.727165
645600,a7baWF1nwXO0ftP2/U2CPhCla55GWXzC4uxBsMohmjYeNZ00Quc3UW+BS8N590Ja,1.108384,2.312369,1.524752
645900,a7baWF1nwXO0ftP2/U2CPhCla55GWXzC4uxBsMohmjYeNZ00Quc3UW+BS8N590Ja,1.1392639999999998,2.4032560000000003,1.558209
646200,a7baWF1nwXO0ftP2/U2CPhCla55GWXzC4uxBsMohmjYeNZ00Quc3UW+BS8N590Ja,1.121086,6.194038,1.9936580000000002
646500,a7baWF1nwXO0ftP2/U2CPhCla55GWXzC4uxBsMohmjYeNZ00Quc3UW+BS8N590Ja,1.086808,2.3636630000000003,1.498766
646800,a7baWF1nwXO0ftP2/U2CPhCla55GWXzC4uxBsMohmjYeNZ00Quc3UW+BS8N590Ja,1.1126129999999999,34.532621999999996,4.842243
647100,a7baWF1nwXO0ftP2/U2CPhCla55GWXzC4uxBsMohmjYeNZ00Quc3UW+BS8N590Ja,1.1265319999999999,3.137829,1.7919580000000002
647400,a7baWF1nwXO0ftP2/U2CPhCla55GWXzC4uxBsMohmjYeNZ00Quc3UW+BS8N590Ja,1.104725,2.275131,1.614695
647700,a7baWF1nwXO0ftP2/U2CPhCla55GWXzC4uxBsMohmjYeNZ00Quc3UW+BS8N590Ja,1.111718,3.016627,1.6165399999999999
648000,a7baWF1nwXO0ftP2/U2CPhCla55GWXzC4uxBsMohmjYeNZ00Quc3UW+BS8N590Ja,1.135114,2.968969,1.761337
648300,a7baWF1nwXO0ftP2/U2CPhCla55GWXzC4uxBsMohmjYeNZ00Quc3UW+BS8N590Ja,1.050767,2.315505,1.5010350000000001
648600,a7baWF1nwXO0ftP2/U2CPhCla55GWXzC4uxBsMohmjYeNZ00Quc3UW+BS8N590Ja,1.2022190000000001,2.270407,1.573697
648900,a7baWF1nwXO0ftP2/U2CPhCla55GWXzC4uxBsMohmjYeNZ00Quc3UW+BS8N590Ja,1.1319780000000002,5.636323,1.940863
649200,a7baWF1nwXO0ftP2/U2CPhCla55GWXzC4uxBsMohmjYeNZ00Quc3UW+BS8N590Ja,0.9474809999999999,2.3244759999999998,1.496837
649500,a7baWF1nwXO0ftP2/U2CPhCla55GWXzC4uxBsMohmjYeNZ00Quc3UW+BS8N590Ja,1.1894870000000002,2.268432,1.540884
649800,a7baWF1nwXO0ftP2/U2CPhCla55GWXzC4uxBsMohmjYeNZ00Quc3UW+BS8N590Ja,1.152213,3.2904199999999997,1.68897
650100,a7baWF1nwXO0ftP2/U2CPhCla55GWXzC4uxBsMohmjYeNZ00Quc3UW+BS8N590Ja,1.141858,2.14715,1.526838
650400,a7baWF1nwXO0ftP2/U2CPhCla55GWXzC4uxBsMohmjYeNZ00Quc3UW+BS8N590Ja,1.173729,14.633701,4.003644
650700,a7baWF1nwXO0ftP2/U2CPhCla55GWXzC4uxBsMohmjYeNZ00Quc3UW+BS8N590Ja,1.2048860000000001,2.886648,1.7141540000000002
651000,a7baWF1nwXO0ftP2/U2CPhCla55GWXzC4uxBsMohmjYeNZ00Quc3UW+BS8N590Ja,1.1431149999999999,2.685608,1.5893190000000001
651300,a7baWF1nwXO0ftP2/U2CPhCla55GWXzC4uxBsMohmjYeNZ00Quc3UW+BS8N590Ja,1.198923,2.186851,1.6467939999999999
651600,a7baWF1nwXO0ftP2/U2CPhCla55GWXzC4uxBsMohmjYeNZ00Quc3UW+BS8N590Ja,0.872129,2.749525,1.597616
651900,a7baWF1nwXO0ftP2/U2CPhCla55GWXzC4uxBsMohmjYeNZ00Quc3UW+BS8N590Ja,1.124961,2.6630580000000004,1.548454
652200,a7baWF1nwXO0ftP2/U2CPhCla55GWXzC4uxBsMohmjYeNZ00Quc3UW+BS8N590Ja,1.1907159999999999,2.292024,1.7653009999999998
652500,a7baWF1nwXO0ftP2/U2CPhCla55GWXzC4uxBsMohmjYeNZ00Quc3UW+BS8N590Ja,0.907674,2.9447349999999997,1.739038
652800,a7baWF1nwXO0ftP2/U2CPhCla55GWXzC4uxBsMohmjYeNZ00Quc3UW+BS8N590Ja,1.1358,2.536124,1.535081
653100,a7baWF1nwXO0ftP2/U2CPhCla55GWXzC4uxBsMohmjYeNZ00Quc3UW+BS8N590Ja,1.194148,2.21259,1.702032
653400,a7baWF1nwXO0ftP2/U2CPhCla55GWXzC4uxBsMohmjYeNZ00Quc3UW+BS8N590Ja,1.227075,3.009825,1.806707
653700,a7baWF1nwXO0ftP2/U2CPhCla55GWXzC4uxBsMohmjYeNZ00Quc3UW+BS8N590Ja,1.174534,30.913012,4.517976
654000,a7baWF1nwXO0ftP2/U2CPhCla55GWXzC4uxBsMohmjYeNZ00Quc3UW+BS8N590Ja,1.2117870000000002,39.421195000000004,11.124203999999999
654300,a7baWF1nwXO0ftP2/U2CPhCla55GWXzC4uxBsMohmjYeNZ00Quc3UW+BS8N590Ja,0.8658950000000001,2.8308299999999997,1.6490799999999999
654600,a7baWF1nwXO0ftP2/U2CPhCla55GWXzC4uxBsMohmjYeNZ00Quc3UW+BS8N590Ja,0.824412,2.854132,1.542927
654900,a7baWF1nwXO0ftP2/U2CPhCla55GWXzC4uxBsMohmjYeNZ00Quc3UW+BS8N590Ja,1.177609,2.221054,1.718818
655200,a7baWF1nwXO0ftP2/U2CPhCla55GWXzC4uxBsMohmjYeNZ00Quc3UW+BS8N590Ja,0.979543,2.7128240000000003,1.6702290000000002
655500,a7baWF1nwXO0ftP2/U2CPhCla55GWXzC4uxBsMohmjYeNZ00Quc3UW+BS8N590Ja,1.185175,2.511314,1.565403
655800,a7baWF1nwXO0ftP2/U2CPhCla55GWXzC4uxBsMohmjYeNZ00Quc3UW+BS8N590Ja,1.1572280000000001,2.2724990000000003,1.6586330000000002
656100,a7baWF1nwXO0ftP2/U2CPhCla55GWXzC4uxBsMohmjYeNZ00Quc3UW+BS8N590Ja,1.204954,2.587573,1.698331
656400,a7baWF1nwXO0ftP2/U2CPhCla55GWXzC4uxBsMohmjYeNZ00Quc3UW+BS8N590Ja,0.654085,2.695368,1.473284
656700,a7baWF1nwXO0ftP2/U2CPhCla55GWXzC4uxBsMohmjYeNZ00Quc3UW+BS8N590Ja,1.171035,2.155579,1.625837
657000,a7baWF1nwXO0ftP2/U2CPhCla55GWXzC4uxBsMohmjYeNZ00Quc3UW+BS8N590Ja,1.209731,2.7536959999999997,1.628578
657300,a7baWF1nwXO0ftP2/U2CPhCla55GWXzC4uxBsMohmjYeNZ00Quc3UW+BS8N590Ja,1.023307,3.029016,1.613974
657600,a7baWF1nwXO0ftP2/U2CPhCla55GWXzC4uxBsMohmjYeNZ00Quc3UW+BS8N590Ja,1.1838959999999998,34.193937,4.939133999999999
657900,a7baWF1nwXO0ftP2/U2CPhCla55GWXzC4uxBsMohmjYeNZ00Quc3UW+BS8N590Ja,1.218292,2.67912,1.785216
658200,a7baWF1nwXO0ftP2/U2CPhCla55GWXzC4uxBsMohmjYeNZ00Quc3UW+BS8N590Ja,1.1376879999999998,2.553541,1.5282149999999999
658500,a7baWF1nwXO0ftP2/U2CPhCla55GWXzC4uxBsMohmjYeNZ00Quc3UW+BS8N590Ja,0.56995,2.209439,1.576237
658800,a7baWF1nwXO0ftP2/U2CPhCla55GWXzC4uxBsMohmjYeNZ00Quc3UW+BS8N590Ja,1.168868,2.597116,1.704923
659100,a7baWF1nwXO0ftP2/U2CPhCla55GWXzC4uxBsMohmjYeNZ00Quc3UW+BS8N590Ja,0.581288,2.806351,1.491643
659400,a7baWF1nwXO0ftP2/U2CPhCla55GWXzC4uxBsMohmjYeNZ00Quc3UW+BS8N590Ja,1.175682,2.1684229999999998,1.6759709999999999
659700,a7baWF1nwXO0ftP2/U2CPhCla55GWXzC4uxBsMohmjYeNZ00Quc3UW+BS8N590Ja,1.023405,2.657123,1.627238
660000,a7baWF1nwXO0ftP2/U2CPhCla55GWXzC4uxBsMohmjYeNZ00Quc3UW+BS8N590Ja,1.1601569999999999,2.555758,1.562484
660300,a7baWF1nwXO0ftP2/U2CPhCla55GWXzC4uxBsMohmjYeNZ00Quc3UW+BS8N590Ja,1.2171370000000001,3.1861650000000004,1.7669759999999999
660600,a7baWF1nwXO0ftP2/U2CPhCla55GWXzC4uxBsMohmjYeNZ00Quc3UW+BS8N590Ja,1.024318,2.655157,1.7387560000000002
660900,a7baWF1nwXO0ftP2/U2CPhCla55GWXzC4uxBsMohmjYeNZ00Quc3UW+BS8N590Ja,1.17077,2.3895009999999997,1.612829
661200,a7baWF1nwXO0ftP2/U2CPhCla55GWXzC4uxBsMohmjYeNZ00Quc3UW+BS8N590Ja,1.16596,97.03083199999999,13.992613
661500,a7baWF1nwXO0ftP2/U2CPhCla55GWXzC4uxBsMohmjYeNZ00Quc3UW+BS8N590Ja,1.227859,2.578187,1.704566
661800,a7baWF1nwXO0ftP2/U2CPhCla55GWXzC4uxBsMohmjYeNZ00Quc3UW+BS8N590Ja,1.206507,2.214994,1.5654190000000001
662100,a7baWF1nwXO0ftP2/U2CPhCla55GWXzC4uxBsMohmjYeNZ00Quc3UW+BS8N590Ja,1.2229299999999999,3.025706,1.6509189999999998
662400,a7baWF1nwXO0ftP2/U2CPhCla55GWXzC4uxBsMohmjYeNZ00Quc3UW+BS8N590Ja,0.934371,2.739247,1.575132
662700,a7baWF1nwXO0ftP2/U2CPhCla55GWXzC4uxBsMohmjYeNZ00Quc3UW+BS8N590Ja,1.2129860000000001,2.274832,1.53877
663000,a7baWF1nwXO0ftP2/U2CPhCla55GWXzC4uxBsMohmjYeNZ00Quc3UW+BS8N590Ja,1.224326,2.967665,1.630131
663300,a7baWF1nwXO0ftP2/U2CPhCla55GWXzC4uxBsMohmjYeNZ00Quc3UW+BS8N590Ja,1.252176,21.278594000000002,3.824435
663600,a7baWF1nwXO0ftP2/U2CPhCla55GWXzC4uxBsMohmjYeNZ00Quc3UW+BS8N590Ja,1.221729,2.210785,1.562173
663900,a7baWF1nwXO0ftP2/U2CPhCla55GWXzC4uxBsMohmjYeNZ00Quc3UW+BS8N590Ja,1.2059799999999998,3.011773,1.6600700000000002
664200,a7baWF1nwXO0ftP2/U2CPhCla55GWXzC4uxBsMohmjYeNZ00Quc3UW+BS8N590Ja,1.2005370000000002,2.828198,1.7476639999999999
664500,a7baWF1nwXO0ftP2/U2CPhCla55GWXzC4uxBsMohmjYeNZ00Quc3UW+BS8N590Ja,0.810934,2.215713,1.524975
664800,a7baWF1nwXO0ftP2/U2CPhCla55GWXzC4uxBsMohmjYeNZ00Quc3UW+BS8N590Ja,1.227955,34.512775,4.976228
665100,a7baWF1nwXO0ftP2/U2CPhCla55GWXzC4uxBsMohmjYeNZ00Quc3UW+BS8N590Ja,0.798331,2.783368,1.563707
665400,a7baWF1nwXO0ftP2/U2CPhCla55GWXzC4uxBsMohmjYeNZ00Quc3UW+BS8N590Ja,1.0364520000000002,2.295976,1.510105
665700,a7baWF1nwXO0ftP2/U2CPhCla55GWXzC4uxBsMohmjYeNZ00Quc3UW+BS8N590Ja,1.204917,3.099271,1.6948849999999998
666000,a7baWF1nwXO0ftP2/U2CPhCla55GWXzC4uxBsMohmjYeNZ00Quc3UW+BS8N590Ja,1.167469,2.714102,1.696175
666300,a7baWF1nwXO0ftP2/U2CPhCla55GWXzC4uxBsMohmjYeNZ00Quc3UW+BS8N590Ja,1.180288,2.183539,1.532952
666600,a7baWF1nwXO0ftP2/U2CPhCla55GWXzC4uxBsMohmjYeNZ00Quc3UW+BS8N590Ja,0.646875,3.202512,1.6312959999999999
666900,a7baWF1nwXO0ftP2/U2CPhCla55GWXzC4uxBsMohmjYeNZ00Quc3UW+BS8N590Ja,1.2127780000000001,2.809388,1.6794930000000001
667200,a7baWF1nwXO0ftP2/U2CPhCla55GWXzC4uxBsMohmjYeNZ00Quc3UW+BS8N590Ja,1.216404,2.166801,1.549091
667500,a7baWF1nwXO0ftP2/U2CPhCla55GWXzC4uxBsMohmjYeNZ00Quc3UW+BS8N590Ja,1.22343,2.919182,1.6194899999999999
667800,a7baWF1nwXO0ftP2/U2CPhCla55GWXzC4uxBsMohmjYeNZ00Quc3UW+BS8N590Ja,1.216037,2.744832,1.629745
668100,a7baWF1nwXO0ftP2/U2CPhCla55GWXzC4uxBsMohmjYeNZ00Quc3UW+BS8N590Ja,0.947358,2.398319,1.507862
668400,a7baWF1nwXO0ftP2/U2CPhCla55GWXzC4uxBsMohmjYeNZ00Quc3UW+BS8N590Ja,1.241285,20.380747,4.928927
668700,a7baWF1nwXO0ftP2/U2CPhCla55GWXzC4uxBsMohmjYeNZ00Quc3UW+BS8N590Ja,0.705855,2.744915,1.699801
669000,a7baWF1nwXO0ftP2/U2CPhCla55GWXzC4uxBsMohmjYeNZ00Quc3UW+BS8N590Ja,1.220858,2.236628,1.559834
669300,a7baWF1nwXO0ftP2/U2CPhCla55GWXzC4uxBsMohmjYeNZ00Quc3UW+BS8N590Ja,0.654511,3.047287,1.606873
669600,a7baWF1nwXO0ftP2/U2CPhCla55GWXzC4uxBsMohmjYeNZ00Quc3UW+BS8N590Ja,1.21516,2.788944,1.6705919999999999
669900,a7baWF1nwXO0ftP2/U2CPhCla55GWXzC4uxBsMohmjYeNZ00Quc3UW+BS8N590Ja,0.8460209999999999,2.207765,1.5006760000000001
670200,a7baWF1nwXO0ftP2/U2CPhCla55GWXzC4uxBsMohmjYeNZ00Quc3UW+BS8N590Ja,1.213239,2.959553,1.633132
670500,a7baWF1nwXO0ftP2/U2CPhCla55GWXzC4uxBsMohmjYeNZ00Quc3UW+BS8N590Ja,1.012717,2.723168,1.594334
670800,a7baWF1nwXO0ftP2/U2CPhCla55GWXzC4uxBsMohmjYeNZ00Quc3UW+BS8N590Ja,0.8922770000000001,2.2034860000000003,1.498109
671100,a7baWF1nwXO0ftP2/U2CPhCla55GWXzC4uxBsMohmjYeNZ00Quc3UW+BS8N590Ja,1.2381440000000001,3.008823,1.628539
671400,a7baWF1nwXO0ftP2/U2CPhCla55GWXzC4uxBsMohmjYeNZ00Quc3UW+BS8N590Ja,1.056683,2.7172709999999998,1.689456
671700,a7baWF1nwXO0ftP2/U2CPhCla55GWXzC4uxBsMohmjYeNZ00Quc3UW+BS8N590Ja,1.2062979999999999,33.322019,4.751479
672000,a7baWF1nwXO0ftP2/U2CPhCla55GWXzC4uxBsMohmjYeNZ00Quc3UW+BS8N590Ja,0.9728950000000001,34.948955,4.887601999999999
672300,a7baWF1nwXO0ftP2/U2CPhCla55GWXzC4uxBsMohmjYeNZ00Quc3UW+BS8N590Ja,1.235091,2.621583,1.653835
672600,a7baWF1nwXO0ftP2/U2CPhCla55GWXzC4uxBsMohmjYeNZ00Quc3UW+BS8N590Ja,1.086508,2.125178,1.519264
672900,a7baWF1nwXO0ftP2/U2CPhCla55GWXzC4uxBsMohmjYeNZ00Quc3UW+BS8N590Ja,1.226446,2.775264,1.625604
673200,a7baWF1nwXO0ftP2/U2CPhCla55GWXzC4uxBsMohmjYeNZ00Quc3UW+BS8N590Ja,1.234636,2.856329,1.7519759999999998
673500,a7baWF1nwXO0ftP2/U2CPhCla55GWXzC4uxBsMohmjYeNZ00Quc3UW+BS8N590Ja,1.2327219999999999,3.032465,1.753495
673800,a7baWF1nwXO0ftP2/U2CPhCla55GWXzC4uxBsMohmjYeNZ00Quc3UW+BS8N590Ja,1.205128,2.690791,1.6429740000000002
674100,a7baWF1nwXO0ftP2/U2CPhCla55GWXzC4uxBsMohmjYeNZ00Quc3UW+BS8N590Ja,1.226421,3.173971,1.80745
674400,a7baWF1nwXO0ftP2/U2CPhCla55GWXzC4uxBsMohmjYeNZ00Quc3UW+BS8N590Ja,1.200757,2.2565049999999998,1.6920130000000002
674700,a7baWF1nwXO0ftP2/U2CPhCla55GWXzC4uxBsMohmjYeNZ00Quc3UW+BS8N590Ja,0.837742,2.783464,1.6104969999999998
675000,a7baWF1nwXO0ftP2/U2CPhCla55GWXzC4uxBsMohmjYeNZ00Quc3UW+BS8N590Ja,1.2439790000000002,2.643091,1.6189850000000001
675300,a7baWF1nwXO0ftP2/U2CPhCla55GWXzC4uxBsMohmjYeNZ00Quc3UW+BS8N590Ja,1.211648,2.361214,1.645607
675600,a7baWF1nwXO0ftP2/U2CPhCla55GWXzC4uxBsMohmjYeNZ00Quc3UW+BS8N590Ja,1.267209,34.368924,4.973012000000001
675900,a7baWF1nwXO0ftP2/U2CPhCla55GWXzC4uxBsMohmjYeNZ00Quc3UW+BS8N590Ja,0.626581,2.6172590000000002,1.475057
676200,a7baWF1nwXO0ftP2/U2CPhCla55GWXzC4uxBsMohmjYeNZ00Quc3UW+BS8N590Ja,1.204185,2.335273,1.6419700000000002
676500,a7baWF1nwXO0ftP2/U2CPhCla55GWXzC4uxBsMohmjYeNZ00Quc3UW+BS8N590Ja,0.612217,2.839674,1.615024
676800,a7baWF1nwXO0ftP2/U2CPhCla55GWXzC4uxBsMohmjYeNZ00Quc3UW+BS8N590Ja,0.563717,2.6925619999999997,1.542987
677100,a7baWF1nwXO0ftP2/U2CPhCla55GWXzC4uxBsMohmjYeNZ00Quc3UW+BS8N590Ja,1.192131,2.233229,1.622938
677400,a7baWF1nwXO0ftP2/U2CPhCla55GWXzC4uxBsMohmjYeNZ00Quc3UW+BS8N590Ja,1.2256129999999998,2.835285,1.6644720000000002
677700,a7baWF1nwXO0ftP2/U2CPhCla55GWXzC4uxBsMohmjYeNZ00Quc3UW+BS8N590Ja,1.237943,2.6640200000000003,1.604308
678000,a7baWF1nwXO0ftP2/U2CPhCla55GWXzC4uxBsMohmjYeNZ00Quc3UW+BS8N590Ja,0.863411,2.344,1.609207
678300,a7baWF1nwXO0ftP2/U2CPhCla55GWXzC4uxBsMohmjYeNZ00Quc3UW+BS8N590Ja,1.249447,2.727863,1.639116
678600,a7baWF1nwXO0ftP2/U2CPhCla55GWXzC4uxBsMohmjYeNZ00Quc3UW+BS8N590Ja,1.22024,2.629848,1.598036
678900,a7baWF1nwXO0ftP2/U2CPhCla55GWXzC4uxBsMohmjYeNZ00Quc3UW+BS8N590Ja,1.2088370000000002,2.271266,1.626258
679200,a7baWF1nwXO0ftP2/U2CPhCla55GWXzC4uxBsMohmjYeNZ00Quc3UW+BS8N590Ja,1.231172,29.909877,4.991556
679500,a7baWF1nwXO0ftP2/U2CPhCla55GWXzC4uxBsMohmjYeNZ00Quc3UW+BS8N590Ja,0.9701049999999999,2.716911,1.5682180000000001
679800,a7baWF1nwXO0ftP2/U2CPhCla55GWXzC4uxBsMohmjYeNZ00Quc3UW+BS8N590Ja,1.208951,2.226886,1.673857
680100,a7baWF1nwXO0ftP2/U2CPhCla55GWXzC4uxBsMohmjYeNZ00Quc3UW+BS8N590Ja,1.23725,2.796393,1.6439150000000002
680400,a7baWF1nwXO0ftP2/U2CPhCla55GWXzC4uxBsMohmjYeNZ00Quc3UW+BS8N590Ja,1.21609,2.677473,1.591969
680700,a7baWF1nwXO0ftP2/U2CPhCla55GWXzC4uxBsMohmjYeNZ00Quc3UW+BS8N590Ja,0.656674,2.3128740000000003,1.558039
681000,a7baWF1nwXO0ftP2/U2CPhCla55GWXzC4uxBsMohmjYeNZ00Quc3UW+BS8N590Ja,1.233627,2.7602849999999997,1.6702599999999999
681300,a7baWF1nwXO0ftP2/U2CPhCla55GWXzC4uxBsMohmjYeNZ00Quc3UW+BS8N590Ja,0.777022,2.6703259999999998,1.492679
681600,a7baWF1nwXO0ftP2/U2CPhCla55GWXzC4uxBsMohmjYeNZ00Quc3UW+BS8N590Ja,1.1822350000000001,2.27288,1.6469330000000002
681900,a7baWF1nwXO0ftP2/U2CPhCla55GWXzC4uxBsMohmjYeNZ00Quc3UW+BS8N590Ja,0.674999,2.715711,1.572785
682200,a7baWF1nwXO0ftP2/U2CPhCla55GWXzC4uxBsMohmjYeNZ00Quc3UW+BS8N590Ja,0.922393,2.696675,1.626221
682500,a7baWF1nwXO0ftP2/U2CPhCla55GWXzC4uxBsMohmjYeNZ00Quc3UW+BS8N590Ja,1.21835,18.74323,3.371421
682800,a7baWF1nwXO0ftP2/U2CPhCla55GWXzC4uxBsMohmjYeNZ00Quc3UW+BS8N590Ja,1.25921,36.395688,10.943807000000001
683100,a7baWF1nwXO0ftP2/U2CPhCla55GWXzC4uxBsMohmjYeNZ00Quc3UW+BS8N590Ja,1.214366,2.6532259999999996,1.679388
683400,a7baWF1nwXO0ftP2/U2CPhCla55GWXzC4uxBsMohmjYeNZ00Quc3UW+BS8N590Ja,0.697442,3.2839129999999996,1.711501
683700,a7baWF1nwXO0ftP2/U2CPhCla55GWXzC4uxBsMohmjYeNZ00Quc3UW+BS8N590Ja,1.2889700000000002,6.536061,2.619732
684000,a7baWF1nwXO0ftP2/U2CPhCla55GWXzC4uxBsMohmjYeNZ00Quc3UW+BS8N590Ja,1.0631329999999999,12.294299,3.659925
684300,a7baWF1nwXO0ftP2/U2CPhCla55GWXzC4uxBsMohmjYeNZ00Quc3UW+BS8N590Ja,1.224744,2.7148470000000002,1.704089
684600,a7baWF1nwXO0ftP2/U2CPhCla55GWXzC4uxBsMohmjYeNZ00Quc3UW+BS8N590Ja,0.706437,2.7075110000000002,1.6307209999999999
684900,a7baWF1nwXO0ftP2/U2CPhCla55GWXzC4uxBsMohmjYeNZ00Quc3UW+BS8N590Ja,1.009556,2.403315,1.67513
685200,a7baWF1nwXO0ftP2/U2CPhCla55GWXzC4uxBsMohmjYeNZ00Quc3UW+BS8N590Ja,1.206125,2.1940560000000002,1.634684
685500,a7baWF1nwXO0ftP2/U2CPhCla55GWXzC4uxBsMohmjYeNZ00Quc3UW+BS8N590Ja,0.940998,2.446529,1.665491
685800,a7baWF1nwXO0ftP2/U2CPhCla55GWXzC4uxBsMohmjYeNZ00Quc3UW+BS8N590Ja,1.214487,2.631252,1.622744
686100,a7baWF1nwXO0ftP2/U2CPhCla55GWXzC4uxBsMohmjYeNZ00Quc3UW+BS8N590Ja,1.227085,2.2529049999999997,1.585726
686400,a7baWF1nwXO0ftP2/U2CPhCla55GWXzC4uxBsMohmjYeNZ00Quc3UW+BS8N590Ja,1.2451809999999999,20.658428,4.942883
686700,a7baWF1nwXO0ftP2/U2CPhCla55GWXzC4uxBsMohmjYeNZ00Quc3UW+BS8N590Ja,1.240693,2.2139279999999997,1.614726
687000,a7baWF1nwXO0ftP2/U2CPhCla55GWXzC4uxBsMohmjYeNZ00Quc3UW+BS8N590Ja,1.2135850000000001,2.919265,1.642506
687300,a7baWF1nwXO0ftP2/U2CPhCla55GWXzC4uxBsMohmjYeNZ00Quc3UW+BS8N590Ja,1.242696,2.24531,1.6468189999999998
687600,a7baWF1nwXO0ftP2/U2CPhCla55GWXzC4uxBsMohmjYeNZ00Quc3UW+BS8N590Ja,1.255214,2.274045,1.604068
687900,a7baWF1nwXO0ftP2/U2CPhCla55GWXzC4uxBsMohmjYeNZ00Quc3UW+BS8N590Ja,1.207812,3.022408,1.6043370000000001
688200,a7baWF1nwXO0ftP2/U2CPhCla55GWXzC4uxBsMohmjYeNZ00Quc3UW+BS8N590Ja,0.9337,2.316116,1.59427
688500,a7baWF1nwXO0ftP2/U2CPhCla55GWXzC4uxBsMohmjYeNZ00Quc3UW+BS8N590Ja,1.230215,2.255463,1.6455240000000002
688800,a7baWF1nwXO0ftP2/U2CPhCla55GWXzC4uxBsMohmjYeNZ00Quc3UW+BS8N590Ja,0.680204,2.9540900000000003,1.531404
689100,a7baWF1nwXO0ftP2/U2CPhCla55GWXzC4uxBsMohmjYeNZ00Quc3UW+BS8N590Ja,1.226452,2.364845,1.6339569999999999
689400,a7baWF1nwXO0ftP2/U2CPhCla55GWXzC4uxBsMohmjYeNZ00Quc3UW+BS8N590Ja,0.785449,2.8586,1.624687
689700,a7baWF1nwXO0ftP2/U2CPhCla55GWXzC4uxBsMohmjYeNZ00Quc3UW+BS8N590Ja,1.2133,3.025636,1.636672
690000,a7baWF1nwXO0ftP2/U2CPhCla55GWXzC4uxBsMohmjYeNZ00Quc3UW+BS8N590Ja,0.827684,35.604494,4.943143
690300,a7baWF1nwXO0ftP2/U2CPhCla55GWXzC4uxBsMohmjYeNZ00Quc3UW+BS8N590Ja,0.9993190000000001,2.3239669999999997,1.604596
690600,a7baWF1nwXO0ftP2/U2CPhCla55GWXzC4uxBsMohmjYeNZ00Quc3UW+BS8N590Ja,1.227622,2.915746,1.625337
690900,a7baWF1nwXO0ftP2/U2CPhCla55GWXzC4uxBsMohmjYeNZ00Quc3UW+BS8N590Ja,1.233292,2.2993349999999997,1.6705470000000002
