timestamp,vm_id,min_cpu,avg_cpu,max_cpu
0,a8EbPwqh2KZri/brahfYNQ3usvfGr4ftCRsri04vaNuaTBBF85WJwBikG3sjVVOO,13.90979,32.318492,20.92376
300,a8EbPwqh2KZri/brahfYNQ3usvfGr4ftCRsri04vaNuaTBBF85WJwBikG3sjVVOO,13.981979,78.043287,24.584513
600,a8EbPwqh2KZri/brahfYNQ3usvfGr4ftCRsri04vaNuaTBBF85WJwBikG3sjVVOO,14.002360000000001,25.320909,19.490017
900,a8EbPwqh2KZri/brahfYNQ3usvfGr4ftCRsri04vaNuaTBBF85WJwBikG3sjVVOO,14.679525,31.992889,20.376068
1200,a8EbPwqh2KZri/brahfYNQ3usvfGr4ftCRsri04vaNuaTBBF85WJwBikG3sjVVOO,13.547179000000002,52.765781999999994,23.130056
1500,a8EbPwqh2KZri/brahfYNQ3usvfGr4ftCRsri04vaNuaTBBF85WJwBikG3sjVVOO,13.328985000000001,51.880434,25.402258
1800,a8EbPwqh2KZri/brahfYNQ3usvfGr4ftCRsri04vaNuaTBBF85WJwBikG3sjVVOO,15.949233,25.56975,20.28354
2100,a8EbPwqh2KZri/brahfYNQ3usvfGr4ftCRsri04vaNuaTBBF85WJwBikG3sjVVOO,14.344673,93.405648,29.803846000000004
2400,a8EbPwqh2KZri/brahfYNQ3usvfGr4ftCRsri04vaNuaTBBF85WJwBikG3sjVVOO,14.858001000000002,25.568246,20.003995
2700,a8EbPwqh2KZri/brahfYNQ3usvfGr4ftCRsri04vaNuaTBBF85WJwBikG3sjVVOO,13.563572,39.899731,21.136451
3000,a8EbPwqh2KZri/brahfYNQ3usvfGr4ftCRsri04vaNuaTBBF85WJwBikG3sjVVOO,14.752403,82.73773800000001,26.009498
3300,a8EbPwqh2KZri/brahfYNQ3usvfGr4ftCRsri04vaNuaTBBF85WJwBikG3sjVVOO,14.152392,24.910522,18.881607000000002
3600,a8EbPwqh2KZri/brahfYNQ3usvfGr4ftCRsri04vaNuaTBBF85WJwBikG3sjVVOO,0.952642,28.322570000000002,18.296132
3900,a8EbPwqh2KZri/brahfYNQ3usvfGr4ftCRsri04vaNuaTBBF85WJwBikG3sjVVOO,14.158128,28.279794,19.38622
4200,a8EbPwqh2KZri/brahfYNQ3usvfGr4ftCRsri04vaNuaTBBF85WJwBikG3sjVVOO,14.673945999999999,72.25068900000001,24.140138
4500,a8EbPwqh2KZri/brahfYNQ3usvfGr4ftCRsri04vaNuaTBBF85WJwBikG3sjVVOO,14.443709,24.310519,19.09219
4800,a8EbPwqh2KZri/brahfYNQ3usvfGr4ftCRsri04vaNuaTBBF85WJwBikG3sjVVOO,0.792676,58.960213,23.02745
5100,a8EbPwqh2KZri/brahfYNQ3usvfGr4ftCRsri04vaNuaTBBF85WJwBikG3sjVVOO,11.145697,53.315642000000004,28.090134000000003
5400,a8EbPwqh2KZri/brahfYNQ3usvfGr4ftCRsri04vaNuaTBBF85WJwBikG3sjVVOO,14.704958,75.350078,24.197936
5700,a8EbPwqh2KZri/brahfYNQ3usvfGr4ftCRsri04vaNuaTBBF85WJwBikG3sjVVOO,0.568272,47.109868,20.616602
6000,a8EbPwqh2KZri/brahfYNQ3usvfGr4ftCRsri04vaNuaTBBF85WJwBikG3sjVVOO,14.495635,29.006940999999998,19.84289
6300,a8EbPwqh2KZri/brahfYNQ3usvfGr4ftCRsri04vaNuaTBBF85WJwBikG3sjVVOO,5.157163,24.933765,17.664702
6600,a8EbPwqh2KZri/brahfYNQ3usvfGr4ftCRsri04vaNuaTBBF85WJwBikG3sjVVOO,14.488747,31.248212,20.174139999999998
6900,a8EbPwqh2KZri/brahfYNQ3usvfGr4ftCRsri04vaNuaTBBF85WJwBikG3sjVVOO,8.086001,25.826981,18.749188
7200,a8EbPwqh2KZri/brahfYNQ3usvfGr4ftCRsri04vaNuaTBBF85WJwBikG3sjVVOO,14.029649,29.512076,19.747317000000002
7500,a8EbPwqh2KZri/brahfYNQ3usvfGr4ftCRsri04vaNuaTBBF85WJwBikG3sjVVOO,14.613664000000002,26.109455999999998,18.480707000000002
7800,a8EbPwqh2KZri/brahfYNQ3usvfGr4ftCRsri04vaNuaTBBF85WJwBikG3sjVVOO,14.167629000000002,29.460024,20.066274
8100,a8EbPwqh2KZri/brahfYNQ3usvfGr4ftCRsri04vaNuaTBBF85WJwBikG3sjVVOO,4.079897,27.262808000000003,17.934063000000002
8400,a8EbPwqh2KZri/brahfYNQ3usvfGr4ftCRsri04vaNuaTBBF85WJwBikG3sjVVOO,13.8653,74.352731,25.339005
8700,a8EbPwqh2KZri/brahfYNQ3usvfGr4ftCRsri04vaNuaTBBF85WJwBikG3sjVVOO,13.217345000000002,69.446348,31.810127
9000,a8EbPwqh2KZri/brahfYNQ3usvfGr4ftCRsri04vaNuaTBBF85WJwBikG3sjVVOO,0.787013,38.96707,19.510067000000003
9300,a8EbPwqh2KZri/brahfYNQ3usvfGr4ftCRsri04vaNuaTBBF85WJwBikG3sjVVOO,14.634371,45.531937,23.731422
9600,a8EbPwqh2KZri/brahfYNQ3usvfGr4ftCRsri04vaNuaTBBF85WJwBikG3sjVVOO,14.740475,29.496352,20.202473
9900,a8EbPwqh2KZri/brahfYNQ3usvfGr4ftCRsri04vaNuaTBBF85WJwBikG3sjVVOO,14.820195000000002,25.179582,19.806735
10200,a8EbPwqh2KZri/brahfYNQ3usvfGr4ftCRsri04vaNuaTBBF85WJwBikG3sjVVOO,1.00796,24.530165,17.618356
10500,a8EbPwqh2KZri/brahfYNQ3usvfGr4ftCRsri04vaNuaTBBF85WJwBikG3sjVVOO,9.205771,28.487099,19.199706
10800,a8EbPwqh2KZri/brahfYNQ3usvfGr4ftCRsri04vaNuaTBBF85WJwBikG3sjVVOO,1.615825,24.645066,17.194364
11100,a8EbPwqh2KZri/brahfYNQ3usvfGr4ftCRsri04vaNuaTBBF85WJwBikG3sjVVOO,0.375933,24.831829,18.430331
11400,a8EbPwqh2KZri/brahfYNQ3usvfGr4ftCRsri04vaNuaTBBF85WJwBikG3sjVVOO,13.931307,24.233842000000003,19.298151
11700,a8EbPwqh2KZri/brahfYNQ3usvfGr4ftCRsri04vaNuaTBBF85WJwBikG3sjVVOO,0.39957600000000004,25.861393,17.996499
12000,a8EbPwqh2KZri/brahfYNQ3usvfGr4ftCRsri04vaNuaTBBF85WJwBikG3sjVVOO,6.605586,38.454602,22.060257
12300,a8EbPwqh2KZri/brahfYNQ3usvfGr4ftCRsri04vaNuaTBBF85WJwBikG3sjVVOO,15.325865,57.401103000000006,28.62572
12600,a8EbPwqh2KZri/brahfYNQ3usvfGr4ftCRsri04vaNuaTBBF85WJwBikG3sjVVOO,14.50105,32.378491,21.641341
12900,a8EbPwqh2KZri/brahfYNQ3usvfGr4ftCRsri04vaNuaTBBF85WJwBikG3sjVVOO,2.282939,28.340014,19.447468
13200,a8EbPwqh2KZri/brahfYNQ3usvfGr4ftCRsri04vaNuaTBBF85WJwBikG3sjVVOO,15.231076999999999,27.61556,19.649611
13500,a8EbPwqh2KZri/brahfYNQ3usvfGr4ftCRsri04vaNuaTBBF85WJwBikG3sjVVOO,15.121939000000001,51.75139,22.77045
13800,a8EbPwqh2KZri/brahfYNQ3usvfGr4ftCRsri04vaNuaTBBF85WJwBikG3sjVVOO,0.540284,28.65032,17.701666
14100,a8EbPwqh2KZri/brahfYNQ3usvfGr4ftCRsri04vaNuaTBBF85WJwBikG3sjVVOO,15.263470000000002,32.182813,19.735457999999998
14400,a8EbPwqh2KZri/brahfYNQ3usvfGr4ftCRsri04vaNuaTBBF85WJwBikG3sjVVOO,14.780092000000002,67.41409,23.410854999999998
14700,a8EbPwqh2KZri/brahfYNQ3usvfGr4ftCRsri04vaNuaTBBF85WJwBikG3sjVVOO,14.120319,28.182465000000004,19.654528
15000,a8EbPwqh2KZri/brahfYNQ3usvfGr4ftCRsri04vaNuaTBBF85WJwBikG3sjVVOO,0.309172,23.278937,17.545282
15300,a8EbPwqh2KZri/brahfYNQ3usvfGr4ftCRsri04vaNuaTBBF85WJwBikG3sjVVOO,14.730897,29.439878999999998,19.890139
15600,a8EbPwqh2KZri/brahfYNQ3usvfGr4ftCRsri04vaNuaTBBF85WJwBikG3sjVVOO,12.506148,42.117061,22.007253
15900,a8EbPwqh2KZri/brahfYNQ3usvfGr4ftCRsri04vaNuaTBBF85WJwBikG3sjVVOO,14.267106,69.94104899999999,33.735152
16200,a8EbPwqh2KZri/brahfYNQ3usvfGr4ftCRsri04vaNuaTBBF85WJwBikG3sjVVOO,6.572798,26.728407,19.180899
16500,a8EbPwqh2KZri/brahfYNQ3usvfGr4ftCRsri04vaNuaTBBF85WJwBikG3sjVVOO,5.548228,46.53198,21.402764
16800,a8EbPwqh2KZri/brahfYNQ3usvfGr4ftCRsri04vaNuaTBBF85WJwBikG3sjVVOO,14.347114999999999,25.259808,19.556867999999998
17100,a8EbPwqh2KZri/brahfYNQ3usvfGr4ftCRsri04vaNuaTBBF85WJwBikG3sjVVOO,2.521328,29.713431,18.386207000000002
17400,a8EbPwqh2KZri/brahfYNQ3usvfGr4ftCRsri04vaNuaTBBF85WJwBikG3sjVVOO,13.839978,25.872011999999998,19.279819
17700,a8EbPwqh2KZri/brahfYNQ3usvfGr4ftCRsri04vaNuaTBBF85WJwBikG3sjVVOO,3.108283,28.102190000000004,17.590425
18000,a8EbPwqh2KZri/brahfYNQ3usvfGr4ftCRsri04vaNuaTBBF85WJwBikG3sjVVOO,14.019456,26.169369,18.919459
18300,a8EbPwqh2KZri/brahfYNQ3usvfGr4ftCRsri04vaNuaTBBF85WJwBikG3sjVVOO,0.8699629999999999,29.698327000000003,18.068114
18600,a8EbPwqh2KZri/brahfYNQ3usvfGr4ftCRsri04vaNuaTBBF85WJwBikG3sjVVOO,14.649864,24.908239000000002,19.290718
18900,a8EbPwqh2KZri/brahfYNQ3usvfGr4ftCRsri04vaNuaTBBF85WJwBikG3sjVVOO,4.096208,28.260315999999996,17.952993
19200,a8EbPwqh2KZri/brahfYNQ3usvfGr4ftCRsri04vaNuaTBBF85WJwBikG3sjVVOO,6.672492999999999,84.042873,21.439021
19500,a8EbPwqh2KZri/brahfYNQ3usvfGr4ftCRsri04vaNuaTBBF85WJwBikG3sjVVOO,15.546084,64.780908,30.151909999999997
19800,a8EbPwqh2KZri/brahfYNQ3usvfGr4ftCRsri04vaNuaTBBF85WJwBikG3sjVVOO,1.552562,28.321854,18.264771
20100,a8EbPwqh2KZri/brahfYNQ3usvfGr4ftCRsri04vaNuaTBBF85WJwBikG3sjVVOO,14.911667000000001,38.604337,23.513823000000002
20400,a8EbPwqh2KZri/brahfYNQ3usvfGr4ftCRsri04vaNuaTBBF85WJwBikG3sjVVOO,0.907739,29.031227,18.344604999999998
20700,a8EbPwqh2KZri/brahfYNQ3usvfGr4ftCRsri04vaNuaTBBF85WJwBikG3sjVVOO,16.386136999999998,24.258446,19.648999
21000,a8EbPwqh2KZri/brahfYNQ3usvfGr4ftCRsri04vaNuaTBBF85WJwBikG3sjVVOO,0.546242,29.326653000000004,17.993568
21300,a8EbPwqh2KZri/brahfYNQ3usvfGr4ftCRsri04vaNuaTBBF85WJwBikG3sjVVOO,15.307154999999998,29.066028000000003,19.588273
21600,a8EbPwqh2KZri/brahfYNQ3usvfGr4ftCRsri04vaNuaTBBF85WJwBikG3sjVVOO,6.002622,30.049954999999997,19.10885
21900,a8EbPwqh2KZri/brahfYNQ3usvfGr4ftCRsri04vaNuaTBBF85WJwBikG3sjVVOO,2.315039,23.322969,17.765612
22200,a8EbPwqh2KZri/brahfYNQ3usvfGr4ftCRsri04vaNuaTBBF85WJwBikG3sjVVOO,14.901254999999999,26.832681,19.996464000000003
22500,a8EbPwqh2KZri/brahfYNQ3usvfGr4ftCRsri04vaNuaTBBF85WJwBikG3sjVVOO,0.838759,22.802625,17.245713000000002
22800,a8EbPwqh2KZri/brahfYNQ3usvfGr4ftCRsri04vaNuaTBBF85WJwBikG3sjVVOO,13.924313,53.407527,22.0389
23100,a8EbPwqh2KZri/brahfYNQ3usvfGr4ftCRsri04vaNuaTBBF85WJwBikG3sjVVOO,1.21064,73.946203,27.065465999999997
23400,a8EbPwqh2KZri/brahfYNQ3usvfGr4ftCRsri04vaNuaTBBF85WJwBikG3sjVVOO,14.192848999999999,30.470667,21.070179
23700,a8EbPwqh2KZri/brahfYNQ3usvfGr4ftCRsri04vaNuaTBBF85WJwBikG3sjVVOO,8.962196,40.455874,20.534394
24000,a8EbPwqh2KZri/brahfYNQ3usvfGr4ftCRsri04vaNuaTBBF85WJwBikG3sjVVOO,14.874699,25.339911999999998,20.385507
24300,a8EbPwqh2KZri/brahfYNQ3usvfGr4ftCRsri04vaNuaTBBF85WJwBikG3sjVVOO,0.577415,27.51342,17.595032999999997
24600,a8EbPwqh2KZri/brahfYNQ3usvfGr4ftCRsri04vaNuaTBBF85WJwBikG3sjVVOO,6.464983999999999,25.508087,18.955977999999998
24900,a8EbPwqh2KZri/brahfYNQ3usvfGr4ftCRsri04vaNuaTBBF85WJwBikG3sjVVOO,13.973513,28.414616,19.405579
25200,a8EbPwqh2KZri/brahfYNQ3usvfGr4ftCRsri04vaNuaTBBF85WJwBikG3sjVVOO,0.549421,26.892221999999997,18.575594
25500,a8EbPwqh2KZri/brahfYNQ3usvfGr4ftCRsri04vaNuaTBBF85WJwBikG3sjVVOO,14.549488,27.835545,19.317532999999997
25800,a8EbPwqh2KZri/brahfYNQ3usvfGr4ftCRsri04vaNuaTBBF85WJwBikG3sjVVOO,5.150833,28.939693,18.515363
26100,a8EbPwqh2KZri/brahfYNQ3usvfGr4ftCRsri04vaNuaTBBF85WJwBikG3sjVVOO,14.925699,25.541304999999998,18.932085
26400,a8EbPwqh2KZri/brahfYNQ3usvfGr4ftCRsri04vaNuaTBBF85WJwBikG3sjVVOO,3.79051,58.366845,20.300951
26700,a8EbPwqh2KZri/brahfYNQ3usvfGr4ftCRsri04vaNuaTBBF85WJwBikG3sjVVOO,15.510863,62.080651,29.566809999999997
27000,a8EbPwqh2KZri/brahfYNQ3usvfGr4ftCRsri04vaNuaTBBF85WJwBikG3sjVVOO,0.153322,87.569085,34.318804
27300,a8EbPwqh2KZri/brahfYNQ3usvfGr4ftCRsri04vaNuaTBBF85WJwBikG3sjVVOO,0.299767,66.4898,21.449305
27600,a8EbPwqh2KZri/brahfYNQ3usvfGr4ftCRsri04vaNuaTBBF85WJwBikG3sjVVOO,2.5235849999999997,41.739646,15.393210999999999
27900,a8EbPwqh2KZri/brahfYNQ3usvfGr4ftCRsri04vaNuaTBBF85WJwBikG3sjVVOO,8.295702,88.092671,28.728399
28200,a8EbPwqh2KZri/brahfYNQ3usvfGr4ftCRsri04vaNuaTBBF85WJwBikG3sjVVOO,14.198864000000002,23.726725,19.728553
28500,a8EbPwqh2KZri/brahfYNQ3usvfGr4ftCRsri04vaNuaTBBF85WJwBikG3sjVVOO,6.14041,26.48047,18.620742
28800,a8EbPwqh2KZri/brahfYNQ3usvfGr4ftCRsri04vaNuaTBBF85WJwBikG3sjVVOO,14.564282999999998,24.847944000000002,19.316465
29100,a8EbPwqh2KZri/brahfYNQ3usvfGr4ftCRsri04vaNuaTBBF85WJwBikG3sjVVOO,4.604636,25.877782,17.269663
29400,a8EbPwqh2KZri/brahfYNQ3usvfGr4ftCRsri04vaNuaTBBF85WJwBikG3sjVVOO,14.322017,25.528264,19.143356
29700,a8EbPwqh2KZri/brahfYNQ3usvfGr4ftCRsri04vaNuaTBBF85WJwBikG3sjVVOO,6.144064,23.115103,17.810532000000002
30000,a8EbPwqh2KZri/brahfYNQ3usvfGr4ftCRsri04vaNuaTBBF85WJwBikG3sjVVOO,5.73891,24.050788,17.766139000000003
30300,a8EbPwqh2KZri/brahfYNQ3usvfGr4ftCRsri04vaNuaTBBF85WJwBikG3sjVVOO,14.780513000000001,24.76459,19.313933
30600,a8EbPwqh2KZri/brahfYNQ3usvfGr4ftCRsri04vaNuaTBBF85WJwBikG3sjVVOO,2.711798,24.862323,17.895779
30900,a8EbPwqh2KZri/brahfYNQ3usvfGr4ftCRsri04vaNuaTBBF85WJwBikG3sjVVOO,13.3333,27.431442999999998,18.788307
31200,a8EbPwqh2KZri/brahfYNQ3usvfGr4ftCRsri04vaNuaTBBF85WJwBikG3sjVVOO,0.833764,72.384206,29.10939
31500,a8EbPwqh2KZri/brahfYNQ3usvfGr4ftCRsri04vaNuaTBBF85WJwBikG3sjVVOO,14.322013,27.609341999999998,19.69657
31800,a8EbPwqh2KZri/brahfYNQ3usvfGr4ftCRsri04vaNuaTBBF85WJwBikG3sjVVOO,2.553266,26.622253999999998,17.841598
32100,a8EbPwqh2KZri/brahfYNQ3usvfGr4ftCRsri04vaNuaTBBF85WJwBikG3sjVVOO,14.383076,26.694785999999997,19.178339
32400,a8EbPwqh2KZri/brahfYNQ3usvfGr4ftCRsri04vaNuaTBBF85WJwBikG3sjVVOO,0.808442,26.446858000000002,17.277857
32700,a8EbPwqh2KZri/brahfYNQ3usvfGr4ftCRsri04vaNuaTBBF85WJwBikG3sjVVOO,1.025598,26.327127,17.650958
33000,a8EbPwqh2KZri/brahfYNQ3usvfGr4ftCRsri04vaNuaTBBF85WJwBikG3sjVVOO,14.930504,24.484445,18.584991
33300,a8EbPwqh2KZri/brahfYNQ3usvfGr4ftCRsri04vaNuaTBBF85WJwBikG3sjVVOO,1.139523,24.875816,17.357497
33600,a8EbPwqh2KZri/brahfYNQ3usvfGr4ftCRsri04vaNuaTBBF85WJwBikG3sjVVOO,14.217735999999999,26.096428,18.824139000000002
33900,a8EbPwqh2KZri/brahfYNQ3usvfGr4ftCRsri04vaNuaTBBF85WJwBikG3sjVVOO,0.7763220000000001,28.542583,18.33261
34200,a8EbPwqh2KZri/brahfYNQ3usvfGr4ftCRsri04vaNuaTBBF85WJwBikG3sjVVOO,13.990798999999999,26.204031,18.862879
34500,a8EbPwqh2KZri/brahfYNQ3usvfGr4ftCRsri04vaNuaTBBF85WJwBikG3sjVVOO,2.0640080000000003,60.712331000000006,18.856108
34800,a8EbPwqh2KZri/brahfYNQ3usvfGr4ftCRsri04vaNuaTBBF85WJwBikG3sjVVOO,14.993153,65.891374,29.062285
35100,a8EbPwqh2KZri/brahfYNQ3usvfGr4ftCRsri04vaNuaTBBF85WJwBikG3sjVVOO,3.2893260000000004,29.271959999999996,17.859463
35400,a8EbPwqh2KZri/brahfYNQ3usvfGr4ftCRsri04vaNuaTBBF85WJwBikG3sjVVOO,14.037095,61.814655,22.494388
35700,a8EbPwqh2KZri/brahfYNQ3usvfGr4ftCRsri04vaNuaTBBF85WJwBikG3sjVVOO,14.451585000000001,29.427834999999998,19.092279
36000,a8EbPwqh2KZri/brahfYNQ3usvfGr4ftCRsri04vaNuaTBBF85WJwBikG3sjVVOO,2.017932,25.235164,17.592232
36300,a8EbPwqh2KZri/brahfYNQ3usvfGr4ftCRsri04vaNuaTBBF85WJwBikG3sjVVOO,14.282523999999999,26.757325,18.913299
36600,a8EbPwqh2KZri/brahfYNQ3usvfGr4ftCRsri04vaNuaTBBF85WJwBikG3sjVVOO,0.480968,25.139298999999998,16.787385
36900,a8EbPwqh2KZri/brahfYNQ3usvfGr4ftCRsri04vaNuaTBBF85WJwBikG3sjVVOO,13.722296,26.367379,19.202475
37200,a8EbPwqh2KZri/brahfYNQ3usvfGr4ftCRsri04vaNuaTBBF85WJwBikG3sjVVOO,4.332726999999999,23.89874,17.200107
37500,a8EbPwqh2KZri/brahfYNQ3usvfGr4ftCRsri04vaNuaTBBF85WJwBikG3sjVVOO,14.177860999999998,27.620390999999998,19.663104999999998
37800,a8EbPwqh2KZri/brahfYNQ3usvfGr4ftCRsri04vaNuaTBBF85WJwBikG3sjVVOO,0.514632,25.603254999999997,16.940662
38100,a8EbPwqh2KZri/brahfYNQ3usvfGr4ftCRsri04vaNuaTBBF85WJwBikG3sjVVOO,14.120345,57.781836,21.602586
38400,a8EbPwqh2KZri/brahfYNQ3usvfGr4ftCRsri04vaNuaTBBF85WJwBikG3sjVVOO,14.736245000000002,62.895036,28.233603999999996
38700,a8EbPwqh2KZri/brahfYNQ3usvfGr4ftCRsri04vaNuaTBBF85WJwBikG3sjVVOO,4.699661,26.576822999999997,17.93938
39000,a8EbPwqh2KZri/brahfYNQ3usvfGr4ftCRsri04vaNuaTBBF85WJwBikG3sjVVOO,14.697391,26.145932000000002,19.264897
39300,a8EbPwqh2KZri/brahfYNQ3usvfGr4ftCRsri04vaNuaTBBF85WJwBikG3sjVVOO,0.954833,24.671070999999998,15.827354000000001
39600,a8EbPwqh2KZri/brahfYNQ3usvfGr4ftCRsri04vaNuaTBBF85WJwBikG3sjVVOO,14.10566,27.402571000000002,19.141637
39900,a8EbPwqh2KZri/brahfYNQ3usvfGr4ftCRsri04vaNuaTBBF85WJwBikG3sjVVOO,2.280043,24.507323,16.860162
40200,a8EbPwqh2KZri/brahfYNQ3usvfGr4ftCRsri04vaNuaTBBF85WJwBikG3sjVVOO,14.421512,25.963832999999997,18.711578
40500,a8EbPwqh2KZri/brahfYNQ3usvfGr4ftCRsri04vaNuaTBBF85WJwBikG3sjVVOO,1.516118,25.516972,16.678639999999998
40800,a8EbPwqh2KZri/brahfYNQ3usvfGr4ftCRsri04vaNuaTBBF85WJwBikG3sjVVOO,2.301144,24.850614,16.929639
41100,a8EbPwqh2KZri/brahfYNQ3usvfGr4ftCRsri04vaNuaTBBF85WJwBikG3sjVVOO,14.620991,28.086769,19.210029000000002
41400,a8EbPwqh2KZri/brahfYNQ3usvfGr4ftCRsri04vaNuaTBBF85WJwBikG3sjVVOO,0.43237600000000004,25.476842,17.154752
41700,a8EbPwqh2KZri/brahfYNQ3usvfGr4ftCRsri04vaNuaTBBF85WJwBikG3sjVVOO,14.377208,25.090456,18.167514999999998
42000,a8EbPwqh2KZri/brahfYNQ3usvfGr4ftCRsri04vaNuaTBBF85WJwBikG3sjVVOO,0.5872430000000001,64.00484399999999,28.175531
42300,a8EbPwqh2KZri/brahfYNQ3usvfGr4ftCRsri04vaNuaTBBF85WJwBikG3sjVVOO,13.569576999999999,22.725616,19.230167
42600,a8EbPwqh2KZri/brahfYNQ3usvfGr4ftCRsri04vaNuaTBBF85WJwBikG3sjVVOO,0.547866,25.097888,17.614447
42900,a8EbPwqh2KZri/brahfYNQ3usvfGr4ftCRsri04vaNuaTBBF85WJwBikG3sjVVOO,13.981670999999999,24.064639,19.116045
43200,a8EbPwqh2KZri/brahfYNQ3usvfGr4ftCRsri04vaNuaTBBF85WJwBikG3sjVVOO,0.627575,25.070342,17.565768
43500,a8EbPwqh2KZri/brahfYNQ3usvfGr4ftCRsri04vaNuaTBBF85WJwBikG3sjVVOO,0.6017399999999999,21.727356,17.29729
43800,a8EbPwqh2KZri/brahfYNQ3usvfGr4ftCRsri04vaNuaTBBF85WJwBikG3sjVVOO,14.833789999999999,25.949174,19.847076
44100,a8EbPwqh2KZri/brahfYNQ3usvfGr4ftCRsri04vaNuaTBBF85WJwBikG3sjVVOO,1.19182,26.480932,18.920682
44400,a8EbPwqh2KZri/brahfYNQ3usvfGr4ftCRsri04vaNuaTBBF85WJwBikG3sjVVOO,13.872806,28.937427000000003,20.074277
44700,a8EbPwqh2KZri/brahfYNQ3usvfGr4ftCRsri04vaNuaTBBF85WJwBikG3sjVVOO,0.439884,27.153443,17.590529999999998
45000,a8EbPwqh2KZri/brahfYNQ3usvfGr4ftCRsri04vaNuaTBBF85WJwBikG3sjVVOO,14.160529,26.039739,18.95201
45300,a8EbPwqh2KZri/brahfYNQ3usvfGr4ftCRsri04vaNuaTBBF85WJwBikG3sjVVOO,0.34428800000000004,24.312539,16.345378
45600,a8EbPwqh2KZri/brahfYNQ3usvfGr4ftCRsri04vaNuaTBBF85WJwBikG3sjVVOO,14.858216,56.324481000000006,27.022143
45900,a8EbPwqh2KZri/brahfYNQ3usvfGr4ftCRsri04vaNuaTBBF85WJwBikG3sjVVOO,13.755832,64.937238,19.802637
46200,a8EbPwqh2KZri/brahfYNQ3usvfGr4ftCRsri04vaNuaTBBF85WJwBikG3sjVVOO,11.96715,36.616231,20.77461
46500,a8EbPwqh2KZri/brahfYNQ3usvfGr4ftCRsri04vaNuaTBBF85WJwBikG3sjVVOO,13.535223,25.598804,18.777493
46800,a8EbPwqh2KZri/brahfYNQ3usvfGr4ftCRsri04vaNuaTBBF85WJwBikG3sjVVOO,13.576972,28.184721000000003,19.233539999999998
47100,a8EbPwqh2KZri/brahfYNQ3usvfGr4ftCRsri04vaNuaTBBF85WJwBikG3sjVVOO,14.030529999999999,24.02385,18.757528
47400,a8EbPwqh2KZri/brahfYNQ3usvfGr4ftCRsri04vaNuaTBBF85WJwBikG3sjVVOO,14.183131,33.994251,20.35666
47700,a8EbPwqh2KZri/brahfYNQ3usvfGr4ftCRsri04vaNuaTBBF85WJwBikG3sjVVOO,14.568534,25.091010999999998,19.095264999999998
48000,a8EbPwqh2KZri/brahfYNQ3usvfGr4ftCRsri04vaNuaTBBF85WJwBikG3sjVVOO,14.208148000000001,28.630242,19.269923000000002
48300,a8EbPwqh2KZri/brahfYNQ3usvfGr4ftCRsri04vaNuaTBBF85WJwBikG3sjVVOO,14.302051,31.328490000000002,19.230376
48600,a8EbPwqh2KZri/brahfYNQ3usvfGr4ftCRsri04vaNuaTBBF85WJwBikG3sjVVOO,14.052964000000001,74.47970600000001,23.106126999999997
48900,a8EbPwqh2KZri/brahfYNQ3usvfGr4ftCRsri04vaNuaTBBF85WJwBikG3sjVVOO,13.682818,40.904724,20.30343
49200,a8EbPwqh2KZri/brahfYNQ3usvfGr4ftCRsri04vaNuaTBBF85WJwBikG3sjVVOO,15.848357,54.414894999999994,26.992338
49500,a8EbPwqh2KZri/brahfYNQ3usvfGr4ftCRsri04vaNuaTBBF85WJwBikG3sjVVOO,0.340113,27.9703,17.605678
49800,a8EbPwqh2KZri/brahfYNQ3usvfGr4ftCRsri04vaNuaTBBF85WJwBikG3sjVVOO,14.120347,28.919821000000002,18.712998000000002
50100,a8EbPwqh2KZri/brahfYNQ3usvfGr4ftCRsri04vaNuaTBBF85WJwBikG3sjVVOO,0.9405209999999999,30.292034,17.439323
50400,a8EbPwqh2KZri/brahfYNQ3usvfGr4ftCRsri04vaNuaTBBF85WJwBikG3sjVVOO,14.191962,27.518437,18.402813000000002
50700,a8EbPwqh2KZri/brahfYNQ3usvfGr4ftCRsri04vaNuaTBBF85WJwBikG3sjVVOO,14.739429000000001,45.724711,21.010254999999997
51000,a8EbPwqh2KZri/brahfYNQ3usvfGr4ftCRsri04vaNuaTBBF85WJwBikG3sjVVOO,14.491013,25.605461,18.121228
51300,a8EbPwqh2KZri/brahfYNQ3usvfGr4ftCRsri04vaNuaTBBF85WJwBikG3sjVVOO,1.194817,25.759056,16.511174
51600,a8EbPwqh2KZri/brahfYNQ3usvfGr4ftCRsri04vaNuaTBBF85WJwBikG3sjVVOO,0.6757310000000001,26.108616,16.867936
51900,a8EbPwqh2KZri/brahfYNQ3usvfGr4ftCRsri04vaNuaTBBF85WJwBikG3sjVVOO,13.700880999999999,28.401862,19.125062
52200,a8EbPwqh2KZri/brahfYNQ3usvfGr4ftCRsri04vaNuaTBBF85WJwBikG3sjVVOO,0.437517,27.209498999999997,16.399729
52500,a8EbPwqh2KZri/brahfYNQ3usvfGr4ftCRsri04vaNuaTBBF85WJwBikG3sjVVOO,13.977499,25.261414000000002,18.901971
52800,a8EbPwqh2KZri/brahfYNQ3usvfGr4ftCRsri04vaNuaTBBF85WJwBikG3sjVVOO,15.020310999999998,63.574614000000004,27.672962
53100,a8EbPwqh2KZri/brahfYNQ3usvfGr4ftCRsri04vaNuaTBBF85WJwBikG3sjVVOO,15.417154,26.795738,19.792937
53400,a8EbPwqh2KZri/brahfYNQ3usvfGr4ftCRsri04vaNuaTBBF85WJwBikG3sjVVOO,1.000056,25.330726000000002,17.503002
53700,a8EbPwqh2KZri/brahfYNQ3usvfGr4ftCRsri04vaNuaTBBF85WJwBikG3sjVVOO,15.05109,25.535478,18.992795
54000,a8EbPwqh2KZri/brahfYNQ3usvfGr4ftCRsri04vaNuaTBBF85WJwBikG3sjVVOO,1.7934419999999998,28.434790999999997,17.193667
54300,a8EbPwqh2KZri/brahfYNQ3usvfGr4ftCRsri04vaNuaTBBF85WJwBikG3sjVVOO,5.543216999999999,26.629325,17.78893
54600,a8EbPwqh2KZri/brahfYNQ3usvfGr4ftCRsri04vaNuaTBBF85WJwBikG3sjVVOO,14.524998000000002,23.506709,18.521704
54900,a8EbPwqh2KZri/brahfYNQ3usvfGr4ftCRsri04vaNuaTBBF85WJwBikG3sjVVOO,4.100866000000001,30.132809,17.712370999999997
55200,a8EbPwqh2KZri/brahfYNQ3usvfGr4ftCRsri04vaNuaTBBF85WJwBikG3sjVVOO,13.770487,24.291245999999997,18.494232999999998
55500,a8EbPwqh2KZri/brahfYNQ3usvfGr4ftCRsri04vaNuaTBBF85WJwBikG3sjVVOO,15.041507000000001,51.881144,22.059119
55800,a8EbPwqh2KZri/brahfYNQ3usvfGr4ftCRsri04vaNuaTBBF85WJwBikG3sjVVOO,14.808612,26.275195,19.386944
56100,a8EbPwqh2KZri/brahfYNQ3usvfGr4ftCRsri04vaNuaTBBF85WJwBikG3sjVVOO,0.705435,26.417104,17.681566
56400,a8EbPwqh2KZri/brahfYNQ3usvfGr4ftCRsri04vaNuaTBBF85WJwBikG3sjVVOO,16.548142000000002,58.963504,27.840961
56700,a8EbPwqh2KZri/brahfYNQ3usvfGr4ftCRsri04vaNuaTBBF85WJwBikG3sjVVOO,14.296871,70.064718,22.097282999999997
57000,a8EbPwqh2KZri/brahfYNQ3usvfGr4ftCRsri04vaNuaTBBF85WJwBikG3sjVVOO,14.995569,42.609589,21.318702
57300,a8EbPwqh2KZri/brahfYNQ3usvfGr4ftCRsri04vaNuaTBBF85WJwBikG3sjVVOO,14.391148999999999,25.308208,18.87385
57600,a8EbPwqh2KZri/brahfYNQ3usvfGr4ftCRsri04vaNuaTBBF85WJwBikG3sjVVOO,15.055332,36.137715,20.477813
57900,a8EbPwqh2KZri/brahfYNQ3usvfGr4ftCRsri04vaNuaTBBF85WJwBikG3sjVVOO,14.241454999999998,24.95908,18.554308
58200,a8EbPwqh2KZri/brahfYNQ3usvfGr4ftCRsri04vaNuaTBBF85WJwBikG3sjVVOO,14.667429,34.849909999999994,19.248292000000003
58500,a8EbPwqh2KZri/brahfYNQ3usvfGr4ftCRsri04vaNuaTBBF85WJwBikG3sjVVOO,14.747335000000001,23.000414000000003,18.689705
58800,a8EbPwqh2KZri/brahfYNQ3usvfGr4ftCRsri04vaNuaTBBF85WJwBikG3sjVVOO,14.807454000000002,23.42302,19.063855
59100,a8EbPwqh2KZri/brahfYNQ3usvfGr4ftCRsri04vaNuaTBBF85WJwBikG3sjVVOO,14.246064000000002,24.654449,18.535154000000002
59400,a8EbPwqh2KZri/brahfYNQ3usvfGr4ftCRsri04vaNuaTBBF85WJwBikG3sjVVOO,14.315043,32.706158,19.160148
59700,a8EbPwqh2KZri/brahfYNQ3usvfGr4ftCRsri04vaNuaTBBF85WJwBikG3sjVVOO,11.523083,23.908920000000002,18.803791
60000,a8EbPwqh2KZri/brahfYNQ3usvfGr4ftCRsri04vaNuaTBBF85WJwBikG3sjVVOO,14.895941,50.48707,27.159707
60300,a8EbPwqh2KZri/brahfYNQ3usvfGr4ftCRsri04vaNuaTBBF85WJwBikG3sjVVOO,9.718519,25.674127,18.712357
60600,a8EbPwqh2KZri/brahfYNQ3usvfGr4ftCRsri04vaNuaTBBF85WJwBikG3sjVVOO,14.050082000000002,27.305607000000002,19.893227
60900,a8EbPwqh2KZri/brahfYNQ3usvfGr4ftCRsri04vaNuaTBBF85WJwBikG3sjVVOO,13.588374,35.544028000000004,20.145894000000002
61200,a8EbPwqh2KZri/brahfYNQ3usvfGr4ftCRsri04vaNuaTBBF85WJwBikG3sjVVOO,14.242992999999998,28.320734,19.477113
61500,a8EbPwqh2KZri/brahfYNQ3usvfGr4ftCRsri04vaNuaTBBF85WJwBikG3sjVVOO,9.064691999999999,25.014398999999997,17.874349
61800,a8EbPwqh2KZri/brahfYNQ3usvfGr4ftCRsri04vaNuaTBBF85WJwBikG3sjVVOO,14.340182999999998,26.720442,19.235298999999998
62100,a8EbPwqh2KZri/brahfYNQ3usvfGr4ftCRsri04vaNuaTBBF85WJwBikG3sjVVOO,13.827525,48.899813,20.979225
62400,a8EbPwqh2KZri/brahfYNQ3usvfGr4ftCRsri04vaNuaTBBF85WJwBikG3sjVVOO,14.935204,27.515454,19.43467
62700,a8EbPwqh2KZri/brahfYNQ3usvfGr4ftCRsri04vaNuaTBBF85WJwBikG3sjVVOO,13.813652,26.121113,18.723178
63000,a8EbPwqh2KZri/brahfYNQ3usvfGr4ftCRsri04vaNuaTBBF85WJwBikG3sjVVOO,14.084435000000001,29.215235999999997,20.607226
63300,a8EbPwqh2KZri/brahfYNQ3usvfGr4ftCRsri04vaNuaTBBF85WJwBikG3sjVVOO,14.456506,25.515621,18.448282
63600,a8EbPwqh2KZri/brahfYNQ3usvfGr4ftCRsri04vaNuaTBBF85WJwBikG3sjVVOO,2.2797549999999998,61.363399,26.879685
63900,a8EbPwqh2KZri/brahfYNQ3usvfGr4ftCRsri04vaNuaTBBF85WJwBikG3sjVVOO,14.418652999999999,28.393031,20.108932
64200,a8EbPwqh2KZri/brahfYNQ3usvfGr4ftCRsri04vaNuaTBBF85WJwBikG3sjVVOO,0.362119,26.289812,18.300876000000002
64500,a8EbPwqh2KZri/brahfYNQ3usvfGr4ftCRsri04vaNuaTBBF85WJwBikG3sjVVOO,14.315041,24.794608,19.218410000000002
64800,a8EbPwqh2KZri/brahfYNQ3usvfGr4ftCRsri04vaNuaTBBF85WJwBikG3sjVVOO,13.473651,23.485466,18.560157999999998
65100,a8EbPwqh2KZri/brahfYNQ3usvfGr4ftCRsri04vaNuaTBBF85WJwBikG3sjVVOO,0.383961,24.090445000000003,16.988654
65400,a8EbPwqh2KZri/brahfYNQ3usvfGr4ftCRsri04vaNuaTBBF85WJwBikG3sjVVOO,14.214145000000002,26.085741,19.330897
65700,a8EbPwqh2KZri/brahfYNQ3usvfGr4ftCRsri04vaNuaTBBF85WJwBikG3sjVVOO,0.511182,23.87329,17.000313000000002
66000,a8EbPwqh2KZri/brahfYNQ3usvfGr4ftCRsri04vaNuaTBBF85WJwBikG3sjVVOO,14.282898000000001,27.331527,19.468989
66300,a8EbPwqh2KZri/brahfYNQ3usvfGr4ftCRsri04vaNuaTBBF85WJwBikG3sjVVOO,13.667214000000001,24.798759,18.738091
66600,a8EbPwqh2KZri/brahfYNQ3usvfGr4ftCRsri04vaNuaTBBF85WJwBikG3sjVVOO,14.572128,31.668595,19.890970000000003
66900,a8EbPwqh2KZri/brahfYNQ3usvfGr4ftCRsri04vaNuaTBBF85WJwBikG3sjVVOO,0.545821,25.574123999999998,17.736404
67200,a8EbPwqh2KZri/brahfYNQ3usvfGr4ftCRsri04vaNuaTBBF85WJwBikG3sjVVOO,16.649537,62.763893,28.377799
67500,a8EbPwqh2KZri/brahfYNQ3usvfGr4ftCRsri04vaNuaTBBF85WJwBikG3sjVVOO,12.135434,24.985452,19.64228
67800,a8EbPwqh2KZri/brahfYNQ3usvfGr4ftCRsri04vaNuaTBBF85WJwBikG3sjVVOO,14.664131,23.876488000000002,19.484636
68100,a8EbPwqh2KZri/brahfYNQ3usvfGr4ftCRsri04vaNuaTBBF85WJwBikG3sjVVOO,13.136362,28.100509000000002,19.824145
68400,a8EbPwqh2KZri/brahfYNQ3usvfGr4ftCRsri04vaNuaTBBF85WJwBikG3sjVVOO,14.400363,32.398763,20.944369000000002
68700,a8EbPwqh2KZri/brahfYNQ3usvfGr4ftCRsri04vaNuaTBBF85WJwBikG3sjVVOO,14.892639,27.271127000000003,19.330945
69000,a8EbPwqh2KZri/brahfYNQ3usvfGr4ftCRsri04vaNuaTBBF85WJwBikG3sjVVOO,16.200082000000002,35.930649,20.966908
69300,a8EbPwqh2KZri/brahfYNQ3usvfGr4ftCRsri04vaNuaTBBF85WJwBikG3sjVVOO,13.828446,26.677812,19.457009
69600,a8EbPwqh2KZri/brahfYNQ3usvfGr4ftCRsri04vaNuaTBBF85WJwBikG3sjVVOO,14.114514000000002,31.181271000000002,20.164385
69900,a8EbPwqh2KZri/brahfYNQ3usvfGr4ftCRsri04vaNuaTBBF85WJwBikG3sjVVOO,14.729039000000002,27.292428,19.334909
70200,a8EbPwqh2KZri/brahfYNQ3usvfGr4ftCRsri04vaNuaTBBF85WJwBikG3sjVVOO,12.566942,51.946628999999994,21.518028
70500,a8EbPwqh2KZri/brahfYNQ3usvfGr4ftCRsri04vaNuaTBBF85WJwBikG3sjVVOO,13.716632,27.589018,18.801838
70800,a8EbPwqh2KZri/brahfYNQ3usvfGr4ftCRsri04vaNuaTBBF85WJwBikG3sjVVOO,15.894482,82.000525,29.922975
71100,a8EbPwqh2KZri/brahfYNQ3usvfGr4ftCRsri04vaNuaTBBF85WJwBikG3sjVVOO,16.011689999999998,63.298531000000004,24.331329
71400,a8EbPwqh2KZri/brahfYNQ3usvfGr4ftCRsri04vaNuaTBBF85WJwBikG3sjVVOO,13.820623999999999,25.243115,19.056151999999997
71700,a8EbPwqh2KZri/brahfYNQ3usvfGr4ftCRsri04vaNuaTBBF85WJwBikG3sjVVOO,0.863717,28.768934,18.078975
72000,a8EbPwqh2KZri/brahfYNQ3usvfGr4ftCRsri04vaNuaTBBF85WJwBikG3sjVVOO,13.145363,27.559327000000003,18.822557999999997
72300,a8EbPwqh2KZri/brahfYNQ3usvfGr4ftCRsri04vaNuaTBBF85WJwBikG3sjVVOO,14.297042000000001,89.834983,26.100305
72600,a8EbPwqh2KZri/brahfYNQ3usvfGr4ftCRsri04vaNuaTBBF85WJwBikG3sjVVOO,14.30802,28.586651,18.810754
72900,a8EbPwqh2KZri/brahfYNQ3usvfGr4ftCRsri04vaNuaTBBF85WJwBikG3sjVVOO,0.45228,31.046872999999998,17.884544
73200,a8EbPwqh2KZri/brahfYNQ3usvfGr4ftCRsri04vaNuaTBBF85WJwBikG3sjVVOO,14.12362,28.216079999999998,18.873038
73500,a8EbPwqh2KZri/brahfYNQ3usvfGr4ftCRsri04vaNuaTBBF85WJwBikG3sjVVOO,14.084871,90.61755500000001,26.327346000000002
73800,a8EbPwqh2KZri/brahfYNQ3usvfGr4ftCRsri04vaNuaTBBF85WJwBikG3sjVVOO,0.872075,32.795131,18.264879
74100,a8EbPwqh2KZri/brahfYNQ3usvfGr4ftCRsri04vaNuaTBBF85WJwBikG3sjVVOO,13.659729,28.240431,18.910307
74400,a8EbPwqh2KZri/brahfYNQ3usvfGr4ftCRsri04vaNuaTBBF85WJwBikG3sjVVOO,14.70747,92.267613,33.98242
74700,a8EbPwqh2KZri/brahfYNQ3usvfGr4ftCRsri04vaNuaTBBF85WJwBikG3sjVVOO,15.649638000000001,26.505196999999995,20.310856
75000,a8EbPwqh2KZri/brahfYNQ3usvfGr4ftCRsri04vaNuaTBBF85WJwBikG3sjVVOO,3.8260940000000003,25.909619,18.004293
75300,a8EbPwqh2KZri/brahfYNQ3usvfGr4ftCRsri04vaNuaTBBF85WJwBikG3sjVVOO,14.056165,25.231413,19.686027
75600,a8EbPwqh2KZri/brahfYNQ3usvfGr4ftCRsri04vaNuaTBBF85WJwBikG3sjVVOO,7.164617,24.776177,18.35097
75900,a8EbPwqh2KZri/brahfYNQ3usvfGr4ftCRsri04vaNuaTBBF85WJwBikG3sjVVOO,14.558897,27.529718,19.427656
76200,a8EbPwqh2KZri/brahfYNQ3usvfGr4ftCRsri04vaNuaTBBF85WJwBikG3sjVVOO,4.348875,24.977501,18.220108
76500,a8EbPwqh2KZri/brahfYNQ3usvfGr4ftCRsri04vaNuaTBBF85WJwBikG3sjVVOO,9.055997,26.132263000000002,18.534883999999998
76800,a8EbPwqh2KZri/brahfYNQ3usvfGr4ftCRsri04vaNuaTBBF85WJwBikG3sjVVOO,14.340511,25.688919,18.487192999999998
77100,a8EbPwqh2KZri/brahfYNQ3usvfGr4ftCRsri04vaNuaTBBF85WJwBikG3sjVVOO,9.982055,26.827908,18.881022
77400,a8EbPwqh2KZri/brahfYNQ3usvfGr4ftCRsri04vaNuaTBBF85WJwBikG3sjVVOO,14.312829,28.41205,19.402728
77700,a8EbPwqh2KZri/brahfYNQ3usvfGr4ftCRsri04vaNuaTBBF85WJwBikG3sjVVOO,13.060869,27.693754,18.723406
78000,a8EbPwqh2KZri/brahfYNQ3usvfGr4ftCRsri04vaNuaTBBF85WJwBikG3sjVVOO,14.817067999999999,49.799969,26.319119
78300,a8EbPwqh2KZri/brahfYNQ3usvfGr4ftCRsri04vaNuaTBBF85WJwBikG3sjVVOO,0.5310159999999999,33.696344,20.406945
78600,a8EbPwqh2KZri/brahfYNQ3usvfGr4ftCRsri04vaNuaTBBF85WJwBikG3sjVVOO,13.928232000000001,31.514544,19.670054
78900,a8EbPwqh2KZri/brahfYNQ3usvfGr4ftCRsri04vaNuaTBBF85WJwBikG3sjVVOO,1.301482,29.351825,17.584862
79200,a8EbPwqh2KZri/brahfYNQ3usvfGr4ftCRsri04vaNuaTBBF85WJwBikG3sjVVOO,0.582166,29.824757,17.660601
79500,a8EbPwqh2KZri/brahfYNQ3usvfGr4ftCRsri04vaNuaTBBF85WJwBikG3sjVVOO,14.204679,23.953632,18.924563
79800,a8EbPwqh2KZri/brahfYNQ3usvfGr4ftCRsri04vaNuaTBBF85WJwBikG3sjVVOO,0.261234,24.765615,17.438361999999998
80100,a8EbPwqh2KZri/brahfYNQ3usvfGr4ftCRsri04vaNuaTBBF85WJwBikG3sjVVOO,14.468221,25.672583,19.30186
80400,a8EbPwqh2KZri/brahfYNQ3usvfGr4ftCRsri04vaNuaTBBF85WJwBikG3sjVVOO,1.615053,27.536346999999996,18.384806
80700,a8EbPwqh2KZri/brahfYNQ3usvfGr4ftCRsri04vaNuaTBBF85WJwBikG3sjVVOO,13.810757999999998,24.944942,18.997626
81000,a8EbPwqh2KZri/brahfYNQ3usvfGr4ftCRsri04vaNuaTBBF85WJwBikG3sjVVOO,1.6158190000000001,29.20089,17.940555
81300,a8EbPwqh2KZri/brahfYNQ3usvfGr4ftCRsri04vaNuaTBBF85WJwBikG3sjVVOO,14.280052,25.003733999999998,19.119838
81600,a8EbPwqh2KZri/brahfYNQ3usvfGr4ftCRsri04vaNuaTBBF85WJwBikG3sjVVOO,13.793068,56.584067000000005,25.838502
81900,a8EbPwqh2KZri/brahfYNQ3usvfGr4ftCRsri04vaNuaTBBF85WJwBikG3sjVVOO,0.443621,57.768758,22.239673
82200,a8EbPwqh2KZri/brahfYNQ3usvfGr4ftCRsri04vaNuaTBBF85WJwBikG3sjVVOO,14.134064000000002,29.492782000000002,20.02421
82500,a8EbPwqh2KZri/brahfYNQ3usvfGr4ftCRsri04vaNuaTBBF85WJwBikG3sjVVOO,13.464148999999999,45.573037,21.822978
82800,a8EbPwqh2KZri/brahfYNQ3usvfGr4ftCRsri04vaNuaTBBF85WJwBikG3sjVVOO,14.095432,30.72881,19.758182
83100,a8EbPwqh2KZri/brahfYNQ3usvfGr4ftCRsri04vaNuaTBBF85WJwBikG3sjVVOO,0.762558,26.578238,17.582866
83400,a8EbPwqh2KZri/brahfYNQ3usvfGr4ftCRsri04vaNuaTBBF85WJwBikG3sjVVOO,14.153494,30.646618,19.524361
83700,a8EbPwqh2KZri/brahfYNQ3usvfGr4ftCRsri04vaNuaTBBF85WJwBikG3sjVVOO,13.805762,47.933173,21.470988000000002
84000,a8EbPwqh2KZri/brahfYNQ3usvfGr4ftCRsri04vaNuaTBBF85WJwBikG3sjVVOO,14.970678,33.440026,19.578051000000002
84300,a8EbPwqh2KZri/brahfYNQ3usvfGr4ftCRsri04vaNuaTBBF85WJwBikG3sjVVOO,0.496188,27.425029,17.44458
84600,a8EbPwqh2KZri/brahfYNQ3usvfGr4ftCRsri04vaNuaTBBF85WJwBikG3sjVVOO,15.009441,30.615525,20.055725
84900,a8EbPwqh2KZri/brahfYNQ3usvfGr4ftCRsri04vaNuaTBBF85WJwBikG3sjVVOO,14.133476000000002,25.502122,19.18583
85200,a8EbPwqh2KZri/brahfYNQ3usvfGr4ftCRsri04vaNuaTBBF85WJwBikG3sjVVOO,14.695835999999998,57.894553,27.484644
85500,a8EbPwqh2KZri/brahfYNQ3usvfGr4ftCRsri04vaNuaTBBF85WJwBikG3sjVVOO,15.932476999999999,40.746029,21.923479
85800,a8EbPwqh2KZri/brahfYNQ3usvfGr4ftCRsri04vaNuaTBBF85WJwBikG3sjVVOO,14.261853,34.739715000000004,20.713792
86100,a8EbPwqh2KZri/brahfYNQ3usvfGr4ftCRsri04vaNuaTBBF85WJwBikG3sjVVOO,15.311564,26.216613,19.437944
86400,a8EbPwqh2KZri/brahfYNQ3usvfGr4ftCRsri04vaNuaTBBF85WJwBikG3sjVVOO,14.409479000000001,33.108793,21.483079
86700,a8EbPwqh2KZri/brahfYNQ3usvfGr4ftCRsri04vaNuaTBBF85WJwBikG3sjVVOO,15.538748000000002,23.301305,18.919285000000002
87000,a8EbPwqh2KZri/brahfYNQ3usvfGr4ftCRsri04vaNuaTBBF85WJwBikG3sjVVOO,14.215418,86.758252,23.889965
87300,a8EbPwqh2KZri/brahfYNQ3usvfGr4ftCRsri04vaNuaTBBF85WJwBikG3sjVVOO,14.278093,45.529199,21.506216000000002
87600,a8EbPwqh2KZri/brahfYNQ3usvfGr4ftCRsri04vaNuaTBBF85WJwBikG3sjVVOO,13.640460999999998,26.685515000000002,19.878987
87900,a8EbPwqh2KZri/brahfYNQ3usvfGr4ftCRsri04vaNuaTBBF85WJwBikG3sjVVOO,14.515338,35.542164,20.331066
88200,a8EbPwqh2KZri/brahfYNQ3usvfGr4ftCRsri04vaNuaTBBF85WJwBikG3sjVVOO,14.253104,28.933927,20.002676
88500,a8EbPwqh2KZri/brahfYNQ3usvfGr4ftCRsri04vaNuaTBBF85WJwBikG3sjVVOO,14.052207999999998,25.41539,19.356786
88800,a8EbPwqh2KZri/brahfYNQ3usvfGr4ftCRsri04vaNuaTBBF85WJwBikG3sjVVOO,16.437734,59.35179399999999,26.981907
89100,a8EbPwqh2KZri/brahfYNQ3usvfGr4ftCRsri04vaNuaTBBF85WJwBikG3sjVVOO,0.968909,37.929759999999995,19.44385
89400,a8EbPwqh2KZri/brahfYNQ3usvfGr4ftCRsri04vaNuaTBBF85WJwBikG3sjVVOO,13.953965,25.548783,19.310417
89700,a8EbPwqh2KZri/brahfYNQ3usvfGr4ftCRsri04vaNuaTBBF85WJwBikG3sjVVOO,0.7474770000000001,27.564259000000003,17.755272
90000,a8EbPwqh2KZri/brahfYNQ3usvfGr4ftCRsri04vaNuaTBBF85WJwBikG3sjVVOO,0.793894,26.609913,17.803195000000002
90300,a8EbPwqh2KZri/brahfYNQ3usvfGr4ftCRsri04vaNuaTBBF85WJwBikG3sjVVOO,13.608073999999998,26.961563,19.381385
90600,a8EbPwqh2KZri/brahfYNQ3usvfGr4ftCRsri04vaNuaTBBF85WJwBikG3sjVVOO,0.47737399999999997,26.411794,17.569712
90900,a8EbPwqh2KZri/brahfYNQ3usvfGr4ftCRsri04vaNuaTBBF85WJwBikG3sjVVOO,13.645097,27.019957,19.299068
91200,a8EbPwqh2KZri/brahfYNQ3usvfGr4ftCRsri04vaNuaTBBF85WJwBikG3sjVVOO,0.64351,26.861891999999997,17.840641
91500,a8EbPwqh2KZri/brahfYNQ3usvfGr4ftCRsri04vaNuaTBBF85WJwBikG3sjVVOO,13.558292999999999,27.142715999999997,19.149209
91800,a8EbPwqh2KZri/brahfYNQ3usvfGr4ftCRsri04vaNuaTBBF85WJwBikG3sjVVOO,1.562702,47.47048,19.934227
92100,a8EbPwqh2KZri/brahfYNQ3usvfGr4ftCRsri04vaNuaTBBF85WJwBikG3sjVVOO,14.196463,26.127012,19.291513000000002
92400,a8EbPwqh2KZri/brahfYNQ3usvfGr4ftCRsri04vaNuaTBBF85WJwBikG3sjVVOO,1.728652,48.707345000000004,23.720311
92700,a8EbPwqh2KZri/brahfYNQ3usvfGr4ftCRsri04vaNuaTBBF85WJwBikG3sjVVOO,1.890465,47.021375,22.170199
93000,a8EbPwqh2KZri/brahfYNQ3usvfGr4ftCRsri04vaNuaTBBF85WJwBikG3sjVVOO,13.928243,26.653699,19.465132999999998
93300,a8EbPwqh2KZri/brahfYNQ3usvfGr4ftCRsri04vaNuaTBBF85WJwBikG3sjVVOO,0.593353,25.795149,18.657451000000002
93600,a8EbPwqh2KZri/brahfYNQ3usvfGr4ftCRsri04vaNuaTBBF85WJwBikG3sjVVOO,14.487321,24.872517000000002,19.399518
93900,a8EbPwqh2KZri/brahfYNQ3usvfGr4ftCRsri04vaNuaTBBF85WJwBikG3sjVVOO,7.806239,24.735992,18.779145
94200,a8EbPwqh2KZri/brahfYNQ3usvfGr4ftCRsri04vaNuaTBBF85WJwBikG3sjVVOO,13.992920000000002,26.725808,19.050082
94500,a8EbPwqh2KZri/brahfYNQ3usvfGr4ftCRsri04vaNuaTBBF85WJwBikG3sjVVOO,0.81897,26.422532,18.238932000000002
94800,a8EbPwqh2KZri/brahfYNQ3usvfGr4ftCRsri04vaNuaTBBF85WJwBikG3sjVVOO,13.665088,26.164671,19.237357
95100,a8EbPwqh2KZri/brahfYNQ3usvfGr4ftCRsri04vaNuaTBBF85WJwBikG3sjVVOO,8.128049,27.693748,18.647992000000002
95400,a8EbPwqh2KZri/brahfYNQ3usvfGr4ftCRsri04vaNuaTBBF85WJwBikG3sjVVOO,1.036453,27.317202,18.311781
95700,a8EbPwqh2KZri/brahfYNQ3usvfGr4ftCRsri04vaNuaTBBF85WJwBikG3sjVVOO,14.340273999999999,27.350239000000002,19.631345
96000,a8EbPwqh2KZri/brahfYNQ3usvfGr4ftCRsri04vaNuaTBBF85WJwBikG3sjVVOO,14.807473000000002,65.366309,28.749762
96300,a8EbPwqh2KZri/brahfYNQ3usvfGr4ftCRsri04vaNuaTBBF85WJwBikG3sjVVOO,15.526599,42.304831,22.659018
96600,a8EbPwqh2KZri/brahfYNQ3usvfGr4ftCRsri04vaNuaTBBF85WJwBikG3sjVVOO,13.963854999999999,25.031963,19.158966
96900,a8EbPwqh2KZri/brahfYNQ3usvfGr4ftCRsri04vaNuaTBBF85WJwBikG3sjVVOO,15.296942999999999,25.727686,19.660992
97200,a8EbPwqh2KZri/brahfYNQ3usvfGr4ftCRsri04vaNuaTBBF85WJwBikG3sjVVOO,12.786107000000001,25.972888,18.706267
97500,a8EbPwqh2KZri/brahfYNQ3usvfGr4ftCRsri04vaNuaTBBF85WJwBikG3sjVVOO,14.742258999999999,26.060821,19.609296
97800,a8EbPwqh2KZri/brahfYNQ3usvfGr4ftCRsri04vaNuaTBBF85WJwBikG3sjVVOO,13.372468,25.248966,19.014073
98100,a8EbPwqh2KZri/brahfYNQ3usvfGr4ftCRsri04vaNuaTBBF85WJwBikG3sjVVOO,9.475724000000001,27.533580999999998,18.994759
98400,a8EbPwqh2KZri/brahfYNQ3usvfGr4ftCRsri04vaNuaTBBF85WJwBikG3sjVVOO,14.604113,26.424889,19.16135
98700,a8EbPwqh2KZri/brahfYNQ3usvfGr4ftCRsri04vaNuaTBBF85WJwBikG3sjVVOO,11.338519999999999,27.569747999999997,19.214361
99000,a8EbPwqh2KZri/brahfYNQ3usvfGr4ftCRsri04vaNuaTBBF85WJwBikG3sjVVOO,14.299366000000001,30.598385999999998,19.897287
99300,a8EbPwqh2KZri/brahfYNQ3usvfGr4ftCRsri04vaNuaTBBF85WJwBikG3sjVVOO,14.426763000000001,23.58385,18.720557
99600,a8EbPwqh2KZri/brahfYNQ3usvfGr4ftCRsri04vaNuaTBBF85WJwBikG3sjVVOO,7.425960000000001,64.70216500000001,26.074434
99900,a8EbPwqh2KZri/brahfYNQ3usvfGr4ftCRsri04vaNuaTBBF85WJwBikG3sjVVOO,2.745014,47.466567,22.505993
100200,a8EbPwqh2KZri/brahfYNQ3usvfGr4ftCRsri04vaNuaTBBF85WJwBikG3sjVVOO,14.069496,28.066589,19.547924
100500,a8EbPwqh2KZri/brahfYNQ3usvfGr4ftCRsri04vaNuaTBBF85WJwBikG3sjVVOO,2.775394,26.551816,18.275961
100800,a8EbPwqh2KZri/brahfYNQ3usvfGr4ftCRsri04vaNuaTBBF85WJwBikG3sjVVOO,1.003846,27.803093,18.299884
101100,a8EbPwqh2KZri/brahfYNQ3usvfGr4ftCRsri04vaNuaTBBF85WJwBikG3sjVVOO,14.202067000000001,25.117488,18.799493
101400,a8EbPwqh2KZri/brahfYNQ3usvfGr4ftCRsri04vaNuaTBBF85WJwBikG3sjVVOO,1.671952,26.804426,18.374123
101700,a8EbPwqh2KZri/brahfYNQ3usvfGr4ftCRsri04vaNuaTBBF85WJwBikG3sjVVOO,12.646175999999999,26.146741,18.403482999999998
102000,a8EbPwqh2KZri/brahfYNQ3usvfGr4ftCRsri04vaNuaTBBF85WJwBikG3sjVVOO,1.229614,27.926104,17.40107
102300,a8EbPwqh2KZri/brahfYNQ3usvfGr4ftCRsri04vaNuaTBBF85WJwBikG3sjVVOO,14.308086999999999,25.229791,19.344548
102600,a8EbPwqh2KZri/brahfYNQ3usvfGr4ftCRsri04vaNuaTBBF85WJwBikG3sjVVOO,0.42332200000000003,27.494760999999997,17.722747000000002
102900,a8EbPwqh2KZri/brahfYNQ3usvfGr4ftCRsri04vaNuaTBBF85WJwBikG3sjVVOO,14.47422,26.479439000000003,19.202693
103200,a8EbPwqh2KZri/brahfYNQ3usvfGr4ftCRsri04vaNuaTBBF85WJwBikG3sjVVOO,2.170893,55.220856000000005,20.773334
103500,a8EbPwqh2KZri/brahfYNQ3usvfGr4ftCRsri04vaNuaTBBF85WJwBikG3sjVVOO,14.934147,45.956773999999996,23.631056
103800,a8EbPwqh2KZri/brahfYNQ3usvfGr4ftCRsri04vaNuaTBBF85WJwBikG3sjVVOO,15.160313,27.139594,19.999733
104100,a8EbPwqh2KZri/brahfYNQ3usvfGr4ftCRsri04vaNuaTBBF85WJwBikG3sjVVOO,13.883687,26.77573,19.198036
104400,a8EbPwqh2KZri/brahfYNQ3usvfGr4ftCRsri04vaNuaTBBF85WJwBikG3sjVVOO,14.884587,25.206503,20.028644
104700,a8EbPwqh2KZri/brahfYNQ3usvfGr4ftCRsri04vaNuaTBBF85WJwBikG3sjVVOO,14.122584,24.238367,19.707587
105000,a8EbPwqh2KZri/brahfYNQ3usvfGr4ftCRsri04vaNuaTBBF85WJwBikG3sjVVOO,15.051656,25.580752,19.446801
105300,a8EbPwqh2KZri/brahfYNQ3usvfGr4ftCRsri04vaNuaTBBF85WJwBikG3sjVVOO,14.793467999999999,30.334953999999996,20.111534
105600,a8EbPwqh2KZri/brahfYNQ3usvfGr4ftCRsri04vaNuaTBBF85WJwBikG3sjVVOO,14.722387,25.487666,19.479947
105900,a8EbPwqh2KZri/brahfYNQ3usvfGr4ftCRsri04vaNuaTBBF85WJwBikG3sjVVOO,7.328641999999999,28.599790999999996,18.963818
106200,a8EbPwqh2KZri/brahfYNQ3usvfGr4ftCRsri04vaNuaTBBF85WJwBikG3sjVVOO,14.243035,30.590671999999998,21.196026999999997
106500,a8EbPwqh2KZri/brahfYNQ3usvfGr4ftCRsri04vaNuaTBBF85WJwBikG3sjVVOO,14.051898000000001,30.784971000000002,19.392985999999997
106800,a8EbPwqh2KZri/brahfYNQ3usvfGr4ftCRsri04vaNuaTBBF85WJwBikG3sjVVOO,0.971669,56.089367,23.25607
107100,a8EbPwqh2KZri/brahfYNQ3usvfGr4ftCRsri04vaNuaTBBF85WJwBikG3sjVVOO,16.372678,72.17746600000001,25.288031
107400,a8EbPwqh2KZri/brahfYNQ3usvfGr4ftCRsri04vaNuaTBBF85WJwBikG3sjVVOO,0.7535149999999999,25.107781,18.319755999999998
107700,a8EbPwqh2KZri/brahfYNQ3usvfGr4ftCRsri04vaNuaTBBF85WJwBikG3sjVVOO,14.257698999999999,24.724182,19.428368
108000,a8EbPwqh2KZri/brahfYNQ3usvfGr4ftCRsri04vaNuaTBBF85WJwBikG3sjVVOO,14.322703,25.487312,19.306077
108300,a8EbPwqh2KZri/brahfYNQ3usvfGr4ftCRsri04vaNuaTBBF85WJwBikG3sjVVOO,14.430926000000001,25.594757,19.476754999999997
108600,a8EbPwqh2KZri/brahfYNQ3usvfGr4ftCRsri04vaNuaTBBF85WJwBikG3sjVVOO,0.420303,23.643214,17.800635999999997
108900,a8EbPwqh2KZri/brahfYNQ3usvfGr4ftCRsri04vaNuaTBBF85WJwBikG3sjVVOO,13.101214,27.775174,18.837128
109200,a8EbPwqh2KZri/brahfYNQ3usvfGr4ftCRsri04vaNuaTBBF85WJwBikG3sjVVOO,14.646344000000001,22.337709,19.192477
109500,a8EbPwqh2KZri/brahfYNQ3usvfGr4ftCRsri04vaNuaTBBF85WJwBikG3sjVVOO,0.413836,22.888332000000002,17.438436
109800,a8EbPwqh2KZri/brahfYNQ3usvfGr4ftCRsri04vaNuaTBBF85WJwBikG3sjVVOO,14.509535000000001,28.324247999999997,19.922763
110100,a8EbPwqh2KZri/brahfYNQ3usvfGr4ftCRsri04vaNuaTBBF85WJwBikG3sjVVOO,14.21465,32.879968,19.954829999999998
110400,a8EbPwqh2KZri/brahfYNQ3usvfGr4ftCRsri04vaNuaTBBF85WJwBikG3sjVVOO,14.153042000000001,51.327263,26.029279000000002
110700,a8EbPwqh2KZri/brahfYNQ3usvfGr4ftCRsri04vaNuaTBBF85WJwBikG3sjVVOO,0.5347390000000001,44.857207,21.682938
111000,a8EbPwqh2KZri/brahfYNQ3usvfGr4ftCRsri04vaNuaTBBF85WJwBikG3sjVVOO,15.01901,28.838096000000004,19.963143
111300,a8EbPwqh2KZri/brahfYNQ3usvfGr4ftCRsri04vaNuaTBBF85WJwBikG3sjVVOO,0.934169,28.309652000000003,17.811817
111600,a8EbPwqh2KZri/brahfYNQ3usvfGr4ftCRsri04vaNuaTBBF85WJwBikG3sjVVOO,0.7030430000000001,32.846145,17.839031
111900,a8EbPwqh2KZri/brahfYNQ3usvfGr4ftCRsri04vaNuaTBBF85WJwBikG3sjVVOO,14.565285999999999,27.767913,20.263282999999998
112200,a8EbPwqh2KZri/brahfYNQ3usvfGr4ftCRsri04vaNuaTBBF85WJwBikG3sjVVOO,1.222107,29.334019,16.815227
112500,a8EbPwqh2KZri/brahfYNQ3usvfGr4ftCRsri04vaNuaTBBF85WJwBikG3sjVVOO,13.814444,27.525834000000003,19.670374
112800,a8EbPwqh2KZri/brahfYNQ3usvfGr4ftCRsri04vaNuaTBBF85WJwBikG3sjVVOO,1.290071,29.94357,17.878178
113100,a8EbPwqh2KZri/brahfYNQ3usvfGr4ftCRsri04vaNuaTBBF85WJwBikG3sjVVOO,13.945062,28.782896,19.972827
113400,a8EbPwqh2KZri/brahfYNQ3usvfGr4ftCRsri04vaNuaTBBF85WJwBikG3sjVVOO,0.736528,36.189366,18.162041000000002
113700,a8EbPwqh2KZri/brahfYNQ3usvfGr4ftCRsri04vaNuaTBBF85WJwBikG3sjVVOO,14.032807,30.856232000000002,19.692812
114000,a8EbPwqh2KZri/brahfYNQ3usvfGr4ftCRsri04vaNuaTBBF85WJwBikG3sjVVOO,0.552898,41.824236,20.876129000000002
114300,a8EbPwqh2KZri/brahfYNQ3usvfGr4ftCRsri04vaNuaTBBF85WJwBikG3sjVVOO,14.868866,53.861090000000004,25.584132999999998
114600,a8EbPwqh2KZri/brahfYNQ3usvfGr4ftCRsri04vaNuaTBBF85WJwBikG3sjVVOO,14.783569,28.088389000000003,19.811767
114900,a8EbPwqh2KZri/brahfYNQ3usvfGr4ftCRsri04vaNuaTBBF85WJwBikG3sjVVOO,14.457770000000002,60.28631,23.779649
115200,a8EbPwqh2KZri/brahfYNQ3usvfGr4ftCRsri04vaNuaTBBF85WJwBikG3sjVVOO,15.430344,24.875470999999997,19.547895
115500,a8EbPwqh2KZri/brahfYNQ3usvfGr4ftCRsri04vaNuaTBBF85WJwBikG3sjVVOO,14.774525,32.708974,21.010438
115800,a8EbPwqh2KZri/brahfYNQ3usvfGr4ftCRsri04vaNuaTBBF85WJwBikG3sjVVOO,14.563989999999999,25.051648999999998,19.603395000000003
116100,a8EbPwqh2KZri/brahfYNQ3usvfGr4ftCRsri04vaNuaTBBF85WJwBikG3sjVVOO,14.407391,32.602798,21.061567999999998
116400,a8EbPwqh2KZri/brahfYNQ3usvfGr4ftCRsri04vaNuaTBBF85WJwBikG3sjVVOO,14.550178,26.991041999999997,19.292177
116700,a8EbPwqh2KZri/brahfYNQ3usvfGr4ftCRsri04vaNuaTBBF85WJwBikG3sjVVOO,15.024817,39.570514,20.860198999999998
117000,a8EbPwqh2KZri/brahfYNQ3usvfGr4ftCRsri04vaNuaTBBF85WJwBikG3sjVVOO,15.353316,39.791019,21.485318
117300,a8EbPwqh2KZri/brahfYNQ3usvfGr4ftCRsri04vaNuaTBBF85WJwBikG3sjVVOO,14.210078,25.726506,19.663656
117600,a8EbPwqh2KZri/brahfYNQ3usvfGr4ftCRsri04vaNuaTBBF85WJwBikG3sjVVOO,16.039346,55.677758,27.359718
117900,a8EbPwqh2KZri/brahfYNQ3usvfGr4ftCRsri04vaNuaTBBF85WJwBikG3sjVVOO,16.666679000000002,49.584582,23.343737
118200,a8EbPwqh2KZri/brahfYNQ3usvfGr4ftCRsri04vaNuaTBBF85WJwBikG3sjVVOO,13.767812,30.340071000000002,19.809144
118500,a8EbPwqh2KZri/brahfYNQ3usvfGr4ftCRsri04vaNuaTBBF85WJwBikG3sjVVOO,16.482284,24.503017,19.759428
118800,a8EbPwqh2KZri/brahfYNQ3usvfGr4ftCRsri04vaNuaTBBF85WJwBikG3sjVVOO,0.713449,27.11676,18.169775
119100,a8EbPwqh2KZri/brahfYNQ3usvfGr4ftCRsri04vaNuaTBBF85WJwBikG3sjVVOO,15.875669,23.609013,19.72389
119400,a8EbPwqh2KZri/brahfYNQ3usvfGr4ftCRsri04vaNuaTBBF85WJwBikG3sjVVOO,3.935194,25.948849,17.643997
119700,a8EbPwqh2KZri/brahfYNQ3usvfGr4ftCRsri04vaNuaTBBF85WJwBikG3sjVVOO,0.6692739999999999,24.680198,17.479472
120000,a8EbPwqh2KZri/brahfYNQ3usvfGr4ftCRsri04vaNuaTBBF85WJwBikG3sjVVOO,14.119228,25.877841,19.585727
120300,a8EbPwqh2KZri/brahfYNQ3usvfGr4ftCRsri04vaNuaTBBF85WJwBikG3sjVVOO,1.587197,25.176665,17.656084
120600,a8EbPwqh2KZri/brahfYNQ3usvfGr4ftCRsri04vaNuaTBBF85WJwBikG3sjVVOO,14.567273000000002,30.562251,20.051512
120900,a8EbPwqh2KZri/brahfYNQ3usvfGr4ftCRsri04vaNuaTBBF85WJwBikG3sjVVOO,1.179525,25.382920000000002,17.524556
121200,a8EbPwqh2KZri/brahfYNQ3usvfGr4ftCRsri04vaNuaTBBF85WJwBikG3sjVVOO,14.840151,52.083692,24.73328
121500,a8EbPwqh2KZri/brahfYNQ3usvfGr4ftCRsri04vaNuaTBBF85WJwBikG3sjVVOO,13.836364999999999,46.372409999999995,21.753999
121800,a8EbPwqh2KZri/brahfYNQ3usvfGr4ftCRsri04vaNuaTBBF85WJwBikG3sjVVOO,13.3384,28.320303000000003,19.872843
122100,a8EbPwqh2KZri/brahfYNQ3usvfGr4ftCRsri04vaNuaTBBF85WJwBikG3sjVVOO,0.622784,28.217598,17.481270000000002
122400,a8EbPwqh2KZri/brahfYNQ3usvfGr4ftCRsri04vaNuaTBBF85WJwBikG3sjVVOO,1.155348,29.77484,17.944753
122700,a8EbPwqh2KZri/brahfYNQ3usvfGr4ftCRsri04vaNuaTBBF85WJwBikG3sjVVOO,14.768281,29.466991999999998,19.683197
123000,a8EbPwqh2KZri/brahfYNQ3usvfGr4ftCRsri04vaNuaTBBF85WJwBikG3sjVVOO,12.084039,29.467668,18.992547000000002
123300,a8EbPwqh2KZri/brahfYNQ3usvfGr4ftCRsri04vaNuaTBBF85WJwBikG3sjVVOO,14.035953,25.119779,19.436227
123600,a8EbPwqh2KZri/brahfYNQ3usvfGr4ftCRsri04vaNuaTBBF85WJwBikG3sjVVOO,0.6846270000000001,28.099286,17.811018
123900,a8EbPwqh2KZri/brahfYNQ3usvfGr4ftCRsri04vaNuaTBBF85WJwBikG3sjVVOO,14.356335000000001,29.216967999999998,19.277896
124200,a8EbPwqh2KZri/brahfYNQ3usvfGr4ftCRsri04vaNuaTBBF85WJwBikG3sjVVOO,0.986891,30.620025,18.50649
124500,a8EbPwqh2KZri/brahfYNQ3usvfGr4ftCRsri04vaNuaTBBF85WJwBikG3sjVVOO,13.934303,25.923972,19.409774
124800,a8EbPwqh2KZri/brahfYNQ3usvfGr4ftCRsri04vaNuaTBBF85WJwBikG3sjVVOO,1.685395,51.743644,20.747657
125100,a8EbPwqh2KZri/brahfYNQ3usvfGr4ftCRsri04vaNuaTBBF85WJwBikG3sjVVOO,12.116982,37.454783,22.832233
125400,a8EbPwqh2KZri/brahfYNQ3usvfGr4ftCRsri04vaNuaTBBF85WJwBikG3sjVVOO,14.137632,29.164793,19.936328
125700,a8EbPwqh2KZri/brahfYNQ3usvfGr4ftCRsri04vaNuaTBBF85WJwBikG3sjVVOO,0.675041,26.919968,17.364419
126000,a8EbPwqh2KZri/brahfYNQ3usvfGr4ftCRsri04vaNuaTBBF85WJwBikG3sjVVOO,14.405930999999999,29.828473,19.894381
126300,a8EbPwqh2KZri/brahfYNQ3usvfGr4ftCRsri04vaNuaTBBF85WJwBikG3sjVVOO,0.434118,26.094317,17.267229999999998
126600,a8EbPwqh2KZri/brahfYNQ3usvfGr4ftCRsri04vaNuaTBBF85WJwBikG3sjVVOO,13.892267000000002,30.683545000000002,19.613401
126900,a8EbPwqh2KZri/brahfYNQ3usvfGr4ftCRsri04vaNuaTBBF85WJwBikG3sjVVOO,0.630671,25.320783,17.123739
127200,a8EbPwqh2KZri/brahfYNQ3usvfGr4ftCRsri04vaNuaTBBF85WJwBikG3sjVVOO,14.485103,32.240592,19.721746
127500,a8EbPwqh2KZri/brahfYNQ3usvfGr4ftCRsri04vaNuaTBBF85WJwBikG3sjVVOO,0.792447,25.863047,17.352148
127800,a8EbPwqh2KZri/brahfYNQ3usvfGr4ftCRsri04vaNuaTBBF85WJwBikG3sjVVOO,13.581339999999999,50.63547,22.57926
128100,a8EbPwqh2KZri/brahfYNQ3usvfGr4ftCRsri04vaNuaTBBF85WJwBikG3sjVVOO,14.535413,24.925634,19.264536
128400,a8EbPwqh2KZri/brahfYNQ3usvfGr4ftCRsri04vaNuaTBBF85WJwBikG3sjVVOO,0.422608,66.39952,24.077284
128700,a8EbPwqh2KZri/brahfYNQ3usvfGr4ftCRsri04vaNuaTBBF85WJwBikG3sjVVOO,14.539280999999999,47.797191999999995,22.966801999999998
129000,a8EbPwqh2KZri/brahfYNQ3usvfGr4ftCRsri04vaNuaTBBF85WJwBikG3sjVVOO,0.6671090000000001,28.540382,18.986507
129300,a8EbPwqh2KZri/brahfYNQ3usvfGr4ftCRsri04vaNuaTBBF85WJwBikG3sjVVOO,14.043854000000001,30.795615,20.265199
129600,a8EbPwqh2KZri/brahfYNQ3usvfGr4ftCRsri04vaNuaTBBF85WJwBikG3sjVVOO,4.645962,27.252409999999998,18.589133
129900,a8EbPwqh2KZri/brahfYNQ3usvfGr4ftCRsri04vaNuaTBBF85WJwBikG3sjVVOO,14.410175,27.078625,19.948883
130200,a8EbPwqh2KZri/brahfYNQ3usvfGr4ftCRsri04vaNuaTBBF85WJwBikG3sjVVOO,15.151782,43.625909,21.441610999999998
130500,a8EbPwqh2KZri/brahfYNQ3usvfGr4ftCRsri04vaNuaTBBF85WJwBikG3sjVVOO,14.193957000000001,25.350170000000002,19.811186
130800,a8EbPwqh2KZri/brahfYNQ3usvfGr4ftCRsri04vaNuaTBBF85WJwBikG3sjVVOO,1.066928,27.339778999999997,18.336604
131100,a8EbPwqh2KZri/brahfYNQ3usvfGr4ftCRsri04vaNuaTBBF85WJwBikG3sjVVOO,1.273867,24.214198,18.773115
131400,a8EbPwqh2KZri/brahfYNQ3usvfGr4ftCRsri04vaNuaTBBF85WJwBikG3sjVVOO,15.587518,27.769545,20.116851
131700,a8EbPwqh2KZri/brahfYNQ3usvfGr4ftCRsri04vaNuaTBBF85WJwBikG3sjVVOO,14.676279000000001,62.59188399999999,23.132482999999997
132000,a8EbPwqh2KZri/brahfYNQ3usvfGr4ftCRsri04vaNuaTBBF85WJwBikG3sjVVOO,14.303706,59.116525,25.601814
132300,a8EbPwqh2KZri/brahfYNQ3usvfGr4ftCRsri04vaNuaTBBF85WJwBikG3sjVVOO,2.760367,76.64673499999999,26.406246999999997
132600,a8EbPwqh2KZri/brahfYNQ3usvfGr4ftCRsri04vaNuaTBBF85WJwBikG3sjVVOO,14.530232,32.017237,20.432021
132900,a8EbPwqh2KZri/brahfYNQ3usvfGr4ftCRsri04vaNuaTBBF85WJwBikG3sjVVOO,3.430029,31.274857,19.548829
133200,a8EbPwqh2KZri/brahfYNQ3usvfGr4ftCRsri04vaNuaTBBF85WJwBikG3sjVVOO,14.586367000000001,28.716821999999997,19.586206
133500,a8EbPwqh2KZri/brahfYNQ3usvfGr4ftCRsri04vaNuaTBBF85WJwBikG3sjVVOO,14.653464000000001,47.073347,22.003475
133800,a8EbPwqh2KZri/brahfYNQ3usvfGr4ftCRsri04vaNuaTBBF85WJwBikG3sjVVOO,13.959439999999999,60.834861,22.922414
134100,a8EbPwqh2KZri/brahfYNQ3usvfGr4ftCRsri04vaNuaTBBF85WJwBikG3sjVVOO,14.331025,29.825131,19.671453
134400,a8EbPwqh2KZri/brahfYNQ3usvfGr4ftCRsri04vaNuaTBBF85WJwBikG3sjVVOO,13.447448000000001,25.317848,19.161974
134700,a8EbPwqh2KZri/brahfYNQ3usvfGr4ftCRsri04vaNuaTBBF85WJwBikG3sjVVOO,14.859623999999998,28.535734,19.484023999999998
135000,a8EbPwqh2KZri/brahfYNQ3usvfGr4ftCRsri04vaNuaTBBF85WJwBikG3sjVVOO,2.9989939999999997,28.236138,18.952639
135300,a8EbPwqh2KZri/brahfYNQ3usvfGr4ftCRsri04vaNuaTBBF85WJwBikG3sjVVOO,14.33446,29.032405999999998,19.663116
135600,a8EbPwqh2KZri/brahfYNQ3usvfGr4ftCRsri04vaNuaTBBF85WJwBikG3sjVVOO,10.319919,53.157925,24.057531
135900,a8EbPwqh2KZri/brahfYNQ3usvfGr4ftCRsri04vaNuaTBBF85WJwBikG3sjVVOO,14.152588,30.240565999999998,21.025407
136200,a8EbPwqh2KZri/brahfYNQ3usvfGr4ftCRsri04vaNuaTBBF85WJwBikG3sjVVOO,13.777895999999998,51.935565000000004,23.617079
136500,a8EbPwqh2KZri/brahfYNQ3usvfGr4ftCRsri04vaNuaTBBF85WJwBikG3sjVVOO,7.709564,26.14193,19.317404
136800,a8EbPwqh2KZri/brahfYNQ3usvfGr4ftCRsri04vaNuaTBBF85WJwBikG3sjVVOO,13.781620000000002,27.764146000000004,19.658876
137100,a8EbPwqh2KZri/brahfYNQ3usvfGr4ftCRsri04vaNuaTBBF85WJwBikG3sjVVOO,8.281744,24.766029,18.950982
137400,a8EbPwqh2KZri/brahfYNQ3usvfGr4ftCRsri04vaNuaTBBF85WJwBikG3sjVVOO,14.564792,26.339806,19.412229
137700,a8EbPwqh2KZri/brahfYNQ3usvfGr4ftCRsri04vaNuaTBBF85WJwBikG3sjVVOO,3.6565510000000003,23.82947,19.090387
138000,a8EbPwqh2KZri/brahfYNQ3usvfGr4ftCRsri04vaNuaTBBF85WJwBikG3sjVVOO,14.671776999999999,29.623944,19.432182
138300,a8EbPwqh2KZri/brahfYNQ3usvfGr4ftCRsri04vaNuaTBBF85WJwBikG3sjVVOO,10.992345,39.458584,19.863214000000003
138600,a8EbPwqh2KZri/brahfYNQ3usvfGr4ftCRsri04vaNuaTBBF85WJwBikG3sjVVOO,14.480638,32.389395,19.859257999999997
138900,a8EbPwqh2KZri/brahfYNQ3usvfGr4ftCRsri04vaNuaTBBF85WJwBikG3sjVVOO,15.127597,39.535208000000004,21.099567
139200,a8EbPwqh2KZri/brahfYNQ3usvfGr4ftCRsri04vaNuaTBBF85WJwBikG3sjVVOO,4.759689,57.113231999999996,24.057498000000002
139500,a8EbPwqh2KZri/brahfYNQ3usvfGr4ftCRsri04vaNuaTBBF85WJwBikG3sjVVOO,15.233162,33.169158,21.964918
139800,a8EbPwqh2KZri/brahfYNQ3usvfGr4ftCRsri04vaNuaTBBF85WJwBikG3sjVVOO,2.344954,52.934442000000004,22.564006
140100,a8EbPwqh2KZri/brahfYNQ3usvfGr4ftCRsri04vaNuaTBBF85WJwBikG3sjVVOO,15.980798000000002,28.122256,20.260373
140400,a8EbPwqh2KZri/brahfYNQ3usvfGr4ftCRsri04vaNuaTBBF85WJwBikG3sjVVOO,5.158765,31.280041999999998,19.586634
140700,a8EbPwqh2KZri/brahfYNQ3usvfGr4ftCRsri04vaNuaTBBF85WJwBikG3sjVVOO,14.982005,29.687466999999998,19.849781
141000,a8EbPwqh2KZri/brahfYNQ3usvfGr4ftCRsri04vaNuaTBBF85WJwBikG3sjVVOO,15.650807,54.64083,23.316082
141300,a8EbPwqh2KZri/brahfYNQ3usvfGr4ftCRsri04vaNuaTBBF85WJwBikG3sjVVOO,14.342629,28.452808,19.675639
141600,a8EbPwqh2KZri/brahfYNQ3usvfGr4ftCRsri04vaNuaTBBF85WJwBikG3sjVVOO,4.5763620000000005,30.055778000000004,19.469856
141900,a8EbPwqh2KZri/brahfYNQ3usvfGr4ftCRsri04vaNuaTBBF85WJwBikG3sjVVOO,4.5169690000000005,25.610804,18.471615
142200,a8EbPwqh2KZri/brahfYNQ3usvfGr4ftCRsri04vaNuaTBBF85WJwBikG3sjVVOO,14.853241,28.849975,20.330258999999998
142500,a8EbPwqh2KZri/brahfYNQ3usvfGr4ftCRsri04vaNuaTBBF85WJwBikG3sjVVOO,1.110226,25.38192,18.194484
142800,a8EbPwqh2KZri/brahfYNQ3usvfGr4ftCRsri04vaNuaTBBF85WJwBikG3sjVVOO,11.345485,65.242836,25.455436
143100,a8EbPwqh2KZri/brahfYNQ3usvfGr4ftCRsri04vaNuaTBBF85WJwBikG3sjVVOO,1.105596,34.170569,20.122978
143400,a8EbPwqh2KZri/brahfYNQ3usvfGr4ftCRsri04vaNuaTBBF85WJwBikG3sjVVOO,14.815276,47.379023,22.020479
143700,a8EbPwqh2KZri/brahfYNQ3usvfGr4ftCRsri04vaNuaTBBF85WJwBikG3sjVVOO,14.293945,36.756144,20.547905
144000,a8EbPwqh2KZri/brahfYNQ3usvfGr4ftCRsri04vaNuaTBBF85WJwBikG3sjVVOO,14.280375,30.110344,20.234929
144300,a8EbPwqh2KZri/brahfYNQ3usvfGr4ftCRsri04vaNuaTBBF85WJwBikG3sjVVOO,1.01496,25.986897,18.877149
144600,a8EbPwqh2KZri/brahfYNQ3usvfGr4ftCRsri04vaNuaTBBF85WJwBikG3sjVVOO,7.032666000000001,27.172634000000002,18.692684
144900,a8EbPwqh2KZri/brahfYNQ3usvfGr4ftCRsri04vaNuaTBBF85WJwBikG3sjVVOO,16.188668,26.349548,19.551748999999997
145200,a8EbPwqh2KZri/brahfYNQ3usvfGr4ftCRsri04vaNuaTBBF85WJwBikG3sjVVOO,1.324039,30.781232,19.106067000000003
145500,a8EbPwqh2KZri/brahfYNQ3usvfGr4ftCRsri04vaNuaTBBF85WJwBikG3sjVVOO,15.793385,28.926571999999997,19.3826
145800,a8EbPwqh2KZri/brahfYNQ3usvfGr4ftCRsri04vaNuaTBBF85WJwBikG3sjVVOO,13.813482,53.49049399999999,22.031995000000002
146100,a8EbPwqh2KZri/brahfYNQ3usvfGr4ftCRsri04vaNuaTBBF85WJwBikG3sjVVOO,14.446954000000002,27.795455,19.72383
146400,a8EbPwqh2KZri/brahfYNQ3usvfGr4ftCRsri04vaNuaTBBF85WJwBikG3sjVVOO,1.62268,98.808335,38.284062
146700,a8EbPwqh2KZri/brahfYNQ3usvfGr4ftCRsri04vaNuaTBBF85WJwBikG3sjVVOO,14.746068,36.881928,22.117642
147000,a8EbPwqh2KZri/brahfYNQ3usvfGr4ftCRsri04vaNuaTBBF85WJwBikG3sjVVOO,6.049633,45.896883,22.591265
147300,a8EbPwqh2KZri/brahfYNQ3usvfGr4ftCRsri04vaNuaTBBF85WJwBikG3sjVVOO,3.6785669999999997,26.092235000000002,18.985936
147600,a8EbPwqh2KZri/brahfYNQ3usvfGr4ftCRsri04vaNuaTBBF85WJwBikG3sjVVOO,15.59499,27.295069,20.257416
147900,a8EbPwqh2KZri/brahfYNQ3usvfGr4ftCRsri04vaNuaTBBF85WJwBikG3sjVVOO,1.437325,24.27604,18.135898
148200,a8EbPwqh2KZri/brahfYNQ3usvfGr4ftCRsri04vaNuaTBBF85WJwBikG3sjVVOO,15.755035999999999,25.538467,19.995314
148500,a8EbPwqh2KZri/brahfYNQ3usvfGr4ftCRsri04vaNuaTBBF85WJwBikG3sjVVOO,5.534619999999999,26.453757,18.924557999999998
148800,a8EbPwqh2KZri/brahfYNQ3usvfGr4ftCRsri04vaNuaTBBF85WJwBikG3sjVVOO,15.342351999999998,26.389063,19.913933
149100,a8EbPwqh2KZri/brahfYNQ3usvfGr4ftCRsri04vaNuaTBBF85WJwBikG3sjVVOO,1.353545,26.198975,18.002602
149400,a8EbPwqh2KZri/brahfYNQ3usvfGr4ftCRsri04vaNuaTBBF85WJwBikG3sjVVOO,13.058985,28.98661,20.108364
149700,a8EbPwqh2KZri/brahfYNQ3usvfGr4ftCRsri04vaNuaTBBF85WJwBikG3sjVVOO,3.021876,24.565073,18.592166
150000,a8EbPwqh2KZri/brahfYNQ3usvfGr4ftCRsri04vaNuaTBBF85WJwBikG3sjVVOO,3.002357,75.356994,27.24887
150300,a8EbPwqh2KZri/brahfYNQ3usvfGr4ftCRsri04vaNuaTBBF85WJwBikG3sjVVOO,14.325817,33.291951,21.164614
150600,a8EbPwqh2KZri/brahfYNQ3usvfGr4ftCRsri04vaNuaTBBF85WJwBikG3sjVVOO,3.247837,48.944503999999995,22.938377
150900,a8EbPwqh2KZri/brahfYNQ3usvfGr4ftCRsri04vaNuaTBBF85WJwBikG3sjVVOO,14.430558,30.043418,20.304351
151200,a8EbPwqh2KZri/brahfYNQ3usvfGr4ftCRsri04vaNuaTBBF85WJwBikG3sjVVOO,1.327645,27.764124,18.799265
151500,a8EbPwqh2KZri/brahfYNQ3usvfGr4ftCRsri04vaNuaTBBF85WJwBikG3sjVVOO,14.635508999999999,27.398157,20.021134
151800,a8EbPwqh2KZri/brahfYNQ3usvfGr4ftCRsri04vaNuaTBBF85WJwBikG3sjVVOO,3.0688419999999996,25.395951999999998,18.424937
152100,a8EbPwqh2KZri/brahfYNQ3usvfGr4ftCRsri04vaNuaTBBF85WJwBikG3sjVVOO,13.965595,29.481467,19.412831
152400,a8EbPwqh2KZri/brahfYNQ3usvfGr4ftCRsri04vaNuaTBBF85WJwBikG3sjVVOO,1.22775,24.924626,18.494441000000002
152700,a8EbPwqh2KZri/brahfYNQ3usvfGr4ftCRsri04vaNuaTBBF85WJwBikG3sjVVOO,2.607616,28.399684000000004,18.37666
153000,a8EbPwqh2KZri/brahfYNQ3usvfGr4ftCRsri04vaNuaTBBF85WJwBikG3sjVVOO,14.753692000000001,26.781681,20.049363
153300,a8EbPwqh2KZri/brahfYNQ3usvfGr4ftCRsri04vaNuaTBBF85WJwBikG3sjVVOO,4.244962999999999,27.095178999999998,18.790689999999998
153600,a8EbPwqh2KZri/brahfYNQ3usvfGr4ftCRsri04vaNuaTBBF85WJwBikG3sjVVOO,14.298989,66.720236,27.543594
153900,a8EbPwqh2KZri/brahfYNQ3usvfGr4ftCRsri04vaNuaTBBF85WJwBikG3sjVVOO,14.361089000000002,74.67090300000001,24.349027
154200,a8EbPwqh2KZri/brahfYNQ3usvfGr4ftCRsri04vaNuaTBBF85WJwBikG3sjVVOO,14.196879999999998,45.590709000000004,22.633570000000002
154500,a8EbPwqh2KZri/brahfYNQ3usvfGr4ftCRsri04vaNuaTBBF85WJwBikG3sjVVOO,15.166167000000002,27.919833,20.332537
154800,a8EbPwqh2KZri/brahfYNQ3usvfGr4ftCRsri04vaNuaTBBF85WJwBikG3sjVVOO,16.330701,26.764713,19.969238
155100,a8EbPwqh2KZri/brahfYNQ3usvfGr4ftCRsri04vaNuaTBBF85WJwBikG3sjVVOO,14.311901,89.159657,26.161405
155400,a8EbPwqh2KZri/brahfYNQ3usvfGr4ftCRsri04vaNuaTBBF85WJwBikG3sjVVOO,15.402279,24.205955,19.463678
155700,a8EbPwqh2KZri/brahfYNQ3usvfGr4ftCRsri04vaNuaTBBF85WJwBikG3sjVVOO,15.329467999999999,25.900961,19.875488
156000,a8EbPwqh2KZri/brahfYNQ3usvfGr4ftCRsri04vaNuaTBBF85WJwBikG3sjVVOO,15.347123999999999,28.248990999999997,19.896424
156300,a8EbPwqh2KZri/brahfYNQ3usvfGr4ftCRsri04vaNuaTBBF85WJwBikG3sjVVOO,15.320808,26.871965000000003,20.043626999999997
156600,a8EbPwqh2KZri/brahfYNQ3usvfGr4ftCRsri04vaNuaTBBF85WJwBikG3sjVVOO,13.074392,30.263060999999997,20.597441
156900,a8EbPwqh2KZri/brahfYNQ3usvfGr4ftCRsri04vaNuaTBBF85WJwBikG3sjVVOO,15.161751999999998,25.547995,20.225857
157200,a8EbPwqh2KZri/brahfYNQ3usvfGr4ftCRsri04vaNuaTBBF85WJwBikG3sjVVOO,14.820127,87.345967,33.250594
157500,a8EbPwqh2KZri/brahfYNQ3usvfGr4ftCRsri04vaNuaTBBF85WJwBikG3sjVVOO,12.504180999999999,67.51509300000001,28.71115
157800,a8EbPwqh2KZri/brahfYNQ3usvfGr4ftCRsri04vaNuaTBBF85WJwBikG3sjVVOO,2.601902,40.981111,21.489848000000002
158100,a8EbPwqh2KZri/brahfYNQ3usvfGr4ftCRsri04vaNuaTBBF85WJwBikG3sjVVOO,1.4123459999999999,24.22674,19.001005
158400,a8EbPwqh2KZri/brahfYNQ3usvfGr4ftCRsri04vaNuaTBBF85WJwBikG3sjVVOO,14.602343,29.654735,19.486231
158700,a8EbPwqh2KZri/brahfYNQ3usvfGr4ftCRsri04vaNuaTBBF85WJwBikG3sjVVOO,17.258460999999997,52.57459,22.859885000000002
159000,a8EbPwqh2KZri/brahfYNQ3usvfGr4ftCRsri04vaNuaTBBF85WJwBikG3sjVVOO,13.872914000000002,26.006259,19.221867
159300,a8EbPwqh2KZri/brahfYNQ3usvfGr4ftCRsri04vaNuaTBBF85WJwBikG3sjVVOO,4.600726,24.051937,18.659777
159600,a8EbPwqh2KZri/brahfYNQ3usvfGr4ftCRsri04vaNuaTBBF85WJwBikG3sjVVOO,14.192324,28.670059000000002,19.951271
159900,a8EbPwqh2KZri/brahfYNQ3usvfGr4ftCRsri04vaNuaTBBF85WJwBikG3sjVVOO,15.217898000000002,39.463377,21.380354
160200,a8EbPwqh2KZri/brahfYNQ3usvfGr4ftCRsri04vaNuaTBBF85WJwBikG3sjVVOO,14.291988,27.904307,20.088896
160500,a8EbPwqh2KZri/brahfYNQ3usvfGr4ftCRsri04vaNuaTBBF85WJwBikG3sjVVOO,10.906823,45.826367,20.808016000000002
160800,a8EbPwqh2KZri/brahfYNQ3usvfGr4ftCRsri04vaNuaTBBF85WJwBikG3sjVVOO,18.257927,95.102003,41.453744
161100,a8EbPwqh2KZri/brahfYNQ3usvfGr4ftCRsri04vaNuaTBBF85WJwBikG3sjVVOO,15.883744,28.864659000000003,22.128577
161400,a8EbPwqh2KZri/brahfYNQ3usvfGr4ftCRsri04vaNuaTBBF85WJwBikG3sjVVOO,14.477303,45.756032,23.880115
161700,a8EbPwqh2KZri/brahfYNQ3usvfGr4ftCRsri04vaNuaTBBF85WJwBikG3sjVVOO,15.59859,27.353016999999998,19.911659
162000,a8EbPwqh2KZri/brahfYNQ3usvfGr4ftCRsri04vaNuaTBBF85WJwBikG3sjVVOO,13.921448999999999,27.180835,20.415489
162300,a8EbPwqh2KZri/brahfYNQ3usvfGr4ftCRsri04vaNuaTBBF85WJwBikG3sjVVOO,15.040198,30.454465000000003,19.67255
162600,a8EbPwqh2KZri/brahfYNQ3usvfGr4ftCRsri04vaNuaTBBF85WJwBikG3sjVVOO,15.295283,35.124871999999996,20.719463
162900,a8EbPwqh2KZri/brahfYNQ3usvfGr4ftCRsri04vaNuaTBBF85WJwBikG3sjVVOO,15.227256,40.475481,20.03696
163200,a8EbPwqh2KZri/brahfYNQ3usvfGr4ftCRsri04vaNuaTBBF85WJwBikG3sjVVOO,14.638612,30.319357,20.394676999999998
163500,a8EbPwqh2KZri/brahfYNQ3usvfGr4ftCRsri04vaNuaTBBF85WJwBikG3sjVVOO,15.108488000000001,30.226758,20.561196
163800,a8EbPwqh2KZri/brahfYNQ3usvfGr4ftCRsri04vaNuaTBBF85WJwBikG3sjVVOO,15.302242000000001,26.537901,20.544604999999997
164100,a8EbPwqh2KZri/brahfYNQ3usvfGr4ftCRsri04vaNuaTBBF85WJwBikG3sjVVOO,15.134532,28.384890000000002,19.744092000000002
164400,a8EbPwqh2KZri/brahfYNQ3usvfGr4ftCRsri04vaNuaTBBF85WJwBikG3sjVVOO,16.281166,61.901688,33.1408
164700,a8EbPwqh2KZri/brahfYNQ3usvfGr4ftCRsri04vaNuaTBBF85WJwBikG3sjVVOO,0.487821,40.82377,23.266386999999998
165000,a8EbPwqh2KZri/brahfYNQ3usvfGr4ftCRsri04vaNuaTBBF85WJwBikG3sjVVOO,15.844589000000001,54.334298,23.370573
165300,a8EbPwqh2KZri/brahfYNQ3usvfGr4ftCRsri04vaNuaTBBF85WJwBikG3sjVVOO,0.275494,28.170617,18.325960000000002
165600,a8EbPwqh2KZri/brahfYNQ3usvfGr4ftCRsri04vaNuaTBBF85WJwBikG3sjVVOO,15.134173,29.044821999999996,20.366928
165900,a8EbPwqh2KZri/brahfYNQ3usvfGr4ftCRsri04vaNuaTBBF85WJwBikG3sjVVOO,0.8392270000000001,27.546081,17.964564000000003
166200,a8EbPwqh2KZri/brahfYNQ3usvfGr4ftCRsri04vaNuaTBBF85WJwBikG3sjVVOO,0.399341,25.727267,17.996012
166500,a8EbPwqh2KZri/brahfYNQ3usvfGr4ftCRsri04vaNuaTBBF85WJwBikG3sjVVOO,14.465489000000002,26.054160999999997,19.535042999999998
166800,a8EbPwqh2KZri/brahfYNQ3usvfGr4ftCRsri04vaNuaTBBF85WJwBikG3sjVVOO,0.8795360000000001,25.118485999999997,18.307612
167100,a8EbPwqh2KZri/brahfYNQ3usvfGr4ftCRsri04vaNuaTBBF85WJwBikG3sjVVOO,15.086504000000001,27.949632,19.847584
167400,a8EbPwqh2KZri/brahfYNQ3usvfGr4ftCRsri04vaNuaTBBF85WJwBikG3sjVVOO,0.499277,31.01275,18.909823
167700,a8EbPwqh2KZri/brahfYNQ3usvfGr4ftCRsri04vaNuaTBBF85WJwBikG3sjVVOO,14.047395999999999,25.890201,19.72249
168000,a8EbPwqh2KZri/brahfYNQ3usvfGr4ftCRsri04vaNuaTBBF85WJwBikG3sjVVOO,0.5533859999999999,64.596183,25.235907
168300,a8EbPwqh2KZri/brahfYNQ3usvfGr4ftCRsri04vaNuaTBBF85WJwBikG3sjVVOO,13.857598999999999,38.997552,21.29769
168600,a8EbPwqh2KZri/brahfYNQ3usvfGr4ftCRsri04vaNuaTBBF85WJwBikG3sjVVOO,1.041854,49.113254,22.02165
168900,a8EbPwqh2KZri/brahfYNQ3usvfGr4ftCRsri04vaNuaTBBF85WJwBikG3sjVVOO,2.339585,27.317490000000003,18.784005
169200,a8EbPwqh2KZri/brahfYNQ3usvfGr4ftCRsri04vaNuaTBBF85WJwBikG3sjVVOO,14.520052,25.401274,19.940274
169500,a8EbPwqh2KZri/brahfYNQ3usvfGr4ftCRsri04vaNuaTBBF85WJwBikG3sjVVOO,0.417563,24.43711,17.972288
169800,a8EbPwqh2KZri/brahfYNQ3usvfGr4ftCRsri04vaNuaTBBF85WJwBikG3sjVVOO,14.853469,27.383984,20.009377999999998
170100,a8EbPwqh2KZri/brahfYNQ3usvfGr4ftCRsri04vaNuaTBBF85WJwBikG3sjVVOO,6.076256,26.170924,18.800527
170400,a8EbPwqh2KZri/brahfYNQ3usvfGr4ftCRsri04vaNuaTBBF85WJwBikG3sjVVOO,14.915509,26.245611,20.042293
170700,a8EbPwqh2KZri/brahfYNQ3usvfGr4ftCRsri04vaNuaTBBF85WJwBikG3sjVVOO,0.642895,24.807493,18.144813
171000,a8EbPwqh2KZri/brahfYNQ3usvfGr4ftCRsri04vaNuaTBBF85WJwBikG3sjVVOO,14.762013,27.598946,20.116518
171300,a8EbPwqh2KZri/brahfYNQ3usvfGr4ftCRsri04vaNuaTBBF85WJwBikG3sjVVOO,9.830105,41.121846999999995,20.357026
171600,a8EbPwqh2KZri/brahfYNQ3usvfGr4ftCRsri04vaNuaTBBF85WJwBikG3sjVVOO,0.269318,69.41589300000001,33.793647
171900,a8EbPwqh2KZri/brahfYNQ3usvfGr4ftCRsri04vaNuaTBBF85WJwBikG3sjVVOO,8.653214,75.721438,39.918759
172200,a8EbPwqh2KZri/brahfYNQ3usvfGr4ftCRsri04vaNuaTBBF85WJwBikG3sjVVOO,0.999885,35.490443,20.556518
172500,a8EbPwqh2KZri/brahfYNQ3usvfGr4ftCRsri04vaNuaTBBF85WJwBikG3sjVVOO,14.935191,35.053897,21.101682
172800,a8EbPwqh2KZri/brahfYNQ3usvfGr4ftCRsri04vaNuaTBBF85WJwBikG3sjVVOO,0.42763199999999996,25.487616,18.099493
173100,a8EbPwqh2KZri/brahfYNQ3usvfGr4ftCRsri04vaNuaTBBF85WJwBikG3sjVVOO,14.458932,34.675357,20.137818
173400,a8EbPwqh2KZri/brahfYNQ3usvfGr4ftCRsri04vaNuaTBBF85WJwBikG3sjVVOO,0.5058199999999999,26.994064,17.81152
173700,a8EbPwqh2KZri/brahfYNQ3usvfGr4ftCRsri04vaNuaTBBF85WJwBikG3sjVVOO,16.02655,32.428521999999994,20.526095
174000,a8EbPwqh2KZri/brahfYNQ3usvfGr4ftCRsri04vaNuaTBBF85WJwBikG3sjVVOO,0.310256,24.668546,17.37049
174300,a8EbPwqh2KZri/brahfYNQ3usvfGr4ftCRsri04vaNuaTBBF85WJwBikG3sjVVOO,0.48229399999999994,31.551474,17.634320000000002
174600,a8EbPwqh2KZri/brahfYNQ3usvfGr4ftCRsri04vaNuaTBBF85WJwBikG3sjVVOO,14.462449,27.695622999999998,19.684459
174900,a8EbPwqh2KZri/brahfYNQ3usvfGr4ftCRsri04vaNuaTBBF85WJwBikG3sjVVOO,0.815561,26.729609000000004,18.692018
175200,a8EbPwqh2KZri/brahfYNQ3usvfGr4ftCRsri04vaNuaTBBF85WJwBikG3sjVVOO,5.436016,65.300499,34.268503
175500,a8EbPwqh2KZri/brahfYNQ3usvfGr4ftCRsri04vaNuaTBBF85WJwBikG3sjVVOO,0.737916,34.765482,19.953004
175800,a8EbPwqh2KZri/brahfYNQ3usvfGr4ftCRsri04vaNuaTBBF85WJwBikG3sjVVOO,15.175555,55.132847,22.997859
176100,a8EbPwqh2KZri/brahfYNQ3usvfGr4ftCRsri04vaNuaTBBF85WJwBikG3sjVVOO,0.7487010000000001,33.334957,19.605483
176400,a8EbPwqh2KZri/brahfYNQ3usvfGr4ftCRsri04vaNuaTBBF85WJwBikG3sjVVOO,15.192812,27.134915999999997,19.789360000000002
176700,a8EbPwqh2KZri/brahfYNQ3usvfGr4ftCRsri04vaNuaTBBF85WJwBikG3sjVVOO,1.1399110000000001,30.029712,18.074991
177000,a8EbPwqh2KZri/brahfYNQ3usvfGr4ftCRsri04vaNuaTBBF85WJwBikG3sjVVOO,0.659466,27.387906,18.218494
177300,a8EbPwqh2KZri/brahfYNQ3usvfGr4ftCRsri04vaNuaTBBF85WJwBikG3sjVVOO,15.853397,27.140413,20.212618
177600,a8EbPwqh2KZri/brahfYNQ3usvfGr4ftCRsri04vaNuaTBBF85WJwBikG3sjVVOO,0.566709,30.955410999999998,18.170432
177900,a8EbPwqh2KZri/brahfYNQ3usvfGr4ftCRsri04vaNuaTBBF85WJwBikG3sjVVOO,15.201324,25.345445,20.029876
178200,a8EbPwqh2KZri/brahfYNQ3usvfGr4ftCRsri04vaNuaTBBF85WJwBikG3sjVVOO,0.741016,27.779032,18.057148
178500,a8EbPwqh2KZri/brahfYNQ3usvfGr4ftCRsri04vaNuaTBBF85WJwBikG3sjVVOO,14.53785,26.134953,20.573348
178800,a8EbPwqh2KZri/brahfYNQ3usvfGr4ftCRsri04vaNuaTBBF85WJwBikG3sjVVOO,10.499413,64.24456500000001,32.045375
179100,a8EbPwqh2KZri/brahfYNQ3usvfGr4ftCRsri04vaNuaTBBF85WJwBikG3sjVVOO,15.727882999999999,36.308735,22.407343
179400,a8EbPwqh2KZri/brahfYNQ3usvfGr4ftCRsri04vaNuaTBBF85WJwBikG3sjVVOO,12.183475,50.542259,22.907017
179700,a8EbPwqh2KZri/brahfYNQ3usvfGr4ftCRsri04vaNuaTBBF85WJwBikG3sjVVOO,10.617875999999999,26.305314000000003,19.619941
180000,a8EbPwqh2KZri/brahfYNQ3usvfGr4ftCRsri04vaNuaTBBF85WJwBikG3sjVVOO,15.737778,27.861851,20.029327
180300,a8EbPwqh2KZri/brahfYNQ3usvfGr4ftCRsri04vaNuaTBBF85WJwBikG3sjVVOO,15.820460999999998,27.306086999999998,19.783904
180600,a8EbPwqh2KZri/brahfYNQ3usvfGr4ftCRsri04vaNuaTBBF85WJwBikG3sjVVOO,15.037459,31.967973999999998,19.802985999999997
180900,a8EbPwqh2KZri/brahfYNQ3usvfGr4ftCRsri04vaNuaTBBF85WJwBikG3sjVVOO,11.869309,24.337706,19.363295
181200,a8EbPwqh2KZri/brahfYNQ3usvfGr4ftCRsri04vaNuaTBBF85WJwBikG3sjVVOO,15.359773,28.679629,19.847431
181500,a8EbPwqh2KZri/brahfYNQ3usvfGr4ftCRsri04vaNuaTBBF85WJwBikG3sjVVOO,15.384448999999998,31.201133000000002,19.773204999999997
181800,a8EbPwqh2KZri/brahfYNQ3usvfGr4ftCRsri04vaNuaTBBF85WJwBikG3sjVVOO,15.302935999999999,27.921352000000002,19.97729
182100,a8EbPwqh2KZri/brahfYNQ3usvfGr4ftCRsri04vaNuaTBBF85WJwBikG3sjVVOO,8.377661,26.950134000000002,19.686278
182400,a8EbPwqh2KZri/brahfYNQ3usvfGr4ftCRsri04vaNuaTBBF85WJwBikG3sjVVOO,0.090278,99.53862,34.240159000000006
182700,a8EbPwqh2KZri/brahfYNQ3usvfGr4ftCRsri04vaNuaTBBF85WJwBikG3sjVVOO,0.950478,56.615033999999994,21.324542
183000,a8EbPwqh2KZri/brahfYNQ3usvfGr4ftCRsri04vaNuaTBBF85WJwBikG3sjVVOO,0.650149,82.941868,18.134873000000002
183300,a8EbPwqh2KZri/brahfYNQ3usvfGr4ftCRsri04vaNuaTBBF85WJwBikG3sjVVOO,15.668709,53.980203,23.864116
183600,a8EbPwqh2KZri/brahfYNQ3usvfGr4ftCRsri04vaNuaTBBF85WJwBikG3sjVVOO,14.895706,30.419797999999997,19.466707999999997
183900,a8EbPwqh2KZri/brahfYNQ3usvfGr4ftCRsri04vaNuaTBBF85WJwBikG3sjVVOO,14.353829999999999,23.556884,19.134099
184200,a8EbPwqh2KZri/brahfYNQ3usvfGr4ftCRsri04vaNuaTBBF85WJwBikG3sjVVOO,0.996769,27.364546999999998,18.029251000000002
184500,a8EbPwqh2KZri/brahfYNQ3usvfGr4ftCRsri04vaNuaTBBF85WJwBikG3sjVVOO,14.243589000000002,25.025489,18.684606
184800,a8EbPwqh2KZri/brahfYNQ3usvfGr4ftCRsri04vaNuaTBBF85WJwBikG3sjVVOO,0.7423890000000001,24.715654,16.819279
185100,a8EbPwqh2KZri/brahfYNQ3usvfGr4ftCRsri04vaNuaTBBF85WJwBikG3sjVVOO,0.9424440000000001,24.546872,17.1976
185400,a8EbPwqh2KZri/brahfYNQ3usvfGr4ftCRsri04vaNuaTBBF85WJwBikG3sjVVOO,15.580060000000001,28.698914000000002,19.555842000000002
185700,a8EbPwqh2KZri/brahfYNQ3usvfGr4ftCRsri04vaNuaTBBF85WJwBikG3sjVVOO,1.037827,25.717107000000002,17.404567999999998
186000,a8EbPwqh2KZri/brahfYNQ3usvfGr4ftCRsri04vaNuaTBBF85WJwBikG3sjVVOO,14.339594,29.573901,19.164765
186300,a8EbPwqh2KZri/brahfYNQ3usvfGr4ftCRsri04vaNuaTBBF85WJwBikG3sjVVOO,4.814419,68.860439,23.665808
186600,a8EbPwqh2KZri/brahfYNQ3usvfGr4ftCRsri04vaNuaTBBF85WJwBikG3sjVVOO,14.294175,55.127027000000005,24.381180999999998
186900,a8EbPwqh2KZri/brahfYNQ3usvfGr4ftCRsri04vaNuaTBBF85WJwBikG3sjVVOO,0.8902469999999999,24.210977,17.230087
187200,a8EbPwqh2KZri/brahfYNQ3usvfGr4ftCRsri04vaNuaTBBF85WJwBikG3sjVVOO,14.377367000000001,25.176273000000002,19.408862
187500,a8EbPwqh2KZri/brahfYNQ3usvfGr4ftCRsri04vaNuaTBBF85WJwBikG3sjVVOO,0.46043900000000004,25.163175,17.390815
187800,a8EbPwqh2KZri/brahfYNQ3usvfGr4ftCRsri04vaNuaTBBF85WJwBikG3sjVVOO,0.36189099999999996,25.147554,17.209856
188100,a8EbPwqh2KZri/brahfYNQ3usvfGr4ftCRsri04vaNuaTBBF85WJwBikG3sjVVOO,14.651193,22.859616,18.620962
188400,a8EbPwqh2KZri/brahfYNQ3usvfGr4ftCRsri04vaNuaTBBF85WJwBikG3sjVVOO,6.113451,24.5043,17.75408
188700,a8EbPwqh2KZri/brahfYNQ3usvfGr4ftCRsri04vaNuaTBBF85WJwBikG3sjVVOO,14.92556,23.263057,18.686799
189000,a8EbPwqh2KZri/brahfYNQ3usvfGr4ftCRsri04vaNuaTBBF85WJwBikG3sjVVOO,0.917171,23.384089000000003,17.211929
189300,a8EbPwqh2KZri/brahfYNQ3usvfGr4ftCRsri04vaNuaTBBF85WJwBikG3sjVVOO,14.133636,24.804734,18.920634
189600,a8EbPwqh2KZri/brahfYNQ3usvfGr4ftCRsri04vaNuaTBBF85WJwBikG3sjVVOO,5.81524,25.06308,18.217563000000002
189900,a8EbPwqh2KZri/brahfYNQ3usvfGr4ftCRsri04vaNuaTBBF85WJwBikG3sjVVOO,14.442228,72.606255,25.464564000000003
190200,a8EbPwqh2KZri/brahfYNQ3usvfGr4ftCRsri04vaNuaTBBF85WJwBikG3sjVVOO,2.5805689999999997,45.979851000000004,22.302757
190500,a8EbPwqh2KZri/brahfYNQ3usvfGr4ftCRsri04vaNuaTBBF85WJwBikG3sjVVOO,13.911437,25.350238,19.07537
190800,a8EbPwqh2KZri/brahfYNQ3usvfGr4ftCRsri04vaNuaTBBF85WJwBikG3sjVVOO,7.785943,23.501703,18.427986999999998
191100,a8EbPwqh2KZri/brahfYNQ3usvfGr4ftCRsri04vaNuaTBBF85WJwBikG3sjVVOO,3.4569989999999997,24.155385,18.363322
191400,a8EbPwqh2KZri/brahfYNQ3usvfGr4ftCRsri04vaNuaTBBF85WJwBikG3sjVVOO,14.080763000000001,24.810407,19.429861
191700,a8EbPwqh2KZri/brahfYNQ3usvfGr4ftCRsri04vaNuaTBBF85WJwBikG3sjVVOO,14.528051000000001,45.179606,20.850058999999998
192000,a8EbPwqh2KZri/brahfYNQ3usvfGr4ftCRsri04vaNuaTBBF85WJwBikG3sjVVOO,14.251165,26.690482,19.048994
192300,a8EbPwqh2KZri/brahfYNQ3usvfGr4ftCRsri04vaNuaTBBF85WJwBikG3sjVVOO,0.768359,24.828726,18.232518
192600,a8EbPwqh2KZri/brahfYNQ3usvfGr4ftCRsri04vaNuaTBBF85WJwBikG3sjVVOO,14.582878,25.143223000000003,19.183425
192900,a8EbPwqh2KZri/brahfYNQ3usvfGr4ftCRsri04vaNuaTBBF85WJwBikG3sjVVOO,4.506963,29.609213,18.493678
193200,a8EbPwqh2KZri/brahfYNQ3usvfGr4ftCRsri04vaNuaTBBF85WJwBikG3sjVVOO,15.417441,25.284612,19.337963000000002
193500,a8EbPwqh2KZri/brahfYNQ3usvfGr4ftCRsri04vaNuaTBBF85WJwBikG3sjVVOO,0.624183,60.850805,24.408645
193800,a8EbPwqh2KZri/brahfYNQ3usvfGr4ftCRsri04vaNuaTBBF85WJwBikG3sjVVOO,6.14226,48.410339,22.221086
194100,a8EbPwqh2KZri/brahfYNQ3usvfGr4ftCRsri04vaNuaTBBF85WJwBikG3sjVVOO,14.931935000000001,25.165166,20.038732
194400,a8EbPwqh2KZri/brahfYNQ3usvfGr4ftCRsri04vaNuaTBBF85WJwBikG3sjVVOO,7.631887,24.516413,18.392478
194700,a8EbPwqh2KZri/brahfYNQ3usvfGr4ftCRsri04vaNuaTBBF85WJwBikG3sjVVOO,14.753585000000001,24.73303,19.747091
195000,a8EbPwqh2KZri/brahfYNQ3usvfGr4ftCRsri04vaNuaTBBF85WJwBikG3sjVVOO,5.93151,25.806172,18.230487
195300,a8EbPwqh2KZri/brahfYNQ3usvfGr4ftCRsri04vaNuaTBBF85WJwBikG3sjVVOO,14.702797,23.674975,19.466006
195600,a8EbPwqh2KZri/brahfYNQ3usvfGr4ftCRsri04vaNuaTBBF85WJwBikG3sjVVOO,4.101817,22.600131,17.461771
195900,a8EbPwqh2KZri/brahfYNQ3usvfGr4ftCRsri04vaNuaTBBF85WJwBikG3sjVVOO,15.306161999999999,23.328016,19.246354
196200,a8EbPwqh2KZri/brahfYNQ3usvfGr4ftCRsri04vaNuaTBBF85WJwBikG3sjVVOO,1.879647,23.510692000000002,17.889957
196500,a8EbPwqh2KZri/brahfYNQ3usvfGr4ftCRsri04vaNuaTBBF85WJwBikG3sjVVOO,15.259013000000001,33.189854,20.148872
196800,a8EbPwqh2KZri/brahfYNQ3usvfGr4ftCRsri04vaNuaTBBF85WJwBikG3sjVVOO,13.308632999999999,28.361306,18.604046
197100,a8EbPwqh2KZri/brahfYNQ3usvfGr4ftCRsri04vaNuaTBBF85WJwBikG3sjVVOO,1.68419,61.158983,23.51248
197400,a8EbPwqh2KZri/brahfYNQ3usvfGr4ftCRsri04vaNuaTBBF85WJwBikG3sjVVOO,16.102435999999997,44.730952,22.839931
197700,a8EbPwqh2KZri/brahfYNQ3usvfGr4ftCRsri04vaNuaTBBF85WJwBikG3sjVVOO,6.265649,26.017726,19.027852
198000,a8EbPwqh2KZri/brahfYNQ3usvfGr4ftCRsri04vaNuaTBBF85WJwBikG3sjVVOO,13.912451999999998,27.587681,19.476039
198300,a8EbPwqh2KZri/brahfYNQ3usvfGr4ftCRsri04vaNuaTBBF85WJwBikG3sjVVOO,9.332636,26.784753000000002,18.302687
198600,a8EbPwqh2KZri/brahfYNQ3usvfGr4ftCRsri04vaNuaTBBF85WJwBikG3sjVVOO,13.768403,27.188312,18.988242
198900,a8EbPwqh2KZri/brahfYNQ3usvfGr4ftCRsri04vaNuaTBBF85WJwBikG3sjVVOO,6.13874,23.692885999999998,18.267915
199200,a8EbPwqh2KZri/brahfYNQ3usvfGr4ftCRsri04vaNuaTBBF85WJwBikG3sjVVOO,13.854060999999998,26.714727000000003,19.598666
199500,a8EbPwqh2KZri/brahfYNQ3usvfGr4ftCRsri04vaNuaTBBF85WJwBikG3sjVVOO,14.653205999999999,23.621138000000002,18.683562
199800,a8EbPwqh2KZri/brahfYNQ3usvfGr4ftCRsri04vaNuaTBBF85WJwBikG3sjVVOO,6.612539999999999,24.610436,18.33965
200100,a8EbPwqh2KZri/brahfYNQ3usvfGr4ftCRsri04vaNuaTBBF85WJwBikG3sjVVOO,14.130861999999999,32.414619,18.996841
200400,a8EbPwqh2KZri/brahfYNQ3usvfGr4ftCRsri04vaNuaTBBF85WJwBikG3sjVVOO,12.647361,24.724442,19.097786
200700,a8EbPwqh2KZri/brahfYNQ3usvfGr4ftCRsri04vaNuaTBBF85WJwBikG3sjVVOO,14.300303,54.166608,24.055864
201000,a8EbPwqh2KZri/brahfYNQ3usvfGr4ftCRsri04vaNuaTBBF85WJwBikG3sjVVOO,1.93418,49.842582,21.753507
201300,a8EbPwqh2KZri/brahfYNQ3usvfGr4ftCRsri04vaNuaTBBF85WJwBikG3sjVVOO,14.350894,25.760972,19.20365
201600,a8EbPwqh2KZri/brahfYNQ3usvfGr4ftCRsri04vaNuaTBBF85WJwBikG3sjVVOO,14.660860999999999,94.75529499999999,27.09533
201900,a8EbPwqh2KZri/brahfYNQ3usvfGr4ftCRsri04vaNuaTBBF85WJwBikG3sjVVOO,14.211462,52.284213,22.118875
202200,a8EbPwqh2KZri/brahfYNQ3usvfGr4ftCRsri04vaNuaTBBF85WJwBikG3sjVVOO,13.825644,26.229762,19.089634
202500,a8EbPwqh2KZri/brahfYNQ3usvfGr4ftCRsri04vaNuaTBBF85WJwBikG3sjVVOO,14.362995999999999,90.720024,25.540435000000002
202800,a8EbPwqh2KZri/brahfYNQ3usvfGr4ftCRsri04vaNuaTBBF85WJwBikG3sjVVOO,13.594056,26.720298,19.066082
203100,a8EbPwqh2KZri/brahfYNQ3usvfGr4ftCRsri04vaNuaTBBF85WJwBikG3sjVVOO,3.969533,25.337336999999998,17.720072000000002
203400,a8EbPwqh2KZri/brahfYNQ3usvfGr4ftCRsri04vaNuaTBBF85WJwBikG3sjVVOO,13.778234,27.922355,19.102315
203700,a8EbPwqh2KZri/brahfYNQ3usvfGr4ftCRsri04vaNuaTBBF85WJwBikG3sjVVOO,14.017957999999998,99.366998,26.405657
204000,a8EbPwqh2KZri/brahfYNQ3usvfGr4ftCRsri04vaNuaTBBF85WJwBikG3sjVVOO,14.176175,28.158417,18.903406
204300,a8EbPwqh2KZri/brahfYNQ3usvfGr4ftCRsri04vaNuaTBBF85WJwBikG3sjVVOO,4.373,52.98828100000001,22.457749
204600,a8EbPwqh2KZri/brahfYNQ3usvfGr4ftCRsri04vaNuaTBBF85WJwBikG3sjVVOO,3.512458,40.591961,22.765573999999997
204900,a8EbPwqh2KZri/brahfYNQ3usvfGr4ftCRsri04vaNuaTBBF85WJwBikG3sjVVOO,13.943173000000002,26.555519,19.50167
205200,a8EbPwqh2KZri/brahfYNQ3usvfGr4ftCRsri04vaNuaTBBF85WJwBikG3sjVVOO,3.72296,25.257045,18.715066
205500,a8EbPwqh2KZri/brahfYNQ3usvfGr4ftCRsri04vaNuaTBBF85WJwBikG3sjVVOO,13.760148000000001,25.186097,19.487116
205800,a8EbPwqh2KZri/brahfYNQ3usvfGr4ftCRsri04vaNuaTBBF85WJwBikG3sjVVOO,2.442327,25.256798,18.385825
206100,a8EbPwqh2KZri/brahfYNQ3usvfGr4ftCRsri04vaNuaTBBF85WJwBikG3sjVVOO,13.910758,24.035851,19.098126999999998
206400,a8EbPwqh2KZri/brahfYNQ3usvfGr4ftCRsri04vaNuaTBBF85WJwBikG3sjVVOO,1.073179,24.915791,18.550127
206700,a8EbPwqh2KZri/brahfYNQ3usvfGr4ftCRsri04vaNuaTBBF85WJwBikG3sjVVOO,14.264497,25.077686,19.034195999999998
207000,a8EbPwqh2KZri/brahfYNQ3usvfGr4ftCRsri04vaNuaTBBF85WJwBikG3sjVVOO,15.506877,30.502847999999997,19.852597
207300,a8EbPwqh2KZri/brahfYNQ3usvfGr4ftCRsri04vaNuaTBBF85WJwBikG3sjVVOO,3.7002599999999997,31.789446,18.79434
207600,a8EbPwqh2KZri/brahfYNQ3usvfGr4ftCRsri04vaNuaTBBF85WJwBikG3sjVVOO,15.966795000000001,25.047042,19.559114
207900,a8EbPwqh2KZri/brahfYNQ3usvfGr4ftCRsri04vaNuaTBBF85WJwBikG3sjVVOO,2.472871,46.574071,22.141373
208200,a8EbPwqh2KZri/brahfYNQ3usvfGr4ftCRsri04vaNuaTBBF85WJwBikG3sjVVOO,14.891487,50.001816,24.515071
208500,a8EbPwqh2KZri/brahfYNQ3usvfGr4ftCRsri04vaNuaTBBF85WJwBikG3sjVVOO,3.61515,27.873851000000002,19.301731
208800,a8EbPwqh2KZri/brahfYNQ3usvfGr4ftCRsri04vaNuaTBBF85WJwBikG3sjVVOO,14.633659,26.379981,19.483026000000002
209100,a8EbPwqh2KZri/brahfYNQ3usvfGr4ftCRsri04vaNuaTBBF85WJwBikG3sjVVOO,4.515682,26.75883,18.577416
209400,a8EbPwqh2KZri/brahfYNQ3usvfGr4ftCRsri04vaNuaTBBF85WJwBikG3sjVVOO,15.878103,24.841106,19.39666
209700,a8EbPwqh2KZri/brahfYNQ3usvfGr4ftCRsri04vaNuaTBBF85WJwBikG3sjVVOO,3.0757220000000003,26.522679999999998,18.624935
210000,a8EbPwqh2KZri/brahfYNQ3usvfGr4ftCRsri04vaNuaTBBF85WJwBikG3sjVVOO,2.855407,25.326971,18.032585
210300,a8EbPwqh2KZri/brahfYNQ3usvfGr4ftCRsri04vaNuaTBBF85WJwBikG3sjVVOO,14.097420000000001,27.433177,19.369269
210600,a8EbPwqh2KZri/brahfYNQ3usvfGr4ftCRsri04vaNuaTBBF85WJwBikG3sjVVOO,4.226862000000001,27.677878999999997,18.26742
210900,a8EbPwqh2KZri/brahfYNQ3usvfGr4ftCRsri04vaNuaTBBF85WJwBikG3sjVVOO,13.504254000000001,25.493774,19.288125
211200,a8EbPwqh2KZri/brahfYNQ3usvfGr4ftCRsri04vaNuaTBBF85WJwBikG3sjVVOO,1.060767,28.893534000000002,18.338263
211500,a8EbPwqh2KZri/brahfYNQ3usvfGr4ftCRsri04vaNuaTBBF85WJwBikG3sjVVOO,14.294123999999998,50.510464,23.765636999999998
211800,a8EbPwqh2KZri/brahfYNQ3usvfGr4ftCRsri04vaNuaTBBF85WJwBikG3sjVVOO,16.272734,50.291022999999996,25.712066
212100,a8EbPwqh2KZri/brahfYNQ3usvfGr4ftCRsri04vaNuaTBBF85WJwBikG3sjVVOO,14.180503,26.266884,19.767798000000003
212400,a8EbPwqh2KZri/brahfYNQ3usvfGr4ftCRsri04vaNuaTBBF85WJwBikG3sjVVOO,13.973728,48.493881,21.691933
212700,a8EbPwqh2KZri/brahfYNQ3usvfGr4ftCRsri04vaNuaTBBF85WJwBikG3sjVVOO,14.120351999999999,45.901224,21.821228
213000,a8EbPwqh2KZri/brahfYNQ3usvfGr4ftCRsri04vaNuaTBBF85WJwBikG3sjVVOO,14.5911,25.294804,19.260697
213300,a8EbPwqh2KZri/brahfYNQ3usvfGr4ftCRsri04vaNuaTBBF85WJwBikG3sjVVOO,16.021606,38.625797999999996,21.557238
213600,a8EbPwqh2KZri/brahfYNQ3usvfGr4ftCRsri04vaNuaTBBF85WJwBikG3sjVVOO,14.691425,26.702942999999998,19.091865
213900,a8EbPwqh2KZri/brahfYNQ3usvfGr4ftCRsri04vaNuaTBBF85WJwBikG3sjVVOO,14.980047,80.3505,24.316993
214200,a8EbPwqh2KZri/brahfYNQ3usvfGr4ftCRsri04vaNuaTBBF85WJwBikG3sjVVOO,13.222667000000001,24.978558,18.939159
214500,a8EbPwqh2KZri/brahfYNQ3usvfGr4ftCRsri04vaNuaTBBF85WJwBikG3sjVVOO,13.970029,88.415485,22.466366
214800,a8EbPwqh2KZri/brahfYNQ3usvfGr4ftCRsri04vaNuaTBBF85WJwBikG3sjVVOO,14.17651,27.158951000000002,19.141276
215100,a8EbPwqh2KZri/brahfYNQ3usvfGr4ftCRsri04vaNuaTBBF85WJwBikG3sjVVOO,14.820951,56.104214,25.704473
215400,a8EbPwqh2KZri/brahfYNQ3usvfGr4ftCRsri04vaNuaTBBF85WJwBikG3sjVVOO,2.3377220000000003,51.002722,23.354535000000002
215700,a8EbPwqh2KZri/brahfYNQ3usvfGr4ftCRsri04vaNuaTBBF85WJwBikG3sjVVOO,15.195661,24.278451,20.076228
216000,a8EbPwqh2KZri/brahfYNQ3usvfGr4ftCRsri04vaNuaTBBF85WJwBikG3sjVVOO,2.808985,26.069681,18.184549
216300,a8EbPwqh2KZri/brahfYNQ3usvfGr4ftCRsri04vaNuaTBBF85WJwBikG3sjVVOO,15.280526,24.741201,20.022879
216600,a8EbPwqh2KZri/brahfYNQ3usvfGr4ftCRsri04vaNuaTBBF85WJwBikG3sjVVOO,6.16339,25.907080999999998,18.606486999999998
216900,a8EbPwqh2KZri/brahfYNQ3usvfGr4ftCRsri04vaNuaTBBF85WJwBikG3sjVVOO,14.283154999999999,25.694543,19.494573000000003
217200,a8EbPwqh2KZri/brahfYNQ3usvfGr4ftCRsri04vaNuaTBBF85WJwBikG3sjVVOO,13.318515,35.355505,19.027578
217500,a8EbPwqh2KZri/brahfYNQ3usvfGr4ftCRsri04vaNuaTBBF85WJwBikG3sjVVOO,15.370586,22.989351,19.386774
217800,a8EbPwqh2KZri/brahfYNQ3usvfGr4ftCRsri04vaNuaTBBF85WJwBikG3sjVVOO,2.250743,28.290064,18.403173000000002
218100,a8EbPwqh2KZri/brahfYNQ3usvfGr4ftCRsri04vaNuaTBBF85WJwBikG3sjVVOO,1.380036,25.846131,19.142425
218400,a8EbPwqh2KZri/brahfYNQ3usvfGr4ftCRsri04vaNuaTBBF85WJwBikG3sjVVOO,14.507578,34.232728,19.488792999999998
218700,a8EbPwqh2KZri/brahfYNQ3usvfGr4ftCRsri04vaNuaTBBF85WJwBikG3sjVVOO,2.6312580000000003,46.501376,22.456491
219000,a8EbPwqh2KZri/brahfYNQ3usvfGr4ftCRsri04vaNuaTBBF85WJwBikG3sjVVOO,14.660145000000002,51.730364,24.385673999999998
219300,a8EbPwqh2KZri/brahfYNQ3usvfGr4ftCRsri04vaNuaTBBF85WJwBikG3sjVVOO,2.975634,25.959651,18.699915
219600,a8EbPwqh2KZri/brahfYNQ3usvfGr4ftCRsri04vaNuaTBBF85WJwBikG3sjVVOO,14.166129000000002,26.212912,19.497525
219900,a8EbPwqh2KZri/brahfYNQ3usvfGr4ftCRsri04vaNuaTBBF85WJwBikG3sjVVOO,1.452161,27.204377,18.237420999999998
220200,a8EbPwqh2KZri/brahfYNQ3usvfGr4ftCRsri04vaNuaTBBF85WJwBikG3sjVVOO,13.969370999999999,28.195326,19.363826
220500,a8EbPwqh2KZri/brahfYNQ3usvfGr4ftCRsri04vaNuaTBBF85WJwBikG3sjVVOO,6.211682,24.412657,18.0247
220800,a8EbPwqh2KZri/brahfYNQ3usvfGr4ftCRsri04vaNuaTBBF85WJwBikG3sjVVOO,2.171503,23.538822,16.867525
221100,a8EbPwqh2KZri/brahfYNQ3usvfGr4ftCRsri04vaNuaTBBF85WJwBikG3sjVVOO,14.720691,24.434254,18.799797
221400,a8EbPwqh2KZri/brahfYNQ3usvfGr4ftCRsri04vaNuaTBBF85WJwBikG3sjVVOO,0.47005,26.734902,17.815303
221700,a8EbPwqh2KZri/brahfYNQ3usvfGr4ftCRsri04vaNuaTBBF85WJwBikG3sjVVOO,14.001261999999999,41.780769,19.359485
222000,a8EbPwqh2KZri/brahfYNQ3usvfGr4ftCRsri04vaNuaTBBF85WJwBikG3sjVVOO,1.453559,27.301479999999998,17.616433999999998
222300,a8EbPwqh2KZri/brahfYNQ3usvfGr4ftCRsri04vaNuaTBBF85WJwBikG3sjVVOO,14.494466000000001,47.412214,23.19364
222600,a8EbPwqh2KZri/brahfYNQ3usvfGr4ftCRsri04vaNuaTBBF85WJwBikG3sjVVOO,1.3529,56.535506000000005,22.537376000000002
222900,a8EbPwqh2KZri/brahfYNQ3usvfGr4ftCRsri04vaNuaTBBF85WJwBikG3sjVVOO,14.017261999999999,26.092366000000002,19.486473999999998
223200,a8EbPwqh2KZri/brahfYNQ3usvfGr4ftCRsri04vaNuaTBBF85WJwBikG3sjVVOO,5.675576,25.728248,18.37065
223500,a8EbPwqh2KZri/brahfYNQ3usvfGr4ftCRsri04vaNuaTBBF85WJwBikG3sjVVOO,5.631907,24.509736,17.91382
223800,a8EbPwqh2KZri/brahfYNQ3usvfGr4ftCRsri04vaNuaTBBF85WJwBikG3sjVVOO,13.925189000000001,27.715866,19.346405999999998
224100,a8EbPwqh2KZri/brahfYNQ3usvfGr4ftCRsri04vaNuaTBBF85WJwBikG3sjVVOO,0.796423,23.894536,17.078877
224400,a8EbPwqh2KZri/brahfYNQ3usvfGr4ftCRsri04vaNuaTBBF85WJwBikG3sjVVOO,14.538851999999999,27.375377,19.19171
224700,a8EbPwqh2KZri/brahfYNQ3usvfGr4ftCRsri04vaNuaTBBF85WJwBikG3sjVVOO,13.988745999999999,75.711893,19.868126
225000,a8EbPwqh2KZri/brahfYNQ3usvfGr4ftCRsri04vaNuaTBBF85WJwBikG3sjVVOO,15.314670999999999,23.009613,19.471837
225300,a8EbPwqh2KZri/brahfYNQ3usvfGr4ftCRsri04vaNuaTBBF85WJwBikG3sjVVOO,1.454641,35.681563,19.156014000000003
225600,a8EbPwqh2KZri/brahfYNQ3usvfGr4ftCRsri04vaNuaTBBF85WJwBikG3sjVVOO,14.305603,24.719421,19.10819
225900,a8EbPwqh2KZri/brahfYNQ3usvfGr4ftCRsri04vaNuaTBBF85WJwBikG3sjVVOO,0.387301,43.919177000000005,17.712913
226200,a8EbPwqh2KZri/brahfYNQ3usvfGr4ftCRsri04vaNuaTBBF85WJwBikG3sjVVOO,0.340963,51.016107,23.545288
226500,a8EbPwqh2KZri/brahfYNQ3usvfGr4ftCRsri04vaNuaTBBF85WJwBikG3sjVVOO,14.097694,27.476458,19.474289000000002
226800,a8EbPwqh2KZri/brahfYNQ3usvfGr4ftCRsri04vaNuaTBBF85WJwBikG3sjVVOO,14.089925,53.499155,22.421735
227100,a8EbPwqh2KZri/brahfYNQ3usvfGr4ftCRsri04vaNuaTBBF85WJwBikG3sjVVOO,14.001945999999998,26.040929000000002,19.397085
227400,a8EbPwqh2KZri/brahfYNQ3usvfGr4ftCRsri04vaNuaTBBF85WJwBikG3sjVVOO,0.670132,22.048581,17.497838
227700,a8EbPwqh2KZri/brahfYNQ3usvfGr4ftCRsri04vaNuaTBBF85WJwBikG3sjVVOO,14.328957999999998,25.90639,18.856916000000002
228000,a8EbPwqh2KZri/brahfYNQ3usvfGr4ftCRsri04vaNuaTBBF85WJwBikG3sjVVOO,14.595548999999998,38.54935,20.902411999999998
228300,a8EbPwqh2KZri/brahfYNQ3usvfGr4ftCRsri04vaNuaTBBF85WJwBikG3sjVVOO,13.756472,26.958634000000004,18.771577
228600,a8EbPwqh2KZri/brahfYNQ3usvfGr4ftCRsri04vaNuaTBBF85WJwBikG3sjVVOO,0.791863,23.567116,17.638956
228900,a8EbPwqh2KZri/brahfYNQ3usvfGr4ftCRsri04vaNuaTBBF85WJwBikG3sjVVOO,1.0856629999999998,24.084806,17.41466
229200,a8EbPwqh2KZri/brahfYNQ3usvfGr4ftCRsri04vaNuaTBBF85WJwBikG3sjVVOO,15.016995999999999,23.536172,19.100998999999998
229500,a8EbPwqh2KZri/brahfYNQ3usvfGr4ftCRsri04vaNuaTBBF85WJwBikG3sjVVOO,1.06259,54.246731000000004,22.069876999999998
229800,a8EbPwqh2KZri/brahfYNQ3usvfGr4ftCRsri04vaNuaTBBF85WJwBikG3sjVVOO,15.30166,50.789819,24.396139
230100,a8EbPwqh2KZri/brahfYNQ3usvfGr4ftCRsri04vaNuaTBBF85WJwBikG3sjVVOO,14.621049,30.645574,20.324701
230400,a8EbPwqh2KZri/brahfYNQ3usvfGr4ftCRsri04vaNuaTBBF85WJwBikG3sjVVOO,14.69023,26.394572999999998,19.13009
230700,a8EbPwqh2KZri/brahfYNQ3usvfGr4ftCRsri04vaNuaTBBF85WJwBikG3sjVVOO,14.439107,40.172881,21.006137
231000,a8EbPwqh2KZri/brahfYNQ3usvfGr4ftCRsri04vaNuaTBBF85WJwBikG3sjVVOO,13.981017000000001,26.576324,19.008154
231300,a8EbPwqh2KZri/brahfYNQ3usvfGr4ftCRsri04vaNuaTBBF85WJwBikG3sjVVOO,14.579575,37.742056,20.564032
231600,a8EbPwqh2KZri/brahfYNQ3usvfGr4ftCRsri04vaNuaTBBF85WJwBikG3sjVVOO,14.354981,44.67106,21.333152
231900,a8EbPwqh2KZri/brahfYNQ3usvfGr4ftCRsri04vaNuaTBBF85WJwBikG3sjVVOO,14.270918,27.389590000000002,19.636384
232200,a8EbPwqh2KZri/brahfYNQ3usvfGr4ftCRsri04vaNuaTBBF85WJwBikG3sjVVOO,14.904344,34.638505,19.701943
232500,a8EbPwqh2KZri/brahfYNQ3usvfGr4ftCRsri04vaNuaTBBF85WJwBikG3sjVVOO,14.548117999999999,26.371539000000002,19.948127
232800,a8EbPwqh2KZri/brahfYNQ3usvfGr4ftCRsri04vaNuaTBBF85WJwBikG3sjVVOO,14.990592999999999,43.985332,21.417068
233100,a8EbPwqh2KZri/brahfYNQ3usvfGr4ftCRsri04vaNuaTBBF85WJwBikG3sjVVOO,14.901073,60.190056999999996,24.832938000000002
233400,a8EbPwqh2KZri/brahfYNQ3usvfGr4ftCRsri04vaNuaTBBF85WJwBikG3sjVVOO,1.2231610000000002,52.222646999999995,21.401985
233700,a8EbPwqh2KZri/brahfYNQ3usvfGr4ftCRsri04vaNuaTBBF85WJwBikG3sjVVOO,15.601092999999999,29.908709,20.152684
234000,a8EbPwqh2KZri/brahfYNQ3usvfGr4ftCRsri04vaNuaTBBF85WJwBikG3sjVVOO,1.175617,27.937988,17.442452
234300,a8EbPwqh2KZri/brahfYNQ3usvfGr4ftCRsri04vaNuaTBBF85WJwBikG3sjVVOO,0.6973,24.648922,17.853627
234600,a8EbPwqh2KZri/brahfYNQ3usvfGr4ftCRsri04vaNuaTBBF85WJwBikG3sjVVOO,14.110148,26.455403000000004,19.120137
234900,a8EbPwqh2KZri/brahfYNQ3usvfGr4ftCRsri04vaNuaTBBF85WJwBikG3sjVVOO,0.36666,23.578901000000002,17.993323
235200,a8EbPwqh2KZri/brahfYNQ3usvfGr4ftCRsri04vaNuaTBBF85WJwBikG3sjVVOO,14.945969,27.484325,19.445182
235500,a8EbPwqh2KZri/brahfYNQ3usvfGr4ftCRsri04vaNuaTBBF85WJwBikG3sjVVOO,0.47742399999999996,50.247991999999996,19.58815
235800,a8EbPwqh2KZri/brahfYNQ3usvfGr4ftCRsri04vaNuaTBBF85WJwBikG3sjVVOO,14.248559,28.051178000000004,19.368354999999998
236100,a8EbPwqh2KZri/brahfYNQ3usvfGr4ftCRsri04vaNuaTBBF85WJwBikG3sjVVOO,0.722816,26.825104999999997,18.241206
236400,a8EbPwqh2KZri/brahfYNQ3usvfGr4ftCRsri04vaNuaTBBF85WJwBikG3sjVVOO,14.179012,28.794846000000003,18.918176000000003
236700,a8EbPwqh2KZri/brahfYNQ3usvfGr4ftCRsri04vaNuaTBBF85WJwBikG3sjVVOO,0.771009,55.86770799999999,22.858815
237000,a8EbPwqh2KZri/brahfYNQ3usvfGr4ftCRsri04vaNuaTBBF85WJwBikG3sjVVOO,2.247271,52.125836,23.410888
237300,a8EbPwqh2KZri/brahfYNQ3usvfGr4ftCRsri04vaNuaTBBF85WJwBikG3sjVVOO,15.151913,27.613965000000004,20.369329
237600,a8EbPwqh2KZri/brahfYNQ3usvfGr4ftCRsri04vaNuaTBBF85WJwBikG3sjVVOO,10.812367,25.190638,19.551811999999998
237900,a8EbPwqh2KZri/brahfYNQ3usvfGr4ftCRsri04vaNuaTBBF85WJwBikG3sjVVOO,15.224342000000002,23.695692,19.7233
238200,a8EbPwqh2KZri/brahfYNQ3usvfGr4ftCRsri04vaNuaTBBF85WJwBikG3sjVVOO,14.255060999999998,40.587583,20.331042
238500,a8EbPwqh2KZri/brahfYNQ3usvfGr4ftCRsri04vaNuaTBBF85WJwBikG3sjVVOO,14.149737,22.549670000000003,19.292621
238800,a8EbPwqh2KZri/brahfYNQ3usvfGr4ftCRsri04vaNuaTBBF85WJwBikG3sjVVOO,9.619882,23.830284,18.680564
239100,a8EbPwqh2KZri/brahfYNQ3usvfGr4ftCRsri04vaNuaTBBF85WJwBikG3sjVVOO,14.348033,24.814425,19.24606
239400,a8EbPwqh2KZri/brahfYNQ3usvfGr4ftCRsri04vaNuaTBBF85WJwBikG3sjVVOO,15.051382,47.579817999999996,20.02378
239700,a8EbPwqh2KZri/brahfYNQ3usvfGr4ftCRsri04vaNuaTBBF85WJwBikG3sjVVOO,9.072818,27.684951,19.235885999999997
240000,a8EbPwqh2KZri/brahfYNQ3usvfGr4ftCRsri04vaNuaTBBF85WJwBikG3sjVVOO,13.896585,25.946177,19.241094
240300,a8EbPwqh2KZri/brahfYNQ3usvfGr4ftCRsri04vaNuaTBBF85WJwBikG3sjVVOO,2.476295,47.004281,21.086704
240600,a8EbPwqh2KZri/brahfYNQ3usvfGr4ftCRsri04vaNuaTBBF85WJwBikG3sjVVOO,15.298778,61.290257,28.001832
240900,a8EbPwqh2KZri/brahfYNQ3usvfGr4ftCRsri04vaNuaTBBF85WJwBikG3sjVVOO,11.862129,42.222809999999996,21.133202
241200,a8EbPwqh2KZri/brahfYNQ3usvfGr4ftCRsri04vaNuaTBBF85WJwBikG3sjVVOO,14.269014000000002,28.314218,19.558498
241500,a8EbPwqh2KZri/brahfYNQ3usvfGr4ftCRsri04vaNuaTBBF85WJwBikG3sjVVOO,14.328059,52.610204,20.543634
241800,a8EbPwqh2KZri/brahfYNQ3usvfGr4ftCRsri04vaNuaTBBF85WJwBikG3sjVVOO,14.856589999999999,27.693065999999998,19.223252
242100,a8EbPwqh2KZri/brahfYNQ3usvfGr4ftCRsri04vaNuaTBBF85WJwBikG3sjVVOO,13.951317000000001,40.344757,20.295987
242400,a8EbPwqh2KZri/brahfYNQ3usvfGr4ftCRsri04vaNuaTBBF85WJwBikG3sjVVOO,15.658902,40.925714,20.672697
242700,a8EbPwqh2KZri/brahfYNQ3usvfGr4ftCRsri04vaNuaTBBF85WJwBikG3sjVVOO,14.5873,23.207310999999997,18.685498000000003
243000,a8EbPwqh2KZri/brahfYNQ3usvfGr4ftCRsri04vaNuaTBBF85WJwBikG3sjVVOO,14.96061,30.961754,20.596153
243300,a8EbPwqh2KZri/brahfYNQ3usvfGr4ftCRsri04vaNuaTBBF85WJwBikG3sjVVOO,14.488712,27.258347999999998,19.690002
243600,a8EbPwqh2KZri/brahfYNQ3usvfGr4ftCRsri04vaNuaTBBF85WJwBikG3sjVVOO,14.576571,25.830175,19.080354
243900,a8EbPwqh2KZri/brahfYNQ3usvfGr4ftCRsri04vaNuaTBBF85WJwBikG3sjVVOO,14.924468,45.789778000000005,22.882541
244200,a8EbPwqh2KZri/brahfYNQ3usvfGr4ftCRsri04vaNuaTBBF85WJwBikG3sjVVOO,5.395219,48.626529,21.393291
244500,a8EbPwqh2KZri/brahfYNQ3usvfGr4ftCRsri04vaNuaTBBF85WJwBikG3sjVVOO,15.260125,28.241055,20.443409
244800,a8EbPwqh2KZri/brahfYNQ3usvfGr4ftCRsri04vaNuaTBBF85WJwBikG3sjVVOO,5.7763160000000005,24.823448000000003,18.659073
245100,a8EbPwqh2KZri/brahfYNQ3usvfGr4ftCRsri04vaNuaTBBF85WJwBikG3sjVVOO,1.473766,27.360809000000003,18.134428
245400,a8EbPwqh2KZri/brahfYNQ3usvfGr4ftCRsri04vaNuaTBBF85WJwBikG3sjVVOO,15.257035,25.770835,19.97559
245700,a8EbPwqh2KZri/brahfYNQ3usvfGr4ftCRsri04vaNuaTBBF85WJwBikG3sjVVOO,1.08776,25.763663,17.091147
246000,a8EbPwqh2KZri/brahfYNQ3usvfGr4ftCRsri04vaNuaTBBF85WJwBikG3sjVVOO,14.268773999999999,25.430137,19.776631
246300,a8EbPwqh2KZri/brahfYNQ3usvfGr4ftCRsri04vaNuaTBBF85WJwBikG3sjVVOO,0.48095699999999997,25.01118,17.414723000000002
246600,a8EbPwqh2KZri/brahfYNQ3usvfGr4ftCRsri04vaNuaTBBF85WJwBikG3sjVVOO,15.356056,26.629828999999997,19.373734
246900,a8EbPwqh2KZri/brahfYNQ3usvfGr4ftCRsri04vaNuaTBBF85WJwBikG3sjVVOO,0.544362,26.383872999999998,17.706660999999997
247200,a8EbPwqh2KZri/brahfYNQ3usvfGr4ftCRsri04vaNuaTBBF85WJwBikG3sjVVOO,14.108487,26.088523000000002,19.207289000000003
247500,a8EbPwqh2KZri/brahfYNQ3usvfGr4ftCRsri04vaNuaTBBF85WJwBikG3sjVVOO,0.8188810000000001,52.376884999999994,21.701408999999998
247800,a8EbPwqh2KZri/brahfYNQ3usvfGr4ftCRsri04vaNuaTBBF85WJwBikG3sjVVOO,6.479837,30.797667999999998,20.057374
248100,a8EbPwqh2KZri/brahfYNQ3usvfGr4ftCRsri04vaNuaTBBF85WJwBikG3sjVVOO,13.884345999999999,51.57428,22.994704000000002
248400,a8EbPwqh2KZri/brahfYNQ3usvfGr4ftCRsri04vaNuaTBBF85WJwBikG3sjVVOO,15.373841,24.111027,19.514403
248700,a8EbPwqh2KZri/brahfYNQ3usvfGr4ftCRsri04vaNuaTBBF85WJwBikG3sjVVOO,14.508225,27.754331,19.751037
249000,a8EbPwqh2KZri/brahfYNQ3usvfGr4ftCRsri04vaNuaTBBF85WJwBikG3sjVVOO,6.120553,24.904938,18.26481
249300,a8EbPwqh2KZri/brahfYNQ3usvfGr4ftCRsri04vaNuaTBBF85WJwBikG3sjVVOO,15.200464000000002,28.377195,19.756227
249600,a8EbPwqh2KZri/brahfYNQ3usvfGr4ftCRsri04vaNuaTBBF85WJwBikG3sjVVOO,8.234052,23.241308,18.308741
249900,a8EbPwqh2KZri/brahfYNQ3usvfGr4ftCRsri04vaNuaTBBF85WJwBikG3sjVVOO,14.84225,26.796981,19.398672
250200,a8EbPwqh2KZri/brahfYNQ3usvfGr4ftCRsri04vaNuaTBBF85WJwBikG3sjVVOO,5.553712,23.860183,18.16975
250500,a8EbPwqh2KZri/brahfYNQ3usvfGr4ftCRsri04vaNuaTBBF85WJwBikG3sjVVOO,14.375945999999999,29.880985,20.14855
250800,a8EbPwqh2KZri/brahfYNQ3usvfGr4ftCRsri04vaNuaTBBF85WJwBikG3sjVVOO,15.133529999999999,25.495175,19.291321
251100,a8EbPwqh2KZri/brahfYNQ3usvfGr4ftCRsri04vaNuaTBBF85WJwBikG3sjVVOO,14.538722,56.525677,23.518271
251400,a8EbPwqh2KZri/brahfYNQ3usvfGr4ftCRsri04vaNuaTBBF85WJwBikG3sjVVOO,14.624623999999999,31.313571999999997,20.983973000000002
251700,a8EbPwqh2KZri/brahfYNQ3usvfGr4ftCRsri04vaNuaTBBF85WJwBikG3sjVVOO,3.669125,49.700951,22.476218
252000,a8EbPwqh2KZri/brahfYNQ3usvfGr4ftCRsri04vaNuaTBBF85WJwBikG3sjVVOO,15.460428,28.973502000000003,19.765168
252300,a8EbPwqh2KZri/brahfYNQ3usvfGr4ftCRsri04vaNuaTBBF85WJwBikG3sjVVOO,14.514719,82.504489,25.307422
252600,a8EbPwqh2KZri/brahfYNQ3usvfGr4ftCRsri04vaNuaTBBF85WJwBikG3sjVVOO,14.704638000000001,29.852796,19.71304
252900,a8EbPwqh2KZri/brahfYNQ3usvfGr4ftCRsri04vaNuaTBBF85WJwBikG3sjVVOO,2.08163,30.841376,18.782497
253200,a8EbPwqh2KZri/brahfYNQ3usvfGr4ftCRsri04vaNuaTBBF85WJwBikG3sjVVOO,13.866921,27.382247999999997,19.285588
253500,a8EbPwqh2KZri/brahfYNQ3usvfGr4ftCRsri04vaNuaTBBF85WJwBikG3sjVVOO,14.882041000000001,73.382413,24.747206
253800,a8EbPwqh2KZri/brahfYNQ3usvfGr4ftCRsri04vaNuaTBBF85WJwBikG3sjVVOO,1.4411479999999999,25.078051000000002,17.872156
254100,a8EbPwqh2KZri/brahfYNQ3usvfGr4ftCRsri04vaNuaTBBF85WJwBikG3sjVVOO,14.632507,29.570227000000003,20.573937
254400,a8EbPwqh2KZri/brahfYNQ3usvfGr4ftCRsri04vaNuaTBBF85WJwBikG3sjVVOO,11.969422999999999,28.919026000000002,18.844251
254700,a8EbPwqh2KZri/brahfYNQ3usvfGr4ftCRsri04vaNuaTBBF85WJwBikG3sjVVOO,14.105629,53.74601,23.42719
255000,a8EbPwqh2KZri/brahfYNQ3usvfGr4ftCRsri04vaNuaTBBF85WJwBikG3sjVVOO,1.3610010000000001,26.654293,18.658354
255300,a8EbPwqh2KZri/brahfYNQ3usvfGr4ftCRsri04vaNuaTBBF85WJwBikG3sjVVOO,15.04355,52.708935,22.651622
255600,a8EbPwqh2KZri/brahfYNQ3usvfGr4ftCRsri04vaNuaTBBF85WJwBikG3sjVVOO,6.713800999999999,26.183286,18.814398999999998
255900,a8EbPwqh2KZri/brahfYNQ3usvfGr4ftCRsri04vaNuaTBBF85WJwBikG3sjVVOO,14.843294,27.908975,20.116187
256200,a8EbPwqh2KZri/brahfYNQ3usvfGr4ftCRsri04vaNuaTBBF85WJwBikG3sjVVOO,0.661963,28.090456,18.611403
256500,a8EbPwqh2KZri/brahfYNQ3usvfGr4ftCRsri04vaNuaTBBF85WJwBikG3sjVVOO,14.478879000000001,45.674725,21.864819
256800,a8EbPwqh2KZri/brahfYNQ3usvfGr4ftCRsri04vaNuaTBBF85WJwBikG3sjVVOO,14.187692000000002,28.606375,19.397236
257100,a8EbPwqh2KZri/brahfYNQ3usvfGr4ftCRsri04vaNuaTBBF85WJwBikG3sjVVOO,2.599415,24.964123999999998,19.136231
257400,a8EbPwqh2KZri/brahfYNQ3usvfGr4ftCRsri04vaNuaTBBF85WJwBikG3sjVVOO,14.983070000000001,30.447253000000003,19.339458999999998
257700,a8EbPwqh2KZri/brahfYNQ3usvfGr4ftCRsri04vaNuaTBBF85WJwBikG3sjVVOO,5.260638,26.076309,19.463629
258000,a8EbPwqh2KZri/brahfYNQ3usvfGr4ftCRsri04vaNuaTBBF85WJwBikG3sjVVOO,10.638542999999999,27.544721999999997,18.481195
258300,a8EbPwqh2KZri/brahfYNQ3usvfGr4ftCRsri04vaNuaTBBF85WJwBikG3sjVVOO,7.015907,76.207223,27.195209000000002
258600,a8EbPwqh2KZri/brahfYNQ3usvfGr4ftCRsri04vaNuaTBBF85WJwBikG3sjVVOO,13.917485999999998,35.723372,21.156814
258900,a8EbPwqh2KZri/brahfYNQ3usvfGr4ftCRsri04vaNuaTBBF85WJwBikG3sjVVOO,1.593299,51.921655,22.357691
259200,a8EbPwqh2KZri/brahfYNQ3usvfGr4ftCRsri04vaNuaTBBF85WJwBikG3sjVVOO,3.327863,28.547007,19.293457999999998
259500,a8EbPwqh2KZri/brahfYNQ3usvfGr4ftCRsri04vaNuaTBBF85WJwBikG3sjVVOO,15.228397,25.968081,19.65491
259800,a8EbPwqh2KZri/brahfYNQ3usvfGr4ftCRsri04vaNuaTBBF85WJwBikG3sjVVOO,2.869993,31.304136,19.09345
260100,a8EbPwqh2KZri/brahfYNQ3usvfGr4ftCRsri04vaNuaTBBF85WJwBikG3sjVVOO,15.406536,30.152969,19.363026
260400,a8EbPwqh2KZri/brahfYNQ3usvfGr4ftCRsri04vaNuaTBBF85WJwBikG3sjVVOO,2.700552,27.567627,19.553760999999998
260700,a8EbPwqh2KZri/brahfYNQ3usvfGr4ftCRsri04vaNuaTBBF85WJwBikG3sjVVOO,15.705302,25.657374,19.457165
261000,a8EbPwqh2KZri/brahfYNQ3usvfGr4ftCRsri04vaNuaTBBF85WJwBikG3sjVVOO,10.941148,28.155261,19.035443
261300,a8EbPwqh2KZri/brahfYNQ3usvfGr4ftCRsri04vaNuaTBBF85WJwBikG3sjVVOO,15.254904000000002,28.414658000000003,19.837785
261600,a8EbPwqh2KZri/brahfYNQ3usvfGr4ftCRsri04vaNuaTBBF85WJwBikG3sjVVOO,11.907957000000001,25.651575,18.968789
261900,a8EbPwqh2KZri/brahfYNQ3usvfGr4ftCRsri04vaNuaTBBF85WJwBikG3sjVVOO,14.944631,62.987127,24.223866
262200,a8EbPwqh2KZri/brahfYNQ3usvfGr4ftCRsri04vaNuaTBBF85WJwBikG3sjVVOO,2.097455,49.825368,21.401783
262500,a8EbPwqh2KZri/brahfYNQ3usvfGr4ftCRsri04vaNuaTBBF85WJwBikG3sjVVOO,16.309785,47.354165,23.828654999999998
262800,a8EbPwqh2KZri/brahfYNQ3usvfGr4ftCRsri04vaNuaTBBF85WJwBikG3sjVVOO,15.327497,27.548009999999998,19.93511
263100,a8EbPwqh2KZri/brahfYNQ3usvfGr4ftCRsri04vaNuaTBBF85WJwBikG3sjVVOO,2.120751,28.653942999999998,18.716496
263400,a8EbPwqh2KZri/brahfYNQ3usvfGr4ftCRsri04vaNuaTBBF85WJwBikG3sjVVOO,14.93529,27.104753000000002,19.76643
263700,a8EbPwqh2KZri/brahfYNQ3usvfGr4ftCRsri04vaNuaTBBF85WJwBikG3sjVVOO,3.9913790000000002,24.727051,18.524137
264000,a8EbPwqh2KZri/brahfYNQ3usvfGr4ftCRsri04vaNuaTBBF85WJwBikG3sjVVOO,15.582997,26.179513,19.612026
264300,a8EbPwqh2KZri/brahfYNQ3usvfGr4ftCRsri04vaNuaTBBF85WJwBikG3sjVVOO,4.907121,24.05068,18.06271
264600,a8EbPwqh2KZri/brahfYNQ3usvfGr4ftCRsri04vaNuaTBBF85WJwBikG3sjVVOO,7.034528999999999,23.900146,18.974729999999997
264900,a8EbPwqh2KZri/brahfYNQ3usvfGr4ftCRsri04vaNuaTBBF85WJwBikG3sjVVOO,15.024757000000001,32.152819,19.882198000000002
265200,a8EbPwqh2KZri/brahfYNQ3usvfGr4ftCRsri04vaNuaTBBF85WJwBikG3sjVVOO,3.568665,25.195628,18.951097
265500,a8EbPwqh2KZri/brahfYNQ3usvfGr4ftCRsri04vaNuaTBBF85WJwBikG3sjVVOO,14.78935,56.019245,22.481125
265800,a8EbPwqh2KZri/brahfYNQ3usvfGr4ftCRsri04vaNuaTBBF85WJwBikG3sjVVOO,12.693691000000001,36.730507,22.626693
266100,a8EbPwqh2KZri/brahfYNQ3usvfGr4ftCRsri04vaNuaTBBF85WJwBikG3sjVVOO,15.318898999999998,54.160817,22.514803
266400,a8EbPwqh2KZri/brahfYNQ3usvfGr4ftCRsri04vaNuaTBBF85WJwBikG3sjVVOO,8.14995,25.62174,19.344017
266700,a8EbPwqh2KZri/brahfYNQ3usvfGr4ftCRsri04vaNuaTBBF85WJwBikG3sjVVOO,14.659698,27.236413,19.522382999999998
267000,a8EbPwqh2KZri/brahfYNQ3usvfGr4ftCRsri04vaNuaTBBF85WJwBikG3sjVVOO,2.6069,23.853236,18.76813
267300,a8EbPwqh2KZri/brahfYNQ3usvfGr4ftCRsri04vaNuaTBBF85WJwBikG3sjVVOO,14.147545000000001,55.24003100000001,22.662698000000002
267600,a8EbPwqh2KZri/brahfYNQ3usvfGr4ftCRsri04vaNuaTBBF85WJwBikG3sjVVOO,15.104396,24.291593,19.553238
267900,a8EbPwqh2KZri/brahfYNQ3usvfGr4ftCRsri04vaNuaTBBF85WJwBikG3sjVVOO,5.5903599999999996,25.294451000000002,18.021267
268200,a8EbPwqh2KZri/brahfYNQ3usvfGr4ftCRsri04vaNuaTBBF85WJwBikG3sjVVOO,14.597894,25.458363000000002,19.794543
268500,a8EbPwqh2KZri/brahfYNQ3usvfGr4ftCRsri04vaNuaTBBF85WJwBikG3sjVVOO,7.477572,27.234638,19.336422
268800,a8EbPwqh2KZri/brahfYNQ3usvfGr4ftCRsri04vaNuaTBBF85WJwBikG3sjVVOO,15.063471,24.696934,19.530718
269100,a8EbPwqh2KZri/brahfYNQ3usvfGr4ftCRsri04vaNuaTBBF85WJwBikG3sjVVOO,12.397903999999999,49.987706,23.552522
269400,a8EbPwqh2KZri/brahfYNQ3usvfGr4ftCRsri04vaNuaTBBF85WJwBikG3sjVVOO,15.510979999999998,27.927671999999998,21.622963000000002
269700,a8EbPwqh2KZri/brahfYNQ3usvfGr4ftCRsri04vaNuaTBBF85WJwBikG3sjVVOO,14.877009,87.131178,29.748396999999997
270000,a8EbPwqh2KZri/brahfYNQ3usvfGr4ftCRsri04vaNuaTBBF85WJwBikG3sjVVOO,15.704679999999998,42.109812,22.242619
270300,a8EbPwqh2KZri/brahfYNQ3usvfGr4ftCRsri04vaNuaTBBF85WJwBikG3sjVVOO,14.525779,31.378242999999998,20.168533
270600,a8EbPwqh2KZri/brahfYNQ3usvfGr4ftCRsri04vaNuaTBBF85WJwBikG3sjVVOO,14.804151999999998,37.440125,21.112967
270900,a8EbPwqh2KZri/brahfYNQ3usvfGr4ftCRsri04vaNuaTBBF85WJwBikG3sjVVOO,15.096873,28.754857,19.770570000000003
271200,a8EbPwqh2KZri/brahfYNQ3usvfGr4ftCRsri04vaNuaTBBF85WJwBikG3sjVVOO,14.090512,46.501924,21.525369
271500,a8EbPwqh2KZri/brahfYNQ3usvfGr4ftCRsri04vaNuaTBBF85WJwBikG3sjVVOO,14.280454,28.208137,19.654715
271800,a8EbPwqh2KZri/brahfYNQ3usvfGr4ftCRsri04vaNuaTBBF85WJwBikG3sjVVOO,15.145403,45.188059,21.839917
272100,a8EbPwqh2KZri/brahfYNQ3usvfGr4ftCRsri04vaNuaTBBF85WJwBikG3sjVVOO,14.716779,27.416040000000002,19.780404
272400,a8EbPwqh2KZri/brahfYNQ3usvfGr4ftCRsri04vaNuaTBBF85WJwBikG3sjVVOO,15.098914,81.088584,25.108895999999998
272700,a8EbPwqh2KZri/brahfYNQ3usvfGr4ftCRsri04vaNuaTBBF85WJwBikG3sjVVOO,15.252842999999999,89.712541,26.672563
273000,a8EbPwqh2KZri/brahfYNQ3usvfGr4ftCRsri04vaNuaTBBF85WJwBikG3sjVVOO,15.486208999999999,36.216159000000005,21.447967000000002
273300,a8EbPwqh2KZri/brahfYNQ3usvfGr4ftCRsri04vaNuaTBBF85WJwBikG3sjVVOO,11.596175,44.129445000000004,26.074107
273600,a8EbPwqh2KZri/brahfYNQ3usvfGr4ftCRsri04vaNuaTBBF85WJwBikG3sjVVOO,15.582876,27.066972999999997,19.556757
273900,a8EbPwqh2KZri/brahfYNQ3usvfGr4ftCRsri04vaNuaTBBF85WJwBikG3sjVVOO,10.396746,26.726519,18.787179000000002
274200,a8EbPwqh2KZri/brahfYNQ3usvfGr4ftCRsri04vaNuaTBBF85WJwBikG3sjVVOO,15.095582,24.224009,19.171714
274500,a8EbPwqh2KZri/brahfYNQ3usvfGr4ftCRsri04vaNuaTBBF85WJwBikG3sjVVOO,15.778338,44.793183,22.09834
274800,a8EbPwqh2KZri/brahfYNQ3usvfGr4ftCRsri04vaNuaTBBF85WJwBikG3sjVVOO,14.871301999999998,24.097659,19.014232999999997
275100,a8EbPwqh2KZri/brahfYNQ3usvfGr4ftCRsri04vaNuaTBBF85WJwBikG3sjVVOO,14.603288000000001,49.280157,21.262679000000002
275400,a8EbPwqh2KZri/brahfYNQ3usvfGr4ftCRsri04vaNuaTBBF85WJwBikG3sjVVOO,14.930476,44.851357,20.678487
275700,a8EbPwqh2KZri/brahfYNQ3usvfGr4ftCRsri04vaNuaTBBF85WJwBikG3sjVVOO,15.446457999999998,31.761781,19.745033
276000,a8EbPwqh2KZri/brahfYNQ3usvfGr4ftCRsri04vaNuaTBBF85WJwBikG3sjVVOO,14.874747,58.894859,21.846624
276300,a8EbPwqh2KZri/brahfYNQ3usvfGr4ftCRsri04vaNuaTBBF85WJwBikG3sjVVOO,15.201371,53.067927000000005,24.554433
276600,a8EbPwqh2KZri/brahfYNQ3usvfGr4ftCRsri04vaNuaTBBF85WJwBikG3sjVVOO,16.052329999999998,45.367457,23.453277
276900,a8EbPwqh2KZri/brahfYNQ3usvfGr4ftCRsri04vaNuaTBBF85WJwBikG3sjVVOO,16.638565,56.233738,24.298752
277200,a8EbPwqh2KZri/brahfYNQ3usvfGr4ftCRsri04vaNuaTBBF85WJwBikG3sjVVOO,4.778949,23.028102,18.617769
277500,a8EbPwqh2KZri/brahfYNQ3usvfGr4ftCRsri04vaNuaTBBF85WJwBikG3sjVVOO,15.194423,27.851295,20.695415
277800,a8EbPwqh2KZri/brahfYNQ3usvfGr4ftCRsri04vaNuaTBBF85WJwBikG3sjVVOO,1.305088,27.597056,18.557522
278100,a8EbPwqh2KZri/brahfYNQ3usvfGr4ftCRsri04vaNuaTBBF85WJwBikG3sjVVOO,2.508175,23.499462,18.962346
278400,a8EbPwqh2KZri/brahfYNQ3usvfGr4ftCRsri04vaNuaTBBF85WJwBikG3sjVVOO,14.785397,27.958954,19.522420999999998
278700,a8EbPwqh2KZri/brahfYNQ3usvfGr4ftCRsri04vaNuaTBBF85WJwBikG3sjVVOO,3.1261669999999997,25.552429999999998,18.921866
279000,a8EbPwqh2KZri/brahfYNQ3usvfGr4ftCRsri04vaNuaTBBF85WJwBikG3sjVVOO,15.710667,30.018909999999998,19.751073
279300,a8EbPwqh2KZri/brahfYNQ3usvfGr4ftCRsri04vaNuaTBBF85WJwBikG3sjVVOO,14.740537,36.175131,21.583356
279600,a8EbPwqh2KZri/brahfYNQ3usvfGr4ftCRsri04vaNuaTBBF85WJwBikG3sjVVOO,14.574314999999999,25.988615,19.592797
279900,a8EbPwqh2KZri/brahfYNQ3usvfGr4ftCRsri04vaNuaTBBF85WJwBikG3sjVVOO,4.788164,54.327959,23.205858
280200,a8EbPwqh2KZri/brahfYNQ3usvfGr4ftCRsri04vaNuaTBBF85WJwBikG3sjVVOO,14.729056,41.6703,21.879965
280500,a8EbPwqh2KZri/brahfYNQ3usvfGr4ftCRsri04vaNuaTBBF85WJwBikG3sjVVOO,15.491769,71.956805,25.865287
280800,a8EbPwqh2KZri/brahfYNQ3usvfGr4ftCRsri04vaNuaTBBF85WJwBikG3sjVVOO,10.790991,32.060996,19.94031
281100,a8EbPwqh2KZri/brahfYNQ3usvfGr4ftCRsri04vaNuaTBBF85WJwBikG3sjVVOO,14.033439999999999,26.696553,19.602729999999998
281400,a8EbPwqh2KZri/brahfYNQ3usvfGr4ftCRsri04vaNuaTBBF85WJwBikG3sjVVOO,14.094532999999998,54.77814300000001,23.14445
281700,a8EbPwqh2KZri/brahfYNQ3usvfGr4ftCRsri04vaNuaTBBF85WJwBikG3sjVVOO,14.850676000000002,26.576634999999996,19.449378
282000,a8EbPwqh2KZri/brahfYNQ3usvfGr4ftCRsri04vaNuaTBBF85WJwBikG3sjVVOO,3.9219410000000003,28.104178000000005,18.672267
282300,a8EbPwqh2KZri/brahfYNQ3usvfGr4ftCRsri04vaNuaTBBF85WJwBikG3sjVVOO,14.797114,23.660998,19.114659
282600,a8EbPwqh2KZri/brahfYNQ3usvfGr4ftCRsri04vaNuaTBBF85WJwBikG3sjVVOO,5.876206,30.022247999999998,18.772864000000002
282900,a8EbPwqh2KZri/brahfYNQ3usvfGr4ftCRsri04vaNuaTBBF85WJwBikG3sjVVOO,14.622676,25.52607,19.698654
283200,a8EbPwqh2KZri/brahfYNQ3usvfGr4ftCRsri04vaNuaTBBF85WJwBikG3sjVVOO,2.0790330000000004,26.603092999999998,18.677454
283500,a8EbPwqh2KZri/brahfYNQ3usvfGr4ftCRsri04vaNuaTBBF85WJwBikG3sjVVOO,14.870064000000001,73.81306500000001,23.647634
283800,a8EbPwqh2KZri/brahfYNQ3usvfGr4ftCRsri04vaNuaTBBF85WJwBikG3sjVVOO,14.667394,31.646358000000003,21.884686
284100,a8EbPwqh2KZri/brahfYNQ3usvfGr4ftCRsri04vaNuaTBBF85WJwBikG3sjVVOO,15.674485,88.211424,27.876568
284400,a8EbPwqh2KZri/brahfYNQ3usvfGr4ftCRsri04vaNuaTBBF85WJwBikG3sjVVOO,15.420062,25.531597,20.733957
284700,a8EbPwqh2KZri/brahfYNQ3usvfGr4ftCRsri04vaNuaTBBF85WJwBikG3sjVVOO,11.899977999999999,27.265446,19.384229
285000,a8EbPwqh2KZri/brahfYNQ3usvfGr4ftCRsri04vaNuaTBBF85WJwBikG3sjVVOO,14.799998,26.113389,20.310252
285300,a8EbPwqh2KZri/brahfYNQ3usvfGr4ftCRsri04vaNuaTBBF85WJwBikG3sjVVOO,14.495457,41.095473,20.581626999999997
285600,a8EbPwqh2KZri/brahfYNQ3usvfGr4ftCRsri04vaNuaTBBF85WJwBikG3sjVVOO,11.749205,26.162179000000002,19.557765
285900,a8EbPwqh2KZri/brahfYNQ3usvfGr4ftCRsri04vaNuaTBBF85WJwBikG3sjVVOO,12.626309,24.215165,19.229245000000002
286200,a8EbPwqh2KZri/brahfYNQ3usvfGr4ftCRsri04vaNuaTBBF85WJwBikG3sjVVOO,14.587923000000002,51.747748,22.241459
286500,a8EbPwqh2KZri/brahfYNQ3usvfGr4ftCRsri04vaNuaTBBF85WJwBikG3sjVVOO,14.402308999999999,30.644940999999996,19.767591
286800,a8EbPwqh2KZri/brahfYNQ3usvfGr4ftCRsri04vaNuaTBBF85WJwBikG3sjVVOO,14.45115,26.377551,19.751422
287100,a8EbPwqh2KZri/brahfYNQ3usvfGr4ftCRsri04vaNuaTBBF85WJwBikG3sjVVOO,14.855471,54.09528100000001,23.566459
287400,a8EbPwqh2KZri/brahfYNQ3usvfGr4ftCRsri04vaNuaTBBF85WJwBikG3sjVVOO,0.748524,30.528534000000004,19.689158
287700,a8EbPwqh2KZri/brahfYNQ3usvfGr4ftCRsri04vaNuaTBBF85WJwBikG3sjVVOO,14.657430999999999,42.702585,22.511277
288000,a8EbPwqh2KZri/brahfYNQ3usvfGr4ftCRsri04vaNuaTBBF85WJwBikG3sjVVOO,14.8752,26.482507000000002,20.503529
288300,a8EbPwqh2KZri/brahfYNQ3usvfGr4ftCRsri04vaNuaTBBF85WJwBikG3sjVVOO,14.638494,30.762757,20.151373
288600,a8EbPwqh2KZri/brahfYNQ3usvfGr4ftCRsri04vaNuaTBBF85WJwBikG3sjVVOO,0.627682,24.230047,18.484473
288900,a8EbPwqh2KZri/brahfYNQ3usvfGr4ftCRsri04vaNuaTBBF85WJwBikG3sjVVOO,15.232544,73.829406,22.057038000000002
289200,a8EbPwqh2KZri/brahfYNQ3usvfGr4ftCRsri04vaNuaTBBF85WJwBikG3sjVVOO,15.005138,28.957383,19.713760999999998
289500,a8EbPwqh2KZri/brahfYNQ3usvfGr4ftCRsri04vaNuaTBBF85WJwBikG3sjVVOO,0.42684399999999995,26.816663000000002,18.294553
289800,a8EbPwqh2KZri/brahfYNQ3usvfGr4ftCRsri04vaNuaTBBF85WJwBikG3sjVVOO,14.516272,26.336052000000002,19.942102
290100,a8EbPwqh2KZri/brahfYNQ3usvfGr4ftCRsri04vaNuaTBBF85WJwBikG3sjVVOO,12.113047,27.582973,19.864781
290400,a8EbPwqh2KZri/brahfYNQ3usvfGr4ftCRsri04vaNuaTBBF85WJwBikG3sjVVOO,15.513137,28.6521,19.936222
290700,a8EbPwqh2KZri/brahfYNQ3usvfGr4ftCRsri04vaNuaTBBF85WJwBikG3sjVVOO,0.764023,61.507627,21.017727
291000,a8EbPwqh2KZri/brahfYNQ3usvfGr4ftCRsri04vaNuaTBBF85WJwBikG3sjVVOO,1.449746,52.83784300000001,24.730468
291300,a8EbPwqh2KZri/brahfYNQ3usvfGr4ftCRsri04vaNuaTBBF85WJwBikG3sjVVOO,8.436195,46.672284999999995,21.596035999999998
291600,a8EbPwqh2KZri/brahfYNQ3usvfGr4ftCRsri04vaNuaTBBF85WJwBikG3sjVVOO,0.544858,27.214284999999997,18.696012
291900,a8EbPwqh2KZri/brahfYNQ3usvfGr4ftCRsri04vaNuaTBBF85WJwBikG3sjVVOO,14.877210999999999,26.492953000000004,20.094911
292200,a8EbPwqh2KZri/brahfYNQ3usvfGr4ftCRsri04vaNuaTBBF85WJwBikG3sjVVOO,2.55067,24.765204999999998,17.904644
292500,a8EbPwqh2KZri/brahfYNQ3usvfGr4ftCRsri04vaNuaTBBF85WJwBikG3sjVVOO,14.963804999999999,25.365789000000003,19.806732
292800,a8EbPwqh2KZri/brahfYNQ3usvfGr4ftCRsri04vaNuaTBBF85WJwBikG3sjVVOO,0.44937299999999997,31.410636,18.140972
293100,a8EbPwqh2KZri/brahfYNQ3usvfGr4ftCRsri04vaNuaTBBF85WJwBikG3sjVVOO,16.457613000000002,25.785988,20.104963
293400,a8EbPwqh2KZri/brahfYNQ3usvfGr4ftCRsri04vaNuaTBBF85WJwBikG3sjVVOO,2.4222069999999998,25.771997,17.642139999999998
293700,a8EbPwqh2KZri/brahfYNQ3usvfGr4ftCRsri04vaNuaTBBF85WJwBikG3sjVVOO,14.579259,26.148270999999998,20.171699
294000,a8EbPwqh2KZri/brahfYNQ3usvfGr4ftCRsri04vaNuaTBBF85WJwBikG3sjVVOO,1.049976,28.864608,17.936666
294300,a8EbPwqh2KZri/brahfYNQ3usvfGr4ftCRsri04vaNuaTBBF85WJwBikG3sjVVOO,0.16483499999999998,67.813351,22.879829
294600,a8EbPwqh2KZri/brahfYNQ3usvfGr4ftCRsri04vaNuaTBBF85WJwBikG3sjVVOO,15.738994,34.060285,22.48538
294900,a8EbPwqh2KZri/brahfYNQ3usvfGr4ftCRsri04vaNuaTBBF85WJwBikG3sjVVOO,0.570146,41.899865000000005,22.300461
295200,a8EbPwqh2KZri/brahfYNQ3usvfGr4ftCRsri04vaNuaTBBF85WJwBikG3sjVVOO,15.345151000000001,28.138666999999998,20.341031
295500,a8EbPwqh2KZri/brahfYNQ3usvfGr4ftCRsri04vaNuaTBBF85WJwBikG3sjVVOO,0.815906,28.875907,18.648638000000002
295800,a8EbPwqh2KZri/brahfYNQ3usvfGr4ftCRsri04vaNuaTBBF85WJwBikG3sjVVOO,16.406882,24.898772,19.897674
296100,a8EbPwqh2KZri/brahfYNQ3usvfGr4ftCRsri04vaNuaTBBF85WJwBikG3sjVVOO,0.533997,27.616149,18.251261
296400,a8EbPwqh2KZri/brahfYNQ3usvfGr4ftCRsri04vaNuaTBBF85WJwBikG3sjVVOO,15.388829000000001,25.539342,19.631739000000003
296700,a8EbPwqh2KZri/brahfYNQ3usvfGr4ftCRsri04vaNuaTBBF85WJwBikG3sjVVOO,0.8789129999999999,28.551109999999998,18.273504
297000,a8EbPwqh2KZri/brahfYNQ3usvfGr4ftCRsri04vaNuaTBBF85WJwBikG3sjVVOO,0.618445,24.17013,17.66556
297300,a8EbPwqh2KZri/brahfYNQ3usvfGr4ftCRsri04vaNuaTBBF85WJwBikG3sjVVOO,16.275735,26.972239000000002,19.981126
297600,a8EbPwqh2KZri/brahfYNQ3usvfGr4ftCRsri04vaNuaTBBF85WJwBikG3sjVVOO,0.8199489999999999,29.479053999999998,18.329694
297900,a8EbPwqh2KZri/brahfYNQ3usvfGr4ftCRsri04vaNuaTBBF85WJwBikG3sjVVOO,15.058758,55.104431000000005,24.032466
298200,a8EbPwqh2KZri/brahfYNQ3usvfGr4ftCRsri04vaNuaTBBF85WJwBikG3sjVVOO,0.886272,37.698979,19.657779
298500,a8EbPwqh2KZri/brahfYNQ3usvfGr4ftCRsri04vaNuaTBBF85WJwBikG3sjVVOO,15.203291,53.052721,23.495181
298800,a8EbPwqh2KZri/brahfYNQ3usvfGr4ftCRsri04vaNuaTBBF85WJwBikG3sjVVOO,15.317563,33.550737,21.580809
299100,a8EbPwqh2KZri/brahfYNQ3usvfGr4ftCRsri04vaNuaTBBF85WJwBikG3sjVVOO,15.534404,26.526366999999997,20.246222
299400,a8EbPwqh2KZri/brahfYNQ3usvfGr4ftCRsri04vaNuaTBBF85WJwBikG3sjVVOO,15.538198999999999,84.612814,25.388369
299700,a8EbPwqh2KZri/brahfYNQ3usvfGr4ftCRsri04vaNuaTBBF85WJwBikG3sjVVOO,16.948726,33.040615,21.767163
300000,a8EbPwqh2KZri/brahfYNQ3usvfGr4ftCRsri04vaNuaTBBF85WJwBikG3sjVVOO,16.287376000000002,28.806453,19.902763
300300,a8EbPwqh2KZri/brahfYNQ3usvfGr4ftCRsri04vaNuaTBBF85WJwBikG3sjVVOO,14.981535999999998,42.620403,21.880827
300600,a8EbPwqh2KZri/brahfYNQ3usvfGr4ftCRsri04vaNuaTBBF85WJwBikG3sjVVOO,15.505007,27.912156,19.95136
300900,a8EbPwqh2KZri/brahfYNQ3usvfGr4ftCRsri04vaNuaTBBF85WJwBikG3sjVVOO,15.976087,40.29381,21.686265
301200,a8EbPwqh2KZri/brahfYNQ3usvfGr4ftCRsri04vaNuaTBBF85WJwBikG3sjVVOO,16.190419,27.658986,20.009394
301500,a8EbPwqh2KZri/brahfYNQ3usvfGr4ftCRsri04vaNuaTBBF85WJwBikG3sjVVOO,8.641191000000001,70.794119,21.630809
301800,a8EbPwqh2KZri/brahfYNQ3usvfGr4ftCRsri04vaNuaTBBF85WJwBikG3sjVVOO,3.9804269999999997,67.19888399999999,27.614639
302100,a8EbPwqh2KZri/brahfYNQ3usvfGr4ftCRsri04vaNuaTBBF85WJwBikG3sjVVOO,0.629416,30.493381,18.993472
302400,a8EbPwqh2KZri/brahfYNQ3usvfGr4ftCRsri04vaNuaTBBF85WJwBikG3sjVVOO,1.640384,53.307382999999994,21.828695
302700,a8EbPwqh2KZri/brahfYNQ3usvfGr4ftCRsri04vaNuaTBBF85WJwBikG3sjVVOO,15.563997,28.681687,20.229607
303000,a8EbPwqh2KZri/brahfYNQ3usvfGr4ftCRsri04vaNuaTBBF85WJwBikG3sjVVOO,0.457891,26.564753999999997,18.418533
303300,a8EbPwqh2KZri/brahfYNQ3usvfGr4ftCRsri04vaNuaTBBF85WJwBikG3sjVVOO,15.008172,27.878462,19.812603
303600,a8EbPwqh2KZri/brahfYNQ3usvfGr4ftCRsri04vaNuaTBBF85WJwBikG3sjVVOO,0.578579,26.001345999999998,18.238528
303900,a8EbPwqh2KZri/brahfYNQ3usvfGr4ftCRsri04vaNuaTBBF85WJwBikG3sjVVOO,15.054123,29.126953000000004,19.778556
304200,a8EbPwqh2KZri/brahfYNQ3usvfGr4ftCRsri04vaNuaTBBF85WJwBikG3sjVVOO,0.8155899999999999,97.81408499999999,20.562518
304500,a8EbPwqh2KZri/brahfYNQ3usvfGr4ftCRsri04vaNuaTBBF85WJwBikG3sjVVOO,14.726818,27.313928000000004,19.395853
304800,a8EbPwqh2KZri/brahfYNQ3usvfGr4ftCRsri04vaNuaTBBF85WJwBikG3sjVVOO,14.469123000000002,36.117391999999995,20.248396
305100,a8EbPwqh2KZri/brahfYNQ3usvfGr4ftCRsri04vaNuaTBBF85WJwBikG3sjVVOO,0.152187,83.128783,22.047723
305400,a8EbPwqh2KZri/brahfYNQ3usvfGr4ftCRsri04vaNuaTBBF85WJwBikG3sjVVOO,15.134661,64.59739,27.474645000000002
305700,a8EbPwqh2KZri/brahfYNQ3usvfGr4ftCRsri04vaNuaTBBF85WJwBikG3sjVVOO,1.637492,30.581784000000003,18.407916
306000,a8EbPwqh2KZri/brahfYNQ3usvfGr4ftCRsri04vaNuaTBBF85WJwBikG3sjVVOO,15.809156,34.798612,22.809531
306300,a8EbPwqh2KZri/brahfYNQ3usvfGr4ftCRsri04vaNuaTBBF85WJwBikG3sjVVOO,0.65196,24.524666,18.255794
306600,a8EbPwqh2KZri/brahfYNQ3usvfGr4ftCRsri04vaNuaTBBF85WJwBikG3sjVVOO,14.63769,24.920648,20.138167000000003
306900,a8EbPwqh2KZri/brahfYNQ3usvfGr4ftCRsri04vaNuaTBBF85WJwBikG3sjVVOO,0.7091850000000001,28.398477000000003,18.448892999999998
307200,a8EbPwqh2KZri/brahfYNQ3usvfGr4ftCRsri04vaNuaTBBF85WJwBikG3sjVVOO,14.936796,31.86901,19.980396
307500,a8EbPwqh2KZri/brahfYNQ3usvfGr4ftCRsri04vaNuaTBBF85WJwBikG3sjVVOO,0.405362,23.754978,17.567522
307800,a8EbPwqh2KZri/brahfYNQ3usvfGr4ftCRsri04vaNuaTBBF85WJwBikG3sjVVOO,0.628365,30.984892,18.95717
308100,a8EbPwqh2KZri/brahfYNQ3usvfGr4ftCRsri04vaNuaTBBF85WJwBikG3sjVVOO,14.919545999999999,24.704163,19.7287
308400,a8EbPwqh2KZri/brahfYNQ3usvfGr4ftCRsri04vaNuaTBBF85WJwBikG3sjVVOO,0.348858,35.035307,19.117337
308700,a8EbPwqh2KZri/brahfYNQ3usvfGr4ftCRsri04vaNuaTBBF85WJwBikG3sjVVOO,13.173607999999998,51.696954,22.41114
309000,a8EbPwqh2KZri/brahfYNQ3usvfGr4ftCRsri04vaNuaTBBF85WJwBikG3sjVVOO,14.540292,98.26662900000001,36.845681
309300,a8EbPwqh2KZri/brahfYNQ3usvfGr4ftCRsri04vaNuaTBBF85WJwBikG3sjVVOO,14.527970999999999,27.170446000000002,20.218903
309600,a8EbPwqh2KZri/brahfYNQ3usvfGr4ftCRsri04vaNuaTBBF85WJwBikG3sjVVOO,16.40075,49.772593,25.267177
309900,a8EbPwqh2KZri/brahfYNQ3usvfGr4ftCRsri04vaNuaTBBF85WJwBikG3sjVVOO,15.206575,27.991645000000002,20.219758
310200,a8EbPwqh2KZri/brahfYNQ3usvfGr4ftCRsri04vaNuaTBBF85WJwBikG3sjVVOO,15.970626999999999,31.036621999999998,21.155279
310500,a8EbPwqh2KZri/brahfYNQ3usvfGr4ftCRsri04vaNuaTBBF85WJwBikG3sjVVOO,14.686623,39.041184,21.379399
310800,a8EbPwqh2KZri/brahfYNQ3usvfGr4ftCRsri04vaNuaTBBF85WJwBikG3sjVVOO,14.613862,24.739585,19.393088
311100,a8EbPwqh2KZri/brahfYNQ3usvfGr4ftCRsri04vaNuaTBBF85WJwBikG3sjVVOO,13.179866,39.662827,21.179346
311400,a8EbPwqh2KZri/brahfYNQ3usvfGr4ftCRsri04vaNuaTBBF85WJwBikG3sjVVOO,15.981334,24.791824,19.512439
311700,a8EbPwqh2KZri/brahfYNQ3usvfGr4ftCRsri04vaNuaTBBF85WJwBikG3sjVVOO,14.902495000000002,28.469555,20.052579
312000,a8EbPwqh2KZri/brahfYNQ3usvfGr4ftCRsri04vaNuaTBBF85WJwBikG3sjVVOO,14.729560000000001,26.346223,20.237871
312300,a8EbPwqh2KZri/brahfYNQ3usvfGr4ftCRsri04vaNuaTBBF85WJwBikG3sjVVOO,15.376039000000002,49.432225,23.538013
312600,a8EbPwqh2KZri/brahfYNQ3usvfGr4ftCRsri04vaNuaTBBF85WJwBikG3sjVVOO,12.603022,67.220641,26.564318
312900,a8EbPwqh2KZri/brahfYNQ3usvfGr4ftCRsri04vaNuaTBBF85WJwBikG3sjVVOO,3.868493,27.031284999999997,19.272292
313200,a8EbPwqh2KZri/brahfYNQ3usvfGr4ftCRsri04vaNuaTBBF85WJwBikG3sjVVOO,0.551717,48.347057,21.05131
313500,a8EbPwqh2KZri/brahfYNQ3usvfGr4ftCRsri04vaNuaTBBF85WJwBikG3sjVVOO,15.497467000000002,29.485095,20.4606
313800,a8EbPwqh2KZri/brahfYNQ3usvfGr4ftCRsri04vaNuaTBBF85WJwBikG3sjVVOO,0.40388,30.703119,17.501213
314100,a8EbPwqh2KZri/brahfYNQ3usvfGr4ftCRsri04vaNuaTBBF85WJwBikG3sjVVOO,15.062971,27.195194,19.840046
314400,a8EbPwqh2KZri/brahfYNQ3usvfGr4ftCRsri04vaNuaTBBF85WJwBikG3sjVVOO,0.801905,25.48104,18.073567
314700,a8EbPwqh2KZri/brahfYNQ3usvfGr4ftCRsri04vaNuaTBBF85WJwBikG3sjVVOO,14.557668,25.706819,19.890789
315000,a8EbPwqh2KZri/brahfYNQ3usvfGr4ftCRsri04vaNuaTBBF85WJwBikG3sjVVOO,0.618518,24.252249,17.251527
315300,a8EbPwqh2KZri/brahfYNQ3usvfGr4ftCRsri04vaNuaTBBF85WJwBikG3sjVVOO,14.451363,24.987481,19.816617
315600,a8EbPwqh2KZri/brahfYNQ3usvfGr4ftCRsri04vaNuaTBBF85WJwBikG3sjVVOO,1.5852959999999998,58.095773,20.343926999999997
315900,a8EbPwqh2KZri/brahfYNQ3usvfGr4ftCRsri04vaNuaTBBF85WJwBikG3sjVVOO,14.400565,73.70838,24.248842
316200,a8EbPwqh2KZri/brahfYNQ3usvfGr4ftCRsri04vaNuaTBBF85WJwBikG3sjVVOO,12.237147,71.32768,34.083359
316500,a8EbPwqh2KZri/brahfYNQ3usvfGr4ftCRsri04vaNuaTBBF85WJwBikG3sjVVOO,16.298502,74.632919,27.074865999999997
316800,a8EbPwqh2KZri/brahfYNQ3usvfGr4ftCRsri04vaNuaTBBF85WJwBikG3sjVVOO,15.020723,39.762813,23.065110999999998
317100,a8EbPwqh2KZri/brahfYNQ3usvfGr4ftCRsri04vaNuaTBBF85WJwBikG3sjVVOO,3.006195,28.585032,19.437627
317400,a8EbPwqh2KZri/brahfYNQ3usvfGr4ftCRsri04vaNuaTBBF85WJwBikG3sjVVOO,15.363170000000002,25.504929,20.076075
317700,a8EbPwqh2KZri/brahfYNQ3usvfGr4ftCRsri04vaNuaTBBF85WJwBikG3sjVVOO,3.734145,28.449884,18.969652
318000,a8EbPwqh2KZri/brahfYNQ3usvfGr4ftCRsri04vaNuaTBBF85WJwBikG3sjVVOO,14.679951,25.381949,19.550117
318300,a8EbPwqh2KZri/brahfYNQ3usvfGr4ftCRsri04vaNuaTBBF85WJwBikG3sjVVOO,0.463075,26.90757,19.202211
318600,a8EbPwqh2KZri/brahfYNQ3usvfGr4ftCRsri04vaNuaTBBF85WJwBikG3sjVVOO,15.033906,28.156674,19.291404999999997
318900,a8EbPwqh2KZri/brahfYNQ3usvfGr4ftCRsri04vaNuaTBBF85WJwBikG3sjVVOO,2.253607,27.216071999999997,18.84463
319200,a8EbPwqh2KZri/brahfYNQ3usvfGr4ftCRsri04vaNuaTBBF85WJwBikG3sjVVOO,4.95107,31.145156,19.213776
319500,a8EbPwqh2KZri/brahfYNQ3usvfGr4ftCRsri04vaNuaTBBF85WJwBikG3sjVVOO,16.030929,57.354017000000006,25.778115
319800,a8EbPwqh2KZri/brahfYNQ3usvfGr4ftCRsri04vaNuaTBBF85WJwBikG3sjVVOO,2.523186,56.142573999999996,24.034602
320100,a8EbPwqh2KZri/brahfYNQ3usvfGr4ftCRsri04vaNuaTBBF85WJwBikG3sjVVOO,15.681644,40.690357,21.795932999999998
320400,a8EbPwqh2KZri/brahfYNQ3usvfGr4ftCRsri04vaNuaTBBF85WJwBikG3sjVVOO,0.625333,47.020798,22.213748000000002
320700,a8EbPwqh2KZri/brahfYNQ3usvfGr4ftCRsri04vaNuaTBBF85WJwBikG3sjVVOO,16.202614999999998,27.660457,19.983805
321000,a8EbPwqh2KZri/brahfYNQ3usvfGr4ftCRsri04vaNuaTBBF85WJwBikG3sjVVOO,2.411427,27.088794,19.272251
321300,a8EbPwqh2KZri/brahfYNQ3usvfGr4ftCRsri04vaNuaTBBF85WJwBikG3sjVVOO,15.424346,24.522198,19.844948000000002
321600,a8EbPwqh2KZri/brahfYNQ3usvfGr4ftCRsri04vaNuaTBBF85WJwBikG3sjVVOO,2.682624,28.518561,19.282703
321900,a8EbPwqh2KZri/brahfYNQ3usvfGr4ftCRsri04vaNuaTBBF85WJwBikG3sjVVOO,6.747559,41.183318,20.104802
322200,a8EbPwqh2KZri/brahfYNQ3usvfGr4ftCRsri04vaNuaTBBF85WJwBikG3sjVVOO,15.556957999999998,36.986561,20.577751
322500,a8EbPwqh2KZri/brahfYNQ3usvfGr4ftCRsri04vaNuaTBBF85WJwBikG3sjVVOO,5.051769,28.959017,18.870216
322800,a8EbPwqh2KZri/brahfYNQ3usvfGr4ftCRsri04vaNuaTBBF85WJwBikG3sjVVOO,14.736476999999999,34.722724,20.937885
323100,a8EbPwqh2KZri/brahfYNQ3usvfGr4ftCRsri04vaNuaTBBF85WJwBikG3sjVVOO,1.149705,53.013867000000005,21.691043
323400,a8EbPwqh2KZri/brahfYNQ3usvfGr4ftCRsri04vaNuaTBBF85WJwBikG3sjVVOO,15.569871,63.920809,34.108540000000005
323700,a8EbPwqh2KZri/brahfYNQ3usvfGr4ftCRsri04vaNuaTBBF85WJwBikG3sjVVOO,4.8963589999999995,64.637662,24.625272
324000,a8EbPwqh2KZri/brahfYNQ3usvfGr4ftCRsri04vaNuaTBBF85WJwBikG3sjVVOO,15.278091,57.487163,23.736945000000002
324300,a8EbPwqh2KZri/brahfYNQ3usvfGr4ftCRsri04vaNuaTBBF85WJwBikG3sjVVOO,4.644909999999999,30.943716,18.85285
324600,a8EbPwqh2KZri/brahfYNQ3usvfGr4ftCRsri04vaNuaTBBF85WJwBikG3sjVVOO,7.114945,28.540437,18.924253
324900,a8EbPwqh2KZri/brahfYNQ3usvfGr4ftCRsri04vaNuaTBBF85WJwBikG3sjVVOO,14.901356,24.610499,19.460183999999998
325200,a8EbPwqh2KZri/brahfYNQ3usvfGr4ftCRsri04vaNuaTBBF85WJwBikG3sjVVOO,1.089435,28.992476,19.073416
325500,a8EbPwqh2KZri/brahfYNQ3usvfGr4ftCRsri04vaNuaTBBF85WJwBikG3sjVVOO,15.731295999999999,25.413318,19.581447
325800,a8EbPwqh2KZri/brahfYNQ3usvfGr4ftCRsri04vaNuaTBBF85WJwBikG3sjVVOO,10.992307,28.385554,19.425916
326100,a8EbPwqh2KZri/brahfYNQ3usvfGr4ftCRsri04vaNuaTBBF85WJwBikG3sjVVOO,15.264289999999999,24.796221,19.508551999999998
326400,a8EbPwqh2KZri/brahfYNQ3usvfGr4ftCRsri04vaNuaTBBF85WJwBikG3sjVVOO,2.680046,29.241625,19.271245999999998
326700,a8EbPwqh2KZri/brahfYNQ3usvfGr4ftCRsri04vaNuaTBBF85WJwBikG3sjVVOO,10.545098,67.524578,22.450232
327000,a8EbPwqh2KZri/brahfYNQ3usvfGr4ftCRsri04vaNuaTBBF85WJwBikG3sjVVOO,16.940878,77.042964,37.815271
327300,a8EbPwqh2KZri/brahfYNQ3usvfGr4ftCRsri04vaNuaTBBF85WJwBikG3sjVVOO,15.698242,41.347107,24.101392
327600,a8EbPwqh2KZri/brahfYNQ3usvfGr4ftCRsri04vaNuaTBBF85WJwBikG3sjVVOO,1.752747,54.775353,20.771727
327900,a8EbPwqh2KZri/brahfYNQ3usvfGr4ftCRsri04vaNuaTBBF85WJwBikG3sjVVOO,1.026568,46.640390999999994,14.430457999999998
328200,a8EbPwqh2KZri/brahfYNQ3usvfGr4ftCRsri04vaNuaTBBF85WJwBikG3sjVVOO,8.356053999999999,92.201559,29.480439
328500,a8EbPwqh2KZri/brahfYNQ3usvfGr4ftCRsri04vaNuaTBBF85WJwBikG3sjVVOO,0.623337,24.440432,17.88012
328800,a8EbPwqh2KZri/brahfYNQ3usvfGr4ftCRsri04vaNuaTBBF85WJwBikG3sjVVOO,14.848178,25.525398000000003,19.595456
329100,a8EbPwqh2KZri/brahfYNQ3usvfGr4ftCRsri04vaNuaTBBF85WJwBikG3sjVVOO,14.546223000000001,46.546966999999995,21.144177
329400,a8EbPwqh2KZri/brahfYNQ3usvfGr4ftCRsri04vaNuaTBBF85WJwBikG3sjVVOO,14.388392999999999,23.85296,19.259934
329700,a8EbPwqh2KZri/brahfYNQ3usvfGr4ftCRsri04vaNuaTBBF85WJwBikG3sjVVOO,1.4203,27.783413,19.585015
330000,a8EbPwqh2KZri/brahfYNQ3usvfGr4ftCRsri04vaNuaTBBF85WJwBikG3sjVVOO,17.066672,37.318168,24.608369
330300,a8EbPwqh2KZri/brahfYNQ3usvfGr4ftCRsri04vaNuaTBBF85WJwBikG3sjVVOO,14.654779999999999,28.23985,21.734246
330600,a8EbPwqh2KZri/brahfYNQ3usvfGr4ftCRsri04vaNuaTBBF85WJwBikG3sjVVOO,1.756719,51.052319,18.814516
330900,a8EbPwqh2KZri/brahfYNQ3usvfGr4ftCRsri04vaNuaTBBF85WJwBikG3sjVVOO,14.754624,24.370296,18.931828
331200,a8EbPwqh2KZri/brahfYNQ3usvfGr4ftCRsri04vaNuaTBBF85WJwBikG3sjVVOO,14.748634,55.419215,23.900976
331500,a8EbPwqh2KZri/brahfYNQ3usvfGr4ftCRsri04vaNuaTBBF85WJwBikG3sjVVOO,14.726760999999998,68.78998100000001,28.972945000000003
331800,a8EbPwqh2KZri/brahfYNQ3usvfGr4ftCRsri04vaNuaTBBF85WJwBikG3sjVVOO,0.7253569999999999,26.23627,17.57858
332100,a8EbPwqh2KZri/brahfYNQ3usvfGr4ftCRsri04vaNuaTBBF85WJwBikG3sjVVOO,13.775201999999998,27.287034000000002,19.070687
332400,a8EbPwqh2KZri/brahfYNQ3usvfGr4ftCRsri04vaNuaTBBF85WJwBikG3sjVVOO,2.298378,28.810152000000002,17.440692000000002
332700,a8EbPwqh2KZri/brahfYNQ3usvfGr4ftCRsri04vaNuaTBBF85WJwBikG3sjVVOO,0.35439,28.27256,17.146955
333000,a8EbPwqh2KZri/brahfYNQ3usvfGr4ftCRsri04vaNuaTBBF85WJwBikG3sjVVOO,13.461207,26.034561,19.282604
333300,a8EbPwqh2KZri/brahfYNQ3usvfGr4ftCRsri04vaNuaTBBF85WJwBikG3sjVVOO,3.51716,27.762588,16.820544
333600,a8EbPwqh2KZri/brahfYNQ3usvfGr4ftCRsri04vaNuaTBBF85WJwBikG3sjVVOO,14.228507,25.897001,19.870485000000002
333900,a8EbPwqh2KZri/brahfYNQ3usvfGr4ftCRsri04vaNuaTBBF85WJwBikG3sjVVOO,2.223955,30.356864,17.600291
334200,a8EbPwqh2KZri/brahfYNQ3usvfGr4ftCRsri04vaNuaTBBF85WJwBikG3sjVVOO,13.880792999999999,27.521933,19.25335
334500,a8EbPwqh2KZri/brahfYNQ3usvfGr4ftCRsri04vaNuaTBBF85WJwBikG3sjVVOO,3.6743370000000004,22.182085,16.800304
334800,a8EbPwqh2KZri/brahfYNQ3usvfGr4ftCRsri04vaNuaTBBF85WJwBikG3sjVVOO,13.770237,36.52095,20.814712
335100,a8EbPwqh2KZri/brahfYNQ3usvfGr4ftCRsri04vaNuaTBBF85WJwBikG3sjVVOO,15.060099,96.0208,32.734275
335400,a8EbPwqh2KZri/brahfYNQ3usvfGr4ftCRsri04vaNuaTBBF85WJwBikG3sjVVOO,13.925557000000001,52.618219999999994,22.30509
335700,a8EbPwqh2KZri/brahfYNQ3usvfGr4ftCRsri04vaNuaTBBF85WJwBikG3sjVVOO,13.890419,25.506176,18.987939
336000,a8EbPwqh2KZri/brahfYNQ3usvfGr4ftCRsri04vaNuaTBBF85WJwBikG3sjVVOO,13.408791,52.014466999999996,22.20492
336300,a8EbPwqh2KZri/brahfYNQ3usvfGr4ftCRsri04vaNuaTBBF85WJwBikG3sjVVOO,13.32288,26.415955,18.477688
336600,a8EbPwqh2KZri/brahfYNQ3usvfGr4ftCRsri04vaNuaTBBF85WJwBikG3sjVVOO,13.754935000000001,58.292424,21.911804
336900,a8EbPwqh2KZri/brahfYNQ3usvfGr4ftCRsri04vaNuaTBBF85WJwBikG3sjVVOO,14.04069,26.759319,18.396926
337200,a8EbPwqh2KZri/brahfYNQ3usvfGr4ftCRsri04vaNuaTBBF85WJwBikG3sjVVOO,14.415269,55.524862,22.408756
337500,a8EbPwqh2KZri/brahfYNQ3usvfGr4ftCRsri04vaNuaTBBF85WJwBikG3sjVVOO,14.371806,26.342356,18.411817000000003
337800,a8EbPwqh2KZri/brahfYNQ3usvfGr4ftCRsri04vaNuaTBBF85WJwBikG3sjVVOO,14.440029000000001,52.47461,21.808024
338100,a8EbPwqh2KZri/brahfYNQ3usvfGr4ftCRsri04vaNuaTBBF85WJwBikG3sjVVOO,14.203423,54.735604,21.406098
338400,a8EbPwqh2KZri/brahfYNQ3usvfGr4ftCRsri04vaNuaTBBF85WJwBikG3sjVVOO,14.089213,38.995422,19.978111
338700,a8EbPwqh2KZri/brahfYNQ3usvfGr4ftCRsri04vaNuaTBBF85WJwBikG3sjVVOO,0.605186,69.26252099999999,24.628766
339000,a8EbPwqh2KZri/brahfYNQ3usvfGr4ftCRsri04vaNuaTBBF85WJwBikG3sjVVOO,13.263786999999999,25.644654,18.921646
339300,a8EbPwqh2KZri/brahfYNQ3usvfGr4ftCRsri04vaNuaTBBF85WJwBikG3sjVVOO,14.421474,35.570994,19.268452
339600,a8EbPwqh2KZri/brahfYNQ3usvfGr4ftCRsri04vaNuaTBBF85WJwBikG3sjVVOO,14.133304999999998,24.980620000000002,19.027943
339900,a8EbPwqh2KZri/brahfYNQ3usvfGr4ftCRsri04vaNuaTBBF85WJwBikG3sjVVOO,0.560466,27.006475,17.534053
340200,a8EbPwqh2KZri/brahfYNQ3usvfGr4ftCRsri04vaNuaTBBF85WJwBikG3sjVVOO,14.933642,26.848947999999996,19.058657999999998
340500,a8EbPwqh2KZri/brahfYNQ3usvfGr4ftCRsri04vaNuaTBBF85WJwBikG3sjVVOO,4.037142,26.054008,17.852126000000002
340800,a8EbPwqh2KZri/brahfYNQ3usvfGr4ftCRsri04vaNuaTBBF85WJwBikG3sjVVOO,14.989091,29.535487,19.839219
341100,a8EbPwqh2KZri/brahfYNQ3usvfGr4ftCRsri04vaNuaTBBF85WJwBikG3sjVVOO,14.863059,26.52037,19.528170000000003
341400,a8EbPwqh2KZri/brahfYNQ3usvfGr4ftCRsri04vaNuaTBBF85WJwBikG3sjVVOO,5.467526,26.170809,17.486233
341700,a8EbPwqh2KZri/brahfYNQ3usvfGr4ftCRsri04vaNuaTBBF85WJwBikG3sjVVOO,14.878232999999998,26.107871,19.602867
342000,a8EbPwqh2KZri/brahfYNQ3usvfGr4ftCRsri04vaNuaTBBF85WJwBikG3sjVVOO,0.6911930000000001,39.586282000000004,18.934292000000003
342300,a8EbPwqh2KZri/brahfYNQ3usvfGr4ftCRsri04vaNuaTBBF85WJwBikG3sjVVOO,15.889751,63.269975,28.128807000000002
342600,a8EbPwqh2KZri/brahfYNQ3usvfGr4ftCRsri04vaNuaTBBF85WJwBikG3sjVVOO,0.856562,23.664834,17.903169000000002
342900,a8EbPwqh2KZri/brahfYNQ3usvfGr4ftCRsri04vaNuaTBBF85WJwBikG3sjVVOO,14.168681,23.978208,19.007858
343200,a8EbPwqh2KZri/brahfYNQ3usvfGr4ftCRsri04vaNuaTBBF85WJwBikG3sjVVOO,0.290632,25.622891,14.080154
343500,a8EbPwqh2KZri/brahfYNQ3usvfGr4ftCRsri04vaNuaTBBF85WJwBikG3sjVVOO,2.04104,49.537845000000004,19.836447
343800,a8EbPwqh2KZri/brahfYNQ3usvfGr4ftCRsri04vaNuaTBBF85WJwBikG3sjVVOO,14.064122,25.844953,19.406992000000002
344100,a8EbPwqh2KZri/brahfYNQ3usvfGr4ftCRsri04vaNuaTBBF85WJwBikG3sjVVOO,0.398751,23.496798000000002,17.209626999999998
344400,a8EbPwqh2KZri/brahfYNQ3usvfGr4ftCRsri04vaNuaTBBF85WJwBikG3sjVVOO,13.950811999999999,28.25907,19.742471
344700,a8EbPwqh2KZri/brahfYNQ3usvfGr4ftCRsri04vaNuaTBBF85WJwBikG3sjVVOO,13.902075,43.865587,21.109274
345000,a8EbPwqh2KZri/brahfYNQ3usvfGr4ftCRsri04vaNuaTBBF85WJwBikG3sjVVOO,14.190132,25.505557,19.292171
345300,a8EbPwqh2KZri/brahfYNQ3usvfGr4ftCRsri04vaNuaTBBF85WJwBikG3sjVVOO,1.193368,22.460217,17.079104
345600,a8EbPwqh2KZri/brahfYNQ3usvfGr4ftCRsri04vaNuaTBBF85WJwBikG3sjVVOO,13.906903,54.046965,20.537975
345900,a8EbPwqh2KZri/brahfYNQ3usvfGr4ftCRsri04vaNuaTBBF85WJwBikG3sjVVOO,14.757814999999999,65.5661,26.985634
346200,a8EbPwqh2KZri/brahfYNQ3usvfGr4ftCRsri04vaNuaTBBF85WJwBikG3sjVVOO,7.317999,25.264295,18.896867999999998
346500,a8EbPwqh2KZri/brahfYNQ3usvfGr4ftCRsri04vaNuaTBBF85WJwBikG3sjVVOO,13.448792999999998,24.59802,19.708978
346800,a8EbPwqh2KZri/brahfYNQ3usvfGr4ftCRsri04vaNuaTBBF85WJwBikG3sjVVOO,14.443821,28.609028000000002,21.163687
347100,a8EbPwqh2KZri/brahfYNQ3usvfGr4ftCRsri04vaNuaTBBF85WJwBikG3sjVVOO,16.089828,24.271537,19.140909
347400,a8EbPwqh2KZri/brahfYNQ3usvfGr4ftCRsri04vaNuaTBBF85WJwBikG3sjVVOO,13.546064000000001,26.025792000000003,19.531779
347700,a8EbPwqh2KZri/brahfYNQ3usvfGr4ftCRsri04vaNuaTBBF85WJwBikG3sjVVOO,13.628379999999998,25.901598999999997,18.263494
348000,a8EbPwqh2KZri/brahfYNQ3usvfGr4ftCRsri04vaNuaTBBF85WJwBikG3sjVVOO,12.385949,30.209929,19.470754
348300,a8EbPwqh2KZri/brahfYNQ3usvfGr4ftCRsri04vaNuaTBBF85WJwBikG3sjVVOO,14.057475,23.947395999999998,18.806532999999998
348600,a8EbPwqh2KZri/brahfYNQ3usvfGr4ftCRsri04vaNuaTBBF85WJwBikG3sjVVOO,13.575564000000002,28.176563,19.431379999999997
348900,a8EbPwqh2KZri/brahfYNQ3usvfGr4ftCRsri04vaNuaTBBF85WJwBikG3sjVVOO,13.412414000000002,37.306505,20.668819
349200,a8EbPwqh2KZri/brahfYNQ3usvfGr4ftCRsri04vaNuaTBBF85WJwBikG3sjVVOO,14.428901000000002,39.745334,20.816751999999997
349500,a8EbPwqh2KZri/brahfYNQ3usvfGr4ftCRsri04vaNuaTBBF85WJwBikG3sjVVOO,13.952657,48.682947999999996,27.551265
349800,a8EbPwqh2KZri/brahfYNQ3usvfGr4ftCRsri04vaNuaTBBF85WJwBikG3sjVVOO,13.806788000000001,26.31493,19.760208
350100,a8EbPwqh2KZri/brahfYNQ3usvfGr4ftCRsri04vaNuaTBBF85WJwBikG3sjVVOO,13.512735999999999,49.344916999999995,21.205965
350400,a8EbPwqh2KZri/brahfYNQ3usvfGr4ftCRsri04vaNuaTBBF85WJwBikG3sjVVOO,13.861725,27.724566999999997,19.590609
350700,a8EbPwqh2KZri/brahfYNQ3usvfGr4ftCRsri04vaNuaTBBF85WJwBikG3sjVVOO,0.963189,29.225146000000002,17.473394
351000,a8EbPwqh2KZri/brahfYNQ3usvfGr4ftCRsri04vaNuaTBBF85WJwBikG3sjVVOO,14.059014999999999,28.048652,19.203874
351300,a8EbPwqh2KZri/brahfYNQ3usvfGr4ftCRsri04vaNuaTBBF85WJwBikG3sjVVOO,13.524049,61.651121999999994,22.755710999999998
351600,a8EbPwqh2KZri/brahfYNQ3usvfGr4ftCRsri04vaNuaTBBF85WJwBikG3sjVVOO,1.4572120000000002,27.929140000000004,18.737635
351900,a8EbPwqh2KZri/brahfYNQ3usvfGr4ftCRsri04vaNuaTBBF85WJwBikG3sjVVOO,14.281095,28.574787,18.923428
352200,a8EbPwqh2KZri/brahfYNQ3usvfGr4ftCRsri04vaNuaTBBF85WJwBikG3sjVVOO,14.603335999999999,54.616172999999996,22.697616
352500,a8EbPwqh2KZri/brahfYNQ3usvfGr4ftCRsri04vaNuaTBBF85WJwBikG3sjVVOO,13.586529999999998,25.277009,18.788945000000002
352800,a8EbPwqh2KZri/brahfYNQ3usvfGr4ftCRsri04vaNuaTBBF85WJwBikG3sjVVOO,0.8719790000000001,45.592954999999996,19.429052
353100,a8EbPwqh2KZri/brahfYNQ3usvfGr4ftCRsri04vaNuaTBBF85WJwBikG3sjVVOO,13.982596,63.222184999999996,27.160762
353400,a8EbPwqh2KZri/brahfYNQ3usvfGr4ftCRsri04vaNuaTBBF85WJwBikG3sjVVOO,14.246839999999999,25.069625,19.188871
353700,a8EbPwqh2KZri/brahfYNQ3usvfGr4ftCRsri04vaNuaTBBF85WJwBikG3sjVVOO,14.102039000000001,24.209725,19.59085
354000,a8EbPwqh2KZri/brahfYNQ3usvfGr4ftCRsri04vaNuaTBBF85WJwBikG3sjVVOO,15.199584,30.806071000000003,20.199564000000002
354300,a8EbPwqh2KZri/brahfYNQ3usvfGr4ftCRsri04vaNuaTBBF85WJwBikG3sjVVOO,14.545383,63.019687,23.718522
354600,a8EbPwqh2KZri/brahfYNQ3usvfGr4ftCRsri04vaNuaTBBF85WJwBikG3sjVVOO,15.070720999999999,23.948038,18.883217000000002
354900,a8EbPwqh2KZri/brahfYNQ3usvfGr4ftCRsri04vaNuaTBBF85WJwBikG3sjVVOO,17.74775,63.706153,29.388467
355200,a8EbPwqh2KZri/brahfYNQ3usvfGr4ftCRsri04vaNuaTBBF85WJwBikG3sjVVOO,13.742173000000001,25.673542,19.804423
355500,a8EbPwqh2KZri/brahfYNQ3usvfGr4ftCRsri04vaNuaTBBF85WJwBikG3sjVVOO,14.035511999999999,28.984133,19.904687
355800,a8EbPwqh2KZri/brahfYNQ3usvfGr4ftCRsri04vaNuaTBBF85WJwBikG3sjVVOO,13.968487,23.072989,18.94291
356100,a8EbPwqh2KZri/brahfYNQ3usvfGr4ftCRsri04vaNuaTBBF85WJwBikG3sjVVOO,10.068810000000001,23.133889,18.426192
356400,a8EbPwqh2KZri/brahfYNQ3usvfGr4ftCRsri04vaNuaTBBF85WJwBikG3sjVVOO,14.110044,24.733735,18.257127
356700,a8EbPwqh2KZri/brahfYNQ3usvfGr4ftCRsri04vaNuaTBBF85WJwBikG3sjVVOO,11.192764,23.393376999999997,18.206907
357000,a8EbPwqh2KZri/brahfYNQ3usvfGr4ftCRsri04vaNuaTBBF85WJwBikG3sjVVOO,9.961503,23.733716,18.135735999999998
357300,a8EbPwqh2KZri/brahfYNQ3usvfGr4ftCRsri04vaNuaTBBF85WJwBikG3sjVVOO,14.589315,23.48039,19.362894
357600,a8EbPwqh2KZri/brahfYNQ3usvfGr4ftCRsri04vaNuaTBBF85WJwBikG3sjVVOO,10.051396,24.085859,17.629467
357900,a8EbPwqh2KZri/brahfYNQ3usvfGr4ftCRsri04vaNuaTBBF85WJwBikG3sjVVOO,14.989491000000001,24.885170000000002,19.313478
358200,a8EbPwqh2KZri/brahfYNQ3usvfGr4ftCRsri04vaNuaTBBF85WJwBikG3sjVVOO,9.468200999999999,25.112491000000002,17.98283
358500,a8EbPwqh2KZri/brahfYNQ3usvfGr4ftCRsri04vaNuaTBBF85WJwBikG3sjVVOO,15.833241000000001,79.544831,28.154773
358800,a8EbPwqh2KZri/brahfYNQ3usvfGr4ftCRsri04vaNuaTBBF85WJwBikG3sjVVOO,15.194514999999999,45.824633,21.28977
359100,a8EbPwqh2KZri/brahfYNQ3usvfGr4ftCRsri04vaNuaTBBF85WJwBikG3sjVVOO,14.751542,23.461722,18.74387
359400,a8EbPwqh2KZri/brahfYNQ3usvfGr4ftCRsri04vaNuaTBBF85WJwBikG3sjVVOO,0.6105729999999999,24.098832,16.811974
359700,a8EbPwqh2KZri/brahfYNQ3usvfGr4ftCRsri04vaNuaTBBF85WJwBikG3sjVVOO,3.604106,25.23452,18.150986
360000,a8EbPwqh2KZri/brahfYNQ3usvfGr4ftCRsri04vaNuaTBBF85WJwBikG3sjVVOO,15.685720000000002,23.591131,18.934748000000003
360300,a8EbPwqh2KZri/brahfYNQ3usvfGr4ftCRsri04vaNuaTBBF85WJwBikG3sjVVOO,0.364967,25.410304,17.722948000000002
360600,a8EbPwqh2KZri/brahfYNQ3usvfGr4ftCRsri04vaNuaTBBF85WJwBikG3sjVVOO,15.239517999999999,25.321176,19.643228
360900,a8EbPwqh2KZri/brahfYNQ3usvfGr4ftCRsri04vaNuaTBBF85WJwBikG3sjVVOO,2.2698,24.387729,18.145982
361200,a8EbPwqh2KZri/brahfYNQ3usvfGr4ftCRsri04vaNuaTBBF85WJwBikG3sjVVOO,13.999329000000001,23.348845999999998,18.718069
361500,a8EbPwqh2KZri/brahfYNQ3usvfGr4ftCRsri04vaNuaTBBF85WJwBikG3sjVVOO,0.738631,23.05858,17.385645
361800,a8EbPwqh2KZri/brahfYNQ3usvfGr4ftCRsri04vaNuaTBBF85WJwBikG3sjVVOO,14.878245999999999,21.934846,18.415636
362100,a8EbPwqh2KZri/brahfYNQ3usvfGr4ftCRsri04vaNuaTBBF85WJwBikG3sjVVOO,14.476830999999999,77.083488,28.146728000000003
362400,a8EbPwqh2KZri/brahfYNQ3usvfGr4ftCRsri04vaNuaTBBF85WJwBikG3sjVVOO,15.658351999999999,46.196811,23.035455
362700,a8EbPwqh2KZri/brahfYNQ3usvfGr4ftCRsri04vaNuaTBBF85WJwBikG3sjVVOO,14.701267999999999,24.35365,18.789507
363000,a8EbPwqh2KZri/brahfYNQ3usvfGr4ftCRsri04vaNuaTBBF85WJwBikG3sjVVOO,14.528129999999999,44.9225,21.373215
363300,a8EbPwqh2KZri/brahfYNQ3usvfGr4ftCRsri04vaNuaTBBF85WJwBikG3sjVVOO,13.375513,23.538368,18.45497
363600,a8EbPwqh2KZri/brahfYNQ3usvfGr4ftCRsri04vaNuaTBBF85WJwBikG3sjVVOO,14.42944,44.026596999999995,21.144987
363900,a8EbPwqh2KZri/brahfYNQ3usvfGr4ftCRsri04vaNuaTBBF85WJwBikG3sjVVOO,13.686516000000001,23.768194,18.280558
364200,a8EbPwqh2KZri/brahfYNQ3usvfGr4ftCRsri04vaNuaTBBF85WJwBikG3sjVVOO,16.184859,44.941828,21.61867
364500,a8EbPwqh2KZri/brahfYNQ3usvfGr4ftCRsri04vaNuaTBBF85WJwBikG3sjVVOO,14.285278,22.226569,18.120979000000002
364800,a8EbPwqh2KZri/brahfYNQ3usvfGr4ftCRsri04vaNuaTBBF85WJwBikG3sjVVOO,14.339398000000001,77.970787,23.955521
365100,a8EbPwqh2KZri/brahfYNQ3usvfGr4ftCRsri04vaNuaTBBF85WJwBikG3sjVVOO,13.591822,45.089387,20.882676
365400,a8EbPwqh2KZri/brahfYNQ3usvfGr4ftCRsri04vaNuaTBBF85WJwBikG3sjVVOO,14.460524,23.674979,18.819931
365700,a8EbPwqh2KZri/brahfYNQ3usvfGr4ftCRsri04vaNuaTBBF85WJwBikG3sjVVOO,3.5782239999999996,57.25865699999999,24.578081
366000,a8EbPwqh2KZri/brahfYNQ3usvfGr4ftCRsri04vaNuaTBBF85WJwBikG3sjVVOO,15.042053,29.602393,20.428708
366300,a8EbPwqh2KZri/brahfYNQ3usvfGr4ftCRsri04vaNuaTBBF85WJwBikG3sjVVOO,0.45059899999999997,25.215454,18.044145
366600,a8EbPwqh2KZri/brahfYNQ3usvfGr4ftCRsri04vaNuaTBBF85WJwBikG3sjVVOO,14.951975,26.338767999999998,19.376018
366900,a8EbPwqh2KZri/brahfYNQ3usvfGr4ftCRsri04vaNuaTBBF85WJwBikG3sjVVOO,0.839009,25.963333,17.911382
367200,a8EbPwqh2KZri/brahfYNQ3usvfGr4ftCRsri04vaNuaTBBF85WJwBikG3sjVVOO,14.071378,25.591227,18.714704
367500,a8EbPwqh2KZri/brahfYNQ3usvfGr4ftCRsri04vaNuaTBBF85WJwBikG3sjVVOO,0.666663,25.307999,17.162806
367800,a8EbPwqh2KZri/brahfYNQ3usvfGr4ftCRsri04vaNuaTBBF85WJwBikG3sjVVOO,0.7417279999999999,25.98658,17.093013
368100,a8EbPwqh2KZri/brahfYNQ3usvfGr4ftCRsri04vaNuaTBBF85WJwBikG3sjVVOO,13.572489000000001,28.943219,18.960106
368400,a8EbPwqh2KZri/brahfYNQ3usvfGr4ftCRsri04vaNuaTBBF85WJwBikG3sjVVOO,1.3440159999999999,23.833738,16.564562
368700,a8EbPwqh2KZri/brahfYNQ3usvfGr4ftCRsri04vaNuaTBBF85WJwBikG3sjVVOO,13.737210000000001,24.855573,19.202628
369000,a8EbPwqh2KZri/brahfYNQ3usvfGr4ftCRsri04vaNuaTBBF85WJwBikG3sjVVOO,0.476487,26.03736,17.187337
369300,a8EbPwqh2KZri/brahfYNQ3usvfGr4ftCRsri04vaNuaTBBF85WJwBikG3sjVVOO,14.724542000000001,52.1869,27.449392
369600,a8EbPwqh2KZri/brahfYNQ3usvfGr4ftCRsri04vaNuaTBBF85WJwBikG3sjVVOO,15.225565,31.985522999999997,21.036653
369900,a8EbPwqh2KZri/brahfYNQ3usvfGr4ftCRsri04vaNuaTBBF85WJwBikG3sjVVOO,14.664933,22.873217999999998,18.915095
370200,a8EbPwqh2KZri/brahfYNQ3usvfGr4ftCRsri04vaNuaTBBF85WJwBikG3sjVVOO,14.735435,27.588514,19.674277
370500,a8EbPwqh2KZri/brahfYNQ3usvfGr4ftCRsri04vaNuaTBBF85WJwBikG3sjVVOO,14.318076000000001,25.608992,19.526532
370800,a8EbPwqh2KZri/brahfYNQ3usvfGr4ftCRsri04vaNuaTBBF85WJwBikG3sjVVOO,15.008601,26.670738,19.505753
371100,a8EbPwqh2KZri/brahfYNQ3usvfGr4ftCRsri04vaNuaTBBF85WJwBikG3sjVVOO,14.610510000000001,36.348561,19.909574
371400,a8EbPwqh2KZri/brahfYNQ3usvfGr4ftCRsri04vaNuaTBBF85WJwBikG3sjVVOO,14.794304,23.137176,18.896048999999998
371700,a8EbPwqh2KZri/brahfYNQ3usvfGr4ftCRsri04vaNuaTBBF85WJwBikG3sjVVOO,6.554972,33.693163,17.651856
372000,a8EbPwqh2KZri/brahfYNQ3usvfGr4ftCRsri04vaNuaTBBF85WJwBikG3sjVVOO,14.008735999999999,22.748020999999998,19.107282
372300,a8EbPwqh2KZri/brahfYNQ3usvfGr4ftCRsri04vaNuaTBBF85WJwBikG3sjVVOO,12.060765,22.850661,17.367547000000002
372600,a8EbPwqh2KZri/brahfYNQ3usvfGr4ftCRsri04vaNuaTBBF85WJwBikG3sjVVOO,15.241476,24.064937,19.545476
372900,a8EbPwqh2KZri/brahfYNQ3usvfGr4ftCRsri04vaNuaTBBF85WJwBikG3sjVVOO,10.226952,59.102656999999994,27.336526
373200,a8EbPwqh2KZri/brahfYNQ3usvfGr4ftCRsri04vaNuaTBBF85WJwBikG3sjVVOO,0.344656,28.960269,18.937341
373500,a8EbPwqh2KZri/brahfYNQ3usvfGr4ftCRsri04vaNuaTBBF85WJwBikG3sjVVOO,13.613504999999998,26.679634000000004,19.020414000000002
373800,a8EbPwqh2KZri/brahfYNQ3usvfGr4ftCRsri04vaNuaTBBF85WJwBikG3sjVVOO,0.576658,26.656955,17.978061
374100,a8EbPwqh2KZri/brahfYNQ3usvfGr4ftCRsri04vaNuaTBBF85WJwBikG3sjVVOO,14.342253,26.127475,18.683619
374400,a8EbPwqh2KZri/brahfYNQ3usvfGr4ftCRsri04vaNuaTBBF85WJwBikG3sjVVOO,0.46720900000000004,25.834248000000002,17.396527
374700,a8EbPwqh2KZri/brahfYNQ3usvfGr4ftCRsri04vaNuaTBBF85WJwBikG3sjVVOO,13.891262,26.432415999999996,18.365479999999998
375000,a8EbPwqh2KZri/brahfYNQ3usvfGr4ftCRsri04vaNuaTBBF85WJwBikG3sjVVOO,13.899148,26.850621999999998,19.730735
375300,a8EbPwqh2KZri/brahfYNQ3usvfGr4ftCRsri04vaNuaTBBF85WJwBikG3sjVVOO,13.920616,24.368973999999998,18.466026
375600,a8EbPwqh2KZri/brahfYNQ3usvfGr4ftCRsri04vaNuaTBBF85WJwBikG3sjVVOO,0.905934,23.908120999999998,17.057610999999998
375900,a8EbPwqh2KZri/brahfYNQ3usvfGr4ftCRsri04vaNuaTBBF85WJwBikG3sjVVOO,0.8569190000000001,24.425626,16.561857999999997
376200,a8EbPwqh2KZri/brahfYNQ3usvfGr4ftCRsri04vaNuaTBBF85WJwBikG3sjVVOO,14.615614,30.588645,19.228775
376500,a8EbPwqh2KZri/brahfYNQ3usvfGr4ftCRsri04vaNuaTBBF85WJwBikG3sjVVOO,9.828521,49.098065000000005,21.920460000000002
376800,a8EbPwqh2KZri/brahfYNQ3usvfGr4ftCRsri04vaNuaTBBF85WJwBikG3sjVVOO,13.617028,45.661174,22.937321
377100,a8EbPwqh2KZri/brahfYNQ3usvfGr4ftCRsri04vaNuaTBBF85WJwBikG3sjVVOO,14.065803,66.178794,22.708795000000002
377400,a8EbPwqh2KZri/brahfYNQ3usvfGr4ftCRsri04vaNuaTBBF85WJwBikG3sjVVOO,14.235726000000001,27.008987,19.576874
377700,a8EbPwqh2KZri/brahfYNQ3usvfGr4ftCRsri04vaNuaTBBF85WJwBikG3sjVVOO,10.354448,27.755240999999998,19.080867
378000,a8EbPwqh2KZri/brahfYNQ3usvfGr4ftCRsri04vaNuaTBBF85WJwBikG3sjVVOO,15.107134,25.258118,19.186072
378300,a8EbPwqh2KZri/brahfYNQ3usvfGr4ftCRsri04vaNuaTBBF85WJwBikG3sjVVOO,8.859055,25.235357,18.354876
378600,a8EbPwqh2KZri/brahfYNQ3usvfGr4ftCRsri04vaNuaTBBF85WJwBikG3sjVVOO,5.6068370000000005,25.278809,18.395831
378900,a8EbPwqh2KZri/brahfYNQ3usvfGr4ftCRsri04vaNuaTBBF85WJwBikG3sjVVOO,14.112843,24.755491,19.343047
379200,a8EbPwqh2KZri/brahfYNQ3usvfGr4ftCRsri04vaNuaTBBF85WJwBikG3sjVVOO,15.712076000000001,27.172131,19.155722
379500,a8EbPwqh2KZri/brahfYNQ3usvfGr4ftCRsri04vaNuaTBBF85WJwBikG3sjVVOO,14.254444,24.249654999999997,18.971460999999998
379800,a8EbPwqh2KZri/brahfYNQ3usvfGr4ftCRsri04vaNuaTBBF85WJwBikG3sjVVOO,4.787819,25.388678,17.858575
380100,a8EbPwqh2KZri/brahfYNQ3usvfGr4ftCRsri04vaNuaTBBF85WJwBikG3sjVVOO,15.138314999999999,52.118503000000004,25.393902
380400,a8EbPwqh2KZri/brahfYNQ3usvfGr4ftCRsri04vaNuaTBBF85WJwBikG3sjVVOO,14.237475,51.068936,24.474266
380700,a8EbPwqh2KZri/brahfYNQ3usvfGr4ftCRsri04vaNuaTBBF85WJwBikG3sjVVOO,14.688757999999998,25.225932,19.426887
381000,a8EbPwqh2KZri/brahfYNQ3usvfGr4ftCRsri04vaNuaTBBF85WJwBikG3sjVVOO,14.164106,94.248335,26.454519
381300,a8EbPwqh2KZri/brahfYNQ3usvfGr4ftCRsri04vaNuaTBBF85WJwBikG3sjVVOO,14.660882999999998,23.892592,19.525447
381600,a8EbPwqh2KZri/brahfYNQ3usvfGr4ftCRsri04vaNuaTBBF85WJwBikG3sjVVOO,14.359572,30.74302,19.167063
381900,a8EbPwqh2KZri/brahfYNQ3usvfGr4ftCRsri04vaNuaTBBF85WJwBikG3sjVVOO,14.902497,96.545089,26.321824
382200,a8EbPwqh2KZri/brahfYNQ3usvfGr4ftCRsri04vaNuaTBBF85WJwBikG3sjVVOO,15.064448,24.822704,18.859771
382500,a8EbPwqh2KZri/brahfYNQ3usvfGr4ftCRsri04vaNuaTBBF85WJwBikG3sjVVOO,9.161552,23.043859,18.62172
382800,a8EbPwqh2KZri/brahfYNQ3usvfGr4ftCRsri04vaNuaTBBF85WJwBikG3sjVVOO,14.212933,24.100879,18.501284
383100,a8EbPwqh2KZri/brahfYNQ3usvfGr4ftCRsri04vaNuaTBBF85WJwBikG3sjVVOO,14.49477,84.918047,24.830488
383400,a8EbPwqh2KZri/brahfYNQ3usvfGr4ftCRsri04vaNuaTBBF85WJwBikG3sjVVOO,14.367868,25.969576999999997,18.473282
383700,a8EbPwqh2KZri/brahfYNQ3usvfGr4ftCRsri04vaNuaTBBF85WJwBikG3sjVVOO,14.253016,58.505877000000005,27.152602
384000,a8EbPwqh2KZri/brahfYNQ3usvfGr4ftCRsri04vaNuaTBBF85WJwBikG3sjVVOO,15.411454999999998,48.540228000000006,22.955632
384300,a8EbPwqh2KZri/brahfYNQ3usvfGr4ftCRsri04vaNuaTBBF85WJwBikG3sjVVOO,4.145299,26.294168,18.104065
384600,a8EbPwqh2KZri/brahfYNQ3usvfGr4ftCRsri04vaNuaTBBF85WJwBikG3sjVVOO,0.868649,27.299553999999997,18.084974
384900,a8EbPwqh2KZri/brahfYNQ3usvfGr4ftCRsri04vaNuaTBBF85WJwBikG3sjVVOO,14.629527,27.199478999999997,19.589336
385200,a8EbPwqh2KZri/brahfYNQ3usvfGr4ftCRsri04vaNuaTBBF85WJwBikG3sjVVOO,0.6809999999999999,26.441046000000004,16.750254
385500,a8EbPwqh2KZri/brahfYNQ3usvfGr4ftCRsri04vaNuaTBBF85WJwBikG3sjVVOO,14.443747,27.048107,19.386225
385800,a8EbPwqh2KZri/brahfYNQ3usvfGr4ftCRsri04vaNuaTBBF85WJwBikG3sjVVOO,4.852955000000001,27.790836,17.64196
386100,a8EbPwqh2KZri/brahfYNQ3usvfGr4ftCRsri04vaNuaTBBF85WJwBikG3sjVVOO,15.013223000000002,25.110793,19.268010999999998
386400,a8EbPwqh2KZri/brahfYNQ3usvfGr4ftCRsri04vaNuaTBBF85WJwBikG3sjVVOO,0.9835379999999999,25.92885,16.646239
386700,a8EbPwqh2KZri/brahfYNQ3usvfGr4ftCRsri04vaNuaTBBF85WJwBikG3sjVVOO,14.338392,25.790117000000002,19.237543
387000,a8EbPwqh2KZri/brahfYNQ3usvfGr4ftCRsri04vaNuaTBBF85WJwBikG3sjVVOO,0.411787,26.793758,16.904258
387300,a8EbPwqh2KZri/brahfYNQ3usvfGr4ftCRsri04vaNuaTBBF85WJwBikG3sjVVOO,1.0691469999999998,47.489677,21.557257
387600,a8EbPwqh2KZri/brahfYNQ3usvfGr4ftCRsri04vaNuaTBBF85WJwBikG3sjVVOO,16.333454999999997,42.075852000000005,23.338502
387900,a8EbPwqh2KZri/brahfYNQ3usvfGr4ftCRsri04vaNuaTBBF85WJwBikG3sjVVOO,1.6987849999999998,24.390078,17.789516
388200,a8EbPwqh2KZri/brahfYNQ3usvfGr4ftCRsri04vaNuaTBBF85WJwBikG3sjVVOO,14.134051000000001,24.453868,19.626528
388500,a8EbPwqh2KZri/brahfYNQ3usvfGr4ftCRsri04vaNuaTBBF85WJwBikG3sjVVOO,1.308574,26.42793,17.497457
388800,a8EbPwqh2KZri/brahfYNQ3usvfGr4ftCRsri04vaNuaTBBF85WJwBikG3sjVVOO,14.922729,25.991077999999998,19.786856
389100,a8EbPwqh2KZri/brahfYNQ3usvfGr4ftCRsri04vaNuaTBBF85WJwBikG3sjVVOO,1.285719,24.651719,17.255333
389400,a8EbPwqh2KZri/brahfYNQ3usvfGr4ftCRsri04vaNuaTBBF85WJwBikG3sjVVOO,14.81412,27.686754999999998,19.54561
389700,a8EbPwqh2KZri/brahfYNQ3usvfGr4ftCRsri04vaNuaTBBF85WJwBikG3sjVVOO,3.4478050000000002,29.692511,18.373670999999998
390000,a8EbPwqh2KZri/brahfYNQ3usvfGr4ftCRsri04vaNuaTBBF85WJwBikG3sjVVOO,1.3056590000000001,25.573555,18.000979
390300,a8EbPwqh2KZri/brahfYNQ3usvfGr4ftCRsri04vaNuaTBBF85WJwBikG3sjVVOO,13.499406,24.597257,18.521972
390600,a8EbPwqh2KZri/brahfYNQ3usvfGr4ftCRsri04vaNuaTBBF85WJwBikG3sjVVOO,1.2385110000000001,23.152007,16.772187
390900,a8EbPwqh2KZri/brahfYNQ3usvfGr4ftCRsri04vaNuaTBBF85WJwBikG3sjVVOO,15.034374,50.21889,23.690206
391200,a8EbPwqh2KZri/brahfYNQ3usvfGr4ftCRsri04vaNuaTBBF85WJwBikG3sjVVOO,14.686496,41.092339,23.540152
391500,a8EbPwqh2KZri/brahfYNQ3usvfGr4ftCRsri04vaNuaTBBF85WJwBikG3sjVVOO,13.558404000000001,24.291367,19.206808
391800,a8EbPwqh2KZri/brahfYNQ3usvfGr4ftCRsri04vaNuaTBBF85WJwBikG3sjVVOO,0.5593279999999999,25.460115,17.957188000000002
392100,a8EbPwqh2KZri/brahfYNQ3usvfGr4ftCRsri04vaNuaTBBF85WJwBikG3sjVVOO,13.889985999999999,24.260254,19.142301999999997
392400,a8EbPwqh2KZri/brahfYNQ3usvfGr4ftCRsri04vaNuaTBBF85WJwBikG3sjVVOO,14.24669,47.287855,21.393664
392700,a8EbPwqh2KZri/brahfYNQ3usvfGr4ftCRsri04vaNuaTBBF85WJwBikG3sjVVOO,0.360562,25.039019,17.007834
393000,a8EbPwqh2KZri/brahfYNQ3usvfGr4ftCRsri04vaNuaTBBF85WJwBikG3sjVVOO,14.005847,25.284141,19.627851999999997
393300,a8EbPwqh2KZri/brahfYNQ3usvfGr4ftCRsri04vaNuaTBBF85WJwBikG3sjVVOO,10.109053,23.479693,17.730712
393600,a8EbPwqh2KZri/brahfYNQ3usvfGr4ftCRsri04vaNuaTBBF85WJwBikG3sjVVOO,12.583163,25.426273000000002,18.997339
393900,a8EbPwqh2KZri/brahfYNQ3usvfGr4ftCRsri04vaNuaTBBF85WJwBikG3sjVVOO,0.788874,25.777769,17.149261
394200,a8EbPwqh2KZri/brahfYNQ3usvfGr4ftCRsri04vaNuaTBBF85WJwBikG3sjVVOO,14.359221,28.900845,19.64113
394500,a8EbPwqh2KZri/brahfYNQ3usvfGr4ftCRsri04vaNuaTBBF85WJwBikG3sjVVOO,14.493514999999999,61.464543000000006,26.299778999999997
394800,a8EbPwqh2KZri/brahfYNQ3usvfGr4ftCRsri04vaNuaTBBF85WJwBikG3sjVVOO,14.156588000000001,43.477984,23.731333
395100,a8EbPwqh2KZri/brahfYNQ3usvfGr4ftCRsri04vaNuaTBBF85WJwBikG3sjVVOO,0.366629,27.603384000000002,17.457542
395400,a8EbPwqh2KZri/brahfYNQ3usvfGr4ftCRsri04vaNuaTBBF85WJwBikG3sjVVOO,0.535596,28.072526,17.450916
395700,a8EbPwqh2KZri/brahfYNQ3usvfGr4ftCRsri04vaNuaTBBF85WJwBikG3sjVVOO,13.652935999999999,28.052121999999997,19.373976000000003
396000,a8EbPwqh2KZri/brahfYNQ3usvfGr4ftCRsri04vaNuaTBBF85WJwBikG3sjVVOO,0.513029,28.944067999999998,17.910618
396300,a8EbPwqh2KZri/brahfYNQ3usvfGr4ftCRsri04vaNuaTBBF85WJwBikG3sjVVOO,13.192283999999999,25.887960999999997,18.954047
396600,a8EbPwqh2KZri/brahfYNQ3usvfGr4ftCRsri04vaNuaTBBF85WJwBikG3sjVVOO,0.695248,26.959467,17.413416
396900,a8EbPwqh2KZri/brahfYNQ3usvfGr4ftCRsri04vaNuaTBBF85WJwBikG3sjVVOO,14.088845000000001,27.486889,18.702714999999998
397200,a8EbPwqh2KZri/brahfYNQ3usvfGr4ftCRsri04vaNuaTBBF85WJwBikG3sjVVOO,0.36979,28.246266,17.981821
397500,a8EbPwqh2KZri/brahfYNQ3usvfGr4ftCRsri04vaNuaTBBF85WJwBikG3sjVVOO,14.291913000000001,28.26431,18.969094000000002
397800,a8EbPwqh2KZri/brahfYNQ3usvfGr4ftCRsri04vaNuaTBBF85WJwBikG3sjVVOO,0.45006,25.033693,16.855259
398100,a8EbPwqh2KZri/brahfYNQ3usvfGr4ftCRsri04vaNuaTBBF85WJwBikG3sjVVOO,0.465963,54.115618999999995,23.004499
398400,a8EbPwqh2KZri/brahfYNQ3usvfGr4ftCRsri04vaNuaTBBF85WJwBikG3sjVVOO,15.427251,42.259726,23.646165
398700,a8EbPwqh2KZri/brahfYNQ3usvfGr4ftCRsri04vaNuaTBBF85WJwBikG3sjVVOO,15.879301000000002,35.122983000000005,20.90261
399000,a8EbPwqh2KZri/brahfYNQ3usvfGr4ftCRsri04vaNuaTBBF85WJwBikG3sjVVOO,15.780868,24.690889000000002,19.348527
399300,a8EbPwqh2KZri/brahfYNQ3usvfGr4ftCRsri04vaNuaTBBF85WJwBikG3sjVVOO,15.945008999999999,37.131444,21.198691
399600,a8EbPwqh2KZri/brahfYNQ3usvfGr4ftCRsri04vaNuaTBBF85WJwBikG3sjVVOO,13.741713,25.750834,19.121223999999998
399900,a8EbPwqh2KZri/brahfYNQ3usvfGr4ftCRsri04vaNuaTBBF85WJwBikG3sjVVOO,13.795192000000002,35.092605,20.203183
400200,a8EbPwqh2KZri/brahfYNQ3usvfGr4ftCRsri04vaNuaTBBF85WJwBikG3sjVVOO,14.619675,25.016597,19.179257
400500,a8EbPwqh2KZri/brahfYNQ3usvfGr4ftCRsri04vaNuaTBBF85WJwBikG3sjVVOO,15.895923000000002,37.667176,20.858777
400800,a8EbPwqh2KZri/brahfYNQ3usvfGr4ftCRsri04vaNuaTBBF85WJwBikG3sjVVOO,14.717068,35.788751,20.761944
401100,a8EbPwqh2KZri/brahfYNQ3usvfGr4ftCRsri04vaNuaTBBF85WJwBikG3sjVVOO,15.020089000000002,23.698,19.195382000000002
401400,a8EbPwqh2KZri/brahfYNQ3usvfGr4ftCRsri04vaNuaTBBF85WJwBikG3sjVVOO,14.079976,42.356317,20.417327
401700,a8EbPwqh2KZri/brahfYNQ3usvfGr4ftCRsri04vaNuaTBBF85WJwBikG3sjVVOO,15.899989999999999,56.290804,24.061933
402000,a8EbPwqh2KZri/brahfYNQ3usvfGr4ftCRsri04vaNuaTBBF85WJwBikG3sjVVOO,6.142362,37.172444,20.793203
402300,a8EbPwqh2KZri/brahfYNQ3usvfGr4ftCRsri04vaNuaTBBF85WJwBikG3sjVVOO,15.229726000000001,26.058874,19.810598000000002
402600,a8EbPwqh2KZri/brahfYNQ3usvfGr4ftCRsri04vaNuaTBBF85WJwBikG3sjVVOO,0.21276,24.291557,16.367298
402900,a8EbPwqh2KZri/brahfYNQ3usvfGr4ftCRsri04vaNuaTBBF85WJwBikG3sjVVOO,1.828703,66.93463100000001,9.227707
403200,a8EbPwqh2KZri/brahfYNQ3usvfGr4ftCRsri04vaNuaTBBF85WJwBikG3sjVVOO,1.598414,76.454184,16.896403
403500,a8EbPwqh2KZri/brahfYNQ3usvfGr4ftCRsri04vaNuaTBBF85WJwBikG3sjVVOO,23.233757999999998,32.098223,27.503151000000003
403800,a8EbPwqh2KZri/brahfYNQ3usvfGr4ftCRsri04vaNuaTBBF85WJwBikG3sjVVOO,8.696439,13.693636999999999,11.299061
