timestamp,vm_id,min_cpu,avg_cpu,max_cpu
0,a8nOeMljqGUUIxJGlQNUQULLNJnnrWFoPinG8lYLCMGRWa8O0hzmhvZtJTMAVOTa,0.579511,2.1007830000000003,1.3387209999999998
300,a8nOeMljqGUUIxJGlQNUQULLNJnnrWFoPinG8lYLCMGRWa8O0hzmhvZtJTMAVOTa,1.043699,2.095063,1.442356
600,a8nOeMljqGUUIxJGlQNUQULLNJnnrWFoPinG8lYLCMGRWa8O0hzmhvZtJTMAVOTa,1.060174,2.312406,1.492464
900,a8nOeMljqGUUIxJGlQNUQULLNJnnrWFoPinG8lYLCMGRWa8O0hzmhvZtJTMAVOTa,1.056671,25.841583,3.8894629999999997
1200,a8nOeMljqGUUIxJGlQNUQULLNJnnrWFoPinG8lYLCMGRWa8O0hzmhvZtJTMAVOTa,0.528111,2.18281,1.396297
1500,a8nOeMljqGUUIxJGlQNUQULLNJnnrWFoPinG8lYLCMGRWa8O0hzmhvZtJTMAVOTa,1.098905,2.669115,1.542192
1800,a8nOeMljqGUUIxJGlQNUQULLNJnnrWFoPinG8lYLCMGRWa8O0hzmhvZtJTMAVOTa,0.501812,2.253548,1.358011
2100,a8nOeMljqGUUIxJGlQNUQULLNJnnrWFoPinG8lYLCMGRWa8O0hzmhvZtJTMAVOTa,0.45014,1.991337,1.402192
2400,a8nOeMljqGUUIxJGlQNUQULLNJnnrWFoPinG8lYLCMGRWa8O0hzmhvZtJTMAVOTa,1.0661559999999999,2.2732490000000003,1.451333
2700,a8nOeMljqGUUIxJGlQNUQULLNJnnrWFoPinG8lYLCMGRWa8O0hzmhvZtJTMAVOTa,0.455837,2.0799369999999997,1.317408
3000,a8nOeMljqGUUIxJGlQNUQULLNJnnrWFoPinG8lYLCMGRWa8O0hzmhvZtJTMAVOTa,1.042108,2.1153049999999998,1.456918
3300,a8nOeMljqGUUIxJGlQNUQULLNJnnrWFoPinG8lYLCMGRWa8O0hzmhvZtJTMAVOTa,0.524931,17.120997,3.3848190000000002
3600,a8nOeMljqGUUIxJGlQNUQULLNJnnrWFoPinG8lYLCMGRWa8O0hzmhvZtJTMAVOTa,1.0205739999999999,2.193206,1.416922
3900,a8nOeMljqGUUIxJGlQNUQULLNJnnrWFoPinG8lYLCMGRWa8O0hzmhvZtJTMAVOTa,0.887915,2.012622,1.405722
4200,a8nOeMljqGUUIxJGlQNUQULLNJnnrWFoPinG8lYLCMGRWa8O0hzmhvZtJTMAVOTa,1.0326620000000002,4.80459,1.7733139999999998
4500,a8nOeMljqGUUIxJGlQNUQULLNJnnrWFoPinG8lYLCMGRWa8O0hzmhvZtJTMAVOTa,0.750449,25.762909,3.834168
4800,a8nOeMljqGUUIxJGlQNUQULLNJnnrWFoPinG8lYLCMGRWa8O0hzmhvZtJTMAVOTa,1.052984,2.054848,1.508641
5100,a8nOeMljqGUUIxJGlQNUQULLNJnnrWFoPinG8lYLCMGRWa8O0hzmhvZtJTMAVOTa,1.09202,2.418089,1.519838
5400,a8nOeMljqGUUIxJGlQNUQULLNJnnrWFoPinG8lYLCMGRWa8O0hzmhvZtJTMAVOTa,1.049384,2.463286,1.531959
5700,a8nOeMljqGUUIxJGlQNUQULLNJnnrWFoPinG8lYLCMGRWa8O0hzmhvZtJTMAVOTa,1.0829950000000002,2.058046,1.439671
6000,a8nOeMljqGUUIxJGlQNUQULLNJnnrWFoPinG8lYLCMGRWa8O0hzmhvZtJTMAVOTa,1.106278,2.115623,1.511711
6300,a8nOeMljqGUUIxJGlQNUQULLNJnnrWFoPinG8lYLCMGRWa8O0hzmhvZtJTMAVOTa,1.0421129999999998,2.101426,1.423374
6600,a8nOeMljqGUUIxJGlQNUQULLNJnnrWFoPinG8lYLCMGRWa8O0hzmhvZtJTMAVOTa,0.773887,1.977352,1.3912069999999999
6900,a8nOeMljqGUUIxJGlQNUQULLNJnnrWFoPinG8lYLCMGRWa8O0hzmhvZtJTMAVOTa,1.036573,2.1911509999999996,1.421661
7200,a8nOeMljqGUUIxJGlQNUQULLNJnnrWFoPinG8lYLCMGRWa8O0hzmhvZtJTMAVOTa,0.527085,2.2088740000000002,1.39646
7500,a8nOeMljqGUUIxJGlQNUQULLNJnnrWFoPinG8lYLCMGRWa8O0hzmhvZtJTMAVOTa,0.474587,2.094693,1.425534
7800,a8nOeMljqGUUIxJGlQNUQULLNJnnrWFoPinG8lYLCMGRWa8O0hzmhvZtJTMAVOTa,1.059232,2.388811,1.530338
8100,a8nOeMljqGUUIxJGlQNUQULLNJnnrWFoPinG8lYLCMGRWa8O0hzmhvZtJTMAVOTa,1.076927,61.202008,9.297721000000001
8400,a8nOeMljqGUUIxJGlQNUQULLNJnnrWFoPinG8lYLCMGRWa8O0hzmhvZtJTMAVOTa,1.014034,2.003211,1.418634
8700,a8nOeMljqGUUIxJGlQNUQULLNJnnrWFoPinG8lYLCMGRWa8O0hzmhvZtJTMAVOTa,0.936581,2.12816,1.4097709999999999
9000,a8nOeMljqGUUIxJGlQNUQULLNJnnrWFoPinG8lYLCMGRWa8O0hzmhvZtJTMAVOTa,1.0354510000000001,1.9734349999999998,1.430448
9300,a8nOeMljqGUUIxJGlQNUQULLNJnnrWFoPinG8lYLCMGRWa8O0hzmhvZtJTMAVOTa,0.8585790000000001,2.028395,1.4020489999999999
9600,a8nOeMljqGUUIxJGlQNUQULLNJnnrWFoPinG8lYLCMGRWa8O0hzmhvZtJTMAVOTa,1.0484360000000001,2.334701,1.4853319999999999
9900,a8nOeMljqGUUIxJGlQNUQULLNJnnrWFoPinG8lYLCMGRWa8O0hzmhvZtJTMAVOTa,0.544392,2.1828,1.4021370000000002
10200,a8nOeMljqGUUIxJGlQNUQULLNJnnrWFoPinG8lYLCMGRWa8O0hzmhvZtJTMAVOTa,0.587645,2.043459,1.403825
10500,a8nOeMljqGUUIxJGlQNUQULLNJnnrWFoPinG8lYLCMGRWa8O0hzmhvZtJTMAVOTa,1.0419260000000001,2.130188,1.457156
10800,a8nOeMljqGUUIxJGlQNUQULLNJnnrWFoPinG8lYLCMGRWa8O0hzmhvZtJTMAVOTa,0.5721689999999999,2.113813,1.3603399999999999
11100,a8nOeMljqGUUIxJGlQNUQULLNJnnrWFoPinG8lYLCMGRWa8O0hzmhvZtJTMAVOTa,1.050463,2.134297,1.444561
11400,a8nOeMljqGUUIxJGlQNUQULLNJnnrWFoPinG8lYLCMGRWa8O0hzmhvZtJTMAVOTa,0.693222,2.389964,1.555231
11700,a8nOeMljqGUUIxJGlQNUQULLNJnnrWFoPinG8lYLCMGRWa8O0hzmhvZtJTMAVOTa,1.0605930000000001,26.514171,3.9474050000000003
12000,a8nOeMljqGUUIxJGlQNUQULLNJnnrWFoPinG8lYLCMGRWa8O0hzmhvZtJTMAVOTa,1.066643,8.391813,2.919714
12300,a8nOeMljqGUUIxJGlQNUQULLNJnnrWFoPinG8lYLCMGRWa8O0hzmhvZtJTMAVOTa,1.098816,9.865536,2.5987240000000003
12600,a8nOeMljqGUUIxJGlQNUQULLNJnnrWFoPinG8lYLCMGRWa8O0hzmhvZtJTMAVOTa,0.5433680000000001,2.491027,1.497754
12900,a8nOeMljqGUUIxJGlQNUQULLNJnnrWFoPinG8lYLCMGRWa8O0hzmhvZtJTMAVOTa,1.08111,2.102463,1.493602
13200,a8nOeMljqGUUIxJGlQNUQULLNJnnrWFoPinG8lYLCMGRWa8O0hzmhvZtJTMAVOTa,1.0259530000000001,2.23599,1.5258209999999999
13500,a8nOeMljqGUUIxJGlQNUQULLNJnnrWFoPinG8lYLCMGRWa8O0hzmhvZtJTMAVOTa,0.582147,1.9857630000000002,1.3262180000000001
13800,a8nOeMljqGUUIxJGlQNUQULLNJnnrWFoPinG8lYLCMGRWa8O0hzmhvZtJTMAVOTa,1.0402870000000002,1.9450610000000002,1.40447
14100,a8nOeMljqGUUIxJGlQNUQULLNJnnrWFoPinG8lYLCMGRWa8O0hzmhvZtJTMAVOTa,0.5780029999999999,2.198989,1.3723100000000001
14400,a8nOeMljqGUUIxJGlQNUQULLNJnnrWFoPinG8lYLCMGRWa8O0hzmhvZtJTMAVOTa,1.009013,1.9826549999999998,1.388634
14700,a8nOeMljqGUUIxJGlQNUQULLNJnnrWFoPinG8lYLCMGRWa8O0hzmhvZtJTMAVOTa,0.799909,2.188841,1.39226
15000,a8nOeMljqGUUIxJGlQNUQULLNJnnrWFoPinG8lYLCMGRWa8O0hzmhvZtJTMAVOTa,1.077819,2.233926,1.465403
15300,a8nOeMljqGUUIxJGlQNUQULLNJnnrWFoPinG8lYLCMGRWa8O0hzmhvZtJTMAVOTa,0.6742020000000001,25.7992,3.913306
15600,a8nOeMljqGUUIxJGlQNUQULLNJnnrWFoPinG8lYLCMGRWa8O0hzmhvZtJTMAVOTa,1.072709,2.174513,1.495435
15900,a8nOeMljqGUUIxJGlQNUQULLNJnnrWFoPinG8lYLCMGRWa8O0hzmhvZtJTMAVOTa,1.057275,2.256297,1.449605
16200,a8nOeMljqGUUIxJGlQNUQULLNJnnrWFoPinG8lYLCMGRWa8O0hzmhvZtJTMAVOTa,0.6548930000000001,2.218674,1.415583
16500,a8nOeMljqGUUIxJGlQNUQULLNJnnrWFoPinG8lYLCMGRWa8O0hzmhvZtJTMAVOTa,1.012869,1.987263,1.428799
16800,a8nOeMljqGUUIxJGlQNUQULLNJnnrWFoPinG8lYLCMGRWa8O0hzmhvZtJTMAVOTa,0.75441,2.138137,1.409984
17100,a8nOeMljqGUUIxJGlQNUQULLNJnnrWFoPinG8lYLCMGRWa8O0hzmhvZtJTMAVOTa,1.0275940000000001,2.1296880000000002,1.404852
17400,a8nOeMljqGUUIxJGlQNUQULLNJnnrWFoPinG8lYLCMGRWa8O0hzmhvZtJTMAVOTa,1.030943,2.067862,1.451009
17700,a8nOeMljqGUUIxJGlQNUQULLNJnnrWFoPinG8lYLCMGRWa8O0hzmhvZtJTMAVOTa,1.030616,2.050566,1.415049
18000,a8nOeMljqGUUIxJGlQNUQULLNJnnrWFoPinG8lYLCMGRWa8O0hzmhvZtJTMAVOTa,1.0519,2.5097009999999997,1.5119989999999999
18300,a8nOeMljqGUUIxJGlQNUQULLNJnnrWFoPinG8lYLCMGRWa8O0hzmhvZtJTMAVOTa,0.571443,2.331427,1.445928
18600,a8nOeMljqGUUIxJGlQNUQULLNJnnrWFoPinG8lYLCMGRWa8O0hzmhvZtJTMAVOTa,1.042401,2.229954,1.503729
18900,a8nOeMljqGUUIxJGlQNUQULLNJnnrWFoPinG8lYLCMGRWa8O0hzmhvZtJTMAVOTa,0.8997950000000001,55.393042,11.615527
19200,a8nOeMljqGUUIxJGlQNUQULLNJnnrWFoPinG8lYLCMGRWa8O0hzmhvZtJTMAVOTa,1.103034,3.213622,1.7270240000000001
19500,a8nOeMljqGUUIxJGlQNUQULLNJnnrWFoPinG8lYLCMGRWa8O0hzmhvZtJTMAVOTa,0.723875,2.1428130000000003,1.475993
19800,a8nOeMljqGUUIxJGlQNUQULLNJnnrWFoPinG8lYLCMGRWa8O0hzmhvZtJTMAVOTa,0.99484,2.207271,1.4458719999999998
20100,a8nOeMljqGUUIxJGlQNUQULLNJnnrWFoPinG8lYLCMGRWa8O0hzmhvZtJTMAVOTa,1.01331,2.793187,1.455202
20400,a8nOeMljqGUUIxJGlQNUQULLNJnnrWFoPinG8lYLCMGRWa8O0hzmhvZtJTMAVOTa,1.03531,2.390577,1.4357879999999998
20700,a8nOeMljqGUUIxJGlQNUQULLNJnnrWFoPinG8lYLCMGRWa8O0hzmhvZtJTMAVOTa,0.99782,2.132678,1.446496
21000,a8nOeMljqGUUIxJGlQNUQULLNJnnrWFoPinG8lYLCMGRWa8O0hzmhvZtJTMAVOTa,1.032381,2.882901,1.464114
21300,a8nOeMljqGUUIxJGlQNUQULLNJnnrWFoPinG8lYLCMGRWa8O0hzmhvZtJTMAVOTa,1.037599,2.5729450000000003,1.4464110000000001
21600,a8nOeMljqGUUIxJGlQNUQULLNJnnrWFoPinG8lYLCMGRWa8O0hzmhvZtJTMAVOTa,1.024928,2.140079,1.482687
21900,a8nOeMljqGUUIxJGlQNUQULLNJnnrWFoPinG8lYLCMGRWa8O0hzmhvZtJTMAVOTa,1.110359,2.875218,1.486915
22200,a8nOeMljqGUUIxJGlQNUQULLNJnnrWFoPinG8lYLCMGRWa8O0hzmhvZtJTMAVOTa,1.057887,2.42689,1.562417
22500,a8nOeMljqGUUIxJGlQNUQULLNJnnrWFoPinG8lYLCMGRWa8O0hzmhvZtJTMAVOTa,1.059749,26.245751000000002,3.939461
22800,a8nOeMljqGUUIxJGlQNUQULLNJnnrWFoPinG8lYLCMGRWa8O0hzmhvZtJTMAVOTa,0.6725939999999999,3.085569,1.406168
23100,a8nOeMljqGUUIxJGlQNUQULLNJnnrWFoPinG8lYLCMGRWa8O0hzmhvZtJTMAVOTa,1.036692,2.649655,1.525775
23400,a8nOeMljqGUUIxJGlQNUQULLNJnnrWFoPinG8lYLCMGRWa8O0hzmhvZtJTMAVOTa,0.7839010000000001,1.939532,1.2655530000000002
23700,a8nOeMljqGUUIxJGlQNUQULLNJnnrWFoPinG8lYLCMGRWa8O0hzmhvZtJTMAVOTa,0.977375,2.991294,1.378509
24000,a8nOeMljqGUUIxJGlQNUQULLNJnnrWFoPinG8lYLCMGRWa8O0hzmhvZtJTMAVOTa,0.970859,2.516624,1.4471889999999998
24300,a8nOeMljqGUUIxJGlQNUQULLNJnnrWFoPinG8lYLCMGRWa8O0hzmhvZtJTMAVOTa,1.018504,2.141159,1.435645
24600,a8nOeMljqGUUIxJGlQNUQULLNJnnrWFoPinG8lYLCMGRWa8O0hzmhvZtJTMAVOTa,1.040347,2.908991,1.4208479999999999
24900,a8nOeMljqGUUIxJGlQNUQULLNJnnrWFoPinG8lYLCMGRWa8O0hzmhvZtJTMAVOTa,0.770777,2.419282,1.360066
25200,a8nOeMljqGUUIxJGlQNUQULLNJnnrWFoPinG8lYLCMGRWa8O0hzmhvZtJTMAVOTa,1.0114290000000001,2.249001,1.400215
25500,a8nOeMljqGUUIxJGlQNUQULLNJnnrWFoPinG8lYLCMGRWa8O0hzmhvZtJTMAVOTa,1.002098,2.775328,1.418088
25800,a8nOeMljqGUUIxJGlQNUQULLNJnnrWFoPinG8lYLCMGRWa8O0hzmhvZtJTMAVOTa,1.044612,2.522151,1.513127
26100,a8nOeMljqGUUIxJGlQNUQULLNJnnrWFoPinG8lYLCMGRWa8O0hzmhvZtJTMAVOTa,0.5906819999999999,15.328362,3.741193
26400,a8nOeMljqGUUIxJGlQNUQULLNJnnrWFoPinG8lYLCMGRWa8O0hzmhvZtJTMAVOTa,0.759475,3.0806430000000002,1.3432620000000002
26700,a8nOeMljqGUUIxJGlQNUQULLNJnnrWFoPinG8lYLCMGRWa8O0hzmhvZtJTMAVOTa,1.0132290000000002,2.554123,1.432388
27000,a8nOeMljqGUUIxJGlQNUQULLNJnnrWFoPinG8lYLCMGRWa8O0hzmhvZtJTMAVOTa,1.03748,2.17976,1.49088
27300,a8nOeMljqGUUIxJGlQNUQULLNJnnrWFoPinG8lYLCMGRWa8O0hzmhvZtJTMAVOTa,1.028333,3.0125029999999997,1.4749709999999998
27600,a8nOeMljqGUUIxJGlQNUQULLNJnnrWFoPinG8lYLCMGRWa8O0hzmhvZtJTMAVOTa,1.0425149999999999,2.399569,1.5412709999999998
27900,a8nOeMljqGUUIxJGlQNUQULLNJnnrWFoPinG8lYLCMGRWa8O0hzmhvZtJTMAVOTa,1.030642,2.3614759999999997,1.451704
28200,a8nOeMljqGUUIxJGlQNUQULLNJnnrWFoPinG8lYLCMGRWa8O0hzmhvZtJTMAVOTa,0.68591,2.9251150000000004,1.372859
28500,a8nOeMljqGUUIxJGlQNUQULLNJnnrWFoPinG8lYLCMGRWa8O0hzmhvZtJTMAVOTa,1.0428819999999999,2.5716490000000003,1.468265
28800,a8nOeMljqGUUIxJGlQNUQULLNJnnrWFoPinG8lYLCMGRWa8O0hzmhvZtJTMAVOTa,1.004371,1.96471,1.289042
29100,a8nOeMljqGUUIxJGlQNUQULLNJnnrWFoPinG8lYLCMGRWa8O0hzmhvZtJTMAVOTa,0.621567,2.821746,1.3282100000000001
29400,a8nOeMljqGUUIxJGlQNUQULLNJnnrWFoPinG8lYLCMGRWa8O0hzmhvZtJTMAVOTa,1.016909,2.694539,1.495544
29700,a8nOeMljqGUUIxJGlQNUQULLNJnnrWFoPinG8lYLCMGRWa8O0hzmhvZtJTMAVOTa,0.502488,26.321908,3.8517230000000002
30000,a8nOeMljqGUUIxJGlQNUQULLNJnnrWFoPinG8lYLCMGRWa8O0hzmhvZtJTMAVOTa,1.02979,2.913893,1.449877
30300,a8nOeMljqGUUIxJGlQNUQULLNJnnrWFoPinG8lYLCMGRWa8O0hzmhvZtJTMAVOTa,1.051156,2.439464,1.4325780000000001
30600,a8nOeMljqGUUIxJGlQNUQULLNJnnrWFoPinG8lYLCMGRWa8O0hzmhvZtJTMAVOTa,1.0385280000000001,2.298476,1.480086
30900,a8nOeMljqGUUIxJGlQNUQULLNJnnrWFoPinG8lYLCMGRWa8O0hzmhvZtJTMAVOTa,0.610421,2.8590430000000002,1.3506879999999999
31200,a8nOeMljqGUUIxJGlQNUQULLNJnnrWFoPinG8lYLCMGRWa8O0hzmhvZtJTMAVOTa,1.0416809999999999,3.082712,1.510643
31500,a8nOeMljqGUUIxJGlQNUQULLNJnnrWFoPinG8lYLCMGRWa8O0hzmhvZtJTMAVOTa,0.7994020000000001,1.9989080000000001,1.2944950000000002
31800,a8nOeMljqGUUIxJGlQNUQULLNJnnrWFoPinG8lYLCMGRWa8O0hzmhvZtJTMAVOTa,0.749286,3.112884,1.3950790000000002
32100,a8nOeMljqGUUIxJGlQNUQULLNJnnrWFoPinG8lYLCMGRWa8O0hzmhvZtJTMAVOTa,0.991859,2.4991939999999997,1.452943
32400,a8nOeMljqGUUIxJGlQNUQULLNJnnrWFoPinG8lYLCMGRWa8O0hzmhvZtJTMAVOTa,1.027109,2.191432,1.438851
32700,a8nOeMljqGUUIxJGlQNUQULLNJnnrWFoPinG8lYLCMGRWa8O0hzmhvZtJTMAVOTa,1.053034,2.8694189999999997,1.469051
33000,a8nOeMljqGUUIxJGlQNUQULLNJnnrWFoPinG8lYLCMGRWa8O0hzmhvZtJTMAVOTa,0.87354,2.590935,1.531065
33300,a8nOeMljqGUUIxJGlQNUQULLNJnnrWFoPinG8lYLCMGRWa8O0hzmhvZtJTMAVOTa,1.079725,26.620556,3.944611
33600,a8nOeMljqGUUIxJGlQNUQULLNJnnrWFoPinG8lYLCMGRWa8O0hzmhvZtJTMAVOTa,0.9875860000000001,2.931278,1.618575
33900,a8nOeMljqGUUIxJGlQNUQULLNJnnrWFoPinG8lYLCMGRWa8O0hzmhvZtJTMAVOTa,1.01786,2.5797209999999997,1.476416
34200,a8nOeMljqGUUIxJGlQNUQULLNJnnrWFoPinG8lYLCMGRWa8O0hzmhvZtJTMAVOTa,0.69083,1.921835,1.280526
34500,a8nOeMljqGUUIxJGlQNUQULLNJnnrWFoPinG8lYLCMGRWa8O0hzmhvZtJTMAVOTa,0.9910760000000001,2.834498,1.394161
34800,a8nOeMljqGUUIxJGlQNUQULLNJnnrWFoPinG8lYLCMGRWa8O0hzmhvZtJTMAVOTa,1.039575,2.363357,1.46058
35100,a8nOeMljqGUUIxJGlQNUQULLNJnnrWFoPinG8lYLCMGRWa8O0hzmhvZtJTMAVOTa,0.7575890000000001,2.067566,1.369767
35400,a8nOeMljqGUUIxJGlQNUQULLNJnnrWFoPinG8lYLCMGRWa8O0hzmhvZtJTMAVOTa,1.070945,2.782348,1.4501950000000001
35700,a8nOeMljqGUUIxJGlQNUQULLNJnnrWFoPinG8lYLCMGRWa8O0hzmhvZtJTMAVOTa,0.739329,2.317196,1.404327
36000,a8nOeMljqGUUIxJGlQNUQULLNJnnrWFoPinG8lYLCMGRWa8O0hzmhvZtJTMAVOTa,1.075265,2.102118,1.431322
36300,a8nOeMljqGUUIxJGlQNUQULLNJnnrWFoPinG8lYLCMGRWa8O0hzmhvZtJTMAVOTa,1.009196,2.7639110000000002,1.42679
36600,a8nOeMljqGUUIxJGlQNUQULLNJnnrWFoPinG8lYLCMGRWa8O0hzmhvZtJTMAVOTa,1.020797,2.335416,1.46137
36900,a8nOeMljqGUUIxJGlQNUQULLNJnnrWFoPinG8lYLCMGRWa8O0hzmhvZtJTMAVOTa,1.042712,11.99354,2.528105
37200,a8nOeMljqGUUIxJGlQNUQULLNJnnrWFoPinG8lYLCMGRWa8O0hzmhvZtJTMAVOTa,0.667555,13.818062,2.713136
37500,a8nOeMljqGUUIxJGlQNUQULLNJnnrWFoPinG8lYLCMGRWa8O0hzmhvZtJTMAVOTa,1.080874,2.901359,1.6751900000000002
37800,a8nOeMljqGUUIxJGlQNUQULLNJnnrWFoPinG8lYLCMGRWa8O0hzmhvZtJTMAVOTa,1.0881049999999999,2.2578560000000003,1.495348
38100,a8nOeMljqGUUIxJGlQNUQULLNJnnrWFoPinG8lYLCMGRWa8O0hzmhvZtJTMAVOTa,1.05082,2.772383,1.47955
38400,a8nOeMljqGUUIxJGlQNUQULLNJnnrWFoPinG8lYLCMGRWa8O0hzmhvZtJTMAVOTa,0.7230340000000001,2.412389,1.444986
38700,a8nOeMljqGUUIxJGlQNUQULLNJnnrWFoPinG8lYLCMGRWa8O0hzmhvZtJTMAVOTa,1.030359,2.110793,1.426725
39000,a8nOeMljqGUUIxJGlQNUQULLNJnnrWFoPinG8lYLCMGRWa8O0hzmhvZtJTMAVOTa,0.627935,2.829511,1.387759
39300,a8nOeMljqGUUIxJGlQNUQULLNJnnrWFoPinG8lYLCMGRWa8O0hzmhvZtJTMAVOTa,1.042943,2.3281169999999998,1.4621309999999998
39600,a8nOeMljqGUUIxJGlQNUQULLNJnnrWFoPinG8lYLCMGRWa8O0hzmhvZtJTMAVOTa,0.775462,2.0389630000000003,1.338086
39900,a8nOeMljqGUUIxJGlQNUQULLNJnnrWFoPinG8lYLCMGRWa8O0hzmhvZtJTMAVOTa,1.0654780000000001,2.908489,1.452823
40200,a8nOeMljqGUUIxJGlQNUQULLNJnnrWFoPinG8lYLCMGRWa8O0hzmhvZtJTMAVOTa,1.0579379999999998,2.6628540000000003,1.4946629999999999
40500,a8nOeMljqGUUIxJGlQNUQULLNJnnrWFoPinG8lYLCMGRWa8O0hzmhvZtJTMAVOTa,0.890084,2.131174,1.382917
40800,a8nOeMljqGUUIxJGlQNUQULLNJnnrWFoPinG8lYLCMGRWa8O0hzmhvZtJTMAVOTa,1.00969,26.720992,3.9728470000000002
41100,a8nOeMljqGUUIxJGlQNUQULLNJnnrWFoPinG8lYLCMGRWa8O0hzmhvZtJTMAVOTa,0.572084,2.425225,1.364167
41400,a8nOeMljqGUUIxJGlQNUQULLNJnnrWFoPinG8lYLCMGRWa8O0hzmhvZtJTMAVOTa,0.998658,2.2380720000000003,1.439171
41700,a8nOeMljqGUUIxJGlQNUQULLNJnnrWFoPinG8lYLCMGRWa8O0hzmhvZtJTMAVOTa,0.536856,2.816896,1.356298
42000,a8nOeMljqGUUIxJGlQNUQULLNJnnrWFoPinG8lYLCMGRWa8O0hzmhvZtJTMAVOTa,1.026165,2.353622,1.436862
42300,a8nOeMljqGUUIxJGlQNUQULLNJnnrWFoPinG8lYLCMGRWa8O0hzmhvZtJTMAVOTa,0.535392,1.8619080000000001,1.24918
42600,a8nOeMljqGUUIxJGlQNUQULLNJnnrWFoPinG8lYLCMGRWa8O0hzmhvZtJTMAVOTa,1.023039,2.930603,1.504832
42900,a8nOeMljqGUUIxJGlQNUQULLNJnnrWFoPinG8lYLCMGRWa8O0hzmhvZtJTMAVOTa,1.020717,2.149593,1.362555
43200,a8nOeMljqGUUIxJGlQNUQULLNJnnrWFoPinG8lYLCMGRWa8O0hzmhvZtJTMAVOTa,1.00209,2.112733,1.498808
43500,a8nOeMljqGUUIxJGlQNUQULLNJnnrWFoPinG8lYLCMGRWa8O0hzmhvZtJTMAVOTa,1.026753,2.166583,1.4432479999999999
43800,a8nOeMljqGUUIxJGlQNUQULLNJnnrWFoPinG8lYLCMGRWa8O0hzmhvZtJTMAVOTa,1.04064,2.443093,1.445424
44100,a8nOeMljqGUUIxJGlQNUQULLNJnnrWFoPinG8lYLCMGRWa8O0hzmhvZtJTMAVOTa,1.026928,2.257911,1.4958770000000001
44400,a8nOeMljqGUUIxJGlQNUQULLNJnnrWFoPinG8lYLCMGRWa8O0hzmhvZtJTMAVOTa,0.713422,26.924696,3.9934160000000003
44700,a8nOeMljqGUUIxJGlQNUQULLNJnnrWFoPinG8lYLCMGRWa8O0hzmhvZtJTMAVOTa,1.027298,2.085363,1.357565
45000,a8nOeMljqGUUIxJGlQNUQULLNJnnrWFoPinG8lYLCMGRWa8O0hzmhvZtJTMAVOTa,1.045764,2.126435,1.487282
45300,a8nOeMljqGUUIxJGlQNUQULLNJnnrWFoPinG8lYLCMGRWa8O0hzmhvZtJTMAVOTa,0.654324,2.1427509999999996,1.3765969999999998
45600,a8nOeMljqGUUIxJGlQNUQULLNJnnrWFoPinG8lYLCMGRWa8O0hzmhvZtJTMAVOTa,1.069373,1.9652,1.437811
45900,a8nOeMljqGUUIxJGlQNUQULLNJnnrWFoPinG8lYLCMGRWa8O0hzmhvZtJTMAVOTa,1.116592,2.179354,1.552875
46200,a8nOeMljqGUUIxJGlQNUQULLNJnnrWFoPinG8lYLCMGRWa8O0hzmhvZtJTMAVOTa,1.083941,2.211204,1.478789
46500,a8nOeMljqGUUIxJGlQNUQULLNJnnrWFoPinG8lYLCMGRWa8O0hzmhvZtJTMAVOTa,1.068234,19.144323999999997,3.357134
46800,a8nOeMljqGUUIxJGlQNUQULLNJnnrWFoPinG8lYLCMGRWa8O0hzmhvZtJTMAVOTa,1.1181969999999999,2.2028369999999997,1.567532
47100,a8nOeMljqGUUIxJGlQNUQULLNJnnrWFoPinG8lYLCMGRWa8O0hzmhvZtJTMAVOTa,0.890143,2.037257,1.411476
47400,a8nOeMljqGUUIxJGlQNUQULLNJnnrWFoPinG8lYLCMGRWa8O0hzmhvZtJTMAVOTa,1.053105,2.818613,1.501042
47700,a8nOeMljqGUUIxJGlQNUQULLNJnnrWFoPinG8lYLCMGRWa8O0hzmhvZtJTMAVOTa,1.086694,41.797340000000005,9.150883
48000,a8nOeMljqGUUIxJGlQNUQULLNJnnrWFoPinG8lYLCMGRWa8O0hzmhvZtJTMAVOTa,0.9200219999999999,21.670648,4.3140279999999995
48300,a8nOeMljqGUUIxJGlQNUQULLNJnnrWFoPinG8lYLCMGRWa8O0hzmhvZtJTMAVOTa,1.077034,2.158486,1.4365350000000001
48600,a8nOeMljqGUUIxJGlQNUQULLNJnnrWFoPinG8lYLCMGRWa8O0hzmhvZtJTMAVOTa,0.662451,2.069105,1.4701739999999999
48900,a8nOeMljqGUUIxJGlQNUQULLNJnnrWFoPinG8lYLCMGRWa8O0hzmhvZtJTMAVOTa,1.063658,2.13561,1.4939930000000001
49200,a8nOeMljqGUUIxJGlQNUQULLNJnnrWFoPinG8lYLCMGRWa8O0hzmhvZtJTMAVOTa,0.995885,2.715994,1.500618
49500,a8nOeMljqGUUIxJGlQNUQULLNJnnrWFoPinG8lYLCMGRWa8O0hzmhvZtJTMAVOTa,1.0037,2.025543,1.494536
49800,a8nOeMljqGUUIxJGlQNUQULLNJnnrWFoPinG8lYLCMGRWa8O0hzmhvZtJTMAVOTa,1.015201,2.122877,1.449942
50100,a8nOeMljqGUUIxJGlQNUQULLNJnnrWFoPinG8lYLCMGRWa8O0hzmhvZtJTMAVOTa,1.033298,2.128333,1.351504
50400,a8nOeMljqGUUIxJGlQNUQULLNJnnrWFoPinG8lYLCMGRWa8O0hzmhvZtJTMAVOTa,1.0163360000000001,1.9962349999999998,1.452448
50700,a8nOeMljqGUUIxJGlQNUQULLNJnnrWFoPinG8lYLCMGRWa8O0hzmhvZtJTMAVOTa,0.748232,2.201473,1.355934
51000,a8nOeMljqGUUIxJGlQNUQULLNJnnrWFoPinG8lYLCMGRWa8O0hzmhvZtJTMAVOTa,1.0907209999999998,2.353911,1.395063
51300,a8nOeMljqGUUIxJGlQNUQULLNJnnrWFoPinG8lYLCMGRWa8O0hzmhvZtJTMAVOTa,0.7656970000000001,1.9842529999999998,1.434474
51600,a8nOeMljqGUUIxJGlQNUQULLNJnnrWFoPinG8lYLCMGRWa8O0hzmhvZtJTMAVOTa,1.0648469999999999,26.791376,3.9192949999999995
51900,a8nOeMljqGUUIxJGlQNUQULLNJnnrWFoPinG8lYLCMGRWa8O0hzmhvZtJTMAVOTa,0.453883,2.155427,1.292872
52200,a8nOeMljqGUUIxJGlQNUQULLNJnnrWFoPinG8lYLCMGRWa8O0hzmhvZtJTMAVOTa,1.058449,2.276121,1.5618370000000001
52500,a8nOeMljqGUUIxJGlQNUQULLNJnnrWFoPinG8lYLCMGRWa8O0hzmhvZtJTMAVOTa,0.48056899999999997,2.097381,1.375124
52800,a8nOeMljqGUUIxJGlQNUQULLNJnnrWFoPinG8lYLCMGRWa8O0hzmhvZtJTMAVOTa,1.012137,2.063732,1.392616
53100,a8nOeMljqGUUIxJGlQNUQULLNJnnrWFoPinG8lYLCMGRWa8O0hzmhvZtJTMAVOTa,0.731437,1.8816950000000001,1.353199
53400,a8nOeMljqGUUIxJGlQNUQULLNJnnrWFoPinG8lYLCMGRWa8O0hzmhvZtJTMAVOTa,0.5131359999999999,2.19272,1.397276
53700,a8nOeMljqGUUIxJGlQNUQULLNJnnrWFoPinG8lYLCMGRWa8O0hzmhvZtJTMAVOTa,1.044941,2.162966,1.366199
54000,a8nOeMljqGUUIxJGlQNUQULLNJnnrWFoPinG8lYLCMGRWa8O0hzmhvZtJTMAVOTa,0.47698999999999997,2.120698,1.4286530000000002
54300,a8nOeMljqGUUIxJGlQNUQULLNJnnrWFoPinG8lYLCMGRWa8O0hzmhvZtJTMAVOTa,1.033823,2.1679,1.45163
54600,a8nOeMljqGUUIxJGlQNUQULLNJnnrWFoPinG8lYLCMGRWa8O0hzmhvZtJTMAVOTa,0.505897,2.337601,1.334916
54900,a8nOeMljqGUUIxJGlQNUQULLNJnnrWFoPinG8lYLCMGRWa8O0hzmhvZtJTMAVOTa,1.042861,2.245072,1.536941
55200,a8nOeMljqGUUIxJGlQNUQULLNJnnrWFoPinG8lYLCMGRWa8O0hzmhvZtJTMAVOTa,0.629266,26.847457000000002,3.936139
55500,a8nOeMljqGUUIxJGlQNUQULLNJnnrWFoPinG8lYLCMGRWa8O0hzmhvZtJTMAVOTa,1.128115,2.206896,1.548642
55800,a8nOeMljqGUUIxJGlQNUQULLNJnnrWFoPinG8lYLCMGRWa8O0hzmhvZtJTMAVOTa,0.999871,2.327313,1.492645
56100,a8nOeMljqGUUIxJGlQNUQULLNJnnrWFoPinG8lYLCMGRWa8O0hzmhvZtJTMAVOTa,1.009552,2.1388130000000003,1.4380469999999999
56400,a8nOeMljqGUUIxJGlQNUQULLNJnnrWFoPinG8lYLCMGRWa8O0hzmhvZtJTMAVOTa,0.9733280000000001,2.156257,1.372159
56700,a8nOeMljqGUUIxJGlQNUQULLNJnnrWFoPinG8lYLCMGRWa8O0hzmhvZtJTMAVOTa,1.044607,1.9896630000000002,1.518437
57000,a8nOeMljqGUUIxJGlQNUQULLNJnnrWFoPinG8lYLCMGRWa8O0hzmhvZtJTMAVOTa,1.0596450000000002,2.109523,1.467766
57300,a8nOeMljqGUUIxJGlQNUQULLNJnnrWFoPinG8lYLCMGRWa8O0hzmhvZtJTMAVOTa,1.039552,2.137769,1.391412
57600,a8nOeMljqGUUIxJGlQNUQULLNJnnrWFoPinG8lYLCMGRWa8O0hzmhvZtJTMAVOTa,1.0682989999999999,2.1181240000000003,1.505931
57900,a8nOeMljqGUUIxJGlQNUQULLNJnnrWFoPinG8lYLCMGRWa8O0hzmhvZtJTMAVOTa,0.606649,2.249111,1.4036440000000001
58200,a8nOeMljqGUUIxJGlQNUQULLNJnnrWFoPinG8lYLCMGRWa8O0hzmhvZtJTMAVOTa,1.0387469999999999,2.382213,1.423901
58500,a8nOeMljqGUUIxJGlQNUQULLNJnnrWFoPinG8lYLCMGRWa8O0hzmhvZtJTMAVOTa,0.9958629999999999,1.887766,1.501372
58800,a8nOeMljqGUUIxJGlQNUQULLNJnnrWFoPinG8lYLCMGRWa8O0hzmhvZtJTMAVOTa,0.604855,25.536603,3.854827
59100,a8nOeMljqGUUIxJGlQNUQULLNJnnrWFoPinG8lYLCMGRWa8O0hzmhvZtJTMAVOTa,1.091267,1.9899810000000002,1.3612790000000001
59400,a8nOeMljqGUUIxJGlQNUQULLNJnnrWFoPinG8lYLCMGRWa8O0hzmhvZtJTMAVOTa,0.740992,2.173883,1.487174
59700,a8nOeMljqGUUIxJGlQNUQULLNJnnrWFoPinG8lYLCMGRWa8O0hzmhvZtJTMAVOTa,1.053374,2.132748,1.448269
60000,a8nOeMljqGUUIxJGlQNUQULLNJnnrWFoPinG8lYLCMGRWa8O0hzmhvZtJTMAVOTa,1.031896,2.076775,1.371768
60300,a8nOeMljqGUUIxJGlQNUQULLNJnnrWFoPinG8lYLCMGRWa8O0hzmhvZtJTMAVOTa,1.088262,2.106419,1.48652
60600,a8nOeMljqGUUIxJGlQNUQULLNJnnrWFoPinG8lYLCMGRWa8O0hzmhvZtJTMAVOTa,1.1002969999999999,2.133195,1.4789780000000001
60900,a8nOeMljqGUUIxJGlQNUQULLNJnnrWFoPinG8lYLCMGRWa8O0hzmhvZtJTMAVOTa,1.034592,2.004972,1.372017
61200,a8nOeMljqGUUIxJGlQNUQULLNJnnrWFoPinG8lYLCMGRWa8O0hzmhvZtJTMAVOTa,1.069909,1.911312,1.414344
61500,a8nOeMljqGUUIxJGlQNUQULLNJnnrWFoPinG8lYLCMGRWa8O0hzmhvZtJTMAVOTa,0.64622,2.12487,1.344732
61800,a8nOeMljqGUUIxJGlQNUQULLNJnnrWFoPinG8lYLCMGRWa8O0hzmhvZtJTMAVOTa,1.037074,2.50175,1.404495
62100,a8nOeMljqGUUIxJGlQNUQULLNJnnrWFoPinG8lYLCMGRWa8O0hzmhvZtJTMAVOTa,0.637054,2.106341,1.4516200000000001
62400,a8nOeMljqGUUIxJGlQNUQULLNJnnrWFoPinG8lYLCMGRWa8O0hzmhvZtJTMAVOTa,1.052226,26.852648,6.815616
62700,a8nOeMljqGUUIxJGlQNUQULLNJnnrWFoPinG8lYLCMGRWa8O0hzmhvZtJTMAVOTa,1.097127,2.178338,1.477655
63000,a8nOeMljqGUUIxJGlQNUQULLNJnnrWFoPinG8lYLCMGRWa8O0hzmhvZtJTMAVOTa,1.037572,2.3018,1.52521
63300,a8nOeMljqGUUIxJGlQNUQULLNJnnrWFoPinG8lYLCMGRWa8O0hzmhvZtJTMAVOTa,1.097341,2.0595779999999997,1.5121440000000002
63600,a8nOeMljqGUUIxJGlQNUQULLNJnnrWFoPinG8lYLCMGRWa8O0hzmhvZtJTMAVOTa,1.059779,2.059572,1.363621
63900,a8nOeMljqGUUIxJGlQNUQULLNJnnrWFoPinG8lYLCMGRWa8O0hzmhvZtJTMAVOTa,1.053123,2.21937,1.526026
64200,a8nOeMljqGUUIxJGlQNUQULLNJnnrWFoPinG8lYLCMGRWa8O0hzmhvZtJTMAVOTa,1.091265,2.087416,1.468898
64500,a8nOeMljqGUUIxJGlQNUQULLNJnnrWFoPinG8lYLCMGRWa8O0hzmhvZtJTMAVOTa,0.622441,2.296325,1.348077
64800,a8nOeMljqGUUIxJGlQNUQULLNJnnrWFoPinG8lYLCMGRWa8O0hzmhvZtJTMAVOTa,0.7977770000000001,2.442375,1.513916
65100,a8nOeMljqGUUIxJGlQNUQULLNJnnrWFoPinG8lYLCMGRWa8O0hzmhvZtJTMAVOTa,1.103206,2.107533,1.489216
65400,a8nOeMljqGUUIxJGlQNUQULLNJnnrWFoPinG8lYLCMGRWa8O0hzmhvZtJTMAVOTa,0.7027869999999999,2.398678,1.4077469999999999
65700,a8nOeMljqGUUIxJGlQNUQULLNJnnrWFoPinG8lYLCMGRWa8O0hzmhvZtJTMAVOTa,1.059857,2.3766580000000004,1.545708
66000,a8nOeMljqGUUIxJGlQNUQULLNJnnrWFoPinG8lYLCMGRWa8O0hzmhvZtJTMAVOTa,0.6554220000000001,24.320098,3.8875910000000005
66300,a8nOeMljqGUUIxJGlQNUQULLNJnnrWFoPinG8lYLCMGRWa8O0hzmhvZtJTMAVOTa,1.043525,2.156532,1.37476
66600,a8nOeMljqGUUIxJGlQNUQULLNJnnrWFoPinG8lYLCMGRWa8O0hzmhvZtJTMAVOTa,0.715909,2.981852,1.4573129999999999
66900,a8nOeMljqGUUIxJGlQNUQULLNJnnrWFoPinG8lYLCMGRWa8O0hzmhvZtJTMAVOTa,1.096122,2.4690790000000002,1.493027
67200,a8nOeMljqGUUIxJGlQNUQULLNJnnrWFoPinG8lYLCMGRWa8O0hzmhvZtJTMAVOTa,1.058027,2.24999,1.49153
67500,a8nOeMljqGUUIxJGlQNUQULLNJnnrWFoPinG8lYLCMGRWa8O0hzmhvZtJTMAVOTa,1.034334,3.06135,1.542107
67800,a8nOeMljqGUUIxJGlQNUQULLNJnnrWFoPinG8lYLCMGRWa8O0hzmhvZtJTMAVOTa,1.089059,2.580132,1.474696
68100,a8nOeMljqGUUIxJGlQNUQULLNJnnrWFoPinG8lYLCMGRWa8O0hzmhvZtJTMAVOTa,1.051964,2.101316,1.397001
68400,a8nOeMljqGUUIxJGlQNUQULLNJnnrWFoPinG8lYLCMGRWa8O0hzmhvZtJTMAVOTa,1.030381,2.884259,1.491057
68700,a8nOeMljqGUUIxJGlQNUQULLNJnnrWFoPinG8lYLCMGRWa8O0hzmhvZtJTMAVOTa,0.46668999999999994,2.501688,1.388583
69000,a8nOeMljqGUUIxJGlQNUQULLNJnnrWFoPinG8lYLCMGRWa8O0hzmhvZtJTMAVOTa,1.071169,2.383866,1.474672
69300,a8nOeMljqGUUIxJGlQNUQULLNJnnrWFoPinG8lYLCMGRWa8O0hzmhvZtJTMAVOTa,0.602274,3.000539,1.3782290000000001
69600,a8nOeMljqGUUIxJGlQNUQULLNJnnrWFoPinG8lYLCMGRWa8O0hzmhvZtJTMAVOTa,1.04016,26.879895,3.9207620000000003
69900,a8nOeMljqGUUIxJGlQNUQULLNJnnrWFoPinG8lYLCMGRWa8O0hzmhvZtJTMAVOTa,1.062735,2.389423,1.4076959999999998
70200,a8nOeMljqGUUIxJGlQNUQULLNJnnrWFoPinG8lYLCMGRWa8O0hzmhvZtJTMAVOTa,0.517369,2.9742889999999997,1.487125
70500,a8nOeMljqGUUIxJGlQNUQULLNJnnrWFoPinG8lYLCMGRWa8O0hzmhvZtJTMAVOTa,0.99849,2.574732,1.4251530000000001
70800,a8nOeMljqGUUIxJGlQNUQULLNJnnrWFoPinG8lYLCMGRWa8O0hzmhvZtJTMAVOTa,0.63035,2.1878900000000003,1.298513
71100,a8nOeMljqGUUIxJGlQNUQULLNJnnrWFoPinG8lYLCMGRWa8O0hzmhvZtJTMAVOTa,1.0044600000000001,2.998016,1.4546700000000001
71400,a8nOeMljqGUUIxJGlQNUQULLNJnnrWFoPinG8lYLCMGRWa8O0hzmhvZtJTMAVOTa,0.673862,2.3854,1.393249
71700,a8nOeMljqGUUIxJGlQNUQULLNJnnrWFoPinG8lYLCMGRWa8O0hzmhvZtJTMAVOTa,0.9928600000000001,2.063255,1.363887
72000,a8nOeMljqGUUIxJGlQNUQULLNJnnrWFoPinG8lYLCMGRWa8O0hzmhvZtJTMAVOTa,0.632767,2.942308,1.390259
72300,a8nOeMljqGUUIxJGlQNUQULLNJnnrWFoPinG8lYLCMGRWa8O0hzmhvZtJTMAVOTa,1.038186,2.416541,1.434134
72600,a8nOeMljqGUUIxJGlQNUQULLNJnnrWFoPinG8lYLCMGRWa8O0hzmhvZtJTMAVOTa,0.521688,2.528655,1.369872
72900,a8nOeMljqGUUIxJGlQNUQULLNJnnrWFoPinG8lYLCMGRWa8O0hzmhvZtJTMAVOTa,0.46958999999999995,3.086531,1.459324
73200,a8nOeMljqGUUIxJGlQNUQULLNJnnrWFoPinG8lYLCMGRWa8O0hzmhvZtJTMAVOTa,1.046951,26.912683,3.943453
73500,a8nOeMljqGUUIxJGlQNUQULLNJnnrWFoPinG8lYLCMGRWa8O0hzmhvZtJTMAVOTa,1.072206,2.131272,1.444279
73800,a8nOeMljqGUUIxJGlQNUQULLNJnnrWFoPinG8lYLCMGRWa8O0hzmhvZtJTMAVOTa,1.078523,2.879867,1.566317
74100,a8nOeMljqGUUIxJGlQNUQULLNJnnrWFoPinG8lYLCMGRWa8O0hzmhvZtJTMAVOTa,0.6676489999999999,2.460927,1.427468
74400,a8nOeMljqGUUIxJGlQNUQULLNJnnrWFoPinG8lYLCMGRWa8O0hzmhvZtJTMAVOTa,1.034683,2.37393,1.478134
74700,a8nOeMljqGUUIxJGlQNUQULLNJnnrWFoPinG8lYLCMGRWa8O0hzmhvZtJTMAVOTa,1.029076,2.8946009999999998,1.5180209999999998
75000,a8nOeMljqGUUIxJGlQNUQULLNJnnrWFoPinG8lYLCMGRWa8O0hzmhvZtJTMAVOTa,1.047207,2.5892779999999997,1.479077
75300,a8nOeMljqGUUIxJGlQNUQULLNJnnrWFoPinG8lYLCMGRWa8O0hzmhvZtJTMAVOTa,0.9914729999999999,2.195754,1.3587989999999999
75600,a8nOeMljqGUUIxJGlQNUQULLNJnnrWFoPinG8lYLCMGRWa8O0hzmhvZtJTMAVOTa,0.569355,2.991241,1.4638209999999998
75900,a8nOeMljqGUUIxJGlQNUQULLNJnnrWFoPinG8lYLCMGRWa8O0hzmhvZtJTMAVOTa,1.027807,2.533738,1.4205969999999999
76200,a8nOeMljqGUUIxJGlQNUQULLNJnnrWFoPinG8lYLCMGRWa8O0hzmhvZtJTMAVOTa,0.530261,2.473721,1.38543
76500,a8nOeMljqGUUIxJGlQNUQULLNJnnrWFoPinG8lYLCMGRWa8O0hzmhvZtJTMAVOTa,1.054289,41.524121,7.917271
76800,a8nOeMljqGUUIxJGlQNUQULLNJnnrWFoPinG8lYLCMGRWa8O0hzmhvZtJTMAVOTa,0.820716,20.332985,3.4660300000000004
77100,a8nOeMljqGUUIxJGlQNUQULLNJnnrWFoPinG8lYLCMGRWa8O0hzmhvZtJTMAVOTa,1.053117,2.440762,1.4714909999999999
77400,a8nOeMljqGUUIxJGlQNUQULLNJnnrWFoPinG8lYLCMGRWa8O0hzmhvZtJTMAVOTa,0.510993,2.917914,1.366439
77700,a8nOeMljqGUUIxJGlQNUQULLNJnnrWFoPinG8lYLCMGRWa8O0hzmhvZtJTMAVOTa,1.0499129999999999,2.4469,1.5257399999999999
78000,a8nOeMljqGUUIxJGlQNUQULLNJnnrWFoPinG8lYLCMGRWa8O0hzmhvZtJTMAVOTa,0.69266,2.057688,1.324437
78300,a8nOeMljqGUUIxJGlQNUQULLNJnnrWFoPinG8lYLCMGRWa8O0hzmhvZtJTMAVOTa,1.026299,3.000517,1.612725
78600,a8nOeMljqGUUIxJGlQNUQULLNJnnrWFoPinG8lYLCMGRWa8O0hzmhvZtJTMAVOTa,1.064296,2.4369,1.46234
78900,a8nOeMljqGUUIxJGlQNUQULLNJnnrWFoPinG8lYLCMGRWa8O0hzmhvZtJTMAVOTa,1.0541120000000002,2.045599,1.416744
79200,a8nOeMljqGUUIxJGlQNUQULLNJnnrWFoPinG8lYLCMGRWa8O0hzmhvZtJTMAVOTa,1.00171,2.972825,1.5401690000000001
79500,a8nOeMljqGUUIxJGlQNUQULLNJnnrWFoPinG8lYLCMGRWa8O0hzmhvZtJTMAVOTa,0.801373,2.469961,1.407342
79800,a8nOeMljqGUUIxJGlQNUQULLNJnnrWFoPinG8lYLCMGRWa8O0hzmhvZtJTMAVOTa,1.054051,2.396292,1.411736
80100,a8nOeMljqGUUIxJGlQNUQULLNJnnrWFoPinG8lYLCMGRWa8O0hzmhvZtJTMAVOTa,0.673248,2.8873580000000003,1.40336
80400,a8nOeMljqGUUIxJGlQNUQULLNJnnrWFoPinG8lYLCMGRWa8O0hzmhvZtJTMAVOTa,1.022216,25.996489999999998,3.922944
80700,a8nOeMljqGUUIxJGlQNUQULLNJnnrWFoPinG8lYLCMGRWa8O0hzmhvZtJTMAVOTa,0.5229229999999999,2.134416,1.2883120000000001
81000,a8nOeMljqGUUIxJGlQNUQULLNJnnrWFoPinG8lYLCMGRWa8O0hzmhvZtJTMAVOTa,0.62534,2.818525,1.417624
81300,a8nOeMljqGUUIxJGlQNUQULLNJnnrWFoPinG8lYLCMGRWa8O0hzmhvZtJTMAVOTa,1.046255,2.326998,1.414496
81600,a8nOeMljqGUUIxJGlQNUQULLNJnnrWFoPinG8lYLCMGRWa8O0hzmhvZtJTMAVOTa,0.426356,2.083571,1.284412
81900,a8nOeMljqGUUIxJGlQNUQULLNJnnrWFoPinG8lYLCMGRWa8O0hzmhvZtJTMAVOTa,1.026505,2.893062,1.48919
82200,a8nOeMljqGUUIxJGlQNUQULLNJnnrWFoPinG8lYLCMGRWa8O0hzmhvZtJTMAVOTa,0.95591,2.217651,1.424773
82500,a8nOeMljqGUUIxJGlQNUQULLNJnnrWFoPinG8lYLCMGRWa8O0hzmhvZtJTMAVOTa,1.033364,2.0749150000000003,1.358213
82800,a8nOeMljqGUUIxJGlQNUQULLNJnnrWFoPinG8lYLCMGRWa8O0hzmhvZtJTMAVOTa,0.995044,2.855449,1.455993
83100,a8nOeMljqGUUIxJGlQNUQULLNJnnrWFoPinG8lYLCMGRWa8O0hzmhvZtJTMAVOTa,1.107177,2.328411,1.4415850000000001
83400,a8nOeMljqGUUIxJGlQNUQULLNJnnrWFoPinG8lYLCMGRWa8O0hzmhvZtJTMAVOTa,0.537725,2.3805650000000003,1.370485
83700,a8nOeMljqGUUIxJGlQNUQULLNJnnrWFoPinG8lYLCMGRWa8O0hzmhvZtJTMAVOTa,0.475434,2.7806889999999997,1.433447
84000,a8nOeMljqGUUIxJGlQNUQULLNJnnrWFoPinG8lYLCMGRWa8O0hzmhvZtJTMAVOTa,1.090149,26.113713,3.93678
84300,a8nOeMljqGUUIxJGlQNUQULLNJnnrWFoPinG8lYLCMGRWa8O0hzmhvZtJTMAVOTa,0.505953,2.042233,1.3465639999999999
84600,a8nOeMljqGUUIxJGlQNUQULLNJnnrWFoPinG8lYLCMGRWa8O0hzmhvZtJTMAVOTa,1.0477370000000001,2.6952599999999998,1.50596
84900,a8nOeMljqGUUIxJGlQNUQULLNJnnrWFoPinG8lYLCMGRWa8O0hzmhvZtJTMAVOTa,0.721902,2.256641,1.407526
85200,a8nOeMljqGUUIxJGlQNUQULLNJnnrWFoPinG8lYLCMGRWa8O0hzmhvZtJTMAVOTa,1.062775,2.0555849999999998,1.3965319999999999
85500,a8nOeMljqGUUIxJGlQNUQULLNJnnrWFoPinG8lYLCMGRWa8O0hzmhvZtJTMAVOTa,0.694658,2.925136,1.358214
85800,a8nOeMljqGUUIxJGlQNUQULLNJnnrWFoPinG8lYLCMGRWa8O0hzmhvZtJTMAVOTa,1.038201,2.18935,1.446397
86100,a8nOeMljqGUUIxJGlQNUQULLNJnnrWFoPinG8lYLCMGRWa8O0hzmhvZtJTMAVOTa,0.705106,2.274428,1.321966
86400,a8nOeMljqGUUIxJGlQNUQULLNJnnrWFoPinG8lYLCMGRWa8O0hzmhvZtJTMAVOTa,0.7205020000000001,2.9169080000000003,1.468677
86700,a8nOeMljqGUUIxJGlQNUQULLNJnnrWFoPinG8lYLCMGRWa8O0hzmhvZtJTMAVOTa,1.044532,2.377469,1.403578
87000,a8nOeMljqGUUIxJGlQNUQULLNJnnrWFoPinG8lYLCMGRWa8O0hzmhvZtJTMAVOTa,1.102794,2.484568,1.4321139999999999
87300,a8nOeMljqGUUIxJGlQNUQULLNJnnrWFoPinG8lYLCMGRWa8O0hzmhvZtJTMAVOTa,1.071253,2.8059369999999997,1.490909
87600,a8nOeMljqGUUIxJGlQNUQULLNJnnrWFoPinG8lYLCMGRWa8O0hzmhvZtJTMAVOTa,1.041757,73.262861,9.267398
87900,a8nOeMljqGUUIxJGlQNUQULLNJnnrWFoPinG8lYLCMGRWa8O0hzmhvZtJTMAVOTa,1.083066,2.056824,1.378052
88200,a8nOeMljqGUUIxJGlQNUQULLNJnnrWFoPinG8lYLCMGRWa8O0hzmhvZtJTMAVOTa,0.49379300000000004,2.76263,1.4041379999999999
88500,a8nOeMljqGUUIxJGlQNUQULLNJnnrWFoPinG8lYLCMGRWa8O0hzmhvZtJTMAVOTa,1.089367,2.245182,1.484482
88800,a8nOeMljqGUUIxJGlQNUQULLNJnnrWFoPinG8lYLCMGRWa8O0hzmhvZtJTMAVOTa,0.7603979999999999,2.217309,1.352447
89100,a8nOeMljqGUUIxJGlQNUQULLNJnnrWFoPinG8lYLCMGRWa8O0hzmhvZtJTMAVOTa,1.067305,2.607612,1.474841
89400,a8nOeMljqGUUIxJGlQNUQULLNJnnrWFoPinG8lYLCMGRWa8O0hzmhvZtJTMAVOTa,1.044039,2.142246,1.383872
89700,a8nOeMljqGUUIxJGlQNUQULLNJnnrWFoPinG8lYLCMGRWa8O0hzmhvZtJTMAVOTa,1.070171,21.45901,3.505064
90000,a8nOeMljqGUUIxJGlQNUQULLNJnnrWFoPinG8lYLCMGRWa8O0hzmhvZtJTMAVOTa,1.054684,2.697647,1.54367
90300,a8nOeMljqGUUIxJGlQNUQULLNJnnrWFoPinG8lYLCMGRWa8O0hzmhvZtJTMAVOTa,1.0349760000000001,2.080934,1.3190959999999998
90600,a8nOeMljqGUUIxJGlQNUQULLNJnnrWFoPinG8lYLCMGRWa8O0hzmhvZtJTMAVOTa,1.041188,8.411446,2.129274
90900,a8nOeMljqGUUIxJGlQNUQULLNJnnrWFoPinG8lYLCMGRWa8O0hzmhvZtJTMAVOTa,0.509742,2.058354,1.273
91200,a8nOeMljqGUUIxJGlQNUQULLNJnnrWFoPinG8lYLCMGRWa8O0hzmhvZtJTMAVOTa,1.053931,25.927770000000002,3.853718
91500,a8nOeMljqGUUIxJGlQNUQULLNJnnrWFoPinG8lYLCMGRWa8O0hzmhvZtJTMAVOTa,1.053046,2.140268,1.341494
91800,a8nOeMljqGUUIxJGlQNUQULLNJnnrWFoPinG8lYLCMGRWa8O0hzmhvZtJTMAVOTa,1.048506,2.778668,1.441913
92100,a8nOeMljqGUUIxJGlQNUQULLNJnnrWFoPinG8lYLCMGRWa8O0hzmhvZtJTMAVOTa,1.02805,2.481609,1.406168
92400,a8nOeMljqGUUIxJGlQNUQULLNJnnrWFoPinG8lYLCMGRWa8O0hzmhvZtJTMAVOTa,0.6348689999999999,2.253222,1.331613
92700,a8nOeMljqGUUIxJGlQNUQULLNJnnrWFoPinG8lYLCMGRWa8O0hzmhvZtJTMAVOTa,1.02362,2.5972880000000003,1.482955
93000,a8nOeMljqGUUIxJGlQNUQULLNJnnrWFoPinG8lYLCMGRWa8O0hzmhvZtJTMAVOTa,0.61722,2.0407740000000003,1.2422600000000001
93300,a8nOeMljqGUUIxJGlQNUQULLNJnnrWFoPinG8lYLCMGRWa8O0hzmhvZtJTMAVOTa,1.047666,2.277042,1.465584
93600,a8nOeMljqGUUIxJGlQNUQULLNJnnrWFoPinG8lYLCMGRWa8O0hzmhvZtJTMAVOTa,1.0223870000000002,2.09269,1.372897
93900,a8nOeMljqGUUIxJGlQNUQULLNJnnrWFoPinG8lYLCMGRWa8O0hzmhvZtJTMAVOTa,1.039973,2.127468,1.39831
94200,a8nOeMljqGUUIxJGlQNUQULLNJnnrWFoPinG8lYLCMGRWa8O0hzmhvZtJTMAVOTa,1.094795,2.586777,1.440574
94500,a8nOeMljqGUUIxJGlQNUQULLNJnnrWFoPinG8lYLCMGRWa8O0hzmhvZtJTMAVOTa,0.656884,2.65196,1.3794680000000001
94800,a8nOeMljqGUUIxJGlQNUQULLNJnnrWFoPinG8lYLCMGRWa8O0hzmhvZtJTMAVOTa,1.006615,26.198976000000002,3.862337
95100,a8nOeMljqGUUIxJGlQNUQULLNJnnrWFoPinG8lYLCMGRWa8O0hzmhvZtJTMAVOTa,0.729487,2.2608610000000002,1.360684
95400,a8nOeMljqGUUIxJGlQNUQULLNJnnrWFoPinG8lYLCMGRWa8O0hzmhvZtJTMAVOTa,1.053441,2.541935,1.5224790000000001
95700,a8nOeMljqGUUIxJGlQNUQULLNJnnrWFoPinG8lYLCMGRWa8O0hzmhvZtJTMAVOTa,0.553986,2.039949,1.26847
96000,a8nOeMljqGUUIxJGlQNUQULLNJnnrWFoPinG8lYLCMGRWa8O0hzmhvZtJTMAVOTa,1.061985,2.225863,1.49779
96300,a8nOeMljqGUUIxJGlQNUQULLNJnnrWFoPinG8lYLCMGRWa8O0hzmhvZtJTMAVOTa,0.637479,2.066611,1.321875
96600,a8nOeMljqGUUIxJGlQNUQULLNJnnrWFoPinG8lYLCMGRWa8O0hzmhvZtJTMAVOTa,1.025807,2.27533,1.371989
96900,a8nOeMljqGUUIxJGlQNUQULLNJnnrWFoPinG8lYLCMGRWa8O0hzmhvZtJTMAVOTa,0.601259,2.382098,1.380603
97200,a8nOeMljqGUUIxJGlQNUQULLNJnnrWFoPinG8lYLCMGRWa8O0hzmhvZtJTMAVOTa,1.02475,2.749266,1.446396
97500,a8nOeMljqGUUIxJGlQNUQULLNJnnrWFoPinG8lYLCMGRWa8O0hzmhvZtJTMAVOTa,1.08988,2.166073,1.3633
97800,a8nOeMljqGUUIxJGlQNUQULLNJnnrWFoPinG8lYLCMGRWa8O0hzmhvZtJTMAVOTa,1.106878,2.514055,1.476106
98100,a8nOeMljqGUUIxJGlQNUQULLNJnnrWFoPinG8lYLCMGRWa8O0hzmhvZtJTMAVOTa,1.044115,2.569814,1.6338840000000001
98400,a8nOeMljqGUUIxJGlQNUQULLNJnnrWFoPinG8lYLCMGRWa8O0hzmhvZtJTMAVOTa,1.088331,13.878622,5.298185
98700,a8nOeMljqGUUIxJGlQNUQULLNJnnrWFoPinG8lYLCMGRWa8O0hzmhvZtJTMAVOTa,1.1817,11.567752,2.6466060000000002
99000,a8nOeMljqGUUIxJGlQNUQULLNJnnrWFoPinG8lYLCMGRWa8O0hzmhvZtJTMAVOTa,0.965616,2.243004,1.486458
99300,a8nOeMljqGUUIxJGlQNUQULLNJnnrWFoPinG8lYLCMGRWa8O0hzmhvZtJTMAVOTa,1.076706,2.154774,1.385729
99600,a8nOeMljqGUUIxJGlQNUQULLNJnnrWFoPinG8lYLCMGRWa8O0hzmhvZtJTMAVOTa,0.536274,2.305899,1.38268
99900,a8nOeMljqGUUIxJGlQNUQULLNJnnrWFoPinG8lYLCMGRWa8O0hzmhvZtJTMAVOTa,0.714516,2.559987,1.367993
100200,a8nOeMljqGUUIxJGlQNUQULLNJnnrWFoPinG8lYLCMGRWa8O0hzmhvZtJTMAVOTa,0.9869399999999999,2.5348080000000004,1.348492
100500,a8nOeMljqGUUIxJGlQNUQULLNJnnrWFoPinG8lYLCMGRWa8O0hzmhvZtJTMAVOTa,0.872008,2.015328,1.327205
100800,a8nOeMljqGUUIxJGlQNUQULLNJnnrWFoPinG8lYLCMGRWa8O0hzmhvZtJTMAVOTa,1.040646,2.55682,1.467151
101100,a8nOeMljqGUUIxJGlQNUQULLNJnnrWFoPinG8lYLCMGRWa8O0hzmhvZtJTMAVOTa,0.5818300000000001,1.996291,1.2027079999999999
101400,a8nOeMljqGUUIxJGlQNUQULLNJnnrWFoPinG8lYLCMGRWa8O0hzmhvZtJTMAVOTa,1.0735700000000001,2.6375439999999997,1.487406
101700,a8nOeMljqGUUIxJGlQNUQULLNJnnrWFoPinG8lYLCMGRWa8O0hzmhvZtJTMAVOTa,0.709901,2.027787,1.322737
102000,a8nOeMljqGUUIxJGlQNUQULLNJnnrWFoPinG8lYLCMGRWa8O0hzmhvZtJTMAVOTa,1.0047700000000002,25.875154000000002,3.890135
102300,a8nOeMljqGUUIxJGlQNUQULLNJnnrWFoPinG8lYLCMGRWa8O0hzmhvZtJTMAVOTa,0.9767629999999999,2.342418,1.381694
102600,a8nOeMljqGUUIxJGlQNUQULLNJnnrWFoPinG8lYLCMGRWa8O0hzmhvZtJTMAVOTa,0.6036630000000001,2.891643,1.436101
102900,a8nOeMljqGUUIxJGlQNUQULLNJnnrWFoPinG8lYLCMGRWa8O0hzmhvZtJTMAVOTa,1.0192510000000001,2.220491,1.369043
103200,a8nOeMljqGUUIxJGlQNUQULLNJnnrWFoPinG8lYLCMGRWa8O0hzmhvZtJTMAVOTa,0.829975,2.046848,1.335265
103500,a8nOeMljqGUUIxJGlQNUQULLNJnnrWFoPinG8lYLCMGRWa8O0hzmhvZtJTMAVOTa,1.034518,2.632845,1.484724
103800,a8nOeMljqGUUIxJGlQNUQULLNJnnrWFoPinG8lYLCMGRWa8O0hzmhvZtJTMAVOTa,1.0170709999999998,2.243865,1.3712879999999998
104100,a8nOeMljqGUUIxJGlQNUQULLNJnnrWFoPinG8lYLCMGRWa8O0hzmhvZtJTMAVOTa,1.053007,2.034728,1.4346370000000002
104400,a8nOeMljqGUUIxJGlQNUQULLNJnnrWFoPinG8lYLCMGRWa8O0hzmhvZtJTMAVOTa,1.024526,2.354752,1.396743
104700,a8nOeMljqGUUIxJGlQNUQULLNJnnrWFoPinG8lYLCMGRWa8O0hzmhvZtJTMAVOTa,1.0614700000000001,2.072508,1.3488870000000002
105000,a8nOeMljqGUUIxJGlQNUQULLNJnnrWFoPinG8lYLCMGRWa8O0hzmhvZtJTMAVOTa,0.5495369999999999,2.597271,1.365897
105300,a8nOeMljqGUUIxJGlQNUQULLNJnnrWFoPinG8lYLCMGRWa8O0hzmhvZtJTMAVOTa,0.712276,42.799521,8.94789
105600,a8nOeMljqGUUIxJGlQNUQULLNJnnrWFoPinG8lYLCMGRWa8O0hzmhvZtJTMAVOTa,1.051518,26.667578000000002,4.127623000000001
105900,a8nOeMljqGUUIxJGlQNUQULLNJnnrWFoPinG8lYLCMGRWa8O0hzmhvZtJTMAVOTa,1.044783,2.364097,1.491854
106200,a8nOeMljqGUUIxJGlQNUQULLNJnnrWFoPinG8lYLCMGRWa8O0hzmhvZtJTMAVOTa,1.05456,2.467289,1.498205
106500,a8nOeMljqGUUIxJGlQNUQULLNJnnrWFoPinG8lYLCMGRWa8O0hzmhvZtJTMAVOTa,1.012,2.191116,1.460768
106800,a8nOeMljqGUUIxJGlQNUQULLNJnnrWFoPinG8lYLCMGRWa8O0hzmhvZtJTMAVOTa,1.078471,2.273628,1.457881
107100,a8nOeMljqGUUIxJGlQNUQULLNJnnrWFoPinG8lYLCMGRWa8O0hzmhvZtJTMAVOTa,1.047057,2.376735,1.5793
107400,a8nOeMljqGUUIxJGlQNUQULLNJnnrWFoPinG8lYLCMGRWa8O0hzmhvZtJTMAVOTa,1.068892,2.24072,1.397367
107700,a8nOeMljqGUUIxJGlQNUQULLNJnnrWFoPinG8lYLCMGRWa8O0hzmhvZtJTMAVOTa,0.718978,1.7293509999999999,1.303976
108000,a8nOeMljqGUUIxJGlQNUQULLNJnnrWFoPinG8lYLCMGRWa8O0hzmhvZtJTMAVOTa,0.654742,2.3904799999999997,1.411724
108300,a8nOeMljqGUUIxJGlQNUQULLNJnnrWFoPinG8lYLCMGRWa8O0hzmhvZtJTMAVOTa,1.01221,2.151805,1.362378
108600,a8nOeMljqGUUIxJGlQNUQULLNJnnrWFoPinG8lYLCMGRWa8O0hzmhvZtJTMAVOTa,0.655917,2.820981,1.41897
108900,a8nOeMljqGUUIxJGlQNUQULLNJnnrWFoPinG8lYLCMGRWa8O0hzmhvZtJTMAVOTa,1.0075020000000001,2.4627209999999997,1.4814200000000002
109200,a8nOeMljqGUUIxJGlQNUQULLNJnnrWFoPinG8lYLCMGRWa8O0hzmhvZtJTMAVOTa,0.76349,17.185693,3.839548
109500,a8nOeMljqGUUIxJGlQNUQULLNJnnrWFoPinG8lYLCMGRWa8O0hzmhvZtJTMAVOTa,1.0063959999999998,2.429176,1.442941
109800,a8nOeMljqGUUIxJGlQNUQULLNJnnrWFoPinG8lYLCMGRWa8O0hzmhvZtJTMAVOTa,0.6686529999999999,2.32032,1.4576049999999998
110100,a8nOeMljqGUUIxJGlQNUQULLNJnnrWFoPinG8lYLCMGRWa8O0hzmhvZtJTMAVOTa,1.025825,2.3554,1.426691
110400,a8nOeMljqGUUIxJGlQNUQULLNJnnrWFoPinG8lYLCMGRWa8O0hzmhvZtJTMAVOTa,0.707294,2.088866,1.226868
110700,a8nOeMljqGUUIxJGlQNUQULLNJnnrWFoPinG8lYLCMGRWa8O0hzmhvZtJTMAVOTa,0.748842,2.147209,1.321336
111000,a8nOeMljqGUUIxJGlQNUQULLNJnnrWFoPinG8lYLCMGRWa8O0hzmhvZtJTMAVOTa,1.003243,2.1326169999999998,1.3512600000000001
111300,a8nOeMljqGUUIxJGlQNUQULLNJnnrWFoPinG8lYLCMGRWa8O0hzmhvZtJTMAVOTa,0.665253,3.19996,1.322219
111600,a8nOeMljqGUUIxJGlQNUQULLNJnnrWFoPinG8lYLCMGRWa8O0hzmhvZtJTMAVOTa,1.0443049999999998,2.4506,1.4810649999999999
111900,a8nOeMljqGUUIxJGlQNUQULLNJnnrWFoPinG8lYLCMGRWa8O0hzmhvZtJTMAVOTa,0.785583,2.234273,1.27186
112200,a8nOeMljqGUUIxJGlQNUQULLNJnnrWFoPinG8lYLCMGRWa8O0hzmhvZtJTMAVOTa,1.0048290000000002,3.290596,1.4930860000000001
112500,a8nOeMljqGUUIxJGlQNUQULLNJnnrWFoPinG8lYLCMGRWa8O0hzmhvZtJTMAVOTa,1.0266819999999999,2.5617330000000003,1.4374559999999998
112800,a8nOeMljqGUUIxJGlQNUQULLNJnnrWFoPinG8lYLCMGRWa8O0hzmhvZtJTMAVOTa,1.029854,26.284224,3.8967449999999997
113100,a8nOeMljqGUUIxJGlQNUQULLNJnnrWFoPinG8lYLCMGRWa8O0hzmhvZtJTMAVOTa,0.598622,2.12323,1.220128
113400,a8nOeMljqGUUIxJGlQNUQULLNJnnrWFoPinG8lYLCMGRWa8O0hzmhvZtJTMAVOTa,0.733421,2.173123,1.3444399999999999
113700,a8nOeMljqGUUIxJGlQNUQULLNJnnrWFoPinG8lYLCMGRWa8O0hzmhvZtJTMAVOTa,0.993771,2.208257,1.382196
114000,a8nOeMljqGUUIxJGlQNUQULLNJnnrWFoPinG8lYLCMGRWa8O0hzmhvZtJTMAVOTa,0.50593,3.046422,1.287524
114300,a8nOeMljqGUUIxJGlQNUQULLNJnnrWFoPinG8lYLCMGRWa8O0hzmhvZtJTMAVOTa,1.012856,2.4828360000000003,1.471006
114600,a8nOeMljqGUUIxJGlQNUQULLNJnnrWFoPinG8lYLCMGRWa8O0hzmhvZtJTMAVOTa,0.516249,2.085714,1.210659
114900,a8nOeMljqGUUIxJGlQNUQULLNJnnrWFoPinG8lYLCMGRWa8O0hzmhvZtJTMAVOTa,0.997625,2.998473,1.439103
115200,a8nOeMljqGUUIxJGlQNUQULLNJnnrWFoPinG8lYLCMGRWa8O0hzmhvZtJTMAVOTa,0.76132,2.390503,1.352062
115500,a8nOeMljqGUUIxJGlQNUQULLNJnnrWFoPinG8lYLCMGRWa8O0hzmhvZtJTMAVOTa,0.996974,2.217394,1.378164
115800,a8nOeMljqGUUIxJGlQNUQULLNJnnrWFoPinG8lYLCMGRWa8O0hzmhvZtJTMAVOTa,1.0245739999999999,1.992443,1.276376
116100,a8nOeMljqGUUIxJGlQNUQULLNJnnrWFoPinG8lYLCMGRWa8O0hzmhvZtJTMAVOTa,0.703587,2.175396,1.323041
116400,a8nOeMljqGUUIxJGlQNUQULLNJnnrWFoPinG8lYLCMGRWa8O0hzmhvZtJTMAVOTa,0.984024,25.784957000000002,3.787085
116700,a8nOeMljqGUUIxJGlQNUQULLNJnnrWFoPinG8lYLCMGRWa8O0hzmhvZtJTMAVOTa,0.743645,3.090131,1.3504610000000001
117000,a8nOeMljqGUUIxJGlQNUQULLNJnnrWFoPinG8lYLCMGRWa8O0hzmhvZtJTMAVOTa,1.053609,2.542776,1.5078790000000002
117300,a8nOeMljqGUUIxJGlQNUQULLNJnnrWFoPinG8lYLCMGRWa8O0hzmhvZtJTMAVOTa,1.005933,2.172816,1.283333
117600,a8nOeMljqGUUIxJGlQNUQULLNJnnrWFoPinG8lYLCMGRWa8O0hzmhvZtJTMAVOTa,0.9920030000000001,2.953507,1.498715
117900,a8nOeMljqGUUIxJGlQNUQULLNJnnrWFoPinG8lYLCMGRWa8O0hzmhvZtJTMAVOTa,1.006058,2.78987,1.4453639999999999
118200,a8nOeMljqGUUIxJGlQNUQULLNJnnrWFoPinG8lYLCMGRWa8O0hzmhvZtJTMAVOTa,0.949427,2.125585,1.354003
118500,a8nOeMljqGUUIxJGlQNUQULLNJnnrWFoPinG8lYLCMGRWa8O0hzmhvZtJTMAVOTa,0.6690189999999999,1.9494630000000002,1.1944700000000001
118800,a8nOeMljqGUUIxJGlQNUQULLNJnnrWFoPinG8lYLCMGRWa8O0hzmhvZtJTMAVOTa,0.625386,2.201577,1.341585
119100,a8nOeMljqGUUIxJGlQNUQULLNJnnrWFoPinG8lYLCMGRWa8O0hzmhvZtJTMAVOTa,1.013678,2.17582,1.361012
119400,a8nOeMljqGUUIxJGlQNUQULLNJnnrWFoPinG8lYLCMGRWa8O0hzmhvZtJTMAVOTa,0.617687,3.3496620000000004,1.397785
119700,a8nOeMljqGUUIxJGlQNUQULLNJnnrWFoPinG8lYLCMGRWa8O0hzmhvZtJTMAVOTa,1.0412190000000001,2.55551,1.534902
120000,a8nOeMljqGUUIxJGlQNUQULLNJnnrWFoPinG8lYLCMGRWa8O0hzmhvZtJTMAVOTa,0.636706,20.032836,3.7065349999999997
120300,a8nOeMljqGUUIxJGlQNUQULLNJnnrWFoPinG8lYLCMGRWa8O0hzmhvZtJTMAVOTa,1.005744,2.911629,1.4662600000000001
120600,a8nOeMljqGUUIxJGlQNUQULLNJnnrWFoPinG8lYLCMGRWa8O0hzmhvZtJTMAVOTa,0.527237,2.4139369999999998,1.3684379999999998
120900,a8nOeMljqGUUIxJGlQNUQULLNJnnrWFoPinG8lYLCMGRWa8O0hzmhvZtJTMAVOTa,0.9959309999999999,2.288894,1.373779
121200,a8nOeMljqGUUIxJGlQNUQULLNJnnrWFoPinG8lYLCMGRWa8O0hzmhvZtJTMAVOTa,0.662535,1.898793,1.167489
121500,a8nOeMljqGUUIxJGlQNUQULLNJnnrWFoPinG8lYLCMGRWa8O0hzmhvZtJTMAVOTa,0.945565,2.3031099999999998,1.333265
121800,a8nOeMljqGUUIxJGlQNUQULLNJnnrWFoPinG8lYLCMGRWa8O0hzmhvZtJTMAVOTa,1.011536,2.1037369999999997,1.3266360000000001
122100,a8nOeMljqGUUIxJGlQNUQULLNJnnrWFoPinG8lYLCMGRWa8O0hzmhvZtJTMAVOTa,1.035986,2.906863,1.364917
122400,a8nOeMljqGUUIxJGlQNUQULLNJnnrWFoPinG8lYLCMGRWa8O0hzmhvZtJTMAVOTa,1.0563360000000002,2.6284110000000003,1.516163
122700,a8nOeMljqGUUIxJGlQNUQULLNJnnrWFoPinG8lYLCMGRWa8O0hzmhvZtJTMAVOTa,0.544176,2.247399,1.214791
123000,a8nOeMljqGUUIxJGlQNUQULLNJnnrWFoPinG8lYLCMGRWa8O0hzmhvZtJTMAVOTa,1.0507549999999999,3.243722,1.4783190000000002
123300,a8nOeMljqGUUIxJGlQNUQULLNJnnrWFoPinG8lYLCMGRWa8O0hzmhvZtJTMAVOTa,0.760033,2.605544,1.42516
123600,a8nOeMljqGUUIxJGlQNUQULLNJnnrWFoPinG8lYLCMGRWa8O0hzmhvZtJTMAVOTa,1.0875629999999998,25.876927,3.9297160000000004
123900,a8nOeMljqGUUIxJGlQNUQULLNJnnrWFoPinG8lYLCMGRWa8O0hzmhvZtJTMAVOTa,0.9927030000000001,1.968878,1.349002
124200,a8nOeMljqGUUIxJGlQNUQULLNJnnrWFoPinG8lYLCMGRWa8O0hzmhvZtJTMAVOTa,1.0087629999999999,2.177884,1.465278
124500,a8nOeMljqGUUIxJGlQNUQULLNJnnrWFoPinG8lYLCMGRWa8O0hzmhvZtJTMAVOTa,1.0612489999999999,2.134244,1.3878780000000002
124800,a8nOeMljqGUUIxJGlQNUQULLNJnnrWFoPinG8lYLCMGRWa8O0hzmhvZtJTMAVOTa,0.618394,3.099694,1.4118190000000002
125100,a8nOeMljqGUUIxJGlQNUQULLNJnnrWFoPinG8lYLCMGRWa8O0hzmhvZtJTMAVOTa,1.093143,2.446801,1.547252
125400,a8nOeMljqGUUIxJGlQNUQULLNJnnrWFoPinG8lYLCMGRWa8O0hzmhvZtJTMAVOTa,1.0139610000000001,2.2468220000000003,1.280777
125700,a8nOeMljqGUUIxJGlQNUQULLNJnnrWFoPinG8lYLCMGRWa8O0hzmhvZtJTMAVOTa,1.0369540000000002,2.885145,1.44376
126000,a8nOeMljqGUUIxJGlQNUQULLNJnnrWFoPinG8lYLCMGRWa8O0hzmhvZtJTMAVOTa,0.7328439999999999,2.443779,1.384702
126300,a8nOeMljqGUUIxJGlQNUQULLNJnnrWFoPinG8lYLCMGRWa8O0hzmhvZtJTMAVOTa,1.02579,2.1910950000000002,1.36381
126600,a8nOeMljqGUUIxJGlQNUQULLNJnnrWFoPinG8lYLCMGRWa8O0hzmhvZtJTMAVOTa,0.648051,1.84825,1.211309
126900,a8nOeMljqGUUIxJGlQNUQULLNJnnrWFoPinG8lYLCMGRWa8O0hzmhvZtJTMAVOTa,0.9949690000000001,2.455578,1.489563
127200,a8nOeMljqGUUIxJGlQNUQULLNJnnrWFoPinG8lYLCMGRWa8O0hzmhvZtJTMAVOTa,0.999165,25.901618,3.8807629999999995
127500,a8nOeMljqGUUIxJGlQNUQULLNJnnrWFoPinG8lYLCMGRWa8O0hzmhvZtJTMAVOTa,0.9935879999999999,3.051043,1.555196
127800,a8nOeMljqGUUIxJGlQNUQULLNJnnrWFoPinG8lYLCMGRWa8O0hzmhvZtJTMAVOTa,1.027181,2.396081,1.495349
128100,a8nOeMljqGUUIxJGlQNUQULLNJnnrWFoPinG8lYLCMGRWa8O0hzmhvZtJTMAVOTa,0.733883,2.166281,1.236774
128400,a8nOeMljqGUUIxJGlQNUQULLNJnnrWFoPinG8lYLCMGRWa8O0hzmhvZtJTMAVOTa,0.947276,2.811993,1.431099
128700,a8nOeMljqGUUIxJGlQNUQULLNJnnrWFoPinG8lYLCMGRWa8O0hzmhvZtJTMAVOTa,1.007341,2.394705,1.3967479999999999
129000,a8nOeMljqGUUIxJGlQNUQULLNJnnrWFoPinG8lYLCMGRWa8O0hzmhvZtJTMAVOTa,1.042209,2.584396,1.416751
129300,a8nOeMljqGUUIxJGlQNUQULLNJnnrWFoPinG8lYLCMGRWa8O0hzmhvZtJTMAVOTa,0.998697,2.13145,1.3653
129600,a8nOeMljqGUUIxJGlQNUQULLNJnnrWFoPinG8lYLCMGRWa8O0hzmhvZtJTMAVOTa,0.985259,3.4513839999999996,1.592471
129900,a8nOeMljqGUUIxJGlQNUQULLNJnnrWFoPinG8lYLCMGRWa8O0hzmhvZtJTMAVOTa,1.0121149999999999,2.298622,1.380951
130200,a8nOeMljqGUUIxJGlQNUQULLNJnnrWFoPinG8lYLCMGRWa8O0hzmhvZtJTMAVOTa,1.012509,3.208637,1.613577
130500,a8nOeMljqGUUIxJGlQNUQULLNJnnrWFoPinG8lYLCMGRWa8O0hzmhvZtJTMAVOTa,1.0637290000000001,2.420034,1.52162
130800,a8nOeMljqGUUIxJGlQNUQULLNJnnrWFoPinG8lYLCMGRWa8O0hzmhvZtJTMAVOTa,1.078459,23.164576,4.308766
131100,a8nOeMljqGUUIxJGlQNUQULLNJnnrWFoPinG8lYLCMGRWa8O0hzmhvZtJTMAVOTa,1.047059,2.850342,1.5024549999999999
131400,a8nOeMljqGUUIxJGlQNUQULLNJnnrWFoPinG8lYLCMGRWa8O0hzmhvZtJTMAVOTa,1.069013,4.940852,1.798504
131700,a8nOeMljqGUUIxJGlQNUQULLNJnnrWFoPinG8lYLCMGRWa8O0hzmhvZtJTMAVOTa,1.036348,2.2905,1.414871
132000,a8nOeMljqGUUIxJGlQNUQULLNJnnrWFoPinG8lYLCMGRWa8O0hzmhvZtJTMAVOTa,1.006961,6.228292,1.7958630000000002
132300,a8nOeMljqGUUIxJGlQNUQULLNJnnrWFoPinG8lYLCMGRWa8O0hzmhvZtJTMAVOTa,1.029835,3.037568,1.568837
132600,a8nOeMljqGUUIxJGlQNUQULLNJnnrWFoPinG8lYLCMGRWa8O0hzmhvZtJTMAVOTa,1.075871,2.339019,1.3982299999999999
132900,a8nOeMljqGUUIxJGlQNUQULLNJnnrWFoPinG8lYLCMGRWa8O0hzmhvZtJTMAVOTa,1.02759,3.857508,1.7028419999999997
133200,a8nOeMljqGUUIxJGlQNUQULLNJnnrWFoPinG8lYLCMGRWa8O0hzmhvZtJTMAVOTa,1.0622610000000001,19.650967,3.382853
133500,a8nOeMljqGUUIxJGlQNUQULLNJnnrWFoPinG8lYLCMGRWa8O0hzmhvZtJTMAVOTa,1.054235,4.406655000000001,1.72626
133800,a8nOeMljqGUUIxJGlQNUQULLNJnnrWFoPinG8lYLCMGRWa8O0hzmhvZtJTMAVOTa,1.092705,2.5252380000000003,1.565933
134100,a8nOeMljqGUUIxJGlQNUQULLNJnnrWFoPinG8lYLCMGRWa8O0hzmhvZtJTMAVOTa,1.05069,40.069918,11.105736
134400,a8nOeMljqGUUIxJGlQNUQULLNJnnrWFoPinG8lYLCMGRWa8O0hzmhvZtJTMAVOTa,1.060235,26.971128000000004,4.267318
134700,a8nOeMljqGUUIxJGlQNUQULLNJnnrWFoPinG8lYLCMGRWa8O0hzmhvZtJTMAVOTa,1.097721,11.477313,2.415283
135000,a8nOeMljqGUUIxJGlQNUQULLNJnnrWFoPinG8lYLCMGRWa8O0hzmhvZtJTMAVOTa,1.05798,3.155733,1.614457
135300,a8nOeMljqGUUIxJGlQNUQULLNJnnrWFoPinG8lYLCMGRWa8O0hzmhvZtJTMAVOTa,1.0880290000000001,2.152359,1.495859
135600,a8nOeMljqGUUIxJGlQNUQULLNJnnrWFoPinG8lYLCMGRWa8O0hzmhvZtJTMAVOTa,0.994685,3.184434,1.696694
135900,a8nOeMljqGUUIxJGlQNUQULLNJnnrWFoPinG8lYLCMGRWa8O0hzmhvZtJTMAVOTa,1.048054,2.052936,1.381092
136200,a8nOeMljqGUUIxJGlQNUQULLNJnnrWFoPinG8lYLCMGRWa8O0hzmhvZtJTMAVOTa,1.057246,3.5311410000000003,1.698879
136500,a8nOeMljqGUUIxJGlQNUQULLNJnnrWFoPinG8lYLCMGRWa8O0hzmhvZtJTMAVOTa,1.015984,2.173393,1.450517
136800,a8nOeMljqGUUIxJGlQNUQULLNJnnrWFoPinG8lYLCMGRWa8O0hzmhvZtJTMAVOTa,1.0152649999999999,2.737356,1.569212
137100,a8nOeMljqGUUIxJGlQNUQULLNJnnrWFoPinG8lYLCMGRWa8O0hzmhvZtJTMAVOTa,1.055231,2.070911,1.4603780000000002
137400,a8nOeMljqGUUIxJGlQNUQULLNJnnrWFoPinG8lYLCMGRWa8O0hzmhvZtJTMAVOTa,1.0450270000000002,3.3107879999999996,1.568764
137700,a8nOeMljqGUUIxJGlQNUQULLNJnnrWFoPinG8lYLCMGRWa8O0hzmhvZtJTMAVOTa,1.040829,2.809862,1.5443280000000001
138000,a8nOeMljqGUUIxJGlQNUQULLNJnnrWFoPinG8lYLCMGRWa8O0hzmhvZtJTMAVOTa,1.045258,25.154771,3.780496
138300,a8nOeMljqGUUIxJGlQNUQULLNJnnrWFoPinG8lYLCMGRWa8O0hzmhvZtJTMAVOTa,1.088078,4.415899,1.9785099999999998
138600,a8nOeMljqGUUIxJGlQNUQULLNJnnrWFoPinG8lYLCMGRWa8O0hzmhvZtJTMAVOTa,1.077804,2.209661,1.459295
138900,a8nOeMljqGUUIxJGlQNUQULLNJnnrWFoPinG8lYLCMGRWa8O0hzmhvZtJTMAVOTa,1.083142,3.810026,1.7778459999999998
139200,a8nOeMljqGUUIxJGlQNUQULLNJnnrWFoPinG8lYLCMGRWa8O0hzmhvZtJTMAVOTa,1.038563,2.023587,1.463431
139500,a8nOeMljqGUUIxJGlQNUQULLNJnnrWFoPinG8lYLCMGRWa8O0hzmhvZtJTMAVOTa,1.084171,2.1968799999999997,1.50124
139800,a8nOeMljqGUUIxJGlQNUQULLNJnnrWFoPinG8lYLCMGRWa8O0hzmhvZtJTMAVOTa,1.0471110000000001,2.0552799999999998,1.516846
140100,a8nOeMljqGUUIxJGlQNUQULLNJnnrWFoPinG8lYLCMGRWa8O0hzmhvZtJTMAVOTa,0.9342739999999999,2.1715430000000002,1.3115860000000001
140400,a8nOeMljqGUUIxJGlQNUQULLNJnnrWFoPinG8lYLCMGRWa8O0hzmhvZtJTMAVOTa,0.8308969999999999,2.240234,1.344795
140700,a8nOeMljqGUUIxJGlQNUQULLNJnnrWFoPinG8lYLCMGRWa8O0hzmhvZtJTMAVOTa,1.081546,2.1085279999999997,1.4317950000000002
141000,a8nOeMljqGUUIxJGlQNUQULLNJnnrWFoPinG8lYLCMGRWa8O0hzmhvZtJTMAVOTa,1.047531,2.2906590000000002,1.432888
141300,a8nOeMljqGUUIxJGlQNUQULLNJnnrWFoPinG8lYLCMGRWa8O0hzmhvZtJTMAVOTa,1.048817,2.456927,1.475544
141600,a8nOeMljqGUUIxJGlQNUQULLNJnnrWFoPinG8lYLCMGRWa8O0hzmhvZtJTMAVOTa,0.9756309999999999,2.086903,1.457459
141900,a8nOeMljqGUUIxJGlQNUQULLNJnnrWFoPinG8lYLCMGRWa8O0hzmhvZtJTMAVOTa,1.088355,26.926025,4.140707
142200,a8nOeMljqGUUIxJGlQNUQULLNJnnrWFoPinG8lYLCMGRWa8O0hzmhvZtJTMAVOTa,1.093524,1.996105,1.4243139999999999
142500,a8nOeMljqGUUIxJGlQNUQULLNJnnrWFoPinG8lYLCMGRWa8O0hzmhvZtJTMAVOTa,1.072327,2.195583,1.452487
142800,a8nOeMljqGUUIxJGlQNUQULLNJnnrWFoPinG8lYLCMGRWa8O0hzmhvZtJTMAVOTa,1.025733,2.075877,1.352435
143100,a8nOeMljqGUUIxJGlQNUQULLNJnnrWFoPinG8lYLCMGRWa8O0hzmhvZtJTMAVOTa,1.051643,2.096136,1.355328
143400,a8nOeMljqGUUIxJGlQNUQULLNJnnrWFoPinG8lYLCMGRWa8O0hzmhvZtJTMAVOTa,1.072293,2.113698,1.424321
143700,a8nOeMljqGUUIxJGlQNUQULLNJnnrWFoPinG8lYLCMGRWa8O0hzmhvZtJTMAVOTa,1.038351,2.19814,1.448707
144000,a8nOeMljqGUUIxJGlQNUQULLNJnnrWFoPinG8lYLCMGRWa8O0hzmhvZtJTMAVOTa,1.0085979999999999,2.228776,1.396659
144300,a8nOeMljqGUUIxJGlQNUQULLNJnnrWFoPinG8lYLCMGRWa8O0hzmhvZtJTMAVOTa,1.07311,2.181907,1.444776
144600,a8nOeMljqGUUIxJGlQNUQULLNJnnrWFoPinG8lYLCMGRWa8O0hzmhvZtJTMAVOTa,1.10792,2.437522,1.532458
144900,a8nOeMljqGUUIxJGlQNUQULLNJnnrWFoPinG8lYLCMGRWa8O0hzmhvZtJTMAVOTa,1.079517,2.2028779999999997,1.543367
145200,a8nOeMljqGUUIxJGlQNUQULLNJnnrWFoPinG8lYLCMGRWa8O0hzmhvZtJTMAVOTa,1.034931,2.083568,1.4767
145500,a8nOeMljqGUUIxJGlQNUQULLNJnnrWFoPinG8lYLCMGRWa8O0hzmhvZtJTMAVOTa,1.039911,25.938848999999998,3.84878
145800,a8nOeMljqGUUIxJGlQNUQULLNJnnrWFoPinG8lYLCMGRWa8O0hzmhvZtJTMAVOTa,0.967094,2.229901,1.3576469999999998
146100,a8nOeMljqGUUIxJGlQNUQULLNJnnrWFoPinG8lYLCMGRWa8O0hzmhvZtJTMAVOTa,1.079623,2.0878799999999997,1.4285290000000002
146400,a8nOeMljqGUUIxJGlQNUQULLNJnnrWFoPinG8lYLCMGRWa8O0hzmhvZtJTMAVOTa,1.02449,2.113612,1.465307
146700,a8nOeMljqGUUIxJGlQNUQULLNJnnrWFoPinG8lYLCMGRWa8O0hzmhvZtJTMAVOTa,1.0246469999999999,2.122286,1.383526
147000,a8nOeMljqGUUIxJGlQNUQULLNJnnrWFoPinG8lYLCMGRWa8O0hzmhvZtJTMAVOTa,1.075784,2.131287,1.455722
147300,a8nOeMljqGUUIxJGlQNUQULLNJnnrWFoPinG8lYLCMGRWa8O0hzmhvZtJTMAVOTa,1.049195,2.118548,1.4234440000000002
147600,a8nOeMljqGUUIxJGlQNUQULLNJnnrWFoPinG8lYLCMGRWa8O0hzmhvZtJTMAVOTa,1.010942,2.15483,1.407926
147900,a8nOeMljqGUUIxJGlQNUQULLNJnnrWFoPinG8lYLCMGRWa8O0hzmhvZtJTMAVOTa,1.002952,2.218285,1.4801959999999998
148200,a8nOeMljqGUUIxJGlQNUQULLNJnnrWFoPinG8lYLCMGRWa8O0hzmhvZtJTMAVOTa,0.897812,2.024853,1.314511
148500,a8nOeMljqGUUIxJGlQNUQULLNJnnrWFoPinG8lYLCMGRWa8O0hzmhvZtJTMAVOTa,0.839047,2.216071,1.344768
148800,a8nOeMljqGUUIxJGlQNUQULLNJnnrWFoPinG8lYLCMGRWa8O0hzmhvZtJTMAVOTa,1.058872,2.321939,1.4693969999999998
149100,a8nOeMljqGUUIxJGlQNUQULLNJnnrWFoPinG8lYLCMGRWa8O0hzmhvZtJTMAVOTa,0.9314709999999999,20.933216,3.8938330000000003
149400,a8nOeMljqGUUIxJGlQNUQULLNJnnrWFoPinG8lYLCMGRWa8O0hzmhvZtJTMAVOTa,1.0488620000000002,2.0878490000000003,1.4498030000000002
149700,a8nOeMljqGUUIxJGlQNUQULLNJnnrWFoPinG8lYLCMGRWa8O0hzmhvZtJTMAVOTa,1.085184,2.278869,1.475829
150000,a8nOeMljqGUUIxJGlQNUQULLNJnnrWFoPinG8lYLCMGRWa8O0hzmhvZtJTMAVOTa,1.037497,2.108777,1.454602
150300,a8nOeMljqGUUIxJGlQNUQULLNJnnrWFoPinG8lYLCMGRWa8O0hzmhvZtJTMAVOTa,0.809758,2.266363,1.452143
150600,a8nOeMljqGUUIxJGlQNUQULLNJnnrWFoPinG8lYLCMGRWa8O0hzmhvZtJTMAVOTa,1.0278049999999999,2.277028,1.4798209999999998
150900,a8nOeMljqGUUIxJGlQNUQULLNJnnrWFoPinG8lYLCMGRWa8O0hzmhvZtJTMAVOTa,1.006751,2.019409,1.410703
151200,a8nOeMljqGUUIxJGlQNUQULLNJnnrWFoPinG8lYLCMGRWa8O0hzmhvZtJTMAVOTa,0.957734,2.5564310000000003,1.493356
151500,a8nOeMljqGUUIxJGlQNUQULLNJnnrWFoPinG8lYLCMGRWa8O0hzmhvZtJTMAVOTa,0.9894219999999999,2.2810770000000002,1.4492909999999999
151800,a8nOeMljqGUUIxJGlQNUQULLNJnnrWFoPinG8lYLCMGRWa8O0hzmhvZtJTMAVOTa,0.990967,2.398761,1.5134459999999998
152100,a8nOeMljqGUUIxJGlQNUQULLNJnnrWFoPinG8lYLCMGRWa8O0hzmhvZtJTMAVOTa,0.981448,2.2801150000000003,1.431375
152400,a8nOeMljqGUUIxJGlQNUQULLNJnnrWFoPinG8lYLCMGRWa8O0hzmhvZtJTMAVOTa,1.020138,2.334321,1.53085
152700,a8nOeMljqGUUIxJGlQNUQULLNJnnrWFoPinG8lYLCMGRWa8O0hzmhvZtJTMAVOTa,0.99274,26.977464,3.9560370000000002
153000,a8nOeMljqGUUIxJGlQNUQULLNJnnrWFoPinG8lYLCMGRWa8O0hzmhvZtJTMAVOTa,0.99406,2.3647240000000003,1.425869
153300,a8nOeMljqGUUIxJGlQNUQULLNJnnrWFoPinG8lYLCMGRWa8O0hzmhvZtJTMAVOTa,1.023551,2.393695,1.4686219999999999
153600,a8nOeMljqGUUIxJGlQNUQULLNJnnrWFoPinG8lYLCMGRWa8O0hzmhvZtJTMAVOTa,0.560242,2.150554,1.318339
153900,a8nOeMljqGUUIxJGlQNUQULLNJnnrWFoPinG8lYLCMGRWa8O0hzmhvZtJTMAVOTa,1.02308,2.195188,1.438701
154200,a8nOeMljqGUUIxJGlQNUQULLNJnnrWFoPinG8lYLCMGRWa8O0hzmhvZtJTMAVOTa,0.686686,2.389496,1.333006
154500,a8nOeMljqGUUIxJGlQNUQULLNJnnrWFoPinG8lYLCMGRWa8O0hzmhvZtJTMAVOTa,0.9840180000000001,2.16738,1.460785
154800,a8nOeMljqGUUIxJGlQNUQULLNJnnrWFoPinG8lYLCMGRWa8O0hzmhvZtJTMAVOTa,0.9523870000000001,4.183632,1.672714
155100,a8nOeMljqGUUIxJGlQNUQULLNJnnrWFoPinG8lYLCMGRWa8O0hzmhvZtJTMAVOTa,0.9895579999999999,2.502629,1.461583
155400,a8nOeMljqGUUIxJGlQNUQULLNJnnrWFoPinG8lYLCMGRWa8O0hzmhvZtJTMAVOTa,0.9904780000000001,3.4288839999999996,1.687675
155700,a8nOeMljqGUUIxJGlQNUQULLNJnnrWFoPinG8lYLCMGRWa8O0hzmhvZtJTMAVOTa,0.9632950000000001,2.218451,1.437343
156000,a8nOeMljqGUUIxJGlQNUQULLNJnnrWFoPinG8lYLCMGRWa8O0hzmhvZtJTMAVOTa,1.032632,2.28586,1.451671
156300,a8nOeMljqGUUIxJGlQNUQULLNJnnrWFoPinG8lYLCMGRWa8O0hzmhvZtJTMAVOTa,0.953614,26.846753000000003,3.844633
156600,a8nOeMljqGUUIxJGlQNUQULLNJnnrWFoPinG8lYLCMGRWa8O0hzmhvZtJTMAVOTa,0.977289,2.227528,1.440187
156900,a8nOeMljqGUUIxJGlQNUQULLNJnnrWFoPinG8lYLCMGRWa8O0hzmhvZtJTMAVOTa,0.880618,2.825271,1.3663299999999998
157200,a8nOeMljqGUUIxJGlQNUQULLNJnnrWFoPinG8lYLCMGRWa8O0hzmhvZtJTMAVOTa,0.970086,2.4676139999999998,1.465837
157500,a8nOeMljqGUUIxJGlQNUQULLNJnnrWFoPinG8lYLCMGRWa8O0hzmhvZtJTMAVOTa,0.970045,18.639288,3.095952
157800,a8nOeMljqGUUIxJGlQNUQULLNJnnrWFoPinG8lYLCMGRWa8O0hzmhvZtJTMAVOTa,0.971814,3.000289,1.417597
158100,a8nOeMljqGUUIxJGlQNUQULLNJnnrWFoPinG8lYLCMGRWa8O0hzmhvZtJTMAVOTa,0.985332,4.914463,1.8464639999999999
158400,a8nOeMljqGUUIxJGlQNUQULLNJnnrWFoPinG8lYLCMGRWa8O0hzmhvZtJTMAVOTa,0.96739,2.307138,1.384396
158700,a8nOeMljqGUUIxJGlQNUQULLNJnnrWFoPinG8lYLCMGRWa8O0hzmhvZtJTMAVOTa,0.97536,3.1374619999999998,1.617083
159000,a8nOeMljqGUUIxJGlQNUQULLNJnnrWFoPinG8lYLCMGRWa8O0hzmhvZtJTMAVOTa,0.49313,30.320813,4.349857
159300,a8nOeMljqGUUIxJGlQNUQULLNJnnrWFoPinG8lYLCMGRWa8O0hzmhvZtJTMAVOTa,0.958009,2.670774,1.4473209999999999
159600,a8nOeMljqGUUIxJGlQNUQULLNJnnrWFoPinG8lYLCMGRWa8O0hzmhvZtJTMAVOTa,0.746748,2.904644,1.3928639999999999
159900,a8nOeMljqGUUIxJGlQNUQULLNJnnrWFoPinG8lYLCMGRWa8O0hzmhvZtJTMAVOTa,0.9649549999999999,19.67492,3.959194
160200,a8nOeMljqGUUIxJGlQNUQULLNJnnrWFoPinG8lYLCMGRWa8O0hzmhvZtJTMAVOTa,0.568579,2.744204,1.381246
160500,a8nOeMljqGUUIxJGlQNUQULLNJnnrWFoPinG8lYLCMGRWa8O0hzmhvZtJTMAVOTa,1.002425,3.0728,1.482227
160800,a8nOeMljqGUUIxJGlQNUQULLNJnnrWFoPinG8lYLCMGRWa8O0hzmhvZtJTMAVOTa,0.596071,2.966909,1.473565
161100,a8nOeMljqGUUIxJGlQNUQULLNJnnrWFoPinG8lYLCMGRWa8O0hzmhvZtJTMAVOTa,1.0321049999999998,2.7247779999999997,1.4701170000000001
161400,a8nOeMljqGUUIxJGlQNUQULLNJnnrWFoPinG8lYLCMGRWa8O0hzmhvZtJTMAVOTa,0.9755889999999999,3.0602009999999997,1.474684
161700,a8nOeMljqGUUIxJGlQNUQULLNJnnrWFoPinG8lYLCMGRWa8O0hzmhvZtJTMAVOTa,0.465996,2.724406,1.433042
162000,a8nOeMljqGUUIxJGlQNUQULLNJnnrWFoPinG8lYLCMGRWa8O0hzmhvZtJTMAVOTa,0.990799,2.579508,1.4357309999999999
162300,a8nOeMljqGUUIxJGlQNUQULLNJnnrWFoPinG8lYLCMGRWa8O0hzmhvZtJTMAVOTa,0.635083,2.957065,1.416726
162600,a8nOeMljqGUUIxJGlQNUQULLNJnnrWFoPinG8lYLCMGRWa8O0hzmhvZtJTMAVOTa,0.9945459999999999,2.469132,1.509433
162900,a8nOeMljqGUUIxJGlQNUQULLNJnnrWFoPinG8lYLCMGRWa8O0hzmhvZtJTMAVOTa,0.6993060000000001,26.501983000000003,7.964106
163200,a8nOeMljqGUUIxJGlQNUQULLNJnnrWFoPinG8lYLCMGRWa8O0hzmhvZtJTMAVOTa,1.0020790000000002,4.033448,1.61446
163500,a8nOeMljqGUUIxJGlQNUQULLNJnnrWFoPinG8lYLCMGRWa8O0hzmhvZtJTMAVOTa,0.987519,3.1686259999999997,1.5913899999999999
163800,a8nOeMljqGUUIxJGlQNUQULLNJnnrWFoPinG8lYLCMGRWa8O0hzmhvZtJTMAVOTa,0.996187,2.545746,1.436185
164100,a8nOeMljqGUUIxJGlQNUQULLNJnnrWFoPinG8lYLCMGRWa8O0hzmhvZtJTMAVOTa,1.014958,3.095022,1.631312
164400,a8nOeMljqGUUIxJGlQNUQULLNJnnrWFoPinG8lYLCMGRWa8O0hzmhvZtJTMAVOTa,0.9798370000000001,2.666935,1.4581709999999999
164700,a8nOeMljqGUUIxJGlQNUQULLNJnnrWFoPinG8lYLCMGRWa8O0hzmhvZtJTMAVOTa,0.9680209999999999,2.4929669999999997,1.4029049999999998
165000,a8nOeMljqGUUIxJGlQNUQULLNJnnrWFoPinG8lYLCMGRWa8O0hzmhvZtJTMAVOTa,0.691387,3.003438,1.4081190000000001
165300,a8nOeMljqGUUIxJGlQNUQULLNJnnrWFoPinG8lYLCMGRWa8O0hzmhvZtJTMAVOTa,0.995556,2.747093,1.485336
165600,a8nOeMljqGUUIxJGlQNUQULLNJnnrWFoPinG8lYLCMGRWa8O0hzmhvZtJTMAVOTa,0.6819689999999999,2.4870740000000002,1.423907
165900,a8nOeMljqGUUIxJGlQNUQULLNJnnrWFoPinG8lYLCMGRWa8O0hzmhvZtJTMAVOTa,0.9660219999999999,3.028051,1.452322
166200,a8nOeMljqGUUIxJGlQNUQULLNJnnrWFoPinG8lYLCMGRWa8O0hzmhvZtJTMAVOTa,0.793164,2.5684240000000003,1.416974
166500,a8nOeMljqGUUIxJGlQNUQULLNJnnrWFoPinG8lYLCMGRWa8O0hzmhvZtJTMAVOTa,1.0085,2.555418,1.466118
166800,a8nOeMljqGUUIxJGlQNUQULLNJnnrWFoPinG8lYLCMGRWa8O0hzmhvZtJTMAVOTa,0.9706389999999999,3.087042,1.482361
167100,a8nOeMljqGUUIxJGlQNUQULLNJnnrWFoPinG8lYLCMGRWa8O0hzmhvZtJTMAVOTa,0.851194,26.13017,3.955745
167400,a8nOeMljqGUUIxJGlQNUQULLNJnnrWFoPinG8lYLCMGRWa8O0hzmhvZtJTMAVOTa,0.998849,2.478196,1.38911
167700,a8nOeMljqGUUIxJGlQNUQULLNJnnrWFoPinG8lYLCMGRWa8O0hzmhvZtJTMAVOTa,0.9687969999999999,2.933081,1.422803
168000,a8nOeMljqGUUIxJGlQNUQULLNJnnrWFoPinG8lYLCMGRWa8O0hzmhvZtJTMAVOTa,0.9442389999999999,2.451748,1.425949
168300,a8nOeMljqGUUIxJGlQNUQULLNJnnrWFoPinG8lYLCMGRWa8O0hzmhvZtJTMAVOTa,1.004337,2.600012,1.451812
168600,a8nOeMljqGUUIxJGlQNUQULLNJnnrWFoPinG8lYLCMGRWa8O0hzmhvZtJTMAVOTa,0.9707290000000001,2.881724,1.44577
168900,a8nOeMljqGUUIxJGlQNUQULLNJnnrWFoPinG8lYLCMGRWa8O0hzmhvZtJTMAVOTa,0.58387,2.687797,1.412939
169200,a8nOeMljqGUUIxJGlQNUQULLNJnnrWFoPinG8lYLCMGRWa8O0hzmhvZtJTMAVOTa,0.960773,2.686836,1.403928
169500,a8nOeMljqGUUIxJGlQNUQULLNJnnrWFoPinG8lYLCMGRWa8O0hzmhvZtJTMAVOTa,0.97439,2.8864959999999997,1.510794
169800,a8nOeMljqGUUIxJGlQNUQULLNJnnrWFoPinG8lYLCMGRWa8O0hzmhvZtJTMAVOTa,0.9696620000000001,2.698825,1.541614
170100,a8nOeMljqGUUIxJGlQNUQULLNJnnrWFoPinG8lYLCMGRWa8O0hzmhvZtJTMAVOTa,0.933066,2.489745,1.3815870000000001
170400,a8nOeMljqGUUIxJGlQNUQULLNJnnrWFoPinG8lYLCMGRWa8O0hzmhvZtJTMAVOTa,0.471991,2.923476,1.378092
170700,a8nOeMljqGUUIxJGlQNUQULLNJnnrWFoPinG8lYLCMGRWa8O0hzmhvZtJTMAVOTa,0.9098229999999999,16.513223999999997,3.929955
171000,a8nOeMljqGUUIxJGlQNUQULLNJnnrWFoPinG8lYLCMGRWa8O0hzmhvZtJTMAVOTa,0.9825709999999999,2.642847,1.479825
171300,a8nOeMljqGUUIxJGlQNUQULLNJnnrWFoPinG8lYLCMGRWa8O0hzmhvZtJTMAVOTa,1.026349,3.010415,1.487498
171600,a8nOeMljqGUUIxJGlQNUQULLNJnnrWFoPinG8lYLCMGRWa8O0hzmhvZtJTMAVOTa,0.9791780000000001,2.725765,1.485307
171900,a8nOeMljqGUUIxJGlQNUQULLNJnnrWFoPinG8lYLCMGRWa8O0hzmhvZtJTMAVOTa,0.9534030000000001,2.6858419999999996,1.423626
172200,a8nOeMljqGUUIxJGlQNUQULLNJnnrWFoPinG8lYLCMGRWa8O0hzmhvZtJTMAVOTa,0.41350299999999995,3.047284,1.457379
172500,a8nOeMljqGUUIxJGlQNUQULLNJnnrWFoPinG8lYLCMGRWa8O0hzmhvZtJTMAVOTa,0.693702,2.7885470000000003,1.478688
172800,a8nOeMljqGUUIxJGlQNUQULLNJnnrWFoPinG8lYLCMGRWa8O0hzmhvZtJTMAVOTa,0.9769,2.743463,1.4363059999999999
173100,a8nOeMljqGUUIxJGlQNUQULLNJnnrWFoPinG8lYLCMGRWa8O0hzmhvZtJTMAVOTa,0.565971,2.9327330000000003,1.4206370000000001
173400,a8nOeMljqGUUIxJGlQNUQULLNJnnrWFoPinG8lYLCMGRWa8O0hzmhvZtJTMAVOTa,0.9554010000000001,2.489046,1.4926549999999998
173700,a8nOeMljqGUUIxJGlQNUQULLNJnnrWFoPinG8lYLCMGRWa8O0hzmhvZtJTMAVOTa,0.43873999999999996,2.537848,1.345161
174000,a8nOeMljqGUUIxJGlQNUQULLNJnnrWFoPinG8lYLCMGRWa8O0hzmhvZtJTMAVOTa,0.9827790000000001,2.845885,1.440914
174300,a8nOeMljqGUUIxJGlQNUQULLNJnnrWFoPinG8lYLCMGRWa8O0hzmhvZtJTMAVOTa,0.932685,28.565374,4.1611400000000005
174600,a8nOeMljqGUUIxJGlQNUQULLNJnnrWFoPinG8lYLCMGRWa8O0hzmhvZtJTMAVOTa,0.987094,2.530749,1.417771
174900,a8nOeMljqGUUIxJGlQNUQULLNJnnrWFoPinG8lYLCMGRWa8O0hzmhvZtJTMAVOTa,1.008614,2.984763,1.520815
175200,a8nOeMljqGUUIxJGlQNUQULLNJnnrWFoPinG8lYLCMGRWa8O0hzmhvZtJTMAVOTa,0.692239,2.670198,1.432097
175500,a8nOeMljqGUUIxJGlQNUQULLNJnnrWFoPinG8lYLCMGRWa8O0hzmhvZtJTMAVOTa,0.9696520000000001,2.555192,1.427935
175800,a8nOeMljqGUUIxJGlQNUQULLNJnnrWFoPinG8lYLCMGRWa8O0hzmhvZtJTMAVOTa,0.998014,2.899254,1.482999
176100,a8nOeMljqGUUIxJGlQNUQULLNJnnrWFoPinG8lYLCMGRWa8O0hzmhvZtJTMAVOTa,0.98372,2.529617,1.42975
176400,a8nOeMljqGUUIxJGlQNUQULLNJnnrWFoPinG8lYLCMGRWa8O0hzmhvZtJTMAVOTa,0.421041,20.076914000000002,3.364032
176700,a8nOeMljqGUUIxJGlQNUQULLNJnnrWFoPinG8lYLCMGRWa8O0hzmhvZtJTMAVOTa,0.972908,2.86525,1.4418600000000001
177000,a8nOeMljqGUUIxJGlQNUQULLNJnnrWFoPinG8lYLCMGRWa8O0hzmhvZtJTMAVOTa,0.634179,6.762892,2.04815
177300,a8nOeMljqGUUIxJGlQNUQULLNJnnrWFoPinG8lYLCMGRWa8O0hzmhvZtJTMAVOTa,0.983072,2.493621,1.430064
177600,a8nOeMljqGUUIxJGlQNUQULLNJnnrWFoPinG8lYLCMGRWa8O0hzmhvZtJTMAVOTa,0.954118,2.816041,1.4502540000000002
177900,a8nOeMljqGUUIxJGlQNUQULLNJnnrWFoPinG8lYLCMGRWa8O0hzmhvZtJTMAVOTa,0.502483,26.703357,3.888904
178200,a8nOeMljqGUUIxJGlQNUQULLNJnnrWFoPinG8lYLCMGRWa8O0hzmhvZtJTMAVOTa,1.002192,2.676979,1.466966
178500,a8nOeMljqGUUIxJGlQNUQULLNJnnrWFoPinG8lYLCMGRWa8O0hzmhvZtJTMAVOTa,0.968417,2.70133,1.517575
178800,a8nOeMljqGUUIxJGlQNUQULLNJnnrWFoPinG8lYLCMGRWa8O0hzmhvZtJTMAVOTa,0.953615,2.4232400000000003,1.44375
179100,a8nOeMljqGUUIxJGlQNUQULLNJnnrWFoPinG8lYLCMGRWa8O0hzmhvZtJTMAVOTa,1.025951,2.527993,1.507244
179400,a8nOeMljqGUUIxJGlQNUQULLNJnnrWFoPinG8lYLCMGRWa8O0hzmhvZtJTMAVOTa,1.015225,2.6782630000000003,1.489765
179700,a8nOeMljqGUUIxJGlQNUQULLNJnnrWFoPinG8lYLCMGRWa8O0hzmhvZtJTMAVOTa,0.5034930000000001,2.055491,1.301852
180000,a8nOeMljqGUUIxJGlQNUQULLNJnnrWFoPinG8lYLCMGRWa8O0hzmhvZtJTMAVOTa,1.000873,2.703533,1.5049620000000001
180300,a8nOeMljqGUUIxJGlQNUQULLNJnnrWFoPinG8lYLCMGRWa8O0hzmhvZtJTMAVOTa,0.393931,2.1355299999999997,1.395364
180600,a8nOeMljqGUUIxJGlQNUQULLNJnnrWFoPinG8lYLCMGRWa8O0hzmhvZtJTMAVOTa,0.79565,2.331471,1.393861
180900,a8nOeMljqGUUIxJGlQNUQULLNJnnrWFoPinG8lYLCMGRWa8O0hzmhvZtJTMAVOTa,0.985726,2.566052,1.495515
181200,a8nOeMljqGUUIxJGlQNUQULLNJnnrWFoPinG8lYLCMGRWa8O0hzmhvZtJTMAVOTa,0.49916099999999997,2.0974459999999997,1.379948
181500,a8nOeMljqGUUIxJGlQNUQULLNJnnrWFoPinG8lYLCMGRWa8O0hzmhvZtJTMAVOTa,0.972686,14.435989999999999,3.8964410000000003
181800,a8nOeMljqGUUIxJGlQNUQULLNJnnrWFoPinG8lYLCMGRWa8O0hzmhvZtJTMAVOTa,0.568341,2.686302,1.473026
182100,a8nOeMljqGUUIxJGlQNUQULLNJnnrWFoPinG8lYLCMGRWa8O0hzmhvZtJTMAVOTa,0.96672,2.020917,1.423549
182400,a8nOeMljqGUUIxJGlQNUQULLNJnnrWFoPinG8lYLCMGRWa8O0hzmhvZtJTMAVOTa,0.9670280000000001,2.411416,1.406042
182700,a8nOeMljqGUUIxJGlQNUQULLNJnnrWFoPinG8lYLCMGRWa8O0hzmhvZtJTMAVOTa,0.984809,2.569691,1.521034
183000,a8nOeMljqGUUIxJGlQNUQULLNJnnrWFoPinG8lYLCMGRWa8O0hzmhvZtJTMAVOTa,0.9462020000000001,2.068106,1.433598
183300,a8nOeMljqGUUIxJGlQNUQULLNJnnrWFoPinG8lYLCMGRWa8O0hzmhvZtJTMAVOTa,0.6323,2.053224,1.319258
183600,a8nOeMljqGUUIxJGlQNUQULLNJnnrWFoPinG8lYLCMGRWa8O0hzmhvZtJTMAVOTa,0.995655,2.4709060000000003,1.515103
183900,a8nOeMljqGUUIxJGlQNUQULLNJnnrWFoPinG8lYLCMGRWa8O0hzmhvZtJTMAVOTa,1.005625,2.15123,1.535719
184200,a8nOeMljqGUUIxJGlQNUQULLNJnnrWFoPinG8lYLCMGRWa8O0hzmhvZtJTMAVOTa,1.092943,2.436268,1.582545
184500,a8nOeMljqGUUIxJGlQNUQULLNJnnrWFoPinG8lYLCMGRWa8O0hzmhvZtJTMAVOTa,0.9791489999999999,2.502271,1.616568
184800,a8nOeMljqGUUIxJGlQNUQULLNJnnrWFoPinG8lYLCMGRWa8O0hzmhvZtJTMAVOTa,0.943264,10.718753,2.8171630000000003
185100,a8nOeMljqGUUIxJGlQNUQULLNJnnrWFoPinG8lYLCMGRWa8O0hzmhvZtJTMAVOTa,0.5892609999999999,26.758844,4.960339
185400,a8nOeMljqGUUIxJGlQNUQULLNJnnrWFoPinG8lYLCMGRWa8O0hzmhvZtJTMAVOTa,0.986016,2.545029,1.645202
185700,a8nOeMljqGUUIxJGlQNUQULLNJnnrWFoPinG8lYLCMGRWa8O0hzmhvZtJTMAVOTa,0.8943459999999999,2.102141,1.392626
186000,a8nOeMljqGUUIxJGlQNUQULLNJnnrWFoPinG8lYLCMGRWa8O0hzmhvZtJTMAVOTa,0.631314,2.119621,1.368516
186300,a8nOeMljqGUUIxJGlQNUQULLNJnnrWFoPinG8lYLCMGRWa8O0hzmhvZtJTMAVOTa,0.949724,2.5224860000000002,1.4594340000000001
186600,a8nOeMljqGUUIxJGlQNUQULLNJnnrWFoPinG8lYLCMGRWa8O0hzmhvZtJTMAVOTa,0.528958,1.958809,1.357852
186900,a8nOeMljqGUUIxJGlQNUQULLNJnnrWFoPinG8lYLCMGRWa8O0hzmhvZtJTMAVOTa,0.9401,2.044402,1.361625
187200,a8nOeMljqGUUIxJGlQNUQULLNJnnrWFoPinG8lYLCMGRWa8O0hzmhvZtJTMAVOTa,0.959967,2.46988,1.4679870000000002
187500,a8nOeMljqGUUIxJGlQNUQULLNJnnrWFoPinG8lYLCMGRWa8O0hzmhvZtJTMAVOTa,0.963887,2.182242,1.428858
187800,a8nOeMljqGUUIxJGlQNUQULLNJnnrWFoPinG8lYLCMGRWa8O0hzmhvZtJTMAVOTa,0.957407,2.408817,1.477425
188100,a8nOeMljqGUUIxJGlQNUQULLNJnnrWFoPinG8lYLCMGRWa8O0hzmhvZtJTMAVOTa,1.000071,2.60436,1.522463
188400,a8nOeMljqGUUIxJGlQNUQULLNJnnrWFoPinG8lYLCMGRWa8O0hzmhvZtJTMAVOTa,0.8733879999999999,2.107202,1.4505290000000002
188700,a8nOeMljqGUUIxJGlQNUQULLNJnnrWFoPinG8lYLCMGRWa8O0hzmhvZtJTMAVOTa,0.9905120000000001,26.617641,3.8531089999999995
189000,a8nOeMljqGUUIxJGlQNUQULLNJnnrWFoPinG8lYLCMGRWa8O0hzmhvZtJTMAVOTa,0.949216,2.73069,1.528974
189300,a8nOeMljqGUUIxJGlQNUQULLNJnnrWFoPinG8lYLCMGRWa8O0hzmhvZtJTMAVOTa,0.974744,2.037601,1.547633
189600,a8nOeMljqGUUIxJGlQNUQULLNJnnrWFoPinG8lYLCMGRWa8O0hzmhvZtJTMAVOTa,0.9694139999999999,2.0339240000000003,1.382298
189900,a8nOeMljqGUUIxJGlQNUQULLNJnnrWFoPinG8lYLCMGRWa8O0hzmhvZtJTMAVOTa,0.960117,2.480127,1.517139
190200,a8nOeMljqGUUIxJGlQNUQULLNJnnrWFoPinG8lYLCMGRWa8O0hzmhvZtJTMAVOTa,0.9457780000000001,2.03408,1.389836
190500,a8nOeMljqGUUIxJGlQNUQULLNJnnrWFoPinG8lYLCMGRWa8O0hzmhvZtJTMAVOTa,0.6510739999999999,2.120349,1.290569
190800,a8nOeMljqGUUIxJGlQNUQULLNJnnrWFoPinG8lYLCMGRWa8O0hzmhvZtJTMAVOTa,0.919549,2.786511,1.5070139999999999
191100,a8nOeMljqGUUIxJGlQNUQULLNJnnrWFoPinG8lYLCMGRWa8O0hzmhvZtJTMAVOTa,0.628292,2.2683590000000002,1.422972
191400,a8nOeMljqGUUIxJGlQNUQULLNJnnrWFoPinG8lYLCMGRWa8O0hzmhvZtJTMAVOTa,0.641662,2.39594,1.301224
191700,a8nOeMljqGUUIxJGlQNUQULLNJnnrWFoPinG8lYLCMGRWa8O0hzmhvZtJTMAVOTa,1.0037040000000002,29.184207,9.217108999999999
192000,a8nOeMljqGUUIxJGlQNUQULLNJnnrWFoPinG8lYLCMGRWa8O0hzmhvZtJTMAVOTa,0.952082,2.903953,1.63809
192300,a8nOeMljqGUUIxJGlQNUQULLNJnnrWFoPinG8lYLCMGRWa8O0hzmhvZtJTMAVOTa,0.9961110000000001,18.763894,3.996544
192600,a8nOeMljqGUUIxJGlQNUQULLNJnnrWFoPinG8lYLCMGRWa8O0hzmhvZtJTMAVOTa,1.0482879999999999,2.657213,1.5766870000000002
192900,a8nOeMljqGUUIxJGlQNUQULLNJnnrWFoPinG8lYLCMGRWa8O0hzmhvZtJTMAVOTa,1.066318,2.127056,1.523056
193200,a8nOeMljqGUUIxJGlQNUQULLNJnnrWFoPinG8lYLCMGRWa8O0hzmhvZtJTMAVOTa,1.043722,2.031708,1.422692
193500,a8nOeMljqGUUIxJGlQNUQULLNJnnrWFoPinG8lYLCMGRWa8O0hzmhvZtJTMAVOTa,1.020361,2.697827,1.572827
193800,a8nOeMljqGUUIxJGlQNUQULLNJnnrWFoPinG8lYLCMGRWa8O0hzmhvZtJTMAVOTa,0.9867389999999999,2.155245,1.392179
194100,a8nOeMljqGUUIxJGlQNUQULLNJnnrWFoPinG8lYLCMGRWa8O0hzmhvZtJTMAVOTa,0.978492,2.0927,1.324755
194400,a8nOeMljqGUUIxJGlQNUQULLNJnnrWFoPinG8lYLCMGRWa8O0hzmhvZtJTMAVOTa,1.027283,2.50283,1.49005
194700,a8nOeMljqGUUIxJGlQNUQULLNJnnrWFoPinG8lYLCMGRWa8O0hzmhvZtJTMAVOTa,0.966448,1.991802,1.429525
195000,a8nOeMljqGUUIxJGlQNUQULLNJnnrWFoPinG8lYLCMGRWa8O0hzmhvZtJTMAVOTa,0.9722149999999999,2.333423,1.376483
195300,a8nOeMljqGUUIxJGlQNUQULLNJnnrWFoPinG8lYLCMGRWa8O0hzmhvZtJTMAVOTa,0.9508459999999999,2.588184,1.467778
195600,a8nOeMljqGUUIxJGlQNUQULLNJnnrWFoPinG8lYLCMGRWa8O0hzmhvZtJTMAVOTa,0.9912860000000001,2.041501,1.458832
195900,a8nOeMljqGUUIxJGlQNUQULLNJnnrWFoPinG8lYLCMGRWa8O0hzmhvZtJTMAVOTa,0.942509,25.892516,3.846776
196200,a8nOeMljqGUUIxJGlQNUQULLNJnnrWFoPinG8lYLCMGRWa8O0hzmhvZtJTMAVOTa,0.9640290000000001,2.603681,1.486234
196500,a8nOeMljqGUUIxJGlQNUQULLNJnnrWFoPinG8lYLCMGRWa8O0hzmhvZtJTMAVOTa,0.9144459999999999,2.079759,1.318168
196800,a8nOeMljqGUUIxJGlQNUQULLNJnnrWFoPinG8lYLCMGRWa8O0hzmhvZtJTMAVOTa,0.8476670000000001,2.015519,1.253433
197100,a8nOeMljqGUUIxJGlQNUQULLNJnnrWFoPinG8lYLCMGRWa8O0hzmhvZtJTMAVOTa,0.982957,2.5411650000000003,1.489115
197400,a8nOeMljqGUUIxJGlQNUQULLNJnnrWFoPinG8lYLCMGRWa8O0hzmhvZtJTMAVOTa,0.628279,1.994218,1.3775110000000002
197700,a8nOeMljqGUUIxJGlQNUQULLNJnnrWFoPinG8lYLCMGRWa8O0hzmhvZtJTMAVOTa,0.994755,2.122668,1.363228
198000,a8nOeMljqGUUIxJGlQNUQULLNJnnrWFoPinG8lYLCMGRWa8O0hzmhvZtJTMAVOTa,0.646796,2.603381,1.4477719999999998
198300,a8nOeMljqGUUIxJGlQNUQULLNJnnrWFoPinG8lYLCMGRWa8O0hzmhvZtJTMAVOTa,0.944523,2.204542,1.4860440000000001
198600,a8nOeMljqGUUIxJGlQNUQULLNJnnrWFoPinG8lYLCMGRWa8O0hzmhvZtJTMAVOTa,0.872237,2.37035,1.389584
198900,a8nOeMljqGUUIxJGlQNUQULLNJnnrWFoPinG8lYLCMGRWa8O0hzmhvZtJTMAVOTa,0.985323,2.614387,1.476336
199200,a8nOeMljqGUUIxJGlQNUQULLNJnnrWFoPinG8lYLCMGRWa8O0hzmhvZtJTMAVOTa,1.004721,2.045248,1.457966
199500,a8nOeMljqGUUIxJGlQNUQULLNJnnrWFoPinG8lYLCMGRWa8O0hzmhvZtJTMAVOTa,0.797249,26.239009999999997,3.75204
199800,a8nOeMljqGUUIxJGlQNUQULLNJnnrWFoPinG8lYLCMGRWa8O0hzmhvZtJTMAVOTa,0.968383,2.270924,1.586808
200100,a8nOeMljqGUUIxJGlQNUQULLNJnnrWFoPinG8lYLCMGRWa8O0hzmhvZtJTMAVOTa,0.7404310000000001,1.946538,1.398927
200400,a8nOeMljqGUUIxJGlQNUQULLNJnnrWFoPinG8lYLCMGRWa8O0hzmhvZtJTMAVOTa,0.945708,2.0421400000000003,1.35229
200700,a8nOeMljqGUUIxJGlQNUQULLNJnnrWFoPinG8lYLCMGRWa8O0hzmhvZtJTMAVOTa,0.42983699999999997,2.4979240000000003,1.407446
201000,a8nOeMljqGUUIxJGlQNUQULLNJnnrWFoPinG8lYLCMGRWa8O0hzmhvZtJTMAVOTa,0.9800030000000001,2.010821,1.42523
201300,a8nOeMljqGUUIxJGlQNUQULLNJnnrWFoPinG8lYLCMGRWa8O0hzmhvZtJTMAVOTa,0.46946099999999996,2.0861680000000002,1.283336
201600,a8nOeMljqGUUIxJGlQNUQULLNJnnrWFoPinG8lYLCMGRWa8O0hzmhvZtJTMAVOTa,0.9467700000000001,2.756992,1.4864549999999999
201900,a8nOeMljqGUUIxJGlQNUQULLNJnnrWFoPinG8lYLCMGRWa8O0hzmhvZtJTMAVOTa,0.500488,2.059159,1.2322170000000001
202200,a8nOeMljqGUUIxJGlQNUQULLNJnnrWFoPinG8lYLCMGRWa8O0hzmhvZtJTMAVOTa,0.598498,2.560709,1.2705389999999999
202500,a8nOeMljqGUUIxJGlQNUQULLNJnnrWFoPinG8lYLCMGRWa8O0hzmhvZtJTMAVOTa,0.946995,3.3061580000000004,1.5035319999999999
202800,a8nOeMljqGUUIxJGlQNUQULLNJnnrWFoPinG8lYLCMGRWa8O0hzmhvZtJTMAVOTa,0.585646,2.587771,1.37816
203100,a8nOeMljqGUUIxJGlQNUQULLNJnnrWFoPinG8lYLCMGRWa8O0hzmhvZtJTMAVOTa,0.9186639999999999,20.237170000000003,3.8457239999999997
203400,a8nOeMljqGUUIxJGlQNUQULLNJnnrWFoPinG8lYLCMGRWa8O0hzmhvZtJTMAVOTa,0.5382520000000001,3.326106,1.403231
203700,a8nOeMljqGUUIxJGlQNUQULLNJnnrWFoPinG8lYLCMGRWa8O0hzmhvZtJTMAVOTa,0.9467459999999999,2.522289,1.410512
204000,a8nOeMljqGUUIxJGlQNUQULLNJnnrWFoPinG8lYLCMGRWa8O0hzmhvZtJTMAVOTa,0.702451,2.295568,1.367817
204300,a8nOeMljqGUUIxJGlQNUQULLNJnnrWFoPinG8lYLCMGRWa8O0hzmhvZtJTMAVOTa,0.909168,3.488479,1.529783
204600,a8nOeMljqGUUIxJGlQNUQULLNJnnrWFoPinG8lYLCMGRWa8O0hzmhvZtJTMAVOTa,0.9172459999999999,2.5385459999999997,1.4591040000000002
204900,a8nOeMljqGUUIxJGlQNUQULLNJnnrWFoPinG8lYLCMGRWa8O0hzmhvZtJTMAVOTa,0.957844,2.144021,1.3258780000000001
205200,a8nOeMljqGUUIxJGlQNUQULLNJnnrWFoPinG8lYLCMGRWa8O0hzmhvZtJTMAVOTa,0.9743379999999999,3.3738309999999996,1.510132
205500,a8nOeMljqGUUIxJGlQNUQULLNJnnrWFoPinG8lYLCMGRWa8O0hzmhvZtJTMAVOTa,0.875332,2.67354,1.4281030000000001
205800,a8nOeMljqGUUIxJGlQNUQULLNJnnrWFoPinG8lYLCMGRWa8O0hzmhvZtJTMAVOTa,0.976203,2.828738,1.4933290000000001
206100,a8nOeMljqGUUIxJGlQNUQULLNJnnrWFoPinG8lYLCMGRWa8O0hzmhvZtJTMAVOTa,0.5341279999999999,3.327607,1.405194
206400,a8nOeMljqGUUIxJGlQNUQULLNJnnrWFoPinG8lYLCMGRWa8O0hzmhvZtJTMAVOTa,0.974418,2.60292,1.505257
206700,a8nOeMljqGUUIxJGlQNUQULLNJnnrWFoPinG8lYLCMGRWa8O0hzmhvZtJTMAVOTa,0.566321,25.744888,3.8512730000000004
207000,a8nOeMljqGUUIxJGlQNUQULLNJnnrWFoPinG8lYLCMGRWa8O0hzmhvZtJTMAVOTa,0.999231,3.4284809999999997,1.5230780000000002
207300,a8nOeMljqGUUIxJGlQNUQULLNJnnrWFoPinG8lYLCMGRWa8O0hzmhvZtJTMAVOTa,0.9780040000000001,2.613941,1.385704
207600,a8nOeMljqGUUIxJGlQNUQULLNJnnrWFoPinG8lYLCMGRWa8O0hzmhvZtJTMAVOTa,0.958623,2.02557,1.296846
207900,a8nOeMljqGUUIxJGlQNUQULLNJnnrWFoPinG8lYLCMGRWa8O0hzmhvZtJTMAVOTa,0.977439,3.316873,1.512135
208200,a8nOeMljqGUUIxJGlQNUQULLNJnnrWFoPinG8lYLCMGRWa8O0hzmhvZtJTMAVOTa,0.5492060000000001,2.7159720000000003,1.442407
208500,a8nOeMljqGUUIxJGlQNUQULLNJnnrWFoPinG8lYLCMGRWa8O0hzmhvZtJTMAVOTa,0.995334,2.152866,1.412635
208800,a8nOeMljqGUUIxJGlQNUQULLNJnnrWFoPinG8lYLCMGRWa8O0hzmhvZtJTMAVOTa,0.829664,3.3432489999999997,1.457249
209100,a8nOeMljqGUUIxJGlQNUQULLNJnnrWFoPinG8lYLCMGRWa8O0hzmhvZtJTMAVOTa,0.972932,2.553427,1.471525
209400,a8nOeMljqGUUIxJGlQNUQULLNJnnrWFoPinG8lYLCMGRWa8O0hzmhvZtJTMAVOTa,0.498501,2.5952330000000003,1.329734
209700,a8nOeMljqGUUIxJGlQNUQULLNJnnrWFoPinG8lYLCMGRWa8O0hzmhvZtJTMAVOTa,0.9568200000000001,3.5586660000000006,1.5368700000000002
210000,a8nOeMljqGUUIxJGlQNUQULLNJnnrWFoPinG8lYLCMGRWa8O0hzmhvZtJTMAVOTa,0.6255649999999999,2.684645,1.304837
210300,a8nOeMljqGUUIxJGlQNUQULLNJnnrWFoPinG8lYLCMGRWa8O0hzmhvZtJTMAVOTa,0.9351940000000001,25.99527,4.110437
210600,a8nOeMljqGUUIxJGlQNUQULLNJnnrWFoPinG8lYLCMGRWa8O0hzmhvZtJTMAVOTa,0.970551,3.3976900000000003,1.510879
210900,a8nOeMljqGUUIxJGlQNUQULLNJnnrWFoPinG8lYLCMGRWa8O0hzmhvZtJTMAVOTa,0.9521299999999999,3.126548,1.592523
211200,a8nOeMljqGUUIxJGlQNUQULLNJnnrWFoPinG8lYLCMGRWa8O0hzmhvZtJTMAVOTa,0.932392,2.251276,1.4280700000000002
211500,a8nOeMljqGUUIxJGlQNUQULLNJnnrWFoPinG8lYLCMGRWa8O0hzmhvZtJTMAVOTa,0.940884,3.368086,1.609657
211800,a8nOeMljqGUUIxJGlQNUQULLNJnnrWFoPinG8lYLCMGRWa8O0hzmhvZtJTMAVOTa,0.978973,2.5217259999999997,1.4760209999999998
212100,a8nOeMljqGUUIxJGlQNUQULLNJnnrWFoPinG8lYLCMGRWa8O0hzmhvZtJTMAVOTa,0.9455309999999999,2.0738830000000004,1.390457
212400,a8nOeMljqGUUIxJGlQNUQULLNJnnrWFoPinG8lYLCMGRWa8O0hzmhvZtJTMAVOTa,0.89899,3.356841,1.447333
212700,a8nOeMljqGUUIxJGlQNUQULLNJnnrWFoPinG8lYLCMGRWa8O0hzmhvZtJTMAVOTa,0.494697,2.1880349999999997,1.259815
213000,a8nOeMljqGUUIxJGlQNUQULLNJnnrWFoPinG8lYLCMGRWa8O0hzmhvZtJTMAVOTa,0.693249,2.3336810000000003,1.307389
213300,a8nOeMljqGUUIxJGlQNUQULLNJnnrWFoPinG8lYLCMGRWa8O0hzmhvZtJTMAVOTa,0.9744149999999999,3.253012,1.455233
213600,a8nOeMljqGUUIxJGlQNUQULLNJnnrWFoPinG8lYLCMGRWa8O0hzmhvZtJTMAVOTa,0.615919,2.5901490000000003,1.389723
213900,a8nOeMljqGUUIxJGlQNUQULLNJnnrWFoPinG8lYLCMGRWa8O0hzmhvZtJTMAVOTa,1.0337450000000001,24.178010999999998,3.852364
214200,a8nOeMljqGUUIxJGlQNUQULLNJnnrWFoPinG8lYLCMGRWa8O0hzmhvZtJTMAVOTa,0.592328,3.175176,1.3958709999999999
214500,a8nOeMljqGUUIxJGlQNUQULLNJnnrWFoPinG8lYLCMGRWa8O0hzmhvZtJTMAVOTa,0.986483,2.092349,1.419218
214800,a8nOeMljqGUUIxJGlQNUQULLNJnnrWFoPinG8lYLCMGRWa8O0hzmhvZtJTMAVOTa,0.574236,2.012006,1.2972110000000001
215100,a8nOeMljqGUUIxJGlQNUQULLNJnnrWFoPinG8lYLCMGRWa8O0hzmhvZtJTMAVOTa,1.001069,3.313851,1.455928
215400,a8nOeMljqGUUIxJGlQNUQULLNJnnrWFoPinG8lYLCMGRWa8O0hzmhvZtJTMAVOTa,0.671367,2.535719,1.31918
215700,a8nOeMljqGUUIxJGlQNUQULLNJnnrWFoPinG8lYLCMGRWa8O0hzmhvZtJTMAVOTa,0.53271,2.0278549999999997,1.260994
216000,a8nOeMljqGUUIxJGlQNUQULLNJnnrWFoPinG8lYLCMGRWa8O0hzmhvZtJTMAVOTa,0.8870319999999999,3.3776370000000004,1.5030299999999999
216300,a8nOeMljqGUUIxJGlQNUQULLNJnnrWFoPinG8lYLCMGRWa8O0hzmhvZtJTMAVOTa,0.5920529999999999,2.078432,1.308689
216600,a8nOeMljqGUUIxJGlQNUQULLNJnnrWFoPinG8lYLCMGRWa8O0hzmhvZtJTMAVOTa,0.957184,2.352182,1.418703
216900,a8nOeMljqGUUIxJGlQNUQULLNJnnrWFoPinG8lYLCMGRWa8O0hzmhvZtJTMAVOTa,0.523884,3.4913879999999997,1.380783
217200,a8nOeMljqGUUIxJGlQNUQULLNJnnrWFoPinG8lYLCMGRWa8O0hzmhvZtJTMAVOTa,0.983549,2.4780189999999997,1.416336
217500,a8nOeMljqGUUIxJGlQNUQULLNJnnrWFoPinG8lYLCMGRWa8O0hzmhvZtJTMAVOTa,0.514421,26.073446,3.747686
217800,a8nOeMljqGUUIxJGlQNUQULLNJnnrWFoPinG8lYLCMGRWa8O0hzmhvZtJTMAVOTa,0.95325,3.5048790000000003,1.50423
218100,a8nOeMljqGUUIxJGlQNUQULLNJnnrWFoPinG8lYLCMGRWa8O0hzmhvZtJTMAVOTa,1.012314,2.7065080000000004,1.4870700000000001
218400,a8nOeMljqGUUIxJGlQNUQULLNJnnrWFoPinG8lYLCMGRWa8O0hzmhvZtJTMAVOTa,0.964408,2.170368,1.352817
218700,a8nOeMljqGUUIxJGlQNUQULLNJnnrWFoPinG8lYLCMGRWa8O0hzmhvZtJTMAVOTa,0.9993879999999999,3.278082,1.424676
219000,a8nOeMljqGUUIxJGlQNUQULLNJnnrWFoPinG8lYLCMGRWa8O0hzmhvZtJTMAVOTa,0.9422659999999999,2.377847,1.427802
219300,a8nOeMljqGUUIxJGlQNUQULLNJnnrWFoPinG8lYLCMGRWa8O0hzmhvZtJTMAVOTa,0.9794299999999999,2.266714,1.3745040000000002
219600,a8nOeMljqGUUIxJGlQNUQULLNJnnrWFoPinG8lYLCMGRWa8O0hzmhvZtJTMAVOTa,1.035685,14.428495999999999,3.4723330000000003
219900,a8nOeMljqGUUIxJGlQNUQULLNJnnrWFoPinG8lYLCMGRWa8O0hzmhvZtJTMAVOTa,0.9889190000000001,2.085311,1.417749
220200,a8nOeMljqGUUIxJGlQNUQULLNJnnrWFoPinG8lYLCMGRWa8O0hzmhvZtJTMAVOTa,0.9918040000000001,5.450455000000001,1.848697
220500,a8nOeMljqGUUIxJGlQNUQULLNJnnrWFoPinG8lYLCMGRWa8O0hzmhvZtJTMAVOTa,1.032568,29.051914,9.456522999999999
220800,a8nOeMljqGUUIxJGlQNUQULLNJnnrWFoPinG8lYLCMGRWa8O0hzmhvZtJTMAVOTa,0.547164,2.6107669999999996,1.37911
221100,a8nOeMljqGUUIxJGlQNUQULLNJnnrWFoPinG8lYLCMGRWa8O0hzmhvZtJTMAVOTa,0.536033,24.253325,3.8470230000000005
221400,a8nOeMljqGUUIxJGlQNUQULLNJnnrWFoPinG8lYLCMGRWa8O0hzmhvZtJTMAVOTa,1.032074,3.585889,1.547962
221700,a8nOeMljqGUUIxJGlQNUQULLNJnnrWFoPinG8lYLCMGRWa8O0hzmhvZtJTMAVOTa,0.876566,2.0233779999999997,1.4069120000000002
222000,a8nOeMljqGUUIxJGlQNUQULLNJnnrWFoPinG8lYLCMGRWa8O0hzmhvZtJTMAVOTa,1.042176,2.032596,1.425951
222300,a8nOeMljqGUUIxJGlQNUQULLNJnnrWFoPinG8lYLCMGRWa8O0hzmhvZtJTMAVOTa,0.947573,3.2380009999999997,1.51916
222600,a8nOeMljqGUUIxJGlQNUQULLNJnnrWFoPinG8lYLCMGRWa8O0hzmhvZtJTMAVOTa,1.003924,2.300697,1.499998
222900,a8nOeMljqGUUIxJGlQNUQULLNJnnrWFoPinG8lYLCMGRWa8O0hzmhvZtJTMAVOTa,0.930384,2.0138830000000003,1.367442
223200,a8nOeMljqGUUIxJGlQNUQULLNJnnrWFoPinG8lYLCMGRWa8O0hzmhvZtJTMAVOTa,0.992318,3.549436,1.534233
223500,a8nOeMljqGUUIxJGlQNUQULLNJnnrWFoPinG8lYLCMGRWa8O0hzmhvZtJTMAVOTa,1.032793,2.142183,1.41452
223800,a8nOeMljqGUUIxJGlQNUQULLNJnnrWFoPinG8lYLCMGRWa8O0hzmhvZtJTMAVOTa,0.708746,2.296939,1.38024
224100,a8nOeMljqGUUIxJGlQNUQULLNJnnrWFoPinG8lYLCMGRWa8O0hzmhvZtJTMAVOTa,0.9982540000000001,3.244871,1.535886
224400,a8nOeMljqGUUIxJGlQNUQULLNJnnrWFoPinG8lYLCMGRWa8O0hzmhvZtJTMAVOTa,0.6350600000000001,1.9763,1.407636
224700,a8nOeMljqGUUIxJGlQNUQULLNJnnrWFoPinG8lYLCMGRWa8O0hzmhvZtJTMAVOTa,1.02589,26.543564,3.944707
225000,a8nOeMljqGUUIxJGlQNUQULLNJnnrWFoPinG8lYLCMGRWa8O0hzmhvZtJTMAVOTa,0.949573,2.449862,1.585216
225300,a8nOeMljqGUUIxJGlQNUQULLNJnnrWFoPinG8lYLCMGRWa8O0hzmhvZtJTMAVOTa,1.027579,2.093074,1.392257
225600,a8nOeMljqGUUIxJGlQNUQULLNJnnrWFoPinG8lYLCMGRWa8O0hzmhvZtJTMAVOTa,0.610354,1.9263689999999998,1.315352
225900,a8nOeMljqGUUIxJGlQNUQULLNJnnrWFoPinG8lYLCMGRWa8O0hzmhvZtJTMAVOTa,0.9654950000000001,2.590909,1.5030569999999999
226200,a8nOeMljqGUUIxJGlQNUQULLNJnnrWFoPinG8lYLCMGRWa8O0hzmhvZtJTMAVOTa,0.979281,2.125268,1.427584
226500,a8nOeMljqGUUIxJGlQNUQULLNJnnrWFoPinG8lYLCMGRWa8O0hzmhvZtJTMAVOTa,0.837943,2.095032,1.420454
226800,a8nOeMljqGUUIxJGlQNUQULLNJnnrWFoPinG8lYLCMGRWa8O0hzmhvZtJTMAVOTa,1.019452,2.600877,1.517131
227100,a8nOeMljqGUUIxJGlQNUQULLNJnnrWFoPinG8lYLCMGRWa8O0hzmhvZtJTMAVOTa,0.617527,2.270162,1.332864
227400,a8nOeMljqGUUIxJGlQNUQULLNJnnrWFoPinG8lYLCMGRWa8O0hzmhvZtJTMAVOTa,1.058864,2.417359,1.488453
227700,a8nOeMljqGUUIxJGlQNUQULLNJnnrWFoPinG8lYLCMGRWa8O0hzmhvZtJTMAVOTa,0.658402,2.54756,1.572503
228000,a8nOeMljqGUUIxJGlQNUQULLNJnnrWFoPinG8lYLCMGRWa8O0hzmhvZtJTMAVOTa,0.987411,2.2079459999999997,1.3768209999999999
228300,a8nOeMljqGUUIxJGlQNUQULLNJnnrWFoPinG8lYLCMGRWa8O0hzmhvZtJTMAVOTa,0.916162,26.676333000000003,4.1133440000000006
228600,a8nOeMljqGUUIxJGlQNUQULLNJnnrWFoPinG8lYLCMGRWa8O0hzmhvZtJTMAVOTa,0.974823,2.635571,1.509466
228900,a8nOeMljqGUUIxJGlQNUQULLNJnnrWFoPinG8lYLCMGRWa8O0hzmhvZtJTMAVOTa,1.0002719999999998,1.768866,1.3481379999999998
229200,a8nOeMljqGUUIxJGlQNUQULLNJnnrWFoPinG8lYLCMGRWa8O0hzmhvZtJTMAVOTa,0.8943540000000001,2.0409450000000002,1.418415
229500,a8nOeMljqGUUIxJGlQNUQULLNJnnrWFoPinG8lYLCMGRWa8O0hzmhvZtJTMAVOTa,0.9619190000000001,2.520917,1.517344
229800,a8nOeMljqGUUIxJGlQNUQULLNJnnrWFoPinG8lYLCMGRWa8O0hzmhvZtJTMAVOTa,0.930313,1.9740400000000002,1.321633
230100,a8nOeMljqGUUIxJGlQNUQULLNJnnrWFoPinG8lYLCMGRWa8O0hzmhvZtJTMAVOTa,0.946858,2.061297,1.484615
230400,a8nOeMljqGUUIxJGlQNUQULLNJnnrWFoPinG8lYLCMGRWa8O0hzmhvZtJTMAVOTa,0.803417,2.468012,1.454126
230700,a8nOeMljqGUUIxJGlQNUQULLNJnnrWFoPinG8lYLCMGRWa8O0hzmhvZtJTMAVOTa,1.0518450000000001,1.949191,1.350317
231000,a8nOeMljqGUUIxJGlQNUQULLNJnnrWFoPinG8lYLCMGRWa8O0hzmhvZtJTMAVOTa,0.9090290000000001,2.3753279999999997,1.4534200000000002
231300,a8nOeMljqGUUIxJGlQNUQULLNJnnrWFoPinG8lYLCMGRWa8O0hzmhvZtJTMAVOTa,1.0470620000000002,2.542558,1.577559
231600,a8nOeMljqGUUIxJGlQNUQULLNJnnrWFoPinG8lYLCMGRWa8O0hzmhvZtJTMAVOTa,0.972882,1.861663,1.268967
231900,a8nOeMljqGUUIxJGlQNUQULLNJnnrWFoPinG8lYLCMGRWa8O0hzmhvZtJTMAVOTa,0.718236,17.527720000000002,3.021257
232200,a8nOeMljqGUUIxJGlQNUQULLNJnnrWFoPinG8lYLCMGRWa8O0hzmhvZtJTMAVOTa,1.000824,2.6331740000000003,1.546022
232500,a8nOeMljqGUUIxJGlQNUQULLNJnnrWFoPinG8lYLCMGRWa8O0hzmhvZtJTMAVOTa,0.689695,2.047082,1.328283
232800,a8nOeMljqGUUIxJGlQNUQULLNJnnrWFoPinG8lYLCMGRWa8O0hzmhvZtJTMAVOTa,1.006472,1.992207,1.4643700000000002
233100,a8nOeMljqGUUIxJGlQNUQULLNJnnrWFoPinG8lYLCMGRWa8O0hzmhvZtJTMAVOTa,0.848485,2.4741470000000003,1.4645860000000002
233400,a8nOeMljqGUUIxJGlQNUQULLNJnnrWFoPinG8lYLCMGRWa8O0hzmhvZtJTMAVOTa,1.0963559999999999,2.032314,1.4086530000000002
233700,a8nOeMljqGUUIxJGlQNUQULLNJnnrWFoPinG8lYLCMGRWa8O0hzmhvZtJTMAVOTa,0.9709040000000001,2.283667,1.578182
234000,a8nOeMljqGUUIxJGlQNUQULLNJnnrWFoPinG8lYLCMGRWa8O0hzmhvZtJTMAVOTa,1.020298,2.463788,1.551709
234300,a8nOeMljqGUUIxJGlQNUQULLNJnnrWFoPinG8lYLCMGRWa8O0hzmhvZtJTMAVOTa,1.030606,2.2389349999999997,1.387462
234600,a8nOeMljqGUUIxJGlQNUQULLNJnnrWFoPinG8lYLCMGRWa8O0hzmhvZtJTMAVOTa,1.002991,2.371569,1.552281
234900,a8nOeMljqGUUIxJGlQNUQULLNJnnrWFoPinG8lYLCMGRWa8O0hzmhvZtJTMAVOTa,1.002707,2.521472,1.488414
235200,a8nOeMljqGUUIxJGlQNUQULLNJnnrWFoPinG8lYLCMGRWa8O0hzmhvZtJTMAVOTa,0.6503680000000001,2.085613,1.259724
235500,a8nOeMljqGUUIxJGlQNUQULLNJnnrWFoPinG8lYLCMGRWa8O0hzmhvZtJTMAVOTa,1.062095,26.705222999999997,3.9985410000000003
235800,a8nOeMljqGUUIxJGlQNUQULLNJnnrWFoPinG8lYLCMGRWa8O0hzmhvZtJTMAVOTa,0.618202,2.474195,1.435158
236100,a8nOeMljqGUUIxJGlQNUQULLNJnnrWFoPinG8lYLCMGRWa8O0hzmhvZtJTMAVOTa,1.016449,1.941282,1.358433
236400,a8nOeMljqGUUIxJGlQNUQULLNJnnrWFoPinG8lYLCMGRWa8O0hzmhvZtJTMAVOTa,0.533158,1.991314,1.413879
236700,a8nOeMljqGUUIxJGlQNUQULLNJnnrWFoPinG8lYLCMGRWa8O0hzmhvZtJTMAVOTa,0.973391,2.457789,1.515736
237000,a8nOeMljqGUUIxJGlQNUQULLNJnnrWFoPinG8lYLCMGRWa8O0hzmhvZtJTMAVOTa,0.570127,2.063413,1.305579
237300,a8nOeMljqGUUIxJGlQNUQULLNJnnrWFoPinG8lYLCMGRWa8O0hzmhvZtJTMAVOTa,1.013009,2.0643599999999998,1.4334200000000001
237600,a8nOeMljqGUUIxJGlQNUQULLNJnnrWFoPinG8lYLCMGRWa8O0hzmhvZtJTMAVOTa,0.615645,2.403727,1.3819059999999999
237900,a8nOeMljqGUUIxJGlQNUQULLNJnnrWFoPinG8lYLCMGRWa8O0hzmhvZtJTMAVOTa,0.710756,1.954609,1.266804
238200,a8nOeMljqGUUIxJGlQNUQULLNJnnrWFoPinG8lYLCMGRWa8O0hzmhvZtJTMAVOTa,0.994029,2.361718,1.495104
238500,a8nOeMljqGUUIxJGlQNUQULLNJnnrWFoPinG8lYLCMGRWa8O0hzmhvZtJTMAVOTa,0.8078489999999999,2.359204,1.418207
238800,a8nOeMljqGUUIxJGlQNUQULLNJnnrWFoPinG8lYLCMGRWa8O0hzmhvZtJTMAVOTa,0.9891040000000001,1.9525740000000003,1.355792
239100,a8nOeMljqGUUIxJGlQNUQULLNJnnrWFoPinG8lYLCMGRWa8O0hzmhvZtJTMAVOTa,0.596518,26.716003000000004,4.6543980000000005
239400,a8nOeMljqGUUIxJGlQNUQULLNJnnrWFoPinG8lYLCMGRWa8O0hzmhvZtJTMAVOTa,0.974331,2.572833,1.483614
239700,a8nOeMljqGUUIxJGlQNUQULLNJnnrWFoPinG8lYLCMGRWa8O0hzmhvZtJTMAVOTa,1.0117459999999998,2.4291110000000002,1.45517
240000,a8nOeMljqGUUIxJGlQNUQULLNJnnrWFoPinG8lYLCMGRWa8O0hzmhvZtJTMAVOTa,1.001944,2.023768,1.471961
240300,a8nOeMljqGUUIxJGlQNUQULLNJnnrWFoPinG8lYLCMGRWa8O0hzmhvZtJTMAVOTa,0.7571,2.322295,1.449804
240600,a8nOeMljqGUUIxJGlQNUQULLNJnnrWFoPinG8lYLCMGRWa8O0hzmhvZtJTMAVOTa,0.531381,1.9513150000000001,1.2810059999999999
240900,a8nOeMljqGUUIxJGlQNUQULLNJnnrWFoPinG8lYLCMGRWa8O0hzmhvZtJTMAVOTa,1.058354,2.0429049999999997,1.4579280000000001
241200,a8nOeMljqGUUIxJGlQNUQULLNJnnrWFoPinG8lYLCMGRWa8O0hzmhvZtJTMAVOTa,0.644526,2.3955830000000002,1.468123
241500,a8nOeMljqGUUIxJGlQNUQULLNJnnrWFoPinG8lYLCMGRWa8O0hzmhvZtJTMAVOTa,1.096479,2.003305,1.399701
241800,a8nOeMljqGUUIxJGlQNUQULLNJnnrWFoPinG8lYLCMGRWa8O0hzmhvZtJTMAVOTa,0.648025,2.2433330000000002,1.507198
242100,a8nOeMljqGUUIxJGlQNUQULLNJnnrWFoPinG8lYLCMGRWa8O0hzmhvZtJTMAVOTa,1.02839,2.347854,1.483385
242400,a8nOeMljqGUUIxJGlQNUQULLNJnnrWFoPinG8lYLCMGRWa8O0hzmhvZtJTMAVOTa,0.534641,1.866682,1.276812
242700,a8nOeMljqGUUIxJGlQNUQULLNJnnrWFoPinG8lYLCMGRWa8O0hzmhvZtJTMAVOTa,1.068765,16.389784,2.9633990000000003
243000,a8nOeMljqGUUIxJGlQNUQULLNJnnrWFoPinG8lYLCMGRWa8O0hzmhvZtJTMAVOTa,0.634133,2.4255299999999997,1.4462979999999999
243300,a8nOeMljqGUUIxJGlQNUQULLNJnnrWFoPinG8lYLCMGRWa8O0hzmhvZtJTMAVOTa,0.646334,2.196936,1.2860209999999999
243600,a8nOeMljqGUUIxJGlQNUQULLNJnnrWFoPinG8lYLCMGRWa8O0hzmhvZtJTMAVOTa,1.058035,2.611758,1.47394
243900,a8nOeMljqGUUIxJGlQNUQULLNJnnrWFoPinG8lYLCMGRWa8O0hzmhvZtJTMAVOTa,0.829158,2.478389,1.439632
244200,a8nOeMljqGUUIxJGlQNUQULLNJnnrWFoPinG8lYLCMGRWa8O0hzmhvZtJTMAVOTa,1.048897,2.0363900000000004,1.379423
244500,a8nOeMljqGUUIxJGlQNUQULLNJnnrWFoPinG8lYLCMGRWa8O0hzmhvZtJTMAVOTa,1.077784,2.374693,1.481515
244800,a8nOeMljqGUUIxJGlQNUQULLNJnnrWFoPinG8lYLCMGRWa8O0hzmhvZtJTMAVOTa,1.0483930000000001,2.667951,1.529012
245100,a8nOeMljqGUUIxJGlQNUQULLNJnnrWFoPinG8lYLCMGRWa8O0hzmhvZtJTMAVOTa,1.045269,2.059689,1.381
245400,a8nOeMljqGUUIxJGlQNUQULLNJnnrWFoPinG8lYLCMGRWa8O0hzmhvZtJTMAVOTa,1.0632139999999999,2.666912,1.496081
245700,a8nOeMljqGUUIxJGlQNUQULLNJnnrWFoPinG8lYLCMGRWa8O0hzmhvZtJTMAVOTa,1.070958,2.436696,1.576319
246000,a8nOeMljqGUUIxJGlQNUQULLNJnnrWFoPinG8lYLCMGRWa8O0hzmhvZtJTMAVOTa,1.06249,2.309756,1.429431
246300,a8nOeMljqGUUIxJGlQNUQULLNJnnrWFoPinG8lYLCMGRWa8O0hzmhvZtJTMAVOTa,1.124699,2.297827,1.525166
246600,a8nOeMljqGUUIxJGlQNUQULLNJnnrWFoPinG8lYLCMGRWa8O0hzmhvZtJTMAVOTa,0.557801,26.342778999999997,3.942482
246900,a8nOeMljqGUUIxJGlQNUQULLNJnnrWFoPinG8lYLCMGRWa8O0hzmhvZtJTMAVOTa,1.0791,1.9051169999999997,1.411982
247200,a8nOeMljqGUUIxJGlQNUQULLNJnnrWFoPinG8lYLCMGRWa8O0hzmhvZtJTMAVOTa,0.549499,2.381571,1.473546
247500,a8nOeMljqGUUIxJGlQNUQULLNJnnrWFoPinG8lYLCMGRWa8O0hzmhvZtJTMAVOTa,1.091579,2.388361,1.531679
247800,a8nOeMljqGUUIxJGlQNUQULLNJnnrWFoPinG8lYLCMGRWa8O0hzmhvZtJTMAVOTa,1.073292,1.736825,1.382454
248100,a8nOeMljqGUUIxJGlQNUQULLNJnnrWFoPinG8lYLCMGRWa8O0hzmhvZtJTMAVOTa,1.076114,2.125258,1.467219
248400,a8nOeMljqGUUIxJGlQNUQULLNJnnrWFoPinG8lYLCMGRWa8O0hzmhvZtJTMAVOTa,1.040383,2.180311,1.527158
248700,a8nOeMljqGUUIxJGlQNUQULLNJnnrWFoPinG8lYLCMGRWa8O0hzmhvZtJTMAVOTa,0.91669,2.005316,1.306142
249000,a8nOeMljqGUUIxJGlQNUQULLNJnnrWFoPinG8lYLCMGRWa8O0hzmhvZtJTMAVOTa,1.101061,2.574399,1.5524639999999998
249300,a8nOeMljqGUUIxJGlQNUQULLNJnnrWFoPinG8lYLCMGRWa8O0hzmhvZtJTMAVOTa,1.213495,39.830104,7.185657000000001
249600,a8nOeMljqGUUIxJGlQNUQULLNJnnrWFoPinG8lYLCMGRWa8O0hzmhvZtJTMAVOTa,1.04504,2.170874,1.526392
249900,a8nOeMljqGUUIxJGlQNUQULLNJnnrWFoPinG8lYLCMGRWa8O0hzmhvZtJTMAVOTa,0.9149649999999999,2.575326,1.491358
250200,a8nOeMljqGUUIxJGlQNUQULLNJnnrWFoPinG8lYLCMGRWa8O0hzmhvZtJTMAVOTa,1.0246,27.045196999999998,4.026872
250500,a8nOeMljqGUUIxJGlQNUQULLNJnnrWFoPinG8lYLCMGRWa8O0hzmhvZtJTMAVOTa,1.0604770000000001,1.9018580000000003,1.414174
250800,a8nOeMljqGUUIxJGlQNUQULLNJnnrWFoPinG8lYLCMGRWa8O0hzmhvZtJTMAVOTa,1.003105,2.504738,1.433741
251100,a8nOeMljqGUUIxJGlQNUQULLNJnnrWFoPinG8lYLCMGRWa8O0hzmhvZtJTMAVOTa,1.072119,2.108963,1.497352
251400,a8nOeMljqGUUIxJGlQNUQULLNJnnrWFoPinG8lYLCMGRWa8O0hzmhvZtJTMAVOTa,1.072897,2.019243,1.399537
251700,a8nOeMljqGUUIxJGlQNUQULLNJnnrWFoPinG8lYLCMGRWa8O0hzmhvZtJTMAVOTa,1.060134,2.375151,1.437685
252000,a8nOeMljqGUUIxJGlQNUQULLNJnnrWFoPinG8lYLCMGRWa8O0hzmhvZtJTMAVOTa,0.628117,2.146909,1.464418
252300,a8nOeMljqGUUIxJGlQNUQULLNJnnrWFoPinG8lYLCMGRWa8O0hzmhvZtJTMAVOTa,0.999599,1.9674740000000002,1.313526
252600,a8nOeMljqGUUIxJGlQNUQULLNJnnrWFoPinG8lYLCMGRWa8O0hzmhvZtJTMAVOTa,0.615862,2.479942,1.405507
252900,a8nOeMljqGUUIxJGlQNUQULLNJnnrWFoPinG8lYLCMGRWa8O0hzmhvZtJTMAVOTa,1.053525,2.400894,1.530418
253200,a8nOeMljqGUUIxJGlQNUQULLNJnnrWFoPinG8lYLCMGRWa8O0hzmhvZtJTMAVOTa,1.03345,1.875507,1.3548360000000002
253500,a8nOeMljqGUUIxJGlQNUQULLNJnnrWFoPinG8lYLCMGRWa8O0hzmhvZtJTMAVOTa,1.070734,2.558696,1.446024
253800,a8nOeMljqGUUIxJGlQNUQULLNJnnrWFoPinG8lYLCMGRWa8O0hzmhvZtJTMAVOTa,1.093364,73.724212,9.722783999999999
254100,a8nOeMljqGUUIxJGlQNUQULLNJnnrWFoPinG8lYLCMGRWa8O0hzmhvZtJTMAVOTa,0.63307,2.008903,1.301639
254400,a8nOeMljqGUUIxJGlQNUQULLNJnnrWFoPinG8lYLCMGRWa8O0hzmhvZtJTMAVOTa,1.071381,2.470469,1.4672129999999999
254700,a8nOeMljqGUUIxJGlQNUQULLNJnnrWFoPinG8lYLCMGRWa8O0hzmhvZtJTMAVOTa,0.53477,2.0703400000000003,1.451592
255000,a8nOeMljqGUUIxJGlQNUQULLNJnnrWFoPinG8lYLCMGRWa8O0hzmhvZtJTMAVOTa,1.087853,1.9878770000000001,1.3719700000000001
255300,a8nOeMljqGUUIxJGlQNUQULLNJnnrWFoPinG8lYLCMGRWa8O0hzmhvZtJTMAVOTa,0.759587,2.4138509999999997,1.3896950000000001
255600,a8nOeMljqGUUIxJGlQNUQULLNJnnrWFoPinG8lYLCMGRWa8O0hzmhvZtJTMAVOTa,1.128107,2.060596,1.516736
255900,a8nOeMljqGUUIxJGlQNUQULLNJnnrWFoPinG8lYLCMGRWa8O0hzmhvZtJTMAVOTa,0.626339,2.044145,1.3204870000000002
256200,a8nOeMljqGUUIxJGlQNUQULLNJnnrWFoPinG8lYLCMGRWa8O0hzmhvZtJTMAVOTa,1.0612549999999998,2.685172,1.4848370000000002
256500,a8nOeMljqGUUIxJGlQNUQULLNJnnrWFoPinG8lYLCMGRWa8O0hzmhvZtJTMAVOTa,0.597104,2.1365279999999998,1.393311
256800,a8nOeMljqGUUIxJGlQNUQULLNJnnrWFoPinG8lYLCMGRWa8O0hzmhvZtJTMAVOTa,1.0180360000000002,2.039837,1.451619
257100,a8nOeMljqGUUIxJGlQNUQULLNJnnrWFoPinG8lYLCMGRWa8O0hzmhvZtJTMAVOTa,0.981348,2.5042709999999997,1.445799
257400,a8nOeMljqGUUIxJGlQNUQULLNJnnrWFoPinG8lYLCMGRWa8O0hzmhvZtJTMAVOTa,0.896117,26.904838,3.9456599999999997
257700,a8nOeMljqGUUIxJGlQNUQULLNJnnrWFoPinG8lYLCMGRWa8O0hzmhvZtJTMAVOTa,1.069334,2.069689,1.362048
258000,a8nOeMljqGUUIxJGlQNUQULLNJnnrWFoPinG8lYLCMGRWa8O0hzmhvZtJTMAVOTa,0.8451049999999999,2.424841,1.40231
258300,a8nOeMljqGUUIxJGlQNUQULLNJnnrWFoPinG8lYLCMGRWa8O0hzmhvZtJTMAVOTa,1.042394,2.070203,1.465748
258600,a8nOeMljqGUUIxJGlQNUQULLNJnnrWFoPinG8lYLCMGRWa8O0hzmhvZtJTMAVOTa,0.946255,1.9934049999999999,1.421789
258900,a8nOeMljqGUUIxJGlQNUQULLNJnnrWFoPinG8lYLCMGRWa8O0hzmhvZtJTMAVOTa,1.030491,2.633836,1.456394
259200,a8nOeMljqGUUIxJGlQNUQULLNJnnrWFoPinG8lYLCMGRWa8O0hzmhvZtJTMAVOTa,0.694164,2.31733,1.440882
259500,a8nOeMljqGUUIxJGlQNUQULLNJnnrWFoPinG8lYLCMGRWa8O0hzmhvZtJTMAVOTa,0.47293599999999997,1.9128560000000001,1.266916
259800,a8nOeMljqGUUIxJGlQNUQULLNJnnrWFoPinG8lYLCMGRWa8O0hzmhvZtJTMAVOTa,1.055943,2.462694,1.4886709999999999
260100,a8nOeMljqGUUIxJGlQNUQULLNJnnrWFoPinG8lYLCMGRWa8O0hzmhvZtJTMAVOTa,0.872647,2.221062,1.508896
260400,a8nOeMljqGUUIxJGlQNUQULLNJnnrWFoPinG8lYLCMGRWa8O0hzmhvZtJTMAVOTa,1.05704,1.979266,1.371766
260700,a8nOeMljqGUUIxJGlQNUQULLNJnnrWFoPinG8lYLCMGRWa8O0hzmhvZtJTMAVOTa,0.5932109999999999,2.3738099999999998,1.381759
261000,a8nOeMljqGUUIxJGlQNUQULLNJnnrWFoPinG8lYLCMGRWa8O0hzmhvZtJTMAVOTa,1.0375889999999999,26.949157,3.999836
261300,a8nOeMljqGUUIxJGlQNUQULLNJnnrWFoPinG8lYLCMGRWa8O0hzmhvZtJTMAVOTa,1.06586,1.893773,1.4063729999999999
261600,a8nOeMljqGUUIxJGlQNUQULLNJnnrWFoPinG8lYLCMGRWa8O0hzmhvZtJTMAVOTa,1.014418,2.457906,1.445103
261900,a8nOeMljqGUUIxJGlQNUQULLNJnnrWFoPinG8lYLCMGRWa8O0hzmhvZtJTMAVOTa,1.001226,2.221761,1.492521
262200,a8nOeMljqGUUIxJGlQNUQULLNJnnrWFoPinG8lYLCMGRWa8O0hzmhvZtJTMAVOTa,1.0438889999999998,2.217803,1.4090799999999999
262500,a8nOeMljqGUUIxJGlQNUQULLNJnnrWFoPinG8lYLCMGRWa8O0hzmhvZtJTMAVOTa,1.0123950000000002,2.544,1.416077
262800,a8nOeMljqGUUIxJGlQNUQULLNJnnrWFoPinG8lYLCMGRWa8O0hzmhvZtJTMAVOTa,1.1001370000000001,20.014466,3.520031
263100,a8nOeMljqGUUIxJGlQNUQULLNJnnrWFoPinG8lYLCMGRWa8O0hzmhvZtJTMAVOTa,1.073044,1.947746,1.3816979999999999
263400,a8nOeMljqGUUIxJGlQNUQULLNJnnrWFoPinG8lYLCMGRWa8O0hzmhvZtJTMAVOTa,1.069966,4.604903,1.8185959999999999
263700,a8nOeMljqGUUIxJGlQNUQULLNJnnrWFoPinG8lYLCMGRWa8O0hzmhvZtJTMAVOTa,1.079061,2.312569,1.517461
264000,a8nOeMljqGUUIxJGlQNUQULLNJnnrWFoPinG8lYLCMGRWa8O0hzmhvZtJTMAVOTa,0.60493,1.8862150000000002,1.315949
264300,a8nOeMljqGUUIxJGlQNUQULLNJnnrWFoPinG8lYLCMGRWa8O0hzmhvZtJTMAVOTa,1.018354,2.593287,1.468732
264600,a8nOeMljqGUUIxJGlQNUQULLNJnnrWFoPinG8lYLCMGRWa8O0hzmhvZtJTMAVOTa,0.554165,17.816774,3.9851080000000003
264900,a8nOeMljqGUUIxJGlQNUQULLNJnnrWFoPinG8lYLCMGRWa8O0hzmhvZtJTMAVOTa,0.6529590000000001,1.99299,1.276117
265200,a8nOeMljqGUUIxJGlQNUQULLNJnnrWFoPinG8lYLCMGRWa8O0hzmhvZtJTMAVOTa,1.016155,2.605108,1.4500469999999999
265500,a8nOeMljqGUUIxJGlQNUQULLNJnnrWFoPinG8lYLCMGRWa8O0hzmhvZtJTMAVOTa,0.519622,2.311429,1.450605
265800,a8nOeMljqGUUIxJGlQNUQULLNJnnrWFoPinG8lYLCMGRWa8O0hzmhvZtJTMAVOTa,1.03515,1.995832,1.3799270000000001
266100,a8nOeMljqGUUIxJGlQNUQULLNJnnrWFoPinG8lYLCMGRWa8O0hzmhvZtJTMAVOTa,0.455795,2.674618,1.3933520000000001
266400,a8nOeMljqGUUIxJGlQNUQULLNJnnrWFoPinG8lYLCMGRWa8O0hzmhvZtJTMAVOTa,0.9983860000000001,2.2818509999999996,1.4639469999999999
266700,a8nOeMljqGUUIxJGlQNUQULLNJnnrWFoPinG8lYLCMGRWa8O0hzmhvZtJTMAVOTa,1.031109,1.9499369999999998,1.353434
267000,a8nOeMljqGUUIxJGlQNUQULLNJnnrWFoPinG8lYLCMGRWa8O0hzmhvZtJTMAVOTa,1.0347680000000001,2.536259,1.44282
267300,a8nOeMljqGUUIxJGlQNUQULLNJnnrWFoPinG8lYLCMGRWa8O0hzmhvZtJTMAVOTa,1.054183,2.338859,1.508314
267600,a8nOeMljqGUUIxJGlQNUQULLNJnnrWFoPinG8lYLCMGRWa8O0hzmhvZtJTMAVOTa,1.044466,1.9259700000000002,1.398937
267900,a8nOeMljqGUUIxJGlQNUQULLNJnnrWFoPinG8lYLCMGRWa8O0hzmhvZtJTMAVOTa,1.049318,2.422621,1.446776
268200,a8nOeMljqGUUIxJGlQNUQULLNJnnrWFoPinG8lYLCMGRWa8O0hzmhvZtJTMAVOTa,0.8371190000000001,25.986636999999998,3.960869
268500,a8nOeMljqGUUIxJGlQNUQULLNJnnrWFoPinG8lYLCMGRWa8O0hzmhvZtJTMAVOTa,1.047572,1.8951240000000003,1.3549209999999998
268800,a8nOeMljqGUUIxJGlQNUQULLNJnnrWFoPinG8lYLCMGRWa8O0hzmhvZtJTMAVOTa,0.8578520000000001,2.420372,1.440179
269100,a8nOeMljqGUUIxJGlQNUQULLNJnnrWFoPinG8lYLCMGRWa8O0hzmhvZtJTMAVOTa,1.063224,2.275825,1.474181
269400,a8nOeMljqGUUIxJGlQNUQULLNJnnrWFoPinG8lYLCMGRWa8O0hzmhvZtJTMAVOTa,1.025787,1.8637549999999998,1.340078
269700,a8nOeMljqGUUIxJGlQNUQULLNJnnrWFoPinG8lYLCMGRWa8O0hzmhvZtJTMAVOTa,0.986683,2.423387,1.411658
270000,a8nOeMljqGUUIxJGlQNUQULLNJnnrWFoPinG8lYLCMGRWa8O0hzmhvZtJTMAVOTa,0.7997340000000001,2.3834779999999998,1.430742
270300,a8nOeMljqGUUIxJGlQNUQULLNJnnrWFoPinG8lYLCMGRWa8O0hzmhvZtJTMAVOTa,1.0426790000000001,1.8088119999999999,1.333214
270600,a8nOeMljqGUUIxJGlQNUQULLNJnnrWFoPinG8lYLCMGRWa8O0hzmhvZtJTMAVOTa,1.037592,2.688418,1.578447
270900,a8nOeMljqGUUIxJGlQNUQULLNJnnrWFoPinG8lYLCMGRWa8O0hzmhvZtJTMAVOTa,0.9380200000000001,2.372825,1.6015
271200,a8nOeMljqGUUIxJGlQNUQULLNJnnrWFoPinG8lYLCMGRWa8O0hzmhvZtJTMAVOTa,0.9910889999999999,10.85858,2.742245
271500,a8nOeMljqGUUIxJGlQNUQULLNJnnrWFoPinG8lYLCMGRWa8O0hzmhvZtJTMAVOTa,1.118963,11.677767,2.797981
271800,a8nOeMljqGUUIxJGlQNUQULLNJnnrWFoPinG8lYLCMGRWa8O0hzmhvZtJTMAVOTa,1.226346,26.611682000000002,4.101578
272100,a8nOeMljqGUUIxJGlQNUQULLNJnnrWFoPinG8lYLCMGRWa8O0hzmhvZtJTMAVOTa,0.9614950000000001,1.904563,1.425271
272400,a8nOeMljqGUUIxJGlQNUQULLNJnnrWFoPinG8lYLCMGRWa8O0hzmhvZtJTMAVOTa,1.046001,2.57705,1.490327
272700,a8nOeMljqGUUIxJGlQNUQULLNJnnrWFoPinG8lYLCMGRWa8O0hzmhvZtJTMAVOTa,0.793273,2.262483,1.274246
273000,a8nOeMljqGUUIxJGlQNUQULLNJnnrWFoPinG8lYLCMGRWa8O0hzmhvZtJTMAVOTa,0.8074859999999999,1.796513,1.324603
273300,a8nOeMljqGUUIxJGlQNUQULLNJnnrWFoPinG8lYLCMGRWa8O0hzmhvZtJTMAVOTa,1.0072219999999998,2.4801900000000003,1.408518
273600,a8nOeMljqGUUIxJGlQNUQULLNJnnrWFoPinG8lYLCMGRWa8O0hzmhvZtJTMAVOTa,0.807923,2.345573,1.364557
273900,a8nOeMljqGUUIxJGlQNUQULLNJnnrWFoPinG8lYLCMGRWa8O0hzmhvZtJTMAVOTa,1.050565,2.3273650000000004,1.399627
274200,a8nOeMljqGUUIxJGlQNUQULLNJnnrWFoPinG8lYLCMGRWa8O0hzmhvZtJTMAVOTa,0.8426459999999999,2.334311,1.410318
274500,a8nOeMljqGUUIxJGlQNUQULLNJnnrWFoPinG8lYLCMGRWa8O0hzmhvZtJTMAVOTa,1.041058,2.217379,1.40393
274800,a8nOeMljqGUUIxJGlQNUQULLNJnnrWFoPinG8lYLCMGRWa8O0hzmhvZtJTMAVOTa,1.020326,5.328766000000001,1.840514
275100,a8nOeMljqGUUIxJGlQNUQULLNJnnrWFoPinG8lYLCMGRWa8O0hzmhvZtJTMAVOTa,1.0342200000000001,2.361231,1.493205
275400,a8nOeMljqGUUIxJGlQNUQULLNJnnrWFoPinG8lYLCMGRWa8O0hzmhvZtJTMAVOTa,1.065882,20.381172,4.019923
275700,a8nOeMljqGUUIxJGlQNUQULLNJnnrWFoPinG8lYLCMGRWa8O0hzmhvZtJTMAVOTa,1.052023,2.461346,1.3872120000000001
276000,a8nOeMljqGUUIxJGlQNUQULLNJnnrWFoPinG8lYLCMGRWa8O0hzmhvZtJTMAVOTa,1.048547,2.386398,1.423818
276300,a8nOeMljqGUUIxJGlQNUQULLNJnnrWFoPinG8lYLCMGRWa8O0hzmhvZtJTMAVOTa,1.04582,2.254057,1.5240639999999999
276600,a8nOeMljqGUUIxJGlQNUQULLNJnnrWFoPinG8lYLCMGRWa8O0hzmhvZtJTMAVOTa,1.068842,2.401942,1.443349
276900,a8nOeMljqGUUIxJGlQNUQULLNJnnrWFoPinG8lYLCMGRWa8O0hzmhvZtJTMAVOTa,1.037795,2.5391220000000003,1.5496940000000001
277200,a8nOeMljqGUUIxJGlQNUQULLNJnnrWFoPinG8lYLCMGRWa8O0hzmhvZtJTMAVOTa,1.031405,2.409185,1.4286860000000001
277500,a8nOeMljqGUUIxJGlQNUQULLNJnnrWFoPinG8lYLCMGRWa8O0hzmhvZtJTMAVOTa,1.026074,2.3975049999999998,1.412621
277800,a8nOeMljqGUUIxJGlQNUQULLNJnnrWFoPinG8lYLCMGRWa8O0hzmhvZtJTMAVOTa,1.036489,2.3184720000000003,1.468896
278100,a8nOeMljqGUUIxJGlQNUQULLNJnnrWFoPinG8lYLCMGRWa8O0hzmhvZtJTMAVOTa,1.043169,39.273173,8.947213
278400,a8nOeMljqGUUIxJGlQNUQULLNJnnrWFoPinG8lYLCMGRWa8O0hzmhvZtJTMAVOTa,1.082846,3.492517,1.6850439999999998
278700,a8nOeMljqGUUIxJGlQNUQULLNJnnrWFoPinG8lYLCMGRWa8O0hzmhvZtJTMAVOTa,1.090429,2.5918900000000002,1.492033
279000,a8nOeMljqGUUIxJGlQNUQULLNJnnrWFoPinG8lYLCMGRWa8O0hzmhvZtJTMAVOTa,1.124916,26.332078999999997,3.9530190000000003
279300,a8nOeMljqGUUIxJGlQNUQULLNJnnrWFoPinG8lYLCMGRWa8O0hzmhvZtJTMAVOTa,1.079332,2.4182770000000002,1.4801090000000001
279600,a8nOeMljqGUUIxJGlQNUQULLNJnnrWFoPinG8lYLCMGRWa8O0hzmhvZtJTMAVOTa,1.111595,2.372523,1.4844030000000001
279900,a8nOeMljqGUUIxJGlQNUQULLNJnnrWFoPinG8lYLCMGRWa8O0hzmhvZtJTMAVOTa,1.088578,2.320582,1.481056
280200,a8nOeMljqGUUIxJGlQNUQULLNJnnrWFoPinG8lYLCMGRWa8O0hzmhvZtJTMAVOTa,1.073045,2.360632,1.54701
280500,a8nOeMljqGUUIxJGlQNUQULLNJnnrWFoPinG8lYLCMGRWa8O0hzmhvZtJTMAVOTa,1.115761,2.366391,1.467254
280800,a8nOeMljqGUUIxJGlQNUQULLNJnnrWFoPinG8lYLCMGRWa8O0hzmhvZtJTMAVOTa,1.0948360000000001,2.278032,1.4415870000000002
281100,a8nOeMljqGUUIxJGlQNUQULLNJnnrWFoPinG8lYLCMGRWa8O0hzmhvZtJTMAVOTa,1.059761,2.858767,1.5777889999999999
281400,a8nOeMljqGUUIxJGlQNUQULLNJnnrWFoPinG8lYLCMGRWa8O0hzmhvZtJTMAVOTa,0.992548,2.4039349999999997,1.446624
281700,a8nOeMljqGUUIxJGlQNUQULLNJnnrWFoPinG8lYLCMGRWa8O0hzmhvZtJTMAVOTa,0.92847,2.252806,1.3658190000000001
282000,a8nOeMljqGUUIxJGlQNUQULLNJnnrWFoPinG8lYLCMGRWa8O0hzmhvZtJTMAVOTa,1.022744,2.395022,1.401462
282300,a8nOeMljqGUUIxJGlQNUQULLNJnnrWFoPinG8lYLCMGRWa8O0hzmhvZtJTMAVOTa,1.063275,2.480944,1.502143
282600,a8nOeMljqGUUIxJGlQNUQULLNJnnrWFoPinG8lYLCMGRWa8O0hzmhvZtJTMAVOTa,1.054348,26.059762,3.903175
282900,a8nOeMljqGUUIxJGlQNUQULLNJnnrWFoPinG8lYLCMGRWa8O0hzmhvZtJTMAVOTa,1.02292,2.313704,1.485717
283200,a8nOeMljqGUUIxJGlQNUQULLNJnnrWFoPinG8lYLCMGRWa8O0hzmhvZtJTMAVOTa,1.057975,2.435565,1.4326379999999999
283500,a8nOeMljqGUUIxJGlQNUQULLNJnnrWFoPinG8lYLCMGRWa8O0hzmhvZtJTMAVOTa,1.073465,1.9211310000000001,1.364223
283800,a8nOeMljqGUUIxJGlQNUQULLNJnnrWFoPinG8lYLCMGRWa8O0hzmhvZtJTMAVOTa,1.033208,2.417809,1.436502
284100,a8nOeMljqGUUIxJGlQNUQULLNJnnrWFoPinG8lYLCMGRWa8O0hzmhvZtJTMAVOTa,0.9740700000000001,2.3942259999999997,1.446627
284400,a8nOeMljqGUUIxJGlQNUQULLNJnnrWFoPinG8lYLCMGRWa8O0hzmhvZtJTMAVOTa,0.948941,2.190693,1.436036
284700,a8nOeMljqGUUIxJGlQNUQULLNJnnrWFoPinG8lYLCMGRWa8O0hzmhvZtJTMAVOTa,1.020227,2.359177,1.42571
285000,a8nOeMljqGUUIxJGlQNUQULLNJnnrWFoPinG8lYLCMGRWa8O0hzmhvZtJTMAVOTa,0.919105,2.423301,1.454475
285300,a8nOeMljqGUUIxJGlQNUQULLNJnnrWFoPinG8lYLCMGRWa8O0hzmhvZtJTMAVOTa,1.066643,2.177547,1.429327
285600,a8nOeMljqGUUIxJGlQNUQULLNJnnrWFoPinG8lYLCMGRWa8O0hzmhvZtJTMAVOTa,1.026374,2.3543060000000002,1.481066
285900,a8nOeMljqGUUIxJGlQNUQULLNJnnrWFoPinG8lYLCMGRWa8O0hzmhvZtJTMAVOTa,1.048946,2.517789,1.4306940000000001
286200,a8nOeMljqGUUIxJGlQNUQULLNJnnrWFoPinG8lYLCMGRWa8O0hzmhvZtJTMAVOTa,1.039852,26.139221,3.7935199999999996
286500,a8nOeMljqGUUIxJGlQNUQULLNJnnrWFoPinG8lYLCMGRWa8O0hzmhvZtJTMAVOTa,1.0394299999999999,2.513099,1.418388
286800,a8nOeMljqGUUIxJGlQNUQULLNJnnrWFoPinG8lYLCMGRWa8O0hzmhvZtJTMAVOTa,0.8507549999999999,2.514775,1.41735
287100,a8nOeMljqGUUIxJGlQNUQULLNJnnrWFoPinG8lYLCMGRWa8O0hzmhvZtJTMAVOTa,0.975642,2.241589,1.526286
287400,a8nOeMljqGUUIxJGlQNUQULLNJnnrWFoPinG8lYLCMGRWa8O0hzmhvZtJTMAVOTa,1.025156,2.385969,1.3999
287700,a8nOeMljqGUUIxJGlQNUQULLNJnnrWFoPinG8lYLCMGRWa8O0hzmhvZtJTMAVOTa,0.915308,2.30475,1.3698219999999999
288000,a8nOeMljqGUUIxJGlQNUQULLNJnnrWFoPinG8lYLCMGRWa8O0hzmhvZtJTMAVOTa,1.0486149999999999,2.219314,1.391632
288300,a8nOeMljqGUUIxJGlQNUQULLNJnnrWFoPinG8lYLCMGRWa8O0hzmhvZtJTMAVOTa,0.938306,2.459186,1.372376
288600,a8nOeMljqGUUIxJGlQNUQULLNJnnrWFoPinG8lYLCMGRWa8O0hzmhvZtJTMAVOTa,1.004565,2.427319,1.440792
288900,a8nOeMljqGUUIxJGlQNUQULLNJnnrWFoPinG8lYLCMGRWa8O0hzmhvZtJTMAVOTa,0.7426560000000001,2.075318,1.281952
289200,a8nOeMljqGUUIxJGlQNUQULLNJnnrWFoPinG8lYLCMGRWa8O0hzmhvZtJTMAVOTa,1.033103,2.4698919999999998,1.435592
289500,a8nOeMljqGUUIxJGlQNUQULLNJnnrWFoPinG8lYLCMGRWa8O0hzmhvZtJTMAVOTa,0.7746069999999999,2.5613040000000002,1.422999
289800,a8nOeMljqGUUIxJGlQNUQULLNJnnrWFoPinG8lYLCMGRWa8O0hzmhvZtJTMAVOTa,0.804,26.749883,3.8588400000000003
290100,a8nOeMljqGUUIxJGlQNUQULLNJnnrWFoPinG8lYLCMGRWa8O0hzmhvZtJTMAVOTa,1.041308,2.2848439999999997,1.44416
290400,a8nOeMljqGUUIxJGlQNUQULLNJnnrWFoPinG8lYLCMGRWa8O0hzmhvZtJTMAVOTa,0.528243,2.311904,1.3641159999999999
290700,a8nOeMljqGUUIxJGlQNUQULLNJnnrWFoPinG8lYLCMGRWa8O0hzmhvZtJTMAVOTa,1.09303,2.269478,1.485269
291000,a8nOeMljqGUUIxJGlQNUQULLNJnnrWFoPinG8lYLCMGRWa8O0hzmhvZtJTMAVOTa,0.5325810000000001,2.391954,1.392004
291300,a8nOeMljqGUUIxJGlQNUQULLNJnnrWFoPinG8lYLCMGRWa8O0hzmhvZtJTMAVOTa,1.058084,2.357392,1.445927
291600,a8nOeMljqGUUIxJGlQNUQULLNJnnrWFoPinG8lYLCMGRWa8O0hzmhvZtJTMAVOTa,1.0374370000000002,1.8235880000000002,1.291208
291900,a8nOeMljqGUUIxJGlQNUQULLNJnnrWFoPinG8lYLCMGRWa8O0hzmhvZtJTMAVOTa,1.078802,2.3661470000000002,1.445382
292200,a8nOeMljqGUUIxJGlQNUQULLNJnnrWFoPinG8lYLCMGRWa8O0hzmhvZtJTMAVOTa,0.492774,2.544077,1.53142
292500,a8nOeMljqGUUIxJGlQNUQULLNJnnrWFoPinG8lYLCMGRWa8O0hzmhvZtJTMAVOTa,1.0740370000000001,2.3182650000000002,1.5148139999999999
292800,a8nOeMljqGUUIxJGlQNUQULLNJnnrWFoPinG8lYLCMGRWa8O0hzmhvZtJTMAVOTa,1.1088799999999999,2.274078,1.498086
293100,a8nOeMljqGUUIxJGlQNUQULLNJnnrWFoPinG8lYLCMGRWa8O0hzmhvZtJTMAVOTa,1.063817,2.356361,1.5159
293400,a8nOeMljqGUUIxJGlQNUQULLNJnnrWFoPinG8lYLCMGRWa8O0hzmhvZtJTMAVOTa,1.103194,24.758016,3.9561
293700,a8nOeMljqGUUIxJGlQNUQULLNJnnrWFoPinG8lYLCMGRWa8O0hzmhvZtJTMAVOTa,0.548508,2.268006,1.386428
294000,a8nOeMljqGUUIxJGlQNUQULLNJnnrWFoPinG8lYLCMGRWa8O0hzmhvZtJTMAVOTa,1.0596370000000002,2.198522,1.462933
294300,a8nOeMljqGUUIxJGlQNUQULLNJnnrWFoPinG8lYLCMGRWa8O0hzmhvZtJTMAVOTa,0.607739,1.734019,1.246142
294600,a8nOeMljqGUUIxJGlQNUQULLNJnnrWFoPinG8lYLCMGRWa8O0hzmhvZtJTMAVOTa,1.076733,2.158876,1.438337
294900,a8nOeMljqGUUIxJGlQNUQULLNJnnrWFoPinG8lYLCMGRWa8O0hzmhvZtJTMAVOTa,0.596468,2.253893,1.389442
295200,a8nOeMljqGUUIxJGlQNUQULLNJnnrWFoPinG8lYLCMGRWa8O0hzmhvZtJTMAVOTa,0.802806,2.258109,1.394793
295500,a8nOeMljqGUUIxJGlQNUQULLNJnnrWFoPinG8lYLCMGRWa8O0hzmhvZtJTMAVOTa,1.075863,2.31602,1.444867
295800,a8nOeMljqGUUIxJGlQNUQULLNJnnrWFoPinG8lYLCMGRWa8O0hzmhvZtJTMAVOTa,0.543039,1.854813,1.3467959999999999
296100,a8nOeMljqGUUIxJGlQNUQULLNJnnrWFoPinG8lYLCMGRWa8O0hzmhvZtJTMAVOTa,1.07866,2.22244,1.547499
296400,a8nOeMljqGUUIxJGlQNUQULLNJnnrWFoPinG8lYLCMGRWa8O0hzmhvZtJTMAVOTa,0.5649350000000001,2.616333,1.404739
296700,a8nOeMljqGUUIxJGlQNUQULLNJnnrWFoPinG8lYLCMGRWa8O0hzmhvZtJTMAVOTa,1.03925,3.824441,1.59565
297000,a8nOeMljqGUUIxJGlQNUQULLNJnnrWFoPinG8lYLCMGRWa8O0hzmhvZtJTMAVOTa,1.017418,26.695759999999996,3.876586
297300,a8nOeMljqGUUIxJGlQNUQULLNJnnrWFoPinG8lYLCMGRWa8O0hzmhvZtJTMAVOTa,1.0559319999999999,2.64376,1.4172930000000001
297600,a8nOeMljqGUUIxJGlQNUQULLNJnnrWFoPinG8lYLCMGRWa8O0hzmhvZtJTMAVOTa,1.077439,2.260884,1.5000850000000001
297900,a8nOeMljqGUUIxJGlQNUQULLNJnnrWFoPinG8lYLCMGRWa8O0hzmhvZtJTMAVOTa,1.051388,2.277724,1.533776
298200,a8nOeMljqGUUIxJGlQNUQULLNJnnrWFoPinG8lYLCMGRWa8O0hzmhvZtJTMAVOTa,1.0452569999999999,2.723424,1.457357
298500,a8nOeMljqGUUIxJGlQNUQULLNJnnrWFoPinG8lYLCMGRWa8O0hzmhvZtJTMAVOTa,0.9341309999999999,2.271489,1.384986
298800,a8nOeMljqGUUIxJGlQNUQULLNJnnrWFoPinG8lYLCMGRWa8O0hzmhvZtJTMAVOTa,1.069013,2.3655619999999997,1.547703
299100,a8nOeMljqGUUIxJGlQNUQULLNJnnrWFoPinG8lYLCMGRWa8O0hzmhvZtJTMAVOTa,0.6238239999999999,2.59667,1.392901
299400,a8nOeMljqGUUIxJGlQNUQULLNJnnrWFoPinG8lYLCMGRWa8O0hzmhvZtJTMAVOTa,1.088235,2.02516,1.438992
299700,a8nOeMljqGUUIxJGlQNUQULLNJnnrWFoPinG8lYLCMGRWa8O0hzmhvZtJTMAVOTa,0.714881,2.041465,1.3345639999999999
300000,a8nOeMljqGUUIxJGlQNUQULLNJnnrWFoPinG8lYLCMGRWa8O0hzmhvZtJTMAVOTa,1.024933,2.6586369999999997,1.408631
300300,a8nOeMljqGUUIxJGlQNUQULLNJnnrWFoPinG8lYLCMGRWa8O0hzmhvZtJTMAVOTa,0.7768579999999999,1.8690189999999998,1.306699
300600,a8nOeMljqGUUIxJGlQNUQULLNJnnrWFoPinG8lYLCMGRWa8O0hzmhvZtJTMAVOTa,0.537478,26.902876000000003,3.929703
300900,a8nOeMljqGUUIxJGlQNUQULLNJnnrWFoPinG8lYLCMGRWa8O0hzmhvZtJTMAVOTa,1.0387629999999999,2.640885,1.442238
301200,a8nOeMljqGUUIxJGlQNUQULLNJnnrWFoPinG8lYLCMGRWa8O0hzmhvZtJTMAVOTa,0.456966,1.959834,1.2830219999999999
301500,a8nOeMljqGUUIxJGlQNUQULLNJnnrWFoPinG8lYLCMGRWa8O0hzmhvZtJTMAVOTa,0.997246,2.314788,1.526455
301800,a8nOeMljqGUUIxJGlQNUQULLNJnnrWFoPinG8lYLCMGRWa8O0hzmhvZtJTMAVOTa,0.801341,3.095989,1.430603
302100,a8nOeMljqGUUIxJGlQNUQULLNJnnrWFoPinG8lYLCMGRWa8O0hzmhvZtJTMAVOTa,1.028995,2.126199,1.393198
302400,a8nOeMljqGUUIxJGlQNUQULLNJnnrWFoPinG8lYLCMGRWa8O0hzmhvZtJTMAVOTa,0.521958,1.9682819999999999,1.338614
302700,a8nOeMljqGUUIxJGlQNUQULLNJnnrWFoPinG8lYLCMGRWa8O0hzmhvZtJTMAVOTa,1.079932,2.588519,1.44028
303000,a8nOeMljqGUUIxJGlQNUQULLNJnnrWFoPinG8lYLCMGRWa8O0hzmhvZtJTMAVOTa,1.041836,1.934063,1.4322409999999999
303300,a8nOeMljqGUUIxJGlQNUQULLNJnnrWFoPinG8lYLCMGRWa8O0hzmhvZtJTMAVOTa,1.089402,2.270929,1.532577
303600,a8nOeMljqGUUIxJGlQNUQULLNJnnrWFoPinG8lYLCMGRWa8O0hzmhvZtJTMAVOTa,1.0724040000000001,2.561448,1.476601
303900,a8nOeMljqGUUIxJGlQNUQULLNJnnrWFoPinG8lYLCMGRWa8O0hzmhvZtJTMAVOTa,1.021461,1.8631799999999998,1.356254
304200,a8nOeMljqGUUIxJGlQNUQULLNJnnrWFoPinG8lYLCMGRWa8O0hzmhvZtJTMAVOTa,1.073261,21.018004,4.041787
304500,a8nOeMljqGUUIxJGlQNUQULLNJnnrWFoPinG8lYLCMGRWa8O0hzmhvZtJTMAVOTa,0.660528,2.557305,1.412979
304800,a8nOeMljqGUUIxJGlQNUQULLNJnnrWFoPinG8lYLCMGRWa8O0hzmhvZtJTMAVOTa,1.069156,1.971226,1.387171
305100,a8nOeMljqGUUIxJGlQNUQULLNJnnrWFoPinG8lYLCMGRWa8O0hzmhvZtJTMAVOTa,0.865194,2.000404,1.355538
305400,a8nOeMljqGUUIxJGlQNUQULLNJnnrWFoPinG8lYLCMGRWa8O0hzmhvZtJTMAVOTa,1.030843,2.564325,1.4153149999999999
305700,a8nOeMljqGUUIxJGlQNUQULLNJnnrWFoPinG8lYLCMGRWa8O0hzmhvZtJTMAVOTa,0.664159,1.957223,1.3047
306000,a8nOeMljqGUUIxJGlQNUQULLNJnnrWFoPinG8lYLCMGRWa8O0hzmhvZtJTMAVOTa,1.09038,11.259889,2.609568
306300,a8nOeMljqGUUIxJGlQNUQULLNJnnrWFoPinG8lYLCMGRWa8O0hzmhvZtJTMAVOTa,1.0557940000000001,2.519275,1.4415149999999999
306600,a8nOeMljqGUUIxJGlQNUQULLNJnnrWFoPinG8lYLCMGRWa8O0hzmhvZtJTMAVOTa,0.749499,2.3759810000000003,1.452483
306900,a8nOeMljqGUUIxJGlQNUQULLNJnnrWFoPinG8lYLCMGRWa8O0hzmhvZtJTMAVOTa,1.0782049999999999,37.764571999999994,9.328167
307200,a8nOeMljqGUUIxJGlQNUQULLNJnnrWFoPinG8lYLCMGRWa8O0hzmhvZtJTMAVOTa,1.09355,3.142122,1.745248
307500,a8nOeMljqGUUIxJGlQNUQULLNJnnrWFoPinG8lYLCMGRWa8O0hzmhvZtJTMAVOTa,1.0304440000000001,2.276985,1.428136
307800,a8nOeMljqGUUIxJGlQNUQULLNJnnrWFoPinG8lYLCMGRWa8O0hzmhvZtJTMAVOTa,0.467793,26.649075,3.9281879999999996
308100,a8nOeMljqGUUIxJGlQNUQULLNJnnrWFoPinG8lYLCMGRWa8O0hzmhvZtJTMAVOTa,1.048904,2.5729189999999997,1.454393
308400,a8nOeMljqGUUIxJGlQNUQULLNJnnrWFoPinG8lYLCMGRWa8O0hzmhvZtJTMAVOTa,0.516649,1.908982,1.313583
308700,a8nOeMljqGUUIxJGlQNUQULLNJnnrWFoPinG8lYLCMGRWa8O0hzmhvZtJTMAVOTa,0.536855,2.274501,1.4956559999999999
309000,a8nOeMljqGUUIxJGlQNUQULLNJnnrWFoPinG8lYLCMGRWa8O0hzmhvZtJTMAVOTa,1.08636,2.611976,1.462106
309300,a8nOeMljqGUUIxJGlQNUQULLNJnnrWFoPinG8lYLCMGRWa8O0hzmhvZtJTMAVOTa,0.540285,1.945944,1.296474
309600,a8nOeMljqGUUIxJGlQNUQULLNJnnrWFoPinG8lYLCMGRWa8O0hzmhvZtJTMAVOTa,1.0332379999999999,2.046383,1.449907
309900,a8nOeMljqGUUIxJGlQNUQULLNJnnrWFoPinG8lYLCMGRWa8O0hzmhvZtJTMAVOTa,0.802092,2.55397,1.383062
310200,a8nOeMljqGUUIxJGlQNUQULLNJnnrWFoPinG8lYLCMGRWa8O0hzmhvZtJTMAVOTa,0.9828899999999999,2.061935,1.357135
310500,a8nOeMljqGUUIxJGlQNUQULLNJnnrWFoPinG8lYLCMGRWa8O0hzmhvZtJTMAVOTa,0.597784,2.009306,1.33884
310800,a8nOeMljqGUUIxJGlQNUQULLNJnnrWFoPinG8lYLCMGRWa8O0hzmhvZtJTMAVOTa,1.069923,2.698858,1.440399
311100,a8nOeMljqGUUIxJGlQNUQULLNJnnrWFoPinG8lYLCMGRWa8O0hzmhvZtJTMAVOTa,0.503254,1.9320810000000002,1.297194
311400,a8nOeMljqGUUIxJGlQNUQULLNJnnrWFoPinG8lYLCMGRWa8O0hzmhvZtJTMAVOTa,0.674284,25.965165,3.9905470000000003
311700,a8nOeMljqGUUIxJGlQNUQULLNJnnrWFoPinG8lYLCMGRWa8O0hzmhvZtJTMAVOTa,1.0470760000000001,2.5567729999999997,1.478875
312000,a8nOeMljqGUUIxJGlQNUQULLNJnnrWFoPinG8lYLCMGRWa8O0hzmhvZtJTMAVOTa,0.5821649999999999,1.8522299999999998,1.312231
312300,a8nOeMljqGUUIxJGlQNUQULLNJnnrWFoPinG8lYLCMGRWa8O0hzmhvZtJTMAVOTa,1.049139,2.248407,1.5223209999999998
312600,a8nOeMljqGUUIxJGlQNUQULLNJnnrWFoPinG8lYLCMGRWa8O0hzmhvZtJTMAVOTa,1.088196,2.421728,1.485296
312900,a8nOeMljqGUUIxJGlQNUQULLNJnnrWFoPinG8lYLCMGRWa8O0hzmhvZtJTMAVOTa,1.019883,1.894873,1.345043
313200,a8nOeMljqGUUIxJGlQNUQULLNJnnrWFoPinG8lYLCMGRWa8O0hzmhvZtJTMAVOTa,1.042734,1.8278619999999999,1.4273639999999999
313500,a8nOeMljqGUUIxJGlQNUQULLNJnnrWFoPinG8lYLCMGRWa8O0hzmhvZtJTMAVOTa,1.052259,2.449536,1.424234
313800,a8nOeMljqGUUIxJGlQNUQULLNJnnrWFoPinG8lYLCMGRWa8O0hzmhvZtJTMAVOTa,1.056972,1.9825560000000002,1.457093
314100,a8nOeMljqGUUIxJGlQNUQULLNJnnrWFoPinG8lYLCMGRWa8O0hzmhvZtJTMAVOTa,0.5093810000000001,2.1551099999999996,1.417281
314400,a8nOeMljqGUUIxJGlQNUQULLNJnnrWFoPinG8lYLCMGRWa8O0hzmhvZtJTMAVOTa,1.048063,2.425839,1.554468
314700,a8nOeMljqGUUIxJGlQNUQULLNJnnrWFoPinG8lYLCMGRWa8O0hzmhvZtJTMAVOTa,0.73626,1.923159,1.485467
315000,a8nOeMljqGUUIxJGlQNUQULLNJnnrWFoPinG8lYLCMGRWa8O0hzmhvZtJTMAVOTa,1.0340340000000001,16.057567000000002,4.007702
315300,a8nOeMljqGUUIxJGlQNUQULLNJnnrWFoPinG8lYLCMGRWa8O0hzmhvZtJTMAVOTa,0.502526,2.494818,1.4174120000000001
315600,a8nOeMljqGUUIxJGlQNUQULLNJnnrWFoPinG8lYLCMGRWa8O0hzmhvZtJTMAVOTa,1.0847,1.822629,1.37161
315900,a8nOeMljqGUUIxJGlQNUQULLNJnnrWFoPinG8lYLCMGRWa8O0hzmhvZtJTMAVOTa,0.6217699999999999,1.855419,1.330078
316200,a8nOeMljqGUUIxJGlQNUQULLNJnnrWFoPinG8lYLCMGRWa8O0hzmhvZtJTMAVOTa,1.0272,2.470669,1.417192
316500,a8nOeMljqGUUIxJGlQNUQULLNJnnrWFoPinG8lYLCMGRWa8O0hzmhvZtJTMAVOTa,0.85735,1.7479049999999998,1.3081120000000002
316800,a8nOeMljqGUUIxJGlQNUQULLNJnnrWFoPinG8lYLCMGRWa8O0hzmhvZtJTMAVOTa,1.0344790000000001,2.19512,1.474414
317100,a8nOeMljqGUUIxJGlQNUQULLNJnnrWFoPinG8lYLCMGRWa8O0hzmhvZtJTMAVOTa,1.050395,2.3773720000000003,1.443034
317400,a8nOeMljqGUUIxJGlQNUQULLNJnnrWFoPinG8lYLCMGRWa8O0hzmhvZtJTMAVOTa,0.46387,1.8925490000000003,1.364914
317700,a8nOeMljqGUUIxJGlQNUQULLNJnnrWFoPinG8lYLCMGRWa8O0hzmhvZtJTMAVOTa,1.03949,2.5295900000000002,1.5636700000000001
318000,a8nOeMljqGUUIxJGlQNUQULLNJnnrWFoPinG8lYLCMGRWa8O0hzmhvZtJTMAVOTa,0.919708,2.489564,1.4388290000000001
318300,a8nOeMljqGUUIxJGlQNUQULLNJnnrWFoPinG8lYLCMGRWa8O0hzmhvZtJTMAVOTa,1.050363,2.055238,1.386631
318600,a8nOeMljqGUUIxJGlQNUQULLNJnnrWFoPinG8lYLCMGRWa8O0hzmhvZtJTMAVOTa,1.0317450000000001,25.895212,4.1448339999999995
318900,a8nOeMljqGUUIxJGlQNUQULLNJnnrWFoPinG8lYLCMGRWa8O0hzmhvZtJTMAVOTa,1.038668,2.3768990000000003,1.462817
319200,a8nOeMljqGUUIxJGlQNUQULLNJnnrWFoPinG8lYLCMGRWa8O0hzmhvZtJTMAVOTa,1.0930600000000001,1.899843,1.4099629999999999
319500,a8nOeMljqGUUIxJGlQNUQULLNJnnrWFoPinG8lYLCMGRWa8O0hzmhvZtJTMAVOTa,1.015665,2.408561,1.499041
319800,a8nOeMljqGUUIxJGlQNUQULLNJnnrWFoPinG8lYLCMGRWa8O0hzmhvZtJTMAVOTa,1.011796,2.67,1.577621
320100,a8nOeMljqGUUIxJGlQNUQULLNJnnrWFoPinG8lYLCMGRWa8O0hzmhvZtJTMAVOTa,1.0719100000000001,1.9956209999999999,1.3665559999999999
320400,a8nOeMljqGUUIxJGlQNUQULLNJnnrWFoPinG8lYLCMGRWa8O0hzmhvZtJTMAVOTa,1.10344,3.420386,1.7063979999999999
320700,a8nOeMljqGUUIxJGlQNUQULLNJnnrWFoPinG8lYLCMGRWa8O0hzmhvZtJTMAVOTa,1.065688,2.398602,1.46689
321000,a8nOeMljqGUUIxJGlQNUQULLNJnnrWFoPinG8lYLCMGRWa8O0hzmhvZtJTMAVOTa,1.0721,1.991008,1.3039610000000001
321300,a8nOeMljqGUUIxJGlQNUQULLNJnnrWFoPinG8lYLCMGRWa8O0hzmhvZtJTMAVOTa,1.0898459999999999,2.596981,1.4614790000000002
321600,a8nOeMljqGUUIxJGlQNUQULLNJnnrWFoPinG8lYLCMGRWa8O0hzmhvZtJTMAVOTa,1.009223,2.446091,1.432868
321900,a8nOeMljqGUUIxJGlQNUQULLNJnnrWFoPinG8lYLCMGRWa8O0hzmhvZtJTMAVOTa,1.080293,1.895727,1.395308
322200,a8nOeMljqGUUIxJGlQNUQULLNJnnrWFoPinG8lYLCMGRWa8O0hzmhvZtJTMAVOTa,1.050324,25.890591,3.9867800000000004
322500,a8nOeMljqGUUIxJGlQNUQULLNJnnrWFoPinG8lYLCMGRWa8O0hzmhvZtJTMAVOTa,1.0196450000000001,2.638821,1.602647
322800,a8nOeMljqGUUIxJGlQNUQULLNJnnrWFoPinG8lYLCMGRWa8O0hzmhvZtJTMAVOTa,1.083724,1.960232,1.380535
323100,a8nOeMljqGUUIxJGlQNUQULLNJnnrWFoPinG8lYLCMGRWa8O0hzmhvZtJTMAVOTa,1.025283,2.577301,1.5270629999999998
323400,a8nOeMljqGUUIxJGlQNUQULLNJnnrWFoPinG8lYLCMGRWa8O0hzmhvZtJTMAVOTa,1.086057,2.413789,1.493739
323700,a8nOeMljqGUUIxJGlQNUQULLNJnnrWFoPinG8lYLCMGRWa8O0hzmhvZtJTMAVOTa,1.085185,2.188087,1.34309
324000,a8nOeMljqGUUIxJGlQNUQULLNJnnrWFoPinG8lYLCMGRWa8O0hzmhvZtJTMAVOTa,1.058216,2.399221,1.483778
324300,a8nOeMljqGUUIxJGlQNUQULLNJnnrWFoPinG8lYLCMGRWa8O0hzmhvZtJTMAVOTa,1.042978,2.465379,1.473155
324600,a8nOeMljqGUUIxJGlQNUQULLNJnnrWFoPinG8lYLCMGRWa8O0hzmhvZtJTMAVOTa,1.082193,2.044835,1.45795
324900,a8nOeMljqGUUIxJGlQNUQULLNJnnrWFoPinG8lYLCMGRWa8O0hzmhvZtJTMAVOTa,1.074289,2.486954,1.489206
325200,a8nOeMljqGUUIxJGlQNUQULLNJnnrWFoPinG8lYLCMGRWa8O0hzmhvZtJTMAVOTa,0.830432,2.477719,1.3985450000000001
325500,a8nOeMljqGUUIxJGlQNUQULLNJnnrWFoPinG8lYLCMGRWa8O0hzmhvZtJTMAVOTa,1.07158,1.9151169999999997,1.368232
325800,a8nOeMljqGUUIxJGlQNUQULLNJnnrWFoPinG8lYLCMGRWa8O0hzmhvZtJTMAVOTa,1.080775,14.903296,4.0259599999999995
326100,a8nOeMljqGUUIxJGlQNUQULLNJnnrWFoPinG8lYLCMGRWa8O0hzmhvZtJTMAVOTa,1.070157,2.620844,1.462342
326400,a8nOeMljqGUUIxJGlQNUQULLNJnnrWFoPinG8lYLCMGRWa8O0hzmhvZtJTMAVOTa,1.088249,3.0272650000000003,1.510291
326700,a8nOeMljqGUUIxJGlQNUQULLNJnnrWFoPinG8lYLCMGRWa8O0hzmhvZtJTMAVOTa,0.8649610000000001,2.5864849999999997,1.417806
327000,a8nOeMljqGUUIxJGlQNUQULLNJnnrWFoPinG8lYLCMGRWa8O0hzmhvZtJTMAVOTa,1.065626,2.356992,1.4526290000000002
327300,a8nOeMljqGUUIxJGlQNUQULLNJnnrWFoPinG8lYLCMGRWa8O0hzmhvZtJTMAVOTa,0.9830129999999999,1.870989,1.334662
327600,a8nOeMljqGUUIxJGlQNUQULLNJnnrWFoPinG8lYLCMGRWa8O0hzmhvZtJTMAVOTa,1.0430549999999998,2.421734,1.508707
327900,a8nOeMljqGUUIxJGlQNUQULLNJnnrWFoPinG8lYLCMGRWa8O0hzmhvZtJTMAVOTa,1.072697,2.4993689999999997,1.4798719999999999
328200,a8nOeMljqGUUIxJGlQNUQULLNJnnrWFoPinG8lYLCMGRWa8O0hzmhvZtJTMAVOTa,1.041295,1.973882,1.435938
328500,a8nOeMljqGUUIxJGlQNUQULLNJnnrWFoPinG8lYLCMGRWa8O0hzmhvZtJTMAVOTa,1.061394,2.365615,1.56366
328800,a8nOeMljqGUUIxJGlQNUQULLNJnnrWFoPinG8lYLCMGRWa8O0hzmhvZtJTMAVOTa,1.085684,2.43242,1.4392459999999998
329100,a8nOeMljqGUUIxJGlQNUQULLNJnnrWFoPinG8lYLCMGRWa8O0hzmhvZtJTMAVOTa,1.087138,4.357913,1.612527
329400,a8nOeMljqGUUIxJGlQNUQULLNJnnrWFoPinG8lYLCMGRWa8O0hzmhvZtJTMAVOTa,1.073231,7.751633999999999,2.192168
329700,a8nOeMljqGUUIxJGlQNUQULLNJnnrWFoPinG8lYLCMGRWa8O0hzmhvZtJTMAVOTa,1.062073,2.432328,1.4543549999999998
330000,a8nOeMljqGUUIxJGlQNUQULLNJnnrWFoPinG8lYLCMGRWa8O0hzmhvZtJTMAVOTa,1.0691899999999999,1.8476029999999999,1.350683
330300,a8nOeMljqGUUIxJGlQNUQULLNJnnrWFoPinG8lYLCMGRWa8O0hzmhvZtJTMAVOTa,1.061233,2.416766,1.485279
330600,a8nOeMljqGUUIxJGlQNUQULLNJnnrWFoPinG8lYLCMGRWa8O0hzmhvZtJTMAVOTa,0.904968,2.4405259999999998,1.414686
330900,a8nOeMljqGUUIxJGlQNUQULLNJnnrWFoPinG8lYLCMGRWa8O0hzmhvZtJTMAVOTa,1.022033,1.890084,1.3498450000000002
331200,a8nOeMljqGUUIxJGlQNUQULLNJnnrWFoPinG8lYLCMGRWa8O0hzmhvZtJTMAVOTa,1.106311,2.3441669999999997,1.481581
331500,a8nOeMljqGUUIxJGlQNUQULLNJnnrWFoPinG8lYLCMGRWa8O0hzmhvZtJTMAVOTa,1.0683719999999999,2.494268,1.44313
331800,a8nOeMljqGUUIxJGlQNUQULLNJnnrWFoPinG8lYLCMGRWa8O0hzmhvZtJTMAVOTa,1.060373,1.9521689999999998,1.312663
332100,a8nOeMljqGUUIxJGlQNUQULLNJnnrWFoPinG8lYLCMGRWa8O0hzmhvZtJTMAVOTa,1.054991,2.482208,1.519226
332400,a8nOeMljqGUUIxJGlQNUQULLNJnnrWFoPinG8lYLCMGRWa8O0hzmhvZtJTMAVOTa,1.0210540000000001,2.503977,1.43365
332700,a8nOeMljqGUUIxJGlQNUQULLNJnnrWFoPinG8lYLCMGRWa8O0hzmhvZtJTMAVOTa,1.064085,2.069245,1.391282
333000,a8nOeMljqGUUIxJGlQNUQULLNJnnrWFoPinG8lYLCMGRWa8O0hzmhvZtJTMAVOTa,1.055212,26.342493,4.033286
333300,a8nOeMljqGUUIxJGlQNUQULLNJnnrWFoPinG8lYLCMGRWa8O0hzmhvZtJTMAVOTa,1.040777,2.409809,1.519282
333600,a8nOeMljqGUUIxJGlQNUQULLNJnnrWFoPinG8lYLCMGRWa8O0hzmhvZtJTMAVOTa,1.0480610000000001,1.917664,1.361591
333900,a8nOeMljqGUUIxJGlQNUQULLNJnnrWFoPinG8lYLCMGRWa8O0hzmhvZtJTMAVOTa,1.075549,2.776294,1.7325669999999997
334200,a8nOeMljqGUUIxJGlQNUQULLNJnnrWFoPinG8lYLCMGRWa8O0hzmhvZtJTMAVOTa,1.007411,2.4770369999999997,1.448654
334500,a8nOeMljqGUUIxJGlQNUQULLNJnnrWFoPinG8lYLCMGRWa8O0hzmhvZtJTMAVOTa,1.109798,2.093982,1.365178
334800,a8nOeMljqGUUIxJGlQNUQULLNJnnrWFoPinG8lYLCMGRWa8O0hzmhvZtJTMAVOTa,1.0624200000000001,2.592283,1.429606
335100,a8nOeMljqGUUIxJGlQNUQULLNJnnrWFoPinG8lYLCMGRWa8O0hzmhvZtJTMAVOTa,1.07487,2.306375,1.475099
335400,a8nOeMljqGUUIxJGlQNUQULLNJnnrWFoPinG8lYLCMGRWa8O0hzmhvZtJTMAVOTa,1.128208,2.165316,1.492834
335700,a8nOeMljqGUUIxJGlQNUQULLNJnnrWFoPinG8lYLCMGRWa8O0hzmhvZtJTMAVOTa,1.080877,42.036317,9.143094999999999
336000,a8nOeMljqGUUIxJGlQNUQULLNJnnrWFoPinG8lYLCMGRWa8O0hzmhvZtJTMAVOTa,1.092833,2.767419,1.730374
336300,a8nOeMljqGUUIxJGlQNUQULLNJnnrWFoPinG8lYLCMGRWa8O0hzmhvZtJTMAVOTa,1.065769,2.015346,1.4696129999999998
336600,a8nOeMljqGUUIxJGlQNUQULLNJnnrWFoPinG8lYLCMGRWa8O0hzmhvZtJTMAVOTa,1.086623,9.788407000000001,2.378326
336900,a8nOeMljqGUUIxJGlQNUQULLNJnnrWFoPinG8lYLCMGRWa8O0hzmhvZtJTMAVOTa,1.1528049999999999,18.388059,3.21286
337200,a8nOeMljqGUUIxJGlQNUQULLNJnnrWFoPinG8lYLCMGRWa8O0hzmhvZtJTMAVOTa,1.095984,2.025007,1.387574
337500,a8nOeMljqGUUIxJGlQNUQULLNJnnrWFoPinG8lYLCMGRWa8O0hzmhvZtJTMAVOTa,1.0911170000000001,21.660965,3.496125
337800,a8nOeMljqGUUIxJGlQNUQULLNJnnrWFoPinG8lYLCMGRWa8O0hzmhvZtJTMAVOTa,1.1017270000000001,2.32697,1.457392
338100,a8nOeMljqGUUIxJGlQNUQULLNJnnrWFoPinG8lYLCMGRWa8O0hzmhvZtJTMAVOTa,1.1069069999999999,2.088802,1.48961
338400,a8nOeMljqGUUIxJGlQNUQULLNJnnrWFoPinG8lYLCMGRWa8O0hzmhvZtJTMAVOTa,1.160699,2.669045,1.587135
338700,a8nOeMljqGUUIxJGlQNUQULLNJnnrWFoPinG8lYLCMGRWa8O0hzmhvZtJTMAVOTa,0.788304,2.323973,1.433755
339000,a8nOeMljqGUUIxJGlQNUQULLNJnnrWFoPinG8lYLCMGRWa8O0hzmhvZtJTMAVOTa,1.157491,2.036486,1.471759
339300,a8nOeMljqGUUIxJGlQNUQULLNJnnrWFoPinG8lYLCMGRWa8O0hzmhvZtJTMAVOTa,0.776767,2.74233,1.512304
339600,a8nOeMljqGUUIxJGlQNUQULLNJnnrWFoPinG8lYLCMGRWa8O0hzmhvZtJTMAVOTa,1.122298,1.888459,1.394536
339900,a8nOeMljqGUUIxJGlQNUQULLNJnnrWFoPinG8lYLCMGRWa8O0hzmhvZtJTMAVOTa,0.8486549999999999,2.134144,1.348565
340200,a8nOeMljqGUUIxJGlQNUQULLNJnnrWFoPinG8lYLCMGRWa8O0hzmhvZtJTMAVOTa,1.088482,2.9262080000000004,1.5319989999999999
340500,a8nOeMljqGUUIxJGlQNUQULLNJnnrWFoPinG8lYLCMGRWa8O0hzmhvZtJTMAVOTa,1.089772,27.795683,4.099130000000001
340800,a8nOeMljqGUUIxJGlQNUQULLNJnnrWFoPinG8lYLCMGRWa8O0hzmhvZtJTMAVOTa,1.01427,2.072781,1.536589
341100,a8nOeMljqGUUIxJGlQNUQULLNJnnrWFoPinG8lYLCMGRWa8O0hzmhvZtJTMAVOTa,1.1355680000000001,2.939125,1.5526209999999998
341400,a8nOeMljqGUUIxJGlQNUQULLNJnnrWFoPinG8lYLCMGRWa8O0hzmhvZtJTMAVOTa,1.116269,1.9444279999999998,1.4256520000000001
341700,a8nOeMljqGUUIxJGlQNUQULLNJnnrWFoPinG8lYLCMGRWa8O0hzmhvZtJTMAVOTa,1.1113870000000001,2.114859,1.555679
342000,a8nOeMljqGUUIxJGlQNUQULLNJnnrWFoPinG8lYLCMGRWa8O0hzmhvZtJTMAVOTa,1.088009,2.806448,1.559963
342300,a8nOeMljqGUUIxJGlQNUQULLNJnnrWFoPinG8lYLCMGRWa8O0hzmhvZtJTMAVOTa,1.1503,2.040127,1.4662870000000001
342600,a8nOeMljqGUUIxJGlQNUQULLNJnnrWFoPinG8lYLCMGRWa8O0hzmhvZtJTMAVOTa,0.949119,2.176041,1.397141
342900,a8nOeMljqGUUIxJGlQNUQULLNJnnrWFoPinG8lYLCMGRWa8O0hzmhvZtJTMAVOTa,0.705079,2.7756220000000003,1.42965
343200,a8nOeMljqGUUIxJGlQNUQULLNJnnrWFoPinG8lYLCMGRWa8O0hzmhvZtJTMAVOTa,1.058857,2.044362,1.404832
343500,a8nOeMljqGUUIxJGlQNUQULLNJnnrWFoPinG8lYLCMGRWa8O0hzmhvZtJTMAVOTa,1.123955,2.22407,1.564302
343800,a8nOeMljqGUUIxJGlQNUQULLNJnnrWFoPinG8lYLCMGRWa8O0hzmhvZtJTMAVOTa,1.116876,2.8752470000000003,1.548093
344100,a8nOeMljqGUUIxJGlQNUQULLNJnnrWFoPinG8lYLCMGRWa8O0hzmhvZtJTMAVOTa,0.769382,25.860614,3.8763
344400,a8nOeMljqGUUIxJGlQNUQULLNJnnrWFoPinG8lYLCMGRWa8O0hzmhvZtJTMAVOTa,1.081966,2.125579,1.540989
344700,a8nOeMljqGUUIxJGlQNUQULLNJnnrWFoPinG8lYLCMGRWa8O0hzmhvZtJTMAVOTa,0.761858,2.794124,1.5082
345000,a8nOeMljqGUUIxJGlQNUQULLNJnnrWFoPinG8lYLCMGRWa8O0hzmhvZtJTMAVOTa,1.097413,1.988286,1.464966
345300,a8nOeMljqGUUIxJGlQNUQULLNJnnrWFoPinG8lYLCMGRWa8O0hzmhvZtJTMAVOTa,0.810413,2.0695069999999998,1.3797780000000002
345600,a8nOeMljqGUUIxJGlQNUQULLNJnnrWFoPinG8lYLCMGRWa8O0hzmhvZtJTMAVOTa,1.098651,2.838979,1.517342
345900,a8nOeMljqGUUIxJGlQNUQULLNJnnrWFoPinG8lYLCMGRWa8O0hzmhvZtJTMAVOTa,1.071046,2.060413,1.428381
346200,a8nOeMljqGUUIxJGlQNUQULLNJnnrWFoPinG8lYLCMGRWa8O0hzmhvZtJTMAVOTa,0.746672,2.138498,1.502551
346500,a8nOeMljqGUUIxJGlQNUQULLNJnnrWFoPinG8lYLCMGRWa8O0hzmhvZtJTMAVOTa,1.0688870000000001,2.971376,1.570267
346800,a8nOeMljqGUUIxJGlQNUQULLNJnnrWFoPinG8lYLCMGRWa8O0hzmhvZtJTMAVOTa,0.985482,2.083367,1.4014389999999999
347100,a8nOeMljqGUUIxJGlQNUQULLNJnnrWFoPinG8lYLCMGRWa8O0hzmhvZtJTMAVOTa,1.159086,2.1081119999999998,1.501501
347400,a8nOeMljqGUUIxJGlQNUQULLNJnnrWFoPinG8lYLCMGRWa8O0hzmhvZtJTMAVOTa,1.0174729999999998,2.761679,1.528445
347700,a8nOeMljqGUUIxJGlQNUQULLNJnnrWFoPinG8lYLCMGRWa8O0hzmhvZtJTMAVOTa,1.100515,21.106463,3.9190449999999997
348000,a8nOeMljqGUUIxJGlQNUQULLNJnnrWFoPinG8lYLCMGRWa8O0hzmhvZtJTMAVOTa,1.115029,2.107602,1.445175
348300,a8nOeMljqGUUIxJGlQNUQULLNJnnrWFoPinG8lYLCMGRWa8O0hzmhvZtJTMAVOTa,1.065221,2.814124,1.570853
348600,a8nOeMljqGUUIxJGlQNUQULLNJnnrWFoPinG8lYLCMGRWa8O0hzmhvZtJTMAVOTa,1.103673,2.068197,1.405289
348900,a8nOeMljqGUUIxJGlQNUQULLNJnnrWFoPinG8lYLCMGRWa8O0hzmhvZtJTMAVOTa,0.8237680000000001,2.042834,1.477522
349200,a8nOeMljqGUUIxJGlQNUQULLNJnnrWFoPinG8lYLCMGRWa8O0hzmhvZtJTMAVOTa,1.085012,20.067576000000003,3.533903
349500,a8nOeMljqGUUIxJGlQNUQULLNJnnrWFoPinG8lYLCMGRWa8O0hzmhvZtJTMAVOTa,0.8512219999999999,1.9835060000000002,1.412415
349800,a8nOeMljqGUUIxJGlQNUQULLNJnnrWFoPinG8lYLCMGRWa8O0hzmhvZtJTMAVOTa,1.159986,4.8883019999999995,1.85112
350100,a8nOeMljqGUUIxJGlQNUQULLNJnnrWFoPinG8lYLCMGRWa8O0hzmhvZtJTMAVOTa,1.064492,2.736918,1.473015
350400,a8nOeMljqGUUIxJGlQNUQULLNJnnrWFoPinG8lYLCMGRWa8O0hzmhvZtJTMAVOTa,1.054092,1.95745,1.389146
350700,a8nOeMljqGUUIxJGlQNUQULLNJnnrWFoPinG8lYLCMGRWa8O0hzmhvZtJTMAVOTa,0.847247,1.9734470000000002,1.353112
351000,a8nOeMljqGUUIxJGlQNUQULLNJnnrWFoPinG8lYLCMGRWa8O0hzmhvZtJTMAVOTa,0.744873,2.822981,1.463938
351300,a8nOeMljqGUUIxJGlQNUQULLNJnnrWFoPinG8lYLCMGRWa8O0hzmhvZtJTMAVOTa,1.066843,26.724245,3.907983
351600,a8nOeMljqGUUIxJGlQNUQULLNJnnrWFoPinG8lYLCMGRWa8O0hzmhvZtJTMAVOTa,1.080771,1.966076,1.508381
351900,a8nOeMljqGUUIxJGlQNUQULLNJnnrWFoPinG8lYLCMGRWa8O0hzmhvZtJTMAVOTa,1.047603,2.942302,1.524653
352200,a8nOeMljqGUUIxJGlQNUQULLNJnnrWFoPinG8lYLCMGRWa8O0hzmhvZtJTMAVOTa,1.056741,1.928188,1.46131
352500,a8nOeMljqGUUIxJGlQNUQULLNJnnrWFoPinG8lYLCMGRWa8O0hzmhvZtJTMAVOTa,1.1134870000000001,2.023479,1.542173
352800,a8nOeMljqGUUIxJGlQNUQULLNJnnrWFoPinG8lYLCMGRWa8O0hzmhvZtJTMAVOTa,1.1099139999999998,2.761576,1.639925
353100,a8nOeMljqGUUIxJGlQNUQULLNJnnrWFoPinG8lYLCMGRWa8O0hzmhvZtJTMAVOTa,1.0884770000000001,2.035729,1.4027610000000001
353400,a8nOeMljqGUUIxJGlQNUQULLNJnnrWFoPinG8lYLCMGRWa8O0hzmhvZtJTMAVOTa,1.111459,2.0817189999999997,1.420864
353700,a8nOeMljqGUUIxJGlQNUQULLNJnnrWFoPinG8lYLCMGRWa8O0hzmhvZtJTMAVOTa,1.092852,2.807152,1.493816
354000,a8nOeMljqGUUIxJGlQNUQULLNJnnrWFoPinG8lYLCMGRWa8O0hzmhvZtJTMAVOTa,1.040331,1.940722,1.362328
354300,a8nOeMljqGUUIxJGlQNUQULLNJnnrWFoPinG8lYLCMGRWa8O0hzmhvZtJTMAVOTa,0.630059,1.904378,1.383729
354600,a8nOeMljqGUUIxJGlQNUQULLNJnnrWFoPinG8lYLCMGRWa8O0hzmhvZtJTMAVOTa,1.060578,2.704293,1.518391
354900,a8nOeMljqGUUIxJGlQNUQULLNJnnrWFoPinG8lYLCMGRWa8O0hzmhvZtJTMAVOTa,0.9810610000000001,26.773922,3.87705
355200,a8nOeMljqGUUIxJGlQNUQULLNJnnrWFoPinG8lYLCMGRWa8O0hzmhvZtJTMAVOTa,1.08938,2.002493,1.48125
355500,a8nOeMljqGUUIxJGlQNUQULLNJnnrWFoPinG8lYLCMGRWa8O0hzmhvZtJTMAVOTa,0.688078,2.804827,1.5262149999999999
355800,a8nOeMljqGUUIxJGlQNUQULLNJnnrWFoPinG8lYLCMGRWa8O0hzmhvZtJTMAVOTa,1.1017620000000001,1.9028779999999998,1.4107809999999998
356100,a8nOeMljqGUUIxJGlQNUQULLNJnnrWFoPinG8lYLCMGRWa8O0hzmhvZtJTMAVOTa,1.041045,4.149172,1.6633209999999998
356400,a8nOeMljqGUUIxJGlQNUQULLNJnnrWFoPinG8lYLCMGRWa8O0hzmhvZtJTMAVOTa,1.0780399999999999,2.522381,1.483148
356700,a8nOeMljqGUUIxJGlQNUQULLNJnnrWFoPinG8lYLCMGRWa8O0hzmhvZtJTMAVOTa,1.082338,1.931788,1.392262
357000,a8nOeMljqGUUIxJGlQNUQULLNJnnrWFoPinG8lYLCMGRWa8O0hzmhvZtJTMAVOTa,0.890653,2.8869740000000004,1.576691
357300,a8nOeMljqGUUIxJGlQNUQULLNJnnrWFoPinG8lYLCMGRWa8O0hzmhvZtJTMAVOTa,1.108858,2.743111,1.586751
357600,a8nOeMljqGUUIxJGlQNUQULLNJnnrWFoPinG8lYLCMGRWa8O0hzmhvZtJTMAVOTa,0.936232,10.827355,2.788392
357900,a8nOeMljqGUUIxJGlQNUQULLNJnnrWFoPinG8lYLCMGRWa8O0hzmhvZtJTMAVOTa,1.1359489999999999,10.744442,2.625058
358200,a8nOeMljqGUUIxJGlQNUQULLNJnnrWFoPinG8lYLCMGRWa8O0hzmhvZtJTMAVOTa,1.138096,3.5349150000000003,1.896568
358500,a8nOeMljqGUUIxJGlQNUQULLNJnnrWFoPinG8lYLCMGRWa8O0hzmhvZtJTMAVOTa,1.0465,23.696069,3.8518739999999996
358800,a8nOeMljqGUUIxJGlQNUQULLNJnnrWFoPinG8lYLCMGRWa8O0hzmhvZtJTMAVOTa,0.56009,2.0901509999999996,1.332039
359100,a8nOeMljqGUUIxJGlQNUQULLNJnnrWFoPinG8lYLCMGRWa8O0hzmhvZtJTMAVOTa,0.47141000000000005,2.493233,1.401065
359400,a8nOeMljqGUUIxJGlQNUQULLNJnnrWFoPinG8lYLCMGRWa8O0hzmhvZtJTMAVOTa,1.049852,1.9120009999999998,1.348932
359700,a8nOeMljqGUUIxJGlQNUQULLNJnnrWFoPinG8lYLCMGRWa8O0hzmhvZtJTMAVOTa,0.8631110000000001,2.0646720000000003,1.429519
360000,a8nOeMljqGUUIxJGlQNUQULLNJnnrWFoPinG8lYLCMGRWa8O0hzmhvZtJTMAVOTa,1.007299,2.6403630000000002,1.547199
360300,a8nOeMljqGUUIxJGlQNUQULLNJnnrWFoPinG8lYLCMGRWa8O0hzmhvZtJTMAVOTa,0.545642,2.126186,1.266075
360600,a8nOeMljqGUUIxJGlQNUQULLNJnnrWFoPinG8lYLCMGRWa8O0hzmhvZtJTMAVOTa,1.047824,2.5102729999999998,1.487273
360900,a8nOeMljqGUUIxJGlQNUQULLNJnnrWFoPinG8lYLCMGRWa8O0hzmhvZtJTMAVOTa,0.537432,2.623781,1.4242139999999999
361200,a8nOeMljqGUUIxJGlQNUQULLNJnnrWFoPinG8lYLCMGRWa8O0hzmhvZtJTMAVOTa,1.058159,1.938188,1.360155
361500,a8nOeMljqGUUIxJGlQNUQULLNJnnrWFoPinG8lYLCMGRWa8O0hzmhvZtJTMAVOTa,0.710508,1.823219,1.314406
361800,a8nOeMljqGUUIxJGlQNUQULLNJnnrWFoPinG8lYLCMGRWa8O0hzmhvZtJTMAVOTa,1.075369,2.8317200000000002,1.523536
362100,a8nOeMljqGUUIxJGlQNUQULLNJnnrWFoPinG8lYLCMGRWa8O0hzmhvZtJTMAVOTa,1.050189,26.256594,3.850806
362400,a8nOeMljqGUUIxJGlQNUQULLNJnnrWFoPinG8lYLCMGRWa8O0hzmhvZtJTMAVOTa,0.56514,2.160142,1.337124
362700,a8nOeMljqGUUIxJGlQNUQULLNJnnrWFoPinG8lYLCMGRWa8O0hzmhvZtJTMAVOTa,1.020593,2.3136240000000003,1.469632
363000,a8nOeMljqGUUIxJGlQNUQULLNJnnrWFoPinG8lYLCMGRWa8O0hzmhvZtJTMAVOTa,0.587434,2.098757,1.18659
363300,a8nOeMljqGUUIxJGlQNUQULLNJnnrWFoPinG8lYLCMGRWa8O0hzmhvZtJTMAVOTa,0.99595,2.848528,1.433741
363600,a8nOeMljqGUUIxJGlQNUQULLNJnnrWFoPinG8lYLCMGRWa8O0hzmhvZtJTMAVOTa,0.8786450000000001,2.595326,1.441532
363900,a8nOeMljqGUUIxJGlQNUQULLNJnnrWFoPinG8lYLCMGRWa8O0hzmhvZtJTMAVOTa,1.018384,2.25284,1.3966290000000001
364200,a8nOeMljqGUUIxJGlQNUQULLNJnnrWFoPinG8lYLCMGRWa8O0hzmhvZtJTMAVOTa,1.053896,2.256337,1.419358
364500,a8nOeMljqGUUIxJGlQNUQULLNJnnrWFoPinG8lYLCMGRWa8O0hzmhvZtJTMAVOTa,1.0188840000000001,41.941466,9.203619999999999
364800,a8nOeMljqGUUIxJGlQNUQULLNJnnrWFoPinG8lYLCMGRWa8O0hzmhvZtJTMAVOTa,1.063697,3.076604,1.512736
365100,a8nOeMljqGUUIxJGlQNUQULLNJnnrWFoPinG8lYLCMGRWa8O0hzmhvZtJTMAVOTa,0.6994130000000001,2.882404,1.498317
365400,a8nOeMljqGUUIxJGlQNUQULLNJnnrWFoPinG8lYLCMGRWa8O0hzmhvZtJTMAVOTa,1.0594569999999999,2.375699,1.508732
365700,a8nOeMljqGUUIxJGlQNUQULLNJnnrWFoPinG8lYLCMGRWa8O0hzmhvZtJTMAVOTa,0.92519,24.551420999999998,3.9473800000000003
366000,a8nOeMljqGUUIxJGlQNUQULLNJnnrWFoPinG8lYLCMGRWa8O0hzmhvZtJTMAVOTa,1.06024,2.972995,1.47536
366300,a8nOeMljqGUUIxJGlQNUQULLNJnnrWFoPinG8lYLCMGRWa8O0hzmhvZtJTMAVOTa,1.018717,2.576832,1.572822
366600,a8nOeMljqGUUIxJGlQNUQULLNJnnrWFoPinG8lYLCMGRWa8O0hzmhvZtJTMAVOTa,1.022826,2.156068,1.393824
366900,a8nOeMljqGUUIxJGlQNUQULLNJnnrWFoPinG8lYLCMGRWa8O0hzmhvZtJTMAVOTa,1.024135,2.9246950000000003,1.463192
367200,a8nOeMljqGUUIxJGlQNUQULLNJnnrWFoPinG8lYLCMGRWa8O0hzmhvZtJTMAVOTa,1.006032,2.407588,1.504069
367500,a8nOeMljqGUUIxJGlQNUQULLNJnnrWFoPinG8lYLCMGRWa8O0hzmhvZtJTMAVOTa,0.630892,2.236966,1.37786
367800,a8nOeMljqGUUIxJGlQNUQULLNJnnrWFoPinG8lYLCMGRWa8O0hzmhvZtJTMAVOTa,0.652228,3.207153,1.448008
368100,a8nOeMljqGUUIxJGlQNUQULLNJnnrWFoPinG8lYLCMGRWa8O0hzmhvZtJTMAVOTa,1.063812,2.448245,1.570653
368400,a8nOeMljqGUUIxJGlQNUQULLNJnnrWFoPinG8lYLCMGRWa8O0hzmhvZtJTMAVOTa,0.860928,2.118684,1.361356
368700,a8nOeMljqGUUIxJGlQNUQULLNJnnrWFoPinG8lYLCMGRWa8O0hzmhvZtJTMAVOTa,1.019707,2.943678,1.438661
369000,a8nOeMljqGUUIxJGlQNUQULLNJnnrWFoPinG8lYLCMGRWa8O0hzmhvZtJTMAVOTa,0.71007,2.494843,1.466863
369300,a8nOeMljqGUUIxJGlQNUQULLNJnnrWFoPinG8lYLCMGRWa8O0hzmhvZtJTMAVOTa,1.004605,25.966081,3.8563730000000005
369600,a8nOeMljqGUUIxJGlQNUQULLNJnnrWFoPinG8lYLCMGRWa8O0hzmhvZtJTMAVOTa,1.0370030000000001,3.008044,1.4463549999999998
369900,a8nOeMljqGUUIxJGlQNUQULLNJnnrWFoPinG8lYLCMGRWa8O0hzmhvZtJTMAVOTa,1.023377,2.537785,1.485025
370200,a8nOeMljqGUUIxJGlQNUQULLNJnnrWFoPinG8lYLCMGRWa8O0hzmhvZtJTMAVOTa,0.716309,2.236622,1.392072
370500,a8nOeMljqGUUIxJGlQNUQULLNJnnrWFoPinG8lYLCMGRWa8O0hzmhvZtJTMAVOTa,0.631497,2.979584,1.450787
370800,a8nOeMljqGUUIxJGlQNUQULLNJnnrWFoPinG8lYLCMGRWa8O0hzmhvZtJTMAVOTa,1.041623,2.4578919999999997,1.503526
371100,a8nOeMljqGUUIxJGlQNUQULLNJnnrWFoPinG8lYLCMGRWa8O0hzmhvZtJTMAVOTa,1.0373780000000001,2.213132,1.428164
371400,a8nOeMljqGUUIxJGlQNUQULLNJnnrWFoPinG8lYLCMGRWa8O0hzmhvZtJTMAVOTa,1.013455,3.47175,1.5608790000000001
371700,a8nOeMljqGUUIxJGlQNUQULLNJnnrWFoPinG8lYLCMGRWa8O0hzmhvZtJTMAVOTa,0.604183,2.499258,1.487252
372000,a8nOeMljqGUUIxJGlQNUQULLNJnnrWFoPinG8lYLCMGRWa8O0hzmhvZtJTMAVOTa,1.044102,2.165221,1.352959
372300,a8nOeMljqGUUIxJGlQNUQULLNJnnrWFoPinG8lYLCMGRWa8O0hzmhvZtJTMAVOTa,1.0176040000000002,3.12466,1.518758
372600,a8nOeMljqGUUIxJGlQNUQULLNJnnrWFoPinG8lYLCMGRWa8O0hzmhvZtJTMAVOTa,1.013683,2.440983,1.553028
372900,a8nOeMljqGUUIxJGlQNUQULLNJnnrWFoPinG8lYLCMGRWa8O0hzmhvZtJTMAVOTa,1.041758,26.045143,4.0116879999999995
373200,a8nOeMljqGUUIxJGlQNUQULLNJnnrWFoPinG8lYLCMGRWa8O0hzmhvZtJTMAVOTa,1.063699,2.860723,1.500946
373500,a8nOeMljqGUUIxJGlQNUQULLNJnnrWFoPinG8lYLCMGRWa8O0hzmhvZtJTMAVOTa,1.038093,2.4832229999999997,1.504677
373800,a8nOeMljqGUUIxJGlQNUQULLNJnnrWFoPinG8lYLCMGRWa8O0hzmhvZtJTMAVOTa,1.009768,2.184756,1.398516
374100,a8nOeMljqGUUIxJGlQNUQULLNJnnrWFoPinG8lYLCMGRWa8O0hzmhvZtJTMAVOTa,1.028238,2.906705,1.4629889999999999
374400,a8nOeMljqGUUIxJGlQNUQULLNJnnrWFoPinG8lYLCMGRWa8O0hzmhvZtJTMAVOTa,1.02142,2.5655240000000004,1.51734
374700,a8nOeMljqGUUIxJGlQNUQULLNJnnrWFoPinG8lYLCMGRWa8O0hzmhvZtJTMAVOTa,1.014014,2.007816,1.346083
375000,a8nOeMljqGUUIxJGlQNUQULLNJnnrWFoPinG8lYLCMGRWa8O0hzmhvZtJTMAVOTa,0.662513,3.264345,1.404566
375300,a8nOeMljqGUUIxJGlQNUQULLNJnnrWFoPinG8lYLCMGRWa8O0hzmhvZtJTMAVOTa,1.050073,2.43016,1.487017
375600,a8nOeMljqGUUIxJGlQNUQULLNJnnrWFoPinG8lYLCMGRWa8O0hzmhvZtJTMAVOTa,1.004222,2.061845,1.357522
375900,a8nOeMljqGUUIxJGlQNUQULLNJnnrWFoPinG8lYLCMGRWa8O0hzmhvZtJTMAVOTa,0.802022,2.981656,1.422002
376200,a8nOeMljqGUUIxJGlQNUQULLNJnnrWFoPinG8lYLCMGRWa8O0hzmhvZtJTMAVOTa,1.004212,2.4645200000000003,1.558452
376500,a8nOeMljqGUUIxJGlQNUQULLNJnnrWFoPinG8lYLCMGRWa8O0hzmhvZtJTMAVOTa,1.087417,21.043717,3.9244529999999997
376800,a8nOeMljqGUUIxJGlQNUQULLNJnnrWFoPinG8lYLCMGRWa8O0hzmhvZtJTMAVOTa,1.043631,2.829091,1.523004
377100,a8nOeMljqGUUIxJGlQNUQULLNJnnrWFoPinG8lYLCMGRWa8O0hzmhvZtJTMAVOTa,0.9501040000000001,2.652407,1.567891
377400,a8nOeMljqGUUIxJGlQNUQULLNJnnrWFoPinG8lYLCMGRWa8O0hzmhvZtJTMAVOTa,1.0270489999999999,1.9436650000000002,1.374451
377700,a8nOeMljqGUUIxJGlQNUQULLNJnnrWFoPinG8lYLCMGRWa8O0hzmhvZtJTMAVOTa,1.0029,3.026678,1.4436790000000002
378000,a8nOeMljqGUUIxJGlQNUQULLNJnnrWFoPinG8lYLCMGRWa8O0hzmhvZtJTMAVOTa,1.069813,2.618667,1.520802
378300,a8nOeMljqGUUIxJGlQNUQULLNJnnrWFoPinG8lYLCMGRWa8O0hzmhvZtJTMAVOTa,1.110841,2.2627650000000004,1.5431059999999999
378600,a8nOeMljqGUUIxJGlQNUQULLNJnnrWFoPinG8lYLCMGRWa8O0hzmhvZtJTMAVOTa,1.014375,3.138074,1.575504
378900,a8nOeMljqGUUIxJGlQNUQULLNJnnrWFoPinG8lYLCMGRWa8O0hzmhvZtJTMAVOTa,1.095017,2.488874,1.563974
379200,a8nOeMljqGUUIxJGlQNUQULLNJnnrWFoPinG8lYLCMGRWa8O0hzmhvZtJTMAVOTa,1.062818,2.276341,1.485644
379500,a8nOeMljqGUUIxJGlQNUQULLNJnnrWFoPinG8lYLCMGRWa8O0hzmhvZtJTMAVOTa,1.044206,2.8847810000000003,1.5413700000000001
379800,a8nOeMljqGUUIxJGlQNUQULLNJnnrWFoPinG8lYLCMGRWa8O0hzmhvZtJTMAVOTa,0.47247100000000003,2.368574,1.448412
380100,a8nOeMljqGUUIxJGlQNUQULLNJnnrWFoPinG8lYLCMGRWa8O0hzmhvZtJTMAVOTa,1.067166,25.935841,3.916866
380400,a8nOeMljqGUUIxJGlQNUQULLNJnnrWFoPinG8lYLCMGRWa8O0hzmhvZtJTMAVOTa,0.7051350000000001,2.8010080000000004,1.407551
380700,a8nOeMljqGUUIxJGlQNUQULLNJnnrWFoPinG8lYLCMGRWa8O0hzmhvZtJTMAVOTa,1.038988,2.372001,1.5027979999999999
381000,a8nOeMljqGUUIxJGlQNUQULLNJnnrWFoPinG8lYLCMGRWa8O0hzmhvZtJTMAVOTa,0.897185,2.351391,1.406173
381300,a8nOeMljqGUUIxJGlQNUQULLNJnnrWFoPinG8lYLCMGRWa8O0hzmhvZtJTMAVOTa,0.654812,2.775111,1.438598
381600,a8nOeMljqGUUIxJGlQNUQULLNJnnrWFoPinG8lYLCMGRWa8O0hzmhvZtJTMAVOTa,1.0882020000000001,2.378118,1.580059
381900,a8nOeMljqGUUIxJGlQNUQULLNJnnrWFoPinG8lYLCMGRWa8O0hzmhvZtJTMAVOTa,0.65287,2.1945040000000002,1.340938
382200,a8nOeMljqGUUIxJGlQNUQULLNJnnrWFoPinG8lYLCMGRWa8O0hzmhvZtJTMAVOTa,0.9987149999999999,3.055266,1.478933
382500,a8nOeMljqGUUIxJGlQNUQULLNJnnrWFoPinG8lYLCMGRWa8O0hzmhvZtJTMAVOTa,1.048327,2.319037,1.6189049999999998
382800,a8nOeMljqGUUIxJGlQNUQULLNJnnrWFoPinG8lYLCMGRWa8O0hzmhvZtJTMAVOTa,1.098198,2.082536,1.431539
383100,a8nOeMljqGUUIxJGlQNUQULLNJnnrWFoPinG8lYLCMGRWa8O0hzmhvZtJTMAVOTa,1.0529899999999999,2.7637169999999998,1.4435040000000001
383400,a8nOeMljqGUUIxJGlQNUQULLNJnnrWFoPinG8lYLCMGRWa8O0hzmhvZtJTMAVOTa,1.0708229999999999,2.334202,1.489157
383700,a8nOeMljqGUUIxJGlQNUQULLNJnnrWFoPinG8lYLCMGRWa8O0hzmhvZtJTMAVOTa,0.618582,25.810029999999998,3.799006
384000,a8nOeMljqGUUIxJGlQNUQULLNJnnrWFoPinG8lYLCMGRWa8O0hzmhvZtJTMAVOTa,0.73875,2.756691,1.459524
384300,a8nOeMljqGUUIxJGlQNUQULLNJnnrWFoPinG8lYLCMGRWa8O0hzmhvZtJTMAVOTa,1.08876,2.33213,1.514376
384600,a8nOeMljqGUUIxJGlQNUQULLNJnnrWFoPinG8lYLCMGRWa8O0hzmhvZtJTMAVOTa,0.585571,2.2194580000000004,1.343936
384900,a8nOeMljqGUUIxJGlQNUQULLNJnnrWFoPinG8lYLCMGRWa8O0hzmhvZtJTMAVOTa,1.068737,2.641723,1.460174
385200,a8nOeMljqGUUIxJGlQNUQULLNJnnrWFoPinG8lYLCMGRWa8O0hzmhvZtJTMAVOTa,0.63742,2.024971,1.333775
385500,a8nOeMljqGUUIxJGlQNUQULLNJnnrWFoPinG8lYLCMGRWa8O0hzmhvZtJTMAVOTa,0.9999290000000001,2.1475470000000003,1.449926
385800,a8nOeMljqGUUIxJGlQNUQULLNJnnrWFoPinG8lYLCMGRWa8O0hzmhvZtJTMAVOTa,0.619059,2.380284,1.350959
386100,a8nOeMljqGUUIxJGlQNUQULLNJnnrWFoPinG8lYLCMGRWa8O0hzmhvZtJTMAVOTa,1.0155239999999999,2.146385,1.399127
386400,a8nOeMljqGUUIxJGlQNUQULLNJnnrWFoPinG8lYLCMGRWa8O0hzmhvZtJTMAVOTa,1.007642,2.063695,1.37286
386700,a8nOeMljqGUUIxJGlQNUQULLNJnnrWFoPinG8lYLCMGRWa8O0hzmhvZtJTMAVOTa,1.013156,2.2468150000000002,1.41539
387000,a8nOeMljqGUUIxJGlQNUQULLNJnnrWFoPinG8lYLCMGRWa8O0hzmhvZtJTMAVOTa,1.035566,2.0823840000000002,1.398359
387300,a8nOeMljqGUUIxJGlQNUQULLNJnnrWFoPinG8lYLCMGRWa8O0hzmhvZtJTMAVOTa,0.6985100000000001,17.947541,3.7590519999999996
387600,a8nOeMljqGUUIxJGlQNUQULLNJnnrWFoPinG8lYLCMGRWa8O0hzmhvZtJTMAVOTa,1.024435,2.348959,1.429441
387900,a8nOeMljqGUUIxJGlQNUQULLNJnnrWFoPinG8lYLCMGRWa8O0hzmhvZtJTMAVOTa,0.885434,2.068848,1.2893940000000002
388200,a8nOeMljqGUUIxJGlQNUQULLNJnnrWFoPinG8lYLCMGRWa8O0hzmhvZtJTMAVOTa,1.056668,2.144645,1.5126030000000001
388500,a8nOeMljqGUUIxJGlQNUQULLNJnnrWFoPinG8lYLCMGRWa8O0hzmhvZtJTMAVOTa,0.7288939999999999,2.088444,1.304641
388800,a8nOeMljqGUUIxJGlQNUQULLNJnnrWFoPinG8lYLCMGRWa8O0hzmhvZtJTMAVOTa,1.048389,2.100209,1.4288299999999998
389100,a8nOeMljqGUUIxJGlQNUQULLNJnnrWFoPinG8lYLCMGRWa8O0hzmhvZtJTMAVOTa,0.477512,2.1519939999999997,1.328739
389400,a8nOeMljqGUUIxJGlQNUQULLNJnnrWFoPinG8lYLCMGRWa8O0hzmhvZtJTMAVOTa,0.7695649999999999,2.2971060000000003,1.3708770000000001
389700,a8nOeMljqGUUIxJGlQNUQULLNJnnrWFoPinG8lYLCMGRWa8O0hzmhvZtJTMAVOTa,1.001557,2.315087,1.443527
390000,a8nOeMljqGUUIxJGlQNUQULLNJnnrWFoPinG8lYLCMGRWa8O0hzmhvZtJTMAVOTa,0.50124,1.9639779999999998,1.288489
390300,a8nOeMljqGUUIxJGlQNUQULLNJnnrWFoPinG8lYLCMGRWa8O0hzmhvZtJTMAVOTa,1.019691,2.328195,1.42693
390600,a8nOeMljqGUUIxJGlQNUQULLNJnnrWFoPinG8lYLCMGRWa8O0hzmhvZtJTMAVOTa,0.5078630000000001,2.301997,1.318548
390900,a8nOeMljqGUUIxJGlQNUQULLNJnnrWFoPinG8lYLCMGRWa8O0hzmhvZtJTMAVOTa,1.02775,26.165895000000003,3.946933
391200,a8nOeMljqGUUIxJGlQNUQULLNJnnrWFoPinG8lYLCMGRWa8O0hzmhvZtJTMAVOTa,0.751847,2.160861,1.317479
391500,a8nOeMljqGUUIxJGlQNUQULLNJnnrWFoPinG8lYLCMGRWa8O0hzmhvZtJTMAVOTa,1.006664,2.109591,1.400431
391800,a8nOeMljqGUUIxJGlQNUQULLNJnnrWFoPinG8lYLCMGRWa8O0hzmhvZtJTMAVOTa,1.013164,2.178086,1.449826
392100,a8nOeMljqGUUIxJGlQNUQULLNJnnrWFoPinG8lYLCMGRWa8O0hzmhvZtJTMAVOTa,0.523217,2.204975,1.272521
392400,a8nOeMljqGUUIxJGlQNUQULLNJnnrWFoPinG8lYLCMGRWa8O0hzmhvZtJTMAVOTa,1.046668,2.374428,1.51624
392700,a8nOeMljqGUUIxJGlQNUQULLNJnnrWFoPinG8lYLCMGRWa8O0hzmhvZtJTMAVOTa,0.894624,20.3563,3.3220059999999996
393000,a8nOeMljqGUUIxJGlQNUQULLNJnnrWFoPinG8lYLCMGRWa8O0hzmhvZtJTMAVOTa,1.054445,2.4960720000000003,1.5140209999999998
393300,a8nOeMljqGUUIxJGlQNUQULLNJnnrWFoPinG8lYLCMGRWa8O0hzmhvZtJTMAVOTa,0.635486,41.786984999999994,9.095153999999999
393600,a8nOeMljqGUUIxJGlQNUQULLNJnnrWFoPinG8lYLCMGRWa8O0hzmhvZtJTMAVOTa,1.044937,3.0332169999999996,1.7168619999999999
393900,a8nOeMljqGUUIxJGlQNUQULLNJnnrWFoPinG8lYLCMGRWa8O0hzmhvZtJTMAVOTa,1.03128,1.998662,1.393248
394200,a8nOeMljqGUUIxJGlQNUQULLNJnnrWFoPinG8lYLCMGRWa8O0hzmhvZtJTMAVOTa,1.0415530000000002,2.159226,1.436836
394500,a8nOeMljqGUUIxJGlQNUQULLNJnnrWFoPinG8lYLCMGRWa8O0hzmhvZtJTMAVOTa,0.791279,26.678134000000004,3.945867
394800,a8nOeMljqGUUIxJGlQNUQULLNJnnrWFoPinG8lYLCMGRWa8O0hzmhvZtJTMAVOTa,1.071593,2.211341,1.387259
395100,a8nOeMljqGUUIxJGlQNUQULLNJnnrWFoPinG8lYLCMGRWa8O0hzmhvZtJTMAVOTa,1.042706,2.272607,1.440642
395400,a8nOeMljqGUUIxJGlQNUQULLNJnnrWFoPinG8lYLCMGRWa8O0hzmhvZtJTMAVOTa,0.9225270000000001,2.118933,1.333213
395700,a8nOeMljqGUUIxJGlQNUQULLNJnnrWFoPinG8lYLCMGRWa8O0hzmhvZtJTMAVOTa,1.0327629999999999,2.178902,1.410593
396000,a8nOeMljqGUUIxJGlQNUQULLNJnnrWFoPinG8lYLCMGRWa8O0hzmhvZtJTMAVOTa,0.808601,2.248999,1.31724
396300,a8nOeMljqGUUIxJGlQNUQULLNJnnrWFoPinG8lYLCMGRWa8O0hzmhvZtJTMAVOTa,1.0310139999999999,2.215857,1.446339
396600,a8nOeMljqGUUIxJGlQNUQULLNJnnrWFoPinG8lYLCMGRWa8O0hzmhvZtJTMAVOTa,0.668716,2.198966,1.289018
396900,a8nOeMljqGUUIxJGlQNUQULLNJnnrWFoPinG8lYLCMGRWa8O0hzmhvZtJTMAVOTa,1.0353450000000002,18.835798999999998,3.328543
397200,a8nOeMljqGUUIxJGlQNUQULLNJnnrWFoPinG8lYLCMGRWa8O0hzmhvZtJTMAVOTa,0.9777290000000001,2.087972,1.433252
397500,a8nOeMljqGUUIxJGlQNUQULLNJnnrWFoPinG8lYLCMGRWa8O0hzmhvZtJTMAVOTa,0.77565,2.14158,1.381322
397800,a8nOeMljqGUUIxJGlQNUQULLNJnnrWFoPinG8lYLCMGRWa8O0hzmhvZtJTMAVOTa,1.085243,2.074383,1.435559
398100,a8nOeMljqGUUIxJGlQNUQULLNJnnrWFoPinG8lYLCMGRWa8O0hzmhvZtJTMAVOTa,1.056926,14.433066,2.747382
398400,a8nOeMljqGUUIxJGlQNUQULLNJnnrWFoPinG8lYLCMGRWa8O0hzmhvZtJTMAVOTa,1.09598,2.283787,1.494665
398700,a8nOeMljqGUUIxJGlQNUQULLNJnnrWFoPinG8lYLCMGRWa8O0hzmhvZtJTMAVOTa,0.796806,2.0942790000000002,1.307392
399000,a8nOeMljqGUUIxJGlQNUQULLNJnnrWFoPinG8lYLCMGRWa8O0hzmhvZtJTMAVOTa,1.034115,2.139509,1.511176
399300,a8nOeMljqGUUIxJGlQNUQULLNJnnrWFoPinG8lYLCMGRWa8O0hzmhvZtJTMAVOTa,0.870216,2.027167,1.321688
399600,a8nOeMljqGUUIxJGlQNUQULLNJnnrWFoPinG8lYLCMGRWa8O0hzmhvZtJTMAVOTa,1.035302,2.103313,1.398607
399900,a8nOeMljqGUUIxJGlQNUQULLNJnnrWFoPinG8lYLCMGRWa8O0hzmhvZtJTMAVOTa,1.055536,2.3367400000000003,1.40601
400200,a8nOeMljqGUUIxJGlQNUQULLNJnnrWFoPinG8lYLCMGRWa8O0hzmhvZtJTMAVOTa,1.037325,2.271115,1.3786450000000001
400500,a8nOeMljqGUUIxJGlQNUQULLNJnnrWFoPinG8lYLCMGRWa8O0hzmhvZtJTMAVOTa,1.101294,2.11828,1.452304
400800,a8nOeMljqGUUIxJGlQNUQULLNJnnrWFoPinG8lYLCMGRWa8O0hzmhvZtJTMAVOTa,1.050999,2.519098,1.435271
401100,a8nOeMljqGUUIxJGlQNUQULLNJnnrWFoPinG8lYLCMGRWa8O0hzmhvZtJTMAVOTa,1.113697,2.350532,1.614695
401400,a8nOeMljqGUUIxJGlQNUQULLNJnnrWFoPinG8lYLCMGRWa8O0hzmhvZtJTMAVOTa,1.048289,2.306966,1.436188
401700,a8nOeMljqGUUIxJGlQNUQULLNJnnrWFoPinG8lYLCMGRWa8O0hzmhvZtJTMAVOTa,1.0815489999999999,26.848867,3.967715
402000,a8nOeMljqGUUIxJGlQNUQULLNJnnrWFoPinG8lYLCMGRWa8O0hzmhvZtJTMAVOTa,1.0805069999999999,2.174674,1.3927399999999999
402300,a8nOeMljqGUUIxJGlQNUQULLNJnnrWFoPinG8lYLCMGRWa8O0hzmhvZtJTMAVOTa,1.041367,2.0434240000000004,1.401491
402600,a8nOeMljqGUUIxJGlQNUQULLNJnnrWFoPinG8lYLCMGRWa8O0hzmhvZtJTMAVOTa,0.917298,2.32051,1.40907
402900,a8nOeMljqGUUIxJGlQNUQULLNJnnrWFoPinG8lYLCMGRWa8O0hzmhvZtJTMAVOTa,1.005893,2.1396330000000003,1.370052
403200,a8nOeMljqGUUIxJGlQNUQULLNJnnrWFoPinG8lYLCMGRWa8O0hzmhvZtJTMAVOTa,1.030801,2.143075,1.44435
403500,a8nOeMljqGUUIxJGlQNUQULLNJnnrWFoPinG8lYLCMGRWa8O0hzmhvZtJTMAVOTa,1.037407,3.9476739999999997,1.7993740000000003
403800,a8nOeMljqGUUIxJGlQNUQULLNJnnrWFoPinG8lYLCMGRWa8O0hzmhvZtJTMAVOTa,1.084975,2.431021,1.515916
404100,a8nOeMljqGUUIxJGlQNUQULLNJnnrWFoPinG8lYLCMGRWa8O0hzmhvZtJTMAVOTa,0.853865,2.196228,1.3424479999999999
404400,a8nOeMljqGUUIxJGlQNUQULLNJnnrWFoPinG8lYLCMGRWa8O0hzmhvZtJTMAVOTa,1.0294860000000001,2.453208,1.526477
404700,a8nOeMljqGUUIxJGlQNUQULLNJnnrWFoPinG8lYLCMGRWa8O0hzmhvZtJTMAVOTa,1.045867,2.3012189999999997,1.381628
405000,a8nOeMljqGUUIxJGlQNUQULLNJnnrWFoPinG8lYLCMGRWa8O0hzmhvZtJTMAVOTa,1.048997,2.164707,1.44343
405300,a8nOeMljqGUUIxJGlQNUQULLNJnnrWFoPinG8lYLCMGRWa8O0hzmhvZtJTMAVOTa,1.005795,26.666457,4.163663
405600,a8nOeMljqGUUIxJGlQNUQULLNJnnrWFoPinG8lYLCMGRWa8O0hzmhvZtJTMAVOTa,1.079142,7.328386999999999,2.73429
405900,a8nOeMljqGUUIxJGlQNUQULLNJnnrWFoPinG8lYLCMGRWa8O0hzmhvZtJTMAVOTa,1.071358,2.1439939999999997,1.424069
406200,a8nOeMljqGUUIxJGlQNUQULLNJnnrWFoPinG8lYLCMGRWa8O0hzmhvZtJTMAVOTa,0.782801,2.262717,1.380475
406500,a8nOeMljqGUUIxJGlQNUQULLNJnnrWFoPinG8lYLCMGRWa8O0hzmhvZtJTMAVOTa,1.09704,2.193134,1.4801389999999999
406800,a8nOeMljqGUUIxJGlQNUQULLNJnnrWFoPinG8lYLCMGRWa8O0hzmhvZtJTMAVOTa,0.9966959999999999,2.289205,1.441817
407100,a8nOeMljqGUUIxJGlQNUQULLNJnnrWFoPinG8lYLCMGRWa8O0hzmhvZtJTMAVOTa,1.102103,2.4847099999999998,1.539872
407400,a8nOeMljqGUUIxJGlQNUQULLNJnnrWFoPinG8lYLCMGRWa8O0hzmhvZtJTMAVOTa,0.6145430000000001,2.8540400000000004,1.375521
407700,a8nOeMljqGUUIxJGlQNUQULLNJnnrWFoPinG8lYLCMGRWa8O0hzmhvZtJTMAVOTa,1.073396,2.197767,1.440358
408000,a8nOeMljqGUUIxJGlQNUQULLNJnnrWFoPinG8lYLCMGRWa8O0hzmhvZtJTMAVOTa,0.612056,3.093317,1.334272
408300,a8nOeMljqGUUIxJGlQNUQULLNJnnrWFoPinG8lYLCMGRWa8O0hzmhvZtJTMAVOTa,0.996108,2.461535,1.466465
408600,a8nOeMljqGUUIxJGlQNUQULLNJnnrWFoPinG8lYLCMGRWa8O0hzmhvZtJTMAVOTa,0.756784,2.077904,1.296427
408900,a8nOeMljqGUUIxJGlQNUQULLNJnnrWFoPinG8lYLCMGRWa8O0hzmhvZtJTMAVOTa,1.072993,16.202891,3.961699
409200,a8nOeMljqGUUIxJGlQNUQULLNJnnrWFoPinG8lYLCMGRWa8O0hzmhvZtJTMAVOTa,0.5957,2.490316,1.329599
409500,a8nOeMljqGUUIxJGlQNUQULLNJnnrWFoPinG8lYLCMGRWa8O0hzmhvZtJTMAVOTa,1.081559,2.102166,1.424836
409800,a8nOeMljqGUUIxJGlQNUQULLNJnnrWFoPinG8lYLCMGRWa8O0hzmhvZtJTMAVOTa,1.080526,1.9873310000000002,1.357672
410100,a8nOeMljqGUUIxJGlQNUQULLNJnnrWFoPinG8lYLCMGRWa8O0hzmhvZtJTMAVOTa,1.09517,2.085988,1.404887
410400,a8nOeMljqGUUIxJGlQNUQULLNJnnrWFoPinG8lYLCMGRWa8O0hzmhvZtJTMAVOTa,1.040675,2.230747,1.493156
410700,a8nOeMljqGUUIxJGlQNUQULLNJnnrWFoPinG8lYLCMGRWa8O0hzmhvZtJTMAVOTa,1.070026,3.105602,1.475358
411000,a8nOeMljqGUUIxJGlQNUQULLNJnnrWFoPinG8lYLCMGRWa8O0hzmhvZtJTMAVOTa,1.016469,2.6006709999999997,1.5056
411300,a8nOeMljqGUUIxJGlQNUQULLNJnnrWFoPinG8lYLCMGRWa8O0hzmhvZtJTMAVOTa,0.541439,2.167451,1.296773
411600,a8nOeMljqGUUIxJGlQNUQULLNJnnrWFoPinG8lYLCMGRWa8O0hzmhvZtJTMAVOTa,1.01502,2.986951,1.448636
411900,a8nOeMljqGUUIxJGlQNUQULLNJnnrWFoPinG8lYLCMGRWa8O0hzmhvZtJTMAVOTa,1.0457530000000002,2.49906,1.455829
412200,a8nOeMljqGUUIxJGlQNUQULLNJnnrWFoPinG8lYLCMGRWa8O0hzmhvZtJTMAVOTa,1.0596510000000001,2.0678229999999997,1.425186
412500,a8nOeMljqGUUIxJGlQNUQULLNJnnrWFoPinG8lYLCMGRWa8O0hzmhvZtJTMAVOTa,1.010581,26.938468,3.8145870000000004
412800,a8nOeMljqGUUIxJGlQNUQULLNJnnrWFoPinG8lYLCMGRWa8O0hzmhvZtJTMAVOTa,0.59285,2.140775,1.250614
413100,a8nOeMljqGUUIxJGlQNUQULLNJnnrWFoPinG8lYLCMGRWa8O0hzmhvZtJTMAVOTa,1.0427739999999999,2.20361,1.454213
413400,a8nOeMljqGUUIxJGlQNUQULLNJnnrWFoPinG8lYLCMGRWa8O0hzmhvZtJTMAVOTa,0.751996,2.914413,1.315423
413700,a8nOeMljqGUUIxJGlQNUQULLNJnnrWFoPinG8lYLCMGRWa8O0hzmhvZtJTMAVOTa,1.061375,2.473952,1.467427
414000,a8nOeMljqGUUIxJGlQNUQULLNJnnrWFoPinG8lYLCMGRWa8O0hzmhvZtJTMAVOTa,0.658624,2.215791,1.3044879999999999
414300,a8nOeMljqGUUIxJGlQNUQULLNJnnrWFoPinG8lYLCMGRWa8O0hzmhvZtJTMAVOTa,1.032931,3.031714,1.478767
414600,a8nOeMljqGUUIxJGlQNUQULLNJnnrWFoPinG8lYLCMGRWa8O0hzmhvZtJTMAVOTa,1.012203,2.386044,1.457946
414900,a8nOeMljqGUUIxJGlQNUQULLNJnnrWFoPinG8lYLCMGRWa8O0hzmhvZtJTMAVOTa,1.016281,2.122298,1.3872229999999999
415200,a8nOeMljqGUUIxJGlQNUQULLNJnnrWFoPinG8lYLCMGRWa8O0hzmhvZtJTMAVOTa,0.994028,2.005114,1.3304639999999999
415500,a8nOeMljqGUUIxJGlQNUQULLNJnnrWFoPinG8lYLCMGRWa8O0hzmhvZtJTMAVOTa,1.0522799999999999,2.182614,1.368914
415800,a8nOeMljqGUUIxJGlQNUQULLNJnnrWFoPinG8lYLCMGRWa8O0hzmhvZtJTMAVOTa,1.062613,2.2014259999999997,1.4131340000000001
416100,a8nOeMljqGUUIxJGlQNUQULLNJnnrWFoPinG8lYLCMGRWa8O0hzmhvZtJTMAVOTa,1.050653,3.090267,1.476652
416400,a8nOeMljqGUUIxJGlQNUQULLNJnnrWFoPinG8lYLCMGRWa8O0hzmhvZtJTMAVOTa,1.019133,2.665752,1.45471
416700,a8nOeMljqGUUIxJGlQNUQULLNJnnrWFoPinG8lYLCMGRWa8O0hzmhvZtJTMAVOTa,1.024733,2.202648,1.338834
417000,a8nOeMljqGUUIxJGlQNUQULLNJnnrWFoPinG8lYLCMGRWa8O0hzmhvZtJTMAVOTa,1.0188760000000001,3.075152,1.43173
417300,a8nOeMljqGUUIxJGlQNUQULLNJnnrWFoPinG8lYLCMGRWa8O0hzmhvZtJTMAVOTa,1.0499049999999999,2.595255,1.433294
417600,a8nOeMljqGUUIxJGlQNUQULLNJnnrWFoPinG8lYLCMGRWa8O0hzmhvZtJTMAVOTa,1.00694,2.14185,1.435586
417900,a8nOeMljqGUUIxJGlQNUQULLNJnnrWFoPinG8lYLCMGRWa8O0hzmhvZtJTMAVOTa,1.030921,2.029904,1.3370790000000001
418200,a8nOeMljqGUUIxJGlQNUQULLNJnnrWFoPinG8lYLCMGRWa8O0hzmhvZtJTMAVOTa,0.603342,2.509688,1.305416
418500,a8nOeMljqGUUIxJGlQNUQULLNJnnrWFoPinG8lYLCMGRWa8O0hzmhvZtJTMAVOTa,1.029878,2.137681,1.428297
418800,a8nOeMljqGUUIxJGlQNUQULLNJnnrWFoPinG8lYLCMGRWa8O0hzmhvZtJTMAVOTa,0.846669,2.984412,1.328414
419100,a8nOeMljqGUUIxJGlQNUQULLNJnnrWFoPinG8lYLCMGRWa8O0hzmhvZtJTMAVOTa,1.035355,2.63194,1.463617
419400,a8nOeMljqGUUIxJGlQNUQULLNJnnrWFoPinG8lYLCMGRWa8O0hzmhvZtJTMAVOTa,0.612219,2.231322,1.3023559999999998
419700,a8nOeMljqGUUIxJGlQNUQULLNJnnrWFoPinG8lYLCMGRWa8O0hzmhvZtJTMAVOTa,1.035526,19.900388,3.915622
420000,a8nOeMljqGUUIxJGlQNUQULLNJnnrWFoPinG8lYLCMGRWa8O0hzmhvZtJTMAVOTa,1.0339909999999999,2.4169240000000003,1.434256
420300,a8nOeMljqGUUIxJGlQNUQULLNJnnrWFoPinG8lYLCMGRWa8O0hzmhvZtJTMAVOTa,1.040151,2.150757,1.404519
420600,a8nOeMljqGUUIxJGlQNUQULLNJnnrWFoPinG8lYLCMGRWa8O0hzmhvZtJTMAVOTa,1.0419120000000002,1.915042,1.33857
420900,a8nOeMljqGUUIxJGlQNUQULLNJnnrWFoPinG8lYLCMGRWa8O0hzmhvZtJTMAVOTa,1.0387979999999999,2.049768,1.395634
421200,a8nOeMljqGUUIxJGlQNUQULLNJnnrWFoPinG8lYLCMGRWa8O0hzmhvZtJTMAVOTa,1.064273,2.111843,1.444657
421500,a8nOeMljqGUUIxJGlQNUQULLNJnnrWFoPinG8lYLCMGRWa8O0hzmhvZtJTMAVOTa,1.056645,3.022218,1.416793
421800,a8nOeMljqGUUIxJGlQNUQULLNJnnrWFoPinG8lYLCMGRWa8O0hzmhvZtJTMAVOTa,1.0159479999999999,2.4540490000000004,1.5490899999999999
422100,a8nOeMljqGUUIxJGlQNUQULLNJnnrWFoPinG8lYLCMGRWa8O0hzmhvZtJTMAVOTa,0.95752,41.934631,9.200477000000001
422400,a8nOeMljqGUUIxJGlQNUQULLNJnnrWFoPinG8lYLCMGRWa8O0hzmhvZtJTMAVOTa,1.137191,4.08229,1.7255150000000001
422700,a8nOeMljqGUUIxJGlQNUQULLNJnnrWFoPinG8lYLCMGRWa8O0hzmhvZtJTMAVOTa,1.036525,2.623081,1.447454
423000,a8nOeMljqGUUIxJGlQNUQULLNJnnrWFoPinG8lYLCMGRWa8O0hzmhvZtJTMAVOTa,1.0741290000000001,2.170203,1.499314
423300,a8nOeMljqGUUIxJGlQNUQULLNJnnrWFoPinG8lYLCMGRWa8O0hzmhvZtJTMAVOTa,1.004594,26.420594,3.849763
423600,a8nOeMljqGUUIxJGlQNUQULLNJnnrWFoPinG8lYLCMGRWa8O0hzmhvZtJTMAVOTa,1.084782,3.136555,1.552411
423900,a8nOeMljqGUUIxJGlQNUQULLNJnnrWFoPinG8lYLCMGRWa8O0hzmhvZtJTMAVOTa,1.076329,2.098044,1.458453
424200,a8nOeMljqGUUIxJGlQNUQULLNJnnrWFoPinG8lYLCMGRWa8O0hzmhvZtJTMAVOTa,1.0763969999999998,3.9084160000000003,1.6963869999999999
424500,a8nOeMljqGUUIxJGlQNUQULLNJnnrWFoPinG8lYLCMGRWa8O0hzmhvZtJTMAVOTa,1.0144819999999999,2.374165,1.421145
424800,a8nOeMljqGUUIxJGlQNUQULLNJnnrWFoPinG8lYLCMGRWa8O0hzmhvZtJTMAVOTa,0.73832,2.088882,1.31522
425100,a8nOeMljqGUUIxJGlQNUQULLNJnnrWFoPinG8lYLCMGRWa8O0hzmhvZtJTMAVOTa,1.08334,2.864288,1.477434
425400,a8nOeMljqGUUIxJGlQNUQULLNJnnrWFoPinG8lYLCMGRWa8O0hzmhvZtJTMAVOTa,0.741216,2.5813509999999997,1.374932
425700,a8nOeMljqGUUIxJGlQNUQULLNJnnrWFoPinG8lYLCMGRWa8O0hzmhvZtJTMAVOTa,1.096769,2.038422,1.416932
426000,a8nOeMljqGUUIxJGlQNUQULLNJnnrWFoPinG8lYLCMGRWa8O0hzmhvZtJTMAVOTa,0.49828199999999995,2.256802,1.256996
426300,a8nOeMljqGUUIxJGlQNUQULLNJnnrWFoPinG8lYLCMGRWa8O0hzmhvZtJTMAVOTa,0.718166,2.308252,1.342336
426600,a8nOeMljqGUUIxJGlQNUQULLNJnnrWFoPinG8lYLCMGRWa8O0hzmhvZtJTMAVOTa,1.1181590000000001,2.190095,1.4890370000000002
426900,a8nOeMljqGUUIxJGlQNUQULLNJnnrWFoPinG8lYLCMGRWa8O0hzmhvZtJTMAVOTa,0.6176689999999999,27.635,3.980825
427200,a8nOeMljqGUUIxJGlQNUQULLNJnnrWFoPinG8lYLCMGRWa8O0hzmhvZtJTMAVOTa,1.033959,2.2416009999999997,1.4108610000000001
427500,a8nOeMljqGUUIxJGlQNUQULLNJnnrWFoPinG8lYLCMGRWa8O0hzmhvZtJTMAVOTa,0.5471050000000001,2.1408709999999997,1.3017370000000001
427800,a8nOeMljqGUUIxJGlQNUQULLNJnnrWFoPinG8lYLCMGRWa8O0hzmhvZtJTMAVOTa,1.051593,2.7962849999999997,1.447195
428100,a8nOeMljqGUUIxJGlQNUQULLNJnnrWFoPinG8lYLCMGRWa8O0hzmhvZtJTMAVOTa,1.037511,2.258252,1.380923
428400,a8nOeMljqGUUIxJGlQNUQULLNJnnrWFoPinG8lYLCMGRWa8O0hzmhvZtJTMAVOTa,1.050162,2.117891,1.417577
428700,a8nOeMljqGUUIxJGlQNUQULLNJnnrWFoPinG8lYLCMGRWa8O0hzmhvZtJTMAVOTa,1.0173889999999999,5.107309,1.705917
429000,a8nOeMljqGUUIxJGlQNUQULLNJnnrWFoPinG8lYLCMGRWa8O0hzmhvZtJTMAVOTa,1.0056559999999999,5.724131,1.7905119999999999
429300,a8nOeMljqGUUIxJGlQNUQULLNJnnrWFoPinG8lYLCMGRWa8O0hzmhvZtJTMAVOTa,1.047315,2.1803220000000003,1.4303700000000001
429600,a8nOeMljqGUUIxJGlQNUQULLNJnnrWFoPinG8lYLCMGRWa8O0hzmhvZtJTMAVOTa,1.0871309999999998,21.626208,3.459949
429900,a8nOeMljqGUUIxJGlQNUQULLNJnnrWFoPinG8lYLCMGRWa8O0hzmhvZtJTMAVOTa,1.06034,2.211065,1.376083
430200,a8nOeMljqGUUIxJGlQNUQULLNJnnrWFoPinG8lYLCMGRWa8O0hzmhvZtJTMAVOTa,1.070799,12.491653999999999,2.613543
430500,a8nOeMljqGUUIxJGlQNUQULLNJnnrWFoPinG8lYLCMGRWa8O0hzmhvZtJTMAVOTa,1.041323,24.080009,3.723756
430800,a8nOeMljqGUUIxJGlQNUQULLNJnnrWFoPinG8lYLCMGRWa8O0hzmhvZtJTMAVOTa,1.018917,2.1946779999999997,1.408142
431100,a8nOeMljqGUUIxJGlQNUQULLNJnnrWFoPinG8lYLCMGRWa8O0hzmhvZtJTMAVOTa,1.067942,2.151927,1.481148
431400,a8nOeMljqGUUIxJGlQNUQULLNJnnrWFoPinG8lYLCMGRWa8O0hzmhvZtJTMAVOTa,1.088243,2.256063,1.454832
431700,a8nOeMljqGUUIxJGlQNUQULLNJnnrWFoPinG8lYLCMGRWa8O0hzmhvZtJTMAVOTa,1.0604200000000001,2.399318,1.50147
432000,a8nOeMljqGUUIxJGlQNUQULLNJnnrWFoPinG8lYLCMGRWa8O0hzmhvZtJTMAVOTa,1.051483,2.164351,1.525788
432300,a8nOeMljqGUUIxJGlQNUQULLNJnnrWFoPinG8lYLCMGRWa8O0hzmhvZtJTMAVOTa,1.072159,2.3770849999999997,1.593963
432600,a8nOeMljqGUUIxJGlQNUQULLNJnnrWFoPinG8lYLCMGRWa8O0hzmhvZtJTMAVOTa,1.031827,2.3379659999999998,1.432186
432900,a8nOeMljqGUUIxJGlQNUQULLNJnnrWFoPinG8lYLCMGRWa8O0hzmhvZtJTMAVOTa,1.004349,2.1151470000000003,1.580571
433200,a8nOeMljqGUUIxJGlQNUQULLNJnnrWFoPinG8lYLCMGRWa8O0hzmhvZtJTMAVOTa,1.012807,2.260527,1.479119
433500,a8nOeMljqGUUIxJGlQNUQULLNJnnrWFoPinG8lYLCMGRWa8O0hzmhvZtJTMAVOTa,1.0631760000000001,3.6488379999999996,1.663352
433800,a8nOeMljqGUUIxJGlQNUQULLNJnnrWFoPinG8lYLCMGRWa8O0hzmhvZtJTMAVOTa,1.064218,2.152687,1.517058
434100,a8nOeMljqGUUIxJGlQNUQULLNJnnrWFoPinG8lYLCMGRWa8O0hzmhvZtJTMAVOTa,1.040149,27.558513,4.228133000000001
434400,a8nOeMljqGUUIxJGlQNUQULLNJnnrWFoPinG8lYLCMGRWa8O0hzmhvZtJTMAVOTa,1.060913,2.449102,1.450573
434700,a8nOeMljqGUUIxJGlQNUQULLNJnnrWFoPinG8lYLCMGRWa8O0hzmhvZtJTMAVOTa,1.0287680000000001,2.1439529999999998,1.487473
435000,a8nOeMljqGUUIxJGlQNUQULLNJnnrWFoPinG8lYLCMGRWa8O0hzmhvZtJTMAVOTa,1.066999,2.736998,1.647677
435300,a8nOeMljqGUUIxJGlQNUQULLNJnnrWFoPinG8lYLCMGRWa8O0hzmhvZtJTMAVOTa,1.0236370000000001,2.099997,1.33073
435600,a8nOeMljqGUUIxJGlQNUQULLNJnnrWFoPinG8lYLCMGRWa8O0hzmhvZtJTMAVOTa,1.0051370000000002,2.194498,1.635561
435900,a8nOeMljqGUUIxJGlQNUQULLNJnnrWFoPinG8lYLCMGRWa8O0hzmhvZtJTMAVOTa,1.079728,2.167374,1.438115
436200,a8nOeMljqGUUIxJGlQNUQULLNJnnrWFoPinG8lYLCMGRWa8O0hzmhvZtJTMAVOTa,1.050833,4.415298,2.03003
436500,a8nOeMljqGUUIxJGlQNUQULLNJnnrWFoPinG8lYLCMGRWa8O0hzmhvZtJTMAVOTa,1.047935,2.2116919999999998,1.498258
436800,a8nOeMljqGUUIxJGlQNUQULLNJnnrWFoPinG8lYLCMGRWa8O0hzmhvZtJTMAVOTa,1.062295,2.3670869999999997,1.4825
437100,a8nOeMljqGUUIxJGlQNUQULLNJnnrWFoPinG8lYLCMGRWa8O0hzmhvZtJTMAVOTa,1.035146,2.6025840000000002,1.495257
437400,a8nOeMljqGUUIxJGlQNUQULLNJnnrWFoPinG8lYLCMGRWa8O0hzmhvZtJTMAVOTa,1.089641,2.293632,1.52766
437700,a8nOeMljqGUUIxJGlQNUQULLNJnnrWFoPinG8lYLCMGRWa8O0hzmhvZtJTMAVOTa,1.0498459999999998,23.152533,3.890921
438000,a8nOeMljqGUUIxJGlQNUQULLNJnnrWFoPinG8lYLCMGRWa8O0hzmhvZtJTMAVOTa,1.0839729999999999,5.222954,1.825795
438300,a8nOeMljqGUUIxJGlQNUQULLNJnnrWFoPinG8lYLCMGRWa8O0hzmhvZtJTMAVOTa,1.1200510000000001,3.6313730000000004,1.784605
438600,a8nOeMljqGUUIxJGlQNUQULLNJnnrWFoPinG8lYLCMGRWa8O0hzmhvZtJTMAVOTa,1.0692760000000001,2.255587,1.484781
438900,a8nOeMljqGUUIxJGlQNUQULLNJnnrWFoPinG8lYLCMGRWa8O0hzmhvZtJTMAVOTa,1.067057,3.63826,1.6373030000000002
439200,a8nOeMljqGUUIxJGlQNUQULLNJnnrWFoPinG8lYLCMGRWa8O0hzmhvZtJTMAVOTa,1.109707,2.248798,1.558489
439500,a8nOeMljqGUUIxJGlQNUQULLNJnnrWFoPinG8lYLCMGRWa8O0hzmhvZtJTMAVOTa,1.0177969999999998,3.401365,1.612971
439800,a8nOeMljqGUUIxJGlQNUQULLNJnnrWFoPinG8lYLCMGRWa8O0hzmhvZtJTMAVOTa,1.024746,3.017689,1.545101
440100,a8nOeMljqGUUIxJGlQNUQULLNJnnrWFoPinG8lYLCMGRWa8O0hzmhvZtJTMAVOTa,1.08859,21.35073,3.594361
440400,a8nOeMljqGUUIxJGlQNUQULLNJnnrWFoPinG8lYLCMGRWa8O0hzmhvZtJTMAVOTa,1.021888,2.593368,1.6295879999999998
440700,a8nOeMljqGUUIxJGlQNUQULLNJnnrWFoPinG8lYLCMGRWa8O0hzmhvZtJTMAVOTa,1.000687,2.1263009999999998,1.359069
441000,a8nOeMljqGUUIxJGlQNUQULLNJnnrWFoPinG8lYLCMGRWa8O0hzmhvZtJTMAVOTa,1.0435649999999999,2.910682,1.7317919999999998
441300,a8nOeMljqGUUIxJGlQNUQULLNJnnrWFoPinG8lYLCMGRWa8O0hzmhvZtJTMAVOTa,1.04027,2.1092299999999997,1.460494
441600,a8nOeMljqGUUIxJGlQNUQULLNJnnrWFoPinG8lYLCMGRWa8O0hzmhvZtJTMAVOTa,1.051449,26.822603000000004,4.2936879999999995
441900,a8nOeMljqGUUIxJGlQNUQULLNJnnrWFoPinG8lYLCMGRWa8O0hzmhvZtJTMAVOTa,1.0631329999999999,2.309455,1.500142
442200,a8nOeMljqGUUIxJGlQNUQULLNJnnrWFoPinG8lYLCMGRWa8O0hzmhvZtJTMAVOTa,1.041015,2.746497,1.505996
442500,a8nOeMljqGUUIxJGlQNUQULLNJnnrWFoPinG8lYLCMGRWa8O0hzmhvZtJTMAVOTa,0.8972600000000001,2.116398,1.312293
442800,a8nOeMljqGUUIxJGlQNUQULLNJnnrWFoPinG8lYLCMGRWa8O0hzmhvZtJTMAVOTa,1.0197180000000001,2.196973,1.4852809999999999
443100,a8nOeMljqGUUIxJGlQNUQULLNJnnrWFoPinG8lYLCMGRWa8O0hzmhvZtJTMAVOTa,0.997605,2.158366,1.4239469999999999
443400,a8nOeMljqGUUIxJGlQNUQULLNJnnrWFoPinG8lYLCMGRWa8O0hzmhvZtJTMAVOTa,0.9974430000000001,2.325879,1.5225899999999999
443700,a8nOeMljqGUUIxJGlQNUQULLNJnnrWFoPinG8lYLCMGRWa8O0hzmhvZtJTMAVOTa,1.058078,2.229263,1.579575
444000,a8nOeMljqGUUIxJGlQNUQULLNJnnrWFoPinG8lYLCMGRWa8O0hzmhvZtJTMAVOTa,1.071668,10.642052,2.903485
444300,a8nOeMljqGUUIxJGlQNUQULLNJnnrWFoPinG8lYLCMGRWa8O0hzmhvZtJTMAVOTa,1.041344,11.45336,2.52779
444600,a8nOeMljqGUUIxJGlQNUQULLNJnnrWFoPinG8lYLCMGRWa8O0hzmhvZtJTMAVOTa,1.1733930000000001,2.24802,1.721909
444900,a8nOeMljqGUUIxJGlQNUQULLNJnnrWFoPinG8lYLCMGRWa8O0hzmhvZtJTMAVOTa,0.989812,2.045656,1.3458629999999998
445200,a8nOeMljqGUUIxJGlQNUQULLNJnnrWFoPinG8lYLCMGRWa8O0hzmhvZtJTMAVOTa,1.112108,26.82897,3.9528199999999996
445500,a8nOeMljqGUUIxJGlQNUQULLNJnnrWFoPinG8lYLCMGRWa8O0hzmhvZtJTMAVOTa,1.035963,2.168275,1.43424
445800,a8nOeMljqGUUIxJGlQNUQULLNJnnrWFoPinG8lYLCMGRWa8O0hzmhvZtJTMAVOTa,0.9895010000000001,2.031787,1.437527
446100,a8nOeMljqGUUIxJGlQNUQULLNJnnrWFoPinG8lYLCMGRWa8O0hzmhvZtJTMAVOTa,1.037663,2.0883990000000003,1.352433
446400,a8nOeMljqGUUIxJGlQNUQULLNJnnrWFoPinG8lYLCMGRWa8O0hzmhvZtJTMAVOTa,1.016678,2.224502,1.477743
446700,a8nOeMljqGUUIxJGlQNUQULLNJnnrWFoPinG8lYLCMGRWa8O0hzmhvZtJTMAVOTa,1.035965,2.092482,1.432036
447000,a8nOeMljqGUUIxJGlQNUQULLNJnnrWFoPinG8lYLCMGRWa8O0hzmhvZtJTMAVOTa,0.9976200000000001,3.121771,1.5011809999999999
447300,a8nOeMljqGUUIxJGlQNUQULLNJnnrWFoPinG8lYLCMGRWa8O0hzmhvZtJTMAVOTa,0.996541,2.1632130000000003,1.483657
447600,a8nOeMljqGUUIxJGlQNUQULLNJnnrWFoPinG8lYLCMGRWa8O0hzmhvZtJTMAVOTa,0.98544,3.646792,1.62043
447900,a8nOeMljqGUUIxJGlQNUQULLNJnnrWFoPinG8lYLCMGRWa8O0hzmhvZtJTMAVOTa,1.009174,2.126426,1.385449
448200,a8nOeMljqGUUIxJGlQNUQULLNJnnrWFoPinG8lYLCMGRWa8O0hzmhvZtJTMAVOTa,0.9400629999999999,2.4078779999999997,1.451994
448500,a8nOeMljqGUUIxJGlQNUQULLNJnnrWFoPinG8lYLCMGRWa8O0hzmhvZtJTMAVOTa,0.9850270000000001,2.023188,1.366341
448800,a8nOeMljqGUUIxJGlQNUQULLNJnnrWFoPinG8lYLCMGRWa8O0hzmhvZtJTMAVOTa,1.025412,17.776621,3.865772
449100,a8nOeMljqGUUIxJGlQNUQULLNJnnrWFoPinG8lYLCMGRWa8O0hzmhvZtJTMAVOTa,0.9382530000000001,2.193341,1.417397
449400,a8nOeMljqGUUIxJGlQNUQULLNJnnrWFoPinG8lYLCMGRWa8O0hzmhvZtJTMAVOTa,1.033828,2.081257,1.425414
449700,a8nOeMljqGUUIxJGlQNUQULLNJnnrWFoPinG8lYLCMGRWa8O0hzmhvZtJTMAVOTa,0.986318,2.131041,1.289022
450000,a8nOeMljqGUUIxJGlQNUQULLNJnnrWFoPinG8lYLCMGRWa8O0hzmhvZtJTMAVOTa,1.02369,2.288088,1.492171
450300,a8nOeMljqGUUIxJGlQNUQULLNJnnrWFoPinG8lYLCMGRWa8O0hzmhvZtJTMAVOTa,1.0621770000000001,2.172601,1.402951
450600,a8nOeMljqGUUIxJGlQNUQULLNJnnrWFoPinG8lYLCMGRWa8O0hzmhvZtJTMAVOTa,0.945867,2.628407,1.417912
450900,a8nOeMljqGUUIxJGlQNUQULLNJnnrWFoPinG8lYLCMGRWa8O0hzmhvZtJTMAVOTa,0.98625,38.447951,9.103584
451200,a8nOeMljqGUUIxJGlQNUQULLNJnnrWFoPinG8lYLCMGRWa8O0hzmhvZtJTMAVOTa,1.007272,2.907546,1.632654
451500,a8nOeMljqGUUIxJGlQNUQULLNJnnrWFoPinG8lYLCMGRWa8O0hzmhvZtJTMAVOTa,1.0349469999999998,2.189514,1.36848
451800,a8nOeMljqGUUIxJGlQNUQULLNJnnrWFoPinG8lYLCMGRWa8O0hzmhvZtJTMAVOTa,1.009539,18.522114000000002,3.191733
452100,a8nOeMljqGUUIxJGlQNUQULLNJnnrWFoPinG8lYLCMGRWa8O0hzmhvZtJTMAVOTa,0.9858379999999999,2.518595,1.526343
452400,a8nOeMljqGUUIxJGlQNUQULLNJnnrWFoPinG8lYLCMGRWa8O0hzmhvZtJTMAVOTa,1.033801,27.597507,5.781422
452700,a8nOeMljqGUUIxJGlQNUQULLNJnnrWFoPinG8lYLCMGRWa8O0hzmhvZtJTMAVOTa,0.995632,2.900762,1.479997
453000,a8nOeMljqGUUIxJGlQNUQULLNJnnrWFoPinG8lYLCMGRWa8O0hzmhvZtJTMAVOTa,0.9444239999999999,2.4172439999999997,1.442356
453300,a8nOeMljqGUUIxJGlQNUQULLNJnnrWFoPinG8lYLCMGRWa8O0hzmhvZtJTMAVOTa,1.060115,2.0314360000000002,1.3504969999999998
453600,a8nOeMljqGUUIxJGlQNUQULLNJnnrWFoPinG8lYLCMGRWa8O0hzmhvZtJTMAVOTa,0.490721,3.2920529999999997,1.4697040000000001
453900,a8nOeMljqGUUIxJGlQNUQULLNJnnrWFoPinG8lYLCMGRWa8O0hzmhvZtJTMAVOTa,0.43910600000000005,2.6357209999999998,1.410309
454200,a8nOeMljqGUUIxJGlQNUQULLNJnnrWFoPinG8lYLCMGRWa8O0hzmhvZtJTMAVOTa,1.017113,2.251105,1.417827
454500,a8nOeMljqGUUIxJGlQNUQULLNJnnrWFoPinG8lYLCMGRWa8O0hzmhvZtJTMAVOTa,0.9264600000000001,3.115344,1.5611680000000001
454800,a8nOeMljqGUUIxJGlQNUQULLNJnnrWFoPinG8lYLCMGRWa8O0hzmhvZtJTMAVOTa,0.9967290000000001,2.606353,1.453311
455100,a8nOeMljqGUUIxJGlQNUQULLNJnnrWFoPinG8lYLCMGRWa8O0hzmhvZtJTMAVOTa,0.47285200000000005,2.06173,1.304819
455400,a8nOeMljqGUUIxJGlQNUQULLNJnnrWFoPinG8lYLCMGRWa8O0hzmhvZtJTMAVOTa,0.966802,3.030709,1.4936049999999998
455700,a8nOeMljqGUUIxJGlQNUQULLNJnnrWFoPinG8lYLCMGRWa8O0hzmhvZtJTMAVOTa,0.9720989999999999,2.447602,1.4452690000000001
456000,a8nOeMljqGUUIxJGlQNUQULLNJnnrWFoPinG8lYLCMGRWa8O0hzmhvZtJTMAVOTa,0.9404370000000001,26.900235,3.831311
456300,a8nOeMljqGUUIxJGlQNUQULLNJnnrWFoPinG8lYLCMGRWa8O0hzmhvZtJTMAVOTa,0.939908,3.1729540000000003,1.534334
456600,a8nOeMljqGUUIxJGlQNUQULLNJnnrWFoPinG8lYLCMGRWa8O0hzmhvZtJTMAVOTa,0.978858,2.7174709999999997,1.475783
456900,a8nOeMljqGUUIxJGlQNUQULLNJnnrWFoPinG8lYLCMGRWa8O0hzmhvZtJTMAVOTa,0.961435,2.419654,1.401357
457200,a8nOeMljqGUUIxJGlQNUQULLNJnnrWFoPinG8lYLCMGRWa8O0hzmhvZtJTMAVOTa,0.755007,2.98672,1.5270139999999999
457500,a8nOeMljqGUUIxJGlQNUQULLNJnnrWFoPinG8lYLCMGRWa8O0hzmhvZtJTMAVOTa,0.9391209999999999,2.619777,1.456717
457800,a8nOeMljqGUUIxJGlQNUQULLNJnnrWFoPinG8lYLCMGRWa8O0hzmhvZtJTMAVOTa,0.9743860000000001,2.44084,1.4113200000000001
458100,a8nOeMljqGUUIxJGlQNUQULLNJnnrWFoPinG8lYLCMGRWa8O0hzmhvZtJTMAVOTa,0.965425,3.252155,1.509639
458400,a8nOeMljqGUUIxJGlQNUQULLNJnnrWFoPinG8lYLCMGRWa8O0hzmhvZtJTMAVOTa,0.93553,2.571883,1.423913
458700,a8nOeMljqGUUIxJGlQNUQULLNJnnrWFoPinG8lYLCMGRWa8O0hzmhvZtJTMAVOTa,0.925018,2.331844,1.326921
459000,a8nOeMljqGUUIxJGlQNUQULLNJnnrWFoPinG8lYLCMGRWa8O0hzmhvZtJTMAVOTa,0.500491,3.372356,1.477737
459300,a8nOeMljqGUUIxJGlQNUQULLNJnnrWFoPinG8lYLCMGRWa8O0hzmhvZtJTMAVOTa,0.6914319999999999,2.64149,1.409702
459600,a8nOeMljqGUUIxJGlQNUQULLNJnnrWFoPinG8lYLCMGRWa8O0hzmhvZtJTMAVOTa,0.913417,14.575234,3.8441419999999997
459900,a8nOeMljqGUUIxJGlQNUQULLNJnnrWFoPinG8lYLCMGRWa8O0hzmhvZtJTMAVOTa,0.501474,3.031377,1.486974
460200,a8nOeMljqGUUIxJGlQNUQULLNJnnrWFoPinG8lYLCMGRWa8O0hzmhvZtJTMAVOTa,0.948743,2.4235740000000003,1.426864
460500,a8nOeMljqGUUIxJGlQNUQULLNJnnrWFoPinG8lYLCMGRWa8O0hzmhvZtJTMAVOTa,0.679177,2.227347,1.317034
460800,a8nOeMljqGUUIxJGlQNUQULLNJnnrWFoPinG8lYLCMGRWa8O0hzmhvZtJTMAVOTa,0.936742,3.021209,1.502844
461100,a8nOeMljqGUUIxJGlQNUQULLNJnnrWFoPinG8lYLCMGRWa8O0hzmhvZtJTMAVOTa,0.983145,2.507819,1.437447
461400,a8nOeMljqGUUIxJGlQNUQULLNJnnrWFoPinG8lYLCMGRWa8O0hzmhvZtJTMAVOTa,0.971143,2.346392,1.397031
461700,a8nOeMljqGUUIxJGlQNUQULLNJnnrWFoPinG8lYLCMGRWa8O0hzmhvZtJTMAVOTa,0.7732319999999999,3.202823,1.474164
462000,a8nOeMljqGUUIxJGlQNUQULLNJnnrWFoPinG8lYLCMGRWa8O0hzmhvZtJTMAVOTa,0.9676549999999999,2.549371,1.483252
462300,a8nOeMljqGUUIxJGlQNUQULLNJnnrWFoPinG8lYLCMGRWa8O0hzmhvZtJTMAVOTa,0.9434049999999999,2.275288,1.3242969999999998
462600,a8nOeMljqGUUIxJGlQNUQULLNJnnrWFoPinG8lYLCMGRWa8O0hzmhvZtJTMAVOTa,0.997899,2.9435919999999998,1.575899
462900,a8nOeMljqGUUIxJGlQNUQULLNJnnrWFoPinG8lYLCMGRWa8O0hzmhvZtJTMAVOTa,0.9320360000000001,2.6199939999999997,1.443978
463200,a8nOeMljqGUUIxJGlQNUQULLNJnnrWFoPinG8lYLCMGRWa8O0hzmhvZtJTMAVOTa,0.506325,26.029164,3.798053
463500,a8nOeMljqGUUIxJGlQNUQULLNJnnrWFoPinG8lYLCMGRWa8O0hzmhvZtJTMAVOTa,0.9292959999999999,2.963348,1.480936
463800,a8nOeMljqGUUIxJGlQNUQULLNJnnrWFoPinG8lYLCMGRWa8O0hzmhvZtJTMAVOTa,0.642074,2.705814,1.404244
464100,a8nOeMljqGUUIxJGlQNUQULLNJnnrWFoPinG8lYLCMGRWa8O0hzmhvZtJTMAVOTa,0.95593,2.29502,1.376958
464400,a8nOeMljqGUUIxJGlQNUQULLNJnnrWFoPinG8lYLCMGRWa8O0hzmhvZtJTMAVOTa,0.786887,3.25743,1.512294
464700,a8nOeMljqGUUIxJGlQNUQULLNJnnrWFoPinG8lYLCMGRWa8O0hzmhvZtJTMAVOTa,0.6990609999999999,2.744759,1.428021
465000,a8nOeMljqGUUIxJGlQNUQULLNJnnrWFoPinG8lYLCMGRWa8O0hzmhvZtJTMAVOTa,0.9762190000000001,2.474279,1.461676
465300,a8nOeMljqGUUIxJGlQNUQULLNJnnrWFoPinG8lYLCMGRWa8O0hzmhvZtJTMAVOTa,0.551983,3.134147,1.464094
465600,a8nOeMljqGUUIxJGlQNUQULLNJnnrWFoPinG8lYLCMGRWa8O0hzmhvZtJTMAVOTa,0.9787020000000001,2.4602630000000003,1.496864
465900,a8nOeMljqGUUIxJGlQNUQULLNJnnrWFoPinG8lYLCMGRWa8O0hzmhvZtJTMAVOTa,0.9268870000000001,2.180446,1.3513819999999999
466200,a8nOeMljqGUUIxJGlQNUQULLNJnnrWFoPinG8lYLCMGRWa8O0hzmhvZtJTMAVOTa,0.942477,3.132199,1.57609
466500,a8nOeMljqGUUIxJGlQNUQULLNJnnrWFoPinG8lYLCMGRWa8O0hzmhvZtJTMAVOTa,0.600165,2.627024,1.401445
466800,a8nOeMljqGUUIxJGlQNUQULLNJnnrWFoPinG8lYLCMGRWa8O0hzmhvZtJTMAVOTa,0.9763729999999999,26.316284999999997,3.870393
467100,a8nOeMljqGUUIxJGlQNUQULLNJnnrWFoPinG8lYLCMGRWa8O0hzmhvZtJTMAVOTa,0.9851790000000001,3.1870979999999998,1.676769
467400,a8nOeMljqGUUIxJGlQNUQULLNJnnrWFoPinG8lYLCMGRWa8O0hzmhvZtJTMAVOTa,1.0101200000000001,2.64357,1.546577
467700,a8nOeMljqGUUIxJGlQNUQULLNJnnrWFoPinG8lYLCMGRWa8O0hzmhvZtJTMAVOTa,0.9921639999999999,2.302189,1.3602370000000001
468000,a8nOeMljqGUUIxJGlQNUQULLNJnnrWFoPinG8lYLCMGRWa8O0hzmhvZtJTMAVOTa,0.625066,2.8859169999999996,1.47522
468300,a8nOeMljqGUUIxJGlQNUQULLNJnnrWFoPinG8lYLCMGRWa8O0hzmhvZtJTMAVOTa,1.012613,2.546026,1.476365
468600,a8nOeMljqGUUIxJGlQNUQULLNJnnrWFoPinG8lYLCMGRWa8O0hzmhvZtJTMAVOTa,0.9803620000000001,2.417352,1.4199709999999999
468900,a8nOeMljqGUUIxJGlQNUQULLNJnnrWFoPinG8lYLCMGRWa8O0hzmhvZtJTMAVOTa,1.014198,2.995072,1.510174
469200,a8nOeMljqGUUIxJGlQNUQULLNJnnrWFoPinG8lYLCMGRWa8O0hzmhvZtJTMAVOTa,1.031823,2.3934290000000003,1.445714
469500,a8nOeMljqGUUIxJGlQNUQULLNJnnrWFoPinG8lYLCMGRWa8O0hzmhvZtJTMAVOTa,1.058128,4.193566000000001,1.640628
469800,a8nOeMljqGUUIxJGlQNUQULLNJnnrWFoPinG8lYLCMGRWa8O0hzmhvZtJTMAVOTa,0.824139,3.4078120000000003,1.5702120000000002
470100,a8nOeMljqGUUIxJGlQNUQULLNJnnrWFoPinG8lYLCMGRWa8O0hzmhvZtJTMAVOTa,0.815992,2.671503,1.44205
470400,a8nOeMljqGUUIxJGlQNUQULLNJnnrWFoPinG8lYLCMGRWa8O0hzmhvZtJTMAVOTa,0.9937469999999999,18.934965,3.957867
470700,a8nOeMljqGUUIxJGlQNUQULLNJnnrWFoPinG8lYLCMGRWa8O0hzmhvZtJTMAVOTa,0.775938,2.8092799999999998,1.4857120000000001
471000,a8nOeMljqGUUIxJGlQNUQULLNJnnrWFoPinG8lYLCMGRWa8O0hzmhvZtJTMAVOTa,0.9688610000000001,2.566033,1.456766
471300,a8nOeMljqGUUIxJGlQNUQULLNJnnrWFoPinG8lYLCMGRWa8O0hzmhvZtJTMAVOTa,1.033031,2.256838,1.4680360000000001
471600,a8nOeMljqGUUIxJGlQNUQULLNJnnrWFoPinG8lYLCMGRWa8O0hzmhvZtJTMAVOTa,0.9586809999999999,3.004004,1.517666
471900,a8nOeMljqGUUIxJGlQNUQULLNJnnrWFoPinG8lYLCMGRWa8O0hzmhvZtJTMAVOTa,1.045641,2.5423430000000002,1.5342959999999999
472200,a8nOeMljqGUUIxJGlQNUQULLNJnnrWFoPinG8lYLCMGRWa8O0hzmhvZtJTMAVOTa,1.064517,2.362343,1.413959
472500,a8nOeMljqGUUIxJGlQNUQULLNJnnrWFoPinG8lYLCMGRWa8O0hzmhvZtJTMAVOTa,0.684912,3.0684549999999997,1.464037
472800,a8nOeMljqGUUIxJGlQNUQULLNJnnrWFoPinG8lYLCMGRWa8O0hzmhvZtJTMAVOTa,0.47430900000000004,2.717653,1.385016
473100,a8nOeMljqGUUIxJGlQNUQULLNJnnrWFoPinG8lYLCMGRWa8O0hzmhvZtJTMAVOTa,1.036281,2.139378,1.353618
473400,a8nOeMljqGUUIxJGlQNUQULLNJnnrWFoPinG8lYLCMGRWa8O0hzmhvZtJTMAVOTa,0.42124300000000003,2.984784,1.453541
473700,a8nOeMljqGUUIxJGlQNUQULLNJnnrWFoPinG8lYLCMGRWa8O0hzmhvZtJTMAVOTa,0.9952629999999999,2.581035,1.476683
474000,a8nOeMljqGUUIxJGlQNUQULLNJnnrWFoPinG8lYLCMGRWa8O0hzmhvZtJTMAVOTa,0.505413,26.034218,3.8072769999999996
474300,a8nOeMljqGUUIxJGlQNUQULLNJnnrWFoPinG8lYLCMGRWa8O0hzmhvZtJTMAVOTa,0.956377,2.976872,1.462833
474600,a8nOeMljqGUUIxJGlQNUQULLNJnnrWFoPinG8lYLCMGRWa8O0hzmhvZtJTMAVOTa,0.583671,2.276929,1.345877
474900,a8nOeMljqGUUIxJGlQNUQULLNJnnrWFoPinG8lYLCMGRWa8O0hzmhvZtJTMAVOTa,1.038425,2.108214,1.383294
475200,a8nOeMljqGUUIxJGlQNUQULLNJnnrWFoPinG8lYLCMGRWa8O0hzmhvZtJTMAVOTa,0.6032649999999999,2.6126259999999997,1.462736
475500,a8nOeMljqGUUIxJGlQNUQULLNJnnrWFoPinG8lYLCMGRWa8O0hzmhvZtJTMAVOTa,0.710655,2.19088,1.314571
475800,a8nOeMljqGUUIxJGlQNUQULLNJnnrWFoPinG8lYLCMGRWa8O0hzmhvZtJTMAVOTa,1.037423,2.4170830000000003,1.5751870000000001
476100,a8nOeMljqGUUIxJGlQNUQULLNJnnrWFoPinG8lYLCMGRWa8O0hzmhvZtJTMAVOTa,1.026262,2.5490009999999996,1.629167
476400,a8nOeMljqGUUIxJGlQNUQULLNJnnrWFoPinG8lYLCMGRWa8O0hzmhvZtJTMAVOTa,1.012757,2.253193,1.3867690000000001
476700,a8nOeMljqGUUIxJGlQNUQULLNJnnrWFoPinG8lYLCMGRWa8O0hzmhvZtJTMAVOTa,1.104583,2.2173599999999998,1.505577
477000,a8nOeMljqGUUIxJGlQNUQULLNJnnrWFoPinG8lYLCMGRWa8O0hzmhvZtJTMAVOTa,1.033121,2.733816,1.559033
477300,a8nOeMljqGUUIxJGlQNUQULLNJnnrWFoPinG8lYLCMGRWa8O0hzmhvZtJTMAVOTa,0.534025,2.206112,1.365608
477600,a8nOeMljqGUUIxJGlQNUQULLNJnnrWFoPinG8lYLCMGRWa8O0hzmhvZtJTMAVOTa,1.065854,26.229737,3.975419
477900,a8nOeMljqGUUIxJGlQNUQULLNJnnrWFoPinG8lYLCMGRWa8O0hzmhvZtJTMAVOTa,0.471577,2.6014209999999998,1.489135
478200,a8nOeMljqGUUIxJGlQNUQULLNJnnrWFoPinG8lYLCMGRWa8O0hzmhvZtJTMAVOTa,0.545037,2.202097,1.308827
478500,a8nOeMljqGUUIxJGlQNUQULLNJnnrWFoPinG8lYLCMGRWa8O0hzmhvZtJTMAVOTa,1.045324,2.314828,1.489989
478800,a8nOeMljqGUUIxJGlQNUQULLNJnnrWFoPinG8lYLCMGRWa8O0hzmhvZtJTMAVOTa,0.5575220000000001,2.47822,1.4324649999999999
479100,a8nOeMljqGUUIxJGlQNUQULLNJnnrWFoPinG8lYLCMGRWa8O0hzmhvZtJTMAVOTa,1.004828,2.314333,1.392806
479400,a8nOeMljqGUUIxJGlQNUQULLNJnnrWFoPinG8lYLCMGRWa8O0hzmhvZtJTMAVOTa,0.809589,2.538568,1.491715
479700,a8nOeMljqGUUIxJGlQNUQULLNJnnrWFoPinG8lYLCMGRWa8O0hzmhvZtJTMAVOTa,1.033302,36.113193,9.514036
480000,a8nOeMljqGUUIxJGlQNUQULLNJnnrWFoPinG8lYLCMGRWa8O0hzmhvZtJTMAVOTa,1.04855,2.98906,1.6683560000000002
480300,a8nOeMljqGUUIxJGlQNUQULLNJnnrWFoPinG8lYLCMGRWa8O0hzmhvZtJTMAVOTa,1.218176,2.390269,1.6073110000000002
480600,a8nOeMljqGUUIxJGlQNUQULLNJnnrWFoPinG8lYLCMGRWa8O0hzmhvZtJTMAVOTa,1.096799,2.731894,1.619885
480900,a8nOeMljqGUUIxJGlQNUQULLNJnnrWFoPinG8lYLCMGRWa8O0hzmhvZtJTMAVOTa,0.860906,2.360168,1.414375
481200,a8nOeMljqGUUIxJGlQNUQULLNJnnrWFoPinG8lYLCMGRWa8O0hzmhvZtJTMAVOTa,1.057892,21.597077,4.049129
481500,a8nOeMljqGUUIxJGlQNUQULLNJnnrWFoPinG8lYLCMGRWa8O0hzmhvZtJTMAVOTa,0.5576949999999999,2.543297,1.4648700000000001
481800,a8nOeMljqGUUIxJGlQNUQULLNJnnrWFoPinG8lYLCMGRWa8O0hzmhvZtJTMAVOTa,0.9774930000000001,2.305126,1.379147
482100,a8nOeMljqGUUIxJGlQNUQULLNJnnrWFoPinG8lYLCMGRWa8O0hzmhvZtJTMAVOTa,0.58119,2.104176,1.404391
482400,a8nOeMljqGUUIxJGlQNUQULLNJnnrWFoPinG8lYLCMGRWa8O0hzmhvZtJTMAVOTa,1.038475,2.673777,1.625907
482700,a8nOeMljqGUUIxJGlQNUQULLNJnnrWFoPinG8lYLCMGRWa8O0hzmhvZtJTMAVOTa,0.6141409999999999,2.1628279999999998,1.333807
483000,a8nOeMljqGUUIxJGlQNUQULLNJnnrWFoPinG8lYLCMGRWa8O0hzmhvZtJTMAVOTa,1.101342,2.431,1.5181120000000001
483300,a8nOeMljqGUUIxJGlQNUQULLNJnnrWFoPinG8lYLCMGRWa8O0hzmhvZtJTMAVOTa,0.551852,2.553353,1.541785
483600,a8nOeMljqGUUIxJGlQNUQULLNJnnrWFoPinG8lYLCMGRWa8O0hzmhvZtJTMAVOTa,0.577917,19.519197,3.241723
483900,a8nOeMljqGUUIxJGlQNUQULLNJnnrWFoPinG8lYLCMGRWa8O0hzmhvZtJTMAVOTa,1.016507,2.188992,1.473283
484200,a8nOeMljqGUUIxJGlQNUQULLNJnnrWFoPinG8lYLCMGRWa8O0hzmhvZtJTMAVOTa,0.757245,2.509208,1.4868350000000001
484500,a8nOeMljqGUUIxJGlQNUQULLNJnnrWFoPinG8lYLCMGRWa8O0hzmhvZtJTMAVOTa,0.9908110000000001,2.189636,1.355488
484800,a8nOeMljqGUUIxJGlQNUQULLNJnnrWFoPinG8lYLCMGRWa8O0hzmhvZtJTMAVOTa,0.5288189999999999,2.202594,1.4221540000000001
485100,a8nOeMljqGUUIxJGlQNUQULLNJnnrWFoPinG8lYLCMGRWa8O0hzmhvZtJTMAVOTa,1.027674,2.517127,1.487279
485400,a8nOeMljqGUUIxJGlQNUQULLNJnnrWFoPinG8lYLCMGRWa8O0hzmhvZtJTMAVOTa,1.037168,2.196215,1.387442
485700,a8nOeMljqGUUIxJGlQNUQULLNJnnrWFoPinG8lYLCMGRWa8O0hzmhvZtJTMAVOTa,1.023958,2.204682,1.514821
486000,a8nOeMljqGUUIxJGlQNUQULLNJnnrWFoPinG8lYLCMGRWa8O0hzmhvZtJTMAVOTa,1.0061209999999998,2.618481,1.538049
486300,a8nOeMljqGUUIxJGlQNUQULLNJnnrWFoPinG8lYLCMGRWa8O0hzmhvZtJTMAVOTa,0.606172,2.272618,1.356125
486600,a8nOeMljqGUUIxJGlQNUQULLNJnnrWFoPinG8lYLCMGRWa8O0hzmhvZtJTMAVOTa,1.036538,2.5882549999999998,1.472175
486900,a8nOeMljqGUUIxJGlQNUQULLNJnnrWFoPinG8lYLCMGRWa8O0hzmhvZtJTMAVOTa,0.5410119999999999,2.498929,1.509233
487200,a8nOeMljqGUUIxJGlQNUQULLNJnnrWFoPinG8lYLCMGRWa8O0hzmhvZtJTMAVOTa,1.02849,2.239434,1.408199
487500,a8nOeMljqGUUIxJGlQNUQULLNJnnrWFoPinG8lYLCMGRWa8O0hzmhvZtJTMAVOTa,0.781253,2.6334619999999997,1.5890090000000001
487800,a8nOeMljqGUUIxJGlQNUQULLNJnnrWFoPinG8lYLCMGRWa8O0hzmhvZtJTMAVOTa,0.994074,2.555091,1.538258
488100,a8nOeMljqGUUIxJGlQNUQULLNJnnrWFoPinG8lYLCMGRWa8O0hzmhvZtJTMAVOTa,0.57399,2.564822,1.380578
488400,a8nOeMljqGUUIxJGlQNUQULLNJnnrWFoPinG8lYLCMGRWa8O0hzmhvZtJTMAVOTa,1.0278260000000001,26.082864999999998,3.9938269999999996
488700,a8nOeMljqGUUIxJGlQNUQULLNJnnrWFoPinG8lYLCMGRWa8O0hzmhvZtJTMAVOTa,0.567792,2.657571,1.4625139999999999
489000,a8nOeMljqGUUIxJGlQNUQULLNJnnrWFoPinG8lYLCMGRWa8O0hzmhvZtJTMAVOTa,0.603,2.0655639999999997,1.348942
489300,a8nOeMljqGUUIxJGlQNUQULLNJnnrWFoPinG8lYLCMGRWa8O0hzmhvZtJTMAVOTa,1.047276,2.132786,1.4642629999999999
489600,a8nOeMljqGUUIxJGlQNUQULLNJnnrWFoPinG8lYLCMGRWa8O0hzmhvZtJTMAVOTa,0.84754,2.504443,1.471643
489900,a8nOeMljqGUUIxJGlQNUQULLNJnnrWFoPinG8lYLCMGRWa8O0hzmhvZtJTMAVOTa,1.028993,2.2400439999999997,1.381077
490200,a8nOeMljqGUUIxJGlQNUQULLNJnnrWFoPinG8lYLCMGRWa8O0hzmhvZtJTMAVOTa,0.816789,2.259354,1.430572
490500,a8nOeMljqGUUIxJGlQNUQULLNJnnrWFoPinG8lYLCMGRWa8O0hzmhvZtJTMAVOTa,1.02886,2.490653,1.513967
490800,a8nOeMljqGUUIxJGlQNUQULLNJnnrWFoPinG8lYLCMGRWa8O0hzmhvZtJTMAVOTa,1.015257,2.389178,1.3863379999999998
491100,a8nOeMljqGUUIxJGlQNUQULLNJnnrWFoPinG8lYLCMGRWa8O0hzmhvZtJTMAVOTa,1.016063,2.320691,1.519976
491400,a8nOeMljqGUUIxJGlQNUQULLNJnnrWFoPinG8lYLCMGRWa8O0hzmhvZtJTMAVOTa,0.873029,35.383031,9.310061
491700,a8nOeMljqGUUIxJGlQNUQULLNJnnrWFoPinG8lYLCMGRWa8O0hzmhvZtJTMAVOTa,1.0422870000000002,2.452987,1.559453
492000,a8nOeMljqGUUIxJGlQNUQULLNJnnrWFoPinG8lYLCMGRWa8O0hzmhvZtJTMAVOTa,1.087756,25.819531,3.9683870000000003
492300,a8nOeMljqGUUIxJGlQNUQULLNJnnrWFoPinG8lYLCMGRWa8O0hzmhvZtJTMAVOTa,0.988325,2.46847,1.52278
492600,a8nOeMljqGUUIxJGlQNUQULLNJnnrWFoPinG8lYLCMGRWa8O0hzmhvZtJTMAVOTa,1.005249,2.189543,1.3614979999999999
492900,a8nOeMljqGUUIxJGlQNUQULLNJnnrWFoPinG8lYLCMGRWa8O0hzmhvZtJTMAVOTa,0.48888000000000004,2.140711,1.375969
493200,a8nOeMljqGUUIxJGlQNUQULLNJnnrWFoPinG8lYLCMGRWa8O0hzmhvZtJTMAVOTa,1.028985,2.451892,1.487674
493500,a8nOeMljqGUUIxJGlQNUQULLNJnnrWFoPinG8lYLCMGRWa8O0hzmhvZtJTMAVOTa,0.49751300000000004,2.3506080000000003,1.301873
493800,a8nOeMljqGUUIxJGlQNUQULLNJnnrWFoPinG8lYLCMGRWa8O0hzmhvZtJTMAVOTa,1.051468,2.364605,1.5351540000000001
494100,a8nOeMljqGUUIxJGlQNUQULLNJnnrWFoPinG8lYLCMGRWa8O0hzmhvZtJTMAVOTa,0.518508,2.759758,1.364897
494400,a8nOeMljqGUUIxJGlQNUQULLNJnnrWFoPinG8lYLCMGRWa8O0hzmhvZtJTMAVOTa,0.544376,2.161307,1.271621
494700,a8nOeMljqGUUIxJGlQNUQULLNJnnrWFoPinG8lYLCMGRWa8O0hzmhvZtJTMAVOTa,1.037826,2.420575,1.474645
495000,a8nOeMljqGUUIxJGlQNUQULLNJnnrWFoPinG8lYLCMGRWa8O0hzmhvZtJTMAVOTa,0.6703979999999999,2.49155,1.476745
495300,a8nOeMljqGUUIxJGlQNUQULLNJnnrWFoPinG8lYLCMGRWa8O0hzmhvZtJTMAVOTa,0.9962110000000001,2.126519,1.3587770000000001
495600,a8nOeMljqGUUIxJGlQNUQULLNJnnrWFoPinG8lYLCMGRWa8O0hzmhvZtJTMAVOTa,1.039015,2.306469,1.499235
495900,a8nOeMljqGUUIxJGlQNUQULLNJnnrWFoPinG8lYLCMGRWa8O0hzmhvZtJTMAVOTa,1.024805,2.497806,1.518874
496200,a8nOeMljqGUUIxJGlQNUQULLNJnnrWFoPinG8lYLCMGRWa8O0hzmhvZtJTMAVOTa,0.45055500000000004,2.239676,1.320582
496500,a8nOeMljqGUUIxJGlQNUQULLNJnnrWFoPinG8lYLCMGRWa8O0hzmhvZtJTMAVOTa,0.994812,2.419127,1.538535
496800,a8nOeMljqGUUIxJGlQNUQULLNJnnrWFoPinG8lYLCMGRWa8O0hzmhvZtJTMAVOTa,0.43608100000000005,2.6843209999999997,1.372172
497100,a8nOeMljqGUUIxJGlQNUQULLNJnnrWFoPinG8lYLCMGRWa8O0hzmhvZtJTMAVOTa,0.999344,2.244718,1.359993
497400,a8nOeMljqGUUIxJGlQNUQULLNJnnrWFoPinG8lYLCMGRWa8O0hzmhvZtJTMAVOTa,1.0692840000000001,2.562081,1.51791
497700,a8nOeMljqGUUIxJGlQNUQULLNJnnrWFoPinG8lYLCMGRWa8O0hzmhvZtJTMAVOTa,0.6828270000000001,2.54624,1.499727
498000,a8nOeMljqGUUIxJGlQNUQULLNJnnrWFoPinG8lYLCMGRWa8O0hzmhvZtJTMAVOTa,1.051739,2.175611,1.3990850000000001
498300,a8nOeMljqGUUIxJGlQNUQULLNJnnrWFoPinG8lYLCMGRWa8O0hzmhvZtJTMAVOTa,0.609991,2.343886,1.399256
498600,a8nOeMljqGUUIxJGlQNUQULLNJnnrWFoPinG8lYLCMGRWa8O0hzmhvZtJTMAVOTa,0.984401,2.5094819999999998,1.5008629999999998
498900,a8nOeMljqGUUIxJGlQNUQULLNJnnrWFoPinG8lYLCMGRWa8O0hzmhvZtJTMAVOTa,0.8670540000000001,2.3791290000000003,1.37608
499200,a8nOeMljqGUUIxJGlQNUQULLNJnnrWFoPinG8lYLCMGRWa8O0hzmhvZtJTMAVOTa,0.9974870000000001,23.981181,3.9864309999999996
499500,a8nOeMljqGUUIxJGlQNUQULLNJnnrWFoPinG8lYLCMGRWa8O0hzmhvZtJTMAVOTa,1.018731,2.59687,1.471907
499800,a8nOeMljqGUUIxJGlQNUQULLNJnnrWFoPinG8lYLCMGRWa8O0hzmhvZtJTMAVOTa,1.011084,2.2007779999999997,1.412779
500100,a8nOeMljqGUUIxJGlQNUQULLNJnnrWFoPinG8lYLCMGRWa8O0hzmhvZtJTMAVOTa,0.976009,3.168173,1.49919
500400,a8nOeMljqGUUIxJGlQNUQULLNJnnrWFoPinG8lYLCMGRWa8O0hzmhvZtJTMAVOTa,0.605102,2.630258,1.487558
500700,a8nOeMljqGUUIxJGlQNUQULLNJnnrWFoPinG8lYLCMGRWa8O0hzmhvZtJTMAVOTa,0.9557770000000001,2.170903,1.410274
501000,a8nOeMljqGUUIxJGlQNUQULLNJnnrWFoPinG8lYLCMGRWa8O0hzmhvZtJTMAVOTa,0.7176130000000001,3.341504,1.496134
501300,a8nOeMljqGUUIxJGlQNUQULLNJnnrWFoPinG8lYLCMGRWa8O0hzmhvZtJTMAVOTa,1.001895,2.791855,1.523514
501600,a8nOeMljqGUUIxJGlQNUQULLNJnnrWFoPinG8lYLCMGRWa8O0hzmhvZtJTMAVOTa,0.9746520000000001,2.39442,1.4316309999999999
501900,a8nOeMljqGUUIxJGlQNUQULLNJnnrWFoPinG8lYLCMGRWa8O0hzmhvZtJTMAVOTa,0.938531,3.054431,1.4526370000000002
502200,a8nOeMljqGUUIxJGlQNUQULLNJnnrWFoPinG8lYLCMGRWa8O0hzmhvZtJTMAVOTa,0.556805,2.70204,1.382662
502500,a8nOeMljqGUUIxJGlQNUQULLNJnnrWFoPinG8lYLCMGRWa8O0hzmhvZtJTMAVOTa,0.9854639999999999,2.214424,1.299848
502800,a8nOeMljqGUUIxJGlQNUQULLNJnnrWFoPinG8lYLCMGRWa8O0hzmhvZtJTMAVOTa,0.981965,25.763761,3.957382
503100,a8nOeMljqGUUIxJGlQNUQULLNJnnrWFoPinG8lYLCMGRWa8O0hzmhvZtJTMAVOTa,0.535888,7.337547,2.4934979999999998
503400,a8nOeMljqGUUIxJGlQNUQULLNJnnrWFoPinG8lYLCMGRWa8O0hzmhvZtJTMAVOTa,0.9327840000000001,2.292366,1.390257
503700,a8nOeMljqGUUIxJGlQNUQULLNJnnrWFoPinG8lYLCMGRWa8O0hzmhvZtJTMAVOTa,0.9205700000000001,2.949552,1.4097979999999999
504000,a8nOeMljqGUUIxJGlQNUQULLNJnnrWFoPinG8lYLCMGRWa8O0hzmhvZtJTMAVOTa,0.962435,2.686969,1.508097
504300,a8nOeMljqGUUIxJGlQNUQULLNJnnrWFoPinG8lYLCMGRWa8O0hzmhvZtJTMAVOTa,0.924249,2.298184,1.409662
504600,a8nOeMljqGUUIxJGlQNUQULLNJnnrWFoPinG8lYLCMGRWa8O0hzmhvZtJTMAVOTa,0.943365,3.294222,1.464466
504900,a8nOeMljqGUUIxJGlQNUQULLNJnnrWFoPinG8lYLCMGRWa8O0hzmhvZtJTMAVOTa,0.935005,2.4697270000000002,1.416572
505200,a8nOeMljqGUUIxJGlQNUQULLNJnnrWFoPinG8lYLCMGRWa8O0hzmhvZtJTMAVOTa,0.9635440000000001,2.28682,1.324026
505500,a8nOeMljqGUUIxJGlQNUQULLNJnnrWFoPinG8lYLCMGRWa8O0hzmhvZtJTMAVOTa,0.946501,3.1180689999999998,1.461154
505800,a8nOeMljqGUUIxJGlQNUQULLNJnnrWFoPinG8lYLCMGRWa8O0hzmhvZtJTMAVOTa,0.7907529999999999,2.729388,1.493609
506100,a8nOeMljqGUUIxJGlQNUQULLNJnnrWFoPinG8lYLCMGRWa8O0hzmhvZtJTMAVOTa,0.919834,2.327085,1.3881459999999999
506400,a8nOeMljqGUUIxJGlQNUQULLNJnnrWFoPinG8lYLCMGRWa8O0hzmhvZtJTMAVOTa,0.6011810000000001,27.738834000000004,4.066832
506700,a8nOeMljqGUUIxJGlQNUQULLNJnnrWFoPinG8lYLCMGRWa8O0hzmhvZtJTMAVOTa,0.970986,2.653203,1.541405
507000,a8nOeMljqGUUIxJGlQNUQULLNJnnrWFoPinG8lYLCMGRWa8O0hzmhvZtJTMAVOTa,0.707967,2.421033,1.379306
507300,a8nOeMljqGUUIxJGlQNUQULLNJnnrWFoPinG8lYLCMGRWa8O0hzmhvZtJTMAVOTa,0.9240309999999999,3.126582,1.470752
507600,a8nOeMljqGUUIxJGlQNUQULLNJnnrWFoPinG8lYLCMGRWa8O0hzmhvZtJTMAVOTa,0.524457,2.530186,1.340041
507900,a8nOeMljqGUUIxJGlQNUQULLNJnnrWFoPinG8lYLCMGRWa8O0hzmhvZtJTMAVOTa,0.7962199999999999,2.300459,1.318729
508200,a8nOeMljqGUUIxJGlQNUQULLNJnnrWFoPinG8lYLCMGRWa8O0hzmhvZtJTMAVOTa,0.997775,3.367751,1.533247
508500,a8nOeMljqGUUIxJGlQNUQULLNJnnrWFoPinG8lYLCMGRWa8O0hzmhvZtJTMAVOTa,0.9999020000000001,39.068884999999995,9.057909
508800,a8nOeMljqGUUIxJGlQNUQULLNJnnrWFoPinG8lYLCMGRWa8O0hzmhvZtJTMAVOTa,0.941332,2.928154,1.504989
509100,a8nOeMljqGUUIxJGlQNUQULLNJnnrWFoPinG8lYLCMGRWa8O0hzmhvZtJTMAVOTa,0.767683,3.02875,1.45517
509400,a8nOeMljqGUUIxJGlQNUQULLNJnnrWFoPinG8lYLCMGRWa8O0hzmhvZtJTMAVOTa,0.9693799999999999,3.086084,1.600158
509700,a8nOeMljqGUUIxJGlQNUQULLNJnnrWFoPinG8lYLCMGRWa8O0hzmhvZtJTMAVOTa,0.6814359999999999,2.2427799999999998,1.392331
510000,a8nOeMljqGUUIxJGlQNUQULLNJnnrWFoPinG8lYLCMGRWa8O0hzmhvZtJTMAVOTa,0.973719,20.189079,3.9952900000000002
510300,a8nOeMljqGUUIxJGlQNUQULLNJnnrWFoPinG8lYLCMGRWa8O0hzmhvZtJTMAVOTa,0.9619549999999999,10.236825,2.284335
510600,a8nOeMljqGUUIxJGlQNUQULLNJnnrWFoPinG8lYLCMGRWa8O0hzmhvZtJTMAVOTa,0.540071,2.15977,1.225802
510900,a8nOeMljqGUUIxJGlQNUQULLNJnnrWFoPinG8lYLCMGRWa8O0hzmhvZtJTMAVOTa,0.978525,3.135857,1.485359
511200,a8nOeMljqGUUIxJGlQNUQULLNJnnrWFoPinG8lYLCMGRWa8O0hzmhvZtJTMAVOTa,0.953391,2.526019,1.507547
511500,a8nOeMljqGUUIxJGlQNUQULLNJnnrWFoPinG8lYLCMGRWa8O0hzmhvZtJTMAVOTa,0.945857,2.122985,1.35123
511800,a8nOeMljqGUUIxJGlQNUQULLNJnnrWFoPinG8lYLCMGRWa8O0hzmhvZtJTMAVOTa,0.9071170000000001,3.083268,1.42754
512100,a8nOeMljqGUUIxJGlQNUQULLNJnnrWFoPinG8lYLCMGRWa8O0hzmhvZtJTMAVOTa,0.990402,2.51567,1.519982
512400,a8nOeMljqGUUIxJGlQNUQULLNJnnrWFoPinG8lYLCMGRWa8O0hzmhvZtJTMAVOTa,0.968786,2.236329,1.357748
512700,a8nOeMljqGUUIxJGlQNUQULLNJnnrWFoPinG8lYLCMGRWa8O0hzmhvZtJTMAVOTa,0.9504739999999999,3.088889,1.478249
513000,a8nOeMljqGUUIxJGlQNUQULLNJnnrWFoPinG8lYLCMGRWa8O0hzmhvZtJTMAVOTa,0.977668,13.095284,2.592453
513300,a8nOeMljqGUUIxJGlQNUQULLNJnnrWFoPinG8lYLCMGRWa8O0hzmhvZtJTMAVOTa,0.773162,2.148262,1.227487
513600,a8nOeMljqGUUIxJGlQNUQULLNJnnrWFoPinG8lYLCMGRWa8O0hzmhvZtJTMAVOTa,0.966508,27.152244,3.955796
513900,a8nOeMljqGUUIxJGlQNUQULLNJnnrWFoPinG8lYLCMGRWa8O0hzmhvZtJTMAVOTa,0.886969,2.487833,1.4175149999999999
514200,a8nOeMljqGUUIxJGlQNUQULLNJnnrWFoPinG8lYLCMGRWa8O0hzmhvZtJTMAVOTa,0.9725870000000001,2.271042,1.380693
514500,a8nOeMljqGUUIxJGlQNUQULLNJnnrWFoPinG8lYLCMGRWa8O0hzmhvZtJTMAVOTa,0.928475,3.0343169999999997,1.493326
514800,a8nOeMljqGUUIxJGlQNUQULLNJnnrWFoPinG8lYLCMGRWa8O0hzmhvZtJTMAVOTa,0.96805,2.652688,1.513248
515100,a8nOeMljqGUUIxJGlQNUQULLNJnnrWFoPinG8lYLCMGRWa8O0hzmhvZtJTMAVOTa,0.985353,2.1937990000000003,1.3975790000000001
515400,a8nOeMljqGUUIxJGlQNUQULLNJnnrWFoPinG8lYLCMGRWa8O0hzmhvZtJTMAVOTa,0.972435,3.240992,1.503583
515700,a8nOeMljqGUUIxJGlQNUQULLNJnnrWFoPinG8lYLCMGRWa8O0hzmhvZtJTMAVOTa,0.963875,11.85038,2.45416
516000,a8nOeMljqGUUIxJGlQNUQULLNJnnrWFoPinG8lYLCMGRWa8O0hzmhvZtJTMAVOTa,0.786199,2.241324,1.285952
516300,a8nOeMljqGUUIxJGlQNUQULLNJnnrWFoPinG8lYLCMGRWa8O0hzmhvZtJTMAVOTa,0.994819,3.029366,1.466497
516600,a8nOeMljqGUUIxJGlQNUQULLNJnnrWFoPinG8lYLCMGRWa8O0hzmhvZtJTMAVOTa,0.966282,2.694408,1.522306
516900,a8nOeMljqGUUIxJGlQNUQULLNJnnrWFoPinG8lYLCMGRWa8O0hzmhvZtJTMAVOTa,0.9623659999999999,2.210916,1.3796760000000001
517200,a8nOeMljqGUUIxJGlQNUQULLNJnnrWFoPinG8lYLCMGRWa8O0hzmhvZtJTMAVOTa,0.9396700000000001,26.716571999999996,3.8638779999999997
517500,a8nOeMljqGUUIxJGlQNUQULLNJnnrWFoPinG8lYLCMGRWa8O0hzmhvZtJTMAVOTa,0.9733,2.81314,1.502917
517800,a8nOeMljqGUUIxJGlQNUQULLNJnnrWFoPinG8lYLCMGRWa8O0hzmhvZtJTMAVOTa,0.45862700000000006,2.180957,1.282053
518100,a8nOeMljqGUUIxJGlQNUQULLNJnnrWFoPinG8lYLCMGRWa8O0hzmhvZtJTMAVOTa,0.941623,3.189861,1.453838
518400,a8nOeMljqGUUIxJGlQNUQULLNJnnrWFoPinG8lYLCMGRWa8O0hzmhvZtJTMAVOTa,0.983266,14.157917000000001,2.65564
518700,a8nOeMljqGUUIxJGlQNUQULLNJnnrWFoPinG8lYLCMGRWa8O0hzmhvZtJTMAVOTa,0.9612059999999999,2.241861,1.425245
519000,a8nOeMljqGUUIxJGlQNUQULLNJnnrWFoPinG8lYLCMGRWa8O0hzmhvZtJTMAVOTa,0.949048,3.1200930000000002,1.533517
519300,a8nOeMljqGUUIxJGlQNUQULLNJnnrWFoPinG8lYLCMGRWa8O0hzmhvZtJTMAVOTa,0.9696110000000001,2.469374,1.553236
519600,a8nOeMljqGUUIxJGlQNUQULLNJnnrWFoPinG8lYLCMGRWa8O0hzmhvZtJTMAVOTa,0.949197,2.24664,1.40016
519900,a8nOeMljqGUUIxJGlQNUQULLNJnnrWFoPinG8lYLCMGRWa8O0hzmhvZtJTMAVOTa,0.753013,3.118532,1.462648
520200,a8nOeMljqGUUIxJGlQNUQULLNJnnrWFoPinG8lYLCMGRWa8O0hzmhvZtJTMAVOTa,0.94781,2.398946,1.484432
520500,a8nOeMljqGUUIxJGlQNUQULLNJnnrWFoPinG8lYLCMGRWa8O0hzmhvZtJTMAVOTa,1.001933,2.105125,1.3381530000000001
520800,a8nOeMljqGUUIxJGlQNUQULLNJnnrWFoPinG8lYLCMGRWa8O0hzmhvZtJTMAVOTa,0.961989,17.422154000000003,3.9760989999999996
521100,a8nOeMljqGUUIxJGlQNUQULLNJnnrWFoPinG8lYLCMGRWa8O0hzmhvZtJTMAVOTa,0.9959620000000001,15.101109,2.763281
521400,a8nOeMljqGUUIxJGlQNUQULLNJnnrWFoPinG8lYLCMGRWa8O0hzmhvZtJTMAVOTa,0.687563,2.226026,1.289459
521700,a8nOeMljqGUUIxJGlQNUQULLNJnnrWFoPinG8lYLCMGRWa8O0hzmhvZtJTMAVOTa,0.981555,2.726675,1.488661
522000,a8nOeMljqGUUIxJGlQNUQULLNJnnrWFoPinG8lYLCMGRWa8O0hzmhvZtJTMAVOTa,0.688284,2.223531,1.384232
522300,a8nOeMljqGUUIxJGlQNUQULLNJnnrWFoPinG8lYLCMGRWa8O0hzmhvZtJTMAVOTa,0.973815,2.4181779999999997,1.470227
522600,a8nOeMljqGUUIxJGlQNUQULLNJnnrWFoPinG8lYLCMGRWa8O0hzmhvZtJTMAVOTa,0.988683,6.086011,1.962163
522900,a8nOeMljqGUUIxJGlQNUQULLNJnnrWFoPinG8lYLCMGRWa8O0hzmhvZtJTMAVOTa,0.97446,2.210186,1.4222489999999999
523200,a8nOeMljqGUUIxJGlQNUQULLNJnnrWFoPinG8lYLCMGRWa8O0hzmhvZtJTMAVOTa,0.9912850000000001,2.225284,1.523113
523500,a8nOeMljqGUUIxJGlQNUQULLNJnnrWFoPinG8lYLCMGRWa8O0hzmhvZtJTMAVOTa,1.014573,2.250872,1.490651
523800,a8nOeMljqGUUIxJGlQNUQULLNJnnrWFoPinG8lYLCMGRWa8O0hzmhvZtJTMAVOTa,1.041174,15.836776,2.7652930000000002
524100,a8nOeMljqGUUIxJGlQNUQULLNJnnrWFoPinG8lYLCMGRWa8O0hzmhvZtJTMAVOTa,0.517944,2.1619919999999997,1.351083
524400,a8nOeMljqGUUIxJGlQNUQULLNJnnrWFoPinG8lYLCMGRWa8O0hzmhvZtJTMAVOTa,0.97554,26.802471999999998,3.972287
524700,a8nOeMljqGUUIxJGlQNUQULLNJnnrWFoPinG8lYLCMGRWa8O0hzmhvZtJTMAVOTa,0.969218,2.183928,1.46471
525000,a8nOeMljqGUUIxJGlQNUQULLNJnnrWFoPinG8lYLCMGRWa8O0hzmhvZtJTMAVOTa,0.977454,2.153135,1.470062
525300,a8nOeMljqGUUIxJGlQNUQULLNJnnrWFoPinG8lYLCMGRWa8O0hzmhvZtJTMAVOTa,0.8406879999999999,2.25742,1.443814
525600,a8nOeMljqGUUIxJGlQNUQULLNJnnrWFoPinG8lYLCMGRWa8O0hzmhvZtJTMAVOTa,0.994647,2.24404,1.4777639999999999
525900,a8nOeMljqGUUIxJGlQNUQULLNJnnrWFoPinG8lYLCMGRWa8O0hzmhvZtJTMAVOTa,0.887337,2.251736,1.462658
526200,a8nOeMljqGUUIxJGlQNUQULLNJnnrWFoPinG8lYLCMGRWa8O0hzmhvZtJTMAVOTa,0.9829559999999999,2.372867,1.508679
526500,a8nOeMljqGUUIxJGlQNUQULLNJnnrWFoPinG8lYLCMGRWa8O0hzmhvZtJTMAVOTa,0.9371700000000001,6.636642999999999,1.7978580000000002
526800,a8nOeMljqGUUIxJGlQNUQULLNJnnrWFoPinG8lYLCMGRWa8O0hzmhvZtJTMAVOTa,0.9948790000000001,20.153168,3.445446
527100,a8nOeMljqGUUIxJGlQNUQULLNJnnrWFoPinG8lYLCMGRWa8O0hzmhvZtJTMAVOTa,0.9848110000000001,2.284298,1.4605700000000001
527400,a8nOeMljqGUUIxJGlQNUQULLNJnnrWFoPinG8lYLCMGRWa8O0hzmhvZtJTMAVOTa,0.969218,2.2358830000000003,1.51893
527700,a8nOeMljqGUUIxJGlQNUQULLNJnnrWFoPinG8lYLCMGRWa8O0hzmhvZtJTMAVOTa,1.003958,2.2550529999999998,1.4807860000000002
528000,a8nOeMljqGUUIxJGlQNUQULLNJnnrWFoPinG8lYLCMGRWa8O0hzmhvZtJTMAVOTa,1.0140930000000001,26.822754999999997,4.016684
528300,a8nOeMljqGUUIxJGlQNUQULLNJnnrWFoPinG8lYLCMGRWa8O0hzmhvZtJTMAVOTa,1.009681,2.204352,1.4457879999999999
528600,a8nOeMljqGUUIxJGlQNUQULLNJnnrWFoPinG8lYLCMGRWa8O0hzmhvZtJTMAVOTa,1.0075479999999999,2.299947,1.484746
528900,a8nOeMljqGUUIxJGlQNUQULLNJnnrWFoPinG8lYLCMGRWa8O0hzmhvZtJTMAVOTa,0.947224,2.1684,1.456452
529200,a8nOeMljqGUUIxJGlQNUQULLNJnnrWFoPinG8lYLCMGRWa8O0hzmhvZtJTMAVOTa,0.990676,2.4438459999999997,1.39893
529500,a8nOeMljqGUUIxJGlQNUQULLNJnnrWFoPinG8lYLCMGRWa8O0hzmhvZtJTMAVOTa,0.897546,2.17487,1.368212
529800,a8nOeMljqGUUIxJGlQNUQULLNJnnrWFoPinG8lYLCMGRWa8O0hzmhvZtJTMAVOTa,1.016435,2.483954,1.6627310000000002
530100,a8nOeMljqGUUIxJGlQNUQULLNJnnrWFoPinG8lYLCMGRWa8O0hzmhvZtJTMAVOTa,0.743594,2.339182,1.4594200000000002
530400,a8nOeMljqGUUIxJGlQNUQULLNJnnrWFoPinG8lYLCMGRWa8O0hzmhvZtJTMAVOTa,1.001886,10.582001,2.894252
530700,a8nOeMljqGUUIxJGlQNUQULLNJnnrWFoPinG8lYLCMGRWa8O0hzmhvZtJTMAVOTa,1.019547,11.485756,2.5514930000000002
531000,a8nOeMljqGUUIxJGlQNUQULLNJnnrWFoPinG8lYLCMGRWa8O0hzmhvZtJTMAVOTa,1.0930030000000002,2.446701,1.6384020000000001
531300,a8nOeMljqGUUIxJGlQNUQULLNJnnrWFoPinG8lYLCMGRWa8O0hzmhvZtJTMAVOTa,0.947515,2.1640919999999997,1.479251
531600,a8nOeMljqGUUIxJGlQNUQULLNJnnrWFoPinG8lYLCMGRWa8O0hzmhvZtJTMAVOTa,1.003365,15.805792000000002,4.000699
531900,a8nOeMljqGUUIxJGlQNUQULLNJnnrWFoPinG8lYLCMGRWa8O0hzmhvZtJTMAVOTa,1.0028299999999999,5.327625,1.7132009999999998
532200,a8nOeMljqGUUIxJGlQNUQULLNJnnrWFoPinG8lYLCMGRWa8O0hzmhvZtJTMAVOTa,1.032774,2.288838,1.4807350000000001
532500,a8nOeMljqGUUIxJGlQNUQULLNJnnrWFoPinG8lYLCMGRWa8O0hzmhvZtJTMAVOTa,0.983403,2.191758,1.514227
532800,a8nOeMljqGUUIxJGlQNUQULLNJnnrWFoPinG8lYLCMGRWa8O0hzmhvZtJTMAVOTa,0.989577,2.19698,1.4400190000000002
533100,a8nOeMljqGUUIxJGlQNUQULLNJnnrWFoPinG8lYLCMGRWa8O0hzmhvZtJTMAVOTa,1.005835,2.290118,1.467759
533400,a8nOeMljqGUUIxJGlQNUQULLNJnnrWFoPinG8lYLCMGRWa8O0hzmhvZtJTMAVOTa,1.006988,2.316263,1.502905
533700,a8nOeMljqGUUIxJGlQNUQULLNJnnrWFoPinG8lYLCMGRWa8O0hzmhvZtJTMAVOTa,0.968223,2.2127830000000004,1.438554
534000,a8nOeMljqGUUIxJGlQNUQULLNJnnrWFoPinG8lYLCMGRWa8O0hzmhvZtJTMAVOTa,0.97391,2.180895,1.447363
534300,a8nOeMljqGUUIxJGlQNUQULLNJnnrWFoPinG8lYLCMGRWa8O0hzmhvZtJTMAVOTa,0.986519,2.2019509999999998,1.5038120000000001
534600,a8nOeMljqGUUIxJGlQNUQULLNJnnrWFoPinG8lYLCMGRWa8O0hzmhvZtJTMAVOTa,0.830217,1.969673,1.271458
534900,a8nOeMljqGUUIxJGlQNUQULLNJnnrWFoPinG8lYLCMGRWa8O0hzmhvZtJTMAVOTa,0.985662,2.223414,1.40723
535200,a8nOeMljqGUUIxJGlQNUQULLNJnnrWFoPinG8lYLCMGRWa8O0hzmhvZtJTMAVOTa,0.9844,26.624578000000003,3.9881029999999997
535500,a8nOeMljqGUUIxJGlQNUQULLNJnnrWFoPinG8lYLCMGRWa8O0hzmhvZtJTMAVOTa,0.9641959999999999,2.1946939999999997,1.420372
535800,a8nOeMljqGUUIxJGlQNUQULLNJnnrWFoPinG8lYLCMGRWa8O0hzmhvZtJTMAVOTa,0.98979,2.211186,1.474525
536100,a8nOeMljqGUUIxJGlQNUQULLNJnnrWFoPinG8lYLCMGRWa8O0hzmhvZtJTMAVOTa,0.8683620000000001,2.300624,1.464992
536400,a8nOeMljqGUUIxJGlQNUQULLNJnnrWFoPinG8lYLCMGRWa8O0hzmhvZtJTMAVOTa,0.9853360000000001,2.143722,1.418591
536700,a8nOeMljqGUUIxJGlQNUQULLNJnnrWFoPinG8lYLCMGRWa8O0hzmhvZtJTMAVOTa,0.869041,2.157397,1.5159209999999999
537000,a8nOeMljqGUUIxJGlQNUQULLNJnnrWFoPinG8lYLCMGRWa8O0hzmhvZtJTMAVOTa,1.076054,2.279992,1.5014450000000001
537300,a8nOeMljqGUUIxJGlQNUQULLNJnnrWFoPinG8lYLCMGRWa8O0hzmhvZtJTMAVOTa,0.642407,30.945884000000003,9.183776
537600,a8nOeMljqGUUIxJGlQNUQULLNJnnrWFoPinG8lYLCMGRWa8O0hzmhvZtJTMAVOTa,1.0759040000000002,3.076079,1.68049
537900,a8nOeMljqGUUIxJGlQNUQULLNJnnrWFoPinG8lYLCMGRWa8O0hzmhvZtJTMAVOTa,0.6001449999999999,2.385247,1.4586299999999999
538200,a8nOeMljqGUUIxJGlQNUQULLNJnnrWFoPinG8lYLCMGRWa8O0hzmhvZtJTMAVOTa,0.801247,2.229869,1.37693
538500,a8nOeMljqGUUIxJGlQNUQULLNJnnrWFoPinG8lYLCMGRWa8O0hzmhvZtJTMAVOTa,1.010141,2.304714,1.50081
538800,a8nOeMljqGUUIxJGlQNUQULLNJnnrWFoPinG8lYLCMGRWa8O0hzmhvZtJTMAVOTa,0.460664,27.220101,3.9578160000000002
539100,a8nOeMljqGUUIxJGlQNUQULLNJnnrWFoPinG8lYLCMGRWa8O0hzmhvZtJTMAVOTa,0.985253,2.125715,1.419535
539400,a8nOeMljqGUUIxJGlQNUQULLNJnnrWFoPinG8lYLCMGRWa8O0hzmhvZtJTMAVOTa,1.018507,2.263843,1.559779
539700,a8nOeMljqGUUIxJGlQNUQULLNJnnrWFoPinG8lYLCMGRWa8O0hzmhvZtJTMAVOTa,0.999165,2.088246,1.428499
540000,a8nOeMljqGUUIxJGlQNUQULLNJnnrWFoPinG8lYLCMGRWa8O0hzmhvZtJTMAVOTa,1.019909,2.179348,1.3675950000000001
540300,a8nOeMljqGUUIxJGlQNUQULLNJnnrWFoPinG8lYLCMGRWa8O0hzmhvZtJTMAVOTa,1.0422209999999998,2.662534,1.5394139999999998
540600,a8nOeMljqGUUIxJGlQNUQULLNJnnrWFoPinG8lYLCMGRWa8O0hzmhvZtJTMAVOTa,0.815713,3.348894,1.610678
540900,a8nOeMljqGUUIxJGlQNUQULLNJnnrWFoPinG8lYLCMGRWa8O0hzmhvZtJTMAVOTa,0.613392,2.3291470000000003,1.3887260000000001
541200,a8nOeMljqGUUIxJGlQNUQULLNJnnrWFoPinG8lYLCMGRWa8O0hzmhvZtJTMAVOTa,0.9961260000000001,2.350005,1.4340110000000001
541500,a8nOeMljqGUUIxJGlQNUQULLNJnnrWFoPinG8lYLCMGRWa8O0hzmhvZtJTMAVOTa,0.953255,2.341898,1.446396
541800,a8nOeMljqGUUIxJGlQNUQULLNJnnrWFoPinG8lYLCMGRWa8O0hzmhvZtJTMAVOTa,0.982468,2.247104,1.429763
542100,a8nOeMljqGUUIxJGlQNUQULLNJnnrWFoPinG8lYLCMGRWa8O0hzmhvZtJTMAVOTa,0.774471,2.3719810000000003,1.4480549999999999
542400,a8nOeMljqGUUIxJGlQNUQULLNJnnrWFoPinG8lYLCMGRWa8O0hzmhvZtJTMAVOTa,1.002643,9.101511,2.185179
542700,a8nOeMljqGUUIxJGlQNUQULLNJnnrWFoPinG8lYLCMGRWa8O0hzmhvZtJTMAVOTa,0.512833,18.775428,3.10846
543000,a8nOeMljqGUUIxJGlQNUQULLNJnnrWFoPinG8lYLCMGRWa8O0hzmhvZtJTMAVOTa,1.013738,2.2195400000000003,1.4021780000000001
543300,a8nOeMljqGUUIxJGlQNUQULLNJnnrWFoPinG8lYLCMGRWa8O0hzmhvZtJTMAVOTa,0.9764430000000001,5.5888230000000005,1.878384
543600,a8nOeMljqGUUIxJGlQNUQULLNJnnrWFoPinG8lYLCMGRWa8O0hzmhvZtJTMAVOTa,0.978118,2.644612,1.558295
543900,a8nOeMljqGUUIxJGlQNUQULLNJnnrWFoPinG8lYLCMGRWa8O0hzmhvZtJTMAVOTa,0.992015,2.570871,1.463283
544200,a8nOeMljqGUUIxJGlQNUQULLNJnnrWFoPinG8lYLCMGRWa8O0hzmhvZtJTMAVOTa,1.008425,2.606643,1.629521
544500,a8nOeMljqGUUIxJGlQNUQULLNJnnrWFoPinG8lYLCMGRWa8O0hzmhvZtJTMAVOTa,0.9866389999999999,2.306768,1.456749
544800,a8nOeMljqGUUIxJGlQNUQULLNJnnrWFoPinG8lYLCMGRWa8O0hzmhvZtJTMAVOTa,0.9693459999999999,2.900559,1.539887
545100,a8nOeMljqGUUIxJGlQNUQULLNJnnrWFoPinG8lYLCMGRWa8O0hzmhvZtJTMAVOTa,0.988208,2.5409029999999997,1.4559
545400,a8nOeMljqGUUIxJGlQNUQULLNJnnrWFoPinG8lYLCMGRWa8O0hzmhvZtJTMAVOTa,0.624568,2.304432,1.3203040000000001
545700,a8nOeMljqGUUIxJGlQNUQULLNJnnrWFoPinG8lYLCMGRWa8O0hzmhvZtJTMAVOTa,0.9811190000000001,2.949982,1.442252
546000,a8nOeMljqGUUIxJGlQNUQULLNJnnrWFoPinG8lYLCMGRWa8O0hzmhvZtJTMAVOTa,0.999035,3.441131,1.705632
546300,a8nOeMljqGUUIxJGlQNUQULLNJnnrWFoPinG8lYLCMGRWa8O0hzmhvZtJTMAVOTa,0.953048,25.775134,3.8983849999999998
546600,a8nOeMljqGUUIxJGlQNUQULLNJnnrWFoPinG8lYLCMGRWa8O0hzmhvZtJTMAVOTa,1.007444,2.993062,1.435111
546900,a8nOeMljqGUUIxJGlQNUQULLNJnnrWFoPinG8lYLCMGRWa8O0hzmhvZtJTMAVOTa,1.009596,2.726699,1.476731
547200,a8nOeMljqGUUIxJGlQNUQULLNJnnrWFoPinG8lYLCMGRWa8O0hzmhvZtJTMAVOTa,1.013421,2.1199779999999997,1.445865
547500,a8nOeMljqGUUIxJGlQNUQULLNJnnrWFoPinG8lYLCMGRWa8O0hzmhvZtJTMAVOTa,1.039515,2.92793,1.442976
547800,a8nOeMljqGUUIxJGlQNUQULLNJnnrWFoPinG8lYLCMGRWa8O0hzmhvZtJTMAVOTa,0.9907440000000001,2.627702,1.522271
548100,a8nOeMljqGUUIxJGlQNUQULLNJnnrWFoPinG8lYLCMGRWa8O0hzmhvZtJTMAVOTa,0.970548,2.204917,1.437778
548400,a8nOeMljqGUUIxJGlQNUQULLNJnnrWFoPinG8lYLCMGRWa8O0hzmhvZtJTMAVOTa,0.988458,3.07239,1.4494639999999999
548700,a8nOeMljqGUUIxJGlQNUQULLNJnnrWFoPinG8lYLCMGRWa8O0hzmhvZtJTMAVOTa,0.9697540000000001,5.5681199999999995,1.931159
549000,a8nOeMljqGUUIxJGlQNUQULLNJnnrWFoPinG8lYLCMGRWa8O0hzmhvZtJTMAVOTa,1.005573,2.1263009999999998,1.449822
549300,a8nOeMljqGUUIxJGlQNUQULLNJnnrWFoPinG8lYLCMGRWa8O0hzmhvZtJTMAVOTa,0.924834,3.072382,1.461244
549600,a8nOeMljqGUUIxJGlQNUQULLNJnnrWFoPinG8lYLCMGRWa8O0hzmhvZtJTMAVOTa,0.733312,3.036883,1.466564
549900,a8nOeMljqGUUIxJGlQNUQULLNJnnrWFoPinG8lYLCMGRWa8O0hzmhvZtJTMAVOTa,0.9719040000000001,25.727104,3.8884480000000003
550200,a8nOeMljqGUUIxJGlQNUQULLNJnnrWFoPinG8lYLCMGRWa8O0hzmhvZtJTMAVOTa,0.8658879999999999,2.846568,1.406679
550500,a8nOeMljqGUUIxJGlQNUQULLNJnnrWFoPinG8lYLCMGRWa8O0hzmhvZtJTMAVOTa,0.981282,2.630624,1.486892
550800,a8nOeMljqGUUIxJGlQNUQULLNJnnrWFoPinG8lYLCMGRWa8O0hzmhvZtJTMAVOTa,0.735518,2.1912279999999997,1.345012
551100,a8nOeMljqGUUIxJGlQNUQULLNJnnrWFoPinG8lYLCMGRWa8O0hzmhvZtJTMAVOTa,0.9816950000000001,2.9173720000000003,1.435452
551400,a8nOeMljqGUUIxJGlQNUQULLNJnnrWFoPinG8lYLCMGRWa8O0hzmhvZtJTMAVOTa,0.9565610000000001,3.048466,1.569971
551700,a8nOeMljqGUUIxJGlQNUQULLNJnnrWFoPinG8lYLCMGRWa8O0hzmhvZtJTMAVOTa,1.037766,2.257724,1.534491
552000,a8nOeMljqGUUIxJGlQNUQULLNJnnrWFoPinG8lYLCMGRWa8O0hzmhvZtJTMAVOTa,0.9705020000000001,3.512801,1.475959
552300,a8nOeMljqGUUIxJGlQNUQULLNJnnrWFoPinG8lYLCMGRWa8O0hzmhvZtJTMAVOTa,0.9183680000000001,9.162706,2.412952
552600,a8nOeMljqGUUIxJGlQNUQULLNJnnrWFoPinG8lYLCMGRWa8O0hzmhvZtJTMAVOTa,0.9756379999999999,2.388211,1.497514
552900,a8nOeMljqGUUIxJGlQNUQULLNJnnrWFoPinG8lYLCMGRWa8O0hzmhvZtJTMAVOTa,1.005257,2.9802459999999997,1.545468
553200,a8nOeMljqGUUIxJGlQNUQULLNJnnrWFoPinG8lYLCMGRWa8O0hzmhvZtJTMAVOTa,0.971424,2.507006,1.41422
553500,a8nOeMljqGUUIxJGlQNUQULLNJnnrWFoPinG8lYLCMGRWa8O0hzmhvZtJTMAVOTa,0.522834,23.517817,3.79431
553800,a8nOeMljqGUUIxJGlQNUQULLNJnnrWFoPinG8lYLCMGRWa8O0hzmhvZtJTMAVOTa,0.9863299999999999,3.106118,1.445727
554100,a8nOeMljqGUUIxJGlQNUQULLNJnnrWFoPinG8lYLCMGRWa8O0hzmhvZtJTMAVOTa,0.494699,2.553987,1.420888
554400,a8nOeMljqGUUIxJGlQNUQULLNJnnrWFoPinG8lYLCMGRWa8O0hzmhvZtJTMAVOTa,0.562095,2.4307279999999998,1.443457
554700,a8nOeMljqGUUIxJGlQNUQULLNJnnrWFoPinG8lYLCMGRWa8O0hzmhvZtJTMAVOTa,1.001934,3.016876,1.505413
555000,a8nOeMljqGUUIxJGlQNUQULLNJnnrWFoPinG8lYLCMGRWa8O0hzmhvZtJTMAVOTa,0.558459,2.518719,1.416936
555300,a8nOeMljqGUUIxJGlQNUQULLNJnnrWFoPinG8lYLCMGRWa8O0hzmhvZtJTMAVOTa,1.0302799999999999,2.817326,1.510804
555600,a8nOeMljqGUUIxJGlQNUQULLNJnnrWFoPinG8lYLCMGRWa8O0hzmhvZtJTMAVOTa,0.750822,3.02106,1.439518
555900,a8nOeMljqGUUIxJGlQNUQULLNJnnrWFoPinG8lYLCMGRWa8O0hzmhvZtJTMAVOTa,0.997051,4.181694,1.736089
556200,a8nOeMljqGUUIxJGlQNUQULLNJnnrWFoPinG8lYLCMGRWa8O0hzmhvZtJTMAVOTa,0.544505,2.240862,1.3124879999999999
556500,a8nOeMljqGUUIxJGlQNUQULLNJnnrWFoPinG8lYLCMGRWa8O0hzmhvZtJTMAVOTa,0.994074,2.927653,1.431179
556800,a8nOeMljqGUUIxJGlQNUQULLNJnnrWFoPinG8lYLCMGRWa8O0hzmhvZtJTMAVOTa,0.48863500000000004,2.406729,1.453972
557100,a8nOeMljqGUUIxJGlQNUQULLNJnnrWFoPinG8lYLCMGRWa8O0hzmhvZtJTMAVOTa,0.989348,27.285803,3.92896
557400,a8nOeMljqGUUIxJGlQNUQULLNJnnrWFoPinG8lYLCMGRWa8O0hzmhvZtJTMAVOTa,1.003627,2.954846,1.452914
557700,a8nOeMljqGUUIxJGlQNUQULLNJnnrWFoPinG8lYLCMGRWa8O0hzmhvZtJTMAVOTa,0.993597,2.458431,1.484968
558000,a8nOeMljqGUUIxJGlQNUQULLNJnnrWFoPinG8lYLCMGRWa8O0hzmhvZtJTMAVOTa,1.019435,2.297189,1.409681
558300,a8nOeMljqGUUIxJGlQNUQULLNJnnrWFoPinG8lYLCMGRWa8O0hzmhvZtJTMAVOTa,0.985349,2.842101,1.5706040000000001
558600,a8nOeMljqGUUIxJGlQNUQULLNJnnrWFoPinG8lYLCMGRWa8O0hzmhvZtJTMAVOTa,0.9544809999999999,2.504823,1.490688
558900,a8nOeMljqGUUIxJGlQNUQULLNJnnrWFoPinG8lYLCMGRWa8O0hzmhvZtJTMAVOTa,0.8623040000000001,2.3342099999999997,1.35449
559200,a8nOeMljqGUUIxJGlQNUQULLNJnnrWFoPinG8lYLCMGRWa8O0hzmhvZtJTMAVOTa,0.9817600000000001,2.774425,1.41039
559500,a8nOeMljqGUUIxJGlQNUQULLNJnnrWFoPinG8lYLCMGRWa8O0hzmhvZtJTMAVOTa,0.578864,2.2900150000000004,1.382853
559800,a8nOeMljqGUUIxJGlQNUQULLNJnnrWFoPinG8lYLCMGRWa8O0hzmhvZtJTMAVOTa,0.679658,2.264269,1.3837760000000001
560100,a8nOeMljqGUUIxJGlQNUQULLNJnnrWFoPinG8lYLCMGRWa8O0hzmhvZtJTMAVOTa,0.9849629999999999,2.834339,1.418736
560400,a8nOeMljqGUUIxJGlQNUQULLNJnnrWFoPinG8lYLCMGRWa8O0hzmhvZtJTMAVOTa,0.608304,2.375896,1.404342
560700,a8nOeMljqGUUIxJGlQNUQULLNJnnrWFoPinG8lYLCMGRWa8O0hzmhvZtJTMAVOTa,0.99069,27.26278,3.9371519999999998
561000,a8nOeMljqGUUIxJGlQNUQULLNJnnrWFoPinG8lYLCMGRWa8O0hzmhvZtJTMAVOTa,0.5011260000000001,2.6557060000000003,1.390488
561300,a8nOeMljqGUUIxJGlQNUQULLNJnnrWFoPinG8lYLCMGRWa8O0hzmhvZtJTMAVOTa,0.962202,2.3404,1.4096090000000001
561600,a8nOeMljqGUUIxJGlQNUQULLNJnnrWFoPinG8lYLCMGRWa8O0hzmhvZtJTMAVOTa,0.44409399999999993,2.475374,1.31825
561900,a8nOeMljqGUUIxJGlQNUQULLNJnnrWFoPinG8lYLCMGRWa8O0hzmhvZtJTMAVOTa,0.982192,2.897183,1.459389
562200,a8nOeMljqGUUIxJGlQNUQULLNJnnrWFoPinG8lYLCMGRWa8O0hzmhvZtJTMAVOTa,0.984348,2.583846,1.581375
562500,a8nOeMljqGUUIxJGlQNUQULLNJnnrWFoPinG8lYLCMGRWa8O0hzmhvZtJTMAVOTa,0.790856,2.565884,1.385422
562800,a8nOeMljqGUUIxJGlQNUQULLNJnnrWFoPinG8lYLCMGRWa8O0hzmhvZtJTMAVOTa,0.960929,2.8284380000000002,1.470593
563100,a8nOeMljqGUUIxJGlQNUQULLNJnnrWFoPinG8lYLCMGRWa8O0hzmhvZtJTMAVOTa,0.997423,2.619733,1.563126
563400,a8nOeMljqGUUIxJGlQNUQULLNJnnrWFoPinG8lYLCMGRWa8O0hzmhvZtJTMAVOTa,1.007023,2.691797,1.473431
563700,a8nOeMljqGUUIxJGlQNUQULLNJnnrWFoPinG8lYLCMGRWa8O0hzmhvZtJTMAVOTa,0.964454,2.735001,1.523608
564000,a8nOeMljqGUUIxJGlQNUQULLNJnnrWFoPinG8lYLCMGRWa8O0hzmhvZtJTMAVOTa,1.0091649999999999,2.314828,1.418304
564300,a8nOeMljqGUUIxJGlQNUQULLNJnnrWFoPinG8lYLCMGRWa8O0hzmhvZtJTMAVOTa,0.47178100000000006,3.023284,1.419151
564600,a8nOeMljqGUUIxJGlQNUQULLNJnnrWFoPinG8lYLCMGRWa8O0hzmhvZtJTMAVOTa,0.942214,2.846113,1.462711
564900,a8nOeMljqGUUIxJGlQNUQULLNJnnrWFoPinG8lYLCMGRWa8O0hzmhvZtJTMAVOTa,0.981308,2.6998919999999997,1.5479100000000001
565200,a8nOeMljqGUUIxJGlQNUQULLNJnnrWFoPinG8lYLCMGRWa8O0hzmhvZtJTMAVOTa,0.711791,2.6256369999999998,1.378837
565500,a8nOeMljqGUUIxJGlQNUQULLNJnnrWFoPinG8lYLCMGRWa8O0hzmhvZtJTMAVOTa,0.9859549999999999,2.721725,1.427099
565800,a8nOeMljqGUUIxJGlQNUQULLNJnnrWFoPinG8lYLCMGRWa8O0hzmhvZtJTMAVOTa,0.71728,2.295858,1.398433
566100,a8nOeMljqGUUIxJGlQNUQULLNJnnrWFoPinG8lYLCMGRWa8O0hzmhvZtJTMAVOTa,1.054899,38.055478,9.442817
566400,a8nOeMljqGUUIxJGlQNUQULLNJnnrWFoPinG8lYLCMGRWa8O0hzmhvZtJTMAVOTa,1.156968,2.892543,1.6707610000000002
566700,a8nOeMljqGUUIxJGlQNUQULLNJnnrWFoPinG8lYLCMGRWa8O0hzmhvZtJTMAVOTa,1.064997,2.197748,1.410635
567000,a8nOeMljqGUUIxJGlQNUQULLNJnnrWFoPinG8lYLCMGRWa8O0hzmhvZtJTMAVOTa,1.007725,2.658503,1.571739
567300,a8nOeMljqGUUIxJGlQNUQULLNJnnrWFoPinG8lYLCMGRWa8O0hzmhvZtJTMAVOTa,1.072658,2.071515,1.500991
567600,a8nOeMljqGUUIxJGlQNUQULLNJnnrWFoPinG8lYLCMGRWa8O0hzmhvZtJTMAVOTa,0.970251,2.227879,1.401033
567900,a8nOeMljqGUUIxJGlQNUQULLNJnnrWFoPinG8lYLCMGRWa8O0hzmhvZtJTMAVOTa,0.583648,26.608353,3.9733339999999995
568200,a8nOeMljqGUUIxJGlQNUQULLNJnnrWFoPinG8lYLCMGRWa8O0hzmhvZtJTMAVOTa,0.9798819999999999,2.163376,1.437505
568500,a8nOeMljqGUUIxJGlQNUQULLNJnnrWFoPinG8lYLCMGRWa8O0hzmhvZtJTMAVOTa,0.674188,2.03219,1.3422120000000002
568800,a8nOeMljqGUUIxJGlQNUQULLNJnnrWFoPinG8lYLCMGRWa8O0hzmhvZtJTMAVOTa,1.049528,2.450189,1.552482
569100,a8nOeMljqGUUIxJGlQNUQULLNJnnrWFoPinG8lYLCMGRWa8O0hzmhvZtJTMAVOTa,0.7075,2.086114,1.415171
569400,a8nOeMljqGUUIxJGlQNUQULLNJnnrWFoPinG8lYLCMGRWa8O0hzmhvZtJTMAVOTa,0.985986,2.225452,1.401435
569700,a8nOeMljqGUUIxJGlQNUQULLNJnnrWFoPinG8lYLCMGRWa8O0hzmhvZtJTMAVOTa,0.496518,2.487463,1.431497
570000,a8nOeMljqGUUIxJGlQNUQULLNJnnrWFoPinG8lYLCMGRWa8O0hzmhvZtJTMAVOTa,0.988553,13.627082999999999,3.3685379999999996
570300,a8nOeMljqGUUIxJGlQNUQULLNJnnrWFoPinG8lYLCMGRWa8O0hzmhvZtJTMAVOTa,0.8251379999999999,2.241288,1.3473
570600,a8nOeMljqGUUIxJGlQNUQULLNJnnrWFoPinG8lYLCMGRWa8O0hzmhvZtJTMAVOTa,0.9968739999999999,2.3760470000000002,1.601935
570900,a8nOeMljqGUUIxJGlQNUQULLNJnnrWFoPinG8lYLCMGRWa8O0hzmhvZtJTMAVOTa,1.016633,2.3020959999999997,1.4739790000000002
571200,a8nOeMljqGUUIxJGlQNUQULLNJnnrWFoPinG8lYLCMGRWa8O0hzmhvZtJTMAVOTa,0.6285189999999999,2.061791,1.340257
571500,a8nOeMljqGUUIxJGlQNUQULLNJnnrWFoPinG8lYLCMGRWa8O0hzmhvZtJTMAVOTa,0.9959129999999999,21.12973,4.034979
571800,a8nOeMljqGUUIxJGlQNUQULLNJnnrWFoPinG8lYLCMGRWa8O0hzmhvZtJTMAVOTa,0.7180270000000001,2.210613,1.458842
572100,a8nOeMljqGUUIxJGlQNUQULLNJnnrWFoPinG8lYLCMGRWa8O0hzmhvZtJTMAVOTa,0.9655590000000001,2.065928,1.354739
572400,a8nOeMljqGUUIxJGlQNUQULLNJnnrWFoPinG8lYLCMGRWa8O0hzmhvZtJTMAVOTa,0.760235,2.478888,1.42486
572700,a8nOeMljqGUUIxJGlQNUQULLNJnnrWFoPinG8lYLCMGRWa8O0hzmhvZtJTMAVOTa,1.026708,2.0357220000000003,1.42785
573000,a8nOeMljqGUUIxJGlQNUQULLNJnnrWFoPinG8lYLCMGRWa8O0hzmhvZtJTMAVOTa,0.557379,2.3681959999999997,1.38083
573300,a8nOeMljqGUUIxJGlQNUQULLNJnnrWFoPinG8lYLCMGRWa8O0hzmhvZtJTMAVOTa,0.5408930000000001,2.589137,1.527551
573600,a8nOeMljqGUUIxJGlQNUQULLNJnnrWFoPinG8lYLCMGRWa8O0hzmhvZtJTMAVOTa,1.002053,2.240558,1.476361
573900,a8nOeMljqGUUIxJGlQNUQULLNJnnrWFoPinG8lYLCMGRWa8O0hzmhvZtJTMAVOTa,0.546979,2.11731,1.4700469999999999
574200,a8nOeMljqGUUIxJGlQNUQULLNJnnrWFoPinG8lYLCMGRWa8O0hzmhvZtJTMAVOTa,0.986066,2.6516990000000003,1.502333
574500,a8nOeMljqGUUIxJGlQNUQULLNJnnrWFoPinG8lYLCMGRWa8O0hzmhvZtJTMAVOTa,0.844226,2.202633,1.483339
574800,a8nOeMljqGUUIxJGlQNUQULLNJnnrWFoPinG8lYLCMGRWa8O0hzmhvZtJTMAVOTa,0.9921639999999999,2.090039,1.3524639999999999
575100,a8nOeMljqGUUIxJGlQNUQULLNJnnrWFoPinG8lYLCMGRWa8O0hzmhvZtJTMAVOTa,1.033498,26.897705,6.539467
575400,a8nOeMljqGUUIxJGlQNUQULLNJnnrWFoPinG8lYLCMGRWa8O0hzmhvZtJTMAVOTa,1.021986,2.09871,1.454169
575700,a8nOeMljqGUUIxJGlQNUQULLNJnnrWFoPinG8lYLCMGRWa8O0hzmhvZtJTMAVOTa,0.5595680000000001,2.269761,1.3715709999999999
576000,a8nOeMljqGUUIxJGlQNUQULLNJnnrWFoPinG8lYLCMGRWa8O0hzmhvZtJTMAVOTa,0.758406,2.530785,1.502502
576300,a8nOeMljqGUUIxJGlQNUQULLNJnnrWFoPinG8lYLCMGRWa8O0hzmhvZtJTMAVOTa,0.9832620000000001,2.17599,1.473323
576600,a8nOeMljqGUUIxJGlQNUQULLNJnnrWFoPinG8lYLCMGRWa8O0hzmhvZtJTMAVOTa,0.7191609999999999,2.32472,1.35499
576900,a8nOeMljqGUUIxJGlQNUQULLNJnnrWFoPinG8lYLCMGRWa8O0hzmhvZtJTMAVOTa,0.992468,2.5271619999999997,1.500002
577200,a8nOeMljqGUUIxJGlQNUQULLNJnnrWFoPinG8lYLCMGRWa8O0hzmhvZtJTMAVOTa,0.822435,2.105159,1.423059
577500,a8nOeMljqGUUIxJGlQNUQULLNJnnrWFoPinG8lYLCMGRWa8O0hzmhvZtJTMAVOTa,1.0176379999999998,2.352504,1.481401
577800,a8nOeMljqGUUIxJGlQNUQULLNJnnrWFoPinG8lYLCMGRWa8O0hzmhvZtJTMAVOTa,0.565307,2.740098,1.508458
578100,a8nOeMljqGUUIxJGlQNUQULLNJnnrWFoPinG8lYLCMGRWa8O0hzmhvZtJTMAVOTa,0.9993360000000001,2.061178,1.44669
578400,a8nOeMljqGUUIxJGlQNUQULLNJnnrWFoPinG8lYLCMGRWa8O0hzmhvZtJTMAVOTa,0.584792,2.076304,1.3451309999999999
578700,a8nOeMljqGUUIxJGlQNUQULLNJnnrWFoPinG8lYLCMGRWa8O0hzmhvZtJTMAVOTa,0.579304,26.108242,3.9166260000000004
579000,a8nOeMljqGUUIxJGlQNUQULLNJnnrWFoPinG8lYLCMGRWa8O0hzmhvZtJTMAVOTa,1.001694,2.1097330000000003,1.4596719999999999
579300,a8nOeMljqGUUIxJGlQNUQULLNJnnrWFoPinG8lYLCMGRWa8O0hzmhvZtJTMAVOTa,1.003,2.146246,1.425624
579600,a8nOeMljqGUUIxJGlQNUQULLNJnnrWFoPinG8lYLCMGRWa8O0hzmhvZtJTMAVOTa,1.007773,2.5843830000000003,1.491659
579900,a8nOeMljqGUUIxJGlQNUQULLNJnnrWFoPinG8lYLCMGRWa8O0hzmhvZtJTMAVOTa,0.949371,1.990895,1.46833
580200,a8nOeMljqGUUIxJGlQNUQULLNJnnrWFoPinG8lYLCMGRWa8O0hzmhvZtJTMAVOTa,0.98436,2.424762,1.41662
580500,a8nOeMljqGUUIxJGlQNUQULLNJnnrWFoPinG8lYLCMGRWa8O0hzmhvZtJTMAVOTa,0.673541,2.612833,1.457586
580800,a8nOeMljqGUUIxJGlQNUQULLNJnnrWFoPinG8lYLCMGRWa8O0hzmhvZtJTMAVOTa,0.946674,1.9825529999999998,1.3904
581100,a8nOeMljqGUUIxJGlQNUQULLNJnnrWFoPinG8lYLCMGRWa8O0hzmhvZtJTMAVOTa,0.75334,1.878473,1.246434
581400,a8nOeMljqGUUIxJGlQNUQULLNJnnrWFoPinG8lYLCMGRWa8O0hzmhvZtJTMAVOTa,0.993423,2.6161779999999997,1.412652
581700,a8nOeMljqGUUIxJGlQNUQULLNJnnrWFoPinG8lYLCMGRWa8O0hzmhvZtJTMAVOTa,0.945701,2.107313,1.4580899999999999
582000,a8nOeMljqGUUIxJGlQNUQULLNJnnrWFoPinG8lYLCMGRWa8O0hzmhvZtJTMAVOTa,0.996906,2.08327,1.328833
582300,a8nOeMljqGUUIxJGlQNUQULLNJnnrWFoPinG8lYLCMGRWa8O0hzmhvZtJTMAVOTa,0.9703700000000001,18.958645999999998,3.9570160000000003
582600,a8nOeMljqGUUIxJGlQNUQULLNJnnrWFoPinG8lYLCMGRWa8O0hzmhvZtJTMAVOTa,0.956499,2.103094,1.487442
582900,a8nOeMljqGUUIxJGlQNUQULLNJnnrWFoPinG8lYLCMGRWa8O0hzmhvZtJTMAVOTa,1.00011,2.0884970000000003,1.416552
583200,a8nOeMljqGUUIxJGlQNUQULLNJnnrWFoPinG8lYLCMGRWa8O0hzmhvZtJTMAVOTa,0.929707,2.816599,1.469458
583500,a8nOeMljqGUUIxJGlQNUQULLNJnnrWFoPinG8lYLCMGRWa8O0hzmhvZtJTMAVOTa,0.940061,1.943916,1.45081
583800,a8nOeMljqGUUIxJGlQNUQULLNJnnrWFoPinG8lYLCMGRWa8O0hzmhvZtJTMAVOTa,0.784916,1.760389,1.264809
584100,a8nOeMljqGUUIxJGlQNUQULLNJnnrWFoPinG8lYLCMGRWa8O0hzmhvZtJTMAVOTa,1.014886,2.800377,1.500581
584400,a8nOeMljqGUUIxJGlQNUQULLNJnnrWFoPinG8lYLCMGRWa8O0hzmhvZtJTMAVOTa,1.011369,1.979396,1.4304459999999999
584700,a8nOeMljqGUUIxJGlQNUQULLNJnnrWFoPinG8lYLCMGRWa8O0hzmhvZtJTMAVOTa,1.019655,2.282614,1.449271
585000,a8nOeMljqGUUIxJGlQNUQULLNJnnrWFoPinG8lYLCMGRWa8O0hzmhvZtJTMAVOTa,1.035607,2.842997,1.506277
585300,a8nOeMljqGUUIxJGlQNUQULLNJnnrWFoPinG8lYLCMGRWa8O0hzmhvZtJTMAVOTa,0.9649770000000001,2.211509,1.4807139999999999
585600,a8nOeMljqGUUIxJGlQNUQULLNJnnrWFoPinG8lYLCMGRWa8O0hzmhvZtJTMAVOTa,0.9722290000000001,2.091573,1.37709
585900,a8nOeMljqGUUIxJGlQNUQULLNJnnrWFoPinG8lYLCMGRWa8O0hzmhvZtJTMAVOTa,0.988923,27.676588,4.579071
586200,a8nOeMljqGUUIxJGlQNUQULLNJnnrWFoPinG8lYLCMGRWa8O0hzmhvZtJTMAVOTa,0.9842360000000001,2.1214419999999996,1.4254229999999999
586500,a8nOeMljqGUUIxJGlQNUQULLNJnnrWFoPinG8lYLCMGRWa8O0hzmhvZtJTMAVOTa,0.800026,1.846929,1.239671
586800,a8nOeMljqGUUIxJGlQNUQULLNJnnrWFoPinG8lYLCMGRWa8O0hzmhvZtJTMAVOTa,0.888338,2.6432990000000003,1.412109
587100,a8nOeMljqGUUIxJGlQNUQULLNJnnrWFoPinG8lYLCMGRWa8O0hzmhvZtJTMAVOTa,1.01211,2.107278,1.498569
587400,a8nOeMljqGUUIxJGlQNUQULLNJnnrWFoPinG8lYLCMGRWa8O0hzmhvZtJTMAVOTa,0.561608,2.342577,1.426801
587700,a8nOeMljqGUUIxJGlQNUQULLNJnnrWFoPinG8lYLCMGRWa8O0hzmhvZtJTMAVOTa,0.983534,2.9283959999999998,1.516594
588000,a8nOeMljqGUUIxJGlQNUQULLNJnnrWFoPinG8lYLCMGRWa8O0hzmhvZtJTMAVOTa,0.5291710000000001,1.9784509999999997,1.4092040000000001
588300,a8nOeMljqGUUIxJGlQNUQULLNJnnrWFoPinG8lYLCMGRWa8O0hzmhvZtJTMAVOTa,0.9729909999999999,2.092868,1.371759
588600,a8nOeMljqGUUIxJGlQNUQULLNJnnrWFoPinG8lYLCMGRWa8O0hzmhvZtJTMAVOTa,0.772788,2.622905,1.47461
588900,a8nOeMljqGUUIxJGlQNUQULLNJnnrWFoPinG8lYLCMGRWa8O0hzmhvZtJTMAVOTa,0.971665,2.04434,1.457725
589200,a8nOeMljqGUUIxJGlQNUQULLNJnnrWFoPinG8lYLCMGRWa8O0hzmhvZtJTMAVOTa,0.9564860000000001,1.761813,1.322542
589500,a8nOeMljqGUUIxJGlQNUQULLNJnnrWFoPinG8lYLCMGRWa8O0hzmhvZtJTMAVOTa,0.966349,25.683448000000002,3.998592
589800,a8nOeMljqGUUIxJGlQNUQULLNJnnrWFoPinG8lYLCMGRWa8O0hzmhvZtJTMAVOTa,0.9783379999999999,2.108452,1.448077
590100,a8nOeMljqGUUIxJGlQNUQULLNJnnrWFoPinG8lYLCMGRWa8O0hzmhvZtJTMAVOTa,0.722012,2.135646,1.3108899999999999
590400,a8nOeMljqGUUIxJGlQNUQULLNJnnrWFoPinG8lYLCMGRWa8O0hzmhvZtJTMAVOTa,0.9085620000000001,3.3668379999999996,1.501066
590700,a8nOeMljqGUUIxJGlQNUQULLNJnnrWFoPinG8lYLCMGRWa8O0hzmhvZtJTMAVOTa,0.9151239999999999,2.229432,1.389139
591000,a8nOeMljqGUUIxJGlQNUQULLNJnnrWFoPinG8lYLCMGRWa8O0hzmhvZtJTMAVOTa,0.9465379999999999,2.386963,1.4117469999999999
591300,a8nOeMljqGUUIxJGlQNUQULLNJnnrWFoPinG8lYLCMGRWa8O0hzmhvZtJTMAVOTa,0.9692639999999999,3.361322,1.498477
591600,a8nOeMljqGUUIxJGlQNUQULLNJnnrWFoPinG8lYLCMGRWa8O0hzmhvZtJTMAVOTa,0.950875,2.50385,1.416593
591900,a8nOeMljqGUUIxJGlQNUQULLNJnnrWFoPinG8lYLCMGRWa8O0hzmhvZtJTMAVOTa,0.730078,2.309967,1.2999690000000002
592200,a8nOeMljqGUUIxJGlQNUQULLNJnnrWFoPinG8lYLCMGRWa8O0hzmhvZtJTMAVOTa,0.492461,3.538705,1.396814
592500,a8nOeMljqGUUIxJGlQNUQULLNJnnrWFoPinG8lYLCMGRWa8O0hzmhvZtJTMAVOTa,0.954117,2.634383,1.476798
592800,a8nOeMljqGUUIxJGlQNUQULLNJnnrWFoPinG8lYLCMGRWa8O0hzmhvZtJTMAVOTa,0.48855,2.137585,1.3035299999999999
593100,a8nOeMljqGUUIxJGlQNUQULLNJnnrWFoPinG8lYLCMGRWa8O0hzmhvZtJTMAVOTa,0.975556,15.631282999999998,3.9862349999999998
593400,a8nOeMljqGUUIxJGlQNUQULLNJnnrWFoPinG8lYLCMGRWa8O0hzmhvZtJTMAVOTa,0.435493,2.786883,1.441641
593700,a8nOeMljqGUUIxJGlQNUQULLNJnnrWFoPinG8lYLCMGRWa8O0hzmhvZtJTMAVOTa,0.974505,2.1056310000000003,1.353958
594000,a8nOeMljqGUUIxJGlQNUQULLNJnnrWFoPinG8lYLCMGRWa8O0hzmhvZtJTMAVOTa,0.533916,3.367376,1.4266020000000001
594300,a8nOeMljqGUUIxJGlQNUQULLNJnnrWFoPinG8lYLCMGRWa8O0hzmhvZtJTMAVOTa,1.009774,2.5954900000000003,1.451177
594600,a8nOeMljqGUUIxJGlQNUQULLNJnnrWFoPinG8lYLCMGRWa8O0hzmhvZtJTMAVOTa,0.5021359999999999,2.077157,1.249468
594900,a8nOeMljqGUUIxJGlQNUQULLNJnnrWFoPinG8lYLCMGRWa8O0hzmhvZtJTMAVOTa,0.703255,41.179161,9.179025
595200,a8nOeMljqGUUIxJGlQNUQULLNJnnrWFoPinG8lYLCMGRWa8O0hzmhvZtJTMAVOTa,1.0176450000000001,2.83497,1.634836
595500,a8nOeMljqGUUIxJGlQNUQULLNJnnrWFoPinG8lYLCMGRWa8O0hzmhvZtJTMAVOTa,0.631142,2.104848,1.336021
595800,a8nOeMljqGUUIxJGlQNUQULLNJnnrWFoPinG8lYLCMGRWa8O0hzmhvZtJTMAVOTa,0.94531,3.6831940000000003,1.639747
596100,a8nOeMljqGUUIxJGlQNUQULLNJnnrWFoPinG8lYLCMGRWa8O0hzmhvZtJTMAVOTa,0.784802,2.7085,1.472903
596400,a8nOeMljqGUUIxJGlQNUQULLNJnnrWFoPinG8lYLCMGRWa8O0hzmhvZtJTMAVOTa,0.9661040000000001,2.151976,1.3930850000000001
596700,a8nOeMljqGUUIxJGlQNUQULLNJnnrWFoPinG8lYLCMGRWa8O0hzmhvZtJTMAVOTa,0.5469930000000001,26.966252,4.0281839999999995
597000,a8nOeMljqGUUIxJGlQNUQULLNJnnrWFoPinG8lYLCMGRWa8O0hzmhvZtJTMAVOTa,0.928945,2.555733,1.432998
597300,a8nOeMljqGUUIxJGlQNUQULLNJnnrWFoPinG8lYLCMGRWa8O0hzmhvZtJTMAVOTa,0.57875,2.068759,1.212073
597600,a8nOeMljqGUUIxJGlQNUQULLNJnnrWFoPinG8lYLCMGRWa8O0hzmhvZtJTMAVOTa,0.9169069999999999,3.342169,1.495991
597900,a8nOeMljqGUUIxJGlQNUQULLNJnnrWFoPinG8lYLCMGRWa8O0hzmhvZtJTMAVOTa,1.0151629999999998,2.522754,1.455659
598200,a8nOeMljqGUUIxJGlQNUQULLNJnnrWFoPinG8lYLCMGRWa8O0hzmhvZtJTMAVOTa,0.595672,2.271239,1.313624
598500,a8nOeMljqGUUIxJGlQNUQULLNJnnrWFoPinG8lYLCMGRWa8O0hzmhvZtJTMAVOTa,0.948566,3.366161,1.499783
598800,a8nOeMljqGUUIxJGlQNUQULLNJnnrWFoPinG8lYLCMGRWa8O0hzmhvZtJTMAVOTa,0.580941,2.499182,1.372711
599100,a8nOeMljqGUUIxJGlQNUQULLNJnnrWFoPinG8lYLCMGRWa8O0hzmhvZtJTMAVOTa,0.9771799999999999,2.059562,1.408811
599400,a8nOeMljqGUUIxJGlQNUQULLNJnnrWFoPinG8lYLCMGRWa8O0hzmhvZtJTMAVOTa,0.793251,3.2438830000000003,1.448753
599700,a8nOeMljqGUUIxJGlQNUQULLNJnnrWFoPinG8lYLCMGRWa8O0hzmhvZtJTMAVOTa,0.985944,2.579528,1.4594280000000002
600000,a8nOeMljqGUUIxJGlQNUQULLNJnnrWFoPinG8lYLCMGRWa8O0hzmhvZtJTMAVOTa,0.949786,2.1611700000000003,1.28136
600300,a8nOeMljqGUUIxJGlQNUQULLNJnnrWFoPinG8lYLCMGRWa8O0hzmhvZtJTMAVOTa,0.997382,26.073783,3.887467
600600,a8nOeMljqGUUIxJGlQNUQULLNJnnrWFoPinG8lYLCMGRWa8O0hzmhvZtJTMAVOTa,1.001611,2.476054,1.4516360000000001
600900,a8nOeMljqGUUIxJGlQNUQULLNJnnrWFoPinG8lYLCMGRWa8O0hzmhvZtJTMAVOTa,0.9256040000000001,2.100095,1.378827
601200,a8nOeMljqGUUIxJGlQNUQULLNJnnrWFoPinG8lYLCMGRWa8O0hzmhvZtJTMAVOTa,0.96885,3.554098,1.51883
601500,a8nOeMljqGUUIxJGlQNUQULLNJnnrWFoPinG8lYLCMGRWa8O0hzmhvZtJTMAVOTa,0.948118,2.600227,1.427798
601800,a8nOeMljqGUUIxJGlQNUQULLNJnnrWFoPinG8lYLCMGRWa8O0hzmhvZtJTMAVOTa,0.9549549999999999,2.292847,1.400069
602100,a8nOeMljqGUUIxJGlQNUQULLNJnnrWFoPinG8lYLCMGRWa8O0hzmhvZtJTMAVOTa,0.962778,3.304551,1.469853
602400,a8nOeMljqGUUIxJGlQNUQULLNJnnrWFoPinG8lYLCMGRWa8O0hzmhvZtJTMAVOTa,0.976978,2.6881209999999998,1.474548
602700,a8nOeMljqGUUIxJGlQNUQULLNJnnrWFoPinG8lYLCMGRWa8O0hzmhvZtJTMAVOTa,0.97621,2.057269,1.364166
603000,a8nOeMljqGUUIxJGlQNUQULLNJnnrWFoPinG8lYLCMGRWa8O0hzmhvZtJTMAVOTa,0.979289,3.344215,1.515714
603300,a8nOeMljqGUUIxJGlQNUQULLNJnnrWFoPinG8lYLCMGRWa8O0hzmhvZtJTMAVOTa,1.004948,2.686941,1.480058
603600,a8nOeMljqGUUIxJGlQNUQULLNJnnrWFoPinG8lYLCMGRWa8O0hzmhvZtJTMAVOTa,0.9621209999999999,2.06756,1.442852
603900,a8nOeMljqGUUIxJGlQNUQULLNJnnrWFoPinG8lYLCMGRWa8O0hzmhvZtJTMAVOTa,0.96724,15.908420000000001,3.994828
604200,a8nOeMljqGUUIxJGlQNUQULLNJnnrWFoPinG8lYLCMGRWa8O0hzmhvZtJTMAVOTa,0.9858709999999999,2.443698,1.461228
604500,a8nOeMljqGUUIxJGlQNUQULLNJnnrWFoPinG8lYLCMGRWa8O0hzmhvZtJTMAVOTa,0.9913190000000001,2.063512,1.409086
604800,a8nOeMljqGUUIxJGlQNUQULLNJnnrWFoPinG8lYLCMGRWa8O0hzmhvZtJTMAVOTa,1.060173,3.4005769999999997,1.584992
605100,a8nOeMljqGUUIxJGlQNUQULLNJnnrWFoPinG8lYLCMGRWa8O0hzmhvZtJTMAVOTa,1.017439,2.389982,1.418406
605400,a8nOeMljqGUUIxJGlQNUQULLNJnnrWFoPinG8lYLCMGRWa8O0hzmhvZtJTMAVOTa,1.014378,1.91789,1.413007
605700,a8nOeMljqGUUIxJGlQNUQULLNJnnrWFoPinG8lYLCMGRWa8O0hzmhvZtJTMAVOTa,0.907502,3.192694,1.404585
606000,a8nOeMljqGUUIxJGlQNUQULLNJnnrWFoPinG8lYLCMGRWa8O0hzmhvZtJTMAVOTa,0.999393,2.446703,1.441006
606300,a8nOeMljqGUUIxJGlQNUQULLNJnnrWFoPinG8lYLCMGRWa8O0hzmhvZtJTMAVOTa,0.950412,2.0283599999999997,1.3892149999999999
606600,a8nOeMljqGUUIxJGlQNUQULLNJnnrWFoPinG8lYLCMGRWa8O0hzmhvZtJTMAVOTa,1.039077,3.2602830000000003,1.4954969999999999
606900,a8nOeMljqGUUIxJGlQNUQULLNJnnrWFoPinG8lYLCMGRWa8O0hzmhvZtJTMAVOTa,1.0210700000000001,2.742411,1.4717360000000002
607200,a8nOeMljqGUUIxJGlQNUQULLNJnnrWFoPinG8lYLCMGRWa8O0hzmhvZtJTMAVOTa,0.9943639999999999,2.107168,1.3945530000000002
607500,a8nOeMljqGUUIxJGlQNUQULLNJnnrWFoPinG8lYLCMGRWa8O0hzmhvZtJTMAVOTa,0.9673959999999999,25.934642,4.054831
607800,a8nOeMljqGUUIxJGlQNUQULLNJnnrWFoPinG8lYLCMGRWa8O0hzmhvZtJTMAVOTa,1.016438,2.471723,1.435697
608100,a8nOeMljqGUUIxJGlQNUQULLNJnnrWFoPinG8lYLCMGRWa8O0hzmhvZtJTMAVOTa,0.969607,2.120888,1.312218
608400,a8nOeMljqGUUIxJGlQNUQULLNJnnrWFoPinG8lYLCMGRWa8O0hzmhvZtJTMAVOTa,0.953232,3.3001339999999995,1.4448809999999999
608700,a8nOeMljqGUUIxJGlQNUQULLNJnnrWFoPinG8lYLCMGRWa8O0hzmhvZtJTMAVOTa,0.99518,2.46968,1.458667
609000,a8nOeMljqGUUIxJGlQNUQULLNJnnrWFoPinG8lYLCMGRWa8O0hzmhvZtJTMAVOTa,0.986975,4.4483120000000005,1.747296
609300,a8nOeMljqGUUIxJGlQNUQULLNJnnrWFoPinG8lYLCMGRWa8O0hzmhvZtJTMAVOTa,0.959098,3.3546730000000005,1.547316
609600,a8nOeMljqGUUIxJGlQNUQULLNJnnrWFoPinG8lYLCMGRWa8O0hzmhvZtJTMAVOTa,0.918652,2.3862490000000003,1.39507
609900,a8nOeMljqGUUIxJGlQNUQULLNJnnrWFoPinG8lYLCMGRWa8O0hzmhvZtJTMAVOTa,0.9515319999999999,2.074023,1.3731719999999998
610200,a8nOeMljqGUUIxJGlQNUQULLNJnnrWFoPinG8lYLCMGRWa8O0hzmhvZtJTMAVOTa,0.9620629999999999,3.244552,1.482301
610500,a8nOeMljqGUUIxJGlQNUQULLNJnnrWFoPinG8lYLCMGRWa8O0hzmhvZtJTMAVOTa,0.9558030000000001,2.4011970000000002,1.464135
610800,a8nOeMljqGUUIxJGlQNUQULLNJnnrWFoPinG8lYLCMGRWa8O0hzmhvZtJTMAVOTa,0.987455,1.8781869999999998,1.261663
611100,a8nOeMljqGUUIxJGlQNUQULLNJnnrWFoPinG8lYLCMGRWa8O0hzmhvZtJTMAVOTa,0.731593,25.781133999999998,3.8490919999999997
611400,a8nOeMljqGUUIxJGlQNUQULLNJnnrWFoPinG8lYLCMGRWa8O0hzmhvZtJTMAVOTa,1.004074,2.400496,1.452452
611700,a8nOeMljqGUUIxJGlQNUQULLNJnnrWFoPinG8lYLCMGRWa8O0hzmhvZtJTMAVOTa,0.762813,2.0514419999999998,1.3393979999999999
612000,a8nOeMljqGUUIxJGlQNUQULLNJnnrWFoPinG8lYLCMGRWa8O0hzmhvZtJTMAVOTa,0.9964430000000001,3.1154900000000003,1.548457
612300,a8nOeMljqGUUIxJGlQNUQULLNJnnrWFoPinG8lYLCMGRWa8O0hzmhvZtJTMAVOTa,0.476833,2.493762,1.4019409999999999
612600,a8nOeMljqGUUIxJGlQNUQULLNJnnrWFoPinG8lYLCMGRWa8O0hzmhvZtJTMAVOTa,0.991812,2.305031,1.472479
612900,a8nOeMljqGUUIxJGlQNUQULLNJnnrWFoPinG8lYLCMGRWa8O0hzmhvZtJTMAVOTa,1.058229,3.3098379999999996,1.5356319999999999
613200,a8nOeMljqGUUIxJGlQNUQULLNJnnrWFoPinG8lYLCMGRWa8O0hzmhvZtJTMAVOTa,1.01635,20.156164,3.434257
613500,a8nOeMljqGUUIxJGlQNUQULLNJnnrWFoPinG8lYLCMGRWa8O0hzmhvZtJTMAVOTa,0.984828,1.9053069999999999,1.4062299999999999
613800,a8nOeMljqGUUIxJGlQNUQULLNJnnrWFoPinG8lYLCMGRWa8O0hzmhvZtJTMAVOTa,0.815407,2.620673,1.385529
614100,a8nOeMljqGUUIxJGlQNUQULLNJnnrWFoPinG8lYLCMGRWa8O0hzmhvZtJTMAVOTa,0.962649,1.9819790000000002,1.3799629999999998
614400,a8nOeMljqGUUIxJGlQNUQULLNJnnrWFoPinG8lYLCMGRWa8O0hzmhvZtJTMAVOTa,0.943599,1.9813720000000001,1.484876
614700,a8nOeMljqGUUIxJGlQNUQULLNJnnrWFoPinG8lYLCMGRWa8O0hzmhvZtJTMAVOTa,0.9863959999999999,18.936111,4.004144999999999
615000,a8nOeMljqGUUIxJGlQNUQULLNJnnrWFoPinG8lYLCMGRWa8O0hzmhvZtJTMAVOTa,0.625907,2.0445349999999998,1.331752
615300,a8nOeMljqGUUIxJGlQNUQULLNJnnrWFoPinG8lYLCMGRWa8O0hzmhvZtJTMAVOTa,1.020674,2.24396,1.506735
615600,a8nOeMljqGUUIxJGlQNUQULLNJnnrWFoPinG8lYLCMGRWa8O0hzmhvZtJTMAVOTa,0.458345,2.468147,1.450725
615900,a8nOeMljqGUUIxJGlQNUQULLNJnnrWFoPinG8lYLCMGRWa8O0hzmhvZtJTMAVOTa,1.030542,2.078855,1.363659
616200,a8nOeMljqGUUIxJGlQNUQULLNJnnrWFoPinG8lYLCMGRWa8O0hzmhvZtJTMAVOTa,0.512273,2.264918,1.435423
616500,a8nOeMljqGUUIxJGlQNUQULLNJnnrWFoPinG8lYLCMGRWa8O0hzmhvZtJTMAVOTa,0.711437,2.549953,1.464935
616800,a8nOeMljqGUUIxJGlQNUQULLNJnnrWFoPinG8lYLCMGRWa8O0hzmhvZtJTMAVOTa,1.055625,10.69946,2.804048
617100,a8nOeMljqGUUIxJGlQNUQULLNJnnrWFoPinG8lYLCMGRWa8O0hzmhvZtJTMAVOTa,0.602481,11.53253,2.4876720000000003
617400,a8nOeMljqGUUIxJGlQNUQULLNJnnrWFoPinG8lYLCMGRWa8O0hzmhvZtJTMAVOTa,1.1594959999999999,2.558943,1.735369
617700,a8nOeMljqGUUIxJGlQNUQULLNJnnrWFoPinG8lYLCMGRWa8O0hzmhvZtJTMAVOTa,0.9721059999999999,1.947096,1.342637
618000,a8nOeMljqGUUIxJGlQNUQULLNJnnrWFoPinG8lYLCMGRWa8O0hzmhvZtJTMAVOTa,0.99203,2.096854,1.530435
618300,a8nOeMljqGUUIxJGlQNUQULLNJnnrWFoPinG8lYLCMGRWa8O0hzmhvZtJTMAVOTa,0.952924,26.276831,4.060809
618600,a8nOeMljqGUUIxJGlQNUQULLNJnnrWFoPinG8lYLCMGRWa8O0hzmhvZtJTMAVOTa,1.001469,2.1364549999999998,1.3756190000000001
618900,a8nOeMljqGUUIxJGlQNUQULLNJnnrWFoPinG8lYLCMGRWa8O0hzmhvZtJTMAVOTa,0.44912399999999997,1.9506869999999998,1.275925
619200,a8nOeMljqGUUIxJGlQNUQULLNJnnrWFoPinG8lYLCMGRWa8O0hzmhvZtJTMAVOTa,0.510406,2.5361860000000003,1.38045
619500,a8nOeMljqGUUIxJGlQNUQULLNJnnrWFoPinG8lYLCMGRWa8O0hzmhvZtJTMAVOTa,0.98198,2.082606,1.37916
619800,a8nOeMljqGUUIxJGlQNUQULLNJnnrWFoPinG8lYLCMGRWa8O0hzmhvZtJTMAVOTa,0.680424,2.318349,1.403932
620100,a8nOeMljqGUUIxJGlQNUQULLNJnnrWFoPinG8lYLCMGRWa8O0hzmhvZtJTMAVOTa,0.998051,2.427445,1.481433
620400,a8nOeMljqGUUIxJGlQNUQULLNJnnrWFoPinG8lYLCMGRWa8O0hzmhvZtJTMAVOTa,0.540583,2.002246,1.2854510000000001
620700,a8nOeMljqGUUIxJGlQNUQULLNJnnrWFoPinG8lYLCMGRWa8O0hzmhvZtJTMAVOTa,1.019829,2.065563,1.536407
621000,a8nOeMljqGUUIxJGlQNUQULLNJnnrWFoPinG8lYLCMGRWa8O0hzmhvZtJTMAVOTa,0.5497989999999999,2.496903,1.4519549999999999
621300,a8nOeMljqGUUIxJGlQNUQULLNJnnrWFoPinG8lYLCMGRWa8O0hzmhvZtJTMAVOTa,0.952298,2.170144,1.368601
621600,a8nOeMljqGUUIxJGlQNUQULLNJnnrWFoPinG8lYLCMGRWa8O0hzmhvZtJTMAVOTa,0.7441479999999999,2.027083,1.300067
621900,a8nOeMljqGUUIxJGlQNUQULLNJnnrWFoPinG8lYLCMGRWa8O0hzmhvZtJTMAVOTa,1.0118690000000001,25.946575,3.951678
622200,a8nOeMljqGUUIxJGlQNUQULLNJnnrWFoPinG8lYLCMGRWa8O0hzmhvZtJTMAVOTa,1.023942,2.119825,1.374774
622500,a8nOeMljqGUUIxJGlQNUQULLNJnnrWFoPinG8lYLCMGRWa8O0hzmhvZtJTMAVOTa,0.5664899999999999,2.0426509999999998,1.404513
622800,a8nOeMljqGUUIxJGlQNUQULLNJnnrWFoPinG8lYLCMGRWa8O0hzmhvZtJTMAVOTa,1.006153,2.429019,1.497158
623100,a8nOeMljqGUUIxJGlQNUQULLNJnnrWFoPinG8lYLCMGRWa8O0hzmhvZtJTMAVOTa,0.726891,2.168165,1.359537
623400,a8nOeMljqGUUIxJGlQNUQULLNJnnrWFoPinG8lYLCMGRWa8O0hzmhvZtJTMAVOTa,1.1045909999999999,2.423622,1.528709
623700,a8nOeMljqGUUIxJGlQNUQULLNJnnrWFoPinG8lYLCMGRWa8O0hzmhvZtJTMAVOTa,0.50442,39.376276000000004,9.321158
624000,a8nOeMljqGUUIxJGlQNUQULLNJnnrWFoPinG8lYLCMGRWa8O0hzmhvZtJTMAVOTa,1.042443,2.784616,1.470157
624300,a8nOeMljqGUUIxJGlQNUQULLNJnnrWFoPinG8lYLCMGRWa8O0hzmhvZtJTMAVOTa,1.064872,2.057345,1.539167
624600,a8nOeMljqGUUIxJGlQNUQULLNJnnrWFoPinG8lYLCMGRWa8O0hzmhvZtJTMAVOTa,1.006326,2.617869,1.51749
624900,a8nOeMljqGUUIxJGlQNUQULLNJnnrWFoPinG8lYLCMGRWa8O0hzmhvZtJTMAVOTa,1.011967,3.281717,1.6527459999999998
625200,a8nOeMljqGUUIxJGlQNUQULLNJnnrWFoPinG8lYLCMGRWa8O0hzmhvZtJTMAVOTa,1.024122,3.112127,1.64104
625500,a8nOeMljqGUUIxJGlQNUQULLNJnnrWFoPinG8lYLCMGRWa8O0hzmhvZtJTMAVOTa,0.9748100000000001,23.617987,4.035185
625800,a8nOeMljqGUUIxJGlQNUQULLNJnnrWFoPinG8lYLCMGRWa8O0hzmhvZtJTMAVOTa,1.0232350000000001,3.531271,1.6652080000000002
626100,a8nOeMljqGUUIxJGlQNUQULLNJnnrWFoPinG8lYLCMGRWa8O0hzmhvZtJTMAVOTa,1.004432,2.1863259999999998,1.480723
626400,a8nOeMljqGUUIxJGlQNUQULLNJnnrWFoPinG8lYLCMGRWa8O0hzmhvZtJTMAVOTa,0.9688180000000001,2.96835,1.6606319999999999
626700,a8nOeMljqGUUIxJGlQNUQULLNJnnrWFoPinG8lYLCMGRWa8O0hzmhvZtJTMAVOTa,0.9979790000000001,2.0210310000000002,1.336247
627000,a8nOeMljqGUUIxJGlQNUQULLNJnnrWFoPinG8lYLCMGRWa8O0hzmhvZtJTMAVOTa,1.011719,2.693003,1.644812
627300,a8nOeMljqGUUIxJGlQNUQULLNJnnrWFoPinG8lYLCMGRWa8O0hzmhvZtJTMAVOTa,1.0225879999999998,2.514897,1.487308
627600,a8nOeMljqGUUIxJGlQNUQULLNJnnrWFoPinG8lYLCMGRWa8O0hzmhvZtJTMAVOTa,1.022138,15.227529999999998,2.733995
627900,a8nOeMljqGUUIxJGlQNUQULLNJnnrWFoPinG8lYLCMGRWa8O0hzmhvZtJTMAVOTa,1.1051950000000001,2.871856,1.6375110000000002
628200,a8nOeMljqGUUIxJGlQNUQULLNJnnrWFoPinG8lYLCMGRWa8O0hzmhvZtJTMAVOTa,0.956217,2.465424,1.453638
628500,a8nOeMljqGUUIxJGlQNUQULLNJnnrWFoPinG8lYLCMGRWa8O0hzmhvZtJTMAVOTa,1.04623,3.3086839999999995,1.575922
628800,a8nOeMljqGUUIxJGlQNUQULLNJnnrWFoPinG8lYLCMGRWa8O0hzmhvZtJTMAVOTa,0.997633,2.104911,1.4517209999999998
629100,a8nOeMljqGUUIxJGlQNUQULLNJnnrWFoPinG8lYLCMGRWa8O0hzmhvZtJTMAVOTa,1.040826,26.421053999999998,4.228452
629400,a8nOeMljqGUUIxJGlQNUQULLNJnnrWFoPinG8lYLCMGRWa8O0hzmhvZtJTMAVOTa,1.062189,2.192986,1.420243
629700,a8nOeMljqGUUIxJGlQNUQULLNJnnrWFoPinG8lYLCMGRWa8O0hzmhvZtJTMAVOTa,1.017046,3.7848300000000004,1.740034
630000,a8nOeMljqGUUIxJGlQNUQULLNJnnrWFoPinG8lYLCMGRWa8O0hzmhvZtJTMAVOTa,1.021652,2.564706,1.525963
630300,a8nOeMljqGUUIxJGlQNUQULLNJnnrWFoPinG8lYLCMGRWa8O0hzmhvZtJTMAVOTa,1.0109,11.496355,2.385123
630600,a8nOeMljqGUUIxJGlQNUQULLNJnnrWFoPinG8lYLCMGRWa8O0hzmhvZtJTMAVOTa,1.1207129999999998,2.9944189999999997,1.650423
630900,a8nOeMljqGUUIxJGlQNUQULLNJnnrWFoPinG8lYLCMGRWa8O0hzmhvZtJTMAVOTa,1.013072,2.6255290000000002,1.516156
631200,a8nOeMljqGUUIxJGlQNUQULLNJnnrWFoPinG8lYLCMGRWa8O0hzmhvZtJTMAVOTa,0.9794139999999999,2.865631,1.504693
631500,a8nOeMljqGUUIxJGlQNUQULLNJnnrWFoPinG8lYLCMGRWa8O0hzmhvZtJTMAVOTa,0.995451,2.131662,1.4144299999999999
631800,a8nOeMljqGUUIxJGlQNUQULLNJnnrWFoPinG8lYLCMGRWa8O0hzmhvZtJTMAVOTa,0.984749,8.910057,2.242651
632100,a8nOeMljqGUUIxJGlQNUQULLNJnnrWFoPinG8lYLCMGRWa8O0hzmhvZtJTMAVOTa,1.011785,1.99649,1.3659139999999999
632400,a8nOeMljqGUUIxJGlQNUQULLNJnnrWFoPinG8lYLCMGRWa8O0hzmhvZtJTMAVOTa,1.005372,2.889537,1.621483
632700,a8nOeMljqGUUIxJGlQNUQULLNJnnrWFoPinG8lYLCMGRWa8O0hzmhvZtJTMAVOTa,1.01083,23.990775,3.7569449999999995
633000,a8nOeMljqGUUIxJGlQNUQULLNJnnrWFoPinG8lYLCMGRWa8O0hzmhvZtJTMAVOTa,1.0103030000000002,13.248902,2.535448
633300,a8nOeMljqGUUIxJGlQNUQULLNJnnrWFoPinG8lYLCMGRWa8O0hzmhvZtJTMAVOTa,1.056497,4.642397,1.790925
633600,a8nOeMljqGUUIxJGlQNUQULLNJnnrWFoPinG8lYLCMGRWa8O0hzmhvZtJTMAVOTa,1.034489,2.6561209999999997,1.539842
633900,a8nOeMljqGUUIxJGlQNUQULLNJnnrWFoPinG8lYLCMGRWa8O0hzmhvZtJTMAVOTa,1.002208,3.618168,1.604295
634200,a8nOeMljqGUUIxJGlQNUQULLNJnnrWFoPinG8lYLCMGRWa8O0hzmhvZtJTMAVOTa,1.005008,2.373652,1.491221
634500,a8nOeMljqGUUIxJGlQNUQULLNJnnrWFoPinG8lYLCMGRWa8O0hzmhvZtJTMAVOTa,0.9957729999999999,3.360576,1.7685259999999998
634800,a8nOeMljqGUUIxJGlQNUQULLNJnnrWFoPinG8lYLCMGRWa8O0hzmhvZtJTMAVOTa,1.0272,2.029598,1.349226
635100,a8nOeMljqGUUIxJGlQNUQULLNJnnrWFoPinG8lYLCMGRWa8O0hzmhvZtJTMAVOTa,0.9816889999999999,3.512462,1.6903029999999999
635400,a8nOeMljqGUUIxJGlQNUQULLNJnnrWFoPinG8lYLCMGRWa8O0hzmhvZtJTMAVOTa,0.9990559999999999,2.515604,1.50429
635700,a8nOeMljqGUUIxJGlQNUQULLNJnnrWFoPinG8lYLCMGRWa8O0hzmhvZtJTMAVOTa,0.948521,20.956402999999998,3.298868
636000,a8nOeMljqGUUIxJGlQNUQULLNJnnrWFoPinG8lYLCMGRWa8O0hzmhvZtJTMAVOTa,1.015784,3.719989,1.784513
636300,a8nOeMljqGUUIxJGlQNUQULLNJnnrWFoPinG8lYLCMGRWa8O0hzmhvZtJTMAVOTa,0.964707,27.136696999999998,3.985464
636600,a8nOeMljqGUUIxJGlQNUQULLNJnnrWFoPinG8lYLCMGRWa8O0hzmhvZtJTMAVOTa,0.9879610000000001,3.6581269999999995,1.647243
636900,a8nOeMljqGUUIxJGlQNUQULLNJnnrWFoPinG8lYLCMGRWa8O0hzmhvZtJTMAVOTa,0.9321459999999999,3.107223,1.500941
637200,a8nOeMljqGUUIxJGlQNUQULLNJnnrWFoPinG8lYLCMGRWa8O0hzmhvZtJTMAVOTa,0.9460780000000001,6.357436,2.0260689999999997
637500,a8nOeMljqGUUIxJGlQNUQULLNJnnrWFoPinG8lYLCMGRWa8O0hzmhvZtJTMAVOTa,0.941097,2.37433,1.388188
637800,a8nOeMljqGUUIxJGlQNUQULLNJnnrWFoPinG8lYLCMGRWa8O0hzmhvZtJTMAVOTa,0.983367,3.1841470000000003,1.6854369999999999
638100,a8nOeMljqGUUIxJGlQNUQULLNJnnrWFoPinG8lYLCMGRWa8O0hzmhvZtJTMAVOTa,0.962843,2.67552,1.521787
638400,a8nOeMljqGUUIxJGlQNUQULLNJnnrWFoPinG8lYLCMGRWa8O0hzmhvZtJTMAVOTa,0.967042,13.211317000000001,2.6013740000000003
638700,a8nOeMljqGUUIxJGlQNUQULLNJnnrWFoPinG8lYLCMGRWa8O0hzmhvZtJTMAVOTa,0.9795799999999999,3.923525,1.7613130000000001
639000,a8nOeMljqGUUIxJGlQNUQULLNJnnrWFoPinG8lYLCMGRWa8O0hzmhvZtJTMAVOTa,0.943591,3.106697,1.655946
639300,a8nOeMljqGUUIxJGlQNUQULLNJnnrWFoPinG8lYLCMGRWa8O0hzmhvZtJTMAVOTa,0.936687,9.155966000000001,2.153368
639600,a8nOeMljqGUUIxJGlQNUQULLNJnnrWFoPinG8lYLCMGRWa8O0hzmhvZtJTMAVOTa,0.967648,2.952803,1.440672
639900,a8nOeMljqGUUIxJGlQNUQULLNJnnrWFoPinG8lYLCMGRWa8O0hzmhvZtJTMAVOTa,0.693978,28.518646,4.070151
640200,a8nOeMljqGUUIxJGlQNUQULLNJnnrWFoPinG8lYLCMGRWa8O0hzmhvZtJTMAVOTa,0.9759530000000001,2.098523,1.353253
640500,a8nOeMljqGUUIxJGlQNUQULLNJnnrWFoPinG8lYLCMGRWa8O0hzmhvZtJTMAVOTa,0.7642939999999999,2.8276830000000004,1.397071
640800,a8nOeMljqGUUIxJGlQNUQULLNJnnrWFoPinG8lYLCMGRWa8O0hzmhvZtJTMAVOTa,0.944274,2.699839,1.502018
641100,a8nOeMljqGUUIxJGlQNUQULLNJnnrWFoPinG8lYLCMGRWa8O0hzmhvZtJTMAVOTa,0.971657,2.1890680000000002,1.424998
641400,a8nOeMljqGUUIxJGlQNUQULLNJnnrWFoPinG8lYLCMGRWa8O0hzmhvZtJTMAVOTa,0.637825,3.056028,1.4037959999999998
641700,a8nOeMljqGUUIxJGlQNUQULLNJnnrWFoPinG8lYLCMGRWa8O0hzmhvZtJTMAVOTa,0.913906,2.571724,1.486751
642000,a8nOeMljqGUUIxJGlQNUQULLNJnnrWFoPinG8lYLCMGRWa8O0hzmhvZtJTMAVOTa,0.865898,2.08059,1.353726
642300,a8nOeMljqGUUIxJGlQNUQULLNJnnrWFoPinG8lYLCMGRWa8O0hzmhvZtJTMAVOTa,1.005443,4.953880000000001,1.817345
642600,a8nOeMljqGUUIxJGlQNUQULLNJnnrWFoPinG8lYLCMGRWa8O0hzmhvZtJTMAVOTa,0.783172,2.709299,1.4916049999999998
642900,a8nOeMljqGUUIxJGlQNUQULLNJnnrWFoPinG8lYLCMGRWa8O0hzmhvZtJTMAVOTa,0.940841,2.1770509999999996,1.368551
643200,a8nOeMljqGUUIxJGlQNUQULLNJnnrWFoPinG8lYLCMGRWa8O0hzmhvZtJTMAVOTa,0.5782470000000001,2.883414,1.441068
643500,a8nOeMljqGUUIxJGlQNUQULLNJnnrWFoPinG8lYLCMGRWa8O0hzmhvZtJTMAVOTa,0.906474,21.753756,3.402167
643800,a8nOeMljqGUUIxJGlQNUQULLNJnnrWFoPinG8lYLCMGRWa8O0hzmhvZtJTMAVOTa,0.967666,2.886597,1.502377
644100,a8nOeMljqGUUIxJGlQNUQULLNJnnrWFoPinG8lYLCMGRWa8O0hzmhvZtJTMAVOTa,0.938579,6.881742999999999,1.993895
644400,a8nOeMljqGUUIxJGlQNUQULLNJnnrWFoPinG8lYLCMGRWa8O0hzmhvZtJTMAVOTa,0.94671,2.705167,1.5209030000000001
644700,a8nOeMljqGUUIxJGlQNUQULLNJnnrWFoPinG8lYLCMGRWa8O0hzmhvZtJTMAVOTa,0.957558,4.006296,1.677787
645000,a8nOeMljqGUUIxJGlQNUQULLNJnnrWFoPinG8lYLCMGRWa8O0hzmhvZtJTMAVOTa,0.9645219999999999,3.176269,1.512721
645300,a8nOeMljqGUUIxJGlQNUQULLNJnnrWFoPinG8lYLCMGRWa8O0hzmhvZtJTMAVOTa,0.743753,2.591503,1.443128
645600,a8nOeMljqGUUIxJGlQNUQULLNJnnrWFoPinG8lYLCMGRWa8O0hzmhvZtJTMAVOTa,0.9464819999999999,2.087079,1.344943
645900,a8nOeMljqGUUIxJGlQNUQULLNJnnrWFoPinG8lYLCMGRWa8O0hzmhvZtJTMAVOTa,0.6983229999999999,2.9310560000000003,1.39683
646200,a8nOeMljqGUUIxJGlQNUQULLNJnnrWFoPinG8lYLCMGRWa8O0hzmhvZtJTMAVOTa,0.979988,2.5910759999999997,1.485941
646500,a8nOeMljqGUUIxJGlQNUQULLNJnnrWFoPinG8lYLCMGRWa8O0hzmhvZtJTMAVOTa,0.71506,1.986334,1.248809
646800,a8nOeMljqGUUIxJGlQNUQULLNJnnrWFoPinG8lYLCMGRWa8O0hzmhvZtJTMAVOTa,0.923565,14.046631,2.677625
647100,a8nOeMljqGUUIxJGlQNUQULLNJnnrWFoPinG8lYLCMGRWa8O0hzmhvZtJTMAVOTa,0.91459,2.697253,1.467759
647400,a8nOeMljqGUUIxJGlQNUQULLNJnnrWFoPinG8lYLCMGRWa8O0hzmhvZtJTMAVOTa,0.5521010000000001,26.127116,3.800579
647700,a8nOeMljqGUUIxJGlQNUQULLNJnnrWFoPinG8lYLCMGRWa8O0hzmhvZtJTMAVOTa,0.9521540000000001,2.893881,1.410866
648000,a8nOeMljqGUUIxJGlQNUQULLNJnnrWFoPinG8lYLCMGRWa8O0hzmhvZtJTMAVOTa,0.9366540000000001,2.620771,1.5405959999999999
648300,a8nOeMljqGUUIxJGlQNUQULLNJnnrWFoPinG8lYLCMGRWa8O0hzmhvZtJTMAVOTa,0.988876,1.9918080000000002,1.3399290000000001
648600,a8nOeMljqGUUIxJGlQNUQULLNJnnrWFoPinG8lYLCMGRWa8O0hzmhvZtJTMAVOTa,0.924009,3.2690639999999997,1.571042
648900,a8nOeMljqGUUIxJGlQNUQULLNJnnrWFoPinG8lYLCMGRWa8O0hzmhvZtJTMAVOTa,0.959996,2.564489,1.513098
649200,a8nOeMljqGUUIxJGlQNUQULLNJnnrWFoPinG8lYLCMGRWa8O0hzmhvZtJTMAVOTa,0.742764,2.0421169999999997,1.294848
649500,a8nOeMljqGUUIxJGlQNUQULLNJnnrWFoPinG8lYLCMGRWa8O0hzmhvZtJTMAVOTa,1.00044,14.093082999999998,2.732424
649800,a8nOeMljqGUUIxJGlQNUQULLNJnnrWFoPinG8lYLCMGRWa8O0hzmhvZtJTMAVOTa,0.999373,2.7902240000000003,1.52797
650100,a8nOeMljqGUUIxJGlQNUQULLNJnnrWFoPinG8lYLCMGRWa8O0hzmhvZtJTMAVOTa,0.592529,2.063508,1.291351
650400,a8nOeMljqGUUIxJGlQNUQULLNJnnrWFoPinG8lYLCMGRWa8O0hzmhvZtJTMAVOTa,0.9055049999999999,2.902454,1.430628
650700,a8nOeMljqGUUIxJGlQNUQULLNJnnrWFoPinG8lYLCMGRWa8O0hzmhvZtJTMAVOTa,0.8189390000000001,2.678998,1.46662
651000,a8nOeMljqGUUIxJGlQNUQULLNJnnrWFoPinG8lYLCMGRWa8O0hzmhvZtJTMAVOTa,0.9332020000000001,26.027935999999997,3.848474
651300,a8nOeMljqGUUIxJGlQNUQULLNJnnrWFoPinG8lYLCMGRWa8O0hzmhvZtJTMAVOTa,0.76069,2.909983,1.3857629999999999
651600,a8nOeMljqGUUIxJGlQNUQULLNJnnrWFoPinG8lYLCMGRWa8O0hzmhvZtJTMAVOTa,0.988915,2.515202,1.494408
651900,a8nOeMljqGUUIxJGlQNUQULLNJnnrWFoPinG8lYLCMGRWa8O0hzmhvZtJTMAVOTa,0.716654,2.249733,1.334771
652200,a8nOeMljqGUUIxJGlQNUQULLNJnnrWFoPinG8lYLCMGRWa8O0hzmhvZtJTMAVOTa,0.956866,14.175581,2.769495
652500,a8nOeMljqGUUIxJGlQNUQULLNJnnrWFoPinG8lYLCMGRWa8O0hzmhvZtJTMAVOTa,1.152375,41.776401,9.555845
652800,a8nOeMljqGUUIxJGlQNUQULLNJnnrWFoPinG8lYLCMGRWa8O0hzmhvZtJTMAVOTa,0.727731,2.688462,1.470169
653100,a8nOeMljqGUUIxJGlQNUQULLNJnnrWFoPinG8lYLCMGRWa8O0hzmhvZtJTMAVOTa,1.035352,2.819744,1.483959
653400,a8nOeMljqGUUIxJGlQNUQULLNJnnrWFoPinG8lYLCMGRWa8O0hzmhvZtJTMAVOTa,0.6943520000000001,2.419921,1.472528
653700,a8nOeMljqGUUIxJGlQNUQULLNJnnrWFoPinG8lYLCMGRWa8O0hzmhvZtJTMAVOTa,1.0638729999999998,2.201161,1.488673
654000,a8nOeMljqGUUIxJGlQNUQULLNJnnrWFoPinG8lYLCMGRWa8O0hzmhvZtJTMAVOTa,1.033066,2.618945,1.465571
654300,a8nOeMljqGUUIxJGlQNUQULLNJnnrWFoPinG8lYLCMGRWa8O0hzmhvZtJTMAVOTa,1.124982,2.3590869999999997,1.5136100000000001
654600,a8nOeMljqGUUIxJGlQNUQULLNJnnrWFoPinG8lYLCMGRWa8O0hzmhvZtJTMAVOTa,1.060873,70.322755,8.947055
654900,a8nOeMljqGUUIxJGlQNUQULLNJnnrWFoPinG8lYLCMGRWa8O0hzmhvZtJTMAVOTa,1.049368,13.570765,2.635381
655200,a8nOeMljqGUUIxJGlQNUQULLNJnnrWFoPinG8lYLCMGRWa8O0hzmhvZtJTMAVOTa,1.0735139999999999,2.361023,1.611343
655500,a8nOeMljqGUUIxJGlQNUQULLNJnnrWFoPinG8lYLCMGRWa8O0hzmhvZtJTMAVOTa,1.061833,2.031384,1.4142549999999998
655800,a8nOeMljqGUUIxJGlQNUQULLNJnnrWFoPinG8lYLCMGRWa8O0hzmhvZtJTMAVOTa,1.021859,2.6118360000000003,1.527123
656100,a8nOeMljqGUUIxJGlQNUQULLNJnnrWFoPinG8lYLCMGRWa8O0hzmhvZtJTMAVOTa,1.092601,2.383784,1.5242120000000001
656400,a8nOeMljqGUUIxJGlQNUQULLNJnnrWFoPinG8lYLCMGRWa8O0hzmhvZtJTMAVOTa,1.08896,19.939588,3.356755
656700,a8nOeMljqGUUIxJGlQNUQULLNJnnrWFoPinG8lYLCMGRWa8O0hzmhvZtJTMAVOTa,1.0511780000000002,2.412154,1.518675
657000,a8nOeMljqGUUIxJGlQNUQULLNJnnrWFoPinG8lYLCMGRWa8O0hzmhvZtJTMAVOTa,1.106671,2.33702,1.518095
657300,a8nOeMljqGUUIxJGlQNUQULLNJnnrWFoPinG8lYLCMGRWa8O0hzmhvZtJTMAVOTa,1.033179,2.134286,1.392572
657600,a8nOeMljqGUUIxJGlQNUQULLNJnnrWFoPinG8lYLCMGRWa8O0hzmhvZtJTMAVOTa,1.0235969999999999,23.168306,3.609631
657900,a8nOeMljqGUUIxJGlQNUQULLNJnnrWFoPinG8lYLCMGRWa8O0hzmhvZtJTMAVOTa,1.034909,2.340275,1.510346
658200,a8nOeMljqGUUIxJGlQNUQULLNJnnrWFoPinG8lYLCMGRWa8O0hzmhvZtJTMAVOTa,0.9996229999999999,26.49822,3.8285769999999997
658500,a8nOeMljqGUUIxJGlQNUQULLNJnnrWFoPinG8lYLCMGRWa8O0hzmhvZtJTMAVOTa,1.077658,2.334043,1.450021
658800,a8nOeMljqGUUIxJGlQNUQULLNJnnrWFoPinG8lYLCMGRWa8O0hzmhvZtJTMAVOTa,0.93181,2.378614,1.466099
659100,a8nOeMljqGUUIxJGlQNUQULLNJnnrWFoPinG8lYLCMGRWa8O0hzmhvZtJTMAVOTa,1.1016059999999999,1.8937959999999998,1.445088
659400,a8nOeMljqGUUIxJGlQNUQULLNJnnrWFoPinG8lYLCMGRWa8O0hzmhvZtJTMAVOTa,1.097607,2.190084,1.552925
659700,a8nOeMljqGUUIxJGlQNUQULLNJnnrWFoPinG8lYLCMGRWa8O0hzmhvZtJTMAVOTa,1.131486,2.2159400000000002,1.527843
660000,a8nOeMljqGUUIxJGlQNUQULLNJnnrWFoPinG8lYLCMGRWa8O0hzmhvZtJTMAVOTa,1.105853,8.753546,2.160727
660300,a8nOeMljqGUUIxJGlQNUQULLNJnnrWFoPinG8lYLCMGRWa8O0hzmhvZtJTMAVOTa,1.078419,2.455676,1.656856
660600,a8nOeMljqGUUIxJGlQNUQULLNJnnrWFoPinG8lYLCMGRWa8O0hzmhvZtJTMAVOTa,1.068139,2.602748,1.6396330000000001
660900,a8nOeMljqGUUIxJGlQNUQULLNJnnrWFoPinG8lYLCMGRWa8O0hzmhvZtJTMAVOTa,1.18366,2.5724110000000002,1.6976259999999999
661200,a8nOeMljqGUUIxJGlQNUQULLNJnnrWFoPinG8lYLCMGRWa8O0hzmhvZtJTMAVOTa,1.0877350000000001,2.3725009999999997,1.512626
661500,a8nOeMljqGUUIxJGlQNUQULLNJnnrWFoPinG8lYLCMGRWa8O0hzmhvZtJTMAVOTa,0.9166549999999999,2.177063,1.504328
661800,a8nOeMljqGUUIxJGlQNUQULLNJnnrWFoPinG8lYLCMGRWa8O0hzmhvZtJTMAVOTa,1.125868,26.491381,4.0205150000000005
662100,a8nOeMljqGUUIxJGlQNUQULLNJnnrWFoPinG8lYLCMGRWa8O0hzmhvZtJTMAVOTa,1.186544,2.1604259999999997,1.569009
662400,a8nOeMljqGUUIxJGlQNUQULLNJnnrWFoPinG8lYLCMGRWa8O0hzmhvZtJTMAVOTa,1.108198,2.089411,1.436417
662700,a8nOeMljqGUUIxJGlQNUQULLNJnnrWFoPinG8lYLCMGRWa8O0hzmhvZtJTMAVOTa,1.153054,7.418603,2.116001
663000,a8nOeMljqGUUIxJGlQNUQULLNJnnrWFoPinG8lYLCMGRWa8O0hzmhvZtJTMAVOTa,1.13391,2.365123,1.558255
663300,a8nOeMljqGUUIxJGlQNUQULLNJnnrWFoPinG8lYLCMGRWa8O0hzmhvZtJTMAVOTa,1.106331,2.1347,1.467151
663600,a8nOeMljqGUUIxJGlQNUQULLNJnnrWFoPinG8lYLCMGRWa8O0hzmhvZtJTMAVOTa,0.550822,2.422075,1.375405
663900,a8nOeMljqGUUIxJGlQNUQULLNJnnrWFoPinG8lYLCMGRWa8O0hzmhvZtJTMAVOTa,1.188345,2.390676,1.637261
664200,a8nOeMljqGUUIxJGlQNUQULLNJnnrWFoPinG8lYLCMGRWa8O0hzmhvZtJTMAVOTa,0.524976,2.334839,1.416408
664500,a8nOeMljqGUUIxJGlQNUQULLNJnnrWFoPinG8lYLCMGRWa8O0hzmhvZtJTMAVOTa,1.163371,2.684376,1.600782
664800,a8nOeMljqGUUIxJGlQNUQULLNJnnrWFoPinG8lYLCMGRWa8O0hzmhvZtJTMAVOTa,1.128564,2.29534,1.54332
665100,a8nOeMljqGUUIxJGlQNUQULLNJnnrWFoPinG8lYLCMGRWa8O0hzmhvZtJTMAVOTa,1.125783,2.3255630000000003,1.522211
665400,a8nOeMljqGUUIxJGlQNUQULLNJnnrWFoPinG8lYLCMGRWa8O0hzmhvZtJTMAVOTa,1.1324,72.483774,9.459433
665700,a8nOeMljqGUUIxJGlQNUQULLNJnnrWFoPinG8lYLCMGRWa8O0hzmhvZtJTMAVOTa,1.080172,2.107852,1.4468
666000,a8nOeMljqGUUIxJGlQNUQULLNJnnrWFoPinG8lYLCMGRWa8O0hzmhvZtJTMAVOTa,1.0999290000000002,2.250962,1.4681629999999999
666300,a8nOeMljqGUUIxJGlQNUQULLNJnnrWFoPinG8lYLCMGRWa8O0hzmhvZtJTMAVOTa,0.8993,2.415365,1.481403
666600,a8nOeMljqGUUIxJGlQNUQULLNJnnrWFoPinG8lYLCMGRWa8O0hzmhvZtJTMAVOTa,1.077677,2.352719,1.523144
666900,a8nOeMljqGUUIxJGlQNUQULLNJnnrWFoPinG8lYLCMGRWa8O0hzmhvZtJTMAVOTa,1.155981,2.174878,1.53108
667200,a8nOeMljqGUUIxJGlQNUQULLNJnnrWFoPinG8lYLCMGRWa8O0hzmhvZtJTMAVOTa,1.1813360000000002,2.659078,1.5280340000000001
667500,a8nOeMljqGUUIxJGlQNUQULLNJnnrWFoPinG8lYLCMGRWa8O0hzmhvZtJTMAVOTa,1.152189,2.366705,1.663118
667800,a8nOeMljqGUUIxJGlQNUQULLNJnnrWFoPinG8lYLCMGRWa8O0hzmhvZtJTMAVOTa,1.159525,2.256311,1.4833809999999998
668100,a8nOeMljqGUUIxJGlQNUQULLNJnnrWFoPinG8lYLCMGRWa8O0hzmhvZtJTMAVOTa,1.1292440000000001,2.651589,1.545323
668400,a8nOeMljqGUUIxJGlQNUQULLNJnnrWFoPinG8lYLCMGRWa8O0hzmhvZtJTMAVOTa,1.148372,2.376198,1.568083
668700,a8nOeMljqGUUIxJGlQNUQULLNJnnrWFoPinG8lYLCMGRWa8O0hzmhvZtJTMAVOTa,0.705018,2.172157,1.468308
669000,a8nOeMljqGUUIxJGlQNUQULLNJnnrWFoPinG8lYLCMGRWa8O0hzmhvZtJTMAVOTa,0.8910680000000001,26.035323,3.886361
669300,a8nOeMljqGUUIxJGlQNUQULLNJnnrWFoPinG8lYLCMGRWa8O0hzmhvZtJTMAVOTa,1.111884,2.447584,1.625169
669600,a8nOeMljqGUUIxJGlQNUQULLNJnnrWFoPinG8lYLCMGRWa8O0hzmhvZtJTMAVOTa,0.9069950000000001,2.2515560000000003,1.433551
669900,a8nOeMljqGUUIxJGlQNUQULLNJnnrWFoPinG8lYLCMGRWa8O0hzmhvZtJTMAVOTa,1.163529,2.663021,1.553757
670200,a8nOeMljqGUUIxJGlQNUQULLNJnnrWFoPinG8lYLCMGRWa8O0hzmhvZtJTMAVOTa,1.125368,2.282702,1.519564
670500,a8nOeMljqGUUIxJGlQNUQULLNJnnrWFoPinG8lYLCMGRWa8O0hzmhvZtJTMAVOTa,1.1036489999999999,2.1968650000000003,1.447347
670800,a8nOeMljqGUUIxJGlQNUQULLNJnnrWFoPinG8lYLCMGRWa8O0hzmhvZtJTMAVOTa,1.117132,2.598461,1.40006
671100,a8nOeMljqGUUIxJGlQNUQULLNJnnrWFoPinG8lYLCMGRWa8O0hzmhvZtJTMAVOTa,1.084337,2.189023,1.5105030000000002
671400,a8nOeMljqGUUIxJGlQNUQULLNJnnrWFoPinG8lYLCMGRWa8O0hzmhvZtJTMAVOTa,1.082619,2.249098,1.463781
671700,a8nOeMljqGUUIxJGlQNUQULLNJnnrWFoPinG8lYLCMGRWa8O0hzmhvZtJTMAVOTa,1.117846,2.512795,1.524074
672000,a8nOeMljqGUUIxJGlQNUQULLNJnnrWFoPinG8lYLCMGRWa8O0hzmhvZtJTMAVOTa,1.121483,2.314373,1.489203
672300,a8nOeMljqGUUIxJGlQNUQULLNJnnrWFoPinG8lYLCMGRWa8O0hzmhvZtJTMAVOTa,1.058524,3.239476,1.681676
672600,a8nOeMljqGUUIxJGlQNUQULLNJnnrWFoPinG8lYLCMGRWa8O0hzmhvZtJTMAVOTa,1.0555940000000001,25.931482,3.873475
672900,a8nOeMljqGUUIxJGlQNUQULLNJnnrWFoPinG8lYLCMGRWa8O0hzmhvZtJTMAVOTa,1.049566,2.31049,1.618362
673200,a8nOeMljqGUUIxJGlQNUQULLNJnnrWFoPinG8lYLCMGRWa8O0hzmhvZtJTMAVOTa,1.091761,2.209961,1.455837
673500,a8nOeMljqGUUIxJGlQNUQULLNJnnrWFoPinG8lYLCMGRWa8O0hzmhvZtJTMAVOTa,0.7959689999999999,2.529861,1.4061649999999999
673800,a8nOeMljqGUUIxJGlQNUQULLNJnnrWFoPinG8lYLCMGRWa8O0hzmhvZtJTMAVOTa,1.115688,2.399856,1.5776700000000001
674100,a8nOeMljqGUUIxJGlQNUQULLNJnnrWFoPinG8lYLCMGRWa8O0hzmhvZtJTMAVOTa,0.872885,2.2587040000000003,1.4688780000000001
674400,a8nOeMljqGUUIxJGlQNUQULLNJnnrWFoPinG8lYLCMGRWa8O0hzmhvZtJTMAVOTa,0.985625,2.561821,1.438692
674700,a8nOeMljqGUUIxJGlQNUQULLNJnnrWFoPinG8lYLCMGRWa8O0hzmhvZtJTMAVOTa,1.105178,2.288322,1.518089
675000,a8nOeMljqGUUIxJGlQNUQULLNJnnrWFoPinG8lYLCMGRWa8O0hzmhvZtJTMAVOTa,1.112587,2.099209,1.427198
675300,a8nOeMljqGUUIxJGlQNUQULLNJnnrWFoPinG8lYLCMGRWa8O0hzmhvZtJTMAVOTa,1.1025129999999999,2.5616849999999998,1.481475
675600,a8nOeMljqGUUIxJGlQNUQULLNJnnrWFoPinG8lYLCMGRWa8O0hzmhvZtJTMAVOTa,0.910811,2.417793,1.430834
675900,a8nOeMljqGUUIxJGlQNUQULLNJnnrWFoPinG8lYLCMGRWa8O0hzmhvZtJTMAVOTa,1.1147040000000001,2.089195,1.420552
676200,a8nOeMljqGUUIxJGlQNUQULLNJnnrWFoPinG8lYLCMGRWa8O0hzmhvZtJTMAVOTa,0.730418,17.736504,3.8634239999999997
676500,a8nOeMljqGUUIxJGlQNUQULLNJnnrWFoPinG8lYLCMGRWa8O0hzmhvZtJTMAVOTa,1.090557,30.923872999999997,4.724724
676800,a8nOeMljqGUUIxJGlQNUQULLNJnnrWFoPinG8lYLCMGRWa8O0hzmhvZtJTMAVOTa,1.024841,2.312223,1.437408
677100,a8nOeMljqGUUIxJGlQNUQULLNJnnrWFoPinG8lYLCMGRWa8O0hzmhvZtJTMAVOTa,1.149782,2.269644,1.490721
677400,a8nOeMljqGUUIxJGlQNUQULLNJnnrWFoPinG8lYLCMGRWa8O0hzmhvZtJTMAVOTa,1.077325,2.2367060000000003,1.512678
677700,a8nOeMljqGUUIxJGlQNUQULLNJnnrWFoPinG8lYLCMGRWa8O0hzmhvZtJTMAVOTa,1.053647,1.984623,1.3975600000000001
678000,a8nOeMljqGUUIxJGlQNUQULLNJnnrWFoPinG8lYLCMGRWa8O0hzmhvZtJTMAVOTa,1.088626,2.283931,1.4367219999999998
678300,a8nOeMljqGUUIxJGlQNUQULLNJnnrWFoPinG8lYLCMGRWa8O0hzmhvZtJTMAVOTa,1.073895,2.578905,1.553999
678600,a8nOeMljqGUUIxJGlQNUQULLNJnnrWFoPinG8lYLCMGRWa8O0hzmhvZtJTMAVOTa,1.055693,2.205545,1.4759799999999998
678900,a8nOeMljqGUUIxJGlQNUQULLNJnnrWFoPinG8lYLCMGRWa8O0hzmhvZtJTMAVOTa,1.1284969999999999,2.2366349999999997,1.472912
679200,a8nOeMljqGUUIxJGlQNUQULLNJnnrWFoPinG8lYLCMGRWa8O0hzmhvZtJTMAVOTa,1.125653,2.5697,1.576125
679500,a8nOeMljqGUUIxJGlQNUQULLNJnnrWFoPinG8lYLCMGRWa8O0hzmhvZtJTMAVOTa,0.738138,2.1964099999999998,1.416896
679800,a8nOeMljqGUUIxJGlQNUQULLNJnnrWFoPinG8lYLCMGRWa8O0hzmhvZtJTMAVOTa,0.9433309999999999,25.903888000000002,3.95421
680100,a8nOeMljqGUUIxJGlQNUQULLNJnnrWFoPinG8lYLCMGRWa8O0hzmhvZtJTMAVOTa,1.167062,2.623964,1.524144
680400,a8nOeMljqGUUIxJGlQNUQULLNJnnrWFoPinG8lYLCMGRWa8O0hzmhvZtJTMAVOTa,0.8008930000000001,2.2934639999999997,1.4653690000000001
680700,a8nOeMljqGUUIxJGlQNUQULLNJnnrWFoPinG8lYLCMGRWa8O0hzmhvZtJTMAVOTa,1.122327,2.393321,1.522052
681000,a8nOeMljqGUUIxJGlQNUQULLNJnnrWFoPinG8lYLCMGRWa8O0hzmhvZtJTMAVOTa,0.565226,2.384141,1.490982
681300,a8nOeMljqGUUIxJGlQNUQULLNJnnrWFoPinG8lYLCMGRWa8O0hzmhvZtJTMAVOTa,1.184707,42.015432000000004,8.09765
681600,a8nOeMljqGUUIxJGlQNUQULLNJnnrWFoPinG8lYLCMGRWa8O0hzmhvZtJTMAVOTa,1.166101,3.017264,1.5643
681900,a8nOeMljqGUUIxJGlQNUQULLNJnnrWFoPinG8lYLCMGRWa8O0hzmhvZtJTMAVOTa,1.1648610000000001,1.919702,1.524482
682200,a8nOeMljqGUUIxJGlQNUQULLNJnnrWFoPinG8lYLCMGRWa8O0hzmhvZtJTMAVOTa,1.141131,2.4322220000000003,1.603712
682500,a8nOeMljqGUUIxJGlQNUQULLNJnnrWFoPinG8lYLCMGRWa8O0hzmhvZtJTMAVOTa,0.631757,2.5625169999999997,1.349004
682800,a8nOeMljqGUUIxJGlQNUQULLNJnnrWFoPinG8lYLCMGRWa8O0hzmhvZtJTMAVOTa,1.036678,1.9675630000000002,1.447059
683100,a8nOeMljqGUUIxJGlQNUQULLNJnnrWFoPinG8lYLCMGRWa8O0hzmhvZtJTMAVOTa,0.52767,2.296278,1.249871
683400,a8nOeMljqGUUIxJGlQNUQULLNJnnrWFoPinG8lYLCMGRWa8O0hzmhvZtJTMAVOTa,1.1058940000000002,24.08454,3.753571
683700,a8nOeMljqGUUIxJGlQNUQULLNJnnrWFoPinG8lYLCMGRWa8O0hzmhvZtJTMAVOTa,1.101959,2.7993509999999997,1.598554
684000,a8nOeMljqGUUIxJGlQNUQULLNJnnrWFoPinG8lYLCMGRWa8O0hzmhvZtJTMAVOTa,1.0426090000000001,2.274438,1.4778790000000002
684300,a8nOeMljqGUUIxJGlQNUQULLNJnnrWFoPinG8lYLCMGRWa8O0hzmhvZtJTMAVOTa,1.00064,2.2001560000000002,1.326525
684600,a8nOeMljqGUUIxJGlQNUQULLNJnnrWFoPinG8lYLCMGRWa8O0hzmhvZtJTMAVOTa,1.100371,2.0555,1.4406649999999999
684900,a8nOeMljqGUUIxJGlQNUQULLNJnnrWFoPinG8lYLCMGRWa8O0hzmhvZtJTMAVOTa,1.071524,2.351123,1.468489
685200,a8nOeMljqGUUIxJGlQNUQULLNJnnrWFoPinG8lYLCMGRWa8O0hzmhvZtJTMAVOTa,1.070964,2.672879,1.44652
685500,a8nOeMljqGUUIxJGlQNUQULLNJnnrWFoPinG8lYLCMGRWa8O0hzmhvZtJTMAVOTa,1.095517,2.366436,1.512928
685800,a8nOeMljqGUUIxJGlQNUQULLNJnnrWFoPinG8lYLCMGRWa8O0hzmhvZtJTMAVOTa,0.6144930000000001,2.219084,1.458775
686100,a8nOeMljqGUUIxJGlQNUQULLNJnnrWFoPinG8lYLCMGRWa8O0hzmhvZtJTMAVOTa,1.089855,2.620834,1.478895
686400,a8nOeMljqGUUIxJGlQNUQULLNJnnrWFoPinG8lYLCMGRWa8O0hzmhvZtJTMAVOTa,0.760759,1.8318990000000002,1.2373299999999998
686700,a8nOeMljqGUUIxJGlQNUQULLNJnnrWFoPinG8lYLCMGRWa8O0hzmhvZtJTMAVOTa,1.089015,2.1890709999999998,1.512675
687000,a8nOeMljqGUUIxJGlQNUQULLNJnnrWFoPinG8lYLCMGRWa8O0hzmhvZtJTMAVOTa,0.7009850000000001,25.909264999999998,3.749243
687300,a8nOeMljqGUUIxJGlQNUQULLNJnnrWFoPinG8lYLCMGRWa8O0hzmhvZtJTMAVOTa,1.066208,1.993523,1.36483
687600,a8nOeMljqGUUIxJGlQNUQULLNJnnrWFoPinG8lYLCMGRWa8O0hzmhvZtJTMAVOTa,0.8140029999999999,2.251107,1.368456
687900,a8nOeMljqGUUIxJGlQNUQULLNJnnrWFoPinG8lYLCMGRWa8O0hzmhvZtJTMAVOTa,0.811875,2.6738880000000003,1.35496
688200,a8nOeMljqGUUIxJGlQNUQULLNJnnrWFoPinG8lYLCMGRWa8O0hzmhvZtJTMAVOTa,1.141055,2.130944,1.4434
688500,a8nOeMljqGUUIxJGlQNUQULLNJnnrWFoPinG8lYLCMGRWa8O0hzmhvZtJTMAVOTa,1.1484729999999999,2.274809,1.498066
688800,a8nOeMljqGUUIxJGlQNUQULLNJnnrWFoPinG8lYLCMGRWa8O0hzmhvZtJTMAVOTa,1.106698,2.731177,1.5332709999999998
689100,a8nOeMljqGUUIxJGlQNUQULLNJnnrWFoPinG8lYLCMGRWa8O0hzmhvZtJTMAVOTa,1.135412,2.87588,1.477143
689400,a8nOeMljqGUUIxJGlQNUQULLNJnnrWFoPinG8lYLCMGRWa8O0hzmhvZtJTMAVOTa,1.09077,2.285448,1.5485200000000001
689700,a8nOeMljqGUUIxJGlQNUQULLNJnnrWFoPinG8lYLCMGRWa8O0hzmhvZtJTMAVOTa,0.8095640000000001,2.083487,1.3090110000000001
690000,a8nOeMljqGUUIxJGlQNUQULLNJnnrWFoPinG8lYLCMGRWa8O0hzmhvZtJTMAVOTa,1.09159,2.040511,1.427282
690300,a8nOeMljqGUUIxJGlQNUQULLNJnnrWFoPinG8lYLCMGRWa8O0hzmhvZtJTMAVOTa,0.6202479999999999,2.2227959999999998,1.386715
690600,a8nOeMljqGUUIxJGlQNUQULLNJnnrWFoPinG8lYLCMGRWa8O0hzmhvZtJTMAVOTa,0.505158,25.851772,3.8021870000000004
690900,a8nOeMljqGUUIxJGlQNUQULLNJnnrWFoPinG8lYLCMGRWa8O0hzmhvZtJTMAVOTa,1.079421,2.103535,1.444534
