timestamp,vm_id,min_cpu,avg_cpu,max_cpu
0,a8x6/fzdaAIGhrSSMcDVTLQpso387VSzXHzGsGF6o/BX3meFwZEhKYproEJfU0Bs,1.39107,2.8852,1.9093220000000002
300,a8x6/fzdaAIGhrSSMcDVTLQpso387VSzXHzGsGF6o/BX3meFwZEhKYproEJfU0Bs,0.991391,5.973659,2.389174
600,a8x6/fzdaAIGhrSSMcDVTLQpso387VSzXHzGsGF6o/BX3meFwZEhKYproEJfU0Bs,1.605548,2.7084740000000003,2.014009
900,a8x6/fzdaAIGhrSSMcDVTLQpso387VSzXHzGsGF6o/BX3meFwZEhKYproEJfU0Bs,0.8883260000000001,2.805293,1.844165
1200,a8x6/fzdaAIGhrSSMcDVTLQpso387VSzXHzGsGF6o/BX3meFwZEhKYproEJfU0Bs,1.619039,29.739151,4.781475
1500,a8x6/fzdaAIGhrSSMcDVTLQpso387VSzXHzGsGF6o/BX3meFwZEhKYproEJfU0Bs,1.433664,2.74598,1.933327
1800,a8x6/fzdaAIGhrSSMcDVTLQpso387VSzXHzGsGF6o/BX3meFwZEhKYproEJfU0Bs,0.827141,2.783302,1.856136
2100,a8x6/fzdaAIGhrSSMcDVTLQpso387VSzXHzGsGF6o/BX3meFwZEhKYproEJfU0Bs,1.44251,2.541786,1.9071349999999998
2400,a8x6/fzdaAIGhrSSMcDVTLQpso387VSzXHzGsGF6o/BX3meFwZEhKYproEJfU0Bs,1.35439,2.550708,1.854905
2700,a8x6/fzdaAIGhrSSMcDVTLQpso387VSzXHzGsGF6o/BX3meFwZEhKYproEJfU0Bs,1.4530889999999999,2.8934990000000003,1.928325
3000,a8x6/fzdaAIGhrSSMcDVTLQpso387VSzXHzGsGF6o/BX3meFwZEhKYproEJfU0Bs,1.315475,2.51967,1.884766
3300,a8x6/fzdaAIGhrSSMcDVTLQpso387VSzXHzGsGF6o/BX3meFwZEhKYproEJfU0Bs,1.497218,2.640057,1.914151
3600,a8x6/fzdaAIGhrSSMcDVTLQpso387VSzXHzGsGF6o/BX3meFwZEhKYproEJfU0Bs,1.289276,2.853887,1.8885509999999999
3900,a8x6/fzdaAIGhrSSMcDVTLQpso387VSzXHzGsGF6o/BX3meFwZEhKYproEJfU0Bs,1.413992,2.475659,1.912764
4200,a8x6/fzdaAIGhrSSMcDVTLQpso387VSzXHzGsGF6o/BX3meFwZEhKYproEJfU0Bs,0.8891680000000001,2.7150540000000003,1.79886
4500,a8x6/fzdaAIGhrSSMcDVTLQpso387VSzXHzGsGF6o/BX3meFwZEhKYproEJfU0Bs,0.833082,2.756184,1.824275
4800,a8x6/fzdaAIGhrSSMcDVTLQpso387VSzXHzGsGF6o/BX3meFwZEhKYproEJfU0Bs,1.54787,29.759751,4.70111
5100,a8x6/fzdaAIGhrSSMcDVTLQpso387VSzXHzGsGF6o/BX3meFwZEhKYproEJfU0Bs,1.257272,3.45448,1.944598
5400,a8x6/fzdaAIGhrSSMcDVTLQpso387VSzXHzGsGF6o/BX3meFwZEhKYproEJfU0Bs,1.507758,3.156899,1.916561
5700,a8x6/fzdaAIGhrSSMcDVTLQpso387VSzXHzGsGF6o/BX3meFwZEhKYproEJfU0Bs,1.444926,2.386509,1.7945209999999998
6000,a8x6/fzdaAIGhrSSMcDVTLQpso387VSzXHzGsGF6o/BX3meFwZEhKYproEJfU0Bs,1.476273,3.4550440000000004,1.947489
6300,a8x6/fzdaAIGhrSSMcDVTLQpso387VSzXHzGsGF6o/BX3meFwZEhKYproEJfU0Bs,1.490106,3.098807,1.9392209999999999
6600,a8x6/fzdaAIGhrSSMcDVTLQpso387VSzXHzGsGF6o/BX3meFwZEhKYproEJfU0Bs,1.459106,2.547739,1.810495
6900,a8x6/fzdaAIGhrSSMcDVTLQpso387VSzXHzGsGF6o/BX3meFwZEhKYproEJfU0Bs,1.441546,3.444489,1.906406
7200,a8x6/fzdaAIGhrSSMcDVTLQpso387VSzXHzGsGF6o/BX3meFwZEhKYproEJfU0Bs,1.501469,3.114562,1.9238389999999999
7500,a8x6/fzdaAIGhrSSMcDVTLQpso387VSzXHzGsGF6o/BX3meFwZEhKYproEJfU0Bs,1.489982,2.51663,1.814562
7800,a8x6/fzdaAIGhrSSMcDVTLQpso387VSzXHzGsGF6o/BX3meFwZEhKYproEJfU0Bs,1.567669,3.547472,2.100613
8100,a8x6/fzdaAIGhrSSMcDVTLQpso387VSzXHzGsGF6o/BX3meFwZEhKYproEJfU0Bs,1.549688,3.183135,1.9437419999999999
8400,a8x6/fzdaAIGhrSSMcDVTLQpso387VSzXHzGsGF6o/BX3meFwZEhKYproEJfU0Bs,1.458024,23.629427,4.5952660000000005
8700,a8x6/fzdaAIGhrSSMcDVTLQpso387VSzXHzGsGF6o/BX3meFwZEhKYproEJfU0Bs,1.349672,3.612771,2.0418529999999997
9000,a8x6/fzdaAIGhrSSMcDVTLQpso387VSzXHzGsGF6o/BX3meFwZEhKYproEJfU0Bs,0.955433,2.925914,1.8597689999999998
9300,a8x6/fzdaAIGhrSSMcDVTLQpso387VSzXHzGsGF6o/BX3meFwZEhKYproEJfU0Bs,1.477588,2.5628580000000003,1.825755
9600,a8x6/fzdaAIGhrSSMcDVTLQpso387VSzXHzGsGF6o/BX3meFwZEhKYproEJfU0Bs,1.386321,3.4106050000000003,1.970425
9900,a8x6/fzdaAIGhrSSMcDVTLQpso387VSzXHzGsGF6o/BX3meFwZEhKYproEJfU0Bs,1.429478,3.309574,1.936453
10200,a8x6/fzdaAIGhrSSMcDVTLQpso387VSzXHzGsGF6o/BX3meFwZEhKYproEJfU0Bs,1.076992,2.321005,1.7149029999999998
10500,a8x6/fzdaAIGhrSSMcDVTLQpso387VSzXHzGsGF6o/BX3meFwZEhKYproEJfU0Bs,1.005586,3.3183860000000003,1.876455
10800,a8x6/fzdaAIGhrSSMcDVTLQpso387VSzXHzGsGF6o/BX3meFwZEhKYproEJfU0Bs,1.4464,2.9203770000000002,2.015346
11100,a8x6/fzdaAIGhrSSMcDVTLQpso387VSzXHzGsGF6o/BX3meFwZEhKYproEJfU0Bs,1.533976,12.740729,3.938387
11400,a8x6/fzdaAIGhrSSMcDVTLQpso387VSzXHzGsGF6o/BX3meFwZEhKYproEJfU0Bs,1.389717,3.37526,1.9914509999999999
11700,a8x6/fzdaAIGhrSSMcDVTLQpso387VSzXHzGsGF6o/BX3meFwZEhKYproEJfU0Bs,0.9390129999999999,3.10915,1.8560880000000002
12000,a8x6/fzdaAIGhrSSMcDVTLQpso387VSzXHzGsGF6o/BX3meFwZEhKYproEJfU0Bs,1.557576,29.754415,4.652965
12300,a8x6/fzdaAIGhrSSMcDVTLQpso387VSzXHzGsGF6o/BX3meFwZEhKYproEJfU0Bs,1.2103700000000002,3.2982370000000003,1.822502
12600,a8x6/fzdaAIGhrSSMcDVTLQpso387VSzXHzGsGF6o/BX3meFwZEhKYproEJfU0Bs,1.518147,2.851939,1.927102
12900,a8x6/fzdaAIGhrSSMcDVTLQpso387VSzXHzGsGF6o/BX3meFwZEhKYproEJfU0Bs,1.451559,3.630263,2.011526
13200,a8x6/fzdaAIGhrSSMcDVTLQpso387VSzXHzGsGF6o/BX3meFwZEhKYproEJfU0Bs,1.496987,3.377856,2.152776
13500,a8x6/fzdaAIGhrSSMcDVTLQpso387VSzXHzGsGF6o/BX3meFwZEhKYproEJfU0Bs,1.608983,2.94066,2.039544
13800,a8x6/fzdaAIGhrSSMcDVTLQpso387VSzXHzGsGF6o/BX3meFwZEhKYproEJfU0Bs,1.4896530000000001,3.379524,1.9605740000000003
14100,a8x6/fzdaAIGhrSSMcDVTLQpso387VSzXHzGsGF6o/BX3meFwZEhKYproEJfU0Bs,1.489168,3.442817,1.976113
14400,a8x6/fzdaAIGhrSSMcDVTLQpso387VSzXHzGsGF6o/BX3meFwZEhKYproEJfU0Bs,1.5081229999999999,3.505375,2.103863
14700,a8x6/fzdaAIGhrSSMcDVTLQpso387VSzXHzGsGF6o/BX3meFwZEhKYproEJfU0Bs,1.429657,2.570753,1.865955
15000,a8x6/fzdaAIGhrSSMcDVTLQpso387VSzXHzGsGF6o/BX3meFwZEhKYproEJfU0Bs,1.452002,3.396085,2.095169
15300,a8x6/fzdaAIGhrSSMcDVTLQpso387VSzXHzGsGF6o/BX3meFwZEhKYproEJfU0Bs,1.713685,45.75829,10.097202000000001
15600,a8x6/fzdaAIGhrSSMcDVTLQpso387VSzXHzGsGF6o/BX3meFwZEhKYproEJfU0Bs,1.450342,27.620082,4.811376999999999
15900,a8x6/fzdaAIGhrSSMcDVTLQpso387VSzXHzGsGF6o/BX3meFwZEhKYproEJfU0Bs,1.4774690000000001,6.553772,2.771817
16200,a8x6/fzdaAIGhrSSMcDVTLQpso387VSzXHzGsGF6o/BX3meFwZEhKYproEJfU0Bs,1.427366,2.608416,1.940721
16500,a8x6/fzdaAIGhrSSMcDVTLQpso387VSzXHzGsGF6o/BX3meFwZEhKYproEJfU0Bs,1.460807,3.52754,2.027701
16800,a8x6/fzdaAIGhrSSMcDVTLQpso387VSzXHzGsGF6o/BX3meFwZEhKYproEJfU0Bs,1.396448,3.16257,1.96058
17100,a8x6/fzdaAIGhrSSMcDVTLQpso387VSzXHzGsGF6o/BX3meFwZEhKYproEJfU0Bs,1.550902,4.296511,2.19105
17400,a8x6/fzdaAIGhrSSMcDVTLQpso387VSzXHzGsGF6o/BX3meFwZEhKYproEJfU0Bs,1.344111,2.245953,1.775455
17700,a8x6/fzdaAIGhrSSMcDVTLQpso387VSzXHzGsGF6o/BX3meFwZEhKYproEJfU0Bs,1.442576,3.072086,2.014199
18000,a8x6/fzdaAIGhrSSMcDVTLQpso387VSzXHzGsGF6o/BX3meFwZEhKYproEJfU0Bs,1.37693,2.531771,1.914209
18300,a8x6/fzdaAIGhrSSMcDVTLQpso387VSzXHzGsGF6o/BX3meFwZEhKYproEJfU0Bs,1.3726450000000001,2.9178490000000004,1.919385
18600,a8x6/fzdaAIGhrSSMcDVTLQpso387VSzXHzGsGF6o/BX3meFwZEhKYproEJfU0Bs,1.47346,3.6646730000000005,2.241612
18900,a8x6/fzdaAIGhrSSMcDVTLQpso387VSzXHzGsGF6o/BX3meFwZEhKYproEJfU0Bs,1.494034,2.594777,1.947097
19200,a8x6/fzdaAIGhrSSMcDVTLQpso387VSzXHzGsGF6o/BX3meFwZEhKYproEJfU0Bs,1.378287,3.5426699999999998,1.947209
19500,a8x6/fzdaAIGhrSSMcDVTLQpso387VSzXHzGsGF6o/BX3meFwZEhKYproEJfU0Bs,1.3937110000000001,30.231423,4.804003
19800,a8x6/fzdaAIGhrSSMcDVTLQpso387VSzXHzGsGF6o/BX3meFwZEhKYproEJfU0Bs,1.380156,3.380385,2.2429360000000003
20100,a8x6/fzdaAIGhrSSMcDVTLQpso387VSzXHzGsGF6o/BX3meFwZEhKYproEJfU0Bs,1.442075,2.667357,1.8439439999999998
20400,a8x6/fzdaAIGhrSSMcDVTLQpso387VSzXHzGsGF6o/BX3meFwZEhKYproEJfU0Bs,1.479771,3.4189230000000004,2.110782
20700,a8x6/fzdaAIGhrSSMcDVTLQpso387VSzXHzGsGF6o/BX3meFwZEhKYproEJfU0Bs,1.4172850000000001,2.6318639999999998,1.9297009999999999
21000,a8x6/fzdaAIGhrSSMcDVTLQpso387VSzXHzGsGF6o/BX3meFwZEhKYproEJfU0Bs,1.428137,3.286868,2.012318
21300,a8x6/fzdaAIGhrSSMcDVTLQpso387VSzXHzGsGF6o/BX3meFwZEhKYproEJfU0Bs,1.461729,3.364536,2.1651849999999997
21600,a8x6/fzdaAIGhrSSMcDVTLQpso387VSzXHzGsGF6o/BX3meFwZEhKYproEJfU0Bs,1.376191,2.7563880000000003,1.946495
21900,a8x6/fzdaAIGhrSSMcDVTLQpso387VSzXHzGsGF6o/BX3meFwZEhKYproEJfU0Bs,1.432769,3.400866,1.9640060000000001
22200,a8x6/fzdaAIGhrSSMcDVTLQpso387VSzXHzGsGF6o/BX3meFwZEhKYproEJfU0Bs,1.464389,3.545226,2.0651450000000002
22500,a8x6/fzdaAIGhrSSMcDVTLQpso387VSzXHzGsGF6o/BX3meFwZEhKYproEJfU0Bs,1.422268,2.820446,2.119268
22800,a8x6/fzdaAIGhrSSMcDVTLQpso387VSzXHzGsGF6o/BX3meFwZEhKYproEJfU0Bs,1.4213200000000001,2.727867,1.8748669999999998
23100,a8x6/fzdaAIGhrSSMcDVTLQpso387VSzXHzGsGF6o/BX3meFwZEhKYproEJfU0Bs,1.511825,30.317202,4.969411
23400,a8x6/fzdaAIGhrSSMcDVTLQpso387VSzXHzGsGF6o/BX3meFwZEhKYproEJfU0Bs,1.383667,2.736919,1.9332029999999998
23700,a8x6/fzdaAIGhrSSMcDVTLQpso387VSzXHzGsGF6o/BX3meFwZEhKYproEJfU0Bs,1.365129,3.917521,2.042484
24000,a8x6/fzdaAIGhrSSMcDVTLQpso387VSzXHzGsGF6o/BX3meFwZEhKYproEJfU0Bs,1.461861,3.209315,2.11158
24300,a8x6/fzdaAIGhrSSMcDVTLQpso387VSzXHzGsGF6o/BX3meFwZEhKYproEJfU0Bs,1.41099,2.716928,1.940655
24600,a8x6/fzdaAIGhrSSMcDVTLQpso387VSzXHzGsGF6o/BX3meFwZEhKYproEJfU0Bs,1.40155,3.2860339999999995,1.938152
24900,a8x6/fzdaAIGhrSSMcDVTLQpso387VSzXHzGsGF6o/BX3meFwZEhKYproEJfU0Bs,1.463981,3.009284,1.999041
25200,a8x6/fzdaAIGhrSSMcDVTLQpso387VSzXHzGsGF6o/BX3meFwZEhKYproEJfU0Bs,1.405238,3.361244,2.102641
25500,a8x6/fzdaAIGhrSSMcDVTLQpso387VSzXHzGsGF6o/BX3meFwZEhKYproEJfU0Bs,1.444248,2.625491,1.8465779999999998
25800,a8x6/fzdaAIGhrSSMcDVTLQpso387VSzXHzGsGF6o/BX3meFwZEhKYproEJfU0Bs,1.413697,3.245117,2.026623
26100,a8x6/fzdaAIGhrSSMcDVTLQpso387VSzXHzGsGF6o/BX3meFwZEhKYproEJfU0Bs,1.441427,2.58213,1.895792
26400,a8x6/fzdaAIGhrSSMcDVTLQpso387VSzXHzGsGF6o/BX3meFwZEhKYproEJfU0Bs,1.413553,2.877538,1.919269
26700,a8x6/fzdaAIGhrSSMcDVTLQpso387VSzXHzGsGF6o/BX3meFwZEhKYproEJfU0Bs,1.445814,22.736879000000002,5.059711
27000,a8x6/fzdaAIGhrSSMcDVTLQpso387VSzXHzGsGF6o/BX3meFwZEhKYproEJfU0Bs,1.466589,2.8412490000000004,1.9333740000000001
27300,a8x6/fzdaAIGhrSSMcDVTLQpso387VSzXHzGsGF6o/BX3meFwZEhKYproEJfU0Bs,1.4467379999999999,2.670112,1.877327
27600,a8x6/fzdaAIGhrSSMcDVTLQpso387VSzXHzGsGF6o/BX3meFwZEhKYproEJfU0Bs,1.435697,3.050266,1.9762220000000001
27900,a8x6/fzdaAIGhrSSMcDVTLQpso387VSzXHzGsGF6o/BX3meFwZEhKYproEJfU0Bs,1.471955,2.650675,2.048421
28200,a8x6/fzdaAIGhrSSMcDVTLQpso387VSzXHzGsGF6o/BX3meFwZEhKYproEJfU0Bs,1.395232,2.934429,1.879633
28500,a8x6/fzdaAIGhrSSMcDVTLQpso387VSzXHzGsGF6o/BX3meFwZEhKYproEJfU0Bs,1.322127,3.0882970000000003,1.919575
28800,a8x6/fzdaAIGhrSSMcDVTLQpso387VSzXHzGsGF6o/BX3meFwZEhKYproEJfU0Bs,1.5051379999999999,2.7259279999999997,1.939748
29100,a8x6/fzdaAIGhrSSMcDVTLQpso387VSzXHzGsGF6o/BX3meFwZEhKYproEJfU0Bs,0.8823059999999999,2.658735,1.762207
29400,a8x6/fzdaAIGhrSSMcDVTLQpso387VSzXHzGsGF6o/BX3meFwZEhKYproEJfU0Bs,0.9913350000000001,3.215088,1.9485830000000002
29700,a8x6/fzdaAIGhrSSMcDVTLQpso387VSzXHzGsGF6o/BX3meFwZEhKYproEJfU0Bs,1.329321,2.753199,1.922596
30000,a8x6/fzdaAIGhrSSMcDVTLQpso387VSzXHzGsGF6o/BX3meFwZEhKYproEJfU0Bs,1.135018,2.639467,1.728592
30300,a8x6/fzdaAIGhrSSMcDVTLQpso387VSzXHzGsGF6o/BX3meFwZEhKYproEJfU0Bs,1.4345299999999999,31.269994,4.824092
30600,a8x6/fzdaAIGhrSSMcDVTLQpso387VSzXHzGsGF6o/BX3meFwZEhKYproEJfU0Bs,1.380679,2.644094,1.910523
30900,a8x6/fzdaAIGhrSSMcDVTLQpso387VSzXHzGsGF6o/BX3meFwZEhKYproEJfU0Bs,1.392608,2.481015,1.857906
31200,a8x6/fzdaAIGhrSSMcDVTLQpso387VSzXHzGsGF6o/BX3meFwZEhKYproEJfU0Bs,1.462927,2.792792,1.9415669999999998
31500,a8x6/fzdaAIGhrSSMcDVTLQpso387VSzXHzGsGF6o/BX3meFwZEhKYproEJfU0Bs,1.396374,2.504623,1.8886759999999998
31800,a8x6/fzdaAIGhrSSMcDVTLQpso387VSzXHzGsGF6o/BX3meFwZEhKYproEJfU0Bs,0.648358,2.498339,1.7194919999999998
32100,a8x6/fzdaAIGhrSSMcDVTLQpso387VSzXHzGsGF6o/BX3meFwZEhKYproEJfU0Bs,1.473537,2.702152,1.8728490000000002
32400,a8x6/fzdaAIGhrSSMcDVTLQpso387VSzXHzGsGF6o/BX3meFwZEhKYproEJfU0Bs,1.458996,2.33061,1.792143
32700,a8x6/fzdaAIGhrSSMcDVTLQpso387VSzXHzGsGF6o/BX3meFwZEhKYproEJfU0Bs,1.394269,2.83612,1.866313
33000,a8x6/fzdaAIGhrSSMcDVTLQpso387VSzXHzGsGF6o/BX3meFwZEhKYproEJfU0Bs,1.502483,2.965071,1.9979509999999998
33300,a8x6/fzdaAIGhrSSMcDVTLQpso387VSzXHzGsGF6o/BX3meFwZEhKYproEJfU0Bs,1.44939,2.015115,1.7093369999999999
33600,a8x6/fzdaAIGhrSSMcDVTLQpso387VSzXHzGsGF6o/BX3meFwZEhKYproEJfU0Bs,1.426726,2.970614,1.9151
33900,a8x6/fzdaAIGhrSSMcDVTLQpso387VSzXHzGsGF6o/BX3meFwZEhKYproEJfU0Bs,0.917558,30.285047,4.561852
34200,a8x6/fzdaAIGhrSSMcDVTLQpso387VSzXHzGsGF6o/BX3meFwZEhKYproEJfU0Bs,1.444258,2.433709,1.837259
34500,a8x6/fzdaAIGhrSSMcDVTLQpso387VSzXHzGsGF6o/BX3meFwZEhKYproEJfU0Bs,0.899301,3.026087,1.749827
34800,a8x6/fzdaAIGhrSSMcDVTLQpso387VSzXHzGsGF6o/BX3meFwZEhKYproEJfU0Bs,1.375602,3.1553400000000003,1.8802470000000002
35100,a8x6/fzdaAIGhrSSMcDVTLQpso387VSzXHzGsGF6o/BX3meFwZEhKYproEJfU0Bs,1.508681,2.496471,1.8503009999999998
35400,a8x6/fzdaAIGhrSSMcDVTLQpso387VSzXHzGsGF6o/BX3meFwZEhKYproEJfU0Bs,1.0035180000000001,2.976102,1.7227970000000001
35700,a8x6/fzdaAIGhrSSMcDVTLQpso387VSzXHzGsGF6o/BX3meFwZEhKYproEJfU0Bs,1.498206,3.1652430000000003,2.01317
36000,a8x6/fzdaAIGhrSSMcDVTLQpso387VSzXHzGsGF6o/BX3meFwZEhKYproEJfU0Bs,1.418894,2.0744029999999998,1.752523
36300,a8x6/fzdaAIGhrSSMcDVTLQpso387VSzXHzGsGF6o/BX3meFwZEhKYproEJfU0Bs,1.443366,3.195516,1.9789889999999999
36600,a8x6/fzdaAIGhrSSMcDVTLQpso387VSzXHzGsGF6o/BX3meFwZEhKYproEJfU0Bs,1.454006,2.7393259999999997,1.910192
36900,a8x6/fzdaAIGhrSSMcDVTLQpso387VSzXHzGsGF6o/BX3meFwZEhKYproEJfU0Bs,1.4327729999999999,2.469944,1.8259610000000002
37200,a8x6/fzdaAIGhrSSMcDVTLQpso387VSzXHzGsGF6o/BX3meFwZEhKYproEJfU0Bs,1.44564,2.966452,1.7932740000000003
37500,a8x6/fzdaAIGhrSSMcDVTLQpso387VSzXHzGsGF6o/BX3meFwZEhKYproEJfU0Bs,1.3545989999999999,17.128535999999997,4.719407
37800,a8x6/fzdaAIGhrSSMcDVTLQpso387VSzXHzGsGF6o/BX3meFwZEhKYproEJfU0Bs,1.467593,2.175795,1.786848
38100,a8x6/fzdaAIGhrSSMcDVTLQpso387VSzXHzGsGF6o/BX3meFwZEhKYproEJfU0Bs,1.2426760000000001,2.7772189999999997,1.76558
38400,a8x6/fzdaAIGhrSSMcDVTLQpso387VSzXHzGsGF6o/BX3meFwZEhKYproEJfU0Bs,1.437602,3.064937,2.033811
38700,a8x6/fzdaAIGhrSSMcDVTLQpso387VSzXHzGsGF6o/BX3meFwZEhKYproEJfU0Bs,1.021277,2.155815,1.693022
39000,a8x6/fzdaAIGhrSSMcDVTLQpso387VSzXHzGsGF6o/BX3meFwZEhKYproEJfU0Bs,1.402727,2.8696509999999997,1.898802
39300,a8x6/fzdaAIGhrSSMcDVTLQpso387VSzXHzGsGF6o/BX3meFwZEhKYproEJfU0Bs,1.4060860000000002,2.346852,1.769377
39600,a8x6/fzdaAIGhrSSMcDVTLQpso387VSzXHzGsGF6o/BX3meFwZEhKYproEJfU0Bs,1.374123,2.363295,1.8077509999999999
39900,a8x6/fzdaAIGhrSSMcDVTLQpso387VSzXHzGsGF6o/BX3meFwZEhKYproEJfU0Bs,0.680962,2.8874020000000002,1.7133060000000002
40200,a8x6/fzdaAIGhrSSMcDVTLQpso387VSzXHzGsGF6o/BX3meFwZEhKYproEJfU0Bs,0.8686959999999999,3.085698,1.827109
40500,a8x6/fzdaAIGhrSSMcDVTLQpso387VSzXHzGsGF6o/BX3meFwZEhKYproEJfU0Bs,1.440833,2.356105,1.821852
40800,a8x6/fzdaAIGhrSSMcDVTLQpso387VSzXHzGsGF6o/BX3meFwZEhKYproEJfU0Bs,1.07261,2.698587,1.761914
41100,a8x6/fzdaAIGhrSSMcDVTLQpso387VSzXHzGsGF6o/BX3meFwZEhKYproEJfU0Bs,1.437935,31.171530999999998,4.796444999999999
41400,a8x6/fzdaAIGhrSSMcDVTLQpso387VSzXHzGsGF6o/BX3meFwZEhKYproEJfU0Bs,0.47607200000000005,2.135908,1.613261
41700,a8x6/fzdaAIGhrSSMcDVTLQpso387VSzXHzGsGF6o/BX3meFwZEhKYproEJfU0Bs,1.407216,2.992778,1.936052
42000,a8x6/fzdaAIGhrSSMcDVTLQpso387VSzXHzGsGF6o/BX3meFwZEhKYproEJfU0Bs,0.8936459999999999,2.4480779999999998,1.7482119999999999
42300,a8x6/fzdaAIGhrSSMcDVTLQpso387VSzXHzGsGF6o/BX3meFwZEhKYproEJfU0Bs,1.4557209999999998,2.803249,1.883154
42600,a8x6/fzdaAIGhrSSMcDVTLQpso387VSzXHzGsGF6o/BX3meFwZEhKYproEJfU0Bs,0.8483069999999999,2.951439,1.724329
42900,a8x6/fzdaAIGhrSSMcDVTLQpso387VSzXHzGsGF6o/BX3meFwZEhKYproEJfU0Bs,1.52144,3.1812709999999997,1.926222
43200,a8x6/fzdaAIGhrSSMcDVTLQpso387VSzXHzGsGF6o/BX3meFwZEhKYproEJfU0Bs,1.4746920000000001,2.59377,1.866036
43500,a8x6/fzdaAIGhrSSMcDVTLQpso387VSzXHzGsGF6o/BX3meFwZEhKYproEJfU0Bs,1.434728,2.942905,1.859605
43800,a8x6/fzdaAIGhrSSMcDVTLQpso387VSzXHzGsGF6o/BX3meFwZEhKYproEJfU0Bs,1.5874840000000001,3.193826,2.119361
44100,a8x6/fzdaAIGhrSSMcDVTLQpso387VSzXHzGsGF6o/BX3meFwZEhKYproEJfU0Bs,1.5835549999999998,34.886340999999994,8.468871
44400,a8x6/fzdaAIGhrSSMcDVTLQpso387VSzXHzGsGF6o/BX3meFwZEhKYproEJfU0Bs,1.501526,3.2289689999999998,2.1366
44700,a8x6/fzdaAIGhrSSMcDVTLQpso387VSzXHzGsGF6o/BX3meFwZEhKYproEJfU0Bs,0.9129120000000001,2.500441,1.814499
45000,a8x6/fzdaAIGhrSSMcDVTLQpso387VSzXHzGsGF6o/BX3meFwZEhKYproEJfU0Bs,1.428267,2.241531,1.849579
45300,a8x6/fzdaAIGhrSSMcDVTLQpso387VSzXHzGsGF6o/BX3meFwZEhKYproEJfU0Bs,0.9789040000000001,2.526248,1.7303220000000001
45600,a8x6/fzdaAIGhrSSMcDVTLQpso387VSzXHzGsGF6o/BX3meFwZEhKYproEJfU0Bs,1.432787,24.510054,4.165161
45900,a8x6/fzdaAIGhrSSMcDVTLQpso387VSzXHzGsGF6o/BX3meFwZEhKYproEJfU0Bs,1.424069,2.542218,1.8300049999999999
46200,a8x6/fzdaAIGhrSSMcDVTLQpso387VSzXHzGsGF6o/BX3meFwZEhKYproEJfU0Bs,1.3833600000000001,10.150188,2.6495439999999997
46500,a8x6/fzdaAIGhrSSMcDVTLQpso387VSzXHzGsGF6o/BX3meFwZEhKYproEJfU0Bs,1.376054,2.8138650000000003,1.9411889999999998
46800,a8x6/fzdaAIGhrSSMcDVTLQpso387VSzXHzGsGF6o/BX3meFwZEhKYproEJfU0Bs,1.467021,2.50697,1.8218299999999998
47100,a8x6/fzdaAIGhrSSMcDVTLQpso387VSzXHzGsGF6o/BX3meFwZEhKYproEJfU0Bs,1.3400729999999998,2.845396,1.88651
47400,a8x6/fzdaAIGhrSSMcDVTLQpso387VSzXHzGsGF6o/BX3meFwZEhKYproEJfU0Bs,1.392439,2.7213540000000003,1.931704
47700,a8x6/fzdaAIGhrSSMcDVTLQpso387VSzXHzGsGF6o/BX3meFwZEhKYproEJfU0Bs,1.4256229999999999,2.653938,1.826345
48000,a8x6/fzdaAIGhrSSMcDVTLQpso387VSzXHzGsGF6o/BX3meFwZEhKYproEJfU0Bs,0.985559,2.9893400000000003,1.795637
48300,a8x6/fzdaAIGhrSSMcDVTLQpso387VSzXHzGsGF6o/BX3meFwZEhKYproEJfU0Bs,1.0548170000000001,24.876001000000002,4.753398000000001
48600,a8x6/fzdaAIGhrSSMcDVTLQpso387VSzXHzGsGF6o/BX3meFwZEhKYproEJfU0Bs,1.401045,2.504778,1.884911
48900,a8x6/fzdaAIGhrSSMcDVTLQpso387VSzXHzGsGF6o/BX3meFwZEhKYproEJfU0Bs,0.846865,3.160847,1.876896
49200,a8x6/fzdaAIGhrSSMcDVTLQpso387VSzXHzGsGF6o/BX3meFwZEhKYproEJfU0Bs,1.47163,2.6546119999999997,1.979712
49500,a8x6/fzdaAIGhrSSMcDVTLQpso387VSzXHzGsGF6o/BX3meFwZEhKYproEJfU0Bs,0.947679,2.777564,1.854975
49800,a8x6/fzdaAIGhrSSMcDVTLQpso387VSzXHzGsGF6o/BX3meFwZEhKYproEJfU0Bs,1.390942,3.00353,1.9120720000000002
50100,a8x6/fzdaAIGhrSSMcDVTLQpso387VSzXHzGsGF6o/BX3meFwZEhKYproEJfU0Bs,1.43221,2.591425,1.921355
50400,a8x6/fzdaAIGhrSSMcDVTLQpso387VSzXHzGsGF6o/BX3meFwZEhKYproEJfU0Bs,1.487501,2.560804,1.834009
50700,a8x6/fzdaAIGhrSSMcDVTLQpso387VSzXHzGsGF6o/BX3meFwZEhKYproEJfU0Bs,0.9823290000000001,3.0715470000000002,1.855841
51000,a8x6/fzdaAIGhrSSMcDVTLQpso387VSzXHzGsGF6o/BX3meFwZEhKYproEJfU0Bs,0.634714,2.617562,1.922006
51300,a8x6/fzdaAIGhrSSMcDVTLQpso387VSzXHzGsGF6o/BX3meFwZEhKYproEJfU0Bs,1.393362,2.5366049999999998,1.8395709999999998
51600,a8x6/fzdaAIGhrSSMcDVTLQpso387VSzXHzGsGF6o/BX3meFwZEhKYproEJfU0Bs,0.875441,3.009274,1.7795
51900,a8x6/fzdaAIGhrSSMcDVTLQpso387VSzXHzGsGF6o/BX3meFwZEhKYproEJfU0Bs,1.419826,30.894896000000003,4.799882
52200,a8x6/fzdaAIGhrSSMcDVTLQpso387VSzXHzGsGF6o/BX3meFwZEhKYproEJfU0Bs,1.430328,2.330285,1.8507669999999998
52500,a8x6/fzdaAIGhrSSMcDVTLQpso387VSzXHzGsGF6o/BX3meFwZEhKYproEJfU0Bs,1.371637,2.8029349999999997,1.904664
52800,a8x6/fzdaAIGhrSSMcDVTLQpso387VSzXHzGsGF6o/BX3meFwZEhKYproEJfU0Bs,0.9059209999999999,2.63955,1.731439
53100,a8x6/fzdaAIGhrSSMcDVTLQpso387VSzXHzGsGF6o/BX3meFwZEhKYproEJfU0Bs,1.45906,2.776261,1.9593029999999998
53400,a8x6/fzdaAIGhrSSMcDVTLQpso387VSzXHzGsGF6o/BX3meFwZEhKYproEJfU0Bs,1.4682819999999999,2.5067909999999998,1.781648
53700,a8x6/fzdaAIGhrSSMcDVTLQpso387VSzXHzGsGF6o/BX3meFwZEhKYproEJfU0Bs,1.359357,2.597817,1.858267
54000,a8x6/fzdaAIGhrSSMcDVTLQpso387VSzXHzGsGF6o/BX3meFwZEhKYproEJfU0Bs,1.453224,2.604504,1.856803
54300,a8x6/fzdaAIGhrSSMcDVTLQpso387VSzXHzGsGF6o/BX3meFwZEhKYproEJfU0Bs,1.5021930000000001,20.758461999999998,4.024122
54600,a8x6/fzdaAIGhrSSMcDVTLQpso387VSzXHzGsGF6o/BX3meFwZEhKYproEJfU0Bs,1.420604,2.860484,1.9298119999999999
54900,a8x6/fzdaAIGhrSSMcDVTLQpso387VSzXHzGsGF6o/BX3meFwZEhKYproEJfU0Bs,1.068811,2.788333,1.830222
55200,a8x6/fzdaAIGhrSSMcDVTLQpso387VSzXHzGsGF6o/BX3meFwZEhKYproEJfU0Bs,1.520545,3.101555,1.950721
55500,a8x6/fzdaAIGhrSSMcDVTLQpso387VSzXHzGsGF6o/BX3meFwZEhKYproEJfU0Bs,1.433427,10.498678,2.732732
55800,a8x6/fzdaAIGhrSSMcDVTLQpso387VSzXHzGsGF6o/BX3meFwZEhKYproEJfU0Bs,1.452307,2.701598,1.9429880000000002
56100,a8x6/fzdaAIGhrSSMcDVTLQpso387VSzXHzGsGF6o/BX3meFwZEhKYproEJfU0Bs,1.36493,2.654008,1.871936
56400,a8x6/fzdaAIGhrSSMcDVTLQpso387VSzXHzGsGF6o/BX3meFwZEhKYproEJfU0Bs,1.4618799999999998,2.58593,1.9092799999999999
56700,a8x6/fzdaAIGhrSSMcDVTLQpso387VSzXHzGsGF6o/BX3meFwZEhKYproEJfU0Bs,1.385525,2.515531,1.8554279999999999
57000,a8x6/fzdaAIGhrSSMcDVTLQpso387VSzXHzGsGF6o/BX3meFwZEhKYproEJfU0Bs,1.353679,2.999704,1.825061
57300,a8x6/fzdaAIGhrSSMcDVTLQpso387VSzXHzGsGF6o/BX3meFwZEhKYproEJfU0Bs,1.380244,2.513649,1.8610080000000002
57600,a8x6/fzdaAIGhrSSMcDVTLQpso387VSzXHzGsGF6o/BX3meFwZEhKYproEJfU0Bs,1.38257,2.494353,1.848559
57900,a8x6/fzdaAIGhrSSMcDVTLQpso387VSzXHzGsGF6o/BX3meFwZEhKYproEJfU0Bs,1.499084,2.890238,1.898153
58200,a8x6/fzdaAIGhrSSMcDVTLQpso387VSzXHzGsGF6o/BX3meFwZEhKYproEJfU0Bs,1.401424,3.144702,1.9313360000000002
58500,a8x6/fzdaAIGhrSSMcDVTLQpso387VSzXHzGsGF6o/BX3meFwZEhKYproEJfU0Bs,1.470858,3.130096,1.95715
58800,a8x6/fzdaAIGhrSSMcDVTLQpso387VSzXHzGsGF6o/BX3meFwZEhKYproEJfU0Bs,1.4751020000000001,8.117985000000001,2.407868
59100,a8x6/fzdaAIGhrSSMcDVTLQpso387VSzXHzGsGF6o/BX3meFwZEhKYproEJfU0Bs,1.4706190000000001,30.869463,4.793817
59400,a8x6/fzdaAIGhrSSMcDVTLQpso387VSzXHzGsGF6o/BX3meFwZEhKYproEJfU0Bs,0.956932,2.994976,1.883959
59700,a8x6/fzdaAIGhrSSMcDVTLQpso387VSzXHzGsGF6o/BX3meFwZEhKYproEJfU0Bs,1.0992629999999999,3.445644,1.9225279999999998
60000,a8x6/fzdaAIGhrSSMcDVTLQpso387VSzXHzGsGF6o/BX3meFwZEhKYproEJfU0Bs,1.513788,2.576943,1.898593
60300,a8x6/fzdaAIGhrSSMcDVTLQpso387VSzXHzGsGF6o/BX3meFwZEhKYproEJfU0Bs,1.474448,3.206706,1.9726720000000002
60600,a8x6/fzdaAIGhrSSMcDVTLQpso387VSzXHzGsGF6o/BX3meFwZEhKYproEJfU0Bs,1.515681,3.266713,1.9969560000000002
60900,a8x6/fzdaAIGhrSSMcDVTLQpso387VSzXHzGsGF6o/BX3meFwZEhKYproEJfU0Bs,1.084043,2.672342,1.843077
61200,a8x6/fzdaAIGhrSSMcDVTLQpso387VSzXHzGsGF6o/BX3meFwZEhKYproEJfU0Bs,1.452516,3.1840900000000003,1.958468
61500,a8x6/fzdaAIGhrSSMcDVTLQpso387VSzXHzGsGF6o/BX3meFwZEhKYproEJfU0Bs,0.902257,3.404874,1.9246159999999999
61800,a8x6/fzdaAIGhrSSMcDVTLQpso387VSzXHzGsGF6o/BX3meFwZEhKYproEJfU0Bs,1.457185,2.596514,1.9064860000000001
62100,a8x6/fzdaAIGhrSSMcDVTLQpso387VSzXHzGsGF6o/BX3meFwZEhKYproEJfU0Bs,1.278889,2.990571,1.9257400000000002
62400,a8x6/fzdaAIGhrSSMcDVTLQpso387VSzXHzGsGF6o/BX3meFwZEhKYproEJfU0Bs,1.079792,3.37684,1.9687849999999998
62700,a8x6/fzdaAIGhrSSMcDVTLQpso387VSzXHzGsGF6o/BX3meFwZEhKYproEJfU0Bs,1.468248,30.690339,4.730437
63000,a8x6/fzdaAIGhrSSMcDVTLQpso387VSzXHzGsGF6o/BX3meFwZEhKYproEJfU0Bs,0.559241,3.296414,1.825616
63300,a8x6/fzdaAIGhrSSMcDVTLQpso387VSzXHzGsGF6o/BX3meFwZEhKYproEJfU0Bs,1.4603469999999998,3.130254,1.922979
63600,a8x6/fzdaAIGhrSSMcDVTLQpso387VSzXHzGsGF6o/BX3meFwZEhKYproEJfU0Bs,1.515699,2.533234,1.897588
63900,a8x6/fzdaAIGhrSSMcDVTLQpso387VSzXHzGsGF6o/BX3meFwZEhKYproEJfU0Bs,1.478082,3.047869,1.932257
64200,a8x6/fzdaAIGhrSSMcDVTLQpso387VSzXHzGsGF6o/BX3meFwZEhKYproEJfU0Bs,0.835103,3.2245150000000002,1.8417119999999998
64500,a8x6/fzdaAIGhrSSMcDVTLQpso387VSzXHzGsGF6o/BX3meFwZEhKYproEJfU0Bs,1.502999,2.489769,1.891809
64800,a8x6/fzdaAIGhrSSMcDVTLQpso387VSzXHzGsGF6o/BX3meFwZEhKYproEJfU0Bs,0.627568,2.978241,1.8801419999999998
65100,a8x6/fzdaAIGhrSSMcDVTLQpso387VSzXHzGsGF6o/BX3meFwZEhKYproEJfU0Bs,0.918236,3.256385,1.889547
65400,a8x6/fzdaAIGhrSSMcDVTLQpso387VSzXHzGsGF6o/BX3meFwZEhKYproEJfU0Bs,1.546038,2.48081,1.911132
65700,a8x6/fzdaAIGhrSSMcDVTLQpso387VSzXHzGsGF6o/BX3meFwZEhKYproEJfU0Bs,0.63161,3.159908,1.9212240000000003
66000,a8x6/fzdaAIGhrSSMcDVTLQpso387VSzXHzGsGF6o/BX3meFwZEhKYproEJfU0Bs,1.49229,3.3269879999999996,2.0120310000000003
66300,a8x6/fzdaAIGhrSSMcDVTLQpso387VSzXHzGsGF6o/BX3meFwZEhKYproEJfU0Bs,1.489986,21.211909,4.867093
66600,a8x6/fzdaAIGhrSSMcDVTLQpso387VSzXHzGsGF6o/BX3meFwZEhKYproEJfU0Bs,1.469738,3.159592,1.911187
66900,a8x6/fzdaAIGhrSSMcDVTLQpso387VSzXHzGsGF6o/BX3meFwZEhKYproEJfU0Bs,1.493623,3.143538,1.9179990000000002
67200,a8x6/fzdaAIGhrSSMcDVTLQpso387VSzXHzGsGF6o/BX3meFwZEhKYproEJfU0Bs,1.514189,2.599411,1.8918490000000001
67500,a8x6/fzdaAIGhrSSMcDVTLQpso387VSzXHzGsGF6o/BX3meFwZEhKYproEJfU0Bs,1.220641,2.9984830000000002,1.863256
67800,a8x6/fzdaAIGhrSSMcDVTLQpso387VSzXHzGsGF6o/BX3meFwZEhKYproEJfU0Bs,1.060845,3.145937,1.835502
68100,a8x6/fzdaAIGhrSSMcDVTLQpso387VSzXHzGsGF6o/BX3meFwZEhKYproEJfU0Bs,1.497558,2.501013,1.845176
68400,a8x6/fzdaAIGhrSSMcDVTLQpso387VSzXHzGsGF6o/BX3meFwZEhKYproEJfU0Bs,0.6815680000000001,2.923262,1.8053439999999998
68700,a8x6/fzdaAIGhrSSMcDVTLQpso387VSzXHzGsGF6o/BX3meFwZEhKYproEJfU0Bs,1.417343,2.929986,1.8880560000000002
69000,a8x6/fzdaAIGhrSSMcDVTLQpso387VSzXHzGsGF6o/BX3meFwZEhKYproEJfU0Bs,0.72067,2.420229,1.8091990000000002
69300,a8x6/fzdaAIGhrSSMcDVTLQpso387VSzXHzGsGF6o/BX3meFwZEhKYproEJfU0Bs,1.4588219999999998,2.97431,1.890816
69600,a8x6/fzdaAIGhrSSMcDVTLQpso387VSzXHzGsGF6o/BX3meFwZEhKYproEJfU0Bs,1.4225649999999999,2.875101,1.8270990000000003
69900,a8x6/fzdaAIGhrSSMcDVTLQpso387VSzXHzGsGF6o/BX3meFwZEhKYproEJfU0Bs,1.496205,30.131873,4.791879
70200,a8x6/fzdaAIGhrSSMcDVTLQpso387VSzXHzGsGF6o/BX3meFwZEhKYproEJfU0Bs,1.502242,2.823543,1.988995
70500,a8x6/fzdaAIGhrSSMcDVTLQpso387VSzXHzGsGF6o/BX3meFwZEhKYproEJfU0Bs,0.7864720000000001,2.911245,1.836366
70800,a8x6/fzdaAIGhrSSMcDVTLQpso387VSzXHzGsGF6o/BX3meFwZEhKYproEJfU0Bs,1.514166,2.5094689999999997,1.972376
71100,a8x6/fzdaAIGhrSSMcDVTLQpso387VSzXHzGsGF6o/BX3meFwZEhKYproEJfU0Bs,1.320807,3.080555,1.965334
71400,a8x6/fzdaAIGhrSSMcDVTLQpso387VSzXHzGsGF6o/BX3meFwZEhKYproEJfU0Bs,1.453067,2.554912,1.797566
71700,a8x6/fzdaAIGhrSSMcDVTLQpso387VSzXHzGsGF6o/BX3meFwZEhKYproEJfU0Bs,0.636394,2.5582,1.8733799999999998
72000,a8x6/fzdaAIGhrSSMcDVTLQpso387VSzXHzGsGF6o/BX3meFwZEhKYproEJfU0Bs,1.485848,2.95959,1.91576
72300,a8x6/fzdaAIGhrSSMcDVTLQpso387VSzXHzGsGF6o/BX3meFwZEhKYproEJfU0Bs,1.484497,2.734328,1.817806
72600,a8x6/fzdaAIGhrSSMcDVTLQpso387VSzXHzGsGF6o/BX3meFwZEhKYproEJfU0Bs,1.462028,2.683113,2.004938
72900,a8x6/fzdaAIGhrSSMcDVTLQpso387VSzXHzGsGF6o/BX3meFwZEhKYproEJfU0Bs,1.5361280000000002,46.07032,10.087828
73200,a8x6/fzdaAIGhrSSMcDVTLQpso387VSzXHzGsGF6o/BX3meFwZEhKYproEJfU0Bs,1.0860940000000001,29.288515000000004,4.780625
73500,a8x6/fzdaAIGhrSSMcDVTLQpso387VSzXHzGsGF6o/BX3meFwZEhKYproEJfU0Bs,1.52593,32.09554,5.010033
73800,a8x6/fzdaAIGhrSSMcDVTLQpso387VSzXHzGsGF6o/BX3meFwZEhKYproEJfU0Bs,1.4379170000000001,3.14747,1.9652830000000001
74100,a8x6/fzdaAIGhrSSMcDVTLQpso387VSzXHzGsGF6o/BX3meFwZEhKYproEJfU0Bs,1.48692,2.731758,1.8886330000000002
74400,a8x6/fzdaAIGhrSSMcDVTLQpso387VSzXHzGsGF6o/BX3meFwZEhKYproEJfU0Bs,0.7896350000000001,2.874204,1.9414930000000001
74700,a8x6/fzdaAIGhrSSMcDVTLQpso387VSzXHzGsGF6o/BX3meFwZEhKYproEJfU0Bs,1.454574,2.9280720000000002,1.938245
75000,a8x6/fzdaAIGhrSSMcDVTLQpso387VSzXHzGsGF6o/BX3meFwZEhKYproEJfU0Bs,1.441349,2.432038,1.8228529999999998
75300,a8x6/fzdaAIGhrSSMcDVTLQpso387VSzXHzGsGF6o/BX3meFwZEhKYproEJfU0Bs,1.540466,2.4880139999999997,1.9330319999999999
75600,a8x6/fzdaAIGhrSSMcDVTLQpso387VSzXHzGsGF6o/BX3meFwZEhKYproEJfU0Bs,1.104795,2.939863,1.875088
75900,a8x6/fzdaAIGhrSSMcDVTLQpso387VSzXHzGsGF6o/BX3meFwZEhKYproEJfU0Bs,0.6703140000000001,2.783378,1.7835919999999998
76200,a8x6/fzdaAIGhrSSMcDVTLQpso387VSzXHzGsGF6o/BX3meFwZEhKYproEJfU0Bs,1.46183,2.5676229999999998,1.987825
76500,a8x6/fzdaAIGhrSSMcDVTLQpso387VSzXHzGsGF6o/BX3meFwZEhKYproEJfU0Bs,0.735297,2.953615,1.8360299999999998
76800,a8x6/fzdaAIGhrSSMcDVTLQpso387VSzXHzGsGF6o/BX3meFwZEhKYproEJfU0Bs,1.480077,2.469172,1.816909
77100,a8x6/fzdaAIGhrSSMcDVTLQpso387VSzXHzGsGF6o/BX3meFwZEhKYproEJfU0Bs,1.430935,19.538716,4.779831
77400,a8x6/fzdaAIGhrSSMcDVTLQpso387VSzXHzGsGF6o/BX3meFwZEhKYproEJfU0Bs,1.505507,2.901786,1.9631869999999998
77700,a8x6/fzdaAIGhrSSMcDVTLQpso387VSzXHzGsGF6o/BX3meFwZEhKYproEJfU0Bs,1.469509,2.821053,1.9006020000000001
78000,a8x6/fzdaAIGhrSSMcDVTLQpso387VSzXHzGsGF6o/BX3meFwZEhKYproEJfU0Bs,1.454066,2.587218,1.9819830000000003
78300,a8x6/fzdaAIGhrSSMcDVTLQpso387VSzXHzGsGF6o/BX3meFwZEhKYproEJfU0Bs,1.478893,2.9865470000000003,1.9932290000000001
78600,a8x6/fzdaAIGhrSSMcDVTLQpso387VSzXHzGsGF6o/BX3meFwZEhKYproEJfU0Bs,1.46207,2.549105,1.836532
78900,a8x6/fzdaAIGhrSSMcDVTLQpso387VSzXHzGsGF6o/BX3meFwZEhKYproEJfU0Bs,1.446599,2.738491,2.004366
79200,a8x6/fzdaAIGhrSSMcDVTLQpso387VSzXHzGsGF6o/BX3meFwZEhKYproEJfU0Bs,1.301453,3.116803,1.947259
79500,a8x6/fzdaAIGhrSSMcDVTLQpso387VSzXHzGsGF6o/BX3meFwZEhKYproEJfU0Bs,1.440664,2.546236,1.831504
79800,a8x6/fzdaAIGhrSSMcDVTLQpso387VSzXHzGsGF6o/BX3meFwZEhKYproEJfU0Bs,1.436628,2.721709,1.985177
80100,a8x6/fzdaAIGhrSSMcDVTLQpso387VSzXHzGsGF6o/BX3meFwZEhKYproEJfU0Bs,1.5031290000000002,3.029452,1.9210040000000002
80400,a8x6/fzdaAIGhrSSMcDVTLQpso387VSzXHzGsGF6o/BX3meFwZEhKYproEJfU0Bs,1.453946,3.827981,1.9529880000000002
80700,a8x6/fzdaAIGhrSSMcDVTLQpso387VSzXHzGsGF6o/BX3meFwZEhKYproEJfU0Bs,1.433522,31.58104,5.531852
81000,a8x6/fzdaAIGhrSSMcDVTLQpso387VSzXHzGsGF6o/BX3meFwZEhKYproEJfU0Bs,0.846817,13.459679000000001,3.9048800000000004
81300,a8x6/fzdaAIGhrSSMcDVTLQpso387VSzXHzGsGF6o/BX3meFwZEhKYproEJfU0Bs,0.981224,2.751284,2.011158
81600,a8x6/fzdaAIGhrSSMcDVTLQpso387VSzXHzGsGF6o/BX3meFwZEhKYproEJfU0Bs,1.54798,2.7777220000000002,2.1398639999999998
81900,a8x6/fzdaAIGhrSSMcDVTLQpso387VSzXHzGsGF6o/BX3meFwZEhKYproEJfU0Bs,1.503588,2.982098,2.074256
82200,a8x6/fzdaAIGhrSSMcDVTLQpso387VSzXHzGsGF6o/BX3meFwZEhKYproEJfU0Bs,1.43377,2.569297,1.8335849999999998
82500,a8x6/fzdaAIGhrSSMcDVTLQpso387VSzXHzGsGF6o/BX3meFwZEhKYproEJfU0Bs,1.507639,2.531437,1.9743
82800,a8x6/fzdaAIGhrSSMcDVTLQpso387VSzXHzGsGF6o/BX3meFwZEhKYproEJfU0Bs,1.510481,2.9860580000000003,1.94665
83100,a8x6/fzdaAIGhrSSMcDVTLQpso387VSzXHzGsGF6o/BX3meFwZEhKYproEJfU0Bs,1.3706909999999999,2.319746,1.816413
83400,a8x6/fzdaAIGhrSSMcDVTLQpso387VSzXHzGsGF6o/BX3meFwZEhKYproEJfU0Bs,1.54175,2.667942,2.064545
83700,a8x6/fzdaAIGhrSSMcDVTLQpso387VSzXHzGsGF6o/BX3meFwZEhKYproEJfU0Bs,1.540292,2.785975,1.972175
84000,a8x6/fzdaAIGhrSSMcDVTLQpso387VSzXHzGsGF6o/BX3meFwZEhKYproEJfU0Bs,1.339367,2.372407,1.895316
84300,a8x6/fzdaAIGhrSSMcDVTLQpso387VSzXHzGsGF6o/BX3meFwZEhKYproEJfU0Bs,1.423302,30.962525,4.798801
84600,a8x6/fzdaAIGhrSSMcDVTLQpso387VSzXHzGsGF6o/BX3meFwZEhKYproEJfU0Bs,1.0847879999999999,2.721294,1.904088
84900,a8x6/fzdaAIGhrSSMcDVTLQpso387VSzXHzGsGF6o/BX3meFwZEhKYproEJfU0Bs,1.509107,2.286464,1.834644
85200,a8x6/fzdaAIGhrSSMcDVTLQpso387VSzXHzGsGF6o/BX3meFwZEhKYproEJfU0Bs,1.25534,3.4850160000000003,1.9670400000000001
85500,a8x6/fzdaAIGhrSSMcDVTLQpso387VSzXHzGsGF6o/BX3meFwZEhKYproEJfU0Bs,1.53819,3.053515,2.03232
85800,a8x6/fzdaAIGhrSSMcDVTLQpso387VSzXHzGsGF6o/BX3meFwZEhKYproEJfU0Bs,1.0970389999999999,2.62226,1.8539889999999999
86100,a8x6/fzdaAIGhrSSMcDVTLQpso387VSzXHzGsGF6o/BX3meFwZEhKYproEJfU0Bs,1.487866,3.6160400000000004,1.9960919999999998
86400,a8x6/fzdaAIGhrSSMcDVTLQpso387VSzXHzGsGF6o/BX3meFwZEhKYproEJfU0Bs,1.4572450000000001,3.3285099999999996,1.969589
86700,a8x6/fzdaAIGhrSSMcDVTLQpso387VSzXHzGsGF6o/BX3meFwZEhKYproEJfU0Bs,0.678313,2.565464,1.7573310000000002
87000,a8x6/fzdaAIGhrSSMcDVTLQpso387VSzXHzGsGF6o/BX3meFwZEhKYproEJfU0Bs,1.531168,3.6042970000000003,2.050641
87300,a8x6/fzdaAIGhrSSMcDVTLQpso387VSzXHzGsGF6o/BX3meFwZEhKYproEJfU0Bs,1.518886,3.140804,2.018636
87600,a8x6/fzdaAIGhrSSMcDVTLQpso387VSzXHzGsGF6o/BX3meFwZEhKYproEJfU0Bs,1.567286,2.818103,1.9433580000000001
87900,a8x6/fzdaAIGhrSSMcDVTLQpso387VSzXHzGsGF6o/BX3meFwZEhKYproEJfU0Bs,1.5142520000000002,28.307954,4.932049
88200,a8x6/fzdaAIGhrSSMcDVTLQpso387VSzXHzGsGF6o/BX3meFwZEhKYproEJfU0Bs,1.493578,3.140441,1.9262009999999998
88500,a8x6/fzdaAIGhrSSMcDVTLQpso387VSzXHzGsGF6o/BX3meFwZEhKYproEJfU0Bs,1.04988,2.395034,1.742693
88800,a8x6/fzdaAIGhrSSMcDVTLQpso387VSzXHzGsGF6o/BX3meFwZEhKYproEJfU0Bs,1.459252,3.5013690000000004,1.9650169999999998
89100,a8x6/fzdaAIGhrSSMcDVTLQpso387VSzXHzGsGF6o/BX3meFwZEhKYproEJfU0Bs,1.174531,2.979706,1.9009080000000003
89400,a8x6/fzdaAIGhrSSMcDVTLQpso387VSzXHzGsGF6o/BX3meFwZEhKYproEJfU0Bs,1.517403,2.6473150000000003,1.918309
89700,a8x6/fzdaAIGhrSSMcDVTLQpso387VSzXHzGsGF6o/BX3meFwZEhKYproEJfU0Bs,1.350991,3.5251010000000003,1.9259119999999998
90000,a8x6/fzdaAIGhrSSMcDVTLQpso387VSzXHzGsGF6o/BX3meFwZEhKYproEJfU0Bs,1.016392,3.233812,1.8941150000000002
90300,a8x6/fzdaAIGhrSSMcDVTLQpso387VSzXHzGsGF6o/BX3meFwZEhKYproEJfU0Bs,1.4729729999999999,2.5231790000000003,1.819755
90600,a8x6/fzdaAIGhrSSMcDVTLQpso387VSzXHzGsGF6o/BX3meFwZEhKYproEJfU0Bs,1.347121,3.269574,1.972922
90900,a8x6/fzdaAIGhrSSMcDVTLQpso387VSzXHzGsGF6o/BX3meFwZEhKYproEJfU0Bs,1.486813,3.029889,1.916005
91200,a8x6/fzdaAIGhrSSMcDVTLQpso387VSzXHzGsGF6o/BX3meFwZEhKYproEJfU0Bs,1.373051,2.4157669999999998,1.779989
91500,a8x6/fzdaAIGhrSSMcDVTLQpso387VSzXHzGsGF6o/BX3meFwZEhKYproEJfU0Bs,1.477484,29.601298,4.789911
91800,a8x6/fzdaAIGhrSSMcDVTLQpso387VSzXHzGsGF6o/BX3meFwZEhKYproEJfU0Bs,0.816673,3.091689,1.8293490000000001
92100,a8x6/fzdaAIGhrSSMcDVTLQpso387VSzXHzGsGF6o/BX3meFwZEhKYproEJfU0Bs,1.420827,2.410609,1.7930139999999999
92400,a8x6/fzdaAIGhrSSMcDVTLQpso387VSzXHzGsGF6o/BX3meFwZEhKYproEJfU0Bs,1.535052,3.528401,2.00231
92700,a8x6/fzdaAIGhrSSMcDVTLQpso387VSzXHzGsGF6o/BX3meFwZEhKYproEJfU0Bs,1.487711,3.2376869999999998,1.9341220000000001
93000,a8x6/fzdaAIGhrSSMcDVTLQpso387VSzXHzGsGF6o/BX3meFwZEhKYproEJfU0Bs,1.509838,2.44557,1.8559889999999999
93300,a8x6/fzdaAIGhrSSMcDVTLQpso387VSzXHzGsGF6o/BX3meFwZEhKYproEJfU0Bs,1.432215,3.3566300000000004,2.107001
93600,a8x6/fzdaAIGhrSSMcDVTLQpso387VSzXHzGsGF6o/BX3meFwZEhKYproEJfU0Bs,1.4097790000000001,3.2944120000000003,1.9466759999999999
93900,a8x6/fzdaAIGhrSSMcDVTLQpso387VSzXHzGsGF6o/BX3meFwZEhKYproEJfU0Bs,1.495101,2.531602,1.826815
94200,a8x6/fzdaAIGhrSSMcDVTLQpso387VSzXHzGsGF6o/BX3meFwZEhKYproEJfU0Bs,1.4999069999999999,3.6415029999999997,2.130643
94500,a8x6/fzdaAIGhrSSMcDVTLQpso387VSzXHzGsGF6o/BX3meFwZEhKYproEJfU0Bs,1.491249,3.162573,1.9360380000000001
94800,a8x6/fzdaAIGhrSSMcDVTLQpso387VSzXHzGsGF6o/BX3meFwZEhKYproEJfU0Bs,1.108021,2.6069150000000003,1.810314
95100,a8x6/fzdaAIGhrSSMcDVTLQpso387VSzXHzGsGF6o/BX3meFwZEhKYproEJfU0Bs,1.509725,19.152682000000002,4.85909
95400,a8x6/fzdaAIGhrSSMcDVTLQpso387VSzXHzGsGF6o/BX3meFwZEhKYproEJfU0Bs,1.366249,3.0722970000000003,1.86096
95700,a8x6/fzdaAIGhrSSMcDVTLQpso387VSzXHzGsGF6o/BX3meFwZEhKYproEJfU0Bs,1.448644,2.427548,1.829505
96000,a8x6/fzdaAIGhrSSMcDVTLQpso387VSzXHzGsGF6o/BX3meFwZEhKYproEJfU0Bs,1.465244,3.4404220000000003,1.969991
96300,a8x6/fzdaAIGhrSSMcDVTLQpso387VSzXHzGsGF6o/BX3meFwZEhKYproEJfU0Bs,1.4740229999999999,3.111691,1.9287299999999998
96600,a8x6/fzdaAIGhrSSMcDVTLQpso387VSzXHzGsGF6o/BX3meFwZEhKYproEJfU0Bs,0.946217,2.455227,1.7126919999999999
96900,a8x6/fzdaAIGhrSSMcDVTLQpso387VSzXHzGsGF6o/BX3meFwZEhKYproEJfU0Bs,1.4327729999999999,3.5959470000000002,1.965857
97200,a8x6/fzdaAIGhrSSMcDVTLQpso387VSzXHzGsGF6o/BX3meFwZEhKYproEJfU0Bs,0.838432,3.197266,1.8235599999999998
97500,a8x6/fzdaAIGhrSSMcDVTLQpso387VSzXHzGsGF6o/BX3meFwZEhKYproEJfU0Bs,1.470987,21.86073,4.137662000000001
97800,a8x6/fzdaAIGhrSSMcDVTLQpso387VSzXHzGsGF6o/BX3meFwZEhKYproEJfU0Bs,1.518467,3.452739,2.041233
98100,a8x6/fzdaAIGhrSSMcDVTLQpso387VSzXHzGsGF6o/BX3meFwZEhKYproEJfU0Bs,1.477503,3.091007,1.8727209999999999
98400,a8x6/fzdaAIGhrSSMcDVTLQpso387VSzXHzGsGF6o/BX3meFwZEhKYproEJfU0Bs,1.480189,2.318047,1.836069
98700,a8x6/fzdaAIGhrSSMcDVTLQpso387VSzXHzGsGF6o/BX3meFwZEhKYproEJfU0Bs,1.541328,29.875246,4.887091000000001
99000,a8x6/fzdaAIGhrSSMcDVTLQpso387VSzXHzGsGF6o/BX3meFwZEhKYproEJfU0Bs,1.507841,3.006885,1.861505
99300,a8x6/fzdaAIGhrSSMcDVTLQpso387VSzXHzGsGF6o/BX3meFwZEhKYproEJfU0Bs,1.486501,4.837591000000001,2.194457
99600,a8x6/fzdaAIGhrSSMcDVTLQpso387VSzXHzGsGF6o/BX3meFwZEhKYproEJfU0Bs,1.482665,3.221941,2.024881
99900,a8x6/fzdaAIGhrSSMcDVTLQpso387VSzXHzGsGF6o/BX3meFwZEhKYproEJfU0Bs,1.443482,3.047975,1.984762
100200,a8x6/fzdaAIGhrSSMcDVTLQpso387VSzXHzGsGF6o/BX3meFwZEhKYproEJfU0Bs,1.290291,2.898079,1.961813
100500,a8x6/fzdaAIGhrSSMcDVTLQpso387VSzXHzGsGF6o/BX3meFwZEhKYproEJfU0Bs,1.294678,3.124437,2.01098
100800,a8x6/fzdaAIGhrSSMcDVTLQpso387VSzXHzGsGF6o/BX3meFwZEhKYproEJfU0Bs,1.1043040000000002,2.814187,1.7601529999999999
101100,a8x6/fzdaAIGhrSSMcDVTLQpso387VSzXHzGsGF6o/BX3meFwZEhKYproEJfU0Bs,1.437697,2.679065,1.98593
101400,a8x6/fzdaAIGhrSSMcDVTLQpso387VSzXHzGsGF6o/BX3meFwZEhKYproEJfU0Bs,1.423481,3.6064230000000004,2.158043
101700,a8x6/fzdaAIGhrSSMcDVTLQpso387VSzXHzGsGF6o/BX3meFwZEhKYproEJfU0Bs,1.498869,46.518892,8.953638
102000,a8x6/fzdaAIGhrSSMcDVTLQpso387VSzXHzGsGF6o/BX3meFwZEhKYproEJfU0Bs,1.508118,5.511003,2.459123
102300,a8x6/fzdaAIGhrSSMcDVTLQpso387VSzXHzGsGF6o/BX3meFwZEhKYproEJfU0Bs,1.58113,29.993031,4.934295
102600,a8x6/fzdaAIGhrSSMcDVTLQpso387VSzXHzGsGF6o/BX3meFwZEhKYproEJfU0Bs,1.474434,2.7107419999999998,1.888899
102900,a8x6/fzdaAIGhrSSMcDVTLQpso387VSzXHzGsGF6o/BX3meFwZEhKYproEJfU0Bs,1.575919,2.704047,2.099977
103200,a8x6/fzdaAIGhrSSMcDVTLQpso387VSzXHzGsGF6o/BX3meFwZEhKYproEJfU0Bs,1.479301,3.054151,2.014025
103500,a8x6/fzdaAIGhrSSMcDVTLQpso387VSzXHzGsGF6o/BX3meFwZEhKYproEJfU0Bs,1.482125,2.611586,1.88855
103800,a8x6/fzdaAIGhrSSMcDVTLQpso387VSzXHzGsGF6o/BX3meFwZEhKYproEJfU0Bs,1.494142,2.49074,1.942178
104100,a8x6/fzdaAIGhrSSMcDVTLQpso387VSzXHzGsGF6o/BX3meFwZEhKYproEJfU0Bs,1.482285,3.081482,2.023914
104400,a8x6/fzdaAIGhrSSMcDVTLQpso387VSzXHzGsGF6o/BX3meFwZEhKYproEJfU0Bs,1.49423,2.6058470000000002,1.8852950000000002
104700,a8x6/fzdaAIGhrSSMcDVTLQpso387VSzXHzGsGF6o/BX3meFwZEhKYproEJfU0Bs,1.366707,2.717392,1.886779
105000,a8x6/fzdaAIGhrSSMcDVTLQpso387VSzXHzGsGF6o/BX3meFwZEhKYproEJfU0Bs,1.478789,3.304128,2.045944
105300,a8x6/fzdaAIGhrSSMcDVTLQpso387VSzXHzGsGF6o/BX3meFwZEhKYproEJfU0Bs,1.5139120000000001,2.647557,1.884477
105600,a8x6/fzdaAIGhrSSMcDVTLQpso387VSzXHzGsGF6o/BX3meFwZEhKYproEJfU0Bs,0.792992,2.699035,1.906857
105900,a8x6/fzdaAIGhrSSMcDVTLQpso387VSzXHzGsGF6o/BX3meFwZEhKYproEJfU0Bs,1.502061,16.632704,3.5152949999999996
106200,a8x6/fzdaAIGhrSSMcDVTLQpso387VSzXHzGsGF6o/BX3meFwZEhKYproEJfU0Bs,0.8708899999999999,14.704127,3.2538009999999997
106500,a8x6/fzdaAIGhrSSMcDVTLQpso387VSzXHzGsGF6o/BX3meFwZEhKYproEJfU0Bs,1.466766,2.812627,1.97155
106800,a8x6/fzdaAIGhrSSMcDVTLQpso387VSzXHzGsGF6o/BX3meFwZEhKYproEJfU0Bs,1.499227,3.136992,2.033589
107100,a8x6/fzdaAIGhrSSMcDVTLQpso387VSzXHzGsGF6o/BX3meFwZEhKYproEJfU0Bs,1.382742,2.563837,1.831252
107400,a8x6/fzdaAIGhrSSMcDVTLQpso387VSzXHzGsGF6o/BX3meFwZEhKYproEJfU0Bs,0.612212,2.760341,1.850912
107700,a8x6/fzdaAIGhrSSMcDVTLQpso387VSzXHzGsGF6o/BX3meFwZEhKYproEJfU0Bs,1.421251,3.012734,1.984575
108000,a8x6/fzdaAIGhrSSMcDVTLQpso387VSzXHzGsGF6o/BX3meFwZEhKYproEJfU0Bs,0.7428779999999999,2.565769,1.7869709999999999
108300,a8x6/fzdaAIGhrSSMcDVTLQpso387VSzXHzGsGF6o/BX3meFwZEhKYproEJfU0Bs,1.531091,2.653007,2.001171
108600,a8x6/fzdaAIGhrSSMcDVTLQpso387VSzXHzGsGF6o/BX3meFwZEhKYproEJfU0Bs,1.526987,3.349782,2.052484
108900,a8x6/fzdaAIGhrSSMcDVTLQpso387VSzXHzGsGF6o/BX3meFwZEhKYproEJfU0Bs,1.383476,2.572822,1.8188669999999998
109200,a8x6/fzdaAIGhrSSMcDVTLQpso387VSzXHzGsGF6o/BX3meFwZEhKYproEJfU0Bs,1.435725,2.798982,1.975698
109500,a8x6/fzdaAIGhrSSMcDVTLQpso387VSzXHzGsGF6o/BX3meFwZEhKYproEJfU0Bs,1.3036969999999999,3.118274,2.053984
109800,a8x6/fzdaAIGhrSSMcDVTLQpso387VSzXHzGsGF6o/BX3meFwZEhKYproEJfU0Bs,1.407227,30.313183000000002,4.759116000000001
110100,a8x6/fzdaAIGhrSSMcDVTLQpso387VSzXHzGsGF6o/BX3meFwZEhKYproEJfU0Bs,1.174943,2.478397,1.865029
110400,a8x6/fzdaAIGhrSSMcDVTLQpso387VSzXHzGsGF6o/BX3meFwZEhKYproEJfU0Bs,1.495662,2.88567,2.001421
110700,a8x6/fzdaAIGhrSSMcDVTLQpso387VSzXHzGsGF6o/BX3meFwZEhKYproEJfU0Bs,1.480992,2.458126,1.8623439999999998
111000,a8x6/fzdaAIGhrSSMcDVTLQpso387VSzXHzGsGF6o/BX3meFwZEhKYproEJfU0Bs,1.419767,2.400391,1.9903950000000001
111300,a8x6/fzdaAIGhrSSMcDVTLQpso387VSzXHzGsGF6o/BX3meFwZEhKYproEJfU0Bs,1.495699,2.864266,1.986302
111600,a8x6/fzdaAIGhrSSMcDVTLQpso387VSzXHzGsGF6o/BX3meFwZEhKYproEJfU0Bs,1.440875,2.369234,1.795675
111900,a8x6/fzdaAIGhrSSMcDVTLQpso387VSzXHzGsGF6o/BX3meFwZEhKYproEJfU0Bs,1.464399,3.0958639999999997,1.961252
112200,a8x6/fzdaAIGhrSSMcDVTLQpso387VSzXHzGsGF6o/BX3meFwZEhKYproEJfU0Bs,1.558198,3.402717,2.1179930000000002
112500,a8x6/fzdaAIGhrSSMcDVTLQpso387VSzXHzGsGF6o/BX3meFwZEhKYproEJfU0Bs,1.541495,2.5576830000000004,1.870412
112800,a8x6/fzdaAIGhrSSMcDVTLQpso387VSzXHzGsGF6o/BX3meFwZEhKYproEJfU0Bs,0.752319,3.140548,1.8313220000000001
113100,a8x6/fzdaAIGhrSSMcDVTLQpso387VSzXHzGsGF6o/BX3meFwZEhKYproEJfU0Bs,1.602602,3.192859,2.036209
113400,a8x6/fzdaAIGhrSSMcDVTLQpso387VSzXHzGsGF6o/BX3meFwZEhKYproEJfU0Bs,1.205571,29.742859999999997,4.618963
113700,a8x6/fzdaAIGhrSSMcDVTLQpso387VSzXHzGsGF6o/BX3meFwZEhKYproEJfU0Bs,0.8966729999999999,3.470471,1.9042419999999998
114000,a8x6/fzdaAIGhrSSMcDVTLQpso387VSzXHzGsGF6o/BX3meFwZEhKYproEJfU0Bs,1.478918,3.1729540000000003,2.001992
114300,a8x6/fzdaAIGhrSSMcDVTLQpso387VSzXHzGsGF6o/BX3meFwZEhKYproEJfU0Bs,1.005862,2.553827,1.806123
114600,a8x6/fzdaAIGhrSSMcDVTLQpso387VSzXHzGsGF6o/BX3meFwZEhKYproEJfU0Bs,1.383456,3.014842,1.9547080000000001
114900,a8x6/fzdaAIGhrSSMcDVTLQpso387VSzXHzGsGF6o/BX3meFwZEhKYproEJfU0Bs,1.481938,3.117501,2.0752669999999998
115200,a8x6/fzdaAIGhrSSMcDVTLQpso387VSzXHzGsGF6o/BX3meFwZEhKYproEJfU0Bs,1.4236229999999999,2.474094,1.821321
115500,a8x6/fzdaAIGhrSSMcDVTLQpso387VSzXHzGsGF6o/BX3meFwZEhKYproEJfU0Bs,1.439894,3.084573,1.9017709999999999
115800,a8x6/fzdaAIGhrSSMcDVTLQpso387VSzXHzGsGF6o/BX3meFwZEhKYproEJfU0Bs,1.485062,3.239303,2.015053
116100,a8x6/fzdaAIGhrSSMcDVTLQpso387VSzXHzGsGF6o/BX3meFwZEhKYproEJfU0Bs,1.168935,2.49048,1.783737
116400,a8x6/fzdaAIGhrSSMcDVTLQpso387VSzXHzGsGF6o/BX3meFwZEhKYproEJfU0Bs,0.9958950000000001,2.989399,1.8837849999999998
116700,a8x6/fzdaAIGhrSSMcDVTLQpso387VSzXHzGsGF6o/BX3meFwZEhKYproEJfU0Bs,1.5211059999999998,2.952068,1.973728
117000,a8x6/fzdaAIGhrSSMcDVTLQpso387VSzXHzGsGF6o/BX3meFwZEhKYproEJfU0Bs,1.5291270000000001,23.075799,4.663315
117300,a8x6/fzdaAIGhrSSMcDVTLQpso387VSzXHzGsGF6o/BX3meFwZEhKYproEJfU0Bs,1.479576,2.991381,1.937079
117600,a8x6/fzdaAIGhrSSMcDVTLQpso387VSzXHzGsGF6o/BX3meFwZEhKYproEJfU0Bs,1.5005709999999999,2.879639,1.9798369999999998
117900,a8x6/fzdaAIGhrSSMcDVTLQpso387VSzXHzGsGF6o/BX3meFwZEhKYproEJfU0Bs,1.482242,2.420139,1.834904
118200,a8x6/fzdaAIGhrSSMcDVTLQpso387VSzXHzGsGF6o/BX3meFwZEhKYproEJfU0Bs,1.089574,3.315122,1.929877
118500,a8x6/fzdaAIGhrSSMcDVTLQpso387VSzXHzGsGF6o/BX3meFwZEhKYproEJfU0Bs,1.530502,2.872113,1.9900779999999998
118800,a8x6/fzdaAIGhrSSMcDVTLQpso387VSzXHzGsGF6o/BX3meFwZEhKYproEJfU0Bs,0.9113129999999999,2.480892,1.798287
119100,a8x6/fzdaAIGhrSSMcDVTLQpso387VSzXHzGsGF6o/BX3meFwZEhKYproEJfU0Bs,1.53954,3.244183,1.981259
119400,a8x6/fzdaAIGhrSSMcDVTLQpso387VSzXHzGsGF6o/BX3meFwZEhKYproEJfU0Bs,1.500446,2.95052,2.0187470000000003
119700,a8x6/fzdaAIGhrSSMcDVTLQpso387VSzXHzGsGF6o/BX3meFwZEhKYproEJfU0Bs,0.922579,2.700936,1.781309
120000,a8x6/fzdaAIGhrSSMcDVTLQpso387VSzXHzGsGF6o/BX3meFwZEhKYproEJfU0Bs,1.423089,3.1664830000000004,1.940523
120300,a8x6/fzdaAIGhrSSMcDVTLQpso387VSzXHzGsGF6o/BX3meFwZEhKYproEJfU0Bs,0.832816,3.12147,1.997512
120600,a8x6/fzdaAIGhrSSMcDVTLQpso387VSzXHzGsGF6o/BX3meFwZEhKYproEJfU0Bs,1.4574639999999999,30.246301000000003,4.772019
120900,a8x6/fzdaAIGhrSSMcDVTLQpso387VSzXHzGsGF6o/BX3meFwZEhKYproEJfU0Bs,1.4317600000000001,3.040708,1.905277
121200,a8x6/fzdaAIGhrSSMcDVTLQpso387VSzXHzGsGF6o/BX3meFwZEhKYproEJfU0Bs,1.493047,2.861997,1.986731
121500,a8x6/fzdaAIGhrSSMcDVTLQpso387VSzXHzGsGF6o/BX3meFwZEhKYproEJfU0Bs,1.528144,2.4203189999999997,1.8594540000000002
121800,a8x6/fzdaAIGhrSSMcDVTLQpso387VSzXHzGsGF6o/BX3meFwZEhKYproEJfU0Bs,1.5738809999999999,2.911853,2.049563
122100,a8x6/fzdaAIGhrSSMcDVTLQpso387VSzXHzGsGF6o/BX3meFwZEhKYproEJfU0Bs,1.50532,2.6930389999999997,1.9648240000000001
122400,a8x6/fzdaAIGhrSSMcDVTLQpso387VSzXHzGsGF6o/BX3meFwZEhKYproEJfU0Bs,1.4117870000000001,2.545229,1.8248520000000001
122700,a8x6/fzdaAIGhrSSMcDVTLQpso387VSzXHzGsGF6o/BX3meFwZEhKYproEJfU0Bs,1.478409,3.121583,1.964089
123000,a8x6/fzdaAIGhrSSMcDVTLQpso387VSzXHzGsGF6o/BX3meFwZEhKYproEJfU0Bs,1.5090299999999999,2.7118889999999998,1.9742
123300,a8x6/fzdaAIGhrSSMcDVTLQpso387VSzXHzGsGF6o/BX3meFwZEhKYproEJfU0Bs,1.504369,2.261441,1.845309
123600,a8x6/fzdaAIGhrSSMcDVTLQpso387VSzXHzGsGF6o/BX3meFwZEhKYproEJfU0Bs,0.699561,2.875453,1.8827330000000002
123900,a8x6/fzdaAIGhrSSMcDVTLQpso387VSzXHzGsGF6o/BX3meFwZEhKYproEJfU0Bs,1.5178719999999999,2.6949509999999997,2.0189529999999998
124200,a8x6/fzdaAIGhrSSMcDVTLQpso387VSzXHzGsGF6o/BX3meFwZEhKYproEJfU0Bs,1.461135,2.363394,1.8667610000000001
124500,a8x6/fzdaAIGhrSSMcDVTLQpso387VSzXHzGsGF6o/BX3meFwZEhKYproEJfU0Bs,1.508799,2.87305,1.9521009999999999
124800,a8x6/fzdaAIGhrSSMcDVTLQpso387VSzXHzGsGF6o/BX3meFwZEhKYproEJfU0Bs,1.570028,2.694109,2.0413229999999998
125100,a8x6/fzdaAIGhrSSMcDVTLQpso387VSzXHzGsGF6o/BX3meFwZEhKYproEJfU0Bs,1.545,2.34635,1.8658810000000001
125400,a8x6/fzdaAIGhrSSMcDVTLQpso387VSzXHzGsGF6o/BX3meFwZEhKYproEJfU0Bs,1.521325,2.706915,1.964341
125700,a8x6/fzdaAIGhrSSMcDVTLQpso387VSzXHzGsGF6o/BX3meFwZEhKYproEJfU0Bs,1.2644389999999999,2.866404,1.8873090000000001
126000,a8x6/fzdaAIGhrSSMcDVTLQpso387VSzXHzGsGF6o/BX3meFwZEhKYproEJfU0Bs,1.416982,2.613305,1.926236
126300,a8x6/fzdaAIGhrSSMcDVTLQpso387VSzXHzGsGF6o/BX3meFwZEhKYproEJfU0Bs,0.832865,3.404921,1.9402580000000003
126600,a8x6/fzdaAIGhrSSMcDVTLQpso387VSzXHzGsGF6o/BX3meFwZEhKYproEJfU0Bs,1.422593,2.7919680000000002,2.0118099999999997
126900,a8x6/fzdaAIGhrSSMcDVTLQpso387VSzXHzGsGF6o/BX3meFwZEhKYproEJfU0Bs,1.505485,2.590357,1.951475
127200,a8x6/fzdaAIGhrSSMcDVTLQpso387VSzXHzGsGF6o/BX3meFwZEhKYproEJfU0Bs,1.528591,3.414097,2.067847
127500,a8x6/fzdaAIGhrSSMcDVTLQpso387VSzXHzGsGF6o/BX3meFwZEhKYproEJfU0Bs,1.4489299999999998,2.705091,1.8827650000000002
127800,a8x6/fzdaAIGhrSSMcDVTLQpso387VSzXHzGsGF6o/BX3meFwZEhKYproEJfU0Bs,0.998466,30.324296999999998,4.7058279999999995
128100,a8x6/fzdaAIGhrSSMcDVTLQpso387VSzXHzGsGF6o/BX3meFwZEhKYproEJfU0Bs,1.448549,3.1004240000000003,1.9031169999999997
128400,a8x6/fzdaAIGhrSSMcDVTLQpso387VSzXHzGsGF6o/BX3meFwZEhKYproEJfU0Bs,1.4854969999999998,2.624336,1.884548
128700,a8x6/fzdaAIGhrSSMcDVTLQpso387VSzXHzGsGF6o/BX3meFwZEhKYproEJfU0Bs,1.4408889999999999,2.56399,1.941815
129000,a8x6/fzdaAIGhrSSMcDVTLQpso387VSzXHzGsGF6o/BX3meFwZEhKYproEJfU0Bs,1.46458,3.361857,1.9320240000000002
129300,a8x6/fzdaAIGhrSSMcDVTLQpso387VSzXHzGsGF6o/BX3meFwZEhKYproEJfU0Bs,1.393799,2.697759,1.894881
129600,a8x6/fzdaAIGhrSSMcDVTLQpso387VSzXHzGsGF6o/BX3meFwZEhKYproEJfU0Bs,1.467533,7.287584,2.49465
129900,a8x6/fzdaAIGhrSSMcDVTLQpso387VSzXHzGsGF6o/BX3meFwZEhKYproEJfU0Bs,1.335975,3.201076,2.021188
130200,a8x6/fzdaAIGhrSSMcDVTLQpso387VSzXHzGsGF6o/BX3meFwZEhKYproEJfU0Bs,1.431306,2.737651,1.9176009999999999
130500,a8x6/fzdaAIGhrSSMcDVTLQpso387VSzXHzGsGF6o/BX3meFwZEhKYproEJfU0Bs,1.3289819999999999,45.967484999999996,10.081477
130800,a8x6/fzdaAIGhrSSMcDVTLQpso387VSzXHzGsGF6o/BX3meFwZEhKYproEJfU0Bs,1.405993,4.075366000000001,2.162057
131100,a8x6/fzdaAIGhrSSMcDVTLQpso387VSzXHzGsGF6o/BX3meFwZEhKYproEJfU0Bs,1.429519,2.6290459999999998,1.968314
131400,a8x6/fzdaAIGhrSSMcDVTLQpso387VSzXHzGsGF6o/BX3meFwZEhKYproEJfU0Bs,1.48561,30.845149,4.8414410000000005
131700,a8x6/fzdaAIGhrSSMcDVTLQpso387VSzXHzGsGF6o/BX3meFwZEhKYproEJfU0Bs,1.467039,3.2213439999999998,1.980804
132000,a8x6/fzdaAIGhrSSMcDVTLQpso387VSzXHzGsGF6o/BX3meFwZEhKYproEJfU0Bs,1.476427,2.685189,1.921261
132300,a8x6/fzdaAIGhrSSMcDVTLQpso387VSzXHzGsGF6o/BX3meFwZEhKYproEJfU0Bs,1.475044,7.083616999999999,2.4849
132600,a8x6/fzdaAIGhrSSMcDVTLQpso387VSzXHzGsGF6o/BX3meFwZEhKYproEJfU0Bs,1.503315,3.373714,2.035485
132900,a8x6/fzdaAIGhrSSMcDVTLQpso387VSzXHzGsGF6o/BX3meFwZEhKYproEJfU0Bs,1.462105,2.602359,1.85743
133200,a8x6/fzdaAIGhrSSMcDVTLQpso387VSzXHzGsGF6o/BX3meFwZEhKYproEJfU0Bs,1.4631809999999998,2.671382,1.9452639999999999
133500,a8x6/fzdaAIGhrSSMcDVTLQpso387VSzXHzGsGF6o/BX3meFwZEhKYproEJfU0Bs,1.4836559999999999,3.225568,1.9549830000000001
133800,a8x6/fzdaAIGhrSSMcDVTLQpso387VSzXHzGsGF6o/BX3meFwZEhKYproEJfU0Bs,1.467372,2.807816,2.016167
134100,a8x6/fzdaAIGhrSSMcDVTLQpso387VSzXHzGsGF6o/BX3meFwZEhKYproEJfU0Bs,1.4488889999999999,2.603325,1.894711
134400,a8x6/fzdaAIGhrSSMcDVTLQpso387VSzXHzGsGF6o/BX3meFwZEhKYproEJfU0Bs,1.48148,3.166516,1.989443
134700,a8x6/fzdaAIGhrSSMcDVTLQpso387VSzXHzGsGF6o/BX3meFwZEhKYproEJfU0Bs,1.419138,2.493925,1.855462
135000,a8x6/fzdaAIGhrSSMcDVTLQpso387VSzXHzGsGF6o/BX3meFwZEhKYproEJfU0Bs,1.4656959999999999,24.207913,5.502707
135300,a8x6/fzdaAIGhrSSMcDVTLQpso387VSzXHzGsGF6o/BX3meFwZEhKYproEJfU0Bs,1.460853,3.063941,1.928508
135600,a8x6/fzdaAIGhrSSMcDVTLQpso387VSzXHzGsGF6o/BX3meFwZEhKYproEJfU0Bs,1.438755,2.518844,1.9334930000000001
135900,a8x6/fzdaAIGhrSSMcDVTLQpso387VSzXHzGsGF6o/BX3meFwZEhKYproEJfU0Bs,1.450634,2.419964,2.0085669999999998
136200,a8x6/fzdaAIGhrSSMcDVTLQpso387VSzXHzGsGF6o/BX3meFwZEhKYproEJfU0Bs,1.454373,2.9548099999999997,1.92894
136500,a8x6/fzdaAIGhrSSMcDVTLQpso387VSzXHzGsGF6o/BX3meFwZEhKYproEJfU0Bs,1.518248,2.865848,1.951126
136800,a8x6/fzdaAIGhrSSMcDVTLQpso387VSzXHzGsGF6o/BX3meFwZEhKYproEJfU0Bs,1.50109,2.3691619999999998,1.9399540000000002
137100,a8x6/fzdaAIGhrSSMcDVTLQpso387VSzXHzGsGF6o/BX3meFwZEhKYproEJfU0Bs,1.498306,3.00048,2.019647
137400,a8x6/fzdaAIGhrSSMcDVTLQpso387VSzXHzGsGF6o/BX3meFwZEhKYproEJfU0Bs,1.523209,2.585518,1.943179
137700,a8x6/fzdaAIGhrSSMcDVTLQpso387VSzXHzGsGF6o/BX3meFwZEhKYproEJfU0Bs,1.51193,2.589499,1.963818
138000,a8x6/fzdaAIGhrSSMcDVTLQpso387VSzXHzGsGF6o/BX3meFwZEhKYproEJfU0Bs,1.523788,3.244441,2.015055
138300,a8x6/fzdaAIGhrSSMcDVTLQpso387VSzXHzGsGF6o/BX3meFwZEhKYproEJfU0Bs,0.988841,2.564921,1.918332
138600,a8x6/fzdaAIGhrSSMcDVTLQpso387VSzXHzGsGF6o/BX3meFwZEhKYproEJfU0Bs,1.32046,30.379416,4.800811
138900,a8x6/fzdaAIGhrSSMcDVTLQpso387VSzXHzGsGF6o/BX3meFwZEhKYproEJfU0Bs,1.3862299999999999,2.952216,2.031589
139200,a8x6/fzdaAIGhrSSMcDVTLQpso387VSzXHzGsGF6o/BX3meFwZEhKYproEJfU0Bs,1.541081,5.763237,2.2903439999999997
139500,a8x6/fzdaAIGhrSSMcDVTLQpso387VSzXHzGsGF6o/BX3meFwZEhKYproEJfU0Bs,1.496625,3.316324,1.95078
139800,a8x6/fzdaAIGhrSSMcDVTLQpso387VSzXHzGsGF6o/BX3meFwZEhKYproEJfU0Bs,1.342997,3.115803,1.96413
140100,a8x6/fzdaAIGhrSSMcDVTLQpso387VSzXHzGsGF6o/BX3meFwZEhKYproEJfU0Bs,1.536924,2.488156,1.9106029999999998
140400,a8x6/fzdaAIGhrSSMcDVTLQpso387VSzXHzGsGF6o/BX3meFwZEhKYproEJfU0Bs,0.8176829999999999,3.004813,1.803364
140700,a8x6/fzdaAIGhrSSMcDVTLQpso387VSzXHzGsGF6o/BX3meFwZEhKYproEJfU0Bs,1.566071,17.702364000000003,4.1092
141000,a8x6/fzdaAIGhrSSMcDVTLQpso387VSzXHzGsGF6o/BX3meFwZEhKYproEJfU0Bs,1.197099,2.587183,1.9088459999999998
141300,a8x6/fzdaAIGhrSSMcDVTLQpso387VSzXHzGsGF6o/BX3meFwZEhKYproEJfU0Bs,0.599071,3.097305,1.85198
141600,a8x6/fzdaAIGhrSSMcDVTLQpso387VSzXHzGsGF6o/BX3meFwZEhKYproEJfU0Bs,1.417059,2.911283,1.9483990000000002
141900,a8x6/fzdaAIGhrSSMcDVTLQpso387VSzXHzGsGF6o/BX3meFwZEhKYproEJfU0Bs,1.49021,9.865084,2.729806
142200,a8x6/fzdaAIGhrSSMcDVTLQpso387VSzXHzGsGF6o/BX3meFwZEhKYproEJfU0Bs,1.482921,30.203012,4.7623120000000005
142500,a8x6/fzdaAIGhrSSMcDVTLQpso387VSzXHzGsGF6o/BX3meFwZEhKYproEJfU0Bs,1.391425,2.9456130000000003,2.059485
142800,a8x6/fzdaAIGhrSSMcDVTLQpso387VSzXHzGsGF6o/BX3meFwZEhKYproEJfU0Bs,1.514299,2.554824,1.8907049999999999
143100,a8x6/fzdaAIGhrSSMcDVTLQpso387VSzXHzGsGF6o/BX3meFwZEhKYproEJfU0Bs,1.473417,3.157459,2.0015400000000003
143400,a8x6/fzdaAIGhrSSMcDVTLQpso387VSzXHzGsGF6o/BX3meFwZEhKYproEJfU0Bs,1.469207,2.825719,1.9278819999999999
143700,a8x6/fzdaAIGhrSSMcDVTLQpso387VSzXHzGsGF6o/BX3meFwZEhKYproEJfU0Bs,1.451747,2.918398,1.9909009999999998
144000,a8x6/fzdaAIGhrSSMcDVTLQpso387VSzXHzGsGF6o/BX3meFwZEhKYproEJfU0Bs,1.403541,3.084499,1.9099439999999999
144300,a8x6/fzdaAIGhrSSMcDVTLQpso387VSzXHzGsGF6o/BX3meFwZEhKYproEJfU0Bs,1.4456799999999999,2.870454,1.8819869999999999
144600,a8x6/fzdaAIGhrSSMcDVTLQpso387VSzXHzGsGF6o/BX3meFwZEhKYproEJfU0Bs,1.507891,14.001676999999999,3.073887
144900,a8x6/fzdaAIGhrSSMcDVTLQpso387VSzXHzGsGF6o/BX3meFwZEhKYproEJfU0Bs,1.502264,3.0496380000000003,1.9445569999999999
145200,a8x6/fzdaAIGhrSSMcDVTLQpso387VSzXHzGsGF6o/BX3meFwZEhKYproEJfU0Bs,1.389975,3.114394,1.959762
145500,a8x6/fzdaAIGhrSSMcDVTLQpso387VSzXHzGsGF6o/BX3meFwZEhKYproEJfU0Bs,1.526706,2.9059909999999998,2.0221080000000002
145800,a8x6/fzdaAIGhrSSMcDVTLQpso387VSzXHzGsGF6o/BX3meFwZEhKYproEJfU0Bs,1.499239,22.974385,4.826489
146100,a8x6/fzdaAIGhrSSMcDVTLQpso387VSzXHzGsGF6o/BX3meFwZEhKYproEJfU0Bs,1.474237,3.096152,2.009948
146400,a8x6/fzdaAIGhrSSMcDVTLQpso387VSzXHzGsGF6o/BX3meFwZEhKYproEJfU0Bs,0.817604,2.5877939999999997,1.8278400000000001
146700,a8x6/fzdaAIGhrSSMcDVTLQpso387VSzXHzGsGF6o/BX3meFwZEhKYproEJfU0Bs,1.3193190000000001,3.108064,1.8736580000000003
147000,a8x6/fzdaAIGhrSSMcDVTLQpso387VSzXHzGsGF6o/BX3meFwZEhKYproEJfU0Bs,1.510131,2.9373419999999997,1.9407869999999998
147300,a8x6/fzdaAIGhrSSMcDVTLQpso387VSzXHzGsGF6o/BX3meFwZEhKYproEJfU0Bs,1.401512,13.813745,2.983874
147600,a8x6/fzdaAIGhrSSMcDVTLQpso387VSzXHzGsGF6o/BX3meFwZEhKYproEJfU0Bs,1.4703469999999998,3.001282,1.92002
147900,a8x6/fzdaAIGhrSSMcDVTLQpso387VSzXHzGsGF6o/BX3meFwZEhKYproEJfU0Bs,1.0245469999999999,3.00369,1.8718240000000002
148200,a8x6/fzdaAIGhrSSMcDVTLQpso387VSzXHzGsGF6o/BX3meFwZEhKYproEJfU0Bs,1.508952,2.564582,1.899745
148500,a8x6/fzdaAIGhrSSMcDVTLQpso387VSzXHzGsGF6o/BX3meFwZEhKYproEJfU0Bs,0.998368,3.528891,1.836409
148800,a8x6/fzdaAIGhrSSMcDVTLQpso387VSzXHzGsGF6o/BX3meFwZEhKYproEJfU0Bs,1.478908,2.8414479999999998,1.9256799999999998
149100,a8x6/fzdaAIGhrSSMcDVTLQpso387VSzXHzGsGF6o/BX3meFwZEhKYproEJfU0Bs,0.9548049999999999,2.4359450000000002,1.7867939999999998
149400,a8x6/fzdaAIGhrSSMcDVTLQpso387VSzXHzGsGF6o/BX3meFwZEhKYproEJfU0Bs,1.4477790000000001,29.862763,4.835447
149700,a8x6/fzdaAIGhrSSMcDVTLQpso387VSzXHzGsGF6o/BX3meFwZEhKYproEJfU0Bs,1.392996,2.83669,1.870039
150000,a8x6/fzdaAIGhrSSMcDVTLQpso387VSzXHzGsGF6o/BX3meFwZEhKYproEJfU0Bs,1.5634139999999999,15.536525,3.179231
150300,a8x6/fzdaAIGhrSSMcDVTLQpso387VSzXHzGsGF6o/BX3meFwZEhKYproEJfU0Bs,1.489339,2.9429790000000002,1.9363380000000001
150600,a8x6/fzdaAIGhrSSMcDVTLQpso387VSzXHzGsGF6o/BX3meFwZEhKYproEJfU0Bs,1.4100780000000002,2.681677,1.899609
150900,a8x6/fzdaAIGhrSSMcDVTLQpso387VSzXHzGsGF6o/BX3meFwZEhKYproEJfU0Bs,1.498393,2.451665,1.9066290000000001
151200,a8x6/fzdaAIGhrSSMcDVTLQpso387VSzXHzGsGF6o/BX3meFwZEhKYproEJfU0Bs,1.202503,19.886064,4.577539
151500,a8x6/fzdaAIGhrSSMcDVTLQpso387VSzXHzGsGF6o/BX3meFwZEhKYproEJfU0Bs,1.554063,3.186236,2.0348900000000003
151800,a8x6/fzdaAIGhrSSMcDVTLQpso387VSzXHzGsGF6o/BX3meFwZEhKYproEJfU0Bs,0.9098950000000001,2.6270919999999998,1.934564
152100,a8x6/fzdaAIGhrSSMcDVTLQpso387VSzXHzGsGF6o/BX3meFwZEhKYproEJfU0Bs,1.174503,2.78303,1.792218
152400,a8x6/fzdaAIGhrSSMcDVTLQpso387VSzXHzGsGF6o/BX3meFwZEhKYproEJfU0Bs,1.47773,2.556469,1.8625919999999998
152700,a8x6/fzdaAIGhrSSMcDVTLQpso387VSzXHzGsGF6o/BX3meFwZEhKYproEJfU0Bs,1.457052,9.280797,2.561635
153000,a8x6/fzdaAIGhrSSMcDVTLQpso387VSzXHzGsGF6o/BX3meFwZEhKYproEJfU0Bs,1.514643,30.622952,4.866063
153300,a8x6/fzdaAIGhrSSMcDVTLQpso387VSzXHzGsGF6o/BX3meFwZEhKYproEJfU0Bs,1.465362,7.325937,2.3888979999999997
153600,a8x6/fzdaAIGhrSSMcDVTLQpso387VSzXHzGsGF6o/BX3meFwZEhKYproEJfU0Bs,1.551085,2.955345,2.10315
153900,a8x6/fzdaAIGhrSSMcDVTLQpso387VSzXHzGsGF6o/BX3meFwZEhKYproEJfU0Bs,0.973741,2.491634,1.763755
154200,a8x6/fzdaAIGhrSSMcDVTLQpso387VSzXHzGsGF6o/BX3meFwZEhKYproEJfU0Bs,1.477562,2.569934,1.846646
154500,a8x6/fzdaAIGhrSSMcDVTLQpso387VSzXHzGsGF6o/BX3meFwZEhKYproEJfU0Bs,1.4085969999999999,2.473762,1.8943849999999998
154800,a8x6/fzdaAIGhrSSMcDVTLQpso387VSzXHzGsGF6o/BX3meFwZEhKYproEJfU0Bs,1.0842209999999999,3.078119,1.805222
155100,a8x6/fzdaAIGhrSSMcDVTLQpso387VSzXHzGsGF6o/BX3meFwZEhKYproEJfU0Bs,1.416901,2.587128,1.855045
155400,a8x6/fzdaAIGhrSSMcDVTLQpso387VSzXHzGsGF6o/BX3meFwZEhKYproEJfU0Bs,1.4614340000000001,2.556058,1.841488
155700,a8x6/fzdaAIGhrSSMcDVTLQpso387VSzXHzGsGF6o/BX3meFwZEhKYproEJfU0Bs,1.471632,2.903845,1.91271
156000,a8x6/fzdaAIGhrSSMcDVTLQpso387VSzXHzGsGF6o/BX3meFwZEhKYproEJfU0Bs,1.496245,2.236004,1.792921
156300,a8x6/fzdaAIGhrSSMcDVTLQpso387VSzXHzGsGF6o/BX3meFwZEhKYproEJfU0Bs,1.4340620000000002,2.7383439999999997,1.9957310000000001
156600,a8x6/fzdaAIGhrSSMcDVTLQpso387VSzXHzGsGF6o/BX3meFwZEhKYproEJfU0Bs,1.523659,26.849165000000003,4.745088
156900,a8x6/fzdaAIGhrSSMcDVTLQpso387VSzXHzGsGF6o/BX3meFwZEhKYproEJfU0Bs,1.531894,2.531066,1.788892
157200,a8x6/fzdaAIGhrSSMcDVTLQpso387VSzXHzGsGF6o/BX3meFwZEhKYproEJfU0Bs,1.526459,2.5912599999999997,1.9437080000000002
157500,a8x6/fzdaAIGhrSSMcDVTLQpso387VSzXHzGsGF6o/BX3meFwZEhKYproEJfU0Bs,1.163535,3.1456060000000003,1.8659299999999999
157800,a8x6/fzdaAIGhrSSMcDVTLQpso387VSzXHzGsGF6o/BX3meFwZEhKYproEJfU0Bs,1.50686,2.64617,1.887186
158100,a8x6/fzdaAIGhrSSMcDVTLQpso387VSzXHzGsGF6o/BX3meFwZEhKYproEJfU0Bs,1.140219,2.501441,1.7376599999999998
158400,a8x6/fzdaAIGhrSSMcDVTLQpso387VSzXHzGsGF6o/BX3meFwZEhKYproEJfU0Bs,1.462788,3.099859,1.9444130000000002
158700,a8x6/fzdaAIGhrSSMcDVTLQpso387VSzXHzGsGF6o/BX3meFwZEhKYproEJfU0Bs,1.430744,2.046755,1.7351889999999999
159000,a8x6/fzdaAIGhrSSMcDVTLQpso387VSzXHzGsGF6o/BX3meFwZEhKYproEJfU0Bs,1.522533,2.872866,2.029121
159300,a8x6/fzdaAIGhrSSMcDVTLQpso387VSzXHzGsGF6o/BX3meFwZEhKYproEJfU0Bs,1.5311290000000002,46.57691,9.193495
159600,a8x6/fzdaAIGhrSSMcDVTLQpso387VSzXHzGsGF6o/BX3meFwZEhKYproEJfU0Bs,1.486958,2.754398,1.985857
159900,a8x6/fzdaAIGhrSSMcDVTLQpso387VSzXHzGsGF6o/BX3meFwZEhKYproEJfU0Bs,1.533975,2.807397,2.019015
160200,a8x6/fzdaAIGhrSSMcDVTLQpso387VSzXHzGsGF6o/BX3meFwZEhKYproEJfU0Bs,1.594114,29.986335999999998,4.775216
160500,a8x6/fzdaAIGhrSSMcDVTLQpso387VSzXHzGsGF6o/BX3meFwZEhKYproEJfU0Bs,1.489869,2.639696,1.8821080000000001
160800,a8x6/fzdaAIGhrSSMcDVTLQpso387VSzXHzGsGF6o/BX3meFwZEhKYproEJfU0Bs,1.478414,2.494098,1.8723330000000002
161100,a8x6/fzdaAIGhrSSMcDVTLQpso387VSzXHzGsGF6o/BX3meFwZEhKYproEJfU0Bs,1.507331,2.8997330000000003,1.9832319999999999
161400,a8x6/fzdaAIGhrSSMcDVTLQpso387VSzXHzGsGF6o/BX3meFwZEhKYproEJfU0Bs,1.407761,2.205016,1.726779
161700,a8x6/fzdaAIGhrSSMcDVTLQpso387VSzXHzGsGF6o/BX3meFwZEhKYproEJfU0Bs,1.490811,2.863709,1.9843560000000002
162000,a8x6/fzdaAIGhrSSMcDVTLQpso387VSzXHzGsGF6o/BX3meFwZEhKYproEJfU0Bs,1.447525,2.409979,1.788382
162300,a8x6/fzdaAIGhrSSMcDVTLQpso387VSzXHzGsGF6o/BX3meFwZEhKYproEJfU0Bs,1.5091860000000001,2.509643,1.884844
162600,a8x6/fzdaAIGhrSSMcDVTLQpso387VSzXHzGsGF6o/BX3meFwZEhKYproEJfU0Bs,1.497292,2.876177,1.984552
162900,a8x6/fzdaAIGhrSSMcDVTLQpso387VSzXHzGsGF6o/BX3meFwZEhKYproEJfU0Bs,1.46831,2.665054,1.94367
163200,a8x6/fzdaAIGhrSSMcDVTLQpso387VSzXHzGsGF6o/BX3meFwZEhKYproEJfU0Bs,1.495945,2.407781,1.853089
163500,a8x6/fzdaAIGhrSSMcDVTLQpso387VSzXHzGsGF6o/BX3meFwZEhKYproEJfU0Bs,1.513399,2.573509,1.842817
163800,a8x6/fzdaAIGhrSSMcDVTLQpso387VSzXHzGsGF6o/BX3meFwZEhKYproEJfU0Bs,1.46274,24.314374,4.791713
164100,a8x6/fzdaAIGhrSSMcDVTLQpso387VSzXHzGsGF6o/BX3meFwZEhKYproEJfU0Bs,1.4351200000000002,2.2436700000000003,1.776203
164400,a8x6/fzdaAIGhrSSMcDVTLQpso387VSzXHzGsGF6o/BX3meFwZEhKYproEJfU0Bs,1.538325,3.2488479999999997,2.007068
164700,a8x6/fzdaAIGhrSSMcDVTLQpso387VSzXHzGsGF6o/BX3meFwZEhKYproEJfU0Bs,1.445076,2.184893,1.862948
165000,a8x6/fzdaAIGhrSSMcDVTLQpso387VSzXHzGsGF6o/BX3meFwZEhKYproEJfU0Bs,1.4782629999999999,2.574185,1.842287
165300,a8x6/fzdaAIGhrSSMcDVTLQpso387VSzXHzGsGF6o/BX3meFwZEhKYproEJfU0Bs,1.4143430000000001,9.974122999999999,2.780408
165600,a8x6/fzdaAIGhrSSMcDVTLQpso387VSzXHzGsGF6o/BX3meFwZEhKYproEJfU0Bs,0.46632700000000005,3.012016,1.8745580000000002
165900,a8x6/fzdaAIGhrSSMcDVTLQpso387VSzXHzGsGF6o/BX3meFwZEhKYproEJfU0Bs,1.4836340000000001,2.606289,1.853018
166200,a8x6/fzdaAIGhrSSMcDVTLQpso387VSzXHzGsGF6o/BX3meFwZEhKYproEJfU0Bs,1.407031,3.121814,1.8597849999999998
166500,a8x6/fzdaAIGhrSSMcDVTLQpso387VSzXHzGsGF6o/BX3meFwZEhKYproEJfU0Bs,1.438352,2.951288,1.925646
166800,a8x6/fzdaAIGhrSSMcDVTLQpso387VSzXHzGsGF6o/BX3meFwZEhKYproEJfU0Bs,1.513283,2.418452,1.927534
167100,a8x6/fzdaAIGhrSSMcDVTLQpso387VSzXHzGsGF6o/BX3meFwZEhKYproEJfU0Bs,1.4884700000000002,5.927871,2.601664
167400,a8x6/fzdaAIGhrSSMcDVTLQpso387VSzXHzGsGF6o/BX3meFwZEhKYproEJfU0Bs,1.514791,38.859959,5.786808000000001
167700,a8x6/fzdaAIGhrSSMcDVTLQpso387VSzXHzGsGF6o/BX3meFwZEhKYproEJfU0Bs,1.471074,2.747093,2.067181
168000,a8x6/fzdaAIGhrSSMcDVTLQpso387VSzXHzGsGF6o/BX3meFwZEhKYproEJfU0Bs,1.1364670000000001,3.3219849999999997,2.062808
168300,a8x6/fzdaAIGhrSSMcDVTLQpso387VSzXHzGsGF6o/BX3meFwZEhKYproEJfU0Bs,1.471814,3.298688,2.0585459999999998
168600,a8x6/fzdaAIGhrSSMcDVTLQpso387VSzXHzGsGF6o/BX3meFwZEhKYproEJfU0Bs,1.530043,2.519645,1.856559
168900,a8x6/fzdaAIGhrSSMcDVTLQpso387VSzXHzGsGF6o/BX3meFwZEhKYproEJfU0Bs,1.3629950000000002,3.070667,1.8780869999999998
169200,a8x6/fzdaAIGhrSSMcDVTLQpso387VSzXHzGsGF6o/BX3meFwZEhKYproEJfU0Bs,1.514312,2.961846,1.951668
169500,a8x6/fzdaAIGhrSSMcDVTLQpso387VSzXHzGsGF6o/BX3meFwZEhKYproEJfU0Bs,1.4158680000000001,2.607974,1.849625
169800,a8x6/fzdaAIGhrSSMcDVTLQpso387VSzXHzGsGF6o/BX3meFwZEhKYproEJfU0Bs,1.4570100000000001,3.1280919999999997,2.022351
170100,a8x6/fzdaAIGhrSSMcDVTLQpso387VSzXHzGsGF6o/BX3meFwZEhKYproEJfU0Bs,1.466587,2.960877,1.9225299999999999
170400,a8x6/fzdaAIGhrSSMcDVTLQpso387VSzXHzGsGF6o/BX3meFwZEhKYproEJfU0Bs,1.4941389999999999,2.5414470000000002,1.836181
170700,a8x6/fzdaAIGhrSSMcDVTLQpso387VSzXHzGsGF6o/BX3meFwZEhKYproEJfU0Bs,1.456954,3.3083150000000003,2.014885
171000,a8x6/fzdaAIGhrSSMcDVTLQpso387VSzXHzGsGF6o/BX3meFwZEhKYproEJfU0Bs,1.551576,30.466732,4.923217
171300,a8x6/fzdaAIGhrSSMcDVTLQpso387VSzXHzGsGF6o/BX3meFwZEhKYproEJfU0Bs,1.473498,2.637736,1.838112
171600,a8x6/fzdaAIGhrSSMcDVTLQpso387VSzXHzGsGF6o/BX3meFwZEhKYproEJfU0Bs,1.509547,3.18813,1.9205459999999999
171900,a8x6/fzdaAIGhrSSMcDVTLQpso387VSzXHzGsGF6o/BX3meFwZEhKYproEJfU0Bs,1.5431700000000002,2.972186,1.9918919999999998
172200,a8x6/fzdaAIGhrSSMcDVTLQpso387VSzXHzGsGF6o/BX3meFwZEhKYproEJfU0Bs,1.265342,2.693402,1.82235
172500,a8x6/fzdaAIGhrSSMcDVTLQpso387VSzXHzGsGF6o/BX3meFwZEhKYproEJfU0Bs,1.476764,2.952902,1.958068
172800,a8x6/fzdaAIGhrSSMcDVTLQpso387VSzXHzGsGF6o/BX3meFwZEhKYproEJfU0Bs,1.460301,2.986555,1.969884
173100,a8x6/fzdaAIGhrSSMcDVTLQpso387VSzXHzGsGF6o/BX3meFwZEhKYproEJfU0Bs,1.4445,4.476605,2.1798189999999997
173400,a8x6/fzdaAIGhrSSMcDVTLQpso387VSzXHzGsGF6o/BX3meFwZEhKYproEJfU0Bs,0.882281,3.3644589999999996,1.9445599999999998
173700,a8x6/fzdaAIGhrSSMcDVTLQpso387VSzXHzGsGF6o/BX3meFwZEhKYproEJfU0Bs,1.27559,2.7144779999999997,1.871319
174000,a8x6/fzdaAIGhrSSMcDVTLQpso387VSzXHzGsGF6o/BX3meFwZEhKYproEJfU0Bs,1.431406,2.440306,1.78381
174300,a8x6/fzdaAIGhrSSMcDVTLQpso387VSzXHzGsGF6o/BX3meFwZEhKYproEJfU0Bs,1.524294,3.159303,1.920064
174600,a8x6/fzdaAIGhrSSMcDVTLQpso387VSzXHzGsGF6o/BX3meFwZEhKYproEJfU0Bs,1.502176,17.545855,4.732169
174900,a8x6/fzdaAIGhrSSMcDVTLQpso387VSzXHzGsGF6o/BX3meFwZEhKYproEJfU0Bs,1.412596,2.545768,1.8426639999999999
175200,a8x6/fzdaAIGhrSSMcDVTLQpso387VSzXHzGsGF6o/BX3meFwZEhKYproEJfU0Bs,1.468028,3.2476540000000003,2.090257
175500,a8x6/fzdaAIGhrSSMcDVTLQpso387VSzXHzGsGF6o/BX3meFwZEhKYproEJfU0Bs,1.542945,3.350057,2.067271
175800,a8x6/fzdaAIGhrSSMcDVTLQpso387VSzXHzGsGF6o/BX3meFwZEhKYproEJfU0Bs,1.5557590000000001,2.447311,1.8643490000000003
176100,a8x6/fzdaAIGhrSSMcDVTLQpso387VSzXHzGsGF6o/BX3meFwZEhKYproEJfU0Bs,1.379083,3.220847,2.075581
176400,a8x6/fzdaAIGhrSSMcDVTLQpso387VSzXHzGsGF6o/BX3meFwZEhKYproEJfU0Bs,1.418547,3.175522,2.079981
176700,a8x6/fzdaAIGhrSSMcDVTLQpso387VSzXHzGsGF6o/BX3meFwZEhKYproEJfU0Bs,1.489951,2.518873,1.869286
177000,a8x6/fzdaAIGhrSSMcDVTLQpso387VSzXHzGsGF6o/BX3meFwZEhKYproEJfU0Bs,1.133527,3.055576,1.934082
177300,a8x6/fzdaAIGhrSSMcDVTLQpso387VSzXHzGsGF6o/BX3meFwZEhKYproEJfU0Bs,1.483593,2.8454330000000003,1.9600810000000002
177600,a8x6/fzdaAIGhrSSMcDVTLQpso387VSzXHzGsGF6o/BX3meFwZEhKYproEJfU0Bs,1.51375,2.500975,1.891517
177900,a8x6/fzdaAIGhrSSMcDVTLQpso387VSzXHzGsGF6o/BX3meFwZEhKYproEJfU0Bs,1.4767219999999999,2.9395330000000004,1.9813869999999998
178200,a8x6/fzdaAIGhrSSMcDVTLQpso387VSzXHzGsGF6o/BX3meFwZEhKYproEJfU0Bs,1.4819280000000001,29.980215,4.976808
178500,a8x6/fzdaAIGhrSSMcDVTLQpso387VSzXHzGsGF6o/BX3meFwZEhKYproEJfU0Bs,1.390902,3.043186,1.915113
178800,a8x6/fzdaAIGhrSSMcDVTLQpso387VSzXHzGsGF6o/BX3meFwZEhKYproEJfU0Bs,1.439651,3.228615,1.9828259999999998
179100,a8x6/fzdaAIGhrSSMcDVTLQpso387VSzXHzGsGF6o/BX3meFwZEhKYproEJfU0Bs,1.412994,2.530583,1.825175
179400,a8x6/fzdaAIGhrSSMcDVTLQpso387VSzXHzGsGF6o/BX3meFwZEhKYproEJfU0Bs,1.430035,3.070061,1.899277
179700,a8x6/fzdaAIGhrSSMcDVTLQpso387VSzXHzGsGF6o/BX3meFwZEhKYproEJfU0Bs,1.012242,3.072959,1.8146380000000002
180000,a8x6/fzdaAIGhrSSMcDVTLQpso387VSzXHzGsGF6o/BX3meFwZEhKYproEJfU0Bs,1.381859,2.497462,1.810877
180300,a8x6/fzdaAIGhrSSMcDVTLQpso387VSzXHzGsGF6o/BX3meFwZEhKYproEJfU0Bs,1.397114,3.298571,1.9350619999999998
180600,a8x6/fzdaAIGhrSSMcDVTLQpso387VSzXHzGsGF6o/BX3meFwZEhKYproEJfU0Bs,1.500194,3.312289,2.079916
180900,a8x6/fzdaAIGhrSSMcDVTLQpso387VSzXHzGsGF6o/BX3meFwZEhKYproEJfU0Bs,1.455459,11.972321,2.791914
181200,a8x6/fzdaAIGhrSSMcDVTLQpso387VSzXHzGsGF6o/BX3meFwZEhKYproEJfU0Bs,1.4090719999999999,2.9787049999999997,1.905428
181500,a8x6/fzdaAIGhrSSMcDVTLQpso387VSzXHzGsGF6o/BX3meFwZEhKYproEJfU0Bs,1.507266,3.0747459999999998,1.988574
181800,a8x6/fzdaAIGhrSSMcDVTLQpso387VSzXHzGsGF6o/BX3meFwZEhKYproEJfU0Bs,1.394462,29.952206,4.677459
182100,a8x6/fzdaAIGhrSSMcDVTLQpso387VSzXHzGsGF6o/BX3meFwZEhKYproEJfU0Bs,1.370426,3.23042,1.9686700000000001
182400,a8x6/fzdaAIGhrSSMcDVTLQpso387VSzXHzGsGF6o/BX3meFwZEhKYproEJfU0Bs,1.464146,2.955827,2.030798
182700,a8x6/fzdaAIGhrSSMcDVTLQpso387VSzXHzGsGF6o/BX3meFwZEhKYproEJfU0Bs,1.425567,2.625299,1.806207
183000,a8x6/fzdaAIGhrSSMcDVTLQpso387VSzXHzGsGF6o/BX3meFwZEhKYproEJfU0Bs,1.279866,3.3540589999999995,1.9707400000000002
183300,a8x6/fzdaAIGhrSSMcDVTLQpso387VSzXHzGsGF6o/BX3meFwZEhKYproEJfU0Bs,1.365038,3.239255,1.996345
183600,a8x6/fzdaAIGhrSSMcDVTLQpso387VSzXHzGsGF6o/BX3meFwZEhKYproEJfU0Bs,1.3383260000000001,2.803411,1.8181939999999999
183900,a8x6/fzdaAIGhrSSMcDVTLQpso387VSzXHzGsGF6o/BX3meFwZEhKYproEJfU0Bs,1.425162,20.681765,4.170902
184200,a8x6/fzdaAIGhrSSMcDVTLQpso387VSzXHzGsGF6o/BX3meFwZEhKYproEJfU0Bs,1.452667,4.154685,2.283872
184500,a8x6/fzdaAIGhrSSMcDVTLQpso387VSzXHzGsGF6o/BX3meFwZEhKYproEJfU0Bs,1.450839,2.694327,1.8702720000000002
184800,a8x6/fzdaAIGhrSSMcDVTLQpso387VSzXHzGsGF6o/BX3meFwZEhKYproEJfU0Bs,1.425406,2.996249,1.9391580000000002
185100,a8x6/fzdaAIGhrSSMcDVTLQpso387VSzXHzGsGF6o/BX3meFwZEhKYproEJfU0Bs,1.488873,2.969475,1.994604
185400,a8x6/fzdaAIGhrSSMcDVTLQpso387VSzXHzGsGF6o/BX3meFwZEhKYproEJfU0Bs,1.4496799999999999,24.945117,4.701169999999999
185700,a8x6/fzdaAIGhrSSMcDVTLQpso387VSzXHzGsGF6o/BX3meFwZEhKYproEJfU0Bs,1.146348,3.193711,1.9172040000000001
186000,a8x6/fzdaAIGhrSSMcDVTLQpso387VSzXHzGsGF6o/BX3meFwZEhKYproEJfU0Bs,1.4915690000000001,2.8959080000000004,1.992017
186300,a8x6/fzdaAIGhrSSMcDVTLQpso387VSzXHzGsGF6o/BX3meFwZEhKYproEJfU0Bs,1.450979,3.25438,1.9680400000000002
186600,a8x6/fzdaAIGhrSSMcDVTLQpso387VSzXHzGsGF6o/BX3meFwZEhKYproEJfU0Bs,1.4276360000000001,3.1699610000000003,1.944565
186900,a8x6/fzdaAIGhrSSMcDVTLQpso387VSzXHzGsGF6o/BX3meFwZEhKYproEJfU0Bs,1.49468,3.068117,1.948664
187200,a8x6/fzdaAIGhrSSMcDVTLQpso387VSzXHzGsGF6o/BX3meFwZEhKYproEJfU0Bs,1.00251,2.570903,1.805421
187500,a8x6/fzdaAIGhrSSMcDVTLQpso387VSzXHzGsGF6o/BX3meFwZEhKYproEJfU0Bs,1.494409,3.0515849999999998,1.99247
187800,a8x6/fzdaAIGhrSSMcDVTLQpso387VSzXHzGsGF6o/BX3meFwZEhKYproEJfU0Bs,1.500838,3.3416629999999996,2.155037
188100,a8x6/fzdaAIGhrSSMcDVTLQpso387VSzXHzGsGF6o/BX3meFwZEhKYproEJfU0Bs,1.478875,45.93959,10.168353999999999
188400,a8x6/fzdaAIGhrSSMcDVTLQpso387VSzXHzGsGF6o/BX3meFwZEhKYproEJfU0Bs,1.5337100000000001,3.1302470000000002,2.186923
188700,a8x6/fzdaAIGhrSSMcDVTLQpso387VSzXHzGsGF6o/BX3meFwZEhKYproEJfU0Bs,1.476633,3.039256,2.0529889999999997
189000,a8x6/fzdaAIGhrSSMcDVTLQpso387VSzXHzGsGF6o/BX3meFwZEhKYproEJfU0Bs,0.9232549999999999,30.205740000000002,4.630898
189300,a8x6/fzdaAIGhrSSMcDVTLQpso387VSzXHzGsGF6o/BX3meFwZEhKYproEJfU0Bs,1.437858,3.1945490000000003,2.0107939999999997
189600,a8x6/fzdaAIGhrSSMcDVTLQpso387VSzXHzGsGF6o/BX3meFwZEhKYproEJfU0Bs,1.456032,4.459263,2.238929
189900,a8x6/fzdaAIGhrSSMcDVTLQpso387VSzXHzGsGF6o/BX3meFwZEhKYproEJfU0Bs,1.547643,2.512922,1.932029
190200,a8x6/fzdaAIGhrSSMcDVTLQpso387VSzXHzGsGF6o/BX3meFwZEhKYproEJfU0Bs,1.511242,3.0007900000000003,1.981669
190500,a8x6/fzdaAIGhrSSMcDVTLQpso387VSzXHzGsGF6o/BX3meFwZEhKYproEJfU0Bs,1.316462,2.6143509999999996,1.962345
190800,a8x6/fzdaAIGhrSSMcDVTLQpso387VSzXHzGsGF6o/BX3meFwZEhKYproEJfU0Bs,1.508009,2.5351310000000002,1.829048
191100,a8x6/fzdaAIGhrSSMcDVTLQpso387VSzXHzGsGF6o/BX3meFwZEhKYproEJfU0Bs,0.880358,3.277365,1.8659290000000002
191400,a8x6/fzdaAIGhrSSMcDVTLQpso387VSzXHzGsGF6o/BX3meFwZEhKYproEJfU0Bs,1.4726139999999999,2.732659,1.996646
191700,a8x6/fzdaAIGhrSSMcDVTLQpso387VSzXHzGsGF6o/BX3meFwZEhKYproEJfU0Bs,1.474821,2.5092,1.8272
192000,a8x6/fzdaAIGhrSSMcDVTLQpso387VSzXHzGsGF6o/BX3meFwZEhKYproEJfU0Bs,1.455666,3.100884,1.9138819999999999
192300,a8x6/fzdaAIGhrSSMcDVTLQpso387VSzXHzGsGF6o/BX3meFwZEhKYproEJfU0Bs,0.8379139999999999,2.965968,1.853357
192600,a8x6/fzdaAIGhrSSMcDVTLQpso387VSzXHzGsGF6o/BX3meFwZEhKYproEJfU0Bs,0.644996,29.778159000000002,4.740613
192900,a8x6/fzdaAIGhrSSMcDVTLQpso387VSzXHzGsGF6o/BX3meFwZEhKYproEJfU0Bs,1.5004979999999999,3.30577,1.962747
193200,a8x6/fzdaAIGhrSSMcDVTLQpso387VSzXHzGsGF6o/BX3meFwZEhKYproEJfU0Bs,1.157342,2.833345,1.9132959999999999
193500,a8x6/fzdaAIGhrSSMcDVTLQpso387VSzXHzGsGF6o/BX3meFwZEhKYproEJfU0Bs,1.491466,2.3950970000000003,1.942246
193800,a8x6/fzdaAIGhrSSMcDVTLQpso387VSzXHzGsGF6o/BX3meFwZEhKYproEJfU0Bs,1.234861,3.139436,1.9734740000000002
194100,a8x6/fzdaAIGhrSSMcDVTLQpso387VSzXHzGsGF6o/BX3meFwZEhKYproEJfU0Bs,1.462565,2.849264,1.961322
194400,a8x6/fzdaAIGhrSSMcDVTLQpso387VSzXHzGsGF6o/BX3meFwZEhKYproEJfU0Bs,1.490842,2.510006,1.800589
194700,a8x6/fzdaAIGhrSSMcDVTLQpso387VSzXHzGsGF6o/BX3meFwZEhKYproEJfU0Bs,1.492964,3.103972,1.9651049999999999
195000,a8x6/fzdaAIGhrSSMcDVTLQpso387VSzXHzGsGF6o/BX3meFwZEhKYproEJfU0Bs,1.2230889999999999,2.94043,1.917128
195300,a8x6/fzdaAIGhrSSMcDVTLQpso387VSzXHzGsGF6o/BX3meFwZEhKYproEJfU0Bs,1.185976,2.517371,1.801023
195600,a8x6/fzdaAIGhrSSMcDVTLQpso387VSzXHzGsGF6o/BX3meFwZEhKYproEJfU0Bs,1.464567,3.382128,1.988376
195900,a8x6/fzdaAIGhrSSMcDVTLQpso387VSzXHzGsGF6o/BX3meFwZEhKYproEJfU0Bs,0.785084,2.976785,1.966541
196200,a8x6/fzdaAIGhrSSMcDVTLQpso387VSzXHzGsGF6o/BX3meFwZEhKYproEJfU0Bs,1.401461,29.575925,4.685269
196500,a8x6/fzdaAIGhrSSMcDVTLQpso387VSzXHzGsGF6o/BX3meFwZEhKYproEJfU0Bs,1.143259,3.267076,1.906912
196800,a8x6/fzdaAIGhrSSMcDVTLQpso387VSzXHzGsGF6o/BX3meFwZEhKYproEJfU0Bs,1.419813,2.9342599999999996,1.929313
197100,a8x6/fzdaAIGhrSSMcDVTLQpso387VSzXHzGsGF6o/BX3meFwZEhKYproEJfU0Bs,0.7615609999999999,2.709492,1.8336
197400,a8x6/fzdaAIGhrSSMcDVTLQpso387VSzXHzGsGF6o/BX3meFwZEhKYproEJfU0Bs,1.4639440000000001,3.2602189999999998,1.9999689999999999
197700,a8x6/fzdaAIGhrSSMcDVTLQpso387VSzXHzGsGF6o/BX3meFwZEhKYproEJfU0Bs,1.2206219999999999,3.018613,1.8916830000000002
198000,a8x6/fzdaAIGhrSSMcDVTLQpso387VSzXHzGsGF6o/BX3meFwZEhKYproEJfU0Bs,0.6347430000000001,2.386305,1.703193
198300,a8x6/fzdaAIGhrSSMcDVTLQpso387VSzXHzGsGF6o/BX3meFwZEhKYproEJfU0Bs,1.466915,3.108273,1.917142
198600,a8x6/fzdaAIGhrSSMcDVTLQpso387VSzXHzGsGF6o/BX3meFwZEhKYproEJfU0Bs,1.50215,2.8171630000000003,2.005239
198900,a8x6/fzdaAIGhrSSMcDVTLQpso387VSzXHzGsGF6o/BX3meFwZEhKYproEJfU0Bs,1.510057,2.511943,1.823468
199200,a8x6/fzdaAIGhrSSMcDVTLQpso387VSzXHzGsGF6o/BX3meFwZEhKYproEJfU0Bs,1.000125,3.239102,1.9211880000000001
199500,a8x6/fzdaAIGhrSSMcDVTLQpso387VSzXHzGsGF6o/BX3meFwZEhKYproEJfU0Bs,1.519817,2.744873,2.035823
199800,a8x6/fzdaAIGhrSSMcDVTLQpso387VSzXHzGsGF6o/BX3meFwZEhKYproEJfU0Bs,1.034295,29.671145000000003,4.598076
200100,a8x6/fzdaAIGhrSSMcDVTLQpso387VSzXHzGsGF6o/BX3meFwZEhKYproEJfU0Bs,1.496221,3.120663,1.951662
200400,a8x6/fzdaAIGhrSSMcDVTLQpso387VSzXHzGsGF6o/BX3meFwZEhKYproEJfU0Bs,1.414161,2.554904,1.968127
200700,a8x6/fzdaAIGhrSSMcDVTLQpso387VSzXHzGsGF6o/BX3meFwZEhKYproEJfU0Bs,1.5820940000000001,2.532196,1.9942529999999998
201000,a8x6/fzdaAIGhrSSMcDVTLQpso387VSzXHzGsGF6o/BX3meFwZEhKYproEJfU0Bs,1.468456,2.921857,1.930398
201300,a8x6/fzdaAIGhrSSMcDVTLQpso387VSzXHzGsGF6o/BX3meFwZEhKYproEJfU0Bs,1.46269,2.539615,2.0217560000000003
201600,a8x6/fzdaAIGhrSSMcDVTLQpso387VSzXHzGsGF6o/BX3meFwZEhKYproEJfU0Bs,1.396991,2.441018,1.8318419999999997
201900,a8x6/fzdaAIGhrSSMcDVTLQpso387VSzXHzGsGF6o/BX3meFwZEhKYproEJfU0Bs,1.463243,3.181098,2.040624
202200,a8x6/fzdaAIGhrSSMcDVTLQpso387VSzXHzGsGF6o/BX3meFwZEhKYproEJfU0Bs,1.467706,2.7774650000000003,2.051581
202500,a8x6/fzdaAIGhrSSMcDVTLQpso387VSzXHzGsGF6o/BX3meFwZEhKYproEJfU0Bs,1.433054,2.539495,1.851418
202800,a8x6/fzdaAIGhrSSMcDVTLQpso387VSzXHzGsGF6o/BX3meFwZEhKYproEJfU0Bs,1.428857,3.215234,1.94022
203100,a8x6/fzdaAIGhrSSMcDVTLQpso387VSzXHzGsGF6o/BX3meFwZEhKYproEJfU0Bs,1.455864,3.9665269999999997,2.188412
203400,a8x6/fzdaAIGhrSSMcDVTLQpso387VSzXHzGsGF6o/BX3meFwZEhKYproEJfU0Bs,1.467857,98.57963000000001,11.57723
203700,a8x6/fzdaAIGhrSSMcDVTLQpso387VSzXHzGsGF6o/BX3meFwZEhKYproEJfU0Bs,1.515516,4.268859,2.2210400000000003
204000,a8x6/fzdaAIGhrSSMcDVTLQpso387VSzXHzGsGF6o/BX3meFwZEhKYproEJfU0Bs,1.412525,2.588937,1.9411939999999999
204300,a8x6/fzdaAIGhrSSMcDVTLQpso387VSzXHzGsGF6o/BX3meFwZEhKYproEJfU0Bs,1.447734,3.379778,1.960452
204600,a8x6/fzdaAIGhrSSMcDVTLQpso387VSzXHzGsGF6o/BX3meFwZEhKYproEJfU0Bs,1.193473,3.106791,1.8837279999999998
204900,a8x6/fzdaAIGhrSSMcDVTLQpso387VSzXHzGsGF6o/BX3meFwZEhKYproEJfU0Bs,1.3950790000000002,2.567282,1.871128
205200,a8x6/fzdaAIGhrSSMcDVTLQpso387VSzXHzGsGF6o/BX3meFwZEhKYproEJfU0Bs,1.3707559999999999,3.14451,1.9685110000000001
205500,a8x6/fzdaAIGhrSSMcDVTLQpso387VSzXHzGsGF6o/BX3meFwZEhKYproEJfU0Bs,1.4585700000000001,3.112631,1.8972220000000002
205800,a8x6/fzdaAIGhrSSMcDVTLQpso387VSzXHzGsGF6o/BX3meFwZEhKYproEJfU0Bs,1.464417,3.019724,2.004053
206100,a8x6/fzdaAIGhrSSMcDVTLQpso387VSzXHzGsGF6o/BX3meFwZEhKYproEJfU0Bs,1.438501,3.07935,1.979007
206400,a8x6/fzdaAIGhrSSMcDVTLQpso387VSzXHzGsGF6o/BX3meFwZEhKYproEJfU0Bs,1.458197,3.040953,1.8992689999999999
206700,a8x6/fzdaAIGhrSSMcDVTLQpso387VSzXHzGsGF6o/BX3meFwZEhKYproEJfU0Bs,1.455778,2.507894,1.971945
207000,a8x6/fzdaAIGhrSSMcDVTLQpso387VSzXHzGsGF6o/BX3meFwZEhKYproEJfU0Bs,1.388953,3.032155,1.9546709999999998
207300,a8x6/fzdaAIGhrSSMcDVTLQpso387VSzXHzGsGF6o/BX3meFwZEhKYproEJfU0Bs,1.453905,29.963813000000002,4.823993
207600,a8x6/fzdaAIGhrSSMcDVTLQpso387VSzXHzGsGF6o/BX3meFwZEhKYproEJfU0Bs,1.421334,2.493424,1.809681
207900,a8x6/fzdaAIGhrSSMcDVTLQpso387VSzXHzGsGF6o/BX3meFwZEhKYproEJfU0Bs,1.2745790000000001,3.114188,1.8881189999999999
208200,a8x6/fzdaAIGhrSSMcDVTLQpso387VSzXHzGsGF6o/BX3meFwZEhKYproEJfU0Bs,1.465975,2.962663,1.919388
208500,a8x6/fzdaAIGhrSSMcDVTLQpso387VSzXHzGsGF6o/BX3meFwZEhKYproEJfU0Bs,1.481838,2.701715,1.8275549999999998
208800,a8x6/fzdaAIGhrSSMcDVTLQpso387VSzXHzGsGF6o/BX3meFwZEhKYproEJfU0Bs,1.348607,3.184482,1.7913880000000002
209100,a8x6/fzdaAIGhrSSMcDVTLQpso387VSzXHzGsGF6o/BX3meFwZEhKYproEJfU0Bs,1.42334,3.202893,1.898048
209400,a8x6/fzdaAIGhrSSMcDVTLQpso387VSzXHzGsGF6o/BX3meFwZEhKYproEJfU0Bs,1.34609,2.459727,1.788946
209700,a8x6/fzdaAIGhrSSMcDVTLQpso387VSzXHzGsGF6o/BX3meFwZEhKYproEJfU0Bs,1.310908,3.065963,1.787295
210000,a8x6/fzdaAIGhrSSMcDVTLQpso387VSzXHzGsGF6o/BX3meFwZEhKYproEJfU0Bs,1.380366,3.191642,1.8613169999999999
210300,a8x6/fzdaAIGhrSSMcDVTLQpso387VSzXHzGsGF6o/BX3meFwZEhKYproEJfU0Bs,1.393473,3.031815,1.8584330000000002
210600,a8x6/fzdaAIGhrSSMcDVTLQpso387VSzXHzGsGF6o/BX3meFwZEhKYproEJfU0Bs,1.418539,2.90435,1.8423509999999998
210900,a8x6/fzdaAIGhrSSMcDVTLQpso387VSzXHzGsGF6o/BX3meFwZEhKYproEJfU0Bs,1.42882,31.724553999999998,4.92781
211200,a8x6/fzdaAIGhrSSMcDVTLQpso387VSzXHzGsGF6o/BX3meFwZEhKYproEJfU0Bs,1.397916,2.86285,1.8006939999999998
211500,a8x6/fzdaAIGhrSSMcDVTLQpso387VSzXHzGsGF6o/BX3meFwZEhKYproEJfU0Bs,1.438718,2.9759330000000004,1.869229
211800,a8x6/fzdaAIGhrSSMcDVTLQpso387VSzXHzGsGF6o/BX3meFwZEhKYproEJfU0Bs,1.452349,3.034928,1.852153
212100,a8x6/fzdaAIGhrSSMcDVTLQpso387VSzXHzGsGF6o/BX3meFwZEhKYproEJfU0Bs,1.454442,2.518395,1.8212220000000001
212400,a8x6/fzdaAIGhrSSMcDVTLQpso387VSzXHzGsGF6o/BX3meFwZEhKYproEJfU0Bs,1.37342,3.027955,1.849132
212700,a8x6/fzdaAIGhrSSMcDVTLQpso387VSzXHzGsGF6o/BX3meFwZEhKYproEJfU0Bs,1.454424,3.249857,2.010452
213000,a8x6/fzdaAIGhrSSMcDVTLQpso387VSzXHzGsGF6o/BX3meFwZEhKYproEJfU0Bs,1.34122,2.506227,1.8182349999999998
213300,a8x6/fzdaAIGhrSSMcDVTLQpso387VSzXHzGsGF6o/BX3meFwZEhKYproEJfU0Bs,1.412676,3.0591180000000002,1.9719240000000002
213600,a8x6/fzdaAIGhrSSMcDVTLQpso387VSzXHzGsGF6o/BX3meFwZEhKYproEJfU0Bs,1.408036,3.037648,1.869001
213900,a8x6/fzdaAIGhrSSMcDVTLQpso387VSzXHzGsGF6o/BX3meFwZEhKYproEJfU0Bs,1.462582,2.548652,1.8035849999999998
214200,a8x6/fzdaAIGhrSSMcDVTLQpso387VSzXHzGsGF6o/BX3meFwZEhKYproEJfU0Bs,1.442061,3.1157060000000003,1.894482
214500,a8x6/fzdaAIGhrSSMcDVTLQpso387VSzXHzGsGF6o/BX3meFwZEhKYproEJfU0Bs,1.461338,18.002642,5.067913
214800,a8x6/fzdaAIGhrSSMcDVTLQpso387VSzXHzGsGF6o/BX3meFwZEhKYproEJfU0Bs,1.4343110000000001,2.5364880000000003,1.845862
215100,a8x6/fzdaAIGhrSSMcDVTLQpso387VSzXHzGsGF6o/BX3meFwZEhKYproEJfU0Bs,1.4768629999999998,2.9075189999999997,1.946088
215400,a8x6/fzdaAIGhrSSMcDVTLQpso387VSzXHzGsGF6o/BX3meFwZEhKYproEJfU0Bs,0.917851,3.02123,1.875735
215700,a8x6/fzdaAIGhrSSMcDVTLQpso387VSzXHzGsGF6o/BX3meFwZEhKYproEJfU0Bs,1.513694,2.505059,1.8702439999999998
216000,a8x6/fzdaAIGhrSSMcDVTLQpso387VSzXHzGsGF6o/BX3meFwZEhKYproEJfU0Bs,1.40584,2.836546,1.9677650000000002
216300,a8x6/fzdaAIGhrSSMcDVTLQpso387VSzXHzGsGF6o/BX3meFwZEhKYproEJfU0Bs,1.513786,3.086011,1.977971
216600,a8x6/fzdaAIGhrSSMcDVTLQpso387VSzXHzGsGF6o/BX3meFwZEhKYproEJfU0Bs,1.4044290000000001,2.608741,1.843329
216900,a8x6/fzdaAIGhrSSMcDVTLQpso387VSzXHzGsGF6o/BX3meFwZEhKYproEJfU0Bs,1.340374,48.760833,10.550444
217200,a8x6/fzdaAIGhrSSMcDVTLQpso387VSzXHzGsGF6o/BX3meFwZEhKYproEJfU0Bs,1.349995,3.634181,1.919599
217500,a8x6/fzdaAIGhrSSMcDVTLQpso387VSzXHzGsGF6o/BX3meFwZEhKYproEJfU0Bs,1.218107,2.531732,1.7394490000000002
217800,a8x6/fzdaAIGhrSSMcDVTLQpso387VSzXHzGsGF6o/BX3meFwZEhKYproEJfU0Bs,1.268048,3.20247,1.8380020000000001
218100,a8x6/fzdaAIGhrSSMcDVTLQpso387VSzXHzGsGF6o/BX3meFwZEhKYproEJfU0Bs,1.471615,33.43136,5.097576
218400,a8x6/fzdaAIGhrSSMcDVTLQpso387VSzXHzGsGF6o/BX3meFwZEhKYproEJfU0Bs,1.387642,2.6611380000000002,1.7882490000000002
218700,a8x6/fzdaAIGhrSSMcDVTLQpso387VSzXHzGsGF6o/BX3meFwZEhKYproEJfU0Bs,1.393793,3.151617,1.868039
219000,a8x6/fzdaAIGhrSSMcDVTLQpso387VSzXHzGsGF6o/BX3meFwZEhKYproEJfU0Bs,1.520446,2.612873,1.9793450000000001
219300,a8x6/fzdaAIGhrSSMcDVTLQpso387VSzXHzGsGF6o/BX3meFwZEhKYproEJfU0Bs,1.35314,2.749405,1.892148
219600,a8x6/fzdaAIGhrSSMcDVTLQpso387VSzXHzGsGF6o/BX3meFwZEhKYproEJfU0Bs,1.376718,3.164686,1.854402
219900,a8x6/fzdaAIGhrSSMcDVTLQpso387VSzXHzGsGF6o/BX3meFwZEhKYproEJfU0Bs,1.439443,2.612447,1.987055
220200,a8x6/fzdaAIGhrSSMcDVTLQpso387VSzXHzGsGF6o/BX3meFwZEhKYproEJfU0Bs,1.448921,2.4742509999999998,1.862267
220500,a8x6/fzdaAIGhrSSMcDVTLQpso387VSzXHzGsGF6o/BX3meFwZEhKYproEJfU0Bs,1.447258,3.195641,1.882753
220800,a8x6/fzdaAIGhrSSMcDVTLQpso387VSzXHzGsGF6o/BX3meFwZEhKYproEJfU0Bs,1.439232,2.651722,1.882177
221100,a8x6/fzdaAIGhrSSMcDVTLQpso387VSzXHzGsGF6o/BX3meFwZEhKYproEJfU0Bs,1.458496,2.545134,1.8408380000000002
221400,a8x6/fzdaAIGhrSSMcDVTLQpso387VSzXHzGsGF6o/BX3meFwZEhKYproEJfU0Bs,0.8074819999999999,3.24231,1.825675
221700,a8x6/fzdaAIGhrSSMcDVTLQpso387VSzXHzGsGF6o/BX3meFwZEhKYproEJfU0Bs,1.4172209999999998,28.457463,4.904578
222000,a8x6/fzdaAIGhrSSMcDVTLQpso387VSzXHzGsGF6o/BX3meFwZEhKYproEJfU0Bs,1.417545,2.6663759999999996,1.74958
222300,a8x6/fzdaAIGhrSSMcDVTLQpso387VSzXHzGsGF6o/BX3meFwZEhKYproEJfU0Bs,1.422944,3.300477,1.920722
222600,a8x6/fzdaAIGhrSSMcDVTLQpso387VSzXHzGsGF6o/BX3meFwZEhKYproEJfU0Bs,1.414973,2.657196,1.99833
222900,a8x6/fzdaAIGhrSSMcDVTLQpso387VSzXHzGsGF6o/BX3meFwZEhKYproEJfU0Bs,1.230512,2.612565,1.916284
223200,a8x6/fzdaAIGhrSSMcDVTLQpso387VSzXHzGsGF6o/BX3meFwZEhKYproEJfU0Bs,1.4499600000000001,3.155351,1.905325
223500,a8x6/fzdaAIGhrSSMcDVTLQpso387VSzXHzGsGF6o/BX3meFwZEhKYproEJfU0Bs,0.973493,2.531775,1.8063330000000002
223800,a8x6/fzdaAIGhrSSMcDVTLQpso387VSzXHzGsGF6o/BX3meFwZEhKYproEJfU0Bs,1.4868540000000001,2.6269240000000003,1.9015830000000002
224100,a8x6/fzdaAIGhrSSMcDVTLQpso387VSzXHzGsGF6o/BX3meFwZEhKYproEJfU0Bs,1.4833690000000002,3.269773,1.974861
224400,a8x6/fzdaAIGhrSSMcDVTLQpso387VSzXHzGsGF6o/BX3meFwZEhKYproEJfU0Bs,1.497798,2.624373,1.966102
224700,a8x6/fzdaAIGhrSSMcDVTLQpso387VSzXHzGsGF6o/BX3meFwZEhKYproEJfU0Bs,1.085005,2.593739,1.77985
225000,a8x6/fzdaAIGhrSSMcDVTLQpso387VSzXHzGsGF6o/BX3meFwZEhKYproEJfU0Bs,1.477803,3.7950809999999997,1.9890330000000003
225300,a8x6/fzdaAIGhrSSMcDVTLQpso387VSzXHzGsGF6o/BX3meFwZEhKYproEJfU0Bs,1.554907,30.371913,4.837385
225600,a8x6/fzdaAIGhrSSMcDVTLQpso387VSzXHzGsGF6o/BX3meFwZEhKYproEJfU0Bs,1.501891,2.498709,1.933718
225900,a8x6/fzdaAIGhrSSMcDVTLQpso387VSzXHzGsGF6o/BX3meFwZEhKYproEJfU0Bs,1.500334,3.242282,1.9567869999999998
226200,a8x6/fzdaAIGhrSSMcDVTLQpso387VSzXHzGsGF6o/BX3meFwZEhKYproEJfU0Bs,1.52095,2.542646,2.0067720000000002
226500,a8x6/fzdaAIGhrSSMcDVTLQpso387VSzXHzGsGF6o/BX3meFwZEhKYproEJfU0Bs,1.54165,2.620188,1.9441669999999998
226800,a8x6/fzdaAIGhrSSMcDVTLQpso387VSzXHzGsGF6o/BX3meFwZEhKYproEJfU0Bs,1.534305,3.092032,1.949111
227100,a8x6/fzdaAIGhrSSMcDVTLQpso387VSzXHzGsGF6o/BX3meFwZEhKYproEJfU0Bs,1.564869,21.339879,4.158982
227400,a8x6/fzdaAIGhrSSMcDVTLQpso387VSzXHzGsGF6o/BX3meFwZEhKYproEJfU0Bs,1.3544889999999998,2.739239,1.916265
227700,a8x6/fzdaAIGhrSSMcDVTLQpso387VSzXHzGsGF6o/BX3meFwZEhKYproEJfU0Bs,1.519993,3.0838419999999998,1.9691509999999999
228000,a8x6/fzdaAIGhrSSMcDVTLQpso387VSzXHzGsGF6o/BX3meFwZEhKYproEJfU0Bs,1.038465,2.5201439999999997,1.951036
228300,a8x6/fzdaAIGhrSSMcDVTLQpso387VSzXHzGsGF6o/BX3meFwZEhKYproEJfU0Bs,1.362114,2.680242,2.0123330000000004
228600,a8x6/fzdaAIGhrSSMcDVTLQpso387VSzXHzGsGF6o/BX3meFwZEhKYproEJfU0Bs,1.508938,3.24211,1.9669150000000002
228900,a8x6/fzdaAIGhrSSMcDVTLQpso387VSzXHzGsGF6o/BX3meFwZEhKYproEJfU0Bs,1.491803,31.024459999999998,4.77284
229200,a8x6/fzdaAIGhrSSMcDVTLQpso387VSzXHzGsGF6o/BX3meFwZEhKYproEJfU0Bs,1.532932,2.6167130000000003,1.915043
229500,a8x6/fzdaAIGhrSSMcDVTLQpso387VSzXHzGsGF6o/BX3meFwZEhKYproEJfU0Bs,1.217188,3.213936,1.943515
229800,a8x6/fzdaAIGhrSSMcDVTLQpso387VSzXHzGsGF6o/BX3meFwZEhKYproEJfU0Bs,1.498315,2.410055,1.9181419999999998
230100,a8x6/fzdaAIGhrSSMcDVTLQpso387VSzXHzGsGF6o/BX3meFwZEhKYproEJfU0Bs,1.472602,2.90675,1.9011939999999998
230400,a8x6/fzdaAIGhrSSMcDVTLQpso387VSzXHzGsGF6o/BX3meFwZEhKYproEJfU0Bs,1.528887,3.05306,1.923644
230700,a8x6/fzdaAIGhrSSMcDVTLQpso387VSzXHzGsGF6o/BX3meFwZEhKYproEJfU0Bs,1.493208,2.5297560000000003,1.874781
231000,a8x6/fzdaAIGhrSSMcDVTLQpso387VSzXHzGsGF6o/BX3meFwZEhKYproEJfU0Bs,1.5428110000000002,3.452589,2.053619
231300,a8x6/fzdaAIGhrSSMcDVTLQpso387VSzXHzGsGF6o/BX3meFwZEhKYproEJfU0Bs,1.4955479999999999,3.5375949999999996,1.9788869999999998
231600,a8x6/fzdaAIGhrSSMcDVTLQpso387VSzXHzGsGF6o/BX3meFwZEhKYproEJfU0Bs,0.844521,2.522944,1.696979
231900,a8x6/fzdaAIGhrSSMcDVTLQpso387VSzXHzGsGF6o/BX3meFwZEhKYproEJfU0Bs,1.51173,3.524639,2.0499560000000003
232200,a8x6/fzdaAIGhrSSMcDVTLQpso387VSzXHzGsGF6o/BX3meFwZEhKYproEJfU0Bs,1.496425,3.214041,1.93998
232500,a8x6/fzdaAIGhrSSMcDVTLQpso387VSzXHzGsGF6o/BX3meFwZEhKYproEJfU0Bs,1.469075,18.379274,4.71813
232800,a8x6/fzdaAIGhrSSMcDVTLQpso387VSzXHzGsGF6o/BX3meFwZEhKYproEJfU0Bs,1.114499,3.6774459999999998,1.892051
233100,a8x6/fzdaAIGhrSSMcDVTLQpso387VSzXHzGsGF6o/BX3meFwZEhKYproEJfU0Bs,1.47458,3.1985349999999997,1.945171
233400,a8x6/fzdaAIGhrSSMcDVTLQpso387VSzXHzGsGF6o/BX3meFwZEhKYproEJfU0Bs,1.486122,2.559081,1.8504490000000002
233700,a8x6/fzdaAIGhrSSMcDVTLQpso387VSzXHzGsGF6o/BX3meFwZEhKYproEJfU0Bs,1.576483,3.5815449999999998,2.144823
234000,a8x6/fzdaAIGhrSSMcDVTLQpso387VSzXHzGsGF6o/BX3meFwZEhKYproEJfU0Bs,1.436107,3.100085,1.9195740000000001
234300,a8x6/fzdaAIGhrSSMcDVTLQpso387VSzXHzGsGF6o/BX3meFwZEhKYproEJfU0Bs,1.207484,2.602794,1.7578650000000002
234600,a8x6/fzdaAIGhrSSMcDVTLQpso387VSzXHzGsGF6o/BX3meFwZEhKYproEJfU0Bs,1.5172649999999999,3.544464,2.02603
234900,a8x6/fzdaAIGhrSSMcDVTLQpso387VSzXHzGsGF6o/BX3meFwZEhKYproEJfU0Bs,0.650606,3.274507,1.84235
235200,a8x6/fzdaAIGhrSSMcDVTLQpso387VSzXHzGsGF6o/BX3meFwZEhKYproEJfU0Bs,1.473459,2.5443029999999998,1.8413970000000002
235500,a8x6/fzdaAIGhrSSMcDVTLQpso387VSzXHzGsGF6o/BX3meFwZEhKYproEJfU0Bs,0.806008,3.6745650000000003,1.846273
235800,a8x6/fzdaAIGhrSSMcDVTLQpso387VSzXHzGsGF6o/BX3meFwZEhKYproEJfU0Bs,1.493516,3.201314,1.931614
236100,a8x6/fzdaAIGhrSSMcDVTLQpso387VSzXHzGsGF6o/BX3meFwZEhKYproEJfU0Bs,1.43926,29.763703999999997,4.646699
236400,a8x6/fzdaAIGhrSSMcDVTLQpso387VSzXHzGsGF6o/BX3meFwZEhKYproEJfU0Bs,1.470912,3.451076,1.9981830000000003
236700,a8x6/fzdaAIGhrSSMcDVTLQpso387VSzXHzGsGF6o/BX3meFwZEhKYproEJfU0Bs,1.449797,3.3162910000000005,1.934353
237000,a8x6/fzdaAIGhrSSMcDVTLQpso387VSzXHzGsGF6o/BX3meFwZEhKYproEJfU0Bs,1.340372,2.497273,1.759009
237300,a8x6/fzdaAIGhrSSMcDVTLQpso387VSzXHzGsGF6o/BX3meFwZEhKYproEJfU0Bs,1.5059280000000002,3.4111769999999995,2.013449
237600,a8x6/fzdaAIGhrSSMcDVTLQpso387VSzXHzGsGF6o/BX3meFwZEhKYproEJfU0Bs,0.986524,3.1098,1.8652279999999999
237900,a8x6/fzdaAIGhrSSMcDVTLQpso387VSzXHzGsGF6o/BX3meFwZEhKYproEJfU0Bs,1.452412,2.6338529999999998,1.8477
238200,a8x6/fzdaAIGhrSSMcDVTLQpso387VSzXHzGsGF6o/BX3meFwZEhKYproEJfU0Bs,1.439516,3.500438,1.929427
238500,a8x6/fzdaAIGhrSSMcDVTLQpso387VSzXHzGsGF6o/BX3meFwZEhKYproEJfU0Bs,1.536816,3.278765,1.973688
238800,a8x6/fzdaAIGhrSSMcDVTLQpso387VSzXHzGsGF6o/BX3meFwZEhKYproEJfU0Bs,0.700377,2.501468,1.7978299999999998
239100,a8x6/fzdaAIGhrSSMcDVTLQpso387VSzXHzGsGF6o/BX3meFwZEhKYproEJfU0Bs,0.822574,3.4885919999999997,1.9231369999999999
239400,a8x6/fzdaAIGhrSSMcDVTLQpso387VSzXHzGsGF6o/BX3meFwZEhKYproEJfU0Bs,1.461681,3.2986199999999997,1.9502169999999999
239700,a8x6/fzdaAIGhrSSMcDVTLQpso387VSzXHzGsGF6o/BX3meFwZEhKYproEJfU0Bs,1.526081,30.010488,4.646596
240000,a8x6/fzdaAIGhrSSMcDVTLQpso387VSzXHzGsGF6o/BX3meFwZEhKYproEJfU0Bs,1.451782,3.50031,1.9833939999999999
240300,a8x6/fzdaAIGhrSSMcDVTLQpso387VSzXHzGsGF6o/BX3meFwZEhKYproEJfU0Bs,1.4928700000000001,3.235536,2.024715
240600,a8x6/fzdaAIGhrSSMcDVTLQpso387VSzXHzGsGF6o/BX3meFwZEhKYproEJfU0Bs,1.46349,2.542656,1.85337
240900,a8x6/fzdaAIGhrSSMcDVTLQpso387VSzXHzGsGF6o/BX3meFwZEhKYproEJfU0Bs,1.271822,3.5993699999999995,1.9784
241200,a8x6/fzdaAIGhrSSMcDVTLQpso387VSzXHzGsGF6o/BX3meFwZEhKYproEJfU0Bs,1.493242,3.10813,2.012159
241500,a8x6/fzdaAIGhrSSMcDVTLQpso387VSzXHzGsGF6o/BX3meFwZEhKYproEJfU0Bs,1.503953,2.4977970000000003,1.928591
241800,a8x6/fzdaAIGhrSSMcDVTLQpso387VSzXHzGsGF6o/BX3meFwZEhKYproEJfU0Bs,1.431463,3.3802559999999997,1.994273
242100,a8x6/fzdaAIGhrSSMcDVTLQpso387VSzXHzGsGF6o/BX3meFwZEhKYproEJfU0Bs,1.526367,3.260152,1.951801
242400,a8x6/fzdaAIGhrSSMcDVTLQpso387VSzXHzGsGF6o/BX3meFwZEhKYproEJfU0Bs,1.496453,10.042797,2.6983900000000003
242700,a8x6/fzdaAIGhrSSMcDVTLQpso387VSzXHzGsGF6o/BX3meFwZEhKYproEJfU0Bs,1.51908,3.367318,2.03432
243000,a8x6/fzdaAIGhrSSMcDVTLQpso387VSzXHzGsGF6o/BX3meFwZEhKYproEJfU0Bs,1.429365,3.013748,1.928148
243300,a8x6/fzdaAIGhrSSMcDVTLQpso387VSzXHzGsGF6o/BX3meFwZEhKYproEJfU0Bs,1.484261,16.730651,4.681608
243600,a8x6/fzdaAIGhrSSMcDVTLQpso387VSzXHzGsGF6o/BX3meFwZEhKYproEJfU0Bs,1.023124,3.271576,1.868414
243900,a8x6/fzdaAIGhrSSMcDVTLQpso387VSzXHzGsGF6o/BX3meFwZEhKYproEJfU0Bs,1.480728,2.572302,1.981194
244200,a8x6/fzdaAIGhrSSMcDVTLQpso387VSzXHzGsGF6o/BX3meFwZEhKYproEJfU0Bs,1.127361,2.558303,1.798297
244500,a8x6/fzdaAIGhrSSMcDVTLQpso387VSzXHzGsGF6o/BX3meFwZEhKYproEJfU0Bs,1.498493,3.1041790000000002,1.9583409999999999
244800,a8x6/fzdaAIGhrSSMcDVTLQpso387VSzXHzGsGF6o/BX3meFwZEhKYproEJfU0Bs,1.479681,2.515922,1.9285169999999998
245100,a8x6/fzdaAIGhrSSMcDVTLQpso387VSzXHzGsGF6o/BX3meFwZEhKYproEJfU0Bs,1.383981,2.450584,1.786066
245400,a8x6/fzdaAIGhrSSMcDVTLQpso387VSzXHzGsGF6o/BX3meFwZEhKYproEJfU0Bs,1.493411,3.2569619999999997,2.0099270000000002
245700,a8x6/fzdaAIGhrSSMcDVTLQpso387VSzXHzGsGF6o/BX3meFwZEhKYproEJfU0Bs,1.488197,69.87437,15.029110999999999
246000,a8x6/fzdaAIGhrSSMcDVTLQpso387VSzXHzGsGF6o/BX3meFwZEhKYproEJfU0Bs,1.486474,3.1760650000000004,2.008498
246300,a8x6/fzdaAIGhrSSMcDVTLQpso387VSzXHzGsGF6o/BX3meFwZEhKYproEJfU0Bs,1.4891510000000001,3.4268410000000005,2.081306
246600,a8x6/fzdaAIGhrSSMcDVTLQpso387VSzXHzGsGF6o/BX3meFwZEhKYproEJfU0Bs,1.5052,2.583878,1.9696200000000001
246900,a8x6/fzdaAIGhrSSMcDVTLQpso387VSzXHzGsGF6o/BX3meFwZEhKYproEJfU0Bs,1.473364,29.760091999999997,4.786393
247200,a8x6/fzdaAIGhrSSMcDVTLQpso387VSzXHzGsGF6o/BX3meFwZEhKYproEJfU0Bs,1.515506,3.296299,2.03995
247500,a8x6/fzdaAIGhrSSMcDVTLQpso387VSzXHzGsGF6o/BX3meFwZEhKYproEJfU0Bs,1.497857,2.71493,2.001201
247800,a8x6/fzdaAIGhrSSMcDVTLQpso387VSzXHzGsGF6o/BX3meFwZEhKYproEJfU0Bs,1.275413,2.502854,1.7368759999999999
248100,a8x6/fzdaAIGhrSSMcDVTLQpso387VSzXHzGsGF6o/BX3meFwZEhKYproEJfU0Bs,1.423437,3.256662,1.949168
248400,a8x6/fzdaAIGhrSSMcDVTLQpso387VSzXHzGsGF6o/BX3meFwZEhKYproEJfU0Bs,0.897217,2.514164,1.852866
248700,a8x6/fzdaAIGhrSSMcDVTLQpso387VSzXHzGsGF6o/BX3meFwZEhKYproEJfU0Bs,1.492751,2.662845,1.877447
249000,a8x6/fzdaAIGhrSSMcDVTLQpso387VSzXHzGsGF6o/BX3meFwZEhKYproEJfU0Bs,1.430931,3.057244,1.932289
249300,a8x6/fzdaAIGhrSSMcDVTLQpso387VSzXHzGsGF6o/BX3meFwZEhKYproEJfU0Bs,1.467877,2.4870200000000002,1.928881
249600,a8x6/fzdaAIGhrSSMcDVTLQpso387VSzXHzGsGF6o/BX3meFwZEhKYproEJfU0Bs,1.0984,2.4750669999999997,1.7926419999999998
249900,a8x6/fzdaAIGhrSSMcDVTLQpso387VSzXHzGsGF6o/BX3meFwZEhKYproEJfU0Bs,1.036663,3.107279,1.944609
250200,a8x6/fzdaAIGhrSSMcDVTLQpso387VSzXHzGsGF6o/BX3meFwZEhKYproEJfU0Bs,1.4525350000000001,2.6733689999999997,1.983439
250500,a8x6/fzdaAIGhrSSMcDVTLQpso387VSzXHzGsGF6o/BX3meFwZEhKYproEJfU0Bs,1.1594229999999999,29.499059999999997,4.525142
250800,a8x6/fzdaAIGhrSSMcDVTLQpso387VSzXHzGsGF6o/BX3meFwZEhKYproEJfU0Bs,1.420741,3.238095,1.9940369999999998
251100,a8x6/fzdaAIGhrSSMcDVTLQpso387VSzXHzGsGF6o/BX3meFwZEhKYproEJfU0Bs,1.450345,2.512709,1.974773
251400,a8x6/fzdaAIGhrSSMcDVTLQpso387VSzXHzGsGF6o/BX3meFwZEhKYproEJfU0Bs,1.522283,2.425119,1.8653119999999999
251700,a8x6/fzdaAIGhrSSMcDVTLQpso387VSzXHzGsGF6o/BX3meFwZEhKYproEJfU0Bs,1.456774,2.9878880000000003,1.971416
252000,a8x6/fzdaAIGhrSSMcDVTLQpso387VSzXHzGsGF6o/BX3meFwZEhKYproEJfU0Bs,1.488718,2.389217,1.897132
252300,a8x6/fzdaAIGhrSSMcDVTLQpso387VSzXHzGsGF6o/BX3meFwZEhKYproEJfU0Bs,1.494262,2.630139,1.8951959999999999
252600,a8x6/fzdaAIGhrSSMcDVTLQpso387VSzXHzGsGF6o/BX3meFwZEhKYproEJfU0Bs,1.457892,3.1636759999999997,2.064032
252900,a8x6/fzdaAIGhrSSMcDVTLQpso387VSzXHzGsGF6o/BX3meFwZEhKYproEJfU0Bs,1.417727,2.593464,1.90937
253200,a8x6/fzdaAIGhrSSMcDVTLQpso387VSzXHzGsGF6o/BX3meFwZEhKYproEJfU0Bs,1.4974459999999998,2.905395,1.950943
253500,a8x6/fzdaAIGhrSSMcDVTLQpso387VSzXHzGsGF6o/BX3meFwZEhKYproEJfU0Bs,1.535484,7.260861,2.710118
253800,a8x6/fzdaAIGhrSSMcDVTLQpso387VSzXHzGsGF6o/BX3meFwZEhKYproEJfU0Bs,1.546927,13.064952,4.095562
254100,a8x6/fzdaAIGhrSSMcDVTLQpso387VSzXHzGsGF6o/BX3meFwZEhKYproEJfU0Bs,1.463608,24.892294,4.841648
254400,a8x6/fzdaAIGhrSSMcDVTLQpso387VSzXHzGsGF6o/BX3meFwZEhKYproEJfU0Bs,1.1582,3.122861,1.975512
254700,a8x6/fzdaAIGhrSSMcDVTLQpso387VSzXHzGsGF6o/BX3meFwZEhKYproEJfU0Bs,1.391809,2.629886,1.9692509999999999
255000,a8x6/fzdaAIGhrSSMcDVTLQpso387VSzXHzGsGF6o/BX3meFwZEhKYproEJfU0Bs,1.229301,2.446199,1.7894240000000001
255300,a8x6/fzdaAIGhrSSMcDVTLQpso387VSzXHzGsGF6o/BX3meFwZEhKYproEJfU0Bs,1.200083,2.935781,1.927891
255600,a8x6/fzdaAIGhrSSMcDVTLQpso387VSzXHzGsGF6o/BX3meFwZEhKYproEJfU0Bs,1.368571,2.2728349999999997,1.856882
255900,a8x6/fzdaAIGhrSSMcDVTLQpso387VSzXHzGsGF6o/BX3meFwZEhKYproEJfU0Bs,1.368119,2.246506,1.7266849999999998
256200,a8x6/fzdaAIGhrSSMcDVTLQpso387VSzXHzGsGF6o/BX3meFwZEhKYproEJfU0Bs,1.386293,3.350529,2.009227
256500,a8x6/fzdaAIGhrSSMcDVTLQpso387VSzXHzGsGF6o/BX3meFwZEhKYproEJfU0Bs,1.466623,2.43242,1.720476
256800,a8x6/fzdaAIGhrSSMcDVTLQpso387VSzXHzGsGF6o/BX3meFwZEhKYproEJfU0Bs,1.3406420000000001,2.999845,1.901888
257100,a8x6/fzdaAIGhrSSMcDVTLQpso387VSzXHzGsGF6o/BX3meFwZEhKYproEJfU0Bs,1.4987219999999999,2.5520669999999996,1.8004470000000001
257400,a8x6/fzdaAIGhrSSMcDVTLQpso387VSzXHzGsGF6o/BX3meFwZEhKYproEJfU0Bs,1.39914,2.540873,1.835755
257700,a8x6/fzdaAIGhrSSMcDVTLQpso387VSzXHzGsGF6o/BX3meFwZEhKYproEJfU0Bs,1.256757,30.010309999999997,4.666666
258000,a8x6/fzdaAIGhrSSMcDVTLQpso387VSzXHzGsGF6o/BX3meFwZEhKYproEJfU0Bs,1.352096,3.365685,1.914478
258300,a8x6/fzdaAIGhrSSMcDVTLQpso387VSzXHzGsGF6o/BX3meFwZEhKYproEJfU0Bs,1.43021,3.0452209999999997,1.9132939999999998
258600,a8x6/fzdaAIGhrSSMcDVTLQpso387VSzXHzGsGF6o/BX3meFwZEhKYproEJfU0Bs,1.4500549999999999,2.717126,1.799504
258900,a8x6/fzdaAIGhrSSMcDVTLQpso387VSzXHzGsGF6o/BX3meFwZEhKYproEJfU0Bs,1.5086620000000002,3.341239,2.006681
259200,a8x6/fzdaAIGhrSSMcDVTLQpso387VSzXHzGsGF6o/BX3meFwZEhKYproEJfU0Bs,1.312444,2.512396,1.7149029999999998
259500,a8x6/fzdaAIGhrSSMcDVTLQpso387VSzXHzGsGF6o/BX3meFwZEhKYproEJfU0Bs,1.460216,4.018928,2.209807
259800,a8x6/fzdaAIGhrSSMcDVTLQpso387VSzXHzGsGF6o/BX3meFwZEhKYproEJfU0Bs,1.464013,2.6602509999999997,1.833591
260100,a8x6/fzdaAIGhrSSMcDVTLQpso387VSzXHzGsGF6o/BX3meFwZEhKYproEJfU0Bs,1.466782,2.623183,1.8949740000000002
260400,a8x6/fzdaAIGhrSSMcDVTLQpso387VSzXHzGsGF6o/BX3meFwZEhKYproEJfU0Bs,0.869825,3.199912,1.7964790000000002
260700,a8x6/fzdaAIGhrSSMcDVTLQpso387VSzXHzGsGF6o/BX3meFwZEhKYproEJfU0Bs,1.108853,3.407751,1.845748
261000,a8x6/fzdaAIGhrSSMcDVTLQpso387VSzXHzGsGF6o/BX3meFwZEhKYproEJfU0Bs,1.492975,2.696047,1.8734979999999999
261300,a8x6/fzdaAIGhrSSMcDVTLQpso387VSzXHzGsGF6o/BX3meFwZEhKYproEJfU0Bs,1.427468,29.162385999999998,4.55545
261600,a8x6/fzdaAIGhrSSMcDVTLQpso387VSzXHzGsGF6o/BX3meFwZEhKYproEJfU0Bs,1.444803,3.315254,1.9594349999999998
261900,a8x6/fzdaAIGhrSSMcDVTLQpso387VSzXHzGsGF6o/BX3meFwZEhKYproEJfU0Bs,0.73907,2.272302,1.6590639999999999
262200,a8x6/fzdaAIGhrSSMcDVTLQpso387VSzXHzGsGF6o/BX3meFwZEhKYproEJfU0Bs,1.409035,3.209007,1.9505
262500,a8x6/fzdaAIGhrSSMcDVTLQpso387VSzXHzGsGF6o/BX3meFwZEhKYproEJfU0Bs,0.886475,2.691312,1.778576
262800,a8x6/fzdaAIGhrSSMcDVTLQpso387VSzXHzGsGF6o/BX3meFwZEhKYproEJfU0Bs,1.4571319999999999,2.619165,1.937793
263100,a8x6/fzdaAIGhrSSMcDVTLQpso387VSzXHzGsGF6o/BX3meFwZEhKYproEJfU0Bs,1.464409,3.143663,1.901936
263400,a8x6/fzdaAIGhrSSMcDVTLQpso387VSzXHzGsGF6o/BX3meFwZEhKYproEJfU0Bs,1.022165,3.4541720000000002,1.951343
263700,a8x6/fzdaAIGhrSSMcDVTLQpso387VSzXHzGsGF6o/BX3meFwZEhKYproEJfU0Bs,1.439822,2.5045580000000003,1.893185
264000,a8x6/fzdaAIGhrSSMcDVTLQpso387VSzXHzGsGF6o/BX3meFwZEhKYproEJfU0Bs,1.016049,2.9664,1.9386
264300,a8x6/fzdaAIGhrSSMcDVTLQpso387VSzXHzGsGF6o/BX3meFwZEhKYproEJfU0Bs,1.510817,3.285933,2.031135
264600,a8x6/fzdaAIGhrSSMcDVTLQpso387VSzXHzGsGF6o/BX3meFwZEhKYproEJfU0Bs,1.4165729999999999,2.4276400000000002,1.884437
264900,a8x6/fzdaAIGhrSSMcDVTLQpso387VSzXHzGsGF6o/BX3meFwZEhKYproEJfU0Bs,1.472148,31.114755,4.76815
265200,a8x6/fzdaAIGhrSSMcDVTLQpso387VSzXHzGsGF6o/BX3meFwZEhKYproEJfU0Bs,1.4749700000000001,3.185171,2.010329
265500,a8x6/fzdaAIGhrSSMcDVTLQpso387VSzXHzGsGF6o/BX3meFwZEhKYproEJfU0Bs,1.4363270000000001,2.565902,1.8784009999999998
265800,a8x6/fzdaAIGhrSSMcDVTLQpso387VSzXHzGsGF6o/BX3meFwZEhKYproEJfU0Bs,1.2696969999999999,3.0359689999999997,1.866157
266100,a8x6/fzdaAIGhrSSMcDVTLQpso387VSzXHzGsGF6o/BX3meFwZEhKYproEJfU0Bs,0.9893149999999999,3.332521,1.9411580000000002
266400,a8x6/fzdaAIGhrSSMcDVTLQpso387VSzXHzGsGF6o/BX3meFwZEhKYproEJfU0Bs,1.469689,2.467451,1.853034
266700,a8x6/fzdaAIGhrSSMcDVTLQpso387VSzXHzGsGF6o/BX3meFwZEhKYproEJfU0Bs,1.2340229999999999,2.946962,1.8848599999999998
267000,a8x6/fzdaAIGhrSSMcDVTLQpso387VSzXHzGsGF6o/BX3meFwZEhKYproEJfU0Bs,1.464415,3.6720699999999997,2.034103
267300,a8x6/fzdaAIGhrSSMcDVTLQpso387VSzXHzGsGF6o/BX3meFwZEhKYproEJfU0Bs,1.376915,2.47579,1.8416290000000002
267600,a8x6/fzdaAIGhrSSMcDVTLQpso387VSzXHzGsGF6o/BX3meFwZEhKYproEJfU0Bs,1.414455,2.822146,1.9678900000000001
267900,a8x6/fzdaAIGhrSSMcDVTLQpso387VSzXHzGsGF6o/BX3meFwZEhKYproEJfU0Bs,1.44384,2.963308,2.026752
268200,a8x6/fzdaAIGhrSSMcDVTLQpso387VSzXHzGsGF6o/BX3meFwZEhKYproEJfU0Bs,1.401946,2.3000130000000003,1.829109
268500,a8x6/fzdaAIGhrSSMcDVTLQpso387VSzXHzGsGF6o/BX3meFwZEhKYproEJfU0Bs,1.453884,31.140913,4.722468
268800,a8x6/fzdaAIGhrSSMcDVTLQpso387VSzXHzGsGF6o/BX3meFwZEhKYproEJfU0Bs,0.8735200000000001,3.073473,1.847446
269100,a8x6/fzdaAIGhrSSMcDVTLQpso387VSzXHzGsGF6o/BX3meFwZEhKYproEJfU0Bs,1.437351,2.266408,1.8290220000000001
269400,a8x6/fzdaAIGhrSSMcDVTLQpso387VSzXHzGsGF6o/BX3meFwZEhKYproEJfU0Bs,0.927367,2.774779,1.824452
269700,a8x6/fzdaAIGhrSSMcDVTLQpso387VSzXHzGsGF6o/BX3meFwZEhKYproEJfU0Bs,1.4104,2.6015080000000004,1.9867439999999998
270000,a8x6/fzdaAIGhrSSMcDVTLQpso387VSzXHzGsGF6o/BX3meFwZEhKYproEJfU0Bs,1.215733,2.262422,1.7091450000000001
270300,a8x6/fzdaAIGhrSSMcDVTLQpso387VSzXHzGsGF6o/BX3meFwZEhKYproEJfU0Bs,1.4648430000000001,4.612293,2.260009
270600,a8x6/fzdaAIGhrSSMcDVTLQpso387VSzXHzGsGF6o/BX3meFwZEhKYproEJfU0Bs,1.381576,21.498018,3.943596
270900,a8x6/fzdaAIGhrSSMcDVTLQpso387VSzXHzGsGF6o/BX3meFwZEhKYproEJfU0Bs,1.419678,2.617073,1.85542
271200,a8x6/fzdaAIGhrSSMcDVTLQpso387VSzXHzGsGF6o/BX3meFwZEhKYproEJfU0Bs,1.220772,2.609844,1.7011630000000002
271500,a8x6/fzdaAIGhrSSMcDVTLQpso387VSzXHzGsGF6o/BX3meFwZEhKYproEJfU0Bs,1.1497389999999998,2.552331,1.8275270000000001
271800,a8x6/fzdaAIGhrSSMcDVTLQpso387VSzXHzGsGF6o/BX3meFwZEhKYproEJfU0Bs,1.39725,2.5945419999999997,1.849516
272100,a8x6/fzdaAIGhrSSMcDVTLQpso387VSzXHzGsGF6o/BX3meFwZEhKYproEJfU0Bs,1.145252,22.803363,3.882251
272400,a8x6/fzdaAIGhrSSMcDVTLQpso387VSzXHzGsGF6o/BX3meFwZEhKYproEJfU0Bs,1.393684,2.768704,2.035262
272700,a8x6/fzdaAIGhrSSMcDVTLQpso387VSzXHzGsGF6o/BX3meFwZEhKYproEJfU0Bs,1.0626719999999998,2.292251,1.680998
273000,a8x6/fzdaAIGhrSSMcDVTLQpso387VSzXHzGsGF6o/BX3meFwZEhKYproEJfU0Bs,1.3691659999999999,3.3972480000000003,1.9620939999999998
273300,a8x6/fzdaAIGhrSSMcDVTLQpso387VSzXHzGsGF6o/BX3meFwZEhKYproEJfU0Bs,1.441563,2.808582,1.9541240000000002
273600,a8x6/fzdaAIGhrSSMcDVTLQpso387VSzXHzGsGF6o/BX3meFwZEhKYproEJfU0Bs,1.444179,2.923699,1.904782
273900,a8x6/fzdaAIGhrSSMcDVTLQpso387VSzXHzGsGF6o/BX3meFwZEhKYproEJfU0Bs,1.29145,2.689079,1.7757439999999998
274200,a8x6/fzdaAIGhrSSMcDVTLQpso387VSzXHzGsGF6o/BX3meFwZEhKYproEJfU0Bs,1.40947,2.536912,1.889846
274500,a8x6/fzdaAIGhrSSMcDVTLQpso387VSzXHzGsGF6o/BX3meFwZEhKYproEJfU0Bs,1.4633049999999999,37.579384000000005,10.039485
274800,a8x6/fzdaAIGhrSSMcDVTLQpso387VSzXHzGsGF6o/BX3meFwZEhKYproEJfU0Bs,0.810326,3.864035,1.930436
275100,a8x6/fzdaAIGhrSSMcDVTLQpso387VSzXHzGsGF6o/BX3meFwZEhKYproEJfU0Bs,1.428812,2.765723,2.1255669999999998
275400,a8x6/fzdaAIGhrSSMcDVTLQpso387VSzXHzGsGF6o/BX3meFwZEhKYproEJfU0Bs,1.411545,2.281172,1.720863
275700,a8x6/fzdaAIGhrSSMcDVTLQpso387VSzXHzGsGF6o/BX3meFwZEhKYproEJfU0Bs,1.357697,30.902222,4.814811
276000,a8x6/fzdaAIGhrSSMcDVTLQpso387VSzXHzGsGF6o/BX3meFwZEhKYproEJfU0Bs,1.431373,2.560425,1.9396189999999998
276300,a8x6/fzdaAIGhrSSMcDVTLQpso387VSzXHzGsGF6o/BX3meFwZEhKYproEJfU0Bs,1.3890770000000001,2.513689,1.806961
276600,a8x6/fzdaAIGhrSSMcDVTLQpso387VSzXHzGsGF6o/BX3meFwZEhKYproEJfU0Bs,1.360859,2.645724,1.7489700000000001
276900,a8x6/fzdaAIGhrSSMcDVTLQpso387VSzXHzGsGF6o/BX3meFwZEhKYproEJfU0Bs,0.82068,2.536445,1.763693
277200,a8x6/fzdaAIGhrSSMcDVTLQpso387VSzXHzGsGF6o/BX3meFwZEhKYproEJfU0Bs,1.388485,2.50699,1.7872990000000002
277500,a8x6/fzdaAIGhrSSMcDVTLQpso387VSzXHzGsGF6o/BX3meFwZEhKYproEJfU0Bs,1.195824,3.21075,1.750274
277800,a8x6/fzdaAIGhrSSMcDVTLQpso387VSzXHzGsGF6o/BX3meFwZEhKYproEJfU0Bs,1.351788,2.750783,2.012096
278100,a8x6/fzdaAIGhrSSMcDVTLQpso387VSzXHzGsGF6o/BX3meFwZEhKYproEJfU0Bs,0.9716549999999999,2.3164279999999997,1.6577549999999999
278400,a8x6/fzdaAIGhrSSMcDVTLQpso387VSzXHzGsGF6o/BX3meFwZEhKYproEJfU0Bs,1.427663,3.245134,1.9297009999999999
278700,a8x6/fzdaAIGhrSSMcDVTLQpso387VSzXHzGsGF6o/BX3meFwZEhKYproEJfU0Bs,1.358865,2.459394,1.8798860000000002
279000,a8x6/fzdaAIGhrSSMcDVTLQpso387VSzXHzGsGF6o/BX3meFwZEhKYproEJfU0Bs,1.3963,4.101882,2.041556
279300,a8x6/fzdaAIGhrSSMcDVTLQpso387VSzXHzGsGF6o/BX3meFwZEhKYproEJfU0Bs,1.412364,30.791633,4.694617
279600,a8x6/fzdaAIGhrSSMcDVTLQpso387VSzXHzGsGF6o/BX3meFwZEhKYproEJfU0Bs,1.327149,2.9193119999999997,2.004208
279900,a8x6/fzdaAIGhrSSMcDVTLQpso387VSzXHzGsGF6o/BX3meFwZEhKYproEJfU0Bs,1.3740780000000001,2.6148130000000003,1.854552
280200,a8x6/fzdaAIGhrSSMcDVTLQpso387VSzXHzGsGF6o/BX3meFwZEhKYproEJfU0Bs,0.531976,3.207633,1.783179
280500,a8x6/fzdaAIGhrSSMcDVTLQpso387VSzXHzGsGF6o/BX3meFwZEhKYproEJfU0Bs,1.395787,2.586826,1.9929919999999999
280800,a8x6/fzdaAIGhrSSMcDVTLQpso387VSzXHzGsGF6o/BX3meFwZEhKYproEJfU0Bs,0.645192,2.356631,1.6357629999999999
281100,a8x6/fzdaAIGhrSSMcDVTLQpso387VSzXHzGsGF6o/BX3meFwZEhKYproEJfU0Bs,1.428809,3.217595,1.9423290000000002
281400,a8x6/fzdaAIGhrSSMcDVTLQpso387VSzXHzGsGF6o/BX3meFwZEhKYproEJfU0Bs,1.386691,2.489239,1.9407450000000002
281700,a8x6/fzdaAIGhrSSMcDVTLQpso387VSzXHzGsGF6o/BX3meFwZEhKYproEJfU0Bs,1.444425,2.732927,1.884079
282000,a8x6/fzdaAIGhrSSMcDVTLQpso387VSzXHzGsGF6o/BX3meFwZEhKYproEJfU0Bs,1.4416309999999999,2.6680610000000002,1.7990680000000001
282300,a8x6/fzdaAIGhrSSMcDVTLQpso387VSzXHzGsGF6o/BX3meFwZEhKYproEJfU0Bs,1.350392,2.547511,1.883692
282600,a8x6/fzdaAIGhrSSMcDVTLQpso387VSzXHzGsGF6o/BX3meFwZEhKYproEJfU0Bs,1.384725,3.0038810000000002,1.8236729999999999
282900,a8x6/fzdaAIGhrSSMcDVTLQpso387VSzXHzGsGF6o/BX3meFwZEhKYproEJfU0Bs,1.3978469999999998,89.938868,11.456186
283200,a8x6/fzdaAIGhrSSMcDVTLQpso387VSzXHzGsGF6o/BX3meFwZEhKYproEJfU0Bs,1.386775,2.5362720000000003,1.854259
283500,a8x6/fzdaAIGhrSSMcDVTLQpso387VSzXHzGsGF6o/BX3meFwZEhKYproEJfU0Bs,1.404777,22.832401,3.964011
283800,a8x6/fzdaAIGhrSSMcDVTLQpso387VSzXHzGsGF6o/BX3meFwZEhKYproEJfU0Bs,1.429,3.213098,1.9279970000000002
284100,a8x6/fzdaAIGhrSSMcDVTLQpso387VSzXHzGsGF6o/BX3meFwZEhKYproEJfU0Bs,1.3085719999999998,2.5070330000000003,1.8711200000000001
284400,a8x6/fzdaAIGhrSSMcDVTLQpso387VSzXHzGsGF6o/BX3meFwZEhKYproEJfU0Bs,1.418138,3.135481,1.9587299999999999
284700,a8x6/fzdaAIGhrSSMcDVTLQpso387VSzXHzGsGF6o/BX3meFwZEhKYproEJfU0Bs,1.4372209999999999,3.235634,1.9764080000000002
285000,a8x6/fzdaAIGhrSSMcDVTLQpso387VSzXHzGsGF6o/BX3meFwZEhKYproEJfU0Bs,0.9642299999999999,2.620499,1.908697
285300,a8x6/fzdaAIGhrSSMcDVTLQpso387VSzXHzGsGF6o/BX3meFwZEhKYproEJfU0Bs,1.369393,3.2048669999999997,1.96938
285600,a8x6/fzdaAIGhrSSMcDVTLQpso387VSzXHzGsGF6o/BX3meFwZEhKYproEJfU0Bs,0.547899,3.231642,1.845816
285900,a8x6/fzdaAIGhrSSMcDVTLQpso387VSzXHzGsGF6o/BX3meFwZEhKYproEJfU0Bs,1.371688,2.49892,1.891089
286200,a8x6/fzdaAIGhrSSMcDVTLQpso387VSzXHzGsGF6o/BX3meFwZEhKYproEJfU0Bs,1.328157,3.076796,1.9165560000000001
286500,a8x6/fzdaAIGhrSSMcDVTLQpso387VSzXHzGsGF6o/BX3meFwZEhKYproEJfU0Bs,1.430524,30.662978999999996,4.780281
286800,a8x6/fzdaAIGhrSSMcDVTLQpso387VSzXHzGsGF6o/BX3meFwZEhKYproEJfU0Bs,1.286977,2.530725,1.820345
287100,a8x6/fzdaAIGhrSSMcDVTLQpso387VSzXHzGsGF6o/BX3meFwZEhKYproEJfU0Bs,1.409374,2.858218,1.9684580000000003
287400,a8x6/fzdaAIGhrSSMcDVTLQpso387VSzXHzGsGF6o/BX3meFwZEhKYproEJfU0Bs,1.409845,3.1520610000000002,1.8307790000000002
287700,a8x6/fzdaAIGhrSSMcDVTLQpso387VSzXHzGsGF6o/BX3meFwZEhKYproEJfU0Bs,0.530741,2.680144,1.78693
288000,a8x6/fzdaAIGhrSSMcDVTLQpso387VSzXHzGsGF6o/BX3meFwZEhKYproEJfU0Bs,1.384103,2.884977,1.913598
288300,a8x6/fzdaAIGhrSSMcDVTLQpso387VSzXHzGsGF6o/BX3meFwZEhKYproEJfU0Bs,0.524626,3.2383189999999997,1.839292
288600,a8x6/fzdaAIGhrSSMcDVTLQpso387VSzXHzGsGF6o/BX3meFwZEhKYproEJfU0Bs,1.381366,2.599018,1.928334
288900,a8x6/fzdaAIGhrSSMcDVTLQpso387VSzXHzGsGF6o/BX3meFwZEhKYproEJfU0Bs,0.6952649999999999,3.085255,1.846164
289200,a8x6/fzdaAIGhrSSMcDVTLQpso387VSzXHzGsGF6o/BX3meFwZEhKYproEJfU0Bs,1.4551969999999999,3.257807,1.9124709999999998
289500,a8x6/fzdaAIGhrSSMcDVTLQpso387VSzXHzGsGF6o/BX3meFwZEhKYproEJfU0Bs,0.9255049999999999,2.512644,1.8488330000000002
289800,a8x6/fzdaAIGhrSSMcDVTLQpso387VSzXHzGsGF6o/BX3meFwZEhKYproEJfU0Bs,1.410233,2.959854,1.9281099999999998
290100,a8x6/fzdaAIGhrSSMcDVTLQpso387VSzXHzGsGF6o/BX3meFwZEhKYproEJfU0Bs,0.6257560000000001,30.554613,4.632744000000001
290400,a8x6/fzdaAIGhrSSMcDVTLQpso387VSzXHzGsGF6o/BX3meFwZEhKYproEJfU0Bs,1.3752440000000001,2.491964,1.859362
290700,a8x6/fzdaAIGhrSSMcDVTLQpso387VSzXHzGsGF6o/BX3meFwZEhKYproEJfU0Bs,1.399167,3.0599369999999997,1.9903950000000001
291000,a8x6/fzdaAIGhrSSMcDVTLQpso387VSzXHzGsGF6o/BX3meFwZEhKYproEJfU0Bs,0.966289,3.268581,1.8890189999999998
291300,a8x6/fzdaAIGhrSSMcDVTLQpso387VSzXHzGsGF6o/BX3meFwZEhKYproEJfU0Bs,1.454858,2.667538,1.9291580000000002
291600,a8x6/fzdaAIGhrSSMcDVTLQpso387VSzXHzGsGF6o/BX3meFwZEhKYproEJfU0Bs,1.078388,3.180798,1.913189
291900,a8x6/fzdaAIGhrSSMcDVTLQpso387VSzXHzGsGF6o/BX3meFwZEhKYproEJfU0Bs,1.382533,3.059187,1.9193419999999999
292200,a8x6/fzdaAIGhrSSMcDVTLQpso387VSzXHzGsGF6o/BX3meFwZEhKYproEJfU0Bs,1.202599,2.5070189999999997,1.8610389999999999
292500,a8x6/fzdaAIGhrSSMcDVTLQpso387VSzXHzGsGF6o/BX3meFwZEhKYproEJfU0Bs,1.364592,2.8530439999999997,1.935155
292800,a8x6/fzdaAIGhrSSMcDVTLQpso387VSzXHzGsGF6o/BX3meFwZEhKYproEJfU0Bs,0.914874,3.346165,1.814672
293100,a8x6/fzdaAIGhrSSMcDVTLQpso387VSzXHzGsGF6o/BX3meFwZEhKYproEJfU0Bs,1.408425,2.42515,1.9347020000000001
293400,a8x6/fzdaAIGhrSSMcDVTLQpso387VSzXHzGsGF6o/BX3meFwZEhKYproEJfU0Bs,1.388107,2.902966,1.907792
293700,a8x6/fzdaAIGhrSSMcDVTLQpso387VSzXHzGsGF6o/BX3meFwZEhKYproEJfU0Bs,1.4118030000000001,23.0299,4.857633
294000,a8x6/fzdaAIGhrSSMcDVTLQpso387VSzXHzGsGF6o/BX3meFwZEhKYproEJfU0Bs,1.402358,2.344666,1.859429
294300,a8x6/fzdaAIGhrSSMcDVTLQpso387VSzXHzGsGF6o/BX3meFwZEhKYproEJfU0Bs,0.789136,2.9324470000000002,1.8310970000000002
294600,a8x6/fzdaAIGhrSSMcDVTLQpso387VSzXHzGsGF6o/BX3meFwZEhKYproEJfU0Bs,1.340774,3.168873,1.9299959999999998
294900,a8x6/fzdaAIGhrSSMcDVTLQpso387VSzXHzGsGF6o/BX3meFwZEhKYproEJfU0Bs,0.795656,2.392847,1.821409
295200,a8x6/fzdaAIGhrSSMcDVTLQpso387VSzXHzGsGF6o/BX3meFwZEhKYproEJfU0Bs,1.407106,2.731249,1.9490630000000002
295500,a8x6/fzdaAIGhrSSMcDVTLQpso387VSzXHzGsGF6o/BX3meFwZEhKYproEJfU0Bs,1.39069,2.952196,1.8770490000000002
295800,a8x6/fzdaAIGhrSSMcDVTLQpso387VSzXHzGsGF6o/BX3meFwZEhKYproEJfU0Bs,0.997841,2.5856209999999997,1.8308419999999999
296100,a8x6/fzdaAIGhrSSMcDVTLQpso387VSzXHzGsGF6o/BX3meFwZEhKYproEJfU0Bs,1.3595030000000001,3.402738,1.914769
296400,a8x6/fzdaAIGhrSSMcDVTLQpso387VSzXHzGsGF6o/BX3meFwZEhKYproEJfU0Bs,0.694333,2.631482,1.793852
296700,a8x6/fzdaAIGhrSSMcDVTLQpso387VSzXHzGsGF6o/BX3meFwZEhKYproEJfU0Bs,1.381145,2.69875,1.912206
297000,a8x6/fzdaAIGhrSSMcDVTLQpso387VSzXHzGsGF6o/BX3meFwZEhKYproEJfU0Bs,1.395016,3.138074,1.935644
297300,a8x6/fzdaAIGhrSSMcDVTLQpso387VSzXHzGsGF6o/BX3meFwZEhKYproEJfU0Bs,1.367251,31.149746999999998,4.769925
297600,a8x6/fzdaAIGhrSSMcDVTLQpso387VSzXHzGsGF6o/BX3meFwZEhKYproEJfU0Bs,0.677111,3.8152660000000003,2.0120400000000003
297900,a8x6/fzdaAIGhrSSMcDVTLQpso387VSzXHzGsGF6o/BX3meFwZEhKYproEJfU0Bs,1.365883,3.3341819999999998,1.9276669999999998
298200,a8x6/fzdaAIGhrSSMcDVTLQpso387VSzXHzGsGF6o/BX3meFwZEhKYproEJfU0Bs,0.8852620000000001,2.733707,1.8161919999999998
298500,a8x6/fzdaAIGhrSSMcDVTLQpso387VSzXHzGsGF6o/BX3meFwZEhKYproEJfU0Bs,1.402505,2.723566,1.90031
298800,a8x6/fzdaAIGhrSSMcDVTLQpso387VSzXHzGsGF6o/BX3meFwZEhKYproEJfU0Bs,1.442236,3.408482,1.97305
299100,a8x6/fzdaAIGhrSSMcDVTLQpso387VSzXHzGsGF6o/BX3meFwZEhKYproEJfU0Bs,1.313281,3.106951,1.98786
299400,a8x6/fzdaAIGhrSSMcDVTLQpso387VSzXHzGsGF6o/BX3meFwZEhKYproEJfU0Bs,1.416708,2.817879,1.964648
299700,a8x6/fzdaAIGhrSSMcDVTLQpso387VSzXHzGsGF6o/BX3meFwZEhKYproEJfU0Bs,1.285698,3.359235,1.915473
300000,a8x6/fzdaAIGhrSSMcDVTLQpso387VSzXHzGsGF6o/BX3meFwZEhKYproEJfU0Bs,1.43181,2.766196,1.9542490000000001
300300,a8x6/fzdaAIGhrSSMcDVTLQpso387VSzXHzGsGF6o/BX3meFwZEhKYproEJfU0Bs,1.2005290000000002,2.591504,1.875905
300600,a8x6/fzdaAIGhrSSMcDVTLQpso387VSzXHzGsGF6o/BX3meFwZEhKYproEJfU0Bs,1.4186040000000002,3.2686,1.9649159999999999
300900,a8x6/fzdaAIGhrSSMcDVTLQpso387VSzXHzGsGF6o/BX3meFwZEhKYproEJfU0Bs,0.856201,30.812185999999997,4.603706
301200,a8x6/fzdaAIGhrSSMcDVTLQpso387VSzXHzGsGF6o/BX3meFwZEhKYproEJfU0Bs,1.401982,2.536699,1.931819
301500,a8x6/fzdaAIGhrSSMcDVTLQpso387VSzXHzGsGF6o/BX3meFwZEhKYproEJfU0Bs,1.315948,3.3985839999999996,1.944288
301800,a8x6/fzdaAIGhrSSMcDVTLQpso387VSzXHzGsGF6o/BX3meFwZEhKYproEJfU0Bs,1.1497700000000002,2.6766349999999997,1.897186
302100,a8x6/fzdaAIGhrSSMcDVTLQpso387VSzXHzGsGF6o/BX3meFwZEhKYproEJfU0Bs,1.3553899999999999,2.5983970000000003,1.876918
302400,a8x6/fzdaAIGhrSSMcDVTLQpso387VSzXHzGsGF6o/BX3meFwZEhKYproEJfU0Bs,0.849816,3.195287,1.8337150000000002
302700,a8x6/fzdaAIGhrSSMcDVTLQpso387VSzXHzGsGF6o/BX3meFwZEhKYproEJfU0Bs,1.3660459999999999,2.630878,1.955568
303000,a8x6/fzdaAIGhrSSMcDVTLQpso387VSzXHzGsGF6o/BX3meFwZEhKYproEJfU0Bs,1.392701,2.629002,1.940107
303300,a8x6/fzdaAIGhrSSMcDVTLQpso387VSzXHzGsGF6o/BX3meFwZEhKYproEJfU0Bs,1.388216,32.160160999999995,10.303314
303600,a8x6/fzdaAIGhrSSMcDVTLQpso387VSzXHzGsGF6o/BX3meFwZEhKYproEJfU0Bs,0.828306,2.7510779999999997,1.8510520000000001
303900,a8x6/fzdaAIGhrSSMcDVTLQpso387VSzXHzGsGF6o/BX3meFwZEhKYproEJfU0Bs,0.767387,2.6610169999999997,1.8020630000000002
304200,a8x6/fzdaAIGhrSSMcDVTLQpso387VSzXHzGsGF6o/BX3meFwZEhKYproEJfU0Bs,1.375357,3.259363,1.9438990000000003
304500,a8x6/fzdaAIGhrSSMcDVTLQpso387VSzXHzGsGF6o/BX3meFwZEhKYproEJfU0Bs,1.1806379999999999,2.790701,1.921825
304800,a8x6/fzdaAIGhrSSMcDVTLQpso387VSzXHzGsGF6o/BX3meFwZEhKYproEJfU0Bs,1.383048,29.932873999999998,4.741505999999999
305100,a8x6/fzdaAIGhrSSMcDVTLQpso387VSzXHzGsGF6o/BX3meFwZEhKYproEJfU0Bs,0.621289,3.5064910000000005,1.827172
305400,a8x6/fzdaAIGhrSSMcDVTLQpso387VSzXHzGsGF6o/BX3meFwZEhKYproEJfU0Bs,1.348165,2.663177,1.920707
305700,a8x6/fzdaAIGhrSSMcDVTLQpso387VSzXHzGsGF6o/BX3meFwZEhKYproEJfU0Bs,0.717374,2.5717830000000004,1.793753
306000,a8x6/fzdaAIGhrSSMcDVTLQpso387VSzXHzGsGF6o/BX3meFwZEhKYproEJfU0Bs,1.373055,3.224572,1.966209
306300,a8x6/fzdaAIGhrSSMcDVTLQpso387VSzXHzGsGF6o/BX3meFwZEhKYproEJfU0Bs,1.073328,2.6707810000000003,1.8255130000000002
306600,a8x6/fzdaAIGhrSSMcDVTLQpso387VSzXHzGsGF6o/BX3meFwZEhKYproEJfU0Bs,1.3763889999999999,2.607726,2.0533360000000003
306900,a8x6/fzdaAIGhrSSMcDVTLQpso387VSzXHzGsGF6o/BX3meFwZEhKYproEJfU0Bs,1.348614,3.15689,1.948907
307200,a8x6/fzdaAIGhrSSMcDVTLQpso387VSzXHzGsGF6o/BX3meFwZEhKYproEJfU0Bs,1.457766,2.5080139999999997,1.974835
307500,a8x6/fzdaAIGhrSSMcDVTLQpso387VSzXHzGsGF6o/BX3meFwZEhKYproEJfU0Bs,1.382425,2.622904,1.8838810000000001
307800,a8x6/fzdaAIGhrSSMcDVTLQpso387VSzXHzGsGF6o/BX3meFwZEhKYproEJfU0Bs,1.140419,3.103183,1.8794680000000001
308100,a8x6/fzdaAIGhrSSMcDVTLQpso387VSzXHzGsGF6o/BX3meFwZEhKYproEJfU0Bs,1.376535,2.528205,1.941396
308400,a8x6/fzdaAIGhrSSMcDVTLQpso387VSzXHzGsGF6o/BX3meFwZEhKYproEJfU0Bs,1.137686,29.669479,4.690835
308700,a8x6/fzdaAIGhrSSMcDVTLQpso387VSzXHzGsGF6o/BX3meFwZEhKYproEJfU0Bs,1.4109639999999999,3.0080869999999997,1.89687
309000,a8x6/fzdaAIGhrSSMcDVTLQpso387VSzXHzGsGF6o/BX3meFwZEhKYproEJfU0Bs,1.4439309999999999,2.577872,1.9249630000000002
309300,a8x6/fzdaAIGhrSSMcDVTLQpso387VSzXHzGsGF6o/BX3meFwZEhKYproEJfU0Bs,1.4231209999999999,2.497232,1.8866029999999998
309600,a8x6/fzdaAIGhrSSMcDVTLQpso387VSzXHzGsGF6o/BX3meFwZEhKYproEJfU0Bs,1.398108,2.841166,1.8918560000000002
309900,a8x6/fzdaAIGhrSSMcDVTLQpso387VSzXHzGsGF6o/BX3meFwZEhKYproEJfU0Bs,1.00736,2.322419,1.7677619999999998
310200,a8x6/fzdaAIGhrSSMcDVTLQpso387VSzXHzGsGF6o/BX3meFwZEhKYproEJfU0Bs,1.376718,3.405168,2.001766
310500,a8x6/fzdaAIGhrSSMcDVTLQpso387VSzXHzGsGF6o/BX3meFwZEhKYproEJfU0Bs,1.407825,2.9765599999999997,1.837205
310800,a8x6/fzdaAIGhrSSMcDVTLQpso387VSzXHzGsGF6o/BX3meFwZEhKYproEJfU0Bs,1.485434,2.53657,1.8446930000000001
311100,a8x6/fzdaAIGhrSSMcDVTLQpso387VSzXHzGsGF6o/BX3meFwZEhKYproEJfU0Bs,0.657749,3.384635,1.902999
311400,a8x6/fzdaAIGhrSSMcDVTLQpso387VSzXHzGsGF6o/BX3meFwZEhKYproEJfU0Bs,1.482133,3.456607,2.001277
311700,a8x6/fzdaAIGhrSSMcDVTLQpso387VSzXHzGsGF6o/BX3meFwZEhKYproEJfU0Bs,0.9072379999999999,2.3583380000000003,1.7328720000000002
312000,a8x6/fzdaAIGhrSSMcDVTLQpso387VSzXHzGsGF6o/BX3meFwZEhKYproEJfU0Bs,1.431841,19.93146,4.8823099999999995
312300,a8x6/fzdaAIGhrSSMcDVTLQpso387VSzXHzGsGF6o/BX3meFwZEhKYproEJfU0Bs,1.4066100000000001,3.265532,1.9672889999999998
312600,a8x6/fzdaAIGhrSSMcDVTLQpso387VSzXHzGsGF6o/BX3meFwZEhKYproEJfU0Bs,1.185129,2.4965610000000003,1.864313
312900,a8x6/fzdaAIGhrSSMcDVTLQpso387VSzXHzGsGF6o/BX3meFwZEhKYproEJfU0Bs,1.416299,3.612169,2.053044
313200,a8x6/fzdaAIGhrSSMcDVTLQpso387VSzXHzGsGF6o/BX3meFwZEhKYproEJfU0Bs,1.064539,3.153912,1.8290919999999997
313500,a8x6/fzdaAIGhrSSMcDVTLQpso387VSzXHzGsGF6o/BX3meFwZEhKYproEJfU0Bs,1.428963,2.610484,1.8350950000000001
313800,a8x6/fzdaAIGhrSSMcDVTLQpso387VSzXHzGsGF6o/BX3meFwZEhKYproEJfU0Bs,1.376187,3.3829830000000003,2.013625
314100,a8x6/fzdaAIGhrSSMcDVTLQpso387VSzXHzGsGF6o/BX3meFwZEhKYproEJfU0Bs,1.499796,3.3161199999999997,1.958573
314400,a8x6/fzdaAIGhrSSMcDVTLQpso387VSzXHzGsGF6o/BX3meFwZEhKYproEJfU0Bs,1.0867069999999999,2.378956,1.7545279999999999
314700,a8x6/fzdaAIGhrSSMcDVTLQpso387VSzXHzGsGF6o/BX3meFwZEhKYproEJfU0Bs,1.3800940000000002,3.724478,2.09147
315000,a8x6/fzdaAIGhrSSMcDVTLQpso387VSzXHzGsGF6o/BX3meFwZEhKYproEJfU0Bs,1.315609,3.298633,1.931599
315300,a8x6/fzdaAIGhrSSMcDVTLQpso387VSzXHzGsGF6o/BX3meFwZEhKYproEJfU0Bs,1.511765,2.372306,1.811896
315600,a8x6/fzdaAIGhrSSMcDVTLQpso387VSzXHzGsGF6o/BX3meFwZEhKYproEJfU0Bs,1.451202,30.548071999999998,4.850249
315900,a8x6/fzdaAIGhrSSMcDVTLQpso387VSzXHzGsGF6o/BX3meFwZEhKYproEJfU0Bs,1.052898,3.054887,1.84175
316200,a8x6/fzdaAIGhrSSMcDVTLQpso387VSzXHzGsGF6o/BX3meFwZEhKYproEJfU0Bs,1.467501,2.4161330000000003,1.8360830000000001
316500,a8x6/fzdaAIGhrSSMcDVTLQpso387VSzXHzGsGF6o/BX3meFwZEhKYproEJfU0Bs,1.439418,3.2696,2.035063
316800,a8x6/fzdaAIGhrSSMcDVTLQpso387VSzXHzGsGF6o/BX3meFwZEhKYproEJfU0Bs,1.487784,3.106036,1.9391650000000002
317100,a8x6/fzdaAIGhrSSMcDVTLQpso387VSzXHzGsGF6o/BX3meFwZEhKYproEJfU0Bs,1.441906,2.4144360000000002,1.797464
317400,a8x6/fzdaAIGhrSSMcDVTLQpso387VSzXHzGsGF6o/BX3meFwZEhKYproEJfU0Bs,1.405083,3.386432,2.027565
317700,a8x6/fzdaAIGhrSSMcDVTLQpso387VSzXHzGsGF6o/BX3meFwZEhKYproEJfU0Bs,1.465957,3.10648,2.006599
318000,a8x6/fzdaAIGhrSSMcDVTLQpso387VSzXHzGsGF6o/BX3meFwZEhKYproEJfU0Bs,1.5957139999999999,2.622313,2.003607
318300,a8x6/fzdaAIGhrSSMcDVTLQpso387VSzXHzGsGF6o/BX3meFwZEhKYproEJfU0Bs,1.412986,3.577543,2.078618
318600,a8x6/fzdaAIGhrSSMcDVTLQpso387VSzXHzGsGF6o/BX3meFwZEhKYproEJfU0Bs,1.61825,3.573589,2.253967
318900,a8x6/fzdaAIGhrSSMcDVTLQpso387VSzXHzGsGF6o/BX3meFwZEhKYproEJfU0Bs,1.555498,2.601762,1.9239009999999999
319200,a8x6/fzdaAIGhrSSMcDVTLQpso387VSzXHzGsGF6o/BX3meFwZEhKYproEJfU0Bs,0.993505,30.544086,4.753337999999999
319500,a8x6/fzdaAIGhrSSMcDVTLQpso387VSzXHzGsGF6o/BX3meFwZEhKYproEJfU0Bs,1.412875,2.962486,1.9067720000000001
319800,a8x6/fzdaAIGhrSSMcDVTLQpso387VSzXHzGsGF6o/BX3meFwZEhKYproEJfU0Bs,1.462236,2.395486,1.822323
320100,a8x6/fzdaAIGhrSSMcDVTLQpso387VSzXHzGsGF6o/BX3meFwZEhKYproEJfU0Bs,1.428625,3.224412,1.987308
320400,a8x6/fzdaAIGhrSSMcDVTLQpso387VSzXHzGsGF6o/BX3meFwZEhKYproEJfU0Bs,1.506473,3.251896,1.960304
320700,a8x6/fzdaAIGhrSSMcDVTLQpso387VSzXHzGsGF6o/BX3meFwZEhKYproEJfU0Bs,1.463136,2.252138,1.83195
321000,a8x6/fzdaAIGhrSSMcDVTLQpso387VSzXHzGsGF6o/BX3meFwZEhKYproEJfU0Bs,1.3727340000000001,3.3592989999999996,2.0223419999999996
321300,a8x6/fzdaAIGhrSSMcDVTLQpso387VSzXHzGsGF6o/BX3meFwZEhKYproEJfU0Bs,1.452552,3.085591,1.9257630000000001
321600,a8x6/fzdaAIGhrSSMcDVTLQpso387VSzXHzGsGF6o/BX3meFwZEhKYproEJfU0Bs,1.492033,2.707964,1.8903590000000001
321900,a8x6/fzdaAIGhrSSMcDVTLQpso387VSzXHzGsGF6o/BX3meFwZEhKYproEJfU0Bs,1.459107,3.14392,2.093982
322200,a8x6/fzdaAIGhrSSMcDVTLQpso387VSzXHzGsGF6o/BX3meFwZEhKYproEJfU0Bs,1.467276,3.065786,1.953629
322500,a8x6/fzdaAIGhrSSMcDVTLQpso387VSzXHzGsGF6o/BX3meFwZEhKYproEJfU0Bs,1.475545,2.346668,1.8428759999999997
322800,a8x6/fzdaAIGhrSSMcDVTLQpso387VSzXHzGsGF6o/BX3meFwZEhKYproEJfU0Bs,1.400802,18.692501999999998,4.844635
323100,a8x6/fzdaAIGhrSSMcDVTLQpso387VSzXHzGsGF6o/BX3meFwZEhKYproEJfU0Bs,1.412949,4.183461,2.187302
323400,a8x6/fzdaAIGhrSSMcDVTLQpso387VSzXHzGsGF6o/BX3meFwZEhKYproEJfU0Bs,1.529711,2.761864,1.9641919999999997
323700,a8x6/fzdaAIGhrSSMcDVTLQpso387VSzXHzGsGF6o/BX3meFwZEhKYproEJfU0Bs,1.3882,3.102156,1.9763990000000002
324000,a8x6/fzdaAIGhrSSMcDVTLQpso387VSzXHzGsGF6o/BX3meFwZEhKYproEJfU0Bs,1.217761,2.737209,1.917288
324300,a8x6/fzdaAIGhrSSMcDVTLQpso387VSzXHzGsGF6o/BX3meFwZEhKYproEJfU0Bs,1.403934,2.824097,1.8587360000000002
324600,a8x6/fzdaAIGhrSSMcDVTLQpso387VSzXHzGsGF6o/BX3meFwZEhKYproEJfU0Bs,1.552892,3.228751,2.138472
324900,a8x6/fzdaAIGhrSSMcDVTLQpso387VSzXHzGsGF6o/BX3meFwZEhKYproEJfU0Bs,1.365774,2.798439,1.9692630000000002
325200,a8x6/fzdaAIGhrSSMcDVTLQpso387VSzXHzGsGF6o/BX3meFwZEhKYproEJfU0Bs,1.359812,2.648952,1.766631
325500,a8x6/fzdaAIGhrSSMcDVTLQpso387VSzXHzGsGF6o/BX3meFwZEhKYproEJfU0Bs,1.345032,3.102589,1.93385
325800,a8x6/fzdaAIGhrSSMcDVTLQpso387VSzXHzGsGF6o/BX3meFwZEhKYproEJfU0Bs,1.2886030000000002,2.615704,1.876365
326100,a8x6/fzdaAIGhrSSMcDVTLQpso387VSzXHzGsGF6o/BX3meFwZEhKYproEJfU0Bs,1.41953,2.591275,1.848818
326400,a8x6/fzdaAIGhrSSMcDVTLQpso387VSzXHzGsGF6o/BX3meFwZEhKYproEJfU0Bs,1.477402,30.783956,5.589393
326700,a8x6/fzdaAIGhrSSMcDVTLQpso387VSzXHzGsGF6o/BX3meFwZEhKYproEJfU0Bs,1.352034,2.6740180000000002,1.8753790000000001
327000,a8x6/fzdaAIGhrSSMcDVTLQpso387VSzXHzGsGF6o/BX3meFwZEhKYproEJfU0Bs,1.457699,2.571487,1.825073
327300,a8x6/fzdaAIGhrSSMcDVTLQpso387VSzXHzGsGF6o/BX3meFwZEhKYproEJfU0Bs,1.013736,2.834468,1.8979400000000002
327600,a8x6/fzdaAIGhrSSMcDVTLQpso387VSzXHzGsGF6o/BX3meFwZEhKYproEJfU0Bs,1.4259680000000001,2.782713,1.9653189999999998
327900,a8x6/fzdaAIGhrSSMcDVTLQpso387VSzXHzGsGF6o/BX3meFwZEhKYproEJfU0Bs,1.372059,2.647037,1.7476099999999999
328200,a8x6/fzdaAIGhrSSMcDVTLQpso387VSzXHzGsGF6o/BX3meFwZEhKYproEJfU0Bs,1.406894,3.247728,2.0165900000000003
328500,a8x6/fzdaAIGhrSSMcDVTLQpso387VSzXHzGsGF6o/BX3meFwZEhKYproEJfU0Bs,1.4061139999999999,2.732066,2.09576
328800,a8x6/fzdaAIGhrSSMcDVTLQpso387VSzXHzGsGF6o/BX3meFwZEhKYproEJfU0Bs,1.465525,2.757517,1.9370610000000001
329100,a8x6/fzdaAIGhrSSMcDVTLQpso387VSzXHzGsGF6o/BX3meFwZEhKYproEJfU0Bs,1.426718,2.936876,1.9672990000000001
329400,a8x6/fzdaAIGhrSSMcDVTLQpso387VSzXHzGsGF6o/BX3meFwZEhKYproEJfU0Bs,1.375542,2.613284,1.911832
329700,a8x6/fzdaAIGhrSSMcDVTLQpso387VSzXHzGsGF6o/BX3meFwZEhKYproEJfU0Bs,1.377779,2.614157,1.848138
330000,a8x6/fzdaAIGhrSSMcDVTLQpso387VSzXHzGsGF6o/BX3meFwZEhKYproEJfU0Bs,1.416097,31.120418,4.892167
330300,a8x6/fzdaAIGhrSSMcDVTLQpso387VSzXHzGsGF6o/BX3meFwZEhKYproEJfU0Bs,1.477266,2.907506,2.022432
330600,a8x6/fzdaAIGhrSSMcDVTLQpso387VSzXHzGsGF6o/BX3meFwZEhKYproEJfU0Bs,1.423858,2.66419,1.78712
330900,a8x6/fzdaAIGhrSSMcDVTLQpso387VSzXHzGsGF6o/BX3meFwZEhKYproEJfU0Bs,1.377035,2.959925,1.956507
331200,a8x6/fzdaAIGhrSSMcDVTLQpso387VSzXHzGsGF6o/BX3meFwZEhKYproEJfU0Bs,1.021152,2.741527,1.8830470000000001
331500,a8x6/fzdaAIGhrSSMcDVTLQpso387VSzXHzGsGF6o/BX3meFwZEhKYproEJfU0Bs,1.1287530000000001,2.6777759999999997,1.795118
331800,a8x6/fzdaAIGhrSSMcDVTLQpso387VSzXHzGsGF6o/BX3meFwZEhKYproEJfU0Bs,1.425154,3.294771,2.003786
332100,a8x6/fzdaAIGhrSSMcDVTLQpso387VSzXHzGsGF6o/BX3meFwZEhKYproEJfU0Bs,1.439793,31.720492,10.198464
332400,a8x6/fzdaAIGhrSSMcDVTLQpso387VSzXHzGsGF6o/BX3meFwZEhKYproEJfU0Bs,1.4260549999999999,2.6916860000000002,1.974794
332700,a8x6/fzdaAIGhrSSMcDVTLQpso387VSzXHzGsGF6o/BX3meFwZEhKYproEJfU0Bs,1.56606,2.9078630000000003,2.0779349999999996
333000,a8x6/fzdaAIGhrSSMcDVTLQpso387VSzXHzGsGF6o/BX3meFwZEhKYproEJfU0Bs,1.336798,2.567832,1.917832
333300,a8x6/fzdaAIGhrSSMcDVTLQpso387VSzXHzGsGF6o/BX3meFwZEhKYproEJfU0Bs,1.3830120000000001,2.63904,1.819896
333600,a8x6/fzdaAIGhrSSMcDVTLQpso387VSzXHzGsGF6o/BX3meFwZEhKYproEJfU0Bs,1.397624,26.221594,4.767812999999999
333900,a8x6/fzdaAIGhrSSMcDVTLQpso387VSzXHzGsGF6o/BX3meFwZEhKYproEJfU0Bs,1.374897,2.4217720000000003,1.946005
334200,a8x6/fzdaAIGhrSSMcDVTLQpso387VSzXHzGsGF6o/BX3meFwZEhKYproEJfU0Bs,0.887793,2.3692599999999997,1.8240439999999998
334500,a8x6/fzdaAIGhrSSMcDVTLQpso387VSzXHzGsGF6o/BX3meFwZEhKYproEJfU0Bs,1.485093,2.7492490000000003,1.982446
334800,a8x6/fzdaAIGhrSSMcDVTLQpso387VSzXHzGsGF6o/BX3meFwZEhKYproEJfU0Bs,0.8700559999999999,2.47138,1.812788
335100,a8x6/fzdaAIGhrSSMcDVTLQpso387VSzXHzGsGF6o/BX3meFwZEhKYproEJfU0Bs,1.426677,2.399473,1.866944
335400,a8x6/fzdaAIGhrSSMcDVTLQpso387VSzXHzGsGF6o/BX3meFwZEhKYproEJfU0Bs,1.561725,3.0878799999999997,2.005522
335700,a8x6/fzdaAIGhrSSMcDVTLQpso387VSzXHzGsGF6o/BX3meFwZEhKYproEJfU0Bs,1.487986,2.396372,1.9045189999999999
336000,a8x6/fzdaAIGhrSSMcDVTLQpso387VSzXHzGsGF6o/BX3meFwZEhKYproEJfU0Bs,1.1138629999999998,2.623293,1.742933
336300,a8x6/fzdaAIGhrSSMcDVTLQpso387VSzXHzGsGF6o/BX3meFwZEhKYproEJfU0Bs,1.473662,3.138888,2.002037
336600,a8x6/fzdaAIGhrSSMcDVTLQpso387VSzXHzGsGF6o/BX3meFwZEhKYproEJfU0Bs,1.446372,2.562991,1.9594220000000002
336900,a8x6/fzdaAIGhrSSMcDVTLQpso387VSzXHzGsGF6o/BX3meFwZEhKYproEJfU0Bs,1.4957559999999999,3.032899,2.035031
337200,a8x6/fzdaAIGhrSSMcDVTLQpso387VSzXHzGsGF6o/BX3meFwZEhKYproEJfU0Bs,1.5019120000000001,30.231089,4.851861
337500,a8x6/fzdaAIGhrSSMcDVTLQpso387VSzXHzGsGF6o/BX3meFwZEhKYproEJfU0Bs,1.437859,2.475317,1.814803
337800,a8x6/fzdaAIGhrSSMcDVTLQpso387VSzXHzGsGF6o/BX3meFwZEhKYproEJfU0Bs,1.379513,3.059841,1.952302
338100,a8x6/fzdaAIGhrSSMcDVTLQpso387VSzXHzGsGF6o/BX3meFwZEhKYproEJfU0Bs,0.9694860000000001,3.3344150000000004,1.949234
338400,a8x6/fzdaAIGhrSSMcDVTLQpso387VSzXHzGsGF6o/BX3meFwZEhKYproEJfU0Bs,1.440153,2.614289,1.881039
338700,a8x6/fzdaAIGhrSSMcDVTLQpso387VSzXHzGsGF6o/BX3meFwZEhKYproEJfU0Bs,1.3529129999999998,2.801977,1.834225
339000,a8x6/fzdaAIGhrSSMcDVTLQpso387VSzXHzGsGF6o/BX3meFwZEhKYproEJfU0Bs,1.463498,3.339209,1.965171
339300,a8x6/fzdaAIGhrSSMcDVTLQpso387VSzXHzGsGF6o/BX3meFwZEhKYproEJfU0Bs,1.451609,2.380973,1.842359
339600,a8x6/fzdaAIGhrSSMcDVTLQpso387VSzXHzGsGF6o/BX3meFwZEhKYproEJfU0Bs,1.391824,3.0861110000000003,2.094185
339900,a8x6/fzdaAIGhrSSMcDVTLQpso387VSzXHzGsGF6o/BX3meFwZEhKYproEJfU0Bs,1.668654,5.928093,2.669844
340200,a8x6/fzdaAIGhrSSMcDVTLQpso387VSzXHzGsGF6o/BX3meFwZEhKYproEJfU0Bs,1.486364,12.786850999999999,4.024414
340500,a8x6/fzdaAIGhrSSMcDVTLQpso387VSzXHzGsGF6o/BX3meFwZEhKYproEJfU0Bs,1.481962,3.05818,2.043104
340800,a8x6/fzdaAIGhrSSMcDVTLQpso387VSzXHzGsGF6o/BX3meFwZEhKYproEJfU0Bs,1.287939,27.100963,6.579148
341100,a8x6/fzdaAIGhrSSMcDVTLQpso387VSzXHzGsGF6o/BX3meFwZEhKYproEJfU0Bs,1.4482629999999999,2.679376,1.9411450000000001
341400,a8x6/fzdaAIGhrSSMcDVTLQpso387VSzXHzGsGF6o/BX3meFwZEhKYproEJfU0Bs,1.427318,2.912954,1.880178
341700,a8x6/fzdaAIGhrSSMcDVTLQpso387VSzXHzGsGF6o/BX3meFwZEhKYproEJfU0Bs,1.517978,3.1808009999999998,2.0265779999999998
342000,a8x6/fzdaAIGhrSSMcDVTLQpso387VSzXHzGsGF6o/BX3meFwZEhKYproEJfU0Bs,1.572468,2.4459169999999997,1.896777
342300,a8x6/fzdaAIGhrSSMcDVTLQpso387VSzXHzGsGF6o/BX3meFwZEhKYproEJfU0Bs,1.498493,2.980419,2.012127
342600,a8x6/fzdaAIGhrSSMcDVTLQpso387VSzXHzGsGF6o/BX3meFwZEhKYproEJfU0Bs,1.551488,3.3399620000000003,2.059831
342900,a8x6/fzdaAIGhrSSMcDVTLQpso387VSzXHzGsGF6o/BX3meFwZEhKYproEJfU0Bs,1.586986,99.356394,13.021532
343200,a8x6/fzdaAIGhrSSMcDVTLQpso387VSzXHzGsGF6o/BX3meFwZEhKYproEJfU0Bs,1.4424290000000002,3.3440589999999997,2.086968
343500,a8x6/fzdaAIGhrSSMcDVTLQpso387VSzXHzGsGF6o/BX3meFwZEhKYproEJfU0Bs,1.6430369999999999,3.296135,2.192128
343800,a8x6/fzdaAIGhrSSMcDVTLQpso387VSzXHzGsGF6o/BX3meFwZEhKYproEJfU0Bs,1.516606,2.70356,1.966653
344100,a8x6/fzdaAIGhrSSMcDVTLQpso387VSzXHzGsGF6o/BX3meFwZEhKYproEJfU0Bs,1.0755569999999999,3.067899,1.913195
344400,a8x6/fzdaAIGhrSSMcDVTLQpso387VSzXHzGsGF6o/BX3meFwZEhKYproEJfU0Bs,1.684205,29.435049,4.921336
344700,a8x6/fzdaAIGhrSSMcDVTLQpso387VSzXHzGsGF6o/BX3meFwZEhKYproEJfU0Bs,1.041596,2.9415709999999997,1.9300950000000001
345000,a8x6/fzdaAIGhrSSMcDVTLQpso387VSzXHzGsGF6o/BX3meFwZEhKYproEJfU0Bs,0.840918,3.276758,2.013573
345300,a8x6/fzdaAIGhrSSMcDVTLQpso387VSzXHzGsGF6o/BX3meFwZEhKYproEJfU0Bs,1.523773,3.3726480000000003,2.101534
345600,a8x6/fzdaAIGhrSSMcDVTLQpso387VSzXHzGsGF6o/BX3meFwZEhKYproEJfU0Bs,1.540961,2.545777,1.906035
345900,a8x6/fzdaAIGhrSSMcDVTLQpso387VSzXHzGsGF6o/BX3meFwZEhKYproEJfU0Bs,1.3944020000000001,5.019931,2.355334
346200,a8x6/fzdaAIGhrSSMcDVTLQpso387VSzXHzGsGF6o/BX3meFwZEhKYproEJfU0Bs,1.7124810000000001,3.217279,2.184711
346500,a8x6/fzdaAIGhrSSMcDVTLQpso387VSzXHzGsGF6o/BX3meFwZEhKYproEJfU0Bs,1.49607,2.419952,1.948434
346800,a8x6/fzdaAIGhrSSMcDVTLQpso387VSzXHzGsGF6o/BX3meFwZEhKYproEJfU0Bs,1.472766,3.0757380000000003,1.994841
347100,a8x6/fzdaAIGhrSSMcDVTLQpso387VSzXHzGsGF6o/BX3meFwZEhKYproEJfU0Bs,1.543784,3.230111,2.103801
347400,a8x6/fzdaAIGhrSSMcDVTLQpso387VSzXHzGsGF6o/BX3meFwZEhKYproEJfU0Bs,1.532203,2.8158220000000003,2.013882
347700,a8x6/fzdaAIGhrSSMcDVTLQpso387VSzXHzGsGF6o/BX3meFwZEhKYproEJfU0Bs,1.548469,3.737822,2.236366
348000,a8x6/fzdaAIGhrSSMcDVTLQpso387VSzXHzGsGF6o/BX3meFwZEhKYproEJfU0Bs,1.742266,29.506802,4.842226999999999
348300,a8x6/fzdaAIGhrSSMcDVTLQpso387VSzXHzGsGF6o/BX3meFwZEhKYproEJfU0Bs,1.429044,2.215877,1.877435
348600,a8x6/fzdaAIGhrSSMcDVTLQpso387VSzXHzGsGF6o/BX3meFwZEhKYproEJfU0Bs,1.4923870000000001,2.884986,2.007508
348900,a8x6/fzdaAIGhrSSMcDVTLQpso387VSzXHzGsGF6o/BX3meFwZEhKYproEJfU0Bs,1.7623799999999998,3.0331069999999998,2.140158
349200,a8x6/fzdaAIGhrSSMcDVTLQpso387VSzXHzGsGF6o/BX3meFwZEhKYproEJfU0Bs,1.425506,2.344673,1.9132169999999997
349500,a8x6/fzdaAIGhrSSMcDVTLQpso387VSzXHzGsGF6o/BX3meFwZEhKYproEJfU0Bs,1.378478,2.841356,1.921418
349800,a8x6/fzdaAIGhrSSMcDVTLQpso387VSzXHzGsGF6o/BX3meFwZEhKYproEJfU0Bs,1.462194,2.801372,2.165258
350100,a8x6/fzdaAIGhrSSMcDVTLQpso387VSzXHzGsGF6o/BX3meFwZEhKYproEJfU0Bs,1.411553,2.7891340000000002,1.8600139999999998
350400,a8x6/fzdaAIGhrSSMcDVTLQpso387VSzXHzGsGF6o/BX3meFwZEhKYproEJfU0Bs,1.517059,3.532142,2.193623
350700,a8x6/fzdaAIGhrSSMcDVTLQpso387VSzXHzGsGF6o/BX3meFwZEhKYproEJfU0Bs,1.472636,2.821198,2.143354
351000,a8x6/fzdaAIGhrSSMcDVTLQpso387VSzXHzGsGF6o/BX3meFwZEhKYproEJfU0Bs,1.273461,2.901024,1.937614
351300,a8x6/fzdaAIGhrSSMcDVTLQpso387VSzXHzGsGF6o/BX3meFwZEhKYproEJfU0Bs,1.451219,3.239989,2.012689
351600,a8x6/fzdaAIGhrSSMcDVTLQpso387VSzXHzGsGF6o/BX3meFwZEhKYproEJfU0Bs,1.535295,17.40191,3.71385
351900,a8x6/fzdaAIGhrSSMcDVTLQpso387VSzXHzGsGF6o/BX3meFwZEhKYproEJfU0Bs,1.481359,2.627679,1.9178830000000002
352200,a8x6/fzdaAIGhrSSMcDVTLQpso387VSzXHzGsGF6o/BX3meFwZEhKYproEJfU0Bs,0.730405,3.11984,1.9242990000000002
352500,a8x6/fzdaAIGhrSSMcDVTLQpso387VSzXHzGsGF6o/BX3meFwZEhKYproEJfU0Bs,1.426807,2.868635,2.043654
352800,a8x6/fzdaAIGhrSSMcDVTLQpso387VSzXHzGsGF6o/BX3meFwZEhKYproEJfU0Bs,1.505182,2.653683,1.8847
353100,a8x6/fzdaAIGhrSSMcDVTLQpso387VSzXHzGsGF6o/BX3meFwZEhKYproEJfU0Bs,1.475225,3.076237,2.040499
353400,a8x6/fzdaAIGhrSSMcDVTLQpso387VSzXHzGsGF6o/BX3meFwZEhKYproEJfU0Bs,1.5003520000000001,2.853098,2.1129580000000003
353700,a8x6/fzdaAIGhrSSMcDVTLQpso387VSzXHzGsGF6o/BX3meFwZEhKYproEJfU0Bs,1.436305,2.657952,1.9154930000000001
354000,a8x6/fzdaAIGhrSSMcDVTLQpso387VSzXHzGsGF6o/BX3meFwZEhKYproEJfU0Bs,1.467324,3.2496389999999997,2.004339
354300,a8x6/fzdaAIGhrSSMcDVTLQpso387VSzXHzGsGF6o/BX3meFwZEhKYproEJfU0Bs,1.395749,2.772514,2.049561
354600,a8x6/fzdaAIGhrSSMcDVTLQpso387VSzXHzGsGF6o/BX3meFwZEhKYproEJfU0Bs,1.49512,2.6987080000000003,1.926232
354900,a8x6/fzdaAIGhrSSMcDVTLQpso387VSzXHzGsGF6o/BX3meFwZEhKYproEJfU0Bs,0.93489,3.1496,1.9480650000000002
355200,a8x6/fzdaAIGhrSSMcDVTLQpso387VSzXHzGsGF6o/BX3meFwZEhKYproEJfU0Bs,1.36821,29.73457,4.946363
355500,a8x6/fzdaAIGhrSSMcDVTLQpso387VSzXHzGsGF6o/BX3meFwZEhKYproEJfU0Bs,1.234584,2.447668,1.7905779999999998
355800,a8x6/fzdaAIGhrSSMcDVTLQpso387VSzXHzGsGF6o/BX3meFwZEhKYproEJfU0Bs,1.435938,3.115765,1.9733310000000002
356100,a8x6/fzdaAIGhrSSMcDVTLQpso387VSzXHzGsGF6o/BX3meFwZEhKYproEJfU0Bs,1.451087,2.86849,2.133381
356400,a8x6/fzdaAIGhrSSMcDVTLQpso387VSzXHzGsGF6o/BX3meFwZEhKYproEJfU0Bs,0.776046,2.808086,1.8676259999999998
356700,a8x6/fzdaAIGhrSSMcDVTLQpso387VSzXHzGsGF6o/BX3meFwZEhKYproEJfU0Bs,1.472114,3.235312,2.024991
357000,a8x6/fzdaAIGhrSSMcDVTLQpso387VSzXHzGsGF6o/BX3meFwZEhKYproEJfU0Bs,0.8998510000000001,2.8340509999999997,2.078769
357300,a8x6/fzdaAIGhrSSMcDVTLQpso387VSzXHzGsGF6o/BX3meFwZEhKYproEJfU0Bs,1.5150219999999999,2.974175,2.000902
357600,a8x6/fzdaAIGhrSSMcDVTLQpso387VSzXHzGsGF6o/BX3meFwZEhKYproEJfU0Bs,0.9100950000000001,3.247944,1.942979
357900,a8x6/fzdaAIGhrSSMcDVTLQpso387VSzXHzGsGF6o/BX3meFwZEhKYproEJfU0Bs,1.491336,2.7690770000000002,2.06527
358200,a8x6/fzdaAIGhrSSMcDVTLQpso387VSzXHzGsGF6o/BX3meFwZEhKYproEJfU0Bs,1.2028379999999999,2.541101,1.824323
358500,a8x6/fzdaAIGhrSSMcDVTLQpso387VSzXHzGsGF6o/BX3meFwZEhKYproEJfU0Bs,1.531097,3.1300209999999997,2.0436419999999997
358800,a8x6/fzdaAIGhrSSMcDVTLQpso387VSzXHzGsGF6o/BX3meFwZEhKYproEJfU0Bs,0.9126879999999999,29.887684999999998,4.537632
359100,a8x6/fzdaAIGhrSSMcDVTLQpso387VSzXHzGsGF6o/BX3meFwZEhKYproEJfU0Bs,1.4757209999999998,2.511335,1.9789580000000002
359400,a8x6/fzdaAIGhrSSMcDVTLQpso387VSzXHzGsGF6o/BX3meFwZEhKYproEJfU0Bs,1.540389,3.087777,2.072533
359700,a8x6/fzdaAIGhrSSMcDVTLQpso387VSzXHzGsGF6o/BX3meFwZEhKYproEJfU0Bs,1.472969,2.752815,2.145667
360000,a8x6/fzdaAIGhrSSMcDVTLQpso387VSzXHzGsGF6o/BX3meFwZEhKYproEJfU0Bs,1.4484549999999998,3.034112,2.03158
360300,a8x6/fzdaAIGhrSSMcDVTLQpso387VSzXHzGsGF6o/BX3meFwZEhKYproEJfU0Bs,1.549816,3.2417689999999997,2.082343
360600,a8x6/fzdaAIGhrSSMcDVTLQpso387VSzXHzGsGF6o/BX3meFwZEhKYproEJfU0Bs,1.550758,2.7963459999999998,2.158531
360900,a8x6/fzdaAIGhrSSMcDVTLQpso387VSzXHzGsGF6o/BX3meFwZEhKYproEJfU0Bs,1.579893,36.367173,10.228183
361200,a8x6/fzdaAIGhrSSMcDVTLQpso387VSzXHzGsGF6o/BX3meFwZEhKYproEJfU0Bs,1.565346,3.845478,2.2394220000000002
361500,a8x6/fzdaAIGhrSSMcDVTLQpso387VSzXHzGsGF6o/BX3meFwZEhKYproEJfU0Bs,1.075186,2.829453,2.033032
361800,a8x6/fzdaAIGhrSSMcDVTLQpso387VSzXHzGsGF6o/BX3meFwZEhKYproEJfU0Bs,1.492866,2.6417889999999997,2.020221
362100,a8x6/fzdaAIGhrSSMcDVTLQpso387VSzXHzGsGF6o/BX3meFwZEhKYproEJfU0Bs,1.485883,3.476078,2.06964
362400,a8x6/fzdaAIGhrSSMcDVTLQpso387VSzXHzGsGF6o/BX3meFwZEhKYproEJfU0Bs,1.567164,79.39349200000001,11.092678
362700,a8x6/fzdaAIGhrSSMcDVTLQpso387VSzXHzGsGF6o/BX3meFwZEhKYproEJfU0Bs,1.479703,3.080298,2.03534
363000,a8x6/fzdaAIGhrSSMcDVTLQpso387VSzXHzGsGF6o/BX3meFwZEhKYproEJfU0Bs,1.491909,2.947443,2.0272419999999998
363300,a8x6/fzdaAIGhrSSMcDVTLQpso387VSzXHzGsGF6o/BX3meFwZEhKYproEJfU0Bs,1.5018049999999998,2.6914279999999997,1.99253
363600,a8x6/fzdaAIGhrSSMcDVTLQpso387VSzXHzGsGF6o/BX3meFwZEhKYproEJfU0Bs,1.4785700000000002,3.112545,2.003139
363900,a8x6/fzdaAIGhrSSMcDVTLQpso387VSzXHzGsGF6o/BX3meFwZEhKYproEJfU0Bs,1.527652,3.309417,2.069412
364200,a8x6/fzdaAIGhrSSMcDVTLQpso387VSzXHzGsGF6o/BX3meFwZEhKYproEJfU0Bs,1.537755,2.78767,2.0686080000000002
364500,a8x6/fzdaAIGhrSSMcDVTLQpso387VSzXHzGsGF6o/BX3meFwZEhKYproEJfU0Bs,1.557309,3.030681,2.0715220000000003
364800,a8x6/fzdaAIGhrSSMcDVTLQpso387VSzXHzGsGF6o/BX3meFwZEhKYproEJfU0Bs,1.5157450000000001,3.117067,2.005656
365100,a8x6/fzdaAIGhrSSMcDVTLQpso387VSzXHzGsGF6o/BX3meFwZEhKYproEJfU0Bs,1.470094,2.485889,1.967026
365400,a8x6/fzdaAIGhrSSMcDVTLQpso387VSzXHzGsGF6o/BX3meFwZEhKYproEJfU0Bs,1.506183,5.1874080000000005,2.247634
365700,a8x6/fzdaAIGhrSSMcDVTLQpso387VSzXHzGsGF6o/BX3meFwZEhKYproEJfU0Bs,1.470912,3.102594,2.0403279999999997
366000,a8x6/fzdaAIGhrSSMcDVTLQpso387VSzXHzGsGF6o/BX3meFwZEhKYproEJfU0Bs,1.632824,30.904327000000002,4.842384
366300,a8x6/fzdaAIGhrSSMcDVTLQpso387VSzXHzGsGF6o/BX3meFwZEhKYproEJfU0Bs,1.183238,2.921259,1.974675
366600,a8x6/fzdaAIGhrSSMcDVTLQpso387VSzXHzGsGF6o/BX3meFwZEhKYproEJfU0Bs,1.4674969999999998,3.130185,2.237982
366900,a8x6/fzdaAIGhrSSMcDVTLQpso387VSzXHzGsGF6o/BX3meFwZEhKYproEJfU0Bs,0.940852,2.470121,1.8480279999999998
367200,a8x6/fzdaAIGhrSSMcDVTLQpso387VSzXHzGsGF6o/BX3meFwZEhKYproEJfU0Bs,1.298184,2.882102,1.9020990000000002
367500,a8x6/fzdaAIGhrSSMcDVTLQpso387VSzXHzGsGF6o/BX3meFwZEhKYproEJfU0Bs,1.419982,3.035009,1.934827
367800,a8x6/fzdaAIGhrSSMcDVTLQpso387VSzXHzGsGF6o/BX3meFwZEhKYproEJfU0Bs,1.472856,2.5482099999999996,1.974059
368100,a8x6/fzdaAIGhrSSMcDVTLQpso387VSzXHzGsGF6o/BX3meFwZEhKYproEJfU0Bs,1.385845,3.066732,2.000832
368400,a8x6/fzdaAIGhrSSMcDVTLQpso387VSzXHzGsGF6o/BX3meFwZEhKYproEJfU0Bs,0.937283,3.097048,1.9061669999999997
368700,a8x6/fzdaAIGhrSSMcDVTLQpso387VSzXHzGsGF6o/BX3meFwZEhKYproEJfU0Bs,1.440417,2.494566,1.9081860000000002
369000,a8x6/fzdaAIGhrSSMcDVTLQpso387VSzXHzGsGF6o/BX3meFwZEhKYproEJfU0Bs,1.3876600000000001,3.038852,1.8993490000000002
369300,a8x6/fzdaAIGhrSSMcDVTLQpso387VSzXHzGsGF6o/BX3meFwZEhKYproEJfU0Bs,1.4028530000000001,3.07439,1.951489
369600,a8x6/fzdaAIGhrSSMcDVTLQpso387VSzXHzGsGF6o/BX3meFwZEhKYproEJfU0Bs,1.397535,30.517984999999996,4.467246
369900,a8x6/fzdaAIGhrSSMcDVTLQpso387VSzXHzGsGF6o/BX3meFwZEhKYproEJfU0Bs,1.251675,2.928936,1.9188009999999998
370200,a8x6/fzdaAIGhrSSMcDVTLQpso387VSzXHzGsGF6o/BX3meFwZEhKYproEJfU0Bs,1.446495,2.8381990000000004,1.9532049999999999
370500,a8x6/fzdaAIGhrSSMcDVTLQpso387VSzXHzGsGF6o/BX3meFwZEhKYproEJfU0Bs,1.259994,2.335311,1.809005
370800,a8x6/fzdaAIGhrSSMcDVTLQpso387VSzXHzGsGF6o/BX3meFwZEhKYproEJfU0Bs,1.434379,2.879372,1.8826720000000001
371100,a8x6/fzdaAIGhrSSMcDVTLQpso387VSzXHzGsGF6o/BX3meFwZEhKYproEJfU0Bs,1.460897,2.897381,1.9838310000000001
371400,a8x6/fzdaAIGhrSSMcDVTLQpso387VSzXHzGsGF6o/BX3meFwZEhKYproEJfU0Bs,1.478507,2.413454,1.894869
371700,a8x6/fzdaAIGhrSSMcDVTLQpso387VSzXHzGsGF6o/BX3meFwZEhKYproEJfU0Bs,1.425517,2.848961,1.916234
372000,a8x6/fzdaAIGhrSSMcDVTLQpso387VSzXHzGsGF6o/BX3meFwZEhKYproEJfU0Bs,1.458228,2.928229,1.9688299999999999
372300,a8x6/fzdaAIGhrSSMcDVTLQpso387VSzXHzGsGF6o/BX3meFwZEhKYproEJfU0Bs,1.492529,5.044346,2.501687
372600,a8x6/fzdaAIGhrSSMcDVTLQpso387VSzXHzGsGF6o/BX3meFwZEhKYproEJfU0Bs,1.30605,2.978015,1.9662099999999998
372900,a8x6/fzdaAIGhrSSMcDVTLQpso387VSzXHzGsGF6o/BX3meFwZEhKYproEJfU0Bs,1.4067290000000001,2.836279,1.9293360000000002
373200,a8x6/fzdaAIGhrSSMcDVTLQpso387VSzXHzGsGF6o/BX3meFwZEhKYproEJfU0Bs,1.186217,27.752788,4.676511
373500,a8x6/fzdaAIGhrSSMcDVTLQpso387VSzXHzGsGF6o/BX3meFwZEhKYproEJfU0Bs,1.4354930000000001,2.866652,2.016753
373800,a8x6/fzdaAIGhrSSMcDVTLQpso387VSzXHzGsGF6o/BX3meFwZEhKYproEJfU0Bs,1.438002,2.780481,1.9514340000000001
374100,a8x6/fzdaAIGhrSSMcDVTLQpso387VSzXHzGsGF6o/BX3meFwZEhKYproEJfU0Bs,1.462996,2.334439,1.903688
374400,a8x6/fzdaAIGhrSSMcDVTLQpso387VSzXHzGsGF6o/BX3meFwZEhKYproEJfU0Bs,1.4205649999999999,2.942882,1.9291060000000002
374700,a8x6/fzdaAIGhrSSMcDVTLQpso387VSzXHzGsGF6o/BX3meFwZEhKYproEJfU0Bs,1.489308,2.918717,1.995373
375000,a8x6/fzdaAIGhrSSMcDVTLQpso387VSzXHzGsGF6o/BX3meFwZEhKYproEJfU0Bs,1.414477,2.483668,1.952087
375300,a8x6/fzdaAIGhrSSMcDVTLQpso387VSzXHzGsGF6o/BX3meFwZEhKYproEJfU0Bs,1.523216,2.871375,1.89945
375600,a8x6/fzdaAIGhrSSMcDVTLQpso387VSzXHzGsGF6o/BX3meFwZEhKYproEJfU0Bs,1.426488,2.743234,1.961242
375900,a8x6/fzdaAIGhrSSMcDVTLQpso387VSzXHzGsGF6o/BX3meFwZEhKYproEJfU0Bs,1.2628469999999998,2.350115,1.784388
376200,a8x6/fzdaAIGhrSSMcDVTLQpso387VSzXHzGsGF6o/BX3meFwZEhKYproEJfU0Bs,1.432667,3.068009,1.9775619999999998
376500,a8x6/fzdaAIGhrSSMcDVTLQpso387VSzXHzGsGF6o/BX3meFwZEhKYproEJfU0Bs,0.656736,2.592709,1.722309
376800,a8x6/fzdaAIGhrSSMcDVTLQpso387VSzXHzGsGF6o/BX3meFwZEhKYproEJfU0Bs,1.389499,29.93357,4.727811
377100,a8x6/fzdaAIGhrSSMcDVTLQpso387VSzXHzGsGF6o/BX3meFwZEhKYproEJfU0Bs,0.793438,2.554455,1.723063
377400,a8x6/fzdaAIGhrSSMcDVTLQpso387VSzXHzGsGF6o/BX3meFwZEhKYproEJfU0Bs,1.415453,2.7948779999999998,1.872526
377700,a8x6/fzdaAIGhrSSMcDVTLQpso387VSzXHzGsGF6o/BX3meFwZEhKYproEJfU0Bs,1.3449200000000001,2.609744,1.851853
378000,a8x6/fzdaAIGhrSSMcDVTLQpso387VSzXHzGsGF6o/BX3meFwZEhKYproEJfU0Bs,0.95878,3.141425,1.7838779999999999
378300,a8x6/fzdaAIGhrSSMcDVTLQpso387VSzXHzGsGF6o/BX3meFwZEhKYproEJfU0Bs,1.409832,2.667522,1.8948450000000001
378600,a8x6/fzdaAIGhrSSMcDVTLQpso387VSzXHzGsGF6o/BX3meFwZEhKYproEJfU0Bs,1.237585,2.443173,1.7467130000000002
378900,a8x6/fzdaAIGhrSSMcDVTLQpso387VSzXHzGsGF6o/BX3meFwZEhKYproEJfU0Bs,1.449028,3.068823,1.958925
379200,a8x6/fzdaAIGhrSSMcDVTLQpso387VSzXHzGsGF6o/BX3meFwZEhKYproEJfU0Bs,1.336195,2.543365,1.7722759999999997
379500,a8x6/fzdaAIGhrSSMcDVTLQpso387VSzXHzGsGF6o/BX3meFwZEhKYproEJfU0Bs,1.373002,2.640724,1.8606880000000001
379800,a8x6/fzdaAIGhrSSMcDVTLQpso387VSzXHzGsGF6o/BX3meFwZEhKYproEJfU0Bs,1.393062,2.5130470000000003,1.785261
380100,a8x6/fzdaAIGhrSSMcDVTLQpso387VSzXHzGsGF6o/BX3meFwZEhKYproEJfU0Bs,1.4034799999999998,2.685212,1.830243
380400,a8x6/fzdaAIGhrSSMcDVTLQpso387VSzXHzGsGF6o/BX3meFwZEhKYproEJfU0Bs,1.4212120000000001,25.525553,4.438178
380700,a8x6/fzdaAIGhrSSMcDVTLQpso387VSzXHzGsGF6o/BX3meFwZEhKYproEJfU0Bs,1.391073,3.083136,1.8676650000000001
381000,a8x6/fzdaAIGhrSSMcDVTLQpso387VSzXHzGsGF6o/BX3meFwZEhKYproEJfU0Bs,1.4180110000000001,2.643367,1.933254
381300,a8x6/fzdaAIGhrSSMcDVTLQpso387VSzXHzGsGF6o/BX3meFwZEhKYproEJfU0Bs,1.37704,3.1686360000000002,1.936973
381600,a8x6/fzdaAIGhrSSMcDVTLQpso387VSzXHzGsGF6o/BX3meFwZEhKYproEJfU0Bs,1.400935,2.951027,1.8948310000000002
381900,a8x6/fzdaAIGhrSSMcDVTLQpso387VSzXHzGsGF6o/BX3meFwZEhKYproEJfU0Bs,1.375704,2.547604,1.798503
382200,a8x6/fzdaAIGhrSSMcDVTLQpso387VSzXHzGsGF6o/BX3meFwZEhKYproEJfU0Bs,1.432741,2.64682,1.899772
382500,a8x6/fzdaAIGhrSSMcDVTLQpso387VSzXHzGsGF6o/BX3meFwZEhKYproEJfU0Bs,0.956203,2.579671,1.714596
382800,a8x6/fzdaAIGhrSSMcDVTLQpso387VSzXHzGsGF6o/BX3meFwZEhKYproEJfU0Bs,1.379404,2.6643,1.833015
383100,a8x6/fzdaAIGhrSSMcDVTLQpso387VSzXHzGsGF6o/BX3meFwZEhKYproEJfU0Bs,1.373687,2.4837029999999998,1.875213
383400,a8x6/fzdaAIGhrSSMcDVTLQpso387VSzXHzGsGF6o/BX3meFwZEhKYproEJfU0Bs,1.387845,3.021303,1.9213639999999998
383700,a8x6/fzdaAIGhrSSMcDVTLQpso387VSzXHzGsGF6o/BX3meFwZEhKYproEJfU0Bs,1.478322,2.661851,1.92135
384000,a8x6/fzdaAIGhrSSMcDVTLQpso387VSzXHzGsGF6o/BX3meFwZEhKYproEJfU0Bs,1.501506,29.683124,7.167606
384300,a8x6/fzdaAIGhrSSMcDVTLQpso387VSzXHzGsGF6o/BX3meFwZEhKYproEJfU0Bs,1.389932,3.161986,1.977991
384600,a8x6/fzdaAIGhrSSMcDVTLQpso387VSzXHzGsGF6o/BX3meFwZEhKYproEJfU0Bs,0.705819,2.014677,1.595164
384900,a8x6/fzdaAIGhrSSMcDVTLQpso387VSzXHzGsGF6o/BX3meFwZEhKYproEJfU0Bs,1.415697,2.53835,1.9484380000000001
385200,a8x6/fzdaAIGhrSSMcDVTLQpso387VSzXHzGsGF6o/BX3meFwZEhKYproEJfU0Bs,1.147728,2.539661,1.753773
385500,a8x6/fzdaAIGhrSSMcDVTLQpso387VSzXHzGsGF6o/BX3meFwZEhKYproEJfU0Bs,1.418218,2.565184,1.85327
385800,a8x6/fzdaAIGhrSSMcDVTLQpso387VSzXHzGsGF6o/BX3meFwZEhKYproEJfU0Bs,1.29843,2.433465,1.857341
386100,a8x6/fzdaAIGhrSSMcDVTLQpso387VSzXHzGsGF6o/BX3meFwZEhKYproEJfU0Bs,1.104028,3.065522,1.7834759999999998
386400,a8x6/fzdaAIGhrSSMcDVTLQpso387VSzXHzGsGF6o/BX3meFwZEhKYproEJfU0Bs,1.388296,2.575227,1.8356
386700,a8x6/fzdaAIGhrSSMcDVTLQpso387VSzXHzGsGF6o/BX3meFwZEhKYproEJfU0Bs,1.410161,4.2831,2.1917259999999996
387000,a8x6/fzdaAIGhrSSMcDVTLQpso387VSzXHzGsGF6o/BX3meFwZEhKYproEJfU0Bs,1.51635,2.872525,1.9557919999999998
387300,a8x6/fzdaAIGhrSSMcDVTLQpso387VSzXHzGsGF6o/BX3meFwZEhKYproEJfU0Bs,1.414699,4.6830620000000005,2.0583560000000003
387600,a8x6/fzdaAIGhrSSMcDVTLQpso387VSzXHzGsGF6o/BX3meFwZEhKYproEJfU0Bs,1.4901799999999998,29.376084999999996,4.823313
387900,a8x6/fzdaAIGhrSSMcDVTLQpso387VSzXHzGsGF6o/BX3meFwZEhKYproEJfU0Bs,0.8160310000000001,2.4740759999999997,1.78482
388200,a8x6/fzdaAIGhrSSMcDVTLQpso387VSzXHzGsGF6o/BX3meFwZEhKYproEJfU0Bs,1.381163,2.5449599999999997,1.9184240000000001
388500,a8x6/fzdaAIGhrSSMcDVTLQpso387VSzXHzGsGF6o/BX3meFwZEhKYproEJfU0Bs,0.7031029999999999,2.696614,1.85303
388800,a8x6/fzdaAIGhrSSMcDVTLQpso387VSzXHzGsGF6o/BX3meFwZEhKYproEJfU0Bs,1.562782,3.006907,1.919709
389100,a8x6/fzdaAIGhrSSMcDVTLQpso387VSzXHzGsGF6o/BX3meFwZEhKYproEJfU0Bs,1.5011709999999998,2.839207,1.978682
389400,a8x6/fzdaAIGhrSSMcDVTLQpso387VSzXHzGsGF6o/BX3meFwZEhKYproEJfU0Bs,1.110135,2.579907,1.9152069999999999
389700,a8x6/fzdaAIGhrSSMcDVTLQpso387VSzXHzGsGF6o/BX3meFwZEhKYproEJfU0Bs,1.592273,39.423607000000004,10.533698
390000,a8x6/fzdaAIGhrSSMcDVTLQpso387VSzXHzGsGF6o/BX3meFwZEhKYproEJfU0Bs,1.492192,20.451078,3.820025
390300,a8x6/fzdaAIGhrSSMcDVTLQpso387VSzXHzGsGF6o/BX3meFwZEhKYproEJfU0Bs,1.502377,3.654719,2.076142
390600,a8x6/fzdaAIGhrSSMcDVTLQpso387VSzXHzGsGF6o/BX3meFwZEhKYproEJfU0Bs,1.236453,3.169827,1.92177
390900,a8x6/fzdaAIGhrSSMcDVTLQpso387VSzXHzGsGF6o/BX3meFwZEhKYproEJfU0Bs,1.492887,2.5774630000000003,1.926104
391200,a8x6/fzdaAIGhrSSMcDVTLQpso387VSzXHzGsGF6o/BX3meFwZEhKYproEJfU0Bs,1.081664,18.895519,3.7198379999999998
391500,a8x6/fzdaAIGhrSSMcDVTLQpso387VSzXHzGsGF6o/BX3meFwZEhKYproEJfU0Bs,0.8443879999999999,12.346366,2.9437729999999998
391800,a8x6/fzdaAIGhrSSMcDVTLQpso387VSzXHzGsGF6o/BX3meFwZEhKYproEJfU0Bs,1.429,2.326711,1.7973810000000001
392100,a8x6/fzdaAIGhrSSMcDVTLQpso387VSzXHzGsGF6o/BX3meFwZEhKYproEJfU0Bs,0.838462,3.3796209999999998,1.861117
392400,a8x6/fzdaAIGhrSSMcDVTLQpso387VSzXHzGsGF6o/BX3meFwZEhKYproEJfU0Bs,1.392266,3.1061330000000003,1.915935
392700,a8x6/fzdaAIGhrSSMcDVTLQpso387VSzXHzGsGF6o/BX3meFwZEhKYproEJfU0Bs,1.006257,2.57662,1.79767
393000,a8x6/fzdaAIGhrSSMcDVTLQpso387VSzXHzGsGF6o/BX3meFwZEhKYproEJfU0Bs,1.455661,3.418161,2.015333
393300,a8x6/fzdaAIGhrSSMcDVTLQpso387VSzXHzGsGF6o/BX3meFwZEhKYproEJfU0Bs,1.473503,2.45428,1.8319189999999999
393600,a8x6/fzdaAIGhrSSMcDVTLQpso387VSzXHzGsGF6o/BX3meFwZEhKYproEJfU0Bs,1.497941,2.5180540000000002,1.8640720000000002
393900,a8x6/fzdaAIGhrSSMcDVTLQpso387VSzXHzGsGF6o/BX3meFwZEhKYproEJfU0Bs,1.1497899999999999,3.127687,1.5845479999999998
394200,a8x6/fzdaAIGhrSSMcDVTLQpso387VSzXHzGsGF6o/BX3meFwZEhKYproEJfU0Bs,1.315037,3.225075,1.762429
394500,a8x6/fzdaAIGhrSSMcDVTLQpso387VSzXHzGsGF6o/BX3meFwZEhKYproEJfU0Bs,1.44869,2.556278,1.8892240000000002
394800,a8x6/fzdaAIGhrSSMcDVTLQpso387VSzXHzGsGF6o/BX3meFwZEhKYproEJfU0Bs,1.1170950000000002,2.957713,1.77968
395100,a8x6/fzdaAIGhrSSMcDVTLQpso387VSzXHzGsGF6o/BX3meFwZEhKYproEJfU0Bs,1.474301,30.169535999999997,4.838161
395400,a8x6/fzdaAIGhrSSMcDVTLQpso387VSzXHzGsGF6o/BX3meFwZEhKYproEJfU0Bs,1.490145,2.461814,1.8801
395700,a8x6/fzdaAIGhrSSMcDVTLQpso387VSzXHzGsGF6o/BX3meFwZEhKYproEJfU0Bs,1.477273,3.4557160000000002,2.041886
396000,a8x6/fzdaAIGhrSSMcDVTLQpso387VSzXHzGsGF6o/BX3meFwZEhKYproEJfU0Bs,1.468081,2.533395,1.8457270000000001
396300,a8x6/fzdaAIGhrSSMcDVTLQpso387VSzXHzGsGF6o/BX3meFwZEhKYproEJfU0Bs,1.477325,2.6138220000000003,1.9285880000000002
396600,a8x6/fzdaAIGhrSSMcDVTLQpso387VSzXHzGsGF6o/BX3meFwZEhKYproEJfU0Bs,1.509957,3.503276,1.935486
396900,a8x6/fzdaAIGhrSSMcDVTLQpso387VSzXHzGsGF6o/BX3meFwZEhKYproEJfU0Bs,1.484568,3.2664299999999997,1.932654
397200,a8x6/fzdaAIGhrSSMcDVTLQpso387VSzXHzGsGF6o/BX3meFwZEhKYproEJfU0Bs,1.472816,2.425031,1.942767
397500,a8x6/fzdaAIGhrSSMcDVTLQpso387VSzXHzGsGF6o/BX3meFwZEhKYproEJfU0Bs,0.7103079999999999,2.823106,1.7713240000000001
397800,a8x6/fzdaAIGhrSSMcDVTLQpso387VSzXHzGsGF6o/BX3meFwZEhKYproEJfU0Bs,1.490341,3.020768,1.956763
398100,a8x6/fzdaAIGhrSSMcDVTLQpso387VSzXHzGsGF6o/BX3meFwZEhKYproEJfU0Bs,0.869849,2.3344270000000003,1.738145
398400,a8x6/fzdaAIGhrSSMcDVTLQpso387VSzXHzGsGF6o/BX3meFwZEhKYproEJfU0Bs,1.431339,3.574323,1.9814009999999997
398700,a8x6/fzdaAIGhrSSMcDVTLQpso387VSzXHzGsGF6o/BX3meFwZEhKYproEJfU0Bs,1.308875,29.795432,4.603789
399000,a8x6/fzdaAIGhrSSMcDVTLQpso387VSzXHzGsGF6o/BX3meFwZEhKYproEJfU0Bs,1.478799,2.608559,1.92796
399300,a8x6/fzdaAIGhrSSMcDVTLQpso387VSzXHzGsGF6o/BX3meFwZEhKYproEJfU0Bs,1.431878,3.315511,1.982466
399600,a8x6/fzdaAIGhrSSMcDVTLQpso387VSzXHzGsGF6o/BX3meFwZEhKYproEJfU0Bs,1.46634,3.084721,1.9190209999999999
399900,a8x6/fzdaAIGhrSSMcDVTLQpso387VSzXHzGsGF6o/BX3meFwZEhKYproEJfU0Bs,1.4798799999999999,2.5099240000000003,1.9787270000000001
400200,a8x6/fzdaAIGhrSSMcDVTLQpso387VSzXHzGsGF6o/BX3meFwZEhKYproEJfU0Bs,1.431517,2.809809,1.967571
400500,a8x6/fzdaAIGhrSSMcDVTLQpso387VSzXHzGsGF6o/BX3meFwZEhKYproEJfU0Bs,1.4930709999999998,3.023876,1.966
400800,a8x6/fzdaAIGhrSSMcDVTLQpso387VSzXHzGsGF6o/BX3meFwZEhKYproEJfU0Bs,1.450612,2.180009,1.83434
401100,a8x6/fzdaAIGhrSSMcDVTLQpso387VSzXHzGsGF6o/BX3meFwZEhKYproEJfU0Bs,1.462977,3.390704,2.174327
401400,a8x6/fzdaAIGhrSSMcDVTLQpso387VSzXHzGsGF6o/BX3meFwZEhKYproEJfU0Bs,0.818605,2.487343,1.770419
401700,a8x6/fzdaAIGhrSSMcDVTLQpso387VSzXHzGsGF6o/BX3meFwZEhKYproEJfU0Bs,1.458151,2.394085,1.888709
402000,a8x6/fzdaAIGhrSSMcDVTLQpso387VSzXHzGsGF6o/BX3meFwZEhKYproEJfU0Bs,1.4551459999999998,2.91385,2.025735
402300,a8x6/fzdaAIGhrSSMcDVTLQpso387VSzXHzGsGF6o/BX3meFwZEhKYproEJfU0Bs,1.632385,26.050058,5.170726999999999
402600,a8x6/fzdaAIGhrSSMcDVTLQpso387VSzXHzGsGF6o/BX3meFwZEhKYproEJfU0Bs,1.480957,2.699752,1.8794279999999999
402900,a8x6/fzdaAIGhrSSMcDVTLQpso387VSzXHzGsGF6o/BX3meFwZEhKYproEJfU0Bs,1.4704139999999999,3.3867809999999996,1.967999
403200,a8x6/fzdaAIGhrSSMcDVTLQpso387VSzXHzGsGF6o/BX3meFwZEhKYproEJfU0Bs,1.404935,2.671015,1.92842
403500,a8x6/fzdaAIGhrSSMcDVTLQpso387VSzXHzGsGF6o/BX3meFwZEhKYproEJfU0Bs,0.9985,2.737851,1.931784
403800,a8x6/fzdaAIGhrSSMcDVTLQpso387VSzXHzGsGF6o/BX3meFwZEhKYproEJfU0Bs,1.3913149999999999,3.42056,2.055341
404100,a8x6/fzdaAIGhrSSMcDVTLQpso387VSzXHzGsGF6o/BX3meFwZEhKYproEJfU0Bs,1.001773,2.7594950000000003,1.7509150000000002
404400,a8x6/fzdaAIGhrSSMcDVTLQpso387VSzXHzGsGF6o/BX3meFwZEhKYproEJfU0Bs,1.522338,2.692631,2.016565
404700,a8x6/fzdaAIGhrSSMcDVTLQpso387VSzXHzGsGF6o/BX3meFwZEhKYproEJfU0Bs,1.488338,3.9286839999999996,2.12682
405000,a8x6/fzdaAIGhrSSMcDVTLQpso387VSzXHzGsGF6o/BX3meFwZEhKYproEJfU0Bs,1.059185,2.938762,1.8582580000000002
405300,a8x6/fzdaAIGhrSSMcDVTLQpso387VSzXHzGsGF6o/BX3meFwZEhKYproEJfU0Bs,1.498793,2.738336,2.0238650000000002
405600,a8x6/fzdaAIGhrSSMcDVTLQpso387VSzXHzGsGF6o/BX3meFwZEhKYproEJfU0Bs,1.46373,3.146141,1.944654
405900,a8x6/fzdaAIGhrSSMcDVTLQpso387VSzXHzGsGF6o/BX3meFwZEhKYproEJfU0Bs,1.442756,30.050959999999996,4.699682
406200,a8x6/fzdaAIGhrSSMcDVTLQpso387VSzXHzGsGF6o/BX3meFwZEhKYproEJfU0Bs,1.484055,3.504828,2.151826
406500,a8x6/fzdaAIGhrSSMcDVTLQpso387VSzXHzGsGF6o/BX3meFwZEhKYproEJfU0Bs,1.502438,3.013086,2.01372
406800,a8x6/fzdaAIGhrSSMcDVTLQpso387VSzXHzGsGF6o/BX3meFwZEhKYproEJfU0Bs,1.4485219999999999,2.66324,1.880225
407100,a8x6/fzdaAIGhrSSMcDVTLQpso387VSzXHzGsGF6o/BX3meFwZEhKYproEJfU0Bs,1.4891370000000002,2.711912,1.97807
407400,a8x6/fzdaAIGhrSSMcDVTLQpso387VSzXHzGsGF6o/BX3meFwZEhKYproEJfU0Bs,1.333216,3.5651349999999997,2.033609
407700,a8x6/fzdaAIGhrSSMcDVTLQpso387VSzXHzGsGF6o/BX3meFwZEhKYproEJfU0Bs,1.5495299999999999,2.821247,1.916537
408000,a8x6/fzdaAIGhrSSMcDVTLQpso387VSzXHzGsGF6o/BX3meFwZEhKYproEJfU0Bs,1.429557,2.849784,1.9879069999999999
408300,a8x6/fzdaAIGhrSSMcDVTLQpso387VSzXHzGsGF6o/BX3meFwZEhKYproEJfU0Bs,1.456335,3.255535,1.972323
408600,a8x6/fzdaAIGhrSSMcDVTLQpso387VSzXHzGsGF6o/BX3meFwZEhKYproEJfU0Bs,1.395624,2.7390950000000003,1.9277240000000002
408900,a8x6/fzdaAIGhrSSMcDVTLQpso387VSzXHzGsGF6o/BX3meFwZEhKYproEJfU0Bs,1.16509,2.739366,1.9499490000000002
409200,a8x6/fzdaAIGhrSSMcDVTLQpso387VSzXHzGsGF6o/BX3meFwZEhKYproEJfU0Bs,1.461908,3.096032,2.0232
409500,a8x6/fzdaAIGhrSSMcDVTLQpso387VSzXHzGsGF6o/BX3meFwZEhKYproEJfU0Bs,1.018959,29.885077000000003,4.583525
409800,a8x6/fzdaAIGhrSSMcDVTLQpso387VSzXHzGsGF6o/BX3meFwZEhKYproEJfU0Bs,1.4490809999999998,2.6679470000000003,1.933429
410100,a8x6/fzdaAIGhrSSMcDVTLQpso387VSzXHzGsGF6o/BX3meFwZEhKYproEJfU0Bs,1.1162159999999999,3.123182,1.935187
410400,a8x6/fzdaAIGhrSSMcDVTLQpso387VSzXHzGsGF6o/BX3meFwZEhKYproEJfU0Bs,0.95176,7.765784,3.23468
410700,a8x6/fzdaAIGhrSSMcDVTLQpso387VSzXHzGsGF6o/BX3meFwZEhKYproEJfU0Bs,1.505269,2.704997,1.9834479999999999
411000,a8x6/fzdaAIGhrSSMcDVTLQpso387VSzXHzGsGF6o/BX3meFwZEhKYproEJfU0Bs,1.5064620000000002,3.299005,2.006576
411300,a8x6/fzdaAIGhrSSMcDVTLQpso387VSzXHzGsGF6o/BX3meFwZEhKYproEJfU0Bs,1.495718,2.688863,1.9503099999999998
411600,a8x6/fzdaAIGhrSSMcDVTLQpso387VSzXHzGsGF6o/BX3meFwZEhKYproEJfU0Bs,1.439022,2.743559,2.022686
411900,a8x6/fzdaAIGhrSSMcDVTLQpso387VSzXHzGsGF6o/BX3meFwZEhKYproEJfU0Bs,1.5412629999999998,3.10728,2.107024
412200,a8x6/fzdaAIGhrSSMcDVTLQpso387VSzXHzGsGF6o/BX3meFwZEhKYproEJfU0Bs,1.369767,2.697943,1.836398
412500,a8x6/fzdaAIGhrSSMcDVTLQpso387VSzXHzGsGF6o/BX3meFwZEhKYproEJfU0Bs,1.521779,2.713062,2.018887
412800,a8x6/fzdaAIGhrSSMcDVTLQpso387VSzXHzGsGF6o/BX3meFwZEhKYproEJfU0Bs,1.620781,3.186185,2.07792
413100,a8x6/fzdaAIGhrSSMcDVTLQpso387VSzXHzGsGF6o/BX3meFwZEhKYproEJfU0Bs,1.460269,28.329839,4.751792
413400,a8x6/fzdaAIGhrSSMcDVTLQpso387VSzXHzGsGF6o/BX3meFwZEhKYproEJfU0Bs,1.5349270000000002,2.712466,1.965775
413700,a8x6/fzdaAIGhrSSMcDVTLQpso387VSzXHzGsGF6o/BX3meFwZEhKYproEJfU0Bs,1.532745,3.1327380000000002,2.021537
414000,a8x6/fzdaAIGhrSSMcDVTLQpso387VSzXHzGsGF6o/BX3meFwZEhKYproEJfU0Bs,1.454346,2.778633,1.879678
414300,a8x6/fzdaAIGhrSSMcDVTLQpso387VSzXHzGsGF6o/BX3meFwZEhKYproEJfU0Bs,1.18684,2.754572,2.002118
414600,a8x6/fzdaAIGhrSSMcDVTLQpso387VSzXHzGsGF6o/BX3meFwZEhKYproEJfU0Bs,1.457508,3.3522730000000003,2.059973
414900,a8x6/fzdaAIGhrSSMcDVTLQpso387VSzXHzGsGF6o/BX3meFwZEhKYproEJfU0Bs,1.345407,2.665693,1.805752
415200,a8x6/fzdaAIGhrSSMcDVTLQpso387VSzXHzGsGF6o/BX3meFwZEhKYproEJfU0Bs,1.4449319999999999,2.40341,1.961958
415500,a8x6/fzdaAIGhrSSMcDVTLQpso387VSzXHzGsGF6o/BX3meFwZEhKYproEJfU0Bs,1.518038,3.088789,2.007886
415800,a8x6/fzdaAIGhrSSMcDVTLQpso387VSzXHzGsGF6o/BX3meFwZEhKYproEJfU0Bs,0.877633,2.641921,1.814273
416100,a8x6/fzdaAIGhrSSMcDVTLQpso387VSzXHzGsGF6o/BX3meFwZEhKYproEJfU0Bs,1.479733,3.152946,2.095401
416400,a8x6/fzdaAIGhrSSMcDVTLQpso387VSzXHzGsGF6o/BX3meFwZEhKYproEJfU0Bs,1.1696950000000002,3.212416,1.9177419999999998
416700,a8x6/fzdaAIGhrSSMcDVTLQpso387VSzXHzGsGF6o/BX3meFwZEhKYproEJfU0Bs,1.13761,32.290688,4.671851
417000,a8x6/fzdaAIGhrSSMcDVTLQpso387VSzXHzGsGF6o/BX3meFwZEhKYproEJfU0Bs,0.9755389999999999,2.709777,1.721834
417300,a8x6/fzdaAIGhrSSMcDVTLQpso387VSzXHzGsGF6o/BX3meFwZEhKYproEJfU0Bs,1.430596,3.0750580000000003,2.005929
417600,a8x6/fzdaAIGhrSSMcDVTLQpso387VSzXHzGsGF6o/BX3meFwZEhKYproEJfU0Bs,0.68783,2.531967,1.734014
417900,a8x6/fzdaAIGhrSSMcDVTLQpso387VSzXHzGsGF6o/BX3meFwZEhKYproEJfU0Bs,1.432122,3.225435,1.982941
418200,a8x6/fzdaAIGhrSSMcDVTLQpso387VSzXHzGsGF6o/BX3meFwZEhKYproEJfU0Bs,1.388516,3.0242560000000003,2.079373
418500,a8x6/fzdaAIGhrSSMcDVTLQpso387VSzXHzGsGF6o/BX3meFwZEhKYproEJfU0Bs,1.614033,48.714636999999996,10.110717999999999
418800,a8x6/fzdaAIGhrSSMcDVTLQpso387VSzXHzGsGF6o/BX3meFwZEhKYproEJfU0Bs,1.4608780000000001,3.144776,2.1079060000000003
419100,a8x6/fzdaAIGhrSSMcDVTLQpso387VSzXHzGsGF6o/BX3meFwZEhKYproEJfU0Bs,0.9774129999999999,3.1200650000000003,1.869241
419400,a8x6/fzdaAIGhrSSMcDVTLQpso387VSzXHzGsGF6o/BX3meFwZEhKYproEJfU0Bs,1.4512909999999999,2.321212,1.832819
419700,a8x6/fzdaAIGhrSSMcDVTLQpso387VSzXHzGsGF6o/BX3meFwZEhKYproEJfU0Bs,1.409175,3.073994,2.024581
420000,a8x6/fzdaAIGhrSSMcDVTLQpso387VSzXHzGsGF6o/BX3meFwZEhKYproEJfU0Bs,1.39828,3.0945139999999998,2.002411
420300,a8x6/fzdaAIGhrSSMcDVTLQpso387VSzXHzGsGF6o/BX3meFwZEhKYproEJfU0Bs,1.453745,19.756043,3.599061
420600,a8x6/fzdaAIGhrSSMcDVTLQpso387VSzXHzGsGF6o/BX3meFwZEhKYproEJfU0Bs,1.389777,3.474478,1.955073
420900,a8x6/fzdaAIGhrSSMcDVTLQpso387VSzXHzGsGF6o/BX3meFwZEhKYproEJfU0Bs,1.3814549999999999,3.173403,1.903028
421200,a8x6/fzdaAIGhrSSMcDVTLQpso387VSzXHzGsGF6o/BX3meFwZEhKYproEJfU0Bs,0.900644,2.402542,1.7111610000000002
421500,a8x6/fzdaAIGhrSSMcDVTLQpso387VSzXHzGsGF6o/BX3meFwZEhKYproEJfU0Bs,1.3296059999999998,2.90773,1.890032
421800,a8x6/fzdaAIGhrSSMcDVTLQpso387VSzXHzGsGF6o/BX3meFwZEhKYproEJfU0Bs,1.215487,3.0756360000000003,1.8669529999999999
422100,a8x6/fzdaAIGhrSSMcDVTLQpso387VSzXHzGsGF6o/BX3meFwZEhKYproEJfU0Bs,1.3781,2.2839110000000002,1.749249
422400,a8x6/fzdaAIGhrSSMcDVTLQpso387VSzXHzGsGF6o/BX3meFwZEhKYproEJfU0Bs,0.691444,2.806346,1.790405
422700,a8x6/fzdaAIGhrSSMcDVTLQpso387VSzXHzGsGF6o/BX3meFwZEhKYproEJfU0Bs,1.3441020000000001,2.980977,1.90946
423000,a8x6/fzdaAIGhrSSMcDVTLQpso387VSzXHzGsGF6o/BX3meFwZEhKYproEJfU0Bs,1.102243,2.3101220000000002,1.679084
423300,a8x6/fzdaAIGhrSSMcDVTLQpso387VSzXHzGsGF6o/BX3meFwZEhKYproEJfU0Bs,1.387859,2.918669,1.8758099999999998
423600,a8x6/fzdaAIGhrSSMcDVTLQpso387VSzXHzGsGF6o/BX3meFwZEhKYproEJfU0Bs,1.383549,2.99113,1.978443
423900,a8x6/fzdaAIGhrSSMcDVTLQpso387VSzXHzGsGF6o/BX3meFwZEhKYproEJfU0Bs,0.8735790000000001,29.952353999999996,4.550298000000001
424200,a8x6/fzdaAIGhrSSMcDVTLQpso387VSzXHzGsGF6o/BX3meFwZEhKYproEJfU0Bs,1.39375,2.810993,1.886697
424500,a8x6/fzdaAIGhrSSMcDVTLQpso387VSzXHzGsGF6o/BX3meFwZEhKYproEJfU0Bs,1.2814780000000001,3.06707,1.8494990000000002
424800,a8x6/fzdaAIGhrSSMcDVTLQpso387VSzXHzGsGF6o/BX3meFwZEhKYproEJfU0Bs,1.45555,2.299057,1.8289549999999999
425100,a8x6/fzdaAIGhrSSMcDVTLQpso387VSzXHzGsGF6o/BX3meFwZEhKYproEJfU0Bs,1.426563,2.839074,2.031915
425400,a8x6/fzdaAIGhrSSMcDVTLQpso387VSzXHzGsGF6o/BX3meFwZEhKYproEJfU0Bs,1.435746,3.089492,1.996777
425700,a8x6/fzdaAIGhrSSMcDVTLQpso387VSzXHzGsGF6o/BX3meFwZEhKYproEJfU0Bs,1.110983,2.2723259999999996,1.7468290000000002
426000,a8x6/fzdaAIGhrSSMcDVTLQpso387VSzXHzGsGF6o/BX3meFwZEhKYproEJfU0Bs,1.398644,3.220202,2.128402
426300,a8x6/fzdaAIGhrSSMcDVTLQpso387VSzXHzGsGF6o/BX3meFwZEhKYproEJfU0Bs,1.327612,6.346158,2.66077
426600,a8x6/fzdaAIGhrSSMcDVTLQpso387VSzXHzGsGF6o/BX3meFwZEhKYproEJfU0Bs,1.713413,12.257425,3.96657
426900,a8x6/fzdaAIGhrSSMcDVTLQpso387VSzXHzGsGF6o/BX3meFwZEhKYproEJfU0Bs,1.420109,3.196955,2.187049
427200,a8x6/fzdaAIGhrSSMcDVTLQpso387VSzXHzGsGF6o/BX3meFwZEhKYproEJfU0Bs,1.6550259999999999,16.074817000000003,4.588602
427500,a8x6/fzdaAIGhrSSMcDVTLQpso387VSzXHzGsGF6o/BX3meFwZEhKYproEJfU0Bs,1.4723389999999998,30.82194,4.7932760000000005
427800,a8x6/fzdaAIGhrSSMcDVTLQpso387VSzXHzGsGF6o/BX3meFwZEhKYproEJfU0Bs,1.144991,2.959867,1.940505
428100,a8x6/fzdaAIGhrSSMcDVTLQpso387VSzXHzGsGF6o/BX3meFwZEhKYproEJfU0Bs,1.439994,2.950199,1.9353490000000002
428400,a8x6/fzdaAIGhrSSMcDVTLQpso387VSzXHzGsGF6o/BX3meFwZEhKYproEJfU0Bs,1.425023,2.751328,2.013793
428700,a8x6/fzdaAIGhrSSMcDVTLQpso387VSzXHzGsGF6o/BX3meFwZEhKYproEJfU0Bs,1.409443,3.1011740000000003,1.974379
429000,a8x6/fzdaAIGhrSSMcDVTLQpso387VSzXHzGsGF6o/BX3meFwZEhKYproEJfU0Bs,1.244961,2.696634,1.8794490000000001
429300,a8x6/fzdaAIGhrSSMcDVTLQpso387VSzXHzGsGF6o/BX3meFwZEhKYproEJfU0Bs,1.506758,2.8286729999999998,2.003563
429600,a8x6/fzdaAIGhrSSMcDVTLQpso387VSzXHzGsGF6o/BX3meFwZEhKYproEJfU0Bs,1.434698,2.961585,1.950622
429900,a8x6/fzdaAIGhrSSMcDVTLQpso387VSzXHzGsGF6o/BX3meFwZEhKYproEJfU0Bs,1.449933,2.727259,1.885216
430200,a8x6/fzdaAIGhrSSMcDVTLQpso387VSzXHzGsGF6o/BX3meFwZEhKYproEJfU0Bs,1.433883,2.726302,1.9408159999999999
430500,a8x6/fzdaAIGhrSSMcDVTLQpso387VSzXHzGsGF6o/BX3meFwZEhKYproEJfU0Bs,1.310187,3.224795,1.930525
430800,a8x6/fzdaAIGhrSSMcDVTLQpso387VSzXHzGsGF6o/BX3meFwZEhKYproEJfU0Bs,1.4100489999999999,2.840194,1.9291200000000002
431100,a8x6/fzdaAIGhrSSMcDVTLQpso387VSzXHzGsGF6o/BX3meFwZEhKYproEJfU0Bs,1.4613639999999999,73.12740500000001,9.940477
431400,a8x6/fzdaAIGhrSSMcDVTLQpso387VSzXHzGsGF6o/BX3meFwZEhKYproEJfU0Bs,1.38936,3.033576,1.953702
431700,a8x6/fzdaAIGhrSSMcDVTLQpso387VSzXHzGsGF6o/BX3meFwZEhKYproEJfU0Bs,0.8817159999999999,2.6286680000000002,1.7933
432000,a8x6/fzdaAIGhrSSMcDVTLQpso387VSzXHzGsGF6o/BX3meFwZEhKYproEJfU0Bs,0.863892,2.700857,1.876697
432300,a8x6/fzdaAIGhrSSMcDVTLQpso387VSzXHzGsGF6o/BX3meFwZEhKYproEJfU0Bs,1.3943709999999998,5.744441,2.2529790000000003
432600,a8x6/fzdaAIGhrSSMcDVTLQpso387VSzXHzGsGF6o/BX3meFwZEhKYproEJfU0Bs,1.4146729999999998,2.891486,1.838077
432900,a8x6/fzdaAIGhrSSMcDVTLQpso387VSzXHzGsGF6o/BX3meFwZEhKYproEJfU0Bs,1.410723,2.755216,2.0331
433200,a8x6/fzdaAIGhrSSMcDVTLQpso387VSzXHzGsGF6o/BX3meFwZEhKYproEJfU0Bs,1.414136,3.176237,1.9819759999999997
433500,a8x6/fzdaAIGhrSSMcDVTLQpso387VSzXHzGsGF6o/BX3meFwZEhKYproEJfU0Bs,1.4339309999999998,2.732802,1.901188
433800,a8x6/fzdaAIGhrSSMcDVTLQpso387VSzXHzGsGF6o/BX3meFwZEhKYproEJfU0Bs,1.37278,2.877711,1.919546
434100,a8x6/fzdaAIGhrSSMcDVTLQpso387VSzXHzGsGF6o/BX3meFwZEhKYproEJfU0Bs,1.4331120000000002,3.0782990000000003,1.9652180000000001
434400,a8x6/fzdaAIGhrSSMcDVTLQpso387VSzXHzGsGF6o/BX3meFwZEhKYproEJfU0Bs,1.40759,2.7849630000000003,1.933243
434700,a8x6/fzdaAIGhrSSMcDVTLQpso387VSzXHzGsGF6o/BX3meFwZEhKYproEJfU0Bs,1.433219,29.969694,4.822583
435000,a8x6/fzdaAIGhrSSMcDVTLQpso387VSzXHzGsGF6o/BX3meFwZEhKYproEJfU0Bs,1.401589,3.071627,1.9688689999999998
435300,a8x6/fzdaAIGhrSSMcDVTLQpso387VSzXHzGsGF6o/BX3meFwZEhKYproEJfU0Bs,0.634829,2.768743,1.813335
435600,a8x6/fzdaAIGhrSSMcDVTLQpso387VSzXHzGsGF6o/BX3meFwZEhKYproEJfU0Bs,1.343896,2.713177,1.921266
435900,a8x6/fzdaAIGhrSSMcDVTLQpso387VSzXHzGsGF6o/BX3meFwZEhKYproEJfU0Bs,1.195173,3.025035,1.897834
436200,a8x6/fzdaAIGhrSSMcDVTLQpso387VSzXHzGsGF6o/BX3meFwZEhKYproEJfU0Bs,1.323675,2.6180950000000003,1.8955849999999999
436500,a8x6/fzdaAIGhrSSMcDVTLQpso387VSzXHzGsGF6o/BX3meFwZEhKYproEJfU0Bs,1.426841,2.661668,1.910626
436800,a8x6/fzdaAIGhrSSMcDVTLQpso387VSzXHzGsGF6o/BX3meFwZEhKYproEJfU0Bs,1.4314959999999999,3.086909,2.00496
437100,a8x6/fzdaAIGhrSSMcDVTLQpso387VSzXHzGsGF6o/BX3meFwZEhKYproEJfU0Bs,1.407699,2.746783,1.825214
437400,a8x6/fzdaAIGhrSSMcDVTLQpso387VSzXHzGsGF6o/BX3meFwZEhKYproEJfU0Bs,1.436221,2.63814,1.96882
437700,a8x6/fzdaAIGhrSSMcDVTLQpso387VSzXHzGsGF6o/BX3meFwZEhKYproEJfU0Bs,1.436257,3.0439279999999997,2.018663
438000,a8x6/fzdaAIGhrSSMcDVTLQpso387VSzXHzGsGF6o/BX3meFwZEhKYproEJfU0Bs,1.267368,2.825841,1.939821
438300,a8x6/fzdaAIGhrSSMcDVTLQpso387VSzXHzGsGF6o/BX3meFwZEhKYproEJfU0Bs,1.4562979999999999,29.767217,4.809947
438600,a8x6/fzdaAIGhrSSMcDVTLQpso387VSzXHzGsGF6o/BX3meFwZEhKYproEJfU0Bs,0.9113709999999999,3.0467880000000003,1.860293
438900,a8x6/fzdaAIGhrSSMcDVTLQpso387VSzXHzGsGF6o/BX3meFwZEhKYproEJfU0Bs,1.2866879999999998,2.704081,1.882693
439200,a8x6/fzdaAIGhrSSMcDVTLQpso387VSzXHzGsGF6o/BX3meFwZEhKYproEJfU0Bs,1.0732190000000001,2.7301439999999997,1.909056
439500,a8x6/fzdaAIGhrSSMcDVTLQpso387VSzXHzGsGF6o/BX3meFwZEhKYproEJfU0Bs,1.519849,3.138251,1.960838
439800,a8x6/fzdaAIGhrSSMcDVTLQpso387VSzXHzGsGF6o/BX3meFwZEhKYproEJfU0Bs,1.234899,2.556738,1.769426
440100,a8x6/fzdaAIGhrSSMcDVTLQpso387VSzXHzGsGF6o/BX3meFwZEhKYproEJfU0Bs,1.425187,2.5826189999999998,1.9845169999999999
440400,a8x6/fzdaAIGhrSSMcDVTLQpso387VSzXHzGsGF6o/BX3meFwZEhKYproEJfU0Bs,1.503784,3.2299029999999997,1.982637
440700,a8x6/fzdaAIGhrSSMcDVTLQpso387VSzXHzGsGF6o/BX3meFwZEhKYproEJfU0Bs,1.418999,3.7721459999999998,2.1732709999999997
441000,a8x6/fzdaAIGhrSSMcDVTLQpso387VSzXHzGsGF6o/BX3meFwZEhKYproEJfU0Bs,1.45333,2.850275,1.9504400000000002
441300,a8x6/fzdaAIGhrSSMcDVTLQpso387VSzXHzGsGF6o/BX3meFwZEhKYproEJfU0Bs,1.4241110000000001,3.019695,2.143123
441600,a8x6/fzdaAIGhrSSMcDVTLQpso387VSzXHzGsGF6o/BX3meFwZEhKYproEJfU0Bs,1.4625190000000001,2.689602,1.9404990000000002
441900,a8x6/fzdaAIGhrSSMcDVTLQpso387VSzXHzGsGF6o/BX3meFwZEhKYproEJfU0Bs,1.424346,79.405069,11.42084
442200,a8x6/fzdaAIGhrSSMcDVTLQpso387VSzXHzGsGF6o/BX3meFwZEhKYproEJfU0Bs,1.464988,2.7512119999999998,1.940305
442500,a8x6/fzdaAIGhrSSMcDVTLQpso387VSzXHzGsGF6o/BX3meFwZEhKYproEJfU0Bs,1.16124,2.597337,1.8016990000000002
442800,a8x6/fzdaAIGhrSSMcDVTLQpso387VSzXHzGsGF6o/BX3meFwZEhKYproEJfU0Bs,1.465557,3.133653,1.963114
443100,a8x6/fzdaAIGhrSSMcDVTLQpso387VSzXHzGsGF6o/BX3meFwZEhKYproEJfU0Bs,0.916716,2.848728,1.894787
443400,a8x6/fzdaAIGhrSSMcDVTLQpso387VSzXHzGsGF6o/BX3meFwZEhKYproEJfU0Bs,0.8157220000000001,2.596022,1.923904
443700,a8x6/fzdaAIGhrSSMcDVTLQpso387VSzXHzGsGF6o/BX3meFwZEhKYproEJfU0Bs,1.505551,2.98165,1.952316
444000,a8x6/fzdaAIGhrSSMcDVTLQpso387VSzXHzGsGF6o/BX3meFwZEhKYproEJfU0Bs,1.464936,2.784021,2.042379
444300,a8x6/fzdaAIGhrSSMcDVTLQpso387VSzXHzGsGF6o/BX3meFwZEhKYproEJfU0Bs,1.551261,2.5024759999999997,1.92868
444600,a8x6/fzdaAIGhrSSMcDVTLQpso387VSzXHzGsGF6o/BX3meFwZEhKYproEJfU0Bs,1.484421,3.00526,1.931472
444900,a8x6/fzdaAIGhrSSMcDVTLQpso387VSzXHzGsGF6o/BX3meFwZEhKYproEJfU0Bs,1.447713,2.877053,1.974768
445200,a8x6/fzdaAIGhrSSMcDVTLQpso387VSzXHzGsGF6o/BX3meFwZEhKYproEJfU0Bs,0.830073,2.607247,1.7016220000000002
445500,a8x6/fzdaAIGhrSSMcDVTLQpso387VSzXHzGsGF6o/BX3meFwZEhKYproEJfU0Bs,1.3794600000000001,29.66897,4.711925
445800,a8x6/fzdaAIGhrSSMcDVTLQpso387VSzXHzGsGF6o/BX3meFwZEhKYproEJfU0Bs,1.1674280000000001,2.773932,1.839704
446100,a8x6/fzdaAIGhrSSMcDVTLQpso387VSzXHzGsGF6o/BX3meFwZEhKYproEJfU0Bs,0.796295,2.482788,1.736378
446400,a8x6/fzdaAIGhrSSMcDVTLQpso387VSzXHzGsGF6o/BX3meFwZEhKYproEJfU0Bs,1.283102,2.979216,1.862989
446700,a8x6/fzdaAIGhrSSMcDVTLQpso387VSzXHzGsGF6o/BX3meFwZEhKYproEJfU0Bs,1.270676,2.840932,1.8771200000000001
447000,a8x6/fzdaAIGhrSSMcDVTLQpso387VSzXHzGsGF6o/BX3meFwZEhKYproEJfU0Bs,1.523759,2.631098,1.921286
447300,a8x6/fzdaAIGhrSSMcDVTLQpso387VSzXHzGsGF6o/BX3meFwZEhKYproEJfU0Bs,1.54598,99.534637,17.157252
447600,a8x6/fzdaAIGhrSSMcDVTLQpso387VSzXHzGsGF6o/BX3meFwZEhKYproEJfU0Bs,1.546044,3.333228,2.20667
447900,a8x6/fzdaAIGhrSSMcDVTLQpso387VSzXHzGsGF6o/BX3meFwZEhKYproEJfU0Bs,0.9757969999999999,2.5211200000000002,1.830595
448200,a8x6/fzdaAIGhrSSMcDVTLQpso387VSzXHzGsGF6o/BX3meFwZEhKYproEJfU0Bs,1.443441,3.0623009999999997,1.984423
448500,a8x6/fzdaAIGhrSSMcDVTLQpso387VSzXHzGsGF6o/BX3meFwZEhKYproEJfU0Bs,1.470467,2.855698,2.0309619999999997
448800,a8x6/fzdaAIGhrSSMcDVTLQpso387VSzXHzGsGF6o/BX3meFwZEhKYproEJfU0Bs,1.056437,2.687609,1.8808799999999999
449100,a8x6/fzdaAIGhrSSMcDVTLQpso387VSzXHzGsGF6o/BX3meFwZEhKYproEJfU0Bs,1.506974,29.245925,4.815852
449400,a8x6/fzdaAIGhrSSMcDVTLQpso387VSzXHzGsGF6o/BX3meFwZEhKYproEJfU0Bs,1.347294,2.719913,1.9068889999999998
449700,a8x6/fzdaAIGhrSSMcDVTLQpso387VSzXHzGsGF6o/BX3meFwZEhKYproEJfU0Bs,1.516453,2.449638,1.919716
450000,a8x6/fzdaAIGhrSSMcDVTLQpso387VSzXHzGsGF6o/BX3meFwZEhKYproEJfU0Bs,1.4408040000000002,2.9505619999999997,1.9589439999999998
450300,a8x6/fzdaAIGhrSSMcDVTLQpso387VSzXHzGsGF6o/BX3meFwZEhKYproEJfU0Bs,1.492027,2.826422,1.9598799999999998
450600,a8x6/fzdaAIGhrSSMcDVTLQpso387VSzXHzGsGF6o/BX3meFwZEhKYproEJfU0Bs,1.534231,2.5285330000000004,1.867516
450900,a8x6/fzdaAIGhrSSMcDVTLQpso387VSzXHzGsGF6o/BX3meFwZEhKYproEJfU0Bs,1.6037290000000002,2.940033,2.0091919999999996
451200,a8x6/fzdaAIGhrSSMcDVTLQpso387VSzXHzGsGF6o/BX3meFwZEhKYproEJfU0Bs,1.2945719999999998,2.5004419999999996,1.838396
451500,a8x6/fzdaAIGhrSSMcDVTLQpso387VSzXHzGsGF6o/BX3meFwZEhKYproEJfU0Bs,1.434943,2.4146970000000003,2.002078
451800,a8x6/fzdaAIGhrSSMcDVTLQpso387VSzXHzGsGF6o/BX3meFwZEhKYproEJfU0Bs,1.223554,3.5037,1.9626029999999999
452100,a8x6/fzdaAIGhrSSMcDVTLQpso387VSzXHzGsGF6o/BX3meFwZEhKYproEJfU0Bs,1.249623,2.554875,1.8177869999999998
452400,a8x6/fzdaAIGhrSSMcDVTLQpso387VSzXHzGsGF6o/BX3meFwZEhKYproEJfU0Bs,1.251867,2.2250330000000003,1.670178
452700,a8x6/fzdaAIGhrSSMcDVTLQpso387VSzXHzGsGF6o/BX3meFwZEhKYproEJfU0Bs,1.181878,30.21175,4.652680999999999
453000,a8x6/fzdaAIGhrSSMcDVTLQpso387VSzXHzGsGF6o/BX3meFwZEhKYproEJfU0Bs,1.302997,2.5894470000000003,1.754675
453300,a8x6/fzdaAIGhrSSMcDVTLQpso387VSzXHzGsGF6o/BX3meFwZEhKYproEJfU0Bs,0.704263,2.249529,1.6540580000000003
453600,a8x6/fzdaAIGhrSSMcDVTLQpso387VSzXHzGsGF6o/BX3meFwZEhKYproEJfU0Bs,1.706793,3.268999,2.24018
453900,a8x6/fzdaAIGhrSSMcDVTLQpso387VSzXHzGsGF6o/BX3meFwZEhKYproEJfU0Bs,1.053324,2.732678,2.079225
454200,a8x6/fzdaAIGhrSSMcDVTLQpso387VSzXHzGsGF6o/BX3meFwZEhKYproEJfU0Bs,1.603784,2.985709,2.194331
454500,a8x6/fzdaAIGhrSSMcDVTLQpso387VSzXHzGsGF6o/BX3meFwZEhKYproEJfU0Bs,1.704964,3.633782,2.225365
454800,a8x6/fzdaAIGhrSSMcDVTLQpso387VSzXHzGsGF6o/BX3meFwZEhKYproEJfU0Bs,1.4611299999999998,3.000871,2.1142849999999997
455100,a8x6/fzdaAIGhrSSMcDVTLQpso387VSzXHzGsGF6o/BX3meFwZEhKYproEJfU0Bs,1.7139810000000002,2.984207,2.2947990000000003
455400,a8x6/fzdaAIGhrSSMcDVTLQpso387VSzXHzGsGF6o/BX3meFwZEhKYproEJfU0Bs,1.7812869999999998,3.74614,2.317652
455700,a8x6/fzdaAIGhrSSMcDVTLQpso387VSzXHzGsGF6o/BX3meFwZEhKYproEJfU0Bs,1.807275,3.037673,2.192413
456000,a8x6/fzdaAIGhrSSMcDVTLQpso387VSzXHzGsGF6o/BX3meFwZEhKYproEJfU0Bs,1.775426,3.07943,2.249068
456300,a8x6/fzdaAIGhrSSMcDVTLQpso387VSzXHzGsGF6o/BX3meFwZEhKYproEJfU0Bs,1.795581,33.168991,5.445146
456600,a8x6/fzdaAIGhrSSMcDVTLQpso387VSzXHzGsGF6o/BX3meFwZEhKYproEJfU0Bs,1.210212,2.882725,1.9625709999999998
456900,a8x6/fzdaAIGhrSSMcDVTLQpso387VSzXHzGsGF6o/BX3meFwZEhKYproEJfU0Bs,1.53141,2.893022,2.1421930000000002
457200,a8x6/fzdaAIGhrSSMcDVTLQpso387VSzXHzGsGF6o/BX3meFwZEhKYproEJfU0Bs,1.604691,3.4983400000000002,2.090395
457500,a8x6/fzdaAIGhrSSMcDVTLQpso387VSzXHzGsGF6o/BX3meFwZEhKYproEJfU0Bs,1.521218,3.015977,2.025599
457800,a8x6/fzdaAIGhrSSMcDVTLQpso387VSzXHzGsGF6o/BX3meFwZEhKYproEJfU0Bs,1.6233959999999998,3.057051,2.293618
458100,a8x6/fzdaAIGhrSSMcDVTLQpso387VSzXHzGsGF6o/BX3meFwZEhKYproEJfU0Bs,1.8568689999999999,3.9013379999999995,2.361907
458400,a8x6/fzdaAIGhrSSMcDVTLQpso387VSzXHzGsGF6o/BX3meFwZEhKYproEJfU0Bs,1.795157,3.119068,2.234854
458700,a8x6/fzdaAIGhrSSMcDVTLQpso387VSzXHzGsGF6o/BX3meFwZEhKYproEJfU0Bs,1.7902080000000002,3.605717,2.406606
459000,a8x6/fzdaAIGhrSSMcDVTLQpso387VSzXHzGsGF6o/BX3meFwZEhKYproEJfU0Bs,1.764857,3.778144,2.325825
459300,a8x6/fzdaAIGhrSSMcDVTLQpso387VSzXHzGsGF6o/BX3meFwZEhKYproEJfU0Bs,1.449717,3.0429009999999996,2.130808
459600,a8x6/fzdaAIGhrSSMcDVTLQpso387VSzXHzGsGF6o/BX3meFwZEhKYproEJfU0Bs,1.40022,3.110816,2.318299
459900,a8x6/fzdaAIGhrSSMcDVTLQpso387VSzXHzGsGF6o/BX3meFwZEhKYproEJfU0Bs,1.36153,19.070964,5.0103089999999995
460200,a8x6/fzdaAIGhrSSMcDVTLQpso387VSzXHzGsGF6o/BX3meFwZEhKYproEJfU0Bs,0.859298,2.54294,1.743263
460500,a8x6/fzdaAIGhrSSMcDVTLQpso387VSzXHzGsGF6o/BX3meFwZEhKYproEJfU0Bs,1.3719729999999999,2.488123,1.9011200000000001
460800,a8x6/fzdaAIGhrSSMcDVTLQpso387VSzXHzGsGF6o/BX3meFwZEhKYproEJfU0Bs,0.582166,3.197204,1.976061
461100,a8x6/fzdaAIGhrSSMcDVTLQpso387VSzXHzGsGF6o/BX3meFwZEhKYproEJfU0Bs,1.489942,2.736838,1.9855029999999998
461400,a8x6/fzdaAIGhrSSMcDVTLQpso387VSzXHzGsGF6o/BX3meFwZEhKYproEJfU0Bs,0.9268139999999999,2.573611,1.7989169999999999
461700,a8x6/fzdaAIGhrSSMcDVTLQpso387VSzXHzGsGF6o/BX3meFwZEhKYproEJfU0Bs,1.451867,3.1522330000000003,1.893318
462000,a8x6/fzdaAIGhrSSMcDVTLQpso387VSzXHzGsGF6o/BX3meFwZEhKYproEJfU0Bs,1.38269,2.545227,1.7932860000000002
462300,a8x6/fzdaAIGhrSSMcDVTLQpso387VSzXHzGsGF6o/BX3meFwZEhKYproEJfU0Bs,0.8907729999999999,2.648301,1.8341349999999998
462600,a8x6/fzdaAIGhrSSMcDVTLQpso387VSzXHzGsGF6o/BX3meFwZEhKYproEJfU0Bs,1.435604,2.992179,1.8823990000000002
462900,a8x6/fzdaAIGhrSSMcDVTLQpso387VSzXHzGsGF6o/BX3meFwZEhKYproEJfU0Bs,1.604215,2.692662,2.055863
463200,a8x6/fzdaAIGhrSSMcDVTLQpso387VSzXHzGsGF6o/BX3meFwZEhKYproEJfU0Bs,1.7672299999999999,3.214499,2.349005
463500,a8x6/fzdaAIGhrSSMcDVTLQpso387VSzXHzGsGF6o/BX3meFwZEhKYproEJfU0Bs,1.490429,34.468075,5.497172
463800,a8x6/fzdaAIGhrSSMcDVTLQpso387VSzXHzGsGF6o/BX3meFwZEhKYproEJfU0Bs,1.526339,2.844954,2.167932
464100,a8x6/fzdaAIGhrSSMcDVTLQpso387VSzXHzGsGF6o/BX3meFwZEhKYproEJfU0Bs,1.221402,2.738486,2.063929
464400,a8x6/fzdaAIGhrSSMcDVTLQpso387VSzXHzGsGF6o/BX3meFwZEhKYproEJfU0Bs,1.7359779999999998,3.495804,2.241063
464700,a8x6/fzdaAIGhrSSMcDVTLQpso387VSzXHzGsGF6o/BX3meFwZEhKYproEJfU0Bs,1.500861,2.700816,2.121665
465000,a8x6/fzdaAIGhrSSMcDVTLQpso387VSzXHzGsGF6o/BX3meFwZEhKYproEJfU0Bs,1.188122,3.7068309999999998,2.190836
465300,a8x6/fzdaAIGhrSSMcDVTLQpso387VSzXHzGsGF6o/BX3meFwZEhKYproEJfU0Bs,1.49892,2.837736,1.946707
465600,a8x6/fzdaAIGhrSSMcDVTLQpso387VSzXHzGsGF6o/BX3meFwZEhKYproEJfU0Bs,0.808525,2.54371,1.819075
465900,a8x6/fzdaAIGhrSSMcDVTLQpso387VSzXHzGsGF6o/BX3meFwZEhKYproEJfU0Bs,1.580842,3.540462,2.086153
466200,a8x6/fzdaAIGhrSSMcDVTLQpso387VSzXHzGsGF6o/BX3meFwZEhKYproEJfU0Bs,1.029121,3.094147,1.9801509999999998
466500,a8x6/fzdaAIGhrSSMcDVTLQpso387VSzXHzGsGF6o/BX3meFwZEhKYproEJfU0Bs,1.434924,2.338181,1.731386
466800,a8x6/fzdaAIGhrSSMcDVTLQpso387VSzXHzGsGF6o/BX3meFwZEhKYproEJfU0Bs,1.3310540000000002,3.321048,1.917387
467100,a8x6/fzdaAIGhrSSMcDVTLQpso387VSzXHzGsGF6o/BX3meFwZEhKYproEJfU0Bs,1.536349,33.00287,5.342830999999999
467400,a8x6/fzdaAIGhrSSMcDVTLQpso387VSzXHzGsGF6o/BX3meFwZEhKYproEJfU0Bs,1.770246,4.8981580000000005,2.440238
467700,a8x6/fzdaAIGhrSSMcDVTLQpso387VSzXHzGsGF6o/BX3meFwZEhKYproEJfU0Bs,1.513225,3.922672,2.314853
468000,a8x6/fzdaAIGhrSSMcDVTLQpso387VSzXHzGsGF6o/BX3meFwZEhKYproEJfU0Bs,1.459592,2.750407,1.896952
468300,a8x6/fzdaAIGhrSSMcDVTLQpso387VSzXHzGsGF6o/BX3meFwZEhKYproEJfU0Bs,1.2370219999999998,2.641382,1.77321
468600,a8x6/fzdaAIGhrSSMcDVTLQpso387VSzXHzGsGF6o/BX3meFwZEhKYproEJfU0Bs,1.506449,3.7599910000000003,2.136588
468900,a8x6/fzdaAIGhrSSMcDVTLQpso387VSzXHzGsGF6o/BX3meFwZEhKYproEJfU0Bs,1.424081,3.1542950000000003,2.094663
469200,a8x6/fzdaAIGhrSSMcDVTLQpso387VSzXHzGsGF6o/BX3meFwZEhKYproEJfU0Bs,1.73629,2.521329,2.020917
469500,a8x6/fzdaAIGhrSSMcDVTLQpso387VSzXHzGsGF6o/BX3meFwZEhKYproEJfU0Bs,1.75279,3.832032,2.301923
469800,a8x6/fzdaAIGhrSSMcDVTLQpso387VSzXHzGsGF6o/BX3meFwZEhKYproEJfU0Bs,1.612106,3.145149,2.295615
470100,a8x6/fzdaAIGhrSSMcDVTLQpso387VSzXHzGsGF6o/BX3meFwZEhKYproEJfU0Bs,1.631008,3.963112,2.316089
470400,a8x6/fzdaAIGhrSSMcDVTLQpso387VSzXHzGsGF6o/BX3meFwZEhKYproEJfU0Bs,1.6488990000000001,4.107354,2.52758
470700,a8x6/fzdaAIGhrSSMcDVTLQpso387VSzXHzGsGF6o/BX3meFwZEhKYproEJfU0Bs,1.4452,31.302138,7.570649
471000,a8x6/fzdaAIGhrSSMcDVTLQpso387VSzXHzGsGF6o/BX3meFwZEhKYproEJfU0Bs,1.536555,2.944267,2.142137
471300,a8x6/fzdaAIGhrSSMcDVTLQpso387VSzXHzGsGF6o/BX3meFwZEhKYproEJfU0Bs,1.4487889999999999,3.483806,2.118471
471600,a8x6/fzdaAIGhrSSMcDVTLQpso387VSzXHzGsGF6o/BX3meFwZEhKYproEJfU0Bs,1.567482,2.947698,2.068946
471900,a8x6/fzdaAIGhrSSMcDVTLQpso387VSzXHzGsGF6o/BX3meFwZEhKYproEJfU0Bs,1.547648,2.5148200000000003,1.8539560000000002
472200,a8x6/fzdaAIGhrSSMcDVTLQpso387VSzXHzGsGF6o/BX3meFwZEhKYproEJfU0Bs,1.111983,3.51327,1.923114
472500,a8x6/fzdaAIGhrSSMcDVTLQpso387VSzXHzGsGF6o/BX3meFwZEhKYproEJfU0Bs,1.537385,3.149332,2.0546759999999997
472800,a8x6/fzdaAIGhrSSMcDVTLQpso387VSzXHzGsGF6o/BX3meFwZEhKYproEJfU0Bs,1.195211,2.463073,1.816232
473100,a8x6/fzdaAIGhrSSMcDVTLQpso387VSzXHzGsGF6o/BX3meFwZEhKYproEJfU0Bs,1.6527310000000002,3.7902519999999997,2.3640220000000003
473400,a8x6/fzdaAIGhrSSMcDVTLQpso387VSzXHzGsGF6o/BX3meFwZEhKYproEJfU0Bs,1.5574290000000002,2.9387630000000002,2.1594990000000003
473700,a8x6/fzdaAIGhrSSMcDVTLQpso387VSzXHzGsGF6o/BX3meFwZEhKYproEJfU0Bs,1.639821,2.7338169999999997,2.097731
474000,a8x6/fzdaAIGhrSSMcDVTLQpso387VSzXHzGsGF6o/BX3meFwZEhKYproEJfU0Bs,1.805509,3.903064,2.385634
474300,a8x6/fzdaAIGhrSSMcDVTLQpso387VSzXHzGsGF6o/BX3meFwZEhKYproEJfU0Bs,1.5468959999999998,32.906636999999996,5.43945
474600,a8x6/fzdaAIGhrSSMcDVTLQpso387VSzXHzGsGF6o/BX3meFwZEhKYproEJfU0Bs,1.8715279999999999,2.8042830000000003,2.29493
474900,a8x6/fzdaAIGhrSSMcDVTLQpso387VSzXHzGsGF6o/BX3meFwZEhKYproEJfU0Bs,1.7848509999999997,3.2835199999999998,2.274874
475200,a8x6/fzdaAIGhrSSMcDVTLQpso387VSzXHzGsGF6o/BX3meFwZEhKYproEJfU0Bs,1.7729970000000002,3.030972,2.241674
475500,a8x6/fzdaAIGhrSSMcDVTLQpso387VSzXHzGsGF6o/BX3meFwZEhKYproEJfU0Bs,1.7973860000000002,2.487202,2.086379
475800,a8x6/fzdaAIGhrSSMcDVTLQpso387VSzXHzGsGF6o/BX3meFwZEhKYproEJfU0Bs,0.987251,3.8390690000000003,2.210825
476100,a8x6/fzdaAIGhrSSMcDVTLQpso387VSzXHzGsGF6o/BX3meFwZEhKYproEJfU0Bs,1.633453,50.391504,11.114707000000001
476400,a8x6/fzdaAIGhrSSMcDVTLQpso387VSzXHzGsGF6o/BX3meFwZEhKYproEJfU0Bs,1.027584,3.048455,2.193394
476700,a8x6/fzdaAIGhrSSMcDVTLQpso387VSzXHzGsGF6o/BX3meFwZEhKYproEJfU0Bs,1.773884,4.553526000000001,2.373047
477000,a8x6/fzdaAIGhrSSMcDVTLQpso387VSzXHzGsGF6o/BX3meFwZEhKYproEJfU0Bs,1.6624150000000002,3.088172,2.139353
477300,a8x6/fzdaAIGhrSSMcDVTLQpso387VSzXHzGsGF6o/BX3meFwZEhKYproEJfU0Bs,1.395713,3.0832669999999998,2.169556
477600,a8x6/fzdaAIGhrSSMcDVTLQpso387VSzXHzGsGF6o/BX3meFwZEhKYproEJfU0Bs,1.009911,1.908337,1.568447
477900,a8x6/fzdaAIGhrSSMcDVTLQpso387VSzXHzGsGF6o/BX3meFwZEhKYproEJfU0Bs,1.422556,16.487976999999997,4.607962000000001
478200,a8x6/fzdaAIGhrSSMcDVTLQpso387VSzXHzGsGF6o/BX3meFwZEhKYproEJfU0Bs,1.4216950000000002,2.757533,1.920975
478500,a8x6/fzdaAIGhrSSMcDVTLQpso387VSzXHzGsGF6o/BX3meFwZEhKYproEJfU0Bs,1.5064229999999998,3.031514,1.982277
478800,a8x6/fzdaAIGhrSSMcDVTLQpso387VSzXHzGsGF6o/BX3meFwZEhKYproEJfU0Bs,1.450439,2.652477,1.8852119999999999
479100,a8x6/fzdaAIGhrSSMcDVTLQpso387VSzXHzGsGF6o/BX3meFwZEhKYproEJfU0Bs,1.508912,2.774739,2.002942
479400,a8x6/fzdaAIGhrSSMcDVTLQpso387VSzXHzGsGF6o/BX3meFwZEhKYproEJfU0Bs,1.492061,3.3892910000000005,2.093032
479700,a8x6/fzdaAIGhrSSMcDVTLQpso387VSzXHzGsGF6o/BX3meFwZEhKYproEJfU0Bs,1.310141,2.543013,1.8384639999999999
480000,a8x6/fzdaAIGhrSSMcDVTLQpso387VSzXHzGsGF6o/BX3meFwZEhKYproEJfU0Bs,1.401469,2.847049,1.977782
480300,a8x6/fzdaAIGhrSSMcDVTLQpso387VSzXHzGsGF6o/BX3meFwZEhKYproEJfU0Bs,1.479623,3.24716,2.202815
480600,a8x6/fzdaAIGhrSSMcDVTLQpso387VSzXHzGsGF6o/BX3meFwZEhKYproEJfU0Bs,1.426774,2.783579,1.905154
480900,a8x6/fzdaAIGhrSSMcDVTLQpso387VSzXHzGsGF6o/BX3meFwZEhKYproEJfU0Bs,1.54576,2.803521,2.008304
481200,a8x6/fzdaAIGhrSSMcDVTLQpso387VSzXHzGsGF6o/BX3meFwZEhKYproEJfU0Bs,1.482275,3.2047779999999997,2.0575900000000003
481500,a8x6/fzdaAIGhrSSMcDVTLQpso387VSzXHzGsGF6o/BX3meFwZEhKYproEJfU0Bs,1.483558,29.836547999999997,4.788407
481800,a8x6/fzdaAIGhrSSMcDVTLQpso387VSzXHzGsGF6o/BX3meFwZEhKYproEJfU0Bs,1.709155,2.796136,2.240275
482100,a8x6/fzdaAIGhrSSMcDVTLQpso387VSzXHzGsGF6o/BX3meFwZEhKYproEJfU0Bs,1.499451,2.985634,2.042464
482400,a8x6/fzdaAIGhrSSMcDVTLQpso387VSzXHzGsGF6o/BX3meFwZEhKYproEJfU0Bs,1.1855950000000002,2.832159,1.8740970000000001
482700,a8x6/fzdaAIGhrSSMcDVTLQpso387VSzXHzGsGF6o/BX3meFwZEhKYproEJfU0Bs,1.525315,2.7851939999999997,1.992459
483000,a8x6/fzdaAIGhrSSMcDVTLQpso387VSzXHzGsGF6o/BX3meFwZEhKYproEJfU0Bs,1.220137,3.4918970000000003,2.020175
483300,a8x6/fzdaAIGhrSSMcDVTLQpso387VSzXHzGsGF6o/BX3meFwZEhKYproEJfU0Bs,1.4477280000000001,2.662041,1.845704
483600,a8x6/fzdaAIGhrSSMcDVTLQpso387VSzXHzGsGF6o/BX3meFwZEhKYproEJfU0Bs,1.449008,2.84376,2.060768
483900,a8x6/fzdaAIGhrSSMcDVTLQpso387VSzXHzGsGF6o/BX3meFwZEhKYproEJfU0Bs,1.520183,3.0854310000000003,1.9967580000000003
484200,a8x6/fzdaAIGhrSSMcDVTLQpso387VSzXHzGsGF6o/BX3meFwZEhKYproEJfU0Bs,1.423278,2.548074,1.9023259999999997
484500,a8x6/fzdaAIGhrSSMcDVTLQpso387VSzXHzGsGF6o/BX3meFwZEhKYproEJfU0Bs,1.422584,2.893484,1.9904939999999998
484800,a8x6/fzdaAIGhrSSMcDVTLQpso387VSzXHzGsGF6o/BX3meFwZEhKYproEJfU0Bs,1.537121,3.170157,2.029248
485100,a8x6/fzdaAIGhrSSMcDVTLQpso387VSzXHzGsGF6o/BX3meFwZEhKYproEJfU0Bs,1.58439,30.529486,4.941407
485400,a8x6/fzdaAIGhrSSMcDVTLQpso387VSzXHzGsGF6o/BX3meFwZEhKYproEJfU0Bs,1.487311,2.568457,2.003604
485700,a8x6/fzdaAIGhrSSMcDVTLQpso387VSzXHzGsGF6o/BX3meFwZEhKYproEJfU0Bs,1.564251,2.990424,2.067523
486000,a8x6/fzdaAIGhrSSMcDVTLQpso387VSzXHzGsGF6o/BX3meFwZEhKYproEJfU0Bs,1.477723,2.567372,1.9352509999999998
486300,a8x6/fzdaAIGhrSSMcDVTLQpso387VSzXHzGsGF6o/BX3meFwZEhKYproEJfU0Bs,1.4884469999999999,2.5856619999999997,2.038584
486600,a8x6/fzdaAIGhrSSMcDVTLQpso387VSzXHzGsGF6o/BX3meFwZEhKYproEJfU0Bs,1.737169,3.418614,2.183903
486900,a8x6/fzdaAIGhrSSMcDVTLQpso387VSzXHzGsGF6o/BX3meFwZEhKYproEJfU0Bs,1.614136,3.1016790000000003,2.057403
487200,a8x6/fzdaAIGhrSSMcDVTLQpso387VSzXHzGsGF6o/BX3meFwZEhKYproEJfU0Bs,1.435138,2.603534,2.092506
487500,a8x6/fzdaAIGhrSSMcDVTLQpso387VSzXHzGsGF6o/BX3meFwZEhKYproEJfU0Bs,1.575445,2.978169,2.129593
487800,a8x6/fzdaAIGhrSSMcDVTLQpso387VSzXHzGsGF6o/BX3meFwZEhKYproEJfU0Bs,1.5229030000000001,2.526545,1.976632
488100,a8x6/fzdaAIGhrSSMcDVTLQpso387VSzXHzGsGF6o/BX3meFwZEhKYproEJfU0Bs,1.508033,2.393799,1.95947
488400,a8x6/fzdaAIGhrSSMcDVTLQpso387VSzXHzGsGF6o/BX3meFwZEhKYproEJfU0Bs,1.5055120000000002,2.962588,2.127606
488700,a8x6/fzdaAIGhrSSMcDVTLQpso387VSzXHzGsGF6o/BX3meFwZEhKYproEJfU0Bs,1.63347,7.493289,2.547498
489000,a8x6/fzdaAIGhrSSMcDVTLQpso387VSzXHzGsGF6o/BX3meFwZEhKYproEJfU0Bs,1.426225,24.092458999999998,4.251246
489300,a8x6/fzdaAIGhrSSMcDVTLQpso387VSzXHzGsGF6o/BX3meFwZEhKYproEJfU0Bs,1.528933,2.907276,2.0416060000000003
489600,a8x6/fzdaAIGhrSSMcDVTLQpso387VSzXHzGsGF6o/BX3meFwZEhKYproEJfU0Bs,1.476104,2.41949,1.928159
489900,a8x6/fzdaAIGhrSSMcDVTLQpso387VSzXHzGsGF6o/BX3meFwZEhKYproEJfU0Bs,1.431186,2.9823779999999998,1.931298
490200,a8x6/fzdaAIGhrSSMcDVTLQpso387VSzXHzGsGF6o/BX3meFwZEhKYproEJfU0Bs,1.468742,2.943848,2.048246
490500,a8x6/fzdaAIGhrSSMcDVTLQpso387VSzXHzGsGF6o/BX3meFwZEhKYproEJfU0Bs,1.306885,2.642027,1.855001
490800,a8x6/fzdaAIGhrSSMcDVTLQpso387VSzXHzGsGF6o/BX3meFwZEhKYproEJfU0Bs,1.5313430000000001,30.835794,6.207432
491100,a8x6/fzdaAIGhrSSMcDVTLQpso387VSzXHzGsGF6o/BX3meFwZEhKYproEJfU0Bs,1.569992,30.847354,5.889354
491400,a8x6/fzdaAIGhrSSMcDVTLQpso387VSzXHzGsGF6o/BX3meFwZEhKYproEJfU0Bs,1.559568,2.752307,1.972486
491700,a8x6/fzdaAIGhrSSMcDVTLQpso387VSzXHzGsGF6o/BX3meFwZEhKYproEJfU0Bs,1.516422,6.143483,2.458898
492000,a8x6/fzdaAIGhrSSMcDVTLQpso387VSzXHzGsGF6o/BX3meFwZEhKYproEJfU0Bs,1.659493,2.899509,2.089338
492300,a8x6/fzdaAIGhrSSMcDVTLQpso387VSzXHzGsGF6o/BX3meFwZEhKYproEJfU0Bs,1.210428,2.52755,1.890049
492600,a8x6/fzdaAIGhrSSMcDVTLQpso387VSzXHzGsGF6o/BX3meFwZEhKYproEJfU0Bs,1.302273,29.728866999999997,5.177861
492900,a8x6/fzdaAIGhrSSMcDVTLQpso387VSzXHzGsGF6o/BX3meFwZEhKYproEJfU0Bs,1.4762899999999999,2.842638,2.029952
493200,a8x6/fzdaAIGhrSSMcDVTLQpso387VSzXHzGsGF6o/BX3meFwZEhKYproEJfU0Bs,1.492775,3.2668369999999998,2.0478240000000003
493500,a8x6/fzdaAIGhrSSMcDVTLQpso387VSzXHzGsGF6o/BX3meFwZEhKYproEJfU0Bs,1.4866270000000001,3.0509049999999998,1.996325
493800,a8x6/fzdaAIGhrSSMcDVTLQpso387VSzXHzGsGF6o/BX3meFwZEhKYproEJfU0Bs,1.555577,3.0192759999999996,2.1228119999999997
494100,a8x6/fzdaAIGhrSSMcDVTLQpso387VSzXHzGsGF6o/BX3meFwZEhKYproEJfU0Bs,1.539518,2.492689,1.8823779999999999
494400,a8x6/fzdaAIGhrSSMcDVTLQpso387VSzXHzGsGF6o/BX3meFwZEhKYproEJfU0Bs,1.448869,13.018801,3.102284
494700,a8x6/fzdaAIGhrSSMcDVTLQpso387VSzXHzGsGF6o/BX3meFwZEhKYproEJfU0Bs,1.519942,2.879536,2.031526
495000,a8x6/fzdaAIGhrSSMcDVTLQpso387VSzXHzGsGF6o/BX3meFwZEhKYproEJfU0Bs,0.8481540000000001,2.42465,1.821648
495300,a8x6/fzdaAIGhrSSMcDVTLQpso387VSzXHzGsGF6o/BX3meFwZEhKYproEJfU0Bs,0.763714,3.119875,1.914182
495600,a8x6/fzdaAIGhrSSMcDVTLQpso387VSzXHzGsGF6o/BX3meFwZEhKYproEJfU0Bs,1.476672,2.786726,2.059827
495900,a8x6/fzdaAIGhrSSMcDVTLQpso387VSzXHzGsGF6o/BX3meFwZEhKYproEJfU0Bs,1.445705,2.430145,1.8679
496200,a8x6/fzdaAIGhrSSMcDVTLQpso387VSzXHzGsGF6o/BX3meFwZEhKYproEJfU0Bs,1.42818,26.835146999999996,4.791068
496500,a8x6/fzdaAIGhrSSMcDVTLQpso387VSzXHzGsGF6o/BX3meFwZEhKYproEJfU0Bs,1.204917,2.766445,1.953591
496800,a8x6/fzdaAIGhrSSMcDVTLQpso387VSzXHzGsGF6o/BX3meFwZEhKYproEJfU0Bs,1.565418,2.3801799999999997,1.894491
497100,a8x6/fzdaAIGhrSSMcDVTLQpso387VSzXHzGsGF6o/BX3meFwZEhKYproEJfU0Bs,1.494161,9.048055999999999,2.677952
497400,a8x6/fzdaAIGhrSSMcDVTLQpso387VSzXHzGsGF6o/BX3meFwZEhKYproEJfU0Bs,1.523253,2.951347,2.14356
497700,a8x6/fzdaAIGhrSSMcDVTLQpso387VSzXHzGsGF6o/BX3meFwZEhKYproEJfU0Bs,1.541136,2.400355,1.905961
498000,a8x6/fzdaAIGhrSSMcDVTLQpso387VSzXHzGsGF6o/BX3meFwZEhKYproEJfU0Bs,0.696731,3.1876849999999997,1.9492939999999999
498300,a8x6/fzdaAIGhrSSMcDVTLQpso387VSzXHzGsGF6o/BX3meFwZEhKYproEJfU0Bs,1.487635,2.858694,2.053459
498600,a8x6/fzdaAIGhrSSMcDVTLQpso387VSzXHzGsGF6o/BX3meFwZEhKYproEJfU0Bs,1.100144,2.420153,1.861171
498900,a8x6/fzdaAIGhrSSMcDVTLQpso387VSzXHzGsGF6o/BX3meFwZEhKYproEJfU0Bs,1.460803,9.423055999999999,3.4654019999999996
499200,a8x6/fzdaAIGhrSSMcDVTLQpso387VSzXHzGsGF6o/BX3meFwZEhKYproEJfU0Bs,1.074877,2.692978,1.963159
499500,a8x6/fzdaAIGhrSSMcDVTLQpso387VSzXHzGsGF6o/BX3meFwZEhKYproEJfU0Bs,1.447284,2.371971,1.924532
499800,a8x6/fzdaAIGhrSSMcDVTLQpso387VSzXHzGsGF6o/BX3meFwZEhKYproEJfU0Bs,1.482297,31.149798999999998,5.669867
500100,a8x6/fzdaAIGhrSSMcDVTLQpso387VSzXHzGsGF6o/BX3meFwZEhKYproEJfU0Bs,1.512334,2.743619,1.970906
500400,a8x6/fzdaAIGhrSSMcDVTLQpso387VSzXHzGsGF6o/BX3meFwZEhKYproEJfU0Bs,1.439184,2.725173,1.8765990000000001
500700,a8x6/fzdaAIGhrSSMcDVTLQpso387VSzXHzGsGF6o/BX3meFwZEhKYproEJfU0Bs,1.285212,2.948121,1.8701139999999998
501000,a8x6/fzdaAIGhrSSMcDVTLQpso387VSzXHzGsGF6o/BX3meFwZEhKYproEJfU0Bs,1.488658,2.639161,1.986737
501300,a8x6/fzdaAIGhrSSMcDVTLQpso387VSzXHzGsGF6o/BX3meFwZEhKYproEJfU0Bs,0.573732,2.692217,1.7905659999999999
501600,a8x6/fzdaAIGhrSSMcDVTLQpso387VSzXHzGsGF6o/BX3meFwZEhKYproEJfU0Bs,1.519213,3.151995,2.040371
501900,a8x6/fzdaAIGhrSSMcDVTLQpso387VSzXHzGsGF6o/BX3meFwZEhKYproEJfU0Bs,1.461967,2.245787,1.845921
502200,a8x6/fzdaAIGhrSSMcDVTLQpso387VSzXHzGsGF6o/BX3meFwZEhKYproEJfU0Bs,1.473452,2.8506970000000003,2.055571
502500,a8x6/fzdaAIGhrSSMcDVTLQpso387VSzXHzGsGF6o/BX3meFwZEhKYproEJfU0Bs,1.482616,9.223302,2.623138
502800,a8x6/fzdaAIGhrSSMcDVTLQpso387VSzXHzGsGF6o/BX3meFwZEhKYproEJfU0Bs,1.498216,2.860983,2.019045
503100,a8x6/fzdaAIGhrSSMcDVTLQpso387VSzXHzGsGF6o/BX3meFwZEhKYproEJfU0Bs,1.004145,3.034432,1.9976310000000002
503400,a8x6/fzdaAIGhrSSMcDVTLQpso387VSzXHzGsGF6o/BX3meFwZEhKYproEJfU0Bs,0.892279,30.305025,4.682533
503700,a8x6/fzdaAIGhrSSMcDVTLQpso387VSzXHzGsGF6o/BX3meFwZEhKYproEJfU0Bs,1.568689,3.239089,2.0849740000000003
504000,a8x6/fzdaAIGhrSSMcDVTLQpso387VSzXHzGsGF6o/BX3meFwZEhKYproEJfU0Bs,1.272812,2.8169939999999998,1.921172
504300,a8x6/fzdaAIGhrSSMcDVTLQpso387VSzXHzGsGF6o/BX3meFwZEhKYproEJfU0Bs,1.526,2.939704,2.019666
504600,a8x6/fzdaAIGhrSSMcDVTLQpso387VSzXHzGsGF6o/BX3meFwZEhKYproEJfU0Bs,0.856764,2.5978779999999997,1.8558279999999998
504900,a8x6/fzdaAIGhrSSMcDVTLQpso387VSzXHzGsGF6o/BX3meFwZEhKYproEJfU0Bs,1.612228,45.818000000000005,9.40434
505200,a8x6/fzdaAIGhrSSMcDVTLQpso387VSzXHzGsGF6o/BX3meFwZEhKYproEJfU0Bs,1.456078,7.9203779999999995,2.546399
505500,a8x6/fzdaAIGhrSSMcDVTLQpso387VSzXHzGsGF6o/BX3meFwZEhKYproEJfU0Bs,1.495363,2.823654,2.0601220000000002
505800,a8x6/fzdaAIGhrSSMcDVTLQpso387VSzXHzGsGF6o/BX3meFwZEhKYproEJfU0Bs,0.949234,2.747637,1.901097
506100,a8x6/fzdaAIGhrSSMcDVTLQpso387VSzXHzGsGF6o/BX3meFwZEhKYproEJfU0Bs,1.462221,3.0977770000000002,1.941212
506400,a8x6/fzdaAIGhrSSMcDVTLQpso387VSzXHzGsGF6o/BX3meFwZEhKYproEJfU0Bs,1.469191,2.739309,1.9693060000000002
506700,a8x6/fzdaAIGhrSSMcDVTLQpso387VSzXHzGsGF6o/BX3meFwZEhKYproEJfU0Bs,1.076229,2.6719060000000003,1.8676990000000002
507000,a8x6/fzdaAIGhrSSMcDVTLQpso387VSzXHzGsGF6o/BX3meFwZEhKYproEJfU0Bs,1.527906,18.524707,4.832934
507300,a8x6/fzdaAIGhrSSMcDVTLQpso387VSzXHzGsGF6o/BX3meFwZEhKYproEJfU0Bs,1.112883,2.330763,1.7943490000000002
507600,a8x6/fzdaAIGhrSSMcDVTLQpso387VSzXHzGsGF6o/BX3meFwZEhKYproEJfU0Bs,1.4938069999999999,2.612331,1.9901919999999997
507900,a8x6/fzdaAIGhrSSMcDVTLQpso387VSzXHzGsGF6o/BX3meFwZEhKYproEJfU0Bs,1.475485,2.66819,1.895664
508200,a8x6/fzdaAIGhrSSMcDVTLQpso387VSzXHzGsGF6o/BX3meFwZEhKYproEJfU0Bs,1.461745,2.868319,2.023521
508500,a8x6/fzdaAIGhrSSMcDVTLQpso387VSzXHzGsGF6o/BX3meFwZEhKYproEJfU0Bs,0.811996,2.825962,1.8859860000000002
508800,a8x6/fzdaAIGhrSSMcDVTLQpso387VSzXHzGsGF6o/BX3meFwZEhKYproEJfU0Bs,1.5655700000000001,4.711868,2.250525
509100,a8x6/fzdaAIGhrSSMcDVTLQpso387VSzXHzGsGF6o/BX3meFwZEhKYproEJfU0Bs,1.4583979999999999,2.721997,1.9665979999999998
509400,a8x6/fzdaAIGhrSSMcDVTLQpso387VSzXHzGsGF6o/BX3meFwZEhKYproEJfU0Bs,1.506804,2.7653369999999997,2.049684
509700,a8x6/fzdaAIGhrSSMcDVTLQpso387VSzXHzGsGF6o/BX3meFwZEhKYproEJfU0Bs,1.552686,3.089934,2.042206
510000,a8x6/fzdaAIGhrSSMcDVTLQpso387VSzXHzGsGF6o/BX3meFwZEhKYproEJfU0Bs,1.027807,2.2450330000000003,1.8361189999999998
510300,a8x6/fzdaAIGhrSSMcDVTLQpso387VSzXHzGsGF6o/BX3meFwZEhKYproEJfU0Bs,1.471574,2.6200099999999997,2.039643
510600,a8x6/fzdaAIGhrSSMcDVTLQpso387VSzXHzGsGF6o/BX3meFwZEhKYproEJfU0Bs,0.8756309999999999,2.571784,1.7753240000000001
510900,a8x6/fzdaAIGhrSSMcDVTLQpso387VSzXHzGsGF6o/BX3meFwZEhKYproEJfU0Bs,1.643056,2.711665,1.9924369999999998
511200,a8x6/fzdaAIGhrSSMcDVTLQpso387VSzXHzGsGF6o/BX3meFwZEhKYproEJfU0Bs,0.940934,2.587468,1.889861
511500,a8x6/fzdaAIGhrSSMcDVTLQpso387VSzXHzGsGF6o/BX3meFwZEhKYproEJfU0Bs,1.564626,2.774284,1.917168
511800,a8x6/fzdaAIGhrSSMcDVTLQpso387VSzXHzGsGF6o/BX3meFwZEhKYproEJfU0Bs,1.469511,2.554194,1.976218
512100,a8x6/fzdaAIGhrSSMcDVTLQpso387VSzXHzGsGF6o/BX3meFwZEhKYproEJfU0Bs,0.9587180000000001,2.595412,1.866307
512400,a8x6/fzdaAIGhrSSMcDVTLQpso387VSzXHzGsGF6o/BX3meFwZEhKYproEJfU0Bs,1.569336,2.949302,2.141712
512700,a8x6/fzdaAIGhrSSMcDVTLQpso387VSzXHzGsGF6o/BX3meFwZEhKYproEJfU0Bs,1.379988,4.662917,2.527377
513000,a8x6/fzdaAIGhrSSMcDVTLQpso387VSzXHzGsGF6o/BX3meFwZEhKYproEJfU0Bs,1.545564,11.742315,4.095826000000001
513300,a8x6/fzdaAIGhrSSMcDVTLQpso387VSzXHzGsGF6o/BX3meFwZEhKYproEJfU0Bs,1.53388,22.92587,4.205152
513600,a8x6/fzdaAIGhrSSMcDVTLQpso387VSzXHzGsGF6o/BX3meFwZEhKYproEJfU0Bs,1.6289049999999998,2.896966,2.1012060000000004
513900,a8x6/fzdaAIGhrSSMcDVTLQpso387VSzXHzGsGF6o/BX3meFwZEhKYproEJfU0Bs,1.58342,24.06184,6.457262
514200,a8x6/fzdaAIGhrSSMcDVTLQpso387VSzXHzGsGF6o/BX3meFwZEhKYproEJfU0Bs,1.391158,30.205990999999997,4.807116000000001
514500,a8x6/fzdaAIGhrSSMcDVTLQpso387VSzXHzGsGF6o/BX3meFwZEhKYproEJfU0Bs,1.587553,2.620789,1.962649
514800,a8x6/fzdaAIGhrSSMcDVTLQpso387VSzXHzGsGF6o/BX3meFwZEhKYproEJfU0Bs,1.5536729999999999,3.393111,2.059316
515100,a8x6/fzdaAIGhrSSMcDVTLQpso387VSzXHzGsGF6o/BX3meFwZEhKYproEJfU0Bs,1.579927,2.8062259999999997,2.045531
515400,a8x6/fzdaAIGhrSSMcDVTLQpso387VSzXHzGsGF6o/BX3meFwZEhKYproEJfU0Bs,1.590388,2.8627990000000003,2.029577
515700,a8x6/fzdaAIGhrSSMcDVTLQpso387VSzXHzGsGF6o/BX3meFwZEhKYproEJfU0Bs,1.520681,3.451393,2.02243
516000,a8x6/fzdaAIGhrSSMcDVTLQpso387VSzXHzGsGF6o/BX3meFwZEhKYproEJfU0Bs,1.448282,6.600263000000001,2.4606790000000003
516300,a8x6/fzdaAIGhrSSMcDVTLQpso387VSzXHzGsGF6o/BX3meFwZEhKYproEJfU0Bs,1.597137,2.6977900000000004,1.96977
516600,a8x6/fzdaAIGhrSSMcDVTLQpso387VSzXHzGsGF6o/BX3meFwZEhKYproEJfU0Bs,1.234357,3.394846,1.991051
516900,a8x6/fzdaAIGhrSSMcDVTLQpso387VSzXHzGsGF6o/BX3meFwZEhKYproEJfU0Bs,1.007284,2.9146389999999998,1.9839759999999997
517200,a8x6/fzdaAIGhrSSMcDVTLQpso387VSzXHzGsGF6o/BX3meFwZEhKYproEJfU0Bs,1.597332,2.612868,1.9957900000000002
517500,a8x6/fzdaAIGhrSSMcDVTLQpso387VSzXHzGsGF6o/BX3meFwZEhKYproEJfU0Bs,1.5115299999999998,3.4770980000000002,2.087107
517800,a8x6/fzdaAIGhrSSMcDVTLQpso387VSzXHzGsGF6o/BX3meFwZEhKYproEJfU0Bs,1.5573290000000002,17.294949,4.81883
518100,a8x6/fzdaAIGhrSSMcDVTLQpso387VSzXHzGsGF6o/BX3meFwZEhKYproEJfU0Bs,1.629969,2.2416709999999997,1.869531
518400,a8x6/fzdaAIGhrSSMcDVTLQpso387VSzXHzGsGF6o/BX3meFwZEhKYproEJfU0Bs,1.586036,3.363139,2.0511459999999997
518700,a8x6/fzdaAIGhrSSMcDVTLQpso387VSzXHzGsGF6o/BX3meFwZEhKYproEJfU0Bs,1.521289,4.931885,2.2826009999999997
519000,a8x6/fzdaAIGhrSSMcDVTLQpso387VSzXHzGsGF6o/BX3meFwZEhKYproEJfU0Bs,1.604568,2.716846,2.067266
519300,a8x6/fzdaAIGhrSSMcDVTLQpso387VSzXHzGsGF6o/BX3meFwZEhKYproEJfU0Bs,1.590985,2.923516,1.939605
519600,a8x6/fzdaAIGhrSSMcDVTLQpso387VSzXHzGsGF6o/BX3meFwZEhKYproEJfU0Bs,1.557269,2.6914830000000003,2.041312
519900,a8x6/fzdaAIGhrSSMcDVTLQpso387VSzXHzGsGF6o/BX3meFwZEhKYproEJfU0Bs,1.6565509999999999,2.610778,1.9975509999999999
520200,a8x6/fzdaAIGhrSSMcDVTLQpso387VSzXHzGsGF6o/BX3meFwZEhKYproEJfU0Bs,1.567921,3.3213699999999995,1.946088
520500,a8x6/fzdaAIGhrSSMcDVTLQpso387VSzXHzGsGF6o/BX3meFwZEhKYproEJfU0Bs,1.4933370000000001,2.7180009999999997,2.02373
520800,a8x6/fzdaAIGhrSSMcDVTLQpso387VSzXHzGsGF6o/BX3meFwZEhKYproEJfU0Bs,1.579509,2.5082419999999996,1.888075
521100,a8x6/fzdaAIGhrSSMcDVTLQpso387VSzXHzGsGF6o/BX3meFwZEhKYproEJfU0Bs,1.5784559999999999,3.3634269999999997,2.031989
521400,a8x6/fzdaAIGhrSSMcDVTLQpso387VSzXHzGsGF6o/BX3meFwZEhKYproEJfU0Bs,1.168123,2.631105,1.892452
521700,a8x6/fzdaAIGhrSSMcDVTLQpso387VSzXHzGsGF6o/BX3meFwZEhKYproEJfU0Bs,1.599831,2.6782220000000003,1.981238
522000,a8x6/fzdaAIGhrSSMcDVTLQpso387VSzXHzGsGF6o/BX3meFwZEhKYproEJfU0Bs,1.497188,3.3038239999999996,1.886664
522300,a8x6/fzdaAIGhrSSMcDVTLQpso387VSzXHzGsGF6o/BX3meFwZEhKYproEJfU0Bs,1.165182,2.717018,1.931
522600,a8x6/fzdaAIGhrSSMcDVTLQpso387VSzXHzGsGF6o/BX3meFwZEhKYproEJfU0Bs,1.525799,2.861724,2.0666450000000003
522900,a8x6/fzdaAIGhrSSMcDVTLQpso387VSzXHzGsGF6o/BX3meFwZEhKYproEJfU0Bs,1.4182059999999999,3.213283,1.86706
523200,a8x6/fzdaAIGhrSSMcDVTLQpso387VSzXHzGsGF6o/BX3meFwZEhKYproEJfU0Bs,1.566259,2.764552,2.100953
523500,a8x6/fzdaAIGhrSSMcDVTLQpso387VSzXHzGsGF6o/BX3meFwZEhKYproEJfU0Bs,1.162564,2.433487,1.8435979999999998
523800,a8x6/fzdaAIGhrSSMcDVTLQpso387VSzXHzGsGF6o/BX3meFwZEhKYproEJfU0Bs,1.592334,3.179224,2.0413639999999997
524100,a8x6/fzdaAIGhrSSMcDVTLQpso387VSzXHzGsGF6o/BX3meFwZEhKYproEJfU0Bs,1.583445,2.623209,1.937746
524400,a8x6/fzdaAIGhrSSMcDVTLQpso387VSzXHzGsGF6o/BX3meFwZEhKYproEJfU0Bs,1.6305459999999998,2.666568,2.065845
524700,a8x6/fzdaAIGhrSSMcDVTLQpso387VSzXHzGsGF6o/BX3meFwZEhKYproEJfU0Bs,1.542722,3.003231,1.931527
525000,a8x6/fzdaAIGhrSSMcDVTLQpso387VSzXHzGsGF6o/BX3meFwZEhKYproEJfU0Bs,1.6403919999999999,30.432412,4.770379
525300,a8x6/fzdaAIGhrSSMcDVTLQpso387VSzXHzGsGF6o/BX3meFwZEhKYproEJfU0Bs,1.570147,3.209157,1.990111
525600,a8x6/fzdaAIGhrSSMcDVTLQpso387VSzXHzGsGF6o/BX3meFwZEhKYproEJfU0Bs,1.587175,24.312649,4.2613449999999995
525900,a8x6/fzdaAIGhrSSMcDVTLQpso387VSzXHzGsGF6o/BX3meFwZEhKYproEJfU0Bs,1.57495,2.720412,1.9652759999999998
526200,a8x6/fzdaAIGhrSSMcDVTLQpso387VSzXHzGsGF6o/BX3meFwZEhKYproEJfU0Bs,1.067197,3.536717,2.099761
526500,a8x6/fzdaAIGhrSSMcDVTLQpso387VSzXHzGsGF6o/BX3meFwZEhKYproEJfU0Bs,1.5850440000000001,3.376838,2.043068
526800,a8x6/fzdaAIGhrSSMcDVTLQpso387VSzXHzGsGF6o/BX3meFwZEhKYproEJfU0Bs,1.069234,3.004559,1.9044459999999999
527100,a8x6/fzdaAIGhrSSMcDVTLQpso387VSzXHzGsGF6o/BX3meFwZEhKYproEJfU0Bs,1.606392,3.3005129999999996,2.090855
527400,a8x6/fzdaAIGhrSSMcDVTLQpso387VSzXHzGsGF6o/BX3meFwZEhKYproEJfU0Bs,1.5770520000000001,3.606438,2.032875
527700,a8x6/fzdaAIGhrSSMcDVTLQpso387VSzXHzGsGF6o/BX3meFwZEhKYproEJfU0Bs,1.54558,2.78455,1.984048
528000,a8x6/fzdaAIGhrSSMcDVTLQpso387VSzXHzGsGF6o/BX3meFwZEhKYproEJfU0Bs,1.550159,3.326022,2.16538
528300,a8x6/fzdaAIGhrSSMcDVTLQpso387VSzXHzGsGF6o/BX3meFwZEhKYproEJfU0Bs,1.6204889999999998,3.369143,2.049497
528600,a8x6/fzdaAIGhrSSMcDVTLQpso387VSzXHzGsGF6o/BX3meFwZEhKYproEJfU0Bs,1.51737,21.221329,4.730726
528900,a8x6/fzdaAIGhrSSMcDVTLQpso387VSzXHzGsGF6o/BX3meFwZEhKYproEJfU0Bs,1.590644,3.493272,2.126882
529200,a8x6/fzdaAIGhrSSMcDVTLQpso387VSzXHzGsGF6o/BX3meFwZEhKYproEJfU0Bs,1.635683,3.401378,2.044094
529500,a8x6/fzdaAIGhrSSMcDVTLQpso387VSzXHzGsGF6o/BX3meFwZEhKYproEJfU0Bs,1.568072,2.777225,1.973191
529800,a8x6/fzdaAIGhrSSMcDVTLQpso387VSzXHzGsGF6o/BX3meFwZEhKYproEJfU0Bs,1.609681,3.266059,2.1515299999999997
530100,a8x6/fzdaAIGhrSSMcDVTLQpso387VSzXHzGsGF6o/BX3meFwZEhKYproEJfU0Bs,1.500535,3.646532,2.0203439999999997
530400,a8x6/fzdaAIGhrSSMcDVTLQpso387VSzXHzGsGF6o/BX3meFwZEhKYproEJfU0Bs,1.377997,2.729166,1.945344
530700,a8x6/fzdaAIGhrSSMcDVTLQpso387VSzXHzGsGF6o/BX3meFwZEhKYproEJfU0Bs,1.635185,3.175347,2.116778
531000,a8x6/fzdaAIGhrSSMcDVTLQpso387VSzXHzGsGF6o/BX3meFwZEhKYproEJfU0Bs,1.4951530000000002,3.49073,2.007328
531300,a8x6/fzdaAIGhrSSMcDVTLQpso387VSzXHzGsGF6o/BX3meFwZEhKYproEJfU0Bs,1.589104,2.583657,1.9522959999999998
531600,a8x6/fzdaAIGhrSSMcDVTLQpso387VSzXHzGsGF6o/BX3meFwZEhKYproEJfU0Bs,1.598994,3.293093,2.141213
531900,a8x6/fzdaAIGhrSSMcDVTLQpso387VSzXHzGsGF6o/BX3meFwZEhKYproEJfU0Bs,1.588164,3.259587,2.135822
532200,a8x6/fzdaAIGhrSSMcDVTLQpso387VSzXHzGsGF6o/BX3meFwZEhKYproEJfU0Bs,1.613681,33.077979,5.140063
532500,a8x6/fzdaAIGhrSSMcDVTLQpso387VSzXHzGsGF6o/BX3meFwZEhKYproEJfU0Bs,1.595674,3.163518,2.098278
532800,a8x6/fzdaAIGhrSSMcDVTLQpso387VSzXHzGsGF6o/BX3meFwZEhKYproEJfU0Bs,1.4456129999999998,3.6077730000000003,2.016441
533100,a8x6/fzdaAIGhrSSMcDVTLQpso387VSzXHzGsGF6o/BX3meFwZEhKYproEJfU0Bs,1.612243,2.691359,1.972159
533400,a8x6/fzdaAIGhrSSMcDVTLQpso387VSzXHzGsGF6o/BX3meFwZEhKYproEJfU0Bs,1.547145,3.184743,2.150157
533700,a8x6/fzdaAIGhrSSMcDVTLQpso387VSzXHzGsGF6o/BX3meFwZEhKYproEJfU0Bs,0.995663,46.896608,10.328667
534000,a8x6/fzdaAIGhrSSMcDVTLQpso387VSzXHzGsGF6o/BX3meFwZEhKYproEJfU0Bs,1.52662,3.403712,2.085501
534300,a8x6/fzdaAIGhrSSMcDVTLQpso387VSzXHzGsGF6o/BX3meFwZEhKYproEJfU0Bs,1.03827,3.3943839999999996,2.067939
534600,a8x6/fzdaAIGhrSSMcDVTLQpso387VSzXHzGsGF6o/BX3meFwZEhKYproEJfU0Bs,1.5932629999999999,3.261016,2.0294689999999997
534900,a8x6/fzdaAIGhrSSMcDVTLQpso387VSzXHzGsGF6o/BX3meFwZEhKYproEJfU0Bs,1.54056,2.8073759999999996,2.0758970000000003
535200,a8x6/fzdaAIGhrSSMcDVTLQpso387VSzXHzGsGF6o/BX3meFwZEhKYproEJfU0Bs,1.480526,3.092311,2.054016
535500,a8x6/fzdaAIGhrSSMcDVTLQpso387VSzXHzGsGF6o/BX3meFwZEhKYproEJfU0Bs,1.543159,3.165697,1.9195389999999999
535800,a8x6/fzdaAIGhrSSMcDVTLQpso387VSzXHzGsGF6o/BX3meFwZEhKYproEJfU0Bs,1.576526,30.562383,4.768543
536100,a8x6/fzdaAIGhrSSMcDVTLQpso387VSzXHzGsGF6o/BX3meFwZEhKYproEJfU0Bs,1.544568,3.015966,2.071018
536400,a8x6/fzdaAIGhrSSMcDVTLQpso387VSzXHzGsGF6o/BX3meFwZEhKYproEJfU0Bs,1.5604719999999999,3.180729,2.0011959999999998
536700,a8x6/fzdaAIGhrSSMcDVTLQpso387VSzXHzGsGF6o/BX3meFwZEhKYproEJfU0Bs,1.560295,3.356296,2.031661
537000,a8x6/fzdaAIGhrSSMcDVTLQpso387VSzXHzGsGF6o/BX3meFwZEhKYproEJfU0Bs,1.591078,3.196515,2.223989
537300,a8x6/fzdaAIGhrSSMcDVTLQpso387VSzXHzGsGF6o/BX3meFwZEhKYproEJfU0Bs,1.522851,2.725723,2.03323
537600,a8x6/fzdaAIGhrSSMcDVTLQpso387VSzXHzGsGF6o/BX3meFwZEhKYproEJfU0Bs,1.50326,3.239235,2.045934
537900,a8x6/fzdaAIGhrSSMcDVTLQpso387VSzXHzGsGF6o/BX3meFwZEhKYproEJfU0Bs,1.5629389999999999,3.2065650000000003,2.0774169999999996
538200,a8x6/fzdaAIGhrSSMcDVTLQpso387VSzXHzGsGF6o/BX3meFwZEhKYproEJfU0Bs,1.392998,3.272266,2.1806520000000003
538500,a8x6/fzdaAIGhrSSMcDVTLQpso387VSzXHzGsGF6o/BX3meFwZEhKYproEJfU0Bs,1.007274,2.7103450000000002,1.882225
538800,a8x6/fzdaAIGhrSSMcDVTLQpso387VSzXHzGsGF6o/BX3meFwZEhKYproEJfU0Bs,1.610881,3.423014,2.109342
539100,a8x6/fzdaAIGhrSSMcDVTLQpso387VSzXHzGsGF6o/BX3meFwZEhKYproEJfU0Bs,1.447881,2.815616,1.947418
539400,a8x6/fzdaAIGhrSSMcDVTLQpso387VSzXHzGsGF6o/BX3meFwZEhKYproEJfU0Bs,1.5370030000000001,26.429834999999997,4.782703
539700,a8x6/fzdaAIGhrSSMcDVTLQpso387VSzXHzGsGF6o/BX3meFwZEhKYproEJfU0Bs,0.751495,3.228268,1.9804709999999999
540000,a8x6/fzdaAIGhrSSMcDVTLQpso387VSzXHzGsGF6o/BX3meFwZEhKYproEJfU0Bs,1.532851,2.6933529999999997,1.9901060000000002
540300,a8x6/fzdaAIGhrSSMcDVTLQpso387VSzXHzGsGF6o/BX3meFwZEhKYproEJfU0Bs,1.5343879999999999,2.7296259999999997,1.9667240000000001
540600,a8x6/fzdaAIGhrSSMcDVTLQpso387VSzXHzGsGF6o/BX3meFwZEhKYproEJfU0Bs,1.543424,3.299674,2.086689
540900,a8x6/fzdaAIGhrSSMcDVTLQpso387VSzXHzGsGF6o/BX3meFwZEhKYproEJfU0Bs,1.5115399999999999,2.6383970000000003,1.939682
541200,a8x6/fzdaAIGhrSSMcDVTLQpso387VSzXHzGsGF6o/BX3meFwZEhKYproEJfU0Bs,1.5103950000000002,2.615869,1.952684
541500,a8x6/fzdaAIGhrSSMcDVTLQpso387VSzXHzGsGF6o/BX3meFwZEhKYproEJfU0Bs,1.5887799999999999,3.496267,2.111803
541800,a8x6/fzdaAIGhrSSMcDVTLQpso387VSzXHzGsGF6o/BX3meFwZEhKYproEJfU0Bs,1.170045,2.712993,1.947946
542100,a8x6/fzdaAIGhrSSMcDVTLQpso387VSzXHzGsGF6o/BX3meFwZEhKYproEJfU0Bs,1.554152,2.604506,1.893618
542400,a8x6/fzdaAIGhrSSMcDVTLQpso387VSzXHzGsGF6o/BX3meFwZEhKYproEJfU0Bs,1.2577200000000002,3.25259,2.047518
542700,a8x6/fzdaAIGhrSSMcDVTLQpso387VSzXHzGsGF6o/BX3meFwZEhKYproEJfU0Bs,1.533767,2.588047,1.989039
543000,a8x6/fzdaAIGhrSSMcDVTLQpso387VSzXHzGsGF6o/BX3meFwZEhKYproEJfU0Bs,1.323008,30.83264,4.748762999999999
543300,a8x6/fzdaAIGhrSSMcDVTLQpso387VSzXHzGsGF6o/BX3meFwZEhKYproEJfU0Bs,1.525064,3.3935839999999997,2.076032
543600,a8x6/fzdaAIGhrSSMcDVTLQpso387VSzXHzGsGF6o/BX3meFwZEhKYproEJfU0Bs,1.5763049999999998,2.666959,1.950335
543900,a8x6/fzdaAIGhrSSMcDVTLQpso387VSzXHzGsGF6o/BX3meFwZEhKYproEJfU0Bs,1.561864,2.800235,2.022246
544200,a8x6/fzdaAIGhrSSMcDVTLQpso387VSzXHzGsGF6o/BX3meFwZEhKYproEJfU0Bs,1.58425,3.3395610000000002,2.111059
544500,a8x6/fzdaAIGhrSSMcDVTLQpso387VSzXHzGsGF6o/BX3meFwZEhKYproEJfU0Bs,1.457706,2.794164,1.977856
544800,a8x6/fzdaAIGhrSSMcDVTLQpso387VSzXHzGsGF6o/BX3meFwZEhKYproEJfU0Bs,1.634499,2.704333,1.939343
545100,a8x6/fzdaAIGhrSSMcDVTLQpso387VSzXHzGsGF6o/BX3meFwZEhKYproEJfU0Bs,1.513884,3.809855,2.16539
545400,a8x6/fzdaAIGhrSSMcDVTLQpso387VSzXHzGsGF6o/BX3meFwZEhKYproEJfU0Bs,1.611238,2.6980009999999996,2.0684240000000003
545700,a8x6/fzdaAIGhrSSMcDVTLQpso387VSzXHzGsGF6o/BX3meFwZEhKYproEJfU0Bs,1.620692,2.740571,1.988798
546000,a8x6/fzdaAIGhrSSMcDVTLQpso387VSzXHzGsGF6o/BX3meFwZEhKYproEJfU0Bs,1.554192,3.316554,2.0708330000000004
546300,a8x6/fzdaAIGhrSSMcDVTLQpso387VSzXHzGsGF6o/BX3meFwZEhKYproEJfU0Bs,0.82763,2.666224,1.954896
546600,a8x6/fzdaAIGhrSSMcDVTLQpso387VSzXHzGsGF6o/BX3meFwZEhKYproEJfU0Bs,1.534983,27.313753000000002,4.736326
546900,a8x6/fzdaAIGhrSSMcDVTLQpso387VSzXHzGsGF6o/BX3meFwZEhKYproEJfU0Bs,1.494942,3.281106,2.083462
547200,a8x6/fzdaAIGhrSSMcDVTLQpso387VSzXHzGsGF6o/BX3meFwZEhKYproEJfU0Bs,1.3716840000000001,2.570748,1.934873
547500,a8x6/fzdaAIGhrSSMcDVTLQpso387VSzXHzGsGF6o/BX3meFwZEhKYproEJfU0Bs,1.6000379999999998,2.632577,2.0287040000000003
547800,a8x6/fzdaAIGhrSSMcDVTLQpso387VSzXHzGsGF6o/BX3meFwZEhKYproEJfU0Bs,1.364203,3.088562,2.1818150000000003
548100,a8x6/fzdaAIGhrSSMcDVTLQpso387VSzXHzGsGF6o/BX3meFwZEhKYproEJfU0Bs,1.521147,2.86634,2.039343
548400,a8x6/fzdaAIGhrSSMcDVTLQpso387VSzXHzGsGF6o/BX3meFwZEhKYproEJfU0Bs,1.252385,2.415507,1.8970360000000002
548700,a8x6/fzdaAIGhrSSMcDVTLQpso387VSzXHzGsGF6o/BX3meFwZEhKYproEJfU0Bs,1.6158190000000001,3.288997,2.121747
549000,a8x6/fzdaAIGhrSSMcDVTLQpso387VSzXHzGsGF6o/BX3meFwZEhKYproEJfU0Bs,1.157968,2.7266779999999997,1.822876
549300,a8x6/fzdaAIGhrSSMcDVTLQpso387VSzXHzGsGF6o/BX3meFwZEhKYproEJfU0Bs,1.107681,2.970175,1.983642
549600,a8x6/fzdaAIGhrSSMcDVTLQpso387VSzXHzGsGF6o/BX3meFwZEhKYproEJfU0Bs,1.571169,3.6086739999999997,2.111734
549900,a8x6/fzdaAIGhrSSMcDVTLQpso387VSzXHzGsGF6o/BX3meFwZEhKYproEJfU0Bs,1.4045040000000002,2.7197419999999997,1.860911
550200,a8x6/fzdaAIGhrSSMcDVTLQpso387VSzXHzGsGF6o/BX3meFwZEhKYproEJfU0Bs,1.6025530000000001,31.31452,4.907819
550500,a8x6/fzdaAIGhrSSMcDVTLQpso387VSzXHzGsGF6o/BX3meFwZEhKYproEJfU0Bs,1.453966,3.463882,2.106379
550800,a8x6/fzdaAIGhrSSMcDVTLQpso387VSzXHzGsGF6o/BX3meFwZEhKYproEJfU0Bs,1.576928,2.7347069999999998,1.953357
551100,a8x6/fzdaAIGhrSSMcDVTLQpso387VSzXHzGsGF6o/BX3meFwZEhKYproEJfU0Bs,1.590166,2.788471,2.160149
551400,a8x6/fzdaAIGhrSSMcDVTLQpso387VSzXHzGsGF6o/BX3meFwZEhKYproEJfU0Bs,1.4099709999999999,3.785248,1.991248
551700,a8x6/fzdaAIGhrSSMcDVTLQpso387VSzXHzGsGF6o/BX3meFwZEhKYproEJfU0Bs,1.416567,2.721603,1.789407
552000,a8x6/fzdaAIGhrSSMcDVTLQpso387VSzXHzGsGF6o/BX3meFwZEhKYproEJfU0Bs,1.453599,2.582032,1.9148060000000002
552300,a8x6/fzdaAIGhrSSMcDVTLQpso387VSzXHzGsGF6o/BX3meFwZEhKYproEJfU0Bs,1.489193,3.273968,1.9241650000000001
552600,a8x6/fzdaAIGhrSSMcDVTLQpso387VSzXHzGsGF6o/BX3meFwZEhKYproEJfU0Bs,1.266816,2.44765,1.703998
552900,a8x6/fzdaAIGhrSSMcDVTLQpso387VSzXHzGsGF6o/BX3meFwZEhKYproEJfU0Bs,1.512119,2.6530869999999998,1.937976
553200,a8x6/fzdaAIGhrSSMcDVTLQpso387VSzXHzGsGF6o/BX3meFwZEhKYproEJfU0Bs,1.0206680000000001,3.2944080000000002,1.973212
553500,a8x6/fzdaAIGhrSSMcDVTLQpso387VSzXHzGsGF6o/BX3meFwZEhKYproEJfU0Bs,1.473121,2.5537669999999997,1.894016
553800,a8x6/fzdaAIGhrSSMcDVTLQpso387VSzXHzGsGF6o/BX3meFwZEhKYproEJfU0Bs,1.074228,30.505343,4.741918
554100,a8x6/fzdaAIGhrSSMcDVTLQpso387VSzXHzGsGF6o/BX3meFwZEhKYproEJfU0Bs,1.522577,3.316636,2.0459099999999997
554400,a8x6/fzdaAIGhrSSMcDVTLQpso387VSzXHzGsGF6o/BX3meFwZEhKYproEJfU0Bs,1.323984,2.591878,1.815781
554700,a8x6/fzdaAIGhrSSMcDVTLQpso387VSzXHzGsGF6o/BX3meFwZEhKYproEJfU0Bs,1.5669819999999999,2.554687,2.042753
555000,a8x6/fzdaAIGhrSSMcDVTLQpso387VSzXHzGsGF6o/BX3meFwZEhKYproEJfU0Bs,1.5100870000000002,3.5362489999999998,2.1606009999999998
555300,a8x6/fzdaAIGhrSSMcDVTLQpso387VSzXHzGsGF6o/BX3meFwZEhKYproEJfU0Bs,1.509984,3.4842459999999997,1.9966959999999998
555600,a8x6/fzdaAIGhrSSMcDVTLQpso387VSzXHzGsGF6o/BX3meFwZEhKYproEJfU0Bs,1.563044,2.646954,1.986557
555900,a8x6/fzdaAIGhrSSMcDVTLQpso387VSzXHzGsGF6o/BX3meFwZEhKYproEJfU0Bs,1.581083,3.7599139999999998,2.324664
556200,a8x6/fzdaAIGhrSSMcDVTLQpso387VSzXHzGsGF6o/BX3meFwZEhKYproEJfU0Bs,1.5185110000000002,2.719002,1.9060380000000001
556500,a8x6/fzdaAIGhrSSMcDVTLQpso387VSzXHzGsGF6o/BX3meFwZEhKYproEJfU0Bs,1.536767,3.8310190000000004,2.210582
556800,a8x6/fzdaAIGhrSSMcDVTLQpso387VSzXHzGsGF6o/BX3meFwZEhKYproEJfU0Bs,1.609712,3.3606550000000004,2.137667
557100,a8x6/fzdaAIGhrSSMcDVTLQpso387VSzXHzGsGF6o/BX3meFwZEhKYproEJfU0Bs,1.5234450000000002,18.914827,4.595807
557400,a8x6/fzdaAIGhrSSMcDVTLQpso387VSzXHzGsGF6o/BX3meFwZEhKYproEJfU0Bs,1.560466,21.080343,5.167567
557700,a8x6/fzdaAIGhrSSMcDVTLQpso387VSzXHzGsGF6o/BX3meFwZEhKYproEJfU0Bs,1.4445860000000001,3.556986,2.065795
558000,a8x6/fzdaAIGhrSSMcDVTLQpso387VSzXHzGsGF6o/BX3meFwZEhKYproEJfU0Bs,1.4754530000000001,2.81596,1.954736
558300,a8x6/fzdaAIGhrSSMcDVTLQpso387VSzXHzGsGF6o/BX3meFwZEhKYproEJfU0Bs,1.523625,2.704733,1.9995470000000002
558600,a8x6/fzdaAIGhrSSMcDVTLQpso387VSzXHzGsGF6o/BX3meFwZEhKYproEJfU0Bs,1.4638719999999998,3.663387,2.0227169999999997
558900,a8x6/fzdaAIGhrSSMcDVTLQpso387VSzXHzGsGF6o/BX3meFwZEhKYproEJfU0Bs,1.51178,2.598451,1.877505
559200,a8x6/fzdaAIGhrSSMcDVTLQpso387VSzXHzGsGF6o/BX3meFwZEhKYproEJfU0Bs,1.5101719999999998,2.774645,2.0324009999999997
559500,a8x6/fzdaAIGhrSSMcDVTLQpso387VSzXHzGsGF6o/BX3meFwZEhKYproEJfU0Bs,1.602829,3.286179,2.031457
559800,a8x6/fzdaAIGhrSSMcDVTLQpso387VSzXHzGsGF6o/BX3meFwZEhKYproEJfU0Bs,1.524793,2.494337,1.842946
560100,a8x6/fzdaAIGhrSSMcDVTLQpso387VSzXHzGsGF6o/BX3meFwZEhKYproEJfU0Bs,1.4663979999999999,2.426685,1.953466
560400,a8x6/fzdaAIGhrSSMcDVTLQpso387VSzXHzGsGF6o/BX3meFwZEhKYproEJfU0Bs,0.810134,3.089193,1.954375
560700,a8x6/fzdaAIGhrSSMcDVTLQpso387VSzXHzGsGF6o/BX3meFwZEhKYproEJfU0Bs,0.652613,2.680617,1.816257
561000,a8x6/fzdaAIGhrSSMcDVTLQpso387VSzXHzGsGF6o/BX3meFwZEhKYproEJfU0Bs,1.536974,31.255695000000003,4.8087599999999995
561300,a8x6/fzdaAIGhrSSMcDVTLQpso387VSzXHzGsGF6o/BX3meFwZEhKYproEJfU0Bs,1.4912809999999999,2.962281,2.076509
561600,a8x6/fzdaAIGhrSSMcDVTLQpso387VSzXHzGsGF6o/BX3meFwZEhKYproEJfU0Bs,1.547086,2.6565119999999998,1.8838759999999999
561900,a8x6/fzdaAIGhrSSMcDVTLQpso387VSzXHzGsGF6o/BX3meFwZEhKYproEJfU0Bs,0.969887,3.3902870000000003,1.959222
562200,a8x6/fzdaAIGhrSSMcDVTLQpso387VSzXHzGsGF6o/BX3meFwZEhKYproEJfU0Bs,1.578812,2.648533,2.066338
562500,a8x6/fzdaAIGhrSSMcDVTLQpso387VSzXHzGsGF6o/BX3meFwZEhKYproEJfU0Bs,1.514432,46.960009,10.233236999999999
562800,a8x6/fzdaAIGhrSSMcDVTLQpso387VSzXHzGsGF6o/BX3meFwZEhKYproEJfU0Bs,1.593314,3.840121,2.2172240000000003
563100,a8x6/fzdaAIGhrSSMcDVTLQpso387VSzXHzGsGF6o/BX3meFwZEhKYproEJfU0Bs,1.5518040000000002,2.808882,2.110642
563400,a8x6/fzdaAIGhrSSMcDVTLQpso387VSzXHzGsGF6o/BX3meFwZEhKYproEJfU0Bs,1.10416,2.589259,1.8639299999999999
563700,a8x6/fzdaAIGhrSSMcDVTLQpso387VSzXHzGsGF6o/BX3meFwZEhKYproEJfU0Bs,1.506801,3.805453,2.002584
564000,a8x6/fzdaAIGhrSSMcDVTLQpso387VSzXHzGsGF6o/BX3meFwZEhKYproEJfU0Bs,1.5884790000000002,2.686485,2.064464
564300,a8x6/fzdaAIGhrSSMcDVTLQpso387VSzXHzGsGF6o/BX3meFwZEhKYproEJfU0Bs,1.5608469999999999,2.605754,1.899545
564600,a8x6/fzdaAIGhrSSMcDVTLQpso387VSzXHzGsGF6o/BX3meFwZEhKYproEJfU0Bs,1.521974,31.108845000000002,4.80385
564900,a8x6/fzdaAIGhrSSMcDVTLQpso387VSzXHzGsGF6o/BX3meFwZEhKYproEJfU0Bs,1.536686,2.638689,2.017837
565200,a8x6/fzdaAIGhrSSMcDVTLQpso387VSzXHzGsGF6o/BX3meFwZEhKYproEJfU0Bs,1.492409,2.7190540000000003,1.801884
565500,a8x6/fzdaAIGhrSSMcDVTLQpso387VSzXHzGsGF6o/BX3meFwZEhKYproEJfU0Bs,1.530744,3.135869,1.9514610000000001
565800,a8x6/fzdaAIGhrSSMcDVTLQpso387VSzXHzGsGF6o/BX3meFwZEhKYproEJfU0Bs,1.00976,2.6190860000000002,1.995163
566100,a8x6/fzdaAIGhrSSMcDVTLQpso387VSzXHzGsGF6o/BX3meFwZEhKYproEJfU0Bs,1.008499,2.437264,1.782762
566400,a8x6/fzdaAIGhrSSMcDVTLQpso387VSzXHzGsGF6o/BX3meFwZEhKYproEJfU0Bs,1.515783,3.2535580000000004,1.941532
566700,a8x6/fzdaAIGhrSSMcDVTLQpso387VSzXHzGsGF6o/BX3meFwZEhKYproEJfU0Bs,1.523032,2.650702,1.944765
567000,a8x6/fzdaAIGhrSSMcDVTLQpso387VSzXHzGsGF6o/BX3meFwZEhKYproEJfU0Bs,1.529775,2.4626200000000003,1.826804
567300,a8x6/fzdaAIGhrSSMcDVTLQpso387VSzXHzGsGF6o/BX3meFwZEhKYproEJfU0Bs,0.781768,2.991256,1.849574
567600,a8x6/fzdaAIGhrSSMcDVTLQpso387VSzXHzGsGF6o/BX3meFwZEhKYproEJfU0Bs,1.515216,2.486214,1.991911
567900,a8x6/fzdaAIGhrSSMcDVTLQpso387VSzXHzGsGF6o/BX3meFwZEhKYproEJfU0Bs,0.874124,2.439869,1.7181990000000003
568200,a8x6/fzdaAIGhrSSMcDVTLQpso387VSzXHzGsGF6o/BX3meFwZEhKYproEJfU0Bs,1.558591,22.90567,4.767449
568500,a8x6/fzdaAIGhrSSMcDVTLQpso387VSzXHzGsGF6o/BX3meFwZEhKYproEJfU0Bs,1.531541,2.6954759999999998,2.139303
568800,a8x6/fzdaAIGhrSSMcDVTLQpso387VSzXHzGsGF6o/BX3meFwZEhKYproEJfU0Bs,0.821184,2.6442810000000003,1.8291240000000002
569100,a8x6/fzdaAIGhrSSMcDVTLQpso387VSzXHzGsGF6o/BX3meFwZEhKYproEJfU0Bs,1.573844,3.290858,1.9989439999999998
569400,a8x6/fzdaAIGhrSSMcDVTLQpso387VSzXHzGsGF6o/BX3meFwZEhKYproEJfU0Bs,1.4951459999999999,2.961905,2.1099650000000003
569700,a8x6/fzdaAIGhrSSMcDVTLQpso387VSzXHzGsGF6o/BX3meFwZEhKYproEJfU0Bs,1.601583,2.9837599999999997,1.942191
570000,a8x6/fzdaAIGhrSSMcDVTLQpso387VSzXHzGsGF6o/BX3meFwZEhKYproEJfU0Bs,1.51064,3.081868,2.052555
570300,a8x6/fzdaAIGhrSSMcDVTLQpso387VSzXHzGsGF6o/BX3meFwZEhKYproEJfU0Bs,1.539621,2.562106,1.986602
570600,a8x6/fzdaAIGhrSSMcDVTLQpso387VSzXHzGsGF6o/BX3meFwZEhKYproEJfU0Bs,1.551353,2.456905,1.8864740000000002
570900,a8x6/fzdaAIGhrSSMcDVTLQpso387VSzXHzGsGF6o/BX3meFwZEhKYproEJfU0Bs,1.462689,3.0597830000000004,1.917979
571200,a8x6/fzdaAIGhrSSMcDVTLQpso387VSzXHzGsGF6o/BX3meFwZEhKYproEJfU0Bs,1.444762,2.507919,2.003735
571500,a8x6/fzdaAIGhrSSMcDVTLQpso387VSzXHzGsGF6o/BX3meFwZEhKYproEJfU0Bs,1.262027,2.5023470000000003,1.8457240000000001
571800,a8x6/fzdaAIGhrSSMcDVTLQpso387VSzXHzGsGF6o/BX3meFwZEhKYproEJfU0Bs,1.510745,29.743664000000003,4.775588
572100,a8x6/fzdaAIGhrSSMcDVTLQpso387VSzXHzGsGF6o/BX3meFwZEhKYproEJfU0Bs,1.227042,2.5197540000000003,1.887387
572400,a8x6/fzdaAIGhrSSMcDVTLQpso387VSzXHzGsGF6o/BX3meFwZEhKYproEJfU0Bs,1.4899790000000002,2.375866,1.85827
572700,a8x6/fzdaAIGhrSSMcDVTLQpso387VSzXHzGsGF6o/BX3meFwZEhKYproEJfU0Bs,1.277866,2.95363,1.917142
573000,a8x6/fzdaAIGhrSSMcDVTLQpso387VSzXHzGsGF6o/BX3meFwZEhKYproEJfU0Bs,1.4908299999999999,2.679061,2.035425
573300,a8x6/fzdaAIGhrSSMcDVTLQpso387VSzXHzGsGF6o/BX3meFwZEhKYproEJfU0Bs,1.243974,2.428906,1.761584
573600,a8x6/fzdaAIGhrSSMcDVTLQpso387VSzXHzGsGF6o/BX3meFwZEhKYproEJfU0Bs,1.502988,2.910638,1.934402
573900,a8x6/fzdaAIGhrSSMcDVTLQpso387VSzXHzGsGF6o/BX3meFwZEhKYproEJfU0Bs,1.284964,2.391874,1.937054
574200,a8x6/fzdaAIGhrSSMcDVTLQpso387VSzXHzGsGF6o/BX3meFwZEhKYproEJfU0Bs,0.967726,2.320179,1.816011
574500,a8x6/fzdaAIGhrSSMcDVTLQpso387VSzXHzGsGF6o/BX3meFwZEhKYproEJfU0Bs,1.513356,3.506938,1.9716529999999999
574800,a8x6/fzdaAIGhrSSMcDVTLQpso387VSzXHzGsGF6o/BX3meFwZEhKYproEJfU0Bs,1.428517,2.6627110000000003,1.9029599999999998
575100,a8x6/fzdaAIGhrSSMcDVTLQpso387VSzXHzGsGF6o/BX3meFwZEhKYproEJfU0Bs,1.519843,2.7339700000000002,2.095432
575400,a8x6/fzdaAIGhrSSMcDVTLQpso387VSzXHzGsGF6o/BX3meFwZEhKYproEJfU0Bs,1.010895,31.011844,4.743233
575700,a8x6/fzdaAIGhrSSMcDVTLQpso387VSzXHzGsGF6o/BX3meFwZEhKYproEJfU0Bs,1.508513,2.6375319999999998,1.962969
576000,a8x6/fzdaAIGhrSSMcDVTLQpso387VSzXHzGsGF6o/BX3meFwZEhKYproEJfU0Bs,1.531195,2.806737,1.928466
576300,a8x6/fzdaAIGhrSSMcDVTLQpso387VSzXHzGsGF6o/BX3meFwZEhKYproEJfU0Bs,1.569748,3.444778,2.018147
576600,a8x6/fzdaAIGhrSSMcDVTLQpso387VSzXHzGsGF6o/BX3meFwZEhKYproEJfU0Bs,1.562408,2.69865,2.00389
576900,a8x6/fzdaAIGhrSSMcDVTLQpso387VSzXHzGsGF6o/BX3meFwZEhKYproEJfU0Bs,1.562924,2.585411,1.9882279999999999
577200,a8x6/fzdaAIGhrSSMcDVTLQpso387VSzXHzGsGF6o/BX3meFwZEhKYproEJfU0Bs,1.559186,3.396405,1.993564
577500,a8x6/fzdaAIGhrSSMcDVTLQpso387VSzXHzGsGF6o/BX3meFwZEhKYproEJfU0Bs,1.5374219999999998,2.694414,1.990716
577800,a8x6/fzdaAIGhrSSMcDVTLQpso387VSzXHzGsGF6o/BX3meFwZEhKYproEJfU0Bs,1.56301,2.7155299999999998,2.0156009999999998
578100,a8x6/fzdaAIGhrSSMcDVTLQpso387VSzXHzGsGF6o/BX3meFwZEhKYproEJfU0Bs,1.52837,3.355696,2.070015
578400,a8x6/fzdaAIGhrSSMcDVTLQpso387VSzXHzGsGF6o/BX3meFwZEhKYproEJfU0Bs,1.518016,2.524,1.9042430000000001
578700,a8x6/fzdaAIGhrSSMcDVTLQpso387VSzXHzGsGF6o/BX3meFwZEhKYproEJfU0Bs,1.4647299999999999,2.731471,1.998791
579000,a8x6/fzdaAIGhrSSMcDVTLQpso387VSzXHzGsGF6o/BX3meFwZEhKYproEJfU0Bs,1.4727540000000001,25.948486,4.757128
579300,a8x6/fzdaAIGhrSSMcDVTLQpso387VSzXHzGsGF6o/BX3meFwZEhKYproEJfU0Bs,1.529128,2.5422540000000002,1.9710889999999999
579600,a8x6/fzdaAIGhrSSMcDVTLQpso387VSzXHzGsGF6o/BX3meFwZEhKYproEJfU0Bs,1.271044,2.4545369999999997,1.9632040000000002
579900,a8x6/fzdaAIGhrSSMcDVTLQpso387VSzXHzGsGF6o/BX3meFwZEhKYproEJfU0Bs,1.548849,3.388898,2.012424
580200,a8x6/fzdaAIGhrSSMcDVTLQpso387VSzXHzGsGF6o/BX3meFwZEhKYproEJfU0Bs,1.039971,2.574684,1.872095
580500,a8x6/fzdaAIGhrSSMcDVTLQpso387VSzXHzGsGF6o/BX3meFwZEhKYproEJfU0Bs,1.394579,2.540649,1.979812
580800,a8x6/fzdaAIGhrSSMcDVTLQpso387VSzXHzGsGF6o/BX3meFwZEhKYproEJfU0Bs,1.552178,7.606549,2.5287439999999997
581100,a8x6/fzdaAIGhrSSMcDVTLQpso387VSzXHzGsGF6o/BX3meFwZEhKYproEJfU0Bs,1.516751,2.620366,1.9835759999999998
581400,a8x6/fzdaAIGhrSSMcDVTLQpso387VSzXHzGsGF6o/BX3meFwZEhKYproEJfU0Bs,1.5798299999999998,2.635217,2.01412
581700,a8x6/fzdaAIGhrSSMcDVTLQpso387VSzXHzGsGF6o/BX3meFwZEhKYproEJfU0Bs,1.511233,3.124663,1.967213
582000,a8x6/fzdaAIGhrSSMcDVTLQpso387VSzXHzGsGF6o/BX3meFwZEhKYproEJfU0Bs,1.513033,2.55888,1.9851029999999998
582300,a8x6/fzdaAIGhrSSMcDVTLQpso387VSzXHzGsGF6o/BX3meFwZEhKYproEJfU0Bs,1.5623850000000001,2.843356,2.14601
582600,a8x6/fzdaAIGhrSSMcDVTLQpso387VSzXHzGsGF6o/BX3meFwZEhKYproEJfU0Bs,1.510459,29.658990000000003,4.797229
582900,a8x6/fzdaAIGhrSSMcDVTLQpso387VSzXHzGsGF6o/BX3meFwZEhKYproEJfU0Bs,1.3806100000000001,2.508556,1.8669369999999998
583200,a8x6/fzdaAIGhrSSMcDVTLQpso387VSzXHzGsGF6o/BX3meFwZEhKYproEJfU0Bs,1.5231860000000002,2.578909,1.994518
583500,a8x6/fzdaAIGhrSSMcDVTLQpso387VSzXHzGsGF6o/BX3meFwZEhKYproEJfU0Bs,1.29621,3.252643,1.9716740000000001
583800,a8x6/fzdaAIGhrSSMcDVTLQpso387VSzXHzGsGF6o/BX3meFwZEhKYproEJfU0Bs,1.507105,2.545185,1.9615759999999998
584100,a8x6/fzdaAIGhrSSMcDVTLQpso387VSzXHzGsGF6o/BX3meFwZEhKYproEJfU0Bs,1.439761,2.564619,1.9586810000000001
584400,a8x6/fzdaAIGhrSSMcDVTLQpso387VSzXHzGsGF6o/BX3meFwZEhKYproEJfU0Bs,1.54634,3.099095,2.006722
584700,a8x6/fzdaAIGhrSSMcDVTLQpso387VSzXHzGsGF6o/BX3meFwZEhKYproEJfU0Bs,1.17134,2.483834,1.947857
585000,a8x6/fzdaAIGhrSSMcDVTLQpso387VSzXHzGsGF6o/BX3meFwZEhKYproEJfU0Bs,0.9531790000000001,2.542081,1.946418
585300,a8x6/fzdaAIGhrSSMcDVTLQpso387VSzXHzGsGF6o/BX3meFwZEhKYproEJfU0Bs,1.481852,3.379197,1.99978
585600,a8x6/fzdaAIGhrSSMcDVTLQpso387VSzXHzGsGF6o/BX3meFwZEhKYproEJfU0Bs,1.209478,2.477322,1.865933
585900,a8x6/fzdaAIGhrSSMcDVTLQpso387VSzXHzGsGF6o/BX3meFwZEhKYproEJfU0Bs,1.489657,2.427194,1.9793459999999998
586200,a8x6/fzdaAIGhrSSMcDVTLQpso387VSzXHzGsGF6o/BX3meFwZEhKYproEJfU0Bs,1.396875,23.752311,4.162389
586500,a8x6/fzdaAIGhrSSMcDVTLQpso387VSzXHzGsGF6o/BX3meFwZEhKYproEJfU0Bs,1.4906709999999999,7.767463,2.571224
586800,a8x6/fzdaAIGhrSSMcDVTLQpso387VSzXHzGsGF6o/BX3meFwZEhKYproEJfU0Bs,1.481092,2.553244,1.903011
587100,a8x6/fzdaAIGhrSSMcDVTLQpso387VSzXHzGsGF6o/BX3meFwZEhKYproEJfU0Bs,1.5301850000000001,3.181353,1.994201
587400,a8x6/fzdaAIGhrSSMcDVTLQpso387VSzXHzGsGF6o/BX3meFwZEhKYproEJfU0Bs,0.5730890000000001,2.484394,1.8966869999999998
587700,a8x6/fzdaAIGhrSSMcDVTLQpso387VSzXHzGsGF6o/BX3meFwZEhKYproEJfU0Bs,0.731258,3.41661,1.947266
588000,a8x6/fzdaAIGhrSSMcDVTLQpso387VSzXHzGsGF6o/BX3meFwZEhKYproEJfU0Bs,1.445817,2.7436,1.9959330000000002
588300,a8x6/fzdaAIGhrSSMcDVTLQpso387VSzXHzGsGF6o/BX3meFwZEhKYproEJfU0Bs,1.267641,2.718829,1.8685330000000002
588600,a8x6/fzdaAIGhrSSMcDVTLQpso387VSzXHzGsGF6o/BX3meFwZEhKYproEJfU0Bs,1.461906,3.430007,1.997427
588900,a8x6/fzdaAIGhrSSMcDVTLQpso387VSzXHzGsGF6o/BX3meFwZEhKYproEJfU0Bs,1.053332,2.8047400000000002,1.9478119999999999
589200,a8x6/fzdaAIGhrSSMcDVTLQpso387VSzXHzGsGF6o/BX3meFwZEhKYproEJfU0Bs,1.4847350000000001,2.810502,1.946009
589500,a8x6/fzdaAIGhrSSMcDVTLQpso387VSzXHzGsGF6o/BX3meFwZEhKYproEJfU0Bs,1.2943639999999998,3.4780300000000004,1.9433080000000003
589800,a8x6/fzdaAIGhrSSMcDVTLQpso387VSzXHzGsGF6o/BX3meFwZEhKYproEJfU0Bs,1.42766,2.691333,1.973485
590100,a8x6/fzdaAIGhrSSMcDVTLQpso387VSzXHzGsGF6o/BX3meFwZEhKYproEJfU0Bs,1.467566,2.481261,2.0167509999999997
590400,a8x6/fzdaAIGhrSSMcDVTLQpso387VSzXHzGsGF6o/BX3meFwZEhKYproEJfU0Bs,1.06584,3.365897,1.907544
590700,a8x6/fzdaAIGhrSSMcDVTLQpso387VSzXHzGsGF6o/BX3meFwZEhKYproEJfU0Bs,1.450447,2.8450159999999998,2.038838
591000,a8x6/fzdaAIGhrSSMcDVTLQpso387VSzXHzGsGF6o/BX3meFwZEhKYproEJfU0Bs,1.482058,2.716655,1.9270610000000001
591300,a8x6/fzdaAIGhrSSMcDVTLQpso387VSzXHzGsGF6o/BX3meFwZEhKYproEJfU0Bs,1.452954,46.331546,10.349651
591600,a8x6/fzdaAIGhrSSMcDVTLQpso387VSzXHzGsGF6o/BX3meFwZEhKYproEJfU0Bs,1.325215,3.126773,2.163488
591900,a8x6/fzdaAIGhrSSMcDVTLQpso387VSzXHzGsGF6o/BX3meFwZEhKYproEJfU0Bs,1.442494,2.660643,1.9311470000000002
592200,a8x6/fzdaAIGhrSSMcDVTLQpso387VSzXHzGsGF6o/BX3meFwZEhKYproEJfU0Bs,1.373686,3.29432,1.979263
592500,a8x6/fzdaAIGhrSSMcDVTLQpso387VSzXHzGsGF6o/BX3meFwZEhKYproEJfU0Bs,1.380944,2.893954,1.991669
592800,a8x6/fzdaAIGhrSSMcDVTLQpso387VSzXHzGsGF6o/BX3meFwZEhKYproEJfU0Bs,0.5758270000000001,2.828026,1.883034
593100,a8x6/fzdaAIGhrSSMcDVTLQpso387VSzXHzGsGF6o/BX3meFwZEhKYproEJfU0Bs,1.396068,3.334707,2.0250220000000003
593400,a8x6/fzdaAIGhrSSMcDVTLQpso387VSzXHzGsGF6o/BX3meFwZEhKYproEJfU0Bs,1.3446120000000001,2.78875,1.972161
593700,a8x6/fzdaAIGhrSSMcDVTLQpso387VSzXHzGsGF6o/BX3meFwZEhKYproEJfU0Bs,1.441746,29.298684,4.78979
594000,a8x6/fzdaAIGhrSSMcDVTLQpso387VSzXHzGsGF6o/BX3meFwZEhKYproEJfU0Bs,1.409878,3.409865,1.978994
594300,a8x6/fzdaAIGhrSSMcDVTLQpso387VSzXHzGsGF6o/BX3meFwZEhKYproEJfU0Bs,1.370228,2.753436,2.00254
594600,a8x6/fzdaAIGhrSSMcDVTLQpso387VSzXHzGsGF6o/BX3meFwZEhKYproEJfU0Bs,1.4322270000000001,2.592327,1.9488020000000001
594900,a8x6/fzdaAIGhrSSMcDVTLQpso387VSzXHzGsGF6o/BX3meFwZEhKYproEJfU0Bs,1.366696,3.260895,1.9634470000000002
595200,a8x6/fzdaAIGhrSSMcDVTLQpso387VSzXHzGsGF6o/BX3meFwZEhKYproEJfU0Bs,1.359911,2.710044,1.9370779999999999
595500,a8x6/fzdaAIGhrSSMcDVTLQpso387VSzXHzGsGF6o/BX3meFwZEhKYproEJfU0Bs,1.401934,2.754833,1.9247900000000002
595800,a8x6/fzdaAIGhrSSMcDVTLQpso387VSzXHzGsGF6o/BX3meFwZEhKYproEJfU0Bs,1.386095,3.358459,2.0100919999999998
596100,a8x6/fzdaAIGhrSSMcDVTLQpso387VSzXHzGsGF6o/BX3meFwZEhKYproEJfU0Bs,1.414806,2.770283,1.959009
596400,a8x6/fzdaAIGhrSSMcDVTLQpso387VSzXHzGsGF6o/BX3meFwZEhKYproEJfU0Bs,1.4231989999999999,2.555837,1.863753
596700,a8x6/fzdaAIGhrSSMcDVTLQpso387VSzXHzGsGF6o/BX3meFwZEhKYproEJfU0Bs,1.3667559999999999,3.385503,1.968495
597000,a8x6/fzdaAIGhrSSMcDVTLQpso387VSzXHzGsGF6o/BX3meFwZEhKYproEJfU0Bs,1.423957,2.90689,2.045296
597300,a8x6/fzdaAIGhrSSMcDVTLQpso387VSzXHzGsGF6o/BX3meFwZEhKYproEJfU0Bs,1.446899,17.799595999999998,4.723707
597600,a8x6/fzdaAIGhrSSMcDVTLQpso387VSzXHzGsGF6o/BX3meFwZEhKYproEJfU0Bs,1.304094,3.290806,1.9273939999999998
597900,a8x6/fzdaAIGhrSSMcDVTLQpso387VSzXHzGsGF6o/BX3meFwZEhKYproEJfU0Bs,1.4070989999999999,2.7028790000000003,1.9515930000000001
598200,a8x6/fzdaAIGhrSSMcDVTLQpso387VSzXHzGsGF6o/BX3meFwZEhKYproEJfU0Bs,1.2227940000000002,2.732678,1.8171549999999999
598500,a8x6/fzdaAIGhrSSMcDVTLQpso387VSzXHzGsGF6o/BX3meFwZEhKYproEJfU0Bs,1.1081370000000001,3.0912599999999997,1.848314
598800,a8x6/fzdaAIGhrSSMcDVTLQpso387VSzXHzGsGF6o/BX3meFwZEhKYproEJfU0Bs,1.472872,2.889306,2.096048
599100,a8x6/fzdaAIGhrSSMcDVTLQpso387VSzXHzGsGF6o/BX3meFwZEhKYproEJfU0Bs,0.890971,3.4078370000000002,1.995803
599400,a8x6/fzdaAIGhrSSMcDVTLQpso387VSzXHzGsGF6o/BX3meFwZEhKYproEJfU0Bs,1.471748,13.448176,4.047549
599700,a8x6/fzdaAIGhrSSMcDVTLQpso387VSzXHzGsGF6o/BX3meFwZEhKYproEJfU0Bs,1.439648,3.004321,2.0992830000000002
600000,a8x6/fzdaAIGhrSSMcDVTLQpso387VSzXHzGsGF6o/BX3meFwZEhKYproEJfU0Bs,1.6503599999999998,2.685409,2.0438419999999997
600300,a8x6/fzdaAIGhrSSMcDVTLQpso387VSzXHzGsGF6o/BX3meFwZEhKYproEJfU0Bs,1.509299,22.476198999999998,4.430936
600600,a8x6/fzdaAIGhrSSMcDVTLQpso387VSzXHzGsGF6o/BX3meFwZEhKYproEJfU0Bs,1.4293,2.4044779999999997,1.872157
600900,a8x6/fzdaAIGhrSSMcDVTLQpso387VSzXHzGsGF6o/BX3meFwZEhKYproEJfU0Bs,1.465492,3.1244259999999997,2.043417
601200,a8x6/fzdaAIGhrSSMcDVTLQpso387VSzXHzGsGF6o/BX3meFwZEhKYproEJfU0Bs,1.437582,3.014209,1.971094
601500,a8x6/fzdaAIGhrSSMcDVTLQpso387VSzXHzGsGF6o/BX3meFwZEhKYproEJfU0Bs,1.384355,2.418872,1.8158189999999998
601800,a8x6/fzdaAIGhrSSMcDVTLQpso387VSzXHzGsGF6o/BX3meFwZEhKYproEJfU0Bs,1.402152,2.8723099999999997,1.940567
602100,a8x6/fzdaAIGhrSSMcDVTLQpso387VSzXHzGsGF6o/BX3meFwZEhKYproEJfU0Bs,1.465623,3.2797089999999995,1.971038
602400,a8x6/fzdaAIGhrSSMcDVTLQpso387VSzXHzGsGF6o/BX3meFwZEhKYproEJfU0Bs,1.212437,2.4935549999999997,1.808617
602700,a8x6/fzdaAIGhrSSMcDVTLQpso387VSzXHzGsGF6o/BX3meFwZEhKYproEJfU0Bs,1.399593,3.214251,2.021825
603000,a8x6/fzdaAIGhrSSMcDVTLQpso387VSzXHzGsGF6o/BX3meFwZEhKYproEJfU0Bs,1.215808,3.1819900000000003,1.936523
603300,a8x6/fzdaAIGhrSSMcDVTLQpso387VSzXHzGsGF6o/BX3meFwZEhKYproEJfU0Bs,1.4519799999999998,2.4767360000000003,1.842913
603600,a8x6/fzdaAIGhrSSMcDVTLQpso387VSzXHzGsGF6o/BX3meFwZEhKYproEJfU0Bs,0.851246,2.99599,1.8632650000000002
603900,a8x6/fzdaAIGhrSSMcDVTLQpso387VSzXHzGsGF6o/BX3meFwZEhKYproEJfU0Bs,1.233168,3.066389,1.959644
604200,a8x6/fzdaAIGhrSSMcDVTLQpso387VSzXHzGsGF6o/BX3meFwZEhKYproEJfU0Bs,1.400651,2.514971,1.8520599999999998
604500,a8x6/fzdaAIGhrSSMcDVTLQpso387VSzXHzGsGF6o/BX3meFwZEhKYproEJfU0Bs,1.024815,30.625016,4.731567
604800,a8x6/fzdaAIGhrSSMcDVTLQpso387VSzXHzGsGF6o/BX3meFwZEhKYproEJfU0Bs,1.4161059999999999,3.078827,1.9223290000000002
605100,a8x6/fzdaAIGhrSSMcDVTLQpso387VSzXHzGsGF6o/BX3meFwZEhKYproEJfU0Bs,1.0324,4.5473099999999995,2.0829779999999998
605400,a8x6/fzdaAIGhrSSMcDVTLQpso387VSzXHzGsGF6o/BX3meFwZEhKYproEJfU0Bs,1.403283,3.008942,2.0185400000000002
605700,a8x6/fzdaAIGhrSSMcDVTLQpso387VSzXHzGsGF6o/BX3meFwZEhKYproEJfU0Bs,1.432367,3.100384,1.994504
606000,a8x6/fzdaAIGhrSSMcDVTLQpso387VSzXHzGsGF6o/BX3meFwZEhKYproEJfU0Bs,1.357385,2.336031,1.8271130000000002
606300,a8x6/fzdaAIGhrSSMcDVTLQpso387VSzXHzGsGF6o/BX3meFwZEhKYproEJfU0Bs,1.32939,2.932555,1.935643
606600,a8x6/fzdaAIGhrSSMcDVTLQpso387VSzXHzGsGF6o/BX3meFwZEhKYproEJfU0Bs,1.475015,3.031279,1.949855
606900,a8x6/fzdaAIGhrSSMcDVTLQpso387VSzXHzGsGF6o/BX3meFwZEhKYproEJfU0Bs,1.282518,2.476816,1.8450650000000002
607200,a8x6/fzdaAIGhrSSMcDVTLQpso387VSzXHzGsGF6o/BX3meFwZEhKYproEJfU0Bs,1.3787280000000002,2.967155,1.9173419999999999
607500,a8x6/fzdaAIGhrSSMcDVTLQpso387VSzXHzGsGF6o/BX3meFwZEhKYproEJfU0Bs,1.452697,3.3953550000000003,1.973413
607800,a8x6/fzdaAIGhrSSMcDVTLQpso387VSzXHzGsGF6o/BX3meFwZEhKYproEJfU0Bs,1.3867559999999999,2.48069,1.875072
608100,a8x6/fzdaAIGhrSSMcDVTLQpso387VSzXHzGsGF6o/BX3meFwZEhKYproEJfU0Bs,1.436909,23.846721,4.8822410000000005
608400,a8x6/fzdaAIGhrSSMcDVTLQpso387VSzXHzGsGF6o/BX3meFwZEhKYproEJfU0Bs,1.0425200000000001,3.176403,1.9110060000000002
608700,a8x6/fzdaAIGhrSSMcDVTLQpso387VSzXHzGsGF6o/BX3meFwZEhKYproEJfU0Bs,1.459908,2.403868,1.870682
609000,a8x6/fzdaAIGhrSSMcDVTLQpso387VSzXHzGsGF6o/BX3meFwZEhKYproEJfU0Bs,1.41982,3.673336,2.1147
609300,a8x6/fzdaAIGhrSSMcDVTLQpso387VSzXHzGsGF6o/BX3meFwZEhKYproEJfU0Bs,1.037059,3.0998580000000002,1.9069720000000001
609600,a8x6/fzdaAIGhrSSMcDVTLQpso387VSzXHzGsGF6o/BX3meFwZEhKYproEJfU0Bs,1.428051,2.570089,1.8822990000000002
609900,a8x6/fzdaAIGhrSSMcDVTLQpso387VSzXHzGsGF6o/BX3meFwZEhKYproEJfU0Bs,0.628375,2.9916099999999997,1.8704459999999998
610200,a8x6/fzdaAIGhrSSMcDVTLQpso387VSzXHzGsGF6o/BX3meFwZEhKYproEJfU0Bs,1.398539,3.085882,1.934651
610500,a8x6/fzdaAIGhrSSMcDVTLQpso387VSzXHzGsGF6o/BX3meFwZEhKYproEJfU0Bs,0.9798040000000001,2.491313,1.783854
610800,a8x6/fzdaAIGhrSSMcDVTLQpso387VSzXHzGsGF6o/BX3meFwZEhKYproEJfU0Bs,1.398949,2.849838,1.980768
611100,a8x6/fzdaAIGhrSSMcDVTLQpso387VSzXHzGsGF6o/BX3meFwZEhKYproEJfU0Bs,0.986395,3.146876,1.870998
611400,a8x6/fzdaAIGhrSSMcDVTLQpso387VSzXHzGsGF6o/BX3meFwZEhKYproEJfU0Bs,1.408196,2.43387,1.837875
611700,a8x6/fzdaAIGhrSSMcDVTLQpso387VSzXHzGsGF6o/BX3meFwZEhKYproEJfU0Bs,1.2486270000000002,32.194033000000005,4.86506
612000,a8x6/fzdaAIGhrSSMcDVTLQpso387VSzXHzGsGF6o/BX3meFwZEhKYproEJfU0Bs,1.366148,2.91357,1.909882
612300,a8x6/fzdaAIGhrSSMcDVTLQpso387VSzXHzGsGF6o/BX3meFwZEhKYproEJfU0Bs,1.372272,2.295918,1.8928900000000002
612600,a8x6/fzdaAIGhrSSMcDVTLQpso387VSzXHzGsGF6o/BX3meFwZEhKYproEJfU0Bs,0.989815,2.763538,1.870454
612900,a8x6/fzdaAIGhrSSMcDVTLQpso387VSzXHzGsGF6o/BX3meFwZEhKYproEJfU0Bs,1.496779,3.123732,1.968961
613200,a8x6/fzdaAIGhrSSMcDVTLQpso387VSzXHzGsGF6o/BX3meFwZEhKYproEJfU0Bs,0.746584,2.572496,1.842911
613500,a8x6/fzdaAIGhrSSMcDVTLQpso387VSzXHzGsGF6o/BX3meFwZEhKYproEJfU0Bs,1.42184,2.95127,2.044143
613800,a8x6/fzdaAIGhrSSMcDVTLQpso387VSzXHzGsGF6o/BX3meFwZEhKYproEJfU0Bs,1.485865,3.097636,1.9861490000000002
614100,a8x6/fzdaAIGhrSSMcDVTLQpso387VSzXHzGsGF6o/BX3meFwZEhKYproEJfU0Bs,1.4362780000000002,2.433068,1.9077220000000001
614400,a8x6/fzdaAIGhrSSMcDVTLQpso387VSzXHzGsGF6o/BX3meFwZEhKYproEJfU0Bs,0.739704,2.906354,1.870941
614700,a8x6/fzdaAIGhrSSMcDVTLQpso387VSzXHzGsGF6o/BX3meFwZEhKYproEJfU0Bs,1.321785,2.6356610000000003,1.839523
615000,a8x6/fzdaAIGhrSSMcDVTLQpso387VSzXHzGsGF6o/BX3meFwZEhKYproEJfU0Bs,1.402496,2.764823,1.845837
615300,a8x6/fzdaAIGhrSSMcDVTLQpso387VSzXHzGsGF6o/BX3meFwZEhKYproEJfU0Bs,1.399909,30.502691,4.6910989999999995
615600,a8x6/fzdaAIGhrSSMcDVTLQpso387VSzXHzGsGF6o/BX3meFwZEhKYproEJfU0Bs,1.380187,2.7152380000000003,1.9336740000000001
615900,a8x6/fzdaAIGhrSSMcDVTLQpso387VSzXHzGsGF6o/BX3meFwZEhKYproEJfU0Bs,0.617192,2.3913740000000003,1.681798
616200,a8x6/fzdaAIGhrSSMcDVTLQpso387VSzXHzGsGF6o/BX3meFwZEhKYproEJfU0Bs,1.400808,3.6429449999999997,2.050494
616500,a8x6/fzdaAIGhrSSMcDVTLQpso387VSzXHzGsGF6o/BX3meFwZEhKYproEJfU0Bs,0.49273500000000003,2.833427,1.756848
616800,a8x6/fzdaAIGhrSSMcDVTLQpso387VSzXHzGsGF6o/BX3meFwZEhKYproEJfU0Bs,1.4021190000000001,2.716036,1.826616
617100,a8x6/fzdaAIGhrSSMcDVTLQpso387VSzXHzGsGF6o/BX3meFwZEhKYproEJfU0Bs,1.417405,3.2110630000000002,1.89035
617400,a8x6/fzdaAIGhrSSMcDVTLQpso387VSzXHzGsGF6o/BX3meFwZEhKYproEJfU0Bs,1.3622379999999998,2.637326,1.885825
617700,a8x6/fzdaAIGhrSSMcDVTLQpso387VSzXHzGsGF6o/BX3meFwZEhKYproEJfU0Bs,1.3732,2.881779,1.903936
618000,a8x6/fzdaAIGhrSSMcDVTLQpso387VSzXHzGsGF6o/BX3meFwZEhKYproEJfU0Bs,1.425084,3.5148870000000003,1.911309
618300,a8x6/fzdaAIGhrSSMcDVTLQpso387VSzXHzGsGF6o/BX3meFwZEhKYproEJfU0Bs,1.410763,2.764282,2.022956
618600,a8x6/fzdaAIGhrSSMcDVTLQpso387VSzXHzGsGF6o/BX3meFwZEhKYproEJfU0Bs,1.194874,2.350438,1.722646
618900,a8x6/fzdaAIGhrSSMcDVTLQpso387VSzXHzGsGF6o/BX3meFwZEhKYproEJfU0Bs,1.4012200000000001,27.785909999999998,4.876411
619200,a8x6/fzdaAIGhrSSMcDVTLQpso387VSzXHzGsGF6o/BX3meFwZEhKYproEJfU0Bs,0.6859770000000001,3.023108,1.7579619999999998
619500,a8x6/fzdaAIGhrSSMcDVTLQpso387VSzXHzGsGF6o/BX3meFwZEhKYproEJfU0Bs,1.4072879999999999,2.664434,1.909155
619800,a8x6/fzdaAIGhrSSMcDVTLQpso387VSzXHzGsGF6o/BX3meFwZEhKYproEJfU0Bs,0.91679,3.121459,1.776903
620100,a8x6/fzdaAIGhrSSMcDVTLQpso387VSzXHzGsGF6o/BX3meFwZEhKYproEJfU0Bs,1.472117,47.890671000000005,10.366100999999999
620400,a8x6/fzdaAIGhrSSMcDVTLQpso387VSzXHzGsGF6o/BX3meFwZEhKYproEJfU0Bs,1.4231,3.15347,2.07393
620700,a8x6/fzdaAIGhrSSMcDVTLQpso387VSzXHzGsGF6o/BX3meFwZEhKYproEJfU0Bs,1.423283,3.6887,1.9647880000000002
621000,a8x6/fzdaAIGhrSSMcDVTLQpso387VSzXHzGsGF6o/BX3meFwZEhKYproEJfU0Bs,1.35576,2.940975,1.991169
621300,a8x6/fzdaAIGhrSSMcDVTLQpso387VSzXHzGsGF6o/BX3meFwZEhKYproEJfU0Bs,1.418268,2.848536,1.8126470000000001
621600,a8x6/fzdaAIGhrSSMcDVTLQpso387VSzXHzGsGF6o/BX3meFwZEhKYproEJfU0Bs,1.38889,3.7035970000000002,2.089027
621900,a8x6/fzdaAIGhrSSMcDVTLQpso387VSzXHzGsGF6o/BX3meFwZEhKYproEJfU0Bs,1.331966,2.619843,1.809794
622200,a8x6/fzdaAIGhrSSMcDVTLQpso387VSzXHzGsGF6o/BX3meFwZEhKYproEJfU0Bs,1.331639,2.5535959999999998,1.8381049999999999
622500,a8x6/fzdaAIGhrSSMcDVTLQpso387VSzXHzGsGF6o/BX3meFwZEhKYproEJfU0Bs,1.374837,29.912256,4.646457
622800,a8x6/fzdaAIGhrSSMcDVTLQpso387VSzXHzGsGF6o/BX3meFwZEhKYproEJfU0Bs,1.378919,2.777837,1.8304
623100,a8x6/fzdaAIGhrSSMcDVTLQpso387VSzXHzGsGF6o/BX3meFwZEhKYproEJfU0Bs,1.446599,2.752885,1.877032
623400,a8x6/fzdaAIGhrSSMcDVTLQpso387VSzXHzGsGF6o/BX3meFwZEhKYproEJfU0Bs,0.8849819999999999,3.658686,1.8389369999999998
623700,a8x6/fzdaAIGhrSSMcDVTLQpso387VSzXHzGsGF6o/BX3meFwZEhKYproEJfU0Bs,1.416468,2.687291,1.967628
624000,a8x6/fzdaAIGhrSSMcDVTLQpso387VSzXHzGsGF6o/BX3meFwZEhKYproEJfU0Bs,0.7215189999999999,2.249463,1.63732
624300,a8x6/fzdaAIGhrSSMcDVTLQpso387VSzXHzGsGF6o/BX3meFwZEhKYproEJfU0Bs,1.4722709999999999,3.5047269999999995,2.053241
624600,a8x6/fzdaAIGhrSSMcDVTLQpso387VSzXHzGsGF6o/BX3meFwZEhKYproEJfU0Bs,1.3847770000000001,5.180661,2.361311
624900,a8x6/fzdaAIGhrSSMcDVTLQpso387VSzXHzGsGF6o/BX3meFwZEhKYproEJfU0Bs,1.447294,2.675827,1.90717
625200,a8x6/fzdaAIGhrSSMcDVTLQpso387VSzXHzGsGF6o/BX3meFwZEhKYproEJfU0Bs,1.4269610000000001,4.740647,2.15861
625500,a8x6/fzdaAIGhrSSMcDVTLQpso387VSzXHzGsGF6o/BX3meFwZEhKYproEJfU0Bs,1.37914,2.540387,1.903891
625800,a8x6/fzdaAIGhrSSMcDVTLQpso387VSzXHzGsGF6o/BX3meFwZEhKYproEJfU0Bs,1.451746,2.445368,1.946959
626100,a8x6/fzdaAIGhrSSMcDVTLQpso387VSzXHzGsGF6o/BX3meFwZEhKYproEJfU0Bs,1.411535,25.788204999999998,4.751643
626400,a8x6/fzdaAIGhrSSMcDVTLQpso387VSzXHzGsGF6o/BX3meFwZEhKYproEJfU0Bs,1.408193,3.2179599999999997,2.009043
626700,a8x6/fzdaAIGhrSSMcDVTLQpso387VSzXHzGsGF6o/BX3meFwZEhKYproEJfU0Bs,1.392096,2.378725,1.852443
627000,a8x6/fzdaAIGhrSSMcDVTLQpso387VSzXHzGsGF6o/BX3meFwZEhKYproEJfU0Bs,1.3986889999999998,3.3298,2.0481849999999997
627300,a8x6/fzdaAIGhrSSMcDVTLQpso387VSzXHzGsGF6o/BX3meFwZEhKYproEJfU0Bs,1.493388,2.646634,1.93023
627600,a8x6/fzdaAIGhrSSMcDVTLQpso387VSzXHzGsGF6o/BX3meFwZEhKYproEJfU0Bs,1.517816,2.511768,1.9182259999999998
627900,a8x6/fzdaAIGhrSSMcDVTLQpso387VSzXHzGsGF6o/BX3meFwZEhKYproEJfU0Bs,1.456782,3.02395,1.956245
628200,a8x6/fzdaAIGhrSSMcDVTLQpso387VSzXHzGsGF6o/BX3meFwZEhKYproEJfU0Bs,1.512643,3.5784230000000004,2.0757380000000003
628500,a8x6/fzdaAIGhrSSMcDVTLQpso387VSzXHzGsGF6o/BX3meFwZEhKYproEJfU0Bs,1.494025,2.488226,1.913188
628800,a8x6/fzdaAIGhrSSMcDVTLQpso387VSzXHzGsGF6o/BX3meFwZEhKYproEJfU0Bs,1.493141,4.674298,2.194903
629100,a8x6/fzdaAIGhrSSMcDVTLQpso387VSzXHzGsGF6o/BX3meFwZEhKYproEJfU0Bs,1.452668,2.68533,1.962859
629400,a8x6/fzdaAIGhrSSMcDVTLQpso387VSzXHzGsGF6o/BX3meFwZEhKYproEJfU0Bs,1.433734,12.085228,3.047825
629700,a8x6/fzdaAIGhrSSMcDVTLQpso387VSzXHzGsGF6o/BX3meFwZEhKYproEJfU0Bs,1.5020069999999999,29.654157,4.873401
630000,a8x6/fzdaAIGhrSSMcDVTLQpso387VSzXHzGsGF6o/BX3meFwZEhKYproEJfU0Bs,1.009723,2.66731,1.833861
630300,a8x6/fzdaAIGhrSSMcDVTLQpso387VSzXHzGsGF6o/BX3meFwZEhKYproEJfU0Bs,1.458909,2.576682,2.013296
630600,a8x6/fzdaAIGhrSSMcDVTLQpso387VSzXHzGsGF6o/BX3meFwZEhKYproEJfU0Bs,1.564516,3.3330290000000002,2.060181
630900,a8x6/fzdaAIGhrSSMcDVTLQpso387VSzXHzGsGF6o/BX3meFwZEhKYproEJfU0Bs,1.538622,2.620053,1.947071
631200,a8x6/fzdaAIGhrSSMcDVTLQpso387VSzXHzGsGF6o/BX3meFwZEhKYproEJfU0Bs,1.4911510000000001,2.744866,2.085846
631500,a8x6/fzdaAIGhrSSMcDVTLQpso387VSzXHzGsGF6o/BX3meFwZEhKYproEJfU0Bs,1.534002,3.2254110000000003,2.025185
631800,a8x6/fzdaAIGhrSSMcDVTLQpso387VSzXHzGsGF6o/BX3meFwZEhKYproEJfU0Bs,1.5049540000000001,2.587253,2.018381
632100,a8x6/fzdaAIGhrSSMcDVTLQpso387VSzXHzGsGF6o/BX3meFwZEhKYproEJfU0Bs,1.503673,2.583538,2.141356
632400,a8x6/fzdaAIGhrSSMcDVTLQpso387VSzXHzGsGF6o/BX3meFwZEhKYproEJfU0Bs,1.540398,3.2968349999999997,2.069038
632700,a8x6/fzdaAIGhrSSMcDVTLQpso387VSzXHzGsGF6o/BX3meFwZEhKYproEJfU0Bs,1.260715,3.092632,2.0181270000000002
633000,a8x6/fzdaAIGhrSSMcDVTLQpso387VSzXHzGsGF6o/BX3meFwZEhKYproEJfU0Bs,1.5063440000000001,2.578157,2.0180919999999998
633300,a8x6/fzdaAIGhrSSMcDVTLQpso387VSzXHzGsGF6o/BX3meFwZEhKYproEJfU0Bs,1.550548,29.655088,4.809419
633600,a8x6/fzdaAIGhrSSMcDVTLQpso387VSzXHzGsGF6o/BX3meFwZEhKYproEJfU0Bs,1.5032159999999999,2.55895,1.9083599999999998
633900,a8x6/fzdaAIGhrSSMcDVTLQpso387VSzXHzGsGF6o/BX3meFwZEhKYproEJfU0Bs,1.516429,2.680086,2.022825
634200,a8x6/fzdaAIGhrSSMcDVTLQpso387VSzXHzGsGF6o/BX3meFwZEhKYproEJfU0Bs,1.548371,3.352176,2.0546860000000002
634500,a8x6/fzdaAIGhrSSMcDVTLQpso387VSzXHzGsGF6o/BX3meFwZEhKYproEJfU0Bs,1.5288680000000001,2.765605,1.96853
634800,a8x6/fzdaAIGhrSSMcDVTLQpso387VSzXHzGsGF6o/BX3meFwZEhKYproEJfU0Bs,1.414234,3.251257,2.0610619999999997
635100,a8x6/fzdaAIGhrSSMcDVTLQpso387VSzXHzGsGF6o/BX3meFwZEhKYproEJfU0Bs,1.697141,3.633207,2.2026209999999997
635400,a8x6/fzdaAIGhrSSMcDVTLQpso387VSzXHzGsGF6o/BX3meFwZEhKYproEJfU0Bs,1.533647,2.725825,2.059941
635700,a8x6/fzdaAIGhrSSMcDVTLQpso387VSzXHzGsGF6o/BX3meFwZEhKYproEJfU0Bs,1.435219,3.056258,2.074333
636000,a8x6/fzdaAIGhrSSMcDVTLQpso387VSzXHzGsGF6o/BX3meFwZEhKYproEJfU0Bs,1.075177,3.5176230000000004,2.023136
636300,a8x6/fzdaAIGhrSSMcDVTLQpso387VSzXHzGsGF6o/BX3meFwZEhKYproEJfU0Bs,1.295105,2.5364299999999997,1.886736
636600,a8x6/fzdaAIGhrSSMcDVTLQpso387VSzXHzGsGF6o/BX3meFwZEhKYproEJfU0Bs,1.4471379999999998,3.023615,2.048861
636900,a8x6/fzdaAIGhrSSMcDVTLQpso387VSzXHzGsGF6o/BX3meFwZEhKYproEJfU0Bs,1.7194669999999999,20.28483,4.940837
637200,a8x6/fzdaAIGhrSSMcDVTLQpso387VSzXHzGsGF6o/BX3meFwZEhKYproEJfU0Bs,1.545449,2.7119400000000002,1.954911
637500,a8x6/fzdaAIGhrSSMcDVTLQpso387VSzXHzGsGF6o/BX3meFwZEhKYproEJfU0Bs,1.481423,2.8712419999999996,2.029998
637800,a8x6/fzdaAIGhrSSMcDVTLQpso387VSzXHzGsGF6o/BX3meFwZEhKYproEJfU0Bs,1.524378,3.288718,2.114231
638100,a8x6/fzdaAIGhrSSMcDVTLQpso387VSzXHzGsGF6o/BX3meFwZEhKYproEJfU0Bs,1.541243,2.5037990000000003,1.937185
638400,a8x6/fzdaAIGhrSSMcDVTLQpso387VSzXHzGsGF6o/BX3meFwZEhKYproEJfU0Bs,1.619329,2.800488,2.037033
638700,a8x6/fzdaAIGhrSSMcDVTLQpso387VSzXHzGsGF6o/BX3meFwZEhKYproEJfU0Bs,1.5721180000000001,3.377103,2.079732
639000,a8x6/fzdaAIGhrSSMcDVTLQpso387VSzXHzGsGF6o/BX3meFwZEhKYproEJfU0Bs,0.92668,2.405313,1.837309
639300,a8x6/fzdaAIGhrSSMcDVTLQpso387VSzXHzGsGF6o/BX3meFwZEhKYproEJfU0Bs,1.525304,2.82395,1.99505
639600,a8x6/fzdaAIGhrSSMcDVTLQpso387VSzXHzGsGF6o/BX3meFwZEhKYproEJfU0Bs,0.818453,2.982192,1.933893
639900,a8x6/fzdaAIGhrSSMcDVTLQpso387VSzXHzGsGF6o/BX3meFwZEhKYproEJfU0Bs,1.516789,2.4397729999999997,1.959085
640200,a8x6/fzdaAIGhrSSMcDVTLQpso387VSzXHzGsGF6o/BX3meFwZEhKYproEJfU0Bs,1.554928,3.253256,2.175979
640500,a8x6/fzdaAIGhrSSMcDVTLQpso387VSzXHzGsGF6o/BX3meFwZEhKYproEJfU0Bs,1.5471709999999999,29.744829,4.928582
640800,a8x6/fzdaAIGhrSSMcDVTLQpso387VSzXHzGsGF6o/BX3meFwZEhKYproEJfU0Bs,1.500658,3.3243410000000004,2.01562
641100,a8x6/fzdaAIGhrSSMcDVTLQpso387VSzXHzGsGF6o/BX3meFwZEhKYproEJfU0Bs,1.519564,2.673115,2.087135
641400,a8x6/fzdaAIGhrSSMcDVTLQpso387VSzXHzGsGF6o/BX3meFwZEhKYproEJfU0Bs,1.477009,2.502246,1.972059
641700,a8x6/fzdaAIGhrSSMcDVTLQpso387VSzXHzGsGF6o/BX3meFwZEhKYproEJfU0Bs,1.53321,2.5066740000000003,1.949575
642000,a8x6/fzdaAIGhrSSMcDVTLQpso387VSzXHzGsGF6o/BX3meFwZEhKYproEJfU0Bs,1.483743,3.513065,2.027803
642300,a8x6/fzdaAIGhrSSMcDVTLQpso387VSzXHzGsGF6o/BX3meFwZEhKYproEJfU0Bs,1.7458470000000001,26.09864,4.546685
642600,a8x6/fzdaAIGhrSSMcDVTLQpso387VSzXHzGsGF6o/BX3meFwZEhKYproEJfU0Bs,1.5026,2.760675,1.9487189999999999
642900,a8x6/fzdaAIGhrSSMcDVTLQpso387VSzXHzGsGF6o/BX3meFwZEhKYproEJfU0Bs,1.474348,3.377133,2.0553939999999997
643200,a8x6/fzdaAIGhrSSMcDVTLQpso387VSzXHzGsGF6o/BX3meFwZEhKYproEJfU0Bs,1.604183,3.229257,2.157051
643500,a8x6/fzdaAIGhrSSMcDVTLQpso387VSzXHzGsGF6o/BX3meFwZEhKYproEJfU0Bs,1.521405,16.018051,4.387745
643800,a8x6/fzdaAIGhrSSMcDVTLQpso387VSzXHzGsGF6o/BX3meFwZEhKYproEJfU0Bs,1.4668780000000001,3.2394439999999998,2.022447
644100,a8x6/fzdaAIGhrSSMcDVTLQpso387VSzXHzGsGF6o/BX3meFwZEhKYproEJfU0Bs,1.496944,30.500089000000003,4.967741
644400,a8x6/fzdaAIGhrSSMcDVTLQpso387VSzXHzGsGF6o/BX3meFwZEhKYproEJfU0Bs,1.502753,2.757477,1.9360119999999998
644700,a8x6/fzdaAIGhrSSMcDVTLQpso387VSzXHzGsGF6o/BX3meFwZEhKYproEJfU0Bs,1.4982659999999999,3.330089,2.106331
645000,a8x6/fzdaAIGhrSSMcDVTLQpso387VSzXHzGsGF6o/BX3meFwZEhKYproEJfU0Bs,1.1471850000000001,2.846925,2.071551
645300,a8x6/fzdaAIGhrSSMcDVTLQpso387VSzXHzGsGF6o/BX3meFwZEhKYproEJfU0Bs,1.488534,2.7901860000000003,1.956225
645600,a8x6/fzdaAIGhrSSMcDVTLQpso387VSzXHzGsGF6o/BX3meFwZEhKYproEJfU0Bs,1.462789,3.230437,2.036007
645900,a8x6/fzdaAIGhrSSMcDVTLQpso387VSzXHzGsGF6o/BX3meFwZEhKYproEJfU0Bs,1.536699,2.7430689999999998,2.080766
646200,a8x6/fzdaAIGhrSSMcDVTLQpso387VSzXHzGsGF6o/BX3meFwZEhKYproEJfU0Bs,1.017426,2.7092080000000003,1.909372
646500,a8x6/fzdaAIGhrSSMcDVTLQpso387VSzXHzGsGF6o/BX3meFwZEhKYproEJfU0Bs,1.50668,3.214634,2.044651
646800,a8x6/fzdaAIGhrSSMcDVTLQpso387VSzXHzGsGF6o/BX3meFwZEhKYproEJfU0Bs,1.414957,2.959002,2.062929
647100,a8x6/fzdaAIGhrSSMcDVTLQpso387VSzXHzGsGF6o/BX3meFwZEhKYproEJfU0Bs,1.517965,2.7519240000000003,1.9921330000000002
647400,a8x6/fzdaAIGhrSSMcDVTLQpso387VSzXHzGsGF6o/BX3meFwZEhKYproEJfU0Bs,1.273023,3.3852300000000004,1.99144
647700,a8x6/fzdaAIGhrSSMcDVTLQpso387VSzXHzGsGF6o/BX3meFwZEhKYproEJfU0Bs,1.509873,21.719399,4.958117
648000,a8x6/fzdaAIGhrSSMcDVTLQpso387VSzXHzGsGF6o/BX3meFwZEhKYproEJfU0Bs,1.425111,2.86472,1.9311880000000001
648300,a8x6/fzdaAIGhrSSMcDVTLQpso387VSzXHzGsGF6o/BX3meFwZEhKYproEJfU0Bs,1.392025,3.990329,2.1633419999999997
648600,a8x6/fzdaAIGhrSSMcDVTLQpso387VSzXHzGsGF6o/BX3meFwZEhKYproEJfU0Bs,1.451324,2.911927,2.149869
648900,a8x6/fzdaAIGhrSSMcDVTLQpso387VSzXHzGsGF6o/BX3meFwZEhKYproEJfU0Bs,1.097055,51.144375,8.386902000000001
649200,a8x6/fzdaAIGhrSSMcDVTLQpso387VSzXHzGsGF6o/BX3meFwZEhKYproEJfU0Bs,1.520519,4.228854,2.260427
649500,a8x6/fzdaAIGhrSSMcDVTLQpso387VSzXHzGsGF6o/BX3meFwZEhKYproEJfU0Bs,1.587533,2.825532,2.1591150000000003
649800,a8x6/fzdaAIGhrSSMcDVTLQpso387VSzXHzGsGF6o/BX3meFwZEhKYproEJfU0Bs,1.494381,2.633858,1.950732
650100,a8x6/fzdaAIGhrSSMcDVTLQpso387VSzXHzGsGF6o/BX3meFwZEhKYproEJfU0Bs,1.4177,3.620533,2.012914
650400,a8x6/fzdaAIGhrSSMcDVTLQpso387VSzXHzGsGF6o/BX3meFwZEhKYproEJfU0Bs,1.5442069999999999,2.7510369999999997,2.080962
650700,a8x6/fzdaAIGhrSSMcDVTLQpso387VSzXHzGsGF6o/BX3meFwZEhKYproEJfU0Bs,1.500217,2.785415,1.924508
651000,a8x6/fzdaAIGhrSSMcDVTLQpso387VSzXHzGsGF6o/BX3meFwZEhKYproEJfU0Bs,1.391237,3.231074,2.103164
651300,a8x6/fzdaAIGhrSSMcDVTLQpso387VSzXHzGsGF6o/BX3meFwZEhKYproEJfU0Bs,1.513067,30.437303000000004,4.916843
651600,a8x6/fzdaAIGhrSSMcDVTLQpso387VSzXHzGsGF6o/BX3meFwZEhKYproEJfU0Bs,1.538059,2.680514,1.965182
651900,a8x6/fzdaAIGhrSSMcDVTLQpso387VSzXHzGsGF6o/BX3meFwZEhKYproEJfU0Bs,1.531809,3.252982,2.07208
652200,a8x6/fzdaAIGhrSSMcDVTLQpso387VSzXHzGsGF6o/BX3meFwZEhKYproEJfU0Bs,1.159283,2.7395080000000003,2.008667
652500,a8x6/fzdaAIGhrSSMcDVTLQpso387VSzXHzGsGF6o/BX3meFwZEhKYproEJfU0Bs,1.528987,2.80032,1.968061
652800,a8x6/fzdaAIGhrSSMcDVTLQpso387VSzXHzGsGF6o/BX3meFwZEhKYproEJfU0Bs,1.13937,3.202739,2.0106479999999998
653100,a8x6/fzdaAIGhrSSMcDVTLQpso387VSzXHzGsGF6o/BX3meFwZEhKYproEJfU0Bs,1.076494,2.8490729999999997,2.064021
653400,a8x6/fzdaAIGhrSSMcDVTLQpso387VSzXHzGsGF6o/BX3meFwZEhKYproEJfU0Bs,1.564581,2.722507,1.9837779999999998
653700,a8x6/fzdaAIGhrSSMcDVTLQpso387VSzXHzGsGF6o/BX3meFwZEhKYproEJfU0Bs,1.6409060000000002,3.235479,2.0905419999999997
654000,a8x6/fzdaAIGhrSSMcDVTLQpso387VSzXHzGsGF6o/BX3meFwZEhKYproEJfU0Bs,1.542226,2.6022950000000002,2.0819389999999998
654300,a8x6/fzdaAIGhrSSMcDVTLQpso387VSzXHzGsGF6o/BX3meFwZEhKYproEJfU0Bs,1.3473760000000001,2.76425,1.982688
654600,a8x6/fzdaAIGhrSSMcDVTLQpso387VSzXHzGsGF6o/BX3meFwZEhKYproEJfU0Bs,1.531595,3.074184,2.059093
654900,a8x6/fzdaAIGhrSSMcDVTLQpso387VSzXHzGsGF6o/BX3meFwZEhKYproEJfU0Bs,1.14934,30.096976,4.684505000000001
655200,a8x6/fzdaAIGhrSSMcDVTLQpso387VSzXHzGsGF6o/BX3meFwZEhKYproEJfU0Bs,1.46351,3.007231,2.1159779999999997
655500,a8x6/fzdaAIGhrSSMcDVTLQpso387VSzXHzGsGF6o/BX3meFwZEhKYproEJfU0Bs,1.431694,3.326283,1.992678
655800,a8x6/fzdaAIGhrSSMcDVTLQpso387VSzXHzGsGF6o/BX3meFwZEhKYproEJfU0Bs,1.5306870000000001,2.603551,2.052756
656100,a8x6/fzdaAIGhrSSMcDVTLQpso387VSzXHzGsGF6o/BX3meFwZEhKYproEJfU0Bs,1.586673,2.946727,2.089036
656400,a8x6/fzdaAIGhrSSMcDVTLQpso387VSzXHzGsGF6o/BX3meFwZEhKYproEJfU0Bs,0.712515,3.4552690000000004,1.973941
656700,a8x6/fzdaAIGhrSSMcDVTLQpso387VSzXHzGsGF6o/BX3meFwZEhKYproEJfU0Bs,1.5279770000000001,2.721499,2.004279
657000,a8x6/fzdaAIGhrSSMcDVTLQpso387VSzXHzGsGF6o/BX3meFwZEhKYproEJfU0Bs,1.2004290000000002,3.019657,2.116101
657300,a8x6/fzdaAIGhrSSMcDVTLQpso387VSzXHzGsGF6o/BX3meFwZEhKYproEJfU0Bs,1.534707,3.2975309999999998,2.10955
657600,a8x6/fzdaAIGhrSSMcDVTLQpso387VSzXHzGsGF6o/BX3meFwZEhKYproEJfU0Bs,1.230591,2.490353,1.9215360000000001
657900,a8x6/fzdaAIGhrSSMcDVTLQpso387VSzXHzGsGF6o/BX3meFwZEhKYproEJfU0Bs,1.5755569999999999,2.843811,2.061538
658200,a8x6/fzdaAIGhrSSMcDVTLQpso387VSzXHzGsGF6o/BX3meFwZEhKYproEJfU0Bs,1.520209,3.152725,2.024651
658500,a8x6/fzdaAIGhrSSMcDVTLQpso387VSzXHzGsGF6o/BX3meFwZEhKYproEJfU0Bs,1.4621879999999998,23.753181,4.806826
658800,a8x6/fzdaAIGhrSSMcDVTLQpso387VSzXHzGsGF6o/BX3meFwZEhKYproEJfU0Bs,1.534385,2.962673,2.08429
659100,a8x6/fzdaAIGhrSSMcDVTLQpso387VSzXHzGsGF6o/BX3meFwZEhKYproEJfU0Bs,1.490589,3.433997,2.07344
659400,a8x6/fzdaAIGhrSSMcDVTLQpso387VSzXHzGsGF6o/BX3meFwZEhKYproEJfU0Bs,1.57159,2.718661,2.055152
659700,a8x6/fzdaAIGhrSSMcDVTLQpso387VSzXHzGsGF6o/BX3meFwZEhKYproEJfU0Bs,1.5352629999999998,2.981697,2.110373
660000,a8x6/fzdaAIGhrSSMcDVTLQpso387VSzXHzGsGF6o/BX3meFwZEhKYproEJfU0Bs,1.49347,3.5081260000000003,2.076095
660300,a8x6/fzdaAIGhrSSMcDVTLQpso387VSzXHzGsGF6o/BX3meFwZEhKYproEJfU0Bs,1.50631,2.795141,2.042622
660600,a8x6/fzdaAIGhrSSMcDVTLQpso387VSzXHzGsGF6o/BX3meFwZEhKYproEJfU0Bs,1.518322,2.957348,2.056473
660900,a8x6/fzdaAIGhrSSMcDVTLQpso387VSzXHzGsGF6o/BX3meFwZEhKYproEJfU0Bs,0.810721,3.251847,1.955741
661200,a8x6/fzdaAIGhrSSMcDVTLQpso387VSzXHzGsGF6o/BX3meFwZEhKYproEJfU0Bs,1.581808,2.6175610000000002,1.982244
661500,a8x6/fzdaAIGhrSSMcDVTLQpso387VSzXHzGsGF6o/BX3meFwZEhKYproEJfU0Bs,1.6051229999999999,3.021052,2.154645
661800,a8x6/fzdaAIGhrSSMcDVTLQpso387VSzXHzGsGF6o/BX3meFwZEhKYproEJfU0Bs,1.474623,3.2664150000000003,2.094796
662100,a8x6/fzdaAIGhrSSMcDVTLQpso387VSzXHzGsGF6o/BX3meFwZEhKYproEJfU0Bs,1.690511,30.461467,4.887042
662400,a8x6/fzdaAIGhrSSMcDVTLQpso387VSzXHzGsGF6o/BX3meFwZEhKYproEJfU0Bs,0.8981399999999999,2.7876380000000003,1.9815470000000002
662700,a8x6/fzdaAIGhrSSMcDVTLQpso387VSzXHzGsGF6o/BX3meFwZEhKYproEJfU0Bs,1.589357,3.3132919999999997,2.087297
663000,a8x6/fzdaAIGhrSSMcDVTLQpso387VSzXHzGsGF6o/BX3meFwZEhKYproEJfU0Bs,1.506426,2.517276,1.9875759999999998
663300,a8x6/fzdaAIGhrSSMcDVTLQpso387VSzXHzGsGF6o/BX3meFwZEhKYproEJfU0Bs,1.549678,2.850748,2.053795
663600,a8x6/fzdaAIGhrSSMcDVTLQpso387VSzXHzGsGF6o/BX3meFwZEhKYproEJfU0Bs,1.189543,3.3666120000000004,2.014895
663900,a8x6/fzdaAIGhrSSMcDVTLQpso387VSzXHzGsGF6o/BX3meFwZEhKYproEJfU0Bs,1.312402,2.8986709999999998,2.078385
664200,a8x6/fzdaAIGhrSSMcDVTLQpso387VSzXHzGsGF6o/BX3meFwZEhKYproEJfU0Bs,1.450941,2.925401,2.105055
664500,a8x6/fzdaAIGhrSSMcDVTLQpso387VSzXHzGsGF6o/BX3meFwZEhKYproEJfU0Bs,1.570734,3.593718,2.134443
664800,a8x6/fzdaAIGhrSSMcDVTLQpso387VSzXHzGsGF6o/BX3meFwZEhKYproEJfU0Bs,1.485618,2.63415,2.039453
665100,a8x6/fzdaAIGhrSSMcDVTLQpso387VSzXHzGsGF6o/BX3meFwZEhKYproEJfU0Bs,1.46646,2.936525,2.136717
665400,a8x6/fzdaAIGhrSSMcDVTLQpso387VSzXHzGsGF6o/BX3meFwZEhKYproEJfU0Bs,1.529747,3.368429,2.118121
665700,a8x6/fzdaAIGhrSSMcDVTLQpso387VSzXHzGsGF6o/BX3meFwZEhKYproEJfU0Bs,1.7311560000000001,29.334383000000003,4.820074
666000,a8x6/fzdaAIGhrSSMcDVTLQpso387VSzXHzGsGF6o/BX3meFwZEhKYproEJfU0Bs,1.467956,2.994329,2.071348
666300,a8x6/fzdaAIGhrSSMcDVTLQpso387VSzXHzGsGF6o/BX3meFwZEhKYproEJfU0Bs,1.278569,3.1763310000000002,2.070578
666600,a8x6/fzdaAIGhrSSMcDVTLQpso387VSzXHzGsGF6o/BX3meFwZEhKYproEJfU0Bs,1.306624,2.536726,2.0196959999999997
666900,a8x6/fzdaAIGhrSSMcDVTLQpso387VSzXHzGsGF6o/BX3meFwZEhKYproEJfU0Bs,1.5523,2.772272,2.072647
667200,a8x6/fzdaAIGhrSSMcDVTLQpso387VSzXHzGsGF6o/BX3meFwZEhKYproEJfU0Bs,1.415669,2.67453,2.026282
667500,a8x6/fzdaAIGhrSSMcDVTLQpso387VSzXHzGsGF6o/BX3meFwZEhKYproEJfU0Bs,1.5096370000000001,2.897138,2.033527
667800,a8x6/fzdaAIGhrSSMcDVTLQpso387VSzXHzGsGF6o/BX3meFwZEhKYproEJfU0Bs,1.115967,3.34476,2.0250169999999996
668100,a8x6/fzdaAIGhrSSMcDVTLQpso387VSzXHzGsGF6o/BX3meFwZEhKYproEJfU0Bs,1.445381,2.893536,2.030518
668400,a8x6/fzdaAIGhrSSMcDVTLQpso387VSzXHzGsGF6o/BX3meFwZEhKYproEJfU0Bs,0.658953,2.764605,1.8567490000000002
668700,a8x6/fzdaAIGhrSSMcDVTLQpso387VSzXHzGsGF6o/BX3meFwZEhKYproEJfU0Bs,1.514274,3.393413,2.096168
669000,a8x6/fzdaAIGhrSSMcDVTLQpso387VSzXHzGsGF6o/BX3meFwZEhKYproEJfU0Bs,1.341444,29.438332,4.787730000000001
669300,a8x6/fzdaAIGhrSSMcDVTLQpso387VSzXHzGsGF6o/BX3meFwZEhKYproEJfU0Bs,1.379709,2.6937919999999997,1.9816049999999998
669600,a8x6/fzdaAIGhrSSMcDVTLQpso387VSzXHzGsGF6o/BX3meFwZEhKYproEJfU0Bs,1.4086670000000001,3.2945900000000004,2.0048310000000003
669900,a8x6/fzdaAIGhrSSMcDVTLQpso387VSzXHzGsGF6o/BX3meFwZEhKYproEJfU0Bs,1.4895459999999998,2.7273400000000003,1.992059
670200,a8x6/fzdaAIGhrSSMcDVTLQpso387VSzXHzGsGF6o/BX3meFwZEhKYproEJfU0Bs,1.493517,2.7586779999999997,2.048491
670500,a8x6/fzdaAIGhrSSMcDVTLQpso387VSzXHzGsGF6o/BX3meFwZEhKYproEJfU0Bs,1.265277,3.233447,2.010697
670800,a8x6/fzdaAIGhrSSMcDVTLQpso387VSzXHzGsGF6o/BX3meFwZEhKYproEJfU0Bs,1.432134,2.765016,2.0083849999999996
671100,a8x6/fzdaAIGhrSSMcDVTLQpso387VSzXHzGsGF6o/BX3meFwZEhKYproEJfU0Bs,1.5233290000000002,2.578118,1.973639
671400,a8x6/fzdaAIGhrSSMcDVTLQpso387VSzXHzGsGF6o/BX3meFwZEhKYproEJfU0Bs,1.481524,3.208304,2.047111
671700,a8x6/fzdaAIGhrSSMcDVTLQpso387VSzXHzGsGF6o/BX3meFwZEhKYproEJfU0Bs,1.377125,2.846996,1.971513
672000,a8x6/fzdaAIGhrSSMcDVTLQpso387VSzXHzGsGF6o/BX3meFwZEhKYproEJfU0Bs,1.363607,2.747064,1.9647169999999998
672300,a8x6/fzdaAIGhrSSMcDVTLQpso387VSzXHzGsGF6o/BX3meFwZEhKYproEJfU0Bs,1.473343,3.5386290000000002,2.0589060000000003
672600,a8x6/fzdaAIGhrSSMcDVTLQpso387VSzXHzGsGF6o/BX3meFwZEhKYproEJfU0Bs,1.105452,2.825705,2.014527
672900,a8x6/fzdaAIGhrSSMcDVTLQpso387VSzXHzGsGF6o/BX3meFwZEhKYproEJfU0Bs,1.517428,29.603199,4.798612
673200,a8x6/fzdaAIGhrSSMcDVTLQpso387VSzXHzGsGF6o/BX3meFwZEhKYproEJfU0Bs,0.988909,3.2094259999999997,1.9391580000000002
673500,a8x6/fzdaAIGhrSSMcDVTLQpso387VSzXHzGsGF6o/BX3meFwZEhKYproEJfU0Bs,1.408303,2.6537479999999998,1.980309
673800,a8x6/fzdaAIGhrSSMcDVTLQpso387VSzXHzGsGF6o/BX3meFwZEhKYproEJfU0Bs,0.927435,2.5949310000000003,1.877154
674100,a8x6/fzdaAIGhrSSMcDVTLQpso387VSzXHzGsGF6o/BX3meFwZEhKYproEJfU0Bs,1.4802620000000002,3.309136,2.033603
674400,a8x6/fzdaAIGhrSSMcDVTLQpso387VSzXHzGsGF6o/BX3meFwZEhKYproEJfU0Bs,1.377675,2.777679,1.974768
674700,a8x6/fzdaAIGhrSSMcDVTLQpso387VSzXHzGsGF6o/BX3meFwZEhKYproEJfU0Bs,0.912489,3.1075909999999998,1.9503810000000001
675000,a8x6/fzdaAIGhrSSMcDVTLQpso387VSzXHzGsGF6o/BX3meFwZEhKYproEJfU0Bs,1.449582,3.3294040000000003,2.04946
675300,a8x6/fzdaAIGhrSSMcDVTLQpso387VSzXHzGsGF6o/BX3meFwZEhKYproEJfU0Bs,0.566621,2.785957,1.932748
675600,a8x6/fzdaAIGhrSSMcDVTLQpso387VSzXHzGsGF6o/BX3meFwZEhKYproEJfU0Bs,1.4691319999999999,2.809707,1.9687439999999998
675900,a8x6/fzdaAIGhrSSMcDVTLQpso387VSzXHzGsGF6o/BX3meFwZEhKYproEJfU0Bs,1.1250229999999999,3.299818,2.104819
676200,a8x6/fzdaAIGhrSSMcDVTLQpso387VSzXHzGsGF6o/BX3meFwZEhKYproEJfU0Bs,1.4862959999999998,2.7959259999999997,2.042654
676500,a8x6/fzdaAIGhrSSMcDVTLQpso387VSzXHzGsGF6o/BX3meFwZEhKYproEJfU0Bs,1.495543,16.487327,4.6812
676800,a8x6/fzdaAIGhrSSMcDVTLQpso387VSzXHzGsGF6o/BX3meFwZEhKYproEJfU0Bs,1.439432,3.165553,1.994176
677100,a8x6/fzdaAIGhrSSMcDVTLQpso387VSzXHzGsGF6o/BX3meFwZEhKYproEJfU0Bs,1.458833,2.6963049999999997,2.053474
677400,a8x6/fzdaAIGhrSSMcDVTLQpso387VSzXHzGsGF6o/BX3meFwZEhKYproEJfU0Bs,1.473791,2.843136,2.023176
677700,a8x6/fzdaAIGhrSSMcDVTLQpso387VSzXHzGsGF6o/BX3meFwZEhKYproEJfU0Bs,1.642107,38.16469,9.416692999999999
678000,a8x6/fzdaAIGhrSSMcDVTLQpso387VSzXHzGsGF6o/BX3meFwZEhKYproEJfU0Bs,0.9178959999999999,3.1255029999999997,2.215004
678300,a8x6/fzdaAIGhrSSMcDVTLQpso387VSzXHzGsGF6o/BX3meFwZEhKYproEJfU0Bs,1.5479100000000001,2.9227849999999997,2.054672
678600,a8x6/fzdaAIGhrSSMcDVTLQpso387VSzXHzGsGF6o/BX3meFwZEhKYproEJfU0Bs,1.187411,3.490901,2.0728
678900,a8x6/fzdaAIGhrSSMcDVTLQpso387VSzXHzGsGF6o/BX3meFwZEhKYproEJfU0Bs,1.491268,3.0984380000000002,2.2275840000000002
679200,a8x6/fzdaAIGhrSSMcDVTLQpso387VSzXHzGsGF6o/BX3meFwZEhKYproEJfU0Bs,0.9502729999999999,2.903979,1.843564
679500,a8x6/fzdaAIGhrSSMcDVTLQpso387VSzXHzGsGF6o/BX3meFwZEhKYproEJfU0Bs,1.526851,3.177781,2.049211
679800,a8x6/fzdaAIGhrSSMcDVTLQpso387VSzXHzGsGF6o/BX3meFwZEhKYproEJfU0Bs,0.791384,2.793685,1.93353
680100,a8x6/fzdaAIGhrSSMcDVTLQpso387VSzXHzGsGF6o/BX3meFwZEhKYproEJfU0Bs,1.498543,32.041012,5.065046
680400,a8x6/fzdaAIGhrSSMcDVTLQpso387VSzXHzGsGF6o/BX3meFwZEhKYproEJfU0Bs,1.517596,2.972467,2.0213919999999996
680700,a8x6/fzdaAIGhrSSMcDVTLQpso387VSzXHzGsGF6o/BX3meFwZEhKYproEJfU0Bs,1.487474,2.646706,2.056549
681000,a8x6/fzdaAIGhrSSMcDVTLQpso387VSzXHzGsGF6o/BX3meFwZEhKYproEJfU0Bs,1.487732,3.145895,2.065771
681300,a8x6/fzdaAIGhrSSMcDVTLQpso387VSzXHzGsGF6o/BX3meFwZEhKYproEJfU0Bs,1.540326,3.056731,2.093986
681600,a8x6/fzdaAIGhrSSMcDVTLQpso387VSzXHzGsGF6o/BX3meFwZEhKYproEJfU0Bs,1.374478,2.5299400000000003,1.909134
681900,a8x6/fzdaAIGhrSSMcDVTLQpso387VSzXHzGsGF6o/BX3meFwZEhKYproEJfU0Bs,1.522276,3.158709,2.06989
682200,a8x6/fzdaAIGhrSSMcDVTLQpso387VSzXHzGsGF6o/BX3meFwZEhKYproEJfU0Bs,1.5415370000000002,3.3693120000000003,2.0234900000000002
682500,a8x6/fzdaAIGhrSSMcDVTLQpso387VSzXHzGsGF6o/BX3meFwZEhKYproEJfU0Bs,1.05987,2.582374,1.840925
682800,a8x6/fzdaAIGhrSSMcDVTLQpso387VSzXHzGsGF6o/BX3meFwZEhKYproEJfU0Bs,1.512343,3.018678,2.128182
683100,a8x6/fzdaAIGhrSSMcDVTLQpso387VSzXHzGsGF6o/BX3meFwZEhKYproEJfU0Bs,1.537725,3.123397,2.024896
683400,a8x6/fzdaAIGhrSSMcDVTLQpso387VSzXHzGsGF6o/BX3meFwZEhKYproEJfU0Bs,1.5169059999999999,2.444497,1.9536669999999998
683700,a8x6/fzdaAIGhrSSMcDVTLQpso387VSzXHzGsGF6o/BX3meFwZEhKYproEJfU0Bs,1.581741,30.430145,4.9706019999999995
684000,a8x6/fzdaAIGhrSSMcDVTLQpso387VSzXHzGsGF6o/BX3meFwZEhKYproEJfU0Bs,1.523369,3.195152,2.0447990000000003
684300,a8x6/fzdaAIGhrSSMcDVTLQpso387VSzXHzGsGF6o/BX3meFwZEhKYproEJfU0Bs,1.498318,2.612343,1.920477
684600,a8x6/fzdaAIGhrSSMcDVTLQpso387VSzXHzGsGF6o/BX3meFwZEhKYproEJfU0Bs,1.165133,3.247045,1.9847150000000002
684900,a8x6/fzdaAIGhrSSMcDVTLQpso387VSzXHzGsGF6o/BX3meFwZEhKYproEJfU0Bs,1.499547,3.292811,2.009968
685200,a8x6/fzdaAIGhrSSMcDVTLQpso387VSzXHzGsGF6o/BX3meFwZEhKYproEJfU0Bs,1.277385,3.164185,2.004147
685500,a8x6/fzdaAIGhrSSMcDVTLQpso387VSzXHzGsGF6o/BX3meFwZEhKYproEJfU0Bs,1.06938,6.991307000000001,2.800455
685800,a8x6/fzdaAIGhrSSMcDVTLQpso387VSzXHzGsGF6o/BX3meFwZEhKYproEJfU0Bs,1.530623,12.884943,4.176573
686100,a8x6/fzdaAIGhrSSMcDVTLQpso387VSzXHzGsGF6o/BX3meFwZEhKYproEJfU0Bs,1.443702,2.90449,1.970223
686400,a8x6/fzdaAIGhrSSMcDVTLQpso387VSzXHzGsGF6o/BX3meFwZEhKYproEJfU0Bs,1.490114,2.9801740000000003,2.212416
686700,a8x6/fzdaAIGhrSSMcDVTLQpso387VSzXHzGsGF6o/BX3meFwZEhKYproEJfU0Bs,1.679285,22.66235,4.982526
687000,a8x6/fzdaAIGhrSSMcDVTLQpso387VSzXHzGsGF6o/BX3meFwZEhKYproEJfU0Bs,1.505775,2.641296,1.920016
687300,a8x6/fzdaAIGhrSSMcDVTLQpso387VSzXHzGsGF6o/BX3meFwZEhKYproEJfU0Bs,1.472208,9.36252,2.872028
687600,a8x6/fzdaAIGhrSSMcDVTLQpso387VSzXHzGsGF6o/BX3meFwZEhKYproEJfU0Bs,1.512359,22.342026,4.142342
687900,a8x6/fzdaAIGhrSSMcDVTLQpso387VSzXHzGsGF6o/BX3meFwZEhKYproEJfU0Bs,1.498237,2.694595,1.963499
688200,a8x6/fzdaAIGhrSSMcDVTLQpso387VSzXHzGsGF6o/BX3meFwZEhKYproEJfU0Bs,1.491097,3.1875299999999998,2.162286
688500,a8x6/fzdaAIGhrSSMcDVTLQpso387VSzXHzGsGF6o/BX3meFwZEhKYproEJfU0Bs,1.525403,3.200874,2.0143240000000002
688800,a8x6/fzdaAIGhrSSMcDVTLQpso387VSzXHzGsGF6o/BX3meFwZEhKYproEJfU0Bs,1.443706,2.4447259999999997,1.8153099999999998
689100,a8x6/fzdaAIGhrSSMcDVTLQpso387VSzXHzGsGF6o/BX3meFwZEhKYproEJfU0Bs,1.494112,3.088244,2.077854
689400,a8x6/fzdaAIGhrSSMcDVTLQpso387VSzXHzGsGF6o/BX3meFwZEhKYproEJfU0Bs,1.519825,3.212179,2.118673
689700,a8x6/fzdaAIGhrSSMcDVTLQpso387VSzXHzGsGF6o/BX3meFwZEhKYproEJfU0Bs,1.5749549999999999,2.502418,1.9415
690000,a8x6/fzdaAIGhrSSMcDVTLQpso387VSzXHzGsGF6o/BX3meFwZEhKYproEJfU0Bs,1.381833,3.154236,2.0539259999999997
690300,a8x6/fzdaAIGhrSSMcDVTLQpso387VSzXHzGsGF6o/BX3meFwZEhKYproEJfU0Bs,1.576899,3.3113629999999996,2.0951299999999997
690600,a8x6/fzdaAIGhrSSMcDVTLQpso387VSzXHzGsGF6o/BX3meFwZEhKYproEJfU0Bs,1.13281,2.504156,1.8145650000000002
690900,a8x6/fzdaAIGhrSSMcDVTLQpso387VSzXHzGsGF6o/BX3meFwZEhKYproEJfU0Bs,1.48864,3.092428,2.142338
