timestamp,vm_id,min_cpu,avg_cpu,max_cpu
0,a9P876+Ln/IyFg6fd6f8UAE9kwgnCwJXbxg7phdAo9Rm5qF66yB8ZZhF9nDbOtKM,0.407763,4.567986,2.675009
300,a9P876+Ln/IyFg6fd6f8UAE9kwgnCwJXbxg7phdAo9Rm5qF66yB8ZZhF9nDbOtKM,0.995619,36.459992,6.261881
600,a9P876+Ln/IyFg6fd6f8UAE9kwgnCwJXbxg7phdAo9Rm5qF66yB8ZZhF9nDbOtKM,0.314198,4.816984,2.6060369999999997
900,a9P876+Ln/IyFg6fd6f8UAE9kwgnCwJXbxg7phdAo9Rm5qF66yB8ZZhF9nDbOtKM,0.292082,3.9463699999999995,2.6762580000000002
1200,a9P876+Ln/IyFg6fd6f8UAE9kwgnCwJXbxg7phdAo9Rm5qF66yB8ZZhF9nDbOtKM,1.578239,4.1463529999999995,3.069423
1500,a9P876+Ln/IyFg6fd6f8UAE9kwgnCwJXbxg7phdAo9Rm5qF66yB8ZZhF9nDbOtKM,0.46603900000000004,4.397532,2.819561
1800,a9P876+Ln/IyFg6fd6f8UAE9kwgnCwJXbxg7phdAo9Rm5qF66yB8ZZhF9nDbOtKM,2.0482009999999997,4.736486,2.991531
2100,a9P876+Ln/IyFg6fd6f8UAE9kwgnCwJXbxg7phdAo9Rm5qF66yB8ZZhF9nDbOtKM,1.195027,23.779304999999997,3.9379089999999994
2400,a9P876+Ln/IyFg6fd6f8UAE9kwgnCwJXbxg7phdAo9Rm5qF66yB8ZZhF9nDbOtKM,1.560555,4.600644,3.0909419999999996
2700,a9P876+Ln/IyFg6fd6f8UAE9kwgnCwJXbxg7phdAo9Rm5qF66yB8ZZhF9nDbOtKM,0.288101,6.881075,2.980307
3000,a9P876+Ln/IyFg6fd6f8UAE9kwgnCwJXbxg7phdAo9Rm5qF66yB8ZZhF9nDbOtKM,1.154577,4.849068,3.110236
3300,a9P876+Ln/IyFg6fd6f8UAE9kwgnCwJXbxg7phdAo9Rm5qF66yB8ZZhF9nDbOtKM,0.41508500000000004,5.160798000000001,2.697269
3600,a9P876+Ln/IyFg6fd6f8UAE9kwgnCwJXbxg7phdAo9Rm5qF66yB8ZZhF9nDbOtKM,1.341076,39.371866,4.6641900000000005
3900,a9P876+Ln/IyFg6fd6f8UAE9kwgnCwJXbxg7phdAo9Rm5qF66yB8ZZhF9nDbOtKM,0.875878,57.455881000000005,8.696645
4200,a9P876+Ln/IyFg6fd6f8UAE9kwgnCwJXbxg7phdAo9Rm5qF66yB8ZZhF9nDbOtKM,0.259376,4.800087,2.799627
4500,a9P876+Ln/IyFg6fd6f8UAE9kwgnCwJXbxg7phdAo9Rm5qF66yB8ZZhF9nDbOtKM,0.843333,5.240549,3.037464
4800,a9P876+Ln/IyFg6fd6f8UAE9kwgnCwJXbxg7phdAo9Rm5qF66yB8ZZhF9nDbOtKM,0.509211,5.764241999999999,2.928313
5100,a9P876+Ln/IyFg6fd6f8UAE9kwgnCwJXbxg7phdAo9Rm5qF66yB8ZZhF9nDbOtKM,0.9234559999999999,5.49275,3.1107400000000003
5400,a9P876+Ln/IyFg6fd6f8UAE9kwgnCwJXbxg7phdAo9Rm5qF66yB8ZZhF9nDbOtKM,0.76935,5.007924,3.065274
5700,a9P876+Ln/IyFg6fd6f8UAE9kwgnCwJXbxg7phdAo9Rm5qF66yB8ZZhF9nDbOtKM,0.861142,5.0152529999999995,3.031616
6000,a9P876+Ln/IyFg6fd6f8UAE9kwgnCwJXbxg7phdAo9Rm5qF66yB8ZZhF9nDbOtKM,0.276,4.805591000000001,2.749409
6300,a9P876+Ln/IyFg6fd6f8UAE9kwgnCwJXbxg7phdAo9Rm5qF66yB8ZZhF9nDbOtKM,0.25305300000000003,8.624789,3.051837
6600,a9P876+Ln/IyFg6fd6f8UAE9kwgnCwJXbxg7phdAo9Rm5qF66yB8ZZhF9nDbOtKM,0.811809,5.518053,3.206893
6900,a9P876+Ln/IyFg6fd6f8UAE9kwgnCwJXbxg7phdAo9Rm5qF66yB8ZZhF9nDbOtKM,0.868389,5.267028,3.091705
7200,a9P876+Ln/IyFg6fd6f8UAE9kwgnCwJXbxg7phdAo9Rm5qF66yB8ZZhF9nDbOtKM,1.844037,5.0107919999999995,3.160942
7500,a9P876+Ln/IyFg6fd6f8UAE9kwgnCwJXbxg7phdAo9Rm5qF66yB8ZZhF9nDbOtKM,0.29476199999999997,4.713143,2.792394
7800,a9P876+Ln/IyFg6fd6f8UAE9kwgnCwJXbxg7phdAo9Rm5qF66yB8ZZhF9nDbOtKM,0.992983,5.682055999999999,3.23664
8100,a9P876+Ln/IyFg6fd6f8UAE9kwgnCwJXbxg7phdAo9Rm5qF66yB8ZZhF9nDbOtKM,0.27617600000000003,5.03803,2.7746169999999997
8400,a9P876+Ln/IyFg6fd6f8UAE9kwgnCwJXbxg7phdAo9Rm5qF66yB8ZZhF9nDbOtKM,0.842975,5.069015,3.143574
8700,a9P876+Ln/IyFg6fd6f8UAE9kwgnCwJXbxg7phdAo9Rm5qF66yB8ZZhF9nDbOtKM,0.8284229999999999,42.171583,4.88713
9000,a9P876+Ln/IyFg6fd6f8UAE9kwgnCwJXbxg7phdAo9Rm5qF66yB8ZZhF9nDbOtKM,0.28969,5.484685,2.937615
9300,a9P876+Ln/IyFg6fd6f8UAE9kwgnCwJXbxg7phdAo9Rm5qF66yB8ZZhF9nDbOtKM,0.815964,5.355090000000001,3.094289
9600,a9P876+Ln/IyFg6fd6f8UAE9kwgnCwJXbxg7phdAo9Rm5qF66yB8ZZhF9nDbOtKM,0.281,5.623149,2.841514
9900,a9P876+Ln/IyFg6fd6f8UAE9kwgnCwJXbxg7phdAo9Rm5qF66yB8ZZhF9nDbOtKM,0.721015,7.013958000000001,3.235629
10200,a9P876+Ln/IyFg6fd6f8UAE9kwgnCwJXbxg7phdAo9Rm5qF66yB8ZZhF9nDbOtKM,0.81152,19.291351000000002,4.386638
10500,a9P876+Ln/IyFg6fd6f8UAE9kwgnCwJXbxg7phdAo9Rm5qF66yB8ZZhF9nDbOtKM,0.904275,4.671236,3.061359
10800,a9P876+Ln/IyFg6fd6f8UAE9kwgnCwJXbxg7phdAo9Rm5qF66yB8ZZhF9nDbOtKM,0.8620959999999999,4.9190879999999995,2.909916
11100,a9P876+Ln/IyFg6fd6f8UAE9kwgnCwJXbxg7phdAo9Rm5qF66yB8ZZhF9nDbOtKM,1.296757,5.192781,3.180672
11400,a9P876+Ln/IyFg6fd6f8UAE9kwgnCwJXbxg7phdAo9Rm5qF66yB8ZZhF9nDbOtKM,0.5010720000000001,5.187459,2.978124
11700,a9P876+Ln/IyFg6fd6f8UAE9kwgnCwJXbxg7phdAo9Rm5qF66yB8ZZhF9nDbOtKM,0.36534,5.027125,2.876687
12000,a9P876+Ln/IyFg6fd6f8UAE9kwgnCwJXbxg7phdAo9Rm5qF66yB8ZZhF9nDbOtKM,1.581509,5.6834739999999995,3.2071520000000002
12300,a9P876+Ln/IyFg6fd6f8UAE9kwgnCwJXbxg7phdAo9Rm5qF66yB8ZZhF9nDbOtKM,0.300098,5.259017,2.897006
12600,a9P876+Ln/IyFg6fd6f8UAE9kwgnCwJXbxg7phdAo9Rm5qF66yB8ZZhF9nDbOtKM,2.117593,4.3269470000000005,3.145528
12900,a9P876+Ln/IyFg6fd6f8UAE9kwgnCwJXbxg7phdAo9Rm5qF66yB8ZZhF9nDbOtKM,0.41735,4.718662,2.867741
13200,a9P876+Ln/IyFg6fd6f8UAE9kwgnCwJXbxg7phdAo9Rm5qF66yB8ZZhF9nDbOtKM,1.112952,5.088099,3.2371540000000003
13500,a9P876+Ln/IyFg6fd6f8UAE9kwgnCwJXbxg7phdAo9Rm5qF66yB8ZZhF9nDbOtKM,0.31227699999999997,6.118673,3.114732
13800,a9P876+Ln/IyFg6fd6f8UAE9kwgnCwJXbxg7phdAo9Rm5qF66yB8ZZhF9nDbOtKM,1.427042,4.663628,3.17435
14100,a9P876+Ln/IyFg6fd6f8UAE9kwgnCwJXbxg7phdAo9Rm5qF66yB8ZZhF9nDbOtKM,0.330015,4.906594,2.826876
14400,a9P876+Ln/IyFg6fd6f8UAE9kwgnCwJXbxg7phdAo9Rm5qF66yB8ZZhF9nDbOtKM,0.269953,4.903626,2.885999
14700,a9P876+Ln/IyFg6fd6f8UAE9kwgnCwJXbxg7phdAo9Rm5qF66yB8ZZhF9nDbOtKM,1.117481,39.071652,6.607452
15000,a9P876+Ln/IyFg6fd6f8UAE9kwgnCwJXbxg7phdAo9Rm5qF66yB8ZZhF9nDbOtKM,1.78509,20.736174,3.94639
15300,a9P876+Ln/IyFg6fd6f8UAE9kwgnCwJXbxg7phdAo9Rm5qF66yB8ZZhF9nDbOtKM,1.446807,4.8157190000000005,3.167063
15600,a9P876+Ln/IyFg6fd6f8UAE9kwgnCwJXbxg7phdAo9Rm5qF66yB8ZZhF9nDbOtKM,0.27896,4.837773,2.9952240000000003
15900,a9P876+Ln/IyFg6fd6f8UAE9kwgnCwJXbxg7phdAo9Rm5qF66yB8ZZhF9nDbOtKM,1.2804280000000001,5.12838,3.152269
16200,a9P876+Ln/IyFg6fd6f8UAE9kwgnCwJXbxg7phdAo9Rm5qF66yB8ZZhF9nDbOtKM,0.39919,5.113298,3.029969
16500,a9P876+Ln/IyFg6fd6f8UAE9kwgnCwJXbxg7phdAo9Rm5qF66yB8ZZhF9nDbOtKM,1.37004,5.22385,3.153886
16800,a9P876+Ln/IyFg6fd6f8UAE9kwgnCwJXbxg7phdAo9Rm5qF66yB8ZZhF9nDbOtKM,1.6589630000000002,36.375714,5.230676
17100,a9P876+Ln/IyFg6fd6f8UAE9kwgnCwJXbxg7phdAo9Rm5qF66yB8ZZhF9nDbOtKM,0.574879,8.161783999999999,3.2553400000000003
17400,a9P876+Ln/IyFg6fd6f8UAE9kwgnCwJXbxg7phdAo9Rm5qF66yB8ZZhF9nDbOtKM,1.1931610000000001,5.042967,3.331062
17700,a9P876+Ln/IyFg6fd6f8UAE9kwgnCwJXbxg7phdAo9Rm5qF66yB8ZZhF9nDbOtKM,0.577701,5.415786,2.939147
18000,a9P876+Ln/IyFg6fd6f8UAE9kwgnCwJXbxg7phdAo9Rm5qF66yB8ZZhF9nDbOtKM,1.428944,5.579125,3.2828809999999997
18300,a9P876+Ln/IyFg6fd6f8UAE9kwgnCwJXbxg7phdAo9Rm5qF66yB8ZZhF9nDbOtKM,1.23045,5.631908,3.181648
18600,a9P876+Ln/IyFg6fd6f8UAE9kwgnCwJXbxg7phdAo9Rm5qF66yB8ZZhF9nDbOtKM,1.804687,5.213581,3.3423190000000003
18900,a9P876+Ln/IyFg6fd6f8UAE9kwgnCwJXbxg7phdAo9Rm5qF66yB8ZZhF9nDbOtKM,0.550038,5.567571,2.946503
19200,a9P876+Ln/IyFg6fd6f8UAE9kwgnCwJXbxg7phdAo9Rm5qF66yB8ZZhF9nDbOtKM,1.4588450000000002,6.057125,3.307749
19500,a9P876+Ln/IyFg6fd6f8UAE9kwgnCwJXbxg7phdAo9Rm5qF66yB8ZZhF9nDbOtKM,0.242523,4.753088,2.991358
19800,a9P876+Ln/IyFg6fd6f8UAE9kwgnCwJXbxg7phdAo9Rm5qF66yB8ZZhF9nDbOtKM,1.259794,5.293826999999999,3.279185
20100,a9P876+Ln/IyFg6fd6f8UAE9kwgnCwJXbxg7phdAo9Rm5qF66yB8ZZhF9nDbOtKM,1.957253,4.966206,3.260825
20400,a9P876+Ln/IyFg6fd6f8UAE9kwgnCwJXbxg7phdAo9Rm5qF66yB8ZZhF9nDbOtKM,0.423284,4.326881,2.911645
20700,a9P876+Ln/IyFg6fd6f8UAE9kwgnCwJXbxg7phdAo9Rm5qF66yB8ZZhF9nDbOtKM,1.518645,4.778037,3.2046330000000003
21000,a9P876+Ln/IyFg6fd6f8UAE9kwgnCwJXbxg7phdAo9Rm5qF66yB8ZZhF9nDbOtKM,0.44709899999999997,6.871817999999999,3.31774
21300,a9P876+Ln/IyFg6fd6f8UAE9kwgnCwJXbxg7phdAo9Rm5qF66yB8ZZhF9nDbOtKM,1.1539409999999999,5.395093,3.190403
21600,a9P876+Ln/IyFg6fd6f8UAE9kwgnCwJXbxg7phdAo9Rm5qF66yB8ZZhF9nDbOtKM,1.4254959999999999,5.474343,3.2491939999999997
21900,a9P876+Ln/IyFg6fd6f8UAE9kwgnCwJXbxg7phdAo9Rm5qF66yB8ZZhF9nDbOtKM,1.466921,72.189991,11.923347
22200,a9P876+Ln/IyFg6fd6f8UAE9kwgnCwJXbxg7phdAo9Rm5qF66yB8ZZhF9nDbOtKM,0.314109,6.042579,3.1818779999999998
22500,a9P876+Ln/IyFg6fd6f8UAE9kwgnCwJXbxg7phdAo9Rm5qF66yB8ZZhF9nDbOtKM,0.393368,4.466387999999999,3.058459
22800,a9P876+Ln/IyFg6fd6f8UAE9kwgnCwJXbxg7phdAo9Rm5qF66yB8ZZhF9nDbOtKM,2.221391,4.48775,3.369763
23100,a9P876+Ln/IyFg6fd6f8UAE9kwgnCwJXbxg7phdAo9Rm5qF66yB8ZZhF9nDbOtKM,0.346355,5.167315,3.016274
23400,a9P876+Ln/IyFg6fd6f8UAE9kwgnCwJXbxg7phdAo9Rm5qF66yB8ZZhF9nDbOtKM,1.1241709999999998,6.262983,3.434052
23700,a9P876+Ln/IyFg6fd6f8UAE9kwgnCwJXbxg7phdAo9Rm5qF66yB8ZZhF9nDbOtKM,0.972735,5.448337,3.250909
24000,a9P876+Ln/IyFg6fd6f8UAE9kwgnCwJXbxg7phdAo9Rm5qF66yB8ZZhF9nDbOtKM,1.425891,5.193732,3.472746
24300,a9P876+Ln/IyFg6fd6f8UAE9kwgnCwJXbxg7phdAo9Rm5qF66yB8ZZhF9nDbOtKM,0.266329,4.546716,2.925969
24600,a9P876+Ln/IyFg6fd6f8UAE9kwgnCwJXbxg7phdAo9Rm5qF66yB8ZZhF9nDbOtKM,1.200516,9.694264,3.767464
24900,a9P876+Ln/IyFg6fd6f8UAE9kwgnCwJXbxg7phdAo9Rm5qF66yB8ZZhF9nDbOtKM,0.479626,5.739648000000001,3.037585
25200,a9P876+Ln/IyFg6fd6f8UAE9kwgnCwJXbxg7phdAo9Rm5qF66yB8ZZhF9nDbOtKM,1.315503,5.657055000000001,3.331485
25500,a9P876+Ln/IyFg6fd6f8UAE9kwgnCwJXbxg7phdAo9Rm5qF66yB8ZZhF9nDbOtKM,1.031085,68.364498,10.548387
25800,a9P876+Ln/IyFg6fd6f8UAE9kwgnCwJXbxg7phdAo9Rm5qF66yB8ZZhF9nDbOtKM,0.30288200000000004,5.851662999999999,3.37684
26100,a9P876+Ln/IyFg6fd6f8UAE9kwgnCwJXbxg7phdAo9Rm5qF66yB8ZZhF9nDbOtKM,1.412093,5.495746,3.541543
26400,a9P876+Ln/IyFg6fd6f8UAE9kwgnCwJXbxg7phdAo9Rm5qF66yB8ZZhF9nDbOtKM,0.360588,5.8064919999999995,3.3802220000000003
26700,a9P876+Ln/IyFg6fd6f8UAE9kwgnCwJXbxg7phdAo9Rm5qF66yB8ZZhF9nDbOtKM,2.023129,5.6077069999999996,3.50881
27000,a9P876+Ln/IyFg6fd6f8UAE9kwgnCwJXbxg7phdAo9Rm5qF66yB8ZZhF9nDbOtKM,0.42163900000000004,5.928948,3.384515
27300,a9P876+Ln/IyFg6fd6f8UAE9kwgnCwJXbxg7phdAo9Rm5qF66yB8ZZhF9nDbOtKM,1.032433,5.635604,3.5047099999999998
27600,a9P876+Ln/IyFg6fd6f8UAE9kwgnCwJXbxg7phdAo9Rm5qF66yB8ZZhF9nDbOtKM,1.9874900000000002,4.865912000000001,3.605693
27900,a9P876+Ln/IyFg6fd6f8UAE9kwgnCwJXbxg7phdAo9Rm5qF66yB8ZZhF9nDbOtKM,0.334997,5.2042019999999996,3.243686
28200,a9P876+Ln/IyFg6fd6f8UAE9kwgnCwJXbxg7phdAo9Rm5qF66yB8ZZhF9nDbOtKM,1.49421,7.867762,3.8740419999999998
28500,a9P876+Ln/IyFg6fd6f8UAE9kwgnCwJXbxg7phdAo9Rm5qF66yB8ZZhF9nDbOtKM,0.367557,5.202764,3.247211
28800,a9P876+Ln/IyFg6fd6f8UAE9kwgnCwJXbxg7phdAo9Rm5qF66yB8ZZhF9nDbOtKM,2.625794,4.98221,3.609861
29100,a9P876+Ln/IyFg6fd6f8UAE9kwgnCwJXbxg7phdAo9Rm5qF66yB8ZZhF9nDbOtKM,0.404843,4.84176,3.417321
29400,a9P876+Ln/IyFg6fd6f8UAE9kwgnCwJXbxg7phdAo9Rm5qF66yB8ZZhF9nDbOtKM,1.609794,5.857497,3.803695
29700,a9P876+Ln/IyFg6fd6f8UAE9kwgnCwJXbxg7phdAo9Rm5qF66yB8ZZhF9nDbOtKM,0.283386,5.397873000000001,3.375911
30000,a9P876+Ln/IyFg6fd6f8UAE9kwgnCwJXbxg7phdAo9Rm5qF66yB8ZZhF9nDbOtKM,1.263495,5.960172,3.8820330000000003
30300,a9P876+Ln/IyFg6fd6f8UAE9kwgnCwJXbxg7phdAo9Rm5qF66yB8ZZhF9nDbOtKM,0.393687,5.346012,3.306999
30600,a9P876+Ln/IyFg6fd6f8UAE9kwgnCwJXbxg7phdAo9Rm5qF66yB8ZZhF9nDbOtKM,0.5647840000000001,5.551863,3.4707169999999996
30900,a9P876+Ln/IyFg6fd6f8UAE9kwgnCwJXbxg7phdAo9Rm5qF66yB8ZZhF9nDbOtKM,1.2490729999999999,6.385224,3.658154
31200,a9P876+Ln/IyFg6fd6f8UAE9kwgnCwJXbxg7phdAo9Rm5qF66yB8ZZhF9nDbOtKM,1.3764450000000001,5.868311,3.641296
31500,a9P876+Ln/IyFg6fd6f8UAE9kwgnCwJXbxg7phdAo9Rm5qF66yB8ZZhF9nDbOtKM,1.57907,5.332424,3.6520870000000003
31800,a9P876+Ln/IyFg6fd6f8UAE9kwgnCwJXbxg7phdAo9Rm5qF66yB8ZZhF9nDbOtKM,0.392419,9.109523,3.581122
32100,a9P876+Ln/IyFg6fd6f8UAE9kwgnCwJXbxg7phdAo9Rm5qF66yB8ZZhF9nDbOtKM,1.224811,5.6962980000000005,3.664484
32400,a9P876+Ln/IyFg6fd6f8UAE9kwgnCwJXbxg7phdAo9Rm5qF66yB8ZZhF9nDbOtKM,0.404574,5.399936,3.48184
32700,a9P876+Ln/IyFg6fd6f8UAE9kwgnCwJXbxg7phdAo9Rm5qF66yB8ZZhF9nDbOtKM,2.460945,69.531949,10.215401
33000,a9P876+Ln/IyFg6fd6f8UAE9kwgnCwJXbxg7phdAo9Rm5qF66yB8ZZhF9nDbOtKM,0.541764,5.9417,3.638862
33300,a9P876+Ln/IyFg6fd6f8UAE9kwgnCwJXbxg7phdAo9Rm5qF66yB8ZZhF9nDbOtKM,1.5440479999999999,5.951455999999999,3.7799620000000003
33600,a9P876+Ln/IyFg6fd6f8UAE9kwgnCwJXbxg7phdAo9Rm5qF66yB8ZZhF9nDbOtKM,1.638729,5.439597,3.921025
33900,a9P876+Ln/IyFg6fd6f8UAE9kwgnCwJXbxg7phdAo9Rm5qF66yB8ZZhF9nDbOtKM,0.239715,5.096247,3.270546
34200,a9P876+Ln/IyFg6fd6f8UAE9kwgnCwJXbxg7phdAo9Rm5qF66yB8ZZhF9nDbOtKM,1.3176940000000001,6.350548000000001,3.9339410000000004
34500,a9P876+Ln/IyFg6fd6f8UAE9kwgnCwJXbxg7phdAo9Rm5qF66yB8ZZhF9nDbOtKM,0.24422199999999997,6.357462,3.529267
34800,a9P876+Ln/IyFg6fd6f8UAE9kwgnCwJXbxg7phdAo9Rm5qF66yB8ZZhF9nDbOtKM,1.111408,6.51015,3.9767379999999997
35100,a9P876+Ln/IyFg6fd6f8UAE9kwgnCwJXbxg7phdAo9Rm5qF66yB8ZZhF9nDbOtKM,0.481383,5.503747,3.546322
35400,a9P876+Ln/IyFg6fd6f8UAE9kwgnCwJXbxg7phdAo9Rm5qF66yB8ZZhF9nDbOtKM,1.762704,6.807032,4.138207
35700,a9P876+Ln/IyFg6fd6f8UAE9kwgnCwJXbxg7phdAo9Rm5qF66yB8ZZhF9nDbOtKM,1.375626,44.449457,6.191464
36000,a9P876+Ln/IyFg6fd6f8UAE9kwgnCwJXbxg7phdAo9Rm5qF66yB8ZZhF9nDbOtKM,0.394893,6.397314,3.564254
36300,a9P876+Ln/IyFg6fd6f8UAE9kwgnCwJXbxg7phdAo9Rm5qF66yB8ZZhF9nDbOtKM,1.407151,63.356318,9.894185
36600,a9P876+Ln/IyFg6fd6f8UAE9kwgnCwJXbxg7phdAo9Rm5qF66yB8ZZhF9nDbOtKM,0.550844,6.265162,3.686784
36900,a9P876+Ln/IyFg6fd6f8UAE9kwgnCwJXbxg7phdAo9Rm5qF66yB8ZZhF9nDbOtKM,2.57694,5.763579,3.9844129999999995
37200,a9P876+Ln/IyFg6fd6f8UAE9kwgnCwJXbxg7phdAo9Rm5qF66yB8ZZhF9nDbOtKM,0.333203,6.812147,3.723522
37500,a9P876+Ln/IyFg6fd6f8UAE9kwgnCwJXbxg7phdAo9Rm5qF66yB8ZZhF9nDbOtKM,1.0985969999999998,6.628699,3.8195129999999997
37800,a9P876+Ln/IyFg6fd6f8UAE9kwgnCwJXbxg7phdAo9Rm5qF66yB8ZZhF9nDbOtKM,1.142902,12.483680999999999,4.32549
38100,a9P876+Ln/IyFg6fd6f8UAE9kwgnCwJXbxg7phdAo9Rm5qF66yB8ZZhF9nDbOtKM,2.5709419999999996,5.308968,3.9367010000000002
38400,a9P876+Ln/IyFg6fd6f8UAE9kwgnCwJXbxg7phdAo9Rm5qF66yB8ZZhF9nDbOtKM,0.294026,6.559079,3.6515660000000003
38700,a9P876+Ln/IyFg6fd6f8UAE9kwgnCwJXbxg7phdAo9Rm5qF66yB8ZZhF9nDbOtKM,0.807399,6.298933,3.624565
39000,a9P876+Ln/IyFg6fd6f8UAE9kwgnCwJXbxg7phdAo9Rm5qF66yB8ZZhF9nDbOtKM,0.9630489999999999,7.5676309999999996,4.22536
39300,a9P876+Ln/IyFg6fd6f8UAE9kwgnCwJXbxg7phdAo9Rm5qF66yB8ZZhF9nDbOtKM,0.554769,6.027342,3.591735
39600,a9P876+Ln/IyFg6fd6f8UAE9kwgnCwJXbxg7phdAo9Rm5qF66yB8ZZhF9nDbOtKM,1.7705790000000001,6.657715,3.989536
39900,a9P876+Ln/IyFg6fd6f8UAE9kwgnCwJXbxg7phdAo9Rm5qF66yB8ZZhF9nDbOtKM,0.705996,6.788857000000001,3.6256839999999997
40200,a9P876+Ln/IyFg6fd6f8UAE9kwgnCwJXbxg7phdAo9Rm5qF66yB8ZZhF9nDbOtKM,2.059904,6.418019,4.012439
40500,a9P876+Ln/IyFg6fd6f8UAE9kwgnCwJXbxg7phdAo9Rm5qF66yB8ZZhF9nDbOtKM,0.48852700000000004,6.188823999999999,3.899607
40800,a9P876+Ln/IyFg6fd6f8UAE9kwgnCwJXbxg7phdAo9Rm5qF66yB8ZZhF9nDbOtKM,1.8848479999999999,6.189080000000001,4.078624
41100,a9P876+Ln/IyFg6fd6f8UAE9kwgnCwJXbxg7phdAo9Rm5qF66yB8ZZhF9nDbOtKM,0.348672,4.543971,3.4618629999999997
41400,a9P876+Ln/IyFg6fd6f8UAE9kwgnCwJXbxg7phdAo9Rm5qF66yB8ZZhF9nDbOtKM,0.616332,6.40653,3.763349
41700,a9P876+Ln/IyFg6fd6f8UAE9kwgnCwJXbxg7phdAo9Rm5qF66yB8ZZhF9nDbOtKM,2.067691,5.6802589999999995,3.9766160000000004
42000,a9P876+Ln/IyFg6fd6f8UAE9kwgnCwJXbxg7phdAo9Rm5qF66yB8ZZhF9nDbOtKM,0.773784,6.103839,3.7675160000000005
42300,a9P876+Ln/IyFg6fd6f8UAE9kwgnCwJXbxg7phdAo9Rm5qF66yB8ZZhF9nDbOtKM,2.6982720000000002,5.2836669999999994,3.864578
42600,a9P876+Ln/IyFg6fd6f8UAE9kwgnCwJXbxg7phdAo9Rm5qF66yB8ZZhF9nDbOtKM,1.916681,19.315658,5.584876
42900,a9P876+Ln/IyFg6fd6f8UAE9kwgnCwJXbxg7phdAo9Rm5qF66yB8ZZhF9nDbOtKM,1.226842,6.333916,3.89584
43200,a9P876+Ln/IyFg6fd6f8UAE9kwgnCwJXbxg7phdAo9Rm5qF66yB8ZZhF9nDbOtKM,0.515638,6.296734,3.7124839999999995
43500,a9P876+Ln/IyFg6fd6f8UAE9kwgnCwJXbxg7phdAo9Rm5qF66yB8ZZhF9nDbOtKM,1.1826139999999998,64.915311,11.640736
43800,a9P876+Ln/IyFg6fd6f8UAE9kwgnCwJXbxg7phdAo9Rm5qF66yB8ZZhF9nDbOtKM,0.333296,5.726332,3.7771470000000003
44100,a9P876+Ln/IyFg6fd6f8UAE9kwgnCwJXbxg7phdAo9Rm5qF66yB8ZZhF9nDbOtKM,0.450329,6.000773000000001,3.740534
44400,a9P876+Ln/IyFg6fd6f8UAE9kwgnCwJXbxg7phdAo9Rm5qF66yB8ZZhF9nDbOtKM,2.165942,7.258551,4.116584
44700,a9P876+Ln/IyFg6fd6f8UAE9kwgnCwJXbxg7phdAo9Rm5qF66yB8ZZhF9nDbOtKM,0.6681050000000001,5.8570459999999995,3.7727489999999997
45000,a9P876+Ln/IyFg6fd6f8UAE9kwgnCwJXbxg7phdAo9Rm5qF66yB8ZZhF9nDbOtKM,2.709796,7.168239999999999,4.1281930000000004
45300,a9P876+Ln/IyFg6fd6f8UAE9kwgnCwJXbxg7phdAo9Rm5qF66yB8ZZhF9nDbOtKM,0.27363200000000004,6.245232,3.7463629999999997
45600,a9P876+Ln/IyFg6fd6f8UAE9kwgnCwJXbxg7phdAo9Rm5qF66yB8ZZhF9nDbOtKM,2.205907,6.191018,4.000668
45900,a9P876+Ln/IyFg6fd6f8UAE9kwgnCwJXbxg7phdAo9Rm5qF66yB8ZZhF9nDbOtKM,1.051854,38.536016,6.609646000000001
46200,a9P876+Ln/IyFg6fd6f8UAE9kwgnCwJXbxg7phdAo9Rm5qF66yB8ZZhF9nDbOtKM,1.302439,11.415767,4.359757
46500,a9P876+Ln/IyFg6fd6f8UAE9kwgnCwJXbxg7phdAo9Rm5qF66yB8ZZhF9nDbOtKM,0.330969,5.12317,3.6304790000000002
46800,a9P876+Ln/IyFg6fd6f8UAE9kwgnCwJXbxg7phdAo9Rm5qF66yB8ZZhF9nDbOtKM,0.30153800000000003,6.089107,3.663013
47100,a9P876+Ln/IyFg6fd6f8UAE9kwgnCwJXbxg7phdAo9Rm5qF66yB8ZZhF9nDbOtKM,1.401484,58.657866000000006,9.200325999999999
47400,a9P876+Ln/IyFg6fd6f8UAE9kwgnCwJXbxg7phdAo9Rm5qF66yB8ZZhF9nDbOtKM,0.317696,6.853975,3.8700330000000003
47700,a9P876+Ln/IyFg6fd6f8UAE9kwgnCwJXbxg7phdAo9Rm5qF66yB8ZZhF9nDbOtKM,1.7184240000000002,6.318516000000001,4.087885
48000,a9P876+Ln/IyFg6fd6f8UAE9kwgnCwJXbxg7phdAo9Rm5qF66yB8ZZhF9nDbOtKM,0.441226,7.55523,4.087741
48300,a9P876+Ln/IyFg6fd6f8UAE9kwgnCwJXbxg7phdAo9Rm5qF66yB8ZZhF9nDbOtKM,1.676732,6.619431,4.173487000000001
48600,a9P876+Ln/IyFg6fd6f8UAE9kwgnCwJXbxg7phdAo9Rm5qF66yB8ZZhF9nDbOtKM,0.573616,5.752399,3.883174
48900,a9P876+Ln/IyFg6fd6f8UAE9kwgnCwJXbxg7phdAo9Rm5qF66yB8ZZhF9nDbOtKM,2.920889,5.745355,4.04902
49200,a9P876+Ln/IyFg6fd6f8UAE9kwgnCwJXbxg7phdAo9Rm5qF66yB8ZZhF9nDbOtKM,2.996271,49.558440000000004,7.034378
49500,a9P876+Ln/IyFg6fd6f8UAE9kwgnCwJXbxg7phdAo9Rm5qF66yB8ZZhF9nDbOtKM,0.35236300000000004,6.828442,3.8034339999999998
49800,a9P876+Ln/IyFg6fd6f8UAE9kwgnCwJXbxg7phdAo9Rm5qF66yB8ZZhF9nDbOtKM,1.1728020000000001,9.177731,4.722561
50100,a9P876+Ln/IyFg6fd6f8UAE9kwgnCwJXbxg7phdAo9Rm5qF66yB8ZZhF9nDbOtKM,0.354025,6.216397,3.677544
50400,a9P876+Ln/IyFg6fd6f8UAE9kwgnCwJXbxg7phdAo9Rm5qF66yB8ZZhF9nDbOtKM,2.9068330000000002,5.678506,4.178277
50700,a9P876+Ln/IyFg6fd6f8UAE9kwgnCwJXbxg7phdAo9Rm5qF66yB8ZZhF9nDbOtKM,0.6157020000000001,5.881994000000001,3.802797
51000,a9P876+Ln/IyFg6fd6f8UAE9kwgnCwJXbxg7phdAo9Rm5qF66yB8ZZhF9nDbOtKM,2.38972,5.3975610000000005,4.130580999999999
51300,a9P876+Ln/IyFg6fd6f8UAE9kwgnCwJXbxg7phdAo9Rm5qF66yB8ZZhF9nDbOtKM,0.220065,5.430880999999999,3.808934
51600,a9P876+Ln/IyFg6fd6f8UAE9kwgnCwJXbxg7phdAo9Rm5qF66yB8ZZhF9nDbOtKM,2.681463,6.241043,4.322392
51900,a9P876+Ln/IyFg6fd6f8UAE9kwgnCwJXbxg7phdAo9Rm5qF66yB8ZZhF9nDbOtKM,0.25943499999999997,6.896991000000001,3.8654410000000006
52200,a9P876+Ln/IyFg6fd6f8UAE9kwgnCwJXbxg7phdAo9Rm5qF66yB8ZZhF9nDbOtKM,2.124348,42.304679,6.014747
52500,a9P876+Ln/IyFg6fd6f8UAE9kwgnCwJXbxg7phdAo9Rm5qF66yB8ZZhF9nDbOtKM,1.103581,6.9980970000000005,4.169135
52800,a9P876+Ln/IyFg6fd6f8UAE9kwgnCwJXbxg7phdAo9Rm5qF66yB8ZZhF9nDbOtKM,0.311678,7.131968,3.970906
53100,a9P876+Ln/IyFg6fd6f8UAE9kwgnCwJXbxg7phdAo9Rm5qF66yB8ZZhF9nDbOtKM,0.706653,7.446994999999999,4.281096
53400,a9P876+Ln/IyFg6fd6f8UAE9kwgnCwJXbxg7phdAo9Rm5qF66yB8ZZhF9nDbOtKM,0.5880850000000001,6.121697,3.8336050000000004
53700,a9P876+Ln/IyFg6fd6f8UAE9kwgnCwJXbxg7phdAo9Rm5qF66yB8ZZhF9nDbOtKM,1.6614220000000002,6.364587,3.9967629999999996
54000,a9P876+Ln/IyFg6fd6f8UAE9kwgnCwJXbxg7phdAo9Rm5qF66yB8ZZhF9nDbOtKM,0.9119649999999999,7.1368089999999995,3.966168
54300,a9P876+Ln/IyFg6fd6f8UAE9kwgnCwJXbxg7phdAo9Rm5qF66yB8ZZhF9nDbOtKM,2.133101,40.410315000000004,9.353108
54600,a9P876+Ln/IyFg6fd6f8UAE9kwgnCwJXbxg7phdAo9Rm5qF66yB8ZZhF9nDbOtKM,0.43794700000000003,7.038136,4.099189
54900,a9P876+Ln/IyFg6fd6f8UAE9kwgnCwJXbxg7phdAo9Rm5qF66yB8ZZhF9nDbOtKM,0.585775,7.095559,4.059875
55200,a9P876+Ln/IyFg6fd6f8UAE9kwgnCwJXbxg7phdAo9Rm5qF66yB8ZZhF9nDbOtKM,2.051268,6.566952000000001,4.446346
55500,a9P876+Ln/IyFg6fd6f8UAE9kwgnCwJXbxg7phdAo9Rm5qF66yB8ZZhF9nDbOtKM,0.32253899999999996,6.817353999999999,4.012980000000001
55800,a9P876+Ln/IyFg6fd6f8UAE9kwgnCwJXbxg7phdAo9Rm5qF66yB8ZZhF9nDbOtKM,1.8238990000000002,6.981428999999999,4.471543
56100,a9P876+Ln/IyFg6fd6f8UAE9kwgnCwJXbxg7phdAo9Rm5qF66yB8ZZhF9nDbOtKM,0.45698599999999995,6.971794,3.9927610000000002
56400,a9P876+Ln/IyFg6fd6f8UAE9kwgnCwJXbxg7phdAo9Rm5qF66yB8ZZhF9nDbOtKM,1.510625,6.843053,4.197533
56700,a9P876+Ln/IyFg6fd6f8UAE9kwgnCwJXbxg7phdAo9Rm5qF66yB8ZZhF9nDbOtKM,0.319114,7.805602,3.9658029999999997
57000,a9P876+Ln/IyFg6fd6f8UAE9kwgnCwJXbxg7phdAo9Rm5qF66yB8ZZhF9nDbOtKM,1.160734,9.334942,4.7125129999999995
57300,a9P876+Ln/IyFg6fd6f8UAE9kwgnCwJXbxg7phdAo9Rm5qF66yB8ZZhF9nDbOtKM,1.406652,7.0179789999999995,4.111557
57600,a9P876+Ln/IyFg6fd6f8UAE9kwgnCwJXbxg7phdAo9Rm5qF66yB8ZZhF9nDbOtKM,1.9746110000000001,6.63285,4.221605
57900,a9P876+Ln/IyFg6fd6f8UAE9kwgnCwJXbxg7phdAo9Rm5qF66yB8ZZhF9nDbOtKM,1.302541,19.112648999999998,5.232655
58200,a9P876+Ln/IyFg6fd6f8UAE9kwgnCwJXbxg7phdAo9Rm5qF66yB8ZZhF9nDbOtKM,1.3819059999999999,7.516813000000001,4.468901
58500,a9P876+Ln/IyFg6fd6f8UAE9kwgnCwJXbxg7phdAo9Rm5qF66yB8ZZhF9nDbOtKM,1.337653,66.323006,7.1879789999999995
58800,a9P876+Ln/IyFg6fd6f8UAE9kwgnCwJXbxg7phdAo9Rm5qF66yB8ZZhF9nDbOtKM,1.5486030000000002,8.680931,4.491435
59100,a9P876+Ln/IyFg6fd6f8UAE9kwgnCwJXbxg7phdAo9Rm5qF66yB8ZZhF9nDbOtKM,1.2149,10.357114,4.632758
59400,a9P876+Ln/IyFg6fd6f8UAE9kwgnCwJXbxg7phdAo9Rm5qF66yB8ZZhF9nDbOtKM,1.015965,7.393555999999999,4.415489
59700,a9P876+Ln/IyFg6fd6f8UAE9kwgnCwJXbxg7phdAo9Rm5qF66yB8ZZhF9nDbOtKM,0.271119,6.530608999999999,3.9241980000000005
60000,a9P876+Ln/IyFg6fd6f8UAE9kwgnCwJXbxg7phdAo9Rm5qF66yB8ZZhF9nDbOtKM,0.285673,5.897532,4.18748
60300,a9P876+Ln/IyFg6fd6f8UAE9kwgnCwJXbxg7phdAo9Rm5qF66yB8ZZhF9nDbOtKM,1.599229,6.869772,4.361553
60600,a9P876+Ln/IyFg6fd6f8UAE9kwgnCwJXbxg7phdAo9Rm5qF66yB8ZZhF9nDbOtKM,0.389766,8.397586,4.415094
60900,a9P876+Ln/IyFg6fd6f8UAE9kwgnCwJXbxg7phdAo9Rm5qF66yB8ZZhF9nDbOtKM,2.155536,6.684731,4.302903
61200,a9P876+Ln/IyFg6fd6f8UAE9kwgnCwJXbxg7phdAo9Rm5qF66yB8ZZhF9nDbOtKM,0.268404,6.046292,4.1151919999999995
61500,a9P876+Ln/IyFg6fd6f8UAE9kwgnCwJXbxg7phdAo9Rm5qF66yB8ZZhF9nDbOtKM,2.968826,6.884608999999999,4.502014
61800,a9P876+Ln/IyFg6fd6f8UAE9kwgnCwJXbxg7phdAo9Rm5qF66yB8ZZhF9nDbOtKM,0.255415,7.176042,4.193343
62100,a9P876+Ln/IyFg6fd6f8UAE9kwgnCwJXbxg7phdAo9Rm5qF66yB8ZZhF9nDbOtKM,2.437473,6.567278,4.4813849999999995
62400,a9P876+Ln/IyFg6fd6f8UAE9kwgnCwJXbxg7phdAo9Rm5qF66yB8ZZhF9nDbOtKM,0.267803,6.2367040000000005,4.085851
62700,a9P876+Ln/IyFg6fd6f8UAE9kwgnCwJXbxg7phdAo9Rm5qF66yB8ZZhF9nDbOtKM,1.9530150000000002,26.932752,5.773926
63000,a9P876+Ln/IyFg6fd6f8UAE9kwgnCwJXbxg7phdAo9Rm5qF66yB8ZZhF9nDbOtKM,1.750248,7.235813,4.570954
63300,a9P876+Ln/IyFg6fd6f8UAE9kwgnCwJXbxg7phdAo9Rm5qF66yB8ZZhF9nDbOtKM,1.302823,6.422818,4.247847
63600,a9P876+Ln/IyFg6fd6f8UAE9kwgnCwJXbxg7phdAo9Rm5qF66yB8ZZhF9nDbOtKM,2.252625,6.546248,4.5265699999999995
63900,a9P876+Ln/IyFg6fd6f8UAE9kwgnCwJXbxg7phdAo9Rm5qF66yB8ZZhF9nDbOtKM,0.34278800000000004,34.671033,6.154543
64200,a9P876+Ln/IyFg6fd6f8UAE9kwgnCwJXbxg7phdAo9Rm5qF66yB8ZZhF9nDbOtKM,2.971638,6.750021,4.8750089999999995
64500,a9P876+Ln/IyFg6fd6f8UAE9kwgnCwJXbxg7phdAo9Rm5qF66yB8ZZhF9nDbOtKM,0.303505,7.277602000000001,4.030371
64800,a9P876+Ln/IyFg6fd6f8UAE9kwgnCwJXbxg7phdAo9Rm5qF66yB8ZZhF9nDbOtKM,1.263293,6.83829,4.568299
65100,a9P876+Ln/IyFg6fd6f8UAE9kwgnCwJXbxg7phdAo9Rm5qF66yB8ZZhF9nDbOtKM,0.342335,44.616191,9.156805
65400,a9P876+Ln/IyFg6fd6f8UAE9kwgnCwJXbxg7phdAo9Rm5qF66yB8ZZhF9nDbOtKM,0.726959,9.1357,4.344723
65700,a9P876+Ln/IyFg6fd6f8UAE9kwgnCwJXbxg7phdAo9Rm5qF66yB8ZZhF9nDbOtKM,2.027732,7.0670779999999995,4.387247
66000,a9P876+Ln/IyFg6fd6f8UAE9kwgnCwJXbxg7phdAo9Rm5qF66yB8ZZhF9nDbOtKM,0.303578,7.875503,4.214185
66300,a9P876+Ln/IyFg6fd6f8UAE9kwgnCwJXbxg7phdAo9Rm5qF66yB8ZZhF9nDbOtKM,1.2334180000000001,7.996663000000001,4.525232
66600,a9P876+Ln/IyFg6fd6f8UAE9kwgnCwJXbxg7phdAo9Rm5qF66yB8ZZhF9nDbOtKM,0.41727,7.287259,4.258666000000001
66900,a9P876+Ln/IyFg6fd6f8UAE9kwgnCwJXbxg7phdAo9Rm5qF66yB8ZZhF9nDbOtKM,1.486003,6.704253,4.354431
67200,a9P876+Ln/IyFg6fd6f8UAE9kwgnCwJXbxg7phdAo9Rm5qF66yB8ZZhF9nDbOtKM,0.30280999999999997,6.518445,4.256386
67500,a9P876+Ln/IyFg6fd6f8UAE9kwgnCwJXbxg7phdAo9Rm5qF66yB8ZZhF9nDbOtKM,1.996184,6.938922,4.501454
67800,a9P876+Ln/IyFg6fd6f8UAE9kwgnCwJXbxg7phdAo9Rm5qF66yB8ZZhF9nDbOtKM,0.542245,8.127974,4.412689
68100,a9P876+Ln/IyFg6fd6f8UAE9kwgnCwJXbxg7phdAo9Rm5qF66yB8ZZhF9nDbOtKM,2.100648,10.81502,4.5993900000000005
68400,a9P876+Ln/IyFg6fd6f8UAE9kwgnCwJXbxg7phdAo9Rm5qF66yB8ZZhF9nDbOtKM,2.99032,6.657458,4.524703
68700,a9P876+Ln/IyFg6fd6f8UAE9kwgnCwJXbxg7phdAo9Rm5qF66yB8ZZhF9nDbOtKM,2.706534,16.734408,5.6805
69000,a9P876+Ln/IyFg6fd6f8UAE9kwgnCwJXbxg7phdAo9Rm5qF66yB8ZZhF9nDbOtKM,1.937085,7.086692,4.687437999999999
69300,a9P876+Ln/IyFg6fd6f8UAE9kwgnCwJXbxg7phdAo9Rm5qF66yB8ZZhF9nDbOtKM,1.036969,7.95437,4.459537
69600,a9P876+Ln/IyFg6fd6f8UAE9kwgnCwJXbxg7phdAo9Rm5qF66yB8ZZhF9nDbOtKM,1.373818,7.541138,4.5670779999999995
69900,a9P876+Ln/IyFg6fd6f8UAE9kwgnCwJXbxg7phdAo9Rm5qF66yB8ZZhF9nDbOtKM,2.0984439999999998,70.58274,7.661817
70200,a9P876+Ln/IyFg6fd6f8UAE9kwgnCwJXbxg7phdAo9Rm5qF66yB8ZZhF9nDbOtKM,1.7611430000000001,7.657727,4.770401000000001
70500,a9P876+Ln/IyFg6fd6f8UAE9kwgnCwJXbxg7phdAo9Rm5qF66yB8ZZhF9nDbOtKM,0.34267800000000004,6.564310000000001,4.209554
70800,a9P876+Ln/IyFg6fd6f8UAE9kwgnCwJXbxg7phdAo9Rm5qF66yB8ZZhF9nDbOtKM,0.546588,17.175675,4.906028
71100,a9P876+Ln/IyFg6fd6f8UAE9kwgnCwJXbxg7phdAo9Rm5qF66yB8ZZhF9nDbOtKM,1.373375,7.653611,4.5636209999999995
71400,a9P876+Ln/IyFg6fd6f8UAE9kwgnCwJXbxg7phdAo9Rm5qF66yB8ZZhF9nDbOtKM,0.352057,8.634192,4.644480000000001
71700,a9P876+Ln/IyFg6fd6f8UAE9kwgnCwJXbxg7phdAo9Rm5qF66yB8ZZhF9nDbOtKM,2.742866,6.80443,4.566776
72000,a9P876+Ln/IyFg6fd6f8UAE9kwgnCwJXbxg7phdAo9Rm5qF66yB8ZZhF9nDbOtKM,0.569653,7.008821000000001,4.161633
72300,a9P876+Ln/IyFg6fd6f8UAE9kwgnCwJXbxg7phdAo9Rm5qF66yB8ZZhF9nDbOtKM,1.324968,52.301849,10.181083000000001
72600,a9P876+Ln/IyFg6fd6f8UAE9kwgnCwJXbxg7phdAo9Rm5qF66yB8ZZhF9nDbOtKM,0.316114,7.6036529999999996,4.458912000000001
72900,a9P876+Ln/IyFg6fd6f8UAE9kwgnCwJXbxg7phdAo9Rm5qF66yB8ZZhF9nDbOtKM,1.422613,7.867072,4.805453
73200,a9P876+Ln/IyFg6fd6f8UAE9kwgnCwJXbxg7phdAo9Rm5qF66yB8ZZhF9nDbOtKM,0.265005,7.886627000000001,4.409232
73500,a9P876+Ln/IyFg6fd6f8UAE9kwgnCwJXbxg7phdAo9Rm5qF66yB8ZZhF9nDbOtKM,0.43641,7.807533,4.407414
73800,a9P876+Ln/IyFg6fd6f8UAE9kwgnCwJXbxg7phdAo9Rm5qF66yB8ZZhF9nDbOtKM,1.851429,8.466534,4.877354
74100,a9P876+Ln/IyFg6fd6f8UAE9kwgnCwJXbxg7phdAo9Rm5qF66yB8ZZhF9nDbOtKM,0.44345,7.453774,4.418532
74400,a9P876+Ln/IyFg6fd6f8UAE9kwgnCwJXbxg7phdAo9Rm5qF66yB8ZZhF9nDbOtKM,1.346786,7.798787,4.920503
74700,a9P876+Ln/IyFg6fd6f8UAE9kwgnCwJXbxg7phdAo9Rm5qF66yB8ZZhF9nDbOtKM,0.385596,8.192172,4.295449
75000,a9P876+Ln/IyFg6fd6f8UAE9kwgnCwJXbxg7phdAo9Rm5qF66yB8ZZhF9nDbOtKM,2.294085,7.974367,4.982398
75300,a9P876+Ln/IyFg6fd6f8UAE9kwgnCwJXbxg7phdAo9Rm5qF66yB8ZZhF9nDbOtKM,0.330074,8.020781,4.289378
75600,a9P876+Ln/IyFg6fd6f8UAE9kwgnCwJXbxg7phdAo9Rm5qF66yB8ZZhF9nDbOtKM,2.230338,7.469711,4.740204
75900,a9P876+Ln/IyFg6fd6f8UAE9kwgnCwJXbxg7phdAo9Rm5qF66yB8ZZhF9nDbOtKM,0.545765,7.503292,4.514937000000001
76200,a9P876+Ln/IyFg6fd6f8UAE9kwgnCwJXbxg7phdAo9Rm5qF66yB8ZZhF9nDbOtKM,1.206132,6.902214999999999,4.610997
76500,a9P876+Ln/IyFg6fd6f8UAE9kwgnCwJXbxg7phdAo9Rm5qF66yB8ZZhF9nDbOtKM,2.978121,10.779669,4.895587
76800,a9P876+Ln/IyFg6fd6f8UAE9kwgnCwJXbxg7phdAo9Rm5qF66yB8ZZhF9nDbOtKM,2.2172490000000002,19.582801999999997,6.109772
77100,a9P876+Ln/IyFg6fd6f8UAE9kwgnCwJXbxg7phdAo9Rm5qF66yB8ZZhF9nDbOtKM,1.850738,7.411144,4.859438
77400,a9P876+Ln/IyFg6fd6f8UAE9kwgnCwJXbxg7phdAo9Rm5qF66yB8ZZhF9nDbOtKM,1.72668,7.550411,4.831805
77700,a9P876+Ln/IyFg6fd6f8UAE9kwgnCwJXbxg7phdAo9Rm5qF66yB8ZZhF9nDbOtKM,1.7402630000000001,7.839546,4.720058
78000,a9P876+Ln/IyFg6fd6f8UAE9kwgnCwJXbxg7phdAo9Rm5qF66yB8ZZhF9nDbOtKM,2.876001,50.258322,8.318012
78300,a9P876+Ln/IyFg6fd6f8UAE9kwgnCwJXbxg7phdAo9Rm5qF66yB8ZZhF9nDbOtKM,3.335752,6.697429,4.9116550000000005
78600,a9P876+Ln/IyFg6fd6f8UAE9kwgnCwJXbxg7phdAo9Rm5qF66yB8ZZhF9nDbOtKM,1.284626,8.711186,4.854851999999999
78900,a9P876+Ln/IyFg6fd6f8UAE9kwgnCwJXbxg7phdAo9Rm5qF66yB8ZZhF9nDbOtKM,0.447675,35.372939,5.854642
79200,a9P876+Ln/IyFg6fd6f8UAE9kwgnCwJXbxg7phdAo9Rm5qF66yB8ZZhF9nDbOtKM,2.555068,7.996441,4.873876
79500,a9P876+Ln/IyFg6fd6f8UAE9kwgnCwJXbxg7phdAo9Rm5qF66yB8ZZhF9nDbOtKM,0.469635,7.834167999999999,4.458434
79800,a9P876+Ln/IyFg6fd6f8UAE9kwgnCwJXbxg7phdAo9Rm5qF66yB8ZZhF9nDbOtKM,2.323327,7.219734,4.880043
80100,a9P876+Ln/IyFg6fd6f8UAE9kwgnCwJXbxg7phdAo9Rm5qF66yB8ZZhF9nDbOtKM,0.521806,9.431433,4.6054129999999995
80400,a9P876+Ln/IyFg6fd6f8UAE9kwgnCwJXbxg7phdAo9Rm5qF66yB8ZZhF9nDbOtKM,2.952455,7.084164,4.9356
80700,a9P876+Ln/IyFg6fd6f8UAE9kwgnCwJXbxg7phdAo9Rm5qF66yB8ZZhF9nDbOtKM,0.4747,7.952505,4.286373
81000,a9P876+Ln/IyFg6fd6f8UAE9kwgnCwJXbxg7phdAo9Rm5qF66yB8ZZhF9nDbOtKM,2.130666,7.363117999999999,4.985508
81300,a9P876+Ln/IyFg6fd6f8UAE9kwgnCwJXbxg7phdAo9Rm5qF66yB8ZZhF9nDbOtKM,0.251944,7.5288759999999995,4.443501
81600,a9P876+Ln/IyFg6fd6f8UAE9kwgnCwJXbxg7phdAo9Rm5qF66yB8ZZhF9nDbOtKM,0.360702,7.310467999999999,4.50025
81900,a9P876+Ln/IyFg6fd6f8UAE9kwgnCwJXbxg7phdAo9Rm5qF66yB8ZZhF9nDbOtKM,1.7572029999999998,8.123298,4.781205
82200,a9P876+Ln/IyFg6fd6f8UAE9kwgnCwJXbxg7phdAo9Rm5qF66yB8ZZhF9nDbOtKM,0.364016,9.388683,4.856686
82500,a9P876+Ln/IyFg6fd6f8UAE9kwgnCwJXbxg7phdAo9Rm5qF66yB8ZZhF9nDbOtKM,2.454205,7.272094999999999,4.838043
82800,a9P876+Ln/IyFg6fd6f8UAE9kwgnCwJXbxg7phdAo9Rm5qF66yB8ZZhF9nDbOtKM,0.427833,7.561889,4.5056769999999995
83100,a9P876+Ln/IyFg6fd6f8UAE9kwgnCwJXbxg7phdAo9Rm5qF66yB8ZZhF9nDbOtKM,1.280912,48.775477,9.265797000000001
83400,a9P876+Ln/IyFg6fd6f8UAE9kwgnCwJXbxg7phdAo9Rm5qF66yB8ZZhF9nDbOtKM,0.7743979999999999,8.65428,4.608402
83700,a9P876+Ln/IyFg6fd6f8UAE9kwgnCwJXbxg7phdAo9Rm5qF66yB8ZZhF9nDbOtKM,2.666458,7.099105000000001,5.267044
84000,a9P876+Ln/IyFg6fd6f8UAE9kwgnCwJXbxg7phdAo9Rm5qF66yB8ZZhF9nDbOtKM,0.582873,8.932972,4.604236
84300,a9P876+Ln/IyFg6fd6f8UAE9kwgnCwJXbxg7phdAo9Rm5qF66yB8ZZhF9nDbOtKM,0.229748,8.66458,4.521926000000001
84600,a9P876+Ln/IyFg6fd6f8UAE9kwgnCwJXbxg7phdAo9Rm5qF66yB8ZZhF9nDbOtKM,1.908327,8.929575,4.989689
84900,a9P876+Ln/IyFg6fd6f8UAE9kwgnCwJXbxg7phdAo9Rm5qF66yB8ZZhF9nDbOtKM,0.314002,7.315586,4.598466999999999
85200,a9P876+Ln/IyFg6fd6f8UAE9kwgnCwJXbxg7phdAo9Rm5qF66yB8ZZhF9nDbOtKM,1.784102,7.474924000000001,5.012967
85500,a9P876+Ln/IyFg6fd6f8UAE9kwgnCwJXbxg7phdAo9Rm5qF66yB8ZZhF9nDbOtKM,0.795095,9.060084,4.509142
85800,a9P876+Ln/IyFg6fd6f8UAE9kwgnCwJXbxg7phdAo9Rm5qF66yB8ZZhF9nDbOtKM,1.453729,9.687095,5.140003
86100,a9P876+Ln/IyFg6fd6f8UAE9kwgnCwJXbxg7phdAo9Rm5qF66yB8ZZhF9nDbOtKM,1.503563,36.418677,6.29085
86400,a9P876+Ln/IyFg6fd6f8UAE9kwgnCwJXbxg7phdAo9Rm5qF66yB8ZZhF9nDbOtKM,2.391729,7.049766,4.781232
86700,a9P876+Ln/IyFg6fd6f8UAE9kwgnCwJXbxg7phdAo9Rm5qF66yB8ZZhF9nDbOtKM,2.2455979999999998,37.259479,8.070112
87000,a9P876+Ln/IyFg6fd6f8UAE9kwgnCwJXbxg7phdAo9Rm5qF66yB8ZZhF9nDbOtKM,2.28975,7.205055000000001,4.7653
87300,a9P876+Ln/IyFg6fd6f8UAE9kwgnCwJXbxg7phdAo9Rm5qF66yB8ZZhF9nDbOtKM,2.544143,8.611791,5.05244
87600,a9P876+Ln/IyFg6fd6f8UAE9kwgnCwJXbxg7phdAo9Rm5qF66yB8ZZhF9nDbOtKM,0.765877,37.823133,6.2537769999999995
87900,a9P876+Ln/IyFg6fd6f8UAE9kwgnCwJXbxg7phdAo9Rm5qF66yB8ZZhF9nDbOtKM,1.5008709999999998,8.210047,4.8912580000000005
88200,a9P876+Ln/IyFg6fd6f8UAE9kwgnCwJXbxg7phdAo9Rm5qF66yB8ZZhF9nDbOtKM,0.545878,8.830509,4.729769999999999
88500,a9P876+Ln/IyFg6fd6f8UAE9kwgnCwJXbxg7phdAo9Rm5qF66yB8ZZhF9nDbOtKM,2.318192,7.310177,4.8682099999999995
88800,a9P876+Ln/IyFg6fd6f8UAE9kwgnCwJXbxg7phdAo9Rm5qF66yB8ZZhF9nDbOtKM,0.37601799999999996,6.5489440000000005,4.369801
89100,a9P876+Ln/IyFg6fd6f8UAE9kwgnCwJXbxg7phdAo9Rm5qF66yB8ZZhF9nDbOtKM,2.523561,7.66147,4.925626
89400,a9P876+Ln/IyFg6fd6f8UAE9kwgnCwJXbxg7phdAo9Rm5qF66yB8ZZhF9nDbOtKM,0.49789300000000003,10.246156,4.770747
89700,a9P876+Ln/IyFg6fd6f8UAE9kwgnCwJXbxg7phdAo9Rm5qF66yB8ZZhF9nDbOtKM,0.279851,6.355936,4.3104510000000005
90000,a9P876+Ln/IyFg6fd6f8UAE9kwgnCwJXbxg7phdAo9Rm5qF66yB8ZZhF9nDbOtKM,2.7713360000000002,6.481249,4.876254
90300,a9P876+Ln/IyFg6fd6f8UAE9kwgnCwJXbxg7phdAo9Rm5qF66yB8ZZhF9nDbOtKM,0.85441,7.214075,4.525686
90600,a9P876+Ln/IyFg6fd6f8UAE9kwgnCwJXbxg7phdAo9Rm5qF66yB8ZZhF9nDbOtKM,1.4467459999999999,9.374077999999999,5.132672
90900,a9P876+Ln/IyFg6fd6f8UAE9kwgnCwJXbxg7phdAo9Rm5qF66yB8ZZhF9nDbOtKM,0.37403600000000004,10.965717,4.804012
91200,a9P876+Ln/IyFg6fd6f8UAE9kwgnCwJXbxg7phdAo9Rm5qF66yB8ZZhF9nDbOtKM,1.577664,8.578019,5.099424
91500,a9P876+Ln/IyFg6fd6f8UAE9kwgnCwJXbxg7phdAo9Rm5qF66yB8ZZhF9nDbOtKM,0.46735200000000005,8.135365,4.711993
91800,a9P876+Ln/IyFg6fd6f8UAE9kwgnCwJXbxg7phdAo9Rm5qF66yB8ZZhF9nDbOtKM,1.6655950000000002,8.521899000000001,5.465990000000001
92100,a9P876+Ln/IyFg6fd6f8UAE9kwgnCwJXbxg7phdAo9Rm5qF66yB8ZZhF9nDbOtKM,0.377417,7.924600999999999,4.842772
92400,a9P876+Ln/IyFg6fd6f8UAE9kwgnCwJXbxg7phdAo9Rm5qF66yB8ZZhF9nDbOtKM,0.7361770000000001,8.621831,5.101483
92700,a9P876+Ln/IyFg6fd6f8UAE9kwgnCwJXbxg7phdAo9Rm5qF66yB8ZZhF9nDbOtKM,2.874629,8.183580000000001,5.303876
93000,a9P876+Ln/IyFg6fd6f8UAE9kwgnCwJXbxg7phdAo9Rm5qF66yB8ZZhF9nDbOtKM,0.647301,9.284385,5.248068
93300,a9P876+Ln/IyFg6fd6f8UAE9kwgnCwJXbxg7phdAo9Rm5qF66yB8ZZhF9nDbOtKM,3.4800089999999995,6.9128169999999995,5.261259
93600,a9P876+Ln/IyFg6fd6f8UAE9kwgnCwJXbxg7phdAo9Rm5qF66yB8ZZhF9nDbOtKM,0.9884709999999999,8.462964,4.9006110000000005
93900,a9P876+Ln/IyFg6fd6f8UAE9kwgnCwJXbxg7phdAo9Rm5qF66yB8ZZhF9nDbOtKM,3.57025,7.577794,5.5023550000000006
94200,a9P876+Ln/IyFg6fd6f8UAE9kwgnCwJXbxg7phdAo9Rm5qF66yB8ZZhF9nDbOtKM,0.832676,6.77075,4.888407
94500,a9P876+Ln/IyFg6fd6f8UAE9kwgnCwJXbxg7phdAo9Rm5qF66yB8ZZhF9nDbOtKM,3.3941440000000003,7.234539,5.5137339999999995
94800,a9P876+Ln/IyFg6fd6f8UAE9kwgnCwJXbxg7phdAo9Rm5qF66yB8ZZhF9nDbOtKM,0.502379,8.638633,4.8035559999999995
95100,a9P876+Ln/IyFg6fd6f8UAE9kwgnCwJXbxg7phdAo9Rm5qF66yB8ZZhF9nDbOtKM,0.784129,7.126855,4.7721800000000005
95400,a9P876+Ln/IyFg6fd6f8UAE9kwgnCwJXbxg7phdAo9Rm5qF66yB8ZZhF9nDbOtKM,2.660256,8.672771000000001,5.305561
95700,a9P876+Ln/IyFg6fd6f8UAE9kwgnCwJXbxg7phdAo9Rm5qF66yB8ZZhF9nDbOtKM,0.656784,9.022466,4.9702910000000005
96000,a9P876+Ln/IyFg6fd6f8UAE9kwgnCwJXbxg7phdAo9Rm5qF66yB8ZZhF9nDbOtKM,2.740954,8.297342,5.58954
96300,a9P876+Ln/IyFg6fd6f8UAE9kwgnCwJXbxg7phdAo9Rm5qF66yB8ZZhF9nDbOtKM,0.673009,9.345882000000001,5.037031
96600,a9P876+Ln/IyFg6fd6f8UAE9kwgnCwJXbxg7phdAo9Rm5qF66yB8ZZhF9nDbOtKM,3.093568,8.715962,5.643187
96900,a9P876+Ln/IyFg6fd6f8UAE9kwgnCwJXbxg7phdAo9Rm5qF66yB8ZZhF9nDbOtKM,0.646946,7.833525999999999,5.021257
97200,a9P876+Ln/IyFg6fd6f8UAE9kwgnCwJXbxg7phdAo9Rm5qF66yB8ZZhF9nDbOtKM,2.20053,8.029607,5.397044
97500,a9P876+Ln/IyFg6fd6f8UAE9kwgnCwJXbxg7phdAo9Rm5qF66yB8ZZhF9nDbOtKM,0.386486,65.341052,11.562727
97800,a9P876+Ln/IyFg6fd6f8UAE9kwgnCwJXbxg7phdAo9Rm5qF66yB8ZZhF9nDbOtKM,0.31957199999999997,8.343856,5.107499
98100,a9P876+Ln/IyFg6fd6f8UAE9kwgnCwJXbxg7phdAo9Rm5qF66yB8ZZhF9nDbOtKM,1.984389,9.288722,5.584588
98400,a9P876+Ln/IyFg6fd6f8UAE9kwgnCwJXbxg7phdAo9Rm5qF66yB8ZZhF9nDbOtKM,0.357694,8.928284,5.112888
98700,a9P876+Ln/IyFg6fd6f8UAE9kwgnCwJXbxg7phdAo9Rm5qF66yB8ZZhF9nDbOtKM,1.893789,9.552627000000001,5.618987000000001
99000,a9P876+Ln/IyFg6fd6f8UAE9kwgnCwJXbxg7phdAo9Rm5qF66yB8ZZhF9nDbOtKM,0.356744,8.272596,5.149862000000001
99300,a9P876+Ln/IyFg6fd6f8UAE9kwgnCwJXbxg7phdAo9Rm5qF66yB8ZZhF9nDbOtKM,2.530123,8.365948,5.533337
99600,a9P876+Ln/IyFg6fd6f8UAE9kwgnCwJXbxg7phdAo9Rm5qF66yB8ZZhF9nDbOtKM,0.43008100000000005,9.391057,5.250554
99900,a9P876+Ln/IyFg6fd6f8UAE9kwgnCwJXbxg7phdAo9Rm5qF66yB8ZZhF9nDbOtKM,2.373643,8.93977,5.754064
100200,a9P876+Ln/IyFg6fd6f8UAE9kwgnCwJXbxg7phdAo9Rm5qF66yB8ZZhF9nDbOtKM,0.758963,9.171201,5.273531
100500,a9P876+Ln/IyFg6fd6f8UAE9kwgnCwJXbxg7phdAo9Rm5qF66yB8ZZhF9nDbOtKM,0.279031,8.200156,5.106945
100800,a9P876+Ln/IyFg6fd6f8UAE9kwgnCwJXbxg7phdAo9Rm5qF66yB8ZZhF9nDbOtKM,2.092462,9.286158,5.6088949999999995
101100,a9P876+Ln/IyFg6fd6f8UAE9kwgnCwJXbxg7phdAo9Rm5qF66yB8ZZhF9nDbOtKM,0.369707,8.882387,5.149453
101400,a9P876+Ln/IyFg6fd6f8UAE9kwgnCwJXbxg7phdAo9Rm5qF66yB8ZZhF9nDbOtKM,2.297073,9.400286,5.653665
101700,a9P876+Ln/IyFg6fd6f8UAE9kwgnCwJXbxg7phdAo9Rm5qF66yB8ZZhF9nDbOtKM,0.47943,10.759576,5.145179
102000,a9P876+Ln/IyFg6fd6f8UAE9kwgnCwJXbxg7phdAo9Rm5qF66yB8ZZhF9nDbOtKM,1.537823,9.374771,5.641225
102300,a9P876+Ln/IyFg6fd6f8UAE9kwgnCwJXbxg7phdAo9Rm5qF66yB8ZZhF9nDbOtKM,0.39634,8.296681,5.153924
102600,a9P876+Ln/IyFg6fd6f8UAE9kwgnCwJXbxg7phdAo9Rm5qF66yB8ZZhF9nDbOtKM,2.42883,10.466686,5.733446
102900,a9P876+Ln/IyFg6fd6f8UAE9kwgnCwJXbxg7phdAo9Rm5qF66yB8ZZhF9nDbOtKM,0.33065,8.210506,4.984072
103200,a9P876+Ln/IyFg6fd6f8UAE9kwgnCwJXbxg7phdAo9Rm5qF66yB8ZZhF9nDbOtKM,0.238511,9.004617999999999,5.325068
103500,a9P876+Ln/IyFg6fd6f8UAE9kwgnCwJXbxg7phdAo9Rm5qF66yB8ZZhF9nDbOtKM,2.965496,8.342779,5.660943
103800,a9P876+Ln/IyFg6fd6f8UAE9kwgnCwJXbxg7phdAo9Rm5qF66yB8ZZhF9nDbOtKM,0.5241180000000001,10.055598,5.464081
104100,a9P876+Ln/IyFg6fd6f8UAE9kwgnCwJXbxg7phdAo9Rm5qF66yB8ZZhF9nDbOtKM,2.326346,9.52425,5.564133999999999
104400,a9P876+Ln/IyFg6fd6f8UAE9kwgnCwJXbxg7phdAo9Rm5qF66yB8ZZhF9nDbOtKM,0.542439,7.34507,5.151112
104700,a9P876+Ln/IyFg6fd6f8UAE9kwgnCwJXbxg7phdAo9Rm5qF66yB8ZZhF9nDbOtKM,3.8517230000000002,39.933059,9.012141
105000,a9P876+Ln/IyFg6fd6f8UAE9kwgnCwJXbxg7phdAo9Rm5qF66yB8ZZhF9nDbOtKM,0.302978,9.095293,5.3744559999999995
105300,a9P876+Ln/IyFg6fd6f8UAE9kwgnCwJXbxg7phdAo9Rm5qF66yB8ZZhF9nDbOtKM,2.017345,10.108658,5.876757
105600,a9P876+Ln/IyFg6fd6f8UAE9kwgnCwJXbxg7phdAo9Rm5qF66yB8ZZhF9nDbOtKM,0.394179,8.151626,5.148313
105900,a9P876+Ln/IyFg6fd6f8UAE9kwgnCwJXbxg7phdAo9Rm5qF66yB8ZZhF9nDbOtKM,0.30711900000000003,8.995676,5.324895
106200,a9P876+Ln/IyFg6fd6f8UAE9kwgnCwJXbxg7phdAo9Rm5qF66yB8ZZhF9nDbOtKM,2.876276,9.244874000000001,5.9828730000000006
106500,a9P876+Ln/IyFg6fd6f8UAE9kwgnCwJXbxg7phdAo9Rm5qF66yB8ZZhF9nDbOtKM,0.231863,8.232572,4.996601
106800,a9P876+Ln/IyFg6fd6f8UAE9kwgnCwJXbxg7phdAo9Rm5qF66yB8ZZhF9nDbOtKM,3.6243190000000003,8.0381,6.0086319999999995
107100,a9P876+Ln/IyFg6fd6f8UAE9kwgnCwJXbxg7phdAo9Rm5qF66yB8ZZhF9nDbOtKM,0.26004499999999997,11.569328,5.503531
107400,a9P876+Ln/IyFg6fd6f8UAE9kwgnCwJXbxg7phdAo9Rm5qF66yB8ZZhF9nDbOtKM,1.9273689999999999,11.643892999999998,6.163693
107700,a9P876+Ln/IyFg6fd6f8UAE9kwgnCwJXbxg7phdAo9Rm5qF66yB8ZZhF9nDbOtKM,0.327947,8.09652,5.016037
108000,a9P876+Ln/IyFg6fd6f8UAE9kwgnCwJXbxg7phdAo9Rm5qF66yB8ZZhF9nDbOtKM,2.126591,9.935236999999999,5.811197
108300,a9P876+Ln/IyFg6fd6f8UAE9kwgnCwJXbxg7phdAo9Rm5qF66yB8ZZhF9nDbOtKM,0.518534,30.541279,8.553692
108600,a9P876+Ln/IyFg6fd6f8UAE9kwgnCwJXbxg7phdAo9Rm5qF66yB8ZZhF9nDbOtKM,0.230277,8.699119,5.376771
108900,a9P876+Ln/IyFg6fd6f8UAE9kwgnCwJXbxg7phdAo9Rm5qF66yB8ZZhF9nDbOtKM,2.878543,9.769664,6.090487
109200,a9P876+Ln/IyFg6fd6f8UAE9kwgnCwJXbxg7phdAo9Rm5qF66yB8ZZhF9nDbOtKM,2.432722,28.093353999999998,7.69527
109500,a9P876+Ln/IyFg6fd6f8UAE9kwgnCwJXbxg7phdAo9Rm5qF66yB8ZZhF9nDbOtKM,2.055015,9.943139,5.9330099999999995
109800,a9P876+Ln/IyFg6fd6f8UAE9kwgnCwJXbxg7phdAo9Rm5qF66yB8ZZhF9nDbOtKM,0.302003,8.421803,5.471369999999999
110100,a9P876+Ln/IyFg6fd6f8UAE9kwgnCwJXbxg7phdAo9Rm5qF66yB8ZZhF9nDbOtKM,2.101407,9.678384,5.731448
110400,a9P876+Ln/IyFg6fd6f8UAE9kwgnCwJXbxg7phdAo9Rm5qF66yB8ZZhF9nDbOtKM,3.668566,47.346228,9.646529
110700,a9P876+Ln/IyFg6fd6f8UAE9kwgnCwJXbxg7phdAo9Rm5qF66yB8ZZhF9nDbOtKM,3.3812949999999997,8.895592,6.0714809999999995
111000,a9P876+Ln/IyFg6fd6f8UAE9kwgnCwJXbxg7phdAo9Rm5qF66yB8ZZhF9nDbOtKM,1.747875,10.777671,6.006983
111300,a9P876+Ln/IyFg6fd6f8UAE9kwgnCwJXbxg7phdAo9Rm5qF66yB8ZZhF9nDbOtKM,2.3153259999999998,32.922951,7.9961720000000005
111600,a9P876+Ln/IyFg6fd6f8UAE9kwgnCwJXbxg7phdAo9Rm5qF66yB8ZZhF9nDbOtKM,3.1934270000000002,9.278289,5.902385
111900,a9P876+Ln/IyFg6fd6f8UAE9kwgnCwJXbxg7phdAo9Rm5qF66yB8ZZhF9nDbOtKM,2.066014,32.844156,7.364364999999999
112200,a9P876+Ln/IyFg6fd6f8UAE9kwgnCwJXbxg7phdAo9Rm5qF66yB8ZZhF9nDbOtKM,2.47649,9.502821,5.958614
112500,a9P876+Ln/IyFg6fd6f8UAE9kwgnCwJXbxg7phdAo9Rm5qF66yB8ZZhF9nDbOtKM,2.121136,8.800683,5.820093
112800,a9P876+Ln/IyFg6fd6f8UAE9kwgnCwJXbxg7phdAo9Rm5qF66yB8ZZhF9nDbOtKM,2.681962,9.670026,5.830326
113100,a9P876+Ln/IyFg6fd6f8UAE9kwgnCwJXbxg7phdAo9Rm5qF66yB8ZZhF9nDbOtKM,0.290378,9.18527,5.443906
113400,a9P876+Ln/IyFg6fd6f8UAE9kwgnCwJXbxg7phdAo9Rm5qF66yB8ZZhF9nDbOtKM,1.8617110000000001,10.639733,6.049399
113700,a9P876+Ln/IyFg6fd6f8UAE9kwgnCwJXbxg7phdAo9Rm5qF66yB8ZZhF9nDbOtKM,0.322295,8.308463,5.307477
114000,a9P876+Ln/IyFg6fd6f8UAE9kwgnCwJXbxg7phdAo9Rm5qF66yB8ZZhF9nDbOtKM,0.24185500000000001,9.545139,5.485804
114300,a9P876+Ln/IyFg6fd6f8UAE9kwgnCwJXbxg7phdAo9Rm5qF66yB8ZZhF9nDbOtKM,2.8267830000000003,8.984070000000001,6.080094
114600,a9P876+Ln/IyFg6fd6f8UAE9kwgnCwJXbxg7phdAo9Rm5qF66yB8ZZhF9nDbOtKM,0.544299,10.772695,5.806259
114900,a9P876+Ln/IyFg6fd6f8UAE9kwgnCwJXbxg7phdAo9Rm5qF66yB8ZZhF9nDbOtKM,2.022376,9.547119,5.766211
115200,a9P876+Ln/IyFg6fd6f8UAE9kwgnCwJXbxg7phdAo9Rm5qF66yB8ZZhF9nDbOtKM,0.725595,9.415598,5.415852
115500,a9P876+Ln/IyFg6fd6f8UAE9kwgnCwJXbxg7phdAo9Rm5qF66yB8ZZhF9nDbOtKM,2.333501,26.319616999999997,7.985036999999999
115800,a9P876+Ln/IyFg6fd6f8UAE9kwgnCwJXbxg7phdAo9Rm5qF66yB8ZZhF9nDbOtKM,0.614544,8.681569,5.632999
116100,a9P876+Ln/IyFg6fd6f8UAE9kwgnCwJXbxg7phdAo9Rm5qF66yB8ZZhF9nDbOtKM,1.924495,10.193168,6.110588
116400,a9P876+Ln/IyFg6fd6f8UAE9kwgnCwJXbxg7phdAo9Rm5qF66yB8ZZhF9nDbOtKM,0.78966,9.723942999999998,5.476655
116700,a9P876+Ln/IyFg6fd6f8UAE9kwgnCwJXbxg7phdAo9Rm5qF66yB8ZZhF9nDbOtKM,0.644097,8.589459,5.672004
117000,a9P876+Ln/IyFg6fd6f8UAE9kwgnCwJXbxg7phdAo9Rm5qF66yB8ZZhF9nDbOtKM,3.174671,11.458523,6.278975
117300,a9P876+Ln/IyFg6fd6f8UAE9kwgnCwJXbxg7phdAo9Rm5qF66yB8ZZhF9nDbOtKM,0.9029200000000001,7.766634,5.421886
117600,a9P876+Ln/IyFg6fd6f8UAE9kwgnCwJXbxg7phdAo9Rm5qF66yB8ZZhF9nDbOtKM,3.7469930000000002,9.10365,6.223802
117900,a9P876+Ln/IyFg6fd6f8UAE9kwgnCwJXbxg7phdAo9Rm5qF66yB8ZZhF9nDbOtKM,0.44431899999999996,9.999892,5.815055999999999
118200,a9P876+Ln/IyFg6fd6f8UAE9kwgnCwJXbxg7phdAo9Rm5qF66yB8ZZhF9nDbOtKM,3.655046,12.093341,6.4391050000000005
118500,a9P876+Ln/IyFg6fd6f8UAE9kwgnCwJXbxg7phdAo9Rm5qF66yB8ZZhF9nDbOtKM,0.751695,9.154074000000001,5.380651
118800,a9P876+Ln/IyFg6fd6f8UAE9kwgnCwJXbxg7phdAo9Rm5qF66yB8ZZhF9nDbOtKM,4.39951,8.449122000000001,6.142428
119100,a9P876+Ln/IyFg6fd6f8UAE9kwgnCwJXbxg7phdAo9Rm5qF66yB8ZZhF9nDbOtKM,0.6858310000000001,10.351111,5.657928
119400,a9P876+Ln/IyFg6fd6f8UAE9kwgnCwJXbxg7phdAo9Rm5qF66yB8ZZhF9nDbOtKM,0.656805,8.643261,5.619142
119700,a9P876+Ln/IyFg6fd6f8UAE9kwgnCwJXbxg7phdAo9Rm5qF66yB8ZZhF9nDbOtKM,1.838713,10.23899,6.318023
120000,a9P876+Ln/IyFg6fd6f8UAE9kwgnCwJXbxg7phdAo9Rm5qF66yB8ZZhF9nDbOtKM,2.2178139999999997,45.559453000000005,8.329728
120300,a9P876+Ln/IyFg6fd6f8UAE9kwgnCwJXbxg7phdAo9Rm5qF66yB8ZZhF9nDbOtKM,4.036025,8.295819999999999,6.173386
120600,a9P876+Ln/IyFg6fd6f8UAE9kwgnCwJXbxg7phdAo9Rm5qF66yB8ZZhF9nDbOtKM,0.91407,9.050443,5.759428
120900,a9P876+Ln/IyFg6fd6f8UAE9kwgnCwJXbxg7phdAo9Rm5qF66yB8ZZhF9nDbOtKM,2.1660459999999997,9.86608,5.952754
121200,a9P876+Ln/IyFg6fd6f8UAE9kwgnCwJXbxg7phdAo9Rm5qF66yB8ZZhF9nDbOtKM,2.890326,48.341102,9.969911999999999
121500,a9P876+Ln/IyFg6fd6f8UAE9kwgnCwJXbxg7phdAo9Rm5qF66yB8ZZhF9nDbOtKM,3.3839879999999996,9.538735,6.33641
121800,a9P876+Ln/IyFg6fd6f8UAE9kwgnCwJXbxg7phdAo9Rm5qF66yB8ZZhF9nDbOtKM,3.6103099999999997,9.79974,6.316155999999999
122100,a9P876+Ln/IyFg6fd6f8UAE9kwgnCwJXbxg7phdAo9Rm5qF66yB8ZZhF9nDbOtKM,2.699896,19.587953,6.496269
122400,a9P876+Ln/IyFg6fd6f8UAE9kwgnCwJXbxg7phdAo9Rm5qF66yB8ZZhF9nDbOtKM,2.4889639999999997,10.173694,6.175917
122700,a9P876+Ln/IyFg6fd6f8UAE9kwgnCwJXbxg7phdAo9Rm5qF66yB8ZZhF9nDbOtKM,1.343517,9.055964999999999,5.770612
123000,a9P876+Ln/IyFg6fd6f8UAE9kwgnCwJXbxg7phdAo9Rm5qF66yB8ZZhF9nDbOtKM,2.9896119999999997,9.023772,6.20783
123300,a9P876+Ln/IyFg6fd6f8UAE9kwgnCwJXbxg7phdAo9Rm5qF66yB8ZZhF9nDbOtKM,0.896014,9.503191000000001,5.9627870000000005
123600,a9P876+Ln/IyFg6fd6f8UAE9kwgnCwJXbxg7phdAo9Rm5qF66yB8ZZhF9nDbOtKM,2.995662,9.085268,6.082726999999999
123900,a9P876+Ln/IyFg6fd6f8UAE9kwgnCwJXbxg7phdAo9Rm5qF66yB8ZZhF9nDbOtKM,0.813291,8.946056,5.7126209999999995
124200,a9P876+Ln/IyFg6fd6f8UAE9kwgnCwJXbxg7phdAo9Rm5qF66yB8ZZhF9nDbOtKM,2.484685,10.25407,6.253615
124500,a9P876+Ln/IyFg6fd6f8UAE9kwgnCwJXbxg7phdAo9Rm5qF66yB8ZZhF9nDbOtKM,1.019082,10.046018,5.488686
124800,a9P876+Ln/IyFg6fd6f8UAE9kwgnCwJXbxg7phdAo9Rm5qF66yB8ZZhF9nDbOtKM,0.798963,9.706096,5.809171
125100,a9P876+Ln/IyFg6fd6f8UAE9kwgnCwJXbxg7phdAo9Rm5qF66yB8ZZhF9nDbOtKM,1.521007,11.176213,6.449259
125400,a9P876+Ln/IyFg6fd6f8UAE9kwgnCwJXbxg7phdAo9Rm5qF66yB8ZZhF9nDbOtKM,0.9362309999999999,12.977095,5.843886
125700,a9P876+Ln/IyFg6fd6f8UAE9kwgnCwJXbxg7phdAo9Rm5qF66yB8ZZhF9nDbOtKM,2.894078,10.069494,6.164912
126000,a9P876+Ln/IyFg6fd6f8UAE9kwgnCwJXbxg7phdAo9Rm5qF66yB8ZZhF9nDbOtKM,0.80469,9.698659,5.690271
126300,a9P876+Ln/IyFg6fd6f8UAE9kwgnCwJXbxg7phdAo9Rm5qF66yB8ZZhF9nDbOtKM,3.8616629999999996,8.39275,6.2549790000000005
126600,a9P876+Ln/IyFg6fd6f8UAE9kwgnCwJXbxg7phdAo9Rm5qF66yB8ZZhF9nDbOtKM,0.752124,9.010769999999999,5.7972529999999995
126900,a9P876+Ln/IyFg6fd6f8UAE9kwgnCwJXbxg7phdAo9Rm5qF66yB8ZZhF9nDbOtKM,1.369759,12.471245,6.337181
127200,a9P876+Ln/IyFg6fd6f8UAE9kwgnCwJXbxg7phdAo9Rm5qF66yB8ZZhF9nDbOtKM,3.45753,55.517219999999995,9.255377000000001
127500,a9P876+Ln/IyFg6fd6f8UAE9kwgnCwJXbxg7phdAo9Rm5qF66yB8ZZhF9nDbOtKM,2.689106,10.411,6.161422
127800,a9P876+Ln/IyFg6fd6f8UAE9kwgnCwJXbxg7phdAo9Rm5qF66yB8ZZhF9nDbOtKM,2.9275330000000004,9.432203999999999,6.381317
128100,a9P876+Ln/IyFg6fd6f8UAE9kwgnCwJXbxg7phdAo9Rm5qF66yB8ZZhF9nDbOtKM,2.356959,14.355058999999999,6.372923999999999
128400,a9P876+Ln/IyFg6fd6f8UAE9kwgnCwJXbxg7phdAo9Rm5qF66yB8ZZhF9nDbOtKM,1.231955,11.51163,6.533164
128700,a9P876+Ln/IyFg6fd6f8UAE9kwgnCwJXbxg7phdAo9Rm5qF66yB8ZZhF9nDbOtKM,0.688805,10.793403,6.084815
129000,a9P876+Ln/IyFg6fd6f8UAE9kwgnCwJXbxg7phdAo9Rm5qF66yB8ZZhF9nDbOtKM,2.977595,11.13512,6.451461
129300,a9P876+Ln/IyFg6fd6f8UAE9kwgnCwJXbxg7phdAo9Rm5qF66yB8ZZhF9nDbOtKM,0.374081,10.482054,5.719047
129600,a9P876+Ln/IyFg6fd6f8UAE9kwgnCwJXbxg7phdAo9Rm5qF66yB8ZZhF9nDbOtKM,1.950579,9.626578,6.299752
129900,a9P876+Ln/IyFg6fd6f8UAE9kwgnCwJXbxg7phdAo9Rm5qF66yB8ZZhF9nDbOtKM,0.368086,48.995473,9.849697
130200,a9P876+Ln/IyFg6fd6f8UAE9kwgnCwJXbxg7phdAo9Rm5qF66yB8ZZhF9nDbOtKM,0.754743,9.570099,5.896674
130500,a9P876+Ln/IyFg6fd6f8UAE9kwgnCwJXbxg7phdAo9Rm5qF66yB8ZZhF9nDbOtKM,2.05673,11.090709,6.534821
130800,a9P876+Ln/IyFg6fd6f8UAE9kwgnCwJXbxg7phdAo9Rm5qF66yB8ZZhF9nDbOtKM,0.523253,9.846339,5.884341
131100,a9P876+Ln/IyFg6fd6f8UAE9kwgnCwJXbxg7phdAo9Rm5qF66yB8ZZhF9nDbOtKM,3.5280690000000003,9.630545,6.471153
131400,a9P876+Ln/IyFg6fd6f8UAE9kwgnCwJXbxg7phdAo9Rm5qF66yB8ZZhF9nDbOtKM,0.357462,11.20841,5.741172
131700,a9P876+Ln/IyFg6fd6f8UAE9kwgnCwJXbxg7phdAo9Rm5qF66yB8ZZhF9nDbOtKM,2.569311,10.193038,6.428893
132000,a9P876+Ln/IyFg6fd6f8UAE9kwgnCwJXbxg7phdAo9Rm5qF66yB8ZZhF9nDbOtKM,0.477392,9.539189,6.1081959999999995
132300,a9P876+Ln/IyFg6fd6f8UAE9kwgnCwJXbxg7phdAo9Rm5qF66yB8ZZhF9nDbOtKM,2.606177,11.368692,6.512991
132600,a9P876+Ln/IyFg6fd6f8UAE9kwgnCwJXbxg7phdAo9Rm5qF66yB8ZZhF9nDbOtKM,3.10879,73.969874,11.086279
132900,a9P876+Ln/IyFg6fd6f8UAE9kwgnCwJXbxg7phdAo9Rm5qF66yB8ZZhF9nDbOtKM,2.294195,10.4443,6.434746
133200,a9P876+Ln/IyFg6fd6f8UAE9kwgnCwJXbxg7phdAo9Rm5qF66yB8ZZhF9nDbOtKM,0.8493790000000001,10.402312,6.046131
133500,a9P876+Ln/IyFg6fd6f8UAE9kwgnCwJXbxg7phdAo9Rm5qF66yB8ZZhF9nDbOtKM,0.45833100000000004,11.549833999999999,6.217441
133800,a9P876+Ln/IyFg6fd6f8UAE9kwgnCwJXbxg7phdAo9Rm5qF66yB8ZZhF9nDbOtKM,3.4106089999999996,10.241769,6.280516
134100,a9P876+Ln/IyFg6fd6f8UAE9kwgnCwJXbxg7phdAo9Rm5qF66yB8ZZhF9nDbOtKM,0.77835,11.268664,5.912683
134400,a9P876+Ln/IyFg6fd6f8UAE9kwgnCwJXbxg7phdAo9Rm5qF66yB8ZZhF9nDbOtKM,2.634973,10.457189999999999,6.345078
134700,a9P876+Ln/IyFg6fd6f8UAE9kwgnCwJXbxg7phdAo9Rm5qF66yB8ZZhF9nDbOtKM,0.30101500000000003,9.399849,5.814012
135000,a9P876+Ln/IyFg6fd6f8UAE9kwgnCwJXbxg7phdAo9Rm5qF66yB8ZZhF9nDbOtKM,2.834742,9.343805,6.301593
135300,a9P876+Ln/IyFg6fd6f8UAE9kwgnCwJXbxg7phdAo9Rm5qF66yB8ZZhF9nDbOtKM,0.319587,9.777425,5.804215
135600,a9P876+Ln/IyFg6fd6f8UAE9kwgnCwJXbxg7phdAo9Rm5qF66yB8ZZhF9nDbOtKM,3.488181,9.292971000000001,6.43466
135900,a9P876+Ln/IyFg6fd6f8UAE9kwgnCwJXbxg7phdAo9Rm5qF66yB8ZZhF9nDbOtKM,0.396027,11.409009,5.689967
136200,a9P876+Ln/IyFg6fd6f8UAE9kwgnCwJXbxg7phdAo9Rm5qF66yB8ZZhF9nDbOtKM,0.358218,10.957386,6.247259
136500,a9P876+Ln/IyFg6fd6f8UAE9kwgnCwJXbxg7phdAo9Rm5qF66yB8ZZhF9nDbOtKM,3.3921900000000003,9.194378,6.46206
136800,a9P876+Ln/IyFg6fd6f8UAE9kwgnCwJXbxg7phdAo9Rm5qF66yB8ZZhF9nDbOtKM,0.299124,9.30333,5.644124
137100,a9P876+Ln/IyFg6fd6f8UAE9kwgnCwJXbxg7phdAo9Rm5qF66yB8ZZhF9nDbOtKM,3.4596489999999998,64.645057,12.322111999999999
137400,a9P876+Ln/IyFg6fd6f8UAE9kwgnCwJXbxg7phdAo9Rm5qF66yB8ZZhF9nDbOtKM,4.074041,60.492063,11.032867999999999
137700,a9P876+Ln/IyFg6fd6f8UAE9kwgnCwJXbxg7phdAo9Rm5qF66yB8ZZhF9nDbOtKM,2.041394,11.416853999999999,6.911515
138000,a9P876+Ln/IyFg6fd6f8UAE9kwgnCwJXbxg7phdAo9Rm5qF66yB8ZZhF9nDbOtKM,2.216253,10.784664,6.4737860000000005
138300,a9P876+Ln/IyFg6fd6f8UAE9kwgnCwJXbxg7phdAo9Rm5qF66yB8ZZhF9nDbOtKM,4.240093,8.795860000000001,6.608561
138600,a9P876+Ln/IyFg6fd6f8UAE9kwgnCwJXbxg7phdAo9Rm5qF66yB8ZZhF9nDbOtKM,0.456668,10.235432000000001,6.219104
138900,a9P876+Ln/IyFg6fd6f8UAE9kwgnCwJXbxg7phdAo9Rm5qF66yB8ZZhF9nDbOtKM,0.5618569999999999,10.006956,6.165853
139200,a9P876+Ln/IyFg6fd6f8UAE9kwgnCwJXbxg7phdAo9Rm5qF66yB8ZZhF9nDbOtKM,3.525642,8.405038000000001,6.645497
139500,a9P876+Ln/IyFg6fd6f8UAE9kwgnCwJXbxg7phdAo9Rm5qF66yB8ZZhF9nDbOtKM,0.6947989999999999,10.204550999999999,6.194022
139800,a9P876+Ln/IyFg6fd6f8UAE9kwgnCwJXbxg7phdAo9Rm5qF66yB8ZZhF9nDbOtKM,3.5670309999999996,12.33804,7.029818
140100,a9P876+Ln/IyFg6fd6f8UAE9kwgnCwJXbxg7phdAo9Rm5qF66yB8ZZhF9nDbOtKM,3.968058,14.056589,6.804111
140400,a9P876+Ln/IyFg6fd6f8UAE9kwgnCwJXbxg7phdAo9Rm5qF66yB8ZZhF9nDbOtKM,3.5766379999999995,9.931763,6.725467999999999
140700,a9P876+Ln/IyFg6fd6f8UAE9kwgnCwJXbxg7phdAo9Rm5qF66yB8ZZhF9nDbOtKM,0.457955,11.554857,6.380955999999999
141000,a9P876+Ln/IyFg6fd6f8UAE9kwgnCwJXbxg7phdAo9Rm5qF66yB8ZZhF9nDbOtKM,2.785607,11.224279,6.833188000000001
141300,a9P876+Ln/IyFg6fd6f8UAE9kwgnCwJXbxg7phdAo9Rm5qF66yB8ZZhF9nDbOtKM,1.8812200000000001,11.39723,6.5157940000000005
141600,a9P876+Ln/IyFg6fd6f8UAE9kwgnCwJXbxg7phdAo9Rm5qF66yB8ZZhF9nDbOtKM,0.774648,11.698891,6.155028
141900,a9P876+Ln/IyFg6fd6f8UAE9kwgnCwJXbxg7phdAo9Rm5qF66yB8ZZhF9nDbOtKM,2.094494,11.435129,6.823107
142200,a9P876+Ln/IyFg6fd6f8UAE9kwgnCwJXbxg7phdAo9Rm5qF66yB8ZZhF9nDbOtKM,0.8656940000000001,10.509439,6.34665
142500,a9P876+Ln/IyFg6fd6f8UAE9kwgnCwJXbxg7phdAo9Rm5qF66yB8ZZhF9nDbOtKM,1.934968,10.340277,6.667153
142800,a9P876+Ln/IyFg6fd6f8UAE9kwgnCwJXbxg7phdAo9Rm5qF66yB8ZZhF9nDbOtKM,0.43981800000000004,11.450436999999999,6.340349
143100,a9P876+Ln/IyFg6fd6f8UAE9kwgnCwJXbxg7phdAo9Rm5qF66yB8ZZhF9nDbOtKM,4.112824,10.497767,6.951873
143400,a9P876+Ln/IyFg6fd6f8UAE9kwgnCwJXbxg7phdAo9Rm5qF66yB8ZZhF9nDbOtKM,3.3360730000000003,15.708741,7.168791000000001
143700,a9P876+Ln/IyFg6fd6f8UAE9kwgnCwJXbxg7phdAo9Rm5qF66yB8ZZhF9nDbOtKM,2.451252,10.984853999999999,6.755178
144000,a9P876+Ln/IyFg6fd6f8UAE9kwgnCwJXbxg7phdAo9Rm5qF66yB8ZZhF9nDbOtKM,2.473747,11.104455999999999,6.397539
144300,a9P876+Ln/IyFg6fd6f8UAE9kwgnCwJXbxg7phdAo9Rm5qF66yB8ZZhF9nDbOtKM,0.570244,11.346860000000001,6.536205000000001
144600,a9P876+Ln/IyFg6fd6f8UAE9kwgnCwJXbxg7phdAo9Rm5qF66yB8ZZhF9nDbOtKM,3.217093,10.639733999999999,6.660361999999999
144900,a9P876+Ln/IyFg6fd6f8UAE9kwgnCwJXbxg7phdAo9Rm5qF66yB8ZZhF9nDbOtKM,0.35775300000000004,10.541999,6.5099849999999995
145200,a9P876+Ln/IyFg6fd6f8UAE9kwgnCwJXbxg7phdAo9Rm5qF66yB8ZZhF9nDbOtKM,2.530882,11.010994,6.844702000000001
145500,a9P876+Ln/IyFg6fd6f8UAE9kwgnCwJXbxg7phdAo9Rm5qF66yB8ZZhF9nDbOtKM,0.321907,10.899608,6.058056
145800,a9P876+Ln/IyFg6fd6f8UAE9kwgnCwJXbxg7phdAo9Rm5qF66yB8ZZhF9nDbOtKM,4.017307,10.049074000000001,6.924682000000001
146100,a9P876+Ln/IyFg6fd6f8UAE9kwgnCwJXbxg7phdAo9Rm5qF66yB8ZZhF9nDbOtKM,0.576508,11.410074,6.175013
146400,a9P876+Ln/IyFg6fd6f8UAE9kwgnCwJXbxg7phdAo9Rm5qF66yB8ZZhF9nDbOtKM,2.836496,10.848775,6.784188
146700,a9P876+Ln/IyFg6fd6f8UAE9kwgnCwJXbxg7phdAo9Rm5qF66yB8ZZhF9nDbOtKM,2.288082,39.735147,9.985247
147000,a9P876+Ln/IyFg6fd6f8UAE9kwgnCwJXbxg7phdAo9Rm5qF66yB8ZZhF9nDbOtKM,2.901248,11.007876,6.952379
147300,a9P876+Ln/IyFg6fd6f8UAE9kwgnCwJXbxg7phdAo9Rm5qF66yB8ZZhF9nDbOtKM,3.250882,9.786408,6.617017
147600,a9P876+Ln/IyFg6fd6f8UAE9kwgnCwJXbxg7phdAo9Rm5qF66yB8ZZhF9nDbOtKM,0.329086,10.227518,6.290564
147900,a9P876+Ln/IyFg6fd6f8UAE9kwgnCwJXbxg7phdAo9Rm5qF66yB8ZZhF9nDbOtKM,4.010268,39.656422,9.933105
148200,a9P876+Ln/IyFg6fd6f8UAE9kwgnCwJXbxg7phdAo9Rm5qF66yB8ZZhF9nDbOtKM,0.608129,11.370864,6.4193
148500,a9P876+Ln/IyFg6fd6f8UAE9kwgnCwJXbxg7phdAo9Rm5qF66yB8ZZhF9nDbOtKM,3.152841,15.075407,7.167191000000001
148800,a9P876+Ln/IyFg6fd6f8UAE9kwgnCwJXbxg7phdAo9Rm5qF66yB8ZZhF9nDbOtKM,0.492034,10.9832,6.082023
149100,a9P876+Ln/IyFg6fd6f8UAE9kwgnCwJXbxg7phdAo9Rm5qF66yB8ZZhF9nDbOtKM,1.932598,12.029879,6.922502000000001
149400,a9P876+Ln/IyFg6fd6f8UAE9kwgnCwJXbxg7phdAo9Rm5qF66yB8ZZhF9nDbOtKM,0.135421,61.94965500000001,8.615979
149700,a9P876+Ln/IyFg6fd6f8UAE9kwgnCwJXbxg7phdAo9Rm5qF66yB8ZZhF9nDbOtKM,0.497856,53.585012,9.359607
150000,a9P876+Ln/IyFg6fd6f8UAE9kwgnCwJXbxg7phdAo9Rm5qF66yB8ZZhF9nDbOtKM,0.5573100000000001,1.7745380000000002,0.8818280000000001
150300,a9P876+Ln/IyFg6fd6f8UAE9kwgnCwJXbxg7phdAo9Rm5qF66yB8ZZhF9nDbOtKM,0.5302,1.267085,0.792473
150600,a9P876+Ln/IyFg6fd6f8UAE9kwgnCwJXbxg7phdAo9Rm5qF66yB8ZZhF9nDbOtKM,0.518712,6.783577999999999,1.589488
150900,a9P876+Ln/IyFg6fd6f8UAE9kwgnCwJXbxg7phdAo9Rm5qF66yB8ZZhF9nDbOtKM,0.4829,1.5178209999999999,0.8153520000000001
151200,a9P876+Ln/IyFg6fd6f8UAE9kwgnCwJXbxg7phdAo9Rm5qF66yB8ZZhF9nDbOtKM,0.48970699999999995,2.226651,0.8094439999999999
151500,a9P876+Ln/IyFg6fd6f8UAE9kwgnCwJXbxg7phdAo9Rm5qF66yB8ZZhF9nDbOtKM,0.47051000000000004,1.360385,0.7228760000000001
151800,a9P876+Ln/IyFg6fd6f8UAE9kwgnCwJXbxg7phdAo9Rm5qF66yB8ZZhF9nDbOtKM,0.494295,2.125155,0.818206
152100,a9P876+Ln/IyFg6fd6f8UAE9kwgnCwJXbxg7phdAo9Rm5qF66yB8ZZhF9nDbOtKM,0.56977,1.3223799999999999,0.796204
152400,a9P876+Ln/IyFg6fd6f8UAE9kwgnCwJXbxg7phdAo9Rm5qF66yB8ZZhF9nDbOtKM,0.27534899999999995,2.062708,0.7605770000000001
152700,a9P876+Ln/IyFg6fd6f8UAE9kwgnCwJXbxg7phdAo9Rm5qF66yB8ZZhF9nDbOtKM,0.521199,1.6995900000000002,0.797884
153000,a9P876+Ln/IyFg6fd6f8UAE9kwgnCwJXbxg7phdAo9Rm5qF66yB8ZZhF9nDbOtKM,0.532918,4.939819,1.043739
153300,a9P876+Ln/IyFg6fd6f8UAE9kwgnCwJXbxg7phdAo9Rm5qF66yB8ZZhF9nDbOtKM,0.501368,31.556122,4.888686
153600,a9P876+Ln/IyFg6fd6f8UAE9kwgnCwJXbxg7phdAo9Rm5qF66yB8ZZhF9nDbOtKM,0.427779,1.629532,0.852658
153900,a9P876+Ln/IyFg6fd6f8UAE9kwgnCwJXbxg7phdAo9Rm5qF66yB8ZZhF9nDbOtKM,0.550932,1.33828,0.804925
154200,a9P876+Ln/IyFg6fd6f8UAE9kwgnCwJXbxg7phdAo9Rm5qF66yB8ZZhF9nDbOtKM,0.5080100000000001,4.267976999999999,1.1384940000000001
154500,a9P876+Ln/IyFg6fd6f8UAE9kwgnCwJXbxg7phdAo9Rm5qF66yB8ZZhF9nDbOtKM,0.5382399999999999,1.358296,0.802399
154800,a9P876+Ln/IyFg6fd6f8UAE9kwgnCwJXbxg7phdAo9Rm5qF66yB8ZZhF9nDbOtKM,0.35089699999999996,2.641131,0.8605790000000001
155100,a9P876+Ln/IyFg6fd6f8UAE9kwgnCwJXbxg7phdAo9Rm5qF66yB8ZZhF9nDbOtKM,0.522256,1.509889,0.827382
155400,a9P876+Ln/IyFg6fd6f8UAE9kwgnCwJXbxg7phdAo9Rm5qF66yB8ZZhF9nDbOtKM,0.518079,2.232765,0.8718870000000001
155700,a9P876+Ln/IyFg6fd6f8UAE9kwgnCwJXbxg7phdAo9Rm5qF66yB8ZZhF9nDbOtKM,0.31444,1.3648930000000001,0.801502
156000,a9P876+Ln/IyFg6fd6f8UAE9kwgnCwJXbxg7phdAo9Rm5qF66yB8ZZhF9nDbOtKM,0.550512,2.196287,0.823216
156300,a9P876+Ln/IyFg6fd6f8UAE9kwgnCwJXbxg7phdAo9Rm5qF66yB8ZZhF9nDbOtKM,0.27586,1.478869,0.80995
156600,a9P876+Ln/IyFg6fd6f8UAE9kwgnCwJXbxg7phdAo9Rm5qF66yB8ZZhF9nDbOtKM,0.54005,3.159289,0.9078930000000001
156900,a9P876+Ln/IyFg6fd6f8UAE9kwgnCwJXbxg7phdAo9Rm5qF66yB8ZZhF9nDbOtKM,0.384757,1.523603,0.768487
157200,a9P876+Ln/IyFg6fd6f8UAE9kwgnCwJXbxg7phdAo9Rm5qF66yB8ZZhF9nDbOtKM,0.5234850000000001,66.413521,8.696139
157500,a9P876+Ln/IyFg6fd6f8UAE9kwgnCwJXbxg7phdAo9Rm5qF66yB8ZZhF9nDbOtKM,0.447716,45.995884999999994,5.309158
157800,a9P876+Ln/IyFg6fd6f8UAE9kwgnCwJXbxg7phdAo9Rm5qF66yB8ZZhF9nDbOtKM,0.576024,2.953784,1.246176
158100,a9P876+Ln/IyFg6fd6f8UAE9kwgnCwJXbxg7phdAo9Rm5qF66yB8ZZhF9nDbOtKM,0.5188699999999999,1.054584,0.72132
158400,a9P876+Ln/IyFg6fd6f8UAE9kwgnCwJXbxg7phdAo9Rm5qF66yB8ZZhF9nDbOtKM,0.505363,2.256528,0.940409
158700,a9P876+Ln/IyFg6fd6f8UAE9kwgnCwJXbxg7phdAo9Rm5qF66yB8ZZhF9nDbOtKM,0.529795,1.51719,0.741891
159000,a9P876+Ln/IyFg6fd6f8UAE9kwgnCwJXbxg7phdAo9Rm5qF66yB8ZZhF9nDbOtKM,0.542776,2.476566,0.8508610000000001
159300,a9P876+Ln/IyFg6fd6f8UAE9kwgnCwJXbxg7phdAo9Rm5qF66yB8ZZhF9nDbOtKM,0.506883,1.204524,0.738957
159600,a9P876+Ln/IyFg6fd6f8UAE9kwgnCwJXbxg7phdAo9Rm5qF66yB8ZZhF9nDbOtKM,0.5242680000000001,1.634588,0.872921
159900,a9P876+Ln/IyFg6fd6f8UAE9kwgnCwJXbxg7phdAo9Rm5qF66yB8ZZhF9nDbOtKM,0.497355,1.124727,0.72243
160200,a9P876+Ln/IyFg6fd6f8UAE9kwgnCwJXbxg7phdAo9Rm5qF66yB8ZZhF9nDbOtKM,0.46956499999999995,1.8538169999999998,0.826615
160500,a9P876+Ln/IyFg6fd6f8UAE9kwgnCwJXbxg7phdAo9Rm5qF66yB8ZZhF9nDbOtKM,0.239846,1.414865,0.728591
160800,a9P876+Ln/IyFg6fd6f8UAE9kwgnCwJXbxg7phdAo9Rm5qF66yB8ZZhF9nDbOtKM,0.511653,2.54195,0.927616
161100,a9P876+Ln/IyFg6fd6f8UAE9kwgnCwJXbxg7phdAo9Rm5qF66yB8ZZhF9nDbOtKM,0.294454,5.330025,1.205667
161400,a9P876+Ln/IyFg6fd6f8UAE9kwgnCwJXbxg7phdAo9Rm5qF66yB8ZZhF9nDbOtKM,0.500996,3.896003,1.178343
161700,a9P876+Ln/IyFg6fd6f8UAE9kwgnCwJXbxg7phdAo9Rm5qF66yB8ZZhF9nDbOtKM,0.482421,1.202027,0.744685
162000,a9P876+Ln/IyFg6fd6f8UAE9kwgnCwJXbxg7phdAo9Rm5qF66yB8ZZhF9nDbOtKM,0.504147,2.006326,0.8483069999999999
162300,a9P876+Ln/IyFg6fd6f8UAE9kwgnCwJXbxg7phdAo9Rm5qF66yB8ZZhF9nDbOtKM,0.25748499999999996,1.520685,0.752607
162600,a9P876+Ln/IyFg6fd6f8UAE9kwgnCwJXbxg7phdAo9Rm5qF66yB8ZZhF9nDbOtKM,0.527505,2.3631349999999998,0.82055
162900,a9P876+Ln/IyFg6fd6f8UAE9kwgnCwJXbxg7phdAo9Rm5qF66yB8ZZhF9nDbOtKM,0.22764299999999998,1.273324,0.747267
163200,a9P876+Ln/IyFg6fd6f8UAE9kwgnCwJXbxg7phdAo9Rm5qF66yB8ZZhF9nDbOtKM,0.503704,2.023317,0.845498
163500,a9P876+Ln/IyFg6fd6f8UAE9kwgnCwJXbxg7phdAo9Rm5qF66yB8ZZhF9nDbOtKM,0.49640500000000004,1.157145,0.746424
163800,a9P876+Ln/IyFg6fd6f8UAE9kwgnCwJXbxg7phdAo9Rm5qF66yB8ZZhF9nDbOtKM,0.5348,2.450514,0.976416
164100,a9P876+Ln/IyFg6fd6f8UAE9kwgnCwJXbxg7phdAo9Rm5qF66yB8ZZhF9nDbOtKM,0.530428,1.2985520000000002,0.747929
164400,a9P876+Ln/IyFg6fd6f8UAE9kwgnCwJXbxg7phdAo9Rm5qF66yB8ZZhF9nDbOtKM,0.5410159999999999,2.269453,0.8860319999999999
164700,a9P876+Ln/IyFg6fd6f8UAE9kwgnCwJXbxg7phdAo9Rm5qF66yB8ZZhF9nDbOtKM,0.5156350000000001,1.1923190000000001,0.821047
165000,a9P876+Ln/IyFg6fd6f8UAE9kwgnCwJXbxg7phdAo9Rm5qF66yB8ZZhF9nDbOtKM,0.474297,4.0948519999999995,1.140593
165300,a9P876+Ln/IyFg6fd6f8UAE9kwgnCwJXbxg7phdAo9Rm5qF66yB8ZZhF9nDbOtKM,0.523979,1.154152,0.720737
165600,a9P876+Ln/IyFg6fd6f8UAE9kwgnCwJXbxg7phdAo9Rm5qF66yB8ZZhF9nDbOtKM,0.507666,1.820866,0.860655
165900,a9P876+Ln/IyFg6fd6f8UAE9kwgnCwJXbxg7phdAo9Rm5qF66yB8ZZhF9nDbOtKM,0.386181,1.462754,0.7645770000000001
166200,a9P876+Ln/IyFg6fd6f8UAE9kwgnCwJXbxg7phdAo9Rm5qF66yB8ZZhF9nDbOtKM,0.556789,47.969916999999995,8.621777999999999
166500,a9P876+Ln/IyFg6fd6f8UAE9kwgnCwJXbxg7phdAo9Rm5qF66yB8ZZhF9nDbOtKM,0.430088,93.62866,28.010912
166800,a9P876+Ln/IyFg6fd6f8UAE9kwgnCwJXbxg7phdAo9Rm5qF66yB8ZZhF9nDbOtKM,86.03246899999999,94.101141,91.245465
167100,a9P876+Ln/IyFg6fd6f8UAE9kwgnCwJXbxg7phdAo9Rm5qF66yB8ZZhF9nDbOtKM,59.712523,93.586238,85.882984
167400,a9P876+Ln/IyFg6fd6f8UAE9kwgnCwJXbxg7phdAo9Rm5qF66yB8ZZhF9nDbOtKM,1.560322,93.095789,60.478857999999995
167700,a9P876+Ln/IyFg6fd6f8UAE9kwgnCwJXbxg7phdAo9Rm5qF66yB8ZZhF9nDbOtKM,0.462537,51.477678999999995,10.540136
168000,a9P876+Ln/IyFg6fd6f8UAE9kwgnCwJXbxg7phdAo9Rm5qF66yB8ZZhF9nDbOtKM,0.5236529999999999,45.564384999999994,5.196557
168300,a9P876+Ln/IyFg6fd6f8UAE9kwgnCwJXbxg7phdAo9Rm5qF66yB8ZZhF9nDbOtKM,0.419642,1.894484,0.80277
168600,a9P876+Ln/IyFg6fd6f8UAE9kwgnCwJXbxg7phdAo9Rm5qF66yB8ZZhF9nDbOtKM,0.45828100000000005,5.28976,1.092737
168900,a9P876+Ln/IyFg6fd6f8UAE9kwgnCwJXbxg7phdAo9Rm5qF66yB8ZZhF9nDbOtKM,0.542482,1.906497,0.895265
169200,a9P876+Ln/IyFg6fd6f8UAE9kwgnCwJXbxg7phdAo9Rm5qF66yB8ZZhF9nDbOtKM,0.314786,1.051305,0.7267279999999999
169500,a9P876+Ln/IyFg6fd6f8UAE9kwgnCwJXbxg7phdAo9Rm5qF66yB8ZZhF9nDbOtKM,0.500233,51.001106,8.635185
169800,a9P876+Ln/IyFg6fd6f8UAE9kwgnCwJXbxg7phdAo9Rm5qF66yB8ZZhF9nDbOtKM,0.5587810000000001,32.126098,4.999713
170100,a9P876+Ln/IyFg6fd6f8UAE9kwgnCwJXbxg7phdAo9Rm5qF66yB8ZZhF9nDbOtKM,0.565235,2.2546779999999997,1.054283
170400,a9P876+Ln/IyFg6fd6f8UAE9kwgnCwJXbxg7phdAo9Rm5qF66yB8ZZhF9nDbOtKM,0.301525,1.027088,0.678225
170700,a9P876+Ln/IyFg6fd6f8UAE9kwgnCwJXbxg7phdAo9Rm5qF66yB8ZZhF9nDbOtKM,0.573802,2.2642290000000003,0.848153
171000,a9P876+Ln/IyFg6fd6f8UAE9kwgnCwJXbxg7phdAo9Rm5qF66yB8ZZhF9nDbOtKM,0.533557,4.216717,0.971952
171300,a9P876+Ln/IyFg6fd6f8UAE9kwgnCwJXbxg7phdAo9Rm5qF66yB8ZZhF9nDbOtKM,0.508927,2.174984,0.820629
171600,a9P876+Ln/IyFg6fd6f8UAE9kwgnCwJXbxg7phdAo9Rm5qF66yB8ZZhF9nDbOtKM,0.5246390000000001,1.205838,0.716138
171900,a9P876+Ln/IyFg6fd6f8UAE9kwgnCwJXbxg7phdAo9Rm5qF66yB8ZZhF9nDbOtKM,0.48336,4.278487999999999,1.167404
172200,a9P876+Ln/IyFg6fd6f8UAE9kwgnCwJXbxg7phdAo9Rm5qF66yB8ZZhF9nDbOtKM,0.5500970000000001,4.192653,1.013323
172500,a9P876+Ln/IyFg6fd6f8UAE9kwgnCwJXbxg7phdAo9Rm5qF66yB8ZZhF9nDbOtKM,0.544603,7.200724,1.466813
172800,a9P876+Ln/IyFg6fd6f8UAE9kwgnCwJXbxg7phdAo9Rm5qF66yB8ZZhF9nDbOtKM,0.566299,1.459949,0.748229
173100,a9P876+Ln/IyFg6fd6f8UAE9kwgnCwJXbxg7phdAo9Rm5qF66yB8ZZhF9nDbOtKM,0.561887,34.40865,3.262082
173400,a9P876+Ln/IyFg6fd6f8UAE9kwgnCwJXbxg7phdAo9Rm5qF66yB8ZZhF9nDbOtKM,0.564783,8.727632,1.555834
173700,a9P876+Ln/IyFg6fd6f8UAE9kwgnCwJXbxg7phdAo9Rm5qF66yB8ZZhF9nDbOtKM,0.566422,14.043913,1.8187810000000002
174000,a9P876+Ln/IyFg6fd6f8UAE9kwgnCwJXbxg7phdAo9Rm5qF66yB8ZZhF9nDbOtKM,0.554189,7.769564999999999,1.301776
174300,a9P876+Ln/IyFg6fd6f8UAE9kwgnCwJXbxg7phdAo9Rm5qF66yB8ZZhF9nDbOtKM,0.618073,1.8564740000000002,0.8807389999999999
174600,a9P876+Ln/IyFg6fd6f8UAE9kwgnCwJXbxg7phdAo9Rm5qF66yB8ZZhF9nDbOtKM,0.44469200000000003,1.499051,0.7797649999999999
174900,a9P876+Ln/IyFg6fd6f8UAE9kwgnCwJXbxg7phdAo9Rm5qF66yB8ZZhF9nDbOtKM,0.5465899999999999,2.306269,0.834362
175200,a9P876+Ln/IyFg6fd6f8UAE9kwgnCwJXbxg7phdAo9Rm5qF66yB8ZZhF9nDbOtKM,0.53966,7.216908,1.324409
175500,a9P876+Ln/IyFg6fd6f8UAE9kwgnCwJXbxg7phdAo9Rm5qF66yB8ZZhF9nDbOtKM,0.528169,2.071175,0.881574
175800,a9P876+Ln/IyFg6fd6f8UAE9kwgnCwJXbxg7phdAo9Rm5qF66yB8ZZhF9nDbOtKM,0.259228,4.570398,1.012038
176100,a9P876+Ln/IyFg6fd6f8UAE9kwgnCwJXbxg7phdAo9Rm5qF66yB8ZZhF9nDbOtKM,0.577572,1.589338,0.8674229999999999
176400,a9P876+Ln/IyFg6fd6f8UAE9kwgnCwJXbxg7phdAo9Rm5qF66yB8ZZhF9nDbOtKM,0.5223369999999999,7.879448,1.341226
176700,a9P876+Ln/IyFg6fd6f8UAE9kwgnCwJXbxg7phdAo9Rm5qF66yB8ZZhF9nDbOtKM,0.384469,2.555427,0.886249
177000,a9P876+Ln/IyFg6fd6f8UAE9kwgnCwJXbxg7phdAo9Rm5qF66yB8ZZhF9nDbOtKM,0.568566,1.429117,0.825139
177300,a9P876+Ln/IyFg6fd6f8UAE9kwgnCwJXbxg7phdAo9Rm5qF66yB8ZZhF9nDbOtKM,0.529961,10.4121,1.54708
177600,a9P876+Ln/IyFg6fd6f8UAE9kwgnCwJXbxg7phdAo9Rm5qF66yB8ZZhF9nDbOtKM,0.485411,1.142793,0.7307680000000001
177900,a9P876+Ln/IyFg6fd6f8UAE9kwgnCwJXbxg7phdAo9Rm5qF66yB8ZZhF9nDbOtKM,0.252629,2.125213,0.8493809999999999
178200,a9P876+Ln/IyFg6fd6f8UAE9kwgnCwJXbxg7phdAo9Rm5qF66yB8ZZhF9nDbOtKM,0.577707,1.56479,0.775725
178500,a9P876+Ln/IyFg6fd6f8UAE9kwgnCwJXbxg7phdAo9Rm5qF66yB8ZZhF9nDbOtKM,0.533563,19.822467,2.7926040000000003
178800,a9P876+Ln/IyFg6fd6f8UAE9kwgnCwJXbxg7phdAo9Rm5qF66yB8ZZhF9nDbOtKM,0.511998,1.156965,0.730513
179100,a9P876+Ln/IyFg6fd6f8UAE9kwgnCwJXbxg7phdAo9Rm5qF66yB8ZZhF9nDbOtKM,0.330275,1.8875950000000001,0.825463
179400,a9P876+Ln/IyFg6fd6f8UAE9kwgnCwJXbxg7phdAo9Rm5qF66yB8ZZhF9nDbOtKM,0.535702,6.1719,1.512816
179700,a9P876+Ln/IyFg6fd6f8UAE9kwgnCwJXbxg7phdAo9Rm5qF66yB8ZZhF9nDbOtKM,0.535837,1.73291,0.821319
180000,a9P876+Ln/IyFg6fd6f8UAE9kwgnCwJXbxg7phdAo9Rm5qF66yB8ZZhF9nDbOtKM,0.37380599999999997,1.3765020000000001,0.746001
180300,a9P876+Ln/IyFg6fd6f8UAE9kwgnCwJXbxg7phdAo9Rm5qF66yB8ZZhF9nDbOtKM,0.552149,2.629356,0.9013549999999999
180600,a9P876+Ln/IyFg6fd6f8UAE9kwgnCwJXbxg7phdAo9Rm5qF66yB8ZZhF9nDbOtKM,0.615505,84.951975,11.590397
180900,a9P876+Ln/IyFg6fd6f8UAE9kwgnCwJXbxg7phdAo9Rm5qF66yB8ZZhF9nDbOtKM,0.506552,2.151316,0.9451139999999999
181200,a9P876+Ln/IyFg6fd6f8UAE9kwgnCwJXbxg7phdAo9Rm5qF66yB8ZZhF9nDbOtKM,0.5685100000000001,1.265559,0.805593
181500,a9P876+Ln/IyFg6fd6f8UAE9kwgnCwJXbxg7phdAo9Rm5qF66yB8ZZhF9nDbOtKM,0.568419,1.8343939999999999,0.914568
181800,a9P876+Ln/IyFg6fd6f8UAE9kwgnCwJXbxg7phdAo9Rm5qF66yB8ZZhF9nDbOtKM,0.589982,6.000254,1.279814
182100,a9P876+Ln/IyFg6fd6f8UAE9kwgnCwJXbxg7phdAo9Rm5qF66yB8ZZhF9nDbOtKM,0.583025,2.341428,0.850792
182400,a9P876+Ln/IyFg6fd6f8UAE9kwgnCwJXbxg7phdAo9Rm5qF66yB8ZZhF9nDbOtKM,0.504274,1.282174,0.793629
182700,a9P876+Ln/IyFg6fd6f8UAE9kwgnCwJXbxg7phdAo9Rm5qF66yB8ZZhF9nDbOtKM,0.581486,6.0302,1.356851
183000,a9P876+Ln/IyFg6fd6f8UAE9kwgnCwJXbxg7phdAo9Rm5qF66yB8ZZhF9nDbOtKM,0.580214,5.496936,1.0547819999999999
183300,a9P876+Ln/IyFg6fd6f8UAE9kwgnCwJXbxg7phdAo9Rm5qF66yB8ZZhF9nDbOtKM,0.549948,1.591808,0.8589120000000001
183600,a9P876+Ln/IyFg6fd6f8UAE9kwgnCwJXbxg7phdAo9Rm5qF66yB8ZZhF9nDbOtKM,0.570615,1.372673,0.799118
183900,a9P876+Ln/IyFg6fd6f8UAE9kwgnCwJXbxg7phdAo9Rm5qF66yB8ZZhF9nDbOtKM,0.507163,14.31235,1.915434
184200,a9P876+Ln/IyFg6fd6f8UAE9kwgnCwJXbxg7phdAo9Rm5qF66yB8ZZhF9nDbOtKM,0.6246229999999999,1.225734,0.8431040000000001
184500,a9P876+Ln/IyFg6fd6f8UAE9kwgnCwJXbxg7phdAo9Rm5qF66yB8ZZhF9nDbOtKM,0.5929449999999999,1.8944419999999997,0.947276
184800,a9P876+Ln/IyFg6fd6f8UAE9kwgnCwJXbxg7phdAo9Rm5qF66yB8ZZhF9nDbOtKM,0.576033,5.65559,1.250505
185100,a9P876+Ln/IyFg6fd6f8UAE9kwgnCwJXbxg7phdAo9Rm5qF66yB8ZZhF9nDbOtKM,0.612172,1.9695669999999998,0.898698
185400,a9P876+Ln/IyFg6fd6f8UAE9kwgnCwJXbxg7phdAo9Rm5qF66yB8ZZhF9nDbOtKM,0.250157,1.303741,0.7414069999999999
185700,a9P876+Ln/IyFg6fd6f8UAE9kwgnCwJXbxg7phdAo9Rm5qF66yB8ZZhF9nDbOtKM,0.514597,2.1338790000000003,0.85256
186000,a9P876+Ln/IyFg6fd6f8UAE9kwgnCwJXbxg7phdAo9Rm5qF66yB8ZZhF9nDbOtKM,0.583066,6.162673000000001,1.2927469999999999
186300,a9P876+Ln/IyFg6fd6f8UAE9kwgnCwJXbxg7phdAo9Rm5qF66yB8ZZhF9nDbOtKM,0.602982,1.7089759999999998,0.8715719999999999
186600,a9P876+Ln/IyFg6fd6f8UAE9kwgnCwJXbxg7phdAo9Rm5qF66yB8ZZhF9nDbOtKM,0.617242,5.849442,1.0934110000000001
186900,a9P876+Ln/IyFg6fd6f8UAE9kwgnCwJXbxg7phdAo9Rm5qF66yB8ZZhF9nDbOtKM,0.629096,2.043751,0.894919
187200,a9P876+Ln/IyFg6fd6f8UAE9kwgnCwJXbxg7phdAo9Rm5qF66yB8ZZhF9nDbOtKM,0.592815,6.243894999999999,1.326091
187500,a9P876+Ln/IyFg6fd6f8UAE9kwgnCwJXbxg7phdAo9Rm5qF66yB8ZZhF9nDbOtKM,0.371541,3.1956729999999998,0.884992
187800,a9P876+Ln/IyFg6fd6f8UAE9kwgnCwJXbxg7phdAo9Rm5qF66yB8ZZhF9nDbOtKM,0.575537,1.256033,0.843111
188100,a9P876+Ln/IyFg6fd6f8UAE9kwgnCwJXbxg7phdAo9Rm5qF66yB8ZZhF9nDbOtKM,0.576719,6.583398,1.411266
188400,a9P876+Ln/IyFg6fd6f8UAE9kwgnCwJXbxg7phdAo9Rm5qF66yB8ZZhF9nDbOtKM,0.575542,1.0107959999999998,0.779312
188700,a9P876+Ln/IyFg6fd6f8UAE9kwgnCwJXbxg7phdAo9Rm5qF66yB8ZZhF9nDbOtKM,0.650674,2.446872,0.998024
189000,a9P876+Ln/IyFg6fd6f8UAE9kwgnCwJXbxg7phdAo9Rm5qF66yB8ZZhF9nDbOtKM,0.565608,1.281515,0.800099
189300,a9P876+Ln/IyFg6fd6f8UAE9kwgnCwJXbxg7phdAo9Rm5qF66yB8ZZhF9nDbOtKM,0.566078,8.178754,1.472847
189600,a9P876+Ln/IyFg6fd6f8UAE9kwgnCwJXbxg7phdAo9Rm5qF66yB8ZZhF9nDbOtKM,0.600052,1.3895520000000001,0.810916
189900,a9P876+Ln/IyFg6fd6f8UAE9kwgnCwJXbxg7phdAo9Rm5qF66yB8ZZhF9nDbOtKM,0.478336,1.8164639999999999,0.9028209999999999
190200,a9P876+Ln/IyFg6fd6f8UAE9kwgnCwJXbxg7phdAo9Rm5qF66yB8ZZhF9nDbOtKM,0.53775,6.376639,1.583955
190500,a9P876+Ln/IyFg6fd6f8UAE9kwgnCwJXbxg7phdAo9Rm5qF66yB8ZZhF9nDbOtKM,0.600722,1.61837,0.8949219999999999
190800,a9P876+Ln/IyFg6fd6f8UAE9kwgnCwJXbxg7phdAo9Rm5qF66yB8ZZhF9nDbOtKM,0.24805500000000003,1.402993,0.782147
191100,a9P876+Ln/IyFg6fd6f8UAE9kwgnCwJXbxg7phdAo9Rm5qF66yB8ZZhF9nDbOtKM,0.6026189999999999,2.411254,0.936881
191400,a9P876+Ln/IyFg6fd6f8UAE9kwgnCwJXbxg7phdAo9Rm5qF66yB8ZZhF9nDbOtKM,0.662804,65.331916,7.49781
191700,a9P876+Ln/IyFg6fd6f8UAE9kwgnCwJXbxg7phdAo9Rm5qF66yB8ZZhF9nDbOtKM,0.592587,2.1860619999999997,0.942243
192000,a9P876+Ln/IyFg6fd6f8UAE9kwgnCwJXbxg7phdAo9Rm5qF66yB8ZZhF9nDbOtKM,0.5705319999999999,1.276125,0.8182510000000001
192300,a9P876+Ln/IyFg6fd6f8UAE9kwgnCwJXbxg7phdAo9Rm5qF66yB8ZZhF9nDbOtKM,0.653976,1.985234,0.979726
192600,a9P876+Ln/IyFg6fd6f8UAE9kwgnCwJXbxg7phdAo9Rm5qF66yB8ZZhF9nDbOtKM,0.506779,6.16995,1.347301
192900,a9P876+Ln/IyFg6fd6f8UAE9kwgnCwJXbxg7phdAo9Rm5qF66yB8ZZhF9nDbOtKM,0.554087,2.153251,0.9156540000000001
193200,a9P876+Ln/IyFg6fd6f8UAE9kwgnCwJXbxg7phdAo9Rm5qF66yB8ZZhF9nDbOtKM,0.6189859999999999,1.484475,0.8550030000000001
193500,a9P876+Ln/IyFg6fd6f8UAE9kwgnCwJXbxg7phdAo9Rm5qF66yB8ZZhF9nDbOtKM,0.605379,5.719796,1.408008
193800,a9P876+Ln/IyFg6fd6f8UAE9kwgnCwJXbxg7phdAo9Rm5qF66yB8ZZhF9nDbOtKM,0.5786279999999999,4.610921,1.092327
194100,a9P876+Ln/IyFg6fd6f8UAE9kwgnCwJXbxg7phdAo9Rm5qF66yB8ZZhF9nDbOtKM,0.334487,1.7360759999999997,0.90575
194400,a9P876+Ln/IyFg6fd6f8UAE9kwgnCwJXbxg7phdAo9Rm5qF66yB8ZZhF9nDbOtKM,0.5337609999999999,1.557283,0.8424309999999999
194700,a9P876+Ln/IyFg6fd6f8UAE9kwgnCwJXbxg7phdAo9Rm5qF66yB8ZZhF9nDbOtKM,0.589746,6.930308,1.429185
195000,a9P876+Ln/IyFg6fd6f8UAE9kwgnCwJXbxg7phdAo9Rm5qF66yB8ZZhF9nDbOtKM,0.6285810000000001,7.554581,1.538086
195300,a9P876+Ln/IyFg6fd6f8UAE9kwgnCwJXbxg7phdAo9Rm5qF66yB8ZZhF9nDbOtKM,0.566978,1.8699270000000001,0.9774510000000001
195600,a9P876+Ln/IyFg6fd6f8UAE9kwgnCwJXbxg7phdAo9Rm5qF66yB8ZZhF9nDbOtKM,0.6748350000000001,6.142059,1.3294139999999999
195900,a9P876+Ln/IyFg6fd6f8UAE9kwgnCwJXbxg7phdAo9Rm5qF66yB8ZZhF9nDbOtKM,0.580477,1.8906580000000002,0.9740969999999999
196200,a9P876+Ln/IyFg6fd6f8UAE9kwgnCwJXbxg7phdAo9Rm5qF66yB8ZZhF9nDbOtKM,0.365691,1.7469689999999998,0.858743
196500,a9P876+Ln/IyFg6fd6f8UAE9kwgnCwJXbxg7phdAo9Rm5qF66yB8ZZhF9nDbOtKM,0.614342,2.434241,0.935773
196800,a9P876+Ln/IyFg6fd6f8UAE9kwgnCwJXbxg7phdAo9Rm5qF66yB8ZZhF9nDbOtKM,0.617386,5.890011,1.356688
197100,a9P876+Ln/IyFg6fd6f8UAE9kwgnCwJXbxg7phdAo9Rm5qF66yB8ZZhF9nDbOtKM,0.610993,2.001318,0.96751
197400,a9P876+Ln/IyFg6fd6f8UAE9kwgnCwJXbxg7phdAo9Rm5qF66yB8ZZhF9nDbOtKM,0.6122449999999999,4.967494,1.2766469999999999
197700,a9P876+Ln/IyFg6fd6f8UAE9kwgnCwJXbxg7phdAo9Rm5qF66yB8ZZhF9nDbOtKM,0.561413,1.949728,0.9360379999999999
198000,a9P876+Ln/IyFg6fd6f8UAE9kwgnCwJXbxg7phdAo9Rm5qF66yB8ZZhF9nDbOtKM,0.593126,6.008166,1.3592819999999999
198300,a9P876+Ln/IyFg6fd6f8UAE9kwgnCwJXbxg7phdAo9Rm5qF66yB8ZZhF9nDbOtKM,0.380828,2.353266,0.949592
198600,a9P876+Ln/IyFg6fd6f8UAE9kwgnCwJXbxg7phdAo9Rm5qF66yB8ZZhF9nDbOtKM,0.632659,7.059189999999999,1.511903
198900,a9P876+Ln/IyFg6fd6f8UAE9kwgnCwJXbxg7phdAo9Rm5qF66yB8ZZhF9nDbOtKM,0.582638,5.0409370000000004,1.28829
199200,a9P876+Ln/IyFg6fd6f8UAE9kwgnCwJXbxg7phdAo9Rm5qF66yB8ZZhF9nDbOtKM,0.631366,1.154943,0.843356
199500,a9P876+Ln/IyFg6fd6f8UAE9kwgnCwJXbxg7phdAo9Rm5qF66yB8ZZhF9nDbOtKM,0.576558,3.508177,1.125306
199800,a9P876+Ln/IyFg6fd6f8UAE9kwgnCwJXbxg7phdAo9Rm5qF66yB8ZZhF9nDbOtKM,0.623364,1.552489,0.929947
200100,a9P876+Ln/IyFg6fd6f8UAE9kwgnCwJXbxg7phdAo9Rm5qF66yB8ZZhF9nDbOtKM,0.606781,7.46398,1.457202
200400,a9P876+Ln/IyFg6fd6f8UAE9kwgnCwJXbxg7phdAo9Rm5qF66yB8ZZhF9nDbOtKM,0.6744600000000001,1.50204,0.923477
200700,a9P876+Ln/IyFg6fd6f8UAE9kwgnCwJXbxg7phdAo9Rm5qF66yB8ZZhF9nDbOtKM,0.576008,1.7727009999999999,0.995828
201000,a9P876+Ln/IyFg6fd6f8UAE9kwgnCwJXbxg7phdAo9Rm5qF66yB8ZZhF9nDbOtKM,0.625003,6.051241,1.6674930000000001
201300,a9P876+Ln/IyFg6fd6f8UAE9kwgnCwJXbxg7phdAo9Rm5qF66yB8ZZhF9nDbOtKM,0.603649,2.073181,0.9808540000000001
201600,a9P876+Ln/IyFg6fd6f8UAE9kwgnCwJXbxg7phdAo9Rm5qF66yB8ZZhF9nDbOtKM,0.508209,1.559022,0.925956
201900,a9P876+Ln/IyFg6fd6f8UAE9kwgnCwJXbxg7phdAo9Rm5qF66yB8ZZhF9nDbOtKM,0.612481,1.7050470000000002,0.9951770000000001
202200,a9P876+Ln/IyFg6fd6f8UAE9kwgnCwJXbxg7phdAo9Rm5qF66yB8ZZhF9nDbOtKM,0.571481,4.949604,1.219074
202500,a9P876+Ln/IyFg6fd6f8UAE9kwgnCwJXbxg7phdAo9Rm5qF66yB8ZZhF9nDbOtKM,0.7422380000000001,1.65355,1.022141
202800,a9P876+Ln/IyFg6fd6f8UAE9kwgnCwJXbxg7phdAo9Rm5qF66yB8ZZhF9nDbOtKM,0.673246,1.672294,0.927003
203100,a9P876+Ln/IyFg6fd6f8UAE9kwgnCwJXbxg7phdAo9Rm5qF66yB8ZZhF9nDbOtKM,0.719919,1.812844,1.0196610000000002
203400,a9P876+Ln/IyFg6fd6f8UAE9kwgnCwJXbxg7phdAo9Rm5qF66yB8ZZhF9nDbOtKM,0.6197600000000001,5.443723,1.361464
203700,a9P876+Ln/IyFg6fd6f8UAE9kwgnCwJXbxg7phdAo9Rm5qF66yB8ZZhF9nDbOtKM,0.633364,1.936649,0.994231
204000,a9P876+Ln/IyFg6fd6f8UAE9kwgnCwJXbxg7phdAo9Rm5qF66yB8ZZhF9nDbOtKM,0.545637,1.431965,0.9075059999999999
204300,a9P876+Ln/IyFg6fd6f8UAE9kwgnCwJXbxg7phdAo9Rm5qF66yB8ZZhF9nDbOtKM,0.45185200000000003,1.507945,0.941788
204600,a9P876+Ln/IyFg6fd6f8UAE9kwgnCwJXbxg7phdAo9Rm5qF66yB8ZZhF9nDbOtKM,0.597362,5.705292,1.185064
204900,a9P876+Ln/IyFg6fd6f8UAE9kwgnCwJXbxg7phdAo9Rm5qF66yB8ZZhF9nDbOtKM,0.616922,1.545623,0.9958809999999999
205200,a9P876+Ln/IyFg6fd6f8UAE9kwgnCwJXbxg7phdAo9Rm5qF66yB8ZZhF9nDbOtKM,0.604238,1.654523,0.9294100000000001
205500,a9P876+Ln/IyFg6fd6f8UAE9kwgnCwJXbxg7phdAo9Rm5qF66yB8ZZhF9nDbOtKM,0.252794,2.101521,0.8143560000000001
205800,a9P876+Ln/IyFg6fd6f8UAE9kwgnCwJXbxg7phdAo9Rm5qF66yB8ZZhF9nDbOtKM,0.409634,36.213265,4.291581
206100,a9P876+Ln/IyFg6fd6f8UAE9kwgnCwJXbxg7phdAo9Rm5qF66yB8ZZhF9nDbOtKM,0.422951,1.5256129999999999,0.876726
206400,a9P876+Ln/IyFg6fd6f8UAE9kwgnCwJXbxg7phdAo9Rm5qF66yB8ZZhF9nDbOtKM,0.6797310000000001,1.477947,0.9436209999999999
206700,a9P876+Ln/IyFg6fd6f8UAE9kwgnCwJXbxg7phdAo9Rm5qF66yB8ZZhF9nDbOtKM,0.449849,1.477971,0.992906
207000,a9P876+Ln/IyFg6fd6f8UAE9kwgnCwJXbxg7phdAo9Rm5qF66yB8ZZhF9nDbOtKM,0.665852,1.684479,0.9213680000000001
207300,a9P876+Ln/IyFg6fd6f8UAE9kwgnCwJXbxg7phdAo9Rm5qF66yB8ZZhF9nDbOtKM,0.61197,1.89769,0.999141
207600,a9P876+Ln/IyFg6fd6f8UAE9kwgnCwJXbxg7phdAo9Rm5qF66yB8ZZhF9nDbOtKM,0.250423,1.2391510000000001,0.854951
207900,a9P876+Ln/IyFg6fd6f8UAE9kwgnCwJXbxg7phdAo9Rm5qF66yB8ZZhF9nDbOtKM,0.6368689999999999,1.490707,1.050527
208200,a9P876+Ln/IyFg6fd6f8UAE9kwgnCwJXbxg7phdAo9Rm5qF66yB8ZZhF9nDbOtKM,0.366789,4.2685699999999995,1.150998
208500,a9P876+Ln/IyFg6fd6f8UAE9kwgnCwJXbxg7phdAo9Rm5qF66yB8ZZhF9nDbOtKM,0.613323,1.679756,1.034132
208800,a9P876+Ln/IyFg6fd6f8UAE9kwgnCwJXbxg7phdAo9Rm5qF66yB8ZZhF9nDbOtKM,0.32609099999999996,1.1662860000000002,0.843384
209100,a9P876+Ln/IyFg6fd6f8UAE9kwgnCwJXbxg7phdAo9Rm5qF66yB8ZZhF9nDbOtKM,0.582145,1.9125279999999998,1.052685
209400,a9P876+Ln/IyFg6fd6f8UAE9kwgnCwJXbxg7phdAo9Rm5qF66yB8ZZhF9nDbOtKM,0.5793590000000001,38.324284999999996,4.520731
209700,a9P876+Ln/IyFg6fd6f8UAE9kwgnCwJXbxg7phdAo9Rm5qF66yB8ZZhF9nDbOtKM,0.506933,3.238496,1.137516
210000,a9P876+Ln/IyFg6fd6f8UAE9kwgnCwJXbxg7phdAo9Rm5qF66yB8ZZhF9nDbOtKM,0.663225,1.204217,0.949918
210300,a9P876+Ln/IyFg6fd6f8UAE9kwgnCwJXbxg7phdAo9Rm5qF66yB8ZZhF9nDbOtKM,0.6260859999999999,1.7535040000000002,1.075436
210600,a9P876+Ln/IyFg6fd6f8UAE9kwgnCwJXbxg7phdAo9Rm5qF66yB8ZZhF9nDbOtKM,0.6641600000000001,1.7201060000000001,0.9889
210900,a9P876+Ln/IyFg6fd6f8UAE9kwgnCwJXbxg7phdAo9Rm5qF66yB8ZZhF9nDbOtKM,0.6017319999999999,1.364295,0.945989
211200,a9P876+Ln/IyFg6fd6f8UAE9kwgnCwJXbxg7phdAo9Rm5qF66yB8ZZhF9nDbOtKM,0.6718810000000001,1.559307,0.9705360000000001
211500,a9P876+Ln/IyFg6fd6f8UAE9kwgnCwJXbxg7phdAo9Rm5qF66yB8ZZhF9nDbOtKM,0.670904,9.394672,1.7731700000000001
211800,a9P876+Ln/IyFg6fd6f8UAE9kwgnCwJXbxg7phdAo9Rm5qF66yB8ZZhF9nDbOtKM,0.6066199999999999,2.7763240000000002,1.226997
212100,a9P876+Ln/IyFg6fd6f8UAE9kwgnCwJXbxg7phdAo9Rm5qF66yB8ZZhF9nDbOtKM,0.629957,13.1302,1.9588130000000001
212400,a9P876+Ln/IyFg6fd6f8UAE9kwgnCwJXbxg7phdAo9Rm5qF66yB8ZZhF9nDbOtKM,0.597785,17.878623,2.146369
212700,a9P876+Ln/IyFg6fd6f8UAE9kwgnCwJXbxg7phdAo9Rm5qF66yB8ZZhF9nDbOtKM,0.618149,1.5553059999999999,1.087217
213000,a9P876+Ln/IyFg6fd6f8UAE9kwgnCwJXbxg7phdAo9Rm5qF66yB8ZZhF9nDbOtKM,0.728468,2.617181,1.171764
213300,a9P876+Ln/IyFg6fd6f8UAE9kwgnCwJXbxg7phdAo9Rm5qF66yB8ZZhF9nDbOtKM,0.645119,2.787251,1.268377
213600,a9P876+Ln/IyFg6fd6f8UAE9kwgnCwJXbxg7phdAo9Rm5qF66yB8ZZhF9nDbOtKM,0.699513,10.429086999999999,2.053077
213900,a9P876+Ln/IyFg6fd6f8UAE9kwgnCwJXbxg7phdAo9Rm5qF66yB8ZZhF9nDbOtKM,0.522346,1.598667,1.088062
214200,a9P876+Ln/IyFg6fd6f8UAE9kwgnCwJXbxg7phdAo9Rm5qF66yB8ZZhF9nDbOtKM,0.512424,1.5979299999999999,0.9259270000000001
214500,a9P876+Ln/IyFg6fd6f8UAE9kwgnCwJXbxg7phdAo9Rm5qF66yB8ZZhF9nDbOtKM,0.748826,1.7216240000000003,1.063879
214800,a9P876+Ln/IyFg6fd6f8UAE9kwgnCwJXbxg7phdAo9Rm5qF66yB8ZZhF9nDbOtKM,0.649562,3.362879,1.2302950000000001
215100,a9P876+Ln/IyFg6fd6f8UAE9kwgnCwJXbxg7phdAo9Rm5qF66yB8ZZhF9nDbOtKM,0.620475,1.8364040000000001,1.06961
215400,a9P876+Ln/IyFg6fd6f8UAE9kwgnCwJXbxg7phdAo9Rm5qF66yB8ZZhF9nDbOtKM,0.671569,4.870613,1.2680799999999999
215700,a9P876+Ln/IyFg6fd6f8UAE9kwgnCwJXbxg7phdAo9Rm5qF66yB8ZZhF9nDbOtKM,0.20545,1.82085,1.029439
216000,a9P876+Ln/IyFg6fd6f8UAE9kwgnCwJXbxg7phdAo9Rm5qF66yB8ZZhF9nDbOtKM,0.633416,1.441992,1.014018
216300,a9P876+Ln/IyFg6fd6f8UAE9kwgnCwJXbxg7phdAo9Rm5qF66yB8ZZhF9nDbOtKM,0.34625500000000003,1.48452,0.9653459999999999
216600,a9P876+Ln/IyFg6fd6f8UAE9kwgnCwJXbxg7phdAo9Rm5qF66yB8ZZhF9nDbOtKM,0.618421,56.379599,8.806995
216900,a9P876+Ln/IyFg6fd6f8UAE9kwgnCwJXbxg7phdAo9Rm5qF66yB8ZZhF9nDbOtKM,0.7214229999999999,4.684847,1.341731
217200,a9P876+Ln/IyFg6fd6f8UAE9kwgnCwJXbxg7phdAo9Rm5qF66yB8ZZhF9nDbOtKM,0.596603,1.478104,0.987194
217500,a9P876+Ln/IyFg6fd6f8UAE9kwgnCwJXbxg7phdAo9Rm5qF66yB8ZZhF9nDbOtKM,0.216072,1.8283330000000002,1.091426
217800,a9P876+Ln/IyFg6fd6f8UAE9kwgnCwJXbxg7phdAo9Rm5qF66yB8ZZhF9nDbOtKM,0.39603,1.5812760000000001,0.998609
218100,a9P876+Ln/IyFg6fd6f8UAE9kwgnCwJXbxg7phdAo9Rm5qF66yB8ZZhF9nDbOtKM,0.7586609999999999,1.9033930000000001,1.07984
218400,a9P876+Ln/IyFg6fd6f8UAE9kwgnCwJXbxg7phdAo9Rm5qF66yB8ZZhF9nDbOtKM,0.582468,1.563315,0.9904639999999999
218700,a9P876+Ln/IyFg6fd6f8UAE9kwgnCwJXbxg7phdAo9Rm5qF66yB8ZZhF9nDbOtKM,0.712258,1.882811,1.1366969999999998
219000,a9P876+Ln/IyFg6fd6f8UAE9kwgnCwJXbxg7phdAo9Rm5qF66yB8ZZhF9nDbOtKM,0.663508,4.07602,1.2928549999999999
219300,a9P876+Ln/IyFg6fd6f8UAE9kwgnCwJXbxg7phdAo9Rm5qF66yB8ZZhF9nDbOtKM,0.638318,1.765681,1.116571
219600,a9P876+Ln/IyFg6fd6f8UAE9kwgnCwJXbxg7phdAo9Rm5qF66yB8ZZhF9nDbOtKM,0.436633,1.441949,0.9790190000000001
219900,a9P876+Ln/IyFg6fd6f8UAE9kwgnCwJXbxg7phdAo9Rm5qF66yB8ZZhF9nDbOtKM,0.617804,1.737917,1.128275
220200,a9P876+Ln/IyFg6fd6f8UAE9kwgnCwJXbxg7phdAo9Rm5qF66yB8ZZhF9nDbOtKM,0.539148,39.623661,4.77025
220500,a9P876+Ln/IyFg6fd6f8UAE9kwgnCwJXbxg7phdAo9Rm5qF66yB8ZZhF9nDbOtKM,0.703693,1.888467,1.165297
220800,a9P876+Ln/IyFg6fd6f8UAE9kwgnCwJXbxg7phdAo9Rm5qF66yB8ZZhF9nDbOtKM,0.705025,1.3387870000000002,1.043199
221100,a9P876+Ln/IyFg6fd6f8UAE9kwgnCwJXbxg7phdAo9Rm5qF66yB8ZZhF9nDbOtKM,0.589813,1.6973150000000001,1.137124
221400,a9P876+Ln/IyFg6fd6f8UAE9kwgnCwJXbxg7phdAo9Rm5qF66yB8ZZhF9nDbOtKM,0.732572,1.556793,1.053831
221700,a9P876+Ln/IyFg6fd6f8UAE9kwgnCwJXbxg7phdAo9Rm5qF66yB8ZZhF9nDbOtKM,0.256706,1.4875200000000002,1.014197
222000,a9P876+Ln/IyFg6fd6f8UAE9kwgnCwJXbxg7phdAo9Rm5qF66yB8ZZhF9nDbOtKM,0.732338,1.6801720000000002,1.039718
222300,a9P876+Ln/IyFg6fd6f8UAE9kwgnCwJXbxg7phdAo9Rm5qF66yB8ZZhF9nDbOtKM,0.263237,2.131936,1.0963100000000001
222600,a9P876+Ln/IyFg6fd6f8UAE9kwgnCwJXbxg7phdAo9Rm5qF66yB8ZZhF9nDbOtKM,0.669546,4.929046,1.343469
222900,a9P876+Ln/IyFg6fd6f8UAE9kwgnCwJXbxg7phdAo9Rm5qF66yB8ZZhF9nDbOtKM,0.718726,3.8687650000000002,1.41042
223200,a9P876+Ln/IyFg6fd6f8UAE9kwgnCwJXbxg7phdAo9Rm5qF66yB8ZZhF9nDbOtKM,0.661484,1.517558,1.072021
223500,a9P876+Ln/IyFg6fd6f8UAE9kwgnCwJXbxg7phdAo9Rm5qF66yB8ZZhF9nDbOtKM,0.80792,1.734464,1.161381
223800,a9P876+Ln/IyFg6fd6f8UAE9kwgnCwJXbxg7phdAo9Rm5qF66yB8ZZhF9nDbOtKM,0.291036,3.89037,1.206525
224100,a9P876+Ln/IyFg6fd6f8UAE9kwgnCwJXbxg7phdAo9Rm5qF66yB8ZZhF9nDbOtKM,0.707901,1.6565470000000002,1.195285
224400,a9P876+Ln/IyFg6fd6f8UAE9kwgnCwJXbxg7phdAo9Rm5qF66yB8ZZhF9nDbOtKM,0.36312,1.42943,1.002864
224700,a9P876+Ln/IyFg6fd6f8UAE9kwgnCwJXbxg7phdAo9Rm5qF66yB8ZZhF9nDbOtKM,0.820743,1.847936,1.217623
225000,a9P876+Ln/IyFg6fd6f8UAE9kwgnCwJXbxg7phdAo9Rm5qF66yB8ZZhF9nDbOtKM,0.326606,1.504769,1.016561
225300,a9P876+Ln/IyFg6fd6f8UAE9kwgnCwJXbxg7phdAo9Rm5qF66yB8ZZhF9nDbOtKM,0.813867,1.685546,1.139167
225600,a9P876+Ln/IyFg6fd6f8UAE9kwgnCwJXbxg7phdAo9Rm5qF66yB8ZZhF9nDbOtKM,0.601086,1.547226,1.0800239999999999
225900,a9P876+Ln/IyFg6fd6f8UAE9kwgnCwJXbxg7phdAo9Rm5qF66yB8ZZhF9nDbOtKM,0.282407,2.006879,1.120468
226200,a9P876+Ln/IyFg6fd6f8UAE9kwgnCwJXbxg7phdAo9Rm5qF66yB8ZZhF9nDbOtKM,0.801442,6.313193,1.353808
226500,a9P876+Ln/IyFg6fd6f8UAE9kwgnCwJXbxg7phdAo9Rm5qF66yB8ZZhF9nDbOtKM,0.5786899999999999,1.7936279999999998,1.198078
226800,a9P876+Ln/IyFg6fd6f8UAE9kwgnCwJXbxg7phdAo9Rm5qF66yB8ZZhF9nDbOtKM,0.724871,1.4814,1.100298
227100,a9P876+Ln/IyFg6fd6f8UAE9kwgnCwJXbxg7phdAo9Rm5qF66yB8ZZhF9nDbOtKM,0.260777,1.581801,1.0884209999999999
227400,a9P876+Ln/IyFg6fd6f8UAE9kwgnCwJXbxg7phdAo9Rm5qF66yB8ZZhF9nDbOtKM,0.670984,2.322689,1.183291
227700,a9P876+Ln/IyFg6fd6f8UAE9kwgnCwJXbxg7phdAo9Rm5qF66yB8ZZhF9nDbOtKM,0.646834,1.904987,1.138392
228000,a9P876+Ln/IyFg6fd6f8UAE9kwgnCwJXbxg7phdAo9Rm5qF66yB8ZZhF9nDbOtKM,0.786552,1.604589,1.066717
228300,a9P876+Ln/IyFg6fd6f8UAE9kwgnCwJXbxg7phdAo9Rm5qF66yB8ZZhF9nDbOtKM,0.28520100000000004,1.962711,1.113743
228600,a9P876+Ln/IyFg6fd6f8UAE9kwgnCwJXbxg7phdAo9Rm5qF66yB8ZZhF9nDbOtKM,0.5541729999999999,1.659645,1.094027
228900,a9P876+Ln/IyFg6fd6f8UAE9kwgnCwJXbxg7phdAo9Rm5qF66yB8ZZhF9nDbOtKM,0.77598,1.91392,1.152393
229200,a9P876+Ln/IyFg6fd6f8UAE9kwgnCwJXbxg7phdAo9Rm5qF66yB8ZZhF9nDbOtKM,0.356618,1.445781,1.009215
229500,a9P876+Ln/IyFg6fd6f8UAE9kwgnCwJXbxg7phdAo9Rm5qF66yB8ZZhF9nDbOtKM,0.616437,1.8608470000000001,1.218486
229800,a9P876+Ln/IyFg6fd6f8UAE9kwgnCwJXbxg7phdAo9Rm5qF66yB8ZZhF9nDbOtKM,0.601295,5.1843129999999995,1.355153
230100,a9P876+Ln/IyFg6fd6f8UAE9kwgnCwJXbxg7phdAo9Rm5qF66yB8ZZhF9nDbOtKM,0.781957,1.8275099999999997,1.181522
230400,a9P876+Ln/IyFg6fd6f8UAE9kwgnCwJXbxg7phdAo9Rm5qF66yB8ZZhF9nDbOtKM,0.6748930000000001,1.694594,1.126888
230700,a9P876+Ln/IyFg6fd6f8UAE9kwgnCwJXbxg7phdAo9Rm5qF66yB8ZZhF9nDbOtKM,0.674876,1.814878,1.183585
231000,a9P876+Ln/IyFg6fd6f8UAE9kwgnCwJXbxg7phdAo9Rm5qF66yB8ZZhF9nDbOtKM,0.720005,7.6614770000000005,1.6128149999999999
231300,a9P876+Ln/IyFg6fd6f8UAE9kwgnCwJXbxg7phdAo9Rm5qF66yB8ZZhF9nDbOtKM,0.757892,2.284599,1.230804
231600,a9P876+Ln/IyFg6fd6f8UAE9kwgnCwJXbxg7phdAo9Rm5qF66yB8ZZhF9nDbOtKM,0.648671,1.7833849999999998,1.074409
231900,a9P876+Ln/IyFg6fd6f8UAE9kwgnCwJXbxg7phdAo9Rm5qF66yB8ZZhF9nDbOtKM,0.722871,2.080524,1.248845
232200,a9P876+Ln/IyFg6fd6f8UAE9kwgnCwJXbxg7phdAo9Rm5qF66yB8ZZhF9nDbOtKM,0.636175,1.47907,1.1127719999999999
232500,a9P876+Ln/IyFg6fd6f8UAE9kwgnCwJXbxg7phdAo9Rm5qF66yB8ZZhF9nDbOtKM,0.635833,7.87552,1.4671239999999999
232800,a9P876+Ln/IyFg6fd6f8UAE9kwgnCwJXbxg7phdAo9Rm5qF66yB8ZZhF9nDbOtKM,0.799495,1.6493520000000002,1.1287559999999999
233100,a9P876+Ln/IyFg6fd6f8UAE9kwgnCwJXbxg7phdAo9Rm5qF66yB8ZZhF9nDbOtKM,0.7626229999999999,2.1798319999999998,1.228931
233400,a9P876+Ln/IyFg6fd6f8UAE9kwgnCwJXbxg7phdAo9Rm5qF66yB8ZZhF9nDbOtKM,0.812719,4.855563,1.390963
233700,a9P876+Ln/IyFg6fd6f8UAE9kwgnCwJXbxg7phdAo9Rm5qF66yB8ZZhF9nDbOtKM,0.601975,1.934075,1.2044110000000001
234000,a9P876+Ln/IyFg6fd6f8UAE9kwgnCwJXbxg7phdAo9Rm5qF66yB8ZZhF9nDbOtKM,0.7544420000000001,1.6137299999999999,1.138365
234300,a9P876+Ln/IyFg6fd6f8UAE9kwgnCwJXbxg7phdAo9Rm5qF66yB8ZZhF9nDbOtKM,0.57311,2.037071,1.255657
234600,a9P876+Ln/IyFg6fd6f8UAE9kwgnCwJXbxg7phdAo9Rm5qF66yB8ZZhF9nDbOtKM,0.684566,28.247328000000003,6.6142520000000005
234900,a9P876+Ln/IyFg6fd6f8UAE9kwgnCwJXbxg7phdAo9Rm5qF66yB8ZZhF9nDbOtKM,0.87424,2.077035,1.271358
235200,a9P876+Ln/IyFg6fd6f8UAE9kwgnCwJXbxg7phdAo9Rm5qF66yB8ZZhF9nDbOtKM,0.716735,1.755306,1.126263
235500,a9P876+Ln/IyFg6fd6f8UAE9kwgnCwJXbxg7phdAo9Rm5qF66yB8ZZhF9nDbOtKM,0.665062,14.429844000000001,3.175534
235800,a9P876+Ln/IyFg6fd6f8UAE9kwgnCwJXbxg7phdAo9Rm5qF66yB8ZZhF9nDbOtKM,0.668011,1.7316639999999999,1.182808
236100,a9P876+Ln/IyFg6fd6f8UAE9kwgnCwJXbxg7phdAo9Rm5qF66yB8ZZhF9nDbOtKM,0.6730689999999999,1.702975,1.196183
236400,a9P876+Ln/IyFg6fd6f8UAE9kwgnCwJXbxg7phdAo9Rm5qF66yB8ZZhF9nDbOtKM,0.673272,1.534621,1.160121
236700,a9P876+Ln/IyFg6fd6f8UAE9kwgnCwJXbxg7phdAo9Rm5qF66yB8ZZhF9nDbOtKM,0.513886,3.097934,1.284371
237000,a9P876+Ln/IyFg6fd6f8UAE9kwgnCwJXbxg7phdAo9Rm5qF66yB8ZZhF9nDbOtKM,1.1371639999999998,5.4512480000000005,1.751367
237300,a9P876+Ln/IyFg6fd6f8UAE9kwgnCwJXbxg7phdAo9Rm5qF66yB8ZZhF9nDbOtKM,0.685566,2.2887169999999997,1.405993
237600,a9P876+Ln/IyFg6fd6f8UAE9kwgnCwJXbxg7phdAo9Rm5qF66yB8ZZhF9nDbOtKM,0.603693,1.820773,1.155219
237900,a9P876+Ln/IyFg6fd6f8UAE9kwgnCwJXbxg7phdAo9Rm5qF66yB8ZZhF9nDbOtKM,0.5709270000000001,1.919445,1.235986
238200,a9P876+Ln/IyFg6fd6f8UAE9kwgnCwJXbxg7phdAo9Rm5qF66yB8ZZhF9nDbOtKM,0.648491,3.7974900000000003,1.3271680000000001
238500,a9P876+Ln/IyFg6fd6f8UAE9kwgnCwJXbxg7phdAo9Rm5qF66yB8ZZhF9nDbOtKM,0.652092,3.427601,1.3890559999999998
238800,a9P876+Ln/IyFg6fd6f8UAE9kwgnCwJXbxg7phdAo9Rm5qF66yB8ZZhF9nDbOtKM,0.619735,1.823441,1.127066
239100,a9P876+Ln/IyFg6fd6f8UAE9kwgnCwJXbxg7phdAo9Rm5qF66yB8ZZhF9nDbOtKM,0.9316479999999999,2.19075,1.463352
239400,a9P876+Ln/IyFg6fd6f8UAE9kwgnCwJXbxg7phdAo9Rm5qF66yB8ZZhF9nDbOtKM,1.196631,2.0914919999999997,1.5311290000000002
239700,a9P876+Ln/IyFg6fd6f8UAE9kwgnCwJXbxg7phdAo9Rm5qF66yB8ZZhF9nDbOtKM,0.723871,2.637365,1.365582
240000,a9P876+Ln/IyFg6fd6f8UAE9kwgnCwJXbxg7phdAo9Rm5qF66yB8ZZhF9nDbOtKM,0.567381,1.7946970000000002,1.156995
240300,a9P876+Ln/IyFg6fd6f8UAE9kwgnCwJXbxg7phdAo9Rm5qF66yB8ZZhF9nDbOtKM,0.7667689999999999,2.579802,1.276921
240600,a9P876+Ln/IyFg6fd6f8UAE9kwgnCwJXbxg7phdAo9Rm5qF66yB8ZZhF9nDbOtKM,0.662065,6.073649,1.8516549999999998
240900,a9P876+Ln/IyFg6fd6f8UAE9kwgnCwJXbxg7phdAo9Rm5qF66yB8ZZhF9nDbOtKM,0.695869,1.9952580000000002,1.2699770000000001
241200,a9P876+Ln/IyFg6fd6f8UAE9kwgnCwJXbxg7phdAo9Rm5qF66yB8ZZhF9nDbOtKM,0.782247,1.839536,1.190992
241500,a9P876+Ln/IyFg6fd6f8UAE9kwgnCwJXbxg7phdAo9Rm5qF66yB8ZZhF9nDbOtKM,0.591564,2.170213,1.2964069999999999
241800,a9P876+Ln/IyFg6fd6f8UAE9kwgnCwJXbxg7phdAo9Rm5qF66yB8ZZhF9nDbOtKM,1.028352,52.189285999999996,6.464033000000001
242100,a9P876+Ln/IyFg6fd6f8UAE9kwgnCwJXbxg7phdAo9Rm5qF66yB8ZZhF9nDbOtKM,0.691499,9.33884,1.705932
242400,a9P876+Ln/IyFg6fd6f8UAE9kwgnCwJXbxg7phdAo9Rm5qF66yB8ZZhF9nDbOtKM,0.810736,1.777377,1.1909809999999998
242700,a9P876+Ln/IyFg6fd6f8UAE9kwgnCwJXbxg7phdAo9Rm5qF66yB8ZZhF9nDbOtKM,0.837385,2.1344819999999998,1.359046
243000,a9P876+Ln/IyFg6fd6f8UAE9kwgnCwJXbxg7phdAo9Rm5qF66yB8ZZhF9nDbOtKM,0.60427,1.7921639999999999,1.224693
243300,a9P876+Ln/IyFg6fd6f8UAE9kwgnCwJXbxg7phdAo9Rm5qF66yB8ZZhF9nDbOtKM,0.6088279999999999,2.112095,1.278304
243600,a9P876+Ln/IyFg6fd6f8UAE9kwgnCwJXbxg7phdAo9Rm5qF66yB8ZZhF9nDbOtKM,0.716188,1.843755,1.231529
243900,a9P876+Ln/IyFg6fd6f8UAE9kwgnCwJXbxg7phdAo9Rm5qF66yB8ZZhF9nDbOtKM,0.599086,2.661946,1.359289
244200,a9P876+Ln/IyFg6fd6f8UAE9kwgnCwJXbxg7phdAo9Rm5qF66yB8ZZhF9nDbOtKM,0.654233,4.8361540000000005,1.50674
244500,a9P876+Ln/IyFg6fd6f8UAE9kwgnCwJXbxg7phdAo9Rm5qF66yB8ZZhF9nDbOtKM,0.38998499999999997,1.8971529999999999,1.2350860000000001
244800,a9P876+Ln/IyFg6fd6f8UAE9kwgnCwJXbxg7phdAo9Rm5qF66yB8ZZhF9nDbOtKM,0.755004,5.695558999999999,1.6496
245100,a9P876+Ln/IyFg6fd6f8UAE9kwgnCwJXbxg7phdAo9Rm5qF66yB8ZZhF9nDbOtKM,0.6631279999999999,2.037069,1.340871
245400,a9P876+Ln/IyFg6fd6f8UAE9kwgnCwJXbxg7phdAo9Rm5qF66yB8ZZhF9nDbOtKM,0.799556,64.879561,7.580682
245700,a9P876+Ln/IyFg6fd6f8UAE9kwgnCwJXbxg7phdAo9Rm5qF66yB8ZZhF9nDbOtKM,0.67561,2.850746,1.40686
246000,a9P876+Ln/IyFg6fd6f8UAE9kwgnCwJXbxg7phdAo9Rm5qF66yB8ZZhF9nDbOtKM,0.823399,6.188854,1.480148
246300,a9P876+Ln/IyFg6fd6f8UAE9kwgnCwJXbxg7phdAo9Rm5qF66yB8ZZhF9nDbOtKM,0.68987,1.973859,1.378447
246600,a9P876+Ln/IyFg6fd6f8UAE9kwgnCwJXbxg7phdAo9Rm5qF66yB8ZZhF9nDbOtKM,0.230992,1.953386,1.132384
246900,a9P876+Ln/IyFg6fd6f8UAE9kwgnCwJXbxg7phdAo9Rm5qF66yB8ZZhF9nDbOtKM,0.717164,2.0913150000000003,1.302866
247200,a9P876+Ln/IyFg6fd6f8UAE9kwgnCwJXbxg7phdAo9Rm5qF66yB8ZZhF9nDbOtKM,0.335264,1.906709,1.115961
247500,a9P876+Ln/IyFg6fd6f8UAE9kwgnCwJXbxg7phdAo9Rm5qF66yB8ZZhF9nDbOtKM,0.7386550000000001,2.235672,1.308062
247800,a9P876+Ln/IyFg6fd6f8UAE9kwgnCwJXbxg7phdAo9Rm5qF66yB8ZZhF9nDbOtKM,0.688088,5.907243,1.9429830000000001
248100,a9P876+Ln/IyFg6fd6f8UAE9kwgnCwJXbxg7phdAo9Rm5qF66yB8ZZhF9nDbOtKM,0.705675,2.150248,1.34615
248400,a9P876+Ln/IyFg6fd6f8UAE9kwgnCwJXbxg7phdAo9Rm5qF66yB8ZZhF9nDbOtKM,0.371596,1.779005,1.158801
248700,a9P876+Ln/IyFg6fd6f8UAE9kwgnCwJXbxg7phdAo9Rm5qF66yB8ZZhF9nDbOtKM,0.769957,2.048421,1.3455190000000001
249000,a9P876+Ln/IyFg6fd6f8UAE9kwgnCwJXbxg7phdAo9Rm5qF66yB8ZZhF9nDbOtKM,0.67915,6.296078,1.788026
249300,a9P876+Ln/IyFg6fd6f8UAE9kwgnCwJXbxg7phdAo9Rm5qF66yB8ZZhF9nDbOtKM,0.429771,1.914722,1.206292
249600,a9P876+Ln/IyFg6fd6f8UAE9kwgnCwJXbxg7phdAo9Rm5qF66yB8ZZhF9nDbOtKM,0.689832,2.013111,1.243012
249900,a9P876+Ln/IyFg6fd6f8UAE9kwgnCwJXbxg7phdAo9Rm5qF66yB8ZZhF9nDbOtKM,0.626211,6.487301,1.8064369999999998
250200,a9P876+Ln/IyFg6fd6f8UAE9kwgnCwJXbxg7phdAo9Rm5qF66yB8ZZhF9nDbOtKM,0.704889,1.7389240000000001,1.227862
250500,a9P876+Ln/IyFg6fd6f8UAE9kwgnCwJXbxg7phdAo9Rm5qF66yB8ZZhF9nDbOtKM,0.360064,2.031723,1.378312
250800,a9P876+Ln/IyFg6fd6f8UAE9kwgnCwJXbxg7phdAo9Rm5qF66yB8ZZhF9nDbOtKM,1.077783,2.389765,1.6483279999999998
251100,a9P876+Ln/IyFg6fd6f8UAE9kwgnCwJXbxg7phdAo9Rm5qF66yB8ZZhF9nDbOtKM,0.816871,19.835333,2.959086
251400,a9P876+Ln/IyFg6fd6f8UAE9kwgnCwJXbxg7phdAo9Rm5qF66yB8ZZhF9nDbOtKM,0.65527,4.410695,1.5385719999999998
251700,a9P876+Ln/IyFg6fd6f8UAE9kwgnCwJXbxg7phdAo9Rm5qF66yB8ZZhF9nDbOtKM,0.647435,12.832925999999999,2.273698
252000,a9P876+Ln/IyFg6fd6f8UAE9kwgnCwJXbxg7phdAo9Rm5qF66yB8ZZhF9nDbOtKM,0.793473,17.770373,2.648982
252300,a9P876+Ln/IyFg6fd6f8UAE9kwgnCwJXbxg7phdAo9Rm5qF66yB8ZZhF9nDbOtKM,0.820958,2.327903,1.3485120000000002
252600,a9P876+Ln/IyFg6fd6f8UAE9kwgnCwJXbxg7phdAo9Rm5qF66yB8ZZhF9nDbOtKM,0.804675,9.049088000000001,1.7643229999999999
252900,a9P876+Ln/IyFg6fd6f8UAE9kwgnCwJXbxg7phdAo9Rm5qF66yB8ZZhF9nDbOtKM,0.608282,2.057866,1.3325209999999998
253200,a9P876+Ln/IyFg6fd6f8UAE9kwgnCwJXbxg7phdAo9Rm5qF66yB8ZZhF9nDbOtKM,0.6814359999999999,5.763116,1.537619
253500,a9P876+Ln/IyFg6fd6f8UAE9kwgnCwJXbxg7phdAo9Rm5qF66yB8ZZhF9nDbOtKM,0.635029,2.238404,1.403745
253800,a9P876+Ln/IyFg6fd6f8UAE9kwgnCwJXbxg7phdAo9Rm5qF66yB8ZZhF9nDbOtKM,0.631343,1.792334,1.202996
254100,a9P876+Ln/IyFg6fd6f8UAE9kwgnCwJXbxg7phdAo9Rm5qF66yB8ZZhF9nDbOtKM,0.6652239999999999,2.467661,1.351153
254400,a9P876+Ln/IyFg6fd6f8UAE9kwgnCwJXbxg7phdAo9Rm5qF66yB8ZZhF9nDbOtKM,0.748065,6.947812,1.708545
254700,a9P876+Ln/IyFg6fd6f8UAE9kwgnCwJXbxg7phdAo9Rm5qF66yB8ZZhF9nDbOtKM,0.365442,2.457382,1.318516
255000,a9P876+Ln/IyFg6fd6f8UAE9kwgnCwJXbxg7phdAo9Rm5qF66yB8ZZhF9nDbOtKM,0.706335,5.568478,1.6143020000000001
255300,a9P876+Ln/IyFg6fd6f8UAE9kwgnCwJXbxg7phdAo9Rm5qF66yB8ZZhF9nDbOtKM,0.6428119999999999,5.974245,1.8324509999999998
255600,a9P876+Ln/IyFg6fd6f8UAE9kwgnCwJXbxg7phdAo9Rm5qF66yB8ZZhF9nDbOtKM,0.678076,1.783866,1.253317
255900,a9P876+Ln/IyFg6fd6f8UAE9kwgnCwJXbxg7phdAo9Rm5qF66yB8ZZhF9nDbOtKM,0.29215,2.085306,1.33055
256200,a9P876+Ln/IyFg6fd6f8UAE9kwgnCwJXbxg7phdAo9Rm5qF66yB8ZZhF9nDbOtKM,0.9462649999999999,37.155515,4.924078
256500,a9P876+Ln/IyFg6fd6f8UAE9kwgnCwJXbxg7phdAo9Rm5qF66yB8ZZhF9nDbOtKM,0.79203,6.200863,1.909705
256800,a9P876+Ln/IyFg6fd6f8UAE9kwgnCwJXbxg7phdAo9Rm5qF66yB8ZZhF9nDbOtKM,1.326592,2.558441,1.768472
257100,a9P876+Ln/IyFg6fd6f8UAE9kwgnCwJXbxg7phdAo9Rm5qF66yB8ZZhF9nDbOtKM,0.30175799999999997,3.006204,1.499711
257400,a9P876+Ln/IyFg6fd6f8UAE9kwgnCwJXbxg7phdAo9Rm5qF66yB8ZZhF9nDbOtKM,0.699512,6.210196,1.753512
257700,a9P876+Ln/IyFg6fd6f8UAE9kwgnCwJXbxg7phdAo9Rm5qF66yB8ZZhF9nDbOtKM,0.7490060000000001,2.174932,1.400828
258000,a9P876+Ln/IyFg6fd6f8UAE9kwgnCwJXbxg7phdAo9Rm5qF66yB8ZZhF9nDbOtKM,0.241588,2.301422,1.240988
258300,a9P876+Ln/IyFg6fd6f8UAE9kwgnCwJXbxg7phdAo9Rm5qF66yB8ZZhF9nDbOtKM,0.619643,2.282278,1.389713
258600,a9P876+Ln/IyFg6fd6f8UAE9kwgnCwJXbxg7phdAo9Rm5qF66yB8ZZhF9nDbOtKM,0.704309,6.074264,2.0365599999999997
258900,a9P876+Ln/IyFg6fd6f8UAE9kwgnCwJXbxg7phdAo9Rm5qF66yB8ZZhF9nDbOtKM,0.658337,2.461738,1.4047459999999998
259200,a9P876+Ln/IyFg6fd6f8UAE9kwgnCwJXbxg7phdAo9Rm5qF66yB8ZZhF9nDbOtKM,0.325352,1.83768,1.1982700000000002
259500,a9P876+Ln/IyFg6fd6f8UAE9kwgnCwJXbxg7phdAo9Rm5qF66yB8ZZhF9nDbOtKM,0.8297540000000001,2.296178,1.4604629999999998
259800,a9P876+Ln/IyFg6fd6f8UAE9kwgnCwJXbxg7phdAo9Rm5qF66yB8ZZhF9nDbOtKM,0.645428,5.895832,1.872701
260100,a9P876+Ln/IyFg6fd6f8UAE9kwgnCwJXbxg7phdAo9Rm5qF66yB8ZZhF9nDbOtKM,0.328525,2.396319,1.278758
260400,a9P876+Ln/IyFg6fd6f8UAE9kwgnCwJXbxg7phdAo9Rm5qF66yB8ZZhF9nDbOtKM,0.78471,1.708103,1.309519
260700,a9P876+Ln/IyFg6fd6f8UAE9kwgnCwJXbxg7phdAo9Rm5qF66yB8ZZhF9nDbOtKM,1.036102,5.859958,1.8741740000000002
261000,a9P876+Ln/IyFg6fd6f8UAE9kwgnCwJXbxg7phdAo9Rm5qF66yB8ZZhF9nDbOtKM,1.1216409999999999,2.216862,1.7205
261300,a9P876+Ln/IyFg6fd6f8UAE9kwgnCwJXbxg7phdAo9Rm5qF66yB8ZZhF9nDbOtKM,0.7758470000000001,10.695431,2.022989
261600,a9P876+Ln/IyFg6fd6f8UAE9kwgnCwJXbxg7phdAo9Rm5qF66yB8ZZhF9nDbOtKM,0.656891,2.001005,1.308317
261900,a9P876+Ln/IyFg6fd6f8UAE9kwgnCwJXbxg7phdAo9Rm5qF66yB8ZZhF9nDbOtKM,0.635402,6.419736,1.824226
262200,a9P876+Ln/IyFg6fd6f8UAE9kwgnCwJXbxg7phdAo9Rm5qF66yB8ZZhF9nDbOtKM,0.8875200000000001,4.939415,1.6464290000000001
262500,a9P876+Ln/IyFg6fd6f8UAE9kwgnCwJXbxg7phdAo9Rm5qF66yB8ZZhF9nDbOtKM,0.308094,2.138722,1.351942
262800,a9P876+Ln/IyFg6fd6f8UAE9kwgnCwJXbxg7phdAo9Rm5qF66yB8ZZhF9nDbOtKM,0.6521399999999999,6.8726,1.8247509999999998
263100,a9P876+Ln/IyFg6fd6f8UAE9kwgnCwJXbxg7phdAo9Rm5qF66yB8ZZhF9nDbOtKM,1.057593,2.5911,1.471185
263400,a9P876+Ln/IyFg6fd6f8UAE9kwgnCwJXbxg7phdAo9Rm5qF66yB8ZZhF9nDbOtKM,0.465445,56.768485,6.71905
263700,a9P876+Ln/IyFg6fd6f8UAE9kwgnCwJXbxg7phdAo9Rm5qF66yB8ZZhF9nDbOtKM,0.642628,2.298409,1.46781
264000,a9P876+Ln/IyFg6fd6f8UAE9kwgnCwJXbxg7phdAo9Rm5qF66yB8ZZhF9nDbOtKM,0.8845930000000001,5.944134,1.62494
264300,a9P876+Ln/IyFg6fd6f8UAE9kwgnCwJXbxg7phdAo9Rm5qF66yB8ZZhF9nDbOtKM,0.690276,2.5511049999999997,1.499954
264600,a9P876+Ln/IyFg6fd6f8UAE9kwgnCwJXbxg7phdAo9Rm5qF66yB8ZZhF9nDbOtKM,0.693338,1.878295,1.3493870000000001
264900,a9P876+Ln/IyFg6fd6f8UAE9kwgnCwJXbxg7phdAo9Rm5qF66yB8ZZhF9nDbOtKM,0.728589,2.351501,1.4983790000000001
265200,a9P876+Ln/IyFg6fd6f8UAE9kwgnCwJXbxg7phdAo9Rm5qF66yB8ZZhF9nDbOtKM,0.8296459999999999,6.636016000000001,1.811652
265500,a9P876+Ln/IyFg6fd6f8UAE9kwgnCwJXbxg7phdAo9Rm5qF66yB8ZZhF9nDbOtKM,0.536118,2.499071,1.36762
265800,a9P876+Ln/IyFg6fd6f8UAE9kwgnCwJXbxg7phdAo9Rm5qF66yB8ZZhF9nDbOtKM,0.877653,4.623302,1.66393
266100,a9P876+Ln/IyFg6fd6f8UAE9kwgnCwJXbxg7phdAo9Rm5qF66yB8ZZhF9nDbOtKM,0.796293,6.227943,1.9148669999999999
266400,a9P876+Ln/IyFg6fd6f8UAE9kwgnCwJXbxg7phdAo9Rm5qF66yB8ZZhF9nDbOtKM,0.63715,2.119393,1.3087360000000001
266700,a9P876+Ln/IyFg6fd6f8UAE9kwgnCwJXbxg7phdAo9Rm5qF66yB8ZZhF9nDbOtKM,0.483692,2.851003,1.461188
267000,a9P876+Ln/IyFg6fd6f8UAE9kwgnCwJXbxg7phdAo9Rm5qF66yB8ZZhF9nDbOtKM,0.72553,42.006278,5.400002
267300,a9P876+Ln/IyFg6fd6f8UAE9kwgnCwJXbxg7phdAo9Rm5qF66yB8ZZhF9nDbOtKM,0.6072390000000001,6.326446,1.708909
267600,a9P876+Ln/IyFg6fd6f8UAE9kwgnCwJXbxg7phdAo9Rm5qF66yB8ZZhF9nDbOtKM,0.588196,2.129443,1.42785
267900,a9P876+Ln/IyFg6fd6f8UAE9kwgnCwJXbxg7phdAo9Rm5qF66yB8ZZhF9nDbOtKM,0.686682,6.6979940000000004,1.8163490000000002
268200,a9P876+Ln/IyFg6fd6f8UAE9kwgnCwJXbxg7phdAo9Rm5qF66yB8ZZhF9nDbOtKM,0.730015,6.778983,1.8324900000000002
268500,a9P876+Ln/IyFg6fd6f8UAE9kwgnCwJXbxg7phdAo9Rm5qF66yB8ZZhF9nDbOtKM,0.846463,2.9789380000000003,1.516467
268800,a9P876+Ln/IyFg6fd6f8UAE9kwgnCwJXbxg7phdAo9Rm5qF66yB8ZZhF9nDbOtKM,0.266977,2.236282,1.335518
269100,a9P876+Ln/IyFg6fd6f8UAE9kwgnCwJXbxg7phdAo9Rm5qF66yB8ZZhF9nDbOtKM,0.6043729999999999,2.6758740000000003,1.496589
269400,a9P876+Ln/IyFg6fd6f8UAE9kwgnCwJXbxg7phdAo9Rm5qF66yB8ZZhF9nDbOtKM,0.827217,6.3721309999999995,2.176201
269700,a9P876+Ln/IyFg6fd6f8UAE9kwgnCwJXbxg7phdAo9Rm5qF66yB8ZZhF9nDbOtKM,0.603142,3.059974,1.510185
270000,a9P876+Ln/IyFg6fd6f8UAE9kwgnCwJXbxg7phdAo9Rm5qF66yB8ZZhF9nDbOtKM,0.436939,2.548296,1.32481
270300,a9P876+Ln/IyFg6fd6f8UAE9kwgnCwJXbxg7phdAo9Rm5qF66yB8ZZhF9nDbOtKM,1.018736,2.46057,1.585123
270600,a9P876+Ln/IyFg6fd6f8UAE9kwgnCwJXbxg7phdAo9Rm5qF66yB8ZZhF9nDbOtKM,0.9759639999999999,39.343084999999995,6.259252
270900,a9P876+Ln/IyFg6fd6f8UAE9kwgnCwJXbxg7phdAo9Rm5qF66yB8ZZhF9nDbOtKM,0.456162,2.203643,1.441273
271200,a9P876+Ln/IyFg6fd6f8UAE9kwgnCwJXbxg7phdAo9Rm5qF66yB8ZZhF9nDbOtKM,0.635972,2.16555,1.486241
271500,a9P876+Ln/IyFg6fd6f8UAE9kwgnCwJXbxg7phdAo9Rm5qF66yB8ZZhF9nDbOtKM,0.8867370000000001,6.432258999999999,2.086333
271800,a9P876+Ln/IyFg6fd6f8UAE9kwgnCwJXbxg7phdAo9Rm5qF66yB8ZZhF9nDbOtKM,0.730318,2.162377,1.439685
272100,a9P876+Ln/IyFg6fd6f8UAE9kwgnCwJXbxg7phdAo9Rm5qF66yB8ZZhF9nDbOtKM,0.631171,12.576512,2.183312
272400,a9P876+Ln/IyFg6fd6f8UAE9kwgnCwJXbxg7phdAo9Rm5qF66yB8ZZhF9nDbOtKM,0.744316,2.498582,1.5083469999999999
272700,a9P876+Ln/IyFg6fd6f8UAE9kwgnCwJXbxg7phdAo9Rm5qF66yB8ZZhF9nDbOtKM,0.772001,6.160966999999999,1.8004509999999998
273000,a9P876+Ln/IyFg6fd6f8UAE9kwgnCwJXbxg7phdAo9Rm5qF66yB8ZZhF9nDbOtKM,0.731316,4.732971,1.825234
273300,a9P876+Ln/IyFg6fd6f8UAE9kwgnCwJXbxg7phdAo9Rm5qF66yB8ZZhF9nDbOtKM,0.190456,2.519688,1.5330219999999999
273600,a9P876+Ln/IyFg6fd6f8UAE9kwgnCwJXbxg7phdAo9Rm5qF66yB8ZZhF9nDbOtKM,0.867424,6.555917999999999,1.947919
273900,a9P876+Ln/IyFg6fd6f8UAE9kwgnCwJXbxg7phdAo9Rm5qF66yB8ZZhF9nDbOtKM,0.862835,3.22143,1.658327
274200,a9P876+Ln/IyFg6fd6f8UAE9kwgnCwJXbxg7phdAo9Rm5qF66yB8ZZhF9nDbOtKM,0.221728,3.195027,1.528241
274500,a9P876+Ln/IyFg6fd6f8UAE9kwgnCwJXbxg7phdAo9Rm5qF66yB8ZZhF9nDbOtKM,0.762423,2.368519,1.532405
274800,a9P876+Ln/IyFg6fd6f8UAE9kwgnCwJXbxg7phdAo9Rm5qF66yB8ZZhF9nDbOtKM,0.870983,8.428678,2.115797
275100,a9P876+Ln/IyFg6fd6f8UAE9kwgnCwJXbxg7phdAo9Rm5qF66yB8ZZhF9nDbOtKM,0.8668950000000001,2.2872220000000003,1.6784270000000001
275400,a9P876+Ln/IyFg6fd6f8UAE9kwgnCwJXbxg7phdAo9Rm5qF66yB8ZZhF9nDbOtKM,0.35552399999999995,2.371597,1.438493
275700,a9P876+Ln/IyFg6fd6f8UAE9kwgnCwJXbxg7phdAo9Rm5qF66yB8ZZhF9nDbOtKM,0.694944,2.383832,1.636309
276000,a9P876+Ln/IyFg6fd6f8UAE9kwgnCwJXbxg7phdAo9Rm5qF66yB8ZZhF9nDbOtKM,0.821362,6.361841,1.9410779999999999
276300,a9P876+Ln/IyFg6fd6f8UAE9kwgnCwJXbxg7phdAo9Rm5qF66yB8ZZhF9nDbOtKM,0.7661020000000001,13.956723,2.232375
276600,a9P876+Ln/IyFg6fd6f8UAE9kwgnCwJXbxg7phdAo9Rm5qF66yB8ZZhF9nDbOtKM,0.8463139999999999,4.696343,1.8333990000000002
276900,a9P876+Ln/IyFg6fd6f8UAE9kwgnCwJXbxg7phdAo9Rm5qF66yB8ZZhF9nDbOtKM,1.096852,6.8506029999999996,2.125747
277200,a9P876+Ln/IyFg6fd6f8UAE9kwgnCwJXbxg7phdAo9Rm5qF66yB8ZZhF9nDbOtKM,0.804757,2.1493580000000003,1.524816
277500,a9P876+Ln/IyFg6fd6f8UAE9kwgnCwJXbxg7phdAo9Rm5qF66yB8ZZhF9nDbOtKM,0.368628,2.441569,1.571517
277800,a9P876+Ln/IyFg6fd6f8UAE9kwgnCwJXbxg7phdAo9Rm5qF66yB8ZZhF9nDbOtKM,0.714488,57.978685999999996,10.454674
278100,a9P876+Ln/IyFg6fd6f8UAE9kwgnCwJXbxg7phdAo9Rm5qF66yB8ZZhF9nDbOtKM,0.668377,6.723746,2.1041689999999997
278400,a9P876+Ln/IyFg6fd6f8UAE9kwgnCwJXbxg7phdAo9Rm5qF66yB8ZZhF9nDbOtKM,0.642749,2.553615,1.6574900000000001
278700,a9P876+Ln/IyFg6fd6f8UAE9kwgnCwJXbxg7phdAo9Rm5qF66yB8ZZhF9nDbOtKM,0.7443069999999999,13.907575,2.358032
279000,a9P876+Ln/IyFg6fd6f8UAE9kwgnCwJXbxg7phdAo9Rm5qF66yB8ZZhF9nDbOtKM,0.798089,2.327643,1.621983
279300,a9P876+Ln/IyFg6fd6f8UAE9kwgnCwJXbxg7phdAo9Rm5qF66yB8ZZhF9nDbOtKM,0.6208060000000001,8.634792,2.196352
279600,a9P876+Ln/IyFg6fd6f8UAE9kwgnCwJXbxg7phdAo9Rm5qF66yB8ZZhF9nDbOtKM,0.318731,2.518577,1.539409
279900,a9P876+Ln/IyFg6fd6f8UAE9kwgnCwJXbxg7phdAo9Rm5qF66yB8ZZhF9nDbOtKM,0.791245,2.8448689999999996,1.7105439999999998
280200,a9P876+Ln/IyFg6fd6f8UAE9kwgnCwJXbxg7phdAo9Rm5qF66yB8ZZhF9nDbOtKM,0.696818,6.255745,2.339734
280500,a9P876+Ln/IyFg6fd6f8UAE9kwgnCwJXbxg7phdAo9Rm5qF66yB8ZZhF9nDbOtKM,0.9216540000000001,2.58672,1.740039
280800,a9P876+Ln/IyFg6fd6f8UAE9kwgnCwJXbxg7phdAo9Rm5qF66yB8ZZhF9nDbOtKM,0.329208,2.6202,1.5015889999999998
281100,a9P876+Ln/IyFg6fd6f8UAE9kwgnCwJXbxg7phdAo9Rm5qF66yB8ZZhF9nDbOtKM,0.6435810000000001,3.0520400000000003,1.7606400000000002
281400,a9P876+Ln/IyFg6fd6f8UAE9kwgnCwJXbxg7phdAo9Rm5qF66yB8ZZhF9nDbOtKM,0.742681,7.201878999999999,2.2088400000000004
281700,a9P876+Ln/IyFg6fd6f8UAE9kwgnCwJXbxg7phdAo9Rm5qF66yB8ZZhF9nDbOtKM,0.646588,2.755166,1.682066
282000,a9P876+Ln/IyFg6fd6f8UAE9kwgnCwJXbxg7phdAo9Rm5qF66yB8ZZhF9nDbOtKM,0.758103,14.154995000000001,2.350787
282300,a9P876+Ln/IyFg6fd6f8UAE9kwgnCwJXbxg7phdAo9Rm5qF66yB8ZZhF9nDbOtKM,0.349233,2.579338,1.6372950000000002
282600,a9P876+Ln/IyFg6fd6f8UAE9kwgnCwJXbxg7phdAo9Rm5qF66yB8ZZhF9nDbOtKM,0.62753,2.505277,1.62561
282900,a9P876+Ln/IyFg6fd6f8UAE9kwgnCwJXbxg7phdAo9Rm5qF66yB8ZZhF9nDbOtKM,0.6235569999999999,2.609198,1.8330799999999998
283200,a9P876+Ln/IyFg6fd6f8UAE9kwgnCwJXbxg7phdAo9Rm5qF66yB8ZZhF9nDbOtKM,1.5294159999999999,2.996641,2.287732
283500,a9P876+Ln/IyFg6fd6f8UAE9kwgnCwJXbxg7phdAo9Rm5qF66yB8ZZhF9nDbOtKM,1.278447,3.3359739999999998,1.964964
283800,a9P876+Ln/IyFg6fd6f8UAE9kwgnCwJXbxg7phdAo9Rm5qF66yB8ZZhF9nDbOtKM,0.853383,5.0412870000000005,1.981352
284100,a9P876+Ln/IyFg6fd6f8UAE9kwgnCwJXbxg7phdAo9Rm5qF66yB8ZZhF9nDbOtKM,0.508027,2.897128,1.629314
284400,a9P876+Ln/IyFg6fd6f8UAE9kwgnCwJXbxg7phdAo9Rm5qF66yB8ZZhF9nDbOtKM,0.620486,2.495476,1.621615
284700,a9P876+Ln/IyFg6fd6f8UAE9kwgnCwJXbxg7phdAo9Rm5qF66yB8ZZhF9nDbOtKM,0.30339499999999997,2.70543,1.589713
285000,a9P876+Ln/IyFg6fd6f8UAE9kwgnCwJXbxg7phdAo9Rm5qF66yB8ZZhF9nDbOtKM,0.323857,3.0831470000000003,1.6686459999999999
285300,a9P876+Ln/IyFg6fd6f8UAE9kwgnCwJXbxg7phdAo9Rm5qF66yB8ZZhF9nDbOtKM,0.795918,2.690594,1.711684
285600,a9P876+Ln/IyFg6fd6f8UAE9kwgnCwJXbxg7phdAo9Rm5qF66yB8ZZhF9nDbOtKM,0.5787899999999999,2.307227,1.529292
285900,a9P876+Ln/IyFg6fd6f8UAE9kwgnCwJXbxg7phdAo9Rm5qF66yB8ZZhF9nDbOtKM,0.727611,3.041258,1.801855
286200,a9P876+Ln/IyFg6fd6f8UAE9kwgnCwJXbxg7phdAo9Rm5qF66yB8ZZhF9nDbOtKM,0.888976,17.073479000000003,2.363342
286500,a9P876+Ln/IyFg6fd6f8UAE9kwgnCwJXbxg7phdAo9Rm5qF66yB8ZZhF9nDbOtKM,0.8220430000000001,2.844992,1.787364
286800,a9P876+Ln/IyFg6fd6f8UAE9kwgnCwJXbxg7phdAo9Rm5qF66yB8ZZhF9nDbOtKM,0.308762,2.259923,1.540201
287100,a9P876+Ln/IyFg6fd6f8UAE9kwgnCwJXbxg7phdAo9Rm5qF66yB8ZZhF9nDbOtKM,0.9002819999999999,2.926295,1.80098
287400,a9P876+Ln/IyFg6fd6f8UAE9kwgnCwJXbxg7phdAo9Rm5qF66yB8ZZhF9nDbOtKM,0.378098,6.072613,1.871372
287700,a9P876+Ln/IyFg6fd6f8UAE9kwgnCwJXbxg7phdAo9Rm5qF66yB8ZZhF9nDbOtKM,0.586724,2.597982,1.6561720000000002
288000,a9P876+Ln/IyFg6fd6f8UAE9kwgnCwJXbxg7phdAo9Rm5qF66yB8ZZhF9nDbOtKM,0.798864,2.834657,1.668997
288300,a9P876+Ln/IyFg6fd6f8UAE9kwgnCwJXbxg7phdAo9Rm5qF66yB8ZZhF9nDbOtKM,0.306271,2.648773,1.6456979999999999
288600,a9P876+Ln/IyFg6fd6f8UAE9kwgnCwJXbxg7phdAo9Rm5qF66yB8ZZhF9nDbOtKM,1.10066,29.140877000000003,5.670046
288900,a9P876+Ln/IyFg6fd6f8UAE9kwgnCwJXbxg7phdAo9Rm5qF66yB8ZZhF9nDbOtKM,0.5879,2.6899759999999997,1.7871650000000001
289200,a9P876+Ln/IyFg6fd6f8UAE9kwgnCwJXbxg7phdAo9Rm5qF66yB8ZZhF9nDbOtKM,1.343266,3.5617330000000003,2.399658
289500,a9P876+Ln/IyFg6fd6f8UAE9kwgnCwJXbxg7phdAo9Rm5qF66yB8ZZhF9nDbOtKM,1.025803,3.404111,2.007873
289800,a9P876+Ln/IyFg6fd6f8UAE9kwgnCwJXbxg7phdAo9Rm5qF66yB8ZZhF9nDbOtKM,0.8981379999999999,2.877644,1.687754
290100,a9P876+Ln/IyFg6fd6f8UAE9kwgnCwJXbxg7phdAo9Rm5qF66yB8ZZhF9nDbOtKM,0.588195,2.5396,1.711511
290400,a9P876+Ln/IyFg6fd6f8UAE9kwgnCwJXbxg7phdAo9Rm5qF66yB8ZZhF9nDbOtKM,1.070057,12.057188,2.5334209999999997
290700,a9P876+Ln/IyFg6fd6f8UAE9kwgnCwJXbxg7phdAo9Rm5qF66yB8ZZhF9nDbOtKM,0.7871279999999999,2.886356,1.810372
291000,a9P876+Ln/IyFg6fd6f8UAE9kwgnCwJXbxg7phdAo9Rm5qF66yB8ZZhF9nDbOtKM,0.742683,11.883711,2.821216
291300,a9P876+Ln/IyFg6fd6f8UAE9kwgnCwJXbxg7phdAo9Rm5qF66yB8ZZhF9nDbOtKM,0.9623809999999999,3.230657,1.885201
291600,a9P876+Ln/IyFg6fd6f8UAE9kwgnCwJXbxg7phdAo9Rm5qF66yB8ZZhF9nDbOtKM,0.7796109999999999,4.236269,1.8970619999999998
291900,a9P876+Ln/IyFg6fd6f8UAE9kwgnCwJXbxg7phdAo9Rm5qF66yB8ZZhF9nDbOtKM,1.06439,2.9113130000000003,1.8756279999999999
292200,a9P876+Ln/IyFg6fd6f8UAE9kwgnCwJXbxg7phdAo9Rm5qF66yB8ZZhF9nDbOtKM,0.8313139999999999,3.8218870000000003,1.8009419999999998
292500,a9P876+Ln/IyFg6fd6f8UAE9kwgnCwJXbxg7phdAo9Rm5qF66yB8ZZhF9nDbOtKM,0.9863799999999999,2.644079,1.789246
292800,a9P876+Ln/IyFg6fd6f8UAE9kwgnCwJXbxg7phdAo9Rm5qF66yB8ZZhF9nDbOtKM,0.471429,2.614933,1.730898
293100,a9P876+Ln/IyFg6fd6f8UAE9kwgnCwJXbxg7phdAo9Rm5qF66yB8ZZhF9nDbOtKM,0.9109149999999999,3.4281230000000003,1.864597
293400,a9P876+Ln/IyFg6fd6f8UAE9kwgnCwJXbxg7phdAo9Rm5qF66yB8ZZhF9nDbOtKM,0.9206120000000001,2.56243,1.7701630000000002
293700,a9P876+Ln/IyFg6fd6f8UAE9kwgnCwJXbxg7phdAo9Rm5qF66yB8ZZhF9nDbOtKM,0.911116,4.926523,2.099373
294000,a9P876+Ln/IyFg6fd6f8UAE9kwgnCwJXbxg7phdAo9Rm5qF66yB8ZZhF9nDbOtKM,0.752384,2.749991,1.792041
294300,a9P876+Ln/IyFg6fd6f8UAE9kwgnCwJXbxg7phdAo9Rm5qF66yB8ZZhF9nDbOtKM,0.676312,3.831264,1.9130580000000001
294600,a9P876+Ln/IyFg6fd6f8UAE9kwgnCwJXbxg7phdAo9Rm5qF66yB8ZZhF9nDbOtKM,0.6668109999999999,2.7029,1.7916330000000003
294900,a9P876+Ln/IyFg6fd6f8UAE9kwgnCwJXbxg7phdAo9Rm5qF66yB8ZZhF9nDbOtKM,0.48151000000000005,7.29541,2.1198650000000003
295200,a9P876+Ln/IyFg6fd6f8UAE9kwgnCwJXbxg7phdAo9Rm5qF66yB8ZZhF9nDbOtKM,0.675321,2.698671,1.776217
295500,a9P876+Ln/IyFg6fd6f8UAE9kwgnCwJXbxg7phdAo9Rm5qF66yB8ZZhF9nDbOtKM,0.813329,2.9844630000000003,1.8833520000000001
295800,a9P876+Ln/IyFg6fd6f8UAE9kwgnCwJXbxg7phdAo9Rm5qF66yB8ZZhF9nDbOtKM,0.41918999999999995,3.6395489999999997,1.8137279999999998
296100,a9P876+Ln/IyFg6fd6f8UAE9kwgnCwJXbxg7phdAo9Rm5qF66yB8ZZhF9nDbOtKM,0.712072,3.169457,1.841072
296400,a9P876+Ln/IyFg6fd6f8UAE9kwgnCwJXbxg7phdAo9Rm5qF66yB8ZZhF9nDbOtKM,0.289731,2.67798,1.6528200000000002
296700,a9P876+Ln/IyFg6fd6f8UAE9kwgnCwJXbxg7phdAo9Rm5qF66yB8ZZhF9nDbOtKM,0.750095,3.1499029999999997,1.9666970000000001
297000,a9P876+Ln/IyFg6fd6f8UAE9kwgnCwJXbxg7phdAo9Rm5qF66yB8ZZhF9nDbOtKM,0.88131,3.718871,1.8519709999999998
297300,a9P876+Ln/IyFg6fd6f8UAE9kwgnCwJXbxg7phdAo9Rm5qF66yB8ZZhF9nDbOtKM,0.7714449999999999,3.779671,1.9037669999999998
297600,a9P876+Ln/IyFg6fd6f8UAE9kwgnCwJXbxg7phdAo9Rm5qF66yB8ZZhF9nDbOtKM,0.409146,2.492518,1.634759
297900,a9P876+Ln/IyFg6fd6f8UAE9kwgnCwJXbxg7phdAo9Rm5qF66yB8ZZhF9nDbOtKM,1.1085450000000001,3.563071,1.904837
298200,a9P876+Ln/IyFg6fd6f8UAE9kwgnCwJXbxg7phdAo9Rm5qF66yB8ZZhF9nDbOtKM,0.281006,2.632794,1.6931720000000001
298500,a9P876+Ln/IyFg6fd6f8UAE9kwgnCwJXbxg7phdAo9Rm5qF66yB8ZZhF9nDbOtKM,0.251246,7.998172,2.033782
298800,a9P876+Ln/IyFg6fd6f8UAE9kwgnCwJXbxg7phdAo9Rm5qF66yB8ZZhF9nDbOtKM,0.819369,3.069163,1.827294
299100,a9P876+Ln/IyFg6fd6f8UAE9kwgnCwJXbxg7phdAo9Rm5qF66yB8ZZhF9nDbOtKM,0.907832,2.945097,1.949209
299400,a9P876+Ln/IyFg6fd6f8UAE9kwgnCwJXbxg7phdAo9Rm5qF66yB8ZZhF9nDbOtKM,0.852107,31.159277000000003,5.482912000000001
299700,a9P876+Ln/IyFg6fd6f8UAE9kwgnCwJXbxg7phdAo9Rm5qF66yB8ZZhF9nDbOtKM,0.884181,4.077553,2.07639
300000,a9P876+Ln/IyFg6fd6f8UAE9kwgnCwJXbxg7phdAo9Rm5qF66yB8ZZhF9nDbOtKM,0.7119340000000001,2.801169,1.8903009999999998
300300,a9P876+Ln/IyFg6fd6f8UAE9kwgnCwJXbxg7phdAo9Rm5qF66yB8ZZhF9nDbOtKM,0.706882,3.42335,1.9363580000000002
300600,a9P876+Ln/IyFg6fd6f8UAE9kwgnCwJXbxg7phdAo9Rm5qF66yB8ZZhF9nDbOtKM,1.0115180000000001,2.48733,1.849232
300900,a9P876+Ln/IyFg6fd6f8UAE9kwgnCwJXbxg7phdAo9Rm5qF66yB8ZZhF9nDbOtKM,0.386519,2.746871,1.831552
301200,a9P876+Ln/IyFg6fd6f8UAE9kwgnCwJXbxg7phdAo9Rm5qF66yB8ZZhF9nDbOtKM,0.317809,2.6694970000000002,1.680291
301500,a9P876+Ln/IyFg6fd6f8UAE9kwgnCwJXbxg7phdAo9Rm5qF66yB8ZZhF9nDbOtKM,0.8468200000000001,2.7733659999999998,1.9537830000000003
301800,a9P876+Ln/IyFg6fd6f8UAE9kwgnCwJXbxg7phdAo9Rm5qF66yB8ZZhF9nDbOtKM,0.663588,3.091939,1.748102
302100,a9P876+Ln/IyFg6fd6f8UAE9kwgnCwJXbxg7phdAo9Rm5qF66yB8ZZhF9nDbOtKM,1.08376,6.065714,2.272656
302400,a9P876+Ln/IyFg6fd6f8UAE9kwgnCwJXbxg7phdAo9Rm5qF66yB8ZZhF9nDbOtKM,0.9778959999999999,3.04973,1.907403
302700,a9P876+Ln/IyFg6fd6f8UAE9kwgnCwJXbxg7phdAo9Rm5qF66yB8ZZhF9nDbOtKM,0.97149,2.820433,1.9741810000000002
303000,a9P876+Ln/IyFg6fd6f8UAE9kwgnCwJXbxg7phdAo9Rm5qF66yB8ZZhF9nDbOtKM,0.6350560000000001,79.633637,9.495165
303300,a9P876+Ln/IyFg6fd6f8UAE9kwgnCwJXbxg7phdAo9Rm5qF66yB8ZZhF9nDbOtKM,1.206536,3.313333,1.997482
303600,a9P876+Ln/IyFg6fd6f8UAE9kwgnCwJXbxg7phdAo9Rm5qF66yB8ZZhF9nDbOtKM,0.615801,2.916321,1.8089680000000001
303900,a9P876+Ln/IyFg6fd6f8UAE9kwgnCwJXbxg7phdAo9Rm5qF66yB8ZZhF9nDbOtKM,0.8628680000000001,3.620818,2.08453
304200,a9P876+Ln/IyFg6fd6f8UAE9kwgnCwJXbxg7phdAo9Rm5qF66yB8ZZhF9nDbOtKM,1.112263,2.71137,1.8967939999999999
304500,a9P876+Ln/IyFg6fd6f8UAE9kwgnCwJXbxg7phdAo9Rm5qF66yB8ZZhF9nDbOtKM,0.542431,3.1248650000000002,1.985436
304800,a9P876+Ln/IyFg6fd6f8UAE9kwgnCwJXbxg7phdAo9Rm5qF66yB8ZZhF9nDbOtKM,1.29615,2.854243,1.925823
305100,a9P876+Ln/IyFg6fd6f8UAE9kwgnCwJXbxg7phdAo9Rm5qF66yB8ZZhF9nDbOtKM,0.500694,7.198204,2.1792689999999997
305400,a9P876+Ln/IyFg6fd6f8UAE9kwgnCwJXbxg7phdAo9Rm5qF66yB8ZZhF9nDbOtKM,0.960686,2.9751220000000003,1.955575
305700,a9P876+Ln/IyFg6fd6f8UAE9kwgnCwJXbxg7phdAo9Rm5qF66yB8ZZhF9nDbOtKM,0.619174,5.704048,2.69703
306000,a9P876+Ln/IyFg6fd6f8UAE9kwgnCwJXbxg7phdAo9Rm5qF66yB8ZZhF9nDbOtKM,1.442939,3.967797,2.7378139999999997
306300,a9P876+Ln/IyFg6fd6f8UAE9kwgnCwJXbxg7phdAo9Rm5qF66yB8ZZhF9nDbOtKM,0.296435,4.161178,2.1759619999999997
306600,a9P876+Ln/IyFg6fd6f8UAE9kwgnCwJXbxg7phdAo9Rm5qF66yB8ZZhF9nDbOtKM,1.150149,21.406095,3.073953
306900,a9P876+Ln/IyFg6fd6f8UAE9kwgnCwJXbxg7phdAo9Rm5qF66yB8ZZhF9nDbOtKM,1.076502,2.686487,1.994959
307200,a9P876+Ln/IyFg6fd6f8UAE9kwgnCwJXbxg7phdAo9Rm5qF66yB8ZZhF9nDbOtKM,0.8525209999999999,3.214613,1.890207
307500,a9P876+Ln/IyFg6fd6f8UAE9kwgnCwJXbxg7phdAo9Rm5qF66yB8ZZhF9nDbOtKM,1.0964530000000001,3.10295,2.059269
307800,a9P876+Ln/IyFg6fd6f8UAE9kwgnCwJXbxg7phdAo9Rm5qF66yB8ZZhF9nDbOtKM,0.806711,3.656684,2.01329
308100,a9P876+Ln/IyFg6fd6f8UAE9kwgnCwJXbxg7phdAo9Rm5qF66yB8ZZhF9nDbOtKM,1.1187120000000002,3.7460660000000003,2.413049
308400,a9P876+Ln/IyFg6fd6f8UAE9kwgnCwJXbxg7phdAo9Rm5qF66yB8ZZhF9nDbOtKM,0.737171,3.665167,2.528301
308700,a9P876+Ln/IyFg6fd6f8UAE9kwgnCwJXbxg7phdAo9Rm5qF66yB8ZZhF9nDbOtKM,0.975542,3.349382,2.4186259999999997
309000,a9P876+Ln/IyFg6fd6f8UAE9kwgnCwJXbxg7phdAo9Rm5qF66yB8ZZhF9nDbOtKM,0.8276290000000001,2.630305,1.807908
309300,a9P876+Ln/IyFg6fd6f8UAE9kwgnCwJXbxg7phdAo9Rm5qF66yB8ZZhF9nDbOtKM,0.725396,5.286049,2.211439
309600,a9P876+Ln/IyFg6fd6f8UAE9kwgnCwJXbxg7phdAo9Rm5qF66yB8ZZhF9nDbOtKM,0.723288,3.216357,1.955777
309900,a9P876+Ln/IyFg6fd6f8UAE9kwgnCwJXbxg7phdAo9Rm5qF66yB8ZZhF9nDbOtKM,0.598766,3.027883,1.994707
310200,a9P876+Ln/IyFg6fd6f8UAE9kwgnCwJXbxg7phdAo9Rm5qF66yB8ZZhF9nDbOtKM,0.927392,44.976966,6.1858629999999994
310500,a9P876+Ln/IyFg6fd6f8UAE9kwgnCwJXbxg7phdAo9Rm5qF66yB8ZZhF9nDbOtKM,1.096219,14.827906,2.6881779999999997
310800,a9P876+Ln/IyFg6fd6f8UAE9kwgnCwJXbxg7phdAo9Rm5qF66yB8ZZhF9nDbOtKM,0.6200060000000001,3.3567169999999997,2.048892
311100,a9P876+Ln/IyFg6fd6f8UAE9kwgnCwJXbxg7phdAo9Rm5qF66yB8ZZhF9nDbOtKM,0.423457,3.272051,2.0584130000000003
311400,a9P876+Ln/IyFg6fd6f8UAE9kwgnCwJXbxg7phdAo9Rm5qF66yB8ZZhF9nDbOtKM,0.872957,3.3571,2.059416
311700,a9P876+Ln/IyFg6fd6f8UAE9kwgnCwJXbxg7phdAo9Rm5qF66yB8ZZhF9nDbOtKM,0.747975,3.364789,2.163579
312000,a9P876+Ln/IyFg6fd6f8UAE9kwgnCwJXbxg7phdAo9Rm5qF66yB8ZZhF9nDbOtKM,0.696721,3.140596,1.953815
312300,a9P876+Ln/IyFg6fd6f8UAE9kwgnCwJXbxg7phdAo9Rm5qF66yB8ZZhF9nDbOtKM,0.928265,3.7441809999999998,2.1242419999999997
312600,a9P876+Ln/IyFg6fd6f8UAE9kwgnCwJXbxg7phdAo9Rm5qF66yB8ZZhF9nDbOtKM,1.248585,14.745232999999999,3.029809
312900,a9P876+Ln/IyFg6fd6f8UAE9kwgnCwJXbxg7phdAo9Rm5qF66yB8ZZhF9nDbOtKM,0.722384,6.103004,2.450097
313200,a9P876+Ln/IyFg6fd6f8UAE9kwgnCwJXbxg7phdAo9Rm5qF66yB8ZZhF9nDbOtKM,1.1021969999999999,3.198639,2.097371
313500,a9P876+Ln/IyFg6fd6f8UAE9kwgnCwJXbxg7phdAo9Rm5qF66yB8ZZhF9nDbOtKM,1.2985440000000001,3.181797,2.160732
313800,a9P876+Ln/IyFg6fd6f8UAE9kwgnCwJXbxg7phdAo9Rm5qF66yB8ZZhF9nDbOtKM,0.817237,59.269612,7.6069320000000005
314100,a9P876+Ln/IyFg6fd6f8UAE9kwgnCwJXbxg7phdAo9Rm5qF66yB8ZZhF9nDbOtKM,0.582875,3.643728,2.232704
314400,a9P876+Ln/IyFg6fd6f8UAE9kwgnCwJXbxg7phdAo9Rm5qF66yB8ZZhF9nDbOtKM,0.397339,4.03832,2.0190509999999997
314700,a9P876+Ln/IyFg6fd6f8UAE9kwgnCwJXbxg7phdAo9Rm5qF66yB8ZZhF9nDbOtKM,0.8973770000000001,5.130031,2.23188
315000,a9P876+Ln/IyFg6fd6f8UAE9kwgnCwJXbxg7phdAo9Rm5qF66yB8ZZhF9nDbOtKM,0.92224,3.5390989999999998,2.169225
315300,a9P876+Ln/IyFg6fd6f8UAE9kwgnCwJXbxg7phdAo9Rm5qF66yB8ZZhF9nDbOtKM,0.8658879999999999,4.139195,2.1660470000000003
315600,a9P876+Ln/IyFg6fd6f8UAE9kwgnCwJXbxg7phdAo9Rm5qF66yB8ZZhF9nDbOtKM,0.7808970000000001,3.774255,2.101667
315900,a9P876+Ln/IyFg6fd6f8UAE9kwgnCwJXbxg7phdAo9Rm5qF66yB8ZZhF9nDbOtKM,0.711399,3.289911,2.190776
316200,a9P876+Ln/IyFg6fd6f8UAE9kwgnCwJXbxg7phdAo9Rm5qF66yB8ZZhF9nDbOtKM,0.583338,3.5210980000000003,2.158057
316500,a9P876+Ln/IyFg6fd6f8UAE9kwgnCwJXbxg7phdAo9Rm5qF66yB8ZZhF9nDbOtKM,0.268046,5.818830999999999,2.3887709999999998
316800,a9P876+Ln/IyFg6fd6f8UAE9kwgnCwJXbxg7phdAo9Rm5qF66yB8ZZhF9nDbOtKM,1.3732229999999999,3.051898,2.162413
317100,a9P876+Ln/IyFg6fd6f8UAE9kwgnCwJXbxg7phdAo9Rm5qF66yB8ZZhF9nDbOtKM,0.44292299999999996,4.143199,2.145666
317400,a9P876+Ln/IyFg6fd6f8UAE9kwgnCwJXbxg7phdAo9Rm5qF66yB8ZZhF9nDbOtKM,0.614108,43.44808,6.316222
317700,a9P876+Ln/IyFg6fd6f8UAE9kwgnCwJXbxg7phdAo9Rm5qF66yB8ZZhF9nDbOtKM,1.192649,3.221294,2.349012
318000,a9P876+Ln/IyFg6fd6f8UAE9kwgnCwJXbxg7phdAo9Rm5qF66yB8ZZhF9nDbOtKM,1.1085040000000002,3.782775,2.315554
318300,a9P876+Ln/IyFg6fd6f8UAE9kwgnCwJXbxg7phdAo9Rm5qF66yB8ZZhF9nDbOtKM,1.22698,3.818433,2.351097
318600,a9P876+Ln/IyFg6fd6f8UAE9kwgnCwJXbxg7phdAo9Rm5qF66yB8ZZhF9nDbOtKM,1.1221709999999998,3.634575,2.1956919999999998
318900,a9P876+Ln/IyFg6fd6f8UAE9kwgnCwJXbxg7phdAo9Rm5qF66yB8ZZhF9nDbOtKM,1.095761,3.821878,2.310639
319200,a9P876+Ln/IyFg6fd6f8UAE9kwgnCwJXbxg7phdAo9Rm5qF66yB8ZZhF9nDbOtKM,1.293987,20.489623,3.2724159999999998
319500,a9P876+Ln/IyFg6fd6f8UAE9kwgnCwJXbxg7phdAo9Rm5qF66yB8ZZhF9nDbOtKM,0.804521,3.7640830000000003,2.366886
319800,a9P876+Ln/IyFg6fd6f8UAE9kwgnCwJXbxg7phdAo9Rm5qF66yB8ZZhF9nDbOtKM,0.704546,2.852476,2.180273
320100,a9P876+Ln/IyFg6fd6f8UAE9kwgnCwJXbxg7phdAo9Rm5qF66yB8ZZhF9nDbOtKM,1.013249,7.641872,2.699267
320400,a9P876+Ln/IyFg6fd6f8UAE9kwgnCwJXbxg7phdAo9Rm5qF66yB8ZZhF9nDbOtKM,1.234531,3.537372,2.255139
320700,a9P876+Ln/IyFg6fd6f8UAE9kwgnCwJXbxg7phdAo9Rm5qF66yB8ZZhF9nDbOtKM,0.967865,4.040426,2.235465
321000,a9P876+Ln/IyFg6fd6f8UAE9kwgnCwJXbxg7phdAo9Rm5qF66yB8ZZhF9nDbOtKM,1.506176,56.75846899999999,7.70207
321300,a9P876+Ln/IyFg6fd6f8UAE9kwgnCwJXbxg7phdAo9Rm5qF66yB8ZZhF9nDbOtKM,0.25959099999999996,3.9658290000000003,2.243753
321600,a9P876+Ln/IyFg6fd6f8UAE9kwgnCwJXbxg7phdAo9Rm5qF66yB8ZZhF9nDbOtKM,1.5493,3.463545,2.421302
321900,a9P876+Ln/IyFg6fd6f8UAE9kwgnCwJXbxg7phdAo9Rm5qF66yB8ZZhF9nDbOtKM,0.22412600000000002,3.6245800000000004,2.280842
322200,a9P876+Ln/IyFg6fd6f8UAE9kwgnCwJXbxg7phdAo9Rm5qF66yB8ZZhF9nDbOtKM,0.962692,14.681559,3.940193
322500,a9P876+Ln/IyFg6fd6f8UAE9kwgnCwJXbxg7phdAo9Rm5qF66yB8ZZhF9nDbOtKM,0.290643,6.831726,2.695525
322800,a9P876+Ln/IyFg6fd6f8UAE9kwgnCwJXbxg7phdAo9Rm5qF66yB8ZZhF9nDbOtKM,0.22618899999999997,3.060669,2.192728
323100,a9P876+Ln/IyFg6fd6f8UAE9kwgnCwJXbxg7phdAo9Rm5qF66yB8ZZhF9nDbOtKM,1.467324,3.930529,2.572803
323400,a9P876+Ln/IyFg6fd6f8UAE9kwgnCwJXbxg7phdAo9Rm5qF66yB8ZZhF9nDbOtKM,0.250197,4.120773000000001,2.2277
323700,a9P876+Ln/IyFg6fd6f8UAE9kwgnCwJXbxg7phdAo9Rm5qF66yB8ZZhF9nDbOtKM,1.104682,6.726241,2.764757
324000,a9P876+Ln/IyFg6fd6f8UAE9kwgnCwJXbxg7phdAo9Rm5qF66yB8ZZhF9nDbOtKM,0.294371,23.229034,3.3183160000000003
324300,a9P876+Ln/IyFg6fd6f8UAE9kwgnCwJXbxg7phdAo9Rm5qF66yB8ZZhF9nDbOtKM,1.478183,3.526464,2.50855
324600,a9P876+Ln/IyFg6fd6f8UAE9kwgnCwJXbxg7phdAo9Rm5qF66yB8ZZhF9nDbOtKM,0.272927,51.341074,9.680058
324900,a9P876+Ln/IyFg6fd6f8UAE9kwgnCwJXbxg7phdAo9Rm5qF66yB8ZZhF9nDbOtKM,1.155153,3.6695949999999997,2.594272
325200,a9P876+Ln/IyFg6fd6f8UAE9kwgnCwJXbxg7phdAo9Rm5qF66yB8ZZhF9nDbOtKM,0.991452,24.653257,3.9875010000000004
325500,a9P876+Ln/IyFg6fd6f8UAE9kwgnCwJXbxg7phdAo9Rm5qF66yB8ZZhF9nDbOtKM,0.32968200000000003,5.4849440000000005,2.402778
325800,a9P876+Ln/IyFg6fd6f8UAE9kwgnCwJXbxg7phdAo9Rm5qF66yB8ZZhF9nDbOtKM,1.477139,3.5718339999999995,2.578795
326100,a9P876+Ln/IyFg6fd6f8UAE9kwgnCwJXbxg7phdAo9Rm5qF66yB8ZZhF9nDbOtKM,0.30539299999999997,3.710315,2.435502
326400,a9P876+Ln/IyFg6fd6f8UAE9kwgnCwJXbxg7phdAo9Rm5qF66yB8ZZhF9nDbOtKM,1.536516,3.402199,2.5357979999999998
326700,a9P876+Ln/IyFg6fd6f8UAE9kwgnCwJXbxg7phdAo9Rm5qF66yB8ZZhF9nDbOtKM,0.277359,3.6124389999999997,2.337839
327000,a9P876+Ln/IyFg6fd6f8UAE9kwgnCwJXbxg7phdAo9Rm5qF66yB8ZZhF9nDbOtKM,1.628534,3.443582,2.54275
327300,a9P876+Ln/IyFg6fd6f8UAE9kwgnCwJXbxg7phdAo9Rm5qF66yB8ZZhF9nDbOtKM,0.698706,6.736325,2.690459
327600,a9P876+Ln/IyFg6fd6f8UAE9kwgnCwJXbxg7phdAo9Rm5qF66yB8ZZhF9nDbOtKM,1.0899729999999999,3.7902050000000003,2.573709
327900,a9P876+Ln/IyFg6fd6f8UAE9kwgnCwJXbxg7phdAo9Rm5qF66yB8ZZhF9nDbOtKM,1.140507,3.950392,2.588621
328200,a9P876+Ln/IyFg6fd6f8UAE9kwgnCwJXbxg7phdAo9Rm5qF66yB8ZZhF9nDbOtKM,1.574178,4.159445,2.64474
328500,a9P876+Ln/IyFg6fd6f8UAE9kwgnCwJXbxg7phdAo9Rm5qF66yB8ZZhF9nDbOtKM,0.565448,3.9315839999999995,2.4408119999999998
328800,a9P876+Ln/IyFg6fd6f8UAE9kwgnCwJXbxg7phdAo9Rm5qF66yB8ZZhF9nDbOtKM,0.9575629999999999,4.396016,2.5050630000000003
329100,a9P876+Ln/IyFg6fd6f8UAE9kwgnCwJXbxg7phdAo9Rm5qF66yB8ZZhF9nDbOtKM,1.37707,4.2818190000000005,2.691841
329400,a9P876+Ln/IyFg6fd6f8UAE9kwgnCwJXbxg7phdAo9Rm5qF66yB8ZZhF9nDbOtKM,0.667938,12.496392,3.255663
329700,a9P876+Ln/IyFg6fd6f8UAE9kwgnCwJXbxg7phdAo9Rm5qF66yB8ZZhF9nDbOtKM,1.154199,4.099114,2.688109
330000,a9P876+Ln/IyFg6fd6f8UAE9kwgnCwJXbxg7phdAo9Rm5qF66yB8ZZhF9nDbOtKM,1.146224,9.847914999999999,3.2763619999999998
330300,a9P876+Ln/IyFg6fd6f8UAE9kwgnCwJXbxg7phdAo9Rm5qF66yB8ZZhF9nDbOtKM,1.636158,3.91031,2.7077430000000002
330600,a9P876+Ln/IyFg6fd6f8UAE9kwgnCwJXbxg7phdAo9Rm5qF66yB8ZZhF9nDbOtKM,0.897424,5.245763,2.668814
330900,a9P876+Ln/IyFg6fd6f8UAE9kwgnCwJXbxg7phdAo9Rm5qF66yB8ZZhF9nDbOtKM,1.5571840000000001,6.214201,3.002421
331200,a9P876+Ln/IyFg6fd6f8UAE9kwgnCwJXbxg7phdAo9Rm5qF66yB8ZZhF9nDbOtKM,0.396663,3.576339,2.368082
331500,a9P876+Ln/IyFg6fd6f8UAE9kwgnCwJXbxg7phdAo9Rm5qF66yB8ZZhF9nDbOtKM,1.072901,26.034645,3.7518629999999997
331800,a9P876+Ln/IyFg6fd6f8UAE9kwgnCwJXbxg7phdAo9Rm5qF66yB8ZZhF9nDbOtKM,1.065927,40.910001,8.029538
332100,a9P876+Ln/IyFg6fd6f8UAE9kwgnCwJXbxg7phdAo9Rm5qF66yB8ZZhF9nDbOtKM,0.272305,3.670972,2.381971
332400,a9P876+Ln/IyFg6fd6f8UAE9kwgnCwJXbxg7phdAo9Rm5qF66yB8ZZhF9nDbOtKM,1.7333720000000001,3.980454,2.667377
332700,a9P876+Ln/IyFg6fd6f8UAE9kwgnCwJXbxg7phdAo9Rm5qF66yB8ZZhF9nDbOtKM,0.436641,3.800908,2.544661
333000,a9P876+Ln/IyFg6fd6f8UAE9kwgnCwJXbxg7phdAo9Rm5qF66yB8ZZhF9nDbOtKM,1.366147,3.7585629999999997,2.6875299999999998
333300,a9P876+Ln/IyFg6fd6f8UAE9kwgnCwJXbxg7phdAo9Rm5qF66yB8ZZhF9nDbOtKM,1.202685,4.862726,2.779687
333600,a9P876+Ln/IyFg6fd6f8UAE9kwgnCwJXbxg7phdAo9Rm5qF66yB8ZZhF9nDbOtKM,1.024563,4.19741,2.644102
333900,a9P876+Ln/IyFg6fd6f8UAE9kwgnCwJXbxg7phdAo9Rm5qF66yB8ZZhF9nDbOtKM,0.613946,4.250703,2.535327
334200,a9P876+Ln/IyFg6fd6f8UAE9kwgnCwJXbxg7phdAo9Rm5qF66yB8ZZhF9nDbOtKM,0.390257,4.457071,2.498769
334500,a9P876+Ln/IyFg6fd6f8UAE9kwgnCwJXbxg7phdAo9Rm5qF66yB8ZZhF9nDbOtKM,0.939149,6.484971,3.0910450000000003
334800,a9P876+Ln/IyFg6fd6f8UAE9kwgnCwJXbxg7phdAo9Rm5qF66yB8ZZhF9nDbOtKM,0.234519,3.669227,2.475318
335100,a9P876+Ln/IyFg6fd6f8UAE9kwgnCwJXbxg7phdAo9Rm5qF66yB8ZZhF9nDbOtKM,0.835672,4.197062,2.776561
335400,a9P876+Ln/IyFg6fd6f8UAE9kwgnCwJXbxg7phdAo9Rm5qF66yB8ZZhF9nDbOtKM,0.600925,4.394296,2.58411
335700,a9P876+Ln/IyFg6fd6f8UAE9kwgnCwJXbxg7phdAo9Rm5qF66yB8ZZhF9nDbOtKM,1.510047,4.513017,2.809384
336000,a9P876+Ln/IyFg6fd6f8UAE9kwgnCwJXbxg7phdAo9Rm5qF66yB8ZZhF9nDbOtKM,0.975949,4.003471,2.664026
336300,a9P876+Ln/IyFg6fd6f8UAE9kwgnCwJXbxg7phdAo9Rm5qF66yB8ZZhF9nDbOtKM,1.3077020000000001,4.252845,2.839842
336600,a9P876+Ln/IyFg6fd6f8UAE9kwgnCwJXbxg7phdAo9Rm5qF66yB8ZZhF9nDbOtKM,0.258457,4.052973000000001,2.467522
336900,a9P876+Ln/IyFg6fd6f8UAE9kwgnCwJXbxg7phdAo9Rm5qF66yB8ZZhF9nDbOtKM,0.458132,4.614264,2.633896
337200,a9P876+Ln/IyFg6fd6f8UAE9kwgnCwJXbxg7phdAo9Rm5qF66yB8ZZhF9nDbOtKM,1.441415,3.9498870000000004,2.6843169999999996
337500,a9P876+Ln/IyFg6fd6f8UAE9kwgnCwJXbxg7phdAo9Rm5qF66yB8ZZhF9nDbOtKM,0.631054,4.219007,2.708952
337800,a9P876+Ln/IyFg6fd6f8UAE9kwgnCwJXbxg7phdAo9Rm5qF66yB8ZZhF9nDbOtKM,1.504904,3.848778,2.730677
338100,a9P876+Ln/IyFg6fd6f8UAE9kwgnCwJXbxg7phdAo9Rm5qF66yB8ZZhF9nDbOtKM,0.431622,6.820946000000001,2.876686
338400,a9P876+Ln/IyFg6fd6f8UAE9kwgnCwJXbxg7phdAo9Rm5qF66yB8ZZhF9nDbOtKM,1.7768099999999998,3.658295,2.677355
338700,a9P876+Ln/IyFg6fd6f8UAE9kwgnCwJXbxg7phdAo9Rm5qF66yB8ZZhF9nDbOtKM,1.577126,12.911856,3.369501
339000,a9P876+Ln/IyFg6fd6f8UAE9kwgnCwJXbxg7phdAo9Rm5qF66yB8ZZhF9nDbOtKM,1.096547,33.014441999999995,7.3370869999999995
339300,a9P876+Ln/IyFg6fd6f8UAE9kwgnCwJXbxg7phdAo9Rm5qF66yB8ZZhF9nDbOtKM,0.567333,3.423035,2.587399
339600,a9P876+Ln/IyFg6fd6f8UAE9kwgnCwJXbxg7phdAo9Rm5qF66yB8ZZhF9nDbOtKM,0.4227,4.8178540000000005,2.615097
339900,a9P876+Ln/IyFg6fd6f8UAE9kwgnCwJXbxg7phdAo9Rm5qF66yB8ZZhF9nDbOtKM,1.7437759999999998,3.89604,2.874653
340200,a9P876+Ln/IyFg6fd6f8UAE9kwgnCwJXbxg7phdAo9Rm5qF66yB8ZZhF9nDbOtKM,0.5250729999999999,4.2114720000000005,2.7694419999999997
340500,a9P876+Ln/IyFg6fd6f8UAE9kwgnCwJXbxg7phdAo9Rm5qF66yB8ZZhF9nDbOtKM,2.1277150000000002,4.084194999999999,2.886218
340800,a9P876+Ln/IyFg6fd6f8UAE9kwgnCwJXbxg7phdAo9Rm5qF66yB8ZZhF9nDbOtKM,0.25063,4.579092,2.4821009999999997
341100,a9P876+Ln/IyFg6fd6f8UAE9kwgnCwJXbxg7phdAo9Rm5qF66yB8ZZhF9nDbOtKM,1.7820080000000003,3.9029580000000004,2.90677
341400,a9P876+Ln/IyFg6fd6f8UAE9kwgnCwJXbxg7phdAo9Rm5qF66yB8ZZhF9nDbOtKM,0.5404140000000001,4.187931,2.604077
341700,a9P876+Ln/IyFg6fd6f8UAE9kwgnCwJXbxg7phdAo9Rm5qF66yB8ZZhF9nDbOtKM,1.19193,6.254253,3.1686349999999996
342000,a9P876+Ln/IyFg6fd6f8UAE9kwgnCwJXbxg7phdAo9Rm5qF66yB8ZZhF9nDbOtKM,0.364674,3.622953,2.516543
342300,a9P876+Ln/IyFg6fd6f8UAE9kwgnCwJXbxg7phdAo9Rm5qF66yB8ZZhF9nDbOtKM,0.686281,4.1407739999999995,2.68415
342600,a9P876+Ln/IyFg6fd6f8UAE9kwgnCwJXbxg7phdAo9Rm5qF66yB8ZZhF9nDbOtKM,1.320101,43.738538,9.389654
342900,a9P876+Ln/IyFg6fd6f8UAE9kwgnCwJXbxg7phdAo9Rm5qF66yB8ZZhF9nDbOtKM,0.373752,4.446004,2.884687
343200,a9P876+Ln/IyFg6fd6f8UAE9kwgnCwJXbxg7phdAo9Rm5qF66yB8ZZhF9nDbOtKM,0.9576819999999999,4.293867,2.838213
343500,a9P876+Ln/IyFg6fd6f8UAE9kwgnCwJXbxg7phdAo9Rm5qF66yB8ZZhF9nDbOtKM,0.430517,3.8527489999999998,2.4361029999999997
343800,a9P876+Ln/IyFg6fd6f8UAE9kwgnCwJXbxg7phdAo9Rm5qF66yB8ZZhF9nDbOtKM,1.478856,4.282101,2.734626
344100,a9P876+Ln/IyFg6fd6f8UAE9kwgnCwJXbxg7phdAo9Rm5qF66yB8ZZhF9nDbOtKM,0.309116,4.149673,2.670769
344400,a9P876+Ln/IyFg6fd6f8UAE9kwgnCwJXbxg7phdAo9Rm5qF66yB8ZZhF9nDbOtKM,1.207907,4.091385,2.7206900000000003
344700,a9P876+Ln/IyFg6fd6f8UAE9kwgnCwJXbxg7phdAo9Rm5qF66yB8ZZhF9nDbOtKM,1.065312,4.294976999999999,2.826482
345000,a9P876+Ln/IyFg6fd6f8UAE9kwgnCwJXbxg7phdAo9Rm5qF66yB8ZZhF9nDbOtKM,0.641523,4.161224,2.4913220000000003
345300,a9P876+Ln/IyFg6fd6f8UAE9kwgnCwJXbxg7phdAo9Rm5qF66yB8ZZhF9nDbOtKM,1.3362,6.775500999999999,3.107857
345600,a9P876+Ln/IyFg6fd6f8UAE9kwgnCwJXbxg7phdAo9Rm5qF66yB8ZZhF9nDbOtKM,0.445032,4.375751999999999,2.591908
345900,a9P876+Ln/IyFg6fd6f8UAE9kwgnCwJXbxg7phdAo9Rm5qF66yB8ZZhF9nDbOtKM,1.039247,4.1838,2.840243
346200,a9P876+Ln/IyFg6fd6f8UAE9kwgnCwJXbxg7phdAo9Rm5qF66yB8ZZhF9nDbOtKM,1.4595069999999999,27.569703999999998,6.021083
346500,a9P876+Ln/IyFg6fd6f8UAE9kwgnCwJXbxg7phdAo9Rm5qF66yB8ZZhF9nDbOtKM,0.977715,4.229054,2.860441
346800,a9P876+Ln/IyFg6fd6f8UAE9kwgnCwJXbxg7phdAo9Rm5qF66yB8ZZhF9nDbOtKM,0.42000600000000005,3.9559050000000004,2.60961
347100,a9P876+Ln/IyFg6fd6f8UAE9kwgnCwJXbxg7phdAo9Rm5qF66yB8ZZhF9nDbOtKM,1.182477,5.785856,2.931607
347400,a9P876+Ln/IyFg6fd6f8UAE9kwgnCwJXbxg7phdAo9Rm5qF66yB8ZZhF9nDbOtKM,0.651144,4.386998999999999,2.630059
347700,a9P876+Ln/IyFg6fd6f8UAE9kwgnCwJXbxg7phdAo9Rm5qF66yB8ZZhF9nDbOtKM,1.00759,33.638721999999994,4.490263
348000,a9P876+Ln/IyFg6fd6f8UAE9kwgnCwJXbxg7phdAo9Rm5qF66yB8ZZhF9nDbOtKM,0.672927,4.712408,2.823323
348300,a9P876+Ln/IyFg6fd6f8UAE9kwgnCwJXbxg7phdAo9Rm5qF66yB8ZZhF9nDbOtKM,0.45782399999999995,5.2025,2.718226
348600,a9P876+Ln/IyFg6fd6f8UAE9kwgnCwJXbxg7phdAo9Rm5qF66yB8ZZhF9nDbOtKM,0.708404,5.161059,2.839648
348900,a9P876+Ln/IyFg6fd6f8UAE9kwgnCwJXbxg7phdAo9Rm5qF66yB8ZZhF9nDbOtKM,0.920374,8.801466,2.997478
349200,a9P876+Ln/IyFg6fd6f8UAE9kwgnCwJXbxg7phdAo9Rm5qF66yB8ZZhF9nDbOtKM,0.9150969999999999,4.548118,2.739866
349500,a9P876+Ln/IyFg6fd6f8UAE9kwgnCwJXbxg7phdAo9Rm5qF66yB8ZZhF9nDbOtKM,1.469666,18.346612,3.6094519999999997
349800,a9P876+Ln/IyFg6fd6f8UAE9kwgnCwJXbxg7phdAo9Rm5qF66yB8ZZhF9nDbOtKM,0.9836729999999999,22.760081,6.444627
350100,a9P876+Ln/IyFg6fd6f8UAE9kwgnCwJXbxg7phdAo9Rm5qF66yB8ZZhF9nDbOtKM,0.373373,4.815099,2.65683
350400,a9P876+Ln/IyFg6fd6f8UAE9kwgnCwJXbxg7phdAo9Rm5qF66yB8ZZhF9nDbOtKM,3.030252,21.770041,5.50611
350700,a9P876+Ln/IyFg6fd6f8UAE9kwgnCwJXbxg7phdAo9Rm5qF66yB8ZZhF9nDbOtKM,3.1320360000000003,5.346154,4.320378
351000,a9P876+Ln/IyFg6fd6f8UAE9kwgnCwJXbxg7phdAo9Rm5qF66yB8ZZhF9nDbOtKM,0.634976,6.5362800000000005,3.9846559999999998
351300,a9P876+Ln/IyFg6fd6f8UAE9kwgnCwJXbxg7phdAo9Rm5qF66yB8ZZhF9nDbOtKM,2.775267,5.785117,4.338471
351600,a9P876+Ln/IyFg6fd6f8UAE9kwgnCwJXbxg7phdAo9Rm5qF66yB8ZZhF9nDbOtKM,0.254758,5.216785,3.711107
351900,a9P876+Ln/IyFg6fd6f8UAE9kwgnCwJXbxg7phdAo9Rm5qF66yB8ZZhF9nDbOtKM,1.9996639999999999,5.990456,4.350518
352200,a9P876+Ln/IyFg6fd6f8UAE9kwgnCwJXbxg7phdAo9Rm5qF66yB8ZZhF9nDbOtKM,0.5499029999999999,28.654379,5.2133449999999995
352500,a9P876+Ln/IyFg6fd6f8UAE9kwgnCwJXbxg7phdAo9Rm5qF66yB8ZZhF9nDbOtKM,3.1966419999999998,9.817416999999999,4.5777790000000005
352800,a9P876+Ln/IyFg6fd6f8UAE9kwgnCwJXbxg7phdAo9Rm5qF66yB8ZZhF9nDbOtKM,0.337635,5.370844,3.879739
353100,a9P876+Ln/IyFg6fd6f8UAE9kwgnCwJXbxg7phdAo9Rm5qF66yB8ZZhF9nDbOtKM,0.755357,6.116244999999999,3.79345
353400,a9P876+Ln/IyFg6fd6f8UAE9kwgnCwJXbxg7phdAo9Rm5qF66yB8ZZhF9nDbOtKM,1.808891,5.945983,3.8420699999999997
353700,a9P876+Ln/IyFg6fd6f8UAE9kwgnCwJXbxg7phdAo9Rm5qF66yB8ZZhF9nDbOtKM,0.632528,25.053895999999998,5.386638
354000,a9P876+Ln/IyFg6fd6f8UAE9kwgnCwJXbxg7phdAo9Rm5qF66yB8ZZhF9nDbOtKM,2.777082,5.892072,4.309508
354300,a9P876+Ln/IyFg6fd6f8UAE9kwgnCwJXbxg7phdAo9Rm5qF66yB8ZZhF9nDbOtKM,1.598339,6.20717,4.14119
354600,a9P876+Ln/IyFg6fd6f8UAE9kwgnCwJXbxg7phdAo9Rm5qF66yB8ZZhF9nDbOtKM,2.769916,6.184175,4.340787000000001
354900,a9P876+Ln/IyFg6fd6f8UAE9kwgnCwJXbxg7phdAo9Rm5qF66yB8ZZhF9nDbOtKM,0.5428810000000001,5.738181,4.006972
355200,a9P876+Ln/IyFg6fd6f8UAE9kwgnCwJXbxg7phdAo9Rm5qF66yB8ZZhF9nDbOtKM,2.800608,6.264971,4.257764
355500,a9P876+Ln/IyFg6fd6f8UAE9kwgnCwJXbxg7phdAo9Rm5qF66yB8ZZhF9nDbOtKM,1.7286569999999999,6.220358,4.255248
355800,a9P876+Ln/IyFg6fd6f8UAE9kwgnCwJXbxg7phdAo9Rm5qF66yB8ZZhF9nDbOtKM,0.375316,6.605653,4.099529
356100,a9P876+Ln/IyFg6fd6f8UAE9kwgnCwJXbxg7phdAo9Rm5qF66yB8ZZhF9nDbOtKM,2.678397,10.542821,4.6634970000000004
356400,a9P876+Ln/IyFg6fd6f8UAE9kwgnCwJXbxg7phdAo9Rm5qF66yB8ZZhF9nDbOtKM,0.347448,11.452722,4.338063
356700,a9P876+Ln/IyFg6fd6f8UAE9kwgnCwJXbxg7phdAo9Rm5qF66yB8ZZhF9nDbOtKM,2.4440470000000003,6.580538000000001,4.327268
357000,a9P876+Ln/IyFg6fd6f8UAE9kwgnCwJXbxg7phdAo9Rm5qF66yB8ZZhF9nDbOtKM,0.49184799999999995,6.135002,3.772221
357300,a9P876+Ln/IyFg6fd6f8UAE9kwgnCwJXbxg7phdAo9Rm5qF66yB8ZZhF9nDbOtKM,2.588693,6.046944,4.432377
357600,a9P876+Ln/IyFg6fd6f8UAE9kwgnCwJXbxg7phdAo9Rm5qF66yB8ZZhF9nDbOtKM,0.273082,6.648738000000001,4.027696
357900,a9P876+Ln/IyFg6fd6f8UAE9kwgnCwJXbxg7phdAo9Rm5qF66yB8ZZhF9nDbOtKM,2.4818290000000003,7.557778,4.618085
358200,a9P876+Ln/IyFg6fd6f8UAE9kwgnCwJXbxg7phdAo9Rm5qF66yB8ZZhF9nDbOtKM,0.221638,6.825286,4.172357
358500,a9P876+Ln/IyFg6fd6f8UAE9kwgnCwJXbxg7phdAo9Rm5qF66yB8ZZhF9nDbOtKM,0.337177,7.233822,4.293259
358800,a9P876+Ln/IyFg6fd6f8UAE9kwgnCwJXbxg7phdAo9Rm5qF66yB8ZZhF9nDbOtKM,1.985084,6.9165149999999995,4.570042
359100,a9P876+Ln/IyFg6fd6f8UAE9kwgnCwJXbxg7phdAo9Rm5qF66yB8ZZhF9nDbOtKM,0.46374899999999997,7.147621000000001,4.1645970000000005
359400,a9P876+Ln/IyFg6fd6f8UAE9kwgnCwJXbxg7phdAo9Rm5qF66yB8ZZhF9nDbOtKM,3.009933,5.739678,4.4261669999999995
359700,a9P876+Ln/IyFg6fd6f8UAE9kwgnCwJXbxg7phdAo9Rm5qF66yB8ZZhF9nDbOtKM,0.8488370000000001,9.330474,4.278251999999999
360000,a9P876+Ln/IyFg6fd6f8UAE9kwgnCwJXbxg7phdAo9Rm5qF66yB8ZZhF9nDbOtKM,3.508636,6.579425,4.667696
360300,a9P876+Ln/IyFg6fd6f8UAE9kwgnCwJXbxg7phdAo9Rm5qF66yB8ZZhF9nDbOtKM,0.609819,6.341541,4.204956
360900,a9P876+Ln/IyFg6fd6f8UAE9kwgnCwJXbxg7phdAo9Rm5qF66yB8ZZhF9nDbOtKM,0.42991499999999994,16.110256,5.0656419999999995
361200,a9P876+Ln/IyFg6fd6f8UAE9kwgnCwJXbxg7phdAo9Rm5qF66yB8ZZhF9nDbOtKM,0.303246,0.9947870000000001,0.6399060000000001
361500,a9P876+Ln/IyFg6fd6f8UAE9kwgnCwJXbxg7phdAo9Rm5qF66yB8ZZhF9nDbOtKM,0.44826499999999997,1.903377,0.75024
361800,a9P876+Ln/IyFg6fd6f8UAE9kwgnCwJXbxg7phdAo9Rm5qF66yB8ZZhF9nDbOtKM,0.215757,1.053179,0.56221
362100,a9P876+Ln/IyFg6fd6f8UAE9kwgnCwJXbxg7phdAo9Rm5qF66yB8ZZhF9nDbOtKM,0.433986,1.590156,0.694086
362400,a9P876+Ln/IyFg6fd6f8UAE9kwgnCwJXbxg7phdAo9Rm5qF66yB8ZZhF9nDbOtKM,0.304327,1.743239,0.6327619999999999
362700,a9P876+Ln/IyFg6fd6f8UAE9kwgnCwJXbxg7phdAo9Rm5qF66yB8ZZhF9nDbOtKM,0.40678400000000003,1.428484,0.643084
363000,a9P876+Ln/IyFg6fd6f8UAE9kwgnCwJXbxg7phdAo9Rm5qF66yB8ZZhF9nDbOtKM,0.338508,1.069652,0.582422
363300,a9P876+Ln/IyFg6fd6f8UAE9kwgnCwJXbxg7phdAo9Rm5qF66yB8ZZhF9nDbOtKM,0.40891900000000003,1.543706,0.679478
363600,a9P876+Ln/IyFg6fd6f8UAE9kwgnCwJXbxg7phdAo9Rm5qF66yB8ZZhF9nDbOtKM,0.284242,0.933536,0.562539
363900,a9P876+Ln/IyFg6fd6f8UAE9kwgnCwJXbxg7phdAo9Rm5qF66yB8ZZhF9nDbOtKM,0.4116,1.685271,0.6810189999999999
364200,a9P876+Ln/IyFg6fd6f8UAE9kwgnCwJXbxg7phdAo9Rm5qF66yB8ZZhF9nDbOtKM,0.42540200000000006,0.909523,0.619049
364500,a9P876+Ln/IyFg6fd6f8UAE9kwgnCwJXbxg7phdAo9Rm5qF66yB8ZZhF9nDbOtKM,0.408958,1.604622,0.7182189999999999
364800,a9P876+Ln/IyFg6fd6f8UAE9kwgnCwJXbxg7phdAo9Rm5qF66yB8ZZhF9nDbOtKM,0.43674399999999997,0.824209,0.601379
365100,a9P876+Ln/IyFg6fd6f8UAE9kwgnCwJXbxg7phdAo9Rm5qF66yB8ZZhF9nDbOtKM,0.431096,2.66452,0.846952
365400,a9P876+Ln/IyFg6fd6f8UAE9kwgnCwJXbxg7phdAo9Rm5qF66yB8ZZhF9nDbOtKM,0.42471899999999996,0.9092100000000001,0.585802
365700,a9P876+Ln/IyFg6fd6f8UAE9kwgnCwJXbxg7phdAo9Rm5qF66yB8ZZhF9nDbOtKM,0.31050700000000003,0.918225,0.614957
366000,a9P876+Ln/IyFg6fd6f8UAE9kwgnCwJXbxg7phdAo9Rm5qF66yB8ZZhF9nDbOtKM,0.420746,0.879258,0.6239020000000001
366300,a9P876+Ln/IyFg6fd6f8UAE9kwgnCwJXbxg7phdAo9Rm5qF66yB8ZZhF9nDbOtKM,0.387425,1.4845190000000001,0.651929
366600,a9P876+Ln/IyFg6fd6f8UAE9kwgnCwJXbxg7phdAo9Rm5qF66yB8ZZhF9nDbOtKM,0.402146,0.992568,0.609824
366900,a9P876+Ln/IyFg6fd6f8UAE9kwgnCwJXbxg7phdAo9Rm5qF66yB8ZZhF9nDbOtKM,0.4561,1.724445,0.679266
367200,a9P876+Ln/IyFg6fd6f8UAE9kwgnCwJXbxg7phdAo9Rm5qF66yB8ZZhF9nDbOtKM,0.351853,1.0179989999999999,0.563923
367500,a9P876+Ln/IyFg6fd6f8UAE9kwgnCwJXbxg7phdAo9Rm5qF66yB8ZZhF9nDbOtKM,0.465267,0.8825930000000001,0.636897
367800,a9P876+Ln/IyFg6fd6f8UAE9kwgnCwJXbxg7phdAo9Rm5qF66yB8ZZhF9nDbOtKM,0.41375,4.037634,0.764955
368100,a9P876+Ln/IyFg6fd6f8UAE9kwgnCwJXbxg7phdAo9Rm5qF66yB8ZZhF9nDbOtKM,0.393241,1.401371,0.649964
368400,a9P876+Ln/IyFg6fd6f8UAE9kwgnCwJXbxg7phdAo9Rm5qF66yB8ZZhF9nDbOtKM,0.41666099999999995,1.0123799999999998,0.603775
368700,a9P876+Ln/IyFg6fd6f8UAE9kwgnCwJXbxg7phdAo9Rm5qF66yB8ZZhF9nDbOtKM,0.445935,1.147061,0.6476149999999999
369000,a9P876+Ln/IyFg6fd6f8UAE9kwgnCwJXbxg7phdAo9Rm5qF66yB8ZZhF9nDbOtKM,0.379013,1.007957,0.58001
369300,a9P876+Ln/IyFg6fd6f8UAE9kwgnCwJXbxg7phdAo9Rm5qF66yB8ZZhF9nDbOtKM,0.35689099999999996,0.903125,0.623595
369600,a9P876+Ln/IyFg6fd6f8UAE9kwgnCwJXbxg7phdAo9Rm5qF66yB8ZZhF9nDbOtKM,0.450575,0.9137190000000001,0.6080260000000001
369900,a9P876+Ln/IyFg6fd6f8UAE9kwgnCwJXbxg7phdAo9Rm5qF66yB8ZZhF9nDbOtKM,0.350084,0.8623209999999999,0.5863729999999999
370200,a9P876+Ln/IyFg6fd6f8UAE9kwgnCwJXbxg7phdAo9Rm5qF66yB8ZZhF9nDbOtKM,0.4212,0.824564,0.601017
370500,a9P876+Ln/IyFg6fd6f8UAE9kwgnCwJXbxg7phdAo9Rm5qF66yB8ZZhF9nDbOtKM,0.413124,3.7549300000000003,0.916227
370800,a9P876+Ln/IyFg6fd6f8UAE9kwgnCwJXbxg7phdAo9Rm5qF66yB8ZZhF9nDbOtKM,0.357625,0.7650140000000001,0.5755640000000001
371100,a9P876+Ln/IyFg6fd6f8UAE9kwgnCwJXbxg7phdAo9Rm5qF66yB8ZZhF9nDbOtKM,0.43441599999999997,0.8652049999999999,0.6286430000000001
371400,a9P876+Ln/IyFg6fd6f8UAE9kwgnCwJXbxg7phdAo9Rm5qF66yB8ZZhF9nDbOtKM,0.408058,0.918811,0.619496
371700,a9P876+Ln/IyFg6fd6f8UAE9kwgnCwJXbxg7phdAo9Rm5qF66yB8ZZhF9nDbOtKM,0.369043,1.476676,0.651492
372000,a9P876+Ln/IyFg6fd6f8UAE9kwgnCwJXbxg7phdAo9Rm5qF66yB8ZZhF9nDbOtKM,0.41463599999999995,0.874784,0.615169
372300,a9P876+Ln/IyFg6fd6f8UAE9kwgnCwJXbxg7phdAo9Rm5qF66yB8ZZhF9nDbOtKM,0.452032,1.217021,0.6547930000000001
372600,a9P876+Ln/IyFg6fd6f8UAE9kwgnCwJXbxg7phdAo9Rm5qF66yB8ZZhF9nDbOtKM,0.402134,0.902868,0.593321
372900,a9P876+Ln/IyFg6fd6f8UAE9kwgnCwJXbxg7phdAo9Rm5qF66yB8ZZhF9nDbOtKM,0.409385,1.1614280000000001,0.625097
373200,a9P876+Ln/IyFg6fd6f8UAE9kwgnCwJXbxg7phdAo9Rm5qF66yB8ZZhF9nDbOtKM,0.35583400000000004,1.183184,0.616295
373500,a9P876+Ln/IyFg6fd6f8UAE9kwgnCwJXbxg7phdAo9Rm5qF66yB8ZZhF9nDbOtKM,0.465235,0.9854450000000001,0.631586
373800,a9P876+Ln/IyFg6fd6f8UAE9kwgnCwJXbxg7phdAo9Rm5qF66yB8ZZhF9nDbOtKM,0.34607,1.009415,0.651875
374100,a9P876+Ln/IyFg6fd6f8UAE9kwgnCwJXbxg7phdAo9Rm5qF66yB8ZZhF9nDbOtKM,0.424284,1.682632,0.6667890000000001
374400,a9P876+Ln/IyFg6fd6f8UAE9kwgnCwJXbxg7phdAo9Rm5qF66yB8ZZhF9nDbOtKM,0.42158599999999996,1.110802,0.6399229999999999
374700,a9P876+Ln/IyFg6fd6f8UAE9kwgnCwJXbxg7phdAo9Rm5qF66yB8ZZhF9nDbOtKM,0.41082399999999997,1.155441,0.653732
375000,a9P876+Ln/IyFg6fd6f8UAE9kwgnCwJXbxg7phdAo9Rm5qF66yB8ZZhF9nDbOtKM,0.43486,1.206583,0.589233
375300,a9P876+Ln/IyFg6fd6f8UAE9kwgnCwJXbxg7phdAo9Rm5qF66yB8ZZhF9nDbOtKM,0.373232,1.563734,0.697712
375600,a9P876+Ln/IyFg6fd6f8UAE9kwgnCwJXbxg7phdAo9Rm5qF66yB8ZZhF9nDbOtKM,0.39511,0.9716940000000001,0.602122
375900,a9P876+Ln/IyFg6fd6f8UAE9kwgnCwJXbxg7phdAo9Rm5qF66yB8ZZhF9nDbOtKM,0.326298,1.20365,0.6129479999999999
376200,a9P876+Ln/IyFg6fd6f8UAE9kwgnCwJXbxg7phdAo9Rm5qF66yB8ZZhF9nDbOtKM,0.425343,0.936818,0.6042029999999999
376500,a9P876+Ln/IyFg6fd6f8UAE9kwgnCwJXbxg7phdAo9Rm5qF66yB8ZZhF9nDbOtKM,0.38386,1.076266,0.6249939999999999
376800,a9P876+Ln/IyFg6fd6f8UAE9kwgnCwJXbxg7phdAo9Rm5qF66yB8ZZhF9nDbOtKM,0.44990399999999997,1.124355,0.5942729999999999
377100,a9P876+Ln/IyFg6fd6f8UAE9kwgnCwJXbxg7phdAo9Rm5qF66yB8ZZhF9nDbOtKM,0.41653,1.066509,0.6605850000000001
377400,a9P876+Ln/IyFg6fd6f8UAE9kwgnCwJXbxg7phdAo9Rm5qF66yB8ZZhF9nDbOtKM,0.389379,1.0129270000000001,0.5955189999999999
377700,a9P876+Ln/IyFg6fd6f8UAE9kwgnCwJXbxg7phdAo9Rm5qF66yB8ZZhF9nDbOtKM,0.47125,1.89219,0.9433879999999999
378000,a9P876+Ln/IyFg6fd6f8UAE9kwgnCwJXbxg7phdAo9Rm5qF66yB8ZZhF9nDbOtKM,0.384427,1.0244440000000001,0.594424
378300,a9P876+Ln/IyFg6fd6f8UAE9kwgnCwJXbxg7phdAo9Rm5qF66yB8ZZhF9nDbOtKM,0.375977,1.242529,0.621369
378600,a9P876+Ln/IyFg6fd6f8UAE9kwgnCwJXbxg7phdAo9Rm5qF66yB8ZZhF9nDbOtKM,0.340856,1.266553,0.573691
378900,a9P876+Ln/IyFg6fd6f8UAE9kwgnCwJXbxg7phdAo9Rm5qF66yB8ZZhF9nDbOtKM,0.375988,1.425147,0.673819
379200,a9P876+Ln/IyFg6fd6f8UAE9kwgnCwJXbxg7phdAo9Rm5qF66yB8ZZhF9nDbOtKM,0.44761999999999996,1.092716,0.62913
379500,a9P876+Ln/IyFg6fd6f8UAE9kwgnCwJXbxg7phdAo9Rm5qF66yB8ZZhF9nDbOtKM,0.416713,1.141094,0.619441
379800,a9P876+Ln/IyFg6fd6f8UAE9kwgnCwJXbxg7phdAo9Rm5qF66yB8ZZhF9nDbOtKM,0.40679499999999996,0.9747379999999999,0.6050770000000001
380100,a9P876+Ln/IyFg6fd6f8UAE9kwgnCwJXbxg7phdAo9Rm5qF66yB8ZZhF9nDbOtKM,0.377354,1.057928,0.627692
380400,a9P876+Ln/IyFg6fd6f8UAE9kwgnCwJXbxg7phdAo9Rm5qF66yB8ZZhF9nDbOtKM,0.379089,0.9477389999999999,0.578367
380700,a9P876+Ln/IyFg6fd6f8UAE9kwgnCwJXbxg7phdAo9Rm5qF66yB8ZZhF9nDbOtKM,0.36224,0.991078,0.640225
381000,a9P876+Ln/IyFg6fd6f8UAE9kwgnCwJXbxg7phdAo9Rm5qF66yB8ZZhF9nDbOtKM,0.407686,0.8924049999999999,0.605686
381300,a9P876+Ln/IyFg6fd6f8UAE9kwgnCwJXbxg7phdAo9Rm5qF66yB8ZZhF9nDbOtKM,0.26324200000000003,1.540001,0.661063
381600,a9P876+Ln/IyFg6fd6f8UAE9kwgnCwJXbxg7phdAo9Rm5qF66yB8ZZhF9nDbOtKM,0.413243,2.488464,0.813908
381900,a9P876+Ln/IyFg6fd6f8UAE9kwgnCwJXbxg7phdAo9Rm5qF66yB8ZZhF9nDbOtKM,0.41981899999999994,1.124409,0.653881
382200,a9P876+Ln/IyFg6fd6f8UAE9kwgnCwJXbxg7phdAo9Rm5qF66yB8ZZhF9nDbOtKM,0.40722800000000003,1.3878110000000001,0.606982
382500,a9P876+Ln/IyFg6fd6f8UAE9kwgnCwJXbxg7phdAo9Rm5qF66yB8ZZhF9nDbOtKM,0.423646,1.519931,0.70545
382800,a9P876+Ln/IyFg6fd6f8UAE9kwgnCwJXbxg7phdAo9Rm5qF66yB8ZZhF9nDbOtKM,0.43868199999999996,0.9318549999999999,0.607846
383100,a9P876+Ln/IyFg6fd6f8UAE9kwgnCwJXbxg7phdAo9Rm5qF66yB8ZZhF9nDbOtKM,0.378288,1.28674,0.620391
383400,a9P876+Ln/IyFg6fd6f8UAE9kwgnCwJXbxg7phdAo9Rm5qF66yB8ZZhF9nDbOtKM,0.244141,1.053723,0.590751
383700,a9P876+Ln/IyFg6fd6f8UAE9kwgnCwJXbxg7phdAo9Rm5qF66yB8ZZhF9nDbOtKM,0.380715,1.107987,0.632627
384000,a9P876+Ln/IyFg6fd6f8UAE9kwgnCwJXbxg7phdAo9Rm5qF66yB8ZZhF9nDbOtKM,0.325895,1.236112,0.571607
384300,a9P876+Ln/IyFg6fd6f8UAE9kwgnCwJXbxg7phdAo9Rm5qF66yB8ZZhF9nDbOtKM,0.389038,0.905026,0.604024
384600,a9P876+Ln/IyFg6fd6f8UAE9kwgnCwJXbxg7phdAo9Rm5qF66yB8ZZhF9nDbOtKM,0.28023899999999996,0.9525520000000001,0.591354
384900,a9P876+Ln/IyFg6fd6f8UAE9kwgnCwJXbxg7phdAo9Rm5qF66yB8ZZhF9nDbOtKM,0.387189,1.341991,0.6192310000000001
385200,a9P876+Ln/IyFg6fd6f8UAE9kwgnCwJXbxg7phdAo9Rm5qF66yB8ZZhF9nDbOtKM,0.40460999999999997,1.711109,0.827268
385500,a9P876+Ln/IyFg6fd6f8UAE9kwgnCwJXbxg7phdAo9Rm5qF66yB8ZZhF9nDbOtKM,0.347727,1.2703959999999999,0.621313
385800,a9P876+Ln/IyFg6fd6f8UAE9kwgnCwJXbxg7phdAo9Rm5qF66yB8ZZhF9nDbOtKM,0.41601400000000005,1.2806469999999999,0.598826
386100,a9P876+Ln/IyFg6fd6f8UAE9kwgnCwJXbxg7phdAo9Rm5qF66yB8ZZhF9nDbOtKM,0.41686000000000006,1.443154,0.7147859999999999
386400,a9P876+Ln/IyFg6fd6f8UAE9kwgnCwJXbxg7phdAo9Rm5qF66yB8ZZhF9nDbOtKM,0.409663,0.9991909999999999,0.626656
386700,a9P876+Ln/IyFg6fd6f8UAE9kwgnCwJXbxg7phdAo9Rm5qF66yB8ZZhF9nDbOtKM,0.282887,1.198762,0.605496
387000,a9P876+Ln/IyFg6fd6f8UAE9kwgnCwJXbxg7phdAo9Rm5qF66yB8ZZhF9nDbOtKM,0.417281,0.952182,0.603937
387300,a9P876+Ln/IyFg6fd6f8UAE9kwgnCwJXbxg7phdAo9Rm5qF66yB8ZZhF9nDbOtKM,0.432547,1.204875,0.635396
387600,a9P876+Ln/IyFg6fd6f8UAE9kwgnCwJXbxg7phdAo9Rm5qF66yB8ZZhF9nDbOtKM,0.40174299999999996,1.28558,0.580807
387900,a9P876+Ln/IyFg6fd6f8UAE9kwgnCwJXbxg7phdAo9Rm5qF66yB8ZZhF9nDbOtKM,0.30287800000000004,0.9617319999999999,0.625739
388200,a9P876+Ln/IyFg6fd6f8UAE9kwgnCwJXbxg7phdAo9Rm5qF66yB8ZZhF9nDbOtKM,0.360218,1.000406,0.613388
388500,a9P876+Ln/IyFg6fd6f8UAE9kwgnCwJXbxg7phdAo9Rm5qF66yB8ZZhF9nDbOtKM,0.408893,1.3529790000000002,0.611607
388800,a9P876+Ln/IyFg6fd6f8UAE9kwgnCwJXbxg7phdAo9Rm5qF66yB8ZZhF9nDbOtKM,0.33615900000000004,1.35212,0.667504
389100,a9P876+Ln/IyFg6fd6f8UAE9kwgnCwJXbxg7phdAo9Rm5qF66yB8ZZhF9nDbOtKM,0.34996900000000003,1.196072,0.620554
389400,a9P876+Ln/IyFg6fd6f8UAE9kwgnCwJXbxg7phdAo9Rm5qF66yB8ZZhF9nDbOtKM,0.29489099999999996,1.1839979999999999,0.577349
389700,a9P876+Ln/IyFg6fd6f8UAE9kwgnCwJXbxg7phdAo9Rm5qF66yB8ZZhF9nDbOtKM,0.400154,1.507728,0.663798
390000,a9P876+Ln/IyFg6fd6f8UAE9kwgnCwJXbxg7phdAo9Rm5qF66yB8ZZhF9nDbOtKM,0.277516,0.922693,0.60063
390300,a9P876+Ln/IyFg6fd6f8UAE9kwgnCwJXbxg7phdAo9Rm5qF66yB8ZZhF9nDbOtKM,0.382737,1.328726,0.6397079999999999
390600,a9P876+Ln/IyFg6fd6f8UAE9kwgnCwJXbxg7phdAo9Rm5qF66yB8ZZhF9nDbOtKM,0.396173,1.020599,0.619183
390900,a9P876+Ln/IyFg6fd6f8UAE9kwgnCwJXbxg7phdAo9Rm5qF66yB8ZZhF9nDbOtKM,0.360142,1.095436,0.6255029999999999
391200,a9P876+Ln/IyFg6fd6f8UAE9kwgnCwJXbxg7phdAo9Rm5qF66yB8ZZhF9nDbOtKM,0.413847,1.3352389999999998,0.581019
391500,a9P876+Ln/IyFg6fd6f8UAE9kwgnCwJXbxg7phdAo9Rm5qF66yB8ZZhF9nDbOtKM,0.404568,1.044646,0.6553359999999999
391800,a9P876+Ln/IyFg6fd6f8UAE9kwgnCwJXbxg7phdAo9Rm5qF66yB8ZZhF9nDbOtKM,0.373091,0.9576110000000001,0.596184
392100,a9P876+Ln/IyFg6fd6f8UAE9kwgnCwJXbxg7phdAo9Rm5qF66yB8ZZhF9nDbOtKM,0.41158900000000004,1.115466,0.6070909999999999
392400,a9P876+Ln/IyFg6fd6f8UAE9kwgnCwJXbxg7phdAo9Rm5qF66yB8ZZhF9nDbOtKM,0.40316599999999997,1.493396,0.676503
392700,a9P876+Ln/IyFg6fd6f8UAE9kwgnCwJXbxg7phdAo9Rm5qF66yB8ZZhF9nDbOtKM,0.41671199999999997,1.062461,0.6528729999999999
393000,a9P876+Ln/IyFg6fd6f8UAE9kwgnCwJXbxg7phdAo9Rm5qF66yB8ZZhF9nDbOtKM,0.399638,1.284689,0.595458
393300,a9P876+Ln/IyFg6fd6f8UAE9kwgnCwJXbxg7phdAo9Rm5qF66yB8ZZhF9nDbOtKM,0.342565,1.361699,0.664705
393600,a9P876+Ln/IyFg6fd6f8UAE9kwgnCwJXbxg7phdAo9Rm5qF66yB8ZZhF9nDbOtKM,0.40081300000000003,0.9686049999999999,0.597978
393900,a9P876+Ln/IyFg6fd6f8UAE9kwgnCwJXbxg7phdAo9Rm5qF66yB8ZZhF9nDbOtKM,0.37094699999999997,1.171001,0.614053
394200,a9P876+Ln/IyFg6fd6f8UAE9kwgnCwJXbxg7phdAo9Rm5qF66yB8ZZhF9nDbOtKM,0.38205900000000004,1.033894,0.595897
394500,a9P876+Ln/IyFg6fd6f8UAE9kwgnCwJXbxg7phdAo9Rm5qF66yB8ZZhF9nDbOtKM,0.394307,1.070977,0.625318
394800,a9P876+Ln/IyFg6fd6f8UAE9kwgnCwJXbxg7phdAo9Rm5qF66yB8ZZhF9nDbOtKM,0.401109,1.1804139999999999,0.62339
395100,a9P876+Ln/IyFg6fd6f8UAE9kwgnCwJXbxg7phdAo9Rm5qF66yB8ZZhF9nDbOtKM,0.400914,1.06929,0.635512
395400,a9P876+Ln/IyFg6fd6f8UAE9kwgnCwJXbxg7phdAo9Rm5qF66yB8ZZhF9nDbOtKM,0.418655,1.100036,0.6201260000000001
395700,a9P876+Ln/IyFg6fd6f8UAE9kwgnCwJXbxg7phdAo9Rm5qF66yB8ZZhF9nDbOtKM,0.415055,1.145354,0.597931
396000,a9P876+Ln/IyFg6fd6f8UAE9kwgnCwJXbxg7phdAo9Rm5qF66yB8ZZhF9nDbOtKM,0.390333,1.235395,0.722638
396300,a9P876+Ln/IyFg6fd6f8UAE9kwgnCwJXbxg7phdAo9Rm5qF66yB8ZZhF9nDbOtKM,0.42060200000000003,1.1676360000000001,0.65691
396600,a9P876+Ln/IyFg6fd6f8UAE9kwgnCwJXbxg7phdAo9Rm5qF66yB8ZZhF9nDbOtKM,0.401089,1.157446,0.587641
396900,a9P876+Ln/IyFg6fd6f8UAE9kwgnCwJXbxg7phdAo9Rm5qF66yB8ZZhF9nDbOtKM,0.382054,1.644465,0.6890609999999999
397200,a9P876+Ln/IyFg6fd6f8UAE9kwgnCwJXbxg7phdAo9Rm5qF66yB8ZZhF9nDbOtKM,0.40931300000000004,1.054511,0.602604
397500,a9P876+Ln/IyFg6fd6f8UAE9kwgnCwJXbxg7phdAo9Rm5qF66yB8ZZhF9nDbOtKM,0.314554,1.259055,0.615488
397800,a9P876+Ln/IyFg6fd6f8UAE9kwgnCwJXbxg7phdAo9Rm5qF66yB8ZZhF9nDbOtKM,0.379254,0.947558,0.599885
398100,a9P876+Ln/IyFg6fd6f8UAE9kwgnCwJXbxg7phdAo9Rm5qF66yB8ZZhF9nDbOtKM,0.362494,1.052921,0.620745
398400,a9P876+Ln/IyFg6fd6f8UAE9kwgnCwJXbxg7phdAo9Rm5qF66yB8ZZhF9nDbOtKM,0.39303899999999997,1.282992,0.5824060000000001
398700,a9P876+Ln/IyFg6fd6f8UAE9kwgnCwJXbxg7phdAo9Rm5qF66yB8ZZhF9nDbOtKM,0.33062800000000003,1.041842,0.622834
399000,a9P876+Ln/IyFg6fd6f8UAE9kwgnCwJXbxg7phdAo9Rm5qF66yB8ZZhF9nDbOtKM,0.41050200000000003,1.0375889999999999,0.610517
399300,a9P876+Ln/IyFg6fd6f8UAE9kwgnCwJXbxg7phdAo9Rm5qF66yB8ZZhF9nDbOtKM,0.39214899999999997,1.1207559999999999,0.608737
399600,a9P876+Ln/IyFg6fd6f8UAE9kwgnCwJXbxg7phdAo9Rm5qF66yB8ZZhF9nDbOtKM,0.415367,1.079452,0.612993
399900,a9P876+Ln/IyFg6fd6f8UAE9kwgnCwJXbxg7phdAo9Rm5qF66yB8ZZhF9nDbOtKM,0.377145,2.4343790000000003,0.800693
400200,a9P876+Ln/IyFg6fd6f8UAE9kwgnCwJXbxg7phdAo9Rm5qF66yB8ZZhF9nDbOtKM,0.388592,1.152211,0.580549
400500,a9P876+Ln/IyFg6fd6f8UAE9kwgnCwJXbxg7phdAo9Rm5qF66yB8ZZhF9nDbOtKM,0.400266,1.34569,0.669296
400800,a9P876+Ln/IyFg6fd6f8UAE9kwgnCwJXbxg7phdAo9Rm5qF66yB8ZZhF9nDbOtKM,0.41453999999999996,1.025272,0.606395
401100,a9P876+Ln/IyFg6fd6f8UAE9kwgnCwJXbxg7phdAo9Rm5qF66yB8ZZhF9nDbOtKM,0.41292299999999993,1.244737,0.647065
401400,a9P876+Ln/IyFg6fd6f8UAE9kwgnCwJXbxg7phdAo9Rm5qF66yB8ZZhF9nDbOtKM,0.397617,0.994756,0.601906
401700,a9P876+Ln/IyFg6fd6f8UAE9kwgnCwJXbxg7phdAo9Rm5qF66yB8ZZhF9nDbOtKM,0.396604,1.154313,0.643541
402000,a9P876+Ln/IyFg6fd6f8UAE9kwgnCwJXbxg7phdAo9Rm5qF66yB8ZZhF9nDbOtKM,0.40841,1.460208,0.587392
402300,a9P876+Ln/IyFg6fd6f8UAE9kwgnCwJXbxg7phdAo9Rm5qF66yB8ZZhF9nDbOtKM,0.407771,1.0400260000000001,0.6336970000000001
402600,a9P876+Ln/IyFg6fd6f8UAE9kwgnCwJXbxg7phdAo9Rm5qF66yB8ZZhF9nDbOtKM,0.402686,0.947866,0.601657
402900,a9P876+Ln/IyFg6fd6f8UAE9kwgnCwJXbxg7phdAo9Rm5qF66yB8ZZhF9nDbOtKM,0.25151999999999997,1.3409149999999999,0.595586
403200,a9P876+Ln/IyFg6fd6f8UAE9kwgnCwJXbxg7phdAo9Rm5qF66yB8ZZhF9nDbOtKM,0.409675,0.9025770000000001,0.6063850000000001
403500,a9P876+Ln/IyFg6fd6f8UAE9kwgnCwJXbxg7phdAo9Rm5qF66yB8ZZhF9nDbOtKM,0.37154699999999996,11.067867,1.589233
403800,a9P876+Ln/IyFg6fd6f8UAE9kwgnCwJXbxg7phdAo9Rm5qF66yB8ZZhF9nDbOtKM,0.422257,5.610737,1.295553
404100,a9P876+Ln/IyFg6fd6f8UAE9kwgnCwJXbxg7phdAo9Rm5qF66yB8ZZhF9nDbOtKM,0.358658,6.301151,1.177351
404400,a9P876+Ln/IyFg6fd6f8UAE9kwgnCwJXbxg7phdAo9Rm5qF66yB8ZZhF9nDbOtKM,0.398347,1.816915,0.686525
404700,a9P876+Ln/IyFg6fd6f8UAE9kwgnCwJXbxg7phdAo9Rm5qF66yB8ZZhF9nDbOtKM,0.43141199999999996,6.05925,1.063469
405000,a9P876+Ln/IyFg6fd6f8UAE9kwgnCwJXbxg7phdAo9Rm5qF66yB8ZZhF9nDbOtKM,0.35076599999999997,0.9221950000000001,0.604313
405300,a9P876+Ln/IyFg6fd6f8UAE9kwgnCwJXbxg7phdAo9Rm5qF66yB8ZZhF9nDbOtKM,0.43352299999999994,6.018367,1.0975620000000001
405600,a9P876+Ln/IyFg6fd6f8UAE9kwgnCwJXbxg7phdAo9Rm5qF66yB8ZZhF9nDbOtKM,0.400379,1.814834,0.664937
405900,a9P876+Ln/IyFg6fd6f8UAE9kwgnCwJXbxg7phdAo9Rm5qF66yB8ZZhF9nDbOtKM,0.43022299999999997,6.475647,1.112059
406200,a9P876+Ln/IyFg6fd6f8UAE9kwgnCwJXbxg7phdAo9Rm5qF66yB8ZZhF9nDbOtKM,0.410944,0.92871,0.6228670000000001
406500,a9P876+Ln/IyFg6fd6f8UAE9kwgnCwJXbxg7phdAo9Rm5qF66yB8ZZhF9nDbOtKM,0.407001,6.875527000000001,1.086637
406800,a9P876+Ln/IyFg6fd6f8UAE9kwgnCwJXbxg7phdAo9Rm5qF66yB8ZZhF9nDbOtKM,0.43365299999999996,2.476943,0.7061
407100,a9P876+Ln/IyFg6fd6f8UAE9kwgnCwJXbxg7phdAo9Rm5qF66yB8ZZhF9nDbOtKM,0.399276,5.856942,1.117885
407400,a9P876+Ln/IyFg6fd6f8UAE9kwgnCwJXbxg7phdAo9Rm5qF66yB8ZZhF9nDbOtKM,0.402086,1.1590260000000001,0.5916399999999999
407700,a9P876+Ln/IyFg6fd6f8UAE9kwgnCwJXbxg7phdAo9Rm5qF66yB8ZZhF9nDbOtKM,0.440668,5.048047,1.194606
408000,a9P876+Ln/IyFg6fd6f8UAE9kwgnCwJXbxg7phdAo9Rm5qF66yB8ZZhF9nDbOtKM,0.43126000000000003,1.045085,0.60145
408300,a9P876+Ln/IyFg6fd6f8UAE9kwgnCwJXbxg7phdAo9Rm5qF66yB8ZZhF9nDbOtKM,0.408054,6.669472,1.088983
408600,a9P876+Ln/IyFg6fd6f8UAE9kwgnCwJXbxg7phdAo9Rm5qF66yB8ZZhF9nDbOtKM,0.47063999999999995,60.286761,34.157515000000004
408900,a9P876+Ln/IyFg6fd6f8UAE9kwgnCwJXbxg7phdAo9Rm5qF66yB8ZZhF9nDbOtKM,38.313860999999996,65.010075,51.770988
409200,a9P876+Ln/IyFg6fd6f8UAE9kwgnCwJXbxg7phdAo9Rm5qF66yB8ZZhF9nDbOtKM,21.497007,81.638664,51.753977
409500,a9P876+Ln/IyFg6fd6f8UAE9kwgnCwJXbxg7phdAo9Rm5qF66yB8ZZhF9nDbOtKM,33.248074,70.107733,51.602622
409800,a9P876+Ln/IyFg6fd6f8UAE9kwgnCwJXbxg7phdAo9Rm5qF66yB8ZZhF9nDbOtKM,37.385039,64.416961,50.889152
410100,a9P876+Ln/IyFg6fd6f8UAE9kwgnCwJXbxg7phdAo9Rm5qF66yB8ZZhF9nDbOtKM,0.473875,68.323766,41.442114000000004
410400,a9P876+Ln/IyFg6fd6f8UAE9kwgnCwJXbxg7phdAo9Rm5qF66yB8ZZhF9nDbOtKM,0.375243,1.0704280000000002,0.607362
410700,a9P876+Ln/IyFg6fd6f8UAE9kwgnCwJXbxg7phdAo9Rm5qF66yB8ZZhF9nDbOtKM,0.408584,7.042856,1.106991
411000,a9P876+Ln/IyFg6fd6f8UAE9kwgnCwJXbxg7phdAo9Rm5qF66yB8ZZhF9nDbOtKM,0.388832,1.8569099999999998,0.686032
411300,a9P876+Ln/IyFg6fd6f8UAE9kwgnCwJXbxg7phdAo9Rm5qF66yB8ZZhF9nDbOtKM,0.45098900000000003,5.312305,1.1670909999999999
411600,a9P876+Ln/IyFg6fd6f8UAE9kwgnCwJXbxg7phdAo9Rm5qF66yB8ZZhF9nDbOtKM,0.41819799999999996,0.914101,0.613005
411900,a9P876+Ln/IyFg6fd6f8UAE9kwgnCwJXbxg7phdAo9Rm5qF66yB8ZZhF9nDbOtKM,0.422984,6.635397,1.109954
412200,a9P876+Ln/IyFg6fd6f8UAE9kwgnCwJXbxg7phdAo9Rm5qF66yB8ZZhF9nDbOtKM,0.338785,1.7605520000000001,0.679455
412500,a9P876+Ln/IyFg6fd6f8UAE9kwgnCwJXbxg7phdAo9Rm5qF66yB8ZZhF9nDbOtKM,0.368879,5.681694,1.102738
412800,a9P876+Ln/IyFg6fd6f8UAE9kwgnCwJXbxg7phdAo9Rm5qF66yB8ZZhF9nDbOtKM,0.386676,1.182464,0.582759
413100,a9P876+Ln/IyFg6fd6f8UAE9kwgnCwJXbxg7phdAo9Rm5qF66yB8ZZhF9nDbOtKM,0.429353,5.804745,1.175076
413400,a9P876+Ln/IyFg6fd6f8UAE9kwgnCwJXbxg7phdAo9Rm5qF66yB8ZZhF9nDbOtKM,0.38832300000000003,1.010206,0.6322979999999999
413700,a9P876+Ln/IyFg6fd6f8UAE9kwgnCwJXbxg7phdAo9Rm5qF66yB8ZZhF9nDbOtKM,0.260052,6.490735,1.085201
414000,a9P876+Ln/IyFg6fd6f8UAE9kwgnCwJXbxg7phdAo9Rm5qF66yB8ZZhF9nDbOtKM,0.409947,0.961792,0.621678
414300,a9P876+Ln/IyFg6fd6f8UAE9kwgnCwJXbxg7phdAo9Rm5qF66yB8ZZhF9nDbOtKM,0.42056000000000004,6.014137,1.1117299999999999
414600,a9P876+Ln/IyFg6fd6f8UAE9kwgnCwJXbxg7phdAo9Rm5qF66yB8ZZhF9nDbOtKM,0.390917,1.240271,0.632691
414900,a9P876+Ln/IyFg6fd6f8UAE9kwgnCwJXbxg7phdAo9Rm5qF66yB8ZZhF9nDbOtKM,0.24281799999999998,6.772168,1.184432
415200,a9P876+Ln/IyFg6fd6f8UAE9kwgnCwJXbxg7phdAo9Rm5qF66yB8ZZhF9nDbOtKM,0.43566000000000005,1.769993,0.7182149999999999
415500,a9P876+Ln/IyFg6fd6f8UAE9kwgnCwJXbxg7phdAo9Rm5qF66yB8ZZhF9nDbOtKM,0.402756,6.026519,1.106061
415800,a9P876+Ln/IyFg6fd6f8UAE9kwgnCwJXbxg7phdAo9Rm5qF66yB8ZZhF9nDbOtKM,0.325201,1.090072,0.626391
416100,a9P876+Ln/IyFg6fd6f8UAE9kwgnCwJXbxg7phdAo9Rm5qF66yB8ZZhF9nDbOtKM,0.381177,5.523477,1.13242
416400,a9P876+Ln/IyFg6fd6f8UAE9kwgnCwJXbxg7phdAo9Rm5qF66yB8ZZhF9nDbOtKM,0.430824,2.008928,0.714368
416700,a9P876+Ln/IyFg6fd6f8UAE9kwgnCwJXbxg7phdAo9Rm5qF66yB8ZZhF9nDbOtKM,0.42787600000000003,6.201633999999999,1.1321860000000001
417000,a9P876+Ln/IyFg6fd6f8UAE9kwgnCwJXbxg7phdAo9Rm5qF66yB8ZZhF9nDbOtKM,0.256395,0.970824,0.608588
417300,a9P876+Ln/IyFg6fd6f8UAE9kwgnCwJXbxg7phdAo9Rm5qF66yB8ZZhF9nDbOtKM,0.409995,6.6325,1.086184
417600,a9P876+Ln/IyFg6fd6f8UAE9kwgnCwJXbxg7phdAo9Rm5qF66yB8ZZhF9nDbOtKM,0.372083,1.341245,0.67674
417900,a9P876+Ln/IyFg6fd6f8UAE9kwgnCwJXbxg7phdAo9Rm5qF66yB8ZZhF9nDbOtKM,0.361635,6.068478,1.060386
418200,a9P876+Ln/IyFg6fd6f8UAE9kwgnCwJXbxg7phdAo9Rm5qF66yB8ZZhF9nDbOtKM,0.366123,1.137523,0.60349
418500,a9P876+Ln/IyFg6fd6f8UAE9kwgnCwJXbxg7phdAo9Rm5qF66yB8ZZhF9nDbOtKM,0.454805,5.365965,1.240996
418800,a9P876+Ln/IyFg6fd6f8UAE9kwgnCwJXbxg7phdAo9Rm5qF66yB8ZZhF9nDbOtKM,0.363536,1.077064,0.583616
419100,a9P876+Ln/IyFg6fd6f8UAE9kwgnCwJXbxg7phdAo9Rm5qF66yB8ZZhF9nDbOtKM,0.296494,5.685817,1.0789540000000002
419400,a9P876+Ln/IyFg6fd6f8UAE9kwgnCwJXbxg7phdAo9Rm5qF66yB8ZZhF9nDbOtKM,0.367686,0.9673370000000001,0.6080369999999999
419700,a9P876+Ln/IyFg6fd6f8UAE9kwgnCwJXbxg7phdAo9Rm5qF66yB8ZZhF9nDbOtKM,0.291705,6.931341000000001,1.077735
420000,a9P876+Ln/IyFg6fd6f8UAE9kwgnCwJXbxg7phdAo9Rm5qF66yB8ZZhF9nDbOtKM,0.394479,1.214732,0.592847
420300,a9P876+Ln/IyFg6fd6f8UAE9kwgnCwJXbxg7phdAo9Rm5qF66yB8ZZhF9nDbOtKM,0.367485,2.6901900000000003,0.750003
420600,a9P876+Ln/IyFg6fd6f8UAE9kwgnCwJXbxg7phdAo9Rm5qF66yB8ZZhF9nDbOtKM,0.426972,0.976981,0.609168
420900,a9P876+Ln/IyFg6fd6f8UAE9kwgnCwJXbxg7phdAo9Rm5qF66yB8ZZhF9nDbOtKM,0.26372199999999996,5.880628,1.070892
421200,a9P876+Ln/IyFg6fd6f8UAE9kwgnCwJXbxg7phdAo9Rm5qF66yB8ZZhF9nDbOtKM,0.388306,1.068343,0.6272939999999999
421500,a9P876+Ln/IyFg6fd6f8UAE9kwgnCwJXbxg7phdAo9Rm5qF66yB8ZZhF9nDbOtKM,0.35372800000000004,6.039880999999999,1.1029120000000001
421800,a9P876+Ln/IyFg6fd6f8UAE9kwgnCwJXbxg7phdAo9Rm5qF66yB8ZZhF9nDbOtKM,0.391906,1.179764,0.5961489999999999
422100,a9P876+Ln/IyFg6fd6f8UAE9kwgnCwJXbxg7phdAo9Rm5qF66yB8ZZhF9nDbOtKM,0.424461,5.512514,1.158541
422400,a9P876+Ln/IyFg6fd6f8UAE9kwgnCwJXbxg7phdAo9Rm5qF66yB8ZZhF9nDbOtKM,0.407471,1.3875979999999999,0.62966
422700,a9P876+Ln/IyFg6fd6f8UAE9kwgnCwJXbxg7phdAo9Rm5qF66yB8ZZhF9nDbOtKM,0.458975,6.996262,1.1189040000000001
423000,a9P876+Ln/IyFg6fd6f8UAE9kwgnCwJXbxg7phdAo9Rm5qF66yB8ZZhF9nDbOtKM,0.358799,1.0361799999999999,0.634774
423300,a9P876+Ln/IyFg6fd6f8UAE9kwgnCwJXbxg7phdAo9Rm5qF66yB8ZZhF9nDbOtKM,0.423663,5.753891,1.1112090000000001
423600,a9P876+Ln/IyFg6fd6f8UAE9kwgnCwJXbxg7phdAo9Rm5qF66yB8ZZhF9nDbOtKM,0.37788299999999997,1.108177,0.5930979999999999
423900,a9P876+Ln/IyFg6fd6f8UAE9kwgnCwJXbxg7phdAo9Rm5qF66yB8ZZhF9nDbOtKM,0.43335799999999997,6.74954,1.445561
424200,a9P876+Ln/IyFg6fd6f8UAE9kwgnCwJXbxg7phdAo9Rm5qF66yB8ZZhF9nDbOtKM,0.45793199999999995,0.908917,0.60748
424500,a9P876+Ln/IyFg6fd6f8UAE9kwgnCwJXbxg7phdAo9Rm5qF66yB8ZZhF9nDbOtKM,0.216772,5.647468,1.041143
424800,a9P876+Ln/IyFg6fd6f8UAE9kwgnCwJXbxg7phdAo9Rm5qF66yB8ZZhF9nDbOtKM,0.363608,1.010041,0.603136
425100,a9P876+Ln/IyFg6fd6f8UAE9kwgnCwJXbxg7phdAo9Rm5qF66yB8ZZhF9nDbOtKM,0.199819,5.30454,1.037442
425400,a9P876+Ln/IyFg6fd6f8UAE9kwgnCwJXbxg7phdAo9Rm5qF66yB8ZZhF9nDbOtKM,0.38802600000000004,1.0009350000000001,0.573416
425700,a9P876+Ln/IyFg6fd6f8UAE9kwgnCwJXbxg7phdAo9Rm5qF66yB8ZZhF9nDbOtKM,0.30952199999999996,2.9708900000000003,0.792743
426000,a9P876+Ln/IyFg6fd6f8UAE9kwgnCwJXbxg7phdAo9Rm5qF66yB8ZZhF9nDbOtKM,0.44094399999999995,0.964802,0.597471
426300,a9P876+Ln/IyFg6fd6f8UAE9kwgnCwJXbxg7phdAo9Rm5qF66yB8ZZhF9nDbOtKM,0.39150799999999997,7.26099,1.0893959999999998
426600,a9P876+Ln/IyFg6fd6f8UAE9kwgnCwJXbxg7phdAo9Rm5qF66yB8ZZhF9nDbOtKM,0.395851,1.134475,0.648256
426900,a9P876+Ln/IyFg6fd6f8UAE9kwgnCwJXbxg7phdAo9Rm5qF66yB8ZZhF9nDbOtKM,0.418101,7.012847,1.136851
427200,a9P876+Ln/IyFg6fd6f8UAE9kwgnCwJXbxg7phdAo9Rm5qF66yB8ZZhF9nDbOtKM,0.206484,0.938629,0.561186
427500,a9P876+Ln/IyFg6fd6f8UAE9kwgnCwJXbxg7phdAo9Rm5qF66yB8ZZhF9nDbOtKM,0.357479,6.426209,1.099553
427800,a9P876+Ln/IyFg6fd6f8UAE9kwgnCwJXbxg7phdAo9Rm5qF66yB8ZZhF9nDbOtKM,0.22947800000000002,0.8636719999999999,0.543474
428100,a9P876+Ln/IyFg6fd6f8UAE9kwgnCwJXbxg7phdAo9Rm5qF66yB8ZZhF9nDbOtKM,0.398723,6.474186,1.073796
428400,a9P876+Ln/IyFg6fd6f8UAE9kwgnCwJXbxg7phdAo9Rm5qF66yB8ZZhF9nDbOtKM,0.282826,1.053218,0.6003149999999999
428700,a9P876+Ln/IyFg6fd6f8UAE9kwgnCwJXbxg7phdAo9Rm5qF66yB8ZZhF9nDbOtKM,0.390548,6.261892,1.098732
429000,a9P876+Ln/IyFg6fd6f8UAE9kwgnCwJXbxg7phdAo9Rm5qF66yB8ZZhF9nDbOtKM,0.23827399999999999,1.089985,0.569284
429300,a9P876+Ln/IyFg6fd6f8UAE9kwgnCwJXbxg7phdAo9Rm5qF66yB8ZZhF9nDbOtKM,0.306523,6.204019000000001,1.13364
429600,a9P876+Ln/IyFg6fd6f8UAE9kwgnCwJXbxg7phdAo9Rm5qF66yB8ZZhF9nDbOtKM,0.42177600000000004,1.018673,0.61212
429900,a9P876+Ln/IyFg6fd6f8UAE9kwgnCwJXbxg7phdAo9Rm5qF66yB8ZZhF9nDbOtKM,0.282557,6.686672,1.078039
430200,a9P876+Ln/IyFg6fd6f8UAE9kwgnCwJXbxg7phdAo9Rm5qF66yB8ZZhF9nDbOtKM,0.3664,0.8976649999999999,0.598858
430500,a9P876+Ln/IyFg6fd6f8UAE9kwgnCwJXbxg7phdAo9Rm5qF66yB8ZZhF9nDbOtKM,0.38658000000000003,6.576878,1.135858
430800,a9P876+Ln/IyFg6fd6f8UAE9kwgnCwJXbxg7phdAo9Rm5qF66yB8ZZhF9nDbOtKM,0.379123,1.205741,0.600214
431100,a9P876+Ln/IyFg6fd6f8UAE9kwgnCwJXbxg7phdAo9Rm5qF66yB8ZZhF9nDbOtKM,0.3692,2.364817,0.729089
431400,a9P876+Ln/IyFg6fd6f8UAE9kwgnCwJXbxg7phdAo9Rm5qF66yB8ZZhF9nDbOtKM,0.424621,1.1522940000000002,0.629326
431700,a9P876+Ln/IyFg6fd6f8UAE9kwgnCwJXbxg7phdAo9Rm5qF66yB8ZZhF9nDbOtKM,0.23697600000000002,7.169906,1.0738219999999998
432000,a9P876+Ln/IyFg6fd6f8UAE9kwgnCwJXbxg7phdAo9Rm5qF66yB8ZZhF9nDbOtKM,0.304852,0.9938969999999999,0.598957
432300,a9P876+Ln/IyFg6fd6f8UAE9kwgnCwJXbxg7phdAo9Rm5qF66yB8ZZhF9nDbOtKM,0.43107799999999996,5.763466,1.11584
432600,a9P876+Ln/IyFg6fd6f8UAE9kwgnCwJXbxg7phdAo9Rm5qF66yB8ZZhF9nDbOtKM,0.404106,1.1570719999999999,0.596371
432900,a9P876+Ln/IyFg6fd6f8UAE9kwgnCwJXbxg7phdAo9Rm5qF66yB8ZZhF9nDbOtKM,0.41073699999999996,7.137828,1.140034
433200,a9P876+Ln/IyFg6fd6f8UAE9kwgnCwJXbxg7phdAo9Rm5qF66yB8ZZhF9nDbOtKM,0.364556,0.889803,0.557782
433500,a9P876+Ln/IyFg6fd6f8UAE9kwgnCwJXbxg7phdAo9Rm5qF66yB8ZZhF9nDbOtKM,0.428451,4.239477,1.1310120000000001
433800,a9P876+Ln/IyFg6fd6f8UAE9kwgnCwJXbxg7phdAo9Rm5qF66yB8ZZhF9nDbOtKM,0.327187,1.1308850000000001,0.6034229999999999
434100,a9P876+Ln/IyFg6fd6f8UAE9kwgnCwJXbxg7phdAo9Rm5qF66yB8ZZhF9nDbOtKM,0.43205,5.776281,1.1132
434400,a9P876+Ln/IyFg6fd6f8UAE9kwgnCwJXbxg7phdAo9Rm5qF66yB8ZZhF9nDbOtKM,0.388309,1.029925,0.5751029999999999
434700,a9P876+Ln/IyFg6fd6f8UAE9kwgnCwJXbxg7phdAo9Rm5qF66yB8ZZhF9nDbOtKM,0.25935,6.756147,1.053144
435000,a9P876+Ln/IyFg6fd6f8UAE9kwgnCwJXbxg7phdAo9Rm5qF66yB8ZZhF9nDbOtKM,0.45687700000000003,0.95586,0.6074039999999999
435300,a9P876+Ln/IyFg6fd6f8UAE9kwgnCwJXbxg7phdAo9Rm5qF66yB8ZZhF9nDbOtKM,0.28624,6.290443,1.071934
435600,a9P876+Ln/IyFg6fd6f8UAE9kwgnCwJXbxg7phdAo9Rm5qF66yB8ZZhF9nDbOtKM,0.382845,0.9300209999999999,0.591769
435900,a9P876+Ln/IyFg6fd6f8UAE9kwgnCwJXbxg7phdAo9Rm5qF66yB8ZZhF9nDbOtKM,0.347781,6.09854,1.059436
436200,a9P876+Ln/IyFg6fd6f8UAE9kwgnCwJXbxg7phdAo9Rm5qF66yB8ZZhF9nDbOtKM,0.394816,1.032484,0.6020979999999999
436500,a9P876+Ln/IyFg6fd6f8UAE9kwgnCwJXbxg7phdAo9Rm5qF66yB8ZZhF9nDbOtKM,0.428192,2.700431,0.796407
436800,a9P876+Ln/IyFg6fd6f8UAE9kwgnCwJXbxg7phdAo9Rm5qF66yB8ZZhF9nDbOtKM,0.407459,1.036106,0.609911
437100,a9P876+Ln/IyFg6fd6f8UAE9kwgnCwJXbxg7phdAo9Rm5qF66yB8ZZhF9nDbOtKM,0.367302,6.7700759999999995,1.080714
437400,a9P876+Ln/IyFg6fd6f8UAE9kwgnCwJXbxg7phdAo9Rm5qF66yB8ZZhF9nDbOtKM,0.406549,1.0304959999999999,0.619505
437700,a9P876+Ln/IyFg6fd6f8UAE9kwgnCwJXbxg7phdAo9Rm5qF66yB8ZZhF9nDbOtKM,0.394623,5.957259,1.137784
438000,a9P876+Ln/IyFg6fd6f8UAE9kwgnCwJXbxg7phdAo9Rm5qF66yB8ZZhF9nDbOtKM,0.381811,0.973176,0.621783
438300,a9P876+Ln/IyFg6fd6f8UAE9kwgnCwJXbxg7phdAo9Rm5qF66yB8ZZhF9nDbOtKM,0.42594899999999997,5.680234,1.100837
438600,a9P876+Ln/IyFg6fd6f8UAE9kwgnCwJXbxg7phdAo9Rm5qF66yB8ZZhF9nDbOtKM,0.41214700000000004,1.111992,0.622699
438900,a9P876+Ln/IyFg6fd6f8UAE9kwgnCwJXbxg7phdAo9Rm5qF66yB8ZZhF9nDbOtKM,0.440125,6.745875,1.0850629999999999
439200,a9P876+Ln/IyFg6fd6f8UAE9kwgnCwJXbxg7phdAo9Rm5qF66yB8ZZhF9nDbOtKM,0.314347,1.024386,0.623175
439500,a9P876+Ln/IyFg6fd6f8UAE9kwgnCwJXbxg7phdAo9Rm5qF66yB8ZZhF9nDbOtKM,0.443191,5.624704,1.111597
439800,a9P876+Ln/IyFg6fd6f8UAE9kwgnCwJXbxg7phdAo9Rm5qF66yB8ZZhF9nDbOtKM,0.297014,1.04293,0.578897
440100,a9P876+Ln/IyFg6fd6f8UAE9kwgnCwJXbxg7phdAo9Rm5qF66yB8ZZhF9nDbOtKM,0.279697,4.625889,1.09954
440400,a9P876+Ln/IyFg6fd6f8UAE9kwgnCwJXbxg7phdAo9Rm5qF66yB8ZZhF9nDbOtKM,0.384531,1.091502,0.6004970000000001
440700,a9P876+Ln/IyFg6fd6f8UAE9kwgnCwJXbxg7phdAo9Rm5qF66yB8ZZhF9nDbOtKM,0.375949,5.733585,1.041712
441000,a9P876+Ln/IyFg6fd6f8UAE9kwgnCwJXbxg7phdAo9Rm5qF66yB8ZZhF9nDbOtKM,0.389362,0.9610219999999999,0.610784
441300,a9P876+Ln/IyFg6fd6f8UAE9kwgnCwJXbxg7phdAo9Rm5qF66yB8ZZhF9nDbOtKM,0.319355,6.333894,1.057489
441600,a9P876+Ln/IyFg6fd6f8UAE9kwgnCwJXbxg7phdAo9Rm5qF66yB8ZZhF9nDbOtKM,0.398929,1.13778,0.590178
441900,a9P876+Ln/IyFg6fd6f8UAE9kwgnCwJXbxg7phdAo9Rm5qF66yB8ZZhF9nDbOtKM,0.237814,2.982288,0.702328
442200,a9P876+Ln/IyFg6fd6f8UAE9kwgnCwJXbxg7phdAo9Rm5qF66yB8ZZhF9nDbOtKM,0.38998499999999997,1.1365450000000001,0.592741
442500,a9P876+Ln/IyFg6fd6f8UAE9kwgnCwJXbxg7phdAo9Rm5qF66yB8ZZhF9nDbOtKM,0.293219,5.845532,1.0555350000000001
442800,a9P876+Ln/IyFg6fd6f8UAE9kwgnCwJXbxg7phdAo9Rm5qF66yB8ZZhF9nDbOtKM,0.323338,0.9341360000000001,0.578959
443100,a9P876+Ln/IyFg6fd6f8UAE9kwgnCwJXbxg7phdAo9Rm5qF66yB8ZZhF9nDbOtKM,0.363885,6.645842999999999,1.10514
443400,a9P876+Ln/IyFg6fd6f8UAE9kwgnCwJXbxg7phdAo9Rm5qF66yB8ZZhF9nDbOtKM,0.271056,1.102055,0.570141
443700,a9P876+Ln/IyFg6fd6f8UAE9kwgnCwJXbxg7phdAo9Rm5qF66yB8ZZhF9nDbOtKM,0.426728,6.066730000000001,1.18265
444000,a9P876+Ln/IyFg6fd6f8UAE9kwgnCwJXbxg7phdAo9Rm5qF66yB8ZZhF9nDbOtKM,0.313155,0.8259270000000001,0.5704239999999999
444300,a9P876+Ln/IyFg6fd6f8UAE9kwgnCwJXbxg7phdAo9Rm5qF66yB8ZZhF9nDbOtKM,0.452025,6.3892169999999995,1.098791
444600,a9P876+Ln/IyFg6fd6f8UAE9kwgnCwJXbxg7phdAo9Rm5qF66yB8ZZhF9nDbOtKM,0.416267,1.029734,0.620264
444900,a9P876+Ln/IyFg6fd6f8UAE9kwgnCwJXbxg7phdAo9Rm5qF66yB8ZZhF9nDbOtKM,0.36988499999999996,5.5951379999999995,1.110957
445200,a9P876+Ln/IyFg6fd6f8UAE9kwgnCwJXbxg7phdAo9Rm5qF66yB8ZZhF9nDbOtKM,0.227838,0.835937,0.544037
445500,a9P876+Ln/IyFg6fd6f8UAE9kwgnCwJXbxg7phdAo9Rm5qF66yB8ZZhF9nDbOtKM,0.24833899999999998,5.966797,1.062232
445800,a9P876+Ln/IyFg6fd6f8UAE9kwgnCwJXbxg7phdAo9Rm5qF66yB8ZZhF9nDbOtKM,0.44743,0.9412809999999999,0.6043890000000001
446100,a9P876+Ln/IyFg6fd6f8UAE9kwgnCwJXbxg7phdAo9Rm5qF66yB8ZZhF9nDbOtKM,0.398998,5.611406,1.0615649999999999
446400,a9P876+Ln/IyFg6fd6f8UAE9kwgnCwJXbxg7phdAo9Rm5qF66yB8ZZhF9nDbOtKM,0.374175,1.178982,0.611949
446700,a9P876+Ln/IyFg6fd6f8UAE9kwgnCwJXbxg7phdAo9Rm5qF66yB8ZZhF9nDbOtKM,0.38396199999999997,5.009442,1.0910229999999999
447000,a9P876+Ln/IyFg6fd6f8UAE9kwgnCwJXbxg7phdAo9Rm5qF66yB8ZZhF9nDbOtKM,0.374983,1.039167,0.646093
447300,a9P876+Ln/IyFg6fd6f8UAE9kwgnCwJXbxg7phdAo9Rm5qF66yB8ZZhF9nDbOtKM,0.40008499999999997,2.882355,0.804541
447600,a9P876+Ln/IyFg6fd6f8UAE9kwgnCwJXbxg7phdAo9Rm5qF66yB8ZZhF9nDbOtKM,0.413682,1.036216,0.6129680000000001
447900,a9P876+Ln/IyFg6fd6f8UAE9kwgnCwJXbxg7phdAo9Rm5qF66yB8ZZhF9nDbOtKM,0.402873,6.796575999999999,1.091261
448200,a9P876+Ln/IyFg6fd6f8UAE9kwgnCwJXbxg7phdAo9Rm5qF66yB8ZZhF9nDbOtKM,0.41035299999999997,1.177766,0.608672
448500,a9P876+Ln/IyFg6fd6f8UAE9kwgnCwJXbxg7phdAo9Rm5qF66yB8ZZhF9nDbOtKM,0.44006000000000006,4.802807,1.095224
448800,a9P876+Ln/IyFg6fd6f8UAE9kwgnCwJXbxg7phdAo9Rm5qF66yB8ZZhF9nDbOtKM,0.399636,0.7857970000000001,0.583685
449100,a9P876+Ln/IyFg6fd6f8UAE9kwgnCwJXbxg7phdAo9Rm5qF66yB8ZZhF9nDbOtKM,0.45170600000000005,6.533391,1.10607
449400,a9P876+Ln/IyFg6fd6f8UAE9kwgnCwJXbxg7phdAo9Rm5qF66yB8ZZhF9nDbOtKM,0.2317,1.060681,0.556525
449700,a9P876+Ln/IyFg6fd6f8UAE9kwgnCwJXbxg7phdAo9Rm5qF66yB8ZZhF9nDbOtKM,0.44568100000000005,6.800908,1.0909719999999998
450000,a9P876+Ln/IyFg6fd6f8UAE9kwgnCwJXbxg7phdAo9Rm5qF66yB8ZZhF9nDbOtKM,0.264705,0.864201,0.589425
450300,a9P876+Ln/IyFg6fd6f8UAE9kwgnCwJXbxg7phdAo9Rm5qF66yB8ZZhF9nDbOtKM,0.43599399999999994,6.449443,1.085251
450600,a9P876+Ln/IyFg6fd6f8UAE9kwgnCwJXbxg7phdAo9Rm5qF66yB8ZZhF9nDbOtKM,0.28793,1.023382,0.580849
450900,a9P876+Ln/IyFg6fd6f8UAE9kwgnCwJXbxg7phdAo9Rm5qF66yB8ZZhF9nDbOtKM,0.377109,5.413429,1.108354
451200,a9P876+Ln/IyFg6fd6f8UAE9kwgnCwJXbxg7phdAo9Rm5qF66yB8ZZhF9nDbOtKM,0.38305,1.1999229999999999,0.614563
451500,a9P876+Ln/IyFg6fd6f8UAE9kwgnCwJXbxg7phdAo9Rm5qF66yB8ZZhF9nDbOtKM,0.360693,6.962146000000001,1.074684
451800,a9P876+Ln/IyFg6fd6f8UAE9kwgnCwJXbxg7phdAo9Rm5qF66yB8ZZhF9nDbOtKM,0.422716,1.0258559999999999,0.595322
452100,a9P876+Ln/IyFg6fd6f8UAE9kwgnCwJXbxg7phdAo9Rm5qF66yB8ZZhF9nDbOtKM,0.247443,5.0026019999999995,1.053115
452400,a9P876+Ln/IyFg6fd6f8UAE9kwgnCwJXbxg7phdAo9Rm5qF66yB8ZZhF9nDbOtKM,0.446952,0.800258,0.594669
452700,a9P876+Ln/IyFg6fd6f8UAE9kwgnCwJXbxg7phdAo9Rm5qF66yB8ZZhF9nDbOtKM,0.420741,2.2437810000000002,0.748761
453000,a9P876+Ln/IyFg6fd6f8UAE9kwgnCwJXbxg7phdAo9Rm5qF66yB8ZZhF9nDbOtKM,0.379506,0.98611,0.63698
453300,a9P876+Ln/IyFg6fd6f8UAE9kwgnCwJXbxg7phdAo9Rm5qF66yB8ZZhF9nDbOtKM,0.445742,5.916518,1.091353
453600,a9P876+Ln/IyFg6fd6f8UAE9kwgnCwJXbxg7phdAo9Rm5qF66yB8ZZhF9nDbOtKM,0.330017,0.932298,0.5996199999999999
453900,a9P876+Ln/IyFg6fd6f8UAE9kwgnCwJXbxg7phdAo9Rm5qF66yB8ZZhF9nDbOtKM,0.40148,5.273473,1.104316
454200,a9P876+Ln/IyFg6fd6f8UAE9kwgnCwJXbxg7phdAo9Rm5qF66yB8ZZhF9nDbOtKM,0.39874299999999996,1.268512,0.6230859999999999
454500,a9P876+Ln/IyFg6fd6f8UAE9kwgnCwJXbxg7phdAo9Rm5qF66yB8ZZhF9nDbOtKM,0.359419,6.234936,1.173694
454800,a9P876+Ln/IyFg6fd6f8UAE9kwgnCwJXbxg7phdAo9Rm5qF66yB8ZZhF9nDbOtKM,0.40975100000000003,1.1285,0.586034
455100,a9P876+Ln/IyFg6fd6f8UAE9kwgnCwJXbxg7phdAo9Rm5qF66yB8ZZhF9nDbOtKM,0.420967,7.301199,1.116355
455400,a9P876+Ln/IyFg6fd6f8UAE9kwgnCwJXbxg7phdAo9Rm5qF66yB8ZZhF9nDbOtKM,0.346932,0.8974700000000001,0.602163
455700,a9P876+Ln/IyFg6fd6f8UAE9kwgnCwJXbxg7phdAo9Rm5qF66yB8ZZhF9nDbOtKM,0.42855600000000005,4.988957,1.1298549999999998
456000,a9P876+Ln/IyFg6fd6f8UAE9kwgnCwJXbxg7phdAo9Rm5qF66yB8ZZhF9nDbOtKM,0.367114,0.84491,0.58054
456300,a9P876+Ln/IyFg6fd6f8UAE9kwgnCwJXbxg7phdAo9Rm5qF66yB8ZZhF9nDbOtKM,0.41873999999999995,6.403532,1.11707
456600,a9P876+Ln/IyFg6fd6f8UAE9kwgnCwJXbxg7phdAo9Rm5qF66yB8ZZhF9nDbOtKM,0.403877,0.953047,0.616711
456900,a9P876+Ln/IyFg6fd6f8UAE9kwgnCwJXbxg7phdAo9Rm5qF66yB8ZZhF9nDbOtKM,0.411124,6.285819,1.051628
457200,a9P876+Ln/IyFg6fd6f8UAE9kwgnCwJXbxg7phdAo9Rm5qF66yB8ZZhF9nDbOtKM,0.378922,0.7932560000000001,0.597696
457500,a9P876+Ln/IyFg6fd6f8UAE9kwgnCwJXbxg7phdAo9Rm5qF66yB8ZZhF9nDbOtKM,0.311225,5.427996,1.049057
457800,a9P876+Ln/IyFg6fd6f8UAE9kwgnCwJXbxg7phdAo9Rm5qF66yB8ZZhF9nDbOtKM,0.400113,1.089858,0.589882
458100,a9P876+Ln/IyFg6fd6f8UAE9kwgnCwJXbxg7phdAo9Rm5qF66yB8ZZhF9nDbOtKM,0.27795,2.990627,0.7505430000000001
458400,a9P876+Ln/IyFg6fd6f8UAE9kwgnCwJXbxg7phdAo9Rm5qF66yB8ZZhF9nDbOtKM,0.394993,1.230664,0.603459
458700,a9P876+Ln/IyFg6fd6f8UAE9kwgnCwJXbxg7phdAo9Rm5qF66yB8ZZhF9nDbOtKM,0.33475900000000003,6.510962999999999,1.0919370000000002
459000,a9P876+Ln/IyFg6fd6f8UAE9kwgnCwJXbxg7phdAo9Rm5qF66yB8ZZhF9nDbOtKM,0.377269,0.99587,0.594576
459300,a9P876+Ln/IyFg6fd6f8UAE9kwgnCwJXbxg7phdAo9Rm5qF66yB8ZZhF9nDbOtKM,0.400068,6.637385000000001,1.090495
459600,a9P876+Ln/IyFg6fd6f8UAE9kwgnCwJXbxg7phdAo9Rm5qF66yB8ZZhF9nDbOtKM,0.34630500000000003,0.794218,0.569017
459900,a9P876+Ln/IyFg6fd6f8UAE9kwgnCwJXbxg7phdAo9Rm5qF66yB8ZZhF9nDbOtKM,0.34979099999999996,6.198226999999999,1.1161510000000001
460200,a9P876+Ln/IyFg6fd6f8UAE9kwgnCwJXbxg7phdAo9Rm5qF66yB8ZZhF9nDbOtKM,0.340054,0.9029950000000001,0.568571
460500,a9P876+Ln/IyFg6fd6f8UAE9kwgnCwJXbxg7phdAo9Rm5qF66yB8ZZhF9nDbOtKM,0.38228,5.991880999999999,1.063466
460800,a9P876+Ln/IyFg6fd6f8UAE9kwgnCwJXbxg7phdAo9Rm5qF66yB8ZZhF9nDbOtKM,0.43046599999999996,0.912062,0.600626
461100,a9P876+Ln/IyFg6fd6f8UAE9kwgnCwJXbxg7phdAo9Rm5qF66yB8ZZhF9nDbOtKM,0.38660100000000003,4.987749,1.098235
461400,a9P876+Ln/IyFg6fd6f8UAE9kwgnCwJXbxg7phdAo9Rm5qF66yB8ZZhF9nDbOtKM,0.297695,1.150077,0.573729
461700,a9P876+Ln/IyFg6fd6f8UAE9kwgnCwJXbxg7phdAo9Rm5qF66yB8ZZhF9nDbOtKM,0.304115,6.035529,1.123834
462000,a9P876+Ln/IyFg6fd6f8UAE9kwgnCwJXbxg7phdAo9Rm5qF66yB8ZZhF9nDbOtKM,0.39381700000000003,1.0847440000000002,0.610989
462300,a9P876+Ln/IyFg6fd6f8UAE9kwgnCwJXbxg7phdAo9Rm5qF66yB8ZZhF9nDbOtKM,0.368286,6.606195,1.0875059999999999
462600,a9P876+Ln/IyFg6fd6f8UAE9kwgnCwJXbxg7phdAo9Rm5qF66yB8ZZhF9nDbOtKM,0.401472,0.9428270000000001,0.599847
462900,a9P876+Ln/IyFg6fd6f8UAE9kwgnCwJXbxg7phdAo9Rm5qF66yB8ZZhF9nDbOtKM,0.316107,5.184584,1.047165
463200,a9P876+Ln/IyFg6fd6f8UAE9kwgnCwJXbxg7phdAo9Rm5qF66yB8ZZhF9nDbOtKM,0.378421,0.783671,0.582693
463500,a9P876+Ln/IyFg6fd6f8UAE9kwgnCwJXbxg7phdAo9Rm5qF66yB8ZZhF9nDbOtKM,0.276008,2.706317,0.718241
463800,a9P876+Ln/IyFg6fd6f8UAE9kwgnCwJXbxg7phdAo9Rm5qF66yB8ZZhF9nDbOtKM,0.403787,1.168791,0.58606
464100,a9P876+Ln/IyFg6fd6f8UAE9kwgnCwJXbxg7phdAo9Rm5qF66yB8ZZhF9nDbOtKM,0.365115,5.736082,1.057616
464400,a9P876+Ln/IyFg6fd6f8UAE9kwgnCwJXbxg7phdAo9Rm5qF66yB8ZZhF9nDbOtKM,0.355891,0.877799,0.573882
464700,a9P876+Ln/IyFg6fd6f8UAE9kwgnCwJXbxg7phdAo9Rm5qF66yB8ZZhF9nDbOtKM,0.42668100000000003,5.355119,1.079978
465000,a9P876+Ln/IyFg6fd6f8UAE9kwgnCwJXbxg7phdAo9Rm5qF66yB8ZZhF9nDbOtKM,0.44316400000000006,1.019741,0.6171810000000001
465300,a9P876+Ln/IyFg6fd6f8UAE9kwgnCwJXbxg7phdAo9Rm5qF66yB8ZZhF9nDbOtKM,0.4016,5.896557,1.1796719999999998
465600,a9P876+Ln/IyFg6fd6f8UAE9kwgnCwJXbxg7phdAo9Rm5qF66yB8ZZhF9nDbOtKM,0.428071,1.435374,0.680124
465900,a9P876+Ln/IyFg6fd6f8UAE9kwgnCwJXbxg7phdAo9Rm5qF66yB8ZZhF9nDbOtKM,0.399444,6.0061,1.0981940000000001
466200,a9P876+Ln/IyFg6fd6f8UAE9kwgnCwJXbxg7phdAo9Rm5qF66yB8ZZhF9nDbOtKM,0.363458,0.9095340000000001,0.592036
466500,a9P876+Ln/IyFg6fd6f8UAE9kwgnCwJXbxg7phdAo9Rm5qF66yB8ZZhF9nDbOtKM,0.408585,5.355441000000001,1.0839729999999999
466800,a9P876+Ln/IyFg6fd6f8UAE9kwgnCwJXbxg7phdAo9Rm5qF66yB8ZZhF9nDbOtKM,0.386561,3.450711,0.809782
467100,a9P876+Ln/IyFg6fd6f8UAE9kwgnCwJXbxg7phdAo9Rm5qF66yB8ZZhF9nDbOtKM,0.25301599999999996,5.796793,1.0525959999999999
467400,a9P876+Ln/IyFg6fd6f8UAE9kwgnCwJXbxg7phdAo9Rm5qF66yB8ZZhF9nDbOtKM,0.361681,0.895949,0.59185
467700,a9P876+Ln/IyFg6fd6f8UAE9kwgnCwJXbxg7phdAo9Rm5qF66yB8ZZhF9nDbOtKM,0.40914,4.947623,1.116955
468000,a9P876+Ln/IyFg6fd6f8UAE9kwgnCwJXbxg7phdAo9Rm5qF66yB8ZZhF9nDbOtKM,0.34242,0.987455,0.5831770000000001
468300,a9P876+Ln/IyFg6fd6f8UAE9kwgnCwJXbxg7phdAo9Rm5qF66yB8ZZhF9nDbOtKM,0.35541799999999996,6.231184,1.0771309999999998
468600,a9P876+Ln/IyFg6fd6f8UAE9kwgnCwJXbxg7phdAo9Rm5qF66yB8ZZhF9nDbOtKM,0.36423,1.0379040000000002,0.6213489999999999
468900,a9P876+Ln/IyFg6fd6f8UAE9kwgnCwJXbxg7phdAo9Rm5qF66yB8ZZhF9nDbOtKM,0.485349,6.082485,1.152113
469200,a9P876+Ln/IyFg6fd6f8UAE9kwgnCwJXbxg7phdAo9Rm5qF66yB8ZZhF9nDbOtKM,0.39116100000000004,1.163413,0.6006600000000001
469500,a9P876+Ln/IyFg6fd6f8UAE9kwgnCwJXbxg7phdAo9Rm5qF66yB8ZZhF9nDbOtKM,0.395888,5.779908,1.248779
469800,a9P876+Ln/IyFg6fd6f8UAE9kwgnCwJXbxg7phdAo9Rm5qF66yB8ZZhF9nDbOtKM,0.39016799999999996,1.683339,0.671936
470100,a9P876+Ln/IyFg6fd6f8UAE9kwgnCwJXbxg7phdAo9Rm5qF66yB8ZZhF9nDbOtKM,0.371879,5.211118,1.084147
470400,a9P876+Ln/IyFg6fd6f8UAE9kwgnCwJXbxg7phdAo9Rm5qF66yB8ZZhF9nDbOtKM,0.34349,0.917623,0.591006
470700,a9P876+Ln/IyFg6fd6f8UAE9kwgnCwJXbxg7phdAo9Rm5qF66yB8ZZhF9nDbOtKM,0.384716,5.850568,1.083222
471000,a9P876+Ln/IyFg6fd6f8UAE9kwgnCwJXbxg7phdAo9Rm5qF66yB8ZZhF9nDbOtKM,0.405846,1.6955099999999999,0.627963
471300,a9P876+Ln/IyFg6fd6f8UAE9kwgnCwJXbxg7phdAo9Rm5qF66yB8ZZhF9nDbOtKM,0.397079,6.733422999999999,1.096738
471600,a9P876+Ln/IyFg6fd6f8UAE9kwgnCwJXbxg7phdAo9Rm5qF66yB8ZZhF9nDbOtKM,0.367785,0.9173030000000001,0.579839
471900,a9P876+Ln/IyFg6fd6f8UAE9kwgnCwJXbxg7phdAo9Rm5qF66yB8ZZhF9nDbOtKM,0.42968100000000004,5.516618,1.022724
472200,a9P876+Ln/IyFg6fd6f8UAE9kwgnCwJXbxg7phdAo9Rm5qF66yB8ZZhF9nDbOtKM,0.393415,3.9838720000000003,0.8508459999999999
472500,a9P876+Ln/IyFg6fd6f8UAE9kwgnCwJXbxg7phdAo9Rm5qF66yB8ZZhF9nDbOtKM,0.435878,6.832514,1.173092
472800,a9P876+Ln/IyFg6fd6f8UAE9kwgnCwJXbxg7phdAo9Rm5qF66yB8ZZhF9nDbOtKM,0.40705399999999997,1.106517,0.550484
473100,a9P876+Ln/IyFg6fd6f8UAE9kwgnCwJXbxg7phdAo9Rm5qF66yB8ZZhF9nDbOtKM,0.388036,5.682014,1.166303
473400,a9P876+Ln/IyFg6fd6f8UAE9kwgnCwJXbxg7phdAo9Rm5qF66yB8ZZhF9nDbOtKM,0.383706,0.945082,0.591047
473700,a9P876+Ln/IyFg6fd6f8UAE9kwgnCwJXbxg7phdAo9Rm5qF66yB8ZZhF9nDbOtKM,0.278861,5.4601370000000005,1.027393
474000,a9P876+Ln/IyFg6fd6f8UAE9kwgnCwJXbxg7phdAo9Rm5qF66yB8ZZhF9nDbOtKM,0.398231,0.8812139999999999,0.587309
474300,a9P876+Ln/IyFg6fd6f8UAE9kwgnCwJXbxg7phdAo9Rm5qF66yB8ZZhF9nDbOtKM,0.365701,6.294443,1.030719
474600,a9P876+Ln/IyFg6fd6f8UAE9kwgnCwJXbxg7phdAo9Rm5qF66yB8ZZhF9nDbOtKM,0.35158,1.034706,0.56021
474900,a9P876+Ln/IyFg6fd6f8UAE9kwgnCwJXbxg7phdAo9Rm5qF66yB8ZZhF9nDbOtKM,0.45381800000000005,7.11275,1.124838
475200,a9P876+Ln/IyFg6fd6f8UAE9kwgnCwJXbxg7phdAo9Rm5qF66yB8ZZhF9nDbOtKM,0.40184000000000003,2.5118,0.704126
475500,a9P876+Ln/IyFg6fd6f8UAE9kwgnCwJXbxg7phdAo9Rm5qF66yB8ZZhF9nDbOtKM,0.410466,5.617039,1.090174
475800,a9P876+Ln/IyFg6fd6f8UAE9kwgnCwJXbxg7phdAo9Rm5qF66yB8ZZhF9nDbOtKM,0.30141599999999996,0.9995149999999999,0.606403
476100,a9P876+Ln/IyFg6fd6f8UAE9kwgnCwJXbxg7phdAo9Rm5qF66yB8ZZhF9nDbOtKM,0.424666,6.56071,1.1292659999999999
476400,a9P876+Ln/IyFg6fd6f8UAE9kwgnCwJXbxg7phdAo9Rm5qF66yB8ZZhF9nDbOtKM,0.415325,1.6849580000000002,0.632275
476700,a9P876+Ln/IyFg6fd6f8UAE9kwgnCwJXbxg7phdAo9Rm5qF66yB8ZZhF9nDbOtKM,0.41229899999999997,6.120305999999999,1.1045399999999999
477000,a9P876+Ln/IyFg6fd6f8UAE9kwgnCwJXbxg7phdAo9Rm5qF66yB8ZZhF9nDbOtKM,0.39245,1.006436,0.579248
477300,a9P876+Ln/IyFg6fd6f8UAE9kwgnCwJXbxg7phdAo9Rm5qF66yB8ZZhF9nDbOtKM,0.41471199999999997,5.551848000000001,1.0849209999999998
477600,a9P876+Ln/IyFg6fd6f8UAE9kwgnCwJXbxg7phdAo9Rm5qF66yB8ZZhF9nDbOtKM,0.415062,2.047549,0.716925
477900,a9P876+Ln/IyFg6fd6f8UAE9kwgnCwJXbxg7phdAo9Rm5qF66yB8ZZhF9nDbOtKM,0.371512,4.626955000000001,1.10971
478200,a9P876+Ln/IyFg6fd6f8UAE9kwgnCwJXbxg7phdAo9Rm5qF66yB8ZZhF9nDbOtKM,0.35275100000000004,1.009914,0.55797
478500,a9P876+Ln/IyFg6fd6f8UAE9kwgnCwJXbxg7phdAo9Rm5qF66yB8ZZhF9nDbOtKM,0.39773800000000004,6.037456,1.192202
478800,a9P876+Ln/IyFg6fd6f8UAE9kwgnCwJXbxg7phdAo9Rm5qF66yB8ZZhF9nDbOtKM,0.39319899999999997,0.907801,0.5861430000000001
479100,a9P876+Ln/IyFg6fd6f8UAE9kwgnCwJXbxg7phdAo9Rm5qF66yB8ZZhF9nDbOtKM,0.32019000000000003,6.317883,1.061662
479400,a9P876+Ln/IyFg6fd6f8UAE9kwgnCwJXbxg7phdAo9Rm5qF66yB8ZZhF9nDbOtKM,0.376839,0.9112,0.636131
479700,a9P876+Ln/IyFg6fd6f8UAE9kwgnCwJXbxg7phdAo9Rm5qF66yB8ZZhF9nDbOtKM,0.41333100000000006,5.63616,1.107942
480000,a9P876+Ln/IyFg6fd6f8UAE9kwgnCwJXbxg7phdAo9Rm5qF66yB8ZZhF9nDbOtKM,0.360454,1.053145,0.548679
480300,a9P876+Ln/IyFg6fd6f8UAE9kwgnCwJXbxg7phdAo9Rm5qF66yB8ZZhF9nDbOtKM,0.385083,5.703542,1.1374469999999999
480600,a9P876+Ln/IyFg6fd6f8UAE9kwgnCwJXbxg7phdAo9Rm5qF66yB8ZZhF9nDbOtKM,0.387763,2.023053,0.6772020000000001
480900,a9P876+Ln/IyFg6fd6f8UAE9kwgnCwJXbxg7phdAo9Rm5qF66yB8ZZhF9nDbOtKM,0.47385,5.5775239999999995,1.062584
481200,a9P876+Ln/IyFg6fd6f8UAE9kwgnCwJXbxg7phdAo9Rm5qF66yB8ZZhF9nDbOtKM,0.2105,1.083418,0.578105
481500,a9P876+Ln/IyFg6fd6f8UAE9kwgnCwJXbxg7phdAo9Rm5qF66yB8ZZhF9nDbOtKM,0.44260600000000005,5.431334,1.1070520000000001
481800,a9P876+Ln/IyFg6fd6f8UAE9kwgnCwJXbxg7phdAo9Rm5qF66yB8ZZhF9nDbOtKM,0.383621,1.397866,0.629275
482100,a9P876+Ln/IyFg6fd6f8UAE9kwgnCwJXbxg7phdAo9Rm5qF66yB8ZZhF9nDbOtKM,0.384664,6.812282000000001,1.072966
482400,a9P876+Ln/IyFg6fd6f8UAE9kwgnCwJXbxg7phdAo9Rm5qF66yB8ZZhF9nDbOtKM,0.40489,0.9375290000000001,0.58973
482700,a9P876+Ln/IyFg6fd6f8UAE9kwgnCwJXbxg7phdAo9Rm5qF66yB8ZZhF9nDbOtKM,0.451321,4.695631,1.045859
483000,a9P876+Ln/IyFg6fd6f8UAE9kwgnCwJXbxg7phdAo9Rm5qF66yB8ZZhF9nDbOtKM,0.343478,1.585548,0.688144
483300,a9P876+Ln/IyFg6fd6f8UAE9kwgnCwJXbxg7phdAo9Rm5qF66yB8ZZhF9nDbOtKM,0.389898,5.6750620000000005,1.122387
483600,a9P876+Ln/IyFg6fd6f8UAE9kwgnCwJXbxg7phdAo9Rm5qF66yB8ZZhF9nDbOtKM,0.391344,1.225257,0.5758479999999999
483900,a9P876+Ln/IyFg6fd6f8UAE9kwgnCwJXbxg7phdAo9Rm5qF66yB8ZZhF9nDbOtKM,0.390972,5.157805000000001,1.203135
484200,a9P876+Ln/IyFg6fd6f8UAE9kwgnCwJXbxg7phdAo9Rm5qF66yB8ZZhF9nDbOtKM,0.39121300000000003,0.928911,0.585834
484500,a9P876+Ln/IyFg6fd6f8UAE9kwgnCwJXbxg7phdAo9Rm5qF66yB8ZZhF9nDbOtKM,0.361426,6.084041,1.077611
484800,a9P876+Ln/IyFg6fd6f8UAE9kwgnCwJXbxg7phdAo9Rm5qF66yB8ZZhF9nDbOtKM,0.40086900000000003,0.86795,0.589266
485100,a9P876+Ln/IyFg6fd6f8UAE9kwgnCwJXbxg7phdAo9Rm5qF66yB8ZZhF9nDbOtKM,0.41026,5.495558,1.012844
485400,a9P876+Ln/IyFg6fd6f8UAE9kwgnCwJXbxg7phdAo9Rm5qF66yB8ZZhF9nDbOtKM,0.34853,0.937674,0.554821
485700,a9P876+Ln/IyFg6fd6f8UAE9kwgnCwJXbxg7phdAo9Rm5qF66yB8ZZhF9nDbOtKM,0.399667,6.713889999999999,1.226474
486000,a9P876+Ln/IyFg6fd6f8UAE9kwgnCwJXbxg7phdAo9Rm5qF66yB8ZZhF9nDbOtKM,0.411053,1.54956,0.664405
486300,a9P876+Ln/IyFg6fd6f8UAE9kwgnCwJXbxg7phdAo9Rm5qF66yB8ZZhF9nDbOtKM,0.37158800000000003,6.336224,1.028616
486600,a9P876+Ln/IyFg6fd6f8UAE9kwgnCwJXbxg7phdAo9Rm5qF66yB8ZZhF9nDbOtKM,0.367935,0.922364,0.6226619999999999
486900,a9P876+Ln/IyFg6fd6f8UAE9kwgnCwJXbxg7phdAo9Rm5qF66yB8ZZhF9nDbOtKM,0.379281,6.039375,1.131573
487200,a9P876+Ln/IyFg6fd6f8UAE9kwgnCwJXbxg7phdAo9Rm5qF66yB8ZZhF9nDbOtKM,0.331273,1.962148,0.6419
487500,a9P876+Ln/IyFg6fd6f8UAE9kwgnCwJXbxg7phdAo9Rm5qF66yB8ZZhF9nDbOtKM,0.434316,5.485494,1.118683
487800,a9P876+Ln/IyFg6fd6f8UAE9kwgnCwJXbxg7phdAo9Rm5qF66yB8ZZhF9nDbOtKM,0.401513,0.91009,0.592655
488100,a9P876+Ln/IyFg6fd6f8UAE9kwgnCwJXbxg7phdAo9Rm5qF66yB8ZZhF9nDbOtKM,0.38714,5.865151999999999,1.039484
488400,a9P876+Ln/IyFg6fd6f8UAE9kwgnCwJXbxg7phdAo9Rm5qF66yB8ZZhF9nDbOtKM,0.41781599999999997,1.7321959999999998,0.651543
488700,a9P876+Ln/IyFg6fd6f8UAE9kwgnCwJXbxg7phdAo9Rm5qF66yB8ZZhF9nDbOtKM,0.402683,5.752026,1.071451
489000,a9P876+Ln/IyFg6fd6f8UAE9kwgnCwJXbxg7phdAo9Rm5qF66yB8ZZhF9nDbOtKM,0.370501,1.072697,0.545797
489300,a9P876+Ln/IyFg6fd6f8UAE9kwgnCwJXbxg7phdAo9Rm5qF66yB8ZZhF9nDbOtKM,0.361317,5.729845,1.192029
489600,a9P876+Ln/IyFg6fd6f8UAE9kwgnCwJXbxg7phdAo9Rm5qF66yB8ZZhF9nDbOtKM,0.390502,1.039843,0.584066
489900,a9P876+Ln/IyFg6fd6f8UAE9kwgnCwJXbxg7phdAo9Rm5qF66yB8ZZhF9nDbOtKM,0.430392,6.181671,1.0430629999999999
490200,a9P876+Ln/IyFg6fd6f8UAE9kwgnCwJXbxg7phdAo9Rm5qF66yB8ZZhF9nDbOtKM,0.433953,2.13265,0.751497
490500,a9P876+Ln/IyFg6fd6f8UAE9kwgnCwJXbxg7phdAo9Rm5qF66yB8ZZhF9nDbOtKM,0.38753899999999997,5.654376,1.1021969999999999
490800,a9P876+Ln/IyFg6fd6f8UAE9kwgnCwJXbxg7phdAo9Rm5qF66yB8ZZhF9nDbOtKM,0.39367800000000003,1.0528620000000002,0.560647
491100,a9P876+Ln/IyFg6fd6f8UAE9kwgnCwJXbxg7phdAo9Rm5qF66yB8ZZhF9nDbOtKM,0.380471,6.709759,1.150123
491400,a9P876+Ln/IyFg6fd6f8UAE9kwgnCwJXbxg7phdAo9Rm5qF66yB8ZZhF9nDbOtKM,0.362951,1.8278009999999998,0.673115
491700,a9P876+Ln/IyFg6fd6f8UAE9kwgnCwJXbxg7phdAo9Rm5qF66yB8ZZhF9nDbOtKM,0.40829,5.951243,1.053701
492000,a9P876+Ln/IyFg6fd6f8UAE9kwgnCwJXbxg7phdAo9Rm5qF66yB8ZZhF9nDbOtKM,0.321331,0.991276,0.601386
492300,a9P876+Ln/IyFg6fd6f8UAE9kwgnCwJXbxg7phdAo9Rm5qF66yB8ZZhF9nDbOtKM,0.408609,6.871289,1.079279
492600,a9P876+Ln/IyFg6fd6f8UAE9kwgnCwJXbxg7phdAo9Rm5qF66yB8ZZhF9nDbOtKM,0.422713,2.2621580000000003,0.664057
492900,a9P876+Ln/IyFg6fd6f8UAE9kwgnCwJXbxg7phdAo9Rm5qF66yB8ZZhF9nDbOtKM,0.41724700000000003,6.035855000000001,1.0846870000000002
493200,a9P876+Ln/IyFg6fd6f8UAE9kwgnCwJXbxg7phdAo9Rm5qF66yB8ZZhF9nDbOtKM,0.370182,1.015409,0.575597
493500,a9P876+Ln/IyFg6fd6f8UAE9kwgnCwJXbxg7phdAo9Rm5qF66yB8ZZhF9nDbOtKM,0.406586,5.970382,1.039536
493800,a9P876+Ln/IyFg6fd6f8UAE9kwgnCwJXbxg7phdAo9Rm5qF66yB8ZZhF9nDbOtKM,0.4144,1.764054,0.694593
494100,a9P876+Ln/IyFg6fd6f8UAE9kwgnCwJXbxg7phdAo9Rm5qF66yB8ZZhF9nDbOtKM,0.340909,5.742043,1.1286209999999999
494400,a9P876+Ln/IyFg6fd6f8UAE9kwgnCwJXbxg7phdAo9Rm5qF66yB8ZZhF9nDbOtKM,0.373077,1.051648,0.566943
494700,a9P876+Ln/IyFg6fd6f8UAE9kwgnCwJXbxg7phdAo9Rm5qF66yB8ZZhF9nDbOtKM,0.3622,5.6832080000000005,1.34016
495000,a9P876+Ln/IyFg6fd6f8UAE9kwgnCwJXbxg7phdAo9Rm5qF66yB8ZZhF9nDbOtKM,0.35896,0.952882,0.597925
495300,a9P876+Ln/IyFg6fd6f8UAE9kwgnCwJXbxg7phdAo9Rm5qF66yB8ZZhF9nDbOtKM,0.342129,6.4593110000000005,1.058677
495600,a9P876+Ln/IyFg6fd6f8UAE9kwgnCwJXbxg7phdAo9Rm5qF66yB8ZZhF9nDbOtKM,0.392625,0.881358,0.591383
495900,a9P876+Ln/IyFg6fd6f8UAE9kwgnCwJXbxg7phdAo9Rm5qF66yB8ZZhF9nDbOtKM,0.43712399999999996,5.463318,1.074406
496200,a9P876+Ln/IyFg6fd6f8UAE9kwgnCwJXbxg7phdAo9Rm5qF66yB8ZZhF9nDbOtKM,0.41838800000000004,1.0856,0.575401
496500,a9P876+Ln/IyFg6fd6f8UAE9kwgnCwJXbxg7phdAo9Rm5qF66yB8ZZhF9nDbOtKM,0.388614,6.518317,1.12133
496800,a9P876+Ln/IyFg6fd6f8UAE9kwgnCwJXbxg7phdAo9Rm5qF66yB8ZZhF9nDbOtKM,0.38860100000000003,2.524718,0.722773
497100,a9P876+Ln/IyFg6fd6f8UAE9kwgnCwJXbxg7phdAo9Rm5qF66yB8ZZhF9nDbOtKM,0.384363,5.895776000000001,1.038115
497400,a9P876+Ln/IyFg6fd6f8UAE9kwgnCwJXbxg7phdAo9Rm5qF66yB8ZZhF9nDbOtKM,0.41895299999999996,0.960408,0.632807
497700,a9P876+Ln/IyFg6fd6f8UAE9kwgnCwJXbxg7phdAo9Rm5qF66yB8ZZhF9nDbOtKM,0.451345,5.092519,1.134419
498000,a9P876+Ln/IyFg6fd6f8UAE9kwgnCwJXbxg7phdAo9Rm5qF66yB8ZZhF9nDbOtKM,0.400495,1.359991,0.6601319999999999
498300,a9P876+Ln/IyFg6fd6f8UAE9kwgnCwJXbxg7phdAo9Rm5qF66yB8ZZhF9nDbOtKM,0.41263199999999994,5.862007,1.095932
498600,a9P876+Ln/IyFg6fd6f8UAE9kwgnCwJXbxg7phdAo9Rm5qF66yB8ZZhF9nDbOtKM,0.36137600000000003,0.9671360000000001,0.6079319999999999
498900,a9P876+Ln/IyFg6fd6f8UAE9kwgnCwJXbxg7phdAo9Rm5qF66yB8ZZhF9nDbOtKM,0.407375,6.043001,1.060187
499200,a9P876+Ln/IyFg6fd6f8UAE9kwgnCwJXbxg7phdAo9Rm5qF66yB8ZZhF9nDbOtKM,0.40580900000000003,2.134977,0.699045
499500,a9P876+Ln/IyFg6fd6f8UAE9kwgnCwJXbxg7phdAo9Rm5qF66yB8ZZhF9nDbOtKM,0.38455100000000003,5.850833000000001,1.09917
499800,a9P876+Ln/IyFg6fd6f8UAE9kwgnCwJXbxg7phdAo9Rm5qF66yB8ZZhF9nDbOtKM,0.387069,1.10975,0.5801430000000001
500100,a9P876+Ln/IyFg6fd6f8UAE9kwgnCwJXbxg7phdAo9Rm5qF66yB8ZZhF9nDbOtKM,0.389263,4.428176000000001,1.1666459999999998
500400,a9P876+Ln/IyFg6fd6f8UAE9kwgnCwJXbxg7phdAo9Rm5qF66yB8ZZhF9nDbOtKM,0.384123,0.9826969999999999,0.612414
500700,a9P876+Ln/IyFg6fd6f8UAE9kwgnCwJXbxg7phdAo9Rm5qF66yB8ZZhF9nDbOtKM,0.39905,6.648306,1.068841
501000,a9P876+Ln/IyFg6fd6f8UAE9kwgnCwJXbxg7phdAo9Rm5qF66yB8ZZhF9nDbOtKM,0.424149,0.9865,0.627944
501300,a9P876+Ln/IyFg6fd6f8UAE9kwgnCwJXbxg7phdAo9Rm5qF66yB8ZZhF9nDbOtKM,0.454362,5.740104,1.101689
501600,a9P876+Ln/IyFg6fd6f8UAE9kwgnCwJXbxg7phdAo9Rm5qF66yB8ZZhF9nDbOtKM,0.357236,0.945291,0.58825
501900,a9P876+Ln/IyFg6fd6f8UAE9kwgnCwJXbxg7phdAo9Rm5qF66yB8ZZhF9nDbOtKM,0.327516,5.361982,1.102039
502200,a9P876+Ln/IyFg6fd6f8UAE9kwgnCwJXbxg7phdAo9Rm5qF66yB8ZZhF9nDbOtKM,0.383767,1.848629,0.6609729999999999
502500,a9P876+Ln/IyFg6fd6f8UAE9kwgnCwJXbxg7phdAo9Rm5qF66yB8ZZhF9nDbOtKM,0.404219,4.3938809999999995,1.051755
502800,a9P876+Ln/IyFg6fd6f8UAE9kwgnCwJXbxg7phdAo9Rm5qF66yB8ZZhF9nDbOtKM,0.30791599999999997,0.916545,0.578511
503100,a9P876+Ln/IyFg6fd6f8UAE9kwgnCwJXbxg7phdAo9Rm5qF66yB8ZZhF9nDbOtKM,0.4107,6.9187520000000005,1.104992
503400,a9P876+Ln/IyFg6fd6f8UAE9kwgnCwJXbxg7phdAo9Rm5qF66yB8ZZhF9nDbOtKM,0.403489,1.9308889999999999,0.632889
503700,a9P876+Ln/IyFg6fd6f8UAE9kwgnCwJXbxg7phdAo9Rm5qF66yB8ZZhF9nDbOtKM,0.439309,6.858960000000001,1.130333
504000,a9P876+Ln/IyFg6fd6f8UAE9kwgnCwJXbxg7phdAo9Rm5qF66yB8ZZhF9nDbOtKM,0.26718800000000004,0.988872,0.5701430000000001
504300,a9P876+Ln/IyFg6fd6f8UAE9kwgnCwJXbxg7phdAo9Rm5qF66yB8ZZhF9nDbOtKM,0.460776,5.972447,1.067248
504600,a9P876+Ln/IyFg6fd6f8UAE9kwgnCwJXbxg7phdAo9Rm5qF66yB8ZZhF9nDbOtKM,0.427015,1.656434,0.719425
504900,a9P876+Ln/IyFg6fd6f8UAE9kwgnCwJXbxg7phdAo9Rm5qF66yB8ZZhF9nDbOtKM,0.361342,6.752603,1.15124
505200,a9P876+Ln/IyFg6fd6f8UAE9kwgnCwJXbxg7phdAo9Rm5qF66yB8ZZhF9nDbOtKM,0.377223,1.1376700000000002,0.594068
505500,a9P876+Ln/IyFg6fd6f8UAE9kwgnCwJXbxg7phdAo9Rm5qF66yB8ZZhF9nDbOtKM,0.436274,6.342536,1.2061620000000002
505800,a9P876+Ln/IyFg6fd6f8UAE9kwgnCwJXbxg7phdAo9Rm5qF66yB8ZZhF9nDbOtKM,0.399487,0.9836790000000001,0.619095
506100,a9P876+Ln/IyFg6fd6f8UAE9kwgnCwJXbxg7phdAo9Rm5qF66yB8ZZhF9nDbOtKM,0.26957,6.067629,1.0571030000000001
506400,a9P876+Ln/IyFg6fd6f8UAE9kwgnCwJXbxg7phdAo9Rm5qF66yB8ZZhF9nDbOtKM,0.387073,0.9199129999999999,0.599378
506700,a9P876+Ln/IyFg6fd6f8UAE9kwgnCwJXbxg7phdAo9Rm5qF66yB8ZZhF9nDbOtKM,0.44989799999999996,5.558743,1.065964
507000,a9P876+Ln/IyFg6fd6f8UAE9kwgnCwJXbxg7phdAo9Rm5qF66yB8ZZhF9nDbOtKM,0.43671499999999996,1.193869,0.5809340000000001
507300,a9P876+Ln/IyFg6fd6f8UAE9kwgnCwJXbxg7phdAo9Rm5qF66yB8ZZhF9nDbOtKM,0.411729,6.091557,1.097297
507600,a9P876+Ln/IyFg6fd6f8UAE9kwgnCwJXbxg7phdAo9Rm5qF66yB8ZZhF9nDbOtKM,0.37819400000000003,1.4223629999999998,0.677146
507900,a9P876+Ln/IyFg6fd6f8UAE9kwgnCwJXbxg7phdAo9Rm5qF66yB8ZZhF9nDbOtKM,0.387488,4.388494000000001,1.052936
508200,a9P876+Ln/IyFg6fd6f8UAE9kwgnCwJXbxg7phdAo9Rm5qF66yB8ZZhF9nDbOtKM,0.31917199999999996,1.036224,0.606928
508500,a9P876+Ln/IyFg6fd6f8UAE9kwgnCwJXbxg7phdAo9Rm5qF66yB8ZZhF9nDbOtKM,0.430539,6.652444999999999,1.148888
508800,a9P876+Ln/IyFg6fd6f8UAE9kwgnCwJXbxg7phdAo9Rm5qF66yB8ZZhF9nDbOtKM,0.390745,1.042193,0.571739
509100,a9P876+Ln/IyFg6fd6f8UAE9kwgnCwJXbxg7phdAo9Rm5qF66yB8ZZhF9nDbOtKM,0.384157,6.883421,1.145626
509400,a9P876+Ln/IyFg6fd6f8UAE9kwgnCwJXbxg7phdAo9Rm5qF66yB8ZZhF9nDbOtKM,0.28322800000000004,0.885475,0.561582
509700,a9P876+Ln/IyFg6fd6f8UAE9kwgnCwJXbxg7phdAo9Rm5qF66yB8ZZhF9nDbOtKM,0.41156499999999996,4.351592,1.03135
510000,a9P876+Ln/IyFg6fd6f8UAE9kwgnCwJXbxg7phdAo9Rm5qF66yB8ZZhF9nDbOtKM,0.363354,0.873266,0.5787439999999999
510300,a9P876+Ln/IyFg6fd6f8UAE9kwgnCwJXbxg7phdAo9Rm5qF66yB8ZZhF9nDbOtKM,0.42728299999999997,5.501809,1.06853
510600,a9P876+Ln/IyFg6fd6f8UAE9kwgnCwJXbxg7phdAo9Rm5qF66yB8ZZhF9nDbOtKM,0.320288,0.9105850000000001,0.550058
510900,a9P876+Ln/IyFg6fd6f8UAE9kwgnCwJXbxg7phdAo9Rm5qF66yB8ZZhF9nDbOtKM,0.269023,6.563096000000001,1.072497
511200,a9P876+Ln/IyFg6fd6f8UAE9kwgnCwJXbxg7phdAo9Rm5qF66yB8ZZhF9nDbOtKM,0.38914699999999997,0.9858399999999999,0.594132
511500,a9P876+Ln/IyFg6fd6f8UAE9kwgnCwJXbxg7phdAo9Rm5qF66yB8ZZhF9nDbOtKM,0.336837,6.907189,1.062028
511800,a9P876+Ln/IyFg6fd6f8UAE9kwgnCwJXbxg7phdAo9Rm5qF66yB8ZZhF9nDbOtKM,0.39367199999999997,0.897517,0.610222
512100,a9P876+Ln/IyFg6fd6f8UAE9kwgnCwJXbxg7phdAo9Rm5qF66yB8ZZhF9nDbOtKM,0.31748699999999996,7.052147,1.128897
512400,a9P876+Ln/IyFg6fd6f8UAE9kwgnCwJXbxg7phdAo9Rm5qF66yB8ZZhF9nDbOtKM,0.407002,0.891935,0.559562
512700,a9P876+Ln/IyFg6fd6f8UAE9kwgnCwJXbxg7phdAo9Rm5qF66yB8ZZhF9nDbOtKM,0.35580100000000003,3.143678,0.7478
513000,a9P876+Ln/IyFg6fd6f8UAE9kwgnCwJXbxg7phdAo9Rm5qF66yB8ZZhF9nDbOtKM,0.41105,0.9589850000000001,0.591592
513300,a9P876+Ln/IyFg6fd6f8UAE9kwgnCwJXbxg7phdAo9Rm5qF66yB8ZZhF9nDbOtKM,0.338119,5.396844000000001,1.0276319999999999
513600,a9P876+Ln/IyFg6fd6f8UAE9kwgnCwJXbxg7phdAo9Rm5qF66yB8ZZhF9nDbOtKM,0.41607,0.8569959999999999,0.589519
513900,a9P876+Ln/IyFg6fd6f8UAE9kwgnCwJXbxg7phdAo9Rm5qF66yB8ZZhF9nDbOtKM,0.41651400000000005,6.627621,1.105409
514200,a9P876+Ln/IyFg6fd6f8UAE9kwgnCwJXbxg7phdAo9Rm5qF66yB8ZZhF9nDbOtKM,0.417207,0.9501959999999999,0.575966
514500,a9P876+Ln/IyFg6fd6f8UAE9kwgnCwJXbxg7phdAo9Rm5qF66yB8ZZhF9nDbOtKM,0.43194799999999994,4.038765,1.0605950000000002
514800,a9P876+Ln/IyFg6fd6f8UAE9kwgnCwJXbxg7phdAo9Rm5qF66yB8ZZhF9nDbOtKM,0.366131,1.024999,0.586996
515100,a9P876+Ln/IyFg6fd6f8UAE9kwgnCwJXbxg7phdAo9Rm5qF66yB8ZZhF9nDbOtKM,0.390314,7.004075,1.091483
515400,a9P876+Ln/IyFg6fd6f8UAE9kwgnCwJXbxg7phdAo9Rm5qF66yB8ZZhF9nDbOtKM,0.265464,1.002636,0.601851
515700,a9P876+Ln/IyFg6fd6f8UAE9kwgnCwJXbxg7phdAo9Rm5qF66yB8ZZhF9nDbOtKM,0.425558,5.849982,1.129104
516000,a9P876+Ln/IyFg6fd6f8UAE9kwgnCwJXbxg7phdAo9Rm5qF66yB8ZZhF9nDbOtKM,0.274091,0.8663379999999999,0.552752
516300,a9P876+Ln/IyFg6fd6f8UAE9kwgnCwJXbxg7phdAo9Rm5qF66yB8ZZhF9nDbOtKM,0.365498,5.352,1.102199
516600,a9P876+Ln/IyFg6fd6f8UAE9kwgnCwJXbxg7phdAo9Rm5qF66yB8ZZhF9nDbOtKM,0.43613199999999996,0.9420860000000001,0.590348
516900,a9P876+Ln/IyFg6fd6f8UAE9kwgnCwJXbxg7phdAo9Rm5qF66yB8ZZhF9nDbOtKM,0.261959,5.266859999999999,1.036514
517200,a9P876+Ln/IyFg6fd6f8UAE9kwgnCwJXbxg7phdAo9Rm5qF66yB8ZZhF9nDbOtKM,0.41929099999999997,0.8957200000000001,0.587026
517500,a9P876+Ln/IyFg6fd6f8UAE9kwgnCwJXbxg7phdAo9Rm5qF66yB8ZZhF9nDbOtKM,0.344577,5.528956,1.047233
517800,a9P876+Ln/IyFg6fd6f8UAE9kwgnCwJXbxg7phdAo9Rm5qF66yB8ZZhF9nDbOtKM,0.4247,0.969404,0.5544
518100,a9P876+Ln/IyFg6fd6f8UAE9kwgnCwJXbxg7phdAo9Rm5qF66yB8ZZhF9nDbOtKM,0.377231,3.0323900000000004,0.741325
518400,a9P876+Ln/IyFg6fd6f8UAE9kwgnCwJXbxg7phdAo9Rm5qF66yB8ZZhF9nDbOtKM,0.39832,1.030844,0.602683
518700,a9P876+Ln/IyFg6fd6f8UAE9kwgnCwJXbxg7phdAo9Rm5qF66yB8ZZhF9nDbOtKM,0.258573,6.10752,1.045641
519000,a9P876+Ln/IyFg6fd6f8UAE9kwgnCwJXbxg7phdAo9Rm5qF66yB8ZZhF9nDbOtKM,0.32569499999999996,0.855819,0.611958
519300,a9P876+Ln/IyFg6fd6f8UAE9kwgnCwJXbxg7phdAo9Rm5qF66yB8ZZhF9nDbOtKM,0.415933,5.984069,1.160281
519600,a9P876+Ln/IyFg6fd6f8UAE9kwgnCwJXbxg7phdAo9Rm5qF66yB8ZZhF9nDbOtKM,0.350758,0.894971,0.563521
519900,a9P876+Ln/IyFg6fd6f8UAE9kwgnCwJXbxg7phdAo9Rm5qF66yB8ZZhF9nDbOtKM,0.417487,5.421168,1.074214
520200,a9P876+Ln/IyFg6fd6f8UAE9kwgnCwJXbxg7phdAo9Rm5qF66yB8ZZhF9nDbOtKM,0.42066099999999995,1.110818,0.600436
520500,a9P876+Ln/IyFg6fd6f8UAE9kwgnCwJXbxg7phdAo9Rm5qF66yB8ZZhF9nDbOtKM,0.43002299999999993,6.869687,1.066976
520800,a9P876+Ln/IyFg6fd6f8UAE9kwgnCwJXbxg7phdAo9Rm5qF66yB8ZZhF9nDbOtKM,0.422943,0.8560979999999999,0.608151
521100,a9P876+Ln/IyFg6fd6f8UAE9kwgnCwJXbxg7phdAo9Rm5qF66yB8ZZhF9nDbOtKM,0.37554299999999996,4.689264,1.055604
521400,a9P876+Ln/IyFg6fd6f8UAE9kwgnCwJXbxg7phdAo9Rm5qF66yB8ZZhF9nDbOtKM,0.3659,0.8236370000000001,0.5470119999999999
521700,a9P876+Ln/IyFg6fd6f8UAE9kwgnCwJXbxg7phdAo9Rm5qF66yB8ZZhF9nDbOtKM,0.370669,5.849067,1.0601479999999999
522000,a9P876+Ln/IyFg6fd6f8UAE9kwgnCwJXbxg7phdAo9Rm5qF66yB8ZZhF9nDbOtKM,0.400995,0.9525170000000001,0.591957
522300,a9P876+Ln/IyFg6fd6f8UAE9kwgnCwJXbxg7phdAo9Rm5qF66yB8ZZhF9nDbOtKM,0.40768000000000004,5.207721,1.033384
522600,a9P876+Ln/IyFg6fd6f8UAE9kwgnCwJXbxg7phdAo9Rm5qF66yB8ZZhF9nDbOtKM,0.45008100000000006,0.9505239999999999,0.608711
522900,a9P876+Ln/IyFg6fd6f8UAE9kwgnCwJXbxg7phdAo9Rm5qF66yB8ZZhF9nDbOtKM,0.240281,4.818537,1.068231
523200,a9P876+Ln/IyFg6fd6f8UAE9kwgnCwJXbxg7phdAo9Rm5qF66yB8ZZhF9nDbOtKM,0.429171,0.774841,0.581862
523500,a9P876+Ln/IyFg6fd6f8UAE9kwgnCwJXbxg7phdAo9Rm5qF66yB8ZZhF9nDbOtKM,0.42193100000000006,3.161907,0.735934
523800,a9P876+Ln/IyFg6fd6f8UAE9kwgnCwJXbxg7phdAo9Rm5qF66yB8ZZhF9nDbOtKM,0.42485200000000006,1.100471,0.58835
524100,a9P876+Ln/IyFg6fd6f8UAE9kwgnCwJXbxg7phdAo9Rm5qF66yB8ZZhF9nDbOtKM,0.419612,5.281671,1.045201
524400,a9P876+Ln/IyFg6fd6f8UAE9kwgnCwJXbxg7phdAo9Rm5qF66yB8ZZhF9nDbOtKM,0.443391,0.974086,0.61726
524700,a9P876+Ln/IyFg6fd6f8UAE9kwgnCwJXbxg7phdAo9Rm5qF66yB8ZZhF9nDbOtKM,0.42629799999999995,6.752067,1.121679
525000,a9P876+Ln/IyFg6fd6f8UAE9kwgnCwJXbxg7phdAo9Rm5qF66yB8ZZhF9nDbOtKM,0.221219,0.909377,0.5477920000000001
525300,a9P876+Ln/IyFg6fd6f8UAE9kwgnCwJXbxg7phdAo9Rm5qF66yB8ZZhF9nDbOtKM,0.47061000000000003,4.3277410000000005,1.101832
525600,a9P876+Ln/IyFg6fd6f8UAE9kwgnCwJXbxg7phdAo9Rm5qF66yB8ZZhF9nDbOtKM,0.38397600000000004,1.057336,0.590919
525900,a9P876+Ln/IyFg6fd6f8UAE9kwgnCwJXbxg7phdAo9Rm5qF66yB8ZZhF9nDbOtKM,0.402778,4.806353,1.099501
526200,a9P876+Ln/IyFg6fd6f8UAE9kwgnCwJXbxg7phdAo9Rm5qF66yB8ZZhF9nDbOtKM,0.35355,0.958624,0.6406649999999999
526500,a9P876+Ln/IyFg6fd6f8UAE9kwgnCwJXbxg7phdAo9Rm5qF66yB8ZZhF9nDbOtKM,0.440435,5.350498,1.172664
526800,a9P876+Ln/IyFg6fd6f8UAE9kwgnCwJXbxg7phdAo9Rm5qF66yB8ZZhF9nDbOtKM,0.300512,0.7864979999999999,0.5576479999999999
527100,a9P876+Ln/IyFg6fd6f8UAE9kwgnCwJXbxg7phdAo9Rm5qF66yB8ZZhF9nDbOtKM,0.38498499999999997,7.017637,1.112865
527400,a9P876+Ln/IyFg6fd6f8UAE9kwgnCwJXbxg7phdAo9Rm5qF66yB8ZZhF9nDbOtKM,0.443564,1.023482,0.609911
527700,a9P876+Ln/IyFg6fd6f8UAE9kwgnCwJXbxg7phdAo9Rm5qF66yB8ZZhF9nDbOtKM,0.368159,4.3922,1.054692
528000,a9P876+Ln/IyFg6fd6f8UAE9kwgnCwJXbxg7phdAo9Rm5qF66yB8ZZhF9nDbOtKM,0.48271099999999995,0.840677,0.624903
528300,a9P876+Ln/IyFg6fd6f8UAE9kwgnCwJXbxg7phdAo9Rm5qF66yB8ZZhF9nDbOtKM,0.472332,5.473455,1.09968
528600,a9P876+Ln/IyFg6fd6f8UAE9kwgnCwJXbxg7phdAo9Rm5qF66yB8ZZhF9nDbOtKM,0.46207700000000007,0.8482120000000001,0.5842350000000001
528900,a9P876+Ln/IyFg6fd6f8UAE9kwgnCwJXbxg7phdAo9Rm5qF66yB8ZZhF9nDbOtKM,0.445792,3.452325,0.77869
529200,a9P876+Ln/IyFg6fd6f8UAE9kwgnCwJXbxg7phdAo9Rm5qF66yB8ZZhF9nDbOtKM,0.45457600000000004,0.9094629999999999,0.619733
529500,a9P876+Ln/IyFg6fd6f8UAE9kwgnCwJXbxg7phdAo9Rm5qF66yB8ZZhF9nDbOtKM,0.404942,6.3102,1.091947
529800,a9P876+Ln/IyFg6fd6f8UAE9kwgnCwJXbxg7phdAo9Rm5qF66yB8ZZhF9nDbOtKM,0.425733,1.06788,0.6603760000000001
530100,a9P876+Ln/IyFg6fd6f8UAE9kwgnCwJXbxg7phdAo9Rm5qF66yB8ZZhF9nDbOtKM,0.456058,5.317166,1.1486049999999999
530400,a9P876+Ln/IyFg6fd6f8UAE9kwgnCwJXbxg7phdAo9Rm5qF66yB8ZZhF9nDbOtKM,0.404316,0.9439639999999999,0.5880529999999999
530700,a9P876+Ln/IyFg6fd6f8UAE9kwgnCwJXbxg7phdAo9Rm5qF66yB8ZZhF9nDbOtKM,0.429832,6.765528,1.112975
531000,a9P876+Ln/IyFg6fd6f8UAE9kwgnCwJXbxg7phdAo9Rm5qF66yB8ZZhF9nDbOtKM,0.454741,1.027296,0.608727
531300,a9P876+Ln/IyFg6fd6f8UAE9kwgnCwJXbxg7phdAo9Rm5qF66yB8ZZhF9nDbOtKM,0.468533,6.303376999999999,1.077653
531600,a9P876+Ln/IyFg6fd6f8UAE9kwgnCwJXbxg7phdAo9Rm5qF66yB8ZZhF9nDbOtKM,0.22792300000000001,0.9564090000000001,0.597188
531900,a9P876+Ln/IyFg6fd6f8UAE9kwgnCwJXbxg7phdAo9Rm5qF66yB8ZZhF9nDbOtKM,0.433366,5.42028,1.1143299999999998
532200,a9P876+Ln/IyFg6fd6f8UAE9kwgnCwJXbxg7phdAo9Rm5qF66yB8ZZhF9nDbOtKM,0.294302,0.960593,0.55853
532500,a9P876+Ln/IyFg6fd6f8UAE9kwgnCwJXbxg7phdAo9Rm5qF66yB8ZZhF9nDbOtKM,0.402016,5.080133,1.072187
532800,a9P876+Ln/IyFg6fd6f8UAE9kwgnCwJXbxg7phdAo9Rm5qF66yB8ZZhF9nDbOtKM,0.460483,1.003391,0.597766
533100,a9P876+Ln/IyFg6fd6f8UAE9kwgnCwJXbxg7phdAo9Rm5qF66yB8ZZhF9nDbOtKM,0.337604,4.538464,1.028997
533400,a9P876+Ln/IyFg6fd6f8UAE9kwgnCwJXbxg7phdAo9Rm5qF66yB8ZZhF9nDbOtKM,0.485903,0.994627,0.6467609999999999
533700,a9P876+Ln/IyFg6fd6f8UAE9kwgnCwJXbxg7phdAo9Rm5qF66yB8ZZhF9nDbOtKM,0.278853,5.813984,1.067625
534000,a9P876+Ln/IyFg6fd6f8UAE9kwgnCwJXbxg7phdAo9Rm5qF66yB8ZZhF9nDbOtKM,0.43667399999999995,0.78086,0.559976
534300,a9P876+Ln/IyFg6fd6f8UAE9kwgnCwJXbxg7phdAo9Rm5qF66yB8ZZhF9nDbOtKM,0.391002,2.783944,0.7082229999999999
534600,a9P876+Ln/IyFg6fd6f8UAE9kwgnCwJXbxg7phdAo9Rm5qF66yB8ZZhF9nDbOtKM,0.42957700000000004,0.908235,0.596874
534900,a9P876+Ln/IyFg6fd6f8UAE9kwgnCwJXbxg7phdAo9Rm5qF66yB8ZZhF9nDbOtKM,0.303311,5.420518,1.023205
535200,a9P876+Ln/IyFg6fd6f8UAE9kwgnCwJXbxg7phdAo9Rm5qF66yB8ZZhF9nDbOtKM,0.268742,0.833564,0.5690350000000001
535500,a9P876+Ln/IyFg6fd6f8UAE9kwgnCwJXbxg7phdAo9Rm5qF66yB8ZZhF9nDbOtKM,0.43641899999999995,4.959123,1.062366
535800,a9P876+Ln/IyFg6fd6f8UAE9kwgnCwJXbxg7phdAo9Rm5qF66yB8ZZhF9nDbOtKM,0.423946,0.786194,0.563484
536100,a9P876+Ln/IyFg6fd6f8UAE9kwgnCwJXbxg7phdAo9Rm5qF66yB8ZZhF9nDbOtKM,0.400399,4.829639,1.081513
536400,a9P876+Ln/IyFg6fd6f8UAE9kwgnCwJXbxg7phdAo9Rm5qF66yB8ZZhF9nDbOtKM,0.249452,0.8863639999999999,0.565991
536700,a9P876+Ln/IyFg6fd6f8UAE9kwgnCwJXbxg7phdAo9Rm5qF66yB8ZZhF9nDbOtKM,0.43174399999999996,5.87836,1.0659319999999999
537000,a9P876+Ln/IyFg6fd6f8UAE9kwgnCwJXbxg7phdAo9Rm5qF66yB8ZZhF9nDbOtKM,0.2858,0.9637190000000001,0.603716
537300,a9P876+Ln/IyFg6fd6f8UAE9kwgnCwJXbxg7phdAo9Rm5qF66yB8ZZhF9nDbOtKM,0.47257200000000005,4.302549,1.11304
537600,a9P876+Ln/IyFg6fd6f8UAE9kwgnCwJXbxg7phdAo9Rm5qF66yB8ZZhF9nDbOtKM,0.33421300000000004,0.888568,0.545794
537900,a9P876+Ln/IyFg6fd6f8UAE9kwgnCwJXbxg7phdAo9Rm5qF66yB8ZZhF9nDbOtKM,0.318708,6.25599,1.04941
538200,a9P876+Ln/IyFg6fd6f8UAE9kwgnCwJXbxg7phdAo9Rm5qF66yB8ZZhF9nDbOtKM,0.415364,0.932908,0.592564
538500,a9P876+Ln/IyFg6fd6f8UAE9kwgnCwJXbxg7phdAo9Rm5qF66yB8ZZhF9nDbOtKM,0.417894,5.422372,1.0463200000000001
538800,a9P876+Ln/IyFg6fd6f8UAE9kwgnCwJXbxg7phdAo9Rm5qF66yB8ZZhF9nDbOtKM,0.409573,1.000748,0.601282
539100,a9P876+Ln/IyFg6fd6f8UAE9kwgnCwJXbxg7phdAo9Rm5qF66yB8ZZhF9nDbOtKM,0.32411799999999996,5.133889,1.0290030000000001
539400,a9P876+Ln/IyFg6fd6f8UAE9kwgnCwJXbxg7phdAo9Rm5qF66yB8ZZhF9nDbOtKM,0.420206,0.8205540000000001,0.561458
539700,a9P876+Ln/IyFg6fd6f8UAE9kwgnCwJXbxg7phdAo9Rm5qF66yB8ZZhF9nDbOtKM,0.294137,2.535582,0.7034600000000001
540000,a9P876+Ln/IyFg6fd6f8UAE9kwgnCwJXbxg7phdAo9Rm5qF66yB8ZZhF9nDbOtKM,0.405408,1.0596780000000001,0.568351
540300,a9P876+Ln/IyFg6fd6f8UAE9kwgnCwJXbxg7phdAo9Rm5qF66yB8ZZhF9nDbOtKM,0.258432,5.638273000000001,1.0292709999999998
540600,a9P876+Ln/IyFg6fd6f8UAE9kwgnCwJXbxg7phdAo9Rm5qF66yB8ZZhF9nDbOtKM,0.429295,1.017259,0.619034
540900,a9P876+Ln/IyFg6fd6f8UAE9kwgnCwJXbxg7phdAo9Rm5qF66yB8ZZhF9nDbOtKM,0.469304,6.341366000000001,1.138754
541200,a9P876+Ln/IyFg6fd6f8UAE9kwgnCwJXbxg7phdAo9Rm5qF66yB8ZZhF9nDbOtKM,0.376799,0.874199,0.554476
541500,a9P876+Ln/IyFg6fd6f8UAE9kwgnCwJXbxg7phdAo9Rm5qF66yB8ZZhF9nDbOtKM,0.47070100000000004,6.386057,1.1010360000000001
541800,a9P876+Ln/IyFg6fd6f8UAE9kwgnCwJXbxg7phdAo9Rm5qF66yB8ZZhF9nDbOtKM,0.203276,1.099539,0.535968
542100,a9P876+Ln/IyFg6fd6f8UAE9kwgnCwJXbxg7phdAo9Rm5qF66yB8ZZhF9nDbOtKM,0.485814,5.675875,1.063169
542400,a9P876+Ln/IyFg6fd6f8UAE9kwgnCwJXbxg7phdAo9Rm5qF66yB8ZZhF9nDbOtKM,0.22741399999999998,0.933483,0.588648
542700,a9P876+Ln/IyFg6fd6f8UAE9kwgnCwJXbxg7phdAo9Rm5qF66yB8ZZhF9nDbOtKM,0.396418,5.5447239999999995,1.099953
543000,a9P876+Ln/IyFg6fd6f8UAE9kwgnCwJXbxg7phdAo9Rm5qF66yB8ZZhF9nDbOtKM,0.239686,0.7576229999999999,0.524572
543300,a9P876+Ln/IyFg6fd6f8UAE9kwgnCwJXbxg7phdAo9Rm5qF66yB8ZZhF9nDbOtKM,0.45631400000000005,6.336974,1.069987
543600,a9P876+Ln/IyFg6fd6f8UAE9kwgnCwJXbxg7phdAo9Rm5qF66yB8ZZhF9nDbOtKM,0.360829,1.057207,0.5915090000000001
543900,a9P876+Ln/IyFg6fd6f8UAE9kwgnCwJXbxg7phdAo9Rm5qF66yB8ZZhF9nDbOtKM,0.404305,6.451112,1.063831
544200,a9P876+Ln/IyFg6fd6f8UAE9kwgnCwJXbxg7phdAo9Rm5qF66yB8ZZhF9nDbOtKM,0.45870600000000006,0.9993299999999999,0.611927
544500,a9P876+Ln/IyFg6fd6f8UAE9kwgnCwJXbxg7phdAo9Rm5qF66yB8ZZhF9nDbOtKM,0.347668,4.466711,1.088652
544800,a9P876+Ln/IyFg6fd6f8UAE9kwgnCwJXbxg7phdAo9Rm5qF66yB8ZZhF9nDbOtKM,0.410608,0.7991199999999999,0.566275
545100,a9P876+Ln/IyFg6fd6f8UAE9kwgnCwJXbxg7phdAo9Rm5qF66yB8ZZhF9nDbOtKM,0.45577,3.091754,0.761904
545400,a9P876+Ln/IyFg6fd6f8UAE9kwgnCwJXbxg7phdAo9Rm5qF66yB8ZZhF9nDbOtKM,0.426605,1.1475360000000001,0.5829840000000001
545700,a9P876+Ln/IyFg6fd6f8UAE9kwgnCwJXbxg7phdAo9Rm5qF66yB8ZZhF9nDbOtKM,0.419008,6.601574,1.104342
546000,a9P876+Ln/IyFg6fd6f8UAE9kwgnCwJXbxg7phdAo9Rm5qF66yB8ZZhF9nDbOtKM,0.423317,1.016868,0.602328
546300,a9P876+Ln/IyFg6fd6f8UAE9kwgnCwJXbxg7phdAo9Rm5qF66yB8ZZhF9nDbOtKM,0.43229700000000004,5.307625,1.093207
546600,a9P876+Ln/IyFg6fd6f8UAE9kwgnCwJXbxg7phdAo9Rm5qF66yB8ZZhF9nDbOtKM,0.35439899999999996,0.8746,0.570348
546900,a9P876+Ln/IyFg6fd6f8UAE9kwgnCwJXbxg7phdAo9Rm5qF66yB8ZZhF9nDbOtKM,0.44050600000000006,5.451238,1.140932
547200,a9P876+Ln/IyFg6fd6f8UAE9kwgnCwJXbxg7phdAo9Rm5qF66yB8ZZhF9nDbOtKM,0.389899,1.179311,0.614228
547500,a9P876+Ln/IyFg6fd6f8UAE9kwgnCwJXbxg7phdAo9Rm5qF66yB8ZZhF9nDbOtKM,0.431572,5.084143,1.085951
547800,a9P876+Ln/IyFg6fd6f8UAE9kwgnCwJXbxg7phdAo9Rm5qF66yB8ZZhF9nDbOtKM,0.24033000000000002,1.032191,0.6226550000000001
548100,a9P876+Ln/IyFg6fd6f8UAE9kwgnCwJXbxg7phdAo9Rm5qF66yB8ZZhF9nDbOtKM,0.472563,6.0689400000000004,1.17096
548400,a9P876+Ln/IyFg6fd6f8UAE9kwgnCwJXbxg7phdAo9Rm5qF66yB8ZZhF9nDbOtKM,0.359034,1.037676,0.591322
548700,a9P876+Ln/IyFg6fd6f8UAE9kwgnCwJXbxg7phdAo9Rm5qF66yB8ZZhF9nDbOtKM,0.473076,5.986492,1.225646
549000,a9P876+Ln/IyFg6fd6f8UAE9kwgnCwJXbxg7phdAo9Rm5qF66yB8ZZhF9nDbOtKM,0.41667200000000004,1.150327,0.6224569999999999
549300,a9P876+Ln/IyFg6fd6f8UAE9kwgnCwJXbxg7phdAo9Rm5qF66yB8ZZhF9nDbOtKM,0.411175,4.838184,1.144623
549600,a9P876+Ln/IyFg6fd6f8UAE9kwgnCwJXbxg7phdAo9Rm5qF66yB8ZZhF9nDbOtKM,0.41237299999999993,0.970474,0.637781
549900,a9P876+Ln/IyFg6fd6f8UAE9kwgnCwJXbxg7phdAo9Rm5qF66yB8ZZhF9nDbOtKM,0.439255,5.056186,1.104362
550200,a9P876+Ln/IyFg6fd6f8UAE9kwgnCwJXbxg7phdAo9Rm5qF66yB8ZZhF9nDbOtKM,0.38046599999999997,0.789261,0.602245
550500,a9P876+Ln/IyFg6fd6f8UAE9kwgnCwJXbxg7phdAo9Rm5qF66yB8ZZhF9nDbOtKM,0.304068,5.9261610000000005,0.995555
550800,a9P876+Ln/IyFg6fd6f8UAE9kwgnCwJXbxg7phdAo9Rm5qF66yB8ZZhF9nDbOtKM,0.43875200000000003,0.9217569999999999,0.616795
551100,a9P876+Ln/IyFg6fd6f8UAE9kwgnCwJXbxg7phdAo9Rm5qF66yB8ZZhF9nDbOtKM,0.448017,5.3911430000000005,1.122854
551400,a9P876+Ln/IyFg6fd6f8UAE9kwgnCwJXbxg7phdAo9Rm5qF66yB8ZZhF9nDbOtKM,0.383212,1.098574,0.654721
551700,a9P876+Ln/IyFg6fd6f8UAE9kwgnCwJXbxg7phdAo9Rm5qF66yB8ZZhF9nDbOtKM,0.422713,6.101718,1.18831
552000,a9P876+Ln/IyFg6fd6f8UAE9kwgnCwJXbxg7phdAo9Rm5qF66yB8ZZhF9nDbOtKM,0.271609,0.906806,0.6075649999999999
552300,a9P876+Ln/IyFg6fd6f8UAE9kwgnCwJXbxg7phdAo9Rm5qF66yB8ZZhF9nDbOtKM,0.467013,6.11201,1.143867
552600,a9P876+Ln/IyFg6fd6f8UAE9kwgnCwJXbxg7phdAo9Rm5qF66yB8ZZhF9nDbOtKM,0.365076,1.069663,0.623734
552900,a9P876+Ln/IyFg6fd6f8UAE9kwgnCwJXbxg7phdAo9Rm5qF66yB8ZZhF9nDbOtKM,0.41498599999999997,5.211728,1.095543
553200,a9P876+Ln/IyFg6fd6f8UAE9kwgnCwJXbxg7phdAo9Rm5qF66yB8ZZhF9nDbOtKM,0.444988,0.918681,0.617959
553500,a9P876+Ln/IyFg6fd6f8UAE9kwgnCwJXbxg7phdAo9Rm5qF66yB8ZZhF9nDbOtKM,0.45473800000000003,5.909293,1.1107790000000002
553800,a9P876+Ln/IyFg6fd6f8UAE9kwgnCwJXbxg7phdAo9Rm5qF66yB8ZZhF9nDbOtKM,0.44681000000000004,0.82686,0.5989359999999999
554100,a9P876+Ln/IyFg6fd6f8UAE9kwgnCwJXbxg7phdAo9Rm5qF66yB8ZZhF9nDbOtKM,0.334392,5.798135,1.1321700000000001
554400,a9P876+Ln/IyFg6fd6f8UAE9kwgnCwJXbxg7phdAo9Rm5qF66yB8ZZhF9nDbOtKM,0.43249499999999996,1.073697,0.625676
554700,a9P876+Ln/IyFg6fd6f8UAE9kwgnCwJXbxg7phdAo9Rm5qF66yB8ZZhF9nDbOtKM,0.442772,6.37983,1.110201
555000,a9P876+Ln/IyFg6fd6f8UAE9kwgnCwJXbxg7phdAo9Rm5qF66yB8ZZhF9nDbOtKM,0.367085,1.046923,0.648826
555300,a9P876+Ln/IyFg6fd6f8UAE9kwgnCwJXbxg7phdAo9Rm5qF66yB8ZZhF9nDbOtKM,0.40363699999999997,5.883037,1.203919
555600,a9P876+Ln/IyFg6fd6f8UAE9kwgnCwJXbxg7phdAo9Rm5qF66yB8ZZhF9nDbOtKM,0.451711,0.865886,0.59616
555900,a9P876+Ln/IyFg6fd6f8UAE9kwgnCwJXbxg7phdAo9Rm5qF66yB8ZZhF9nDbOtKM,0.440377,5.8490269999999995,1.012923
556200,a9P876+Ln/IyFg6fd6f8UAE9kwgnCwJXbxg7phdAo9Rm5qF66yB8ZZhF9nDbOtKM,0.428417,1.095322,0.624077
556500,a9P876+Ln/IyFg6fd6f8UAE9kwgnCwJXbxg7phdAo9Rm5qF66yB8ZZhF9nDbOtKM,0.426762,6.590484,1.116298
556800,a9P876+Ln/IyFg6fd6f8UAE9kwgnCwJXbxg7phdAo9Rm5qF66yB8ZZhF9nDbOtKM,0.358175,1.060966,0.6372399999999999
557100,a9P876+Ln/IyFg6fd6f8UAE9kwgnCwJXbxg7phdAo9Rm5qF66yB8ZZhF9nDbOtKM,0.398971,5.993831,1.1219709999999998
557400,a9P876+Ln/IyFg6fd6f8UAE9kwgnCwJXbxg7phdAo9Rm5qF66yB8ZZhF9nDbOtKM,0.333433,0.8569829999999999,0.616008
557700,a9P876+Ln/IyFg6fd6f8UAE9kwgnCwJXbxg7phdAo9Rm5qF66yB8ZZhF9nDbOtKM,0.396768,5.185823,1.113032
558000,a9P876+Ln/IyFg6fd6f8UAE9kwgnCwJXbxg7phdAo9Rm5qF66yB8ZZhF9nDbOtKM,0.360582,1.027002,0.640588
558300,a9P876+Ln/IyFg6fd6f8UAE9kwgnCwJXbxg7phdAo9Rm5qF66yB8ZZhF9nDbOtKM,0.43371499999999996,5.026294,1.089888
558600,a9P876+Ln/IyFg6fd6f8UAE9kwgnCwJXbxg7phdAo9Rm5qF66yB8ZZhF9nDbOtKM,0.42029399999999995,4.868163,0.9076549999999999
558900,a9P876+Ln/IyFg6fd6f8UAE9kwgnCwJXbxg7phdAo9Rm5qF66yB8ZZhF9nDbOtKM,0.401793,5.428357,1.170883
559200,a9P876+Ln/IyFg6fd6f8UAE9kwgnCwJXbxg7phdAo9Rm5qF66yB8ZZhF9nDbOtKM,0.430845,1.187136,0.634512
559500,a9P876+Ln/IyFg6fd6f8UAE9kwgnCwJXbxg7phdAo9Rm5qF66yB8ZZhF9nDbOtKM,0.486229,5.6060669999999995,1.13116
559800,a9P876+Ln/IyFg6fd6f8UAE9kwgnCwJXbxg7phdAo9Rm5qF66yB8ZZhF9nDbOtKM,0.38974699999999995,0.888581,0.6202979999999999
560100,a9P876+Ln/IyFg6fd6f8UAE9kwgnCwJXbxg7phdAo9Rm5qF66yB8ZZhF9nDbOtKM,0.43660699999999997,5.145892,1.1352209999999998
560400,a9P876+Ln/IyFg6fd6f8UAE9kwgnCwJXbxg7phdAo9Rm5qF66yB8ZZhF9nDbOtKM,0.43354899999999996,0.9664360000000001,0.642921
560700,a9P876+Ln/IyFg6fd6f8UAE9kwgnCwJXbxg7phdAo9Rm5qF66yB8ZZhF9nDbOtKM,0.391706,6.475137,1.1037
561000,a9P876+Ln/IyFg6fd6f8UAE9kwgnCwJXbxg7phdAo9Rm5qF66yB8ZZhF9nDbOtKM,0.365141,0.994761,0.6367
561300,a9P876+Ln/IyFg6fd6f8UAE9kwgnCwJXbxg7phdAo9Rm5qF66yB8ZZhF9nDbOtKM,0.39669499999999996,10.853999,1.5330620000000001
561600,a9P876+Ln/IyFg6fd6f8UAE9kwgnCwJXbxg7phdAo9Rm5qF66yB8ZZhF9nDbOtKM,0.43423500000000004,1.1768530000000001,0.601671
561900,a9P876+Ln/IyFg6fd6f8UAE9kwgnCwJXbxg7phdAo9Rm5qF66yB8ZZhF9nDbOtKM,0.351053,5.694653,1.123675
562200,a9P876+Ln/IyFg6fd6f8UAE9kwgnCwJXbxg7phdAo9Rm5qF66yB8ZZhF9nDbOtKM,0.46466599999999997,1.24573,0.7149340000000001
562500,a9P876+Ln/IyFg6fd6f8UAE9kwgnCwJXbxg7phdAo9Rm5qF66yB8ZZhF9nDbOtKM,0.431619,6.226765,1.166142
562800,a9P876+Ln/IyFg6fd6f8UAE9kwgnCwJXbxg7phdAo9Rm5qF66yB8ZZhF9nDbOtKM,0.397807,1.25142,0.639019
563100,a9P876+Ln/IyFg6fd6f8UAE9kwgnCwJXbxg7phdAo9Rm5qF66yB8ZZhF9nDbOtKM,0.409908,6.173624,1.1211520000000001
563400,a9P876+Ln/IyFg6fd6f8UAE9kwgnCwJXbxg7phdAo9Rm5qF66yB8ZZhF9nDbOtKM,0.446733,0.998309,0.5983609999999999
563700,a9P876+Ln/IyFg6fd6f8UAE9kwgnCwJXbxg7phdAo9Rm5qF66yB8ZZhF9nDbOtKM,0.43076800000000004,4.864424,1.097493
564000,a9P876+Ln/IyFg6fd6f8UAE9kwgnCwJXbxg7phdAo9Rm5qF66yB8ZZhF9nDbOtKM,0.38724699999999995,5.021877,0.852447
564300,a9P876+Ln/IyFg6fd6f8UAE9kwgnCwJXbxg7phdAo9Rm5qF66yB8ZZhF9nDbOtKM,0.41338199999999997,5.056774,1.066713
564600,a9P876+Ln/IyFg6fd6f8UAE9kwgnCwJXbxg7phdAo9Rm5qF66yB8ZZhF9nDbOtKM,0.34100199999999997,1.013931,0.609071
564900,a9P876+Ln/IyFg6fd6f8UAE9kwgnCwJXbxg7phdAo9Rm5qF66yB8ZZhF9nDbOtKM,0.422126,5.441693,1.120366
565200,a9P876+Ln/IyFg6fd6f8UAE9kwgnCwJXbxg7phdAo9Rm5qF66yB8ZZhF9nDbOtKM,0.415871,0.9757979999999999,0.601195
565500,a9P876+Ln/IyFg6fd6f8UAE9kwgnCwJXbxg7phdAo9Rm5qF66yB8ZZhF9nDbOtKM,0.35877800000000004,5.7822569999999995,1.1181299999999998
565800,a9P876+Ln/IyFg6fd6f8UAE9kwgnCwJXbxg7phdAo9Rm5qF66yB8ZZhF9nDbOtKM,0.415084,1.132448,0.672154
566100,a9P876+Ln/IyFg6fd6f8UAE9kwgnCwJXbxg7phdAo9Rm5qF66yB8ZZhF9nDbOtKM,0.45606599999999997,5.74434,1.142503
566400,a9P876+Ln/IyFg6fd6f8UAE9kwgnCwJXbxg7phdAo9Rm5qF66yB8ZZhF9nDbOtKM,0.39945,1.024534,0.612374
566700,a9P876+Ln/IyFg6fd6f8UAE9kwgnCwJXbxg7phdAo9Rm5qF66yB8ZZhF9nDbOtKM,0.41926899999999995,6.679913000000001,1.264597
567000,a9P876+Ln/IyFg6fd6f8UAE9kwgnCwJXbxg7phdAo9Rm5qF66yB8ZZhF9nDbOtKM,0.434016,1.064865,0.6016279999999999
567300,a9P876+Ln/IyFg6fd6f8UAE9kwgnCwJXbxg7phdAo9Rm5qF66yB8ZZhF9nDbOtKM,0.46418999999999994,6.794411,1.1482629999999998
567600,a9P876+Ln/IyFg6fd6f8UAE9kwgnCwJXbxg7phdAo9Rm5qF66yB8ZZhF9nDbOtKM,0.335631,0.9783459999999999,0.622827
567900,a9P876+Ln/IyFg6fd6f8UAE9kwgnCwJXbxg7phdAo9Rm5qF66yB8ZZhF9nDbOtKM,0.387723,6.3402449999999995,1.0927639999999998
568200,a9P876+Ln/IyFg6fd6f8UAE9kwgnCwJXbxg7phdAo9Rm5qF66yB8ZZhF9nDbOtKM,0.36282,1.051561,0.614526
568500,a9P876+Ln/IyFg6fd6f8UAE9kwgnCwJXbxg7phdAo9Rm5qF66yB8ZZhF9nDbOtKM,0.411775,6.077237,1.1275469999999999
568800,a9P876+Ln/IyFg6fd6f8UAE9kwgnCwJXbxg7phdAo9Rm5qF66yB8ZZhF9nDbOtKM,0.39878800000000003,1.02325,0.614772
569100,a9P876+Ln/IyFg6fd6f8UAE9kwgnCwJXbxg7phdAo9Rm5qF66yB8ZZhF9nDbOtKM,0.43773,6.747761,1.120288
569400,a9P876+Ln/IyFg6fd6f8UAE9kwgnCwJXbxg7phdAo9Rm5qF66yB8ZZhF9nDbOtKM,0.415216,5.008101,0.895021
569700,a9P876+Ln/IyFg6fd6f8UAE9kwgnCwJXbxg7phdAo9Rm5qF66yB8ZZhF9nDbOtKM,0.42012700000000003,5.47996,1.116516
570000,a9P876+Ln/IyFg6fd6f8UAE9kwgnCwJXbxg7phdAo9Rm5qF66yB8ZZhF9nDbOtKM,0.389842,1.03103,0.611021
570300,a9P876+Ln/IyFg6fd6f8UAE9kwgnCwJXbxg7phdAo9Rm5qF66yB8ZZhF9nDbOtKM,0.347003,6.656086999999999,1.145303
570600,a9P876+Ln/IyFg6fd6f8UAE9kwgnCwJXbxg7phdAo9Rm5qF66yB8ZZhF9nDbOtKM,0.38892899999999997,0.9356190000000001,0.5923510000000001
570900,a9P876+Ln/IyFg6fd6f8UAE9kwgnCwJXbxg7phdAo9Rm5qF66yB8ZZhF9nDbOtKM,0.42847399999999997,5.822541999999999,1.119102
571200,a9P876+Ln/IyFg6fd6f8UAE9kwgnCwJXbxg7phdAo9Rm5qF66yB8ZZhF9nDbOtKM,0.382585,0.9580290000000001,0.6223770000000001
571500,a9P876+Ln/IyFg6fd6f8UAE9kwgnCwJXbxg7phdAo9Rm5qF66yB8ZZhF9nDbOtKM,0.40676999999999996,5.178747,1.0626309999999999
571800,a9P876+Ln/IyFg6fd6f8UAE9kwgnCwJXbxg7phdAo9Rm5qF66yB8ZZhF9nDbOtKM,0.419207,1.052693,0.6169060000000001
572100,a9P876+Ln/IyFg6fd6f8UAE9kwgnCwJXbxg7phdAo9Rm5qF66yB8ZZhF9nDbOtKM,0.397853,11.330772,1.574646
572400,a9P876+Ln/IyFg6fd6f8UAE9kwgnCwJXbxg7phdAo9Rm5qF66yB8ZZhF9nDbOtKM,0.422566,0.960691,0.5837939999999999
572700,a9P876+Ln/IyFg6fd6f8UAE9kwgnCwJXbxg7phdAo9Rm5qF66yB8ZZhF9nDbOtKM,0.34865300000000005,5.548430000000001,1.095293
573000,a9P876+Ln/IyFg6fd6f8UAE9kwgnCwJXbxg7phdAo9Rm5qF66yB8ZZhF9nDbOtKM,0.42960699999999996,1.0202209999999998,0.667987
573300,a9P876+Ln/IyFg6fd6f8UAE9kwgnCwJXbxg7phdAo9Rm5qF66yB8ZZhF9nDbOtKM,0.439092,5.976515,1.131304
573600,a9P876+Ln/IyFg6fd6f8UAE9kwgnCwJXbxg7phdAo9Rm5qF66yB8ZZhF9nDbOtKM,0.377375,1.233919,0.609103
573900,a9P876+Ln/IyFg6fd6f8UAE9kwgnCwJXbxg7phdAo9Rm5qF66yB8ZZhF9nDbOtKM,0.43015600000000004,4.57024,1.1224290000000001
574200,a9P876+Ln/IyFg6fd6f8UAE9kwgnCwJXbxg7phdAo9Rm5qF66yB8ZZhF9nDbOtKM,0.38402600000000003,1.183242,0.61049
574500,a9P876+Ln/IyFg6fd6f8UAE9kwgnCwJXbxg7phdAo9Rm5qF66yB8ZZhF9nDbOtKM,0.434383,5.755797,1.0892549999999999
574800,a9P876+Ln/IyFg6fd6f8UAE9kwgnCwJXbxg7phdAo9Rm5qF66yB8ZZhF9nDbOtKM,0.407773,4.693338,0.846683
575100,a9P876+Ln/IyFg6fd6f8UAE9kwgnCwJXbxg7phdAo9Rm5qF66yB8ZZhF9nDbOtKM,0.36813,6.372745,1.070244
575400,a9P876+Ln/IyFg6fd6f8UAE9kwgnCwJXbxg7phdAo9Rm5qF66yB8ZZhF9nDbOtKM,0.365072,1.089041,0.6199180000000001
575700,a9P876+Ln/IyFg6fd6f8UAE9kwgnCwJXbxg7phdAo9Rm5qF66yB8ZZhF9nDbOtKM,0.21275500000000003,4.712495,1.094201
576000,a9P876+Ln/IyFg6fd6f8UAE9kwgnCwJXbxg7phdAo9Rm5qF66yB8ZZhF9nDbOtKM,0.42187399999999997,1.236481,0.59702
576300,a9P876+Ln/IyFg6fd6f8UAE9kwgnCwJXbxg7phdAo9Rm5qF66yB8ZZhF9nDbOtKM,0.33536,6.250433999999999,1.097132
576600,a9P876+Ln/IyFg6fd6f8UAE9kwgnCwJXbxg7phdAo9Rm5qF66yB8ZZhF9nDbOtKM,0.45367399999999997,2.0258529999999997,0.792566
576900,a9P876+Ln/IyFg6fd6f8UAE9kwgnCwJXbxg7phdAo9Rm5qF66yB8ZZhF9nDbOtKM,0.403785,6.756616,1.157254
577200,a9P876+Ln/IyFg6fd6f8UAE9kwgnCwJXbxg7phdAo9Rm5qF66yB8ZZhF9nDbOtKM,0.41656000000000004,1.348475,0.618898
577500,a9P876+Ln/IyFg6fd6f8UAE9kwgnCwJXbxg7phdAo9Rm5qF66yB8ZZhF9nDbOtKM,0.410154,5.724605,1.025492
577800,a9P876+Ln/IyFg6fd6f8UAE9kwgnCwJXbxg7phdAo9Rm5qF66yB8ZZhF9nDbOtKM,0.372723,1.003148,0.571446
578100,a9P876+Ln/IyFg6fd6f8UAE9kwgnCwJXbxg7phdAo9Rm5qF66yB8ZZhF9nDbOtKM,0.334584,6.601507000000001,1.110444
578400,a9P876+Ln/IyFg6fd6f8UAE9kwgnCwJXbxg7phdAo9Rm5qF66yB8ZZhF9nDbOtKM,0.35220300000000004,0.933283,0.633445
578700,a9P876+Ln/IyFg6fd6f8UAE9kwgnCwJXbxg7phdAo9Rm5qF66yB8ZZhF9nDbOtKM,0.44417299999999993,5.278534,1.0665229999999999
579000,a9P876+Ln/IyFg6fd6f8UAE9kwgnCwJXbxg7phdAo9Rm5qF66yB8ZZhF9nDbOtKM,0.444875,1.053956,0.613698
579300,a9P876+Ln/IyFg6fd6f8UAE9kwgnCwJXbxg7phdAo9Rm5qF66yB8ZZhF9nDbOtKM,0.427414,6.240717,1.103669
579600,a9P876+Ln/IyFg6fd6f8UAE9kwgnCwJXbxg7phdAo9Rm5qF66yB8ZZhF9nDbOtKM,0.431604,1.195601,0.616644
579900,a9P876+Ln/IyFg6fd6f8UAE9kwgnCwJXbxg7phdAo9Rm5qF66yB8ZZhF9nDbOtKM,0.425018,5.948214,1.099149
580200,a9P876+Ln/IyFg6fd6f8UAE9kwgnCwJXbxg7phdAo9Rm5qF66yB8ZZhF9nDbOtKM,0.26758699999999996,1.086694,0.618657
580500,a9P876+Ln/IyFg6fd6f8UAE9kwgnCwJXbxg7phdAo9Rm5qF66yB8ZZhF9nDbOtKM,0.40007600000000004,5.339224,1.154395
580800,a9P876+Ln/IyFg6fd6f8UAE9kwgnCwJXbxg7phdAo9Rm5qF66yB8ZZhF9nDbOtKM,0.395549,1.185366,0.599042
581100,a9P876+Ln/IyFg6fd6f8UAE9kwgnCwJXbxg7phdAo9Rm5qF66yB8ZZhF9nDbOtKM,0.228213,6.677649000000001,1.1199459999999999
581400,a9P876+Ln/IyFg6fd6f8UAE9kwgnCwJXbxg7phdAo9Rm5qF66yB8ZZhF9nDbOtKM,0.43856300000000004,1.20682,0.5857979999999999
581700,a9P876+Ln/IyFg6fd6f8UAE9kwgnCwJXbxg7phdAo9Rm5qF66yB8ZZhF9nDbOtKM,0.33667199999999997,5.673703,1.093056
582000,a9P876+Ln/IyFg6fd6f8UAE9kwgnCwJXbxg7phdAo9Rm5qF66yB8ZZhF9nDbOtKM,0.40696,1.007277,0.63375
582300,a9P876+Ln/IyFg6fd6f8UAE9kwgnCwJXbxg7phdAo9Rm5qF66yB8ZZhF9nDbOtKM,0.23769,5.815791,1.197737
582600,a9P876+Ln/IyFg6fd6f8UAE9kwgnCwJXbxg7phdAo9Rm5qF66yB8ZZhF9nDbOtKM,0.45061,1.1332790000000001,0.629419
582900,a9P876+Ln/IyFg6fd6f8UAE9kwgnCwJXbxg7phdAo9Rm5qF66yB8ZZhF9nDbOtKM,0.326013,5.076642,0.961541
583200,a9P876+Ln/IyFg6fd6f8UAE9kwgnCwJXbxg7phdAo9Rm5qF66yB8ZZhF9nDbOtKM,0.393471,1.1704459999999999,0.5747939999999999
583500,a9P876+Ln/IyFg6fd6f8UAE9kwgnCwJXbxg7phdAo9Rm5qF66yB8ZZhF9nDbOtKM,0.420786,5.850805,1.141376
583800,a9P876+Ln/IyFg6fd6f8UAE9kwgnCwJXbxg7phdAo9Rm5qF66yB8ZZhF9nDbOtKM,0.426183,1.13132,0.682062
584100,a9P876+Ln/IyFg6fd6f8UAE9kwgnCwJXbxg7phdAo9Rm5qF66yB8ZZhF9nDbOtKM,0.440788,4.8914040000000005,1.13238
584400,a9P876+Ln/IyFg6fd6f8UAE9kwgnCwJXbxg7phdAo9Rm5qF66yB8ZZhF9nDbOtKM,0.392017,1.066964,0.632734
584700,a9P876+Ln/IyFg6fd6f8UAE9kwgnCwJXbxg7phdAo9Rm5qF66yB8ZZhF9nDbOtKM,0.39734899999999995,6.39775,1.113091
585000,a9P876+Ln/IyFg6fd6f8UAE9kwgnCwJXbxg7phdAo9Rm5qF66yB8ZZhF9nDbOtKM,0.37363,1.2503799999999998,0.611664
585300,a9P876+Ln/IyFg6fd6f8UAE9kwgnCwJXbxg7phdAo9Rm5qF66yB8ZZhF9nDbOtKM,0.42093800000000003,6.195149,1.107674
585600,a9P876+Ln/IyFg6fd6f8UAE9kwgnCwJXbxg7phdAo9Rm5qF66yB8ZZhF9nDbOtKM,0.42213599999999996,0.987951,0.621111
585900,a9P876+Ln/IyFg6fd6f8UAE9kwgnCwJXbxg7phdAo9Rm5qF66yB8ZZhF9nDbOtKM,0.42854200000000003,6.4635050000000005,1.0776649999999999
586200,a9P876+Ln/IyFg6fd6f8UAE9kwgnCwJXbxg7phdAo9Rm5qF66yB8ZZhF9nDbOtKM,0.370207,1.2259950000000002,0.643881
586500,a9P876+Ln/IyFg6fd6f8UAE9kwgnCwJXbxg7phdAo9Rm5qF66yB8ZZhF9nDbOtKM,0.394777,5.695898000000001,1.097228
586800,a9P876+Ln/IyFg6fd6f8UAE9kwgnCwJXbxg7phdAo9Rm5qF66yB8ZZhF9nDbOtKM,0.30090300000000003,1.060188,0.577465
587100,a9P876+Ln/IyFg6fd6f8UAE9kwgnCwJXbxg7phdAo9Rm5qF66yB8ZZhF9nDbOtKM,0.357674,5.3683760000000005,1.0932
587400,a9P876+Ln/IyFg6fd6f8UAE9kwgnCwJXbxg7phdAo9Rm5qF66yB8ZZhF9nDbOtKM,0.457736,1.114336,0.657918
587700,a9P876+Ln/IyFg6fd6f8UAE9kwgnCwJXbxg7phdAo9Rm5qF66yB8ZZhF9nDbOtKM,0.287669,5.904986,1.099457
588000,a9P876+Ln/IyFg6fd6f8UAE9kwgnCwJXbxg7phdAo9Rm5qF66yB8ZZhF9nDbOtKM,0.389384,1.171301,0.634159
588300,a9P876+Ln/IyFg6fd6f8UAE9kwgnCwJXbxg7phdAo9Rm5qF66yB8ZZhF9nDbOtKM,0.35121199999999997,5.291574,1.127181
588600,a9P876+Ln/IyFg6fd6f8UAE9kwgnCwJXbxg7phdAo9Rm5qF66yB8ZZhF9nDbOtKM,0.451984,0.9407200000000001,0.600074
588900,a9P876+Ln/IyFg6fd6f8UAE9kwgnCwJXbxg7phdAo9Rm5qF66yB8ZZhF9nDbOtKM,0.413509,3.318882,0.785502
589200,a9P876+Ln/IyFg6fd6f8UAE9kwgnCwJXbxg7phdAo9Rm5qF66yB8ZZhF9nDbOtKM,0.387171,0.9749180000000001,0.616404
589500,a9P876+Ln/IyFg6fd6f8UAE9kwgnCwJXbxg7phdAo9Rm5qF66yB8ZZhF9nDbOtKM,0.4552,5.796083,1.0892899999999999
589800,a9P876+Ln/IyFg6fd6f8UAE9kwgnCwJXbxg7phdAo9Rm5qF66yB8ZZhF9nDbOtKM,0.397156,1.061123,0.626649
590100,a9P876+Ln/IyFg6fd6f8UAE9kwgnCwJXbxg7phdAo9Rm5qF66yB8ZZhF9nDbOtKM,0.45721999999999996,6.1447769999999995,1.108215
590400,a9P876+Ln/IyFg6fd6f8UAE9kwgnCwJXbxg7phdAo9Rm5qF66yB8ZZhF9nDbOtKM,0.280067,0.937567,0.567112
590700,a9P876+Ln/IyFg6fd6f8UAE9kwgnCwJXbxg7phdAo9Rm5qF66yB8ZZhF9nDbOtKM,0.43041499999999994,5.531007,1.101327
591000,a9P876+Ln/IyFg6fd6f8UAE9kwgnCwJXbxg7phdAo9Rm5qF66yB8ZZhF9nDbOtKM,0.26768000000000003,1.177219,0.635839
591300,a9P876+Ln/IyFg6fd6f8UAE9kwgnCwJXbxg7phdAo9Rm5qF66yB8ZZhF9nDbOtKM,0.40931,6.711786999999999,1.162611
591600,a9P876+Ln/IyFg6fd6f8UAE9kwgnCwJXbxg7phdAo9Rm5qF66yB8ZZhF9nDbOtKM,0.429593,0.9386479999999999,0.6166689999999999
591900,a9P876+Ln/IyFg6fd6f8UAE9kwgnCwJXbxg7phdAo9Rm5qF66yB8ZZhF9nDbOtKM,0.382509,6.133826999999999,1.130903
592200,a9P876+Ln/IyFg6fd6f8UAE9kwgnCwJXbxg7phdAo9Rm5qF66yB8ZZhF9nDbOtKM,0.27681300000000003,0.9547690000000001,0.5559970000000001
592500,a9P876+Ln/IyFg6fd6f8UAE9kwgnCwJXbxg7phdAo9Rm5qF66yB8ZZhF9nDbOtKM,0.383581,5.975902,1.072375
592800,a9P876+Ln/IyFg6fd6f8UAE9kwgnCwJXbxg7phdAo9Rm5qF66yB8ZZhF9nDbOtKM,0.43787600000000004,1.010561,0.6180220000000001
593100,a9P876+Ln/IyFg6fd6f8UAE9kwgnCwJXbxg7phdAo9Rm5qF66yB8ZZhF9nDbOtKM,0.364114,5.326141000000001,1.060129
593400,a9P876+Ln/IyFg6fd6f8UAE9kwgnCwJXbxg7phdAo9Rm5qF66yB8ZZhF9nDbOtKM,0.433321,1.173166,0.639879
593700,a9P876+Ln/IyFg6fd6f8UAE9kwgnCwJXbxg7phdAo9Rm5qF66yB8ZZhF9nDbOtKM,0.325473,6.079325,1.111178
594000,a9P876+Ln/IyFg6fd6f8UAE9kwgnCwJXbxg7phdAo9Rm5qF66yB8ZZhF9nDbOtKM,0.42747799999999997,0.906861,0.596247
594300,a9P876+Ln/IyFg6fd6f8UAE9kwgnCwJXbxg7phdAo9Rm5qF66yB8ZZhF9nDbOtKM,0.443954,3.241423,0.796868
594600,a9P876+Ln/IyFg6fd6f8UAE9kwgnCwJXbxg7phdAo9Rm5qF66yB8ZZhF9nDbOtKM,0.42308100000000004,1.125312,0.681395
594900,a9P876+Ln/IyFg6fd6f8UAE9kwgnCwJXbxg7phdAo9Rm5qF66yB8ZZhF9nDbOtKM,0.43331400000000003,4.843843,1.1472799999999999
595200,a9P876+Ln/IyFg6fd6f8UAE9kwgnCwJXbxg7phdAo9Rm5qF66yB8ZZhF9nDbOtKM,0.446718,1.080498,0.627499
595500,a9P876+Ln/IyFg6fd6f8UAE9kwgnCwJXbxg7phdAo9Rm5qF66yB8ZZhF9nDbOtKM,0.44155200000000006,5.882759,1.0801459999999998
595800,a9P876+Ln/IyFg6fd6f8UAE9kwgnCwJXbxg7phdAo9Rm5qF66yB8ZZhF9nDbOtKM,0.326666,0.924317,0.576296
596100,a9P876+Ln/IyFg6fd6f8UAE9kwgnCwJXbxg7phdAo9Rm5qF66yB8ZZhF9nDbOtKM,0.43278900000000003,5.72688,1.067016
596400,a9P876+Ln/IyFg6fd6f8UAE9kwgnCwJXbxg7phdAo9Rm5qF66yB8ZZhF9nDbOtKM,0.334929,1.063277,0.6207630000000001
596700,a9P876+Ln/IyFg6fd6f8UAE9kwgnCwJXbxg7phdAo9Rm5qF66yB8ZZhF9nDbOtKM,0.41489499999999996,4.834455,1.073596
597000,a9P876+Ln/IyFg6fd6f8UAE9kwgnCwJXbxg7phdAo9Rm5qF66yB8ZZhF9nDbOtKM,0.286333,1.1341,0.630261
597300,a9P876+Ln/IyFg6fd6f8UAE9kwgnCwJXbxg7phdAo9Rm5qF66yB8ZZhF9nDbOtKM,0.427403,5.848944,1.065539
597600,a9P876+Ln/IyFg6fd6f8UAE9kwgnCwJXbxg7phdAo9Rm5qF66yB8ZZhF9nDbOtKM,0.31258,0.990539,0.583154
597900,a9P876+Ln/IyFg6fd6f8UAE9kwgnCwJXbxg7phdAo9Rm5qF66yB8ZZhF9nDbOtKM,0.269475,3.945046,1.061962
598200,a9P876+Ln/IyFg6fd6f8UAE9kwgnCwJXbxg7phdAo9Rm5qF66yB8ZZhF9nDbOtKM,0.41815399999999997,1.161057,0.66784
598500,a9P876+Ln/IyFg6fd6f8UAE9kwgnCwJXbxg7phdAo9Rm5qF66yB8ZZhF9nDbOtKM,0.422655,6.03043,1.055358
598800,a9P876+Ln/IyFg6fd6f8UAE9kwgnCwJXbxg7phdAo9Rm5qF66yB8ZZhF9nDbOtKM,0.43873500000000004,0.96181,0.624101
599100,a9P876+Ln/IyFg6fd6f8UAE9kwgnCwJXbxg7phdAo9Rm5qF66yB8ZZhF9nDbOtKM,0.41023699999999996,6.53585,1.1358469999999998
599400,a9P876+Ln/IyFg6fd6f8UAE9kwgnCwJXbxg7phdAo9Rm5qF66yB8ZZhF9nDbOtKM,0.46853500000000003,0.9122180000000001,0.601545
599700,a9P876+Ln/IyFg6fd6f8UAE9kwgnCwJXbxg7phdAo9Rm5qF66yB8ZZhF9nDbOtKM,0.467087,3.162534,0.746562
600000,a9P876+Ln/IyFg6fd6f8UAE9kwgnCwJXbxg7phdAo9Rm5qF66yB8ZZhF9nDbOtKM,0.421475,1.065092,0.6417
600300,a9P876+Ln/IyFg6fd6f8UAE9kwgnCwJXbxg7phdAo9Rm5qF66yB8ZZhF9nDbOtKM,0.393386,4.967246,1.026369
600600,a9P876+Ln/IyFg6fd6f8UAE9kwgnCwJXbxg7phdAo9Rm5qF66yB8ZZhF9nDbOtKM,0.422519,1.029928,0.602481
600900,a9P876+Ln/IyFg6fd6f8UAE9kwgnCwJXbxg7phdAo9Rm5qF66yB8ZZhF9nDbOtKM,0.404964,6.211279,1.08085
601200,a9P876+Ln/IyFg6fd6f8UAE9kwgnCwJXbxg7phdAo9Rm5qF66yB8ZZhF9nDbOtKM,0.421339,0.8660100000000001,0.599481
601500,a9P876+Ln/IyFg6fd6f8UAE9kwgnCwJXbxg7phdAo9Rm5qF66yB8ZZhF9nDbOtKM,0.419958,5.574383,1.072584
601800,a9P876+Ln/IyFg6fd6f8UAE9kwgnCwJXbxg7phdAo9Rm5qF66yB8ZZhF9nDbOtKM,0.425753,1.153641,0.6755359999999999
602100,a9P876+Ln/IyFg6fd6f8UAE9kwgnCwJXbxg7phdAo9Rm5qF66yB8ZZhF9nDbOtKM,0.439439,6.234202,1.071715
602400,a9P876+Ln/IyFg6fd6f8UAE9kwgnCwJXbxg7phdAo9Rm5qF66yB8ZZhF9nDbOtKM,0.385975,1.1109639999999998,0.6388550000000001
602700,a9P876+Ln/IyFg6fd6f8UAE9kwgnCwJXbxg7phdAo9Rm5qF66yB8ZZhF9nDbOtKM,0.398407,6.843273,1.122005
603000,a9P876+Ln/IyFg6fd6f8UAE9kwgnCwJXbxg7phdAo9Rm5qF66yB8ZZhF9nDbOtKM,0.441302,0.8555309999999999,0.592749
603300,a9P876+Ln/IyFg6fd6f8UAE9kwgnCwJXbxg7phdAo9Rm5qF66yB8ZZhF9nDbOtKM,0.310638,6.377757,1.074054
603600,a9P876+Ln/IyFg6fd6f8UAE9kwgnCwJXbxg7phdAo9Rm5qF66yB8ZZhF9nDbOtKM,0.466704,0.9633149999999999,0.633732
603900,a9P876+Ln/IyFg6fd6f8UAE9kwgnCwJXbxg7phdAo9Rm5qF66yB8ZZhF9nDbOtKM,0.389536,5.907287,1.004143
604200,a9P876+Ln/IyFg6fd6f8UAE9kwgnCwJXbxg7phdAo9Rm5qF66yB8ZZhF9nDbOtKM,0.433993,0.924808,0.607805
604500,a9P876+Ln/IyFg6fd6f8UAE9kwgnCwJXbxg7phdAo9Rm5qF66yB8ZZhF9nDbOtKM,0.41083100000000006,6.719392,1.10407
604800,a9P876+Ln/IyFg6fd6f8UAE9kwgnCwJXbxg7phdAo9Rm5qF66yB8ZZhF9nDbOtKM,0.427918,0.989566,0.588503
605100,a9P876+Ln/IyFg6fd6f8UAE9kwgnCwJXbxg7phdAo9Rm5qF66yB8ZZhF9nDbOtKM,0.345437,3.362455,0.747203
605400,a9P876+Ln/IyFg6fd6f8UAE9kwgnCwJXbxg7phdAo9Rm5qF66yB8ZZhF9nDbOtKM,0.434141,1.0997290000000002,0.65873
605700,a9P876+Ln/IyFg6fd6f8UAE9kwgnCwJXbxg7phdAo9Rm5qF66yB8ZZhF9nDbOtKM,0.199537,6.2697959999999995,1.069345
606000,a9P876+Ln/IyFg6fd6f8UAE9kwgnCwJXbxg7phdAo9Rm5qF66yB8ZZhF9nDbOtKM,0.274598,1.130738,0.59801
606300,a9P876+Ln/IyFg6fd6f8UAE9kwgnCwJXbxg7phdAo9Rm5qF66yB8ZZhF9nDbOtKM,0.43044799999999994,6.001373,1.0658100000000001
606600,a9P876+Ln/IyFg6fd6f8UAE9kwgnCwJXbxg7phdAo9Rm5qF66yB8ZZhF9nDbOtKM,0.372109,0.948519,0.587835
606900,a9P876+Ln/IyFg6fd6f8UAE9kwgnCwJXbxg7phdAo9Rm5qF66yB8ZZhF9nDbOtKM,0.429591,5.805726,1.086174
607200,a9P876+Ln/IyFg6fd6f8UAE9kwgnCwJXbxg7phdAo9Rm5qF66yB8ZZhF9nDbOtKM,0.432462,1.0992709999999999,0.630987
607500,a9P876+Ln/IyFg6fd6f8UAE9kwgnCwJXbxg7phdAo9Rm5qF66yB8ZZhF9nDbOtKM,0.415624,5.854076999999999,1.025118
607800,a9P876+Ln/IyFg6fd6f8UAE9kwgnCwJXbxg7phdAo9Rm5qF66yB8ZZhF9nDbOtKM,0.252083,0.889092,0.606456
608100,a9P876+Ln/IyFg6fd6f8UAE9kwgnCwJXbxg7phdAo9Rm5qF66yB8ZZhF9nDbOtKM,0.42812700000000004,5.813897,1.073064
608400,a9P876+Ln/IyFg6fd6f8UAE9kwgnCwJXbxg7phdAo9Rm5qF66yB8ZZhF9nDbOtKM,0.33818899999999996,0.9213309999999999,0.5927939999999999
608700,a9P876+Ln/IyFg6fd6f8UAE9kwgnCwJXbxg7phdAo9Rm5qF66yB8ZZhF9nDbOtKM,0.404104,5.864676,1.0235
609000,a9P876+Ln/IyFg6fd6f8UAE9kwgnCwJXbxg7phdAo9Rm5qF66yB8ZZhF9nDbOtKM,0.438378,1.133512,0.670554
609300,a9P876+Ln/IyFg6fd6f8UAE9kwgnCwJXbxg7phdAo9Rm5qF66yB8ZZhF9nDbOtKM,0.378601,5.745093,1.046734
609600,a9P876+Ln/IyFg6fd6f8UAE9kwgnCwJXbxg7phdAo9Rm5qF66yB8ZZhF9nDbOtKM,0.446883,1.0447959999999998,0.620938
609900,a9P876+Ln/IyFg6fd6f8UAE9kwgnCwJXbxg7phdAo9Rm5qF66yB8ZZhF9nDbOtKM,0.413613,5.390879,1.077339
610200,a9P876+Ln/IyFg6fd6f8UAE9kwgnCwJXbxg7phdAo9Rm5qF66yB8ZZhF9nDbOtKM,0.444326,0.8680829999999999,0.596137
610500,a9P876+Ln/IyFg6fd6f8UAE9kwgnCwJXbxg7phdAo9Rm5qF66yB8ZZhF9nDbOtKM,0.359889,2.97005,0.742721
610800,a9P876+Ln/IyFg6fd6f8UAE9kwgnCwJXbxg7phdAo9Rm5qF66yB8ZZhF9nDbOtKM,0.427332,1.266159,0.6516890000000001
611100,a9P876+Ln/IyFg6fd6f8UAE9kwgnCwJXbxg7phdAo9Rm5qF66yB8ZZhF9nDbOtKM,0.47298599999999996,7.216575,1.1103530000000001
611400,a9P876+Ln/IyFg6fd6f8UAE9kwgnCwJXbxg7phdAo9Rm5qF66yB8ZZhF9nDbOtKM,0.252502,1.0427389999999999,0.611364
611700,a9P876+Ln/IyFg6fd6f8UAE9kwgnCwJXbxg7phdAo9Rm5qF66yB8ZZhF9nDbOtKM,0.45470200000000005,6.5518089999999995,1.131428
612000,a9P876+Ln/IyFg6fd6f8UAE9kwgnCwJXbxg7phdAo9Rm5qF66yB8ZZhF9nDbOtKM,0.32764299999999996,0.8943530000000001,0.595199
612300,a9P876+Ln/IyFg6fd6f8UAE9kwgnCwJXbxg7phdAo9Rm5qF66yB8ZZhF9nDbOtKM,0.409155,5.969641,1.088857
612600,a9P876+Ln/IyFg6fd6f8UAE9kwgnCwJXbxg7phdAo9Rm5qF66yB8ZZhF9nDbOtKM,0.387011,1.349752,0.679937
612900,a9P876+Ln/IyFg6fd6f8UAE9kwgnCwJXbxg7phdAo9Rm5qF66yB8ZZhF9nDbOtKM,0.46983400000000003,4.913501,1.121493
613200,a9P876+Ln/IyFg6fd6f8UAE9kwgnCwJXbxg7phdAo9Rm5qF66yB8ZZhF9nDbOtKM,0.323231,1.0028709999999998,0.660307
613500,a9P876+Ln/IyFg6fd6f8UAE9kwgnCwJXbxg7phdAo9Rm5qF66yB8ZZhF9nDbOtKM,0.422113,6.725842999999999,1.156185
613800,a9P876+Ln/IyFg6fd6f8UAE9kwgnCwJXbxg7phdAo9Rm5qF66yB8ZZhF9nDbOtKM,0.43651,0.8644709999999999,0.638241
614100,a9P876+Ln/IyFg6fd6f8UAE9kwgnCwJXbxg7phdAo9Rm5qF66yB8ZZhF9nDbOtKM,0.431443,5.708844,1.073357
614400,a9P876+Ln/IyFg6fd6f8UAE9kwgnCwJXbxg7phdAo9Rm5qF66yB8ZZhF9nDbOtKM,0.424705,1.166268,0.6390640000000001
614700,a9P876+Ln/IyFg6fd6f8UAE9kwgnCwJXbxg7phdAo9Rm5qF66yB8ZZhF9nDbOtKM,0.37503600000000004,5.953727,0.9957379999999999
615000,a9P876+Ln/IyFg6fd6f8UAE9kwgnCwJXbxg7phdAo9Rm5qF66yB8ZZhF9nDbOtKM,0.45402,0.933243,0.619891
615300,a9P876+Ln/IyFg6fd6f8UAE9kwgnCwJXbxg7phdAo9Rm5qF66yB8ZZhF9nDbOtKM,0.42996599999999996,6.667064999999999,1.089393
615600,a9P876+Ln/IyFg6fd6f8UAE9kwgnCwJXbxg7phdAo9Rm5qF66yB8ZZhF9nDbOtKM,0.400927,0.852198,0.593398
615900,a9P876+Ln/IyFg6fd6f8UAE9kwgnCwJXbxg7phdAo9Rm5qF66yB8ZZhF9nDbOtKM,0.29132399999999997,3.3743809999999996,0.7243569999999999
616200,a9P876+Ln/IyFg6fd6f8UAE9kwgnCwJXbxg7phdAo9Rm5qF66yB8ZZhF9nDbOtKM,0.42795900000000003,1.24355,0.6623020000000001
616500,a9P876+Ln/IyFg6fd6f8UAE9kwgnCwJXbxg7phdAo9Rm5qF66yB8ZZhF9nDbOtKM,0.289008,5.63513,1.122781
616800,a9P876+Ln/IyFg6fd6f8UAE9kwgnCwJXbxg7phdAo9Rm5qF66yB8ZZhF9nDbOtKM,0.397874,0.886705,0.631599
617100,a9P876+Ln/IyFg6fd6f8UAE9kwgnCwJXbxg7phdAo9Rm5qF66yB8ZZhF9nDbOtKM,0.4118,5.619401,1.087337
617400,a9P876+Ln/IyFg6fd6f8UAE9kwgnCwJXbxg7phdAo9Rm5qF66yB8ZZhF9nDbOtKM,0.333775,0.923431,0.564649
617700,a9P876+Ln/IyFg6fd6f8UAE9kwgnCwJXbxg7phdAo9Rm5qF66yB8ZZhF9nDbOtKM,0.41716800000000004,6.026027,1.065265
618000,a9P876+Ln/IyFg6fd6f8UAE9kwgnCwJXbxg7phdAo9Rm5qF66yB8ZZhF9nDbOtKM,0.398425,0.990509,0.622056
618300,a9P876+Ln/IyFg6fd6f8UAE9kwgnCwJXbxg7phdAo9Rm5qF66yB8ZZhF9nDbOtKM,0.406415,5.9009089999999995,1.014449
618600,a9P876+Ln/IyFg6fd6f8UAE9kwgnCwJXbxg7phdAo9Rm5qF66yB8ZZhF9nDbOtKM,0.42618,0.959656,0.610801
618900,a9P876+Ln/IyFg6fd6f8UAE9kwgnCwJXbxg7phdAo9Rm5qF66yB8ZZhF9nDbOtKM,0.42605200000000004,4.5940449999999995,1.08295
619200,a9P876+Ln/IyFg6fd6f8UAE9kwgnCwJXbxg7phdAo9Rm5qF66yB8ZZhF9nDbOtKM,0.40545,1.6736849999999999,0.661049
619500,a9P876+Ln/IyFg6fd6f8UAE9kwgnCwJXbxg7phdAo9Rm5qF66yB8ZZhF9nDbOtKM,0.37704499999999996,5.432414,1.094859
619800,a9P876+Ln/IyFg6fd6f8UAE9kwgnCwJXbxg7phdAo9Rm5qF66yB8ZZhF9nDbOtKM,0.43621499999999996,1.331377,0.687305
620100,a9P876+Ln/IyFg6fd6f8UAE9kwgnCwJXbxg7phdAo9Rm5qF66yB8ZZhF9nDbOtKM,0.367384,5.559308000000001,1.13353
620400,a9P876+Ln/IyFg6fd6f8UAE9kwgnCwJXbxg7phdAo9Rm5qF66yB8ZZhF9nDbOtKM,0.416505,0.898857,0.631374
620700,a9P876+Ln/IyFg6fd6f8UAE9kwgnCwJXbxg7phdAo9Rm5qF66yB8ZZhF9nDbOtKM,0.305471,6.334053,1.13012
621000,a9P876+Ln/IyFg6fd6f8UAE9kwgnCwJXbxg7phdAo9Rm5qF66yB8ZZhF9nDbOtKM,0.41251800000000005,0.953226,0.597743
621300,a9P876+Ln/IyFg6fd6f8UAE9kwgnCwJXbxg7phdAo9Rm5qF66yB8ZZhF9nDbOtKM,0.35933400000000004,2.632882,0.7337020000000001
621600,a9P876+Ln/IyFg6fd6f8UAE9kwgnCwJXbxg7phdAo9Rm5qF66yB8ZZhF9nDbOtKM,0.42148800000000003,1.309213,0.6365310000000001
621900,a9P876+Ln/IyFg6fd6f8UAE9kwgnCwJXbxg7phdAo9Rm5qF66yB8ZZhF9nDbOtKM,0.393417,4.253272,1.0486309999999999
622200,a9P876+Ln/IyFg6fd6f8UAE9kwgnCwJXbxg7phdAo9Rm5qF66yB8ZZhF9nDbOtKM,0.2436,1.073313,0.604991
622500,a9P876+Ln/IyFg6fd6f8UAE9kwgnCwJXbxg7phdAo9Rm5qF66yB8ZZhF9nDbOtKM,0.438191,5.183012000000001,1.060082
622800,a9P876+Ln/IyFg6fd6f8UAE9kwgnCwJXbxg7phdAo9Rm5qF66yB8ZZhF9nDbOtKM,0.397593,0.868756,0.5925560000000001
623100,a9P876+Ln/IyFg6fd6f8UAE9kwgnCwJXbxg7phdAo9Rm5qF66yB8ZZhF9nDbOtKM,0.403834,4.752346,1.064646
623400,a9P876+Ln/IyFg6fd6f8UAE9kwgnCwJXbxg7phdAo9Rm5qF66yB8ZZhF9nDbOtKM,0.43757399999999996,1.165908,0.684014
623700,a9P876+Ln/IyFg6fd6f8UAE9kwgnCwJXbxg7phdAo9Rm5qF66yB8ZZhF9nDbOtKM,0.401246,5.3028129999999996,1.080026
624000,a9P876+Ln/IyFg6fd6f8UAE9kwgnCwJXbxg7phdAo9Rm5qF66yB8ZZhF9nDbOtKM,0.27219699999999997,0.9561,0.640728
624300,a9P876+Ln/IyFg6fd6f8UAE9kwgnCwJXbxg7phdAo9Rm5qF66yB8ZZhF9nDbOtKM,0.437155,5.982637,1.135692
624600,a9P876+Ln/IyFg6fd6f8UAE9kwgnCwJXbxg7phdAo9Rm5qF66yB8ZZhF9nDbOtKM,0.37385799999999997,0.9679639999999999,0.591113
624900,a9P876+Ln/IyFg6fd6f8UAE9kwgnCwJXbxg7phdAo9Rm5qF66yB8ZZhF9nDbOtKM,0.41716899999999996,5.661262000000001,1.139329
625200,a9P876+Ln/IyFg6fd6f8UAE9kwgnCwJXbxg7phdAo9Rm5qF66yB8ZZhF9nDbOtKM,0.463899,1.268883,0.6674329999999999
625500,a9P876+Ln/IyFg6fd6f8UAE9kwgnCwJXbxg7phdAo9Rm5qF66yB8ZZhF9nDbOtKM,0.43078900000000003,6.512361,1.049274
625800,a9P876+Ln/IyFg6fd6f8UAE9kwgnCwJXbxg7phdAo9Rm5qF66yB8ZZhF9nDbOtKM,0.413095,1.0399100000000001,0.636023
626100,a9P876+Ln/IyFg6fd6f8UAE9kwgnCwJXbxg7phdAo9Rm5qF66yB8ZZhF9nDbOtKM,0.43266000000000004,6.437554,1.108943
626400,a9P876+Ln/IyFg6fd6f8UAE9kwgnCwJXbxg7phdAo9Rm5qF66yB8ZZhF9nDbOtKM,0.44532700000000003,1.167402,0.604388
626700,a9P876+Ln/IyFg6fd6f8UAE9kwgnCwJXbxg7phdAo9Rm5qF66yB8ZZhF9nDbOtKM,0.377354,3.5422239999999996,0.735857
627000,a9P876+Ln/IyFg6fd6f8UAE9kwgnCwJXbxg7phdAo9Rm5qF66yB8ZZhF9nDbOtKM,0.456556,1.37665,0.69575
627300,a9P876+Ln/IyFg6fd6f8UAE9kwgnCwJXbxg7phdAo9Rm5qF66yB8ZZhF9nDbOtKM,0.398959,5.582399,1.086502
627600,a9P876+Ln/IyFg6fd6f8UAE9kwgnCwJXbxg7phdAo9Rm5qF66yB8ZZhF9nDbOtKM,0.45091899999999996,0.9073469999999999,0.659508
627900,a9P876+Ln/IyFg6fd6f8UAE9kwgnCwJXbxg7phdAo9Rm5qF66yB8ZZhF9nDbOtKM,0.417426,4.2820730000000005,1.074639
628200,a9P876+Ln/IyFg6fd6f8UAE9kwgnCwJXbxg7phdAo9Rm5qF66yB8ZZhF9nDbOtKM,0.288054,1.015257,0.601109
628500,a9P876+Ln/IyFg6fd6f8UAE9kwgnCwJXbxg7phdAo9Rm5qF66yB8ZZhF9nDbOtKM,0.468067,6.614431,1.1175110000000001
628800,a9P876+Ln/IyFg6fd6f8UAE9kwgnCwJXbxg7phdAo9Rm5qF66yB8ZZhF9nDbOtKM,0.447437,1.172917,0.643087
629100,a9P876+Ln/IyFg6fd6f8UAE9kwgnCwJXbxg7phdAo9Rm5qF66yB8ZZhF9nDbOtKM,0.44572,4.955075,1.053943
629400,a9P876+Ln/IyFg6fd6f8UAE9kwgnCwJXbxg7phdAo9Rm5qF66yB8ZZhF9nDbOtKM,0.269609,0.982469,0.6198130000000001
629700,a9P876+Ln/IyFg6fd6f8UAE9kwgnCwJXbxg7phdAo9Rm5qF66yB8ZZhF9nDbOtKM,0.480728,5.443541000000001,1.1232309999999999
630000,a9P876+Ln/IyFg6fd6f8UAE9kwgnCwJXbxg7phdAo9Rm5qF66yB8ZZhF9nDbOtKM,0.245214,1.0145979999999999,0.58236
630300,a9P876+Ln/IyFg6fd6f8UAE9kwgnCwJXbxg7phdAo9Rm5qF66yB8ZZhF9nDbOtKM,0.430125,5.885714,1.061052
630600,a9P876+Ln/IyFg6fd6f8UAE9kwgnCwJXbxg7phdAo9Rm5qF66yB8ZZhF9nDbOtKM,0.40678400000000003,1.202758,0.609514
630900,a9P876+Ln/IyFg6fd6f8UAE9kwgnCwJXbxg7phdAo9Rm5qF66yB8ZZhF9nDbOtKM,0.42313900000000004,6.066804,1.065706
631200,a9P876+Ln/IyFg6fd6f8UAE9kwgnCwJXbxg7phdAo9Rm5qF66yB8ZZhF9nDbOtKM,0.32860900000000004,0.900286,0.587968
631500,a9P876+Ln/IyFg6fd6f8UAE9kwgnCwJXbxg7phdAo9Rm5qF66yB8ZZhF9nDbOtKM,0.431155,5.056362,1.1271360000000001
631800,a9P876+Ln/IyFg6fd6f8UAE9kwgnCwJXbxg7phdAo9Rm5qF66yB8ZZhF9nDbOtKM,0.379044,0.95395,0.592889
632100,a9P876+Ln/IyFg6fd6f8UAE9kwgnCwJXbxg7phdAo9Rm5qF66yB8ZZhF9nDbOtKM,0.477627,6.041487,1.128204
632400,a9P876+Ln/IyFg6fd6f8UAE9kwgnCwJXbxg7phdAo9Rm5qF66yB8ZZhF9nDbOtKM,0.293053,1.087385,0.624218
632700,a9P876+Ln/IyFg6fd6f8UAE9kwgnCwJXbxg7phdAo9Rm5qF66yB8ZZhF9nDbOtKM,0.374787,5.614329,1.099775
633000,a9P876+Ln/IyFg6fd6f8UAE9kwgnCwJXbxg7phdAo9Rm5qF66yB8ZZhF9nDbOtKM,0.41300299999999995,0.9503799999999999,0.616965
633300,a9P876+Ln/IyFg6fd6f8UAE9kwgnCwJXbxg7phdAo9Rm5qF66yB8ZZhF9nDbOtKM,0.401233,5.568442,1.021287
633600,a9P876+Ln/IyFg6fd6f8UAE9kwgnCwJXbxg7phdAo9Rm5qF66yB8ZZhF9nDbOtKM,0.41842399999999996,1.025607,0.628105
633900,a9P876+Ln/IyFg6fd6f8UAE9kwgnCwJXbxg7phdAo9Rm5qF66yB8ZZhF9nDbOtKM,0.426525,4.5865,0.906485
634200,a9P876+Ln/IyFg6fd6f8UAE9kwgnCwJXbxg7phdAo9Rm5qF66yB8ZZhF9nDbOtKM,0.406102,1.443388,0.621482
634500,a9P876+Ln/IyFg6fd6f8UAE9kwgnCwJXbxg7phdAo9Rm5qF66yB8ZZhF9nDbOtKM,0.458359,6.4081,1.09676
634800,a9P876+Ln/IyFg6fd6f8UAE9kwgnCwJXbxg7phdAo9Rm5qF66yB8ZZhF9nDbOtKM,0.42712700000000003,1.368782,0.691277
635100,a9P876+Ln/IyFg6fd6f8UAE9kwgnCwJXbxg7phdAo9Rm5qF66yB8ZZhF9nDbOtKM,0.430072,5.359616,1.103452
635400,a9P876+Ln/IyFg6fd6f8UAE9kwgnCwJXbxg7phdAo9Rm5qF66yB8ZZhF9nDbOtKM,0.429022,1.078809,0.632749
635700,a9P876+Ln/IyFg6fd6f8UAE9kwgnCwJXbxg7phdAo9Rm5qF66yB8ZZhF9nDbOtKM,0.43424399999999996,4.918403,1.056524
636000,a9P876+Ln/IyFg6fd6f8UAE9kwgnCwJXbxg7phdAo9Rm5qF66yB8ZZhF9nDbOtKM,0.327868,0.862726,0.574539
636300,a9P876+Ln/IyFg6fd6f8UAE9kwgnCwJXbxg7phdAo9Rm5qF66yB8ZZhF9nDbOtKM,0.458995,6.516579,1.0785209999999998
636600,a9P876+Ln/IyFg6fd6f8UAE9kwgnCwJXbxg7phdAo9Rm5qF66yB8ZZhF9nDbOtKM,0.414871,1.037372,0.585482
636900,a9P876+Ln/IyFg6fd6f8UAE9kwgnCwJXbxg7phdAo9Rm5qF66yB8ZZhF9nDbOtKM,0.406378,5.288355,1.070814
637200,a9P876+Ln/IyFg6fd6f8UAE9kwgnCwJXbxg7phdAo9Rm5qF66yB8ZZhF9nDbOtKM,0.291649,0.963465,0.599151
637500,a9P876+Ln/IyFg6fd6f8UAE9kwgnCwJXbxg7phdAo9Rm5qF66yB8ZZhF9nDbOtKM,0.438983,5.83145,1.076402
637800,a9P876+Ln/IyFg6fd6f8UAE9kwgnCwJXbxg7phdAo9Rm5qF66yB8ZZhF9nDbOtKM,0.230607,1.515384,0.623416
638100,a9P876+Ln/IyFg6fd6f8UAE9kwgnCwJXbxg7phdAo9Rm5qF66yB8ZZhF9nDbOtKM,0.41156499999999996,6.694656,1.082277
638400,a9P876+Ln/IyFg6fd6f8UAE9kwgnCwJXbxg7phdAo9Rm5qF66yB8ZZhF9nDbOtKM,0.45393999999999995,1.2354559999999999,0.665656
638700,a9P876+Ln/IyFg6fd6f8UAE9kwgnCwJXbxg7phdAo9Rm5qF66yB8ZZhF9nDbOtKM,0.273679,7.175528,1.07266
639000,a9P876+Ln/IyFg6fd6f8UAE9kwgnCwJXbxg7phdAo9Rm5qF66yB8ZZhF9nDbOtKM,0.44852700000000006,1.103847,0.6226729999999999
639300,a9P876+Ln/IyFg6fd6f8UAE9kwgnCwJXbxg7phdAo9Rm5qF66yB8ZZhF9nDbOtKM,0.34372800000000003,6.367597,0.9241520000000001
639600,a9P876+Ln/IyFg6fd6f8UAE9kwgnCwJXbxg7phdAo9Rm5qF66yB8ZZhF9nDbOtKM,0.40961800000000004,1.0236370000000001,0.596748
639900,a9P876+Ln/IyFg6fd6f8UAE9kwgnCwJXbxg7phdAo9Rm5qF66yB8ZZhF9nDbOtKM,0.31698899999999997,7.076224000000001,1.106072
640200,a9P876+Ln/IyFg6fd6f8UAE9kwgnCwJXbxg7phdAo9Rm5qF66yB8ZZhF9nDbOtKM,0.43139700000000003,0.923842,0.628765
640500,a9P876+Ln/IyFg6fd6f8UAE9kwgnCwJXbxg7phdAo9Rm5qF66yB8ZZhF9nDbOtKM,0.399739,5.172905,1.063734
640800,a9P876+Ln/IyFg6fd6f8UAE9kwgnCwJXbxg7phdAo9Rm5qF66yB8ZZhF9nDbOtKM,0.309863,1.048449,0.626497
641100,a9P876+Ln/IyFg6fd6f8UAE9kwgnCwJXbxg7phdAo9Rm5qF66yB8ZZhF9nDbOtKM,0.456534,5.4847470000000005,1.097672
641400,a9P876+Ln/IyFg6fd6f8UAE9kwgnCwJXbxg7phdAo9Rm5qF66yB8ZZhF9nDbOtKM,0.303741,1.1399569999999999,0.576871
641700,a9P876+Ln/IyFg6fd6f8UAE9kwgnCwJXbxg7phdAo9Rm5qF66yB8ZZhF9nDbOtKM,0.420829,6.332911,1.083345
642000,a9P876+Ln/IyFg6fd6f8UAE9kwgnCwJXbxg7phdAo9Rm5qF66yB8ZZhF9nDbOtKM,0.27711399999999997,1.202909,0.639825
642300,a9P876+Ln/IyFg6fd6f8UAE9kwgnCwJXbxg7phdAo9Rm5qF66yB8ZZhF9nDbOtKM,0.386253,5.551998,1.083906
642600,a9P876+Ln/IyFg6fd6f8UAE9kwgnCwJXbxg7phdAo9Rm5qF66yB8ZZhF9nDbOtKM,0.33760500000000004,0.91669,0.6085189999999999
642900,a9P876+Ln/IyFg6fd6f8UAE9kwgnCwJXbxg7phdAo9Rm5qF66yB8ZZhF9nDbOtKM,0.44582,6.3715459999999995,1.083326
643200,a9P876+Ln/IyFg6fd6f8UAE9kwgnCwJXbxg7phdAo9Rm5qF66yB8ZZhF9nDbOtKM,0.265889,1.057217,0.585114
643500,a9P876+Ln/IyFg6fd6f8UAE9kwgnCwJXbxg7phdAo9Rm5qF66yB8ZZhF9nDbOtKM,0.416729,5.542092,1.113688
643800,a9P876+Ln/IyFg6fd6f8UAE9kwgnCwJXbxg7phdAo9Rm5qF66yB8ZZhF9nDbOtKM,0.401685,0.930585,0.614684
644100,a9P876+Ln/IyFg6fd6f8UAE9kwgnCwJXbxg7phdAo9Rm5qF66yB8ZZhF9nDbOtKM,0.418283,5.637873,1.087732
644400,a9P876+Ln/IyFg6fd6f8UAE9kwgnCwJXbxg7phdAo9Rm5qF66yB8ZZhF9nDbOtKM,0.433017,0.9382219999999999,0.620625
644700,a9P876+Ln/IyFg6fd6f8UAE9kwgnCwJXbxg7phdAo9Rm5qF66yB8ZZhF9nDbOtKM,0.46205100000000005,6.452679,0.946185
645000,a9P876+Ln/IyFg6fd6f8UAE9kwgnCwJXbxg7phdAo9Rm5qF66yB8ZZhF9nDbOtKM,0.40131999999999995,1.461531,0.624075
645300,a9P876+Ln/IyFg6fd6f8UAE9kwgnCwJXbxg7phdAo9Rm5qF66yB8ZZhF9nDbOtKM,0.44622700000000004,5.91536,1.114851
645600,a9P876+Ln/IyFg6fd6f8UAE9kwgnCwJXbxg7phdAo9Rm5qF66yB8ZZhF9nDbOtKM,0.39438,1.366372,0.657842
645900,a9P876+Ln/IyFg6fd6f8UAE9kwgnCwJXbxg7phdAo9Rm5qF66yB8ZZhF9nDbOtKM,0.394787,4.596968,1.053541
646200,a9P876+Ln/IyFg6fd6f8UAE9kwgnCwJXbxg7phdAo9Rm5qF66yB8ZZhF9nDbOtKM,0.439292,0.92032,0.6108520000000001
646500,a9P876+Ln/IyFg6fd6f8UAE9kwgnCwJXbxg7phdAo9Rm5qF66yB8ZZhF9nDbOtKM,0.42231899999999994,5.307542,1.0701690000000001
646800,a9P876+Ln/IyFg6fd6f8UAE9kwgnCwJXbxg7phdAo9Rm5qF66yB8ZZhF9nDbOtKM,0.343104,1.2385329999999999,0.570459
647100,a9P876+Ln/IyFg6fd6f8UAE9kwgnCwJXbxg7phdAo9Rm5qF66yB8ZZhF9nDbOtKM,0.438276,5.673268,1.084946
647400,a9P876+Ln/IyFg6fd6f8UAE9kwgnCwJXbxg7phdAo9Rm5qF66yB8ZZhF9nDbOtKM,0.276597,0.838648,0.577063
647700,a9P876+Ln/IyFg6fd6f8UAE9kwgnCwJXbxg7phdAo9Rm5qF66yB8ZZhF9nDbOtKM,0.407527,5.760186,1.090902
648000,a9P876+Ln/IyFg6fd6f8UAE9kwgnCwJXbxg7phdAo9Rm5qF66yB8ZZhF9nDbOtKM,0.32601399999999997,0.907791,0.5827640000000001
648300,a9P876+Ln/IyFg6fd6f8UAE9kwgnCwJXbxg7phdAo9Rm5qF66yB8ZZhF9nDbOtKM,0.42343000000000003,5.989898999999999,1.05355
648600,a9P876+Ln/IyFg6fd6f8UAE9kwgnCwJXbxg7phdAo9Rm5qF66yB8ZZhF9nDbOtKM,0.403283,1.437629,0.636339
648900,a9P876+Ln/IyFg6fd6f8UAE9kwgnCwJXbxg7phdAo9Rm5qF66yB8ZZhF9nDbOtKM,0.254419,5.914043,1.075595
649200,a9P876+Ln/IyFg6fd6f8UAE9kwgnCwJXbxg7phdAo9Rm5qF66yB8ZZhF9nDbOtKM,0.503055,1.107882,0.667628
649500,a9P876+Ln/IyFg6fd6f8UAE9kwgnCwJXbxg7phdAo9Rm5qF66yB8ZZhF9nDbOtKM,0.440399,5.529486,1.093361
649800,a9P876+Ln/IyFg6fd6f8UAE9kwgnCwJXbxg7phdAo9Rm5qF66yB8ZZhF9nDbOtKM,0.42339099999999996,0.9472079999999999,0.628139
650100,a9P876+Ln/IyFg6fd6f8UAE9kwgnCwJXbxg7phdAo9Rm5qF66yB8ZZhF9nDbOtKM,0.41286000000000006,5.874925,0.912884
650400,a9P876+Ln/IyFg6fd6f8UAE9kwgnCwJXbxg7phdAo9Rm5qF66yB8ZZhF9nDbOtKM,0.440557,1.321291,0.6251939999999999
650700,a9P876+Ln/IyFg6fd6f8UAE9kwgnCwJXbxg7phdAo9Rm5qF66yB8ZZhF9nDbOtKM,0.41338400000000003,5.5801050000000005,1.0964909999999999
651000,a9P876+Ln/IyFg6fd6f8UAE9kwgnCwJXbxg7phdAo9Rm5qF66yB8ZZhF9nDbOtKM,0.430463,1.033773,0.631152
651300,a9P876+Ln/IyFg6fd6f8UAE9kwgnCwJXbxg7phdAo9Rm5qF66yB8ZZhF9nDbOtKM,0.23907899999999999,5.604557,1.019175
651600,a9P876+Ln/IyFg6fd6f8UAE9kwgnCwJXbxg7phdAo9Rm5qF66yB8ZZhF9nDbOtKM,0.320432,1.108368,0.608116
651900,a9P876+Ln/IyFg6fd6f8UAE9kwgnCwJXbxg7phdAo9Rm5qF66yB8ZZhF9nDbOtKM,0.436396,5.101049,1.071459
652200,a9P876+Ln/IyFg6fd6f8UAE9kwgnCwJXbxg7phdAo9Rm5qF66yB8ZZhF9nDbOtKM,0.29684099999999997,1.07276,0.5768810000000001
652500,a9P876+Ln/IyFg6fd6f8UAE9kwgnCwJXbxg7phdAo9Rm5qF66yB8ZZhF9nDbOtKM,0.418127,5.445874,1.09279
652800,a9P876+Ln/IyFg6fd6f8UAE9kwgnCwJXbxg7phdAo9Rm5qF66yB8ZZhF9nDbOtKM,0.189229,1.543281,0.645558
653100,a9P876+Ln/IyFg6fd6f8UAE9kwgnCwJXbxg7phdAo9Rm5qF66yB8ZZhF9nDbOtKM,0.425666,5.801955,1.054278
653400,a9P876+Ln/IyFg6fd6f8UAE9kwgnCwJXbxg7phdAo9Rm5qF66yB8ZZhF9nDbOtKM,0.25396199999999997,1.165233,0.60039
653700,a9P876+Ln/IyFg6fd6f8UAE9kwgnCwJXbxg7phdAo9Rm5qF66yB8ZZhF9nDbOtKM,0.400969,5.844544,1.097169
654000,a9P876+Ln/IyFg6fd6f8UAE9kwgnCwJXbxg7phdAo9Rm5qF66yB8ZZhF9nDbOtKM,0.336223,0.9547530000000001,0.59463
654300,a9P876+Ln/IyFg6fd6f8UAE9kwgnCwJXbxg7phdAo9Rm5qF66yB8ZZhF9nDbOtKM,0.39443,5.797458,1.06873
654600,a9P876+Ln/IyFg6fd6f8UAE9kwgnCwJXbxg7phdAo9Rm5qF66yB8ZZhF9nDbOtKM,0.443695,1.115622,0.634864
654900,a9P876+Ln/IyFg6fd6f8UAE9kwgnCwJXbxg7phdAo9Rm5qF66yB8ZZhF9nDbOtKM,0.360001,4.717867,1.0433569999999999
655200,a9P876+Ln/IyFg6fd6f8UAE9kwgnCwJXbxg7phdAo9Rm5qF66yB8ZZhF9nDbOtKM,0.37317,0.9231590000000001,0.607422
655500,a9P876+Ln/IyFg6fd6f8UAE9kwgnCwJXbxg7phdAo9Rm5qF66yB8ZZhF9nDbOtKM,0.405038,4.893237999999999,0.919391
655800,a9P876+Ln/IyFg6fd6f8UAE9kwgnCwJXbxg7phdAo9Rm5qF66yB8ZZhF9nDbOtKM,0.45085200000000003,1.5114969999999999,0.632698
656100,a9P876+Ln/IyFg6fd6f8UAE9kwgnCwJXbxg7phdAo9Rm5qF66yB8ZZhF9nDbOtKM,0.381125,4.741542,1.091221
656400,a9P876+Ln/IyFg6fd6f8UAE9kwgnCwJXbxg7phdAo9Rm5qF66yB8ZZhF9nDbOtKM,0.40176999999999996,1.197671,0.678693
656700,a9P876+Ln/IyFg6fd6f8UAE9kwgnCwJXbxg7phdAo9Rm5qF66yB8ZZhF9nDbOtKM,0.43498400000000004,6.155547,1.104596
657000,a9P876+Ln/IyFg6fd6f8UAE9kwgnCwJXbxg7phdAo9Rm5qF66yB8ZZhF9nDbOtKM,0.336914,0.964224,0.608413
657300,a9P876+Ln/IyFg6fd6f8UAE9kwgnCwJXbxg7phdAo9Rm5qF66yB8ZZhF9nDbOtKM,0.42779700000000004,5.628401,1.078325
657600,a9P876+Ln/IyFg6fd6f8UAE9kwgnCwJXbxg7phdAo9Rm5qF66yB8ZZhF9nDbOtKM,0.26521,0.938744,0.56929
657900,a9P876+Ln/IyFg6fd6f8UAE9kwgnCwJXbxg7phdAo9Rm5qF66yB8ZZhF9nDbOtKM,0.383792,4.58817,1.099958
658200,a9P876+Ln/IyFg6fd6f8UAE9kwgnCwJXbxg7phdAo9Rm5qF66yB8ZZhF9nDbOtKM,0.34291,1.233273,0.589158
658500,a9P876+Ln/IyFg6fd6f8UAE9kwgnCwJXbxg7phdAo9Rm5qF66yB8ZZhF9nDbOtKM,0.392086,5.856591000000001,1.069222
658800,a9P876+Ln/IyFg6fd6f8UAE9kwgnCwJXbxg7phdAo9Rm5qF66yB8ZZhF9nDbOtKM,0.33669299999999996,0.8865700000000001,0.593989
659100,a9P876+Ln/IyFg6fd6f8UAE9kwgnCwJXbxg7phdAo9Rm5qF66yB8ZZhF9nDbOtKM,0.407487,4.958797,1.065791
659400,a9P876+Ln/IyFg6fd6f8UAE9kwgnCwJXbxg7phdAo9Rm5qF66yB8ZZhF9nDbOtKM,0.262693,1.5641209999999999,0.632469
659700,a9P876+Ln/IyFg6fd6f8UAE9kwgnCwJXbxg7phdAo9Rm5qF66yB8ZZhF9nDbOtKM,0.253238,5.330943,1.030173
660000,a9P876+Ln/IyFg6fd6f8UAE9kwgnCwJXbxg7phdAo9Rm5qF66yB8ZZhF9nDbOtKM,0.43291899999999994,1.428138,0.671532
660300,a9P876+Ln/IyFg6fd6f8UAE9kwgnCwJXbxg7phdAo9Rm5qF66yB8ZZhF9nDbOtKM,0.41993400000000003,5.065996,1.0449549999999999
660600,a9P876+Ln/IyFg6fd6f8UAE9kwgnCwJXbxg7phdAo9Rm5qF66yB8ZZhF9nDbOtKM,0.422151,1.024443,0.626821
660900,a9P876+Ln/IyFg6fd6f8UAE9kwgnCwJXbxg7phdAo9Rm5qF66yB8ZZhF9nDbOtKM,0.363102,6.058769,0.8942829999999999
661200,a9P876+Ln/IyFg6fd6f8UAE9kwgnCwJXbxg7phdAo9Rm5qF66yB8ZZhF9nDbOtKM,0.4159,0.9854299999999999,0.590277
661500,a9P876+Ln/IyFg6fd6f8UAE9kwgnCwJXbxg7phdAo9Rm5qF66yB8ZZhF9nDbOtKM,0.330071,4.921871,1.090977
661800,a9P876+Ln/IyFg6fd6f8UAE9kwgnCwJXbxg7phdAo9Rm5qF66yB8ZZhF9nDbOtKM,0.380247,1.0584799999999999,0.6056779999999999
662100,a9P876+Ln/IyFg6fd6f8UAE9kwgnCwJXbxg7phdAo9Rm5qF66yB8ZZhF9nDbOtKM,0.3296,5.897187000000001,1.056583
662400,a9P876+Ln/IyFg6fd6f8UAE9kwgnCwJXbxg7phdAo9Rm5qF66yB8ZZhF9nDbOtKM,0.368183,1.0247879999999998,0.623024
662700,a9P876+Ln/IyFg6fd6f8UAE9kwgnCwJXbxg7phdAo9Rm5qF66yB8ZZhF9nDbOtKM,0.386939,4.923927,1.0483719999999999
663000,a9P876+Ln/IyFg6fd6f8UAE9kwgnCwJXbxg7phdAo9Rm5qF66yB8ZZhF9nDbOtKM,0.435778,1.409301,0.656908
663300,a9P876+Ln/IyFg6fd6f8UAE9kwgnCwJXbxg7phdAo9Rm5qF66yB8ZZhF9nDbOtKM,0.416282,5.919117,1.088449
663600,a9P876+Ln/IyFg6fd6f8UAE9kwgnCwJXbxg7phdAo9Rm5qF66yB8ZZhF9nDbOtKM,0.2606,1.301807,0.658953
663900,a9P876+Ln/IyFg6fd6f8UAE9kwgnCwJXbxg7phdAo9Rm5qF66yB8ZZhF9nDbOtKM,0.431447,4.953566,1.035901
664200,a9P876+Ln/IyFg6fd6f8UAE9kwgnCwJXbxg7phdAo9Rm5qF66yB8ZZhF9nDbOtKM,0.38344,0.903372,0.625208
664500,a9P876+Ln/IyFg6fd6f8UAE9kwgnCwJXbxg7phdAo9Rm5qF66yB8ZZhF9nDbOtKM,0.403467,5.883096,1.1071799999999998
664800,a9P876+Ln/IyFg6fd6f8UAE9kwgnCwJXbxg7phdAo9Rm5qF66yB8ZZhF9nDbOtKM,0.394489,0.969915,0.619971
665100,a9P876+Ln/IyFg6fd6f8UAE9kwgnCwJXbxg7phdAo9Rm5qF66yB8ZZhF9nDbOtKM,0.43017,5.669176,1.073165
665400,a9P876+Ln/IyFg6fd6f8UAE9kwgnCwJXbxg7phdAo9Rm5qF66yB8ZZhF9nDbOtKM,0.40675,1.043082,0.625846
665700,a9P876+Ln/IyFg6fd6f8UAE9kwgnCwJXbxg7phdAo9Rm5qF66yB8ZZhF9nDbOtKM,0.357943,5.751425,1.096511
666000,a9P876+Ln/IyFg6fd6f8UAE9kwgnCwJXbxg7phdAo9Rm5qF66yB8ZZhF9nDbOtKM,0.438251,0.877842,0.638602
666300,a9P876+Ln/IyFg6fd6f8UAE9kwgnCwJXbxg7phdAo9Rm5qF66yB8ZZhF9nDbOtKM,0.290283,4.879557,1.042268
666600,a9P876+Ln/IyFg6fd6f8UAE9kwgnCwJXbxg7phdAo9Rm5qF66yB8ZZhF9nDbOtKM,0.432246,1.3210389999999999,0.641676
666900,a9P876+Ln/IyFg6fd6f8UAE9kwgnCwJXbxg7phdAo9Rm5qF66yB8ZZhF9nDbOtKM,0.24332600000000001,2.663106,0.6981510000000001
667200,a9P876+Ln/IyFg6fd6f8UAE9kwgnCwJXbxg7phdAo9Rm5qF66yB8ZZhF9nDbOtKM,0.404692,1.188451,0.658696
667500,a9P876+Ln/IyFg6fd6f8UAE9kwgnCwJXbxg7phdAo9Rm5qF66yB8ZZhF9nDbOtKM,0.28980900000000004,5.023018,1.080086
667800,a9P876+Ln/IyFg6fd6f8UAE9kwgnCwJXbxg7phdAo9Rm5qF66yB8ZZhF9nDbOtKM,0.390506,0.90648,0.590889
668100,a9P876+Ln/IyFg6fd6f8UAE9kwgnCwJXbxg7phdAo9Rm5qF66yB8ZZhF9nDbOtKM,0.355881,5.7417489999999995,1.2226489999999999
668400,a9P876+Ln/IyFg6fd6f8UAE9kwgnCwJXbxg7phdAo9Rm5qF66yB8ZZhF9nDbOtKM,0.398323,0.9852350000000001,0.6019140000000001
668700,a9P876+Ln/IyFg6fd6f8UAE9kwgnCwJXbxg7phdAo9Rm5qF66yB8ZZhF9nDbOtKM,0.451221,5.829109,1.055167
669000,a9P876+Ln/IyFg6fd6f8UAE9kwgnCwJXbxg7phdAo9Rm5qF66yB8ZZhF9nDbOtKM,0.438121,1.217216,0.601929
669300,a9P876+Ln/IyFg6fd6f8UAE9kwgnCwJXbxg7phdAo9Rm5qF66yB8ZZhF9nDbOtKM,0.41549300000000006,5.793074,1.036211
669600,a9P876+Ln/IyFg6fd6f8UAE9kwgnCwJXbxg7phdAo9Rm5qF66yB8ZZhF9nDbOtKM,0.34325300000000003,0.9089729999999999,0.6027060000000001
669900,a9P876+Ln/IyFg6fd6f8UAE9kwgnCwJXbxg7phdAo9Rm5qF66yB8ZZhF9nDbOtKM,0.40860599999999997,6.008474,1.049116
670200,a9P876+Ln/IyFg6fd6f8UAE9kwgnCwJXbxg7phdAo9Rm5qF66yB8ZZhF9nDbOtKM,0.42123599999999994,1.507204,0.636483
670500,a9P876+Ln/IyFg6fd6f8UAE9kwgnCwJXbxg7phdAo9Rm5qF66yB8ZZhF9nDbOtKM,0.441945,4.7687349999999995,1.0542639999999999
670800,a9P876+Ln/IyFg6fd6f8UAE9kwgnCwJXbxg7phdAo9Rm5qF66yB8ZZhF9nDbOtKM,0.40033,1.4040780000000002,0.6738069999999999
671100,a9P876+Ln/IyFg6fd6f8UAE9kwgnCwJXbxg7phdAo9Rm5qF66yB8ZZhF9nDbOtKM,0.422969,6.499607,1.074822
671400,a9P876+Ln/IyFg6fd6f8UAE9kwgnCwJXbxg7phdAo9Rm5qF66yB8ZZhF9nDbOtKM,0.41725200000000007,0.9452729999999999,0.606055
671700,a9P876+Ln/IyFg6fd6f8UAE9kwgnCwJXbxg7phdAo9Rm5qF66yB8ZZhF9nDbOtKM,0.36336599999999997,6.433886,1.069472
672000,a9P876+Ln/IyFg6fd6f8UAE9kwgnCwJXbxg7phdAo9Rm5qF66yB8ZZhF9nDbOtKM,0.43187,1.013684,0.589846
672300,a9P876+Ln/IyFg6fd6f8UAE9kwgnCwJXbxg7phdAo9Rm5qF66yB8ZZhF9nDbOtKM,0.414534,2.4064360000000002,0.696489
672600,a9P876+Ln/IyFg6fd6f8UAE9kwgnCwJXbxg7phdAo9Rm5qF66yB8ZZhF9nDbOtKM,0.405913,0.991533,0.5912109999999999
672900,a9P876+Ln/IyFg6fd6f8UAE9kwgnCwJXbxg7phdAo9Rm5qF66yB8ZZhF9nDbOtKM,0.447763,5.749885,1.068287
673200,a9P876+Ln/IyFg6fd6f8UAE9kwgnCwJXbxg7phdAo9Rm5qF66yB8ZZhF9nDbOtKM,0.402634,0.8707389999999999,0.5935819999999999
673500,a9P876+Ln/IyFg6fd6f8UAE9kwgnCwJXbxg7phdAo9Rm5qF66yB8ZZhF9nDbOtKM,0.404729,6.648386,1.065496
673800,a9P876+Ln/IyFg6fd6f8UAE9kwgnCwJXbxg7phdAo9Rm5qF66yB8ZZhF9nDbOtKM,0.41952799999999996,1.462104,0.643817
674100,a9P876+Ln/IyFg6fd6f8UAE9kwgnCwJXbxg7phdAo9Rm5qF66yB8ZZhF9nDbOtKM,0.431029,5.349783,1.045241
674400,a9P876+Ln/IyFg6fd6f8UAE9kwgnCwJXbxg7phdAo9Rm5qF66yB8ZZhF9nDbOtKM,0.267947,1.273829,0.6394
674700,a9P876+Ln/IyFg6fd6f8UAE9kwgnCwJXbxg7phdAo9Rm5qF66yB8ZZhF9nDbOtKM,0.427446,5.864757,1.060792
675000,a9P876+Ln/IyFg6fd6f8UAE9kwgnCwJXbxg7phdAo9Rm5qF66yB8ZZhF9nDbOtKM,0.32606799999999997,0.882639,0.618426
675300,a9P876+Ln/IyFg6fd6f8UAE9kwgnCwJXbxg7phdAo9Rm5qF66yB8ZZhF9nDbOtKM,0.385967,6.4366,1.09545
675600,a9P876+Ln/IyFg6fd6f8UAE9kwgnCwJXbxg7phdAo9Rm5qF66yB8ZZhF9nDbOtKM,0.247635,0.9422440000000001,0.5687260000000001
675900,a9P876+Ln/IyFg6fd6f8UAE9kwgnCwJXbxg7phdAo9Rm5qF66yB8ZZhF9nDbOtKM,0.285001,4.917637,1.037424
676200,a9P876+Ln/IyFg6fd6f8UAE9kwgnCwJXbxg7phdAo9Rm5qF66yB8ZZhF9nDbOtKM,0.466258,1.189958,0.629
676500,a9P876+Ln/IyFg6fd6f8UAE9kwgnCwJXbxg7phdAo9Rm5qF66yB8ZZhF9nDbOtKM,0.27265,6.08456,1.039197
676800,a9P876+Ln/IyFg6fd6f8UAE9kwgnCwJXbxg7phdAo9Rm5qF66yB8ZZhF9nDbOtKM,0.396789,0.9343809999999999,0.6276970000000001
677100,a9P876+Ln/IyFg6fd6f8UAE9kwgnCwJXbxg7phdAo9Rm5qF66yB8ZZhF9nDbOtKM,0.242144,6.410883999999999,1.046575
677400,a9P876+Ln/IyFg6fd6f8UAE9kwgnCwJXbxg7phdAo9Rm5qF66yB8ZZhF9nDbOtKM,0.395418,1.5535729999999999,0.664473
677700,a9P876+Ln/IyFg6fd6f8UAE9kwgnCwJXbxg7phdAo9Rm5qF66yB8ZZhF9nDbOtKM,0.28989499999999996,3.031573,0.6954859999999999
678000,a9P876+Ln/IyFg6fd6f8UAE9kwgnCwJXbxg7phdAo9Rm5qF66yB8ZZhF9nDbOtKM,0.393764,1.378001,0.644771
678300,a9P876+Ln/IyFg6fd6f8UAE9kwgnCwJXbxg7phdAo9Rm5qF66yB8ZZhF9nDbOtKM,0.331452,6.483258,1.070539
678600,a9P876+Ln/IyFg6fd6f8UAE9kwgnCwJXbxg7phdAo9Rm5qF66yB8ZZhF9nDbOtKM,0.308323,0.8935489999999999,0.588436
678900,a9P876+Ln/IyFg6fd6f8UAE9kwgnCwJXbxg7phdAo9Rm5qF66yB8ZZhF9nDbOtKM,0.420837,6.22969,1.093683
679200,a9P876+Ln/IyFg6fd6f8UAE9kwgnCwJXbxg7phdAo9Rm5qF66yB8ZZhF9nDbOtKM,0.391466,1.002061,0.602982
679500,a9P876+Ln/IyFg6fd6f8UAE9kwgnCwJXbxg7phdAo9Rm5qF66yB8ZZhF9nDbOtKM,0.350084,5.190481,1.079339
679800,a9P876+Ln/IyFg6fd6f8UAE9kwgnCwJXbxg7phdAo9Rm5qF66yB8ZZhF9nDbOtKM,0.440722,0.9824809999999999,0.60783
680100,a9P876+Ln/IyFg6fd6f8UAE9kwgnCwJXbxg7phdAo9Rm5qF66yB8ZZhF9nDbOtKM,0.426724,5.626357,1.057732
680400,a9P876+Ln/IyFg6fd6f8UAE9kwgnCwJXbxg7phdAo9Rm5qF66yB8ZZhF9nDbOtKM,0.325522,0.929392,0.607822
680700,a9P876+Ln/IyFg6fd6f8UAE9kwgnCwJXbxg7phdAo9Rm5qF66yB8ZZhF9nDbOtKM,0.41815399999999997,4.786411,1.052059
681000,a9P876+Ln/IyFg6fd6f8UAE9kwgnCwJXbxg7phdAo9Rm5qF66yB8ZZhF9nDbOtKM,0.31012,1.4935100000000001,0.620296
681300,a9P876+Ln/IyFg6fd6f8UAE9kwgnCwJXbxg7phdAo9Rm5qF66yB8ZZhF9nDbOtKM,0.263231,5.882887,1.061849
681600,a9P876+Ln/IyFg6fd6f8UAE9kwgnCwJXbxg7phdAo9Rm5qF66yB8ZZhF9nDbOtKM,0.386497,1.351273,0.663824
681900,a9P876+Ln/IyFg6fd6f8UAE9kwgnCwJXbxg7phdAo9Rm5qF66yB8ZZhF9nDbOtKM,0.334255,5.47389,1.03944
682200,a9P876+Ln/IyFg6fd6f8UAE9kwgnCwJXbxg7phdAo9Rm5qF66yB8ZZhF9nDbOtKM,0.424519,0.8845639999999999,0.606462
682500,a9P876+Ln/IyFg6fd6f8UAE9kwgnCwJXbxg7phdAo9Rm5qF66yB8ZZhF9nDbOtKM,0.23673699999999998,6.2143690000000005,1.024693
682800,a9P876+Ln/IyFg6fd6f8UAE9kwgnCwJXbxg7phdAo9Rm5qF66yB8ZZhF9nDbOtKM,0.424678,0.863549,0.6059359999999999
683100,a9P876+Ln/IyFg6fd6f8UAE9kwgnCwJXbxg7phdAo9Rm5qF66yB8ZZhF9nDbOtKM,0.293713,3.30229,0.704863
683400,a9P876+Ln/IyFg6fd6f8UAE9kwgnCwJXbxg7phdAo9Rm5qF66yB8ZZhF9nDbOtKM,0.418782,1.044979,0.6134569999999999
683700,a9P876+Ln/IyFg6fd6f8UAE9kwgnCwJXbxg7phdAo9Rm5qF66yB8ZZhF9nDbOtKM,0.323561,5.617605,1.025841
684000,a9P876+Ln/IyFg6fd6f8UAE9kwgnCwJXbxg7phdAo9Rm5qF66yB8ZZhF9nDbOtKM,0.316826,0.926327,0.593403
684300,a9P876+Ln/IyFg6fd6f8UAE9kwgnCwJXbxg7phdAo9Rm5qF66yB8ZZhF9nDbOtKM,0.40036900000000003,6.162512,1.045051
684600,a9P876+Ln/IyFg6fd6f8UAE9kwgnCwJXbxg7phdAo9Rm5qF66yB8ZZhF9nDbOtKM,0.37455700000000003,1.6064459999999998,0.644632
684900,a9P876+Ln/IyFg6fd6f8UAE9kwgnCwJXbxg7phdAo9Rm5qF66yB8ZZhF9nDbOtKM,0.397453,6.221247,1.059615
685200,a9P876+Ln/IyFg6fd6f8UAE9kwgnCwJXbxg7phdAo9Rm5qF66yB8ZZhF9nDbOtKM,0.26348,1.457782,0.641069
685500,a9P876+Ln/IyFg6fd6f8UAE9kwgnCwJXbxg7phdAo9Rm5qF66yB8ZZhF9nDbOtKM,0.441622,6.3955720000000005,1.090125
685800,a9P876+Ln/IyFg6fd6f8UAE9kwgnCwJXbxg7phdAo9Rm5qF66yB8ZZhF9nDbOtKM,0.341708,0.9599639999999999,0.595437
686100,a9P876+Ln/IyFg6fd6f8UAE9kwgnCwJXbxg7phdAo9Rm5qF66yB8ZZhF9nDbOtKM,0.385949,6.480297,1.069125
686400,a9P876+Ln/IyFg6fd6f8UAE9kwgnCwJXbxg7phdAo9Rm5qF66yB8ZZhF9nDbOtKM,0.34642399999999995,0.9212299999999999,0.5670970000000001
686700,a9P876+Ln/IyFg6fd6f8UAE9kwgnCwJXbxg7phdAo9Rm5qF66yB8ZZhF9nDbOtKM,0.362087,6.515351,1.097642
687000,a9P876+Ln/IyFg6fd6f8UAE9kwgnCwJXbxg7phdAo9Rm5qF66yB8ZZhF9nDbOtKM,0.380801,0.9705469999999999,0.611682
687300,a9P876+Ln/IyFg6fd6f8UAE9kwgnCwJXbxg7phdAo9Rm5qF66yB8ZZhF9nDbOtKM,0.32760100000000003,6.0185580000000005,1.031389
687600,a9P876+Ln/IyFg6fd6f8UAE9kwgnCwJXbxg7phdAo9Rm5qF66yB8ZZhF9nDbOtKM,0.42745900000000003,0.932501,0.623309
687900,a9P876+Ln/IyFg6fd6f8UAE9kwgnCwJXbxg7phdAo9Rm5qF66yB8ZZhF9nDbOtKM,0.353423,6.8796029999999995,1.081409
688200,a9P876+Ln/IyFg6fd6f8UAE9kwgnCwJXbxg7phdAo9Rm5qF66yB8ZZhF9nDbOtKM,0.38206999999999997,1.2721639999999999,0.653181
688500,a9P876+Ln/IyFg6fd6f8UAE9kwgnCwJXbxg7phdAo9Rm5qF66yB8ZZhF9nDbOtKM,0.286366,3.0707619999999998,0.724144
688800,a9P876+Ln/IyFg6fd6f8UAE9kwgnCwJXbxg7phdAo9Rm5qF66yB8ZZhF9nDbOtKM,0.395025,1.4857639999999999,0.662679
689100,a9P876+Ln/IyFg6fd6f8UAE9kwgnCwJXbxg7phdAo9Rm5qF66yB8ZZhF9nDbOtKM,0.409039,6.494249,1.0633110000000001
689400,a9P876+Ln/IyFg6fd6f8UAE9kwgnCwJXbxg7phdAo9Rm5qF66yB8ZZhF9nDbOtKM,0.3942,0.9250940000000001,0.6098
689700,a9P876+Ln/IyFg6fd6f8UAE9kwgnCwJXbxg7phdAo9Rm5qF66yB8ZZhF9nDbOtKM,0.40931300000000004,6.248998,1.0714860000000002
690000,a9P876+Ln/IyFg6fd6f8UAE9kwgnCwJXbxg7phdAo9Rm5qF66yB8ZZhF9nDbOtKM,0.359954,0.8271860000000001,0.594194
690300,a9P876+Ln/IyFg6fd6f8UAE9kwgnCwJXbxg7phdAo9Rm5qF66yB8ZZhF9nDbOtKM,0.403962,5.989825,1.054705
690600,a9P876+Ln/IyFg6fd6f8UAE9kwgnCwJXbxg7phdAo9Rm5qF66yB8ZZhF9nDbOtKM,0.347562,1.117859,0.585852
690900,a9P876+Ln/IyFg6fd6f8UAE9kwgnCwJXbxg7phdAo9Rm5qF66yB8ZZhF9nDbOtKM,0.44720600000000005,5.266242,1.0561200000000002
