timestamp,vm_id,min_cpu,avg_cpu,max_cpu
0,a/7q4oLh2Ews+7tMcFv6xjLGU0sqCX+ac3IZN4vqWbExGrGnT65WeQNJyM8zwaU2,2.45148,4.296793,3.2872199999999996
300,a/7q4oLh2Ews+7tMcFv6xjLGU0sqCX+ac3IZN4vqWbExGrGnT65WeQNJyM8zwaU2,1.8991619999999998,4.29285,3.178756
600,a/7q4oLh2Ews+7tMcFv6xjLGU0sqCX+ac3IZN4vqWbExGrGnT65WeQNJyM8zwaU2,2.5180759999999998,5.149104,3.3598839999999996
900,a/7q4oLh2Ews+7tMcFv6xjLGU0sqCX+ac3IZN4vqWbExGrGnT65WeQNJyM8zwaU2,2.526191,4.345442,3.32683
1200,a/7q4oLh2Ews+7tMcFv6xjLGU0sqCX+ac3IZN4vqWbExGrGnT65WeQNJyM8zwaU2,2.476898,3.8308839999999997,3.1045830000000003
1500,a/7q4oLh2Ews+7tMcFv6xjLGU0sqCX+ac3IZN4vqWbExGrGnT65WeQNJyM8zwaU2,2.632519,12.174449000000001,4.346857
1800,a/7q4oLh2Ews+7tMcFv6xjLGU0sqCX+ac3IZN4vqWbExGrGnT65WeQNJyM8zwaU2,2.510812,15.925669000000001,5.375043
2100,a/7q4oLh2Ews+7tMcFv6xjLGU0sqCX+ac3IZN4vqWbExGrGnT65WeQNJyM8zwaU2,2.6636130000000002,4.185759,3.2794480000000004
2400,a/7q4oLh2Ews+7tMcFv6xjLGU0sqCX+ac3IZN4vqWbExGrGnT65WeQNJyM8zwaU2,2.135698,4.904479,3.2847199999999996
2700,a/7q4oLh2Ews+7tMcFv6xjLGU0sqCX+ac3IZN4vqWbExGrGnT65WeQNJyM8zwaU2,2.610457,4.761927,3.4433010000000004
3000,a/7q4oLh2Ews+7tMcFv6xjLGU0sqCX+ac3IZN4vqWbExGrGnT65WeQNJyM8zwaU2,2.612752,3.8948739999999997,3.154543
3300,a/7q4oLh2Ews+7tMcFv6xjLGU0sqCX+ac3IZN4vqWbExGrGnT65WeQNJyM8zwaU2,2.907483,5.290286,3.591886
3600,a/7q4oLh2Ews+7tMcFv6xjLGU0sqCX+ac3IZN4vqWbExGrGnT65WeQNJyM8zwaU2,2.431778,4.7213,3.1764349999999997
3900,a/7q4oLh2Ews+7tMcFv6xjLGU0sqCX+ac3IZN4vqWbExGrGnT65WeQNJyM8zwaU2,2.628285,4.057181,3.209547
4200,a/7q4oLh2Ews+7tMcFv6xjLGU0sqCX+ac3IZN4vqWbExGrGnT65WeQNJyM8zwaU2,1.878807,4.2118,3.035863
4500,a/7q4oLh2Ews+7tMcFv6xjLGU0sqCX+ac3IZN4vqWbExGrGnT65WeQNJyM8zwaU2,2.2711240000000004,4.130104,3.060739
4800,a/7q4oLh2Ews+7tMcFv6xjLGU0sqCX+ac3IZN4vqWbExGrGnT65WeQNJyM8zwaU2,2.427179,3.591269,3.072942
5100,a/7q4oLh2Ews+7tMcFv6xjLGU0sqCX+ac3IZN4vqWbExGrGnT65WeQNJyM8zwaU2,2.483361,5.429748,3.278428
5400,a/7q4oLh2Ews+7tMcFv6xjLGU0sqCX+ac3IZN4vqWbExGrGnT65WeQNJyM8zwaU2,2.5710759999999997,23.620184,5.325616
5700,a/7q4oLh2Ews+7tMcFv6xjLGU0sqCX+ac3IZN4vqWbExGrGnT65WeQNJyM8zwaU2,2.135537,3.776481,3.0065720000000002
6000,a/7q4oLh2Ews+7tMcFv6xjLGU0sqCX+ac3IZN4vqWbExGrGnT65WeQNJyM8zwaU2,2.500079,4.996674,3.382543
6300,a/7q4oLh2Ews+7tMcFv6xjLGU0sqCX+ac3IZN4vqWbExGrGnT65WeQNJyM8zwaU2,2.0112650000000003,4.448713,3.094134
6600,a/7q4oLh2Ews+7tMcFv6xjLGU0sqCX+ac3IZN4vqWbExGrGnT65WeQNJyM8zwaU2,2.4127509999999996,3.5449319999999997,3.074903
6900,a/7q4oLh2Ews+7tMcFv6xjLGU0sqCX+ac3IZN4vqWbExGrGnT65WeQNJyM8zwaU2,2.495216,4.450485,3.185239
7200,a/7q4oLh2Ews+7tMcFv6xjLGU0sqCX+ac3IZN4vqWbExGrGnT65WeQNJyM8zwaU2,2.2602330000000004,27.615575,9.562766
7500,a/7q4oLh2Ews+7tMcFv6xjLGU0sqCX+ac3IZN4vqWbExGrGnT65WeQNJyM8zwaU2,2.638544,4.185335,3.2622419999999996
7800,a/7q4oLh2Ews+7tMcFv6xjLGU0sqCX+ac3IZN4vqWbExGrGnT65WeQNJyM8zwaU2,2.318463,4.818425,3.1334150000000003
8100,a/7q4oLh2Ews+7tMcFv6xjLGU0sqCX+ac3IZN4vqWbExGrGnT65WeQNJyM8zwaU2,2.403715,4.606033999999999,3.251111
8400,a/7q4oLh2Ews+7tMcFv6xjLGU0sqCX+ac3IZN4vqWbExGrGnT65WeQNJyM8zwaU2,2.349119,3.4838080000000002,2.963732
8700,a/7q4oLh2Ews+7tMcFv6xjLGU0sqCX+ac3IZN4vqWbExGrGnT65WeQNJyM8zwaU2,2.681186,5.379951,3.4899089999999995
9000,a/7q4oLh2Ews+7tMcFv6xjLGU0sqCX+ac3IZN4vqWbExGrGnT65WeQNJyM8zwaU2,2.220268,23.823570999999998,5.277315
9300,a/7q4oLh2Ews+7tMcFv6xjLGU0sqCX+ac3IZN4vqWbExGrGnT65WeQNJyM8zwaU2,2.794021,3.8956809999999997,3.229714
9600,a/7q4oLh2Ews+7tMcFv6xjLGU0sqCX+ac3IZN4vqWbExGrGnT65WeQNJyM8zwaU2,2.607122,4.569245,3.209289
9900,a/7q4oLh2Ews+7tMcFv6xjLGU0sqCX+ac3IZN4vqWbExGrGnT65WeQNJyM8zwaU2,2.145331,4.227843,3.1766970000000003
10200,a/7q4oLh2Ews+7tMcFv6xjLGU0sqCX+ac3IZN4vqWbExGrGnT65WeQNJyM8zwaU2,2.556861,3.7801080000000002,3.2261919999999997
10500,a/7q4oLh2Ews+7tMcFv6xjLGU0sqCX+ac3IZN4vqWbExGrGnT65WeQNJyM8zwaU2,2.6037529999999998,5.535947,3.475431
10800,a/7q4oLh2Ews+7tMcFv6xjLGU0sqCX+ac3IZN4vqWbExGrGnT65WeQNJyM8zwaU2,2.773757,4.4123410000000005,3.481065
11100,a/7q4oLh2Ews+7tMcFv6xjLGU0sqCX+ac3IZN4vqWbExGrGnT65WeQNJyM8zwaU2,2.533378,4.032968,3.124948
11400,a/7q4oLh2Ews+7tMcFv6xjLGU0sqCX+ac3IZN4vqWbExGrGnT65WeQNJyM8zwaU2,2.622541,5.344647,3.473669
11700,a/7q4oLh2Ews+7tMcFv6xjLGU0sqCX+ac3IZN4vqWbExGrGnT65WeQNJyM8zwaU2,2.7525939999999998,4.863567,3.489763
12000,a/7q4oLh2Ews+7tMcFv6xjLGU0sqCX+ac3IZN4vqWbExGrGnT65WeQNJyM8zwaU2,2.721638,3.8405709999999997,3.4250239999999996
12300,a/7q4oLh2Ews+7tMcFv6xjLGU0sqCX+ac3IZN4vqWbExGrGnT65WeQNJyM8zwaU2,2.803035,4.298716000000001,3.422827
12600,a/7q4oLh2Ews+7tMcFv6xjLGU0sqCX+ac3IZN4vqWbExGrGnT65WeQNJyM8zwaU2,2.697683,11.560382,4.068743
12900,a/7q4oLh2Ews+7tMcFv6xjLGU0sqCX+ac3IZN4vqWbExGrGnT65WeQNJyM8zwaU2,2.749177,4.028462,3.4041370000000004
13200,a/7q4oLh2Ews+7tMcFv6xjLGU0sqCX+ac3IZN4vqWbExGrGnT65WeQNJyM8zwaU2,2.7312849999999997,5.068412,3.426528
13500,a/7q4oLh2Ews+7tMcFv6xjLGU0sqCX+ac3IZN4vqWbExGrGnT65WeQNJyM8zwaU2,2.667938,4.573432,3.4116199999999997
13800,a/7q4oLh2Ews+7tMcFv6xjLGU0sqCX+ac3IZN4vqWbExGrGnT65WeQNJyM8zwaU2,2.532295,3.605149,3.1244560000000003
14100,a/7q4oLh2Ews+7tMcFv6xjLGU0sqCX+ac3IZN4vqWbExGrGnT65WeQNJyM8zwaU2,2.659296,5.52289,3.537696
14400,a/7q4oLh2Ews+7tMcFv6xjLGU0sqCX+ac3IZN4vqWbExGrGnT65WeQNJyM8zwaU2,2.631709,4.497546,3.251619
14700,a/7q4oLh2Ews+7tMcFv6xjLGU0sqCX+ac3IZN4vqWbExGrGnT65WeQNJyM8zwaU2,2.6754689999999997,3.9706669999999997,3.267937
15000,a/7q4oLh2Ews+7tMcFv6xjLGU0sqCX+ac3IZN4vqWbExGrGnT65WeQNJyM8zwaU2,2.657425,4.200187000000001,3.296622
15300,a/7q4oLh2Ews+7tMcFv6xjLGU0sqCX+ac3IZN4vqWbExGrGnT65WeQNJyM8zwaU2,2.471294,4.427035,3.189751
15600,a/7q4oLh2Ews+7tMcFv6xjLGU0sqCX+ac3IZN4vqWbExGrGnT65WeQNJyM8zwaU2,2.564077,4.622205999999999,3.186065
15900,a/7q4oLh2Ews+7tMcFv6xjLGU0sqCX+ac3IZN4vqWbExGrGnT65WeQNJyM8zwaU2,2.648032,26.91287,5.765077
16200,a/7q4oLh2Ews+7tMcFv6xjLGU0sqCX+ac3IZN4vqWbExGrGnT65WeQNJyM8zwaU2,2.583584,23.918504000000002,5.272233
16500,a/7q4oLh2Ews+7tMcFv6xjLGU0sqCX+ac3IZN4vqWbExGrGnT65WeQNJyM8zwaU2,2.912492,4.919674,3.492593
16800,a/7q4oLh2Ews+7tMcFv6xjLGU0sqCX+ac3IZN4vqWbExGrGnT65WeQNJyM8zwaU2,2.64891,4.74109,3.529437
17100,a/7q4oLh2Ews+7tMcFv6xjLGU0sqCX+ac3IZN4vqWbExGrGnT65WeQNJyM8zwaU2,2.4917569999999998,4.274489,3.238554
17400,a/7q4oLh2Ews+7tMcFv6xjLGU0sqCX+ac3IZN4vqWbExGrGnT65WeQNJyM8zwaU2,2.68644,4.675036,3.382164
17700,a/7q4oLh2Ews+7tMcFv6xjLGU0sqCX+ac3IZN4vqWbExGrGnT65WeQNJyM8zwaU2,2.81543,4.884648,3.5562620000000003
18000,a/7q4oLh2Ews+7tMcFv6xjLGU0sqCX+ac3IZN4vqWbExGrGnT65WeQNJyM8zwaU2,2.553725,4.213469,3.215977
18300,a/7q4oLh2Ews+7tMcFv6xjLGU0sqCX+ac3IZN4vqWbExGrGnT65WeQNJyM8zwaU2,2.807125,4.632663,3.5013099999999997
18600,a/7q4oLh2Ews+7tMcFv6xjLGU0sqCX+ac3IZN4vqWbExGrGnT65WeQNJyM8zwaU2,2.520289,4.343307,3.542468
18900,a/7q4oLh2Ews+7tMcFv6xjLGU0sqCX+ac3IZN4vqWbExGrGnT65WeQNJyM8zwaU2,2.418748,55.887338,11.847386
19200,a/7q4oLh2Ews+7tMcFv6xjLGU0sqCX+ac3IZN4vqWbExGrGnT65WeQNJyM8zwaU2,2.853929,4.865833,3.553686
19500,a/7q4oLh2Ews+7tMcFv6xjLGU0sqCX+ac3IZN4vqWbExGrGnT65WeQNJyM8zwaU2,2.526338,5.114229,3.844908
19800,a/7q4oLh2Ews+7tMcFv6xjLGU0sqCX+ac3IZN4vqWbExGrGnT65WeQNJyM8zwaU2,2.509433,24.158509,5.340886
20100,a/7q4oLh2Ews+7tMcFv6xjLGU0sqCX+ac3IZN4vqWbExGrGnT65WeQNJyM8zwaU2,2.8516209999999997,4.766018,3.4852239999999997
20400,a/7q4oLh2Ews+7tMcFv6xjLGU0sqCX+ac3IZN4vqWbExGrGnT65WeQNJyM8zwaU2,2.623406,4.513872,3.481353
20700,a/7q4oLh2Ews+7tMcFv6xjLGU0sqCX+ac3IZN4vqWbExGrGnT65WeQNJyM8zwaU2,2.563832,4.320221,3.3270800000000005
21000,a/7q4oLh2Ews+7tMcFv6xjLGU0sqCX+ac3IZN4vqWbExGrGnT65WeQNJyM8zwaU2,2.735566,4.699587,3.396375
21300,a/7q4oLh2Ews+7tMcFv6xjLGU0sqCX+ac3IZN4vqWbExGrGnT65WeQNJyM8zwaU2,2.429632,4.615855000000001,3.566323
21600,a/7q4oLh2Ews+7tMcFv6xjLGU0sqCX+ac3IZN4vqWbExGrGnT65WeQNJyM8zwaU2,2.7168959999999998,4.484677,3.4565919999999997
21900,a/7q4oLh2Ews+7tMcFv6xjLGU0sqCX+ac3IZN4vqWbExGrGnT65WeQNJyM8zwaU2,2.232672,4.854367,3.432893
22200,a/7q4oLh2Ews+7tMcFv6xjLGU0sqCX+ac3IZN4vqWbExGrGnT65WeQNJyM8zwaU2,2.7536959999999997,4.732028,3.5347410000000004
22500,a/7q4oLh2Ews+7tMcFv6xjLGU0sqCX+ac3IZN4vqWbExGrGnT65WeQNJyM8zwaU2,2.375388,4.278907,3.2372810000000003
22800,a/7q4oLh2Ews+7tMcFv6xjLGU0sqCX+ac3IZN4vqWbExGrGnT65WeQNJyM8zwaU2,2.754858,4.549316999999999,3.35731
23100,a/7q4oLh2Ews+7tMcFv6xjLGU0sqCX+ac3IZN4vqWbExGrGnT65WeQNJyM8zwaU2,2.533225,6.034959,3.7178129999999996
23400,a/7q4oLh2Ews+7tMcFv6xjLGU0sqCX+ac3IZN4vqWbExGrGnT65WeQNJyM8zwaU2,2.712009,64.154658,9.338435
23700,a/7q4oLh2Ews+7tMcFv6xjLGU0sqCX+ac3IZN4vqWbExGrGnT65WeQNJyM8zwaU2,2.654618,17.727227,4.835991
24000,a/7q4oLh2Ews+7tMcFv6xjLGU0sqCX+ac3IZN4vqWbExGrGnT65WeQNJyM8zwaU2,2.486626,4.49405,3.445126
24300,a/7q4oLh2Ews+7tMcFv6xjLGU0sqCX+ac3IZN4vqWbExGrGnT65WeQNJyM8zwaU2,2.630665,4.5670519999999994,3.2940739999999997
24600,a/7q4oLh2Ews+7tMcFv6xjLGU0sqCX+ac3IZN4vqWbExGrGnT65WeQNJyM8zwaU2,1.9789330000000003,4.79729,3.3200309999999997
24900,a/7q4oLh2Ews+7tMcFv6xjLGU0sqCX+ac3IZN4vqWbExGrGnT65WeQNJyM8zwaU2,2.625485,4.66625,3.6469300000000002
25200,a/7q4oLh2Ews+7tMcFv6xjLGU0sqCX+ac3IZN4vqWbExGrGnT65WeQNJyM8zwaU2,1.91065,4.104559,3.160244
25500,a/7q4oLh2Ews+7tMcFv6xjLGU0sqCX+ac3IZN4vqWbExGrGnT65WeQNJyM8zwaU2,2.7326080000000004,4.552716,3.3889970000000003
25800,a/7q4oLh2Ews+7tMcFv6xjLGU0sqCX+ac3IZN4vqWbExGrGnT65WeQNJyM8zwaU2,2.633829,5.077328,3.572761
26100,a/7q4oLh2Ews+7tMcFv6xjLGU0sqCX+ac3IZN4vqWbExGrGnT65WeQNJyM8zwaU2,2.509534,4.6530830000000005,3.241483
26400,a/7q4oLh2Ews+7tMcFv6xjLGU0sqCX+ac3IZN4vqWbExGrGnT65WeQNJyM8zwaU2,2.8312779999999997,4.257918,3.343371
26700,a/7q4oLh2Ews+7tMcFv6xjLGU0sqCX+ac3IZN4vqWbExGrGnT65WeQNJyM8zwaU2,2.486729,4.317991,3.474044
27000,a/7q4oLh2Ews+7tMcFv6xjLGU0sqCX+ac3IZN4vqWbExGrGnT65WeQNJyM8zwaU2,2.480102,3.824557,3.241945
27300,a/7q4oLh2Ews+7tMcFv6xjLGU0sqCX+ac3IZN4vqWbExGrGnT65WeQNJyM8zwaU2,2.48413,24.765979,5.561242
27600,a/7q4oLh2Ews+7tMcFv6xjLGU0sqCX+ac3IZN4vqWbExGrGnT65WeQNJyM8zwaU2,2.6547330000000002,4.542732,3.506883
27900,a/7q4oLh2Ews+7tMcFv6xjLGU0sqCX+ac3IZN4vqWbExGrGnT65WeQNJyM8zwaU2,2.7484040000000003,5.171824,3.508104
28200,a/7q4oLh2Ews+7tMcFv6xjLGU0sqCX+ac3IZN4vqWbExGrGnT65WeQNJyM8zwaU2,2.673629,4.919491000000001,3.4344660000000005
28500,a/7q4oLh2Ews+7tMcFv6xjLGU0sqCX+ac3IZN4vqWbExGrGnT65WeQNJyM8zwaU2,2.584625,14.067976999999999,4.637973000000001
28800,a/7q4oLh2Ews+7tMcFv6xjLGU0sqCX+ac3IZN4vqWbExGrGnT65WeQNJyM8zwaU2,2.711474,4.007323,3.274502
29100,a/7q4oLh2Ews+7tMcFv6xjLGU0sqCX+ac3IZN4vqWbExGrGnT65WeQNJyM8zwaU2,2.7691619999999997,5.303348000000001,3.549357
29400,a/7q4oLh2Ews+7tMcFv6xjLGU0sqCX+ac3IZN4vqWbExGrGnT65WeQNJyM8zwaU2,2.606185,4.686636,3.405596
29700,a/7q4oLh2Ews+7tMcFv6xjLGU0sqCX+ac3IZN4vqWbExGrGnT65WeQNJyM8zwaU2,2.644777,4.493383000000001,3.376104
30000,a/7q4oLh2Ews+7tMcFv6xjLGU0sqCX+ac3IZN4vqWbExGrGnT65WeQNJyM8zwaU2,2.40433,4.832012000000001,3.34686
30300,a/7q4oLh2Ews+7tMcFv6xjLGU0sqCX+ac3IZN4vqWbExGrGnT65WeQNJyM8zwaU2,2.581709,4.882073999999999,3.6370339999999994
30600,a/7q4oLh2Ews+7tMcFv6xjLGU0sqCX+ac3IZN4vqWbExGrGnT65WeQNJyM8zwaU2,2.385793,4.038809,3.137709
30900,a/7q4oLh2Ews+7tMcFv6xjLGU0sqCX+ac3IZN4vqWbExGrGnT65WeQNJyM8zwaU2,2.8304080000000003,23.781799,5.5407910000000005
31200,a/7q4oLh2Ews+7tMcFv6xjLGU0sqCX+ac3IZN4vqWbExGrGnT65WeQNJyM8zwaU2,2.366593,4.614508,3.3616019999999995
31500,a/7q4oLh2Ews+7tMcFv6xjLGU0sqCX+ac3IZN4vqWbExGrGnT65WeQNJyM8zwaU2,2.4374130000000003,4.67824,3.234672
31800,a/7q4oLh2Ews+7tMcFv6xjLGU0sqCX+ac3IZN4vqWbExGrGnT65WeQNJyM8zwaU2,1.987516,5.040158,3.2818389999999997
32100,a/7q4oLh2Ews+7tMcFv6xjLGU0sqCX+ac3IZN4vqWbExGrGnT65WeQNJyM8zwaU2,2.292219,4.797354,3.491492
32400,a/7q4oLh2Ews+7tMcFv6xjLGU0sqCX+ac3IZN4vqWbExGrGnT65WeQNJyM8zwaU2,2.606277,4.058831,3.2937589999999997
32700,a/7q4oLh2Ews+7tMcFv6xjLGU0sqCX+ac3IZN4vqWbExGrGnT65WeQNJyM8zwaU2,2.4546360000000003,5.459503,3.51801
33000,a/7q4oLh2Ews+7tMcFv6xjLGU0sqCX+ac3IZN4vqWbExGrGnT65WeQNJyM8zwaU2,2.607424,4.725507,3.4868900000000003
33300,a/7q4oLh2Ews+7tMcFv6xjLGU0sqCX+ac3IZN4vqWbExGrGnT65WeQNJyM8zwaU2,2.39981,5.924086,3.5702589999999996
33600,a/7q4oLh2Ews+7tMcFv6xjLGU0sqCX+ac3IZN4vqWbExGrGnT65WeQNJyM8zwaU2,2.433162,4.973974,3.345656
33900,a/7q4oLh2Ews+7tMcFv6xjLGU0sqCX+ac3IZN4vqWbExGrGnT65WeQNJyM8zwaU2,2.4352080000000003,4.846227,3.732636
34200,a/7q4oLh2Ews+7tMcFv6xjLGU0sqCX+ac3IZN4vqWbExGrGnT65WeQNJyM8zwaU2,2.541915,4.3016879999999995,3.389275
34500,a/7q4oLh2Ews+7tMcFv6xjLGU0sqCX+ac3IZN4vqWbExGrGnT65WeQNJyM8zwaU2,2.751075,56.501098999999996,10.37161
34800,a/7q4oLh2Ews+7tMcFv6xjLGU0sqCX+ac3IZN4vqWbExGrGnT65WeQNJyM8zwaU2,2.596573,5.093148,3.5439279999999997
35100,a/7q4oLh2Ews+7tMcFv6xjLGU0sqCX+ac3IZN4vqWbExGrGnT65WeQNJyM8zwaU2,2.470541,4.612843,3.2792760000000003
35400,a/7q4oLh2Ews+7tMcFv6xjLGU0sqCX+ac3IZN4vqWbExGrGnT65WeQNJyM8zwaU2,2.347705,4.986783,3.372499
35700,a/7q4oLh2Ews+7tMcFv6xjLGU0sqCX+ac3IZN4vqWbExGrGnT65WeQNJyM8zwaU2,2.340707,4.867001,3.6016769999999996
36000,a/7q4oLh2Ews+7tMcFv6xjLGU0sqCX+ac3IZN4vqWbExGrGnT65WeQNJyM8zwaU2,2.4500490000000004,28.495890999999997,9.843791
36300,a/7q4oLh2Ews+7tMcFv6xjLGU0sqCX+ac3IZN4vqWbExGrGnT65WeQNJyM8zwaU2,2.297206,5.68535,3.418889
36600,a/7q4oLh2Ews+7tMcFv6xjLGU0sqCX+ac3IZN4vqWbExGrGnT65WeQNJyM8zwaU2,2.505743,4.994297,3.490389
36900,a/7q4oLh2Ews+7tMcFv6xjLGU0sqCX+ac3IZN4vqWbExGrGnT65WeQNJyM8zwaU2,2.473358,4.6071089999999995,3.292882
37200,a/7q4oLh2Ews+7tMcFv6xjLGU0sqCX+ac3IZN4vqWbExGrGnT65WeQNJyM8zwaU2,2.249838,4.889301000000001,3.3044599999999997
37500,a/7q4oLh2Ews+7tMcFv6xjLGU0sqCX+ac3IZN4vqWbExGrGnT65WeQNJyM8zwaU2,2.337618,4.702793,3.4873830000000003
37800,a/7q4oLh2Ews+7tMcFv6xjLGU0sqCX+ac3IZN4vqWbExGrGnT65WeQNJyM8zwaU2,2.538279,4.181467,3.2381599999999997
38100,a/7q4oLh2Ews+7tMcFv6xjLGU0sqCX+ac3IZN4vqWbExGrGnT65WeQNJyM8zwaU2,2.276144,25.984826,5.32344
38400,a/7q4oLh2Ews+7tMcFv6xjLGU0sqCX+ac3IZN4vqWbExGrGnT65WeQNJyM8zwaU2,2.56428,4.547815,3.3998510000000004
38700,a/7q4oLh2Ews+7tMcFv6xjLGU0sqCX+ac3IZN4vqWbExGrGnT65WeQNJyM8zwaU2,2.057914,4.356987,3.155321
39000,a/7q4oLh2Ews+7tMcFv6xjLGU0sqCX+ac3IZN4vqWbExGrGnT65WeQNJyM8zwaU2,2.477968,4.79816,3.308436
39300,a/7q4oLh2Ews+7tMcFv6xjLGU0sqCX+ac3IZN4vqWbExGrGnT65WeQNJyM8zwaU2,2.3563549999999998,4.53637,3.4654019999999996
39600,a/7q4oLh2Ews+7tMcFv6xjLGU0sqCX+ac3IZN4vqWbExGrGnT65WeQNJyM8zwaU2,2.7012959999999997,4.446006,3.302371
39900,a/7q4oLh2Ews+7tMcFv6xjLGU0sqCX+ac3IZN4vqWbExGrGnT65WeQNJyM8zwaU2,2.903078,11.536441,4.379539
40200,a/7q4oLh2Ews+7tMcFv6xjLGU0sqCX+ac3IZN4vqWbExGrGnT65WeQNJyM8zwaU2,2.759535,4.584713,3.4725989999999998
40500,a/7q4oLh2Ews+7tMcFv6xjLGU0sqCX+ac3IZN4vqWbExGrGnT65WeQNJyM8zwaU2,2.829098,5.2336800000000006,3.6846410000000005
40800,a/7q4oLh2Ews+7tMcFv6xjLGU0sqCX+ac3IZN4vqWbExGrGnT65WeQNJyM8zwaU2,2.7338430000000002,4.721877,3.359232
41100,a/7q4oLh2Ews+7tMcFv6xjLGU0sqCX+ac3IZN4vqWbExGrGnT65WeQNJyM8zwaU2,2.821283,4.770347,3.6680910000000004
41400,a/7q4oLh2Ews+7tMcFv6xjLGU0sqCX+ac3IZN4vqWbExGrGnT65WeQNJyM8zwaU2,2.7469490000000003,5.029364,3.492861
41700,a/7q4oLh2Ews+7tMcFv6xjLGU0sqCX+ac3IZN4vqWbExGrGnT65WeQNJyM8zwaU2,2.887222,23.19707,5.5225550000000005
42000,a/7q4oLh2Ews+7tMcFv6xjLGU0sqCX+ac3IZN4vqWbExGrGnT65WeQNJyM8zwaU2,2.828024,4.7383239999999995,3.603533
42300,a/7q4oLh2Ews+7tMcFv6xjLGU0sqCX+ac3IZN4vqWbExGrGnT65WeQNJyM8zwaU2,2.945021,4.90793,3.478125
42600,a/7q4oLh2Ews+7tMcFv6xjLGU0sqCX+ac3IZN4vqWbExGrGnT65WeQNJyM8zwaU2,2.39435,4.737206,3.3512730000000004
42900,a/7q4oLh2Ews+7tMcFv6xjLGU0sqCX+ac3IZN4vqWbExGrGnT65WeQNJyM8zwaU2,2.405122,4.250254,3.406358
43200,a/7q4oLh2Ews+7tMcFv6xjLGU0sqCX+ac3IZN4vqWbExGrGnT65WeQNJyM8zwaU2,2.699072,4.890569,3.3582449999999997
43500,a/7q4oLh2Ews+7tMcFv6xjLGU0sqCX+ac3IZN4vqWbExGrGnT65WeQNJyM8zwaU2,2.49447,4.676758,3.323433
43800,a/7q4oLh2Ews+7tMcFv6xjLGU0sqCX+ac3IZN4vqWbExGrGnT65WeQNJyM8zwaU2,2.7637669999999996,4.147073000000001,3.323871
44100,a/7q4oLh2Ews+7tMcFv6xjLGU0sqCX+ac3IZN4vqWbExGrGnT65WeQNJyM8zwaU2,2.101507,4.72551,3.3169239999999998
44400,a/7q4oLh2Ews+7tMcFv6xjLGU0sqCX+ac3IZN4vqWbExGrGnT65WeQNJyM8zwaU2,2.533761,4.651383999999999,3.336783
44700,a/7q4oLh2Ews+7tMcFv6xjLGU0sqCX+ac3IZN4vqWbExGrGnT65WeQNJyM8zwaU2,2.5710330000000003,4.590146,3.383253
45000,a/7q4oLh2Ews+7tMcFv6xjLGU0sqCX+ac3IZN4vqWbExGrGnT65WeQNJyM8zwaU2,2.635882,4.741809,3.367808
45300,a/7q4oLh2Ews+7tMcFv6xjLGU0sqCX+ac3IZN4vqWbExGrGnT65WeQNJyM8zwaU2,2.629565,24.659589,5.491843
45600,a/7q4oLh2Ews+7tMcFv6xjLGU0sqCX+ac3IZN4vqWbExGrGnT65WeQNJyM8zwaU2,2.302756,4.247529,3.262692
45900,a/7q4oLh2Ews+7tMcFv6xjLGU0sqCX+ac3IZN4vqWbExGrGnT65WeQNJyM8zwaU2,2.853132,4.866364,3.434815
46200,a/7q4oLh2Ews+7tMcFv6xjLGU0sqCX+ac3IZN4vqWbExGrGnT65WeQNJyM8zwaU2,2.5321689999999997,4.876878,3.328155
46500,a/7q4oLh2Ews+7tMcFv6xjLGU0sqCX+ac3IZN4vqWbExGrGnT65WeQNJyM8zwaU2,2.795593,4.435676,3.654272
46800,a/7q4oLh2Ews+7tMcFv6xjLGU0sqCX+ac3IZN4vqWbExGrGnT65WeQNJyM8zwaU2,2.09731,4.6700669999999995,3.335253
47100,a/7q4oLh2Ews+7tMcFv6xjLGU0sqCX+ac3IZN4vqWbExGrGnT65WeQNJyM8zwaU2,2.609315,4.483581,3.447768
47400,a/7q4oLh2Ews+7tMcFv6xjLGU0sqCX+ac3IZN4vqWbExGrGnT65WeQNJyM8zwaU2,2.578842,4.334814,3.399063
47700,a/7q4oLh2Ews+7tMcFv6xjLGU0sqCX+ac3IZN4vqWbExGrGnT65WeQNJyM8zwaU2,2.920397,4.719869999999999,3.5130879999999998
48000,a/7q4oLh2Ews+7tMcFv6xjLGU0sqCX+ac3IZN4vqWbExGrGnT65WeQNJyM8zwaU2,2.596678,4.757849,3.4033510000000002
48300,a/7q4oLh2Ews+7tMcFv6xjLGU0sqCX+ac3IZN4vqWbExGrGnT65WeQNJyM8zwaU2,2.7489779999999997,4.922127,3.58206
48600,a/7q4oLh2Ews+7tMcFv6xjLGU0sqCX+ac3IZN4vqWbExGrGnT65WeQNJyM8zwaU2,2.7026310000000002,4.794194999999999,3.422736
48900,a/7q4oLh2Ews+7tMcFv6xjLGU0sqCX+ac3IZN4vqWbExGrGnT65WeQNJyM8zwaU2,2.3293,24.633461999999998,5.421558
49200,a/7q4oLh2Ews+7tMcFv6xjLGU0sqCX+ac3IZN4vqWbExGrGnT65WeQNJyM8zwaU2,2.84668,4.3739930000000005,3.474474
49500,a/7q4oLh2Ews+7tMcFv6xjLGU0sqCX+ac3IZN4vqWbExGrGnT65WeQNJyM8zwaU2,2.614949,4.833265,3.410104
49800,a/7q4oLh2Ews+7tMcFv6xjLGU0sqCX+ac3IZN4vqWbExGrGnT65WeQNJyM8zwaU2,2.690366,4.566555,3.4267199999999995
50100,a/7q4oLh2Ews+7tMcFv6xjLGU0sqCX+ac3IZN4vqWbExGrGnT65WeQNJyM8zwaU2,2.36559,4.502473999999999,3.451382
50400,a/7q4oLh2Ews+7tMcFv6xjLGU0sqCX+ac3IZN4vqWbExGrGnT65WeQNJyM8zwaU2,2.792217,4.640228,3.435519
50700,a/7q4oLh2Ews+7tMcFv6xjLGU0sqCX+ac3IZN4vqWbExGrGnT65WeQNJyM8zwaU2,2.560657,4.3870949999999995,3.3828089999999995
51000,a/7q4oLh2Ews+7tMcFv6xjLGU0sqCX+ac3IZN4vqWbExGrGnT65WeQNJyM8zwaU2,2.478579,4.1254800000000005,3.268756
51300,a/7q4oLh2Ews+7tMcFv6xjLGU0sqCX+ac3IZN4vqWbExGrGnT65WeQNJyM8zwaU2,2.753874,4.862986,3.4081019999999995
51600,a/7q4oLh2Ews+7tMcFv6xjLGU0sqCX+ac3IZN4vqWbExGrGnT65WeQNJyM8zwaU2,2.480997,4.020243,3.1890169999999998
51900,a/7q4oLh2Ews+7tMcFv6xjLGU0sqCX+ac3IZN4vqWbExGrGnT65WeQNJyM8zwaU2,2.716878,4.695125,3.516655
52200,a/7q4oLh2Ews+7tMcFv6xjLGU0sqCX+ac3IZN4vqWbExGrGnT65WeQNJyM8zwaU2,2.538784,5.458448000000001,3.373451
52500,a/7q4oLh2Ews+7tMcFv6xjLGU0sqCX+ac3IZN4vqWbExGrGnT65WeQNJyM8zwaU2,2.7950909999999998,18.474129,5.511194000000001
52800,a/7q4oLh2Ews+7tMcFv6xjLGU0sqCX+ac3IZN4vqWbExGrGnT65WeQNJyM8zwaU2,2.4389950000000002,4.501878,3.3522879999999997
53100,a/7q4oLh2Ews+7tMcFv6xjLGU0sqCX+ac3IZN4vqWbExGrGnT65WeQNJyM8zwaU2,2.525459,5.865543,3.409757
53400,a/7q4oLh2Ews+7tMcFv6xjLGU0sqCX+ac3IZN4vqWbExGrGnT65WeQNJyM8zwaU2,2.229547,4.551446,3.309497
53700,a/7q4oLh2Ews+7tMcFv6xjLGU0sqCX+ac3IZN4vqWbExGrGnT65WeQNJyM8zwaU2,2.0465619999999998,4.5103349999999995,3.416515
54000,a/7q4oLh2Ews+7tMcFv6xjLGU0sqCX+ac3IZN4vqWbExGrGnT65WeQNJyM8zwaU2,2.6421419999999998,5.436843,3.481679
54300,a/7q4oLh2Ews+7tMcFv6xjLGU0sqCX+ac3IZN4vqWbExGrGnT65WeQNJyM8zwaU2,2.566077,8.199467,3.89627
54600,a/7q4oLh2Ews+7tMcFv6xjLGU0sqCX+ac3IZN4vqWbExGrGnT65WeQNJyM8zwaU2,2.787321,4.6789879999999995,3.53289
54900,a/7q4oLh2Ews+7tMcFv6xjLGU0sqCX+ac3IZN4vqWbExGrGnT65WeQNJyM8zwaU2,2.785662,5.829136,3.5280129999999996
55200,a/7q4oLh2Ews+7tMcFv6xjLGU0sqCX+ac3IZN4vqWbExGrGnT65WeQNJyM8zwaU2,2.612287,4.458529,3.3937459999999997
55500,a/7q4oLh2Ews+7tMcFv6xjLGU0sqCX+ac3IZN4vqWbExGrGnT65WeQNJyM8zwaU2,2.714106,5.926646,3.928775
55800,a/7q4oLh2Ews+7tMcFv6xjLGU0sqCX+ac3IZN4vqWbExGrGnT65WeQNJyM8zwaU2,2.6567849999999997,5.423646,3.402578
56100,a/7q4oLh2Ews+7tMcFv6xjLGU0sqCX+ac3IZN4vqWbExGrGnT65WeQNJyM8zwaU2,1.8516990000000002,24.850935999999997,5.448123000000001
56400,a/7q4oLh2Ews+7tMcFv6xjLGU0sqCX+ac3IZN4vqWbExGrGnT65WeQNJyM8zwaU2,1.8649229999999999,4.61545,3.214904
56700,a/7q4oLh2Ews+7tMcFv6xjLGU0sqCX+ac3IZN4vqWbExGrGnT65WeQNJyM8zwaU2,2.6648810000000003,5.499805,3.409764
57000,a/7q4oLh2Ews+7tMcFv6xjLGU0sqCX+ac3IZN4vqWbExGrGnT65WeQNJyM8zwaU2,2.0896779999999997,4.522314,3.210014
57300,a/7q4oLh2Ews+7tMcFv6xjLGU0sqCX+ac3IZN4vqWbExGrGnT65WeQNJyM8zwaU2,2.667211,4.373846,3.498885
57600,a/7q4oLh2Ews+7tMcFv6xjLGU0sqCX+ac3IZN4vqWbExGrGnT65WeQNJyM8zwaU2,2.499316,5.2331010000000004,3.370046
57900,a/7q4oLh2Ews+7tMcFv6xjLGU0sqCX+ac3IZN4vqWbExGrGnT65WeQNJyM8zwaU2,2.714903,4.429936,3.4411989999999997
58200,a/7q4oLh2Ews+7tMcFv6xjLGU0sqCX+ac3IZN4vqWbExGrGnT65WeQNJyM8zwaU2,2.4708200000000002,4.5255339999999995,3.3348769999999996
58500,a/7q4oLh2Ews+7tMcFv6xjLGU0sqCX+ac3IZN4vqWbExGrGnT65WeQNJyM8zwaU2,2.683503,5.595618,3.4309019999999997
58800,a/7q4oLh2Ews+7tMcFv6xjLGU0sqCX+ac3IZN4vqWbExGrGnT65WeQNJyM8zwaU2,2.084532,4.628328,3.2447209999999997
59100,a/7q4oLh2Ews+7tMcFv6xjLGU0sqCX+ac3IZN4vqWbExGrGnT65WeQNJyM8zwaU2,1.826329,6.596566,3.727126
59400,a/7q4oLh2Ews+7tMcFv6xjLGU0sqCX+ac3IZN4vqWbExGrGnT65WeQNJyM8zwaU2,2.7332560000000004,5.260916,3.3984089999999996
59700,a/7q4oLh2Ews+7tMcFv6xjLGU0sqCX+ac3IZN4vqWbExGrGnT65WeQNJyM8zwaU2,2.090859,24.582138,5.303419
60000,a/7q4oLh2Ews+7tMcFv6xjLGU0sqCX+ac3IZN4vqWbExGrGnT65WeQNJyM8zwaU2,2.667643,4.519226000000001,3.428352
60300,a/7q4oLh2Ews+7tMcFv6xjLGU0sqCX+ac3IZN4vqWbExGrGnT65WeQNJyM8zwaU2,2.141909,5.624542,3.366744
60600,a/7q4oLh2Ews+7tMcFv6xjLGU0sqCX+ac3IZN4vqWbExGrGnT65WeQNJyM8zwaU2,2.547447,4.320479,3.3138669999999997
60900,a/7q4oLh2Ews+7tMcFv6xjLGU0sqCX+ac3IZN4vqWbExGrGnT65WeQNJyM8zwaU2,2.618168,4.346653,3.4181529999999998
61200,a/7q4oLh2Ews+7tMcFv6xjLGU0sqCX+ac3IZN4vqWbExGrGnT65WeQNJyM8zwaU2,2.508432,5.173029,3.3532940000000004
61500,a/7q4oLh2Ews+7tMcFv6xjLGU0sqCX+ac3IZN4vqWbExGrGnT65WeQNJyM8zwaU2,2.331186,4.765735,3.5787519999999997
61800,a/7q4oLh2Ews+7tMcFv6xjLGU0sqCX+ac3IZN4vqWbExGrGnT65WeQNJyM8zwaU2,2.705098,4.67729,3.527104
62100,a/7q4oLh2Ews+7tMcFv6xjLGU0sqCX+ac3IZN4vqWbExGrGnT65WeQNJyM8zwaU2,2.819846,5.538222,3.560457
62400,a/7q4oLh2Ews+7tMcFv6xjLGU0sqCX+ac3IZN4vqWbExGrGnT65WeQNJyM8zwaU2,1.694925,4.512503,3.1501080000000004
62700,a/7q4oLh2Ews+7tMcFv6xjLGU0sqCX+ac3IZN4vqWbExGrGnT65WeQNJyM8zwaU2,2.611484,4.893433,3.539851
63000,a/7q4oLh2Ews+7tMcFv6xjLGU0sqCX+ac3IZN4vqWbExGrGnT65WeQNJyM8zwaU2,2.11777,4.9093279999999995,3.290138
63300,a/7q4oLh2Ews+7tMcFv6xjLGU0sqCX+ac3IZN4vqWbExGrGnT65WeQNJyM8zwaU2,2.856822,14.259484,5.499517
63600,a/7q4oLh2Ews+7tMcFv6xjLGU0sqCX+ac3IZN4vqWbExGrGnT65WeQNJyM8zwaU2,2.8296330000000003,9.054566000000001,4.203883
63900,a/7q4oLh2Ews+7tMcFv6xjLGU0sqCX+ac3IZN4vqWbExGrGnT65WeQNJyM8zwaU2,2.683442,4.98376,3.5778239999999997
64200,a/7q4oLh2Ews+7tMcFv6xjLGU0sqCX+ac3IZN4vqWbExGrGnT65WeQNJyM8zwaU2,2.651818,4.1161,3.303435
64500,a/7q4oLh2Ews+7tMcFv6xjLGU0sqCX+ac3IZN4vqWbExGrGnT65WeQNJyM8zwaU2,2.853482,5.493104,3.6316940000000004
64800,a/7q4oLh2Ews+7tMcFv6xjLGU0sqCX+ac3IZN4vqWbExGrGnT65WeQNJyM8zwaU2,2.724992,39.33631,9.937991
65100,a/7q4oLh2Ews+7tMcFv6xjLGU0sqCX+ac3IZN4vqWbExGrGnT65WeQNJyM8zwaU2,2.7478130000000003,4.323157,3.371405
65400,a/7q4oLh2Ews+7tMcFv6xjLGU0sqCX+ac3IZN4vqWbExGrGnT65WeQNJyM8zwaU2,2.696304,5.550247,3.5024370000000005
65700,a/7q4oLh2Ews+7tMcFv6xjLGU0sqCX+ac3IZN4vqWbExGrGnT65WeQNJyM8zwaU2,2.054266,4.836723999999999,3.4425519999999996
66000,a/7q4oLh2Ews+7tMcFv6xjLGU0sqCX+ac3IZN4vqWbExGrGnT65WeQNJyM8zwaU2,2.658859,4.259556,3.296933
66300,a/7q4oLh2Ews+7tMcFv6xjLGU0sqCX+ac3IZN4vqWbExGrGnT65WeQNJyM8zwaU2,1.8345669999999998,5.288945,3.5175389999999997
66600,a/7q4oLh2Ews+7tMcFv6xjLGU0sqCX+ac3IZN4vqWbExGrGnT65WeQNJyM8zwaU2,2.664908,4.8119629999999995,3.386396
66900,a/7q4oLh2Ews+7tMcFv6xjLGU0sqCX+ac3IZN4vqWbExGrGnT65WeQNJyM8zwaU2,2.165093,24.593846,5.335983000000001
67200,a/7q4oLh2Ews+7tMcFv6xjLGU0sqCX+ac3IZN4vqWbExGrGnT65WeQNJyM8zwaU2,2.322315,5.378282,3.392296
67500,a/7q4oLh2Ews+7tMcFv6xjLGU0sqCX+ac3IZN4vqWbExGrGnT65WeQNJyM8zwaU2,2.7702709999999997,4.580299,3.3743519999999996
67800,a/7q4oLh2Ews+7tMcFv6xjLGU0sqCX+ac3IZN4vqWbExGrGnT65WeQNJyM8zwaU2,1.869097,4.042006,3.0982060000000002
68100,a/7q4oLh2Ews+7tMcFv6xjLGU0sqCX+ac3IZN4vqWbExGrGnT65WeQNJyM8zwaU2,2.7886490000000004,5.347072,3.648423
68400,a/7q4oLh2Ews+7tMcFv6xjLGU0sqCX+ac3IZN4vqWbExGrGnT65WeQNJyM8zwaU2,2.690051,4.818384,3.391714
68700,a/7q4oLh2Ews+7tMcFv6xjLGU0sqCX+ac3IZN4vqWbExGrGnT65WeQNJyM8zwaU2,2.729113,4.228051,3.286118
69000,a/7q4oLh2Ews+7tMcFv6xjLGU0sqCX+ac3IZN4vqWbExGrGnT65WeQNJyM8zwaU2,2.652457,5.415025,3.398814
69300,a/7q4oLh2Ews+7tMcFv6xjLGU0sqCX+ac3IZN4vqWbExGrGnT65WeQNJyM8zwaU2,2.805847,4.970204,3.458411
69600,a/7q4oLh2Ews+7tMcFv6xjLGU0sqCX+ac3IZN4vqWbExGrGnT65WeQNJyM8zwaU2,2.2240450000000003,3.983252,3.2120330000000004
69900,a/7q4oLh2Ews+7tMcFv6xjLGU0sqCX+ac3IZN4vqWbExGrGnT65WeQNJyM8zwaU2,2.526457,5.299797,3.649954
70200,a/7q4oLh2Ews+7tMcFv6xjLGU0sqCX+ac3IZN4vqWbExGrGnT65WeQNJyM8zwaU2,2.6253729999999997,4.899519000000001,3.396036
70500,a/7q4oLh2Ews+7tMcFv6xjLGU0sqCX+ac3IZN4vqWbExGrGnT65WeQNJyM8zwaU2,2.102214,24.555803,5.318566000000001
70800,a/7q4oLh2Ews+7tMcFv6xjLGU0sqCX+ac3IZN4vqWbExGrGnT65WeQNJyM8zwaU2,2.697441,5.535101,3.473636
71100,a/7q4oLh2Ews+7tMcFv6xjLGU0sqCX+ac3IZN4vqWbExGrGnT65WeQNJyM8zwaU2,2.84355,4.786736,3.4123900000000003
71400,a/7q4oLh2Ews+7tMcFv6xjLGU0sqCX+ac3IZN4vqWbExGrGnT65WeQNJyM8zwaU2,2.506704,4.248541,3.223749
71700,a/7q4oLh2Ews+7tMcFv6xjLGU0sqCX+ac3IZN4vqWbExGrGnT65WeQNJyM8zwaU2,2.4385369999999997,5.2979080000000005,3.5049379999999997
72000,a/7q4oLh2Ews+7tMcFv6xjLGU0sqCX+ac3IZN4vqWbExGrGnT65WeQNJyM8zwaU2,2.691894,5.034546,3.412992
72300,a/7q4oLh2Ews+7tMcFv6xjLGU0sqCX+ac3IZN4vqWbExGrGnT65WeQNJyM8zwaU2,2.726862,4.18679,3.455862
72600,a/7q4oLh2Ews+7tMcFv6xjLGU0sqCX+ac3IZN4vqWbExGrGnT65WeQNJyM8zwaU2,2.823889,5.4564449999999995,3.598104
72900,a/7q4oLh2Ews+7tMcFv6xjLGU0sqCX+ac3IZN4vqWbExGrGnT65WeQNJyM8zwaU2,2.296617,5.004447,3.361126
73200,a/7q4oLh2Ews+7tMcFv6xjLGU0sqCX+ac3IZN4vqWbExGrGnT65WeQNJyM8zwaU2,2.578495,4.13791,3.317538
73500,a/7q4oLh2Ews+7tMcFv6xjLGU0sqCX+ac3IZN4vqWbExGrGnT65WeQNJyM8zwaU2,2.9417150000000003,5.330634,3.65835
73800,a/7q4oLh2Ews+7tMcFv6xjLGU0sqCX+ac3IZN4vqWbExGrGnT65WeQNJyM8zwaU2,2.728158,4.824688,3.4216949999999997
74100,a/7q4oLh2Ews+7tMcFv6xjLGU0sqCX+ac3IZN4vqWbExGrGnT65WeQNJyM8zwaU2,2.804289,15.302805,5.308194
74400,a/7q4oLh2Ews+7tMcFv6xjLGU0sqCX+ac3IZN4vqWbExGrGnT65WeQNJyM8zwaU2,2.590392,4.93427,3.4484769999999996
74700,a/7q4oLh2Ews+7tMcFv6xjLGU0sqCX+ac3IZN4vqWbExGrGnT65WeQNJyM8zwaU2,2.714028,4.529671,3.449353
75000,a/7q4oLh2Ews+7tMcFv6xjLGU0sqCX+ac3IZN4vqWbExGrGnT65WeQNJyM8zwaU2,2.2125209999999997,4.018711,3.218364
75300,a/7q4oLh2Ews+7tMcFv6xjLGU0sqCX+ac3IZN4vqWbExGrGnT65WeQNJyM8zwaU2,2.7814740000000002,5.640334999999999,3.64085
75600,a/7q4oLh2Ews+7tMcFv6xjLGU0sqCX+ac3IZN4vqWbExGrGnT65WeQNJyM8zwaU2,2.5836360000000003,4.545186,3.3964239999999997
75900,a/7q4oLh2Ews+7tMcFv6xjLGU0sqCX+ac3IZN4vqWbExGrGnT65WeQNJyM8zwaU2,2.8749279999999997,4.185651999999999,3.3222910000000003
76200,a/7q4oLh2Ews+7tMcFv6xjLGU0sqCX+ac3IZN4vqWbExGrGnT65WeQNJyM8zwaU2,2.839184,5.0491269999999995,3.611636
76500,a/7q4oLh2Ews+7tMcFv6xjLGU0sqCX+ac3IZN4vqWbExGrGnT65WeQNJyM8zwaU2,2.543255,4.582196,3.425907
76800,a/7q4oLh2Ews+7tMcFv6xjLGU0sqCX+ac3IZN4vqWbExGrGnT65WeQNJyM8zwaU2,1.992216,4.20464,3.0554419999999998
77100,a/7q4oLh2Ews+7tMcFv6xjLGU0sqCX+ac3IZN4vqWbExGrGnT65WeQNJyM8zwaU2,2.7873490000000003,5.656489,3.573524
77400,a/7q4oLh2Ews+7tMcFv6xjLGU0sqCX+ac3IZN4vqWbExGrGnT65WeQNJyM8zwaU2,2.726505,59.674641,11.992947000000001
77700,a/7q4oLh2Ews+7tMcFv6xjLGU0sqCX+ac3IZN4vqWbExGrGnT65WeQNJyM8zwaU2,2.077274,24.545289999999998,5.342567
78000,a/7q4oLh2Ews+7tMcFv6xjLGU0sqCX+ac3IZN4vqWbExGrGnT65WeQNJyM8zwaU2,2.7362599999999997,5.279137,3.702632
78300,a/7q4oLh2Ews+7tMcFv6xjLGU0sqCX+ac3IZN4vqWbExGrGnT65WeQNJyM8zwaU2,2.724208,4.707184,3.4430769999999997
78600,a/7q4oLh2Ews+7tMcFv6xjLGU0sqCX+ac3IZN4vqWbExGrGnT65WeQNJyM8zwaU2,2.646528,6.676939,3.543915
78900,a/7q4oLh2Ews+7tMcFv6xjLGU0sqCX+ac3IZN4vqWbExGrGnT65WeQNJyM8zwaU2,2.742489,5.502796,3.6774910000000003
79200,a/7q4oLh2Ews+7tMcFv6xjLGU0sqCX+ac3IZN4vqWbExGrGnT65WeQNJyM8zwaU2,2.660126,4.616067,3.406069
79500,a/7q4oLh2Ews+7tMcFv6xjLGU0sqCX+ac3IZN4vqWbExGrGnT65WeQNJyM8zwaU2,2.653926,4.5201720000000005,3.230759
79800,a/7q4oLh2Ews+7tMcFv6xjLGU0sqCX+ac3IZN4vqWbExGrGnT65WeQNJyM8zwaU2,2.737286,4.900398,3.492521
80100,a/7q4oLh2Ews+7tMcFv6xjLGU0sqCX+ac3IZN4vqWbExGrGnT65WeQNJyM8zwaU2,2.6015770000000003,4.352484,3.431286
80400,a/7q4oLh2Ews+7tMcFv6xjLGU0sqCX+ac3IZN4vqWbExGrGnT65WeQNJyM8zwaU2,2.521936,4.376469,3.219643
80700,a/7q4oLh2Ews+7tMcFv6xjLGU0sqCX+ac3IZN4vqWbExGrGnT65WeQNJyM8zwaU2,2.805929,5.569454,3.5752949999999997
81000,a/7q4oLh2Ews+7tMcFv6xjLGU0sqCX+ac3IZN4vqWbExGrGnT65WeQNJyM8zwaU2,2.505718,4.579583,3.425437
81300,a/7q4oLh2Ews+7tMcFv6xjLGU0sqCX+ac3IZN4vqWbExGrGnT65WeQNJyM8zwaU2,2.653181,25.004051999999998,5.414936
81600,a/7q4oLh2Ews+7tMcFv6xjLGU0sqCX+ac3IZN4vqWbExGrGnT65WeQNJyM8zwaU2,2.028029,5.048106,3.4042120000000002
81900,a/7q4oLh2Ews+7tMcFv6xjLGU0sqCX+ac3IZN4vqWbExGrGnT65WeQNJyM8zwaU2,2.772557,4.446269,3.4969120000000005
82200,a/7q4oLh2Ews+7tMcFv6xjLGU0sqCX+ac3IZN4vqWbExGrGnT65WeQNJyM8zwaU2,2.2286189999999997,4.5048379999999995,3.269472
82500,a/7q4oLh2Ews+7tMcFv6xjLGU0sqCX+ac3IZN4vqWbExGrGnT65WeQNJyM8zwaU2,2.940172,5.15705,3.7535480000000003
82800,a/7q4oLh2Ews+7tMcFv6xjLGU0sqCX+ac3IZN4vqWbExGrGnT65WeQNJyM8zwaU2,2.703648,29.114093,8.114963000000001
83100,a/7q4oLh2Ews+7tMcFv6xjLGU0sqCX+ac3IZN4vqWbExGrGnT65WeQNJyM8zwaU2,2.682341,4.99443,3.45821
83400,a/7q4oLh2Ews+7tMcFv6xjLGU0sqCX+ac3IZN4vqWbExGrGnT65WeQNJyM8zwaU2,2.667752,5.237489,3.7087470000000002
83700,a/7q4oLh2Ews+7tMcFv6xjLGU0sqCX+ac3IZN4vqWbExGrGnT65WeQNJyM8zwaU2,2.1655729999999997,4.796092,3.434793
84000,a/7q4oLh2Ews+7tMcFv6xjLGU0sqCX+ac3IZN4vqWbExGrGnT65WeQNJyM8zwaU2,2.749324,4.455607,3.3129169999999997
84300,a/7q4oLh2Ews+7tMcFv6xjLGU0sqCX+ac3IZN4vqWbExGrGnT65WeQNJyM8zwaU2,2.8758790000000003,5.472224,3.6874160000000002
84600,a/7q4oLh2Ews+7tMcFv6xjLGU0sqCX+ac3IZN4vqWbExGrGnT65WeQNJyM8zwaU2,2.75715,4.452401999999999,3.525946
84900,a/7q4oLh2Ews+7tMcFv6xjLGU0sqCX+ac3IZN4vqWbExGrGnT65WeQNJyM8zwaU2,2.5275830000000004,20.269454,5.229817
85200,a/7q4oLh2Ews+7tMcFv6xjLGU0sqCX+ac3IZN4vqWbExGrGnT65WeQNJyM8zwaU2,2.560498,4.565019,3.4689730000000005
85500,a/7q4oLh2Ews+7tMcFv6xjLGU0sqCX+ac3IZN4vqWbExGrGnT65WeQNJyM8zwaU2,2.692903,4.3536779999999995,3.3347900000000004
85800,a/7q4oLh2Ews+7tMcFv6xjLGU0sqCX+ac3IZN4vqWbExGrGnT65WeQNJyM8zwaU2,2.517251,4.463497,3.368146
86100,a/7q4oLh2Ews+7tMcFv6xjLGU0sqCX+ac3IZN4vqWbExGrGnT65WeQNJyM8zwaU2,2.4917119999999997,4.714666,3.6397690000000003
86400,a/7q4oLh2Ews+7tMcFv6xjLGU0sqCX+ac3IZN4vqWbExGrGnT65WeQNJyM8zwaU2,2.469144,4.277141,3.209644
86700,a/7q4oLh2Ews+7tMcFv6xjLGU0sqCX+ac3IZN4vqWbExGrGnT65WeQNJyM8zwaU2,2.707402,4.277578,3.3769970000000002
87000,a/7q4oLh2Ews+7tMcFv6xjLGU0sqCX+ac3IZN4vqWbExGrGnT65WeQNJyM8zwaU2,2.529773,4.642972,3.4094870000000004
87300,a/7q4oLh2Ews+7tMcFv6xjLGU0sqCX+ac3IZN4vqWbExGrGnT65WeQNJyM8zwaU2,2.443567,4.428441,3.231673
87600,a/7q4oLh2Ews+7tMcFv6xjLGU0sqCX+ac3IZN4vqWbExGrGnT65WeQNJyM8zwaU2,2.301142,4.264263,3.161301
87900,a/7q4oLh2Ews+7tMcFv6xjLGU0sqCX+ac3IZN4vqWbExGrGnT65WeQNJyM8zwaU2,2.1698020000000002,4.441319,3.3690260000000003
88200,a/7q4oLh2Ews+7tMcFv6xjLGU0sqCX+ac3IZN4vqWbExGrGnT65WeQNJyM8zwaU2,2.613705,4.17556,3.272626
88500,a/7q4oLh2Ews+7tMcFv6xjLGU0sqCX+ac3IZN4vqWbExGrGnT65WeQNJyM8zwaU2,2.0869619999999998,24.813036,5.456858
88800,a/7q4oLh2Ews+7tMcFv6xjLGU0sqCX+ac3IZN4vqWbExGrGnT65WeQNJyM8zwaU2,2.744579,4.55459,3.525011
89100,a/7q4oLh2Ews+7tMcFv6xjLGU0sqCX+ac3IZN4vqWbExGrGnT65WeQNJyM8zwaU2,2.5017080000000003,4.411580000000001,3.2465040000000003
89400,a/7q4oLh2Ews+7tMcFv6xjLGU0sqCX+ac3IZN4vqWbExGrGnT65WeQNJyM8zwaU2,2.606782,4.2552330000000005,3.305535
89700,a/7q4oLh2Ews+7tMcFv6xjLGU0sqCX+ac3IZN4vqWbExGrGnT65WeQNJyM8zwaU2,2.175311,4.701472,3.470197
90000,a/7q4oLh2Ews+7tMcFv6xjLGU0sqCX+ac3IZN4vqWbExGrGnT65WeQNJyM8zwaU2,2.481911,4.411531,3.227359
90300,a/7q4oLh2Ews+7tMcFv6xjLGU0sqCX+ac3IZN4vqWbExGrGnT65WeQNJyM8zwaU2,2.525267,4.351216,3.3201389999999997
90600,a/7q4oLh2Ews+7tMcFv6xjLGU0sqCX+ac3IZN4vqWbExGrGnT65WeQNJyM8zwaU2,2.014133,4.35647,3.235128
90900,a/7q4oLh2Ews+7tMcFv6xjLGU0sqCX+ac3IZN4vqWbExGrGnT65WeQNJyM8zwaU2,2.630005,4.195558,3.323142
91200,a/7q4oLh2Ews+7tMcFv6xjLGU0sqCX+ac3IZN4vqWbExGrGnT65WeQNJyM8zwaU2,2.098465,4.285245,3.372701
91500,a/7q4oLh2Ews+7tMcFv6xjLGU0sqCX+ac3IZN4vqWbExGrGnT65WeQNJyM8zwaU2,2.588936,4.509322,3.633085
91800,a/7q4oLh2Ews+7tMcFv6xjLGU0sqCX+ac3IZN4vqWbExGrGnT65WeQNJyM8zwaU2,2.3566599999999998,4.0766230000000006,3.127581
92100,a/7q4oLh2Ews+7tMcFv6xjLGU0sqCX+ac3IZN4vqWbExGrGnT65WeQNJyM8zwaU2,2.6394849999999996,24.96566,5.530216
92400,a/7q4oLh2Ews+7tMcFv6xjLGU0sqCX+ac3IZN4vqWbExGrGnT65WeQNJyM8zwaU2,2.672466,4.592644,3.4758839999999998
92700,a/7q4oLh2Ews+7tMcFv6xjLGU0sqCX+ac3IZN4vqWbExGrGnT65WeQNJyM8zwaU2,2.754867,4.592373,3.373738
93000,a/7q4oLh2Ews+7tMcFv6xjLGU0sqCX+ac3IZN4vqWbExGrGnT65WeQNJyM8zwaU2,2.131992,4.490768,3.232696
93300,a/7q4oLh2Ews+7tMcFv6xjLGU0sqCX+ac3IZN4vqWbExGrGnT65WeQNJyM8zwaU2,2.306118,4.517138,3.4549480000000004
93600,a/7q4oLh2Ews+7tMcFv6xjLGU0sqCX+ac3IZN4vqWbExGrGnT65WeQNJyM8zwaU2,2.549465,29.034643,9.917216
93900,a/7q4oLh2Ews+7tMcFv6xjLGU0sqCX+ac3IZN4vqWbExGrGnT65WeQNJyM8zwaU2,2.23129,4.718516999999999,3.501699
94200,a/7q4oLh2Ews+7tMcFv6xjLGU0sqCX+ac3IZN4vqWbExGrGnT65WeQNJyM8zwaU2,2.760077,4.499621,3.557607
94500,a/7q4oLh2Ews+7tMcFv6xjLGU0sqCX+ac3IZN4vqWbExGrGnT65WeQNJyM8zwaU2,2.584086,5.554364,3.5315550000000004
94800,a/7q4oLh2Ews+7tMcFv6xjLGU0sqCX+ac3IZN4vqWbExGrGnT65WeQNJyM8zwaU2,2.6080490000000003,4.3359,3.327546
95100,a/7q4oLh2Ews+7tMcFv6xjLGU0sqCX+ac3IZN4vqWbExGrGnT65WeQNJyM8zwaU2,2.233187,4.534169,3.475893
95400,a/7q4oLh2Ews+7tMcFv6xjLGU0sqCX+ac3IZN4vqWbExGrGnT65WeQNJyM8zwaU2,2.6471560000000003,4.087768,3.2466060000000003
95700,a/7q4oLh2Ews+7tMcFv6xjLGU0sqCX+ac3IZN4vqWbExGrGnT65WeQNJyM8zwaU2,2.8595669999999997,22.990289,5.424811
96000,a/7q4oLh2Ews+7tMcFv6xjLGU0sqCX+ac3IZN4vqWbExGrGnT65WeQNJyM8zwaU2,2.575116,4.463997,3.3399699999999997
96300,a/7q4oLh2Ews+7tMcFv6xjLGU0sqCX+ac3IZN4vqWbExGrGnT65WeQNJyM8zwaU2,2.522162,4.368111,3.284853
96600,a/7q4oLh2Ews+7tMcFv6xjLGU0sqCX+ac3IZN4vqWbExGrGnT65WeQNJyM8zwaU2,2.595389,3.987004,3.275069
96900,a/7q4oLh2Ews+7tMcFv6xjLGU0sqCX+ac3IZN4vqWbExGrGnT65WeQNJyM8zwaU2,2.533608,4.243536,3.590462
97200,a/7q4oLh2Ews+7tMcFv6xjLGU0sqCX+ac3IZN4vqWbExGrGnT65WeQNJyM8zwaU2,2.566385,6.287282,3.488462
97500,a/7q4oLh2Ews+7tMcFv6xjLGU0sqCX+ac3IZN4vqWbExGrGnT65WeQNJyM8zwaU2,2.672588,5.489751,3.405857
97800,a/7q4oLh2Ews+7tMcFv6xjLGU0sqCX+ac3IZN4vqWbExGrGnT65WeQNJyM8zwaU2,2.388783,5.042795,3.374115
98100,a/7q4oLh2Ews+7tMcFv6xjLGU0sqCX+ac3IZN4vqWbExGrGnT65WeQNJyM8zwaU2,2.59614,4.605718,3.288985
98400,a/7q4oLh2Ews+7tMcFv6xjLGU0sqCX+ac3IZN4vqWbExGrGnT65WeQNJyM8zwaU2,2.346335,3.8625870000000004,3.03215
98700,a/7q4oLh2Ews+7tMcFv6xjLGU0sqCX+ac3IZN4vqWbExGrGnT65WeQNJyM8zwaU2,2.638945,4.350487,3.2980419999999997
99000,a/7q4oLh2Ews+7tMcFv6xjLGU0sqCX+ac3IZN4vqWbExGrGnT65WeQNJyM8zwaU2,2.582706,4.394712,3.298775
99300,a/7q4oLh2Ews+7tMcFv6xjLGU0sqCX+ac3IZN4vqWbExGrGnT65WeQNJyM8zwaU2,2.137409,5.2988800000000005,3.2350369999999997
99600,a/7q4oLh2Ews+7tMcFv6xjLGU0sqCX+ac3IZN4vqWbExGrGnT65WeQNJyM8zwaU2,2.752392,5.164084,3.5485379999999997
99900,a/7q4oLh2Ews+7tMcFv6xjLGU0sqCX+ac3IZN4vqWbExGrGnT65WeQNJyM8zwaU2,2.750334,5.9706529999999995,3.41276
100200,a/7q4oLh2Ews+7tMcFv6xjLGU0sqCX+ac3IZN4vqWbExGrGnT65WeQNJyM8zwaU2,2.886037,5.016077,3.4256629999999997
100500,a/7q4oLh2Ews+7tMcFv6xjLGU0sqCX+ac3IZN4vqWbExGrGnT65WeQNJyM8zwaU2,2.815171,4.831935,3.4805449999999998
100800,a/7q4oLh2Ews+7tMcFv6xjLGU0sqCX+ac3IZN4vqWbExGrGnT65WeQNJyM8zwaU2,2.618404,4.41878,3.3323370000000003
101100,a/7q4oLh2Ews+7tMcFv6xjLGU0sqCX+ac3IZN4vqWbExGrGnT65WeQNJyM8zwaU2,2.825507,3.674065,3.1413889999999998
101400,a/7q4oLh2Ews+7tMcFv6xjLGU0sqCX+ac3IZN4vqWbExGrGnT65WeQNJyM8zwaU2,2.411123,4.08134,3.302228
101700,a/7q4oLh2Ews+7tMcFv6xjLGU0sqCX+ac3IZN4vqWbExGrGnT65WeQNJyM8zwaU2,2.500714,4.3936589999999995,3.334575
102000,a/7q4oLh2Ews+7tMcFv6xjLGU0sqCX+ac3IZN4vqWbExGrGnT65WeQNJyM8zwaU2,2.379841,4.7344610000000005,3.238502
102300,a/7q4oLh2Ews+7tMcFv6xjLGU0sqCX+ac3IZN4vqWbExGrGnT65WeQNJyM8zwaU2,2.4474709999999997,4.810274,3.6368440000000004
102600,a/7q4oLh2Ews+7tMcFv6xjLGU0sqCX+ac3IZN4vqWbExGrGnT65WeQNJyM8zwaU2,2.528147,4.388612,3.3276190000000003
102900,a/7q4oLh2Ews+7tMcFv6xjLGU0sqCX+ac3IZN4vqWbExGrGnT65WeQNJyM8zwaU2,2.8457939999999997,21.841194,5.510330000000001
103200,a/7q4oLh2Ews+7tMcFv6xjLGU0sqCX+ac3IZN4vqWbExGrGnT65WeQNJyM8zwaU2,2.551572,4.904185,3.6216459999999997
103500,a/7q4oLh2Ews+7tMcFv6xjLGU0sqCX+ac3IZN4vqWbExGrGnT65WeQNJyM8zwaU2,2.531848,4.330523,3.311813
103800,a/7q4oLh2Ews+7tMcFv6xjLGU0sqCX+ac3IZN4vqWbExGrGnT65WeQNJyM8zwaU2,2.49609,4.976441,3.3107900000000003
104100,a/7q4oLh2Ews+7tMcFv6xjLGU0sqCX+ac3IZN4vqWbExGrGnT65WeQNJyM8zwaU2,2.564537,5.24965,3.63626
104400,a/7q4oLh2Ews+7tMcFv6xjLGU0sqCX+ac3IZN4vqWbExGrGnT65WeQNJyM8zwaU2,2.46035,4.208225,3.281935
104700,a/7q4oLh2Ews+7tMcFv6xjLGU0sqCX+ac3IZN4vqWbExGrGnT65WeQNJyM8zwaU2,2.918237,5.416519999999999,3.6662470000000003
105000,a/7q4oLh2Ews+7tMcFv6xjLGU0sqCX+ac3IZN4vqWbExGrGnT65WeQNJyM8zwaU2,2.917148,4.671204,3.637189
105300,a/7q4oLh2Ews+7tMcFv6xjLGU0sqCX+ac3IZN4vqWbExGrGnT65WeQNJyM8zwaU2,2.781152,5.730486,3.5200489999999998
105600,a/7q4oLh2Ews+7tMcFv6xjLGU0sqCX+ac3IZN4vqWbExGrGnT65WeQNJyM8zwaU2,2.618592,4.891125,3.3694
105900,a/7q4oLh2Ews+7tMcFv6xjLGU0sqCX+ac3IZN4vqWbExGrGnT65WeQNJyM8zwaU2,2.562687,5.113114,3.559574
106200,a/7q4oLh2Ews+7tMcFv6xjLGU0sqCX+ac3IZN4vqWbExGrGnT65WeQNJyM8zwaU2,2.704053,4.687203,3.43468
106500,a/7q4oLh2Ews+7tMcFv6xjLGU0sqCX+ac3IZN4vqWbExGrGnT65WeQNJyM8zwaU2,2.203472,24.26374,5.21894
106800,a/7q4oLh2Ews+7tMcFv6xjLGU0sqCX+ac3IZN4vqWbExGrGnT65WeQNJyM8zwaU2,2.337888,4.352941,3.3965940000000003
107100,a/7q4oLh2Ews+7tMcFv6xjLGU0sqCX+ac3IZN4vqWbExGrGnT65WeQNJyM8zwaU2,2.635628,4.421977,3.414072
107400,a/7q4oLh2Ews+7tMcFv6xjLGU0sqCX+ac3IZN4vqWbExGrGnT65WeQNJyM8zwaU2,2.278193,4.774319,3.21907
107700,a/7q4oLh2Ews+7tMcFv6xjLGU0sqCX+ac3IZN4vqWbExGrGnT65WeQNJyM8zwaU2,2.612991,4.594848000000001,3.698307
108000,a/7q4oLh2Ews+7tMcFv6xjLGU0sqCX+ac3IZN4vqWbExGrGnT65WeQNJyM8zwaU2,2.5256279999999998,4.3873120000000005,3.210313
108300,a/7q4oLh2Ews+7tMcFv6xjLGU0sqCX+ac3IZN4vqWbExGrGnT65WeQNJyM8zwaU2,2.935821,4.957019,3.469184
108600,a/7q4oLh2Ews+7tMcFv6xjLGU0sqCX+ac3IZN4vqWbExGrGnT65WeQNJyM8zwaU2,1.975487,4.272288,3.2960199999999995
108900,a/7q4oLh2Ews+7tMcFv6xjLGU0sqCX+ac3IZN4vqWbExGrGnT65WeQNJyM8zwaU2,2.474386,4.240017,3.3574089999999996
109200,a/7q4oLh2Ews+7tMcFv6xjLGU0sqCX+ac3IZN4vqWbExGrGnT65WeQNJyM8zwaU2,2.3199110000000003,4.71709,3.118281
109500,a/7q4oLh2Ews+7tMcFv6xjLGU0sqCX+ac3IZN4vqWbExGrGnT65WeQNJyM8zwaU2,2.4820450000000003,6.121183,3.6757190000000004
109800,a/7q4oLh2Ews+7tMcFv6xjLGU0sqCX+ac3IZN4vqWbExGrGnT65WeQNJyM8zwaU2,2.467294,4.6976,3.285154
110100,a/7q4oLh2Ews+7tMcFv6xjLGU0sqCX+ac3IZN4vqWbExGrGnT65WeQNJyM8zwaU2,2.864389,26.944874,6.634208
110400,a/7q4oLh2Ews+7tMcFv6xjLGU0sqCX+ac3IZN4vqWbExGrGnT65WeQNJyM8zwaU2,2.531807,4.057297,3.363464
110700,a/7q4oLh2Ews+7tMcFv6xjLGU0sqCX+ac3IZN4vqWbExGrGnT65WeQNJyM8zwaU2,2.112506,4.448153,3.301073
111000,a/7q4oLh2Ews+7tMcFv6xjLGU0sqCX+ac3IZN4vqWbExGrGnT65WeQNJyM8zwaU2,2.564966,5.17086,3.368877
111300,a/7q4oLh2Ews+7tMcFv6xjLGU0sqCX+ac3IZN4vqWbExGrGnT65WeQNJyM8zwaU2,2.429904,4.371912,3.3708669999999996
111600,a/7q4oLh2Ews+7tMcFv6xjLGU0sqCX+ac3IZN4vqWbExGrGnT65WeQNJyM8zwaU2,2.5196009999999998,4.336968,3.460296
111900,a/7q4oLh2Ews+7tMcFv6xjLGU0sqCX+ac3IZN4vqWbExGrGnT65WeQNJyM8zwaU2,2.3786169999999998,4.92066,3.251946
112200,a/7q4oLh2Ews+7tMcFv6xjLGU0sqCX+ac3IZN4vqWbExGrGnT65WeQNJyM8zwaU2,2.690235,3.986822,3.3992989999999996
112500,a/7q4oLh2Ews+7tMcFv6xjLGU0sqCX+ac3IZN4vqWbExGrGnT65WeQNJyM8zwaU2,2.6760200000000003,4.797959,3.4904620000000004
112800,a/7q4oLh2Ews+7tMcFv6xjLGU0sqCX+ac3IZN4vqWbExGrGnT65WeQNJyM8zwaU2,2.521277,4.919396,3.4823150000000003
113100,a/7q4oLh2Ews+7tMcFv6xjLGU0sqCX+ac3IZN4vqWbExGrGnT65WeQNJyM8zwaU2,2.7078599999999997,4.392663,3.5072769999999998
113400,a/7q4oLh2Ews+7tMcFv6xjLGU0sqCX+ac3IZN4vqWbExGrGnT65WeQNJyM8zwaU2,2.3044439999999997,4.534121,3.3451419999999996
113700,a/7q4oLh2Ews+7tMcFv6xjLGU0sqCX+ac3IZN4vqWbExGrGnT65WeQNJyM8zwaU2,2.4346900000000002,20.129002,5.471312999999999
114000,a/7q4oLh2Ews+7tMcFv6xjLGU0sqCX+ac3IZN4vqWbExGrGnT65WeQNJyM8zwaU2,2.517525,4.169926,3.398114
114300,a/7q4oLh2Ews+7tMcFv6xjLGU0sqCX+ac3IZN4vqWbExGrGnT65WeQNJyM8zwaU2,2.415718,4.347316999999999,3.373135
114600,a/7q4oLh2Ews+7tMcFv6xjLGU0sqCX+ac3IZN4vqWbExGrGnT65WeQNJyM8zwaU2,1.982257,5.124516000000001,3.102947
114900,a/7q4oLh2Ews+7tMcFv6xjLGU0sqCX+ac3IZN4vqWbExGrGnT65WeQNJyM8zwaU2,2.707791,4.405001,3.3963970000000003
115200,a/7q4oLh2Ews+7tMcFv6xjLGU0sqCX+ac3IZN4vqWbExGrGnT65WeQNJyM8zwaU2,2.5365130000000002,4.408475,3.397668
115500,a/7q4oLh2Ews+7tMcFv6xjLGU0sqCX+ac3IZN4vqWbExGrGnT65WeQNJyM8zwaU2,2.4168,5.012741,3.39151
115800,a/7q4oLh2Ews+7tMcFv6xjLGU0sqCX+ac3IZN4vqWbExGrGnT65WeQNJyM8zwaU2,2.637429,4.057857,3.403602
116100,a/7q4oLh2Ews+7tMcFv6xjLGU0sqCX+ac3IZN4vqWbExGrGnT65WeQNJyM8zwaU2,1.7970169999999999,4.536043,3.2616549999999997
116400,a/7q4oLh2Ews+7tMcFv6xjLGU0sqCX+ac3IZN4vqWbExGrGnT65WeQNJyM8zwaU2,2.408686,4.982736,3.284853
116700,a/7q4oLh2Ews+7tMcFv6xjLGU0sqCX+ac3IZN4vqWbExGrGnT65WeQNJyM8zwaU2,2.784667,4.351306,3.4822269999999995
117000,a/7q4oLh2Ews+7tMcFv6xjLGU0sqCX+ac3IZN4vqWbExGrGnT65WeQNJyM8zwaU2,2.448432,4.655988,3.278911
117300,a/7q4oLh2Ews+7tMcFv6xjLGU0sqCX+ac3IZN4vqWbExGrGnT65WeQNJyM8zwaU2,2.43833,24.156233,5.351689
117600,a/7q4oLh2Ews+7tMcFv6xjLGU0sqCX+ac3IZN4vqWbExGrGnT65WeQNJyM8zwaU2,2.223106,4.077166,3.3119620000000003
117900,a/7q4oLh2Ews+7tMcFv6xjLGU0sqCX+ac3IZN4vqWbExGrGnT65WeQNJyM8zwaU2,2.57233,4.433408,3.4035550000000003
118200,a/7q4oLh2Ews+7tMcFv6xjLGU0sqCX+ac3IZN4vqWbExGrGnT65WeQNJyM8zwaU2,2.261714,3.938216,2.989643
118500,a/7q4oLh2Ews+7tMcFv6xjLGU0sqCX+ac3IZN4vqWbExGrGnT65WeQNJyM8zwaU2,2.589501,4.629787,3.545031
118800,a/7q4oLh2Ews+7tMcFv6xjLGU0sqCX+ac3IZN4vqWbExGrGnT65WeQNJyM8zwaU2,2.6142119999999998,4.558157,3.330659
119100,a/7q4oLh2Ews+7tMcFv6xjLGU0sqCX+ac3IZN4vqWbExGrGnT65WeQNJyM8zwaU2,2.441595,5.05043,3.456115
119400,a/7q4oLh2Ews+7tMcFv6xjLGU0sqCX+ac3IZN4vqWbExGrGnT65WeQNJyM8zwaU2,1.8131580000000003,4.032733,3.20567
119700,a/7q4oLh2Ews+7tMcFv6xjLGU0sqCX+ac3IZN4vqWbExGrGnT65WeQNJyM8zwaU2,2.4893650000000003,4.5304269999999995,3.4433519999999995
120000,a/7q4oLh2Ews+7tMcFv6xjLGU0sqCX+ac3IZN4vqWbExGrGnT65WeQNJyM8zwaU2,2.5158150000000004,4.848788,3.222711
120300,a/7q4oLh2Ews+7tMcFv6xjLGU0sqCX+ac3IZN4vqWbExGrGnT65WeQNJyM8zwaU2,2.636261,4.525265,3.5254849999999998
120600,a/7q4oLh2Ews+7tMcFv6xjLGU0sqCX+ac3IZN4vqWbExGrGnT65WeQNJyM8zwaU2,2.537729,5.462693,3.4717870000000004
120900,a/7q4oLh2Ews+7tMcFv6xjLGU0sqCX+ac3IZN4vqWbExGrGnT65WeQNJyM8zwaU2,2.520116,25.341264000000002,5.445212000000001
121200,a/7q4oLh2Ews+7tMcFv6xjLGU0sqCX+ac3IZN4vqWbExGrGnT65WeQNJyM8zwaU2,2.55746,4.31605,3.483446
121500,a/7q4oLh2Ews+7tMcFv6xjLGU0sqCX+ac3IZN4vqWbExGrGnT65WeQNJyM8zwaU2,2.306406,5.600022,3.272026
121800,a/7q4oLh2Ews+7tMcFv6xjLGU0sqCX+ac3IZN4vqWbExGrGnT65WeQNJyM8zwaU2,2.507186,4.099931,3.4241099999999998
122100,a/7q4oLh2Ews+7tMcFv6xjLGU0sqCX+ac3IZN4vqWbExGrGnT65WeQNJyM8zwaU2,2.683386,27.156162,5.895075
122400,a/7q4oLh2Ews+7tMcFv6xjLGU0sqCX+ac3IZN4vqWbExGrGnT65WeQNJyM8zwaU2,2.741525,34.635931,10.091497
122700,a/7q4oLh2Ews+7tMcFv6xjLGU0sqCX+ac3IZN4vqWbExGrGnT65WeQNJyM8zwaU2,2.604781,4.872246,3.5257449999999997
123000,a/7q4oLh2Ews+7tMcFv6xjLGU0sqCX+ac3IZN4vqWbExGrGnT65WeQNJyM8zwaU2,2.7371830000000004,4.538202,3.4590699999999996
123300,a/7q4oLh2Ews+7tMcFv6xjLGU0sqCX+ac3IZN4vqWbExGrGnT65WeQNJyM8zwaU2,1.960005,5.906921,3.3985230000000004
123600,a/7q4oLh2Ews+7tMcFv6xjLGU0sqCX+ac3IZN4vqWbExGrGnT65WeQNJyM8zwaU2,1.8609099999999998,4.333985,3.163312
123900,a/7q4oLh2Ews+7tMcFv6xjLGU0sqCX+ac3IZN4vqWbExGrGnT65WeQNJyM8zwaU2,2.643943,4.760383999999999,3.460062
124200,a/7q4oLh2Ews+7tMcFv6xjLGU0sqCX+ac3IZN4vqWbExGrGnT65WeQNJyM8zwaU2,2.299077,5.258519000000001,3.203758
124500,a/7q4oLh2Ews+7tMcFv6xjLGU0sqCX+ac3IZN4vqWbExGrGnT65WeQNJyM8zwaU2,2.4727509999999997,17.935464,4.684174
124800,a/7q4oLh2Ews+7tMcFv6xjLGU0sqCX+ac3IZN4vqWbExGrGnT65WeQNJyM8zwaU2,2.6498009999999996,10.328808,4.1158660000000005
125100,a/7q4oLh2Ews+7tMcFv6xjLGU0sqCX+ac3IZN4vqWbExGrGnT65WeQNJyM8zwaU2,2.521029,5.5582400000000005,3.425122
125400,a/7q4oLh2Ews+7tMcFv6xjLGU0sqCX+ac3IZN4vqWbExGrGnT65WeQNJyM8zwaU2,2.495816,4.155885,3.250245
125700,a/7q4oLh2Ews+7tMcFv6xjLGU0sqCX+ac3IZN4vqWbExGrGnT65WeQNJyM8zwaU2,2.677073,4.459808,3.481461
126000,a/7q4oLh2Ews+7tMcFv6xjLGU0sqCX+ac3IZN4vqWbExGrGnT65WeQNJyM8zwaU2,2.582548,5.280406,3.419826
126300,a/7q4oLh2Ews+7tMcFv6xjLGU0sqCX+ac3IZN4vqWbExGrGnT65WeQNJyM8zwaU2,2.274451,4.425206,3.324547
126600,a/7q4oLh2Ews+7tMcFv6xjLGU0sqCX+ac3IZN4vqWbExGrGnT65WeQNJyM8zwaU2,2.7684290000000003,5.071624,3.500462
126900,a/7q4oLh2Ews+7tMcFv6xjLGU0sqCX+ac3IZN4vqWbExGrGnT65WeQNJyM8zwaU2,1.993782,6.142347,3.4343160000000004
127200,a/7q4oLh2Ews+7tMcFv6xjLGU0sqCX+ac3IZN4vqWbExGrGnT65WeQNJyM8zwaU2,2.652113,4.4122580000000005,3.365968
127500,a/7q4oLh2Ews+7tMcFv6xjLGU0sqCX+ac3IZN4vqWbExGrGnT65WeQNJyM8zwaU2,2.183703,4.667543,3.4737169999999997
127800,a/7q4oLh2Ews+7tMcFv6xjLGU0sqCX+ac3IZN4vqWbExGrGnT65WeQNJyM8zwaU2,2.551758,5.443675,3.48326
128100,a/7q4oLh2Ews+7tMcFv6xjLGU0sqCX+ac3IZN4vqWbExGrGnT65WeQNJyM8zwaU2,1.970651,4.693859,3.3899559999999997
128400,a/7q4oLh2Ews+7tMcFv6xjLGU0sqCX+ac3IZN4vqWbExGrGnT65WeQNJyM8zwaU2,2.693662,23.760362,5.60418
128700,a/7q4oLh2Ews+7tMcFv6xjLGU0sqCX+ac3IZN4vqWbExGrGnT65WeQNJyM8zwaU2,3.052701,5.834366,3.559864
129000,a/7q4oLh2Ews+7tMcFv6xjLGU0sqCX+ac3IZN4vqWbExGrGnT65WeQNJyM8zwaU2,2.590494,7.243555000000001,3.718825
129300,a/7q4oLh2Ews+7tMcFv6xjLGU0sqCX+ac3IZN4vqWbExGrGnT65WeQNJyM8zwaU2,2.877456,4.836258,3.573869
129600,a/7q4oLh2Ews+7tMcFv6xjLGU0sqCX+ac3IZN4vqWbExGrGnT65WeQNJyM8zwaU2,2.109801,5.232385,3.3504959999999997
129900,a/7q4oLh2Ews+7tMcFv6xjLGU0sqCX+ac3IZN4vqWbExGrGnT65WeQNJyM8zwaU2,2.441898,4.376787,3.4689010000000002
130200,a/7q4oLh2Ews+7tMcFv6xjLGU0sqCX+ac3IZN4vqWbExGrGnT65WeQNJyM8zwaU2,2.290021,4.658194,3.3911839999999995
130500,a/7q4oLh2Ews+7tMcFv6xjLGU0sqCX+ac3IZN4vqWbExGrGnT65WeQNJyM8zwaU2,2.592284,5.547092,3.461903
130800,a/7q4oLh2Ews+7tMcFv6xjLGU0sqCX+ac3IZN4vqWbExGrGnT65WeQNJyM8zwaU2,2.628245,4.634265,3.338768
131100,a/7q4oLh2Ews+7tMcFv6xjLGU0sqCX+ac3IZN4vqWbExGrGnT65WeQNJyM8zwaU2,2.6016619999999997,4.573592,3.488164
131400,a/7q4oLh2Ews+7tMcFv6xjLGU0sqCX+ac3IZN4vqWbExGrGnT65WeQNJyM8zwaU2,2.145359,5.745042,3.430354
131700,a/7q4oLh2Ews+7tMcFv6xjLGU0sqCX+ac3IZN4vqWbExGrGnT65WeQNJyM8zwaU2,1.984384,4.314501,3.2121779999999998
132000,a/7q4oLh2Ews+7tMcFv6xjLGU0sqCX+ac3IZN4vqWbExGrGnT65WeQNJyM8zwaU2,2.835076,23.897377,5.540143
132300,a/7q4oLh2Ews+7tMcFv6xjLGU0sqCX+ac3IZN4vqWbExGrGnT65WeQNJyM8zwaU2,2.772291,5.405414,3.507676
132600,a/7q4oLh2Ews+7tMcFv6xjLGU0sqCX+ac3IZN4vqWbExGrGnT65WeQNJyM8zwaU2,2.526758,4.272735,3.320778
132900,a/7q4oLh2Ews+7tMcFv6xjLGU0sqCX+ac3IZN4vqWbExGrGnT65WeQNJyM8zwaU2,2.101846,4.593494000000001,3.502846
133200,a/7q4oLh2Ews+7tMcFv6xjLGU0sqCX+ac3IZN4vqWbExGrGnT65WeQNJyM8zwaU2,2.665971,4.860289,3.420437
133500,a/7q4oLh2Ews+7tMcFv6xjLGU0sqCX+ac3IZN4vqWbExGrGnT65WeQNJyM8zwaU2,1.9642080000000002,4.124111,3.145245
133800,a/7q4oLh2Ews+7tMcFv6xjLGU0sqCX+ac3IZN4vqWbExGrGnT65WeQNJyM8zwaU2,2.666864,4.786912,3.578155
134100,a/7q4oLh2Ews+7tMcFv6xjLGU0sqCX+ac3IZN4vqWbExGrGnT65WeQNJyM8zwaU2,2.213889,4.665526,3.485302
134400,a/7q4oLh2Ews+7tMcFv6xjLGU0sqCX+ac3IZN4vqWbExGrGnT65WeQNJyM8zwaU2,2.498617,4.059316,3.169794
134700,a/7q4oLh2Ews+7tMcFv6xjLGU0sqCX+ac3IZN4vqWbExGrGnT65WeQNJyM8zwaU2,2.8215630000000003,4.871619,3.666947
135000,a/7q4oLh2Ews+7tMcFv6xjLGU0sqCX+ac3IZN4vqWbExGrGnT65WeQNJyM8zwaU2,2.7194599999999998,4.803057,3.5263660000000003
135300,a/7q4oLh2Ews+7tMcFv6xjLGU0sqCX+ac3IZN4vqWbExGrGnT65WeQNJyM8zwaU2,2.662802,4.573664,3.4184980000000005
135600,a/7q4oLh2Ews+7tMcFv6xjLGU0sqCX+ac3IZN4vqWbExGrGnT65WeQNJyM8zwaU2,2.431868,14.754904000000002,5.655149
135900,a/7q4oLh2Ews+7tMcFv6xjLGU0sqCX+ac3IZN4vqWbExGrGnT65WeQNJyM8zwaU2,2.589905,4.675194,3.391193
136200,a/7q4oLh2Ews+7tMcFv6xjLGU0sqCX+ac3IZN4vqWbExGrGnT65WeQNJyM8zwaU2,2.6612400000000003,4.159294,3.229098
136500,a/7q4oLh2Ews+7tMcFv6xjLGU0sqCX+ac3IZN4vqWbExGrGnT65WeQNJyM8zwaU2,2.7671419999999998,4.958318,3.713744
136800,a/7q4oLh2Ews+7tMcFv6xjLGU0sqCX+ac3IZN4vqWbExGrGnT65WeQNJyM8zwaU2,2.3224400000000003,5.035671,3.472989
137100,a/7q4oLh2Ews+7tMcFv6xjLGU0sqCX+ac3IZN4vqWbExGrGnT65WeQNJyM8zwaU2,2.522589,4.333606,3.263782
137400,a/7q4oLh2Ews+7tMcFv6xjLGU0sqCX+ac3IZN4vqWbExGrGnT65WeQNJyM8zwaU2,2.645304,4.94629,3.4973
137700,a/7q4oLh2Ews+7tMcFv6xjLGU0sqCX+ac3IZN4vqWbExGrGnT65WeQNJyM8zwaU2,2.378131,4.611568,3.4119410000000006
138000,a/7q4oLh2Ews+7tMcFv6xjLGU0sqCX+ac3IZN4vqWbExGrGnT65WeQNJyM8zwaU2,2.54429,4.377059,3.32542
138300,a/7q4oLh2Ews+7tMcFv6xjLGU0sqCX+ac3IZN4vqWbExGrGnT65WeQNJyM8zwaU2,2.494728,4.817595,3.6845449999999995
138600,a/7q4oLh2Ews+7tMcFv6xjLGU0sqCX+ac3IZN4vqWbExGrGnT65WeQNJyM8zwaU2,2.656797,4.9463870000000005,3.572202
138900,a/7q4oLh2Ews+7tMcFv6xjLGU0sqCX+ac3IZN4vqWbExGrGnT65WeQNJyM8zwaU2,2.510081,4.430077,3.3761650000000003
139200,a/7q4oLh2Ews+7tMcFv6xjLGU0sqCX+ac3IZN4vqWbExGrGnT65WeQNJyM8zwaU2,2.666651,24.636031,5.59785
139500,a/7q4oLh2Ews+7tMcFv6xjLGU0sqCX+ac3IZN4vqWbExGrGnT65WeQNJyM8zwaU2,2.912475,4.849957,3.5611349999999997
139800,a/7q4oLh2Ews+7tMcFv6xjLGU0sqCX+ac3IZN4vqWbExGrGnT65WeQNJyM8zwaU2,2.632141,4.228056,3.3296919999999997
140100,a/7q4oLh2Ews+7tMcFv6xjLGU0sqCX+ac3IZN4vqWbExGrGnT65WeQNJyM8zwaU2,2.719347,4.9012839999999995,3.5795980000000003
140400,a/7q4oLh2Ews+7tMcFv6xjLGU0sqCX+ac3IZN4vqWbExGrGnT65WeQNJyM8zwaU2,2.2170520000000002,4.725308,3.350163
140700,a/7q4oLh2Ews+7tMcFv6xjLGU0sqCX+ac3IZN4vqWbExGrGnT65WeQNJyM8zwaU2,2.702849,4.366827,3.2820989999999997
141000,a/7q4oLh2Ews+7tMcFv6xjLGU0sqCX+ac3IZN4vqWbExGrGnT65WeQNJyM8zwaU2,2.105614,4.786636,3.4103760000000003
141300,a/7q4oLh2Ews+7tMcFv6xjLGU0sqCX+ac3IZN4vqWbExGrGnT65WeQNJyM8zwaU2,2.6284669999999997,4.743615,3.437953
141600,a/7q4oLh2Ews+7tMcFv6xjLGU0sqCX+ac3IZN4vqWbExGrGnT65WeQNJyM8zwaU2,2.416497,4.147143,3.16862
141900,a/7q4oLh2Ews+7tMcFv6xjLGU0sqCX+ac3IZN4vqWbExGrGnT65WeQNJyM8zwaU2,2.741704,5.070379,3.7008330000000003
142200,a/7q4oLh2Ews+7tMcFv6xjLGU0sqCX+ac3IZN4vqWbExGrGnT65WeQNJyM8zwaU2,2.223204,4.536698,3.3027699999999998
142500,a/7q4oLh2Ews+7tMcFv6xjLGU0sqCX+ac3IZN4vqWbExGrGnT65WeQNJyM8zwaU2,2.348862,4.3207,3.132229
142800,a/7q4oLh2Ews+7tMcFv6xjLGU0sqCX+ac3IZN4vqWbExGrGnT65WeQNJyM8zwaU2,2.84327,24.532684,5.564382
143100,a/7q4oLh2Ews+7tMcFv6xjLGU0sqCX+ac3IZN4vqWbExGrGnT65WeQNJyM8zwaU2,2.602313,4.69787,3.3884279999999998
143400,a/7q4oLh2Ews+7tMcFv6xjLGU0sqCX+ac3IZN4vqWbExGrGnT65WeQNJyM8zwaU2,2.517354,4.130024,3.146776
143700,a/7q4oLh2Ews+7tMcFv6xjLGU0sqCX+ac3IZN4vqWbExGrGnT65WeQNJyM8zwaU2,2.212196,4.801152,3.4863769999999996
144000,a/7q4oLh2Ews+7tMcFv6xjLGU0sqCX+ac3IZN4vqWbExGrGnT65WeQNJyM8zwaU2,2.5452169999999996,4.605648,3.293346
144300,a/7q4oLh2Ews+7tMcFv6xjLGU0sqCX+ac3IZN4vqWbExGrGnT65WeQNJyM8zwaU2,2.642518,6.548302,3.59029
144600,a/7q4oLh2Ews+7tMcFv6xjLGU0sqCX+ac3IZN4vqWbExGrGnT65WeQNJyM8zwaU2,2.598441,4.752642,3.4985809999999997
144900,a/7q4oLh2Ews+7tMcFv6xjLGU0sqCX+ac3IZN4vqWbExGrGnT65WeQNJyM8zwaU2,2.67967,4.746674,3.525275
145200,a/7q4oLh2Ews+7tMcFv6xjLGU0sqCX+ac3IZN4vqWbExGrGnT65WeQNJyM8zwaU2,2.56245,3.9083639999999997,3.12587
145500,a/7q4oLh2Ews+7tMcFv6xjLGU0sqCX+ac3IZN4vqWbExGrGnT65WeQNJyM8zwaU2,2.996116,7.461672,3.950179
145800,a/7q4oLh2Ews+7tMcFv6xjLGU0sqCX+ac3IZN4vqWbExGrGnT65WeQNJyM8zwaU2,1.9954759999999998,4.282623,3.218296
146100,a/7q4oLh2Ews+7tMcFv6xjLGU0sqCX+ac3IZN4vqWbExGrGnT65WeQNJyM8zwaU2,2.628055,4.687668,3.255641
146400,a/7q4oLh2Ews+7tMcFv6xjLGU0sqCX+ac3IZN4vqWbExGrGnT65WeQNJyM8zwaU2,2.571151,17.237509,5.551611
146700,a/7q4oLh2Ews+7tMcFv6xjLGU0sqCX+ac3IZN4vqWbExGrGnT65WeQNJyM8zwaU2,2.686516,4.632964,3.394771
147000,a/7q4oLh2Ews+7tMcFv6xjLGU0sqCX+ac3IZN4vqWbExGrGnT65WeQNJyM8zwaU2,2.4589090000000002,4.48324,3.115542
147300,a/7q4oLh2Ews+7tMcFv6xjLGU0sqCX+ac3IZN4vqWbExGrGnT65WeQNJyM8zwaU2,2.721213,5.907543,3.611469
147600,a/7q4oLh2Ews+7tMcFv6xjLGU0sqCX+ac3IZN4vqWbExGrGnT65WeQNJyM8zwaU2,2.792661,5.040443,3.557061
147900,a/7q4oLh2Ews+7tMcFv6xjLGU0sqCX+ac3IZN4vqWbExGrGnT65WeQNJyM8zwaU2,2.034118,4.836937,3.2234
148200,a/7q4oLh2Ews+7tMcFv6xjLGU0sqCX+ac3IZN4vqWbExGrGnT65WeQNJyM8zwaU2,2.574339,5.515494,3.721566
148500,a/7q4oLh2Ews+7tMcFv6xjLGU0sqCX+ac3IZN4vqWbExGrGnT65WeQNJyM8zwaU2,2.16847,4.727922,3.479628
148800,a/7q4oLh2Ews+7tMcFv6xjLGU0sqCX+ac3IZN4vqWbExGrGnT65WeQNJyM8zwaU2,2.718366,4.660497,3.279261
149100,a/7q4oLh2Ews+7tMcFv6xjLGU0sqCX+ac3IZN4vqWbExGrGnT65WeQNJyM8zwaU2,2.734222,5.649707,3.713857
149400,a/7q4oLh2Ews+7tMcFv6xjLGU0sqCX+ac3IZN4vqWbExGrGnT65WeQNJyM8zwaU2,2.659437,4.609783999999999,3.4798940000000003
149700,a/7q4oLh2Ews+7tMcFv6xjLGU0sqCX+ac3IZN4vqWbExGrGnT65WeQNJyM8zwaU2,2.3686700000000003,4.388738,3.255667
150000,a/7q4oLh2Ews+7tMcFv6xjLGU0sqCX+ac3IZN4vqWbExGrGnT65WeQNJyM8zwaU2,2.791173,31.964596999999998,8.447458000000001
150300,a/7q4oLh2Ews+7tMcFv6xjLGU0sqCX+ac3IZN4vqWbExGrGnT65WeQNJyM8zwaU2,2.671933,4.708787,3.5928949999999995
150600,a/7q4oLh2Ews+7tMcFv6xjLGU0sqCX+ac3IZN4vqWbExGrGnT65WeQNJyM8zwaU2,2.20674,4.8448080000000004,3.218311
150900,a/7q4oLh2Ews+7tMcFv6xjLGU0sqCX+ac3IZN4vqWbExGrGnT65WeQNJyM8zwaU2,2.951749,5.8836,3.7893480000000004
151200,a/7q4oLh2Ews+7tMcFv6xjLGU0sqCX+ac3IZN4vqWbExGrGnT65WeQNJyM8zwaU2,2.3054930000000002,42.931453999999995,8.808864
151500,a/7q4oLh2Ews+7tMcFv6xjLGU0sqCX+ac3IZN4vqWbExGrGnT65WeQNJyM8zwaU2,2.509849,4.594819,3.3363379999999996
151800,a/7q4oLh2Ews+7tMcFv6xjLGU0sqCX+ac3IZN4vqWbExGrGnT65WeQNJyM8zwaU2,2.4752330000000002,5.09312,3.507847
152100,a/7q4oLh2Ews+7tMcFv6xjLGU0sqCX+ac3IZN4vqWbExGrGnT65WeQNJyM8zwaU2,2.610806,4.38556,3.432517
152400,a/7q4oLh2Ews+7tMcFv6xjLGU0sqCX+ac3IZN4vqWbExGrGnT65WeQNJyM8zwaU2,2.3999770000000002,4.516303,3.104082
152700,a/7q4oLh2Ews+7tMcFv6xjLGU0sqCX+ac3IZN4vqWbExGrGnT65WeQNJyM8zwaU2,2.799096,5.701091,3.633263
153000,a/7q4oLh2Ews+7tMcFv6xjLGU0sqCX+ac3IZN4vqWbExGrGnT65WeQNJyM8zwaU2,2.538201,4.521692,3.477621
153300,a/7q4oLh2Ews+7tMcFv6xjLGU0sqCX+ac3IZN4vqWbExGrGnT65WeQNJyM8zwaU2,2.494981,4.348576,3.181103
153600,a/7q4oLh2Ews+7tMcFv6xjLGU0sqCX+ac3IZN4vqWbExGrGnT65WeQNJyM8zwaU2,3.0379389999999997,23.840994,5.650483
153900,a/7q4oLh2Ews+7tMcFv6xjLGU0sqCX+ac3IZN4vqWbExGrGnT65WeQNJyM8zwaU2,2.4667779999999997,4.296638,3.3520260000000004
154200,a/7q4oLh2Ews+7tMcFv6xjLGU0sqCX+ac3IZN4vqWbExGrGnT65WeQNJyM8zwaU2,2.5445990000000003,4.772173,3.289561
154500,a/7q4oLh2Ews+7tMcFv6xjLGU0sqCX+ac3IZN4vqWbExGrGnT65WeQNJyM8zwaU2,3.1497080000000004,5.589971,3.7968580000000003
154800,a/7q4oLh2Ews+7tMcFv6xjLGU0sqCX+ac3IZN4vqWbExGrGnT65WeQNJyM8zwaU2,2.690375,4.265813,3.490828
155100,a/7q4oLh2Ews+7tMcFv6xjLGU0sqCX+ac3IZN4vqWbExGrGnT65WeQNJyM8zwaU2,2.464912,4.508123,3.322543
155400,a/7q4oLh2Ews+7tMcFv6xjLGU0sqCX+ac3IZN4vqWbExGrGnT65WeQNJyM8zwaU2,2.7584869999999997,5.263008,3.534732
155700,a/7q4oLh2Ews+7tMcFv6xjLGU0sqCX+ac3IZN4vqWbExGrGnT65WeQNJyM8zwaU2,2.428477,5.054074,3.5191199999999996
156000,a/7q4oLh2Ews+7tMcFv6xjLGU0sqCX+ac3IZN4vqWbExGrGnT65WeQNJyM8zwaU2,2.538842,4.586939,3.407774
156300,a/7q4oLh2Ews+7tMcFv6xjLGU0sqCX+ac3IZN4vqWbExGrGnT65WeQNJyM8zwaU2,3.090763,5.469418,3.607024
156600,a/7q4oLh2Ews+7tMcFv6xjLGU0sqCX+ac3IZN4vqWbExGrGnT65WeQNJyM8zwaU2,2.751948,4.270745,3.541154
156900,a/7q4oLh2Ews+7tMcFv6xjLGU0sqCX+ac3IZN4vqWbExGrGnT65WeQNJyM8zwaU2,2.566592,4.1010029999999995,3.361679
157200,a/7q4oLh2Ews+7tMcFv6xjLGU0sqCX+ac3IZN4vqWbExGrGnT65WeQNJyM8zwaU2,2.807144,24.009453,5.983962
157500,a/7q4oLh2Ews+7tMcFv6xjLGU0sqCX+ac3IZN4vqWbExGrGnT65WeQNJyM8zwaU2,2.62032,4.236842,3.314279
157800,a/7q4oLh2Ews+7tMcFv6xjLGU0sqCX+ac3IZN4vqWbExGrGnT65WeQNJyM8zwaU2,2.521674,4.3155269999999994,3.463606
158100,a/7q4oLh2Ews+7tMcFv6xjLGU0sqCX+ac3IZN4vqWbExGrGnT65WeQNJyM8zwaU2,2.637581,4.941764,3.635681
158400,a/7q4oLh2Ews+7tMcFv6xjLGU0sqCX+ac3IZN4vqWbExGrGnT65WeQNJyM8zwaU2,2.615965,6.741799,3.5323860000000002
158700,a/7q4oLh2Ews+7tMcFv6xjLGU0sqCX+ac3IZN4vqWbExGrGnT65WeQNJyM8zwaU2,2.363713,4.343707,3.325765
159000,a/7q4oLh2Ews+7tMcFv6xjLGU0sqCX+ac3IZN4vqWbExGrGnT65WeQNJyM8zwaU2,2.778108,5.003343,3.5694120000000003
159300,a/7q4oLh2Ews+7tMcFv6xjLGU0sqCX+ac3IZN4vqWbExGrGnT65WeQNJyM8zwaU2,2.196126,4.943841,3.390826
159600,a/7q4oLh2Ews+7tMcFv6xjLGU0sqCX+ac3IZN4vqWbExGrGnT65WeQNJyM8zwaU2,2.746053,4.082923,3.4880699999999996
159900,a/7q4oLh2Ews+7tMcFv6xjLGU0sqCX+ac3IZN4vqWbExGrGnT65WeQNJyM8zwaU2,2.001566,4.739197,3.510241
160200,a/7q4oLh2Ews+7tMcFv6xjLGU0sqCX+ac3IZN4vqWbExGrGnT65WeQNJyM8zwaU2,2.496766,4.764607,3.3899559999999997
160500,a/7q4oLh2Ews+7tMcFv6xjLGU0sqCX+ac3IZN4vqWbExGrGnT65WeQNJyM8zwaU2,2.150328,4.186099,3.3963370000000004
160800,a/7q4oLh2Ews+7tMcFv6xjLGU0sqCX+ac3IZN4vqWbExGrGnT65WeQNJyM8zwaU2,2.551584,24.128353,5.621616
161100,a/7q4oLh2Ews+7tMcFv6xjLGU0sqCX+ac3IZN4vqWbExGrGnT65WeQNJyM8zwaU2,2.520927,4.813103,3.189654
161400,a/7q4oLh2Ews+7tMcFv6xjLGU0sqCX+ac3IZN4vqWbExGrGnT65WeQNJyM8zwaU2,2.546496,4.135559,3.3346
161700,a/7q4oLh2Ews+7tMcFv6xjLGU0sqCX+ac3IZN4vqWbExGrGnT65WeQNJyM8zwaU2,2.629717,4.956837999999999,3.629667
162000,a/7q4oLh2Ews+7tMcFv6xjLGU0sqCX+ac3IZN4vqWbExGrGnT65WeQNJyM8zwaU2,2.085116,4.210102,3.168562
162300,a/7q4oLh2Ews+7tMcFv6xjLGU0sqCX+ac3IZN4vqWbExGrGnT65WeQNJyM8zwaU2,2.6628979999999998,4.157172,3.4431559999999997
162600,a/7q4oLh2Ews+7tMcFv6xjLGU0sqCX+ac3IZN4vqWbExGrGnT65WeQNJyM8zwaU2,2.116504,4.7924430000000005,3.3190510000000004
162900,a/7q4oLh2Ews+7tMcFv6xjLGU0sqCX+ac3IZN4vqWbExGrGnT65WeQNJyM8zwaU2,2.50756,4.671186,3.3015730000000003
163200,a/7q4oLh2Ews+7tMcFv6xjLGU0sqCX+ac3IZN4vqWbExGrGnT65WeQNJyM8zwaU2,2.476051,3.9924589999999998,3.3942919999999996
163500,a/7q4oLh2Ews+7tMcFv6xjLGU0sqCX+ac3IZN4vqWbExGrGnT65WeQNJyM8zwaU2,2.563063,4.762607,3.5848269999999998
163800,a/7q4oLh2Ews+7tMcFv6xjLGU0sqCX+ac3IZN4vqWbExGrGnT65WeQNJyM8zwaU2,2.600282,4.2849639999999996,3.230587
164100,a/7q4oLh2Ews+7tMcFv6xjLGU0sqCX+ac3IZN4vqWbExGrGnT65WeQNJyM8zwaU2,2.470933,86.491644,11.983961
164400,a/7q4oLh2Ews+7tMcFv6xjLGU0sqCX+ac3IZN4vqWbExGrGnT65WeQNJyM8zwaU2,2.631972,20.187006,5.831778
164700,a/7q4oLh2Ews+7tMcFv6xjLGU0sqCX+ac3IZN4vqWbExGrGnT65WeQNJyM8zwaU2,2.499375,4.497559,3.345743
165000,a/7q4oLh2Ews+7tMcFv6xjLGU0sqCX+ac3IZN4vqWbExGrGnT65WeQNJyM8zwaU2,2.6743669999999997,6.3641,3.7020760000000004
165300,a/7q4oLh2Ews+7tMcFv6xjLGU0sqCX+ac3IZN4vqWbExGrGnT65WeQNJyM8zwaU2,2.640181,4.792084,3.6341660000000005
165600,a/7q4oLh2Ews+7tMcFv6xjLGU0sqCX+ac3IZN4vqWbExGrGnT65WeQNJyM8zwaU2,2.529257,4.350752,3.2821029999999998
165900,a/7q4oLh2Ews+7tMcFv6xjLGU0sqCX+ac3IZN4vqWbExGrGnT65WeQNJyM8zwaU2,2.703366,4.402268,3.552594
166200,a/7q4oLh2Ews+7tMcFv6xjLGU0sqCX+ac3IZN4vqWbExGrGnT65WeQNJyM8zwaU2,2.57157,4.911487999999999,3.591761
166500,a/7q4oLh2Ews+7tMcFv6xjLGU0sqCX+ac3IZN4vqWbExGrGnT65WeQNJyM8zwaU2,2.411189,4.579218,3.167985
166800,a/7q4oLh2Ews+7tMcFv6xjLGU0sqCX+ac3IZN4vqWbExGrGnT65WeQNJyM8zwaU2,2.568655,3.929474,3.312478
167100,a/7q4oLh2Ews+7tMcFv6xjLGU0sqCX+ac3IZN4vqWbExGrGnT65WeQNJyM8zwaU2,2.521099,4.824914,3.591986
167400,a/7q4oLh2Ews+7tMcFv6xjLGU0sqCX+ac3IZN4vqWbExGrGnT65WeQNJyM8zwaU2,2.498861,4.276071,3.407311
167700,a/7q4oLh2Ews+7tMcFv6xjLGU0sqCX+ac3IZN4vqWbExGrGnT65WeQNJyM8zwaU2,2.618824,4.302014,3.4938379999999998
168000,a/7q4oLh2Ews+7tMcFv6xjLGU0sqCX+ac3IZN4vqWbExGrGnT65WeQNJyM8zwaU2,2.620581,23.507443,5.497794
168300,a/7q4oLh2Ews+7tMcFv6xjLGU0sqCX+ac3IZN4vqWbExGrGnT65WeQNJyM8zwaU2,2.573297,4.400154,3.2798239999999996
168600,a/7q4oLh2Ews+7tMcFv6xjLGU0sqCX+ac3IZN4vqWbExGrGnT65WeQNJyM8zwaU2,2.328893,4.582416,3.544928
168900,a/7q4oLh2Ews+7tMcFv6xjLGU0sqCX+ac3IZN4vqWbExGrGnT65WeQNJyM8zwaU2,2.623005,4.8582849999999995,3.830343
169200,a/7q4oLh2Ews+7tMcFv6xjLGU0sqCX+ac3IZN4vqWbExGrGnT65WeQNJyM8zwaU2,2.4977169999999997,15.604592000000002,6.640938
169500,a/7q4oLh2Ews+7tMcFv6xjLGU0sqCX+ac3IZN4vqWbExGrGnT65WeQNJyM8zwaU2,2.29327,5.034587999999999,3.4677580000000003
169800,a/7q4oLh2Ews+7tMcFv6xjLGU0sqCX+ac3IZN4vqWbExGrGnT65WeQNJyM8zwaU2,2.704177,4.279391,3.673459
170100,a/7q4oLh2Ews+7tMcFv6xjLGU0sqCX+ac3IZN4vqWbExGrGnT65WeQNJyM8zwaU2,2.715635,4.88357,3.4353
170400,a/7q4oLh2Ews+7tMcFv6xjLGU0sqCX+ac3IZN4vqWbExGrGnT65WeQNJyM8zwaU2,2.794425,4.800201,3.441376
170700,a/7q4oLh2Ews+7tMcFv6xjLGU0sqCX+ac3IZN4vqWbExGrGnT65WeQNJyM8zwaU2,2.361916,4.590193,3.525032
171000,a/7q4oLh2Ews+7tMcFv6xjLGU0sqCX+ac3IZN4vqWbExGrGnT65WeQNJyM8zwaU2,2.578336,5.262751000000001,3.5218339999999997
171300,a/7q4oLh2Ews+7tMcFv6xjLGU0sqCX+ac3IZN4vqWbExGrGnT65WeQNJyM8zwaU2,2.290849,5.490406,3.4497989999999996
171600,a/7q4oLh2Ews+7tMcFv6xjLGU0sqCX+ac3IZN4vqWbExGrGnT65WeQNJyM8zwaU2,2.920692,23.583073000000002,5.737182
171900,a/7q4oLh2Ews+7tMcFv6xjLGU0sqCX+ac3IZN4vqWbExGrGnT65WeQNJyM8zwaU2,2.5094380000000003,4.885657,3.190664
172200,a/7q4oLh2Ews+7tMcFv6xjLGU0sqCX+ac3IZN4vqWbExGrGnT65WeQNJyM8zwaU2,2.361701,4.932548000000001,3.25069
172500,a/7q4oLh2Ews+7tMcFv6xjLGU0sqCX+ac3IZN4vqWbExGrGnT65WeQNJyM8zwaU2,2.512727,4.656369000000001,3.6246720000000003
172800,a/7q4oLh2Ews+7tMcFv6xjLGU0sqCX+ac3IZN4vqWbExGrGnT65WeQNJyM8zwaU2,2.522946,4.9400260000000005,3.3201519999999998
173100,a/7q4oLh2Ews+7tMcFv6xjLGU0sqCX+ac3IZN4vqWbExGrGnT65WeQNJyM8zwaU2,2.709561,5.062179,3.4100660000000005
173400,a/7q4oLh2Ews+7tMcFv6xjLGU0sqCX+ac3IZN4vqWbExGrGnT65WeQNJyM8zwaU2,2.6153,12.057141,4.284742
173700,a/7q4oLh2Ews+7tMcFv6xjLGU0sqCX+ac3IZN4vqWbExGrGnT65WeQNJyM8zwaU2,2.477304,4.601162,3.358969
174000,a/7q4oLh2Ews+7tMcFv6xjLGU0sqCX+ac3IZN4vqWbExGrGnT65WeQNJyM8zwaU2,2.457693,4.757976,3.3068230000000005
174300,a/7q4oLh2Ews+7tMcFv6xjLGU0sqCX+ac3IZN4vqWbExGrGnT65WeQNJyM8zwaU2,2.765111,4.423258000000001,3.5704
174600,a/7q4oLh2Ews+7tMcFv6xjLGU0sqCX+ac3IZN4vqWbExGrGnT65WeQNJyM8zwaU2,2.007966,5.049657,3.106202
174900,a/7q4oLh2Ews+7tMcFv6xjLGU0sqCX+ac3IZN4vqWbExGrGnT65WeQNJyM8zwaU2,2.387812,5.256037999999999,3.37804
175200,a/7q4oLh2Ews+7tMcFv6xjLGU0sqCX+ac3IZN4vqWbExGrGnT65WeQNJyM8zwaU2,2.7201049999999998,18.448941,5.640625
175500,a/7q4oLh2Ews+7tMcFv6xjLGU0sqCX+ac3IZN4vqWbExGrGnT65WeQNJyM8zwaU2,2.074924,4.717803,3.276786
175800,a/7q4oLh2Ews+7tMcFv6xjLGU0sqCX+ac3IZN4vqWbExGrGnT65WeQNJyM8zwaU2,2.793776,4.962839,3.483403
176100,a/7q4oLh2Ews+7tMcFv6xjLGU0sqCX+ac3IZN4vqWbExGrGnT65WeQNJyM8zwaU2,2.117359,4.822808,3.565936
176400,a/7q4oLh2Ews+7tMcFv6xjLGU0sqCX+ac3IZN4vqWbExGrGnT65WeQNJyM8zwaU2,2.756185,4.8603559999999995,3.339748
176700,a/7q4oLh2Ews+7tMcFv6xjLGU0sqCX+ac3IZN4vqWbExGrGnT65WeQNJyM8zwaU2,2.707838,5.187123000000001,3.4622660000000005
177000,a/7q4oLh2Ews+7tMcFv6xjLGU0sqCX+ac3IZN4vqWbExGrGnT65WeQNJyM8zwaU2,2.6594740000000003,4.501957,3.495365
177300,a/7q4oLh2Ews+7tMcFv6xjLGU0sqCX+ac3IZN4vqWbExGrGnT65WeQNJyM8zwaU2,2.587558,4.636371,3.176084
177600,a/7q4oLh2Ews+7tMcFv6xjLGU0sqCX+ac3IZN4vqWbExGrGnT65WeQNJyM8zwaU2,2.361602,4.9205239999999995,3.220411
177900,a/7q4oLh2Ews+7tMcFv6xjLGU0sqCX+ac3IZN4vqWbExGrGnT65WeQNJyM8zwaU2,2.8138490000000003,4.520251999999999,3.588082
178200,a/7q4oLh2Ews+7tMcFv6xjLGU0sqCX+ac3IZN4vqWbExGrGnT65WeQNJyM8zwaU2,1.937919,4.689234,3.180828
178500,a/7q4oLh2Ews+7tMcFv6xjLGU0sqCX+ac3IZN4vqWbExGrGnT65WeQNJyM8zwaU2,2.654471,5.41182,3.468071
178800,a/7q4oLh2Ews+7tMcFv6xjLGU0sqCX+ac3IZN4vqWbExGrGnT65WeQNJyM8zwaU2,1.867348,4.586817,3.3576449999999998
179100,a/7q4oLh2Ews+7tMcFv6xjLGU0sqCX+ac3IZN4vqWbExGrGnT65WeQNJyM8zwaU2,2.527929,4.83334,3.319485
179400,a/7q4oLh2Ews+7tMcFv6xjLGU0sqCX+ac3IZN4vqWbExGrGnT65WeQNJyM8zwaU2,2.589905,7.318960000000001,3.7492099999999997
179700,a/7q4oLh2Ews+7tMcFv6xjLGU0sqCX+ac3IZN4vqWbExGrGnT65WeQNJyM8zwaU2,2.555036,4.608586,3.570617
180000,a/7q4oLh2Ews+7tMcFv6xjLGU0sqCX+ac3IZN4vqWbExGrGnT65WeQNJyM8zwaU2,2.798778,46.154702,7.882637
180300,a/7q4oLh2Ews+7tMcFv6xjLGU0sqCX+ac3IZN4vqWbExGrGnT65WeQNJyM8zwaU2,2.5792770000000003,5.657719,3.3799059999999996
180600,a/7q4oLh2Ews+7tMcFv6xjLGU0sqCX+ac3IZN4vqWbExGrGnT65WeQNJyM8zwaU2,2.621165,4.479358,3.4838620000000002
180900,a/7q4oLh2Ews+7tMcFv6xjLGU0sqCX+ac3IZN4vqWbExGrGnT65WeQNJyM8zwaU2,1.916411,4.641113,3.24559
181200,a/7q4oLh2Ews+7tMcFv6xjLGU0sqCX+ac3IZN4vqWbExGrGnT65WeQNJyM8zwaU2,2.614843,4.837331,3.3789019999999996
181500,a/7q4oLh2Ews+7tMcFv6xjLGU0sqCX+ac3IZN4vqWbExGrGnT65WeQNJyM8zwaU2,1.96764,4.459728,3.323721
181800,a/7q4oLh2Ews+7tMcFv6xjLGU0sqCX+ac3IZN4vqWbExGrGnT65WeQNJyM8zwaU2,2.774448,4.6612279999999995,3.4059410000000003
182100,a/7q4oLh2Ews+7tMcFv6xjLGU0sqCX+ac3IZN4vqWbExGrGnT65WeQNJyM8zwaU2,2.675897,11.413542,4.359456
182400,a/7q4oLh2Ews+7tMcFv6xjLGU0sqCX+ac3IZN4vqWbExGrGnT65WeQNJyM8zwaU2,2.600006,24.75346,5.570703
182700,a/7q4oLh2Ews+7tMcFv6xjLGU0sqCX+ac3IZN4vqWbExGrGnT65WeQNJyM8zwaU2,2.6917,4.290011,3.391234
183000,a/7q4oLh2Ews+7tMcFv6xjLGU0sqCX+ac3IZN4vqWbExGrGnT65WeQNJyM8zwaU2,2.117915,4.482407,3.259907
183300,a/7q4oLh2Ews+7tMcFv6xjLGU0sqCX+ac3IZN4vqWbExGrGnT65WeQNJyM8zwaU2,2.569734,4.667446,3.4958739999999997
183600,a/7q4oLh2Ews+7tMcFv6xjLGU0sqCX+ac3IZN4vqWbExGrGnT65WeQNJyM8zwaU2,2.625917,4.404605999999999,3.473235
183900,a/7q4oLh2Ews+7tMcFv6xjLGU0sqCX+ac3IZN4vqWbExGrGnT65WeQNJyM8zwaU2,2.5300860000000003,4.86733,3.3870839999999998
184200,a/7q4oLh2Ews+7tMcFv6xjLGU0sqCX+ac3IZN4vqWbExGrGnT65WeQNJyM8zwaU2,1.791073,4.035563,3.145189
184500,a/7q4oLh2Ews+7tMcFv6xjLGU0sqCX+ac3IZN4vqWbExGrGnT65WeQNJyM8zwaU2,2.586672,4.493097,3.425699
184800,a/7q4oLh2Ews+7tMcFv6xjLGU0sqCX+ac3IZN4vqWbExGrGnT65WeQNJyM8zwaU2,2.704966,11.092227000000001,4.182069
185100,a/7q4oLh2Ews+7tMcFv6xjLGU0sqCX+ac3IZN4vqWbExGrGnT65WeQNJyM8zwaU2,2.780582,4.395935,3.4741150000000003
185400,a/7q4oLh2Ews+7tMcFv6xjLGU0sqCX+ac3IZN4vqWbExGrGnT65WeQNJyM8zwaU2,2.593772,4.8558959999999995,3.489957
185700,a/7q4oLh2Ews+7tMcFv6xjLGU0sqCX+ac3IZN4vqWbExGrGnT65WeQNJyM8zwaU2,1.952402,4.822669,3.269759
186000,a/7q4oLh2Ews+7tMcFv6xjLGU0sqCX+ac3IZN4vqWbExGrGnT65WeQNJyM8zwaU2,2.665701,19.110193,5.524491
186300,a/7q4oLh2Ews+7tMcFv6xjLGU0sqCX+ac3IZN4vqWbExGrGnT65WeQNJyM8zwaU2,2.261805,4.28251,3.3530230000000003
186600,a/7q4oLh2Ews+7tMcFv6xjLGU0sqCX+ac3IZN4vqWbExGrGnT65WeQNJyM8zwaU2,2.672872,4.7896790000000005,3.404749
186900,a/7q4oLh2Ews+7tMcFv6xjLGU0sqCX+ac3IZN4vqWbExGrGnT65WeQNJyM8zwaU2,2.798793,4.638849,3.432454
187200,a/7q4oLh2Ews+7tMcFv6xjLGU0sqCX+ac3IZN4vqWbExGrGnT65WeQNJyM8zwaU2,2.636463,4.317537000000001,3.423367
187500,a/7q4oLh2Ews+7tMcFv6xjLGU0sqCX+ac3IZN4vqWbExGrGnT65WeQNJyM8zwaU2,2.744098,11.036592,4.224528
187800,a/7q4oLh2Ews+7tMcFv6xjLGU0sqCX+ac3IZN4vqWbExGrGnT65WeQNJyM8zwaU2,2.664012,4.0542110000000005,3.4513160000000003
188100,a/7q4oLh2Ews+7tMcFv6xjLGU0sqCX+ac3IZN4vqWbExGrGnT65WeQNJyM8zwaU2,2.646515,4.016942,3.3391839999999995
188400,a/7q4oLh2Ews+7tMcFv6xjLGU0sqCX+ac3IZN4vqWbExGrGnT65WeQNJyM8zwaU2,2.109368,4.690972,3.226284
188700,a/7q4oLh2Ews+7tMcFv6xjLGU0sqCX+ac3IZN4vqWbExGrGnT65WeQNJyM8zwaU2,2.8458069999999998,4.457685,3.4332849999999997
189000,a/7q4oLh2Ews+7tMcFv6xjLGU0sqCX+ac3IZN4vqWbExGrGnT65WeQNJyM8zwaU2,2.564023,4.366444,3.3764879999999997
189300,a/7q4oLh2Ews+7tMcFv6xjLGU0sqCX+ac3IZN4vqWbExGrGnT65WeQNJyM8zwaU2,2.540859,4.732837,3.384095
189600,a/7q4oLh2Ews+7tMcFv6xjLGU0sqCX+ac3IZN4vqWbExGrGnT65WeQNJyM8zwaU2,2.031645,25.732935,5.470435
189900,a/7q4oLh2Ews+7tMcFv6xjLGU0sqCX+ac3IZN4vqWbExGrGnT65WeQNJyM8zwaU2,2.768279,4.583672,3.452205
190200,a/7q4oLh2Ews+7tMcFv6xjLGU0sqCX+ac3IZN4vqWbExGrGnT65WeQNJyM8zwaU2,2.681565,12.482722,4.294975
190500,a/7q4oLh2Ews+7tMcFv6xjLGU0sqCX+ac3IZN4vqWbExGrGnT65WeQNJyM8zwaU2,2.816473,4.830126,3.5039800000000003
190800,a/7q4oLh2Ews+7tMcFv6xjLGU0sqCX+ac3IZN4vqWbExGrGnT65WeQNJyM8zwaU2,2.568895,3.967943,3.320793
191100,a/7q4oLh2Ews+7tMcFv6xjLGU0sqCX+ac3IZN4vqWbExGrGnT65WeQNJyM8zwaU2,1.9092200000000001,4.671227,3.2650240000000004
191400,a/7q4oLh2Ews+7tMcFv6xjLGU0sqCX+ac3IZN4vqWbExGrGnT65WeQNJyM8zwaU2,2.7760000000000002,4.199692,3.47755
191700,a/7q4oLh2Ews+7tMcFv6xjLGU0sqCX+ac3IZN4vqWbExGrGnT65WeQNJyM8zwaU2,1.984849,4.459203,3.3761010000000002
192000,a/7q4oLh2Ews+7tMcFv6xjLGU0sqCX+ac3IZN4vqWbExGrGnT65WeQNJyM8zwaU2,2.5552080000000004,4.691696,3.347087
192300,a/7q4oLh2Ews+7tMcFv6xjLGU0sqCX+ac3IZN4vqWbExGrGnT65WeQNJyM8zwaU2,2.148514,4.3540339999999995,3.386546
192600,a/7q4oLh2Ews+7tMcFv6xjLGU0sqCX+ac3IZN4vqWbExGrGnT65WeQNJyM8zwaU2,2.647277,4.436783,3.4235599999999997
192900,a/7q4oLh2Ews+7tMcFv6xjLGU0sqCX+ac3IZN4vqWbExGrGnT65WeQNJyM8zwaU2,2.714382,4.6322160000000006,3.3411809999999997
193200,a/7q4oLh2Ews+7tMcFv6xjLGU0sqCX+ac3IZN4vqWbExGrGnT65WeQNJyM8zwaU2,2.835955,24.00127,5.519145
193500,a/7q4oLh2Ews+7tMcFv6xjLGU0sqCX+ac3IZN4vqWbExGrGnT65WeQNJyM8zwaU2,2.68379,3.7892699999999997,3.2199299999999997
193800,a/7q4oLh2Ews+7tMcFv6xjLGU0sqCX+ac3IZN4vqWbExGrGnT65WeQNJyM8zwaU2,2.716066,4.474093,3.3203449999999997
194100,a/7q4oLh2Ews+7tMcFv6xjLGU0sqCX+ac3IZN4vqWbExGrGnT65WeQNJyM8zwaU2,2.755039,4.676272,3.470857
194400,a/7q4oLh2Ews+7tMcFv6xjLGU0sqCX+ac3IZN4vqWbExGrGnT65WeQNJyM8zwaU2,2.587999,5.106567,3.459333
194700,a/7q4oLh2Ews+7tMcFv6xjLGU0sqCX+ac3IZN4vqWbExGrGnT65WeQNJyM8zwaU2,2.7749900000000003,4.482169,3.475682
195000,a/7q4oLh2Ews+7tMcFv6xjLGU0sqCX+ac3IZN4vqWbExGrGnT65WeQNJyM8zwaU2,1.916338,4.016324,3.153689
195300,a/7q4oLh2Ews+7tMcFv6xjLGU0sqCX+ac3IZN4vqWbExGrGnT65WeQNJyM8zwaU2,2.7469099999999997,5.43392,3.388939
195600,a/7q4oLh2Ews+7tMcFv6xjLGU0sqCX+ac3IZN4vqWbExGrGnT65WeQNJyM8zwaU2,2.1153049999999998,4.443559,3.154888
195900,a/7q4oLh2Ews+7tMcFv6xjLGU0sqCX+ac3IZN4vqWbExGrGnT65WeQNJyM8zwaU2,2.7991770000000002,5.152291,3.4861230000000005
196200,a/7q4oLh2Ews+7tMcFv6xjLGU0sqCX+ac3IZN4vqWbExGrGnT65WeQNJyM8zwaU2,2.330108,4.043547,3.067367
196500,a/7q4oLh2Ews+7tMcFv6xjLGU0sqCX+ac3IZN4vqWbExGrGnT65WeQNJyM8zwaU2,2.77925,11.958091,4.1889080000000005
196800,a/7q4oLh2Ews+7tMcFv6xjLGU0sqCX+ac3IZN4vqWbExGrGnT65WeQNJyM8zwaU2,2.602115,15.872972,5.414798
197100,a/7q4oLh2Ews+7tMcFv6xjLGU0sqCX+ac3IZN4vqWbExGrGnT65WeQNJyM8zwaU2,2.077139,5.9207,3.3736410000000006
197400,a/7q4oLh2Ews+7tMcFv6xjLGU0sqCX+ac3IZN4vqWbExGrGnT65WeQNJyM8zwaU2,2.570596,4.549531,3.324447
197700,a/7q4oLh2Ews+7tMcFv6xjLGU0sqCX+ac3IZN4vqWbExGrGnT65WeQNJyM8zwaU2,2.25815,4.873142,3.314554
198000,a/7q4oLh2Ews+7tMcFv6xjLGU0sqCX+ac3IZN4vqWbExGrGnT65WeQNJyM8zwaU2,2.660612,5.244757,3.496339
198300,a/7q4oLh2Ews+7tMcFv6xjLGU0sqCX+ac3IZN4vqWbExGrGnT65WeQNJyM8zwaU2,2.572897,4.577888,3.32964
198600,a/7q4oLh2Ews+7tMcFv6xjLGU0sqCX+ac3IZN4vqWbExGrGnT65WeQNJyM8zwaU2,2.679751,5.194662999999999,3.504889
198900,a/7q4oLh2Ews+7tMcFv6xjLGU0sqCX+ac3IZN4vqWbExGrGnT65WeQNJyM8zwaU2,2.529265,3.9924370000000002,3.191441
199200,a/7q4oLh2Ews+7tMcFv6xjLGU0sqCX+ac3IZN4vqWbExGrGnT65WeQNJyM8zwaU2,2.54005,4.12754,3.2127689999999998
199500,a/7q4oLh2Ews+7tMcFv6xjLGU0sqCX+ac3IZN4vqWbExGrGnT65WeQNJyM8zwaU2,2.715039,4.785923,3.486449
199800,a/7q4oLh2Ews+7tMcFv6xjLGU0sqCX+ac3IZN4vqWbExGrGnT65WeQNJyM8zwaU2,1.878041,5.512383,3.196148
200100,a/7q4oLh2Ews+7tMcFv6xjLGU0sqCX+ac3IZN4vqWbExGrGnT65WeQNJyM8zwaU2,2.674132,4.407282,3.420548
200400,a/7q4oLh2Ews+7tMcFv6xjLGU0sqCX+ac3IZN4vqWbExGrGnT65WeQNJyM8zwaU2,2.4353740000000004,23.505276000000002,5.278706
200700,a/7q4oLh2Ews+7tMcFv6xjLGU0sqCX+ac3IZN4vqWbExGrGnT65WeQNJyM8zwaU2,2.725141,5.562949,3.4531129999999997
201000,a/7q4oLh2Ews+7tMcFv6xjLGU0sqCX+ac3IZN4vqWbExGrGnT65WeQNJyM8zwaU2,2.030707,4.86768,3.2359240000000002
201300,a/7q4oLh2Ews+7tMcFv6xjLGU0sqCX+ac3IZN4vqWbExGrGnT65WeQNJyM8zwaU2,2.78074,5.066158000000001,3.5558440000000004
201600,a/7q4oLh2Ews+7tMcFv6xjLGU0sqCX+ac3IZN4vqWbExGrGnT65WeQNJyM8zwaU2,1.965841,5.255416,3.378195
201900,a/7q4oLh2Ews+7tMcFv6xjLGU0sqCX+ac3IZN4vqWbExGrGnT65WeQNJyM8zwaU2,2.6189139999999997,4.321752,3.441736
202200,a/7q4oLh2Ews+7tMcFv6xjLGU0sqCX+ac3IZN4vqWbExGrGnT65WeQNJyM8zwaU2,2.704758,5.098415,3.475371
202500,a/7q4oLh2Ews+7tMcFv6xjLGU0sqCX+ac3IZN4vqWbExGrGnT65WeQNJyM8zwaU2,2.084607,5.971615,3.384588
202800,a/7q4oLh2Ews+7tMcFv6xjLGU0sqCX+ac3IZN4vqWbExGrGnT65WeQNJyM8zwaU2,2.699208,4.638223,3.448168
203100,a/7q4oLh2Ews+7tMcFv6xjLGU0sqCX+ac3IZN4vqWbExGrGnT65WeQNJyM8zwaU2,2.5517090000000002,5.26907,3.532725
203400,a/7q4oLh2Ews+7tMcFv6xjLGU0sqCX+ac3IZN4vqWbExGrGnT65WeQNJyM8zwaU2,2.649012,5.5658650000000005,3.513551
203700,a/7q4oLh2Ews+7tMcFv6xjLGU0sqCX+ac3IZN4vqWbExGrGnT65WeQNJyM8zwaU2,2.5808240000000002,4.591444,3.5962169999999998
204000,a/7q4oLh2Ews+7tMcFv6xjLGU0sqCX+ac3IZN4vqWbExGrGnT65WeQNJyM8zwaU2,2.5129639999999998,23.381231,5.48339
204300,a/7q4oLh2Ews+7tMcFv6xjLGU0sqCX+ac3IZN4vqWbExGrGnT65WeQNJyM8zwaU2,2.053852,5.603778,3.391347
204600,a/7q4oLh2Ews+7tMcFv6xjLGU0sqCX+ac3IZN4vqWbExGrGnT65WeQNJyM8zwaU2,2.622344,4.579489,3.389071
204900,a/7q4oLh2Ews+7tMcFv6xjLGU0sqCX+ac3IZN4vqWbExGrGnT65WeQNJyM8zwaU2,2.47134,4.947086,3.490274
205200,a/7q4oLh2Ews+7tMcFv6xjLGU0sqCX+ac3IZN4vqWbExGrGnT65WeQNJyM8zwaU2,2.6177479999999997,5.269188,3.2370900000000002
205500,a/7q4oLh2Ews+7tMcFv6xjLGU0sqCX+ac3IZN4vqWbExGrGnT65WeQNJyM8zwaU2,2.533969,4.143614,3.366689
205800,a/7q4oLh2Ews+7tMcFv6xjLGU0sqCX+ac3IZN4vqWbExGrGnT65WeQNJyM8zwaU2,2.481513,4.678326,3.293938
206100,a/7q4oLh2Ews+7tMcFv6xjLGU0sqCX+ac3IZN4vqWbExGrGnT65WeQNJyM8zwaU2,2.746469,5.09235,3.420576
206400,a/7q4oLh2Ews+7tMcFv6xjLGU0sqCX+ac3IZN4vqWbExGrGnT65WeQNJyM8zwaU2,2.657197,5.190263,3.4687379999999997
206700,a/7q4oLh2Ews+7tMcFv6xjLGU0sqCX+ac3IZN4vqWbExGrGnT65WeQNJyM8zwaU2,2.755148,4.915126,3.7279370000000003
207000,a/7q4oLh2Ews+7tMcFv6xjLGU0sqCX+ac3IZN4vqWbExGrGnT65WeQNJyM8zwaU2,2.000445,5.268965000000001,3.299832
207300,a/7q4oLh2Ews+7tMcFv6xjLGU0sqCX+ac3IZN4vqWbExGrGnT65WeQNJyM8zwaU2,2.70856,4.374249,3.3838699999999995
207600,a/7q4oLh2Ews+7tMcFv6xjLGU0sqCX+ac3IZN4vqWbExGrGnT65WeQNJyM8zwaU2,1.895949,16.004214,5.428819
207900,a/7q4oLh2Ews+7tMcFv6xjLGU0sqCX+ac3IZN4vqWbExGrGnT65WeQNJyM8zwaU2,2.140028,4.551069,3.19382
208200,a/7q4oLh2Ews+7tMcFv6xjLGU0sqCX+ac3IZN4vqWbExGrGnT65WeQNJyM8zwaU2,2.73202,4.101572,3.3535120000000003
208500,a/7q4oLh2Ews+7tMcFv6xjLGU0sqCX+ac3IZN4vqWbExGrGnT65WeQNJyM8zwaU2,2.666757,5.092576,3.76171
208800,a/7q4oLh2Ews+7tMcFv6xjLGU0sqCX+ac3IZN4vqWbExGrGnT65WeQNJyM8zwaU2,2.683423,43.481154,10.093263
209100,a/7q4oLh2Ews+7tMcFv6xjLGU0sqCX+ac3IZN4vqWbExGrGnT65WeQNJyM8zwaU2,2.687202,4.771868,3.374161
209400,a/7q4oLh2Ews+7tMcFv6xjLGU0sqCX+ac3IZN4vqWbExGrGnT65WeQNJyM8zwaU2,2.585413,4.718851,3.6281220000000003
209700,a/7q4oLh2Ews+7tMcFv6xjLGU0sqCX+ac3IZN4vqWbExGrGnT65WeQNJyM8zwaU2,2.333316,4.716908999999999,3.3742629999999996
210000,a/7q4oLh2Ews+7tMcFv6xjLGU0sqCX+ac3IZN4vqWbExGrGnT65WeQNJyM8zwaU2,2.663734,3.9677540000000002,3.313683
210300,a/7q4oLh2Ews+7tMcFv6xjLGU0sqCX+ac3IZN4vqWbExGrGnT65WeQNJyM8zwaU2,2.0338279999999997,4.493028,3.322754
210600,a/7q4oLh2Ews+7tMcFv6xjLGU0sqCX+ac3IZN4vqWbExGrGnT65WeQNJyM8zwaU2,1.9805549999999998,4.062922,3.070926
210900,a/7q4oLh2Ews+7tMcFv6xjLGU0sqCX+ac3IZN4vqWbExGrGnT65WeQNJyM8zwaU2,2.5924720000000003,4.131682,3.2779629999999997
211200,a/7q4oLh2Ews+7tMcFv6xjLGU0sqCX+ac3IZN4vqWbExGrGnT65WeQNJyM8zwaU2,2.0191939999999997,24.561749,5.4322230000000005
211500,a/7q4oLh2Ews+7tMcFv6xjLGU0sqCX+ac3IZN4vqWbExGrGnT65WeQNJyM8zwaU2,2.799747,4.788787,3.5032330000000003
211800,a/7q4oLh2Ews+7tMcFv6xjLGU0sqCX+ac3IZN4vqWbExGrGnT65WeQNJyM8zwaU2,2.4247240000000003,3.784705,3.13123
212100,a/7q4oLh2Ews+7tMcFv6xjLGU0sqCX+ac3IZN4vqWbExGrGnT65WeQNJyM8zwaU2,2.722929,5.008436,3.749624
212400,a/7q4oLh2Ews+7tMcFv6xjLGU0sqCX+ac3IZN4vqWbExGrGnT65WeQNJyM8zwaU2,3.2609220000000003,90.72431,36.201309
212700,a/7q4oLh2Ews+7tMcFv6xjLGU0sqCX+ac3IZN4vqWbExGrGnT65WeQNJyM8zwaU2,2.839419,4.326319,3.4838949999999995
213000,a/7q4oLh2Ews+7tMcFv6xjLGU0sqCX+ac3IZN4vqWbExGrGnT65WeQNJyM8zwaU2,2.072133,4.598104,3.495308
213300,a/7q4oLh2Ews+7tMcFv6xjLGU0sqCX+ac3IZN4vqWbExGrGnT65WeQNJyM8zwaU2,1.953485,5.362055000000001,3.3791050000000005
213600,a/7q4oLh2Ews+7tMcFv6xjLGU0sqCX+ac3IZN4vqWbExGrGnT65WeQNJyM8zwaU2,2.8386970000000002,3.848171,3.38275
213900,a/7q4oLh2Ews+7tMcFv6xjLGU0sqCX+ac3IZN4vqWbExGrGnT65WeQNJyM8zwaU2,2.144256,5.014811,3.576781
214200,a/7q4oLh2Ews+7tMcFv6xjLGU0sqCX+ac3IZN4vqWbExGrGnT65WeQNJyM8zwaU2,2.759986,5.218394,3.600457
214500,a/7q4oLh2Ews+7tMcFv6xjLGU0sqCX+ac3IZN4vqWbExGrGnT65WeQNJyM8zwaU2,2.299388,4.300393,3.308065
214800,a/7q4oLh2Ews+7tMcFv6xjLGU0sqCX+ac3IZN4vqWbExGrGnT65WeQNJyM8zwaU2,2.8315770000000002,24.837769,5.865366000000001
215100,a/7q4oLh2Ews+7tMcFv6xjLGU0sqCX+ac3IZN4vqWbExGrGnT65WeQNJyM8zwaU2,2.012203,5.107031,3.3379300000000005
215400,a/7q4oLh2Ews+7tMcFv6xjLGU0sqCX+ac3IZN4vqWbExGrGnT65WeQNJyM8zwaU2,2.714816,3.8544699999999996,3.3566510000000003
215700,a/7q4oLh2Ews+7tMcFv6xjLGU0sqCX+ac3IZN4vqWbExGrGnT65WeQNJyM8zwaU2,2.5051349999999997,5.018821,3.589319
216000,a/7q4oLh2Ews+7tMcFv6xjLGU0sqCX+ac3IZN4vqWbExGrGnT65WeQNJyM8zwaU2,2.106632,4.321729,3.2896989999999997
216300,a/7q4oLh2Ews+7tMcFv6xjLGU0sqCX+ac3IZN4vqWbExGrGnT65WeQNJyM8zwaU2,2.653521,4.1549879999999995,3.427936
216600,a/7q4oLh2Ews+7tMcFv6xjLGU0sqCX+ac3IZN4vqWbExGrGnT65WeQNJyM8zwaU2,2.669515,4.818151,3.493641
216900,a/7q4oLh2Ews+7tMcFv6xjLGU0sqCX+ac3IZN4vqWbExGrGnT65WeQNJyM8zwaU2,2.552613,5.007119,3.5498269999999996
217200,a/7q4oLh2Ews+7tMcFv6xjLGU0sqCX+ac3IZN4vqWbExGrGnT65WeQNJyM8zwaU2,1.888279,3.9409349999999996,3.1907520000000003
217500,a/7q4oLh2Ews+7tMcFv6xjLGU0sqCX+ac3IZN4vqWbExGrGnT65WeQNJyM8zwaU2,2.986478,4.8949739999999995,3.776871
217800,a/7q4oLh2Ews+7tMcFv6xjLGU0sqCX+ac3IZN4vqWbExGrGnT65WeQNJyM8zwaU2,2.591773,5.082932,3.444522
218100,a/7q4oLh2Ews+7tMcFv6xjLGU0sqCX+ac3IZN4vqWbExGrGnT65WeQNJyM8zwaU2,2.796545,4.170863,3.4728440000000003
218400,a/7q4oLh2Ews+7tMcFv6xjLGU0sqCX+ac3IZN4vqWbExGrGnT65WeQNJyM8zwaU2,3.042275,15.578878,5.556143
218700,a/7q4oLh2Ews+7tMcFv6xjLGU0sqCX+ac3IZN4vqWbExGrGnT65WeQNJyM8zwaU2,2.735832,24.296435,5.582939
219000,a/7q4oLh2Ews+7tMcFv6xjLGU0sqCX+ac3IZN4vqWbExGrGnT65WeQNJyM8zwaU2,2.7765150000000003,4.990382,3.4612519999999996
219300,a/7q4oLh2Ews+7tMcFv6xjLGU0sqCX+ac3IZN4vqWbExGrGnT65WeQNJyM8zwaU2,2.940153,6.203103,3.8482260000000004
219600,a/7q4oLh2Ews+7tMcFv6xjLGU0sqCX+ac3IZN4vqWbExGrGnT65WeQNJyM8zwaU2,2.8079669999999997,4.750458,3.6180239999999997
219900,a/7q4oLh2Ews+7tMcFv6xjLGU0sqCX+ac3IZN4vqWbExGrGnT65WeQNJyM8zwaU2,2.26419,4.915875,3.364755
220200,a/7q4oLh2Ews+7tMcFv6xjLGU0sqCX+ac3IZN4vqWbExGrGnT65WeQNJyM8zwaU2,2.822392,5.157639,3.658548
220500,a/7q4oLh2Ews+7tMcFv6xjLGU0sqCX+ac3IZN4vqWbExGrGnT65WeQNJyM8zwaU2,1.962748,4.50822,3.5188080000000004
220800,a/7q4oLh2Ews+7tMcFv6xjLGU0sqCX+ac3IZN4vqWbExGrGnT65WeQNJyM8zwaU2,2.68024,4.802122,3.387379
221100,a/7q4oLh2Ews+7tMcFv6xjLGU0sqCX+ac3IZN4vqWbExGrGnT65WeQNJyM8zwaU2,3.035416,12.085325,4.5924309999999995
221400,a/7q4oLh2Ews+7tMcFv6xjLGU0sqCX+ac3IZN4vqWbExGrGnT65WeQNJyM8zwaU2,1.9475490000000002,4.408151999999999,3.396465
221700,a/7q4oLh2Ews+7tMcFv6xjLGU0sqCX+ac3IZN4vqWbExGrGnT65WeQNJyM8zwaU2,2.759543,4.715736,3.446337
222000,a/7q4oLh2Ews+7tMcFv6xjLGU0sqCX+ac3IZN4vqWbExGrGnT65WeQNJyM8zwaU2,2.6640349999999997,24.536773999999998,5.823151999999999
222300,a/7q4oLh2Ews+7tMcFv6xjLGU0sqCX+ac3IZN4vqWbExGrGnT65WeQNJyM8zwaU2,2.670114,4.555782,3.6074330000000003
222600,a/7q4oLh2Ews+7tMcFv6xjLGU0sqCX+ac3IZN4vqWbExGrGnT65WeQNJyM8zwaU2,2.626405,4.910158,3.378586
222900,a/7q4oLh2Ews+7tMcFv6xjLGU0sqCX+ac3IZN4vqWbExGrGnT65WeQNJyM8zwaU2,2.8422,6.044656,3.8042269999999996
223200,a/7q4oLh2Ews+7tMcFv6xjLGU0sqCX+ac3IZN4vqWbExGrGnT65WeQNJyM8zwaU2,2.730785,4.655107,3.6433980000000004
223500,a/7q4oLh2Ews+7tMcFv6xjLGU0sqCX+ac3IZN4vqWbExGrGnT65WeQNJyM8zwaU2,2.830742,4.6833,3.5047449999999998
223800,a/7q4oLh2Ews+7tMcFv6xjLGU0sqCX+ac3IZN4vqWbExGrGnT65WeQNJyM8zwaU2,2.897744,15.288499,4.771457
224100,a/7q4oLh2Ews+7tMcFv6xjLGU0sqCX+ac3IZN4vqWbExGrGnT65WeQNJyM8zwaU2,2.510767,4.499239,3.428544
224400,a/7q4oLh2Ews+7tMcFv6xjLGU0sqCX+ac3IZN4vqWbExGrGnT65WeQNJyM8zwaU2,2.663948,4.67087,3.3683410000000005
224700,a/7q4oLh2Ews+7tMcFv6xjLGU0sqCX+ac3IZN4vqWbExGrGnT65WeQNJyM8zwaU2,2.8775009999999996,5.8447629999999995,3.8649160000000005
225000,a/7q4oLh2Ews+7tMcFv6xjLGU0sqCX+ac3IZN4vqWbExGrGnT65WeQNJyM8zwaU2,2.540249,4.5462,3.617059
225300,a/7q4oLh2Ews+7tMcFv6xjLGU0sqCX+ac3IZN4vqWbExGrGnT65WeQNJyM8zwaU2,2.160987,5.156254,3.4486779999999997
225600,a/7q4oLh2Ews+7tMcFv6xjLGU0sqCX+ac3IZN4vqWbExGrGnT65WeQNJyM8zwaU2,2.8235919999999997,24.54349,5.889807
225900,a/7q4oLh2Ews+7tMcFv6xjLGU0sqCX+ac3IZN4vqWbExGrGnT65WeQNJyM8zwaU2,2.92369,4.707366,3.7084989999999998
226200,a/7q4oLh2Ews+7tMcFv6xjLGU0sqCX+ac3IZN4vqWbExGrGnT65WeQNJyM8zwaU2,2.655041,5.203966,3.4232129999999996
226500,a/7q4oLh2Ews+7tMcFv6xjLGU0sqCX+ac3IZN4vqWbExGrGnT65WeQNJyM8zwaU2,2.9169099999999997,17.900008,5.156529
226800,a/7q4oLh2Ews+7tMcFv6xjLGU0sqCX+ac3IZN4vqWbExGrGnT65WeQNJyM8zwaU2,2.643425,4.451415,3.617034
227100,a/7q4oLh2Ews+7tMcFv6xjLGU0sqCX+ac3IZN4vqWbExGrGnT65WeQNJyM8zwaU2,2.702654,4.873278,3.4838160000000005
227400,a/7q4oLh2Ews+7tMcFv6xjLGU0sqCX+ac3IZN4vqWbExGrGnT65WeQNJyM8zwaU2,1.916884,5.578925,3.5964699999999996
227700,a/7q4oLh2Ews+7tMcFv6xjLGU0sqCX+ac3IZN4vqWbExGrGnT65WeQNJyM8zwaU2,2.7454709999999998,4.776103,3.6053949999999997
228000,a/7q4oLh2Ews+7tMcFv6xjLGU0sqCX+ac3IZN4vqWbExGrGnT65WeQNJyM8zwaU2,2.6217080000000004,5.04057,3.379122
228300,a/7q4oLh2Ews+7tMcFv6xjLGU0sqCX+ac3IZN4vqWbExGrGnT65WeQNJyM8zwaU2,2.8267759999999997,5.909458,3.8799099999999997
228600,a/7q4oLh2Ews+7tMcFv6xjLGU0sqCX+ac3IZN4vqWbExGrGnT65WeQNJyM8zwaU2,2.629108,5.434051999999999,3.7561739999999997
228900,a/7q4oLh2Ews+7tMcFv6xjLGU0sqCX+ac3IZN4vqWbExGrGnT65WeQNJyM8zwaU2,2.6342950000000003,4.796248,3.432758
229200,a/7q4oLh2Ews+7tMcFv6xjLGU0sqCX+ac3IZN4vqWbExGrGnT65WeQNJyM8zwaU2,2.9895099999999997,16.909962,6.213335
229500,a/7q4oLh2Ews+7tMcFv6xjLGU0sqCX+ac3IZN4vqWbExGrGnT65WeQNJyM8zwaU2,2.440835,11.648576,4.263866999999999
229800,a/7q4oLh2Ews+7tMcFv6xjLGU0sqCX+ac3IZN4vqWbExGrGnT65WeQNJyM8zwaU2,2.620705,4.620749,3.495772
230100,a/7q4oLh2Ews+7tMcFv6xjLGU0sqCX+ac3IZN4vqWbExGrGnT65WeQNJyM8zwaU2,2.907148,5.77594,3.827397
230400,a/7q4oLh2Ews+7tMcFv6xjLGU0sqCX+ac3IZN4vqWbExGrGnT65WeQNJyM8zwaU2,2.635001,4.460307,3.395096
230700,a/7q4oLh2Ews+7tMcFv6xjLGU0sqCX+ac3IZN4vqWbExGrGnT65WeQNJyM8zwaU2,2.720497,5.233601,3.618082
231000,a/7q4oLh2Ews+7tMcFv6xjLGU0sqCX+ac3IZN4vqWbExGrGnT65WeQNJyM8zwaU2,2.723121,5.238219,3.68365
231300,a/7q4oLh2Ews+7tMcFv6xjLGU0sqCX+ac3IZN4vqWbExGrGnT65WeQNJyM8zwaU2,2.246609,4.746595,3.404469
231600,a/7q4oLh2Ews+7tMcFv6xjLGU0sqCX+ac3IZN4vqWbExGrGnT65WeQNJyM8zwaU2,2.64668,4.964981,3.493361
231900,a/7q4oLh2Ews+7tMcFv6xjLGU0sqCX+ac3IZN4vqWbExGrGnT65WeQNJyM8zwaU2,2.878164,9.530257,4.2741690000000006
232200,a/7q4oLh2Ews+7tMcFv6xjLGU0sqCX+ac3IZN4vqWbExGrGnT65WeQNJyM8zwaU2,2.7055130000000003,4.4818620000000005,3.3157019999999995
232500,a/7q4oLh2Ews+7tMcFv6xjLGU0sqCX+ac3IZN4vqWbExGrGnT65WeQNJyM8zwaU2,2.776829,4.8896,3.527679
232800,a/7q4oLh2Ews+7tMcFv6xjLGU0sqCX+ac3IZN4vqWbExGrGnT65WeQNJyM8zwaU2,2.069038,5.303106,3.564166
233100,a/7q4oLh2Ews+7tMcFv6xjLGU0sqCX+ac3IZN4vqWbExGrGnT65WeQNJyM8zwaU2,2.689352,24.714980999999998,5.505993
233400,a/7q4oLh2Ews+7tMcFv6xjLGU0sqCX+ac3IZN4vqWbExGrGnT65WeQNJyM8zwaU2,2.650055,4.779319999999999,3.488536
233700,a/7q4oLh2Ews+7tMcFv6xjLGU0sqCX+ac3IZN4vqWbExGrGnT65WeQNJyM8zwaU2,2.793158,5.383271,3.79218
234000,a/7q4oLh2Ews+7tMcFv6xjLGU0sqCX+ac3IZN4vqWbExGrGnT65WeQNJyM8zwaU2,2.732438,4.507944,3.4977730000000005
234300,a/7q4oLh2Ews+7tMcFv6xjLGU0sqCX+ac3IZN4vqWbExGrGnT65WeQNJyM8zwaU2,2.6938869999999997,4.919226999999999,3.639362
234600,a/7q4oLh2Ews+7tMcFv6xjLGU0sqCX+ac3IZN4vqWbExGrGnT65WeQNJyM8zwaU2,2.935882,7.9273940000000005,4.1778699999999995
234900,a/7q4oLh2Ews+7tMcFv6xjLGU0sqCX+ac3IZN4vqWbExGrGnT65WeQNJyM8zwaU2,2.722811,4.853186,3.4001410000000005
235200,a/7q4oLh2Ews+7tMcFv6xjLGU0sqCX+ac3IZN4vqWbExGrGnT65WeQNJyM8zwaU2,2.842178,4.722378,3.5536760000000003
235500,a/7q4oLh2Ews+7tMcFv6xjLGU0sqCX+ac3IZN4vqWbExGrGnT65WeQNJyM8zwaU2,2.561427,5.450968,3.8571519999999997
235800,a/7q4oLh2Ews+7tMcFv6xjLGU0sqCX+ac3IZN4vqWbExGrGnT65WeQNJyM8zwaU2,2.816657,4.984768,3.510636
236100,a/7q4oLh2Ews+7tMcFv6xjLGU0sqCX+ac3IZN4vqWbExGrGnT65WeQNJyM8zwaU2,2.448332,5.037458,3.5400129999999996
236400,a/7q4oLh2Ews+7tMcFv6xjLGU0sqCX+ac3IZN4vqWbExGrGnT65WeQNJyM8zwaU2,3.019268,29.636659,6.386584
236700,a/7q4oLh2Ews+7tMcFv6xjLGU0sqCX+ac3IZN4vqWbExGrGnT65WeQNJyM8zwaU2,2.831557,24.440334,5.56374
237000,a/7q4oLh2Ews+7tMcFv6xjLGU0sqCX+ac3IZN4vqWbExGrGnT65WeQNJyM8zwaU2,2.770887,4.733982,3.614754
237300,a/7q4oLh2Ews+7tMcFv6xjLGU0sqCX+ac3IZN4vqWbExGrGnT65WeQNJyM8zwaU2,2.677395,5.192773000000001,3.670878
237600,a/7q4oLh2Ews+7tMcFv6xjLGU0sqCX+ac3IZN4vqWbExGrGnT65WeQNJyM8zwaU2,2.786575,32.134113,8.778302
237900,a/7q4oLh2Ews+7tMcFv6xjLGU0sqCX+ac3IZN4vqWbExGrGnT65WeQNJyM8zwaU2,2.718412,4.83594,3.473151
238200,a/7q4oLh2Ews+7tMcFv6xjLGU0sqCX+ac3IZN4vqWbExGrGnT65WeQNJyM8zwaU2,2.04881,4.713143,3.4676709999999997
238500,a/7q4oLh2Ews+7tMcFv6xjLGU0sqCX+ac3IZN4vqWbExGrGnT65WeQNJyM8zwaU2,2.578755,4.636664,3.306056
238800,a/7q4oLh2Ews+7tMcFv6xjLGU0sqCX+ac3IZN4vqWbExGrGnT65WeQNJyM8zwaU2,2.126103,4.465678,3.2891980000000003
239100,a/7q4oLh2Ews+7tMcFv6xjLGU0sqCX+ac3IZN4vqWbExGrGnT65WeQNJyM8zwaU2,2.8692900000000003,4.742379,3.654586
239400,a/7q4oLh2Ews+7tMcFv6xjLGU0sqCX+ac3IZN4vqWbExGrGnT65WeQNJyM8zwaU2,2.578439,4.607029,3.3227480000000003
239700,a/7q4oLh2Ews+7tMcFv6xjLGU0sqCX+ac3IZN4vqWbExGrGnT65WeQNJyM8zwaU2,2.598636,4.705414,3.4532809999999996
240000,a/7q4oLh2Ews+7tMcFv6xjLGU0sqCX+ac3IZN4vqWbExGrGnT65WeQNJyM8zwaU2,2.736532,5.017172,3.6715139999999997
240300,a/7q4oLh2Ews+7tMcFv6xjLGU0sqCX+ac3IZN4vqWbExGrGnT65WeQNJyM8zwaU2,2.711684,14.821782,5.366556
240600,a/7q4oLh2Ews+7tMcFv6xjLGU0sqCX+ac3IZN4vqWbExGrGnT65WeQNJyM8zwaU2,2.785422,4.94115,3.4403099999999998
240900,a/7q4oLh2Ews+7tMcFv6xjLGU0sqCX+ac3IZN4vqWbExGrGnT65WeQNJyM8zwaU2,2.760406,4.701162,3.811439
241200,a/7q4oLh2Ews+7tMcFv6xjLGU0sqCX+ac3IZN4vqWbExGrGnT65WeQNJyM8zwaU2,2.603369,4.473544,3.4006870000000005
241500,a/7q4oLh2Ews+7tMcFv6xjLGU0sqCX+ac3IZN4vqWbExGrGnT65WeQNJyM8zwaU2,1.830673,4.713684,3.422683
241800,a/7q4oLh2Ews+7tMcFv6xjLGU0sqCX+ac3IZN4vqWbExGrGnT65WeQNJyM8zwaU2,2.781625,4.313005,3.5970410000000004
242100,a/7q4oLh2Ews+7tMcFv6xjLGU0sqCX+ac3IZN4vqWbExGrGnT65WeQNJyM8zwaU2,2.059687,4.700943,3.315635
242400,a/7q4oLh2Ews+7tMcFv6xjLGU0sqCX+ac3IZN4vqWbExGrGnT65WeQNJyM8zwaU2,2.6020659999999998,4.437942,3.404311
242700,a/7q4oLh2Ews+7tMcFv6xjLGU0sqCX+ac3IZN4vqWbExGrGnT65WeQNJyM8zwaU2,2.055543,4.428161,3.425825
243000,a/7q4oLh2Ews+7tMcFv6xjLGU0sqCX+ac3IZN4vqWbExGrGnT65WeQNJyM8zwaU2,1.9295099999999998,5.017481,3.155279
243300,a/7q4oLh2Ews+7tMcFv6xjLGU0sqCX+ac3IZN4vqWbExGrGnT65WeQNJyM8zwaU2,2.617998,5.451687000000001,3.4460309999999996
243600,a/7q4oLh2Ews+7tMcFv6xjLGU0sqCX+ac3IZN4vqWbExGrGnT65WeQNJyM8zwaU2,2.191081,4.168531,3.501438
243900,a/7q4oLh2Ews+7tMcFv6xjLGU0sqCX+ac3IZN4vqWbExGrGnT65WeQNJyM8zwaU2,2.572905,25.213775,5.36726
244200,a/7q4oLh2Ews+7tMcFv6xjLGU0sqCX+ac3IZN4vqWbExGrGnT65WeQNJyM8zwaU2,2.415686,5.5323839999999995,3.4138889999999997
244500,a/7q4oLh2Ews+7tMcFv6xjLGU0sqCX+ac3IZN4vqWbExGrGnT65WeQNJyM8zwaU2,2.762727,4.621268,3.7444010000000003
244800,a/7q4oLh2Ews+7tMcFv6xjLGU0sqCX+ac3IZN4vqWbExGrGnT65WeQNJyM8zwaU2,2.310179,4.752044000000001,3.2811980000000003
245100,a/7q4oLh2Ews+7tMcFv6xjLGU0sqCX+ac3IZN4vqWbExGrGnT65WeQNJyM8zwaU2,2.675109,5.304748,3.522797
245400,a/7q4oLh2Ews+7tMcFv6xjLGU0sqCX+ac3IZN4vqWbExGrGnT65WeQNJyM8zwaU2,2.42014,4.363765,3.414824
245700,a/7q4oLh2Ews+7tMcFv6xjLGU0sqCX+ac3IZN4vqWbExGrGnT65WeQNJyM8zwaU2,2.055816,4.824659,3.3007410000000004
246000,a/7q4oLh2Ews+7tMcFv6xjLGU0sqCX+ac3IZN4vqWbExGrGnT65WeQNJyM8zwaU2,2.455044,4.952751999999999,3.319203
246300,a/7q4oLh2Ews+7tMcFv6xjLGU0sqCX+ac3IZN4vqWbExGrGnT65WeQNJyM8zwaU2,1.9747310000000002,4.397342,3.569282
246600,a/7q4oLh2Ews+7tMcFv6xjLGU0sqCX+ac3IZN4vqWbExGrGnT65WeQNJyM8zwaU2,2.517305,4.876648,3.2024169999999996
246900,a/7q4oLh2Ews+7tMcFv6xjLGU0sqCX+ac3IZN4vqWbExGrGnT65WeQNJyM8zwaU2,2.645227,5.180907,3.556114
247200,a/7q4oLh2Ews+7tMcFv6xjLGU0sqCX+ac3IZN4vqWbExGrGnT65WeQNJyM8zwaU2,2.523679,4.165376999999999,3.4831410000000003
247500,a/7q4oLh2Ews+7tMcFv6xjLGU0sqCX+ac3IZN4vqWbExGrGnT65WeQNJyM8zwaU2,1.8234029999999999,24.776436,5.251771
247800,a/7q4oLh2Ews+7tMcFv6xjLGU0sqCX+ac3IZN4vqWbExGrGnT65WeQNJyM8zwaU2,2.6732,4.900323,3.370521
248100,a/7q4oLh2Ews+7tMcFv6xjLGU0sqCX+ac3IZN4vqWbExGrGnT65WeQNJyM8zwaU2,2.725437,7.301361999999999,3.832874
248400,a/7q4oLh2Ews+7tMcFv6xjLGU0sqCX+ac3IZN4vqWbExGrGnT65WeQNJyM8zwaU2,1.921962,4.763006,3.20517
248700,a/7q4oLh2Ews+7tMcFv6xjLGU0sqCX+ac3IZN4vqWbExGrGnT65WeQNJyM8zwaU2,2.92994,60.97509599999999,12.085293
249000,a/7q4oLh2Ews+7tMcFv6xjLGU0sqCX+ac3IZN4vqWbExGrGnT65WeQNJyM8zwaU2,2.010607,5.0042230000000005,3.711964
249300,a/7q4oLh2Ews+7tMcFv6xjLGU0sqCX+ac3IZN4vqWbExGrGnT65WeQNJyM8zwaU2,2.626073,4.731444000000001,3.3785550000000004
249600,a/7q4oLh2Ews+7tMcFv6xjLGU0sqCX+ac3IZN4vqWbExGrGnT65WeQNJyM8zwaU2,2.632059,4.511319,3.4933349999999996
249900,a/7q4oLh2Ews+7tMcFv6xjLGU0sqCX+ac3IZN4vqWbExGrGnT65WeQNJyM8zwaU2,2.667986,4.26077,3.645263
250200,a/7q4oLh2Ews+7tMcFv6xjLGU0sqCX+ac3IZN4vqWbExGrGnT65WeQNJyM8zwaU2,2.501408,4.744114,3.4553629999999997
250500,a/7q4oLh2Ews+7tMcFv6xjLGU0sqCX+ac3IZN4vqWbExGrGnT65WeQNJyM8zwaU2,2.7978240000000003,4.795230999999999,3.4226449999999997
250800,a/7q4oLh2Ews+7tMcFv6xjLGU0sqCX+ac3IZN4vqWbExGrGnT65WeQNJyM8zwaU2,2.800479,4.651086,3.623356
251100,a/7q4oLh2Ews+7tMcFv6xjLGU0sqCX+ac3IZN4vqWbExGrGnT65WeQNJyM8zwaU2,2.536701,15.035221,5.54124
251400,a/7q4oLh2Ews+7tMcFv6xjLGU0sqCX+ac3IZN4vqWbExGrGnT65WeQNJyM8zwaU2,2.555733,5.990836,3.5881269999999996
251700,a/7q4oLh2Ews+7tMcFv6xjLGU0sqCX+ac3IZN4vqWbExGrGnT65WeQNJyM8zwaU2,3.005935,5.518717,3.845651
252000,a/7q4oLh2Ews+7tMcFv6xjLGU0sqCX+ac3IZN4vqWbExGrGnT65WeQNJyM8zwaU2,2.6000099999999997,4.736764,3.238953
252300,a/7q4oLh2Ews+7tMcFv6xjLGU0sqCX+ac3IZN4vqWbExGrGnT65WeQNJyM8zwaU2,2.068216,4.701373,3.23026
252600,a/7q4oLh2Ews+7tMcFv6xjLGU0sqCX+ac3IZN4vqWbExGrGnT65WeQNJyM8zwaU2,2.5784830000000003,4.1005,3.533839
252900,a/7q4oLh2Ews+7tMcFv6xjLGU0sqCX+ac3IZN4vqWbExGrGnT65WeQNJyM8zwaU2,2.0573040000000002,4.714993,3.213306
253200,a/7q4oLh2Ews+7tMcFv6xjLGU0sqCX+ac3IZN4vqWbExGrGnT65WeQNJyM8zwaU2,2.652884,4.255052,3.307728
253500,a/7q4oLh2Ews+7tMcFv6xjLGU0sqCX+ac3IZN4vqWbExGrGnT65WeQNJyM8zwaU2,2.209349,4.073623,3.412111
253800,a/7q4oLh2Ews+7tMcFv6xjLGU0sqCX+ac3IZN4vqWbExGrGnT65WeQNJyM8zwaU2,2.225632,4.65109,3.201699
254100,a/7q4oLh2Ews+7tMcFv6xjLGU0sqCX+ac3IZN4vqWbExGrGnT65WeQNJyM8zwaU2,2.716295,4.659311,3.423376
254400,a/7q4oLh2Ews+7tMcFv6xjLGU0sqCX+ac3IZN4vqWbExGrGnT65WeQNJyM8zwaU2,2.497086,4.181467,3.4333949999999995
254700,a/7q4oLh2Ews+7tMcFv6xjLGU0sqCX+ac3IZN4vqWbExGrGnT65WeQNJyM8zwaU2,2.652203,24.156466,5.468933
255000,a/7q4oLh2Ews+7tMcFv6xjLGU0sqCX+ac3IZN4vqWbExGrGnT65WeQNJyM8zwaU2,2.636227,4.675076,3.4155559999999996
255300,a/7q4oLh2Ews+7tMcFv6xjLGU0sqCX+ac3IZN4vqWbExGrGnT65WeQNJyM8zwaU2,2.611741,4.819358,3.5304589999999996
255600,a/7q4oLh2Ews+7tMcFv6xjLGU0sqCX+ac3IZN4vqWbExGrGnT65WeQNJyM8zwaU2,2.345295,30.278647999999997,8.088777
255900,a/7q4oLh2Ews+7tMcFv6xjLGU0sqCX+ac3IZN4vqWbExGrGnT65WeQNJyM8zwaU2,2.666566,4.752991000000001,3.542988
256200,a/7q4oLh2Ews+7tMcFv6xjLGU0sqCX+ac3IZN4vqWbExGrGnT65WeQNJyM8zwaU2,2.567423,6.186698000000001,3.8428769999999997
256500,a/7q4oLh2Ews+7tMcFv6xjLGU0sqCX+ac3IZN4vqWbExGrGnT65WeQNJyM8zwaU2,2.220272,5.351335,3.52031
256800,a/7q4oLh2Ews+7tMcFv6xjLGU0sqCX+ac3IZN4vqWbExGrGnT65WeQNJyM8zwaU2,2.800622,59.47293199999999,12.074656
257100,a/7q4oLh2Ews+7tMcFv6xjLGU0sqCX+ac3IZN4vqWbExGrGnT65WeQNJyM8zwaU2,2.7477840000000002,4.828629,3.812176
257400,a/7q4oLh2Ews+7tMcFv6xjLGU0sqCX+ac3IZN4vqWbExGrGnT65WeQNJyM8zwaU2,2.593432,4.868276,3.5022260000000003
257700,a/7q4oLh2Ews+7tMcFv6xjLGU0sqCX+ac3IZN4vqWbExGrGnT65WeQNJyM8zwaU2,2.557382,4.828486,3.404898
258000,a/7q4oLh2Ews+7tMcFv6xjLGU0sqCX+ac3IZN4vqWbExGrGnT65WeQNJyM8zwaU2,2.866157,4.3620790000000005,3.500311
258300,a/7q4oLh2Ews+7tMcFv6xjLGU0sqCX+ac3IZN4vqWbExGrGnT65WeQNJyM8zwaU2,2.239334,23.515872,5.4240129999999995
258600,a/7q4oLh2Ews+7tMcFv6xjLGU0sqCX+ac3IZN4vqWbExGrGnT65WeQNJyM8zwaU2,2.655107,5.068698,3.42009
258900,a/7q4oLh2Ews+7tMcFv6xjLGU0sqCX+ac3IZN4vqWbExGrGnT65WeQNJyM8zwaU2,2.394788,4.353167,3.3475620000000004
259200,a/7q4oLh2Ews+7tMcFv6xjLGU0sqCX+ac3IZN4vqWbExGrGnT65WeQNJyM8zwaU2,1.889939,5.1165080000000005,3.328822
259500,a/7q4oLh2Ews+7tMcFv6xjLGU0sqCX+ac3IZN4vqWbExGrGnT65WeQNJyM8zwaU2,2.670238,4.6266680000000004,3.4603940000000004
259800,a/7q4oLh2Ews+7tMcFv6xjLGU0sqCX+ac3IZN4vqWbExGrGnT65WeQNJyM8zwaU2,2.052447,4.300739,3.3241
260100,a/7q4oLh2Ews+7tMcFv6xjLGU0sqCX+ac3IZN4vqWbExGrGnT65WeQNJyM8zwaU2,2.687821,4.775647,3.4413
260400,a/7q4oLh2Ews+7tMcFv6xjLGU0sqCX+ac3IZN4vqWbExGrGnT65WeQNJyM8zwaU2,1.9958040000000001,4.761596,3.249674
260700,a/7q4oLh2Ews+7tMcFv6xjLGU0sqCX+ac3IZN4vqWbExGrGnT65WeQNJyM8zwaU2,2.60699,4.345566000000001,3.45287
261000,a/7q4oLh2Ews+7tMcFv6xjLGU0sqCX+ac3IZN4vqWbExGrGnT65WeQNJyM8zwaU2,1.9076349999999997,4.857558999999999,3.254012
261300,a/7q4oLh2Ews+7tMcFv6xjLGU0sqCX+ac3IZN4vqWbExGrGnT65WeQNJyM8zwaU2,2.539961,4.909766,3.3608629999999997
261600,a/7q4oLh2Ews+7tMcFv6xjLGU0sqCX+ac3IZN4vqWbExGrGnT65WeQNJyM8zwaU2,2.619761,4.170533,3.262193
261900,a/7q4oLh2Ews+7tMcFv6xjLGU0sqCX+ac3IZN4vqWbExGrGnT65WeQNJyM8zwaU2,1.7429729999999999,15.596117999999999,5.4299349999999995
262200,a/7q4oLh2Ews+7tMcFv6xjLGU0sqCX+ac3IZN4vqWbExGrGnT65WeQNJyM8zwaU2,2.519371,4.736222,3.327054
262500,a/7q4oLh2Ews+7tMcFv6xjLGU0sqCX+ac3IZN4vqWbExGrGnT65WeQNJyM8zwaU2,2.279419,4.4497089999999995,3.5296089999999998
262800,a/7q4oLh2Ews+7tMcFv6xjLGU0sqCX+ac3IZN4vqWbExGrGnT65WeQNJyM8zwaU2,2.6238330000000003,4.773544,3.394543
263100,a/7q4oLh2Ews+7tMcFv6xjLGU0sqCX+ac3IZN4vqWbExGrGnT65WeQNJyM8zwaU2,2.0286009999999997,4.663538,3.2251
263400,a/7q4oLh2Ews+7tMcFv6xjLGU0sqCX+ac3IZN4vqWbExGrGnT65WeQNJyM8zwaU2,2.637298,4.171721,3.3959650000000003
263700,a/7q4oLh2Ews+7tMcFv6xjLGU0sqCX+ac3IZN4vqWbExGrGnT65WeQNJyM8zwaU2,2.057513,4.9394599999999995,3.269419
264000,a/7q4oLh2Ews+7tMcFv6xjLGU0sqCX+ac3IZN4vqWbExGrGnT65WeQNJyM8zwaU2,2.617818,4.795580999999999,3.300301
264300,a/7q4oLh2Ews+7tMcFv6xjLGU0sqCX+ac3IZN4vqWbExGrGnT65WeQNJyM8zwaU2,2.542033,4.324226,3.3828660000000004
264600,a/7q4oLh2Ews+7tMcFv6xjLGU0sqCX+ac3IZN4vqWbExGrGnT65WeQNJyM8zwaU2,2.581791,4.664013,3.397493
264900,a/7q4oLh2Ews+7tMcFv6xjLGU0sqCX+ac3IZN4vqWbExGrGnT65WeQNJyM8zwaU2,2.578936,4.553854,3.3393580000000003
265200,a/7q4oLh2Ews+7tMcFv6xjLGU0sqCX+ac3IZN4vqWbExGrGnT65WeQNJyM8zwaU2,2.593522,4.1969330000000005,3.4062349999999997
265500,a/7q4oLh2Ews+7tMcFv6xjLGU0sqCX+ac3IZN4vqWbExGrGnT65WeQNJyM8zwaU2,2.604132,24.276635,5.531631
265800,a/7q4oLh2Ews+7tMcFv6xjLGU0sqCX+ac3IZN4vqWbExGrGnT65WeQNJyM8zwaU2,2.721967,4.734716000000001,3.5080139999999997
266100,a/7q4oLh2Ews+7tMcFv6xjLGU0sqCX+ac3IZN4vqWbExGrGnT65WeQNJyM8zwaU2,2.6957259999999996,4.338375,3.5536790000000003
266400,a/7q4oLh2Ews+7tMcFv6xjLGU0sqCX+ac3IZN4vqWbExGrGnT65WeQNJyM8zwaU2,2.505667,34.123377000000005,10.04155
266700,a/7q4oLh2Ews+7tMcFv6xjLGU0sqCX+ac3IZN4vqWbExGrGnT65WeQNJyM8zwaU2,2.74795,4.319432,3.486706
267000,a/7q4oLh2Ews+7tMcFv6xjLGU0sqCX+ac3IZN4vqWbExGrGnT65WeQNJyM8zwaU2,2.099828,5.227785,3.2803430000000002
267300,a/7q4oLh2Ews+7tMcFv6xjLGU0sqCX+ac3IZN4vqWbExGrGnT65WeQNJyM8zwaU2,2.7027200000000002,5.319334,3.4437849999999997
267600,a/7q4oLh2Ews+7tMcFv6xjLGU0sqCX+ac3IZN4vqWbExGrGnT65WeQNJyM8zwaU2,2.605363,4.275583999999999,3.302058
267900,a/7q4oLh2Ews+7tMcFv6xjLGU0sqCX+ac3IZN4vqWbExGrGnT65WeQNJyM8zwaU2,1.711887,5.539558,3.3965330000000002
268200,a/7q4oLh2Ews+7tMcFv6xjLGU0sqCX+ac3IZN4vqWbExGrGnT65WeQNJyM8zwaU2,2.5918919999999996,5.175389,3.468958
268500,a/7q4oLh2Ews+7tMcFv6xjLGU0sqCX+ac3IZN4vqWbExGrGnT65WeQNJyM8zwaU2,2.611296,4.407514,3.336815
268800,a/7q4oLh2Ews+7tMcFv6xjLGU0sqCX+ac3IZN4vqWbExGrGnT65WeQNJyM8zwaU2,2.644257,5.286745,3.4542599999999997
269100,a/7q4oLh2Ews+7tMcFv6xjLGU0sqCX+ac3IZN4vqWbExGrGnT65WeQNJyM8zwaU2,2.091603,5.507611,3.371377
269400,a/7q4oLh2Ews+7tMcFv6xjLGU0sqCX+ac3IZN4vqWbExGrGnT65WeQNJyM8zwaU2,2.590684,4.452005000000001,3.371004
269700,a/7q4oLh2Ews+7tMcFv6xjLGU0sqCX+ac3IZN4vqWbExGrGnT65WeQNJyM8zwaU2,2.242851,5.192467,3.318243
270000,a/7q4oLh2Ews+7tMcFv6xjLGU0sqCX+ac3IZN4vqWbExGrGnT65WeQNJyM8zwaU2,2.703237,5.365831,3.513807
270300,a/7q4oLh2Ews+7tMcFv6xjLGU0sqCX+ac3IZN4vqWbExGrGnT65WeQNJyM8zwaU2,2.038193,4.2889800000000005,3.386508
270600,a/7q4oLh2Ews+7tMcFv6xjLGU0sqCX+ac3IZN4vqWbExGrGnT65WeQNJyM8zwaU2,2.644591,5.363043,3.424296
270900,a/7q4oLh2Ews+7tMcFv6xjLGU0sqCX+ac3IZN4vqWbExGrGnT65WeQNJyM8zwaU2,2.5544740000000004,5.39973,3.4617720000000003
271200,a/7q4oLh2Ews+7tMcFv6xjLGU0sqCX+ac3IZN4vqWbExGrGnT65WeQNJyM8zwaU2,2.634687,4.593069,3.387315
271500,a/7q4oLh2Ews+7tMcFv6xjLGU0sqCX+ac3IZN4vqWbExGrGnT65WeQNJyM8zwaU2,2.621165,5.134431,3.5076
271800,a/7q4oLh2Ews+7tMcFv6xjLGU0sqCX+ac3IZN4vqWbExGrGnT65WeQNJyM8zwaU2,2.666657,5.5729169999999995,3.451525
272100,a/7q4oLh2Ews+7tMcFv6xjLGU0sqCX+ac3IZN4vqWbExGrGnT65WeQNJyM8zwaU2,2.658957,4.012257,3.3497660000000002
272400,a/7q4oLh2Ews+7tMcFv6xjLGU0sqCX+ac3IZN4vqWbExGrGnT65WeQNJyM8zwaU2,2.314808,5.117399,3.2716540000000003
272700,a/7q4oLh2Ews+7tMcFv6xjLGU0sqCX+ac3IZN4vqWbExGrGnT65WeQNJyM8zwaU2,2.680973,15.703701,5.821739
273000,a/7q4oLh2Ews+7tMcFv6xjLGU0sqCX+ac3IZN4vqWbExGrGnT65WeQNJyM8zwaU2,2.55784,4.284596,3.421786
273300,a/7q4oLh2Ews+7tMcFv6xjLGU0sqCX+ac3IZN4vqWbExGrGnT65WeQNJyM8zwaU2,2.759141,5.474767,3.5809800000000003
273600,a/7q4oLh2Ews+7tMcFv6xjLGU0sqCX+ac3IZN4vqWbExGrGnT65WeQNJyM8zwaU2,2.535381,5.2093300000000005,3.3880739999999996
273900,a/7q4oLh2Ews+7tMcFv6xjLGU0sqCX+ac3IZN4vqWbExGrGnT65WeQNJyM8zwaU2,2.562796,4.1978349999999995,3.577757
274200,a/7q4oLh2Ews+7tMcFv6xjLGU0sqCX+ac3IZN4vqWbExGrGnT65WeQNJyM8zwaU2,2.5890419999999996,5.22984,3.471969
274500,a/7q4oLh2Ews+7tMcFv6xjLGU0sqCX+ac3IZN4vqWbExGrGnT65WeQNJyM8zwaU2,2.526377,5.455732,3.39074
274800,a/7q4oLh2Ews+7tMcFv6xjLGU0sqCX+ac3IZN4vqWbExGrGnT65WeQNJyM8zwaU2,2.566041,4.074971,3.3613699999999995
275100,a/7q4oLh2Ews+7tMcFv6xjLGU0sqCX+ac3IZN4vqWbExGrGnT65WeQNJyM8zwaU2,2.1493919999999997,5.092834,3.3632989999999996
275400,a/7q4oLh2Ews+7tMcFv6xjLGU0sqCX+ac3IZN4vqWbExGrGnT65WeQNJyM8zwaU2,2.6310919999999998,5.012683,3.4583190000000004
275700,a/7q4oLh2Ews+7tMcFv6xjLGU0sqCX+ac3IZN4vqWbExGrGnT65WeQNJyM8zwaU2,2.652068,4.009836,3.3290559999999996
276000,a/7q4oLh2Ews+7tMcFv6xjLGU0sqCX+ac3IZN4vqWbExGrGnT65WeQNJyM8zwaU2,2.233694,5.720016,3.4123589999999995
276300,a/7q4oLh2Ews+7tMcFv6xjLGU0sqCX+ac3IZN4vqWbExGrGnT65WeQNJyM8zwaU2,2.555789,24.233039,5.49549
276600,a/7q4oLh2Ews+7tMcFv6xjLGU0sqCX+ac3IZN4vqWbExGrGnT65WeQNJyM8zwaU2,2.567599,4.079917,3.3058690000000004
276900,a/7q4oLh2Ews+7tMcFv6xjLGU0sqCX+ac3IZN4vqWbExGrGnT65WeQNJyM8zwaU2,2.6044669999999996,5.4033169999999995,3.536115
277200,a/7q4oLh2Ews+7tMcFv6xjLGU0sqCX+ac3IZN4vqWbExGrGnT65WeQNJyM8zwaU2,2.063862,4.988871,3.342693
277500,a/7q4oLh2Ews+7tMcFv6xjLGU0sqCX+ac3IZN4vqWbExGrGnT65WeQNJyM8zwaU2,2.709577,4.057741,3.4604
277800,a/7q4oLh2Ews+7tMcFv6xjLGU0sqCX+ac3IZN4vqWbExGrGnT65WeQNJyM8zwaU2,2.296612,5.51928,3.351293
278100,a/7q4oLh2Ews+7tMcFv6xjLGU0sqCX+ac3IZN4vqWbExGrGnT65WeQNJyM8zwaU2,2.835636,5.355918,3.5978440000000003
278400,a/7q4oLh2Ews+7tMcFv6xjLGU0sqCX+ac3IZN4vqWbExGrGnT65WeQNJyM8zwaU2,2.3298799999999997,3.667792,3.223462
278700,a/7q4oLh2Ews+7tMcFv6xjLGU0sqCX+ac3IZN4vqWbExGrGnT65WeQNJyM8zwaU2,2.068391,5.012398,3.593154
279000,a/7q4oLh2Ews+7tMcFv6xjLGU0sqCX+ac3IZN4vqWbExGrGnT65WeQNJyM8zwaU2,2.5231049999999997,4.990843,3.436172
279300,a/7q4oLh2Ews+7tMcFv6xjLGU0sqCX+ac3IZN4vqWbExGrGnT65WeQNJyM8zwaU2,2.597404,4.606288,3.4099739999999996
279600,a/7q4oLh2Ews+7tMcFv6xjLGU0sqCX+ac3IZN4vqWbExGrGnT65WeQNJyM8zwaU2,2.8911580000000003,5.3163599999999995,3.7503370000000005
279900,a/7q4oLh2Ews+7tMcFv6xjLGU0sqCX+ac3IZN4vqWbExGrGnT65WeQNJyM8zwaU2,2.549914,25.764167,5.896757
280200,a/7q4oLh2Ews+7tMcFv6xjLGU0sqCX+ac3IZN4vqWbExGrGnT65WeQNJyM8zwaU2,2.482844,4.211454,3.274357
280500,a/7q4oLh2Ews+7tMcFv6xjLGU0sqCX+ac3IZN4vqWbExGrGnT65WeQNJyM8zwaU2,2.223782,5.477266,3.5654440000000003
280800,a/7q4oLh2Ews+7tMcFv6xjLGU0sqCX+ac3IZN4vqWbExGrGnT65WeQNJyM8zwaU2,2.484761,6.152277,3.586435
281100,a/7q4oLh2Ews+7tMcFv6xjLGU0sqCX+ac3IZN4vqWbExGrGnT65WeQNJyM8zwaU2,2.561484,4.445344,3.373737
281400,a/7q4oLh2Ews+7tMcFv6xjLGU0sqCX+ac3IZN4vqWbExGrGnT65WeQNJyM8zwaU2,2.64966,5.151457,3.74893
281700,a/7q4oLh2Ews+7tMcFv6xjLGU0sqCX+ac3IZN4vqWbExGrGnT65WeQNJyM8zwaU2,2.507519,4.956303,3.4038190000000004
282000,a/7q4oLh2Ews+7tMcFv6xjLGU0sqCX+ac3IZN4vqWbExGrGnT65WeQNJyM8zwaU2,2.446417,4.233308999999999,3.168168
282300,a/7q4oLh2Ews+7tMcFv6xjLGU0sqCX+ac3IZN4vqWbExGrGnT65WeQNJyM8zwaU2,2.504054,5.3962129999999995,3.59345
282600,a/7q4oLh2Ews+7tMcFv6xjLGU0sqCX+ac3IZN4vqWbExGrGnT65WeQNJyM8zwaU2,2.506508,4.919594999999999,3.344625
282900,a/7q4oLh2Ews+7tMcFv6xjLGU0sqCX+ac3IZN4vqWbExGrGnT65WeQNJyM8zwaU2,2.345018,4.212239,3.186204
283200,a/7q4oLh2Ews+7tMcFv6xjLGU0sqCX+ac3IZN4vqWbExGrGnT65WeQNJyM8zwaU2,2.478286,5.2763089999999995,3.449468
283500,a/7q4oLh2Ews+7tMcFv6xjLGU0sqCX+ac3IZN4vqWbExGrGnT65WeQNJyM8zwaU2,2.464779,15.890963000000001,5.536347
283800,a/7q4oLh2Ews+7tMcFv6xjLGU0sqCX+ac3IZN4vqWbExGrGnT65WeQNJyM8zwaU2,2.268863,4.166665,3.108895
284100,a/7q4oLh2Ews+7tMcFv6xjLGU0sqCX+ac3IZN4vqWbExGrGnT65WeQNJyM8zwaU2,2.636264,5.336784,3.75127
284400,a/7q4oLh2Ews+7tMcFv6xjLGU0sqCX+ac3IZN4vqWbExGrGnT65WeQNJyM8zwaU2,2.671344,5.094328,3.5011870000000003
284700,a/7q4oLh2Ews+7tMcFv6xjLGU0sqCX+ac3IZN4vqWbExGrGnT65WeQNJyM8zwaU2,2.402666,4.2157540000000004,3.239851
285000,a/7q4oLh2Ews+7tMcFv6xjLGU0sqCX+ac3IZN4vqWbExGrGnT65WeQNJyM8zwaU2,2.529219,4.919954,3.4742059999999997
285300,a/7q4oLh2Ews+7tMcFv6xjLGU0sqCX+ac3IZN4vqWbExGrGnT65WeQNJyM8zwaU2,2.4813099999999997,4.76865,3.392094
285600,a/7q4oLh2Ews+7tMcFv6xjLGU0sqCX+ac3IZN4vqWbExGrGnT65WeQNJyM8zwaU2,2.559386,3.8784690000000004,3.17082
285900,a/7q4oLh2Ews+7tMcFv6xjLGU0sqCX+ac3IZN4vqWbExGrGnT65WeQNJyM8zwaU2,2.535223,5.493835,3.608369
286200,a/7q4oLh2Ews+7tMcFv6xjLGU0sqCX+ac3IZN4vqWbExGrGnT65WeQNJyM8zwaU2,2.608741,4.907515,3.3741879999999997
286500,a/7q4oLh2Ews+7tMcFv6xjLGU0sqCX+ac3IZN4vqWbExGrGnT65WeQNJyM8zwaU2,2.425547,4.456454,3.122171
286800,a/7q4oLh2Ews+7tMcFv6xjLGU0sqCX+ac3IZN4vqWbExGrGnT65WeQNJyM8zwaU2,2.47487,5.254125,3.4498480000000002
287100,a/7q4oLh2Ews+7tMcFv6xjLGU0sqCX+ac3IZN4vqWbExGrGnT65WeQNJyM8zwaU2,2.501928,24.481997,5.517551
287400,a/7q4oLh2Ews+7tMcFv6xjLGU0sqCX+ac3IZN4vqWbExGrGnT65WeQNJyM8zwaU2,2.318604,4.1675379999999995,3.242474
287700,a/7q4oLh2Ews+7tMcFv6xjLGU0sqCX+ac3IZN4vqWbExGrGnT65WeQNJyM8zwaU2,2.55546,5.513891,3.7008199999999998
288000,a/7q4oLh2Ews+7tMcFv6xjLGU0sqCX+ac3IZN4vqWbExGrGnT65WeQNJyM8zwaU2,2.6328110000000002,4.861883,3.6252470000000003
288300,a/7q4oLh2Ews+7tMcFv6xjLGU0sqCX+ac3IZN4vqWbExGrGnT65WeQNJyM8zwaU2,2.4792799999999997,4.491414,3.352527
288600,a/7q4oLh2Ews+7tMcFv6xjLGU0sqCX+ac3IZN4vqWbExGrGnT65WeQNJyM8zwaU2,2.624597,5.364262,3.5746839999999995
288900,a/7q4oLh2Ews+7tMcFv6xjLGU0sqCX+ac3IZN4vqWbExGrGnT65WeQNJyM8zwaU2,2.6827669999999997,5.014064,3.515888
289200,a/7q4oLh2Ews+7tMcFv6xjLGU0sqCX+ac3IZN4vqWbExGrGnT65WeQNJyM8zwaU2,2.578354,4.178731,3.15497
289500,a/7q4oLh2Ews+7tMcFv6xjLGU0sqCX+ac3IZN4vqWbExGrGnT65WeQNJyM8zwaU2,2.455443,5.135366,3.6393690000000003
289800,a/7q4oLh2Ews+7tMcFv6xjLGU0sqCX+ac3IZN4vqWbExGrGnT65WeQNJyM8zwaU2,2.598652,4.92529,3.523646
290100,a/7q4oLh2Ews+7tMcFv6xjLGU0sqCX+ac3IZN4vqWbExGrGnT65WeQNJyM8zwaU2,2.5596759999999996,4.028631,3.363364
290400,a/7q4oLh2Ews+7tMcFv6xjLGU0sqCX+ac3IZN4vqWbExGrGnT65WeQNJyM8zwaU2,2.522607,5.023514,3.622405
290700,a/7q4oLh2Ews+7tMcFv6xjLGU0sqCX+ac3IZN4vqWbExGrGnT65WeQNJyM8zwaU2,2.158493,26.094661,5.6167620000000005
291000,a/7q4oLh2Ews+7tMcFv6xjLGU0sqCX+ac3IZN4vqWbExGrGnT65WeQNJyM8zwaU2,2.417019,4.539434,3.4288809999999996
291300,a/7q4oLh2Ews+7tMcFv6xjLGU0sqCX+ac3IZN4vqWbExGrGnT65WeQNJyM8zwaU2,2.336963,5.164818,3.59637
291600,a/7q4oLh2Ews+7tMcFv6xjLGU0sqCX+ac3IZN4vqWbExGrGnT65WeQNJyM8zwaU2,2.5220700000000003,4.627399,3.3205410000000004
291900,a/7q4oLh2Ews+7tMcFv6xjLGU0sqCX+ac3IZN4vqWbExGrGnT65WeQNJyM8zwaU2,2.464702,5.363043,3.56066
292200,a/7q4oLh2Ews+7tMcFv6xjLGU0sqCX+ac3IZN4vqWbExGrGnT65WeQNJyM8zwaU2,2.008455,4.8147910000000005,3.356188
292500,a/7q4oLh2Ews+7tMcFv6xjLGU0sqCX+ac3IZN4vqWbExGrGnT65WeQNJyM8zwaU2,2.4651650000000003,4.921765,3.428465
292800,a/7q4oLh2Ews+7tMcFv6xjLGU0sqCX+ac3IZN4vqWbExGrGnT65WeQNJyM8zwaU2,1.912225,4.859808999999999,3.270221
293100,a/7q4oLh2Ews+7tMcFv6xjLGU0sqCX+ac3IZN4vqWbExGrGnT65WeQNJyM8zwaU2,2.654074,4.789828,3.6884650000000003
293400,a/7q4oLh2Ews+7tMcFv6xjLGU0sqCX+ac3IZN4vqWbExGrGnT65WeQNJyM8zwaU2,2.509115,4.544741999999999,3.4410190000000003
293700,a/7q4oLh2Ews+7tMcFv6xjLGU0sqCX+ac3IZN4vqWbExGrGnT65WeQNJyM8zwaU2,2.444888,4.752914,3.5454730000000003
294000,a/7q4oLh2Ews+7tMcFv6xjLGU0sqCX+ac3IZN4vqWbExGrGnT65WeQNJyM8zwaU2,1.979955,5.272486,3.480268
294300,a/7q4oLh2Ews+7tMcFv6xjLGU0sqCX+ac3IZN4vqWbExGrGnT65WeQNJyM8zwaU2,2.546791,15.899825,5.508955
294600,a/7q4oLh2Ews+7tMcFv6xjLGU0sqCX+ac3IZN4vqWbExGrGnT65WeQNJyM8zwaU2,2.235974,5.085705,3.312568
294900,a/7q4oLh2Ews+7tMcFv6xjLGU0sqCX+ac3IZN4vqWbExGrGnT65WeQNJyM8zwaU2,2.083039,4.725441,3.473553
295200,a/7q4oLh2Ews+7tMcFv6xjLGU0sqCX+ac3IZN4vqWbExGrGnT65WeQNJyM8zwaU2,2.574991,28.994932000000002,9.990088
295500,a/7q4oLh2Ews+7tMcFv6xjLGU0sqCX+ac3IZN4vqWbExGrGnT65WeQNJyM8zwaU2,2.285645,4.7850209999999995,3.4822919999999997
295800,a/7q4oLh2Ews+7tMcFv6xjLGU0sqCX+ac3IZN4vqWbExGrGnT65WeQNJyM8zwaU2,2.728976,4.919592,3.619271
296100,a/7q4oLh2Ews+7tMcFv6xjLGU0sqCX+ac3IZN4vqWbExGrGnT65WeQNJyM8zwaU2,2.242973,4.505013,3.267086
296400,a/7q4oLh2Ews+7tMcFv6xjLGU0sqCX+ac3IZN4vqWbExGrGnT65WeQNJyM8zwaU2,2.446809,4.457708,3.275114
296700,a/7q4oLh2Ews+7tMcFv6xjLGU0sqCX+ac3IZN4vqWbExGrGnT65WeQNJyM8zwaU2,2.621566,4.916898000000001,3.556535
297000,a/7q4oLh2Ews+7tMcFv6xjLGU0sqCX+ac3IZN4vqWbExGrGnT65WeQNJyM8zwaU2,2.444101,3.980548,3.253804
297300,a/7q4oLh2Ews+7tMcFv6xjLGU0sqCX+ac3IZN4vqWbExGrGnT65WeQNJyM8zwaU2,2.607909,7.49499,3.7325559999999998
297600,a/7q4oLh2Ews+7tMcFv6xjLGU0sqCX+ac3IZN4vqWbExGrGnT65WeQNJyM8zwaU2,1.929699,4.704147,3.3349519999999995
297900,a/7q4oLh2Ews+7tMcFv6xjLGU0sqCX+ac3IZN4vqWbExGrGnT65WeQNJyM8zwaU2,2.54908,24.371692000000003,5.511324
298200,a/7q4oLh2Ews+7tMcFv6xjLGU0sqCX+ac3IZN4vqWbExGrGnT65WeQNJyM8zwaU2,2.075559,4.69302,3.366168
298500,a/7q4oLh2Ews+7tMcFv6xjLGU0sqCX+ac3IZN4vqWbExGrGnT65WeQNJyM8zwaU2,2.732968,4.755529,3.718265
298800,a/7q4oLh2Ews+7tMcFv6xjLGU0sqCX+ac3IZN4vqWbExGrGnT65WeQNJyM8zwaU2,2.444611,4.448041,3.389987
299100,a/7q4oLh2Ews+7tMcFv6xjLGU0sqCX+ac3IZN4vqWbExGrGnT65WeQNJyM8zwaU2,2.527221,4.842918,3.565786
299400,a/7q4oLh2Ews+7tMcFv6xjLGU0sqCX+ac3IZN4vqWbExGrGnT65WeQNJyM8zwaU2,1.788589,5.078483,3.471954
299700,a/7q4oLh2Ews+7tMcFv6xjLGU0sqCX+ac3IZN4vqWbExGrGnT65WeQNJyM8zwaU2,2.716798,4.981081,3.556778
300000,a/7q4oLh2Ews+7tMcFv6xjLGU0sqCX+ac3IZN4vqWbExGrGnT65WeQNJyM8zwaU2,2.869067,8.106149,3.8083120000000004
300300,a/7q4oLh2Ews+7tMcFv6xjLGU0sqCX+ac3IZN4vqWbExGrGnT65WeQNJyM8zwaU2,2.258714,4.742818,3.618154
300600,a/7q4oLh2Ews+7tMcFv6xjLGU0sqCX+ac3IZN4vqWbExGrGnT65WeQNJyM8zwaU2,2.476067,4.428847,3.2859599999999998
300900,a/7q4oLh2Ews+7tMcFv6xjLGU0sqCX+ac3IZN4vqWbExGrGnT65WeQNJyM8zwaU2,1.948443,4.640798,3.337282
301200,a/7q4oLh2Ews+7tMcFv6xjLGU0sqCX+ac3IZN4vqWbExGrGnT65WeQNJyM8zwaU2,2.453241,4.622047,3.5330529999999998
301500,a/7q4oLh2Ews+7tMcFv6xjLGU0sqCX+ac3IZN4vqWbExGrGnT65WeQNJyM8zwaU2,2.145138,24.091109,5.286617
301800,a/7q4oLh2Ews+7tMcFv6xjLGU0sqCX+ac3IZN4vqWbExGrGnT65WeQNJyM8zwaU2,2.452515,4.444684,3.315205
302100,a/7q4oLh2Ews+7tMcFv6xjLGU0sqCX+ac3IZN4vqWbExGrGnT65WeQNJyM8zwaU2,2.0185779999999998,4.660959,3.502178
302400,a/7q4oLh2Ews+7tMcFv6xjLGU0sqCX+ac3IZN4vqWbExGrGnT65WeQNJyM8zwaU2,2.520464,4.393739,3.327279
302700,a/7q4oLh2Ews+7tMcFv6xjLGU0sqCX+ac3IZN4vqWbExGrGnT65WeQNJyM8zwaU2,2.5901490000000003,8.317765,3.83736
303000,a/7q4oLh2Ews+7tMcFv6xjLGU0sqCX+ac3IZN4vqWbExGrGnT65WeQNJyM8zwaU2,2.198862,4.760882,3.393561
303300,a/7q4oLh2Ews+7tMcFv6xjLGU0sqCX+ac3IZN4vqWbExGrGnT65WeQNJyM8zwaU2,2.463797,4.609991,3.422333
303600,a/7q4oLh2Ews+7tMcFv6xjLGU0sqCX+ac3IZN4vqWbExGrGnT65WeQNJyM8zwaU2,2.395957,4.898123,3.12304
303900,a/7q4oLh2Ews+7tMcFv6xjLGU0sqCX+ac3IZN4vqWbExGrGnT65WeQNJyM8zwaU2,2.493172,4.89316,3.669602
304200,a/7q4oLh2Ews+7tMcFv6xjLGU0sqCX+ac3IZN4vqWbExGrGnT65WeQNJyM8zwaU2,2.430818,4.479349,3.2037150000000003
304500,a/7q4oLh2Ews+7tMcFv6xjLGU0sqCX+ac3IZN4vqWbExGrGnT65WeQNJyM8zwaU2,2.453015,5.5283739999999995,3.383149
304800,a/7q4oLh2Ews+7tMcFv6xjLGU0sqCX+ac3IZN4vqWbExGrGnT65WeQNJyM8zwaU2,2.42179,4.894444,3.387633
305100,a/7q4oLh2Ews+7tMcFv6xjLGU0sqCX+ac3IZN4vqWbExGrGnT65WeQNJyM8zwaU2,2.642327,13.421879,5.424395
305400,a/7q4oLh2Ews+7tMcFv6xjLGU0sqCX+ac3IZN4vqWbExGrGnT65WeQNJyM8zwaU2,2.4449549999999998,6.921038,3.549071
305700,a/7q4oLh2Ews+7tMcFv6xjLGU0sqCX+ac3IZN4vqWbExGrGnT65WeQNJyM8zwaU2,2.3938349999999997,4.8028830000000005,3.4796709999999997
306000,a/7q4oLh2Ews+7tMcFv6xjLGU0sqCX+ac3IZN4vqWbExGrGnT65WeQNJyM8zwaU2,2.50851,4.422152,3.3587010000000004
306300,a/7q4oLh2Ews+7tMcFv6xjLGU0sqCX+ac3IZN4vqWbExGrGnT65WeQNJyM8zwaU2,2.074425,5.6461760000000005,3.240154
306600,a/7q4oLh2Ews+7tMcFv6xjLGU0sqCX+ac3IZN4vqWbExGrGnT65WeQNJyM8zwaU2,2.4826599999999996,4.714423,3.5494760000000003
306900,a/7q4oLh2Ews+7tMcFv6xjLGU0sqCX+ac3IZN4vqWbExGrGnT65WeQNJyM8zwaU2,2.709147,4.81438,3.2221349999999997
307200,a/7q4oLh2Ews+7tMcFv6xjLGU0sqCX+ac3IZN4vqWbExGrGnT65WeQNJyM8zwaU2,2.428874,4.886258,3.2538869999999998
307500,a/7q4oLh2Ews+7tMcFv6xjLGU0sqCX+ac3IZN4vqWbExGrGnT65WeQNJyM8zwaU2,2.5117979999999998,4.88402,3.5180480000000003
307800,a/7q4oLh2Ews+7tMcFv6xjLGU0sqCX+ac3IZN4vqWbExGrGnT65WeQNJyM8zwaU2,2.480011,4.405692,3.234452
308100,a/7q4oLh2Ews+7tMcFv6xjLGU0sqCX+ac3IZN4vqWbExGrGnT65WeQNJyM8zwaU2,2.621612,8.999141999999999,3.718546
308400,a/7q4oLh2Ews+7tMcFv6xjLGU0sqCX+ac3IZN4vqWbExGrGnT65WeQNJyM8zwaU2,2.515737,4.694954,3.3896900000000003
308700,a/7q4oLh2Ews+7tMcFv6xjLGU0sqCX+ac3IZN4vqWbExGrGnT65WeQNJyM8zwaU2,2.639737,23.734973999999998,5.400752
309000,a/7q4oLh2Ews+7tMcFv6xjLGU0sqCX+ac3IZN4vqWbExGrGnT65WeQNJyM8zwaU2,2.460544,4.914822,3.257184
309300,a/7q4oLh2Ews+7tMcFv6xjLGU0sqCX+ac3IZN4vqWbExGrGnT65WeQNJyM8zwaU2,2.522183,5.020035,3.6315449999999996
309600,a/7q4oLh2Ews+7tMcFv6xjLGU0sqCX+ac3IZN4vqWbExGrGnT65WeQNJyM8zwaU2,2.616805,4.036218,3.188868
309900,a/7q4oLh2Ews+7tMcFv6xjLGU0sqCX+ac3IZN4vqWbExGrGnT65WeQNJyM8zwaU2,2.585105,5.725457,3.4312
310200,a/7q4oLh2Ews+7tMcFv6xjLGU0sqCX+ac3IZN4vqWbExGrGnT65WeQNJyM8zwaU2,2.501693,4.846561,3.3356470000000003
310500,a/7q4oLh2Ews+7tMcFv6xjLGU0sqCX+ac3IZN4vqWbExGrGnT65WeQNJyM8zwaU2,2.5798520000000003,4.578223,3.31371
310800,a/7q4oLh2Ews+7tMcFv6xjLGU0sqCX+ac3IZN4vqWbExGrGnT65WeQNJyM8zwaU2,2.585943,8.816271,3.674064
311100,a/7q4oLh2Ews+7tMcFv6xjLGU0sqCX+ac3IZN4vqWbExGrGnT65WeQNJyM8zwaU2,2.524163,4.651468,3.4134599999999997
311400,a/7q4oLh2Ews+7tMcFv6xjLGU0sqCX+ac3IZN4vqWbExGrGnT65WeQNJyM8zwaU2,2.392003,4.217655000000001,3.3029019999999996
311700,a/7q4oLh2Ews+7tMcFv6xjLGU0sqCX+ac3IZN4vqWbExGrGnT65WeQNJyM8zwaU2,2.569589,5.658049,3.384225
312000,a/7q4oLh2Ews+7tMcFv6xjLGU0sqCX+ac3IZN4vqWbExGrGnT65WeQNJyM8zwaU2,2.685721,5.117755000000001,3.663222
312300,a/7q4oLh2Ews+7tMcFv6xjLGU0sqCX+ac3IZN4vqWbExGrGnT65WeQNJyM8zwaU2,2.772907,23.672539,5.537415
312600,a/7q4oLh2Ews+7tMcFv6xjLGU0sqCX+ac3IZN4vqWbExGrGnT65WeQNJyM8zwaU2,2.587817,5.061204,3.467973
312900,a/7q4oLh2Ews+7tMcFv6xjLGU0sqCX+ac3IZN4vqWbExGrGnT65WeQNJyM8zwaU2,2.575209,4.856315,3.545085
313200,a/7q4oLh2Ews+7tMcFv6xjLGU0sqCX+ac3IZN4vqWbExGrGnT65WeQNJyM8zwaU2,2.433382,4.212482,3.324689
313500,a/7q4oLh2Ews+7tMcFv6xjLGU0sqCX+ac3IZN4vqWbExGrGnT65WeQNJyM8zwaU2,2.6741200000000003,11.299077,3.9900830000000003
313800,a/7q4oLh2Ews+7tMcFv6xjLGU0sqCX+ac3IZN4vqWbExGrGnT65WeQNJyM8zwaU2,2.595442,11.155408,4.119029
314100,a/7q4oLh2Ews+7tMcFv6xjLGU0sqCX+ac3IZN4vqWbExGrGnT65WeQNJyM8zwaU2,2.530329,4.800496,3.297996
314400,a/7q4oLh2Ews+7tMcFv6xjLGU0sqCX+ac3IZN4vqWbExGrGnT65WeQNJyM8zwaU2,2.5885,11.016583,4.031723
314700,a/7q4oLh2Ews+7tMcFv6xjLGU0sqCX+ac3IZN4vqWbExGrGnT65WeQNJyM8zwaU2,2.828399,4.629284999999999,3.7470730000000003
315000,a/7q4oLh2Ews+7tMcFv6xjLGU0sqCX+ac3IZN4vqWbExGrGnT65WeQNJyM8zwaU2,2.771558,4.228176,3.334854
315300,a/7q4oLh2Ews+7tMcFv6xjLGU0sqCX+ac3IZN4vqWbExGrGnT65WeQNJyM8zwaU2,2.8400090000000002,4.505782,3.5197809999999996
315600,a/7q4oLh2Ews+7tMcFv6xjLGU0sqCX+ac3IZN4vqWbExGrGnT65WeQNJyM8zwaU2,2.6808919999999996,28.07617,5.865707
315900,a/7q4oLh2Ews+7tMcFv6xjLGU0sqCX+ac3IZN4vqWbExGrGnT65WeQNJyM8zwaU2,2.629388,15.963885999999999,5.673615
316200,a/7q4oLh2Ews+7tMcFv6xjLGU0sqCX+ac3IZN4vqWbExGrGnT65WeQNJyM8zwaU2,2.7023900000000003,5.704237,3.58039
316500,a/7q4oLh2Ews+7tMcFv6xjLGU0sqCX+ac3IZN4vqWbExGrGnT65WeQNJyM8zwaU2,2.834109,4.374272,3.505963
316800,a/7q4oLh2Ews+7tMcFv6xjLGU0sqCX+ac3IZN4vqWbExGrGnT65WeQNJyM8zwaU2,2.616679,4.8113,3.429814
317100,a/7q4oLh2Ews+7tMcFv6xjLGU0sqCX+ac3IZN4vqWbExGrGnT65WeQNJyM8zwaU2,2.595806,4.484749,3.45877
317400,a/7q4oLh2Ews+7tMcFv6xjLGU0sqCX+ac3IZN4vqWbExGrGnT65WeQNJyM8zwaU2,2.539813,4.246291,3.411153
317700,a/7q4oLh2Ews+7tMcFv6xjLGU0sqCX+ac3IZN4vqWbExGrGnT65WeQNJyM8zwaU2,2.803698,5.061934,3.576168
318000,a/7q4oLh2Ews+7tMcFv6xjLGU0sqCX+ac3IZN4vqWbExGrGnT65WeQNJyM8zwaU2,2.558293,4.726571,3.3692559999999996
318300,a/7q4oLh2Ews+7tMcFv6xjLGU0sqCX+ac3IZN4vqWbExGrGnT65WeQNJyM8zwaU2,2.670985,7.428636,3.9689629999999996
318600,a/7q4oLh2Ews+7tMcFv6xjLGU0sqCX+ac3IZN4vqWbExGrGnT65WeQNJyM8zwaU2,2.531037,4.899258000000001,3.435532
318900,a/7q4oLh2Ews+7tMcFv6xjLGU0sqCX+ac3IZN4vqWbExGrGnT65WeQNJyM8zwaU2,2.539305,5.476308,3.6130720000000003
319200,a/7q4oLh2Ews+7tMcFv6xjLGU0sqCX+ac3IZN4vqWbExGrGnT65WeQNJyM8zwaU2,2.209778,4.691398,3.4291400000000003
319500,a/7q4oLh2Ews+7tMcFv6xjLGU0sqCX+ac3IZN4vqWbExGrGnT65WeQNJyM8zwaU2,2.63783,24.850217999999998,5.650322
319800,a/7q4oLh2Ews+7tMcFv6xjLGU0sqCX+ac3IZN4vqWbExGrGnT65WeQNJyM8zwaU2,2.661448,4.9263639999999995,3.455913
320100,a/7q4oLh2Ews+7tMcFv6xjLGU0sqCX+ac3IZN4vqWbExGrGnT65WeQNJyM8zwaU2,2.93824,4.6548739999999995,3.699396
320400,a/7q4oLh2Ews+7tMcFv6xjLGU0sqCX+ac3IZN4vqWbExGrGnT65WeQNJyM8zwaU2,2.648844,5.114627,3.546393
320700,a/7q4oLh2Ews+7tMcFv6xjLGU0sqCX+ac3IZN4vqWbExGrGnT65WeQNJyM8zwaU2,2.5811580000000003,4.671243,3.406925
321000,a/7q4oLh2Ews+7tMcFv6xjLGU0sqCX+ac3IZN4vqWbExGrGnT65WeQNJyM8zwaU2,2.6693740000000004,10.658583,4.294544
321300,a/7q4oLh2Ews+7tMcFv6xjLGU0sqCX+ac3IZN4vqWbExGrGnT65WeQNJyM8zwaU2,2.5417080000000003,4.864806,3.5285519999999995
321600,a/7q4oLh2Ews+7tMcFv6xjLGU0sqCX+ac3IZN4vqWbExGrGnT65WeQNJyM8zwaU2,2.6162650000000003,5.994267,3.698886
321900,a/7q4oLh2Ews+7tMcFv6xjLGU0sqCX+ac3IZN4vqWbExGrGnT65WeQNJyM8zwaU2,2.901062,4.7682910000000005,3.775381
322200,a/7q4oLh2Ews+7tMcFv6xjLGU0sqCX+ac3IZN4vqWbExGrGnT65WeQNJyM8zwaU2,2.641284,4.84679,3.5182599999999997
322500,a/7q4oLh2Ews+7tMcFv6xjLGU0sqCX+ac3IZN4vqWbExGrGnT65WeQNJyM8zwaU2,2.599174,4.987529,3.7632199999999996
322800,a/7q4oLh2Ews+7tMcFv6xjLGU0sqCX+ac3IZN4vqWbExGrGnT65WeQNJyM8zwaU2,2.713437,9.947721000000001,4.976575
323100,a/7q4oLh2Ews+7tMcFv6xjLGU0sqCX+ac3IZN4vqWbExGrGnT65WeQNJyM8zwaU2,2.6781,24.890824,6.015296
323400,a/7q4oLh2Ews+7tMcFv6xjLGU0sqCX+ac3IZN4vqWbExGrGnT65WeQNJyM8zwaU2,2.4867150000000002,4.809112,3.395433
323700,a/7q4oLh2Ews+7tMcFv6xjLGU0sqCX+ac3IZN4vqWbExGrGnT65WeQNJyM8zwaU2,2.786127,4.886075,3.934701
324000,a/7q4oLh2Ews+7tMcFv6xjLGU0sqCX+ac3IZN4vqWbExGrGnT65WeQNJyM8zwaU2,2.6382529999999997,31.666926,10.094918
324300,a/7q4oLh2Ews+7tMcFv6xjLGU0sqCX+ac3IZN4vqWbExGrGnT65WeQNJyM8zwaU2,2.805023,5.046982,3.467368
324600,a/7q4oLh2Ews+7tMcFv6xjLGU0sqCX+ac3IZN4vqWbExGrGnT65WeQNJyM8zwaU2,2.799096,4.621268,3.505068
324900,a/7q4oLh2Ews+7tMcFv6xjLGU0sqCX+ac3IZN4vqWbExGrGnT65WeQNJyM8zwaU2,2.586344,4.733471,3.536251
325200,a/7q4oLh2Ews+7tMcFv6xjLGU0sqCX+ac3IZN4vqWbExGrGnT65WeQNJyM8zwaU2,2.661167,4.792018,3.429099
325500,a/7q4oLh2Ews+7tMcFv6xjLGU0sqCX+ac3IZN4vqWbExGrGnT65WeQNJyM8zwaU2,2.8409150000000003,4.608401000000001,3.6462339999999998
325800,a/7q4oLh2Ews+7tMcFv6xjLGU0sqCX+ac3IZN4vqWbExGrGnT65WeQNJyM8zwaU2,2.6958330000000004,5.460582,3.561088
326100,a/7q4oLh2Ews+7tMcFv6xjLGU0sqCX+ac3IZN4vqWbExGrGnT65WeQNJyM8zwaU2,2.7103200000000003,4.5160860000000005,3.587136
326400,a/7q4oLh2Ews+7tMcFv6xjLGU0sqCX+ac3IZN4vqWbExGrGnT65WeQNJyM8zwaU2,2.672902,4.176413,3.370979
326700,a/7q4oLh2Ews+7tMcFv6xjLGU0sqCX+ac3IZN4vqWbExGrGnT65WeQNJyM8zwaU2,2.807074,12.369378999999999,4.417832
327000,a/7q4oLh2Ews+7tMcFv6xjLGU0sqCX+ac3IZN4vqWbExGrGnT65WeQNJyM8zwaU2,2.739394,15.289658,4.509723
327300,a/7q4oLh2Ews+7tMcFv6xjLGU0sqCX+ac3IZN4vqWbExGrGnT65WeQNJyM8zwaU2,2.827048,4.465883,3.7023410000000005
327600,a/7q4oLh2Ews+7tMcFv6xjLGU0sqCX+ac3IZN4vqWbExGrGnT65WeQNJyM8zwaU2,2.878857,25.229786999999998,5.668343
327900,a/7q4oLh2Ews+7tMcFv6xjLGU0sqCX+ac3IZN4vqWbExGrGnT65WeQNJyM8zwaU2,2.817697,10.2838,4.250946
328200,a/7q4oLh2Ews+7tMcFv6xjLGU0sqCX+ac3IZN4vqWbExGrGnT65WeQNJyM8zwaU2,2.784598,4.445336,3.554763
328500,a/7q4oLh2Ews+7tMcFv6xjLGU0sqCX+ac3IZN4vqWbExGrGnT65WeQNJyM8zwaU2,2.800011,6.190751000000001,3.860071
328800,a/7q4oLh2Ews+7tMcFv6xjLGU0sqCX+ac3IZN4vqWbExGrGnT65WeQNJyM8zwaU2,2.793978,4.987257,3.454764
329100,a/7q4oLh2Ews+7tMcFv6xjLGU0sqCX+ac3IZN4vqWbExGrGnT65WeQNJyM8zwaU2,2.654727,4.632233,3.6076589999999995
329400,a/7q4oLh2Ews+7tMcFv6xjLGU0sqCX+ac3IZN4vqWbExGrGnT65WeQNJyM8zwaU2,2.677677,5.2219809999999995,3.3859489999999997
329700,a/7q4oLh2Ews+7tMcFv6xjLGU0sqCX+ac3IZN4vqWbExGrGnT65WeQNJyM8zwaU2,2.584607,10.95545,4.1673290000000005
330000,a/7q4oLh2Ews+7tMcFv6xjLGU0sqCX+ac3IZN4vqWbExGrGnT65WeQNJyM8zwaU2,2.769229,4.0709230000000005,3.426075
330300,a/7q4oLh2Ews+7tMcFv6xjLGU0sqCX+ac3IZN4vqWbExGrGnT65WeQNJyM8zwaU2,1.9803669999999998,5.975072,3.38314
330600,a/7q4oLh2Ews+7tMcFv6xjLGU0sqCX+ac3IZN4vqWbExGrGnT65WeQNJyM8zwaU2,2.731913,23.920241,5.784234
330900,a/7q4oLh2Ews+7tMcFv6xjLGU0sqCX+ac3IZN4vqWbExGrGnT65WeQNJyM8zwaU2,2.907505,4.399863,3.6320010000000003
331200,a/7q4oLh2Ews+7tMcFv6xjLGU0sqCX+ac3IZN4vqWbExGrGnT65WeQNJyM8zwaU2,2.506724,5.00934,3.3028779999999998
331500,a/7q4oLh2Ews+7tMcFv6xjLGU0sqCX+ac3IZN4vqWbExGrGnT65WeQNJyM8zwaU2,2.7491220000000003,4.55021,3.4484760000000003
331800,a/7q4oLh2Ews+7tMcFv6xjLGU0sqCX+ac3IZN4vqWbExGrGnT65WeQNJyM8zwaU2,2.792652,4.340895,3.535505
332100,a/7q4oLh2Ews+7tMcFv6xjLGU0sqCX+ac3IZN4vqWbExGrGnT65WeQNJyM8zwaU2,2.829446,5.694739,3.6085730000000003
332400,a/7q4oLh2Ews+7tMcFv6xjLGU0sqCX+ac3IZN4vqWbExGrGnT65WeQNJyM8zwaU2,2.928101,53.168489,12.424632
332700,a/7q4oLh2Ews+7tMcFv6xjLGU0sqCX+ac3IZN4vqWbExGrGnT65WeQNJyM8zwaU2,2.890034,5.229804,3.9446769999999995
333000,a/7q4oLh2Ews+7tMcFv6xjLGU0sqCX+ac3IZN4vqWbExGrGnT65WeQNJyM8zwaU2,2.594668,5.954593,3.545026
333300,a/7q4oLh2Ews+7tMcFv6xjLGU0sqCX+ac3IZN4vqWbExGrGnT65WeQNJyM8zwaU2,1.979695,4.858525,3.4443
333600,a/7q4oLh2Ews+7tMcFv6xjLGU0sqCX+ac3IZN4vqWbExGrGnT65WeQNJyM8zwaU2,2.9024229999999998,4.505783999999999,3.5006779999999997
333900,a/7q4oLh2Ews+7tMcFv6xjLGU0sqCX+ac3IZN4vqWbExGrGnT65WeQNJyM8zwaU2,2.818197,5.814456,3.4321029999999997
334200,a/7q4oLh2Ews+7tMcFv6xjLGU0sqCX+ac3IZN4vqWbExGrGnT65WeQNJyM8zwaU2,2.77391,24.016368,5.5187870000000006
334500,a/7q4oLh2Ews+7tMcFv6xjLGU0sqCX+ac3IZN4vqWbExGrGnT65WeQNJyM8zwaU2,2.7474849999999997,5.036536,3.756738
334800,a/7q4oLh2Ews+7tMcFv6xjLGU0sqCX+ac3IZN4vqWbExGrGnT65WeQNJyM8zwaU2,2.554856,5.345537,3.369326
335100,a/7q4oLh2Ews+7tMcFv6xjLGU0sqCX+ac3IZN4vqWbExGrGnT65WeQNJyM8zwaU2,2.640903,5.007194,3.457543
335400,a/7q4oLh2Ews+7tMcFv6xjLGU0sqCX+ac3IZN4vqWbExGrGnT65WeQNJyM8zwaU2,2.722473,4.537246,3.4704620000000004
335700,a/7q4oLh2Ews+7tMcFv6xjLGU0sqCX+ac3IZN4vqWbExGrGnT65WeQNJyM8zwaU2,2.633196,6.194014,3.5501949999999995
336000,a/7q4oLh2Ews+7tMcFv6xjLGU0sqCX+ac3IZN4vqWbExGrGnT65WeQNJyM8zwaU2,2.2293540000000003,4.5973809999999995,3.230956
336300,a/7q4oLh2Ews+7tMcFv6xjLGU0sqCX+ac3IZN4vqWbExGrGnT65WeQNJyM8zwaU2,2.752882,4.690613,3.5704480000000003
336600,a/7q4oLh2Ews+7tMcFv6xjLGU0sqCX+ac3IZN4vqWbExGrGnT65WeQNJyM8zwaU2,1.976918,5.49637,3.245576
336900,a/7q4oLh2Ews+7tMcFv6xjLGU0sqCX+ac3IZN4vqWbExGrGnT65WeQNJyM8zwaU2,2.68812,4.821937999999999,3.463044
337200,a/7q4oLh2Ews+7tMcFv6xjLGU0sqCX+ac3IZN4vqWbExGrGnT65WeQNJyM8zwaU2,2.755751,4.296952,3.4580029999999997
337500,a/7q4oLh2Ews+7tMcFv6xjLGU0sqCX+ac3IZN4vqWbExGrGnT65WeQNJyM8zwaU2,2.792852,5.5145800000000005,3.4559
337800,a/7q4oLh2Ews+7tMcFv6xjLGU0sqCX+ac3IZN4vqWbExGrGnT65WeQNJyM8zwaU2,2.624196,16.941728,5.77835
338100,a/7q4oLh2Ews+7tMcFv6xjLGU0sqCX+ac3IZN4vqWbExGrGnT65WeQNJyM8zwaU2,2.736384,4.545057,3.5867970000000002
338400,a/7q4oLh2Ews+7tMcFv6xjLGU0sqCX+ac3IZN4vqWbExGrGnT65WeQNJyM8zwaU2,2.056179,5.497763,3.400147
338700,a/7q4oLh2Ews+7tMcFv6xjLGU0sqCX+ac3IZN4vqWbExGrGnT65WeQNJyM8zwaU2,2.270829,4.359079,3.4078370000000002
339000,a/7q4oLh2Ews+7tMcFv6xjLGU0sqCX+ac3IZN4vqWbExGrGnT65WeQNJyM8zwaU2,2.775081,4.720594,3.4759480000000003
339300,a/7q4oLh2Ews+7tMcFv6xjLGU0sqCX+ac3IZN4vqWbExGrGnT65WeQNJyM8zwaU2,2.647071,4.747823,3.312575
339600,a/7q4oLh2Ews+7tMcFv6xjLGU0sqCX+ac3IZN4vqWbExGrGnT65WeQNJyM8zwaU2,2.605481,4.108181,3.186732
339900,a/7q4oLh2Ews+7tMcFv6xjLGU0sqCX+ac3IZN4vqWbExGrGnT65WeQNJyM8zwaU2,2.130046,5.655404,3.5544519999999995
340200,a/7q4oLh2Ews+7tMcFv6xjLGU0sqCX+ac3IZN4vqWbExGrGnT65WeQNJyM8zwaU2,2.550953,4.3274099999999995,3.3494010000000003
340500,a/7q4oLh2Ews+7tMcFv6xjLGU0sqCX+ac3IZN4vqWbExGrGnT65WeQNJyM8zwaU2,2.115954,4.399058,3.285135
340800,a/7q4oLh2Ews+7tMcFv6xjLGU0sqCX+ac3IZN4vqWbExGrGnT65WeQNJyM8zwaU2,2.651602,5.356859,3.6097349999999997
341100,a/7q4oLh2Ews+7tMcFv6xjLGU0sqCX+ac3IZN4vqWbExGrGnT65WeQNJyM8zwaU2,2.1364009999999998,4.832575,3.4056870000000004
341400,a/7q4oLh2Ews+7tMcFv6xjLGU0sqCX+ac3IZN4vqWbExGrGnT65WeQNJyM8zwaU2,2.587653,24.683742000000002,5.4969209999999995
341700,a/7q4oLh2Ews+7tMcFv6xjLGU0sqCX+ac3IZN4vqWbExGrGnT65WeQNJyM8zwaU2,2.969236,5.425044000000001,3.7539029999999998
342000,a/7q4oLh2Ews+7tMcFv6xjLGU0sqCX+ac3IZN4vqWbExGrGnT65WeQNJyM8zwaU2,1.989901,29.393842,7.929019
342300,a/7q4oLh2Ews+7tMcFv6xjLGU0sqCX+ac3IZN4vqWbExGrGnT65WeQNJyM8zwaU2,2.652006,4.725859,3.423634
342600,a/7q4oLh2Ews+7tMcFv6xjLGU0sqCX+ac3IZN4vqWbExGrGnT65WeQNJyM8zwaU2,2.56996,5.533779,3.6227110000000002
342900,a/7q4oLh2Ews+7tMcFv6xjLGU0sqCX+ac3IZN4vqWbExGrGnT65WeQNJyM8zwaU2,2.529957,5.4925559999999995,3.570604
343200,a/7q4oLh2Ews+7tMcFv6xjLGU0sqCX+ac3IZN4vqWbExGrGnT65WeQNJyM8zwaU2,2.32749,4.323976999999999,3.251414
343500,a/7q4oLh2Ews+7tMcFv6xjLGU0sqCX+ac3IZN4vqWbExGrGnT65WeQNJyM8zwaU2,2.860816,5.558285,3.7714879999999997
343800,a/7q4oLh2Ews+7tMcFv6xjLGU0sqCX+ac3IZN4vqWbExGrGnT65WeQNJyM8zwaU2,2.066318,4.65943,3.4615050000000003
344100,a/7q4oLh2Ews+7tMcFv6xjLGU0sqCX+ac3IZN4vqWbExGrGnT65WeQNJyM8zwaU2,2.396522,5.040616,3.247195
344400,a/7q4oLh2Ews+7tMcFv6xjLGU0sqCX+ac3IZN4vqWbExGrGnT65WeQNJyM8zwaU2,2.798547,5.6578800000000005,3.6080360000000002
344700,a/7q4oLh2Ews+7tMcFv6xjLGU0sqCX+ac3IZN4vqWbExGrGnT65WeQNJyM8zwaU2,2.414672,4.878538,3.374614
345000,a/7q4oLh2Ews+7tMcFv6xjLGU0sqCX+ac3IZN4vqWbExGrGnT65WeQNJyM8zwaU2,2.7516990000000003,24.82324,5.347704
345300,a/7q4oLh2Ews+7tMcFv6xjLGU0sqCX+ac3IZN4vqWbExGrGnT65WeQNJyM8zwaU2,2.7137119999999997,5.664886,3.672497
345600,a/7q4oLh2Ews+7tMcFv6xjLGU0sqCX+ac3IZN4vqWbExGrGnT65WeQNJyM8zwaU2,2.558582,4.489546,3.3865809999999996
345900,a/7q4oLh2Ews+7tMcFv6xjLGU0sqCX+ac3IZN4vqWbExGrGnT65WeQNJyM8zwaU2,2.574849,4.579111,3.266274
346200,a/7q4oLh2Ews+7tMcFv6xjLGU0sqCX+ac3IZN4vqWbExGrGnT65WeQNJyM8zwaU2,2.695279,5.650551999999999,3.5155629999999998
346500,a/7q4oLh2Ews+7tMcFv6xjLGU0sqCX+ac3IZN4vqWbExGrGnT65WeQNJyM8zwaU2,2.0511459999999997,4.765882,3.3581779999999997
346800,a/7q4oLh2Ews+7tMcFv6xjLGU0sqCX+ac3IZN4vqWbExGrGnT65WeQNJyM8zwaU2,2.251696,4.1383,3.095437
347100,a/7q4oLh2Ews+7tMcFv6xjLGU0sqCX+ac3IZN4vqWbExGrGnT65WeQNJyM8zwaU2,2.751985,5.439508999999999,3.656044
347400,a/7q4oLh2Ews+7tMcFv6xjLGU0sqCX+ac3IZN4vqWbExGrGnT65WeQNJyM8zwaU2,1.99548,4.5742199999999995,3.219122
347700,a/7q4oLh2Ews+7tMcFv6xjLGU0sqCX+ac3IZN4vqWbExGrGnT65WeQNJyM8zwaU2,2.509502,4.404635,3.22231
348000,a/7q4oLh2Ews+7tMcFv6xjLGU0sqCX+ac3IZN4vqWbExGrGnT65WeQNJyM8zwaU2,2.4088830000000003,5.886908999999999,3.430586
348300,a/7q4oLh2Ews+7tMcFv6xjLGU0sqCX+ac3IZN4vqWbExGrGnT65WeQNJyM8zwaU2,2.586401,4.673121,3.4897489999999998
348600,a/7q4oLh2Ews+7tMcFv6xjLGU0sqCX+ac3IZN4vqWbExGrGnT65WeQNJyM8zwaU2,2.43093,9.397435,3.7223309999999996
348900,a/7q4oLh2Ews+7tMcFv6xjLGU0sqCX+ac3IZN4vqWbExGrGnT65WeQNJyM8zwaU2,2.818594,5.5723970000000005,3.6110379999999997
349200,a/7q4oLh2Ews+7tMcFv6xjLGU0sqCX+ac3IZN4vqWbExGrGnT65WeQNJyM8zwaU2,1.964445,4.577232,3.3135769999999996
349500,a/7q4oLh2Ews+7tMcFv6xjLGU0sqCX+ac3IZN4vqWbExGrGnT65WeQNJyM8zwaU2,2.383065,4.4751129999999995,3.327057
349800,a/7q4oLh2Ews+7tMcFv6xjLGU0sqCX+ac3IZN4vqWbExGrGnT65WeQNJyM8zwaU2,2.602033,5.656281,3.5311779999999997
350100,a/7q4oLh2Ews+7tMcFv6xjLGU0sqCX+ac3IZN4vqWbExGrGnT65WeQNJyM8zwaU2,2.53629,4.332537,3.317733
350400,a/7q4oLh2Ews+7tMcFv6xjLGU0sqCX+ac3IZN4vqWbExGrGnT65WeQNJyM8zwaU2,2.64584,4.232494,3.230839
350700,a/7q4oLh2Ews+7tMcFv6xjLGU0sqCX+ac3IZN4vqWbExGrGnT65WeQNJyM8zwaU2,2.9065369999999997,5.612931,3.680242
351000,a/7q4oLh2Ews+7tMcFv6xjLGU0sqCX+ac3IZN4vqWbExGrGnT65WeQNJyM8zwaU2,2.473842,4.3617099999999995,3.356825
351300,a/7q4oLh2Ews+7tMcFv6xjLGU0sqCX+ac3IZN4vqWbExGrGnT65WeQNJyM8zwaU2,2.069041,4.32717,3.162912
351600,a/7q4oLh2Ews+7tMcFv6xjLGU0sqCX+ac3IZN4vqWbExGrGnT65WeQNJyM8zwaU2,2.705499,5.185988,3.535671
351900,a/7q4oLh2Ews+7tMcFv6xjLGU0sqCX+ac3IZN4vqWbExGrGnT65WeQNJyM8zwaU2,2.605808,6.422486,3.776414
352200,a/7q4oLh2Ews+7tMcFv6xjLGU0sqCX+ac3IZN4vqWbExGrGnT65WeQNJyM8zwaU2,2.425061,24.543236,5.437785
352500,a/7q4oLh2Ews+7tMcFv6xjLGU0sqCX+ac3IZN4vqWbExGrGnT65WeQNJyM8zwaU2,2.76773,5.525521,3.7069620000000003
352800,a/7q4oLh2Ews+7tMcFv6xjLGU0sqCX+ac3IZN4vqWbExGrGnT65WeQNJyM8zwaU2,2.208628,35.947483,9.983766000000001
353100,a/7q4oLh2Ews+7tMcFv6xjLGU0sqCX+ac3IZN4vqWbExGrGnT65WeQNJyM8zwaU2,2.638012,4.670187,3.3460410000000005
353400,a/7q4oLh2Ews+7tMcFv6xjLGU0sqCX+ac3IZN4vqWbExGrGnT65WeQNJyM8zwaU2,2.196612,5.196437,3.5481879999999997
353700,a/7q4oLh2Ews+7tMcFv6xjLGU0sqCX+ac3IZN4vqWbExGrGnT65WeQNJyM8zwaU2,2.48915,4.859321,3.434279
354000,a/7q4oLh2Ews+7tMcFv6xjLGU0sqCX+ac3IZN4vqWbExGrGnT65WeQNJyM8zwaU2,1.8314560000000002,4.12231,3.095774
354300,a/7q4oLh2Ews+7tMcFv6xjLGU0sqCX+ac3IZN4vqWbExGrGnT65WeQNJyM8zwaU2,2.8614990000000002,5.274207,3.6605209999999997
354600,a/7q4oLh2Ews+7tMcFv6xjLGU0sqCX+ac3IZN4vqWbExGrGnT65WeQNJyM8zwaU2,1.9982090000000001,4.226628,3.2989580000000003
354900,a/7q4oLh2Ews+7tMcFv6xjLGU0sqCX+ac3IZN4vqWbExGrGnT65WeQNJyM8zwaU2,2.589216,4.168207,3.2505290000000002
355200,a/7q4oLh2Ews+7tMcFv6xjLGU0sqCX+ac3IZN4vqWbExGrGnT65WeQNJyM8zwaU2,2.612234,5.041778,3.504029
355500,a/7q4oLh2Ews+7tMcFv6xjLGU0sqCX+ac3IZN4vqWbExGrGnT65WeQNJyM8zwaU2,1.8070689999999998,4.38198,3.222629
355800,a/7q4oLh2Ews+7tMcFv6xjLGU0sqCX+ac3IZN4vqWbExGrGnT65WeQNJyM8zwaU2,2.722412,24.968555,5.388725
356100,a/7q4oLh2Ews+7tMcFv6xjLGU0sqCX+ac3IZN4vqWbExGrGnT65WeQNJyM8zwaU2,2.010149,5.23234,3.55436
356400,a/7q4oLh2Ews+7tMcFv6xjLGU0sqCX+ac3IZN4vqWbExGrGnT65WeQNJyM8zwaU2,2.561156,4.529333,3.4804660000000003
356700,a/7q4oLh2Ews+7tMcFv6xjLGU0sqCX+ac3IZN4vqWbExGrGnT65WeQNJyM8zwaU2,2.254315,4.276843,3.2888379999999997
357000,a/7q4oLh2Ews+7tMcFv6xjLGU0sqCX+ac3IZN4vqWbExGrGnT65WeQNJyM8zwaU2,2.682878,4.802428,3.531725
357300,a/7q4oLh2Ews+7tMcFv6xjLGU0sqCX+ac3IZN4vqWbExGrGnT65WeQNJyM8zwaU2,2.236631,4.938268,3.465607
357600,a/7q4oLh2Ews+7tMcFv6xjLGU0sqCX+ac3IZN4vqWbExGrGnT65WeQNJyM8zwaU2,2.2901580000000004,3.831328,3.1879310000000003
357900,a/7q4oLh2Ews+7tMcFv6xjLGU0sqCX+ac3IZN4vqWbExGrGnT65WeQNJyM8zwaU2,2.857704,5.616961,3.7636519999999996
358200,a/7q4oLh2Ews+7tMcFv6xjLGU0sqCX+ac3IZN4vqWbExGrGnT65WeQNJyM8zwaU2,2.748812,9.249602000000001,4.019616
358500,a/7q4oLh2Ews+7tMcFv6xjLGU0sqCX+ac3IZN4vqWbExGrGnT65WeQNJyM8zwaU2,2.699229,4.215701,3.311829
358800,a/7q4oLh2Ews+7tMcFv6xjLGU0sqCX+ac3IZN4vqWbExGrGnT65WeQNJyM8zwaU2,2.7000830000000002,4.8908309999999995,3.6629379999999996
359100,a/7q4oLh2Ews+7tMcFv6xjLGU0sqCX+ac3IZN4vqWbExGrGnT65WeQNJyM8zwaU2,2.616645,4.727915,3.536493
359400,a/7q4oLh2Ews+7tMcFv6xjLGU0sqCX+ac3IZN4vqWbExGrGnT65WeQNJyM8zwaU2,2.491644,70.807588,11.349794000000001
359700,a/7q4oLh2Ews+7tMcFv6xjLGU0sqCX+ac3IZN4vqWbExGrGnT65WeQNJyM8zwaU2,2.7007220000000003,5.339437,3.642704
360000,a/7q4oLh2Ews+7tMcFv6xjLGU0sqCX+ac3IZN4vqWbExGrGnT65WeQNJyM8zwaU2,1.825404,4.307105,3.332561
360300,a/7q4oLh2Ews+7tMcFv6xjLGU0sqCX+ac3IZN4vqWbExGrGnT65WeQNJyM8zwaU2,2.167073,4.173853,3.3543269999999996
360600,a/7q4oLh2Ews+7tMcFv6xjLGU0sqCX+ac3IZN4vqWbExGrGnT65WeQNJyM8zwaU2,2.8934900000000003,5.002345,3.67763
360900,a/7q4oLh2Ews+7tMcFv6xjLGU0sqCX+ac3IZN4vqWbExGrGnT65WeQNJyM8zwaU2,2.550106,4.271243,3.3652019999999996
361200,a/7q4oLh2Ews+7tMcFv6xjLGU0sqCX+ac3IZN4vqWbExGrGnT65WeQNJyM8zwaU2,2.7331939999999997,3.9489120000000004,3.332469
361500,a/7q4oLh2Ews+7tMcFv6xjLGU0sqCX+ac3IZN4vqWbExGrGnT65WeQNJyM8zwaU2,2.507619,5.405264,3.691808
361800,a/7q4oLh2Ews+7tMcFv6xjLGU0sqCX+ac3IZN4vqWbExGrGnT65WeQNJyM8zwaU2,2.61985,4.477702,3.449861
362100,a/7q4oLh2Ews+7tMcFv6xjLGU0sqCX+ac3IZN4vqWbExGrGnT65WeQNJyM8zwaU2,2.465741,4.3368839999999995,3.2523619999999998
362400,a/7q4oLh2Ews+7tMcFv6xjLGU0sqCX+ac3IZN4vqWbExGrGnT65WeQNJyM8zwaU2,2.850535,4.509633,3.560522
362700,a/7q4oLh2Ews+7tMcFv6xjLGU0sqCX+ac3IZN4vqWbExGrGnT65WeQNJyM8zwaU2,2.033647,4.725265,3.340035
363000,a/7q4oLh2Ews+7tMcFv6xjLGU0sqCX+ac3IZN4vqWbExGrGnT65WeQNJyM8zwaU2,2.098711,23.947256,5.319089
363300,a/7q4oLh2Ews+7tMcFv6xjLGU0sqCX+ac3IZN4vqWbExGrGnT65WeQNJyM8zwaU2,2.669308,5.04795,3.642697
363600,a/7q4oLh2Ews+7tMcFv6xjLGU0sqCX+ac3IZN4vqWbExGrGnT65WeQNJyM8zwaU2,2.617052,4.190962,3.18605
363900,a/7q4oLh2Ews+7tMcFv6xjLGU0sqCX+ac3IZN4vqWbExGrGnT65WeQNJyM8zwaU2,2.448498,5.163136,3.3917230000000003
364200,a/7q4oLh2Ews+7tMcFv6xjLGU0sqCX+ac3IZN4vqWbExGrGnT65WeQNJyM8zwaU2,2.439931,5.428173999999999,3.626262
364500,a/7q4oLh2Ews+7tMcFv6xjLGU0sqCX+ac3IZN4vqWbExGrGnT65WeQNJyM8zwaU2,2.576475,4.5581760000000004,3.3400300000000005
364800,a/7q4oLh2Ews+7tMcFv6xjLGU0sqCX+ac3IZN4vqWbExGrGnT65WeQNJyM8zwaU2,2.691346,5.069141,3.337044
365100,a/7q4oLh2Ews+7tMcFv6xjLGU0sqCX+ac3IZN4vqWbExGrGnT65WeQNJyM8zwaU2,2.8212490000000003,5.157107,3.7657190000000003
365400,a/7q4oLh2Ews+7tMcFv6xjLGU0sqCX+ac3IZN4vqWbExGrGnT65WeQNJyM8zwaU2,2.171834,4.457237999999999,3.2816089999999996
365700,a/7q4oLh2Ews+7tMcFv6xjLGU0sqCX+ac3IZN4vqWbExGrGnT65WeQNJyM8zwaU2,2.63758,4.920015,3.397608
366000,a/7q4oLh2Ews+7tMcFv6xjLGU0sqCX+ac3IZN4vqWbExGrGnT65WeQNJyM8zwaU2,2.6233470000000003,5.271267,3.6592580000000003
366300,a/7q4oLh2Ews+7tMcFv6xjLGU0sqCX+ac3IZN4vqWbExGrGnT65WeQNJyM8zwaU2,2.658378,4.593677,3.251213
366600,a/7q4oLh2Ews+7tMcFv6xjLGU0sqCX+ac3IZN4vqWbExGrGnT65WeQNJyM8zwaU2,2.7797419999999997,23.816124,5.471408
366900,a/7q4oLh2Ews+7tMcFv6xjLGU0sqCX+ac3IZN4vqWbExGrGnT65WeQNJyM8zwaU2,2.756741,7.1744580000000004,4.181081
367200,a/7q4oLh2Ews+7tMcFv6xjLGU0sqCX+ac3IZN4vqWbExGrGnT65WeQNJyM8zwaU2,2.5885580000000004,4.289462,3.3838470000000003
367500,a/7q4oLh2Ews+7tMcFv6xjLGU0sqCX+ac3IZN4vqWbExGrGnT65WeQNJyM8zwaU2,2.562545,8.954131,4.002625
367800,a/7q4oLh2Ews+7tMcFv6xjLGU0sqCX+ac3IZN4vqWbExGrGnT65WeQNJyM8zwaU2,2.732589,5.098949,3.644682
368100,a/7q4oLh2Ews+7tMcFv6xjLGU0sqCX+ac3IZN4vqWbExGrGnT65WeQNJyM8zwaU2,2.284306,4.732737,3.294736
368400,a/7q4oLh2Ews+7tMcFv6xjLGU0sqCX+ac3IZN4vqWbExGrGnT65WeQNJyM8zwaU2,2.010478,4.757567,3.235115
368700,a/7q4oLh2Ews+7tMcFv6xjLGU0sqCX+ac3IZN4vqWbExGrGnT65WeQNJyM8zwaU2,2.761332,5.0116830000000006,3.664621
369000,a/7q4oLh2Ews+7tMcFv6xjLGU0sqCX+ac3IZN4vqWbExGrGnT65WeQNJyM8zwaU2,2.509147,4.105685,3.2713970000000003
369300,a/7q4oLh2Ews+7tMcFv6xjLGU0sqCX+ac3IZN4vqWbExGrGnT65WeQNJyM8zwaU2,2.653874,5.202014,3.447286
369600,a/7q4oLh2Ews+7tMcFv6xjLGU0sqCX+ac3IZN4vqWbExGrGnT65WeQNJyM8zwaU2,2.656982,4.869248000000001,3.633174
369900,a/7q4oLh2Ews+7tMcFv6xjLGU0sqCX+ac3IZN4vqWbExGrGnT65WeQNJyM8zwaU2,2.594256,4.25596,3.282425
370200,a/7q4oLh2Ews+7tMcFv6xjLGU0sqCX+ac3IZN4vqWbExGrGnT65WeQNJyM8zwaU2,2.72308,62.125153000000005,10.614394
370500,a/7q4oLh2Ews+7tMcFv6xjLGU0sqCX+ac3IZN4vqWbExGrGnT65WeQNJyM8zwaU2,2.8124990000000003,5.041139,3.764224
370800,a/7q4oLh2Ews+7tMcFv6xjLGU0sqCX+ac3IZN4vqWbExGrGnT65WeQNJyM8zwaU2,2.506773,4.46312,3.2786839999999997
371100,a/7q4oLh2Ews+7tMcFv6xjLGU0sqCX+ac3IZN4vqWbExGrGnT65WeQNJyM8zwaU2,1.853604,5.382912999999999,3.3630459999999998
371400,a/7q4oLh2Ews+7tMcFv6xjLGU0sqCX+ac3IZN4vqWbExGrGnT65WeQNJyM8zwaU2,2.956758,5.206508,3.6457940000000004
371700,a/7q4oLh2Ews+7tMcFv6xjLGU0sqCX+ac3IZN4vqWbExGrGnT65WeQNJyM8zwaU2,2.3046990000000003,4.7086879999999995,3.3849139999999998
372000,a/7q4oLh2Ews+7tMcFv6xjLGU0sqCX+ac3IZN4vqWbExGrGnT65WeQNJyM8zwaU2,2.736962,5.06053,3.4034400000000002
372300,a/7q4oLh2Ews+7tMcFv6xjLGU0sqCX+ac3IZN4vqWbExGrGnT65WeQNJyM8zwaU2,2.928361,4.967387,3.8272239999999997
372600,a/7q4oLh2Ews+7tMcFv6xjLGU0sqCX+ac3IZN4vqWbExGrGnT65WeQNJyM8zwaU2,2.5844810000000003,4.199502,3.267907
372900,a/7q4oLh2Ews+7tMcFv6xjLGU0sqCX+ac3IZN4vqWbExGrGnT65WeQNJyM8zwaU2,2.859496,5.186583000000001,3.5896120000000002
373200,a/7q4oLh2Ews+7tMcFv6xjLGU0sqCX+ac3IZN4vqWbExGrGnT65WeQNJyM8zwaU2,2.693325,4.647457,3.5476919999999996
373500,a/7q4oLh2Ews+7tMcFv6xjLGU0sqCX+ac3IZN4vqWbExGrGnT65WeQNJyM8zwaU2,2.254055,4.120279,3.1905229999999998
373800,a/7q4oLh2Ews+7tMcFv6xjLGU0sqCX+ac3IZN4vqWbExGrGnT65WeQNJyM8zwaU2,2.004444,23.988629,5.372653
374100,a/7q4oLh2Ews+7tMcFv6xjLGU0sqCX+ac3IZN4vqWbExGrGnT65WeQNJyM8zwaU2,2.726541,4.8683819999999995,3.7156519999999995
374400,a/7q4oLh2Ews+7tMcFv6xjLGU0sqCX+ac3IZN4vqWbExGrGnT65WeQNJyM8zwaU2,1.785993,4.165168,3.25015
374700,a/7q4oLh2Ews+7tMcFv6xjLGU0sqCX+ac3IZN4vqWbExGrGnT65WeQNJyM8zwaU2,2.717478,5.069188,3.441006
375000,a/7q4oLh2Ews+7tMcFv6xjLGU0sqCX+ac3IZN4vqWbExGrGnT65WeQNJyM8zwaU2,2.713605,4.7120120000000005,3.637257
375300,a/7q4oLh2Ews+7tMcFv6xjLGU0sqCX+ac3IZN4vqWbExGrGnT65WeQNJyM8zwaU2,2.543947,4.7787690000000005,3.4699519999999997
375600,a/7q4oLh2Ews+7tMcFv6xjLGU0sqCX+ac3IZN4vqWbExGrGnT65WeQNJyM8zwaU2,2.179507,4.640772,3.294948
375900,a/7q4oLh2Ews+7tMcFv6xjLGU0sqCX+ac3IZN4vqWbExGrGnT65WeQNJyM8zwaU2,2.796554,5.061415,3.7522349999999998
376200,a/7q4oLh2Ews+7tMcFv6xjLGU0sqCX+ac3IZN4vqWbExGrGnT65WeQNJyM8zwaU2,2.550512,4.034993,3.196343
376500,a/7q4oLh2Ews+7tMcFv6xjLGU0sqCX+ac3IZN4vqWbExGrGnT65WeQNJyM8zwaU2,2.744223,5.492483,3.556761
376800,a/7q4oLh2Ews+7tMcFv6xjLGU0sqCX+ac3IZN4vqWbExGrGnT65WeQNJyM8zwaU2,2.632501,5.134652,3.559268
377100,a/7q4oLh2Ews+7tMcFv6xjLGU0sqCX+ac3IZN4vqWbExGrGnT65WeQNJyM8zwaU2,2.860414,4.264226,3.343608
377400,a/7q4oLh2Ews+7tMcFv6xjLGU0sqCX+ac3IZN4vqWbExGrGnT65WeQNJyM8zwaU2,2.697488,23.927772,5.397096
377700,a/7q4oLh2Ews+7tMcFv6xjLGU0sqCX+ac3IZN4vqWbExGrGnT65WeQNJyM8zwaU2,2.446768,4.882268,3.62909
378000,a/7q4oLh2Ews+7tMcFv6xjLGU0sqCX+ac3IZN4vqWbExGrGnT65WeQNJyM8zwaU2,2.4592,3.864588,3.201278
378300,a/7q4oLh2Ews+7tMcFv6xjLGU0sqCX+ac3IZN4vqWbExGrGnT65WeQNJyM8zwaU2,2.254156,5.522901,3.369562
378600,a/7q4oLh2Ews+7tMcFv6xjLGU0sqCX+ac3IZN4vqWbExGrGnT65WeQNJyM8zwaU2,2.633451,4.782831,3.587254
378900,a/7q4oLh2Ews+7tMcFv6xjLGU0sqCX+ac3IZN4vqWbExGrGnT65WeQNJyM8zwaU2,2.701739,3.871218,3.190598
379200,a/7q4oLh2Ews+7tMcFv6xjLGU0sqCX+ac3IZN4vqWbExGrGnT65WeQNJyM8zwaU2,2.527862,4.783215,3.26971
379500,a/7q4oLh2Ews+7tMcFv6xjLGU0sqCX+ac3IZN4vqWbExGrGnT65WeQNJyM8zwaU2,2.696175,5.022911,3.6764949999999996
379800,a/7q4oLh2Ews+7tMcFv6xjLGU0sqCX+ac3IZN4vqWbExGrGnT65WeQNJyM8zwaU2,1.9009189999999998,4.807967,3.290218
380100,a/7q4oLh2Ews+7tMcFv6xjLGU0sqCX+ac3IZN4vqWbExGrGnT65WeQNJyM8zwaU2,2.734097,16.076663,5.604364
380400,a/7q4oLh2Ews+7tMcFv6xjLGU0sqCX+ac3IZN4vqWbExGrGnT65WeQNJyM8zwaU2,2.653929,4.686083,3.6635690000000003
380700,a/7q4oLh2Ews+7tMcFv6xjLGU0sqCX+ac3IZN4vqWbExGrGnT65WeQNJyM8zwaU2,2.578424,4.628458,3.369054
381000,a/7q4oLh2Ews+7tMcFv6xjLGU0sqCX+ac3IZN4vqWbExGrGnT65WeQNJyM8zwaU2,2.3998049999999997,21.685979,5.534357
381300,a/7q4oLh2Ews+7tMcFv6xjLGU0sqCX+ac3IZN4vqWbExGrGnT65WeQNJyM8zwaU2,2.602705,4.686208000000001,3.620024
381600,a/7q4oLh2Ews+7tMcFv6xjLGU0sqCX+ac3IZN4vqWbExGrGnT65WeQNJyM8zwaU2,2.621175,38.971148,7.527875
381900,a/7q4oLh2Ews+7tMcFv6xjLGU0sqCX+ac3IZN4vqWbExGrGnT65WeQNJyM8zwaU2,2.6442650000000003,5.631068,3.424907
382200,a/7q4oLh2Ews+7tMcFv6xjLGU0sqCX+ac3IZN4vqWbExGrGnT65WeQNJyM8zwaU2,2.606822,4.873112,3.5310089999999996
382500,a/7q4oLh2Ews+7tMcFv6xjLGU0sqCX+ac3IZN4vqWbExGrGnT65WeQNJyM8zwaU2,2.838701,4.694577,3.3497739999999996
382800,a/7q4oLh2Ews+7tMcFv6xjLGU0sqCX+ac3IZN4vqWbExGrGnT65WeQNJyM8zwaU2,2.608115,5.046641,3.3571419999999996
383100,a/7q4oLh2Ews+7tMcFv6xjLGU0sqCX+ac3IZN4vqWbExGrGnT65WeQNJyM8zwaU2,2.10601,4.83142,3.565007
383400,a/7q4oLh2Ews+7tMcFv6xjLGU0sqCX+ac3IZN4vqWbExGrGnT65WeQNJyM8zwaU2,2.547218,3.8684540000000003,3.266361
383700,a/7q4oLh2Ews+7tMcFv6xjLGU0sqCX+ac3IZN4vqWbExGrGnT65WeQNJyM8zwaU2,2.612702,5.296707,3.3639919999999996
384000,a/7q4oLh2Ews+7tMcFv6xjLGU0sqCX+ac3IZN4vqWbExGrGnT65WeQNJyM8zwaU2,2.616371,4.540587,3.5451879999999996
384300,a/7q4oLh2Ews+7tMcFv6xjLGU0sqCX+ac3IZN4vqWbExGrGnT65WeQNJyM8zwaU2,2.5835529999999998,3.9213129999999996,3.160052
384600,a/7q4oLh2Ews+7tMcFv6xjLGU0sqCX+ac3IZN4vqWbExGrGnT65WeQNJyM8zwaU2,2.537244,23.992599,5.452405000000001
384900,a/7q4oLh2Ews+7tMcFv6xjLGU0sqCX+ac3IZN4vqWbExGrGnT65WeQNJyM8zwaU2,2.739055,4.819763,3.728772
385200,a/7q4oLh2Ews+7tMcFv6xjLGU0sqCX+ac3IZN4vqWbExGrGnT65WeQNJyM8zwaU2,2.169002,4.085162,3.264736
385500,a/7q4oLh2Ews+7tMcFv6xjLGU0sqCX+ac3IZN4vqWbExGrGnT65WeQNJyM8zwaU2,2.76031,5.344858,3.427679
385800,a/7q4oLh2Ews+7tMcFv6xjLGU0sqCX+ac3IZN4vqWbExGrGnT65WeQNJyM8zwaU2,2.2178560000000003,4.845966000000001,3.547528
386100,a/7q4oLh2Ews+7tMcFv6xjLGU0sqCX+ac3IZN4vqWbExGrGnT65WeQNJyM8zwaU2,2.615847,5.311022,3.527017
386400,a/7q4oLh2Ews+7tMcFv6xjLGU0sqCX+ac3IZN4vqWbExGrGnT65WeQNJyM8zwaU2,2.5508830000000002,4.824153,3.399349
386700,a/7q4oLh2Ews+7tMcFv6xjLGU0sqCX+ac3IZN4vqWbExGrGnT65WeQNJyM8zwaU2,2.744623,5.028734,3.6833940000000003
387000,a/7q4oLh2Ews+7tMcFv6xjLGU0sqCX+ac3IZN4vqWbExGrGnT65WeQNJyM8zwaU2,2.278907,4.290854,3.209506
387300,a/7q4oLh2Ews+7tMcFv6xjLGU0sqCX+ac3IZN4vqWbExGrGnT65WeQNJyM8zwaU2,2.616877,5.09379,3.4761029999999997
387600,a/7q4oLh2Ews+7tMcFv6xjLGU0sqCX+ac3IZN4vqWbExGrGnT65WeQNJyM8zwaU2,2.58565,4.7331650000000005,3.575309
387900,a/7q4oLh2Ews+7tMcFv6xjLGU0sqCX+ac3IZN4vqWbExGrGnT65WeQNJyM8zwaU2,2.522682,5.2599089999999995,3.433089
388200,a/7q4oLh2Ews+7tMcFv6xjLGU0sqCX+ac3IZN4vqWbExGrGnT65WeQNJyM8zwaU2,2.4619470000000003,23.286673999999998,5.53108
388500,a/7q4oLh2Ews+7tMcFv6xjLGU0sqCX+ac3IZN4vqWbExGrGnT65WeQNJyM8zwaU2,2.966637,5.857409,3.9379089999999994
388800,a/7q4oLh2Ews+7tMcFv6xjLGU0sqCX+ac3IZN4vqWbExGrGnT65WeQNJyM8zwaU2,2.446124,5.032426,3.4524589999999997
389100,a/7q4oLh2Ews+7tMcFv6xjLGU0sqCX+ac3IZN4vqWbExGrGnT65WeQNJyM8zwaU2,2.6498060000000003,4.510954,3.521818
389400,a/7q4oLh2Ews+7tMcFv6xjLGU0sqCX+ac3IZN4vqWbExGrGnT65WeQNJyM8zwaU2,2.691589,5.180658,3.5760440000000004
389700,a/7q4oLh2Ews+7tMcFv6xjLGU0sqCX+ac3IZN4vqWbExGrGnT65WeQNJyM8zwaU2,2.483606,5.202337,3.30445
390000,a/7q4oLh2Ews+7tMcFv6xjLGU0sqCX+ac3IZN4vqWbExGrGnT65WeQNJyM8zwaU2,2.5020599999999997,4.406586,3.324444
390300,a/7q4oLh2Ews+7tMcFv6xjLGU0sqCX+ac3IZN4vqWbExGrGnT65WeQNJyM8zwaU2,2.620666,4.929755999999999,3.608171
390600,a/7q4oLh2Ews+7tMcFv6xjLGU0sqCX+ac3IZN4vqWbExGrGnT65WeQNJyM8zwaU2,2.5367330000000003,5.156063,3.4669160000000003
390900,a/7q4oLh2Ews+7tMcFv6xjLGU0sqCX+ac3IZN4vqWbExGrGnT65WeQNJyM8zwaU2,2.572653,4.784555999999999,3.5185150000000003
391200,a/7q4oLh2Ews+7tMcFv6xjLGU0sqCX+ac3IZN4vqWbExGrGnT65WeQNJyM8zwaU2,2.6301360000000003,6.589028,3.793256
391500,a/7q4oLh2Ews+7tMcFv6xjLGU0sqCX+ac3IZN4vqWbExGrGnT65WeQNJyM8zwaU2,2.6392279999999997,5.013292,3.46066
391800,a/7q4oLh2Ews+7tMcFv6xjLGU0sqCX+ac3IZN4vqWbExGrGnT65WeQNJyM8zwaU2,2.523945,24.537886999999998,6.243833
392100,a/7q4oLh2Ews+7tMcFv6xjLGU0sqCX+ac3IZN4vqWbExGrGnT65WeQNJyM8zwaU2,2.7317009999999997,4.406878,3.487904
392400,a/7q4oLh2Ews+7tMcFv6xjLGU0sqCX+ac3IZN4vqWbExGrGnT65WeQNJyM8zwaU2,2.669652,5.060881,3.216108
392700,a/7q4oLh2Ews+7tMcFv6xjLGU0sqCX+ac3IZN4vqWbExGrGnT65WeQNJyM8zwaU2,2.420672,4.3555269999999995,3.274089
393000,a/7q4oLh2Ews+7tMcFv6xjLGU0sqCX+ac3IZN4vqWbExGrGnT65WeQNJyM8zwaU2,2.6516189999999997,4.479715000000001,3.400871
393300,a/7q4oLh2Ews+7tMcFv6xjLGU0sqCX+ac3IZN4vqWbExGrGnT65WeQNJyM8zwaU2,2.641474,5.167306,3.534078
393600,a/7q4oLh2Ews+7tMcFv6xjLGU0sqCX+ac3IZN4vqWbExGrGnT65WeQNJyM8zwaU2,2.641651,4.432409,3.3526309999999997
393900,a/7q4oLh2Ews+7tMcFv6xjLGU0sqCX+ac3IZN4vqWbExGrGnT65WeQNJyM8zwaU2,2.738571,5.653055,3.8178019999999995
394200,a/7q4oLh2Ews+7tMcFv6xjLGU0sqCX+ac3IZN4vqWbExGrGnT65WeQNJyM8zwaU2,2.530389,4.75481,3.390505
394500,a/7q4oLh2Ews+7tMcFv6xjLGU0sqCX+ac3IZN4vqWbExGrGnT65WeQNJyM8zwaU2,2.851636,4.412623,3.51451
394800,a/7q4oLh2Ews+7tMcFv6xjLGU0sqCX+ac3IZN4vqWbExGrGnT65WeQNJyM8zwaU2,2.665342,4.511541,3.518163
395100,a/7q4oLh2Ews+7tMcFv6xjLGU0sqCX+ac3IZN4vqWbExGrGnT65WeQNJyM8zwaU2,2.626528,5.279922,3.50621
395400,a/7q4oLh2Ews+7tMcFv6xjLGU0sqCX+ac3IZN4vqWbExGrGnT65WeQNJyM8zwaU2,2.729765,24.976572,5.601096
395700,a/7q4oLh2Ews+7tMcFv6xjLGU0sqCX+ac3IZN4vqWbExGrGnT65WeQNJyM8zwaU2,2.704609,4.866417,3.669928
396000,a/7q4oLh2Ews+7tMcFv6xjLGU0sqCX+ac3IZN4vqWbExGrGnT65WeQNJyM8zwaU2,2.2073009999999997,4.863567,3.4238769999999996
396300,a/7q4oLh2Ews+7tMcFv6xjLGU0sqCX+ac3IZN4vqWbExGrGnT65WeQNJyM8zwaU2,2.685259,4.363274,3.5440110000000002
396600,a/7q4oLh2Ews+7tMcFv6xjLGU0sqCX+ac3IZN4vqWbExGrGnT65WeQNJyM8zwaU2,2.606091,6.073454,3.7448040000000002
396900,a/7q4oLh2Ews+7tMcFv6xjLGU0sqCX+ac3IZN4vqWbExGrGnT65WeQNJyM8zwaU2,2.712719,4.980951999999999,3.444754
397200,a/7q4oLh2Ews+7tMcFv6xjLGU0sqCX+ac3IZN4vqWbExGrGnT65WeQNJyM8zwaU2,2.123072,4.212204,3.347515
397500,a/7q4oLh2Ews+7tMcFv6xjLGU0sqCX+ac3IZN4vqWbExGrGnT65WeQNJyM8zwaU2,2.756278,4.669251,3.5712029999999997
397800,a/7q4oLh2Ews+7tMcFv6xjLGU0sqCX+ac3IZN4vqWbExGrGnT65WeQNJyM8zwaU2,2.63734,5.181691000000001,3.451843
398100,a/7q4oLh2Ews+7tMcFv6xjLGU0sqCX+ac3IZN4vqWbExGrGnT65WeQNJyM8zwaU2,2.6093319999999998,4.4944370000000005,3.3752400000000002
398400,a/7q4oLh2Ews+7tMcFv6xjLGU0sqCX+ac3IZN4vqWbExGrGnT65WeQNJyM8zwaU2,2.638093,4.588178,3.477878
398700,a/7q4oLh2Ews+7tMcFv6xjLGU0sqCX+ac3IZN4vqWbExGrGnT65WeQNJyM8zwaU2,2.293211,5.13661,3.408643
399000,a/7q4oLh2Ews+7tMcFv6xjLGU0sqCX+ac3IZN4vqWbExGrGnT65WeQNJyM8zwaU2,2.61856,21.391502,5.472693
399300,a/7q4oLh2Ews+7tMcFv6xjLGU0sqCX+ac3IZN4vqWbExGrGnT65WeQNJyM8zwaU2,1.812745,4.605575,3.358646
399600,a/7q4oLh2Ews+7tMcFv6xjLGU0sqCX+ac3IZN4vqWbExGrGnT65WeQNJyM8zwaU2,2.630814,5.198141000000001,3.4835849999999997
399900,a/7q4oLh2Ews+7tMcFv6xjLGU0sqCX+ac3IZN4vqWbExGrGnT65WeQNJyM8zwaU2,2.4415139999999997,4.668287,3.379024
400200,a/7q4oLh2Ews+7tMcFv6xjLGU0sqCX+ac3IZN4vqWbExGrGnT65WeQNJyM8zwaU2,2.80764,4.3787400000000005,3.536467
400500,a/7q4oLh2Ews+7tMcFv6xjLGU0sqCX+ac3IZN4vqWbExGrGnT65WeQNJyM8zwaU2,2.794886,3.9450870000000005,3.254123
400800,a/7q4oLh2Ews+7tMcFv6xjLGU0sqCX+ac3IZN4vqWbExGrGnT65WeQNJyM8zwaU2,2.401557,4.183639,3.2008799999999997
401100,a/7q4oLh2Ews+7tMcFv6xjLGU0sqCX+ac3IZN4vqWbExGrGnT65WeQNJyM8zwaU2,2.639545,4.854908,3.683608
401400,a/7q4oLh2Ews+7tMcFv6xjLGU0sqCX+ac3IZN4vqWbExGrGnT65WeQNJyM8zwaU2,2.461328,5.49766,3.264575
401700,a/7q4oLh2Ews+7tMcFv6xjLGU0sqCX+ac3IZN4vqWbExGrGnT65WeQNJyM8zwaU2,2.749618,4.705149,3.5546879999999996
402000,a/7q4oLh2Ews+7tMcFv6xjLGU0sqCX+ac3IZN4vqWbExGrGnT65WeQNJyM8zwaU2,2.050123,4.460615,3.199763
402300,a/7q4oLh2Ews+7tMcFv6xjLGU0sqCX+ac3IZN4vqWbExGrGnT65WeQNJyM8zwaU2,2.670511,6.148514,3.503578
402600,a/7q4oLh2Ews+7tMcFv6xjLGU0sqCX+ac3IZN4vqWbExGrGnT65WeQNJyM8zwaU2,1.7783369999999998,23.933722,5.366211
402900,a/7q4oLh2Ews+7tMcFv6xjLGU0sqCX+ac3IZN4vqWbExGrGnT65WeQNJyM8zwaU2,2.794114,5.069826,3.6214449999999996
403200,a/7q4oLh2Ews+7tMcFv6xjLGU0sqCX+ac3IZN4vqWbExGrGnT65WeQNJyM8zwaU2,2.0484560000000003,4.065840000000001,3.208069
403500,a/7q4oLh2Ews+7tMcFv6xjLGU0sqCX+ac3IZN4vqWbExGrGnT65WeQNJyM8zwaU2,2.167011,4.444453,3.25248
403800,a/7q4oLh2Ews+7tMcFv6xjLGU0sqCX+ac3IZN4vqWbExGrGnT65WeQNJyM8zwaU2,2.548093,4.628238,3.524773
404100,a/7q4oLh2Ews+7tMcFv6xjLGU0sqCX+ac3IZN4vqWbExGrGnT65WeQNJyM8zwaU2,2.038523,6.146823,3.329757
404400,a/7q4oLh2Ews+7tMcFv6xjLGU0sqCX+ac3IZN4vqWbExGrGnT65WeQNJyM8zwaU2,2.538288,4.689442,3.373175
404700,a/7q4oLh2Ews+7tMcFv6xjLGU0sqCX+ac3IZN4vqWbExGrGnT65WeQNJyM8zwaU2,2.573401,6.619347,3.817276
405000,a/7q4oLh2Ews+7tMcFv6xjLGU0sqCX+ac3IZN4vqWbExGrGnT65WeQNJyM8zwaU2,2.5236509999999996,5.958194000000001,3.507187
405300,a/7q4oLh2Ews+7tMcFv6xjLGU0sqCX+ac3IZN4vqWbExGrGnT65WeQNJyM8zwaU2,2.507167,4.769686,3.320208
405600,a/7q4oLh2Ews+7tMcFv6xjLGU0sqCX+ac3IZN4vqWbExGrGnT65WeQNJyM8zwaU2,2.796121,4.984776999999999,3.565894
405900,a/7q4oLh2Ews+7tMcFv6xjLGU0sqCX+ac3IZN4vqWbExGrGnT65WeQNJyM8zwaU2,2.379263,4.117676,3.196575
406200,a/7q4oLh2Ews+7tMcFv6xjLGU0sqCX+ac3IZN4vqWbExGrGnT65WeQNJyM8zwaU2,1.897661,23.824417,5.253775
406500,a/7q4oLh2Ews+7tMcFv6xjLGU0sqCX+ac3IZN4vqWbExGrGnT65WeQNJyM8zwaU2,2.589173,4.797007,3.623936
406800,a/7q4oLh2Ews+7tMcFv6xjLGU0sqCX+ac3IZN4vqWbExGrGnT65WeQNJyM8zwaU2,2.362118,5.234786,3.2570259999999998
407100,a/7q4oLh2Ews+7tMcFv6xjLGU0sqCX+ac3IZN4vqWbExGrGnT65WeQNJyM8zwaU2,2.572964,4.597677,3.467362
407400,a/7q4oLh2Ews+7tMcFv6xjLGU0sqCX+ac3IZN4vqWbExGrGnT65WeQNJyM8zwaU2,1.962847,4.681571,3.224777
407700,a/7q4oLh2Ews+7tMcFv6xjLGU0sqCX+ac3IZN4vqWbExGrGnT65WeQNJyM8zwaU2,2.553074,6.275509,3.4788059999999996
408000,a/7q4oLh2Ews+7tMcFv6xjLGU0sqCX+ac3IZN4vqWbExGrGnT65WeQNJyM8zwaU2,2.2211060000000002,4.515352,3.246779
408300,a/7q4oLh2Ews+7tMcFv6xjLGU0sqCX+ac3IZN4vqWbExGrGnT65WeQNJyM8zwaU2,2.577059,5.141547,3.6907550000000002
408600,a/7q4oLh2Ews+7tMcFv6xjLGU0sqCX+ac3IZN4vqWbExGrGnT65WeQNJyM8zwaU2,2.821514,4.2540260000000005,3.28133
408900,a/7q4oLh2Ews+7tMcFv6xjLGU0sqCX+ac3IZN4vqWbExGrGnT65WeQNJyM8zwaU2,2.575744,4.785299,3.5655300000000003
409200,a/7q4oLh2Ews+7tMcFv6xjLGU0sqCX+ac3IZN4vqWbExGrGnT65WeQNJyM8zwaU2,2.491663,4.69022,3.5721489999999996
409500,a/7q4oLh2Ews+7tMcFv6xjLGU0sqCX+ac3IZN4vqWbExGrGnT65WeQNJyM8zwaU2,2.557185,6.011445,3.4322769999999996
409800,a/7q4oLh2Ews+7tMcFv6xjLGU0sqCX+ac3IZN4vqWbExGrGnT65WeQNJyM8zwaU2,2.684758,13.496796,6.713429
410100,a/7q4oLh2Ews+7tMcFv6xjLGU0sqCX+ac3IZN4vqWbExGrGnT65WeQNJyM8zwaU2,2.497491,4.684056,3.428978
410400,a/7q4oLh2Ews+7tMcFv6xjLGU0sqCX+ac3IZN4vqWbExGrGnT65WeQNJyM8zwaU2,2.625727,42.608153,10.062729
410700,a/7q4oLh2Ews+7tMcFv6xjLGU0sqCX+ac3IZN4vqWbExGrGnT65WeQNJyM8zwaU2,2.4682880000000003,4.991719,3.3999449999999998
411000,a/7q4oLh2Ews+7tMcFv6xjLGU0sqCX+ac3IZN4vqWbExGrGnT65WeQNJyM8zwaU2,2.7379689999999997,5.309661,3.5064019999999996
411300,a/7q4oLh2Ews+7tMcFv6xjLGU0sqCX+ac3IZN4vqWbExGrGnT65WeQNJyM8zwaU2,2.249368,4.744489,3.226419
411600,a/7q4oLh2Ews+7tMcFv6xjLGU0sqCX+ac3IZN4vqWbExGrGnT65WeQNJyM8zwaU2,2.6747259999999997,4.790139,3.3269379999999997
411900,a/7q4oLh2Ews+7tMcFv6xjLGU0sqCX+ac3IZN4vqWbExGrGnT65WeQNJyM8zwaU2,2.649845,14.955034,4.885243
412200,a/7q4oLh2Ews+7tMcFv6xjLGU0sqCX+ac3IZN4vqWbExGrGnT65WeQNJyM8zwaU2,2.6885380000000003,4.917294,3.504028
412500,a/7q4oLh2Ews+7tMcFv6xjLGU0sqCX+ac3IZN4vqWbExGrGnT65WeQNJyM8zwaU2,2.601078,4.686831,3.4167769999999997
412800,a/7q4oLh2Ews+7tMcFv6xjLGU0sqCX+ac3IZN4vqWbExGrGnT65WeQNJyM8zwaU2,2.2394830000000003,3.925183,3.275935
413100,a/7q4oLh2Ews+7tMcFv6xjLGU0sqCX+ac3IZN4vqWbExGrGnT65WeQNJyM8zwaU2,2.6202650000000003,4.577411,3.531185
413400,a/7q4oLh2Ews+7tMcFv6xjLGU0sqCX+ac3IZN4vqWbExGrGnT65WeQNJyM8zwaU2,2.604679,24.239003,5.22161
413700,a/7q4oLh2Ews+7tMcFv6xjLGU0sqCX+ac3IZN4vqWbExGrGnT65WeQNJyM8zwaU2,2.580093,5.978315,3.709789
414000,a/7q4oLh2Ews+7tMcFv6xjLGU0sqCX+ac3IZN4vqWbExGrGnT65WeQNJyM8zwaU2,2.6615439999999997,4.32333,3.293965
414300,a/7q4oLh2Ews+7tMcFv6xjLGU0sqCX+ac3IZN4vqWbExGrGnT65WeQNJyM8zwaU2,2.5635950000000003,4.4645269999999995,3.317054
414600,a/7q4oLh2Ews+7tMcFv6xjLGU0sqCX+ac3IZN4vqWbExGrGnT65WeQNJyM8zwaU2,2.79679,6.004291,3.690654
414900,a/7q4oLh2Ews+7tMcFv6xjLGU0sqCX+ac3IZN4vqWbExGrGnT65WeQNJyM8zwaU2,2.500713,4.966369,3.330365
415200,a/7q4oLh2Ews+7tMcFv6xjLGU0sqCX+ac3IZN4vqWbExGrGnT65WeQNJyM8zwaU2,2.678865,4.578432,3.227256
415500,a/7q4oLh2Ews+7tMcFv6xjLGU0sqCX+ac3IZN4vqWbExGrGnT65WeQNJyM8zwaU2,2.699294,9.082559,3.931657
415800,a/7q4oLh2Ews+7tMcFv6xjLGU0sqCX+ac3IZN4vqWbExGrGnT65WeQNJyM8zwaU2,2.734594,4.298758,3.403275
416100,a/7q4oLh2Ews+7tMcFv6xjLGU0sqCX+ac3IZN4vqWbExGrGnT65WeQNJyM8zwaU2,1.8540590000000001,4.391234,3.008206
416400,a/7q4oLh2Ews+7tMcFv6xjLGU0sqCX+ac3IZN4vqWbExGrGnT65WeQNJyM8zwaU2,2.9853959999999997,5.487815,3.5510260000000002
416700,a/7q4oLh2Ews+7tMcFv6xjLGU0sqCX+ac3IZN4vqWbExGrGnT65WeQNJyM8zwaU2,2.240313,4.513354,3.239259
417000,a/7q4oLh2Ews+7tMcFv6xjLGU0sqCX+ac3IZN4vqWbExGrGnT65WeQNJyM8zwaU2,2.550773,23.849917,5.354195
417300,a/7q4oLh2Ews+7tMcFv6xjLGU0sqCX+ac3IZN4vqWbExGrGnT65WeQNJyM8zwaU2,3.029496,5.889568,3.7452400000000003
417600,a/7q4oLh2Ews+7tMcFv6xjLGU0sqCX+ac3IZN4vqWbExGrGnT65WeQNJyM8zwaU2,2.771884,4.206453,3.2543900000000003
417900,a/7q4oLh2Ews+7tMcFv6xjLGU0sqCX+ac3IZN4vqWbExGrGnT65WeQNJyM8zwaU2,2.597739,4.623922,3.311837
418200,a/7q4oLh2Ews+7tMcFv6xjLGU0sqCX+ac3IZN4vqWbExGrGnT65WeQNJyM8zwaU2,2.681619,3.919401,3.282061
418500,a/7q4oLh2Ews+7tMcFv6xjLGU0sqCX+ac3IZN4vqWbExGrGnT65WeQNJyM8zwaU2,2.676231,4.688818,3.572223
418800,a/7q4oLh2Ews+7tMcFv6xjLGU0sqCX+ac3IZN4vqWbExGrGnT65WeQNJyM8zwaU2,2.802002,4.162755000000001,3.258675
419100,a/7q4oLh2Ews+7tMcFv6xjLGU0sqCX+ac3IZN4vqWbExGrGnT65WeQNJyM8zwaU2,3.063777,5.8552230000000005,3.735353
419400,a/7q4oLh2Ews+7tMcFv6xjLGU0sqCX+ac3IZN4vqWbExGrGnT65WeQNJyM8zwaU2,1.9322599999999999,4.235024,3.221835
419700,a/7q4oLh2Ews+7tMcFv6xjLGU0sqCX+ac3IZN4vqWbExGrGnT65WeQNJyM8zwaU2,2.625857,4.745997,3.4096900000000003
420000,a/7q4oLh2Ews+7tMcFv6xjLGU0sqCX+ac3IZN4vqWbExGrGnT65WeQNJyM8zwaU2,1.9481650000000001,5.677295,3.440443
420300,a/7q4oLh2Ews+7tMcFv6xjLGU0sqCX+ac3IZN4vqWbExGrGnT65WeQNJyM8zwaU2,2.625622,6.106325,3.732136
420600,a/7q4oLh2Ews+7tMcFv6xjLGU0sqCX+ac3IZN4vqWbExGrGnT65WeQNJyM8zwaU2,2.618673,24.253039,5.359148
420900,a/7q4oLh2Ews+7tMcFv6xjLGU0sqCX+ac3IZN4vqWbExGrGnT65WeQNJyM8zwaU2,1.9547279999999998,4.744565000000001,3.3009480000000004
421200,a/7q4oLh2Ews+7tMcFv6xjLGU0sqCX+ac3IZN4vqWbExGrGnT65WeQNJyM8zwaU2,2.7937939999999997,4.2382230000000005,3.4381440000000003
421500,a/7q4oLh2Ews+7tMcFv6xjLGU0sqCX+ac3IZN4vqWbExGrGnT65WeQNJyM8zwaU2,2.624491,4.494165,3.152247
421800,a/7q4oLh2Ews+7tMcFv6xjLGU0sqCX+ac3IZN4vqWbExGrGnT65WeQNJyM8zwaU2,2.916798,5.313472,3.5311519999999996
422100,a/7q4oLh2Ews+7tMcFv6xjLGU0sqCX+ac3IZN4vqWbExGrGnT65WeQNJyM8zwaU2,2.74425,4.808982,3.399422
422400,a/7q4oLh2Ews+7tMcFv6xjLGU0sqCX+ac3IZN4vqWbExGrGnT65WeQNJyM8zwaU2,2.667277,4.454461,3.372825
422700,a/7q4oLh2Ews+7tMcFv6xjLGU0sqCX+ac3IZN4vqWbExGrGnT65WeQNJyM8zwaU2,2.604619,5.324324,3.6268050000000005
423000,a/7q4oLh2Ews+7tMcFv6xjLGU0sqCX+ac3IZN4vqWbExGrGnT65WeQNJyM8zwaU2,2.608873,81.696275,12.413947
423300,a/7q4oLh2Ews+7tMcFv6xjLGU0sqCX+ac3IZN4vqWbExGrGnT65WeQNJyM8zwaU2,2.667138,5.057732,3.4318800000000005
423600,a/7q4oLh2Ews+7tMcFv6xjLGU0sqCX+ac3IZN4vqWbExGrGnT65WeQNJyM8zwaU2,2.915331,17.169947,4.901242
423900,a/7q4oLh2Ews+7tMcFv6xjLGU0sqCX+ac3IZN4vqWbExGrGnT65WeQNJyM8zwaU2,2.76697,4.950213,3.644507
424200,a/7q4oLh2Ews+7tMcFv6xjLGU0sqCX+ac3IZN4vqWbExGrGnT65WeQNJyM8zwaU2,2.897367,24.706201,5.864261
424500,a/7q4oLh2Ews+7tMcFv6xjLGU0sqCX+ac3IZN4vqWbExGrGnT65WeQNJyM8zwaU2,2.639051,5.800377,3.757827
424800,a/7q4oLh2Ews+7tMcFv6xjLGU0sqCX+ac3IZN4vqWbExGrGnT65WeQNJyM8zwaU2,2.007519,4.407643,3.3226129999999996
425100,a/7q4oLh2Ews+7tMcFv6xjLGU0sqCX+ac3IZN4vqWbExGrGnT65WeQNJyM8zwaU2,2.6641880000000002,4.218194,3.410968
425400,a/7q4oLh2Ews+7tMcFv6xjLGU0sqCX+ac3IZN4vqWbExGrGnT65WeQNJyM8zwaU2,2.018832,5.214109,3.591564
425700,a/7q4oLh2Ews+7tMcFv6xjLGU0sqCX+ac3IZN4vqWbExGrGnT65WeQNJyM8zwaU2,1.881965,4.647829,3.502011
426000,a/7q4oLh2Ews+7tMcFv6xjLGU0sqCX+ac3IZN4vqWbExGrGnT65WeQNJyM8zwaU2,2.711694,4.194205999999999,3.234377
426300,a/7q4oLh2Ews+7tMcFv6xjLGU0sqCX+ac3IZN4vqWbExGrGnT65WeQNJyM8zwaU2,2.577384,5.713262,3.526937
426600,a/7q4oLh2Ews+7tMcFv6xjLGU0sqCX+ac3IZN4vqWbExGrGnT65WeQNJyM8zwaU2,2.781901,4.319639,3.5139970000000003
426900,a/7q4oLh2Ews+7tMcFv6xjLGU0sqCX+ac3IZN4vqWbExGrGnT65WeQNJyM8zwaU2,1.8517720000000002,4.401768,3.217746
427200,a/7q4oLh2Ews+7tMcFv6xjLGU0sqCX+ac3IZN4vqWbExGrGnT65WeQNJyM8zwaU2,2.877985,5.076235,3.617663
427500,a/7q4oLh2Ews+7tMcFv6xjLGU0sqCX+ac3IZN4vqWbExGrGnT65WeQNJyM8zwaU2,2.634084,4.522285,3.596736
427800,a/7q4oLh2Ews+7tMcFv6xjLGU0sqCX+ac3IZN4vqWbExGrGnT65WeQNJyM8zwaU2,2.789945,19.699875,5.077563
428100,a/7q4oLh2Ews+7tMcFv6xjLGU0sqCX+ac3IZN4vqWbExGrGnT65WeQNJyM8zwaU2,3.262413,5.532277,3.944625
428400,a/7q4oLh2Ews+7tMcFv6xjLGU0sqCX+ac3IZN4vqWbExGrGnT65WeQNJyM8zwaU2,3.1840740000000003,93.124498,16.190325
428700,a/7q4oLh2Ews+7tMcFv6xjLGU0sqCX+ac3IZN4vqWbExGrGnT65WeQNJyM8zwaU2,2.726267,4.3946559999999995,3.497678
429000,a/7q4oLh2Ews+7tMcFv6xjLGU0sqCX+ac3IZN4vqWbExGrGnT65WeQNJyM8zwaU2,2.0025619999999997,5.056177,3.517496
429300,a/7q4oLh2Ews+7tMcFv6xjLGU0sqCX+ac3IZN4vqWbExGrGnT65WeQNJyM8zwaU2,2.545962,5.183732,3.6276949999999997
429600,a/7q4oLh2Ews+7tMcFv6xjLGU0sqCX+ac3IZN4vqWbExGrGnT65WeQNJyM8zwaU2,2.870559,4.233656,3.365957
429900,a/7q4oLh2Ews+7tMcFv6xjLGU0sqCX+ac3IZN4vqWbExGrGnT65WeQNJyM8zwaU2,2.8878009999999996,5.605252,3.6883550000000005
430200,a/7q4oLh2Ews+7tMcFv6xjLGU0sqCX+ac3IZN4vqWbExGrGnT65WeQNJyM8zwaU2,2.666906,6.114876000000001,3.7867319999999998
430500,a/7q4oLh2Ews+7tMcFv6xjLGU0sqCX+ac3IZN4vqWbExGrGnT65WeQNJyM8zwaU2,2.700614,4.625534,3.392443
430800,a/7q4oLh2Ews+7tMcFv6xjLGU0sqCX+ac3IZN4vqWbExGrGnT65WeQNJyM8zwaU2,2.991203,5.095921,3.7109959999999997
431100,a/7q4oLh2Ews+7tMcFv6xjLGU0sqCX+ac3IZN4vqWbExGrGnT65WeQNJyM8zwaU2,2.829087,17.605093,4.9033169999999995
431400,a/7q4oLh2Ews+7tMcFv6xjLGU0sqCX+ac3IZN4vqWbExGrGnT65WeQNJyM8zwaU2,2.604245,4.2577620000000005,3.2866480000000005
431700,a/7q4oLh2Ews+7tMcFv6xjLGU0sqCX+ac3IZN4vqWbExGrGnT65WeQNJyM8zwaU2,3.0969900000000004,24.42979,5.813097
432000,a/7q4oLh2Ews+7tMcFv6xjLGU0sqCX+ac3IZN4vqWbExGrGnT65WeQNJyM8zwaU2,2.634195,4.339404,3.446215
432300,a/7q4oLh2Ews+7tMcFv6xjLGU0sqCX+ac3IZN4vqWbExGrGnT65WeQNJyM8zwaU2,2.277748,4.324369,3.3199910000000004
432600,a/7q4oLh2Ews+7tMcFv6xjLGU0sqCX+ac3IZN4vqWbExGrGnT65WeQNJyM8zwaU2,2.58148,4.929854,3.516347
432900,a/7q4oLh2Ews+7tMcFv6xjLGU0sqCX+ac3IZN4vqWbExGrGnT65WeQNJyM8zwaU2,1.994186,4.527247,3.367868
433200,a/7q4oLh2Ews+7tMcFv6xjLGU0sqCX+ac3IZN4vqWbExGrGnT65WeQNJyM8zwaU2,2.524089,3.9234440000000004,3.3366059999999997
433500,a/7q4oLh2Ews+7tMcFv6xjLGU0sqCX+ac3IZN4vqWbExGrGnT65WeQNJyM8zwaU2,2.5259,5.661624,3.711653
433800,a/7q4oLh2Ews+7tMcFv6xjLGU0sqCX+ac3IZN4vqWbExGrGnT65WeQNJyM8zwaU2,2.709146,15.340569,4.556878
434100,a/7q4oLh2Ews+7tMcFv6xjLGU0sqCX+ac3IZN4vqWbExGrGnT65WeQNJyM8zwaU2,2.64973,4.397933,3.372382
434400,a/7q4oLh2Ews+7tMcFv6xjLGU0sqCX+ac3IZN4vqWbExGrGnT65WeQNJyM8zwaU2,2.164659,4.522292,3.3854620000000004
434700,a/7q4oLh2Ews+7tMcFv6xjLGU0sqCX+ac3IZN4vqWbExGrGnT65WeQNJyM8zwaU2,2.838841,4.517201,3.4512400000000003
435000,a/7q4oLh2Ews+7tMcFv6xjLGU0sqCX+ac3IZN4vqWbExGrGnT65WeQNJyM8zwaU2,2.521656,4.166771,3.258543
435300,a/7q4oLh2Ews+7tMcFv6xjLGU0sqCX+ac3IZN4vqWbExGrGnT65WeQNJyM8zwaU2,3.036355,24.608995,5.839664
435600,a/7q4oLh2Ews+7tMcFv6xjLGU0sqCX+ac3IZN4vqWbExGrGnT65WeQNJyM8zwaU2,1.9790860000000001,4.287908,3.209027
435900,a/7q4oLh2Ews+7tMcFv6xjLGU0sqCX+ac3IZN4vqWbExGrGnT65WeQNJyM8zwaU2,2.5269150000000002,5.054972,3.463332
436200,a/7q4oLh2Ews+7tMcFv6xjLGU0sqCX+ac3IZN4vqWbExGrGnT65WeQNJyM8zwaU2,2.164603,4.844876999999999,3.5470300000000003
436500,a/7q4oLh2Ews+7tMcFv6xjLGU0sqCX+ac3IZN4vqWbExGrGnT65WeQNJyM8zwaU2,2.5149790000000003,15.447760999999998,4.480969
436800,a/7q4oLh2Ews+7tMcFv6xjLGU0sqCX+ac3IZN4vqWbExGrGnT65WeQNJyM8zwaU2,2.600716,4.917862,3.300879
437100,a/7q4oLh2Ews+7tMcFv6xjLGU0sqCX+ac3IZN4vqWbExGrGnT65WeQNJyM8zwaU2,2.42713,4.680404,3.4052860000000003
437400,a/7q4oLh2Ews+7tMcFv6xjLGU0sqCX+ac3IZN4vqWbExGrGnT65WeQNJyM8zwaU2,2.507027,4.415762,3.266085
437700,a/7q4oLh2Ews+7tMcFv6xjLGU0sqCX+ac3IZN4vqWbExGrGnT65WeQNJyM8zwaU2,2.053598,4.869552,3.236381
438000,a/7q4oLh2Ews+7tMcFv6xjLGU0sqCX+ac3IZN4vqWbExGrGnT65WeQNJyM8zwaU2,2.586164,4.65868,3.507514
438300,a/7q4oLh2Ews+7tMcFv6xjLGU0sqCX+ac3IZN4vqWbExGrGnT65WeQNJyM8zwaU2,2.5664919999999998,4.352059,3.241057
438600,a/7q4oLh2Ews+7tMcFv6xjLGU0sqCX+ac3IZN4vqWbExGrGnT65WeQNJyM8zwaU2,2.460509,4.635508,3.2780480000000005
438900,a/7q4oLh2Ews+7tMcFv6xjLGU0sqCX+ac3IZN4vqWbExGrGnT65WeQNJyM8zwaU2,2.695383,65.468429,10.365741
439200,a/7q4oLh2Ews+7tMcFv6xjLGU0sqCX+ac3IZN4vqWbExGrGnT65WeQNJyM8zwaU2,2.508818,40.799122,10.507484
439500,a/7q4oLh2Ews+7tMcFv6xjLGU0sqCX+ac3IZN4vqWbExGrGnT65WeQNJyM8zwaU2,2.590782,5.080361,3.458918
439800,a/7q4oLh2Ews+7tMcFv6xjLGU0sqCX+ac3IZN4vqWbExGrGnT65WeQNJyM8zwaU2,2.612102,4.760967,3.4402209999999998
440100,a/7q4oLh2Ews+7tMcFv6xjLGU0sqCX+ac3IZN4vqWbExGrGnT65WeQNJyM8zwaU2,2.5313060000000003,4.592777,3.355658
440400,a/7q4oLh2Ews+7tMcFv6xjLGU0sqCX+ac3IZN4vqWbExGrGnT65WeQNJyM8zwaU2,2.032652,4.778933,3.169757
440700,a/7q4oLh2Ews+7tMcFv6xjLGU0sqCX+ac3IZN4vqWbExGrGnT65WeQNJyM8zwaU2,2.745707,4.693980000000001,3.7053870000000004
441000,a/7q4oLh2Ews+7tMcFv6xjLGU0sqCX+ac3IZN4vqWbExGrGnT65WeQNJyM8zwaU2,2.2852490000000003,4.501332,3.1971849999999997
441300,a/7q4oLh2Ews+7tMcFv6xjLGU0sqCX+ac3IZN4vqWbExGrGnT65WeQNJyM8zwaU2,2.581673,4.768382,3.463978
441600,a/7q4oLh2Ews+7tMcFv6xjLGU0sqCX+ac3IZN4vqWbExGrGnT65WeQNJyM8zwaU2,2.638978,4.543182,3.465524
441900,a/7q4oLh2Ews+7tMcFv6xjLGU0sqCX+ac3IZN4vqWbExGrGnT65WeQNJyM8zwaU2,2.211484,4.662056,3.210026
442200,a/7q4oLh2Ews+7tMcFv6xjLGU0sqCX+ac3IZN4vqWbExGrGnT65WeQNJyM8zwaU2,2.5302279999999997,4.730245,3.244798
442500,a/7q4oLh2Ews+7tMcFv6xjLGU0sqCX+ac3IZN4vqWbExGrGnT65WeQNJyM8zwaU2,2.167828,25.316789,5.427073
442800,a/7q4oLh2Ews+7tMcFv6xjLGU0sqCX+ac3IZN4vqWbExGrGnT65WeQNJyM8zwaU2,2.530751,4.454994999999999,3.167094
443100,a/7q4oLh2Ews+7tMcFv6xjLGU0sqCX+ac3IZN4vqWbExGrGnT65WeQNJyM8zwaU2,2.5284240000000002,4.754601999999999,3.307504
443400,a/7q4oLh2Ews+7tMcFv6xjLGU0sqCX+ac3IZN4vqWbExGrGnT65WeQNJyM8zwaU2,2.516311,4.4724129999999995,3.4478699999999995
443700,a/7q4oLh2Ews+7tMcFv6xjLGU0sqCX+ac3IZN4vqWbExGrGnT65WeQNJyM8zwaU2,2.286665,4.662308,3.232295
444000,a/7q4oLh2Ews+7tMcFv6xjLGU0sqCX+ac3IZN4vqWbExGrGnT65WeQNJyM8zwaU2,2.6713299999999998,4.6881379999999995,3.2868660000000003
444300,a/7q4oLh2Ews+7tMcFv6xjLGU0sqCX+ac3IZN4vqWbExGrGnT65WeQNJyM8zwaU2,2.579351,4.606025,3.6125879999999997
444600,a/7q4oLh2Ews+7tMcFv6xjLGU0sqCX+ac3IZN4vqWbExGrGnT65WeQNJyM8zwaU2,2.5522970000000003,4.32215,3.104623
444900,a/7q4oLh2Ews+7tMcFv6xjLGU0sqCX+ac3IZN4vqWbExGrGnT65WeQNJyM8zwaU2,2.5042720000000003,4.644369,3.347725
445200,a/7q4oLh2Ews+7tMcFv6xjLGU0sqCX+ac3IZN4vqWbExGrGnT65WeQNJyM8zwaU2,2.558477,4.289443,3.252668
445500,a/7q4oLh2Ews+7tMcFv6xjLGU0sqCX+ac3IZN4vqWbExGrGnT65WeQNJyM8zwaU2,2.65173,4.383617,3.327026
445800,a/7q4oLh2Ews+7tMcFv6xjLGU0sqCX+ac3IZN4vqWbExGrGnT65WeQNJyM8zwaU2,2.109286,4.5100430000000005,3.154766
446100,a/7q4oLh2Ews+7tMcFv6xjLGU0sqCX+ac3IZN4vqWbExGrGnT65WeQNJyM8zwaU2,2.736709,25.279120000000002,5.7398739999999995
446400,a/7q4oLh2Ews+7tMcFv6xjLGU0sqCX+ac3IZN4vqWbExGrGnT65WeQNJyM8zwaU2,2.20336,4.384488,3.135304
446700,a/7q4oLh2Ews+7tMcFv6xjLGU0sqCX+ac3IZN4vqWbExGrGnT65WeQNJyM8zwaU2,2.703552,4.652218,3.428558
447000,a/7q4oLh2Ews+7tMcFv6xjLGU0sqCX+ac3IZN4vqWbExGrGnT65WeQNJyM8zwaU2,1.957546,4.616358,3.533035
447300,a/7q4oLh2Ews+7tMcFv6xjLGU0sqCX+ac3IZN4vqWbExGrGnT65WeQNJyM8zwaU2,2.669421,4.609787,3.4149309999999997
447600,a/7q4oLh2Ews+7tMcFv6xjLGU0sqCX+ac3IZN4vqWbExGrGnT65WeQNJyM8zwaU2,2.909072,4.649082,3.413447
447900,a/7q4oLh2Ews+7tMcFv6xjLGU0sqCX+ac3IZN4vqWbExGrGnT65WeQNJyM8zwaU2,1.9681819999999999,4.732757,3.497408
448200,a/7q4oLh2Ews+7tMcFv6xjLGU0sqCX+ac3IZN4vqWbExGrGnT65WeQNJyM8zwaU2,2.668098,4.316046,3.3125129999999996
448500,a/7q4oLh2Ews+7tMcFv6xjLGU0sqCX+ac3IZN4vqWbExGrGnT65WeQNJyM8zwaU2,2.830598,5.487832,3.4656849999999997
448800,a/7q4oLh2Ews+7tMcFv6xjLGU0sqCX+ac3IZN4vqWbExGrGnT65WeQNJyM8zwaU2,2.694009,4.7823080000000004,3.6744510000000004
449100,a/7q4oLh2Ews+7tMcFv6xjLGU0sqCX+ac3IZN4vqWbExGrGnT65WeQNJyM8zwaU2,2.20812,4.707794,3.4067519999999996
449400,a/7q4oLh2Ews+7tMcFv6xjLGU0sqCX+ac3IZN4vqWbExGrGnT65WeQNJyM8zwaU2,2.890246,5.523068,3.53349
449700,a/7q4oLh2Ews+7tMcFv6xjLGU0sqCX+ac3IZN4vqWbExGrGnT65WeQNJyM8zwaU2,2.101984,16.49127,5.8315410000000005
450000,a/7q4oLh2Ews+7tMcFv6xjLGU0sqCX+ac3IZN4vqWbExGrGnT65WeQNJyM8zwaU2,2.217696,4.38175,3.230636
450300,a/7q4oLh2Ews+7tMcFv6xjLGU0sqCX+ac3IZN4vqWbExGrGnT65WeQNJyM8zwaU2,2.882212,5.606596,3.5489699999999997
450600,a/7q4oLh2Ews+7tMcFv6xjLGU0sqCX+ac3IZN4vqWbExGrGnT65WeQNJyM8zwaU2,2.000082,4.698531,3.3844480000000003
450900,a/7q4oLh2Ews+7tMcFv6xjLGU0sqCX+ac3IZN4vqWbExGrGnT65WeQNJyM8zwaU2,2.703488,4.83634,3.515745
451200,a/7q4oLh2Ews+7tMcFv6xjLGU0sqCX+ac3IZN4vqWbExGrGnT65WeQNJyM8zwaU2,2.1599369999999998,5.48475,3.271185
451500,a/7q4oLh2Ews+7tMcFv6xjLGU0sqCX+ac3IZN4vqWbExGrGnT65WeQNJyM8zwaU2,2.8285810000000002,4.966337,3.705855
451800,a/7q4oLh2Ews+7tMcFv6xjLGU0sqCX+ac3IZN4vqWbExGrGnT65WeQNJyM8zwaU2,2.1564959999999997,4.117282,3.1814240000000003
452100,a/7q4oLh2Ews+7tMcFv6xjLGU0sqCX+ac3IZN4vqWbExGrGnT65WeQNJyM8zwaU2,2.4918080000000002,5.521838,3.4371129999999996
452400,a/7q4oLh2Ews+7tMcFv6xjLGU0sqCX+ac3IZN4vqWbExGrGnT65WeQNJyM8zwaU2,2.548269,4.372587,3.555282
452700,a/7q4oLh2Ews+7tMcFv6xjLGU0sqCX+ac3IZN4vqWbExGrGnT65WeQNJyM8zwaU2,2.014059,4.402556,3.150411
453000,a/7q4oLh2Ews+7tMcFv6xjLGU0sqCX+ac3IZN4vqWbExGrGnT65WeQNJyM8zwaU2,2.756105,5.261095,3.399809
453300,a/7q4oLh2Ews+7tMcFv6xjLGU0sqCX+ac3IZN4vqWbExGrGnT65WeQNJyM8zwaU2,2.635938,24.228588000000002,5.7175080000000005
453600,a/7q4oLh2Ews+7tMcFv6xjLGU0sqCX+ac3IZN4vqWbExGrGnT65WeQNJyM8zwaU2,2.6244330000000002,4.69495,3.5098540000000003
453900,a/7q4oLh2Ews+7tMcFv6xjLGU0sqCX+ac3IZN4vqWbExGrGnT65WeQNJyM8zwaU2,2.151261,5.351636,3.394945
454200,a/7q4oLh2Ews+7tMcFv6xjLGU0sqCX+ac3IZN4vqWbExGrGnT65WeQNJyM8zwaU2,2.9239080000000004,4.968286,3.675562
454500,a/7q4oLh2Ews+7tMcFv6xjLGU0sqCX+ac3IZN4vqWbExGrGnT65WeQNJyM8zwaU2,2.607571,4.624003,3.422503
454800,a/7q4oLh2Ews+7tMcFv6xjLGU0sqCX+ac3IZN4vqWbExGrGnT65WeQNJyM8zwaU2,2.803682,4.938347,3.445586
455100,a/7q4oLh2Ews+7tMcFv6xjLGU0sqCX+ac3IZN4vqWbExGrGnT65WeQNJyM8zwaU2,2.437061,4.806671,3.772068
455400,a/7q4oLh2Ews+7tMcFv6xjLGU0sqCX+ac3IZN4vqWbExGrGnT65WeQNJyM8zwaU2,2.6911259999999997,4.117509,3.2508310000000002
455700,a/7q4oLh2Ews+7tMcFv6xjLGU0sqCX+ac3IZN4vqWbExGrGnT65WeQNJyM8zwaU2,2.647684,5.5766089999999995,3.4129910000000003
456000,a/7q4oLh2Ews+7tMcFv6xjLGU0sqCX+ac3IZN4vqWbExGrGnT65WeQNJyM8zwaU2,2.622754,4.3829199999999995,3.404764
456300,a/7q4oLh2Ews+7tMcFv6xjLGU0sqCX+ac3IZN4vqWbExGrGnT65WeQNJyM8zwaU2,2.576704,4.433341,3.326893
456600,a/7q4oLh2Ews+7tMcFv6xjLGU0sqCX+ac3IZN4vqWbExGrGnT65WeQNJyM8zwaU2,2.3990709999999997,4.932093,3.2153389999999997
456900,a/7q4oLh2Ews+7tMcFv6xjLGU0sqCX+ac3IZN4vqWbExGrGnT65WeQNJyM8zwaU2,2.679363,24.337651,5.769319
457200,a/7q4oLh2Ews+7tMcFv6xjLGU0sqCX+ac3IZN4vqWbExGrGnT65WeQNJyM8zwaU2,2.249514,4.5211190000000006,3.2521709999999997
457500,a/7q4oLh2Ews+7tMcFv6xjLGU0sqCX+ac3IZN4vqWbExGrGnT65WeQNJyM8zwaU2,2.663026,5.394606,3.4677059999999997
457800,a/7q4oLh2Ews+7tMcFv6xjLGU0sqCX+ac3IZN4vqWbExGrGnT65WeQNJyM8zwaU2,1.793192,4.312809,3.429156
458100,a/7q4oLh2Ews+7tMcFv6xjLGU0sqCX+ac3IZN4vqWbExGrGnT65WeQNJyM8zwaU2,2.1443470000000002,4.751174,3.3190190000000004
458400,a/7q4oLh2Ews+7tMcFv6xjLGU0sqCX+ac3IZN4vqWbExGrGnT65WeQNJyM8zwaU2,2.73529,4.379351,3.3084830000000003
458700,a/7q4oLh2Ews+7tMcFv6xjLGU0sqCX+ac3IZN4vqWbExGrGnT65WeQNJyM8zwaU2,2.052597,4.620282,3.545439
459000,a/7q4oLh2Ews+7tMcFv6xjLGU0sqCX+ac3IZN4vqWbExGrGnT65WeQNJyM8zwaU2,2.590393,4.0989580000000005,3.277601
459300,a/7q4oLh2Ews+7tMcFv6xjLGU0sqCX+ac3IZN4vqWbExGrGnT65WeQNJyM8zwaU2,2.632795,6.989068,3.811804
459600,a/7q4oLh2Ews+7tMcFv6xjLGU0sqCX+ac3IZN4vqWbExGrGnT65WeQNJyM8zwaU2,2.5328779999999997,4.242058999999999,3.385107
459900,a/7q4oLh2Ews+7tMcFv6xjLGU0sqCX+ac3IZN4vqWbExGrGnT65WeQNJyM8zwaU2,2.7200990000000003,4.834649,3.479715
460200,a/7q4oLh2Ews+7tMcFv6xjLGU0sqCX+ac3IZN4vqWbExGrGnT65WeQNJyM8zwaU2,2.7160279999999997,4.602608,3.3994760000000004
460500,a/7q4oLh2Ews+7tMcFv6xjLGU0sqCX+ac3IZN4vqWbExGrGnT65WeQNJyM8zwaU2,2.76684,17.389194,5.606745
460800,a/7q4oLh2Ews+7tMcFv6xjLGU0sqCX+ac3IZN4vqWbExGrGnT65WeQNJyM8zwaU2,2.0851349999999997,4.862847,3.3364830000000003
461100,a/7q4oLh2Ews+7tMcFv6xjLGU0sqCX+ac3IZN4vqWbExGrGnT65WeQNJyM8zwaU2,2.543634,4.882486,3.471971
461400,a/7q4oLh2Ews+7tMcFv6xjLGU0sqCX+ac3IZN4vqWbExGrGnT65WeQNJyM8zwaU2,2.2357150000000003,4.293105000000001,3.344005
461700,a/7q4oLh2Ews+7tMcFv6xjLGU0sqCX+ac3IZN4vqWbExGrGnT65WeQNJyM8zwaU2,2.503743,5.155149,3.4527160000000006
462000,a/7q4oLh2Ews+7tMcFv6xjLGU0sqCX+ac3IZN4vqWbExGrGnT65WeQNJyM8zwaU2,2.4107979999999998,7.229966,3.639986
462300,a/7q4oLh2Ews+7tMcFv6xjLGU0sqCX+ac3IZN4vqWbExGrGnT65WeQNJyM8zwaU2,2.71842,4.738999,3.5106330000000003
462600,a/7q4oLh2Ews+7tMcFv6xjLGU0sqCX+ac3IZN4vqWbExGrGnT65WeQNJyM8zwaU2,2.14331,4.837665,3.3403440000000004
462900,a/7q4oLh2Ews+7tMcFv6xjLGU0sqCX+ac3IZN4vqWbExGrGnT65WeQNJyM8zwaU2,2.5512259999999998,4.502651999999999,3.473121
463200,a/7q4oLh2Ews+7tMcFv6xjLGU0sqCX+ac3IZN4vqWbExGrGnT65WeQNJyM8zwaU2,2.4270009999999997,6.118878,3.583364
463500,a/7q4oLh2Ews+7tMcFv6xjLGU0sqCX+ac3IZN4vqWbExGrGnT65WeQNJyM8zwaU2,2.455176,5.93917,3.801957
463800,a/7q4oLh2Ews+7tMcFv6xjLGU0sqCX+ac3IZN4vqWbExGrGnT65WeQNJyM8zwaU2,2.619559,4.8943330000000005,3.4280150000000003
464100,a/7q4oLh2Ews+7tMcFv6xjLGU0sqCX+ac3IZN4vqWbExGrGnT65WeQNJyM8zwaU2,2.93738,24.647103,6.158126
464400,a/7q4oLh2Ews+7tMcFv6xjLGU0sqCX+ac3IZN4vqWbExGrGnT65WeQNJyM8zwaU2,2.670343,5.02091,3.583993
464700,a/7q4oLh2Ews+7tMcFv6xjLGU0sqCX+ac3IZN4vqWbExGrGnT65WeQNJyM8zwaU2,2.548652,12.744333000000001,4.432606
465000,a/7q4oLh2Ews+7tMcFv6xjLGU0sqCX+ac3IZN4vqWbExGrGnT65WeQNJyM8zwaU2,2.560998,4.4306470000000004,3.487307
465300,a/7q4oLh2Ews+7tMcFv6xjLGU0sqCX+ac3IZN4vqWbExGrGnT65WeQNJyM8zwaU2,2.60555,5.246275,3.517961
465600,a/7q4oLh2Ews+7tMcFv6xjLGU0sqCX+ac3IZN4vqWbExGrGnT65WeQNJyM8zwaU2,2.6208080000000002,4.88502,3.441907
465900,a/7q4oLh2Ews+7tMcFv6xjLGU0sqCX+ac3IZN4vqWbExGrGnT65WeQNJyM8zwaU2,2.649152,4.694246,3.445017
466200,a/7q4oLh2Ews+7tMcFv6xjLGU0sqCX+ac3IZN4vqWbExGrGnT65WeQNJyM8zwaU2,2.4996650000000002,5.269727,3.589014
466500,a/7q4oLh2Ews+7tMcFv6xjLGU0sqCX+ac3IZN4vqWbExGrGnT65WeQNJyM8zwaU2,2.655423,5.0693220000000005,3.586119
466800,a/7q4oLh2Ews+7tMcFv6xjLGU0sqCX+ac3IZN4vqWbExGrGnT65WeQNJyM8zwaU2,2.7450650000000003,4.566813,3.600915
467100,a/7q4oLh2Ews+7tMcFv6xjLGU0sqCX+ac3IZN4vqWbExGrGnT65WeQNJyM8zwaU2,2.538037,5.620115,3.631245
467400,a/7q4oLh2Ews+7tMcFv6xjLGU0sqCX+ac3IZN4vqWbExGrGnT65WeQNJyM8zwaU2,2.572681,10.792717999999999,4.210348000000001
467700,a/7q4oLh2Ews+7tMcFv6xjLGU0sqCX+ac3IZN4vqWbExGrGnT65WeQNJyM8zwaU2,2.869241,24.306783,5.751345
468000,a/7q4oLh2Ews+7tMcFv6xjLGU0sqCX+ac3IZN4vqWbExGrGnT65WeQNJyM8zwaU2,2.6443209999999997,43.509091,10.423156
468300,a/7q4oLh2Ews+7tMcFv6xjLGU0sqCX+ac3IZN4vqWbExGrGnT65WeQNJyM8zwaU2,2.558267,5.046786,3.61798
468600,a/7q4oLh2Ews+7tMcFv6xjLGU0sqCX+ac3IZN4vqWbExGrGnT65WeQNJyM8zwaU2,2.568332,4.582192,3.478279
468900,a/7q4oLh2Ews+7tMcFv6xjLGU0sqCX+ac3IZN4vqWbExGrGnT65WeQNJyM8zwaU2,2.317111,5.206703,3.5387269999999997
469200,a/7q4oLh2Ews+7tMcFv6xjLGU0sqCX+ac3IZN4vqWbExGrGnT65WeQNJyM8zwaU2,2.539288,4.796645,3.4528230000000004
469500,a/7q4oLh2Ews+7tMcFv6xjLGU0sqCX+ac3IZN4vqWbExGrGnT65WeQNJyM8zwaU2,2.6844360000000003,4.827792,3.684194
469800,a/7q4oLh2Ews+7tMcFv6xjLGU0sqCX+ac3IZN4vqWbExGrGnT65WeQNJyM8zwaU2,2.530884,4.745243,3.5264269999999995
470100,a/7q4oLh2Ews+7tMcFv6xjLGU0sqCX+ac3IZN4vqWbExGrGnT65WeQNJyM8zwaU2,2.648562,4.658904,3.486567
470400,a/7q4oLh2Ews+7tMcFv6xjLGU0sqCX+ac3IZN4vqWbExGrGnT65WeQNJyM8zwaU2,2.6052459999999997,4.363834,3.4688309999999998
470700,a/7q4oLh2Ews+7tMcFv6xjLGU0sqCX+ac3IZN4vqWbExGrGnT65WeQNJyM8zwaU2,2.2300009999999997,4.878804,3.472233
471000,a/7q4oLh2Ews+7tMcFv6xjLGU0sqCX+ac3IZN4vqWbExGrGnT65WeQNJyM8zwaU2,2.879009,4.491018,3.500718
471300,a/7q4oLh2Ews+7tMcFv6xjLGU0sqCX+ac3IZN4vqWbExGrGnT65WeQNJyM8zwaU2,2.563584,21.965255,5.561659
471600,a/7q4oLh2Ews+7tMcFv6xjLGU0sqCX+ac3IZN4vqWbExGrGnT65WeQNJyM8zwaU2,2.54619,4.712029,3.4555599999999997
471900,a/7q4oLh2Ews+7tMcFv6xjLGU0sqCX+ac3IZN4vqWbExGrGnT65WeQNJyM8zwaU2,2.5663419999999997,4.322438,3.4127449999999997
472200,a/7q4oLh2Ews+7tMcFv6xjLGU0sqCX+ac3IZN4vqWbExGrGnT65WeQNJyM8zwaU2,2.671617,4.603587,3.526136
472500,a/7q4oLh2Ews+7tMcFv6xjLGU0sqCX+ac3IZN4vqWbExGrGnT65WeQNJyM8zwaU2,2.574145,6.592967,3.654612
472800,a/7q4oLh2Ews+7tMcFv6xjLGU0sqCX+ac3IZN4vqWbExGrGnT65WeQNJyM8zwaU2,2.53736,4.303054,3.335265
473100,a/7q4oLh2Ews+7tMcFv6xjLGU0sqCX+ac3IZN4vqWbExGrGnT65WeQNJyM8zwaU2,2.828799,4.701469,3.626327
473400,a/7q4oLh2Ews+7tMcFv6xjLGU0sqCX+ac3IZN4vqWbExGrGnT65WeQNJyM8zwaU2,2.506513,5.838447,3.440729
473700,a/7q4oLh2Ews+7tMcFv6xjLGU0sqCX+ac3IZN4vqWbExGrGnT65WeQNJyM8zwaU2,2.666147,4.22722,3.5001949999999997
474000,a/7q4oLh2Ews+7tMcFv6xjLGU0sqCX+ac3IZN4vqWbExGrGnT65WeQNJyM8zwaU2,2.701203,9.335264,3.9925309999999996
474300,a/7q4oLh2Ews+7tMcFv6xjLGU0sqCX+ac3IZN4vqWbExGrGnT65WeQNJyM8zwaU2,2.0133349999999997,5.701309999999999,3.3728160000000003
474600,a/7q4oLh2Ews+7tMcFv6xjLGU0sqCX+ac3IZN4vqWbExGrGnT65WeQNJyM8zwaU2,2.592319,3.9703510000000004,3.4102690000000004
474900,a/7q4oLh2Ews+7tMcFv6xjLGU0sqCX+ac3IZN4vqWbExGrGnT65WeQNJyM8zwaU2,2.158503,23.829731,5.601762
475200,a/7q4oLh2Ews+7tMcFv6xjLGU0sqCX+ac3IZN4vqWbExGrGnT65WeQNJyM8zwaU2,2.633534,5.22858,3.391524
475500,a/7q4oLh2Ews+7tMcFv6xjLGU0sqCX+ac3IZN4vqWbExGrGnT65WeQNJyM8zwaU2,2.6147099999999996,4.122694999999999,3.4147239999999996
475800,a/7q4oLh2Ews+7tMcFv6xjLGU0sqCX+ac3IZN4vqWbExGrGnT65WeQNJyM8zwaU2,2.777832,4.636519,3.535243
476100,a/7q4oLh2Ews+7tMcFv6xjLGU0sqCX+ac3IZN4vqWbExGrGnT65WeQNJyM8zwaU2,2.71663,5.843179,3.577608
476400,a/7q4oLh2Ews+7tMcFv6xjLGU0sqCX+ac3IZN4vqWbExGrGnT65WeQNJyM8zwaU2,2.696448,3.991707,3.432786
476700,a/7q4oLh2Ews+7tMcFv6xjLGU0sqCX+ac3IZN4vqWbExGrGnT65WeQNJyM8zwaU2,2.626217,4.72052,3.424495
477000,a/7q4oLh2Ews+7tMcFv6xjLGU0sqCX+ac3IZN4vqWbExGrGnT65WeQNJyM8zwaU2,2.456207,5.317389,3.443454
477300,a/7q4oLh2Ews+7tMcFv6xjLGU0sqCX+ac3IZN4vqWbExGrGnT65WeQNJyM8zwaU2,2.6457040000000003,4.1684779999999995,3.5637559999999997
477600,a/7q4oLh2Ews+7tMcFv6xjLGU0sqCX+ac3IZN4vqWbExGrGnT65WeQNJyM8zwaU2,2.075298,5.019855000000001,3.592942
477900,a/7q4oLh2Ews+7tMcFv6xjLGU0sqCX+ac3IZN4vqWbExGrGnT65WeQNJyM8zwaU2,2.493535,5.6573199999999995,3.4908050000000004
478200,a/7q4oLh2Ews+7tMcFv6xjLGU0sqCX+ac3IZN4vqWbExGrGnT65WeQNJyM8zwaU2,2.0567509999999998,3.898628,3.204771
478500,a/7q4oLh2Ews+7tMcFv6xjLGU0sqCX+ac3IZN4vqWbExGrGnT65WeQNJyM8zwaU2,2.541066,20.95893,5.643276999999999
478800,a/7q4oLh2Ews+7tMcFv6xjLGU0sqCX+ac3IZN4vqWbExGrGnT65WeQNJyM8zwaU2,2.178561,5.12265,3.3254550000000003
479100,a/7q4oLh2Ews+7tMcFv6xjLGU0sqCX+ac3IZN4vqWbExGrGnT65WeQNJyM8zwaU2,2.454503,4.0826,3.342288
479400,a/7q4oLh2Ews+7tMcFv6xjLGU0sqCX+ac3IZN4vqWbExGrGnT65WeQNJyM8zwaU2,2.2146939999999997,4.612936,3.276016
479700,a/7q4oLh2Ews+7tMcFv6xjLGU0sqCX+ac3IZN4vqWbExGrGnT65WeQNJyM8zwaU2,2.111846,5.5806,3.427222
480000,a/7q4oLh2Ews+7tMcFv6xjLGU0sqCX+ac3IZN4vqWbExGrGnT65WeQNJyM8zwaU2,2.782177,3.9793190000000003,3.382193
480300,a/7q4oLh2Ews+7tMcFv6xjLGU0sqCX+ac3IZN4vqWbExGrGnT65WeQNJyM8zwaU2,2.491243,4.709537999999999,3.622401
480600,a/7q4oLh2Ews+7tMcFv6xjLGU0sqCX+ac3IZN4vqWbExGrGnT65WeQNJyM8zwaU2,2.401537,4.916777,3.3365949999999995
480900,a/7q4oLh2Ews+7tMcFv6xjLGU0sqCX+ac3IZN4vqWbExGrGnT65WeQNJyM8zwaU2,1.971656,4.202353,3.3089459999999997
481200,a/7q4oLh2Ews+7tMcFv6xjLGU0sqCX+ac3IZN4vqWbExGrGnT65WeQNJyM8zwaU2,2.6373729999999997,4.780390000000001,3.417995
481500,a/7q4oLh2Ews+7tMcFv6xjLGU0sqCX+ac3IZN4vqWbExGrGnT65WeQNJyM8zwaU2,2.250685,5.312379,3.4082790000000003
481800,a/7q4oLh2Ews+7tMcFv6xjLGU0sqCX+ac3IZN4vqWbExGrGnT65WeQNJyM8zwaU2,2.587284,3.863456,3.3105379999999998
482100,a/7q4oLh2Ews+7tMcFv6xjLGU0sqCX+ac3IZN4vqWbExGrGnT65WeQNJyM8zwaU2,2.0653240000000004,25.687008,5.46535
482400,a/7q4oLh2Ews+7tMcFv6xjLGU0sqCX+ac3IZN4vqWbExGrGnT65WeQNJyM8zwaU2,2.225694,5.295205,3.3966589999999997
482700,a/7q4oLh2Ews+7tMcFv6xjLGU0sqCX+ac3IZN4vqWbExGrGnT65WeQNJyM8zwaU2,2.652364,4.322948,3.4348339999999995
483000,a/7q4oLh2Ews+7tMcFv6xjLGU0sqCX+ac3IZN4vqWbExGrGnT65WeQNJyM8zwaU2,2.646519,4.408829,3.43267
483300,a/7q4oLh2Ews+7tMcFv6xjLGU0sqCX+ac3IZN4vqWbExGrGnT65WeQNJyM8zwaU2,2.506839,5.325951,3.4765330000000003
483600,a/7q4oLh2Ews+7tMcFv6xjLGU0sqCX+ac3IZN4vqWbExGrGnT65WeQNJyM8zwaU2,1.92733,3.9382029999999997,3.0548919999999997
483900,a/7q4oLh2Ews+7tMcFv6xjLGU0sqCX+ac3IZN4vqWbExGrGnT65WeQNJyM8zwaU2,2.5293759999999996,6.092333999999999,3.681344
484200,a/7q4oLh2Ews+7tMcFv6xjLGU0sqCX+ac3IZN4vqWbExGrGnT65WeQNJyM8zwaU2,2.436276,4.760924,3.469386
484500,a/7q4oLh2Ews+7tMcFv6xjLGU0sqCX+ac3IZN4vqWbExGrGnT65WeQNJyM8zwaU2,2.381797,4.510774,3.3329760000000004
484800,a/7q4oLh2Ews+7tMcFv6xjLGU0sqCX+ac3IZN4vqWbExGrGnT65WeQNJyM8zwaU2,2.347372,5.401872,3.4236989999999996
485100,a/7q4oLh2Ews+7tMcFv6xjLGU0sqCX+ac3IZN4vqWbExGrGnT65WeQNJyM8zwaU2,2.0952900000000003,4.776925,3.40001
485400,a/7q4oLh2Ews+7tMcFv6xjLGU0sqCX+ac3IZN4vqWbExGrGnT65WeQNJyM8zwaU2,2.4372540000000003,4.169793,3.223562
485700,a/7q4oLh2Ews+7tMcFv6xjLGU0sqCX+ac3IZN4vqWbExGrGnT65WeQNJyM8zwaU2,1.946711,24.572407000000002,5.74189
486000,a/7q4oLh2Ews+7tMcFv6xjLGU0sqCX+ac3IZN4vqWbExGrGnT65WeQNJyM8zwaU2,2.731408,5.00632,3.492082
486300,a/7q4oLh2Ews+7tMcFv6xjLGU0sqCX+ac3IZN4vqWbExGrGnT65WeQNJyM8zwaU2,2.344322,4.300096,3.261329
486600,a/7q4oLh2Ews+7tMcFv6xjLGU0sqCX+ac3IZN4vqWbExGrGnT65WeQNJyM8zwaU2,2.5438549999999998,5.368569,3.517303
486900,a/7q4oLh2Ews+7tMcFv6xjLGU0sqCX+ac3IZN4vqWbExGrGnT65WeQNJyM8zwaU2,2.1884959999999998,4.654194,3.370525
487200,a/7q4oLh2Ews+7tMcFv6xjLGU0sqCX+ac3IZN4vqWbExGrGnT65WeQNJyM8zwaU2,2.384906,4.345959,3.180268
487500,a/7q4oLh2Ews+7tMcFv6xjLGU0sqCX+ac3IZN4vqWbExGrGnT65WeQNJyM8zwaU2,2.376944,5.4271709999999995,3.467572
487800,a/7q4oLh2Ews+7tMcFv6xjLGU0sqCX+ac3IZN4vqWbExGrGnT65WeQNJyM8zwaU2,2.551878,4.66059,3.373392
488100,a/7q4oLh2Ews+7tMcFv6xjLGU0sqCX+ac3IZN4vqWbExGrGnT65WeQNJyM8zwaU2,2.5045349999999997,4.168922,3.2526599999999997
488400,a/7q4oLh2Ews+7tMcFv6xjLGU0sqCX+ac3IZN4vqWbExGrGnT65WeQNJyM8zwaU2,2.104794,5.279649,3.447055
488700,a/7q4oLh2Ews+7tMcFv6xjLGU0sqCX+ac3IZN4vqWbExGrGnT65WeQNJyM8zwaU2,2.350274,4.908229,3.4406760000000003
489000,a/7q4oLh2Ews+7tMcFv6xjLGU0sqCX+ac3IZN4vqWbExGrGnT65WeQNJyM8zwaU2,1.7905209999999998,4.357611,3.075386
489300,a/7q4oLh2Ews+7tMcFv6xjLGU0sqCX+ac3IZN4vqWbExGrGnT65WeQNJyM8zwaU2,2.64478,22.883221,5.7148959999999995
489600,a/7q4oLh2Ews+7tMcFv6xjLGU0sqCX+ac3IZN4vqWbExGrGnT65WeQNJyM8zwaU2,2.2269520000000003,4.7698,3.3363120000000004
489900,a/7q4oLh2Ews+7tMcFv6xjLGU0sqCX+ac3IZN4vqWbExGrGnT65WeQNJyM8zwaU2,2.427348,4.349245,3.3257559999999997
490200,a/7q4oLh2Ews+7tMcFv6xjLGU0sqCX+ac3IZN4vqWbExGrGnT65WeQNJyM8zwaU2,2.2543439999999997,5.148385,3.3698059999999996
490500,a/7q4oLh2Ews+7tMcFv6xjLGU0sqCX+ac3IZN4vqWbExGrGnT65WeQNJyM8zwaU2,2.291099,4.673075,3.505836
490800,a/7q4oLh2Ews+7tMcFv6xjLGU0sqCX+ac3IZN4vqWbExGrGnT65WeQNJyM8zwaU2,2.6149459999999998,4.249518,3.3151589999999995
491100,a/7q4oLh2Ews+7tMcFv6xjLGU0sqCX+ac3IZN4vqWbExGrGnT65WeQNJyM8zwaU2,3.023721,7.839067999999999,4.284571
491400,a/7q4oLh2Ews+7tMcFv6xjLGU0sqCX+ac3IZN4vqWbExGrGnT65WeQNJyM8zwaU2,2.65353,4.799974,3.4597900000000004
491700,a/7q4oLh2Ews+7tMcFv6xjLGU0sqCX+ac3IZN4vqWbExGrGnT65WeQNJyM8zwaU2,2.4696759999999998,8.33268,3.839663
492000,a/7q4oLh2Ews+7tMcFv6xjLGU0sqCX+ac3IZN4vqWbExGrGnT65WeQNJyM8zwaU2,2.417245,5.393819000000001,3.613785
492300,a/7q4oLh2Ews+7tMcFv6xjLGU0sqCX+ac3IZN4vqWbExGrGnT65WeQNJyM8zwaU2,2.514813,4.906525,3.4022010000000003
492600,a/7q4oLh2Ews+7tMcFv6xjLGU0sqCX+ac3IZN4vqWbExGrGnT65WeQNJyM8zwaU2,2.3714419999999996,4.307942,3.248875
492900,a/7q4oLh2Ews+7tMcFv6xjLGU0sqCX+ac3IZN4vqWbExGrGnT65WeQNJyM8zwaU2,2.5844669999999996,26.373301,5.87827
493200,a/7q4oLh2Ews+7tMcFv6xjLGU0sqCX+ac3IZN4vqWbExGrGnT65WeQNJyM8zwaU2,2.645797,4.604155,3.384698
493500,a/7q4oLh2Ews+7tMcFv6xjLGU0sqCX+ac3IZN4vqWbExGrGnT65WeQNJyM8zwaU2,2.598807,4.293846,3.3177269999999996
493800,a/7q4oLh2Ews+7tMcFv6xjLGU0sqCX+ac3IZN4vqWbExGrGnT65WeQNJyM8zwaU2,1.9532919999999998,4.975338,3.5537330000000003
494100,a/7q4oLh2Ews+7tMcFv6xjLGU0sqCX+ac3IZN4vqWbExGrGnT65WeQNJyM8zwaU2,2.582409,4.590966000000001,3.530836
494400,a/7q4oLh2Ews+7tMcFv6xjLGU0sqCX+ac3IZN4vqWbExGrGnT65WeQNJyM8zwaU2,2.6023110000000003,3.975043,3.2848129999999998
494700,a/7q4oLh2Ews+7tMcFv6xjLGU0sqCX+ac3IZN4vqWbExGrGnT65WeQNJyM8zwaU2,2.876757,5.196902,3.8205690000000003
495000,a/7q4oLh2Ews+7tMcFv6xjLGU0sqCX+ac3IZN4vqWbExGrGnT65WeQNJyM8zwaU2,2.738811,4.628661,3.541083
495300,a/7q4oLh2Ews+7tMcFv6xjLGU0sqCX+ac3IZN4vqWbExGrGnT65WeQNJyM8zwaU2,2.8902970000000003,4.365927,3.5104870000000004
495600,a/7q4oLh2Ews+7tMcFv6xjLGU0sqCX+ac3IZN4vqWbExGrGnT65WeQNJyM8zwaU2,2.88436,7.159401,4.019862
495900,a/7q4oLh2Ews+7tMcFv6xjLGU0sqCX+ac3IZN4vqWbExGrGnT65WeQNJyM8zwaU2,2.843425,9.267726,4.090033
496200,a/7q4oLh2Ews+7tMcFv6xjLGU0sqCX+ac3IZN4vqWbExGrGnT65WeQNJyM8zwaU2,2.778107,4.754535,3.50607
496500,a/7q4oLh2Ews+7tMcFv6xjLGU0sqCX+ac3IZN4vqWbExGrGnT65WeQNJyM8zwaU2,2.697491,25.320875,6.130153
496800,a/7q4oLh2Ews+7tMcFv6xjLGU0sqCX+ac3IZN4vqWbExGrGnT65WeQNJyM8zwaU2,2.744625,15.010104,5.148542
497100,a/7q4oLh2Ews+7tMcFv6xjLGU0sqCX+ac3IZN4vqWbExGrGnT65WeQNJyM8zwaU2,2.342441,4.920433999999999,3.323233
497400,a/7q4oLh2Ews+7tMcFv6xjLGU0sqCX+ac3IZN4vqWbExGrGnT65WeQNJyM8zwaU2,2.650013,5.209544999999999,3.6767160000000003
497700,a/7q4oLh2Ews+7tMcFv6xjLGU0sqCX+ac3IZN4vqWbExGrGnT65WeQNJyM8zwaU2,2.59728,4.830132,3.4387519999999996
498000,a/7q4oLh2Ews+7tMcFv6xjLGU0sqCX+ac3IZN4vqWbExGrGnT65WeQNJyM8zwaU2,2.657178,5.042021,3.2806699999999998
498300,a/7q4oLh2Ews+7tMcFv6xjLGU0sqCX+ac3IZN4vqWbExGrGnT65WeQNJyM8zwaU2,2.9847509999999997,5.667916,3.9962760000000004
498600,a/7q4oLh2Ews+7tMcFv6xjLGU0sqCX+ac3IZN4vqWbExGrGnT65WeQNJyM8zwaU2,2.699696,4.925904,3.5669269999999997
498900,a/7q4oLh2Ews+7tMcFv6xjLGU0sqCX+ac3IZN4vqWbExGrGnT65WeQNJyM8zwaU2,2.729587,4.829052,3.489404
499200,a/7q4oLh2Ews+7tMcFv6xjLGU0sqCX+ac3IZN4vqWbExGrGnT65WeQNJyM8zwaU2,2.1890490000000002,5.21888,3.416005
499500,a/7q4oLh2Ews+7tMcFv6xjLGU0sqCX+ac3IZN4vqWbExGrGnT65WeQNJyM8zwaU2,2.712184,4.861717,3.492107
499800,a/7q4oLh2Ews+7tMcFv6xjLGU0sqCX+ac3IZN4vqWbExGrGnT65WeQNJyM8zwaU2,2.4196400000000002,4.735603,3.213628
500100,a/7q4oLh2Ews+7tMcFv6xjLGU0sqCX+ac3IZN4vqWbExGrGnT65WeQNJyM8zwaU2,2.7585439999999997,22.432046,5.812284
500400,a/7q4oLh2Ews+7tMcFv6xjLGU0sqCX+ac3IZN4vqWbExGrGnT65WeQNJyM8zwaU2,2.183394,4.335418,3.3203620000000003
500700,a/7q4oLh2Ews+7tMcFv6xjLGU0sqCX+ac3IZN4vqWbExGrGnT65WeQNJyM8zwaU2,2.604157,4.686313,3.3357419999999998
501000,a/7q4oLh2Ews+7tMcFv6xjLGU0sqCX+ac3IZN4vqWbExGrGnT65WeQNJyM8zwaU2,2.502424,4.918481,3.492968
501300,a/7q4oLh2Ews+7tMcFv6xjLGU0sqCX+ac3IZN4vqWbExGrGnT65WeQNJyM8zwaU2,2.756534,4.96314,3.511964
501600,a/7q4oLh2Ews+7tMcFv6xjLGU0sqCX+ac3IZN4vqWbExGrGnT65WeQNJyM8zwaU2,2.6281630000000002,4.8717559999999995,3.363835
501900,a/7q4oLh2Ews+7tMcFv6xjLGU0sqCX+ac3IZN4vqWbExGrGnT65WeQNJyM8zwaU2,2.353552,5.640598000000001,3.4889410000000005
502200,a/7q4oLh2Ews+7tMcFv6xjLGU0sqCX+ac3IZN4vqWbExGrGnT65WeQNJyM8zwaU2,2.511632,4.654958000000001,3.478531
502500,a/7q4oLh2Ews+7tMcFv6xjLGU0sqCX+ac3IZN4vqWbExGrGnT65WeQNJyM8zwaU2,2.5223299999999997,4.622694999999999,3.2264459999999997
502800,a/7q4oLh2Ews+7tMcFv6xjLGU0sqCX+ac3IZN4vqWbExGrGnT65WeQNJyM8zwaU2,2.839794,5.136502,3.563489
503100,a/7q4oLh2Ews+7tMcFv6xjLGU0sqCX+ac3IZN4vqWbExGrGnT65WeQNJyM8zwaU2,2.64847,4.918492,3.3918449999999996
503400,a/7q4oLh2Ews+7tMcFv6xjLGU0sqCX+ac3IZN4vqWbExGrGnT65WeQNJyM8zwaU2,2.503998,5.018275,3.188919
503700,a/7q4oLh2Ews+7tMcFv6xjLGU0sqCX+ac3IZN4vqWbExGrGnT65WeQNJyM8zwaU2,2.320296,25.062533,5.657915
504000,a/7q4oLh2Ews+7tMcFv6xjLGU0sqCX+ac3IZN4vqWbExGrGnT65WeQNJyM8zwaU2,2.566334,4.47386,3.3649139999999997
504300,a/7q4oLh2Ews+7tMcFv6xjLGU0sqCX+ac3IZN4vqWbExGrGnT65WeQNJyM8zwaU2,2.529593,4.455326,3.340469
504600,a/7q4oLh2Ews+7tMcFv6xjLGU0sqCX+ac3IZN4vqWbExGrGnT65WeQNJyM8zwaU2,2.6452400000000003,5.050338,3.4174019999999996
504900,a/7q4oLh2Ews+7tMcFv6xjLGU0sqCX+ac3IZN4vqWbExGrGnT65WeQNJyM8zwaU2,2.656256,4.93363,3.4280169999999996
505200,a/7q4oLh2Ews+7tMcFv6xjLGU0sqCX+ac3IZN4vqWbExGrGnT65WeQNJyM8zwaU2,2.630804,4.60572,3.17523
505500,a/7q4oLh2Ews+7tMcFv6xjLGU0sqCX+ac3IZN4vqWbExGrGnT65WeQNJyM8zwaU2,2.8039099999999997,5.413615,3.5935580000000003
505800,a/7q4oLh2Ews+7tMcFv6xjLGU0sqCX+ac3IZN4vqWbExGrGnT65WeQNJyM8zwaU2,2.084597,4.551454,3.3359919999999996
506100,a/7q4oLh2Ews+7tMcFv6xjLGU0sqCX+ac3IZN4vqWbExGrGnT65WeQNJyM8zwaU2,2.5652009999999996,4.606274,3.304711
506400,a/7q4oLh2Ews+7tMcFv6xjLGU0sqCX+ac3IZN4vqWbExGrGnT65WeQNJyM8zwaU2,2.392582,4.8536589999999995,3.5286660000000003
506700,a/7q4oLh2Ews+7tMcFv6xjLGU0sqCX+ac3IZN4vqWbExGrGnT65WeQNJyM8zwaU2,2.645025,4.8480870000000005,3.4728190000000003
507000,a/7q4oLh2Ews+7tMcFv6xjLGU0sqCX+ac3IZN4vqWbExGrGnT65WeQNJyM8zwaU2,2.55337,4.650843,3.415712
507300,a/7q4oLh2Ews+7tMcFv6xjLGU0sqCX+ac3IZN4vqWbExGrGnT65WeQNJyM8zwaU2,2.4302610000000002,24.620842,5.6971419999999995
507600,a/7q4oLh2Ews+7tMcFv6xjLGU0sqCX+ac3IZN4vqWbExGrGnT65WeQNJyM8zwaU2,2.480568,4.3190550000000005,3.3320160000000003
507900,a/7q4oLh2Ews+7tMcFv6xjLGU0sqCX+ac3IZN4vqWbExGrGnT65WeQNJyM8zwaU2,2.670776,4.357018,3.246198
508200,a/7q4oLh2Ews+7tMcFv6xjLGU0sqCX+ac3IZN4vqWbExGrGnT65WeQNJyM8zwaU2,2.677507,4.608795,3.5157760000000002
508500,a/7q4oLh2Ews+7tMcFv6xjLGU0sqCX+ac3IZN4vqWbExGrGnT65WeQNJyM8zwaU2,2.680323,5.241242,3.328322
508800,a/7q4oLh2Ews+7tMcFv6xjLGU0sqCX+ac3IZN4vqWbExGrGnT65WeQNJyM8zwaU2,2.592191,4.585723000000001,3.41759
509100,a/7q4oLh2Ews+7tMcFv6xjLGU0sqCX+ac3IZN4vqWbExGrGnT65WeQNJyM8zwaU2,2.6195,4.663639,3.522931
509400,a/7q4oLh2Ews+7tMcFv6xjLGU0sqCX+ac3IZN4vqWbExGrGnT65WeQNJyM8zwaU2,2.604689,87.129927,12.318452
509700,a/7q4oLh2Ews+7tMcFv6xjLGU0sqCX+ac3IZN4vqWbExGrGnT65WeQNJyM8zwaU2,2.611719,7.586107000000001,3.830765
510000,a/7q4oLh2Ews+7tMcFv6xjLGU0sqCX+ac3IZN4vqWbExGrGnT65WeQNJyM8zwaU2,2.34355,4.843542,3.499194
510300,a/7q4oLh2Ews+7tMcFv6xjLGU0sqCX+ac3IZN4vqWbExGrGnT65WeQNJyM8zwaU2,2.535666,4.5367239999999995,3.312443
510600,a/7q4oLh2Ews+7tMcFv6xjLGU0sqCX+ac3IZN4vqWbExGrGnT65WeQNJyM8zwaU2,2.742814,6.533252,3.5202839999999997
510900,a/7q4oLh2Ews+7tMcFv6xjLGU0sqCX+ac3IZN4vqWbExGrGnT65WeQNJyM8zwaU2,2.977934,17.8086,5.820564
511200,a/7q4oLh2Ews+7tMcFv6xjLGU0sqCX+ac3IZN4vqWbExGrGnT65WeQNJyM8zwaU2,2.7292259999999997,4.3038110000000005,3.252497
511500,a/7q4oLh2Ews+7tMcFv6xjLGU0sqCX+ac3IZN4vqWbExGrGnT65WeQNJyM8zwaU2,2.713805,4.876661,3.4772160000000003
511800,a/7q4oLh2Ews+7tMcFv6xjLGU0sqCX+ac3IZN4vqWbExGrGnT65WeQNJyM8zwaU2,2.576941,4.782269,3.4624059999999997
512100,a/7q4oLh2Ews+7tMcFv6xjLGU0sqCX+ac3IZN4vqWbExGrGnT65WeQNJyM8zwaU2,2.732534,4.638856,3.3943760000000003
512400,a/7q4oLh2Ews+7tMcFv6xjLGU0sqCX+ac3IZN4vqWbExGrGnT65WeQNJyM8zwaU2,2.526496,4.557874,3.3583809999999996
512700,a/7q4oLh2Ews+7tMcFv6xjLGU0sqCX+ac3IZN4vqWbExGrGnT65WeQNJyM8zwaU2,2.3924220000000003,4.3967410000000005,3.4472940000000003
513000,a/7q4oLh2Ews+7tMcFv6xjLGU0sqCX+ac3IZN4vqWbExGrGnT65WeQNJyM8zwaU2,2.674816,4.121926,3.317394
513300,a/7q4oLh2Ews+7tMcFv6xjLGU0sqCX+ac3IZN4vqWbExGrGnT65WeQNJyM8zwaU2,2.056652,4.41993,3.1749080000000003
513600,a/7q4oLh2Ews+7tMcFv6xjLGU0sqCX+ac3IZN4vqWbExGrGnT65WeQNJyM8zwaU2,2.627923,4.7300580000000005,3.519578
513900,a/7q4oLh2Ews+7tMcFv6xjLGU0sqCX+ac3IZN4vqWbExGrGnT65WeQNJyM8zwaU2,2.335527,4.910496,3.205181
514200,a/7q4oLh2Ews+7tMcFv6xjLGU0sqCX+ac3IZN4vqWbExGrGnT65WeQNJyM8zwaU2,2.633652,4.366832,3.4887379999999997
514500,a/7q4oLh2Ews+7tMcFv6xjLGU0sqCX+ac3IZN4vqWbExGrGnT65WeQNJyM8zwaU2,2.7585740000000003,25.746212,5.774208
514800,a/7q4oLh2Ews+7tMcFv6xjLGU0sqCX+ac3IZN4vqWbExGrGnT65WeQNJyM8zwaU2,2.600307,20.557704,8.062631
515100,a/7q4oLh2Ews+7tMcFv6xjLGU0sqCX+ac3IZN4vqWbExGrGnT65WeQNJyM8zwaU2,2.5354229999999998,9.613380000000001,4.082413
515400,a/7q4oLh2Ews+7tMcFv6xjLGU0sqCX+ac3IZN4vqWbExGrGnT65WeQNJyM8zwaU2,2.744657,7.840592,3.985201
515700,a/7q4oLh2Ews+7tMcFv6xjLGU0sqCX+ac3IZN4vqWbExGrGnT65WeQNJyM8zwaU2,2.5568560000000002,5.119555,3.4222069999999998
516000,a/7q4oLh2Ews+7tMcFv6xjLGU0sqCX+ac3IZN4vqWbExGrGnT65WeQNJyM8zwaU2,1.992384,4.193455,3.205628
516300,a/7q4oLh2Ews+7tMcFv6xjLGU0sqCX+ac3IZN4vqWbExGrGnT65WeQNJyM8zwaU2,2.692123,4.57488,3.680052
516600,a/7q4oLh2Ews+7tMcFv6xjLGU0sqCX+ac3IZN4vqWbExGrGnT65WeQNJyM8zwaU2,1.9357659999999999,4.432169,3.184523
516900,a/7q4oLh2Ews+7tMcFv6xjLGU0sqCX+ac3IZN4vqWbExGrGnT65WeQNJyM8zwaU2,2.670347,4.78338,3.5115260000000004
517200,a/7q4oLh2Ews+7tMcFv6xjLGU0sqCX+ac3IZN4vqWbExGrGnT65WeQNJyM8zwaU2,2.424688,4.552388,3.450442
517500,a/7q4oLh2Ews+7tMcFv6xjLGU0sqCX+ac3IZN4vqWbExGrGnT65WeQNJyM8zwaU2,2.6284240000000003,4.712511,3.406619
517800,a/7q4oLh2Ews+7tMcFv6xjLGU0sqCX+ac3IZN4vqWbExGrGnT65WeQNJyM8zwaU2,2.161868,4.394285,3.2724830000000003
518100,a/7q4oLh2Ews+7tMcFv6xjLGU0sqCX+ac3IZN4vqWbExGrGnT65WeQNJyM8zwaU2,2.499675,4.586178,3.550736
518400,a/7q4oLh2Ews+7tMcFv6xjLGU0sqCX+ac3IZN4vqWbExGrGnT65WeQNJyM8zwaU2,2.797997,4.736998000000001,3.403144
518700,a/7q4oLh2Ews+7tMcFv6xjLGU0sqCX+ac3IZN4vqWbExGrGnT65WeQNJyM8zwaU2,2.158482,4.539317,3.261129
519000,a/7q4oLh2Ews+7tMcFv6xjLGU0sqCX+ac3IZN4vqWbExGrGnT65WeQNJyM8zwaU2,2.659881,4.4461059999999994,3.6192269999999995
519300,a/7q4oLh2Ews+7tMcFv6xjLGU0sqCX+ac3IZN4vqWbExGrGnT65WeQNJyM8zwaU2,2.607469,4.6252510000000004,3.255265
519600,a/7q4oLh2Ews+7tMcFv6xjLGU0sqCX+ac3IZN4vqWbExGrGnT65WeQNJyM8zwaU2,2.643185,4.325374,3.3869059999999998
519900,a/7q4oLh2Ews+7tMcFv6xjLGU0sqCX+ac3IZN4vqWbExGrGnT65WeQNJyM8zwaU2,1.923925,4.430013,3.445821
520200,a/7q4oLh2Ews+7tMcFv6xjLGU0sqCX+ac3IZN4vqWbExGrGnT65WeQNJyM8zwaU2,2.603205,5.0686860000000005,3.231642
520500,a/7q4oLh2Ews+7tMcFv6xjLGU0sqCX+ac3IZN4vqWbExGrGnT65WeQNJyM8zwaU2,2.540829,23.932048,5.37289
520800,a/7q4oLh2Ews+7tMcFv6xjLGU0sqCX+ac3IZN4vqWbExGrGnT65WeQNJyM8zwaU2,1.916238,4.566844000000001,3.3371489999999997
521100,a/7q4oLh2Ews+7tMcFv6xjLGU0sqCX+ac3IZN4vqWbExGrGnT65WeQNJyM8zwaU2,2.590134,4.411667,3.291343
521400,a/7q4oLh2Ews+7tMcFv6xjLGU0sqCX+ac3IZN4vqWbExGrGnT65WeQNJyM8zwaU2,2.5413900000000003,5.292275,3.3958660000000003
521700,a/7q4oLh2Ews+7tMcFv6xjLGU0sqCX+ac3IZN4vqWbExGrGnT65WeQNJyM8zwaU2,2.658845,15.049725,5.840655
522000,a/7q4oLh2Ews+7tMcFv6xjLGU0sqCX+ac3IZN4vqWbExGrGnT65WeQNJyM8zwaU2,2.4784669999999998,4.775174,3.3014629999999996
522300,a/7q4oLh2Ews+7tMcFv6xjLGU0sqCX+ac3IZN4vqWbExGrGnT65WeQNJyM8zwaU2,2.765288,5.459848,3.390884
522600,a/7q4oLh2Ews+7tMcFv6xjLGU0sqCX+ac3IZN4vqWbExGrGnT65WeQNJyM8zwaU2,2.583457,4.847384,3.509842
522900,a/7q4oLh2Ews+7tMcFv6xjLGU0sqCX+ac3IZN4vqWbExGrGnT65WeQNJyM8zwaU2,2.6826470000000002,4.449772,3.3081650000000002
523200,a/7q4oLh2Ews+7tMcFv6xjLGU0sqCX+ac3IZN4vqWbExGrGnT65WeQNJyM8zwaU2,2.327962,5.137452,3.279886
523500,a/7q4oLh2Ews+7tMcFv6xjLGU0sqCX+ac3IZN4vqWbExGrGnT65WeQNJyM8zwaU2,2.329749,4.719666,3.521462
523800,a/7q4oLh2Ews+7tMcFv6xjLGU0sqCX+ac3IZN4vqWbExGrGnT65WeQNJyM8zwaU2,2.6309560000000003,4.2867690000000005,3.19042
524100,a/7q4oLh2Ews+7tMcFv6xjLGU0sqCX+ac3IZN4vqWbExGrGnT65WeQNJyM8zwaU2,1.993178,5.451448,3.154631
524400,a/7q4oLh2Ews+7tMcFv6xjLGU0sqCX+ac3IZN4vqWbExGrGnT65WeQNJyM8zwaU2,2.580572,4.575258,3.4612839999999996
524700,a/7q4oLh2Ews+7tMcFv6xjLGU0sqCX+ac3IZN4vqWbExGrGnT65WeQNJyM8zwaU2,2.642129,5.527444999999999,3.607767
525000,a/7q4oLh2Ews+7tMcFv6xjLGU0sqCX+ac3IZN4vqWbExGrGnT65WeQNJyM8zwaU2,2.554017,5.142525,3.33765
525300,a/7q4oLh2Ews+7tMcFv6xjLGU0sqCX+ac3IZN4vqWbExGrGnT65WeQNJyM8zwaU2,2.511709,24.930243,5.884505
525600,a/7q4oLh2Ews+7tMcFv6xjLGU0sqCX+ac3IZN4vqWbExGrGnT65WeQNJyM8zwaU2,2.649905,35.502578,8.906229
525900,a/7q4oLh2Ews+7tMcFv6xjLGU0sqCX+ac3IZN4vqWbExGrGnT65WeQNJyM8zwaU2,2.521045,5.800669,3.4325129999999997
526200,a/7q4oLh2Ews+7tMcFv6xjLGU0sqCX+ac3IZN4vqWbExGrGnT65WeQNJyM8zwaU2,2.517945,5.032868,3.4660029999999997
526500,a/7q4oLh2Ews+7tMcFv6xjLGU0sqCX+ac3IZN4vqWbExGrGnT65WeQNJyM8zwaU2,2.489005,4.612189,3.291382
526800,a/7q4oLh2Ews+7tMcFv6xjLGU0sqCX+ac3IZN4vqWbExGrGnT65WeQNJyM8zwaU2,2.491448,5.222173000000001,3.214973
527100,a/7q4oLh2Ews+7tMcFv6xjLGU0sqCX+ac3IZN4vqWbExGrGnT65WeQNJyM8zwaU2,2.849847,4.779081,3.698886
527400,a/7q4oLh2Ews+7tMcFv6xjLGU0sqCX+ac3IZN4vqWbExGrGnT65WeQNJyM8zwaU2,2.6201119999999998,5.107367,3.5096510000000003
527700,a/7q4oLh2Ews+7tMcFv6xjLGU0sqCX+ac3IZN4vqWbExGrGnT65WeQNJyM8zwaU2,2.588031,5.50047,3.418628
528000,a/7q4oLh2Ews+7tMcFv6xjLGU0sqCX+ac3IZN4vqWbExGrGnT65WeQNJyM8zwaU2,2.699785,4.9202330000000005,3.647505
528300,a/7q4oLh2Ews+7tMcFv6xjLGU0sqCX+ac3IZN4vqWbExGrGnT65WeQNJyM8zwaU2,2.7627479999999998,4.81962,3.427276
528600,a/7q4oLh2Ews+7tMcFv6xjLGU0sqCX+ac3IZN4vqWbExGrGnT65WeQNJyM8zwaU2,2.667602,5.336002,3.402823
528900,a/7q4oLh2Ews+7tMcFv6xjLGU0sqCX+ac3IZN4vqWbExGrGnT65WeQNJyM8zwaU2,2.850942,26.451063,5.904557
529200,a/7q4oLh2Ews+7tMcFv6xjLGU0sqCX+ac3IZN4vqWbExGrGnT65WeQNJyM8zwaU2,2.689724,4.761592,3.305139
529500,a/7q4oLh2Ews+7tMcFv6xjLGU0sqCX+ac3IZN4vqWbExGrGnT65WeQNJyM8zwaU2,2.822533,5.171385,3.392899
529800,a/7q4oLh2Ews+7tMcFv6xjLGU0sqCX+ac3IZN4vqWbExGrGnT65WeQNJyM8zwaU2,2.757078,4.853413,3.534564
530100,a/7q4oLh2Ews+7tMcFv6xjLGU0sqCX+ac3IZN4vqWbExGrGnT65WeQNJyM8zwaU2,2.623448,5.022742,3.631793
530400,a/7q4oLh2Ews+7tMcFv6xjLGU0sqCX+ac3IZN4vqWbExGrGnT65WeQNJyM8zwaU2,2.6693290000000003,4.68823,3.33269
530700,a/7q4oLh2Ews+7tMcFv6xjLGU0sqCX+ac3IZN4vqWbExGrGnT65WeQNJyM8zwaU2,2.224863,4.832693,3.5222239999999996
531000,a/7q4oLh2Ews+7tMcFv6xjLGU0sqCX+ac3IZN4vqWbExGrGnT65WeQNJyM8zwaU2,2.5623080000000003,4.6540040000000005,3.317889
531300,a/7q4oLh2Ews+7tMcFv6xjLGU0sqCX+ac3IZN4vqWbExGrGnT65WeQNJyM8zwaU2,2.584403,5.308362000000001,3.347836
531600,a/7q4oLh2Ews+7tMcFv6xjLGU0sqCX+ac3IZN4vqWbExGrGnT65WeQNJyM8zwaU2,1.792517,4.461755999999999,3.20854
531900,a/7q4oLh2Ews+7tMcFv6xjLGU0sqCX+ac3IZN4vqWbExGrGnT65WeQNJyM8zwaU2,2.559469,4.64876,3.387804
532200,a/7q4oLh2Ews+7tMcFv6xjLGU0sqCX+ac3IZN4vqWbExGrGnT65WeQNJyM8zwaU2,2.44112,4.666924,3.293532
532500,a/7q4oLh2Ews+7tMcFv6xjLGU0sqCX+ac3IZN4vqWbExGrGnT65WeQNJyM8zwaU2,2.675618,11.481247999999999,4.309069
532800,a/7q4oLh2Ews+7tMcFv6xjLGU0sqCX+ac3IZN4vqWbExGrGnT65WeQNJyM8zwaU2,2.680874,16.794839,4.684528
533100,a/7q4oLh2Ews+7tMcFv6xjLGU0sqCX+ac3IZN4vqWbExGrGnT65WeQNJyM8zwaU2,2.652018,4.596959,3.4385410000000003
533400,a/7q4oLh2Ews+7tMcFv6xjLGU0sqCX+ac3IZN4vqWbExGrGnT65WeQNJyM8zwaU2,1.8465040000000001,3.8207449999999996,3.2442889999999998
533700,a/7q4oLh2Ews+7tMcFv6xjLGU0sqCX+ac3IZN4vqWbExGrGnT65WeQNJyM8zwaU2,2.645279,4.998031,3.580599
534000,a/7q4oLh2Ews+7tMcFv6xjLGU0sqCX+ac3IZN4vqWbExGrGnT65WeQNJyM8zwaU2,2.146023,4.474908,3.20289
534300,a/7q4oLh2Ews+7tMcFv6xjLGU0sqCX+ac3IZN4vqWbExGrGnT65WeQNJyM8zwaU2,2.495761,4.234761,3.4013839999999997
534600,a/7q4oLh2Ews+7tMcFv6xjLGU0sqCX+ac3IZN4vqWbExGrGnT65WeQNJyM8zwaU2,2.455727,4.47055,3.378164
534900,a/7q4oLh2Ews+7tMcFv6xjLGU0sqCX+ac3IZN4vqWbExGrGnT65WeQNJyM8zwaU2,2.221993,4.516669,3.273411
535200,a/7q4oLh2Ews+7tMcFv6xjLGU0sqCX+ac3IZN4vqWbExGrGnT65WeQNJyM8zwaU2,2.546118,3.892784,3.3071059999999997
535500,a/7q4oLh2Ews+7tMcFv6xjLGU0sqCX+ac3IZN4vqWbExGrGnT65WeQNJyM8zwaU2,2.310351,4.488739,3.41445
535800,a/7q4oLh2Ews+7tMcFv6xjLGU0sqCX+ac3IZN4vqWbExGrGnT65WeQNJyM8zwaU2,2.5301810000000002,4.664339,3.373082
536100,a/7q4oLh2Ews+7tMcFv6xjLGU0sqCX+ac3IZN4vqWbExGrGnT65WeQNJyM8zwaU2,2.396092,4.512729,3.438125
536400,a/7q4oLh2Ews+7tMcFv6xjLGU0sqCX+ac3IZN4vqWbExGrGnT65WeQNJyM8zwaU2,2.573264,25.571381,5.572408
536700,a/7q4oLh2Ews+7tMcFv6xjLGU0sqCX+ac3IZN4vqWbExGrGnT65WeQNJyM8zwaU2,2.606106,4.728686,3.4295199999999997
537000,a/7q4oLh2Ews+7tMcFv6xjLGU0sqCX+ac3IZN4vqWbExGrGnT65WeQNJyM8zwaU2,2.512085,4.021098,3.3072529999999998
537300,a/7q4oLh2Ews+7tMcFv6xjLGU0sqCX+ac3IZN4vqWbExGrGnT65WeQNJyM8zwaU2,2.56831,4.722404,3.511733
537600,a/7q4oLh2Ews+7tMcFv6xjLGU0sqCX+ac3IZN4vqWbExGrGnT65WeQNJyM8zwaU2,2.532694,5.066668,3.618939
537900,a/7q4oLh2Ews+7tMcFv6xjLGU0sqCX+ac3IZN4vqWbExGrGnT65WeQNJyM8zwaU2,2.671284,4.877552,3.620687
538200,a/7q4oLh2Ews+7tMcFv6xjLGU0sqCX+ac3IZN4vqWbExGrGnT65WeQNJyM8zwaU2,2.76485,5.581926999999999,3.790225
538500,a/7q4oLh2Ews+7tMcFv6xjLGU0sqCX+ac3IZN4vqWbExGrGnT65WeQNJyM8zwaU2,2.554443,4.781235,3.4667260000000004
538800,a/7q4oLh2Ews+7tMcFv6xjLGU0sqCX+ac3IZN4vqWbExGrGnT65WeQNJyM8zwaU2,2.486733,4.947483999999999,3.598307
539100,a/7q4oLh2Ews+7tMcFv6xjLGU0sqCX+ac3IZN4vqWbExGrGnT65WeQNJyM8zwaU2,2.585049,4.682691999999999,3.408384
539400,a/7q4oLh2Ews+7tMcFv6xjLGU0sqCX+ac3IZN4vqWbExGrGnT65WeQNJyM8zwaU2,2.502246,4.555169,3.149286
539700,a/7q4oLh2Ews+7tMcFv6xjLGU0sqCX+ac3IZN4vqWbExGrGnT65WeQNJyM8zwaU2,2.8365709999999997,4.677844,3.6940150000000003
540000,a/7q4oLh2Ews+7tMcFv6xjLGU0sqCX+ac3IZN4vqWbExGrGnT65WeQNJyM8zwaU2,2.615225,26.851599,5.7523550000000006
540300,a/7q4oLh2Ews+7tMcFv6xjLGU0sqCX+ac3IZN4vqWbExGrGnT65WeQNJyM8zwaU2,2.6552830000000003,4.747481,3.498271
540600,a/7q4oLh2Ews+7tMcFv6xjLGU0sqCX+ac3IZN4vqWbExGrGnT65WeQNJyM8zwaU2,2.699728,4.090372,3.4798690000000003
540900,a/7q4oLh2Ews+7tMcFv6xjLGU0sqCX+ac3IZN4vqWbExGrGnT65WeQNJyM8zwaU2,2.315038,4.842486,3.4121300000000003
541200,a/7q4oLh2Ews+7tMcFv6xjLGU0sqCX+ac3IZN4vqWbExGrGnT65WeQNJyM8zwaU2,2.641127,4.578511,3.3124860000000003
541500,a/7q4oLh2Ews+7tMcFv6xjLGU0sqCX+ac3IZN4vqWbExGrGnT65WeQNJyM8zwaU2,2.565157,4.5128449999999996,3.330048
541800,a/7q4oLh2Ews+7tMcFv6xjLGU0sqCX+ac3IZN4vqWbExGrGnT65WeQNJyM8zwaU2,2.592192,4.094484,3.3958690000000002
542100,a/7q4oLh2Ews+7tMcFv6xjLGU0sqCX+ac3IZN4vqWbExGrGnT65WeQNJyM8zwaU2,2.750208,4.5373220000000005,3.3987910000000006
542400,a/7q4oLh2Ews+7tMcFv6xjLGU0sqCX+ac3IZN4vqWbExGrGnT65WeQNJyM8zwaU2,2.777778,4.446989,3.553894
542700,a/7q4oLh2Ews+7tMcFv6xjLGU0sqCX+ac3IZN4vqWbExGrGnT65WeQNJyM8zwaU2,2.412008,4.588702,3.4640459999999997
543000,a/7q4oLh2Ews+7tMcFv6xjLGU0sqCX+ac3IZN4vqWbExGrGnT65WeQNJyM8zwaU2,2.608691,4.420324,3.416844
543300,a/7q4oLh2Ews+7tMcFv6xjLGU0sqCX+ac3IZN4vqWbExGrGnT65WeQNJyM8zwaU2,2.6127860000000003,4.981398,3.468964
543600,a/7q4oLh2Ews+7tMcFv6xjLGU0sqCX+ac3IZN4vqWbExGrGnT65WeQNJyM8zwaU2,2.553238,20.155101000000002,5.6859910000000005
543900,a/7q4oLh2Ews+7tMcFv6xjLGU0sqCX+ac3IZN4vqWbExGrGnT65WeQNJyM8zwaU2,2.7022939999999998,4.1677230000000005,3.4410230000000004
544200,a/7q4oLh2Ews+7tMcFv6xjLGU0sqCX+ac3IZN4vqWbExGrGnT65WeQNJyM8zwaU2,2.758705,5.004364,3.54889
544500,a/7q4oLh2Ews+7tMcFv6xjLGU0sqCX+ac3IZN4vqWbExGrGnT65WeQNJyM8zwaU2,2.7198740000000003,6.081339,3.583179
544800,a/7q4oLh2Ews+7tMcFv6xjLGU0sqCX+ac3IZN4vqWbExGrGnT65WeQNJyM8zwaU2,2.676715,6.371,3.6682040000000002
545100,a/7q4oLh2Ews+7tMcFv6xjLGU0sqCX+ac3IZN4vqWbExGrGnT65WeQNJyM8zwaU2,2.621909,5.671857,3.8087519999999997
545400,a/7q4oLh2Ews+7tMcFv6xjLGU0sqCX+ac3IZN4vqWbExGrGnT65WeQNJyM8zwaU2,2.524124,5.184419999999999,3.43848
545700,a/7q4oLh2Ews+7tMcFv6xjLGU0sqCX+ac3IZN4vqWbExGrGnT65WeQNJyM8zwaU2,2.652976,5.958277,3.7076550000000004
546000,a/7q4oLh2Ews+7tMcFv6xjLGU0sqCX+ac3IZN4vqWbExGrGnT65WeQNJyM8zwaU2,2.648984,4.799378,3.39413
546300,a/7q4oLh2Ews+7tMcFv6xjLGU0sqCX+ac3IZN4vqWbExGrGnT65WeQNJyM8zwaU2,2.550569,5.728843,3.655933
546600,a/7q4oLh2Ews+7tMcFv6xjLGU0sqCX+ac3IZN4vqWbExGrGnT65WeQNJyM8zwaU2,2.4694130000000003,4.296157,3.3203
546900,a/7q4oLh2Ews+7tMcFv6xjLGU0sqCX+ac3IZN4vqWbExGrGnT65WeQNJyM8zwaU2,2.6239060000000003,4.701735,3.4507199999999996
547200,a/7q4oLh2Ews+7tMcFv6xjLGU0sqCX+ac3IZN4vqWbExGrGnT65WeQNJyM8zwaU2,2.6153869999999997,26.23593,5.508719999999999
547500,a/7q4oLh2Ews+7tMcFv6xjLGU0sqCX+ac3IZN4vqWbExGrGnT65WeQNJyM8zwaU2,2.558637,5.363445,3.4926230000000005
547800,a/7q4oLh2Ews+7tMcFv6xjLGU0sqCX+ac3IZN4vqWbExGrGnT65WeQNJyM8zwaU2,2.577112,4.86525,3.5438370000000003
548100,a/7q4oLh2Ews+7tMcFv6xjLGU0sqCX+ac3IZN4vqWbExGrGnT65WeQNJyM8zwaU2,2.5628,5.401464,3.4357860000000002
548400,a/7q4oLh2Ews+7tMcFv6xjLGU0sqCX+ac3IZN4vqWbExGrGnT65WeQNJyM8zwaU2,2.1762259999999998,4.416571,3.2675970000000003
548700,a/7q4oLh2Ews+7tMcFv6xjLGU0sqCX+ac3IZN4vqWbExGrGnT65WeQNJyM8zwaU2,2.595685,4.687616,3.601539
549000,a/7q4oLh2Ews+7tMcFv6xjLGU0sqCX+ac3IZN4vqWbExGrGnT65WeQNJyM8zwaU2,1.95334,5.1238470000000005,3.269858
549300,a/7q4oLh2Ews+7tMcFv6xjLGU0sqCX+ac3IZN4vqWbExGrGnT65WeQNJyM8zwaU2,2.6686080000000003,67.109237,12.540313000000001
549600,a/7q4oLh2Ews+7tMcFv6xjLGU0sqCX+ac3IZN4vqWbExGrGnT65WeQNJyM8zwaU2,2.366545,5.783273,3.417876
549900,a/7q4oLh2Ews+7tMcFv6xjLGU0sqCX+ac3IZN4vqWbExGrGnT65WeQNJyM8zwaU2,2.561789,5.419708999999999,3.415778
550200,a/7q4oLh2Ews+7tMcFv6xjLGU0sqCX+ac3IZN4vqWbExGrGnT65WeQNJyM8zwaU2,1.8632919999999997,4.394524,3.128335
550500,a/7q4oLh2Ews+7tMcFv6xjLGU0sqCX+ac3IZN4vqWbExGrGnT65WeQNJyM8zwaU2,2.7270689999999997,4.91436,3.5104580000000003
550800,a/7q4oLh2Ews+7tMcFv6xjLGU0sqCX+ac3IZN4vqWbExGrGnT65WeQNJyM8zwaU2,2.62735,26.475145,5.530792
551100,a/7q4oLh2Ews+7tMcFv6xjLGU0sqCX+ac3IZN4vqWbExGrGnT65WeQNJyM8zwaU2,2.703528,4.715582,3.548771
551400,a/7q4oLh2Ews+7tMcFv6xjLGU0sqCX+ac3IZN4vqWbExGrGnT65WeQNJyM8zwaU2,2.5507470000000003,4.8339620000000005,3.3626949999999995
551700,a/7q4oLh2Ews+7tMcFv6xjLGU0sqCX+ac3IZN4vqWbExGrGnT65WeQNJyM8zwaU2,1.977905,5.59809,3.313306
552000,a/7q4oLh2Ews+7tMcFv6xjLGU0sqCX+ac3IZN4vqWbExGrGnT65WeQNJyM8zwaU2,2.513293,4.3494660000000005,3.277276
552300,a/7q4oLh2Ews+7tMcFv6xjLGU0sqCX+ac3IZN4vqWbExGrGnT65WeQNJyM8zwaU2,2.321978,4.732712,3.35627
552600,a/7q4oLh2Ews+7tMcFv6xjLGU0sqCX+ac3IZN4vqWbExGrGnT65WeQNJyM8zwaU2,2.50454,5.757304,3.49024
552900,a/7q4oLh2Ews+7tMcFv6xjLGU0sqCX+ac3IZN4vqWbExGrGnT65WeQNJyM8zwaU2,2.507083,4.175921,3.218532
553200,a/7q4oLh2Ews+7tMcFv6xjLGU0sqCX+ac3IZN4vqWbExGrGnT65WeQNJyM8zwaU2,1.834177,4.755907,3.375165
553500,a/7q4oLh2Ews+7tMcFv6xjLGU0sqCX+ac3IZN4vqWbExGrGnT65WeQNJyM8zwaU2,2.6730970000000003,5.531306,3.476234
553800,a/7q4oLh2Ews+7tMcFv6xjLGU0sqCX+ac3IZN4vqWbExGrGnT65WeQNJyM8zwaU2,2.83934,4.2699050000000005,3.510498
554100,a/7q4oLh2Ews+7tMcFv6xjLGU0sqCX+ac3IZN4vqWbExGrGnT65WeQNJyM8zwaU2,2.683815,4.570555000000001,3.593869
554400,a/7q4oLh2Ews+7tMcFv6xjLGU0sqCX+ac3IZN4vqWbExGrGnT65WeQNJyM8zwaU2,2.756711,51.199231,12.315886
554700,a/7q4oLh2Ews+7tMcFv6xjLGU0sqCX+ac3IZN4vqWbExGrGnT65WeQNJyM8zwaU2,2.561022,4.787577,3.3647339999999994
555000,a/7q4oLh2Ews+7tMcFv6xjLGU0sqCX+ac3IZN4vqWbExGrGnT65WeQNJyM8zwaU2,2.5430029999999997,4.9734419999999995,3.3891419999999997
555300,a/7q4oLh2Ews+7tMcFv6xjLGU0sqCX+ac3IZN4vqWbExGrGnT65WeQNJyM8zwaU2,2.716987,5.210344,3.5300769999999995
555600,a/7q4oLh2Ews+7tMcFv6xjLGU0sqCX+ac3IZN4vqWbExGrGnT65WeQNJyM8zwaU2,2.488141,3.9576339999999997,3.175321
555900,a/7q4oLh2Ews+7tMcFv6xjLGU0sqCX+ac3IZN4vqWbExGrGnT65WeQNJyM8zwaU2,2.314673,5.553927,3.563075
556200,a/7q4oLh2Ews+7tMcFv6xjLGU0sqCX+ac3IZN4vqWbExGrGnT65WeQNJyM8zwaU2,2.654266,4.999551,3.452253
556500,a/7q4oLh2Ews+7tMcFv6xjLGU0sqCX+ac3IZN4vqWbExGrGnT65WeQNJyM8zwaU2,2.815293,4.3424949999999995,3.483443
556800,a/7q4oLh2Ews+7tMcFv6xjLGU0sqCX+ac3IZN4vqWbExGrGnT65WeQNJyM8zwaU2,2.7176970000000003,5.076564,3.5009910000000004
557100,a/7q4oLh2Ews+7tMcFv6xjLGU0sqCX+ac3IZN4vqWbExGrGnT65WeQNJyM8zwaU2,1.8777380000000001,5.007511,3.3924589999999997
557400,a/7q4oLh2Ews+7tMcFv6xjLGU0sqCX+ac3IZN4vqWbExGrGnT65WeQNJyM8zwaU2,2.7060310000000003,87.775859,12.360936
557700,a/7q4oLh2Ews+7tMcFv6xjLGU0sqCX+ac3IZN4vqWbExGrGnT65WeQNJyM8zwaU2,2.432738,5.480447,3.6277589999999997
558000,a/7q4oLh2Ews+7tMcFv6xjLGU0sqCX+ac3IZN4vqWbExGrGnT65WeQNJyM8zwaU2,2.534234,24.968417000000002,5.459874
558300,a/7q4oLh2Ews+7tMcFv6xjLGU0sqCX+ac3IZN4vqWbExGrGnT65WeQNJyM8zwaU2,2.552083,3.827177,3.1124650000000003
558600,a/7q4oLh2Ews+7tMcFv6xjLGU0sqCX+ac3IZN4vqWbExGrGnT65WeQNJyM8zwaU2,2.3165169999999997,4.992656,3.456004
558900,a/7q4oLh2Ews+7tMcFv6xjLGU0sqCX+ac3IZN4vqWbExGrGnT65WeQNJyM8zwaU2,2.488586,4.997801,3.579283
559200,a/7q4oLh2Ews+7tMcFv6xjLGU0sqCX+ac3IZN4vqWbExGrGnT65WeQNJyM8zwaU2,2.517085,3.8530010000000003,3.172421
559500,a/7q4oLh2Ews+7tMcFv6xjLGU0sqCX+ac3IZN4vqWbExGrGnT65WeQNJyM8zwaU2,2.8051459999999997,5.531691,3.7527480000000004
559800,a/7q4oLh2Ews+7tMcFv6xjLGU0sqCX+ac3IZN4vqWbExGrGnT65WeQNJyM8zwaU2,2.222975,4.838773000000001,3.356038
560100,a/7q4oLh2Ews+7tMcFv6xjLGU0sqCX+ac3IZN4vqWbExGrGnT65WeQNJyM8zwaU2,2.773767,4.178385,3.355365
560400,a/7q4oLh2Ews+7tMcFv6xjLGU0sqCX+ac3IZN4vqWbExGrGnT65WeQNJyM8zwaU2,2.022971,5.00954,3.4178629999999997
560700,a/7q4oLh2Ews+7tMcFv6xjLGU0sqCX+ac3IZN4vqWbExGrGnT65WeQNJyM8zwaU2,2.6897990000000003,4.940599,3.621968
561000,a/7q4oLh2Ews+7tMcFv6xjLGU0sqCX+ac3IZN4vqWbExGrGnT65WeQNJyM8zwaU2,2.1216150000000003,4.1770059999999996,3.0976470000000003
561300,a/7q4oLh2Ews+7tMcFv6xjLGU0sqCX+ac3IZN4vqWbExGrGnT65WeQNJyM8zwaU2,2.329502,5.875728,3.630235
561600,a/7q4oLh2Ews+7tMcFv6xjLGU0sqCX+ac3IZN4vqWbExGrGnT65WeQNJyM8zwaU2,2.590135,20.269102,5.508176000000001
561900,a/7q4oLh2Ews+7tMcFv6xjLGU0sqCX+ac3IZN4vqWbExGrGnT65WeQNJyM8zwaU2,2.388902,4.1602879999999995,3.310803
562200,a/7q4oLh2Ews+7tMcFv6xjLGU0sqCX+ac3IZN4vqWbExGrGnT65WeQNJyM8zwaU2,2.748149,5.344341,3.61009
562500,a/7q4oLh2Ews+7tMcFv6xjLGU0sqCX+ac3IZN4vqWbExGrGnT65WeQNJyM8zwaU2,2.115757,4.804974,3.3895239999999998
562800,a/7q4oLh2Ews+7tMcFv6xjLGU0sqCX+ac3IZN4vqWbExGrGnT65WeQNJyM8zwaU2,2.496629,3.951686,3.1293279999999997
563100,a/7q4oLh2Ews+7tMcFv6xjLGU0sqCX+ac3IZN4vqWbExGrGnT65WeQNJyM8zwaU2,2.34383,5.426159999999999,3.485063
563400,a/7q4oLh2Ews+7tMcFv6xjLGU0sqCX+ac3IZN4vqWbExGrGnT65WeQNJyM8zwaU2,2.623559,4.634157,3.3770809999999996
563700,a/7q4oLh2Ews+7tMcFv6xjLGU0sqCX+ac3IZN4vqWbExGrGnT65WeQNJyM8zwaU2,2.311157,4.019589,3.131767
564000,a/7q4oLh2Ews+7tMcFv6xjLGU0sqCX+ac3IZN4vqWbExGrGnT65WeQNJyM8zwaU2,2.274202,4.877396,3.437358
564300,a/7q4oLh2Ews+7tMcFv6xjLGU0sqCX+ac3IZN4vqWbExGrGnT65WeQNJyM8zwaU2,2.6075009999999996,4.635258,3.536896
564600,a/7q4oLh2Ews+7tMcFv6xjLGU0sqCX+ac3IZN4vqWbExGrGnT65WeQNJyM8zwaU2,2.308233,3.9363980000000005,3.241927
564900,a/7q4oLh2Ews+7tMcFv6xjLGU0sqCX+ac3IZN4vqWbExGrGnT65WeQNJyM8zwaU2,2.825767,4.846704,3.5967860000000003
565200,a/7q4oLh2Ews+7tMcFv6xjLGU0sqCX+ac3IZN4vqWbExGrGnT65WeQNJyM8zwaU2,2.616777,24.881202,5.433929
565500,a/7q4oLh2Ews+7tMcFv6xjLGU0sqCX+ac3IZN4vqWbExGrGnT65WeQNJyM8zwaU2,2.6149560000000003,3.999082,3.3407699999999996
565800,a/7q4oLh2Ews+7tMcFv6xjLGU0sqCX+ac3IZN4vqWbExGrGnT65WeQNJyM8zwaU2,2.744767,4.1937489999999995,3.5538019999999997
566100,a/7q4oLh2Ews+7tMcFv6xjLGU0sqCX+ac3IZN4vqWbExGrGnT65WeQNJyM8zwaU2,2.568458,4.327017,3.4497400000000003
566400,a/7q4oLh2Ews+7tMcFv6xjLGU0sqCX+ac3IZN4vqWbExGrGnT65WeQNJyM8zwaU2,2.59223,4.728589,3.125654
566700,a/7q4oLh2Ews+7tMcFv6xjLGU0sqCX+ac3IZN4vqWbExGrGnT65WeQNJyM8zwaU2,2.166836,5.4072379999999995,3.6091519999999995
567000,a/7q4oLh2Ews+7tMcFv6xjLGU0sqCX+ac3IZN4vqWbExGrGnT65WeQNJyM8zwaU2,2.75947,4.3337650000000005,3.4819709999999997
567300,a/7q4oLh2Ews+7tMcFv6xjLGU0sqCX+ac3IZN4vqWbExGrGnT65WeQNJyM8zwaU2,2.665607,4.719679,3.3779019999999997
567600,a/7q4oLh2Ews+7tMcFv6xjLGU0sqCX+ac3IZN4vqWbExGrGnT65WeQNJyM8zwaU2,2.865211,5.203263,3.5969279999999997
567900,a/7q4oLh2Ews+7tMcFv6xjLGU0sqCX+ac3IZN4vqWbExGrGnT65WeQNJyM8zwaU2,2.667007,4.667701,3.6980370000000002
568200,a/7q4oLh2Ews+7tMcFv6xjLGU0sqCX+ac3IZN4vqWbExGrGnT65WeQNJyM8zwaU2,2.767569,4.852354,3.335165
568500,a/7q4oLh2Ews+7tMcFv6xjLGU0sqCX+ac3IZN4vqWbExGrGnT65WeQNJyM8zwaU2,2.657029,5.510775,3.5362120000000004
568800,a/7q4oLh2Ews+7tMcFv6xjLGU0sqCX+ac3IZN4vqWbExGrGnT65WeQNJyM8zwaU2,2.658185,25.418866,5.5224519999999995
569100,a/7q4oLh2Ews+7tMcFv6xjLGU0sqCX+ac3IZN4vqWbExGrGnT65WeQNJyM8zwaU2,2.650658,4.47877,3.3133980000000003
569400,a/7q4oLh2Ews+7tMcFv6xjLGU0sqCX+ac3IZN4vqWbExGrGnT65WeQNJyM8zwaU2,2.222608,4.824944,3.4189309999999997
569700,a/7q4oLh2Ews+7tMcFv6xjLGU0sqCX+ac3IZN4vqWbExGrGnT65WeQNJyM8zwaU2,2.526266,4.463296,3.509646
570000,a/7q4oLh2Ews+7tMcFv6xjLGU0sqCX+ac3IZN4vqWbExGrGnT65WeQNJyM8zwaU2,2.078668,4.848432,3.2417580000000004
570300,a/7q4oLh2Ews+7tMcFv6xjLGU0sqCX+ac3IZN4vqWbExGrGnT65WeQNJyM8zwaU2,2.558465,5.316306,3.6051889999999998
570600,a/7q4oLh2Ews+7tMcFv6xjLGU0sqCX+ac3IZN4vqWbExGrGnT65WeQNJyM8zwaU2,2.3298330000000003,4.593478,3.3654059999999997
570900,a/7q4oLh2Ews+7tMcFv6xjLGU0sqCX+ac3IZN4vqWbExGrGnT65WeQNJyM8zwaU2,2.482308,4.625801,3.321246
571200,a/7q4oLh2Ews+7tMcFv6xjLGU0sqCX+ac3IZN4vqWbExGrGnT65WeQNJyM8zwaU2,1.962448,5.137153,3.3777019999999998
571500,a/7q4oLh2Ews+7tMcFv6xjLGU0sqCX+ac3IZN4vqWbExGrGnT65WeQNJyM8zwaU2,2.520254,4.246408,3.488893
571800,a/7q4oLh2Ews+7tMcFv6xjLGU0sqCX+ac3IZN4vqWbExGrGnT65WeQNJyM8zwaU2,2.21025,4.561962,3.051662
572100,a/7q4oLh2Ews+7tMcFv6xjLGU0sqCX+ac3IZN4vqWbExGrGnT65WeQNJyM8zwaU2,2.7154689999999997,5.340371,3.595216
572400,a/7q4oLh2Ews+7tMcFv6xjLGU0sqCX+ac3IZN4vqWbExGrGnT65WeQNJyM8zwaU2,2.688936,15.19881,5.549893
572700,a/7q4oLh2Ews+7tMcFv6xjLGU0sqCX+ac3IZN4vqWbExGrGnT65WeQNJyM8zwaU2,2.253925,4.56384,3.226225
573000,a/7q4oLh2Ews+7tMcFv6xjLGU0sqCX+ac3IZN4vqWbExGrGnT65WeQNJyM8zwaU2,2.645539,4.8146379999999995,3.546499
573300,a/7q4oLh2Ews+7tMcFv6xjLGU0sqCX+ac3IZN4vqWbExGrGnT65WeQNJyM8zwaU2,1.9089029999999998,4.633116,3.3668970000000003
573600,a/7q4oLh2Ews+7tMcFv6xjLGU0sqCX+ac3IZN4vqWbExGrGnT65WeQNJyM8zwaU2,2.587122,4.6768160000000005,3.19614
573900,a/7q4oLh2Ews+7tMcFv6xjLGU0sqCX+ac3IZN4vqWbExGrGnT65WeQNJyM8zwaU2,2.6719999999999997,5.472368,3.6486690000000004
574200,a/7q4oLh2Ews+7tMcFv6xjLGU0sqCX+ac3IZN4vqWbExGrGnT65WeQNJyM8zwaU2,2.620966,4.377891,3.4040589999999997
574500,a/7q4oLh2Ews+7tMcFv6xjLGU0sqCX+ac3IZN4vqWbExGrGnT65WeQNJyM8zwaU2,2.594534,4.775115,3.2558290000000003
574800,a/7q4oLh2Ews+7tMcFv6xjLGU0sqCX+ac3IZN4vqWbExGrGnT65WeQNJyM8zwaU2,2.514278,4.948448,3.574014
575100,a/7q4oLh2Ews+7tMcFv6xjLGU0sqCX+ac3IZN4vqWbExGrGnT65WeQNJyM8zwaU2,2.628518,4.334708999999999,3.4272519999999997
575400,a/7q4oLh2Ews+7tMcFv6xjLGU0sqCX+ac3IZN4vqWbExGrGnT65WeQNJyM8zwaU2,2.524437,4.775567,3.230597
575700,a/7q4oLh2Ews+7tMcFv6xjLGU0sqCX+ac3IZN4vqWbExGrGnT65WeQNJyM8zwaU2,2.779442,5.768115,3.680106
576000,a/7q4oLh2Ews+7tMcFv6xjLGU0sqCX+ac3IZN4vqWbExGrGnT65WeQNJyM8zwaU2,2.683174,24.047774,5.558791
576300,a/7q4oLh2Ews+7tMcFv6xjLGU0sqCX+ac3IZN4vqWbExGrGnT65WeQNJyM8zwaU2,2.692218,4.593380000000001,3.4169629999999995
576600,a/7q4oLh2Ews+7tMcFv6xjLGU0sqCX+ac3IZN4vqWbExGrGnT65WeQNJyM8zwaU2,2.3397419999999998,4.762703,3.47304
576900,a/7q4oLh2Ews+7tMcFv6xjLGU0sqCX+ac3IZN4vqWbExGrGnT65WeQNJyM8zwaU2,2.581328,4.485668,3.5022260000000003
577200,a/7q4oLh2Ews+7tMcFv6xjLGU0sqCX+ac3IZN4vqWbExGrGnT65WeQNJyM8zwaU2,2.503796,4.58685,3.140303
577500,a/7q4oLh2Ews+7tMcFv6xjLGU0sqCX+ac3IZN4vqWbExGrGnT65WeQNJyM8zwaU2,2.692745,7.27457,4.017201999999999
577800,a/7q4oLh2Ews+7tMcFv6xjLGU0sqCX+ac3IZN4vqWbExGrGnT65WeQNJyM8zwaU2,2.701871,4.033015,3.3478209999999997
578100,a/7q4oLh2Ews+7tMcFv6xjLGU0sqCX+ac3IZN4vqWbExGrGnT65WeQNJyM8zwaU2,2.013311,4.847678,3.3601959999999997
578400,a/7q4oLh2Ews+7tMcFv6xjLGU0sqCX+ac3IZN4vqWbExGrGnT65WeQNJyM8zwaU2,2.736977,4.708304,3.622157
578700,a/7q4oLh2Ews+7tMcFv6xjLGU0sqCX+ac3IZN4vqWbExGrGnT65WeQNJyM8zwaU2,2.564469,4.290775,3.3529980000000004
579000,a/7q4oLh2Ews+7tMcFv6xjLGU0sqCX+ac3IZN4vqWbExGrGnT65WeQNJyM8zwaU2,2.5566150000000003,4.536419,3.4062919999999997
579300,a/7q4oLh2Ews+7tMcFv6xjLGU0sqCX+ac3IZN4vqWbExGrGnT65WeQNJyM8zwaU2,2.6834029999999998,4.900399,3.640312
579600,a/7q4oLh2Ews+7tMcFv6xjLGU0sqCX+ac3IZN4vqWbExGrGnT65WeQNJyM8zwaU2,2.741012,25.007901999999998,5.441478
579900,a/7q4oLh2Ews+7tMcFv6xjLGU0sqCX+ac3IZN4vqWbExGrGnT65WeQNJyM8zwaU2,2.618425,5.005266000000001,3.371863
580200,a/7q4oLh2Ews+7tMcFv6xjLGU0sqCX+ac3IZN4vqWbExGrGnT65WeQNJyM8zwaU2,2.605239,4.852874,3.570185
580500,a/7q4oLh2Ews+7tMcFv6xjLGU0sqCX+ac3IZN4vqWbExGrGnT65WeQNJyM8zwaU2,2.67279,4.279808,3.413119
580800,a/7q4oLh2Ews+7tMcFv6xjLGU0sqCX+ac3IZN4vqWbExGrGnT65WeQNJyM8zwaU2,1.9740529999999998,4.657657,3.4245870000000003
581100,a/7q4oLh2Ews+7tMcFv6xjLGU0sqCX+ac3IZN4vqWbExGrGnT65WeQNJyM8zwaU2,2.6908819999999998,4.999129,3.64097
581400,a/7q4oLh2Ews+7tMcFv6xjLGU0sqCX+ac3IZN4vqWbExGrGnT65WeQNJyM8zwaU2,2.293272,4.237426999999999,3.345454
581700,a/7q4oLh2Ews+7tMcFv6xjLGU0sqCX+ac3IZN4vqWbExGrGnT65WeQNJyM8zwaU2,2.658052,7.715383,3.959541
582000,a/7q4oLh2Ews+7tMcFv6xjLGU0sqCX+ac3IZN4vqWbExGrGnT65WeQNJyM8zwaU2,2.270063,5.113916000000001,3.586355
582300,a/7q4oLh2Ews+7tMcFv6xjLGU0sqCX+ac3IZN4vqWbExGrGnT65WeQNJyM8zwaU2,2.618818,4.429302,3.4710989999999997
582600,a/7q4oLh2Ews+7tMcFv6xjLGU0sqCX+ac3IZN4vqWbExGrGnT65WeQNJyM8zwaU2,2.195511,4.633735,3.477462
582900,a/7q4oLh2Ews+7tMcFv6xjLGU0sqCX+ac3IZN4vqWbExGrGnT65WeQNJyM8zwaU2,2.577281,5.363718,3.7166620000000004
583200,a/7q4oLh2Ews+7tMcFv6xjLGU0sqCX+ac3IZN4vqWbExGrGnT65WeQNJyM8zwaU2,2.612221,33.959514,10.926067999999999
583500,a/7q4oLh2Ews+7tMcFv6xjLGU0sqCX+ac3IZN4vqWbExGrGnT65WeQNJyM8zwaU2,2.113273,4.772587000000001,3.340678
583800,a/7q4oLh2Ews+7tMcFv6xjLGU0sqCX+ac3IZN4vqWbExGrGnT65WeQNJyM8zwaU2,2.685509,4.605818,3.595713
584100,a/7q4oLh2Ews+7tMcFv6xjLGU0sqCX+ac3IZN4vqWbExGrGnT65WeQNJyM8zwaU2,2.274316,4.540415,3.288991
584400,a/7q4oLh2Ews+7tMcFv6xjLGU0sqCX+ac3IZN4vqWbExGrGnT65WeQNJyM8zwaU2,2.649899,4.381067,3.3521620000000003
584700,a/7q4oLh2Ews+7tMcFv6xjLGU0sqCX+ac3IZN4vqWbExGrGnT65WeQNJyM8zwaU2,2.247383,4.829073999999999,3.6679180000000002
585000,a/7q4oLh2Ews+7tMcFv6xjLGU0sqCX+ac3IZN4vqWbExGrGnT65WeQNJyM8zwaU2,2.7218880000000003,4.0327980000000005,3.344318
585300,a/7q4oLh2Ews+7tMcFv6xjLGU0sqCX+ac3IZN4vqWbExGrGnT65WeQNJyM8zwaU2,2.1823770000000002,4.686094000000001,3.4443910000000004
585600,a/7q4oLh2Ews+7tMcFv6xjLGU0sqCX+ac3IZN4vqWbExGrGnT65WeQNJyM8zwaU2,2.6239220000000003,4.82613,3.544696
585900,a/7q4oLh2Ews+7tMcFv6xjLGU0sqCX+ac3IZN4vqWbExGrGnT65WeQNJyM8zwaU2,2.5213419999999998,12.373489999999999,4.228916000000001
586200,a/7q4oLh2Ews+7tMcFv6xjLGU0sqCX+ac3IZN4vqWbExGrGnT65WeQNJyM8zwaU2,2.635179,4.398397,3.321195
586500,a/7q4oLh2Ews+7tMcFv6xjLGU0sqCX+ac3IZN4vqWbExGrGnT65WeQNJyM8zwaU2,2.754125,5.105916000000001,3.6645730000000003
586800,a/7q4oLh2Ews+7tMcFv6xjLGU0sqCX+ac3IZN4vqWbExGrGnT65WeQNJyM8zwaU2,2.329973,24.888063,5.414791
587100,a/7q4oLh2Ews+7tMcFv6xjLGU0sqCX+ac3IZN4vqWbExGrGnT65WeQNJyM8zwaU2,2.667,4.552104,3.5077260000000003
587400,a/7q4oLh2Ews+7tMcFv6xjLGU0sqCX+ac3IZN4vqWbExGrGnT65WeQNJyM8zwaU2,2.185251,4.5912239999999995,3.5209410000000005
587700,a/7q4oLh2Ews+7tMcFv6xjLGU0sqCX+ac3IZN4vqWbExGrGnT65WeQNJyM8zwaU2,2.778521,4.763123,3.4495489999999998
588000,a/7q4oLh2Ews+7tMcFv6xjLGU0sqCX+ac3IZN4vqWbExGrGnT65WeQNJyM8zwaU2,2.517121,4.338706,3.41969
588300,a/7q4oLh2Ews+7tMcFv6xjLGU0sqCX+ac3IZN4vqWbExGrGnT65WeQNJyM8zwaU2,2.834479,4.549891000000001,3.693343
588600,a/7q4oLh2Ews+7tMcFv6xjLGU0sqCX+ac3IZN4vqWbExGrGnT65WeQNJyM8zwaU2,2.562989,11.915957,4.1097660000000005
588900,a/7q4oLh2Ews+7tMcFv6xjLGU0sqCX+ac3IZN4vqWbExGrGnT65WeQNJyM8zwaU2,2.0406009999999997,4.564359,3.286768
589200,a/7q4oLh2Ews+7tMcFv6xjLGU0sqCX+ac3IZN4vqWbExGrGnT65WeQNJyM8zwaU2,2.705645,4.155377,3.490587
589500,a/7q4oLh2Ews+7tMcFv6xjLGU0sqCX+ac3IZN4vqWbExGrGnT65WeQNJyM8zwaU2,2.575234,4.757207,3.358203
589800,a/7q4oLh2Ews+7tMcFv6xjLGU0sqCX+ac3IZN4vqWbExGrGnT65WeQNJyM8zwaU2,2.658647,4.332730000000001,3.3666940000000003
590100,a/7q4oLh2Ews+7tMcFv6xjLGU0sqCX+ac3IZN4vqWbExGrGnT65WeQNJyM8zwaU2,2.839355,4.852091000000001,3.811609
590400,a/7q4oLh2Ews+7tMcFv6xjLGU0sqCX+ac3IZN4vqWbExGrGnT65WeQNJyM8zwaU2,2.606128,17.123396,5.430443
590700,a/7q4oLh2Ews+7tMcFv6xjLGU0sqCX+ac3IZN4vqWbExGrGnT65WeQNJyM8zwaU2,2.590125,5.531662,3.465553
591000,a/7q4oLh2Ews+7tMcFv6xjLGU0sqCX+ac3IZN4vqWbExGrGnT65WeQNJyM8zwaU2,2.725705,4.512133,3.6129809999999996
591300,a/7q4oLh2Ews+7tMcFv6xjLGU0sqCX+ac3IZN4vqWbExGrGnT65WeQNJyM8zwaU2,2.561531,14.434270999999999,4.472482
591600,a/7q4oLh2Ews+7tMcFv6xjLGU0sqCX+ac3IZN4vqWbExGrGnT65WeQNJyM8zwaU2,2.006775,4.741069,3.183779
591900,a/7q4oLh2Ews+7tMcFv6xjLGU0sqCX+ac3IZN4vqWbExGrGnT65WeQNJyM8zwaU2,2.779884,4.752337000000001,3.6653
592200,a/7q4oLh2Ews+7tMcFv6xjLGU0sqCX+ac3IZN4vqWbExGrGnT65WeQNJyM8zwaU2,2.487768,12.747225,4.234072
592500,a/7q4oLh2Ews+7tMcFv6xjLGU0sqCX+ac3IZN4vqWbExGrGnT65WeQNJyM8zwaU2,2.6753299999999998,5.398478,3.487484
592800,a/7q4oLh2Ews+7tMcFv6xjLGU0sqCX+ac3IZN4vqWbExGrGnT65WeQNJyM8zwaU2,2.938211,5.156347,3.776904
593100,a/7q4oLh2Ews+7tMcFv6xjLGU0sqCX+ac3IZN4vqWbExGrGnT65WeQNJyM8zwaU2,2.478663,4.685338,3.3280980000000002
593400,a/7q4oLh2Ews+7tMcFv6xjLGU0sqCX+ac3IZN4vqWbExGrGnT65WeQNJyM8zwaU2,2.445465,5.358357,3.393102
593700,a/7q4oLh2Ews+7tMcFv6xjLGU0sqCX+ac3IZN4vqWbExGrGnT65WeQNJyM8zwaU2,2.4980919999999998,4.514565,3.572892
594000,a/7q4oLh2Ews+7tMcFv6xjLGU0sqCX+ac3IZN4vqWbExGrGnT65WeQNJyM8zwaU2,2.124241,24.090431,5.278818
594300,a/7q4oLh2Ews+7tMcFv6xjLGU0sqCX+ac3IZN4vqWbExGrGnT65WeQNJyM8zwaU2,2.1672119999999997,5.461755999999999,3.306746
594600,a/7q4oLh2Ews+7tMcFv6xjLGU0sqCX+ac3IZN4vqWbExGrGnT65WeQNJyM8zwaU2,2.702099,4.459111,3.4439480000000002
594900,a/7q4oLh2Ews+7tMcFv6xjLGU0sqCX+ac3IZN4vqWbExGrGnT65WeQNJyM8zwaU2,2.725158,4.904287,3.3983589999999997
595200,a/7q4oLh2Ews+7tMcFv6xjLGU0sqCX+ac3IZN4vqWbExGrGnT65WeQNJyM8zwaU2,2.552612,4.59305,3.3263309999999997
595500,a/7q4oLh2Ews+7tMcFv6xjLGU0sqCX+ac3IZN4vqWbExGrGnT65WeQNJyM8zwaU2,3.164968,4.9722,3.887511
595800,a/7q4oLh2Ews+7tMcFv6xjLGU0sqCX+ac3IZN4vqWbExGrGnT65WeQNJyM8zwaU2,2.824487,60.147086,12.667119999999999
596100,a/7q4oLh2Ews+7tMcFv6xjLGU0sqCX+ac3IZN4vqWbExGrGnT65WeQNJyM8zwaU2,2.573298,5.946177,3.5509410000000003
596400,a/7q4oLh2Ews+7tMcFv6xjLGU0sqCX+ac3IZN4vqWbExGrGnT65WeQNJyM8zwaU2,2.6139580000000002,5.226433999999999,3.7031050000000003
596700,a/7q4oLh2Ews+7tMcFv6xjLGU0sqCX+ac3IZN4vqWbExGrGnT65WeQNJyM8zwaU2,2.641811,6.214179,3.6193699999999995
597000,a/7q4oLh2Ews+7tMcFv6xjLGU0sqCX+ac3IZN4vqWbExGrGnT65WeQNJyM8zwaU2,2.630345,6.306767,3.598353
597300,a/7q4oLh2Ews+7tMcFv6xjLGU0sqCX+ac3IZN4vqWbExGrGnT65WeQNJyM8zwaU2,2.6345099999999997,4.5052769999999995,3.5935639999999998
597600,a/7q4oLh2Ews+7tMcFv6xjLGU0sqCX+ac3IZN4vqWbExGrGnT65WeQNJyM8zwaU2,2.478545,4.942336,3.2813760000000003
597900,a/7q4oLh2Ews+7tMcFv6xjLGU0sqCX+ac3IZN4vqWbExGrGnT65WeQNJyM8zwaU2,2.624425,5.123436,3.44706
598200,a/7q4oLh2Ews+7tMcFv6xjLGU0sqCX+ac3IZN4vqWbExGrGnT65WeQNJyM8zwaU2,2.969975,4.809328,3.7404059999999997
598500,a/7q4oLh2Ews+7tMcFv6xjLGU0sqCX+ac3IZN4vqWbExGrGnT65WeQNJyM8zwaU2,2.5371810000000004,4.961277,3.3777980000000003
598800,a/7q4oLh2Ews+7tMcFv6xjLGU0sqCX+ac3IZN4vqWbExGrGnT65WeQNJyM8zwaU2,2.014432,4.691617,3.3073639999999997
599100,a/7q4oLh2Ews+7tMcFv6xjLGU0sqCX+ac3IZN4vqWbExGrGnT65WeQNJyM8zwaU2,2.603294,4.719459,3.6695800000000003
599400,a/7q4oLh2Ews+7tMcFv6xjLGU0sqCX+ac3IZN4vqWbExGrGnT65WeQNJyM8zwaU2,2.111436,4.870871,3.154584
599700,a/7q4oLh2Ews+7tMcFv6xjLGU0sqCX+ac3IZN4vqWbExGrGnT65WeQNJyM8zwaU2,1.859625,5.282093,3.323631
600000,a/7q4oLh2Ews+7tMcFv6xjLGU0sqCX+ac3IZN4vqWbExGrGnT65WeQNJyM8zwaU2,2.557886,4.452998,3.4633800000000003
600300,a/7q4oLh2Ews+7tMcFv6xjLGU0sqCX+ac3IZN4vqWbExGrGnT65WeQNJyM8zwaU2,2.585959,9.816942,4.056293
600600,a/7q4oLh2Ews+7tMcFv6xjLGU0sqCX+ac3IZN4vqWbExGrGnT65WeQNJyM8zwaU2,2.579239,5.080732,3.523693
600900,a/7q4oLh2Ews+7tMcFv6xjLGU0sqCX+ac3IZN4vqWbExGrGnT65WeQNJyM8zwaU2,3.127784,4.874035,3.909096
601200,a/7q4oLh2Ews+7tMcFv6xjLGU0sqCX+ac3IZN4vqWbExGrGnT65WeQNJyM8zwaU2,2.885955,27.689092,10.060535
601500,a/7q4oLh2Ews+7tMcFv6xjLGU0sqCX+ac3IZN4vqWbExGrGnT65WeQNJyM8zwaU2,2.645929,5.007928,3.5033769999999995
601800,a/7q4oLh2Ews+7tMcFv6xjLGU0sqCX+ac3IZN4vqWbExGrGnT65WeQNJyM8zwaU2,2.953115,4.330575,3.611675
602100,a/7q4oLh2Ews+7tMcFv6xjLGU0sqCX+ac3IZN4vqWbExGrGnT65WeQNJyM8zwaU2,2.948693,16.443698,4.827659
602400,a/7q4oLh2Ews+7tMcFv6xjLGU0sqCX+ac3IZN4vqWbExGrGnT65WeQNJyM8zwaU2,2.7112990000000003,4.127782,3.354317
602700,a/7q4oLh2Ews+7tMcFv6xjLGU0sqCX+ac3IZN4vqWbExGrGnT65WeQNJyM8zwaU2,2.81602,4.349475,3.5725050000000005
603000,a/7q4oLh2Ews+7tMcFv6xjLGU0sqCX+ac3IZN4vqWbExGrGnT65WeQNJyM8zwaU2,2.737045,4.958977,3.569354
603300,a/7q4oLh2Ews+7tMcFv6xjLGU0sqCX+ac3IZN4vqWbExGrGnT65WeQNJyM8zwaU2,2.734864,4.592731,3.496944
603600,a/7q4oLh2Ews+7tMcFv6xjLGU0sqCX+ac3IZN4vqWbExGrGnT65WeQNJyM8zwaU2,2.825279,5.753515,3.641399
603900,a/7q4oLh2Ews+7tMcFv6xjLGU0sqCX+ac3IZN4vqWbExGrGnT65WeQNJyM8zwaU2,2.753841,4.591966,3.6641809999999997
604200,a/7q4oLh2Ews+7tMcFv6xjLGU0sqCX+ac3IZN4vqWbExGrGnT65WeQNJyM8zwaU2,2.583565,4.635601,3.429636
604500,a/7q4oLh2Ews+7tMcFv6xjLGU0sqCX+ac3IZN4vqWbExGrGnT65WeQNJyM8zwaU2,3.0573490000000003,4.300221,3.555452
604800,a/7q4oLh2Ews+7tMcFv6xjLGU0sqCX+ac3IZN4vqWbExGrGnT65WeQNJyM8zwaU2,2.536675,24.468781,5.383896
605100,a/7q4oLh2Ews+7tMcFv6xjLGU0sqCX+ac3IZN4vqWbExGrGnT65WeQNJyM8zwaU2,2.536852,4.337851000000001,3.458557
605400,a/7q4oLh2Ews+7tMcFv6xjLGU0sqCX+ac3IZN4vqWbExGrGnT65WeQNJyM8zwaU2,3.0463080000000002,4.182036,3.5521839999999996
605700,a/7q4oLh2Ews+7tMcFv6xjLGU0sqCX+ac3IZN4vqWbExGrGnT65WeQNJyM8zwaU2,2.7651790000000003,4.577191,3.505671
606000,a/7q4oLh2Ews+7tMcFv6xjLGU0sqCX+ac3IZN4vqWbExGrGnT65WeQNJyM8zwaU2,2.750614,4.670948,3.386772
606300,a/7q4oLh2Ews+7tMcFv6xjLGU0sqCX+ac3IZN4vqWbExGrGnT65WeQNJyM8zwaU2,3.039966,4.274869,3.7025300000000003
606600,a/7q4oLh2Ews+7tMcFv6xjLGU0sqCX+ac3IZN4vqWbExGrGnT65WeQNJyM8zwaU2,2.705679,4.396855,3.451868
606900,a/7q4oLh2Ews+7tMcFv6xjLGU0sqCX+ac3IZN4vqWbExGrGnT65WeQNJyM8zwaU2,2.190874,4.631892,3.317879
607200,a/7q4oLh2Ews+7tMcFv6xjLGU0sqCX+ac3IZN4vqWbExGrGnT65WeQNJyM8zwaU2,3.0060029999999998,4.07885,3.413812
607500,a/7q4oLh2Ews+7tMcFv6xjLGU0sqCX+ac3IZN4vqWbExGrGnT65WeQNJyM8zwaU2,2.6705520000000003,6.086223,3.633785
607800,a/7q4oLh2Ews+7tMcFv6xjLGU0sqCX+ac3IZN4vqWbExGrGnT65WeQNJyM8zwaU2,2.467222,3.808511,3.142966
608100,a/7q4oLh2Ews+7tMcFv6xjLGU0sqCX+ac3IZN4vqWbExGrGnT65WeQNJyM8zwaU2,2.7416669999999996,4.238988,3.523138
608400,a/7q4oLh2Ews+7tMcFv6xjLGU0sqCX+ac3IZN4vqWbExGrGnT65WeQNJyM8zwaU2,2.566188,17.614235,5.537131
608700,a/7q4oLh2Ews+7tMcFv6xjLGU0sqCX+ac3IZN4vqWbExGrGnT65WeQNJyM8zwaU2,2.7190630000000002,4.466655,3.456409
609000,a/7q4oLh2Ews+7tMcFv6xjLGU0sqCX+ac3IZN4vqWbExGrGnT65WeQNJyM8zwaU2,2.115672,4.096856,3.217306
609300,a/7q4oLh2Ews+7tMcFv6xjLGU0sqCX+ac3IZN4vqWbExGrGnT65WeQNJyM8zwaU2,2.6434580000000003,5.088899,3.572455
609600,a/7q4oLh2Ews+7tMcFv6xjLGU0sqCX+ac3IZN4vqWbExGrGnT65WeQNJyM8zwaU2,2.319186,4.670808999999999,3.219957
609900,a/7q4oLh2Ews+7tMcFv6xjLGU0sqCX+ac3IZN4vqWbExGrGnT65WeQNJyM8zwaU2,2.760987,4.212885,3.5666910000000005
610200,a/7q4oLh2Ews+7tMcFv6xjLGU0sqCX+ac3IZN4vqWbExGrGnT65WeQNJyM8zwaU2,2.677984,4.009274,3.2954209999999997
610500,a/7q4oLh2Ews+7tMcFv6xjLGU0sqCX+ac3IZN4vqWbExGrGnT65WeQNJyM8zwaU2,2.7205790000000003,4.00361,3.4221980000000003
610800,a/7q4oLh2Ews+7tMcFv6xjLGU0sqCX+ac3IZN4vqWbExGrGnT65WeQNJyM8zwaU2,2.696222,4.1401650000000005,3.423682
611100,a/7q4oLh2Ews+7tMcFv6xjLGU0sqCX+ac3IZN4vqWbExGrGnT65WeQNJyM8zwaU2,2.635084,4.8927510000000005,3.4910919999999996
611400,a/7q4oLh2Ews+7tMcFv6xjLGU0sqCX+ac3IZN4vqWbExGrGnT65WeQNJyM8zwaU2,2.732972,4.688457,3.377393
611700,a/7q4oLh2Ews+7tMcFv6xjLGU0sqCX+ac3IZN4vqWbExGrGnT65WeQNJyM8zwaU2,2.58874,4.0484480000000005,3.425036
612000,a/7q4oLh2Ews+7tMcFv6xjLGU0sqCX+ac3IZN4vqWbExGrGnT65WeQNJyM8zwaU2,2.6486330000000002,32.372005,12.487703
612300,a/7q4oLh2Ews+7tMcFv6xjLGU0sqCX+ac3IZN4vqWbExGrGnT65WeQNJyM8zwaU2,2.719909,4.517912,3.375982
612600,a/7q4oLh2Ews+7tMcFv6xjLGU0sqCX+ac3IZN4vqWbExGrGnT65WeQNJyM8zwaU2,2.594332,4.204943,3.410082
612900,a/7q4oLh2Ews+7tMcFv6xjLGU0sqCX+ac3IZN4vqWbExGrGnT65WeQNJyM8zwaU2,2.592954,3.9467160000000003,3.360181
613200,a/7q4oLh2Ews+7tMcFv6xjLGU0sqCX+ac3IZN4vqWbExGrGnT65WeQNJyM8zwaU2,2.7719240000000003,3.865534,3.26079
613500,a/7q4oLh2Ews+7tMcFv6xjLGU0sqCX+ac3IZN4vqWbExGrGnT65WeQNJyM8zwaU2,2.61855,4.476816,3.555654
613800,a/7q4oLh2Ews+7tMcFv6xjLGU0sqCX+ac3IZN4vqWbExGrGnT65WeQNJyM8zwaU2,2.565932,14.270935,4.42558
614100,a/7q4oLh2Ews+7tMcFv6xjLGU0sqCX+ac3IZN4vqWbExGrGnT65WeQNJyM8zwaU2,2.841377,4.505362,3.4869120000000002
614400,a/7q4oLh2Ews+7tMcFv6xjLGU0sqCX+ac3IZN4vqWbExGrGnT65WeQNJyM8zwaU2,2.636091,31.314898,6.138008
614700,a/7q4oLh2Ews+7tMcFv6xjLGU0sqCX+ac3IZN4vqWbExGrGnT65WeQNJyM8zwaU2,2.70615,5.120359,3.46424
615000,a/7q4oLh2Ews+7tMcFv6xjLGU0sqCX+ac3IZN4vqWbExGrGnT65WeQNJyM8zwaU2,2.77362,4.955637,3.4052589999999996
615300,a/7q4oLh2Ews+7tMcFv6xjLGU0sqCX+ac3IZN4vqWbExGrGnT65WeQNJyM8zwaU2,2.667759,5.289168,3.466219
615600,a/7q4oLh2Ews+7tMcFv6xjLGU0sqCX+ac3IZN4vqWbExGrGnT65WeQNJyM8zwaU2,2.726829,23.669207999999998,5.453165
615900,a/7q4oLh2Ews+7tMcFv6xjLGU0sqCX+ac3IZN4vqWbExGrGnT65WeQNJyM8zwaU2,2.727471,4.74022,3.4070110000000002
616200,a/7q4oLh2Ews+7tMcFv6xjLGU0sqCX+ac3IZN4vqWbExGrGnT65WeQNJyM8zwaU2,2.669002,5.284111,3.395047
616500,a/7q4oLh2Ews+7tMcFv6xjLGU0sqCX+ac3IZN4vqWbExGrGnT65WeQNJyM8zwaU2,2.678027,5.497348000000001,3.5444269999999998
616800,a/7q4oLh2Ews+7tMcFv6xjLGU0sqCX+ac3IZN4vqWbExGrGnT65WeQNJyM8zwaU2,2.5824849999999997,4.596934,3.313182
617100,a/7q4oLh2Ews+7tMcFv6xjLGU0sqCX+ac3IZN4vqWbExGrGnT65WeQNJyM8zwaU2,2.323804,5.294909,3.5383489999999997
617400,a/7q4oLh2Ews+7tMcFv6xjLGU0sqCX+ac3IZN4vqWbExGrGnT65WeQNJyM8zwaU2,2.712576,4.7381269999999995,3.4523620000000004
617700,a/7q4oLh2Ews+7tMcFv6xjLGU0sqCX+ac3IZN4vqWbExGrGnT65WeQNJyM8zwaU2,2.668524,4.9112480000000005,3.55579
618000,a/7q4oLh2Ews+7tMcFv6xjLGU0sqCX+ac3IZN4vqWbExGrGnT65WeQNJyM8zwaU2,2.828943,5.254486,3.4073629999999997
618300,a/7q4oLh2Ews+7tMcFv6xjLGU0sqCX+ac3IZN4vqWbExGrGnT65WeQNJyM8zwaU2,2.6411849999999997,5.180745,3.4546379999999997
618600,a/7q4oLh2Ews+7tMcFv6xjLGU0sqCX+ac3IZN4vqWbExGrGnT65WeQNJyM8zwaU2,2.7313,4.902054,3.3794989999999996
618900,a/7q4oLh2Ews+7tMcFv6xjLGU0sqCX+ac3IZN4vqWbExGrGnT65WeQNJyM8zwaU2,2.543684,5.286773,3.4599269999999995
619200,a/7q4oLh2Ews+7tMcFv6xjLGU0sqCX+ac3IZN4vqWbExGrGnT65WeQNJyM8zwaU2,2.692565,4.824330000000001,3.4113949999999997
619500,a/7q4oLh2Ews+7tMcFv6xjLGU0sqCX+ac3IZN4vqWbExGrGnT65WeQNJyM8zwaU2,2.774855,23.581885999999997,5.484261
619800,a/7q4oLh2Ews+7tMcFv6xjLGU0sqCX+ac3IZN4vqWbExGrGnT65WeQNJyM8zwaU2,2.856853,4.193166000000001,3.533432
620100,a/7q4oLh2Ews+7tMcFv6xjLGU0sqCX+ac3IZN4vqWbExGrGnT65WeQNJyM8zwaU2,2.8402990000000004,4.977998,3.512606
620400,a/7q4oLh2Ews+7tMcFv6xjLGU0sqCX+ac3IZN4vqWbExGrGnT65WeQNJyM8zwaU2,2.664288,3.866822,3.139129
620700,a/7q4oLh2Ews+7tMcFv6xjLGU0sqCX+ac3IZN4vqWbExGrGnT65WeQNJyM8zwaU2,3.126225,5.169497,3.6581690000000004
621000,a/7q4oLh2Ews+7tMcFv6xjLGU0sqCX+ac3IZN4vqWbExGrGnT65WeQNJyM8zwaU2,2.760411,4.319074,3.359746
621300,a/7q4oLh2Ews+7tMcFv6xjLGU0sqCX+ac3IZN4vqWbExGrGnT65WeQNJyM8zwaU2,2.701484,4.475531,3.389471
621600,a/7q4oLh2Ews+7tMcFv6xjLGU0sqCX+ac3IZN4vqWbExGrGnT65WeQNJyM8zwaU2,2.985224,5.439024,3.5108349999999997
621900,a/7q4oLh2Ews+7tMcFv6xjLGU0sqCX+ac3IZN4vqWbExGrGnT65WeQNJyM8zwaU2,2.808211,5.190893,3.4531099999999997
622200,a/7q4oLh2Ews+7tMcFv6xjLGU0sqCX+ac3IZN4vqWbExGrGnT65WeQNJyM8zwaU2,2.6202360000000002,4.389938,3.3040480000000003
622500,a/7q4oLh2Ews+7tMcFv6xjLGU0sqCX+ac3IZN4vqWbExGrGnT65WeQNJyM8zwaU2,3.1733830000000003,4.03788,3.6055449999999998
622800,a/7q4oLh2Ews+7tMcFv6xjLGU0sqCX+ac3IZN4vqWbExGrGnT65WeQNJyM8zwaU2,2.755559,4.925166,3.4984660000000005
623100,a/7q4oLh2Ews+7tMcFv6xjLGU0sqCX+ac3IZN4vqWbExGrGnT65WeQNJyM8zwaU2,1.9168209999999999,24.666122,5.303505
623400,a/7q4oLh2Ews+7tMcFv6xjLGU0sqCX+ac3IZN4vqWbExGrGnT65WeQNJyM8zwaU2,2.998157,5.210971,3.61345
623700,a/7q4oLh2Ews+7tMcFv6xjLGU0sqCX+ac3IZN4vqWbExGrGnT65WeQNJyM8zwaU2,2.7799810000000003,4.435982,3.3888830000000003
624000,a/7q4oLh2Ews+7tMcFv6xjLGU0sqCX+ac3IZN4vqWbExGrGnT65WeQNJyM8zwaU2,2.777733,4.3926620000000005,3.3804870000000005
624300,a/7q4oLh2Ews+7tMcFv6xjLGU0sqCX+ac3IZN4vqWbExGrGnT65WeQNJyM8zwaU2,2.272806,4.848438,3.6383089999999996
624600,a/7q4oLh2Ews+7tMcFv6xjLGU0sqCX+ac3IZN4vqWbExGrGnT65WeQNJyM8zwaU2,2.00478,4.85193,3.390207
624900,a/7q4oLh2Ews+7tMcFv6xjLGU0sqCX+ac3IZN4vqWbExGrGnT65WeQNJyM8zwaU2,2.5813770000000003,3.83681,3.38895
625200,a/7q4oLh2Ews+7tMcFv6xjLGU0sqCX+ac3IZN4vqWbExGrGnT65WeQNJyM8zwaU2,2.887395,11.412529,4.1868620000000005
625500,a/7q4oLh2Ews+7tMcFv6xjLGU0sqCX+ac3IZN4vqWbExGrGnT65WeQNJyM8zwaU2,2.762419,4.554939,3.6636949999999997
625800,a/7q4oLh2Ews+7tMcFv6xjLGU0sqCX+ac3IZN4vqWbExGrGnT65WeQNJyM8zwaU2,2.0926709999999997,3.94845,3.204567
626100,a/7q4oLh2Ews+7tMcFv6xjLGU0sqCX+ac3IZN4vqWbExGrGnT65WeQNJyM8zwaU2,3.093652,4.371691,3.7214970000000003
626400,a/7q4oLh2Ews+7tMcFv6xjLGU0sqCX+ac3IZN4vqWbExGrGnT65WeQNJyM8zwaU2,2.860835,6.425825,3.8475339999999996
626700,a/7q4oLh2Ews+7tMcFv6xjLGU0sqCX+ac3IZN4vqWbExGrGnT65WeQNJyM8zwaU2,2.905402,19.154119,5.566603
627000,a/7q4oLh2Ews+7tMcFv6xjLGU0sqCX+ac3IZN4vqWbExGrGnT65WeQNJyM8zwaU2,3.049624,11.069885000000001,4.540538
627300,a/7q4oLh2Ews+7tMcFv6xjLGU0sqCX+ac3IZN4vqWbExGrGnT65WeQNJyM8zwaU2,1.9524560000000002,4.886849,3.4111269999999996
627600,a/7q4oLh2Ews+7tMcFv6xjLGU0sqCX+ac3IZN4vqWbExGrGnT65WeQNJyM8zwaU2,2.703125,4.532852,3.2805120000000003
627900,a/7q4oLh2Ews+7tMcFv6xjLGU0sqCX+ac3IZN4vqWbExGrGnT65WeQNJyM8zwaU2,2.844953,4.965078,3.836435
628200,a/7q4oLh2Ews+7tMcFv6xjLGU0sqCX+ac3IZN4vqWbExGrGnT65WeQNJyM8zwaU2,2.862376,4.479962,3.4373669999999996
628500,a/7q4oLh2Ews+7tMcFv6xjLGU0sqCX+ac3IZN4vqWbExGrGnT65WeQNJyM8zwaU2,2.6849950000000002,10.898458,4.201644
628800,a/7q4oLh2Ews+7tMcFv6xjLGU0sqCX+ac3IZN4vqWbExGrGnT65WeQNJyM8zwaU2,2.763941,4.473794,3.556287
629100,a/7q4oLh2Ews+7tMcFv6xjLGU0sqCX+ac3IZN4vqWbExGrGnT65WeQNJyM8zwaU2,2.789341,4.7660730000000004,3.526535
629400,a/7q4oLh2Ews+7tMcFv6xjLGU0sqCX+ac3IZN4vqWbExGrGnT65WeQNJyM8zwaU2,2.7536259999999997,4.4462980000000005,3.303494
629700,a/7q4oLh2Ews+7tMcFv6xjLGU0sqCX+ac3IZN4vqWbExGrGnT65WeQNJyM8zwaU2,2.334911,5.1671949999999995,3.583417
630000,a/7q4oLh2Ews+7tMcFv6xjLGU0sqCX+ac3IZN4vqWbExGrGnT65WeQNJyM8zwaU2,2.09902,5.043748,3.376783
630300,a/7q4oLh2Ews+7tMcFv6xjLGU0sqCX+ac3IZN4vqWbExGrGnT65WeQNJyM8zwaU2,2.703259,25.300892,5.49707
630600,a/7q4oLh2Ews+7tMcFv6xjLGU0sqCX+ac3IZN4vqWbExGrGnT65WeQNJyM8zwaU2,2.197677,4.5237419999999995,3.360853
630900,a/7q4oLh2Ews+7tMcFv6xjLGU0sqCX+ac3IZN4vqWbExGrGnT65WeQNJyM8zwaU2,2.6907650000000003,4.834242,3.541075
631200,a/7q4oLh2Ews+7tMcFv6xjLGU0sqCX+ac3IZN4vqWbExGrGnT65WeQNJyM8zwaU2,2.620843,10.038471000000001,3.921868
631500,a/7q4oLh2Ews+7tMcFv6xjLGU0sqCX+ac3IZN4vqWbExGrGnT65WeQNJyM8zwaU2,2.688745,5.066664,3.6420489999999996
631800,a/7q4oLh2Ews+7tMcFv6xjLGU0sqCX+ac3IZN4vqWbExGrGnT65WeQNJyM8zwaU2,1.8868790000000002,4.673588,3.276068
632100,a/7q4oLh2Ews+7tMcFv6xjLGU0sqCX+ac3IZN4vqWbExGrGnT65WeQNJyM8zwaU2,2.575001,4.28561,3.239477
632400,a/7q4oLh2Ews+7tMcFv6xjLGU0sqCX+ac3IZN4vqWbExGrGnT65WeQNJyM8zwaU2,2.7029330000000003,4.5135,3.519407
632700,a/7q4oLh2Ews+7tMcFv6xjLGU0sqCX+ac3IZN4vqWbExGrGnT65WeQNJyM8zwaU2,2.4996810000000003,4.816898999999999,3.372153
633000,a/7q4oLh2Ews+7tMcFv6xjLGU0sqCX+ac3IZN4vqWbExGrGnT65WeQNJyM8zwaU2,2.620581,4.067611,3.1472599999999997
633300,a/7q4oLh2Ews+7tMcFv6xjLGU0sqCX+ac3IZN4vqWbExGrGnT65WeQNJyM8zwaU2,2.410757,4.791485,3.398252
633600,a/7q4oLh2Ews+7tMcFv6xjLGU0sqCX+ac3IZN4vqWbExGrGnT65WeQNJyM8zwaU2,2.503573,4.686644,3.3298099999999997
633900,a/7q4oLh2Ews+7tMcFv6xjLGU0sqCX+ac3IZN4vqWbExGrGnT65WeQNJyM8zwaU2,2.444466,24.865579999999998,5.388307
634200,a/7q4oLh2Ews+7tMcFv6xjLGU0sqCX+ac3IZN4vqWbExGrGnT65WeQNJyM8zwaU2,2.705548,4.444998,3.4530019999999997
634500,a/7q4oLh2Ews+7tMcFv6xjLGU0sqCX+ac3IZN4vqWbExGrGnT65WeQNJyM8zwaU2,2.380315,4.598439,3.347096
634800,a/7q4oLh2Ews+7tMcFv6xjLGU0sqCX+ac3IZN4vqWbExGrGnT65WeQNJyM8zwaU2,2.5037580000000004,4.221271,3.150103
635100,a/7q4oLh2Ews+7tMcFv6xjLGU0sqCX+ac3IZN4vqWbExGrGnT65WeQNJyM8zwaU2,2.3425580000000004,5.037147,3.634864
635400,a/7q4oLh2Ews+7tMcFv6xjLGU0sqCX+ac3IZN4vqWbExGrGnT65WeQNJyM8zwaU2,2.696597,4.7887,3.39256
635700,a/7q4oLh2Ews+7tMcFv6xjLGU0sqCX+ac3IZN4vqWbExGrGnT65WeQNJyM8zwaU2,2.609786,4.112247,3.334796
636000,a/7q4oLh2Ews+7tMcFv6xjLGU0sqCX+ac3IZN4vqWbExGrGnT65WeQNJyM8zwaU2,2.741139,4.438268,3.5519279999999998
636300,a/7q4oLh2Ews+7tMcFv6xjLGU0sqCX+ac3IZN4vqWbExGrGnT65WeQNJyM8zwaU2,2.692279,4.61966,3.509153
636600,a/7q4oLh2Ews+7tMcFv6xjLGU0sqCX+ac3IZN4vqWbExGrGnT65WeQNJyM8zwaU2,2.397112,4.461875,3.217371
636900,a/7q4oLh2Ews+7tMcFv6xjLGU0sqCX+ac3IZN4vqWbExGrGnT65WeQNJyM8zwaU2,2.530728,4.718463,3.55324
637200,a/7q4oLh2Ews+7tMcFv6xjLGU0sqCX+ac3IZN4vqWbExGrGnT65WeQNJyM8zwaU2,2.208057,4.537913,3.341194
637500,a/7q4oLh2Ews+7tMcFv6xjLGU0sqCX+ac3IZN4vqWbExGrGnT65WeQNJyM8zwaU2,2.7505830000000002,15.974545,5.479871
637800,a/7q4oLh2Ews+7tMcFv6xjLGU0sqCX+ac3IZN4vqWbExGrGnT65WeQNJyM8zwaU2,2.233078,4.296848000000001,3.518045
638100,a/7q4oLh2Ews+7tMcFv6xjLGU0sqCX+ac3IZN4vqWbExGrGnT65WeQNJyM8zwaU2,2.657918,4.256332,3.521807
638400,a/7q4oLh2Ews+7tMcFv6xjLGU0sqCX+ac3IZN4vqWbExGrGnT65WeQNJyM8zwaU2,2.869202,5.0237300000000005,3.3812629999999997
638700,a/7q4oLh2Ews+7tMcFv6xjLGU0sqCX+ac3IZN4vqWbExGrGnT65WeQNJyM8zwaU2,2.661137,5.080668,3.6413230000000003
639000,a/7q4oLh2Ews+7tMcFv6xjLGU0sqCX+ac3IZN4vqWbExGrGnT65WeQNJyM8zwaU2,2.595382,4.640531,3.4586580000000002
639300,a/7q4oLh2Ews+7tMcFv6xjLGU0sqCX+ac3IZN4vqWbExGrGnT65WeQNJyM8zwaU2,2.744401,5.205916,3.528239
639600,a/7q4oLh2Ews+7tMcFv6xjLGU0sqCX+ac3IZN4vqWbExGrGnT65WeQNJyM8zwaU2,2.634785,4.8864279999999995,3.573743
639900,a/7q4oLh2Ews+7tMcFv6xjLGU0sqCX+ac3IZN4vqWbExGrGnT65WeQNJyM8zwaU2,2.542339,4.300033,3.324498
640200,a/7q4oLh2Ews+7tMcFv6xjLGU0sqCX+ac3IZN4vqWbExGrGnT65WeQNJyM8zwaU2,2.598329,5.062988,3.407512
640500,a/7q4oLh2Ews+7tMcFv6xjLGU0sqCX+ac3IZN4vqWbExGrGnT65WeQNJyM8zwaU2,2.989387,5.024830000000001,3.721051
640800,a/7q4oLh2Ews+7tMcFv6xjLGU0sqCX+ac3IZN4vqWbExGrGnT65WeQNJyM8zwaU2,2.512229,33.98662,10.003815
641100,a/7q4oLh2Ews+7tMcFv6xjLGU0sqCX+ac3IZN4vqWbExGrGnT65WeQNJyM8zwaU2,2.666418,25.220392999999998,5.602722
641400,a/7q4oLh2Ews+7tMcFv6xjLGU0sqCX+ac3IZN4vqWbExGrGnT65WeQNJyM8zwaU2,2.086169,4.846063,3.328821
641700,a/7q4oLh2Ews+7tMcFv6xjLGU0sqCX+ac3IZN4vqWbExGrGnT65WeQNJyM8zwaU2,2.6707110000000003,4.202978,3.415843
642000,a/7q4oLh2Ews+7tMcFv6xjLGU0sqCX+ac3IZN4vqWbExGrGnT65WeQNJyM8zwaU2,2.723103,5.150889,3.34119
642300,a/7q4oLh2Ews+7tMcFv6xjLGU0sqCX+ac3IZN4vqWbExGrGnT65WeQNJyM8zwaU2,2.6208970000000003,4.946451000000001,3.6400940000000004
642600,a/7q4oLh2Ews+7tMcFv6xjLGU0sqCX+ac3IZN4vqWbExGrGnT65WeQNJyM8zwaU2,2.216928,4.362559,3.1799209999999998
642900,a/7q4oLh2Ews+7tMcFv6xjLGU0sqCX+ac3IZN4vqWbExGrGnT65WeQNJyM8zwaU2,2.637221,4.937826,3.4026199999999998
643200,a/7q4oLh2Ews+7tMcFv6xjLGU0sqCX+ac3IZN4vqWbExGrGnT65WeQNJyM8zwaU2,2.661058,4.923546,3.4769160000000006
643500,a/7q4oLh2Ews+7tMcFv6xjLGU0sqCX+ac3IZN4vqWbExGrGnT65WeQNJyM8zwaU2,2.675764,4.000433999999999,3.2901230000000004
643800,a/7q4oLh2Ews+7tMcFv6xjLGU0sqCX+ac3IZN4vqWbExGrGnT65WeQNJyM8zwaU2,2.577756,4.8457230000000004,3.3637910000000004
644100,a/7q4oLh2Ews+7tMcFv6xjLGU0sqCX+ac3IZN4vqWbExGrGnT65WeQNJyM8zwaU2,2.413116,4.963988,3.462335
644400,a/7q4oLh2Ews+7tMcFv6xjLGU0sqCX+ac3IZN4vqWbExGrGnT65WeQNJyM8zwaU2,2.612984,4.029512,3.26545
644700,a/7q4oLh2Ews+7tMcFv6xjLGU0sqCX+ac3IZN4vqWbExGrGnT65WeQNJyM8zwaU2,2.420876,24.652746,5.525804
645000,a/7q4oLh2Ews+7tMcFv6xjLGU0sqCX+ac3IZN4vqWbExGrGnT65WeQNJyM8zwaU2,2.5803599999999998,4.810264,3.469275
645300,a/7q4oLh2Ews+7tMcFv6xjLGU0sqCX+ac3IZN4vqWbExGrGnT65WeQNJyM8zwaU2,2.724941,4.570236,3.3457830000000004
645600,a/7q4oLh2Ews+7tMcFv6xjLGU0sqCX+ac3IZN4vqWbExGrGnT65WeQNJyM8zwaU2,2.611786,4.774988,3.4281669999999997
645900,a/7q4oLh2Ews+7tMcFv6xjLGU0sqCX+ac3IZN4vqWbExGrGnT65WeQNJyM8zwaU2,1.9507919999999999,5.122668,3.574147
646200,a/7q4oLh2Ews+7tMcFv6xjLGU0sqCX+ac3IZN4vqWbExGrGnT65WeQNJyM8zwaU2,2.686547,4.196922,3.338946
646500,a/7q4oLh2Ews+7tMcFv6xjLGU0sqCX+ac3IZN4vqWbExGrGnT65WeQNJyM8zwaU2,2.600865,4.667286,3.434073
646800,a/7q4oLh2Ews+7tMcFv6xjLGU0sqCX+ac3IZN4vqWbExGrGnT65WeQNJyM8zwaU2,2.631785,4.848435,3.3778010000000003
647100,a/7q4oLh2Ews+7tMcFv6xjLGU0sqCX+ac3IZN4vqWbExGrGnT65WeQNJyM8zwaU2,2.734284,4.334917,3.440022
647400,a/7q4oLh2Ews+7tMcFv6xjLGU0sqCX+ac3IZN4vqWbExGrGnT65WeQNJyM8zwaU2,2.108844,4.734543,3.3376580000000002
647700,a/7q4oLh2Ews+7tMcFv6xjLGU0sqCX+ac3IZN4vqWbExGrGnT65WeQNJyM8zwaU2,2.56265,4.928317,3.571505
648000,a/7q4oLh2Ews+7tMcFv6xjLGU0sqCX+ac3IZN4vqWbExGrGnT65WeQNJyM8zwaU2,2.3123150000000003,4.128668,3.196618
648300,a/7q4oLh2Ews+7tMcFv6xjLGU0sqCX+ac3IZN4vqWbExGrGnT65WeQNJyM8zwaU2,2.850839,14.390543,5.53903
648600,a/7q4oLh2Ews+7tMcFv6xjLGU0sqCX+ac3IZN4vqWbExGrGnT65WeQNJyM8zwaU2,2.272609,4.903045,3.5138059999999998
648900,a/7q4oLh2Ews+7tMcFv6xjLGU0sqCX+ac3IZN4vqWbExGrGnT65WeQNJyM8zwaU2,2.0948,4.095530999999999,3.2881139999999998
649200,a/7q4oLh2Ews+7tMcFv6xjLGU0sqCX+ac3IZN4vqWbExGrGnT65WeQNJyM8zwaU2,2.8463540000000003,4.398812,3.3189800000000003
649500,a/7q4oLh2Ews+7tMcFv6xjLGU0sqCX+ac3IZN4vqWbExGrGnT65WeQNJyM8zwaU2,2.3604689999999997,4.635864,3.539489
649800,a/7q4oLh2Ews+7tMcFv6xjLGU0sqCX+ac3IZN4vqWbExGrGnT65WeQNJyM8zwaU2,2.84761,3.8673370000000005,3.381465
650100,a/7q4oLh2Ews+7tMcFv6xjLGU0sqCX+ac3IZN4vqWbExGrGnT65WeQNJyM8zwaU2,2.44445,4.594595,3.4541730000000004
650400,a/7q4oLh2Ews+7tMcFv6xjLGU0sqCX+ac3IZN4vqWbExGrGnT65WeQNJyM8zwaU2,2.648254,4.66542,3.501664
650700,a/7q4oLh2Ews+7tMcFv6xjLGU0sqCX+ac3IZN4vqWbExGrGnT65WeQNJyM8zwaU2,2.6561169999999996,4.436993,3.4068050000000003
651000,a/7q4oLh2Ews+7tMcFv6xjLGU0sqCX+ac3IZN4vqWbExGrGnT65WeQNJyM8zwaU2,2.653994,4.356559,3.390832
651300,a/7q4oLh2Ews+7tMcFv6xjLGU0sqCX+ac3IZN4vqWbExGrGnT65WeQNJyM8zwaU2,2.8454599999999997,4.642666999999999,3.620187
651600,a/7q4oLh2Ews+7tMcFv6xjLGU0sqCX+ac3IZN4vqWbExGrGnT65WeQNJyM8zwaU2,2.7124330000000003,4.975728,3.556769
651900,a/7q4oLh2Ews+7tMcFv6xjLGU0sqCX+ac3IZN4vqWbExGrGnT65WeQNJyM8zwaU2,2.7433509999999997,23.980991,5.644356
652200,a/7q4oLh2Ews+7tMcFv6xjLGU0sqCX+ac3IZN4vqWbExGrGnT65WeQNJyM8zwaU2,2.605874,14.19522,4.5593010000000005
652500,a/7q4oLh2Ews+7tMcFv6xjLGU0sqCX+ac3IZN4vqWbExGrGnT65WeQNJyM8zwaU2,2.661692,4.274425,3.414108
652800,a/7q4oLh2Ews+7tMcFv6xjLGU0sqCX+ac3IZN4vqWbExGrGnT65WeQNJyM8zwaU2,2.408288,4.462707,3.300307
653100,a/7q4oLh2Ews+7tMcFv6xjLGU0sqCX+ac3IZN4vqWbExGrGnT65WeQNJyM8zwaU2,2.633985,4.840789,3.629668
653400,a/7q4oLh2Ews+7tMcFv6xjLGU0sqCX+ac3IZN4vqWbExGrGnT65WeQNJyM8zwaU2,2.296548,4.334516000000001,3.1737889999999997
653700,a/7q4oLh2Ews+7tMcFv6xjLGU0sqCX+ac3IZN4vqWbExGrGnT65WeQNJyM8zwaU2,2.701188,5.075794,3.496292
654000,a/7q4oLh2Ews+7tMcFv6xjLGU0sqCX+ac3IZN4vqWbExGrGnT65WeQNJyM8zwaU2,3.006184,4.86726,3.637115
654300,a/7q4oLh2Ews+7tMcFv6xjLGU0sqCX+ac3IZN4vqWbExGrGnT65WeQNJyM8zwaU2,2.735141,10.17586,4.110864
654600,a/7q4oLh2Ews+7tMcFv6xjLGU0sqCX+ac3IZN4vqWbExGrGnT65WeQNJyM8zwaU2,2.676542,4.555198000000001,3.397193
654900,a/7q4oLh2Ews+7tMcFv6xjLGU0sqCX+ac3IZN4vqWbExGrGnT65WeQNJyM8zwaU2,2.873335,10.975731,4.352666
655200,a/7q4oLh2Ews+7tMcFv6xjLGU0sqCX+ac3IZN4vqWbExGrGnT65WeQNJyM8zwaU2,2.610077,4.205075,3.300414
655500,a/7q4oLh2Ews+7tMcFv6xjLGU0sqCX+ac3IZN4vqWbExGrGnT65WeQNJyM8zwaU2,2.6164259999999997,23.906246,5.556877
655800,a/7q4oLh2Ews+7tMcFv6xjLGU0sqCX+ac3IZN4vqWbExGrGnT65WeQNJyM8zwaU2,2.730897,4.954209,3.5101949999999995
656100,a/7q4oLh2Ews+7tMcFv6xjLGU0sqCX+ac3IZN4vqWbExGrGnT65WeQNJyM8zwaU2,2.456297,4.459164,3.3052309999999996
656400,a/7q4oLh2Ews+7tMcFv6xjLGU0sqCX+ac3IZN4vqWbExGrGnT65WeQNJyM8zwaU2,2.643118,4.367001,3.3348709999999997
656700,a/7q4oLh2Ews+7tMcFv6xjLGU0sqCX+ac3IZN4vqWbExGrGnT65WeQNJyM8zwaU2,2.3810919999999998,5.100925,3.636114
657000,a/7q4oLh2Ews+7tMcFv6xjLGU0sqCX+ac3IZN4vqWbExGrGnT65WeQNJyM8zwaU2,2.6653729999999998,12.779562,4.20292
657300,a/7q4oLh2Ews+7tMcFv6xjLGU0sqCX+ac3IZN4vqWbExGrGnT65WeQNJyM8zwaU2,2.559604,5.008017,3.376117
657600,a/7q4oLh2Ews+7tMcFv6xjLGU0sqCX+ac3IZN4vqWbExGrGnT65WeQNJyM8zwaU2,2.7348630000000003,11.449608,4.207596
657900,a/7q4oLh2Ews+7tMcFv6xjLGU0sqCX+ac3IZN4vqWbExGrGnT65WeQNJyM8zwaU2,2.742291,4.309055,3.4812519999999996
658200,a/7q4oLh2Ews+7tMcFv6xjLGU0sqCX+ac3IZN4vqWbExGrGnT65WeQNJyM8zwaU2,2.202455,4.435701,3.318668
658500,a/7q4oLh2Ews+7tMcFv6xjLGU0sqCX+ac3IZN4vqWbExGrGnT65WeQNJyM8zwaU2,2.8034950000000003,4.896021,3.587503
658800,a/7q4oLh2Ews+7tMcFv6xjLGU0sqCX+ac3IZN4vqWbExGrGnT65WeQNJyM8zwaU2,2.224209,4.33655,3.295958
659100,a/7q4oLh2Ews+7tMcFv6xjLGU0sqCX+ac3IZN4vqWbExGrGnT65WeQNJyM8zwaU2,2.904496,13.793173999999999,5.658517
659400,a/7q4oLh2Ews+7tMcFv6xjLGU0sqCX+ac3IZN4vqWbExGrGnT65WeQNJyM8zwaU2,2.340861,5.043936,3.5011400000000004
659700,a/7q4oLh2Ews+7tMcFv6xjLGU0sqCX+ac3IZN4vqWbExGrGnT65WeQNJyM8zwaU2,2.673895,13.235188,4.449355000000001
660000,a/7q4oLh2Ews+7tMcFv6xjLGU0sqCX+ac3IZN4vqWbExGrGnT65WeQNJyM8zwaU2,2.564079,4.423738,3.3502110000000003
660300,a/7q4oLh2Ews+7tMcFv6xjLGU0sqCX+ac3IZN4vqWbExGrGnT65WeQNJyM8zwaU2,2.834625,11.092835,4.369168
660600,a/7q4oLh2Ews+7tMcFv6xjLGU0sqCX+ac3IZN4vqWbExGrGnT65WeQNJyM8zwaU2,2.809485,4.272286,3.4019999999999997
660900,a/7q4oLh2Ews+7tMcFv6xjLGU0sqCX+ac3IZN4vqWbExGrGnT65WeQNJyM8zwaU2,2.651425,4.758769999999999,3.4511529999999997
661200,a/7q4oLh2Ews+7tMcFv6xjLGU0sqCX+ac3IZN4vqWbExGrGnT65WeQNJyM8zwaU2,2.853625,4.558783,3.5846709999999997
661500,a/7q4oLh2Ews+7tMcFv6xjLGU0sqCX+ac3IZN4vqWbExGrGnT65WeQNJyM8zwaU2,2.643256,4.263057,3.3516730000000003
661800,a/7q4oLh2Ews+7tMcFv6xjLGU0sqCX+ac3IZN4vqWbExGrGnT65WeQNJyM8zwaU2,2.6487439999999998,4.104238,3.403053
662100,a/7q4oLh2Ews+7tMcFv6xjLGU0sqCX+ac3IZN4vqWbExGrGnT65WeQNJyM8zwaU2,2.30976,4.188046,3.516436
662400,a/7q4oLh2Ews+7tMcFv6xjLGU0sqCX+ac3IZN4vqWbExGrGnT65WeQNJyM8zwaU2,2.631957,9.973884,4.131328
662700,a/7q4oLh2Ews+7tMcFv6xjLGU0sqCX+ac3IZN4vqWbExGrGnT65WeQNJyM8zwaU2,2.831925,24.336559,5.651307
663000,a/7q4oLh2Ews+7tMcFv6xjLGU0sqCX+ac3IZN4vqWbExGrGnT65WeQNJyM8zwaU2,2.461898,4.2478169999999995,3.411914
663300,a/7q4oLh2Ews+7tMcFv6xjLGU0sqCX+ac3IZN4vqWbExGrGnT65WeQNJyM8zwaU2,2.806837,4.62327,3.574646
663600,a/7q4oLh2Ews+7tMcFv6xjLGU0sqCX+ac3IZN4vqWbExGrGnT65WeQNJyM8zwaU2,2.524635,4.544446,3.382404
663900,a/7q4oLh2Ews+7tMcFv6xjLGU0sqCX+ac3IZN4vqWbExGrGnT65WeQNJyM8zwaU2,2.827353,6.78224,3.8616870000000003
664200,a/7q4oLh2Ews+7tMcFv6xjLGU0sqCX+ac3IZN4vqWbExGrGnT65WeQNJyM8zwaU2,2.796092,4.815532,3.4725599999999996
664500,a/7q4oLh2Ews+7tMcFv6xjLGU0sqCX+ac3IZN4vqWbExGrGnT65WeQNJyM8zwaU2,2.6391139999999997,4.600149,3.3906059999999996
664800,a/7q4oLh2Ews+7tMcFv6xjLGU0sqCX+ac3IZN4vqWbExGrGnT65WeQNJyM8zwaU2,2.588477,4.291507,3.434861
665100,a/7q4oLh2Ews+7tMcFv6xjLGU0sqCX+ac3IZN4vqWbExGrGnT65WeQNJyM8zwaU2,2.6646959999999997,4.69867,3.332178
665400,a/7q4oLh2Ews+7tMcFv6xjLGU0sqCX+ac3IZN4vqWbExGrGnT65WeQNJyM8zwaU2,2.657886,4.7394419999999995,3.382821
665700,a/7q4oLh2Ews+7tMcFv6xjLGU0sqCX+ac3IZN4vqWbExGrGnT65WeQNJyM8zwaU2,2.266331,4.267692,3.489604
666000,a/7q4oLh2Ews+7tMcFv6xjLGU0sqCX+ac3IZN4vqWbExGrGnT65WeQNJyM8zwaU2,2.655655,4.724255,3.448168
666300,a/7q4oLh2Ews+7tMcFv6xjLGU0sqCX+ac3IZN4vqWbExGrGnT65WeQNJyM8zwaU2,2.4452979999999997,24.215452,5.58127
666600,a/7q4oLh2Ews+7tMcFv6xjLGU0sqCX+ac3IZN4vqWbExGrGnT65WeQNJyM8zwaU2,2.705143,4.072669,3.445043
666900,a/7q4oLh2Ews+7tMcFv6xjLGU0sqCX+ac3IZN4vqWbExGrGnT65WeQNJyM8zwaU2,2.937996,4.945857,3.731286
667200,a/7q4oLh2Ews+7tMcFv6xjLGU0sqCX+ac3IZN4vqWbExGrGnT65WeQNJyM8zwaU2,2.7484330000000003,4.785919,3.585886
667500,a/7q4oLh2Ews+7tMcFv6xjLGU0sqCX+ac3IZN4vqWbExGrGnT65WeQNJyM8zwaU2,2.748781,4.466704,3.667986
667800,a/7q4oLh2Ews+7tMcFv6xjLGU0sqCX+ac3IZN4vqWbExGrGnT65WeQNJyM8zwaU2,2.874271,8.232516,4.050656
668100,a/7q4oLh2Ews+7tMcFv6xjLGU0sqCX+ac3IZN4vqWbExGrGnT65WeQNJyM8zwaU2,2.590419,4.68697,3.5424800000000003
668400,a/7q4oLh2Ews+7tMcFv6xjLGU0sqCX+ac3IZN4vqWbExGrGnT65WeQNJyM8zwaU2,2.5506580000000003,4.379618,3.565863
668700,a/7q4oLh2Ews+7tMcFv6xjLGU0sqCX+ac3IZN4vqWbExGrGnT65WeQNJyM8zwaU2,3.0403189999999998,4.782775,3.756555
669000,a/7q4oLh2Ews+7tMcFv6xjLGU0sqCX+ac3IZN4vqWbExGrGnT65WeQNJyM8zwaU2,2.466342,4.760104,3.5805269999999996
669300,a/7q4oLh2Ews+7tMcFv6xjLGU0sqCX+ac3IZN4vqWbExGrGnT65WeQNJyM8zwaU2,2.574351,4.9586239999999995,3.7755089999999996
669600,a/7q4oLh2Ews+7tMcFv6xjLGU0sqCX+ac3IZN4vqWbExGrGnT65WeQNJyM8zwaU2,2.3231610000000003,33.877918,8.348472000000001
669900,a/7q4oLh2Ews+7tMcFv6xjLGU0sqCX+ac3IZN4vqWbExGrGnT65WeQNJyM8zwaU2,2.595871,17.102532999999998,5.710466
670200,a/7q4oLh2Ews+7tMcFv6xjLGU0sqCX+ac3IZN4vqWbExGrGnT65WeQNJyM8zwaU2,2.583297,4.262899,3.464369
670500,a/7q4oLh2Ews+7tMcFv6xjLGU0sqCX+ac3IZN4vqWbExGrGnT65WeQNJyM8zwaU2,2.1405369999999997,4.592594,3.315635
670800,a/7q4oLh2Ews+7tMcFv6xjLGU0sqCX+ac3IZN4vqWbExGrGnT65WeQNJyM8zwaU2,2.509474,4.47012,3.441172
671100,a/7q4oLh2Ews+7tMcFv6xjLGU0sqCX+ac3IZN4vqWbExGrGnT65WeQNJyM8zwaU2,2.624832,4.545527,3.623593
671400,a/7q4oLh2Ews+7tMcFv6xjLGU0sqCX+ac3IZN4vqWbExGrGnT65WeQNJyM8zwaU2,2.641207,4.946609,3.5235230000000004
671700,a/7q4oLh2Ews+7tMcFv6xjLGU0sqCX+ac3IZN4vqWbExGrGnT65WeQNJyM8zwaU2,2.431515,4.500033,3.4071620000000005
672000,a/7q4oLh2Ews+7tMcFv6xjLGU0sqCX+ac3IZN4vqWbExGrGnT65WeQNJyM8zwaU2,2.547272,4.318217,3.409104
672300,a/7q4oLh2Ews+7tMcFv6xjLGU0sqCX+ac3IZN4vqWbExGrGnT65WeQNJyM8zwaU2,2.42802,4.64636,3.475768
672600,a/7q4oLh2Ews+7tMcFv6xjLGU0sqCX+ac3IZN4vqWbExGrGnT65WeQNJyM8zwaU2,2.557571,4.57567,3.3352129999999995
672900,a/7q4oLh2Ews+7tMcFv6xjLGU0sqCX+ac3IZN4vqWbExGrGnT65WeQNJyM8zwaU2,2.458988,4.210141999999999,3.459778
673200,a/7q4oLh2Ews+7tMcFv6xjLGU0sqCX+ac3IZN4vqWbExGrGnT65WeQNJyM8zwaU2,2.611389,4.9422,3.2917620000000003
673500,a/7q4oLh2Ews+7tMcFv6xjLGU0sqCX+ac3IZN4vqWbExGrGnT65WeQNJyM8zwaU2,2.519367,24.373039000000002,5.544414
673800,a/7q4oLh2Ews+7tMcFv6xjLGU0sqCX+ac3IZN4vqWbExGrGnT65WeQNJyM8zwaU2,2.580611,4.275742,3.381118
674100,a/7q4oLh2Ews+7tMcFv6xjLGU0sqCX+ac3IZN4vqWbExGrGnT65WeQNJyM8zwaU2,2.849049,4.840018,3.6455660000000005
674400,a/7q4oLh2Ews+7tMcFv6xjLGU0sqCX+ac3IZN4vqWbExGrGnT65WeQNJyM8zwaU2,2.351435,5.499629,3.424784
674700,a/7q4oLh2Ews+7tMcFv6xjLGU0sqCX+ac3IZN4vqWbExGrGnT65WeQNJyM8zwaU2,2.696539,4.848977,3.6297
675000,a/7q4oLh2Ews+7tMcFv6xjLGU0sqCX+ac3IZN4vqWbExGrGnT65WeQNJyM8zwaU2,2.702414,4.758496,3.5087660000000005
675300,a/7q4oLh2Ews+7tMcFv6xjLGU0sqCX+ac3IZN4vqWbExGrGnT65WeQNJyM8zwaU2,2.629327,5.548321,3.5486699999999995
675600,a/7q4oLh2Ews+7tMcFv6xjLGU0sqCX+ac3IZN4vqWbExGrGnT65WeQNJyM8zwaU2,2.62462,5.079617,3.697088
675900,a/7q4oLh2Ews+7tMcFv6xjLGU0sqCX+ac3IZN4vqWbExGrGnT65WeQNJyM8zwaU2,2.2964,5.279903,3.4008239999999996
676200,a/7q4oLh2Ews+7tMcFv6xjLGU0sqCX+ac3IZN4vqWbExGrGnT65WeQNJyM8zwaU2,2.613432,5.335801999999999,3.5093389999999998
676500,a/7q4oLh2Ews+7tMcFv6xjLGU0sqCX+ac3IZN4vqWbExGrGnT65WeQNJyM8zwaU2,2.592907,4.6354690000000005,3.579775
676800,a/7q4oLh2Ews+7tMcFv6xjLGU0sqCX+ac3IZN4vqWbExGrGnT65WeQNJyM8zwaU2,2.6995,4.912052,3.531229
677100,a/7q4oLh2Ews+7tMcFv6xjLGU0sqCX+ac3IZN4vqWbExGrGnT65WeQNJyM8zwaU2,2.1058209999999997,5.443312000000001,3.434514
677400,a/7q4oLh2Ews+7tMcFv6xjLGU0sqCX+ac3IZN4vqWbExGrGnT65WeQNJyM8zwaU2,2.601466,4.6147849999999995,3.5186550000000003
677700,a/7q4oLh2Ews+7tMcFv6xjLGU0sqCX+ac3IZN4vqWbExGrGnT65WeQNJyM8zwaU2,1.8424180000000001,5.677157,3.489918
678000,a/7q4oLh2Ews+7tMcFv6xjLGU0sqCX+ac3IZN4vqWbExGrGnT65WeQNJyM8zwaU2,2.576546,5.464683,3.431015
678300,a/7q4oLh2Ews+7tMcFv6xjLGU0sqCX+ac3IZN4vqWbExGrGnT65WeQNJyM8zwaU2,2.701609,7.672258,3.923519
678600,a/7q4oLh2Ews+7tMcFv6xjLGU0sqCX+ac3IZN4vqWbExGrGnT65WeQNJyM8zwaU2,2.769082,4.672535,3.3319360000000002
678900,a/7q4oLh2Ews+7tMcFv6xjLGU0sqCX+ac3IZN4vqWbExGrGnT65WeQNJyM8zwaU2,2.747881,5.075101,3.4792440000000004
679200,a/7q4oLh2Ews+7tMcFv6xjLGU0sqCX+ac3IZN4vqWbExGrGnT65WeQNJyM8zwaU2,2.168841,4.426572,3.412417
679500,a/7q4oLh2Ews+7tMcFv6xjLGU0sqCX+ac3IZN4vqWbExGrGnT65WeQNJyM8zwaU2,2.6457900000000003,5.352688,3.514451
679800,a/7q4oLh2Ews+7tMcFv6xjLGU0sqCX+ac3IZN4vqWbExGrGnT65WeQNJyM8zwaU2,2.454254,5.120133999999999,3.3536309999999996
680100,a/7q4oLh2Ews+7tMcFv6xjLGU0sqCX+ac3IZN4vqWbExGrGnT65WeQNJyM8zwaU2,2.659879,4.399493,3.5033849999999997
680400,a/7q4oLh2Ews+7tMcFv6xjLGU0sqCX+ac3IZN4vqWbExGrGnT65WeQNJyM8zwaU2,2.889408,4.789756,3.4868949999999996
680700,a/7q4oLh2Ews+7tMcFv6xjLGU0sqCX+ac3IZN4vqWbExGrGnT65WeQNJyM8zwaU2,2.6726669999999997,19.511563,5.594939
681000,a/7q4oLh2Ews+7tMcFv6xjLGU0sqCX+ac3IZN4vqWbExGrGnT65WeQNJyM8zwaU2,2.576527,4.701079,3.5648050000000002
681300,a/7q4oLh2Ews+7tMcFv6xjLGU0sqCX+ac3IZN4vqWbExGrGnT65WeQNJyM8zwaU2,2.872614,9.176262,4.058892
681600,a/7q4oLh2Ews+7tMcFv6xjLGU0sqCX+ac3IZN4vqWbExGrGnT65WeQNJyM8zwaU2,2.535371,4.677912999999999,3.3564510000000003
681900,a/7q4oLh2Ews+7tMcFv6xjLGU0sqCX+ac3IZN4vqWbExGrGnT65WeQNJyM8zwaU2,2.9915580000000004,4.490857,3.604806
682200,a/7q4oLh2Ews+7tMcFv6xjLGU0sqCX+ac3IZN4vqWbExGrGnT65WeQNJyM8zwaU2,2.891563,13.821325,4.548546
682500,a/7q4oLh2Ews+7tMcFv6xjLGU0sqCX+ac3IZN4vqWbExGrGnT65WeQNJyM8zwaU2,2.639478,80.305157,11.506819
682800,a/7q4oLh2Ews+7tMcFv6xjLGU0sqCX+ac3IZN4vqWbExGrGnT65WeQNJyM8zwaU2,2.975704,5.612647,3.77296
683100,a/7q4oLh2Ews+7tMcFv6xjLGU0sqCX+ac3IZN4vqWbExGrGnT65WeQNJyM8zwaU2,3.160432,5.322742,3.7268769999999996
683400,a/7q4oLh2Ews+7tMcFv6xjLGU0sqCX+ac3IZN4vqWbExGrGnT65WeQNJyM8zwaU2,3.058904,5.563909,3.837507
683700,a/7q4oLh2Ews+7tMcFv6xjLGU0sqCX+ac3IZN4vqWbExGrGnT65WeQNJyM8zwaU2,2.763087,5.227787999999999,3.7891779999999997
684000,a/7q4oLh2Ews+7tMcFv6xjLGU0sqCX+ac3IZN4vqWbExGrGnT65WeQNJyM8zwaU2,2.224487,4.798472,3.392589
684300,a/7q4oLh2Ews+7tMcFv6xjLGU0sqCX+ac3IZN4vqWbExGrGnT65WeQNJyM8zwaU2,2.5754490000000003,24.894296,5.611301
684600,a/7q4oLh2Ews+7tMcFv6xjLGU0sqCX+ac3IZN4vqWbExGrGnT65WeQNJyM8zwaU2,2.933383,4.441248000000001,3.4644660000000003
684900,a/7q4oLh2Ews+7tMcFv6xjLGU0sqCX+ac3IZN4vqWbExGrGnT65WeQNJyM8zwaU2,2.96625,5.114407,3.537874
685200,a/7q4oLh2Ews+7tMcFv6xjLGU0sqCX+ac3IZN4vqWbExGrGnT65WeQNJyM8zwaU2,2.673168,4.225065,3.265745
685500,a/7q4oLh2Ews+7tMcFv6xjLGU0sqCX+ac3IZN4vqWbExGrGnT65WeQNJyM8zwaU2,2.7126759999999996,4.647568,3.615707
685800,a/7q4oLh2Ews+7tMcFv6xjLGU0sqCX+ac3IZN4vqWbExGrGnT65WeQNJyM8zwaU2,2.9191130000000003,4.335889,3.491547
686100,a/7q4oLh2Ews+7tMcFv6xjLGU0sqCX+ac3IZN4vqWbExGrGnT65WeQNJyM8zwaU2,2.843107,3.758364,3.3727489999999998
686400,a/7q4oLh2Ews+7tMcFv6xjLGU0sqCX+ac3IZN4vqWbExGrGnT65WeQNJyM8zwaU2,2.783436,5.618295,3.503749
686700,a/7q4oLh2Ews+7tMcFv6xjLGU0sqCX+ac3IZN4vqWbExGrGnT65WeQNJyM8zwaU2,2.795762,4.644804,3.418905
687000,a/7q4oLh2Ews+7tMcFv6xjLGU0sqCX+ac3IZN4vqWbExGrGnT65WeQNJyM8zwaU2,2.5834349999999997,5.59342,3.389595
687300,a/7q4oLh2Ews+7tMcFv6xjLGU0sqCX+ac3IZN4vqWbExGrGnT65WeQNJyM8zwaU2,2.935834,5.658383000000001,3.7305599999999997
687600,a/7q4oLh2Ews+7tMcFv6xjLGU0sqCX+ac3IZN4vqWbExGrGnT65WeQNJyM8zwaU2,2.83334,28.777690000000003,8.059899
687900,a/7q4oLh2Ews+7tMcFv6xjLGU0sqCX+ac3IZN4vqWbExGrGnT65WeQNJyM8zwaU2,1.983685,26.634251000000003,5.617342
688200,a/7q4oLh2Ews+7tMcFv6xjLGU0sqCX+ac3IZN4vqWbExGrGnT65WeQNJyM8zwaU2,2.654963,5.4964,3.6113459999999997
688500,a/7q4oLh2Ews+7tMcFv6xjLGU0sqCX+ac3IZN4vqWbExGrGnT65WeQNJyM8zwaU2,2.746912,4.942157,3.654772
688800,a/7q4oLh2Ews+7tMcFv6xjLGU0sqCX+ac3IZN4vqWbExGrGnT65WeQNJyM8zwaU2,2.747005,4.426508,3.4811370000000004
689100,a/7q4oLh2Ews+7tMcFv6xjLGU0sqCX+ac3IZN4vqWbExGrGnT65WeQNJyM8zwaU2,2.3208330000000004,5.867541,3.554982
689400,a/7q4oLh2Ews+7tMcFv6xjLGU0sqCX+ac3IZN4vqWbExGrGnT65WeQNJyM8zwaU2,2.483869,4.830474,3.572049
689700,a/7q4oLh2Ews+7tMcFv6xjLGU0sqCX+ac3IZN4vqWbExGrGnT65WeQNJyM8zwaU2,2.794881,4.32241,3.527456
690000,a/7q4oLh2Ews+7tMcFv6xjLGU0sqCX+ac3IZN4vqWbExGrGnT65WeQNJyM8zwaU2,2.9016450000000003,5.674228,3.6954550000000004
690300,a/7q4oLh2Ews+7tMcFv6xjLGU0sqCX+ac3IZN4vqWbExGrGnT65WeQNJyM8zwaU2,2.9351119999999997,4.879583,3.7038599999999997
690600,a/7q4oLh2Ews+7tMcFv6xjLGU0sqCX+ac3IZN4vqWbExGrGnT65WeQNJyM8zwaU2,3.050885,4.266719,3.437664
690900,a/7q4oLh2Ews+7tMcFv6xjLGU0sqCX+ac3IZN4vqWbExGrGnT65WeQNJyM8zwaU2,2.700375,5.657539,3.7193419999999997
