timestamp,vm_id,min_cpu,avg_cpu,max_cpu
0,a/8GO8/ZUUTDICfLnP1TDAMR9AZchL9MW+VVrdWuAldBlNN1XjDnHdN4wV76ezxt,1.303164,2.979679,2.0171639999999997
300,a/8GO8/ZUUTDICfLnP1TDAMR9AZchL9MW+VVrdWuAldBlNN1XjDnHdN4wV76ezxt,1.278149,3.510264,2.143989
600,a/8GO8/ZUUTDICfLnP1TDAMR9AZchL9MW+VVrdWuAldBlNN1XjDnHdN4wV76ezxt,0.8789399999999999,4.371797,2.081509
900,a/8GO8/ZUUTDICfLnP1TDAMR9AZchL9MW+VVrdWuAldBlNN1XjDnHdN4wV76ezxt,1.54014,3.248852,2.088191
1200,a/8GO8/ZUUTDICfLnP1TDAMR9AZchL9MW+VVrdWuAldBlNN1XjDnHdN4wV76ezxt,0.73118,5.602619,2.270061
1500,a/8GO8/ZUUTDICfLnP1TDAMR9AZchL9MW+VVrdWuAldBlNN1XjDnHdN4wV76ezxt,1.5536159999999999,2.77312,2.049972
1800,a/8GO8/ZUUTDICfLnP1TDAMR9AZchL9MW+VVrdWuAldBlNN1XjDnHdN4wV76ezxt,1.3614190000000002,3.643518,2.172032
2100,a/8GO8/ZUUTDICfLnP1TDAMR9AZchL9MW+VVrdWuAldBlNN1XjDnHdN4wV76ezxt,1.358084,3.102698,2.03671
2400,a/8GO8/ZUUTDICfLnP1TDAMR9AZchL9MW+VVrdWuAldBlNN1XjDnHdN4wV76ezxt,0.640317,3.547129,2.0124880000000003
2700,a/8GO8/ZUUTDICfLnP1TDAMR9AZchL9MW+VVrdWuAldBlNN1XjDnHdN4wV76ezxt,0.718115,3.8239129999999997,2.120175
3000,a/8GO8/ZUUTDICfLnP1TDAMR9AZchL9MW+VVrdWuAldBlNN1XjDnHdN4wV76ezxt,1.250947,2.7795099999999997,2.001962
3300,a/8GO8/ZUUTDICfLnP1TDAMR9AZchL9MW+VVrdWuAldBlNN1XjDnHdN4wV76ezxt,0.594134,2.72743,1.9577419999999999
3600,a/8GO8/ZUUTDICfLnP1TDAMR9AZchL9MW+VVrdWuAldBlNN1XjDnHdN4wV76ezxt,1.331258,5.2312330000000005,2.319041
3900,a/8GO8/ZUUTDICfLnP1TDAMR9AZchL9MW+VVrdWuAldBlNN1XjDnHdN4wV76ezxt,1.3453469999999998,2.9717729999999998,2.005144
4200,a/8GO8/ZUUTDICfLnP1TDAMR9AZchL9MW+VVrdWuAldBlNN1XjDnHdN4wV76ezxt,1.33456,2.685725,2.007989
4500,a/8GO8/ZUUTDICfLnP1TDAMR9AZchL9MW+VVrdWuAldBlNN1XjDnHdN4wV76ezxt,1.43583,3.289304,2.016407
4800,a/8GO8/ZUUTDICfLnP1TDAMR9AZchL9MW+VVrdWuAldBlNN1XjDnHdN4wV76ezxt,1.691782,3.3402309999999997,2.3541540000000003
5100,a/8GO8/ZUUTDICfLnP1TDAMR9AZchL9MW+VVrdWuAldBlNN1XjDnHdN4wV76ezxt,0.7432380000000001,3.518811,2.097787
5400,a/8GO8/ZUUTDICfLnP1TDAMR9AZchL9MW+VVrdWuAldBlNN1XjDnHdN4wV76ezxt,0.706549,3.4787660000000002,2.096007
5700,a/8GO8/ZUUTDICfLnP1TDAMR9AZchL9MW+VVrdWuAldBlNN1XjDnHdN4wV76ezxt,1.369215,2.886125,2.0098380000000002
6000,a/8GO8/ZUUTDICfLnP1TDAMR9AZchL9MW+VVrdWuAldBlNN1XjDnHdN4wV76ezxt,1.345711,3.3926480000000003,2.034837
6300,a/8GO8/ZUUTDICfLnP1TDAMR9AZchL9MW+VVrdWuAldBlNN1XjDnHdN4wV76ezxt,1.4418229999999999,2.961645,2.137648
6600,a/8GO8/ZUUTDICfLnP1TDAMR9AZchL9MW+VVrdWuAldBlNN1XjDnHdN4wV76ezxt,1.4701819999999999,3.407798,2.250983
6900,a/8GO8/ZUUTDICfLnP1TDAMR9AZchL9MW+VVrdWuAldBlNN1XjDnHdN4wV76ezxt,1.4181350000000001,2.712265,1.9687130000000002
7200,a/8GO8/ZUUTDICfLnP1TDAMR9AZchL9MW+VVrdWuAldBlNN1XjDnHdN4wV76ezxt,0.689761,3.027596,1.919845
7500,a/8GO8/ZUUTDICfLnP1TDAMR9AZchL9MW+VVrdWuAldBlNN1XjDnHdN4wV76ezxt,1.370419,3.6538589999999997,2.268312
7800,a/8GO8/ZUUTDICfLnP1TDAMR9AZchL9MW+VVrdWuAldBlNN1XjDnHdN4wV76ezxt,1.074605,2.653125,1.915617
8100,a/8GO8/ZUUTDICfLnP1TDAMR9AZchL9MW+VVrdWuAldBlNN1XjDnHdN4wV76ezxt,1.380097,2.939782,1.9977340000000001
8400,a/8GO8/ZUUTDICfLnP1TDAMR9AZchL9MW+VVrdWuAldBlNN1XjDnHdN4wV76ezxt,1.423706,3.522882,2.318432
8700,a/8GO8/ZUUTDICfLnP1TDAMR9AZchL9MW+VVrdWuAldBlNN1XjDnHdN4wV76ezxt,1.288147,3.6946769999999995,2.082086
9000,a/8GO8/ZUUTDICfLnP1TDAMR9AZchL9MW+VVrdWuAldBlNN1XjDnHdN4wV76ezxt,1.3805450000000001,3.113354,2.048701
9300,a/8GO8/ZUUTDICfLnP1TDAMR9AZchL9MW+VVrdWuAldBlNN1XjDnHdN4wV76ezxt,1.463927,4.828962000000001,2.277988
9600,a/8GO8/ZUUTDICfLnP1TDAMR9AZchL9MW+VVrdWuAldBlNN1XjDnHdN4wV76ezxt,1.357931,2.7493790000000002,1.9640240000000002
9900,a/8GO8/ZUUTDICfLnP1TDAMR9AZchL9MW+VVrdWuAldBlNN1XjDnHdN4wV76ezxt,1.105933,3.3344730000000005,2.022907
10200,a/8GO8/ZUUTDICfLnP1TDAMR9AZchL9MW+VVrdWuAldBlNN1XjDnHdN4wV76ezxt,1.309849,2.824624,2.057126
10500,a/8GO8/ZUUTDICfLnP1TDAMR9AZchL9MW+VVrdWuAldBlNN1XjDnHdN4wV76ezxt,1.22783,3.790667,2.195347
10800,a/8GO8/ZUUTDICfLnP1TDAMR9AZchL9MW+VVrdWuAldBlNN1XjDnHdN4wV76ezxt,0.743454,2.982027,1.984709
11100,a/8GO8/ZUUTDICfLnP1TDAMR9AZchL9MW+VVrdWuAldBlNN1XjDnHdN4wV76ezxt,1.376449,3.095389,2.035212
11400,a/8GO8/ZUUTDICfLnP1TDAMR9AZchL9MW+VVrdWuAldBlNN1XjDnHdN4wV76ezxt,1.3454,3.990188,2.1637150000000003
11700,a/8GO8/ZUUTDICfLnP1TDAMR9AZchL9MW+VVrdWuAldBlNN1XjDnHdN4wV76ezxt,1.413925,3.5751699999999995,2.2202509999999998
12000,a/8GO8/ZUUTDICfLnP1TDAMR9AZchL9MW+VVrdWuAldBlNN1XjDnHdN4wV76ezxt,1.342395,3.055798,2.0321119999999997
12300,a/8GO8/ZUUTDICfLnP1TDAMR9AZchL9MW+VVrdWuAldBlNN1XjDnHdN4wV76ezxt,1.197225,3.822421,2.150016
12600,a/8GO8/ZUUTDICfLnP1TDAMR9AZchL9MW+VVrdWuAldBlNN1XjDnHdN4wV76ezxt,0.805343,3.7063040000000003,2.0725130000000003
12900,a/8GO8/ZUUTDICfLnP1TDAMR9AZchL9MW+VVrdWuAldBlNN1XjDnHdN4wV76ezxt,1.302975,2.897647,1.9725560000000002
13200,a/8GO8/ZUUTDICfLnP1TDAMR9AZchL9MW+VVrdWuAldBlNN1XjDnHdN4wV76ezxt,1.022621,2.410672,1.9209450000000001
13500,a/8GO8/ZUUTDICfLnP1TDAMR9AZchL9MW+VVrdWuAldBlNN1XjDnHdN4wV76ezxt,1.275073,3.897336,2.179368
13800,a/8GO8/ZUUTDICfLnP1TDAMR9AZchL9MW+VVrdWuAldBlNN1XjDnHdN4wV76ezxt,1.383037,3.653056,2.097108
14100,a/8GO8/ZUUTDICfLnP1TDAMR9AZchL9MW+VVrdWuAldBlNN1XjDnHdN4wV76ezxt,0.622328,2.9552560000000003,1.9720400000000002
14400,a/8GO8/ZUUTDICfLnP1TDAMR9AZchL9MW+VVrdWuAldBlNN1XjDnHdN4wV76ezxt,1.4502540000000002,3.6477769999999996,2.190645
14700,a/8GO8/ZUUTDICfLnP1TDAMR9AZchL9MW+VVrdWuAldBlNN1XjDnHdN4wV76ezxt,0.533619,2.7558979999999997,1.9139549999999999
15000,a/8GO8/ZUUTDICfLnP1TDAMR9AZchL9MW+VVrdWuAldBlNN1XjDnHdN4wV76ezxt,1.462536,3.264432,2.1701580000000003
15300,a/8GO8/ZUUTDICfLnP1TDAMR9AZchL9MW+VVrdWuAldBlNN1XjDnHdN4wV76ezxt,0.996807,2.876462,1.9863819999999999
15600,a/8GO8/ZUUTDICfLnP1TDAMR9AZchL9MW+VVrdWuAldBlNN1XjDnHdN4wV76ezxt,1.395787,3.6240980000000005,2.136191
15900,a/8GO8/ZUUTDICfLnP1TDAMR9AZchL9MW+VVrdWuAldBlNN1XjDnHdN4wV76ezxt,0.919041,2.739008,1.95938
16200,a/8GO8/ZUUTDICfLnP1TDAMR9AZchL9MW+VVrdWuAldBlNN1XjDnHdN4wV76ezxt,0.736056,17.086907,3.4303510000000004
16500,a/8GO8/ZUUTDICfLnP1TDAMR9AZchL9MW+VVrdWuAldBlNN1XjDnHdN4wV76ezxt,1.277764,8.326022,2.4222740000000003
16800,a/8GO8/ZUUTDICfLnP1TDAMR9AZchL9MW+VVrdWuAldBlNN1XjDnHdN4wV76ezxt,0.5561649999999999,3.8872190000000004,2.070821
17100,a/8GO8/ZUUTDICfLnP1TDAMR9AZchL9MW+VVrdWuAldBlNN1XjDnHdN4wV76ezxt,1.275074,2.74523,2.048103
17400,a/8GO8/ZUUTDICfLnP1TDAMR9AZchL9MW+VVrdWuAldBlNN1XjDnHdN4wV76ezxt,1.274006,2.76905,1.901947
17700,a/8GO8/ZUUTDICfLnP1TDAMR9AZchL9MW+VVrdWuAldBlNN1XjDnHdN4wV76ezxt,1.368235,3.9241800000000002,2.3169020000000002
18000,a/8GO8/ZUUTDICfLnP1TDAMR9AZchL9MW+VVrdWuAldBlNN1XjDnHdN4wV76ezxt,1.359477,2.754909,2.026439
18300,a/8GO8/ZUUTDICfLnP1TDAMR9AZchL9MW+VVrdWuAldBlNN1XjDnHdN4wV76ezxt,1.184585,2.7437169999999997,1.977143
18600,a/8GO8/ZUUTDICfLnP1TDAMR9AZchL9MW+VVrdWuAldBlNN1XjDnHdN4wV76ezxt,0.754516,3.7561910000000003,2.004209
18900,a/8GO8/ZUUTDICfLnP1TDAMR9AZchL9MW+VVrdWuAldBlNN1XjDnHdN4wV76ezxt,0.808099,6.133387,2.234196
19200,a/8GO8/ZUUTDICfLnP1TDAMR9AZchL9MW+VVrdWuAldBlNN1XjDnHdN4wV76ezxt,1.35369,2.663913,1.9825080000000002
19500,a/8GO8/ZUUTDICfLnP1TDAMR9AZchL9MW+VVrdWuAldBlNN1XjDnHdN4wV76ezxt,1.188388,2.785671,2.0195939999999997
19800,a/8GO8/ZUUTDICfLnP1TDAMR9AZchL9MW+VVrdWuAldBlNN1XjDnHdN4wV76ezxt,1.555379,7.020463,2.5116680000000002
20100,a/8GO8/ZUUTDICfLnP1TDAMR9AZchL9MW+VVrdWuAldBlNN1XjDnHdN4wV76ezxt,1.0586799999999998,4.016284,2.0598650000000003
20400,a/8GO8/ZUUTDICfLnP1TDAMR9AZchL9MW+VVrdWuAldBlNN1XjDnHdN4wV76ezxt,1.281663,2.715389,2.05544
20700,a/8GO8/ZUUTDICfLnP1TDAMR9AZchL9MW+VVrdWuAldBlNN1XjDnHdN4wV76ezxt,0.9106190000000001,3.774968,2.2792380000000003
21000,a/8GO8/ZUUTDICfLnP1TDAMR9AZchL9MW+VVrdWuAldBlNN1XjDnHdN4wV76ezxt,1.570327,2.627037,2.011796
21300,a/8GO8/ZUUTDICfLnP1TDAMR9AZchL9MW+VVrdWuAldBlNN1XjDnHdN4wV76ezxt,0.9880129999999999,2.4043400000000004,1.9076009999999999
21600,a/8GO8/ZUUTDICfLnP1TDAMR9AZchL9MW+VVrdWuAldBlNN1XjDnHdN4wV76ezxt,1.200907,5.440537,2.310212
21900,a/8GO8/ZUUTDICfLnP1TDAMR9AZchL9MW+VVrdWuAldBlNN1XjDnHdN4wV76ezxt,1.306347,2.977302,1.9978080000000003
22200,a/8GO8/ZUUTDICfLnP1TDAMR9AZchL9MW+VVrdWuAldBlNN1XjDnHdN4wV76ezxt,0.9324950000000001,3.8995599999999997,2.107239
22500,a/8GO8/ZUUTDICfLnP1TDAMR9AZchL9MW+VVrdWuAldBlNN1XjDnHdN4wV76ezxt,1.380717,2.57539,2.063096
22800,a/8GO8/ZUUTDICfLnP1TDAMR9AZchL9MW+VVrdWuAldBlNN1XjDnHdN4wV76ezxt,1.09397,3.801964,2.06104
23100,a/8GO8/ZUUTDICfLnP1TDAMR9AZchL9MW+VVrdWuAldBlNN1XjDnHdN4wV76ezxt,1.6549150000000001,3.511979,2.216059
23400,a/8GO8/ZUUTDICfLnP1TDAMR9AZchL9MW+VVrdWuAldBlNN1XjDnHdN4wV76ezxt,1.572095,2.719519,2.072364
23700,a/8GO8/ZUUTDICfLnP1TDAMR9AZchL9MW+VVrdWuAldBlNN1XjDnHdN4wV76ezxt,1.472601,3.874418,2.168028
24000,a/8GO8/ZUUTDICfLnP1TDAMR9AZchL9MW+VVrdWuAldBlNN1XjDnHdN4wV76ezxt,1.035855,2.474454,1.8945150000000002
24300,a/8GO8/ZUUTDICfLnP1TDAMR9AZchL9MW+VVrdWuAldBlNN1XjDnHdN4wV76ezxt,0.916442,3.7197,2.136618
24600,a/8GO8/ZUUTDICfLnP1TDAMR9AZchL9MW+VVrdWuAldBlNN1XjDnHdN4wV76ezxt,1.3931440000000002,5.886553,2.2556540000000003
24900,a/8GO8/ZUUTDICfLnP1TDAMR9AZchL9MW+VVrdWuAldBlNN1XjDnHdN4wV76ezxt,1.100905,3.5800940000000003,2.184469
25200,a/8GO8/ZUUTDICfLnP1TDAMR9AZchL9MW+VVrdWuAldBlNN1XjDnHdN4wV76ezxt,1.599277,2.828234,2.093291
25500,a/8GO8/ZUUTDICfLnP1TDAMR9AZchL9MW+VVrdWuAldBlNN1XjDnHdN4wV76ezxt,0.718691,2.7825759999999997,1.974932
25800,a/8GO8/ZUUTDICfLnP1TDAMR9AZchL9MW+VVrdWuAldBlNN1XjDnHdN4wV76ezxt,1.361899,2.6560080000000004,2.052237
26100,a/8GO8/ZUUTDICfLnP1TDAMR9AZchL9MW+VVrdWuAldBlNN1XjDnHdN4wV76ezxt,0.906436,3.756903,2.134305
26400,a/8GO8/ZUUTDICfLnP1TDAMR9AZchL9MW+VVrdWuAldBlNN1XjDnHdN4wV76ezxt,1.3623290000000001,4.022368,2.125261
26700,a/8GO8/ZUUTDICfLnP1TDAMR9AZchL9MW+VVrdWuAldBlNN1XjDnHdN4wV76ezxt,1.0533700000000001,3.278223,2.064936
27000,a/8GO8/ZUUTDICfLnP1TDAMR9AZchL9MW+VVrdWuAldBlNN1XjDnHdN4wV76ezxt,1.194971,4.9823129999999995,2.2661599999999997
27300,a/8GO8/ZUUTDICfLnP1TDAMR9AZchL9MW+VVrdWuAldBlNN1XjDnHdN4wV76ezxt,1.242934,2.930431,1.991143
27600,a/8GO8/ZUUTDICfLnP1TDAMR9AZchL9MW+VVrdWuAldBlNN1XjDnHdN4wV76ezxt,0.739273,2.862241,1.878334
27900,a/8GO8/ZUUTDICfLnP1TDAMR9AZchL9MW+VVrdWuAldBlNN1XjDnHdN4wV76ezxt,1.528378,3.1905080000000003,2.192266
28200,a/8GO8/ZUUTDICfLnP1TDAMR9AZchL9MW+VVrdWuAldBlNN1XjDnHdN4wV76ezxt,0.8735930000000001,3.305157,1.985625
28500,a/8GO8/ZUUTDICfLnP1TDAMR9AZchL9MW+VVrdWuAldBlNN1XjDnHdN4wV76ezxt,1.246061,3.085371,2.0191830000000004
28800,a/8GO8/ZUUTDICfLnP1TDAMR9AZchL9MW+VVrdWuAldBlNN1XjDnHdN4wV76ezxt,1.448146,3.433819,2.066666
29100,a/8GO8/ZUUTDICfLnP1TDAMR9AZchL9MW+VVrdWuAldBlNN1XjDnHdN4wV76ezxt,1.234522,2.925321,2.0883689999999997
29400,a/8GO8/ZUUTDICfLnP1TDAMR9AZchL9MW+VVrdWuAldBlNN1XjDnHdN4wV76ezxt,1.355895,2.810734,1.9437959999999999
29700,a/8GO8/ZUUTDICfLnP1TDAMR9AZchL9MW+VVrdWuAldBlNN1XjDnHdN4wV76ezxt,1.384003,26.208481,3.586881
30000,a/8GO8/ZUUTDICfLnP1TDAMR9AZchL9MW+VVrdWuAldBlNN1XjDnHdN4wV76ezxt,1.321041,3.3824160000000005,2.14525
30300,a/8GO8/ZUUTDICfLnP1TDAMR9AZchL9MW+VVrdWuAldBlNN1XjDnHdN4wV76ezxt,1.0609469999999999,3.4181839999999997,2.018784
30600,a/8GO8/ZUUTDICfLnP1TDAMR9AZchL9MW+VVrdWuAldBlNN1XjDnHdN4wV76ezxt,1.526785,3.1749080000000003,2.1304990000000004
30900,a/8GO8/ZUUTDICfLnP1TDAMR9AZchL9MW+VVrdWuAldBlNN1XjDnHdN4wV76ezxt,0.816738,3.426905,2.0130470000000003
31200,a/8GO8/ZUUTDICfLnP1TDAMR9AZchL9MW+VVrdWuAldBlNN1XjDnHdN4wV76ezxt,1.34788,4.031418,2.20966
31500,a/8GO8/ZUUTDICfLnP1TDAMR9AZchL9MW+VVrdWuAldBlNN1XjDnHdN4wV76ezxt,0.875718,2.84706,1.9249319999999999
31800,a/8GO8/ZUUTDICfLnP1TDAMR9AZchL9MW+VVrdWuAldBlNN1XjDnHdN4wV76ezxt,1.283528,2.692677,1.947034
32100,a/8GO8/ZUUTDICfLnP1TDAMR9AZchL9MW+VVrdWuAldBlNN1XjDnHdN4wV76ezxt,1.104918,2.448353,1.8340560000000001
32400,a/8GO8/ZUUTDICfLnP1TDAMR9AZchL9MW+VVrdWuAldBlNN1XjDnHdN4wV76ezxt,0.8078029999999999,2.871772,1.9373650000000002
32700,a/8GO8/ZUUTDICfLnP1TDAMR9AZchL9MW+VVrdWuAldBlNN1XjDnHdN4wV76ezxt,1.332892,4.571723,2.192819
33000,a/8GO8/ZUUTDICfLnP1TDAMR9AZchL9MW+VVrdWuAldBlNN1XjDnHdN4wV76ezxt,0.818187,6.869358999999999,2.430217
33300,a/8GO8/ZUUTDICfLnP1TDAMR9AZchL9MW+VVrdWuAldBlNN1XjDnHdN4wV76ezxt,1.523879,7.19548,2.802474
33600,a/8GO8/ZUUTDICfLnP1TDAMR9AZchL9MW+VVrdWuAldBlNN1XjDnHdN4wV76ezxt,0.8836879999999999,2.755343,1.9102669999999997
33900,a/8GO8/ZUUTDICfLnP1TDAMR9AZchL9MW+VVrdWuAldBlNN1XjDnHdN4wV76ezxt,1.404958,3.340933,2.099828
34200,a/8GO8/ZUUTDICfLnP1TDAMR9AZchL9MW+VVrdWuAldBlNN1XjDnHdN4wV76ezxt,1.397643,3.547473,2.121731
34500,a/8GO8/ZUUTDICfLnP1TDAMR9AZchL9MW+VVrdWuAldBlNN1XjDnHdN4wV76ezxt,1.310602,3.5198370000000003,2.119654
34800,a/8GO8/ZUUTDICfLnP1TDAMR9AZchL9MW+VVrdWuAldBlNN1XjDnHdN4wV76ezxt,0.865576,2.628105,1.825541
35100,a/8GO8/ZUUTDICfLnP1TDAMR9AZchL9MW+VVrdWuAldBlNN1XjDnHdN4wV76ezxt,1.3412959999999998,3.6226559999999997,2.337039
35400,a/8GO8/ZUUTDICfLnP1TDAMR9AZchL9MW+VVrdWuAldBlNN1XjDnHdN4wV76ezxt,1.333656,2.851448,1.992466
35700,a/8GO8/ZUUTDICfLnP1TDAMR9AZchL9MW+VVrdWuAldBlNN1XjDnHdN4wV76ezxt,1.120475,3.10065,2.025574
36000,a/8GO8/ZUUTDICfLnP1TDAMR9AZchL9MW+VVrdWuAldBlNN1XjDnHdN4wV76ezxt,1.4125969999999999,2.791059,2.083216
36300,a/8GO8/ZUUTDICfLnP1TDAMR9AZchL9MW+VVrdWuAldBlNN1XjDnHdN4wV76ezxt,1.157735,3.7006690000000004,2.034752
36600,a/8GO8/ZUUTDICfLnP1TDAMR9AZchL9MW+VVrdWuAldBlNN1XjDnHdN4wV76ezxt,1.3659860000000001,3.126633,2.056549
36900,a/8GO8/ZUUTDICfLnP1TDAMR9AZchL9MW+VVrdWuAldBlNN1XjDnHdN4wV76ezxt,0.9447760000000001,2.896923,1.960908
37200,a/8GO8/ZUUTDICfLnP1TDAMR9AZchL9MW+VVrdWuAldBlNN1XjDnHdN4wV76ezxt,1.541375,3.107732,2.141832
37500,a/8GO8/ZUUTDICfLnP1TDAMR9AZchL9MW+VVrdWuAldBlNN1XjDnHdN4wV76ezxt,1.357408,7.763116,2.41198
37800,a/8GO8/ZUUTDICfLnP1TDAMR9AZchL9MW+VVrdWuAldBlNN1XjDnHdN4wV76ezxt,1.259728,3.038375,2.030319
38100,a/8GO8/ZUUTDICfLnP1TDAMR9AZchL9MW+VVrdWuAldBlNN1XjDnHdN4wV76ezxt,0.698041,4.459271,2.080485
38400,a/8GO8/ZUUTDICfLnP1TDAMR9AZchL9MW+VVrdWuAldBlNN1XjDnHdN4wV76ezxt,0.756764,3.219569,1.969754
38700,a/8GO8/ZUUTDICfLnP1TDAMR9AZchL9MW+VVrdWuAldBlNN1XjDnHdN4wV76ezxt,1.523341,3.015482,2.085917
39000,a/8GO8/ZUUTDICfLnP1TDAMR9AZchL9MW+VVrdWuAldBlNN1XjDnHdN4wV76ezxt,0.80155,2.674805,1.887441
39300,a/8GO8/ZUUTDICfLnP1TDAMR9AZchL9MW+VVrdWuAldBlNN1XjDnHdN4wV76ezxt,1.323042,3.8225379999999998,2.160726
39600,a/8GO8/ZUUTDICfLnP1TDAMR9AZchL9MW+VVrdWuAldBlNN1XjDnHdN4wV76ezxt,0.656084,3.3868730000000005,2.112384
39900,a/8GO8/ZUUTDICfLnP1TDAMR9AZchL9MW+VVrdWuAldBlNN1XjDnHdN4wV76ezxt,1.3247200000000001,4.251767,2.15706
40200,a/8GO8/ZUUTDICfLnP1TDAMR9AZchL9MW+VVrdWuAldBlNN1XjDnHdN4wV76ezxt,1.3314549999999998,10.887360000000001,2.547247
40500,a/8GO8/ZUUTDICfLnP1TDAMR9AZchL9MW+VVrdWuAldBlNN1XjDnHdN4wV76ezxt,1.434947,3.781428,2.1790990000000003
40800,a/8GO8/ZUUTDICfLnP1TDAMR9AZchL9MW+VVrdWuAldBlNN1XjDnHdN4wV76ezxt,1.003906,2.840361,1.958909
41100,a/8GO8/ZUUTDICfLnP1TDAMR9AZchL9MW+VVrdWuAldBlNN1XjDnHdN4wV76ezxt,1.4294930000000001,4.52399,2.2437810000000002
41400,a/8GO8/ZUUTDICfLnP1TDAMR9AZchL9MW+VVrdWuAldBlNN1XjDnHdN4wV76ezxt,1.402626,2.9386229999999998,1.99738
41700,a/8GO8/ZUUTDICfLnP1TDAMR9AZchL9MW+VVrdWuAldBlNN1XjDnHdN4wV76ezxt,0.894066,3.105674,2.116356
42000,a/8GO8/ZUUTDICfLnP1TDAMR9AZchL9MW+VVrdWuAldBlNN1XjDnHdN4wV76ezxt,1.3900379999999999,3.493503,2.19556
42300,a/8GO8/ZUUTDICfLnP1TDAMR9AZchL9MW+VVrdWuAldBlNN1XjDnHdN4wV76ezxt,1.421627,2.810683,2.1010400000000002
42600,a/8GO8/ZUUTDICfLnP1TDAMR9AZchL9MW+VVrdWuAldBlNN1XjDnHdN4wV76ezxt,1.414389,4.144147,2.202045
42900,a/8GO8/ZUUTDICfLnP1TDAMR9AZchL9MW+VVrdWuAldBlNN1XjDnHdN4wV76ezxt,1.4193049999999998,7.085585000000001,2.361514
43200,a/8GO8/ZUUTDICfLnP1TDAMR9AZchL9MW+VVrdWuAldBlNN1XjDnHdN4wV76ezxt,1.350983,2.800544,2.027988
43500,a/8GO8/ZUUTDICfLnP1TDAMR9AZchL9MW+VVrdWuAldBlNN1XjDnHdN4wV76ezxt,0.888365,3.789925,2.066216
43800,a/8GO8/ZUUTDICfLnP1TDAMR9AZchL9MW+VVrdWuAldBlNN1XjDnHdN4wV76ezxt,1.159098,3.742222,2.089371
44100,a/8GO8/ZUUTDICfLnP1TDAMR9AZchL9MW+VVrdWuAldBlNN1XjDnHdN4wV76ezxt,1.333883,2.795831,2.01116
44400,a/8GO8/ZUUTDICfLnP1TDAMR9AZchL9MW+VVrdWuAldBlNN1XjDnHdN4wV76ezxt,1.181667,3.742948,2.078493
44700,a/8GO8/ZUUTDICfLnP1TDAMR9AZchL9MW+VVrdWuAldBlNN1XjDnHdN4wV76ezxt,1.3401049999999999,3.716439,2.175141
45000,a/8GO8/ZUUTDICfLnP1TDAMR9AZchL9MW+VVrdWuAldBlNN1XjDnHdN4wV76ezxt,0.729454,2.735347,1.910092
45300,a/8GO8/ZUUTDICfLnP1TDAMR9AZchL9MW+VVrdWuAldBlNN1XjDnHdN4wV76ezxt,1.254634,3.7488269999999995,2.146083
45600,a/8GO8/ZUUTDICfLnP1TDAMR9AZchL9MW+VVrdWuAldBlNN1XjDnHdN4wV76ezxt,1.089017,2.779663,1.944533
45900,a/8GO8/ZUUTDICfLnP1TDAMR9AZchL9MW+VVrdWuAldBlNN1XjDnHdN4wV76ezxt,1.250677,4.27944,2.160756
46200,a/8GO8/ZUUTDICfLnP1TDAMR9AZchL9MW+VVrdWuAldBlNN1XjDnHdN4wV76ezxt,0.630304,2.973954,1.902016
46500,a/8GO8/ZUUTDICfLnP1TDAMR9AZchL9MW+VVrdWuAldBlNN1XjDnHdN4wV76ezxt,1.347277,9.943342999999999,2.8086599999999997
46800,a/8GO8/ZUUTDICfLnP1TDAMR9AZchL9MW+VVrdWuAldBlNN1XjDnHdN4wV76ezxt,1.4544190000000001,2.723236,2.012384
47100,a/8GO8/ZUUTDICfLnP1TDAMR9AZchL9MW+VVrdWuAldBlNN1XjDnHdN4wV76ezxt,1.45974,3.5829239999999998,2.115469
47400,a/8GO8/ZUUTDICfLnP1TDAMR9AZchL9MW+VVrdWuAldBlNN1XjDnHdN4wV76ezxt,1.2484110000000002,2.994298,2.18568
47700,a/8GO8/ZUUTDICfLnP1TDAMR9AZchL9MW+VVrdWuAldBlNN1XjDnHdN4wV76ezxt,0.55009,2.817373,1.8955939999999998
48000,a/8GO8/ZUUTDICfLnP1TDAMR9AZchL9MW+VVrdWuAldBlNN1XjDnHdN4wV76ezxt,1.284908,2.8807549999999997,2.056223
48300,a/8GO8/ZUUTDICfLnP1TDAMR9AZchL9MW+VVrdWuAldBlNN1XjDnHdN4wV76ezxt,1.305887,2.885719,2.049286
48600,a/8GO8/ZUUTDICfLnP1TDAMR9AZchL9MW+VVrdWuAldBlNN1XjDnHdN4wV76ezxt,1.49072,17.245803,4.513182
48900,a/8GO8/ZUUTDICfLnP1TDAMR9AZchL9MW+VVrdWuAldBlNN1XjDnHdN4wV76ezxt,1.2125110000000001,3.7746169999999997,2.19046
49200,a/8GO8/ZUUTDICfLnP1TDAMR9AZchL9MW+VVrdWuAldBlNN1XjDnHdN4wV76ezxt,1.3401040000000002,9.344196,2.563268
49500,a/8GO8/ZUUTDICfLnP1TDAMR9AZchL9MW+VVrdWuAldBlNN1XjDnHdN4wV76ezxt,1.3140969999999998,4.076857,2.1738310000000003
49800,a/8GO8/ZUUTDICfLnP1TDAMR9AZchL9MW+VVrdWuAldBlNN1XjDnHdN4wV76ezxt,1.07625,3.7869870000000003,2.0879369999999997
50100,a/8GO8/ZUUTDICfLnP1TDAMR9AZchL9MW+VVrdWuAldBlNN1XjDnHdN4wV76ezxt,1.25881,2.826996,2.0444560000000003
50400,a/8GO8/ZUUTDICfLnP1TDAMR9AZchL9MW+VVrdWuAldBlNN1XjDnHdN4wV76ezxt,0.7959510000000001,2.742811,1.9807580000000002
50700,a/8GO8/ZUUTDICfLnP1TDAMR9AZchL9MW+VVrdWuAldBlNN1XjDnHdN4wV76ezxt,1.4146530000000002,2.7955900000000002,1.999205
51000,a/8GO8/ZUUTDICfLnP1TDAMR9AZchL9MW+VVrdWuAldBlNN1XjDnHdN4wV76ezxt,1.177604,4.392912,2.224148
51300,a/8GO8/ZUUTDICfLnP1TDAMR9AZchL9MW+VVrdWuAldBlNN1XjDnHdN4wV76ezxt,1.4541629999999999,2.736622,2.015992
51600,a/8GO8/ZUUTDICfLnP1TDAMR9AZchL9MW+VVrdWuAldBlNN1XjDnHdN4wV76ezxt,0.922793,4.229767,2.212168
51900,a/8GO8/ZUUTDICfLnP1TDAMR9AZchL9MW+VVrdWuAldBlNN1XjDnHdN4wV76ezxt,1.389879,7.903662,2.530525
52200,a/8GO8/ZUUTDICfLnP1TDAMR9AZchL9MW+VVrdWuAldBlNN1XjDnHdN4wV76ezxt,1.335053,2.6905639999999997,2.02149
52500,a/8GO8/ZUUTDICfLnP1TDAMR9AZchL9MW+VVrdWuAldBlNN1XjDnHdN4wV76ezxt,0.9698180000000001,2.810621,1.911139
52800,a/8GO8/ZUUTDICfLnP1TDAMR9AZchL9MW+VVrdWuAldBlNN1XjDnHdN4wV76ezxt,1.2763,3.588215,2.1505650000000003
53100,a/8GO8/ZUUTDICfLnP1TDAMR9AZchL9MW+VVrdWuAldBlNN1XjDnHdN4wV76ezxt,1.464518,2.984054,1.9965650000000001
53400,a/8GO8/ZUUTDICfLnP1TDAMR9AZchL9MW+VVrdWuAldBlNN1XjDnHdN4wV76ezxt,1.31186,2.845613,2.014834
53700,a/8GO8/ZUUTDICfLnP1TDAMR9AZchL9MW+VVrdWuAldBlNN1XjDnHdN4wV76ezxt,1.408258,2.71139,2.038037
54000,a/8GO8/ZUUTDICfLnP1TDAMR9AZchL9MW+VVrdWuAldBlNN1XjDnHdN4wV76ezxt,1.28777,4.279255,2.174613
54300,a/8GO8/ZUUTDICfLnP1TDAMR9AZchL9MW+VVrdWuAldBlNN1XjDnHdN4wV76ezxt,1.285477,3.25882,2.203824
54600,a/8GO8/ZUUTDICfLnP1TDAMR9AZchL9MW+VVrdWuAldBlNN1XjDnHdN4wV76ezxt,1.2774450000000002,7.711405,2.497666
54900,a/8GO8/ZUUTDICfLnP1TDAMR9AZchL9MW+VVrdWuAldBlNN1XjDnHdN4wV76ezxt,1.182775,2.976836,2.0722099999999997
55200,a/8GO8/ZUUTDICfLnP1TDAMR9AZchL9MW+VVrdWuAldBlNN1XjDnHdN4wV76ezxt,1.3069309999999998,12.908917,2.7996950000000003
55500,a/8GO8/ZUUTDICfLnP1TDAMR9AZchL9MW+VVrdWuAldBlNN1XjDnHdN4wV76ezxt,1.220594,3.165657,2.104031
55800,a/8GO8/ZUUTDICfLnP1TDAMR9AZchL9MW+VVrdWuAldBlNN1XjDnHdN4wV76ezxt,1.294813,4.185194,2.1518490000000003
56100,a/8GO8/ZUUTDICfLnP1TDAMR9AZchL9MW+VVrdWuAldBlNN1XjDnHdN4wV76ezxt,1.439867,3.1457490000000004,1.9978479999999998
56400,a/8GO8/ZUUTDICfLnP1TDAMR9AZchL9MW+VVrdWuAldBlNN1XjDnHdN4wV76ezxt,1.096027,4.545006,2.137864
56700,a/8GO8/ZUUTDICfLnP1TDAMR9AZchL9MW+VVrdWuAldBlNN1XjDnHdN4wV76ezxt,1.200676,3.8529370000000003,2.12207
57000,a/8GO8/ZUUTDICfLnP1TDAMR9AZchL9MW+VVrdWuAldBlNN1XjDnHdN4wV76ezxt,1.222164,3.53404,2.0566240000000002
57300,a/8GO8/ZUUTDICfLnP1TDAMR9AZchL9MW+VVrdWuAldBlNN1XjDnHdN4wV76ezxt,1.208758,3.698954,2.165075
57600,a/8GO8/ZUUTDICfLnP1TDAMR9AZchL9MW+VVrdWuAldBlNN1XjDnHdN4wV76ezxt,1.313205,3.007648,2.05211
57900,a/8GO8/ZUUTDICfLnP1TDAMR9AZchL9MW+VVrdWuAldBlNN1XjDnHdN4wV76ezxt,0.609993,4.079839,2.097138
58200,a/8GO8/ZUUTDICfLnP1TDAMR9AZchL9MW+VVrdWuAldBlNN1XjDnHdN4wV76ezxt,1.381155,2.878414,2.0300119999999997
58500,a/8GO8/ZUUTDICfLnP1TDAMR9AZchL9MW+VVrdWuAldBlNN1XjDnHdN4wV76ezxt,1.1055409999999999,4.196431,2.206521
58800,a/8GO8/ZUUTDICfLnP1TDAMR9AZchL9MW+VVrdWuAldBlNN1XjDnHdN4wV76ezxt,1.225865,3.7263889999999997,2.155123
59100,a/8GO8/ZUUTDICfLnP1TDAMR9AZchL9MW+VVrdWuAldBlNN1XjDnHdN4wV76ezxt,1.2899260000000001,3.5385480000000005,2.19817
59400,a/8GO8/ZUUTDICfLnP1TDAMR9AZchL9MW+VVrdWuAldBlNN1XjDnHdN4wV76ezxt,1.342473,8.619774000000001,2.48474
59700,a/8GO8/ZUUTDICfLnP1TDAMR9AZchL9MW+VVrdWuAldBlNN1XjDnHdN4wV76ezxt,0.954448,3.50702,1.9682689999999998
60000,a/8GO8/ZUUTDICfLnP1TDAMR9AZchL9MW+VVrdWuAldBlNN1XjDnHdN4wV76ezxt,1.077056,4.939062,2.260307
60300,a/8GO8/ZUUTDICfLnP1TDAMR9AZchL9MW+VVrdWuAldBlNN1XjDnHdN4wV76ezxt,1.259725,2.940091,2.016276
60600,a/8GO8/ZUUTDICfLnP1TDAMR9AZchL9MW+VVrdWuAldBlNN1XjDnHdN4wV76ezxt,1.427848,3.272823,2.10929
60900,a/8GO8/ZUUTDICfLnP1TDAMR9AZchL9MW+VVrdWuAldBlNN1XjDnHdN4wV76ezxt,1.341962,3.069446,2.021092
61200,a/8GO8/ZUUTDICfLnP1TDAMR9AZchL9MW+VVrdWuAldBlNN1XjDnHdN4wV76ezxt,1.08404,2.947838,2.066191
61500,a/8GO8/ZUUTDICfLnP1TDAMR9AZchL9MW+VVrdWuAldBlNN1XjDnHdN4wV76ezxt,1.215168,3.552636,2.2949900000000003
61800,a/8GO8/ZUUTDICfLnP1TDAMR9AZchL9MW+VVrdWuAldBlNN1XjDnHdN4wV76ezxt,1.30399,3.150204,2.062684
62100,a/8GO8/ZUUTDICfLnP1TDAMR9AZchL9MW+VVrdWuAldBlNN1XjDnHdN4wV76ezxt,1.304845,4.06152,2.193307
62400,a/8GO8/ZUUTDICfLnP1TDAMR9AZchL9MW+VVrdWuAldBlNN1XjDnHdN4wV76ezxt,1.422272,3.303157,2.199877
62700,a/8GO8/ZUUTDICfLnP1TDAMR9AZchL9MW+VVrdWuAldBlNN1XjDnHdN4wV76ezxt,1.3591229999999999,3.002885,2.079574
63000,a/8GO8/ZUUTDICfLnP1TDAMR9AZchL9MW+VVrdWuAldBlNN1XjDnHdN4wV76ezxt,1.2604,2.7695689999999997,2.022564
63300,a/8GO8/ZUUTDICfLnP1TDAMR9AZchL9MW+VVrdWuAldBlNN1XjDnHdN4wV76ezxt,1.5126540000000002,3.7027550000000002,2.157645
63600,a/8GO8/ZUUTDICfLnP1TDAMR9AZchL9MW+VVrdWuAldBlNN1XjDnHdN4wV76ezxt,1.4074799999999998,3.813943,2.181321
63900,a/8GO8/ZUUTDICfLnP1TDAMR9AZchL9MW+VVrdWuAldBlNN1XjDnHdN4wV76ezxt,1.5365870000000001,4.388954,2.278803
64200,a/8GO8/ZUUTDICfLnP1TDAMR9AZchL9MW+VVrdWuAldBlNN1XjDnHdN4wV76ezxt,1.315714,3.679624,2.099088
64500,a/8GO8/ZUUTDICfLnP1TDAMR9AZchL9MW+VVrdWuAldBlNN1XjDnHdN4wV76ezxt,1.263749,4.112451,2.253255
64800,a/8GO8/ZUUTDICfLnP1TDAMR9AZchL9MW+VVrdWuAldBlNN1XjDnHdN4wV76ezxt,1.353883,3.795529,2.174432
65100,a/8GO8/ZUUTDICfLnP1TDAMR9AZchL9MW+VVrdWuAldBlNN1XjDnHdN4wV76ezxt,1.312794,5.7662,2.408215
65400,a/8GO8/ZUUTDICfLnP1TDAMR9AZchL9MW+VVrdWuAldBlNN1XjDnHdN4wV76ezxt,1.339949,6.716897,2.5429180000000002
65700,a/8GO8/ZUUTDICfLnP1TDAMR9AZchL9MW+VVrdWuAldBlNN1XjDnHdN4wV76ezxt,1.410561,4.179936,2.231705
66000,a/8GO8/ZUUTDICfLnP1TDAMR9AZchL9MW+VVrdWuAldBlNN1XjDnHdN4wV76ezxt,1.390579,5.6726790000000005,2.360933
66300,a/8GO8/ZUUTDICfLnP1TDAMR9AZchL9MW+VVrdWuAldBlNN1XjDnHdN4wV76ezxt,1.301091,2.811057,2.0435790000000003
66600,a/8GO8/ZUUTDICfLnP1TDAMR9AZchL9MW+VVrdWuAldBlNN1XjDnHdN4wV76ezxt,1.30702,5.75619,2.550944
66900,a/8GO8/ZUUTDICfLnP1TDAMR9AZchL9MW+VVrdWuAldBlNN1XjDnHdN4wV76ezxt,1.347473,3.4064910000000004,2.18938
67200,a/8GO8/ZUUTDICfLnP1TDAMR9AZchL9MW+VVrdWuAldBlNN1XjDnHdN4wV76ezxt,1.389165,3.704832,2.219489
67500,a/8GO8/ZUUTDICfLnP1TDAMR9AZchL9MW+VVrdWuAldBlNN1XjDnHdN4wV76ezxt,1.3570790000000001,4.589842,2.2899950000000002
67800,a/8GO8/ZUUTDICfLnP1TDAMR9AZchL9MW+VVrdWuAldBlNN1XjDnHdN4wV76ezxt,1.410198,4.135544,2.2221130000000002
68100,a/8GO8/ZUUTDICfLnP1TDAMR9AZchL9MW+VVrdWuAldBlNN1XjDnHdN4wV76ezxt,1.365315,3.683189,2.186836
68400,a/8GO8/ZUUTDICfLnP1TDAMR9AZchL9MW+VVrdWuAldBlNN1XjDnHdN4wV76ezxt,1.255421,3.2290799999999997,2.1949520000000002
68700,a/8GO8/ZUUTDICfLnP1TDAMR9AZchL9MW+VVrdWuAldBlNN1XjDnHdN4wV76ezxt,1.344428,3.856036,2.331779
69000,a/8GO8/ZUUTDICfLnP1TDAMR9AZchL9MW+VVrdWuAldBlNN1XjDnHdN4wV76ezxt,1.383017,2.702124,2.017267
69300,a/8GO8/ZUUTDICfLnP1TDAMR9AZchL9MW+VVrdWuAldBlNN1XjDnHdN4wV76ezxt,1.3388790000000002,11.02145,3.173844
69600,a/8GO8/ZUUTDICfLnP1TDAMR9AZchL9MW+VVrdWuAldBlNN1XjDnHdN4wV76ezxt,1.433418,3.8815269999999997,2.318796
69900,a/8GO8/ZUUTDICfLnP1TDAMR9AZchL9MW+VVrdWuAldBlNN1XjDnHdN4wV76ezxt,1.209026,3.047592,2.008775
70200,a/8GO8/ZUUTDICfLnP1TDAMR9AZchL9MW+VVrdWuAldBlNN1XjDnHdN4wV76ezxt,1.2936969999999999,2.878972,2.066231
70500,a/8GO8/ZUUTDICfLnP1TDAMR9AZchL9MW+VVrdWuAldBlNN1XjDnHdN4wV76ezxt,1.315552,2.600175,1.9579900000000001
70800,a/8GO8/ZUUTDICfLnP1TDAMR9AZchL9MW+VVrdWuAldBlNN1XjDnHdN4wV76ezxt,1.5193969999999999,3.253458,2.117528
71100,a/8GO8/ZUUTDICfLnP1TDAMR9AZchL9MW+VVrdWuAldBlNN1XjDnHdN4wV76ezxt,1.45645,4.158459,2.211312
71400,a/8GO8/ZUUTDICfLnP1TDAMR9AZchL9MW+VVrdWuAldBlNN1XjDnHdN4wV76ezxt,0.456085,2.7441709999999997,1.9202119999999998
71700,a/8GO8/ZUUTDICfLnP1TDAMR9AZchL9MW+VVrdWuAldBlNN1XjDnHdN4wV76ezxt,1.536418,4.059824,2.149671
72000,a/8GO8/ZUUTDICfLnP1TDAMR9AZchL9MW+VVrdWuAldBlNN1XjDnHdN4wV76ezxt,1.0394709999999998,2.555613,1.9541939999999998
72300,a/8GO8/ZUUTDICfLnP1TDAMR9AZchL9MW+VVrdWuAldBlNN1XjDnHdN4wV76ezxt,1.47884,2.940786,2.176926
72600,a/8GO8/ZUUTDICfLnP1TDAMR9AZchL9MW+VVrdWuAldBlNN1XjDnHdN4wV76ezxt,0.720066,2.711331,1.863951
72900,a/8GO8/ZUUTDICfLnP1TDAMR9AZchL9MW+VVrdWuAldBlNN1XjDnHdN4wV76ezxt,1.487455,4.039093,2.349575
73200,a/8GO8/ZUUTDICfLnP1TDAMR9AZchL9MW+VVrdWuAldBlNN1XjDnHdN4wV76ezxt,0.962976,2.5834770000000002,1.9024830000000001
73500,a/8GO8/ZUUTDICfLnP1TDAMR9AZchL9MW+VVrdWuAldBlNN1XjDnHdN4wV76ezxt,1.096783,2.849406,1.931325
73800,a/8GO8/ZUUTDICfLnP1TDAMR9AZchL9MW+VVrdWuAldBlNN1XjDnHdN4wV76ezxt,1.408692,3.7456150000000004,2.2319419999999996
74100,a/8GO8/ZUUTDICfLnP1TDAMR9AZchL9MW+VVrdWuAldBlNN1XjDnHdN4wV76ezxt,1.0725280000000001,3.656621,2.116145
74400,a/8GO8/ZUUTDICfLnP1TDAMR9AZchL9MW+VVrdWuAldBlNN1XjDnHdN4wV76ezxt,1.4990620000000001,2.567496,2.0050310000000002
74700,a/8GO8/ZUUTDICfLnP1TDAMR9AZchL9MW+VVrdWuAldBlNN1XjDnHdN4wV76ezxt,1.287144,7.901936999999999,2.624756
75000,a/8GO8/ZUUTDICfLnP1TDAMR9AZchL9MW+VVrdWuAldBlNN1XjDnHdN4wV76ezxt,1.45612,3.8960199999999996,2.137579
75300,a/8GO8/ZUUTDICfLnP1TDAMR9AZchL9MW+VVrdWuAldBlNN1XjDnHdN4wV76ezxt,0.843454,2.914415,1.9371369999999999
75600,a/8GO8/ZUUTDICfLnP1TDAMR9AZchL9MW+VVrdWuAldBlNN1XjDnHdN4wV76ezxt,1.3745370000000001,4.055656,2.200748
75900,a/8GO8/ZUUTDICfLnP1TDAMR9AZchL9MW+VVrdWuAldBlNN1XjDnHdN4wV76ezxt,1.286943,3.7397519999999997,2.067507
76200,a/8GO8/ZUUTDICfLnP1TDAMR9AZchL9MW+VVrdWuAldBlNN1XjDnHdN4wV76ezxt,0.695623,2.6841209999999998,1.872711
76500,a/8GO8/ZUUTDICfLnP1TDAMR9AZchL9MW+VVrdWuAldBlNN1XjDnHdN4wV76ezxt,1.213837,2.656921,2.0583080000000002
76800,a/8GO8/ZUUTDICfLnP1TDAMR9AZchL9MW+VVrdWuAldBlNN1XjDnHdN4wV76ezxt,1.321404,2.924113,2.052095
77100,a/8GO8/ZUUTDICfLnP1TDAMR9AZchL9MW+VVrdWuAldBlNN1XjDnHdN4wV76ezxt,1.598028,3.960312,2.285282
77400,a/8GO8/ZUUTDICfLnP1TDAMR9AZchL9MW+VVrdWuAldBlNN1XjDnHdN4wV76ezxt,0.648507,14.780762,3.0578380000000003
77700,a/8GO8/ZUUTDICfLnP1TDAMR9AZchL9MW+VVrdWuAldBlNN1XjDnHdN4wV76ezxt,1.3625559999999999,2.9352080000000003,2.095577
78000,a/8GO8/ZUUTDICfLnP1TDAMR9AZchL9MW+VVrdWuAldBlNN1XjDnHdN4wV76ezxt,0.671004,2.560959,1.889748
78300,a/8GO8/ZUUTDICfLnP1TDAMR9AZchL9MW+VVrdWuAldBlNN1XjDnHdN4wV76ezxt,1.5883639999999999,4.5117769999999995,2.341423
78600,a/8GO8/ZUUTDICfLnP1TDAMR9AZchL9MW+VVrdWuAldBlNN1XjDnHdN4wV76ezxt,1.471185,4.751823,2.229334
78900,a/8GO8/ZUUTDICfLnP1TDAMR9AZchL9MW+VVrdWuAldBlNN1XjDnHdN4wV76ezxt,1.3137590000000001,2.627846,1.9550020000000001
79200,a/8GO8/ZUUTDICfLnP1TDAMR9AZchL9MW+VVrdWuAldBlNN1XjDnHdN4wV76ezxt,1.401294,3.298202,2.235702
79500,a/8GO8/ZUUTDICfLnP1TDAMR9AZchL9MW+VVrdWuAldBlNN1XjDnHdN4wV76ezxt,0.660643,3.903601,2.078112
79800,a/8GO8/ZUUTDICfLnP1TDAMR9AZchL9MW+VVrdWuAldBlNN1XjDnHdN4wV76ezxt,1.370076,2.820296,2.01729
80100,a/8GO8/ZUUTDICfLnP1TDAMR9AZchL9MW+VVrdWuAldBlNN1XjDnHdN4wV76ezxt,1.345605,2.711929,2.026071
80400,a/8GO8/ZUUTDICfLnP1TDAMR9AZchL9MW+VVrdWuAldBlNN1XjDnHdN4wV76ezxt,1.577604,4.095953,2.3277810000000003
80700,a/8GO8/ZUUTDICfLnP1TDAMR9AZchL9MW+VVrdWuAldBlNN1XjDnHdN4wV76ezxt,1.1335950000000001,2.714888,1.9497830000000003
81000,a/8GO8/ZUUTDICfLnP1TDAMR9AZchL9MW+VVrdWuAldBlNN1XjDnHdN4wV76ezxt,1.308945,2.760732,2.06504
81300,a/8GO8/ZUUTDICfLnP1TDAMR9AZchL9MW+VVrdWuAldBlNN1XjDnHdN4wV76ezxt,1.434389,4.70634,2.449576
81600,a/8GO8/ZUUTDICfLnP1TDAMR9AZchL9MW+VVrdWuAldBlNN1XjDnHdN4wV76ezxt,1.423331,2.9458130000000002,1.9776349999999998
81900,a/8GO8/ZUUTDICfLnP1TDAMR9AZchL9MW+VVrdWuAldBlNN1XjDnHdN4wV76ezxt,1.433826,3.070279,2.062498
82200,a/8GO8/ZUUTDICfLnP1TDAMR9AZchL9MW+VVrdWuAldBlNN1XjDnHdN4wV76ezxt,1.198133,3.728914,2.340313
82500,a/8GO8/ZUUTDICfLnP1TDAMR9AZchL9MW+VVrdWuAldBlNN1XjDnHdN4wV76ezxt,1.4464350000000001,2.72991,1.993221
82800,a/8GO8/ZUUTDICfLnP1TDAMR9AZchL9MW+VVrdWuAldBlNN1XjDnHdN4wV76ezxt,1.297662,4.31674,2.152862
83100,a/8GO8/ZUUTDICfLnP1TDAMR9AZchL9MW+VVrdWuAldBlNN1XjDnHdN4wV76ezxt,1.231034,3.020996,2.044423
83400,a/8GO8/ZUUTDICfLnP1TDAMR9AZchL9MW+VVrdWuAldBlNN1XjDnHdN4wV76ezxt,1.07528,3.477504,2.2510470000000002
83700,a/8GO8/ZUUTDICfLnP1TDAMR9AZchL9MW+VVrdWuAldBlNN1XjDnHdN4wV76ezxt,1.3993389999999999,3.240639,2.119787
84000,a/8GO8/ZUUTDICfLnP1TDAMR9AZchL9MW+VVrdWuAldBlNN1XjDnHdN4wV76ezxt,1.4263,3.839002,2.140031
84300,a/8GO8/ZUUTDICfLnP1TDAMR9AZchL9MW+VVrdWuAldBlNN1XjDnHdN4wV76ezxt,0.918167,3.3628199999999997,2.1881369999999998
84600,a/8GO8/ZUUTDICfLnP1TDAMR9AZchL9MW+VVrdWuAldBlNN1XjDnHdN4wV76ezxt,1.2658129999999999,3.124375,2.069948
84900,a/8GO8/ZUUTDICfLnP1TDAMR9AZchL9MW+VVrdWuAldBlNN1XjDnHdN4wV76ezxt,0.605795,2.790644,1.8576869999999999
85200,a/8GO8/ZUUTDICfLnP1TDAMR9AZchL9MW+VVrdWuAldBlNN1XjDnHdN4wV76ezxt,1.300214,2.6529700000000003,2.005507
85500,a/8GO8/ZUUTDICfLnP1TDAMR9AZchL9MW+VVrdWuAldBlNN1XjDnHdN4wV76ezxt,1.1314819999999999,3.6602059999999996,2.106434
85800,a/8GO8/ZUUTDICfLnP1TDAMR9AZchL9MW+VVrdWuAldBlNN1XjDnHdN4wV76ezxt,1.531942,3.986906,2.1827970000000003
86100,a/8GO8/ZUUTDICfLnP1TDAMR9AZchL9MW+VVrdWuAldBlNN1XjDnHdN4wV76ezxt,1.342447,2.9780759999999997,2.089541
86400,a/8GO8/ZUUTDICfLnP1TDAMR9AZchL9MW+VVrdWuAldBlNN1XjDnHdN4wV76ezxt,1.385033,2.8812439999999997,2.053547
86700,a/8GO8/ZUUTDICfLnP1TDAMR9AZchL9MW+VVrdWuAldBlNN1XjDnHdN4wV76ezxt,1.345864,3.4552,2.229586
87000,a/8GO8/ZUUTDICfLnP1TDAMR9AZchL9MW+VVrdWuAldBlNN1XjDnHdN4wV76ezxt,1.354451,2.6200650000000003,1.944854
87300,a/8GO8/ZUUTDICfLnP1TDAMR9AZchL9MW+VVrdWuAldBlNN1XjDnHdN4wV76ezxt,1.439749,3.893336,2.3831849999999997
87600,a/8GO8/ZUUTDICfLnP1TDAMR9AZchL9MW+VVrdWuAldBlNN1XjDnHdN4wV76ezxt,1.125802,3.0134830000000004,2.026523
87900,a/8GO8/ZUUTDICfLnP1TDAMR9AZchL9MW+VVrdWuAldBlNN1XjDnHdN4wV76ezxt,1.25225,2.8956180000000002,2.06698
88200,a/8GO8/ZUUTDICfLnP1TDAMR9AZchL9MW+VVrdWuAldBlNN1XjDnHdN4wV76ezxt,1.360307,3.100807,2.022828
88500,a/8GO8/ZUUTDICfLnP1TDAMR9AZchL9MW+VVrdWuAldBlNN1XjDnHdN4wV76ezxt,1.4420629999999999,4.108166000000001,2.288178
88800,a/8GO8/ZUUTDICfLnP1TDAMR9AZchL9MW+VVrdWuAldBlNN1XjDnHdN4wV76ezxt,1.247662,3.060912,2.0750599999999997
89100,a/8GO8/ZUUTDICfLnP1TDAMR9AZchL9MW+VVrdWuAldBlNN1XjDnHdN4wV76ezxt,1.449575,3.1460150000000002,2.044864
89400,a/8GO8/ZUUTDICfLnP1TDAMR9AZchL9MW+VVrdWuAldBlNN1XjDnHdN4wV76ezxt,1.389111,3.284788,2.147217
89700,a/8GO8/ZUUTDICfLnP1TDAMR9AZchL9MW+VVrdWuAldBlNN1XjDnHdN4wV76ezxt,1.452651,2.72357,2.032728
90000,a/8GO8/ZUUTDICfLnP1TDAMR9AZchL9MW+VVrdWuAldBlNN1XjDnHdN4wV76ezxt,1.547718,3.126779,2.107006
90300,a/8GO8/ZUUTDICfLnP1TDAMR9AZchL9MW+VVrdWuAldBlNN1XjDnHdN4wV76ezxt,1.496434,2.830926,2.0381970000000003
90600,a/8GO8/ZUUTDICfLnP1TDAMR9AZchL9MW+VVrdWuAldBlNN1XjDnHdN4wV76ezxt,1.311952,3.39225,2.171416
90900,a/8GO8/ZUUTDICfLnP1TDAMR9AZchL9MW+VVrdWuAldBlNN1XjDnHdN4wV76ezxt,1.099041,4.265689,2.124531
91200,a/8GO8/ZUUTDICfLnP1TDAMR9AZchL9MW+VVrdWuAldBlNN1XjDnHdN4wV76ezxt,1.337375,2.8617779999999997,2.063993
91500,a/8GO8/ZUUTDICfLnP1TDAMR9AZchL9MW+VVrdWuAldBlNN1XjDnHdN4wV76ezxt,1.38976,4.259336,2.349988
91800,a/8GO8/ZUUTDICfLnP1TDAMR9AZchL9MW+VVrdWuAldBlNN1XjDnHdN4wV76ezxt,1.423124,3.268177,2.232294
92100,a/8GO8/ZUUTDICfLnP1TDAMR9AZchL9MW+VVrdWuAldBlNN1XjDnHdN4wV76ezxt,1.261733,4.096406,2.074312
92400,a/8GO8/ZUUTDICfLnP1TDAMR9AZchL9MW+VVrdWuAldBlNN1XjDnHdN4wV76ezxt,1.212766,2.938456,1.942073
92700,a/8GO8/ZUUTDICfLnP1TDAMR9AZchL9MW+VVrdWuAldBlNN1XjDnHdN4wV76ezxt,1.366718,3.4727580000000002,2.349878
93000,a/8GO8/ZUUTDICfLnP1TDAMR9AZchL9MW+VVrdWuAldBlNN1XjDnHdN4wV76ezxt,0.731346,2.784109,1.975659
93300,a/8GO8/ZUUTDICfLnP1TDAMR9AZchL9MW+VVrdWuAldBlNN1XjDnHdN4wV76ezxt,1.3779780000000001,2.807696,2.0261869999999997
93600,a/8GO8/ZUUTDICfLnP1TDAMR9AZchL9MW+VVrdWuAldBlNN1XjDnHdN4wV76ezxt,1.434502,3.838977,2.2209
93900,a/8GO8/ZUUTDICfLnP1TDAMR9AZchL9MW+VVrdWuAldBlNN1XjDnHdN4wV76ezxt,1.2271969999999999,2.809271,2.023262
94200,a/8GO8/ZUUTDICfLnP1TDAMR9AZchL9MW+VVrdWuAldBlNN1XjDnHdN4wV76ezxt,1.2228569999999999,4.48778,2.2818810000000003
94500,a/8GO8/ZUUTDICfLnP1TDAMR9AZchL9MW+VVrdWuAldBlNN1XjDnHdN4wV76ezxt,1.333175,3.25745,2.045559
94800,a/8GO8/ZUUTDICfLnP1TDAMR9AZchL9MW+VVrdWuAldBlNN1XjDnHdN4wV76ezxt,1.364965,2.861817,2.006527
95100,a/8GO8/ZUUTDICfLnP1TDAMR9AZchL9MW+VVrdWuAldBlNN1XjDnHdN4wV76ezxt,1.208246,5.630268,2.3300810000000003
95400,a/8GO8/ZUUTDICfLnP1TDAMR9AZchL9MW+VVrdWuAldBlNN1XjDnHdN4wV76ezxt,1.448453,2.978524,2.0573189999999997
95700,a/8GO8/ZUUTDICfLnP1TDAMR9AZchL9MW+VVrdWuAldBlNN1XjDnHdN4wV76ezxt,1.412341,4.43519,2.377312
96000,a/8GO8/ZUUTDICfLnP1TDAMR9AZchL9MW+VVrdWuAldBlNN1XjDnHdN4wV76ezxt,1.4366700000000001,2.6743810000000003,2.00616
96300,a/8GO8/ZUUTDICfLnP1TDAMR9AZchL9MW+VVrdWuAldBlNN1XjDnHdN4wV76ezxt,1.409698,2.9065220000000003,2.112308
96600,a/8GO8/ZUUTDICfLnP1TDAMR9AZchL9MW+VVrdWuAldBlNN1XjDnHdN4wV76ezxt,1.3809799999999999,2.802293,1.9974779999999999
96900,a/8GO8/ZUUTDICfLnP1TDAMR9AZchL9MW+VVrdWuAldBlNN1XjDnHdN4wV76ezxt,1.47579,2.815642,2.035478
97200,a/8GO8/ZUUTDICfLnP1TDAMR9AZchL9MW+VVrdWuAldBlNN1XjDnHdN4wV76ezxt,1.39028,5.048539,2.333324
97500,a/8GO8/ZUUTDICfLnP1TDAMR9AZchL9MW+VVrdWuAldBlNN1XjDnHdN4wV76ezxt,0.9884860000000001,3.675267,1.946895
97800,a/8GO8/ZUUTDICfLnP1TDAMR9AZchL9MW+VVrdWuAldBlNN1XjDnHdN4wV76ezxt,1.299758,3.3259559999999997,2.166107
98100,a/8GO8/ZUUTDICfLnP1TDAMR9AZchL9MW+VVrdWuAldBlNN1XjDnHdN4wV76ezxt,1.4261979999999999,2.751608,2.082415
98400,a/8GO8/ZUUTDICfLnP1TDAMR9AZchL9MW+VVrdWuAldBlNN1XjDnHdN4wV76ezxt,1.211343,11.238653999999999,2.807454
98700,a/8GO8/ZUUTDICfLnP1TDAMR9AZchL9MW+VVrdWuAldBlNN1XjDnHdN4wV76ezxt,1.490724,3.734777,2.188199
99000,a/8GO8/ZUUTDICfLnP1TDAMR9AZchL9MW+VVrdWuAldBlNN1XjDnHdN4wV76ezxt,1.398878,3.202266,2.095602
99300,a/8GO8/ZUUTDICfLnP1TDAMR9AZchL9MW+VVrdWuAldBlNN1XjDnHdN4wV76ezxt,1.386109,2.848827,1.959338
99600,a/8GO8/ZUUTDICfLnP1TDAMR9AZchL9MW+VVrdWuAldBlNN1XjDnHdN4wV76ezxt,1.281252,3.9516980000000004,2.275707
99900,a/8GO8/ZUUTDICfLnP1TDAMR9AZchL9MW+VVrdWuAldBlNN1XjDnHdN4wV76ezxt,1.4920719999999998,2.574247,2.031128
100200,a/8GO8/ZUUTDICfLnP1TDAMR9AZchL9MW+VVrdWuAldBlNN1XjDnHdN4wV76ezxt,1.371976,3.138358,2.144513
100500,a/8GO8/ZUUTDICfLnP1TDAMR9AZchL9MW+VVrdWuAldBlNN1XjDnHdN4wV76ezxt,1.366783,3.6938769999999996,2.2517009999999997
100800,a/8GO8/ZUUTDICfLnP1TDAMR9AZchL9MW+VVrdWuAldBlNN1XjDnHdN4wV76ezxt,1.374484,2.6415740000000003,2.071365
101100,a/8GO8/ZUUTDICfLnP1TDAMR9AZchL9MW+VVrdWuAldBlNN1XjDnHdN4wV76ezxt,1.415958,9.797084,2.720432
101400,a/8GO8/ZUUTDICfLnP1TDAMR9AZchL9MW+VVrdWuAldBlNN1XjDnHdN4wV76ezxt,1.312475,2.680257,2.032397
101700,a/8GO8/ZUUTDICfLnP1TDAMR9AZchL9MW+VVrdWuAldBlNN1XjDnHdN4wV76ezxt,1.281275,97.157014,11.779772999999999
102000,a/8GO8/ZUUTDICfLnP1TDAMR9AZchL9MW+VVrdWuAldBlNN1XjDnHdN4wV76ezxt,1.474251,2.81782,2.002997
102300,a/8GO8/ZUUTDICfLnP1TDAMR9AZchL9MW+VVrdWuAldBlNN1XjDnHdN4wV76ezxt,1.462309,2.870128,2.063957
102600,a/8GO8/ZUUTDICfLnP1TDAMR9AZchL9MW+VVrdWuAldBlNN1XjDnHdN4wV76ezxt,1.434256,7.155957000000001,2.501675
102900,a/8GO8/ZUUTDICfLnP1TDAMR9AZchL9MW+VVrdWuAldBlNN1XjDnHdN4wV76ezxt,1.430253,6.275258,2.2739130000000003
103200,a/8GO8/ZUUTDICfLnP1TDAMR9AZchL9MW+VVrdWuAldBlNN1XjDnHdN4wV76ezxt,1.4017899999999999,2.7184619999999997,2.0278810000000003
103500,a/8GO8/ZUUTDICfLnP1TDAMR9AZchL9MW+VVrdWuAldBlNN1XjDnHdN4wV76ezxt,1.5576969999999999,10.020699,2.749197
103800,a/8GO8/ZUUTDICfLnP1TDAMR9AZchL9MW+VVrdWuAldBlNN1XjDnHdN4wV76ezxt,0.8702350000000001,3.370712,2.050529
104100,a/8GO8/ZUUTDICfLnP1TDAMR9AZchL9MW+VVrdWuAldBlNN1XjDnHdN4wV76ezxt,1.482094,2.980038,2.069281
104400,a/8GO8/ZUUTDICfLnP1TDAMR9AZchL9MW+VVrdWuAldBlNN1XjDnHdN4wV76ezxt,1.38799,2.789311,2.0801
104700,a/8GO8/ZUUTDICfLnP1TDAMR9AZchL9MW+VVrdWuAldBlNN1XjDnHdN4wV76ezxt,1.442916,4.254729,2.2707
105000,a/8GO8/ZUUTDICfLnP1TDAMR9AZchL9MW+VVrdWuAldBlNN1XjDnHdN4wV76ezxt,0.928982,2.730397,1.996839
105300,a/8GO8/ZUUTDICfLnP1TDAMR9AZchL9MW+VVrdWuAldBlNN1XjDnHdN4wV76ezxt,1.362188,4.699616000000001,2.237389
105600,a/8GO8/ZUUTDICfLnP1TDAMR9AZchL9MW+VVrdWuAldBlNN1XjDnHdN4wV76ezxt,1.25471,3.9306300000000003,2.1082349999999996
105900,a/8GO8/ZUUTDICfLnP1TDAMR9AZchL9MW+VVrdWuAldBlNN1XjDnHdN4wV76ezxt,1.307366,2.914831,2.045902
106200,a/8GO8/ZUUTDICfLnP1TDAMR9AZchL9MW+VVrdWuAldBlNN1XjDnHdN4wV76ezxt,1.347042,7.894871000000001,2.51773
106500,a/8GO8/ZUUTDICfLnP1TDAMR9AZchL9MW+VVrdWuAldBlNN1XjDnHdN4wV76ezxt,1.193342,4.048889,2.120041
106800,a/8GO8/ZUUTDICfLnP1TDAMR9AZchL9MW+VVrdWuAldBlNN1XjDnHdN4wV76ezxt,1.377735,2.974933,2.099647
107100,a/8GO8/ZUUTDICfLnP1TDAMR9AZchL9MW+VVrdWuAldBlNN1XjDnHdN4wV76ezxt,1.220707,2.735655,2.098113
107400,a/8GO8/ZUUTDICfLnP1TDAMR9AZchL9MW+VVrdWuAldBlNN1XjDnHdN4wV76ezxt,1.4560549999999999,2.688638,1.981915
107700,a/8GO8/ZUUTDICfLnP1TDAMR9AZchL9MW+VVrdWuAldBlNN1XjDnHdN4wV76ezxt,0.664131,4.334936,2.093153
108000,a/8GO8/ZUUTDICfLnP1TDAMR9AZchL9MW+VVrdWuAldBlNN1XjDnHdN4wV76ezxt,1.368019,3.222628,2.213014
108300,a/8GO8/ZUUTDICfLnP1TDAMR9AZchL9MW+VVrdWuAldBlNN1XjDnHdN4wV76ezxt,0.8526389999999999,2.652705,1.9094959999999999
108600,a/8GO8/ZUUTDICfLnP1TDAMR9AZchL9MW+VVrdWuAldBlNN1XjDnHdN4wV76ezxt,1.373959,3.3412089999999997,2.155516
108900,a/8GO8/ZUUTDICfLnP1TDAMR9AZchL9MW+VVrdWuAldBlNN1XjDnHdN4wV76ezxt,1.288716,2.790093,2.040458
109200,a/8GO8/ZUUTDICfLnP1TDAMR9AZchL9MW+VVrdWuAldBlNN1XjDnHdN4wV76ezxt,1.519893,3.477462,2.103352
109500,a/8GO8/ZUUTDICfLnP1TDAMR9AZchL9MW+VVrdWuAldBlNN1XjDnHdN4wV76ezxt,1.4510100000000001,2.954705,2.028689
109800,a/8GO8/ZUUTDICfLnP1TDAMR9AZchL9MW+VVrdWuAldBlNN1XjDnHdN4wV76ezxt,0.858699,2.909138,1.974016
110100,a/8GO8/ZUUTDICfLnP1TDAMR9AZchL9MW+VVrdWuAldBlNN1XjDnHdN4wV76ezxt,1.314599,3.4980589999999996,2.2425919999999997
110400,a/8GO8/ZUUTDICfLnP1TDAMR9AZchL9MW+VVrdWuAldBlNN1XjDnHdN4wV76ezxt,1.081813,3.058227,2.0169490000000003
110700,a/8GO8/ZUUTDICfLnP1TDAMR9AZchL9MW+VVrdWuAldBlNN1XjDnHdN4wV76ezxt,1.473208,3.237862,2.189997
111000,a/8GO8/ZUUTDICfLnP1TDAMR9AZchL9MW+VVrdWuAldBlNN1XjDnHdN4wV76ezxt,1.420131,2.669247,1.9471610000000001
111300,a/8GO8/ZUUTDICfLnP1TDAMR9AZchL9MW+VVrdWuAldBlNN1XjDnHdN4wV76ezxt,1.2113399999999999,3.5754550000000003,2.17325
111600,a/8GO8/ZUUTDICfLnP1TDAMR9AZchL9MW+VVrdWuAldBlNN1XjDnHdN4wV76ezxt,1.133548,2.858272,2.091524
111900,a/8GO8/ZUUTDICfLnP1TDAMR9AZchL9MW+VVrdWuAldBlNN1XjDnHdN4wV76ezxt,1.405453,3.255678,2.1595020000000003
112200,a/8GO8/ZUUTDICfLnP1TDAMR9AZchL9MW+VVrdWuAldBlNN1XjDnHdN4wV76ezxt,1.39899,3.435175,2.161825
112500,a/8GO8/ZUUTDICfLnP1TDAMR9AZchL9MW+VVrdWuAldBlNN1XjDnHdN4wV76ezxt,0.674959,2.764345,2.046611
112800,a/8GO8/ZUUTDICfLnP1TDAMR9AZchL9MW+VVrdWuAldBlNN1XjDnHdN4wV76ezxt,1.367958,2.628021,1.9722950000000001
113100,a/8GO8/ZUUTDICfLnP1TDAMR9AZchL9MW+VVrdWuAldBlNN1XjDnHdN4wV76ezxt,0.651663,3.103014,2.149879
113400,a/8GO8/ZUUTDICfLnP1TDAMR9AZchL9MW+VVrdWuAldBlNN1XjDnHdN4wV76ezxt,1.3869639999999999,3.6131830000000003,2.2225490000000003
113700,a/8GO8/ZUUTDICfLnP1TDAMR9AZchL9MW+VVrdWuAldBlNN1XjDnHdN4wV76ezxt,1.313369,3.4526339999999998,2.116344
114000,a/8GO8/ZUUTDICfLnP1TDAMR9AZchL9MW+VVrdWuAldBlNN1XjDnHdN4wV76ezxt,1.2397,3.571909,2.1747
114300,a/8GO8/ZUUTDICfLnP1TDAMR9AZchL9MW+VVrdWuAldBlNN1XjDnHdN4wV76ezxt,1.072082,3.553896,2.197941
114600,a/8GO8/ZUUTDICfLnP1TDAMR9AZchL9MW+VVrdWuAldBlNN1XjDnHdN4wV76ezxt,0.637811,2.746695,1.890879
114900,a/8GO8/ZUUTDICfLnP1TDAMR9AZchL9MW+VVrdWuAldBlNN1XjDnHdN4wV76ezxt,1.403576,3.3896129999999998,2.034178
115200,a/8GO8/ZUUTDICfLnP1TDAMR9AZchL9MW+VVrdWuAldBlNN1XjDnHdN4wV76ezxt,1.122573,3.166337,1.998837
115500,a/8GO8/ZUUTDICfLnP1TDAMR9AZchL9MW+VVrdWuAldBlNN1XjDnHdN4wV76ezxt,1.200812,4.209921,2.141193
115800,a/8GO8/ZUUTDICfLnP1TDAMR9AZchL9MW+VVrdWuAldBlNN1XjDnHdN4wV76ezxt,0.8063739999999999,3.8008,2.09333
116100,a/8GO8/ZUUTDICfLnP1TDAMR9AZchL9MW+VVrdWuAldBlNN1XjDnHdN4wV76ezxt,1.289721,3.2876540000000003,2.013574
116400,a/8GO8/ZUUTDICfLnP1TDAMR9AZchL9MW+VVrdWuAldBlNN1XjDnHdN4wV76ezxt,1.4063459999999999,4.227906,2.158297
116700,a/8GO8/ZUUTDICfLnP1TDAMR9AZchL9MW+VVrdWuAldBlNN1XjDnHdN4wV76ezxt,1.247169,3.20982,2.0322720000000003
117000,a/8GO8/ZUUTDICfLnP1TDAMR9AZchL9MW+VVrdWuAldBlNN1XjDnHdN4wV76ezxt,1.343422,2.860999,2.103918
117300,a/8GO8/ZUUTDICfLnP1TDAMR9AZchL9MW+VVrdWuAldBlNN1XjDnHdN4wV76ezxt,0.6374,2.8043259999999997,1.912204
117600,a/8GO8/ZUUTDICfLnP1TDAMR9AZchL9MW+VVrdWuAldBlNN1XjDnHdN4wV76ezxt,1.31015,4.608777,2.187952
117900,a/8GO8/ZUUTDICfLnP1TDAMR9AZchL9MW+VVrdWuAldBlNN1XjDnHdN4wV76ezxt,1.188194,3.64267,2.101723
118200,a/8GO8/ZUUTDICfLnP1TDAMR9AZchL9MW+VVrdWuAldBlNN1XjDnHdN4wV76ezxt,1.297748,2.974927,1.988387
118500,a/8GO8/ZUUTDICfLnP1TDAMR9AZchL9MW+VVrdWuAldBlNN1XjDnHdN4wV76ezxt,0.779613,3.375786,2.154347
118800,a/8GO8/ZUUTDICfLnP1TDAMR9AZchL9MW+VVrdWuAldBlNN1XjDnHdN4wV76ezxt,1.324232,3.9624050000000004,2.26883
119100,a/8GO8/ZUUTDICfLnP1TDAMR9AZchL9MW+VVrdWuAldBlNN1XjDnHdN4wV76ezxt,1.373346,2.795343,2.063542
119400,a/8GO8/ZUUTDICfLnP1TDAMR9AZchL9MW+VVrdWuAldBlNN1XjDnHdN4wV76ezxt,1.3455700000000002,5.965775,2.486988
119700,a/8GO8/ZUUTDICfLnP1TDAMR9AZchL9MW+VVrdWuAldBlNN1XjDnHdN4wV76ezxt,1.001909,3.852046,2.235046
120000,a/8GO8/ZUUTDICfLnP1TDAMR9AZchL9MW+VVrdWuAldBlNN1XjDnHdN4wV76ezxt,0.7319319999999999,3.923889,2.113872
120300,a/8GO8/ZUUTDICfLnP1TDAMR9AZchL9MW+VVrdWuAldBlNN1XjDnHdN4wV76ezxt,1.305192,3.178387,2.114907
120600,a/8GO8/ZUUTDICfLnP1TDAMR9AZchL9MW+VVrdWuAldBlNN1XjDnHdN4wV76ezxt,1.110126,2.895006,2.043447
120900,a/8GO8/ZUUTDICfLnP1TDAMR9AZchL9MW+VVrdWuAldBlNN1XjDnHdN4wV76ezxt,1.25853,3.013496,2.0146900000000003
121200,a/8GO8/ZUUTDICfLnP1TDAMR9AZchL9MW+VVrdWuAldBlNN1XjDnHdN4wV76ezxt,1.3371600000000001,3.8546769999999997,2.179045
121500,a/8GO8/ZUUTDICfLnP1TDAMR9AZchL9MW+VVrdWuAldBlNN1XjDnHdN4wV76ezxt,1.449254,3.981343,2.350634
121800,a/8GO8/ZUUTDICfLnP1TDAMR9AZchL9MW+VVrdWuAldBlNN1XjDnHdN4wV76ezxt,0.993973,2.860503,2.017281
122100,a/8GO8/ZUUTDICfLnP1TDAMR9AZchL9MW+VVrdWuAldBlNN1XjDnHdN4wV76ezxt,1.4372790000000002,3.0194509999999997,2.069279
122400,a/8GO8/ZUUTDICfLnP1TDAMR9AZchL9MW+VVrdWuAldBlNN1XjDnHdN4wV76ezxt,1.237251,2.973201,2.157153
122700,a/8GO8/ZUUTDICfLnP1TDAMR9AZchL9MW+VVrdWuAldBlNN1XjDnHdN4wV76ezxt,0.8902110000000001,2.833154,1.9889740000000002
123000,a/8GO8/ZUUTDICfLnP1TDAMR9AZchL9MW+VVrdWuAldBlNN1XjDnHdN4wV76ezxt,1.2414379999999998,3.0328,2.058559
123300,a/8GO8/ZUUTDICfLnP1TDAMR9AZchL9MW+VVrdWuAldBlNN1XjDnHdN4wV76ezxt,1.070199,4.196727,2.116421
123600,a/8GO8/ZUUTDICfLnP1TDAMR9AZchL9MW+VVrdWuAldBlNN1XjDnHdN4wV76ezxt,1.2438420000000001,3.43265,2.1444389999999998
123900,a/8GO8/ZUUTDICfLnP1TDAMR9AZchL9MW+VVrdWuAldBlNN1XjDnHdN4wV76ezxt,1.011981,3.336343,2.095716
124200,a/8GO8/ZUUTDICfLnP1TDAMR9AZchL9MW+VVrdWuAldBlNN1XjDnHdN4wV76ezxt,1.313682,3.253762,2.182397
124500,a/8GO8/ZUUTDICfLnP1TDAMR9AZchL9MW+VVrdWuAldBlNN1XjDnHdN4wV76ezxt,1.1910690000000002,3.034932,2.08319
124800,a/8GO8/ZUUTDICfLnP1TDAMR9AZchL9MW+VVrdWuAldBlNN1XjDnHdN4wV76ezxt,1.2275790000000002,3.521258,2.172205
125100,a/8GO8/ZUUTDICfLnP1TDAMR9AZchL9MW+VVrdWuAldBlNN1XjDnHdN4wV76ezxt,1.269667,3.274807,2.180007
125400,a/8GO8/ZUUTDICfLnP1TDAMR9AZchL9MW+VVrdWuAldBlNN1XjDnHdN4wV76ezxt,1.221819,3.8903209999999997,2.158712
125700,a/8GO8/ZUUTDICfLnP1TDAMR9AZchL9MW+VVrdWuAldBlNN1XjDnHdN4wV76ezxt,1.339267,2.823345,2.065599
126000,a/8GO8/ZUUTDICfLnP1TDAMR9AZchL9MW+VVrdWuAldBlNN1XjDnHdN4wV76ezxt,0.837412,2.739213,1.9679779999999998
126300,a/8GO8/ZUUTDICfLnP1TDAMR9AZchL9MW+VVrdWuAldBlNN1XjDnHdN4wV76ezxt,1.243028,2.705629,2.040394
126600,a/8GO8/ZUUTDICfLnP1TDAMR9AZchL9MW+VVrdWuAldBlNN1XjDnHdN4wV76ezxt,0.982583,3.549467,2.154946
126900,a/8GO8/ZUUTDICfLnP1TDAMR9AZchL9MW+VVrdWuAldBlNN1XjDnHdN4wV76ezxt,1.385338,3.504433,2.168745
127200,a/8GO8/ZUUTDICfLnP1TDAMR9AZchL9MW+VVrdWuAldBlNN1XjDnHdN4wV76ezxt,1.482338,2.9220490000000003,2.112621
127500,a/8GO8/ZUUTDICfLnP1TDAMR9AZchL9MW+VVrdWuAldBlNN1XjDnHdN4wV76ezxt,1.421741,2.8123720000000003,2.0290470000000003
127800,a/8GO8/ZUUTDICfLnP1TDAMR9AZchL9MW+VVrdWuAldBlNN1XjDnHdN4wV76ezxt,1.405353,3.9528839999999996,2.2244029999999997
128100,a/8GO8/ZUUTDICfLnP1TDAMR9AZchL9MW+VVrdWuAldBlNN1XjDnHdN4wV76ezxt,1.227517,3.469029,2.2654240000000003
128400,a/8GO8/ZUUTDICfLnP1TDAMR9AZchL9MW+VVrdWuAldBlNN1XjDnHdN4wV76ezxt,1.396714,2.671881,2.010255
128700,a/8GO8/ZUUTDICfLnP1TDAMR9AZchL9MW+VVrdWuAldBlNN1XjDnHdN4wV76ezxt,1.357992,3.457793,2.1140779999999997
129000,a/8GO8/ZUUTDICfLnP1TDAMR9AZchL9MW+VVrdWuAldBlNN1XjDnHdN4wV76ezxt,1.306812,3.760842,2.150096
129300,a/8GO8/ZUUTDICfLnP1TDAMR9AZchL9MW+VVrdWuAldBlNN1XjDnHdN4wV76ezxt,1.476797,3.92328,2.3003150000000003
129600,a/8GO8/ZUUTDICfLnP1TDAMR9AZchL9MW+VVrdWuAldBlNN1XjDnHdN4wV76ezxt,1.45656,3.5917550000000005,2.161239
129900,a/8GO8/ZUUTDICfLnP1TDAMR9AZchL9MW+VVrdWuAldBlNN1XjDnHdN4wV76ezxt,1.367567,3.973378,2.23636
130200,a/8GO8/ZUUTDICfLnP1TDAMR9AZchL9MW+VVrdWuAldBlNN1XjDnHdN4wV76ezxt,1.367127,2.935755,2.1264540000000003
130500,a/8GO8/ZUUTDICfLnP1TDAMR9AZchL9MW+VVrdWuAldBlNN1XjDnHdN4wV76ezxt,1.425981,3.390547,2.144724
130800,a/8GO8/ZUUTDICfLnP1TDAMR9AZchL9MW+VVrdWuAldBlNN1XjDnHdN4wV76ezxt,1.273621,3.919112,2.306708
131100,a/8GO8/ZUUTDICfLnP1TDAMR9AZchL9MW+VVrdWuAldBlNN1XjDnHdN4wV76ezxt,1.36697,3.8682489999999996,2.200497
131400,a/8GO8/ZUUTDICfLnP1TDAMR9AZchL9MW+VVrdWuAldBlNN1XjDnHdN4wV76ezxt,1.22554,3.3141910000000006,2.087839
131700,a/8GO8/ZUUTDICfLnP1TDAMR9AZchL9MW+VVrdWuAldBlNN1XjDnHdN4wV76ezxt,1.327424,4.237323,2.273326
132000,a/8GO8/ZUUTDICfLnP1TDAMR9AZchL9MW+VVrdWuAldBlNN1XjDnHdN4wV76ezxt,1.3769770000000001,3.698618,2.168877
132300,a/8GO8/ZUUTDICfLnP1TDAMR9AZchL9MW+VVrdWuAldBlNN1XjDnHdN4wV76ezxt,1.204551,3.08495,2.0349779999999997
132600,a/8GO8/ZUUTDICfLnP1TDAMR9AZchL9MW+VVrdWuAldBlNN1XjDnHdN4wV76ezxt,1.2017280000000001,3.3536879999999996,2.126478
132900,a/8GO8/ZUUTDICfLnP1TDAMR9AZchL9MW+VVrdWuAldBlNN1XjDnHdN4wV76ezxt,1.309001,2.690409,2.0178849999999997
133200,a/8GO8/ZUUTDICfLnP1TDAMR9AZchL9MW+VVrdWuAldBlNN1XjDnHdN4wV76ezxt,1.147456,4.151629,2.141241
133500,a/8GO8/ZUUTDICfLnP1TDAMR9AZchL9MW+VVrdWuAldBlNN1XjDnHdN4wV76ezxt,1.266931,3.2855309999999998,2.271721
133800,a/8GO8/ZUUTDICfLnP1TDAMR9AZchL9MW+VVrdWuAldBlNN1XjDnHdN4wV76ezxt,1.321968,3.3670199999999997,2.179573
134100,a/8GO8/ZUUTDICfLnP1TDAMR9AZchL9MW+VVrdWuAldBlNN1XjDnHdN4wV76ezxt,1.2383440000000001,2.723364,2.028797
134400,a/8GO8/ZUUTDICfLnP1TDAMR9AZchL9MW+VVrdWuAldBlNN1XjDnHdN4wV76ezxt,1.260097,3.6784449999999995,2.2146529999999998
134700,a/8GO8/ZUUTDICfLnP1TDAMR9AZchL9MW+VVrdWuAldBlNN1XjDnHdN4wV76ezxt,1.016491,3.0105459999999997,2.080673
135000,a/8GO8/ZUUTDICfLnP1TDAMR9AZchL9MW+VVrdWuAldBlNN1XjDnHdN4wV76ezxt,1.2856020000000001,10.847760000000001,2.733193
135300,a/8GO8/ZUUTDICfLnP1TDAMR9AZchL9MW+VVrdWuAldBlNN1XjDnHdN4wV76ezxt,1.2129290000000001,2.852223,2.149743
135600,a/8GO8/ZUUTDICfLnP1TDAMR9AZchL9MW+VVrdWuAldBlNN1XjDnHdN4wV76ezxt,1.335,3.9516760000000004,2.207432
135900,a/8GO8/ZUUTDICfLnP1TDAMR9AZchL9MW+VVrdWuAldBlNN1XjDnHdN4wV76ezxt,1.666612,4.444705,2.491691
136200,a/8GO8/ZUUTDICfLnP1TDAMR9AZchL9MW+VVrdWuAldBlNN1XjDnHdN4wV76ezxt,1.261158,2.695953,2.113562
136500,a/8GO8/ZUUTDICfLnP1TDAMR9AZchL9MW+VVrdWuAldBlNN1XjDnHdN4wV76ezxt,1.349898,2.779402,2.050852
136800,a/8GO8/ZUUTDICfLnP1TDAMR9AZchL9MW+VVrdWuAldBlNN1XjDnHdN4wV76ezxt,1.448448,3.209956,2.2120290000000002
137100,a/8GO8/ZUUTDICfLnP1TDAMR9AZchL9MW+VVrdWuAldBlNN1XjDnHdN4wV76ezxt,1.298123,3.54334,2.14298
137400,a/8GO8/ZUUTDICfLnP1TDAMR9AZchL9MW+VVrdWuAldBlNN1XjDnHdN4wV76ezxt,1.058442,3.3740050000000004,2.193855
137700,a/8GO8/ZUUTDICfLnP1TDAMR9AZchL9MW+VVrdWuAldBlNN1XjDnHdN4wV76ezxt,1.323702,2.771228,2.000814
138000,a/8GO8/ZUUTDICfLnP1TDAMR9AZchL9MW+VVrdWuAldBlNN1XjDnHdN4wV76ezxt,1.323059,3.412439,2.0141169999999997
138300,a/8GO8/ZUUTDICfLnP1TDAMR9AZchL9MW+VVrdWuAldBlNN1XjDnHdN4wV76ezxt,1.354518,3.8541480000000004,2.376566
138600,a/8GO8/ZUUTDICfLnP1TDAMR9AZchL9MW+VVrdWuAldBlNN1XjDnHdN4wV76ezxt,0.9636680000000001,2.749563,2.0487919999999997
138900,a/8GO8/ZUUTDICfLnP1TDAMR9AZchL9MW+VVrdWuAldBlNN1XjDnHdN4wV76ezxt,1.275802,3.261143,2.055158
139200,a/8GO8/ZUUTDICfLnP1TDAMR9AZchL9MW+VVrdWuAldBlNN1XjDnHdN4wV76ezxt,1.298442,2.964438,2.021729
139500,a/8GO8/ZUUTDICfLnP1TDAMR9AZchL9MW+VVrdWuAldBlNN1XjDnHdN4wV76ezxt,1.2564799999999998,3.436789,2.259457
139800,a/8GO8/ZUUTDICfLnP1TDAMR9AZchL9MW+VVrdWuAldBlNN1XjDnHdN4wV76ezxt,1.2820340000000001,4.8505080000000005,2.199223
140100,a/8GO8/ZUUTDICfLnP1TDAMR9AZchL9MW+VVrdWuAldBlNN1XjDnHdN4wV76ezxt,1.127175,3.233678,2.069977
140400,a/8GO8/ZUUTDICfLnP1TDAMR9AZchL9MW+VVrdWuAldBlNN1XjDnHdN4wV76ezxt,1.369212,3.917785,2.163416
140700,a/8GO8/ZUUTDICfLnP1TDAMR9AZchL9MW+VVrdWuAldBlNN1XjDnHdN4wV76ezxt,1.373042,3.195766,1.9967700000000002
141000,a/8GO8/ZUUTDICfLnP1TDAMR9AZchL9MW+VVrdWuAldBlNN1XjDnHdN4wV76ezxt,1.353099,3.549812,2.174646
141300,a/8GO8/ZUUTDICfLnP1TDAMR9AZchL9MW+VVrdWuAldBlNN1XjDnHdN4wV76ezxt,1.294402,3.1963630000000003,2.179323
141600,a/8GO8/ZUUTDICfLnP1TDAMR9AZchL9MW+VVrdWuAldBlNN1XjDnHdN4wV76ezxt,1.257957,3.032609,1.9955029999999998
141900,a/8GO8/ZUUTDICfLnP1TDAMR9AZchL9MW+VVrdWuAldBlNN1XjDnHdN4wV76ezxt,1.222429,3.028205,2.0903150000000004
142200,a/8GO8/ZUUTDICfLnP1TDAMR9AZchL9MW+VVrdWuAldBlNN1XjDnHdN4wV76ezxt,1.330533,3.226422,2.1574240000000002
142500,a/8GO8/ZUUTDICfLnP1TDAMR9AZchL9MW+VVrdWuAldBlNN1XjDnHdN4wV76ezxt,1.3774520000000001,4.147673,2.191774
142800,a/8GO8/ZUUTDICfLnP1TDAMR9AZchL9MW+VVrdWuAldBlNN1XjDnHdN4wV76ezxt,1.398583,3.0237950000000002,2.044236
143100,a/8GO8/ZUUTDICfLnP1TDAMR9AZchL9MW+VVrdWuAldBlNN1XjDnHdN4wV76ezxt,1.291276,2.7050799999999997,2.047243
143400,a/8GO8/ZUUTDICfLnP1TDAMR9AZchL9MW+VVrdWuAldBlNN1XjDnHdN4wV76ezxt,1.239221,3.722039,2.107513
143700,a/8GO8/ZUUTDICfLnP1TDAMR9AZchL9MW+VVrdWuAldBlNN1XjDnHdN4wV76ezxt,1.261276,3.36424,2.210372
144000,a/8GO8/ZUUTDICfLnP1TDAMR9AZchL9MW+VVrdWuAldBlNN1XjDnHdN4wV76ezxt,1.189742,3.1034990000000002,1.9731290000000001
144300,a/8GO8/ZUUTDICfLnP1TDAMR9AZchL9MW+VVrdWuAldBlNN1XjDnHdN4wV76ezxt,1.4118709999999999,3.041291,1.990864
144600,a/8GO8/ZUUTDICfLnP1TDAMR9AZchL9MW+VVrdWuAldBlNN1XjDnHdN4wV76ezxt,1.348423,5.483556,2.658759
144900,a/8GO8/ZUUTDICfLnP1TDAMR9AZchL9MW+VVrdWuAldBlNN1XjDnHdN4wV76ezxt,1.206353,2.743547,2.107802
145200,a/8GO8/ZUUTDICfLnP1TDAMR9AZchL9MW+VVrdWuAldBlNN1XjDnHdN4wV76ezxt,1.326382,3.43725,2.023392
145500,a/8GO8/ZUUTDICfLnP1TDAMR9AZchL9MW+VVrdWuAldBlNN1XjDnHdN4wV76ezxt,0.933183,3.3077050000000003,2.159049
145800,a/8GO8/ZUUTDICfLnP1TDAMR9AZchL9MW+VVrdWuAldBlNN1XjDnHdN4wV76ezxt,1.205557,2.96607,2.197094
146100,a/8GO8/ZUUTDICfLnP1TDAMR9AZchL9MW+VVrdWuAldBlNN1XjDnHdN4wV76ezxt,0.52887,3.1715259999999996,1.90097
146400,a/8GO8/ZUUTDICfLnP1TDAMR9AZchL9MW+VVrdWuAldBlNN1XjDnHdN4wV76ezxt,1.309088,4.211808,2.1782
146700,a/8GO8/ZUUTDICfLnP1TDAMR9AZchL9MW+VVrdWuAldBlNN1XjDnHdN4wV76ezxt,0.8032050000000001,3.14255,1.9448830000000001
147000,a/8GO8/ZUUTDICfLnP1TDAMR9AZchL9MW+VVrdWuAldBlNN1XjDnHdN4wV76ezxt,0.528501,2.963895,1.899182
147300,a/8GO8/ZUUTDICfLnP1TDAMR9AZchL9MW+VVrdWuAldBlNN1XjDnHdN4wV76ezxt,1.274491,3.045224,2.183373
147600,a/8GO8/ZUUTDICfLnP1TDAMR9AZchL9MW+VVrdWuAldBlNN1XjDnHdN4wV76ezxt,0.621684,3.100912,1.941057
147900,a/8GO8/ZUUTDICfLnP1TDAMR9AZchL9MW+VVrdWuAldBlNN1XjDnHdN4wV76ezxt,1.44193,9.653027999999999,2.855298
148200,a/8GO8/ZUUTDICfLnP1TDAMR9AZchL9MW+VVrdWuAldBlNN1XjDnHdN4wV76ezxt,0.5250100000000001,3.406422,2.109673
148500,a/8GO8/ZUUTDICfLnP1TDAMR9AZchL9MW+VVrdWuAldBlNN1XjDnHdN4wV76ezxt,1.129432,2.9550680000000003,2.042929
148800,a/8GO8/ZUUTDICfLnP1TDAMR9AZchL9MW+VVrdWuAldBlNN1XjDnHdN4wV76ezxt,0.582918,4.353165,2.05554
149100,a/8GO8/ZUUTDICfLnP1TDAMR9AZchL9MW+VVrdWuAldBlNN1XjDnHdN4wV76ezxt,1.274433,4.134343,2.212899
149400,a/8GO8/ZUUTDICfLnP1TDAMR9AZchL9MW+VVrdWuAldBlNN1XjDnHdN4wV76ezxt,1.067743,2.756326,1.879132
149700,a/8GO8/ZUUTDICfLnP1TDAMR9AZchL9MW+VVrdWuAldBlNN1XjDnHdN4wV76ezxt,0.924433,3.553318,2.0377959999999997
150000,a/8GO8/ZUUTDICfLnP1TDAMR9AZchL9MW+VVrdWuAldBlNN1XjDnHdN4wV76ezxt,1.335823,2.932518,2.027762
150300,a/8GO8/ZUUTDICfLnP1TDAMR9AZchL9MW+VVrdWuAldBlNN1XjDnHdN4wV76ezxt,1.113283,3.8929370000000003,2.0888299999999997
150600,a/8GO8/ZUUTDICfLnP1TDAMR9AZchL9MW+VVrdWuAldBlNN1XjDnHdN4wV76ezxt,1.432855,3.2642889999999998,2.031629
150900,a/8GO8/ZUUTDICfLnP1TDAMR9AZchL9MW+VVrdWuAldBlNN1XjDnHdN4wV76ezxt,1.111265,3.039305,2.07044
151200,a/8GO8/ZUUTDICfLnP1TDAMR9AZchL9MW+VVrdWuAldBlNN1XjDnHdN4wV76ezxt,1.245393,2.749953,2.0118110000000002
151500,a/8GO8/ZUUTDICfLnP1TDAMR9AZchL9MW+VVrdWuAldBlNN1XjDnHdN4wV76ezxt,0.970836,3.2149490000000003,1.954118
151800,a/8GO8/ZUUTDICfLnP1TDAMR9AZchL9MW+VVrdWuAldBlNN1XjDnHdN4wV76ezxt,1.217531,2.7360330000000004,1.993702
152100,a/8GO8/ZUUTDICfLnP1TDAMR9AZchL9MW+VVrdWuAldBlNN1XjDnHdN4wV76ezxt,1.220656,4.072179,2.061904
152400,a/8GO8/ZUUTDICfLnP1TDAMR9AZchL9MW+VVrdWuAldBlNN1XjDnHdN4wV76ezxt,1.388487,2.701675,2.009109
152700,a/8GO8/ZUUTDICfLnP1TDAMR9AZchL9MW+VVrdWuAldBlNN1XjDnHdN4wV76ezxt,1.302218,2.878548,2.018818
153000,a/8GO8/ZUUTDICfLnP1TDAMR9AZchL9MW+VVrdWuAldBlNN1XjDnHdN4wV76ezxt,1.337459,3.949702,2.385328
153300,a/8GO8/ZUUTDICfLnP1TDAMR9AZchL9MW+VVrdWuAldBlNN1XjDnHdN4wV76ezxt,1.387886,2.787648,2.0255970000000003
153600,a/8GO8/ZUUTDICfLnP1TDAMR9AZchL9MW+VVrdWuAldBlNN1XjDnHdN4wV76ezxt,1.292889,3.9514050000000003,2.218553
153900,a/8GO8/ZUUTDICfLnP1TDAMR9AZchL9MW+VVrdWuAldBlNN1XjDnHdN4wV76ezxt,1.339138,2.9559740000000003,2.088737
154200,a/8GO8/ZUUTDICfLnP1TDAMR9AZchL9MW+VVrdWuAldBlNN1XjDnHdN4wV76ezxt,0.992122,2.9245080000000003,1.9112360000000002
154500,a/8GO8/ZUUTDICfLnP1TDAMR9AZchL9MW+VVrdWuAldBlNN1XjDnHdN4wV76ezxt,1.179341,2.984701,1.997502
154800,a/8GO8/ZUUTDICfLnP1TDAMR9AZchL9MW+VVrdWuAldBlNN1XjDnHdN4wV76ezxt,0.690213,2.627178,1.8994919999999997
155100,a/8GO8/ZUUTDICfLnP1TDAMR9AZchL9MW+VVrdWuAldBlNN1XjDnHdN4wV76ezxt,0.5215810000000001,3.668073,2.041362
155400,a/8GO8/ZUUTDICfLnP1TDAMR9AZchL9MW+VVrdWuAldBlNN1XjDnHdN4wV76ezxt,1.314473,3.211494,2.165709
155700,a/8GO8/ZUUTDICfLnP1TDAMR9AZchL9MW+VVrdWuAldBlNN1XjDnHdN4wV76ezxt,0.580904,4.088011,2.075071
156000,a/8GO8/ZUUTDICfLnP1TDAMR9AZchL9MW+VVrdWuAldBlNN1XjDnHdN4wV76ezxt,1.410842,2.7543729999999997,2.0253900000000002
156300,a/8GO8/ZUUTDICfLnP1TDAMR9AZchL9MW+VVrdWuAldBlNN1XjDnHdN4wV76ezxt,1.042615,2.933462,1.917089
156600,a/8GO8/ZUUTDICfLnP1TDAMR9AZchL9MW+VVrdWuAldBlNN1XjDnHdN4wV76ezxt,1.376025,2.65465,2.048595
156900,a/8GO8/ZUUTDICfLnP1TDAMR9AZchL9MW+VVrdWuAldBlNN1XjDnHdN4wV76ezxt,1.3263479999999999,3.040178,1.984589
157200,a/8GO8/ZUUTDICfLnP1TDAMR9AZchL9MW+VVrdWuAldBlNN1XjDnHdN4wV76ezxt,1.284712,3.8845300000000003,2.300432
157500,a/8GO8/ZUUTDICfLnP1TDAMR9AZchL9MW+VVrdWuAldBlNN1XjDnHdN4wV76ezxt,1.120776,2.578952,1.990016
157800,a/8GO8/ZUUTDICfLnP1TDAMR9AZchL9MW+VVrdWuAldBlNN1XjDnHdN4wV76ezxt,0.91881,3.8268400000000002,2.0630349999999997
158100,a/8GO8/ZUUTDICfLnP1TDAMR9AZchL9MW+VVrdWuAldBlNN1XjDnHdN4wV76ezxt,1.315607,3.870977,2.1349270000000002
158400,a/8GO8/ZUUTDICfLnP1TDAMR9AZchL9MW+VVrdWuAldBlNN1XjDnHdN4wV76ezxt,0.8684850000000001,3.1064130000000003,1.9919639999999998
158700,a/8GO8/ZUUTDICfLnP1TDAMR9AZchL9MW+VVrdWuAldBlNN1XjDnHdN4wV76ezxt,1.377525,3.582303,2.3098669999999997
159000,a/8GO8/ZUUTDICfLnP1TDAMR9AZchL9MW+VVrdWuAldBlNN1XjDnHdN4wV76ezxt,0.790828,2.759582,1.899689
159300,a/8GO8/ZUUTDICfLnP1TDAMR9AZchL9MW+VVrdWuAldBlNN1XjDnHdN4wV76ezxt,1.2951,2.808553,2.089261
159600,a/8GO8/ZUUTDICfLnP1TDAMR9AZchL9MW+VVrdWuAldBlNN1XjDnHdN4wV76ezxt,1.300575,2.672615,1.947114
159900,a/8GO8/ZUUTDICfLnP1TDAMR9AZchL9MW+VVrdWuAldBlNN1XjDnHdN4wV76ezxt,1.421837,3.929379,2.182959
160200,a/8GO8/ZUUTDICfLnP1TDAMR9AZchL9MW+VVrdWuAldBlNN1XjDnHdN4wV76ezxt,1.1710969999999998,3.531941,2.093994
160500,a/8GO8/ZUUTDICfLnP1TDAMR9AZchL9MW+VVrdWuAldBlNN1XjDnHdN4wV76ezxt,1.14911,2.6547709999999998,1.94051
160800,a/8GO8/ZUUTDICfLnP1TDAMR9AZchL9MW+VVrdWuAldBlNN1XjDnHdN4wV76ezxt,1.349281,3.760904,2.218734
161100,a/8GO8/ZUUTDICfLnP1TDAMR9AZchL9MW+VVrdWuAldBlNN1XjDnHdN4wV76ezxt,0.646579,2.798892,2.013281
161400,a/8GO8/ZUUTDICfLnP1TDAMR9AZchL9MW+VVrdWuAldBlNN1XjDnHdN4wV76ezxt,1.388575,2.706399,2.007797
161700,a/8GO8/ZUUTDICfLnP1TDAMR9AZchL9MW+VVrdWuAldBlNN1XjDnHdN4wV76ezxt,0.844333,2.834386,1.9108150000000002
162000,a/8GO8/ZUUTDICfLnP1TDAMR9AZchL9MW+VVrdWuAldBlNN1XjDnHdN4wV76ezxt,1.423451,3.9573150000000004,2.19225
162300,a/8GO8/ZUUTDICfLnP1TDAMR9AZchL9MW+VVrdWuAldBlNN1XjDnHdN4wV76ezxt,1.347334,3.3757940000000004,2.142091
162600,a/8GO8/ZUUTDICfLnP1TDAMR9AZchL9MW+VVrdWuAldBlNN1XjDnHdN4wV76ezxt,1.366507,4.072266,2.090697
162900,a/8GO8/ZUUTDICfLnP1TDAMR9AZchL9MW+VVrdWuAldBlNN1XjDnHdN4wV76ezxt,0.672937,4.007544,2.078153
163200,a/8GO8/ZUUTDICfLnP1TDAMR9AZchL9MW+VVrdWuAldBlNN1XjDnHdN4wV76ezxt,1.283782,2.869204,1.9707560000000002
163500,a/8GO8/ZUUTDICfLnP1TDAMR9AZchL9MW+VVrdWuAldBlNN1XjDnHdN4wV76ezxt,1.319775,2.745788,2.013859
163800,a/8GO8/ZUUTDICfLnP1TDAMR9AZchL9MW+VVrdWuAldBlNN1XjDnHdN4wV76ezxt,1.117813,3.884064,2.235399
164100,a/8GO8/ZUUTDICfLnP1TDAMR9AZchL9MW+VVrdWuAldBlNN1XjDnHdN4wV76ezxt,1.513248,2.834314,2.062027
164400,a/8GO8/ZUUTDICfLnP1TDAMR9AZchL9MW+VVrdWuAldBlNN1XjDnHdN4wV76ezxt,0.832411,3.0226889999999997,1.9336799999999998
164700,a/8GO8/ZUUTDICfLnP1TDAMR9AZchL9MW+VVrdWuAldBlNN1XjDnHdN4wV76ezxt,1.273145,2.854105,2.02697
165000,a/8GO8/ZUUTDICfLnP1TDAMR9AZchL9MW+VVrdWuAldBlNN1XjDnHdN4wV76ezxt,1.285057,15.618267999999999,2.860379
165300,a/8GO8/ZUUTDICfLnP1TDAMR9AZchL9MW+VVrdWuAldBlNN1XjDnHdN4wV76ezxt,1.350286,3.6805790000000003,2.155451
165600,a/8GO8/ZUUTDICfLnP1TDAMR9AZchL9MW+VVrdWuAldBlNN1XjDnHdN4wV76ezxt,0.943809,2.829327,1.97117
165900,a/8GO8/ZUUTDICfLnP1TDAMR9AZchL9MW+VVrdWuAldBlNN1XjDnHdN4wV76ezxt,1.1245690000000002,2.960777,1.9428860000000001
166200,a/8GO8/ZUUTDICfLnP1TDAMR9AZchL9MW+VVrdWuAldBlNN1XjDnHdN4wV76ezxt,1.2503229999999999,4.653721,2.280405
166500,a/8GO8/ZUUTDICfLnP1TDAMR9AZchL9MW+VVrdWuAldBlNN1XjDnHdN4wV76ezxt,1.0928440000000001,3.1912,1.960215
166800,a/8GO8/ZUUTDICfLnP1TDAMR9AZchL9MW+VVrdWuAldBlNN1XjDnHdN4wV76ezxt,1.231362,4.114375,2.292166
167100,a/8GO8/ZUUTDICfLnP1TDAMR9AZchL9MW+VVrdWuAldBlNN1XjDnHdN4wV76ezxt,1.3548040000000001,3.044684,2.010392
167400,a/8GO8/ZUUTDICfLnP1TDAMR9AZchL9MW+VVrdWuAldBlNN1XjDnHdN4wV76ezxt,1.2997040000000002,3.3035160000000006,2.0578380000000003
167700,a/8GO8/ZUUTDICfLnP1TDAMR9AZchL9MW+VVrdWuAldBlNN1XjDnHdN4wV76ezxt,0.6441180000000001,2.866882,1.9044619999999999
168000,a/8GO8/ZUUTDICfLnP1TDAMR9AZchL9MW+VVrdWuAldBlNN1XjDnHdN4wV76ezxt,1.280797,3.9210830000000003,2.239384
168300,a/8GO8/ZUUTDICfLnP1TDAMR9AZchL9MW+VVrdWuAldBlNN1XjDnHdN4wV76ezxt,0.945041,2.9775150000000004,1.894184
168600,a/8GO8/ZUUTDICfLnP1TDAMR9AZchL9MW+VVrdWuAldBlNN1XjDnHdN4wV76ezxt,0.566711,2.737066,1.858209
168900,a/8GO8/ZUUTDICfLnP1TDAMR9AZchL9MW+VVrdWuAldBlNN1XjDnHdN4wV76ezxt,1.319359,2.789515,2.016986
169200,a/8GO8/ZUUTDICfLnP1TDAMR9AZchL9MW+VVrdWuAldBlNN1XjDnHdN4wV76ezxt,0.718218,3.172222,2.063416
169500,a/8GO8/ZUUTDICfLnP1TDAMR9AZchL9MW+VVrdWuAldBlNN1XjDnHdN4wV76ezxt,1.315765,3.5637489999999996,2.176425
169800,a/8GO8/ZUUTDICfLnP1TDAMR9AZchL9MW+VVrdWuAldBlNN1XjDnHdN4wV76ezxt,0.547459,3.6465589999999994,2.0244590000000002
170100,a/8GO8/ZUUTDICfLnP1TDAMR9AZchL9MW+VVrdWuAldBlNN1XjDnHdN4wV76ezxt,1.266793,3.177089,2.0731
170400,a/8GO8/ZUUTDICfLnP1TDAMR9AZchL9MW+VVrdWuAldBlNN1XjDnHdN4wV76ezxt,1.1264319999999999,3.5222059999999997,2.050039
170700,a/8GO8/ZUUTDICfLnP1TDAMR9AZchL9MW+VVrdWuAldBlNN1XjDnHdN4wV76ezxt,1.297281,2.941611,2.046773
171000,a/8GO8/ZUUTDICfLnP1TDAMR9AZchL9MW+VVrdWuAldBlNN1XjDnHdN4wV76ezxt,0.788447,3.293399,2.00627
171300,a/8GO8/ZUUTDICfLnP1TDAMR9AZchL9MW+VVrdWuAldBlNN1XjDnHdN4wV76ezxt,0.9490709999999999,2.836548,1.879402
171600,a/8GO8/ZUUTDICfLnP1TDAMR9AZchL9MW+VVrdWuAldBlNN1XjDnHdN4wV76ezxt,1.393716,4.263745,2.142368
171900,a/8GO8/ZUUTDICfLnP1TDAMR9AZchL9MW+VVrdWuAldBlNN1XjDnHdN4wV76ezxt,0.5812729999999999,3.527594,1.992572
172200,a/8GO8/ZUUTDICfLnP1TDAMR9AZchL9MW+VVrdWuAldBlNN1XjDnHdN4wV76ezxt,1.223438,2.799786,2.008286
172500,a/8GO8/ZUUTDICfLnP1TDAMR9AZchL9MW+VVrdWuAldBlNN1XjDnHdN4wV76ezxt,1.230089,3.6242349999999997,2.1026740000000004
172800,a/8GO8/ZUUTDICfLnP1TDAMR9AZchL9MW+VVrdWuAldBlNN1XjDnHdN4wV76ezxt,1.267032,3.466794,2.0583259999999997
173100,a/8GO8/ZUUTDICfLnP1TDAMR9AZchL9MW+VVrdWuAldBlNN1XjDnHdN4wV76ezxt,0.861448,2.994769,1.884023
173400,a/8GO8/ZUUTDICfLnP1TDAMR9AZchL9MW+VVrdWuAldBlNN1XjDnHdN4wV76ezxt,1.41421,3.667375,2.272602
173700,a/8GO8/ZUUTDICfLnP1TDAMR9AZchL9MW+VVrdWuAldBlNN1XjDnHdN4wV76ezxt,1.349851,3.025939,1.918868
174000,a/8GO8/ZUUTDICfLnP1TDAMR9AZchL9MW+VVrdWuAldBlNN1XjDnHdN4wV76ezxt,1.208532,3.1353299999999997,1.9510509999999999
174300,a/8GO8/ZUUTDICfLnP1TDAMR9AZchL9MW+VVrdWuAldBlNN1XjDnHdN4wV76ezxt,1.333161,3.646927,2.291657
174600,a/8GO8/ZUUTDICfLnP1TDAMR9AZchL9MW+VVrdWuAldBlNN1XjDnHdN4wV76ezxt,0.655366,3.3979129999999995,1.917355
174900,a/8GO8/ZUUTDICfLnP1TDAMR9AZchL9MW+VVrdWuAldBlNN1XjDnHdN4wV76ezxt,1.224219,2.737898,2.001586
175200,a/8GO8/ZUUTDICfLnP1TDAMR9AZchL9MW+VVrdWuAldBlNN1XjDnHdN4wV76ezxt,1.157178,3.7259919999999997,2.13279
175500,a/8GO8/ZUUTDICfLnP1TDAMR9AZchL9MW+VVrdWuAldBlNN1XjDnHdN4wV76ezxt,1.232601,3.184332,2.053081
175800,a/8GO8/ZUUTDICfLnP1TDAMR9AZchL9MW+VVrdWuAldBlNN1XjDnHdN4wV76ezxt,0.467584,2.651348,1.808416
176100,a/8GO8/ZUUTDICfLnP1TDAMR9AZchL9MW+VVrdWuAldBlNN1XjDnHdN4wV76ezxt,1.327761,2.875073,1.990722
176400,a/8GO8/ZUUTDICfLnP1TDAMR9AZchL9MW+VVrdWuAldBlNN1XjDnHdN4wV76ezxt,0.736229,4.091073000000001,2.1029259999999996
176700,a/8GO8/ZUUTDICfLnP1TDAMR9AZchL9MW+VVrdWuAldBlNN1XjDnHdN4wV76ezxt,0.9123700000000001,2.8950080000000002,1.8462880000000002
177000,a/8GO8/ZUUTDICfLnP1TDAMR9AZchL9MW+VVrdWuAldBlNN1XjDnHdN4wV76ezxt,1.437371,3.3496010000000003,2.148888
177300,a/8GO8/ZUUTDICfLnP1TDAMR9AZchL9MW+VVrdWuAldBlNN1XjDnHdN4wV76ezxt,1.393877,3.3541260000000004,2.108217
177600,a/8GO8/ZUUTDICfLnP1TDAMR9AZchL9MW+VVrdWuAldBlNN1XjDnHdN4wV76ezxt,1.131363,2.8067849999999996,2.043662
177900,a/8GO8/ZUUTDICfLnP1TDAMR9AZchL9MW+VVrdWuAldBlNN1XjDnHdN4wV76ezxt,1.235486,4.349181,2.119725
178200,a/8GO8/ZUUTDICfLnP1TDAMR9AZchL9MW+VVrdWuAldBlNN1XjDnHdN4wV76ezxt,1.325208,3.508407,2.35268
178500,a/8GO8/ZUUTDICfLnP1TDAMR9AZchL9MW+VVrdWuAldBlNN1XjDnHdN4wV76ezxt,1.036286,3.071216,1.8949639999999999
178800,a/8GO8/ZUUTDICfLnP1TDAMR9AZchL9MW+VVrdWuAldBlNN1XjDnHdN4wV76ezxt,1.317475,2.744243,2.013958
179100,a/8GO8/ZUUTDICfLnP1TDAMR9AZchL9MW+VVrdWuAldBlNN1XjDnHdN4wV76ezxt,1.140722,4.52184,2.1178169999999996
179400,a/8GO8/ZUUTDICfLnP1TDAMR9AZchL9MW+VVrdWuAldBlNN1XjDnHdN4wV76ezxt,1.032106,3.620586,2.082796
179700,a/8GO8/ZUUTDICfLnP1TDAMR9AZchL9MW+VVrdWuAldBlNN1XjDnHdN4wV76ezxt,1.2651219999999999,2.664087,1.975987
180000,a/8GO8/ZUUTDICfLnP1TDAMR9AZchL9MW+VVrdWuAldBlNN1XjDnHdN4wV76ezxt,0.9710549999999999,2.691626,1.9643259999999998
180300,a/8GO8/ZUUTDICfLnP1TDAMR9AZchL9MW+VVrdWuAldBlNN1XjDnHdN4wV76ezxt,1.388927,2.751588,2.030602
180600,a/8GO8/ZUUTDICfLnP1TDAMR9AZchL9MW+VVrdWuAldBlNN1XjDnHdN4wV76ezxt,1.289796,4.011935,2.278579
180900,a/8GO8/ZUUTDICfLnP1TDAMR9AZchL9MW+VVrdWuAldBlNN1XjDnHdN4wV76ezxt,1.3395620000000001,2.801686,2.042563
181200,a/8GO8/ZUUTDICfLnP1TDAMR9AZchL9MW+VVrdWuAldBlNN1XjDnHdN4wV76ezxt,1.118265,3.2821480000000003,2.130215
181500,a/8GO8/ZUUTDICfLnP1TDAMR9AZchL9MW+VVrdWuAldBlNN1XjDnHdN4wV76ezxt,1.382157,3.8098589999999994,2.2002610000000002
181800,a/8GO8/ZUUTDICfLnP1TDAMR9AZchL9MW+VVrdWuAldBlNN1XjDnHdN4wV76ezxt,1.4468239999999999,4.3080110000000005,2.1352900000000004
182100,a/8GO8/ZUUTDICfLnP1TDAMR9AZchL9MW+VVrdWuAldBlNN1XjDnHdN4wV76ezxt,1.284433,2.5745669999999996,1.9329990000000001
182400,a/8GO8/ZUUTDICfLnP1TDAMR9AZchL9MW+VVrdWuAldBlNN1XjDnHdN4wV76ezxt,1.4874450000000001,3.488453,2.2102459999999997
182700,a/8GO8/ZUUTDICfLnP1TDAMR9AZchL9MW+VVrdWuAldBlNN1XjDnHdN4wV76ezxt,1.275033,4.215798,2.2062060000000003
183000,a/8GO8/ZUUTDICfLnP1TDAMR9AZchL9MW+VVrdWuAldBlNN1XjDnHdN4wV76ezxt,1.241754,2.638572,1.9468400000000001
183300,a/8GO8/ZUUTDICfLnP1TDAMR9AZchL9MW+VVrdWuAldBlNN1XjDnHdN4wV76ezxt,1.270408,3.481992,2.238741
183600,a/8GO8/ZUUTDICfLnP1TDAMR9AZchL9MW+VVrdWuAldBlNN1XjDnHdN4wV76ezxt,1.0180129999999998,2.78825,2.0328939999999998
183900,a/8GO8/ZUUTDICfLnP1TDAMR9AZchL9MW+VVrdWuAldBlNN1XjDnHdN4wV76ezxt,0.871324,2.820864,1.874955
184200,a/8GO8/ZUUTDICfLnP1TDAMR9AZchL9MW+VVrdWuAldBlNN1XjDnHdN4wV76ezxt,1.380927,3.5044440000000003,2.28546
184500,a/8GO8/ZUUTDICfLnP1TDAMR9AZchL9MW+VVrdWuAldBlNN1XjDnHdN4wV76ezxt,0.839463,2.955845,1.9815619999999998
184800,a/8GO8/ZUUTDICfLnP1TDAMR9AZchL9MW+VVrdWuAldBlNN1XjDnHdN4wV76ezxt,1.207325,2.890716,1.9286919999999999
185100,a/8GO8/ZUUTDICfLnP1TDAMR9AZchL9MW+VVrdWuAldBlNN1XjDnHdN4wV76ezxt,1.321307,2.978126,2.005249
185400,a/8GO8/ZUUTDICfLnP1TDAMR9AZchL9MW+VVrdWuAldBlNN1XjDnHdN4wV76ezxt,1.350198,3.7123720000000002,2.357533
185700,a/8GO8/ZUUTDICfLnP1TDAMR9AZchL9MW+VVrdWuAldBlNN1XjDnHdN4wV76ezxt,1.337736,2.8875599999999997,2.063484
186000,a/8GO8/ZUUTDICfLnP1TDAMR9AZchL9MW+VVrdWuAldBlNN1XjDnHdN4wV76ezxt,1.270377,2.827007,1.9668259999999997
186300,a/8GO8/ZUUTDICfLnP1TDAMR9AZchL9MW+VVrdWuAldBlNN1XjDnHdN4wV76ezxt,1.2374889999999998,2.771088,2.033498
186600,a/8GO8/ZUUTDICfLnP1TDAMR9AZchL9MW+VVrdWuAldBlNN1XjDnHdN4wV76ezxt,0.958025,4.1448480000000005,2.209508
186900,a/8GO8/ZUUTDICfLnP1TDAMR9AZchL9MW+VVrdWuAldBlNN1XjDnHdN4wV76ezxt,1.155693,2.603758,2.029202
187200,a/8GO8/ZUUTDICfLnP1TDAMR9AZchL9MW+VVrdWuAldBlNN1XjDnHdN4wV76ezxt,1.2014559999999999,21.708639,4.14733
187500,a/8GO8/ZUUTDICfLnP1TDAMR9AZchL9MW+VVrdWuAldBlNN1XjDnHdN4wV76ezxt,1.225023,2.875871,1.9952900000000002
187800,a/8GO8/ZUUTDICfLnP1TDAMR9AZchL9MW+VVrdWuAldBlNN1XjDnHdN4wV76ezxt,1.169875,3.436461,2.246547
188100,a/8GO8/ZUUTDICfLnP1TDAMR9AZchL9MW+VVrdWuAldBlNN1XjDnHdN4wV76ezxt,1.019698,2.759783,2.021856
188400,a/8GO8/ZUUTDICfLnP1TDAMR9AZchL9MW+VVrdWuAldBlNN1XjDnHdN4wV76ezxt,1.18851,2.88802,2.005145
188700,a/8GO8/ZUUTDICfLnP1TDAMR9AZchL9MW+VVrdWuAldBlNN1XjDnHdN4wV76ezxt,1.072875,2.8886,1.983669
189000,a/8GO8/ZUUTDICfLnP1TDAMR9AZchL9MW+VVrdWuAldBlNN1XjDnHdN4wV76ezxt,1.2663719999999998,3.005609,2.199559
189300,a/8GO8/ZUUTDICfLnP1TDAMR9AZchL9MW+VVrdWuAldBlNN1XjDnHdN4wV76ezxt,1.283096,2.750239,1.927355
189600,a/8GO8/ZUUTDICfLnP1TDAMR9AZchL9MW+VVrdWuAldBlNN1XjDnHdN4wV76ezxt,1.567245,5.270721,2.31903
189900,a/8GO8/ZUUTDICfLnP1TDAMR9AZchL9MW+VVrdWuAldBlNN1XjDnHdN4wV76ezxt,1.341744,5.317519,2.214986
190200,a/8GO8/ZUUTDICfLnP1TDAMR9AZchL9MW+VVrdWuAldBlNN1XjDnHdN4wV76ezxt,1.413781,4.0801169999999995,2.136139
190500,a/8GO8/ZUUTDICfLnP1TDAMR9AZchL9MW+VVrdWuAldBlNN1XjDnHdN4wV76ezxt,1.105159,2.993076,1.9680849999999999
190800,a/8GO8/ZUUTDICfLnP1TDAMR9AZchL9MW+VVrdWuAldBlNN1XjDnHdN4wV76ezxt,1.2468860000000002,3.438047,2.162264
191100,a/8GO8/ZUUTDICfLnP1TDAMR9AZchL9MW+VVrdWuAldBlNN1XjDnHdN4wV76ezxt,1.330327,2.5597060000000003,1.937409
191400,a/8GO8/ZUUTDICfLnP1TDAMR9AZchL9MW+VVrdWuAldBlNN1XjDnHdN4wV76ezxt,0.8587370000000001,3.743372,2.086224
191700,a/8GO8/ZUUTDICfLnP1TDAMR9AZchL9MW+VVrdWuAldBlNN1XjDnHdN4wV76ezxt,1.29589,3.220141,2.162607
192000,a/8GO8/ZUUTDICfLnP1TDAMR9AZchL9MW+VVrdWuAldBlNN1XjDnHdN4wV76ezxt,0.767334,2.842651,1.89756
192300,a/8GO8/ZUUTDICfLnP1TDAMR9AZchL9MW+VVrdWuAldBlNN1XjDnHdN4wV76ezxt,1.31587,2.9936979999999997,2.002872
192600,a/8GO8/ZUUTDICfLnP1TDAMR9AZchL9MW+VVrdWuAldBlNN1XjDnHdN4wV76ezxt,1.413255,7.508031,2.9859240000000002
192900,a/8GO8/ZUUTDICfLnP1TDAMR9AZchL9MW+VVrdWuAldBlNN1XjDnHdN4wV76ezxt,1.332747,3.119401,2.0113939999999997
193200,a/8GO8/ZUUTDICfLnP1TDAMR9AZchL9MW+VVrdWuAldBlNN1XjDnHdN4wV76ezxt,1.4320680000000001,5.209532,2.221542
193500,a/8GO8/ZUUTDICfLnP1TDAMR9AZchL9MW+VVrdWuAldBlNN1XjDnHdN4wV76ezxt,1.427762,12.418174,3.063775
193800,a/8GO8/ZUUTDICfLnP1TDAMR9AZchL9MW+VVrdWuAldBlNN1XjDnHdN4wV76ezxt,1.375697,3.414188,2.082119
194100,a/8GO8/ZUUTDICfLnP1TDAMR9AZchL9MW+VVrdWuAldBlNN1XjDnHdN4wV76ezxt,1.3563180000000001,3.05546,2.0588830000000002
194400,a/8GO8/ZUUTDICfLnP1TDAMR9AZchL9MW+VVrdWuAldBlNN1XjDnHdN4wV76ezxt,1.292238,3.863393,2.3276209999999997
194700,a/8GO8/ZUUTDICfLnP1TDAMR9AZchL9MW+VVrdWuAldBlNN1XjDnHdN4wV76ezxt,0.8762700000000001,2.760215,1.953166
195000,a/8GO8/ZUUTDICfLnP1TDAMR9AZchL9MW+VVrdWuAldBlNN1XjDnHdN4wV76ezxt,1.4549860000000001,3.0028599999999996,1.990466
195300,a/8GO8/ZUUTDICfLnP1TDAMR9AZchL9MW+VVrdWuAldBlNN1XjDnHdN4wV76ezxt,1.286789,6.5022519999999995,2.23434
195600,a/8GO8/ZUUTDICfLnP1TDAMR9AZchL9MW+VVrdWuAldBlNN1XjDnHdN4wV76ezxt,1.426345,2.699366,1.937212
195900,a/8GO8/ZUUTDICfLnP1TDAMR9AZchL9MW+VVrdWuAldBlNN1XjDnHdN4wV76ezxt,0.588082,5.142233,2.261311
196200,a/8GO8/ZUUTDICfLnP1TDAMR9AZchL9MW+VVrdWuAldBlNN1XjDnHdN4wV76ezxt,0.6837439999999999,2.655598,1.957555
196500,a/8GO8/ZUUTDICfLnP1TDAMR9AZchL9MW+VVrdWuAldBlNN1XjDnHdN4wV76ezxt,1.2380440000000001,3.990382,2.113206
196800,a/8GO8/ZUUTDICfLnP1TDAMR9AZchL9MW+VVrdWuAldBlNN1XjDnHdN4wV76ezxt,0.9149,3.278774,1.982733
197100,a/8GO8/ZUUTDICfLnP1TDAMR9AZchL9MW+VVrdWuAldBlNN1XjDnHdN4wV76ezxt,1.431504,3.204168,2.1767630000000002
197400,a/8GO8/ZUUTDICfLnP1TDAMR9AZchL9MW+VVrdWuAldBlNN1XjDnHdN4wV76ezxt,0.9875200000000001,2.797806,1.919689
197700,a/8GO8/ZUUTDICfLnP1TDAMR9AZchL9MW+VVrdWuAldBlNN1XjDnHdN4wV76ezxt,1.2729620000000001,3.889592,2.2848889999999997
198000,a/8GO8/ZUUTDICfLnP1TDAMR9AZchL9MW+VVrdWuAldBlNN1XjDnHdN4wV76ezxt,1.2884209999999998,4.81053,2.170697
198300,a/8GO8/ZUUTDICfLnP1TDAMR9AZchL9MW+VVrdWuAldBlNN1XjDnHdN4wV76ezxt,1.311795,2.704932,1.957389
198600,a/8GO8/ZUUTDICfLnP1TDAMR9AZchL9MW+VVrdWuAldBlNN1XjDnHdN4wV76ezxt,1.512994,5.357031,2.6078349999999997
198900,a/8GO8/ZUUTDICfLnP1TDAMR9AZchL9MW+VVrdWuAldBlNN1XjDnHdN4wV76ezxt,1.474383,5.122878,2.4060189999999997
199200,a/8GO8/ZUUTDICfLnP1TDAMR9AZchL9MW+VVrdWuAldBlNN1XjDnHdN4wV76ezxt,1.415503,2.457191,1.9656200000000001
199500,a/8GO8/ZUUTDICfLnP1TDAMR9AZchL9MW+VVrdWuAldBlNN1XjDnHdN4wV76ezxt,1.165131,3.577943,2.211488
199800,a/8GO8/ZUUTDICfLnP1TDAMR9AZchL9MW+VVrdWuAldBlNN1XjDnHdN4wV76ezxt,1.265175,2.7564189999999997,2.0648009999999997
200100,a/8GO8/ZUUTDICfLnP1TDAMR9AZchL9MW+VVrdWuAldBlNN1XjDnHdN4wV76ezxt,1.23701,4.704275,2.34158
200400,a/8GO8/ZUUTDICfLnP1TDAMR9AZchL9MW+VVrdWuAldBlNN1XjDnHdN4wV76ezxt,1.428085,3.1543400000000004,2.000973
200700,a/8GO8/ZUUTDICfLnP1TDAMR9AZchL9MW+VVrdWuAldBlNN1XjDnHdN4wV76ezxt,1.275854,5.550959,2.537903
201000,a/8GO8/ZUUTDICfLnP1TDAMR9AZchL9MW+VVrdWuAldBlNN1XjDnHdN4wV76ezxt,1.390433,3.659407,2.245891
201300,a/8GO8/ZUUTDICfLnP1TDAMR9AZchL9MW+VVrdWuAldBlNN1XjDnHdN4wV76ezxt,1.372715,6.056926,2.42692
201600,a/8GO8/ZUUTDICfLnP1TDAMR9AZchL9MW+VVrdWuAldBlNN1XjDnHdN4wV76ezxt,1.2908549999999999,3.803703,2.145343
201900,a/8GO8/ZUUTDICfLnP1TDAMR9AZchL9MW+VVrdWuAldBlNN1XjDnHdN4wV76ezxt,1.322054,2.805939,1.966178
202200,a/8GO8/ZUUTDICfLnP1TDAMR9AZchL9MW+VVrdWuAldBlNN1XjDnHdN4wV76ezxt,1.511422,4.481362,2.487886
202500,a/8GO8/ZUUTDICfLnP1TDAMR9AZchL9MW+VVrdWuAldBlNN1XjDnHdN4wV76ezxt,1.295819,2.9691389999999998,2.0653040000000003
202800,a/8GO8/ZUUTDICfLnP1TDAMR9AZchL9MW+VVrdWuAldBlNN1XjDnHdN4wV76ezxt,1.238167,3.752482,2.158643
203100,a/8GO8/ZUUTDICfLnP1TDAMR9AZchL9MW+VVrdWuAldBlNN1XjDnHdN4wV76ezxt,1.465494,3.423379,2.2145799999999998
203400,a/8GO8/ZUUTDICfLnP1TDAMR9AZchL9MW+VVrdWuAldBlNN1XjDnHdN4wV76ezxt,1.344565,4.119883,2.2037970000000002
203700,a/8GO8/ZUUTDICfLnP1TDAMR9AZchL9MW+VVrdWuAldBlNN1XjDnHdN4wV76ezxt,1.2912299999999999,2.7963709999999997,1.9632919999999998
204000,a/8GO8/ZUUTDICfLnP1TDAMR9AZchL9MW+VVrdWuAldBlNN1XjDnHdN4wV76ezxt,1.5867209999999998,6.977747,2.671878
204300,a/8GO8/ZUUTDICfLnP1TDAMR9AZchL9MW+VVrdWuAldBlNN1XjDnHdN4wV76ezxt,1.527112,5.0349580000000005,2.334893
204600,a/8GO8/ZUUTDICfLnP1TDAMR9AZchL9MW+VVrdWuAldBlNN1XjDnHdN4wV76ezxt,1.375958,2.7909040000000003,1.965411
204900,a/8GO8/ZUUTDICfLnP1TDAMR9AZchL9MW+VVrdWuAldBlNN1XjDnHdN4wV76ezxt,1.201901,3.0129610000000002,2.030744
205200,a/8GO8/ZUUTDICfLnP1TDAMR9AZchL9MW+VVrdWuAldBlNN1XjDnHdN4wV76ezxt,1.512273,4.3887529999999995,2.2501029999999997
205500,a/8GO8/ZUUTDICfLnP1TDAMR9AZchL9MW+VVrdWuAldBlNN1XjDnHdN4wV76ezxt,1.477658,5.108718,2.3003
205800,a/8GO8/ZUUTDICfLnP1TDAMR9AZchL9MW+VVrdWuAldBlNN1XjDnHdN4wV76ezxt,1.578414,6.059839,2.5652150000000002
206100,a/8GO8/ZUUTDICfLnP1TDAMR9AZchL9MW+VVrdWuAldBlNN1XjDnHdN4wV76ezxt,1.546255,5.829483,2.612475
206400,a/8GO8/ZUUTDICfLnP1TDAMR9AZchL9MW+VVrdWuAldBlNN1XjDnHdN4wV76ezxt,1.432974,4.113144,2.295615
206700,a/8GO8/ZUUTDICfLnP1TDAMR9AZchL9MW+VVrdWuAldBlNN1XjDnHdN4wV76ezxt,1.605534,6.647759,2.567654
207000,a/8GO8/ZUUTDICfLnP1TDAMR9AZchL9MW+VVrdWuAldBlNN1XjDnHdN4wV76ezxt,1.3871120000000001,4.610474,2.368615
207300,a/8GO8/ZUUTDICfLnP1TDAMR9AZchL9MW+VVrdWuAldBlNN1XjDnHdN4wV76ezxt,1.360383,2.994797,2.037239
207600,a/8GO8/ZUUTDICfLnP1TDAMR9AZchL9MW+VVrdWuAldBlNN1XjDnHdN4wV76ezxt,1.446277,5.242641000000001,2.340951
207900,a/8GO8/ZUUTDICfLnP1TDAMR9AZchL9MW+VVrdWuAldBlNN1XjDnHdN4wV76ezxt,1.430394,2.643091,2.038049
208200,a/8GO8/ZUUTDICfLnP1TDAMR9AZchL9MW+VVrdWuAldBlNN1XjDnHdN4wV76ezxt,1.472235,3.555629,2.15877
208500,a/8GO8/ZUUTDICfLnP1TDAMR9AZchL9MW+VVrdWuAldBlNN1XjDnHdN4wV76ezxt,1.306054,3.6831519999999998,2.211682
208800,a/8GO8/ZUUTDICfLnP1TDAMR9AZchL9MW+VVrdWuAldBlNN1XjDnHdN4wV76ezxt,1.2518200000000002,5.983144,2.3254599999999996
209100,a/8GO8/ZUUTDICfLnP1TDAMR9AZchL9MW+VVrdWuAldBlNN1XjDnHdN4wV76ezxt,1.285626,3.641024,2.192132
209400,a/8GO8/ZUUTDICfLnP1TDAMR9AZchL9MW+VVrdWuAldBlNN1XjDnHdN4wV76ezxt,1.42274,4.432569,2.234763
209700,a/8GO8/ZUUTDICfLnP1TDAMR9AZchL9MW+VVrdWuAldBlNN1XjDnHdN4wV76ezxt,1.447617,3.985103,2.2999
210000,a/8GO8/ZUUTDICfLnP1TDAMR9AZchL9MW+VVrdWuAldBlNN1XjDnHdN4wV76ezxt,1.281994,2.7080130000000002,2.014357
210300,a/8GO8/ZUUTDICfLnP1TDAMR9AZchL9MW+VVrdWuAldBlNN1XjDnHdN4wV76ezxt,1.370006,4.107087,2.22954
210600,a/8GO8/ZUUTDICfLnP1TDAMR9AZchL9MW+VVrdWuAldBlNN1XjDnHdN4wV76ezxt,1.3532549999999999,2.842793,2.017034
210900,a/8GO8/ZUUTDICfLnP1TDAMR9AZchL9MW+VVrdWuAldBlNN1XjDnHdN4wV76ezxt,1.564466,4.116376,2.300267
211200,a/8GO8/ZUUTDICfLnP1TDAMR9AZchL9MW+VVrdWuAldBlNN1XjDnHdN4wV76ezxt,1.373544,2.869699,2.127748
211500,a/8GO8/ZUUTDICfLnP1TDAMR9AZchL9MW+VVrdWuAldBlNN1XjDnHdN4wV76ezxt,1.309228,4.014051,2.237971
211800,a/8GO8/ZUUTDICfLnP1TDAMR9AZchL9MW+VVrdWuAldBlNN1XjDnHdN4wV76ezxt,1.2760790000000002,3.7041839999999997,2.177809
212100,a/8GO8/ZUUTDICfLnP1TDAMR9AZchL9MW+VVrdWuAldBlNN1XjDnHdN4wV76ezxt,1.3022049999999998,3.071675,2.146993
212400,a/8GO8/ZUUTDICfLnP1TDAMR9AZchL9MW+VVrdWuAldBlNN1XjDnHdN4wV76ezxt,0.680425,3.714436,2.108718
212700,a/8GO8/ZUUTDICfLnP1TDAMR9AZchL9MW+VVrdWuAldBlNN1XjDnHdN4wV76ezxt,1.450579,4.283302,2.2132970000000003
213000,a/8GO8/ZUUTDICfLnP1TDAMR9AZchL9MW+VVrdWuAldBlNN1XjDnHdN4wV76ezxt,1.03803,2.746162,1.935868
213300,a/8GO8/ZUUTDICfLnP1TDAMR9AZchL9MW+VVrdWuAldBlNN1XjDnHdN4wV76ezxt,1.576439,3.004407,2.1805630000000003
213600,a/8GO8/ZUUTDICfLnP1TDAMR9AZchL9MW+VVrdWuAldBlNN1XjDnHdN4wV76ezxt,0.910294,2.731023,1.972061
213900,a/8GO8/ZUUTDICfLnP1TDAMR9AZchL9MW+VVrdWuAldBlNN1XjDnHdN4wV76ezxt,1.30113,3.7330129999999997,2.192752
214200,a/8GO8/ZUUTDICfLnP1TDAMR9AZchL9MW+VVrdWuAldBlNN1XjDnHdN4wV76ezxt,0.779937,2.6274,1.929864
214500,a/8GO8/ZUUTDICfLnP1TDAMR9AZchL9MW+VVrdWuAldBlNN1XjDnHdN4wV76ezxt,1.366586,4.046918,2.210851
214800,a/8GO8/ZUUTDICfLnP1TDAMR9AZchL9MW+VVrdWuAldBlNN1XjDnHdN4wV76ezxt,1.352125,2.4783619999999997,1.991047
215100,a/8GO8/ZUUTDICfLnP1TDAMR9AZchL9MW+VVrdWuAldBlNN1XjDnHdN4wV76ezxt,1.029717,2.842009,1.958923
215400,a/8GO8/ZUUTDICfLnP1TDAMR9AZchL9MW+VVrdWuAldBlNN1XjDnHdN4wV76ezxt,1.42117,4.187133,2.27202
215700,a/8GO8/ZUUTDICfLnP1TDAMR9AZchL9MW+VVrdWuAldBlNN1XjDnHdN4wV76ezxt,1.298235,2.674962,2.000616
216000,a/8GO8/ZUUTDICfLnP1TDAMR9AZchL9MW+VVrdWuAldBlNN1XjDnHdN4wV76ezxt,1.395098,2.620345,2.002041
216300,a/8GO8/ZUUTDICfLnP1TDAMR9AZchL9MW+VVrdWuAldBlNN1XjDnHdN4wV76ezxt,0.8385360000000001,3.137346,2.135936
216600,a/8GO8/ZUUTDICfLnP1TDAMR9AZchL9MW+VVrdWuAldBlNN1XjDnHdN4wV76ezxt,1.509729,3.164745,2.188159
216900,a/8GO8/ZUUTDICfLnP1TDAMR9AZchL9MW+VVrdWuAldBlNN1XjDnHdN4wV76ezxt,0.8907430000000001,2.70738,1.976019
217200,a/8GO8/ZUUTDICfLnP1TDAMR9AZchL9MW+VVrdWuAldBlNN1XjDnHdN4wV76ezxt,1.416561,3.031991,2.131805
217500,a/8GO8/ZUUTDICfLnP1TDAMR9AZchL9MW+VVrdWuAldBlNN1XjDnHdN4wV76ezxt,1.16052,3.968608,2.112319
217800,a/8GO8/ZUUTDICfLnP1TDAMR9AZchL9MW+VVrdWuAldBlNN1XjDnHdN4wV76ezxt,1.213581,2.811036,1.958782
218100,a/8GO8/ZUUTDICfLnP1TDAMR9AZchL9MW+VVrdWuAldBlNN1XjDnHdN4wV76ezxt,1.5420280000000002,2.6527529999999997,2.047946
218400,a/8GO8/ZUUTDICfLnP1TDAMR9AZchL9MW+VVrdWuAldBlNN1XjDnHdN4wV76ezxt,1.458348,3.6731809999999996,2.111923
218700,a/8GO8/ZUUTDICfLnP1TDAMR9AZchL9MW+VVrdWuAldBlNN1XjDnHdN4wV76ezxt,1.504879,3.6862269999999997,2.1722810000000004
219000,a/8GO8/ZUUTDICfLnP1TDAMR9AZchL9MW+VVrdWuAldBlNN1XjDnHdN4wV76ezxt,1.202533,4.2222,2.144885
219300,a/8GO8/ZUUTDICfLnP1TDAMR9AZchL9MW+VVrdWuAldBlNN1XjDnHdN4wV76ezxt,1.4983389999999999,2.696634,2.054404
219600,a/8GO8/ZUUTDICfLnP1TDAMR9AZchL9MW+VVrdWuAldBlNN1XjDnHdN4wV76ezxt,1.161794,4.00217,2.103239
219900,a/8GO8/ZUUTDICfLnP1TDAMR9AZchL9MW+VVrdWuAldBlNN1XjDnHdN4wV76ezxt,1.398691,2.779976,2.061343
220200,a/8GO8/ZUUTDICfLnP1TDAMR9AZchL9MW+VVrdWuAldBlNN1XjDnHdN4wV76ezxt,1.476709,2.5826759999999997,2.014157
220500,a/8GO8/ZUUTDICfLnP1TDAMR9AZchL9MW+VVrdWuAldBlNN1XjDnHdN4wV76ezxt,1.171567,3.783554,2.136418
220800,a/8GO8/ZUUTDICfLnP1TDAMR9AZchL9MW+VVrdWuAldBlNN1XjDnHdN4wV76ezxt,1.420527,3.753647,2.197675
221100,a/8GO8/ZUUTDICfLnP1TDAMR9AZchL9MW+VVrdWuAldBlNN1XjDnHdN4wV76ezxt,0.518162,2.8681240000000003,1.9747700000000001
221400,a/8GO8/ZUUTDICfLnP1TDAMR9AZchL9MW+VVrdWuAldBlNN1XjDnHdN4wV76ezxt,1.555517,12.114075,2.792048
221700,a/8GO8/ZUUTDICfLnP1TDAMR9AZchL9MW+VVrdWuAldBlNN1XjDnHdN4wV76ezxt,0.6981729999999999,3.4386989999999997,2.220993
222000,a/8GO8/ZUUTDICfLnP1TDAMR9AZchL9MW+VVrdWuAldBlNN1XjDnHdN4wV76ezxt,1.607356,3.762922,2.229303
222300,a/8GO8/ZUUTDICfLnP1TDAMR9AZchL9MW+VVrdWuAldBlNN1XjDnHdN4wV76ezxt,1.4870299999999999,3.3128519999999995,2.235703
222600,a/8GO8/ZUUTDICfLnP1TDAMR9AZchL9MW+VVrdWuAldBlNN1XjDnHdN4wV76ezxt,1.486773,3.15472,2.043199
222900,a/8GO8/ZUUTDICfLnP1TDAMR9AZchL9MW+VVrdWuAldBlNN1XjDnHdN4wV76ezxt,1.195271,2.581214,1.9744869999999999
223200,a/8GO8/ZUUTDICfLnP1TDAMR9AZchL9MW+VVrdWuAldBlNN1XjDnHdN4wV76ezxt,1.108307,3.3147919999999997,2.112618
223500,a/8GO8/ZUUTDICfLnP1TDAMR9AZchL9MW+VVrdWuAldBlNN1XjDnHdN4wV76ezxt,1.530886,2.898899,2.052766
223800,a/8GO8/ZUUTDICfLnP1TDAMR9AZchL9MW+VVrdWuAldBlNN1XjDnHdN4wV76ezxt,0.521324,2.6900049999999998,1.930657
224100,a/8GO8/ZUUTDICfLnP1TDAMR9AZchL9MW+VVrdWuAldBlNN1XjDnHdN4wV76ezxt,1.549676,3.9009050000000003,2.187535
224400,a/8GO8/ZUUTDICfLnP1TDAMR9AZchL9MW+VVrdWuAldBlNN1XjDnHdN4wV76ezxt,0.58309,4.612691000000001,2.083923
224700,a/8GO8/ZUUTDICfLnP1TDAMR9AZchL9MW+VVrdWuAldBlNN1XjDnHdN4wV76ezxt,1.249814,2.5996509999999997,2.057258
225000,a/8GO8/ZUUTDICfLnP1TDAMR9AZchL9MW+VVrdWuAldBlNN1XjDnHdN4wV76ezxt,0.682109,3.688164,2.2612970000000003
225300,a/8GO8/ZUUTDICfLnP1TDAMR9AZchL9MW+VVrdWuAldBlNN1XjDnHdN4wV76ezxt,1.555785,3.041338,2.05514
225600,a/8GO8/ZUUTDICfLnP1TDAMR9AZchL9MW+VVrdWuAldBlNN1XjDnHdN4wV76ezxt,1.448863,2.654413,1.934886
225900,a/8GO8/ZUUTDICfLnP1TDAMR9AZchL9MW+VVrdWuAldBlNN1XjDnHdN4wV76ezxt,1.517923,4.1278440000000005,2.295399
226200,a/8GO8/ZUUTDICfLnP1TDAMR9AZchL9MW+VVrdWuAldBlNN1XjDnHdN4wV76ezxt,1.392153,3.039889,2.023926
226500,a/8GO8/ZUUTDICfLnP1TDAMR9AZchL9MW+VVrdWuAldBlNN1XjDnHdN4wV76ezxt,0.460897,2.638673,1.890354
226800,a/8GO8/ZUUTDICfLnP1TDAMR9AZchL9MW+VVrdWuAldBlNN1XjDnHdN4wV76ezxt,1.552297,2.8534200000000003,2.021521
227100,a/8GO8/ZUUTDICfLnP1TDAMR9AZchL9MW+VVrdWuAldBlNN1XjDnHdN4wV76ezxt,0.616875,4.204013,2.2243020000000002
227400,a/8GO8/ZUUTDICfLnP1TDAMR9AZchL9MW+VVrdWuAldBlNN1XjDnHdN4wV76ezxt,1.3995739999999999,2.522924,2.054103
227700,a/8GO8/ZUUTDICfLnP1TDAMR9AZchL9MW+VVrdWuAldBlNN1XjDnHdN4wV76ezxt,0.9621700000000001,2.69785,1.9924540000000002
228000,a/8GO8/ZUUTDICfLnP1TDAMR9AZchL9MW+VVrdWuAldBlNN1XjDnHdN4wV76ezxt,1.45025,3.46431,2.144915
228300,a/8GO8/ZUUTDICfLnP1TDAMR9AZchL9MW+VVrdWuAldBlNN1XjDnHdN4wV76ezxt,1.362507,12.181095,2.801556
228600,a/8GO8/ZUUTDICfLnP1TDAMR9AZchL9MW+VVrdWuAldBlNN1XjDnHdN4wV76ezxt,0.702105,2.6205979999999998,1.8957169999999999
228900,a/8GO8/ZUUTDICfLnP1TDAMR9AZchL9MW+VVrdWuAldBlNN1XjDnHdN4wV76ezxt,1.600773,3.9058129999999998,2.166783
229200,a/8GO8/ZUUTDICfLnP1TDAMR9AZchL9MW+VVrdWuAldBlNN1XjDnHdN4wV76ezxt,0.757197,2.668689,1.962836
229500,a/8GO8/ZUUTDICfLnP1TDAMR9AZchL9MW+VVrdWuAldBlNN1XjDnHdN4wV76ezxt,1.515467,2.691191,2.017842
229800,a/8GO8/ZUUTDICfLnP1TDAMR9AZchL9MW+VVrdWuAldBlNN1XjDnHdN4wV76ezxt,0.6612560000000001,21.841798,3.6121019999999997
230100,a/8GO8/ZUUTDICfLnP1TDAMR9AZchL9MW+VVrdWuAldBlNN1XjDnHdN4wV76ezxt,1.621552,7.048175,2.7473400000000003
230400,a/8GO8/ZUUTDICfLnP1TDAMR9AZchL9MW+VVrdWuAldBlNN1XjDnHdN4wV76ezxt,0.8214309999999999,2.678737,2.036891
230700,a/8GO8/ZUUTDICfLnP1TDAMR9AZchL9MW+VVrdWuAldBlNN1XjDnHdN4wV76ezxt,1.417689,3.248078,2.054649
231000,a/8GO8/ZUUTDICfLnP1TDAMR9AZchL9MW+VVrdWuAldBlNN1XjDnHdN4wV76ezxt,1.481414,3.96967,2.258114
231300,a/8GO8/ZUUTDICfLnP1TDAMR9AZchL9MW+VVrdWuAldBlNN1XjDnHdN4wV76ezxt,0.817299,3.106318,2.040564
231600,a/8GO8/ZUUTDICfLnP1TDAMR9AZchL9MW+VVrdWuAldBlNN1XjDnHdN4wV76ezxt,1.463643,2.90872,2.0273529999999997
231900,a/8GO8/ZUUTDICfLnP1TDAMR9AZchL9MW+VVrdWuAldBlNN1XjDnHdN4wV76ezxt,0.6816369999999999,3.846572,2.111484
232200,a/8GO8/ZUUTDICfLnP1TDAMR9AZchL9MW+VVrdWuAldBlNN1XjDnHdN4wV76ezxt,1.536003,3.8946330000000002,2.231518
232500,a/8GO8/ZUUTDICfLnP1TDAMR9AZchL9MW+VVrdWuAldBlNN1XjDnHdN4wV76ezxt,1.309672,3.371789,2.21164
232800,a/8GO8/ZUUTDICfLnP1TDAMR9AZchL9MW+VVrdWuAldBlNN1XjDnHdN4wV76ezxt,1.555709,3.6430309999999997,2.1847380000000003
233100,a/8GO8/ZUUTDICfLnP1TDAMR9AZchL9MW+VVrdWuAldBlNN1XjDnHdN4wV76ezxt,1.201318,3.8790730000000004,2.1747330000000002
233400,a/8GO8/ZUUTDICfLnP1TDAMR9AZchL9MW+VVrdWuAldBlNN1XjDnHdN4wV76ezxt,1.168269,2.920839,2.059275
233700,a/8GO8/ZUUTDICfLnP1TDAMR9AZchL9MW+VVrdWuAldBlNN1XjDnHdN4wV76ezxt,1.318109,3.6116040000000003,2.049631
234000,a/8GO8/ZUUTDICfLnP1TDAMR9AZchL9MW+VVrdWuAldBlNN1XjDnHdN4wV76ezxt,1.421835,13.611199,2.966843
234300,a/8GO8/ZUUTDICfLnP1TDAMR9AZchL9MW+VVrdWuAldBlNN1XjDnHdN4wV76ezxt,1.581064,3.700906,2.319554
234600,a/8GO8/ZUUTDICfLnP1TDAMR9AZchL9MW+VVrdWuAldBlNN1XjDnHdN4wV76ezxt,1.040225,2.740927,1.978664
234900,a/8GO8/ZUUTDICfLnP1TDAMR9AZchL9MW+VVrdWuAldBlNN1XjDnHdN4wV76ezxt,1.476712,4.755575,2.2451790000000003
235200,a/8GO8/ZUUTDICfLnP1TDAMR9AZchL9MW+VVrdWuAldBlNN1XjDnHdN4wV76ezxt,1.476504,2.786494,2.042385
235500,a/8GO8/ZUUTDICfLnP1TDAMR9AZchL9MW+VVrdWuAldBlNN1XjDnHdN4wV76ezxt,1.531302,2.859985,2.054233
235800,a/8GO8/ZUUTDICfLnP1TDAMR9AZchL9MW+VVrdWuAldBlNN1XjDnHdN4wV76ezxt,0.7346560000000001,2.819872,2.023788
236100,a/8GO8/ZUUTDICfLnP1TDAMR9AZchL9MW+VVrdWuAldBlNN1XjDnHdN4wV76ezxt,1.4529610000000002,4.774603,2.184187
236400,a/8GO8/ZUUTDICfLnP1TDAMR9AZchL9MW+VVrdWuAldBlNN1XjDnHdN4wV76ezxt,1.577121,3.511054,2.182043
236700,a/8GO8/ZUUTDICfLnP1TDAMR9AZchL9MW+VVrdWuAldBlNN1XjDnHdN4wV76ezxt,1.33229,3.6517489999999997,2.296249
237000,a/8GO8/ZUUTDICfLnP1TDAMR9AZchL9MW+VVrdWuAldBlNN1XjDnHdN4wV76ezxt,1.584581,2.840981,2.065676
237300,a/8GO8/ZUUTDICfLnP1TDAMR9AZchL9MW+VVrdWuAldBlNN1XjDnHdN4wV76ezxt,0.574835,2.617836,1.912652
237600,a/8GO8/ZUUTDICfLnP1TDAMR9AZchL9MW+VVrdWuAldBlNN1XjDnHdN4wV76ezxt,1.503871,3.4819620000000002,2.234882
237900,a/8GO8/ZUUTDICfLnP1TDAMR9AZchL9MW+VVrdWuAldBlNN1XjDnHdN4wV76ezxt,1.158459,3.110143,2.130411
238200,a/8GO8/ZUUTDICfLnP1TDAMR9AZchL9MW+VVrdWuAldBlNN1XjDnHdN4wV76ezxt,1.5136290000000001,2.678716,2.016467
238500,a/8GO8/ZUUTDICfLnP1TDAMR9AZchL9MW+VVrdWuAldBlNN1XjDnHdN4wV76ezxt,0.78667,2.736834,2.0357790000000002
238800,a/8GO8/ZUUTDICfLnP1TDAMR9AZchL9MW+VVrdWuAldBlNN1XjDnHdN4wV76ezxt,1.461249,3.6580209999999997,2.163001
239100,a/8GO8/ZUUTDICfLnP1TDAMR9AZchL9MW+VVrdWuAldBlNN1XjDnHdN4wV76ezxt,1.5511979999999999,2.698441,2.0113380000000003
239400,a/8GO8/ZUUTDICfLnP1TDAMR9AZchL9MW+VVrdWuAldBlNN1XjDnHdN4wV76ezxt,0.6640010000000001,3.9802449999999996,2.099768
239700,a/8GO8/ZUUTDICfLnP1TDAMR9AZchL9MW+VVrdWuAldBlNN1XjDnHdN4wV76ezxt,1.482054,2.988398,2.0489740000000003
240000,a/8GO8/ZUUTDICfLnP1TDAMR9AZchL9MW+VVrdWuAldBlNN1XjDnHdN4wV76ezxt,0.577749,3.7498720000000003,2.062986
240300,a/8GO8/ZUUTDICfLnP1TDAMR9AZchL9MW+VVrdWuAldBlNN1XjDnHdN4wV76ezxt,1.436695,3.966193,2.210037
240600,a/8GO8/ZUUTDICfLnP1TDAMR9AZchL9MW+VVrdWuAldBlNN1XjDnHdN4wV76ezxt,1.122001,2.841495,1.9669150000000002
240900,a/8GO8/ZUUTDICfLnP1TDAMR9AZchL9MW+VVrdWuAldBlNN1XjDnHdN4wV76ezxt,1.411965,2.561824,2.0110189999999997
241200,a/8GO8/ZUUTDICfLnP1TDAMR9AZchL9MW+VVrdWuAldBlNN1XjDnHdN4wV76ezxt,0.7493380000000001,4.188458,2.243034
241500,a/8GO8/ZUUTDICfLnP1TDAMR9AZchL9MW+VVrdWuAldBlNN1XjDnHdN4wV76ezxt,1.497287,2.8172200000000003,2.041322
241800,a/8GO8/ZUUTDICfLnP1TDAMR9AZchL9MW+VVrdWuAldBlNN1XjDnHdN4wV76ezxt,1.197294,2.586777,1.8943459999999999
242100,a/8GO8/ZUUTDICfLnP1TDAMR9AZchL9MW+VVrdWuAldBlNN1XjDnHdN4wV76ezxt,1.481899,2.672507,2.0401130000000003
242400,a/8GO8/ZUUTDICfLnP1TDAMR9AZchL9MW+VVrdWuAldBlNN1XjDnHdN4wV76ezxt,1.2790920000000001,4.283043,2.179446
242700,a/8GO8/ZUUTDICfLnP1TDAMR9AZchL9MW+VVrdWuAldBlNN1XjDnHdN4wV76ezxt,0.603351,2.552565,1.9840389999999999
243000,a/8GO8/ZUUTDICfLnP1TDAMR9AZchL9MW+VVrdWuAldBlNN1XjDnHdN4wV76ezxt,1.588254,4.120207,2.3696490000000003
243300,a/8GO8/ZUUTDICfLnP1TDAMR9AZchL9MW+VVrdWuAldBlNN1XjDnHdN4wV76ezxt,1.513554,2.810341,2.060197
243600,a/8GO8/ZUUTDICfLnP1TDAMR9AZchL9MW+VVrdWuAldBlNN1XjDnHdN4wV76ezxt,1.54049,2.670583,2.1007119999999997
243900,a/8GO8/ZUUTDICfLnP1TDAMR9AZchL9MW+VVrdWuAldBlNN1XjDnHdN4wV76ezxt,1.270818,4.506391000000001,2.25146
244200,a/8GO8/ZUUTDICfLnP1TDAMR9AZchL9MW+VVrdWuAldBlNN1XjDnHdN4wV76ezxt,1.466647,4.320626,2.147765
244500,a/8GO8/ZUUTDICfLnP1TDAMR9AZchL9MW+VVrdWuAldBlNN1XjDnHdN4wV76ezxt,1.046685,2.521832,1.920391
244800,a/8GO8/ZUUTDICfLnP1TDAMR9AZchL9MW+VVrdWuAldBlNN1XjDnHdN4wV76ezxt,0.8541270000000001,3.8635669999999998,2.160042
245100,a/8GO8/ZUUTDICfLnP1TDAMR9AZchL9MW+VVrdWuAldBlNN1XjDnHdN4wV76ezxt,1.550316,2.489334,2.074949
245400,a/8GO8/ZUUTDICfLnP1TDAMR9AZchL9MW+VVrdWuAldBlNN1XjDnHdN4wV76ezxt,1.3089819999999999,2.646774,1.9615479999999998
245700,a/8GO8/ZUUTDICfLnP1TDAMR9AZchL9MW+VVrdWuAldBlNN1XjDnHdN4wV76ezxt,1.590762,10.19842,2.9768369999999997
246000,a/8GO8/ZUUTDICfLnP1TDAMR9AZchL9MW+VVrdWuAldBlNN1XjDnHdN4wV76ezxt,1.607592,4.980875,2.211913
246300,a/8GO8/ZUUTDICfLnP1TDAMR9AZchL9MW+VVrdWuAldBlNN1XjDnHdN4wV76ezxt,1.592135,4.052169999999999,2.215015
246600,a/8GO8/ZUUTDICfLnP1TDAMR9AZchL9MW+VVrdWuAldBlNN1XjDnHdN4wV76ezxt,1.628639,3.3490349999999998,2.314322
246900,a/8GO8/ZUUTDICfLnP1TDAMR9AZchL9MW+VVrdWuAldBlNN1XjDnHdN4wV76ezxt,1.468123,2.653339,2.04407
247200,a/8GO8/ZUUTDICfLnP1TDAMR9AZchL9MW+VVrdWuAldBlNN1XjDnHdN4wV76ezxt,0.889235,2.5092209999999997,1.9263540000000001
247500,a/8GO8/ZUUTDICfLnP1TDAMR9AZchL9MW+VVrdWuAldBlNN1XjDnHdN4wV76ezxt,1.514001,3.897363,2.354995
247800,a/8GO8/ZUUTDICfLnP1TDAMR9AZchL9MW+VVrdWuAldBlNN1XjDnHdN4wV76ezxt,1.588323,2.7910619999999997,2.1100830000000004
248100,a/8GO8/ZUUTDICfLnP1TDAMR9AZchL9MW+VVrdWuAldBlNN1XjDnHdN4wV76ezxt,1.547193,2.657209,2.070153
248400,a/8GO8/ZUUTDICfLnP1TDAMR9AZchL9MW+VVrdWuAldBlNN1XjDnHdN4wV76ezxt,1.487594,3.678209,2.223823
248700,a/8GO8/ZUUTDICfLnP1TDAMR9AZchL9MW+VVrdWuAldBlNN1XjDnHdN4wV76ezxt,1.5204010000000001,3.814911,2.32669
249000,a/8GO8/ZUUTDICfLnP1TDAMR9AZchL9MW+VVrdWuAldBlNN1XjDnHdN4wV76ezxt,1.461862,4.003204,2.131464
249300,a/8GO8/ZUUTDICfLnP1TDAMR9AZchL9MW+VVrdWuAldBlNN1XjDnHdN4wV76ezxt,1.444935,4.443512,2.273176
249600,a/8GO8/ZUUTDICfLnP1TDAMR9AZchL9MW+VVrdWuAldBlNN1XjDnHdN4wV76ezxt,1.481455,2.625337,2.0117439999999998
249900,a/8GO8/ZUUTDICfLnP1TDAMR9AZchL9MW+VVrdWuAldBlNN1XjDnHdN4wV76ezxt,1.434859,3.8995019999999996,2.29853
250200,a/8GO8/ZUUTDICfLnP1TDAMR9AZchL9MW+VVrdWuAldBlNN1XjDnHdN4wV76ezxt,1.438851,7.280235,2.500477
250500,a/8GO8/ZUUTDICfLnP1TDAMR9AZchL9MW+VVrdWuAldBlNN1XjDnHdN4wV76ezxt,1.4932450000000002,6.066766,2.536565
250800,a/8GO8/ZUUTDICfLnP1TDAMR9AZchL9MW+VVrdWuAldBlNN1XjDnHdN4wV76ezxt,1.54952,5.542768,2.400267
251100,a/8GO8/ZUUTDICfLnP1TDAMR9AZchL9MW+VVrdWuAldBlNN1XjDnHdN4wV76ezxt,1.544589,3.3785010000000004,2.209048
251400,a/8GO8/ZUUTDICfLnP1TDAMR9AZchL9MW+VVrdWuAldBlNN1XjDnHdN4wV76ezxt,1.435439,4.109230999999999,2.219795
251700,a/8GO8/ZUUTDICfLnP1TDAMR9AZchL9MW+VVrdWuAldBlNN1XjDnHdN4wV76ezxt,1.477164,3.697724,2.1456880000000003
252000,a/8GO8/ZUUTDICfLnP1TDAMR9AZchL9MW+VVrdWuAldBlNN1XjDnHdN4wV76ezxt,1.7486279999999998,4.280551,2.431212
252300,a/8GO8/ZUUTDICfLnP1TDAMR9AZchL9MW+VVrdWuAldBlNN1XjDnHdN4wV76ezxt,1.4346459999999999,2.820152,2.0606709999999997
252600,a/8GO8/ZUUTDICfLnP1TDAMR9AZchL9MW+VVrdWuAldBlNN1XjDnHdN4wV76ezxt,1.56815,3.97074,2.2699979999999997
252900,a/8GO8/ZUUTDICfLnP1TDAMR9AZchL9MW+VVrdWuAldBlNN1XjDnHdN4wV76ezxt,1.595232,3.5847580000000003,2.230178
253200,a/8GO8/ZUUTDICfLnP1TDAMR9AZchL9MW+VVrdWuAldBlNN1XjDnHdN4wV76ezxt,1.396454,4.968911,2.2877400000000003
253500,a/8GO8/ZUUTDICfLnP1TDAMR9AZchL9MW+VVrdWuAldBlNN1XjDnHdN4wV76ezxt,1.436005,3.9264370000000004,2.19312
253800,a/8GO8/ZUUTDICfLnP1TDAMR9AZchL9MW+VVrdWuAldBlNN1XjDnHdN4wV76ezxt,1.546249,3.421321,2.242516
254100,a/8GO8/ZUUTDICfLnP1TDAMR9AZchL9MW+VVrdWuAldBlNN1XjDnHdN4wV76ezxt,1.4363620000000001,4.357241,2.325952
254400,a/8GO8/ZUUTDICfLnP1TDAMR9AZchL9MW+VVrdWuAldBlNN1XjDnHdN4wV76ezxt,1.523082,2.56655,1.993656
254700,a/8GO8/ZUUTDICfLnP1TDAMR9AZchL9MW+VVrdWuAldBlNN1XjDnHdN4wV76ezxt,1.486866,4.0958,2.413839
255000,a/8GO8/ZUUTDICfLnP1TDAMR9AZchL9MW+VVrdWuAldBlNN1XjDnHdN4wV76ezxt,1.492341,2.5496659999999998,2.001314
255300,a/8GO8/ZUUTDICfLnP1TDAMR9AZchL9MW+VVrdWuAldBlNN1XjDnHdN4wV76ezxt,1.590563,4.140877,2.15455
255600,a/8GO8/ZUUTDICfLnP1TDAMR9AZchL9MW+VVrdWuAldBlNN1XjDnHdN4wV76ezxt,1.536245,3.6155370000000002,2.2216259999999997
255900,a/8GO8/ZUUTDICfLnP1TDAMR9AZchL9MW+VVrdWuAldBlNN1XjDnHdN4wV76ezxt,1.446475,3.9778309999999997,2.508944
256200,a/8GO8/ZUUTDICfLnP1TDAMR9AZchL9MW+VVrdWuAldBlNN1XjDnHdN4wV76ezxt,1.582426,4.317405,2.238768
256500,a/8GO8/ZUUTDICfLnP1TDAMR9AZchL9MW+VVrdWuAldBlNN1XjDnHdN4wV76ezxt,1.43323,2.917771,2.10094
256800,a/8GO8/ZUUTDICfLnP1TDAMR9AZchL9MW+VVrdWuAldBlNN1XjDnHdN4wV76ezxt,1.5457940000000001,4.507951,2.470497
257100,a/8GO8/ZUUTDICfLnP1TDAMR9AZchL9MW+VVrdWuAldBlNN1XjDnHdN4wV76ezxt,1.5604280000000001,2.563107,1.998768
257400,a/8GO8/ZUUTDICfLnP1TDAMR9AZchL9MW+VVrdWuAldBlNN1XjDnHdN4wV76ezxt,1.5942370000000001,6.57902,2.5769849999999996
257700,a/8GO8/ZUUTDICfLnP1TDAMR9AZchL9MW+VVrdWuAldBlNN1XjDnHdN4wV76ezxt,1.295485,2.5089490000000003,2.02605
258000,a/8GO8/ZUUTDICfLnP1TDAMR9AZchL9MW+VVrdWuAldBlNN1XjDnHdN4wV76ezxt,1.489956,3.5836309999999996,2.141367
258300,a/8GO8/ZUUTDICfLnP1TDAMR9AZchL9MW+VVrdWuAldBlNN1XjDnHdN4wV76ezxt,1.49878,2.895304,2.050605
258600,a/8GO8/ZUUTDICfLnP1TDAMR9AZchL9MW+VVrdWuAldBlNN1XjDnHdN4wV76ezxt,1.334891,3.2946,2.119491
258900,a/8GO8/ZUUTDICfLnP1TDAMR9AZchL9MW+VVrdWuAldBlNN1XjDnHdN4wV76ezxt,1.516461,4.326923000000001,2.1006400000000003
259200,a/8GO8/ZUUTDICfLnP1TDAMR9AZchL9MW+VVrdWuAldBlNN1XjDnHdN4wV76ezxt,1.563353,3.4865209999999998,2.1854669999999996
259500,a/8GO8/ZUUTDICfLnP1TDAMR9AZchL9MW+VVrdWuAldBlNN1XjDnHdN4wV76ezxt,1.4395129999999998,3.8913550000000003,2.144104
259800,a/8GO8/ZUUTDICfLnP1TDAMR9AZchL9MW+VVrdWuAldBlNN1XjDnHdN4wV76ezxt,1.502684,3.857558,2.141756
260100,a/8GO8/ZUUTDICfLnP1TDAMR9AZchL9MW+VVrdWuAldBlNN1XjDnHdN4wV76ezxt,1.342646,10.466199000000001,2.755439
260400,a/8GO8/ZUUTDICfLnP1TDAMR9AZchL9MW+VVrdWuAldBlNN1XjDnHdN4wV76ezxt,1.251819,2.5267150000000003,2.019746
260700,a/8GO8/ZUUTDICfLnP1TDAMR9AZchL9MW+VVrdWuAldBlNN1XjDnHdN4wV76ezxt,1.540715,2.705635,1.952516
261000,a/8GO8/ZUUTDICfLnP1TDAMR9AZchL9MW+VVrdWuAldBlNN1XjDnHdN4wV76ezxt,1.462126,4.392087999999999,2.3379060000000003
261300,a/8GO8/ZUUTDICfLnP1TDAMR9AZchL9MW+VVrdWuAldBlNN1XjDnHdN4wV76ezxt,1.3037219999999998,2.4936599999999998,1.9468509999999999
261600,a/8GO8/ZUUTDICfLnP1TDAMR9AZchL9MW+VVrdWuAldBlNN1XjDnHdN4wV76ezxt,1.365416,2.56081,1.9644130000000002
261900,a/8GO8/ZUUTDICfLnP1TDAMR9AZchL9MW+VVrdWuAldBlNN1XjDnHdN4wV76ezxt,1.380961,4.505343,2.216026
262200,a/8GO8/ZUUTDICfLnP1TDAMR9AZchL9MW+VVrdWuAldBlNN1XjDnHdN4wV76ezxt,1.126842,3.691733,2.070435
262500,a/8GO8/ZUUTDICfLnP1TDAMR9AZchL9MW+VVrdWuAldBlNN1XjDnHdN4wV76ezxt,1.4820959999999999,2.927607,2.029792
262800,a/8GO8/ZUUTDICfLnP1TDAMR9AZchL9MW+VVrdWuAldBlNN1XjDnHdN4wV76ezxt,1.508742,12.989456,2.859177
263100,a/8GO8/ZUUTDICfLnP1TDAMR9AZchL9MW+VVrdWuAldBlNN1XjDnHdN4wV76ezxt,1.5075040000000002,2.866031,2.091128
263400,a/8GO8/ZUUTDICfLnP1TDAMR9AZchL9MW+VVrdWuAldBlNN1XjDnHdN4wV76ezxt,1.3589799999999999,2.770003,2.048747
263700,a/8GO8/ZUUTDICfLnP1TDAMR9AZchL9MW+VVrdWuAldBlNN1XjDnHdN4wV76ezxt,1.491714,3.3337269999999997,2.23926
264000,a/8GO8/ZUUTDICfLnP1TDAMR9AZchL9MW+VVrdWuAldBlNN1XjDnHdN4wV76ezxt,1.515603,3.542788,2.166377
264300,a/8GO8/ZUUTDICfLnP1TDAMR9AZchL9MW+VVrdWuAldBlNN1XjDnHdN4wV76ezxt,1.450933,3.539758,2.278902
264600,a/8GO8/ZUUTDICfLnP1TDAMR9AZchL9MW+VVrdWuAldBlNN1XjDnHdN4wV76ezxt,1.513372,2.621925,2.076069
264900,a/8GO8/ZUUTDICfLnP1TDAMR9AZchL9MW+VVrdWuAldBlNN1XjDnHdN4wV76ezxt,1.306424,2.756466,1.9778060000000002
265200,a/8GO8/ZUUTDICfLnP1TDAMR9AZchL9MW+VVrdWuAldBlNN1XjDnHdN4wV76ezxt,1.626785,3.9197059999999997,2.175325
265500,a/8GO8/ZUUTDICfLnP1TDAMR9AZchL9MW+VVrdWuAldBlNN1XjDnHdN4wV76ezxt,1.468146,9.644271,2.6340619999999997
265800,a/8GO8/ZUUTDICfLnP1TDAMR9AZchL9MW+VVrdWuAldBlNN1XjDnHdN4wV76ezxt,1.5023959999999998,2.473084,1.9797330000000002
266100,a/8GO8/ZUUTDICfLnP1TDAMR9AZchL9MW+VVrdWuAldBlNN1XjDnHdN4wV76ezxt,0.637504,2.572752,1.9250509999999998
266400,a/8GO8/ZUUTDICfLnP1TDAMR9AZchL9MW+VVrdWuAldBlNN1XjDnHdN4wV76ezxt,1.391635,2.883753,2.084589
266700,a/8GO8/ZUUTDICfLnP1TDAMR9AZchL9MW+VVrdWuAldBlNN1XjDnHdN4wV76ezxt,1.388215,4.283801,2.095944
267000,a/8GO8/ZUUTDICfLnP1TDAMR9AZchL9MW+VVrdWuAldBlNN1XjDnHdN4wV76ezxt,1.368744,3.840278,2.229409
267300,a/8GO8/ZUUTDICfLnP1TDAMR9AZchL9MW+VVrdWuAldBlNN1XjDnHdN4wV76ezxt,1.5038790000000002,3.851968,2.202107
267600,a/8GO8/ZUUTDICfLnP1TDAMR9AZchL9MW+VVrdWuAldBlNN1XjDnHdN4wV76ezxt,1.3716899999999999,4.136476,2.138692
267900,a/8GO8/ZUUTDICfLnP1TDAMR9AZchL9MW+VVrdWuAldBlNN1XjDnHdN4wV76ezxt,1.348957,3.0722009999999997,2.0629720000000002
268200,a/8GO8/ZUUTDICfLnP1TDAMR9AZchL9MW+VVrdWuAldBlNN1XjDnHdN4wV76ezxt,1.161719,2.830107,2.0094819999999998
268500,a/8GO8/ZUUTDICfLnP1TDAMR9AZchL9MW+VVrdWuAldBlNN1XjDnHdN4wV76ezxt,1.5220420000000001,3.2927910000000002,2.238932
268800,a/8GO8/ZUUTDICfLnP1TDAMR9AZchL9MW+VVrdWuAldBlNN1XjDnHdN4wV76ezxt,1.071818,2.999475,1.9647029999999999
269100,a/8GO8/ZUUTDICfLnP1TDAMR9AZchL9MW+VVrdWuAldBlNN1XjDnHdN4wV76ezxt,1.383397,2.777229,2.037555
269400,a/8GO8/ZUUTDICfLnP1TDAMR9AZchL9MW+VVrdWuAldBlNN1XjDnHdN4wV76ezxt,1.240501,3.5247300000000004,2.1696470000000003
269700,a/8GO8/ZUUTDICfLnP1TDAMR9AZchL9MW+VVrdWuAldBlNN1XjDnHdN4wV76ezxt,1.229349,2.740475,2.0602259999999997
270000,a/8GO8/ZUUTDICfLnP1TDAMR9AZchL9MW+VVrdWuAldBlNN1XjDnHdN4wV76ezxt,1.529313,2.876665,2.079417
270300,a/8GO8/ZUUTDICfLnP1TDAMR9AZchL9MW+VVrdWuAldBlNN1XjDnHdN4wV76ezxt,0.8766209999999999,3.680014,1.970532
270600,a/8GO8/ZUUTDICfLnP1TDAMR9AZchL9MW+VVrdWuAldBlNN1XjDnHdN4wV76ezxt,1.364428,2.819229,2.021925
270900,a/8GO8/ZUUTDICfLnP1TDAMR9AZchL9MW+VVrdWuAldBlNN1XjDnHdN4wV76ezxt,1.38679,3.071554,2.1432439999999997
271200,a/8GO8/ZUUTDICfLnP1TDAMR9AZchL9MW+VVrdWuAldBlNN1XjDnHdN4wV76ezxt,1.374235,4.2554300000000005,2.144431
271500,a/8GO8/ZUUTDICfLnP1TDAMR9AZchL9MW+VVrdWuAldBlNN1XjDnHdN4wV76ezxt,0.668485,2.829135,1.98555
271800,a/8GO8/ZUUTDICfLnP1TDAMR9AZchL9MW+VVrdWuAldBlNN1XjDnHdN4wV76ezxt,1.500845,4.1116269999999995,2.213016
272100,a/8GO8/ZUUTDICfLnP1TDAMR9AZchL9MW+VVrdWuAldBlNN1XjDnHdN4wV76ezxt,0.806693,3.1718189999999997,2.072701
272400,a/8GO8/ZUUTDICfLnP1TDAMR9AZchL9MW+VVrdWuAldBlNN1XjDnHdN4wV76ezxt,1.002796,2.607844,1.928757
272700,a/8GO8/ZUUTDICfLnP1TDAMR9AZchL9MW+VVrdWuAldBlNN1XjDnHdN4wV76ezxt,1.434142,22.050168,3.598676
273000,a/8GO8/ZUUTDICfLnP1TDAMR9AZchL9MW+VVrdWuAldBlNN1XjDnHdN4wV76ezxt,0.651573,8.746377,2.300838
273300,a/8GO8/ZUUTDICfLnP1TDAMR9AZchL9MW+VVrdWuAldBlNN1XjDnHdN4wV76ezxt,1.5092299999999998,3.520919,2.189202
273600,a/8GO8/ZUUTDICfLnP1TDAMR9AZchL9MW+VVrdWuAldBlNN1XjDnHdN4wV76ezxt,1.463583,4.0256050000000005,2.172146
273900,a/8GO8/ZUUTDICfLnP1TDAMR9AZchL9MW+VVrdWuAldBlNN1XjDnHdN4wV76ezxt,1.377534,2.709754,2.012966
274200,a/8GO8/ZUUTDICfLnP1TDAMR9AZchL9MW+VVrdWuAldBlNN1XjDnHdN4wV76ezxt,1.143257,4.354147,2.214607
274500,a/8GO8/ZUUTDICfLnP1TDAMR9AZchL9MW+VVrdWuAldBlNN1XjDnHdN4wV76ezxt,1.489506,3.042382,2.105691
274800,a/8GO8/ZUUTDICfLnP1TDAMR9AZchL9MW+VVrdWuAldBlNN1XjDnHdN4wV76ezxt,1.48071,6.093306,2.307897
275100,a/8GO8/ZUUTDICfLnP1TDAMR9AZchL9MW+VVrdWuAldBlNN1XjDnHdN4wV76ezxt,1.4338309999999999,4.754824,2.307309
275400,a/8GO8/ZUUTDICfLnP1TDAMR9AZchL9MW+VVrdWuAldBlNN1XjDnHdN4wV76ezxt,1.331098,3.2575979999999998,2.192349
275700,a/8GO8/ZUUTDICfLnP1TDAMR9AZchL9MW+VVrdWuAldBlNN1XjDnHdN4wV76ezxt,1.41117,5.348549,2.1293599999999997
276000,a/8GO8/ZUUTDICfLnP1TDAMR9AZchL9MW+VVrdWuAldBlNN1XjDnHdN4wV76ezxt,1.469266,4.11621,2.331563
276300,a/8GO8/ZUUTDICfLnP1TDAMR9AZchL9MW+VVrdWuAldBlNN1XjDnHdN4wV76ezxt,1.001496,4.194155,2.076304
276600,a/8GO8/ZUUTDICfLnP1TDAMR9AZchL9MW+VVrdWuAldBlNN1XjDnHdN4wV76ezxt,1.4427219999999998,3.772611,2.100218
276900,a/8GO8/ZUUTDICfLnP1TDAMR9AZchL9MW+VVrdWuAldBlNN1XjDnHdN4wV76ezxt,1.402622,4.360866000000001,2.110394
277200,a/8GO8/ZUUTDICfLnP1TDAMR9AZchL9MW+VVrdWuAldBlNN1XjDnHdN4wV76ezxt,1.6140649999999999,3.53931,2.2171060000000002
277500,a/8GO8/ZUUTDICfLnP1TDAMR9AZchL9MW+VVrdWuAldBlNN1XjDnHdN4wV76ezxt,1.510068,4.864586,2.200831
277800,a/8GO8/ZUUTDICfLnP1TDAMR9AZchL9MW+VVrdWuAldBlNN1XjDnHdN4wV76ezxt,1.3291309999999998,5.269719,2.159877
278100,a/8GO8/ZUUTDICfLnP1TDAMR9AZchL9MW+VVrdWuAldBlNN1XjDnHdN4wV76ezxt,1.397265,3.5217519999999998,2.2758979999999998
278400,a/8GO8/ZUUTDICfLnP1TDAMR9AZchL9MW+VVrdWuAldBlNN1XjDnHdN4wV76ezxt,1.5837700000000001,4.5282279999999995,2.160392
278700,a/8GO8/ZUUTDICfLnP1TDAMR9AZchL9MW+VVrdWuAldBlNN1XjDnHdN4wV76ezxt,1.425657,2.8588150000000003,2.070214
279000,a/8GO8/ZUUTDICfLnP1TDAMR9AZchL9MW+VVrdWuAldBlNN1XjDnHdN4wV76ezxt,1.313266,8.078177,2.617937
279300,a/8GO8/ZUUTDICfLnP1TDAMR9AZchL9MW+VVrdWuAldBlNN1XjDnHdN4wV76ezxt,1.403145,4.165268,2.3065849999999997
279600,a/8GO8/ZUUTDICfLnP1TDAMR9AZchL9MW+VVrdWuAldBlNN1XjDnHdN4wV76ezxt,1.388731,4.170807,2.115484
279900,a/8GO8/ZUUTDICfLnP1TDAMR9AZchL9MW+VVrdWuAldBlNN1XjDnHdN4wV76ezxt,1.348626,2.6724360000000003,2.060458
280200,a/8GO8/ZUUTDICfLnP1TDAMR9AZchL9MW+VVrdWuAldBlNN1XjDnHdN4wV76ezxt,1.473557,5.052887999999999,2.189246
280500,a/8GO8/ZUUTDICfLnP1TDAMR9AZchL9MW+VVrdWuAldBlNN1XjDnHdN4wV76ezxt,1.4071129999999998,5.798513,2.52108
280800,a/8GO8/ZUUTDICfLnP1TDAMR9AZchL9MW+VVrdWuAldBlNN1XjDnHdN4wV76ezxt,1.437976,2.5448209999999998,2.0862580000000004
281100,a/8GO8/ZUUTDICfLnP1TDAMR9AZchL9MW+VVrdWuAldBlNN1XjDnHdN4wV76ezxt,1.475017,4.878291,2.154267
281400,a/8GO8/ZUUTDICfLnP1TDAMR9AZchL9MW+VVrdWuAldBlNN1XjDnHdN4wV76ezxt,1.257807,3.677349,2.1645830000000004
281700,a/8GO8/ZUUTDICfLnP1TDAMR9AZchL9MW+VVrdWuAldBlNN1XjDnHdN4wV76ezxt,0.968685,3.894807,2.148685
282000,a/8GO8/ZUUTDICfLnP1TDAMR9AZchL9MW+VVrdWuAldBlNN1XjDnHdN4wV76ezxt,1.259658,2.46132,1.971954
282300,a/8GO8/ZUUTDICfLnP1TDAMR9AZchL9MW+VVrdWuAldBlNN1XjDnHdN4wV76ezxt,1.211767,2.904332,1.9386259999999997
282600,a/8GO8/ZUUTDICfLnP1TDAMR9AZchL9MW+VVrdWuAldBlNN1XjDnHdN4wV76ezxt,1.475062,4.0276190000000005,2.220955
282900,a/8GO8/ZUUTDICfLnP1TDAMR9AZchL9MW+VVrdWuAldBlNN1XjDnHdN4wV76ezxt,1.014726,3.130216,2.0463150000000003
283200,a/8GO8/ZUUTDICfLnP1TDAMR9AZchL9MW+VVrdWuAldBlNN1XjDnHdN4wV76ezxt,0.8549030000000001,3.034039,1.9557740000000001
283500,a/8GO8/ZUUTDICfLnP1TDAMR9AZchL9MW+VVrdWuAldBlNN1XjDnHdN4wV76ezxt,1.272828,3.6042,2.1861740000000003
283800,a/8GO8/ZUUTDICfLnP1TDAMR9AZchL9MW+VVrdWuAldBlNN1XjDnHdN4wV76ezxt,0.727378,2.4766310000000002,1.8896099999999998
284100,a/8GO8/ZUUTDICfLnP1TDAMR9AZchL9MW+VVrdWuAldBlNN1XjDnHdN4wV76ezxt,1.319759,3.989779,2.157306
284400,a/8GO8/ZUUTDICfLnP1TDAMR9AZchL9MW+VVrdWuAldBlNN1XjDnHdN4wV76ezxt,0.751224,3.9654870000000004,2.157092
284700,a/8GO8/ZUUTDICfLnP1TDAMR9AZchL9MW+VVrdWuAldBlNN1XjDnHdN4wV76ezxt,1.414148,3.7232279999999998,2.114109
285000,a/8GO8/ZUUTDICfLnP1TDAMR9AZchL9MW+VVrdWuAldBlNN1XjDnHdN4wV76ezxt,0.634088,2.790054,1.9662970000000002
285300,a/8GO8/ZUUTDICfLnP1TDAMR9AZchL9MW+VVrdWuAldBlNN1XjDnHdN4wV76ezxt,1.3057729999999999,2.7180020000000003,2.068551
285600,a/8GO8/ZUUTDICfLnP1TDAMR9AZchL9MW+VVrdWuAldBlNN1XjDnHdN4wV76ezxt,0.786018,2.3352619999999997,1.828197
285900,a/8GO8/ZUUTDICfLnP1TDAMR9AZchL9MW+VVrdWuAldBlNN1XjDnHdN4wV76ezxt,0.770969,4.3211699999999995,2.091384
286200,a/8GO8/ZUUTDICfLnP1TDAMR9AZchL9MW+VVrdWuAldBlNN1XjDnHdN4wV76ezxt,1.491364,2.722691,2.065073
286500,a/8GO8/ZUUTDICfLnP1TDAMR9AZchL9MW+VVrdWuAldBlNN1XjDnHdN4wV76ezxt,0.666181,4.236962999999999,2.05905
286800,a/8GO8/ZUUTDICfLnP1TDAMR9AZchL9MW+VVrdWuAldBlNN1XjDnHdN4wV76ezxt,1.349974,2.849207,2.038082
287100,a/8GO8/ZUUTDICfLnP1TDAMR9AZchL9MW+VVrdWuAldBlNN1XjDnHdN4wV76ezxt,0.973231,4.556141,2.2783919999999998
287400,a/8GO8/ZUUTDICfLnP1TDAMR9AZchL9MW+VVrdWuAldBlNN1XjDnHdN4wV76ezxt,1.464721,2.625769,1.995196
287700,a/8GO8/ZUUTDICfLnP1TDAMR9AZchL9MW+VVrdWuAldBlNN1XjDnHdN4wV76ezxt,1.1455879999999998,2.764353,2.0154330000000003
288000,a/8GO8/ZUUTDICfLnP1TDAMR9AZchL9MW+VVrdWuAldBlNN1XjDnHdN4wV76ezxt,1.620435,4.223883,2.3635490000000003
288300,a/8GO8/ZUUTDICfLnP1TDAMR9AZchL9MW+VVrdWuAldBlNN1XjDnHdN4wV76ezxt,0.984317,2.45618,1.9081860000000002
288600,a/8GO8/ZUUTDICfLnP1TDAMR9AZchL9MW+VVrdWuAldBlNN1XjDnHdN4wV76ezxt,1.355317,3.0308900000000003,2.029299
288900,a/8GO8/ZUUTDICfLnP1TDAMR9AZchL9MW+VVrdWuAldBlNN1XjDnHdN4wV76ezxt,1.498944,2.727159,2.050362
289200,a/8GO8/ZUUTDICfLnP1TDAMR9AZchL9MW+VVrdWuAldBlNN1XjDnHdN4wV76ezxt,0.963181,4.150139,2.0929439999999997
289500,a/8GO8/ZUUTDICfLnP1TDAMR9AZchL9MW+VVrdWuAldBlNN1XjDnHdN4wV76ezxt,1.4535040000000001,3.0947459999999998,2.204702
289800,a/8GO8/ZUUTDICfLnP1TDAMR9AZchL9MW+VVrdWuAldBlNN1XjDnHdN4wV76ezxt,0.7525310000000001,2.5833939999999997,1.976918
290100,a/8GO8/ZUUTDICfLnP1TDAMR9AZchL9MW+VVrdWuAldBlNN1XjDnHdN4wV76ezxt,1.443846,3.699867,2.250126
290400,a/8GO8/ZUUTDICfLnP1TDAMR9AZchL9MW+VVrdWuAldBlNN1XjDnHdN4wV76ezxt,0.781918,2.899921,1.978229
290700,a/8GO8/ZUUTDICfLnP1TDAMR9AZchL9MW+VVrdWuAldBlNN1XjDnHdN4wV76ezxt,1.237225,3.946346,2.182411
291000,a/8GO8/ZUUTDICfLnP1TDAMR9AZchL9MW+VVrdWuAldBlNN1XjDnHdN4wV76ezxt,0.771871,2.8393610000000002,1.904766
291300,a/8GO8/ZUUTDICfLnP1TDAMR9AZchL9MW+VVrdWuAldBlNN1XjDnHdN4wV76ezxt,1.344233,2.83082,2.080421
291600,a/8GO8/ZUUTDICfLnP1TDAMR9AZchL9MW+VVrdWuAldBlNN1XjDnHdN4wV76ezxt,1.51442,2.668327,2.073222
291900,a/8GO8/ZUUTDICfLnP1TDAMR9AZchL9MW+VVrdWuAldBlNN1XjDnHdN4wV76ezxt,1.334064,4.1727870000000005,2.256783
292200,a/8GO8/ZUUTDICfLnP1TDAMR9AZchL9MW+VVrdWuAldBlNN1XjDnHdN4wV76ezxt,1.23597,6.4477459999999995,2.6413889999999998
292500,a/8GO8/ZUUTDICfLnP1TDAMR9AZchL9MW+VVrdWuAldBlNN1XjDnHdN4wV76ezxt,1.36982,5.733474,2.617593
292800,a/8GO8/ZUUTDICfLnP1TDAMR9AZchL9MW+VVrdWuAldBlNN1XjDnHdN4wV76ezxt,1.360665,3.247101,2.041211
293100,a/8GO8/ZUUTDICfLnP1TDAMR9AZchL9MW+VVrdWuAldBlNN1XjDnHdN4wV76ezxt,1.037885,3.035139,2.050337
293400,a/8GO8/ZUUTDICfLnP1TDAMR9AZchL9MW+VVrdWuAldBlNN1XjDnHdN4wV76ezxt,1.340039,3.4433190000000002,2.165891
293700,a/8GO8/ZUUTDICfLnP1TDAMR9AZchL9MW+VVrdWuAldBlNN1XjDnHdN4wV76ezxt,0.766817,3.43355,2.027814
294000,a/8GO8/ZUUTDICfLnP1TDAMR9AZchL9MW+VVrdWuAldBlNN1XjDnHdN4wV76ezxt,1.387564,2.898731,2.071037
294300,a/8GO8/ZUUTDICfLnP1TDAMR9AZchL9MW+VVrdWuAldBlNN1XjDnHdN4wV76ezxt,0.8976860000000001,2.772109,1.9375759999999997
294600,a/8GO8/ZUUTDICfLnP1TDAMR9AZchL9MW+VVrdWuAldBlNN1XjDnHdN4wV76ezxt,1.200192,3.821383,2.1182630000000002
294900,a/8GO8/ZUUTDICfLnP1TDAMR9AZchL9MW+VVrdWuAldBlNN1XjDnHdN4wV76ezxt,1.2808629999999999,4.1013589999999995,2.1745520000000003
295200,a/8GO8/ZUUTDICfLnP1TDAMR9AZchL9MW+VVrdWuAldBlNN1XjDnHdN4wV76ezxt,1.0966049999999998,2.765874,2.020405
295500,a/8GO8/ZUUTDICfLnP1TDAMR9AZchL9MW+VVrdWuAldBlNN1XjDnHdN4wV76ezxt,1.4717770000000001,3.61372,2.204628
295800,a/8GO8/ZUUTDICfLnP1TDAMR9AZchL9MW+VVrdWuAldBlNN1XjDnHdN4wV76ezxt,1.43446,2.683193,2.059112
296100,a/8GO8/ZUUTDICfLnP1TDAMR9AZchL9MW+VVrdWuAldBlNN1XjDnHdN4wV76ezxt,1.322031,3.584829,2.159534
296400,a/8GO8/ZUUTDICfLnP1TDAMR9AZchL9MW+VVrdWuAldBlNN1XjDnHdN4wV76ezxt,0.799153,2.8493020000000002,1.9122
296700,a/8GO8/ZUUTDICfLnP1TDAMR9AZchL9MW+VVrdWuAldBlNN1XjDnHdN4wV76ezxt,1.419409,2.7661439999999997,2.107831
297000,a/8GO8/ZUUTDICfLnP1TDAMR9AZchL9MW+VVrdWuAldBlNN1XjDnHdN4wV76ezxt,1.334349,3.222738,2.171924
297300,a/8GO8/ZUUTDICfLnP1TDAMR9AZchL9MW+VVrdWuAldBlNN1XjDnHdN4wV76ezxt,1.199431,3.114536,2.04568
297600,a/8GO8/ZUUTDICfLnP1TDAMR9AZchL9MW+VVrdWuAldBlNN1XjDnHdN4wV76ezxt,1.414667,3.79795,2.159894
297900,a/8GO8/ZUUTDICfLnP1TDAMR9AZchL9MW+VVrdWuAldBlNN1XjDnHdN4wV76ezxt,1.392196,3.5107440000000003,2.156685
298200,a/8GO8/ZUUTDICfLnP1TDAMR9AZchL9MW+VVrdWuAldBlNN1XjDnHdN4wV76ezxt,1.277301,2.849589,2.0341009999999997
298500,a/8GO8/ZUUTDICfLnP1TDAMR9AZchL9MW+VVrdWuAldBlNN1XjDnHdN4wV76ezxt,1.486853,4.276614,2.1813290000000003
298800,a/8GO8/ZUUTDICfLnP1TDAMR9AZchL9MW+VVrdWuAldBlNN1XjDnHdN4wV76ezxt,1.534632,2.8440830000000004,2.0356080000000003
299100,a/8GO8/ZUUTDICfLnP1TDAMR9AZchL9MW+VVrdWuAldBlNN1XjDnHdN4wV76ezxt,1.478538,3.086509,2.035614
299400,a/8GO8/ZUUTDICfLnP1TDAMR9AZchL9MW+VVrdWuAldBlNN1XjDnHdN4wV76ezxt,1.287068,2.815597,2.057118
299700,a/8GO8/ZUUTDICfLnP1TDAMR9AZchL9MW+VVrdWuAldBlNN1XjDnHdN4wV76ezxt,1.354933,4.1064300000000005,2.2877400000000003
300000,a/8GO8/ZUUTDICfLnP1TDAMR9AZchL9MW+VVrdWuAldBlNN1XjDnHdN4wV76ezxt,1.436704,3.1463330000000003,2.056639
300300,a/8GO8/ZUUTDICfLnP1TDAMR9AZchL9MW+VVrdWuAldBlNN1XjDnHdN4wV76ezxt,1.414701,2.766189,2.0424889999999998
300600,a/8GO8/ZUUTDICfLnP1TDAMR9AZchL9MW+VVrdWuAldBlNN1XjDnHdN4wV76ezxt,1.37418,2.669106,2.045919
300900,a/8GO8/ZUUTDICfLnP1TDAMR9AZchL9MW+VVrdWuAldBlNN1XjDnHdN4wV76ezxt,1.2889329999999999,3.6605199999999996,2.169549
301200,a/8GO8/ZUUTDICfLnP1TDAMR9AZchL9MW+VVrdWuAldBlNN1XjDnHdN4wV76ezxt,0.7326189999999999,2.611494,1.93687
301500,a/8GO8/ZUUTDICfLnP1TDAMR9AZchL9MW+VVrdWuAldBlNN1XjDnHdN4wV76ezxt,1.5498809999999998,4.080122,2.301364
301800,a/8GO8/ZUUTDICfLnP1TDAMR9AZchL9MW+VVrdWuAldBlNN1XjDnHdN4wV76ezxt,1.090082,2.699582,1.9435069999999999
302100,a/8GO8/ZUUTDICfLnP1TDAMR9AZchL9MW+VVrdWuAldBlNN1XjDnHdN4wV76ezxt,1.209643,2.83663,2.0482720000000003
302400,a/8GO8/ZUUTDICfLnP1TDAMR9AZchL9MW+VVrdWuAldBlNN1XjDnHdN4wV76ezxt,1.294265,3.507769,2.096805
302700,a/8GO8/ZUUTDICfLnP1TDAMR9AZchL9MW+VVrdWuAldBlNN1XjDnHdN4wV76ezxt,1.4344860000000001,4.052802,2.22167
303000,a/8GO8/ZUUTDICfLnP1TDAMR9AZchL9MW+VVrdWuAldBlNN1XjDnHdN4wV76ezxt,1.3463610000000001,2.771019,2.002365
303300,a/8GO8/ZUUTDICfLnP1TDAMR9AZchL9MW+VVrdWuAldBlNN1XjDnHdN4wV76ezxt,1.439335,2.6190130000000003,2.042552
303600,a/8GO8/ZUUTDICfLnP1TDAMR9AZchL9MW+VVrdWuAldBlNN1XjDnHdN4wV76ezxt,1.3729790000000002,2.550998,2.004502
303900,a/8GO8/ZUUTDICfLnP1TDAMR9AZchL9MW+VVrdWuAldBlNN1XjDnHdN4wV76ezxt,1.539485,3.513615,2.2246639999999998
304200,a/8GO8/ZUUTDICfLnP1TDAMR9AZchL9MW+VVrdWuAldBlNN1XjDnHdN4wV76ezxt,1.4967620000000001,2.4925900000000003,1.9949740000000002
304500,a/8GO8/ZUUTDICfLnP1TDAMR9AZchL9MW+VVrdWuAldBlNN1XjDnHdN4wV76ezxt,1.266997,2.593458,1.9035080000000002
304800,a/8GO8/ZUUTDICfLnP1TDAMR9AZchL9MW+VVrdWuAldBlNN1XjDnHdN4wV76ezxt,1.550958,4.039804,2.151641
305100,a/8GO8/ZUUTDICfLnP1TDAMR9AZchL9MW+VVrdWuAldBlNN1XjDnHdN4wV76ezxt,0.8020229999999999,2.425079,1.9455349999999998
305400,a/8GO8/ZUUTDICfLnP1TDAMR9AZchL9MW+VVrdWuAldBlNN1XjDnHdN4wV76ezxt,1.083308,2.618961,1.9043
305700,a/8GO8/ZUUTDICfLnP1TDAMR9AZchL9MW+VVrdWuAldBlNN1XjDnHdN4wV76ezxt,1.462676,2.517449,2.009729
306000,a/8GO8/ZUUTDICfLnP1TDAMR9AZchL9MW+VVrdWuAldBlNN1XjDnHdN4wV76ezxt,0.7926770000000001,3.6961199999999996,2.056613
306300,a/8GO8/ZUUTDICfLnP1TDAMR9AZchL9MW+VVrdWuAldBlNN1XjDnHdN4wV76ezxt,1.432237,2.669709,2.0279529999999997
306600,a/8GO8/ZUUTDICfLnP1TDAMR9AZchL9MW+VVrdWuAldBlNN1XjDnHdN4wV76ezxt,1.154331,2.524613,1.931759
306900,a/8GO8/ZUUTDICfLnP1TDAMR9AZchL9MW+VVrdWuAldBlNN1XjDnHdN4wV76ezxt,1.354223,3.477699,2.1541259999999998
307200,a/8GO8/ZUUTDICfLnP1TDAMR9AZchL9MW+VVrdWuAldBlNN1XjDnHdN4wV76ezxt,0.799017,4.225606,2.185826
307500,a/8GO8/ZUUTDICfLnP1TDAMR9AZchL9MW+VVrdWuAldBlNN1XjDnHdN4wV76ezxt,1.374735,2.6759169999999997,2.0593049999999997
307800,a/8GO8/ZUUTDICfLnP1TDAMR9AZchL9MW+VVrdWuAldBlNN1XjDnHdN4wV76ezxt,1.059719,8.702844,2.728519
308100,a/8GO8/ZUUTDICfLnP1TDAMR9AZchL9MW+VVrdWuAldBlNN1XjDnHdN4wV76ezxt,1.124735,2.8153259999999998,2.003298
308400,a/8GO8/ZUUTDICfLnP1TDAMR9AZchL9MW+VVrdWuAldBlNN1XjDnHdN4wV76ezxt,1.549469,2.6231139999999997,2.080166
308700,a/8GO8/ZUUTDICfLnP1TDAMR9AZchL9MW+VVrdWuAldBlNN1XjDnHdN4wV76ezxt,1.306059,3.8990739999999997,2.102622
309000,a/8GO8/ZUUTDICfLnP1TDAMR9AZchL9MW+VVrdWuAldBlNN1XjDnHdN4wV76ezxt,1.410439,2.981645,1.998476
309300,a/8GO8/ZUUTDICfLnP1TDAMR9AZchL9MW+VVrdWuAldBlNN1XjDnHdN4wV76ezxt,1.140512,2.976578,2.041496
309600,a/8GO8/ZUUTDICfLnP1TDAMR9AZchL9MW+VVrdWuAldBlNN1XjDnHdN4wV76ezxt,1.605869,3.1683060000000003,2.144511
309900,a/8GO8/ZUUTDICfLnP1TDAMR9AZchL9MW+VVrdWuAldBlNN1XjDnHdN4wV76ezxt,1.282846,2.6243369999999997,2.016607
310200,a/8GO8/ZUUTDICfLnP1TDAMR9AZchL9MW+VVrdWuAldBlNN1XjDnHdN4wV76ezxt,1.461049,3.836674,2.170038
310500,a/8GO8/ZUUTDICfLnP1TDAMR9AZchL9MW+VVrdWuAldBlNN1XjDnHdN4wV76ezxt,1.204918,3.6138339999999998,2.104663
310800,a/8GO8/ZUUTDICfLnP1TDAMR9AZchL9MW+VVrdWuAldBlNN1XjDnHdN4wV76ezxt,1.117969,2.970956,1.956261
311100,a/8GO8/ZUUTDICfLnP1TDAMR9AZchL9MW+VVrdWuAldBlNN1XjDnHdN4wV76ezxt,1.3381299999999998,2.373402,2.029417
311400,a/8GO8/ZUUTDICfLnP1TDAMR9AZchL9MW+VVrdWuAldBlNN1XjDnHdN4wV76ezxt,0.973125,4.146815,2.165364
311700,a/8GO8/ZUUTDICfLnP1TDAMR9AZchL9MW+VVrdWuAldBlNN1XjDnHdN4wV76ezxt,1.427036,3.458943,2.184837
312000,a/8GO8/ZUUTDICfLnP1TDAMR9AZchL9MW+VVrdWuAldBlNN1XjDnHdN4wV76ezxt,0.853611,3.3961449999999997,2.0515830000000004
312300,a/8GO8/ZUUTDICfLnP1TDAMR9AZchL9MW+VVrdWuAldBlNN1XjDnHdN4wV76ezxt,1.3745120000000002,3.867716,2.191548
312600,a/8GO8/ZUUTDICfLnP1TDAMR9AZchL9MW+VVrdWuAldBlNN1XjDnHdN4wV76ezxt,1.443072,2.805255,1.9883419999999998
312900,a/8GO8/ZUUTDICfLnP1TDAMR9AZchL9MW+VVrdWuAldBlNN1XjDnHdN4wV76ezxt,1.298486,2.33038,1.979782
313200,a/8GO8/ZUUTDICfLnP1TDAMR9AZchL9MW+VVrdWuAldBlNN1XjDnHdN4wV76ezxt,0.9499690000000001,3.7305879999999996,2.0929159999999998
313500,a/8GO8/ZUUTDICfLnP1TDAMR9AZchL9MW+VVrdWuAldBlNN1XjDnHdN4wV76ezxt,1.312741,4.00151,2.1220529999999997
313800,a/8GO8/ZUUTDICfLnP1TDAMR9AZchL9MW+VVrdWuAldBlNN1XjDnHdN4wV76ezxt,1.663921,3.334741,2.161772
314100,a/8GO8/ZUUTDICfLnP1TDAMR9AZchL9MW+VVrdWuAldBlNN1XjDnHdN4wV76ezxt,1.3275350000000001,2.627863,2.023484
314400,a/8GO8/ZUUTDICfLnP1TDAMR9AZchL9MW+VVrdWuAldBlNN1XjDnHdN4wV76ezxt,1.442383,2.76575,2.0280259999999997
314700,a/8GO8/ZUUTDICfLnP1TDAMR9AZchL9MW+VVrdWuAldBlNN1XjDnHdN4wV76ezxt,1.386837,3.841485,2.232614
315000,a/8GO8/ZUUTDICfLnP1TDAMR9AZchL9MW+VVrdWuAldBlNN1XjDnHdN4wV76ezxt,1.580091,2.5682110000000002,2.084589
315300,a/8GO8/ZUUTDICfLnP1TDAMR9AZchL9MW+VVrdWuAldBlNN1XjDnHdN4wV76ezxt,1.344055,16.444919,3.5520940000000003
315600,a/8GO8/ZUUTDICfLnP1TDAMR9AZchL9MW+VVrdWuAldBlNN1XjDnHdN4wV76ezxt,1.321753,7.015209,2.582854
315900,a/8GO8/ZUUTDICfLnP1TDAMR9AZchL9MW+VVrdWuAldBlNN1XjDnHdN4wV76ezxt,1.25784,4.867491,2.354309
316200,a/8GO8/ZUUTDICfLnP1TDAMR9AZchL9MW+VVrdWuAldBlNN1XjDnHdN4wV76ezxt,1.352803,2.674022,2.064479
316500,a/8GO8/ZUUTDICfLnP1TDAMR9AZchL9MW+VVrdWuAldBlNN1XjDnHdN4wV76ezxt,1.447196,2.490382,2.041693
316800,a/8GO8/ZUUTDICfLnP1TDAMR9AZchL9MW+VVrdWuAldBlNN1XjDnHdN4wV76ezxt,1.469498,2.958168,2.048953
317100,a/8GO8/ZUUTDICfLnP1TDAMR9AZchL9MW+VVrdWuAldBlNN1XjDnHdN4wV76ezxt,1.419155,2.933584,2.075775
317400,a/8GO8/ZUUTDICfLnP1TDAMR9AZchL9MW+VVrdWuAldBlNN1XjDnHdN4wV76ezxt,1.410733,9.768325,2.9387220000000003
317700,a/8GO8/ZUUTDICfLnP1TDAMR9AZchL9MW+VVrdWuAldBlNN1XjDnHdN4wV76ezxt,1.361736,3.40208,2.2562029999999997
318000,a/8GO8/ZUUTDICfLnP1TDAMR9AZchL9MW+VVrdWuAldBlNN1XjDnHdN4wV76ezxt,1.093782,4.4698519999999995,2.0276650000000003
318300,a/8GO8/ZUUTDICfLnP1TDAMR9AZchL9MW+VVrdWuAldBlNN1XjDnHdN4wV76ezxt,1.445797,2.960171,1.995913
318600,a/8GO8/ZUUTDICfLnP1TDAMR9AZchL9MW+VVrdWuAldBlNN1XjDnHdN4wV76ezxt,1.5275379999999998,13.084594000000001,3.094146
318900,a/8GO8/ZUUTDICfLnP1TDAMR9AZchL9MW+VVrdWuAldBlNN1XjDnHdN4wV76ezxt,1.071965,4.761004,2.143656
319200,a/8GO8/ZUUTDICfLnP1TDAMR9AZchL9MW+VVrdWuAldBlNN1XjDnHdN4wV76ezxt,1.355065,2.582906,1.9885970000000002
319500,a/8GO8/ZUUTDICfLnP1TDAMR9AZchL9MW+VVrdWuAldBlNN1XjDnHdN4wV76ezxt,1.350295,2.894802,2.065121
319800,a/8GO8/ZUUTDICfLnP1TDAMR9AZchL9MW+VVrdWuAldBlNN1XjDnHdN4wV76ezxt,1.3723610000000002,2.777365,2.009009
320100,a/8GO8/ZUUTDICfLnP1TDAMR9AZchL9MW+VVrdWuAldBlNN1XjDnHdN4wV76ezxt,1.4347239999999999,3.741199,2.259588
320400,a/8GO8/ZUUTDICfLnP1TDAMR9AZchL9MW+VVrdWuAldBlNN1XjDnHdN4wV76ezxt,1.414882,3.0341150000000003,2.0730560000000002
320700,a/8GO8/ZUUTDICfLnP1TDAMR9AZchL9MW+VVrdWuAldBlNN1XjDnHdN4wV76ezxt,1.41541,3.919772,2.1660630000000003
321000,a/8GO8/ZUUTDICfLnP1TDAMR9AZchL9MW+VVrdWuAldBlNN1XjDnHdN4wV76ezxt,1.439139,2.626982,1.990407
321300,a/8GO8/ZUUTDICfLnP1TDAMR9AZchL9MW+VVrdWuAldBlNN1XjDnHdN4wV76ezxt,1.427912,6.631964999999999,2.901663
321600,a/8GO8/ZUUTDICfLnP1TDAMR9AZchL9MW+VVrdWuAldBlNN1XjDnHdN4wV76ezxt,1.520831,2.854613,2.113427
321900,a/8GO8/ZUUTDICfLnP1TDAMR9AZchL9MW+VVrdWuAldBlNN1XjDnHdN4wV76ezxt,1.3630790000000002,3.808849,2.167632
322200,a/8GO8/ZUUTDICfLnP1TDAMR9AZchL9MW+VVrdWuAldBlNN1XjDnHdN4wV76ezxt,1.2949030000000001,3.4510739999999998,2.166267
322500,a/8GO8/ZUUTDICfLnP1TDAMR9AZchL9MW+VVrdWuAldBlNN1XjDnHdN4wV76ezxt,1.3805,2.849797,2.052891
322800,a/8GO8/ZUUTDICfLnP1TDAMR9AZchL9MW+VVrdWuAldBlNN1XjDnHdN4wV76ezxt,1.482593,2.573469,1.9991400000000001
323100,a/8GO8/ZUUTDICfLnP1TDAMR9AZchL9MW+VVrdWuAldBlNN1XjDnHdN4wV76ezxt,1.387023,3.7883459999999998,2.186841
323400,a/8GO8/ZUUTDICfLnP1TDAMR9AZchL9MW+VVrdWuAldBlNN1XjDnHdN4wV76ezxt,1.427914,3.53116,2.203872
323700,a/8GO8/ZUUTDICfLnP1TDAMR9AZchL9MW+VVrdWuAldBlNN1XjDnHdN4wV76ezxt,1.405058,2.524259,2.0097169999999998
324000,a/8GO8/ZUUTDICfLnP1TDAMR9AZchL9MW+VVrdWuAldBlNN1XjDnHdN4wV76ezxt,1.484061,2.7772189999999997,2.017953
324300,a/8GO8/ZUUTDICfLnP1TDAMR9AZchL9MW+VVrdWuAldBlNN1XjDnHdN4wV76ezxt,1.618695,3.27684,2.2568639999999998
324600,a/8GO8/ZUUTDICfLnP1TDAMR9AZchL9MW+VVrdWuAldBlNN1XjDnHdN4wV76ezxt,1.400844,2.559109,1.972434
324900,a/8GO8/ZUUTDICfLnP1TDAMR9AZchL9MW+VVrdWuAldBlNN1XjDnHdN4wV76ezxt,0.718113,2.755514,1.8969599999999998
325200,a/8GO8/ZUUTDICfLnP1TDAMR9AZchL9MW+VVrdWuAldBlNN1XjDnHdN4wV76ezxt,1.292446,3.0560110000000003,2.05952
325500,a/8GO8/ZUUTDICfLnP1TDAMR9AZchL9MW+VVrdWuAldBlNN1XjDnHdN4wV76ezxt,1.2206860000000002,2.547895,1.998848
325800,a/8GO8/ZUUTDICfLnP1TDAMR9AZchL9MW+VVrdWuAldBlNN1XjDnHdN4wV76ezxt,1.199662,4.436938,2.2204990000000002
326100,a/8GO8/ZUUTDICfLnP1TDAMR9AZchL9MW+VVrdWuAldBlNN1XjDnHdN4wV76ezxt,1.4038030000000001,2.5647900000000003,1.98715
326400,a/8GO8/ZUUTDICfLnP1TDAMR9AZchL9MW+VVrdWuAldBlNN1XjDnHdN4wV76ezxt,1.233946,5.445059,2.27251
326700,a/8GO8/ZUUTDICfLnP1TDAMR9AZchL9MW+VVrdWuAldBlNN1XjDnHdN4wV76ezxt,1.375314,3.1323060000000003,2.0152669999999997
327000,a/8GO8/ZUUTDICfLnP1TDAMR9AZchL9MW+VVrdWuAldBlNN1XjDnHdN4wV76ezxt,0.616708,2.83012,1.951314
327300,a/8GO8/ZUUTDICfLnP1TDAMR9AZchL9MW+VVrdWuAldBlNN1XjDnHdN4wV76ezxt,1.270622,3.916958,2.140832
327600,a/8GO8/ZUUTDICfLnP1TDAMR9AZchL9MW+VVrdWuAldBlNN1XjDnHdN4wV76ezxt,0.76235,3.6679470000000003,2.033988
327900,a/8GO8/ZUUTDICfLnP1TDAMR9AZchL9MW+VVrdWuAldBlNN1XjDnHdN4wV76ezxt,1.340586,2.6722,2.046578
328200,a/8GO8/ZUUTDICfLnP1TDAMR9AZchL9MW+VVrdWuAldBlNN1XjDnHdN4wV76ezxt,0.668933,2.578793,1.8652009999999999
328500,a/8GO8/ZUUTDICfLnP1TDAMR9AZchL9MW+VVrdWuAldBlNN1XjDnHdN4wV76ezxt,1.2607780000000002,3.113506,2.072668
328800,a/8GO8/ZUUTDICfLnP1TDAMR9AZchL9MW+VVrdWuAldBlNN1XjDnHdN4wV76ezxt,0.9961129999999999,3.800708,2.030278
329100,a/8GO8/ZUUTDICfLnP1TDAMR9AZchL9MW+VVrdWuAldBlNN1XjDnHdN4wV76ezxt,1.337683,3.5364120000000003,2.159048
329400,a/8GO8/ZUUTDICfLnP1TDAMR9AZchL9MW+VVrdWuAldBlNN1XjDnHdN4wV76ezxt,0.980001,2.689151,1.93661
329700,a/8GO8/ZUUTDICfLnP1TDAMR9AZchL9MW+VVrdWuAldBlNN1XjDnHdN4wV76ezxt,1.32554,2.6617450000000002,1.959962
330000,a/8GO8/ZUUTDICfLnP1TDAMR9AZchL9MW+VVrdWuAldBlNN1XjDnHdN4wV76ezxt,1.553599,3.876979,2.198538
330300,a/8GO8/ZUUTDICfLnP1TDAMR9AZchL9MW+VVrdWuAldBlNN1XjDnHdN4wV76ezxt,1.3596549999999998,2.878869,1.977668
330600,a/8GO8/ZUUTDICfLnP1TDAMR9AZchL9MW+VVrdWuAldBlNN1XjDnHdN4wV76ezxt,1.288208,3.9532190000000003,2.284859
330900,a/8GO8/ZUUTDICfLnP1TDAMR9AZchL9MW+VVrdWuAldBlNN1XjDnHdN4wV76ezxt,1.402369,4.053053,2.071787
331200,a/8GO8/ZUUTDICfLnP1TDAMR9AZchL9MW+VVrdWuAldBlNN1XjDnHdN4wV76ezxt,1.474479,2.757055,2.052537
331500,a/8GO8/ZUUTDICfLnP1TDAMR9AZchL9MW+VVrdWuAldBlNN1XjDnHdN4wV76ezxt,1.490435,3.308865,2.155293
331800,a/8GO8/ZUUTDICfLnP1TDAMR9AZchL9MW+VVrdWuAldBlNN1XjDnHdN4wV76ezxt,1.409968,2.6963310000000003,2.032608
332100,a/8GO8/ZUUTDICfLnP1TDAMR9AZchL9MW+VVrdWuAldBlNN1XjDnHdN4wV76ezxt,1.3144280000000002,5.570179,2.501674
332400,a/8GO8/ZUUTDICfLnP1TDAMR9AZchL9MW+VVrdWuAldBlNN1XjDnHdN4wV76ezxt,1.469809,13.3819,2.896375
332700,a/8GO8/ZUUTDICfLnP1TDAMR9AZchL9MW+VVrdWuAldBlNN1XjDnHdN4wV76ezxt,1.370846,2.5739810000000003,2.017266
333000,a/8GO8/ZUUTDICfLnP1TDAMR9AZchL9MW+VVrdWuAldBlNN1XjDnHdN4wV76ezxt,0.947829,3.5006779999999997,2.0992
333300,a/8GO8/ZUUTDICfLnP1TDAMR9AZchL9MW+VVrdWuAldBlNN1XjDnHdN4wV76ezxt,1.29521,2.595996,1.9993919999999998
333600,a/8GO8/ZUUTDICfLnP1TDAMR9AZchL9MW+VVrdWuAldBlNN1XjDnHdN4wV76ezxt,0.813565,2.851451,1.995972
333900,a/8GO8/ZUUTDICfLnP1TDAMR9AZchL9MW+VVrdWuAldBlNN1XjDnHdN4wV76ezxt,1.38056,3.633982,2.185691
334200,a/8GO8/ZUUTDICfLnP1TDAMR9AZchL9MW+VVrdWuAldBlNN1XjDnHdN4wV76ezxt,0.6620659999999999,2.5915630000000003,1.8463180000000001
334500,a/8GO8/ZUUTDICfLnP1TDAMR9AZchL9MW+VVrdWuAldBlNN1XjDnHdN4wV76ezxt,1.424009,2.702566,2.06067
334800,a/8GO8/ZUUTDICfLnP1TDAMR9AZchL9MW+VVrdWuAldBlNN1XjDnHdN4wV76ezxt,1.42644,5.009071,2.226809
335100,a/8GO8/ZUUTDICfLnP1TDAMR9AZchL9MW+VVrdWuAldBlNN1XjDnHdN4wV76ezxt,0.658899,3.67585,2.033672
335400,a/8GO8/ZUUTDICfLnP1TDAMR9AZchL9MW+VVrdWuAldBlNN1XjDnHdN4wV76ezxt,1.518892,3.477327,2.1735860000000002
335700,a/8GO8/ZUUTDICfLnP1TDAMR9AZchL9MW+VVrdWuAldBlNN1XjDnHdN4wV76ezxt,0.914334,2.706888,1.967843
336000,a/8GO8/ZUUTDICfLnP1TDAMR9AZchL9MW+VVrdWuAldBlNN1XjDnHdN4wV76ezxt,1.277978,2.3951700000000002,2.0221169999999997
336300,a/8GO8/ZUUTDICfLnP1TDAMR9AZchL9MW+VVrdWuAldBlNN1XjDnHdN4wV76ezxt,0.7399600000000001,3.20277,2.139184
336600,a/8GO8/ZUUTDICfLnP1TDAMR9AZchL9MW+VVrdWuAldBlNN1XjDnHdN4wV76ezxt,1.398878,8.020216,2.550105
336900,a/8GO8/ZUUTDICfLnP1TDAMR9AZchL9MW+VVrdWuAldBlNN1XjDnHdN4wV76ezxt,0.93127,2.6555150000000003,1.963634
337200,a/8GO8/ZUUTDICfLnP1TDAMR9AZchL9MW+VVrdWuAldBlNN1XjDnHdN4wV76ezxt,1.445834,2.520194,2.055602
337500,a/8GO8/ZUUTDICfLnP1TDAMR9AZchL9MW+VVrdWuAldBlNN1XjDnHdN4wV76ezxt,1.355891,5.201987,2.336047
337800,a/8GO8/ZUUTDICfLnP1TDAMR9AZchL9MW+VVrdWuAldBlNN1XjDnHdN4wV76ezxt,0.610479,2.506698,1.884463
338100,a/8GO8/ZUUTDICfLnP1TDAMR9AZchL9MW+VVrdWuAldBlNN1XjDnHdN4wV76ezxt,1.368961,4.151333999999999,2.167349
338400,a/8GO8/ZUUTDICfLnP1TDAMR9AZchL9MW+VVrdWuAldBlNN1XjDnHdN4wV76ezxt,0.664262,2.963263,1.978214
338700,a/8GO8/ZUUTDICfLnP1TDAMR9AZchL9MW+VVrdWuAldBlNN1XjDnHdN4wV76ezxt,1.477603,3.523704,2.193475
339000,a/8GO8/ZUUTDICfLnP1TDAMR9AZchL9MW+VVrdWuAldBlNN1XjDnHdN4wV76ezxt,0.878566,3.9459419999999996,2.180778
339300,a/8GO8/ZUUTDICfLnP1TDAMR9AZchL9MW+VVrdWuAldBlNN1XjDnHdN4wV76ezxt,1.267164,2.872186,2.0594490000000003
339600,a/8GO8/ZUUTDICfLnP1TDAMR9AZchL9MW+VVrdWuAldBlNN1XjDnHdN4wV76ezxt,1.382568,3.7915400000000004,2.0979759999999996
339900,a/8GO8/ZUUTDICfLnP1TDAMR9AZchL9MW+VVrdWuAldBlNN1XjDnHdN4wV76ezxt,1.200025,4.348584,2.235284
340200,a/8GO8/ZUUTDICfLnP1TDAMR9AZchL9MW+VVrdWuAldBlNN1XjDnHdN4wV76ezxt,1.427798,2.571314,2.0908189999999998
340500,a/8GO8/ZUUTDICfLnP1TDAMR9AZchL9MW+VVrdWuAldBlNN1XjDnHdN4wV76ezxt,1.27096,3.6085800000000003,2.155494
340800,a/8GO8/ZUUTDICfLnP1TDAMR9AZchL9MW+VVrdWuAldBlNN1XjDnHdN4wV76ezxt,1.363043,2.459682,2.040469
341100,a/8GO8/ZUUTDICfLnP1TDAMR9AZchL9MW+VVrdWuAldBlNN1XjDnHdN4wV76ezxt,1.413608,3.658257,2.240386
341400,a/8GO8/ZUUTDICfLnP1TDAMR9AZchL9MW+VVrdWuAldBlNN1XjDnHdN4wV76ezxt,1.407499,3.435459,2.127708
341700,a/8GO8/ZUUTDICfLnP1TDAMR9AZchL9MW+VVrdWuAldBlNN1XjDnHdN4wV76ezxt,1.403062,2.395338,2.045887
342000,a/8GO8/ZUUTDICfLnP1TDAMR9AZchL9MW+VVrdWuAldBlNN1XjDnHdN4wV76ezxt,1.334126,3.551163,2.317611
342300,a/8GO8/ZUUTDICfLnP1TDAMR9AZchL9MW+VVrdWuAldBlNN1XjDnHdN4wV76ezxt,1.294842,3.593121,2.1158490000000003
342600,a/8GO8/ZUUTDICfLnP1TDAMR9AZchL9MW+VVrdWuAldBlNN1XjDnHdN4wV76ezxt,1.328436,2.6261189999999996,2.067411
342900,a/8GO8/ZUUTDICfLnP1TDAMR9AZchL9MW+VVrdWuAldBlNN1XjDnHdN4wV76ezxt,1.287086,2.650457,2.022678
343200,a/8GO8/ZUUTDICfLnP1TDAMR9AZchL9MW+VVrdWuAldBlNN1XjDnHdN4wV76ezxt,1.6900819999999999,3.9567410000000005,2.251493
343500,a/8GO8/ZUUTDICfLnP1TDAMR9AZchL9MW+VVrdWuAldBlNN1XjDnHdN4wV76ezxt,1.4238549999999999,2.89984,2.121254
343800,a/8GO8/ZUUTDICfLnP1TDAMR9AZchL9MW+VVrdWuAldBlNN1XjDnHdN4wV76ezxt,1.3620450000000002,3.536486,2.073092
344100,a/8GO8/ZUUTDICfLnP1TDAMR9AZchL9MW+VVrdWuAldBlNN1XjDnHdN4wV76ezxt,1.43587,3.8716199999999996,2.110362
344400,a/8GO8/ZUUTDICfLnP1TDAMR9AZchL9MW+VVrdWuAldBlNN1XjDnHdN4wV76ezxt,1.051548,4.377066,2.168541
344700,a/8GO8/ZUUTDICfLnP1TDAMR9AZchL9MW+VVrdWuAldBlNN1XjDnHdN4wV76ezxt,1.267601,3.832319,2.19509
345000,a/8GO8/ZUUTDICfLnP1TDAMR9AZchL9MW+VVrdWuAldBlNN1XjDnHdN4wV76ezxt,1.2552969999999999,4.582109,2.199623
345300,a/8GO8/ZUUTDICfLnP1TDAMR9AZchL9MW+VVrdWuAldBlNN1XjDnHdN4wV76ezxt,1.3571469999999999,2.717116,2.042951
345600,a/8GO8/ZUUTDICfLnP1TDAMR9AZchL9MW+VVrdWuAldBlNN1XjDnHdN4wV76ezxt,1.300738,4.383073,2.2853950000000003
345900,a/8GO8/ZUUTDICfLnP1TDAMR9AZchL9MW+VVrdWuAldBlNN1XjDnHdN4wV76ezxt,1.348362,4.359551000000001,2.170634
346200,a/8GO8/ZUUTDICfLnP1TDAMR9AZchL9MW+VVrdWuAldBlNN1XjDnHdN4wV76ezxt,1.426587,3.704389,2.181757
346500,a/8GO8/ZUUTDICfLnP1TDAMR9AZchL9MW+VVrdWuAldBlNN1XjDnHdN4wV76ezxt,1.187374,2.9152310000000003,1.99043
346800,a/8GO8/ZUUTDICfLnP1TDAMR9AZchL9MW+VVrdWuAldBlNN1XjDnHdN4wV76ezxt,1.2814940000000001,3.845908,2.1241529999999997
347100,a/8GO8/ZUUTDICfLnP1TDAMR9AZchL9MW+VVrdWuAldBlNN1XjDnHdN4wV76ezxt,0.919115,3.079925,2.072677
347400,a/8GO8/ZUUTDICfLnP1TDAMR9AZchL9MW+VVrdWuAldBlNN1XjDnHdN4wV76ezxt,1.237387,3.966414,2.164891
347700,a/8GO8/ZUUTDICfLnP1TDAMR9AZchL9MW+VVrdWuAldBlNN1XjDnHdN4wV76ezxt,1.364786,4.093432,2.131392
348000,a/8GO8/ZUUTDICfLnP1TDAMR9AZchL9MW+VVrdWuAldBlNN1XjDnHdN4wV76ezxt,1.405412,2.922197,2.004147
348300,a/8GO8/ZUUTDICfLnP1TDAMR9AZchL9MW+VVrdWuAldBlNN1XjDnHdN4wV76ezxt,1.415367,4.05195,2.175002
348600,a/8GO8/ZUUTDICfLnP1TDAMR9AZchL9MW+VVrdWuAldBlNN1XjDnHdN4wV76ezxt,0.8692629999999999,3.061851,1.990793
348900,a/8GO8/ZUUTDICfLnP1TDAMR9AZchL9MW+VVrdWuAldBlNN1XjDnHdN4wV76ezxt,1.562254,3.7298910000000003,2.3062259999999997
349200,a/8GO8/ZUUTDICfLnP1TDAMR9AZchL9MW+VVrdWuAldBlNN1XjDnHdN4wV76ezxt,1.080086,3.5441730000000002,2.048299
349500,a/8GO8/ZUUTDICfLnP1TDAMR9AZchL9MW+VVrdWuAldBlNN1XjDnHdN4wV76ezxt,1.540162,2.445011,1.979491
349800,a/8GO8/ZUUTDICfLnP1TDAMR9AZchL9MW+VVrdWuAldBlNN1XjDnHdN4wV76ezxt,1.479588,4.156644,2.3192169999999996
350100,a/8GO8/ZUUTDICfLnP1TDAMR9AZchL9MW+VVrdWuAldBlNN1XjDnHdN4wV76ezxt,1.395385,2.7924729999999998,2.0560259999999997
350400,a/8GO8/ZUUTDICfLnP1TDAMR9AZchL9MW+VVrdWuAldBlNN1XjDnHdN4wV76ezxt,1.338769,3.1939580000000003,2.010764
350700,a/8GO8/ZUUTDICfLnP1TDAMR9AZchL9MW+VVrdWuAldBlNN1XjDnHdN4wV76ezxt,1.358755,3.2381740000000003,2.171828
351000,a/8GO8/ZUUTDICfLnP1TDAMR9AZchL9MW+VVrdWuAldBlNN1XjDnHdN4wV76ezxt,1.27498,4.600054,2.254155
351300,a/8GO8/ZUUTDICfLnP1TDAMR9AZchL9MW+VVrdWuAldBlNN1XjDnHdN4wV76ezxt,1.510434,3.951522,2.302379
351600,a/8GO8/ZUUTDICfLnP1TDAMR9AZchL9MW+VVrdWuAldBlNN1XjDnHdN4wV76ezxt,0.937199,2.8788139999999998,1.99617
351900,a/8GO8/ZUUTDICfLnP1TDAMR9AZchL9MW+VVrdWuAldBlNN1XjDnHdN4wV76ezxt,0.8752459999999999,2.789469,2.0062439999999997
352200,a/8GO8/ZUUTDICfLnP1TDAMR9AZchL9MW+VVrdWuAldBlNN1XjDnHdN4wV76ezxt,1.491203,3.7316510000000003,2.135838
352500,a/8GO8/ZUUTDICfLnP1TDAMR9AZchL9MW+VVrdWuAldBlNN1XjDnHdN4wV76ezxt,0.9599409999999999,2.721566,2.032596
352800,a/8GO8/ZUUTDICfLnP1TDAMR9AZchL9MW+VVrdWuAldBlNN1XjDnHdN4wV76ezxt,1.416513,3.408922,2.170219
353100,a/8GO8/ZUUTDICfLnP1TDAMR9AZchL9MW+VVrdWuAldBlNN1XjDnHdN4wV76ezxt,0.95105,3.88611,2.105244
353400,a/8GO8/ZUUTDICfLnP1TDAMR9AZchL9MW+VVrdWuAldBlNN1XjDnHdN4wV76ezxt,1.283311,4.270821,2.163377
353700,a/8GO8/ZUUTDICfLnP1TDAMR9AZchL9MW+VVrdWuAldBlNN1XjDnHdN4wV76ezxt,1.448895,2.6243369999999997,2.025186
354000,a/8GO8/ZUUTDICfLnP1TDAMR9AZchL9MW+VVrdWuAldBlNN1XjDnHdN4wV76ezxt,1.631852,3.736047,2.161053
354300,a/8GO8/ZUUTDICfLnP1TDAMR9AZchL9MW+VVrdWuAldBlNN1XjDnHdN4wV76ezxt,1.371898,2.7222720000000002,2.0317819999999998
354600,a/8GO8/ZUUTDICfLnP1TDAMR9AZchL9MW+VVrdWuAldBlNN1XjDnHdN4wV76ezxt,1.412827,2.83379,2.0565759999999997
354900,a/8GO8/ZUUTDICfLnP1TDAMR9AZchL9MW+VVrdWuAldBlNN1XjDnHdN4wV76ezxt,1.396575,3.9081930000000003,2.1453860000000002
355200,a/8GO8/ZUUTDICfLnP1TDAMR9AZchL9MW+VVrdWuAldBlNN1XjDnHdN4wV76ezxt,1.1990610000000002,3.2453939999999997,2.107533
355500,a/8GO8/ZUUTDICfLnP1TDAMR9AZchL9MW+VVrdWuAldBlNN1XjDnHdN4wV76ezxt,1.495296,3.750865,2.300224
355800,a/8GO8/ZUUTDICfLnP1TDAMR9AZchL9MW+VVrdWuAldBlNN1XjDnHdN4wV76ezxt,1.297181,2.485845,1.9335080000000002
356100,a/8GO8/ZUUTDICfLnP1TDAMR9AZchL9MW+VVrdWuAldBlNN1XjDnHdN4wV76ezxt,1.501349,3.3785480000000003,2.207337
356400,a/8GO8/ZUUTDICfLnP1TDAMR9AZchL9MW+VVrdWuAldBlNN1XjDnHdN4wV76ezxt,1.159515,3.652052,2.086687
356700,a/8GO8/ZUUTDICfLnP1TDAMR9AZchL9MW+VVrdWuAldBlNN1XjDnHdN4wV76ezxt,1.481052,2.53994,1.9913419999999997
357000,a/8GO8/ZUUTDICfLnP1TDAMR9AZchL9MW+VVrdWuAldBlNN1XjDnHdN4wV76ezxt,1.3816680000000001,2.7555080000000003,2.010924
357300,a/8GO8/ZUUTDICfLnP1TDAMR9AZchL9MW+VVrdWuAldBlNN1XjDnHdN4wV76ezxt,1.194795,3.796222,2.142128
357600,a/8GO8/ZUUTDICfLnP1TDAMR9AZchL9MW+VVrdWuAldBlNN1XjDnHdN4wV76ezxt,1.330171,2.565769,1.9899470000000001
357900,a/8GO8/ZUUTDICfLnP1TDAMR9AZchL9MW+VVrdWuAldBlNN1XjDnHdN4wV76ezxt,1.213299,2.794675,2.09127
358200,a/8GO8/ZUUTDICfLnP1TDAMR9AZchL9MW+VVrdWuAldBlNN1XjDnHdN4wV76ezxt,1.459249,21.838581,4.046591
358500,a/8GO8/ZUUTDICfLnP1TDAMR9AZchL9MW+VVrdWuAldBlNN1XjDnHdN4wV76ezxt,1.030448,2.563181,1.9559799999999998
358800,a/8GO8/ZUUTDICfLnP1TDAMR9AZchL9MW+VVrdWuAldBlNN1XjDnHdN4wV76ezxt,1.565091,3.3953559999999996,2.1876700000000002
359100,a/8GO8/ZUUTDICfLnP1TDAMR9AZchL9MW+VVrdWuAldBlNN1XjDnHdN4wV76ezxt,0.784755,3.5348370000000005,2.078642
359400,a/8GO8/ZUUTDICfLnP1TDAMR9AZchL9MW+VVrdWuAldBlNN1XjDnHdN4wV76ezxt,1.512512,3.028571,2.150288
359700,a/8GO8/ZUUTDICfLnP1TDAMR9AZchL9MW+VVrdWuAldBlNN1XjDnHdN4wV76ezxt,0.986979,2.65532,2.0071060000000003
360000,a/8GO8/ZUUTDICfLnP1TDAMR9AZchL9MW+VVrdWuAldBlNN1XjDnHdN4wV76ezxt,1.2360879999999999,2.663348,2.01294
360300,a/8GO8/ZUUTDICfLnP1TDAMR9AZchL9MW+VVrdWuAldBlNN1XjDnHdN4wV76ezxt,1.331432,4.012583,2.198877
360600,a/8GO8/ZUUTDICfLnP1TDAMR9AZchL9MW+VVrdWuAldBlNN1XjDnHdN4wV76ezxt,1.201011,3.257727,2.199716
360900,a/8GO8/ZUUTDICfLnP1TDAMR9AZchL9MW+VVrdWuAldBlNN1XjDnHdN4wV76ezxt,1.416134,2.5992830000000002,2.0066580000000003
361200,a/8GO8/ZUUTDICfLnP1TDAMR9AZchL9MW+VVrdWuAldBlNN1XjDnHdN4wV76ezxt,1.5096040000000002,4.259227,2.212671
361500,a/8GO8/ZUUTDICfLnP1TDAMR9AZchL9MW+VVrdWuAldBlNN1XjDnHdN4wV76ezxt,1.442736,2.623612,2.038455
361800,a/8GO8/ZUUTDICfLnP1TDAMR9AZchL9MW+VVrdWuAldBlNN1XjDnHdN4wV76ezxt,0.833485,2.6235009999999996,1.8864599999999998
362100,a/8GO8/ZUUTDICfLnP1TDAMR9AZchL9MW+VVrdWuAldBlNN1XjDnHdN4wV76ezxt,1.381891,3.9423489999999997,2.3127720000000003
362400,a/8GO8/ZUUTDICfLnP1TDAMR9AZchL9MW+VVrdWuAldBlNN1XjDnHdN4wV76ezxt,1.197519,2.608102,1.994652
362700,a/8GO8/ZUUTDICfLnP1TDAMR9AZchL9MW+VVrdWuAldBlNN1XjDnHdN4wV76ezxt,1.314373,4.109298,2.114284
363000,a/8GO8/ZUUTDICfLnP1TDAMR9AZchL9MW+VVrdWuAldBlNN1XjDnHdN4wV76ezxt,1.433142,3.6959199999999996,2.315155
363300,a/8GO8/ZUUTDICfLnP1TDAMR9AZchL9MW+VVrdWuAldBlNN1XjDnHdN4wV76ezxt,0.7633810000000001,2.756928,1.975556
363600,a/8GO8/ZUUTDICfLnP1TDAMR9AZchL9MW+VVrdWuAldBlNN1XjDnHdN4wV76ezxt,1.549129,2.378317,1.999541
363900,a/8GO8/ZUUTDICfLnP1TDAMR9AZchL9MW+VVrdWuAldBlNN1XjDnHdN4wV76ezxt,0.8443229999999999,2.608234,1.982981
364200,a/8GO8/ZUUTDICfLnP1TDAMR9AZchL9MW+VVrdWuAldBlNN1XjDnHdN4wV76ezxt,1.519001,3.4170059999999998,2.197034
364500,a/8GO8/ZUUTDICfLnP1TDAMR9AZchL9MW+VVrdWuAldBlNN1XjDnHdN4wV76ezxt,1.500604,3.713603,2.197881
364800,a/8GO8/ZUUTDICfLnP1TDAMR9AZchL9MW+VVrdWuAldBlNN1XjDnHdN4wV76ezxt,1.449275,2.748748,2.061607
365100,a/8GO8/ZUUTDICfLnP1TDAMR9AZchL9MW+VVrdWuAldBlNN1XjDnHdN4wV76ezxt,1.050216,4.127851000000001,2.183565
365400,a/8GO8/ZUUTDICfLnP1TDAMR9AZchL9MW+VVrdWuAldBlNN1XjDnHdN4wV76ezxt,1.412588,7.320950999999999,2.505154
365700,a/8GO8/ZUUTDICfLnP1TDAMR9AZchL9MW+VVrdWuAldBlNN1XjDnHdN4wV76ezxt,1.6679540000000002,4.015864,2.262717
366000,a/8GO8/ZUUTDICfLnP1TDAMR9AZchL9MW+VVrdWuAldBlNN1XjDnHdN4wV76ezxt,1.220669,2.763449,2.062186
366300,a/8GO8/ZUUTDICfLnP1TDAMR9AZchL9MW+VVrdWuAldBlNN1XjDnHdN4wV76ezxt,1.315416,2.440461,1.996736
366600,a/8GO8/ZUUTDICfLnP1TDAMR9AZchL9MW+VVrdWuAldBlNN1XjDnHdN4wV76ezxt,1.268538,3.903233,2.130109
366900,a/8GO8/ZUUTDICfLnP1TDAMR9AZchL9MW+VVrdWuAldBlNN1XjDnHdN4wV76ezxt,1.2974620000000001,4.145989,2.154265
367200,a/8GO8/ZUUTDICfLnP1TDAMR9AZchL9MW+VVrdWuAldBlNN1XjDnHdN4wV76ezxt,1.292133,2.691786,2.074859
367500,a/8GO8/ZUUTDICfLnP1TDAMR9AZchL9MW+VVrdWuAldBlNN1XjDnHdN4wV76ezxt,1.469625,3.449522,2.152709
367800,a/8GO8/ZUUTDICfLnP1TDAMR9AZchL9MW+VVrdWuAldBlNN1XjDnHdN4wV76ezxt,1.5673,5.062622,2.362866
368100,a/8GO8/ZUUTDICfLnP1TDAMR9AZchL9MW+VVrdWuAldBlNN1XjDnHdN4wV76ezxt,1.4444780000000002,2.362659,1.959858
368400,a/8GO8/ZUUTDICfLnP1TDAMR9AZchL9MW+VVrdWuAldBlNN1XjDnHdN4wV76ezxt,1.355243,3.495402,2.129823
368700,a/8GO8/ZUUTDICfLnP1TDAMR9AZchL9MW+VVrdWuAldBlNN1XjDnHdN4wV76ezxt,0.816733,2.748847,2.028539
369000,a/8GO8/ZUUTDICfLnP1TDAMR9AZchL9MW+VVrdWuAldBlNN1XjDnHdN4wV76ezxt,1.33679,2.815503,1.991507
369300,a/8GO8/ZUUTDICfLnP1TDAMR9AZchL9MW+VVrdWuAldBlNN1XjDnHdN4wV76ezxt,0.846773,3.741481,2.151837
369600,a/8GO8/ZUUTDICfLnP1TDAMR9AZchL9MW+VVrdWuAldBlNN1XjDnHdN4wV76ezxt,1.268567,3.0558810000000003,2.0567849999999996
369900,a/8GO8/ZUUTDICfLnP1TDAMR9AZchL9MW+VVrdWuAldBlNN1XjDnHdN4wV76ezxt,1.4866030000000001,3.153986,2.189377
370200,a/8GO8/ZUUTDICfLnP1TDAMR9AZchL9MW+VVrdWuAldBlNN1XjDnHdN4wV76ezxt,1.440131,3.413474,2.147332
370500,a/8GO8/ZUUTDICfLnP1TDAMR9AZchL9MW+VVrdWuAldBlNN1XjDnHdN4wV76ezxt,1.158068,3.636978,2.125035
370800,a/8GO8/ZUUTDICfLnP1TDAMR9AZchL9MW+VVrdWuAldBlNN1XjDnHdN4wV76ezxt,1.3972790000000002,4.241027,2.142224
371100,a/8GO8/ZUUTDICfLnP1TDAMR9AZchL9MW+VVrdWuAldBlNN1XjDnHdN4wV76ezxt,1.400688,2.428791,2.030935
371400,a/8GO8/ZUUTDICfLnP1TDAMR9AZchL9MW+VVrdWuAldBlNN1XjDnHdN4wV76ezxt,0.9010319999999999,3.462046,2.122825
371700,a/8GO8/ZUUTDICfLnP1TDAMR9AZchL9MW+VVrdWuAldBlNN1XjDnHdN4wV76ezxt,1.350429,3.1154189999999997,2.130127
372000,a/8GO8/ZUUTDICfLnP1TDAMR9AZchL9MW+VVrdWuAldBlNN1XjDnHdN4wV76ezxt,1.229163,2.6937759999999997,2.014306
372300,a/8GO8/ZUUTDICfLnP1TDAMR9AZchL9MW+VVrdWuAldBlNN1XjDnHdN4wV76ezxt,1.409917,2.72797,2.062857
372600,a/8GO8/ZUUTDICfLnP1TDAMR9AZchL9MW+VVrdWuAldBlNN1XjDnHdN4wV76ezxt,1.328776,2.6963060000000003,2.0048340000000002
372900,a/8GO8/ZUUTDICfLnP1TDAMR9AZchL9MW+VVrdWuAldBlNN1XjDnHdN4wV76ezxt,1.449873,3.7567660000000003,2.314502
373200,a/8GO8/ZUUTDICfLnP1TDAMR9AZchL9MW+VVrdWuAldBlNN1XjDnHdN4wV76ezxt,1.1139649999999999,3.103268,2.0965580000000004
373500,a/8GO8/ZUUTDICfLnP1TDAMR9AZchL9MW+VVrdWuAldBlNN1XjDnHdN4wV76ezxt,1.181812,3.159512,1.992832
373800,a/8GO8/ZUUTDICfLnP1TDAMR9AZchL9MW+VVrdWuAldBlNN1XjDnHdN4wV76ezxt,1.292502,2.9193830000000003,2.061652
374100,a/8GO8/ZUUTDICfLnP1TDAMR9AZchL9MW+VVrdWuAldBlNN1XjDnHdN4wV76ezxt,0.938742,4.021029,2.358806
374400,a/8GO8/ZUUTDICfLnP1TDAMR9AZchL9MW+VVrdWuAldBlNN1XjDnHdN4wV76ezxt,1.395749,2.926891,2.007979
374700,a/8GO8/ZUUTDICfLnP1TDAMR9AZchL9MW+VVrdWuAldBlNN1XjDnHdN4wV76ezxt,0.705585,2.805705,2.047271
375000,a/8GO8/ZUUTDICfLnP1TDAMR9AZchL9MW+VVrdWuAldBlNN1XjDnHdN4wV76ezxt,1.2137040000000001,3.89465,2.135136
375300,a/8GO8/ZUUTDICfLnP1TDAMR9AZchL9MW+VVrdWuAldBlNN1XjDnHdN4wV76ezxt,1.240631,2.831041,2.069141
375600,a/8GO8/ZUUTDICfLnP1TDAMR9AZchL9MW+VVrdWuAldBlNN1XjDnHdN4wV76ezxt,1.307245,2.98902,2.090927
375900,a/8GO8/ZUUTDICfLnP1TDAMR9AZchL9MW+VVrdWuAldBlNN1XjDnHdN4wV76ezxt,1.2501870000000002,3.138391,2.093245
376200,a/8GO8/ZUUTDICfLnP1TDAMR9AZchL9MW+VVrdWuAldBlNN1XjDnHdN4wV76ezxt,1.2381030000000002,4.1530879999999994,2.27947
376500,a/8GO8/ZUUTDICfLnP1TDAMR9AZchL9MW+VVrdWuAldBlNN1XjDnHdN4wV76ezxt,1.430851,2.808854,2.053414
376800,a/8GO8/ZUUTDICfLnP1TDAMR9AZchL9MW+VVrdWuAldBlNN1XjDnHdN4wV76ezxt,1.237509,3.0817,2.073326
377100,a/8GO8/ZUUTDICfLnP1TDAMR9AZchL9MW+VVrdWuAldBlNN1XjDnHdN4wV76ezxt,1.238867,3.6600650000000003,2.146986
377400,a/8GO8/ZUUTDICfLnP1TDAMR9AZchL9MW+VVrdWuAldBlNN1XjDnHdN4wV76ezxt,1.3168879999999998,2.9668360000000003,2.020372
377700,a/8GO8/ZUUTDICfLnP1TDAMR9AZchL9MW+VVrdWuAldBlNN1XjDnHdN4wV76ezxt,1.298564,4.499954,2.157044
378000,a/8GO8/ZUUTDICfLnP1TDAMR9AZchL9MW+VVrdWuAldBlNN1XjDnHdN4wV76ezxt,0.608223,3.0535,1.9626740000000003
378300,a/8GO8/ZUUTDICfLnP1TDAMR9AZchL9MW+VVrdWuAldBlNN1XjDnHdN4wV76ezxt,1.250985,3.0071529999999997,2.091494
378600,a/8GO8/ZUUTDICfLnP1TDAMR9AZchL9MW+VVrdWuAldBlNN1XjDnHdN4wV76ezxt,0.6337109999999999,5.860837999999999,2.60845
378900,a/8GO8/ZUUTDICfLnP1TDAMR9AZchL9MW+VVrdWuAldBlNN1XjDnHdN4wV76ezxt,1.040286,5.675774,2.383705
379200,a/8GO8/ZUUTDICfLnP1TDAMR9AZchL9MW+VVrdWuAldBlNN1XjDnHdN4wV76ezxt,1.458452,2.992302,2.220567
379500,a/8GO8/ZUUTDICfLnP1TDAMR9AZchL9MW+VVrdWuAldBlNN1XjDnHdN4wV76ezxt,1.241952,2.883577,2.115278
379800,a/8GO8/ZUUTDICfLnP1TDAMR9AZchL9MW+VVrdWuAldBlNN1XjDnHdN4wV76ezxt,1.430776,2.8631450000000003,2.066713
380100,a/8GO8/ZUUTDICfLnP1TDAMR9AZchL9MW+VVrdWuAldBlNN1XjDnHdN4wV76ezxt,0.861151,4.930354,2.184774
380400,a/8GO8/ZUUTDICfLnP1TDAMR9AZchL9MW+VVrdWuAldBlNN1XjDnHdN4wV76ezxt,1.164556,3.937413,2.2109959999999997
380700,a/8GO8/ZUUTDICfLnP1TDAMR9AZchL9MW+VVrdWuAldBlNN1XjDnHdN4wV76ezxt,1.0105600000000001,2.645126,1.932593
381000,a/8GO8/ZUUTDICfLnP1TDAMR9AZchL9MW+VVrdWuAldBlNN1XjDnHdN4wV76ezxt,1.373674,3.060093,2.063973
381300,a/8GO8/ZUUTDICfLnP1TDAMR9AZchL9MW+VVrdWuAldBlNN1XjDnHdN4wV76ezxt,1.327334,3.792122,2.2803169999999997
381600,a/8GO8/ZUUTDICfLnP1TDAMR9AZchL9MW+VVrdWuAldBlNN1XjDnHdN4wV76ezxt,0.899891,2.68569,1.952971
381900,a/8GO8/ZUUTDICfLnP1TDAMR9AZchL9MW+VVrdWuAldBlNN1XjDnHdN4wV76ezxt,1.400116,2.939168,2.047489
382200,a/8GO8/ZUUTDICfLnP1TDAMR9AZchL9MW+VVrdWuAldBlNN1XjDnHdN4wV76ezxt,0.776524,4.447533999999999,2.339738
382500,a/8GO8/ZUUTDICfLnP1TDAMR9AZchL9MW+VVrdWuAldBlNN1XjDnHdN4wV76ezxt,1.277001,2.997559,2.03386
382800,a/8GO8/ZUUTDICfLnP1TDAMR9AZchL9MW+VVrdWuAldBlNN1XjDnHdN4wV76ezxt,1.003909,2.910914,1.998647
383100,a/8GO8/ZUUTDICfLnP1TDAMR9AZchL9MW+VVrdWuAldBlNN1XjDnHdN4wV76ezxt,1.354107,3.233586,2.070084
383400,a/8GO8/ZUUTDICfLnP1TDAMR9AZchL9MW+VVrdWuAldBlNN1XjDnHdN4wV76ezxt,1.141573,2.7907439999999997,1.9473479999999999
383700,a/8GO8/ZUUTDICfLnP1TDAMR9AZchL9MW+VVrdWuAldBlNN1XjDnHdN4wV76ezxt,1.3275780000000001,3.763474,2.189973
384000,a/8GO8/ZUUTDICfLnP1TDAMR9AZchL9MW+VVrdWuAldBlNN1XjDnHdN4wV76ezxt,1.2273450000000001,2.974659,2.022908
384300,a/8GO8/ZUUTDICfLnP1TDAMR9AZchL9MW+VVrdWuAldBlNN1XjDnHdN4wV76ezxt,0.807508,3.01017,2.0743270000000003
384600,a/8GO8/ZUUTDICfLnP1TDAMR9AZchL9MW+VVrdWuAldBlNN1XjDnHdN4wV76ezxt,1.395238,3.7321050000000002,2.182159
384900,a/8GO8/ZUUTDICfLnP1TDAMR9AZchL9MW+VVrdWuAldBlNN1XjDnHdN4wV76ezxt,0.710314,3.018016,1.991729
385200,a/8GO8/ZUUTDICfLnP1TDAMR9AZchL9MW+VVrdWuAldBlNN1XjDnHdN4wV76ezxt,1.389271,3.17958,2.024649
385500,a/8GO8/ZUUTDICfLnP1TDAMR9AZchL9MW+VVrdWuAldBlNN1XjDnHdN4wV76ezxt,1.6514209999999998,3.7868589999999998,2.312233
385800,a/8GO8/ZUUTDICfLnP1TDAMR9AZchL9MW+VVrdWuAldBlNN1XjDnHdN4wV76ezxt,1.285296,3.076596,2.039484
386100,a/8GO8/ZUUTDICfLnP1TDAMR9AZchL9MW+VVrdWuAldBlNN1XjDnHdN4wV76ezxt,1.102298,4.224191,2.139617
386400,a/8GO8/ZUUTDICfLnP1TDAMR9AZchL9MW+VVrdWuAldBlNN1XjDnHdN4wV76ezxt,1.388619,2.979621,2.04312
386700,a/8GO8/ZUUTDICfLnP1TDAMR9AZchL9MW+VVrdWuAldBlNN1XjDnHdN4wV76ezxt,1.360487,3.693118,2.198241
387000,a/8GO8/ZUUTDICfLnP1TDAMR9AZchL9MW+VVrdWuAldBlNN1XjDnHdN4wV76ezxt,1.354584,2.8948,2.137123
387300,a/8GO8/ZUUTDICfLnP1TDAMR9AZchL9MW+VVrdWuAldBlNN1XjDnHdN4wV76ezxt,1.365961,2.607704,2.041261
387600,a/8GO8/ZUUTDICfLnP1TDAMR9AZchL9MW+VVrdWuAldBlNN1XjDnHdN4wV76ezxt,0.6757989999999999,2.673645,1.958422
387900,a/8GO8/ZUUTDICfLnP1TDAMR9AZchL9MW+VVrdWuAldBlNN1XjDnHdN4wV76ezxt,1.49746,3.411322,2.16527
388200,a/8GO8/ZUUTDICfLnP1TDAMR9AZchL9MW+VVrdWuAldBlNN1XjDnHdN4wV76ezxt,0.551778,3.601609,2.104141
388500,a/8GO8/ZUUTDICfLnP1TDAMR9AZchL9MW+VVrdWuAldBlNN1XjDnHdN4wV76ezxt,1.319385,2.732114,2.000184
388800,a/8GO8/ZUUTDICfLnP1TDAMR9AZchL9MW+VVrdWuAldBlNN1XjDnHdN4wV76ezxt,0.649021,2.501177,1.946259
389100,a/8GO8/ZUUTDICfLnP1TDAMR9AZchL9MW+VVrdWuAldBlNN1XjDnHdN4wV76ezxt,1.339378,2.5107939999999997,2.010465
389400,a/8GO8/ZUUTDICfLnP1TDAMR9AZchL9MW+VVrdWuAldBlNN1XjDnHdN4wV76ezxt,1.045172,2.5429880000000002,1.986061
389700,a/8GO8/ZUUTDICfLnP1TDAMR9AZchL9MW+VVrdWuAldBlNN1XjDnHdN4wV76ezxt,0.697285,3.9892529999999997,2.129898
390000,a/8GO8/ZUUTDICfLnP1TDAMR9AZchL9MW+VVrdWuAldBlNN1XjDnHdN4wV76ezxt,1.351889,3.715036,2.1891119999999997
390300,a/8GO8/ZUUTDICfLnP1TDAMR9AZchL9MW+VVrdWuAldBlNN1XjDnHdN4wV76ezxt,1.142472,2.7614009999999998,1.991756
390600,a/8GO8/ZUUTDICfLnP1TDAMR9AZchL9MW+VVrdWuAldBlNN1XjDnHdN4wV76ezxt,1.485911,3.8585160000000003,2.168324
390900,a/8GO8/ZUUTDICfLnP1TDAMR9AZchL9MW+VVrdWuAldBlNN1XjDnHdN4wV76ezxt,1.16857,2.543095,1.970518
391200,a/8GO8/ZUUTDICfLnP1TDAMR9AZchL9MW+VVrdWuAldBlNN1XjDnHdN4wV76ezxt,1.35039,2.485115,1.9860389999999999
391500,a/8GO8/ZUUTDICfLnP1TDAMR9AZchL9MW+VVrdWuAldBlNN1XjDnHdN4wV76ezxt,1.330368,2.521988,2.025401
391800,a/8GO8/ZUUTDICfLnP1TDAMR9AZchL9MW+VVrdWuAldBlNN1XjDnHdN4wV76ezxt,1.271809,3.5368739999999996,2.307343
392100,a/8GO8/ZUUTDICfLnP1TDAMR9AZchL9MW+VVrdWuAldBlNN1XjDnHdN4wV76ezxt,1.126795,4.1649769999999995,2.048629
392400,a/8GO8/ZUUTDICfLnP1TDAMR9AZchL9MW+VVrdWuAldBlNN1XjDnHdN4wV76ezxt,0.729222,2.54786,1.961027
392700,a/8GO8/ZUUTDICfLnP1TDAMR9AZchL9MW+VVrdWuAldBlNN1XjDnHdN4wV76ezxt,1.369704,2.6677779999999998,2.005633
393000,a/8GO8/ZUUTDICfLnP1TDAMR9AZchL9MW+VVrdWuAldBlNN1XjDnHdN4wV76ezxt,1.0566149999999999,2.548926,1.9229669999999999
393300,a/8GO8/ZUUTDICfLnP1TDAMR9AZchL9MW+VVrdWuAldBlNN1XjDnHdN4wV76ezxt,1.41727,3.6417949999999997,2.164316
393600,a/8GO8/ZUUTDICfLnP1TDAMR9AZchL9MW+VVrdWuAldBlNN1XjDnHdN4wV76ezxt,0.8138340000000001,4.0225230000000005,2.100136
393900,a/8GO8/ZUUTDICfLnP1TDAMR9AZchL9MW+VVrdWuAldBlNN1XjDnHdN4wV76ezxt,1.317118,2.7613939999999997,2.047291
394200,a/8GO8/ZUUTDICfLnP1TDAMR9AZchL9MW+VVrdWuAldBlNN1XjDnHdN4wV76ezxt,1.1749120000000002,10.381755,2.736884
394500,a/8GO8/ZUUTDICfLnP1TDAMR9AZchL9MW+VVrdWuAldBlNN1XjDnHdN4wV76ezxt,1.4943389999999999,2.736829,2.105755
394800,a/8GO8/ZUUTDICfLnP1TDAMR9AZchL9MW+VVrdWuAldBlNN1XjDnHdN4wV76ezxt,1.283657,3.212373,2.0721
395100,a/8GO8/ZUUTDICfLnP1TDAMR9AZchL9MW+VVrdWuAldBlNN1XjDnHdN4wV76ezxt,1.257871,2.6088430000000002,1.9983919999999997
395400,a/8GO8/ZUUTDICfLnP1TDAMR9AZchL9MW+VVrdWuAldBlNN1XjDnHdN4wV76ezxt,1.2844280000000001,2.485194,2.048088
395700,a/8GO8/ZUUTDICfLnP1TDAMR9AZchL9MW+VVrdWuAldBlNN1XjDnHdN4wV76ezxt,1.227334,3.033667,2.106419
396000,a/8GO8/ZUUTDICfLnP1TDAMR9AZchL9MW+VVrdWuAldBlNN1XjDnHdN4wV76ezxt,1.400843,2.6669680000000002,2.0171330000000003
396300,a/8GO8/ZUUTDICfLnP1TDAMR9AZchL9MW+VVrdWuAldBlNN1XjDnHdN4wV76ezxt,1.066034,3.601264,2.154907
396600,a/8GO8/ZUUTDICfLnP1TDAMR9AZchL9MW+VVrdWuAldBlNN1XjDnHdN4wV76ezxt,1.3030680000000001,4.2755019999999995,2.1486680000000002
396900,a/8GO8/ZUUTDICfLnP1TDAMR9AZchL9MW+VVrdWuAldBlNN1XjDnHdN4wV76ezxt,1.013333,4.357848000000001,2.1471150000000003
397200,a/8GO8/ZUUTDICfLnP1TDAMR9AZchL9MW+VVrdWuAldBlNN1XjDnHdN4wV76ezxt,1.2339120000000001,3.000865,2.1789650000000003
397500,a/8GO8/ZUUTDICfLnP1TDAMR9AZchL9MW+VVrdWuAldBlNN1XjDnHdN4wV76ezxt,1.4792290000000001,6.793782000000001,2.406253
397800,a/8GO8/ZUUTDICfLnP1TDAMR9AZchL9MW+VVrdWuAldBlNN1XjDnHdN4wV76ezxt,1.020526,2.385585,1.939111
398100,a/8GO8/ZUUTDICfLnP1TDAMR9AZchL9MW+VVrdWuAldBlNN1XjDnHdN4wV76ezxt,1.32954,2.624091,2.043546
398400,a/8GO8/ZUUTDICfLnP1TDAMR9AZchL9MW+VVrdWuAldBlNN1XjDnHdN4wV76ezxt,1.408077,3.763303,2.272248
398700,a/8GO8/ZUUTDICfLnP1TDAMR9AZchL9MW+VVrdWuAldBlNN1XjDnHdN4wV76ezxt,1.436995,2.519445,2.040046
399000,a/8GO8/ZUUTDICfLnP1TDAMR9AZchL9MW+VVrdWuAldBlNN1XjDnHdN4wV76ezxt,0.8178350000000001,3.8578589999999995,2.039148
399300,a/8GO8/ZUUTDICfLnP1TDAMR9AZchL9MW+VVrdWuAldBlNN1XjDnHdN4wV76ezxt,1.3186229999999999,2.674219,1.996605
399600,a/8GO8/ZUUTDICfLnP1TDAMR9AZchL9MW+VVrdWuAldBlNN1XjDnHdN4wV76ezxt,0.822717,4.093608000000001,2.05686
399900,a/8GO8/ZUUTDICfLnP1TDAMR9AZchL9MW+VVrdWuAldBlNN1XjDnHdN4wV76ezxt,1.4142059999999999,2.592906,2.064702
400200,a/8GO8/ZUUTDICfLnP1TDAMR9AZchL9MW+VVrdWuAldBlNN1XjDnHdN4wV76ezxt,1.056242,2.560124,1.9301150000000002
400500,a/8GO8/ZUUTDICfLnP1TDAMR9AZchL9MW+VVrdWuAldBlNN1XjDnHdN4wV76ezxt,1.328182,4.057415,2.149196
400800,a/8GO8/ZUUTDICfLnP1TDAMR9AZchL9MW+VVrdWuAldBlNN1XjDnHdN4wV76ezxt,1.214697,18.474295,4.040576000000001
401100,a/8GO8/ZUUTDICfLnP1TDAMR9AZchL9MW+VVrdWuAldBlNN1XjDnHdN4wV76ezxt,1.374969,2.914259,2.0836759999999996
401400,a/8GO8/ZUUTDICfLnP1TDAMR9AZchL9MW+VVrdWuAldBlNN1XjDnHdN4wV76ezxt,1.372745,3.70665,2.167448
401700,a/8GO8/ZUUTDICfLnP1TDAMR9AZchL9MW+VVrdWuAldBlNN1XjDnHdN4wV76ezxt,1.131744,2.887539,1.998434
402000,a/8GO8/ZUUTDICfLnP1TDAMR9AZchL9MW+VVrdWuAldBlNN1XjDnHdN4wV76ezxt,1.330817,3.5325550000000003,2.110665
402300,a/8GO8/ZUUTDICfLnP1TDAMR9AZchL9MW+VVrdWuAldBlNN1XjDnHdN4wV76ezxt,0.588579,2.953406,1.936648
402600,a/8GO8/ZUUTDICfLnP1TDAMR9AZchL9MW+VVrdWuAldBlNN1XjDnHdN4wV76ezxt,1.293067,2.8617209999999997,2.02508
402900,a/8GO8/ZUUTDICfLnP1TDAMR9AZchL9MW+VVrdWuAldBlNN1XjDnHdN4wV76ezxt,0.823241,3.03401,2.011561
403200,a/8GO8/ZUUTDICfLnP1TDAMR9AZchL9MW+VVrdWuAldBlNN1XjDnHdN4wV76ezxt,1.37437,2.914216,2.024255
403500,a/8GO8/ZUUTDICfLnP1TDAMR9AZchL9MW+VVrdWuAldBlNN1XjDnHdN4wV76ezxt,1.369686,2.666531,2.050154
403800,a/8GO8/ZUUTDICfLnP1TDAMR9AZchL9MW+VVrdWuAldBlNN1XjDnHdN4wV76ezxt,0.745731,2.59422,1.8740029999999999
404100,a/8GO8/ZUUTDICfLnP1TDAMR9AZchL9MW+VVrdWuAldBlNN1XjDnHdN4wV76ezxt,1.465231,3.979283,2.231134
404400,a/8GO8/ZUUTDICfLnP1TDAMR9AZchL9MW+VVrdWuAldBlNN1XjDnHdN4wV76ezxt,0.777311,3.634239,2.253943
404700,a/8GO8/ZUUTDICfLnP1TDAMR9AZchL9MW+VVrdWuAldBlNN1XjDnHdN4wV76ezxt,1.264616,2.784446,2.02235
405000,a/8GO8/ZUUTDICfLnP1TDAMR9AZchL9MW+VVrdWuAldBlNN1XjDnHdN4wV76ezxt,1.191747,2.791234,1.997768
405300,a/8GO8/ZUUTDICfLnP1TDAMR9AZchL9MW+VVrdWuAldBlNN1XjDnHdN4wV76ezxt,1.3380239999999999,2.768598,2.062911
405600,a/8GO8/ZUUTDICfLnP1TDAMR9AZchL9MW+VVrdWuAldBlNN1XjDnHdN4wV76ezxt,0.80858,3.49764,2.040946
405900,a/8GO8/ZUUTDICfLnP1TDAMR9AZchL9MW+VVrdWuAldBlNN1XjDnHdN4wV76ezxt,0.464738,2.786651,1.9266889999999999
406200,a/8GO8/ZUUTDICfLnP1TDAMR9AZchL9MW+VVrdWuAldBlNN1XjDnHdN4wV76ezxt,1.215703,2.853248,2.165016
406500,a/8GO8/ZUUTDICfLnP1TDAMR9AZchL9MW+VVrdWuAldBlNN1XjDnHdN4wV76ezxt,0.5357149999999999,2.831795,1.866527
406800,a/8GO8/ZUUTDICfLnP1TDAMR9AZchL9MW+VVrdWuAldBlNN1XjDnHdN4wV76ezxt,1.403138,4.444441,2.159992
407100,a/8GO8/ZUUTDICfLnP1TDAMR9AZchL9MW+VVrdWuAldBlNN1XjDnHdN4wV76ezxt,0.555804,3.41125,2.108705
407400,a/8GO8/ZUUTDICfLnP1TDAMR9AZchL9MW+VVrdWuAldBlNN1XjDnHdN4wV76ezxt,1.364372,2.854044,2.0027939999999997
407700,a/8GO8/ZUUTDICfLnP1TDAMR9AZchL9MW+VVrdWuAldBlNN1XjDnHdN4wV76ezxt,0.878551,2.906001,1.9465310000000002
408000,a/8GO8/ZUUTDICfLnP1TDAMR9AZchL9MW+VVrdWuAldBlNN1XjDnHdN4wV76ezxt,1.285009,3.0011919999999996,2.009896
408300,a/8GO8/ZUUTDICfLnP1TDAMR9AZchL9MW+VVrdWuAldBlNN1XjDnHdN4wV76ezxt,1.278602,4.396446,2.2617
408600,a/8GO8/ZUUTDICfLnP1TDAMR9AZchL9MW+VVrdWuAldBlNN1XjDnHdN4wV76ezxt,1.028225,2.929415,1.918032
408900,a/8GO8/ZUUTDICfLnP1TDAMR9AZchL9MW+VVrdWuAldBlNN1XjDnHdN4wV76ezxt,1.385792,3.659155,2.167329
409200,a/8GO8/ZUUTDICfLnP1TDAMR9AZchL9MW+VVrdWuAldBlNN1XjDnHdN4wV76ezxt,1.283642,3.4756199999999997,2.0228580000000003
409500,a/8GO8/ZUUTDICfLnP1TDAMR9AZchL9MW+VVrdWuAldBlNN1XjDnHdN4wV76ezxt,1.366348,3.030855,2.2078599999999997
409800,a/8GO8/ZUUTDICfLnP1TDAMR9AZchL9MW+VVrdWuAldBlNN1XjDnHdN4wV76ezxt,0.7962199999999999,2.905407,1.927298
410100,a/8GO8/ZUUTDICfLnP1TDAMR9AZchL9MW+VVrdWuAldBlNN1XjDnHdN4wV76ezxt,1.210601,3.609312,2.2766990000000003
410400,a/8GO8/ZUUTDICfLnP1TDAMR9AZchL9MW+VVrdWuAldBlNN1XjDnHdN4wV76ezxt,1.2046139999999999,3.1391009999999997,2.033656
410700,a/8GO8/ZUUTDICfLnP1TDAMR9AZchL9MW+VVrdWuAldBlNN1XjDnHdN4wV76ezxt,1.271204,2.911975,2.064237
411000,a/8GO8/ZUUTDICfLnP1TDAMR9AZchL9MW+VVrdWuAldBlNN1XjDnHdN4wV76ezxt,1.38889,3.993131,2.063732
411300,a/8GO8/ZUUTDICfLnP1TDAMR9AZchL9MW+VVrdWuAldBlNN1XjDnHdN4wV76ezxt,0.9990530000000001,3.022792,2.015003
411600,a/8GO8/ZUUTDICfLnP1TDAMR9AZchL9MW+VVrdWuAldBlNN1XjDnHdN4wV76ezxt,1.4605620000000001,3.945731,2.3432
411900,a/8GO8/ZUUTDICfLnP1TDAMR9AZchL9MW+VVrdWuAldBlNN1XjDnHdN4wV76ezxt,0.81662,2.821683,2.013382
412200,a/8GO8/ZUUTDICfLnP1TDAMR9AZchL9MW+VVrdWuAldBlNN1XjDnHdN4wV76ezxt,1.327811,8.57735,3.024722
412500,a/8GO8/ZUUTDICfLnP1TDAMR9AZchL9MW+VVrdWuAldBlNN1XjDnHdN4wV76ezxt,0.890817,2.845815,1.9865099999999998
412800,a/8GO8/ZUUTDICfLnP1TDAMR9AZchL9MW+VVrdWuAldBlNN1XjDnHdN4wV76ezxt,1.3184120000000001,3.9598400000000002,2.290432
413100,a/8GO8/ZUUTDICfLnP1TDAMR9AZchL9MW+VVrdWuAldBlNN1XjDnHdN4wV76ezxt,0.807894,2.914812,1.9089200000000002
413400,a/8GO8/ZUUTDICfLnP1TDAMR9AZchL9MW+VVrdWuAldBlNN1XjDnHdN4wV76ezxt,1.301065,2.9521599999999997,2.0173970000000003
413700,a/8GO8/ZUUTDICfLnP1TDAMR9AZchL9MW+VVrdWuAldBlNN1XjDnHdN4wV76ezxt,1.1858870000000001,2.765311,1.960531
414000,a/8GO8/ZUUTDICfLnP1TDAMR9AZchL9MW+VVrdWuAldBlNN1XjDnHdN4wV76ezxt,1.382896,3.683489,2.1720990000000002
414300,a/8GO8/ZUUTDICfLnP1TDAMR9AZchL9MW+VVrdWuAldBlNN1XjDnHdN4wV76ezxt,1.2679479999999999,2.5419389999999997,2.002002
414600,a/8GO8/ZUUTDICfLnP1TDAMR9AZchL9MW+VVrdWuAldBlNN1XjDnHdN4wV76ezxt,1.2188510000000001,3.909881,2.2292680000000002
414900,a/8GO8/ZUUTDICfLnP1TDAMR9AZchL9MW+VVrdWuAldBlNN1XjDnHdN4wV76ezxt,1.290813,2.647454,2.003387
415200,a/8GO8/ZUUTDICfLnP1TDAMR9AZchL9MW+VVrdWuAldBlNN1XjDnHdN4wV76ezxt,0.859827,2.6886360000000002,1.9276060000000002
415500,a/8GO8/ZUUTDICfLnP1TDAMR9AZchL9MW+VVrdWuAldBlNN1XjDnHdN4wV76ezxt,1.315869,2.6916580000000003,2.0310610000000002
415800,a/8GO8/ZUUTDICfLnP1TDAMR9AZchL9MW+VVrdWuAldBlNN1XjDnHdN4wV76ezxt,0.630106,4.021725,2.03881
416100,a/8GO8/ZUUTDICfLnP1TDAMR9AZchL9MW+VVrdWuAldBlNN1XjDnHdN4wV76ezxt,1.426642,2.69603,1.99065
416400,a/8GO8/ZUUTDICfLnP1TDAMR9AZchL9MW+VVrdWuAldBlNN1XjDnHdN4wV76ezxt,0.688114,2.781844,1.9528240000000001
416700,a/8GO8/ZUUTDICfLnP1TDAMR9AZchL9MW+VVrdWuAldBlNN1XjDnHdN4wV76ezxt,1.101352,4.041126,2.093871
417000,a/8GO8/ZUUTDICfLnP1TDAMR9AZchL9MW+VVrdWuAldBlNN1XjDnHdN4wV76ezxt,1.3201450000000001,2.53766,1.9918220000000002
417300,a/8GO8/ZUUTDICfLnP1TDAMR9AZchL9MW+VVrdWuAldBlNN1XjDnHdN4wV76ezxt,0.746343,3.743789,2.195375
417600,a/8GO8/ZUUTDICfLnP1TDAMR9AZchL9MW+VVrdWuAldBlNN1XjDnHdN4wV76ezxt,1.339244,2.6722,2.074452
417900,a/8GO8/ZUUTDICfLnP1TDAMR9AZchL9MW+VVrdWuAldBlNN1XjDnHdN4wV76ezxt,0.6321640000000001,2.5312959999999998,1.892453
418200,a/8GO8/ZUUTDICfLnP1TDAMR9AZchL9MW+VVrdWuAldBlNN1XjDnHdN4wV76ezxt,1.4630450000000002,3.8114550000000005,2.202659
418500,a/8GO8/ZUUTDICfLnP1TDAMR9AZchL9MW+VVrdWuAldBlNN1XjDnHdN4wV76ezxt,0.9233950000000001,3.607379,2.115992
418800,a/8GO8/ZUUTDICfLnP1TDAMR9AZchL9MW+VVrdWuAldBlNN1XjDnHdN4wV76ezxt,1.319724,2.566076,2.000193
419100,a/8GO8/ZUUTDICfLnP1TDAMR9AZchL9MW+VVrdWuAldBlNN1XjDnHdN4wV76ezxt,1.403176,3.535937,2.234493
419400,a/8GO8/ZUUTDICfLnP1TDAMR9AZchL9MW+VVrdWuAldBlNN1XjDnHdN4wV76ezxt,0.9134559999999999,4.45104,2.090986
419700,a/8GO8/ZUUTDICfLnP1TDAMR9AZchL9MW+VVrdWuAldBlNN1XjDnHdN4wV76ezxt,1.560966,2.683402,2.019575
420000,a/8GO8/ZUUTDICfLnP1TDAMR9AZchL9MW+VVrdWuAldBlNN1XjDnHdN4wV76ezxt,0.757546,2.577451,1.845435
420300,a/8GO8/ZUUTDICfLnP1TDAMR9AZchL9MW+VVrdWuAldBlNN1XjDnHdN4wV76ezxt,1.327978,2.8693619999999997,2.043613
420600,a/8GO8/ZUUTDICfLnP1TDAMR9AZchL9MW+VVrdWuAldBlNN1XjDnHdN4wV76ezxt,1.340047,3.529092,2.098293
420900,a/8GO8/ZUUTDICfLnP1TDAMR9AZchL9MW+VVrdWuAldBlNN1XjDnHdN4wV76ezxt,1.2518040000000001,3.6187139999999998,2.146855
421200,a/8GO8/ZUUTDICfLnP1TDAMR9AZchL9MW+VVrdWuAldBlNN1XjDnHdN4wV76ezxt,1.2268540000000001,23.418205,3.712683
421500,a/8GO8/ZUUTDICfLnP1TDAMR9AZchL9MW+VVrdWuAldBlNN1XjDnHdN4wV76ezxt,1.4707780000000001,2.4795689999999997,1.979398
421800,a/8GO8/ZUUTDICfLnP1TDAMR9AZchL9MW+VVrdWuAldBlNN1XjDnHdN4wV76ezxt,0.9738399999999999,3.309426,2.067915
422100,a/8GO8/ZUUTDICfLnP1TDAMR9AZchL9MW+VVrdWuAldBlNN1XjDnHdN4wV76ezxt,1.152879,2.678024,1.962804
422400,a/8GO8/ZUUTDICfLnP1TDAMR9AZchL9MW+VVrdWuAldBlNN1XjDnHdN4wV76ezxt,1.3378709999999998,2.617237,2.014574
422700,a/8GO8/ZUUTDICfLnP1TDAMR9AZchL9MW+VVrdWuAldBlNN1XjDnHdN4wV76ezxt,1.117259,3.7969720000000002,2.196943
423000,a/8GO8/ZUUTDICfLnP1TDAMR9AZchL9MW+VVrdWuAldBlNN1XjDnHdN4wV76ezxt,1.190305,8.284452,2.493303
423300,a/8GO8/ZUUTDICfLnP1TDAMR9AZchL9MW+VVrdWuAldBlNN1XjDnHdN4wV76ezxt,1.108557,2.629681,1.9721790000000001
423600,a/8GO8/ZUUTDICfLnP1TDAMR9AZchL9MW+VVrdWuAldBlNN1XjDnHdN4wV76ezxt,1.405704,2.713003,2.055602
423900,a/8GO8/ZUUTDICfLnP1TDAMR9AZchL9MW+VVrdWuAldBlNN1XjDnHdN4wV76ezxt,0.812887,3.9209099999999997,2.080668
424200,a/8GO8/ZUUTDICfLnP1TDAMR9AZchL9MW+VVrdWuAldBlNN1XjDnHdN4wV76ezxt,1.473933,3.1584,2.117059
424500,a/8GO8/ZUUTDICfLnP1TDAMR9AZchL9MW+VVrdWuAldBlNN1XjDnHdN4wV76ezxt,0.869726,2.9183380000000003,2.07198
424800,a/8GO8/ZUUTDICfLnP1TDAMR9AZchL9MW+VVrdWuAldBlNN1XjDnHdN4wV76ezxt,1.044902,3.710689,2.1047689999999997
425100,a/8GO8/ZUUTDICfLnP1TDAMR9AZchL9MW+VVrdWuAldBlNN1XjDnHdN4wV76ezxt,1.381733,2.533943,2.00311
425400,a/8GO8/ZUUTDICfLnP1TDAMR9AZchL9MW+VVrdWuAldBlNN1XjDnHdN4wV76ezxt,1.335446,11.460641,2.6172590000000002
425700,a/8GO8/ZUUTDICfLnP1TDAMR9AZchL9MW+VVrdWuAldBlNN1XjDnHdN4wV76ezxt,1.363283,3.972739,2.143165
426000,a/8GO8/ZUUTDICfLnP1TDAMR9AZchL9MW+VVrdWuAldBlNN1XjDnHdN4wV76ezxt,0.7635029999999999,3.7679419999999997,2.020802
426300,a/8GO8/ZUUTDICfLnP1TDAMR9AZchL9MW+VVrdWuAldBlNN1XjDnHdN4wV76ezxt,1.4159760000000001,3.6476089999999997,2.143787
426600,a/8GO8/ZUUTDICfLnP1TDAMR9AZchL9MW+VVrdWuAldBlNN1XjDnHdN4wV76ezxt,1.02186,2.81668,2.155177
426900,a/8GO8/ZUUTDICfLnP1TDAMR9AZchL9MW+VVrdWuAldBlNN1XjDnHdN4wV76ezxt,1.403058,3.9648790000000003,2.143218
427200,a/8GO8/ZUUTDICfLnP1TDAMR9AZchL9MW+VVrdWuAldBlNN1XjDnHdN4wV76ezxt,0.628157,2.374414,1.850912
427500,a/8GO8/ZUUTDICfLnP1TDAMR9AZchL9MW+VVrdWuAldBlNN1XjDnHdN4wV76ezxt,0.7414930000000001,2.653126,1.9214060000000002
427800,a/8GO8/ZUUTDICfLnP1TDAMR9AZchL9MW+VVrdWuAldBlNN1XjDnHdN4wV76ezxt,1.326445,2.7236599999999997,1.984603
428100,a/8GO8/ZUUTDICfLnP1TDAMR9AZchL9MW+VVrdWuAldBlNN1XjDnHdN4wV76ezxt,1.387145,10.25355,2.5890470000000003
428400,a/8GO8/ZUUTDICfLnP1TDAMR9AZchL9MW+VVrdWuAldBlNN1XjDnHdN4wV76ezxt,1.337734,3.172343,2.153123
428700,a/8GO8/ZUUTDICfLnP1TDAMR9AZchL9MW+VVrdWuAldBlNN1XjDnHdN4wV76ezxt,1.028846,2.563789,1.890306
429000,a/8GO8/ZUUTDICfLnP1TDAMR9AZchL9MW+VVrdWuAldBlNN1XjDnHdN4wV76ezxt,1.221908,4.175766,2.1509
429300,a/8GO8/ZUUTDICfLnP1TDAMR9AZchL9MW+VVrdWuAldBlNN1XjDnHdN4wV76ezxt,0.931214,2.969621,2.015851
429600,a/8GO8/ZUUTDICfLnP1TDAMR9AZchL9MW+VVrdWuAldBlNN1XjDnHdN4wV76ezxt,1.350786,2.746916,1.978759
429900,a/8GO8/ZUUTDICfLnP1TDAMR9AZchL9MW+VVrdWuAldBlNN1XjDnHdN4wV76ezxt,1.1482510000000001,4.190082,2.072504
430200,a/8GO8/ZUUTDICfLnP1TDAMR9AZchL9MW+VVrdWuAldBlNN1XjDnHdN4wV76ezxt,0.9526959999999999,2.5640490000000002,1.873634
430500,a/8GO8/ZUUTDICfLnP1TDAMR9AZchL9MW+VVrdWuAldBlNN1XjDnHdN4wV76ezxt,1.4703389999999998,3.663222,2.135831
430800,a/8GO8/ZUUTDICfLnP1TDAMR9AZchL9MW+VVrdWuAldBlNN1XjDnHdN4wV76ezxt,1.344231,6.257687000000001,2.425548
431100,a/8GO8/ZUUTDICfLnP1TDAMR9AZchL9MW+VVrdWuAldBlNN1XjDnHdN4wV76ezxt,1.2885280000000001,3.924697,2.1749009999999998
431400,a/8GO8/ZUUTDICfLnP1TDAMR9AZchL9MW+VVrdWuAldBlNN1XjDnHdN4wV76ezxt,1.3263260000000001,3.68839,2.159078
431700,a/8GO8/ZUUTDICfLnP1TDAMR9AZchL9MW+VVrdWuAldBlNN1XjDnHdN4wV76ezxt,1.27083,2.79279,1.99721
432000,a/8GO8/ZUUTDICfLnP1TDAMR9AZchL9MW+VVrdWuAldBlNN1XjDnHdN4wV76ezxt,1.060397,3.823057,2.363722
432300,a/8GO8/ZUUTDICfLnP1TDAMR9AZchL9MW+VVrdWuAldBlNN1XjDnHdN4wV76ezxt,1.299858,3.798714,2.256984
432600,a/8GO8/ZUUTDICfLnP1TDAMR9AZchL9MW+VVrdWuAldBlNN1XjDnHdN4wV76ezxt,1.2916889999999999,3.729851,2.1349270000000002
432900,a/8GO8/ZUUTDICfLnP1TDAMR9AZchL9MW+VVrdWuAldBlNN1XjDnHdN4wV76ezxt,1.351057,3.7145699999999997,2.189098
433200,a/8GO8/ZUUTDICfLnP1TDAMR9AZchL9MW+VVrdWuAldBlNN1XjDnHdN4wV76ezxt,1.393759,3.5477230000000004,2.1805209999999997
433500,a/8GO8/ZUUTDICfLnP1TDAMR9AZchL9MW+VVrdWuAldBlNN1XjDnHdN4wV76ezxt,1.283167,4.044694,2.229341
433800,a/8GO8/ZUUTDICfLnP1TDAMR9AZchL9MW+VVrdWuAldBlNN1XjDnHdN4wV76ezxt,1.335342,2.757212,2.007148
434100,a/8GO8/ZUUTDICfLnP1TDAMR9AZchL9MW+VVrdWuAldBlNN1XjDnHdN4wV76ezxt,1.245759,4.743361,2.347108
434400,a/8GO8/ZUUTDICfLnP1TDAMR9AZchL9MW+VVrdWuAldBlNN1XjDnHdN4wV76ezxt,1.419209,3.038653,1.9834619999999998
434700,a/8GO8/ZUUTDICfLnP1TDAMR9AZchL9MW+VVrdWuAldBlNN1XjDnHdN4wV76ezxt,1.433834,3.9503459999999997,2.309734
435000,a/8GO8/ZUUTDICfLnP1TDAMR9AZchL9MW+VVrdWuAldBlNN1XjDnHdN4wV76ezxt,1.467411,3.914564,2.116088
435300,a/8GO8/ZUUTDICfLnP1TDAMR9AZchL9MW+VVrdWuAldBlNN1XjDnHdN4wV76ezxt,1.315372,2.8872150000000003,1.9302270000000001
435600,a/8GO8/ZUUTDICfLnP1TDAMR9AZchL9MW+VVrdWuAldBlNN1XjDnHdN4wV76ezxt,1.275601,3.7612349999999997,2.284713
435900,a/8GO8/ZUUTDICfLnP1TDAMR9AZchL9MW+VVrdWuAldBlNN1XjDnHdN4wV76ezxt,1.038568,2.625053,1.924638
436200,a/8GO8/ZUUTDICfLnP1TDAMR9AZchL9MW+VVrdWuAldBlNN1XjDnHdN4wV76ezxt,0.6154069999999999,2.955203,1.8567939999999998
436500,a/8GO8/ZUUTDICfLnP1TDAMR9AZchL9MW+VVrdWuAldBlNN1XjDnHdN4wV76ezxt,1.328093,2.823976,2.003833
436800,a/8GO8/ZUUTDICfLnP1TDAMR9AZchL9MW+VVrdWuAldBlNN1XjDnHdN4wV76ezxt,0.857576,2.589938,1.9162990000000002
437100,a/8GO8/ZUUTDICfLnP1TDAMR9AZchL9MW+VVrdWuAldBlNN1XjDnHdN4wV76ezxt,1.277212,4.362781,2.2909029999999997
437400,a/8GO8/ZUUTDICfLnP1TDAMR9AZchL9MW+VVrdWuAldBlNN1XjDnHdN4wV76ezxt,0.842356,2.828679,1.9395689999999999
437700,a/8GO8/ZUUTDICfLnP1TDAMR9AZchL9MW+VVrdWuAldBlNN1XjDnHdN4wV76ezxt,1.271771,3.452539,2.1151009999999997
438000,a/8GO8/ZUUTDICfLnP1TDAMR9AZchL9MW+VVrdWuAldBlNN1XjDnHdN4wV76ezxt,1.312088,2.962848,1.981972
438300,a/8GO8/ZUUTDICfLnP1TDAMR9AZchL9MW+VVrdWuAldBlNN1XjDnHdN4wV76ezxt,1.2478690000000001,3.778971,2.155039
438600,a/8GO8/ZUUTDICfLnP1TDAMR9AZchL9MW+VVrdWuAldBlNN1XjDnHdN4wV76ezxt,1.242831,3.864386,2.121211
438900,a/8GO8/ZUUTDICfLnP1TDAMR9AZchL9MW+VVrdWuAldBlNN1XjDnHdN4wV76ezxt,0.9933649999999999,2.664557,1.9456380000000002
439200,a/8GO8/ZUUTDICfLnP1TDAMR9AZchL9MW+VVrdWuAldBlNN1XjDnHdN4wV76ezxt,1.1987430000000001,2.757691,2.005103
439500,a/8GO8/ZUUTDICfLnP1TDAMR9AZchL9MW+VVrdWuAldBlNN1XjDnHdN4wV76ezxt,0.752562,2.494538,1.894168
439800,a/8GO8/ZUUTDICfLnP1TDAMR9AZchL9MW+VVrdWuAldBlNN1XjDnHdN4wV76ezxt,1.173458,4.015558,2.268534
440100,a/8GO8/ZUUTDICfLnP1TDAMR9AZchL9MW+VVrdWuAldBlNN1XjDnHdN4wV76ezxt,0.9304459999999999,2.72463,1.9434490000000002
440400,a/8GO8/ZUUTDICfLnP1TDAMR9AZchL9MW+VVrdWuAldBlNN1XjDnHdN4wV76ezxt,1.257838,4.329796,2.1326869999999998
440700,a/8GO8/ZUUTDICfLnP1TDAMR9AZchL9MW+VVrdWuAldBlNN1XjDnHdN4wV76ezxt,1.285158,2.730538,1.93163
441000,a/8GO8/ZUUTDICfLnP1TDAMR9AZchL9MW+VVrdWuAldBlNN1XjDnHdN4wV76ezxt,1.332429,2.6886639999999997,1.9985830000000002
441300,a/8GO8/ZUUTDICfLnP1TDAMR9AZchL9MW+VVrdWuAldBlNN1XjDnHdN4wV76ezxt,0.76372,3.623102,2.0603130000000003
441600,a/8GO8/ZUUTDICfLnP1TDAMR9AZchL9MW+VVrdWuAldBlNN1XjDnHdN4wV76ezxt,1.242732,3.8028120000000003,2.086496
441900,a/8GO8/ZUUTDICfLnP1TDAMR9AZchL9MW+VVrdWuAldBlNN1XjDnHdN4wV76ezxt,1.342409,3.4486550000000005,2.1497040000000003
442200,a/8GO8/ZUUTDICfLnP1TDAMR9AZchL9MW+VVrdWuAldBlNN1XjDnHdN4wV76ezxt,1.013901,2.500562,1.9389029999999998
442500,a/8GO8/ZUUTDICfLnP1TDAMR9AZchL9MW+VVrdWuAldBlNN1XjDnHdN4wV76ezxt,1.228966,3.3967440000000004,2.162893
442800,a/8GO8/ZUUTDICfLnP1TDAMR9AZchL9MW+VVrdWuAldBlNN1XjDnHdN4wV76ezxt,0.8582049999999999,3.597288,2.204689
443100,a/8GO8/ZUUTDICfLnP1TDAMR9AZchL9MW+VVrdWuAldBlNN1XjDnHdN4wV76ezxt,1.34558,2.633717,2.032874
443400,a/8GO8/ZUUTDICfLnP1TDAMR9AZchL9MW+VVrdWuAldBlNN1XjDnHdN4wV76ezxt,0.9474870000000001,17.435876999999998,3.5291349999999997
443700,a/8GO8/ZUUTDICfLnP1TDAMR9AZchL9MW+VVrdWuAldBlNN1XjDnHdN4wV76ezxt,1.3783969999999999,2.405831,2.00506
444000,a/8GO8/ZUUTDICfLnP1TDAMR9AZchL9MW+VVrdWuAldBlNN1XjDnHdN4wV76ezxt,1.182304,8.422236999999999,2.480177
444300,a/8GO8/ZUUTDICfLnP1TDAMR9AZchL9MW+VVrdWuAldBlNN1XjDnHdN4wV76ezxt,0.801855,2.89984,1.879609
444600,a/8GO8/ZUUTDICfLnP1TDAMR9AZchL9MW+VVrdWuAldBlNN1XjDnHdN4wV76ezxt,1.356049,3.7436230000000004,2.122619
444900,a/8GO8/ZUUTDICfLnP1TDAMR9AZchL9MW+VVrdWuAldBlNN1XjDnHdN4wV76ezxt,0.744591,2.393569,1.912912
445200,a/8GO8/ZUUTDICfLnP1TDAMR9AZchL9MW+VVrdWuAldBlNN1XjDnHdN4wV76ezxt,1.3846479999999999,2.841043,2.0037409999999998
445500,a/8GO8/ZUUTDICfLnP1TDAMR9AZchL9MW+VVrdWuAldBlNN1XjDnHdN4wV76ezxt,1.492512,3.177171,2.030264
445800,a/8GO8/ZUUTDICfLnP1TDAMR9AZchL9MW+VVrdWuAldBlNN1XjDnHdN4wV76ezxt,1.4042139999999999,3.434137,2.114722
446100,a/8GO8/ZUUTDICfLnP1TDAMR9AZchL9MW+VVrdWuAldBlNN1XjDnHdN4wV76ezxt,1.315272,3.9819739999999997,2.0177490000000002
446400,a/8GO8/ZUUTDICfLnP1TDAMR9AZchL9MW+VVrdWuAldBlNN1XjDnHdN4wV76ezxt,1.527236,3.624572,2.156432
446700,a/8GO8/ZUUTDICfLnP1TDAMR9AZchL9MW+VVrdWuAldBlNN1XjDnHdN4wV76ezxt,1.0573549999999998,3.7110000000000003,2.079086
447000,a/8GO8/ZUUTDICfLnP1TDAMR9AZchL9MW+VVrdWuAldBlNN1XjDnHdN4wV76ezxt,1.4421030000000001,5.022117,2.197365
447300,a/8GO8/ZUUTDICfLnP1TDAMR9AZchL9MW+VVrdWuAldBlNN1XjDnHdN4wV76ezxt,1.346178,3.284146,2.125614
447600,a/8GO8/ZUUTDICfLnP1TDAMR9AZchL9MW+VVrdWuAldBlNN1XjDnHdN4wV76ezxt,1.407698,2.635082,2.030764
447900,a/8GO8/ZUUTDICfLnP1TDAMR9AZchL9MW+VVrdWuAldBlNN1XjDnHdN4wV76ezxt,1.415289,3.499514,2.14911
448200,a/8GO8/ZUUTDICfLnP1TDAMR9AZchL9MW+VVrdWuAldBlNN1XjDnHdN4wV76ezxt,0.806757,3.6113190000000004,2.097868
448500,a/8GO8/ZUUTDICfLnP1TDAMR9AZchL9MW+VVrdWuAldBlNN1XjDnHdN4wV76ezxt,1.384527,2.5727700000000002,1.988916
448800,a/8GO8/ZUUTDICfLnP1TDAMR9AZchL9MW+VVrdWuAldBlNN1XjDnHdN4wV76ezxt,1.3315,4.286961,2.176591
449100,a/8GO8/ZUUTDICfLnP1TDAMR9AZchL9MW+VVrdWuAldBlNN1XjDnHdN4wV76ezxt,1.297181,3.498254,2.0980790000000002
449400,a/8GO8/ZUUTDICfLnP1TDAMR9AZchL9MW+VVrdWuAldBlNN1XjDnHdN4wV76ezxt,0.7044090000000001,2.694652,1.961972
449700,a/8GO8/ZUUTDICfLnP1TDAMR9AZchL9MW+VVrdWuAldBlNN1XjDnHdN4wV76ezxt,0.668285,3.3387,2.009831
450000,a/8GO8/ZUUTDICfLnP1TDAMR9AZchL9MW+VVrdWuAldBlNN1XjDnHdN4wV76ezxt,1.39382,2.689752,1.9988569999999999
450300,a/8GO8/ZUUTDICfLnP1TDAMR9AZchL9MW+VVrdWuAldBlNN1XjDnHdN4wV76ezxt,1.269097,2.704717,1.963336
450600,a/8GO8/ZUUTDICfLnP1TDAMR9AZchL9MW+VVrdWuAldBlNN1XjDnHdN4wV76ezxt,1.3689209999999998,3.569178,2.317974
450900,a/8GO8/ZUUTDICfLnP1TDAMR9AZchL9MW+VVrdWuAldBlNN1XjDnHdN4wV76ezxt,0.7055319999999999,2.721702,1.910438
451200,a/8GO8/ZUUTDICfLnP1TDAMR9AZchL9MW+VVrdWuAldBlNN1XjDnHdN4wV76ezxt,1.399575,3.9553199999999995,2.139949
451500,a/8GO8/ZUUTDICfLnP1TDAMR9AZchL9MW+VVrdWuAldBlNN1XjDnHdN4wV76ezxt,1.451807,3.841526,2.2200349999999998
451800,a/8GO8/ZUUTDICfLnP1TDAMR9AZchL9MW+VVrdWuAldBlNN1XjDnHdN4wV76ezxt,1.242219,7.675753,2.441127
452100,a/8GO8/ZUUTDICfLnP1TDAMR9AZchL9MW+VVrdWuAldBlNN1XjDnHdN4wV76ezxt,1.408811,5.833391000000001,2.403553
452400,a/8GO8/ZUUTDICfLnP1TDAMR9AZchL9MW+VVrdWuAldBlNN1XjDnHdN4wV76ezxt,1.3032139999999999,3.8493129999999995,2.1736470000000003
452700,a/8GO8/ZUUTDICfLnP1TDAMR9AZchL9MW+VVrdWuAldBlNN1XjDnHdN4wV76ezxt,1.213078,4.375298,2.115666
453000,a/8GO8/ZUUTDICfLnP1TDAMR9AZchL9MW+VVrdWuAldBlNN1XjDnHdN4wV76ezxt,1.359086,3.625861,2.1712990000000003
453300,a/8GO8/ZUUTDICfLnP1TDAMR9AZchL9MW+VVrdWuAldBlNN1XjDnHdN4wV76ezxt,1.293526,3.8488010000000004,2.122429
453600,a/8GO8/ZUUTDICfLnP1TDAMR9AZchL9MW+VVrdWuAldBlNN1XjDnHdN4wV76ezxt,1.2894379999999999,3.714932,2.15551
453900,a/8GO8/ZUUTDICfLnP1TDAMR9AZchL9MW+VVrdWuAldBlNN1XjDnHdN4wV76ezxt,1.333755,2.88028,2.032237
454200,a/8GO8/ZUUTDICfLnP1TDAMR9AZchL9MW+VVrdWuAldBlNN1XjDnHdN4wV76ezxt,1.413333,4.457185,2.1264220000000003
454500,a/8GO8/ZUUTDICfLnP1TDAMR9AZchL9MW+VVrdWuAldBlNN1XjDnHdN4wV76ezxt,1.298381,4.140825,2.151001
454800,a/8GO8/ZUUTDICfLnP1TDAMR9AZchL9MW+VVrdWuAldBlNN1XjDnHdN4wV76ezxt,1.33895,6.6712679999999995,2.453872
455100,a/8GO8/ZUUTDICfLnP1TDAMR9AZchL9MW+VVrdWuAldBlNN1XjDnHdN4wV76ezxt,1.604209,4.603926,2.529762
455400,a/8GO8/ZUUTDICfLnP1TDAMR9AZchL9MW+VVrdWuAldBlNN1XjDnHdN4wV76ezxt,1.387997,2.661727,1.960822
455700,a/8GO8/ZUUTDICfLnP1TDAMR9AZchL9MW+VVrdWuAldBlNN1XjDnHdN4wV76ezxt,1.427935,4.802364,2.382466
456000,a/8GO8/ZUUTDICfLnP1TDAMR9AZchL9MW+VVrdWuAldBlNN1XjDnHdN4wV76ezxt,1.425338,2.6997139999999997,1.983772
456300,a/8GO8/ZUUTDICfLnP1TDAMR9AZchL9MW+VVrdWuAldBlNN1XjDnHdN4wV76ezxt,1.3391540000000002,14.390773000000001,3.0506849999999996
456600,a/8GO8/ZUUTDICfLnP1TDAMR9AZchL9MW+VVrdWuAldBlNN1XjDnHdN4wV76ezxt,1.2032180000000001,4.665066,2.3430299999999997
456900,a/8GO8/ZUUTDICfLnP1TDAMR9AZchL9MW+VVrdWuAldBlNN1XjDnHdN4wV76ezxt,1.358217,3.616855,2.151312
457200,a/8GO8/ZUUTDICfLnP1TDAMR9AZchL9MW+VVrdWuAldBlNN1XjDnHdN4wV76ezxt,1.3127280000000001,4.332984,2.140402
457500,a/8GO8/ZUUTDICfLnP1TDAMR9AZchL9MW+VVrdWuAldBlNN1XjDnHdN4wV76ezxt,1.353206,11.384195,3.221936
457800,a/8GO8/ZUUTDICfLnP1TDAMR9AZchL9MW+VVrdWuAldBlNN1XjDnHdN4wV76ezxt,1.308489,2.789256,2.05399
458100,a/8GO8/ZUUTDICfLnP1TDAMR9AZchL9MW+VVrdWuAldBlNN1XjDnHdN4wV76ezxt,1.270968,3.112686,1.985991
458400,a/8GO8/ZUUTDICfLnP1TDAMR9AZchL9MW+VVrdWuAldBlNN1XjDnHdN4wV76ezxt,1.380327,4.441482,2.251144
458700,a/8GO8/ZUUTDICfLnP1TDAMR9AZchL9MW+VVrdWuAldBlNN1XjDnHdN4wV76ezxt,1.42603,3.338867,2.177372
459000,a/8GO8/ZUUTDICfLnP1TDAMR9AZchL9MW+VVrdWuAldBlNN1XjDnHdN4wV76ezxt,1.331387,3.870653,2.2454560000000003
459300,a/8GO8/ZUUTDICfLnP1TDAMR9AZchL9MW+VVrdWuAldBlNN1XjDnHdN4wV76ezxt,1.377556,3.974072,2.136902
459600,a/8GO8/ZUUTDICfLnP1TDAMR9AZchL9MW+VVrdWuAldBlNN1XjDnHdN4wV76ezxt,1.293195,4.291805,2.20592
459900,a/8GO8/ZUUTDICfLnP1TDAMR9AZchL9MW+VVrdWuAldBlNN1XjDnHdN4wV76ezxt,1.381264,3.42363,2.167999
460200,a/8GO8/ZUUTDICfLnP1TDAMR9AZchL9MW+VVrdWuAldBlNN1XjDnHdN4wV76ezxt,1.371592,6.050192,2.374964
460500,a/8GO8/ZUUTDICfLnP1TDAMR9AZchL9MW+VVrdWuAldBlNN1XjDnHdN4wV76ezxt,1.440842,4.647175,2.494377
460800,a/8GO8/ZUUTDICfLnP1TDAMR9AZchL9MW+VVrdWuAldBlNN1XjDnHdN4wV76ezxt,1.295024,2.733389,2.028604
461100,a/8GO8/ZUUTDICfLnP1TDAMR9AZchL9MW+VVrdWuAldBlNN1XjDnHdN4wV76ezxt,1.354771,4.443636,2.330496
461400,a/8GO8/ZUUTDICfLnP1TDAMR9AZchL9MW+VVrdWuAldBlNN1XjDnHdN4wV76ezxt,1.357521,2.737022,2.025557
461700,a/8GO8/ZUUTDICfLnP1TDAMR9AZchL9MW+VVrdWuAldBlNN1XjDnHdN4wV76ezxt,1.385238,3.686946,2.116151
462000,a/8GO8/ZUUTDICfLnP1TDAMR9AZchL9MW+VVrdWuAldBlNN1XjDnHdN4wV76ezxt,1.299345,3.5576440000000003,2.159939
462300,a/8GO8/ZUUTDICfLnP1TDAMR9AZchL9MW+VVrdWuAldBlNN1XjDnHdN4wV76ezxt,1.327983,3.8128089999999997,2.250461
462600,a/8GO8/ZUUTDICfLnP1TDAMR9AZchL9MW+VVrdWuAldBlNN1XjDnHdN4wV76ezxt,1.337324,2.865561,1.992835
462900,a/8GO8/ZUUTDICfLnP1TDAMR9AZchL9MW+VVrdWuAldBlNN1XjDnHdN4wV76ezxt,1.491498,3.765799,2.340297
463200,a/8GO8/ZUUTDICfLnP1TDAMR9AZchL9MW+VVrdWuAldBlNN1XjDnHdN4wV76ezxt,1.405701,3.408005,2.1488110000000002
463500,a/8GO8/ZUUTDICfLnP1TDAMR9AZchL9MW+VVrdWuAldBlNN1XjDnHdN4wV76ezxt,1.282979,3.080581,1.9980080000000002
463800,a/8GO8/ZUUTDICfLnP1TDAMR9AZchL9MW+VVrdWuAldBlNN1XjDnHdN4wV76ezxt,0.644229,3.524862,1.9647740000000002
464100,a/8GO8/ZUUTDICfLnP1TDAMR9AZchL9MW+VVrdWuAldBlNN1XjDnHdN4wV76ezxt,1.23397,3.5512059999999996,2.159198
464400,a/8GO8/ZUUTDICfLnP1TDAMR9AZchL9MW+VVrdWuAldBlNN1XjDnHdN4wV76ezxt,1.434379,25.516835999999998,4.0964599999999995
464700,a/8GO8/ZUUTDICfLnP1TDAMR9AZchL9MW+VVrdWuAldBlNN1XjDnHdN4wV76ezxt,1.2017360000000001,3.170624,2.062321
465000,a/8GO8/ZUUTDICfLnP1TDAMR9AZchL9MW+VVrdWuAldBlNN1XjDnHdN4wV76ezxt,0.759203,5.525856,2.370463
465300,a/8GO8/ZUUTDICfLnP1TDAMR9AZchL9MW+VVrdWuAldBlNN1XjDnHdN4wV76ezxt,1.508355,7.08684,2.50064
465600,a/8GO8/ZUUTDICfLnP1TDAMR9AZchL9MW+VVrdWuAldBlNN1XjDnHdN4wV76ezxt,0.723278,3.1218,1.8765560000000001
465900,a/8GO8/ZUUTDICfLnP1TDAMR9AZchL9MW+VVrdWuAldBlNN1XjDnHdN4wV76ezxt,1.356897,2.629524,2.003182
466200,a/8GO8/ZUUTDICfLnP1TDAMR9AZchL9MW+VVrdWuAldBlNN1XjDnHdN4wV76ezxt,1.228842,2.708041,2.0292830000000004
466500,a/8GO8/ZUUTDICfLnP1TDAMR9AZchL9MW+VVrdWuAldBlNN1XjDnHdN4wV76ezxt,1.39541,3.350379,2.079129
466800,a/8GO8/ZUUTDICfLnP1TDAMR9AZchL9MW+VVrdWuAldBlNN1XjDnHdN4wV76ezxt,1.382578,2.682891,2.0200709999999997
467100,a/8GO8/ZUUTDICfLnP1TDAMR9AZchL9MW+VVrdWuAldBlNN1XjDnHdN4wV76ezxt,1.309674,2.570235,1.891054
467400,a/8GO8/ZUUTDICfLnP1TDAMR9AZchL9MW+VVrdWuAldBlNN1XjDnHdN4wV76ezxt,1.297958,4.108829,2.170444
467700,a/8GO8/ZUUTDICfLnP1TDAMR9AZchL9MW+VVrdWuAldBlNN1XjDnHdN4wV76ezxt,0.9340950000000001,3.3759669999999997,2.043979
468000,a/8GO8/ZUUTDICfLnP1TDAMR9AZchL9MW+VVrdWuAldBlNN1XjDnHdN4wV76ezxt,1.3190979999999999,2.635881,2.002454
468300,a/8GO8/ZUUTDICfLnP1TDAMR9AZchL9MW+VVrdWuAldBlNN1XjDnHdN4wV76ezxt,0.7609130000000001,4.740083,2.0846970000000002
468600,a/8GO8/ZUUTDICfLnP1TDAMR9AZchL9MW+VVrdWuAldBlNN1XjDnHdN4wV76ezxt,0.803429,2.673012,1.95157
468900,a/8GO8/ZUUTDICfLnP1TDAMR9AZchL9MW+VVrdWuAldBlNN1XjDnHdN4wV76ezxt,1.322425,3.4594480000000005,2.14755
469200,a/8GO8/ZUUTDICfLnP1TDAMR9AZchL9MW+VVrdWuAldBlNN1XjDnHdN4wV76ezxt,0.874125,2.512971,1.8377740000000002
469500,a/8GO8/ZUUTDICfLnP1TDAMR9AZchL9MW+VVrdWuAldBlNN1XjDnHdN4wV76ezxt,1.358335,2.677791,2.046932
469800,a/8GO8/ZUUTDICfLnP1TDAMR9AZchL9MW+VVrdWuAldBlNN1XjDnHdN4wV76ezxt,1.050181,4.106822,2.0918810000000003
470100,a/8GO8/ZUUTDICfLnP1TDAMR9AZchL9MW+VVrdWuAldBlNN1XjDnHdN4wV76ezxt,1.3172030000000001,3.562671,2.148197
470400,a/8GO8/ZUUTDICfLnP1TDAMR9AZchL9MW+VVrdWuAldBlNN1XjDnHdN4wV76ezxt,1.3956540000000002,12.765352,2.725095
470700,a/8GO8/ZUUTDICfLnP1TDAMR9AZchL9MW+VVrdWuAldBlNN1XjDnHdN4wV76ezxt,1.332463,2.578639,2.014761
471000,a/8GO8/ZUUTDICfLnP1TDAMR9AZchL9MW+VVrdWuAldBlNN1XjDnHdN4wV76ezxt,1.2909760000000001,3.8340400000000003,2.208946
471300,a/8GO8/ZUUTDICfLnP1TDAMR9AZchL9MW+VVrdWuAldBlNN1XjDnHdN4wV76ezxt,1.226344,3.3075769999999998,2.201844
471600,a/8GO8/ZUUTDICfLnP1TDAMR9AZchL9MW+VVrdWuAldBlNN1XjDnHdN4wV76ezxt,1.391486,2.664747,2.022749
471900,a/8GO8/ZUUTDICfLnP1TDAMR9AZchL9MW+VVrdWuAldBlNN1XjDnHdN4wV76ezxt,1.223354,4.35082,2.069541
472200,a/8GO8/ZUUTDICfLnP1TDAMR9AZchL9MW+VVrdWuAldBlNN1XjDnHdN4wV76ezxt,1.362419,2.664764,2.002093
472500,a/8GO8/ZUUTDICfLnP1TDAMR9AZchL9MW+VVrdWuAldBlNN1XjDnHdN4wV76ezxt,1.089573,3.262156,2.1375610000000003
472800,a/8GO8/ZUUTDICfLnP1TDAMR9AZchL9MW+VVrdWuAldBlNN1XjDnHdN4wV76ezxt,1.405127,3.755168,2.165172
473100,a/8GO8/ZUUTDICfLnP1TDAMR9AZchL9MW+VVrdWuAldBlNN1XjDnHdN4wV76ezxt,1.169789,2.703026,1.971846
473400,a/8GO8/ZUUTDICfLnP1TDAMR9AZchL9MW+VVrdWuAldBlNN1XjDnHdN4wV76ezxt,1.440892,3.9900910000000005,2.15171
473700,a/8GO8/ZUUTDICfLnP1TDAMR9AZchL9MW+VVrdWuAldBlNN1XjDnHdN4wV76ezxt,1.303839,2.845417,1.9684549999999998
474000,a/8GO8/ZUUTDICfLnP1TDAMR9AZchL9MW+VVrdWuAldBlNN1XjDnHdN4wV76ezxt,1.305728,3.5406809999999997,2.079402
474300,a/8GO8/ZUUTDICfLnP1TDAMR9AZchL9MW+VVrdWuAldBlNN1XjDnHdN4wV76ezxt,1.414181,2.631561,2.029018
474600,a/8GO8/ZUUTDICfLnP1TDAMR9AZchL9MW+VVrdWuAldBlNN1XjDnHdN4wV76ezxt,0.8386399999999999,3.0225779999999998,1.9318830000000002
474900,a/8GO8/ZUUTDICfLnP1TDAMR9AZchL9MW+VVrdWuAldBlNN1XjDnHdN4wV76ezxt,1.329115,3.9547239999999997,2.0859099999999997
475200,a/8GO8/ZUUTDICfLnP1TDAMR9AZchL9MW+VVrdWuAldBlNN1XjDnHdN4wV76ezxt,1.414172,2.973407,2.07651
475500,a/8GO8/ZUUTDICfLnP1TDAMR9AZchL9MW+VVrdWuAldBlNN1XjDnHdN4wV76ezxt,1.469357,3.112078,2.160111
475800,a/8GO8/ZUUTDICfLnP1TDAMR9AZchL9MW+VVrdWuAldBlNN1XjDnHdN4wV76ezxt,0.754834,2.643019,1.925303
476100,a/8GO8/ZUUTDICfLnP1TDAMR9AZchL9MW+VVrdWuAldBlNN1XjDnHdN4wV76ezxt,1.6045049999999998,2.6690259999999997,2.007588
476400,a/8GO8/ZUUTDICfLnP1TDAMR9AZchL9MW+VVrdWuAldBlNN1XjDnHdN4wV76ezxt,1.099025,3.24075,2.125408
476700,a/8GO8/ZUUTDICfLnP1TDAMR9AZchL9MW+VVrdWuAldBlNN1XjDnHdN4wV76ezxt,1.3760370000000002,3.869121,2.1046080000000003
477000,a/8GO8/ZUUTDICfLnP1TDAMR9AZchL9MW+VVrdWuAldBlNN1XjDnHdN4wV76ezxt,1.4302860000000002,2.56163,2.028854
477300,a/8GO8/ZUUTDICfLnP1TDAMR9AZchL9MW+VVrdWuAldBlNN1XjDnHdN4wV76ezxt,1.51758,25.097898,3.6015629999999996
477600,a/8GO8/ZUUTDICfLnP1TDAMR9AZchL9MW+VVrdWuAldBlNN1XjDnHdN4wV76ezxt,1.337718,2.58055,2.007388
477900,a/8GO8/ZUUTDICfLnP1TDAMR9AZchL9MW+VVrdWuAldBlNN1XjDnHdN4wV76ezxt,1.42456,2.51235,1.991902
478200,a/8GO8/ZUUTDICfLnP1TDAMR9AZchL9MW+VVrdWuAldBlNN1XjDnHdN4wV76ezxt,1.533901,3.1640900000000003,1.974157
478500,a/8GO8/ZUUTDICfLnP1TDAMR9AZchL9MW+VVrdWuAldBlNN1XjDnHdN4wV76ezxt,0.727905,2.77644,1.985325
478800,a/8GO8/ZUUTDICfLnP1TDAMR9AZchL9MW+VVrdWuAldBlNN1XjDnHdN4wV76ezxt,1.480847,2.674202,1.981903
479100,a/8GO8/ZUUTDICfLnP1TDAMR9AZchL9MW+VVrdWuAldBlNN1XjDnHdN4wV76ezxt,0.681351,3.16202,1.9341490000000001
479400,a/8GO8/ZUUTDICfLnP1TDAMR9AZchL9MW+VVrdWuAldBlNN1XjDnHdN4wV76ezxt,0.652562,4.0312470000000005,2.177161
479700,a/8GO8/ZUUTDICfLnP1TDAMR9AZchL9MW+VVrdWuAldBlNN1XjDnHdN4wV76ezxt,1.521017,2.607393,2.093322
480000,a/8GO8/ZUUTDICfLnP1TDAMR9AZchL9MW+VVrdWuAldBlNN1XjDnHdN4wV76ezxt,0.780176,2.901606,1.9232669999999998
480300,a/8GO8/ZUUTDICfLnP1TDAMR9AZchL9MW+VVrdWuAldBlNN1XjDnHdN4wV76ezxt,1.579579,2.492166,2.061341
480600,a/8GO8/ZUUTDICfLnP1TDAMR9AZchL9MW+VVrdWuAldBlNN1XjDnHdN4wV76ezxt,0.567595,11.317933,2.685791
480900,a/8GO8/ZUUTDICfLnP1TDAMR9AZchL9MW+VVrdWuAldBlNN1XjDnHdN4wV76ezxt,1.6224319999999999,4.832055,2.2394979999999998
481200,a/8GO8/ZUUTDICfLnP1TDAMR9AZchL9MW+VVrdWuAldBlNN1XjDnHdN4wV76ezxt,0.616172,3.5755550000000005,2.0701
481500,a/8GO8/ZUUTDICfLnP1TDAMR9AZchL9MW+VVrdWuAldBlNN1XjDnHdN4wV76ezxt,1.6197219999999999,2.5972619999999997,2.038034
481800,a/8GO8/ZUUTDICfLnP1TDAMR9AZchL9MW+VVrdWuAldBlNN1XjDnHdN4wV76ezxt,1.3795110000000002,3.182439,2.111109
482100,a/8GO8/ZUUTDICfLnP1TDAMR9AZchL9MW+VVrdWuAldBlNN1XjDnHdN4wV76ezxt,1.449832,2.841766,2.027352
482400,a/8GO8/ZUUTDICfLnP1TDAMR9AZchL9MW+VVrdWuAldBlNN1XjDnHdN4wV76ezxt,1.623605,3.815115,2.2435400000000003
482700,a/8GO8/ZUUTDICfLnP1TDAMR9AZchL9MW+VVrdWuAldBlNN1XjDnHdN4wV76ezxt,1.563619,4.016285,2.120016
483000,a/8GO8/ZUUTDICfLnP1TDAMR9AZchL9MW+VVrdWuAldBlNN1XjDnHdN4wV76ezxt,1.416585,2.829536,2.035923
483300,a/8GO8/ZUUTDICfLnP1TDAMR9AZchL9MW+VVrdWuAldBlNN1XjDnHdN4wV76ezxt,1.4124430000000001,3.019364,2.048308
483600,a/8GO8/ZUUTDICfLnP1TDAMR9AZchL9MW+VVrdWuAldBlNN1XjDnHdN4wV76ezxt,1.440442,2.8591,2.001277
483900,a/8GO8/ZUUTDICfLnP1TDAMR9AZchL9MW+VVrdWuAldBlNN1XjDnHdN4wV76ezxt,0.847606,3.944662,2.210426
484200,a/8GO8/ZUUTDICfLnP1TDAMR9AZchL9MW+VVrdWuAldBlNN1XjDnHdN4wV76ezxt,1.5058040000000001,2.741211,2.050752
484500,a/8GO8/ZUUTDICfLnP1TDAMR9AZchL9MW+VVrdWuAldBlNN1XjDnHdN4wV76ezxt,1.001541,2.657797,1.9427759999999998
484800,a/8GO8/ZUUTDICfLnP1TDAMR9AZchL9MW+VVrdWuAldBlNN1XjDnHdN4wV76ezxt,0.6019260000000001,3.377237,2.0636419999999998
485100,a/8GO8/ZUUTDICfLnP1TDAMR9AZchL9MW+VVrdWuAldBlNN1XjDnHdN4wV76ezxt,1.427737,3.5079510000000003,2.201994
485400,a/8GO8/ZUUTDICfLnP1TDAMR9AZchL9MW+VVrdWuAldBlNN1XjDnHdN4wV76ezxt,0.618405,2.6870220000000002,1.87427
485700,a/8GO8/ZUUTDICfLnP1TDAMR9AZchL9MW+VVrdWuAldBlNN1XjDnHdN4wV76ezxt,1.478085,4.086656,2.124715
486000,a/8GO8/ZUUTDICfLnP1TDAMR9AZchL9MW+VVrdWuAldBlNN1XjDnHdN4wV76ezxt,1.481354,17.546866,3.482647
486300,a/8GO8/ZUUTDICfLnP1TDAMR9AZchL9MW+VVrdWuAldBlNN1XjDnHdN4wV76ezxt,1.495254,17.303187,3.5446910000000003
486600,a/8GO8/ZUUTDICfLnP1TDAMR9AZchL9MW+VVrdWuAldBlNN1XjDnHdN4wV76ezxt,1.014138,7.098732000000001,2.440534
486900,a/8GO8/ZUUTDICfLnP1TDAMR9AZchL9MW+VVrdWuAldBlNN1XjDnHdN4wV76ezxt,1.5224309999999999,2.9395990000000003,2.017413
487200,a/8GO8/ZUUTDICfLnP1TDAMR9AZchL9MW+VVrdWuAldBlNN1XjDnHdN4wV76ezxt,0.84844,3.4770440000000002,2.094424
487500,a/8GO8/ZUUTDICfLnP1TDAMR9AZchL9MW+VVrdWuAldBlNN1XjDnHdN4wV76ezxt,0.950784,2.516009,1.975557
487800,a/8GO8/ZUUTDICfLnP1TDAMR9AZchL9MW+VVrdWuAldBlNN1XjDnHdN4wV76ezxt,1.439627,2.945231,2.016009
488100,a/8GO8/ZUUTDICfLnP1TDAMR9AZchL9MW+VVrdWuAldBlNN1XjDnHdN4wV76ezxt,1.509807,3.3807980000000004,2.203306
488400,a/8GO8/ZUUTDICfLnP1TDAMR9AZchL9MW+VVrdWuAldBlNN1XjDnHdN4wV76ezxt,1.378226,3.4617709999999997,2.103585
488700,a/8GO8/ZUUTDICfLnP1TDAMR9AZchL9MW+VVrdWuAldBlNN1XjDnHdN4wV76ezxt,1.4621899999999999,3.191263,2.122664
489000,a/8GO8/ZUUTDICfLnP1TDAMR9AZchL9MW+VVrdWuAldBlNN1XjDnHdN4wV76ezxt,1.424561,2.719809,1.984027
489300,a/8GO8/ZUUTDICfLnP1TDAMR9AZchL9MW+VVrdWuAldBlNN1XjDnHdN4wV76ezxt,0.781734,4.05516,2.091207
489600,a/8GO8/ZUUTDICfLnP1TDAMR9AZchL9MW+VVrdWuAldBlNN1XjDnHdN4wV76ezxt,1.439415,3.04901,2.045937
489900,a/8GO8/ZUUTDICfLnP1TDAMR9AZchL9MW+VVrdWuAldBlNN1XjDnHdN4wV76ezxt,1.3233780000000002,4.173202,2.2661130000000003
490200,a/8GO8/ZUUTDICfLnP1TDAMR9AZchL9MW+VVrdWuAldBlNN1XjDnHdN4wV76ezxt,1.41475,3.2823870000000004,2.1302689999999997
490500,a/8GO8/ZUUTDICfLnP1TDAMR9AZchL9MW+VVrdWuAldBlNN1XjDnHdN4wV76ezxt,1.39534,2.928774,2.131246
490800,a/8GO8/ZUUTDICfLnP1TDAMR9AZchL9MW+VVrdWuAldBlNN1XjDnHdN4wV76ezxt,1.418367,2.629357,1.946188
491100,a/8GO8/ZUUTDICfLnP1TDAMR9AZchL9MW+VVrdWuAldBlNN1XjDnHdN4wV76ezxt,1.367797,3.122566,2.119048
491400,a/8GO8/ZUUTDICfLnP1TDAMR9AZchL9MW+VVrdWuAldBlNN1XjDnHdN4wV76ezxt,1.383384,3.371225,2.123908
491700,a/8GO8/ZUUTDICfLnP1TDAMR9AZchL9MW+VVrdWuAldBlNN1XjDnHdN4wV76ezxt,1.450753,2.6371700000000002,2.0089810000000003
492000,a/8GO8/ZUUTDICfLnP1TDAMR9AZchL9MW+VVrdWuAldBlNN1XjDnHdN4wV76ezxt,0.87923,3.376321,2.101255
492300,a/8GO8/ZUUTDICfLnP1TDAMR9AZchL9MW+VVrdWuAldBlNN1XjDnHdN4wV76ezxt,1.329615,3.829479,2.156268
492600,a/8GO8/ZUUTDICfLnP1TDAMR9AZchL9MW+VVrdWuAldBlNN1XjDnHdN4wV76ezxt,1.263417,4.052747,2.102687
492900,a/8GO8/ZUUTDICfLnP1TDAMR9AZchL9MW+VVrdWuAldBlNN1XjDnHdN4wV76ezxt,1.4874379999999998,2.480946,1.9851900000000002
493200,a/8GO8/ZUUTDICfLnP1TDAMR9AZchL9MW+VVrdWuAldBlNN1XjDnHdN4wV76ezxt,1.3975520000000001,3.595525,2.1860779999999997
493500,a/8GO8/ZUUTDICfLnP1TDAMR9AZchL9MW+VVrdWuAldBlNN1XjDnHdN4wV76ezxt,1.0322,3.443668,2.0178700000000003
493800,a/8GO8/ZUUTDICfLnP1TDAMR9AZchL9MW+VVrdWuAldBlNN1XjDnHdN4wV76ezxt,1.412866,2.758729,1.9655029999999998
494100,a/8GO8/ZUUTDICfLnP1TDAMR9AZchL9MW+VVrdWuAldBlNN1XjDnHdN4wV76ezxt,0.987492,3.6429690000000003,2.091828
494400,a/8GO8/ZUUTDICfLnP1TDAMR9AZchL9MW+VVrdWuAldBlNN1XjDnHdN4wV76ezxt,1.399168,3.0537,2.155447
494700,a/8GO8/ZUUTDICfLnP1TDAMR9AZchL9MW+VVrdWuAldBlNN1XjDnHdN4wV76ezxt,1.485846,2.8058490000000003,2.033235
495000,a/8GO8/ZUUTDICfLnP1TDAMR9AZchL9MW+VVrdWuAldBlNN1XjDnHdN4wV76ezxt,1.318942,11.347335000000001,2.9402630000000003
495300,a/8GO8/ZUUTDICfLnP1TDAMR9AZchL9MW+VVrdWuAldBlNN1XjDnHdN4wV76ezxt,1.586529,4.857501999999999,2.358295
495600,a/8GO8/ZUUTDICfLnP1TDAMR9AZchL9MW+VVrdWuAldBlNN1XjDnHdN4wV76ezxt,1.533272,2.6409,2.0566310000000003
495900,a/8GO8/ZUUTDICfLnP1TDAMR9AZchL9MW+VVrdWuAldBlNN1XjDnHdN4wV76ezxt,1.524425,3.092793,2.025201
496200,a/8GO8/ZUUTDICfLnP1TDAMR9AZchL9MW+VVrdWuAldBlNN1XjDnHdN4wV76ezxt,1.4147459999999998,2.772031,1.9707270000000001
496500,a/8GO8/ZUUTDICfLnP1TDAMR9AZchL9MW+VVrdWuAldBlNN1XjDnHdN4wV76ezxt,1.52611,3.647479,2.154372
496800,a/8GO8/ZUUTDICfLnP1TDAMR9AZchL9MW+VVrdWuAldBlNN1XjDnHdN4wV76ezxt,1.235829,3.727501,2.157597
497100,a/8GO8/ZUUTDICfLnP1TDAMR9AZchL9MW+VVrdWuAldBlNN1XjDnHdN4wV76ezxt,1.425467,2.646621,1.984659
497400,a/8GO8/ZUUTDICfLnP1TDAMR9AZchL9MW+VVrdWuAldBlNN1XjDnHdN4wV76ezxt,1.078063,2.66927,1.990389
497700,a/8GO8/ZUUTDICfLnP1TDAMR9AZchL9MW+VVrdWuAldBlNN1XjDnHdN4wV76ezxt,1.4936690000000001,3.545128,2.214766
498000,a/8GO8/ZUUTDICfLnP1TDAMR9AZchL9MW+VVrdWuAldBlNN1XjDnHdN4wV76ezxt,1.21807,2.4556310000000003,1.895572
498300,a/8GO8/ZUUTDICfLnP1TDAMR9AZchL9MW+VVrdWuAldBlNN1XjDnHdN4wV76ezxt,1.371573,4.310193,2.174514
498600,a/8GO8/ZUUTDICfLnP1TDAMR9AZchL9MW+VVrdWuAldBlNN1XjDnHdN4wV76ezxt,1.302597,3.852519,2.2222180000000002
498900,a/8GO8/ZUUTDICfLnP1TDAMR9AZchL9MW+VVrdWuAldBlNN1XjDnHdN4wV76ezxt,1.05928,3.6083839999999996,2.167565
499200,a/8GO8/ZUUTDICfLnP1TDAMR9AZchL9MW+VVrdWuAldBlNN1XjDnHdN4wV76ezxt,1.360617,2.544469,2.0175549999999998
499500,a/8GO8/ZUUTDICfLnP1TDAMR9AZchL9MW+VVrdWuAldBlNN1XjDnHdN4wV76ezxt,1.575617,2.828027,2.096858
499800,a/8GO8/ZUUTDICfLnP1TDAMR9AZchL9MW+VVrdWuAldBlNN1XjDnHdN4wV76ezxt,1.513741,4.112978,2.144973
500100,a/8GO8/ZUUTDICfLnP1TDAMR9AZchL9MW+VVrdWuAldBlNN1XjDnHdN4wV76ezxt,0.9734370000000001,3.914165,2.097683
500400,a/8GO8/ZUUTDICfLnP1TDAMR9AZchL9MW+VVrdWuAldBlNN1XjDnHdN4wV76ezxt,1.484086,3.1875310000000003,2.051835
500700,a/8GO8/ZUUTDICfLnP1TDAMR9AZchL9MW+VVrdWuAldBlNN1XjDnHdN4wV76ezxt,0.8057300000000001,2.571656,1.8576139999999999
501000,a/8GO8/ZUUTDICfLnP1TDAMR9AZchL9MW+VVrdWuAldBlNN1XjDnHdN4wV76ezxt,1.448983,5.046683,2.2210389999999998
501300,a/8GO8/ZUUTDICfLnP1TDAMR9AZchL9MW+VVrdWuAldBlNN1XjDnHdN4wV76ezxt,1.452498,3.4076660000000003,2.193605
501600,a/8GO8/ZUUTDICfLnP1TDAMR9AZchL9MW+VVrdWuAldBlNN1XjDnHdN4wV76ezxt,0.9065120000000001,3.599394,2.088355
501900,a/8GO8/ZUUTDICfLnP1TDAMR9AZchL9MW+VVrdWuAldBlNN1XjDnHdN4wV76ezxt,1.396592,2.765244,2.06877
502200,a/8GO8/ZUUTDICfLnP1TDAMR9AZchL9MW+VVrdWuAldBlNN1XjDnHdN4wV76ezxt,1.2681879999999999,11.137962,2.800363
502500,a/8GO8/ZUUTDICfLnP1TDAMR9AZchL9MW+VVrdWuAldBlNN1XjDnHdN4wV76ezxt,1.2582440000000001,2.53646,1.9774650000000003
502800,a/8GO8/ZUUTDICfLnP1TDAMR9AZchL9MW+VVrdWuAldBlNN1XjDnHdN4wV76ezxt,0.843141,2.686211,1.9967099999999998
503100,a/8GO8/ZUUTDICfLnP1TDAMR9AZchL9MW+VVrdWuAldBlNN1XjDnHdN4wV76ezxt,1.495765,3.273217,2.036349
503400,a/8GO8/ZUUTDICfLnP1TDAMR9AZchL9MW+VVrdWuAldBlNN1XjDnHdN4wV76ezxt,1.025751,2.492804,1.871118
503700,a/8GO8/ZUUTDICfLnP1TDAMR9AZchL9MW+VVrdWuAldBlNN1XjDnHdN4wV76ezxt,1.426075,3.522092,2.1781099999999998
504000,a/8GO8/ZUUTDICfLnP1TDAMR9AZchL9MW+VVrdWuAldBlNN1XjDnHdN4wV76ezxt,1.4575790000000002,3.287862,2.113066
504300,a/8GO8/ZUUTDICfLnP1TDAMR9AZchL9MW+VVrdWuAldBlNN1XjDnHdN4wV76ezxt,1.469904,2.751488,2.13152
504600,a/8GO8/ZUUTDICfLnP1TDAMR9AZchL9MW+VVrdWuAldBlNN1XjDnHdN4wV76ezxt,1.474849,2.75488,2.036959
504900,a/8GO8/ZUUTDICfLnP1TDAMR9AZchL9MW+VVrdWuAldBlNN1XjDnHdN4wV76ezxt,0.745097,3.5664569999999998,2.231951
505200,a/8GO8/ZUUTDICfLnP1TDAMR9AZchL9MW+VVrdWuAldBlNN1XjDnHdN4wV76ezxt,1.562975,3.897622,2.125619
505500,a/8GO8/ZUUTDICfLnP1TDAMR9AZchL9MW+VVrdWuAldBlNN1XjDnHdN4wV76ezxt,1.353949,2.797398,2.092724
505800,a/8GO8/ZUUTDICfLnP1TDAMR9AZchL9MW+VVrdWuAldBlNN1XjDnHdN4wV76ezxt,1.594546,4.224386,2.162546
506100,a/8GO8/ZUUTDICfLnP1TDAMR9AZchL9MW+VVrdWuAldBlNN1XjDnHdN4wV76ezxt,1.4728299999999999,4.000895,2.143625
506400,a/8GO8/ZUUTDICfLnP1TDAMR9AZchL9MW+VVrdWuAldBlNN1XjDnHdN4wV76ezxt,1.37853,2.821252,2.006755
506700,a/8GO8/ZUUTDICfLnP1TDAMR9AZchL9MW+VVrdWuAldBlNN1XjDnHdN4wV76ezxt,1.466751,4.28137,2.263223
507000,a/8GO8/ZUUTDICfLnP1TDAMR9AZchL9MW+VVrdWuAldBlNN1XjDnHdN4wV76ezxt,1.581297,5.062525,2.4136029999999997
507300,a/8GO8/ZUUTDICfLnP1TDAMR9AZchL9MW+VVrdWuAldBlNN1XjDnHdN4wV76ezxt,1.495911,4.9846,2.288329
507600,a/8GO8/ZUUTDICfLnP1TDAMR9AZchL9MW+VVrdWuAldBlNN1XjDnHdN4wV76ezxt,1.568573,4.110627,2.208585
507900,a/8GO8/ZUUTDICfLnP1TDAMR9AZchL9MW+VVrdWuAldBlNN1XjDnHdN4wV76ezxt,1.5216809999999998,3.9550910000000004,2.140034
508200,a/8GO8/ZUUTDICfLnP1TDAMR9AZchL9MW+VVrdWuAldBlNN1XjDnHdN4wV76ezxt,1.4632120000000002,4.3004940000000005,2.268082
508500,a/8GO8/ZUUTDICfLnP1TDAMR9AZchL9MW+VVrdWuAldBlNN1XjDnHdN4wV76ezxt,1.626185,2.769719,2.0712599999999997
508800,a/8GO8/ZUUTDICfLnP1TDAMR9AZchL9MW+VVrdWuAldBlNN1XjDnHdN4wV76ezxt,1.4330200000000002,5.573638,2.434405
509100,a/8GO8/ZUUTDICfLnP1TDAMR9AZchL9MW+VVrdWuAldBlNN1XjDnHdN4wV76ezxt,1.502534,2.492294,2.049328
509400,a/8GO8/ZUUTDICfLnP1TDAMR9AZchL9MW+VVrdWuAldBlNN1XjDnHdN4wV76ezxt,1.531564,8.565631,2.670244
509700,a/8GO8/ZUUTDICfLnP1TDAMR9AZchL9MW+VVrdWuAldBlNN1XjDnHdN4wV76ezxt,1.437198,3.9001120000000005,2.234253
510000,a/8GO8/ZUUTDICfLnP1TDAMR9AZchL9MW+VVrdWuAldBlNN1XjDnHdN4wV76ezxt,1.386426,3.734201,2.200809
510300,a/8GO8/ZUUTDICfLnP1TDAMR9AZchL9MW+VVrdWuAldBlNN1XjDnHdN4wV76ezxt,1.560702,4.852932,2.2645009999999997
510600,a/8GO8/ZUUTDICfLnP1TDAMR9AZchL9MW+VVrdWuAldBlNN1XjDnHdN4wV76ezxt,1.561908,2.783589,1.968474
510900,a/8GO8/ZUUTDICfLnP1TDAMR9AZchL9MW+VVrdWuAldBlNN1XjDnHdN4wV76ezxt,1.247968,4.613534,2.375339
511200,a/8GO8/ZUUTDICfLnP1TDAMR9AZchL9MW+VVrdWuAldBlNN1XjDnHdN4wV76ezxt,1.468086,4.246647,2.2193650000000003
511500,a/8GO8/ZUUTDICfLnP1TDAMR9AZchL9MW+VVrdWuAldBlNN1XjDnHdN4wV76ezxt,1.489776,5.040276,2.325611
511800,a/8GO8/ZUUTDICfLnP1TDAMR9AZchL9MW+VVrdWuAldBlNN1XjDnHdN4wV76ezxt,1.509323,2.707389,2.032593
512100,a/8GO8/ZUUTDICfLnP1TDAMR9AZchL9MW+VVrdWuAldBlNN1XjDnHdN4wV76ezxt,1.509463,6.439736,2.590106
512400,a/8GO8/ZUUTDICfLnP1TDAMR9AZchL9MW+VVrdWuAldBlNN1XjDnHdN4wV76ezxt,1.5308899999999999,5.768903,2.339162
512700,a/8GO8/ZUUTDICfLnP1TDAMR9AZchL9MW+VVrdWuAldBlNN1XjDnHdN4wV76ezxt,1.454125,2.790437,2.030826
513000,a/8GO8/ZUUTDICfLnP1TDAMR9AZchL9MW+VVrdWuAldBlNN1XjDnHdN4wV76ezxt,1.5801,4.877877,2.492152
513300,a/8GO8/ZUUTDICfLnP1TDAMR9AZchL9MW+VVrdWuAldBlNN1XjDnHdN4wV76ezxt,1.4859950000000002,3.892304,2.1336180000000002
513600,a/8GO8/ZUUTDICfLnP1TDAMR9AZchL9MW+VVrdWuAldBlNN1XjDnHdN4wV76ezxt,1.487732,5.231989,2.3434880000000002
513900,a/8GO8/ZUUTDICfLnP1TDAMR9AZchL9MW+VVrdWuAldBlNN1XjDnHdN4wV76ezxt,1.4294440000000002,2.61192,2.033234
514200,a/8GO8/ZUUTDICfLnP1TDAMR9AZchL9MW+VVrdWuAldBlNN1XjDnHdN4wV76ezxt,1.530007,5.45822,2.509706
514500,a/8GO8/ZUUTDICfLnP1TDAMR9AZchL9MW+VVrdWuAldBlNN1XjDnHdN4wV76ezxt,1.436564,2.9474099999999996,2.062477
514800,a/8GO8/ZUUTDICfLnP1TDAMR9AZchL9MW+VVrdWuAldBlNN1XjDnHdN4wV76ezxt,1.453135,5.782093,2.5176950000000002
515100,a/8GO8/ZUUTDICfLnP1TDAMR9AZchL9MW+VVrdWuAldBlNN1XjDnHdN4wV76ezxt,1.46307,4.788671,2.26461
515400,a/8GO8/ZUUTDICfLnP1TDAMR9AZchL9MW+VVrdWuAldBlNN1XjDnHdN4wV76ezxt,1.5137459999999998,3.364576,2.167033
515700,a/8GO8/ZUUTDICfLnP1TDAMR9AZchL9MW+VVrdWuAldBlNN1XjDnHdN4wV76ezxt,1.602068,4.862011,2.2562330000000004
516000,a/8GO8/ZUUTDICfLnP1TDAMR9AZchL9MW+VVrdWuAldBlNN1XjDnHdN4wV76ezxt,1.6775689999999999,3.9896010000000004,2.2855779999999997
516300,a/8GO8/ZUUTDICfLnP1TDAMR9AZchL9MW+VVrdWuAldBlNN1XjDnHdN4wV76ezxt,1.4788709999999998,3.11429,2.155571
516600,a/8GO8/ZUUTDICfLnP1TDAMR9AZchL9MW+VVrdWuAldBlNN1XjDnHdN4wV76ezxt,1.440597,2.6157619999999997,2.035684
516900,a/8GO8/ZUUTDICfLnP1TDAMR9AZchL9MW+VVrdWuAldBlNN1XjDnHdN4wV76ezxt,1.558727,3.4354430000000002,2.154157
517200,a/8GO8/ZUUTDICfLnP1TDAMR9AZchL9MW+VVrdWuAldBlNN1XjDnHdN4wV76ezxt,1.529065,3.228652,2.159948
517500,a/8GO8/ZUUTDICfLnP1TDAMR9AZchL9MW+VVrdWuAldBlNN1XjDnHdN4wV76ezxt,1.4460620000000002,2.8774439999999997,2.116792
517800,a/8GO8/ZUUTDICfLnP1TDAMR9AZchL9MW+VVrdWuAldBlNN1XjDnHdN4wV76ezxt,1.587543,3.8692830000000002,2.155247
518100,a/8GO8/ZUUTDICfLnP1TDAMR9AZchL9MW+VVrdWuAldBlNN1XjDnHdN4wV76ezxt,1.484034,2.903857,2.053913
518400,a/8GO8/ZUUTDICfLnP1TDAMR9AZchL9MW+VVrdWuAldBlNN1XjDnHdN4wV76ezxt,1.5149700000000001,3.672277,2.258984
518700,a/8GO8/ZUUTDICfLnP1TDAMR9AZchL9MW+VVrdWuAldBlNN1XjDnHdN4wV76ezxt,1.424053,3.7923940000000003,2.119733
519000,a/8GO8/ZUUTDICfLnP1TDAMR9AZchL9MW+VVrdWuAldBlNN1XjDnHdN4wV76ezxt,1.439008,3.046055,2.074632
519300,a/8GO8/ZUUTDICfLnP1TDAMR9AZchL9MW+VVrdWuAldBlNN1XjDnHdN4wV76ezxt,1.469614,2.581193,2.0338700000000003
519600,a/8GO8/ZUUTDICfLnP1TDAMR9AZchL9MW+VVrdWuAldBlNN1XjDnHdN4wV76ezxt,1.467878,3.876906,2.175182
519900,a/8GO8/ZUUTDICfLnP1TDAMR9AZchL9MW+VVrdWuAldBlNN1XjDnHdN4wV76ezxt,1.449476,3.867122,2.1783580000000002
520200,a/8GO8/ZUUTDICfLnP1TDAMR9AZchL9MW+VVrdWuAldBlNN1XjDnHdN4wV76ezxt,1.50004,3.833796,2.251923
520500,a/8GO8/ZUUTDICfLnP1TDAMR9AZchL9MW+VVrdWuAldBlNN1XjDnHdN4wV76ezxt,1.4943790000000001,2.556447,2.008412
520800,a/8GO8/ZUUTDICfLnP1TDAMR9AZchL9MW+VVrdWuAldBlNN1XjDnHdN4wV76ezxt,1.425122,2.71622,2.031731
521100,a/8GO8/ZUUTDICfLnP1TDAMR9AZchL9MW+VVrdWuAldBlNN1XjDnHdN4wV76ezxt,1.4527079999999999,3.264508,2.169495
521400,a/8GO8/ZUUTDICfLnP1TDAMR9AZchL9MW+VVrdWuAldBlNN1XjDnHdN4wV76ezxt,1.523161,2.615916,1.9833880000000002
521700,a/8GO8/ZUUTDICfLnP1TDAMR9AZchL9MW+VVrdWuAldBlNN1XjDnHdN4wV76ezxt,1.6389029999999998,3.695159,2.228212
522000,a/8GO8/ZUUTDICfLnP1TDAMR9AZchL9MW+VVrdWuAldBlNN1XjDnHdN4wV76ezxt,1.467716,3.169867,2.149317
522300,a/8GO8/ZUUTDICfLnP1TDAMR9AZchL9MW+VVrdWuAldBlNN1XjDnHdN4wV76ezxt,1.523842,2.9227819999999998,2.0265299999999997
522600,a/8GO8/ZUUTDICfLnP1TDAMR9AZchL9MW+VVrdWuAldBlNN1XjDnHdN4wV76ezxt,1.3801649999999999,3.6963559999999998,2.1358580000000003
522900,a/8GO8/ZUUTDICfLnP1TDAMR9AZchL9MW+VVrdWuAldBlNN1XjDnHdN4wV76ezxt,1.45821,3.4661190000000004,2.097271
523200,a/8GO8/ZUUTDICfLnP1TDAMR9AZchL9MW+VVrdWuAldBlNN1XjDnHdN4wV76ezxt,1.439503,2.984619,2.0759540000000003
523500,a/8GO8/ZUUTDICfLnP1TDAMR9AZchL9MW+VVrdWuAldBlNN1XjDnHdN4wV76ezxt,1.4461950000000001,4.443184,2.31398
523800,a/8GO8/ZUUTDICfLnP1TDAMR9AZchL9MW+VVrdWuAldBlNN1XjDnHdN4wV76ezxt,1.521102,3.407264,2.276349
524100,a/8GO8/ZUUTDICfLnP1TDAMR9AZchL9MW+VVrdWuAldBlNN1XjDnHdN4wV76ezxt,1.617269,2.606574,2.012552
524400,a/8GO8/ZUUTDICfLnP1TDAMR9AZchL9MW+VVrdWuAldBlNN1XjDnHdN4wV76ezxt,1.488534,4.066013,2.155777
524700,a/8GO8/ZUUTDICfLnP1TDAMR9AZchL9MW+VVrdWuAldBlNN1XjDnHdN4wV76ezxt,1.47161,2.598378,1.963226
525000,a/8GO8/ZUUTDICfLnP1TDAMR9AZchL9MW+VVrdWuAldBlNN1XjDnHdN4wV76ezxt,1.392701,2.59905,1.891766
525300,a/8GO8/ZUUTDICfLnP1TDAMR9AZchL9MW+VVrdWuAldBlNN1XjDnHdN4wV76ezxt,1.366758,4.450183999999999,2.147776
525600,a/8GO8/ZUUTDICfLnP1TDAMR9AZchL9MW+VVrdWuAldBlNN1XjDnHdN4wV76ezxt,0.763738,2.738477,1.974589
525900,a/8GO8/ZUUTDICfLnP1TDAMR9AZchL9MW+VVrdWuAldBlNN1XjDnHdN4wV76ezxt,0.898407,3.9608529999999997,2.0596360000000002
526200,a/8GO8/ZUUTDICfLnP1TDAMR9AZchL9MW+VVrdWuAldBlNN1XjDnHdN4wV76ezxt,1.5369629999999999,3.087122,2.046903
526500,a/8GO8/ZUUTDICfLnP1TDAMR9AZchL9MW+VVrdWuAldBlNN1XjDnHdN4wV76ezxt,1.131737,3.3004860000000003,2.128104
526800,a/8GO8/ZUUTDICfLnP1TDAMR9AZchL9MW+VVrdWuAldBlNN1XjDnHdN4wV76ezxt,1.4132790000000002,3.000213,2.031414
527100,a/8GO8/ZUUTDICfLnP1TDAMR9AZchL9MW+VVrdWuAldBlNN1XjDnHdN4wV76ezxt,0.8943409999999999,3.5610730000000004,2.13008
527400,a/8GO8/ZUUTDICfLnP1TDAMR9AZchL9MW+VVrdWuAldBlNN1XjDnHdN4wV76ezxt,1.422558,2.7704619999999998,2.015212
527700,a/8GO8/ZUUTDICfLnP1TDAMR9AZchL9MW+VVrdWuAldBlNN1XjDnHdN4wV76ezxt,0.786112,4.125579,2.042042
528000,a/8GO8/ZUUTDICfLnP1TDAMR9AZchL9MW+VVrdWuAldBlNN1XjDnHdN4wV76ezxt,1.61109,3.421988,2.191112
528300,a/8GO8/ZUUTDICfLnP1TDAMR9AZchL9MW+VVrdWuAldBlNN1XjDnHdN4wV76ezxt,1.012037,2.635105,1.8919759999999999
528600,a/8GO8/ZUUTDICfLnP1TDAMR9AZchL9MW+VVrdWuAldBlNN1XjDnHdN4wV76ezxt,1.210538,3.945699,2.1354759999999997
528900,a/8GO8/ZUUTDICfLnP1TDAMR9AZchL9MW+VVrdWuAldBlNN1XjDnHdN4wV76ezxt,1.551983,19.370071,3.574876
529200,a/8GO8/ZUUTDICfLnP1TDAMR9AZchL9MW+VVrdWuAldBlNN1XjDnHdN4wV76ezxt,1.428877,7.425619,2.923917
529500,a/8GO8/ZUUTDICfLnP1TDAMR9AZchL9MW+VVrdWuAldBlNN1XjDnHdN4wV76ezxt,1.403646,3.34516,2.159208
529800,a/8GO8/ZUUTDICfLnP1TDAMR9AZchL9MW+VVrdWuAldBlNN1XjDnHdN4wV76ezxt,1.301237,3.316587,1.999052
530100,a/8GO8/ZUUTDICfLnP1TDAMR9AZchL9MW+VVrdWuAldBlNN1XjDnHdN4wV76ezxt,1.602358,2.425928,2.014693
530400,a/8GO8/ZUUTDICfLnP1TDAMR9AZchL9MW+VVrdWuAldBlNN1XjDnHdN4wV76ezxt,1.428899,14.004629999999999,2.843253
530700,a/8GO8/ZUUTDICfLnP1TDAMR9AZchL9MW+VVrdWuAldBlNN1XjDnHdN4wV76ezxt,1.496118,3.2734099999999997,2.1700060000000003
531000,a/8GO8/ZUUTDICfLnP1TDAMR9AZchL9MW+VVrdWuAldBlNN1XjDnHdN4wV76ezxt,1.406717,2.6435419999999996,1.9477799999999998
531300,a/8GO8/ZUUTDICfLnP1TDAMR9AZchL9MW+VVrdWuAldBlNN1XjDnHdN4wV76ezxt,1.1535879999999998,2.997463,1.998666
531600,a/8GO8/ZUUTDICfLnP1TDAMR9AZchL9MW+VVrdWuAldBlNN1XjDnHdN4wV76ezxt,1.361486,3.06575,2.038477
531900,a/8GO8/ZUUTDICfLnP1TDAMR9AZchL9MW+VVrdWuAldBlNN1XjDnHdN4wV76ezxt,1.640538,10.757278,2.954648
532200,a/8GO8/ZUUTDICfLnP1TDAMR9AZchL9MW+VVrdWuAldBlNN1XjDnHdN4wV76ezxt,1.43408,2.666747,2.017704
532500,a/8GO8/ZUUTDICfLnP1TDAMR9AZchL9MW+VVrdWuAldBlNN1XjDnHdN4wV76ezxt,1.456707,3.858628,2.249258
532800,a/8GO8/ZUUTDICfLnP1TDAMR9AZchL9MW+VVrdWuAldBlNN1XjDnHdN4wV76ezxt,1.3693,2.515215,2.020022
533100,a/8GO8/ZUUTDICfLnP1TDAMR9AZchL9MW+VVrdWuAldBlNN1XjDnHdN4wV76ezxt,1.202649,3.4549480000000004,2.1602330000000003
533400,a/8GO8/ZUUTDICfLnP1TDAMR9AZchL9MW+VVrdWuAldBlNN1XjDnHdN4wV76ezxt,1.561421,3.538896,2.168206
533700,a/8GO8/ZUUTDICfLnP1TDAMR9AZchL9MW+VVrdWuAldBlNN1XjDnHdN4wV76ezxt,1.4677879999999999,11.751862,2.862332
534000,a/8GO8/ZUUTDICfLnP1TDAMR9AZchL9MW+VVrdWuAldBlNN1XjDnHdN4wV76ezxt,1.101664,3.7661050000000005,2.291906
534300,a/8GO8/ZUUTDICfLnP1TDAMR9AZchL9MW+VVrdWuAldBlNN1XjDnHdN4wV76ezxt,1.468538,3.0840810000000003,2.0587419999999996
534600,a/8GO8/ZUUTDICfLnP1TDAMR9AZchL9MW+VVrdWuAldBlNN1XjDnHdN4wV76ezxt,0.8854059999999999,2.878403,1.860552
534900,a/8GO8/ZUUTDICfLnP1TDAMR9AZchL9MW+VVrdWuAldBlNN1XjDnHdN4wV76ezxt,1.414464,3.995191,2.198772
535200,a/8GO8/ZUUTDICfLnP1TDAMR9AZchL9MW+VVrdWuAldBlNN1XjDnHdN4wV76ezxt,0.716274,3.7374120000000004,2.1110700000000002
535500,a/8GO8/ZUUTDICfLnP1TDAMR9AZchL9MW+VVrdWuAldBlNN1XjDnHdN4wV76ezxt,1.4232209999999998,2.793211,2.030943
535800,a/8GO8/ZUUTDICfLnP1TDAMR9AZchL9MW+VVrdWuAldBlNN1XjDnHdN4wV76ezxt,0.649781,2.5538119999999997,1.954205
536100,a/8GO8/ZUUTDICfLnP1TDAMR9AZchL9MW+VVrdWuAldBlNN1XjDnHdN4wV76ezxt,1.304475,3.648861,2.179349
536400,a/8GO8/ZUUTDICfLnP1TDAMR9AZchL9MW+VVrdWuAldBlNN1XjDnHdN4wV76ezxt,1.399615,11.584881,3.006335
536700,a/8GO8/ZUUTDICfLnP1TDAMR9AZchL9MW+VVrdWuAldBlNN1XjDnHdN4wV76ezxt,0.659644,3.7492080000000003,2.095395
537000,a/8GO8/ZUUTDICfLnP1TDAMR9AZchL9MW+VVrdWuAldBlNN1XjDnHdN4wV76ezxt,1.4368,2.842304,2.056259
537300,a/8GO8/ZUUTDICfLnP1TDAMR9AZchL9MW+VVrdWuAldBlNN1XjDnHdN4wV76ezxt,0.7337060000000001,2.642099,1.880312
537600,a/8GO8/ZUUTDICfLnP1TDAMR9AZchL9MW+VVrdWuAldBlNN1XjDnHdN4wV76ezxt,1.52594,3.218811,2.1994119999999997
537900,a/8GO8/ZUUTDICfLnP1TDAMR9AZchL9MW+VVrdWuAldBlNN1XjDnHdN4wV76ezxt,1.009448,3.591844,2.143495
538200,a/8GO8/ZUUTDICfLnP1TDAMR9AZchL9MW+VVrdWuAldBlNN1XjDnHdN4wV76ezxt,1.418563,8.061731,2.602563
538500,a/8GO8/ZUUTDICfLnP1TDAMR9AZchL9MW+VVrdWuAldBlNN1XjDnHdN4wV76ezxt,0.9564600000000001,2.8574740000000003,2.008197
538800,a/8GO8/ZUUTDICfLnP1TDAMR9AZchL9MW+VVrdWuAldBlNN1XjDnHdN4wV76ezxt,1.362783,2.758041,2.0550900000000003
539100,a/8GO8/ZUUTDICfLnP1TDAMR9AZchL9MW+VVrdWuAldBlNN1XjDnHdN4wV76ezxt,1.362981,11.062084,2.858953
539400,a/8GO8/ZUUTDICfLnP1TDAMR9AZchL9MW+VVrdWuAldBlNN1XjDnHdN4wV76ezxt,1.342449,3.4428940000000003,2.139735
539700,a/8GO8/ZUUTDICfLnP1TDAMR9AZchL9MW+VVrdWuAldBlNN1XjDnHdN4wV76ezxt,1.478352,3.858374,2.178805
540000,a/8GO8/ZUUTDICfLnP1TDAMR9AZchL9MW+VVrdWuAldBlNN1XjDnHdN4wV76ezxt,1.383257,2.916219,1.962977
540300,a/8GO8/ZUUTDICfLnP1TDAMR9AZchL9MW+VVrdWuAldBlNN1XjDnHdN4wV76ezxt,1.420712,3.6132980000000003,2.173441
540600,a/8GO8/ZUUTDICfLnP1TDAMR9AZchL9MW+VVrdWuAldBlNN1XjDnHdN4wV76ezxt,0.7455510000000001,2.627077,2.026795
540900,a/8GO8/ZUUTDICfLnP1TDAMR9AZchL9MW+VVrdWuAldBlNN1XjDnHdN4wV76ezxt,1.3998680000000001,4.091636,2.102305
541200,a/8GO8/ZUUTDICfLnP1TDAMR9AZchL9MW+VVrdWuAldBlNN1XjDnHdN4wV76ezxt,0.749449,3.86784,2.073627
541500,a/8GO8/ZUUTDICfLnP1TDAMR9AZchL9MW+VVrdWuAldBlNN1XjDnHdN4wV76ezxt,1.414433,2.594434,2.011925
541800,a/8GO8/ZUUTDICfLnP1TDAMR9AZchL9MW+VVrdWuAldBlNN1XjDnHdN4wV76ezxt,1.3959709999999999,10.675211000000001,2.784456
542100,a/8GO8/ZUUTDICfLnP1TDAMR9AZchL9MW+VVrdWuAldBlNN1XjDnHdN4wV76ezxt,1.498553,3.2592209999999997,2.187279
542400,a/8GO8/ZUUTDICfLnP1TDAMR9AZchL9MW+VVrdWuAldBlNN1XjDnHdN4wV76ezxt,1.455191,3.3063239999999996,2.158424
542700,a/8GO8/ZUUTDICfLnP1TDAMR9AZchL9MW+VVrdWuAldBlNN1XjDnHdN4wV76ezxt,0.571023,3.788363,2.023434
543000,a/8GO8/ZUUTDICfLnP1TDAMR9AZchL9MW+VVrdWuAldBlNN1XjDnHdN4wV76ezxt,1.3874799999999998,2.80547,2.0104319999999998
543300,a/8GO8/ZUUTDICfLnP1TDAMR9AZchL9MW+VVrdWuAldBlNN1XjDnHdN4wV76ezxt,0.587259,2.394988,1.918221
543600,a/8GO8/ZUUTDICfLnP1TDAMR9AZchL9MW+VVrdWuAldBlNN1XjDnHdN4wV76ezxt,1.443347,3.6535279999999997,2.270216
543900,a/8GO8/ZUUTDICfLnP1TDAMR9AZchL9MW+VVrdWuAldBlNN1XjDnHdN4wV76ezxt,1.182126,2.7843970000000002,1.988402
544200,a/8GO8/ZUUTDICfLnP1TDAMR9AZchL9MW+VVrdWuAldBlNN1XjDnHdN4wV76ezxt,1.379702,2.657049,2.02075
544500,a/8GO8/ZUUTDICfLnP1TDAMR9AZchL9MW+VVrdWuAldBlNN1XjDnHdN4wV76ezxt,1.318178,12.82882,2.8656
544800,a/8GO8/ZUUTDICfLnP1TDAMR9AZchL9MW+VVrdWuAldBlNN1XjDnHdN4wV76ezxt,0.5857479999999999,4.22422,2.062266
545100,a/8GO8/ZUUTDICfLnP1TDAMR9AZchL9MW+VVrdWuAldBlNN1XjDnHdN4wV76ezxt,1.533303,4.144026,2.189984
545400,a/8GO8/ZUUTDICfLnP1TDAMR9AZchL9MW+VVrdWuAldBlNN1XjDnHdN4wV76ezxt,0.7201489999999999,2.587643,1.854555
545700,a/8GO8/ZUUTDICfLnP1TDAMR9AZchL9MW+VVrdWuAldBlNN1XjDnHdN4wV76ezxt,1.5131379999999999,4.318324,2.288016
546000,a/8GO8/ZUUTDICfLnP1TDAMR9AZchL9MW+VVrdWuAldBlNN1XjDnHdN4wV76ezxt,0.6083569999999999,2.579972,1.9609869999999998
546300,a/8GO8/ZUUTDICfLnP1TDAMR9AZchL9MW+VVrdWuAldBlNN1XjDnHdN4wV76ezxt,1.560706,3.7992480000000004,2.1522759999999996
546600,a/8GO8/ZUUTDICfLnP1TDAMR9AZchL9MW+VVrdWuAldBlNN1XjDnHdN4wV76ezxt,0.645425,2.842241,1.9364919999999999
546900,a/8GO8/ZUUTDICfLnP1TDAMR9AZchL9MW+VVrdWuAldBlNN1XjDnHdN4wV76ezxt,1.414765,4.008749,2.1598349999999997
547200,a/8GO8/ZUUTDICfLnP1TDAMR9AZchL9MW+VVrdWuAldBlNN1XjDnHdN4wV76ezxt,1.476285,10.632619,2.942986
547500,a/8GO8/ZUUTDICfLnP1TDAMR9AZchL9MW+VVrdWuAldBlNN1XjDnHdN4wV76ezxt,1.5018040000000001,2.9071569999999998,2.0403849999999997
547800,a/8GO8/ZUUTDICfLnP1TDAMR9AZchL9MW+VVrdWuAldBlNN1XjDnHdN4wV76ezxt,1.515544,2.762325,2.030268
548100,a/8GO8/ZUUTDICfLnP1TDAMR9AZchL9MW+VVrdWuAldBlNN1XjDnHdN4wV76ezxt,1.035215,3.6561480000000004,2.070521
548400,a/8GO8/ZUUTDICfLnP1TDAMR9AZchL9MW+VVrdWuAldBlNN1XjDnHdN4wV76ezxt,1.322902,2.831125,2.051239
548700,a/8GO8/ZUUTDICfLnP1TDAMR9AZchL9MW+VVrdWuAldBlNN1XjDnHdN4wV76ezxt,0.751562,3.8253209999999997,2.173578
549000,a/8GO8/ZUUTDICfLnP1TDAMR9AZchL9MW+VVrdWuAldBlNN1XjDnHdN4wV76ezxt,1.461172,3.550307,2.147253
549300,a/8GO8/ZUUTDICfLnP1TDAMR9AZchL9MW+VVrdWuAldBlNN1XjDnHdN4wV76ezxt,0.509976,3.894114,2.060652
549600,a/8GO8/ZUUTDICfLnP1TDAMR9AZchL9MW+VVrdWuAldBlNN1XjDnHdN4wV76ezxt,1.362515,2.695765,2.005856
549900,a/8GO8/ZUUTDICfLnP1TDAMR9AZchL9MW+VVrdWuAldBlNN1XjDnHdN4wV76ezxt,1.45069,11.761992999999999,2.8568119999999997
550200,a/8GO8/ZUUTDICfLnP1TDAMR9AZchL9MW+VVrdWuAldBlNN1XjDnHdN4wV76ezxt,0.9333040000000001,3.41675,2.125925
550500,a/8GO8/ZUUTDICfLnP1TDAMR9AZchL9MW+VVrdWuAldBlNN1XjDnHdN4wV76ezxt,1.414493,2.7910220000000003,2.029077
550800,a/8GO8/ZUUTDICfLnP1TDAMR9AZchL9MW+VVrdWuAldBlNN1XjDnHdN4wV76ezxt,0.894323,3.573336,2.085977
551100,a/8GO8/ZUUTDICfLnP1TDAMR9AZchL9MW+VVrdWuAldBlNN1XjDnHdN4wV76ezxt,1.332829,3.407018,2.168932
551400,a/8GO8/ZUUTDICfLnP1TDAMR9AZchL9MW+VVrdWuAldBlNN1XjDnHdN4wV76ezxt,1.3241129999999999,6.138972,2.616305
551700,a/8GO8/ZUUTDICfLnP1TDAMR9AZchL9MW+VVrdWuAldBlNN1XjDnHdN4wV76ezxt,1.373765,7.9807809999999995,2.427502
552000,a/8GO8/ZUUTDICfLnP1TDAMR9AZchL9MW+VVrdWuAldBlNN1XjDnHdN4wV76ezxt,1.33049,2.7743599999999997,2.04495
552300,a/8GO8/ZUUTDICfLnP1TDAMR9AZchL9MW+VVrdWuAldBlNN1XjDnHdN4wV76ezxt,1.474285,2.671814,2.065624
552600,a/8GO8/ZUUTDICfLnP1TDAMR9AZchL9MW+VVrdWuAldBlNN1XjDnHdN4wV76ezxt,1.4461190000000002,10.713295,3.060111
552900,a/8GO8/ZUUTDICfLnP1TDAMR9AZchL9MW+VVrdWuAldBlNN1XjDnHdN4wV76ezxt,1.3582290000000001,3.454073,2.1504939999999997
553200,a/8GO8/ZUUTDICfLnP1TDAMR9AZchL9MW+VVrdWuAldBlNN1XjDnHdN4wV76ezxt,1.38067,2.454399,1.982602
553500,a/8GO8/ZUUTDICfLnP1TDAMR9AZchL9MW+VVrdWuAldBlNN1XjDnHdN4wV76ezxt,1.512946,2.644524,2.014112
553800,a/8GO8/ZUUTDICfLnP1TDAMR9AZchL9MW+VVrdWuAldBlNN1XjDnHdN4wV76ezxt,1.383227,3.610403,2.186224
554100,a/8GO8/ZUUTDICfLnP1TDAMR9AZchL9MW+VVrdWuAldBlNN1XjDnHdN4wV76ezxt,0.67483,3.2818519999999998,2.055787
554400,a/8GO8/ZUUTDICfLnP1TDAMR9AZchL9MW+VVrdWuAldBlNN1XjDnHdN4wV76ezxt,1.321288,2.8848279999999997,2.053371
554700,a/8GO8/ZUUTDICfLnP1TDAMR9AZchL9MW+VVrdWuAldBlNN1XjDnHdN4wV76ezxt,0.522462,3.3256669999999997,1.979091
555000,a/8GO8/ZUUTDICfLnP1TDAMR9AZchL9MW+VVrdWuAldBlNN1XjDnHdN4wV76ezxt,1.304348,3.915974,2.121913
555300,a/8GO8/ZUUTDICfLnP1TDAMR9AZchL9MW+VVrdWuAldBlNN1XjDnHdN4wV76ezxt,1.237701,12.244742,2.987727
555600,a/8GO8/ZUUTDICfLnP1TDAMR9AZchL9MW+VVrdWuAldBlNN1XjDnHdN4wV76ezxt,1.04643,3.589007,2.313126
555900,a/8GO8/ZUUTDICfLnP1TDAMR9AZchL9MW+VVrdWuAldBlNN1XjDnHdN4wV76ezxt,1.4208450000000001,2.964874,2.044841
556200,a/8GO8/ZUUTDICfLnP1TDAMR9AZchL9MW+VVrdWuAldBlNN1XjDnHdN4wV76ezxt,0.996143,3.9136910000000005,2.097284
556500,a/8GO8/ZUUTDICfLnP1TDAMR9AZchL9MW+VVrdWuAldBlNN1XjDnHdN4wV76ezxt,1.409397,3.3556480000000004,2.043109
556800,a/8GO8/ZUUTDICfLnP1TDAMR9AZchL9MW+VVrdWuAldBlNN1XjDnHdN4wV76ezxt,1.085075,2.547604,1.926869
557100,a/8GO8/ZUUTDICfLnP1TDAMR9AZchL9MW+VVrdWuAldBlNN1XjDnHdN4wV76ezxt,1.4603389999999998,2.813758,2.045766
557400,a/8GO8/ZUUTDICfLnP1TDAMR9AZchL9MW+VVrdWuAldBlNN1XjDnHdN4wV76ezxt,1.0182639999999998,4.6280790000000005,2.1301799999999997
557700,a/8GO8/ZUUTDICfLnP1TDAMR9AZchL9MW+VVrdWuAldBlNN1XjDnHdN4wV76ezxt,1.378483,3.5172830000000004,2.099887
558000,a/8GO8/ZUUTDICfLnP1TDAMR9AZchL9MW+VVrdWuAldBlNN1XjDnHdN4wV76ezxt,1.420282,9.873075,2.729357
558300,a/8GO8/ZUUTDICfLnP1TDAMR9AZchL9MW+VVrdWuAldBlNN1XjDnHdN4wV76ezxt,0.976672,3.1793139999999998,1.9613470000000002
558600,a/8GO8/ZUUTDICfLnP1TDAMR9AZchL9MW+VVrdWuAldBlNN1XjDnHdN4wV76ezxt,1.401641,4.252267,2.297252
558900,a/8GO8/ZUUTDICfLnP1TDAMR9AZchL9MW+VVrdWuAldBlNN1XjDnHdN4wV76ezxt,1.383843,2.918809,2.01057
559200,a/8GO8/ZUUTDICfLnP1TDAMR9AZchL9MW+VVrdWuAldBlNN1XjDnHdN4wV76ezxt,1.470924,4.006704,2.18602
559500,a/8GO8/ZUUTDICfLnP1TDAMR9AZchL9MW+VVrdWuAldBlNN1XjDnHdN4wV76ezxt,1.3645450000000001,4.051951,2.296755
559800,a/8GO8/ZUUTDICfLnP1TDAMR9AZchL9MW+VVrdWuAldBlNN1XjDnHdN4wV76ezxt,1.358104,2.735919,2.026313
560100,a/8GO8/ZUUTDICfLnP1TDAMR9AZchL9MW+VVrdWuAldBlNN1XjDnHdN4wV76ezxt,0.632374,3.506045,2.086023
560400,a/8GO8/ZUUTDICfLnP1TDAMR9AZchL9MW+VVrdWuAldBlNN1XjDnHdN4wV76ezxt,1.44349,2.7133279999999997,1.977037
560700,a/8GO8/ZUUTDICfLnP1TDAMR9AZchL9MW+VVrdWuAldBlNN1XjDnHdN4wV76ezxt,1.2498200000000002,11.253491,2.987366
561000,a/8GO8/ZUUTDICfLnP1TDAMR9AZchL9MW+VVrdWuAldBlNN1XjDnHdN4wV76ezxt,1.232912,2.827393,1.97485
561300,a/8GO8/ZUUTDICfLnP1TDAMR9AZchL9MW+VVrdWuAldBlNN1XjDnHdN4wV76ezxt,1.497277,2.682754,2.0051509999999997
561600,a/8GO8/ZUUTDICfLnP1TDAMR9AZchL9MW+VVrdWuAldBlNN1XjDnHdN4wV76ezxt,0.604679,3.9096849999999996,2.062121
561900,a/8GO8/ZUUTDICfLnP1TDAMR9AZchL9MW+VVrdWuAldBlNN1XjDnHdN4wV76ezxt,1.483088,2.8535459999999997,2.042289
562200,a/8GO8/ZUUTDICfLnP1TDAMR9AZchL9MW+VVrdWuAldBlNN1XjDnHdN4wV76ezxt,1.007396,4.289314,2.054103
562500,a/8GO8/ZUUTDICfLnP1TDAMR9AZchL9MW+VVrdWuAldBlNN1XjDnHdN4wV76ezxt,1.440977,2.645438,2.033125
562800,a/8GO8/ZUUTDICfLnP1TDAMR9AZchL9MW+VVrdWuAldBlNN1XjDnHdN4wV76ezxt,0.68457,4.827148,2.169333
563100,a/8GO8/ZUUTDICfLnP1TDAMR9AZchL9MW+VVrdWuAldBlNN1XjDnHdN4wV76ezxt,1.4181700000000002,3.697337,2.117963
563400,a/8GO8/ZUUTDICfLnP1TDAMR9AZchL9MW+VVrdWuAldBlNN1XjDnHdN4wV76ezxt,1.342092,11.332511,2.896357
563700,a/8GO8/ZUUTDICfLnP1TDAMR9AZchL9MW+VVrdWuAldBlNN1XjDnHdN4wV76ezxt,1.496138,3.8136080000000003,2.1728
564000,a/8GO8/ZUUTDICfLnP1TDAMR9AZchL9MW+VVrdWuAldBlNN1XjDnHdN4wV76ezxt,1.487616,3.928246,2.165829
564300,a/8GO8/ZUUTDICfLnP1TDAMR9AZchL9MW+VVrdWuAldBlNN1XjDnHdN4wV76ezxt,1.468903,3.338522,2.113509
564600,a/8GO8/ZUUTDICfLnP1TDAMR9AZchL9MW+VVrdWuAldBlNN1XjDnHdN4wV76ezxt,1.514205,2.788042,2.019143
564900,a/8GO8/ZUUTDICfLnP1TDAMR9AZchL9MW+VVrdWuAldBlNN1XjDnHdN4wV76ezxt,1.325066,2.442533,1.9293099999999999
565200,a/8GO8/ZUUTDICfLnP1TDAMR9AZchL9MW+VVrdWuAldBlNN1XjDnHdN4wV76ezxt,1.5185540000000002,3.263317,2.180768
565500,a/8GO8/ZUUTDICfLnP1TDAMR9AZchL9MW+VVrdWuAldBlNN1XjDnHdN4wV76ezxt,0.574913,2.689143,1.9776169999999997
565800,a/8GO8/ZUUTDICfLnP1TDAMR9AZchL9MW+VVrdWuAldBlNN1XjDnHdN4wV76ezxt,1.5655860000000001,3.931549,2.092436
566100,a/8GO8/ZUUTDICfLnP1TDAMR9AZchL9MW+VVrdWuAldBlNN1XjDnHdN4wV76ezxt,1.370306,10.635082,2.85091
566400,a/8GO8/ZUUTDICfLnP1TDAMR9AZchL9MW+VVrdWuAldBlNN1XjDnHdN4wV76ezxt,1.497973,3.287374,2.1753259999999996
566700,a/8GO8/ZUUTDICfLnP1TDAMR9AZchL9MW+VVrdWuAldBlNN1XjDnHdN4wV76ezxt,1.338163,3.603789,2.166257
567000,a/8GO8/ZUUTDICfLnP1TDAMR9AZchL9MW+VVrdWuAldBlNN1XjDnHdN4wV76ezxt,1.354359,9.124108999999999,2.997616
567300,a/8GO8/ZUUTDICfLnP1TDAMR9AZchL9MW+VVrdWuAldBlNN1XjDnHdN4wV76ezxt,1.555558,2.777899,2.161047
567600,a/8GO8/ZUUTDICfLnP1TDAMR9AZchL9MW+VVrdWuAldBlNN1XjDnHdN4wV76ezxt,0.798397,2.758427,1.909384
567900,a/8GO8/ZUUTDICfLnP1TDAMR9AZchL9MW+VVrdWuAldBlNN1XjDnHdN4wV76ezxt,1.373825,3.9660800000000003,2.1877459999999997
568200,a/8GO8/ZUUTDICfLnP1TDAMR9AZchL9MW+VVrdWuAldBlNN1XjDnHdN4wV76ezxt,1.45505,7.935275999999999,2.612104
568500,a/8GO8/ZUUTDICfLnP1TDAMR9AZchL9MW+VVrdWuAldBlNN1XjDnHdN4wV76ezxt,1.4210260000000001,2.606411,1.97186
568800,a/8GO8/ZUUTDICfLnP1TDAMR9AZchL9MW+VVrdWuAldBlNN1XjDnHdN4wV76ezxt,1.300589,11.488562,2.949278
569100,a/8GO8/ZUUTDICfLnP1TDAMR9AZchL9MW+VVrdWuAldBlNN1XjDnHdN4wV76ezxt,0.718105,3.330973,2.064179
569400,a/8GO8/ZUUTDICfLnP1TDAMR9AZchL9MW+VVrdWuAldBlNN1XjDnHdN4wV76ezxt,1.315601,2.653654,2.000982
569700,a/8GO8/ZUUTDICfLnP1TDAMR9AZchL9MW+VVrdWuAldBlNN1XjDnHdN4wV76ezxt,1.143083,2.462732,1.917577
570000,a/8GO8/ZUUTDICfLnP1TDAMR9AZchL9MW+VVrdWuAldBlNN1XjDnHdN4wV76ezxt,1.450999,3.7961080000000003,2.165209
570300,a/8GO8/ZUUTDICfLnP1TDAMR9AZchL9MW+VVrdWuAldBlNN1XjDnHdN4wV76ezxt,1.356714,3.353618,2.0369759999999997
570600,a/8GO8/ZUUTDICfLnP1TDAMR9AZchL9MW+VVrdWuAldBlNN1XjDnHdN4wV76ezxt,1.4505860000000002,2.8942930000000002,2.05179
570900,a/8GO8/ZUUTDICfLnP1TDAMR9AZchL9MW+VVrdWuAldBlNN1XjDnHdN4wV76ezxt,0.7245729999999999,2.598789,1.9779849999999999
571200,a/8GO8/ZUUTDICfLnP1TDAMR9AZchL9MW+VVrdWuAldBlNN1XjDnHdN4wV76ezxt,1.364316,5.150815000000001,2.226994
571500,a/8GO8/ZUUTDICfLnP1TDAMR9AZchL9MW+VVrdWuAldBlNN1XjDnHdN4wV76ezxt,1.332563,25.133841,4.7100800000000005
571800,a/8GO8/ZUUTDICfLnP1TDAMR9AZchL9MW+VVrdWuAldBlNN1XjDnHdN4wV76ezxt,0.9103899999999999,2.580657,1.9397650000000002
572100,a/8GO8/ZUUTDICfLnP1TDAMR9AZchL9MW+VVrdWuAldBlNN1XjDnHdN4wV76ezxt,1.457109,2.633772,2.042648
572400,a/8GO8/ZUUTDICfLnP1TDAMR9AZchL9MW+VVrdWuAldBlNN1XjDnHdN4wV76ezxt,0.8291040000000001,7.13765,2.380286
572700,a/8GO8/ZUUTDICfLnP1TDAMR9AZchL9MW+VVrdWuAldBlNN1XjDnHdN4wV76ezxt,1.678827,3.635041,2.316877
573000,a/8GO8/ZUUTDICfLnP1TDAMR9AZchL9MW+VVrdWuAldBlNN1XjDnHdN4wV76ezxt,1.359615,10.486386999999999,2.822308
573300,a/8GO8/ZUUTDICfLnP1TDAMR9AZchL9MW+VVrdWuAldBlNN1XjDnHdN4wV76ezxt,1.350282,2.6384529999999997,2.013661
573600,a/8GO8/ZUUTDICfLnP1TDAMR9AZchL9MW+VVrdWuAldBlNN1XjDnHdN4wV76ezxt,0.753305,3.14882,2.097173
573900,a/8GO8/ZUUTDICfLnP1TDAMR9AZchL9MW+VVrdWuAldBlNN1XjDnHdN4wV76ezxt,1.439016,2.934148,2.027471
574200,a/8GO8/ZUUTDICfLnP1TDAMR9AZchL9MW+VVrdWuAldBlNN1XjDnHdN4wV76ezxt,0.8571489999999999,2.759575,1.877486
574500,a/8GO8/ZUUTDICfLnP1TDAMR9AZchL9MW+VVrdWuAldBlNN1XjDnHdN4wV76ezxt,1.420017,3.4978339999999997,2.117819
574800,a/8GO8/ZUUTDICfLnP1TDAMR9AZchL9MW+VVrdWuAldBlNN1XjDnHdN4wV76ezxt,1.05905,3.494789,2.091497
575100,a/8GO8/ZUUTDICfLnP1TDAMR9AZchL9MW+VVrdWuAldBlNN1XjDnHdN4wV76ezxt,0.637179,2.662468,1.9276529999999998
575400,a/8GO8/ZUUTDICfLnP1TDAMR9AZchL9MW+VVrdWuAldBlNN1XjDnHdN4wV76ezxt,1.542628,3.4666339999999995,2.163509
575700,a/8GO8/ZUUTDICfLnP1TDAMR9AZchL9MW+VVrdWuAldBlNN1XjDnHdN4wV76ezxt,1.504169,25.815820000000002,3.9516690000000003
576000,a/8GO8/ZUUTDICfLnP1TDAMR9AZchL9MW+VVrdWuAldBlNN1XjDnHdN4wV76ezxt,1.347077,2.9173970000000002,2.043993
576300,a/8GO8/ZUUTDICfLnP1TDAMR9AZchL9MW+VVrdWuAldBlNN1XjDnHdN4wV76ezxt,1.424035,3.127287,2.041173
576600,a/8GO8/ZUUTDICfLnP1TDAMR9AZchL9MW+VVrdWuAldBlNN1XjDnHdN4wV76ezxt,1.433417,3.921493,2.2976
576900,a/8GO8/ZUUTDICfLnP1TDAMR9AZchL9MW+VVrdWuAldBlNN1XjDnHdN4wV76ezxt,1.4313420000000001,2.924429,2.02955
577200,a/8GO8/ZUUTDICfLnP1TDAMR9AZchL9MW+VVrdWuAldBlNN1XjDnHdN4wV76ezxt,1.603356,3.7361370000000003,2.1288110000000002
577500,a/8GO8/ZUUTDICfLnP1TDAMR9AZchL9MW+VVrdWuAldBlNN1XjDnHdN4wV76ezxt,1.2576100000000001,2.399043,1.895084
577800,a/8GO8/ZUUTDICfLnP1TDAMR9AZchL9MW+VVrdWuAldBlNN1XjDnHdN4wV76ezxt,0.791834,3.8863980000000002,2.124125
578100,a/8GO8/ZUUTDICfLnP1TDAMR9AZchL9MW+VVrdWuAldBlNN1XjDnHdN4wV76ezxt,1.536934,2.653828,1.9927869999999999
578400,a/8GO8/ZUUTDICfLnP1TDAMR9AZchL9MW+VVrdWuAldBlNN1XjDnHdN4wV76ezxt,1.4035,10.659216,2.743141
578700,a/8GO8/ZUUTDICfLnP1TDAMR9AZchL9MW+VVrdWuAldBlNN1XjDnHdN4wV76ezxt,1.262485,3.919575,2.1776880000000003
579000,a/8GO8/ZUUTDICfLnP1TDAMR9AZchL9MW+VVrdWuAldBlNN1XjDnHdN4wV76ezxt,1.620269,2.721605,2.0796580000000002
579300,a/8GO8/ZUUTDICfLnP1TDAMR9AZchL9MW+VVrdWuAldBlNN1XjDnHdN4wV76ezxt,1.247594,4.07107,2.1568560000000003
579600,a/8GO8/ZUUTDICfLnP1TDAMR9AZchL9MW+VVrdWuAldBlNN1XjDnHdN4wV76ezxt,1.0936549999999998,3.470254,2.173079
579900,a/8GO8/ZUUTDICfLnP1TDAMR9AZchL9MW+VVrdWuAldBlNN1XjDnHdN4wV76ezxt,1.294022,2.891553,1.993064
580200,a/8GO8/ZUUTDICfLnP1TDAMR9AZchL9MW+VVrdWuAldBlNN1XjDnHdN4wV76ezxt,1.076591,2.569393,1.9001419999999998
580500,a/8GO8/ZUUTDICfLnP1TDAMR9AZchL9MW+VVrdWuAldBlNN1XjDnHdN4wV76ezxt,1.304467,3.855083,2.133126
580800,a/8GO8/ZUUTDICfLnP1TDAMR9AZchL9MW+VVrdWuAldBlNN1XjDnHdN4wV76ezxt,1.392471,2.782326,2.0009080000000004
581100,a/8GO8/ZUUTDICfLnP1TDAMR9AZchL9MW+VVrdWuAldBlNN1XjDnHdN4wV76ezxt,1.2564620000000002,12.698597,3.058544
581400,a/8GO8/ZUUTDICfLnP1TDAMR9AZchL9MW+VVrdWuAldBlNN1XjDnHdN4wV76ezxt,1.319492,3.220277,2.0306580000000003
581700,a/8GO8/ZUUTDICfLnP1TDAMR9AZchL9MW+VVrdWuAldBlNN1XjDnHdN4wV76ezxt,1.0534219999999999,2.478008,1.925693
582000,a/8GO8/ZUUTDICfLnP1TDAMR9AZchL9MW+VVrdWuAldBlNN1XjDnHdN4wV76ezxt,1.2843870000000002,2.644313,2.007792
582300,a/8GO8/ZUUTDICfLnP1TDAMR9AZchL9MW+VVrdWuAldBlNN1XjDnHdN4wV76ezxt,1.236278,3.5229209999999997,2.048463
582600,a/8GO8/ZUUTDICfLnP1TDAMR9AZchL9MW+VVrdWuAldBlNN1XjDnHdN4wV76ezxt,1.378139,2.623576,1.9572919999999998
582900,a/8GO8/ZUUTDICfLnP1TDAMR9AZchL9MW+VVrdWuAldBlNN1XjDnHdN4wV76ezxt,1.369882,2.6846509999999997,1.9437380000000002
583200,a/8GO8/ZUUTDICfLnP1TDAMR9AZchL9MW+VVrdWuAldBlNN1XjDnHdN4wV76ezxt,0.8101729999999999,4.306463,2.071373
583500,a/8GO8/ZUUTDICfLnP1TDAMR9AZchL9MW+VVrdWuAldBlNN1XjDnHdN4wV76ezxt,1.4000270000000001,2.456256,1.98705
583800,a/8GO8/ZUUTDICfLnP1TDAMR9AZchL9MW+VVrdWuAldBlNN1XjDnHdN4wV76ezxt,1.335718,7.536911,2.760368
584100,a/8GO8/ZUUTDICfLnP1TDAMR9AZchL9MW+VVrdWuAldBlNN1XjDnHdN4wV76ezxt,1.335438,3.3304839999999998,2.0318099999999997
584400,a/8GO8/ZUUTDICfLnP1TDAMR9AZchL9MW+VVrdWuAldBlNN1XjDnHdN4wV76ezxt,0.70992,3.3185480000000003,1.9970430000000001
584700,a/8GO8/ZUUTDICfLnP1TDAMR9AZchL9MW+VVrdWuAldBlNN1XjDnHdN4wV76ezxt,1.457143,3.007143,2.027859
585000,a/8GO8/ZUUTDICfLnP1TDAMR9AZchL9MW+VVrdWuAldBlNN1XjDnHdN4wV76ezxt,0.712875,3.8722870000000005,2.034968
585300,a/8GO8/ZUUTDICfLnP1TDAMR9AZchL9MW+VVrdWuAldBlNN1XjDnHdN4wV76ezxt,1.375148,2.739786,1.9658240000000002
585600,a/8GO8/ZUUTDICfLnP1TDAMR9AZchL9MW+VVrdWuAldBlNN1XjDnHdN4wV76ezxt,0.7646069999999999,2.828928,1.8773959999999998
585900,a/8GO8/ZUUTDICfLnP1TDAMR9AZchL9MW+VVrdWuAldBlNN1XjDnHdN4wV76ezxt,0.66219,3.871771,2.188894
586200,a/8GO8/ZUUTDICfLnP1TDAMR9AZchL9MW+VVrdWuAldBlNN1XjDnHdN4wV76ezxt,1.3455840000000001,2.669812,1.973444
586500,a/8GO8/ZUUTDICfLnP1TDAMR9AZchL9MW+VVrdWuAldBlNN1XjDnHdN4wV76ezxt,0.730574,3.497696,2.013609
586800,a/8GO8/ZUUTDICfLnP1TDAMR9AZchL9MW+VVrdWuAldBlNN1XjDnHdN4wV76ezxt,1.257556,2.952164,2.042112
587100,a/8GO8/ZUUTDICfLnP1TDAMR9AZchL9MW+VVrdWuAldBlNN1XjDnHdN4wV76ezxt,0.7442340000000001,2.604032,1.8597810000000001
587400,a/8GO8/ZUUTDICfLnP1TDAMR9AZchL9MW+VVrdWuAldBlNN1XjDnHdN4wV76ezxt,1.397697,3.684195,2.121978
587700,a/8GO8/ZUUTDICfLnP1TDAMR9AZchL9MW+VVrdWuAldBlNN1XjDnHdN4wV76ezxt,0.9491450000000001,2.519899,1.8912220000000002
588000,a/8GO8/ZUUTDICfLnP1TDAMR9AZchL9MW+VVrdWuAldBlNN1XjDnHdN4wV76ezxt,1.441093,3.990557,2.237954
588300,a/8GO8/ZUUTDICfLnP1TDAMR9AZchL9MW+VVrdWuAldBlNN1XjDnHdN4wV76ezxt,1.210668,3.8434,2.039009
588600,a/8GO8/ZUUTDICfLnP1TDAMR9AZchL9MW+VVrdWuAldBlNN1XjDnHdN4wV76ezxt,0.7059340000000001,3.252605,1.919861
588900,a/8GO8/ZUUTDICfLnP1TDAMR9AZchL9MW+VVrdWuAldBlNN1XjDnHdN4wV76ezxt,1.389666,2.570595,1.9762220000000001
589200,a/8GO8/ZUUTDICfLnP1TDAMR9AZchL9MW+VVrdWuAldBlNN1XjDnHdN4wV76ezxt,1.2383389999999999,2.748266,1.922325
589500,a/8GO8/ZUUTDICfLnP1TDAMR9AZchL9MW+VVrdWuAldBlNN1XjDnHdN4wV76ezxt,1.323947,2.9182900000000003,2.018593
589800,a/8GO8/ZUUTDICfLnP1TDAMR9AZchL9MW+VVrdWuAldBlNN1XjDnHdN4wV76ezxt,0.898332,4.477368,2.127207
590100,a/8GO8/ZUUTDICfLnP1TDAMR9AZchL9MW+VVrdWuAldBlNN1XjDnHdN4wV76ezxt,1.404185,7.79972,2.916658
590400,a/8GO8/ZUUTDICfLnP1TDAMR9AZchL9MW+VVrdWuAldBlNN1XjDnHdN4wV76ezxt,1.164004,3.2079020000000003,1.9840939999999998
590700,a/8GO8/ZUUTDICfLnP1TDAMR9AZchL9MW+VVrdWuAldBlNN1XjDnHdN4wV76ezxt,1.56172,4.900421,2.302997
591000,a/8GO8/ZUUTDICfLnP1TDAMR9AZchL9MW+VVrdWuAldBlNN1XjDnHdN4wV76ezxt,1.259478,4.368361,2.13446
591300,a/8GO8/ZUUTDICfLnP1TDAMR9AZchL9MW+VVrdWuAldBlNN1XjDnHdN4wV76ezxt,1.450862,4.610191,2.213723
591600,a/8GO8/ZUUTDICfLnP1TDAMR9AZchL9MW+VVrdWuAldBlNN1XjDnHdN4wV76ezxt,1.476083,2.611358,1.973718
591900,a/8GO8/ZUUTDICfLnP1TDAMR9AZchL9MW+VVrdWuAldBlNN1XjDnHdN4wV76ezxt,1.23193,4.150558,2.185969
592200,a/8GO8/ZUUTDICfLnP1TDAMR9AZchL9MW+VVrdWuAldBlNN1XjDnHdN4wV76ezxt,1.38863,3.9538290000000003,2.2053849999999997
592500,a/8GO8/ZUUTDICfLnP1TDAMR9AZchL9MW+VVrdWuAldBlNN1XjDnHdN4wV76ezxt,0.661192,2.606932,1.910536
592800,a/8GO8/ZUUTDICfLnP1TDAMR9AZchL9MW+VVrdWuAldBlNN1XjDnHdN4wV76ezxt,1.4360629999999999,3.300841,2.111026
593100,a/8GO8/ZUUTDICfLnP1TDAMR9AZchL9MW+VVrdWuAldBlNN1XjDnHdN4wV76ezxt,0.785586,2.550909,1.949557
593400,a/8GO8/ZUUTDICfLnP1TDAMR9AZchL9MW+VVrdWuAldBlNN1XjDnHdN4wV76ezxt,1.35101,2.692071,1.9915580000000002
593700,a/8GO8/ZUUTDICfLnP1TDAMR9AZchL9MW+VVrdWuAldBlNN1XjDnHdN4wV76ezxt,1.5346739999999999,12.150829,3.128679
594000,a/8GO8/ZUUTDICfLnP1TDAMR9AZchL9MW+VVrdWuAldBlNN1XjDnHdN4wV76ezxt,1.142654,4.3388029999999995,2.109252
594300,a/8GO8/ZUUTDICfLnP1TDAMR9AZchL9MW+VVrdWuAldBlNN1XjDnHdN4wV76ezxt,1.392771,2.608922,1.9900959999999999
594600,a/8GO8/ZUUTDICfLnP1TDAMR9AZchL9MW+VVrdWuAldBlNN1XjDnHdN4wV76ezxt,1.0708600000000001,4.221012,2.091177
594900,a/8GO8/ZUUTDICfLnP1TDAMR9AZchL9MW+VVrdWuAldBlNN1XjDnHdN4wV76ezxt,1.34784,3.599334,2.155646
595200,a/8GO8/ZUUTDICfLnP1TDAMR9AZchL9MW+VVrdWuAldBlNN1XjDnHdN4wV76ezxt,0.6994279999999999,2.51229,1.93008
595500,a/8GO8/ZUUTDICfLnP1TDAMR9AZchL9MW+VVrdWuAldBlNN1XjDnHdN4wV76ezxt,1.38111,3.630604,2.20545
595800,a/8GO8/ZUUTDICfLnP1TDAMR9AZchL9MW+VVrdWuAldBlNN1XjDnHdN4wV76ezxt,0.62069,13.821669,3.016411
596100,a/8GO8/ZUUTDICfLnP1TDAMR9AZchL9MW+VVrdWuAldBlNN1XjDnHdN4wV76ezxt,1.479525,3.8078790000000002,2.193292
596400,a/8GO8/ZUUTDICfLnP1TDAMR9AZchL9MW+VVrdWuAldBlNN1XjDnHdN4wV76ezxt,1.270305,3.021935,1.970938
596700,a/8GO8/ZUUTDICfLnP1TDAMR9AZchL9MW+VVrdWuAldBlNN1XjDnHdN4wV76ezxt,0.746751,2.441693,1.908209
597000,a/8GO8/ZUUTDICfLnP1TDAMR9AZchL9MW+VVrdWuAldBlNN1XjDnHdN4wV76ezxt,1.41435,3.258962,2.1350830000000003
597300,a/8GO8/ZUUTDICfLnP1TDAMR9AZchL9MW+VVrdWuAldBlNN1XjDnHdN4wV76ezxt,0.652868,2.873149,1.953468
597600,a/8GO8/ZUUTDICfLnP1TDAMR9AZchL9MW+VVrdWuAldBlNN1XjDnHdN4wV76ezxt,1.413361,2.730214,2.047021
597900,a/8GO8/ZUUTDICfLnP1TDAMR9AZchL9MW+VVrdWuAldBlNN1XjDnHdN4wV76ezxt,0.642674,3.276693,2.028351
598200,a/8GO8/ZUUTDICfLnP1TDAMR9AZchL9MW+VVrdWuAldBlNN1XjDnHdN4wV76ezxt,1.2478790000000002,4.124658999999999,2.1746119999999998
598500,a/8GO8/ZUUTDICfLnP1TDAMR9AZchL9MW+VVrdWuAldBlNN1XjDnHdN4wV76ezxt,0.665978,2.522082,1.9485849999999998
598800,a/8GO8/ZUUTDICfLnP1TDAMR9AZchL9MW+VVrdWuAldBlNN1XjDnHdN4wV76ezxt,1.361953,2.638223,1.999234
599100,a/8GO8/ZUUTDICfLnP1TDAMR9AZchL9MW+VVrdWuAldBlNN1XjDnHdN4wV76ezxt,1.269308,3.7682160000000002,2.191072
599400,a/8GO8/ZUUTDICfLnP1TDAMR9AZchL9MW+VVrdWuAldBlNN1XjDnHdN4wV76ezxt,0.601197,3.10335,1.9505580000000002
599700,a/8GO8/ZUUTDICfLnP1TDAMR9AZchL9MW+VVrdWuAldBlNN1XjDnHdN4wV76ezxt,1.335742,3.9743230000000005,2.129721
600000,a/8GO8/ZUUTDICfLnP1TDAMR9AZchL9MW+VVrdWuAldBlNN1XjDnHdN4wV76ezxt,0.725762,2.901144,1.917415
600300,a/8GO8/ZUUTDICfLnP1TDAMR9AZchL9MW+VVrdWuAldBlNN1XjDnHdN4wV76ezxt,1.453732,3.878049,2.28344
600600,a/8GO8/ZUUTDICfLnP1TDAMR9AZchL9MW+VVrdWuAldBlNN1XjDnHdN4wV76ezxt,0.57725,2.752361,1.9163830000000002
600900,a/8GO8/ZUUTDICfLnP1TDAMR9AZchL9MW+VVrdWuAldBlNN1XjDnHdN4wV76ezxt,1.366203,2.796475,2.020731
601200,a/8GO8/ZUUTDICfLnP1TDAMR9AZchL9MW+VVrdWuAldBlNN1XjDnHdN4wV76ezxt,0.62035,3.39822,1.993895
601500,a/8GO8/ZUUTDICfLnP1TDAMR9AZchL9MW+VVrdWuAldBlNN1XjDnHdN4wV76ezxt,1.29912,2.484163,1.9761950000000001
601800,a/8GO8/ZUUTDICfLnP1TDAMR9AZchL9MW+VVrdWuAldBlNN1XjDnHdN4wV76ezxt,1.199423,3.0453639999999997,1.9681330000000001
602100,a/8GO8/ZUUTDICfLnP1TDAMR9AZchL9MW+VVrdWuAldBlNN1XjDnHdN4wV76ezxt,1.526227,3.875808,2.33164
602400,a/8GO8/ZUUTDICfLnP1TDAMR9AZchL9MW+VVrdWuAldBlNN1XjDnHdN4wV76ezxt,1.337456,2.598842,1.986536
602700,a/8GO8/ZUUTDICfLnP1TDAMR9AZchL9MW+VVrdWuAldBlNN1XjDnHdN4wV76ezxt,1.458533,2.727889,2.056143
603000,a/8GO8/ZUUTDICfLnP1TDAMR9AZchL9MW+VVrdWuAldBlNN1XjDnHdN4wV76ezxt,1.4450100000000001,3.773725,2.339639
603300,a/8GO8/ZUUTDICfLnP1TDAMR9AZchL9MW+VVrdWuAldBlNN1XjDnHdN4wV76ezxt,0.973578,2.890162,2.020104
603600,a/8GO8/ZUUTDICfLnP1TDAMR9AZchL9MW+VVrdWuAldBlNN1XjDnHdN4wV76ezxt,1.256561,3.7894550000000002,2.164517
603900,a/8GO8/ZUUTDICfLnP1TDAMR9AZchL9MW+VVrdWuAldBlNN1XjDnHdN4wV76ezxt,1.2406409999999999,3.871843,2.084598
604200,a/8GO8/ZUUTDICfLnP1TDAMR9AZchL9MW+VVrdWuAldBlNN1XjDnHdN4wV76ezxt,1.4438540000000002,4.45717,2.135707
604500,a/8GO8/ZUUTDICfLnP1TDAMR9AZchL9MW+VVrdWuAldBlNN1XjDnHdN4wV76ezxt,1.246222,3.37371,2.020354
604800,a/8GO8/ZUUTDICfLnP1TDAMR9AZchL9MW+VVrdWuAldBlNN1XjDnHdN4wV76ezxt,1.501676,5.693894,2.351254
605100,a/8GO8/ZUUTDICfLnP1TDAMR9AZchL9MW+VVrdWuAldBlNN1XjDnHdN4wV76ezxt,1.545674,3.519028,2.1299580000000002
605400,a/8GO8/ZUUTDICfLnP1TDAMR9AZchL9MW+VVrdWuAldBlNN1XjDnHdN4wV76ezxt,1.408417,2.8987830000000003,1.94317
605700,a/8GO8/ZUUTDICfLnP1TDAMR9AZchL9MW+VVrdWuAldBlNN1XjDnHdN4wV76ezxt,1.568598,3.490436,2.15915
606000,a/8GO8/ZUUTDICfLnP1TDAMR9AZchL9MW+VVrdWuAldBlNN1XjDnHdN4wV76ezxt,1.380976,2.7304459999999997,2.019062
606300,a/8GO8/ZUUTDICfLnP1TDAMR9AZchL9MW+VVrdWuAldBlNN1XjDnHdN4wV76ezxt,1.166396,3.203447,2.0368049999999998
606600,a/8GO8/ZUUTDICfLnP1TDAMR9AZchL9MW+VVrdWuAldBlNN1XjDnHdN4wV76ezxt,1.386891,3.2783160000000002,2.079713
606900,a/8GO8/ZUUTDICfLnP1TDAMR9AZchL9MW+VVrdWuAldBlNN1XjDnHdN4wV76ezxt,1.5829440000000001,3.011325,2.039284
607200,a/8GO8/ZUUTDICfLnP1TDAMR9AZchL9MW+VVrdWuAldBlNN1XjDnHdN4wV76ezxt,1.248818,12.086019,2.903317
607500,a/8GO8/ZUUTDICfLnP1TDAMR9AZchL9MW+VVrdWuAldBlNN1XjDnHdN4wV76ezxt,0.582283,3.391493,2.041289
607800,a/8GO8/ZUUTDICfLnP1TDAMR9AZchL9MW+VVrdWuAldBlNN1XjDnHdN4wV76ezxt,1.4160840000000001,2.890818,2.044834
608100,a/8GO8/ZUUTDICfLnP1TDAMR9AZchL9MW+VVrdWuAldBlNN1XjDnHdN4wV76ezxt,0.705442,3.416148,2.060946
608400,a/8GO8/ZUUTDICfLnP1TDAMR9AZchL9MW+VVrdWuAldBlNN1XjDnHdN4wV76ezxt,1.198872,2.817505,1.968937
608700,a/8GO8/ZUUTDICfLnP1TDAMR9AZchL9MW+VVrdWuAldBlNN1XjDnHdN4wV76ezxt,1.112357,2.77507,1.9646599999999999
609000,a/8GO8/ZUUTDICfLnP1TDAMR9AZchL9MW+VVrdWuAldBlNN1XjDnHdN4wV76ezxt,1.394362,3.406337,2.1281369999999997
609300,a/8GO8/ZUUTDICfLnP1TDAMR9AZchL9MW+VVrdWuAldBlNN1XjDnHdN4wV76ezxt,1.034643,2.740304,1.9607
609600,a/8GO8/ZUUTDICfLnP1TDAMR9AZchL9MW+VVrdWuAldBlNN1XjDnHdN4wV76ezxt,1.37848,4.280398,2.177016
609900,a/8GO8/ZUUTDICfLnP1TDAMR9AZchL9MW+VVrdWuAldBlNN1XjDnHdN4wV76ezxt,0.603264,4.00841,2.105639
610200,a/8GO8/ZUUTDICfLnP1TDAMR9AZchL9MW+VVrdWuAldBlNN1XjDnHdN4wV76ezxt,1.067677,3.057378,2.061244
610500,a/8GO8/ZUUTDICfLnP1TDAMR9AZchL9MW+VVrdWuAldBlNN1XjDnHdN4wV76ezxt,1.402051,2.830867,2.021074
610800,a/8GO8/ZUUTDICfLnP1TDAMR9AZchL9MW+VVrdWuAldBlNN1XjDnHdN4wV76ezxt,1.2202469999999999,3.070385,1.977787
611100,a/8GO8/ZUUTDICfLnP1TDAMR9AZchL9MW+VVrdWuAldBlNN1XjDnHdN4wV76ezxt,1.3141770000000002,4.2653669999999995,2.132619
611400,a/8GO8/ZUUTDICfLnP1TDAMR9AZchL9MW+VVrdWuAldBlNN1XjDnHdN4wV76ezxt,1.3815549999999999,2.998726,1.9765110000000001
611700,a/8GO8/ZUUTDICfLnP1TDAMR9AZchL9MW+VVrdWuAldBlNN1XjDnHdN4wV76ezxt,1.356629,3.382628,2.15788
612000,a/8GO8/ZUUTDICfLnP1TDAMR9AZchL9MW+VVrdWuAldBlNN1XjDnHdN4wV76ezxt,0.925902,2.627964,1.9853060000000002
612300,a/8GO8/ZUUTDICfLnP1TDAMR9AZchL9MW+VVrdWuAldBlNN1XjDnHdN4wV76ezxt,1.322036,3.168879,2.135072
612600,a/8GO8/ZUUTDICfLnP1TDAMR9AZchL9MW+VVrdWuAldBlNN1XjDnHdN4wV76ezxt,1.009157,3.045646,1.960795
612900,a/8GO8/ZUUTDICfLnP1TDAMR9AZchL9MW+VVrdWuAldBlNN1XjDnHdN4wV76ezxt,1.392622,4.26089,2.3111479999999998
613200,a/8GO8/ZUUTDICfLnP1TDAMR9AZchL9MW+VVrdWuAldBlNN1XjDnHdN4wV76ezxt,1.519436,3.0444419999999996,2.046677
613500,a/8GO8/ZUUTDICfLnP1TDAMR9AZchL9MW+VVrdWuAldBlNN1XjDnHdN4wV76ezxt,1.398549,3.103338,2.032137
613800,a/8GO8/ZUUTDICfLnP1TDAMR9AZchL9MW+VVrdWuAldBlNN1XjDnHdN4wV76ezxt,1.3516620000000001,3.17473,2.163821
614100,a/8GO8/ZUUTDICfLnP1TDAMR9AZchL9MW+VVrdWuAldBlNN1XjDnHdN4wV76ezxt,1.366182,9.198139999999999,2.538394
614400,a/8GO8/ZUUTDICfLnP1TDAMR9AZchL9MW+VVrdWuAldBlNN1XjDnHdN4wV76ezxt,1.446782,11.793097,4.038353
614700,a/8GO8/ZUUTDICfLnP1TDAMR9AZchL9MW+VVrdWuAldBlNN1XjDnHdN4wV76ezxt,0.782758,2.786095,1.962176
615000,a/8GO8/ZUUTDICfLnP1TDAMR9AZchL9MW+VVrdWuAldBlNN1XjDnHdN4wV76ezxt,1.284678,3.278607,2.167543
615300,a/8GO8/ZUUTDICfLnP1TDAMR9AZchL9MW+VVrdWuAldBlNN1XjDnHdN4wV76ezxt,1.2041600000000001,2.969357,1.950922
615600,a/8GO8/ZUUTDICfLnP1TDAMR9AZchL9MW+VVrdWuAldBlNN1XjDnHdN4wV76ezxt,1.3705180000000001,2.8541,2.053286
615900,a/8GO8/ZUUTDICfLnP1TDAMR9AZchL9MW+VVrdWuAldBlNN1XjDnHdN4wV76ezxt,1.459985,5.547674,2.347121
616200,a/8GO8/ZUUTDICfLnP1TDAMR9AZchL9MW+VVrdWuAldBlNN1XjDnHdN4wV76ezxt,1.2844879999999999,4.559148,2.166647
616500,a/8GO8/ZUUTDICfLnP1TDAMR9AZchL9MW+VVrdWuAldBlNN1XjDnHdN4wV76ezxt,1.421891,3.6280699999999997,2.110782
616800,a/8GO8/ZUUTDICfLnP1TDAMR9AZchL9MW+VVrdWuAldBlNN1XjDnHdN4wV76ezxt,1.358476,2.846803,2.120048
617100,a/8GO8/ZUUTDICfLnP1TDAMR9AZchL9MW+VVrdWuAldBlNN1XjDnHdN4wV76ezxt,1.369076,3.820775,2.193959
617400,a/8GO8/ZUUTDICfLnP1TDAMR9AZchL9MW+VVrdWuAldBlNN1XjDnHdN4wV76ezxt,1.5801180000000001,2.515113,2.031081
617700,a/8GO8/ZUUTDICfLnP1TDAMR9AZchL9MW+VVrdWuAldBlNN1XjDnHdN4wV76ezxt,1.4033719999999998,3.883948,2.186257
618000,a/8GO8/ZUUTDICfLnP1TDAMR9AZchL9MW+VVrdWuAldBlNN1XjDnHdN4wV76ezxt,1.2934729999999999,3.5106230000000003,2.083166
618300,a/8GO8/ZUUTDICfLnP1TDAMR9AZchL9MW+VVrdWuAldBlNN1XjDnHdN4wV76ezxt,1.238213,3.009459,2.051253
618600,a/8GO8/ZUUTDICfLnP1TDAMR9AZchL9MW+VVrdWuAldBlNN1XjDnHdN4wV76ezxt,1.580817,3.26031,2.169276
618900,a/8GO8/ZUUTDICfLnP1TDAMR9AZchL9MW+VVrdWuAldBlNN1XjDnHdN4wV76ezxt,1.387271,3.7162900000000003,2.192997
619200,a/8GO8/ZUUTDICfLnP1TDAMR9AZchL9MW+VVrdWuAldBlNN1XjDnHdN4wV76ezxt,1.469382,3.475204,2.1610080000000003
619500,a/8GO8/ZUUTDICfLnP1TDAMR9AZchL9MW+VVrdWuAldBlNN1XjDnHdN4wV76ezxt,1.442818,3.75492,2.211183
619800,a/8GO8/ZUUTDICfLnP1TDAMR9AZchL9MW+VVrdWuAldBlNN1XjDnHdN4wV76ezxt,1.232361,2.750139,2.007123
620100,a/8GO8/ZUUTDICfLnP1TDAMR9AZchL9MW+VVrdWuAldBlNN1XjDnHdN4wV76ezxt,1.58683,4.133201000000001,2.331336
620400,a/8GO8/ZUUTDICfLnP1TDAMR9AZchL9MW+VVrdWuAldBlNN1XjDnHdN4wV76ezxt,1.46145,3.922318,2.182737
620700,a/8GO8/ZUUTDICfLnP1TDAMR9AZchL9MW+VVrdWuAldBlNN1XjDnHdN4wV76ezxt,1.4471610000000001,3.214525,2.061451
621000,a/8GO8/ZUUTDICfLnP1TDAMR9AZchL9MW+VVrdWuAldBlNN1XjDnHdN4wV76ezxt,1.392334,3.724607,2.167657
621300,a/8GO8/ZUUTDICfLnP1TDAMR9AZchL9MW+VVrdWuAldBlNN1XjDnHdN4wV76ezxt,1.4768809999999999,3.9365050000000004,2.182154
621600,a/8GO8/ZUUTDICfLnP1TDAMR9AZchL9MW+VVrdWuAldBlNN1XjDnHdN4wV76ezxt,1.305233,2.3442279999999998,1.9793740000000002
621900,a/8GO8/ZUUTDICfLnP1TDAMR9AZchL9MW+VVrdWuAldBlNN1XjDnHdN4wV76ezxt,1.493005,3.4578559999999996,2.139332
622200,a/8GO8/ZUUTDICfLnP1TDAMR9AZchL9MW+VVrdWuAldBlNN1XjDnHdN4wV76ezxt,1.308027,4.135597,2.1685630000000002
622500,a/8GO8/ZUUTDICfLnP1TDAMR9AZchL9MW+VVrdWuAldBlNN1XjDnHdN4wV76ezxt,1.457437,2.5965990000000003,1.9885830000000002
622800,a/8GO8/ZUUTDICfLnP1TDAMR9AZchL9MW+VVrdWuAldBlNN1XjDnHdN4wV76ezxt,1.343249,3.464952,2.11139
623100,a/8GO8/ZUUTDICfLnP1TDAMR9AZchL9MW+VVrdWuAldBlNN1XjDnHdN4wV76ezxt,1.401292,3.479561,2.154484
623400,a/8GO8/ZUUTDICfLnP1TDAMR9AZchL9MW+VVrdWuAldBlNN1XjDnHdN4wV76ezxt,1.3425989999999999,2.57439,2.022723
623700,a/8GO8/ZUUTDICfLnP1TDAMR9AZchL9MW+VVrdWuAldBlNN1XjDnHdN4wV76ezxt,1.3507790000000002,2.538638,1.988207
624000,a/8GO8/ZUUTDICfLnP1TDAMR9AZchL9MW+VVrdWuAldBlNN1XjDnHdN4wV76ezxt,1.366926,4.133854,2.139234
624300,a/8GO8/ZUUTDICfLnP1TDAMR9AZchL9MW+VVrdWuAldBlNN1XjDnHdN4wV76ezxt,1.537844,5.847155,2.3942229999999998
624600,a/8GO8/ZUUTDICfLnP1TDAMR9AZchL9MW+VVrdWuAldBlNN1XjDnHdN4wV76ezxt,1.466731,5.802292,2.449358
624900,a/8GO8/ZUUTDICfLnP1TDAMR9AZchL9MW+VVrdWuAldBlNN1XjDnHdN4wV76ezxt,1.588166,3.4755910000000005,2.204757
625200,a/8GO8/ZUUTDICfLnP1TDAMR9AZchL9MW+VVrdWuAldBlNN1XjDnHdN4wV76ezxt,1.444912,2.523788,2.049112
625500,a/8GO8/ZUUTDICfLnP1TDAMR9AZchL9MW+VVrdWuAldBlNN1XjDnHdN4wV76ezxt,1.4318899999999999,2.895684,2.0018290000000003
625800,a/8GO8/ZUUTDICfLnP1TDAMR9AZchL9MW+VVrdWuAldBlNN1XjDnHdN4wV76ezxt,1.4057950000000001,3.218039,2.12184
626100,a/8GO8/ZUUTDICfLnP1TDAMR9AZchL9MW+VVrdWuAldBlNN1XjDnHdN4wV76ezxt,1.4047209999999999,2.5692939999999997,2.017661
626400,a/8GO8/ZUUTDICfLnP1TDAMR9AZchL9MW+VVrdWuAldBlNN1XjDnHdN4wV76ezxt,1.503005,3.5324769999999996,2.1466990000000004
626700,a/8GO8/ZUUTDICfLnP1TDAMR9AZchL9MW+VVrdWuAldBlNN1XjDnHdN4wV76ezxt,1.314751,3.016238,2.156854
627000,a/8GO8/ZUUTDICfLnP1TDAMR9AZchL9MW+VVrdWuAldBlNN1XjDnHdN4wV76ezxt,0.992604,4.116329,2.1233459999999997
627300,a/8GO8/ZUUTDICfLnP1TDAMR9AZchL9MW+VVrdWuAldBlNN1XjDnHdN4wV76ezxt,1.301518,3.48432,2.117166
627600,a/8GO8/ZUUTDICfLnP1TDAMR9AZchL9MW+VVrdWuAldBlNN1XjDnHdN4wV76ezxt,1.524568,3.148588,2.149705
627900,a/8GO8/ZUUTDICfLnP1TDAMR9AZchL9MW+VVrdWuAldBlNN1XjDnHdN4wV76ezxt,1.231378,2.578307,2.006869
628200,a/8GO8/ZUUTDICfLnP1TDAMR9AZchL9MW+VVrdWuAldBlNN1XjDnHdN4wV76ezxt,1.439878,3.2580720000000003,2.1266130000000003
628500,a/8GO8/ZUUTDICfLnP1TDAMR9AZchL9MW+VVrdWuAldBlNN1XjDnHdN4wV76ezxt,1.452205,4.471944000000001,2.202809
628800,a/8GO8/ZUUTDICfLnP1TDAMR9AZchL9MW+VVrdWuAldBlNN1XjDnHdN4wV76ezxt,1.3859780000000002,4.233047,2.2147189999999997
629100,a/8GO8/ZUUTDICfLnP1TDAMR9AZchL9MW+VVrdWuAldBlNN1XjDnHdN4wV76ezxt,1.303075,2.393656,2.019843
629400,a/8GO8/ZUUTDICfLnP1TDAMR9AZchL9MW+VVrdWuAldBlNN1XjDnHdN4wV76ezxt,1.507506,2.749618,2.003757
629700,a/8GO8/ZUUTDICfLnP1TDAMR9AZchL9MW+VVrdWuAldBlNN1XjDnHdN4wV76ezxt,1.014766,3.2099849999999996,2.137093
630000,a/8GO8/ZUUTDICfLnP1TDAMR9AZchL9MW+VVrdWuAldBlNN1XjDnHdN4wV76ezxt,1.285073,2.565359,1.988425
630300,a/8GO8/ZUUTDICfLnP1TDAMR9AZchL9MW+VVrdWuAldBlNN1XjDnHdN4wV76ezxt,1.626565,3.618507,2.166912
630600,a/8GO8/ZUUTDICfLnP1TDAMR9AZchL9MW+VVrdWuAldBlNN1XjDnHdN4wV76ezxt,1.4671370000000001,2.598306,2.0155830000000003
630900,a/8GO8/ZUUTDICfLnP1TDAMR9AZchL9MW+VVrdWuAldBlNN1XjDnHdN4wV76ezxt,1.589695,4.039575,2.3329150000000003
631200,a/8GO8/ZUUTDICfLnP1TDAMR9AZchL9MW+VVrdWuAldBlNN1XjDnHdN4wV76ezxt,1.5155889999999999,2.6608959999999997,2.025888
631500,a/8GO8/ZUUTDICfLnP1TDAMR9AZchL9MW+VVrdWuAldBlNN1XjDnHdN4wV76ezxt,1.380456,2.635659,2.01824
631800,a/8GO8/ZUUTDICfLnP1TDAMR9AZchL9MW+VVrdWuAldBlNN1XjDnHdN4wV76ezxt,1.326624,3.9113919999999998,2.1796990000000003
632100,a/8GO8/ZUUTDICfLnP1TDAMR9AZchL9MW+VVrdWuAldBlNN1XjDnHdN4wV76ezxt,1.3977620000000002,2.8684369999999997,2.067139
632400,a/8GO8/ZUUTDICfLnP1TDAMR9AZchL9MW+VVrdWuAldBlNN1XjDnHdN4wV76ezxt,0.923708,4.141849,2.106287
632700,a/8GO8/ZUUTDICfLnP1TDAMR9AZchL9MW+VVrdWuAldBlNN1XjDnHdN4wV76ezxt,1.554865,2.708493,1.982766
633000,a/8GO8/ZUUTDICfLnP1TDAMR9AZchL9MW+VVrdWuAldBlNN1XjDnHdN4wV76ezxt,1.457959,3.3269660000000005,2.169202
633300,a/8GO8/ZUUTDICfLnP1TDAMR9AZchL9MW+VVrdWuAldBlNN1XjDnHdN4wV76ezxt,1.477154,2.526215,1.999525
633600,a/8GO8/ZUUTDICfLnP1TDAMR9AZchL9MW+VVrdWuAldBlNN1XjDnHdN4wV76ezxt,1.328822,2.678717,1.9890599999999998
633900,a/8GO8/ZUUTDICfLnP1TDAMR9AZchL9MW+VVrdWuAldBlNN1XjDnHdN4wV76ezxt,1.4564059999999999,3.9823410000000004,2.163919
634200,a/8GO8/ZUUTDICfLnP1TDAMR9AZchL9MW+VVrdWuAldBlNN1XjDnHdN4wV76ezxt,1.402543,4.244371,2.233285
634500,a/8GO8/ZUUTDICfLnP1TDAMR9AZchL9MW+VVrdWuAldBlNN1XjDnHdN4wV76ezxt,1.336892,2.954043,2.089025
634800,a/8GO8/ZUUTDICfLnP1TDAMR9AZchL9MW+VVrdWuAldBlNN1XjDnHdN4wV76ezxt,1.296222,4.081826,2.084287
635100,a/8GO8/ZUUTDICfLnP1TDAMR9AZchL9MW+VVrdWuAldBlNN1XjDnHdN4wV76ezxt,0.873079,3.121816,2.014065
635400,a/8GO8/ZUUTDICfLnP1TDAMR9AZchL9MW+VVrdWuAldBlNN1XjDnHdN4wV76ezxt,1.437958,3.8575690000000002,2.320516
635700,a/8GO8/ZUUTDICfLnP1TDAMR9AZchL9MW+VVrdWuAldBlNN1XjDnHdN4wV76ezxt,1.324341,2.59548,1.9542490000000001
636000,a/8GO8/ZUUTDICfLnP1TDAMR9AZchL9MW+VVrdWuAldBlNN1XjDnHdN4wV76ezxt,1.313752,2.593534,1.9925810000000002
636300,a/8GO8/ZUUTDICfLnP1TDAMR9AZchL9MW+VVrdWuAldBlNN1XjDnHdN4wV76ezxt,1.477629,2.770034,2.062595
636600,a/8GO8/ZUUTDICfLnP1TDAMR9AZchL9MW+VVrdWuAldBlNN1XjDnHdN4wV76ezxt,1.427162,2.811844,2.037538
636900,a/8GO8/ZUUTDICfLnP1TDAMR9AZchL9MW+VVrdWuAldBlNN1XjDnHdN4wV76ezxt,1.423401,2.638309,1.9308779999999999
637200,a/8GO8/ZUUTDICfLnP1TDAMR9AZchL9MW+VVrdWuAldBlNN1XjDnHdN4wV76ezxt,1.426615,2.767273,2.119152
637500,a/8GO8/ZUUTDICfLnP1TDAMR9AZchL9MW+VVrdWuAldBlNN1XjDnHdN4wV76ezxt,0.802756,3.618264,2.102785
637800,a/8GO8/ZUUTDICfLnP1TDAMR9AZchL9MW+VVrdWuAldBlNN1XjDnHdN4wV76ezxt,1.864379,7.584496000000001,3.052013
638100,a/8GO8/ZUUTDICfLnP1TDAMR9AZchL9MW+VVrdWuAldBlNN1XjDnHdN4wV76ezxt,1.5726360000000001,3.076099,2.1202240000000003
638400,a/8GO8/ZUUTDICfLnP1TDAMR9AZchL9MW+VVrdWuAldBlNN1XjDnHdN4wV76ezxt,1.541252,3.9822800000000003,2.317057
638700,a/8GO8/ZUUTDICfLnP1TDAMR9AZchL9MW+VVrdWuAldBlNN1XjDnHdN4wV76ezxt,1.4488219999999998,2.667357,2.106125
639000,a/8GO8/ZUUTDICfLnP1TDAMR9AZchL9MW+VVrdWuAldBlNN1XjDnHdN4wV76ezxt,1.461935,2.95617,2.1178060000000003
639300,a/8GO8/ZUUTDICfLnP1TDAMR9AZchL9MW+VVrdWuAldBlNN1XjDnHdN4wV76ezxt,1.3953229999999999,3.7853209999999997,2.1927529999999997
639600,a/8GO8/ZUUTDICfLnP1TDAMR9AZchL9MW+VVrdWuAldBlNN1XjDnHdN4wV76ezxt,1.023239,4.135565,2.0867150000000003
639900,a/8GO8/ZUUTDICfLnP1TDAMR9AZchL9MW+VVrdWuAldBlNN1XjDnHdN4wV76ezxt,1.3222610000000001,2.999197,2.033501
640200,a/8GO8/ZUUTDICfLnP1TDAMR9AZchL9MW+VVrdWuAldBlNN1XjDnHdN4wV76ezxt,1.249231,2.9567930000000002,2.062771
640500,a/8GO8/ZUUTDICfLnP1TDAMR9AZchL9MW+VVrdWuAldBlNN1XjDnHdN4wV76ezxt,1.2481870000000002,4.818398,2.3361810000000003
640800,a/8GO8/ZUUTDICfLnP1TDAMR9AZchL9MW+VVrdWuAldBlNN1XjDnHdN4wV76ezxt,1.203885,2.946755,2.041943
641100,a/8GO8/ZUUTDICfLnP1TDAMR9AZchL9MW+VVrdWuAldBlNN1XjDnHdN4wV76ezxt,1.3798469999999998,2.976841,2.017984
641400,a/8GO8/ZUUTDICfLnP1TDAMR9AZchL9MW+VVrdWuAldBlNN1XjDnHdN4wV76ezxt,1.3272620000000002,2.71791,1.984778
641700,a/8GO8/ZUUTDICfLnP1TDAMR9AZchL9MW+VVrdWuAldBlNN1XjDnHdN4wV76ezxt,1.608063,3.235309,2.23778
642000,a/8GO8/ZUUTDICfLnP1TDAMR9AZchL9MW+VVrdWuAldBlNN1XjDnHdN4wV76ezxt,1.36123,3.049786,2.0014849999999997
642300,a/8GO8/ZUUTDICfLnP1TDAMR9AZchL9MW+VVrdWuAldBlNN1XjDnHdN4wV76ezxt,1.298246,4.1235349999999995,2.253244
642600,a/8GO8/ZUUTDICfLnP1TDAMR9AZchL9MW+VVrdWuAldBlNN1XjDnHdN4wV76ezxt,1.412769,3.102146,2.06985
642900,a/8GO8/ZUUTDICfLnP1TDAMR9AZchL9MW+VVrdWuAldBlNN1XjDnHdN4wV76ezxt,1.413176,2.546638,2.0049639999999997
643200,a/8GO8/ZUUTDICfLnP1TDAMR9AZchL9MW+VVrdWuAldBlNN1XjDnHdN4wV76ezxt,1.339238,7.217749,2.227363
643500,a/8GO8/ZUUTDICfLnP1TDAMR9AZchL9MW+VVrdWuAldBlNN1XjDnHdN4wV76ezxt,1.389481,3.4080839999999997,2.139409
643800,a/8GO8/ZUUTDICfLnP1TDAMR9AZchL9MW+VVrdWuAldBlNN1XjDnHdN4wV76ezxt,1.2931139999999999,3.0436080000000003,2.02063
644100,a/8GO8/ZUUTDICfLnP1TDAMR9AZchL9MW+VVrdWuAldBlNN1XjDnHdN4wV76ezxt,1.450986,5.465503,2.248701
644400,a/8GO8/ZUUTDICfLnP1TDAMR9AZchL9MW+VVrdWuAldBlNN1XjDnHdN4wV76ezxt,1.2890469999999998,2.758326,1.9707740000000002
644700,a/8GO8/ZUUTDICfLnP1TDAMR9AZchL9MW+VVrdWuAldBlNN1XjDnHdN4wV76ezxt,1.483602,3.207229,2.168414
645000,a/8GO8/ZUUTDICfLnP1TDAMR9AZchL9MW+VVrdWuAldBlNN1XjDnHdN4wV76ezxt,1.269963,3.119696,2.062443
645300,a/8GO8/ZUUTDICfLnP1TDAMR9AZchL9MW+VVrdWuAldBlNN1XjDnHdN4wV76ezxt,1.254029,2.642932,2.0222700000000002
645600,a/8GO8/ZUUTDICfLnP1TDAMR9AZchL9MW+VVrdWuAldBlNN1XjDnHdN4wV76ezxt,1.246966,4.057936,2.113729
645900,a/8GO8/ZUUTDICfLnP1TDAMR9AZchL9MW+VVrdWuAldBlNN1XjDnHdN4wV76ezxt,1.419546,4.568903,2.223703
646200,a/8GO8/ZUUTDICfLnP1TDAMR9AZchL9MW+VVrdWuAldBlNN1XjDnHdN4wV76ezxt,1.378197,2.8165709999999997,2.046821
646500,a/8GO8/ZUUTDICfLnP1TDAMR9AZchL9MW+VVrdWuAldBlNN1XjDnHdN4wV76ezxt,1.062559,3.557861,2.009435
646800,a/8GO8/ZUUTDICfLnP1TDAMR9AZchL9MW+VVrdWuAldBlNN1XjDnHdN4wV76ezxt,1.300498,4.415181,2.132246
647100,a/8GO8/ZUUTDICfLnP1TDAMR9AZchL9MW+VVrdWuAldBlNN1XjDnHdN4wV76ezxt,1.247863,2.986293,2.013072
647400,a/8GO8/ZUUTDICfLnP1TDAMR9AZchL9MW+VVrdWuAldBlNN1XjDnHdN4wV76ezxt,1.522494,2.5897330000000003,1.972747
647700,a/8GO8/ZUUTDICfLnP1TDAMR9AZchL9MW+VVrdWuAldBlNN1XjDnHdN4wV76ezxt,0.823102,3.599795,2.018832
648000,a/8GO8/ZUUTDICfLnP1TDAMR9AZchL9MW+VVrdWuAldBlNN1XjDnHdN4wV76ezxt,1.2449059999999998,3.5892160000000004,2.15181
648300,a/8GO8/ZUUTDICfLnP1TDAMR9AZchL9MW+VVrdWuAldBlNN1XjDnHdN4wV76ezxt,1.022706,3.539767,2.063026
648600,a/8GO8/ZUUTDICfLnP1TDAMR9AZchL9MW+VVrdWuAldBlNN1XjDnHdN4wV76ezxt,1.3849129999999998,5.3509839999999995,2.216803
648900,a/8GO8/ZUUTDICfLnP1TDAMR9AZchL9MW+VVrdWuAldBlNN1XjDnHdN4wV76ezxt,1.400874,3.6147419999999997,2.129065
649200,a/8GO8/ZUUTDICfLnP1TDAMR9AZchL9MW+VVrdWuAldBlNN1XjDnHdN4wV76ezxt,1.558458,2.455446,1.9580959999999998
649500,a/8GO8/ZUUTDICfLnP1TDAMR9AZchL9MW+VVrdWuAldBlNN1XjDnHdN4wV76ezxt,1.391405,4.196632,2.158025
649800,a/8GO8/ZUUTDICfLnP1TDAMR9AZchL9MW+VVrdWuAldBlNN1XjDnHdN4wV76ezxt,0.800647,2.652858,1.9275369999999998
650100,a/8GO8/ZUUTDICfLnP1TDAMR9AZchL9MW+VVrdWuAldBlNN1XjDnHdN4wV76ezxt,1.502399,2.4059,1.96278
650400,a/8GO8/ZUUTDICfLnP1TDAMR9AZchL9MW+VVrdWuAldBlNN1XjDnHdN4wV76ezxt,1.05979,3.664101,2.03199
650700,a/8GO8/ZUUTDICfLnP1TDAMR9AZchL9MW+VVrdWuAldBlNN1XjDnHdN4wV76ezxt,1.279087,2.976849,2.13495
651000,a/8GO8/ZUUTDICfLnP1TDAMR9AZchL9MW+VVrdWuAldBlNN1XjDnHdN4wV76ezxt,0.9812719999999999,2.507468,1.852164
651300,a/8GO8/ZUUTDICfLnP1TDAMR9AZchL9MW+VVrdWuAldBlNN1XjDnHdN4wV76ezxt,1.136017,3.9941910000000003,2.099355
651600,a/8GO8/ZUUTDICfLnP1TDAMR9AZchL9MW+VVrdWuAldBlNN1XjDnHdN4wV76ezxt,1.307447,4.075512000000001,2.1741900000000003
651900,a/8GO8/ZUUTDICfLnP1TDAMR9AZchL9MW+VVrdWuAldBlNN1XjDnHdN4wV76ezxt,0.6303,2.468728,1.8687939999999998
652200,a/8GO8/ZUUTDICfLnP1TDAMR9AZchL9MW+VVrdWuAldBlNN1XjDnHdN4wV76ezxt,1.3949770000000001,3.940618,2.263354
652500,a/8GO8/ZUUTDICfLnP1TDAMR9AZchL9MW+VVrdWuAldBlNN1XjDnHdN4wV76ezxt,0.774492,2.546691,1.9264689999999998
652800,a/8GO8/ZUUTDICfLnP1TDAMR9AZchL9MW+VVrdWuAldBlNN1XjDnHdN4wV76ezxt,1.375887,2.826967,1.992975
653100,a/8GO8/ZUUTDICfLnP1TDAMR9AZchL9MW+VVrdWuAldBlNN1XjDnHdN4wV76ezxt,0.641525,2.467794,1.883357
653400,a/8GO8/ZUUTDICfLnP1TDAMR9AZchL9MW+VVrdWuAldBlNN1XjDnHdN4wV76ezxt,1.251798,9.644775,2.963189
653700,a/8GO8/ZUUTDICfLnP1TDAMR9AZchL9MW+VVrdWuAldBlNN1XjDnHdN4wV76ezxt,1.3971069999999999,2.579238,1.9564549999999998
654000,a/8GO8/ZUUTDICfLnP1TDAMR9AZchL9MW+VVrdWuAldBlNN1XjDnHdN4wV76ezxt,1.241374,2.939803,2.02699
654300,a/8GO8/ZUUTDICfLnP1TDAMR9AZchL9MW+VVrdWuAldBlNN1XjDnHdN4wV76ezxt,1.315611,3.156073,2.1558900000000003
654600,a/8GO8/ZUUTDICfLnP1TDAMR9AZchL9MW+VVrdWuAldBlNN1XjDnHdN4wV76ezxt,1.220097,3.3228949999999995,1.9949599999999998
654900,a/8GO8/ZUUTDICfLnP1TDAMR9AZchL9MW+VVrdWuAldBlNN1XjDnHdN4wV76ezxt,1.322388,3.2345099999999998,2.1466939999999997
655200,a/8GO8/ZUUTDICfLnP1TDAMR9AZchL9MW+VVrdWuAldBlNN1XjDnHdN4wV76ezxt,1.343253,2.524234,1.934641
655500,a/8GO8/ZUUTDICfLnP1TDAMR9AZchL9MW+VVrdWuAldBlNN1XjDnHdN4wV76ezxt,1.43182,2.552941,1.969416
655800,a/8GO8/ZUUTDICfLnP1TDAMR9AZchL9MW+VVrdWuAldBlNN1XjDnHdN4wV76ezxt,0.595446,3.897367,2.043311
656100,a/8GO8/ZUUTDICfLnP1TDAMR9AZchL9MW+VVrdWuAldBlNN1XjDnHdN4wV76ezxt,1.269918,2.72553,2.041223
656400,a/8GO8/ZUUTDICfLnP1TDAMR9AZchL9MW+VVrdWuAldBlNN1XjDnHdN4wV76ezxt,0.773563,3.338284,1.992865
656700,a/8GO8/ZUUTDICfLnP1TDAMR9AZchL9MW+VVrdWuAldBlNN1XjDnHdN4wV76ezxt,1.12762,3.639869,2.1358650000000003
657000,a/8GO8/ZUUTDICfLnP1TDAMR9AZchL9MW+VVrdWuAldBlNN1XjDnHdN4wV76ezxt,1.355032,19.426561,3.5242370000000003
657300,a/8GO8/ZUUTDICfLnP1TDAMR9AZchL9MW+VVrdWuAldBlNN1XjDnHdN4wV76ezxt,0.818347,6.662746,2.3153740000000003
657600,a/8GO8/ZUUTDICfLnP1TDAMR9AZchL9MW+VVrdWuAldBlNN1XjDnHdN4wV76ezxt,1.424196,3.728561,2.144951
657900,a/8GO8/ZUUTDICfLnP1TDAMR9AZchL9MW+VVrdWuAldBlNN1XjDnHdN4wV76ezxt,1.316908,2.467372,1.97375
658200,a/8GO8/ZUUTDICfLnP1TDAMR9AZchL9MW+VVrdWuAldBlNN1XjDnHdN4wV76ezxt,1.532032,4.0029069999999995,2.1608549999999997
658500,a/8GO8/ZUUTDICfLnP1TDAMR9AZchL9MW+VVrdWuAldBlNN1XjDnHdN4wV76ezxt,1.230204,3.117391,2.017019
658800,a/8GO8/ZUUTDICfLnP1TDAMR9AZchL9MW+VVrdWuAldBlNN1XjDnHdN4wV76ezxt,1.400242,3.6680449999999998,2.149492
659100,a/8GO8/ZUUTDICfLnP1TDAMR9AZchL9MW+VVrdWuAldBlNN1XjDnHdN4wV76ezxt,1.4682790000000001,2.490434,1.955483
659400,a/8GO8/ZUUTDICfLnP1TDAMR9AZchL9MW+VVrdWuAldBlNN1XjDnHdN4wV76ezxt,1.302525,3.4379269999999997,2.155049
659700,a/8GO8/ZUUTDICfLnP1TDAMR9AZchL9MW+VVrdWuAldBlNN1XjDnHdN4wV76ezxt,1.1514879999999998,3.619197,2.147704
660000,a/8GO8/ZUUTDICfLnP1TDAMR9AZchL9MW+VVrdWuAldBlNN1XjDnHdN4wV76ezxt,1.1019219999999998,2.505615,1.882178
660300,a/8GO8/ZUUTDICfLnP1TDAMR9AZchL9MW+VVrdWuAldBlNN1XjDnHdN4wV76ezxt,1.3836629999999999,3.3379519999999996,2.234453
660600,a/8GO8/ZUUTDICfLnP1TDAMR9AZchL9MW+VVrdWuAldBlNN1XjDnHdN4wV76ezxt,1.185862,2.6159630000000003,1.959079
660900,a/8GO8/ZUUTDICfLnP1TDAMR9AZchL9MW+VVrdWuAldBlNN1XjDnHdN4wV76ezxt,1.4079,2.314152,1.958854
661200,a/8GO8/ZUUTDICfLnP1TDAMR9AZchL9MW+VVrdWuAldBlNN1XjDnHdN4wV76ezxt,0.893083,3.4355629999999997,2.029704
661500,a/8GO8/ZUUTDICfLnP1TDAMR9AZchL9MW+VVrdWuAldBlNN1XjDnHdN4wV76ezxt,1.325517,4.400657,2.1735599999999997
661800,a/8GO8/ZUUTDICfLnP1TDAMR9AZchL9MW+VVrdWuAldBlNN1XjDnHdN4wV76ezxt,1.241643,3.6693019999999996,2.05017
662100,a/8GO8/ZUUTDICfLnP1TDAMR9AZchL9MW+VVrdWuAldBlNN1XjDnHdN4wV76ezxt,0.696296,2.989984,1.9534349999999998
662400,a/8GO8/ZUUTDICfLnP1TDAMR9AZchL9MW+VVrdWuAldBlNN1XjDnHdN4wV76ezxt,1.287351,3.061836,2.017418
662700,a/8GO8/ZUUTDICfLnP1TDAMR9AZchL9MW+VVrdWuAldBlNN1XjDnHdN4wV76ezxt,0.953781,3.7425300000000004,2.028918
663000,a/8GO8/ZUUTDICfLnP1TDAMR9AZchL9MW+VVrdWuAldBlNN1XjDnHdN4wV76ezxt,1.158504,2.868132,2.042776
663300,a/8GO8/ZUUTDICfLnP1TDAMR9AZchL9MW+VVrdWuAldBlNN1XjDnHdN4wV76ezxt,1.093796,2.827446,2.0144029999999997
663600,a/8GO8/ZUUTDICfLnP1TDAMR9AZchL9MW+VVrdWuAldBlNN1XjDnHdN4wV76ezxt,1.395477,2.626177,1.979471
663900,a/8GO8/ZUUTDICfLnP1TDAMR9AZchL9MW+VVrdWuAldBlNN1XjDnHdN4wV76ezxt,0.8947809999999999,3.697779,2.2940080000000003
664200,a/8GO8/ZUUTDICfLnP1TDAMR9AZchL9MW+VVrdWuAldBlNN1XjDnHdN4wV76ezxt,1.3478370000000002,2.977939,2.037862
664500,a/8GO8/ZUUTDICfLnP1TDAMR9AZchL9MW+VVrdWuAldBlNN1XjDnHdN4wV76ezxt,1.278003,3.6989120000000004,2.096331
664800,a/8GO8/ZUUTDICfLnP1TDAMR9AZchL9MW+VVrdWuAldBlNN1XjDnHdN4wV76ezxt,1.32249,2.972902,1.936725
665100,a/8GO8/ZUUTDICfLnP1TDAMR9AZchL9MW+VVrdWuAldBlNN1XjDnHdN4wV76ezxt,1.300361,2.75379,2.024624
665400,a/8GO8/ZUUTDICfLnP1TDAMR9AZchL9MW+VVrdWuAldBlNN1XjDnHdN4wV76ezxt,0.672898,4.065658999999999,2.06337
665700,a/8GO8/ZUUTDICfLnP1TDAMR9AZchL9MW+VVrdWuAldBlNN1XjDnHdN4wV76ezxt,1.282146,2.975953,2.0151529999999998
666000,a/8GO8/ZUUTDICfLnP1TDAMR9AZchL9MW+VVrdWuAldBlNN1XjDnHdN4wV76ezxt,0.667438,2.7686580000000003,1.966072
666300,a/8GO8/ZUUTDICfLnP1TDAMR9AZchL9MW+VVrdWuAldBlNN1XjDnHdN4wV76ezxt,1.426879,2.577486,1.982963
666600,a/8GO8/ZUUTDICfLnP1TDAMR9AZchL9MW+VVrdWuAldBlNN1XjDnHdN4wV76ezxt,0.841076,4.148334999999999,2.266044
666900,a/8GO8/ZUUTDICfLnP1TDAMR9AZchL9MW+VVrdWuAldBlNN1XjDnHdN4wV76ezxt,1.280381,4.20969,2.1840509999999997
667200,a/8GO8/ZUUTDICfLnP1TDAMR9AZchL9MW+VVrdWuAldBlNN1XjDnHdN4wV76ezxt,1.0374290000000002,2.692543,1.909362
667500,a/8GO8/ZUUTDICfLnP1TDAMR9AZchL9MW+VVrdWuAldBlNN1XjDnHdN4wV76ezxt,1.298789,3.961146,2.202681
667800,a/8GO8/ZUUTDICfLnP1TDAMR9AZchL9MW+VVrdWuAldBlNN1XjDnHdN4wV76ezxt,1.3457540000000001,2.923356,2.136515
668100,a/8GO8/ZUUTDICfLnP1TDAMR9AZchL9MW+VVrdWuAldBlNN1XjDnHdN4wV76ezxt,0.971009,2.583327,1.916843
668400,a/8GO8/ZUUTDICfLnP1TDAMR9AZchL9MW+VVrdWuAldBlNN1XjDnHdN4wV76ezxt,1.34674,2.615783,2.0016979999999998
668700,a/8GO8/ZUUTDICfLnP1TDAMR9AZchL9MW+VVrdWuAldBlNN1XjDnHdN4wV76ezxt,0.75922,2.932084,1.9563869999999999
669000,a/8GO8/ZUUTDICfLnP1TDAMR9AZchL9MW+VVrdWuAldBlNN1XjDnHdN4wV76ezxt,1.31885,2.748364,1.9626150000000002
669300,a/8GO8/ZUUTDICfLnP1TDAMR9AZchL9MW+VVrdWuAldBlNN1XjDnHdN4wV76ezxt,1.294126,3.704017,2.1972650000000002
669600,a/8GO8/ZUUTDICfLnP1TDAMR9AZchL9MW+VVrdWuAldBlNN1XjDnHdN4wV76ezxt,1.361956,4.013317,2.158434
669900,a/8GO8/ZUUTDICfLnP1TDAMR9AZchL9MW+VVrdWuAldBlNN1XjDnHdN4wV76ezxt,1.334128,2.764078,1.9734740000000002
670200,a/8GO8/ZUUTDICfLnP1TDAMR9AZchL9MW+VVrdWuAldBlNN1XjDnHdN4wV76ezxt,1.400335,3.6277190000000004,2.144593
670500,a/8GO8/ZUUTDICfLnP1TDAMR9AZchL9MW+VVrdWuAldBlNN1XjDnHdN4wV76ezxt,0.606202,2.8550619999999998,1.976794
670800,a/8GO8/ZUUTDICfLnP1TDAMR9AZchL9MW+VVrdWuAldBlNN1XjDnHdN4wV76ezxt,0.621097,2.6857029999999997,1.8497700000000001
671100,a/8GO8/ZUUTDICfLnP1TDAMR9AZchL9MW+VVrdWuAldBlNN1XjDnHdN4wV76ezxt,1.340418,3.111093,2.183995
671400,a/8GO8/ZUUTDICfLnP1TDAMR9AZchL9MW+VVrdWuAldBlNN1XjDnHdN4wV76ezxt,0.592434,4.1531400000000005,2.090953
671700,a/8GO8/ZUUTDICfLnP1TDAMR9AZchL9MW+VVrdWuAldBlNN1XjDnHdN4wV76ezxt,1.485169,4.060618,2.1604389999999998
672000,a/8GO8/ZUUTDICfLnP1TDAMR9AZchL9MW+VVrdWuAldBlNN1XjDnHdN4wV76ezxt,0.808523,2.7477150000000004,1.9511630000000002
672300,a/8GO8/ZUUTDICfLnP1TDAMR9AZchL9MW+VVrdWuAldBlNN1XjDnHdN4wV76ezxt,1.351621,2.982681,2.0464580000000003
672600,a/8GO8/ZUUTDICfLnP1TDAMR9AZchL9MW+VVrdWuAldBlNN1XjDnHdN4wV76ezxt,0.858759,10.109088,2.9523759999999997
672900,a/8GO8/ZUUTDICfLnP1TDAMR9AZchL9MW+VVrdWuAldBlNN1XjDnHdN4wV76ezxt,1.310821,2.885147,2.002703
673200,a/8GO8/ZUUTDICfLnP1TDAMR9AZchL9MW+VVrdWuAldBlNN1XjDnHdN4wV76ezxt,1.071906,4.3058,2.109575
673500,a/8GO8/ZUUTDICfLnP1TDAMR9AZchL9MW+VVrdWuAldBlNN1XjDnHdN4wV76ezxt,1.2881610000000001,2.501619,1.979154
673800,a/8GO8/ZUUTDICfLnP1TDAMR9AZchL9MW+VVrdWuAldBlNN1XjDnHdN4wV76ezxt,1.277142,3.5191760000000003,2.142316
674100,a/8GO8/ZUUTDICfLnP1TDAMR9AZchL9MW+VVrdWuAldBlNN1XjDnHdN4wV76ezxt,0.6718609999999999,2.6699610000000003,1.996125
674400,a/8GO8/ZUUTDICfLnP1TDAMR9AZchL9MW+VVrdWuAldBlNN1XjDnHdN4wV76ezxt,1.443307,3.913643,2.104683
674700,a/8GO8/ZUUTDICfLnP1TDAMR9AZchL9MW+VVrdWuAldBlNN1XjDnHdN4wV76ezxt,0.614341,2.720137,2.005298
675000,a/8GO8/ZUUTDICfLnP1TDAMR9AZchL9MW+VVrdWuAldBlNN1XjDnHdN4wV76ezxt,1.340079,3.744676,2.180848
675300,a/8GO8/ZUUTDICfLnP1TDAMR9AZchL9MW+VVrdWuAldBlNN1XjDnHdN4wV76ezxt,1.136991,2.549309,1.9568009999999998
675600,a/8GO8/ZUUTDICfLnP1TDAMR9AZchL9MW+VVrdWuAldBlNN1XjDnHdN4wV76ezxt,1.366542,3.8562849999999997,2.1530110000000002
675900,a/8GO8/ZUUTDICfLnP1TDAMR9AZchL9MW+VVrdWuAldBlNN1XjDnHdN4wV76ezxt,0.836015,4.202369,2.176161
676200,a/8GO8/ZUUTDICfLnP1TDAMR9AZchL9MW+VVrdWuAldBlNN1XjDnHdN4wV76ezxt,1.641029,3.3834190000000004,2.218448
676500,a/8GO8/ZUUTDICfLnP1TDAMR9AZchL9MW+VVrdWuAldBlNN1XjDnHdN4wV76ezxt,1.465319,2.7969310000000003,2.037341
676800,a/8GO8/ZUUTDICfLnP1TDAMR9AZchL9MW+VVrdWuAldBlNN1XjDnHdN4wV76ezxt,0.874175,2.472226,1.992505
677100,a/8GO8/ZUUTDICfLnP1TDAMR9AZchL9MW+VVrdWuAldBlNN1XjDnHdN4wV76ezxt,1.387851,3.560665,2.167814
677400,a/8GO8/ZUUTDICfLnP1TDAMR9AZchL9MW+VVrdWuAldBlNN1XjDnHdN4wV76ezxt,0.715902,2.651829,2.016858
677700,a/8GO8/ZUUTDICfLnP1TDAMR9AZchL9MW+VVrdWuAldBlNN1XjDnHdN4wV76ezxt,1.5352430000000001,3.6946339999999998,2.109436
678000,a/8GO8/ZUUTDICfLnP1TDAMR9AZchL9MW+VVrdWuAldBlNN1XjDnHdN4wV76ezxt,1.49169,3.380575,2.120192
678300,a/8GO8/ZUUTDICfLnP1TDAMR9AZchL9MW+VVrdWuAldBlNN1XjDnHdN4wV76ezxt,1.578989,4.117941,2.22362
678600,a/8GO8/ZUUTDICfLnP1TDAMR9AZchL9MW+VVrdWuAldBlNN1XjDnHdN4wV76ezxt,1.301541,3.9200239999999997,2.111811
678900,a/8GO8/ZUUTDICfLnP1TDAMR9AZchL9MW+VVrdWuAldBlNN1XjDnHdN4wV76ezxt,1.508241,2.682344,2.0631630000000003
679200,a/8GO8/ZUUTDICfLnP1TDAMR9AZchL9MW+VVrdWuAldBlNN1XjDnHdN4wV76ezxt,1.422145,2.834589,2.006241
679500,a/8GO8/ZUUTDICfLnP1TDAMR9AZchL9MW+VVrdWuAldBlNN1XjDnHdN4wV76ezxt,1.3550870000000002,2.413025,1.9878200000000001
679800,a/8GO8/ZUUTDICfLnP1TDAMR9AZchL9MW+VVrdWuAldBlNN1XjDnHdN4wV76ezxt,1.495781,2.531056,2.046075
680100,a/8GO8/ZUUTDICfLnP1TDAMR9AZchL9MW+VVrdWuAldBlNN1XjDnHdN4wV76ezxt,1.301604,2.623036,2.036393
680400,a/8GO8/ZUUTDICfLnP1TDAMR9AZchL9MW+VVrdWuAldBlNN1XjDnHdN4wV76ezxt,1.339392,3.3202309999999997,2.143401
680700,a/8GO8/ZUUTDICfLnP1TDAMR9AZchL9MW+VVrdWuAldBlNN1XjDnHdN4wV76ezxt,1.296893,3.288306,2.1243220000000003
681000,a/8GO8/ZUUTDICfLnP1TDAMR9AZchL9MW+VVrdWuAldBlNN1XjDnHdN4wV76ezxt,1.4682309999999998,3.527914,2.207189
681300,a/8GO8/ZUUTDICfLnP1TDAMR9AZchL9MW+VVrdWuAldBlNN1XjDnHdN4wV76ezxt,1.388836,3.8197699999999997,2.14581
681600,a/8GO8/ZUUTDICfLnP1TDAMR9AZchL9MW+VVrdWuAldBlNN1XjDnHdN4wV76ezxt,1.34369,3.6851019999999997,2.1735
681900,a/8GO8/ZUUTDICfLnP1TDAMR9AZchL9MW+VVrdWuAldBlNN1XjDnHdN4wV76ezxt,1.438328,2.557125,2.056838
682200,a/8GO8/ZUUTDICfLnP1TDAMR9AZchL9MW+VVrdWuAldBlNN1XjDnHdN4wV76ezxt,0.786233,7.788869999999999,2.42739
682500,a/8GO8/ZUUTDICfLnP1TDAMR9AZchL9MW+VVrdWuAldBlNN1XjDnHdN4wV76ezxt,1.499064,5.781536,2.383986
682800,a/8GO8/ZUUTDICfLnP1TDAMR9AZchL9MW+VVrdWuAldBlNN1XjDnHdN4wV76ezxt,1.209184,3.0211740000000002,2.09673
683100,a/8GO8/ZUUTDICfLnP1TDAMR9AZchL9MW+VVrdWuAldBlNN1XjDnHdN4wV76ezxt,1.379081,3.533956,2.1404389999999998
683400,a/8GO8/ZUUTDICfLnP1TDAMR9AZchL9MW+VVrdWuAldBlNN1XjDnHdN4wV76ezxt,0.9841200000000001,2.499123,1.948025
683700,a/8GO8/ZUUTDICfLnP1TDAMR9AZchL9MW+VVrdWuAldBlNN1XjDnHdN4wV76ezxt,1.328188,2.6717400000000002,2.0294630000000002
684000,a/8GO8/ZUUTDICfLnP1TDAMR9AZchL9MW+VVrdWuAldBlNN1XjDnHdN4wV76ezxt,0.801978,3.9489349999999996,2.192151
684300,a/8GO8/ZUUTDICfLnP1TDAMR9AZchL9MW+VVrdWuAldBlNN1XjDnHdN4wV76ezxt,1.4021290000000002,2.766202,2.048206
684600,a/8GO8/ZUUTDICfLnP1TDAMR9AZchL9MW+VVrdWuAldBlNN1XjDnHdN4wV76ezxt,1.447808,3.449654,2.162451
684900,a/8GO8/ZUUTDICfLnP1TDAMR9AZchL9MW+VVrdWuAldBlNN1XjDnHdN4wV76ezxt,0.9968239999999999,2.542728,2.0167610000000002
685200,a/8GO8/ZUUTDICfLnP1TDAMR9AZchL9MW+VVrdWuAldBlNN1XjDnHdN4wV76ezxt,1.449937,4.138552,2.18435
685500,a/8GO8/ZUUTDICfLnP1TDAMR9AZchL9MW+VVrdWuAldBlNN1XjDnHdN4wV76ezxt,0.826046,2.626232,2.017968
685800,a/8GO8/ZUUTDICfLnP1TDAMR9AZchL9MW+VVrdWuAldBlNN1XjDnHdN4wV76ezxt,1.300108,2.568366,1.992819
686100,a/8GO8/ZUUTDICfLnP1TDAMR9AZchL9MW+VVrdWuAldBlNN1XjDnHdN4wV76ezxt,1.482904,4.147111,2.135113
686400,a/8GO8/ZUUTDICfLnP1TDAMR9AZchL9MW+VVrdWuAldBlNN1XjDnHdN4wV76ezxt,1.30074,3.789766,2.155735
686700,a/8GO8/ZUUTDICfLnP1TDAMR9AZchL9MW+VVrdWuAldBlNN1XjDnHdN4wV76ezxt,0.980324,3.7340269999999998,2.06383
687000,a/8GO8/ZUUTDICfLnP1TDAMR9AZchL9MW+VVrdWuAldBlNN1XjDnHdN4wV76ezxt,1.0964639999999999,2.814114,2.056844
687300,a/8GO8/ZUUTDICfLnP1TDAMR9AZchL9MW+VVrdWuAldBlNN1XjDnHdN4wV76ezxt,1.29146,3.9451089999999995,2.170117
687600,a/8GO8/ZUUTDICfLnP1TDAMR9AZchL9MW+VVrdWuAldBlNN1XjDnHdN4wV76ezxt,1.0053159999999999,2.860851,2.037558
687900,a/8GO8/ZUUTDICfLnP1TDAMR9AZchL9MW+VVrdWuAldBlNN1XjDnHdN4wV76ezxt,1.325861,3.586328,2.1596029999999997
688200,a/8GO8/ZUUTDICfLnP1TDAMR9AZchL9MW+VVrdWuAldBlNN1XjDnHdN4wV76ezxt,1.199262,3.4115620000000004,2.107952
688500,a/8GO8/ZUUTDICfLnP1TDAMR9AZchL9MW+VVrdWuAldBlNN1XjDnHdN4wV76ezxt,1.221814,2.627456,2.046775
688800,a/8GO8/ZUUTDICfLnP1TDAMR9AZchL9MW+VVrdWuAldBlNN1XjDnHdN4wV76ezxt,1.461913,4.191317,2.199239
689100,a/8GO8/ZUUTDICfLnP1TDAMR9AZchL9MW+VVrdWuAldBlNN1XjDnHdN4wV76ezxt,1.154603,3.006149,2.023957
689400,a/8GO8/ZUUTDICfLnP1TDAMR9AZchL9MW+VVrdWuAldBlNN1XjDnHdN4wV76ezxt,1.4546430000000001,4.1834620000000005,2.277042
689700,a/8GO8/ZUUTDICfLnP1TDAMR9AZchL9MW+VVrdWuAldBlNN1XjDnHdN4wV76ezxt,1.397569,3.064337,2.081162
690000,a/8GO8/ZUUTDICfLnP1TDAMR9AZchL9MW+VVrdWuAldBlNN1XjDnHdN4wV76ezxt,1.26752,4.042408999999999,2.184829
690300,a/8GO8/ZUUTDICfLnP1TDAMR9AZchL9MW+VVrdWuAldBlNN1XjDnHdN4wV76ezxt,1.328164,2.700285,2.0013080000000003
690600,a/8GO8/ZUUTDICfLnP1TDAMR9AZchL9MW+VVrdWuAldBlNN1XjDnHdN4wV76ezxt,1.362919,3.172374,2.00973
690900,a/8GO8/ZUUTDICfLnP1TDAMR9AZchL9MW+VVrdWuAldBlNN1XjDnHdN4wV76ezxt,1.34588,2.932573,2.171407
